sample_design,ticker,fiscal_year_t,target_year,predictor_row_key_t,dataset_split,temporal_folds,pair_cutoff_date,required_window_retrieval_start,required_window_end_max_strictly_before_cutoff,equity_return_window,realized_volatility,amihud_illiquidity,missing_price_day_count,zero_traded_value_day_count,usable_daily_return_count,usable_amihud_day_count,m2_value_status
main_rule_a_primary,بموتو,1392,1393,بموتو|1392,development,fold1_train;fold2_train,2014-01-20,2012-12-20,2014-01-19,,,,,,,,UNRESOLVED_NO_OBSERVATION_RETRIEVED
main_rule_a_primary,ثنوسا,1392,1393,ثنوسا|1392,development,fold1_train;fold2_train,2014-01-20,2012-12-20,2014-01-19,,,,,,,,UNRESOLVED_NO_OBSERVATION_RETRIEVED
main_rule_a_primary,حپترو,1392,1393,حپترو|1392,development,fold1_train;fold2_train,2014-07-20,2013-06-19,2014-07-19,,,,,,,,UNRESOLVED_NO_OBSERVATION_RETRIEVED
main_rule_a_primary,حکشتی,1392,1393,حکشتی|1392,development,fold1_train;fold2_train,2013-10-22,2012-09-21,2013-10-21,,,,,,,,UNRESOLVED_NO_OBSERVATION_RETRIEVED
main_rule_a_primary,خاذین,1392,1393,خاذین|1392,development,fold1_train;fold2_train,2014-07-20,2013-06-19,2014-07-19,,,,,,,,UNRESOLVED_NO_OBSERVATION_RETRIEVED
main_rule_a_primary,خبهمن,1392,1393,خبهمن|1392,development,fold1_train;fold2_train,2014-07-20,2013-06-19,2014-07-19,,,,,,,,UNRESOLVED_NO_OBSERVATION_RETRIEVED
main_rule_a_primary,ختوقا,1392,1393,ختوقا|1392,development,fold1_train;fold2_train,2014-07-20,2013-06-19,2014-07-19,,,,,,,,UNRESOLVED_NO_OBSERVATION_RETRIEVED
main_rule_a_primary,خرینگ,1392,1393,خرینگ|1392,development,fold1_train;fold2_train,2014-07-20,2013-06-19,2014-07-19,,,,,,,,UNRESOLVED_NO_OBSERVATION_RETRIEVED
main_rule_a_primary,خمحور,1392,1393,خمحور|1392,development,fold1_train;fold2_train,2014-07-20,2013-06-19,2014-07-19,,,,,,,,UNRESOLVED_NO_OBSERVATION_RETRIEVED
main_rule_a_primary,خمهر,1392,1393,خمهر|1392,development,fold1_train;fold2_train,2014-07-20,2013-06-19,2014-07-19,,,,,,,,UNRESOLVED_NO_OBSERVATION_RETRIEVED
main_rule_a_primary,خنصیر,1392,1393,خنصیر|1392,development,fold1_train;fold2_train,2014-07-20,2013-06-19,2014-07-19,,,,,,,,UNRESOLVED_NO_OBSERVATION_RETRIEVED
main_rule_a_primary,خوساز,1392,1393,خوساز|1392,development,fold1_train;fold2_train,2014-07-20,2013-06-19,2014-07-19,,,,,,,,UNRESOLVED_NO_OBSERVATION_RETRIEVED
main_rule_a_primary,خچرخش,1392,1393,خچرخش|1392,development,fold1_train;fold2_train,2014-07-20,2013-06-19,2014-07-19,,,,,,,,UNRESOLVED_NO_OBSERVATION_RETRIEVED
main_rule_a_primary,خکمک,1392,1393,خکمک|1392,development,fold1_train;fold2_train,2014-07-20,2013-06-19,2014-07-19,,,,,,,,UNRESOLVED_NO_OBSERVATION_RETRIEVED
main_rule_a_primary,دروز,1392,1393,دروز|1392,development,fold1_train;fold2_train,2014-07-20,2013-06-19,2014-07-19,,,,,,,,UNRESOLVED_NO_OBSERVATION_RETRIEVED
main_rule_a_primary,دسبحا,1392,1393,دسبحا|1392,development,fold1_train;fold2_train,2014-07-20,2013-06-19,2014-07-19,,,,,,,,UNRESOLVED_NO_OBSERVATION_RETRIEVED
main_rule_a_primary,دیران,1392,1393,دیران|1392,development,fold1_train;fold2_train,2014-07-20,2013-06-19,2014-07-19,,,,,,,,UNRESOLVED_NO_OBSERVATION_RETRIEVED
main_rule_a_primary,رانفور,1392,1393,رانفور|1392,development,fold1_train;fold2_train,2014-07-20,2013-06-19,2014-07-19,,,,,,,,UNRESOLVED_NO_OBSERVATION_RETRIEVED
main_rule_a_primary,زمگسا,1392,1393,زمگسا|1392,development,fold1_train;fold2_train,2014-07-20,2013-06-19,2014-07-19,,,,,,,,UNRESOLVED_NO_OBSERVATION_RETRIEVED
main_rule_a_primary,ساراب,1392,1393,ساراب|1392,development,fold1_train;fold2_train,2014-07-20,2013-06-19,2014-07-19,,,,,,,,UNRESOLVED_NO_OBSERVATION_RETRIEVED
main_rule_a_primary,سبهان,1392,1393,سبهان|1392,development,fold1_train;fold2_train,2014-07-20,2013-06-19,2014-07-19,,,,,,,,UNRESOLVED_NO_OBSERVATION_RETRIEVED
main_rule_a_primary,سخزر,1392,1393,سخزر|1392,development,fold1_train;fold2_train,2014-07-20,2013-06-19,2014-07-19,,,,,,,,UNRESOLVED_NO_OBSERVATION_RETRIEVED
main_rule_a_primary,سدشت,1392,1393,سدشت|1392,development,fold1_train;fold2_train,2014-01-20,2012-12-20,2014-01-19,,,,,,,,UNRESOLVED_NO_OBSERVATION_RETRIEVED
main_rule_a_primary,سدور,1392,1393,سدور|1392,development,fold1_train;fold2_train,2014-07-20,2013-06-19,2014-07-19,,,,,,,,UNRESOLVED_NO_OBSERVATION_RETRIEVED
main_rule_a_primary,سرود,1392,1393,سرود|1392,development,fold1_train;fold2_train,2014-07-20,2013-06-19,2014-07-19,,,,,,,,UNRESOLVED_NO_OBSERVATION_RETRIEVED
main_rule_a_primary,سشرق,1392,1393,سشرق|1392,development,fold1_train;fold2_train,2014-01-20,2012-12-20,2014-01-19,,,,,,,,UNRESOLVED_NO_OBSERVATION_RETRIEVED
main_rule_a_primary,سقاین,1392,1393,سقاین|1392,development,fold1_train;fold2_train,2014-07-20,2013-06-19,2014-07-19,,,,,,,,UNRESOLVED_NO_OBSERVATION_RETRIEVED
main_rule_a_primary,سمازن,1392,1393,سمازن|1392,development,fold1_train;fold2_train,2014-07-20,2013-06-19,2014-07-19,,,,,,,,UNRESOLVED_NO_OBSERVATION_RETRIEVED
main_rule_a_primary,سهگمت,1392,1393,سهگمت|1392,development,fold1_train;fold2_train,2014-05-20,2013-04-19,2014-05-19,,,,,,,,UNRESOLVED_NO_OBSERVATION_RETRIEVED
main_rule_a_primary,سپاها,1392,1393,سپاها|1392,development,fold1_train;fold2_train,2014-01-20,2012-12-20,2014-01-19,,,,,,,,UNRESOLVED_NO_OBSERVATION_RETRIEVED
main_rule_a_primary,سکرد,1392,1393,سکرد|1392,development,fold1_train;fold2_train,2014-01-20,2012-12-20,2014-01-19,,,,,,,,UNRESOLVED_NO_OBSERVATION_RETRIEVED
main_rule_a_primary,سیلام,1392,1393,سیلام|1392,development,fold1_train;fold2_train,2014-05-20,2013-04-19,2014-05-19,,,,,,,,UNRESOLVED_NO_OBSERVATION_RETRIEVED
main_rule_a_primary,غبهنوش,1392,1393,غبهنوش|1392,development,fold1_train;fold2_train,2014-07-20,2013-06-19,2014-07-19,,,,,,,,UNRESOLVED_NO_OBSERVATION_RETRIEVED
main_rule_a_primary,غدام,1392,1393,غدام|1392,development,fold1_train;fold2_train,2014-04-19,2013-03-19,2014-04-18,,,,,,,,UNRESOLVED_NO_OBSERVATION_RETRIEVED
main_rule_a_primary,غسالم,1392,1393,غسالم|1392,development,fold1_train;fold2_train,2014-07-20,2013-06-19,2014-07-19,,,,,,,,UNRESOLVED_NO_OBSERVATION_RETRIEVED
main_rule_a_primary,غشان,1392,1393,غشان|1392,development,fold1_train;fold2_train,2014-07-20,2013-06-19,2014-07-19,,,,,,,,UNRESOLVED_NO_OBSERVATION_RETRIEVED
main_rule_a_primary,غشهد,1392,1393,غشهد|1392,development,fold1_train;fold2_train,2014-07-20,2013-06-19,2014-07-19,,,,,,,,UNRESOLVED_NO_OBSERVATION_RETRIEVED
main_rule_a_primary,غنوش,1392,1393,غنوش|1392,development,fold1_train;fold2_train,2014-07-20,2013-06-19,2014-07-19,,,,,,,,UNRESOLVED_NO_OBSERVATION_RETRIEVED
main_rule_a_primary,غگل,1392,1393,غگل|1392,development,fold1_train;fold2_train,2014-01-20,2012-12-20,2014-01-19,,,,,,,,UNRESOLVED_NO_OBSERVATION_RETRIEVED
main_rule_a_primary,کبافق,1392,1393,کبافق|1392,development,fold1_train;fold2_train,2014-07-20,2013-06-19,2014-07-19,,,,,,,,UNRESOLVED_NO_OBSERVATION_RETRIEVED
main_rule_a_primary,کرازی,1392,1393,کرازی|1392,development,fold1_train;fold2_train,2014-07-20,2013-06-19,2014-07-19,,,,,,,,UNRESOLVED_NO_OBSERVATION_RETRIEVED
main_rule_a_primary,کفرا,1392,1393,کفرا|1392,development,fold1_train;fold2_train,2014-07-20,2013-06-19,2014-07-19,,,,,,,,UNRESOLVED_NO_OBSERVATION_RETRIEVED
main_rule_a_primary,کفپارس,1392,1393,کفپارس|1392,development,fold1_train;fold2_train,2014-04-19,2013-03-19,2014-04-18,,,,,,,,UNRESOLVED_NO_OBSERVATION_RETRIEVED
main_rule_a_primary,کهمدا,1392,1393,کهمدا|1392,development,fold1_train;fold2_train,2013-10-22,2012-09-21,2013-10-21,,,,,,,,UNRESOLVED_NO_OBSERVATION_RETRIEVED
main_rule_a_primary,کگاز,1392,1393,کگاز|1392,development,fold1_train;fold2_train,2014-07-20,2013-06-19,2014-07-19,,,,,,,,UNRESOLVED_NO_OBSERVATION_RETRIEVED
main_rule_a_primary,کگل,1392,1393,کگل|1392,development,fold1_train;fold2_train,2014-07-20,2013-06-19,2014-07-19,,,,,,,,UNRESOLVED_NO_OBSERVATION_RETRIEVED
main_rule_a_primary,بالبر,1393,1394,بالبر|1393,development,fold1_train;fold2_train,2015-01-20,2013-12-20,2015-01-19,,,,,,,,UNRESOLVED_NO_OBSERVATION_RETRIEVED
main_rule_a_primary,بترانس,1393,1394,بترانس|1393,development,fold1_train;fold2_train,2015-07-20,2014-06-19,2015-07-19,,,,,,,,UNRESOLVED_NO_OBSERVATION_RETRIEVED
main_rule_a_primary,بموتو,1393,1394,بموتو|1393,development,fold1_train;fold2_train,2015-01-20,2013-12-20,2015-01-19,,,,,,,,UNRESOLVED_NO_OBSERVATION_RETRIEVED
main_rule_a_primary,بکاب,1393,1394,بکاب|1393,development,fold1_train;fold2_train,2015-01-20,2013-12-20,2015-01-19,,,,,,,,UNRESOLVED_NO_OBSERVATION_RETRIEVED
main_rule_a_primary,بکام,1393,1394,بکام|1393,development,fold1_train;fold2_train,2015-07-20,2014-06-19,2015-07-19,,,,,,,,UNRESOLVED_NO_OBSERVATION_RETRIEVED
main_rule_a_primary,تپمپی,1393,1394,تپمپی|1393,development,fold1_train;fold2_train,2014-10-22,2013-09-21,2014-10-21,,,,,,,,UNRESOLVED_NO_OBSERVATION_RETRIEVED
main_rule_a_primary,تکمبا,1393,1394,تکمبا|1393,development,fold1_train;fold2_train,2015-07-20,2014-06-19,2015-07-19,,,,,,,,UNRESOLVED_NO_OBSERVATION_RETRIEVED
main_rule_a_primary,ثشرق,1393,1394,ثشرق|1393,development,fold1_train;fold2_train,2015-01-20,2013-12-20,2015-01-19,,,,,,,,UNRESOLVED_NO_OBSERVATION_RETRIEVED
main_rule_a_primary,ثنوسا,1393,1394,ثنوسا|1393,development,fold1_train;fold2_train,2015-01-20,2013-12-20,2015-01-19,,,,,,,,UNRESOLVED_NO_OBSERVATION_RETRIEVED
main_rule_a_primary,حپترو,1393,1394,حپترو|1393,development,fold1_train;fold2_train,2015-07-20,2014-06-19,2015-07-19,,,,,,,,UNRESOLVED_NO_OBSERVATION_RETRIEVED
main_rule_a_primary,حکشتی,1393,1394,حکشتی|1393,development,fold1_train;fold2_train,2014-10-22,2013-09-21,2014-10-21,,,,,,,,UNRESOLVED_NO_OBSERVATION_RETRIEVED
main_rule_a_primary,خاذین,1393,1394,خاذین|1393,development,fold1_train;fold2_train,2015-07-20,2014-06-19,2015-07-19,,,,,,,,UNRESOLVED_NO_OBSERVATION_RETRIEVED
main_rule_a_primary,خبهمن,1393,1394,خبهمن|1393,development,fold1_train;fold2_train,2015-07-20,2014-06-19,2015-07-19,,,,,,,,UNRESOLVED_NO_OBSERVATION_RETRIEVED
main_rule_a_primary,ختوقا,1393,1394,ختوقا|1393,development,fold1_train;fold2_train,2015-07-20,2014-06-19,2015-07-19,,,,,,,,UNRESOLVED_NO_OBSERVATION_RETRIEVED
main_rule_a_primary,خرینگ,1393,1394,خرینگ|1393,development,fold1_train;fold2_train,2015-07-20,2014-06-19,2015-07-19,,,,,,,,UNRESOLVED_NO_OBSERVATION_RETRIEVED
main_rule_a_primary,خمحور,1393,1394,خمحور|1393,development,fold1_train;fold2_train,2015-07-20,2014-06-19,2015-07-19,,,,,,,,UNRESOLVED_NO_OBSERVATION_RETRIEVED
main_rule_a_primary,خمهر,1393,1394,خمهر|1393,development,fold1_train;fold2_train,2015-07-20,2014-06-19,2015-07-19,,,,,,,,UNRESOLVED_NO_OBSERVATION_RETRIEVED
main_rule_a_primary,خنصیر,1393,1394,خنصیر|1393,development,fold1_train;fold2_train,2015-07-20,2014-06-19,2015-07-19,,,,,,,,UNRESOLVED_NO_OBSERVATION_RETRIEVED
main_rule_a_primary,خوساز,1393,1394,خوساز|1393,development,fold1_train;fold2_train,2015-07-20,2014-06-19,2015-07-19,,,,,,,,UNRESOLVED_NO_OBSERVATION_RETRIEVED
main_rule_a_primary,خچرخش,1393,1394,خچرخش|1393,development,fold1_train;fold2_train,2015-07-20,2014-06-19,2015-07-19,,,,,,,,UNRESOLVED_NO_OBSERVATION_RETRIEVED
main_rule_a_primary,خکمک,1393,1394,خکمک|1393,development,fold1_train;fold2_train,2015-07-20,2014-06-19,2015-07-19,,,,,,,,UNRESOLVED_NO_OBSERVATION_RETRIEVED
main_rule_a_primary,ددام,1393,1394,ددام|1393,development,fold1_train;fold2_train,2015-07-20,2014-06-19,2015-07-19,,,,,,,,UNRESOLVED_NO_OBSERVATION_RETRIEVED
main_rule_a_primary,دروز,1393,1394,دروز|1393,development,fold1_train;fold2_train,2015-07-20,2014-06-19,2015-07-19,,,,,,,,UNRESOLVED_NO_OBSERVATION_RETRIEVED
main_rule_a_primary,دسبحا,1393,1394,دسبحا|1393,development,fold1_train;fold2_train,2015-07-20,2014-06-19,2015-07-19,,,,,,,,UNRESOLVED_NO_OBSERVATION_RETRIEVED
main_rule_a_primary,دسینا,1393,1394,دسینا|1393,development,fold1_train;fold2_train,2015-07-20,2014-06-19,2015-07-19,,,,,,,,UNRESOLVED_NO_OBSERVATION_RETRIEVED
main_rule_a_primary,دشیمی,1393,1394,دشیمی|1393,development,fold1_train;fold2_train,2015-07-20,2014-06-19,2015-07-19,,,,,,,,UNRESOLVED_NO_OBSERVATION_RETRIEVED
main_rule_a_primary,دیران,1393,1394,دیران|1393,development,fold1_train;fold2_train,2015-07-20,2014-06-19,2015-07-19,,,,,,,,UNRESOLVED_NO_OBSERVATION_RETRIEVED
main_rule_a_primary,رانفور,1393,1394,رانفور|1393,development,fold1_train;fold2_train,2015-07-20,2014-06-19,2015-07-19,,,,,,,,UNRESOLVED_NO_OBSERVATION_RETRIEVED
main_rule_a_primary,زمگسا,1393,1394,زمگسا|1393,development,fold1_train;fold2_train,2015-07-20,2014-06-19,2015-07-19,,,,,,,,UNRESOLVED_NO_OBSERVATION_RETRIEVED
main_rule_a_primary,ساراب,1393,1394,ساراب|1393,development,fold1_train;fold2_train,2015-07-20,2014-06-19,2015-07-19,,,,,,,,UNRESOLVED_NO_OBSERVATION_RETRIEVED
main_rule_a_primary,ساربیل,1393,1394,ساربیل|1393,development,fold1_train;fold2_train,2015-04-19,2014-03-19,2015-04-18,,,,,,,,UNRESOLVED_NO_OBSERVATION_RETRIEVED
main_rule_a_primary,ساروم,1393,1394,ساروم|1393,development,fold1_train;fold2_train,2015-07-20,2014-06-19,2015-07-19,,,,,,,,UNRESOLVED_NO_OBSERVATION_RETRIEVED
main_rule_a_primary,سبجنو,1393,1394,سبجنو|1393,development,fold1_train;fold2_train,2015-07-20,2014-06-19,2015-07-19,,,,,,,,UNRESOLVED_NO_OBSERVATION_RETRIEVED
main_rule_a_primary,سبهان,1393,1394,سبهان|1393,development,fold1_train;fold2_train,2015-07-20,2014-06-19,2015-07-19,,,,,,,,UNRESOLVED_NO_OBSERVATION_RETRIEVED
main_rule_a_primary,ستران,1393,1394,ستران|1393,development,fold1_train;fold2_train,2015-07-20,2014-06-19,2015-07-19,,,,,,,,UNRESOLVED_NO_OBSERVATION_RETRIEVED
main_rule_a_primary,سخاش,1393,1394,سخاش|1393,development,fold1_train;fold2_train,2015-07-20,2014-06-19,2015-07-19,,,,,,,,UNRESOLVED_NO_OBSERVATION_RETRIEVED
main_rule_a_primary,سخزر,1393,1394,سخزر|1393,development,fold1_train;fold2_train,2015-07-20,2014-06-19,2015-07-19,,,,,,,,UNRESOLVED_NO_OBSERVATION_RETRIEVED
main_rule_a_primary,سدشت,1393,1394,سدشت|1393,development,fold1_train;fold2_train,2015-01-20,2013-12-20,2015-01-19,,,,,,,,UNRESOLVED_NO_OBSERVATION_RETRIEVED
main_rule_a_primary,سدور,1393,1394,سدور|1393,development,fold1_train;fold2_train,2015-07-20,2014-06-19,2015-07-19,,,,,,,,UNRESOLVED_NO_OBSERVATION_RETRIEVED
main_rule_a_primary,سرود,1393,1394,سرود|1393,development,fold1_train;fold2_train,2015-07-20,2014-06-19,2015-07-19,,,,,,,,UNRESOLVED_NO_OBSERVATION_RETRIEVED
main_rule_a_primary,سشرق,1393,1394,سشرق|1393,development,fold1_train;fold2_train,2015-01-20,2013-12-20,2015-01-19,,,,,,,,UNRESOLVED_NO_OBSERVATION_RETRIEVED
main_rule_a_primary,سصفها,1393,1394,سصفها|1393,development,fold1_train;fold2_train,2015-07-20,2014-06-19,2015-07-19,,,,,,,,UNRESOLVED_NO_OBSERVATION_RETRIEVED
main_rule_a_primary,سغرب,1393,1394,سغرب|1393,development,fold1_train;fold2_train,2015-07-20,2014-06-19,2015-07-19,,,,,,,,UNRESOLVED_NO_OBSERVATION_RETRIEVED
main_rule_a_primary,سقاین,1393,1394,سقاین|1393,development,fold1_train;fold2_train,2015-07-20,2014-06-19,2015-07-19,,,,,,,,UNRESOLVED_NO_OBSERVATION_RETRIEVED
main_rule_a_primary,سمازن,1393,1394,سمازن|1393,development,fold1_train;fold2_train,2015-07-20,2014-06-19,2015-07-19,,,,,,,,UNRESOLVED_NO_OBSERVATION_RETRIEVED
main_rule_a_primary,سنیر,1393,1394,سنیر|1393,development,fold1_train;fold2_train,2015-07-20,2014-06-19,2015-07-19,,,,,,,,UNRESOLVED_NO_OBSERVATION_RETRIEVED
main_rule_a_primary,سهگمت,1393,1394,سهگمت|1393,development,fold1_train;fold2_train,2015-05-20,2014-04-19,2015-05-19,,,,,,,,UNRESOLVED_NO_OBSERVATION_RETRIEVED
main_rule_a_primary,سپاها,1393,1394,سپاها|1393,development,fold1_train;fold2_train,2015-01-20,2013-12-20,2015-01-19,,,,,,,,UNRESOLVED_NO_OBSERVATION_RETRIEVED
main_rule_a_primary,سکرد,1393,1394,سکرد|1393,development,fold1_train;fold2_train,2015-01-20,2013-12-20,2015-01-19,,,,,,,,UNRESOLVED_NO_OBSERVATION_RETRIEVED
main_rule_a_primary,سیلام,1393,1394,سیلام|1393,development,fold1_train;fold2_train,2015-05-20,2014-04-19,2015-05-19,,,,,,,,UNRESOLVED_NO_OBSERVATION_RETRIEVED
main_rule_a_primary,شاراک,1393,1394,شاراک|1393,development,fold1_train;fold2_train,2015-07-20,2014-06-19,2015-07-19,,,,,,,,UNRESOLVED_NO_OBSERVATION_RETRIEVED
main_rule_a_primary,شبریز,1393,1394,شبریز|1393,development,fold1_train;fold2_train,2015-07-20,2014-06-19,2015-07-19,,,,,,,,UNRESOLVED_NO_OBSERVATION_RETRIEVED
main_rule_a_primary,شبندر,1393,1394,شبندر|1393,development,fold1_train;fold2_train,2015-07-20,2014-06-19,2015-07-19,,,,,,,,UNRESOLVED_NO_OBSERVATION_RETRIEVED
main_rule_a_primary,شدوص,1393,1394,شدوص|1393,development,fold1_train;fold2_train,2015-07-20,2014-06-19,2015-07-19,,,,,,,,UNRESOLVED_NO_OBSERVATION_RETRIEVED
main_rule_a_primary,شفارس,1393,1394,شفارس|1393,development,fold1_train;fold2_train,2015-07-20,2014-06-19,2015-07-19,,,,,,,,UNRESOLVED_NO_OBSERVATION_RETRIEVED
main_rule_a_primary,شلعاب,1393,1394,شلعاب|1393,development,fold1_train;fold2_train,2015-07-20,2014-06-19,2015-07-19,,,,,,,,UNRESOLVED_NO_OBSERVATION_RETRIEVED
main_rule_a_primary,شپارس,1393,1394,شپارس|1393,development,fold1_train;fold2_train,2015-01-20,2013-12-20,2015-01-19,,,,,,,,UNRESOLVED_NO_OBSERVATION_RETRIEVED
main_rule_a_primary,شپنا,1393,1394,شپنا|1393,development,fold1_train;fold2_train,2015-07-20,2014-06-19,2015-07-19,,,,,,,,UNRESOLVED_NO_OBSERVATION_RETRIEVED
main_rule_a_primary,شکربن,1393,1394,شکربن|1393,development,fold1_train;fold2_train,2015-07-20,2014-06-19,2015-07-19,,,,,,,,UNRESOLVED_NO_OBSERVATION_RETRIEVED
main_rule_a_primary,شکلر,1393,1394,شکلر|1393,development,fold1_train;fold2_train,2015-01-20,2013-12-20,2015-01-19,,,,,,,,UNRESOLVED_NO_OBSERVATION_RETRIEVED
main_rule_a_primary,شیران,1393,1394,شیران|1393,development,fold1_train;fold2_train,2015-04-19,2014-03-19,2015-04-18,,,,,,,,UNRESOLVED_NO_OBSERVATION_RETRIEVED
main_rule_a_primary,غبهنوش,1393,1394,غبهنوش|1393,development,fold1_train;fold2_train,2015-07-20,2014-06-19,2015-07-19,,,,,,,,UNRESOLVED_NO_OBSERVATION_RETRIEVED
main_rule_a_primary,غدام,1393,1394,غدام|1393,development,fold1_train;fold2_train,2015-04-19,2014-03-19,2015-04-18,,,,,,,,UNRESOLVED_NO_OBSERVATION_RETRIEVED
main_rule_a_primary,غسالم,1393,1394,غسالم|1393,development,fold1_train;fold2_train,2015-07-20,2014-06-19,2015-07-19,,,,,,,,UNRESOLVED_NO_OBSERVATION_RETRIEVED
main_rule_a_primary,غشان,1393,1394,غشان|1393,development,fold1_train;fold2_train,2015-07-20,2014-06-19,2015-07-19,,,,,,,,UNRESOLVED_NO_OBSERVATION_RETRIEVED
main_rule_a_primary,غشهد,1393,1394,غشهد|1393,development,fold1_train;fold2_train,2015-07-20,2014-06-19,2015-07-19,,,,,,,,UNRESOLVED_NO_OBSERVATION_RETRIEVED
main_rule_a_primary,غنوش,1393,1394,غنوش|1393,development,fold1_train;fold2_train,2015-07-20,2014-06-19,2015-07-19,,,,,,,,UNRESOLVED_NO_OBSERVATION_RETRIEVED
main_rule_a_primary,غگل,1393,1394,غگل|1393,development,fold1_train;fold2_train,2015-01-20,2013-12-20,2015-01-19,,,,,,,,UNRESOLVED_NO_OBSERVATION_RETRIEVED
main_rule_a_primary,فاذر,1393,1394,فاذر|1393,development,fold1_train;fold2_train,2015-07-20,2014-06-19,2015-07-19,,,,,,,,UNRESOLVED_NO_OBSERVATION_RETRIEVED
main_rule_a_primary,فایرا,1393,1394,فایرا|1393,development,fold1_train;fold2_train,2015-07-20,2014-06-19,2015-07-19,,,,,,,,UNRESOLVED_NO_OBSERVATION_RETRIEVED
main_rule_a_primary,فباهنر,1393,1394,فباهنر|1393,development,fold1_train;fold2_train,2015-07-20,2014-06-19,2015-07-19,,,,,,,,UNRESOLVED_NO_OBSERVATION_RETRIEVED
main_rule_a_primary,فجام,1393,1394,فجام|1393,development,fold1_train;fold2_train,2015-07-20,2014-06-19,2015-07-19,,,,,,,,UNRESOLVED_NO_OBSERVATION_RETRIEVED
main_rule_a_primary,فجر,1393,1394,فجر|1393,development,fold1_train;fold2_train,2015-07-20,2014-06-19,2015-07-19,,,,,,,,UNRESOLVED_NO_OBSERVATION_RETRIEVED
main_rule_a_primary,فخوز,1393,1394,فخوز|1393,development,fold1_train;fold2_train,2015-07-20,2014-06-19,2015-07-19,,,,,,,,UNRESOLVED_NO_OBSERVATION_RETRIEVED
main_rule_a_primary,فرآور,1393,1394,فرآور|1393,development,fold1_train;fold2_train,2015-07-20,2014-06-19,2015-07-19,,,,,,,,UNRESOLVED_NO_OBSERVATION_RETRIEVED
main_rule_a_primary,فسرب,1393,1394,فسرب|1393,development,fold1_train;fold2_train,2015-07-20,2014-06-19,2015-07-19,,,,,,,,UNRESOLVED_NO_OBSERVATION_RETRIEVED
main_rule_a_primary,فسپا,1393,1394,فسپا|1393,development,fold1_train;fold2_train,2015-07-20,2014-06-19,2015-07-19,,,,,,,,UNRESOLVED_NO_OBSERVATION_RETRIEVED
main_rule_a_primary,فمراد,1393,1394,فمراد|1393,development,fold1_train;fold2_train,2015-07-20,2014-06-19,2015-07-19,,,,,,,,UNRESOLVED_NO_OBSERVATION_RETRIEVED
main_rule_a_primary,فملی,1393,1394,فملی|1393,development,fold1_train;fold2_train,2015-07-20,2014-06-19,2015-07-19,,,,,,,,UNRESOLVED_NO_OBSERVATION_RETRIEVED
main_rule_a_primary,فنورد,1393,1394,فنورد|1393,development,fold1_train;fold2_train,2015-07-20,2014-06-19,2015-07-19,,,,,,,,UNRESOLVED_NO_OBSERVATION_RETRIEVED
main_rule_a_primary,فولاژ,1393,1394,فولاژ|1393,development,fold1_train;fold2_train,2015-07-20,2014-06-19,2015-07-19,,,,,,,,UNRESOLVED_NO_OBSERVATION_RETRIEVED
main_rule_a_primary,فپنتا,1393,1394,فپنتا|1393,development,fold1_train;fold2_train,2015-07-20,2014-06-19,2015-07-19,,,,,,,,UNRESOLVED_NO_OBSERVATION_RETRIEVED
main_rule_a_primary,لابسا,1393,1394,لابسا|1393,development,fold1_train;fold2_train,2015-07-20,2014-06-19,2015-07-19,,,,,,,,UNRESOLVED_NO_OBSERVATION_RETRIEVED
main_rule_a_primary,لبوتان,1393,1394,لبوتان|1393,development,fold1_train;fold2_train,2015-07-20,2014-06-19,2015-07-19,,,,,,,,UNRESOLVED_NO_OBSERVATION_RETRIEVED
main_rule_a_primary,لخزر,1393,1394,لخزر|1393,development,fold1_train;fold2_train,2015-07-20,2014-06-19,2015-07-19,,,,,,,,UNRESOLVED_NO_OBSERVATION_RETRIEVED
main_rule_a_primary,لسرما,1393,1394,لسرما|1393,development,fold1_train;fold2_train,2015-07-20,2014-06-19,2015-07-19,,,,,,,,UNRESOLVED_NO_OBSERVATION_RETRIEVED
main_rule_a_primary,پدرخش,1393,1394,پدرخش|1393,development,fold1_train;fold2_train,2015-07-20,2014-06-19,2015-07-19,,,,,,,,UNRESOLVED_NO_OBSERVATION_RETRIEVED
main_rule_a_primary,پسهند,1393,1394,پسهند|1393,development,fold1_train;fold2_train,2015-07-20,2014-06-19,2015-07-19,,,,,,,,UNRESOLVED_NO_OBSERVATION_RETRIEVED
main_rule_a_primary,پلاسک,1393,1394,پلاسک|1393,development,fold1_train;fold2_train,2015-07-20,2014-06-19,2015-07-19,,,,,,,,UNRESOLVED_NO_OBSERVATION_RETRIEVED
main_rule_a_primary,چافست,1393,1394,چافست|1393,development,fold1_train;fold2_train,2015-01-20,2013-12-20,2015-01-19,,,,,,,,UNRESOLVED_NO_OBSERVATION_RETRIEVED
main_rule_a_primary,چکارن,1393,1394,چکارن|1393,development,fold1_train;fold2_train,2015-07-20,2014-06-19,2015-07-19,,,,,,,,UNRESOLVED_NO_OBSERVATION_RETRIEVED
main_rule_a_primary,کبافق,1393,1394,کبافق|1393,development,fold1_train;fold2_train,2015-07-20,2014-06-19,2015-07-19,,,,,,,,UNRESOLVED_NO_OBSERVATION_RETRIEVED
main_rule_a_primary,کرازی,1393,1394,کرازی|1393,development,fold1_train;fold2_train,2015-07-20,2014-06-19,2015-07-19,,,,,,,,UNRESOLVED_NO_OBSERVATION_RETRIEVED
main_rule_a_primary,کفرا,1393,1394,کفرا|1393,development,fold1_train;fold2_train,2015-07-20,2014-06-19,2015-07-19,,,,,,,,UNRESOLVED_NO_OBSERVATION_RETRIEVED
main_rule_a_primary,کفپارس,1393,1394,کفپارس|1393,development,fold1_train;fold2_train,2015-04-19,2014-03-19,2015-04-18,,,,,,,,UNRESOLVED_NO_OBSERVATION_RETRIEVED
main_rule_a_primary,کهمدا,1393,1394,کهمدا|1393,development,fold1_train;fold2_train,2014-10-22,2013-09-21,2014-10-21,,,,,,,,UNRESOLVED_NO_OBSERVATION_RETRIEVED
main_rule_a_primary,کگاز,1393,1394,کگاز|1393,development,fold1_train;fold2_train,2015-07-20,2014-06-19,2015-07-19,,,,,,,,UNRESOLVED_NO_OBSERVATION_RETRIEVED
main_rule_a_primary,کگل,1393,1394,کگل|1393,development,fold1_train;fold2_train,2015-07-20,2014-06-19,2015-07-19,,,,,,,,UNRESOLVED_NO_OBSERVATION_RETRIEVED
main_rule_a_primary,بالبر,1394,1395,بالبر|1394,development,fold1_train;fold2_train,2016-01-20,2014-12-20,2016-01-19,,,,,,,,UNRESOLVED_NO_OBSERVATION_RETRIEVED
main_rule_a_primary,بترانس,1394,1395,بترانس|1394,development,fold1_train;fold2_train,2016-07-19,2015-06-18,2016-07-18,,,,,,,,UNRESOLVED_NO_OBSERVATION_RETRIEVED
main_rule_a_primary,بموتو,1394,1395,بموتو|1394,development,fold1_train;fold2_train,2016-01-20,2014-12-20,2016-01-19,,,,,,,,UNRESOLVED_NO_OBSERVATION_RETRIEVED
main_rule_a_primary,بکاب,1394,1395,بکاب|1394,development,fold1_train;fold2_train,2016-01-20,2014-12-20,2016-01-19,,,,,,,,UNRESOLVED_NO_OBSERVATION_RETRIEVED
main_rule_a_primary,بکام,1394,1395,بکام|1394,development,fold1_train;fold2_train,2016-07-19,2015-06-18,2016-07-18,,,,,,,,UNRESOLVED_NO_OBSERVATION_RETRIEVED
main_rule_a_primary,تپمپی,1394,1395,تپمپی|1394,development,fold1_train;fold2_train,2015-10-22,2014-09-21,2015-10-21,,,,,,,,UNRESOLVED_NO_OBSERVATION_RETRIEVED
main_rule_a_primary,تکمبا,1394,1395,تکمبا|1394,development,fold1_train;fold2_train,2016-07-19,2015-06-18,2016-07-18,,,,,,,,UNRESOLVED_NO_OBSERVATION_RETRIEVED
main_rule_a_primary,ثشرق,1394,1395,ثشرق|1394,development,fold1_train;fold2_train,2016-01-20,2014-12-20,2016-01-19,,,,,,,,UNRESOLVED_NO_OBSERVATION_RETRIEVED
main_rule_a_primary,ثنوسا,1394,1395,ثنوسا|1394,development,fold1_train;fold2_train,2016-01-20,2014-12-20,2016-01-19,,,,,,,,UNRESOLVED_NO_OBSERVATION_RETRIEVED
main_rule_a_primary,جم,1394,1395,جم|1394,development,fold1_train;fold2_train,2016-07-19,2015-06-18,2016-07-18,,,,,,,,UNRESOLVED_NO_OBSERVATION_RETRIEVED
main_rule_a_primary,حپترو,1394,1395,حپترو|1394,development,fold1_train;fold2_train,2016-07-19,2015-06-18,2016-07-18,,,,,,,,UNRESOLVED_NO_OBSERVATION_RETRIEVED
main_rule_a_primary,حکشتی,1394,1395,حکشتی|1394,development,fold1_train;fold2_train,2015-10-22,2014-09-21,2015-10-21,,,,,,,,UNRESOLVED_NO_OBSERVATION_RETRIEVED
main_rule_a_primary,خاذین,1394,1395,خاذین|1394,development,fold1_train;fold2_train,2016-07-19,2015-06-18,2016-07-18,,,,,,,,UNRESOLVED_NO_OBSERVATION_RETRIEVED
main_rule_a_primary,خبهمن,1394,1395,خبهمن|1394,development,fold1_train;fold2_train,2016-07-19,2015-06-18,2016-07-18,,,,,,,,UNRESOLVED_NO_OBSERVATION_RETRIEVED
main_rule_a_primary,ختوقا,1394,1395,ختوقا|1394,development,fold1_train;fold2_train,2016-07-19,2015-06-18,2016-07-18,,,,,,,,UNRESOLVED_NO_OBSERVATION_RETRIEVED
main_rule_a_primary,خرینگ,1394,1395,خرینگ|1394,development,fold1_train;fold2_train,2016-07-19,2015-06-18,2016-07-18,,,,,,,,UNRESOLVED_NO_OBSERVATION_RETRIEVED
main_rule_a_primary,خمحور,1394,1395,خمحور|1394,development,fold1_train;fold2_train,2016-07-19,2015-06-18,2016-07-18,,,,,,,,UNRESOLVED_NO_OBSERVATION_RETRIEVED
main_rule_a_primary,خمهر,1394,1395,خمهر|1394,development,fold1_train;fold2_train,2016-07-19,2015-06-18,2016-07-18,,,,,,,,UNRESOLVED_NO_OBSERVATION_RETRIEVED
main_rule_a_primary,خنصیر,1394,1395,خنصیر|1394,development,fold1_train;fold2_train,2016-07-19,2015-06-18,2016-07-18,,,,,,,,UNRESOLVED_NO_OBSERVATION_RETRIEVED
main_rule_a_primary,خوساز,1394,1395,خوساز|1394,development,fold1_train;fold2_train,2016-07-19,2015-06-18,2016-07-18,,,,,,,,UNRESOLVED_NO_OBSERVATION_RETRIEVED
main_rule_a_primary,خچرخش,1394,1395,خچرخش|1394,development,fold1_train;fold2_train,2016-07-19,2015-06-18,2016-07-18,,,,,,,,UNRESOLVED_NO_OBSERVATION_RETRIEVED
main_rule_a_primary,خکمک,1394,1395,خکمک|1394,development,fold1_train;fold2_train,2016-07-19,2015-06-18,2016-07-18,,,,,,,,UNRESOLVED_NO_OBSERVATION_RETRIEVED
main_rule_a_primary,ددام,1394,1395,ددام|1394,development,fold1_train;fold2_train,2016-07-19,2015-06-18,2016-07-18,,,,,,,,UNRESOLVED_NO_OBSERVATION_RETRIEVED
main_rule_a_primary,دروز,1394,1395,دروز|1394,development,fold1_train;fold2_train,2016-07-19,2015-06-18,2016-07-18,,,,,,,,UNRESOLVED_NO_OBSERVATION_RETRIEVED
main_rule_a_primary,دسبحا,1394,1395,دسبحا|1394,development,fold1_train;fold2_train,2016-07-19,2015-06-18,2016-07-18,,,,,,,,UNRESOLVED_NO_OBSERVATION_RETRIEVED
main_rule_a_primary,دسینا,1394,1395,دسینا|1394,development,fold1_train;fold2_train,2016-07-19,2015-06-18,2016-07-18,,,,,,,,UNRESOLVED_NO_OBSERVATION_RETRIEVED
main_rule_a_primary,دشیمی,1394,1395,دشیمی|1394,development,fold1_train;fold2_train,2016-07-19,2015-06-18,2016-07-18,,,,,,,,UNRESOLVED_NO_OBSERVATION_RETRIEVED
main_rule_a_primary,دیران,1394,1395,دیران|1394,development,fold1_train;fold2_train,2016-07-19,2015-06-18,2016-07-18,,,,,,,,UNRESOLVED_NO_OBSERVATION_RETRIEVED
main_rule_a_primary,رانفور,1394,1395,رانفور|1394,development,fold1_train;fold2_train,2016-07-19,2015-06-18,2016-07-18,,,,,,,,UNRESOLVED_NO_OBSERVATION_RETRIEVED
main_rule_a_primary,زمگسا,1394,1395,زمگسا|1394,development,fold1_train;fold2_train,2016-07-19,2015-06-18,2016-07-18,,,,,,,,UNRESOLVED_NO_OBSERVATION_RETRIEVED
main_rule_a_primary,ساراب,1394,1395,ساراب|1394,development,fold1_train;fold2_train,2016-07-19,2015-06-18,2016-07-18,,,,,,,,UNRESOLVED_NO_OBSERVATION_RETRIEVED
main_rule_a_primary,ساربیل,1394,1395,ساربیل|1394,development,fold1_train;fold2_train,2016-04-18,2015-03-18,2016-04-17,,,,,,,,UNRESOLVED_NO_OBSERVATION_RETRIEVED
main_rule_a_primary,ساروم,1394,1395,ساروم|1394,development,fold1_train;fold2_train,2016-07-19,2015-06-18,2016-07-18,,,,,,,,UNRESOLVED_NO_OBSERVATION_RETRIEVED
main_rule_a_primary,سبجنو,1394,1395,سبجنو|1394,development,fold1_train;fold2_train,2016-07-19,2015-06-18,2016-07-18,,,,,,,,UNRESOLVED_NO_OBSERVATION_RETRIEVED
main_rule_a_primary,سبهان,1394,1395,سبهان|1394,development,fold1_train;fold2_train,2016-07-19,2015-06-18,2016-07-18,,,,,,,,UNRESOLVED_NO_OBSERVATION_RETRIEVED
main_rule_a_primary,ستران,1394,1395,ستران|1394,development,fold1_train;fold2_train,2016-07-19,2015-06-18,2016-07-18,,,,,,,,UNRESOLVED_NO_OBSERVATION_RETRIEVED
main_rule_a_primary,سخاش,1394,1395,سخاش|1394,development,fold1_train;fold2_train,2016-07-19,2015-06-18,2016-07-18,,,,,,,,UNRESOLVED_NO_OBSERVATION_RETRIEVED
main_rule_a_primary,سخزر,1394,1395,سخزر|1394,development,fold1_train;fold2_train,2016-07-19,2015-06-18,2016-07-18,,,,,,,,UNRESOLVED_NO_OBSERVATION_RETRIEVED
main_rule_a_primary,سخوز,1394,1395,سخوز|1394,development,fold1_train;fold2_train,2016-07-19,2015-06-18,2016-07-18,,,,,,,,UNRESOLVED_NO_OBSERVATION_RETRIEVED
main_rule_a_primary,سدشت,1394,1395,سدشت|1394,development,fold1_train;fold2_train,2016-01-20,2014-12-20,2016-01-19,,,,,,,,UNRESOLVED_NO_OBSERVATION_RETRIEVED
main_rule_a_primary,سدور,1394,1395,سدور|1394,development,fold1_train;fold2_train,2016-07-19,2015-06-18,2016-07-18,,,,,,,,UNRESOLVED_NO_OBSERVATION_RETRIEVED
main_rule_a_primary,سرود,1394,1395,سرود|1394,development,fold1_train;fold2_train,2016-07-19,2015-06-18,2016-07-18,,,,,,,,UNRESOLVED_NO_OBSERVATION_RETRIEVED
main_rule_a_primary,سشرق,1394,1395,سشرق|1394,development,fold1_train;fold2_train,2016-01-20,2014-12-20,2016-01-19,,,,,,,,UNRESOLVED_NO_OBSERVATION_RETRIEVED
main_rule_a_primary,سصفها,1394,1395,سصفها|1394,development,fold1_train;fold2_train,2016-07-19,2015-06-18,2016-07-18,,,,,,,,UNRESOLVED_NO_OBSERVATION_RETRIEVED
main_rule_a_primary,سغرب,1394,1395,سغرب|1394,development,fold1_train;fold2_train,2016-07-19,2015-06-18,2016-07-18,,,,,,,,UNRESOLVED_NO_OBSERVATION_RETRIEVED
main_rule_a_primary,سقاین,1394,1395,سقاین|1394,development,fold1_train;fold2_train,2016-07-19,2015-06-18,2016-07-18,,,,,,,,UNRESOLVED_NO_OBSERVATION_RETRIEVED
main_rule_a_primary,سمازن,1394,1395,سمازن|1394,development,fold1_train;fold2_train,2016-07-19,2015-06-18,2016-07-18,,,,,,,,UNRESOLVED_NO_OBSERVATION_RETRIEVED
main_rule_a_primary,سنیر,1394,1395,سنیر|1394,development,fold1_train;fold2_train,2016-07-19,2015-06-18,2016-07-18,,,,,,,,UNRESOLVED_NO_OBSERVATION_RETRIEVED
main_rule_a_primary,سهگمت,1394,1395,سهگمت|1394,development,fold1_train;fold2_train,2016-05-19,2015-04-18,2016-05-18,,,,,,,,UNRESOLVED_NO_OBSERVATION_RETRIEVED
main_rule_a_primary,سپاها,1394,1395,سپاها|1394,development,fold1_train;fold2_train,2016-01-20,2014-12-20,2016-01-19,,,,,,,,UNRESOLVED_NO_OBSERVATION_RETRIEVED
main_rule_a_primary,سکرد,1394,1395,سکرد|1394,development,fold1_train;fold2_train,2016-01-20,2014-12-20,2016-01-19,,,,,,,,UNRESOLVED_NO_OBSERVATION_RETRIEVED
main_rule_a_primary,سیلام,1394,1395,سیلام|1394,development,fold1_train;fold2_train,2016-05-19,2015-04-18,2016-05-18,,,,,,,,UNRESOLVED_NO_OBSERVATION_RETRIEVED
main_rule_a_primary,شاراک,1394,1395,شاراک|1394,development,fold1_train;fold2_train,2016-07-19,2015-06-18,2016-07-18,,,,,,,,UNRESOLVED_NO_OBSERVATION_RETRIEVED
main_rule_a_primary,شبریز,1394,1395,شبریز|1394,development,fold1_train;fold2_train,2016-07-19,2015-06-18,2016-07-18,,,,,,,,UNRESOLVED_NO_OBSERVATION_RETRIEVED
main_rule_a_primary,شبندر,1394,1395,شبندر|1394,development,fold1_train;fold2_train,2016-07-19,2015-06-18,2016-07-18,,,,,,,,UNRESOLVED_NO_OBSERVATION_RETRIEVED
main_rule_a_primary,شدوص,1394,1395,شدوص|1394,development,fold1_train;fold2_train,2016-07-19,2015-06-18,2016-07-18,,,,,,,,UNRESOLVED_NO_OBSERVATION_RETRIEVED
main_rule_a_primary,شفارس,1394,1395,شفارس|1394,development,fold1_train;fold2_train,2016-07-19,2015-06-18,2016-07-18,,,,,,,,UNRESOLVED_NO_OBSERVATION_RETRIEVED
main_rule_a_primary,شلعاب,1394,1395,شلعاب|1394,development,fold1_train;fold2_train,2016-07-19,2015-06-18,2016-07-18,,,,,,,,UNRESOLVED_NO_OBSERVATION_RETRIEVED
main_rule_a_primary,شپارس,1394,1395,شپارس|1394,development,fold1_train;fold2_train,2016-01-20,2014-12-20,2016-01-19,,,,,,,,UNRESOLVED_NO_OBSERVATION_RETRIEVED
main_rule_a_primary,شپنا,1394,1395,شپنا|1394,development,fold1_train;fold2_train,2016-07-19,2015-06-18,2016-07-18,,,,,,,,UNRESOLVED_NO_OBSERVATION_RETRIEVED
main_rule_a_primary,شکربن,1394,1395,شکربن|1394,development,fold1_train;fold2_train,2016-07-19,2015-06-18,2016-07-18,,,,,,,,UNRESOLVED_NO_OBSERVATION_RETRIEVED
main_rule_a_primary,شکلر,1394,1395,شکلر|1394,development,fold1_train;fold2_train,2016-01-20,2014-12-20,2016-01-19,,,,,,,,UNRESOLVED_NO_OBSERVATION_RETRIEVED
main_rule_a_primary,شیران,1394,1395,شیران|1394,development,fold1_train;fold2_train,2016-04-18,2015-03-18,2016-04-17,,,,,,,,UNRESOLVED_NO_OBSERVATION_RETRIEVED
main_rule_a_primary,غبهنوش,1394,1395,غبهنوش|1394,development,fold1_train;fold2_train,2016-07-19,2015-06-18,2016-07-18,,,,,,,,UNRESOLVED_NO_OBSERVATION_RETRIEVED
main_rule_a_primary,غدام,1394,1395,غدام|1394,development,fold1_train;fold2_train,2016-04-18,2015-03-18,2016-04-17,,,,,,,,UNRESOLVED_NO_OBSERVATION_RETRIEVED
main_rule_a_primary,غسالم,1394,1395,غسالم|1394,development,fold1_train;fold2_train,2016-07-19,2015-06-18,2016-07-18,,,,,,,,UNRESOLVED_NO_OBSERVATION_RETRIEVED
main_rule_a_primary,غشان,1394,1395,غشان|1394,development,fold1_train;fold2_train,2016-07-19,2015-06-18,2016-07-18,,,,,,,,UNRESOLVED_NO_OBSERVATION_RETRIEVED
main_rule_a_primary,غشهد,1394,1395,غشهد|1394,development,fold1_train;fold2_train,2016-07-19,2015-06-18,2016-07-18,,,,,,,,UNRESOLVED_NO_OBSERVATION_RETRIEVED
main_rule_a_primary,غنوش,1394,1395,غنوش|1394,development,fold1_train;fold2_train,2016-07-19,2015-06-18,2016-07-18,,,,,,,,UNRESOLVED_NO_OBSERVATION_RETRIEVED
main_rule_a_primary,غگل,1394,1395,غگل|1394,development,fold1_train;fold2_train,2016-01-20,2014-12-20,2016-01-19,,,,,,,,UNRESOLVED_NO_OBSERVATION_RETRIEVED
main_rule_a_primary,فاذر,1394,1395,فاذر|1394,development,fold1_train;fold2_train,2016-07-19,2015-06-18,2016-07-18,,,,,,,,UNRESOLVED_NO_OBSERVATION_RETRIEVED
main_rule_a_primary,فایرا,1394,1395,فایرا|1394,development,fold1_train;fold2_train,2016-07-19,2015-06-18,2016-07-18,,,,,,,,UNRESOLVED_NO_OBSERVATION_RETRIEVED
main_rule_a_primary,فباهنر,1394,1395,فباهنر|1394,development,fold1_train;fold2_train,2016-07-19,2015-06-18,2016-07-18,,,,,,,,UNRESOLVED_NO_OBSERVATION_RETRIEVED
main_rule_a_primary,فجام,1394,1395,فجام|1394,development,fold1_train;fold2_train,2016-07-19,2015-06-18,2016-07-18,,,,,,,,UNRESOLVED_NO_OBSERVATION_RETRIEVED
main_rule_a_primary,فجر,1394,1395,فجر|1394,development,fold1_train;fold2_train,2016-07-19,2015-06-18,2016-07-18,,,,,,,,UNRESOLVED_NO_OBSERVATION_RETRIEVED
main_rule_a_primary,فخوز,1394,1395,فخوز|1394,development,fold1_train;fold2_train,2016-07-19,2015-06-18,2016-07-18,,,,,,,,UNRESOLVED_NO_OBSERVATION_RETRIEVED
main_rule_a_primary,فرآور,1394,1395,فرآور|1394,development,fold1_train;fold2_train,2016-07-19,2015-06-18,2016-07-18,,,,,,,,UNRESOLVED_NO_OBSERVATION_RETRIEVED
main_rule_a_primary,فسرب,1394,1395,فسرب|1394,development,fold1_train;fold2_train,2016-07-19,2015-06-18,2016-07-18,,,,,,,,UNRESOLVED_NO_OBSERVATION_RETRIEVED
main_rule_a_primary,فسپا,1394,1395,فسپا|1394,development,fold1_train;fold2_train,2016-07-19,2015-06-18,2016-07-18,,,,,,,,UNRESOLVED_NO_OBSERVATION_RETRIEVED
main_rule_a_primary,فمراد,1394,1395,فمراد|1394,development,fold1_train;fold2_train,2016-07-19,2015-06-18,2016-07-18,,,,,,,,UNRESOLVED_NO_OBSERVATION_RETRIEVED
main_rule_a_primary,فملی,1394,1395,فملی|1394,development,fold1_train;fold2_train,2016-07-19,2015-06-18,2016-07-18,,,,,,,,UNRESOLVED_NO_OBSERVATION_RETRIEVED
main_rule_a_primary,فنورد,1394,1395,فنورد|1394,development,fold1_train;fold2_train,2016-07-19,2015-06-18,2016-07-18,,,,,,,,UNRESOLVED_NO_OBSERVATION_RETRIEVED
main_rule_a_primary,فولاژ,1394,1395,فولاژ|1394,development,fold1_train;fold2_train,2016-07-19,2015-06-18,2016-07-18,,,,,,,,UNRESOLVED_NO_OBSERVATION_RETRIEVED
main_rule_a_primary,فپنتا,1394,1395,فپنتا|1394,development,fold1_train;fold2_train,2016-07-19,2015-06-18,2016-07-18,,,,,,,,UNRESOLVED_NO_OBSERVATION_RETRIEVED
main_rule_a_primary,لابسا,1394,1395,لابسا|1394,development,fold1_train;fold2_train,2016-07-19,2015-06-18,2016-07-18,,,,,,,,UNRESOLVED_NO_OBSERVATION_RETRIEVED
main_rule_a_primary,لبوتان,1394,1395,لبوتان|1394,development,fold1_train;fold2_train,2016-07-19,2015-06-18,2016-07-18,,,,,,,,UNRESOLVED_NO_OBSERVATION_RETRIEVED
main_rule_a_primary,لخزر,1394,1395,لخزر|1394,development,fold1_train;fold2_train,2016-07-19,2015-06-18,2016-07-18,,,,,,,,UNRESOLVED_NO_OBSERVATION_RETRIEVED
main_rule_a_primary,لسرما,1394,1395,لسرما|1394,development,fold1_train;fold2_train,2016-07-19,2015-06-18,2016-07-18,,,,,,,,UNRESOLVED_NO_OBSERVATION_RETRIEVED
main_rule_a_primary,همراه,1394,1395,همراه|1394,development,fold1_train;fold2_train,2016-07-19,2015-06-18,2016-07-18,,,,,,,,UNRESOLVED_NO_OBSERVATION_RETRIEVED
main_rule_a_primary,پدرخش,1394,1395,پدرخش|1394,development,fold1_train;fold2_train,2016-07-19,2015-06-18,2016-07-18,,,,,,,,UNRESOLVED_NO_OBSERVATION_RETRIEVED
main_rule_a_primary,پسهند,1394,1395,پسهند|1394,development,fold1_train;fold2_train,2016-07-19,2015-06-18,2016-07-18,,,,,,,,UNRESOLVED_NO_OBSERVATION_RETRIEVED
main_rule_a_primary,پلاسک,1394,1395,پلاسک|1394,development,fold1_train;fold2_train,2016-07-19,2015-06-18,2016-07-18,,,,,,,,UNRESOLVED_NO_OBSERVATION_RETRIEVED
main_rule_a_primary,چافست,1394,1395,چافست|1394,development,fold1_train;fold2_train,2016-01-20,2014-12-20,2016-01-19,,,,,,,,UNRESOLVED_NO_OBSERVATION_RETRIEVED
main_rule_a_primary,چکارن,1394,1395,چکارن|1394,development,fold1_train;fold2_train,2016-07-19,2015-06-18,2016-07-18,,,,,,,,UNRESOLVED_NO_OBSERVATION_RETRIEVED
main_rule_a_primary,کبافق,1394,1395,کبافق|1394,development,fold1_train;fold2_train,2016-07-19,2015-06-18,2016-07-18,,,,,,,,UNRESOLVED_NO_OBSERVATION_RETRIEVED
main_rule_a_primary,کرازی,1394,1395,کرازی|1394,development,fold1_train;fold2_train,2016-07-19,2015-06-18,2016-07-18,,,,,,,,UNRESOLVED_NO_OBSERVATION_RETRIEVED
main_rule_a_primary,کفرا,1394,1395,کفرا|1394,development,fold1_train;fold2_train,2016-07-19,2015-06-18,2016-07-18,,,,,,,,UNRESOLVED_NO_OBSERVATION_RETRIEVED
main_rule_a_primary,کفپارس,1394,1395,کفپارس|1394,development,fold1_train;fold2_train,2016-04-18,2015-03-18,2016-04-17,,,,,,,,UNRESOLVED_NO_OBSERVATION_RETRIEVED
main_rule_a_primary,کهمدا,1394,1395,کهمدا|1394,development,fold1_train;fold2_train,2015-10-22,2014-09-21,2015-10-21,,,,,,,,UNRESOLVED_NO_OBSERVATION_RETRIEVED
main_rule_a_primary,کگاز,1394,1395,کگاز|1394,development,fold1_train;fold2_train,2016-07-19,2015-06-18,2016-07-18,,,,,,,,UNRESOLVED_NO_OBSERVATION_RETRIEVED
main_rule_a_primary,کگل,1394,1395,کگل|1394,development,fold1_train;fold2_train,2016-07-19,2015-06-18,2016-07-18,,,,,,,,UNRESOLVED_NO_OBSERVATION_RETRIEVED
main_rule_a_primary,بالبر,1395,1396,بالبر|1395,development,fold1_validation;fold2_train,2017-01-19,2015-12-19,2017-01-18,,,,,,,,UNRESOLVED_NO_OBSERVATION_RETRIEVED
main_rule_a_primary,بترانس,1395,1396,بترانس|1395,development,fold1_validation;fold2_train,2017-07-21,2016-06-20,2017-07-20,,,,,,,,UNRESOLVED_NO_OBSERVATION_RETRIEVED
main_rule_a_primary,بموتو,1395,1396,بموتو|1395,development,fold1_validation;fold2_train,2017-01-19,2015-12-19,2017-01-18,,,,,,,,UNRESOLVED_NO_OBSERVATION_RETRIEVED
main_rule_a_primary,بکاب,1395,1396,بکاب|1395,development,fold1_validation;fold2_train,2017-01-19,2015-12-19,2017-01-18,,,,,,,,UNRESOLVED_NO_OBSERVATION_RETRIEVED
main_rule_a_primary,بکام,1395,1396,بکام|1395,development,fold1_validation;fold2_train,2017-07-21,2016-06-20,2017-07-20,,,,,,,,UNRESOLVED_NO_OBSERVATION_RETRIEVED
main_rule_a_primary,تپمپی,1395,1396,تپمپی|1395,development,fold1_validation;fold2_train,2016-10-21,2015-09-20,2016-10-20,,,,,,,,UNRESOLVED_NO_OBSERVATION_RETRIEVED
main_rule_a_primary,تکمبا,1395,1396,تکمبا|1395,development,fold1_validation;fold2_train,2017-07-21,2016-06-20,2017-07-20,,,,,,,,UNRESOLVED_NO_OBSERVATION_RETRIEVED
main_rule_a_primary,ثشرق,1395,1396,ثشرق|1395,development,fold1_validation;fold2_train,2017-01-19,2015-12-19,2017-01-18,,,,,,,,UNRESOLVED_NO_OBSERVATION_RETRIEVED
main_rule_a_primary,ثنوسا,1395,1396,ثنوسا|1395,development,fold1_validation;fold2_train,2017-01-19,2015-12-19,2017-01-18,,,,,,,,UNRESOLVED_NO_OBSERVATION_RETRIEVED
main_rule_a_primary,جم,1395,1396,جم|1395,development,fold1_validation;fold2_train,2017-07-21,2016-06-20,2017-07-20,,,,,,,,UNRESOLVED_NO_OBSERVATION_RETRIEVED
main_rule_a_primary,حپترو,1395,1396,حپترو|1395,development,fold1_validation;fold2_train,2017-07-21,2016-06-20,2017-07-20,,,,,,,,UNRESOLVED_NO_OBSERVATION_RETRIEVED
main_rule_a_primary,حکشتی,1395,1396,حکشتی|1395,development,fold1_validation;fold2_train,2016-10-21,2015-09-20,2016-10-20,,,,,,,,UNRESOLVED_NO_OBSERVATION_RETRIEVED
main_rule_a_primary,خاذین,1395,1396,خاذین|1395,development,fold1_validation;fold2_train,2017-07-21,2016-06-20,2017-07-20,,,,,,,,UNRESOLVED_NO_OBSERVATION_RETRIEVED
main_rule_a_primary,خبهمن,1395,1396,خبهمن|1395,development,fold1_validation;fold2_train,2017-07-21,2016-06-20,2017-07-20,,,,,,,,UNRESOLVED_NO_OBSERVATION_RETRIEVED
main_rule_a_primary,ختوقا,1395,1396,ختوقا|1395,development,fold1_validation;fold2_train,2017-07-21,2016-06-20,2017-07-20,,,,,,,,UNRESOLVED_NO_OBSERVATION_RETRIEVED
main_rule_a_primary,خرینگ,1395,1396,خرینگ|1395,development,fold1_validation;fold2_train,2017-07-21,2016-06-20,2017-07-20,,,,,,,,UNRESOLVED_NO_OBSERVATION_RETRIEVED
main_rule_a_primary,خمحور,1395,1396,خمحور|1395,development,fold1_validation;fold2_train,2017-07-21,2016-06-20,2017-07-20,,,,,,,,UNRESOLVED_NO_OBSERVATION_RETRIEVED
main_rule_a_primary,خمهر,1395,1396,خمهر|1395,development,fold1_validation;fold2_train,2017-07-21,2016-06-20,2017-07-20,,,,,,,,UNRESOLVED_NO_OBSERVATION_RETRIEVED
main_rule_a_primary,خنصیر,1395,1396,خنصیر|1395,development,fold1_validation;fold2_train,2017-07-21,2016-06-20,2017-07-20,,,,,,,,UNRESOLVED_NO_OBSERVATION_RETRIEVED
main_rule_a_primary,خوساز,1395,1396,خوساز|1395,development,fold1_validation;fold2_train,2017-07-21,2016-06-20,2017-07-20,,,,,,,,UNRESOLVED_NO_OBSERVATION_RETRIEVED
main_rule_a_primary,خچرخش,1395,1396,خچرخش|1395,development,fold1_validation;fold2_train,2017-07-21,2016-06-20,2017-07-20,,,,,,,,UNRESOLVED_NO_OBSERVATION_RETRIEVED
main_rule_a_primary,خکمک,1395,1396,خکمک|1395,development,fold1_validation;fold2_train,2017-07-21,2016-06-20,2017-07-20,,,,,,,,UNRESOLVED_NO_OBSERVATION_RETRIEVED
main_rule_a_primary,ددام,1395,1396,ددام|1395,development,fold1_validation;fold2_train,2017-07-21,2016-06-20,2017-07-20,,,,,,,,UNRESOLVED_NO_OBSERVATION_RETRIEVED
main_rule_a_primary,دروز,1395,1396,دروز|1395,development,fold1_validation;fold2_train,2017-07-21,2016-06-20,2017-07-20,,,,,,,,UNRESOLVED_NO_OBSERVATION_RETRIEVED
main_rule_a_primary,دسبحا,1395,1396,دسبحا|1395,development,fold1_validation;fold2_train,2017-07-21,2016-06-20,2017-07-20,,,,,,,,UNRESOLVED_NO_OBSERVATION_RETRIEVED
main_rule_a_primary,دسینا,1395,1396,دسینا|1395,development,fold1_validation;fold2_train,2017-07-21,2016-06-20,2017-07-20,,,,,,,,UNRESOLVED_NO_OBSERVATION_RETRIEVED
main_rule_a_primary,دشیمی,1395,1396,دشیمی|1395,development,fold1_validation;fold2_train,2017-07-21,2016-06-20,2017-07-20,,,,,,,,UNRESOLVED_NO_OBSERVATION_RETRIEVED
main_rule_a_primary,دیران,1395,1396,دیران|1395,development,fold1_validation;fold2_train,2017-07-21,2016-06-20,2017-07-20,,,,,,,,UNRESOLVED_NO_OBSERVATION_RETRIEVED
main_rule_a_primary,رانفور,1395,1396,رانفور|1395,development,fold1_validation;fold2_train,2017-07-21,2016-06-20,2017-07-20,,,,,,,,UNRESOLVED_NO_OBSERVATION_RETRIEVED
main_rule_a_primary,زمگسا,1395,1396,زمگسا|1395,development,fold1_validation;fold2_train,2017-07-21,2016-06-20,2017-07-20,,,,,,,,UNRESOLVED_NO_OBSERVATION_RETRIEVED
main_rule_a_primary,ساراب,1395,1396,ساراب|1395,development,fold1_validation;fold2_train,2017-07-21,2016-06-20,2017-07-20,,,,,,,,UNRESOLVED_NO_OBSERVATION_RETRIEVED
main_rule_a_primary,ساربیل,1395,1396,ساربیل|1395,development,fold1_validation;fold2_train,2017-04-19,2016-03-19,2017-04-18,,,,,,,,UNRESOLVED_NO_OBSERVATION_RETRIEVED
main_rule_a_primary,ساروم,1395,1396,ساروم|1395,development,fold1_validation;fold2_train,2017-07-21,2016-06-20,2017-07-20,,,,,,,,UNRESOLVED_NO_OBSERVATION_RETRIEVED
main_rule_a_primary,سبجنو,1395,1396,سبجنو|1395,development,fold1_validation;fold2_train,2017-07-21,2016-06-20,2017-07-20,,,,,,,,UNRESOLVED_NO_OBSERVATION_RETRIEVED
main_rule_a_primary,سبهان,1395,1396,سبهان|1395,development,fold1_validation;fold2_train,2017-07-21,2016-06-20,2017-07-20,,,,,,,,UNRESOLVED_NO_OBSERVATION_RETRIEVED
main_rule_a_primary,ستران,1395,1396,ستران|1395,development,fold1_validation;fold2_train,2017-07-21,2016-06-20,2017-07-20,,,,,,,,UNRESOLVED_NO_OBSERVATION_RETRIEVED
main_rule_a_primary,سخاش,1395,1396,سخاش|1395,development,fold1_validation;fold2_train,2017-07-21,2016-06-20,2017-07-20,,,,,,,,UNRESOLVED_NO_OBSERVATION_RETRIEVED
main_rule_a_primary,سخزر,1395,1396,سخزر|1395,development,fold1_validation;fold2_train,2017-07-21,2016-06-20,2017-07-20,,,,,,,,UNRESOLVED_NO_OBSERVATION_RETRIEVED
main_rule_a_primary,سخوز,1395,1396,سخوز|1395,development,fold1_validation;fold2_train,2017-07-21,2016-06-20,2017-07-20,,,,,,,,UNRESOLVED_NO_OBSERVATION_RETRIEVED
main_rule_a_primary,سدشت,1395,1396,سدشت|1395,development,fold1_validation;fold2_train,2017-01-19,2015-12-19,2017-01-18,,,,,,,,UNRESOLVED_NO_OBSERVATION_RETRIEVED
main_rule_a_primary,سدور,1395,1396,سدور|1395,development,fold1_validation;fold2_train,2017-07-21,2016-06-20,2017-07-20,,,,,,,,UNRESOLVED_NO_OBSERVATION_RETRIEVED
main_rule_a_primary,سرود,1395,1396,سرود|1395,development,fold1_validation;fold2_train,2017-07-21,2016-06-20,2017-07-20,,,,,,,,UNRESOLVED_NO_OBSERVATION_RETRIEVED
main_rule_a_primary,سشرق,1395,1396,سشرق|1395,development,fold1_validation;fold2_train,2017-01-19,2015-12-19,2017-01-18,,,,,,,,UNRESOLVED_NO_OBSERVATION_RETRIEVED
main_rule_a_primary,سصفها,1395,1396,سصفها|1395,development,fold1_validation;fold2_train,2017-07-21,2016-06-20,2017-07-20,,,,,,,,UNRESOLVED_NO_OBSERVATION_RETRIEVED
main_rule_a_primary,سغرب,1395,1396,سغرب|1395,development,fold1_validation;fold2_train,2017-07-21,2016-06-20,2017-07-20,,,,,,,,UNRESOLVED_NO_OBSERVATION_RETRIEVED
main_rule_a_primary,سقاین,1395,1396,سقاین|1395,development,fold1_validation;fold2_train,2017-07-21,2016-06-20,2017-07-20,,,,,,,,UNRESOLVED_NO_OBSERVATION_RETRIEVED
main_rule_a_primary,سمازن,1395,1396,سمازن|1395,development,fold1_validation;fold2_train,2017-04-19,2016-03-19,2017-04-18,,,,,,,,UNRESOLVED_NO_OBSERVATION_RETRIEVED
main_rule_a_primary,سنیر,1395,1396,سنیر|1395,development,fold1_validation;fold2_train,2017-07-21,2016-06-20,2017-07-20,,,,,,,,UNRESOLVED_NO_OBSERVATION_RETRIEVED
main_rule_a_primary,سهگمت,1395,1396,سهگمت|1395,development,fold1_validation;fold2_train,2017-05-20,2016-04-19,2017-05-19,,,,,,,,UNRESOLVED_NO_OBSERVATION_RETRIEVED
main_rule_a_primary,سپاها,1395,1396,سپاها|1395,development,fold1_validation;fold2_train,2017-01-19,2015-12-19,2017-01-18,,,,,,,,UNRESOLVED_NO_OBSERVATION_RETRIEVED
main_rule_a_primary,سکرد,1395,1396,سکرد|1395,development,fold1_validation;fold2_train,2017-01-19,2015-12-19,2017-01-18,,,,,,,,UNRESOLVED_NO_OBSERVATION_RETRIEVED
main_rule_a_primary,سیلام,1395,1396,سیلام|1395,development,fold1_validation;fold2_train,2017-05-20,2016-04-19,2017-05-19,,,,,,,,UNRESOLVED_NO_OBSERVATION_RETRIEVED
main_rule_a_primary,شاراک,1395,1396,شاراک|1395,development,fold1_validation;fold2_train,2017-07-21,2016-06-20,2017-07-20,,,,,,,,UNRESOLVED_NO_OBSERVATION_RETRIEVED
main_rule_a_primary,شبریز,1395,1396,شبریز|1395,development,fold1_validation;fold2_train,2017-07-21,2016-06-20,2017-07-20,,,,,,,,UNRESOLVED_NO_OBSERVATION_RETRIEVED
main_rule_a_primary,شبندر,1395,1396,شبندر|1395,development,fold1_validation;fold2_train,2017-07-21,2016-06-20,2017-07-20,,,,,,,,UNRESOLVED_NO_OBSERVATION_RETRIEVED
main_rule_a_primary,شدوص,1395,1396,شدوص|1395,development,fold1_validation;fold2_train,2017-07-21,2016-06-20,2017-07-20,,,,,,,,UNRESOLVED_NO_OBSERVATION_RETRIEVED
main_rule_a_primary,شفارس,1395,1396,شفارس|1395,development,fold1_validation;fold2_train,2017-07-21,2016-06-20,2017-07-20,,,,,,,,UNRESOLVED_NO_OBSERVATION_RETRIEVED
main_rule_a_primary,شلعاب,1395,1396,شلعاب|1395,development,fold1_validation;fold2_train,2017-07-21,2016-06-20,2017-07-20,,,,,,,,UNRESOLVED_NO_OBSERVATION_RETRIEVED
main_rule_a_primary,شپارس,1395,1396,شپارس|1395,development,fold1_validation;fold2_train,2017-01-19,2015-12-19,2017-01-18,,,,,,,,UNRESOLVED_NO_OBSERVATION_RETRIEVED
main_rule_a_primary,شپنا,1395,1396,شپنا|1395,development,fold1_validation;fold2_train,2017-07-21,2016-06-20,2017-07-20,,,,,,,,UNRESOLVED_NO_OBSERVATION_RETRIEVED
main_rule_a_primary,شکربن,1395,1396,شکربن|1395,development,fold1_validation;fold2_train,2017-07-21,2016-06-20,2017-07-20,,,,,,,,UNRESOLVED_NO_OBSERVATION_RETRIEVED
main_rule_a_primary,شکلر,1395,1396,شکلر|1395,development,fold1_validation;fold2_train,2017-01-19,2015-12-19,2017-01-18,,,,,,,,UNRESOLVED_NO_OBSERVATION_RETRIEVED
main_rule_a_primary,شیران,1395,1396,شیران|1395,development,fold1_validation;fold2_train,2017-04-19,2016-03-19,2017-04-18,,,,,,,,UNRESOLVED_NO_OBSERVATION_RETRIEVED
main_rule_a_primary,غبهنوش,1395,1396,غبهنوش|1395,development,fold1_validation;fold2_train,2017-07-21,2016-06-20,2017-07-20,,,,,,,,UNRESOLVED_NO_OBSERVATION_RETRIEVED
main_rule_a_primary,غدام,1395,1396,غدام|1395,development,fold1_validation;fold2_train,2017-04-19,2016-03-19,2017-04-18,,,,,,,,UNRESOLVED_NO_OBSERVATION_RETRIEVED
main_rule_a_primary,غسالم,1395,1396,غسالم|1395,development,fold1_validation;fold2_train,2017-07-21,2016-06-20,2017-07-20,,,,,,,,UNRESOLVED_NO_OBSERVATION_RETRIEVED
main_rule_a_primary,غشان,1395,1396,غشان|1395,development,fold1_validation;fold2_train,2017-07-21,2016-06-20,2017-07-20,,,,,,,,UNRESOLVED_NO_OBSERVATION_RETRIEVED
main_rule_a_primary,غشهد,1395,1396,غشهد|1395,development,fold1_validation;fold2_train,2017-07-21,2016-06-20,2017-07-20,,,,,,,,UNRESOLVED_NO_OBSERVATION_RETRIEVED
main_rule_a_primary,غنوش,1395,1396,غنوش|1395,development,fold1_validation;fold2_train,2017-07-21,2016-06-20,2017-07-20,,,,,,,,UNRESOLVED_NO_OBSERVATION_RETRIEVED
main_rule_a_primary,غگل,1395,1396,غگل|1395,development,fold1_validation;fold2_train,2017-01-19,2015-12-19,2017-01-18,,,,,,,,UNRESOLVED_NO_OBSERVATION_RETRIEVED
main_rule_a_primary,فاذر,1395,1396,فاذر|1395,development,fold1_validation;fold2_train,2017-07-21,2016-06-20,2017-07-20,,,,,,,,UNRESOLVED_NO_OBSERVATION_RETRIEVED
main_rule_a_primary,فایرا,1395,1396,فایرا|1395,development,fold1_validation;fold2_train,2017-07-21,2016-06-20,2017-07-20,,,,,,,,UNRESOLVED_NO_OBSERVATION_RETRIEVED
main_rule_a_primary,فباهنر,1395,1396,فباهنر|1395,development,fold1_validation;fold2_train,2017-07-21,2016-06-20,2017-07-20,,,,,,,,UNRESOLVED_NO_OBSERVATION_RETRIEVED
main_rule_a_primary,فجام,1395,1396,فجام|1395,development,fold1_validation;fold2_train,2017-07-21,2016-06-20,2017-07-20,,,,,,,,UNRESOLVED_NO_OBSERVATION_RETRIEVED
main_rule_a_primary,فجر,1395,1396,فجر|1395,development,fold1_validation;fold2_train,2017-07-21,2016-06-20,2017-07-20,,,,,,,,UNRESOLVED_NO_OBSERVATION_RETRIEVED
main_rule_a_primary,فخوز,1395,1396,فخوز|1395,development,fold1_validation;fold2_train,2017-07-21,2016-06-20,2017-07-20,,,,,,,,UNRESOLVED_NO_OBSERVATION_RETRIEVED
main_rule_a_primary,فرآور,1395,1396,فرآور|1395,development,fold1_validation;fold2_train,2017-07-21,2016-06-20,2017-07-20,,,,,,,,UNRESOLVED_NO_OBSERVATION_RETRIEVED
main_rule_a_primary,فسرب,1395,1396,فسرب|1395,development,fold1_validation;fold2_train,2017-07-21,2016-06-20,2017-07-20,,,,,,,,UNRESOLVED_NO_OBSERVATION_RETRIEVED
main_rule_a_primary,فسپا,1395,1396,فسپا|1395,development,fold1_validation;fold2_train,2017-07-21,2016-06-20,2017-07-20,,,,,,,,UNRESOLVED_NO_OBSERVATION_RETRIEVED
main_rule_a_primary,فمراد,1395,1396,فمراد|1395,development,fold1_validation;fold2_train,2017-07-21,2016-06-20,2017-07-20,,,,,,,,UNRESOLVED_NO_OBSERVATION_RETRIEVED
main_rule_a_primary,فملی,1395,1396,فملی|1395,development,fold1_validation;fold2_train,2017-07-21,2016-06-20,2017-07-20,,,,,,,,UNRESOLVED_NO_OBSERVATION_RETRIEVED
main_rule_a_primary,فنورد,1395,1396,فنورد|1395,development,fold1_validation;fold2_train,2017-07-21,2016-06-20,2017-07-20,,,,,,,,UNRESOLVED_NO_OBSERVATION_RETRIEVED
main_rule_a_primary,فولاژ,1395,1396,فولاژ|1395,development,fold1_validation;fold2_train,2017-07-21,2016-06-20,2017-07-20,,,,,,,,UNRESOLVED_NO_OBSERVATION_RETRIEVED
main_rule_a_primary,فپنتا,1395,1396,فپنتا|1395,development,fold1_validation;fold2_train,2017-07-21,2016-06-20,2017-07-20,,,,,,,,UNRESOLVED_NO_OBSERVATION_RETRIEVED
main_rule_a_primary,لابسا,1395,1396,لابسا|1395,development,fold1_validation;fold2_train,2017-07-21,2016-06-20,2017-07-20,,,,,,,,UNRESOLVED_NO_OBSERVATION_RETRIEVED
main_rule_a_primary,لبوتان,1395,1396,لبوتان|1395,development,fold1_validation;fold2_train,2017-07-21,2016-06-20,2017-07-20,,,,,,,,UNRESOLVED_NO_OBSERVATION_RETRIEVED
main_rule_a_primary,لخزر,1395,1396,لخزر|1395,development,fold1_validation;fold2_train,2017-07-21,2016-06-20,2017-07-20,,,,,,,,UNRESOLVED_NO_OBSERVATION_RETRIEVED
main_rule_a_primary,لسرما,1395,1396,لسرما|1395,development,fold1_validation;fold2_train,2017-07-21,2016-06-20,2017-07-20,,,,,,,,UNRESOLVED_NO_OBSERVATION_RETRIEVED
main_rule_a_primary,همراه,1395,1396,همراه|1395,development,fold1_validation;fold2_train,2017-07-21,2016-06-20,2017-07-20,,,,,,,,UNRESOLVED_NO_OBSERVATION_RETRIEVED
main_rule_a_primary,پدرخش,1395,1396,پدرخش|1395,development,fold1_validation;fold2_train,2017-07-21,2016-06-20,2017-07-20,,,,,,,,UNRESOLVED_NO_OBSERVATION_RETRIEVED
main_rule_a_primary,پسهند,1395,1396,پسهند|1395,development,fold1_validation;fold2_train,2017-07-21,2016-06-20,2017-07-20,,,,,,,,UNRESOLVED_NO_OBSERVATION_RETRIEVED
main_rule_a_primary,پلاسک,1395,1396,پلاسک|1395,development,fold1_validation;fold2_train,2017-07-21,2016-06-20,2017-07-20,,,,,,,,UNRESOLVED_NO_OBSERVATION_RETRIEVED
main_rule_a_primary,چافست,1395,1396,چافست|1395,development,fold1_validation;fold2_train,2017-01-19,2015-12-19,2017-01-18,,,,,,,,UNRESOLVED_NO_OBSERVATION_RETRIEVED
main_rule_a_primary,چکارن,1395,1396,چکارن|1395,development,fold1_validation;fold2_train,2017-07-21,2016-06-20,2017-07-20,,,,,,,,UNRESOLVED_NO_OBSERVATION_RETRIEVED
main_rule_a_primary,کبافق,1395,1396,کبافق|1395,development,fold1_validation;fold2_train,2017-07-21,2016-06-20,2017-07-20,,,,,,,,UNRESOLVED_NO_OBSERVATION_RETRIEVED
main_rule_a_primary,کرازی,1395,1396,کرازی|1395,development,fold1_validation;fold2_train,2017-07-21,2016-06-20,2017-07-20,,,,,,,,UNRESOLVED_NO_OBSERVATION_RETRIEVED
main_rule_a_primary,کفرا,1395,1396,کفرا|1395,development,fold1_validation;fold2_train,2017-07-21,2016-06-20,2017-07-20,,,,,,,,UNRESOLVED_NO_OBSERVATION_RETRIEVED
main_rule_a_primary,کفپارس,1395,1396,کفپارس|1395,development,fold1_validation;fold2_train,2017-04-19,2016-03-19,2017-04-18,,,,,,,,UNRESOLVED_NO_OBSERVATION_RETRIEVED
main_rule_a_primary,کهمدا,1395,1396,کهمدا|1395,development,fold1_validation;fold2_train,2016-10-21,2015-09-20,2016-10-20,,,,,,,,UNRESOLVED_NO_OBSERVATION_RETRIEVED
main_rule_a_primary,کگاز,1395,1396,کگاز|1395,development,fold1_validation;fold2_train,2017-07-21,2016-06-20,2017-07-20,,,,,,,,UNRESOLVED_NO_OBSERVATION_RETRIEVED
main_rule_a_primary,کگل,1395,1396,کگل|1395,development,fold1_validation;fold2_train,2017-07-21,2016-06-20,2017-07-20,,,,,,,,UNRESOLVED_NO_OBSERVATION_RETRIEVED
main_rule_a_primary,بالبر,1396,1397,بالبر|1396,development,fold1_validation;fold2_train,2018-01-20,2016-12-20,2018-01-19,,,,,,,,UNRESOLVED_NO_OBSERVATION_RETRIEVED
main_rule_a_primary,بترانس,1396,1397,بترانس|1396,development,fold1_validation;fold2_train,2018-07-20,2017-06-19,2018-07-19,,,,,,,,UNRESOLVED_NO_OBSERVATION_RETRIEVED
main_rule_a_primary,بموتو,1396,1397,بموتو|1396,development,fold1_validation;fold2_train,2018-01-20,2016-12-20,2018-01-19,,,,,,,,UNRESOLVED_NO_OBSERVATION_RETRIEVED
main_rule_a_primary,بکاب,1396,1397,بکاب|1396,development,fold1_validation;fold2_train,2018-01-20,2016-12-20,2018-01-19,,,,,,,,UNRESOLVED_NO_OBSERVATION_RETRIEVED
main_rule_a_primary,بکام,1396,1397,بکام|1396,development,fold1_validation;fold2_train,2018-07-20,2017-06-19,2018-07-19,,,,,,,,UNRESOLVED_NO_OBSERVATION_RETRIEVED
main_rule_a_primary,تپمپی,1396,1397,تپمپی|1396,development,fold1_validation;fold2_train,2017-10-22,2016-09-21,2017-10-21,,,,,,,,UNRESOLVED_NO_OBSERVATION_RETRIEVED
main_rule_a_primary,تکمبا,1396,1397,تکمبا|1396,development,fold1_validation;fold2_train,2018-07-20,2017-06-19,2018-07-19,,,,,,,,UNRESOLVED_NO_OBSERVATION_RETRIEVED
main_rule_a_primary,ثشرق,1396,1397,ثشرق|1396,development,fold1_validation;fold2_train,2018-01-20,2016-12-20,2018-01-19,,,,,,,,UNRESOLVED_NO_OBSERVATION_RETRIEVED
main_rule_a_primary,ثنوسا,1396,1397,ثنوسا|1396,development,fold1_validation;fold2_train,2018-01-20,2016-12-20,2018-01-19,,,,,,,,UNRESOLVED_NO_OBSERVATION_RETRIEVED
main_rule_a_primary,جم,1396,1397,جم|1396,development,fold1_validation;fold2_train,2018-07-20,2017-06-19,2018-07-19,,,,,,,,UNRESOLVED_NO_OBSERVATION_RETRIEVED
main_rule_a_primary,حپترو,1396,1397,حپترو|1396,development,fold1_validation;fold2_train,2018-07-20,2017-06-19,2018-07-19,,,,,,,,UNRESOLVED_NO_OBSERVATION_RETRIEVED
main_rule_a_primary,حکشتی,1396,1397,حکشتی|1396,development,fold1_validation;fold2_train,2017-10-22,2016-09-21,2017-10-21,,,,,,,,UNRESOLVED_NO_OBSERVATION_RETRIEVED
main_rule_a_primary,خاذین,1396,1397,خاذین|1396,development,fold1_validation;fold2_train,2018-07-20,2017-06-19,2018-07-19,,,,,,,,UNRESOLVED_NO_OBSERVATION_RETRIEVED
main_rule_a_primary,خبهمن,1396,1397,خبهمن|1396,development,fold1_validation;fold2_train,2018-07-20,2017-06-19,2018-07-19,,,,,,,,UNRESOLVED_NO_OBSERVATION_RETRIEVED
main_rule_a_primary,ختوقا,1396,1397,ختوقا|1396,development,fold1_validation;fold2_train,2018-07-20,2017-06-19,2018-07-19,,,,,,,,UNRESOLVED_NO_OBSERVATION_RETRIEVED
main_rule_a_primary,خرینگ,1396,1397,خرینگ|1396,development,fold1_validation;fold2_train,2018-07-20,2017-06-19,2018-07-19,,,,,,,,UNRESOLVED_NO_OBSERVATION_RETRIEVED
main_rule_a_primary,خمحور,1396,1397,خمحور|1396,development,fold1_validation;fold2_train,2018-07-20,2017-06-19,2018-07-19,,,,,,,,UNRESOLVED_NO_OBSERVATION_RETRIEVED
main_rule_a_primary,خمهر,1396,1397,خمهر|1396,development,fold1_validation;fold2_train,2018-07-20,2017-06-19,2018-07-19,,,,,,,,UNRESOLVED_NO_OBSERVATION_RETRIEVED
main_rule_a_primary,خنصیر,1396,1397,خنصیر|1396,development,fold1_validation;fold2_train,2018-07-20,2017-06-19,2018-07-19,,,,,,,,UNRESOLVED_NO_OBSERVATION_RETRIEVED
main_rule_a_primary,خوساز,1396,1397,خوساز|1396,development,fold1_validation;fold2_train,2018-07-20,2017-06-19,2018-07-19,,,,,,,,UNRESOLVED_NO_OBSERVATION_RETRIEVED
main_rule_a_primary,خچرخش,1396,1397,خچرخش|1396,development,fold1_validation;fold2_train,2018-07-20,2017-06-19,2018-07-19,,,,,,,,UNRESOLVED_NO_OBSERVATION_RETRIEVED
main_rule_a_primary,خکمک,1396,1397,خکمک|1396,development,fold1_validation;fold2_train,2018-07-20,2017-06-19,2018-07-19,,,,,,,,UNRESOLVED_NO_OBSERVATION_RETRIEVED
main_rule_a_primary,ددام,1396,1397,ددام|1396,development,fold1_validation;fold2_train,2018-07-20,2017-06-19,2018-07-19,,,,,,,,UNRESOLVED_NO_OBSERVATION_RETRIEVED
main_rule_a_primary,دروز,1396,1397,دروز|1396,development,fold1_validation;fold2_train,2018-07-20,2017-06-19,2018-07-19,,,,,,,,UNRESOLVED_NO_OBSERVATION_RETRIEVED
main_rule_a_primary,دسبحا,1396,1397,دسبحا|1396,development,fold1_validation;fold2_train,2018-07-20,2017-06-19,2018-07-19,,,,,,,,UNRESOLVED_NO_OBSERVATION_RETRIEVED
main_rule_a_primary,دسینا,1396,1397,دسینا|1396,development,fold1_validation;fold2_train,2018-07-20,2017-06-19,2018-07-19,,,,,,,,UNRESOLVED_NO_OBSERVATION_RETRIEVED
main_rule_a_primary,دشیمی,1396,1397,دشیمی|1396,development,fold1_validation;fold2_train,2018-07-20,2017-06-19,2018-07-19,,,,,,,,UNRESOLVED_NO_OBSERVATION_RETRIEVED
main_rule_a_primary,دیران,1396,1397,دیران|1396,development,fold1_validation;fold2_train,2018-07-20,2017-06-19,2018-07-19,,,,,,,,UNRESOLVED_NO_OBSERVATION_RETRIEVED
main_rule_a_primary,رانفور,1396,1397,رانفور|1396,development,fold1_validation;fold2_train,2018-07-20,2017-06-19,2018-07-19,,,,,,,,UNRESOLVED_NO_OBSERVATION_RETRIEVED
main_rule_a_primary,زمگسا,1396,1397,زمگسا|1396,development,fold1_validation;fold2_train,2018-07-20,2017-06-19,2018-07-19,,,,,,,,UNRESOLVED_NO_OBSERVATION_RETRIEVED
main_rule_a_primary,ساراب,1396,1397,ساراب|1396,development,fold1_validation;fold2_train,2018-07-20,2017-06-19,2018-07-19,,,,,,,,UNRESOLVED_NO_OBSERVATION_RETRIEVED
main_rule_a_primary,ساربیل,1396,1397,ساربیل|1396,development,fold1_validation;fold2_train,2018-04-19,2017-03-19,2018-04-18,,,,,,,,UNRESOLVED_NO_OBSERVATION_RETRIEVED
main_rule_a_primary,ساروم,1396,1397,ساروم|1396,development,fold1_validation;fold2_train,2018-07-20,2017-06-19,2018-07-19,,,,,,,,UNRESOLVED_NO_OBSERVATION_RETRIEVED
main_rule_a_primary,سبجنو,1396,1397,سبجنو|1396,development,fold1_validation;fold2_train,2018-07-20,2017-06-19,2018-07-19,,,,,,,,UNRESOLVED_NO_OBSERVATION_RETRIEVED
main_rule_a_primary,سبهان,1396,1397,سبهان|1396,development,fold1_validation;fold2_train,2018-07-20,2017-06-19,2018-07-19,,,,,,,,UNRESOLVED_NO_OBSERVATION_RETRIEVED
main_rule_a_primary,ستران,1396,1397,ستران|1396,development,fold1_validation;fold2_train,2018-07-20,2017-06-19,2018-07-19,,,,,,,,UNRESOLVED_NO_OBSERVATION_RETRIEVED
main_rule_a_primary,سخاش,1396,1397,سخاش|1396,development,fold1_validation;fold2_train,2018-07-20,2017-06-19,2018-07-19,,,,,,,,UNRESOLVED_NO_OBSERVATION_RETRIEVED
main_rule_a_primary,سخزر,1396,1397,سخزر|1396,development,fold1_validation;fold2_train,2018-07-20,2017-06-19,2018-07-19,,,,,,,,UNRESOLVED_NO_OBSERVATION_RETRIEVED
main_rule_a_primary,سخوز,1396,1397,سخوز|1396,development,fold1_validation;fold2_train,2018-07-20,2017-06-19,2018-07-19,,,,,,,,UNRESOLVED_NO_OBSERVATION_RETRIEVED
main_rule_a_primary,سدشت,1396,1397,سدشت|1396,development,fold1_validation;fold2_train,2018-01-20,2016-12-20,2018-01-19,,,,,,,,UNRESOLVED_NO_OBSERVATION_RETRIEVED
main_rule_a_primary,سدور,1396,1397,سدور|1396,development,fold1_validation;fold2_train,2018-07-20,2017-06-19,2018-07-19,,,,,,,,UNRESOLVED_NO_OBSERVATION_RETRIEVED
main_rule_a_primary,سرود,1396,1397,سرود|1396,development,fold1_validation;fold2_train,2018-07-20,2017-06-19,2018-07-19,,,,,,,,UNRESOLVED_NO_OBSERVATION_RETRIEVED
main_rule_a_primary,سشرق,1396,1397,سشرق|1396,development,fold1_validation;fold2_train,2018-01-20,2016-12-20,2018-01-19,,,,,,,,UNRESOLVED_NO_OBSERVATION_RETRIEVED
main_rule_a_primary,سصفها,1396,1397,سصفها|1396,development,fold1_validation;fold2_train,2018-07-20,2017-06-19,2018-07-19,,,,,,,,UNRESOLVED_NO_OBSERVATION_RETRIEVED
main_rule_a_primary,سغرب,1396,1397,سغرب|1396,development,fold1_validation;fold2_train,2018-07-20,2017-06-19,2018-07-19,,,,,,,,UNRESOLVED_NO_OBSERVATION_RETRIEVED
main_rule_a_primary,سقاین,1396,1397,سقاین|1396,development,fold1_validation;fold2_train,2018-07-20,2017-06-19,2018-07-19,,,,,,,,UNRESOLVED_NO_OBSERVATION_RETRIEVED
main_rule_a_primary,سمازن,1396,1397,سمازن|1396,development,fold1_validation;fold2_train,2018-04-19,2017-03-19,2018-04-18,,,,,,,,UNRESOLVED_NO_OBSERVATION_RETRIEVED
main_rule_a_primary,سنیر,1396,1397,سنیر|1396,development,fold1_validation;fold2_train,2018-07-20,2017-06-19,2018-07-19,,,,,,,,UNRESOLVED_NO_OBSERVATION_RETRIEVED
main_rule_a_primary,سهگمت,1396,1397,سهگمت|1396,development,fold1_validation;fold2_train,2018-05-20,2017-04-19,2018-05-19,,,,,,,,UNRESOLVED_NO_OBSERVATION_RETRIEVED
main_rule_a_primary,سپاها,1396,1397,سپاها|1396,development,fold1_validation;fold2_train,2018-01-20,2016-12-20,2018-01-19,,,,,,,,UNRESOLVED_NO_OBSERVATION_RETRIEVED
main_rule_a_primary,سکرد,1396,1397,سکرد|1396,development,fold1_validation;fold2_train,2018-01-20,2016-12-20,2018-01-19,,,,,,,,UNRESOLVED_NO_OBSERVATION_RETRIEVED
main_rule_a_primary,سیلام,1396,1397,سیلام|1396,development,fold1_validation;fold2_train,2018-05-20,2017-04-19,2018-05-19,,,,,,,,UNRESOLVED_NO_OBSERVATION_RETRIEVED
main_rule_a_primary,شاراک,1396,1397,شاراک|1396,development,fold1_validation;fold2_train,2018-07-20,2017-06-19,2018-07-19,,,,,,,,UNRESOLVED_NO_OBSERVATION_RETRIEVED
main_rule_a_primary,شبریز,1396,1397,شبریز|1396,development,fold1_validation;fold2_train,2018-07-20,2017-06-19,2018-07-19,,,,,,,,UNRESOLVED_NO_OBSERVATION_RETRIEVED
main_rule_a_primary,شبندر,1396,1397,شبندر|1396,development,fold1_validation;fold2_train,2018-07-20,2017-06-19,2018-07-19,,,,,,,,UNRESOLVED_NO_OBSERVATION_RETRIEVED
main_rule_a_primary,شدوص,1396,1397,شدوص|1396,development,fold1_validation;fold2_train,2018-07-20,2017-06-19,2018-07-19,,,,,,,,UNRESOLVED_NO_OBSERVATION_RETRIEVED
main_rule_a_primary,شفارس,1396,1397,شفارس|1396,development,fold1_validation;fold2_train,2018-07-20,2017-06-19,2018-07-19,,,,,,,,UNRESOLVED_NO_OBSERVATION_RETRIEVED
main_rule_a_primary,شلعاب,1396,1397,شلعاب|1396,development,fold1_validation;fold2_train,2018-07-20,2017-06-19,2018-07-19,,,,,,,,UNRESOLVED_NO_OBSERVATION_RETRIEVED
main_rule_a_primary,شپارس,1396,1397,شپارس|1396,development,fold1_validation;fold2_train,2018-01-20,2016-12-20,2018-01-19,,,,,,,,UNRESOLVED_NO_OBSERVATION_RETRIEVED
main_rule_a_primary,شپنا,1396,1397,شپنا|1396,development,fold1_validation;fold2_train,2018-07-20,2017-06-19,2018-07-19,,,,,,,,UNRESOLVED_NO_OBSERVATION_RETRIEVED
main_rule_a_primary,شکربن,1396,1397,شکربن|1396,development,fold1_validation;fold2_train,2018-07-20,2017-06-19,2018-07-19,,,,,,,,UNRESOLVED_NO_OBSERVATION_RETRIEVED
main_rule_a_primary,شکلر,1396,1397,شکلر|1396,development,fold1_validation;fold2_train,2018-01-20,2016-12-20,2018-01-19,,,,,,,,UNRESOLVED_NO_OBSERVATION_RETRIEVED
main_rule_a_primary,شیران,1396,1397,شیران|1396,development,fold1_validation;fold2_train,2018-04-19,2017-03-19,2018-04-18,,,,,,,,UNRESOLVED_NO_OBSERVATION_RETRIEVED
main_rule_a_primary,غبهنوش,1396,1397,غبهنوش|1396,development,fold1_validation;fold2_train,2018-07-20,2017-06-19,2018-07-19,,,,,,,,UNRESOLVED_NO_OBSERVATION_RETRIEVED
main_rule_a_primary,غدام,1396,1397,غدام|1396,development,fold1_validation;fold2_train,2018-04-19,2017-03-19,2018-04-18,,,,,,,,UNRESOLVED_NO_OBSERVATION_RETRIEVED
main_rule_a_primary,غسالم,1396,1397,غسالم|1396,development,fold1_validation;fold2_train,2018-07-20,2017-06-19,2018-07-19,,,,,,,,UNRESOLVED_NO_OBSERVATION_RETRIEVED
main_rule_a_primary,غشان,1396,1397,غشان|1396,development,fold1_validation;fold2_train,2018-07-20,2017-06-19,2018-07-19,,,,,,,,UNRESOLVED_NO_OBSERVATION_RETRIEVED
main_rule_a_primary,غشهد,1396,1397,غشهد|1396,development,fold1_validation;fold2_train,2018-07-20,2017-06-19,2018-07-19,,,,,,,,UNRESOLVED_NO_OBSERVATION_RETRIEVED
main_rule_a_primary,غنوش,1396,1397,غنوش|1396,development,fold1_validation;fold2_train,2018-07-20,2017-06-19,2018-07-19,,,,,,,,UNRESOLVED_NO_OBSERVATION_RETRIEVED
main_rule_a_primary,غگل,1396,1397,غگل|1396,development,fold1_validation;fold2_train,2018-01-20,2016-12-20,2018-01-19,,,,,,,,UNRESOLVED_NO_OBSERVATION_RETRIEVED
main_rule_a_primary,فاذر,1396,1397,فاذر|1396,development,fold1_validation;fold2_train,2018-07-20,2017-06-19,2018-07-19,,,,,,,,UNRESOLVED_NO_OBSERVATION_RETRIEVED
main_rule_a_primary,فایرا,1396,1397,فایرا|1396,development,fold1_validation;fold2_train,2018-07-20,2017-06-19,2018-07-19,,,,,,,,UNRESOLVED_NO_OBSERVATION_RETRIEVED
main_rule_a_primary,فباهنر,1396,1397,فباهنر|1396,development,fold1_validation;fold2_train,2018-07-20,2017-06-19,2018-07-19,,,,,,,,UNRESOLVED_NO_OBSERVATION_RETRIEVED
main_rule_a_primary,فجام,1396,1397,فجام|1396,development,fold1_validation;fold2_train,2018-07-20,2017-06-19,2018-07-19,,,,,,,,UNRESOLVED_NO_OBSERVATION_RETRIEVED
main_rule_a_primary,فجر,1396,1397,فجر|1396,development,fold1_validation;fold2_train,2018-07-20,2017-06-19,2018-07-19,,,,,,,,UNRESOLVED_NO_OBSERVATION_RETRIEVED
main_rule_a_primary,فخوز,1396,1397,فخوز|1396,development,fold1_validation;fold2_train,2018-07-20,2017-06-19,2018-07-19,,,,,,,,UNRESOLVED_NO_OBSERVATION_RETRIEVED
main_rule_a_primary,فرآور,1396,1397,فرآور|1396,development,fold1_validation;fold2_train,2018-07-20,2017-06-19,2018-07-19,,,,,,,,UNRESOLVED_NO_OBSERVATION_RETRIEVED
main_rule_a_primary,فسرب,1396,1397,فسرب|1396,development,fold1_validation;fold2_train,2018-07-20,2017-06-19,2018-07-19,,,,,,,,UNRESOLVED_NO_OBSERVATION_RETRIEVED
main_rule_a_primary,فسپا,1396,1397,فسپا|1396,development,fold1_validation;fold2_train,2018-07-20,2017-06-19,2018-07-19,,,,,,,,UNRESOLVED_NO_OBSERVATION_RETRIEVED
main_rule_a_primary,فمراد,1396,1397,فمراد|1396,development,fold1_validation;fold2_train,2018-07-20,2017-06-19,2018-07-19,,,,,,,,UNRESOLVED_NO_OBSERVATION_RETRIEVED
main_rule_a_primary,فملی,1396,1397,فملی|1396,development,fold1_validation;fold2_train,2018-07-20,2017-06-19,2018-07-19,,,,,,,,UNRESOLVED_NO_OBSERVATION_RETRIEVED
main_rule_a_primary,فنورد,1396,1397,فنورد|1396,development,fold1_validation;fold2_train,2018-07-20,2017-06-19,2018-07-19,,,,,,,,UNRESOLVED_NO_OBSERVATION_RETRIEVED
main_rule_a_primary,فولاژ,1396,1397,فولاژ|1396,development,fold1_validation;fold2_train,2018-07-20,2017-06-19,2018-07-19,,,,,,,,UNRESOLVED_NO_OBSERVATION_RETRIEVED
main_rule_a_primary,فپنتا,1396,1397,فپنتا|1396,development,fold1_validation;fold2_train,2018-07-20,2017-06-19,2018-07-19,,,,,,,,UNRESOLVED_NO_OBSERVATION_RETRIEVED
main_rule_a_primary,لابسا,1396,1397,لابسا|1396,development,fold1_validation;fold2_train,2018-07-20,2017-06-19,2018-07-19,,,,,,,,UNRESOLVED_NO_OBSERVATION_RETRIEVED
main_rule_a_primary,لبوتان,1396,1397,لبوتان|1396,development,fold1_validation;fold2_train,2018-07-20,2017-06-19,2018-07-19,,,,,,,,UNRESOLVED_NO_OBSERVATION_RETRIEVED
main_rule_a_primary,لخزر,1396,1397,لخزر|1396,development,fold1_validation;fold2_train,2018-07-20,2017-06-19,2018-07-19,,,,,,,,UNRESOLVED_NO_OBSERVATION_RETRIEVED
main_rule_a_primary,لسرما,1396,1397,لسرما|1396,development,fold1_validation;fold2_train,2018-07-20,2017-06-19,2018-07-19,,,,,,,,UNRESOLVED_NO_OBSERVATION_RETRIEVED
main_rule_a_primary,های وب,1396,1397,های وب|1396,development,fold1_validation;fold2_train,2018-07-20,2017-06-19,2018-07-19,,,,,,,,UNRESOLVED_NO_OBSERVATION_RETRIEVED
main_rule_a_primary,همراه,1396,1397,همراه|1396,development,fold1_validation;fold2_train,2018-07-20,2017-06-19,2018-07-19,,,,,,,,UNRESOLVED_NO_OBSERVATION_RETRIEVED
main_rule_a_primary,پدرخش,1396,1397,پدرخش|1396,development,fold1_validation;fold2_train,2018-07-20,2017-06-19,2018-07-19,,,,,,,,UNRESOLVED_NO_OBSERVATION_RETRIEVED
main_rule_a_primary,پرداخت,1396,1397,پرداخت|1396,development,fold1_validation;fold2_train,2018-07-20,2017-06-19,2018-07-19,,,,,,,,UNRESOLVED_NO_OBSERVATION_RETRIEVED
main_rule_a_primary,پسهند,1396,1397,پسهند|1396,development,fold1_validation;fold2_train,2018-07-20,2017-06-19,2018-07-19,,,,,,,,UNRESOLVED_NO_OBSERVATION_RETRIEVED
main_rule_a_primary,پلاسک,1396,1397,پلاسک|1396,development,fold1_validation;fold2_train,2018-07-20,2017-06-19,2018-07-19,,,,,,,,UNRESOLVED_NO_OBSERVATION_RETRIEVED
main_rule_a_primary,چافست,1396,1397,چافست|1396,development,fold1_validation;fold2_train,2018-01-20,2016-12-20,2018-01-19,,,,,,,,UNRESOLVED_NO_OBSERVATION_RETRIEVED
main_rule_a_primary,چکارن,1396,1397,چکارن|1396,development,fold1_validation;fold2_train,2018-07-20,2017-06-19,2018-07-19,,,,,,,,UNRESOLVED_NO_OBSERVATION_RETRIEVED
main_rule_a_primary,کاوه,1396,1397,کاوه|1396,development,fold1_validation;fold2_train,2018-07-20,2017-06-19,2018-07-19,,,,,,,,UNRESOLVED_NO_OBSERVATION_RETRIEVED
main_rule_a_primary,کبافق,1396,1397,کبافق|1396,development,fold1_validation;fold2_train,2018-07-20,2017-06-19,2018-07-19,,,,,,,,UNRESOLVED_NO_OBSERVATION_RETRIEVED
main_rule_a_primary,کرازی,1396,1397,کرازی|1396,development,fold1_validation;fold2_train,2018-07-20,2017-06-19,2018-07-19,,,,,,,,UNRESOLVED_NO_OBSERVATION_RETRIEVED
main_rule_a_primary,کفرا,1396,1397,کفرا|1396,development,fold1_validation;fold2_train,2018-07-20,2017-06-19,2018-07-19,,,,,,,,UNRESOLVED_NO_OBSERVATION_RETRIEVED
main_rule_a_primary,کفپارس,1396,1397,کفپارس|1396,development,fold1_validation;fold2_train,2018-04-19,2017-03-19,2018-04-18,,,,,,,,UNRESOLVED_NO_OBSERVATION_RETRIEVED
main_rule_a_primary,کهمدا,1396,1397,کهمدا|1396,development,fold1_validation;fold2_train,2017-10-22,2016-09-21,2017-10-21,,,,,,,,UNRESOLVED_NO_OBSERVATION_RETRIEVED
main_rule_a_primary,کگاز,1396,1397,کگاز|1396,development,fold1_validation;fold2_train,2018-07-20,2017-06-19,2018-07-19,,,,,,,,UNRESOLVED_NO_OBSERVATION_RETRIEVED
main_rule_a_primary,کگل,1396,1397,کگل|1396,development,fold1_validation;fold2_train,2018-07-20,2017-06-19,2018-07-19,,,,,,,,UNRESOLVED_NO_OBSERVATION_RETRIEVED
main_rule_a_primary,بالبر,1397,1398,بالبر|1397,development,fold2_validation,2019-01-20,2017-12-20,2019-01-19,,,,,,,,UNRESOLVED_NO_OBSERVATION_RETRIEVED
main_rule_a_primary,بترانس,1397,1398,بترانس|1397,development,fold2_validation,2019-07-20,2018-06-19,2019-07-19,,,,,,,,UNRESOLVED_NO_OBSERVATION_RETRIEVED
main_rule_a_primary,بموتو,1397,1398,بموتو|1397,development,fold2_validation,2019-01-20,2017-12-20,2019-01-19,,,,,,,,UNRESOLVED_NO_OBSERVATION_RETRIEVED
main_rule_a_primary,بکاب,1397,1398,بکاب|1397,development,fold2_validation,2019-01-20,2017-12-20,2019-01-19,,,,,,,,UNRESOLVED_NO_OBSERVATION_RETRIEVED
main_rule_a_primary,بکام,1397,1398,بکام|1397,development,fold2_validation,2019-07-20,2018-06-19,2019-07-19,,,,,,,,UNRESOLVED_NO_OBSERVATION_RETRIEVED
main_rule_a_primary,تپمپی,1397,1398,تپمپی|1397,development,fold2_validation,2018-10-22,2017-09-21,2018-10-21,,,,,,,,UNRESOLVED_NO_OBSERVATION_RETRIEVED
main_rule_a_primary,تکمبا,1397,1398,تکمبا|1397,development,fold2_validation,2019-07-20,2018-06-19,2019-07-19,,,,,,,,UNRESOLVED_NO_OBSERVATION_RETRIEVED
main_rule_a_primary,ثشرق,1397,1398,ثشرق|1397,development,fold2_validation,2019-01-20,2017-12-20,2019-01-19,,,,,,,,UNRESOLVED_NO_OBSERVATION_RETRIEVED
main_rule_a_primary,ثنوسا,1397,1398,ثنوسا|1397,development,fold2_validation,2019-01-20,2017-12-20,2019-01-19,,,,,,,,UNRESOLVED_NO_OBSERVATION_RETRIEVED
main_rule_a_primary,جم,1397,1398,جم|1397,development,fold2_validation,2019-07-20,2018-06-19,2019-07-19,,,,,,,,UNRESOLVED_NO_OBSERVATION_RETRIEVED
main_rule_a_primary,حپترو,1397,1398,حپترو|1397,development,fold2_validation,2019-07-20,2018-06-19,2019-07-19,,,,,,,,UNRESOLVED_NO_OBSERVATION_RETRIEVED
main_rule_a_primary,حکشتی,1397,1398,حکشتی|1397,development,fold2_validation,2018-10-22,2017-09-21,2018-10-21,,,,,,,,UNRESOLVED_NO_OBSERVATION_RETRIEVED
main_rule_a_primary,خاذین,1397,1398,خاذین|1397,development,fold2_validation,2019-07-20,2018-06-19,2019-07-19,,,,,,,,UNRESOLVED_NO_OBSERVATION_RETRIEVED
main_rule_a_primary,خبهمن,1397,1398,خبهمن|1397,development,fold2_validation,2019-07-20,2018-06-19,2019-07-19,,,,,,,,UNRESOLVED_NO_OBSERVATION_RETRIEVED
main_rule_a_primary,ختوقا,1397,1398,ختوقا|1397,development,fold2_validation,2019-07-20,2018-06-19,2019-07-19,,,,,,,,UNRESOLVED_NO_OBSERVATION_RETRIEVED
main_rule_a_primary,خرینگ,1397,1398,خرینگ|1397,development,fold2_validation,2019-07-20,2018-06-19,2019-07-19,,,,,,,,UNRESOLVED_NO_OBSERVATION_RETRIEVED
main_rule_a_primary,خمحور,1397,1398,خمحور|1397,development,fold2_validation,2019-07-20,2018-06-19,2019-07-19,,,,,,,,UNRESOLVED_NO_OBSERVATION_RETRIEVED
main_rule_a_primary,خمهر,1397,1398,خمهر|1397,development,fold2_validation,2019-07-20,2018-06-19,2019-07-19,,,,,,,,UNRESOLVED_NO_OBSERVATION_RETRIEVED
main_rule_a_primary,خنصیر,1397,1398,خنصیر|1397,development,fold2_validation,2019-07-20,2018-06-19,2019-07-19,,,,,,,,UNRESOLVED_NO_OBSERVATION_RETRIEVED
main_rule_a_primary,خوساز,1397,1398,خوساز|1397,development,fold2_validation,2019-07-20,2018-06-19,2019-07-19,,,,,,,,UNRESOLVED_NO_OBSERVATION_RETRIEVED
main_rule_a_primary,خچرخش,1397,1398,خچرخش|1397,development,fold2_validation,2019-07-20,2018-06-19,2019-07-19,,,,,,,,UNRESOLVED_NO_OBSERVATION_RETRIEVED
main_rule_a_primary,خکمک,1397,1398,خکمک|1397,development,fold2_validation,2019-07-20,2018-06-19,2019-07-19,,,,,,,,UNRESOLVED_NO_OBSERVATION_RETRIEVED
main_rule_a_primary,ددام,1397,1398,ددام|1397,development,fold2_validation,2019-07-20,2018-06-19,2019-07-19,,,,,,,,UNRESOLVED_NO_OBSERVATION_RETRIEVED
main_rule_a_primary,دروز,1397,1398,دروز|1397,development,fold2_validation,2019-07-20,2018-06-19,2019-07-19,,,,,,,,UNRESOLVED_NO_OBSERVATION_RETRIEVED
main_rule_a_primary,دسبحا,1397,1398,دسبحا|1397,development,fold2_validation,2019-07-20,2018-06-19,2019-07-19,,,,,,,,UNRESOLVED_NO_OBSERVATION_RETRIEVED
main_rule_a_primary,دسینا,1397,1398,دسینا|1397,development,fold2_validation,2019-07-20,2018-06-19,2019-07-19,,,,,,,,UNRESOLVED_NO_OBSERVATION_RETRIEVED
main_rule_a_primary,دشیمی,1397,1398,دشیمی|1397,development,fold2_validation,2019-07-20,2018-06-19,2019-07-19,,,,,,,,UNRESOLVED_NO_OBSERVATION_RETRIEVED
main_rule_a_primary,دیران,1397,1398,دیران|1397,development,fold2_validation,2019-07-20,2018-06-19,2019-07-19,,,,,,,,UNRESOLVED_NO_OBSERVATION_RETRIEVED
main_rule_a_primary,رانفور,1397,1398,رانفور|1397,development,fold2_validation,2019-07-20,2018-06-19,2019-07-19,,,,,,,,UNRESOLVED_NO_OBSERVATION_RETRIEVED
main_rule_a_primary,رمپنا,1397,1398,رمپنا|1397,development,fold2_validation,2018-08-22,2017-07-22,2018-08-21,,,,,,,,UNRESOLVED_NO_OBSERVATION_RETRIEVED
main_rule_a_primary,زمگسا,1397,1398,زمگسا|1397,development,fold2_validation,2019-07-20,2018-06-19,2019-07-19,,,,,,,,UNRESOLVED_NO_OBSERVATION_RETRIEVED
main_rule_a_primary,زپارس,1397,1398,زپارس|1397,development,fold2_validation,2019-04-19,2018-03-19,2019-04-18,,,,,,,,UNRESOLVED_NO_OBSERVATION_RETRIEVED
main_rule_a_primary,ساراب,1397,1398,ساراب|1397,development,fold2_validation,2019-07-20,2018-06-19,2019-07-19,,,,,,,,UNRESOLVED_NO_OBSERVATION_RETRIEVED
main_rule_a_primary,ساربیل,1397,1398,ساربیل|1397,development,fold2_validation,2019-04-19,2018-03-19,2019-04-18,,,,,,,,UNRESOLVED_NO_OBSERVATION_RETRIEVED
main_rule_a_primary,ساروم,1397,1398,ساروم|1397,development,fold2_validation,2019-07-20,2018-06-19,2019-07-19,,,,,,,,UNRESOLVED_NO_OBSERVATION_RETRIEVED
main_rule_a_primary,سبجنو,1397,1398,سبجنو|1397,development,fold2_validation,2019-07-20,2018-06-19,2019-07-19,,,,,,,,UNRESOLVED_NO_OBSERVATION_RETRIEVED
main_rule_a_primary,سبهان,1397,1398,سبهان|1397,development,fold2_validation,2019-07-20,2018-06-19,2019-07-19,,,,,,,,UNRESOLVED_NO_OBSERVATION_RETRIEVED
main_rule_a_primary,ستران,1397,1398,ستران|1397,development,fold2_validation,2019-07-20,2018-06-19,2019-07-19,,,,,,,,UNRESOLVED_NO_OBSERVATION_RETRIEVED
main_rule_a_primary,سخاش,1397,1398,سخاش|1397,development,fold2_validation,2019-07-20,2018-06-19,2019-07-19,,,,,,,,UNRESOLVED_NO_OBSERVATION_RETRIEVED
main_rule_a_primary,سخزر,1397,1398,سخزر|1397,development,fold2_validation,2019-07-20,2018-06-19,2019-07-19,,,,,,,,UNRESOLVED_NO_OBSERVATION_RETRIEVED
main_rule_a_primary,سخوز,1397,1398,سخوز|1397,development,fold2_validation,2019-07-20,2018-06-19,2019-07-19,,,,,,,,UNRESOLVED_NO_OBSERVATION_RETRIEVED
main_rule_a_primary,سدشت,1397,1398,سدشت|1397,development,fold2_validation,2019-01-20,2017-12-20,2019-01-19,,,,,,,,UNRESOLVED_NO_OBSERVATION_RETRIEVED
main_rule_a_primary,سدور,1397,1398,سدور|1397,development,fold2_validation,2019-07-20,2018-06-19,2019-07-19,,,,,,,,UNRESOLVED_NO_OBSERVATION_RETRIEVED
main_rule_a_primary,سرود,1397,1398,سرود|1397,development,fold2_validation,2019-07-20,2018-06-19,2019-07-19,,,,,,,,UNRESOLVED_NO_OBSERVATION_RETRIEVED
main_rule_a_primary,سشرق,1397,1398,سشرق|1397,development,fold2_validation,2019-01-20,2017-12-20,2019-01-19,,,,,,,,UNRESOLVED_NO_OBSERVATION_RETRIEVED
main_rule_a_primary,سصفها,1397,1398,سصفها|1397,development,fold2_validation,2019-07-20,2018-06-19,2019-07-19,,,,,,,,UNRESOLVED_NO_OBSERVATION_RETRIEVED
main_rule_a_primary,سغرب,1397,1398,سغرب|1397,development,fold2_validation,2019-07-20,2018-06-19,2019-07-19,,,,,,,,UNRESOLVED_NO_OBSERVATION_RETRIEVED
main_rule_a_primary,سقاین,1397,1398,سقاین|1397,development,fold2_validation,2019-07-20,2018-06-19,2019-07-19,,,,,,,,UNRESOLVED_NO_OBSERVATION_RETRIEVED
main_rule_a_primary,سمازن,1397,1398,سمازن|1397,development,fold2_validation,2019-04-19,2018-03-19,2019-04-18,,,,,,,,UNRESOLVED_NO_OBSERVATION_RETRIEVED
main_rule_a_primary,سنیر,1397,1398,سنیر|1397,development,fold2_validation,2019-07-20,2018-06-19,2019-07-19,,,,,,,,UNRESOLVED_NO_OBSERVATION_RETRIEVED
main_rule_a_primary,سهگمت,1397,1398,سهگمت|1397,development,fold2_validation,2019-05-20,2018-04-19,2019-05-19,,,,,,,,UNRESOLVED_NO_OBSERVATION_RETRIEVED
main_rule_a_primary,سپاها,1397,1398,سپاها|1397,development,fold2_validation,2019-01-20,2017-12-20,2019-01-19,,,,,,,,UNRESOLVED_NO_OBSERVATION_RETRIEVED
main_rule_a_primary,سکرد,1397,1398,سکرد|1397,development,fold2_validation,2019-01-20,2017-12-20,2019-01-19,,,,,,,,UNRESOLVED_NO_OBSERVATION_RETRIEVED
main_rule_a_primary,سیلام,1397,1398,سیلام|1397,development,fold2_validation,2019-05-20,2018-04-19,2019-05-19,,,,,,,,UNRESOLVED_NO_OBSERVATION_RETRIEVED
main_rule_a_primary,شاراک,1397,1398,شاراک|1397,development,fold2_validation,2019-07-20,2018-06-19,2019-07-19,,,,,,,,UNRESOLVED_NO_OBSERVATION_RETRIEVED
main_rule_a_primary,شبریز,1397,1398,شبریز|1397,development,fold2_validation,2019-07-20,2018-06-19,2019-07-19,,,,,,,,UNRESOLVED_NO_OBSERVATION_RETRIEVED
main_rule_a_primary,شبندر,1397,1398,شبندر|1397,development,fold2_validation,2019-07-20,2018-06-19,2019-07-19,,,,,,,,UNRESOLVED_NO_OBSERVATION_RETRIEVED
main_rule_a_primary,شدوص,1397,1398,شدوص|1397,development,fold2_validation,2019-07-20,2018-06-19,2019-07-19,,,,,,,,UNRESOLVED_NO_OBSERVATION_RETRIEVED
main_rule_a_primary,شفارس,1397,1398,شفارس|1397,development,fold2_validation,2019-07-20,2018-06-19,2019-07-19,,,,,,,,UNRESOLVED_NO_OBSERVATION_RETRIEVED
main_rule_a_primary,شلعاب,1397,1398,شلعاب|1397,development,fold2_validation,2019-07-20,2018-06-19,2019-07-19,,,,,,,,UNRESOLVED_NO_OBSERVATION_RETRIEVED
main_rule_a_primary,شپارس,1397,1398,شپارس|1397,development,fold2_validation,2019-01-20,2017-12-20,2019-01-19,,,,,,,,UNRESOLVED_NO_OBSERVATION_RETRIEVED
main_rule_a_primary,شپنا,1397,1398,شپنا|1397,development,fold2_validation,2019-07-20,2018-06-19,2019-07-19,,,,,,,,UNRESOLVED_NO_OBSERVATION_RETRIEVED
main_rule_a_primary,شکربن,1397,1398,شکربن|1397,development,fold2_validation,2019-07-20,2018-06-19,2019-07-19,,,,,,,,UNRESOLVED_NO_OBSERVATION_RETRIEVED
main_rule_a_primary,شیران,1397,1398,شیران|1397,development,fold2_validation,2019-04-19,2018-03-19,2019-04-18,,,,,,,,UNRESOLVED_NO_OBSERVATION_RETRIEVED
main_rule_a_primary,غبهنوش,1397,1398,غبهنوش|1397,development,fold2_validation,2019-07-20,2018-06-19,2019-07-19,,,,,,,,UNRESOLVED_NO_OBSERVATION_RETRIEVED
main_rule_a_primary,غدام,1397,1398,غدام|1397,development,fold2_validation,2019-04-19,2018-03-19,2019-04-18,,,,,,,,UNRESOLVED_NO_OBSERVATION_RETRIEVED
main_rule_a_primary,غسالم,1397,1398,غسالم|1397,development,fold2_validation,2019-07-20,2018-06-19,2019-07-19,,,,,,,,UNRESOLVED_NO_OBSERVATION_RETRIEVED
main_rule_a_primary,غشان,1397,1398,غشان|1397,development,fold2_validation,2019-07-20,2018-06-19,2019-07-19,,,,,,,,UNRESOLVED_NO_OBSERVATION_RETRIEVED
main_rule_a_primary,غشهد,1397,1398,غشهد|1397,development,fold2_validation,2019-07-20,2018-06-19,2019-07-19,,,,,,,,UNRESOLVED_NO_OBSERVATION_RETRIEVED
main_rule_a_primary,غنوش,1397,1398,غنوش|1397,development,fold2_validation,2019-07-20,2018-06-19,2019-07-19,,,,,,,,UNRESOLVED_NO_OBSERVATION_RETRIEVED
main_rule_a_primary,غگل,1397,1398,غگل|1397,development,fold2_validation,2019-01-20,2017-12-20,2019-01-19,,,,,,,,UNRESOLVED_NO_OBSERVATION_RETRIEVED
main_rule_a_primary,فاذر,1397,1398,فاذر|1397,development,fold2_validation,2019-07-20,2018-06-19,2019-07-19,,,,,,,,UNRESOLVED_NO_OBSERVATION_RETRIEVED
main_rule_a_primary,فایرا,1397,1398,فایرا|1397,development,fold2_validation,2019-07-20,2018-06-19,2019-07-19,,,,,,,,UNRESOLVED_NO_OBSERVATION_RETRIEVED
main_rule_a_primary,فباهنر,1397,1398,فباهنر|1397,development,fold2_validation,2019-07-20,2018-06-19,2019-07-19,,,,,,,,UNRESOLVED_NO_OBSERVATION_RETRIEVED
main_rule_a_primary,فجام,1397,1398,فجام|1397,development,fold2_validation,2019-07-20,2018-06-19,2019-07-19,,,,,,,,UNRESOLVED_NO_OBSERVATION_RETRIEVED
main_rule_a_primary,فجر,1397,1398,فجر|1397,development,fold2_validation,2019-07-20,2018-06-19,2019-07-19,,,,,,,,UNRESOLVED_NO_OBSERVATION_RETRIEVED
main_rule_a_primary,فخوز,1397,1398,فخوز|1397,development,fold2_validation,2019-07-20,2018-06-19,2019-07-19,,,,,,,,UNRESOLVED_NO_OBSERVATION_RETRIEVED
main_rule_a_primary,فرآور,1397,1398,فرآور|1397,development,fold2_validation,2019-07-20,2018-06-19,2019-07-19,,,,,,,,UNRESOLVED_NO_OBSERVATION_RETRIEVED
main_rule_a_primary,فسرب,1397,1398,فسرب|1397,development,fold2_validation,2019-07-20,2018-06-19,2019-07-19,,,,,,,,UNRESOLVED_NO_OBSERVATION_RETRIEVED
main_rule_a_primary,فسپا,1397,1398,فسپا|1397,development,fold2_validation,2019-07-20,2018-06-19,2019-07-19,,,,,,,,UNRESOLVED_NO_OBSERVATION_RETRIEVED
main_rule_a_primary,فمراد,1397,1398,فمراد|1397,development,fold2_validation,2019-07-20,2018-06-19,2019-07-19,,,,,,,,UNRESOLVED_NO_OBSERVATION_RETRIEVED
main_rule_a_primary,فملی,1397,1398,فملی|1397,development,fold2_validation,2019-07-20,2018-06-19,2019-07-19,,,,,,,,UNRESOLVED_NO_OBSERVATION_RETRIEVED
main_rule_a_primary,فنورد,1397,1398,فنورد|1397,development,fold2_validation,2019-07-20,2018-06-19,2019-07-19,,,,,,,,UNRESOLVED_NO_OBSERVATION_RETRIEVED
main_rule_a_primary,فولاژ,1397,1398,فولاژ|1397,development,fold2_validation,2019-07-20,2018-06-19,2019-07-19,,,,,,,,UNRESOLVED_NO_OBSERVATION_RETRIEVED
main_rule_a_primary,فپنتا,1397,1398,فپنتا|1397,development,fold2_validation,2019-07-20,2018-06-19,2019-07-19,,,,,,,,UNRESOLVED_NO_OBSERVATION_RETRIEVED
main_rule_a_primary,لابسا,1397,1398,لابسا|1397,development,fold2_validation,2019-07-20,2018-06-19,2019-07-19,,,,,,,,UNRESOLVED_NO_OBSERVATION_RETRIEVED
main_rule_a_primary,لبوتان,1397,1398,لبوتان|1397,development,fold2_validation,2019-07-20,2018-06-19,2019-07-19,,,,,,,,UNRESOLVED_NO_OBSERVATION_RETRIEVED
main_rule_a_primary,لخزر,1397,1398,لخزر|1397,development,fold2_validation,2019-07-20,2018-06-19,2019-07-19,,,,,,,,UNRESOLVED_NO_OBSERVATION_RETRIEVED
main_rule_a_primary,لسرما,1397,1398,لسرما|1397,development,fold2_validation,2019-07-20,2018-06-19,2019-07-19,,,,,,,,UNRESOLVED_NO_OBSERVATION_RETRIEVED
main_rule_a_primary,های وب,1397,1398,های وب|1397,development,fold2_validation,2019-07-20,2018-06-19,2019-07-19,,,,,,,,UNRESOLVED_NO_OBSERVATION_RETRIEVED
main_rule_a_primary,همراه,1397,1398,همراه|1397,development,fold2_validation,2019-07-20,2018-06-19,2019-07-19,,,,,,,,UNRESOLVED_NO_OBSERVATION_RETRIEVED
main_rule_a_primary,پارس,1397,1398,پارس|1397,development,fold2_validation,2019-07-20,2018-06-19,2019-07-19,,,,,,,,UNRESOLVED_NO_OBSERVATION_RETRIEVED
main_rule_a_primary,پدرخش,1397,1398,پدرخش|1397,development,fold2_validation,2019-07-20,2018-06-19,2019-07-19,,,,,,,,UNRESOLVED_NO_OBSERVATION_RETRIEVED
main_rule_a_primary,پرداخت,1397,1398,پرداخت|1397,development,fold2_validation,2019-07-20,2018-06-19,2019-07-19,,,,,,,,UNRESOLVED_NO_OBSERVATION_RETRIEVED
main_rule_a_primary,پسهند,1397,1398,پسهند|1397,development,fold2_validation,2019-07-20,2018-06-19,2019-07-19,,,,,,,,UNRESOLVED_NO_OBSERVATION_RETRIEVED
main_rule_a_primary,پلاسک,1397,1398,پلاسک|1397,development,fold2_validation,2019-07-20,2018-06-19,2019-07-19,,,,,,,,UNRESOLVED_NO_OBSERVATION_RETRIEVED
main_rule_a_primary,چافست,1397,1398,چافست|1397,development,fold2_validation,2019-01-20,2017-12-20,2019-01-19,,,,,,,,UNRESOLVED_NO_OBSERVATION_RETRIEVED
main_rule_a_primary,چکارن,1397,1398,چکارن|1397,development,fold2_validation,2019-07-20,2018-06-19,2019-07-19,,,,,,,,UNRESOLVED_NO_OBSERVATION_RETRIEVED
main_rule_a_primary,کاوه,1397,1398,کاوه|1397,development,fold2_validation,2019-07-20,2018-06-19,2019-07-19,,,,,,,,UNRESOLVED_NO_OBSERVATION_RETRIEVED
main_rule_a_primary,کبافق,1397,1398,کبافق|1397,development,fold2_validation,2019-07-20,2018-06-19,2019-07-19,,,,,,,,UNRESOLVED_NO_OBSERVATION_RETRIEVED
main_rule_a_primary,کرازی,1397,1398,کرازی|1397,development,fold2_validation,2019-07-20,2018-06-19,2019-07-19,,,,,,,,UNRESOLVED_NO_OBSERVATION_RETRIEVED
main_rule_a_primary,کفرا,1397,1398,کفرا|1397,development,fold2_validation,2019-07-20,2018-06-19,2019-07-19,,,,,,,,UNRESOLVED_NO_OBSERVATION_RETRIEVED
main_rule_a_primary,کفپارس,1397,1398,کفپارس|1397,development,fold2_validation,2019-04-19,2018-03-19,2019-04-18,,,,,,,,UNRESOLVED_NO_OBSERVATION_RETRIEVED
main_rule_a_primary,کهمدا,1397,1398,کهمدا|1397,development,fold2_validation,2018-10-22,2017-09-21,2018-10-21,,,,,,,,UNRESOLVED_NO_OBSERVATION_RETRIEVED
main_rule_a_primary,کگاز,1397,1398,کگاز|1397,development,fold2_validation,2019-07-20,2018-06-19,2019-07-19,,,,,,,,UNRESOLVED_NO_OBSERVATION_RETRIEVED
main_rule_a_primary,کگل,1397,1398,کگل|1397,development,fold2_validation,2019-07-20,2018-06-19,2019-07-19,,,,,,,,UNRESOLVED_NO_OBSERVATION_RETRIEVED
main_rule_a_primary,بالبر,1398,1399,بالبر|1398,development,fold2_validation,2020-01-20,2018-12-20,2020-01-19,,,,,,,,UNRESOLVED_NO_OBSERVATION_RETRIEVED
main_rule_a_primary,بترانس,1398,1399,بترانس|1398,development,fold2_validation,2020-07-19,2019-06-18,2020-07-18,,,,,,,,UNRESOLVED_NO_OBSERVATION_RETRIEVED
main_rule_a_primary,بموتو,1398,1399,بموتو|1398,development,fold2_validation,2020-01-20,2018-12-20,2020-01-19,,,,,,,,UNRESOLVED_NO_OBSERVATION_RETRIEVED
main_rule_a_primary,بکاب,1398,1399,بکاب|1398,development,fold2_validation,2020-01-20,2018-12-20,2020-01-19,,,,,,,,UNRESOLVED_NO_OBSERVATION_RETRIEVED
main_rule_a_primary,بکام,1398,1399,بکام|1398,development,fold2_validation,2020-07-19,2019-06-18,2020-07-18,,,,,,,,UNRESOLVED_NO_OBSERVATION_RETRIEVED
main_rule_a_primary,تپمپی,1398,1399,تپمپی|1398,development,fold2_validation,2019-10-22,2018-09-21,2019-10-21,,,,,,,,UNRESOLVED_NO_OBSERVATION_RETRIEVED
main_rule_a_primary,تکمبا,1398,1399,تکمبا|1398,development,fold2_validation,2020-07-19,2019-06-18,2020-07-18,,,,,,,,UNRESOLVED_NO_OBSERVATION_RETRIEVED
main_rule_a_primary,ثشرق,1398,1399,ثشرق|1398,development,fold2_validation,2020-01-20,2018-12-20,2020-01-19,,,,,,,,UNRESOLVED_NO_OBSERVATION_RETRIEVED
main_rule_a_primary,ثنوسا,1398,1399,ثنوسا|1398,development,fold2_validation,2020-01-20,2018-12-20,2020-01-19,,,,,,,,UNRESOLVED_NO_OBSERVATION_RETRIEVED
main_rule_a_primary,جم,1398,1399,جم|1398,development,fold2_validation,2020-07-19,2019-06-18,2020-07-18,,,,,,,,UNRESOLVED_NO_OBSERVATION_RETRIEVED
main_rule_a_primary,جم پیلن,1398,1399,جم پیلن|1398,development,fold2_validation,2020-07-19,2019-06-18,2020-07-18,,,,,,,,UNRESOLVED_NO_OBSERVATION_RETRIEVED
main_rule_a_primary,حپترو,1398,1399,حپترو|1398,development,fold2_validation,2020-07-19,2019-06-18,2020-07-18,,,,,,,,UNRESOLVED_NO_OBSERVATION_RETRIEVED
main_rule_a_primary,حکشتی,1398,1399,حکشتی|1398,development,fold2_validation,2019-10-22,2018-09-21,2019-10-21,,,,,,,,UNRESOLVED_NO_OBSERVATION_RETRIEVED
main_rule_a_primary,خاذین,1398,1399,خاذین|1398,development,fold2_validation,2020-07-19,2019-06-18,2020-07-18,,,,,,,,UNRESOLVED_NO_OBSERVATION_RETRIEVED
main_rule_a_primary,خبهمن,1398,1399,خبهمن|1398,development,fold2_validation,2020-07-19,2019-06-18,2020-07-18,,,,,,,,UNRESOLVED_NO_OBSERVATION_RETRIEVED
main_rule_a_primary,ختوقا,1398,1399,ختوقا|1398,development,fold2_validation,2020-07-19,2019-06-18,2020-07-18,,,,,,,,UNRESOLVED_NO_OBSERVATION_RETRIEVED
main_rule_a_primary,خرینگ,1398,1399,خرینگ|1398,development,fold2_validation,2020-07-19,2019-06-18,2020-07-18,,,,,,,,UNRESOLVED_NO_OBSERVATION_RETRIEVED
main_rule_a_primary,خمحور,1398,1399,خمحور|1398,development,fold2_validation,2020-07-19,2019-06-18,2020-07-18,,,,,,,,UNRESOLVED_NO_OBSERVATION_RETRIEVED
main_rule_a_primary,خمهر,1398,1399,خمهر|1398,development,fold2_validation,2020-07-19,2019-06-18,2020-07-18,,,,,,,,UNRESOLVED_NO_OBSERVATION_RETRIEVED
main_rule_a_primary,خنصیر,1398,1399,خنصیر|1398,development,fold2_validation,2020-07-19,2019-06-18,2020-07-18,,,,,,,,UNRESOLVED_NO_OBSERVATION_RETRIEVED
main_rule_a_primary,خوساز,1398,1399,خوساز|1398,development,fold2_validation,2020-07-19,2019-06-18,2020-07-18,,,,,,,,UNRESOLVED_NO_OBSERVATION_RETRIEVED
main_rule_a_primary,خچرخش,1398,1399,خچرخش|1398,development,fold2_validation,2020-07-19,2019-06-18,2020-07-18,,,,,,,,UNRESOLVED_NO_OBSERVATION_RETRIEVED
main_rule_a_primary,خکمک,1398,1399,خکمک|1398,development,fold2_validation,2020-07-19,2019-06-18,2020-07-18,,,,,,,,UNRESOLVED_NO_OBSERVATION_RETRIEVED
main_rule_a_primary,ددام,1398,1399,ددام|1398,development,fold2_validation,2020-07-19,2019-06-18,2020-07-18,,,,,,,,UNRESOLVED_NO_OBSERVATION_RETRIEVED
main_rule_a_primary,دروز,1398,1399,دروز|1398,development,fold2_validation,2020-07-19,2019-06-18,2020-07-18,,,,,,,,UNRESOLVED_NO_OBSERVATION_RETRIEVED
main_rule_a_primary,دسبحا,1398,1399,دسبحا|1398,development,fold2_validation,2020-07-19,2019-06-18,2020-07-18,,,,,,,,UNRESOLVED_NO_OBSERVATION_RETRIEVED
main_rule_a_primary,دسینا,1398,1399,دسینا|1398,development,fold2_validation,2020-07-19,2019-06-18,2020-07-18,,,,,,,,UNRESOLVED_NO_OBSERVATION_RETRIEVED
main_rule_a_primary,دشیمی,1398,1399,دشیمی|1398,development,fold2_validation,2020-07-19,2019-06-18,2020-07-18,,,,,,,,UNRESOLVED_NO_OBSERVATION_RETRIEVED
main_rule_a_primary,دیران,1398,1399,دیران|1398,development,fold2_validation,2020-04-18,2019-03-18,2020-04-17,,,,,,,,UNRESOLVED_NO_OBSERVATION_RETRIEVED
main_rule_a_primary,رانفور,1398,1399,رانفور|1398,development,fold2_validation,2020-07-19,2019-06-18,2020-07-18,,,,,,,,UNRESOLVED_NO_OBSERVATION_RETRIEVED
main_rule_a_primary,رمپنا,1398,1399,رمپنا|1398,development,fold2_validation,2019-08-22,2018-07-22,2019-08-21,,,,,,,,UNRESOLVED_NO_OBSERVATION_RETRIEVED
main_rule_a_primary,زمگسا,1398,1399,زمگسا|1398,development,fold2_validation,2020-07-19,2019-06-18,2020-07-18,,,,,,,,UNRESOLVED_NO_OBSERVATION_RETRIEVED
main_rule_a_primary,زپارس,1398,1399,زپارس|1398,development,fold2_validation,2020-04-18,2019-03-18,2020-04-17,,,,,,,,UNRESOLVED_NO_OBSERVATION_RETRIEVED
main_rule_a_primary,ساراب,1398,1399,ساراب|1398,development,fold2_validation,2020-07-19,2019-06-18,2020-07-18,,,,,,,,UNRESOLVED_NO_OBSERVATION_RETRIEVED
main_rule_a_primary,ساربیل,1398,1399,ساربیل|1398,development,fold2_validation,2020-04-18,2019-03-18,2020-04-17,,,,,,,,UNRESOLVED_NO_OBSERVATION_RETRIEVED
main_rule_a_primary,ساروم,1398,1399,ساروم|1398,development,fold2_validation,2020-07-19,2019-06-18,2020-07-18,,,,,,,,UNRESOLVED_NO_OBSERVATION_RETRIEVED
main_rule_a_primary,سبجنو,1398,1399,سبجنو|1398,development,fold2_validation,2020-07-19,2019-06-18,2020-07-18,,,,,,,,UNRESOLVED_NO_OBSERVATION_RETRIEVED
main_rule_a_primary,سبهان,1398,1399,سبهان|1398,development,fold2_validation,2020-07-19,2019-06-18,2020-07-18,,,,,,,,UNRESOLVED_NO_OBSERVATION_RETRIEVED
main_rule_a_primary,ستران,1398,1399,ستران|1398,development,fold2_validation,2020-07-19,2019-06-18,2020-07-18,,,,,,,,UNRESOLVED_NO_OBSERVATION_RETRIEVED
main_rule_a_primary,سخاش,1398,1399,سخاش|1398,development,fold2_validation,2020-07-19,2019-06-18,2020-07-18,,,,,,,,UNRESOLVED_NO_OBSERVATION_RETRIEVED
main_rule_a_primary,سخزر,1398,1399,سخزر|1398,development,fold2_validation,2020-07-19,2019-06-18,2020-07-18,,,,,,,,UNRESOLVED_NO_OBSERVATION_RETRIEVED
main_rule_a_primary,سخوز,1398,1399,سخوز|1398,development,fold2_validation,2020-07-19,2019-06-18,2020-07-18,,,,,,,,UNRESOLVED_NO_OBSERVATION_RETRIEVED
main_rule_a_primary,سدشت,1398,1399,سدشت|1398,development,fold2_validation,2020-01-20,2018-12-20,2020-01-19,,,,,,,,UNRESOLVED_NO_OBSERVATION_RETRIEVED
main_rule_a_primary,سدور,1398,1399,سدور|1398,development,fold2_validation,2020-07-19,2019-06-18,2020-07-18,,,,,,,,UNRESOLVED_NO_OBSERVATION_RETRIEVED
main_rule_a_primary,سرود,1398,1399,سرود|1398,development,fold2_validation,2020-07-19,2019-06-18,2020-07-18,,,,,,,,UNRESOLVED_NO_OBSERVATION_RETRIEVED
main_rule_a_primary,سشرق,1398,1399,سشرق|1398,development,fold2_validation,2020-01-20,2018-12-20,2020-01-19,,,,,,,,UNRESOLVED_NO_OBSERVATION_RETRIEVED
main_rule_a_primary,سصفها,1398,1399,سصفها|1398,development,fold2_validation,2020-07-19,2019-06-18,2020-07-18,,,,,,,,UNRESOLVED_NO_OBSERVATION_RETRIEVED
main_rule_a_primary,سغرب,1398,1399,سغرب|1398,development,fold2_validation,2020-07-19,2019-06-18,2020-07-18,,,,,,,,UNRESOLVED_NO_OBSERVATION_RETRIEVED
main_rule_a_primary,سقاین,1398,1399,سقاین|1398,development,fold2_validation,2020-07-19,2019-06-18,2020-07-18,,,,,,,,UNRESOLVED_NO_OBSERVATION_RETRIEVED
main_rule_a_primary,سمازن,1398,1399,سمازن|1398,development,fold2_validation,2020-04-18,2019-03-18,2020-04-17,,,,,,,,UNRESOLVED_NO_OBSERVATION_RETRIEVED
main_rule_a_primary,سنیر,1398,1399,سنیر|1398,development,fold2_validation,2020-07-19,2019-06-18,2020-07-18,,,,,,,,UNRESOLVED_NO_OBSERVATION_RETRIEVED
main_rule_a_primary,سهگمت,1398,1399,سهگمت|1398,development,fold2_validation,2020-05-19,2019-04-18,2020-05-18,,,,,,,,UNRESOLVED_NO_OBSERVATION_RETRIEVED
main_rule_a_primary,سپاها,1398,1399,سپاها|1398,development,fold2_validation,2020-01-20,2018-12-20,2020-01-19,,,,,,,,UNRESOLVED_NO_OBSERVATION_RETRIEVED
main_rule_a_primary,سکرد,1398,1399,سکرد|1398,development,fold2_validation,2020-01-20,2018-12-20,2020-01-19,,,,,,,,UNRESOLVED_NO_OBSERVATION_RETRIEVED
main_rule_a_primary,سیلام,1398,1399,سیلام|1398,development,fold2_validation,2020-05-19,2019-04-18,2020-05-18,,,,,,,,UNRESOLVED_NO_OBSERVATION_RETRIEVED
main_rule_a_primary,شاراک,1398,1399,شاراک|1398,development,fold2_validation,2020-07-19,2019-06-18,2020-07-18,,,,,,,,UNRESOLVED_NO_OBSERVATION_RETRIEVED
main_rule_a_primary,شبریز,1398,1399,شبریز|1398,development,fold2_validation,2020-07-19,2019-06-18,2020-07-18,,,,,,,,UNRESOLVED_NO_OBSERVATION_RETRIEVED
main_rule_a_primary,شبندر,1398,1399,شبندر|1398,development,fold2_validation,2020-07-19,2019-06-18,2020-07-18,,,,,,,,UNRESOLVED_NO_OBSERVATION_RETRIEVED
main_rule_a_primary,شدوص,1398,1399,شدوص|1398,development,fold2_validation,2020-07-19,2019-06-18,2020-07-18,,,,,,,,UNRESOLVED_NO_OBSERVATION_RETRIEVED
main_rule_a_primary,شفارس,1398,1399,شفارس|1398,development,fold2_validation,2020-07-19,2019-06-18,2020-07-18,,,,,,,,UNRESOLVED_NO_OBSERVATION_RETRIEVED
main_rule_a_primary,شلعاب,1398,1399,شلعاب|1398,development,fold2_validation,2020-07-19,2019-06-18,2020-07-18,,,,,,,,UNRESOLVED_NO_OBSERVATION_RETRIEVED
main_rule_a_primary,شپارس,1398,1399,شپارس|1398,development,fold2_validation,2020-01-20,2018-12-20,2020-01-19,,,,,,,,UNRESOLVED_NO_OBSERVATION_RETRIEVED
main_rule_a_primary,شپنا,1398,1399,شپنا|1398,development,fold2_validation,2020-07-19,2019-06-18,2020-07-18,,,,,,,,UNRESOLVED_NO_OBSERVATION_RETRIEVED
main_rule_a_primary,شکربن,1398,1399,شکربن|1398,development,fold2_validation,2020-07-19,2019-06-18,2020-07-18,,,,,,,,UNRESOLVED_NO_OBSERVATION_RETRIEVED
main_rule_a_primary,شکلر,1398,1399,شکلر|1398,development,fold2_validation,2019-12-21,2018-11-20,2019-12-20,,,,,,,,UNRESOLVED_NO_OBSERVATION_RETRIEVED
main_rule_a_primary,شیران,1398,1399,شیران|1398,development,fold2_validation,2020-04-18,2019-03-18,2020-04-17,,,,,,,,UNRESOLVED_NO_OBSERVATION_RETRIEVED
main_rule_a_primary,غبهنوش,1398,1399,غبهنوش|1398,development,fold2_validation,2020-07-19,2019-06-18,2020-07-18,,,,,,,,UNRESOLVED_NO_OBSERVATION_RETRIEVED
main_rule_a_primary,غدام,1398,1399,غدام|1398,development,fold2_validation,2020-04-18,2019-03-18,2020-04-17,,,,,,,,UNRESOLVED_NO_OBSERVATION_RETRIEVED
main_rule_a_primary,غسالم,1398,1399,غسالم|1398,development,fold2_validation,2020-07-19,2019-06-18,2020-07-18,,,,,,,,UNRESOLVED_NO_OBSERVATION_RETRIEVED
main_rule_a_primary,غشان,1398,1399,غشان|1398,development,fold2_validation,2020-07-19,2019-06-18,2020-07-18,,,,,,,,UNRESOLVED_NO_OBSERVATION_RETRIEVED
main_rule_a_primary,غشهد,1398,1399,غشهد|1398,development,fold2_validation,2020-07-19,2019-06-18,2020-07-18,,,,,,,,UNRESOLVED_NO_OBSERVATION_RETRIEVED
main_rule_a_primary,غنوش,1398,1399,غنوش|1398,development,fold2_validation,2020-07-19,2019-06-18,2020-07-18,,,,,,,,UNRESOLVED_NO_OBSERVATION_RETRIEVED
main_rule_a_primary,غگل,1398,1399,غگل|1398,development,fold2_validation,2020-01-20,2018-12-20,2020-01-19,,,,,,,,UNRESOLVED_NO_OBSERVATION_RETRIEVED
main_rule_a_primary,فاذر,1398,1399,فاذر|1398,development,fold2_validation,2020-07-19,2019-06-18,2020-07-18,,,,,,,,UNRESOLVED_NO_OBSERVATION_RETRIEVED
main_rule_a_primary,فایرا,1398,1399,فایرا|1398,development,fold2_validation,2020-07-19,2019-06-18,2020-07-18,,,,,,,,UNRESOLVED_NO_OBSERVATION_RETRIEVED
main_rule_a_primary,فباهنر,1398,1399,فباهنر|1398,development,fold2_validation,2020-07-19,2019-06-18,2020-07-18,,,,,,,,UNRESOLVED_NO_OBSERVATION_RETRIEVED
main_rule_a_primary,فجام,1398,1399,فجام|1398,development,fold2_validation,2020-07-19,2019-06-18,2020-07-18,,,,,,,,UNRESOLVED_NO_OBSERVATION_RETRIEVED
main_rule_a_primary,فجر,1398,1399,فجر|1398,development,fold2_validation,2020-07-19,2019-06-18,2020-07-18,,,,,,,,UNRESOLVED_NO_OBSERVATION_RETRIEVED
main_rule_a_primary,فخوز,1398,1399,فخوز|1398,development,fold2_validation,2020-07-19,2019-06-18,2020-07-18,,,,,,,,UNRESOLVED_NO_OBSERVATION_RETRIEVED
main_rule_a_primary,فرآور,1398,1399,فرآور|1398,development,fold2_validation,2020-07-19,2019-06-18,2020-07-18,,,,,,,,UNRESOLVED_NO_OBSERVATION_RETRIEVED
main_rule_a_primary,فسرب,1398,1399,فسرب|1398,development,fold2_validation,2020-07-19,2019-06-18,2020-07-18,,,,,,,,UNRESOLVED_NO_OBSERVATION_RETRIEVED
main_rule_a_primary,فسپا,1398,1399,فسپا|1398,development,fold2_validation,2020-07-19,2019-06-18,2020-07-18,,,,,,,,UNRESOLVED_NO_OBSERVATION_RETRIEVED
main_rule_a_primary,فمراد,1398,1399,فمراد|1398,development,fold2_validation,2020-07-19,2019-06-18,2020-07-18,,,,,,,,UNRESOLVED_NO_OBSERVATION_RETRIEVED
main_rule_a_primary,فملی,1398,1399,فملی|1398,development,fold2_validation,2020-07-19,2019-06-18,2020-07-18,,,,,,,,UNRESOLVED_NO_OBSERVATION_RETRIEVED
main_rule_a_primary,فنورد,1398,1399,فنورد|1398,development,fold2_validation,2020-07-19,2019-06-18,2020-07-18,,,,,,,,UNRESOLVED_NO_OBSERVATION_RETRIEVED
main_rule_a_primary,فولاژ,1398,1399,فولاژ|1398,development,fold2_validation,2020-07-19,2019-06-18,2020-07-18,,,,,,,,UNRESOLVED_NO_OBSERVATION_RETRIEVED
main_rule_a_primary,فپنتا,1398,1399,فپنتا|1398,development,fold2_validation,2020-07-19,2019-06-18,2020-07-18,,,,,,,,UNRESOLVED_NO_OBSERVATION_RETRIEVED
main_rule_a_primary,لابسا,1398,1399,لابسا|1398,development,fold2_validation,2020-07-19,2019-06-18,2020-07-18,,,,,,,,UNRESOLVED_NO_OBSERVATION_RETRIEVED
main_rule_a_primary,لبوتان,1398,1399,لبوتان|1398,development,fold2_validation,2020-07-19,2019-06-18,2020-07-18,,,,,,,,UNRESOLVED_NO_OBSERVATION_RETRIEVED
main_rule_a_primary,لخزر,1398,1399,لخزر|1398,development,fold2_validation,2020-07-19,2019-06-18,2020-07-18,,,,,,,,UNRESOLVED_NO_OBSERVATION_RETRIEVED
main_rule_a_primary,لسرما,1398,1399,لسرما|1398,development,fold2_validation,2020-07-19,2019-06-18,2020-07-18,,,,,,,,UNRESOLVED_NO_OBSERVATION_RETRIEVED
main_rule_a_primary,نوری,1398,1399,نوری|1398,development,fold2_validation,2020-07-19,2019-06-18,2020-07-18,,,,,,,,UNRESOLVED_NO_OBSERVATION_RETRIEVED
main_rule_a_primary,های وب,1398,1399,های وب|1398,development,fold2_validation,2020-07-19,2019-06-18,2020-07-18,,,,,,,,UNRESOLVED_NO_OBSERVATION_RETRIEVED
main_rule_a_primary,همراه,1398,1399,همراه|1398,development,fold2_validation,2020-07-19,2019-06-18,2020-07-18,,,,,,,,UNRESOLVED_NO_OBSERVATION_RETRIEVED
main_rule_a_primary,پارس,1398,1399,پارس|1398,development,fold2_validation,2020-07-19,2019-06-18,2020-07-18,,,,,,,,UNRESOLVED_NO_OBSERVATION_RETRIEVED
main_rule_a_primary,پدرخش,1398,1399,پدرخش|1398,development,fold2_validation,2020-07-19,2019-06-18,2020-07-18,,,,,,,,UNRESOLVED_NO_OBSERVATION_RETRIEVED
main_rule_a_primary,پرداخت,1398,1399,پرداخت|1398,development,fold2_validation,2020-07-19,2019-06-18,2020-07-18,,,,,,,,UNRESOLVED_NO_OBSERVATION_RETRIEVED
main_rule_a_primary,پسهند,1398,1399,پسهند|1398,development,fold2_validation,2020-07-19,2019-06-18,2020-07-18,,,,,,,,UNRESOLVED_NO_OBSERVATION_RETRIEVED
main_rule_a_primary,پلاسک,1398,1399,پلاسک|1398,development,fold2_validation,2020-07-19,2019-06-18,2020-07-18,,,,,,,,UNRESOLVED_NO_OBSERVATION_RETRIEVED
main_rule_a_primary,چافست,1398,1399,چافست|1398,development,fold2_validation,2020-01-20,2018-12-20,2020-01-19,,,,,,,,UNRESOLVED_NO_OBSERVATION_RETRIEVED
main_rule_a_primary,چکارن,1398,1399,چکارن|1398,development,fold2_validation,2020-07-19,2019-06-18,2020-07-18,,,,,,,,UNRESOLVED_NO_OBSERVATION_RETRIEVED
main_rule_a_primary,کاوه,1398,1399,کاوه|1398,development,fold2_validation,2020-07-19,2019-06-18,2020-07-18,,,,,,,,UNRESOLVED_NO_OBSERVATION_RETRIEVED
main_rule_a_primary,کبافق,1398,1399,کبافق|1398,development,fold2_validation,2020-07-19,2019-06-18,2020-07-18,,,,,,,,UNRESOLVED_NO_OBSERVATION_RETRIEVED
main_rule_a_primary,کرازی,1398,1399,کرازی|1398,development,fold2_validation,2020-07-19,2019-06-18,2020-07-18,,,,,,,,UNRESOLVED_NO_OBSERVATION_RETRIEVED
main_rule_a_primary,کفرا,1398,1399,کفرا|1398,development,fold2_validation,2020-07-19,2019-06-18,2020-07-18,,,,,,,,UNRESOLVED_NO_OBSERVATION_RETRIEVED
main_rule_a_primary,کفپارس,1398,1399,کفپارس|1398,development,fold2_validation,2020-04-18,2019-03-18,2020-04-17,,,,,,,,UNRESOLVED_NO_OBSERVATION_RETRIEVED
main_rule_a_primary,کهمدا,1398,1399,کهمدا|1398,development,fold2_validation,2019-10-22,2018-09-21,2019-10-21,,,,,,,,UNRESOLVED_NO_OBSERVATION_RETRIEVED
main_rule_a_primary,کویر,1398,1399,کویر|1398,development,fold2_validation,2020-07-19,2019-06-18,2020-07-18,,,,,,,,UNRESOLVED_NO_OBSERVATION_RETRIEVED
main_rule_a_primary,کگاز,1398,1399,کگاز|1398,development,fold2_validation,2020-07-19,2019-06-18,2020-07-18,,,,,,,,UNRESOLVED_NO_OBSERVATION_RETRIEVED
main_rule_a_primary,کگل,1398,1399,کگل|1398,development,fold2_validation,2020-07-19,2019-06-18,2020-07-18,,,,,,,,UNRESOLVED_NO_OBSERVATION_RETRIEVED
