sample_design,ticker,fiscal_year_t,target_year,temporal_folds,pair_cutoff_date,last_eligible_market_observation_date_before_cutoff,current_last_priced_observation_date_before_cutoff,tstar_is_same,adjusted_close_status_on_last_eligible_observation,literal_tstar_has_adjusted_close,shift_days_literal_minus_last_priced,applied_tstar_rule
main_rule_a_primary,بموتو,1392,1393,fold1_train;fold2_train,2014-01-20,2014-01-18,2014-01-18,True,OK,True,0,frozen_shared_window_end_rule_last_eligible_trading_day
main_rule_a_primary,ثنوسا,1392,1393,fold1_train;fold2_train,2014-01-20,2014-01-18,2014-01-18,True,OK,True,0,frozen_shared_window_end_rule_last_eligible_trading_day
main_rule_a_primary,حپترو,1392,1393,fold1_train;fold2_train,2014-07-20,2014-07-16,2014-07-16,True,OK,True,0,frozen_shared_window_end_rule_last_eligible_trading_day
main_rule_a_primary,حکشتی,1392,1393,fold1_train;fold2_train,2013-10-22,2013-10-21,2013-10-08,False,ADJUSTED_CLOSE_UNRESOLVED,False,13,frozen_shared_window_end_rule_last_eligible_trading_day
main_rule_a_primary,خاذین,1392,1393,fold1_train;fold2_train,2014-07-20,2014-07-16,2014-07-16,True,OK,True,0,frozen_shared_window_end_rule_last_eligible_trading_day
main_rule_a_primary,خبهمن,1392,1393,fold1_train;fold2_train,2014-07-20,2014-07-16,2014-07-16,True,OK,True,0,frozen_shared_window_end_rule_last_eligible_trading_day
main_rule_a_primary,ختوقا,1392,1393,fold1_train;fold2_train,2014-07-20,2014-07-16,2014-07-16,True,OK,True,0,frozen_shared_window_end_rule_last_eligible_trading_day
main_rule_a_primary,خرینگ,1392,1393,fold1_train;fold2_train,2014-07-20,2014-07-16,2014-07-16,True,OK,True,0,frozen_shared_window_end_rule_last_eligible_trading_day
main_rule_a_primary,خمحور,1392,1393,fold1_train;fold2_train,2014-07-20,2014-07-16,2014-07-16,True,OK,True,0,frozen_shared_window_end_rule_last_eligible_trading_day
main_rule_a_primary,خمهر,1392,1393,fold1_train;fold2_train,2014-07-20,2014-07-16,2014-07-16,True,OK,True,0,frozen_shared_window_end_rule_last_eligible_trading_day
main_rule_a_primary,خنصیر,1392,1393,fold1_train;fold2_train,2014-07-20,2014-07-16,2014-07-16,True,OK,True,0,frozen_shared_window_end_rule_last_eligible_trading_day
main_rule_a_primary,خوساز,1392,1393,fold1_train;fold2_train,2014-07-20,2014-07-16,2014-07-16,True,OK,True,0,frozen_shared_window_end_rule_last_eligible_trading_day
main_rule_a_primary,خچرخش,1392,1393,fold1_train;fold2_train,2014-07-20,2014-07-16,2014-07-16,True,OK,True,0,frozen_shared_window_end_rule_last_eligible_trading_day
main_rule_a_primary,خکمک,1392,1393,fold1_train;fold2_train,2014-07-20,2014-07-16,2014-07-16,True,OK,True,0,frozen_shared_window_end_rule_last_eligible_trading_day
main_rule_a_primary,دروز,1392,1393,fold1_train;fold2_train,2014-07-20,2014-07-16,2014-06-11,False,ADJUSTED_CLOSE_UNRESOLVED,False,35,frozen_shared_window_end_rule_last_eligible_trading_day
main_rule_a_primary,دسبحا,1392,1393,fold1_train;fold2_train,2014-07-20,2014-07-16,2014-07-16,True,OK,True,0,frozen_shared_window_end_rule_last_eligible_trading_day
main_rule_a_primary,دیران,1392,1393,fold1_train;fold2_train,2014-07-20,2014-07-16,2014-07-16,True,OK,True,0,frozen_shared_window_end_rule_last_eligible_trading_day
main_rule_a_primary,رانفور,1392,1393,fold1_train;fold2_train,2014-07-20,2014-07-16,2014-07-16,True,OK,True,0,frozen_shared_window_end_rule_last_eligible_trading_day
main_rule_a_primary,زمگسا,1392,1393,fold1_train;fold2_train,2014-07-20,2014-07-16,2014-07-16,True,OK,True,0,frozen_shared_window_end_rule_last_eligible_trading_day
main_rule_a_primary,ساراب,1392,1393,fold1_train;fold2_train,2014-07-20,2014-07-16,2014-07-16,True,OK,True,0,frozen_shared_window_end_rule_last_eligible_trading_day
main_rule_a_primary,سبهان,1392,1393,fold1_train;fold2_train,2014-07-20,2014-07-16,2014-07-16,True,OK,True,0,frozen_shared_window_end_rule_last_eligible_trading_day
main_rule_a_primary,سخزر,1392,1393,fold1_train;fold2_train,2014-07-20,2014-07-16,2014-07-15,False,ADJUSTED_CLOSE_UNRESOLVED,False,1,frozen_shared_window_end_rule_last_eligible_trading_day
main_rule_a_primary,سدشت,1392,1393,fold1_train;fold2_train,2014-01-20,2014-01-18,2014-01-04,False,ADJUSTED_CLOSE_UNRESOLVED,False,14,frozen_shared_window_end_rule_last_eligible_trading_day
main_rule_a_primary,سدور,1392,1393,fold1_train;fold2_train,2014-07-20,2014-07-16,2014-07-16,True,OK,True,0,frozen_shared_window_end_rule_last_eligible_trading_day
main_rule_a_primary,سرود,1392,1393,fold1_train;fold2_train,2014-07-20,2014-07-16,2014-07-16,True,OK,True,0,frozen_shared_window_end_rule_last_eligible_trading_day
main_rule_a_primary,سشرق,1392,1393,fold1_train;fold2_train,2014-01-20,2014-01-18,2014-01-18,True,OK,True,0,frozen_shared_window_end_rule_last_eligible_trading_day
main_rule_a_primary,سقاین,1392,1393,fold1_train;fold2_train,2014-07-20,2014-07-16,2014-07-16,True,OK,True,0,frozen_shared_window_end_rule_last_eligible_trading_day
main_rule_a_primary,سمازن,1392,1393,fold1_train;fold2_train,2014-07-20,2014-07-16,2014-07-07,False,ADJUSTED_CLOSE_UNRESOLVED,False,9,frozen_shared_window_end_rule_last_eligible_trading_day
main_rule_a_primary,سهگمت,1392,1393,fold1_train;fold2_train,2014-05-20,2014-05-19,2014-05-19,True,OK,True,0,frozen_shared_window_end_rule_last_eligible_trading_day
main_rule_a_primary,سپاها,1392,1393,fold1_train;fold2_train,2014-01-20,2014-01-18,2014-01-18,True,OK,True,0,frozen_shared_window_end_rule_last_eligible_trading_day
main_rule_a_primary,سکرد,1392,1393,fold1_train;fold2_train,2014-01-20,2014-01-18,2014-01-06,False,ADJUSTED_CLOSE_UNRESOLVED,False,12,frozen_shared_window_end_rule_last_eligible_trading_day
main_rule_a_primary,سیلام,1392,1393,fold1_train;fold2_train,2014-05-20,2014-05-19,2014-05-18,False,ADJUSTED_CLOSE_UNRESOLVED,False,1,frozen_shared_window_end_rule_last_eligible_trading_day
main_rule_a_primary,غبهنوش,1392,1393,fold1_train;fold2_train,2014-07-20,2014-07-16,2014-07-15,False,ADJUSTED_CLOSE_UNRESOLVED,False,1,frozen_shared_window_end_rule_last_eligible_trading_day
main_rule_a_primary,غدام,1392,1393,fold1_train;fold2_train,2014-04-19,2014-04-16,2014-04-14,False,ADJUSTED_CLOSE_UNRESOLVED,False,2,frozen_shared_window_end_rule_last_eligible_trading_day
main_rule_a_primary,غسالم,1392,1393,fold1_train;fold2_train,2014-07-20,2014-07-16,2014-07-14,False,ADJUSTED_CLOSE_UNRESOLVED,False,2,frozen_shared_window_end_rule_last_eligible_trading_day
main_rule_a_primary,غشان,1392,1393,fold1_train;fold2_train,2014-07-20,2014-07-16,2014-07-16,True,OK,True,0,frozen_shared_window_end_rule_last_eligible_trading_day
main_rule_a_primary,غشهد,1392,1393,fold1_train;fold2_train,2014-07-20,2014-07-16,2014-07-12,False,ADJUSTED_CLOSE_UNRESOLVED,False,4,frozen_shared_window_end_rule_last_eligible_trading_day
main_rule_a_primary,غنوش,1392,1393,fold1_train;fold2_train,2014-07-20,2014-07-16,2014-07-07,False,ADJUSTED_CLOSE_UNRESOLVED,False,9,frozen_shared_window_end_rule_last_eligible_trading_day
main_rule_a_primary,غگل,1392,1393,fold1_train;fold2_train,2014-01-20,2014-01-18,2014-01-12,False,ADJUSTED_CLOSE_UNRESOLVED,False,6,frozen_shared_window_end_rule_last_eligible_trading_day
main_rule_a_primary,کبافق,1392,1393,fold1_train;fold2_train,2014-07-20,2014-07-16,2014-07-15,False,ADJUSTED_CLOSE_UNRESOLVED,False,1,frozen_shared_window_end_rule_last_eligible_trading_day
main_rule_a_primary,کرازی,1392,1393,fold1_train;fold2_train,2014-07-20,2014-07-16,2014-07-16,True,OK,True,0,frozen_shared_window_end_rule_last_eligible_trading_day
main_rule_a_primary,کفرا,1392,1393,fold1_train;fold2_train,2014-07-20,2014-07-16,2014-07-15,False,ADJUSTED_CLOSE_UNRESOLVED,False,1,frozen_shared_window_end_rule_last_eligible_trading_day
main_rule_a_primary,کفپارس,1392,1393,fold1_train;fold2_train,2014-04-19,2014-04-16,2014-04-15,False,ADJUSTED_CLOSE_UNRESOLVED,False,1,frozen_shared_window_end_rule_last_eligible_trading_day
main_rule_a_primary,کهمدا,1392,1393,fold1_train;fold2_train,2013-10-22,2013-10-21,2013-10-21,True,OK,True,0,frozen_shared_window_end_rule_last_eligible_trading_day
main_rule_a_primary,کگاز,1392,1393,fold1_train;fold2_train,2014-07-20,2014-07-16,2014-07-14,False,ADJUSTED_CLOSE_UNRESOLVED,False,2,frozen_shared_window_end_rule_last_eligible_trading_day
main_rule_a_primary,کگل,1392,1393,fold1_train;fold2_train,2014-07-20,2014-07-16,2014-07-16,True,OK,True,0,frozen_shared_window_end_rule_last_eligible_trading_day
main_rule_a_primary,بالبر,1393,1394,fold1_train;fold2_train,2015-01-20,2015-01-19,2015-01-14,False,ADJUSTED_CLOSE_UNRESOLVED,False,5,frozen_shared_window_end_rule_last_eligible_trading_day
main_rule_a_primary,بترانس,1393,1394,fold1_train;fold2_train,2015-07-20,2015-07-19,2015-07-15,False,ADJUSTED_CLOSE_UNRESOLVED,False,4,frozen_shared_window_end_rule_last_eligible_trading_day
main_rule_a_primary,بموتو,1393,1394,fold1_train;fold2_train,2015-01-20,2015-01-19,2015-01-19,True,OK,True,0,frozen_shared_window_end_rule_last_eligible_trading_day
main_rule_a_primary,بکاب,1393,1394,fold1_train;fold2_train,2015-01-20,2015-01-19,2015-01-18,False,ADJUSTED_CLOSE_UNRESOLVED,False,1,frozen_shared_window_end_rule_last_eligible_trading_day
main_rule_a_primary,بکام,1393,1394,fold1_train;fold2_train,2015-07-20,2015-07-19,2015-07-11,False,ADJUSTED_CLOSE_UNRESOLVED,False,8,frozen_shared_window_end_rule_last_eligible_trading_day
main_rule_a_primary,تپمپی,1393,1394,fold1_train;fold2_train,2014-10-22,2014-10-21,2014-10-18,False,ADJUSTED_CLOSE_UNRESOLVED,False,3,frozen_shared_window_end_rule_last_eligible_trading_day
main_rule_a_primary,تکمبا,1393,1394,fold1_train;fold2_train,2015-07-20,2015-07-19,2015-07-15,False,ADJUSTED_CLOSE_UNRESOLVED,False,4,frozen_shared_window_end_rule_last_eligible_trading_day
main_rule_a_primary,ثشرق,1393,1394,fold1_train;fold2_train,2015-01-20,2015-01-19,2015-01-19,True,OK,True,0,frozen_shared_window_end_rule_last_eligible_trading_day
main_rule_a_primary,ثنوسا,1393,1394,fold1_train;fold2_train,2015-01-20,2015-01-19,2015-01-19,True,OK,True,0,frozen_shared_window_end_rule_last_eligible_trading_day
main_rule_a_primary,حپترو,1393,1394,fold1_train;fold2_train,2015-07-20,2015-07-19,2015-07-12,False,ADJUSTED_CLOSE_UNRESOLVED,False,7,frozen_shared_window_end_rule_last_eligible_trading_day
main_rule_a_primary,حکشتی,1393,1394,fold1_train;fold2_train,2014-10-22,2014-10-21,2014-10-20,False,ADJUSTED_CLOSE_UNRESOLVED,False,1,frozen_shared_window_end_rule_last_eligible_trading_day
main_rule_a_primary,خاذین,1393,1394,fold1_train;fold2_train,2015-07-20,2015-07-19,2015-06-30,False,ADJUSTED_CLOSE_UNRESOLVED,False,19,frozen_shared_window_end_rule_last_eligible_trading_day
main_rule_a_primary,خبهمن,1393,1394,fold1_train;fold2_train,2015-07-20,2015-07-19,2015-07-15,False,ADJUSTED_CLOSE_UNRESOLVED,False,4,frozen_shared_window_end_rule_last_eligible_trading_day
main_rule_a_primary,ختوقا,1393,1394,fold1_train;fold2_train,2015-07-20,2015-07-19,2015-07-15,False,ADJUSTED_CLOSE_UNRESOLVED,False,4,frozen_shared_window_end_rule_last_eligible_trading_day
main_rule_a_primary,خرینگ,1393,1394,fold1_train;fold2_train,2015-07-20,2015-07-19,2015-07-15,False,ADJUSTED_CLOSE_UNRESOLVED,False,4,frozen_shared_window_end_rule_last_eligible_trading_day
main_rule_a_primary,خمحور,1393,1394,fold1_train;fold2_train,2015-07-20,2015-07-19,2015-07-13,False,ADJUSTED_CLOSE_UNRESOLVED,False,6,frozen_shared_window_end_rule_last_eligible_trading_day
main_rule_a_primary,خمهر,1393,1394,fold1_train;fold2_train,2015-07-20,2015-07-19,2015-07-15,False,ADJUSTED_CLOSE_UNRESOLVED,False,4,frozen_shared_window_end_rule_last_eligible_trading_day
main_rule_a_primary,خنصیر,1393,1394,fold1_train;fold2_train,2015-07-20,2015-07-19,2015-07-15,False,ADJUSTED_CLOSE_UNRESOLVED,False,4,frozen_shared_window_end_rule_last_eligible_trading_day
main_rule_a_primary,خوساز,1393,1394,fold1_train;fold2_train,2015-07-20,2015-07-19,2015-07-15,False,ADJUSTED_CLOSE_UNRESOLVED,False,4,frozen_shared_window_end_rule_last_eligible_trading_day
main_rule_a_primary,خچرخش,1393,1394,fold1_train;fold2_train,2015-07-20,2015-07-19,2015-07-13,False,ADJUSTED_CLOSE_UNRESOLVED,False,6,frozen_shared_window_end_rule_last_eligible_trading_day
main_rule_a_primary,خکمک,1393,1394,fold1_train;fold2_train,2015-07-20,2015-07-19,2015-07-15,False,ADJUSTED_CLOSE_UNRESOLVED,False,4,frozen_shared_window_end_rule_last_eligible_trading_day
main_rule_a_primary,ددام,1393,1394,fold1_train;fold2_train,2015-07-20,2015-07-19,2015-07-15,False,ADJUSTED_CLOSE_UNRESOLVED,False,4,frozen_shared_window_end_rule_last_eligible_trading_day
main_rule_a_primary,دروز,1393,1394,fold1_train;fold2_train,2015-07-20,2015-07-19,2015-07-15,False,ADJUSTED_CLOSE_UNRESOLVED,False,4,frozen_shared_window_end_rule_last_eligible_trading_day
main_rule_a_primary,دسبحا,1393,1394,fold1_train;fold2_train,2015-07-20,2015-07-19,2015-07-15,False,ADJUSTED_CLOSE_UNRESOLVED,False,4,frozen_shared_window_end_rule_last_eligible_trading_day
main_rule_a_primary,دسینا,1393,1394,fold1_train;fold2_train,2015-07-20,2015-07-19,2015-07-15,False,ADJUSTED_CLOSE_UNRESOLVED,False,4,frozen_shared_window_end_rule_last_eligible_trading_day
main_rule_a_primary,دشیمی,1393,1394,fold1_train;fold2_train,2015-07-20,2015-07-19,2015-07-15,False,ADJUSTED_CLOSE_UNRESOLVED,False,4,frozen_shared_window_end_rule_last_eligible_trading_day
main_rule_a_primary,دیران,1393,1394,fold1_train;fold2_train,2015-07-20,2015-07-19,2015-07-15,False,ADJUSTED_CLOSE_UNRESOLVED,False,4,frozen_shared_window_end_rule_last_eligible_trading_day
main_rule_a_primary,رانفور,1393,1394,fold1_train;fold2_train,2015-07-20,2015-07-19,2015-07-15,False,ADJUSTED_CLOSE_UNRESOLVED,False,4,frozen_shared_window_end_rule_last_eligible_trading_day
main_rule_a_primary,زمگسا,1393,1394,fold1_train;fold2_train,2015-07-20,2015-07-19,2015-07-15,False,ADJUSTED_CLOSE_UNRESOLVED,False,4,frozen_shared_window_end_rule_last_eligible_trading_day
main_rule_a_primary,ساراب,1393,1394,fold1_train;fold2_train,2015-07-20,2015-07-19,2015-07-15,False,ADJUSTED_CLOSE_UNRESOLVED,False,4,frozen_shared_window_end_rule_last_eligible_trading_day
main_rule_a_primary,ساربیل,1393,1394,fold1_train;fold2_train,2015-04-19,2015-04-18,2015-04-15,False,ADJUSTED_CLOSE_UNRESOLVED,False,3,frozen_shared_window_end_rule_last_eligible_trading_day
main_rule_a_primary,ساروم,1393,1394,fold1_train;fold2_train,2015-07-20,2015-07-19,2015-07-15,False,ADJUSTED_CLOSE_UNRESOLVED,False,4,frozen_shared_window_end_rule_last_eligible_trading_day
main_rule_a_primary,سبجنو,1393,1394,fold1_train;fold2_train,2015-07-20,2015-07-19,2015-07-15,False,ADJUSTED_CLOSE_UNRESOLVED,False,4,frozen_shared_window_end_rule_last_eligible_trading_day
main_rule_a_primary,سبهان,1393,1394,fold1_train;fold2_train,2015-07-20,2015-07-19,2015-07-15,False,ADJUSTED_CLOSE_UNRESOLVED,False,4,frozen_shared_window_end_rule_last_eligible_trading_day
main_rule_a_primary,ستران,1393,1394,fold1_train;fold2_train,2015-07-20,2015-07-19,2015-07-07,False,ADJUSTED_CLOSE_UNRESOLVED,False,12,frozen_shared_window_end_rule_last_eligible_trading_day
main_rule_a_primary,سخاش,1393,1394,fold1_train;fold2_train,2015-07-20,2015-07-19,2015-07-14,False,ADJUSTED_CLOSE_UNRESOLVED,False,5,frozen_shared_window_end_rule_last_eligible_trading_day
main_rule_a_primary,سخزر,1393,1394,fold1_train;fold2_train,2015-07-20,2015-07-19,2015-07-15,False,ADJUSTED_CLOSE_UNRESOLVED,False,4,frozen_shared_window_end_rule_last_eligible_trading_day
main_rule_a_primary,سدشت,1393,1394,fold1_train;fold2_train,2015-01-20,2015-01-19,2015-01-14,False,ADJUSTED_CLOSE_UNRESOLVED,False,5,frozen_shared_window_end_rule_last_eligible_trading_day
main_rule_a_primary,سدور,1393,1394,fold1_train;fold2_train,2015-07-20,2015-07-19,2015-07-15,False,ADJUSTED_CLOSE_UNRESOLVED,False,4,frozen_shared_window_end_rule_last_eligible_trading_day
main_rule_a_primary,سرود,1393,1394,fold1_train;fold2_train,2015-07-20,2015-07-19,2015-07-15,False,ADJUSTED_CLOSE_UNRESOLVED,False,4,frozen_shared_window_end_rule_last_eligible_trading_day
main_rule_a_primary,سشرق,1393,1394,fold1_train;fold2_train,2015-01-20,2015-01-19,2015-01-19,True,OK,True,0,frozen_shared_window_end_rule_last_eligible_trading_day
main_rule_a_primary,سصفها,1393,1394,fold1_train;fold2_train,2015-07-20,2015-07-19,2015-07-13,False,ADJUSTED_CLOSE_UNRESOLVED,False,6,frozen_shared_window_end_rule_last_eligible_trading_day
main_rule_a_primary,سغرب,1393,1394,fold1_train;fold2_train,2015-07-20,2015-07-19,2015-07-15,False,ADJUSTED_CLOSE_UNRESOLVED,False,4,frozen_shared_window_end_rule_last_eligible_trading_day
main_rule_a_primary,سقاین,1393,1394,fold1_train;fold2_train,2015-07-20,2015-07-19,2015-07-15,False,ADJUSTED_CLOSE_UNRESOLVED,False,4,frozen_shared_window_end_rule_last_eligible_trading_day
main_rule_a_primary,سمازن,1393,1394,fold1_train;fold2_train,2015-07-20,2015-07-19,2015-07-13,False,ADJUSTED_CLOSE_UNRESOLVED,False,6,frozen_shared_window_end_rule_last_eligible_trading_day
main_rule_a_primary,سنیر,1393,1394,fold1_train;fold2_train,2015-07-20,2015-07-19,2015-07-14,False,ADJUSTED_CLOSE_UNRESOLVED,False,5,frozen_shared_window_end_rule_last_eligible_trading_day
main_rule_a_primary,سهگمت,1393,1394,fold1_train;fold2_train,2015-05-20,2015-05-19,2015-05-18,False,ADJUSTED_CLOSE_UNRESOLVED,False,1,frozen_shared_window_end_rule_last_eligible_trading_day
main_rule_a_primary,سپاها,1393,1394,fold1_train;fold2_train,2015-01-20,2015-01-19,2015-01-19,True,OK,True,0,frozen_shared_window_end_rule_last_eligible_trading_day
main_rule_a_primary,سکرد,1393,1394,fold1_train;fold2_train,2015-01-20,2015-01-19,2015-01-19,True,OK,True,0,frozen_shared_window_end_rule_last_eligible_trading_day
main_rule_a_primary,سیلام,1393,1394,fold1_train;fold2_train,2015-05-20,2015-05-19,2015-05-13,False,ADJUSTED_CLOSE_UNRESOLVED,False,6,frozen_shared_window_end_rule_last_eligible_trading_day
main_rule_a_primary,شاراک,1393,1394,fold1_train;fold2_train,2015-07-20,2015-07-19,2015-07-15,False,ADJUSTED_CLOSE_UNRESOLVED,False,4,frozen_shared_window_end_rule_last_eligible_trading_day
main_rule_a_primary,شبریز,1393,1394,fold1_train;fold2_train,2015-07-20,2015-07-19,2015-07-15,False,ADJUSTED_CLOSE_UNRESOLVED,False,4,frozen_shared_window_end_rule_last_eligible_trading_day
main_rule_a_primary,شبندر,1393,1394,fold1_train;fold2_train,2015-07-20,2015-07-19,2015-07-15,False,ADJUSTED_CLOSE_UNRESOLVED,False,4,frozen_shared_window_end_rule_last_eligible_trading_day
main_rule_a_primary,شدوص,1393,1394,fold1_train;fold2_train,2015-07-20,2015-07-19,2015-07-15,False,ADJUSTED_CLOSE_UNRESOLVED,False,4,frozen_shared_window_end_rule_last_eligible_trading_day
main_rule_a_primary,شفارس,1393,1394,fold1_train;fold2_train,2015-07-20,2015-07-19,2015-07-15,False,ADJUSTED_CLOSE_UNRESOLVED,False,4,frozen_shared_window_end_rule_last_eligible_trading_day
main_rule_a_primary,شلعاب,1393,1394,fold1_train;fold2_train,2015-07-20,2015-07-19,2015-07-15,False,ADJUSTED_CLOSE_UNRESOLVED,False,4,frozen_shared_window_end_rule_last_eligible_trading_day
main_rule_a_primary,شپارس,1393,1394,fold1_train;fold2_train,2015-01-20,2015-01-19,2015-01-17,False,ADJUSTED_CLOSE_UNRESOLVED,False,2,frozen_shared_window_end_rule_last_eligible_trading_day
main_rule_a_primary,شپنا,1393,1394,fold1_train;fold2_train,2015-07-20,2015-07-19,2015-07-15,False,ADJUSTED_CLOSE_UNRESOLVED,False,4,frozen_shared_window_end_rule_last_eligible_trading_day
main_rule_a_primary,شکربن,1393,1394,fold1_train;fold2_train,2015-07-20,2015-07-19,2015-07-15,False,ADJUSTED_CLOSE_UNRESOLVED,False,4,frozen_shared_window_end_rule_last_eligible_trading_day
main_rule_a_primary,شکلر,1393,1394,fold1_train;fold2_train,2015-01-20,2015-01-19,2015-01-19,True,OK,True,0,frozen_shared_window_end_rule_last_eligible_trading_day
main_rule_a_primary,شیران,1393,1394,fold1_train;fold2_train,2015-04-19,2015-04-18,2015-04-18,True,OK,True,0,frozen_shared_window_end_rule_last_eligible_trading_day
main_rule_a_primary,غبهنوش,1393,1394,fold1_train;fold2_train,2015-07-20,2015-07-19,2015-07-12,False,ADJUSTED_CLOSE_UNRESOLVED,False,7,frozen_shared_window_end_rule_last_eligible_trading_day
main_rule_a_primary,غدام,1393,1394,fold1_train;fold2_train,2015-04-19,2015-04-18,2015-04-18,True,OK,True,0,frozen_shared_window_end_rule_last_eligible_trading_day
main_rule_a_primary,غسالم,1393,1394,fold1_train;fold2_train,2015-07-20,2015-07-19,2015-07-11,False,ADJUSTED_CLOSE_UNRESOLVED,False,8,frozen_shared_window_end_rule_last_eligible_trading_day
main_rule_a_primary,غشان,1393,1394,fold1_train;fold2_train,2015-07-20,2015-07-19,2015-07-15,False,ADJUSTED_CLOSE_UNRESOLVED,False,4,frozen_shared_window_end_rule_last_eligible_trading_day
main_rule_a_primary,غشهد,1393,1394,fold1_train;fold2_train,2015-07-20,2015-07-19,2015-07-15,False,ADJUSTED_CLOSE_UNRESOLVED,False,4,frozen_shared_window_end_rule_last_eligible_trading_day
main_rule_a_primary,غنوش,1393,1394,fold1_train;fold2_train,2015-07-20,2015-07-19,2015-07-11,False,ADJUSTED_CLOSE_UNRESOLVED,False,8,frozen_shared_window_end_rule_last_eligible_trading_day
main_rule_a_primary,غگل,1393,1394,fold1_train;fold2_train,2015-01-20,2015-01-19,2015-01-13,False,ADJUSTED_CLOSE_UNRESOLVED,False,6,frozen_shared_window_end_rule_last_eligible_trading_day
main_rule_a_primary,فاذر,1393,1394,fold1_train;fold2_train,2015-07-20,2015-07-19,2015-07-15,False,ADJUSTED_CLOSE_UNRESOLVED,False,4,frozen_shared_window_end_rule_last_eligible_trading_day
main_rule_a_primary,فایرا,1393,1394,fold1_train;fold2_train,2015-07-20,2015-07-19,2015-07-14,False,ADJUSTED_CLOSE_UNRESOLVED,False,5,frozen_shared_window_end_rule_last_eligible_trading_day
main_rule_a_primary,فباهنر,1393,1394,fold1_train;fold2_train,2015-07-20,2015-07-19,2015-07-15,False,ADJUSTED_CLOSE_UNRESOLVED,False,4,frozen_shared_window_end_rule_last_eligible_trading_day
main_rule_a_primary,فجام,1393,1394,fold1_train;fold2_train,2015-07-20,2015-07-19,2015-07-15,False,ADJUSTED_CLOSE_UNRESOLVED,False,4,frozen_shared_window_end_rule_last_eligible_trading_day
main_rule_a_primary,فجر,1393,1394,fold1_train;fold2_train,2015-07-20,2015-07-19,2015-07-15,False,ADJUSTED_CLOSE_UNRESOLVED,False,4,frozen_shared_window_end_rule_last_eligible_trading_day
main_rule_a_primary,فخوز,1393,1394,fold1_train;fold2_train,2015-07-20,2015-07-19,2015-07-15,False,ADJUSTED_CLOSE_UNRESOLVED,False,4,frozen_shared_window_end_rule_last_eligible_trading_day
main_rule_a_primary,فرآور,1393,1394,fold1_train;fold2_train,2015-07-20,2015-07-19,2015-07-15,False,ADJUSTED_CLOSE_UNRESOLVED,False,4,frozen_shared_window_end_rule_last_eligible_trading_day
main_rule_a_primary,فسرب,1393,1394,fold1_train;fold2_train,2015-07-20,2015-07-19,2015-07-15,False,ADJUSTED_CLOSE_UNRESOLVED,False,4,frozen_shared_window_end_rule_last_eligible_trading_day
main_rule_a_primary,فسپا,1393,1394,fold1_train;fold2_train,2015-07-20,2015-07-19,2015-07-05,False,ADJUSTED_CLOSE_UNRESOLVED,False,14,frozen_shared_window_end_rule_last_eligible_trading_day
main_rule_a_primary,فمراد,1393,1394,fold1_train;fold2_train,2015-07-20,2015-07-19,2015-07-15,False,ADJUSTED_CLOSE_UNRESOLVED,False,4,frozen_shared_window_end_rule_last_eligible_trading_day
main_rule_a_primary,فملی,1393,1394,fold1_train;fold2_train,2015-07-20,2015-07-19,2015-07-14,False,ADJUSTED_CLOSE_UNRESOLVED,False,5,frozen_shared_window_end_rule_last_eligible_trading_day
main_rule_a_primary,فنورد,1393,1394,fold1_train;fold2_train,2015-07-20,2015-07-19,2015-07-11,False,ADJUSTED_CLOSE_UNRESOLVED,False,8,frozen_shared_window_end_rule_last_eligible_trading_day
main_rule_a_primary,فولاژ,1393,1394,fold1_train;fold2_train,2015-07-20,2015-07-19,2015-07-15,False,ADJUSTED_CLOSE_UNRESOLVED,False,4,frozen_shared_window_end_rule_last_eligible_trading_day
main_rule_a_primary,فپنتا,1393,1394,fold1_train;fold2_train,2015-07-20,2015-07-19,2015-07-13,False,ADJUSTED_CLOSE_UNRESOLVED,False,6,frozen_shared_window_end_rule_last_eligible_trading_day
main_rule_a_primary,لابسا,1393,1394,fold1_train;fold2_train,2015-07-20,2015-07-19,2015-07-14,False,ADJUSTED_CLOSE_UNRESOLVED,False,5,frozen_shared_window_end_rule_last_eligible_trading_day
main_rule_a_primary,لبوتان,1393,1394,fold1_train;fold2_train,2015-07-20,2015-07-19,2015-07-14,False,ADJUSTED_CLOSE_UNRESOLVED,False,5,frozen_shared_window_end_rule_last_eligible_trading_day
main_rule_a_primary,لخزر,1393,1394,fold1_train;fold2_train,2015-07-20,2015-07-19,2015-07-15,False,ADJUSTED_CLOSE_UNRESOLVED,False,4,frozen_shared_window_end_rule_last_eligible_trading_day
main_rule_a_primary,لسرما,1393,1394,fold1_train;fold2_train,2015-07-20,2015-07-19,2015-07-13,False,ADJUSTED_CLOSE_UNRESOLVED,False,6,frozen_shared_window_end_rule_last_eligible_trading_day
main_rule_a_primary,پدرخش,1393,1394,fold1_train;fold2_train,2015-07-20,2015-07-19,2015-07-13,False,ADJUSTED_CLOSE_UNRESOLVED,False,6,frozen_shared_window_end_rule_last_eligible_trading_day
main_rule_a_primary,پسهند,1393,1394,fold1_train;fold2_train,2015-07-20,2015-07-19,2015-07-15,False,ADJUSTED_CLOSE_UNRESOLVED,False,4,frozen_shared_window_end_rule_last_eligible_trading_day
main_rule_a_primary,پلاسک,1393,1394,fold1_train;fold2_train,2015-07-20,2015-07-19,2015-07-15,False,ADJUSTED_CLOSE_UNRESOLVED,False,4,frozen_shared_window_end_rule_last_eligible_trading_day
main_rule_a_primary,چافست,1393,1394,fold1_train;fold2_train,2015-01-20,2015-01-19,2015-01-19,True,OK,True,0,frozen_shared_window_end_rule_last_eligible_trading_day
main_rule_a_primary,چکارن,1393,1394,fold1_train;fold2_train,2015-07-20,2015-07-19,2015-07-15,False,ADJUSTED_CLOSE_UNRESOLVED,False,4,frozen_shared_window_end_rule_last_eligible_trading_day
main_rule_a_primary,کبافق,1393,1394,fold1_train;fold2_train,2015-07-20,2015-07-19,2015-07-15,False,ADJUSTED_CLOSE_UNRESOLVED,False,4,frozen_shared_window_end_rule_last_eligible_trading_day
main_rule_a_primary,کرازی,1393,1394,fold1_train;fold2_train,2015-07-20,2015-07-19,2015-07-15,False,ADJUSTED_CLOSE_UNRESOLVED,False,4,frozen_shared_window_end_rule_last_eligible_trading_day
main_rule_a_primary,کفرا,1393,1394,fold1_train;fold2_train,2015-07-20,2015-07-19,2015-07-15,False,ADJUSTED_CLOSE_UNRESOLVED,False,4,frozen_shared_window_end_rule_last_eligible_trading_day
main_rule_a_primary,کفپارس,1393,1394,fold1_train;fold2_train,2015-04-19,2015-04-18,2014-09-09,False,ADJUSTED_CLOSE_UNRESOLVED,False,221,frozen_shared_window_end_rule_last_eligible_trading_day
main_rule_a_primary,کهمدا,1393,1394,fold1_train;fold2_train,2014-10-22,2014-10-21,2014-10-21,True,OK,True,0,frozen_shared_window_end_rule_last_eligible_trading_day
main_rule_a_primary,کگاز,1393,1394,fold1_train;fold2_train,2015-07-20,2015-07-19,2015-07-14,False,ADJUSTED_CLOSE_UNRESOLVED,False,5,frozen_shared_window_end_rule_last_eligible_trading_day
main_rule_a_primary,کگل,1393,1394,fold1_train;fold2_train,2015-07-20,2015-07-19,2015-07-06,False,ADJUSTED_CLOSE_UNRESOLVED,False,13,frozen_shared_window_end_rule_last_eligible_trading_day
main_rule_a_primary,بالبر,1394,1395,fold1_train;fold2_train,2016-01-20,2016-01-19,2016-01-19,True,OK,True,0,frozen_shared_window_end_rule_last_eligible_trading_day
main_rule_a_primary,بترانس,1394,1395,fold1_train;fold2_train,2016-07-19,2016-07-18,2016-07-16,False,ADJUSTED_CLOSE_UNRESOLVED,False,2,frozen_shared_window_end_rule_last_eligible_trading_day
main_rule_a_primary,بموتو,1394,1395,fold1_train;fold2_train,2016-01-20,2016-01-19,2016-01-19,True,OK,True,0,frozen_shared_window_end_rule_last_eligible_trading_day
main_rule_a_primary,بکاب,1394,1395,fold1_train;fold2_train,2016-01-20,2016-01-19,2016-01-09,False,ADJUSTED_CLOSE_UNRESOLVED,False,10,frozen_shared_window_end_rule_last_eligible_trading_day
main_rule_a_primary,بکام,1394,1395,fold1_train;fold2_train,2016-07-19,2016-07-18,2016-07-18,True,OK,True,0,frozen_shared_window_end_rule_last_eligible_trading_day
main_rule_a_primary,تپمپی,1394,1395,fold1_train;fold2_train,2015-10-22,2015-10-21,2015-10-18,False,ADJUSTED_CLOSE_UNRESOLVED,False,3,frozen_shared_window_end_rule_last_eligible_trading_day
main_rule_a_primary,تکمبا,1394,1395,fold1_train;fold2_train,2016-07-19,2016-07-18,2016-07-18,True,OK,True,0,frozen_shared_window_end_rule_last_eligible_trading_day
main_rule_a_primary,ثشرق,1394,1395,fold1_train;fold2_train,2016-01-20,2016-01-19,2016-01-19,True,OK,True,0,frozen_shared_window_end_rule_last_eligible_trading_day
main_rule_a_primary,ثنوسا,1394,1395,fold1_train;fold2_train,2016-01-20,2016-01-19,2016-01-19,True,OK,True,0,frozen_shared_window_end_rule_last_eligible_trading_day
main_rule_a_primary,جم,1394,1395,fold1_train;fold2_train,2016-07-19,2016-07-18,2016-07-16,False,ADJUSTED_CLOSE_UNRESOLVED,False,2,frozen_shared_window_end_rule_last_eligible_trading_day
main_rule_a_primary,حپترو,1394,1395,fold1_train;fold2_train,2016-07-19,2016-07-18,2016-07-13,False,ADJUSTED_CLOSE_UNRESOLVED,False,5,frozen_shared_window_end_rule_last_eligible_trading_day
main_rule_a_primary,حکشتی,1394,1395,fold1_train;fold2_train,2015-10-22,2015-10-21,2015-10-19,False,ADJUSTED_CLOSE_UNRESOLVED,False,2,frozen_shared_window_end_rule_last_eligible_trading_day
main_rule_a_primary,خاذین,1394,1395,fold1_train;fold2_train,2016-07-19,2016-07-18,2016-07-13,False,ADJUSTED_CLOSE_UNRESOLVED,False,5,frozen_shared_window_end_rule_last_eligible_trading_day
main_rule_a_primary,خبهمن,1394,1395,fold1_train;fold2_train,2016-07-19,2016-07-18,2016-07-18,True,OK,True,0,frozen_shared_window_end_rule_last_eligible_trading_day
main_rule_a_primary,ختوقا,1394,1395,fold1_train;fold2_train,2016-07-19,2016-07-18,2016-07-18,True,OK,True,0,frozen_shared_window_end_rule_last_eligible_trading_day
main_rule_a_primary,خرینگ,1394,1395,fold1_train;fold2_train,2016-07-19,2016-07-18,2016-07-18,True,OK,True,0,frozen_shared_window_end_rule_last_eligible_trading_day
main_rule_a_primary,خمحور,1394,1395,fold1_train;fold2_train,2016-07-19,2016-07-18,2016-07-18,True,OK,True,0,frozen_shared_window_end_rule_last_eligible_trading_day
main_rule_a_primary,خمهر,1394,1395,fold1_train;fold2_train,2016-07-19,2016-07-18,2016-07-18,True,OK,True,0,frozen_shared_window_end_rule_last_eligible_trading_day
main_rule_a_primary,خنصیر,1394,1395,fold1_train;fold2_train,2016-07-19,2016-07-18,2016-07-18,True,OK,True,0,frozen_shared_window_end_rule_last_eligible_trading_day
main_rule_a_primary,خوساز,1394,1395,fold1_train;fold2_train,2016-07-19,2016-07-18,2016-07-18,True,OK,True,0,frozen_shared_window_end_rule_last_eligible_trading_day
main_rule_a_primary,خچرخش,1394,1395,fold1_train;fold2_train,2016-07-19,2016-07-18,2016-07-18,True,OK,True,0,frozen_shared_window_end_rule_last_eligible_trading_day
main_rule_a_primary,خکمک,1394,1395,fold1_train;fold2_train,2016-07-19,2016-07-18,2016-07-18,True,OK,True,0,frozen_shared_window_end_rule_last_eligible_trading_day
main_rule_a_primary,ددام,1394,1395,fold1_train;fold2_train,2016-07-19,2016-07-18,2016-07-18,True,OK,True,0,frozen_shared_window_end_rule_last_eligible_trading_day
main_rule_a_primary,دروز,1394,1395,fold1_train;fold2_train,2016-07-19,2016-07-18,2016-07-11,False,ADJUSTED_CLOSE_UNRESOLVED,False,7,frozen_shared_window_end_rule_last_eligible_trading_day
main_rule_a_primary,دسبحا,1394,1395,fold1_train;fold2_train,2016-07-19,2016-07-18,2016-07-18,True,OK,True,0,frozen_shared_window_end_rule_last_eligible_trading_day
main_rule_a_primary,دسینا,1394,1395,fold1_train;fold2_train,2016-07-19,2016-07-18,2016-07-18,True,OK,True,0,frozen_shared_window_end_rule_last_eligible_trading_day
main_rule_a_primary,دشیمی,1394,1395,fold1_train;fold2_train,2016-07-19,2016-07-18,2016-07-17,False,ADJUSTED_CLOSE_UNRESOLVED,False,1,frozen_shared_window_end_rule_last_eligible_trading_day
main_rule_a_primary,دیران,1394,1395,fold1_train;fold2_train,2016-07-19,2016-07-18,2016-07-18,True,OK,True,0,frozen_shared_window_end_rule_last_eligible_trading_day
main_rule_a_primary,رانفور,1394,1395,fold1_train;fold2_train,2016-07-19,2016-07-18,2016-07-18,True,OK,True,0,frozen_shared_window_end_rule_last_eligible_trading_day
main_rule_a_primary,زمگسا,1394,1395,fold1_train;fold2_train,2016-07-19,2016-07-18,2016-07-18,True,OK,True,0,frozen_shared_window_end_rule_last_eligible_trading_day
main_rule_a_primary,ساراب,1394,1395,fold1_train;fold2_train,2016-07-19,2016-07-18,2016-07-12,False,ADJUSTED_CLOSE_UNRESOLVED,False,6,frozen_shared_window_end_rule_last_eligible_trading_day
main_rule_a_primary,ساربیل,1394,1395,fold1_train;fold2_train,2016-04-18,2016-04-17,2016-02-22,False,ADJUSTED_CLOSE_UNRESOLVED,False,55,frozen_shared_window_end_rule_last_eligible_trading_day
main_rule_a_primary,ساروم,1394,1395,fold1_train;fold2_train,2016-07-19,2016-07-18,2016-07-18,True,OK,True,0,frozen_shared_window_end_rule_last_eligible_trading_day
main_rule_a_primary,سبجنو,1394,1395,fold1_train;fold2_train,2016-07-19,2016-07-18,2016-07-02,False,ADJUSTED_CLOSE_UNRESOLVED,False,16,frozen_shared_window_end_rule_last_eligible_trading_day
main_rule_a_primary,سبهان,1394,1395,fold1_train;fold2_train,2016-07-19,2016-07-18,2016-07-18,True,OK,True,0,frozen_shared_window_end_rule_last_eligible_trading_day
main_rule_a_primary,ستران,1394,1395,fold1_train;fold2_train,2016-07-19,2016-07-18,2016-07-18,True,OK,True,0,frozen_shared_window_end_rule_last_eligible_trading_day
main_rule_a_primary,سخاش,1394,1395,fold1_train;fold2_train,2016-07-19,2016-07-18,2016-07-17,False,ADJUSTED_CLOSE_UNRESOLVED,False,1,frozen_shared_window_end_rule_last_eligible_trading_day
main_rule_a_primary,سخزر,1394,1395,fold1_train;fold2_train,2016-07-19,2016-07-18,2016-07-18,True,OK,True,0,frozen_shared_window_end_rule_last_eligible_trading_day
main_rule_a_primary,سخوز,1394,1395,fold1_train;fold2_train,2016-07-19,2016-07-18,2016-07-18,True,OK,True,0,frozen_shared_window_end_rule_last_eligible_trading_day
main_rule_a_primary,سدشت,1394,1395,fold1_train;fold2_train,2016-01-20,2016-01-19,2016-01-19,True,OK,True,0,frozen_shared_window_end_rule_last_eligible_trading_day
main_rule_a_primary,سدور,1394,1395,fold1_train;fold2_train,2016-07-19,2016-07-18,2016-07-18,True,OK,True,0,frozen_shared_window_end_rule_last_eligible_trading_day
main_rule_a_primary,سرود,1394,1395,fold1_train;fold2_train,2016-07-19,2016-07-18,2016-07-18,True,OK,True,0,frozen_shared_window_end_rule_last_eligible_trading_day
main_rule_a_primary,سشرق,1394,1395,fold1_train;fold2_train,2016-01-20,2016-01-19,2016-01-19,True,OK,True,0,frozen_shared_window_end_rule_last_eligible_trading_day
main_rule_a_primary,سصفها,1394,1395,fold1_train;fold2_train,2016-07-19,2016-07-18,2016-07-18,True,OK,True,0,frozen_shared_window_end_rule_last_eligible_trading_day
main_rule_a_primary,سغرب,1394,1395,fold1_train;fold2_train,2016-07-19,2016-07-18,2016-07-18,True,OK,True,0,frozen_shared_window_end_rule_last_eligible_trading_day
main_rule_a_primary,سقاین,1394,1395,fold1_train;fold2_train,2016-07-19,2016-07-18,2016-07-18,True,OK,True,0,frozen_shared_window_end_rule_last_eligible_trading_day
main_rule_a_primary,سمازن,1394,1395,fold1_train;fold2_train,2016-07-19,2016-07-18,2016-07-10,False,ADJUSTED_CLOSE_UNRESOLVED,False,8,frozen_shared_window_end_rule_last_eligible_trading_day
main_rule_a_primary,سنیر,1394,1395,fold1_train;fold2_train,2016-07-19,2016-07-18,2016-07-04,False,ADJUSTED_CLOSE_UNRESOLVED,False,14,frozen_shared_window_end_rule_last_eligible_trading_day
main_rule_a_primary,سهگمت,1394,1395,fold1_train;fold2_train,2016-05-19,2016-05-18,2016-05-18,True,OK,True,0,frozen_shared_window_end_rule_last_eligible_trading_day
main_rule_a_primary,سپاها,1394,1395,fold1_train;fold2_train,2016-01-20,2016-01-19,2016-01-19,True,OK,True,0,frozen_shared_window_end_rule_last_eligible_trading_day
main_rule_a_primary,سکرد,1394,1395,fold1_train;fold2_train,2016-01-20,2016-01-19,2016-01-19,True,OK,True,0,frozen_shared_window_end_rule_last_eligible_trading_day
main_rule_a_primary,سیلام,1394,1395,fold1_train;fold2_train,2016-05-19,2016-05-18,2016-05-16,False,ADJUSTED_CLOSE_UNRESOLVED,False,2,frozen_shared_window_end_rule_last_eligible_trading_day
main_rule_a_primary,شاراک,1394,1395,fold1_train;fold2_train,2016-07-19,2016-07-18,2016-07-18,True,OK,True,0,frozen_shared_window_end_rule_last_eligible_trading_day
main_rule_a_primary,شبریز,1394,1395,fold1_train;fold2_train,2016-07-19,2016-07-18,2016-07-18,True,OK,True,0,frozen_shared_window_end_rule_last_eligible_trading_day
main_rule_a_primary,شبندر,1394,1395,fold1_train;fold2_train,2016-07-19,2016-07-18,2016-07-18,True,OK,True,0,frozen_shared_window_end_rule_last_eligible_trading_day
main_rule_a_primary,شدوص,1394,1395,fold1_train;fold2_train,2016-07-19,2016-07-18,2016-07-18,True,OK,True,0,frozen_shared_window_end_rule_last_eligible_trading_day
main_rule_a_primary,شفارس,1394,1395,fold1_train;fold2_train,2016-07-19,2016-07-18,2016-07-18,True,OK,True,0,frozen_shared_window_end_rule_last_eligible_trading_day
main_rule_a_primary,شلعاب,1394,1395,fold1_train;fold2_train,2016-07-19,2016-07-18,2016-07-18,True,OK,True,0,frozen_shared_window_end_rule_last_eligible_trading_day
main_rule_a_primary,شپارس,1394,1395,fold1_train;fold2_train,2016-01-20,2016-01-19,2016-01-18,False,ADJUSTED_CLOSE_UNRESOLVED,False,1,frozen_shared_window_end_rule_last_eligible_trading_day
main_rule_a_primary,شپنا,1394,1395,fold1_train;fold2_train,2016-07-19,2016-07-18,2016-07-18,True,OK,True,0,frozen_shared_window_end_rule_last_eligible_trading_day
main_rule_a_primary,شکربن,1394,1395,fold1_train;fold2_train,2016-07-19,2016-07-18,2016-07-18,True,OK,True,0,frozen_shared_window_end_rule_last_eligible_trading_day
main_rule_a_primary,شکلر,1394,1395,fold1_train;fold2_train,2016-01-20,2016-01-19,2016-01-19,True,OK,True,0,frozen_shared_window_end_rule_last_eligible_trading_day
main_rule_a_primary,شیران,1394,1395,fold1_train;fold2_train,2016-04-18,2016-04-17,2016-04-17,True,OK,True,0,frozen_shared_window_end_rule_last_eligible_trading_day
main_rule_a_primary,غبهنوش,1394,1395,fold1_train;fold2_train,2016-07-19,2016-07-18,2016-07-17,False,ADJUSTED_CLOSE_UNRESOLVED,False,1,frozen_shared_window_end_rule_last_eligible_trading_day
main_rule_a_primary,غدام,1394,1395,fold1_train;fold2_train,2016-04-18,2016-04-17,2016-04-11,False,ADJUSTED_CLOSE_UNRESOLVED,False,6,frozen_shared_window_end_rule_last_eligible_trading_day
main_rule_a_primary,غسالم,1394,1395,fold1_train;fold2_train,2016-07-19,2016-07-18,2016-07-11,False,ADJUSTED_CLOSE_UNRESOLVED,False,7,frozen_shared_window_end_rule_last_eligible_trading_day
main_rule_a_primary,غشان,1394,1395,fold1_train;fold2_train,2016-07-19,2016-07-18,2016-07-18,True,OK,True,0,frozen_shared_window_end_rule_last_eligible_trading_day
main_rule_a_primary,غشهد,1394,1395,fold1_train;fold2_train,2016-07-19,2016-07-18,2016-07-18,True,OK,True,0,frozen_shared_window_end_rule_last_eligible_trading_day
main_rule_a_primary,غنوش,1394,1395,fold1_train;fold2_train,2016-07-19,2016-07-18,2016-07-10,False,ADJUSTED_CLOSE_UNRESOLVED,False,8,frozen_shared_window_end_rule_last_eligible_trading_day
main_rule_a_primary,غگل,1394,1395,fold1_train;fold2_train,2016-01-20,2016-01-19,2016-01-13,False,ADJUSTED_CLOSE_UNRESOLVED,False,6,frozen_shared_window_end_rule_last_eligible_trading_day
main_rule_a_primary,فاذر,1394,1395,fold1_train;fold2_train,2016-07-19,2016-07-18,2016-07-18,True,OK,True,0,frozen_shared_window_end_rule_last_eligible_trading_day
main_rule_a_primary,فایرا,1394,1395,fold1_train;fold2_train,2016-07-19,2016-07-18,2015-10-21,False,ADJUSTED_CLOSE_UNRESOLVED,False,271,frozen_shared_window_end_rule_last_eligible_trading_day
main_rule_a_primary,فباهنر,1394,1395,fold1_train;fold2_train,2016-07-19,2016-07-18,2016-07-18,True,OK,True,0,frozen_shared_window_end_rule_last_eligible_trading_day
main_rule_a_primary,فجام,1394,1395,fold1_train;fold2_train,2016-07-19,2016-07-18,2016-07-13,False,ADJUSTED_CLOSE_UNRESOLVED,False,5,frozen_shared_window_end_rule_last_eligible_trading_day
main_rule_a_primary,فجر,1394,1395,fold1_train;fold2_train,2016-07-19,2016-07-18,2016-07-04,False,ADJUSTED_CLOSE_UNRESOLVED,False,14,frozen_shared_window_end_rule_last_eligible_trading_day
main_rule_a_primary,فخوز,1394,1395,fold1_train;fold2_train,2016-07-19,2016-07-18,2016-07-18,True,OK,True,0,frozen_shared_window_end_rule_last_eligible_trading_day
main_rule_a_primary,فرآور,1394,1395,fold1_train;fold2_train,2016-07-19,2016-07-18,2016-07-18,True,OK,True,0,frozen_shared_window_end_rule_last_eligible_trading_day
main_rule_a_primary,فسرب,1394,1395,fold1_train;fold2_train,2016-07-19,2016-07-18,2016-07-18,True,OK,True,0,frozen_shared_window_end_rule_last_eligible_trading_day
main_rule_a_primary,فسپا,1394,1395,fold1_train;fold2_train,2016-07-19,2016-07-18,2016-06-22,False,ADJUSTED_CLOSE_UNRESOLVED,False,26,frozen_shared_window_end_rule_last_eligible_trading_day
main_rule_a_primary,فمراد,1394,1395,fold1_train;fold2_train,2016-07-19,2016-07-18,2016-07-12,False,ADJUSTED_CLOSE_UNRESOLVED,False,6,frozen_shared_window_end_rule_last_eligible_trading_day
main_rule_a_primary,فملی,1394,1395,fold1_train;fold2_train,2016-07-19,2016-07-18,2016-07-05,False,ADJUSTED_CLOSE_UNRESOLVED,False,13,frozen_shared_window_end_rule_last_eligible_trading_day
main_rule_a_primary,فنورد,1394,1395,fold1_train;fold2_train,2016-07-19,2016-07-18,2016-07-18,True,OK,True,0,frozen_shared_window_end_rule_last_eligible_trading_day
main_rule_a_primary,فولاژ,1394,1395,fold1_train;fold2_train,2016-07-19,2016-07-18,2016-07-11,False,ADJUSTED_CLOSE_UNRESOLVED,False,7,frozen_shared_window_end_rule_last_eligible_trading_day
main_rule_a_primary,فپنتا,1394,1395,fold1_train;fold2_train,2016-07-19,2016-07-18,2016-07-12,False,ADJUSTED_CLOSE_UNRESOLVED,False,6,frozen_shared_window_end_rule_last_eligible_trading_day
main_rule_a_primary,لابسا,1394,1395,fold1_train;fold2_train,2016-07-19,2016-07-18,2016-07-12,False,ADJUSTED_CLOSE_UNRESOLVED,False,6,frozen_shared_window_end_rule_last_eligible_trading_day
main_rule_a_primary,لبوتان,1394,1395,fold1_train;fold2_train,2016-07-19,2016-07-18,2016-07-13,False,ADJUSTED_CLOSE_UNRESOLVED,False,5,frozen_shared_window_end_rule_last_eligible_trading_day
main_rule_a_primary,لخزر,1394,1395,fold1_train;fold2_train,2016-07-19,2016-07-18,2016-07-18,True,OK,True,0,frozen_shared_window_end_rule_last_eligible_trading_day
main_rule_a_primary,لسرما,1394,1395,fold1_train;fold2_train,2016-07-19,2016-07-18,2016-07-13,False,ADJUSTED_CLOSE_UNRESOLVED,False,5,frozen_shared_window_end_rule_last_eligible_trading_day
main_rule_a_primary,همراه,1394,1395,fold1_train;fold2_train,2016-07-19,2016-07-18,2016-07-18,True,OK,True,0,frozen_shared_window_end_rule_last_eligible_trading_day
main_rule_a_primary,پدرخش,1394,1395,fold1_train;fold2_train,2016-07-19,2016-07-18,2016-07-18,True,OK,True,0,frozen_shared_window_end_rule_last_eligible_trading_day
main_rule_a_primary,پسهند,1394,1395,fold1_train;fold2_train,2016-07-19,2016-07-18,2016-07-18,True,OK,True,0,frozen_shared_window_end_rule_last_eligible_trading_day
main_rule_a_primary,پلاسک,1394,1395,fold1_train;fold2_train,2016-07-19,2016-07-18,2016-07-18,True,OK,True,0,frozen_shared_window_end_rule_last_eligible_trading_day
main_rule_a_primary,چافست,1394,1395,fold1_train;fold2_train,2016-01-20,2016-01-19,2016-01-19,True,OK,True,0,frozen_shared_window_end_rule_last_eligible_trading_day
main_rule_a_primary,چکارن,1394,1395,fold1_train;fold2_train,2016-07-19,2016-07-18,2016-07-18,True,OK,True,0,frozen_shared_window_end_rule_last_eligible_trading_day
main_rule_a_primary,کبافق,1394,1395,fold1_train;fold2_train,2016-07-19,2016-07-18,2016-07-18,True,OK,True,0,frozen_shared_window_end_rule_last_eligible_trading_day
main_rule_a_primary,کرازی,1394,1395,fold1_train;fold2_train,2016-07-19,2016-07-18,2016-07-18,True,OK,True,0,frozen_shared_window_end_rule_last_eligible_trading_day
main_rule_a_primary,کفرا,1394,1395,fold1_train;fold2_train,2016-07-19,2016-07-18,2016-07-18,True,OK,True,0,frozen_shared_window_end_rule_last_eligible_trading_day
main_rule_a_primary,کفپارس,1394,1395,fold1_train;fold2_train,2016-04-18,2016-04-17,2016-04-16,False,ADJUSTED_CLOSE_UNRESOLVED,False,1,frozen_shared_window_end_rule_last_eligible_trading_day
main_rule_a_primary,کهمدا,1394,1395,fold1_train;fold2_train,2015-10-22,2015-10-21,2015-10-21,True,OK,True,0,frozen_shared_window_end_rule_last_eligible_trading_day
main_rule_a_primary,کگاز,1394,1395,fold1_train;fold2_train,2016-07-19,2016-07-18,2016-07-18,True,OK,True,0,frozen_shared_window_end_rule_last_eligible_trading_day
main_rule_a_primary,کگل,1394,1395,fold1_train;fold2_train,2016-07-19,2016-07-18,2016-07-18,True,OK,True,0,frozen_shared_window_end_rule_last_eligible_trading_day
main_rule_a_primary,بالبر,1395,1396,fold1_validation;fold2_train,2017-01-19,2017-01-18,2017-01-15,False,ADJUSTED_CLOSE_UNRESOLVED,False,3,frozen_shared_window_end_rule_last_eligible_trading_day
main_rule_a_primary,بترانس,1395,1396,fold1_validation;fold2_train,2017-07-21,2017-07-19,2017-07-19,True,OK,True,0,frozen_shared_window_end_rule_last_eligible_trading_day
main_rule_a_primary,بموتو,1395,1396,fold1_validation;fold2_train,2017-01-19,2017-01-18,2017-01-18,True,OK,True,0,frozen_shared_window_end_rule_last_eligible_trading_day
main_rule_a_primary,بکاب,1395,1396,fold1_validation;fold2_train,2017-01-19,2017-01-18,2017-01-11,False,ADJUSTED_CLOSE_UNRESOLVED,False,7,frozen_shared_window_end_rule_last_eligible_trading_day
main_rule_a_primary,بکام,1395,1396,fold1_validation;fold2_train,2017-07-21,2017-07-19,2017-05-29,False,ADJUSTED_CLOSE_UNRESOLVED,False,51,frozen_shared_window_end_rule_last_eligible_trading_day
main_rule_a_primary,تپمپی,1395,1396,fold1_validation;fold2_train,2016-10-21,2016-10-19,2016-10-16,False,ADJUSTED_CLOSE_UNRESOLVED,False,3,frozen_shared_window_end_rule_last_eligible_trading_day
main_rule_a_primary,تکمبا,1395,1396,fold1_validation;fold2_train,2017-07-21,2017-07-19,2017-07-18,False,ADJUSTED_CLOSE_UNRESOLVED,False,1,frozen_shared_window_end_rule_last_eligible_trading_day
main_rule_a_primary,ثشرق,1395,1396,fold1_validation;fold2_train,2017-01-19,2017-01-18,2017-01-18,True,OK,True,0,frozen_shared_window_end_rule_last_eligible_trading_day
main_rule_a_primary,ثنوسا,1395,1396,fold1_validation;fold2_train,2017-01-19,2017-01-18,2017-01-18,True,OK,True,0,frozen_shared_window_end_rule_last_eligible_trading_day
main_rule_a_primary,جم,1395,1396,fold1_validation;fold2_train,2017-07-21,2017-07-19,2017-07-19,True,OK,True,0,frozen_shared_window_end_rule_last_eligible_trading_day
main_rule_a_primary,حپترو,1395,1396,fold1_validation;fold2_train,2017-07-21,2017-07-19,2017-07-16,False,ADJUSTED_CLOSE_UNRESOLVED,False,3,frozen_shared_window_end_rule_last_eligible_trading_day
main_rule_a_primary,حکشتی,1395,1396,fold1_validation;fold2_train,2016-10-21,2016-10-19,2016-10-18,False,ADJUSTED_CLOSE_UNRESOLVED,False,1,frozen_shared_window_end_rule_last_eligible_trading_day
main_rule_a_primary,خاذین,1395,1396,fold1_validation;fold2_train,2017-07-21,2017-07-19,2017-07-19,True,OK,True,0,frozen_shared_window_end_rule_last_eligible_trading_day
main_rule_a_primary,خبهمن,1395,1396,fold1_validation;fold2_train,2017-07-21,2017-07-19,2017-07-08,False,ADJUSTED_CLOSE_UNRESOLVED,False,11,frozen_shared_window_end_rule_last_eligible_trading_day
main_rule_a_primary,ختوقا,1395,1396,fold1_validation;fold2_train,2017-07-21,2017-07-19,2017-07-19,True,OK,True,0,frozen_shared_window_end_rule_last_eligible_trading_day
main_rule_a_primary,خرینگ,1395,1396,fold1_validation;fold2_train,2017-07-21,2017-07-19,2017-07-19,True,OK,True,0,frozen_shared_window_end_rule_last_eligible_trading_day
main_rule_a_primary,خمحور,1395,1396,fold1_validation;fold2_train,2017-07-21,2017-07-19,2017-07-19,True,OK,True,0,frozen_shared_window_end_rule_last_eligible_trading_day
main_rule_a_primary,خمهر,1395,1396,fold1_validation;fold2_train,2017-07-21,2017-07-19,2017-07-19,True,OK,True,0,frozen_shared_window_end_rule_last_eligible_trading_day
main_rule_a_primary,خنصیر,1395,1396,fold1_validation;fold2_train,2017-07-21,2017-07-19,2017-07-17,False,ADJUSTED_CLOSE_UNRESOLVED,False,2,frozen_shared_window_end_rule_last_eligible_trading_day
main_rule_a_primary,خوساز,1395,1396,fold1_validation;fold2_train,2017-07-21,2017-07-19,2017-07-15,False,ADJUSTED_CLOSE_UNRESOLVED,False,4,frozen_shared_window_end_rule_last_eligible_trading_day
main_rule_a_primary,خچرخش,1395,1396,fold1_validation;fold2_train,2017-07-21,2017-07-19,2017-07-19,True,OK,True,0,frozen_shared_window_end_rule_last_eligible_trading_day
main_rule_a_primary,خکمک,1395,1396,fold1_validation;fold2_train,2017-07-21,2017-07-19,2017-07-19,True,OK,True,0,frozen_shared_window_end_rule_last_eligible_trading_day
main_rule_a_primary,ددام,1395,1396,fold1_validation;fold2_train,2017-07-21,2017-07-19,2017-07-19,True,OK,True,0,frozen_shared_window_end_rule_last_eligible_trading_day
main_rule_a_primary,دروز,1395,1396,fold1_validation;fold2_train,2017-07-21,2017-07-19,2017-07-19,True,OK,True,0,frozen_shared_window_end_rule_last_eligible_trading_day
main_rule_a_primary,دسبحا,1395,1396,fold1_validation;fold2_train,2017-07-21,2017-07-19,2017-07-19,True,OK,True,0,frozen_shared_window_end_rule_last_eligible_trading_day
main_rule_a_primary,دسینا,1395,1396,fold1_validation;fold2_train,2017-07-21,2017-07-19,2017-07-18,False,ADJUSTED_CLOSE_UNRESOLVED,False,1,frozen_shared_window_end_rule_last_eligible_trading_day
main_rule_a_primary,دشیمی,1395,1396,fold1_validation;fold2_train,2017-07-21,2017-07-19,2017-07-19,True,OK,True,0,frozen_shared_window_end_rule_last_eligible_trading_day
main_rule_a_primary,دیران,1395,1396,fold1_validation;fold2_train,2017-07-21,2017-07-19,2017-07-19,True,OK,True,0,frozen_shared_window_end_rule_last_eligible_trading_day
main_rule_a_primary,رانفور,1395,1396,fold1_validation;fold2_train,2017-07-21,2017-07-19,2017-07-19,True,OK,True,0,frozen_shared_window_end_rule_last_eligible_trading_day
main_rule_a_primary,زمگسا,1395,1396,fold1_validation;fold2_train,2017-07-21,2017-07-19,2017-07-18,False,ADJUSTED_CLOSE_UNRESOLVED,False,1,frozen_shared_window_end_rule_last_eligible_trading_day
main_rule_a_primary,ساراب,1395,1396,fold1_validation;fold2_train,2017-07-21,2017-07-19,2017-07-12,False,ADJUSTED_CLOSE_UNRESOLVED,False,7,frozen_shared_window_end_rule_last_eligible_trading_day
main_rule_a_primary,ساربیل,1395,1396,fold1_validation;fold2_train,2017-04-19,2017-04-18,2017-04-18,True,OK,True,0,frozen_shared_window_end_rule_last_eligible_trading_day
main_rule_a_primary,ساروم,1395,1396,fold1_validation;fold2_train,2017-07-21,2017-07-19,2017-07-19,True,OK,True,0,frozen_shared_window_end_rule_last_eligible_trading_day
main_rule_a_primary,سبجنو,1395,1396,fold1_validation;fold2_train,2017-07-21,2017-07-19,2017-07-19,True,OK,True,0,frozen_shared_window_end_rule_last_eligible_trading_day
main_rule_a_primary,سبهان,1395,1396,fold1_validation;fold2_train,2017-07-21,2017-07-19,2017-07-19,True,OK,True,0,frozen_shared_window_end_rule_last_eligible_trading_day
main_rule_a_primary,ستران,1395,1396,fold1_validation;fold2_train,2017-07-21,2017-07-19,2017-07-16,False,ADJUSTED_CLOSE_UNRESOLVED,False,3,frozen_shared_window_end_rule_last_eligible_trading_day
main_rule_a_primary,سخاش,1395,1396,fold1_validation;fold2_train,2017-07-21,2017-07-19,2017-07-17,False,ADJUSTED_CLOSE_UNRESOLVED,False,2,frozen_shared_window_end_rule_last_eligible_trading_day
main_rule_a_primary,سخزر,1395,1396,fold1_validation;fold2_train,2017-07-21,2017-07-19,2017-07-19,True,OK,True,0,frozen_shared_window_end_rule_last_eligible_trading_day
main_rule_a_primary,سخوز,1395,1396,fold1_validation;fold2_train,2017-07-21,2017-07-19,2017-07-19,True,OK,True,0,frozen_shared_window_end_rule_last_eligible_trading_day
main_rule_a_primary,سدشت,1395,1396,fold1_validation;fold2_train,2017-01-19,2017-01-18,2017-01-18,True,OK,True,0,frozen_shared_window_end_rule_last_eligible_trading_day
main_rule_a_primary,سدور,1395,1396,fold1_validation;fold2_train,2017-07-21,2017-07-19,2017-07-19,True,OK,True,0,frozen_shared_window_end_rule_last_eligible_trading_day
main_rule_a_primary,سرود,1395,1396,fold1_validation;fold2_train,2017-07-21,2017-07-19,2017-07-19,True,OK,True,0,frozen_shared_window_end_rule_last_eligible_trading_day
main_rule_a_primary,سشرق,1395,1396,fold1_validation;fold2_train,2017-01-19,2017-01-18,2017-01-18,True,OK,True,0,frozen_shared_window_end_rule_last_eligible_trading_day
main_rule_a_primary,سصفها,1395,1396,fold1_validation;fold2_train,2017-07-21,2017-07-19,2017-07-18,False,ADJUSTED_CLOSE_UNRESOLVED,False,1,frozen_shared_window_end_rule_last_eligible_trading_day
main_rule_a_primary,سغرب,1395,1396,fold1_validation;fold2_train,2017-07-21,2017-07-19,2017-07-19,True,OK,True,0,frozen_shared_window_end_rule_last_eligible_trading_day
main_rule_a_primary,سقاین,1395,1396,fold1_validation;fold2_train,2017-07-21,2017-07-19,2017-07-19,True,OK,True,0,frozen_shared_window_end_rule_last_eligible_trading_day
main_rule_a_primary,سمازن,1395,1396,fold1_validation;fold2_train,2017-04-19,2017-04-18,2017-04-15,False,ADJUSTED_CLOSE_UNRESOLVED,False,3,frozen_shared_window_end_rule_last_eligible_trading_day
main_rule_a_primary,سنیر,1395,1396,fold1_validation;fold2_train,2017-07-21,2017-07-19,2017-06-24,False,ADJUSTED_CLOSE_UNRESOLVED,False,25,frozen_shared_window_end_rule_last_eligible_trading_day
main_rule_a_primary,سهگمت,1395,1396,fold1_validation;fold2_train,2017-05-20,2017-05-17,2017-05-17,True,OK,True,0,frozen_shared_window_end_rule_last_eligible_trading_day
main_rule_a_primary,سپاها,1395,1396,fold1_validation;fold2_train,2017-01-19,2017-01-18,2017-01-18,True,OK,True,0,frozen_shared_window_end_rule_last_eligible_trading_day
main_rule_a_primary,سکرد,1395,1396,fold1_validation;fold2_train,2017-01-19,2017-01-18,2017-01-18,True,OK,True,0,frozen_shared_window_end_rule_last_eligible_trading_day
main_rule_a_primary,سیلام,1395,1396,fold1_validation;fold2_train,2017-05-20,2017-05-17,2017-05-16,False,ADJUSTED_CLOSE_UNRESOLVED,False,1,frozen_shared_window_end_rule_last_eligible_trading_day
main_rule_a_primary,شاراک,1395,1396,fold1_validation;fold2_train,2017-07-21,2017-07-19,2017-07-19,True,OK,True,0,frozen_shared_window_end_rule_last_eligible_trading_day
main_rule_a_primary,شبریز,1395,1396,fold1_validation;fold2_train,2017-07-21,2017-07-19,2017-07-08,False,ADJUSTED_CLOSE_UNRESOLVED,False,11,frozen_shared_window_end_rule_last_eligible_trading_day
main_rule_a_primary,شبندر,1395,1396,fold1_validation;fold2_train,2017-07-21,2017-07-19,2017-07-08,False,ADJUSTED_CLOSE_UNRESOLVED,False,11,frozen_shared_window_end_rule_last_eligible_trading_day
main_rule_a_primary,شدوص,1395,1396,fold1_validation;fold2_train,2017-07-21,2017-07-19,2016-10-19,False,ADJUSTED_CLOSE_UNRESOLVED,False,273,frozen_shared_window_end_rule_last_eligible_trading_day
main_rule_a_primary,شفارس,1395,1396,fold1_validation;fold2_train,2017-07-21,2017-07-19,2017-07-19,True,OK,True,0,frozen_shared_window_end_rule_last_eligible_trading_day
main_rule_a_primary,شلعاب,1395,1396,fold1_validation;fold2_train,2017-07-21,2017-07-19,2017-07-19,True,OK,True,0,frozen_shared_window_end_rule_last_eligible_trading_day
main_rule_a_primary,شپارس,1395,1396,fold1_validation;fold2_train,2017-01-19,2017-01-18,2017-01-18,True,OK,True,0,frozen_shared_window_end_rule_last_eligible_trading_day
main_rule_a_primary,شپنا,1395,1396,fold1_validation;fold2_train,2017-07-21,2017-07-19,2017-07-08,False,ADJUSTED_CLOSE_UNRESOLVED,False,11,frozen_shared_window_end_rule_last_eligible_trading_day
main_rule_a_primary,شکربن,1395,1396,fold1_validation;fold2_train,2017-07-21,2017-07-19,2017-07-19,True,OK,True,0,frozen_shared_window_end_rule_last_eligible_trading_day
main_rule_a_primary,شکلر,1395,1396,fold1_validation;fold2_train,2017-01-19,2017-01-18,2017-01-18,True,OK,True,0,frozen_shared_window_end_rule_last_eligible_trading_day
main_rule_a_primary,شیران,1395,1396,fold1_validation;fold2_train,2017-04-19,2017-04-18,2017-04-18,True,OK,True,0,frozen_shared_window_end_rule_last_eligible_trading_day
main_rule_a_primary,غبهنوش,1395,1396,fold1_validation;fold2_train,2017-07-21,2017-07-19,2017-07-17,False,ADJUSTED_CLOSE_UNRESOLVED,False,2,frozen_shared_window_end_rule_last_eligible_trading_day
main_rule_a_primary,غدام,1395,1396,fold1_validation;fold2_train,2017-04-19,2017-04-18,2017-03-15,False,ADJUSTED_CLOSE_UNRESOLVED,False,34,frozen_shared_window_end_rule_last_eligible_trading_day
main_rule_a_primary,غسالم,1395,1396,fold1_validation;fold2_train,2017-07-21,2017-07-19,2017-07-17,False,ADJUSTED_CLOSE_UNRESOLVED,False,2,frozen_shared_window_end_rule_last_eligible_trading_day
main_rule_a_primary,غشان,1395,1396,fold1_validation;fold2_train,2017-07-21,2017-07-19,2017-07-19,True,OK,True,0,frozen_shared_window_end_rule_last_eligible_trading_day
main_rule_a_primary,غشهد,1395,1396,fold1_validation;fold2_train,2017-07-21,2017-07-19,2017-07-12,False,ADJUSTED_CLOSE_UNRESOLVED,False,7,frozen_shared_window_end_rule_last_eligible_trading_day
main_rule_a_primary,غنوش,1395,1396,fold1_validation;fold2_train,2017-07-21,2017-07-19,2017-05-14,False,ADJUSTED_CLOSE_UNRESOLVED,False,66,frozen_shared_window_end_rule_last_eligible_trading_day
main_rule_a_primary,غگل,1395,1396,fold1_validation;fold2_train,2017-01-19,2017-01-18,2017-01-09,False,ADJUSTED_CLOSE_UNRESOLVED,False,9,frozen_shared_window_end_rule_last_eligible_trading_day
main_rule_a_primary,فاذر,1395,1396,fold1_validation;fold2_train,2017-07-21,2017-07-19,2017-06-21,False,ADJUSTED_CLOSE_UNRESOLVED,False,28,frozen_shared_window_end_rule_last_eligible_trading_day
main_rule_a_primary,فایرا,1395,1396,fold1_validation;fold2_train,2017-07-21,2017-07-19,2015-10-21,False,ADJUSTED_CLOSE_UNRESOLVED,False,637,frozen_shared_window_end_rule_last_eligible_trading_day
main_rule_a_primary,فباهنر,1395,1396,fold1_validation;fold2_train,2017-07-21,2017-07-19,2017-07-05,False,ADJUSTED_CLOSE_UNRESOLVED,False,14,frozen_shared_window_end_rule_last_eligible_trading_day
main_rule_a_primary,فجام,1395,1396,fold1_validation;fold2_train,2017-07-21,2017-07-19,2017-07-19,True,OK,True,0,frozen_shared_window_end_rule_last_eligible_trading_day
main_rule_a_primary,فجر,1395,1396,fold1_validation;fold2_train,2017-07-21,2017-07-19,2017-07-19,True,OK,True,0,frozen_shared_window_end_rule_last_eligible_trading_day
main_rule_a_primary,فخوز,1395,1396,fold1_validation;fold2_train,2017-07-21,2017-07-19,2017-07-19,True,OK,True,0,frozen_shared_window_end_rule_last_eligible_trading_day
main_rule_a_primary,فرآور,1395,1396,fold1_validation;fold2_train,2017-07-21,2017-07-19,2017-07-19,True,OK,True,0,frozen_shared_window_end_rule_last_eligible_trading_day
main_rule_a_primary,فسرب,1395,1396,fold1_validation;fold2_train,2017-07-21,2017-07-19,2017-07-19,True,OK,True,0,frozen_shared_window_end_rule_last_eligible_trading_day
main_rule_a_primary,فسپا,1395,1396,fold1_validation;fold2_train,2017-07-21,2017-07-19,2017-07-18,False,ADJUSTED_CLOSE_UNRESOLVED,False,1,frozen_shared_window_end_rule_last_eligible_trading_day
main_rule_a_primary,فمراد,1395,1396,fold1_validation;fold2_train,2017-07-21,2017-07-19,2017-07-18,False,ADJUSTED_CLOSE_UNRESOLVED,False,1,frozen_shared_window_end_rule_last_eligible_trading_day
main_rule_a_primary,فملی,1395,1396,fold1_validation;fold2_train,2017-07-21,2017-07-19,2017-07-17,False,ADJUSTED_CLOSE_UNRESOLVED,False,2,frozen_shared_window_end_rule_last_eligible_trading_day
main_rule_a_primary,فنورد,1395,1396,fold1_validation;fold2_train,2017-07-21,2017-07-19,2017-07-18,False,ADJUSTED_CLOSE_UNRESOLVED,False,1,frozen_shared_window_end_rule_last_eligible_trading_day
main_rule_a_primary,فولاژ,1395,1396,fold1_validation;fold2_train,2017-07-21,2017-07-19,2017-07-16,False,ADJUSTED_CLOSE_UNRESOLVED,False,3,frozen_shared_window_end_rule_last_eligible_trading_day
main_rule_a_primary,فپنتا,1395,1396,fold1_validation;fold2_train,2017-07-21,2017-07-19,2017-07-11,False,ADJUSTED_CLOSE_UNRESOLVED,False,8,frozen_shared_window_end_rule_last_eligible_trading_day
main_rule_a_primary,لابسا,1395,1396,fold1_validation;fold2_train,2017-07-21,2017-07-19,2017-07-19,True,OK,True,0,frozen_shared_window_end_rule_last_eligible_trading_day
main_rule_a_primary,لبوتان,1395,1396,fold1_validation;fold2_train,2017-07-21,2017-07-19,2017-07-19,True,OK,True,0,frozen_shared_window_end_rule_last_eligible_trading_day
main_rule_a_primary,لخزر,1395,1396,fold1_validation;fold2_train,2017-07-21,2017-07-19,2017-07-19,True,OK,True,0,frozen_shared_window_end_rule_last_eligible_trading_day
main_rule_a_primary,لسرما,1395,1396,fold1_validation;fold2_train,2017-07-21,2017-07-19,2017-07-17,False,ADJUSTED_CLOSE_UNRESOLVED,False,2,frozen_shared_window_end_rule_last_eligible_trading_day
main_rule_a_primary,همراه,1395,1396,fold1_validation;fold2_train,2017-07-21,2017-07-19,2017-07-19,True,OK,True,0,frozen_shared_window_end_rule_last_eligible_trading_day
main_rule_a_primary,پدرخش,1395,1396,fold1_validation;fold2_train,2017-07-21,2017-07-19,2017-07-17,False,ADJUSTED_CLOSE_UNRESOLVED,False,2,frozen_shared_window_end_rule_last_eligible_trading_day
main_rule_a_primary,پسهند,1395,1396,fold1_validation;fold2_train,2017-07-21,2017-07-19,2017-07-19,True,OK,True,0,frozen_shared_window_end_rule_last_eligible_trading_day
main_rule_a_primary,پلاسک,1395,1396,fold1_validation;fold2_train,2017-07-21,2017-07-19,2017-07-19,True,OK,True,0,frozen_shared_window_end_rule_last_eligible_trading_day
main_rule_a_primary,چافست,1395,1396,fold1_validation;fold2_train,2017-01-19,2017-01-18,2017-01-18,True,OK,True,0,frozen_shared_window_end_rule_last_eligible_trading_day
main_rule_a_primary,چکارن,1395,1396,fold1_validation;fold2_train,2017-07-21,2017-07-19,2017-07-19,True,OK,True,0,frozen_shared_window_end_rule_last_eligible_trading_day
main_rule_a_primary,کبافق,1395,1396,fold1_validation;fold2_train,2017-07-21,2017-07-19,2017-07-12,False,ADJUSTED_CLOSE_UNRESOLVED,False,7,frozen_shared_window_end_rule_last_eligible_trading_day
main_rule_a_primary,کرازی,1395,1396,fold1_validation;fold2_train,2017-07-21,2017-07-19,2017-07-19,True,OK,True,0,frozen_shared_window_end_rule_last_eligible_trading_day
main_rule_a_primary,کفرا,1395,1396,fold1_validation;fold2_train,2017-07-21,2017-07-19,2017-07-19,True,OK,True,0,frozen_shared_window_end_rule_last_eligible_trading_day
main_rule_a_primary,کفپارس,1395,1396,fold1_validation;fold2_train,2017-04-19,2017-04-18,2017-04-17,False,ADJUSTED_CLOSE_UNRESOLVED,False,1,frozen_shared_window_end_rule_last_eligible_trading_day
main_rule_a_primary,کهمدا,1395,1396,fold1_validation;fold2_train,2016-10-21,2016-10-19,2016-10-19,True,OK,True,0,frozen_shared_window_end_rule_last_eligible_trading_day
main_rule_a_primary,کگاز,1395,1396,fold1_validation;fold2_train,2017-07-21,2017-07-19,2017-07-19,True,OK,True,0,frozen_shared_window_end_rule_last_eligible_trading_day
main_rule_a_primary,کگل,1395,1396,fold1_validation;fold2_train,2017-07-21,2017-07-19,2017-07-12,False,ADJUSTED_CLOSE_UNRESOLVED,False,7,frozen_shared_window_end_rule_last_eligible_trading_day
main_rule_a_primary,بالبر,1396,1397,fold1_validation;fold2_train,2018-01-20,2018-01-17,2018-01-17,True,OK,True,0,frozen_shared_window_end_rule_last_eligible_trading_day
main_rule_a_primary,بترانس,1396,1397,fold1_validation;fold2_train,2018-07-20,2018-07-18,2018-07-18,True,OK,True,0,frozen_shared_window_end_rule_last_eligible_trading_day
main_rule_a_primary,بموتو,1396,1397,fold1_validation;fold2_train,2018-01-20,2018-01-17,2018-01-17,True,OK,True,0,frozen_shared_window_end_rule_last_eligible_trading_day
main_rule_a_primary,بکاب,1396,1397,fold1_validation;fold2_train,2018-01-20,2018-01-17,2018-01-17,True,OK,True,0,frozen_shared_window_end_rule_last_eligible_trading_day
main_rule_a_primary,بکام,1396,1397,fold1_validation;fold2_train,2018-07-20,2018-07-18,2018-07-18,True,OK,True,0,frozen_shared_window_end_rule_last_eligible_trading_day
main_rule_a_primary,تپمپی,1396,1397,fold1_validation;fold2_train,2017-10-22,2017-10-21,2017-10-21,True,OK,True,0,frozen_shared_window_end_rule_last_eligible_trading_day
main_rule_a_primary,تکمبا,1396,1397,fold1_validation;fold2_train,2018-07-20,2018-07-18,2018-07-18,True,OK,True,0,frozen_shared_window_end_rule_last_eligible_trading_day
main_rule_a_primary,ثشرق,1396,1397,fold1_validation;fold2_train,2018-01-20,2018-01-17,2018-01-17,True,OK,True,0,frozen_shared_window_end_rule_last_eligible_trading_day
main_rule_a_primary,ثنوسا,1396,1397,fold1_validation;fold2_train,2018-01-20,2018-01-17,2018-01-17,True,OK,True,0,frozen_shared_window_end_rule_last_eligible_trading_day
main_rule_a_primary,جم,1396,1397,fold1_validation;fold2_train,2018-07-20,2018-07-18,2018-07-18,True,OK,True,0,frozen_shared_window_end_rule_last_eligible_trading_day
main_rule_a_primary,حپترو,1396,1397,fold1_validation;fold2_train,2018-07-20,2018-07-18,2018-07-17,False,ADJUSTED_CLOSE_UNRESOLVED,False,1,frozen_shared_window_end_rule_last_eligible_trading_day
main_rule_a_primary,حکشتی,1396,1397,fold1_validation;fold2_train,2017-10-22,2017-10-21,2017-10-17,False,ADJUSTED_CLOSE_UNRESOLVED,False,4,frozen_shared_window_end_rule_last_eligible_trading_day
main_rule_a_primary,خاذین,1396,1397,fold1_validation;fold2_train,2018-07-20,2018-07-18,2018-07-18,True,OK,True,0,frozen_shared_window_end_rule_last_eligible_trading_day
main_rule_a_primary,خبهمن,1396,1397,fold1_validation;fold2_train,2018-07-20,2018-07-18,2018-07-14,False,ADJUSTED_CLOSE_UNRESOLVED,False,4,frozen_shared_window_end_rule_last_eligible_trading_day
main_rule_a_primary,ختوقا,1396,1397,fold1_validation;fold2_train,2018-07-20,2018-07-18,2018-07-18,True,OK,True,0,frozen_shared_window_end_rule_last_eligible_trading_day
main_rule_a_primary,خرینگ,1396,1397,fold1_validation;fold2_train,2018-07-20,2018-07-18,2018-07-18,True,OK,True,0,frozen_shared_window_end_rule_last_eligible_trading_day
main_rule_a_primary,خمحور,1396,1397,fold1_validation;fold2_train,2018-07-20,2018-07-18,2018-07-18,True,OK,True,0,frozen_shared_window_end_rule_last_eligible_trading_day
main_rule_a_primary,خمهر,1396,1397,fold1_validation;fold2_train,2018-07-20,2018-07-18,2018-07-18,True,OK,True,0,frozen_shared_window_end_rule_last_eligible_trading_day
main_rule_a_primary,خنصیر,1396,1397,fold1_validation;fold2_train,2018-07-20,2018-07-18,2018-07-18,True,OK,True,0,frozen_shared_window_end_rule_last_eligible_trading_day
main_rule_a_primary,خوساز,1396,1397,fold1_validation;fold2_train,2018-07-20,2018-07-18,2018-07-18,True,OK,True,0,frozen_shared_window_end_rule_last_eligible_trading_day
main_rule_a_primary,خچرخش,1396,1397,fold1_validation;fold2_train,2018-07-20,2018-07-18,2018-07-18,True,OK,True,0,frozen_shared_window_end_rule_last_eligible_trading_day
main_rule_a_primary,خکمک,1396,1397,fold1_validation;fold2_train,2018-07-20,2018-07-18,2018-07-18,True,OK,True,0,frozen_shared_window_end_rule_last_eligible_trading_day
main_rule_a_primary,ددام,1396,1397,fold1_validation;fold2_train,2018-07-20,2018-07-18,2018-07-18,True,OK,True,0,frozen_shared_window_end_rule_last_eligible_trading_day
main_rule_a_primary,دروز,1396,1397,fold1_validation;fold2_train,2018-07-20,2018-07-18,2018-07-17,False,ADJUSTED_CLOSE_UNRESOLVED,False,1,frozen_shared_window_end_rule_last_eligible_trading_day
main_rule_a_primary,دسبحا,1396,1397,fold1_validation;fold2_train,2018-07-20,2018-07-18,2018-07-18,True,OK,True,0,frozen_shared_window_end_rule_last_eligible_trading_day
main_rule_a_primary,دسینا,1396,1397,fold1_validation;fold2_train,2018-07-20,2018-07-18,2018-07-18,True,OK,True,0,frozen_shared_window_end_rule_last_eligible_trading_day
main_rule_a_primary,دشیمی,1396,1397,fold1_validation;fold2_train,2018-07-20,2018-07-18,2018-07-18,True,OK,True,0,frozen_shared_window_end_rule_last_eligible_trading_day
main_rule_a_primary,دیران,1396,1397,fold1_validation;fold2_train,2018-07-20,2018-07-18,2018-07-18,True,OK,True,0,frozen_shared_window_end_rule_last_eligible_trading_day
main_rule_a_primary,رانفور,1396,1397,fold1_validation;fold2_train,2018-07-20,2018-07-18,2018-07-18,True,OK,True,0,frozen_shared_window_end_rule_last_eligible_trading_day
main_rule_a_primary,زمگسا,1396,1397,fold1_validation;fold2_train,2018-07-20,2018-07-18,2018-07-17,False,ADJUSTED_CLOSE_UNRESOLVED,False,1,frozen_shared_window_end_rule_last_eligible_trading_day
main_rule_a_primary,ساراب,1396,1397,fold1_validation;fold2_train,2018-07-20,2018-07-18,2018-07-18,True,OK,True,0,frozen_shared_window_end_rule_last_eligible_trading_day
main_rule_a_primary,ساربیل,1396,1397,fold1_validation;fold2_train,2018-04-19,2018-04-18,2018-04-07,False,ADJUSTED_CLOSE_UNRESOLVED,False,11,frozen_shared_window_end_rule_last_eligible_trading_day
main_rule_a_primary,ساروم,1396,1397,fold1_validation;fold2_train,2018-07-20,2018-07-18,2018-07-18,True,OK,True,0,frozen_shared_window_end_rule_last_eligible_trading_day
main_rule_a_primary,سبجنو,1396,1397,fold1_validation;fold2_train,2018-07-20,2018-07-18,2018-07-18,True,OK,True,0,frozen_shared_window_end_rule_last_eligible_trading_day
main_rule_a_primary,سبهان,1396,1397,fold1_validation;fold2_train,2018-07-20,2018-07-18,2018-07-18,True,OK,True,0,frozen_shared_window_end_rule_last_eligible_trading_day
main_rule_a_primary,ستران,1396,1397,fold1_validation;fold2_train,2018-07-20,2018-07-18,2018-07-17,False,ADJUSTED_CLOSE_UNRESOLVED,False,1,frozen_shared_window_end_rule_last_eligible_trading_day
main_rule_a_primary,سخاش,1396,1397,fold1_validation;fold2_train,2018-07-20,2018-07-18,2018-07-08,False,ADJUSTED_CLOSE_UNRESOLVED,False,10,frozen_shared_window_end_rule_last_eligible_trading_day
main_rule_a_primary,سخزر,1396,1397,fold1_validation;fold2_train,2018-07-20,2018-07-18,2018-07-03,False,ADJUSTED_CLOSE_UNRESOLVED,False,15,frozen_shared_window_end_rule_last_eligible_trading_day
main_rule_a_primary,سخوز,1396,1397,fold1_validation;fold2_train,2018-07-20,2018-07-18,2018-07-18,True,OK,True,0,frozen_shared_window_end_rule_last_eligible_trading_day
main_rule_a_primary,سدشت,1396,1397,fold1_validation;fold2_train,2018-01-20,2018-01-17,2018-01-16,False,ADJUSTED_CLOSE_UNRESOLVED,False,1,frozen_shared_window_end_rule_last_eligible_trading_day
main_rule_a_primary,سدور,1396,1397,fold1_validation;fold2_train,2018-07-20,2018-07-18,2018-07-18,True,OK,True,0,frozen_shared_window_end_rule_last_eligible_trading_day
main_rule_a_primary,سرود,1396,1397,fold1_validation;fold2_train,2018-07-20,2018-07-18,2018-07-18,True,OK,True,0,frozen_shared_window_end_rule_last_eligible_trading_day
main_rule_a_primary,سشرق,1396,1397,fold1_validation;fold2_train,2018-01-20,2018-01-17,2018-01-17,True,OK,True,0,frozen_shared_window_end_rule_last_eligible_trading_day
main_rule_a_primary,سصفها,1396,1397,fold1_validation;fold2_train,2018-07-20,2018-07-18,2018-07-17,False,ADJUSTED_CLOSE_UNRESOLVED,False,1,frozen_shared_window_end_rule_last_eligible_trading_day
main_rule_a_primary,سغرب,1396,1397,fold1_validation;fold2_train,2018-07-20,2018-07-18,2018-07-18,True,OK,True,0,frozen_shared_window_end_rule_last_eligible_trading_day
main_rule_a_primary,سقاین,1396,1397,fold1_validation;fold2_train,2018-07-20,2018-07-18,2018-07-18,True,OK,True,0,frozen_shared_window_end_rule_last_eligible_trading_day
main_rule_a_primary,سمازن,1396,1397,fold1_validation;fold2_train,2018-04-19,2018-04-18,2018-04-08,False,ADJUSTED_CLOSE_UNRESOLVED,False,10,frozen_shared_window_end_rule_last_eligible_trading_day
main_rule_a_primary,سنیر,1396,1397,fold1_validation;fold2_train,2018-07-20,2018-07-18,2018-07-07,False,ADJUSTED_CLOSE_UNRESOLVED,False,11,frozen_shared_window_end_rule_last_eligible_trading_day
main_rule_a_primary,سهگمت,1396,1397,fold1_validation;fold2_train,2018-05-20,2018-05-19,2018-05-19,True,OK,True,0,frozen_shared_window_end_rule_last_eligible_trading_day
main_rule_a_primary,سپاها,1396,1397,fold1_validation;fold2_train,2018-01-20,2018-01-17,2018-01-17,True,OK,True,0,frozen_shared_window_end_rule_last_eligible_trading_day
main_rule_a_primary,سکرد,1396,1397,fold1_validation;fold2_train,2018-01-20,2018-01-17,2018-01-17,True,OK,True,0,frozen_shared_window_end_rule_last_eligible_trading_day
main_rule_a_primary,سیلام,1396,1397,fold1_validation;fold2_train,2018-05-20,2018-05-19,2018-05-16,False,ADJUSTED_CLOSE_UNRESOLVED,False,3,frozen_shared_window_end_rule_last_eligible_trading_day
main_rule_a_primary,شاراک,1396,1397,fold1_validation;fold2_train,2018-07-20,2018-07-18,2018-07-18,True,OK,True,0,frozen_shared_window_end_rule_last_eligible_trading_day
main_rule_a_primary,شبریز,1396,1397,fold1_validation;fold2_train,2018-07-20,2018-07-18,2018-07-18,True,OK,True,0,frozen_shared_window_end_rule_last_eligible_trading_day
main_rule_a_primary,شبندر,1396,1397,fold1_validation;fold2_train,2018-07-20,2018-07-18,2018-07-17,False,ADJUSTED_CLOSE_UNRESOLVED,False,1,frozen_shared_window_end_rule_last_eligible_trading_day
main_rule_a_primary,شدوص,1396,1397,fold1_validation;fold2_train,2018-07-20,2018-07-18,2018-07-18,True,OK,True,0,frozen_shared_window_end_rule_last_eligible_trading_day
main_rule_a_primary,شفارس,1396,1397,fold1_validation;fold2_train,2018-07-20,2018-07-18,2018-07-18,True,OK,True,0,frozen_shared_window_end_rule_last_eligible_trading_day
main_rule_a_primary,شلعاب,1396,1397,fold1_validation;fold2_train,2018-07-20,2018-07-18,2018-07-18,True,OK,True,0,frozen_shared_window_end_rule_last_eligible_trading_day
main_rule_a_primary,شپارس,1396,1397,fold1_validation;fold2_train,2018-01-20,2018-01-17,2018-01-15,False,ADJUSTED_CLOSE_UNRESOLVED,False,2,frozen_shared_window_end_rule_last_eligible_trading_day
main_rule_a_primary,شپنا,1396,1397,fold1_validation;fold2_train,2018-07-20,2018-07-18,2018-07-17,False,ADJUSTED_CLOSE_UNRESOLVED,False,1,frozen_shared_window_end_rule_last_eligible_trading_day
main_rule_a_primary,شکربن,1396,1397,fold1_validation;fold2_train,2018-07-20,2018-07-18,2018-07-18,True,OK,True,0,frozen_shared_window_end_rule_last_eligible_trading_day
main_rule_a_primary,شکلر,1396,1397,fold1_validation;fold2_train,2018-01-20,2018-01-17,2018-01-17,True,OK,True,0,frozen_shared_window_end_rule_last_eligible_trading_day
main_rule_a_primary,شیران,1396,1397,fold1_validation;fold2_train,2018-04-19,2018-04-18,2018-04-18,True,OK,True,0,frozen_shared_window_end_rule_last_eligible_trading_day
main_rule_a_primary,غبهنوش,1396,1397,fold1_validation;fold2_train,2018-07-20,2018-07-18,2018-07-17,False,ADJUSTED_CLOSE_UNRESOLVED,False,1,frozen_shared_window_end_rule_last_eligible_trading_day
main_rule_a_primary,غدام,1396,1397,fold1_validation;fold2_train,2018-04-19,2018-04-18,2018-04-16,False,ADJUSTED_CLOSE_UNRESOLVED,False,2,frozen_shared_window_end_rule_last_eligible_trading_day
main_rule_a_primary,غسالم,1396,1397,fold1_validation;fold2_train,2018-07-20,2018-07-18,2018-07-18,True,OK,True,0,frozen_shared_window_end_rule_last_eligible_trading_day
main_rule_a_primary,غشان,1396,1397,fold1_validation;fold2_train,2018-07-20,2018-07-18,2018-07-18,True,OK,True,0,frozen_shared_window_end_rule_last_eligible_trading_day
main_rule_a_primary,غشهد,1396,1397,fold1_validation;fold2_train,2018-07-20,2018-07-18,2018-07-18,True,OK,True,0,frozen_shared_window_end_rule_last_eligible_trading_day
main_rule_a_primary,غنوش,1396,1397,fold1_validation;fold2_train,2018-07-20,2018-07-18,2018-07-17,False,ADJUSTED_CLOSE_UNRESOLVED,False,1,frozen_shared_window_end_rule_last_eligible_trading_day
main_rule_a_primary,غگل,1396,1397,fold1_validation;fold2_train,2018-01-20,2018-01-17,2018-01-14,False,ADJUSTED_CLOSE_UNRESOLVED,False,3,frozen_shared_window_end_rule_last_eligible_trading_day
main_rule_a_primary,فاذر,1396,1397,fold1_validation;fold2_train,2018-07-20,2018-07-18,2017-06-21,False,ADJUSTED_CLOSE_UNRESOLVED,False,392,frozen_shared_window_end_rule_last_eligible_trading_day
main_rule_a_primary,فایرا,1396,1397,fold1_validation;fold2_train,2018-07-20,2018-07-18,2018-07-18,True,OK,True,0,frozen_shared_window_end_rule_last_eligible_trading_day
main_rule_a_primary,فباهنر,1396,1397,fold1_validation;fold2_train,2018-07-20,2018-07-18,2018-07-18,True,OK,True,0,frozen_shared_window_end_rule_last_eligible_trading_day
main_rule_a_primary,فجام,1396,1397,fold1_validation;fold2_train,2018-07-20,2018-07-18,2018-07-17,False,ADJUSTED_CLOSE_UNRESOLVED,False,1,frozen_shared_window_end_rule_last_eligible_trading_day
main_rule_a_primary,فجر,1396,1397,fold1_validation;fold2_train,2018-07-20,2018-07-18,2018-07-18,True,OK,True,0,frozen_shared_window_end_rule_last_eligible_trading_day
main_rule_a_primary,فخوز,1396,1397,fold1_validation;fold2_train,2018-07-20,2018-07-18,2018-07-18,True,OK,True,0,frozen_shared_window_end_rule_last_eligible_trading_day
main_rule_a_primary,فرآور,1396,1397,fold1_validation;fold2_train,2018-07-20,2018-07-18,2018-07-18,True,OK,True,0,frozen_shared_window_end_rule_last_eligible_trading_day
main_rule_a_primary,فسرب,1396,1397,fold1_validation;fold2_train,2018-07-20,2018-07-18,2018-07-18,True,OK,True,0,frozen_shared_window_end_rule_last_eligible_trading_day
main_rule_a_primary,فسپا,1396,1397,fold1_validation;fold2_train,2018-07-20,2018-07-18,2018-07-15,False,ADJUSTED_CLOSE_UNRESOLVED,False,3,frozen_shared_window_end_rule_last_eligible_trading_day
main_rule_a_primary,فمراد,1396,1397,fold1_validation;fold2_train,2018-07-20,2018-07-18,2018-07-16,False,ADJUSTED_CLOSE_UNRESOLVED,False,2,frozen_shared_window_end_rule_last_eligible_trading_day
main_rule_a_primary,فملی,1396,1397,fold1_validation;fold2_train,2018-07-20,2018-07-18,2018-07-18,True,OK,True,0,frozen_shared_window_end_rule_last_eligible_trading_day
main_rule_a_primary,فنورد,1396,1397,fold1_validation;fold2_train,2018-07-20,2018-07-18,2018-07-15,False,ADJUSTED_CLOSE_UNRESOLVED,False,3,frozen_shared_window_end_rule_last_eligible_trading_day
main_rule_a_primary,فولاژ,1396,1397,fold1_validation;fold2_train,2018-07-20,2018-07-18,2018-07-16,False,ADJUSTED_CLOSE_UNRESOLVED,False,2,frozen_shared_window_end_rule_last_eligible_trading_day
main_rule_a_primary,فپنتا,1396,1397,fold1_validation;fold2_train,2018-07-20,2018-07-18,2018-07-17,False,ADJUSTED_CLOSE_UNRESOLVED,False,1,frozen_shared_window_end_rule_last_eligible_trading_day
main_rule_a_primary,لابسا,1396,1397,fold1_validation;fold2_train,2018-07-20,2018-07-18,2018-07-17,False,ADJUSTED_CLOSE_UNRESOLVED,False,1,frozen_shared_window_end_rule_last_eligible_trading_day
main_rule_a_primary,لبوتان,1396,1397,fold1_validation;fold2_train,2018-07-20,2018-07-18,2018-07-18,True,OK,True,0,frozen_shared_window_end_rule_last_eligible_trading_day
main_rule_a_primary,لخزر,1396,1397,fold1_validation;fold2_train,2018-07-20,2018-07-18,2018-07-18,True,OK,True,0,frozen_shared_window_end_rule_last_eligible_trading_day
main_rule_a_primary,لسرما,1396,1397,fold1_validation;fold2_train,2018-07-20,2018-07-18,2018-07-17,False,ADJUSTED_CLOSE_UNRESOLVED,False,1,frozen_shared_window_end_rule_last_eligible_trading_day
main_rule_a_primary,های وب,1396,1397,fold1_validation;fold2_train,2018-07-20,2018-07-18,2017-12-12,False,ADJUSTED_CLOSE_UNRESOLVED,False,218,frozen_shared_window_end_rule_last_eligible_trading_day
main_rule_a_primary,همراه,1396,1397,fold1_validation;fold2_train,2018-07-20,2018-07-18,2018-07-18,True,OK,True,0,frozen_shared_window_end_rule_last_eligible_trading_day
main_rule_a_primary,پدرخش,1396,1397,fold1_validation;fold2_train,2018-07-20,2018-07-18,2018-07-18,True,OK,True,0,frozen_shared_window_end_rule_last_eligible_trading_day
main_rule_a_primary,پرداخت,1396,1397,fold1_validation;fold2_train,2018-07-20,2018-07-18,2018-07-18,True,OK,True,0,frozen_shared_window_end_rule_last_eligible_trading_day
main_rule_a_primary,پسهند,1396,1397,fold1_validation;fold2_train,2018-07-20,2018-07-18,2018-07-18,True,OK,True,0,frozen_shared_window_end_rule_last_eligible_trading_day
main_rule_a_primary,پلاسک,1396,1397,fold1_validation;fold2_train,2018-07-20,2018-07-18,2018-07-18,True,OK,True,0,frozen_shared_window_end_rule_last_eligible_trading_day
main_rule_a_primary,چافست,1396,1397,fold1_validation;fold2_train,2018-01-20,2018-01-17,2018-01-17,True,OK,True,0,frozen_shared_window_end_rule_last_eligible_trading_day
main_rule_a_primary,چکارن,1396,1397,fold1_validation;fold2_train,2018-07-20,2018-07-18,2018-07-17,False,ADJUSTED_CLOSE_UNRESOLVED,False,1,frozen_shared_window_end_rule_last_eligible_trading_day
main_rule_a_primary,کاوه,1396,1397,fold1_validation;fold2_train,2018-07-20,2018-07-18,2018-07-18,True,OK,True,0,frozen_shared_window_end_rule_last_eligible_trading_day
main_rule_a_primary,کبافق,1396,1397,fold1_validation;fold2_train,2018-07-20,2018-07-18,2018-07-18,True,OK,True,0,frozen_shared_window_end_rule_last_eligible_trading_day
main_rule_a_primary,کرازی,1396,1397,fold1_validation;fold2_train,2018-07-20,2018-07-18,2018-07-18,True,OK,True,0,frozen_shared_window_end_rule_last_eligible_trading_day
main_rule_a_primary,کفرا,1396,1397,fold1_validation;fold2_train,2018-07-20,2018-07-18,2018-07-18,True,OK,True,0,frozen_shared_window_end_rule_last_eligible_trading_day
main_rule_a_primary,کفپارس,1396,1397,fold1_validation;fold2_train,2018-04-19,2018-04-18,2018-04-16,False,ADJUSTED_CLOSE_UNRESOLVED,False,2,frozen_shared_window_end_rule_last_eligible_trading_day
main_rule_a_primary,کهمدا,1396,1397,fold1_validation;fold2_train,2017-10-22,2017-10-21,2017-10-17,False,ADJUSTED_CLOSE_UNRESOLVED,False,4,frozen_shared_window_end_rule_last_eligible_trading_day
main_rule_a_primary,کگاز,1396,1397,fold1_validation;fold2_train,2018-07-20,2018-07-18,2018-07-18,True,OK,True,0,frozen_shared_window_end_rule_last_eligible_trading_day
main_rule_a_primary,کگل,1396,1397,fold1_validation;fold2_train,2018-07-20,2018-07-18,2018-07-18,True,OK,True,0,frozen_shared_window_end_rule_last_eligible_trading_day
main_rule_a_primary,بالبر,1397,1398,fold2_validation,2019-01-20,2019-01-19,2019-01-15,False,ADJUSTED_CLOSE_UNRESOLVED,False,4,frozen_shared_window_end_rule_last_eligible_trading_day
main_rule_a_primary,بترانس,1397,1398,fold2_validation,2019-07-20,2019-07-17,2019-07-17,True,OK,True,0,frozen_shared_window_end_rule_last_eligible_trading_day
main_rule_a_primary,بموتو,1397,1398,fold2_validation,2019-01-20,2019-01-19,2019-01-19,True,OK,True,0,frozen_shared_window_end_rule_last_eligible_trading_day
main_rule_a_primary,بکاب,1397,1398,fold2_validation,2019-01-20,2019-01-19,2019-01-19,True,OK,True,0,frozen_shared_window_end_rule_last_eligible_trading_day
main_rule_a_primary,بکام,1397,1398,fold2_validation,2019-07-20,2019-07-17,2019-07-17,True,OK,True,0,frozen_shared_window_end_rule_last_eligible_trading_day
main_rule_a_primary,تپمپی,1397,1398,fold2_validation,2018-10-22,2018-10-21,2018-10-21,True,OK,True,0,frozen_shared_window_end_rule_last_eligible_trading_day
main_rule_a_primary,تکمبا,1397,1398,fold2_validation,2019-07-20,2019-07-17,2019-07-16,False,ADJUSTED_CLOSE_UNRESOLVED,False,1,frozen_shared_window_end_rule_last_eligible_trading_day
main_rule_a_primary,ثشرق,1397,1398,fold2_validation,2019-01-20,2019-01-19,2019-01-19,True,OK,True,0,frozen_shared_window_end_rule_last_eligible_trading_day
main_rule_a_primary,ثنوسا,1397,1398,fold2_validation,2019-01-20,2019-01-19,2019-01-19,True,OK,True,0,frozen_shared_window_end_rule_last_eligible_trading_day
main_rule_a_primary,جم,1397,1398,fold2_validation,2019-07-20,2019-07-17,2019-07-17,True,OK,True,0,frozen_shared_window_end_rule_last_eligible_trading_day
main_rule_a_primary,حپترو,1397,1398,fold2_validation,2019-07-20,2019-07-17,2019-07-16,False,ADJUSTED_CLOSE_UNRESOLVED,False,1,frozen_shared_window_end_rule_last_eligible_trading_day
main_rule_a_primary,حکشتی,1397,1398,fold2_validation,2018-10-22,2018-10-21,2018-10-21,True,OK,True,0,frozen_shared_window_end_rule_last_eligible_trading_day
main_rule_a_primary,خاذین,1397,1398,fold2_validation,2019-07-20,2019-07-17,2019-07-14,False,ADJUSTED_CLOSE_UNRESOLVED,False,3,frozen_shared_window_end_rule_last_eligible_trading_day
main_rule_a_primary,خبهمن,1397,1398,fold2_validation,2019-07-20,2019-07-17,2019-07-17,True,OK,True,0,frozen_shared_window_end_rule_last_eligible_trading_day
main_rule_a_primary,ختوقا,1397,1398,fold2_validation,2019-07-20,2019-07-17,2019-07-17,True,OK,True,0,frozen_shared_window_end_rule_last_eligible_trading_day
main_rule_a_primary,خرینگ,1397,1398,fold2_validation,2019-07-20,2019-07-17,2019-07-16,False,ADJUSTED_CLOSE_UNRESOLVED,False,1,frozen_shared_window_end_rule_last_eligible_trading_day
main_rule_a_primary,خمحور,1397,1398,fold2_validation,2019-07-20,2019-07-17,2019-07-17,True,OK,True,0,frozen_shared_window_end_rule_last_eligible_trading_day
main_rule_a_primary,خمهر,1397,1398,fold2_validation,2019-07-20,2019-07-17,2019-07-17,True,OK,True,0,frozen_shared_window_end_rule_last_eligible_trading_day
main_rule_a_primary,خنصیر,1397,1398,fold2_validation,2019-07-20,2019-07-17,2019-07-17,True,OK,True,0,frozen_shared_window_end_rule_last_eligible_trading_day
main_rule_a_primary,خوساز,1397,1398,fold2_validation,2019-07-20,2019-07-17,2019-07-17,True,OK,True,0,frozen_shared_window_end_rule_last_eligible_trading_day
main_rule_a_primary,خچرخش,1397,1398,fold2_validation,2019-07-20,2019-07-17,2019-07-17,True,OK,True,0,frozen_shared_window_end_rule_last_eligible_trading_day
main_rule_a_primary,خکمک,1397,1398,fold2_validation,2019-07-20,2019-07-17,2019-07-17,True,OK,True,0,frozen_shared_window_end_rule_last_eligible_trading_day
main_rule_a_primary,ددام,1397,1398,fold2_validation,2019-07-20,2019-07-17,2019-07-17,True,OK,True,0,frozen_shared_window_end_rule_last_eligible_trading_day
main_rule_a_primary,دروز,1397,1398,fold2_validation,2019-07-20,2019-07-17,2019-07-16,False,ADJUSTED_CLOSE_UNRESOLVED,False,1,frozen_shared_window_end_rule_last_eligible_trading_day
main_rule_a_primary,دسبحا,1397,1398,fold2_validation,2019-07-20,2019-07-17,2019-07-17,True,OK,True,0,frozen_shared_window_end_rule_last_eligible_trading_day
main_rule_a_primary,دسینا,1397,1398,fold2_validation,2019-07-20,2019-07-17,2019-07-13,False,ADJUSTED_CLOSE_UNRESOLVED,False,4,frozen_shared_window_end_rule_last_eligible_trading_day
main_rule_a_primary,دشیمی,1397,1398,fold2_validation,2019-07-20,2019-07-17,2019-07-17,True,OK,True,0,frozen_shared_window_end_rule_last_eligible_trading_day
main_rule_a_primary,دیران,1397,1398,fold2_validation,2019-07-20,2019-07-17,2019-07-17,True,OK,True,0,frozen_shared_window_end_rule_last_eligible_trading_day
main_rule_a_primary,رانفور,1397,1398,fold2_validation,2019-07-20,2019-07-17,2019-07-17,True,OK,True,0,frozen_shared_window_end_rule_last_eligible_trading_day
main_rule_a_primary,رمپنا,1397,1398,fold2_validation,2018-08-22,2018-08-21,2018-08-21,True,OK,True,0,frozen_shared_window_end_rule_last_eligible_trading_day
main_rule_a_primary,زمگسا,1397,1398,fold2_validation,2019-07-20,2019-07-17,2019-07-17,True,OK,True,0,frozen_shared_window_end_rule_last_eligible_trading_day
main_rule_a_primary,زپارس,1397,1398,fold2_validation,2019-04-19,2019-04-17,2019-04-15,False,ADJUSTED_CLOSE_UNRESOLVED,False,2,frozen_shared_window_end_rule_last_eligible_trading_day
main_rule_a_primary,ساراب,1397,1398,fold2_validation,2019-07-20,2019-07-17,2019-07-15,False,ADJUSTED_CLOSE_UNRESOLVED,False,2,frozen_shared_window_end_rule_last_eligible_trading_day
main_rule_a_primary,ساربیل,1397,1398,fold2_validation,2019-04-19,2019-04-17,2019-04-17,True,OK,True,0,frozen_shared_window_end_rule_last_eligible_trading_day
main_rule_a_primary,ساروم,1397,1398,fold2_validation,2019-07-20,2019-07-17,2019-07-17,True,OK,True,0,frozen_shared_window_end_rule_last_eligible_trading_day
main_rule_a_primary,سبجنو,1397,1398,fold2_validation,2019-07-20,2019-07-17,2019-07-17,True,OK,True,0,frozen_shared_window_end_rule_last_eligible_trading_day
main_rule_a_primary,سبهان,1397,1398,fold2_validation,2019-07-20,2019-07-17,2019-07-17,True,OK,True,0,frozen_shared_window_end_rule_last_eligible_trading_day
main_rule_a_primary,ستران,1397,1398,fold2_validation,2019-07-20,2019-07-17,2019-07-17,True,OK,True,0,frozen_shared_window_end_rule_last_eligible_trading_day
main_rule_a_primary,سخاش,1397,1398,fold2_validation,2019-07-20,2019-07-17,2019-07-17,True,OK,True,0,frozen_shared_window_end_rule_last_eligible_trading_day
main_rule_a_primary,سخزر,1397,1398,fold2_validation,2019-07-20,2019-07-17,2019-07-17,True,OK,True,0,frozen_shared_window_end_rule_last_eligible_trading_day
main_rule_a_primary,سخوز,1397,1398,fold2_validation,2019-07-20,2019-07-17,2019-07-17,True,OK,True,0,frozen_shared_window_end_rule_last_eligible_trading_day
main_rule_a_primary,سدشت,1397,1398,fold2_validation,2019-01-20,2019-01-19,2019-01-19,True,OK,True,0,frozen_shared_window_end_rule_last_eligible_trading_day
main_rule_a_primary,سدور,1397,1398,fold2_validation,2019-07-20,2019-07-17,2019-07-17,True,OK,True,0,frozen_shared_window_end_rule_last_eligible_trading_day
main_rule_a_primary,سرود,1397,1398,fold2_validation,2019-07-20,2019-07-17,2019-07-17,True,OK,True,0,frozen_shared_window_end_rule_last_eligible_trading_day
main_rule_a_primary,سشرق,1397,1398,fold2_validation,2019-01-20,2019-01-19,2019-01-19,True,OK,True,0,frozen_shared_window_end_rule_last_eligible_trading_day
main_rule_a_primary,سصفها,1397,1398,fold2_validation,2019-07-20,2019-07-17,2019-07-17,True,OK,True,0,frozen_shared_window_end_rule_last_eligible_trading_day
main_rule_a_primary,سغرب,1397,1398,fold2_validation,2019-07-20,2019-07-17,2019-07-17,True,OK,True,0,frozen_shared_window_end_rule_last_eligible_trading_day
main_rule_a_primary,سقاین,1397,1398,fold2_validation,2019-07-20,2019-07-17,2019-07-17,True,OK,True,0,frozen_shared_window_end_rule_last_eligible_trading_day
main_rule_a_primary,سمازن,1397,1398,fold2_validation,2019-04-19,2019-04-17,2019-04-17,True,OK,True,0,frozen_shared_window_end_rule_last_eligible_trading_day
main_rule_a_primary,سنیر,1397,1398,fold2_validation,2019-07-20,2019-07-17,2019-07-17,True,OK,True,0,frozen_shared_window_end_rule_last_eligible_trading_day
main_rule_a_primary,سهگمت,1397,1398,fold2_validation,2019-05-20,2019-05-19,2019-05-15,False,ADJUSTED_CLOSE_UNRESOLVED,False,4,frozen_shared_window_end_rule_last_eligible_trading_day
main_rule_a_primary,سپاها,1397,1398,fold2_validation,2019-01-20,2019-01-19,2019-01-19,True,OK,True,0,frozen_shared_window_end_rule_last_eligible_trading_day
main_rule_a_primary,سکرد,1397,1398,fold2_validation,2019-01-20,2019-01-19,2019-01-19,True,OK,True,0,frozen_shared_window_end_rule_last_eligible_trading_day
main_rule_a_primary,سیلام,1397,1398,fold2_validation,2019-05-20,2019-05-19,2019-05-18,False,ADJUSTED_CLOSE_UNRESOLVED,False,1,frozen_shared_window_end_rule_last_eligible_trading_day
main_rule_a_primary,شاراک,1397,1398,fold2_validation,2019-07-20,2019-07-17,2019-07-17,True,OK,True,0,frozen_shared_window_end_rule_last_eligible_trading_day
main_rule_a_primary,شبریز,1397,1398,fold2_validation,2019-07-20,2019-07-17,2019-07-17,True,OK,True,0,frozen_shared_window_end_rule_last_eligible_trading_day
main_rule_a_primary,شبندر,1397,1398,fold2_validation,2019-07-20,2019-07-17,2019-07-17,True,OK,True,0,frozen_shared_window_end_rule_last_eligible_trading_day
main_rule_a_primary,شدوص,1397,1398,fold2_validation,2019-07-20,2019-07-17,2019-07-17,True,OK,True,0,frozen_shared_window_end_rule_last_eligible_trading_day
main_rule_a_primary,شفارس,1397,1398,fold2_validation,2019-07-20,2019-07-17,2019-07-17,True,OK,True,0,frozen_shared_window_end_rule_last_eligible_trading_day
main_rule_a_primary,شلعاب,1397,1398,fold2_validation,2019-07-20,2019-07-17,2019-07-16,False,ADJUSTED_CLOSE_UNRESOLVED,False,1,frozen_shared_window_end_rule_last_eligible_trading_day
main_rule_a_primary,شپارس,1397,1398,fold2_validation,2019-01-20,2019-01-19,2019-01-19,True,OK,True,0,frozen_shared_window_end_rule_last_eligible_trading_day
main_rule_a_primary,شپنا,1397,1398,fold2_validation,2019-07-20,2019-07-17,2019-07-15,False,ADJUSTED_CLOSE_UNRESOLVED,False,2,frozen_shared_window_end_rule_last_eligible_trading_day
main_rule_a_primary,شکربن,1397,1398,fold2_validation,2019-07-20,2019-07-17,2019-07-17,True,OK,True,0,frozen_shared_window_end_rule_last_eligible_trading_day
main_rule_a_primary,شیران,1397,1398,fold2_validation,2019-04-19,2019-04-17,2019-04-17,True,OK,True,0,frozen_shared_window_end_rule_last_eligible_trading_day
main_rule_a_primary,غبهنوش,1397,1398,fold2_validation,2019-07-20,2019-07-17,2019-07-16,False,ADJUSTED_CLOSE_UNRESOLVED,False,1,frozen_shared_window_end_rule_last_eligible_trading_day
main_rule_a_primary,غدام,1397,1398,fold2_validation,2019-04-19,2019-04-17,2019-04-17,True,OK,True,0,frozen_shared_window_end_rule_last_eligible_trading_day
main_rule_a_primary,غسالم,1397,1398,fold2_validation,2019-07-20,2019-07-17,2019-07-13,False,ADJUSTED_CLOSE_UNRESOLVED,False,4,frozen_shared_window_end_rule_last_eligible_trading_day
main_rule_a_primary,غشان,1397,1398,fold2_validation,2019-07-20,2019-07-17,2019-07-17,True,OK,True,0,frozen_shared_window_end_rule_last_eligible_trading_day
main_rule_a_primary,غشهد,1397,1398,fold2_validation,2019-07-20,2019-07-17,2019-07-17,True,OK,True,0,frozen_shared_window_end_rule_last_eligible_trading_day
main_rule_a_primary,غنوش,1397,1398,fold2_validation,2019-07-20,2019-07-17,2019-07-17,True,OK,True,0,frozen_shared_window_end_rule_last_eligible_trading_day
main_rule_a_primary,غگل,1397,1398,fold2_validation,2019-01-20,2019-01-19,2019-01-15,False,ADJUSTED_CLOSE_UNRESOLVED,False,4,frozen_shared_window_end_rule_last_eligible_trading_day
main_rule_a_primary,فاذر,1397,1398,fold2_validation,2019-07-20,2019-07-17,2019-07-17,True,OK,True,0,frozen_shared_window_end_rule_last_eligible_trading_day
main_rule_a_primary,فایرا,1397,1398,fold2_validation,2019-07-20,2019-07-17,2019-07-17,True,OK,True,0,frozen_shared_window_end_rule_last_eligible_trading_day
main_rule_a_primary,فباهنر,1397,1398,fold2_validation,2019-07-20,2019-07-17,2019-07-17,True,OK,True,0,frozen_shared_window_end_rule_last_eligible_trading_day
main_rule_a_primary,فجام,1397,1398,fold2_validation,2019-07-20,2019-07-17,2019-07-17,True,OK,True,0,frozen_shared_window_end_rule_last_eligible_trading_day
main_rule_a_primary,فجر,1397,1398,fold2_validation,2019-07-20,2019-07-17,2019-07-17,True,OK,True,0,frozen_shared_window_end_rule_last_eligible_trading_day
main_rule_a_primary,فخوز,1397,1398,fold2_validation,2019-07-20,2019-07-17,2019-07-17,True,OK,True,0,frozen_shared_window_end_rule_last_eligible_trading_day
main_rule_a_primary,فرآور,1397,1398,fold2_validation,2019-07-20,2019-07-17,2019-07-17,True,OK,True,0,frozen_shared_window_end_rule_last_eligible_trading_day
main_rule_a_primary,فسرب,1397,1398,fold2_validation,2019-07-20,2019-07-17,2019-07-17,True,OK,True,0,frozen_shared_window_end_rule_last_eligible_trading_day
main_rule_a_primary,فسپا,1397,1398,fold2_validation,2019-07-20,2019-07-17,2019-07-17,True,OK,True,0,frozen_shared_window_end_rule_last_eligible_trading_day
main_rule_a_primary,فمراد,1397,1398,fold2_validation,2019-07-20,2019-07-17,2019-07-17,True,OK,True,0,frozen_shared_window_end_rule_last_eligible_trading_day
main_rule_a_primary,فملی,1397,1398,fold2_validation,2019-07-20,2019-07-17,2019-07-13,False,ADJUSTED_CLOSE_UNRESOLVED,False,4,frozen_shared_window_end_rule_last_eligible_trading_day
main_rule_a_primary,فنورد,1397,1398,fold2_validation,2019-07-20,2019-07-17,2019-07-17,True,OK,True,0,frozen_shared_window_end_rule_last_eligible_trading_day
main_rule_a_primary,فولاژ,1397,1398,fold2_validation,2019-07-20,2019-07-17,2019-07-15,False,ADJUSTED_CLOSE_UNRESOLVED,False,2,frozen_shared_window_end_rule_last_eligible_trading_day
main_rule_a_primary,فپنتا,1397,1398,fold2_validation,2019-07-20,2019-07-17,2019-07-17,True,OK,True,0,frozen_shared_window_end_rule_last_eligible_trading_day
main_rule_a_primary,لابسا,1397,1398,fold2_validation,2019-07-20,2019-07-17,2019-07-17,True,OK,True,0,frozen_shared_window_end_rule_last_eligible_trading_day
main_rule_a_primary,لبوتان,1397,1398,fold2_validation,2019-07-20,2019-07-17,2019-07-17,True,OK,True,0,frozen_shared_window_end_rule_last_eligible_trading_day
main_rule_a_primary,لخزر,1397,1398,fold2_validation,2019-07-20,2019-07-17,2019-07-17,True,OK,True,0,frozen_shared_window_end_rule_last_eligible_trading_day
main_rule_a_primary,لسرما,1397,1398,fold2_validation,2019-07-20,2019-07-17,2019-07-15,False,ADJUSTED_CLOSE_UNRESOLVED,False,2,frozen_shared_window_end_rule_last_eligible_trading_day
main_rule_a_primary,های وب,1397,1398,fold2_validation,2019-07-20,2019-07-17,2019-06-11,False,ADJUSTED_CLOSE_UNRESOLVED,False,36,frozen_shared_window_end_rule_last_eligible_trading_day
main_rule_a_primary,همراه,1397,1398,fold2_validation,2019-07-20,2019-07-17,2019-07-17,True,OK,True,0,frozen_shared_window_end_rule_last_eligible_trading_day
main_rule_a_primary,پارس,1397,1398,fold2_validation,2019-07-20,2019-07-17,2019-07-15,False,ADJUSTED_CLOSE_UNRESOLVED,False,2,frozen_shared_window_end_rule_last_eligible_trading_day
main_rule_a_primary,پدرخش,1397,1398,fold2_validation,2019-07-20,2019-07-17,2019-07-17,True,OK,True,0,frozen_shared_window_end_rule_last_eligible_trading_day
main_rule_a_primary,پرداخت,1397,1398,fold2_validation,2019-07-20,2019-07-17,2019-07-17,True,OK,True,0,frozen_shared_window_end_rule_last_eligible_trading_day
main_rule_a_primary,پسهند,1397,1398,fold2_validation,2019-07-20,2019-07-17,2019-07-17,True,OK,True,0,frozen_shared_window_end_rule_last_eligible_trading_day
main_rule_a_primary,پلاسک,1397,1398,fold2_validation,2019-07-20,2019-07-17,2019-07-17,True,OK,True,0,frozen_shared_window_end_rule_last_eligible_trading_day
main_rule_a_primary,چافست,1397,1398,fold2_validation,2019-01-20,2019-01-19,2019-01-13,False,ADJUSTED_CLOSE_UNRESOLVED,False,6,frozen_shared_window_end_rule_last_eligible_trading_day
main_rule_a_primary,چکارن,1397,1398,fold2_validation,2019-07-20,2019-07-17,2019-07-17,True,OK,True,0,frozen_shared_window_end_rule_last_eligible_trading_day
main_rule_a_primary,کاوه,1397,1398,fold2_validation,2019-07-20,2019-07-17,2019-07-17,True,OK,True,0,frozen_shared_window_end_rule_last_eligible_trading_day
main_rule_a_primary,کبافق,1397,1398,fold2_validation,2019-07-20,2019-07-17,2019-07-14,False,ADJUSTED_CLOSE_UNRESOLVED,False,3,frozen_shared_window_end_rule_last_eligible_trading_day
main_rule_a_primary,کرازی,1397,1398,fold2_validation,2019-07-20,2019-07-17,2019-07-17,True,OK,True,0,frozen_shared_window_end_rule_last_eligible_trading_day
main_rule_a_primary,کفرا,1397,1398,fold2_validation,2019-07-20,2019-07-17,2019-07-17,True,OK,True,0,frozen_shared_window_end_rule_last_eligible_trading_day
main_rule_a_primary,کفپارس,1397,1398,fold2_validation,2019-04-19,2019-04-17,2019-04-17,True,OK,True,0,frozen_shared_window_end_rule_last_eligible_trading_day
main_rule_a_primary,کهمدا,1397,1398,fold2_validation,2018-10-22,2018-10-21,2018-10-21,True,OK,True,0,frozen_shared_window_end_rule_last_eligible_trading_day
main_rule_a_primary,کگاز,1397,1398,fold2_validation,2019-07-20,2019-07-17,2019-07-17,True,OK,True,0,frozen_shared_window_end_rule_last_eligible_trading_day
main_rule_a_primary,کگل,1397,1398,fold2_validation,2019-07-20,2019-07-17,2019-07-17,True,OK,True,0,frozen_shared_window_end_rule_last_eligible_trading_day
main_rule_a_primary,بالبر,1398,1399,fold2_validation,2020-01-20,2020-01-19,2020-01-19,True,OK,True,0,frozen_shared_window_end_rule_last_eligible_trading_day
main_rule_a_primary,بترانس,1398,1399,fold2_validation,2020-07-19,2020-07-18,2020-07-18,True,OK,True,0,frozen_shared_window_end_rule_last_eligible_trading_day
main_rule_a_primary,بموتو,1398,1399,fold2_validation,2020-01-20,2020-01-19,2020-01-19,True,OK,True,0,frozen_shared_window_end_rule_last_eligible_trading_day
main_rule_a_primary,بکاب,1398,1399,fold2_validation,2020-01-20,2020-01-19,2020-01-18,False,ADJUSTED_CLOSE_UNRESOLVED,False,1,frozen_shared_window_end_rule_last_eligible_trading_day
main_rule_a_primary,بکام,1398,1399,fold2_validation,2020-07-19,2020-07-18,2020-06-28,False,ADJUSTED_CLOSE_UNRESOLVED,False,20,frozen_shared_window_end_rule_last_eligible_trading_day
main_rule_a_primary,تپمپی,1398,1399,fold2_validation,2019-10-22,2019-10-21,2019-10-16,False,ADJUSTED_CLOSE_UNRESOLVED,False,5,frozen_shared_window_end_rule_last_eligible_trading_day
main_rule_a_primary,تکمبا,1398,1399,fold2_validation,2020-07-19,2020-07-18,2020-07-18,True,OK,True,0,frozen_shared_window_end_rule_last_eligible_trading_day
main_rule_a_primary,ثشرق,1398,1399,fold2_validation,2020-01-20,2020-01-19,2020-01-19,True,OK,True,0,frozen_shared_window_end_rule_last_eligible_trading_day
main_rule_a_primary,ثنوسا,1398,1399,fold2_validation,2020-01-20,2020-01-19,2020-01-19,True,OK,True,0,frozen_shared_window_end_rule_last_eligible_trading_day
main_rule_a_primary,جم,1398,1399,fold2_validation,2020-07-19,2020-07-18,2020-07-18,True,OK,True,0,frozen_shared_window_end_rule_last_eligible_trading_day
main_rule_a_primary,جم پیلن,1398,1399,fold2_validation,2020-07-19,2020-07-18,2020-07-18,True,OK,True,0,frozen_shared_window_end_rule_last_eligible_trading_day
main_rule_a_primary,حپترو,1398,1399,fold2_validation,2020-07-19,2020-07-18,2020-07-18,True,OK,True,0,frozen_shared_window_end_rule_last_eligible_trading_day
main_rule_a_primary,حکشتی,1398,1399,fold2_validation,2019-10-22,2019-10-21,2019-10-20,False,ADJUSTED_CLOSE_UNRESOLVED,False,1,frozen_shared_window_end_rule_last_eligible_trading_day
main_rule_a_primary,خاذین,1398,1399,fold2_validation,2020-07-19,2020-07-18,2020-07-18,True,OK,True,0,frozen_shared_window_end_rule_last_eligible_trading_day
main_rule_a_primary,خبهمن,1398,1399,fold2_validation,2020-07-19,2020-07-18,2020-07-18,True,OK,True,0,frozen_shared_window_end_rule_last_eligible_trading_day
main_rule_a_primary,ختوقا,1398,1399,fold2_validation,2020-07-19,2020-07-18,2020-07-18,True,OK,True,0,frozen_shared_window_end_rule_last_eligible_trading_day
main_rule_a_primary,خرینگ,1398,1399,fold2_validation,2020-07-19,2020-07-18,2020-07-18,True,OK,True,0,frozen_shared_window_end_rule_last_eligible_trading_day
main_rule_a_primary,خمحور,1398,1399,fold2_validation,2020-07-19,2020-07-18,2020-07-18,True,OK,True,0,frozen_shared_window_end_rule_last_eligible_trading_day
main_rule_a_primary,خمهر,1398,1399,fold2_validation,2020-07-19,2020-07-18,2020-07-18,True,OK,True,0,frozen_shared_window_end_rule_last_eligible_trading_day
main_rule_a_primary,خنصیر,1398,1399,fold2_validation,2020-07-19,2020-07-18,2020-07-18,True,OK,True,0,frozen_shared_window_end_rule_last_eligible_trading_day
main_rule_a_primary,خوساز,1398,1399,fold2_validation,2020-07-19,2020-07-18,2020-07-18,True,OK,True,0,frozen_shared_window_end_rule_last_eligible_trading_day
main_rule_a_primary,خچرخش,1398,1399,fold2_validation,2020-07-19,2020-07-18,2020-07-18,True,OK,True,0,frozen_shared_window_end_rule_last_eligible_trading_day
main_rule_a_primary,خکمک,1398,1399,fold2_validation,2020-07-19,2020-07-18,2020-07-18,True,OK,True,0,frozen_shared_window_end_rule_last_eligible_trading_day
main_rule_a_primary,ددام,1398,1399,fold2_validation,2020-07-19,2020-07-18,2020-07-18,True,OK,True,0,frozen_shared_window_end_rule_last_eligible_trading_day
main_rule_a_primary,دروز,1398,1399,fold2_validation,2020-07-19,2020-07-18,2020-07-18,True,OK,True,0,frozen_shared_window_end_rule_last_eligible_trading_day
main_rule_a_primary,دسبحا,1398,1399,fold2_validation,2020-07-19,2020-07-18,2020-07-18,True,OK,True,0,frozen_shared_window_end_rule_last_eligible_trading_day
main_rule_a_primary,دسینا,1398,1399,fold2_validation,2020-07-19,2020-07-18,2020-07-18,True,OK,True,0,frozen_shared_window_end_rule_last_eligible_trading_day
main_rule_a_primary,دشیمی,1398,1399,fold2_validation,2020-07-19,2020-07-18,2020-07-18,True,OK,True,0,frozen_shared_window_end_rule_last_eligible_trading_day
main_rule_a_primary,دیران,1398,1399,fold2_validation,2020-04-18,2020-04-15,2020-04-15,True,OK,True,0,frozen_shared_window_end_rule_last_eligible_trading_day
main_rule_a_primary,رانفور,1398,1399,fold2_validation,2020-07-19,2020-07-18,2020-07-18,True,OK,True,0,frozen_shared_window_end_rule_last_eligible_trading_day
main_rule_a_primary,رمپنا,1398,1399,fold2_validation,2019-08-22,2019-08-21,2019-08-19,False,ADJUSTED_CLOSE_UNRESOLVED,False,2,frozen_shared_window_end_rule_last_eligible_trading_day
main_rule_a_primary,زمگسا,1398,1399,fold2_validation,2020-07-19,2020-07-18,2020-07-18,True,OK,True,0,frozen_shared_window_end_rule_last_eligible_trading_day
main_rule_a_primary,زپارس,1398,1399,fold2_validation,2020-04-18,2020-04-15,2020-04-14,False,ADJUSTED_CLOSE_UNRESOLVED,False,1,frozen_shared_window_end_rule_last_eligible_trading_day
main_rule_a_primary,ساراب,1398,1399,fold2_validation,2020-07-19,2020-07-18,2020-07-18,True,OK,True,0,frozen_shared_window_end_rule_last_eligible_trading_day
main_rule_a_primary,ساربیل,1398,1399,fold2_validation,2020-04-18,2020-04-15,2020-04-15,True,OK,True,0,frozen_shared_window_end_rule_last_eligible_trading_day
main_rule_a_primary,ساروم,1398,1399,fold2_validation,2020-07-19,2020-07-18,2020-07-18,True,OK,True,0,frozen_shared_window_end_rule_last_eligible_trading_day
main_rule_a_primary,سبجنو,1398,1399,fold2_validation,2020-07-19,2020-07-18,2020-07-18,True,OK,True,0,frozen_shared_window_end_rule_last_eligible_trading_day
main_rule_a_primary,سبهان,1398,1399,fold2_validation,2020-07-19,2020-07-18,2020-07-18,True,OK,True,0,frozen_shared_window_end_rule_last_eligible_trading_day
main_rule_a_primary,ستران,1398,1399,fold2_validation,2020-07-19,2020-07-18,2020-07-18,True,OK,True,0,frozen_shared_window_end_rule_last_eligible_trading_day
main_rule_a_primary,سخاش,1398,1399,fold2_validation,2020-07-19,2020-07-18,2020-07-18,True,OK,True,0,frozen_shared_window_end_rule_last_eligible_trading_day
main_rule_a_primary,سخزر,1398,1399,fold2_validation,2020-07-19,2020-07-18,2020-07-18,True,OK,True,0,frozen_shared_window_end_rule_last_eligible_trading_day
main_rule_a_primary,سخوز,1398,1399,fold2_validation,2020-07-19,2020-07-18,2020-07-18,True,OK,True,0,frozen_shared_window_end_rule_last_eligible_trading_day
main_rule_a_primary,سدشت,1398,1399,fold2_validation,2020-01-20,2020-01-19,2020-01-19,True,OK,True,0,frozen_shared_window_end_rule_last_eligible_trading_day
main_rule_a_primary,سدور,1398,1399,fold2_validation,2020-07-19,2020-07-18,2020-07-18,True,OK,True,0,frozen_shared_window_end_rule_last_eligible_trading_day
main_rule_a_primary,سرود,1398,1399,fold2_validation,2020-07-19,2020-07-18,2020-07-18,True,OK,True,0,frozen_shared_window_end_rule_last_eligible_trading_day
main_rule_a_primary,سشرق,1398,1399,fold2_validation,2020-01-20,2020-01-19,2020-01-19,True,OK,True,0,frozen_shared_window_end_rule_last_eligible_trading_day
main_rule_a_primary,سصفها,1398,1399,fold2_validation,2020-07-19,2020-07-18,2020-07-18,True,OK,True,0,frozen_shared_window_end_rule_last_eligible_trading_day
main_rule_a_primary,سغرب,1398,1399,fold2_validation,2020-07-19,2020-07-18,2020-07-18,True,OK,True,0,frozen_shared_window_end_rule_last_eligible_trading_day
main_rule_a_primary,سقاین,1398,1399,fold2_validation,2020-07-19,2020-07-18,2020-07-18,True,OK,True,0,frozen_shared_window_end_rule_last_eligible_trading_day
main_rule_a_primary,سمازن,1398,1399,fold2_validation,2020-04-18,2020-04-15,2020-04-14,False,ADJUSTED_CLOSE_UNRESOLVED,False,1,frozen_shared_window_end_rule_last_eligible_trading_day
main_rule_a_primary,سنیر,1398,1399,fold2_validation,2020-07-19,2020-07-18,2020-07-18,True,OK,True,0,frozen_shared_window_end_rule_last_eligible_trading_day
main_rule_a_primary,سهگمت,1398,1399,fold2_validation,2020-05-19,2020-05-18,2020-05-18,True,OK,True,0,frozen_shared_window_end_rule_last_eligible_trading_day
main_rule_a_primary,سپاها,1398,1399,fold2_validation,2020-01-20,2020-01-19,2020-01-19,True,OK,True,0,frozen_shared_window_end_rule_last_eligible_trading_day
main_rule_a_primary,سکرد,1398,1399,fold2_validation,2020-01-20,2020-01-19,2020-01-19,True,OK,True,0,frozen_shared_window_end_rule_last_eligible_trading_day
main_rule_a_primary,سیلام,1398,1399,fold2_validation,2020-05-19,2020-05-18,2020-05-18,True,OK,True,0,frozen_shared_window_end_rule_last_eligible_trading_day
main_rule_a_primary,شاراک,1398,1399,fold2_validation,2020-07-19,2020-07-18,2020-07-18,True,OK,True,0,frozen_shared_window_end_rule_last_eligible_trading_day
main_rule_a_primary,شبریز,1398,1399,fold2_validation,2020-07-19,2020-07-18,2020-07-18,True,OK,True,0,frozen_shared_window_end_rule_last_eligible_trading_day
main_rule_a_primary,شبندر,1398,1399,fold2_validation,2020-07-19,2020-07-18,2020-07-18,True,OK,True,0,frozen_shared_window_end_rule_last_eligible_trading_day
main_rule_a_primary,شدوص,1398,1399,fold2_validation,2020-07-19,2020-07-18,2020-07-18,True,OK,True,0,frozen_shared_window_end_rule_last_eligible_trading_day
main_rule_a_primary,شفارس,1398,1399,fold2_validation,2020-07-19,2020-07-18,2020-07-18,True,OK,True,0,frozen_shared_window_end_rule_last_eligible_trading_day
main_rule_a_primary,شلعاب,1398,1399,fold2_validation,2020-07-19,2020-07-18,2020-07-18,True,OK,True,0,frozen_shared_window_end_rule_last_eligible_trading_day
main_rule_a_primary,شپارس,1398,1399,fold2_validation,2020-01-20,2020-01-19,2020-01-19,True,OK,True,0,frozen_shared_window_end_rule_last_eligible_trading_day
main_rule_a_primary,شپنا,1398,1399,fold2_validation,2020-07-19,2020-07-18,2020-07-15,False,ADJUSTED_CLOSE_UNRESOLVED,False,3,frozen_shared_window_end_rule_last_eligible_trading_day
main_rule_a_primary,شکربن,1398,1399,fold2_validation,2020-07-19,2020-07-18,2020-07-18,True,OK,True,0,frozen_shared_window_end_rule_last_eligible_trading_day
main_rule_a_primary,شکلر,1398,1399,fold2_validation,2019-12-21,2019-12-18,2019-12-18,True,OK,True,0,frozen_shared_window_end_rule_last_eligible_trading_day
main_rule_a_primary,شیران,1398,1399,fold2_validation,2020-04-18,2020-04-15,2020-04-15,True,OK,True,0,frozen_shared_window_end_rule_last_eligible_trading_day
main_rule_a_primary,غبهنوش,1398,1399,fold2_validation,2020-07-19,2020-07-18,2020-07-18,True,OK,True,0,frozen_shared_window_end_rule_last_eligible_trading_day
main_rule_a_primary,غدام,1398,1399,fold2_validation,2020-04-18,2020-04-15,2020-04-15,True,OK,True,0,frozen_shared_window_end_rule_last_eligible_trading_day
main_rule_a_primary,غسالم,1398,1399,fold2_validation,2020-07-19,2020-07-18,2020-07-18,True,OK,True,0,frozen_shared_window_end_rule_last_eligible_trading_day
main_rule_a_primary,غشان,1398,1399,fold2_validation,2020-07-19,2020-07-18,2020-07-18,True,OK,True,0,frozen_shared_window_end_rule_last_eligible_trading_day
main_rule_a_primary,غشهد,1398,1399,fold2_validation,2020-07-19,2020-07-18,2020-07-18,True,OK,True,0,frozen_shared_window_end_rule_last_eligible_trading_day
main_rule_a_primary,غنوش,1398,1399,fold2_validation,2020-07-19,2020-07-18,2020-07-18,True,OK,True,0,frozen_shared_window_end_rule_last_eligible_trading_day
main_rule_a_primary,غگل,1398,1399,fold2_validation,2020-01-20,2020-01-19,2020-01-15,False,ADJUSTED_CLOSE_UNRESOLVED,False,4,frozen_shared_window_end_rule_last_eligible_trading_day
main_rule_a_primary,فاذر,1398,1399,fold2_validation,2020-07-19,2020-07-18,2020-07-12,False,ADJUSTED_CLOSE_UNRESOLVED,False,6,frozen_shared_window_end_rule_last_eligible_trading_day
main_rule_a_primary,فایرا,1398,1399,fold2_validation,2020-07-19,2020-07-18,2020-07-18,True,OK,True,0,frozen_shared_window_end_rule_last_eligible_trading_day
main_rule_a_primary,فباهنر,1398,1399,fold2_validation,2020-07-19,2020-07-18,2020-07-18,True,OK,True,0,frozen_shared_window_end_rule_last_eligible_trading_day
main_rule_a_primary,فجام,1398,1399,fold2_validation,2020-07-19,2020-07-18,2020-07-14,False,ADJUSTED_CLOSE_UNRESOLVED,False,4,frozen_shared_window_end_rule_last_eligible_trading_day
main_rule_a_primary,فجر,1398,1399,fold2_validation,2020-07-19,2020-07-18,2020-07-18,True,OK,True,0,frozen_shared_window_end_rule_last_eligible_trading_day
main_rule_a_primary,فخوز,1398,1399,fold2_validation,2020-07-19,2020-07-18,2020-07-18,True,OK,True,0,frozen_shared_window_end_rule_last_eligible_trading_day
main_rule_a_primary,فرآور,1398,1399,fold2_validation,2020-07-19,2020-07-18,2020-07-18,True,OK,True,0,frozen_shared_window_end_rule_last_eligible_trading_day
main_rule_a_primary,فسرب,1398,1399,fold2_validation,2020-07-19,2020-07-18,2020-07-18,True,OK,True,0,frozen_shared_window_end_rule_last_eligible_trading_day
main_rule_a_primary,فسپا,1398,1399,fold2_validation,2020-07-19,2020-07-18,2020-07-18,True,OK,True,0,frozen_shared_window_end_rule_last_eligible_trading_day
main_rule_a_primary,فمراد,1398,1399,fold2_validation,2020-07-19,2020-07-18,2020-07-18,True,OK,True,0,frozen_shared_window_end_rule_last_eligible_trading_day
main_rule_a_primary,فملی,1398,1399,fold2_validation,2020-07-19,2020-07-18,2020-07-18,True,OK,True,0,frozen_shared_window_end_rule_last_eligible_trading_day
main_rule_a_primary,فنورد,1398,1399,fold2_validation,2020-07-19,2020-07-18,2020-07-18,True,OK,True,0,frozen_shared_window_end_rule_last_eligible_trading_day
main_rule_a_primary,فولاژ,1398,1399,fold2_validation,2020-07-19,2020-07-18,2020-07-15,False,ADJUSTED_CLOSE_UNRESOLVED,False,3,frozen_shared_window_end_rule_last_eligible_trading_day
main_rule_a_primary,فپنتا,1398,1399,fold2_validation,2020-07-19,2020-07-18,2020-07-14,False,ADJUSTED_CLOSE_UNRESOLVED,False,4,frozen_shared_window_end_rule_last_eligible_trading_day
main_rule_a_primary,لابسا,1398,1399,fold2_validation,2020-07-19,2020-07-18,2020-07-18,True,OK,True,0,frozen_shared_window_end_rule_last_eligible_trading_day
main_rule_a_primary,لبوتان,1398,1399,fold2_validation,2020-07-19,2020-07-18,2020-07-18,True,OK,True,0,frozen_shared_window_end_rule_last_eligible_trading_day
main_rule_a_primary,لخزر,1398,1399,fold2_validation,2020-07-19,2020-07-18,2020-07-18,True,OK,True,0,frozen_shared_window_end_rule_last_eligible_trading_day
main_rule_a_primary,لسرما,1398,1399,fold2_validation,2020-07-19,2020-07-18,2020-07-18,True,OK,True,0,frozen_shared_window_end_rule_last_eligible_trading_day
main_rule_a_primary,نوری,1398,1399,fold2_validation,2020-07-19,2020-07-18,2020-07-18,True,OK,True,0,frozen_shared_window_end_rule_last_eligible_trading_day
main_rule_a_primary,های وب,1398,1399,fold2_validation,2020-07-19,2020-07-18,2020-07-18,True,OK,True,0,frozen_shared_window_end_rule_last_eligible_trading_day
main_rule_a_primary,همراه,1398,1399,fold2_validation,2020-07-19,2020-07-18,2020-07-18,True,OK,True,0,frozen_shared_window_end_rule_last_eligible_trading_day
main_rule_a_primary,پارس,1398,1399,fold2_validation,2020-07-19,2020-07-18,2020-07-18,True,OK,True,0,frozen_shared_window_end_rule_last_eligible_trading_day
main_rule_a_primary,پدرخش,1398,1399,fold2_validation,2020-07-19,2020-07-18,2020-07-18,True,OK,True,0,frozen_shared_window_end_rule_last_eligible_trading_day
main_rule_a_primary,پرداخت,1398,1399,fold2_validation,2020-07-19,2020-07-18,2020-07-18,True,OK,True,0,frozen_shared_window_end_rule_last_eligible_trading_day
main_rule_a_primary,پسهند,1398,1399,fold2_validation,2020-07-19,2020-07-18,2020-07-18,True,OK,True,0,frozen_shared_window_end_rule_last_eligible_trading_day
main_rule_a_primary,پلاسک,1398,1399,fold2_validation,2020-07-19,2020-07-18,2020-07-18,True,OK,True,0,frozen_shared_window_end_rule_last_eligible_trading_day
main_rule_a_primary,چافست,1398,1399,fold2_validation,2020-01-20,2020-01-19,2020-01-15,False,ADJUSTED_CLOSE_UNRESOLVED,False,4,frozen_shared_window_end_rule_last_eligible_trading_day
main_rule_a_primary,چکارن,1398,1399,fold2_validation,2020-07-19,2020-07-18,2020-07-18,True,OK,True,0,frozen_shared_window_end_rule_last_eligible_trading_day
main_rule_a_primary,کاوه,1398,1399,fold2_validation,2020-07-19,2020-07-18,2020-07-13,False,ADJUSTED_CLOSE_UNRESOLVED,False,5,frozen_shared_window_end_rule_last_eligible_trading_day
main_rule_a_primary,کبافق,1398,1399,fold2_validation,2020-07-19,2020-07-18,2020-07-18,True,OK,True,0,frozen_shared_window_end_rule_last_eligible_trading_day
main_rule_a_primary,کرازی,1398,1399,fold2_validation,2020-07-19,2020-07-18,2020-07-18,True,OK,True,0,frozen_shared_window_end_rule_last_eligible_trading_day
main_rule_a_primary,کفرا,1398,1399,fold2_validation,2020-07-19,2020-07-18,2020-07-18,True,OK,True,0,frozen_shared_window_end_rule_last_eligible_trading_day
main_rule_a_primary,کفپارس,1398,1399,fold2_validation,2020-04-18,2020-04-15,2020-04-15,True,OK,True,0,frozen_shared_window_end_rule_last_eligible_trading_day
main_rule_a_primary,کهمدا,1398,1399,fold2_validation,2019-10-22,2019-10-21,2019-10-21,True,OK,True,0,frozen_shared_window_end_rule_last_eligible_trading_day
main_rule_a_primary,کویر,1398,1399,fold2_validation,2020-07-19,2020-07-18,2020-07-18,True,OK,True,0,frozen_shared_window_end_rule_last_eligible_trading_day
main_rule_a_primary,کگاز,1398,1399,fold2_validation,2020-07-19,2020-07-18,2020-07-18,True,OK,True,0,frozen_shared_window_end_rule_last_eligible_trading_day
main_rule_a_primary,کگل,1398,1399,fold2_validation,2020-07-19,2020-07-18,2020-07-18,True,OK,True,0,frozen_shared_window_end_rule_last_eligible_trading_day
