sample_design,ticker,fiscal_year_t,target_year,temporal_folds,pair_cutoff_date,t_star,t_star_source_range_id,t_star_raw_observation_present,t_star_adjusted_close_present,t_star_qTotCap,t_star_qTotTran5J,t_star_zTotTran,t_star_raw_close,t_star_adjusted_close_status,window_start_calendar_date,t0_trading_date,t0_source_range_id,t0_raw_observation_present,t0_adjusted_close_present,t0_qTotCap,t0_qTotTran5J,t0_zTotTran,t0_raw_close,t0_adjusted_close_status,authorized_range_start,authorized_range_end,first_raw_daily_date,last_raw_daily_date,first_adjusted_price_date,last_adjusted_price_date,window_trading_day_count,missing_price_day_count,zero_traded_value_day_count,usable_daily_return_count,usable_amihud_day_count,equity_return_window_usable,realized_volatility_usable,amihud_illiquidity_usable,primary_root_cause,secondary_root_causes,evidence_status,range_is_partial_source
main_rule_a_primary,بموتو,1392,1393,fold1_train;fold2_train,2014-01-20,2014-01-18,RNG0003,True,True,471352317.0,69178.0,53.0,6915.0,OK,2013-01-18,2013-01-19,RNG0003,True,False,0.0,0.0,0.0,3336.0,ADJUSTED_CLOSE_UNRESOLVED,2012-12-20,2020-01-19,2012-12-22,2020-01-19,2012-12-22,2020-01-19,242,64,64,169,169,False,True,True,ZERO_TRADE_ENDPOINT_REQUIRES_TRADING_DAY_SEMANTICS_ADJUDICATION,,OBSERVED_FROM_IMMUTABLE_BUNDLE_NO_LIVE_TSETMC_QUERY,False
main_rule_a_primary,ثنوسا,1392,1393,fold1_train;fold2_train,2014-01-20,2014-01-18,RNG0009,True,True,114863246.0,17422.0,8.0,6847.0,OK,2013-01-18,2013-01-19,RNG0009,True,False,0.0,0.0,0.0,3855.0,ADJUSTED_CLOSE_UNRESOLVED,2012-12-20,2020-01-19,2012-12-22,2020-01-19,2012-12-22,2020-01-19,242,64,64,160,160,False,True,True,ZERO_TRADE_ENDPOINT_REQUIRES_TRADING_DAY_SEMANTICS_ADJUDICATION,,OBSERVED_FROM_IMMUTABLE_BUNDLE_NO_LIVE_TSETMC_QUERY,False
main_rule_a_primary,حپترو,1392,1393,fold1_train;fold2_train,2014-07-20,2014-07-16,RNG0012,True,True,1003970716.0,448041.0,78.0,2241.0,OK,2013-07-16,2013-07-16,RNG0012,True,True,1223314621.0,679709.0,95.0,1800.0,OK,2013-06-19,2020-07-18,2013-06-19,2020-07-18,2013-06-30,2020-07-18,245,23,23,209,209,True,True,True,,,OBSERVED_FROM_IMMUTABLE_BUNDLE_NO_LIVE_TSETMC_QUERY,False
main_rule_a_primary,حکشتی,1392,1393,fold1_train;fold2_train,2013-10-22,2013-10-21,RNG0013,True,False,0.0,0.0,0.0,1746.0,ADJUSTED_CLOSE_UNRESOLVED,2012-10-21,2012-10-21,RNG0013,True,False,0.0,0.0,0.0,991.0,ADJUSTED_CLOSE_UNRESOLVED,2012-09-21,2019-10-21,2012-09-22,2019-10-21,2012-09-22,2019-10-20,241,33,33,196,196,False,True,True,ZERO_TRADE_ENDPOINT_REQUIRES_TRADING_DAY_SEMANTICS_ADJUDICATION,ZERO_TRADE_ENDPOINT_REQUIRES_TRADING_DAY_SEMANTICS_ADJUDICATION,OBSERVED_FROM_IMMUTABLE_BUNDLE_NO_LIVE_TSETMC_QUERY,False
main_rule_a_primary,خاذین,1392,1393,fold1_train;fold2_train,2014-07-20,2014-07-16,RNG0014,True,True,914589631.0,313824.0,57.0,2914.0,OK,2013-07-16,2013-07-16,RNG0014,True,True,157673164.0,187977.0,27.0,839.0,OK,2013-06-19,2020-07-18,2013-06-19,2020-07-18,2013-06-19,2020-07-18,245,15,15,224,224,True,True,True,,,OBSERVED_FROM_IMMUTABLE_BUNDLE_NO_LIVE_TSETMC_QUERY,False
main_rule_a_primary,خبهمن,1392,1393,fold1_train;fold2_train,2014-07-20,2014-07-16,RNG0015,True,True,28482934616.0,16508420.0,1002.0,1725.0,OK,2013-07-16,2013-07-16,RNG0015,True,True,1523199371.0,934966.0,124.0,1664.0,OK,2013-06-19,2020-07-18,2013-06-19,2020-07-18,2013-06-22,2020-07-18,245,7,7,235,235,True,True,True,,,OBSERVED_FROM_IMMUTABLE_BUNDLE_NO_LIVE_TSETMC_QUERY,False
main_rule_a_primary,ختوقا,1392,1393,fold1_train;fold2_train,2014-07-20,2014-07-16,RNG0016,True,True,490811853.0,181462.0,42.0,2699.0,OK,2013-07-16,2013-07-16,RNG0016,True,False,0.0,0.0,0.0,1126.0,ADJUSTED_CLOSE_UNRESOLVED,2013-06-19,2020-07-18,2013-06-19,2020-07-18,2013-07-22,2020-07-18,245,18,18,221,221,False,True,True,ZERO_TRADE_ENDPOINT_REQUIRES_TRADING_DAY_SEMANTICS_ADJUDICATION,,OBSERVED_FROM_IMMUTABLE_BUNDLE_NO_LIVE_TSETMC_QUERY,False
main_rule_a_primary,خرینگ,1392,1393,fold1_train;fold2_train,2014-07-20,2014-07-16,RNG0017,True,True,3538823712.0,1275243.0,273.0,2775.0,OK,2013-07-16,2013-07-16,RNG0017,True,True,1029760534.0,934767.0,99.0,1102.0,OK,2013-06-19,2020-07-18,2013-06-19,2020-07-18,2013-06-23,2020-07-18,245,27,27,205,205,True,True,True,,,OBSERVED_FROM_IMMUTABLE_BUNDLE_NO_LIVE_TSETMC_QUERY,False
main_rule_a_primary,خمحور,1392,1393,fold1_train;fold2_train,2014-07-20,2014-07-16,RNG0018,True,True,685043964.0,379752.0,80.0,1804.0,OK,2013-07-16,2013-07-16,RNG0018,True,True,1556371056.0,1065554.0,173.0,1461.0,OK,2013-06-19,2020-07-18,2013-06-19,2020-07-18,2013-06-22,2020-07-18,245,28,28,201,201,True,True,True,,,OBSERVED_FROM_IMMUTABLE_BUNDLE_NO_LIVE_TSETMC_QUERY,False
main_rule_a_primary,خمهر,1392,1393,fold1_train;fold2_train,2014-07-20,2014-07-16,RNG0019,True,True,1353524006.0,504536.0,110.0,2683.0,OK,2013-07-16,2013-07-16,RNG0019,True,True,2663348749.0,3067742.0,282.0,868.0,OK,2013-06-19,2020-07-18,2013-06-19,2020-07-18,2013-06-19,2020-07-18,245,27,27,212,212,True,True,True,,,OBSERVED_FROM_IMMUTABLE_BUNDLE_NO_LIVE_TSETMC_QUERY,False
main_rule_a_primary,خنصیر,1392,1393,fold1_train;fold2_train,2014-07-20,2014-07-16,RNG0020,True,True,548243224.0,102785.0,40.0,5334.0,OK,2013-07-16,2013-07-16,RNG0020,True,True,147200.0,100.0,1.0,1416.0,OK,2013-06-19,2020-07-18,2013-06-19,2020-07-18,2013-06-22,2020-07-18,245,73,73,140,140,True,True,True,,,OBSERVED_FROM_IMMUTABLE_BUNDLE_NO_LIVE_TSETMC_QUERY,False
main_rule_a_primary,خوساز,1392,1393,fold1_train;fold2_train,2014-07-20,2014-07-16,RNG0021,True,True,1279389943.0,602441.0,125.0,2124.0,OK,2013-07-16,2013-07-16,RNG0021,True,False,0.0,0.0,0.0,822.0,ADJUSTED_CLOSE_UNRESOLVED,2013-06-19,2020-07-18,2013-06-19,2020-07-18,2013-06-19,2020-07-18,245,32,32,207,207,False,True,True,ZERO_TRADE_ENDPOINT_REQUIRES_TRADING_DAY_SEMANTICS_ADJUDICATION,,OBSERVED_FROM_IMMUTABLE_BUNDLE_NO_LIVE_TSETMC_QUERY,False
main_rule_a_primary,خچرخش,1392,1393,fold1_train;fold2_train,2014-07-20,2014-07-16,RNG0022,True,True,414879216.0,244143.0,55.0,1699.0,OK,2013-07-16,2013-07-16,RNG0022,True,True,104000.0,100.0,1.0,1000.0,OK,2013-06-19,2020-07-18,2013-06-19,2020-07-18,2013-06-23,2020-07-18,245,74,74,139,139,True,True,True,,,OBSERVED_FROM_IMMUTABLE_BUNDLE_NO_LIVE_TSETMC_QUERY,False
main_rule_a_primary,خکمک,1392,1393,fold1_train;fold2_train,2014-07-20,2014-07-16,RNG0023,True,True,1716419679.0,906236.0,121.0,1894.0,OK,2013-07-16,2013-07-16,RNG0023,True,True,1046682.0,923.0,2.0,1180.0,OK,2013-06-19,2020-07-18,2013-06-19,2020-07-18,2013-06-30,2020-07-18,245,17,17,216,216,True,True,True,,,OBSERVED_FROM_IMMUTABLE_BUNDLE_NO_LIVE_TSETMC_QUERY,False
main_rule_a_primary,دروز,1392,1393,fold1_train;fold2_train,2014-07-20,2014-07-16,RNG0025,True,False,0.0,0.0,0.0,6001.0,ADJUSTED_CLOSE_UNRESOLVED,2013-07-16,2013-07-16,RNG0025,True,True,10775000.0,5000.0,1.0,2075.0,OK,2013-06-19,2020-07-18,2013-06-19,2020-07-18,2013-06-19,2020-07-18,245,164,164,54,54,False,False,False,ZERO_TRADE_ENDPOINT_REQUIRES_TRADING_DAY_SEMANTICS_ADJUDICATION,G_FEWER_THAN_126_VALID_RETURNS_ONLY,OBSERVED_FROM_IMMUTABLE_BUNDLE_NO_LIVE_TSETMC_QUERY,False
main_rule_a_primary,دسبحا,1392,1393,fold1_train;fold2_train,2014-07-20,2014-07-16,RNG0026,True,True,892447891.0,129400.0,51.0,6713.0,OK,2013-07-16,2013-07-16,RNG0026,True,False,0.0,0.0,0.0,5434.0,ADJUSTED_CLOSE_UNRESOLVED,2013-06-19,2020-07-18,2013-06-19,2020-07-18,2013-06-19,2020-07-18,245,11,11,231,231,False,True,True,ZERO_TRADE_ENDPOINT_REQUIRES_TRADING_DAY_SEMANTICS_ADJUDICATION,,OBSERVED_FROM_IMMUTABLE_BUNDLE_NO_LIVE_TSETMC_QUERY,False
main_rule_a_primary,دیران,1392,1393,fold1_train;fold2_train,2014-07-20,2014-07-16,RNG0029,True,True,944302780.0,148003.0,45.0,6380.0,OK,2013-07-16,2013-07-16,RNG0029,True,False,0.0,0.0,0.0,7599.0,ADJUSTED_CLOSE_UNRESOLVED,2013-06-19,2020-04-17,2013-06-19,2020-04-15,2013-06-19,2020-04-15,245,27,27,213,213,False,True,True,ZERO_TRADE_ENDPOINT_REQUIRES_TRADING_DAY_SEMANTICS_ADJUDICATION,,OBSERVED_FROM_IMMUTABLE_BUNDLE_NO_LIVE_TSETMC_QUERY,False
main_rule_a_primary,رانفور,1392,1393,fold1_train;fold2_train,2014-07-20,2014-07-16,RNG0030,True,True,244703025.0,22923.0,13.0,10272.0,OK,2013-07-16,2013-07-16,RNG0030,True,True,371971488.0,25801.0,34.0,14822.0,OK,2013-06-19,2020-07-18,2013-06-19,2020-07-18,2013-06-19,2020-07-18,245,6,6,235,235,True,True,True,,,OBSERVED_FROM_IMMUTABLE_BUNDLE_NO_LIVE_TSETMC_QUERY,False
main_rule_a_primary,زمگسا,1392,1393,fold1_train;fold2_train,2014-07-20,2014-07-16,RNG0032,True,True,65490352.0,2305.0,18.0,28658.0,OK,2013-07-16,2013-07-16,RNG0032,True,True,3132457249.0,121379.0,116.0,25807.0,OK,2013-06-19,2020-07-18,2013-06-19,2020-07-18,2013-06-19,2020-07-18,245,12,12,229,229,True,True,True,,,OBSERVED_FROM_IMMUTABLE_BUNDLE_NO_LIVE_TSETMC_QUERY,False
main_rule_a_primary,ساراب,1392,1393,fold1_train;fold2_train,2014-07-20,2014-07-16,RNG0034,True,True,956296673.0,319853.0,143.0,2987.0,OK,2013-07-16,2013-07-16,RNG0034,True,True,9470270409.0,1565423.0,368.0,6050.0,OK,2013-06-19,2020-07-18,2013-06-19,2020-07-18,2013-06-19,2020-07-18,245,9,9,233,233,True,True,True,,,OBSERVED_FROM_IMMUTABLE_BUNDLE_NO_LIVE_TSETMC_QUERY,False
main_rule_a_primary,سبهان,1392,1393,fold1_train;fold2_train,2014-07-20,2014-07-16,RNG0038,True,True,814012104.0,23315.0,43.0,34912.0,OK,2013-07-16,2013-07-16,RNG0038,True,False,0.0,0.0,0.0,45580.0,ADJUSTED_CLOSE_UNRESOLVED,2013-06-19,2020-07-18,2013-06-19,2020-07-18,2013-06-19,2020-07-18,245,12,12,230,230,False,True,True,ZERO_TRADE_ENDPOINT_REQUIRES_TRADING_DAY_SEMANTICS_ADJUDICATION,,OBSERVED_FROM_IMMUTABLE_BUNDLE_NO_LIVE_TSETMC_QUERY,False
main_rule_a_primary,سخزر,1392,1393,fold1_train;fold2_train,2014-07-20,2014-07-16,RNG0041,True,False,0.0,0.0,0.0,5539.0,ADJUSTED_CLOSE_UNRESOLVED,2013-07-16,2013-07-16,RNG0041,True,True,35929907.0,6383.0,3.0,5855.0,OK,2013-06-19,2020-07-18,2013-06-19,2020-07-18,2013-06-19,2020-07-18,245,58,58,162,162,False,True,True,ZERO_TRADE_ENDPOINT_REQUIRES_TRADING_DAY_SEMANTICS_ADJUDICATION,,OBSERVED_FROM_IMMUTABLE_BUNDLE_NO_LIVE_TSETMC_QUERY,False
main_rule_a_primary,سدشت,1392,1393,fold1_train;fold2_train,2014-01-20,2014-01-18,RNG0043,True,False,0.0,0.0,0.0,3384.0,ADJUSTED_CLOSE_UNRESOLVED,2013-01-18,2013-01-19,RNG0043,True,False,0.0,0.0,0.0,3058.0,ADJUSTED_CLOSE_UNRESOLVED,2012-12-20,2020-01-19,2012-12-22,2020-01-19,2012-12-23,2020-01-19,242,189,189,19,19,False,False,False,ZERO_TRADE_ENDPOINT_REQUIRES_TRADING_DAY_SEMANTICS_ADJUDICATION,ZERO_TRADE_ENDPOINT_REQUIRES_TRADING_DAY_SEMANTICS_ADJUDICATION;G_FEWER_THAN_126_VALID_RETURNS_ONLY,OBSERVED_FROM_IMMUTABLE_BUNDLE_NO_LIVE_TSETMC_QUERY,False
main_rule_a_primary,سدور,1392,1393,fold1_train;fold2_train,2014-07-20,2014-07-16,RNG0044,True,True,17424426.0,1101.0,3.0,16474.0,OK,2013-07-16,2013-07-16,RNG0044,True,True,2618134868.0,198606.0,40.0,13183.0,OK,2013-06-19,2020-07-18,2013-06-19,2020-07-18,2013-06-19,2020-07-18,245,22,22,214,214,True,True,True,,,OBSERVED_FROM_IMMUTABLE_BUNDLE_NO_LIVE_TSETMC_QUERY,False
main_rule_a_primary,سرود,1392,1393,fold1_train;fold2_train,2014-07-20,2014-07-16,RNG0045,True,True,235312249.0,46705.0,25.0,5086.0,OK,2013-07-16,2013-07-16,RNG0045,True,True,2986417061.0,503068.0,146.0,5936.0,OK,2013-06-19,2020-07-18,2013-06-19,2020-07-18,2013-06-19,2020-07-18,245,20,20,219,219,True,True,True,,,OBSERVED_FROM_IMMUTABLE_BUNDLE_NO_LIVE_TSETMC_QUERY,False
main_rule_a_primary,سشرق,1392,1393,fold1_train;fold2_train,2014-01-20,2014-01-18,RNG0046,True,True,3346927552.0,844970.0,208.0,3961.0,OK,2013-01-18,2013-01-19,RNG0046,True,True,510350.0,510.0,2.0,1021.0,OK,2012-12-20,2020-01-19,2012-12-22,2020-01-19,2012-12-22,2020-01-19,242,22,22,214,214,True,True,True,,,OBSERVED_FROM_IMMUTABLE_BUNDLE_NO_LIVE_TSETMC_QUERY,False
main_rule_a_primary,سقاین,1392,1393,fold1_train;fold2_train,2014-07-20,2014-07-16,RNG0049,True,True,946099904.0,34093.0,92.0,27970.0,OK,2013-07-16,2013-07-16,RNG0049,True,True,2017269.0,59.0,7.0,32880.0,OK,2013-06-19,2020-07-18,2013-06-19,2020-07-18,2013-07-01,2020-07-18,245,41,41,187,187,True,True,True,,,OBSERVED_FROM_IMMUTABLE_BUNDLE_NO_LIVE_TSETMC_QUERY,False
main_rule_a_primary,سمازن,1392,1393,fold1_train;fold2_train,2014-07-20,2014-07-16,RNG0050,True,False,0.0,0.0,0.0,20313.0,ADJUSTED_CLOSE_UNRESOLVED,2013-07-16,2013-07-16,RNG0050,True,True,150062500.0,8750.0,2.0,16517.0,OK,2013-06-19,2020-04-17,2013-06-19,2020-04-15,2013-06-19,2020-04-14,245,63,63,157,157,False,True,True,ZERO_TRADE_ENDPOINT_REQUIRES_TRADING_DAY_SEMANTICS_ADJUDICATION,,OBSERVED_FROM_IMMUTABLE_BUNDLE_NO_LIVE_TSETMC_QUERY,False
main_rule_a_primary,سهگمت,1392,1393,fold1_train;fold2_train,2014-05-20,2014-05-19,RNG0052,True,True,304773260.0,46793.0,17.0,6628.0,OK,2013-05-19,2013-05-19,RNG0052,True,True,1458570879.0,391773.0,27.0,3719.0,OK,2013-04-19,2020-05-18,2013-04-20,2020-05-18,2013-04-20,2020-05-18,244,11,11,229,229,True,True,True,,,OBSERVED_FROM_IMMUTABLE_BUNDLE_NO_LIVE_TSETMC_QUERY,False
main_rule_a_primary,سپاها,1392,1393,fold1_train;fold2_train,2014-01-20,2014-01-18,RNG0053,True,True,2147164569.0,753703.0,188.0,2863.0,OK,2013-01-18,2013-01-19,RNG0053,True,True,308677522.0,301654.0,37.0,1035.0,OK,2012-12-20,2020-01-19,2012-12-22,2020-01-19,2012-12-22,2020-01-19,242,12,12,227,227,True,True,True,,,OBSERVED_FROM_IMMUTABLE_BUNDLE_NO_LIVE_TSETMC_QUERY,False
main_rule_a_primary,سکرد,1392,1393,fold1_train;fold2_train,2014-01-20,2014-01-18,RNG0054,True,False,0.0,0.0,0.0,9096.0,ADJUSTED_CLOSE_UNRESOLVED,2013-01-18,2013-01-19,RNG0054,True,True,405000.0,50.0,1.0,8068.0,OK,2012-12-20,2020-01-19,2012-12-22,2020-01-19,2012-12-22,2020-01-19,242,35,35,193,193,False,True,True,ZERO_TRADE_ENDPOINT_REQUIRES_TRADING_DAY_SEMANTICS_ADJUDICATION,,OBSERVED_FROM_IMMUTABLE_BUNDLE_NO_LIVE_TSETMC_QUERY,False
main_rule_a_primary,سیلام,1392,1393,fold1_train;fold2_train,2014-05-20,2014-05-19,RNG0055,True,False,0.0,0.0,0.0,8507.0,ADJUSTED_CLOSE_UNRESOLVED,2013-05-19,2013-05-19,RNG0055,True,True,430400000.0,100000.0,2.0,4189.0,OK,2013-04-19,2020-05-18,2013-04-20,2020-05-18,2013-04-20,2020-05-18,244,38,38,193,193,False,True,True,ZERO_TRADE_ENDPOINT_REQUIRES_TRADING_DAY_SEMANTICS_ADJUDICATION,,OBSERVED_FROM_IMMUTABLE_BUNDLE_NO_LIVE_TSETMC_QUERY,False
main_rule_a_primary,غبهنوش,1392,1393,fold1_train;fold2_train,2014-07-20,2014-07-16,RNG0068,True,False,0.0,0.0,0.0,10497.0,ADJUSTED_CLOSE_UNRESOLVED,2013-07-16,2013-07-16,RNG0068,True,True,2520433242.0,256611.0,74.0,9822.0,OK,2013-06-19,2020-07-18,2013-06-19,2020-07-18,2013-06-19,2020-07-18,245,75,75,141,141,False,True,True,ZERO_TRADE_ENDPOINT_REQUIRES_TRADING_DAY_SEMANTICS_ADJUDICATION,,OBSERVED_FROM_IMMUTABLE_BUNDLE_NO_LIVE_TSETMC_QUERY,False
main_rule_a_primary,غدام,1392,1393,fold1_train;fold2_train,2014-04-19,2014-04-16,RNG0069,True,False,0.0,0.0,0.0,13553.0,ADJUSTED_CLOSE_UNRESOLVED,2013-04-16,2013-04-16,RNG0069,True,True,2165900.0,179.0,1.0,12296.0,OK,2013-03-19,2020-04-17,2013-03-25,2020-04-15,2013-03-26,2020-04-15,245,120,120,88,88,False,False,False,ZERO_TRADE_ENDPOINT_REQUIRES_TRADING_DAY_SEMANTICS_ADJUDICATION,G_FEWER_THAN_126_VALID_RETURNS_ONLY,OBSERVED_FROM_IMMUTABLE_BUNDLE_NO_LIVE_TSETMC_QUERY,False
main_rule_a_primary,غسالم,1392,1393,fold1_train;fold2_train,2014-07-20,2014-07-16,RNG0070,True,False,0.0,0.0,0.0,2983.0,ADJUSTED_CLOSE_UNRESOLVED,2013-07-16,2013-07-16,RNG0070,True,True,167580.0,20.0,1.0,8057.0,OK,2013-06-19,2020-07-18,2013-06-19,2020-07-18,2013-06-19,2020-07-18,245,57,57,168,168,False,True,True,ZERO_TRADE_ENDPOINT_REQUIRES_TRADING_DAY_SEMANTICS_ADJUDICATION,,OBSERVED_FROM_IMMUTABLE_BUNDLE_NO_LIVE_TSETMC_QUERY,False
main_rule_a_primary,غشان,1392,1393,fold1_train;fold2_train,2014-07-20,2014-07-16,RNG0071,True,True,1158504224.0,202534.0,53.0,5720.0,OK,2013-07-16,2013-07-16,RNG0071,True,True,8249591616.0,1097312.0,95.0,7518.0,OK,2013-06-19,2020-07-18,2013-06-19,2020-07-18,2013-06-19,2020-07-18,245,23,23,219,219,True,True,True,,,OBSERVED_FROM_IMMUTABLE_BUNDLE_NO_LIVE_TSETMC_QUERY,False
main_rule_a_primary,غشهد,1392,1393,fold1_train;fold2_train,2014-07-20,2014-07-16,RNG0072,True,False,0.0,0.0,0.0,2337.0,ADJUSTED_CLOSE_UNRESOLVED,2013-07-16,2013-07-16,RNG0072,True,True,150670380.0,34430.0,29.0,4320.0,OK,2013-06-19,2020-07-18,2013-06-19,2020-07-18,2013-06-23,2020-07-18,245,92,92,133,133,False,True,True,ZERO_TRADE_ENDPOINT_REQUIRES_TRADING_DAY_SEMANTICS_ADJUDICATION,,OBSERVED_FROM_IMMUTABLE_BUNDLE_NO_LIVE_TSETMC_QUERY,False
main_rule_a_primary,غنوش,1392,1393,fold1_train;fold2_train,2014-07-20,2014-07-16,RNG0073,True,False,0.0,0.0,0.0,3764.0,ADJUSTED_CLOSE_UNRESOLVED,2013-07-16,2013-07-16,RNG0073,True,True,267620788.0,54971.0,22.0,4868.0,OK,2013-06-19,2020-07-18,2013-06-19,2020-07-18,2013-07-06,2020-07-18,245,103,103,92,92,False,False,False,ZERO_TRADE_ENDPOINT_REQUIRES_TRADING_DAY_SEMANTICS_ADJUDICATION,G_FEWER_THAN_126_VALID_RETURNS_ONLY,OBSERVED_FROM_IMMUTABLE_BUNDLE_NO_LIVE_TSETMC_QUERY,False
main_rule_a_primary,غگل,1392,1393,fold1_train;fold2_train,2014-01-20,2014-01-18,RNG0074,True,False,0.0,0.0,0.0,37442.0,ADJUSTED_CLOSE_UNRESOLVED,2013-01-18,2013-01-19,RNG0074,True,False,0.0,0.0,0.0,16268.0,ADJUSTED_CLOSE_UNRESOLVED,2012-12-20,2020-01-19,2012-12-22,2020-01-19,2012-12-23,2020-01-15,242,138,138,60,60,False,False,False,ZERO_TRADE_ENDPOINT_REQUIRES_TRADING_DAY_SEMANTICS_ADJUDICATION,ZERO_TRADE_ENDPOINT_REQUIRES_TRADING_DAY_SEMANTICS_ADJUDICATION;G_FEWER_THAN_126_VALID_RETURNS_ONLY,OBSERVED_FROM_IMMUTABLE_BUNDLE_NO_LIVE_TSETMC_QUERY,False
main_rule_a_primary,کبافق,1392,1393,fold1_train;fold2_train,2014-07-20,2014-07-16,RNG0104,True,False,0.0,0.0,0.0,20544.0,ADJUSTED_CLOSE_UNRESOLVED,2013-07-16,2013-07-16,RNG0104,True,True,722807851.0,36772.0,58.0,19645.0,OK,2013-06-19,2020-07-18,2013-06-19,2020-07-18,2013-06-19,2020-07-18,245,55,55,169,169,False,True,True,ZERO_TRADE_ENDPOINT_REQUIRES_TRADING_DAY_SEMANTICS_ADJUDICATION,,OBSERVED_FROM_IMMUTABLE_BUNDLE_NO_LIVE_TSETMC_QUERY,False
main_rule_a_primary,کرازی,1392,1393,fold1_train;fold2_train,2014-07-20,2014-07-16,RNG0105,True,True,254627886.0,109827.0,24.0,2308.0,OK,2013-07-16,2013-07-16,RNG0105,True,True,2010664551.0,822397.0,71.0,2445.0,OK,2013-06-19,2020-07-18,2013-06-19,2020-07-18,2013-06-19,2020-07-18,245,11,11,228,228,True,True,True,,,OBSERVED_FROM_IMMUTABLE_BUNDLE_NO_LIVE_TSETMC_QUERY,False
main_rule_a_primary,کفرا,1392,1393,fold1_train;fold2_train,2014-07-20,2014-07-16,RNG0106,True,False,0.0,0.0,0.0,16685.0,ADJUSTED_CLOSE_UNRESOLVED,2013-07-16,2013-07-16,RNG0106,True,True,1522694208.0,80932.0,64.0,18814.0,OK,2013-06-19,2020-07-18,2013-06-19,2020-07-18,2013-07-06,2020-07-18,245,42,42,200,200,False,True,True,ZERO_TRADE_ENDPOINT_REQUIRES_TRADING_DAY_SEMANTICS_ADJUDICATION,,OBSERVED_FROM_IMMUTABLE_BUNDLE_NO_LIVE_TSETMC_QUERY,False
main_rule_a_primary,کفپارس,1392,1393,fold1_train;fold2_train,2014-04-19,2014-04-16,RNG0107,True,False,0.0,0.0,0.0,3558.0,ADJUSTED_CLOSE_UNRESOLVED,2013-04-16,2013-04-16,RNG0107,True,False,0.0,0.0,0.0,1285.0,ADJUSTED_CLOSE_UNRESOLVED,2013-03-19,2020-04-17,2013-03-25,2020-04-15,2013-05-20,2020-04-15,245,140,140,99,99,False,False,False,ZERO_TRADE_ENDPOINT_REQUIRES_TRADING_DAY_SEMANTICS_ADJUDICATION,ZERO_TRADE_ENDPOINT_REQUIRES_TRADING_DAY_SEMANTICS_ADJUDICATION;G_FEWER_THAN_126_VALID_RETURNS_ONLY,OBSERVED_FROM_IMMUTABLE_BUNDLE_NO_LIVE_TSETMC_QUERY,False
main_rule_a_primary,کهمدا,1392,1393,fold1_train;fold2_train,2013-10-22,2013-10-21,RNG0108,True,True,994082385.0,180476.0,77.0,5508.0,OK,2012-10-21,2012-10-21,RNG0108,True,True,429406104.0,256452.0,30.0,1674.0,OK,2012-09-21,2019-10-21,2012-09-22,2019-10-21,2012-09-22,2019-10-21,241,30,30,205,205,True,True,True,,,OBSERVED_FROM_IMMUTABLE_BUNDLE_NO_LIVE_TSETMC_QUERY,False
main_rule_a_primary,کگاز,1392,1393,fold1_train;fold2_train,2014-07-20,2014-07-16,RNG0110,True,False,0.0,0.0,0.0,4746.0,ADJUSTED_CLOSE_UNRESOLVED,2013-07-16,2013-07-16,RNG0110,True,False,0.0,0.0,0.0,5078.0,ADJUSTED_CLOSE_UNRESOLVED,2013-06-19,2020-07-18,2013-06-19,2020-07-18,2013-06-19,2020-07-18,245,34,34,206,206,False,True,True,ZERO_TRADE_ENDPOINT_REQUIRES_TRADING_DAY_SEMANTICS_ADJUDICATION,ZERO_TRADE_ENDPOINT_REQUIRES_TRADING_DAY_SEMANTICS_ADJUDICATION,OBSERVED_FROM_IMMUTABLE_BUNDLE_NO_LIVE_TSETMC_QUERY,False
main_rule_a_primary,کگل,1392,1393,fold1_train;fold2_train,2014-07-20,2014-07-16,RNG0111,True,True,23319147749.0,4327354.0,155.0,5389.0,OK,2013-07-16,2013-07-16,RNG0111,True,True,26557585310.0,2633476.0,407.0,10085.0,OK,2013-06-19,2020-07-18,2013-06-19,2020-07-18,2013-06-19,2020-07-18,245,20,20,221,221,True,True,True,,,OBSERVED_FROM_IMMUTABLE_BUNDLE_NO_LIVE_TSETMC_QUERY,False
main_rule_a_primary,بالبر,1393,1394,fold1_train;fold2_train,2015-01-20,2015-01-19,RNG0001,True,False,0.0,0.0,0.0,3082.0,ADJUSTED_CLOSE_UNRESOLVED,2014-01-19,2014-01-20,RNG0001,True,False,0.0,0.0,0.0,2858.0,ADJUSTED_CLOSE_UNRESOLVED,2013-12-20,2020-01-19,2013-12-21,2020-01-19,2014-01-27,2020-01-19,242,22,22,212,212,False,True,True,ZERO_TRADE_ENDPOINT_REQUIRES_TRADING_DAY_SEMANTICS_ADJUDICATION,ZERO_TRADE_ENDPOINT_REQUIRES_TRADING_DAY_SEMANTICS_ADJUDICATION,OBSERVED_FROM_IMMUTABLE_BUNDLE_NO_LIVE_TSETMC_QUERY,False
main_rule_a_primary,بترانس,1393,1394,fold1_train;fold2_train,2015-07-20,2015-07-19,RNG0002,True,False,0.0,0.0,0.0,8138.0,ADJUSTED_CLOSE_UNRESOLVED,2014-07-19,2014-07-20,RNG0002,True,False,0.0,0.0,0.0,4791.0,ADJUSTED_CLOSE_UNRESOLVED,2014-06-19,2020-07-18,2014-06-21,2020-07-18,2014-06-21,2020-07-18,241,13,13,225,225,False,True,True,ZERO_TRADE_ENDPOINT_REQUIRES_TRADING_DAY_SEMANTICS_ADJUDICATION,ZERO_TRADE_ENDPOINT_REQUIRES_TRADING_DAY_SEMANTICS_ADJUDICATION,OBSERVED_FROM_IMMUTABLE_BUNDLE_NO_LIVE_TSETMC_QUERY,False
main_rule_a_primary,بموتو,1393,1394,fold1_train;fold2_train,2015-01-20,2015-01-19,RNG0003,True,True,160030015.0,28780.0,13.0,5726.0,OK,2014-01-19,2014-01-20,RNG0003,True,True,802776349.0,116594.0,77.0,6902.0,OK,2012-12-20,2020-01-19,2012-12-22,2020-01-19,2012-12-22,2020-01-19,242,21,21,205,205,True,True,True,,,OBSERVED_FROM_IMMUTABLE_BUNDLE_NO_LIVE_TSETMC_QUERY,False
main_rule_a_primary,بکاب,1393,1394,fold1_train;fold2_train,2015-01-20,2015-01-19,RNG0004,True,False,0.0,0.0,0.0,8490.0,ADJUSTED_CLOSE_UNRESOLVED,2014-01-19,2014-01-20,RNG0004,True,False,0.0,0.0,0.0,10712.0,ADJUSTED_CLOSE_UNRESOLVED,2013-12-20,2020-01-19,2013-12-21,2020-01-19,2013-12-21,2020-01-18,242,131,131,109,109,False,False,False,ZERO_TRADE_ENDPOINT_REQUIRES_TRADING_DAY_SEMANTICS_ADJUDICATION,ZERO_TRADE_ENDPOINT_REQUIRES_TRADING_DAY_SEMANTICS_ADJUDICATION;G_FEWER_THAN_126_VALID_RETURNS_ONLY,OBSERVED_FROM_IMMUTABLE_BUNDLE_NO_LIVE_TSETMC_QUERY,False
main_rule_a_primary,بکام,1393,1394,fold1_train;fold2_train,2015-07-20,2015-07-19,RNG0005,True,False,0.0,0.0,0.0,1682.0,ADJUSTED_CLOSE_UNRESOLVED,2014-07-19,2014-07-20,RNG0005,True,True,1918391942.0,1248471.0,181.0,1537.0,OK,2014-06-19,2020-07-18,2014-06-21,2020-07-18,2014-06-29,2020-06-28,241,21,21,216,216,False,True,True,ZERO_TRADE_ENDPOINT_REQUIRES_TRADING_DAY_SEMANTICS_ADJUDICATION,,OBSERVED_FROM_IMMUTABLE_BUNDLE_NO_LIVE_TSETMC_QUERY,False
main_rule_a_primary,تپمپی,1393,1394,fold1_train;fold2_train,2014-10-22,2014-10-21,RNG0006,True,False,0.0,0.0,0.0,3869.0,ADJUSTED_CLOSE_UNRESOLVED,2013-10-21,2013-10-21,RNG0006,True,False,0.0,0.0,0.0,3274.0,ADJUSTED_CLOSE_UNRESOLVED,2013-09-21,2019-10-21,2013-09-21,2019-10-21,2013-09-21,2019-10-16,244,102,102,126,126,False,True,True,ZERO_TRADE_ENDPOINT_REQUIRES_TRADING_DAY_SEMANTICS_ADJUDICATION,ZERO_TRADE_ENDPOINT_REQUIRES_TRADING_DAY_SEMANTICS_ADJUDICATION,OBSERVED_FROM_IMMUTABLE_BUNDLE_NO_LIVE_TSETMC_QUERY,False
main_rule_a_primary,تکمبا,1393,1394,fold1_train;fold2_train,2015-07-20,2015-07-19,RNG0007,True,False,0.0,0.0,0.0,998.0,ADJUSTED_CLOSE_UNRESOLVED,2014-07-19,2014-07-20,RNG0007,True,True,7065965729.0,4176935.0,369.0,1692.0,OK,2014-06-19,2020-07-18,2014-06-21,2020-07-18,2014-06-21,2020-07-18,241,40,40,198,198,False,True,True,ZERO_TRADE_ENDPOINT_REQUIRES_TRADING_DAY_SEMANTICS_ADJUDICATION,,OBSERVED_FROM_IMMUTABLE_BUNDLE_NO_LIVE_TSETMC_QUERY,False
main_rule_a_primary,ثشرق,1393,1394,fold1_train;fold2_train,2015-01-20,2015-01-19,RNG0008,True,True,5876186093.0,3160738.0,511.0,1859.0,OK,2014-01-19,2014-05-11,RNG0008,True,False,0.0,0.0,0.0,1000.0,ADJUSTED_CLOSE_UNRESOLVED,2013-12-20,2020-01-19,2014-05-11,2020-01-19,2014-06-25,2020-01-19,169,40,40,125,125,False,False,False,ZERO_TRADE_ENDPOINT_REQUIRES_TRADING_DAY_SEMANTICS_ADJUDICATION,G_FEWER_THAN_126_VALID_RETURNS_ONLY,OBSERVED_FROM_IMMUTABLE_BUNDLE_NO_LIVE_TSETMC_QUERY,True
main_rule_a_primary,ثنوسا,1393,1394,fold1_train;fold2_train,2015-01-20,2015-01-19,RNG0009,True,True,9555827845.0,1537399.0,344.0,6216.0,OK,2014-01-19,2014-01-20,RNG0009,True,True,742224322.0,112903.0,9.0,6719.0,OK,2012-12-20,2020-01-19,2012-12-22,2020-01-19,2012-12-22,2020-01-19,242,22,22,213,213,True,True,True,,,OBSERVED_FROM_IMMUTABLE_BUNDLE_NO_LIVE_TSETMC_QUERY,False
main_rule_a_primary,حپترو,1393,1394,fold1_train;fold2_train,2015-07-20,2015-07-19,RNG0012,True,False,0.0,0.0,0.0,2892.0,ADJUSTED_CLOSE_UNRESOLVED,2014-07-19,2014-07-20,RNG0012,True,True,265396872.0,122890.0,29.0,2179.0,OK,2013-06-19,2020-07-18,2013-06-19,2020-07-18,2013-06-30,2020-07-18,241,4,4,236,236,False,True,True,ZERO_TRADE_ENDPOINT_REQUIRES_TRADING_DAY_SEMANTICS_ADJUDICATION,,OBSERVED_FROM_IMMUTABLE_BUNDLE_NO_LIVE_TSETMC_QUERY,False
main_rule_a_primary,حکشتی,1393,1394,fold1_train;fold2_train,2014-10-22,2014-10-21,RNG0013,True,False,0.0,0.0,0.0,3588.0,ADJUSTED_CLOSE_UNRESOLVED,2013-10-21,2013-10-21,RNG0013,True,False,0.0,0.0,0.0,1746.0,ADJUSTED_CLOSE_UNRESOLVED,2012-09-21,2019-10-21,2012-09-22,2019-10-21,2012-09-22,2019-10-20,244,58,58,181,181,False,True,True,ZERO_TRADE_ENDPOINT_REQUIRES_TRADING_DAY_SEMANTICS_ADJUDICATION,ZERO_TRADE_ENDPOINT_REQUIRES_TRADING_DAY_SEMANTICS_ADJUDICATION,OBSERVED_FROM_IMMUTABLE_BUNDLE_NO_LIVE_TSETMC_QUERY,False
main_rule_a_primary,خاذین,1393,1394,fold1_train;fold2_train,2015-07-20,2015-07-19,RNG0014,True,False,0.0,0.0,0.0,3896.0,ADJUSTED_CLOSE_UNRESOLVED,2014-07-19,2014-07-20,RNG0014,True,True,1068279360.0,363306.0,89.0,2940.0,OK,2013-06-19,2020-07-18,2013-06-19,2020-07-18,2013-06-19,2020-07-18,241,68,68,166,166,False,True,True,ZERO_TRADE_ENDPOINT_REQUIRES_TRADING_DAY_SEMANTICS_ADJUDICATION,,OBSERVED_FROM_IMMUTABLE_BUNDLE_NO_LIVE_TSETMC_QUERY,False
main_rule_a_primary,خبهمن,1393,1394,fold1_train;fold2_train,2015-07-20,2015-07-19,RNG0015,True,False,0.0,0.0,0.0,2329.0,ADJUSTED_CLOSE_UNRESOLVED,2014-07-19,2014-07-20,RNG0015,True,True,14418994688.0,8536915.0,820.0,1689.0,OK,2013-06-19,2020-07-18,2013-06-19,2020-07-18,2013-06-22,2020-07-18,241,8,8,230,230,False,True,True,ZERO_TRADE_ENDPOINT_REQUIRES_TRADING_DAY_SEMANTICS_ADJUDICATION,,OBSERVED_FROM_IMMUTABLE_BUNDLE_NO_LIVE_TSETMC_QUERY,False
main_rule_a_primary,ختوقا,1393,1394,fold1_train;fold2_train,2015-07-20,2015-07-19,RNG0016,True,False,0.0,0.0,0.0,3241.0,ADJUSTED_CLOSE_UNRESOLVED,2014-07-19,2014-07-20,RNG0016,True,True,1016914568.0,391335.0,75.0,2599.0,OK,2013-06-19,2020-07-18,2013-06-19,2020-07-18,2013-07-22,2020-07-18,241,23,23,211,211,False,True,True,ZERO_TRADE_ENDPOINT_REQUIRES_TRADING_DAY_SEMANTICS_ADJUDICATION,,OBSERVED_FROM_IMMUTABLE_BUNDLE_NO_LIVE_TSETMC_QUERY,False
main_rule_a_primary,خرینگ,1393,1394,fold1_train;fold2_train,2015-07-20,2015-07-19,RNG0017,True,False,0.0,0.0,0.0,2306.0,ADJUSTED_CLOSE_UNRESOLVED,2014-07-19,2014-07-20,RNG0017,True,True,2834585457.0,1063740.0,173.0,2665.0,OK,2013-06-19,2020-07-18,2013-06-19,2020-07-18,2013-06-23,2020-07-18,241,8,8,230,230,False,True,True,ZERO_TRADE_ENDPOINT_REQUIRES_TRADING_DAY_SEMANTICS_ADJUDICATION,,OBSERVED_FROM_IMMUTABLE_BUNDLE_NO_LIVE_TSETMC_QUERY,False
main_rule_a_primary,خمحور,1393,1394,fold1_train;fold2_train,2015-07-20,2015-07-19,RNG0018,True,False,0.0,0.0,0.0,1733.0,ADJUSTED_CLOSE_UNRESOLVED,2014-07-19,2014-07-20,RNG0018,True,True,344045194.0,193037.0,40.0,1792.0,OK,2013-06-19,2020-07-18,2013-06-19,2020-07-18,2013-06-22,2020-07-18,241,17,17,217,217,False,True,True,ZERO_TRADE_ENDPOINT_REQUIRES_TRADING_DAY_SEMANTICS_ADJUDICATION,,OBSERVED_FROM_IMMUTABLE_BUNDLE_NO_LIVE_TSETMC_QUERY,False
main_rule_a_primary,خمهر,1393,1394,fold1_train;fold2_train,2015-07-20,2015-07-19,RNG0019,True,False,0.0,0.0,0.0,1786.0,ADJUSTED_CLOSE_UNRESOLVED,2014-07-19,2014-07-20,RNG0019,True,True,2312544328.0,896705.0,153.0,2579.0,OK,2013-06-19,2020-07-18,2013-06-19,2020-07-18,2013-06-19,2020-07-18,241,3,3,236,236,False,True,True,ZERO_TRADE_ENDPOINT_REQUIRES_TRADING_DAY_SEMANTICS_ADJUDICATION,,OBSERVED_FROM_IMMUTABLE_BUNDLE_NO_LIVE_TSETMC_QUERY,False
main_rule_a_primary,خنصیر,1393,1394,fold1_train;fold2_train,2015-07-20,2015-07-19,RNG0020,True,False,0.0,0.0,0.0,3837.0,ADJUSTED_CLOSE_UNRESOLVED,2014-07-19,2014-07-20,RNG0020,True,True,1055911534.0,205353.0,66.0,5142.0,OK,2013-06-19,2020-07-18,2013-06-19,2020-07-18,2013-06-22,2020-07-18,241,30,30,201,201,False,True,True,ZERO_TRADE_ENDPOINT_REQUIRES_TRADING_DAY_SEMANTICS_ADJUDICATION,,OBSERVED_FROM_IMMUTABLE_BUNDLE_NO_LIVE_TSETMC_QUERY,False
main_rule_a_primary,خوساز,1393,1394,fold1_train;fold2_train,2015-07-20,2015-07-19,RNG0021,True,False,0.0,0.0,0.0,2636.0,ADJUSTED_CLOSE_UNRESOLVED,2014-07-19,2014-07-20,RNG0021,True,True,836701116.0,406932.0,80.0,2056.0,OK,2013-06-19,2020-07-18,2013-06-19,2020-07-18,2013-06-19,2020-07-18,241,15,15,219,219,False,True,True,ZERO_TRADE_ENDPOINT_REQUIRES_TRADING_DAY_SEMANTICS_ADJUDICATION,,OBSERVED_FROM_IMMUTABLE_BUNDLE_NO_LIVE_TSETMC_QUERY,False
main_rule_a_primary,خچرخش,1393,1394,fold1_train;fold2_train,2015-07-20,2015-07-19,RNG0022,True,False,0.0,0.0,0.0,1798.0,ADJUSTED_CLOSE_UNRESOLVED,2014-07-19,2014-07-20,RNG0022,True,True,354209258.0,216355.0,36.0,1637.0,OK,2013-06-19,2020-07-18,2013-06-19,2020-07-18,2013-06-23,2020-07-18,241,23,23,210,210,False,True,True,ZERO_TRADE_ENDPOINT_REQUIRES_TRADING_DAY_SEMANTICS_ADJUDICATION,,OBSERVED_FROM_IMMUTABLE_BUNDLE_NO_LIVE_TSETMC_QUERY,False
main_rule_a_primary,خکمک,1393,1394,fold1_train;fold2_train,2015-07-20,2015-07-19,RNG0023,True,False,0.0,0.0,0.0,1077.0,ADJUSTED_CLOSE_UNRESOLVED,2014-07-19,2014-07-20,RNG0023,True,True,505597221.0,274369.0,74.0,1843.0,OK,2013-06-19,2020-07-18,2013-06-19,2020-07-18,2013-06-30,2020-07-18,241,13,13,224,224,False,True,True,ZERO_TRADE_ENDPOINT_REQUIRES_TRADING_DAY_SEMANTICS_ADJUDICATION,,OBSERVED_FROM_IMMUTABLE_BUNDLE_NO_LIVE_TSETMC_QUERY,False
main_rule_a_primary,ددام,1393,1394,fold1_train;fold2_train,2015-07-20,2015-07-19,RNG0024,True,False,0.0,0.0,0.0,7251.0,ADJUSTED_CLOSE_UNRESOLVED,2014-07-19,2014-07-20,RNG0024,True,True,89554157.0,9272.0,10.0,9397.0,OK,2014-06-19,2020-07-18,2014-06-21,2020-07-18,2014-06-21,2020-07-18,241,24,24,205,205,False,True,True,ZERO_TRADE_ENDPOINT_REQUIRES_TRADING_DAY_SEMANTICS_ADJUDICATION,,OBSERVED_FROM_IMMUTABLE_BUNDLE_NO_LIVE_TSETMC_QUERY,False
main_rule_a_primary,دروز,1393,1394,fold1_train;fold2_train,2015-07-20,2015-07-19,RNG0025,True,False,0.0,0.0,0.0,5341.0,ADJUSTED_CLOSE_UNRESOLVED,2014-07-19,2014-07-20,RNG0025,True,False,0.0,0.0,0.0,5951.0,ADJUSTED_CLOSE_UNRESOLVED,2013-06-19,2020-07-18,2013-06-19,2020-07-18,2013-06-19,2020-07-18,241,136,136,97,97,False,False,False,ZERO_TRADE_ENDPOINT_REQUIRES_TRADING_DAY_SEMANTICS_ADJUDICATION,ZERO_TRADE_ENDPOINT_REQUIRES_TRADING_DAY_SEMANTICS_ADJUDICATION;G_FEWER_THAN_126_VALID_RETURNS_ONLY,OBSERVED_FROM_IMMUTABLE_BUNDLE_NO_LIVE_TSETMC_QUERY,False
main_rule_a_primary,دسبحا,1393,1394,fold1_train;fold2_train,2015-07-20,2015-07-19,RNG0026,True,False,0.0,0.0,0.0,7131.0,ADJUSTED_CLOSE_UNRESOLVED,2014-07-19,2014-07-20,RNG0026,True,True,502318729.0,74654.0,36.0,6716.0,OK,2013-06-19,2020-07-18,2013-06-19,2020-07-18,2013-06-19,2020-07-18,241,15,15,223,223,False,True,True,ZERO_TRADE_ENDPOINT_REQUIRES_TRADING_DAY_SEMANTICS_ADJUDICATION,,OBSERVED_FROM_IMMUTABLE_BUNDLE_NO_LIVE_TSETMC_QUERY,False
main_rule_a_primary,دسینا,1393,1394,fold1_train;fold2_train,2015-07-20,2015-07-19,RNG0027,True,False,0.0,0.0,0.0,13909.0,ADJUSTED_CLOSE_UNRESOLVED,2014-07-19,2014-07-20,RNG0027,True,True,75316435.0,5891.0,5.0,13297.0,OK,2014-06-19,2020-07-18,2014-06-21,2020-07-18,2014-06-21,2020-07-18,241,16,16,216,216,False,True,True,ZERO_TRADE_ENDPOINT_REQUIRES_TRADING_DAY_SEMANTICS_ADJUDICATION,,OBSERVED_FROM_IMMUTABLE_BUNDLE_NO_LIVE_TSETMC_QUERY,False
main_rule_a_primary,دشیمی,1393,1394,fold1_train;fold2_train,2015-07-20,2015-07-19,RNG0028,True,False,0.0,0.0,0.0,6305.0,ADJUSTED_CLOSE_UNRESOLVED,2014-07-19,2014-07-20,RNG0028,True,False,0.0,0.0,0.0,6441.0,ADJUSTED_CLOSE_UNRESOLVED,2014-06-19,2020-07-18,2014-06-21,2020-07-18,2014-06-22,2020-07-18,241,54,54,157,157,False,True,True,ZERO_TRADE_ENDPOINT_REQUIRES_TRADING_DAY_SEMANTICS_ADJUDICATION,ZERO_TRADE_ENDPOINT_REQUIRES_TRADING_DAY_SEMANTICS_ADJUDICATION,OBSERVED_FROM_IMMUTABLE_BUNDLE_NO_LIVE_TSETMC_QUERY,False
main_rule_a_primary,دیران,1393,1394,fold1_train;fold2_train,2015-07-20,2015-07-19,RNG0029,True,False,0.0,0.0,0.0,5559.0,ADJUSTED_CLOSE_UNRESOLVED,2014-07-19,2014-07-20,RNG0029,True,True,558040035.0,86917.0,71.0,6420.0,OK,2013-06-19,2020-04-17,2013-06-19,2020-04-15,2013-06-19,2020-04-15,241,13,13,224,224,False,True,True,ZERO_TRADE_ENDPOINT_REQUIRES_TRADING_DAY_SEMANTICS_ADJUDICATION,,OBSERVED_FROM_IMMUTABLE_BUNDLE_NO_LIVE_TSETMC_QUERY,False
main_rule_a_primary,رانفور,1393,1394,fold1_train;fold2_train,2015-07-20,2015-07-19,RNG0030,True,False,0.0,0.0,0.0,12217.0,ADJUSTED_CLOSE_UNRESOLVED,2014-07-19,2014-07-20,RNG0030,True,True,1947638378.0,182329.0,92.0,10325.0,OK,2013-06-19,2020-07-18,2013-06-19,2020-07-18,2013-06-19,2020-07-18,241,6,6,233,233,False,True,True,ZERO_TRADE_ENDPOINT_REQUIRES_TRADING_DAY_SEMANTICS_ADJUDICATION,,OBSERVED_FROM_IMMUTABLE_BUNDLE_NO_LIVE_TSETMC_QUERY,False
main_rule_a_primary,زمگسا,1393,1394,fold1_train;fold2_train,2015-07-20,2015-07-19,RNG0032,True,False,0.0,0.0,0.0,27074.0,ADJUSTED_CLOSE_UNRESOLVED,2014-07-19,2014-07-20,RNG0032,True,True,366325750.0,13240.0,33.0,28112.0,OK,2013-06-19,2020-07-18,2013-06-19,2020-07-18,2013-06-19,2020-07-18,241,33,33,196,196,False,True,True,ZERO_TRADE_ENDPOINT_REQUIRES_TRADING_DAY_SEMANTICS_ADJUDICATION,,OBSERVED_FROM_IMMUTABLE_BUNDLE_NO_LIVE_TSETMC_QUERY,False
main_rule_a_primary,ساراب,1393,1394,fold1_train;fold2_train,2015-07-20,2015-07-19,RNG0034,True,False,0.0,0.0,0.0,1384.0,ADJUSTED_CLOSE_UNRESOLVED,2014-07-19,2014-07-20,RNG0034,True,True,618440094.0,210790.0,86.0,2964.0,OK,2013-06-19,2020-07-18,2013-06-19,2020-07-18,2013-06-19,2020-07-18,241,25,25,211,211,False,True,True,ZERO_TRADE_ENDPOINT_REQUIRES_TRADING_DAY_SEMANTICS_ADJUDICATION,,OBSERVED_FROM_IMMUTABLE_BUNDLE_NO_LIVE_TSETMC_QUERY,False
main_rule_a_primary,ساربیل,1393,1394,fold1_train;fold2_train,2015-04-19,2015-04-18,RNG0035,True,False,0.0,0.0,0.0,18244.0,ADJUSTED_CLOSE_UNRESOLVED,2014-04-18,2014-04-19,RNG0035,True,False,0.0,0.0,0.0,14578.0,ADJUSTED_CLOSE_UNRESOLVED,2014-03-19,2020-04-17,2014-03-19,2020-04-15,2014-03-19,2020-04-15,242,144,144,60,60,False,False,False,ZERO_TRADE_ENDPOINT_REQUIRES_TRADING_DAY_SEMANTICS_ADJUDICATION,ZERO_TRADE_ENDPOINT_REQUIRES_TRADING_DAY_SEMANTICS_ADJUDICATION;G_FEWER_THAN_126_VALID_RETURNS_ONLY,OBSERVED_FROM_IMMUTABLE_BUNDLE_NO_LIVE_TSETMC_QUERY,False
main_rule_a_primary,ساروم,1393,1394,fold1_train;fold2_train,2015-07-20,2015-07-19,RNG0036,True,False,0.0,0.0,0.0,4706.0,ADJUSTED_CLOSE_UNRESOLVED,2014-07-19,2014-07-20,RNG0036,True,True,483539975.0,79710.0,22.0,6255.0,OK,2014-06-19,2020-07-18,2014-06-21,2020-07-18,2014-06-21,2020-07-18,241,70,70,134,134,False,True,True,ZERO_TRADE_ENDPOINT_REQUIRES_TRADING_DAY_SEMANTICS_ADJUDICATION,,OBSERVED_FROM_IMMUTABLE_BUNDLE_NO_LIVE_TSETMC_QUERY,False
main_rule_a_primary,سبجنو,1393,1394,fold1_train;fold2_train,2015-07-20,2015-07-19,RNG0037,True,False,0.0,0.0,0.0,3866.0,ADJUSTED_CLOSE_UNRESOLVED,2014-07-19,2014-07-20,RNG0037,True,False,0.0,0.0,0.0,5411.0,ADJUSTED_CLOSE_UNRESOLVED,2014-06-19,2020-07-18,2014-06-21,2020-07-18,2014-06-21,2020-07-18,241,154,154,47,47,False,False,False,ZERO_TRADE_ENDPOINT_REQUIRES_TRADING_DAY_SEMANTICS_ADJUDICATION,ZERO_TRADE_ENDPOINT_REQUIRES_TRADING_DAY_SEMANTICS_ADJUDICATION;G_FEWER_THAN_126_VALID_RETURNS_ONLY,OBSERVED_FROM_IMMUTABLE_BUNDLE_NO_LIVE_TSETMC_QUERY,False
main_rule_a_primary,سبهان,1393,1394,fold1_train;fold2_train,2015-07-20,2015-07-19,RNG0038,True,False,0.0,0.0,0.0,24832.0,ADJUSTED_CLOSE_UNRESOLVED,2014-07-19,2014-07-20,RNG0038,True,True,324424081.0,9403.0,18.0,34824.0,OK,2013-06-19,2020-07-18,2013-06-19,2020-07-18,2013-06-19,2020-07-18,241,45,45,168,168,False,True,True,ZERO_TRADE_ENDPOINT_REQUIRES_TRADING_DAY_SEMANTICS_ADJUDICATION,,OBSERVED_FROM_IMMUTABLE_BUNDLE_NO_LIVE_TSETMC_QUERY,False
main_rule_a_primary,ستران,1393,1394,fold1_train;fold2_train,2015-07-20,2015-07-19,RNG0039,True,False,0.0,0.0,0.0,2099.0,ADJUSTED_CLOSE_UNRESOLVED,2014-07-19,2014-07-20,RNG0039,True,True,1765027445.0,432024.0,120.0,4136.0,OK,2014-06-19,2020-07-18,2014-06-21,2020-07-18,2014-06-21,2020-07-18,241,8,8,231,231,False,True,True,ZERO_TRADE_ENDPOINT_REQUIRES_TRADING_DAY_SEMANTICS_ADJUDICATION,,OBSERVED_FROM_IMMUTABLE_BUNDLE_NO_LIVE_TSETMC_QUERY,False
main_rule_a_primary,سخاش,1393,1394,fold1_train;fold2_train,2015-07-20,2015-07-19,RNG0040,True,False,0.0,0.0,0.0,6539.0,ADJUSTED_CLOSE_UNRESOLVED,2014-07-19,2014-07-20,RNG0040,True,True,64214640.0,8370.0,3.0,7964.0,OK,2014-06-19,2020-07-18,2014-06-21,2020-07-18,2014-06-21,2020-07-18,241,85,85,110,110,False,False,False,ZERO_TRADE_ENDPOINT_REQUIRES_TRADING_DAY_SEMANTICS_ADJUDICATION,G_FEWER_THAN_126_VALID_RETURNS_ONLY,OBSERVED_FROM_IMMUTABLE_BUNDLE_NO_LIVE_TSETMC_QUERY,False
main_rule_a_primary,سخزر,1393,1394,fold1_train;fold2_train,2015-07-20,2015-07-19,RNG0041,True,False,0.0,0.0,0.0,4301.0,ADJUSTED_CLOSE_UNRESOLVED,2014-07-19,2014-07-20,RNG0041,True,True,6381600.0,1200.0,3.0,5538.0,OK,2013-06-19,2020-07-18,2013-06-19,2020-07-18,2013-06-19,2020-07-18,241,76,76,139,139,False,True,True,ZERO_TRADE_ENDPOINT_REQUIRES_TRADING_DAY_SEMANTICS_ADJUDICATION,,OBSERVED_FROM_IMMUTABLE_BUNDLE_NO_LIVE_TSETMC_QUERY,False
main_rule_a_primary,سدشت,1393,1394,fold1_train;fold2_train,2015-01-20,2015-01-19,RNG0043,True,False,0.0,0.0,0.0,2458.0,ADJUSTED_CLOSE_UNRESOLVED,2014-01-19,2014-01-20,RNG0043,True,False,0.0,0.0,0.0,2984.0,ADJUSTED_CLOSE_UNRESOLVED,2012-12-20,2020-01-19,2012-12-22,2020-01-19,2012-12-23,2020-01-19,242,119,119,87,87,False,False,False,ZERO_TRADE_ENDPOINT_REQUIRES_TRADING_DAY_SEMANTICS_ADJUDICATION,ZERO_TRADE_ENDPOINT_REQUIRES_TRADING_DAY_SEMANTICS_ADJUDICATION;G_FEWER_THAN_126_VALID_RETURNS_ONLY,OBSERVED_FROM_IMMUTABLE_BUNDLE_NO_LIVE_TSETMC_QUERY,False
main_rule_a_primary,سدور,1393,1394,fold1_train;fold2_train,2015-07-20,2015-07-19,RNG0044,True,False,0.0,0.0,0.0,8855.0,ADJUSTED_CLOSE_UNRESOLVED,2014-07-19,2014-07-20,RNG0044,True,False,0.0,0.0,0.0,16474.0,ADJUSTED_CLOSE_UNRESOLVED,2013-06-19,2020-07-18,2013-06-19,2020-07-18,2013-06-19,2020-07-18,241,107,107,105,105,False,False,False,ZERO_TRADE_ENDPOINT_REQUIRES_TRADING_DAY_SEMANTICS_ADJUDICATION,ZERO_TRADE_ENDPOINT_REQUIRES_TRADING_DAY_SEMANTICS_ADJUDICATION;G_FEWER_THAN_126_VALID_RETURNS_ONLY,OBSERVED_FROM_IMMUTABLE_BUNDLE_NO_LIVE_TSETMC_QUERY,False
main_rule_a_primary,سرود,1393,1394,fold1_train;fold2_train,2015-07-20,2015-07-19,RNG0045,True,False,0.0,0.0,0.0,3003.0,ADJUSTED_CLOSE_UNRESOLVED,2014-07-19,2014-07-20,RNG0045,True,True,152117212.0,30628.0,14.0,5076.0,OK,2013-06-19,2020-07-18,2013-06-19,2020-07-18,2013-06-19,2020-07-18,241,16,16,219,219,False,True,True,ZERO_TRADE_ENDPOINT_REQUIRES_TRADING_DAY_SEMANTICS_ADJUDICATION,,OBSERVED_FROM_IMMUTABLE_BUNDLE_NO_LIVE_TSETMC_QUERY,False
main_rule_a_primary,سشرق,1393,1394,fold1_train;fold2_train,2015-01-20,2015-01-19,RNG0046,True,True,3578093899.0,2916650.0,418.0,1227.0,OK,2014-01-19,2014-01-20,RNG0046,True,True,6233893900.0,1616653.0,304.0,3856.0,OK,2012-12-20,2020-01-19,2012-12-22,2020-01-19,2012-12-22,2020-01-19,242,26,26,212,212,True,True,True,,,OBSERVED_FROM_IMMUTABLE_BUNDLE_NO_LIVE_TSETMC_QUERY,False
main_rule_a_primary,سصفها,1393,1394,fold1_train;fold2_train,2015-07-20,2015-07-19,RNG0047,True,False,0.0,0.0,0.0,15222.0,ADJUSTED_CLOSE_UNRESOLVED,2014-07-19,2014-07-20,RNG0047,True,False,0.0,0.0,0.0,13726.0,ADJUSTED_CLOSE_UNRESOLVED,2014-06-19,2020-07-18,2014-06-21,2020-07-18,2014-06-21,2020-07-18,241,153,153,62,62,False,False,False,ZERO_TRADE_ENDPOINT_REQUIRES_TRADING_DAY_SEMANTICS_ADJUDICATION,ZERO_TRADE_ENDPOINT_REQUIRES_TRADING_DAY_SEMANTICS_ADJUDICATION;G_FEWER_THAN_126_VALID_RETURNS_ONLY,OBSERVED_FROM_IMMUTABLE_BUNDLE_NO_LIVE_TSETMC_QUERY,False
main_rule_a_primary,سغرب,1393,1394,fold1_train;fold2_train,2015-07-20,2015-07-19,RNG0048,True,False,0.0,0.0,0.0,3884.0,ADJUSTED_CLOSE_UNRESOLVED,2014-07-19,2014-07-20,RNG0048,True,True,1885750226.0,340413.0,143.0,5540.0,OK,2014-06-19,2020-07-18,2014-06-21,2020-07-18,2014-06-21,2020-07-18,241,8,8,229,229,False,True,True,ZERO_TRADE_ENDPOINT_REQUIRES_TRADING_DAY_SEMANTICS_ADJUDICATION,,OBSERVED_FROM_IMMUTABLE_BUNDLE_NO_LIVE_TSETMC_QUERY,False
main_rule_a_primary,سقاین,1393,1394,fold1_train;fold2_train,2015-07-20,2015-07-19,RNG0049,True,False,0.0,0.0,0.0,24941.0,ADJUSTED_CLOSE_UNRESOLVED,2014-07-19,2014-07-20,RNG0049,True,True,165810627.0,5958.0,16.0,27950.0,OK,2013-06-19,2020-07-18,2013-06-19,2020-07-18,2013-07-01,2020-07-18,241,92,92,118,118,False,False,False,ZERO_TRADE_ENDPOINT_REQUIRES_TRADING_DAY_SEMANTICS_ADJUDICATION,G_FEWER_THAN_126_VALID_RETURNS_ONLY,OBSERVED_FROM_IMMUTABLE_BUNDLE_NO_LIVE_TSETMC_QUERY,False
main_rule_a_primary,سمازن,1393,1394,fold1_train;fold2_train,2015-07-20,2015-07-19,RNG0050,True,False,0.0,0.0,0.0,14416.0,ADJUSTED_CLOSE_UNRESOLVED,2014-07-19,2014-07-20,RNG0050,True,False,0.0,0.0,0.0,20313.0,ADJUSTED_CLOSE_UNRESOLVED,2013-06-19,2020-04-17,2013-06-19,2020-04-15,2013-06-19,2020-04-14,241,153,153,50,50,False,False,False,ZERO_TRADE_ENDPOINT_REQUIRES_TRADING_DAY_SEMANTICS_ADJUDICATION,ZERO_TRADE_ENDPOINT_REQUIRES_TRADING_DAY_SEMANTICS_ADJUDICATION;G_FEWER_THAN_126_VALID_RETURNS_ONLY,OBSERVED_FROM_IMMUTABLE_BUNDLE_NO_LIVE_TSETMC_QUERY,False
main_rule_a_primary,سنیر,1393,1394,fold1_train;fold2_train,2015-07-20,2015-07-19,RNG0051,True,False,0.0,0.0,0.0,17672.0,ADJUSTED_CLOSE_UNRESOLVED,2014-07-19,2014-07-20,RNG0051,True,False,0.0,0.0,0.0,20406.0,ADJUSTED_CLOSE_UNRESOLVED,2014-06-19,2020-07-18,2014-06-21,2020-07-18,2014-06-25,2020-07-18,241,207,207,13,13,False,False,False,ZERO_TRADE_ENDPOINT_REQUIRES_TRADING_DAY_SEMANTICS_ADJUDICATION,ZERO_TRADE_ENDPOINT_REQUIRES_TRADING_DAY_SEMANTICS_ADJUDICATION;G_FEWER_THAN_126_VALID_RETURNS_ONLY,OBSERVED_FROM_IMMUTABLE_BUNDLE_NO_LIVE_TSETMC_QUERY,False
main_rule_a_primary,سهگمت,1393,1394,fold1_train;fold2_train,2015-05-20,2015-05-19,RNG0052,True,False,0.0,0.0,0.0,3403.0,ADJUSTED_CLOSE_UNRESOLVED,2014-05-19,2014-05-19,RNG0052,True,True,304773260.0,46793.0,17.0,6628.0,OK,2013-04-19,2020-05-18,2013-04-20,2020-05-18,2013-04-20,2020-05-18,242,31,31,199,199,False,True,True,ZERO_TRADE_ENDPOINT_REQUIRES_TRADING_DAY_SEMANTICS_ADJUDICATION,,OBSERVED_FROM_IMMUTABLE_BUNDLE_NO_LIVE_TSETMC_QUERY,False
main_rule_a_primary,سپاها,1393,1394,fold1_train;fold2_train,2015-01-20,2015-01-19,RNG0053,True,True,920904919.0,735462.0,92.0,1260.0,OK,2014-01-19,2014-01-20,RNG0053,True,True,3530895250.0,1283083.0,150.0,2752.0,OK,2012-12-20,2020-01-19,2012-12-22,2020-01-19,2012-12-22,2020-01-19,242,5,5,234,234,True,True,True,,,OBSERVED_FROM_IMMUTABLE_BUNDLE_NO_LIVE_TSETMC_QUERY,False
main_rule_a_primary,سکرد,1393,1394,fold1_train;fold2_train,2015-01-20,2015-01-19,RNG0054,True,True,15670000.0,5000.0,3.0,3261.0,OK,2014-01-19,2014-01-20,RNG0054,True,False,0.0,0.0,0.0,9096.0,ADJUSTED_CLOSE_UNRESOLVED,2012-12-20,2020-01-19,2012-12-22,2020-01-19,2012-12-22,2020-01-19,242,51,51,174,174,False,True,True,ZERO_TRADE_ENDPOINT_REQUIRES_TRADING_DAY_SEMANTICS_ADJUDICATION,,OBSERVED_FROM_IMMUTABLE_BUNDLE_NO_LIVE_TSETMC_QUERY,False
main_rule_a_primary,سیلام,1393,1394,fold1_train;fold2_train,2015-05-20,2015-05-19,RNG0055,True,False,0.0,0.0,0.0,6988.0,ADJUSTED_CLOSE_UNRESOLVED,2014-05-19,2014-05-19,RNG0055,True,False,0.0,0.0,0.0,8507.0,ADJUSTED_CLOSE_UNRESOLVED,2013-04-19,2020-05-18,2013-04-20,2020-05-18,2013-04-20,2020-05-18,242,108,108,91,91,False,False,False,ZERO_TRADE_ENDPOINT_REQUIRES_TRADING_DAY_SEMANTICS_ADJUDICATION,ZERO_TRADE_ENDPOINT_REQUIRES_TRADING_DAY_SEMANTICS_ADJUDICATION;G_FEWER_THAN_126_VALID_RETURNS_ONLY,OBSERVED_FROM_IMMUTABLE_BUNDLE_NO_LIVE_TSETMC_QUERY,False
main_rule_a_primary,شاراک,1393,1394,fold1_train;fold2_train,2015-07-20,2015-07-19,RNG0056,True,False,0.0,0.0,0.0,5614.0,ADJUSTED_CLOSE_UNRESOLVED,2014-07-19,2014-07-20,RNG0056,True,True,10880815181.0,1318531.0,333.0,8252.0,OK,2014-06-19,2020-07-18,2014-06-21,2020-07-18,2014-06-21,2020-07-18,241,5,5,233,233,False,True,True,ZERO_TRADE_ENDPOINT_REQUIRES_TRADING_DAY_SEMANTICS_ADJUDICATION,,OBSERVED_FROM_IMMUTABLE_BUNDLE_NO_LIVE_TSETMC_QUERY,False
main_rule_a_primary,شبریز,1393,1394,fold1_train;fold2_train,2015-07-20,2015-07-19,RNG0057,True,False,0.0,0.0,0.0,9373.0,ADJUSTED_CLOSE_UNRESOLVED,2014-07-19,2014-07-20,RNG0057,True,True,5422917985.0,280047.0,199.0,19402.0,OK,2014-06-19,2020-07-18,2014-06-21,2020-07-18,2014-06-21,2020-07-18,241,166,166,71,71,False,False,False,ZERO_TRADE_ENDPOINT_REQUIRES_TRADING_DAY_SEMANTICS_ADJUDICATION,G_FEWER_THAN_126_VALID_RETURNS_ONLY,OBSERVED_FROM_IMMUTABLE_BUNDLE_NO_LIVE_TSETMC_QUERY,False
main_rule_a_primary,شبندر,1393,1394,fold1_train;fold2_train,2015-07-20,2015-07-19,RNG0058,True,False,0.0,0.0,0.0,5817.0,ADJUSTED_CLOSE_UNRESOLVED,2014-07-19,2014-07-20,RNG0058,True,True,63198610553.0,5891774.0,1726.0,10727.0,OK,2014-06-19,2020-07-18,2014-06-21,2020-07-18,2014-06-21,2020-07-18,241,167,167,70,70,False,False,False,ZERO_TRADE_ENDPOINT_REQUIRES_TRADING_DAY_SEMANTICS_ADJUDICATION,G_FEWER_THAN_126_VALID_RETURNS_ONLY,OBSERVED_FROM_IMMUTABLE_BUNDLE_NO_LIVE_TSETMC_QUERY,False
main_rule_a_primary,شدوص,1393,1394,fold1_train;fold2_train,2015-07-20,2015-07-19,RNG0059,True,False,0.0,0.0,0.0,2498.0,ADJUSTED_CLOSE_UNRESOLVED,2014-07-19,2014-07-20,RNG0059,True,True,577214948.0,171530.0,66.0,3365.0,OK,2014-06-19,2020-07-18,2014-06-21,2020-07-18,2014-06-21,2020-07-18,241,15,15,219,219,False,True,True,ZERO_TRADE_ENDPOINT_REQUIRES_TRADING_DAY_SEMANTICS_ADJUDICATION,,OBSERVED_FROM_IMMUTABLE_BUNDLE_NO_LIVE_TSETMC_QUERY,False
main_rule_a_primary,شفارس,1393,1394,fold1_train;fold2_train,2015-07-20,2015-07-19,RNG0060,True,False,0.0,0.0,0.0,4968.0,ADJUSTED_CLOSE_UNRESOLVED,2014-07-19,2014-07-20,RNG0060,True,False,0.0,0.0,0.0,4682.0,ADJUSTED_CLOSE_UNRESOLVED,2014-06-19,2020-07-18,2014-06-21,2020-07-18,2014-06-21,2020-07-18,241,17,17,215,215,False,True,True,ZERO_TRADE_ENDPOINT_REQUIRES_TRADING_DAY_SEMANTICS_ADJUDICATION,ZERO_TRADE_ENDPOINT_REQUIRES_TRADING_DAY_SEMANTICS_ADJUDICATION,OBSERVED_FROM_IMMUTABLE_BUNDLE_NO_LIVE_TSETMC_QUERY,False
main_rule_a_primary,شلعاب,1393,1394,fold1_train;fold2_train,2015-07-20,2015-07-19,RNG0061,True,False,0.0,0.0,0.0,1926.0,ADJUSTED_CLOSE_UNRESOLVED,2014-07-19,2014-07-20,RNG0061,True,True,172289650.0,54366.0,19.0,3169.0,OK,2014-06-19,2020-07-18,2014-06-21,2020-07-18,2014-06-21,2020-07-18,241,28,28,205,205,False,True,True,ZERO_TRADE_ENDPOINT_REQUIRES_TRADING_DAY_SEMANTICS_ADJUDICATION,,OBSERVED_FROM_IMMUTABLE_BUNDLE_NO_LIVE_TSETMC_QUERY,False
main_rule_a_primary,شپارس,1393,1394,fold1_train;fold2_train,2015-01-20,2015-01-19,RNG0062,True,False,0.0,0.0,0.0,5436.0,ADJUSTED_CLOSE_UNRESOLVED,2014-01-19,2014-01-20,RNG0062,True,True,2479870280.0,217575.0,55.0,11398.0,OK,2013-12-20,2020-01-19,2013-12-21,2020-01-19,2013-12-21,2020-01-19,242,114,114,118,118,False,False,False,ZERO_TRADE_ENDPOINT_REQUIRES_TRADING_DAY_SEMANTICS_ADJUDICATION,G_FEWER_THAN_126_VALID_RETURNS_ONLY,OBSERVED_FROM_IMMUTABLE_BUNDLE_NO_LIVE_TSETMC_QUERY,False
main_rule_a_primary,شپنا,1393,1394,fold1_train;fold2_train,2015-07-20,2015-07-19,RNG0063,True,False,0.0,0.0,0.0,6252.0,ADJUSTED_CLOSE_UNRESOLVED,2014-07-19,2014-07-20,RNG0063,True,False,0.0,0.0,0.0,11251.0,ADJUSTED_CLOSE_UNRESOLVED,2014-06-19,2020-07-18,2014-06-21,2020-07-18,2015-03-17,2020-07-15,241,167,167,71,71,False,False,False,ZERO_TRADE_ENDPOINT_REQUIRES_TRADING_DAY_SEMANTICS_ADJUDICATION,ZERO_TRADE_ENDPOINT_REQUIRES_TRADING_DAY_SEMANTICS_ADJUDICATION;G_FEWER_THAN_126_VALID_RETURNS_ONLY,OBSERVED_FROM_IMMUTABLE_BUNDLE_NO_LIVE_TSETMC_QUERY,False
main_rule_a_primary,شکربن,1393,1394,fold1_train;fold2_train,2015-07-20,2015-07-19,RNG0064,True,False,0.0,0.0,0.0,3117.0,ADJUSTED_CLOSE_UNRESOLVED,2014-07-19,2014-07-20,RNG0064,True,False,0.0,0.0,0.0,2908.0,ADJUSTED_CLOSE_UNRESOLVED,2014-06-19,2020-07-18,2014-06-21,2020-07-18,2014-06-21,2020-07-18,241,11,11,226,226,False,True,True,ZERO_TRADE_ENDPOINT_REQUIRES_TRADING_DAY_SEMANTICS_ADJUDICATION,ZERO_TRADE_ENDPOINT_REQUIRES_TRADING_DAY_SEMANTICS_ADJUDICATION,OBSERVED_FROM_IMMUTABLE_BUNDLE_NO_LIVE_TSETMC_QUERY,False
main_rule_a_primary,شکلر,1393,1394,fold1_train;fold2_train,2015-01-20,2015-01-19,RNG0065,True,True,1406275758.0,313744.0,145.0,4482.0,OK,2014-01-19,2014-01-20,RNG0065,True,True,546468270.0,55622.0,34.0,9939.0,OK,2013-12-20,2019-12-20,2013-12-21,2019-12-18,2013-12-21,2019-12-18,242,28,28,206,206,True,True,True,,,OBSERVED_FROM_IMMUTABLE_BUNDLE_NO_LIVE_TSETMC_QUERY,False
main_rule_a_primary,شیران,1393,1394,fold1_train;fold2_train,2015-04-19,2015-04-18,RNG0067,True,True,990576463.0,152792.0,42.0,6542.0,OK,2014-04-18,2014-04-19,RNG0067,True,True,381172470.0,17493.0,10.0,22671.0,OK,2014-03-19,2020-04-17,2014-03-19,2020-04-15,2014-03-19,2020-04-15,242,12,12,227,227,True,True,True,,,OBSERVED_FROM_IMMUTABLE_BUNDLE_NO_LIVE_TSETMC_QUERY,False
main_rule_a_primary,غبهنوش,1393,1394,fold1_train;fold2_train,2015-07-20,2015-07-19,RNG0068,True,False,0.0,0.0,0.0,4233.0,ADJUSTED_CLOSE_UNRESOLVED,2014-07-19,2014-07-20,RNG0068,True,False,0.0,0.0,0.0,10497.0,ADJUSTED_CLOSE_UNRESOLVED,2013-06-19,2020-07-18,2013-06-19,2020-07-18,2013-06-19,2020-07-18,241,28,28,204,204,False,True,True,ZERO_TRADE_ENDPOINT_REQUIRES_TRADING_DAY_SEMANTICS_ADJUDICATION,ZERO_TRADE_ENDPOINT_REQUIRES_TRADING_DAY_SEMANTICS_ADJUDICATION,OBSERVED_FROM_IMMUTABLE_BUNDLE_NO_LIVE_TSETMC_QUERY,False
main_rule_a_primary,غدام,1393,1394,fold1_train;fold2_train,2015-04-19,2015-04-18,RNG0069,True,True,369333192.0,38586.0,30.0,9632.0,OK,2014-04-18,2014-04-19,RNG0069,True,False,0.0,0.0,0.0,13153.0,ADJUSTED_CLOSE_UNRESOLVED,2013-03-19,2020-04-17,2013-03-25,2020-04-15,2013-03-26,2020-04-15,242,109,109,107,107,False,False,False,ZERO_TRADE_ENDPOINT_REQUIRES_TRADING_DAY_SEMANTICS_ADJUDICATION,G_FEWER_THAN_126_VALID_RETURNS_ONLY,OBSERVED_FROM_IMMUTABLE_BUNDLE_NO_LIVE_TSETMC_QUERY,False
main_rule_a_primary,غسالم,1393,1394,fold1_train;fold2_train,2015-07-20,2015-07-19,RNG0070,True,False,0.0,0.0,0.0,2039.0,ADJUSTED_CLOSE_UNRESOLVED,2014-07-19,2014-07-20,RNG0070,True,False,0.0,0.0,0.0,2833.0,ADJUSTED_CLOSE_UNRESOLVED,2013-06-19,2020-07-18,2013-06-19,2020-07-18,2013-06-19,2020-07-18,241,111,111,97,97,False,False,False,ZERO_TRADE_ENDPOINT_REQUIRES_TRADING_DAY_SEMANTICS_ADJUDICATION,ZERO_TRADE_ENDPOINT_REQUIRES_TRADING_DAY_SEMANTICS_ADJUDICATION;G_FEWER_THAN_126_VALID_RETURNS_ONLY,OBSERVED_FROM_IMMUTABLE_BUNDLE_NO_LIVE_TSETMC_QUERY,False
main_rule_a_primary,غشان,1393,1394,fold1_train;fold2_train,2015-07-20,2015-07-19,RNG0071,True,False,0.0,0.0,0.0,5164.0,ADJUSTED_CLOSE_UNRESOLVED,2014-07-19,2014-07-20,RNG0071,True,True,204913920.0,35362.0,27.0,5761.0,OK,2013-06-19,2020-07-18,2013-06-19,2020-07-18,2013-06-19,2020-07-18,241,47,47,187,187,False,True,True,ZERO_TRADE_ENDPOINT_REQUIRES_TRADING_DAY_SEMANTICS_ADJUDICATION,,OBSERVED_FROM_IMMUTABLE_BUNDLE_NO_LIVE_TSETMC_QUERY,False
main_rule_a_primary,غشهد,1393,1394,fold1_train;fold2_train,2015-07-20,2015-07-19,RNG0072,True,False,0.0,0.0,0.0,2115.0,ADJUSTED_CLOSE_UNRESOLVED,2014-07-19,2014-07-20,RNG0072,True,False,0.0,0.0,0.0,2337.0,ADJUSTED_CLOSE_UNRESOLVED,2013-06-19,2020-07-18,2013-06-19,2020-07-18,2013-06-23,2020-07-18,241,62,62,154,154,False,True,True,ZERO_TRADE_ENDPOINT_REQUIRES_TRADING_DAY_SEMANTICS_ADJUDICATION,ZERO_TRADE_ENDPOINT_REQUIRES_TRADING_DAY_SEMANTICS_ADJUDICATION,OBSERVED_FROM_IMMUTABLE_BUNDLE_NO_LIVE_TSETMC_QUERY,False
main_rule_a_primary,غنوش,1393,1394,fold1_train;fold2_train,2015-07-20,2015-07-19,RNG0073,True,False,0.0,0.0,0.0,4069.0,ADJUSTED_CLOSE_UNRESOLVED,2014-07-19,2014-07-20,RNG0073,True,False,0.0,0.0,0.0,3764.0,ADJUSTED_CLOSE_UNRESOLVED,2013-06-19,2020-07-18,2013-06-19,2020-07-18,2013-07-06,2020-07-18,241,190,190,13,13,False,False,False,ZERO_TRADE_ENDPOINT_REQUIRES_TRADING_DAY_SEMANTICS_ADJUDICATION,ZERO_TRADE_ENDPOINT_REQUIRES_TRADING_DAY_SEMANTICS_ADJUDICATION;G_FEWER_THAN_126_VALID_RETURNS_ONLY,OBSERVED_FROM_IMMUTABLE_BUNDLE_NO_LIVE_TSETMC_QUERY,False
main_rule_a_primary,غگل,1393,1394,fold1_train;fold2_train,2015-01-20,2015-01-19,RNG0074,True,False,0.0,0.0,0.0,19755.0,ADJUSTED_CLOSE_UNRESOLVED,2014-01-19,2014-01-20,RNG0074,True,False,0.0,0.0,0.0,37442.0,ADJUSTED_CLOSE_UNRESOLVED,2012-12-20,2020-01-19,2012-12-22,2020-01-19,2012-12-23,2020-01-15,242,182,182,21,21,False,False,False,ZERO_TRADE_ENDPOINT_REQUIRES_TRADING_DAY_SEMANTICS_ADJUDICATION,ZERO_TRADE_ENDPOINT_REQUIRES_TRADING_DAY_SEMANTICS_ADJUDICATION;G_FEWER_THAN_126_VALID_RETURNS_ONLY,OBSERVED_FROM_IMMUTABLE_BUNDLE_NO_LIVE_TSETMC_QUERY,False
main_rule_a_primary,فاذر,1393,1394,fold1_train;fold2_train,2015-07-20,2015-07-19,RNG0075,True,False,0.0,0.0,0.0,2967.0,ADJUSTED_CLOSE_UNRESOLVED,2014-07-19,2014-07-20,RNG0075,True,True,7615221493.0,3519358.0,465.0,2164.0,OK,2014-06-19,2020-07-18,2014-06-21,2020-07-18,2014-06-30,2020-07-12,241,12,12,224,224,False,True,True,ZERO_TRADE_ENDPOINT_REQUIRES_TRADING_DAY_SEMANTICS_ADJUDICATION,,OBSERVED_FROM_IMMUTABLE_BUNDLE_NO_LIVE_TSETMC_QUERY,False
main_rule_a_primary,فایرا,1393,1394,fold1_train;fold2_train,2015-07-20,2015-07-19,RNG0076,True,False,0.0,0.0,0.0,5662.0,ADJUSTED_CLOSE_UNRESOLVED,2014-07-19,2014-07-20,RNG0076,True,False,0.0,0.0,0.0,4809.0,ADJUSTED_CLOSE_UNRESOLVED,2014-06-19,2020-07-18,2014-06-21,2020-07-18,2014-08-03,2020-07-18,241,48,48,187,187,False,True,True,ZERO_TRADE_ENDPOINT_REQUIRES_TRADING_DAY_SEMANTICS_ADJUDICATION,ZERO_TRADE_ENDPOINT_REQUIRES_TRADING_DAY_SEMANTICS_ADJUDICATION,OBSERVED_FROM_IMMUTABLE_BUNDLE_NO_LIVE_TSETMC_QUERY,False
main_rule_a_primary,فباهنر,1393,1394,fold1_train;fold2_train,2015-07-20,2015-07-19,RNG0077,True,False,0.0,0.0,0.0,1421.0,ADJUSTED_CLOSE_UNRESOLVED,2014-07-19,2014-07-20,RNG0077,True,True,2184376867.0,1050595.0,150.0,2079.0,OK,2014-06-19,2020-07-18,2014-06-21,2020-07-18,2014-06-24,2020-07-18,241,19,19,219,219,False,True,True,ZERO_TRADE_ENDPOINT_REQUIRES_TRADING_DAY_SEMANTICS_ADJUDICATION,,OBSERVED_FROM_IMMUTABLE_BUNDLE_NO_LIVE_TSETMC_QUERY,False
main_rule_a_primary,فجام,1393,1394,fold1_train;fold2_train,2015-07-20,2015-07-19,RNG0078,True,False,0.0,0.0,0.0,11760.0,ADJUSTED_CLOSE_UNRESOLVED,2014-07-19,2014-07-20,RNG0078,True,False,0.0,0.0,0.0,12368.0,ADJUSTED_CLOSE_UNRESOLVED,2014-06-19,2020-07-18,2014-06-21,2020-07-18,2014-06-21,2020-07-14,241,47,47,169,169,False,True,True,ZERO_TRADE_ENDPOINT_REQUIRES_TRADING_DAY_SEMANTICS_ADJUDICATION,ZERO_TRADE_ENDPOINT_REQUIRES_TRADING_DAY_SEMANTICS_ADJUDICATION,OBSERVED_FROM_IMMUTABLE_BUNDLE_NO_LIVE_TSETMC_QUERY,False
main_rule_a_primary,فجر,1393,1394,fold1_train;fold2_train,2015-07-20,2015-07-19,RNG0079,True,False,0.0,0.0,0.0,11140.0,ADJUSTED_CLOSE_UNRESOLVED,2014-07-19,2014-07-20,RNG0079,True,True,278819904.0,21776.0,11.0,13303.0,OK,2014-06-19,2020-07-18,2014-06-21,2020-07-18,2014-06-23,2020-07-18,241,162,162,44,44,False,False,False,ZERO_TRADE_ENDPOINT_REQUIRES_TRADING_DAY_SEMANTICS_ADJUDICATION,G_FEWER_THAN_126_VALID_RETURNS_ONLY,OBSERVED_FROM_IMMUTABLE_BUNDLE_NO_LIVE_TSETMC_QUERY,False
main_rule_a_primary,فخوز,1393,1394,fold1_train;fold2_train,2015-07-20,2015-07-19,RNG0080,True,False,0.0,0.0,0.0,3420.0,ADJUSTED_CLOSE_UNRESOLVED,2014-07-19,2014-07-20,RNG0080,True,True,1591218730.0,211839.0,82.0,7691.0,OK,2014-06-19,2020-07-18,2014-06-21,2020-07-18,2014-06-21,2020-07-18,241,30,30,207,207,False,True,True,ZERO_TRADE_ENDPOINT_REQUIRES_TRADING_DAY_SEMANTICS_ADJUDICATION,,OBSERVED_FROM_IMMUTABLE_BUNDLE_NO_LIVE_TSETMC_QUERY,False
main_rule_a_primary,فرآور,1393,1394,fold1_train;fold2_train,2015-07-20,2015-07-19,RNG0081,True,False,0.0,0.0,0.0,2447.0,ADJUSTED_CLOSE_UNRESOLVED,2014-07-19,2014-07-20,RNG0081,True,True,934536270.0,149024.0,97.0,6271.0,OK,2014-06-19,2020-07-18,2014-06-21,2020-07-18,2014-06-21,2020-07-18,241,8,8,229,229,False,True,True,ZERO_TRADE_ENDPOINT_REQUIRES_TRADING_DAY_SEMANTICS_ADJUDICATION,,OBSERVED_FROM_IMMUTABLE_BUNDLE_NO_LIVE_TSETMC_QUERY,False
main_rule_a_primary,فسرب,1393,1394,fold1_train;fold2_train,2015-07-20,2015-07-19,RNG0082,True,False,0.0,0.0,0.0,1160.0,ADJUSTED_CLOSE_UNRESOLVED,2014-07-19,2014-07-20,RNG0082,True,True,263043075.0,139468.0,50.0,1888.0,OK,2014-06-19,2020-07-18,2014-06-21,2020-07-18,2014-06-21,2020-07-18,241,29,29,206,206,False,True,True,ZERO_TRADE_ENDPOINT_REQUIRES_TRADING_DAY_SEMANTICS_ADJUDICATION,,OBSERVED_FROM_IMMUTABLE_BUNDLE_NO_LIVE_TSETMC_QUERY,False
main_rule_a_primary,فسپا,1393,1394,fold1_train;fold2_train,2015-07-20,2015-07-19,RNG0083,True,False,0.0,0.0,0.0,4713.0,ADJUSTED_CLOSE_UNRESOLVED,2014-07-19,2014-07-20,RNG0083,True,True,50734080.0,8640.0,2.0,5652.0,OK,2014-06-19,2020-07-18,2014-06-21,2020-07-18,2014-06-21,2020-07-18,241,180,180,34,34,False,False,False,ZERO_TRADE_ENDPOINT_REQUIRES_TRADING_DAY_SEMANTICS_ADJUDICATION,G_FEWER_THAN_126_VALID_RETURNS_ONLY,OBSERVED_FROM_IMMUTABLE_BUNDLE_NO_LIVE_TSETMC_QUERY,False
main_rule_a_primary,فمراد,1393,1394,fold1_train;fold2_train,2015-07-20,2015-07-19,RNG0084,True,False,0.0,0.0,0.0,2298.0,ADJUSTED_CLOSE_UNRESOLVED,2014-07-19,2014-07-20,RNG0084,True,False,0.0,0.0,0.0,8680.0,ADJUSTED_CLOSE_UNRESOLVED,2014-06-19,2020-07-18,2014-06-21,2020-07-18,2014-11-01,2020-07-18,241,153,153,75,75,False,False,False,ZERO_TRADE_ENDPOINT_REQUIRES_TRADING_DAY_SEMANTICS_ADJUDICATION,ZERO_TRADE_ENDPOINT_REQUIRES_TRADING_DAY_SEMANTICS_ADJUDICATION;G_FEWER_THAN_126_VALID_RETURNS_ONLY,OBSERVED_FROM_IMMUTABLE_BUNDLE_NO_LIVE_TSETMC_QUERY,False
main_rule_a_primary,فملی,1393,1394,fold1_train;fold2_train,2015-07-20,2015-07-19,RNG0085,True,False,0.0,0.0,0.0,1837.0,ADJUSTED_CLOSE_UNRESOLVED,2014-07-19,2014-07-20,RNG0085,True,True,24360876144.0,9385608.0,921.0,2587.0,OK,2014-06-19,2020-07-18,2014-06-21,2020-07-18,2014-06-21,2020-07-18,241,27,27,210,210,False,True,True,ZERO_TRADE_ENDPOINT_REQUIRES_TRADING_DAY_SEMANTICS_ADJUDICATION,,OBSERVED_FROM_IMMUTABLE_BUNDLE_NO_LIVE_TSETMC_QUERY,False
main_rule_a_primary,فنورد,1393,1394,fold1_train;fold2_train,2015-07-20,2015-07-19,RNG0086,True,False,0.0,0.0,0.0,3924.0,ADJUSTED_CLOSE_UNRESOLVED,2014-07-19,2014-07-20,RNG0086,True,False,0.0,0.0,0.0,7438.0,ADJUSTED_CLOSE_UNRESOLVED,2014-06-19,2020-07-18,2014-06-21,2020-07-18,2014-06-21,2020-07-18,241,99,99,100,100,False,False,False,ZERO_TRADE_ENDPOINT_REQUIRES_TRADING_DAY_SEMANTICS_ADJUDICATION,ZERO_TRADE_ENDPOINT_REQUIRES_TRADING_DAY_SEMANTICS_ADJUDICATION;G_FEWER_THAN_126_VALID_RETURNS_ONLY,OBSERVED_FROM_IMMUTABLE_BUNDLE_NO_LIVE_TSETMC_QUERY,False
main_rule_a_primary,فولاژ,1393,1394,fold1_train;fold2_train,2015-07-20,2015-07-19,RNG0087,True,False,0.0,0.0,0.0,1606.0,ADJUSTED_CLOSE_UNRESOLVED,2014-07-19,2014-07-20,RNG0087,True,True,1701076336.0,599635.0,86.0,2800.0,OK,2014-06-19,2020-07-18,2014-06-21,2020-07-18,2014-06-21,2020-07-15,241,12,12,225,225,False,True,True,ZERO_TRADE_ENDPOINT_REQUIRES_TRADING_DAY_SEMANTICS_ADJUDICATION,,OBSERVED_FROM_IMMUTABLE_BUNDLE_NO_LIVE_TSETMC_QUERY,False
main_rule_a_primary,فپنتا,1393,1394,fold1_train;fold2_train,2015-07-20,2015-07-19,RNG0088,True,False,0.0,0.0,0.0,11496.0,ADJUSTED_CLOSE_UNRESOLVED,2014-07-19,2014-07-20,RNG0088,True,False,0.0,0.0,0.0,9893.0,ADJUSTED_CLOSE_UNRESOLVED,2014-06-19,2020-07-18,2014-06-21,2020-07-18,2014-06-21,2020-07-14,241,79,79,122,122,False,False,False,ZERO_TRADE_ENDPOINT_REQUIRES_TRADING_DAY_SEMANTICS_ADJUDICATION,ZERO_TRADE_ENDPOINT_REQUIRES_TRADING_DAY_SEMANTICS_ADJUDICATION;G_FEWER_THAN_126_VALID_RETURNS_ONLY,OBSERVED_FROM_IMMUTABLE_BUNDLE_NO_LIVE_TSETMC_QUERY,False
main_rule_a_primary,لابسا,1393,1394,fold1_train;fold2_train,2015-07-20,2015-07-19,RNG0089,True,False,0.0,0.0,0.0,2381.0,ADJUSTED_CLOSE_UNRESOLVED,2014-07-19,2014-07-20,RNG0089,True,True,2484118319.0,576361.0,125.0,4310.0,OK,2014-06-19,2020-07-18,2014-06-21,2020-07-18,2014-06-21,2020-07-18,241,31,31,207,207,False,True,True,ZERO_TRADE_ENDPOINT_REQUIRES_TRADING_DAY_SEMANTICS_ADJUDICATION,,OBSERVED_FROM_IMMUTABLE_BUNDLE_NO_LIVE_TSETMC_QUERY,False
main_rule_a_primary,لبوتان,1393,1394,fold1_train;fold2_train,2015-07-20,2015-07-19,RNG0090,True,False,0.0,0.0,0.0,2676.0,ADJUSTED_CLOSE_UNRESOLVED,2014-07-19,2014-07-20,RNG0090,True,False,0.0,0.0,0.0,2344.0,ADJUSTED_CLOSE_UNRESOLVED,2014-06-19,2020-07-18,2014-06-21,2020-07-18,2014-07-02,2020-07-18,241,74,74,142,142,False,True,True,ZERO_TRADE_ENDPOINT_REQUIRES_TRADING_DAY_SEMANTICS_ADJUDICATION,ZERO_TRADE_ENDPOINT_REQUIRES_TRADING_DAY_SEMANTICS_ADJUDICATION,OBSERVED_FROM_IMMUTABLE_BUNDLE_NO_LIVE_TSETMC_QUERY,False
main_rule_a_primary,لخزر,1393,1394,fold1_train;fold2_train,2015-07-20,2015-07-19,RNG0091,True,False,0.0,0.0,0.0,6305.0,ADJUSTED_CLOSE_UNRESOLVED,2014-07-19,2014-07-20,RNG0091,True,False,0.0,0.0,0.0,11128.0,ADJUSTED_CLOSE_UNRESOLVED,2014-06-19,2020-07-18,2014-06-21,2020-07-18,2014-06-21,2020-07-18,241,44,44,178,178,False,True,True,ZERO_TRADE_ENDPOINT_REQUIRES_TRADING_DAY_SEMANTICS_ADJUDICATION,ZERO_TRADE_ENDPOINT_REQUIRES_TRADING_DAY_SEMANTICS_ADJUDICATION,OBSERVED_FROM_IMMUTABLE_BUNDLE_NO_LIVE_TSETMC_QUERY,False
main_rule_a_primary,لسرما,1393,1394,fold1_train;fold2_train,2015-07-20,2015-07-19,RNG0092,True,False,0.0,0.0,0.0,2084.0,ADJUSTED_CLOSE_UNRESOLVED,2014-07-19,2014-07-20,RNG0092,True,False,0.0,0.0,0.0,2515.0,ADJUSTED_CLOSE_UNRESOLVED,2014-06-19,2020-07-18,2014-06-21,2020-07-18,2014-07-08,2020-07-18,241,27,27,209,209,False,True,True,ZERO_TRADE_ENDPOINT_REQUIRES_TRADING_DAY_SEMANTICS_ADJUDICATION,ZERO_TRADE_ENDPOINT_REQUIRES_TRADING_DAY_SEMANTICS_ADJUDICATION,OBSERVED_FROM_IMMUTABLE_BUNDLE_NO_LIVE_TSETMC_QUERY,False
main_rule_a_primary,پدرخش,1393,1394,fold1_train;fold2_train,2015-07-20,2015-07-19,RNG0097,True,False,0.0,0.0,0.0,2816.0,ADJUSTED_CLOSE_UNRESOLVED,2014-07-19,2014-07-20,RNG0097,True,True,97394340.0,32404.0,10.0,3006.0,OK,2014-06-19,2020-07-18,2014-06-21,2020-07-18,2014-06-30,2020-07-18,241,73,73,148,148,False,True,True,ZERO_TRADE_ENDPOINT_REQUIRES_TRADING_DAY_SEMANTICS_ADJUDICATION,,OBSERVED_FROM_IMMUTABLE_BUNDLE_NO_LIVE_TSETMC_QUERY,False
main_rule_a_primary,پسهند,1393,1394,fold1_train;fold2_train,2015-07-20,2015-07-19,RNG0099,True,False,0.0,0.0,0.0,5200.0,ADJUSTED_CLOSE_UNRESOLVED,2014-07-19,2014-07-20,RNG0099,True,True,1154867286.0,149717.0,38.0,7714.0,OK,2014-06-19,2020-07-18,2014-06-21,2020-07-18,2014-06-21,2020-07-18,241,20,20,216,216,False,True,True,ZERO_TRADE_ENDPOINT_REQUIRES_TRADING_DAY_SEMANTICS_ADJUDICATION,,OBSERVED_FROM_IMMUTABLE_BUNDLE_NO_LIVE_TSETMC_QUERY,False
main_rule_a_primary,پلاسک,1393,1394,fold1_train;fold2_train,2015-07-20,2015-07-19,RNG0100,True,False,0.0,0.0,0.0,1320.0,ADJUSTED_CLOSE_UNRESOLVED,2014-07-19,2014-07-20,RNG0100,True,True,3038806426.0,2532992.0,234.0,1200.0,OK,2014-06-19,2020-07-18,2014-06-21,2020-07-18,2014-06-21,2020-07-18,241,20,20,215,215,False,True,True,ZERO_TRADE_ENDPOINT_REQUIRES_TRADING_DAY_SEMANTICS_ADJUDICATION,,OBSERVED_FROM_IMMUTABLE_BUNDLE_NO_LIVE_TSETMC_QUERY,False
main_rule_a_primary,چافست,1393,1394,fold1_train;fold2_train,2015-01-20,2015-01-19,RNG0101,True,True,496104282.0,43851.0,45.0,11313.0,OK,2014-01-19,2014-01-20,RNG0101,True,False,0.0,0.0,0.0,12344.0,ADJUSTED_CLOSE_UNRESOLVED,2013-12-20,2020-01-19,2013-12-21,2020-01-19,2013-12-28,2020-01-15,242,84,84,137,137,False,True,True,ZERO_TRADE_ENDPOINT_REQUIRES_TRADING_DAY_SEMANTICS_ADJUDICATION,,OBSERVED_FROM_IMMUTABLE_BUNDLE_NO_LIVE_TSETMC_QUERY,False
main_rule_a_primary,چکارن,1393,1394,fold1_train;fold2_train,2015-07-20,2015-07-19,RNG0102,True,False,0.0,0.0,0.0,2540.0,ADJUSTED_CLOSE_UNRESOLVED,2014-07-19,2014-07-20,RNG0102,True,True,1886850117.0,476040.0,126.0,3964.0,OK,2014-06-19,2020-07-18,2014-06-21,2020-07-18,2014-06-21,2020-07-18,241,32,32,204,204,False,True,True,ZERO_TRADE_ENDPOINT_REQUIRES_TRADING_DAY_SEMANTICS_ADJUDICATION,,OBSERVED_FROM_IMMUTABLE_BUNDLE_NO_LIVE_TSETMC_QUERY,False
main_rule_a_primary,کبافق,1393,1394,fold1_train;fold2_train,2015-07-20,2015-07-19,RNG0104,True,False,0.0,0.0,0.0,2963.0,ADJUSTED_CLOSE_UNRESOLVED,2014-07-19,2014-07-20,RNG0104,True,False,0.0,0.0,0.0,20544.0,ADJUSTED_CLOSE_UNRESOLVED,2013-06-19,2020-07-18,2013-06-19,2020-07-18,2013-06-19,2020-07-18,241,9,9,230,230,False,True,True,ZERO_TRADE_ENDPOINT_REQUIRES_TRADING_DAY_SEMANTICS_ADJUDICATION,ZERO_TRADE_ENDPOINT_REQUIRES_TRADING_DAY_SEMANTICS_ADJUDICATION,OBSERVED_FROM_IMMUTABLE_BUNDLE_NO_LIVE_TSETMC_QUERY,False
main_rule_a_primary,کرازی,1393,1394,fold1_train;fold2_train,2015-07-20,2015-07-19,RNG0105,True,False,0.0,0.0,0.0,8099.0,ADJUSTED_CLOSE_UNRESOLVED,2014-07-19,2014-07-20,RNG0105,True,True,34646750.0,14916.0,11.0,2309.0,OK,2013-06-19,2020-07-18,2013-06-19,2020-07-18,2013-06-19,2020-07-18,241,28,28,200,200,False,True,True,ZERO_TRADE_ENDPOINT_REQUIRES_TRADING_DAY_SEMANTICS_ADJUDICATION,,OBSERVED_FROM_IMMUTABLE_BUNDLE_NO_LIVE_TSETMC_QUERY,False
main_rule_a_primary,کفرا,1393,1394,fold1_train;fold2_train,2015-07-20,2015-07-19,RNG0106,True,False,0.0,0.0,0.0,8793.0,ADJUSTED_CLOSE_UNRESOLVED,2014-07-19,2014-07-20,RNG0106,True,False,0.0,0.0,0.0,16685.0,ADJUSTED_CLOSE_UNRESOLVED,2013-06-19,2020-07-18,2013-06-19,2020-07-18,2013-07-06,2020-07-18,241,15,15,222,222,False,True,True,ZERO_TRADE_ENDPOINT_REQUIRES_TRADING_DAY_SEMANTICS_ADJUDICATION,ZERO_TRADE_ENDPOINT_REQUIRES_TRADING_DAY_SEMANTICS_ADJUDICATION,OBSERVED_FROM_IMMUTABLE_BUNDLE_NO_LIVE_TSETMC_QUERY,False
main_rule_a_primary,کفپارس,1393,1394,fold1_train;fold2_train,2015-04-19,2015-04-18,RNG0107,True,False,0.0,0.0,0.0,4503.0,ADJUSTED_CLOSE_UNRESOLVED,2014-04-18,2014-04-19,RNG0107,True,False,0.0,0.0,0.0,3558.0,ADJUSTED_CLOSE_UNRESOLVED,2013-03-19,2020-04-17,2013-03-25,2020-04-15,2013-05-20,2020-04-15,242,184,184,57,57,False,False,False,ZERO_TRADE_ENDPOINT_REQUIRES_TRADING_DAY_SEMANTICS_ADJUDICATION,ZERO_TRADE_ENDPOINT_REQUIRES_TRADING_DAY_SEMANTICS_ADJUDICATION;G_FEWER_THAN_126_VALID_RETURNS_ONLY,OBSERVED_FROM_IMMUTABLE_BUNDLE_NO_LIVE_TSETMC_QUERY,False
main_rule_a_primary,کهمدا,1393,1394,fold1_train;fold2_train,2014-10-22,2014-10-21,RNG0108,True,True,10452007017.0,1382368.0,151.0,7561.0,OK,2013-10-21,2013-10-21,RNG0108,True,True,994082385.0,180476.0,77.0,5508.0,OK,2012-09-21,2019-10-21,2012-09-22,2019-10-21,2012-09-22,2019-10-21,244,11,11,229,229,True,True,True,,,OBSERVED_FROM_IMMUTABLE_BUNDLE_NO_LIVE_TSETMC_QUERY,False
main_rule_a_primary,کگاز,1393,1394,fold1_train;fold2_train,2015-07-20,2015-07-19,RNG0110,True,False,0.0,0.0,0.0,3717.0,ADJUSTED_CLOSE_UNRESOLVED,2014-07-19,2014-07-20,RNG0110,True,False,0.0,0.0,0.0,4746.0,ADJUSTED_CLOSE_UNRESOLVED,2013-06-19,2020-07-18,2013-06-19,2020-07-18,2013-06-19,2020-07-18,241,16,16,220,220,False,True,True,ZERO_TRADE_ENDPOINT_REQUIRES_TRADING_DAY_SEMANTICS_ADJUDICATION,ZERO_TRADE_ENDPOINT_REQUIRES_TRADING_DAY_SEMANTICS_ADJUDICATION,OBSERVED_FROM_IMMUTABLE_BUNDLE_NO_LIVE_TSETMC_QUERY,False
main_rule_a_primary,کگل,1393,1394,fold1_train;fold2_train,2015-07-20,2015-07-19,RNG0111,True,False,0.0,0.0,0.0,3041.0,ADJUSTED_CLOSE_UNRESOLVED,2014-07-19,2014-07-20,RNG0111,True,True,8725472072.0,1603701.0,283.0,5417.0,OK,2013-06-19,2020-07-18,2013-06-19,2020-07-18,2013-06-19,2020-07-18,241,21,21,218,218,False,True,True,ZERO_TRADE_ENDPOINT_REQUIRES_TRADING_DAY_SEMANTICS_ADJUDICATION,,OBSERVED_FROM_IMMUTABLE_BUNDLE_NO_LIVE_TSETMC_QUERY,False
main_rule_a_primary,بالبر,1394,1395,fold1_train;fold2_train,2016-01-20,2016-01-19,RNG0001,True,True,465563701.0,206373.0,52.0,2251.0,OK,2015-01-19,2015-01-19,RNG0001,True,False,0.0,0.0,0.0,3082.0,ADJUSTED_CLOSE_UNRESOLVED,2013-12-20,2020-01-19,2013-12-21,2020-01-19,2014-01-27,2020-01-19,246,136,136,81,81,False,False,False,ZERO_TRADE_ENDPOINT_REQUIRES_TRADING_DAY_SEMANTICS_ADJUDICATION,G_FEWER_THAN_126_VALID_RETURNS_ONLY,OBSERVED_FROM_IMMUTABLE_BUNDLE_NO_LIVE_TSETMC_QUERY,False
main_rule_a_primary,بترانس,1394,1395,fold1_train;fold2_train,2016-07-19,2016-07-18,RNG0002,True,False,0.0,0.0,0.0,14935.0,ADJUSTED_CLOSE_UNRESOLVED,2015-07-18,2015-07-19,RNG0002,True,False,0.0,0.0,0.0,8138.0,ADJUSTED_CLOSE_UNRESOLVED,2014-06-19,2020-07-18,2014-06-21,2020-07-18,2014-06-21,2020-07-18,247,11,11,234,234,False,True,True,ZERO_TRADE_ENDPOINT_REQUIRES_TRADING_DAY_SEMANTICS_ADJUDICATION,ZERO_TRADE_ENDPOINT_REQUIRES_TRADING_DAY_SEMANTICS_ADJUDICATION,OBSERVED_FROM_IMMUTABLE_BUNDLE_NO_LIVE_TSETMC_QUERY,False
main_rule_a_primary,بموتو,1394,1395,fold1_train;fold2_train,2016-01-20,2016-01-19,RNG0003,True,True,124018330.0,21085.0,7.0,5963.0,OK,2015-01-19,2015-01-19,RNG0003,True,True,160030015.0,28780.0,13.0,5726.0,OK,2012-12-20,2020-01-19,2012-12-22,2020-01-19,2012-12-22,2020-01-19,246,61,61,157,157,True,True,True,,,OBSERVED_FROM_IMMUTABLE_BUNDLE_NO_LIVE_TSETMC_QUERY,False
main_rule_a_primary,بکاب,1394,1395,fold1_train;fold2_train,2016-01-20,2016-01-19,RNG0004,True,False,0.0,0.0,0.0,8291.0,ADJUSTED_CLOSE_UNRESOLVED,2015-01-19,2015-01-19,RNG0004,True,False,0.0,0.0,0.0,8490.0,ADJUSTED_CLOSE_UNRESOLVED,2013-12-20,2020-01-19,2013-12-21,2020-01-19,2013-12-21,2020-01-18,246,43,43,198,198,False,True,True,ZERO_TRADE_ENDPOINT_REQUIRES_TRADING_DAY_SEMANTICS_ADJUDICATION,ZERO_TRADE_ENDPOINT_REQUIRES_TRADING_DAY_SEMANTICS_ADJUDICATION,OBSERVED_FROM_IMMUTABLE_BUNDLE_NO_LIVE_TSETMC_QUERY,False
main_rule_a_primary,بکام,1394,1395,fold1_train;fold2_train,2016-07-19,2016-07-18,RNG0005,True,True,1435420883.0,651341.0,151.0,2204.0,OK,2015-07-18,2015-07-19,RNG0005,True,False,0.0,0.0,0.0,1682.0,ADJUSTED_CLOSE_UNRESOLVED,2014-06-19,2020-07-18,2014-06-21,2020-07-18,2014-06-29,2020-06-28,247,28,28,214,214,False,True,True,ZERO_TRADE_ENDPOINT_REQUIRES_TRADING_DAY_SEMANTICS_ADJUDICATION,,OBSERVED_FROM_IMMUTABLE_BUNDLE_NO_LIVE_TSETMC_QUERY,False
main_rule_a_primary,تپمپی,1394,1395,fold1_train;fold2_train,2015-10-22,2015-10-21,RNG0006,True,False,0.0,0.0,0.0,3175.0,ADJUSTED_CLOSE_UNRESOLVED,2014-10-21,2014-10-21,RNG0006,True,False,0.0,0.0,0.0,3869.0,ADJUSTED_CLOSE_UNRESOLVED,2013-09-21,2019-10-21,2013-09-21,2019-10-21,2013-09-21,2019-10-16,245,46,46,173,173,False,True,True,ZERO_TRADE_ENDPOINT_REQUIRES_TRADING_DAY_SEMANTICS_ADJUDICATION,ZERO_TRADE_ENDPOINT_REQUIRES_TRADING_DAY_SEMANTICS_ADJUDICATION,OBSERVED_FROM_IMMUTABLE_BUNDLE_NO_LIVE_TSETMC_QUERY,False
main_rule_a_primary,تکمبا,1394,1395,fold1_train;fold2_train,2016-07-19,2016-07-18,RNG0007,True,True,3780599488.0,4716142.0,501.0,802.0,OK,2015-07-18,2015-07-19,RNG0007,True,False,0.0,0.0,0.0,998.0,ADJUSTED_CLOSE_UNRESOLVED,2014-06-19,2020-07-18,2014-06-21,2020-07-18,2014-06-21,2020-07-18,247,7,7,236,236,False,True,True,ZERO_TRADE_ENDPOINT_REQUIRES_TRADING_DAY_SEMANTICS_ADJUDICATION,,OBSERVED_FROM_IMMUTABLE_BUNDLE_NO_LIVE_TSETMC_QUERY,False
main_rule_a_primary,ثشرق,1394,1395,fold1_train;fold2_train,2016-01-20,2016-01-19,RNG0008,True,True,16355864655.0,11741035.0,799.0,1393.0,OK,2015-01-19,2015-01-19,RNG0008,True,True,5876186093.0,3160738.0,511.0,1859.0,OK,2013-12-20,2020-01-19,2014-05-11,2020-01-19,2014-06-25,2020-01-19,246,9,9,233,233,True,True,True,,,OBSERVED_FROM_IMMUTABLE_BUNDLE_NO_LIVE_TSETMC_QUERY,True
main_rule_a_primary,ثنوسا,1394,1395,fold1_train;fold2_train,2016-01-20,2016-01-19,RNG0009,True,True,3712057556.0,2112222.0,349.0,1757.0,OK,2015-01-19,2015-01-19,RNG0009,True,True,9555827845.0,1537399.0,344.0,6216.0,OK,2012-12-20,2020-01-19,2012-12-22,2020-01-19,2012-12-22,2020-01-19,246,18,18,223,223,True,True,True,,,OBSERVED_FROM_IMMUTABLE_BUNDLE_NO_LIVE_TSETMC_QUERY,False
main_rule_a_primary,جم,1394,1395,fold1_train;fold2_train,2016-07-19,2016-07-18,RNG0010,True,False,0.0,0.0,0.0,9436.0,ADJUSTED_CLOSE_UNRESOLVED,2015-07-18,2015-08-08,RNG0010,True,False,0.0,0.0,0.0,1000.0,ADJUSTED_CLOSE_UNRESOLVED,2015-06-18,2020-07-18,2015-08-08,2020-07-18,2015-08-09,2020-07-18,233,5,5,226,226,False,True,True,ZERO_TRADE_ENDPOINT_REQUIRES_TRADING_DAY_SEMANTICS_ADJUDICATION,ZERO_TRADE_ENDPOINT_REQUIRES_TRADING_DAY_SEMANTICS_ADJUDICATION,OBSERVED_FROM_IMMUTABLE_BUNDLE_NO_LIVE_TSETMC_QUERY,True
main_rule_a_primary,حپترو,1394,1395,fold1_train;fold2_train,2016-07-19,2016-07-18,RNG0012,True,False,0.0,0.0,0.0,2946.0,ADJUSTED_CLOSE_UNRESOLVED,2015-07-18,2015-07-19,RNG0012,True,False,0.0,0.0,0.0,2892.0,ADJUSTED_CLOSE_UNRESOLVED,2013-06-19,2020-07-18,2013-06-19,2020-07-18,2013-06-30,2020-07-18,247,5,5,241,241,False,True,True,ZERO_TRADE_ENDPOINT_REQUIRES_TRADING_DAY_SEMANTICS_ADJUDICATION,ZERO_TRADE_ENDPOINT_REQUIRES_TRADING_DAY_SEMANTICS_ADJUDICATION,OBSERVED_FROM_IMMUTABLE_BUNDLE_NO_LIVE_TSETMC_QUERY,False
main_rule_a_primary,حکشتی,1394,1395,fold1_train;fold2_train,2015-10-22,2015-10-21,RNG0013,True,False,0.0,0.0,0.0,5582.0,ADJUSTED_CLOSE_UNRESOLVED,2014-10-21,2014-10-21,RNG0013,True,False,0.0,0.0,0.0,3588.0,ADJUSTED_CLOSE_UNRESOLVED,2012-09-21,2019-10-21,2012-09-22,2019-10-21,2012-09-22,2019-10-20,245,63,63,179,179,False,True,True,ZERO_TRADE_ENDPOINT_REQUIRES_TRADING_DAY_SEMANTICS_ADJUDICATION,ZERO_TRADE_ENDPOINT_REQUIRES_TRADING_DAY_SEMANTICS_ADJUDICATION,OBSERVED_FROM_IMMUTABLE_BUNDLE_NO_LIVE_TSETMC_QUERY,False
main_rule_a_primary,خاذین,1394,1395,fold1_train;fold2_train,2016-07-19,2016-07-18,RNG0014,True,False,0.0,0.0,0.0,971.0,ADJUSTED_CLOSE_UNRESOLVED,2015-07-18,2015-07-19,RNG0014,True,False,0.0,0.0,0.0,3896.0,ADJUSTED_CLOSE_UNRESOLVED,2013-06-19,2020-07-18,2013-06-19,2020-07-18,2013-06-19,2020-07-18,247,28,28,216,216,False,True,True,ZERO_TRADE_ENDPOINT_REQUIRES_TRADING_DAY_SEMANTICS_ADJUDICATION,ZERO_TRADE_ENDPOINT_REQUIRES_TRADING_DAY_SEMANTICS_ADJUDICATION,OBSERVED_FROM_IMMUTABLE_BUNDLE_NO_LIVE_TSETMC_QUERY,False
main_rule_a_primary,خبهمن,1394,1395,fold1_train;fold2_train,2016-07-19,2016-07-18,RNG0015,True,True,13409260613.0,4687447.0,348.0,2861.0,OK,2015-07-18,2015-07-19,RNG0015,True,False,0.0,0.0,0.0,2329.0,ADJUSTED_CLOSE_UNRESOLVED,2013-06-19,2020-07-18,2013-06-19,2020-07-18,2013-06-22,2020-07-18,247,7,7,236,236,False,True,True,ZERO_TRADE_ENDPOINT_REQUIRES_TRADING_DAY_SEMANTICS_ADJUDICATION,,OBSERVED_FROM_IMMUTABLE_BUNDLE_NO_LIVE_TSETMC_QUERY,False
main_rule_a_primary,ختوقا,1394,1395,fold1_train;fold2_train,2016-07-19,2016-07-18,RNG0016,True,True,1547195590.0,971959.0,127.0,1592.0,OK,2015-07-18,2015-07-19,RNG0016,True,False,0.0,0.0,0.0,3241.0,ADJUSTED_CLOSE_UNRESOLVED,2013-06-19,2020-07-18,2013-06-19,2020-07-18,2013-07-22,2020-07-18,247,23,23,217,217,False,True,True,ZERO_TRADE_ENDPOINT_REQUIRES_TRADING_DAY_SEMANTICS_ADJUDICATION,,OBSERVED_FROM_IMMUTABLE_BUNDLE_NO_LIVE_TSETMC_QUERY,False
main_rule_a_primary,خرینگ,1394,1395,fold1_train;fold2_train,2016-07-19,2016-07-18,RNG0017,True,True,1860147547.0,2051935.0,209.0,907.0,OK,2015-07-18,2015-07-19,RNG0017,True,False,0.0,0.0,0.0,2306.0,ADJUSTED_CLOSE_UNRESOLVED,2013-06-19,2020-07-18,2013-06-19,2020-07-18,2013-06-23,2020-07-18,247,37,37,205,205,False,True,True,ZERO_TRADE_ENDPOINT_REQUIRES_TRADING_DAY_SEMANTICS_ADJUDICATION,,OBSERVED_FROM_IMMUTABLE_BUNDLE_NO_LIVE_TSETMC_QUERY,False
main_rule_a_primary,خمحور,1394,1395,fold1_train;fold2_train,2016-07-19,2016-07-18,RNG0018,True,True,2791662159.0,837428.0,158.0,3334.0,OK,2015-07-18,2015-07-19,RNG0018,True,False,0.0,0.0,0.0,1733.0,ADJUSTED_CLOSE_UNRESOLVED,2013-06-19,2020-07-18,2013-06-19,2020-07-18,2013-06-22,2020-07-18,247,46,46,194,194,False,True,True,ZERO_TRADE_ENDPOINT_REQUIRES_TRADING_DAY_SEMANTICS_ADJUDICATION,,OBSERVED_FROM_IMMUTABLE_BUNDLE_NO_LIVE_TSETMC_QUERY,False
main_rule_a_primary,خمهر,1394,1395,fold1_train;fold2_train,2016-07-19,2016-07-18,RNG0019,True,True,1686209771.0,917768.0,176.0,1837.0,OK,2015-07-18,2015-07-19,RNG0019,True,False,0.0,0.0,0.0,1786.0,ADJUSTED_CLOSE_UNRESOLVED,2013-06-19,2020-07-18,2013-06-19,2020-07-18,2013-06-19,2020-07-18,247,23,23,220,220,False,True,True,ZERO_TRADE_ENDPOINT_REQUIRES_TRADING_DAY_SEMANTICS_ADJUDICATION,,OBSERVED_FROM_IMMUTABLE_BUNDLE_NO_LIVE_TSETMC_QUERY,False
main_rule_a_primary,خنصیر,1394,1395,fold1_train;fold2_train,2016-07-19,2016-07-18,RNG0020,True,True,566327636.0,229565.0,60.0,2467.0,OK,2015-07-18,2015-07-19,RNG0020,True,False,0.0,0.0,0.0,3837.0,ADJUSTED_CLOSE_UNRESOLVED,2013-06-19,2020-07-18,2013-06-19,2020-07-18,2013-06-22,2020-07-18,247,50,50,185,185,False,True,True,ZERO_TRADE_ENDPOINT_REQUIRES_TRADING_DAY_SEMANTICS_ADJUDICATION,,OBSERVED_FROM_IMMUTABLE_BUNDLE_NO_LIVE_TSETMC_QUERY,False
main_rule_a_primary,خوساز,1394,1395,fold1_train;fold2_train,2016-07-19,2016-07-18,RNG0021,True,True,2935460419.0,878717.0,237.0,3341.0,OK,2015-07-18,2015-07-19,RNG0021,True,False,0.0,0.0,0.0,2636.0,ADJUSTED_CLOSE_UNRESOLVED,2013-06-19,2020-07-18,2013-06-19,2020-07-18,2013-06-19,2020-07-18,247,23,23,218,218,False,True,True,ZERO_TRADE_ENDPOINT_REQUIRES_TRADING_DAY_SEMANTICS_ADJUDICATION,,OBSERVED_FROM_IMMUTABLE_BUNDLE_NO_LIVE_TSETMC_QUERY,False
main_rule_a_primary,خچرخش,1394,1395,fold1_train;fold2_train,2016-07-19,2016-07-18,RNG0022,True,True,199351733.0,204998.0,40.0,983.0,OK,2015-07-18,2015-07-19,RNG0022,True,False,0.0,0.0,0.0,1798.0,ADJUSTED_CLOSE_UNRESOLVED,2013-06-19,2020-07-18,2013-06-19,2020-07-18,2013-06-23,2020-07-18,247,55,55,182,182,False,True,True,ZERO_TRADE_ENDPOINT_REQUIRES_TRADING_DAY_SEMANTICS_ADJUDICATION,,OBSERVED_FROM_IMMUTABLE_BUNDLE_NO_LIVE_TSETMC_QUERY,False
main_rule_a_primary,خکمک,1394,1395,fold1_train;fold2_train,2016-07-19,2016-07-18,RNG0023,True,True,322551891.0,348337.0,59.0,929.0,OK,2015-07-18,2015-07-19,RNG0023,True,False,0.0,0.0,0.0,1077.0,ADJUSTED_CLOSE_UNRESOLVED,2013-06-19,2020-07-18,2013-06-19,2020-07-18,2013-06-30,2020-07-18,247,11,11,232,232,False,True,True,ZERO_TRADE_ENDPOINT_REQUIRES_TRADING_DAY_SEMANTICS_ADJUDICATION,,OBSERVED_FROM_IMMUTABLE_BUNDLE_NO_LIVE_TSETMC_QUERY,False
main_rule_a_primary,ددام,1394,1395,fold1_train;fold2_train,2016-07-19,2016-07-18,RNG0024,True,True,297220884.0,58213.0,30.0,5012.0,OK,2015-07-18,2015-07-19,RNG0024,True,False,0.0,0.0,0.0,7251.0,ADJUSTED_CLOSE_UNRESOLVED,2014-06-19,2020-07-18,2014-06-21,2020-07-18,2014-06-21,2020-07-18,247,92,92,136,136,False,True,True,ZERO_TRADE_ENDPOINT_REQUIRES_TRADING_DAY_SEMANTICS_ADJUDICATION,,OBSERVED_FROM_IMMUTABLE_BUNDLE_NO_LIVE_TSETMC_QUERY,False
main_rule_a_primary,دروز,1394,1395,fold1_train;fold2_train,2016-07-19,2016-07-18,RNG0025,True,False,0.0,0.0,0.0,5216.0,ADJUSTED_CLOSE_UNRESOLVED,2015-07-18,2015-07-19,RNG0025,True,False,0.0,0.0,0.0,5341.0,ADJUSTED_CLOSE_UNRESOLVED,2013-06-19,2020-07-18,2013-06-19,2020-07-18,2013-06-19,2020-07-18,247,47,47,179,179,False,True,True,ZERO_TRADE_ENDPOINT_REQUIRES_TRADING_DAY_SEMANTICS_ADJUDICATION,ZERO_TRADE_ENDPOINT_REQUIRES_TRADING_DAY_SEMANTICS_ADJUDICATION,OBSERVED_FROM_IMMUTABLE_BUNDLE_NO_LIVE_TSETMC_QUERY,False
main_rule_a_primary,دسبحا,1394,1395,fold1_train;fold2_train,2016-07-19,2016-07-18,RNG0026,True,True,26098415.0,3492.0,8.0,7467.0,OK,2015-07-18,2015-07-19,RNG0026,True,False,0.0,0.0,0.0,7131.0,ADJUSTED_CLOSE_UNRESOLVED,2013-06-19,2020-07-18,2013-06-19,2020-07-18,2013-06-19,2020-07-18,247,8,8,236,236,False,True,True,ZERO_TRADE_ENDPOINT_REQUIRES_TRADING_DAY_SEMANTICS_ADJUDICATION,,OBSERVED_FROM_IMMUTABLE_BUNDLE_NO_LIVE_TSETMC_QUERY,False
main_rule_a_primary,دسینا,1394,1395,fold1_train;fold2_train,2016-07-19,2016-07-18,RNG0027,True,True,58898400.0,2299.0,9.0,25249.0,OK,2015-07-18,2015-07-19,RNG0027,True,False,0.0,0.0,0.0,13909.0,ADJUSTED_CLOSE_UNRESOLVED,2014-06-19,2020-07-18,2014-06-21,2020-07-18,2014-06-21,2020-07-18,247,27,27,202,202,False,True,True,ZERO_TRADE_ENDPOINT_REQUIRES_TRADING_DAY_SEMANTICS_ADJUDICATION,,OBSERVED_FROM_IMMUTABLE_BUNDLE_NO_LIVE_TSETMC_QUERY,False
main_rule_a_primary,دشیمی,1394,1395,fold1_train;fold2_train,2016-07-19,2016-07-18,RNG0028,True,False,0.0,0.0,0.0,4608.0,ADJUSTED_CLOSE_UNRESOLVED,2015-07-18,2015-07-19,RNG0028,True,False,0.0,0.0,0.0,6305.0,ADJUSTED_CLOSE_UNRESOLVED,2014-06-19,2020-07-18,2014-06-21,2020-07-18,2014-06-22,2020-07-18,247,61,61,163,163,False,True,True,ZERO_TRADE_ENDPOINT_REQUIRES_TRADING_DAY_SEMANTICS_ADJUDICATION,ZERO_TRADE_ENDPOINT_REQUIRES_TRADING_DAY_SEMANTICS_ADJUDICATION,OBSERVED_FROM_IMMUTABLE_BUNDLE_NO_LIVE_TSETMC_QUERY,False
main_rule_a_primary,دیران,1394,1395,fold1_train;fold2_train,2016-07-19,2016-07-18,RNG0029,True,True,236180262.0,54030.0,19.0,4360.0,OK,2015-07-18,2015-07-19,RNG0029,True,False,0.0,0.0,0.0,5559.0,ADJUSTED_CLOSE_UNRESOLVED,2013-06-19,2020-04-17,2013-06-19,2020-04-15,2013-06-19,2020-04-15,247,13,13,231,231,False,True,True,ZERO_TRADE_ENDPOINT_REQUIRES_TRADING_DAY_SEMANTICS_ADJUDICATION,,OBSERVED_FROM_IMMUTABLE_BUNDLE_NO_LIVE_TSETMC_QUERY,False
main_rule_a_primary,رانفور,1394,1395,fold1_train;fold2_train,2016-07-19,2016-07-18,RNG0030,True,True,97746344.0,5845.0,10.0,17079.0,OK,2015-07-18,2015-07-19,RNG0030,True,False,0.0,0.0,0.0,12217.0,ADJUSTED_CLOSE_UNRESOLVED,2013-06-19,2020-07-18,2013-06-19,2020-07-18,2013-06-19,2020-07-18,247,5,5,240,240,False,True,True,ZERO_TRADE_ENDPOINT_REQUIRES_TRADING_DAY_SEMANTICS_ADJUDICATION,,OBSERVED_FROM_IMMUTABLE_BUNDLE_NO_LIVE_TSETMC_QUERY,False
main_rule_a_primary,زمگسا,1394,1395,fold1_train;fold2_train,2016-07-19,2016-07-18,RNG0032,True,True,1656620790.0,63049.0,145.0,26275.0,OK,2015-07-18,2015-07-19,RNG0032,True,False,0.0,0.0,0.0,27074.0,ADJUSTED_CLOSE_UNRESOLVED,2013-06-19,2020-07-18,2013-06-19,2020-07-18,2013-06-19,2020-07-18,247,10,10,233,233,False,True,True,ZERO_TRADE_ENDPOINT_REQUIRES_TRADING_DAY_SEMANTICS_ADJUDICATION,,OBSERVED_FROM_IMMUTABLE_BUNDLE_NO_LIVE_TSETMC_QUERY,False
main_rule_a_primary,ساراب,1394,1395,fold1_train;fold2_train,2016-07-19,2016-07-18,RNG0034,True,False,0.0,0.0,0.0,1078.0,ADJUSTED_CLOSE_UNRESOLVED,2015-07-18,2015-07-19,RNG0034,True,False,0.0,0.0,0.0,1384.0,ADJUSTED_CLOSE_UNRESOLVED,2013-06-19,2020-07-18,2013-06-19,2020-07-18,2013-06-19,2020-07-18,247,15,15,224,224,False,True,True,ZERO_TRADE_ENDPOINT_REQUIRES_TRADING_DAY_SEMANTICS_ADJUDICATION,ZERO_TRADE_ENDPOINT_REQUIRES_TRADING_DAY_SEMANTICS_ADJUDICATION,OBSERVED_FROM_IMMUTABLE_BUNDLE_NO_LIVE_TSETMC_QUERY,False
main_rule_a_primary,ساربیل,1394,1395,fold1_train;fold2_train,2016-04-18,2016-04-17,RNG0035,True,False,0.0,0.0,0.0,16915.0,ADJUSTED_CLOSE_UNRESOLVED,2015-04-17,2015-04-18,RNG0035,True,False,0.0,0.0,0.0,18244.0,ADJUSTED_CLOSE_UNRESOLVED,2014-03-19,2020-04-17,2014-03-19,2020-04-15,2014-03-19,2020-04-15,246,216,216,13,13,False,False,False,ZERO_TRADE_ENDPOINT_REQUIRES_TRADING_DAY_SEMANTICS_ADJUDICATION,ZERO_TRADE_ENDPOINT_REQUIRES_TRADING_DAY_SEMANTICS_ADJUDICATION;G_FEWER_THAN_126_VALID_RETURNS_ONLY,OBSERVED_FROM_IMMUTABLE_BUNDLE_NO_LIVE_TSETMC_QUERY,False
main_rule_a_primary,ساروم,1394,1395,fold1_train;fold2_train,2016-07-19,2016-07-18,RNG0036,True,True,79851000.0,30000.0,9.0,2618.0,OK,2015-07-18,2015-07-19,RNG0036,True,False,0.0,0.0,0.0,4706.0,ADJUSTED_CLOSE_UNRESOLVED,2014-06-19,2020-07-18,2014-06-21,2020-07-18,2014-06-21,2020-07-18,247,103,103,103,103,False,False,False,ZERO_TRADE_ENDPOINT_REQUIRES_TRADING_DAY_SEMANTICS_ADJUDICATION,G_FEWER_THAN_126_VALID_RETURNS_ONLY,OBSERVED_FROM_IMMUTABLE_BUNDLE_NO_LIVE_TSETMC_QUERY,False
main_rule_a_primary,سبجنو,1394,1395,fold1_train;fold2_train,2016-07-19,2016-07-18,RNG0037,True,False,0.0,0.0,0.0,2838.0,ADJUSTED_CLOSE_UNRESOLVED,2015-07-18,2015-07-19,RNG0037,True,False,0.0,0.0,0.0,3866.0,ADJUSTED_CLOSE_UNRESOLVED,2014-06-19,2020-07-18,2014-06-21,2020-07-18,2014-06-21,2020-07-18,247,162,162,52,52,False,False,False,ZERO_TRADE_ENDPOINT_REQUIRES_TRADING_DAY_SEMANTICS_ADJUDICATION,ZERO_TRADE_ENDPOINT_REQUIRES_TRADING_DAY_SEMANTICS_ADJUDICATION;G_FEWER_THAN_126_VALID_RETURNS_ONLY,OBSERVED_FROM_IMMUTABLE_BUNDLE_NO_LIVE_TSETMC_QUERY,False
main_rule_a_primary,سبهان,1394,1395,fold1_train;fold2_train,2016-07-19,2016-07-18,RNG0038,True,True,2975225.0,307.0,2.0,9782.0,OK,2015-07-18,2015-07-19,RNG0038,True,False,0.0,0.0,0.0,24832.0,ADJUSTED_CLOSE_UNRESOLVED,2013-06-19,2020-07-18,2013-06-19,2020-07-18,2013-06-19,2020-07-18,247,68,68,150,150,False,True,True,ZERO_TRADE_ENDPOINT_REQUIRES_TRADING_DAY_SEMANTICS_ADJUDICATION,,OBSERVED_FROM_IMMUTABLE_BUNDLE_NO_LIVE_TSETMC_QUERY,False
main_rule_a_primary,ستران,1394,1395,fold1_train;fold2_train,2016-07-19,2016-07-18,RNG0039,True,True,973666573.0,574926.0,79.0,1692.0,OK,2015-07-18,2015-07-19,RNG0039,True,False,0.0,0.0,0.0,2099.0,ADJUSTED_CLOSE_UNRESOLVED,2014-06-19,2020-07-18,2014-06-21,2020-07-18,2014-06-21,2020-07-18,247,17,17,226,226,False,True,True,ZERO_TRADE_ENDPOINT_REQUIRES_TRADING_DAY_SEMANTICS_ADJUDICATION,,OBSERVED_FROM_IMMUTABLE_BUNDLE_NO_LIVE_TSETMC_QUERY,False
main_rule_a_primary,سخاش,1394,1395,fold1_train;fold2_train,2016-07-19,2016-07-18,RNG0040,True,False,0.0,0.0,0.0,6754.0,ADJUSTED_CLOSE_UNRESOLVED,2015-07-18,2015-07-19,RNG0040,True,False,0.0,0.0,0.0,6539.0,ADJUSTED_CLOSE_UNRESOLVED,2014-06-19,2020-07-18,2014-06-21,2020-07-18,2014-06-21,2020-07-18,247,120,120,82,82,False,False,False,ZERO_TRADE_ENDPOINT_REQUIRES_TRADING_DAY_SEMANTICS_ADJUDICATION,ZERO_TRADE_ENDPOINT_REQUIRES_TRADING_DAY_SEMANTICS_ADJUDICATION;G_FEWER_THAN_126_VALID_RETURNS_ONLY,OBSERVED_FROM_IMMUTABLE_BUNDLE_NO_LIVE_TSETMC_QUERY,False
main_rule_a_primary,سخزر,1394,1395,fold1_train;fold2_train,2016-07-19,2016-07-18,RNG0041,True,True,15991808.0,6208.0,3.0,2706.0,OK,2015-07-18,2015-07-19,RNG0041,True,False,0.0,0.0,0.0,4301.0,ADJUSTED_CLOSE_UNRESOLVED,2013-06-19,2020-07-18,2013-06-19,2020-07-18,2013-06-19,2020-07-18,247,113,113,106,106,False,False,False,ZERO_TRADE_ENDPOINT_REQUIRES_TRADING_DAY_SEMANTICS_ADJUDICATION,G_FEWER_THAN_126_VALID_RETURNS_ONLY,OBSERVED_FROM_IMMUTABLE_BUNDLE_NO_LIVE_TSETMC_QUERY,False
main_rule_a_primary,سخوز,1394,1395,fold1_train;fold2_train,2016-07-19,2016-07-18,RNG0042,True,True,298685900.0,134000.0,7.0,2258.0,OK,2015-07-18,2015-07-19,RNG0042,True,False,0.0,0.0,0.0,3400.0,ADJUSTED_CLOSE_UNRESOLVED,2015-06-18,2020-07-18,2015-06-20,2020-07-18,2015-06-20,2020-07-18,247,9,9,234,234,False,True,True,ZERO_TRADE_ENDPOINT_REQUIRES_TRADING_DAY_SEMANTICS_ADJUDICATION,,OBSERVED_FROM_IMMUTABLE_BUNDLE_NO_LIVE_TSETMC_QUERY,False
main_rule_a_primary,سدشت,1394,1395,fold1_train;fold2_train,2016-01-20,2016-01-19,RNG0043,True,True,5931000.0,3000.0,2.0,2080.0,OK,2015-01-19,2015-01-19,RNG0043,True,False,0.0,0.0,0.0,2458.0,ADJUSTED_CLOSE_UNRESOLVED,2012-12-20,2020-01-19,2012-12-22,2020-01-19,2012-12-23,2020-01-19,246,181,181,26,26,False,False,False,ZERO_TRADE_ENDPOINT_REQUIRES_TRADING_DAY_SEMANTICS_ADJUDICATION,G_FEWER_THAN_126_VALID_RETURNS_ONLY,OBSERVED_FROM_IMMUTABLE_BUNDLE_NO_LIVE_TSETMC_QUERY,False
main_rule_a_primary,سدور,1394,1395,fold1_train;fold2_train,2016-07-19,2016-07-18,RNG0044,True,True,1231011174.0,1299959.0,101.0,947.0,OK,2015-07-18,2015-07-19,RNG0044,True,False,0.0,0.0,0.0,8855.0,ADJUSTED_CLOSE_UNRESOLVED,2013-06-19,2020-07-18,2013-06-19,2020-07-18,2013-06-19,2020-07-18,247,69,69,161,161,False,True,True,ZERO_TRADE_ENDPOINT_REQUIRES_TRADING_DAY_SEMANTICS_ADJUDICATION,,OBSERVED_FROM_IMMUTABLE_BUNDLE_NO_LIVE_TSETMC_QUERY,False
main_rule_a_primary,سرود,1394,1395,fold1_train;fold2_train,2016-07-19,2016-07-18,RNG0045,True,True,89661054.0,55000.0,4.0,1648.0,OK,2015-07-18,2015-07-19,RNG0045,True,False,0.0,0.0,0.0,3003.0,ADJUSTED_CLOSE_UNRESOLVED,2013-06-19,2020-07-18,2013-06-19,2020-07-18,2013-06-19,2020-07-18,247,17,17,220,220,False,True,True,ZERO_TRADE_ENDPOINT_REQUIRES_TRADING_DAY_SEMANTICS_ADJUDICATION,,OBSERVED_FROM_IMMUTABLE_BUNDLE_NO_LIVE_TSETMC_QUERY,False
main_rule_a_primary,سشرق,1394,1395,fold1_train;fold2_train,2016-01-20,2016-01-19,RNG0046,True,True,1065576760.0,1144246.0,155.0,931.0,OK,2015-01-19,2015-01-19,RNG0046,True,True,3578093899.0,2916650.0,418.0,1227.0,OK,2012-12-20,2020-01-19,2012-12-22,2020-01-19,2012-12-22,2020-01-19,246,33,33,206,206,True,True,True,,,OBSERVED_FROM_IMMUTABLE_BUNDLE_NO_LIVE_TSETMC_QUERY,False
main_rule_a_primary,سصفها,1394,1395,fold1_train;fold2_train,2016-07-19,2016-07-18,RNG0047,True,True,1006908.0,84.0,1.0,12616.0,OK,2015-07-18,2015-07-19,RNG0047,True,False,0.0,0.0,0.0,15222.0,ADJUSTED_CLOSE_UNRESOLVED,2014-06-19,2020-07-18,2014-06-21,2020-07-18,2014-06-21,2020-07-18,247,198,198,18,18,False,False,False,ZERO_TRADE_ENDPOINT_REQUIRES_TRADING_DAY_SEMANTICS_ADJUDICATION,G_FEWER_THAN_126_VALID_RETURNS_ONLY,OBSERVED_FROM_IMMUTABLE_BUNDLE_NO_LIVE_TSETMC_QUERY,False
main_rule_a_primary,سغرب,1394,1395,fold1_train;fold2_train,2016-07-19,2016-07-18,RNG0048,True,True,48593610.0,23029.0,8.0,2109.0,OK,2015-07-18,2015-07-19,RNG0048,True,False,0.0,0.0,0.0,3884.0,ADJUSTED_CLOSE_UNRESOLVED,2014-06-19,2020-07-18,2014-06-21,2020-07-18,2014-06-21,2020-07-18,247,20,20,215,215,False,True,True,ZERO_TRADE_ENDPOINT_REQUIRES_TRADING_DAY_SEMANTICS_ADJUDICATION,,OBSERVED_FROM_IMMUTABLE_BUNDLE_NO_LIVE_TSETMC_QUERY,False
main_rule_a_primary,سقاین,1394,1395,fold1_train;fold2_train,2016-07-19,2016-07-18,RNG0049,True,True,96213255.0,10500.0,20.0,9540.0,OK,2015-07-18,2015-07-19,RNG0049,True,False,0.0,0.0,0.0,24941.0,ADJUSTED_CLOSE_UNRESOLVED,2013-06-19,2020-07-18,2013-06-19,2020-07-18,2013-07-01,2020-07-18,247,75,75,162,162,False,True,True,ZERO_TRADE_ENDPOINT_REQUIRES_TRADING_DAY_SEMANTICS_ADJUDICATION,,OBSERVED_FROM_IMMUTABLE_BUNDLE_NO_LIVE_TSETMC_QUERY,False
main_rule_a_primary,سمازن,1394,1395,fold1_train;fold2_train,2016-07-19,2016-07-18,RNG0050,True,False,0.0,0.0,0.0,12744.0,ADJUSTED_CLOSE_UNRESOLVED,2015-07-18,2015-07-19,RNG0050,True,False,0.0,0.0,0.0,14416.0,ADJUSTED_CLOSE_UNRESOLVED,2013-06-19,2020-04-17,2013-06-19,2020-04-15,2013-06-19,2020-04-14,247,210,210,15,15,False,False,False,ZERO_TRADE_ENDPOINT_REQUIRES_TRADING_DAY_SEMANTICS_ADJUDICATION,ZERO_TRADE_ENDPOINT_REQUIRES_TRADING_DAY_SEMANTICS_ADJUDICATION;G_FEWER_THAN_126_VALID_RETURNS_ONLY,OBSERVED_FROM_IMMUTABLE_BUNDLE_NO_LIVE_TSETMC_QUERY,False
main_rule_a_primary,سنیر,1394,1395,fold1_train;fold2_train,2016-07-19,2016-07-18,RNG0051,True,False,0.0,0.0,0.0,16013.0,ADJUSTED_CLOSE_UNRESOLVED,2015-07-18,2015-07-19,RNG0051,True,False,0.0,0.0,0.0,17672.0,ADJUSTED_CLOSE_UNRESOLVED,2014-06-19,2020-07-18,2014-06-21,2020-07-18,2014-06-25,2020-07-18,247,227,227,6,6,False,False,False,ZERO_TRADE_ENDPOINT_REQUIRES_TRADING_DAY_SEMANTICS_ADJUDICATION,ZERO_TRADE_ENDPOINT_REQUIRES_TRADING_DAY_SEMANTICS_ADJUDICATION;G_FEWER_THAN_126_VALID_RETURNS_ONLY,OBSERVED_FROM_IMMUTABLE_BUNDLE_NO_LIVE_TSETMC_QUERY,False
main_rule_a_primary,سهگمت,1394,1395,fold1_train;fold2_train,2016-05-19,2016-05-18,RNG0052,True,True,305666408.0,152043.0,28.0,1982.0,OK,2015-05-18,2015-05-18,RNG0052,True,True,52157300.0,15900.0,9.0,3403.0,OK,2013-04-19,2020-05-18,2013-04-20,2020-05-18,2013-04-20,2020-05-18,249,59,59,158,158,True,True,True,,,OBSERVED_FROM_IMMUTABLE_BUNDLE_NO_LIVE_TSETMC_QUERY,False
main_rule_a_primary,سپاها,1394,1395,fold1_train;fold2_train,2016-01-20,2016-01-19,RNG0053,True,True,1029026033.0,1052687.0,85.0,978.0,OK,2015-01-19,2015-01-19,RNG0053,True,True,920904919.0,735462.0,92.0,1260.0,OK,2012-12-20,2020-01-19,2012-12-22,2020-01-19,2012-12-22,2020-01-19,246,10,10,232,232,True,True,True,,,OBSERVED_FROM_IMMUTABLE_BUNDLE_NO_LIVE_TSETMC_QUERY,False
main_rule_a_primary,سکرد,1394,1395,fold1_train;fold2_train,2016-01-20,2016-01-19,RNG0054,True,True,51897174.0,43329.0,11.0,1202.0,OK,2015-01-19,2015-01-19,RNG0054,True,True,15670000.0,5000.0,3.0,3261.0,OK,2012-12-20,2020-01-19,2012-12-22,2020-01-19,2012-12-22,2020-01-19,246,46,46,175,175,True,True,True,,,OBSERVED_FROM_IMMUTABLE_BUNDLE_NO_LIVE_TSETMC_QUERY,False
main_rule_a_primary,سیلام,1394,1395,fold1_train;fold2_train,2016-05-19,2016-05-18,RNG0055,True,False,0.0,0.0,0.0,4919.0,ADJUSTED_CLOSE_UNRESOLVED,2015-05-18,2015-05-18,RNG0055,True,False,0.0,0.0,0.0,6988.0,ADJUSTED_CLOSE_UNRESOLVED,2013-04-19,2020-05-18,2013-04-20,2020-05-18,2013-04-20,2020-05-18,249,193,193,28,28,False,False,False,ZERO_TRADE_ENDPOINT_REQUIRES_TRADING_DAY_SEMANTICS_ADJUDICATION,ZERO_TRADE_ENDPOINT_REQUIRES_TRADING_DAY_SEMANTICS_ADJUDICATION;G_FEWER_THAN_126_VALID_RETURNS_ONLY,OBSERVED_FROM_IMMUTABLE_BUNDLE_NO_LIVE_TSETMC_QUERY,False
main_rule_a_primary,شاراک,1394,1395,fold1_train;fold2_train,2016-07-19,2016-07-18,RNG0056,True,True,1215262735.0,453664.0,101.0,2661.0,OK,2015-07-18,2015-07-19,RNG0056,True,False,0.0,0.0,0.0,5614.0,ADJUSTED_CLOSE_UNRESOLVED,2014-06-19,2020-07-18,2014-06-21,2020-07-18,2014-06-21,2020-07-18,247,34,34,208,208,False,True,True,ZERO_TRADE_ENDPOINT_REQUIRES_TRADING_DAY_SEMANTICS_ADJUDICATION,,OBSERVED_FROM_IMMUTABLE_BUNDLE_NO_LIVE_TSETMC_QUERY,False
main_rule_a_primary,شبریز,1394,1395,fold1_train;fold2_train,2016-07-19,2016-07-18,RNG0057,True,True,89386473732.0,23363820.0,1372.0,3826.0,OK,2015-07-18,2015-07-19,RNG0057,True,False,0.0,0.0,0.0,9373.0,ADJUSTED_CLOSE_UNRESOLVED,2014-06-19,2020-07-18,2014-06-21,2020-07-18,2014-06-21,2020-07-18,247,36,36,209,209,False,True,True,ZERO_TRADE_ENDPOINT_REQUIRES_TRADING_DAY_SEMANTICS_ADJUDICATION,,OBSERVED_FROM_IMMUTABLE_BUNDLE_NO_LIVE_TSETMC_QUERY,False
main_rule_a_primary,شبندر,1394,1395,fold1_train;fold2_train,2016-07-19,2016-07-18,RNG0058,True,True,94155847602.0,19782584.0,1653.0,4760.0,OK,2015-07-18,2015-07-19,RNG0058,True,False,0.0,0.0,0.0,5817.0,ADJUSTED_CLOSE_UNRESOLVED,2014-06-19,2020-07-18,2014-06-21,2020-07-18,2014-06-21,2020-07-18,247,53,53,189,189,False,True,True,ZERO_TRADE_ENDPOINT_REQUIRES_TRADING_DAY_SEMANTICS_ADJUDICATION,,OBSERVED_FROM_IMMUTABLE_BUNDLE_NO_LIVE_TSETMC_QUERY,False
main_rule_a_primary,شدوص,1394,1395,fold1_train;fold2_train,2016-07-19,2016-07-18,RNG0059,True,True,160395116.0,66395.0,19.0,2453.0,OK,2015-07-18,2015-07-19,RNG0059,True,False,0.0,0.0,0.0,2498.0,ADJUSTED_CLOSE_UNRESOLVED,2014-06-19,2020-07-18,2014-06-21,2020-07-18,2014-06-21,2020-07-18,247,23,23,214,214,False,True,True,ZERO_TRADE_ENDPOINT_REQUIRES_TRADING_DAY_SEMANTICS_ADJUDICATION,,OBSERVED_FROM_IMMUTABLE_BUNDLE_NO_LIVE_TSETMC_QUERY,False
main_rule_a_primary,شفارس,1394,1395,fold1_train;fold2_train,2016-07-19,2016-07-18,RNG0060,True,True,1615056573.0,1101036.0,216.0,1467.0,OK,2015-07-18,2015-07-19,RNG0060,True,False,0.0,0.0,0.0,4968.0,ADJUSTED_CLOSE_UNRESOLVED,2014-06-19,2020-07-18,2014-06-21,2020-07-18,2014-06-21,2020-07-18,247,39,39,195,195,False,True,True,ZERO_TRADE_ENDPOINT_REQUIRES_TRADING_DAY_SEMANTICS_ADJUDICATION,,OBSERVED_FROM_IMMUTABLE_BUNDLE_NO_LIVE_TSETMC_QUERY,False
main_rule_a_primary,شلعاب,1394,1395,fold1_train;fold2_train,2016-07-19,2016-07-18,RNG0061,True,True,911942228.0,398717.0,94.0,2287.0,OK,2015-07-18,2015-07-19,RNG0061,True,False,0.0,0.0,0.0,1926.0,ADJUSTED_CLOSE_UNRESOLVED,2014-06-19,2020-07-18,2014-06-21,2020-07-18,2014-06-21,2020-07-18,247,40,40,200,200,False,True,True,ZERO_TRADE_ENDPOINT_REQUIRES_TRADING_DAY_SEMANTICS_ADJUDICATION,,OBSERVED_FROM_IMMUTABLE_BUNDLE_NO_LIVE_TSETMC_QUERY,False
main_rule_a_primary,شپارس,1394,1395,fold1_train;fold2_train,2016-01-20,2016-01-19,RNG0062,True,False,0.0,0.0,0.0,4721.0,ADJUSTED_CLOSE_UNRESOLVED,2015-01-19,2015-01-19,RNG0062,True,False,0.0,0.0,0.0,5436.0,ADJUSTED_CLOSE_UNRESOLVED,2013-12-20,2020-01-19,2013-12-21,2020-01-19,2013-12-21,2020-01-19,246,132,132,91,91,False,False,False,ZERO_TRADE_ENDPOINT_REQUIRES_TRADING_DAY_SEMANTICS_ADJUDICATION,ZERO_TRADE_ENDPOINT_REQUIRES_TRADING_DAY_SEMANTICS_ADJUDICATION;G_FEWER_THAN_126_VALID_RETURNS_ONLY,OBSERVED_FROM_IMMUTABLE_BUNDLE_NO_LIVE_TSETMC_QUERY,False
main_rule_a_primary,شپنا,1394,1395,fold1_train;fold2_train,2016-07-19,2016-07-18,RNG0063,True,True,46939936324.0,16800096.0,728.0,2794.0,OK,2015-07-18,2015-07-19,RNG0063,True,False,0.0,0.0,0.0,6252.0,ADJUSTED_CLOSE_UNRESOLVED,2014-06-19,2020-07-18,2014-06-21,2020-07-18,2015-03-17,2020-07-15,247,16,16,228,228,False,True,True,ZERO_TRADE_ENDPOINT_REQUIRES_TRADING_DAY_SEMANTICS_ADJUDICATION,,OBSERVED_FROM_IMMUTABLE_BUNDLE_NO_LIVE_TSETMC_QUERY,False
main_rule_a_primary,شکربن,1394,1395,fold1_train;fold2_train,2016-07-19,2016-07-18,RNG0064,True,True,4944261604.0,1577398.0,361.0,3134.0,OK,2015-07-18,2015-07-19,RNG0064,True,False,0.0,0.0,0.0,3117.0,ADJUSTED_CLOSE_UNRESOLVED,2014-06-19,2020-07-18,2014-06-21,2020-07-18,2014-06-21,2020-07-18,247,27,27,215,215,False,True,True,ZERO_TRADE_ENDPOINT_REQUIRES_TRADING_DAY_SEMANTICS_ADJUDICATION,,OBSERVED_FROM_IMMUTABLE_BUNDLE_NO_LIVE_TSETMC_QUERY,False
main_rule_a_primary,شکلر,1394,1395,fold1_train;fold2_train,2016-01-20,2016-01-19,RNG0065,True,True,684740929.0,208757.0,58.0,3280.0,OK,2015-01-19,2015-01-19,RNG0065,True,True,1406275758.0,313744.0,145.0,4482.0,OK,2013-12-20,2019-12-20,2013-12-21,2019-12-18,2013-12-21,2019-12-18,246,22,22,215,215,True,True,True,,,OBSERVED_FROM_IMMUTABLE_BUNDLE_NO_LIVE_TSETMC_QUERY,False
main_rule_a_primary,شیران,1394,1395,fold1_train;fold2_train,2016-04-18,2016-04-17,RNG0067,True,True,1085360196.0,271910.0,93.0,4036.0,OK,2015-04-17,2015-04-18,RNG0067,True,True,990576463.0,152792.0,42.0,6542.0,OK,2014-03-19,2020-04-17,2014-03-19,2020-04-15,2014-03-19,2020-04-15,246,14,14,228,228,True,True,True,,,OBSERVED_FROM_IMMUTABLE_BUNDLE_NO_LIVE_TSETMC_QUERY,False
main_rule_a_primary,غبهنوش,1394,1395,fold1_train;fold2_train,2016-07-19,2016-07-18,RNG0068,True,False,0.0,0.0,0.0,6864.0,ADJUSTED_CLOSE_UNRESOLVED,2015-07-18,2015-07-19,RNG0068,True,False,0.0,0.0,0.0,4233.0,ADJUSTED_CLOSE_UNRESOLVED,2013-06-19,2020-07-18,2013-06-19,2020-07-18,2013-06-19,2020-07-18,247,48,48,183,183,False,True,True,ZERO_TRADE_ENDPOINT_REQUIRES_TRADING_DAY_SEMANTICS_ADJUDICATION,ZERO_TRADE_ENDPOINT_REQUIRES_TRADING_DAY_SEMANTICS_ADJUDICATION,OBSERVED_FROM_IMMUTABLE_BUNDLE_NO_LIVE_TSETMC_QUERY,False
main_rule_a_primary,غدام,1394,1395,fold1_train;fold2_train,2016-04-18,2016-04-17,RNG0069,True,False,0.0,0.0,0.0,9019.0,ADJUSTED_CLOSE_UNRESOLVED,2015-04-17,2015-04-18,RNG0069,True,True,369333192.0,38586.0,30.0,9632.0,OK,2013-03-19,2020-04-17,2013-03-25,2020-04-15,2013-03-26,2020-04-15,246,218,218,6,6,False,False,False,ZERO_TRADE_ENDPOINT_REQUIRES_TRADING_DAY_SEMANTICS_ADJUDICATION,G_FEWER_THAN_126_VALID_RETURNS_ONLY,OBSERVED_FROM_IMMUTABLE_BUNDLE_NO_LIVE_TSETMC_QUERY,False
main_rule_a_primary,غسالم,1394,1395,fold1_train;fold2_train,2016-07-19,2016-07-18,RNG0070,True,False,0.0,0.0,0.0,1742.0,ADJUSTED_CLOSE_UNRESOLVED,2015-07-18,2015-07-19,RNG0070,True,False,0.0,0.0,0.0,2039.0,ADJUSTED_CLOSE_UNRESOLVED,2013-06-19,2020-07-18,2013-06-19,2020-07-18,2013-06-19,2020-07-18,247,91,91,115,115,False,False,False,ZERO_TRADE_ENDPOINT_REQUIRES_TRADING_DAY_SEMANTICS_ADJUDICATION,ZERO_TRADE_ENDPOINT_REQUIRES_TRADING_DAY_SEMANTICS_ADJUDICATION;G_FEWER_THAN_126_VALID_RETURNS_ONLY,OBSERVED_FROM_IMMUTABLE_BUNDLE_NO_LIVE_TSETMC_QUERY,False
main_rule_a_primary,غشان,1394,1395,fold1_train;fold2_train,2016-07-19,2016-07-18,RNG0071,True,True,560925242.0,235907.0,57.0,2378.0,OK,2015-07-18,2015-07-19,RNG0071,True,False,0.0,0.0,0.0,5164.0,ADJUSTED_CLOSE_UNRESOLVED,2013-06-19,2020-07-18,2013-06-19,2020-07-18,2013-06-19,2020-07-18,247,24,24,216,216,False,True,True,ZERO_TRADE_ENDPOINT_REQUIRES_TRADING_DAY_SEMANTICS_ADJUDICATION,,OBSERVED_FROM_IMMUTABLE_BUNDLE_NO_LIVE_TSETMC_QUERY,False
main_rule_a_primary,غشهد,1394,1395,fold1_train;fold2_train,2016-07-19,2016-07-18,RNG0072,True,True,66988500.0,34525.0,3.0,1952.0,OK,2015-07-18,2015-07-19,RNG0072,True,False,0.0,0.0,0.0,2115.0,ADJUSTED_CLOSE_UNRESOLVED,2013-06-19,2020-07-18,2013-06-19,2020-07-18,2013-06-23,2020-07-18,247,90,90,113,113,False,False,False,ZERO_TRADE_ENDPOINT_REQUIRES_TRADING_DAY_SEMANTICS_ADJUDICATION,G_FEWER_THAN_126_VALID_RETURNS_ONLY,OBSERVED_FROM_IMMUTABLE_BUNDLE_NO_LIVE_TSETMC_QUERY,False
main_rule_a_primary,غنوش,1394,1395,fold1_train;fold2_train,2016-07-19,2016-07-18,RNG0073,True,False,0.0,0.0,0.0,3813.0,ADJUSTED_CLOSE_UNRESOLVED,2015-07-18,2015-07-19,RNG0073,True,False,0.0,0.0,0.0,4069.0,ADJUSTED_CLOSE_UNRESOLVED,2013-06-19,2020-07-18,2013-06-19,2020-07-18,2013-07-06,2020-07-18,247,235,235,0,0,False,False,False,ZERO_TRADE_ENDPOINT_REQUIRES_TRADING_DAY_SEMANTICS_ADJUDICATION,ZERO_TRADE_ENDPOINT_REQUIRES_TRADING_DAY_SEMANTICS_ADJUDICATION;G_FEWER_THAN_126_VALID_RETURNS_ONLY,OBSERVED_FROM_IMMUTABLE_BUNDLE_NO_LIVE_TSETMC_QUERY,False
main_rule_a_primary,غگل,1394,1395,fold1_train;fold2_train,2016-01-20,2016-01-19,RNG0074,True,False,0.0,0.0,0.0,34086.0,ADJUSTED_CLOSE_UNRESOLVED,2015-01-19,2015-01-19,RNG0074,True,False,0.0,0.0,0.0,19755.0,ADJUSTED_CLOSE_UNRESOLVED,2012-12-20,2020-01-19,2012-12-22,2020-01-19,2012-12-23,2020-01-15,246,168,168,46,46,False,False,False,ZERO_TRADE_ENDPOINT_REQUIRES_TRADING_DAY_SEMANTICS_ADJUDICATION,ZERO_TRADE_ENDPOINT_REQUIRES_TRADING_DAY_SEMANTICS_ADJUDICATION;G_FEWER_THAN_126_VALID_RETURNS_ONLY,OBSERVED_FROM_IMMUTABLE_BUNDLE_NO_LIVE_TSETMC_QUERY,False
main_rule_a_primary,فاذر,1394,1395,fold1_train;fold2_train,2016-07-19,2016-07-18,RNG0075,True,True,140697996848.0,26899019.0,1280.0,5231.0,OK,2015-07-18,2015-07-19,RNG0075,True,False,0.0,0.0,0.0,2967.0,ADJUSTED_CLOSE_UNRESOLVED,2014-06-19,2020-07-18,2014-06-21,2020-07-18,2014-06-30,2020-07-12,247,27,27,216,216,False,True,True,ZERO_TRADE_ENDPOINT_REQUIRES_TRADING_DAY_SEMANTICS_ADJUDICATION,,OBSERVED_FROM_IMMUTABLE_BUNDLE_NO_LIVE_TSETMC_QUERY,False
main_rule_a_primary,فایرا,1394,1395,fold1_train;fold2_train,2016-07-19,2016-07-18,RNG0076,True,False,0.0,0.0,0.0,2828.0,ADJUSTED_CLOSE_UNRESOLVED,2015-07-18,2015-07-19,RNG0076,True,False,0.0,0.0,0.0,5662.0,ADJUSTED_CLOSE_UNRESOLVED,2014-06-19,2020-07-18,2014-06-21,2020-07-18,2014-08-03,2020-07-18,247,186,186,60,60,False,False,False,ZERO_TRADE_ENDPOINT_REQUIRES_TRADING_DAY_SEMANTICS_ADJUDICATION,ZERO_TRADE_ENDPOINT_REQUIRES_TRADING_DAY_SEMANTICS_ADJUDICATION;G_FEWER_THAN_126_VALID_RETURNS_ONLY,OBSERVED_FROM_IMMUTABLE_BUNDLE_NO_LIVE_TSETMC_QUERY,False
main_rule_a_primary,فباهنر,1394,1395,fold1_train;fold2_train,2016-07-19,2016-07-18,RNG0077,True,True,3162468346.0,2106270.0,302.0,1501.0,OK,2015-07-18,2015-07-19,RNG0077,True,False,0.0,0.0,0.0,1421.0,ADJUSTED_CLOSE_UNRESOLVED,2014-06-19,2020-07-18,2014-06-21,2020-07-18,2014-06-24,2020-07-18,247,6,6,239,239,False,True,True,ZERO_TRADE_ENDPOINT_REQUIRES_TRADING_DAY_SEMANTICS_ADJUDICATION,,OBSERVED_FROM_IMMUTABLE_BUNDLE_NO_LIVE_TSETMC_QUERY,False
main_rule_a_primary,فجام,1394,1395,fold1_train;fold2_train,2016-07-19,2016-07-18,RNG0078,True,False,0.0,0.0,0.0,25661.0,ADJUSTED_CLOSE_UNRESOLVED,2015-07-18,2015-07-19,RNG0078,True,False,0.0,0.0,0.0,11760.0,ADJUSTED_CLOSE_UNRESOLVED,2014-06-19,2020-07-18,2014-06-21,2020-07-18,2014-06-21,2020-07-14,247,77,77,133,133,False,True,True,ZERO_TRADE_ENDPOINT_REQUIRES_TRADING_DAY_SEMANTICS_ADJUDICATION,ZERO_TRADE_ENDPOINT_REQUIRES_TRADING_DAY_SEMANTICS_ADJUDICATION,OBSERVED_FROM_IMMUTABLE_BUNDLE_NO_LIVE_TSETMC_QUERY,False
main_rule_a_primary,فجر,1394,1395,fold1_train;fold2_train,2016-07-19,2016-07-18,RNG0079,True,False,0.0,0.0,0.0,6853.0,ADJUSTED_CLOSE_UNRESOLVED,2015-07-18,2015-07-19,RNG0079,True,False,0.0,0.0,0.0,11140.0,ADJUSTED_CLOSE_UNRESOLVED,2014-06-19,2020-07-18,2014-06-21,2020-07-18,2014-06-23,2020-07-18,247,187,187,36,36,False,False,False,ZERO_TRADE_ENDPOINT_REQUIRES_TRADING_DAY_SEMANTICS_ADJUDICATION,ZERO_TRADE_ENDPOINT_REQUIRES_TRADING_DAY_SEMANTICS_ADJUDICATION;G_FEWER_THAN_126_VALID_RETURNS_ONLY,OBSERVED_FROM_IMMUTABLE_BUNDLE_NO_LIVE_TSETMC_QUERY,False
main_rule_a_primary,فخوز,1394,1395,fold1_train;fold2_train,2016-07-19,2016-07-18,RNG0080,True,True,11708439692.0,4879417.0,295.0,2400.0,OK,2015-07-18,2015-07-19,RNG0080,True,False,0.0,0.0,0.0,3420.0,ADJUSTED_CLOSE_UNRESOLVED,2014-06-19,2020-07-18,2014-06-21,2020-07-18,2014-06-21,2020-07-18,247,58,58,183,183,False,True,True,ZERO_TRADE_ENDPOINT_REQUIRES_TRADING_DAY_SEMANTICS_ADJUDICATION,,OBSERVED_FROM_IMMUTABLE_BUNDLE_NO_LIVE_TSETMC_QUERY,False
main_rule_a_primary,فرآور,1394,1395,fold1_train;fold2_train,2016-07-19,2016-07-18,RNG0081,True,True,7089869854.0,1397367.0,372.0,5074.0,OK,2015-07-18,2015-07-19,RNG0081,True,False,0.0,0.0,0.0,2447.0,ADJUSTED_CLOSE_UNRESOLVED,2014-06-19,2020-07-18,2014-06-21,2020-07-18,2014-06-21,2020-07-18,247,38,38,200,200,False,True,True,ZERO_TRADE_ENDPOINT_REQUIRES_TRADING_DAY_SEMANTICS_ADJUDICATION,,OBSERVED_FROM_IMMUTABLE_BUNDLE_NO_LIVE_TSETMC_QUERY,False
main_rule_a_primary,فسرب,1394,1395,fold1_train;fold2_train,2016-07-19,2016-07-18,RNG0082,True,True,16538810952.0,6461302.0,708.0,2560.0,OK,2015-07-18,2015-07-19,RNG0082,True,False,0.0,0.0,0.0,1160.0,ADJUSTED_CLOSE_UNRESOLVED,2014-06-19,2020-07-18,2014-06-21,2020-07-18,2014-06-21,2020-07-18,247,13,13,230,230,False,True,True,ZERO_TRADE_ENDPOINT_REQUIRES_TRADING_DAY_SEMANTICS_ADJUDICATION,,OBSERVED_FROM_IMMUTABLE_BUNDLE_NO_LIVE_TSETMC_QUERY,False
main_rule_a_primary,فسپا,1394,1395,fold1_train;fold2_train,2016-07-19,2016-07-18,RNG0083,True,False,0.0,0.0,0.0,2805.0,ADJUSTED_CLOSE_UNRESOLVED,2015-07-18,2015-07-19,RNG0083,True,False,0.0,0.0,0.0,4713.0,ADJUSTED_CLOSE_UNRESOLVED,2014-06-19,2020-07-18,2014-06-21,2020-07-18,2014-06-21,2020-07-18,247,193,193,21,21,False,False,False,ZERO_TRADE_ENDPOINT_REQUIRES_TRADING_DAY_SEMANTICS_ADJUDICATION,ZERO_TRADE_ENDPOINT_REQUIRES_TRADING_DAY_SEMANTICS_ADJUDICATION;G_FEWER_THAN_126_VALID_RETURNS_ONLY,OBSERVED_FROM_IMMUTABLE_BUNDLE_NO_LIVE_TSETMC_QUERY,False
main_rule_a_primary,فمراد,1394,1395,fold1_train;fold2_train,2016-07-19,2016-07-18,RNG0084,True,False,0.0,0.0,0.0,2466.0,ADJUSTED_CLOSE_UNRESOLVED,2015-07-18,2015-07-19,RNG0084,True,False,0.0,0.0,0.0,2298.0,ADJUSTED_CLOSE_UNRESOLVED,2014-06-19,2020-07-18,2014-06-21,2020-07-18,2014-11-01,2020-07-18,247,22,22,222,222,False,True,True,ZERO_TRADE_ENDPOINT_REQUIRES_TRADING_DAY_SEMANTICS_ADJUDICATION,ZERO_TRADE_ENDPOINT_REQUIRES_TRADING_DAY_SEMANTICS_ADJUDICATION,OBSERVED_FROM_IMMUTABLE_BUNDLE_NO_LIVE_TSETMC_QUERY,False
main_rule_a_primary,فملی,1394,1395,fold1_train;fold2_train,2016-07-19,2016-07-18,RNG0085,True,False,0.0,0.0,0.0,1397.0,ADJUSTED_CLOSE_UNRESOLVED,2015-07-18,2015-07-19,RNG0085,True,False,0.0,0.0,0.0,1837.0,ADJUSTED_CLOSE_UNRESOLVED,2014-06-19,2020-07-18,2014-06-21,2020-07-18,2014-06-21,2020-07-18,247,29,29,215,215,False,True,True,ZERO_TRADE_ENDPOINT_REQUIRES_TRADING_DAY_SEMANTICS_ADJUDICATION,ZERO_TRADE_ENDPOINT_REQUIRES_TRADING_DAY_SEMANTICS_ADJUDICATION,OBSERVED_FROM_IMMUTABLE_BUNDLE_NO_LIVE_TSETMC_QUERY,False
main_rule_a_primary,فنورد,1394,1395,fold1_train;fold2_train,2016-07-19,2016-07-18,RNG0086,True,True,660396997.0,137197.0,57.0,4813.0,OK,2015-07-18,2015-07-19,RNG0086,True,False,0.0,0.0,0.0,3924.0,ADJUSTED_CLOSE_UNRESOLVED,2014-06-19,2020-07-18,2014-06-21,2020-07-18,2014-06-21,2020-07-18,247,134,134,72,72,False,False,False,ZERO_TRADE_ENDPOINT_REQUIRES_TRADING_DAY_SEMANTICS_ADJUDICATION,G_FEWER_THAN_126_VALID_RETURNS_ONLY,OBSERVED_FROM_IMMUTABLE_BUNDLE_NO_LIVE_TSETMC_QUERY,False
main_rule_a_primary,فولاژ,1394,1395,fold1_train;fold2_train,2016-07-19,2016-07-18,RNG0087,True,False,0.0,0.0,0.0,1594.0,ADJUSTED_CLOSE_UNRESOLVED,2015-07-18,2015-07-19,RNG0087,True,False,0.0,0.0,0.0,1606.0,ADJUSTED_CLOSE_UNRESOLVED,2014-06-19,2020-07-18,2014-06-21,2020-07-18,2014-06-21,2020-07-15,247,20,20,224,224,False,True,True,ZERO_TRADE_ENDPOINT_REQUIRES_TRADING_DAY_SEMANTICS_ADJUDICATION,ZERO_TRADE_ENDPOINT_REQUIRES_TRADING_DAY_SEMANTICS_ADJUDICATION,OBSERVED_FROM_IMMUTABLE_BUNDLE_NO_LIVE_TSETMC_QUERY,False
main_rule_a_primary,فپنتا,1394,1395,fold1_train;fold2_train,2016-07-19,2016-07-18,RNG0088,True,False,0.0,0.0,0.0,15238.0,ADJUSTED_CLOSE_UNRESOLVED,2015-07-18,2015-07-19,RNG0088,True,False,0.0,0.0,0.0,11496.0,ADJUSTED_CLOSE_UNRESOLVED,2014-06-19,2020-07-18,2014-06-21,2020-07-18,2014-06-21,2020-07-14,247,70,70,144,144,False,True,True,ZERO_TRADE_ENDPOINT_REQUIRES_TRADING_DAY_SEMANTICS_ADJUDICATION,ZERO_TRADE_ENDPOINT_REQUIRES_TRADING_DAY_SEMANTICS_ADJUDICATION,OBSERVED_FROM_IMMUTABLE_BUNDLE_NO_LIVE_TSETMC_QUERY,False
main_rule_a_primary,لابسا,1394,1395,fold1_train;fold2_train,2016-07-19,2016-07-18,RNG0089,True,False,0.0,0.0,0.0,2113.0,ADJUSTED_CLOSE_UNRESOLVED,2015-07-18,2015-07-19,RNG0089,True,False,0.0,0.0,0.0,2381.0,ADJUSTED_CLOSE_UNRESOLVED,2014-06-19,2020-07-18,2014-06-21,2020-07-18,2014-06-21,2020-07-18,247,18,18,225,225,False,True,True,ZERO_TRADE_ENDPOINT_REQUIRES_TRADING_DAY_SEMANTICS_ADJUDICATION,ZERO_TRADE_ENDPOINT_REQUIRES_TRADING_DAY_SEMANTICS_ADJUDICATION,OBSERVED_FROM_IMMUTABLE_BUNDLE_NO_LIVE_TSETMC_QUERY,False
main_rule_a_primary,لبوتان,1394,1395,fold1_train;fold2_train,2016-07-19,2016-07-18,RNG0090,True,False,0.0,0.0,0.0,2868.0,ADJUSTED_CLOSE_UNRESOLVED,2015-07-18,2015-07-19,RNG0090,True,False,0.0,0.0,0.0,2676.0,ADJUSTED_CLOSE_UNRESOLVED,2014-06-19,2020-07-18,2014-06-21,2020-07-18,2014-07-02,2020-07-18,247,75,75,149,149,False,True,True,ZERO_TRADE_ENDPOINT_REQUIRES_TRADING_DAY_SEMANTICS_ADJUDICATION,ZERO_TRADE_ENDPOINT_REQUIRES_TRADING_DAY_SEMANTICS_ADJUDICATION,OBSERVED_FROM_IMMUTABLE_BUNDLE_NO_LIVE_TSETMC_QUERY,False
main_rule_a_primary,لخزر,1394,1395,fold1_train;fold2_train,2016-07-19,2016-07-18,RNG0091,True,True,523094746.0,63594.0,57.0,8226.0,OK,2015-07-18,2015-07-19,RNG0091,True,False,0.0,0.0,0.0,6305.0,ADJUSTED_CLOSE_UNRESOLVED,2014-06-19,2020-07-18,2014-06-21,2020-07-18,2014-06-21,2020-07-18,247,17,17,219,219,False,True,True,ZERO_TRADE_ENDPOINT_REQUIRES_TRADING_DAY_SEMANTICS_ADJUDICATION,,OBSERVED_FROM_IMMUTABLE_BUNDLE_NO_LIVE_TSETMC_QUERY,False
main_rule_a_primary,لسرما,1394,1395,fold1_train;fold2_train,2016-07-19,2016-07-18,RNG0092,True,False,0.0,0.0,0.0,1779.0,ADJUSTED_CLOSE_UNRESOLVED,2015-07-18,2015-07-19,RNG0092,True,False,0.0,0.0,0.0,2084.0,ADJUSTED_CLOSE_UNRESOLVED,2014-06-19,2020-07-18,2014-06-21,2020-07-18,2014-07-08,2020-07-18,247,16,16,227,227,False,True,True,ZERO_TRADE_ENDPOINT_REQUIRES_TRADING_DAY_SEMANTICS_ADJUDICATION,ZERO_TRADE_ENDPOINT_REQUIRES_TRADING_DAY_SEMANTICS_ADJUDICATION,OBSERVED_FROM_IMMUTABLE_BUNDLE_NO_LIVE_TSETMC_QUERY,False
main_rule_a_primary,همراه,1394,1395,fold1_train;fold2_train,2016-07-19,2016-07-18,RNG0095,True,True,22511277545.0,746169.0,173.0,30169.0,OK,2015-07-18,2015-07-19,RNG0095,True,False,0.0,0.0,0.0,26842.0,ADJUSTED_CLOSE_UNRESOLVED,2015-06-18,2020-07-18,2015-06-20,2020-07-18,2015-06-20,2020-07-18,247,6,6,239,239,False,True,True,ZERO_TRADE_ENDPOINT_REQUIRES_TRADING_DAY_SEMANTICS_ADJUDICATION,,OBSERVED_FROM_IMMUTABLE_BUNDLE_NO_LIVE_TSETMC_QUERY,False
main_rule_a_primary,پدرخش,1394,1395,fold1_train;fold2_train,2016-07-19,2016-07-18,RNG0097,True,True,135590650.0,69116.0,17.0,1962.0,OK,2015-07-18,2015-07-19,RNG0097,True,False,0.0,0.0,0.0,2816.0,ADJUSTED_CLOSE_UNRESOLVED,2014-06-19,2020-07-18,2014-06-21,2020-07-18,2014-06-30,2020-07-18,247,51,51,179,179,False,True,True,ZERO_TRADE_ENDPOINT_REQUIRES_TRADING_DAY_SEMANTICS_ADJUDICATION,,OBSERVED_FROM_IMMUTABLE_BUNDLE_NO_LIVE_TSETMC_QUERY,False
main_rule_a_primary,پسهند,1394,1395,fold1_train;fold2_train,2016-07-19,2016-07-18,RNG0099,True,True,754944549.0,337479.0,122.0,2237.0,OK,2015-07-18,2015-07-19,RNG0099,True,False,0.0,0.0,0.0,5200.0,ADJUSTED_CLOSE_UNRESOLVED,2014-06-19,2020-07-18,2014-06-21,2020-07-18,2014-06-21,2020-07-18,247,18,18,224,224,False,True,True,ZERO_TRADE_ENDPOINT_REQUIRES_TRADING_DAY_SEMANTICS_ADJUDICATION,,OBSERVED_FROM_IMMUTABLE_BUNDLE_NO_LIVE_TSETMC_QUERY,False
main_rule_a_primary,پلاسک,1394,1395,fold1_train;fold2_train,2016-07-19,2016-07-18,RNG0100,True,True,4485449485.0,2668533.0,472.0,1681.0,OK,2015-07-18,2015-07-19,RNG0100,True,False,0.0,0.0,0.0,1320.0,ADJUSTED_CLOSE_UNRESOLVED,2014-06-19,2020-07-18,2014-06-21,2020-07-18,2014-06-21,2020-07-18,247,11,11,232,232,False,True,True,ZERO_TRADE_ENDPOINT_REQUIRES_TRADING_DAY_SEMANTICS_ADJUDICATION,,OBSERVED_FROM_IMMUTABLE_BUNDLE_NO_LIVE_TSETMC_QUERY,False
main_rule_a_primary,چافست,1394,1395,fold1_train;fold2_train,2016-01-20,2016-01-19,RNG0101,True,True,2621205373.0,727351.0,175.0,3604.0,OK,2015-01-19,2015-01-19,RNG0101,True,True,496104282.0,43851.0,45.0,11313.0,OK,2013-12-20,2020-01-19,2013-12-21,2020-01-19,2013-12-28,2020-01-15,246,14,14,227,227,True,True,True,,,OBSERVED_FROM_IMMUTABLE_BUNDLE_NO_LIVE_TSETMC_QUERY,False
main_rule_a_primary,چکارن,1394,1395,fold1_train;fold2_train,2016-07-19,2016-07-18,RNG0102,True,True,1897497093.0,701289.0,114.0,2706.0,OK,2015-07-18,2015-07-19,RNG0102,True,False,0.0,0.0,0.0,2540.0,ADJUSTED_CLOSE_UNRESOLVED,2014-06-19,2020-07-18,2014-06-21,2020-07-18,2014-06-21,2020-07-18,247,36,36,204,204,False,True,True,ZERO_TRADE_ENDPOINT_REQUIRES_TRADING_DAY_SEMANTICS_ADJUDICATION,,OBSERVED_FROM_IMMUTABLE_BUNDLE_NO_LIVE_TSETMC_QUERY,False
main_rule_a_primary,کبافق,1394,1395,fold1_train;fold2_train,2016-07-19,2016-07-18,RNG0104,True,True,2415962723.0,463557.0,173.0,5212.0,OK,2015-07-18,2015-07-19,RNG0104,True,False,0.0,0.0,0.0,2963.0,ADJUSTED_CLOSE_UNRESOLVED,2013-06-19,2020-07-18,2013-06-19,2020-07-18,2013-06-19,2020-07-18,247,31,31,210,210,False,True,True,ZERO_TRADE_ENDPOINT_REQUIRES_TRADING_DAY_SEMANTICS_ADJUDICATION,,OBSERVED_FROM_IMMUTABLE_BUNDLE_NO_LIVE_TSETMC_QUERY,False
main_rule_a_primary,کرازی,1394,1395,fold1_train;fold2_train,2016-07-19,2016-07-18,RNG0105,True,True,8346212320.0,1485599.0,374.0,5618.0,OK,2015-07-18,2015-07-19,RNG0105,True,False,0.0,0.0,0.0,8099.0,ADJUSTED_CLOSE_UNRESOLVED,2013-06-19,2020-07-18,2013-06-19,2020-07-18,2013-06-19,2020-07-18,247,12,12,227,227,False,True,True,ZERO_TRADE_ENDPOINT_REQUIRES_TRADING_DAY_SEMANTICS_ADJUDICATION,,OBSERVED_FROM_IMMUTABLE_BUNDLE_NO_LIVE_TSETMC_QUERY,False
main_rule_a_primary,کفرا,1394,1395,fold1_train;fold2_train,2016-07-19,2016-07-18,RNG0106,True,True,3373555355.0,1021186.0,208.0,3304.0,OK,2015-07-18,2015-07-19,RNG0106,True,False,0.0,0.0,0.0,8793.0,ADJUSTED_CLOSE_UNRESOLVED,2013-06-19,2020-07-18,2013-06-19,2020-07-18,2013-07-06,2020-07-18,247,34,34,209,209,False,True,True,ZERO_TRADE_ENDPOINT_REQUIRES_TRADING_DAY_SEMANTICS_ADJUDICATION,,OBSERVED_FROM_IMMUTABLE_BUNDLE_NO_LIVE_TSETMC_QUERY,False
main_rule_a_primary,کفپارس,1394,1395,fold1_train;fold2_train,2016-04-18,2016-04-17,RNG0107,True,False,0.0,0.0,0.0,6918.0,ADJUSTED_CLOSE_UNRESOLVED,2015-04-17,2015-04-18,RNG0107,True,False,0.0,0.0,0.0,4503.0,ADJUSTED_CLOSE_UNRESOLVED,2013-03-19,2020-04-17,2013-03-25,2020-04-15,2013-05-20,2020-04-15,246,68,68,173,173,False,True,True,ZERO_TRADE_ENDPOINT_REQUIRES_TRADING_DAY_SEMANTICS_ADJUDICATION,ZERO_TRADE_ENDPOINT_REQUIRES_TRADING_DAY_SEMANTICS_ADJUDICATION,OBSERVED_FROM_IMMUTABLE_BUNDLE_NO_LIVE_TSETMC_QUERY,False
main_rule_a_primary,کهمدا,1394,1395,fold1_train;fold2_train,2015-10-22,2015-10-21,RNG0108,True,True,711492472.0,123997.0,20.0,5738.0,OK,2014-10-21,2014-10-21,RNG0108,True,True,10452007017.0,1382368.0,151.0,7561.0,OK,2012-09-21,2019-10-21,2012-09-22,2019-10-21,2012-09-22,2019-10-21,245,11,11,230,230,True,True,True,,,OBSERVED_FROM_IMMUTABLE_BUNDLE_NO_LIVE_TSETMC_QUERY,False
main_rule_a_primary,کگاز,1394,1395,fold1_train;fold2_train,2016-07-19,2016-07-18,RNG0110,True,True,5525295281.0,1080214.0,243.0,5115.0,OK,2015-07-18,2015-07-19,RNG0110,True,False,0.0,0.0,0.0,3717.0,ADJUSTED_CLOSE_UNRESOLVED,2013-06-19,2020-07-18,2013-06-19,2020-07-18,2013-06-19,2020-07-18,247,35,35,208,208,False,True,True,ZERO_TRADE_ENDPOINT_REQUIRES_TRADING_DAY_SEMANTICS_ADJUDICATION,,OBSERVED_FROM_IMMUTABLE_BUNDLE_NO_LIVE_TSETMC_QUERY,False
main_rule_a_primary,کگل,1394,1395,fold1_train;fold2_train,2016-07-19,2016-07-18,RNG0111,True,True,8492984421.0,4840293.0,420.0,1755.0,OK,2015-07-18,2015-07-19,RNG0111,True,False,0.0,0.0,0.0,3041.0,ADJUSTED_CLOSE_UNRESOLVED,2013-06-19,2020-07-18,2013-06-19,2020-07-18,2013-06-19,2020-07-18,247,40,40,205,205,False,True,True,ZERO_TRADE_ENDPOINT_REQUIRES_TRADING_DAY_SEMANTICS_ADJUDICATION,,OBSERVED_FROM_IMMUTABLE_BUNDLE_NO_LIVE_TSETMC_QUERY,False
main_rule_a_primary,بالبر,1395,1396,fold1_validation;fold2_train,2017-01-19,2017-01-18,RNG0001,True,False,0.0,0.0,0.0,2756.0,ADJUSTED_CLOSE_UNRESOLVED,2016-01-18,2016-01-18,RNG0001,True,True,50661800.0,23430.0,66.0,2202.0,OK,2013-12-20,2020-01-19,2013-12-21,2020-01-19,2014-01-27,2020-01-19,246,25,25,215,215,False,True,True,ZERO_TRADE_ENDPOINT_REQUIRES_TRADING_DAY_SEMANTICS_ADJUDICATION,,OBSERVED_FROM_IMMUTABLE_BUNDLE_NO_LIVE_TSETMC_QUERY,False
main_rule_a_primary,بترانس,1395,1396,fold1_validation;fold2_train,2017-07-21,2017-07-19,RNG0002,True,True,3634754682.0,678379.0,77.0,5512.0,OK,2016-07-19,2016-07-19,RNG0002,True,False,0.0,0.0,0.0,14935.0,ADJUSTED_CLOSE_UNRESOLVED,2014-06-19,2020-07-18,2014-06-21,2020-07-18,2014-06-21,2020-07-18,243,17,17,221,221,False,True,True,ZERO_TRADE_ENDPOINT_REQUIRES_TRADING_DAY_SEMANTICS_ADJUDICATION,,OBSERVED_FROM_IMMUTABLE_BUNDLE_NO_LIVE_TSETMC_QUERY,False
main_rule_a_primary,بموتو,1395,1396,fold1_validation;fold2_train,2017-01-19,2017-01-18,RNG0003,True,True,135899722.0,29768.0,34.0,4659.0,OK,2016-01-18,2016-01-18,RNG0003,True,True,8516675.0,1501.0,3.0,5970.0,OK,2012-12-20,2020-01-19,2012-12-22,2020-01-19,2012-12-22,2020-01-19,246,34,34,204,204,True,True,True,,,OBSERVED_FROM_IMMUTABLE_BUNDLE_NO_LIVE_TSETMC_QUERY,False
main_rule_a_primary,بکاب,1395,1396,fold1_validation;fold2_train,2017-01-19,2017-01-18,RNG0004,True,False,0.0,0.0,0.0,12351.0,ADJUSTED_CLOSE_UNRESOLVED,2016-01-18,2016-01-18,RNG0004,True,False,0.0,0.0,0.0,8291.0,ADJUSTED_CLOSE_UNRESOLVED,2013-12-20,2020-01-19,2013-12-21,2020-01-19,2013-12-21,2020-01-18,246,17,17,226,226,False,True,True,ZERO_TRADE_ENDPOINT_REQUIRES_TRADING_DAY_SEMANTICS_ADJUDICATION,ZERO_TRADE_ENDPOINT_REQUIRES_TRADING_DAY_SEMANTICS_ADJUDICATION,OBSERVED_FROM_IMMUTABLE_BUNDLE_NO_LIVE_TSETMC_QUERY,False
main_rule_a_primary,بکام,1395,1396,fold1_validation;fold2_train,2017-07-21,2017-07-19,RNG0005,True,False,0.0,0.0,0.0,2600.0,ADJUSTED_CLOSE_UNRESOLVED,2016-07-19,2016-07-19,RNG0005,True,True,2459072493.0,1097180.0,218.0,2241.0,OK,2014-06-19,2020-07-18,2014-06-21,2020-07-18,2014-06-29,2020-06-28,243,39,39,200,200,False,True,True,ZERO_TRADE_ENDPOINT_REQUIRES_TRADING_DAY_SEMANTICS_ADJUDICATION,,OBSERVED_FROM_IMMUTABLE_BUNDLE_NO_LIVE_TSETMC_QUERY,False
main_rule_a_primary,تپمپی,1395,1396,fold1_validation;fold2_train,2016-10-21,2016-10-19,RNG0006,True,False,0.0,0.0,0.0,3204.0,ADJUSTED_CLOSE_UNRESOLVED,2015-10-19,2015-10-19,RNG0006,True,False,0.0,0.0,0.0,3375.0,ADJUSTED_CLOSE_UNRESOLVED,2013-09-21,2019-10-21,2013-09-21,2019-10-21,2013-09-21,2019-10-16,245,48,48,180,180,False,True,True,ZERO_TRADE_ENDPOINT_REQUIRES_TRADING_DAY_SEMANTICS_ADJUDICATION,ZERO_TRADE_ENDPOINT_REQUIRES_TRADING_DAY_SEMANTICS_ADJUDICATION,OBSERVED_FROM_IMMUTABLE_BUNDLE_NO_LIVE_TSETMC_QUERY,False
main_rule_a_primary,تکمبا,1395,1396,fold1_validation;fold2_train,2017-07-21,2017-07-19,RNG0007,True,False,0.0,0.0,0.0,758.0,ADJUSTED_CLOSE_UNRESOLVED,2016-07-19,2016-07-19,RNG0007,True,False,0.0,0.0,0.0,802.0,ADJUSTED_CLOSE_UNRESOLVED,2014-06-19,2020-07-18,2014-06-21,2020-07-18,2014-06-21,2020-07-18,243,14,14,225,225,False,True,True,ZERO_TRADE_ENDPOINT_REQUIRES_TRADING_DAY_SEMANTICS_ADJUDICATION,ZERO_TRADE_ENDPOINT_REQUIRES_TRADING_DAY_SEMANTICS_ADJUDICATION,OBSERVED_FROM_IMMUTABLE_BUNDLE_NO_LIVE_TSETMC_QUERY,False
main_rule_a_primary,ثشرق,1395,1396,fold1_validation;fold2_train,2017-01-19,2017-01-18,RNG0008,True,True,1214798357.0,955695.0,111.0,1271.0,OK,2016-01-18,2016-01-18,RNG0008,True,True,4402736118.0,3260843.0,293.0,1350.0,OK,2013-12-20,2020-01-19,2014-05-11,2020-01-19,2014-06-25,2020-01-19,246,12,12,229,229,True,True,True,,,OBSERVED_FROM_IMMUTABLE_BUNDLE_NO_LIVE_TSETMC_QUERY,True
main_rule_a_primary,ثنوسا,1395,1396,fold1_validation;fold2_train,2017-01-19,2017-01-18,RNG0009,True,True,6543038856.0,3657842.0,516.0,1789.0,OK,2016-01-18,2016-01-18,RNG0009,True,True,3894895698.0,2292371.0,383.0,1699.0,OK,2012-12-20,2020-01-19,2012-12-22,2020-01-19,2012-12-22,2020-01-19,246,36,36,204,204,True,True,True,,,OBSERVED_FROM_IMMUTABLE_BUNDLE_NO_LIVE_TSETMC_QUERY,False
main_rule_a_primary,جم,1395,1396,fold1_validation;fold2_train,2017-07-21,2017-07-19,RNG0010,True,True,1522138741.0,192420.0,48.0,7950.0,OK,2016-07-19,2016-07-19,RNG0010,True,False,0.0,0.0,0.0,9436.0,ADJUSTED_CLOSE_UNRESOLVED,2015-06-18,2020-07-18,2015-08-08,2020-07-18,2015-08-09,2020-07-18,243,13,13,225,225,False,True,True,ZERO_TRADE_ENDPOINT_REQUIRES_TRADING_DAY_SEMANTICS_ADJUDICATION,,OBSERVED_FROM_IMMUTABLE_BUNDLE_NO_LIVE_TSETMC_QUERY,True
main_rule_a_primary,حپترو,1395,1396,fold1_validation;fold2_train,2017-07-21,2017-07-19,RNG0012,True,False,0.0,0.0,0.0,4128.0,ADJUSTED_CLOSE_UNRESOLVED,2016-07-19,2016-07-19,RNG0012,True,False,0.0,0.0,0.0,2946.0,ADJUSTED_CLOSE_UNRESOLVED,2013-06-19,2020-07-18,2013-06-19,2020-07-18,2013-06-30,2020-07-18,243,31,31,205,205,False,True,True,ZERO_TRADE_ENDPOINT_REQUIRES_TRADING_DAY_SEMANTICS_ADJUDICATION,ZERO_TRADE_ENDPOINT_REQUIRES_TRADING_DAY_SEMANTICS_ADJUDICATION,OBSERVED_FROM_IMMUTABLE_BUNDLE_NO_LIVE_TSETMC_QUERY,False
main_rule_a_primary,حکشتی,1395,1396,fold1_validation;fold2_train,2016-10-21,2016-10-19,RNG0013,True,False,0.0,0.0,0.0,4905.0,ADJUSTED_CLOSE_UNRESOLVED,2015-10-19,2015-10-19,RNG0013,True,True,16509361732.0,2957438.0,749.0,5582.0,OK,2012-09-21,2019-10-21,2012-09-22,2019-10-21,2012-09-22,2019-10-20,245,9,9,233,233,False,True,True,ZERO_TRADE_ENDPOINT_REQUIRES_TRADING_DAY_SEMANTICS_ADJUDICATION,,OBSERVED_FROM_IMMUTABLE_BUNDLE_NO_LIVE_TSETMC_QUERY,False
main_rule_a_primary,خاذین,1395,1396,fold1_validation;fold2_train,2017-07-21,2017-07-19,RNG0014,True,True,3856449201.0,3870382.0,391.0,996.0,OK,2016-07-19,2016-07-19,RNG0014,True,False,0.0,0.0,0.0,971.0,ADJUSTED_CLOSE_UNRESOLVED,2013-06-19,2020-07-18,2013-06-19,2020-07-18,2013-06-19,2020-07-18,243,28,28,208,208,False,True,True,ZERO_TRADE_ENDPOINT_REQUIRES_TRADING_DAY_SEMANTICS_ADJUDICATION,,OBSERVED_FROM_IMMUTABLE_BUNDLE_NO_LIVE_TSETMC_QUERY,False
main_rule_a_primary,خبهمن,1395,1396,fold1_validation;fold2_train,2017-07-21,2017-07-19,RNG0015,True,False,0.0,0.0,0.0,967.0,ADJUSTED_CLOSE_UNRESOLVED,2016-07-19,2016-07-19,RNG0015,True,True,26799426070.0,9363428.0,725.0,2862.0,OK,2013-06-19,2020-07-18,2013-06-19,2020-07-18,2013-06-22,2020-07-18,243,29,29,210,210,False,True,True,ZERO_TRADE_ENDPOINT_REQUIRES_TRADING_DAY_SEMANTICS_ADJUDICATION,,OBSERVED_FROM_IMMUTABLE_BUNDLE_NO_LIVE_TSETMC_QUERY,False
main_rule_a_primary,ختوقا,1395,1396,fold1_validation;fold2_train,2017-07-21,2017-07-19,RNG0016,True,True,2768558291.0,1655910.0,231.0,1672.0,OK,2016-07-19,2016-07-19,RNG0016,True,True,1552612768.0,952276.0,156.0,1630.0,OK,2013-06-19,2020-07-18,2013-06-19,2020-07-18,2013-07-22,2020-07-18,243,10,10,228,228,True,True,True,,,OBSERVED_FROM_IMMUTABLE_BUNDLE_NO_LIVE_TSETMC_QUERY,False
main_rule_a_primary,خرینگ,1395,1396,fold1_validation;fold2_train,2017-07-21,2017-07-19,RNG0017,True,True,1160433987.0,1386736.0,180.0,837.0,OK,2016-07-19,2016-07-19,RNG0017,True,True,2130849590.0,2342663.0,247.0,910.0,OK,2013-06-19,2020-07-18,2013-06-19,2020-07-18,2013-06-23,2020-07-18,243,33,33,204,204,True,True,True,,,OBSERVED_FROM_IMMUTABLE_BUNDLE_NO_LIVE_TSETMC_QUERY,False
main_rule_a_primary,خمحور,1395,1396,fold1_validation;fold2_train,2017-07-21,2017-07-19,RNG0018,True,True,836005616.0,372601.0,74.0,2244.0,OK,2016-07-19,2016-07-19,RNG0018,True,True,7490533104.0,2183834.0,289.0,3430.0,OK,2013-06-19,2020-07-18,2013-06-19,2020-07-18,2013-06-22,2020-07-18,243,40,40,198,198,True,True,True,,,OBSERVED_FROM_IMMUTABLE_BUNDLE_NO_LIVE_TSETMC_QUERY,False
main_rule_a_primary,خمهر,1395,1396,fold1_validation;fold2_train,2017-07-21,2017-07-19,RNG0019,True,True,1226391154.0,817471.0,105.0,1500.0,OK,2016-07-19,2016-07-19,RNG0019,True,True,2762845167.0,1439725.0,190.0,1919.0,OK,2013-06-19,2020-07-18,2013-06-19,2020-07-18,2013-06-19,2020-07-18,243,6,6,233,233,True,True,True,,,OBSERVED_FROM_IMMUTABLE_BUNDLE_NO_LIVE_TSETMC_QUERY,False
main_rule_a_primary,خنصیر,1395,1396,fold1_validation;fold2_train,2017-07-21,2017-07-19,RNG0020,True,False,0.0,0.0,0.0,3706.0,ADJUSTED_CLOSE_UNRESOLVED,2016-07-19,2016-07-19,RNG0020,True,False,0.0,0.0,0.0,2467.0,ADJUSTED_CLOSE_UNRESOLVED,2013-06-19,2020-07-18,2013-06-19,2020-07-18,2013-06-22,2020-07-18,243,46,46,192,192,False,True,True,ZERO_TRADE_ENDPOINT_REQUIRES_TRADING_DAY_SEMANTICS_ADJUDICATION,ZERO_TRADE_ENDPOINT_REQUIRES_TRADING_DAY_SEMANTICS_ADJUDICATION,OBSERVED_FROM_IMMUTABLE_BUNDLE_NO_LIVE_TSETMC_QUERY,False
main_rule_a_primary,خوساز,1395,1396,fold1_validation;fold2_train,2017-07-21,2017-07-19,RNG0021,True,False,0.0,0.0,0.0,1876.0,ADJUSTED_CLOSE_UNRESOLVED,2016-07-19,2016-07-19,RNG0021,True,False,0.0,0.0,0.0,3341.0,ADJUSTED_CLOSE_UNRESOLVED,2013-06-19,2020-07-18,2013-06-19,2020-07-18,2013-06-19,2020-07-18,243,108,108,130,130,False,True,True,ZERO_TRADE_ENDPOINT_REQUIRES_TRADING_DAY_SEMANTICS_ADJUDICATION,ZERO_TRADE_ENDPOINT_REQUIRES_TRADING_DAY_SEMANTICS_ADJUDICATION,OBSERVED_FROM_IMMUTABLE_BUNDLE_NO_LIVE_TSETMC_QUERY,False
main_rule_a_primary,خچرخش,1395,1396,fold1_validation;fold2_train,2017-07-21,2017-07-19,RNG0022,True,True,2436519249.0,1336914.0,183.0,1822.0,OK,2016-07-19,2016-07-19,RNG0022,True,True,156672571.0,160408.0,33.0,981.0,OK,2013-06-19,2020-07-18,2013-06-19,2020-07-18,2013-06-23,2020-07-18,243,7,7,232,232,True,True,True,,,OBSERVED_FROM_IMMUTABLE_BUNDLE_NO_LIVE_TSETMC_QUERY,False
main_rule_a_primary,خکمک,1395,1396,fold1_validation;fold2_train,2017-07-21,2017-07-19,RNG0023,True,True,2143960773.0,2327064.0,284.0,921.0,OK,2016-07-19,2016-07-19,RNG0023,True,True,507874038.0,545556.0,100.0,931.0,OK,2013-06-19,2020-07-18,2013-06-19,2020-07-18,2013-06-30,2020-07-18,243,105,105,133,133,True,True,True,,,OBSERVED_FROM_IMMUTABLE_BUNDLE_NO_LIVE_TSETMC_QUERY,False
main_rule_a_primary,ددام,1395,1396,fold1_validation;fold2_train,2017-07-21,2017-07-19,RNG0024,True,True,59373786.0,12139.0,10.0,4895.0,OK,2016-07-19,2016-07-19,RNG0024,True,True,191841296.0,36520.0,37.0,5098.0,OK,2014-06-19,2020-07-18,2014-06-21,2020-07-18,2014-06-21,2020-07-18,243,90,90,145,145,True,True,True,,,OBSERVED_FROM_IMMUTABLE_BUNDLE_NO_LIVE_TSETMC_QUERY,False
main_rule_a_primary,دروز,1395,1396,fold1_validation;fold2_train,2017-07-21,2017-07-19,RNG0025,True,True,67869219.0,31495.0,19.0,2108.0,OK,2016-07-19,2016-07-19,RNG0025,True,True,6010000.0,1200.0,2.0,5213.0,OK,2013-06-19,2020-07-18,2013-06-19,2020-07-18,2013-06-19,2020-07-18,243,65,65,147,147,True,True,True,,,OBSERVED_FROM_IMMUTABLE_BUNDLE_NO_LIVE_TSETMC_QUERY,False
main_rule_a_primary,دسبحا,1395,1396,fold1_validation;fold2_train,2017-07-21,2017-07-19,RNG0026,True,True,72205874.0,15148.0,5.0,4699.0,OK,2016-07-19,2016-07-19,RNG0026,True,True,11819150.0,1550.0,3.0,7468.0,OK,2013-06-19,2020-07-18,2013-06-19,2020-07-18,2013-06-19,2020-07-18,243,13,13,225,225,True,True,True,,,OBSERVED_FROM_IMMUTABLE_BUNDLE_NO_LIVE_TSETMC_QUERY,False
main_rule_a_primary,دسینا,1395,1396,fold1_validation;fold2_train,2017-07-21,2017-07-19,RNG0027,True,False,0.0,0.0,0.0,21137.0,ADJUSTED_CLOSE_UNRESOLVED,2016-07-19,2016-07-19,RNG0027,True,True,341901600.0,13252.0,4.0,25340.0,OK,2014-06-19,2020-07-18,2014-06-21,2020-07-18,2014-06-21,2020-07-18,243,20,20,211,211,False,True,True,ZERO_TRADE_ENDPOINT_REQUIRES_TRADING_DAY_SEMANTICS_ADJUDICATION,,OBSERVED_FROM_IMMUTABLE_BUNDLE_NO_LIVE_TSETMC_QUERY,False
main_rule_a_primary,دشیمی,1395,1396,fold1_validation;fold2_train,2017-07-21,2017-07-19,RNG0028,True,True,305418564.0,105094.0,32.0,2955.0,OK,2016-07-19,2016-07-19,RNG0028,True,False,0.0,0.0,0.0,4608.0,ADJUSTED_CLOSE_UNRESOLVED,2014-06-19,2020-07-18,2014-06-21,2020-07-18,2014-06-22,2020-07-18,243,50,50,173,173,False,True,True,ZERO_TRADE_ENDPOINT_REQUIRES_TRADING_DAY_SEMANTICS_ADJUDICATION,,OBSERVED_FROM_IMMUTABLE_BUNDLE_NO_LIVE_TSETMC_QUERY,False
main_rule_a_primary,دیران,1395,1396,fold1_validation;fold2_train,2017-07-21,2017-07-19,RNG0029,True,True,76069750.0,22778.0,16.0,3428.0,OK,2016-07-19,2016-07-19,RNG0029,True,True,106060951.0,24264.0,25.0,4362.0,OK,2013-06-19,2020-04-17,2013-06-19,2020-04-15,2013-06-19,2020-04-15,243,26,26,210,210,True,True,True,,,OBSERVED_FROM_IMMUTABLE_BUNDLE_NO_LIVE_TSETMC_QUERY,False
main_rule_a_primary,رانفور,1395,1396,fold1_validation;fold2_train,2017-07-21,2017-07-19,RNG0030,True,True,2575920929.0,102043.0,89.0,25600.0,OK,2016-07-19,2016-07-19,RNG0030,True,True,679702329.0,40083.0,13.0,17071.0,OK,2013-06-19,2020-07-18,2013-06-19,2020-07-18,2013-06-19,2020-07-18,243,10,10,226,226,True,True,True,,,OBSERVED_FROM_IMMUTABLE_BUNDLE_NO_LIVE_TSETMC_QUERY,False
main_rule_a_primary,زمگسا,1395,1396,fold1_validation;fold2_train,2017-07-21,2017-07-19,RNG0032,True,False,0.0,0.0,0.0,6754.0,ADJUSTED_CLOSE_UNRESOLVED,2016-07-19,2016-07-19,RNG0032,True,True,1309120532.0,49037.0,62.0,26697.0,OK,2013-06-19,2020-07-18,2013-06-19,2020-07-18,2013-06-19,2020-07-18,243,17,17,220,220,False,True,True,ZERO_TRADE_ENDPOINT_REQUIRES_TRADING_DAY_SEMANTICS_ADJUDICATION,,OBSERVED_FROM_IMMUTABLE_BUNDLE_NO_LIVE_TSETMC_QUERY,False
main_rule_a_primary,ساراب,1395,1396,fold1_validation;fold2_train,2017-07-21,2017-07-19,RNG0034,True,False,0.0,0.0,0.0,1330.0,ADJUSTED_CLOSE_UNRESOLVED,2016-07-19,2016-07-19,RNG0034,True,True,12502307.0,11553.0,7.0,1078.0,OK,2013-06-19,2020-07-18,2013-06-19,2020-07-18,2013-06-19,2020-07-18,243,9,9,230,230,False,True,True,ZERO_TRADE_ENDPOINT_REQUIRES_TRADING_DAY_SEMANTICS_ADJUDICATION,,OBSERVED_FROM_IMMUTABLE_BUNDLE_NO_LIVE_TSETMC_QUERY,False
main_rule_a_primary,ساربیل,1395,1396,fold1_validation;fold2_train,2017-04-19,2017-04-18,RNG0035,True,True,17383588.0,1586.0,9.0,11518.0,OK,2016-04-18,2016-04-18,RNG0035,True,True,9904500.0,558.0,2.0,16923.0,OK,2014-03-19,2020-04-17,2014-03-19,2020-04-15,2014-03-19,2020-04-15,244,202,202,17,17,False,False,False,G_FEWER_THAN_126_VALID_RETURNS_ONLY,,OBSERVED_FROM_IMMUTABLE_BUNDLE_NO_LIVE_TSETMC_QUERY,False
main_rule_a_primary,ساروم,1395,1396,fold1_validation;fold2_train,2017-07-21,2017-07-19,RNG0036,True,True,390207224.0,144177.0,26.0,2669.0,OK,2016-07-19,2016-07-19,RNG0036,True,False,0.0,0.0,0.0,2618.0,ADJUSTED_CLOSE_UNRESOLVED,2014-06-19,2020-07-18,2014-06-21,2020-07-18,2014-06-21,2020-07-18,243,39,39,185,185,False,True,True,ZERO_TRADE_ENDPOINT_REQUIRES_TRADING_DAY_SEMANTICS_ADJUDICATION,,OBSERVED_FROM_IMMUTABLE_BUNDLE_NO_LIVE_TSETMC_QUERY,False
main_rule_a_primary,سبجنو,1395,1396,fold1_validation;fold2_train,2017-07-21,2017-07-19,RNG0037,True,True,5083650.0,825.0,2.0,6484.0,OK,2016-07-19,2016-07-19,RNG0037,True,True,1348500.0,500.0,1.0,2838.0,OK,2014-06-19,2020-07-18,2014-06-21,2020-07-18,2014-06-21,2020-07-18,243,111,111,105,105,False,False,False,G_FEWER_THAN_126_VALID_RETURNS_ONLY,,OBSERVED_FROM_IMMUTABLE_BUNDLE_NO_LIVE_TSETMC_QUERY,False
main_rule_a_primary,سبهان,1395,1396,fold1_validation;fold2_train,2017-07-21,2017-07-19,RNG0038,True,True,702746523.0,46282.0,18.0,15184.0,OK,2016-07-19,2016-07-19,RNG0038,True,True,11220584.0,1205.0,4.0,9771.0,OK,2013-06-19,2020-07-18,2013-06-19,2020-07-18,2013-06-19,2020-07-18,243,40,40,177,177,True,True,True,,,OBSERVED_FROM_IMMUTABLE_BUNDLE_NO_LIVE_TSETMC_QUERY,False
main_rule_a_primary,ستران,1395,1396,fold1_validation;fold2_train,2017-07-21,2017-07-19,RNG0039,True,False,0.0,0.0,0.0,2026.0,ADJUSTED_CLOSE_UNRESOLVED,2016-07-19,2016-07-19,RNG0039,True,True,517517698.0,307458.0,93.0,1688.0,OK,2014-06-19,2020-07-18,2014-06-21,2020-07-18,2014-06-21,2020-07-18,243,52,52,187,187,False,True,True,ZERO_TRADE_ENDPOINT_REQUIRES_TRADING_DAY_SEMANTICS_ADJUDICATION,,OBSERVED_FROM_IMMUTABLE_BUNDLE_NO_LIVE_TSETMC_QUERY,False
main_rule_a_primary,سخاش,1395,1396,fold1_validation;fold2_train,2017-07-21,2017-07-19,RNG0040,True,False,0.0,0.0,0.0,8253.0,ADJUSTED_CLOSE_UNRESOLVED,2016-07-19,2016-07-19,RNG0040,True,True,69243615.0,9765.0,4.0,6798.0,OK,2014-06-19,2020-07-18,2014-06-21,2020-07-18,2014-06-21,2020-07-18,243,91,91,105,105,False,False,False,ZERO_TRADE_ENDPOINT_REQUIRES_TRADING_DAY_SEMANTICS_ADJUDICATION,G_FEWER_THAN_126_VALID_RETURNS_ONLY,OBSERVED_FROM_IMMUTABLE_BUNDLE_NO_LIVE_TSETMC_QUERY,False
main_rule_a_primary,سخزر,1395,1396,fold1_validation;fold2_train,2017-07-21,2017-07-19,RNG0041,True,True,1824000.0,400.0,1.0,4798.0,OK,2016-07-19,2016-07-19,RNG0041,True,True,10026900.0,3900.0,6.0,2703.0,OK,2013-06-19,2020-07-18,2013-06-19,2020-07-18,2013-06-19,2020-07-18,243,105,105,98,98,False,False,False,G_FEWER_THAN_126_VALID_RETURNS_ONLY,,OBSERVED_FROM_IMMUTABLE_BUNDLE_NO_LIVE_TSETMC_QUERY,False
main_rule_a_primary,سخوز,1395,1396,fold1_validation;fold2_train,2017-07-21,2017-07-19,RNG0042,True,True,141314901.0,43472.0,16.0,3204.0,OK,2016-07-19,2016-07-19,RNG0042,True,True,886593990.0,410218.0,80.0,2161.0,OK,2015-06-18,2020-07-18,2015-06-20,2020-07-18,2015-06-20,2020-07-18,243,37,37,198,198,True,True,True,,,OBSERVED_FROM_IMMUTABLE_BUNDLE_NO_LIVE_TSETMC_QUERY,False
main_rule_a_primary,سدشت,1395,1396,fold1_validation;fold2_train,2017-01-19,2017-01-18,RNG0043,True,True,96007856.0,43169.0,5.0,2330.0,OK,2016-01-18,2016-01-18,RNG0043,True,False,0.0,0.0,0.0,2081.0,ADJUSTED_CLOSE_UNRESOLVED,2012-12-20,2020-01-19,2012-12-22,2020-01-19,2012-12-23,2020-01-19,246,171,171,42,42,False,False,False,ZERO_TRADE_ENDPOINT_REQUIRES_TRADING_DAY_SEMANTICS_ADJUDICATION,G_FEWER_THAN_126_VALID_RETURNS_ONLY,OBSERVED_FROM_IMMUTABLE_BUNDLE_NO_LIVE_TSETMC_QUERY,False
main_rule_a_primary,سدور,1395,1396,fold1_validation;fold2_train,2017-07-21,2017-07-19,RNG0044,True,True,11013082876.0,9487152.0,931.0,1161.0,OK,2016-07-19,2016-07-19,RNG0044,True,True,713024862.0,755712.0,92.0,944.0,OK,2013-06-19,2020-07-18,2013-06-19,2020-07-18,2013-06-19,2020-07-18,243,32,32,204,204,True,True,True,,,OBSERVED_FROM_IMMUTABLE_BUNDLE_NO_LIVE_TSETMC_QUERY,False
main_rule_a_primary,سرود,1395,1396,fold1_validation;fold2_train,2017-07-21,2017-07-19,RNG0045,True,True,141025215.0,94200.0,22.0,1499.0,OK,2016-07-19,2016-07-19,RNG0045,True,True,802142495.0,509920.0,65.0,1573.0,OK,2013-06-19,2020-07-18,2013-06-19,2020-07-18,2013-06-19,2020-07-18,243,22,22,213,213,True,True,True,,,OBSERVED_FROM_IMMUTABLE_BUNDLE_NO_LIVE_TSETMC_QUERY,False
main_rule_a_primary,سشرق,1395,1396,fold1_validation;fold2_train,2017-01-19,2017-01-18,RNG0046,True,True,2545856527.0,2240497.0,267.0,1136.0,OK,2016-01-18,2016-01-18,RNG0046,True,True,1372706552.0,1504433.0,159.0,912.0,OK,2012-12-20,2020-01-19,2012-12-22,2020-01-19,2012-12-22,2020-01-19,246,33,33,205,205,True,True,True,,,OBSERVED_FROM_IMMUTABLE_BUNDLE_NO_LIVE_TSETMC_QUERY,False
main_rule_a_primary,سصفها,1395,1396,fold1_validation;fold2_train,2017-07-21,2017-07-19,RNG0047,True,False,0.0,0.0,0.0,16339.0,ADJUSTED_CLOSE_UNRESOLVED,2016-07-19,2016-07-19,RNG0047,True,True,1042782.0,87.0,2.0,12615.0,OK,2014-06-19,2020-07-18,2014-06-21,2020-07-18,2014-06-21,2020-07-18,243,134,134,79,79,False,False,False,ZERO_TRADE_ENDPOINT_REQUIRES_TRADING_DAY_SEMANTICS_ADJUDICATION,G_FEWER_THAN_126_VALID_RETURNS_ONLY,OBSERVED_FROM_IMMUTABLE_BUNDLE_NO_LIVE_TSETMC_QUERY,False
main_rule_a_primary,سغرب,1395,1396,fold1_validation;fold2_train,2017-07-21,2017-07-19,RNG0048,True,True,95547938.0,27381.0,16.0,3369.0,OK,2016-07-19,2016-07-19,RNG0048,True,True,53585780.0,25773.0,12.0,2106.0,OK,2014-06-19,2020-07-18,2014-06-21,2020-07-18,2014-06-21,2020-07-18,243,16,16,217,217,True,True,True,,,OBSERVED_FROM_IMMUTABLE_BUNDLE_NO_LIVE_TSETMC_QUERY,False
main_rule_a_primary,سقاین,1395,1396,fold1_validation;fold2_train,2017-07-21,2017-07-19,RNG0049,True,True,102120000.0,6000.0,5.0,16377.0,OK,2016-07-19,2016-07-19,RNG0049,True,True,157914990.0,16200.0,12.0,9605.0,OK,2013-06-19,2020-07-18,2013-06-19,2020-07-18,2013-07-01,2020-07-18,243,73,73,147,147,True,True,True,,,OBSERVED_FROM_IMMUTABLE_BUNDLE_NO_LIVE_TSETMC_QUERY,False
main_rule_a_primary,سمازن,1395,1396,fold1_validation;fold2_train,2017-04-19,2017-04-18,RNG0050,True,False,0.0,0.0,0.0,4737.0,ADJUSTED_CLOSE_UNRESOLVED,2016-04-18,2016-04-18,RNG0050,True,False,0.0,0.0,0.0,14108.0,ADJUSTED_CLOSE_UNRESOLVED,2013-06-19,2020-04-17,2013-06-19,2020-04-15,2013-06-19,2020-04-14,244,157,157,53,53,False,False,False,ZERO_TRADE_ENDPOINT_REQUIRES_TRADING_DAY_SEMANTICS_ADJUDICATION,ZERO_TRADE_ENDPOINT_REQUIRES_TRADING_DAY_SEMANTICS_ADJUDICATION;G_FEWER_THAN_126_VALID_RETURNS_ONLY,OBSERVED_FROM_IMMUTABLE_BUNDLE_NO_LIVE_TSETMC_QUERY,False
main_rule_a_primary,سنیر,1395,1396,fold1_validation;fold2_train,2017-07-21,2017-07-19,RNG0051,True,False,0.0,0.0,0.0,15218.0,ADJUSTED_CLOSE_UNRESOLVED,2016-07-19,2016-07-19,RNG0051,True,False,0.0,0.0,0.0,16013.0,ADJUSTED_CLOSE_UNRESOLVED,2014-06-19,2020-07-18,2014-06-21,2020-07-18,2014-06-25,2020-07-18,243,214,214,9,9,False,False,False,ZERO_TRADE_ENDPOINT_REQUIRES_TRADING_DAY_SEMANTICS_ADJUDICATION,ZERO_TRADE_ENDPOINT_REQUIRES_TRADING_DAY_SEMANTICS_ADJUDICATION;G_FEWER_THAN_126_VALID_RETURNS_ONLY,OBSERVED_FROM_IMMUTABLE_BUNDLE_NO_LIVE_TSETMC_QUERY,False
main_rule_a_primary,سهگمت,1395,1396,fold1_validation;fold2_train,2017-05-20,2017-05-17,RNG0052,True,True,928681969.0,323080.0,98.0,2874.0,OK,2016-05-17,2016-05-17,RNG0052,True,True,262057344.0,134500.0,33.0,1935.0,OK,2013-04-19,2020-05-18,2013-04-20,2020-05-18,2013-04-20,2020-05-18,243,62,62,169,169,True,True,True,,,OBSERVED_FROM_IMMUTABLE_BUNDLE_NO_LIVE_TSETMC_QUERY,False
main_rule_a_primary,سپاها,1395,1396,fold1_validation;fold2_train,2017-01-19,2017-01-18,RNG0053,True,True,4655202642.0,3853662.0,285.0,1208.0,OK,2016-01-18,2016-01-18,RNG0053,True,True,1073811909.0,1124333.0,110.0,955.0,OK,2012-12-20,2020-01-19,2012-12-22,2020-01-19,2012-12-22,2020-01-19,246,16,16,223,223,True,True,True,,,OBSERVED_FROM_IMMUTABLE_BUNDLE_NO_LIVE_TSETMC_QUERY,False
main_rule_a_primary,سکرد,1395,1396,fold1_validation;fold2_train,2017-01-19,2017-01-18,RNG0054,True,True,405701074.0,265152.0,45.0,1556.0,OK,2016-01-18,2016-01-18,RNG0054,True,True,7143990.0,6196.0,2.0,1203.0,OK,2012-12-20,2020-01-19,2012-12-22,2020-01-19,2012-12-22,2020-01-19,246,47,47,184,184,True,True,True,,,OBSERVED_FROM_IMMUTABLE_BUNDLE_NO_LIVE_TSETMC_QUERY,False
main_rule_a_primary,سیلام,1395,1396,fold1_validation;fold2_train,2017-05-20,2017-05-17,RNG0055,True,False,0.0,0.0,0.0,4197.0,ADJUSTED_CLOSE_UNRESOLVED,2016-05-17,2016-05-17,RNG0055,True,False,0.0,0.0,0.0,4919.0,ADJUSTED_CLOSE_UNRESOLVED,2013-04-19,2020-05-18,2013-04-20,2020-05-18,2013-04-20,2020-05-18,243,163,163,55,55,False,False,False,ZERO_TRADE_ENDPOINT_REQUIRES_TRADING_DAY_SEMANTICS_ADJUDICATION,ZERO_TRADE_ENDPOINT_REQUIRES_TRADING_DAY_SEMANTICS_ADJUDICATION;G_FEWER_THAN_126_VALID_RETURNS_ONLY,OBSERVED_FROM_IMMUTABLE_BUNDLE_NO_LIVE_TSETMC_QUERY,False
main_rule_a_primary,شاراک,1395,1396,fold1_validation;fold2_train,2017-07-21,2017-07-19,RNG0056,True,True,1902460044.0,908582.0,145.0,2070.0,OK,2016-07-19,2016-07-19,RNG0056,True,True,1088602833.0,404968.0,84.0,2666.0,OK,2014-06-19,2020-07-18,2014-06-21,2020-07-18,2014-06-21,2020-07-18,243,17,17,220,220,True,True,True,,,OBSERVED_FROM_IMMUTABLE_BUNDLE_NO_LIVE_TSETMC_QUERY,False
main_rule_a_primary,شبریز,1395,1396,fold1_validation;fold2_train,2017-07-21,2017-07-19,RNG0057,True,False,0.0,0.0,0.0,4733.0,ADJUSTED_CLOSE_UNRESOLVED,2016-07-19,2016-07-19,RNG0057,True,False,0.0,0.0,0.0,3826.0,ADJUSTED_CLOSE_UNRESOLVED,2014-06-19,2020-07-18,2014-06-21,2020-07-18,2014-06-21,2020-07-18,243,57,57,182,182,False,True,True,ZERO_TRADE_ENDPOINT_REQUIRES_TRADING_DAY_SEMANTICS_ADJUDICATION,ZERO_TRADE_ENDPOINT_REQUIRES_TRADING_DAY_SEMANTICS_ADJUDICATION,OBSERVED_FROM_IMMUTABLE_BUNDLE_NO_LIVE_TSETMC_QUERY,False
main_rule_a_primary,شبندر,1395,1396,fold1_validation;fold2_train,2017-07-21,2017-07-19,RNG0058,True,False,0.0,0.0,0.0,5153.0,ADJUSTED_CLOSE_UNRESOLVED,2016-07-19,2016-07-19,RNG0058,True,False,0.0,0.0,0.0,4760.0,ADJUSTED_CLOSE_UNRESOLVED,2014-06-19,2020-07-18,2014-06-21,2020-07-18,2014-06-21,2020-07-18,243,44,44,194,194,False,True,True,ZERO_TRADE_ENDPOINT_REQUIRES_TRADING_DAY_SEMANTICS_ADJUDICATION,ZERO_TRADE_ENDPOINT_REQUIRES_TRADING_DAY_SEMANTICS_ADJUDICATION,OBSERVED_FROM_IMMUTABLE_BUNDLE_NO_LIVE_TSETMC_QUERY,False
main_rule_a_primary,شدوص,1395,1396,fold1_validation;fold2_train,2017-07-21,2017-07-19,RNG0059,True,False,0.0,0.0,0.0,2644.0,ADJUSTED_CLOSE_UNRESOLVED,2016-07-19,2016-07-19,RNG0059,True,True,8609243017.0,3559387.0,363.0,2419.0,OK,2014-06-19,2020-07-18,2014-06-21,2020-07-18,2014-06-21,2020-07-18,243,181,181,60,60,False,False,False,ZERO_TRADE_ENDPOINT_REQUIRES_TRADING_DAY_SEMANTICS_ADJUDICATION,G_FEWER_THAN_126_VALID_RETURNS_ONLY,OBSERVED_FROM_IMMUTABLE_BUNDLE_NO_LIVE_TSETMC_QUERY,False
main_rule_a_primary,شفارس,1395,1396,fold1_validation;fold2_train,2017-07-21,2017-07-19,RNG0060,True,True,10302311691.0,3873528.0,643.0,2660.0,OK,2016-07-19,2016-07-19,RNG0060,True,True,301223652.0,208584.0,62.0,1454.0,OK,2014-06-19,2020-07-18,2014-06-21,2020-07-18,2014-06-21,2020-07-18,243,13,13,226,226,True,True,True,,,OBSERVED_FROM_IMMUTABLE_BUNDLE_NO_LIVE_TSETMC_QUERY,False
main_rule_a_primary,شلعاب,1395,1396,fold1_validation;fold2_train,2017-07-21,2017-07-19,RNG0061,True,True,2198793265.0,596016.0,143.0,3689.0,OK,2016-07-19,2016-07-19,RNG0061,True,True,2750940506.0,1185388.0,191.0,2321.0,OK,2014-06-19,2020-07-18,2014-06-21,2020-07-18,2014-06-21,2020-07-18,243,22,22,215,215,True,True,True,,,OBSERVED_FROM_IMMUTABLE_BUNDLE_NO_LIVE_TSETMC_QUERY,False
main_rule_a_primary,شپارس,1395,1396,fold1_validation;fold2_train,2017-01-19,2017-01-18,RNG0062,True,True,866677208.0,432482.0,98.0,2004.0,OK,2016-01-18,2016-01-18,RNG0062,True,True,42397848.0,9408.0,8.0,4721.0,OK,2013-12-20,2020-01-19,2013-12-21,2020-01-19,2013-12-21,2020-01-19,246,58,58,179,179,True,True,True,,,OBSERVED_FROM_IMMUTABLE_BUNDLE_NO_LIVE_TSETMC_QUERY,False
main_rule_a_primary,شپنا,1395,1396,fold1_validation;fold2_train,2017-07-21,2017-07-19,RNG0063,True,False,0.0,0.0,0.0,3046.0,ADJUSTED_CLOSE_UNRESOLVED,2016-07-19,2016-07-19,RNG0063,True,False,0.0,0.0,0.0,2794.0,ADJUSTED_CLOSE_UNRESOLVED,2014-06-19,2020-07-18,2014-06-21,2020-07-18,2015-03-17,2020-07-15,243,26,26,213,213,False,True,True,ZERO_TRADE_ENDPOINT_REQUIRES_TRADING_DAY_SEMANTICS_ADJUDICATION,ZERO_TRADE_ENDPOINT_REQUIRES_TRADING_DAY_SEMANTICS_ADJUDICATION,OBSERVED_FROM_IMMUTABLE_BUNDLE_NO_LIVE_TSETMC_QUERY,False
main_rule_a_primary,شکربن,1395,1396,fold1_validation;fold2_train,2017-07-21,2017-07-19,RNG0064,True,True,5807036128.0,1744774.0,407.0,3328.0,OK,2016-07-19,2016-07-19,RNG0064,True,True,3256785572.0,1007809.0,262.0,3232.0,OK,2014-06-19,2020-07-18,2014-06-21,2020-07-18,2014-06-21,2020-07-18,243,17,17,221,221,True,True,True,,,OBSERVED_FROM_IMMUTABLE_BUNDLE_NO_LIVE_TSETMC_QUERY,False
main_rule_a_primary,شکلر,1395,1396,fold1_validation;fold2_train,2017-01-19,2017-01-18,RNG0065,True,True,8509785506.0,2648000.0,354.0,3214.0,OK,2016-01-18,2016-01-18,RNG0065,True,True,806710643.0,252380.0,49.0,3196.0,OK,2013-12-20,2019-12-20,2013-12-21,2019-12-18,2013-12-21,2019-12-18,246,14,14,227,227,True,True,True,,,OBSERVED_FROM_IMMUTABLE_BUNDLE_NO_LIVE_TSETMC_QUERY,False
main_rule_a_primary,شیران,1395,1396,fold1_validation;fold2_train,2017-04-19,2017-04-18,RNG0067,True,True,3310569529.0,934516.0,122.0,3574.0,OK,2016-04-18,2016-04-18,RNG0067,True,True,1204340123.0,302955.0,92.0,4026.0,OK,2014-03-19,2020-04-17,2014-03-19,2020-04-15,2014-03-19,2020-04-15,244,15,15,223,223,True,True,True,,,OBSERVED_FROM_IMMUTABLE_BUNDLE_NO_LIVE_TSETMC_QUERY,False
main_rule_a_primary,غبهنوش,1395,1396,fold1_validation;fold2_train,2017-07-21,2017-07-19,RNG0068,True,False,0.0,0.0,0.0,5018.0,ADJUSTED_CLOSE_UNRESOLVED,2016-07-19,2016-07-19,RNG0068,True,False,0.0,0.0,0.0,6864.0,ADJUSTED_CLOSE_UNRESOLVED,2013-06-19,2020-07-18,2013-06-19,2020-07-18,2013-06-19,2020-07-18,243,78,78,151,151,False,True,True,ZERO_TRADE_ENDPOINT_REQUIRES_TRADING_DAY_SEMANTICS_ADJUDICATION,ZERO_TRADE_ENDPOINT_REQUIRES_TRADING_DAY_SEMANTICS_ADJUDICATION,OBSERVED_FROM_IMMUTABLE_BUNDLE_NO_LIVE_TSETMC_QUERY,False
main_rule_a_primary,غدام,1395,1396,fold1_validation;fold2_train,2017-04-19,2017-04-18,RNG0069,True,False,0.0,0.0,0.0,7087.0,ADJUSTED_CLOSE_UNRESOLVED,2016-04-18,2016-04-18,RNG0069,True,False,0.0,0.0,0.0,9019.0,ADJUSTED_CLOSE_UNRESOLVED,2013-03-19,2020-04-17,2013-03-25,2020-04-15,2013-03-26,2020-04-15,244,207,207,24,24,False,False,False,ZERO_TRADE_ENDPOINT_REQUIRES_TRADING_DAY_SEMANTICS_ADJUDICATION,ZERO_TRADE_ENDPOINT_REQUIRES_TRADING_DAY_SEMANTICS_ADJUDICATION;G_FEWER_THAN_126_VALID_RETURNS_ONLY,OBSERVED_FROM_IMMUTABLE_BUNDLE_NO_LIVE_TSETMC_QUERY,False
main_rule_a_primary,غسالم,1395,1396,fold1_validation;fold2_train,2017-07-21,2017-07-19,RNG0070,True,False,0.0,0.0,0.0,2359.0,ADJUSTED_CLOSE_UNRESOLVED,2016-07-19,2016-07-19,RNG0070,True,True,8925100.0,5100.0,2.0,1742.0,OK,2013-06-19,2020-07-18,2013-06-19,2020-07-18,2013-06-19,2020-07-18,243,103,103,89,89,False,False,False,ZERO_TRADE_ENDPOINT_REQUIRES_TRADING_DAY_SEMANTICS_ADJUDICATION,G_FEWER_THAN_126_VALID_RETURNS_ONLY,OBSERVED_FROM_IMMUTABLE_BUNDLE_NO_LIVE_TSETMC_QUERY,False
main_rule_a_primary,غشان,1395,1396,fold1_validation;fold2_train,2017-07-21,2017-07-19,RNG0071,True,True,2846991478.0,754762.0,135.0,3772.0,OK,2016-07-19,2016-07-19,RNG0071,True,True,189446345.0,78961.0,31.0,2386.0,OK,2013-06-19,2020-07-18,2013-06-19,2020-07-18,2013-06-19,2020-07-18,243,56,56,183,183,True,True,True,,,OBSERVED_FROM_IMMUTABLE_BUNDLE_NO_LIVE_TSETMC_QUERY,False
main_rule_a_primary,غشهد,1395,1396,fold1_validation;fold2_train,2017-07-21,2017-07-19,RNG0072,True,False,0.0,0.0,0.0,2594.0,ADJUSTED_CLOSE_UNRESOLVED,2016-07-19,2016-07-19,RNG0072,True,True,9735258.0,5000.0,3.0,1952.0,OK,2013-06-19,2020-07-18,2013-06-19,2020-07-18,2013-06-23,2020-07-18,243,107,107,113,113,False,False,False,ZERO_TRADE_ENDPOINT_REQUIRES_TRADING_DAY_SEMANTICS_ADJUDICATION,G_FEWER_THAN_126_VALID_RETURNS_ONLY,OBSERVED_FROM_IMMUTABLE_BUNDLE_NO_LIVE_TSETMC_QUERY,False
main_rule_a_primary,غنوش,1395,1396,fold1_validation;fold2_train,2017-07-21,2017-07-19,RNG0073,True,False,0.0,0.0,0.0,3678.0,ADJUSTED_CLOSE_UNRESOLVED,2016-07-19,2016-07-19,RNG0073,True,False,0.0,0.0,0.0,3813.0,ADJUSTED_CLOSE_UNRESOLVED,2013-06-19,2020-07-18,2013-06-19,2020-07-18,2013-07-06,2020-07-18,243,223,223,6,6,False,False,False,ZERO_TRADE_ENDPOINT_REQUIRES_TRADING_DAY_SEMANTICS_ADJUDICATION,ZERO_TRADE_ENDPOINT_REQUIRES_TRADING_DAY_SEMANTICS_ADJUDICATION;G_FEWER_THAN_126_VALID_RETURNS_ONLY,OBSERVED_FROM_IMMUTABLE_BUNDLE_NO_LIVE_TSETMC_QUERY,False
main_rule_a_primary,غگل,1395,1396,fold1_validation;fold2_train,2017-01-19,2017-01-18,RNG0074,True,False,0.0,0.0,0.0,40910.0,ADJUSTED_CLOSE_UNRESOLVED,2016-01-18,2016-01-18,RNG0074,True,False,0.0,0.0,0.0,34086.0,ADJUSTED_CLOSE_UNRESOLVED,2012-12-20,2020-01-19,2012-12-22,2020-01-19,2012-12-23,2020-01-15,246,19,19,221,221,False,True,True,ZERO_TRADE_ENDPOINT_REQUIRES_TRADING_DAY_SEMANTICS_ADJUDICATION,ZERO_TRADE_ENDPOINT_REQUIRES_TRADING_DAY_SEMANTICS_ADJUDICATION,OBSERVED_FROM_IMMUTABLE_BUNDLE_NO_LIVE_TSETMC_QUERY,False
main_rule_a_primary,فاذر,1395,1396,fold1_validation;fold2_train,2017-07-21,2017-07-19,RNG0075,True,False,0.0,0.0,0.0,3042.0,ADJUSTED_CLOSE_UNRESOLVED,2016-07-19,2016-07-19,RNG0075,True,False,0.0,0.0,0.0,5231.0,ADJUSTED_CLOSE_UNRESOLVED,2014-06-19,2020-07-18,2014-06-21,2020-07-18,2014-06-30,2020-07-12,243,31,31,208,208,False,True,True,ZERO_TRADE_ENDPOINT_REQUIRES_TRADING_DAY_SEMANTICS_ADJUDICATION,ZERO_TRADE_ENDPOINT_REQUIRES_TRADING_DAY_SEMANTICS_ADJUDICATION,OBSERVED_FROM_IMMUTABLE_BUNDLE_NO_LIVE_TSETMC_QUERY,False
main_rule_a_primary,فایرا,1395,1396,fold1_validation;fold2_train,2017-07-21,2017-07-19,RNG0076,True,False,0.0,0.0,0.0,330.0,ADJUSTED_CLOSE_UNRESOLVED,2016-07-19,2016-07-19,RNG0076,True,False,0.0,0.0,0.0,2828.0,ADJUSTED_CLOSE_UNRESOLVED,2014-06-19,2020-07-18,2014-06-21,2020-07-18,2014-08-03,2020-07-18,243,243,243,0,0,False,False,False,ZERO_TRADE_ENDPOINT_REQUIRES_TRADING_DAY_SEMANTICS_ADJUDICATION,ZERO_TRADE_ENDPOINT_REQUIRES_TRADING_DAY_SEMANTICS_ADJUDICATION;G_FEWER_THAN_126_VALID_RETURNS_ONLY,OBSERVED_FROM_IMMUTABLE_BUNDLE_NO_LIVE_TSETMC_QUERY,False
main_rule_a_primary,فباهنر,1395,1396,fold1_validation;fold2_train,2017-07-21,2017-07-19,RNG0077,True,False,0.0,0.0,0.0,4325.0,ADJUSTED_CLOSE_UNRESOLVED,2016-07-19,2016-07-19,RNG0077,True,True,5050889703.0,3226308.0,487.0,1566.0,OK,2014-06-19,2020-07-18,2014-06-21,2020-07-18,2014-06-24,2020-07-18,243,44,44,192,192,False,True,True,ZERO_TRADE_ENDPOINT_REQUIRES_TRADING_DAY_SEMANTICS_ADJUDICATION,,OBSERVED_FROM_IMMUTABLE_BUNDLE_NO_LIVE_TSETMC_QUERY,False
main_rule_a_primary,فجام,1395,1396,fold1_validation;fold2_train,2017-07-21,2017-07-19,RNG0078,True,True,45919838.0,4529.0,9.0,10609.0,OK,2016-07-19,2016-07-19,RNG0078,True,False,0.0,0.0,0.0,25661.0,ADJUSTED_CLOSE_UNRESOLVED,2014-06-19,2020-07-18,2014-06-21,2020-07-18,2014-06-21,2020-07-14,243,64,64,148,148,False,True,True,ZERO_TRADE_ENDPOINT_REQUIRES_TRADING_DAY_SEMANTICS_ADJUDICATION,,OBSERVED_FROM_IMMUTABLE_BUNDLE_NO_LIVE_TSETMC_QUERY,False
main_rule_a_primary,فجر,1395,1396,fold1_validation;fold2_train,2017-07-21,2017-07-19,RNG0079,True,True,34603320.0,3221.0,6.0,11045.0,OK,2016-07-19,2016-07-19,RNG0079,True,False,0.0,0.0,0.0,6853.0,ADJUSTED_CLOSE_UNRESOLVED,2014-06-19,2020-07-18,2014-06-21,2020-07-18,2014-06-23,2020-07-18,243,56,56,159,159,False,True,True,ZERO_TRADE_ENDPOINT_REQUIRES_TRADING_DAY_SEMANTICS_ADJUDICATION,,OBSERVED_FROM_IMMUTABLE_BUNDLE_NO_LIVE_TSETMC_QUERY,False
main_rule_a_primary,فخوز,1395,1396,fold1_validation;fold2_train,2017-07-21,2017-07-19,RNG0080,True,True,30333640917.0,8477755.0,710.0,3578.0,OK,2016-07-19,2016-07-19,RNG0080,True,False,0.0,0.0,0.0,2400.0,ADJUSTED_CLOSE_UNRESOLVED,2014-06-19,2020-07-18,2014-06-21,2020-07-18,2014-06-21,2020-07-18,243,33,33,205,205,False,True,True,ZERO_TRADE_ENDPOINT_REQUIRES_TRADING_DAY_SEMANTICS_ADJUDICATION,,OBSERVED_FROM_IMMUTABLE_BUNDLE_NO_LIVE_TSETMC_QUERY,False
main_rule_a_primary,فرآور,1395,1396,fold1_validation;fold2_train,2017-07-21,2017-07-19,RNG0081,True,True,6838004145.0,767855.0,341.0,8905.0,OK,2016-07-19,2016-07-19,RNG0081,True,True,3627212089.0,736368.0,215.0,4926.0,OK,2014-06-19,2020-07-18,2014-06-21,2020-07-18,2014-06-21,2020-07-18,243,28,28,208,208,True,True,True,,,OBSERVED_FROM_IMMUTABLE_BUNDLE_NO_LIVE_TSETMC_QUERY,False
main_rule_a_primary,فسرب,1395,1396,fold1_validation;fold2_train,2017-07-21,2017-07-19,RNG0082,True,True,5154561834.0,1853871.0,285.0,2780.0,OK,2016-07-19,2016-07-19,RNG0082,True,True,21822663607.0,8148987.0,730.0,2678.0,OK,2014-06-19,2020-07-18,2014-06-21,2020-07-18,2014-06-21,2020-07-18,243,20,20,217,217,True,True,True,,,OBSERVED_FROM_IMMUTABLE_BUNDLE_NO_LIVE_TSETMC_QUERY,False
main_rule_a_primary,فسپا,1395,1396,fold1_validation;fold2_train,2017-07-21,2017-07-19,RNG0083,True,False,0.0,0.0,0.0,2891.0,ADJUSTED_CLOSE_UNRESOLVED,2016-07-19,2016-07-19,RNG0083,True,False,0.0,0.0,0.0,2805.0,ADJUSTED_CLOSE_UNRESOLVED,2014-06-19,2020-07-18,2014-06-21,2020-07-18,2014-06-21,2020-07-18,243,111,111,94,94,False,False,False,ZERO_TRADE_ENDPOINT_REQUIRES_TRADING_DAY_SEMANTICS_ADJUDICATION,ZERO_TRADE_ENDPOINT_REQUIRES_TRADING_DAY_SEMANTICS_ADJUDICATION;G_FEWER_THAN_126_VALID_RETURNS_ONLY,OBSERVED_FROM_IMMUTABLE_BUNDLE_NO_LIVE_TSETMC_QUERY,False
main_rule_a_primary,فمراد,1395,1396,fold1_validation;fold2_train,2017-07-21,2017-07-19,RNG0084,True,False,0.0,0.0,0.0,3167.0,ADJUSTED_CLOSE_UNRESOLVED,2016-07-19,2016-07-19,RNG0084,True,False,0.0,0.0,0.0,2466.0,ADJUSTED_CLOSE_UNRESOLVED,2014-06-19,2020-07-18,2014-06-21,2020-07-18,2014-11-01,2020-07-18,243,65,65,174,174,False,True,True,ZERO_TRADE_ENDPOINT_REQUIRES_TRADING_DAY_SEMANTICS_ADJUDICATION,ZERO_TRADE_ENDPOINT_REQUIRES_TRADING_DAY_SEMANTICS_ADJUDICATION,OBSERVED_FROM_IMMUTABLE_BUNDLE_NO_LIVE_TSETMC_QUERY,False
main_rule_a_primary,فملی,1395,1396,fold1_validation;fold2_train,2017-07-21,2017-07-19,RNG0085,True,False,0.0,0.0,0.0,1884.0,ADJUSTED_CLOSE_UNRESOLVED,2016-07-19,2016-07-19,RNG0085,True,False,0.0,0.0,0.0,1344.0,ADJUSTED_CLOSE_UNRESOLVED,2014-06-19,2020-07-18,2014-06-21,2020-07-18,2014-06-21,2020-07-18,243,33,33,204,204,False,True,True,ZERO_TRADE_ENDPOINT_REQUIRES_TRADING_DAY_SEMANTICS_ADJUDICATION,ZERO_TRADE_ENDPOINT_REQUIRES_TRADING_DAY_SEMANTICS_ADJUDICATION,OBSERVED_FROM_IMMUTABLE_BUNDLE_NO_LIVE_TSETMC_QUERY,False
main_rule_a_primary,فنورد,1395,1396,fold1_validation;fold2_train,2017-07-21,2017-07-19,RNG0086,True,False,0.0,0.0,0.0,5076.0,ADJUSTED_CLOSE_UNRESOLVED,2016-07-19,2016-07-19,RNG0086,True,False,0.0,0.0,0.0,4813.0,ADJUSTED_CLOSE_UNRESOLVED,2014-06-19,2020-07-18,2014-06-21,2020-07-18,2014-06-21,2020-07-18,243,104,104,103,103,False,False,False,ZERO_TRADE_ENDPOINT_REQUIRES_TRADING_DAY_SEMANTICS_ADJUDICATION,ZERO_TRADE_ENDPOINT_REQUIRES_TRADING_DAY_SEMANTICS_ADJUDICATION;G_FEWER_THAN_126_VALID_RETURNS_ONLY,OBSERVED_FROM_IMMUTABLE_BUNDLE_NO_LIVE_TSETMC_QUERY,False
main_rule_a_primary,فولاژ,1395,1396,fold1_validation;fold2_train,2017-07-21,2017-07-19,RNG0087,True,False,0.0,0.0,0.0,1803.0,ADJUSTED_CLOSE_UNRESOLVED,2016-07-19,2016-07-19,RNG0087,True,False,0.0,0.0,0.0,1594.0,ADJUSTED_CLOSE_UNRESOLVED,2014-06-19,2020-07-18,2014-06-21,2020-07-18,2014-06-21,2020-07-15,243,14,14,225,225,False,True,True,ZERO_TRADE_ENDPOINT_REQUIRES_TRADING_DAY_SEMANTICS_ADJUDICATION,ZERO_TRADE_ENDPOINT_REQUIRES_TRADING_DAY_SEMANTICS_ADJUDICATION,OBSERVED_FROM_IMMUTABLE_BUNDLE_NO_LIVE_TSETMC_QUERY,False
main_rule_a_primary,فپنتا,1395,1396,fold1_validation;fold2_train,2017-07-21,2017-07-19,RNG0088,True,False,0.0,0.0,0.0,13886.0,ADJUSTED_CLOSE_UNRESOLVED,2016-07-19,2016-07-19,RNG0088,True,True,24553220.0,1600.0,6.0,15243.0,OK,2014-06-19,2020-07-18,2014-06-21,2020-07-18,2014-06-21,2020-07-14,243,59,59,162,162,False,True,True,ZERO_TRADE_ENDPOINT_REQUIRES_TRADING_DAY_SEMANTICS_ADJUDICATION,,OBSERVED_FROM_IMMUTABLE_BUNDLE_NO_LIVE_TSETMC_QUERY,False
main_rule_a_primary,لابسا,1395,1396,fold1_validation;fold2_train,2017-07-21,2017-07-19,RNG0089,True,True,1092961069.0,346286.0,76.0,3156.0,OK,2016-07-19,2016-07-19,RNG0089,True,True,729704870.0,329475.0,60.0,2215.0,OK,2014-06-19,2020-07-18,2014-06-21,2020-07-18,2014-06-21,2020-07-18,243,18,18,219,219,True,True,True,,,OBSERVED_FROM_IMMUTABLE_BUNDLE_NO_LIVE_TSETMC_QUERY,False
main_rule_a_primary,لبوتان,1395,1396,fold1_validation;fold2_train,2017-07-21,2017-07-19,RNG0090,True,True,1010021133.0,295958.0,132.0,3413.0,OK,2016-07-19,2016-07-19,RNG0090,True,False,0.0,0.0,0.0,2858.0,ADJUSTED_CLOSE_UNRESOLVED,2014-06-19,2020-07-18,2014-06-21,2020-07-18,2014-07-02,2020-07-18,243,14,14,224,224,False,True,True,ZERO_TRADE_ENDPOINT_REQUIRES_TRADING_DAY_SEMANTICS_ADJUDICATION,,OBSERVED_FROM_IMMUTABLE_BUNDLE_NO_LIVE_TSETMC_QUERY,False
main_rule_a_primary,لخزر,1395,1396,fold1_validation;fold2_train,2017-07-21,2017-07-19,RNG0091,True,True,1230187942.0,132413.0,69.0,9291.0,OK,2016-07-19,2016-07-19,RNG0091,True,True,694755399.0,84167.0,89.0,8254.0,OK,2014-06-19,2020-07-18,2014-06-21,2020-07-18,2014-06-21,2020-07-18,243,8,8,231,231,True,True,True,,,OBSERVED_FROM_IMMUTABLE_BUNDLE_NO_LIVE_TSETMC_QUERY,False
main_rule_a_primary,لسرما,1395,1396,fold1_validation;fold2_train,2017-07-21,2017-07-19,RNG0092,True,False,0.0,0.0,0.0,5638.0,ADJUSTED_CLOSE_UNRESOLVED,2016-07-19,2016-07-19,RNG0092,True,False,0.0,0.0,0.0,1779.0,ADJUSTED_CLOSE_UNRESOLVED,2014-06-19,2020-07-18,2014-06-21,2020-07-18,2014-07-08,2020-07-18,243,48,48,191,191,False,True,True,ZERO_TRADE_ENDPOINT_REQUIRES_TRADING_DAY_SEMANTICS_ADJUDICATION,ZERO_TRADE_ENDPOINT_REQUIRES_TRADING_DAY_SEMANTICS_ADJUDICATION,OBSERVED_FROM_IMMUTABLE_BUNDLE_NO_LIVE_TSETMC_QUERY,False
main_rule_a_primary,همراه,1395,1396,fold1_validation;fold2_train,2017-07-21,2017-07-19,RNG0095,True,True,3080590128.0,206047.0,160.0,15034.0,OK,2016-07-19,2016-07-19,RNG0095,True,True,3669881478.0,121730.0,84.0,30161.0,OK,2015-06-18,2020-07-18,2015-06-20,2020-07-18,2015-06-20,2020-07-18,243,12,12,226,226,True,True,True,,,OBSERVED_FROM_IMMUTABLE_BUNDLE_NO_LIVE_TSETMC_QUERY,False
main_rule_a_primary,پدرخش,1395,1396,fold1_validation;fold2_train,2017-07-21,2017-07-19,RNG0097,True,False,0.0,0.0,0.0,3899.0,ADJUSTED_CLOSE_UNRESOLVED,2016-07-19,2016-07-19,RNG0097,True,True,14679560.0,7126.0,9.0,1965.0,OK,2014-06-19,2020-07-18,2014-06-21,2020-07-18,2014-06-30,2020-07-18,243,9,9,229,229,False,True,True,ZERO_TRADE_ENDPOINT_REQUIRES_TRADING_DAY_SEMANTICS_ADJUDICATION,,OBSERVED_FROM_IMMUTABLE_BUNDLE_NO_LIVE_TSETMC_QUERY,False
main_rule_a_primary,پسهند,1395,1396,fold1_validation;fold2_train,2017-07-21,2017-07-19,RNG0099,True,True,3985596639.0,1190223.0,327.0,3349.0,OK,2016-07-19,2016-07-19,RNG0099,True,True,373429557.0,161987.0,60.0,2284.0,OK,2014-06-19,2020-07-18,2014-06-21,2020-07-18,2014-06-21,2020-07-18,243,26,26,211,211,True,True,True,,,OBSERVED_FROM_IMMUTABLE_BUNDLE_NO_LIVE_TSETMC_QUERY,False
main_rule_a_primary,پلاسک,1395,1396,fold1_validation;fold2_train,2017-07-21,2017-07-19,RNG0100,True,True,3243149569.0,3405777.0,424.0,952.0,OK,2016-07-19,2016-07-19,RNG0100,True,False,0.0,0.0,0.0,1681.0,ADJUSTED_CLOSE_UNRESOLVED,2014-06-19,2020-07-18,2014-06-21,2020-07-18,2014-06-21,2020-07-18,243,23,23,215,215,False,True,True,ZERO_TRADE_ENDPOINT_REQUIRES_TRADING_DAY_SEMANTICS_ADJUDICATION,,OBSERVED_FROM_IMMUTABLE_BUNDLE_NO_LIVE_TSETMC_QUERY,False
main_rule_a_primary,چافست,1395,1396,fold1_validation;fold2_train,2017-01-19,2017-01-18,RNG0101,True,True,229643985.0,33008.0,18.0,6851.0,OK,2016-01-18,2016-01-18,RNG0101,True,True,2246201682.0,637191.0,146.0,3525.0,OK,2013-12-20,2020-01-19,2013-12-21,2020-01-19,2013-12-28,2020-01-15,246,17,17,224,224,True,True,True,,,OBSERVED_FROM_IMMUTABLE_BUNDLE_NO_LIVE_TSETMC_QUERY,False
main_rule_a_primary,چکارن,1395,1396,fold1_validation;fold2_train,2017-07-21,2017-07-19,RNG0102,True,True,5262642076.0,884399.0,272.0,5951.0,OK,2016-07-19,2016-07-19,RNG0102,True,True,450525404.0,169389.0,49.0,2665.0,OK,2014-06-19,2020-07-18,2014-06-21,2020-07-18,2014-06-21,2020-07-18,243,47,47,189,189,True,True,True,,,OBSERVED_FROM_IMMUTABLE_BUNDLE_NO_LIVE_TSETMC_QUERY,False
main_rule_a_primary,کبافق,1395,1396,fold1_validation;fold2_train,2017-07-21,2017-07-19,RNG0104,True,False,0.0,0.0,0.0,12816.0,ADJUSTED_CLOSE_UNRESOLVED,2016-07-19,2016-07-19,RNG0104,True,True,993173097.0,194954.0,86.0,5094.0,OK,2013-06-19,2020-07-18,2013-06-19,2020-07-18,2013-06-19,2020-07-18,243,35,35,202,202,False,True,True,ZERO_TRADE_ENDPOINT_REQUIRES_TRADING_DAY_SEMANTICS_ADJUDICATION,,OBSERVED_FROM_IMMUTABLE_BUNDLE_NO_LIVE_TSETMC_QUERY,False
main_rule_a_primary,کرازی,1395,1396,fold1_validation;fold2_train,2017-07-21,2017-07-19,RNG0105,True,True,7157464320.0,2282938.0,434.0,3135.0,OK,2016-07-19,2016-07-19,RNG0105,True,True,5917796478.0,1013987.0,328.0,5836.0,OK,2013-06-19,2020-07-18,2013-06-19,2020-07-18,2013-06-19,2020-07-18,243,19,19,220,220,True,True,True,,,OBSERVED_FROM_IMMUTABLE_BUNDLE_NO_LIVE_TSETMC_QUERY,False
main_rule_a_primary,کفرا,1395,1396,fold1_validation;fold2_train,2017-07-21,2017-07-19,RNG0106,True,True,3460630133.0,1002907.0,344.0,3451.0,OK,2016-07-19,2016-07-19,RNG0106,True,True,505136545.0,156213.0,62.0,3234.0,OK,2013-06-19,2020-07-18,2013-06-19,2020-07-18,2013-07-06,2020-07-18,243,42,42,195,195,True,True,True,,,OBSERVED_FROM_IMMUTABLE_BUNDLE_NO_LIVE_TSETMC_QUERY,False
main_rule_a_primary,کفپارس,1395,1396,fold1_validation;fold2_train,2017-04-19,2017-04-18,RNG0107,True,False,0.0,0.0,0.0,4850.0,ADJUSTED_CLOSE_UNRESOLVED,2016-04-18,2016-04-18,RNG0107,True,False,0.0,0.0,0.0,6918.0,ADJUSTED_CLOSE_UNRESOLVED,2013-03-19,2020-04-17,2013-03-25,2020-04-15,2013-05-20,2020-04-15,244,11,11,230,230,False,True,True,ZERO_TRADE_ENDPOINT_REQUIRES_TRADING_DAY_SEMANTICS_ADJUDICATION,ZERO_TRADE_ENDPOINT_REQUIRES_TRADING_DAY_SEMANTICS_ADJUDICATION,OBSERVED_FROM_IMMUTABLE_BUNDLE_NO_LIVE_TSETMC_QUERY,False
main_rule_a_primary,کهمدا,1395,1396,fold1_validation;fold2_train,2016-10-21,2016-10-19,RNG0108,True,True,2222752691.0,287505.0,97.0,7731.0,OK,2015-10-19,2015-10-19,RNG0108,True,False,0.0,0.0,0.0,5465.0,ADJUSTED_CLOSE_UNRESOLVED,2012-09-21,2019-10-21,2012-09-22,2019-10-21,2012-09-22,2019-10-21,245,10,10,232,232,False,True,True,ZERO_TRADE_ENDPOINT_REQUIRES_TRADING_DAY_SEMANTICS_ADJUDICATION,,OBSERVED_FROM_IMMUTABLE_BUNDLE_NO_LIVE_TSETMC_QUERY,False
main_rule_a_primary,کگاز,1395,1396,fold1_validation;fold2_train,2017-07-21,2017-07-19,RNG0110,True,True,1925474973.0,431665.0,118.0,4461.0,OK,2016-07-19,2016-07-19,RNG0110,True,True,8225626008.0,1592829.0,297.0,5164.0,OK,2013-06-19,2020-07-18,2013-06-19,2020-07-18,2013-06-19,2020-07-18,243,142,142,95,95,False,False,False,G_FEWER_THAN_126_VALID_RETURNS_ONLY,,OBSERVED_FROM_IMMUTABLE_BUNDLE_NO_LIVE_TSETMC_QUERY,False
main_rule_a_primary,کگل,1395,1396,fold1_validation;fold2_train,2017-07-21,2017-07-19,RNG0111,True,False,0.0,0.0,0.0,2000.0,ADJUSTED_CLOSE_UNRESOLVED,2016-07-19,2016-07-19,RNG0111,True,True,12589868143.0,7291268.0,909.0,1727.0,OK,2013-06-19,2020-07-18,2013-06-19,2020-07-18,2013-06-19,2020-07-18,243,28,28,211,211,False,True,True,ZERO_TRADE_ENDPOINT_REQUIRES_TRADING_DAY_SEMANTICS_ADJUDICATION,,OBSERVED_FROM_IMMUTABLE_BUNDLE_NO_LIVE_TSETMC_QUERY,False
main_rule_a_primary,بالبر,1396,1397,fold1_validation;fold2_train,2018-01-20,2018-01-17,RNG0001,True,True,949046588.0,430633.0,62.0,2204.0,OK,2017-01-17,2017-01-17,RNG0001,True,False,0.0,0.0,0.0,2756.0,ADJUSTED_CLOSE_UNRESOLVED,2013-12-20,2020-01-19,2013-12-21,2020-01-19,2014-01-27,2020-01-19,245,20,20,221,221,False,True,True,ZERO_TRADE_ENDPOINT_REQUIRES_TRADING_DAY_SEMANTICS_ADJUDICATION,,OBSERVED_FROM_IMMUTABLE_BUNDLE_NO_LIVE_TSETMC_QUERY,False
main_rule_a_primary,بترانس,1396,1397,fold1_validation;fold2_train,2018-07-20,2018-07-18,RNG0002,True,True,9863198509.0,1738510.0,133.0,5673.0,OK,2017-07-18,2017-07-18,RNG0002,True,True,159779859.0,29793.0,20.0,5639.0,OK,2014-06-19,2020-07-18,2014-06-21,2020-07-18,2014-06-21,2020-07-18,242,9,9,229,229,True,True,True,,,OBSERVED_FROM_IMMUTABLE_BUNDLE_NO_LIVE_TSETMC_QUERY,False
main_rule_a_primary,بموتو,1396,1397,fold1_validation;fold2_train,2018-01-20,2018-01-17,RNG0003,True,True,195908743.0,54345.0,24.0,3625.0,OK,2017-01-17,2017-01-17,RNG0003,True,True,81764596.0,17783.0,13.0,4671.0,OK,2012-12-20,2020-01-19,2012-12-22,2020-01-19,2012-12-22,2020-01-19,245,9,9,231,231,True,True,True,,,OBSERVED_FROM_IMMUTABLE_BUNDLE_NO_LIVE_TSETMC_QUERY,False
main_rule_a_primary,بکاب,1396,1397,fold1_validation;fold2_train,2018-01-20,2018-01-17,RNG0004,True,True,776211380.0,69047.0,6.0,11242.0,OK,2017-01-17,2017-01-17,RNG0004,True,False,0.0,0.0,0.0,12351.0,ADJUSTED_CLOSE_UNRESOLVED,2013-12-20,2020-01-19,2013-12-21,2020-01-19,2013-12-21,2020-01-18,245,13,13,227,227,False,True,True,ZERO_TRADE_ENDPOINT_REQUIRES_TRADING_DAY_SEMANTICS_ADJUDICATION,,OBSERVED_FROM_IMMUTABLE_BUNDLE_NO_LIVE_TSETMC_QUERY,False
main_rule_a_primary,بکام,1396,1397,fold1_validation;fold2_train,2018-07-20,2018-07-18,RNG0005,True,True,2985135374.0,1266843.0,155.0,2356.0,OK,2017-07-18,2017-07-18,RNG0005,True,False,0.0,0.0,0.0,2600.0,ADJUSTED_CLOSE_UNRESOLVED,2014-06-19,2020-07-18,2014-06-21,2020-07-18,2014-06-29,2020-06-28,242,57,57,180,180,False,True,True,ZERO_TRADE_ENDPOINT_REQUIRES_TRADING_DAY_SEMANTICS_ADJUDICATION,,OBSERVED_FROM_IMMUTABLE_BUNDLE_NO_LIVE_TSETMC_QUERY,False
main_rule_a_primary,تپمپی,1396,1397,fold1_validation;fold2_train,2017-10-22,2017-10-21,RNG0006,True,True,1175229.0,412.0,2.0,2870.0,OK,2016-10-21,2016-10-22,RNG0006,True,False,0.0,0.0,0.0,3054.0,ADJUSTED_CLOSE_UNRESOLVED,2013-09-21,2019-10-21,2013-09-21,2019-10-21,2013-09-21,2019-10-16,242,26,26,204,204,False,True,True,ZERO_TRADE_ENDPOINT_REQUIRES_TRADING_DAY_SEMANTICS_ADJUDICATION,,OBSERVED_FROM_IMMUTABLE_BUNDLE_NO_LIVE_TSETMC_QUERY,False
main_rule_a_primary,تکمبا,1396,1397,fold1_validation;fold2_train,2018-07-20,2018-07-18,RNG0007,True,True,2951530236.0,3936487.0,347.0,750.0,OK,2017-07-18,2017-07-18,RNG0007,True,True,5104640998.0,6737198.0,567.0,758.0,OK,2014-06-19,2020-07-18,2014-06-21,2020-07-18,2014-06-21,2020-07-18,242,26,26,212,212,True,True,True,,,OBSERVED_FROM_IMMUTABLE_BUNDLE_NO_LIVE_TSETMC_QUERY,False
main_rule_a_primary,ثشرق,1396,1397,fold1_validation;fold2_train,2018-01-20,2018-01-17,RNG0008,True,True,557806350.0,663788.0,80.0,840.0,OK,2017-01-17,2017-01-17,RNG0008,True,True,985645148.0,797742.0,121.0,1236.0,OK,2013-12-20,2020-01-19,2014-05-11,2020-01-19,2014-06-25,2020-01-19,245,12,12,228,228,True,True,True,,,OBSERVED_FROM_IMMUTABLE_BUNDLE_NO_LIVE_TSETMC_QUERY,True
main_rule_a_primary,ثنوسا,1396,1397,fold1_validation;fold2_train,2018-01-20,2018-01-17,RNG0009,True,True,1320907818.0,1088494.0,162.0,1214.0,OK,2017-01-17,2017-01-17,RNG0009,True,True,3024269105.0,1764486.0,321.0,1714.0,OK,2012-12-20,2020-01-19,2012-12-22,2020-01-19,2012-12-22,2020-01-19,245,30,30,210,210,True,True,True,,,OBSERVED_FROM_IMMUTABLE_BUNDLE_NO_LIVE_TSETMC_QUERY,False
main_rule_a_primary,جم,1396,1397,fold1_validation;fold2_train,2018-07-20,2018-07-18,RNG0010,True,True,15228655254.0,1443129.0,136.0,10553.0,OK,2017-07-18,2017-07-18,RNG0010,True,True,692186816.0,87709.0,39.0,7957.0,OK,2015-06-18,2020-07-18,2015-08-08,2020-07-18,2015-08-09,2020-07-18,242,10,10,227,227,True,True,True,,,OBSERVED_FROM_IMMUTABLE_BUNDLE_NO_LIVE_TSETMC_QUERY,True
main_rule_a_primary,حپترو,1396,1397,fold1_validation;fold2_train,2018-07-20,2018-07-18,RNG0012,True,False,0.0,0.0,0.0,2302.0,ADJUSTED_CLOSE_UNRESOLVED,2017-07-18,2017-07-18,RNG0012,True,False,0.0,0.0,0.0,4128.0,ADJUSTED_CLOSE_UNRESOLVED,2013-06-19,2020-07-18,2013-06-19,2020-07-18,2013-06-30,2020-07-18,242,13,13,226,226,False,True,True,ZERO_TRADE_ENDPOINT_REQUIRES_TRADING_DAY_SEMANTICS_ADJUDICATION,ZERO_TRADE_ENDPOINT_REQUIRES_TRADING_DAY_SEMANTICS_ADJUDICATION,OBSERVED_FROM_IMMUTABLE_BUNDLE_NO_LIVE_TSETMC_QUERY,False
main_rule_a_primary,حکشتی,1396,1397,fold1_validation;fold2_train,2017-10-22,2017-10-21,RNG0013,True,False,0.0,0.0,0.0,4261.0,ADJUSTED_CLOSE_UNRESOLVED,2016-10-21,2016-10-22,RNG0013,True,False,0.0,0.0,0.0,4905.0,ADJUSTED_CLOSE_UNRESOLVED,2012-09-21,2019-10-21,2012-09-22,2019-10-21,2012-09-22,2019-10-20,242,20,20,220,220,False,True,True,ZERO_TRADE_ENDPOINT_REQUIRES_TRADING_DAY_SEMANTICS_ADJUDICATION,ZERO_TRADE_ENDPOINT_REQUIRES_TRADING_DAY_SEMANTICS_ADJUDICATION,OBSERVED_FROM_IMMUTABLE_BUNDLE_NO_LIVE_TSETMC_QUERY,False
main_rule_a_primary,خاذین,1396,1397,fold1_validation;fold2_train,2018-07-20,2018-07-18,RNG0014,True,True,91268994240.0,48268275.0,2893.0,1891.0,OK,2017-07-18,2017-07-18,RNG0014,True,True,3716760988.0,3824055.0,500.0,972.0,OK,2013-06-19,2020-07-18,2013-06-19,2020-07-18,2013-06-19,2020-07-18,242,9,9,228,228,True,True,True,,,OBSERVED_FROM_IMMUTABLE_BUNDLE_NO_LIVE_TSETMC_QUERY,False
main_rule_a_primary,خبهمن,1396,1397,fold1_validation;fold2_train,2018-07-20,2018-07-18,RNG0015,True,False,0.0,0.0,0.0,730.0,ADJUSTED_CLOSE_UNRESOLVED,2017-07-18,2017-07-18,RNG0015,True,False,0.0,0.0,0.0,967.0,ADJUSTED_CLOSE_UNRESOLVED,2013-06-19,2020-07-18,2013-06-19,2020-07-18,2013-06-22,2020-07-18,242,29,29,210,210,False,True,True,ZERO_TRADE_ENDPOINT_REQUIRES_TRADING_DAY_SEMANTICS_ADJUDICATION,ZERO_TRADE_ENDPOINT_REQUIRES_TRADING_DAY_SEMANTICS_ADJUDICATION,OBSERVED_FROM_IMMUTABLE_BUNDLE_NO_LIVE_TSETMC_QUERY,False
main_rule_a_primary,ختوقا,1396,1397,fold1_validation;fold2_train,2018-07-20,2018-07-18,RNG0016,True,True,4317049110.0,2853237.0,406.0,1513.0,OK,2017-07-18,2017-07-18,RNG0016,True,True,3770541668.0,2261582.0,331.0,1667.0,OK,2013-06-19,2020-07-18,2013-06-19,2020-07-18,2013-07-22,2020-07-18,242,5,5,234,234,True,True,True,,,OBSERVED_FROM_IMMUTABLE_BUNDLE_NO_LIVE_TSETMC_QUERY,False
main_rule_a_primary,خرینگ,1396,1397,fold1_validation;fold2_train,2018-07-20,2018-07-18,RNG0017,True,True,4983590921.0,3281300.0,534.0,1519.0,OK,2017-07-18,2017-07-18,RNG0017,True,True,1165045637.0,1408082.0,157.0,827.0,OK,2013-06-19,2020-07-18,2013-06-19,2020-07-18,2013-06-23,2020-07-18,242,13,13,223,223,True,True,True,,,OBSERVED_FROM_IMMUTABLE_BUNDLE_NO_LIVE_TSETMC_QUERY,False
main_rule_a_primary,خمحور,1396,1397,fold1_validation;fold2_train,2018-07-20,2018-07-18,RNG0018,True,True,3395967365.0,992326.0,201.0,3422.0,OK,2017-07-18,2017-07-18,RNG0018,True,True,518106113.0,232962.0,75.0,2224.0,OK,2013-06-19,2020-07-18,2013-06-19,2020-07-18,2013-06-22,2020-07-18,242,6,6,233,233,True,True,True,,,OBSERVED_FROM_IMMUTABLE_BUNDLE_NO_LIVE_TSETMC_QUERY,False
main_rule_a_primary,خمهر,1396,1397,fold1_validation;fold2_train,2018-07-20,2018-07-18,RNG0019,True,True,5014215041.0,2834972.0,373.0,1769.0,OK,2017-07-18,2017-07-18,RNG0019,True,True,2015439571.0,1358897.0,152.0,1483.0,OK,2013-06-19,2020-07-18,2013-06-19,2020-07-18,2013-06-19,2020-07-18,242,5,5,234,234,True,True,True,,,OBSERVED_FROM_IMMUTABLE_BUNDLE_NO_LIVE_TSETMC_QUERY,False
main_rule_a_primary,خنصیر,1396,1397,fold1_validation;fold2_train,2018-07-20,2018-07-18,RNG0020,True,True,1333390229.0,414025.0,29.0,3221.0,OK,2017-07-18,2017-07-18,RNG0020,True,False,0.0,0.0,0.0,3706.0,ADJUSTED_CLOSE_UNRESOLVED,2013-06-19,2020-07-18,2013-06-19,2020-07-18,2013-06-22,2020-07-18,242,17,17,217,217,False,True,True,ZERO_TRADE_ENDPOINT_REQUIRES_TRADING_DAY_SEMANTICS_ADJUDICATION,,OBSERVED_FROM_IMMUTABLE_BUNDLE_NO_LIVE_TSETMC_QUERY,False
main_rule_a_primary,خوساز,1396,1397,fold1_validation;fold2_train,2018-07-20,2018-07-18,RNG0021,True,True,2118365053.0,674530.0,157.0,3141.0,OK,2017-07-18,2017-07-18,RNG0021,True,False,0.0,0.0,0.0,1876.0,ADJUSTED_CLOSE_UNRESOLVED,2013-06-19,2020-07-18,2013-06-19,2020-07-18,2013-06-19,2020-07-18,242,11,11,226,226,False,True,True,ZERO_TRADE_ENDPOINT_REQUIRES_TRADING_DAY_SEMANTICS_ADJUDICATION,,OBSERVED_FROM_IMMUTABLE_BUNDLE_NO_LIVE_TSETMC_QUERY,False
main_rule_a_primary,خچرخش,1396,1397,fold1_validation;fold2_train,2018-07-20,2018-07-18,RNG0022,True,True,950879311.0,716527.0,143.0,1327.0,OK,2017-07-18,2017-07-18,RNG0022,True,True,2286280612.0,1299483.0,260.0,1759.0,OK,2013-06-19,2020-07-18,2013-06-19,2020-07-18,2013-06-23,2020-07-18,242,5,5,234,234,True,True,True,,,OBSERVED_FROM_IMMUTABLE_BUNDLE_NO_LIVE_TSETMC_QUERY,False
main_rule_a_primary,خکمک,1396,1397,fold1_validation;fold2_train,2018-07-20,2018-07-18,RNG0023,True,True,9762774466.0,9569178.0,706.0,1020.0,OK,2017-07-18,2017-07-18,RNG0023,True,True,962424265.0,1078061.0,142.0,893.0,OK,2013-06-19,2020-07-18,2013-06-19,2020-07-18,2013-06-30,2020-07-18,242,6,6,233,233,True,True,True,,,OBSERVED_FROM_IMMUTABLE_BUNDLE_NO_LIVE_TSETMC_QUERY,False
main_rule_a_primary,ددام,1396,1397,fold1_validation;fold2_train,2018-07-20,2018-07-18,RNG0024,True,True,5591625.0,2363.0,4.0,2488.0,OK,2017-07-18,2017-07-18,RNG0024,True,True,157109892.0,32694.0,13.0,4895.0,OK,2014-06-19,2020-07-18,2014-06-21,2020-07-18,2014-06-21,2020-07-18,242,25,25,200,200,True,True,True,,,OBSERVED_FROM_IMMUTABLE_BUNDLE_NO_LIVE_TSETMC_QUERY,False
main_rule_a_primary,دروز,1396,1397,fold1_validation;fold2_train,2018-07-20,2018-07-18,RNG0025,True,False,0.0,0.0,0.0,2325.0,ADJUSTED_CLOSE_UNRESOLVED,2017-07-18,2017-07-18,RNG0025,True,True,1061572796.0,505074.0,113.0,2102.0,OK,2013-06-19,2020-07-18,2013-06-19,2020-07-18,2013-06-19,2020-07-18,242,55,55,155,155,False,True,True,ZERO_TRADE_ENDPOINT_REQUIRES_TRADING_DAY_SEMANTICS_ADJUDICATION,,OBSERVED_FROM_IMMUTABLE_BUNDLE_NO_LIVE_TSETMC_QUERY,False
main_rule_a_primary,دسبحا,1396,1397,fold1_validation;fold2_train,2018-07-20,2018-07-18,RNG0026,True,True,140440475.0,44523.0,8.0,3196.0,OK,2017-07-18,2017-07-18,RNG0026,True,True,327358675.0,68902.0,28.0,4697.0,OK,2013-06-19,2020-07-18,2013-06-19,2020-07-18,2013-06-19,2020-07-18,242,15,15,223,223,True,True,True,,,OBSERVED_FROM_IMMUTABLE_BUNDLE_NO_LIVE_TSETMC_QUERY,False
main_rule_a_primary,دسینا,1396,1397,fold1_validation;fold2_train,2018-07-20,2018-07-18,RNG0027,True,True,349996304.0,27326.0,25.0,12781.0,OK,2017-07-18,2017-07-18,RNG0027,True,True,677890358.0,33000.0,32.0,21137.0,OK,2014-06-19,2020-07-18,2014-06-21,2020-07-18,2014-06-21,2020-07-18,242,16,16,220,220,True,True,True,,,OBSERVED_FROM_IMMUTABLE_BUNDLE_NO_LIVE_TSETMC_QUERY,False
main_rule_a_primary,دشیمی,1396,1397,fold1_validation;fold2_train,2018-07-20,2018-07-18,RNG0028,True,True,1402100.0,700.0,1.0,2054.0,OK,2017-07-18,2017-07-18,RNG0028,True,False,0.0,0.0,0.0,3048.0,ADJUSTED_CLOSE_UNRESOLVED,2014-06-19,2020-07-18,2014-06-21,2020-07-18,2014-06-22,2020-07-18,242,40,40,173,173,False,True,True,ZERO_TRADE_ENDPOINT_REQUIRES_TRADING_DAY_SEMANTICS_ADJUDICATION,,OBSERVED_FROM_IMMUTABLE_BUNDLE_NO_LIVE_TSETMC_QUERY,False
main_rule_a_primary,دیران,1396,1397,fold1_validation;fold2_train,2018-07-20,2018-07-18,RNG0029,True,True,15204621.0,9985.0,7.0,1570.0,OK,2017-07-18,2017-07-18,RNG0029,True,True,522073160.0,151451.0,30.0,3443.0,OK,2013-06-19,2020-04-17,2013-06-19,2020-04-15,2013-06-19,2020-04-15,242,19,19,211,211,True,True,True,,,OBSERVED_FROM_IMMUTABLE_BUNDLE_NO_LIVE_TSETMC_QUERY,False
main_rule_a_primary,رانفور,1396,1397,fold1_validation;fold2_train,2018-07-20,2018-07-18,RNG0030,True,True,792267639.0,28731.0,40.0,27751.0,OK,2017-07-18,2017-07-18,RNG0030,True,True,12432696990.0,483142.0,79.0,25733.0,OK,2013-06-19,2020-07-18,2013-06-19,2020-07-18,2013-06-19,2020-07-18,242,4,4,235,235,True,True,True,,,OBSERVED_FROM_IMMUTABLE_BUNDLE_NO_LIVE_TSETMC_QUERY,False
main_rule_a_primary,زمگسا,1396,1397,fold1_validation;fold2_train,2018-07-20,2018-07-18,RNG0032,True,False,0.0,0.0,0.0,2398.0,ADJUSTED_CLOSE_UNRESOLVED,2017-07-18,2017-07-18,RNG0032,True,True,1791238238.0,265217.0,93.0,6754.0,OK,2013-06-19,2020-07-18,2013-06-19,2020-07-18,2013-06-19,2020-07-18,242,12,12,226,226,False,True,True,ZERO_TRADE_ENDPOINT_REQUIRES_TRADING_DAY_SEMANTICS_ADJUDICATION,,OBSERVED_FROM_IMMUTABLE_BUNDLE_NO_LIVE_TSETMC_QUERY,False
main_rule_a_primary,ساراب,1396,1397,fold1_validation;fold2_train,2018-07-20,2018-07-18,RNG0034,True,True,336710688.0,337162.0,56.0,1002.0,OK,2017-07-18,2017-07-18,RNG0034,True,False,0.0,0.0,0.0,1390.0,ADJUSTED_CLOSE_UNRESOLVED,2013-06-19,2020-07-18,2013-06-19,2020-07-18,2013-06-19,2020-07-18,242,8,8,230,230,False,True,True,ZERO_TRADE_ENDPOINT_REQUIRES_TRADING_DAY_SEMANTICS_ADJUDICATION,,OBSERVED_FROM_IMMUTABLE_BUNDLE_NO_LIVE_TSETMC_QUERY,False
main_rule_a_primary,ساربیل,1396,1397,fold1_validation;fold2_train,2018-04-19,2018-04-18,RNG0035,True,False,0.0,0.0,0.0,5937.0,ADJUSTED_CLOSE_UNRESOLVED,2017-04-18,2017-04-18,RNG0035,True,True,17383588.0,1586.0,9.0,11518.0,OK,2014-03-19,2020-04-17,2014-03-19,2020-04-15,2014-03-19,2020-04-15,243,169,169,33,33,False,False,False,ZERO_TRADE_ENDPOINT_REQUIRES_TRADING_DAY_SEMANTICS_ADJUDICATION,G_FEWER_THAN_126_VALID_RETURNS_ONLY,OBSERVED_FROM_IMMUTABLE_BUNDLE_NO_LIVE_TSETMC_QUERY,False
main_rule_a_primary,ساروم,1396,1397,fold1_validation;fold2_train,2018-07-20,2018-07-18,RNG0036,True,True,269908410.0,110631.0,24.0,2440.0,OK,2017-07-18,2017-07-18,RNG0036,True,True,124944543.0,47387.0,15.0,2629.0,OK,2014-06-19,2020-07-18,2014-06-21,2020-07-18,2014-06-21,2020-07-18,242,12,12,223,223,True,True,True,,,OBSERVED_FROM_IMMUTABLE_BUNDLE_NO_LIVE_TSETMC_QUERY,False
main_rule_a_primary,سبجنو,1396,1397,fold1_validation;fold2_train,2018-07-20,2018-07-18,RNG0037,True,True,23522300.0,7100.0,2.0,3473.0,OK,2017-07-18,2017-07-18,RNG0037,True,True,307419263.0,48953.0,16.0,6486.0,OK,2014-06-19,2020-07-18,2014-06-21,2020-07-18,2014-06-21,2020-07-18,242,90,90,119,119,False,False,False,G_FEWER_THAN_126_VALID_RETURNS_ONLY,,OBSERVED_FROM_IMMUTABLE_BUNDLE_NO_LIVE_TSETMC_QUERY,False
main_rule_a_primary,سبهان,1396,1397,fold1_validation;fold2_train,2018-07-20,2018-07-18,RNG0038,True,True,17430750.0,1215.0,3.0,14238.0,OK,2017-07-18,2017-07-18,RNG0038,True,False,0.0,0.0,0.0,14535.0,ADJUSTED_CLOSE_UNRESOLVED,2013-06-19,2020-07-18,2013-06-19,2020-07-18,2013-06-19,2020-07-18,242,55,55,152,152,False,True,True,ZERO_TRADE_ENDPOINT_REQUIRES_TRADING_DAY_SEMANTICS_ADJUDICATION,,OBSERVED_FROM_IMMUTABLE_BUNDLE_NO_LIVE_TSETMC_QUERY,False
main_rule_a_primary,ستران,1396,1397,fold1_validation;fold2_train,2018-07-20,2018-07-18,RNG0039,True,False,0.0,0.0,0.0,1288.0,ADJUSTED_CLOSE_UNRESOLVED,2017-07-18,2017-07-18,RNG0039,True,False,0.0,0.0,0.0,2026.0,ADJUSTED_CLOSE_UNRESOLVED,2014-06-19,2020-07-18,2014-06-21,2020-07-18,2014-06-21,2020-07-18,242,11,11,228,228,False,True,True,ZERO_TRADE_ENDPOINT_REQUIRES_TRADING_DAY_SEMANTICS_ADJUDICATION,ZERO_TRADE_ENDPOINT_REQUIRES_TRADING_DAY_SEMANTICS_ADJUDICATION,OBSERVED_FROM_IMMUTABLE_BUNDLE_NO_LIVE_TSETMC_QUERY,False
main_rule_a_primary,سخاش,1396,1397,fold1_validation;fold2_train,2018-07-20,2018-07-18,RNG0040,True,False,0.0,0.0,0.0,9156.0,ADJUSTED_CLOSE_UNRESOLVED,2017-07-18,2017-07-18,RNG0040,True,False,0.0,0.0,0.0,8253.0,ADJUSTED_CLOSE_UNRESOLVED,2014-06-19,2020-07-18,2014-06-21,2020-07-18,2014-06-21,2020-07-18,242,121,121,74,74,False,False,False,ZERO_TRADE_ENDPOINT_REQUIRES_TRADING_DAY_SEMANTICS_ADJUDICATION,ZERO_TRADE_ENDPOINT_REQUIRES_TRADING_DAY_SEMANTICS_ADJUDICATION;G_FEWER_THAN_126_VALID_RETURNS_ONLY,OBSERVED_FROM_IMMUTABLE_BUNDLE_NO_LIVE_TSETMC_QUERY,False
main_rule_a_primary,سخزر,1396,1397,fold1_validation;fold2_train,2018-07-20,2018-07-18,RNG0041,True,False,0.0,0.0,0.0,3657.0,ADJUSTED_CLOSE_UNRESOLVED,2017-07-18,2017-07-18,RNG0041,True,True,22855000.0,5000.0,1.0,4799.0,OK,2013-06-19,2020-07-18,2013-06-19,2020-07-18,2013-06-19,2020-07-18,242,136,136,64,64,False,False,False,ZERO_TRADE_ENDPOINT_REQUIRES_TRADING_DAY_SEMANTICS_ADJUDICATION,G_FEWER_THAN_126_VALID_RETURNS_ONLY,OBSERVED_FROM_IMMUTABLE_BUNDLE_NO_LIVE_TSETMC_QUERY,False
main_rule_a_primary,سخوز,1396,1397,fold1_validation;fold2_train,2018-07-20,2018-07-18,RNG0042,True,True,370961904.0,132560.0,29.0,2773.0,OK,2017-07-18,2017-07-18,RNG0042,True,True,1240000.0,400.0,1.0,3195.0,OK,2015-06-18,2020-07-18,2015-06-20,2020-07-18,2015-06-20,2020-07-18,242,13,13,219,219,True,True,True,,,OBSERVED_FROM_IMMUTABLE_BUNDLE_NO_LIVE_TSETMC_QUERY,False
main_rule_a_primary,سدشت,1396,1397,fold1_validation;fold2_train,2018-01-20,2018-01-17,RNG0043,True,False,0.0,0.0,0.0,1776.0,ADJUSTED_CLOSE_UNRESOLVED,2017-01-17,2017-01-17,RNG0043,True,True,44580000.0,20000.0,1.0,2341.0,OK,2012-12-20,2020-01-19,2012-12-22,2020-01-19,2012-12-23,2020-01-19,245,163,163,47,47,False,False,False,ZERO_TRADE_ENDPOINT_REQUIRES_TRADING_DAY_SEMANTICS_ADJUDICATION,G_FEWER_THAN_126_VALID_RETURNS_ONLY,OBSERVED_FROM_IMMUTABLE_BUNDLE_NO_LIVE_TSETMC_QUERY,False
main_rule_a_primary,سدور,1396,1397,fold1_validation;fold2_train,2018-07-20,2018-07-18,RNG0044,True,True,6714827819.0,9133694.0,716.0,735.0,OK,2017-07-18,2017-07-18,RNG0044,True,True,4467133112.0,4016325.0,494.0,1112.0,OK,2013-06-19,2020-07-18,2013-06-19,2020-07-18,2013-06-19,2020-07-18,242,30,30,207,207,True,True,True,,,OBSERVED_FROM_IMMUTABLE_BUNDLE_NO_LIVE_TSETMC_QUERY,False
main_rule_a_primary,سرود,1396,1397,fold1_validation;fold2_train,2018-07-20,2018-07-18,RNG0045,True,True,19869428.0,17014.0,8.0,1156.0,OK,2017-07-18,2017-07-18,RNG0045,True,True,50480433.0,34632.0,20.0,1500.0,OK,2013-06-19,2020-07-18,2013-06-19,2020-07-18,2013-06-19,2020-07-18,242,8,8,229,229,True,True,True,,,OBSERVED_FROM_IMMUTABLE_BUNDLE_NO_LIVE_TSETMC_QUERY,False
main_rule_a_primary,سشرق,1396,1397,fold1_validation;fold2_train,2018-01-20,2018-01-17,RNG0046,True,True,2411793156.0,3181701.0,257.0,758.0,OK,2017-01-17,2017-01-17,RNG0046,True,True,2676589191.0,2394328.0,211.0,1118.0,OK,2012-12-20,2020-01-19,2012-12-22,2020-01-19,2012-12-22,2020-01-19,245,6,6,235,235,True,True,True,,,OBSERVED_FROM_IMMUTABLE_BUNDLE_NO_LIVE_TSETMC_QUERY,False
main_rule_a_primary,سصفها,1396,1397,fold1_validation;fold2_train,2018-07-20,2018-07-18,RNG0047,True,False,0.0,0.0,0.0,6390.0,ADJUSTED_CLOSE_UNRESOLVED,2017-07-18,2017-07-18,RNG0047,True,True,1552300.0,100.0,1.0,16339.0,OK,2014-06-19,2020-07-18,2014-06-21,2020-07-18,2014-06-21,2020-07-18,242,123,123,78,78,False,False,False,ZERO_TRADE_ENDPOINT_REQUIRES_TRADING_DAY_SEMANTICS_ADJUDICATION,G_FEWER_THAN_126_VALID_RETURNS_ONLY,OBSERVED_FROM_IMMUTABLE_BUNDLE_NO_LIVE_TSETMC_QUERY,False
main_rule_a_primary,سغرب,1396,1397,fold1_validation;fold2_train,2018-07-20,2018-07-18,RNG0048,True,True,452709808.0,156886.0,21.0,2892.0,OK,2017-07-18,2017-07-18,RNG0048,True,True,29638464.0,8836.0,8.0,3342.0,OK,2014-06-19,2020-07-18,2014-06-21,2020-07-18,2014-06-21,2020-07-18,242,11,11,224,224,True,True,True,,,OBSERVED_FROM_IMMUTABLE_BUNDLE_NO_LIVE_TSETMC_QUERY,False
main_rule_a_primary,سقاین,1396,1397,fold1_validation;fold2_train,2018-07-20,2018-07-18,RNG0049,True,True,462462.0,77.0,1.0,5720.0,OK,2017-07-18,2017-07-18,RNG0049,True,True,121298580.0,7215.0,4.0,16210.0,OK,2013-06-19,2020-07-18,2013-06-19,2020-07-18,2013-07-01,2020-07-18,242,52,52,157,157,True,True,True,,,OBSERVED_FROM_IMMUTABLE_BUNDLE_NO_LIVE_TSETMC_QUERY,False
main_rule_a_primary,سمازن,1396,1397,fold1_validation;fold2_train,2018-04-19,2018-04-18,RNG0050,True,False,0.0,0.0,0.0,2562.0,ADJUSTED_CLOSE_UNRESOLVED,2017-04-18,2017-04-18,RNG0050,True,False,0.0,0.0,0.0,4737.0,ADJUSTED_CLOSE_UNRESOLVED,2013-06-19,2020-04-17,2013-06-19,2020-04-15,2013-06-19,2020-04-14,243,183,183,29,29,False,False,False,ZERO_TRADE_ENDPOINT_REQUIRES_TRADING_DAY_SEMANTICS_ADJUDICATION,ZERO_TRADE_ENDPOINT_REQUIRES_TRADING_DAY_SEMANTICS_ADJUDICATION;G_FEWER_THAN_126_VALID_RETURNS_ONLY,OBSERVED_FROM_IMMUTABLE_BUNDLE_NO_LIVE_TSETMC_QUERY,False
main_rule_a_primary,سنیر,1396,1397,fold1_validation;fold2_train,2018-07-20,2018-07-18,RNG0051,True,False,0.0,0.0,0.0,13360.0,ADJUSTED_CLOSE_UNRESOLVED,2017-07-18,2017-07-18,RNG0051,True,False,0.0,0.0,0.0,15218.0,ADJUSTED_CLOSE_UNRESOLVED,2014-06-19,2020-07-18,2014-06-21,2020-07-18,2014-06-25,2020-07-18,242,205,205,16,16,False,False,False,ZERO_TRADE_ENDPOINT_REQUIRES_TRADING_DAY_SEMANTICS_ADJUDICATION,ZERO_TRADE_ENDPOINT_REQUIRES_TRADING_DAY_SEMANTICS_ADJUDICATION;G_FEWER_THAN_126_VALID_RETURNS_ONLY,OBSERVED_FROM_IMMUTABLE_BUNDLE_NO_LIVE_TSETMC_QUERY,False
main_rule_a_primary,سهگمت,1396,1397,fold1_validation;fold2_train,2018-05-20,2018-05-19,RNG0052,True,True,4108315638.0,2471716.0,163.0,1662.0,OK,2017-05-19,2017-05-20,RNG0052,True,True,393067501.0,139115.0,80.0,2840.0,OK,2013-04-19,2020-05-18,2013-04-20,2020-05-18,2013-04-20,2020-05-18,242,6,6,232,232,True,True,True,,,OBSERVED_FROM_IMMUTABLE_BUNDLE_NO_LIVE_TSETMC_QUERY,False
main_rule_a_primary,سپاها,1396,1397,fold1_validation;fold2_train,2018-01-20,2018-01-17,RNG0053,True,True,720569458.0,857743.0,114.0,841.0,OK,2017-01-17,2017-01-17,RNG0053,True,True,4523423750.0,3813247.0,365.0,1186.0,OK,2012-12-20,2020-01-19,2012-12-22,2020-01-19,2012-12-22,2020-01-19,245,12,12,229,229,True,True,True,,,OBSERVED_FROM_IMMUTABLE_BUNDLE_NO_LIVE_TSETMC_QUERY,False
main_rule_a_primary,سکرد,1396,1397,fold1_validation;fold2_train,2018-01-20,2018-01-17,RNG0054,True,True,223769444.0,281264.0,25.0,804.0,OK,2017-01-17,2017-01-17,RNG0054,True,True,541923413.0,343849.0,52.0,1589.0,OK,2012-12-20,2020-01-19,2012-12-22,2020-01-19,2012-12-22,2020-01-19,245,23,23,211,211,True,True,True,,,OBSERVED_FROM_IMMUTABLE_BUNDLE_NO_LIVE_TSETMC_QUERY,False
main_rule_a_primary,سیلام,1396,1397,fold1_validation;fold2_train,2018-05-20,2018-05-19,RNG0055,True,False,0.0,0.0,0.0,2300.0,ADJUSTED_CLOSE_UNRESOLVED,2017-05-19,2017-05-20,RNG0055,True,False,0.0,0.0,0.0,4197.0,ADJUSTED_CLOSE_UNRESOLVED,2013-04-19,2020-05-18,2013-04-20,2020-05-18,2013-04-20,2020-05-18,242,81,81,139,139,False,True,True,ZERO_TRADE_ENDPOINT_REQUIRES_TRADING_DAY_SEMANTICS_ADJUDICATION,ZERO_TRADE_ENDPOINT_REQUIRES_TRADING_DAY_SEMANTICS_ADJUDICATION,OBSERVED_FROM_IMMUTABLE_BUNDLE_NO_LIVE_TSETMC_QUERY,False
main_rule_a_primary,شاراک,1396,1397,fold1_validation;fold2_train,2018-07-20,2018-07-18,RNG0056,True,True,21724426291.0,6524241.0,639.0,3330.0,OK,2017-07-18,2017-07-18,RNG0056,True,True,2893886973.0,1390147.0,153.0,2060.0,OK,2014-06-19,2020-07-18,2014-06-21,2020-07-18,2014-06-21,2020-07-18,242,4,4,235,235,True,True,True,,,OBSERVED_FROM_IMMUTABLE_BUNDLE_NO_LIVE_TSETMC_QUERY,False
main_rule_a_primary,شبریز,1396,1397,fold1_validation;fold2_train,2018-07-20,2018-07-18,RNG0057,True,True,9694083410.0,1254098.0,227.0,7730.0,OK,2017-07-18,2017-07-18,RNG0057,True,False,0.0,0.0,0.0,4733.0,ADJUSTED_CLOSE_UNRESOLVED,2014-06-19,2020-07-18,2014-06-21,2020-07-18,2014-06-21,2020-07-18,242,21,21,219,219,False,True,True,ZERO_TRADE_ENDPOINT_REQUIRES_TRADING_DAY_SEMANTICS_ADJUDICATION,,OBSERVED_FROM_IMMUTABLE_BUNDLE_NO_LIVE_TSETMC_QUERY,False
main_rule_a_primary,شبندر,1396,1397,fold1_validation;fold2_train,2018-07-20,2018-07-18,RNG0058,True,False,0.0,0.0,0.0,7219.0,ADJUSTED_CLOSE_UNRESOLVED,2017-07-18,2017-07-18,RNG0058,True,False,0.0,0.0,0.0,5153.0,ADJUSTED_CLOSE_UNRESOLVED,2014-06-19,2020-07-18,2014-06-21,2020-07-18,2014-06-21,2020-07-18,242,12,12,227,227,False,True,True,ZERO_TRADE_ENDPOINT_REQUIRES_TRADING_DAY_SEMANTICS_ADJUDICATION,ZERO_TRADE_ENDPOINT_REQUIRES_TRADING_DAY_SEMANTICS_ADJUDICATION,OBSERVED_FROM_IMMUTABLE_BUNDLE_NO_LIVE_TSETMC_QUERY,False
main_rule_a_primary,شدوص,1396,1397,fold1_validation;fold2_train,2018-07-20,2018-07-18,RNG0059,True,True,7861800930.0,1329878.0,206.0,5912.0,OK,2017-07-18,2017-07-18,RNG0059,True,False,0.0,0.0,0.0,2644.0,ADJUSTED_CLOSE_UNRESOLVED,2014-06-19,2020-07-18,2014-06-21,2020-07-18,2014-06-21,2020-07-18,242,54,54,185,185,False,True,True,ZERO_TRADE_ENDPOINT_REQUIRES_TRADING_DAY_SEMANTICS_ADJUDICATION,,OBSERVED_FROM_IMMUTABLE_BUNDLE_NO_LIVE_TSETMC_QUERY,False
main_rule_a_primary,شفارس,1396,1397,fold1_validation;fold2_train,2018-07-20,2018-07-18,RNG0060,True,True,3529144354.0,2021822.0,241.0,1746.0,OK,2017-07-18,2017-07-18,RNG0060,True,True,8725005643.0,3348174.0,390.0,2606.0,OK,2014-06-19,2020-07-18,2014-06-21,2020-07-18,2014-06-21,2020-07-18,242,6,6,233,233,True,True,True,,,OBSERVED_FROM_IMMUTABLE_BUNDLE_NO_LIVE_TSETMC_QUERY,False
main_rule_a_primary,شلعاب,1396,1397,fold1_validation;fold2_train,2018-07-20,2018-07-18,RNG0061,True,True,458289082.0,262819.0,66.0,1743.0,OK,2017-07-18,2017-07-18,RNG0061,True,True,4566945865.0,1272818.0,246.0,3588.0,OK,2014-06-19,2020-07-18,2014-06-21,2020-07-18,2014-06-21,2020-07-18,242,14,14,224,224,True,True,True,,,OBSERVED_FROM_IMMUTABLE_BUNDLE_NO_LIVE_TSETMC_QUERY,False
main_rule_a_primary,شپارس,1396,1397,fold1_validation;fold2_train,2018-01-20,2018-01-17,RNG0062,True,False,0.0,0.0,0.0,1758.0,ADJUSTED_CLOSE_UNRESOLVED,2017-01-17,2017-01-17,RNG0062,True,True,509724717.0,257494.0,60.0,1980.0,OK,2013-12-20,2020-01-19,2013-12-21,2020-01-19,2013-12-21,2020-01-19,245,20,20,222,222,False,True,True,ZERO_TRADE_ENDPOINT_REQUIRES_TRADING_DAY_SEMANTICS_ADJUDICATION,,OBSERVED_FROM_IMMUTABLE_BUNDLE_NO_LIVE_TSETMC_QUERY,False
main_rule_a_primary,شپنا,1396,1397,fold1_validation;fold2_train,2018-07-20,2018-07-18,RNG0063,True,False,0.0,0.0,0.0,4233.0,ADJUSTED_CLOSE_UNRESOLVED,2017-07-18,2017-07-18,RNG0063,True,False,0.0,0.0,0.0,3046.0,ADJUSTED_CLOSE_UNRESOLVED,2014-06-19,2020-07-18,2014-06-21,2020-07-18,2015-03-17,2020-07-15,242,16,16,223,223,False,True,True,ZERO_TRADE_ENDPOINT_REQUIRES_TRADING_DAY_SEMANTICS_ADJUDICATION,ZERO_TRADE_ENDPOINT_REQUIRES_TRADING_DAY_SEMANTICS_ADJUDICATION,OBSERVED_FROM_IMMUTABLE_BUNDLE_NO_LIVE_TSETMC_QUERY,False
main_rule_a_primary,شکربن,1396,1397,fold1_validation;fold2_train,2018-07-20,2018-07-18,RNG0064,True,True,4289018425.0,760991.0,119.0,5636.0,OK,2017-07-18,2017-07-18,RNG0064,True,True,771343533.0,241931.0,77.0,3188.0,OK,2014-06-19,2020-07-18,2014-06-21,2020-07-18,2014-06-21,2020-07-18,242,13,13,224,224,True,True,True,,,OBSERVED_FROM_IMMUTABLE_BUNDLE_NO_LIVE_TSETMC_QUERY,False
main_rule_a_primary,شکلر,1396,1397,fold1_validation;fold2_train,2018-01-20,2018-01-17,RNG0065,True,True,1383731822.0,293268.0,47.0,4718.0,OK,2017-01-17,2017-01-17,RNG0065,True,True,3703033433.0,1206071.0,250.0,3070.0,OK,2013-12-20,2019-12-20,2013-12-21,2019-12-18,2013-12-21,2019-12-18,245,8,8,232,232,True,True,True,,,OBSERVED_FROM_IMMUTABLE_BUNDLE_NO_LIVE_TSETMC_QUERY,False
main_rule_a_primary,شیران,1396,1397,fold1_validation;fold2_train,2018-04-19,2018-04-18,RNG0067,True,True,1174868715.0,367108.0,125.0,3307.0,OK,2017-04-18,2017-04-18,RNG0067,True,True,3310569529.0,934516.0,122.0,3574.0,OK,2014-03-19,2020-04-17,2014-03-19,2020-04-15,2014-03-19,2020-04-15,243,4,4,236,236,True,True,True,,,OBSERVED_FROM_IMMUTABLE_BUNDLE_NO_LIVE_TSETMC_QUERY,False
main_rule_a_primary,غبهنوش,1396,1397,fold1_validation;fold2_train,2018-07-20,2018-07-18,RNG0068,True,False,0.0,0.0,0.0,4089.0,ADJUSTED_CLOSE_UNRESOLVED,2017-07-18,2017-07-18,RNG0068,True,False,0.0,0.0,0.0,5018.0,ADJUSTED_CLOSE_UNRESOLVED,2013-06-19,2020-07-18,2013-06-19,2020-07-18,2013-06-19,2020-07-18,242,13,13,227,227,False,True,True,ZERO_TRADE_ENDPOINT_REQUIRES_TRADING_DAY_SEMANTICS_ADJUDICATION,ZERO_TRADE_ENDPOINT_REQUIRES_TRADING_DAY_SEMANTICS_ADJUDICATION,OBSERVED_FROM_IMMUTABLE_BUNDLE_NO_LIVE_TSETMC_QUERY,False
main_rule_a_primary,غدام,1396,1397,fold1_validation;fold2_train,2018-04-19,2018-04-18,RNG0069,True,False,0.0,0.0,0.0,6904.0,ADJUSTED_CLOSE_UNRESOLVED,2017-04-18,2017-04-18,RNG0069,True,False,0.0,0.0,0.0,7087.0,ADJUSTED_CLOSE_UNRESOLVED,2013-03-19,2020-04-17,2013-03-25,2020-04-15,2013-03-26,2020-04-15,243,151,151,62,62,False,False,False,ZERO_TRADE_ENDPOINT_REQUIRES_TRADING_DAY_SEMANTICS_ADJUDICATION,ZERO_TRADE_ENDPOINT_REQUIRES_TRADING_DAY_SEMANTICS_ADJUDICATION;G_FEWER_THAN_126_VALID_RETURNS_ONLY,OBSERVED_FROM_IMMUTABLE_BUNDLE_NO_LIVE_TSETMC_QUERY,False
main_rule_a_primary,غسالم,1396,1397,fold1_validation;fold2_train,2018-07-20,2018-07-18,RNG0070,True,True,147914691.0,43877.0,9.0,3493.0,OK,2017-07-18,2017-07-18,RNG0070,True,False,0.0,0.0,0.0,2359.0,ADJUSTED_CLOSE_UNRESOLVED,2013-06-19,2020-07-18,2013-06-19,2020-07-18,2013-06-19,2020-07-18,242,65,65,147,147,False,True,True,ZERO_TRADE_ENDPOINT_REQUIRES_TRADING_DAY_SEMANTICS_ADJUDICATION,,OBSERVED_FROM_IMMUTABLE_BUNDLE_NO_LIVE_TSETMC_QUERY,False
main_rule_a_primary,غشان,1396,1397,fold1_validation;fold2_train,2018-07-20,2018-07-18,RNG0071,True,True,607118995.0,215903.0,58.0,2812.0,OK,2017-07-18,2017-07-18,RNG0071,True,True,1089954126.0,301898.0,81.0,3610.0,OK,2013-06-19,2020-07-18,2013-06-19,2020-07-18,2013-06-19,2020-07-18,242,5,5,234,234,True,True,True,,,OBSERVED_FROM_IMMUTABLE_BUNDLE_NO_LIVE_TSETMC_QUERY,False
main_rule_a_primary,غشهد,1396,1397,fold1_validation;fold2_train,2018-07-20,2018-07-18,RNG0072,True,True,10178482.0,5686.0,5.0,1737.0,OK,2017-07-18,2017-07-18,RNG0072,True,False,0.0,0.0,0.0,2594.0,ADJUSTED_CLOSE_UNRESOLVED,2013-06-19,2020-07-18,2013-06-19,2020-07-18,2013-06-23,2020-07-18,242,35,35,191,191,False,True,True,ZERO_TRADE_ENDPOINT_REQUIRES_TRADING_DAY_SEMANTICS_ADJUDICATION,,OBSERVED_FROM_IMMUTABLE_BUNDLE_NO_LIVE_TSETMC_QUERY,False
main_rule_a_primary,غنوش,1396,1397,fold1_validation;fold2_train,2018-07-20,2018-07-18,RNG0073,True,False,0.0,0.0,0.0,3319.0,ADJUSTED_CLOSE_UNRESOLVED,2017-07-18,2017-07-18,RNG0073,True,False,0.0,0.0,0.0,3678.0,ADJUSTED_CLOSE_UNRESOLVED,2013-06-19,2020-07-18,2013-06-19,2020-07-18,2013-07-06,2020-07-18,242,228,228,4,4,False,False,False,ZERO_TRADE_ENDPOINT_REQUIRES_TRADING_DAY_SEMANTICS_ADJUDICATION,ZERO_TRADE_ENDPOINT_REQUIRES_TRADING_DAY_SEMANTICS_ADJUDICATION;G_FEWER_THAN_126_VALID_RETURNS_ONLY,OBSERVED_FROM_IMMUTABLE_BUNDLE_NO_LIVE_TSETMC_QUERY,False
main_rule_a_primary,غگل,1396,1397,fold1_validation;fold2_train,2018-01-20,2018-01-17,RNG0074,True,False,0.0,0.0,0.0,17650.0,ADJUSTED_CLOSE_UNRESOLVED,2017-01-17,2017-01-17,RNG0074,True,False,0.0,0.0,0.0,40910.0,ADJUSTED_CLOSE_UNRESOLVED,2012-12-20,2020-01-19,2012-12-22,2020-01-19,2012-12-23,2020-01-15,245,29,29,208,208,False,True,True,ZERO_TRADE_ENDPOINT_REQUIRES_TRADING_DAY_SEMANTICS_ADJUDICATION,ZERO_TRADE_ENDPOINT_REQUIRES_TRADING_DAY_SEMANTICS_ADJUDICATION,OBSERVED_FROM_IMMUTABLE_BUNDLE_NO_LIVE_TSETMC_QUERY,False
main_rule_a_primary,فاذر,1396,1397,fold1_validation;fold2_train,2018-07-20,2018-07-18,RNG0075,True,False,0.0,0.0,0.0,3042.0,ADJUSTED_CLOSE_UNRESOLVED,2017-07-18,2017-07-18,RNG0075,True,False,0.0,0.0,0.0,3042.0,ADJUSTED_CLOSE_UNRESOLVED,2014-06-19,2020-07-18,2014-06-21,2020-07-18,2014-06-30,2020-07-12,242,242,242,0,0,False,False,False,ZERO_TRADE_ENDPOINT_REQUIRES_TRADING_DAY_SEMANTICS_ADJUDICATION,ZERO_TRADE_ENDPOINT_REQUIRES_TRADING_DAY_SEMANTICS_ADJUDICATION;G_FEWER_THAN_126_VALID_RETURNS_ONLY,OBSERVED_FROM_IMMUTABLE_BUNDLE_NO_LIVE_TSETMC_QUERY,False
main_rule_a_primary,فایرا,1396,1397,fold1_validation;fold2_train,2018-07-20,2018-07-18,RNG0076,True,True,4924831826.0,2434975.0,323.0,2023.0,OK,2017-07-18,2017-07-18,RNG0076,True,False,0.0,0.0,0.0,330.0,ADJUSTED_CLOSE_UNRESOLVED,2014-06-19,2020-07-18,2014-06-21,2020-07-18,2014-08-03,2020-07-18,242,29,29,207,207,False,True,True,ZERO_TRADE_ENDPOINT_REQUIRES_TRADING_DAY_SEMANTICS_ADJUDICATION,,OBSERVED_FROM_IMMUTABLE_BUNDLE_NO_LIVE_TSETMC_QUERY,False
main_rule_a_primary,فباهنر,1396,1397,fold1_validation;fold2_train,2018-07-20,2018-07-18,RNG0077,True,True,8078577676.0,2016176.0,462.0,4007.0,OK,2017-07-18,2017-07-18,RNG0077,True,False,0.0,0.0,0.0,4325.0,ADJUSTED_CLOSE_UNRESOLVED,2014-06-19,2020-07-18,2014-06-21,2020-07-18,2014-06-24,2020-07-18,242,11,11,227,227,False,True,True,ZERO_TRADE_ENDPOINT_REQUIRES_TRADING_DAY_SEMANTICS_ADJUDICATION,,OBSERVED_FROM_IMMUTABLE_BUNDLE_NO_LIVE_TSETMC_QUERY,False
main_rule_a_primary,فجام,1396,1397,fold1_validation;fold2_train,2018-07-20,2018-07-18,RNG0078,True,False,0.0,0.0,0.0,7497.0,ADJUSTED_CLOSE_UNRESOLVED,2017-07-18,2017-07-18,RNG0078,True,True,126173122.0,11608.0,12.0,10659.0,OK,2014-06-19,2020-07-18,2014-06-21,2020-07-18,2014-06-21,2020-07-14,242,103,103,91,91,False,False,False,ZERO_TRADE_ENDPOINT_REQUIRES_TRADING_DAY_SEMANTICS_ADJUDICATION,G_FEWER_THAN_126_VALID_RETURNS_ONLY,OBSERVED_FROM_IMMUTABLE_BUNDLE_NO_LIVE_TSETMC_QUERY,False
main_rule_a_primary,فجر,1396,1397,fold1_validation;fold2_train,2018-07-20,2018-07-18,RNG0079,True,True,34156860.0,6180.0,4.0,5812.0,OK,2017-07-18,2017-07-18,RNG0079,True,False,0.0,0.0,0.0,11051.0,ADJUSTED_CLOSE_UNRESOLVED,2014-06-19,2020-07-18,2014-06-21,2020-07-18,2014-06-23,2020-07-18,242,129,129,80,80,False,False,False,ZERO_TRADE_ENDPOINT_REQUIRES_TRADING_DAY_SEMANTICS_ADJUDICATION,G_FEWER_THAN_126_VALID_RETURNS_ONLY,OBSERVED_FROM_IMMUTABLE_BUNDLE_NO_LIVE_TSETMC_QUERY,False
main_rule_a_primary,فخوز,1396,1397,fold1_validation;fold2_train,2018-07-20,2018-07-18,RNG0080,True,True,16696347788.0,2455161.0,209.0,6801.0,OK,2017-07-18,2017-07-18,RNG0080,True,True,13995783046.0,4072267.0,371.0,3437.0,OK,2014-06-19,2020-07-18,2014-06-21,2020-07-18,2014-06-21,2020-07-18,242,13,13,223,223,True,True,True,,,OBSERVED_FROM_IMMUTABLE_BUNDLE_NO_LIVE_TSETMC_QUERY,False
main_rule_a_primary,فرآور,1396,1397,fold1_validation;fold2_train,2018-07-20,2018-07-18,RNG0081,True,True,13913425890.0,1140697.0,182.0,12197.0,OK,2017-07-18,2017-07-18,RNG0081,True,True,6933796415.0,758308.0,327.0,9144.0,OK,2014-06-19,2020-07-18,2014-06-21,2020-07-18,2014-06-21,2020-07-18,242,7,7,230,230,True,True,True,,,OBSERVED_FROM_IMMUTABLE_BUNDLE_NO_LIVE_TSETMC_QUERY,False
main_rule_a_primary,فسرب,1396,1397,fold1_validation;fold2_train,2018-07-20,2018-07-18,RNG0082,True,True,4714328878.0,998107.0,300.0,4723.0,OK,2017-07-18,2017-07-18,RNG0082,True,True,1458716814.0,520734.0,144.0,2801.0,OK,2014-06-19,2020-07-18,2014-06-21,2020-07-18,2014-06-21,2020-07-18,242,7,7,230,230,True,True,True,,,OBSERVED_FROM_IMMUTABLE_BUNDLE_NO_LIVE_TSETMC_QUERY,False
main_rule_a_primary,فسپا,1396,1397,fold1_validation;fold2_train,2018-07-20,2018-07-18,RNG0083,True,False,0.0,0.0,0.0,1683.0,ADJUSTED_CLOSE_UNRESOLVED,2017-07-18,2017-07-18,RNG0083,True,True,17631625.0,6375.0,4.0,2891.0,OK,2014-06-19,2020-07-18,2014-06-21,2020-07-18,2014-06-21,2020-07-18,242,30,30,189,189,False,True,True,ZERO_TRADE_ENDPOINT_REQUIRES_TRADING_DAY_SEMANTICS_ADJUDICATION,,OBSERVED_FROM_IMMUTABLE_BUNDLE_NO_LIVE_TSETMC_QUERY,False
main_rule_a_primary,فمراد,1396,1397,fold1_validation;fold2_train,2018-07-20,2018-07-18,RNG0084,True,False,0.0,0.0,0.0,6263.0,ADJUSTED_CLOSE_UNRESOLVED,2017-07-18,2017-07-18,RNG0084,True,True,812526674.0,256560.0,99.0,3167.0,OK,2014-06-19,2020-07-18,2014-06-21,2020-07-18,2014-11-01,2020-07-18,242,103,103,133,133,False,True,True,ZERO_TRADE_ENDPOINT_REQUIRES_TRADING_DAY_SEMANTICS_ADJUDICATION,,OBSERVED_FROM_IMMUTABLE_BUNDLE_NO_LIVE_TSETMC_QUERY,False
main_rule_a_primary,فملی,1396,1397,fold1_validation;fold2_train,2018-07-20,2018-07-18,RNG0085,True,True,117367521170.0,47251942.0,2261.0,2484.0,OK,2017-07-18,2017-07-18,RNG0085,True,False,0.0,0.0,0.0,1884.0,ADJUSTED_CLOSE_UNRESOLVED,2014-06-19,2020-07-18,2014-06-21,2020-07-18,2014-06-21,2020-07-18,242,18,18,218,218,False,True,True,ZERO_TRADE_ENDPOINT_REQUIRES_TRADING_DAY_SEMANTICS_ADJUDICATION,,OBSERVED_FROM_IMMUTABLE_BUNDLE_NO_LIVE_TSETMC_QUERY,False
main_rule_a_primary,فنورد,1396,1397,fold1_validation;fold2_train,2018-07-20,2018-07-18,RNG0086,True,False,0.0,0.0,0.0,7931.0,ADJUSTED_CLOSE_UNRESOLVED,2017-07-18,2017-07-18,RNG0086,True,True,548475.0,103.0,2.0,5076.0,OK,2014-06-19,2020-07-18,2014-06-21,2020-07-18,2014-06-21,2020-07-18,242,103,103,106,106,False,False,False,ZERO_TRADE_ENDPOINT_REQUIRES_TRADING_DAY_SEMANTICS_ADJUDICATION,G_FEWER_THAN_126_VALID_RETURNS_ONLY,OBSERVED_FROM_IMMUTABLE_BUNDLE_NO_LIVE_TSETMC_QUERY,False
main_rule_a_primary,فولاژ,1396,1397,fold1_validation;fold2_train,2018-07-20,2018-07-18,RNG0087,True,False,0.0,0.0,0.0,1491.0,ADJUSTED_CLOSE_UNRESOLVED,2017-07-18,2017-07-18,RNG0087,True,False,0.0,0.0,0.0,1803.0,ADJUSTED_CLOSE_UNRESOLVED,2014-06-19,2020-07-18,2014-06-21,2020-07-18,2014-06-21,2020-07-15,242,12,12,226,226,False,True,True,ZERO_TRADE_ENDPOINT_REQUIRES_TRADING_DAY_SEMANTICS_ADJUDICATION,ZERO_TRADE_ENDPOINT_REQUIRES_TRADING_DAY_SEMANTICS_ADJUDICATION,OBSERVED_FROM_IMMUTABLE_BUNDLE_NO_LIVE_TSETMC_QUERY,False
main_rule_a_primary,فپنتا,1396,1397,fold1_validation;fold2_train,2018-07-20,2018-07-18,RNG0088,True,False,0.0,0.0,0.0,14086.0,ADJUSTED_CLOSE_UNRESOLVED,2017-07-18,2017-07-18,RNG0088,True,False,0.0,0.0,0.0,13886.0,ADJUSTED_CLOSE_UNRESOLVED,2014-06-19,2020-07-18,2014-06-21,2020-07-18,2014-06-21,2020-07-14,242,43,43,171,171,False,True,True,ZERO_TRADE_ENDPOINT_REQUIRES_TRADING_DAY_SEMANTICS_ADJUDICATION,ZERO_TRADE_ENDPOINT_REQUIRES_TRADING_DAY_SEMANTICS_ADJUDICATION,OBSERVED_FROM_IMMUTABLE_BUNDLE_NO_LIVE_TSETMC_QUERY,False
main_rule_a_primary,لابسا,1396,1397,fold1_validation;fold2_train,2018-07-20,2018-07-18,RNG0089,True,False,0.0,0.0,0.0,1866.0,ADJUSTED_CLOSE_UNRESOLVED,2017-07-18,2017-07-18,RNG0089,True,False,0.0,0.0,0.0,3014.0,ADJUSTED_CLOSE_UNRESOLVED,2014-06-19,2020-07-18,2014-06-21,2020-07-18,2014-06-21,2020-07-18,242,6,6,233,233,False,True,True,ZERO_TRADE_ENDPOINT_REQUIRES_TRADING_DAY_SEMANTICS_ADJUDICATION,ZERO_TRADE_ENDPOINT_REQUIRES_TRADING_DAY_SEMANTICS_ADJUDICATION,OBSERVED_FROM_IMMUTABLE_BUNDLE_NO_LIVE_TSETMC_QUERY,False
main_rule_a_primary,لبوتان,1396,1397,fold1_validation;fold2_train,2018-07-20,2018-07-18,RNG0090,True,True,861298879.0,206840.0,76.0,4169.0,OK,2017-07-18,2017-07-18,RNG0090,True,True,583084887.0,175905.0,79.0,3331.0,OK,2014-06-19,2020-07-18,2014-06-21,2020-07-18,2014-07-02,2020-07-18,242,6,6,233,233,True,True,True,,,OBSERVED_FROM_IMMUTABLE_BUNDLE_NO_LIVE_TSETMC_QUERY,False
main_rule_a_primary,لخزر,1396,1397,fold1_validation;fold2_train,2018-07-20,2018-07-18,RNG0091,True,True,310825129.0,38593.0,39.0,8177.0,OK,2017-07-18,2017-07-18,RNG0091,True,True,733147846.0,80415.0,46.0,9117.0,OK,2014-06-19,2020-07-18,2014-06-21,2020-07-18,2014-06-21,2020-07-18,242,7,7,232,232,True,True,True,,,OBSERVED_FROM_IMMUTABLE_BUNDLE_NO_LIVE_TSETMC_QUERY,False
main_rule_a_primary,لسرما,1396,1397,fold1_validation;fold2_train,2018-07-20,2018-07-18,RNG0092,True,False,0.0,0.0,0.0,2547.0,ADJUSTED_CLOSE_UNRESOLVED,2017-07-18,2017-07-18,RNG0092,True,False,0.0,0.0,0.0,5638.0,ADJUSTED_CLOSE_UNRESOLVED,2014-06-19,2020-07-18,2014-06-21,2020-07-18,2014-07-08,2020-07-18,242,28,28,208,208,False,True,True,ZERO_TRADE_ENDPOINT_REQUIRES_TRADING_DAY_SEMANTICS_ADJUDICATION,ZERO_TRADE_ENDPOINT_REQUIRES_TRADING_DAY_SEMANTICS_ADJUDICATION,OBSERVED_FROM_IMMUTABLE_BUNDLE_NO_LIVE_TSETMC_QUERY,False
main_rule_a_primary,های وب,1396,1397,fold1_validation;fold2_train,2018-07-20,2018-07-18,RNG0094,True,False,0.0,0.0,0.0,5980.0,ADJUSTED_CLOSE_UNRESOLVED,2017-07-18,2017-08-27,RNG0094,True,False,0.0,0.0,0.0,1000.0,ADJUSTED_CLOSE_UNRESOLVED,2017-06-19,2020-07-18,2017-08-27,2020-07-18,2017-09-13,2020-07-18,215,181,181,31,31,False,False,False,ZERO_TRADE_ENDPOINT_REQUIRES_TRADING_DAY_SEMANTICS_ADJUDICATION,ZERO_TRADE_ENDPOINT_REQUIRES_TRADING_DAY_SEMANTICS_ADJUDICATION;G_FEWER_THAN_126_VALID_RETURNS_ONLY,OBSERVED_FROM_IMMUTABLE_BUNDLE_NO_LIVE_TSETMC_QUERY,True
main_rule_a_primary,همراه,1396,1397,fold1_validation;fold2_train,2018-07-20,2018-07-18,RNG0095,True,True,22899430832.0,1586115.0,377.0,14437.0,OK,2017-07-18,2017-07-18,RNG0095,True,True,1675677326.0,113448.0,152.0,15072.0,OK,2015-06-18,2020-07-18,2015-06-20,2020-07-18,2015-06-20,2020-07-18,242,7,7,232,232,True,True,True,,,OBSERVED_FROM_IMMUTABLE_BUNDLE_NO_LIVE_TSETMC_QUERY,False
main_rule_a_primary,پدرخش,1396,1397,fold1_validation;fold2_train,2018-07-20,2018-07-18,RNG0097,True,True,926241729.0,295448.0,64.0,3135.0,OK,2017-07-18,2017-07-18,RNG0097,True,False,0.0,0.0,0.0,3899.0,ADJUSTED_CLOSE_UNRESOLVED,2014-06-19,2020-07-18,2014-06-21,2020-07-18,2014-06-30,2020-07-18,242,18,18,216,216,False,True,True,ZERO_TRADE_ENDPOINT_REQUIRES_TRADING_DAY_SEMANTICS_ADJUDICATION,,OBSERVED_FROM_IMMUTABLE_BUNDLE_NO_LIVE_TSETMC_QUERY,False
main_rule_a_primary,پرداخت,1396,1397,fold1_validation;fold2_train,2018-07-20,2018-07-18,RNG0098,True,True,2272821310.0,299770.0,268.0,7771.0,OK,2017-07-18,2017-07-18,RNG0098,True,True,831211692500.0,47497811.0,67849.0,17500.0,OK,2017-06-19,2020-07-18,2017-06-19,2020-07-18,2017-07-18,2020-07-18,242,12,12,226,226,True,True,True,,,OBSERVED_FROM_IMMUTABLE_BUNDLE_NO_LIVE_TSETMC_QUERY,False
main_rule_a_primary,پسهند,1396,1397,fold1_validation;fold2_train,2018-07-20,2018-07-18,RNG0099,True,True,408906915.0,238744.0,72.0,1712.0,OK,2017-07-18,2017-07-18,RNG0099,True,True,3624377786.0,1077535.0,243.0,3364.0,OK,2014-06-19,2020-07-18,2014-06-21,2020-07-18,2014-06-21,2020-07-18,242,11,11,226,226,True,True,True,,,OBSERVED_FROM_IMMUTABLE_BUNDLE_NO_LIVE_TSETMC_QUERY,False
main_rule_a_primary,پلاسک,1396,1397,fold1_validation;fold2_train,2018-07-20,2018-07-18,RNG0100,True,True,8590789411.0,10066289.0,577.0,853.0,OK,2017-07-18,2017-07-18,RNG0100,True,True,2384880656.0,2579090.0,301.0,925.0,OK,2014-06-19,2020-07-18,2014-06-21,2020-07-18,2014-06-21,2020-07-18,242,5,5,234,234,True,True,True,,,OBSERVED_FROM_IMMUTABLE_BUNDLE_NO_LIVE_TSETMC_QUERY,False
main_rule_a_primary,چافست,1396,1397,fold1_validation;fold2_train,2018-01-20,2018-01-17,RNG0101,True,True,35729210.0,3010.0,3.0,12153.0,OK,2017-01-17,2017-01-17,RNG0101,True,True,1194082716.0,176187.0,33.0,6777.0,OK,2013-12-20,2020-01-19,2013-12-21,2020-01-19,2013-12-28,2020-01-15,245,15,15,224,224,True,True,True,,,OBSERVED_FROM_IMMUTABLE_BUNDLE_NO_LIVE_TSETMC_QUERY,False
main_rule_a_primary,چکارن,1396,1397,fold1_validation;fold2_train,2018-07-20,2018-07-18,RNG0102,True,False,0.0,0.0,0.0,6379.0,ADJUSTED_CLOSE_UNRESOLVED,2017-07-18,2017-07-18,RNG0102,True,True,3781142478.0,625575.0,192.0,6044.0,OK,2014-06-19,2020-07-18,2014-06-21,2020-07-18,2014-06-21,2020-07-18,242,33,33,203,203,False,True,True,ZERO_TRADE_ENDPOINT_REQUIRES_TRADING_DAY_SEMANTICS_ADJUDICATION,,OBSERVED_FROM_IMMUTABLE_BUNDLE_NO_LIVE_TSETMC_QUERY,False
main_rule_a_primary,کاوه,1396,1397,fold1_validation;fold2_train,2018-07-20,2018-07-18,RNG0103,True,True,9646581142.0,3578417.0,442.0,2696.0,OK,2017-07-18,2017-07-18,RNG0103,True,False,0.0,0.0,0.0,1000.0,ADJUSTED_CLOSE_UNRESOLVED,2017-06-19,2020-07-18,2017-06-19,2020-07-18,2017-10-18,2020-07-13,242,67,67,172,172,False,True,True,ZERO_TRADE_ENDPOINT_REQUIRES_TRADING_DAY_SEMANTICS_ADJUDICATION,,OBSERVED_FROM_IMMUTABLE_BUNDLE_NO_LIVE_TSETMC_QUERY,False
main_rule_a_primary,کبافق,1396,1397,fold1_validation;fold2_train,2018-07-20,2018-07-18,RNG0104,True,True,8183081088.0,681872.0,297.0,12001.0,OK,2017-07-18,2017-07-18,RNG0104,True,False,0.0,0.0,0.0,12816.0,ADJUSTED_CLOSE_UNRESOLVED,2013-06-19,2020-07-18,2013-06-19,2020-07-18,2013-06-19,2020-07-18,242,11,11,228,228,False,True,True,ZERO_TRADE_ENDPOINT_REQUIRES_TRADING_DAY_SEMANTICS_ADJUDICATION,,OBSERVED_FROM_IMMUTABLE_BUNDLE_NO_LIVE_TSETMC_QUERY,False
main_rule_a_primary,کرازی,1396,1397,fold1_validation;fold2_train,2018-07-20,2018-07-18,RNG0105,True,True,2776376902.0,1774476.0,286.0,1565.0,OK,2017-07-18,2017-07-18,RNG0105,True,True,3762674901.0,1242662.0,260.0,3028.0,OK,2013-06-19,2020-07-18,2013-06-19,2020-07-18,2013-06-19,2020-07-18,242,17,17,220,220,True,True,True,,,OBSERVED_FROM_IMMUTABLE_BUNDLE_NO_LIVE_TSETMC_QUERY,False
main_rule_a_primary,کفرا,1396,1397,fold1_validation;fold2_train,2018-07-20,2018-07-18,RNG0106,True,True,5573986833.0,973695.0,293.0,5725.0,OK,2017-07-18,2017-07-18,RNG0106,True,True,14248537539.0,4209713.0,638.0,3385.0,OK,2013-06-19,2020-07-18,2013-06-19,2020-07-18,2013-07-06,2020-07-18,242,8,8,229,229,True,True,True,,,OBSERVED_FROM_IMMUTABLE_BUNDLE_NO_LIVE_TSETMC_QUERY,False
main_rule_a_primary,کفپارس,1396,1397,fold1_validation;fold2_train,2018-04-19,2018-04-18,RNG0107,True,False,0.0,0.0,0.0,2702.0,ADJUSTED_CLOSE_UNRESOLVED,2017-04-18,2017-04-18,RNG0107,True,False,0.0,0.0,0.0,4850.0,ADJUSTED_CLOSE_UNRESOLVED,2013-03-19,2020-04-17,2013-03-25,2020-04-15,2013-05-20,2020-04-15,243,73,73,165,165,False,True,True,ZERO_TRADE_ENDPOINT_REQUIRES_TRADING_DAY_SEMANTICS_ADJUDICATION,ZERO_TRADE_ENDPOINT_REQUIRES_TRADING_DAY_SEMANTICS_ADJUDICATION,OBSERVED_FROM_IMMUTABLE_BUNDLE_NO_LIVE_TSETMC_QUERY,False
main_rule_a_primary,کهمدا,1396,1397,fold1_validation;fold2_train,2017-10-22,2017-10-21,RNG0108,True,False,0.0,0.0,0.0,7502.0,ADJUSTED_CLOSE_UNRESOLVED,2016-10-21,2016-10-22,RNG0108,True,True,745333595.0,94885.0,51.0,7833.0,OK,2012-09-21,2019-10-21,2012-09-22,2019-10-21,2012-09-22,2019-10-21,242,8,8,230,230,False,True,True,ZERO_TRADE_ENDPOINT_REQUIRES_TRADING_DAY_SEMANTICS_ADJUDICATION,,OBSERVED_FROM_IMMUTABLE_BUNDLE_NO_LIVE_TSETMC_QUERY,False
main_rule_a_primary,کگاز,1396,1397,fold1_validation;fold2_train,2018-07-20,2018-07-18,RNG0110,True,True,496737046.0,119436.0,61.0,4159.0,OK,2017-07-18,2017-07-18,RNG0110,True,True,614971975.0,142535.0,73.0,4315.0,OK,2013-06-19,2020-07-18,2013-06-19,2020-07-18,2013-06-19,2020-07-18,242,22,22,215,215,True,True,True,,,OBSERVED_FROM_IMMUTABLE_BUNDLE_NO_LIVE_TSETMC_QUERY,False
main_rule_a_primary,کگل,1396,1397,fold1_validation;fold2_train,2018-07-20,2018-07-18,RNG0111,True,True,41279924031.0,9437175.0,637.0,4374.0,OK,2017-07-18,2017-07-18,RNG0111,True,False,0.0,0.0,0.0,2000.0,ADJUSTED_CLOSE_UNRESOLVED,2013-06-19,2020-07-18,2013-06-19,2020-07-18,2013-06-19,2020-07-18,242,13,13,224,224,False,True,True,ZERO_TRADE_ENDPOINT_REQUIRES_TRADING_DAY_SEMANTICS_ADJUDICATION,,OBSERVED_FROM_IMMUTABLE_BUNDLE_NO_LIVE_TSETMC_QUERY,False
main_rule_a_primary,بالبر,1397,1398,fold2_validation,2019-01-20,2019-01-19,RNG0001,True,False,0.0,0.0,0.0,2278.0,ADJUSTED_CLOSE_UNRESOLVED,2018-01-19,2018-01-20,RNG0001,True,True,569260133.0,257017.0,66.0,2215.0,OK,2013-12-20,2020-01-19,2013-12-21,2020-01-19,2014-01-27,2020-01-19,243,6,6,233,233,False,True,True,ZERO_TRADE_ENDPOINT_REQUIRES_TRADING_DAY_SEMANTICS_ADJUDICATION,,OBSERVED_FROM_IMMUTABLE_BUNDLE_NO_LIVE_TSETMC_QUERY,False
main_rule_a_primary,بترانس,1397,1398,fold2_validation,2019-07-20,2019-07-17,RNG0002,True,True,54132795752.0,8580034.0,1878.0,6309.0,OK,2018-07-17,2018-07-17,RNG0002,True,True,7385557463.0,1298213.0,83.0,5676.0,OK,2014-06-19,2020-07-18,2014-06-21,2020-07-18,2014-06-21,2020-07-18,246,6,6,236,236,True,True,True,,,OBSERVED_FROM_IMMUTABLE_BUNDLE_NO_LIVE_TSETMC_QUERY,False
main_rule_a_primary,بموتو,1397,1398,fold2_validation,2019-01-20,2019-01-19,RNG0003,True,True,357387760.0,53551.0,37.0,6718.0,OK,2018-01-19,2018-01-20,RNG0003,True,True,535670350.0,150298.0,59.0,3591.0,OK,2012-12-20,2020-01-19,2012-12-22,2020-01-19,2012-12-22,2020-01-19,243,17,17,217,217,True,True,True,,,OBSERVED_FROM_IMMUTABLE_BUNDLE_NO_LIVE_TSETMC_QUERY,False
main_rule_a_primary,بکاب,1397,1398,fold2_validation,2019-01-20,2019-01-19,RNG0004,True,True,665913504.0,82319.0,21.0,8089.0,OK,2018-01-19,2018-01-20,RNG0004,True,True,465857138.0,40160.0,46.0,11565.0,OK,2013-12-20,2020-01-19,2013-12-21,2020-01-19,2013-12-21,2020-01-18,243,11,11,225,225,True,True,True,,,OBSERVED_FROM_IMMUTABLE_BUNDLE_NO_LIVE_TSETMC_QUERY,False
main_rule_a_primary,بکام,1397,1398,fold2_validation,2019-07-20,2019-07-17,RNG0005,True,True,15396651656.0,1773865.0,666.0,8680.0,OK,2018-07-17,2018-07-17,RNG0005,True,True,3841143986.0,1569071.0,321.0,2448.0,OK,2014-06-19,2020-07-18,2014-06-21,2020-07-18,2014-06-29,2020-06-28,246,12,12,228,228,True,True,True,,,OBSERVED_FROM_IMMUTABLE_BUNDLE_NO_LIVE_TSETMC_QUERY,False
main_rule_a_primary,تپمپی,1397,1398,fold2_validation,2018-10-22,2018-10-21,RNG0006,True,True,3730540221.0,1355651.0,224.0,2752.0,OK,2017-10-21,2017-10-21,RNG0006,True,True,1175229.0,412.0,2.0,2870.0,OK,2013-09-21,2019-10-21,2013-09-21,2019-10-21,2013-09-21,2019-10-16,246,20,20,214,214,True,True,True,,,OBSERVED_FROM_IMMUTABLE_BUNDLE_NO_LIVE_TSETMC_QUERY,False
main_rule_a_primary,تکمبا,1397,1398,fold2_validation,2019-07-20,2019-07-17,RNG0007,True,False,0.0,0.0,0.0,1802.0,ADJUSTED_CLOSE_UNRESOLVED,2018-07-17,2018-07-17,RNG0007,True,True,3369726245.0,4504186.0,355.0,748.0,OK,2014-06-19,2020-07-18,2014-06-21,2020-07-18,2014-06-21,2020-07-18,246,6,6,235,235,False,True,True,ZERO_TRADE_ENDPOINT_REQUIRES_TRADING_DAY_SEMANTICS_ADJUDICATION,,OBSERVED_FROM_IMMUTABLE_BUNDLE_NO_LIVE_TSETMC_QUERY,False
main_rule_a_primary,ثشرق,1397,1398,fold2_validation,2019-01-20,2019-01-19,RNG0008,True,True,4802610473.0,5162137.0,469.0,930.0,OK,2018-01-19,2018-01-20,RNG0008,True,True,193248184.0,229679.0,42.0,841.0,OK,2013-12-20,2020-01-19,2014-05-11,2020-01-19,2014-06-25,2020-01-19,243,7,7,232,232,True,True,True,,,OBSERVED_FROM_IMMUTABLE_BUNDLE_NO_LIVE_TSETMC_QUERY,True
main_rule_a_primary,ثنوسا,1397,1398,fold2_validation,2019-01-20,2019-01-19,RNG0009,True,True,5434923634.0,2138231.0,335.0,2542.0,OK,2018-01-19,2018-01-20,RNG0009,True,True,3901206788.0,3279379.0,334.0,1190.0,OK,2012-12-20,2020-01-19,2012-12-22,2020-01-19,2012-12-22,2020-01-19,243,14,14,223,223,True,True,True,,,OBSERVED_FROM_IMMUTABLE_BUNDLE_NO_LIVE_TSETMC_QUERY,False
main_rule_a_primary,جم,1397,1398,fold2_validation,2019-07-20,2019-07-17,RNG0010,True,True,17413563364.0,1567031.0,587.0,11112.0,OK,2018-07-17,2018-07-17,RNG0010,True,True,14108932157.0,1351063.0,130.0,10443.0,OK,2015-06-18,2020-07-18,2015-08-08,2020-07-18,2015-08-09,2020-07-18,246,20,20,219,219,True,True,True,,,OBSERVED_FROM_IMMUTABLE_BUNDLE_NO_LIVE_TSETMC_QUERY,True
main_rule_a_primary,حپترو,1397,1398,fold2_validation,2019-07-20,2019-07-17,RNG0012,True,False,0.0,0.0,0.0,9476.0,ADJUSTED_CLOSE_UNRESOLVED,2018-07-17,2018-07-17,RNG0012,True,True,767954341.0,333580.0,89.0,2302.0,OK,2013-06-19,2020-07-18,2013-06-19,2020-07-18,2013-06-30,2020-07-18,246,16,16,222,222,False,True,True,ZERO_TRADE_ENDPOINT_REQUIRES_TRADING_DAY_SEMANTICS_ADJUDICATION,,OBSERVED_FROM_IMMUTABLE_BUNDLE_NO_LIVE_TSETMC_QUERY,False
main_rule_a_primary,حکشتی,1397,1398,fold2_validation,2018-10-22,2018-10-21,RNG0013,True,True,163684263642.0,34309343.0,1877.0,4771.0,OK,2017-10-21,2017-10-21,RNG0013,True,False,0.0,0.0,0.0,4261.0,ADJUSTED_CLOSE_UNRESOLVED,2012-09-21,2019-10-21,2012-09-22,2019-10-21,2012-09-22,2019-10-20,246,11,11,230,230,False,True,True,ZERO_TRADE_ENDPOINT_REQUIRES_TRADING_DAY_SEMANTICS_ADJUDICATION,,OBSERVED_FROM_IMMUTABLE_BUNDLE_NO_LIVE_TSETMC_QUERY,False
main_rule_a_primary,خاذین,1397,1398,fold2_validation,2019-07-20,2019-07-17,RNG0014,True,False,0.0,0.0,0.0,2603.0,ADJUSTED_CLOSE_UNRESOLVED,2018-07-17,2018-07-17,RNG0014,True,True,30288645688.0,16820044.0,1057.0,1801.0,OK,2013-06-19,2020-07-18,2013-06-19,2020-07-18,2013-06-19,2020-07-18,246,9,9,233,233,False,True,True,ZERO_TRADE_ENDPOINT_REQUIRES_TRADING_DAY_SEMANTICS_ADJUDICATION,,OBSERVED_FROM_IMMUTABLE_BUNDLE_NO_LIVE_TSETMC_QUERY,False
main_rule_a_primary,خبهمن,1397,1398,fold2_validation,2019-07-20,2019-07-17,RNG0015,True,True,18723537075.0,11095619.0,601.0,1687.0,OK,2018-07-17,2018-07-17,RNG0015,True,False,0.0,0.0,0.0,730.0,ADJUSTED_CLOSE_UNRESOLVED,2013-06-19,2020-07-18,2013-06-19,2020-07-18,2013-06-22,2020-07-18,246,4,4,240,240,False,True,True,ZERO_TRADE_ENDPOINT_REQUIRES_TRADING_DAY_SEMANTICS_ADJUDICATION,,OBSERVED_FROM_IMMUTABLE_BUNDLE_NO_LIVE_TSETMC_QUERY,False
main_rule_a_primary,ختوقا,1397,1398,fold2_validation,2019-07-20,2019-07-17,RNG0016,True,True,41596189721.0,13852282.0,1104.0,3003.0,OK,2018-07-17,2018-07-17,RNG0016,True,True,4389374156.0,2841037.0,370.0,1545.0,OK,2013-06-19,2020-07-18,2013-06-19,2020-07-18,2013-07-22,2020-07-18,246,13,13,226,226,True,True,True,,,OBSERVED_FROM_IMMUTABLE_BUNDLE_NO_LIVE_TSETMC_QUERY,False
main_rule_a_primary,خرینگ,1397,1398,fold2_validation,2019-07-20,2019-07-17,RNG0017,True,False,0.0,0.0,0.0,4198.0,ADJUSTED_CLOSE_UNRESOLVED,2018-07-17,2018-07-17,RNG0017,True,True,9139324898.0,6126886.0,749.0,1492.0,OK,2013-06-19,2020-07-18,2013-06-19,2020-07-18,2013-06-23,2020-07-18,246,6,6,236,236,False,True,True,ZERO_TRADE_ENDPOINT_REQUIRES_TRADING_DAY_SEMANTICS_ADJUDICATION,,OBSERVED_FROM_IMMUTABLE_BUNDLE_NO_LIVE_TSETMC_QUERY,False
main_rule_a_primary,خمحور,1397,1398,fold2_validation,2019-07-20,2019-07-17,RNG0018,True,True,9767106257.0,1680717.0,566.0,5811.0,OK,2018-07-17,2018-07-17,RNG0018,True,True,3504305280.0,1042948.0,113.0,3360.0,OK,2013-06-19,2020-07-18,2013-06-19,2020-07-18,2013-06-22,2020-07-18,246,10,10,230,230,True,True,True,,,OBSERVED_FROM_IMMUTABLE_BUNDLE_NO_LIVE_TSETMC_QUERY,False
main_rule_a_primary,خمهر,1397,1398,fold2_validation,2019-07-20,2019-07-17,RNG0019,True,True,23926279997.0,14966833.0,1339.0,1599.0,OK,2018-07-17,2018-07-17,RNG0019,True,True,12876376633.0,7171576.0,742.0,1795.0,OK,2013-06-19,2020-07-18,2013-06-19,2020-07-18,2013-06-19,2020-07-18,246,9,9,231,231,True,True,True,,,OBSERVED_FROM_IMMUTABLE_BUNDLE_NO_LIVE_TSETMC_QUERY,False
main_rule_a_primary,خنصیر,1397,1398,fold2_validation,2019-07-20,2019-07-17,RNG0020,True,True,18488887888.0,4013435.0,866.0,4607.0,OK,2018-07-17,2018-07-17,RNG0020,True,True,236363428.0,74689.0,21.0,3144.0,OK,2013-06-19,2020-07-18,2013-06-19,2020-07-18,2013-06-22,2020-07-18,246,19,19,216,216,True,True,True,,,OBSERVED_FROM_IMMUTABLE_BUNDLE_NO_LIVE_TSETMC_QUERY,False
main_rule_a_primary,خوساز,1397,1398,fold2_validation,2019-07-20,2019-07-17,RNG0021,True,True,16109279104.0,7774789.0,777.0,2072.0,OK,2018-07-17,2018-07-17,RNG0021,True,True,2102660800.0,659803.0,81.0,3187.0,OK,2013-06-19,2020-07-18,2013-06-19,2020-07-18,2013-06-19,2020-07-18,246,46,46,192,192,True,True,True,,,OBSERVED_FROM_IMMUTABLE_BUNDLE_NO_LIVE_TSETMC_QUERY,False
main_rule_a_primary,خچرخش,1397,1398,fold2_validation,2019-07-20,2019-07-17,RNG0022,True,True,10454111814.0,3637540.0,460.0,2874.0,OK,2018-07-17,2018-07-17,RNG0022,True,True,1524977874.0,1152571.0,189.0,1323.0,OK,2013-06-19,2020-07-18,2013-06-19,2020-07-18,2013-06-23,2020-07-18,246,8,8,234,234,True,True,True,,,OBSERVED_FROM_IMMUTABLE_BUNDLE_NO_LIVE_TSETMC_QUERY,False
main_rule_a_primary,خکمک,1397,1398,fold2_validation,2019-07-20,2019-07-17,RNG0023,True,True,7806050781.0,2263897.0,351.0,3448.0,OK,2018-07-17,2018-07-17,RNG0023,True,True,1883152320.0,1921584.0,121.0,980.0,OK,2013-06-19,2020-07-18,2013-06-19,2020-07-18,2013-06-30,2020-07-18,246,11,11,228,228,True,True,True,,,OBSERVED_FROM_IMMUTABLE_BUNDLE_NO_LIVE_TSETMC_QUERY,False
main_rule_a_primary,ددام,1397,1398,fold2_validation,2019-07-20,2019-07-17,RNG0024,True,True,18797703847.0,2941191.0,1035.0,6391.0,OK,2018-07-17,2018-07-17,RNG0024,True,True,6508000.0,2580.0,3.0,2489.0,OK,2014-06-19,2020-07-18,2014-06-21,2020-07-18,2014-06-21,2020-07-18,246,41,41,196,196,True,True,True,,,OBSERVED_FROM_IMMUTABLE_BUNDLE_NO_LIVE_TSETMC_QUERY,False
main_rule_a_primary,دروز,1397,1398,fold2_validation,2019-07-20,2019-07-17,RNG0025,True,False,0.0,0.0,0.0,4274.0,ADJUSTED_CLOSE_UNRESOLVED,2018-07-17,2018-07-17,RNG0025,True,True,11045.0,5.0,1.0,2325.0,OK,2013-06-19,2020-07-18,2013-06-19,2020-07-18,2013-06-19,2020-07-18,246,15,15,224,224,False,True,True,ZERO_TRADE_ENDPOINT_REQUIRES_TRADING_DAY_SEMANTICS_ADJUDICATION,,OBSERVED_FROM_IMMUTABLE_BUNDLE_NO_LIVE_TSETMC_QUERY,False
main_rule_a_primary,دسبحا,1397,1398,fold2_validation,2019-07-20,2019-07-17,RNG0026,True,True,20249507792.0,4013496.0,1128.0,5045.0,OK,2018-07-17,2018-07-17,RNG0026,True,True,48757862.0,15668.0,12.0,3199.0,OK,2013-06-19,2020-07-18,2013-06-19,2020-07-18,2013-06-19,2020-07-18,246,11,11,231,231,True,True,True,,,OBSERVED_FROM_IMMUTABLE_BUNDLE_NO_LIVE_TSETMC_QUERY,False
main_rule_a_primary,دسینا,1397,1398,fold2_validation,2019-07-20,2019-07-17,RNG0027,True,False,0.0,0.0,0.0,15606.0,ADJUSTED_CLOSE_UNRESOLVED,2018-07-17,2018-07-17,RNG0027,True,True,90400691.0,7076.0,6.0,12776.0,OK,2014-06-19,2020-07-18,2014-06-21,2020-07-18,2014-06-21,2020-07-18,246,14,14,228,228,False,True,True,ZERO_TRADE_ENDPOINT_REQUIRES_TRADING_DAY_SEMANTICS_ADJUDICATION,,OBSERVED_FROM_IMMUTABLE_BUNDLE_NO_LIVE_TSETMC_QUERY,False
main_rule_a_primary,دشیمی,1397,1398,fold2_validation,2019-07-20,2019-07-17,RNG0028,True,True,26583571737.0,2662687.0,591.0,9984.0,OK,2018-07-17,2018-07-17,RNG0028,True,True,2137800.0,1050.0,2.0,2054.0,OK,2014-06-19,2020-07-18,2014-06-21,2020-07-18,2014-06-22,2020-07-18,246,10,10,230,230,True,True,True,,,OBSERVED_FROM_IMMUTABLE_BUNDLE_NO_LIVE_TSETMC_QUERY,False
main_rule_a_primary,دیران,1397,1398,fold2_validation,2019-07-20,2019-07-17,RNG0029,True,True,24047754226.0,4467046.0,1531.0,5383.0,OK,2018-07-17,2018-07-17,RNG0029,True,False,0.0,0.0,0.0,1572.0,ADJUSTED_CLOSE_UNRESOLVED,2013-06-19,2020-04-17,2013-06-19,2020-04-15,2013-06-19,2020-04-15,246,13,13,227,227,False,True,True,ZERO_TRADE_ENDPOINT_REQUIRES_TRADING_DAY_SEMANTICS_ADJUDICATION,,OBSERVED_FROM_IMMUTABLE_BUNDLE_NO_LIVE_TSETMC_QUERY,False
main_rule_a_primary,رانفور,1397,1398,fold2_validation,2019-07-20,2019-07-17,RNG0030,True,True,4497704901.0,342447.0,261.0,13090.0,OK,2018-07-17,2018-07-17,RNG0030,True,True,2347922399.0,84400.0,86.0,27766.0,OK,2013-06-19,2020-07-18,2013-06-19,2020-07-18,2013-06-19,2020-07-18,246,10,10,232,232,True,True,True,,,OBSERVED_FROM_IMMUTABLE_BUNDLE_NO_LIVE_TSETMC_QUERY,False
main_rule_a_primary,رمپنا,1397,1398,fold2_validation,2018-08-22,2018-08-21,RNG0031,True,True,236418677760.0,61567364.0,1729.0,3840.0,OK,2017-08-21,2017-08-21,RNG0031,True,False,0.0,0.0,0.0,7116.0,ADJUSTED_CLOSE_UNRESOLVED,2017-07-22,2019-08-21,2017-07-22,2019-08-21,2017-08-26,2019-08-19,245,67,67,171,171,False,True,True,ZERO_TRADE_ENDPOINT_REQUIRES_TRADING_DAY_SEMANTICS_ADJUDICATION,,OBSERVED_FROM_IMMUTABLE_BUNDLE_NO_LIVE_TSETMC_QUERY,False
main_rule_a_primary,زمگسا,1397,1398,fold2_validation,2019-07-20,2019-07-17,RNG0032,True,True,5734004496.0,791673.0,361.0,7243.0,OK,2018-07-17,2018-07-17,RNG0032,True,True,101772945.0,43010.0,28.0,2398.0,OK,2013-06-19,2020-07-18,2013-06-19,2020-07-18,2013-06-19,2020-07-18,246,15,15,222,222,True,True,True,,,OBSERVED_FROM_IMMUTABLE_BUNDLE_NO_LIVE_TSETMC_QUERY,False
main_rule_a_primary,زپارس,1397,1398,fold2_validation,2019-04-19,2019-04-17,RNG0033,True,False,0.0,0.0,0.0,10243.0,ADJUSTED_CLOSE_UNRESOLVED,2018-04-17,2018-05-05,RNG0033,True,False,0.0,0.0,0.0,1000.0,ADJUSTED_CLOSE_UNRESOLVED,2018-03-19,2020-04-17,2018-05-05,2020-04-15,2018-10-17,2020-04-14,234,118,118,114,114,False,False,False,ZERO_TRADE_ENDPOINT_REQUIRES_TRADING_DAY_SEMANTICS_ADJUDICATION,ZERO_TRADE_ENDPOINT_REQUIRES_TRADING_DAY_SEMANTICS_ADJUDICATION;G_FEWER_THAN_126_VALID_RETURNS_ONLY,OBSERVED_FROM_IMMUTABLE_BUNDLE_NO_LIVE_TSETMC_QUERY,True
main_rule_a_primary,ساراب,1397,1398,fold2_validation,2019-07-20,2019-07-17,RNG0034,True,False,0.0,0.0,0.0,3721.0,ADJUSTED_CLOSE_UNRESOLVED,2018-07-17,2018-07-17,RNG0034,True,True,764952550.0,757965.0,42.0,1009.0,OK,2013-06-19,2020-07-18,2013-06-19,2020-07-18,2013-06-19,2020-07-18,246,5,5,238,238,False,True,True,ZERO_TRADE_ENDPOINT_REQUIRES_TRADING_DAY_SEMANTICS_ADJUDICATION,,OBSERVED_FROM_IMMUTABLE_BUNDLE_NO_LIVE_TSETMC_QUERY,False
main_rule_a_primary,ساربیل,1397,1398,fold2_validation,2019-04-19,2019-04-17,RNG0035,True,True,575700840.0,44732.0,22.0,13232.0,OK,2018-04-17,2018-04-17,RNG0035,True,False,0.0,0.0,0.0,5937.0,ADJUSTED_CLOSE_UNRESOLVED,2014-03-19,2020-04-17,2014-03-19,2020-04-15,2014-03-19,2020-04-15,245,79,79,134,134,False,True,True,ZERO_TRADE_ENDPOINT_REQUIRES_TRADING_DAY_SEMANTICS_ADJUDICATION,,OBSERVED_FROM_IMMUTABLE_BUNDLE_NO_LIVE_TSETMC_QUERY,False
main_rule_a_primary,ساروم,1397,1398,fold2_validation,2019-07-20,2019-07-17,RNG0036,True,True,13120675578.0,3051664.0,632.0,4300.0,OK,2018-07-17,2018-07-17,RNG0036,True,True,393005236.0,163162.0,35.0,2440.0,OK,2014-06-19,2020-07-18,2014-06-21,2020-07-18,2014-06-21,2020-07-18,246,6,6,237,237,True,True,True,,,OBSERVED_FROM_IMMUTABLE_BUNDLE_NO_LIVE_TSETMC_QUERY,False
main_rule_a_primary,سبجنو,1397,1398,fold2_validation,2019-07-20,2019-07-17,RNG0037,True,True,6632536322.0,675337.0,315.0,9821.0,OK,2018-07-17,2018-07-17,RNG0037,True,True,17377230.0,5242.0,2.0,3481.0,OK,2014-06-19,2020-07-18,2014-06-21,2020-07-18,2014-06-21,2020-07-18,246,9,9,230,230,True,True,True,,,OBSERVED_FROM_IMMUTABLE_BUNDLE_NO_LIVE_TSETMC_QUERY,False
main_rule_a_primary,سبهان,1397,1398,fold2_validation,2019-07-20,2019-07-17,RNG0038,True,True,5300841332.0,324429.0,328.0,16339.0,OK,2018-07-17,2018-07-17,RNG0038,True,True,2551750.0,173.0,2.0,14234.0,OK,2013-06-19,2020-07-18,2013-06-19,2020-07-18,2013-06-19,2020-07-18,246,16,16,222,222,True,True,True,,,OBSERVED_FROM_IMMUTABLE_BUNDLE_NO_LIVE_TSETMC_QUERY,False
main_rule_a_primary,ستران,1397,1398,fold2_validation,2019-07-20,2019-07-17,RNG0039,True,True,22801221022.0,2741246.0,829.0,8318.0,OK,2018-07-17,2018-07-17,RNG0039,True,True,2566056750.0,1991597.0,207.0,1288.0,OK,2014-06-19,2020-07-18,2014-06-21,2020-07-18,2014-06-21,2020-07-18,246,31,31,204,204,True,True,True,,,OBSERVED_FROM_IMMUTABLE_BUNDLE_NO_LIVE_TSETMC_QUERY,False
main_rule_a_primary,سخاش,1397,1398,fold2_validation,2019-07-20,2019-07-17,RNG0040,True,True,77478152.0,4192.0,22.0,19037.0,OK,2018-07-17,2018-07-17,RNG0040,True,False,0.0,0.0,0.0,9156.0,ADJUSTED_CLOSE_UNRESOLVED,2014-06-19,2020-07-18,2014-06-21,2020-07-18,2014-06-21,2020-07-18,246,30,30,195,195,False,True,True,ZERO_TRADE_ENDPOINT_REQUIRES_TRADING_DAY_SEMANTICS_ADJUDICATION,,OBSERVED_FROM_IMMUTABLE_BUNDLE_NO_LIVE_TSETMC_QUERY,False
main_rule_a_primary,سخزر,1397,1398,fold2_validation,2019-07-20,2019-07-17,RNG0041,True,True,2875803321.0,776200.0,178.0,3705.0,OK,2018-07-17,2018-07-17,RNG0041,True,False,0.0,0.0,0.0,3657.0,ADJUSTED_CLOSE_UNRESOLVED,2013-06-19,2020-07-18,2013-06-19,2020-07-18,2013-06-19,2020-07-18,246,32,32,203,203,False,True,True,ZERO_TRADE_ENDPOINT_REQUIRES_TRADING_DAY_SEMANTICS_ADJUDICATION,,OBSERVED_FROM_IMMUTABLE_BUNDLE_NO_LIVE_TSETMC_QUERY,False
main_rule_a_primary,سخوز,1397,1398,fold2_validation,2019-07-20,2019-07-17,RNG0042,True,True,5991357132.0,1386776.0,389.0,4320.0,OK,2018-07-17,2018-07-17,RNG0042,True,True,10815832.0,4001.0,6.0,2747.0,OK,2015-06-18,2020-07-18,2015-06-20,2020-07-18,2015-06-20,2020-07-18,246,13,13,227,227,True,True,True,,,OBSERVED_FROM_IMMUTABLE_BUNDLE_NO_LIVE_TSETMC_QUERY,False
main_rule_a_primary,سدشت,1397,1398,fold2_validation,2019-01-20,2019-01-19,RNG0043,True,True,7371000.0,3000.0,2.0,2585.0,OK,2018-01-19,2018-01-20,RNG0043,True,False,0.0,0.0,0.0,1776.0,ADJUSTED_CLOSE_UNRESOLVED,2012-12-20,2020-01-19,2012-12-22,2020-01-19,2012-12-23,2020-01-19,243,103,103,109,109,False,False,False,ZERO_TRADE_ENDPOINT_REQUIRES_TRADING_DAY_SEMANTICS_ADJUDICATION,G_FEWER_THAN_126_VALID_RETURNS_ONLY,OBSERVED_FROM_IMMUTABLE_BUNDLE_NO_LIVE_TSETMC_QUERY,False
main_rule_a_primary,سدور,1397,1398,fold2_validation,2019-07-20,2019-07-17,RNG0044,True,True,15156456716.0,7476627.0,1102.0,2027.0,OK,2018-07-17,2018-07-17,RNG0044,True,True,1558018788.0,2180649.0,215.0,714.0,OK,2013-06-19,2020-07-18,2013-06-19,2020-07-18,2013-06-19,2020-07-18,246,7,7,234,234,True,True,True,,,OBSERVED_FROM_IMMUTABLE_BUNDLE_NO_LIVE_TSETMC_QUERY,False
main_rule_a_primary,سرود,1397,1398,fold2_validation,2019-07-20,2019-07-17,RNG0045,True,True,5738155713.0,1756674.0,284.0,3266.0,OK,2018-07-17,2018-07-17,RNG0045,True,True,125535298.0,108124.0,18.0,1156.0,OK,2013-06-19,2020-07-18,2013-06-19,2020-07-18,2013-06-19,2020-07-18,246,11,11,229,229,True,True,True,,,OBSERVED_FROM_IMMUTABLE_BUNDLE_NO_LIVE_TSETMC_QUERY,False
main_rule_a_primary,سشرق,1397,1398,fold2_validation,2019-01-20,2019-01-19,RNG0046,True,True,36674188317.0,35220898.0,1799.0,1041.0,OK,2018-01-19,2018-01-20,RNG0046,True,True,1024535332.0,1364383.0,139.0,751.0,OK,2012-12-20,2020-01-19,2012-12-22,2020-01-19,2012-12-22,2020-01-19,243,12,12,225,225,True,True,True,,,OBSERVED_FROM_IMMUTABLE_BUNDLE_NO_LIVE_TSETMC_QUERY,False
main_rule_a_primary,سصفها,1397,1398,fold2_validation,2019-07-20,2019-07-17,RNG0047,True,True,374689257.0,30029.0,63.0,12680.0,OK,2018-07-17,2018-07-17,RNG0047,True,True,60479100.0,9900.0,5.0,6390.0,OK,2014-06-19,2020-07-18,2014-06-21,2020-07-18,2014-06-21,2020-07-18,246,10,10,230,230,True,True,True,,,OBSERVED_FROM_IMMUTABLE_BUNDLE_NO_LIVE_TSETMC_QUERY,False
main_rule_a_primary,سغرب,1397,1398,fold2_validation,2019-07-20,2019-07-17,RNG0048,True,True,1418675486.0,294525.0,157.0,4817.0,OK,2018-07-17,2018-07-17,RNG0048,True,True,514675316.0,174230.0,22.0,2954.0,OK,2014-06-19,2020-07-18,2014-06-21,2020-07-18,2014-06-21,2020-07-18,246,19,19,219,219,True,True,True,,,OBSERVED_FROM_IMMUTABLE_BUNDLE_NO_LIVE_TSETMC_QUERY,False
main_rule_a_primary,سقاین,1397,1398,fold2_validation,2019-07-20,2019-07-17,RNG0049,True,True,22730571384.0,1278846.0,1131.0,17774.0,OK,2018-07-17,2018-07-17,RNG0049,True,True,6006.0,1.0,1.0,5720.0,OK,2013-06-19,2020-07-18,2013-06-19,2020-07-18,2013-07-01,2020-07-18,246,8,8,233,233,True,True,True,,,OBSERVED_FROM_IMMUTABLE_BUNDLE_NO_LIVE_TSETMC_QUERY,False
main_rule_a_primary,سمازن,1397,1398,fold2_validation,2019-04-19,2019-04-17,RNG0050,True,True,12919452886.0,4838486.0,443.0,2670.0,OK,2018-04-17,2018-04-17,RNG0050,True,False,0.0,0.0,0.0,2562.0,ADJUSTED_CLOSE_UNRESOLVED,2013-06-19,2020-04-17,2013-06-19,2020-04-15,2013-06-19,2020-04-14,245,62,62,172,172,False,True,True,ZERO_TRADE_ENDPOINT_REQUIRES_TRADING_DAY_SEMANTICS_ADJUDICATION,,OBSERVED_FROM_IMMUTABLE_BUNDLE_NO_LIVE_TSETMC_QUERY,False
main_rule_a_primary,سنیر,1397,1398,fold2_validation,2019-07-20,2019-07-17,RNG0051,True,True,58446100604.0,2027347.0,1072.0,28829.0,OK,2018-07-17,2018-07-17,RNG0051,True,False,0.0,0.0,0.0,13360.0,ADJUSTED_CLOSE_UNRESOLVED,2014-06-19,2020-07-18,2014-06-21,2020-07-18,2014-06-25,2020-07-18,246,54,54,172,172,False,True,True,ZERO_TRADE_ENDPOINT_REQUIRES_TRADING_DAY_SEMANTICS_ADJUDICATION,,OBSERVED_FROM_IMMUTABLE_BUNDLE_NO_LIVE_TSETMC_QUERY,False
main_rule_a_primary,سهگمت,1397,1398,fold2_validation,2019-05-20,2019-05-19,RNG0052,True,False,0.0,0.0,0.0,4020.0,ADJUSTED_CLOSE_UNRESOLVED,2018-05-19,2018-05-19,RNG0052,True,True,4108315638.0,2471716.0,163.0,1662.0,OK,2013-04-19,2020-05-18,2013-04-20,2020-05-18,2013-04-20,2020-05-18,245,12,12,226,226,False,True,True,ZERO_TRADE_ENDPOINT_REQUIRES_TRADING_DAY_SEMANTICS_ADJUDICATION,,OBSERVED_FROM_IMMUTABLE_BUNDLE_NO_LIVE_TSETMC_QUERY,False
main_rule_a_primary,سپاها,1397,1398,fold2_validation,2019-01-20,2019-01-19,RNG0053,True,True,19060556593.0,17204708.0,1248.0,1108.0,OK,2018-01-19,2018-01-20,RNG0053,True,True,285468590.0,339631.0,77.0,841.0,OK,2012-12-20,2020-01-19,2012-12-22,2020-01-19,2012-12-22,2020-01-19,243,16,16,218,218,True,True,True,,,OBSERVED_FROM_IMMUTABLE_BUNDLE_NO_LIVE_TSETMC_QUERY,False
main_rule_a_primary,سکرد,1397,1398,fold2_validation,2019-01-20,2019-01-19,RNG0054,True,True,3122205018.0,2854800.0,261.0,1094.0,OK,2018-01-19,2018-01-20,RNG0054,True,True,559368042.0,709046.0,66.0,789.0,OK,2012-12-20,2020-01-19,2012-12-22,2020-01-19,2012-12-22,2020-01-19,243,19,19,217,217,True,True,True,,,OBSERVED_FROM_IMMUTABLE_BUNDLE_NO_LIVE_TSETMC_QUERY,False
main_rule_a_primary,سیلام,1397,1398,fold2_validation,2019-05-20,2019-05-19,RNG0055,True,False,0.0,0.0,0.0,6556.0,ADJUSTED_CLOSE_UNRESOLVED,2018-05-19,2018-05-19,RNG0055,True,False,0.0,0.0,0.0,2300.0,ADJUSTED_CLOSE_UNRESOLVED,2013-04-19,2020-05-18,2013-04-20,2020-05-18,2013-04-20,2020-05-18,245,27,27,203,203,False,True,True,ZERO_TRADE_ENDPOINT_REQUIRES_TRADING_DAY_SEMANTICS_ADJUDICATION,ZERO_TRADE_ENDPOINT_REQUIRES_TRADING_DAY_SEMANTICS_ADJUDICATION,OBSERVED_FROM_IMMUTABLE_BUNDLE_NO_LIVE_TSETMC_QUERY,False
main_rule_a_primary,شاراک,1397,1398,fold2_validation,2019-07-20,2019-07-17,RNG0056,True,True,31800529008.0,4626397.0,1268.0,6874.0,OK,2018-07-17,2018-07-17,RNG0056,True,True,6408128851.0,1901028.0,316.0,3396.0,OK,2014-06-19,2020-07-18,2014-06-21,2020-07-18,2014-06-21,2020-07-18,246,5,5,237,237,True,True,True,,,OBSERVED_FROM_IMMUTABLE_BUNDLE_NO_LIVE_TSETMC_QUERY,False
main_rule_a_primary,شبریز,1397,1398,fold2_validation,2019-07-20,2019-07-17,RNG0057,True,True,23770417975.0,952013.0,671.0,24969.0,OK,2018-07-17,2018-07-17,RNG0057,True,True,26456093092.0,3370438.0,208.0,7849.0,OK,2014-06-19,2020-07-18,2014-06-21,2020-07-18,2014-06-21,2020-07-18,246,8,8,232,232,True,True,True,,,OBSERVED_FROM_IMMUTABLE_BUNDLE_NO_LIVE_TSETMC_QUERY,False
main_rule_a_primary,شبندر,1397,1398,fold2_validation,2019-07-20,2019-07-17,RNG0058,True,True,43244439125.0,2894402.0,809.0,14941.0,OK,2018-07-17,2018-07-17,RNG0058,True,True,38683663910.0,5358698.0,487.0,7219.0,OK,2014-06-19,2020-07-18,2014-06-21,2020-07-18,2014-06-21,2020-07-18,246,11,11,231,231,True,True,True,,,OBSERVED_FROM_IMMUTABLE_BUNDLE_NO_LIVE_TSETMC_QUERY,False
main_rule_a_primary,شدوص,1397,1398,fold2_validation,2019-07-20,2019-07-17,RNG0059,True,True,6976446807.0,1342191.0,321.0,5198.0,OK,2018-07-17,2018-07-17,RNG0059,True,True,7219037632.0,1274940.0,230.0,5662.0,OK,2014-06-19,2020-07-18,2014-06-21,2020-07-18,2014-06-21,2020-07-18,246,41,41,199,199,True,True,True,,,OBSERVED_FROM_IMMUTABLE_BUNDLE_NO_LIVE_TSETMC_QUERY,False
main_rule_a_primary,شفارس,1397,1398,fold2_validation,2019-07-20,2019-07-17,RNG0060,True,True,9727395019.0,2166567.0,334.0,4490.0,OK,2018-07-17,2018-07-17,RNG0060,True,True,2695330083.0,1616809.0,160.0,1667.0,OK,2014-06-19,2020-07-18,2014-06-21,2020-07-18,2014-06-21,2020-07-18,246,10,10,230,230,True,True,True,,,OBSERVED_FROM_IMMUTABLE_BUNDLE_NO_LIVE_TSETMC_QUERY,False
main_rule_a_primary,شلعاب,1397,1398,fold2_validation,2019-07-20,2019-07-17,RNG0061,True,False,0.0,0.0,0.0,4494.0,ADJUSTED_CLOSE_UNRESOLVED,2018-07-17,2018-07-17,RNG0061,True,True,707048068.0,406657.0,81.0,1739.0,OK,2014-06-19,2020-07-18,2014-06-21,2020-07-18,2014-06-21,2020-07-18,246,10,10,231,231,False,True,True,ZERO_TRADE_ENDPOINT_REQUIRES_TRADING_DAY_SEMANTICS_ADJUDICATION,,OBSERVED_FROM_IMMUTABLE_BUNDLE_NO_LIVE_TSETMC_QUERY,False
main_rule_a_primary,شپارس,1397,1398,fold2_validation,2019-01-20,2019-01-19,RNG0062,True,True,4835961930.0,1517291.0,334.0,3187.0,OK,2018-01-19,2018-01-20,RNG0062,True,False,0.0,0.0,0.0,1758.0,ADJUSTED_CLOSE_UNRESOLVED,2013-12-20,2020-01-19,2013-12-21,2020-01-19,2013-12-21,2020-01-19,243,16,16,219,219,False,True,True,ZERO_TRADE_ENDPOINT_REQUIRES_TRADING_DAY_SEMANTICS_ADJUDICATION,,OBSERVED_FROM_IMMUTABLE_BUNDLE_NO_LIVE_TSETMC_QUERY,False
main_rule_a_primary,شپنا,1397,1398,fold2_validation,2019-07-20,2019-07-17,RNG0063,True,False,0.0,0.0,0.0,11715.0,ADJUSTED_CLOSE_UNRESOLVED,2018-07-17,2018-07-17,RNG0063,True,True,49479348909.0,11687926.0,1137.0,4233.0,OK,2014-06-19,2020-07-18,2014-06-21,2020-07-18,2015-03-17,2020-07-15,246,11,11,229,229,False,True,True,ZERO_TRADE_ENDPOINT_REQUIRES_TRADING_DAY_SEMANTICS_ADJUDICATION,,OBSERVED_FROM_IMMUTABLE_BUNDLE_NO_LIVE_TSETMC_QUERY,False
main_rule_a_primary,شکربن,1397,1398,fold2_validation,2019-07-20,2019-07-17,RNG0064,True,True,8623899332.0,439666.0,544.0,19615.0,OK,2018-07-17,2018-07-17,RNG0064,True,True,4018776562.0,744900.0,186.0,5395.0,OK,2014-06-19,2020-07-18,2014-06-21,2020-07-18,2014-06-21,2020-07-18,246,13,13,225,225,True,True,True,,,OBSERVED_FROM_IMMUTABLE_BUNDLE_NO_LIVE_TSETMC_QUERY,False
main_rule_a_primary,شیران,1397,1398,fold2_validation,2019-04-19,2019-04-17,RNG0067,True,True,89846089741.0,14372659.0,1631.0,6251.0,OK,2018-04-17,2018-04-17,RNG0067,True,True,1592241114.0,492915.0,96.0,3334.0,OK,2014-03-19,2020-04-17,2014-03-19,2020-04-15,2014-03-19,2020-04-15,245,9,9,231,231,True,True,True,,,OBSERVED_FROM_IMMUTABLE_BUNDLE_NO_LIVE_TSETMC_QUERY,False
main_rule_a_primary,غبهنوش,1397,1398,fold2_validation,2019-07-20,2019-07-17,RNG0068,True,False,0.0,0.0,0.0,12719.0,ADJUSTED_CLOSE_UNRESOLVED,2018-07-17,2018-07-17,RNG0068,True,True,366076117.0,90002.0,89.0,4089.0,OK,2013-06-19,2020-07-18,2013-06-19,2020-07-18,2013-06-19,2020-07-18,246,10,10,231,231,False,True,True,ZERO_TRADE_ENDPOINT_REQUIRES_TRADING_DAY_SEMANTICS_ADJUDICATION,,OBSERVED_FROM_IMMUTABLE_BUNDLE_NO_LIVE_TSETMC_QUERY,False
main_rule_a_primary,غدام,1397,1398,fold2_validation,2019-04-19,2019-04-17,RNG0069,True,True,48303580.0,1844.0,7.0,25044.0,OK,2018-04-17,2018-04-17,RNG0069,True,False,0.0,0.0,0.0,6904.0,ADJUSTED_CLOSE_UNRESOLVED,2013-03-19,2020-04-17,2013-03-25,2020-04-15,2013-03-26,2020-04-15,245,75,75,146,146,False,True,True,ZERO_TRADE_ENDPOINT_REQUIRES_TRADING_DAY_SEMANTICS_ADJUDICATION,,OBSERVED_FROM_IMMUTABLE_BUNDLE_NO_LIVE_TSETMC_QUERY,False
main_rule_a_primary,غسالم,1397,1398,fold2_validation,2019-07-20,2019-07-17,RNG0070,True,False,0.0,0.0,0.0,20964.0,ADJUSTED_CLOSE_UNRESOLVED,2018-07-17,2018-07-17,RNG0070,True,False,0.0,0.0,0.0,3548.0,ADJUSTED_CLOSE_UNRESOLVED,2013-06-19,2020-07-18,2013-06-19,2020-07-18,2013-06-19,2020-07-18,246,36,36,185,185,False,True,True,ZERO_TRADE_ENDPOINT_REQUIRES_TRADING_DAY_SEMANTICS_ADJUDICATION,ZERO_TRADE_ENDPOINT_REQUIRES_TRADING_DAY_SEMANTICS_ADJUDICATION,OBSERVED_FROM_IMMUTABLE_BUNDLE_NO_LIVE_TSETMC_QUERY,False
main_rule_a_primary,غشان,1397,1398,fold2_validation,2019-07-20,2019-07-17,RNG0071,True,True,44031038451.0,3328520.0,703.0,13228.0,OK,2018-07-17,2018-07-17,RNG0071,True,True,536520925.0,187526.0,68.0,2861.0,OK,2013-06-19,2020-07-18,2013-06-19,2020-07-18,2013-06-19,2020-07-18,246,19,19,217,217,True,True,True,,,OBSERVED_FROM_IMMUTABLE_BUNDLE_NO_LIVE_TSETMC_QUERY,False
main_rule_a_primary,غشهد,1397,1398,fold2_validation,2019-07-20,2019-07-17,RNG0072,True,True,12750419006.0,1127566.0,645.0,11308.0,OK,2018-07-17,2018-07-17,RNG0072,True,False,0.0,0.0,0.0,1736.0,ADJUSTED_CLOSE_UNRESOLVED,2013-06-19,2020-07-18,2013-06-19,2020-07-18,2013-06-23,2020-07-18,246,89,89,149,149,False,True,True,ZERO_TRADE_ENDPOINT_REQUIRES_TRADING_DAY_SEMANTICS_ADJUDICATION,,OBSERVED_FROM_IMMUTABLE_BUNDLE_NO_LIVE_TSETMC_QUERY,False
main_rule_a_primary,غنوش,1397,1398,fold2_validation,2019-07-20,2019-07-17,RNG0073,True,True,551116800.0,147200.0,7.0,3744.0,OK,2018-07-17,2018-07-17,RNG0073,True,True,12816840.0,3683.0,4.0,3319.0,OK,2013-06-19,2020-07-18,2013-06-19,2020-07-18,2013-07-06,2020-07-18,246,235,235,2,2,False,False,False,G_FEWER_THAN_126_VALID_RETURNS_ONLY,,OBSERVED_FROM_IMMUTABLE_BUNDLE_NO_LIVE_TSETMC_QUERY,False
main_rule_a_primary,غگل,1397,1398,fold2_validation,2019-01-20,2019-01-19,RNG0074,True,False,0.0,0.0,0.0,11121.0,ADJUSTED_CLOSE_UNRESOLVED,2018-01-19,2018-01-20,RNG0074,True,False,0.0,0.0,0.0,17650.0,ADJUSTED_CLOSE_UNRESOLVED,2012-12-20,2020-01-19,2012-12-22,2020-01-19,2012-12-23,2020-01-15,243,15,15,219,219,False,True,True,ZERO_TRADE_ENDPOINT_REQUIRES_TRADING_DAY_SEMANTICS_ADJUDICATION,ZERO_TRADE_ENDPOINT_REQUIRES_TRADING_DAY_SEMANTICS_ADJUDICATION,OBSERVED_FROM_IMMUTABLE_BUNDLE_NO_LIVE_TSETMC_QUERY,False
main_rule_a_primary,فاذر,1397,1398,fold2_validation,2019-07-20,2019-07-17,RNG0075,True,True,104282261580.0,25865756.0,2787.0,4032.0,OK,2018-07-17,2018-07-17,RNG0075,True,False,0.0,0.0,0.0,3042.0,ADJUSTED_CLOSE_UNRESOLVED,2014-06-19,2020-07-18,2014-06-21,2020-07-18,2014-06-30,2020-07-12,246,22,22,221,221,False,True,True,ZERO_TRADE_ENDPOINT_REQUIRES_TRADING_DAY_SEMANTICS_ADJUDICATION,,OBSERVED_FROM_IMMUTABLE_BUNDLE_NO_LIVE_TSETMC_QUERY,False
main_rule_a_primary,فایرا,1397,1398,fold2_validation,2019-07-20,2019-07-17,RNG0076,True,True,8680762507.0,1697543.0,497.0,5117.0,OK,2018-07-17,2018-07-17,RNG0076,True,True,2977984643.0,1433982.0,206.0,2070.0,OK,2014-06-19,2020-07-18,2014-06-21,2020-07-18,2014-08-03,2020-07-18,246,7,7,237,237,True,True,True,,,OBSERVED_FROM_IMMUTABLE_BUNDLE_NO_LIVE_TSETMC_QUERY,False
main_rule_a_primary,فباهنر,1397,1398,fold2_validation,2019-07-20,2019-07-17,RNG0077,True,True,33263922039.0,4078534.0,1626.0,8156.0,OK,2018-07-17,2018-07-17,RNG0077,True,True,5435195961.0,1333027.0,280.0,4077.0,OK,2014-06-19,2020-07-18,2014-06-21,2020-07-18,2014-06-24,2020-07-18,246,7,7,235,235,True,True,True,,,OBSERVED_FROM_IMMUTABLE_BUNDLE_NO_LIVE_TSETMC_QUERY,False
main_rule_a_primary,فجام,1397,1398,fold2_validation,2019-07-20,2019-07-17,RNG0078,True,True,3783704687.0,206322.0,211.0,18339.0,OK,2018-07-17,2018-07-17,RNG0078,True,True,9091440.0,1242.0,1.0,7497.0,OK,2014-06-19,2020-07-18,2014-06-21,2020-07-18,2014-06-21,2020-07-14,246,31,31,197,197,True,True,True,,,OBSERVED_FROM_IMMUTABLE_BUNDLE_NO_LIVE_TSETMC_QUERY,False
main_rule_a_primary,فجر,1397,1398,fold2_validation,2019-07-20,2019-07-17,RNG0079,True,True,13986948338.0,948495.0,209.0,14746.0,OK,2018-07-17,2018-07-17,RNG0079,True,True,1105400.0,200.0,1.0,5817.0,OK,2014-06-19,2020-07-18,2014-06-21,2020-07-18,2014-06-23,2020-07-18,246,29,29,197,197,True,True,True,,,OBSERVED_FROM_IMMUTABLE_BUNDLE_NO_LIVE_TSETMC_QUERY,False
main_rule_a_primary,فخوز,1397,1398,fold2_validation,2019-07-20,2019-07-17,RNG0080,True,True,10394760385.0,1319158.0,586.0,7880.0,OK,2018-07-17,2018-07-17,RNG0080,True,True,40113812354.0,5932988.0,405.0,6761.0,OK,2014-06-19,2020-07-18,2014-06-21,2020-07-18,2014-06-21,2020-07-18,246,10,10,232,232,True,True,True,,,OBSERVED_FROM_IMMUTABLE_BUNDLE_NO_LIVE_TSETMC_QUERY,False
main_rule_a_primary,فرآور,1397,1398,fold2_validation,2019-07-20,2019-07-17,RNG0081,True,True,5825385697.0,165676.0,281.0,35161.0,OK,2018-07-17,2018-07-17,RNG0081,True,True,3808787692.0,311444.0,170.0,12229.0,OK,2014-06-19,2020-07-18,2014-06-21,2020-07-18,2014-06-21,2020-07-18,246,9,9,231,231,True,True,True,,,OBSERVED_FROM_IMMUTABLE_BUNDLE_NO_LIVE_TSETMC_QUERY,False
main_rule_a_primary,فسرب,1397,1398,fold2_validation,2019-07-20,2019-07-17,RNG0082,True,True,62287695841.0,3577312.0,616.0,17412.0,OK,2018-07-17,2018-07-17,RNG0082,True,True,7314233680.0,1530636.0,379.0,4779.0,OK,2014-06-19,2020-07-18,2014-06-21,2020-07-18,2014-06-21,2020-07-18,246,7,7,234,234,True,True,True,,,OBSERVED_FROM_IMMUTABLE_BUNDLE_NO_LIVE_TSETMC_QUERY,False
main_rule_a_primary,فسپا,1397,1398,fold2_validation,2019-07-20,2019-07-17,RNG0083,True,True,3208319582.0,405252.0,207.0,7917.0,OK,2018-07-17,2018-07-17,RNG0083,True,False,0.0,0.0,0.0,1683.0,ADJUSTED_CLOSE_UNRESOLVED,2014-06-19,2020-07-18,2014-06-21,2020-07-18,2014-06-21,2020-07-18,246,15,15,224,224,False,True,True,ZERO_TRADE_ENDPOINT_REQUIRES_TRADING_DAY_SEMANTICS_ADJUDICATION,,OBSERVED_FROM_IMMUTABLE_BUNDLE_NO_LIVE_TSETMC_QUERY,False
main_rule_a_primary,فمراد,1397,1398,fold2_validation,2019-07-20,2019-07-17,RNG0084,True,True,5150239747.0,292262.0,303.0,17622.0,OK,2018-07-17,2018-07-17,RNG0084,True,False,0.0,0.0,0.0,6263.0,ADJUSTED_CLOSE_UNRESOLVED,2014-06-19,2020-07-18,2014-06-21,2020-07-18,2014-11-01,2020-07-18,246,12,12,230,230,False,True,True,ZERO_TRADE_ENDPOINT_REQUIRES_TRADING_DAY_SEMANTICS_ADJUDICATION,,OBSERVED_FROM_IMMUTABLE_BUNDLE_NO_LIVE_TSETMC_QUERY,False
main_rule_a_primary,فملی,1397,1398,fold2_validation,2019-07-20,2019-07-17,RNG0085,True,False,0.0,0.0,0.0,4269.0,ADJUSTED_CLOSE_UNRESOLVED,2018-07-17,2018-07-17,RNG0085,True,True,57006391421.0,22345742.0,1286.0,2551.0,OK,2014-06-19,2020-07-18,2014-06-21,2020-07-18,2014-06-21,2020-07-18,246,12,12,230,230,False,True,True,ZERO_TRADE_ENDPOINT_REQUIRES_TRADING_DAY_SEMANTICS_ADJUDICATION,,OBSERVED_FROM_IMMUTABLE_BUNDLE_NO_LIVE_TSETMC_QUERY,False
main_rule_a_primary,فنورد,1397,1398,fold2_validation,2019-07-20,2019-07-17,RNG0086,True,True,428243947.0,21959.0,48.0,19483.0,OK,2018-07-17,2018-07-17,RNG0086,True,False,0.0,0.0,0.0,7931.0,ADJUSTED_CLOSE_UNRESOLVED,2014-06-19,2020-07-18,2014-06-21,2020-07-18,2014-06-21,2020-07-18,246,29,29,202,202,False,True,True,ZERO_TRADE_ENDPOINT_REQUIRES_TRADING_DAY_SEMANTICS_ADJUDICATION,,OBSERVED_FROM_IMMUTABLE_BUNDLE_NO_LIVE_TSETMC_QUERY,False
main_rule_a_primary,فولاژ,1397,1398,fold2_validation,2019-07-20,2019-07-17,RNG0087,True,False,0.0,0.0,0.0,6177.0,ADJUSTED_CLOSE_UNRESOLVED,2018-07-17,2018-07-17,RNG0087,True,False,0.0,0.0,0.0,1491.0,ADJUSTED_CLOSE_UNRESOLVED,2014-06-19,2020-07-18,2014-06-21,2020-07-18,2014-06-21,2020-07-15,246,16,16,224,224,False,True,True,ZERO_TRADE_ENDPOINT_REQUIRES_TRADING_DAY_SEMANTICS_ADJUDICATION,ZERO_TRADE_ENDPOINT_REQUIRES_TRADING_DAY_SEMANTICS_ADJUDICATION,OBSERVED_FROM_IMMUTABLE_BUNDLE_NO_LIVE_TSETMC_QUERY,False
main_rule_a_primary,فپنتا,1397,1398,fold2_validation,2019-07-20,2019-07-17,RNG0088,True,True,700951204.0,11884.0,74.0,59478.0,OK,2018-07-17,2018-07-17,RNG0088,True,True,102243940.0,7051.0,3.0,14086.0,OK,2014-06-19,2020-07-18,2014-06-21,2020-07-18,2014-06-21,2020-07-14,246,8,8,232,232,True,True,True,,,OBSERVED_FROM_IMMUTABLE_BUNDLE_NO_LIVE_TSETMC_QUERY,False
main_rule_a_primary,لابسا,1397,1398,fold2_validation,2019-07-20,2019-07-17,RNG0089,True,True,176773322460.0,6035060.0,265.0,29291.0,OK,2018-07-17,2018-07-17,RNG0089,True,True,188099676.0,102282.0,33.0,1866.0,OK,2014-06-19,2020-07-18,2014-06-21,2020-07-18,2014-06-21,2020-07-18,246,22,22,213,213,True,True,True,,,OBSERVED_FROM_IMMUTABLE_BUNDLE_NO_LIVE_TSETMC_QUERY,False
main_rule_a_primary,لبوتان,1397,1398,fold2_validation,2019-07-20,2019-07-17,RNG0090,True,True,12055884856.0,684198.0,518.0,17620.0,OK,2018-07-17,2018-07-17,RNG0090,True,True,474131714.0,112437.0,45.0,4182.0,OK,2014-06-19,2020-07-18,2014-06-21,2020-07-18,2014-07-02,2020-07-18,246,12,12,228,228,True,True,True,,,OBSERVED_FROM_IMMUTABLE_BUNDLE_NO_LIVE_TSETMC_QUERY,False
main_rule_a_primary,لخزر,1397,1398,fold2_validation,2019-07-20,2019-07-17,RNG0091,True,True,2015639893.0,73220.0,91.0,27529.0,OK,2018-07-17,2018-07-17,RNG0091,True,True,896221106.0,106765.0,69.0,8394.0,OK,2014-06-19,2020-07-18,2014-06-21,2020-07-18,2014-06-21,2020-07-18,246,5,5,238,238,True,True,True,,,OBSERVED_FROM_IMMUTABLE_BUNDLE_NO_LIVE_TSETMC_QUERY,False
main_rule_a_primary,لسرما,1397,1398,fold2_validation,2019-07-20,2019-07-17,RNG0092,True,False,0.0,0.0,0.0,5656.0,ADJUSTED_CLOSE_UNRESOLVED,2018-07-17,2018-07-17,RNG0092,True,True,1276419499.0,501173.0,116.0,2547.0,OK,2014-06-19,2020-07-18,2014-06-21,2020-07-18,2014-07-08,2020-07-18,246,29,29,207,207,False,True,True,ZERO_TRADE_ENDPOINT_REQUIRES_TRADING_DAY_SEMANTICS_ADJUDICATION,,OBSERVED_FROM_IMMUTABLE_BUNDLE_NO_LIVE_TSETMC_QUERY,False
main_rule_a_primary,های وب,1397,1398,fold2_validation,2019-07-20,2019-07-17,RNG0094,True,False,0.0,0.0,0.0,6933.0,ADJUSTED_CLOSE_UNRESOLVED,2018-07-17,2018-07-17,RNG0094,True,False,0.0,0.0,0.0,5980.0,ADJUSTED_CLOSE_UNRESOLVED,2017-06-19,2020-07-18,2017-08-27,2020-07-18,2017-09-13,2020-07-18,246,52,52,192,192,False,True,True,ZERO_TRADE_ENDPOINT_REQUIRES_TRADING_DAY_SEMANTICS_ADJUDICATION,ZERO_TRADE_ENDPOINT_REQUIRES_TRADING_DAY_SEMANTICS_ADJUDICATION,OBSERVED_FROM_IMMUTABLE_BUNDLE_NO_LIVE_TSETMC_QUERY,True
main_rule_a_primary,همراه,1397,1398,fold2_validation,2019-07-20,2019-07-17,RNG0095,True,True,9333787581.0,840827.0,583.0,11098.0,OK,2018-07-17,2018-07-17,RNG0095,True,True,16227208240.0,1124249.0,262.0,14434.0,OK,2015-06-18,2020-07-18,2015-06-20,2020-07-18,2015-06-20,2020-07-18,246,18,18,224,224,True,True,True,,,OBSERVED_FROM_IMMUTABLE_BUNDLE_NO_LIVE_TSETMC_QUERY,False
main_rule_a_primary,پارس,1397,1398,fold2_validation,2019-07-20,2019-07-17,RNG0096,True,False,0.0,0.0,0.0,49306.0,ADJUSTED_CLOSE_UNRESOLVED,2018-07-17,2018-07-17,RNG0096,True,True,1054212368352.0,36137816.0,23238.0,29172.0,OK,2018-06-19,2020-07-18,2018-07-07,2020-07-18,2018-07-11,2020-07-18,246,6,6,237,237,False,True,True,ZERO_TRADE_ENDPOINT_REQUIRES_TRADING_DAY_SEMANTICS_ADJUDICATION,,OBSERVED_FROM_IMMUTABLE_BUNDLE_NO_LIVE_TSETMC_QUERY,True
main_rule_a_primary,پدرخش,1397,1398,fold2_validation,2019-07-20,2019-07-17,RNG0097,True,True,1246950206.0,31910.0,95.0,39077.0,OK,2018-07-17,2018-07-17,RNG0097,True,True,1668151.0,501.0,2.0,3264.0,OK,2014-06-19,2020-07-18,2014-06-21,2020-07-18,2014-06-30,2020-07-18,246,13,13,224,224,True,True,True,,,OBSERVED_FROM_IMMUTABLE_BUNDLE_NO_LIVE_TSETMC_QUERY,False
main_rule_a_primary,پرداخت,1397,1398,fold2_validation,2019-07-20,2019-07-17,RNG0098,True,True,29410883272.0,1942080.0,651.0,15144.0,OK,2018-07-17,2018-07-17,RNG0098,True,True,1325855515.0,172178.0,186.0,7973.0,OK,2017-06-19,2020-07-18,2017-06-19,2020-07-18,2017-07-18,2020-07-18,246,10,10,231,231,True,True,True,,,OBSERVED_FROM_IMMUTABLE_BUNDLE_NO_LIVE_TSETMC_QUERY,False
main_rule_a_primary,پسهند,1397,1398,fold2_validation,2019-07-20,2019-07-17,RNG0099,True,True,11948844462.0,2012513.0,618.0,5937.0,OK,2018-07-17,2018-07-17,RNG0099,True,True,462483364.0,270417.0,86.0,1711.0,OK,2014-06-19,2020-07-18,2014-06-21,2020-07-18,2014-06-21,2020-07-18,246,9,9,232,232,True,True,True,,,OBSERVED_FROM_IMMUTABLE_BUNDLE_NO_LIVE_TSETMC_QUERY,False
main_rule_a_primary,پلاسک,1397,1398,fold2_validation,2019-07-20,2019-07-17,RNG0100,True,True,8161516288.0,4598731.0,517.0,1775.0,OK,2018-07-17,2018-07-17,RNG0100,True,True,1651902851.0,2028998.0,180.0,814.0,OK,2014-06-19,2020-07-18,2014-06-21,2020-07-18,2014-06-21,2020-07-18,246,7,7,234,234,True,True,True,,,OBSERVED_FROM_IMMUTABLE_BUNDLE_NO_LIVE_TSETMC_QUERY,False
main_rule_a_primary,چافست,1397,1398,fold2_validation,2019-01-20,2019-01-19,RNG0101,True,False,0.0,0.0,0.0,5617.0,ADJUSTED_CLOSE_UNRESOLVED,2018-01-19,2018-01-20,RNG0101,True,True,344751840.0,29620.0,24.0,11963.0,OK,2013-12-20,2020-01-19,2013-12-21,2020-01-19,2013-12-28,2020-01-15,243,13,13,226,226,False,True,True,ZERO_TRADE_ENDPOINT_REQUIRES_TRADING_DAY_SEMANTICS_ADJUDICATION,,OBSERVED_FROM_IMMUTABLE_BUNDLE_NO_LIVE_TSETMC_QUERY,False
main_rule_a_primary,چکارن,1397,1398,fold2_validation,2019-07-20,2019-07-17,RNG0102,True,True,56026160707.0,1430649.0,1163.0,39161.0,OK,2018-07-17,2018-07-17,RNG0102,True,True,4575715833.0,717302.0,205.0,6379.0,OK,2014-06-19,2020-07-18,2014-06-21,2020-07-18,2014-06-21,2020-07-18,246,20,20,213,213,True,True,True,,,OBSERVED_FROM_IMMUTABLE_BUNDLE_NO_LIVE_TSETMC_QUERY,False
main_rule_a_primary,کاوه,1397,1398,fold2_validation,2019-07-20,2019-07-17,RNG0103,True,True,100523034420.0,21138082.0,1316.0,4756.0,OK,2018-07-17,2018-07-17,RNG0103,True,True,12584494633.0,4568426.0,373.0,2755.0,OK,2017-06-19,2020-07-18,2017-06-19,2020-07-18,2017-10-18,2020-07-13,246,8,8,234,234,True,True,True,,,OBSERVED_FROM_IMMUTABLE_BUNDLE_NO_LIVE_TSETMC_QUERY,False
main_rule_a_primary,کبافق,1397,1398,fold2_validation,2019-07-20,2019-07-17,RNG0104,True,False,0.0,0.0,0.0,50331.0,ADJUSTED_CLOSE_UNRESOLVED,2018-07-17,2018-07-17,RNG0104,True,True,7978535211.0,666727.0,344.0,11967.0,OK,2013-06-19,2020-07-18,2013-06-19,2020-07-18,2013-06-19,2020-07-18,246,110,110,130,130,False,True,True,ZERO_TRADE_ENDPOINT_REQUIRES_TRADING_DAY_SEMANTICS_ADJUDICATION,,OBSERVED_FROM_IMMUTABLE_BUNDLE_NO_LIVE_TSETMC_QUERY,False
main_rule_a_primary,کرازی,1397,1398,fold2_validation,2019-07-20,2019-07-17,RNG0105,True,True,28972385735.0,5065053.0,891.0,5720.0,OK,2018-07-17,2018-07-17,RNG0105,True,True,972874518.0,614696.0,194.0,1583.0,OK,2013-06-19,2020-07-18,2013-06-19,2020-07-18,2013-06-19,2020-07-18,246,15,15,224,224,True,True,True,,,OBSERVED_FROM_IMMUTABLE_BUNDLE_NO_LIVE_TSETMC_QUERY,False
main_rule_a_primary,کفرا,1397,1398,fold2_validation,2019-07-20,2019-07-17,RNG0106,True,True,21883016803.0,1320728.0,789.0,16569.0,OK,2018-07-17,2018-07-17,RNG0106,True,True,8366144202.0,1508350.0,266.0,5547.0,OK,2013-06-19,2020-07-18,2013-06-19,2020-07-18,2013-07-06,2020-07-18,246,9,9,231,231,True,True,True,,,OBSERVED_FROM_IMMUTABLE_BUNDLE_NO_LIVE_TSETMC_QUERY,False
main_rule_a_primary,کفپارس,1397,1398,fold2_validation,2019-04-19,2019-04-17,RNG0107,True,True,5933161732.0,714864.0,216.0,8300.0,OK,2018-04-17,2018-04-17,RNG0107,True,False,0.0,0.0,0.0,2702.0,ADJUSTED_CLOSE_UNRESOLVED,2013-03-19,2020-04-17,2013-03-25,2020-04-15,2013-05-20,2020-04-15,245,57,57,180,180,False,True,True,ZERO_TRADE_ENDPOINT_REQUIRES_TRADING_DAY_SEMANTICS_ADJUDICATION,,OBSERVED_FROM_IMMUTABLE_BUNDLE_NO_LIVE_TSETMC_QUERY,False
main_rule_a_primary,کهمدا,1397,1398,fold2_validation,2018-10-22,2018-10-21,RNG0108,True,True,10308425294.0,3324544.0,626.0,3101.0,OK,2017-10-21,2017-10-21,RNG0108,True,False,0.0,0.0,0.0,7502.0,ADJUSTED_CLOSE_UNRESOLVED,2012-09-21,2019-10-21,2012-09-22,2019-10-21,2012-09-22,2019-10-21,246,19,19,220,220,False,True,True,ZERO_TRADE_ENDPOINT_REQUIRES_TRADING_DAY_SEMANTICS_ADJUDICATION,,OBSERVED_FROM_IMMUTABLE_BUNDLE_NO_LIVE_TSETMC_QUERY,False
main_rule_a_primary,کگاز,1397,1398,fold2_validation,2019-07-20,2019-07-17,RNG0110,True,True,47219790877.0,5746088.0,748.0,8218.0,OK,2018-07-17,2018-07-17,RNG0110,True,True,366555341.0,88000.0,43.0,4153.0,OK,2013-06-19,2020-07-18,2013-06-19,2020-07-18,2013-06-19,2020-07-18,246,17,17,222,222,True,True,True,,,OBSERVED_FROM_IMMUTABLE_BUNDLE_NO_LIVE_TSETMC_QUERY,False
main_rule_a_primary,کگل,1397,1398,fold2_validation,2019-07-20,2019-07-17,RNG0111,True,True,49732348140.0,6666242.0,749.0,7460.0,OK,2018-07-17,2018-07-17,RNG0111,True,True,26359669722.0,6095578.0,420.0,4324.0,OK,2013-06-19,2020-07-18,2013-06-19,2020-07-18,2013-06-19,2020-07-18,246,14,14,227,227,True,True,True,,,OBSERVED_FROM_IMMUTABLE_BUNDLE_NO_LIVE_TSETMC_QUERY,False
main_rule_a_primary,بالبر,1398,1399,fold2_validation,2020-01-20,2020-01-19,RNG0001,True,True,22612207814.0,1600739.0,939.0,14126.0,OK,2019-01-19,2019-01-19,RNG0001,True,False,0.0,0.0,0.0,2278.0,ADJUSTED_CLOSE_UNRESOLVED,2013-12-20,2020-01-19,2013-12-21,2020-01-19,2014-01-27,2020-01-19,240,11,11,223,223,False,True,True,ZERO_TRADE_ENDPOINT_REQUIRES_TRADING_DAY_SEMANTICS_ADJUDICATION,,OBSERVED_FROM_IMMUTABLE_BUNDLE_NO_LIVE_TSETMC_QUERY,False
main_rule_a_primary,بترانس,1398,1399,fold2_validation,2020-07-19,2020-07-18,RNG0002,True,True,2458796679800.0,39805308.0,21769.0,61770.0,OK,2019-07-18,2019-07-20,RNG0002,True,True,24220119634.0,3885415.0,1363.0,6234.0,OK,2014-06-19,2020-07-18,2014-06-21,2020-07-18,2014-06-21,2020-07-18,240,14,14,217,217,True,True,True,,,OBSERVED_FROM_IMMUTABLE_BUNDLE_NO_LIVE_TSETMC_QUERY,False
main_rule_a_primary,بموتو,1398,1399,fold2_validation,2020-01-20,2020-01-19,RNG0003,True,True,50764914199.0,1867988.0,1084.0,27176.0,OK,2019-01-19,2019-01-19,RNG0003,True,True,357387760.0,53551.0,37.0,6718.0,OK,2012-12-20,2020-01-19,2012-12-22,2020-01-19,2012-12-22,2020-01-19,240,7,7,228,228,True,True,True,,,OBSERVED_FROM_IMMUTABLE_BUNDLE_NO_LIVE_TSETMC_QUERY,False
main_rule_a_primary,بکاب,1398,1399,fold2_validation,2020-01-20,2020-01-19,RNG0004,True,False,0.0,0.0,0.0,58692.0,ADJUSTED_CLOSE_UNRESOLVED,2019-01-19,2019-01-19,RNG0004,True,True,665913504.0,82319.0,21.0,8089.0,OK,2013-12-20,2020-01-19,2013-12-21,2020-01-19,2013-12-21,2020-01-18,240,11,11,225,225,False,True,True,ZERO_TRADE_ENDPOINT_REQUIRES_TRADING_DAY_SEMANTICS_ADJUDICATION,,OBSERVED_FROM_IMMUTABLE_BUNDLE_NO_LIVE_TSETMC_QUERY,False
main_rule_a_primary,بکام,1398,1399,fold2_validation,2020-07-19,2020-07-18,RNG0005,True,False,0.0,0.0,0.0,9120.0,ADJUSTED_CLOSE_UNRESOLVED,2019-07-18,2019-07-20,RNG0005,True,True,16100564406.0,1772834.0,579.0,9082.0,OK,2014-06-19,2020-07-18,2014-06-21,2020-07-18,2014-06-29,2020-06-28,240,31,31,202,202,False,True,True,ZERO_TRADE_ENDPOINT_REQUIRES_TRADING_DAY_SEMANTICS_ADJUDICATION,,OBSERVED_FROM_IMMUTABLE_BUNDLE_NO_LIVE_TSETMC_QUERY,False
main_rule_a_primary,تپمپی,1398,1399,fold2_validation,2019-10-22,2019-10-21,RNG0006,True,False,0.0,0.0,0.0,11001.0,ADJUSTED_CLOSE_UNRESOLVED,2018-10-21,2018-10-21,RNG0006,True,True,3730540221.0,1355651.0,224.0,2752.0,OK,2013-09-21,2019-10-21,2013-09-21,2019-10-21,2013-09-21,2019-10-16,241,5,5,234,234,False,True,True,ZERO_TRADE_ENDPOINT_REQUIRES_TRADING_DAY_SEMANTICS_ADJUDICATION,,OBSERVED_FROM_IMMUTABLE_BUNDLE_NO_LIVE_TSETMC_QUERY,False
main_rule_a_primary,تکمبا,1398,1399,fold2_validation,2020-07-19,2020-07-18,RNG0007,True,True,218651561880.0,13149580.0,3099.0,16630.0,OK,2019-07-18,2019-07-20,RNG0007,True,False,0.0,0.0,0.0,1802.0,ADJUSTED_CLOSE_UNRESOLVED,2014-06-19,2020-07-18,2014-06-21,2020-07-18,2014-06-21,2020-07-18,240,8,8,228,228,False,True,True,ZERO_TRADE_ENDPOINT_REQUIRES_TRADING_DAY_SEMANTICS_ADJUDICATION,,OBSERVED_FROM_IMMUTABLE_BUNDLE_NO_LIVE_TSETMC_QUERY,False
main_rule_a_primary,ثشرق,1398,1399,fold2_validation,2020-01-20,2020-01-19,RNG0008,True,True,54793712269.0,16321020.0,1413.0,3357.0,OK,2019-01-19,2019-01-19,RNG0008,True,True,4802610473.0,5162137.0,469.0,930.0,OK,2013-12-20,2020-01-19,2014-05-11,2020-01-19,2014-06-25,2020-01-19,240,9,9,227,227,True,True,True,,,OBSERVED_FROM_IMMUTABLE_BUNDLE_NO_LIVE_TSETMC_QUERY,True
main_rule_a_primary,ثنوسا,1398,1399,fold2_validation,2020-01-20,2020-01-19,RNG0009,True,True,210081298024.0,51973356.0,5373.0,4042.0,OK,2019-01-19,2019-01-19,RNG0009,True,True,5434923634.0,2138231.0,335.0,2542.0,OK,2012-12-20,2020-01-19,2012-12-22,2020-01-19,2012-12-22,2020-01-19,240,38,38,196,196,True,True,True,,,OBSERVED_FROM_IMMUTABLE_BUNDLE_NO_LIVE_TSETMC_QUERY,False
main_rule_a_primary,جم,1398,1399,fold2_validation,2020-07-19,2020-07-18,RNG0010,True,True,913886808850.0,18714569.0,8482.0,48830.0,OK,2019-07-18,2019-07-20,RNG0010,True,True,27813767499.0,2487538.0,558.0,11181.0,OK,2015-06-18,2020-07-18,2015-08-08,2020-07-18,2015-08-09,2020-07-18,240,16,16,219,219,True,True,True,,,OBSERVED_FROM_IMMUTABLE_BUNDLE_NO_LIVE_TSETMC_QUERY,True
main_rule_a_primary,جم پیلن,1398,1399,fold2_validation,2020-07-19,2020-07-18,RNG0011,True,True,126061976860.0,1491747.0,1505.0,84510.0,OK,2019-07-18,2019-07-20,RNG0011,True,True,131443844550.0,4929441.0,7573.0,26665.0,OK,2019-06-18,2020-07-18,2019-06-18,2020-07-18,2019-06-18,2020-07-18,240,8,8,227,227,True,True,True,,,OBSERVED_FROM_IMMUTABLE_BUNDLE_NO_LIVE_TSETMC_QUERY,False
main_rule_a_primary,حپترو,1398,1399,fold2_validation,2020-07-19,2020-07-18,RNG0012,True,True,35399562610.0,890732.0,605.0,39170.0,OK,2019-07-18,2019-07-20,RNG0012,True,False,0.0,0.0,0.0,9476.0,ADJUSTED_CLOSE_UNRESOLVED,2013-06-19,2020-07-18,2013-06-19,2020-07-18,2013-06-30,2020-07-18,240,6,6,231,231,False,True,True,ZERO_TRADE_ENDPOINT_REQUIRES_TRADING_DAY_SEMANTICS_ADJUDICATION,,OBSERVED_FROM_IMMUTABLE_BUNDLE_NO_LIVE_TSETMC_QUERY,False
main_rule_a_primary,حکشتی,1398,1399,fold2_validation,2019-10-22,2019-10-21,RNG0013,True,False,0.0,0.0,0.0,5827.0,ADJUSTED_CLOSE_UNRESOLVED,2018-10-21,2018-10-21,RNG0013,True,True,163684263642.0,34309343.0,1877.0,4771.0,OK,2012-09-21,2019-10-21,2012-09-22,2019-10-21,2012-09-22,2019-10-20,241,1,1,239,239,False,True,True,ZERO_TRADE_ENDPOINT_REQUIRES_TRADING_DAY_SEMANTICS_ADJUDICATION,,OBSERVED_FROM_IMMUTABLE_BUNDLE_NO_LIVE_TSETMC_QUERY,False
main_rule_a_primary,خاذین,1398,1399,fold2_validation,2020-07-19,2020-07-18,RNG0014,True,True,65052678710.0,4993663.0,569.0,13030.0,OK,2019-07-18,2019-07-20,RNG0014,True,False,0.0,0.0,0.0,2603.0,ADJUSTED_CLOSE_UNRESOLVED,2013-06-19,2020-07-18,2013-06-19,2020-07-18,2013-06-19,2020-07-18,240,9,9,228,228,False,True,True,ZERO_TRADE_ENDPOINT_REQUIRES_TRADING_DAY_SEMANTICS_ADJUDICATION,,OBSERVED_FROM_IMMUTABLE_BUNDLE_NO_LIVE_TSETMC_QUERY,False
main_rule_a_primary,خبهمن,1398,1399,fold2_validation,2020-07-19,2020-07-18,RNG0015,True,True,178663580100.0,6790710.0,3099.0,26310.0,OK,2019-07-18,2019-07-20,RNG0015,True,True,31204781670.0,17819469.0,1156.0,1751.0,OK,2013-06-19,2020-07-18,2013-06-19,2020-07-18,2013-06-22,2020-07-18,240,10,10,223,223,True,True,True,,,OBSERVED_FROM_IMMUTABLE_BUNDLE_NO_LIVE_TSETMC_QUERY,False
main_rule_a_primary,ختوقا,1398,1399,fold2_validation,2020-07-19,2020-07-18,RNG0016,True,True,657305342460.0,62540946.0,15317.0,10510.0,OK,2019-07-18,2019-07-20,RNG0016,True,True,21804309784.0,7495860.0,870.0,2909.0,OK,2013-06-19,2020-07-18,2013-06-19,2020-07-18,2013-07-22,2020-07-18,240,29,29,203,203,True,True,True,,,OBSERVED_FROM_IMMUTABLE_BUNDLE_NO_LIVE_TSETMC_QUERY,False
main_rule_a_primary,خرینگ,1398,1399,fold2_validation,2020-07-19,2020-07-18,RNG0017,True,True,120953256730.0,2681971.0,1844.0,45100.0,OK,2019-07-18,2019-07-20,RNG0017,True,False,0.0,0.0,0.0,4198.0,ADJUSTED_CLOSE_UNRESOLVED,2013-06-19,2020-07-18,2013-06-19,2020-07-18,2013-06-23,2020-07-18,240,11,11,223,223,False,True,True,ZERO_TRADE_ENDPOINT_REQUIRES_TRADING_DAY_SEMANTICS_ADJUDICATION,,OBSERVED_FROM_IMMUTABLE_BUNDLE_NO_LIVE_TSETMC_QUERY,False
main_rule_a_primary,خمحور,1398,1399,fold2_validation,2020-07-19,2020-07-18,RNG0018,True,True,58109018120.0,1543092.0,1500.0,37660.0,OK,2019-07-18,2019-07-20,RNG0018,True,True,6162005762.0,1069189.0,411.0,5763.0,OK,2013-06-19,2020-07-18,2013-06-19,2020-07-18,2013-06-22,2020-07-18,240,7,7,229,229,True,True,True,,,OBSERVED_FROM_IMMUTABLE_BUNDLE_NO_LIVE_TSETMC_QUERY,False
main_rule_a_primary,خمهر,1398,1399,fold2_validation,2020-07-19,2020-07-18,RNG0019,True,True,610101830590.0,35146954.0,13509.0,17360.0,OK,2019-07-18,2019-07-20,RNG0019,True,True,14834653646.0,9116237.0,1103.0,1627.0,OK,2013-06-19,2020-07-18,2013-06-19,2020-07-18,2013-06-19,2020-07-18,240,9,9,225,225,True,True,True,,,OBSERVED_FROM_IMMUTABLE_BUNDLE_NO_LIVE_TSETMC_QUERY,False
main_rule_a_primary,خنصیر,1398,1399,fold2_validation,2020-07-19,2020-07-18,RNG0020,True,True,491511694060.0,9862470.0,4079.0,49840.0,OK,2019-07-18,2019-07-20,RNG0020,True,True,8749346352.0,1906168.0,456.0,4590.0,OK,2013-06-19,2020-07-18,2013-06-19,2020-07-18,2013-06-22,2020-07-18,240,8,8,225,225,True,True,True,,,OBSERVED_FROM_IMMUTABLE_BUNDLE_NO_LIVE_TSETMC_QUERY,False
main_rule_a_primary,خوساز,1398,1399,fold2_validation,2020-07-19,2020-07-18,RNG0021,True,True,427969115960.0,26296591.0,8020.0,16270.0,OK,2019-07-18,2019-07-20,RNG0021,True,True,7733505464.0,3703916.0,754.0,2088.0,OK,2013-06-19,2020-07-18,2013-06-19,2020-07-18,2013-06-19,2020-07-18,240,10,10,225,225,True,True,True,,,OBSERVED_FROM_IMMUTABLE_BUNDLE_NO_LIVE_TSETMC_QUERY,False
main_rule_a_primary,خچرخش,1398,1399,fold2_validation,2020-07-19,2020-07-18,RNG0022,True,True,76528896800.0,4070686.0,708.0,18800.0,OK,2019-07-18,2019-07-20,RNG0022,True,True,9164401207.0,3295373.0,477.0,2781.0,OK,2013-06-19,2020-07-18,2013-06-19,2020-07-18,2013-06-23,2020-07-18,240,5,5,232,232,True,True,True,,,OBSERVED_FROM_IMMUTABLE_BUNDLE_NO_LIVE_TSETMC_QUERY,False
main_rule_a_primary,خکمک,1398,1399,fold2_validation,2020-07-19,2020-07-18,RNG0023,True,True,261109168360.0,5524984.0,802.0,47260.0,OK,2019-07-18,2019-07-20,RNG0023,True,True,9172301767.0,2573042.0,471.0,3565.0,OK,2013-06-19,2020-07-18,2013-06-19,2020-07-18,2013-06-30,2020-07-18,240,14,14,219,219,True,True,True,,,OBSERVED_FROM_IMMUTABLE_BUNDLE_NO_LIVE_TSETMC_QUERY,False
main_rule_a_primary,ددام,1398,1399,fold2_validation,2020-07-19,2020-07-18,RNG0024,True,True,21399944520.0,905243.0,552.0,22980.0,OK,2019-07-18,2019-07-20,RNG0024,True,True,18502823648.0,3001098.0,1221.0,6165.0,OK,2014-06-19,2020-07-18,2014-06-21,2020-07-18,2014-06-21,2020-07-18,240,7,7,228,228,True,True,True,,,OBSERVED_FROM_IMMUTABLE_BUNDLE_NO_LIVE_TSETMC_QUERY,False
main_rule_a_primary,دروز,1398,1399,fold2_validation,2020-07-19,2020-07-18,RNG0025,True,True,6158856000.0,227600.0,127.0,25930.0,OK,2019-07-18,2019-07-20,RNG0025,True,False,0.0,0.0,0.0,4274.0,ADJUSTED_CLOSE_UNRESOLVED,2013-06-19,2020-07-18,2013-06-19,2020-07-18,2013-06-19,2020-07-18,240,6,6,231,231,False,True,True,ZERO_TRADE_ENDPOINT_REQUIRES_TRADING_DAY_SEMANTICS_ADJUDICATION,,OBSERVED_FROM_IMMUTABLE_BUNDLE_NO_LIVE_TSETMC_QUERY,False
main_rule_a_primary,دسبحا,1398,1399,fold2_validation,2020-07-19,2020-07-18,RNG0026,True,True,82365594240.0,2522274.0,1372.0,32660.0,OK,2019-07-18,2019-07-20,RNG0026,True,True,18066571148.0,3453570.0,1062.0,5231.0,OK,2013-06-19,2020-07-18,2013-06-19,2020-07-18,2013-06-19,2020-07-18,240,8,8,228,228,True,True,True,,,OBSERVED_FROM_IMMUTABLE_BUNDLE_NO_LIVE_TSETMC_QUERY,False
main_rule_a_primary,دسینا,1398,1399,fold2_validation,2020-07-19,2020-07-18,RNG0027,True,True,11608414200.0,260220.0,271.0,42960.0,OK,2019-07-18,2019-07-20,RNG0027,True,False,0.0,0.0,0.0,17736.0,ADJUSTED_CLOSE_UNRESOLVED,2014-06-19,2020-07-18,2014-06-21,2020-07-18,2014-06-21,2020-07-18,240,10,10,226,226,False,True,True,ZERO_TRADE_ENDPOINT_REQUIRES_TRADING_DAY_SEMANTICS_ADJUDICATION,,OBSERVED_FROM_IMMUTABLE_BUNDLE_NO_LIVE_TSETMC_QUERY,False
main_rule_a_primary,دشیمی,1398,1399,fold2_validation,2020-07-19,2020-07-18,RNG0028,True,True,29143874790.0,554649.0,638.0,51450.0,OK,2019-07-18,2019-07-20,RNG0028,True,True,32192866542.0,3155447.0,681.0,10202.0,OK,2014-06-19,2020-07-18,2014-06-21,2020-07-18,2014-06-22,2020-07-18,240,9,9,226,226,True,True,True,,,OBSERVED_FROM_IMMUTABLE_BUNDLE_NO_LIVE_TSETMC_QUERY,False
main_rule_a_primary,دیران,1398,1399,fold2_validation,2020-04-18,2020-04-15,RNG0029,True,True,152674184675.0,8410264.0,4032.0,18153.0,OK,2019-04-15,2019-04-15,RNG0029,True,True,10665092604.0,4379527.0,626.0,2435.0,OK,2013-06-19,2020-04-17,2013-06-19,2020-04-15,2013-06-19,2020-04-15,241,12,12,222,222,True,True,True,,,OBSERVED_FROM_IMMUTABLE_BUNDLE_NO_LIVE_TSETMC_QUERY,False
main_rule_a_primary,رانفور,1398,1399,fold2_validation,2020-07-19,2020-07-18,RNG0030,True,True,267391702890.0,6144740.0,3245.0,43520.0,OK,2019-07-18,2019-07-20,RNG0030,True,True,9181958405.0,687070.0,414.0,13336.0,OK,2013-06-19,2020-07-18,2013-06-19,2020-07-18,2013-06-19,2020-07-18,240,4,4,232,232,True,True,True,,,OBSERVED_FROM_IMMUTABLE_BUNDLE_NO_LIVE_TSETMC_QUERY,False
main_rule_a_primary,رمپنا,1398,1399,fold2_validation,2019-08-22,2019-08-21,RNG0031,True,False,0.0,0.0,0.0,8180.0,ADJUSTED_CLOSE_UNRESOLVED,2018-08-21,2018-08-21,RNG0031,True,True,236418677760.0,61567364.0,1729.0,3840.0,OK,2017-07-22,2019-08-21,2017-07-22,2019-08-21,2017-08-26,2019-08-19,242,18,18,217,217,False,True,True,ZERO_TRADE_ENDPOINT_REQUIRES_TRADING_DAY_SEMANTICS_ADJUDICATION,,OBSERVED_FROM_IMMUTABLE_BUNDLE_NO_LIVE_TSETMC_QUERY,False
main_rule_a_primary,زمگسا,1398,1399,fold2_validation,2020-07-19,2020-07-18,RNG0032,True,True,66435679550.0,1160546.0,869.0,57250.0,OK,2019-07-18,2019-07-20,RNG0032,True,True,5026277986.0,712369.0,305.0,7056.0,OK,2013-06-19,2020-07-18,2013-06-19,2020-07-18,2013-06-19,2020-07-18,240,9,9,225,225,True,True,True,,,OBSERVED_FROM_IMMUTABLE_BUNDLE_NO_LIVE_TSETMC_QUERY,False
main_rule_a_primary,زپارس,1398,1399,fold2_validation,2020-04-18,2020-04-15,RNG0033,True,False,0.0,0.0,0.0,55730.0,ADJUSTED_CLOSE_UNRESOLVED,2019-04-15,2019-04-15,RNG0033,True,True,20262871513.0,1978267.0,669.0,10243.0,OK,2018-03-19,2020-04-17,2018-05-05,2020-04-15,2018-10-17,2020-04-14,241,9,9,229,229,False,True,True,ZERO_TRADE_ENDPOINT_REQUIRES_TRADING_DAY_SEMANTICS_ADJUDICATION,,OBSERVED_FROM_IMMUTABLE_BUNDLE_NO_LIVE_TSETMC_QUERY,True
main_rule_a_primary,ساراب,1398,1399,fold2_validation,2020-07-19,2020-07-18,RNG0034,True,True,20433415590.0,826929.0,397.0,24000.0,OK,2019-07-18,2019-07-20,RNG0034,True,False,0.0,0.0,0.0,3451.0,ADJUSTED_CLOSE_UNRESOLVED,2013-06-19,2020-07-18,2013-06-19,2020-07-18,2013-06-19,2020-07-18,240,4,4,233,233,False,True,True,ZERO_TRADE_ENDPOINT_REQUIRES_TRADING_DAY_SEMANTICS_ADJUDICATION,,OBSERVED_FROM_IMMUTABLE_BUNDLE_NO_LIVE_TSETMC_QUERY,False
main_rule_a_primary,ساربیل,1398,1399,fold2_validation,2020-04-18,2020-04-15,RNG0035,True,True,39172483024.0,1031753.0,1521.0,37865.0,OK,2019-04-15,2019-04-15,RNG0035,True,True,9488708439.0,665474.0,170.0,14259.0,OK,2014-03-19,2020-04-17,2014-03-19,2020-04-15,2014-03-19,2020-04-15,241,5,5,233,233,True,True,True,,,OBSERVED_FROM_IMMUTABLE_BUNDLE_NO_LIVE_TSETMC_QUERY,False
main_rule_a_primary,ساروم,1398,1399,fold2_validation,2020-07-19,2020-07-18,RNG0036,True,True,86953162200.0,2354540.0,740.0,36930.0,OK,2019-07-18,2019-07-20,RNG0036,True,True,5326795049.0,1237640.0,353.0,4304.0,OK,2014-06-19,2020-07-18,2014-06-21,2020-07-18,2014-06-21,2020-07-18,240,10,10,225,225,True,True,True,,,OBSERVED_FROM_IMMUTABLE_BUNDLE_NO_LIVE_TSETMC_QUERY,False
main_rule_a_primary,سبجنو,1398,1399,fold2_validation,2020-07-19,2020-07-18,RNG0037,True,True,10804188360.0,239667.0,233.0,43380.0,OK,2019-07-18,2019-07-20,RNG0037,True,True,2536139709.0,250589.0,157.0,10121.0,OK,2014-06-19,2020-07-18,2014-06-21,2020-07-18,2014-06-21,2020-07-18,240,7,7,229,229,True,True,True,,,OBSERVED_FROM_IMMUTABLE_BUNDLE_NO_LIVE_TSETMC_QUERY,False
main_rule_a_primary,سبهان,1398,1399,fold2_validation,2020-07-19,2020-07-18,RNG0038,True,True,17800486520.0,263204.0,329.0,65500.0,OK,2019-07-18,2019-07-20,RNG0038,True,True,3625346054.0,224074.0,302.0,16179.0,OK,2013-06-19,2020-07-18,2013-06-19,2020-07-18,2013-06-19,2020-07-18,240,12,12,222,222,True,True,True,,,OBSERVED_FROM_IMMUTABLE_BUNDLE_NO_LIVE_TSETMC_QUERY,False
main_rule_a_primary,ستران,1398,1399,fold2_validation,2020-07-19,2020-07-18,RNG0039,True,True,42666200500.0,682550.0,931.0,61950.0,OK,2019-07-18,2019-07-20,RNG0039,True,True,42449949733.0,5301307.0,1461.0,8007.0,OK,2014-06-19,2020-07-18,2014-06-21,2020-07-18,2014-06-21,2020-07-18,240,13,13,220,220,True,True,True,,,OBSERVED_FROM_IMMUTABLE_BUNDLE_NO_LIVE_TSETMC_QUERY,False
main_rule_a_primary,سخاش,1398,1399,fold2_validation,2020-07-19,2020-07-18,RNG0040,True,True,12445937280.0,132291.0,257.0,90660.0,OK,2019-07-18,2019-07-20,RNG0040,True,True,294298846.0,16228.0,40.0,18744.0,OK,2014-06-19,2020-07-18,2014-06-21,2020-07-18,2014-06-21,2020-07-18,240,10,10,225,225,True,True,True,,,OBSERVED_FROM_IMMUTABLE_BUNDLE_NO_LIVE_TSETMC_QUERY,False
main_rule_a_primary,سخزر,1398,1399,fold2_validation,2020-07-19,2020-07-18,RNG0041,True,True,230778892960.0,3706696.0,842.0,62260.0,OK,2019-07-18,2019-07-20,RNG0041,True,True,2065052964.0,556647.0,151.0,3710.0,OK,2013-06-19,2020-07-18,2013-06-19,2020-07-18,2013-06-19,2020-07-18,240,7,7,230,230,True,True,True,,,OBSERVED_FROM_IMMUTABLE_BUNDLE_NO_LIVE_TSETMC_QUERY,False
main_rule_a_primary,سخوز,1398,1399,fold2_validation,2020-07-19,2020-07-18,RNG0042,True,True,303481288600.0,11409071.0,1924.0,26600.0,OK,2019-07-18,2019-07-20,RNG0042,True,True,6839501274.0,1613854.0,291.0,4238.0,OK,2015-06-18,2020-07-18,2015-06-20,2020-07-18,2015-06-20,2020-07-18,240,7,7,229,229,True,True,True,,,OBSERVED_FROM_IMMUTABLE_BUNDLE_NO_LIVE_TSETMC_QUERY,False
main_rule_a_primary,سدشت,1398,1399,fold2_validation,2020-01-20,2020-01-19,RNG0043,True,True,5017245990.0,253230.0,37.0,19376.0,OK,2019-01-19,2019-01-19,RNG0043,True,True,7371000.0,3000.0,2.0,2585.0,OK,2012-12-20,2020-01-19,2012-12-22,2020-01-19,2012-12-23,2020-01-19,240,11,11,222,222,True,True,True,,,OBSERVED_FROM_IMMUTABLE_BUNDLE_NO_LIVE_TSETMC_QUERY,False
main_rule_a_primary,سدور,1398,1399,fold2_validation,2020-07-19,2020-07-18,RNG0044,True,True,36076485480.0,2678284.0,551.0,13270.0,OK,2019-07-18,2019-07-20,RNG0044,True,True,10331453543.0,5216020.0,942.0,1981.0,OK,2013-06-19,2020-07-18,2013-06-19,2020-07-18,2013-06-19,2020-07-18,240,7,7,229,229,True,True,True,,,OBSERVED_FROM_IMMUTABLE_BUNDLE_NO_LIVE_TSETMC_QUERY,False
main_rule_a_primary,سرود,1398,1399,fold2_validation,2020-07-19,2020-07-18,RNG0045,True,True,51025103220.0,2236962.0,484.0,22780.0,OK,2019-07-18,2019-07-20,RNG0045,True,True,3311638121.0,1066763.0,122.0,3104.0,OK,2013-06-19,2020-07-18,2013-06-19,2020-07-18,2013-06-19,2020-07-18,240,7,7,229,229,True,True,True,,,OBSERVED_FROM_IMMUTABLE_BUNDLE_NO_LIVE_TSETMC_QUERY,False
main_rule_a_primary,سشرق,1398,1399,fold2_validation,2020-01-20,2020-01-19,RNG0046,True,True,52201472800.0,14860042.0,1895.0,3513.0,OK,2019-01-19,2019-01-19,RNG0046,True,True,36674188317.0,35220898.0,1799.0,1041.0,OK,2012-12-20,2020-01-19,2012-12-22,2020-01-19,2012-12-22,2020-01-19,240,8,8,227,227,True,True,True,,,OBSERVED_FROM_IMMUTABLE_BUNDLE_NO_LIVE_TSETMC_QUERY,False
main_rule_a_primary,سصفها,1398,1399,fold2_validation,2020-07-19,2020-07-18,RNG0047,True,True,155955919950.0,1086176.0,1553.0,143580.0,OK,2019-07-18,2019-07-20,RNG0047,True,False,0.0,0.0,0.0,12680.0,ADJUSTED_CLOSE_UNRESOLVED,2014-06-19,2020-07-18,2014-06-21,2020-07-18,2014-06-21,2020-07-18,240,12,12,223,223,False,True,True,ZERO_TRADE_ENDPOINT_REQUIRES_TRADING_DAY_SEMANTICS_ADJUDICATION,,OBSERVED_FROM_IMMUTABLE_BUNDLE_NO_LIVE_TSETMC_QUERY,False
main_rule_a_primary,سغرب,1398,1399,fold2_validation,2020-07-19,2020-07-18,RNG0048,True,True,18527199600.0,628680.0,314.0,28560.0,OK,2019-07-18,2019-07-20,RNG0048,True,True,874343360.0,180533.0,101.0,4841.0,OK,2014-06-19,2020-07-18,2014-06-21,2020-07-18,2014-06-21,2020-07-18,240,6,6,231,231,True,True,True,,,OBSERVED_FROM_IMMUTABLE_BUNDLE_NO_LIVE_TSETMC_QUERY,False
main_rule_a_primary,سقاین,1398,1399,fold2_validation,2020-07-19,2020-07-18,RNG0049,True,True,24246295620.0,411582.0,388.0,57400.0,OK,2019-07-18,2019-07-20,RNG0049,True,True,2043291650.0,117421.0,294.0,17401.0,OK,2013-06-19,2020-07-18,2013-06-19,2020-07-18,2013-07-01,2020-07-18,240,7,7,229,229,True,True,True,,,OBSERVED_FROM_IMMUTABLE_BUNDLE_NO_LIVE_TSETMC_QUERY,False
main_rule_a_primary,سمازن,1398,1399,fold2_validation,2020-04-18,2020-04-15,RNG0050,True,False,0.0,0.0,0.0,10860.0,ADJUSTED_CLOSE_UNRESOLVED,2019-04-15,2019-04-15,RNG0050,True,False,0.0,0.0,0.0,2800.0,ADJUSTED_CLOSE_UNRESOLVED,2013-06-19,2020-04-17,2013-06-19,2020-04-15,2013-06-19,2020-04-14,241,6,6,232,232,False,True,True,ZERO_TRADE_ENDPOINT_REQUIRES_TRADING_DAY_SEMANTICS_ADJUDICATION,ZERO_TRADE_ENDPOINT_REQUIRES_TRADING_DAY_SEMANTICS_ADJUDICATION,OBSERVED_FROM_IMMUTABLE_BUNDLE_NO_LIVE_TSETMC_QUERY,False
main_rule_a_primary,سنیر,1398,1399,fold2_validation,2020-07-19,2020-07-18,RNG0051,True,True,26636180100.0,380304.0,521.0,68400.0,OK,2019-07-18,2019-07-20,RNG0051,True,True,19085273524.0,680618.0,671.0,28041.0,OK,2014-06-19,2020-07-18,2014-06-21,2020-07-18,2014-06-25,2020-07-18,240,6,6,231,231,True,True,True,,,OBSERVED_FROM_IMMUTABLE_BUNDLE_NO_LIVE_TSETMC_QUERY,False
main_rule_a_primary,سهگمت,1398,1399,fold2_validation,2020-05-19,2020-05-18,RNG0052,True,True,49275377461.0,1717252.0,422.0,28694.0,OK,2019-05-18,2019-05-18,RNG0052,True,False,0.0,0.0,0.0,4020.0,ADJUSTED_CLOSE_UNRESOLVED,2013-04-19,2020-05-18,2013-04-20,2020-05-18,2013-04-20,2020-05-18,242,10,10,227,227,False,True,True,ZERO_TRADE_ENDPOINT_REQUIRES_TRADING_DAY_SEMANTICS_ADJUDICATION,,OBSERVED_FROM_IMMUTABLE_BUNDLE_NO_LIVE_TSETMC_QUERY,False
main_rule_a_primary,سپاها,1398,1399,fold2_validation,2020-01-20,2020-01-19,RNG0053,True,True,45413318353.0,12423187.0,1200.0,3656.0,OK,2019-01-19,2019-01-19,RNG0053,True,True,19060556593.0,17204708.0,1248.0,1108.0,OK,2012-12-20,2020-01-19,2012-12-22,2020-01-19,2012-12-22,2020-01-19,240,3,3,235,235,True,True,True,,,OBSERVED_FROM_IMMUTABLE_BUNDLE_NO_LIVE_TSETMC_QUERY,False
main_rule_a_primary,سکرد,1398,1399,fold2_validation,2020-01-20,2020-01-19,RNG0054,True,True,18840362708.0,4630932.0,739.0,4068.0,OK,2019-01-19,2019-01-19,RNG0054,True,True,3122205018.0,2854800.0,261.0,1094.0,OK,2012-12-20,2020-01-19,2012-12-22,2020-01-19,2012-12-22,2020-01-19,240,12,12,222,222,True,True,True,,,OBSERVED_FROM_IMMUTABLE_BUNDLE_NO_LIVE_TSETMC_QUERY,False
main_rule_a_primary,سیلام,1398,1399,fold2_validation,2020-05-19,2020-05-18,RNG0055,True,True,28190683574.0,2201795.0,1136.0,12754.0,OK,2019-05-18,2019-05-18,RNG0055,True,True,8012145637.0,1222155.0,233.0,6556.0,OK,2013-04-19,2020-05-18,2013-04-20,2020-05-18,2013-04-20,2020-05-18,242,10,10,228,228,True,True,True,,,OBSERVED_FROM_IMMUTABLE_BUNDLE_NO_LIVE_TSETMC_QUERY,False
main_rule_a_primary,شاراک,1398,1399,fold2_validation,2020-07-19,2020-07-18,RNG0056,True,True,364951677590.0,12014002.0,6646.0,30380.0,OK,2019-07-18,2019-07-20,RNG0056,True,True,52145258237.0,7454082.0,1491.0,6996.0,OK,2014-06-19,2020-07-18,2014-06-21,2020-07-18,2014-06-21,2020-07-18,240,6,6,231,231,True,True,True,,,OBSERVED_FROM_IMMUTABLE_BUNDLE_NO_LIVE_TSETMC_QUERY,False
main_rule_a_primary,شبریز,1398,1399,fold2_validation,2020-07-19,2020-07-18,RNG0057,True,True,745358445160.0,14460078.0,4072.0,51550.0,OK,2019-07-18,2019-07-20,RNG0057,True,True,21520741461.0,865130.0,635.0,24876.0,OK,2014-06-19,2020-07-18,2014-06-21,2020-07-18,2014-06-21,2020-07-18,240,16,16,217,217,True,True,True,,,OBSERVED_FROM_IMMUTABLE_BUNDLE_NO_LIVE_TSETMC_QUERY,False
main_rule_a_primary,شبندر,1398,1399,fold2_validation,2020-07-19,2020-07-18,RNG0058,True,True,1084228763920.0,21624028.0,27557.0,50140.0,OK,2019-07-18,2019-07-20,RNG0058,True,False,0.0,0.0,0.0,14941.0,ADJUSTED_CLOSE_UNRESOLVED,2014-06-19,2020-07-18,2014-06-21,2020-07-18,2014-06-21,2020-07-18,240,13,13,221,221,False,True,True,ZERO_TRADE_ENDPOINT_REQUIRES_TRADING_DAY_SEMANTICS_ADJUDICATION,,OBSERVED_FROM_IMMUTABLE_BUNDLE_NO_LIVE_TSETMC_QUERY,False
main_rule_a_primary,شدوص,1398,1399,fold2_validation,2020-07-19,2020-07-18,RNG0059,True,True,96516072830.0,3108700.0,1903.0,31050.0,OK,2019-07-18,2019-07-20,RNG0059,True,True,6988444536.0,1376038.0,404.0,5079.0,OK,2014-06-19,2020-07-18,2014-06-21,2020-07-18,2014-06-21,2020-07-18,240,9,9,227,227,True,True,True,,,OBSERVED_FROM_IMMUTABLE_BUNDLE_NO_LIVE_TSETMC_QUERY,False
main_rule_a_primary,شفارس,1398,1399,fold2_validation,2020-07-19,2020-07-18,RNG0060,True,True,75071929880.0,1707226.0,830.0,43970.0,OK,2019-07-18,2019-07-20,RNG0060,True,True,7017848408.0,1529257.0,409.0,4589.0,OK,2014-06-19,2020-07-18,2014-06-21,2020-07-18,2014-06-21,2020-07-18,240,4,4,233,233,True,True,True,,,OBSERVED_FROM_IMMUTABLE_BUNDLE_NO_LIVE_TSETMC_QUERY,False
main_rule_a_primary,شلعاب,1398,1399,fold2_validation,2020-07-19,2020-07-18,RNG0061,True,True,37536058910.0,742847.0,756.0,49850.0,OK,2019-07-18,2019-07-20,RNG0061,True,False,0.0,0.0,0.0,4494.0,ADJUSTED_CLOSE_UNRESOLVED,2014-06-19,2020-07-18,2014-06-21,2020-07-18,2014-06-21,2020-07-18,240,16,16,217,217,False,True,True,ZERO_TRADE_ENDPOINT_REQUIRES_TRADING_DAY_SEMANTICS_ADJUDICATION,,OBSERVED_FROM_IMMUTABLE_BUNDLE_NO_LIVE_TSETMC_QUERY,False
main_rule_a_primary,شپارس,1398,1399,fold2_validation,2020-01-20,2020-01-19,RNG0062,True,True,32828043704.0,2428814.0,882.0,13516.0,OK,2019-01-19,2019-01-19,RNG0062,True,True,4835961930.0,1517291.0,334.0,3187.0,OK,2013-12-20,2020-01-19,2013-12-21,2020-01-19,2013-12-21,2020-01-19,240,7,7,230,230,True,True,True,,,OBSERVED_FROM_IMMUTABLE_BUNDLE_NO_LIVE_TSETMC_QUERY,False
main_rule_a_primary,شپنا,1398,1399,fold2_validation,2020-07-19,2020-07-18,RNG0063,True,False,0.0,0.0,0.0,37620.0,ADJUSTED_CLOSE_UNRESOLVED,2019-07-18,2019-07-20,RNG0063,True,False,0.0,0.0,0.0,10915.0,ADJUSTED_CLOSE_UNRESOLVED,2014-06-19,2020-07-18,2014-06-21,2020-07-18,2015-03-17,2020-07-15,240,11,11,224,224,False,True,True,ZERO_TRADE_ENDPOINT_REQUIRES_TRADING_DAY_SEMANTICS_ADJUDICATION,ZERO_TRADE_ENDPOINT_REQUIRES_TRADING_DAY_SEMANTICS_ADJUDICATION,OBSERVED_FROM_IMMUTABLE_BUNDLE_NO_LIVE_TSETMC_QUERY,False
main_rule_a_primary,شکربن,1398,1399,fold2_validation,2020-07-19,2020-07-18,RNG0064,True,True,173135825620.0,1517514.0,1914.0,114090.0,OK,2019-07-18,2019-07-20,RNG0064,True,True,28465630360.0,1515722.0,949.0,18780.0,OK,2014-06-19,2020-07-18,2014-06-21,2020-07-18,2014-06-21,2020-07-18,240,7,7,229,229,True,True,True,,,OBSERVED_FROM_IMMUTABLE_BUNDLE_NO_LIVE_TSETMC_QUERY,False
main_rule_a_primary,شکلر,1398,1399,fold2_validation,2019-12-21,2019-12-18,RNG0066,True,True,144958564649.0,7443128.0,1784.0,19475.0,OK,2018-12-18,2018-12-18,RNG0066,True,True,2695219294.0,521730.0,103.0,5166.0,OK,2013-12-20,2019-12-20,2013-12-21,2019-12-18,2013-12-21,2019-12-18,241,6,6,231,231,True,True,True,,,OBSERVED_FROM_IMMUTABLE_BUNDLE_NO_LIVE_TSETMC_QUERY,False
main_rule_a_primary,شیران,1398,1399,fold2_validation,2020-04-18,2020-04-15,RNG0067,True,True,523599261580.0,31976745.0,4610.0,16374.0,OK,2019-04-15,2019-04-15,RNG0067,True,True,147622834289.0,23088078.0,1586.0,6394.0,OK,2014-03-19,2020-04-17,2014-03-19,2020-04-15,2014-03-19,2020-04-15,241,15,15,220,220,True,True,True,,,OBSERVED_FROM_IMMUTABLE_BUNDLE_NO_LIVE_TSETMC_QUERY,False
main_rule_a_primary,غبهنوش,1398,1399,fold2_validation,2020-07-19,2020-07-18,RNG0068,True,True,64164054500.0,587314.0,534.0,109250.0,OK,2019-07-18,2019-07-20,RNG0068,True,False,0.0,0.0,0.0,12719.0,ADJUSTED_CLOSE_UNRESOLVED,2013-06-19,2020-07-18,2013-06-19,2020-07-18,2013-06-19,2020-07-18,240,13,13,222,222,False,True,True,ZERO_TRADE_ENDPOINT_REQUIRES_TRADING_DAY_SEMANTICS_ADJUDICATION,,OBSERVED_FROM_IMMUTABLE_BUNDLE_NO_LIVE_TSETMC_QUERY,False
main_rule_a_primary,غدام,1398,1399,fold2_validation,2020-04-18,2020-04-15,RNG0069,True,True,23420294848.0,345043.0,677.0,67245.0,OK,2019-04-15,2019-04-15,RNG0069,True,True,78611364.0,3068.0,4.0,24559.0,OK,2013-03-19,2020-04-17,2013-03-25,2020-04-15,2013-03-26,2020-04-15,241,1,1,238,238,True,True,True,,,OBSERVED_FROM_IMMUTABLE_BUNDLE_NO_LIVE_TSETMC_QUERY,False
main_rule_a_primary,غسالم,1398,1399,fold2_validation,2020-07-19,2020-07-18,RNG0070,True,True,180257928480.0,17882731.0,3476.0,10080.0,OK,2019-07-18,2019-07-20,RNG0070,True,True,432321965.0,21539.0,50.0,20072.0,OK,2013-06-19,2020-07-18,2013-06-19,2020-07-18,2013-06-19,2020-07-18,240,20,20,216,216,True,True,True,,,OBSERVED_FROM_IMMUTABLE_BUNDLE_NO_LIVE_TSETMC_QUERY,False
main_rule_a_primary,غشان,1398,1399,fold2_validation,2020-07-19,2020-07-18,RNG0071,True,True,113229784190.0,1222739.0,2582.0,92600.0,OK,2019-07-18,2019-07-20,RNG0071,True,True,25136888835.0,1974031.0,591.0,12734.0,OK,2013-06-19,2020-07-18,2013-06-19,2020-07-18,2013-06-19,2020-07-18,240,14,14,218,218,True,True,True,,,OBSERVED_FROM_IMMUTABLE_BUNDLE_NO_LIVE_TSETMC_QUERY,False
main_rule_a_primary,غشهد,1398,1399,fold2_validation,2020-07-19,2020-07-18,RNG0072,True,True,53661885480.0,4056076.0,1162.0,13230.0,OK,2019-07-18,2019-07-20,RNG0072,True,True,13264070360.0,1152216.0,574.0,11512.0,OK,2013-06-19,2020-07-18,2013-06-19,2020-07-18,2013-06-23,2020-07-18,240,27,27,207,207,True,True,True,,,OBSERVED_FROM_IMMUTABLE_BUNDLE_NO_LIVE_TSETMC_QUERY,False
main_rule_a_primary,غنوش,1398,1399,fold2_validation,2020-07-19,2020-07-18,RNG0073,True,True,2012705100420.0,22609124.0,14358.0,89020.0,OK,2019-07-18,2019-07-20,RNG0073,True,True,527312202.0,134142.0,10.0,3931.0,OK,2013-06-19,2020-07-18,2013-06-19,2020-07-18,2013-07-06,2020-07-18,240,83,83,142,142,True,True,True,,,OBSERVED_FROM_IMMUTABLE_BUNDLE_NO_LIVE_TSETMC_QUERY,False
main_rule_a_primary,غگل,1398,1399,fold2_validation,2020-01-20,2020-01-19,RNG0074,True,False,0.0,0.0,0.0,62396.0,ADJUSTED_CLOSE_UNRESOLVED,2019-01-19,2019-01-19,RNG0074,True,False,0.0,0.0,0.0,11121.0,ADJUSTED_CLOSE_UNRESOLVED,2012-12-20,2020-01-19,2012-12-22,2020-01-19,2012-12-23,2020-01-15,240,9,9,228,228,False,True,True,ZERO_TRADE_ENDPOINT_REQUIRES_TRADING_DAY_SEMANTICS_ADJUDICATION,ZERO_TRADE_ENDPOINT_REQUIRES_TRADING_DAY_SEMANTICS_ADJUDICATION,OBSERVED_FROM_IMMUTABLE_BUNDLE_NO_LIVE_TSETMC_QUERY,False
main_rule_a_primary,فاذر,1398,1399,fold2_validation,2020-07-19,2020-07-18,RNG0075,True,False,0.0,0.0,0.0,36860.0,ADJUSTED_CLOSE_UNRESOLVED,2019-07-18,2019-07-20,RNG0075,True,False,0.0,0.0,0.0,4032.0,ADJUSTED_CLOSE_UNRESOLVED,2014-06-19,2020-07-18,2014-06-21,2020-07-18,2014-06-30,2020-07-12,240,22,22,212,212,False,True,True,ZERO_TRADE_ENDPOINT_REQUIRES_TRADING_DAY_SEMANTICS_ADJUDICATION,ZERO_TRADE_ENDPOINT_REQUIRES_TRADING_DAY_SEMANTICS_ADJUDICATION,OBSERVED_FROM_IMMUTABLE_BUNDLE_NO_LIVE_TSETMC_QUERY,False
main_rule_a_primary,فایرا,1398,1399,fold2_validation,2020-07-19,2020-07-18,RNG0076,True,True,182777967540.0,6862459.0,3829.0,26630.0,OK,2019-07-18,2019-07-20,RNG0076,True,True,8468169585.0,1630305.0,485.0,5181.0,OK,2014-06-19,2020-07-18,2014-06-21,2020-07-18,2014-08-03,2020-07-18,240,13,13,223,223,True,True,True,,,OBSERVED_FROM_IMMUTABLE_BUNDLE_NO_LIVE_TSETMC_QUERY,False
main_rule_a_primary,فباهنر,1398,1399,fold2_validation,2020-07-19,2020-07-18,RNG0077,True,True,320377636940.0,4656192.0,5105.0,68810.0,OK,2019-07-18,2019-07-20,RNG0077,True,True,35042031526.0,4114518.0,1495.0,8517.0,OK,2014-06-19,2020-07-18,2014-06-21,2020-07-18,2014-06-24,2020-07-18,240,25,25,206,206,True,True,True,,,OBSERVED_FROM_IMMUTABLE_BUNDLE_NO_LIVE_TSETMC_QUERY,False
main_rule_a_primary,فجام,1398,1399,fold2_validation,2020-07-19,2020-07-18,RNG0078,True,False,0.0,0.0,0.0,69210.0,ADJUSTED_CLOSE_UNRESOLVED,2019-07-18,2019-07-20,RNG0078,True,True,12994887757.0,738759.0,420.0,17590.0,OK,2014-06-19,2020-07-18,2014-06-21,2020-07-18,2014-06-21,2020-07-14,240,6,6,231,231,False,True,True,ZERO_TRADE_ENDPOINT_REQUIRES_TRADING_DAY_SEMANTICS_ADJUDICATION,,OBSERVED_FROM_IMMUTABLE_BUNDLE_NO_LIVE_TSETMC_QUERY,False
main_rule_a_primary,فجر,1398,1399,fold2_validation,2020-07-19,2020-07-18,RNG0079,True,True,95848325180.0,1873239.0,1381.0,51170.0,OK,2019-07-18,2019-07-20,RNG0079,True,True,4066263070.0,275543.0,112.0,14755.0,OK,2014-06-19,2020-07-18,2014-06-21,2020-07-18,2014-06-23,2020-07-18,240,6,6,231,231,True,True,True,,,OBSERVED_FROM_IMMUTABLE_BUNDLE_NO_LIVE_TSETMC_QUERY,False
main_rule_a_primary,فخوز,1398,1399,fold2_validation,2020-07-19,2020-07-18,RNG0080,True,True,1159250404720.0,31048710.0,12136.0,37340.0,OK,2019-07-18,2019-07-20,RNG0080,True,True,16517954553.0,2102625.0,536.0,7856.0,OK,2014-06-19,2020-07-18,2014-06-21,2020-07-18,2014-06-21,2020-07-18,240,2,2,236,236,True,True,True,,,OBSERVED_FROM_IMMUTABLE_BUNDLE_NO_LIVE_TSETMC_QUERY,False
main_rule_a_primary,فرآور,1398,1399,fold2_validation,2020-07-19,2020-07-18,RNG0081,True,True,58617681100.0,2301675.0,1056.0,25470.0,OK,2019-07-18,2019-07-20,RNG0081,True,True,7731227740.0,223660.0,283.0,34567.0,OK,2014-06-19,2020-07-18,2014-06-21,2020-07-18,2014-06-21,2020-07-18,240,29,29,207,207,True,True,True,,,OBSERVED_FROM_IMMUTABLE_BUNDLE_NO_LIVE_TSETMC_QUERY,False
main_rule_a_primary,فسرب,1398,1399,fold2_validation,2020-07-19,2020-07-18,RNG0082,True,True,50664534810.0,268836.0,208.0,188380.0,OK,2019-07-18,2019-07-20,RNG0082,True,True,15133028499.0,863700.0,337.0,17521.0,OK,2014-06-19,2020-07-18,2014-06-21,2020-07-18,2014-06-21,2020-07-18,240,8,8,226,226,True,True,True,,,OBSERVED_FROM_IMMUTABLE_BUNDLE_NO_LIVE_TSETMC_QUERY,False
main_rule_a_primary,فسپا,1398,1399,fold2_validation,2020-07-19,2020-07-18,RNG0083,True,True,727070582940.0,10954273.0,5713.0,66370.0,OK,2019-07-18,2019-07-20,RNG0083,True,True,3016436405.0,382100.0,201.0,7894.0,OK,2014-06-19,2020-07-18,2014-06-21,2020-07-18,2014-06-21,2020-07-18,240,2,2,236,236,True,True,True,,,OBSERVED_FROM_IMMUTABLE_BUNDLE_NO_LIVE_TSETMC_QUERY,False
main_rule_a_primary,فمراد,1398,1399,fold2_validation,2020-07-19,2020-07-18,RNG0084,True,True,106044179320.0,997549.0,1607.0,106300.0,OK,2019-07-18,2019-07-20,RNG0084,True,True,3670852248.0,209547.0,265.0,17518.0,OK,2014-06-19,2020-07-18,2014-06-21,2020-07-18,2014-11-01,2020-07-18,240,12,12,221,221,True,True,True,,,OBSERVED_FROM_IMMUTABLE_BUNDLE_NO_LIVE_TSETMC_QUERY,False
main_rule_a_primary,فملی,1398,1399,fold2_validation,2020-07-19,2020-07-18,RNG0085,True,True,1868343111600.0,52778054.0,43532.0,35400.0,OK,2019-07-18,2019-07-20,RNG0085,True,True,99661512603.0,23993081.0,2040.0,4154.0,OK,2014-06-19,2020-07-18,2014-06-21,2020-07-18,2014-06-21,2020-07-18,240,8,8,227,227,True,True,True,,,OBSERVED_FROM_IMMUTABLE_BUNDLE_NO_LIVE_TSETMC_QUERY,False
main_rule_a_primary,فنورد,1398,1399,fold2_validation,2020-07-19,2020-07-18,RNG0086,True,True,2825116360.0,25204.0,29.0,107050.0,OK,2019-07-18,2019-07-20,RNG0086,True,True,526275260.0,28218.0,60.0,19075.0,OK,2014-06-19,2020-07-18,2014-06-21,2020-07-18,2014-06-21,2020-07-18,240,12,12,223,223,True,True,True,,,OBSERVED_FROM_IMMUTABLE_BUNDLE_NO_LIVE_TSETMC_QUERY,False
main_rule_a_primary,فولاژ,1398,1399,fold2_validation,2020-07-19,2020-07-18,RNG0087,True,False,0.0,0.0,0.0,37970.0,ADJUSTED_CLOSE_UNRESOLVED,2019-07-18,2019-07-20,RNG0087,True,False,0.0,0.0,0.0,6177.0,ADJUSTED_CLOSE_UNRESOLVED,2014-06-19,2020-07-18,2014-06-21,2020-07-18,2014-06-21,2020-07-15,240,11,11,226,226,False,True,True,ZERO_TRADE_ENDPOINT_REQUIRES_TRADING_DAY_SEMANTICS_ADJUDICATION,ZERO_TRADE_ENDPOINT_REQUIRES_TRADING_DAY_SEMANTICS_ADJUDICATION,OBSERVED_FROM_IMMUTABLE_BUNDLE_NO_LIVE_TSETMC_QUERY,False
main_rule_a_primary,فپنتا,1398,1399,fold2_validation,2020-07-19,2020-07-18,RNG0088,True,False,0.0,0.0,0.0,243200.0,ADJUSTED_CLOSE_UNRESOLVED,2019-07-18,2019-07-20,RNG0088,True,True,198372736.0,3445.0,23.0,59177.0,OK,2014-06-19,2020-07-18,2014-06-21,2020-07-18,2014-06-21,2020-07-14,240,3,3,235,235,False,True,True,ZERO_TRADE_ENDPOINT_REQUIRES_TRADING_DAY_SEMANTICS_ADJUDICATION,,OBSERVED_FROM_IMMUTABLE_BUNDLE_NO_LIVE_TSETMC_QUERY,False
main_rule_a_primary,لابسا,1398,1399,fold2_validation,2020-07-19,2020-07-18,RNG0089,True,True,58200517280.0,1172452.0,816.0,49640.0,OK,2019-07-18,2019-07-20,RNG0089,True,True,434101200.0,15600.0,29.0,29132.0,OK,2014-06-19,2020-07-18,2014-06-21,2020-07-18,2014-06-21,2020-07-18,240,1,1,237,237,True,True,True,,,OBSERVED_FROM_IMMUTABLE_BUNDLE_NO_LIVE_TSETMC_QUERY,False
main_rule_a_primary,لبوتان,1398,1399,fold2_validation,2020-07-19,2020-07-18,RNG0090,True,True,19577231400.0,186770.0,164.0,101690.0,OK,2019-07-18,2019-07-20,RNG0090,True,True,10830839283.0,586968.0,369.0,18452.0,OK,2014-06-19,2020-07-18,2014-06-21,2020-07-18,2014-07-02,2020-07-18,240,4,4,233,233,True,True,True,,,OBSERVED_FROM_IMMUTABLE_BUNDLE_NO_LIVE_TSETMC_QUERY,False
main_rule_a_primary,لخزر,1398,1399,fold2_validation,2020-07-19,2020-07-18,RNG0091,True,True,114289567550.0,577368.0,770.0,197950.0,OK,2019-07-18,2019-07-20,RNG0091,True,True,2341771270.0,88198.0,167.0,26551.0,OK,2014-06-19,2020-07-18,2014-06-21,2020-07-18,2014-06-21,2020-07-18,240,30,30,205,205,True,True,True,,,OBSERVED_FROM_IMMUTABLE_BUNDLE_NO_LIVE_TSETMC_QUERY,False
main_rule_a_primary,لسرما,1398,1399,fold2_validation,2020-07-19,2020-07-18,RNG0092,True,True,111573126720.0,3576817.0,2036.0,31190.0,OK,2019-07-18,2019-07-20,RNG0092,True,False,0.0,0.0,0.0,5516.0,ADJUSTED_CLOSE_UNRESOLVED,2014-06-19,2020-07-18,2014-06-21,2020-07-18,2014-07-08,2020-07-18,240,8,8,228,228,False,True,True,ZERO_TRADE_ENDPOINT_REQUIRES_TRADING_DAY_SEMANTICS_ADJUDICATION,,OBSERVED_FROM_IMMUTABLE_BUNDLE_NO_LIVE_TSETMC_QUERY,False
main_rule_a_primary,نوری,1398,1399,fold2_validation,2020-07-19,2020-07-18,RNG0093,True,True,400401302680.0,2288152.0,6800.0,174990.0,OK,2019-07-18,2019-07-20,RNG0093,True,True,1405251744850.0,37314859.0,95999.0,37659.0,OK,2019-06-18,2020-07-18,2019-06-18,2020-07-18,2019-07-13,2020-07-18,240,15,15,217,217,True,True,True,,,OBSERVED_FROM_IMMUTABLE_BUNDLE_NO_LIVE_TSETMC_QUERY,False
main_rule_a_primary,های وب,1398,1399,fold2_validation,2020-07-19,2020-07-18,RNG0094,True,True,297762387270.0,8885777.0,3616.0,33510.0,OK,2019-07-18,2019-07-20,RNG0094,True,False,0.0,0.0,0.0,6933.0,ADJUSTED_CLOSE_UNRESOLVED,2017-06-19,2020-07-18,2017-08-27,2020-07-18,2017-09-13,2020-07-18,240,13,13,224,224,False,True,True,ZERO_TRADE_ENDPOINT_REQUIRES_TRADING_DAY_SEMANTICS_ADJUDICATION,,OBSERVED_FROM_IMMUTABLE_BUNDLE_NO_LIVE_TSETMC_QUERY,True
main_rule_a_primary,همراه,1398,1399,fold2_validation,2020-07-19,2020-07-18,RNG0095,True,True,374501949850.0,8712407.0,3590.0,42980.0,OK,2019-07-18,2019-07-20,RNG0095,True,True,9049881913.0,810708.0,556.0,11156.0,OK,2015-06-18,2020-07-18,2015-06-20,2020-07-18,2015-06-20,2020-07-18,240,4,4,233,233,True,True,True,,,OBSERVED_FROM_IMMUTABLE_BUNDLE_NO_LIVE_TSETMC_QUERY,False
main_rule_a_primary,پارس,1398,1399,fold2_validation,2020-07-19,2020-07-18,RNG0096,True,True,239115727660.0,1499154.0,3159.0,159500.0,OK,2019-07-18,2019-07-20,RNG0096,True,False,0.0,0.0,0.0,40006.0,ADJUSTED_CLOSE_UNRESOLVED,2018-06-19,2020-07-18,2018-07-07,2020-07-18,2018-07-11,2020-07-18,240,8,8,228,228,False,True,True,ZERO_TRADE_ENDPOINT_REQUIRES_TRADING_DAY_SEMANTICS_ADJUDICATION,,OBSERVED_FROM_IMMUTABLE_BUNDLE_NO_LIVE_TSETMC_QUERY,True
main_rule_a_primary,پدرخش,1398,1399,fold2_validation,2020-07-19,2020-07-18,RNG0097,True,True,95197350320.0,603273.0,613.0,157800.0,OK,2019-07-18,2019-07-20,RNG0097,True,True,3796130658.0,95875.0,163.0,39595.0,OK,2014-06-19,2020-07-18,2014-06-21,2020-07-18,2014-06-30,2020-07-18,240,9,9,226,226,True,True,True,,,OBSERVED_FROM_IMMUTABLE_BUNDLE_NO_LIVE_TSETMC_QUERY,False
main_rule_a_primary,پرداخت,1398,1399,fold2_validation,2020-07-19,2020-07-18,RNG0098,True,True,53685316720.0,1146562.0,1052.0,46820.0,OK,2019-07-18,2019-07-20,RNG0098,True,True,11406598251.0,717351.0,191.0,15901.0,OK,2017-06-19,2020-07-18,2017-06-19,2020-07-18,2017-07-18,2020-07-18,240,3,3,235,235,True,True,True,,,OBSERVED_FROM_IMMUTABLE_BUNDLE_NO_LIVE_TSETMC_QUERY,False
main_rule_a_primary,پسهند,1398,1399,fold2_validation,2020-07-19,2020-07-18,RNG0099,True,True,124013841820.0,1849481.0,1366.0,67050.0,OK,2019-07-18,2019-07-20,RNG0099,True,True,6359823620.0,1055094.0,298.0,6028.0,OK,2014-06-19,2020-07-18,2014-06-21,2020-07-18,2014-06-21,2020-07-18,240,7,7,227,227,True,True,True,,,OBSERVED_FROM_IMMUTABLE_BUNDLE_NO_LIVE_TSETMC_QUERY,False
main_rule_a_primary,پلاسک,1398,1399,fold2_validation,2020-07-19,2020-07-18,RNG0100,True,True,31236440400.0,2346840.0,461.0,13050.0,OK,2019-07-18,2019-07-20,RNG0100,True,True,7682740689.0,4246499.0,543.0,1809.0,OK,2014-06-19,2020-07-18,2014-06-21,2020-07-18,2014-06-21,2020-07-18,240,7,7,229,229,True,True,True,,,OBSERVED_FROM_IMMUTABLE_BUNDLE_NO_LIVE_TSETMC_QUERY,False
main_rule_a_primary,چافست,1398,1399,fold2_validation,2020-01-20,2020-01-19,RNG0101,True,False,0.0,0.0,0.0,13903.0,ADJUSTED_CLOSE_UNRESOLVED,2019-01-19,2019-01-19,RNG0101,True,False,0.0,0.0,0.0,5617.0,ADJUSTED_CLOSE_UNRESOLVED,2013-12-20,2020-01-19,2013-12-21,2020-01-19,2013-12-28,2020-01-15,240,14,14,220,220,False,True,True,ZERO_TRADE_ENDPOINT_REQUIRES_TRADING_DAY_SEMANTICS_ADJUDICATION,ZERO_TRADE_ENDPOINT_REQUIRES_TRADING_DAY_SEMANTICS_ADJUDICATION,OBSERVED_FROM_IMMUTABLE_BUNDLE_NO_LIVE_TSETMC_QUERY,False
main_rule_a_primary,چکارن,1398,1399,fold2_validation,2020-07-19,2020-07-18,RNG0102,True,True,530852622020.0,56827593.0,10322.0,9340.0,OK,2019-07-18,2019-07-20,RNG0102,True,False,0.0,0.0,0.0,39161.0,ADJUSTED_CLOSE_UNRESOLVED,2014-06-19,2020-07-18,2014-06-21,2020-07-18,2014-06-21,2020-07-18,240,41,41,195,195,False,True,True,ZERO_TRADE_ENDPOINT_REQUIRES_TRADING_DAY_SEMANTICS_ADJUDICATION,,OBSERVED_FROM_IMMUTABLE_BUNDLE_NO_LIVE_TSETMC_QUERY,False
main_rule_a_primary,کاوه,1398,1399,fold2_validation,2020-07-19,2020-07-18,RNG0103,True,False,0.0,0.0,0.0,20010.0,ADJUSTED_CLOSE_UNRESOLVED,2019-07-18,2019-07-20,RNG0103,True,False,0.0,0.0,0.0,4756.0,ADJUSTED_CLOSE_UNRESOLVED,2017-06-19,2020-07-18,2017-06-19,2020-07-18,2017-10-18,2020-07-13,240,20,20,216,216,False,True,True,ZERO_TRADE_ENDPOINT_REQUIRES_TRADING_DAY_SEMANTICS_ADJUDICATION,ZERO_TRADE_ENDPOINT_REQUIRES_TRADING_DAY_SEMANTICS_ADJUDICATION,OBSERVED_FROM_IMMUTABLE_BUNDLE_NO_LIVE_TSETMC_QUERY,False
main_rule_a_primary,کبافق,1398,1399,fold2_validation,2020-07-19,2020-07-18,RNG0104,True,True,136112515990.0,3069866.0,2789.0,44340.0,OK,2019-07-18,2019-07-20,RNG0104,True,True,14761558792.0,307713.0,445.0,47972.0,OK,2013-06-19,2020-07-18,2013-06-19,2020-07-18,2013-06-19,2020-07-18,240,29,29,206,206,True,True,True,,,OBSERVED_FROM_IMMUTABLE_BUNDLE_NO_LIVE_TSETMC_QUERY,False
main_rule_a_primary,کرازی,1398,1399,fold2_validation,2020-07-19,2020-07-18,RNG0105,True,True,315134452210.0,11647181.0,4562.0,27060.0,OK,2019-07-18,2019-07-20,RNG0105,True,True,8340300002.0,1454933.0,489.0,5732.0,OK,2013-06-19,2020-07-18,2013-06-19,2020-07-18,2013-06-19,2020-07-18,240,9,9,226,226,True,True,True,,,OBSERVED_FROM_IMMUTABLE_BUNDLE_NO_LIVE_TSETMC_QUERY,False
main_rule_a_primary,کفرا,1398,1399,fold2_validation,2020-07-19,2020-07-18,RNG0106,True,True,21883531900.0,335123.0,482.0,67150.0,OK,2019-07-18,2019-07-20,RNG0106,True,True,18111459328.0,1110897.0,569.0,16303.0,OK,2013-06-19,2020-07-18,2013-06-19,2020-07-18,2013-07-06,2020-07-18,240,20,20,215,215,True,True,True,,,OBSERVED_FROM_IMMUTABLE_BUNDLE_NO_LIVE_TSETMC_QUERY,False
main_rule_a_primary,کفپارس,1398,1399,fold2_validation,2020-04-18,2020-04-15,RNG0107,True,True,337787140478.0,2286091.0,5825.0,147758.0,OK,2019-04-15,2019-04-15,RNG0107,True,True,9041029295.0,1169178.0,211.0,7733.0,OK,2013-03-19,2020-04-17,2013-03-25,2020-04-15,2013-05-20,2020-04-15,241,22,22,209,209,True,True,True,,,OBSERVED_FROM_IMMUTABLE_BUNDLE_NO_LIVE_TSETMC_QUERY,False
main_rule_a_primary,کهمدا,1398,1399,fold2_validation,2019-10-22,2019-10-21,RNG0108,True,True,44773340286.0,6174980.0,1022.0,7251.0,OK,2018-10-21,2018-10-21,RNG0108,True,True,10308425294.0,3324544.0,626.0,3101.0,OK,2012-09-21,2019-10-21,2012-09-22,2019-10-21,2012-09-22,2019-10-21,241,2,2,237,237,True,True,True,,,OBSERVED_FROM_IMMUTABLE_BUNDLE_NO_LIVE_TSETMC_QUERY,False
main_rule_a_primary,کویر,1398,1399,fold2_validation,2020-07-19,2020-07-18,RNG0109,True,True,635029845480.0,12156428.0,8010.0,52240.0,OK,2019-07-18,2019-09-24,RNG0109,True,False,0.0,0.0,0.0,1000.0,ADJUSTED_CLOSE_UNRESOLVED,2019-06-18,2020-07-18,2019-09-24,2020-07-18,2019-10-09,2020-07-18,196,19,19,172,172,False,True,True,ZERO_TRADE_ENDPOINT_REQUIRES_TRADING_DAY_SEMANTICS_ADJUDICATION,,OBSERVED_FROM_IMMUTABLE_BUNDLE_NO_LIVE_TSETMC_QUERY,True
main_rule_a_primary,کگاز,1398,1399,fold2_validation,2020-07-19,2020-07-18,RNG0110,True,True,90637617600.0,1616220.0,1572.0,56080.0,OK,2019-07-18,2019-07-20,RNG0110,True,False,0.0,0.0,0.0,8218.0,ADJUSTED_CLOSE_UNRESOLVED,2013-06-19,2020-07-18,2013-06-19,2020-07-18,2013-06-19,2020-07-18,240,11,11,222,222,False,True,True,ZERO_TRADE_ENDPOINT_REQUIRES_TRADING_DAY_SEMANTICS_ADJUDICATION,,OBSERVED_FROM_IMMUTABLE_BUNDLE_NO_LIVE_TSETMC_QUERY,False
main_rule_a_primary,کگل,1398,1399,fold2_validation,2020-07-19,2020-07-18,RNG0111,True,True,562972067270.0,26161559.0,9500.0,21520.0,OK,2019-07-18,2019-07-20,RNG0111,True,True,38950438663.0,5361620.0,759.0,7265.0,OK,2013-06-19,2020-07-18,2013-06-19,2020-07-18,2013-06-19,2020-07-18,240,16,16,218,218,True,True,True,,,OBSERVED_FROM_IMMUTABLE_BUNDLE_NO_LIVE_TSETMC_QUERY,False
