ticker,fiscal_year_t,target_year,temporal_folds,pair_cutoff_date,window_start_calendar_date,window_first_trading_date,window_last_trading_date,t_star,window_trading_day_count,usable_daily_return_count,usable_amihud_day_count,missing_price_day_count,zero_traded_value_day_count,d2_start_trading_date,d2_end_trading_date,d2_effective_span_days,d2_status,equity_return_d2,d2_no_start_boundary_price,d2_no_end_boundary_price,d2_start_adjusted_close_is_zero,fewer_than_126_valid_returns,realized_volatility,amihud_illiquidity,equity_return_window_d0_historical,in_three_variable_common_sample,m2_value_status
بالبر,1393,1394,"fold1_train,fold2_train",2015-01-20,2014-01-19,2014-01-20,2015-01-19,2015-01-19,242,212,212,22,22,2014-01-27,2015-01-14,352,OBSERVED_COMPLETE,0.07917888563049846,False,False,False,False,0.02247766996273649,1.1044220952364758e-10,,True,OBSERVED_INCOMPLETE: adjusted_close missing at window start t0; adjusted_close missing at window end T*
بالبر,1394,1395,"fold1_train,fold2_train",2016-01-20,2015-01-19,2015-01-19,2016-01-19,2016-01-19,246,81,81,136,136,2015-01-26,2016-01-19,358,UNAVAILABLE: usable_daily_return_count=81 < 126,,False,False,False,True,,,,False,OBSERVED_INCOMPLETE: usable_daily_return_count=81 < 126; adjusted_close missing at window start t0; usable_amihud_day_count=81 < 126
بالبر,1395,1396,"fold1_validation,fold2_train",2017-01-19,2016-01-18,2016-01-18,2017-01-18,2017-01-18,246,215,215,25,25,2016-01-18,2017-01-15,363,OBSERVED_COMPLETE,0.855513307984791,False,False,False,False,0.02919276044782065,5.422999641157509e-11,,True,OBSERVED_INCOMPLETE: adjusted_close missing at window end T*
بالبر,1396,1397,"fold1_validation,fold2_train",2018-01-20,2017-01-17,2017-01-17,2018-01-17,2018-01-17,245,221,221,20,20,2017-01-29,2018-01-17,353,OBSERVED_COMPLETE,0.12785862785862778,False,False,False,False,0.02771462633736813,2.1463333288788253e-11,,True,OBSERVED_INCOMPLETE: adjusted_close missing at window start t0
بالبر,1397,1398,fold2_validation,2019-01-20,2018-01-19,2018-01-20,2019-01-19,2019-01-19,243,233,233,6,6,2018-01-20,2019-01-15,360,OBSERVED_COMPLETE,0.028414298808432603,False,False,False,False,0.026721148544740045,2.543370158349802e-11,,True,OBSERVED_INCOMPLETE: adjusted_close missing at window end T*
بالبر,1398,1399,fold2_validation,2020-01-20,2019-01-19,2019-01-19,2020-01-19,2020-01-19,240,223,223,11,11,2019-01-21,2020-01-19,363,OBSERVED_COMPLETE,5.393382352941177,False,False,False,False,0.03431853739865975,1.0769100558430059e-11,,True,OBSERVED_INCOMPLETE: adjusted_close missing at window start t0
بترانس,1393,1394,"fold1_train,fold2_train",2015-07-20,2014-07-19,2014-07-20,2015-07-19,2015-07-19,241,225,225,13,13,2014-07-21,2015-07-15,359,OBSERVED_COMPLETE,0.8148148148148149,False,False,False,False,0.02289048195292697,2.6153967012231146e-12,,True,OBSERVED_INCOMPLETE: adjusted_close missing at window start t0; adjusted_close missing at window end T*
بترانس,1394,1395,"fold1_train,fold2_train",2016-07-19,2015-07-18,2015-07-19,2016-07-18,2016-07-18,247,234,234,11,11,2015-07-20,2016-07-16,362,OBSERVED_COMPLETE,0.8453608247422681,False,False,False,False,0.023185872374402595,1.682401873946725e-12,,True,OBSERVED_INCOMPLETE: adjusted_close missing at window start t0; adjusted_close missing at window end T*
بترانس,1395,1396,"fold1_validation,fold2_train",2017-07-21,2016-07-19,2016-07-19,2017-07-19,2017-07-19,243,221,221,17,17,2016-07-20,2017-07-19,364,OBSERVED_COMPLETE,-0.08556149732620322,False,False,False,False,0.014159950090170242,1.0027399292957129e-12,,True,OBSERVED_INCOMPLETE: adjusted_close missing at window start t0
بترانس,1396,1397,"fold1_validation,fold2_train",2018-07-20,2017-07-18,2017-07-18,2018-07-18,2018-07-18,242,229,229,9,9,2017-07-18,2018-07-18,365,OBSERVED_COMPLETE,0.05714285714285716,False,False,False,False,0.006763944280741981,1.152510715230607e-12,0.05714285714285716,True,OBSERVED_COMPLETE
بترانس,1397,1398,fold2_validation,2019-07-20,2018-07-17,2018-07-17,2019-07-17,2019-07-17,246,236,236,6,6,2018-07-17,2019-07-17,365,OBSERVED_COMPLETE,0.17837837837837833,False,False,False,False,0.02348829882328101,8.732843538232588e-13,0.17837837837837833,True,OBSERVED_COMPLETE
بترانس,1398,1399,fold2_validation,2020-07-19,2019-07-18,2019-07-20,2020-07-18,2020-07-18,240,217,217,14,14,2019-07-20,2020-07-18,364,OBSERVED_COMPLETE,8.986046511627906,False,False,False,False,0.03214212542522375,2.1470647879975912e-13,8.986046511627906,True,OBSERVED_COMPLETE
بموتو,1392,1393,"fold1_train,fold2_train",2014-01-20,2013-01-18,2013-01-19,2014-01-18,2014-01-18,242,169,169,64,64,2013-01-23,2014-01-18,360,OBSERVED_COMPLETE,4.083333333333333,False,False,False,False,0.02692114190550522,1.3337410628503176e-11,,True,OBSERVED_INCOMPLETE: adjusted_close missing at window start t0
بموتو,1393,1394,"fold1_train,fold2_train",2015-01-20,2014-01-19,2014-01-20,2015-01-19,2015-01-19,242,205,205,21,21,2014-01-20,2015-01-19,364,OBSERVED_COMPLETE,-0.06557377049180324,False,False,False,False,0.008884971413678071,7.749812619527271e-12,-0.06557377049180324,True,OBSERVED_COMPLETE
بموتو,1394,1395,"fold1_train,fold2_train",2016-01-20,2015-01-19,2015-01-19,2016-01-19,2016-01-19,246,157,157,61,61,2015-01-19,2016-01-19,365,OBSERVED_COMPLETE,0.17543859649122817,False,False,False,False,0.010663685452273008,1.2814847754553347e-11,0.17543859649122817,True,OBSERVED_COMPLETE
بموتو,1395,1396,"fold1_validation,fold2_train",2017-01-19,2016-01-18,2016-01-18,2017-01-18,2017-01-18,246,204,204,34,34,2016-01-18,2017-01-18,366,OBSERVED_COMPLETE,-0.16417910447761197,False,False,False,False,0.013235200786961382,1.5054475091606945e-11,-0.16417910447761197,True,OBSERVED_COMPLETE
بموتو,1396,1397,"fold1_validation,fold2_train",2018-01-20,2017-01-17,2017-01-17,2018-01-17,2018-01-17,245,231,231,9,9,2017-01-17,2018-01-17,365,OBSERVED_COMPLETE,-0.0892857142857143,False,False,False,False,0.013646192470247027,8.172714293013056e-12,-0.0892857142857143,True,OBSERVED_COMPLETE
بموتو,1397,1398,fold2_validation,2019-01-20,2018-01-19,2018-01-20,2019-01-19,2019-01-19,243,217,217,17,17,2018-01-20,2019-01-19,364,OBSERVED_COMPLETE,1.0784313725490198,False,False,False,False,0.018239384603550922,1.7567462354977515e-11,1.0784313725490198,True,OBSERVED_COMPLETE
بموتو,1398,1399,fold2_validation,2020-01-20,2019-01-19,2019-01-19,2020-01-19,2020-01-19,240,228,228,7,7,2019-01-19,2020-01-19,365,OBSERVED_COMPLETE,3.4716981132075473,False,False,False,False,0.029072095441289556,4.622828297839604e-12,3.4716981132075473,True,OBSERVED_COMPLETE
بکاب,1393,1394,"fold1_train,fold2_train",2015-01-20,2014-01-19,2014-01-20,2015-01-19,2015-01-19,242,109,109,131,131,,2015-01-18,,UNAVAILABLE: usable_daily_return_count=109 < 126; no valid adjusted_close in start-boundary month,,True,False,False,True,,,,False,OBSERVED_INCOMPLETE: usable_daily_return_count=109 < 126; adjusted_close missing at window start t0; adjusted_close missing at window end T*; usable_amihud_day_count=109 < 126
بکاب,1394,1395,"fold1_train,fold2_train",2016-01-20,2015-01-19,2015-01-19,2016-01-19,2016-01-19,246,198,198,43,43,,2016-01-09,,UNAVAILABLE: no valid adjusted_close in start-boundary month,,True,False,False,False,0.029229104578519193,2.7493237959992516e-11,,False,OBSERVED_INCOMPLETE: adjusted_close missing at window start t0; adjusted_close missing at window end T*
بکاب,1395,1396,"fold1_validation,fold2_train",2017-01-19,2016-01-18,2016-01-18,2017-01-18,2017-01-18,246,226,226,17,17,2016-01-31,2017-01-11,346,OBSERVED_COMPLETE,0.4078212290502794,False,False,False,False,0.026052133299352305,3.166088112498491e-11,,True,OBSERVED_INCOMPLETE: adjusted_close missing at window start t0; adjusted_close missing at window end T*
بکاب,1396,1397,"fold1_validation,fold2_train",2018-01-20,2017-01-17,2017-01-17,2018-01-17,2018-01-17,245,227,227,13,13,2017-01-24,2018-01-17,358,OBSERVED_COMPLETE,-0.03765690376569042,False,False,False,False,0.024638379105291,4.8581183741388864e-11,,True,OBSERVED_INCOMPLETE: adjusted_close missing at window start t0
بکاب,1397,1398,fold2_validation,2019-01-20,2018-01-19,2018-01-20,2019-01-19,2019-01-19,243,225,225,11,11,2018-01-20,2019-01-19,364,OBSERVED_COMPLETE,0.09282700421940926,False,False,False,False,0.02794401544008905,4.661350936683336e-11,0.09282700421940926,True,OBSERVED_COMPLETE
بکاب,1398,1399,fold2_validation,2020-01-20,2019-01-19,2019-01-19,2020-01-19,2020-01-19,240,225,225,11,11,2019-01-19,2020-01-18,364,OBSERVED_COMPLETE,6.277992277992278,False,False,False,False,0.03423327173992217,1.3095501335128006e-11,,True,OBSERVED_INCOMPLETE: adjusted_close missing at window end T*
بکام,1393,1394,"fold1_train,fold2_train",2015-07-20,2014-07-19,2014-07-20,2015-07-19,2015-07-19,241,216,216,21,21,2014-07-20,2015-07-11,356,OBSERVED_COMPLETE,0.08955223880597019,False,False,False,False,0.027178368230227318,1.9873094718959094e-11,,True,OBSERVED_INCOMPLETE: adjusted_close missing at window end T*
بکام,1394,1395,"fold1_train,fold2_train",2016-07-19,2015-07-18,2015-07-19,2016-07-18,2016-07-18,247,214,214,28,28,,2016-07-18,,UNAVAILABLE: no valid adjusted_close in start-boundary month,,True,False,False,False,0.02898254702581693,7.115804684152636e-12,,False,OBSERVED_INCOMPLETE: adjusted_close missing at window start t0
بکام,1395,1396,"fold1_validation,fold2_train",2017-07-21,2016-07-19,2016-07-19,2017-07-19,2017-07-19,243,200,200,39,39,2016-07-19,,,UNAVAILABLE: no valid adjusted_close in end-boundary month,,False,True,False,False,0.021571674623737234,8.201682757233304e-12,,False,OBSERVED_INCOMPLETE: adjusted_close missing at window end T*
بکام,1396,1397,"fold1_validation,fold2_train",2018-07-20,2017-07-18,2017-07-18,2018-07-18,2018-07-18,242,180,180,57,57,,2018-07-18,,UNAVAILABLE: no valid adjusted_close in start-boundary month,,True,False,False,False,0.023089356157560793,1.2337410547568637e-11,,False,OBSERVED_INCOMPLETE: adjusted_close missing at window start t0
بکام,1397,1398,fold2_validation,2019-07-20,2018-07-17,2018-07-17,2019-07-17,2019-07-17,246,228,228,12,12,2018-07-17,2019-07-17,365,OBSERVED_COMPLETE,2.560747663551402,False,False,False,False,0.035268627830885586,7.530835454001958e-12,2.560747663551402,True,OBSERVED_COMPLETE
بکام,1398,1399,fold2_validation,2020-07-19,2019-07-18,2019-07-20,2020-07-18,2020-07-18,240,202,202,31,31,2019-07-20,,,UNAVAILABLE: no valid adjusted_close in end-boundary month,,False,True,False,False,0.034701180269386595,1.2050294320146605e-12,,False,OBSERVED_INCOMPLETE: adjusted_close missing at window end T*
تپمپی,1393,1394,"fold1_train,fold2_train",2014-10-22,2013-10-21,2013-10-21,2014-10-21,2014-10-21,244,126,126,102,102,2013-10-30,2014-10-18,353,OBSERVED_COMPLETE,0.6666666666666667,False,False,False,False,0.023383686365660825,2.3832776211533408e-11,,True,OBSERVED_INCOMPLETE: adjusted_close missing at window start t0; adjusted_close missing at window end T*
تپمپی,1394,1395,"fold1_train,fold2_train",2015-10-22,2014-10-21,2014-10-21,2015-10-21,2015-10-21,245,173,173,46,46,2014-10-25,2015-10-18,358,OBSERVED_COMPLETE,-0.15384615384615385,False,False,False,False,0.019842861857902485,4.257628378132432e-11,,True,OBSERVED_INCOMPLETE: adjusted_close missing at window start t0; adjusted_close missing at window end T*
تپمپی,1395,1396,"fold1_validation,fold2_train",2016-10-21,2015-10-19,2015-10-19,2016-10-19,2016-10-19,245,180,180,48,48,2015-10-25,2016-10-16,357,OBSERVED_COMPLETE,0.375,False,False,False,False,0.0190280138208843,6.12314307455328e-11,,True,OBSERVED_INCOMPLETE: adjusted_close missing at window start t0; adjusted_close missing at window end T*
تپمپی,1396,1397,"fold1_validation,fold2_train",2017-10-22,2016-10-21,2016-10-22,2017-10-21,2017-10-21,242,204,204,26,26,2016-10-24,2017-10-21,362,OBSERVED_COMPLETE,0.19696969696969702,False,False,False,False,0.020970479203033104,4.115361981515427e-11,,True,OBSERVED_INCOMPLETE: adjusted_close missing at window start t0
تپمپی,1397,1398,fold2_validation,2018-10-22,2017-10-21,2017-10-21,2018-10-21,2018-10-21,246,214,214,20,20,2017-10-21,2018-10-21,365,OBSERVED_COMPLETE,0.2278481012658229,False,False,False,False,0.023127548014912905,3.931001027210215e-11,0.2278481012658229,True,OBSERVED_COMPLETE
تپمپی,1398,1399,fold2_validation,2019-10-22,2018-10-21,2018-10-21,2019-10-21,2019-10-21,241,234,234,5,5,2018-10-21,2019-10-16,360,OBSERVED_COMPLETE,3.0,False,False,False,False,0.03232832456906398,1.4331374345199241e-11,,True,OBSERVED_INCOMPLETE: adjusted_close missing at window end T*
تکمبا,1393,1394,"fold1_train,fold2_train",2015-07-20,2014-07-19,2014-07-20,2015-07-19,2015-07-19,241,198,198,40,40,2014-07-20,2015-07-15,360,OBSERVED_COMPLETE,0.9557739557739557,False,False,False,False,0.02812038823596916,1.1744437840995222e-11,,True,OBSERVED_INCOMPLETE: adjusted_close missing at window end T*
تکمبا,1394,1395,"fold1_train,fold2_train",2016-07-19,2015-07-18,2015-07-19,2016-07-18,2016-07-18,247,236,236,7,7,2015-07-20,2016-07-18,364,OBSERVED_COMPLETE,-0.1578947368421053,False,False,False,False,0.02277558665100563,3.3848799256055333e-12,,True,OBSERVED_INCOMPLETE: adjusted_close missing at window start t0
تکمبا,1395,1396,"fold1_validation,fold2_train",2017-07-21,2016-07-19,2016-07-19,2017-07-19,2017-07-19,243,225,225,14,14,2016-07-24,2017-07-18,359,OBSERVED_COMPLETE,-0.09566517189835577,False,False,False,False,0.020631756236638207,4.18918220328987e-12,,True,OBSERVED_INCOMPLETE: adjusted_close missing at window start t0; adjusted_close missing at window end T*
تکمبا,1396,1397,"fold1_validation,fold2_train",2018-07-20,2017-07-18,2017-07-18,2018-07-18,2018-07-18,242,212,212,26,26,2017-07-18,2018-07-18,365,OBSERVED_COMPLETE,-0.011570247933884281,False,False,False,False,0.02271828249325842,4.835779067893963e-12,-0.011570247933884281,True,OBSERVED_COMPLETE
تکمبا,1397,1398,fold2_validation,2019-07-20,2018-07-17,2018-07-17,2019-07-17,2019-07-17,246,235,235,6,6,2018-07-17,2019-07-16,364,OBSERVED_COMPLETE,1.408710217755444,False,False,False,False,0.03126902761989319,4.7806915665654126e-12,,True,OBSERVED_INCOMPLETE: adjusted_close missing at window end T*
تکمبا,1398,1399,fold2_validation,2020-07-19,2019-07-18,2019-07-20,2020-07-18,2020-07-18,240,228,228,8,8,2019-07-21,2020-07-18,363,OBSERVED_COMPLETE,8.531609195402298,False,False,False,False,0.03173509079210181,1.3592577077317326e-12,,True,OBSERVED_INCOMPLETE: adjusted_close missing at window start t0
ثشرق,1393,1394,"fold1_train,fold2_train",2015-01-20,2014-01-19,2014-05-11,2015-01-19,2015-01-19,169,125,125,40,40,,2015-01-19,,UNAVAILABLE: usable_daily_return_count=125 < 126; no valid adjusted_close in start-boundary month,,True,False,False,True,,,,False,OBSERVED_INCOMPLETE: usable_daily_return_count=125 < 126; adjusted_close missing at window start t0; usable_amihud_day_count=125 < 126
ثشرق,1394,1395,"fold1_train,fold2_train",2016-01-20,2015-01-19,2015-01-19,2016-01-19,2016-01-19,246,233,233,9,9,2015-01-19,2016-01-19,365,OBSERVED_COMPLETE,0.14666666666666672,False,False,False,False,0.020662001148198324,1.1950889030295845e-11,0.14666666666666672,True,OBSERVED_COMPLETE
ثشرق,1395,1396,"fold1_validation,fold2_train",2017-01-19,2016-01-18,2016-01-18,2017-01-18,2017-01-18,246,229,229,12,12,2016-01-18,2017-01-18,366,OBSERVED_COMPLETE,0.030000000000000027,False,False,False,False,0.02026827303250083,1.9579633607752453e-11,0.030000000000000027,True,OBSERVED_COMPLETE
ثشرق,1396,1397,"fold1_validation,fold2_train",2018-01-20,2017-01-17,2017-01-17,2018-01-17,2018-01-17,245,228,228,12,12,2017-01-17,2018-01-17,365,OBSERVED_COMPLETE,-0.3203592814371258,False,False,False,False,0.015603967938878565,1.993836050981838e-11,-0.3203592814371258,True,OBSERVED_COMPLETE
ثشرق,1397,1398,fold2_validation,2019-01-20,2018-01-19,2018-01-20,2019-01-19,2019-01-19,243,232,232,7,7,2018-01-20,2019-01-19,364,OBSERVED_COMPLETE,0.10557184750733128,False,False,False,False,0.024830811145021458,2.5381107825178225e-11,0.10557184750733128,True,OBSERVED_COMPLETE
ثشرق,1398,1399,fold2_validation,2020-01-20,2019-01-19,2019-01-19,2020-01-19,2020-01-19,240,227,227,9,9,2019-01-19,2020-01-19,365,OBSERVED_COMPLETE,2.614058355437666,False,False,False,False,0.030047459320091355,6.284117279867054e-12,2.614058355437666,True,OBSERVED_COMPLETE
ثنوسا,1392,1393,"fold1_train,fold2_train",2014-01-20,2013-01-18,2013-01-19,2014-01-18,2014-01-18,242,160,160,64,64,2013-01-28,2014-01-18,355,OBSERVED_COMPLETE,0.7775800711743772,False,False,False,False,0.026406706024013585,1.523406148402615e-11,,True,OBSERVED_INCOMPLETE: adjusted_close missing at window start t0
ثنوسا,1393,1394,"fold1_train,fold2_train",2015-01-20,2014-01-19,2014-01-20,2015-01-19,2015-01-19,242,213,213,22,22,2014-01-20,2015-01-19,364,OBSERVED_COMPLETE,-0.07448979591836735,False,False,False,False,0.027761429606513708,2.012894644738774e-11,-0.07448979591836735,True,OBSERVED_COMPLETE
ثنوسا,1394,1395,"fold1_train,fold2_train",2016-01-20,2015-01-19,2015-01-19,2016-01-19,2016-01-19,246,223,223,18,18,2015-01-19,2016-01-19,365,OBSERVED_COMPLETE,-0.44762954796030874,False,False,False,False,0.029595485347030753,1.0856161935562136e-11,-0.44762954796030874,True,OBSERVED_COMPLETE
ثنوسا,1395,1396,"fold1_validation,fold2_train",2017-01-19,2016-01-18,2016-01-18,2017-01-18,2017-01-18,246,204,204,36,36,2016-01-18,2017-01-18,366,OBSERVED_COMPLETE,0.05154639175257736,False,False,False,False,0.027035940529900767,6.488864435546754e-12,0.05154639175257736,True,OBSERVED_COMPLETE
ثنوسا,1396,1397,"fold1_validation,fold2_train",2018-01-20,2017-01-17,2017-01-17,2018-01-17,2018-01-17,245,210,210,30,30,2017-01-17,2018-01-17,365,OBSERVED_COMPLETE,-0.29243353783231085,False,False,False,False,0.021117340525850518,1.0091412722379582e-11,-0.29243353783231085,True,OBSERVED_COMPLETE
ثنوسا,1397,1398,fold2_validation,2019-01-20,2018-01-19,2018-01-20,2019-01-19,2019-01-19,243,223,223,14,14,2018-01-20,2019-01-19,364,OBSERVED_COMPLETE,1.1386430678466075,False,False,False,False,0.032380673585094756,8.065334776961604e-12,1.1386430678466075,True,OBSERVED_COMPLETE
ثنوسا,1398,1399,fold2_validation,2020-01-20,2019-01-19,2019-01-19,2020-01-19,2020-01-19,240,196,196,38,38,2019-01-19,2020-01-19,365,OBSERVED_COMPLETE,4.575172413793103,False,False,False,False,0.03415443686797769,1.5432399621732804e-12,4.575172413793103,True,OBSERVED_COMPLETE
جم,1394,1395,"fold1_train,fold2_train",2016-07-19,2015-07-18,2015-08-08,2016-07-18,2016-07-18,233,226,226,5,5,2015-08-09,2016-07-16,342,OBSERVED_COMPLETE,0.2657743785850861,False,False,False,False,0.009619204027403612,1.483318871210887e-12,,True,OBSERVED_INCOMPLETE: adjusted_close missing at window start t0; adjusted_close missing at window end T*
جم,1395,1396,"fold1_validation,fold2_train",2017-07-21,2016-07-19,2016-07-19,2017-07-19,2017-07-19,243,225,225,13,13,2016-07-24,2017-07-19,360,OBSERVED_COMPLETE,0.19624060150375944,False,False,False,False,0.007634750689447352,1.1605249312693731e-12,,True,OBSERVED_INCOMPLETE: adjusted_close missing at window start t0
جم,1396,1397,"fold1_validation,fold2_train",2018-07-20,2017-07-18,2017-07-18,2018-07-18,2018-07-18,242,227,227,10,10,2017-07-18,2018-07-18,365,OBSERVED_COMPLETE,0.5270100502512562,False,False,False,False,0.011142460486023215,8.69387166592983e-13,0.5270100502512562,True,OBSERVED_COMPLETE
جم,1397,1398,fold2_validation,2019-07-20,2018-07-17,2018-07-17,2019-07-17,2019-07-17,246,219,219,20,20,2018-07-17,2019-07-17,365,OBSERVED_COMPLETE,0.6965918536990856,False,False,False,False,0.018172082839852496,9.877858847337865e-13,0.6965918536990856,True,OBSERVED_COMPLETE
جم,1398,1399,fold2_validation,2020-07-19,2019-07-18,2019-07-20,2020-07-18,2020-07-18,240,219,219,16,16,2019-07-20,2020-07-18,364,OBSERVED_COMPLETE,3.6046738072054527,False,False,False,False,0.02554991721576395,2.993399751744356e-13,3.6046738072054527,True,OBSERVED_COMPLETE
جم پیلن,1398,1399,fold2_validation,2020-07-19,2019-07-18,2019-07-20,2020-07-18,2020-07-18,240,227,227,8,8,2019-07-20,2020-07-18,364,OBSERVED_COMPLETE,2.492249527410208,False,False,False,False,0.02626245189885842,2.45708981263555e-13,2.492249527410208,True,OBSERVED_COMPLETE
حپترو,1392,1393,"fold1_train,fold2_train",2014-07-20,2013-07-16,2013-07-16,2014-07-16,2014-07-16,245,209,209,23,23,2013-07-16,2014-07-16,365,OBSERVED_COMPLETE,0.250996015936255,False,False,False,False,0.026342164069413313,5.813430735968342e-11,0.250996015936255,True,OBSERVED_COMPLETE
حپترو,1393,1394,"fold1_train,fold2_train",2015-07-20,2014-07-19,2014-07-20,2015-07-19,2015-07-19,241,236,236,4,4,2014-07-20,2015-07-12,357,OBSERVED_COMPLETE,0.3496732026143792,False,False,False,False,0.025436225870004762,4.013186983464907e-11,,True,OBSERVED_INCOMPLETE: adjusted_close missing at window end T*
حپترو,1394,1395,"fold1_train,fold2_train",2016-07-19,2015-07-18,2015-07-19,2016-07-18,2016-07-18,247,241,241,5,5,2015-07-21,2016-07-13,358,OBSERVED_COMPLETE,0.11111111111111116,False,False,False,False,0.02442988198048223,2.4097977206356726e-11,,True,OBSERVED_INCOMPLETE: adjusted_close missing at window start t0; adjusted_close missing at window end T*
حپترو,1395,1396,"fold1_validation,fold2_train",2017-07-21,2016-07-19,2016-07-19,2017-07-19,2017-07-19,243,205,205,31,31,2016-07-24,2017-07-16,357,OBSERVED_COMPLETE,0.38551401869158886,False,False,False,False,0.02654027745701232,1.741070516038912e-11,,True,OBSERVED_INCOMPLETE: adjusted_close missing at window start t0; adjusted_close missing at window end T*
حپترو,1396,1397,"fold1_validation,fold2_train",2018-07-20,2017-07-18,2017-07-18,2018-07-18,2018-07-18,242,226,226,13,13,2017-07-30,2018-07-17,352,OBSERVED_COMPLETE,-0.4585365853658536,False,False,False,False,0.021939316475405497,3.0479440580398683e-11,,True,OBSERVED_INCOMPLETE: adjusted_close missing at window start t0; adjusted_close missing at window end T*
حپترو,1397,1398,fold2_validation,2019-07-20,2018-07-17,2018-07-17,2019-07-17,2019-07-17,246,222,222,16,16,2018-07-17,2019-07-16,364,OBSERVED_COMPLETE,3.15015015015015,False,False,False,False,0.03035600920140931,2.6397904263353048e-11,,True,OBSERVED_INCOMPLETE: adjusted_close missing at window end T*
حپترو,1398,1399,fold2_validation,2020-07-19,2019-07-18,2019-07-20,2020-07-18,2020-07-18,240,231,231,6,6,2019-07-22,2020-07-18,362,OBSERVED_COMPLETE,2.9038199181446114,False,False,False,False,0.03113765567203291,2.8556915433836307e-12,,True,OBSERVED_INCOMPLETE: adjusted_close missing at window start t0
حکشتی,1392,1393,"fold1_train,fold2_train",2013-10-22,2012-10-21,2012-10-21,2013-10-21,2013-10-21,241,196,196,33,33,2012-10-22,2013-10-08,351,OBSERVED_COMPLETE,0.6744186046511629,False,False,False,False,0.013885971077398836,1.2790844705475472e-11,,True,OBSERVED_INCOMPLETE: adjusted_close missing at window start t0; adjusted_close missing at window end T*
حکشتی,1393,1394,"fold1_train,fold2_train",2014-10-22,2013-10-21,2013-10-21,2014-10-21,2014-10-21,244,181,181,58,58,,2014-10-20,,UNAVAILABLE: no valid adjusted_close in start-boundary month,,True,False,False,False,0.015169786199400239,1.278325826076967e-12,,False,OBSERVED_INCOMPLETE: adjusted_close missing at window start t0; adjusted_close missing at window end T*
حکشتی,1394,1395,"fold1_train,fold2_train",2015-10-22,2014-10-21,2014-10-21,2015-10-21,2015-10-21,245,179,179,63,63,2014-10-26,2015-10-19,358,OBSERVED_COMPLETE,0.6218487394957983,False,False,False,False,0.018718493571455632,1.5937582798637387e-12,,True,OBSERVED_INCOMPLETE: adjusted_close missing at window start t0; adjusted_close missing at window end T*
حکشتی,1395,1396,"fold1_validation,fold2_train",2016-10-21,2015-10-19,2015-10-19,2016-10-19,2016-10-19,245,233,233,9,9,2015-10-19,2016-10-18,365,OBSERVED_COMPLETE,-0.09585492227979275,False,False,False,False,0.013348285501656438,1.2682555504255704e-12,,True,OBSERVED_INCOMPLETE: adjusted_close missing at window end T*
حکشتی,1396,1397,"fold1_validation,fold2_train",2017-10-22,2016-10-21,2016-10-22,2017-10-21,2017-10-21,242,220,220,20,20,2016-10-29,2017-10-17,353,OBSERVED_COMPLETE,-0.052959501557632405,False,False,False,False,0.010643139470437166,2.2127767193796546e-12,,True,OBSERVED_INCOMPLETE: adjusted_close missing at window start t0; adjusted_close missing at window end T*
حکشتی,1397,1398,fold2_validation,2018-10-22,2017-10-21,2017-10-21,2018-10-21,2018-10-21,246,230,230,11,11,2017-10-25,2018-10-21,361,OBSERVED_COMPLETE,0.16721311475409828,False,False,False,False,0.015695249642691794,2.282746827134567e-12,,True,OBSERVED_INCOMPLETE: adjusted_close missing at window start t0
حکشتی,1398,1399,fold2_validation,2019-10-22,2018-10-21,2018-10-21,2019-10-21,2019-10-21,241,239,239,1,1,2018-10-21,2019-10-20,364,OBSERVED_COMPLETE,0.2219101123595506,False,False,False,False,0.02437733712834004,7.075125999146878e-13,,True,OBSERVED_INCOMPLETE: adjusted_close missing at window end T*
خاذین,1392,1393,"fold1_train,fold2_train",2014-07-20,2013-07-16,2013-07-16,2014-07-16,2014-07-16,245,224,224,15,15,2013-07-16,2014-07-16,365,OBSERVED_COMPLETE,2.4411764705882355,False,False,False,False,0.03257920118743361,7.126688393808543e-11,2.4411764705882355,True,OBSERVED_COMPLETE
خاذین,1393,1394,"fold1_train,fold2_train",2015-07-20,2014-07-19,2014-07-20,2015-07-19,2015-07-19,241,166,166,68,68,2014-07-20,,,UNAVAILABLE: no valid adjusted_close in end-boundary month,,False,True,False,False,0.03220235134086616,5.304195835295517e-11,,False,OBSERVED_INCOMPLETE: adjusted_close missing at window end T*
خاذین,1394,1395,"fold1_train,fold2_train",2016-07-19,2015-07-18,2015-07-19,2016-07-18,2016-07-18,247,216,216,28,28,2015-07-28,2016-07-13,351,OBSERVED_COMPLETE,1.6778523489932886,False,False,False,False,0.033515753875957004,2.5077813134680303e-11,,True,OBSERVED_INCOMPLETE: adjusted_close missing at window start t0; adjusted_close missing at window end T*
خاذین,1395,1396,"fold1_validation,fold2_train",2017-07-21,2016-07-19,2016-07-19,2017-07-19,2017-07-19,243,208,208,28,28,2016-07-31,2017-07-19,353,OBSERVED_COMPLETE,0.004914004914004844,False,False,False,False,0.02070480193446551,3.6001271217399082e-12,,True,OBSERVED_INCOMPLETE: adjusted_close missing at window start t0
خاذین,1396,1397,"fold1_validation,fold2_train",2018-07-20,2017-07-18,2017-07-18,2018-07-18,2018-07-18,242,228,228,9,9,2017-07-18,2018-07-18,365,OBSERVED_COMPLETE,0.9473684210526316,False,False,False,False,0.0242003712807414,5.1800175780651006e-12,0.9473684210526316,True,OBSERVED_COMPLETE
خاذین,1397,1398,fold2_validation,2019-07-20,2018-07-17,2018-07-17,2019-07-17,2019-07-17,246,233,233,9,9,2018-07-17,2019-07-14,362,OBSERVED_COMPLETE,0.4445945945945946,False,False,False,False,0.034465911986470886,2.8125863699948454e-12,,True,OBSERVED_INCOMPLETE: adjusted_close missing at window end T*
خاذین,1398,1399,fold2_validation,2020-07-19,2019-07-18,2019-07-20,2020-07-18,2020-07-18,240,228,228,9,9,2019-07-28,2020-07-18,356,OBSERVED_COMPLETE,6.131797235023042,False,False,False,False,0.033355107905302266,7.753957286636811e-13,,True,OBSERVED_INCOMPLETE: adjusted_close missing at window start t0
خبهمن,1392,1393,"fold1_train,fold2_train",2014-07-20,2013-07-16,2013-07-16,2014-07-16,2014-07-16,245,235,235,7,7,2013-07-16,2014-07-16,365,OBSERVED_COMPLETE,0.045454545454545414,False,False,False,False,0.03068808742671479,1.5524641729686278e-12,0.045454545454545414,True,OBSERVED_COMPLETE
خبهمن,1393,1394,"fold1_train,fold2_train",2015-07-20,2014-07-19,2014-07-20,2015-07-19,2015-07-19,241,230,230,8,8,2014-07-20,2015-07-15,360,OBSERVED_COMPLETE,0.7727272727272727,False,False,False,False,0.02802897224375001,2.0909365601018463e-12,,True,OBSERVED_INCOMPLETE: adjusted_close missing at window end T*
خبهمن,1394,1395,"fold1_train,fold2_train",2016-07-19,2015-07-18,2015-07-19,2016-07-18,2016-07-18,247,236,236,7,7,2015-07-20,2016-07-18,364,OBSERVED_COMPLETE,0.26315789473684204,False,False,False,False,0.0281369080467557,1.471803724875485e-12,,True,OBSERVED_INCOMPLETE: adjusted_close missing at window start t0
خبهمن,1395,1396,"fold1_validation,fold2_train",2017-07-21,2016-07-19,2016-07-19,2017-07-19,2017-07-19,243,210,210,29,29,2016-07-19,2017-07-08,354,OBSERVED_COMPLETE,-0.22916666666666663,False,False,False,False,0.018252175505893406,2.226120609244263e-12,,True,OBSERVED_INCOMPLETE: adjusted_close missing at window end T*
خبهمن,1396,1397,"fold1_validation,fold2_train",2018-07-20,2017-07-18,2017-07-18,2018-07-18,2018-07-18,242,210,210,29,29,,2018-07-14,,UNAVAILABLE: no valid adjusted_close in start-boundary month,,True,False,False,False,0.018076242674430656,2.7728242454393925e-12,,False,OBSERVED_INCOMPLETE: adjusted_close missing at window start t0; adjusted_close missing at window end T*
خبهمن,1397,1398,fold2_validation,2019-07-20,2018-07-17,2018-07-17,2019-07-17,2019-07-17,246,240,240,4,4,2018-07-21,2019-07-17,361,OBSERVED_COMPLETE,1.024390243902439,False,False,False,False,0.028481399613732077,1.2744260152998412e-12,,True,OBSERVED_INCOMPLETE: adjusted_close missing at window start t0
خبهمن,1398,1399,fold2_validation,2020-07-19,2019-07-18,2019-07-20,2020-07-18,2020-07-18,240,223,223,10,10,2019-07-20,2020-07-18,364,OBSERVED_COMPLETE,15.965116279069768,False,False,False,False,0.03167477211522194,5.256411268956617e-13,15.965116279069768,True,OBSERVED_COMPLETE
ختوقا,1392,1393,"fold1_train,fold2_train",2014-07-20,2013-07-16,2013-07-16,2014-07-16,2014-07-16,245,221,221,18,18,2013-07-22,2014-07-16,359,OBSERVED_COMPLETE,0.8095238095238095,False,False,False,False,0.030075026089751287,3.1800331911210724e-11,,True,OBSERVED_INCOMPLETE: adjusted_close missing at window start t0
ختوقا,1393,1394,"fold1_train,fold2_train",2015-07-20,2014-07-19,2014-07-20,2015-07-19,2015-07-19,241,211,211,23,23,2014-07-20,2015-07-15,360,OBSERVED_COMPLETE,0.38181818181818183,False,False,False,False,0.023395011316504902,2.4491504211787715e-11,,True,OBSERVED_INCOMPLETE: adjusted_close missing at window end T*
ختوقا,1394,1395,"fold1_train,fold2_train",2016-07-19,2015-07-18,2015-07-19,2016-07-18,2016-07-18,247,217,217,23,23,2015-07-20,2016-07-18,364,OBSERVED_COMPLETE,-0.09333333333333338,False,False,False,False,0.027007125801653983,2.1298459704059333e-11,,True,OBSERVED_INCOMPLETE: adjusted_close missing at window start t0
ختوقا,1395,1396,"fold1_validation,fold2_train",2017-07-21,2016-07-19,2016-07-19,2017-07-19,2017-07-19,243,228,228,10,10,2016-07-19,2017-07-19,365,OBSERVED_COMPLETE,0.08633093525179847,False,False,False,False,0.02403819459349502,8.050944290972275e-12,0.08633093525179847,True,OBSERVED_COMPLETE
ختوقا,1396,1397,"fold1_validation,fold2_train",2018-07-20,2017-07-18,2017-07-18,2018-07-18,2018-07-18,242,234,234,5,5,2017-07-18,2018-07-18,365,OBSERVED_COMPLETE,0.3866666666666667,False,False,False,False,0.025684564891502143,1.0152278124351083e-11,0.3866666666666667,True,OBSERVED_COMPLETE
ختوقا,1397,1398,fold2_validation,2019-07-20,2018-07-17,2018-07-17,2019-07-17,2019-07-17,246,226,226,13,13,2018-07-17,2019-07-17,365,OBSERVED_COMPLETE,1.3820754716981134,False,False,False,False,0.030204706956666397,5.220634089315087e-12,1.3820754716981134,True,OBSERVED_COMPLETE
ختوقا,1398,1399,fold2_validation,2020-07-19,2019-07-18,2019-07-20,2020-07-18,2020-07-18,240,203,203,29,29,2019-07-20,2020-07-18,364,OBSERVED_COMPLETE,19.40081799591002,False,False,False,False,0.03330652878149278,7.393781751882118e-13,19.40081799591002,True,OBSERVED_COMPLETE
خرینگ,1392,1393,"fold1_train,fold2_train",2014-07-20,2013-07-16,2013-07-16,2014-07-16,2014-07-16,245,205,205,27,27,2013-07-16,2014-07-16,365,OBSERVED_COMPLETE,1.5197368421052633,False,False,False,False,0.02834510197173522,5.2212630926179203e-11,1.5197368421052633,True,OBSERVED_COMPLETE
خرینگ,1393,1394,"fold1_train,fold2_train",2015-07-20,2014-07-19,2014-07-20,2015-07-19,2015-07-19,241,230,230,8,8,2014-07-20,2015-07-15,360,OBSERVED_COMPLETE,-0.12771739130434778,False,False,False,False,0.027432989515222515,2.5688556565709478e-11,,True,OBSERVED_INCOMPLETE: adjusted_close missing at window end T*
خرینگ,1394,1395,"fold1_train,fold2_train",2016-07-19,2015-07-18,2015-07-19,2016-07-18,2016-07-18,247,205,205,37,37,2015-07-20,2016-07-18,364,OBSERVED_COMPLETE,0.2451612903225806,False,False,False,False,0.028272348103660937,3.1680086242146085e-11,,True,OBSERVED_INCOMPLETE: adjusted_close missing at window start t0
خرینگ,1395,1396,"fold1_validation,fold2_train",2017-07-21,2016-07-19,2016-07-19,2017-07-19,2017-07-19,243,204,204,33,33,2016-07-19,2017-07-19,365,OBSERVED_COMPLETE,-0.08247422680412375,False,False,False,False,0.024025508963344586,8.37716353295387e-12,-0.08247422680412375,True,OBSERVED_COMPLETE
خرینگ,1396,1397,"fold1_validation,fold2_train",2018-07-20,2017-07-18,2017-07-18,2018-07-18,2018-07-18,242,223,223,13,13,2017-07-18,2018-07-18,365,OBSERVED_COMPLETE,0.8380681818181819,False,False,False,False,0.02879411275968695,1.0819044158181355e-11,0.8380681818181819,True,OBSERVED_COMPLETE
خرینگ,1397,1398,fold2_validation,2019-07-20,2018-07-17,2018-07-17,2019-07-17,2019-07-17,246,236,236,6,6,2018-07-17,2019-07-16,364,OBSERVED_COMPLETE,1.8157480314960628,False,False,False,False,0.0315566097926177,7.288086721895508e-12,,True,OBSERVED_INCOMPLETE: adjusted_close missing at window end T*
خرینگ,1398,1399,fold2_validation,2020-07-19,2019-07-18,2019-07-20,2020-07-18,2020-07-18,240,223,223,11,11,2019-07-23,2020-07-18,361,OBSERVED_COMPLETE,10.635757575757577,False,False,False,False,0.03272900382406927,1.8822499179545367e-12,,True,OBSERVED_INCOMPLETE: adjusted_close missing at window start t0
خمحور,1392,1393,"fold1_train,fold2_train",2014-07-20,2013-07-16,2013-07-16,2014-07-16,2014-07-16,245,201,201,28,28,2013-07-16,2014-07-16,365,OBSERVED_COMPLETE,0.75,False,False,False,False,0.0245562256831655,5.42435113752941e-11,0.75,True,OBSERVED_COMPLETE
خمحور,1393,1394,"fold1_train,fold2_train",2015-07-20,2014-07-19,2014-07-20,2015-07-19,2015-07-19,241,217,217,17,17,2014-07-20,2015-07-13,358,OBSERVED_COMPLETE,-0.009615384615384581,False,False,False,False,0.025259055015233078,3.66901710156743e-11,,True,OBSERVED_INCOMPLETE: adjusted_close missing at window end T*
خمحور,1394,1395,"fold1_train,fold2_train",2016-07-19,2015-07-18,2015-07-19,2016-07-18,2016-07-18,247,194,194,46,46,,2016-07-18,,UNAVAILABLE: no valid adjusted_close in start-boundary month,,True,False,False,False,0.03211657644843022,9.257307546857252e-11,,False,OBSERVED_INCOMPLETE: adjusted_close missing at window start t0
خمحور,1395,1396,"fold1_validation,fold2_train",2017-07-21,2016-07-19,2016-07-19,2017-07-19,2017-07-19,243,198,198,40,40,2016-07-19,2017-07-19,365,OBSERVED_COMPLETE,-0.3431372549019608,False,False,False,False,0.02760240703447134,2.881247650902284e-11,-0.3431372549019608,True,OBSERVED_COMPLETE
خمحور,1396,1397,"fold1_validation,fold2_train",2018-07-20,2017-07-18,2017-07-18,2018-07-18,2018-07-18,242,233,233,6,6,2017-07-18,2018-07-18,365,OBSERVED_COMPLETE,0.5338345864661653,False,False,False,False,0.027280586905681865,3.4763111817519974e-11,0.5338345864661653,True,OBSERVED_COMPLETE
خمحور,1397,1398,fold2_validation,2019-07-20,2018-07-17,2018-07-17,2019-07-17,2019-07-17,246,230,230,10,10,2018-07-17,2019-07-17,365,OBSERVED_COMPLETE,0.7263681592039801,False,False,False,False,0.035701610756230906,1.813834084257531e-11,0.7263681592039801,True,OBSERVED_COMPLETE
خمحور,1398,1399,fold2_validation,2020-07-19,2019-07-18,2019-07-20,2020-07-18,2020-07-18,240,229,229,7,7,2019-07-20,2020-07-18,364,OBSERVED_COMPLETE,5.526162790697675,False,False,False,False,0.029482438646352034,4.06159925817811e-12,5.526162790697675,True,OBSERVED_COMPLETE
خمهر,1392,1393,"fold1_train,fold2_train",2014-07-20,2013-07-16,2013-07-16,2014-07-16,2014-07-16,245,212,212,27,27,2013-07-16,2014-07-16,365,OBSERVED_COMPLETE,2.0973451327433628,False,False,False,False,0.02623753139084249,2.828641443977811e-11,2.0973451327433628,True,OBSERVED_COMPLETE
خمهر,1393,1394,"fold1_train,fold2_train",2015-07-20,2014-07-19,2014-07-20,2015-07-19,2015-07-19,241,236,236,3,3,2014-07-20,2015-07-15,360,OBSERVED_COMPLETE,-0.3086053412462908,False,False,False,False,0.024345617989556482,2.367488177624989e-11,,True,OBSERVED_INCOMPLETE: adjusted_close missing at window end T*
خمهر,1394,1395,"fold1_train,fold2_train",2016-07-19,2015-07-18,2015-07-19,2016-07-18,2016-07-18,247,220,220,23,23,2015-07-20,2016-07-18,364,OBSERVED_COMPLETE,0.22522522522522515,False,False,False,False,0.031449344966214196,2.0380048962871098e-11,,True,OBSERVED_INCOMPLETE: adjusted_close missing at window start t0
خمهر,1395,1396,"fold1_validation,fold2_train",2017-07-21,2016-07-19,2016-07-19,2017-07-19,2017-07-19,243,233,233,6,6,2016-07-19,2017-07-19,365,OBSERVED_COMPLETE,-0.2210526315789474,False,False,False,False,0.025080259643266163,1.3590630558073487e-11,-0.2210526315789474,True,OBSERVED_COMPLETE
خمهر,1396,1397,"fold1_validation,fold2_train",2018-07-20,2017-07-18,2017-07-18,2018-07-18,2018-07-18,242,234,234,5,5,2017-07-18,2018-07-18,365,OBSERVED_COMPLETE,0.19090909090909092,False,False,False,False,0.027758799347321946,1.8426004175595773e-11,0.19090909090909092,True,OBSERVED_COMPLETE
خمهر,1397,1398,fold2_validation,2019-07-20,2018-07-17,2018-07-17,2019-07-17,2019-07-17,246,231,231,9,9,2018-07-17,2019-07-17,365,OBSERVED_COMPLETE,1.0037593984962405,False,False,False,False,0.033834705842052566,4.037081125489246e-12,1.0037593984962405,True,OBSERVED_COMPLETE
خمهر,1398,1399,fold2_validation,2020-07-19,2019-07-18,2019-07-20,2020-07-18,2020-07-18,240,225,225,9,9,2019-07-20,2020-07-18,364,OBSERVED_COMPLETE,9.68450184501845,False,False,False,False,0.03262437115737061,1.2614791649923716e-12,9.68450184501845,True,OBSERVED_COMPLETE
خنصیر,1392,1393,"fold1_train,fold2_train",2014-07-20,2013-07-16,2013-07-16,2014-07-16,2014-07-16,245,140,140,73,73,2013-07-16,2014-07-16,365,OBSERVED_COMPLETE,4.190476190476191,False,False,False,False,0.028477942764746873,1.7083434252516503e-10,4.190476190476191,True,OBSERVED_COMPLETE
خنصیر,1393,1394,"fold1_train,fold2_train",2015-07-20,2014-07-19,2014-07-20,2015-07-19,2015-07-19,241,201,201,30,30,2014-07-20,2015-07-15,360,OBSERVED_COMPLETE,-0.22857142857142854,False,False,False,False,0.02600829260969354,5.356206540337821e-11,,True,OBSERVED_INCOMPLETE: adjusted_close missing at window end T*
خنصیر,1394,1395,"fold1_train,fold2_train",2016-07-19,2015-07-18,2015-07-19,2016-07-18,2016-07-18,247,185,185,50,50,2015-07-20,2016-07-18,364,OBSERVED_COMPLETE,0.06329113924050622,False,False,False,False,0.02666083863846126,3.7014375478653136e-11,,True,OBSERVED_INCOMPLETE: adjusted_close missing at window start t0
خنصیر,1395,1396,"fold1_validation,fold2_train",2017-07-21,2016-07-19,2016-07-19,2017-07-19,2017-07-19,243,192,192,46,46,2016-07-26,2017-07-17,356,OBSERVED_COMPLETE,1.0113636363636362,False,False,False,False,0.025179048764568716,1.824077906328109e-11,,True,OBSERVED_INCOMPLETE: adjusted_close missing at window start t0; adjusted_close missing at window end T*
خنصیر,1396,1397,"fold1_validation,fold2_train",2018-07-20,2017-07-18,2017-07-18,2018-07-18,2018-07-18,242,217,217,17,17,2017-07-26,2018-07-18,357,OBSERVED_COMPLETE,-0.11602209944751385,False,False,False,False,0.01616659584584775,2.0268162889957288e-11,,True,OBSERVED_INCOMPLETE: adjusted_close missing at window start t0
خنصیر,1397,1398,fold2_validation,2019-07-20,2018-07-17,2018-07-17,2019-07-17,2019-07-17,246,216,216,19,19,2018-07-17,2019-07-17,365,OBSERVED_COMPLETE,1.2292993630573248,False,False,False,False,0.03419437655859066,1.4057099754533038e-11,1.2292993630573248,True,OBSERVED_COMPLETE
خنصیر,1398,1399,fold2_validation,2020-07-19,2019-07-18,2019-07-20,2020-07-18,2020-07-18,240,225,225,8,8,2019-07-20,2020-07-18,364,OBSERVED_COMPLETE,9.865329512893982,False,False,False,False,0.032889602546754645,1.8304338658300956e-12,9.865329512893982,True,OBSERVED_COMPLETE
خوساز,1392,1393,"fold1_train,fold2_train",2014-07-20,2013-07-16,2013-07-16,2014-07-16,2014-07-16,245,207,207,32,32,2013-07-29,2014-07-16,352,OBSERVED_COMPLETE,1.5298013245033113,False,False,False,False,0.02999847899042982,7.116020668250174e-11,,True,OBSERVED_INCOMPLETE: adjusted_close missing at window start t0
خوساز,1393,1394,"fold1_train,fold2_train",2015-07-20,2014-07-19,2014-07-20,2015-07-19,2015-07-19,241,219,219,15,15,2014-07-20,2015-07-15,360,OBSERVED_COMPLETE,0.28378378378378377,False,False,False,False,0.0243109084554179,3.629460144132385e-11,,True,OBSERVED_INCOMPLETE: adjusted_close missing at window end T*
خوساز,1394,1395,"fold1_train,fold2_train",2016-07-19,2015-07-18,2015-07-19,2016-07-18,2016-07-18,247,218,218,23,23,2015-07-20,2016-07-18,364,OBSERVED_COMPLETE,0.611842105263158,False,False,False,False,0.031247322159646467,3.741136810994995e-11,,True,OBSERVED_INCOMPLETE: adjusted_close missing at window start t0
خوساز,1395,1396,"fold1_validation,fold2_train",2017-07-21,2016-07-19,2016-07-19,2017-07-19,2017-07-19,243,130,130,108,108,,2017-07-15,,UNAVAILABLE: no valid adjusted_close in start-boundary month,,True,False,False,False,0.026515301518777484,1.4662462018482075e-11,,False,OBSERVED_INCOMPLETE: adjusted_close missing at window start t0; adjusted_close missing at window end T*
خوساز,1396,1397,"fold1_validation,fold2_train",2018-07-20,2017-07-18,2017-07-18,2018-07-18,2018-07-18,242,226,226,11,11,2017-07-24,2018-07-18,359,OBSERVED_COMPLETE,0.5598194130925509,False,False,False,False,0.029311078843957315,2.0096130170657444e-11,,True,OBSERVED_INCOMPLETE: adjusted_close missing at window start t0
خوساز,1397,1398,fold2_validation,2019-07-20,2018-07-17,2018-07-17,2019-07-17,2019-07-17,246,192,192,46,46,2018-07-17,2019-07-17,365,OBSERVED_COMPLETE,1.9116809116809117,False,False,False,False,0.03434365628363786,8.973146738487817e-12,1.9116809116809117,True,OBSERVED_COMPLETE
خوساز,1398,1399,fold2_validation,2020-07-19,2019-07-18,2019-07-20,2020-07-18,2020-07-18,240,225,225,10,10,2019-07-20,2020-07-18,364,OBSERVED_COMPLETE,6.79126213592233,False,False,False,False,0.03383939189806918,9.155969585200662e-13,6.79126213592233,True,OBSERVED_COMPLETE
خچرخش,1392,1393,"fold1_train,fold2_train",2014-07-20,2013-07-16,2013-07-16,2014-07-16,2014-07-16,245,139,139,74,74,2013-07-16,2014-07-16,365,OBSERVED_COMPLETE,1.8232044198895028,False,False,False,False,0.02408599590765949,1.1810251633425409e-10,1.8232044198895028,True,OBSERVED_COMPLETE
خچرخش,1393,1394,"fold1_train,fold2_train",2015-07-20,2014-07-19,2014-07-20,2015-07-19,2015-07-19,241,210,210,23,23,2014-07-20,2015-07-13,358,OBSERVED_COMPLETE,0.10569105691056913,False,False,False,False,0.02150425581801639,4.947571044568006e-11,,True,OBSERVED_INCOMPLETE: adjusted_close missing at window end T*
خچرخش,1394,1395,"fold1_train,fold2_train",2016-07-19,2015-07-18,2015-07-19,2016-07-18,2016-07-18,247,182,182,55,55,,2016-07-18,,UNAVAILABLE: no valid adjusted_close in start-boundary month,,True,False,False,False,0.02885531420847525,3.728992718019084e-11,,False,OBSERVED_INCOMPLETE: adjusted_close missing at window start t0
خچرخش,1395,1396,"fold1_validation,fold2_train",2017-07-21,2016-07-19,2016-07-19,2017-07-19,2017-07-19,243,232,232,7,7,2016-07-19,2017-07-19,365,OBSERVED_COMPLETE,0.8592592592592592,False,False,False,False,0.030096155759034862,1.0762169265448333e-11,0.8592592592592592,True,OBSERVED_COMPLETE
خچرخش,1396,1397,"fold1_validation,fold2_train",2018-07-20,2017-07-18,2017-07-18,2018-07-18,2018-07-18,242,234,234,5,5,2017-07-18,2018-07-18,365,OBSERVED_COMPLETE,-0.24351415094339623,False,False,False,False,0.025163188638862823,1.6315359117553934e-11,-0.24351415094339623,True,OBSERVED_COMPLETE
خچرخش,1397,1398,fold2_validation,2019-07-20,2018-07-17,2018-07-17,2019-07-17,2019-07-17,246,234,234,8,8,2018-07-17,2019-07-17,365,OBSERVED_COMPLETE,1.1759186864738078,False,False,False,False,0.03117946325068258,9.90797567686777e-12,1.1759186864738078,True,OBSERVED_COMPLETE
خچرخش,1398,1399,fold2_validation,2020-07-19,2019-07-18,2019-07-20,2020-07-18,2020-07-18,240,232,232,5,5,2019-07-20,2020-07-18,364,OBSERVED_COMPLETE,5.759376160415893,False,False,False,False,0.03091955437997857,1.6306913929909505e-12,5.759376160415893,True,OBSERVED_COMPLETE
خکمک,1392,1393,"fold1_train,fold2_train",2014-07-20,2013-07-16,2013-07-16,2014-07-16,2014-07-16,245,216,216,17,17,2013-07-16,2014-07-16,365,OBSERVED_COMPLETE,0.5862068965517242,False,False,False,False,0.03102783096889085,1.392210896495753e-10,0.5862068965517242,True,OBSERVED_COMPLETE
خکمک,1393,1394,"fold1_train,fold2_train",2015-07-20,2014-07-19,2014-07-20,2015-07-19,2015-07-19,241,224,224,13,13,2014-07-20,2015-07-15,360,OBSERVED_COMPLETE,0.8666666666666667,False,False,False,False,0.02876742499820471,3.1782974131563655e-11,,True,OBSERVED_INCOMPLETE: adjusted_close missing at window end T*
خکمک,1394,1395,"fold1_train,fold2_train",2016-07-19,2015-07-18,2015-07-19,2016-07-18,2016-07-18,247,232,232,11,11,2015-07-20,2016-07-18,364,OBSERVED_COMPLETE,-0.09999999999999998,False,False,False,False,0.028151357180521978,1.3301621648491467e-11,,True,OBSERVED_INCOMPLETE: adjusted_close missing at window start t0
خکمک,1395,1396,"fold1_validation,fold2_train",2017-07-21,2016-07-19,2016-07-19,2017-07-19,2017-07-19,243,133,133,105,105,2016-07-19,2017-07-19,365,OBSERVED_COMPLETE,0.0,False,False,False,False,0.02897809956690264,1.0786153157623427e-11,0.0,True,OBSERVED_COMPLETE
خکمک,1396,1397,"fold1_validation,fold2_train",2018-07-20,2017-07-18,2017-07-18,2018-07-18,2018-07-18,242,233,233,6,6,2017-07-18,2018-07-18,365,OBSERVED_COMPLETE,0.14492753623188404,False,False,False,False,0.02633209790194886,1.249980191525873e-11,0.14492753623188404,True,OBSERVED_COMPLETE
خکمک,1397,1398,fold2_validation,2019-07-20,2018-07-17,2018-07-17,2019-07-17,2019-07-17,246,228,228,11,11,2018-07-17,2019-07-17,365,OBSERVED_COMPLETE,2.526315789473684,False,False,False,False,0.0323538446210382,1.5566101012881592e-11,2.526315789473684,True,OBSERVED_COMPLETE
خکمک,1398,1399,fold2_validation,2020-07-19,2019-07-18,2019-07-20,2020-07-18,2020-07-18,240,219,219,14,14,2019-07-20,2020-07-18,364,OBSERVED_COMPLETE,12.342960288808664,False,False,False,False,0.033519337457738545,2.372423026548733e-12,12.342960288808664,True,OBSERVED_COMPLETE
ددام,1393,1394,"fold1_train,fold2_train",2015-07-20,2014-07-19,2014-07-20,2015-07-19,2015-07-19,241,205,205,24,24,2014-07-20,2015-07-15,360,OBSERVED_COMPLETE,0.3089430894308942,False,False,False,False,0.01488563366923558,4.647198507468108e-11,,True,OBSERVED_INCOMPLETE: adjusted_close missing at window end T*
ددام,1394,1395,"fold1_train,fold2_train",2016-07-19,2015-07-18,2015-07-19,2016-07-18,2016-07-18,247,136,136,92,92,2015-07-20,2016-07-18,364,OBSERVED_COMPLETE,-0.3190184049079755,False,False,False,False,0.017100017373074632,6.289796236938554e-11,,True,OBSERVED_INCOMPLETE: adjusted_close missing at window start t0
ددام,1395,1396,"fold1_validation,fold2_train",2017-07-21,2016-07-19,2016-07-19,2017-07-19,2017-07-19,243,145,145,90,90,2016-07-19,2017-07-19,365,OBSERVED_COMPLETE,-0.03539823008849563,False,False,False,False,0.02373191055165901,5.912947208830321e-11,-0.03539823008849563,True,OBSERVED_COMPLETE
ددام,1396,1397,"fold1_validation,fold2_train",2018-07-20,2017-07-18,2017-07-18,2018-07-18,2018-07-18,242,200,200,25,25,2017-07-18,2018-07-18,365,OBSERVED_COMPLETE,-0.4954128440366973,False,False,False,False,0.010429042771004643,5.033648430391869e-11,-0.4954128440366973,True,OBSERVED_COMPLETE
ددام,1397,1398,fold2_validation,2019-07-20,2018-07-17,2018-07-17,2019-07-17,2019-07-17,246,196,196,41,41,2018-07-17,2019-07-17,365,OBSERVED_COMPLETE,21.363636363636363,False,False,False,False,0.033815803624904626,2.060956073969028e-11,21.363636363636363,True,OBSERVED_COMPLETE
ددام,1398,1399,fold2_validation,2020-07-19,2019-07-18,2019-07-20,2020-07-18,2020-07-18,240,228,228,7,7,2019-07-20,2020-07-18,364,OBSERVED_COMPLETE,2.747892074198988,False,False,False,False,0.034016613300067174,1.3429909604726765e-12,2.747892074198988,True,OBSERVED_COMPLETE
دروز,1392,1393,"fold1_train,fold2_train",2014-07-20,2013-07-16,2013-07-16,2014-07-16,2014-07-16,245,54,54,164,164,2013-07-16,,,UNAVAILABLE: usable_daily_return_count=54 < 126; no valid adjusted_close in end-boundary month,,False,True,False,True,,,,False,OBSERVED_INCOMPLETE: usable_daily_return_count=54 < 126; adjusted_close missing at window end T*; usable_amihud_day_count=54 < 126
دروز,1393,1394,"fold1_train,fold2_train",2015-07-20,2014-07-19,2014-07-20,2015-07-19,2015-07-19,241,97,97,136,136,,2015-07-15,,UNAVAILABLE: usable_daily_return_count=97 < 126; no valid adjusted_close in start-boundary month,,True,False,False,True,,,,False,OBSERVED_INCOMPLETE: usable_daily_return_count=97 < 126; adjusted_close missing at window start t0; adjusted_close missing at window end T*; usable_amihud_day_count=97 < 126
دروز,1394,1395,"fold1_train,fold2_train",2016-07-19,2015-07-18,2015-07-19,2016-07-18,2016-07-18,247,179,179,47,47,2015-07-20,2016-07-11,357,OBSERVED_COMPLETE,-0.02270663033605813,False,False,False,False,0.016694528734279266,4.686459648127519e-11,,True,OBSERVED_INCOMPLETE: adjusted_close missing at window start t0; adjusted_close missing at window end T*
دروز,1395,1396,"fold1_validation,fold2_train",2017-07-21,2016-07-19,2016-07-19,2017-07-19,2017-07-19,243,147,147,65,65,2016-07-19,2017-07-19,365,OBSERVED_COMPLETE,-0.028810408921933095,False,False,False,False,0.015725083778680024,5.599160307490842e-11,-0.028810408921933095,True,OBSERVED_COMPLETE
دروز,1396,1397,"fold1_validation,fold2_train",2018-07-20,2017-07-18,2017-07-18,2018-07-18,2018-07-18,242,155,155,55,55,2017-07-18,2018-07-17,364,OBSERVED_COMPLETE,0.10556621880998085,False,False,False,False,0.013857864143471642,4.863019087926835e-11,,True,OBSERVED_INCOMPLETE: adjusted_close missing at window end T*
دروز,1397,1398,fold2_validation,2019-07-20,2018-07-17,2018-07-17,2019-07-17,2019-07-17,246,224,224,15,15,2018-07-17,2019-07-16,364,OBSERVED_COMPLETE,0.8385416666666667,False,False,False,False,0.03286164371342729,4.190098817155908e-11,,True,OBSERVED_INCOMPLETE: adjusted_close missing at window end T*
دروز,1398,1399,fold2_validation,2020-07-19,2019-07-18,2019-07-20,2020-07-18,2020-07-18,240,231,231,6,6,2019-07-23,2020-07-18,361,OBSERVED_COMPLETE,5.365527488855869,False,False,False,False,0.026982724825722476,4.5107581264610536e-12,,True,OBSERVED_INCOMPLETE: adjusted_close missing at window start t0
دسبحا,1392,1393,"fold1_train,fold2_train",2014-07-20,2013-07-16,2013-07-16,2014-07-16,2014-07-16,245,231,231,11,11,2013-07-17,2014-07-16,364,OBSERVED_COMPLETE,0.423913043478261,False,False,False,False,0.025465751347072647,9.807056110321996e-12,,True,OBSERVED_INCOMPLETE: adjusted_close missing at window start t0
دسبحا,1393,1394,"fold1_train,fold2_train",2015-07-20,2014-07-19,2014-07-20,2015-07-19,2015-07-19,241,223,223,15,15,2014-07-20,2015-07-15,360,OBSERVED_COMPLETE,0.5572519083969465,False,False,False,False,0.013517873910813234,6.847120753209295e-12,,True,OBSERVED_INCOMPLETE: adjusted_close missing at window end T*
دسبحا,1394,1395,"fold1_train,fold2_train",2016-07-19,2015-07-18,2015-07-19,2016-07-18,2016-07-18,247,236,236,8,8,2015-07-20,2016-07-18,364,OBSERVED_COMPLETE,0.6213592233009708,False,False,False,False,0.011627108958278072,5.083828199590588e-12,,True,OBSERVED_INCOMPLETE: adjusted_close missing at window start t0
دسبحا,1395,1396,"fold1_validation,fold2_train",2017-07-21,2016-07-19,2016-07-19,2017-07-19,2017-07-19,243,225,225,13,13,2016-07-19,2017-07-19,365,OBSERVED_COMPLETE,-0.014970059880239472,False,False,False,False,0.0071252975124905145,4.33032436799103e-12,-0.014970059880239472,True,OBSERVED_COMPLETE
دسبحا,1396,1397,"fold1_validation,fold2_train",2018-07-20,2017-07-18,2017-07-18,2018-07-18,2018-07-18,242,223,223,15,15,2017-07-18,2018-07-18,365,OBSERVED_COMPLETE,-0.015197568389057725,False,False,False,False,0.008775724527679179,6.923024778892211e-12,-0.015197568389057725,True,OBSERVED_COMPLETE
دسبحا,1397,1398,fold2_validation,2019-07-20,2018-07-17,2018-07-17,2019-07-17,2019-07-17,246,231,231,11,11,2018-07-17,2019-07-17,365,OBSERVED_COMPLETE,1.4629629629629628,False,False,False,False,0.02577000302012522,4.490793888146362e-12,1.4629629629629628,True,OBSERVED_COMPLETE
دسبحا,1398,1399,fold2_validation,2020-07-19,2019-07-18,2019-07-20,2020-07-18,2020-07-18,240,228,228,8,8,2019-07-20,2020-07-18,364,OBSERVED_COMPLETE,5.386940749697702,False,False,False,False,0.031137161543330866,1.2644302391575817e-12,5.386940749697702,True,OBSERVED_COMPLETE
دسینا,1393,1394,"fold1_train,fold2_train",2015-07-20,2014-07-19,2014-07-20,2015-07-19,2015-07-19,241,216,216,16,16,2014-07-20,2015-07-15,360,OBSERVED_COMPLETE,0.22535211267605626,False,False,False,False,0.009169967189038659,1.4187559793330745e-11,,True,OBSERVED_INCOMPLETE: adjusted_close missing at window end T*
دسینا,1394,1395,"fold1_train,fold2_train",2016-07-19,2015-07-18,2015-07-19,2016-07-18,2016-07-18,247,202,202,27,27,2015-07-20,2016-07-18,364,OBSERVED_COMPLETE,1.0186915887850465,False,False,False,False,0.014395044921464725,1.6922075281881983e-11,,True,OBSERVED_INCOMPLETE: adjusted_close missing at window start t0
دسینا,1395,1396,"fold1_validation,fold2_train",2017-07-21,2016-07-19,2016-07-19,2017-07-19,2017-07-19,243,211,211,20,20,2016-07-19,2017-07-18,364,OBSERVED_COMPLETE,0.6162361623616237,False,False,False,False,0.008213633594939198,7.863657132979438e-12,,True,OBSERVED_INCOMPLETE: adjusted_close missing at window end T*
دسینا,1396,1397,"fold1_validation,fold2_train",2018-07-20,2017-07-18,2017-07-18,2018-07-18,2018-07-18,242,220,220,16,16,2017-07-18,2018-07-18,365,OBSERVED_COMPLETE,-0.24543378995433784,False,False,False,False,0.007712472663635714,7.797558315666131e-12,-0.24543378995433784,True,OBSERVED_COMPLETE
دسینا,1397,1398,fold2_validation,2019-07-20,2018-07-17,2018-07-17,2019-07-17,2019-07-17,246,228,228,14,14,2018-07-17,2019-07-13,361,OBSERVED_COMPLETE,1.3126419379258136,False,False,False,False,0.017351847954280627,6.790659737236792e-12,,True,OBSERVED_INCOMPLETE: adjusted_close missing at window end T*
دسینا,1398,1399,fold2_validation,2020-07-19,2019-07-18,2019-07-20,2020-07-18,2020-07-18,240,226,226,10,10,2019-07-23,2020-07-18,361,OBSERVED_COMPLETE,2.1032346868547833,False,False,False,False,0.030136183697634926,1.8183868169927064e-12,,True,OBSERVED_INCOMPLETE: adjusted_close missing at window start t0
دشیمی,1393,1394,"fold1_train,fold2_train",2015-07-20,2014-07-19,2014-07-20,2015-07-19,2015-07-19,241,157,157,54,54,2014-07-21,2015-07-15,359,OBSERVED_COMPLETE,0.12916666666666665,False,False,False,False,0.01511293666659164,7.085451442583921e-11,,True,OBSERVED_INCOMPLETE: adjusted_close missing at window start t0; adjusted_close missing at window end T*
دشیمی,1394,1395,"fold1_train,fold2_train",2016-07-19,2015-07-18,2015-07-19,2016-07-18,2016-07-18,247,163,163,61,61,2015-07-20,2016-07-17,363,OBSERVED_COMPLETE,-0.1333333333333333,False,False,False,False,0.013115091347315493,5.905526534463205e-11,,True,OBSERVED_INCOMPLETE: adjusted_close missing at window start t0; adjusted_close missing at window end T*
دشیمی,1395,1396,"fold1_validation,fold2_train",2017-07-21,2016-07-19,2016-07-19,2017-07-19,2017-07-19,243,173,173,50,50,2016-07-20,2017-07-19,364,OBSERVED_COMPLETE,0.6495726495726495,False,False,False,False,0.017896199244797042,5.210535583876959e-11,,True,OBSERVED_INCOMPLETE: adjusted_close missing at window start t0
دشیمی,1396,1397,"fold1_validation,fold2_train",2018-07-20,2017-07-18,2017-07-18,2018-07-18,2018-07-18,242,173,173,40,40,2017-07-19,2018-07-18,364,OBSERVED_COMPLETE,-0.1424870466321243,False,False,False,False,0.009009891777567872,3.165454617285137e-11,,True,OBSERVED_INCOMPLETE: adjusted_close missing at window start t0
دشیمی,1397,1398,fold2_validation,2019-07-20,2018-07-17,2018-07-17,2019-07-17,2019-07-17,246,230,230,10,10,2018-07-17,2019-07-17,365,OBSERVED_COMPLETE,4.332326283987915,False,False,False,False,0.03038344714121492,2.906633224685186e-11,4.332326283987915,True,OBSERVED_COMPLETE
دشیمی,1398,1399,fold2_validation,2020-07-19,2019-07-18,2019-07-20,2020-07-18,2020-07-18,240,226,226,9,9,2019-07-20,2020-07-18,364,OBSERVED_COMPLETE,4.178492239467849,False,False,False,False,0.0343048347191362,2.0187955120433697e-12,4.178492239467849,True,OBSERVED_COMPLETE
دیران,1392,1393,"fold1_train,fold2_train",2014-07-20,2013-07-16,2013-07-16,2014-07-16,2014-07-16,245,213,213,27,27,2013-07-17,2014-07-16,364,OBSERVED_COMPLETE,0.10593220338983045,False,False,False,False,0.025845803931560662,4.275038420440977e-11,,True,OBSERVED_INCOMPLETE: adjusted_close missing at window start t0
دیران,1393,1394,"fold1_train,fold2_train",2015-07-20,2014-07-19,2014-07-20,2015-07-19,2015-07-19,241,224,224,13,13,2014-07-20,2015-07-15,360,OBSERVED_COMPLETE,0.22519083969465647,False,False,False,False,0.021527321975734277,2.488321741835924e-11,,True,OBSERVED_INCOMPLETE: adjusted_close missing at window end T*
دیران,1394,1395,"fold1_train,fold2_train",2016-07-19,2015-07-18,2015-07-19,2016-07-18,2016-07-18,247,231,231,13,13,2015-07-20,2016-07-18,364,OBSERVED_COMPLETE,0.25159235668789814,False,False,False,False,0.016275196188477607,2.3845219550635247e-11,,True,OBSERVED_INCOMPLETE: adjusted_close missing at window start t0
دیران,1395,1396,"fold1_validation,fold2_train",2017-07-21,2016-07-19,2016-07-19,2017-07-19,2017-07-19,243,210,210,26,26,2016-07-19,2017-07-19,365,OBSERVED_COMPLETE,0.4365482233502538,False,False,False,False,0.017040702014486632,3.382498598668149e-11,0.4365482233502538,True,OBSERVED_COMPLETE
دیران,1396,1397,"fold1_validation,fold2_train",2018-07-20,2017-07-18,2017-07-18,2018-07-18,2018-07-18,242,211,211,19,19,2017-07-18,2018-07-18,365,OBSERVED_COMPLETE,-0.5,False,False,False,False,0.009107894771021889,3.513280677043347e-11,-0.5,True,OBSERVED_COMPLETE
دیران,1397,1398,fold2_validation,2019-07-20,2018-07-17,2018-07-17,2019-07-17,2019-07-17,246,227,227,13,13,2018-07-18,2019-07-17,364,OBSERVED_COMPLETE,3.954225352112676,False,False,False,False,0.029141391986496124,2.939718169042775e-11,,True,OBSERVED_INCOMPLETE: adjusted_close missing at window start t0
دیران,1398,1399,fold2_validation,2020-04-18,2019-04-15,2019-04-15,2020-04-15,2020-04-15,241,222,222,12,12,2019-04-15,2020-04-15,366,OBSERVED_COMPLETE,7.38474025974026,False,False,False,False,0.03618807147452426,3.1718157446358804e-12,7.38474025974026,True,OBSERVED_COMPLETE
رانفور,1392,1393,"fold1_train,fold2_train",2014-07-20,2013-07-16,2013-07-16,2014-07-16,2014-07-16,245,235,235,6,6,2013-07-16,2014-07-16,365,OBSERVED_COMPLETE,1.1355932203389831,False,False,False,False,0.012668367072766548,2.48706302891736e-12,1.1355932203389831,True,OBSERVED_COMPLETE
رانفور,1393,1394,"fold1_train,fold2_train",2015-07-20,2014-07-19,2014-07-20,2015-07-19,2015-07-19,241,233,233,6,6,2014-07-20,2015-07-15,360,OBSERVED_COMPLETE,0.30434782608695654,False,False,False,False,0.0073844876610230014,1.7781591765899214e-12,,True,OBSERVED_INCOMPLETE: adjusted_close missing at window end T*
رانفور,1394,1395,"fold1_train,fold2_train",2016-07-19,2015-07-18,2015-07-19,2016-07-18,2016-07-18,247,240,240,5,5,2015-07-20,2016-07-18,364,OBSERVED_COMPLETE,0.509090909090909,False,False,False,False,0.01360794749144071,2.0135819511848897e-12,,True,OBSERVED_INCOMPLETE: adjusted_close missing at window start t0
رانفور,1395,1396,"fold1_validation,fold2_train",2017-07-21,2016-07-19,2016-07-19,2017-07-19,2017-07-19,243,226,226,10,10,2016-07-19,2017-07-19,365,OBSERVED_COMPLETE,0.5803212851405624,False,False,False,False,0.008754410317189447,1.6265546864216213e-12,0.5803212851405624,True,OBSERVED_COMPLETE
رانفور,1396,1397,"fold1_validation,fold2_train",2018-07-20,2017-07-18,2017-07-18,2018-07-18,2018-07-18,242,235,235,4,4,2017-07-18,2018-07-18,365,OBSERVED_COMPLETE,0.15929203539823011,False,False,False,False,0.007835209092337246,1.829843751044234e-12,0.15929203539823011,True,OBSERVED_COMPLETE
رانفور,1397,1398,fold2_validation,2019-07-20,2018-07-17,2018-07-17,2019-07-17,2019-07-17,246,232,232,10,10,2018-07-17,2019-07-17,365,OBSERVED_COMPLETE,0.5278080697928027,False,False,False,False,0.01836072223600483,1.1900759647796542e-12,0.5278080697928027,True,OBSERVED_COMPLETE
رانفور,1398,1399,fold2_validation,2020-07-19,2019-07-18,2019-07-20,2020-07-18,2020-07-18,240,232,232,4,4,2019-07-20,2020-07-18,364,OBSERVED_COMPLETE,2.393833216538192,False,False,False,False,0.027945700230782185,5.452630875548096e-13,2.393833216538192,True,OBSERVED_COMPLETE
رمپنا,1397,1398,fold2_validation,2018-08-22,2017-08-21,2017-08-21,2018-08-21,2018-08-21,245,171,171,67,67,2017-08-26,2018-08-21,360,OBSERVED_COMPLETE,0.13856068743286798,False,False,False,False,0.01776569852015385,9.856285475542576e-13,,True,OBSERVED_INCOMPLETE: adjusted_close missing at window start t0
رمپنا,1398,1399,fold2_validation,2019-08-22,2018-08-21,2018-08-21,2019-08-21,2019-08-21,242,217,217,18,18,2018-08-21,2019-08-19,363,OBSERVED_COMPLETE,1.8754716981132074,False,False,False,False,0.028393108787463126,3.1301987005878374e-13,,True,OBSERVED_INCOMPLETE: adjusted_close missing at window end T*
زمگسا,1392,1393,"fold1_train,fold2_train",2014-07-20,2013-07-16,2013-07-16,2014-07-16,2014-07-16,245,229,229,12,12,2013-07-16,2014-07-16,365,OBSERVED_COMPLETE,0.3116554054054055,False,False,False,False,0.02381289331191558,3.6002679376184424e-11,0.3116554054054055,True,OBSERVED_COMPLETE
زمگسا,1393,1394,"fold1_train,fold2_train",2015-07-20,2014-07-19,2014-07-20,2015-07-19,2015-07-19,241,196,196,33,33,2014-07-20,2015-07-15,360,OBSERVED_COMPLETE,0.11818778726198298,False,False,False,False,0.020028192608142956,3.306086908250641e-11,,True,OBSERVED_INCOMPLETE: adjusted_close missing at window end T*
زمگسا,1394,1395,"fold1_train,fold2_train",2016-07-19,2015-07-18,2015-07-19,2016-07-18,2016-07-18,247,233,233,10,10,2015-07-20,2016-07-18,364,OBSERVED_COMPLETE,0.049736688121708506,False,False,False,False,0.02332282857635019,2.926017368974994e-11,,True,OBSERVED_INCOMPLETE: adjusted_close missing at window start t0
زمگسا,1395,1396,"fold1_validation,fold2_train",2017-07-21,2016-07-19,2016-07-19,2017-07-19,2017-07-19,243,220,220,17,17,2016-07-19,2017-07-18,364,OBSERVED_COMPLETE,-0.09325287986834885,False,False,False,False,0.023502768581283057,2.6129085159811565e-11,,True,OBSERVED_INCOMPLETE: adjusted_close missing at window end T*
زمگسا,1396,1397,"fold1_validation,fold2_train",2018-07-20,2017-07-18,2017-07-18,2018-07-18,2018-07-18,242,226,226,12,12,2017-07-18,2018-07-17,364,OBSERVED_COMPLETE,-0.2419842710223835,False,False,False,False,0.017836326190036656,2.5418956864099996e-11,,True,OBSERVED_INCOMPLETE: adjusted_close missing at window end T*
زمگسا,1397,1398,fold2_validation,2019-07-20,2018-07-17,2018-07-17,2019-07-17,2019-07-17,246,222,222,15,15,2018-07-17,2019-07-17,365,OBSERVED_COMPLETE,2.479648842777334,False,False,False,False,0.032155324595383686,1.2066924015064361e-11,2.479648842777334,True,OBSERVED_COMPLETE
زمگسا,1398,1399,fold2_validation,2020-07-19,2019-07-18,2019-07-20,2020-07-18,2020-07-18,240,225,225,9,9,2019-07-20,2020-07-18,364,OBSERVED_COMPLETE,7.10360254297151,False,False,False,False,0.03280269368404142,2.744022924543403e-12,7.10360254297151,True,OBSERVED_COMPLETE
زپارس,1397,1398,fold2_validation,2019-04-19,2018-04-17,2018-05-05,2019-04-17,2019-04-17,234,114,114,118,118,,2019-04-15,,UNAVAILABLE: usable_daily_return_count=114 < 126; no valid adjusted_close in start-boundary month,,True,False,False,True,,,,False,OBSERVED_INCOMPLETE: usable_daily_return_count=114 < 126; adjusted_close missing at window start t0; adjusted_close missing at window end T*; usable_amihud_day_count=114 < 126
زپارس,1398,1399,fold2_validation,2020-04-18,2019-04-15,2019-04-15,2020-04-15,2020-04-15,241,229,229,9,9,2019-04-15,2020-04-14,365,OBSERVED_COMPLETE,4.870405278039585,False,False,False,False,0.03167931732049614,1.5948593485696716e-12,,True,OBSERVED_INCOMPLETE: adjusted_close missing at window end T*
ساراب,1392,1393,"fold1_train,fold2_train",2014-07-20,2013-07-16,2013-07-16,2014-07-16,2014-07-16,245,233,233,9,9,2013-07-16,2014-07-16,365,OBSERVED_COMPLETE,-0.2517006802721088,False,False,False,False,0.024031951699522453,1.467922028806389e-11,-0.2517006802721088,True,OBSERVED_COMPLETE
ساراب,1393,1394,"fold1_train,fold2_train",2015-07-20,2014-07-19,2014-07-20,2015-07-19,2015-07-19,241,211,211,25,25,2014-07-20,2015-07-15,360,OBSERVED_COMPLETE,-0.27938931297709924,False,False,False,False,0.014114171768990632,2.3866797327230334e-11,,True,OBSERVED_INCOMPLETE: adjusted_close missing at window end T*
ساراب,1394,1395,"fold1_train,fold2_train",2016-07-19,2015-07-18,2015-07-19,2016-07-18,2016-07-18,247,224,224,15,15,2015-07-20,2016-07-12,358,OBSERVED_COMPLETE,-0.16916488222698067,False,False,False,False,0.01661129065983196,3.7014984610144587e-11,,True,OBSERVED_INCOMPLETE: adjusted_close missing at window start t0; adjusted_close missing at window end T*
ساراب,1395,1396,"fold1_validation,fold2_train",2017-07-21,2016-07-19,2016-07-19,2017-07-19,2017-07-19,243,230,230,9,9,2016-07-19,2017-07-12,358,OBSERVED_COMPLETE,0.29123711340206193,False,False,False,False,0.023927136873527256,2.335737668678526e-11,,True,OBSERVED_INCOMPLETE: adjusted_close missing at window end T*
ساراب,1396,1397,"fold1_validation,fold2_train",2018-07-20,2017-07-18,2017-07-18,2018-07-18,2018-07-18,242,230,230,8,8,2017-07-22,2018-07-18,361,OBSERVED_COMPLETE,-0.25886524822695034,False,False,False,False,0.017145704503824948,2.8271626795842343e-11,,True,OBSERVED_INCOMPLETE: adjusted_close missing at window start t0
ساراب,1397,1398,fold2_validation,2019-07-20,2018-07-17,2018-07-17,2019-07-17,2019-07-17,246,238,238,5,5,2018-07-17,2019-07-15,363,OBSERVED_COMPLETE,2.684085510688836,False,False,False,False,0.029421329635844727,1.1752990123056985e-11,,True,OBSERVED_INCOMPLETE: adjusted_close missing at window end T*
ساراب,1398,1399,fold2_validation,2020-07-19,2019-07-18,2019-07-20,2020-07-18,2020-07-18,240,233,233,4,4,2019-07-21,2020-07-18,363,OBSERVED_COMPLETE,5.223631123919309,False,False,False,False,0.03167549029071503,2.135578656789484e-12,,True,OBSERVED_INCOMPLETE: adjusted_close missing at window start t0
ساربیل,1393,1394,"fold1_train,fold2_train",2015-04-19,2014-04-18,2014-04-19,2015-04-18,2015-04-18,242,60,60,144,144,2014-04-20,2015-04-15,360,UNAVAILABLE: usable_daily_return_count=60 < 126,,False,False,False,True,,,,False,OBSERVED_INCOMPLETE: usable_daily_return_count=60 < 126; adjusted_close missing at window start t0; adjusted_close missing at window end T*; usable_amihud_day_count=60 < 126
ساربیل,1394,1395,"fold1_train,fold2_train",2016-04-18,2015-04-17,2015-04-18,2016-04-17,2016-04-17,246,13,13,216,216,2015-04-21,,,UNAVAILABLE: usable_daily_return_count=13 < 126; no valid adjusted_close in end-boundary month,,False,True,False,True,,,,False,OBSERVED_INCOMPLETE: usable_daily_return_count=13 < 126; adjusted_close missing at window start t0; adjusted_close missing at window end T*; usable_amihud_day_count=13 < 126
ساربیل,1395,1396,"fold1_validation,fold2_train",2017-04-19,2016-04-18,2016-04-18,2017-04-18,2017-04-18,244,17,17,202,202,2016-04-18,2017-04-18,365,UNAVAILABLE: usable_daily_return_count=17 < 126,,False,False,False,True,,,,False,OBSERVED_INCOMPLETE: usable_daily_return_count=17 < 126; usable_amihud_day_count=17 < 126
ساربیل,1396,1397,"fold1_validation,fold2_train",2018-04-19,2017-04-18,2017-04-18,2018-04-18,2018-04-18,243,33,33,169,169,2017-04-18,2018-04-07,354,UNAVAILABLE: usable_daily_return_count=33 < 126,,False,False,False,True,,,,False,OBSERVED_INCOMPLETE: usable_daily_return_count=33 < 126; adjusted_close missing at window end T*; usable_amihud_day_count=33 < 126
ساربیل,1397,1398,fold2_validation,2019-04-19,2018-04-17,2018-04-17,2019-04-17,2019-04-17,245,134,134,79,79,2018-04-30,2019-04-17,352,OBSERVED_COMPLETE,1.5281385281385282,False,False,False,False,0.024389153638702372,6.153707590009479e-11,,True,OBSERVED_INCOMPLETE: adjusted_close missing at window start t0
ساربیل,1398,1399,fold2_validation,2020-04-18,2019-04-15,2019-04-15,2020-04-15,2020-04-15,241,233,233,5,5,2019-04-15,2020-04-15,366,OBSERVED_COMPLETE,1.7855440826052424,False,False,False,False,0.030297259902353,5.720992527999128e-12,1.7855440826052424,True,OBSERVED_COMPLETE
ساروم,1393,1394,"fold1_train,fold2_train",2015-07-20,2014-07-19,2014-07-20,2015-07-19,2015-07-19,241,134,134,70,70,2014-07-20,2015-07-15,360,OBSERVED_COMPLETE,-0.06365503080082136,False,False,False,False,0.012738738337276807,1.5840820715947847e-11,,True,OBSERVED_INCOMPLETE: adjusted_close missing at window end T*
ساروم,1394,1395,"fold1_train,fold2_train",2016-07-19,2015-07-18,2015-07-19,2016-07-18,2016-07-18,247,103,103,103,103,2015-07-20,2016-07-18,364,UNAVAILABLE: usable_daily_return_count=103 < 126,,False,False,False,True,,,,False,OBSERVED_INCOMPLETE: usable_daily_return_count=103 < 126; adjusted_close missing at window start t0; usable_amihud_day_count=103 < 126
ساروم,1395,1396,"fold1_validation,fold2_train",2017-07-21,2016-07-19,2016-07-19,2017-07-19,2017-07-19,243,185,185,39,39,2016-07-20,2017-07-19,364,OBSERVED_COMPLETE,0.7294832826747721,False,False,False,False,0.02150307847149973,3.086954373929087e-11,,True,OBSERVED_INCOMPLETE: adjusted_close missing at window start t0
ساروم,1396,1397,"fold1_validation,fold2_train",2018-07-20,2017-07-18,2017-07-18,2018-07-18,2018-07-18,242,223,223,12,12,2017-07-18,2018-07-18,365,OBSERVED_COMPLETE,0.1339285714285714,False,False,False,False,0.018188119179793162,2.01425073075498e-11,0.1339285714285714,True,OBSERVED_COMPLETE
ساروم,1397,1398,fold2_validation,2019-07-20,2018-07-17,2018-07-17,2019-07-17,2019-07-17,246,237,237,6,6,2018-07-17,2019-07-17,365,OBSERVED_COMPLETE,1.0393700787401574,False,False,False,False,0.029603438030183143,8.62899745563375e-12,1.0393700787401574,True,OBSERVED_COMPLETE
ساروم,1398,1399,fold2_validation,2020-07-19,2019-07-18,2019-07-20,2020-07-18,2020-07-18,240,225,225,10,10,2019-07-20,2020-07-18,364,OBSERVED_COMPLETE,8.282407407407407,False,False,False,False,0.032495695152606065,1.731741376653969e-12,8.282407407407407,True,OBSERVED_COMPLETE
سبجنو,1393,1394,"fold1_train,fold2_train",2015-07-20,2014-07-19,2014-07-20,2015-07-19,2015-07-19,241,47,47,154,154,2014-07-21,2015-07-15,359,UNAVAILABLE: usable_daily_return_count=47 < 126,,False,False,False,True,,,,False,OBSERVED_INCOMPLETE: usable_daily_return_count=47 < 126; adjusted_close missing at window start t0; adjusted_close missing at window end T*; usable_amihud_day_count=47 < 126
سبجنو,1394,1395,"fold1_train,fold2_train",2016-07-19,2015-07-18,2015-07-19,2016-07-18,2016-07-18,247,52,52,162,162,2015-07-22,2016-07-02,346,UNAVAILABLE: usable_daily_return_count=52 < 126,,False,False,False,True,,,,False,OBSERVED_INCOMPLETE: usable_daily_return_count=52 < 126; adjusted_close missing at window start t0; adjusted_close missing at window end T*; usable_amihud_day_count=52 < 126
سبجنو,1395,1396,"fold1_validation,fold2_train",2017-07-21,2016-07-19,2016-07-19,2017-07-19,2017-07-19,243,105,105,111,111,2016-07-19,2017-07-19,365,UNAVAILABLE: usable_daily_return_count=105 < 126,,False,False,False,True,,,,False,OBSERVED_INCOMPLETE: usable_daily_return_count=105 < 126; usable_amihud_day_count=105 < 126
سبجنو,1396,1397,"fold1_validation,fold2_train",2018-07-20,2017-07-18,2017-07-18,2018-07-18,2018-07-18,242,119,119,90,90,2017-07-18,2018-07-18,365,UNAVAILABLE: usable_daily_return_count=119 < 126,,False,False,False,True,,,,False,OBSERVED_INCOMPLETE: usable_daily_return_count=119 < 126; usable_amihud_day_count=119 < 126
سبجنو,1397,1398,fold2_validation,2019-07-20,2018-07-17,2018-07-17,2019-07-17,2019-07-17,246,230,230,9,9,2018-07-17,2019-07-17,365,OBSERVED_COMPLETE,2.02803738317757,False,False,False,False,0.032797967371010255,2.1346715851484762e-11,2.02803738317757,True,OBSERVED_COMPLETE
سبجنو,1398,1399,fold2_validation,2020-07-19,2019-07-18,2019-07-20,2020-07-18,2020-07-18,240,229,229,7,7,2019-07-20,2020-07-18,364,OBSERVED_COMPLETE,3.460079840319361,False,False,False,False,0.03110802611079825,3.2510077018359243e-12,3.460079840319361,True,OBSERVED_COMPLETE
سبهان,1392,1393,"fold1_train,fold2_train",2014-07-20,2013-07-16,2013-07-16,2014-07-16,2014-07-16,245,230,230,12,12,2013-07-28,2014-07-16,353,OBSERVED_COMPLETE,-0.04761904761904767,False,False,False,False,0.020063757320853953,9.288096198486145e-12,,True,OBSERVED_INCOMPLETE: adjusted_close missing at window start t0
سبهان,1393,1394,"fold1_train,fold2_train",2015-07-20,2014-07-19,2014-07-20,2015-07-19,2015-07-19,241,168,168,45,45,2014-07-20,2015-07-15,360,OBSERVED_COMPLETE,-0.1333333333333333,False,False,False,False,0.011814490376164919,2.05855249557326e-11,,True,OBSERVED_INCOMPLETE: adjusted_close missing at window end T*
سبهان,1394,1395,"fold1_train,fold2_train",2016-07-19,2015-07-18,2015-07-19,2016-07-18,2016-07-18,247,150,150,68,68,2015-07-22,2016-07-18,362,OBSERVED_COMPLETE,-0.5,False,False,False,False,0.018071183415324755,5.034467748194822e-11,,True,OBSERVED_INCOMPLETE: adjusted_close missing at window start t0
سبهان,1395,1396,"fold1_validation,fold2_train",2017-07-21,2016-07-19,2016-07-19,2017-07-19,2017-07-19,243,177,177,40,40,2016-07-19,2017-07-19,365,OBSERVED_COMPLETE,0.7307692307692308,False,False,False,False,0.02398548936714305,4.6721404576181675e-11,0.7307692307692308,True,OBSERVED_COMPLETE
سبهان,1396,1397,"fold1_validation,fold2_train",2018-07-20,2017-07-18,2017-07-18,2018-07-18,2018-07-18,242,152,152,55,55,2017-07-19,2018-07-18,364,OBSERVED_COMPLETE,0.06666666666666665,False,False,False,False,0.01873188340767082,7.283452070770928e-11,,True,OBSERVED_INCOMPLETE: adjusted_close missing at window start t0
سبهان,1397,1398,fold2_validation,2019-07-20,2018-07-17,2018-07-17,2019-07-17,2019-07-17,246,222,222,16,16,2018-07-17,2019-07-17,365,OBSERVED_COMPLETE,3.479166666666667,False,False,False,False,0.029311074288301316,2.2414126479874932e-11,3.479166666666667,True,OBSERVED_COMPLETE
سبهان,1398,1399,fold2_validation,2020-07-19,2019-07-18,2019-07-20,2020-07-18,2020-07-18,240,222,222,12,12,2019-07-20,2020-07-18,364,OBSERVED_COMPLETE,3.300469483568075,False,False,False,False,0.028886469842661622,4.0457003195498655e-12,3.300469483568075,True,OBSERVED_COMPLETE
ستران,1393,1394,"fold1_train,fold2_train",2015-07-20,2014-07-19,2014-07-20,2015-07-19,2015-07-19,241,231,231,8,8,2014-07-20,2015-07-07,352,OBSERVED_COMPLETE,-0.3866666666666667,False,False,False,False,0.01527600977686814,5.529957408427745e-12,,True,OBSERVED_INCOMPLETE: adjusted_close missing at window end T*
ستران,1394,1395,"fold1_train,fold2_train",2016-07-19,2015-07-18,2015-07-19,2016-07-18,2016-07-18,247,226,226,17,17,2015-07-20,2016-07-18,364,OBSERVED_COMPLETE,-0.2152777777777778,False,False,False,False,0.022399959711671278,1.2084958877714644e-11,,True,OBSERVED_INCOMPLETE: adjusted_close missing at window start t0
ستران,1395,1396,"fold1_validation,fold2_train",2017-07-21,2016-07-19,2016-07-19,2017-07-19,2017-07-19,243,187,187,52,52,2016-07-19,2017-07-16,362,OBSERVED_COMPLETE,0.2053571428571428,False,False,False,False,0.020923639171120764,7.741739226059963e-12,,True,OBSERVED_INCOMPLETE: adjusted_close missing at window end T*
ستران,1396,1397,"fold1_validation,fold2_train",2018-07-20,2017-07-18,2017-07-18,2018-07-18,2018-07-18,242,228,228,11,11,2017-07-26,2018-07-17,356,OBSERVED_COMPLETE,-0.3931034482758621,False,False,False,False,0.019619773785871954,1.1636662313896515e-11,,True,OBSERVED_INCOMPLETE: adjusted_close missing at window start t0; adjusted_close missing at window end T*
ستران,1397,1398,fold2_validation,2019-07-20,2018-07-17,2018-07-17,2019-07-17,2019-07-17,246,204,204,31,31,2018-07-17,2019-07-17,365,OBSERVED_COMPLETE,5.465909090909091,False,False,False,False,0.03443715130569635,8.678583761179416e-12,5.465909090909091,True,OBSERVED_COMPLETE
ستران,1398,1399,fold2_validation,2020-07-19,2019-07-18,2019-07-20,2020-07-18,2020-07-18,240,220,220,13,13,2019-07-20,2020-07-18,364,OBSERVED_COMPLETE,6.737226277372263,False,False,False,False,0.03551947249298106,6.108864053103089e-13,6.737226277372263,True,OBSERVED_COMPLETE
سخاش,1393,1394,"fold1_train,fold2_train",2015-07-20,2014-07-19,2014-07-20,2015-07-19,2015-07-19,241,110,110,85,85,2014-07-20,2015-07-14,359,UNAVAILABLE: usable_daily_return_count=110 < 126,,False,False,False,True,,,,False,OBSERVED_INCOMPLETE: usable_daily_return_count=110 < 126; adjusted_close missing at window end T*; usable_amihud_day_count=110 < 126
سخاش,1394,1395,"fold1_train,fold2_train",2016-07-19,2015-07-18,2015-07-19,2016-07-18,2016-07-18,247,82,82,120,120,2015-07-20,2016-07-17,363,UNAVAILABLE: usable_daily_return_count=82 < 126,,False,False,False,True,,,,False,OBSERVED_INCOMPLETE: usable_daily_return_count=82 < 126; adjusted_close missing at window start t0; adjusted_close missing at window end T*; usable_amihud_day_count=82 < 126
سخاش,1395,1396,"fold1_validation,fold2_train",2017-07-21,2016-07-19,2016-07-19,2017-07-19,2017-07-19,243,105,105,91,91,2016-07-19,2017-07-17,363,UNAVAILABLE: usable_daily_return_count=105 < 126,,False,False,False,True,,,,False,OBSERVED_INCOMPLETE: usable_daily_return_count=105 < 126; adjusted_close missing at window end T*; usable_amihud_day_count=105 < 126
سخاش,1396,1397,"fold1_validation,fold2_train",2018-07-20,2017-07-18,2017-07-18,2018-07-18,2018-07-18,242,74,74,121,121,2017-07-24,2018-07-08,349,UNAVAILABLE: usable_daily_return_count=74 < 126,,False,False,False,True,,,,False,OBSERVED_INCOMPLETE: usable_daily_return_count=74 < 126; adjusted_close missing at window start t0; adjusted_close missing at window end T*; usable_amihud_day_count=74 < 126
سخاش,1397,1398,fold2_validation,2019-07-20,2018-07-17,2018-07-17,2019-07-17,2019-07-17,246,195,195,30,30,2018-07-21,2019-07-17,361,OBSERVED_COMPLETE,1.2826086956521738,False,False,False,False,0.02456826303537446,4.950960764285754e-11,,True,OBSERVED_INCOMPLETE: adjusted_close missing at window start t0
سخاش,1398,1399,fold2_validation,2020-07-19,2019-07-18,2019-07-20,2020-07-18,2020-07-18,240,225,225,10,10,2019-07-20,2020-07-18,364,OBSERVED_COMPLETE,4.155339805825243,False,False,False,False,0.03313719384357205,7.542033727003474e-12,4.155339805825243,True,OBSERVED_COMPLETE
سخزر,1392,1393,"fold1_train,fold2_train",2014-07-20,2013-07-16,2013-07-16,2014-07-16,2014-07-16,245,162,162,58,58,2013-07-16,2014-07-15,364,OBSERVED_COMPLETE,0.07407407407407418,False,False,False,False,0.021026183665470034,1.478006853043978e-11,,True,OBSERVED_INCOMPLETE: adjusted_close missing at window end T*
سخزر,1393,1394,"fold1_train,fold2_train",2015-07-20,2014-07-19,2014-07-20,2015-07-19,2015-07-19,241,139,139,76,76,2014-07-20,2015-07-15,360,OBSERVED_COMPLETE,-0.06896551724137934,False,False,False,False,0.0196834729464561,3.0944092271754075e-11,,True,OBSERVED_INCOMPLETE: adjusted_close missing at window end T*
سخزر,1394,1395,"fold1_train,fold2_train",2016-07-19,2015-07-18,2015-07-19,2016-07-18,2016-07-18,247,106,106,113,113,2015-07-28,2016-07-18,356,UNAVAILABLE: usable_daily_return_count=106 < 126,,False,False,False,True,,,,False,OBSERVED_INCOMPLETE: usable_daily_return_count=106 < 126; adjusted_close missing at window start t0; usable_amihud_day_count=106 < 126
سخزر,1395,1396,"fold1_validation,fold2_train",2017-07-21,2016-07-19,2016-07-19,2017-07-19,2017-07-19,243,98,98,105,105,2016-07-19,2017-07-19,365,UNAVAILABLE: usable_daily_return_count=98 < 126,,False,False,False,True,,,,False,OBSERVED_INCOMPLETE: usable_daily_return_count=98 < 126; usable_amihud_day_count=98 < 126
سخزر,1396,1397,"fold1_validation,fold2_train",2018-07-20,2017-07-18,2017-07-18,2018-07-18,2018-07-18,242,64,64,136,136,2017-07-18,2018-07-03,350,UNAVAILABLE: usable_daily_return_count=64 < 126,,False,False,False,True,,,,False,OBSERVED_INCOMPLETE: usable_daily_return_count=64 < 126; adjusted_close missing at window end T*; usable_amihud_day_count=64 < 126
سخزر,1397,1398,fold2_validation,2019-07-20,2018-07-17,2018-07-17,2019-07-17,2019-07-17,246,203,203,32,32,2018-07-24,2019-07-17,358,OBSERVED_COMPLETE,1.0625,False,False,False,False,0.03504106061331222,3.962242043555234e-11,,True,OBSERVED_INCOMPLETE: adjusted_close missing at window start t0
سخزر,1398,1399,fold2_validation,2020-07-19,2019-07-18,2019-07-20,2020-07-18,2020-07-18,240,230,230,7,7,2019-07-20,2020-07-18,364,OBSERVED_COMPLETE,16.333333333333332,False,False,False,False,0.03449475799173197,2.99133991742519e-12,16.333333333333332,True,OBSERVED_COMPLETE
سخوز,1394,1395,"fold1_train,fold2_train",2016-07-19,2015-07-18,2015-07-19,2016-07-18,2016-07-18,247,234,234,9,9,2015-07-20,2016-07-18,364,OBSERVED_COMPLETE,-0.16348195329087045,False,False,False,False,0.01591914399289755,2.534420264548775e-11,,True,OBSERVED_INCOMPLETE: adjusted_close missing at window start t0
سخوز,1395,1396,"fold1_validation,fold2_train",2017-07-21,2016-07-19,2016-07-19,2017-07-19,2017-07-19,243,198,198,37,37,2016-07-19,2017-07-19,365,OBSERVED_COMPLETE,0.4960212201591512,False,False,False,False,0.014920928364555844,3.575667275752597e-11,0.4960212201591512,True,OBSERVED_COMPLETE
سخوز,1396,1397,"fold1_validation,fold2_train",2018-07-20,2017-07-18,2017-07-18,2018-07-18,2018-07-18,242,219,219,13,13,2017-07-18,2018-07-18,365,OBSERVED_COMPLETE,0.014209591474245054,False,False,False,False,0.010115710552641153,2.899039587246048e-11,0.014209591474245054,True,OBSERVED_COMPLETE
سخوز,1397,1398,fold2_validation,2019-07-20,2018-07-17,2018-07-17,2019-07-17,2019-07-17,246,227,227,13,13,2018-07-17,2019-07-17,365,OBSERVED_COMPLETE,2.2685512367491167,False,False,False,False,0.028800887532584585,7.60201817477168e-12,2.2685512367491167,True,OBSERVED_COMPLETE
سخوز,1398,1399,fold2_validation,2020-07-19,2019-07-18,2019-07-20,2020-07-18,2020-07-18,240,229,229,7,7,2019-07-20,2020-07-18,364,OBSERVED_COMPLETE,5.429201101928375,False,False,False,False,0.03051395849761329,1.2058717486699408e-12,5.429201101928375,True,OBSERVED_COMPLETE
سدشت,1392,1393,"fold1_train,fold2_train",2014-01-20,2013-01-18,2013-01-19,2014-01-18,2014-01-18,242,19,19,189,189,2013-01-20,2014-01-04,349,UNAVAILABLE: usable_daily_return_count=19 < 126,,False,False,False,True,,,,False,OBSERVED_INCOMPLETE: usable_daily_return_count=19 < 126; adjusted_close missing at window start t0; adjusted_close missing at window end T*; usable_amihud_day_count=19 < 126
سدشت,1393,1394,"fold1_train,fold2_train",2015-01-20,2014-01-19,2014-01-20,2015-01-19,2015-01-19,242,87,87,119,119,2014-01-21,2015-01-14,358,UNAVAILABLE: usable_daily_return_count=87 < 126,,False,False,False,True,,,,False,OBSERVED_INCOMPLETE: usable_daily_return_count=87 < 126; adjusted_close missing at window start t0; adjusted_close missing at window end T*; usable_amihud_day_count=87 < 126
سدشت,1394,1395,"fold1_train,fold2_train",2016-01-20,2015-01-19,2015-01-19,2016-01-19,2016-01-19,246,26,26,181,181,2015-01-20,2016-01-19,364,UNAVAILABLE: usable_daily_return_count=26 < 126,,False,False,False,True,,,,False,OBSERVED_INCOMPLETE: usable_daily_return_count=26 < 126; adjusted_close missing at window start t0; usable_amihud_day_count=26 < 126
سدشت,1395,1396,"fold1_validation,fold2_train",2017-01-19,2016-01-18,2016-01-18,2017-01-18,2017-01-18,246,42,42,171,171,2016-01-19,2017-01-18,365,UNAVAILABLE: usable_daily_return_count=42 < 126,,False,False,False,True,,,,False,OBSERVED_INCOMPLETE: usable_daily_return_count=42 < 126; adjusted_close missing at window start t0; usable_amihud_day_count=42 < 126
سدشت,1396,1397,"fold1_validation,fold2_train",2018-01-20,2017-01-17,2017-01-17,2018-01-17,2018-01-17,245,47,47,163,163,2017-01-17,2018-01-16,364,UNAVAILABLE: usable_daily_return_count=47 < 126,,False,False,False,True,,,,False,OBSERVED_INCOMPLETE: usable_daily_return_count=47 < 126; adjusted_close missing at window end T*; usable_amihud_day_count=47 < 126
سدشت,1397,1398,fold2_validation,2019-01-20,2018-01-19,2018-01-20,2019-01-19,2019-01-19,243,109,109,103,103,2018-01-21,2019-01-19,363,UNAVAILABLE: usable_daily_return_count=109 < 126,,False,False,False,True,,,,False,OBSERVED_INCOMPLETE: usable_daily_return_count=109 < 126; adjusted_close missing at window start t0; usable_amihud_day_count=109 < 126
سدشت,1398,1399,fold2_validation,2020-01-20,2019-01-19,2019-01-19,2020-01-19,2020-01-19,240,222,222,11,11,2019-01-19,2020-01-19,365,OBSERVED_COMPLETE,6.615146831530139,False,False,False,False,0.026053802154211,8.283469819596852e-11,6.615146831530139,True,OBSERVED_COMPLETE
سدور,1392,1393,"fold1_train,fold2_train",2014-07-20,2013-07-16,2013-07-16,2014-07-16,2014-07-16,245,214,214,22,22,2013-07-16,2014-07-16,365,OBSERVED_COMPLETE,0.34526315789473694,False,False,False,False,0.0252385126015993,1.64596846733079e-11,0.34526315789473694,True,OBSERVED_COMPLETE
سدور,1393,1394,"fold1_train,fold2_train",2015-07-20,2014-07-19,2014-07-20,2015-07-19,2015-07-19,241,105,105,107,107,2014-07-23,2015-07-15,357,UNAVAILABLE: usable_daily_return_count=105 < 126,,False,False,False,True,,,,False,OBSERVED_INCOMPLETE: usable_daily_return_count=105 < 126; adjusted_close missing at window start t0; adjusted_close missing at window end T*; usable_amihud_day_count=105 < 126
سدور,1394,1395,"fold1_train,fold2_train",2016-07-19,2015-07-18,2015-07-19,2016-07-18,2016-07-18,247,161,161,69,69,2015-07-20,2016-07-18,364,OBSERVED_COMPLETE,-0.1310084825636192,False,False,False,False,0.024392066828317686,4.770834519657927e-11,,True,OBSERVED_INCOMPLETE: adjusted_close missing at window start t0
سدور,1395,1396,"fold1_validation,fold2_train",2017-07-21,2016-07-19,2016-07-19,2017-07-19,2017-07-19,243,204,204,32,32,2016-07-19,2017-07-19,365,OBSERVED_COMPLETE,0.2306855277475517,False,False,False,False,0.02472491094398067,6.6647289624343856e-12,0.2306855277475517,True,OBSERVED_COMPLETE
سدور,1396,1397,"fold1_validation,fold2_train",2018-07-20,2017-07-18,2017-07-18,2018-07-18,2018-07-18,242,207,207,30,30,2017-07-18,2018-07-18,365,OBSERVED_COMPLETE,-0.33887349953831947,False,False,False,False,0.02257039106564684,1.2371701519644184e-11,-0.33887349953831947,True,OBSERVED_COMPLETE
سدور,1397,1398,fold2_validation,2019-07-20,2018-07-17,2018-07-17,2019-07-17,2019-07-17,246,234,234,7,7,2018-07-17,2019-07-17,365,OBSERVED_COMPLETE,1.8402877697841729,False,False,False,False,0.033172517954173336,8.192424510904572e-12,1.8402877697841729,True,OBSERVED_COMPLETE
سدور,1398,1399,fold2_validation,2020-07-19,2019-07-18,2019-07-20,2020-07-18,2020-07-18,240,229,229,7,7,2019-07-20,2020-07-18,364,OBSERVED_COMPLETE,5.699326075686884,False,False,False,False,0.03150725701358095,2.135472848796512e-12,5.699326075686884,True,OBSERVED_COMPLETE
سرود,1392,1393,"fold1_train,fold2_train",2014-07-20,2013-07-16,2013-07-16,2014-07-16,2014-07-16,245,219,219,20,20,2013-07-16,2014-07-16,365,OBSERVED_COMPLETE,0.06172839506172845,False,False,False,False,0.018265759569603867,1.3979634973820458e-11,0.06172839506172845,True,OBSERVED_COMPLETE
سرود,1393,1394,"fold1_train,fold2_train",2015-07-20,2014-07-19,2014-07-20,2015-07-19,2015-07-19,241,219,219,16,16,2014-07-20,2015-07-15,360,OBSERVED_COMPLETE,-0.313953488372093,False,False,False,False,0.01290419521929816,2.4893684691040004e-11,,True,OBSERVED_INCOMPLETE: adjusted_close missing at window end T*
سرود,1394,1395,"fold1_train,fold2_train",2016-07-19,2015-07-18,2015-07-19,2016-07-18,2016-07-18,247,220,220,17,17,2015-07-20,2016-07-18,364,OBSERVED_COMPLETE,-0.3389830508474576,False,False,False,False,0.016911699674420137,4.394644129053254e-11,,True,OBSERVED_INCOMPLETE: adjusted_close missing at window start t0
سرود,1395,1396,"fold1_validation,fold2_train",2017-07-21,2016-07-19,2016-07-19,2017-07-19,2017-07-19,243,213,213,22,22,2016-07-19,2017-07-19,365,OBSERVED_COMPLETE,0.3513513513513513,False,False,False,False,0.023094456928089604,2.9859315247745666e-11,0.3513513513513513,True,OBSERVED_COMPLETE
سرود,1396,1397,"fold1_validation,fold2_train",2018-07-20,2017-07-18,2017-07-18,2018-07-18,2018-07-18,242,229,229,8,8,2017-07-18,2018-07-18,365,OBSERVED_COMPLETE,-0.07999999999999996,False,False,False,False,0.02002367127191507,2.3320596392726893e-11,-0.07999999999999996,True,OBSERVED_COMPLETE
سرود,1397,1398,fold2_validation,2019-07-20,2018-07-17,2018-07-17,2019-07-17,2019-07-17,246,229,229,11,11,2018-07-17,2019-07-17,365,OBSERVED_COMPLETE,2.108695652173913,False,False,False,False,0.03021733798377411,2.682599653691759e-11,2.108695652173913,True,OBSERVED_COMPLETE
سرود,1398,1399,fold2_validation,2020-07-19,2019-07-18,2019-07-20,2020-07-18,2020-07-18,240,229,229,7,7,2019-07-20,2020-07-18,364,OBSERVED_COMPLETE,6.595588235294118,False,False,False,False,0.03221430968562165,2.133937785550486e-12,6.595588235294118,True,OBSERVED_COMPLETE
سشرق,1392,1393,"fold1_train,fold2_train",2014-01-20,2013-01-18,2013-01-19,2014-01-18,2014-01-18,242,214,214,22,22,2013-01-19,2014-01-18,364,OBSERVED_COMPLETE,2.8773006134969323,False,False,False,False,0.02661254327609321,1.5439699874934297e-11,2.8773006134969323,True,OBSERVED_COMPLETE
سشرق,1393,1394,"fold1_train,fold2_train",2015-01-20,2014-01-19,2014-01-20,2015-01-19,2015-01-19,242,212,212,26,26,2014-01-20,2015-01-19,364,OBSERVED_COMPLETE,-0.616260162601626,False,False,False,False,0.025050997793258284,8.009616802263971e-12,-0.616260162601626,True,OBSERVED_COMPLETE
سشرق,1394,1395,"fold1_train,fold2_train",2016-01-20,2015-01-19,2015-01-19,2016-01-19,2016-01-19,246,206,206,33,33,2015-01-19,2016-01-19,365,OBSERVED_COMPLETE,-0.22881355932203384,False,False,False,False,0.022588785608345107,1.8803407292884048e-11,-0.22881355932203384,True,OBSERVED_COMPLETE
سشرق,1395,1396,"fold1_validation,fold2_train",2017-01-19,2016-01-18,2016-01-18,2017-01-18,2017-01-18,246,205,205,33,33,2016-01-18,2017-01-18,366,OBSERVED_COMPLETE,0.2921348314606742,False,False,False,False,0.025530380543689123,7.687230270604606e-12,0.2921348314606742,True,OBSERVED_COMPLETE
سشرق,1396,1397,"fold1_validation,fold2_train",2018-01-20,2017-01-17,2017-01-17,2018-01-17,2018-01-17,245,235,235,6,6,2017-01-17,2018-01-17,365,OBSERVED_COMPLETE,-0.32300884955752207,False,False,False,False,0.016858345135168182,5.922417967640791e-12,-0.32300884955752207,True,OBSERVED_COMPLETE
سشرق,1397,1398,fold2_validation,2019-01-20,2018-01-19,2018-01-20,2019-01-19,2019-01-19,243,225,225,12,12,2018-01-20,2019-01-19,364,OBSERVED_COMPLETE,0.38815789473684204,False,False,False,False,0.027263772756144278,9.43848123518359e-12,0.38815789473684204,True,OBSERVED_COMPLETE
سشرق,1398,1399,fold2_validation,2020-01-20,2019-01-19,2019-01-19,2020-01-19,2020-01-19,240,227,227,8,8,2019-01-19,2020-01-19,365,OBSERVED_COMPLETE,2.374407582938389,False,False,False,False,0.030982491942844935,1.7667638012786595e-12,2.374407582938389,True,OBSERVED_COMPLETE
سصفها,1393,1394,"fold1_train,fold2_train",2015-07-20,2014-07-19,2014-07-20,2015-07-19,2015-07-19,241,62,62,153,153,2014-07-21,2015-07-13,357,UNAVAILABLE: usable_daily_return_count=62 < 126,,False,False,False,True,,,,False,OBSERVED_INCOMPLETE: usable_daily_return_count=62 < 126; adjusted_close missing at window start t0; adjusted_close missing at window end T*; usable_amihud_day_count=62 < 126
سصفها,1394,1395,"fold1_train,fold2_train",2016-07-19,2015-07-18,2015-07-19,2016-07-18,2016-07-18,247,18,18,198,198,2015-07-27,2016-07-18,357,UNAVAILABLE: usable_daily_return_count=18 < 126,,False,False,False,True,,,,False,OBSERVED_INCOMPLETE: usable_daily_return_count=18 < 126; adjusted_close missing at window start t0; usable_amihud_day_count=18 < 126
سصفها,1395,1396,"fold1_validation,fold2_train",2017-07-21,2016-07-19,2016-07-19,2017-07-19,2017-07-19,243,79,79,134,134,2016-07-19,2017-07-18,364,UNAVAILABLE: usable_daily_return_count=79 < 126,,False,False,False,True,,,,False,OBSERVED_INCOMPLETE: usable_daily_return_count=79 < 126; adjusted_close missing at window end T*; usable_amihud_day_count=79 < 126
سصفها,1396,1397,"fold1_validation,fold2_train",2018-07-20,2017-07-18,2017-07-18,2018-07-18,2018-07-18,242,78,78,123,123,2017-07-18,2018-07-17,364,UNAVAILABLE: usable_daily_return_count=78 < 126,,False,False,False,True,,,,False,OBSERVED_INCOMPLETE: usable_daily_return_count=78 < 126; adjusted_close missing at window end T*; usable_amihud_day_count=78 < 126
سصفها,1397,1398,fold2_validation,2019-07-20,2018-07-17,2018-07-17,2019-07-17,2019-07-17,246,230,230,10,10,2018-07-17,2019-07-17,365,OBSERVED_COMPLETE,1.1167664670658684,False,False,False,False,0.027433924695026313,4.051071431449674e-11,1.1167664670658684,True,OBSERVED_COMPLETE
سصفها,1398,1399,fold2_validation,2020-07-19,2019-07-18,2019-07-20,2020-07-18,2020-07-18,240,223,223,12,12,2019-07-24,2020-07-18,360,OBSERVED_COMPLETE,10.049865229110512,False,False,False,False,0.032863892764292045,3.7865823695999674e-12,,True,OBSERVED_INCOMPLETE: adjusted_close missing at window start t0
سغرب,1393,1394,"fold1_train,fold2_train",2015-07-20,2014-07-19,2014-07-20,2015-07-19,2015-07-19,241,229,229,8,8,2014-07-20,2015-07-15,360,OBSERVED_COMPLETE,-0.09756097560975607,False,False,False,False,0.016655910102220464,2.376548318819628e-11,,True,OBSERVED_INCOMPLETE: adjusted_close missing at window end T*
سغرب,1394,1395,"fold1_train,fold2_train",2016-07-19,2015-07-18,2015-07-19,2016-07-18,2016-07-18,247,215,215,20,20,2015-07-20,2016-07-18,364,OBSERVED_COMPLETE,-0.3287671232876712,False,False,False,False,0.01943460360857759,4.406586231097001e-11,,True,OBSERVED_INCOMPLETE: adjusted_close missing at window start t0
سغرب,1395,1396,"fold1_validation,fold2_train",2017-07-21,2016-07-19,2016-07-19,2017-07-19,2017-07-19,243,217,217,16,16,2016-07-19,2017-07-19,365,OBSERVED_COMPLETE,0.7551020408163265,False,False,False,False,0.02262657809404587,3.537020287967045e-11,0.7551020408163265,True,OBSERVED_COMPLETE
سغرب,1396,1397,"fold1_validation,fold2_train",2018-07-20,2017-07-18,2017-07-18,2018-07-18,2018-07-18,242,224,224,11,11,2017-07-18,2018-07-18,365,OBSERVED_COMPLETE,-0.046511627906976716,False,False,False,False,0.021742139595188944,3.6510411172942305e-11,-0.046511627906976716,True,OBSERVED_COMPLETE
سغرب,1397,1398,fold2_validation,2019-07-20,2018-07-17,2018-07-17,2019-07-17,2019-07-17,246,219,219,19,19,2018-07-17,2019-07-17,365,OBSERVED_COMPLETE,1.630952380952381,False,False,False,False,0.02937188478803084,1.5137731020696228e-11,1.630952380952381,True,OBSERVED_COMPLETE
سغرب,1398,1399,fold2_validation,2020-07-19,2019-07-18,2019-07-20,2020-07-18,2020-07-18,240,231,231,6,6,2019-07-20,2020-07-18,364,OBSERVED_COMPLETE,5.256756756756757,False,False,False,False,0.02871298396224868,2.9135594016458515e-12,5.256756756756757,True,OBSERVED_COMPLETE
سقاین,1392,1393,"fold1_train,fold2_train",2014-07-20,2013-07-16,2013-07-16,2014-07-16,2014-07-16,245,187,187,41,41,2013-07-16,2014-07-16,365,OBSERVED_COMPLETE,0.8157894736842106,False,False,False,False,0.014965309197763515,1.5237413194654274e-11,0.8157894736842106,True,OBSERVED_COMPLETE
سقاین,1393,1394,"fold1_train,fold2_train",2015-07-20,2014-07-19,2014-07-20,2015-07-19,2015-07-19,241,118,118,92,92,2014-07-20,2015-07-15,360,UNAVAILABLE: usable_daily_return_count=118 < 126,,False,False,False,True,,,,False,OBSERVED_INCOMPLETE: usable_daily_return_count=118 < 126; adjusted_close missing at window end T*; usable_amihud_day_count=118 < 126
سقاین,1394,1395,"fold1_train,fold2_train",2016-07-19,2015-07-18,2015-07-19,2016-07-18,2016-07-18,247,162,162,75,75,,2016-07-18,,UNAVAILABLE: no valid adjusted_close in start-boundary month,,True,False,False,False,0.020990475690800755,6.088002542797701e-11,,False,OBSERVED_INCOMPLETE: adjusted_close missing at window start t0
سقاین,1395,1396,"fold1_validation,fold2_train",2017-07-21,2016-07-19,2016-07-19,2017-07-19,2017-07-19,243,147,147,73,73,2016-07-19,2017-07-19,365,OBSERVED_COMPLETE,0.901639344262295,False,False,False,False,0.020110440901799736,6.945160391356949e-11,0.901639344262295,True,OBSERVED_COMPLETE
سقاین,1396,1397,"fold1_validation,fold2_train",2018-07-20,2017-07-18,2017-07-18,2018-07-18,2018-07-18,242,157,157,52,52,2017-07-18,2018-07-18,365,OBSERVED_COMPLETE,0.6695652173913043,False,False,False,False,0.012148246049118936,3.018065200659886e-11,0.6695652173913043,True,OBSERVED_COMPLETE
سقاین,1397,1398,fold2_validation,2019-07-20,2018-07-17,2018-07-17,2019-07-17,2019-07-17,246,233,233,8,8,2018-07-17,2019-07-17,365,OBSERVED_COMPLETE,2.2708333333333335,False,False,False,False,0.0400584249071239,2.629187478981849e-11,2.2708333333333335,True,OBSERVED_COMPLETE
سقاین,1398,1399,fold2_validation,2020-07-19,2019-07-18,2019-07-20,2020-07-18,2020-07-18,240,229,229,7,7,2019-07-20,2020-07-18,364,OBSERVED_COMPLETE,2.4227642276422765,False,False,False,False,0.029055352597307415,2.3047173222685005e-12,2.4227642276422765,True,OBSERVED_COMPLETE
سمازن,1392,1393,"fold1_train,fold2_train",2014-07-20,2013-07-16,2013-07-16,2014-07-16,2014-07-16,245,157,157,63,63,2013-07-16,2014-07-07,356,OBSERVED_COMPLETE,0.3980738362760834,False,False,False,False,0.009693221833015062,6.134271102952241e-12,,True,OBSERVED_INCOMPLETE: adjusted_close missing at window end T*
سمازن,1393,1394,"fold1_train,fold2_train",2015-07-20,2014-07-19,2014-07-20,2015-07-19,2015-07-19,241,50,50,153,153,2014-07-22,2015-07-13,356,UNAVAILABLE: usable_daily_return_count=50 < 126,,False,False,False,True,,,,False,OBSERVED_INCOMPLETE: usable_daily_return_count=50 < 126; adjusted_close missing at window start t0; adjusted_close missing at window end T*; usable_amihud_day_count=50 < 126
سمازن,1394,1395,"fold1_train,fold2_train",2016-07-19,2015-07-18,2015-07-19,2016-07-18,2016-07-18,247,15,15,210,210,,2016-07-10,,UNAVAILABLE: usable_daily_return_count=15 < 126; no valid adjusted_close in start-boundary month,,True,False,False,True,,,,False,OBSERVED_INCOMPLETE: usable_daily_return_count=15 < 126; adjusted_close missing at window start t0; adjusted_close missing at window end T*; usable_amihud_day_count=15 < 126
سمازن,1395,1396,"fold1_validation,fold2_train",2017-04-19,2016-04-18,2016-04-18,2017-04-18,2017-04-18,244,53,53,157,157,,2017-04-15,,UNAVAILABLE: usable_daily_return_count=53 < 126; no valid adjusted_close in start-boundary month,,True,False,False,True,,,,False,OBSERVED_INCOMPLETE: usable_daily_return_count=53 < 126; adjusted_close missing at window start t0; adjusted_close missing at window end T*; usable_amihud_day_count=53 < 126
سمازن,1396,1397,"fold1_validation,fold2_train",2018-04-19,2017-04-18,2017-04-18,2018-04-18,2018-04-18,243,29,29,183,183,2017-04-26,2018-04-08,347,UNAVAILABLE: usable_daily_return_count=29 < 126,,False,False,False,True,,,,False,OBSERVED_INCOMPLETE: usable_daily_return_count=29 < 126; adjusted_close missing at window start t0; adjusted_close missing at window end T*; usable_amihud_day_count=29 < 126
سمازن,1397,1398,fold2_validation,2019-04-19,2018-04-17,2018-04-17,2019-04-17,2019-04-17,245,172,172,62,62,,2019-04-17,,UNAVAILABLE: no valid adjusted_close in start-boundary month,,True,False,False,False,0.026630415473929414,1.936955749936959e-11,,False,OBSERVED_INCOMPLETE: adjusted_close missing at window start t0
سمازن,1398,1399,fold2_validation,2020-04-18,2019-04-15,2019-04-15,2020-04-15,2020-04-15,241,232,232,6,6,2019-04-16,2020-04-14,364,OBSERVED_COMPLETE,3.7006079027355625,False,False,False,False,0.031140966839155067,3.2342686628597385e-12,,True,OBSERVED_INCOMPLETE: adjusted_close missing at window start t0; adjusted_close missing at window end T*
سنیر,1393,1394,"fold1_train,fold2_train",2015-07-20,2014-07-19,2014-07-20,2015-07-19,2015-07-19,241,13,13,207,207,2014-07-21,2015-07-14,358,UNAVAILABLE: usable_daily_return_count=13 < 126,,False,False,False,True,,,,False,OBSERVED_INCOMPLETE: usable_daily_return_count=13 < 126; adjusted_close missing at window start t0; adjusted_close missing at window end T*; usable_amihud_day_count=13 < 126
سنیر,1394,1395,"fold1_train,fold2_train",2016-07-19,2015-07-18,2015-07-19,2016-07-18,2016-07-18,247,6,6,227,227,,2016-07-04,,UNAVAILABLE: usable_daily_return_count=6 < 126; no valid adjusted_close in start-boundary month,,True,False,False,True,,,,False,OBSERVED_INCOMPLETE: usable_daily_return_count=6 < 126; adjusted_close missing at window start t0; adjusted_close missing at window end T*; usable_amihud_day_count=6 < 126
سنیر,1395,1396,"fold1_validation,fold2_train",2017-07-21,2016-07-19,2016-07-19,2017-07-19,2017-07-19,243,9,9,214,214,,,,UNAVAILABLE: usable_daily_return_count=9 < 126; no valid adjusted_close in start-boundary month; no valid adjusted_close in end-boundary month,,True,True,False,True,,,,False,OBSERVED_INCOMPLETE: usable_daily_return_count=9 < 126; adjusted_close missing at window start t0; adjusted_close missing at window end T*; usable_amihud_day_count=9 < 126
سنیر,1396,1397,"fold1_validation,fold2_train",2018-07-20,2017-07-18,2017-07-18,2018-07-18,2018-07-18,242,16,16,205,205,2017-07-24,2018-07-07,348,UNAVAILABLE: usable_daily_return_count=16 < 126,,False,False,False,True,,,,False,OBSERVED_INCOMPLETE: usable_daily_return_count=16 < 126; adjusted_close missing at window start t0; adjusted_close missing at window end T*; usable_amihud_day_count=16 < 126
سنیر,1397,1398,fold2_validation,2019-07-20,2018-07-17,2018-07-17,2019-07-17,2019-07-17,246,172,172,54,54,2018-07-24,2019-07-17,358,OBSERVED_COMPLETE,3.1472868217054266,False,False,False,False,0.03089655380741978,5.254041379416423e-11,,True,OBSERVED_INCOMPLETE: adjusted_close missing at window start t0
سنیر,1398,1399,fold2_validation,2020-07-19,2019-07-18,2019-07-20,2020-07-18,2020-07-18,240,231,231,6,6,2019-07-20,2020-07-18,364,OBSERVED_COMPLETE,1.521153846153846,False,False,False,False,0.030094872289767524,3.909029808906493e-12,1.521153846153846,True,OBSERVED_COMPLETE
سهگمت,1392,1393,"fold1_train,fold2_train",2014-05-20,2013-05-19,2013-05-19,2014-05-19,2014-05-19,244,229,229,11,11,2013-05-19,2014-05-19,365,OBSERVED_COMPLETE,1.1377245508982035,False,False,False,False,0.024944981420305077,8.042659034188393e-12,1.1377245508982035,True,OBSERVED_COMPLETE
سهگمت,1393,1394,"fold1_train,fold2_train",2015-05-20,2014-05-19,2014-05-19,2015-05-19,2015-05-19,242,199,199,31,31,2014-05-19,2015-05-18,364,OBSERVED_COMPLETE,-0.3886554621848739,False,False,False,False,0.014780700010100343,1.517499543841671e-11,,True,OBSERVED_INCOMPLETE: adjusted_close missing at window end T*
سهگمت,1394,1395,"fold1_train,fold2_train",2016-05-19,2015-05-18,2015-05-18,2016-05-18,2016-05-18,249,158,158,59,59,2015-05-18,2016-05-18,366,OBSERVED_COMPLETE,-0.33791523482245134,False,False,False,False,0.020743101185589818,6.382856066635678e-11,-0.33791523482245134,True,OBSERVED_COMPLETE
سهگمت,1395,1396,"fold1_validation,fold2_train",2017-05-20,2016-05-17,2016-05-17,2017-05-17,2017-05-17,243,169,169,62,62,2016-05-17,2017-05-17,365,OBSERVED_COMPLETE,0.48318584070796455,False,False,False,False,0.02520044609900575,3.4283457793661524e-11,0.48318584070796455,True,OBSERVED_COMPLETE
سهگمت,1396,1397,"fold1_validation,fold2_train",2018-05-20,2017-05-19,2017-05-20,2018-05-19,2018-05-19,242,232,232,6,6,2017-05-20,2018-05-19,364,OBSERVED_COMPLETE,-0.3341375150784077,False,False,False,False,0.020596597377688004,2.315816440243337e-11,-0.3341375150784077,True,OBSERVED_COMPLETE
سهگمت,1397,1398,fold2_validation,2019-05-20,2018-05-19,2018-05-19,2019-05-19,2019-05-19,245,226,226,12,12,2018-05-19,2019-05-15,361,OBSERVED_COMPLETE,1.4184782608695654,False,False,False,False,0.0324318124743772,1.856830795491054e-11,,True,OBSERVED_INCOMPLETE: adjusted_close missing at window end T*
سهگمت,1398,1399,fold2_validation,2020-05-19,2019-05-18,2019-05-18,2020-05-18,2020-05-18,242,227,227,10,10,2019-05-21,2020-05-18,363,OBSERVED_COMPLETE,6.0102189781021895,False,False,False,False,0.03281720398855578,2.898138232702565e-12,,True,OBSERVED_INCOMPLETE: adjusted_close missing at window start t0
سپاها,1392,1393,"fold1_train,fold2_train",2014-01-20,2013-01-18,2013-01-19,2014-01-18,2014-01-18,242,227,227,12,12,2013-01-19,2014-01-18,364,OBSERVED_COMPLETE,2.0454545454545454,False,False,False,False,0.0261251084260144,1.1958795395991692e-11,2.0454545454545454,True,OBSERVED_COMPLETE
سپاها,1393,1394,"fold1_train,fold2_train",2015-01-20,2014-01-19,2014-01-20,2015-01-19,2015-01-19,242,234,234,5,5,2014-01-20,2015-01-19,364,OBSERVED_COMPLETE,-0.45341614906832295,False,False,False,False,0.022045221135259023,8.763386007065381e-12,-0.45341614906832295,True,OBSERVED_COMPLETE
سپاها,1394,1395,"fold1_train,fold2_train",2016-01-20,2015-01-19,2015-01-19,2016-01-19,2016-01-19,246,232,232,10,10,2015-01-19,2016-01-19,365,OBSERVED_COMPLETE,-0.08522727272727271,False,False,False,False,0.017924887156537825,2.1198131320116233e-11,-0.08522727272727271,True,OBSERVED_COMPLETE
سپاها,1395,1396,"fold1_validation,fold2_train",2017-01-19,2016-01-18,2016-01-18,2017-01-18,2017-01-18,246,223,223,16,16,2016-01-18,2017-01-18,366,OBSERVED_COMPLETE,0.2675159235668789,False,False,False,False,0.0246682396424196,1.1533261842034091e-11,0.2675159235668789,True,OBSERVED_COMPLETE
سپاها,1396,1397,"fold1_validation,fold2_train",2018-01-20,2017-01-17,2017-01-17,2018-01-17,2018-01-17,245,229,229,12,12,2017-01-17,2018-01-17,365,OBSERVED_COMPLETE,-0.2806122448979592,False,False,False,False,0.019725241217082128,1.000878705980738e-11,-0.2806122448979592,True,OBSERVED_COMPLETE
سپاها,1397,1398,fold2_validation,2019-01-20,2018-01-19,2018-01-20,2019-01-19,2019-01-19,243,218,218,16,16,2018-01-20,2019-01-19,364,OBSERVED_COMPLETE,0.31914893617021267,False,False,False,False,0.03096645944796589,1.40041295629431e-11,0.31914893617021267,True,OBSERVED_COMPLETE
سپاها,1398,1399,fold2_validation,2020-01-20,2019-01-19,2019-01-19,2020-01-19,2020-01-19,240,235,235,3,3,2019-01-19,2020-01-19,365,OBSERVED_COMPLETE,2.317204301075269,False,False,False,False,0.03241196838973933,2.821662539591934e-12,2.317204301075269,True,OBSERVED_COMPLETE
سکرد,1392,1393,"fold1_train,fold2_train",2014-01-20,2013-01-18,2013-01-19,2014-01-18,2014-01-18,242,193,193,35,35,2013-01-19,2014-01-06,352,OBSERVED_COMPLETE,1.4941675503711558,False,False,False,False,0.018527326303477917,1.278885458948854e-11,,True,OBSERVED_INCOMPLETE: adjusted_close missing at window end T*
سکرد,1393,1394,"fold1_train,fold2_train",2015-01-20,2014-01-19,2014-01-20,2015-01-19,2015-01-19,242,174,174,51,51,2014-01-25,2015-01-19,359,OBSERVED_COMPLETE,-0.5815935236472092,False,False,False,False,0.014096820355805088,2.984850004994906e-11,,True,OBSERVED_INCOMPLETE: adjusted_close missing at window start t0
سکرد,1394,1395,"fold1_train,fold2_train",2016-01-20,2015-01-19,2015-01-19,2016-01-19,2016-01-19,246,175,175,46,46,2015-01-19,2016-01-19,365,OBSERVED_COMPLETE,-0.4134419551934827,False,False,False,False,0.010384104100022823,6.07607133215927e-11,-0.4134419551934827,True,OBSERVED_COMPLETE
سکرد,1395,1396,"fold1_validation,fold2_train",2017-01-19,2016-01-18,2016-01-18,2017-01-18,2017-01-18,246,184,184,47,47,2016-01-18,2017-01-18,366,OBSERVED_COMPLETE,0.3836805555555556,False,False,False,False,0.020154858252672332,4.328167448888581e-11,0.3836805555555556,True,OBSERVED_COMPLETE
سکرد,1396,1397,"fold1_validation,fold2_train",2018-01-20,2017-01-17,2017-01-17,2018-01-17,2018-01-17,245,211,211,23,23,2017-01-17,2018-01-17,365,OBSERVED_COMPLETE,-0.4932349323493235,False,False,False,False,0.015460536077585147,3.7360481074245386e-11,-0.4932349323493235,True,OBSERVED_COMPLETE
سکرد,1397,1398,fold2_validation,2019-01-20,2018-01-19,2018-01-20,2019-01-19,2019-01-19,243,217,217,19,19,2018-01-20,2019-01-19,364,OBSERVED_COMPLETE,0.38613861386138604,False,False,False,False,0.025249816015517863,2.9949443659038174e-11,0.38613861386138604,True,OBSERVED_COMPLETE
سکرد,1398,1399,fold2_validation,2020-01-20,2019-01-19,2019-01-19,2020-01-19,2020-01-19,240,222,222,12,12,2019-01-19,2020-01-19,365,OBSERVED_COMPLETE,2.719642857142857,False,False,False,False,0.02992038706964842,6.228631270041963e-12,2.719642857142857,True,OBSERVED_COMPLETE
سیلام,1392,1393,"fold1_train,fold2_train",2014-05-20,2013-05-19,2013-05-19,2014-05-19,2014-05-19,244,193,193,38,38,2013-05-19,2014-05-18,364,OBSERVED_COMPLETE,1.3948186528497408,False,False,False,False,0.01234940882347703,1.3194722646344887e-11,,True,OBSERVED_INCOMPLETE: adjusted_close missing at window end T*
سیلام,1393,1394,"fold1_train,fold2_train",2015-05-20,2014-05-19,2014-05-19,2015-05-19,2015-05-19,242,91,91,108,108,2014-05-20,2015-05-13,358,UNAVAILABLE: usable_daily_return_count=91 < 126,,False,False,False,True,,,,False,OBSERVED_INCOMPLETE: usable_daily_return_count=91 < 126; adjusted_close missing at window start t0; adjusted_close missing at window end T*; usable_amihud_day_count=91 < 126
سیلام,1394,1395,"fold1_train,fold2_train",2016-05-19,2015-05-18,2015-05-18,2016-05-18,2016-05-18,249,28,28,193,193,2015-05-27,2016-05-16,355,UNAVAILABLE: usable_daily_return_count=28 < 126,,False,False,False,True,,,,False,OBSERVED_INCOMPLETE: usable_daily_return_count=28 < 126; adjusted_close missing at window start t0; adjusted_close missing at window end T*; usable_amihud_day_count=28 < 126
سیلام,1395,1396,"fold1_validation,fold2_train",2017-05-20,2016-05-17,2016-05-17,2017-05-17,2017-05-17,243,55,55,163,163,2016-05-30,2017-05-16,351,UNAVAILABLE: usable_daily_return_count=55 < 126,,False,False,False,True,,,,False,OBSERVED_INCOMPLETE: usable_daily_return_count=55 < 126; adjusted_close missing at window start t0; adjusted_close missing at window end T*; usable_amihud_day_count=55 < 126
سیلام,1396,1397,"fold1_validation,fold2_train",2018-05-20,2017-05-19,2017-05-20,2018-05-19,2018-05-19,242,139,139,81,81,2017-05-27,2018-05-16,354,OBSERVED_COMPLETE,-0.4517766497461929,False,False,False,False,0.011769993813967223,7.202570590203975e-11,,True,OBSERVED_INCOMPLETE: adjusted_close missing at window start t0; adjusted_close missing at window end T*
سیلام,1397,1398,fold2_validation,2019-05-20,2018-05-19,2018-05-19,2019-05-19,2019-05-19,245,203,203,27,27,2018-05-22,2019-05-18,361,OBSERVED_COMPLETE,2.001392757660167,False,False,False,False,0.057840473176480806,5.874539765309406e-11,,True,OBSERVED_INCOMPLETE: adjusted_close missing at window start t0; adjusted_close missing at window end T*
سیلام,1398,1399,fold2_validation,2020-05-19,2019-05-18,2019-05-18,2020-05-18,2020-05-18,242,228,228,10,10,2019-05-18,2020-05-18,366,OBSERVED_COMPLETE,3.9851508120649655,False,False,False,False,0.029962330433204513,4.720426100684704e-12,3.9851508120649655,True,OBSERVED_COMPLETE
شاراک,1393,1394,"fold1_train,fold2_train",2015-07-20,2014-07-19,2014-07-20,2015-07-19,2015-07-19,241,233,233,5,5,2014-07-20,2015-07-15,360,OBSERVED_COMPLETE,-0.18281938325991187,False,False,False,False,0.011133774112643073,3.788654022156511e-12,,True,OBSERVED_INCOMPLETE: adjusted_close missing at window end T*
شاراک,1394,1395,"fold1_train,fold2_train",2016-07-19,2015-07-18,2015-07-19,2016-07-18,2016-07-18,247,208,208,34,34,2015-07-20,2016-07-18,364,OBSERVED_COMPLETE,-0.19189189189189193,False,False,False,False,0.01189690098422033,1.908993506898066e-12,,True,OBSERVED_INCOMPLETE: adjusted_close missing at window start t0
شاراک,1395,1396,"fold1_validation,fold2_train",2017-07-21,2016-07-19,2016-07-19,2017-07-19,2017-07-19,243,220,220,17,17,2016-07-19,2017-07-19,365,OBSERVED_COMPLETE,0.24,False,False,False,False,0.013317690377129163,1.7419821641795776e-12,0.24,True,OBSERVED_COMPLETE
شاراک,1396,1397,"fold1_validation,fold2_train",2018-07-20,2017-07-18,2017-07-18,2018-07-18,2018-07-18,242,235,235,4,4,2017-07-18,2018-07-18,365,OBSERVED_COMPLETE,0.9272237196765498,False,False,False,False,0.015963955347017333,1.124971882796184e-12,0.9272237196765498,True,OBSERVED_COMPLETE
شاراک,1397,1398,fold2_validation,2019-07-20,2018-07-17,2018-07-17,2019-07-17,2019-07-17,246,237,237,5,5,2018-07-17,2019-07-17,365,OBSERVED_COMPLETE,1.4417009602194786,False,False,False,False,0.026934639036500993,3.9202013910744357e-13,1.4417009602194786,True,OBSERVED_COMPLETE
شاراک,1398,1399,fold2_validation,2020-07-19,2019-07-18,2019-07-20,2020-07-18,2020-07-18,240,231,231,6,6,2019-07-20,2020-07-18,364,OBSERVED_COMPLETE,3.543598233995585,False,False,False,False,0.02981439508120043,2.4529585775644635e-13,3.543598233995585,True,OBSERVED_COMPLETE
شبریز,1393,1394,"fold1_train,fold2_train",2015-07-20,2014-07-19,2014-07-20,2015-07-19,2015-07-19,241,71,71,166,166,2014-07-20,2015-07-15,360,UNAVAILABLE: usable_daily_return_count=71 < 126,,False,False,False,True,,,,False,OBSERVED_INCOMPLETE: usable_daily_return_count=71 < 126; adjusted_close missing at window end T*; usable_amihud_day_count=71 < 126
شبریز,1394,1395,"fold1_train,fold2_train",2016-07-19,2015-07-18,2015-07-19,2016-07-18,2016-07-18,247,209,209,36,36,,2016-07-18,,UNAVAILABLE: no valid adjusted_close in start-boundary month,,True,False,False,False,0.018586062944489244,4.934835522645226e-12,,False,OBSERVED_INCOMPLETE: adjusted_close missing at window start t0
شبریز,1395,1396,"fold1_validation,fold2_train",2017-07-21,2016-07-19,2016-07-19,2017-07-19,2017-07-19,243,182,182,57,57,2016-07-25,2017-07-08,348,OBSERVED_COMPLETE,0.17972350230414746,False,False,False,False,0.023787531872608857,1.4313843030022314e-12,,True,OBSERVED_INCOMPLETE: adjusted_close missing at window start t0; adjusted_close missing at window end T*
شبریز,1396,1397,"fold1_validation,fold2_train",2018-07-20,2017-07-18,2017-07-18,2018-07-18,2018-07-18,242,219,219,21,21,,2018-07-18,,UNAVAILABLE: no valid adjusted_close in start-boundary month,,True,False,False,False,0.020075672343614848,9.377550145844796e-13,,False,OBSERVED_INCOMPLETE: adjusted_close missing at window start t0
شبریز,1397,1398,fold2_validation,2019-07-20,2018-07-17,2018-07-17,2019-07-17,2019-07-17,246,232,232,8,8,2018-07-17,2019-07-17,365,OBSERVED_COMPLETE,2.3129411764705883,False,False,False,False,0.031373170864363274,7.505853225176344e-13,2.3129411764705883,True,OBSERVED_COMPLETE
شبریز,1398,1399,fold2_validation,2020-07-19,2019-07-18,2019-07-20,2020-07-18,2020-07-18,240,217,217,16,16,2019-07-20,2020-07-18,364,OBSERVED_COMPLETE,4.980028530670471,False,False,False,False,0.029633368650382987,3.3002673198910344e-13,4.980028530670471,True,OBSERVED_COMPLETE
شبندر,1393,1394,"fold1_train,fold2_train",2015-07-20,2014-07-19,2014-07-20,2015-07-19,2015-07-19,241,70,70,167,167,2014-07-20,2015-07-15,360,UNAVAILABLE: usable_daily_return_count=70 < 126,,False,False,False,True,,,,False,OBSERVED_INCOMPLETE: usable_daily_return_count=70 < 126; adjusted_close missing at window end T*; usable_amihud_day_count=70 < 126
شبندر,1394,1395,"fold1_train,fold2_train",2016-07-19,2015-07-18,2015-07-19,2016-07-18,2016-07-18,247,189,189,53,53,2015-07-20,2016-07-18,364,OBSERVED_COMPLETE,-0.05660377358490565,False,False,False,False,0.027145717711381533,9.19580207706181e-13,,True,OBSERVED_INCOMPLETE: adjusted_close missing at window start t0
شبندر,1395,1396,"fold1_validation,fold2_train",2017-07-21,2016-07-19,2016-07-19,2017-07-19,2017-07-19,243,194,194,44,44,2016-07-24,2017-07-08,349,OBSERVED_COMPLETE,0.11764705882352944,False,False,False,False,0.018235891241944076,6.04011416725682e-13,,True,OBSERVED_INCOMPLETE: adjusted_close missing at window start t0; adjusted_close missing at window end T*
شبندر,1396,1397,"fold1_validation,fold2_train",2018-07-20,2017-07-18,2017-07-18,2018-07-18,2018-07-18,242,227,227,12,12,2017-07-29,2018-07-17,353,OBSERVED_COMPLETE,0.5166666666666666,False,False,False,False,0.01671472660602266,6.445321580635898e-13,,True,OBSERVED_INCOMPLETE: adjusted_close missing at window start t0; adjusted_close missing at window end T*
شبندر,1397,1398,fold2_validation,2019-07-20,2018-07-17,2018-07-17,2019-07-17,2019-07-17,246,231,231,11,11,2018-07-17,2019-07-17,365,OBSERVED_COMPLETE,1.2307692307692308,False,False,False,False,0.027789860022428867,3.97540183605969e-13,1.2307692307692308,True,OBSERVED_COMPLETE
شبندر,1398,1399,fold2_validation,2020-07-19,2019-07-18,2019-07-20,2020-07-18,2020-07-18,240,221,221,13,13,2019-07-23,2020-07-18,361,OBSERVED_COMPLETE,6.525821596244131,False,False,False,False,0.02882569001889274,1.528086426215133e-13,,True,OBSERVED_INCOMPLETE: adjusted_close missing at window start t0
شدوص,1393,1394,"fold1_train,fold2_train",2015-07-20,2014-07-19,2014-07-20,2015-07-19,2015-07-19,241,219,219,15,15,2014-07-20,2015-07-15,360,OBSERVED_COMPLETE,-0.20588235294117652,False,False,False,False,0.023540979081054833,4.758800721316791e-11,,True,OBSERVED_INCOMPLETE: adjusted_close missing at window end T*
شدوص,1394,1395,"fold1_train,fold2_train",2016-07-19,2015-07-18,2015-07-19,2016-07-18,2016-07-18,247,214,214,23,23,2015-07-20,2016-07-18,364,OBSERVED_COMPLETE,0.03703703703703698,False,False,False,False,0.025625409741654073,4.333664218999227e-11,,True,OBSERVED_INCOMPLETE: adjusted_close missing at window start t0
شدوص,1395,1396,"fold1_validation,fold2_train",2017-07-21,2016-07-19,2016-07-19,2017-07-19,2017-07-19,243,60,60,181,181,2016-07-19,,,UNAVAILABLE: usable_daily_return_count=60 < 126; no valid adjusted_close in end-boundary month,,False,True,False,True,,,,False,OBSERVED_INCOMPLETE: usable_daily_return_count=60 < 126; adjusted_close missing at window end T*; usable_amihud_day_count=60 < 126
شدوص,1396,1397,"fold1_validation,fold2_train",2018-07-20,2017-07-18,2017-07-18,2018-07-18,2018-07-18,242,185,185,54,54,,2018-07-18,,UNAVAILABLE: no valid adjusted_close in start-boundary month,,True,False,False,False,0.028326436515154218,1.8261761351866715e-11,,False,OBSERVED_INCOMPLETE: adjusted_close missing at window start t0
شدوص,1397,1398,fold2_validation,2019-07-20,2018-07-17,2018-07-17,2019-07-17,2019-07-17,246,199,199,41,41,2018-07-17,2019-07-17,365,OBSERVED_COMPLETE,2.6984126984126986,False,False,False,False,0.033397141577190634,1.1523099438463632e-11,2.6984126984126986,True,OBSERVED_COMPLETE
شدوص,1398,1399,fold2_validation,2020-07-19,2019-07-18,2019-07-20,2020-07-18,2020-07-18,240,227,227,9,9,2019-07-20,2020-07-18,364,OBSERVED_COMPLETE,5.2894736842105265,False,False,False,False,0.031980538935133467,2.110305823588751e-12,5.2894736842105265,True,OBSERVED_COMPLETE
شفارس,1393,1394,"fold1_train,fold2_train",2015-07-20,2014-07-19,2014-07-20,2015-07-19,2015-07-19,241,215,215,17,17,2014-07-23,2015-07-15,357,OBSERVED_COMPLETE,0.125,False,False,False,False,0.02440955500787726,4.4639467553220426e-11,,True,OBSERVED_INCOMPLETE: adjusted_close missing at window start t0; adjusted_close missing at window end T*
شفارس,1394,1395,"fold1_train,fold2_train",2016-07-19,2015-07-18,2015-07-19,2016-07-18,2016-07-18,247,195,195,39,39,2015-07-20,2016-07-18,364,OBSERVED_COMPLETE,1.3333333333333335,False,False,False,False,0.031041771965548616,3.414472262498541e-11,,True,OBSERVED_INCOMPLETE: adjusted_close missing at window start t0
شفارس,1395,1396,"fold1_validation,fold2_train",2017-07-21,2016-07-19,2016-07-19,2017-07-19,2017-07-19,243,226,226,13,13,2016-07-19,2017-07-19,365,OBSERVED_COMPLETE,0.8870967741935485,False,False,False,False,0.02616714543382297,1.5085021606520363e-11,0.8870967741935485,True,OBSERVED_COMPLETE
شفارس,1396,1397,"fold1_validation,fold2_train",2018-07-20,2017-07-18,2017-07-18,2018-07-18,2018-07-18,242,233,233,6,6,2017-07-18,2018-07-18,365,OBSERVED_COMPLETE,-0.32456140350877194,False,False,False,False,0.02563631403374845,1.693215856236657e-11,-0.32456140350877194,True,OBSERVED_COMPLETE
شفارس,1397,1398,fold2_validation,2019-07-20,2018-07-17,2018-07-17,2019-07-17,2019-07-17,246,230,230,10,10,2018-07-17,2019-07-17,365,OBSERVED_COMPLETE,1.7260273972602738,False,False,False,False,0.03213926048908104,1.376496772971233e-11,1.7260273972602738,True,OBSERVED_COMPLETE
شفارس,1398,1399,fold2_validation,2020-07-19,2019-07-18,2019-07-20,2020-07-18,2020-07-18,240,233,233,4,4,2019-07-20,2020-07-18,364,OBSERVED_COMPLETE,8.54679802955665,False,False,False,False,0.030219488522999115,1.9263264216605373e-12,8.54679802955665,True,OBSERVED_COMPLETE
شلعاب,1393,1394,"fold1_train,fold2_train",2015-07-20,2014-07-19,2014-07-20,2015-07-19,2015-07-19,241,205,205,28,28,2014-07-20,2015-07-15,360,OBSERVED_COMPLETE,-0.39655172413793105,False,False,False,False,0.027140371384911793,6.681459268453996e-11,,True,OBSERVED_INCOMPLETE: adjusted_close missing at window end T*
شلعاب,1394,1395,"fold1_train,fold2_train",2016-07-19,2015-07-18,2015-07-19,2016-07-18,2016-07-18,247,200,200,40,40,2015-07-20,2016-07-18,364,OBSERVED_COMPLETE,0.19999999999999996,False,False,False,False,0.027837636510157755,3.894155542470964e-11,,True,OBSERVED_INCOMPLETE: adjusted_close missing at window start t0
شلعاب,1395,1396,"fold1_validation,fold2_train",2017-07-21,2016-07-19,2016-07-19,2017-07-19,2017-07-19,243,215,215,22,22,2016-07-19,2017-07-19,365,OBSERVED_COMPLETE,0.6046511627906976,False,False,False,False,0.029675368517053793,1.1494878787209205e-11,0.6046511627906976,True,OBSERVED_COMPLETE
شلعاب,1396,1397,"fold1_validation,fold2_train",2018-07-20,2017-07-18,2017-07-18,2018-07-18,2018-07-18,242,224,224,14,14,2017-07-18,2018-07-18,365,OBSERVED_COMPLETE,-0.35820895522388063,False,False,False,False,0.02636918892834022,1.8099792936009952e-11,-0.35820895522388063,True,OBSERVED_COMPLETE
شلعاب,1397,1398,fold2_validation,2019-07-20,2018-07-17,2018-07-17,2019-07-17,2019-07-17,246,231,231,10,10,2018-07-17,2019-07-16,364,OBSERVED_COMPLETE,1.5813953488372094,False,False,False,False,0.03161753672610988,1.790350996716426e-11,,True,OBSERVED_INCOMPLETE: adjusted_close missing at window end T*
شلعاب,1398,1399,fold2_validation,2020-07-19,2019-07-18,2019-07-20,2020-07-18,2020-07-18,240,217,217,16,16,2019-07-22,2020-07-18,362,OBSERVED_COMPLETE,10.0990990990991,False,False,False,False,0.03571919757832165,2.874332380768407e-12,,True,OBSERVED_INCOMPLETE: adjusted_close missing at window start t0
شپارس,1393,1394,"fold1_train,fold2_train",2015-01-20,2014-01-19,2014-01-20,2015-01-19,2015-01-19,242,118,118,114,114,2014-01-20,2015-01-17,362,UNAVAILABLE: usable_daily_return_count=118 < 126,,False,False,False,True,,,,False,OBSERVED_INCOMPLETE: usable_daily_return_count=118 < 126; adjusted_close missing at window end T*; usable_amihud_day_count=118 < 126
شپارس,1394,1395,"fold1_train,fold2_train",2016-01-20,2015-01-19,2015-01-19,2016-01-19,2016-01-19,246,91,91,132,132,,2016-01-18,,UNAVAILABLE: usable_daily_return_count=91 < 126; no valid adjusted_close in start-boundary month,,True,False,False,True,,,,False,OBSERVED_INCOMPLETE: usable_daily_return_count=91 < 126; adjusted_close missing at window start t0; adjusted_close missing at window end T*; usable_amihud_day_count=91 < 126
شپارس,1395,1396,"fold1_validation,fold2_train",2017-01-19,2016-01-18,2016-01-18,2017-01-18,2017-01-18,246,179,179,58,58,2016-01-18,2017-01-18,366,OBSERVED_COMPLETE,0.18644067796610164,False,False,False,False,0.025226290533841296,9.660846129904374e-11,0.18644067796610164,True,OBSERVED_COMPLETE
شپارس,1396,1397,"fold1_validation,fold2_train",2018-01-20,2017-01-17,2017-01-17,2018-01-17,2018-01-17,245,222,222,20,20,2017-01-17,2018-01-15,363,OBSERVED_COMPLETE,0.01449275362318847,False,False,False,False,0.02637929668828673,1.4929225377962357e-11,,True,OBSERVED_INCOMPLETE: adjusted_close missing at window end T*
شپارس,1397,1398,fold2_validation,2019-01-20,2018-01-19,2018-01-20,2019-01-19,2019-01-19,243,219,219,16,16,2018-01-21,2019-01-19,363,OBSERVED_COMPLETE,0.8529411764705883,False,False,False,False,0.03289658597976493,9.017423439945265e-12,,True,OBSERVED_INCOMPLETE: adjusted_close missing at window start t0
شپارس,1398,1399,fold2_validation,2020-01-20,2019-01-19,2019-01-19,2020-01-19,2020-01-19,240,230,230,7,7,2019-01-19,2020-01-19,365,OBSERVED_COMPLETE,3.404761904761905,False,False,False,False,0.031768338824103515,2.881043515288861e-12,3.404761904761905,True,OBSERVED_COMPLETE
شپنا,1393,1394,"fold1_train,fold2_train",2015-07-20,2014-07-19,2014-07-20,2015-07-19,2015-07-19,241,71,71,167,167,,2015-07-15,,UNAVAILABLE: usable_daily_return_count=71 < 126; no valid adjusted_close in start-boundary month,,True,False,False,True,,,,False,OBSERVED_INCOMPLETE: usable_daily_return_count=71 < 126; adjusted_close missing at window start t0; adjusted_close missing at window end T*; usable_amihud_day_count=71 < 126
شپنا,1394,1395,"fold1_train,fold2_train",2016-07-19,2015-07-18,2015-07-19,2016-07-18,2016-07-18,247,228,228,16,16,2015-07-20,2016-07-18,364,OBSERVED_COMPLETE,0.02941176470588225,False,False,False,False,0.023622035556862247,1.0771985792784737e-12,,True,OBSERVED_INCOMPLETE: adjusted_close missing at window start t0
شپنا,1395,1396,"fold1_validation,fold2_train",2017-07-21,2016-07-19,2016-07-19,2017-07-19,2017-07-19,243,213,213,26,26,2016-07-25,2017-07-08,348,OBSERVED_COMPLETE,0.1351351351351351,False,False,False,False,0.020386533921704388,8.591085328541046e-13,,True,OBSERVED_INCOMPLETE: adjusted_close missing at window start t0; adjusted_close missing at window end T*
شپنا,1396,1397,"fold1_validation,fold2_train",2018-07-20,2017-07-18,2017-07-18,2018-07-18,2018-07-18,242,223,223,16,16,2017-07-31,2018-07-17,351,OBSERVED_COMPLETE,0.4651162790697674,False,False,False,False,0.01895285685668855,4.0296125550002895e-13,,True,OBSERVED_INCOMPLETE: adjusted_close missing at window start t0; adjusted_close missing at window end T*
شپنا,1397,1398,fold2_validation,2019-07-20,2018-07-17,2018-07-17,2019-07-17,2019-07-17,246,229,229,11,11,2018-07-17,2019-07-15,363,OBSERVED_COMPLETE,1.9841269841269842,False,False,False,False,0.028067795213564783,1.423436147008684e-13,,True,OBSERVED_INCOMPLETE: adjusted_close missing at window end T*
شپنا,1398,1399,fold2_validation,2020-07-19,2019-07-18,2019-07-20,2020-07-18,2020-07-18,240,224,224,11,11,2019-07-21,2020-07-15,360,OBSERVED_COMPLETE,7.588541666666666,False,False,False,False,0.027715517960613778,8.479806592702025e-14,,True,OBSERVED_INCOMPLETE: adjusted_close missing at window start t0; adjusted_close missing at window end T*
شکربن,1393,1394,"fold1_train,fold2_train",2015-07-20,2014-07-19,2014-07-20,2015-07-19,2015-07-19,241,226,226,11,11,2014-07-26,2015-07-15,354,OBSERVED_COMPLETE,0.22222222222222232,False,False,False,False,0.030604799618521965,1.3441893685055947e-11,,True,OBSERVED_INCOMPLETE: adjusted_close missing at window start t0; adjusted_close missing at window end T*
شکربن,1394,1395,"fold1_train,fold2_train",2016-07-19,2015-07-18,2015-07-19,2016-07-18,2016-07-18,247,215,215,27,27,2015-07-20,2016-07-18,364,OBSERVED_COMPLETE,0.0714285714285714,False,False,False,False,0.02813653255981578,8.128311595099829e-12,,True,OBSERVED_INCOMPLETE: adjusted_close missing at window start t0
شکربن,1395,1396,"fold1_validation,fold2_train",2017-07-21,2016-07-19,2016-07-19,2017-07-19,2017-07-19,243,221,221,17,17,2016-07-19,2017-07-19,365,OBSERVED_COMPLETE,0.02127659574468077,False,False,False,False,0.0237216100056771,1.0748606945922123e-11,0.02127659574468077,True,OBSERVED_COMPLETE
شکربن,1396,1397,"fold1_validation,fold2_train",2018-07-20,2017-07-18,2017-07-18,2018-07-18,2018-07-18,242,224,224,13,13,2017-07-18,2018-07-18,365,OBSERVED_COMPLETE,1.0217391304347827,False,False,False,False,0.023295631360788962,5.531418610405727e-12,1.0217391304347827,True,OBSERVED_COMPLETE
شکربن,1397,1398,fold2_validation,2019-07-20,2018-07-17,2018-07-17,2019-07-17,2019-07-17,246,225,225,13,13,2018-07-17,2019-07-17,365,OBSERVED_COMPLETE,2.8876404494382024,False,False,False,False,0.034572394334728064,4.117982502196874e-12,2.8876404494382024,True,OBSERVED_COMPLETE
شکربن,1398,1399,fold2_validation,2020-07-19,2019-07-18,2019-07-20,2020-07-18,2020-07-18,240,229,229,7,7,2019-07-20,2020-07-18,364,OBSERVED_COMPLETE,5.265861027190332,False,False,False,False,0.03378536298817791,6.906287692867024e-13,5.265861027190332,True,OBSERVED_COMPLETE
شکلر,1393,1394,"fold1_train,fold2_train",2015-01-20,2014-01-19,2014-01-20,2015-01-19,2015-01-19,242,206,206,28,28,2014-01-20,2015-01-19,364,OBSERVED_COMPLETE,0.0826446280991735,False,False,False,False,0.020358181501422153,3.097099454448469e-11,0.0826446280991735,True,OBSERVED_COMPLETE
شکلر,1394,1395,"fold1_train,fold2_train",2016-01-20,2015-01-19,2015-01-19,2016-01-19,2016-01-19,246,215,215,22,22,2015-01-19,2016-01-19,365,OBSERVED_COMPLETE,0.0992366412213741,False,False,False,False,0.020922327002678747,3.956437078254059e-11,0.0992366412213741,True,OBSERVED_COMPLETE
شکلر,1395,1396,"fold1_validation,fold2_train",2017-01-19,2016-01-18,2016-01-18,2017-01-18,2017-01-18,246,227,227,14,14,2016-01-18,2017-01-18,366,OBSERVED_COMPLETE,0.27142857142857135,False,False,False,False,0.023033865943390474,2.3835977591310484e-11,0.27142857142857135,True,OBSERVED_COMPLETE
شکلر,1396,1397,"fold1_validation,fold2_train",2018-01-20,2017-01-17,2017-01-17,2018-01-17,2018-01-17,245,232,232,8,8,2017-01-17,2018-01-17,365,OBSERVED_COMPLETE,0.6352941176470588,False,False,False,False,0.02577533080182927,2.146329863805028e-11,0.6352941176470588,True,OBSERVED_COMPLETE
شکلر,1398,1399,fold2_validation,2019-12-21,2018-12-18,2018-12-18,2019-12-18,2019-12-18,241,231,231,6,6,2018-12-18,2019-12-18,365,OBSERVED_COMPLETE,3.0207253886010363,False,False,False,False,0.030312040722520577,1.8187203808459863e-12,3.0207253886010363,True,OBSERVED_COMPLETE
شیران,1393,1394,"fold1_train,fold2_train",2015-04-19,2014-04-18,2014-04-19,2015-04-18,2015-04-18,242,227,227,12,12,2014-04-19,2015-04-18,364,OBSERVED_COMPLETE,0.03750000000000009,False,False,False,False,0.013136943476210512,2.060262295243472e-12,0.03750000000000009,True,OBSERVED_COMPLETE
شیران,1394,1395,"fold1_train,fold2_train",2016-04-18,2015-04-17,2015-04-18,2016-04-17,2016-04-17,246,228,228,14,14,2015-04-18,2016-04-17,365,OBSERVED_COMPLETE,0.3855421686746987,False,False,False,False,0.012320185009445301,2.0070632751536476e-12,0.3855421686746987,True,OBSERVED_COMPLETE
شیران,1395,1396,"fold1_validation,fold2_train",2017-04-19,2016-04-18,2016-04-18,2017-04-18,2017-04-18,244,223,223,15,15,2016-04-18,2017-04-18,365,OBSERVED_COMPLETE,0.04347826086956519,False,False,False,False,0.010908064051141064,1.9031511720195187e-12,0.04347826086956519,True,OBSERVED_COMPLETE
شیران,1396,1397,"fold1_validation,fold2_train",2018-04-19,2017-04-18,2017-04-18,2018-04-18,2018-04-18,243,236,236,4,4,2017-04-18,2018-04-18,365,OBSERVED_COMPLETE,0.08333333333333326,False,False,False,False,0.010978196364205519,1.6263295953135305e-12,0.08333333333333326,True,OBSERVED_COMPLETE
شیران,1397,1398,fold2_validation,2019-04-19,2018-04-17,2018-04-17,2019-04-17,2019-04-17,245,231,231,9,9,2018-04-17,2019-04-17,365,OBSERVED_COMPLETE,1.1603053435114505,False,False,False,False,0.027983665458172772,1.2518220689976398e-12,1.1603053435114505,True,OBSERVED_COMPLETE
شیران,1398,1399,fold2_validation,2020-04-18,2019-04-15,2019-04-15,2020-04-15,2020-04-15,241,220,220,15,15,2019-04-15,2020-04-15,366,OBSERVED_COMPLETE,3.7612456747404845,False,False,False,False,0.030200659730612082,2.2436380733418588e-13,3.7612456747404845,True,OBSERVED_COMPLETE
غبهنوش,1392,1393,"fold1_train,fold2_train",2014-07-20,2013-07-16,2013-07-16,2014-07-16,2014-07-16,245,141,141,75,75,2013-07-16,2014-07-15,364,OBSERVED_COMPLETE,0.08812615955473091,False,False,False,False,0.017512442354888046,2.3691769502042052e-11,,True,OBSERVED_INCOMPLETE: adjusted_close missing at window end T*
غبهنوش,1393,1394,"fold1_train,fold2_train",2015-07-20,2014-07-19,2014-07-20,2015-07-19,2015-07-19,241,204,204,28,28,2014-07-22,2015-07-12,355,OBSERVED_COMPLETE,-0.20354302241503974,False,False,False,False,0.016010302834458225,2.7882681249323912e-11,,True,OBSERVED_INCOMPLETE: adjusted_close missing at window start t0; adjusted_close missing at window end T*
غبهنوش,1394,1395,"fold1_train,fold2_train",2016-07-19,2015-07-18,2015-07-19,2016-07-18,2016-07-18,247,183,183,48,48,,2016-07-17,,UNAVAILABLE: no valid adjusted_close in start-boundary month,,True,False,False,False,0.017024109409109724,4.755192585538521e-11,,False,OBSERVED_INCOMPLETE: adjusted_close missing at window start t0; adjusted_close missing at window end T*
غبهنوش,1395,1396,"fold1_validation,fold2_train",2017-07-21,2016-07-19,2016-07-19,2017-07-19,2017-07-19,243,151,151,78,78,2016-07-31,2017-07-17,351,OBSERVED_COMPLETE,0.026609224531170872,False,False,False,False,0.016642331765058863,4.20934392087432e-11,,True,OBSERVED_INCOMPLETE: adjusted_close missing at window start t0; adjusted_close missing at window end T*
غبهنوش,1396,1397,"fold1_validation,fold2_train",2018-07-20,2017-07-18,2017-07-18,2018-07-18,2018-07-18,242,227,227,13,13,,2018-07-17,,UNAVAILABLE: no valid adjusted_close in start-boundary month,,True,False,False,False,0.01731306155031578,4.4560937494122824e-11,,False,OBSERVED_INCOMPLETE: adjusted_close missing at window start t0; adjusted_close missing at window end T*
غبهنوش,1397,1398,fold2_validation,2019-07-20,2018-07-17,2018-07-17,2019-07-17,2019-07-17,246,231,231,10,10,2018-07-17,2019-07-16,364,OBSERVED_COMPLETE,2.2292595896520964,False,False,False,False,0.02586984888358619,2.923004802751539e-11,,True,OBSERVED_INCOMPLETE: adjusted_close missing at window end T*
غبهنوش,1398,1399,fold2_validation,2020-07-19,2019-07-18,2019-07-20,2020-07-18,2020-07-18,240,222,222,13,13,2019-07-23,2020-07-18,361,OBSERVED_COMPLETE,7.946569178852643,False,False,False,False,0.0305830175521383,3.2142905850687546e-12,,True,OBSERVED_INCOMPLETE: adjusted_close missing at window start t0
غدام,1392,1393,"fold1_train,fold2_train",2014-04-19,2013-04-16,2013-04-16,2014-04-16,2014-04-16,245,88,88,120,120,2013-04-16,2014-04-14,363,UNAVAILABLE: usable_daily_return_count=88 < 126,,False,False,False,True,,,,False,OBSERVED_INCOMPLETE: usable_daily_return_count=88 < 126; adjusted_close missing at window end T*; usable_amihud_day_count=88 < 126
غدام,1393,1394,"fold1_train,fold2_train",2015-04-19,2014-04-18,2014-04-19,2015-04-18,2015-04-18,242,107,107,109,109,2014-04-28,2015-04-18,355,UNAVAILABLE: usable_daily_return_count=107 < 126,,False,False,False,True,,,,False,OBSERVED_INCOMPLETE: usable_daily_return_count=107 < 126; adjusted_close missing at window start t0; usable_amihud_day_count=107 < 126
غدام,1394,1395,"fold1_train,fold2_train",2016-04-18,2015-04-17,2015-04-18,2016-04-17,2016-04-17,246,6,6,218,218,2015-04-18,2016-04-11,359,UNAVAILABLE: usable_daily_return_count=6 < 126,,False,False,False,True,,,,False,OBSERVED_INCOMPLETE: usable_daily_return_count=6 < 126; adjusted_close missing at window end T*; usable_amihud_day_count=6 < 126
غدام,1395,1396,"fold1_validation,fold2_train",2017-04-19,2016-04-18,2016-04-18,2017-04-18,2017-04-18,244,24,24,207,207,2016-04-19,,,UNAVAILABLE: usable_daily_return_count=24 < 126; no valid adjusted_close in end-boundary month,,False,True,False,True,,,,False,OBSERVED_INCOMPLETE: usable_daily_return_count=24 < 126; adjusted_close missing at window start t0; adjusted_close missing at window end T*; usable_amihud_day_count=24 < 126
غدام,1396,1397,"fold1_validation,fold2_train",2018-04-19,2017-04-18,2017-04-18,2018-04-18,2018-04-18,243,62,62,151,151,2017-04-22,2018-04-16,359,UNAVAILABLE: usable_daily_return_count=62 < 126,,False,False,False,True,,,,False,OBSERVED_INCOMPLETE: usable_daily_return_count=62 < 126; adjusted_close missing at window start t0; adjusted_close missing at window end T*; usable_amihud_day_count=62 < 126
غدام,1397,1398,fold2_validation,2019-04-19,2018-04-17,2018-04-17,2019-04-17,2019-04-17,245,146,146,75,75,2018-04-23,2019-04-17,359,OBSERVED_COMPLETE,2.706924315619968,False,False,False,False,0.035585378909331264,8.441059975052935e-11,,True,OBSERVED_INCOMPLETE: adjusted_close missing at window start t0
غدام,1398,1399,fold2_validation,2020-04-18,2019-04-15,2019-04-15,2020-04-15,2020-04-15,241,238,238,1,1,2019-04-15,2020-04-15,366,OBSERVED_COMPLETE,1.7381769852696864,False,False,False,False,0.031522215329946195,1.0288854122710326e-11,1.7381769852696864,True,OBSERVED_COMPLETE
غسالم,1392,1393,"fold1_train,fold2_train",2014-07-20,2013-07-16,2013-07-16,2014-07-16,2014-07-16,245,168,168,57,57,2013-07-16,2014-07-14,363,OBSERVED_COMPLETE,2.85,False,False,False,False,0.018509800109642253,3.8652186492803596e-11,,True,OBSERVED_INCOMPLETE: adjusted_close missing at window end T*
غسالم,1393,1394,"fold1_train,fold2_train",2015-07-20,2014-07-19,2014-07-20,2015-07-19,2015-07-19,241,97,97,111,111,,2015-07-11,,UNAVAILABLE: usable_daily_return_count=97 < 126; no valid adjusted_close in start-boundary month,,True,False,False,True,,,,False,OBSERVED_INCOMPLETE: usable_daily_return_count=97 < 126; adjusted_close missing at window start t0; adjusted_close missing at window end T*; usable_amihud_day_count=97 < 126
غسالم,1394,1395,"fold1_train,fold2_train",2016-07-19,2015-07-18,2015-07-19,2016-07-18,2016-07-18,247,115,115,91,91,2015-07-27,2016-07-11,350,UNAVAILABLE: usable_daily_return_count=115 < 126,,False,False,False,True,,,,False,OBSERVED_INCOMPLETE: usable_daily_return_count=115 < 126; adjusted_close missing at window start t0; adjusted_close missing at window end T*; usable_amihud_day_count=115 < 126
غسالم,1395,1396,"fold1_validation,fold2_train",2017-07-21,2016-07-19,2016-07-19,2017-07-19,2017-07-19,243,89,89,103,103,2016-07-19,2017-07-17,363,UNAVAILABLE: usable_daily_return_count=89 < 126,,False,False,False,True,,,,False,OBSERVED_INCOMPLETE: usable_daily_return_count=89 < 126; adjusted_close missing at window end T*; usable_amihud_day_count=89 < 126
غسالم,1396,1397,"fold1_validation,fold2_train",2018-07-20,2017-07-18,2017-07-18,2018-07-18,2018-07-18,242,147,147,65,65,2017-07-25,2018-07-18,358,OBSERVED_COMPLETE,0.023622047244094446,False,False,False,False,0.015070003065155256,5.615447200206579e-11,,True,OBSERVED_INCOMPLETE: adjusted_close missing at window start t0
غسالم,1397,1398,fold2_validation,2019-07-20,2018-07-17,2018-07-17,2019-07-17,2019-07-17,246,185,185,36,36,2018-07-18,2019-07-13,360,OBSERVED_COMPLETE,5.084615384615384,False,False,False,False,0.034000911646952806,3.876466211249063e-11,,True,OBSERVED_INCOMPLETE: adjusted_close missing at window start t0; adjusted_close missing at window end T*
غسالم,1398,1399,fold2_validation,2020-07-19,2019-07-18,2019-07-20,2020-07-18,2020-07-18,240,216,216,20,20,2019-07-20,2020-07-18,364,OBSERVED_COMPLETE,6.71994715984148,False,False,False,False,0.03226233519796141,4.553283881902166e-12,6.71994715984148,True,OBSERVED_COMPLETE
غشان,1392,1393,"fold1_train,fold2_train",2014-07-20,2013-07-16,2013-07-16,2014-07-16,2014-07-16,245,219,219,23,23,2013-07-16,2014-07-16,365,OBSERVED_COMPLETE,-0.11650485436893199,False,False,False,False,0.0282681654899124,3.262408182446296e-11,-0.11650485436893199,True,OBSERVED_COMPLETE
غشان,1393,1394,"fold1_train,fold2_train",2015-07-20,2014-07-19,2014-07-20,2015-07-19,2015-07-19,241,187,187,47,47,2014-07-20,2015-07-15,360,OBSERVED_COMPLETE,0.25274725274725274,False,False,False,False,0.026897311523100396,4.013770097996281e-11,,True,OBSERVED_INCOMPLETE: adjusted_close missing at window end T*
غشان,1394,1395,"fold1_train,fold2_train",2016-07-19,2015-07-18,2015-07-19,2016-07-18,2016-07-18,247,216,216,24,24,2015-07-20,2016-07-18,364,OBSERVED_COMPLETE,0.0,False,False,False,False,0.027120975123729973,3.331304023575395e-11,,True,OBSERVED_INCOMPLETE: adjusted_close missing at window start t0
غشان,1395,1396,"fold1_validation,fold2_train",2017-07-21,2016-07-19,2016-07-19,2017-07-19,2017-07-19,243,183,183,56,56,2016-07-19,2017-07-19,365,OBSERVED_COMPLETE,0.6991150442477876,False,False,False,False,0.028251887355640035,3.521768491759841e-11,0.6991150442477876,True,OBSERVED_COMPLETE
غشان,1396,1397,"fold1_validation,fold2_train",2018-07-20,2017-07-18,2017-07-18,2018-07-18,2018-07-18,242,234,234,5,5,2017-07-18,2018-07-18,365,OBSERVED_COMPLETE,-0.11413043478260865,False,False,False,False,0.020124738568687957,2.4216063598840558e-11,-0.11413043478260865,True,OBSERVED_COMPLETE
غشان,1397,1398,fold2_validation,2019-07-20,2018-07-17,2018-07-17,2019-07-17,2019-07-17,246,217,217,19,19,2018-07-17,2019-07-17,365,OBSERVED_COMPLETE,3.8433734939759034,False,False,False,False,0.032179035527308136,1.601092917706918e-11,3.8433734939759034,True,OBSERVED_COMPLETE
غشان,1398,1399,fold2_validation,2020-07-19,2019-07-18,2019-07-20,2020-07-18,2020-07-18,240,218,218,14,14,2019-07-20,2020-07-18,364,OBSERVED_COMPLETE,6.319121447028424,False,False,False,False,0.0339928752740747,1.644511840095738e-12,6.319121447028424,True,OBSERVED_COMPLETE
غشهد,1392,1393,"fold1_train,fold2_train",2014-07-20,2013-07-16,2013-07-16,2014-07-16,2014-07-16,245,133,133,92,92,2013-07-16,2014-07-12,361,OBSERVED_COMPLETE,-0.4585152838427947,False,False,False,False,0.01601771984335359,9.23964813971904e-11,,True,OBSERVED_INCOMPLETE: adjusted_close missing at window end T*
غشهد,1393,1394,"fold1_train,fold2_train",2015-07-20,2014-07-19,2014-07-20,2015-07-19,2015-07-19,241,154,154,62,62,2014-07-21,2015-07-15,359,OBSERVED_COMPLETE,-0.09677419354838712,False,False,False,False,0.015895920107782107,9.153727187916253e-11,,True,OBSERVED_INCOMPLETE: adjusted_close missing at window start t0; adjusted_close missing at window end T*
غشهد,1394,1395,"fold1_train,fold2_train",2016-07-19,2015-07-18,2015-07-19,2016-07-18,2016-07-18,247,113,113,90,90,2015-07-20,2016-07-18,364,UNAVAILABLE: usable_daily_return_count=113 < 126,,False,False,False,True,,,,False,OBSERVED_INCOMPLETE: usable_daily_return_count=113 < 126; adjusted_close missing at window start t0; usable_amihud_day_count=113 < 126
غشهد,1395,1396,"fold1_validation,fold2_train",2017-07-21,2016-07-19,2016-07-19,2017-07-19,2017-07-19,243,113,113,107,107,2016-07-19,2017-07-12,358,UNAVAILABLE: usable_daily_return_count=113 < 126,,False,False,False,True,,,,False,OBSERVED_INCOMPLETE: usable_daily_return_count=113 < 126; adjusted_close missing at window end T*; usable_amihud_day_count=113 < 126
غشهد,1396,1397,"fold1_validation,fold2_train",2018-07-20,2017-07-18,2017-07-18,2018-07-18,2018-07-18,242,191,191,35,35,2017-07-23,2018-07-18,360,OBSERVED_COMPLETE,-0.35260115606936415,False,False,False,False,0.015052010407318009,2.8229941816815862e-11,,True,OBSERVED_INCOMPLETE: adjusted_close missing at window start t0
غشهد,1397,1398,fold2_validation,2019-07-20,2018-07-17,2018-07-17,2019-07-17,2019-07-17,246,149,149,89,89,2018-07-18,2019-07-17,364,OBSERVED_COMPLETE,5.517857142857143,False,False,False,False,0.0994658919122666,8.44381920418224e-11,,True,OBSERVED_INCOMPLETE: adjusted_close missing at window start t0
غشهد,1398,1399,fold2_validation,2020-07-19,2019-07-18,2019-07-20,2020-07-18,2020-07-18,240,207,207,27,27,2019-07-20,2020-07-18,364,OBSERVED_COMPLETE,3.901749663526245,False,False,False,False,0.03343955171273002,1.2936589164505081e-12,3.901749663526245,True,OBSERVED_COMPLETE
غنوش,1392,1393,"fold1_train,fold2_train",2014-07-20,2013-07-16,2013-07-16,2014-07-16,2014-07-16,245,92,92,103,103,2013-07-16,2014-07-07,356,UNAVAILABLE: usable_daily_return_count=92 < 126,,False,False,False,True,,,,False,OBSERVED_INCOMPLETE: usable_daily_return_count=92 < 126; adjusted_close missing at window end T*; usable_amihud_day_count=92 < 126
غنوش,1393,1394,"fold1_train,fold2_train",2015-07-20,2014-07-19,2014-07-20,2015-07-19,2015-07-19,241,13,13,190,190,,2015-07-11,,UNAVAILABLE: usable_daily_return_count=13 < 126; no valid adjusted_close in start-boundary month,,True,False,False,True,,,,False,OBSERVED_INCOMPLETE: usable_daily_return_count=13 < 126; adjusted_close missing at window start t0; adjusted_close missing at window end T*; usable_amihud_day_count=13 < 126
غنوش,1394,1395,"fold1_train,fold2_train",2016-07-19,2015-07-18,2015-07-19,2016-07-18,2016-07-18,247,0,0,235,235,,2016-07-10,,UNAVAILABLE: usable_daily_return_count=0 < 126; no valid adjusted_close in start-boundary month,,True,False,False,True,,,,False,OBSERVED_INCOMPLETE: usable_daily_return_count=0 < 126; adjusted_close missing at window start t0; adjusted_close missing at window end T*; usable_amihud_day_count=0 < 126
غنوش,1395,1396,"fold1_validation,fold2_train",2017-07-21,2016-07-19,2016-07-19,2017-07-19,2017-07-19,243,6,6,223,223,2016-07-24,,,UNAVAILABLE: usable_daily_return_count=6 < 126; no valid adjusted_close in end-boundary month,,False,True,False,True,,,,False,OBSERVED_INCOMPLETE: usable_daily_return_count=6 < 126; adjusted_close missing at window start t0; adjusted_close missing at window end T*; usable_amihud_day_count=6 < 126
غنوش,1396,1397,"fold1_validation,fold2_train",2018-07-20,2017-07-18,2017-07-18,2018-07-18,2018-07-18,242,4,4,228,228,,2018-07-17,,UNAVAILABLE: usable_daily_return_count=4 < 126; no valid adjusted_close in start-boundary month,,True,False,False,True,,,,False,OBSERVED_INCOMPLETE: usable_daily_return_count=4 < 126; adjusted_close missing at window start t0; adjusted_close missing at window end T*; usable_amihud_day_count=4 < 126
غنوش,1397,1398,fold2_validation,2019-07-20,2018-07-17,2018-07-17,2019-07-17,2019-07-17,246,2,2,235,235,2018-07-17,2019-07-17,365,UNAVAILABLE: usable_daily_return_count=2 < 126,,False,False,False,True,,,,False,OBSERVED_INCOMPLETE: usable_daily_return_count=2 < 126; usable_amihud_day_count=2 < 126
غنوش,1398,1399,fold2_validation,2020-07-19,2019-07-18,2019-07-20,2020-07-18,2020-07-18,240,142,142,83,83,2019-07-20,2020-07-18,364,OBSERVED_COMPLETE,171.6875,False,False,False,False,0.02624482604925555,1.0138720896700249e-11,171.6875,True,OBSERVED_COMPLETE
غگل,1392,1393,"fold1_train,fold2_train",2014-01-20,2013-01-18,2013-01-19,2014-01-18,2014-01-18,242,60,60,138,138,2013-01-21,2014-01-12,356,UNAVAILABLE: usable_daily_return_count=60 < 126,,False,False,False,True,,,,False,OBSERVED_INCOMPLETE: usable_daily_return_count=60 < 126; adjusted_close missing at window start t0; adjusted_close missing at window end T*; usable_amihud_day_count=60 < 126
غگل,1393,1394,"fold1_train,fold2_train",2015-01-20,2014-01-19,2014-01-20,2015-01-19,2015-01-19,242,21,21,182,182,2014-01-25,2015-01-13,353,UNAVAILABLE: usable_daily_return_count=21 < 126,,False,False,False,True,,,,False,OBSERVED_INCOMPLETE: usable_daily_return_count=21 < 126; adjusted_close missing at window start t0; adjusted_close missing at window end T*; usable_amihud_day_count=21 < 126
غگل,1394,1395,"fold1_train,fold2_train",2016-01-20,2015-01-19,2015-01-19,2016-01-19,2016-01-19,246,46,46,168,168,2015-01-26,2016-01-13,352,UNAVAILABLE: usable_daily_return_count=46 < 126,,False,False,False,True,,,,False,OBSERVED_INCOMPLETE: usable_daily_return_count=46 < 126; adjusted_close missing at window start t0; adjusted_close missing at window end T*; usable_amihud_day_count=46 < 126
غگل,1395,1396,"fold1_validation,fold2_train",2017-01-19,2016-01-18,2016-01-18,2017-01-18,2017-01-18,246,221,221,19,19,2016-01-27,2017-01-09,348,OBSERVED_COMPLETE,0.44680851063829796,False,False,False,False,0.01964102986190172,1.7445180151077322e-11,,True,OBSERVED_INCOMPLETE: adjusted_close missing at window start t0; adjusted_close missing at window end T*
غگل,1396,1397,"fold1_validation,fold2_train",2018-01-20,2017-01-17,2017-01-17,2018-01-17,2018-01-17,245,208,208,29,29,2017-01-24,2018-01-14,355,OBSERVED_COMPLETE,0.19999999999999996,False,False,False,False,0.011318660432795558,1.6439806210553698e-11,,True,OBSERVED_INCOMPLETE: adjusted_close missing at window start t0; adjusted_close missing at window end T*
غگل,1397,1398,fold2_validation,2019-01-20,2018-01-19,2018-01-20,2019-01-19,2019-01-19,243,219,219,15,15,2018-01-24,2019-01-15,356,OBSERVED_COMPLETE,-0.2797202797202797,False,False,False,False,0.022579133005459166,2.1603279128073603e-11,,True,OBSERVED_INCOMPLETE: adjusted_close missing at window start t0; adjusted_close missing at window end T*
غگل,1398,1399,fold2_validation,2020-01-20,2019-01-19,2019-01-19,2020-01-19,2020-01-19,240,228,228,9,9,2019-01-20,2020-01-15,360,OBSERVED_COMPLETE,4.794392523364486,False,False,False,False,0.0312670137605335,3.5829883594084586e-12,,True,OBSERVED_INCOMPLETE: adjusted_close missing at window start t0; adjusted_close missing at window end T*
فاذر,1393,1394,"fold1_train,fold2_train",2015-07-20,2014-07-19,2014-07-20,2015-07-19,2015-07-19,241,224,224,12,12,2014-07-20,2015-07-15,360,OBSERVED_COMPLETE,0.36440677966101687,False,False,False,False,0.025616018494132364,1.5894921483179328e-12,,True,OBSERVED_INCOMPLETE: adjusted_close missing at window end T*
فاذر,1394,1395,"fold1_train,fold2_train",2016-07-19,2015-07-18,2015-07-19,2016-07-18,2016-07-18,247,216,216,27,27,,2016-07-18,,UNAVAILABLE: no valid adjusted_close in start-boundary month,,True,False,False,False,0.024625263180369002,7.05877766582628e-13,,False,OBSERVED_INCOMPLETE: adjusted_close missing at window start t0
فاذر,1395,1396,"fold1_validation,fold2_train",2017-07-21,2016-07-19,2016-07-19,2017-07-19,2017-07-19,243,208,208,31,31,2016-07-25,,,UNAVAILABLE: no valid adjusted_close in end-boundary month,,False,True,False,False,0.020906092885825324,8.649986814199923e-13,,False,OBSERVED_INCOMPLETE: adjusted_close missing at window start t0; adjusted_close missing at window end T*
فاذر,1396,1397,"fold1_validation,fold2_train",2018-07-20,2017-07-18,2017-07-18,2018-07-18,2018-07-18,242,0,0,242,242,,,,UNAVAILABLE: usable_daily_return_count=0 < 126; no valid adjusted_close in start-boundary month; no valid adjusted_close in end-boundary month,,True,True,False,True,,,,False,OBSERVED_INCOMPLETE: usable_daily_return_count=0 < 126; adjusted_close missing at window start t0; adjusted_close missing at window end T*; usable_amihud_day_count=0 < 126
فاذر,1397,1398,fold2_validation,2019-07-20,2018-07-17,2018-07-17,2019-07-17,2019-07-17,246,221,221,22,22,,2019-07-17,,UNAVAILABLE: no valid adjusted_close in start-boundary month,,True,False,False,False,0.03003588711755545,3.195520935727656e-12,,False,OBSERVED_INCOMPLETE: adjusted_close missing at window start t0
فاذر,1398,1399,fold2_validation,2020-07-19,2019-07-18,2019-07-20,2020-07-18,2020-07-18,240,212,212,22,22,2019-07-24,2020-07-12,354,OBSERVED_COMPLETE,7.886462882096071,False,False,False,False,0.03470831585239746,6.960463066965835e-13,,True,OBSERVED_INCOMPLETE: adjusted_close missing at window start t0; adjusted_close missing at window end T*
فایرا,1393,1394,"fold1_train,fold2_train",2015-07-20,2014-07-19,2014-07-20,2015-07-19,2015-07-19,241,187,187,48,48,,2015-07-14,,UNAVAILABLE: no valid adjusted_close in start-boundary month,,True,False,False,False,0.02272406029758298,5.6287411655958284e-12,,False,OBSERVED_INCOMPLETE: adjusted_close missing at window start t0; adjusted_close missing at window end T*
فایرا,1394,1395,"fold1_train,fold2_train",2016-07-19,2015-07-18,2015-07-19,2016-07-18,2016-07-18,247,60,60,186,186,2015-07-28,,,UNAVAILABLE: usable_daily_return_count=60 < 126; no valid adjusted_close in end-boundary month,,False,True,False,True,,,,False,OBSERVED_INCOMPLETE: usable_daily_return_count=60 < 126; adjusted_close missing at window start t0; adjusted_close missing at window end T*; usable_amihud_day_count=60 < 126
فایرا,1395,1396,"fold1_validation,fold2_train",2017-07-21,2016-07-19,2016-07-19,2017-07-19,2017-07-19,243,0,0,243,243,,,,UNAVAILABLE: usable_daily_return_count=0 < 126; no valid adjusted_close in start-boundary month; no valid adjusted_close in end-boundary month,,True,True,False,True,,,,False,OBSERVED_INCOMPLETE: usable_daily_return_count=0 < 126; adjusted_close missing at window start t0; adjusted_close missing at window end T*; usable_amihud_day_count=0 < 126
فایرا,1396,1397,"fold1_validation,fold2_train",2018-07-20,2017-07-18,2017-07-18,2018-07-18,2018-07-18,242,207,207,29,29,,2018-07-18,,UNAVAILABLE: no valid adjusted_close in start-boundary month,,True,False,False,False,0.03179158669945301,3.686928180573063e-12,,False,OBSERVED_INCOMPLETE: adjusted_close missing at window start t0
فایرا,1397,1398,fold2_validation,2019-07-20,2018-07-17,2018-07-17,2019-07-17,2019-07-17,246,237,237,7,7,2018-07-17,2019-07-17,365,OBSERVED_COMPLETE,1.4672131147540983,False,False,False,False,0.030649529020247424,1.9079814905591907e-12,1.4672131147540983,True,OBSERVED_COMPLETE
فایرا,1398,1399,fold2_validation,2020-07-19,2019-07-18,2019-07-20,2020-07-18,2020-07-18,240,223,223,13,13,2019-07-20,2020-07-18,364,OBSERVED_COMPLETE,4.239344262295082,False,False,False,False,0.03114307065515638,7.166219864581987e-13,4.239344262295082,True,OBSERVED_COMPLETE
فباهنر,1393,1394,"fold1_train,fold2_train",2015-07-20,2014-07-19,2014-07-20,2015-07-19,2015-07-19,241,219,219,19,19,2014-07-20,2015-07-15,360,OBSERVED_COMPLETE,0.0,False,False,False,False,0.03544687204594759,1.4796089418836655e-11,,True,OBSERVED_INCOMPLETE: adjusted_close missing at window end T*
فباهنر,1394,1395,"fold1_train,fold2_train",2016-07-19,2015-07-18,2015-07-19,2016-07-18,2016-07-18,247,239,239,6,6,2015-07-20,2016-07-18,364,OBSERVED_COMPLETE,0.1875,False,False,False,False,0.037121191936716404,2.2634972278349932e-11,,True,OBSERVED_INCOMPLETE: adjusted_close missing at window start t0
فباهنر,1395,1396,"fold1_validation,fold2_train",2017-07-21,2016-07-19,2016-07-19,2017-07-19,2017-07-19,243,192,192,44,44,2016-07-19,2017-07-05,351,OBSERVED_COMPLETE,1.9500000000000002,False,False,False,False,0.03313743178763649,4.230548894353654e-12,,True,OBSERVED_INCOMPLETE: adjusted_close missing at window end T*
فباهنر,1396,1397,"fold1_validation,fold2_train",2018-07-20,2017-07-18,2017-07-18,2018-07-18,2018-07-18,242,227,227,11,11,2017-07-22,2018-07-18,361,OBSERVED_COMPLETE,0.08108108108108114,False,False,False,False,0.025473871968016502,1.893273390873579e-12,,True,OBSERVED_INCOMPLETE: adjusted_close missing at window start t0
فباهنر,1397,1398,fold2_validation,2019-07-20,2018-07-17,2018-07-17,2019-07-17,2019-07-17,246,235,235,7,7,2018-07-17,2019-07-17,365,OBSERVED_COMPLETE,1.1463414634146343,False,False,False,False,0.030412518210323487,1.4441335243257998e-12,1.1463414634146343,True,OBSERVED_COMPLETE
فباهنر,1398,1399,fold2_validation,2020-07-19,2019-07-18,2019-07-20,2020-07-18,2020-07-18,240,206,206,25,25,2019-07-20,2020-07-18,364,OBSERVED_COMPLETE,7.4728260869565215,False,False,False,False,0.03328481210260083,5.391233679978429e-13,7.4728260869565215,True,OBSERVED_COMPLETE
فجام,1393,1394,"fold1_train,fold2_train",2015-07-20,2014-07-19,2014-07-20,2015-07-19,2015-07-19,241,169,169,47,47,2014-07-28,2015-07-15,352,OBSERVED_COMPLETE,0.051724137931034475,False,False,False,False,0.014503796229171407,5.470671894794944e-11,,True,OBSERVED_INCOMPLETE: adjusted_close missing at window start t0; adjusted_close missing at window end T*
فجام,1394,1395,"fold1_train,fold2_train",2016-07-19,2015-07-18,2015-07-19,2016-07-18,2016-07-18,247,133,133,77,77,2015-07-26,2016-07-13,353,OBSERVED_COMPLETE,1.6448087431693987,False,False,False,False,0.02358570379071974,4.2244172008207266e-11,,True,OBSERVED_INCOMPLETE: adjusted_close missing at window start t0; adjusted_close missing at window end T*
فجام,1395,1396,"fold1_validation,fold2_train",2017-07-21,2016-07-19,2016-07-19,2017-07-19,2017-07-19,243,148,148,64,64,2016-07-20,2017-07-19,364,OBSERVED_COMPLETE,-0.15400000000000003,False,False,False,False,0.012287854297888255,6.428501735481199e-11,,True,OBSERVED_INCOMPLETE: adjusted_close missing at window start t0
فجام,1396,1397,"fold1_validation,fold2_train",2018-07-20,2017-07-18,2017-07-18,2018-07-18,2018-07-18,242,91,91,103,103,2017-07-18,2018-07-17,364,UNAVAILABLE: usable_daily_return_count=91 < 126,,False,False,False,True,,,,False,OBSERVED_INCOMPLETE: usable_daily_return_count=91 < 126; adjusted_close missing at window end T*; usable_amihud_day_count=91 < 126
فجام,1397,1398,fold2_validation,2019-07-20,2018-07-17,2018-07-17,2019-07-17,2019-07-17,246,197,197,31,31,2018-07-17,2019-07-17,365,OBSERVED_COMPLETE,2.791530944625407,False,False,False,False,0.03951989169802205,7.781829323743443e-11,2.791530944625407,True,OBSERVED_COMPLETE
فجام,1398,1399,fold2_validation,2020-07-19,2019-07-18,2019-07-20,2020-07-18,2020-07-18,240,231,231,6,6,2019-07-20,2020-07-14,360,OBSERVED_COMPLETE,2.935541629364369,False,False,False,False,0.030449454903531778,2.44434129764846e-12,,True,OBSERVED_INCOMPLETE: adjusted_close missing at window end T*
فجر,1393,1394,"fold1_train,fold2_train",2015-07-20,2014-07-19,2014-07-20,2015-07-19,2015-07-19,241,44,44,162,162,2014-07-20,2015-07-15,360,UNAVAILABLE: usable_daily_return_count=44 < 126,,False,False,False,True,,,,False,OBSERVED_INCOMPLETE: usable_daily_return_count=44 < 126; adjusted_close missing at window end T*; usable_amihud_day_count=44 < 126
فجر,1394,1395,"fold1_train,fold2_train",2016-07-19,2015-07-18,2015-07-19,2016-07-18,2016-07-18,247,36,36,187,187,,2016-07-04,,UNAVAILABLE: usable_daily_return_count=36 < 126; no valid adjusted_close in start-boundary month,,True,False,False,True,,,,False,OBSERVED_INCOMPLETE: usable_daily_return_count=36 < 126; adjusted_close missing at window start t0; adjusted_close missing at window end T*; usable_amihud_day_count=36 < 126
فجر,1395,1396,"fold1_validation,fold2_train",2017-07-21,2016-07-19,2016-07-19,2017-07-19,2017-07-19,243,159,159,56,56,2016-07-24,2017-07-19,360,OBSERVED_COMPLETE,0.6610169491525424,False,False,False,False,0.014495479570303308,1.2459838128225942e-11,,True,OBSERVED_INCOMPLETE: adjusted_close missing at window start t0
فجر,1396,1397,"fold1_validation,fold2_train",2018-07-20,2017-07-18,2017-07-18,2018-07-18,2018-07-18,242,80,80,129,129,2017-07-19,2018-07-18,364,UNAVAILABLE: usable_daily_return_count=80 < 126,,False,False,False,True,,,,False,OBSERVED_INCOMPLETE: usable_daily_return_count=80 < 126; adjusted_close missing at window start t0; usable_amihud_day_count=80 < 126
فجر,1397,1398,fold2_validation,2019-07-20,2018-07-17,2018-07-17,2019-07-17,2019-07-17,246,197,197,29,29,2018-07-17,2019-07-17,365,OBSERVED_COMPLETE,1.7169811320754715,False,False,False,False,0.044986963669799145,1.1094014792204136e-11,1.7169811320754715,True,OBSERVED_COMPLETE
فجر,1398,1399,fold2_validation,2020-07-19,2019-07-18,2019-07-20,2020-07-18,2020-07-18,240,231,231,6,6,2019-07-20,2020-07-18,364,OBSERVED_COMPLETE,2.6262975778546713,False,False,False,False,0.030854332857229685,8.761224320454033e-13,2.6262975778546713,True,OBSERVED_COMPLETE
فخوز,1393,1394,"fold1_train,fold2_train",2015-07-20,2014-07-19,2014-07-20,2015-07-19,2015-07-19,241,207,207,30,30,2014-07-20,2015-07-15,360,OBSERVED_COMPLETE,-0.40384615384615385,False,False,False,False,0.00936485689567299,1.7162033223620697e-12,,True,OBSERVED_INCOMPLETE: adjusted_close missing at window end T*
فخوز,1394,1395,"fold1_train,fold2_train",2016-07-19,2015-07-18,2015-07-19,2016-07-18,2016-07-18,247,183,183,58,58,2015-07-20,2016-07-18,364,OBSERVED_COMPLETE,0.0,False,False,False,False,0.021423379931285357,3.0488752278637198e-12,,True,OBSERVED_INCOMPLETE: adjusted_close missing at window start t0
فخوز,1395,1396,"fold1_validation,fold2_train",2017-07-21,2016-07-19,2016-07-19,2017-07-19,2017-07-19,243,205,205,33,33,,2017-07-19,,UNAVAILABLE: no valid adjusted_close in start-boundary month,,True,False,False,False,0.015918057090223564,1.3646824111022255e-12,,False,OBSERVED_INCOMPLETE: adjusted_close missing at window start t0
فخوز,1396,1397,"fold1_validation,fold2_train",2018-07-20,2017-07-18,2017-07-18,2018-07-18,2018-07-18,242,223,223,13,13,2017-07-18,2018-07-18,365,OBSERVED_COMPLETE,1.2222222222222223,False,False,False,False,0.01533151153034424,6.311229856861849e-13,1.2222222222222223,True,OBSERVED_COMPLETE
فخوز,1397,1398,fold2_validation,2019-07-20,2018-07-17,2018-07-17,2019-07-17,2019-07-17,246,232,232,10,10,2018-07-17,2019-07-17,365,OBSERVED_COMPLETE,0.7058823529411764,False,False,False,False,0.022598173147313355,5.308995327181908e-13,0.7058823529411764,True,OBSERVED_COMPLETE
فخوز,1398,1399,fold2_validation,2020-07-19,2019-07-18,2019-07-20,2020-07-18,2020-07-18,240,236,236,2,2,2019-07-20,2020-07-18,364,OBSERVED_COMPLETE,3.7481481481481485,False,False,False,False,0.02726401289514988,2.4824896646701855e-13,3.7481481481481485,True,OBSERVED_COMPLETE
فرآور,1393,1394,"fold1_train,fold2_train",2015-07-20,2014-07-19,2014-07-20,2015-07-19,2015-07-19,241,229,229,8,8,2014-07-20,2015-07-15,360,OBSERVED_COMPLETE,-0.5662650602409638,False,False,False,False,0.021296555038398047,3.223194933575767e-11,,True,OBSERVED_INCOMPLETE: adjusted_close missing at window end T*
فرآور,1394,1395,"fold1_train,fold2_train",2016-07-19,2015-07-18,2015-07-19,2016-07-18,2016-07-18,247,200,200,38,38,2015-07-20,2016-07-18,364,OBSERVED_COMPLETE,1.0833333333333335,False,False,False,False,0.027621463689734234,5.2230152889905286e-11,,True,OBSERVED_INCOMPLETE: adjusted_close missing at window start t0
فرآور,1395,1396,"fold1_validation,fold2_train",2017-07-21,2016-07-19,2016-07-19,2017-07-19,2017-07-19,243,208,208,28,28,2016-07-19,2017-07-19,365,OBSERVED_COMPLETE,0.9863013698630136,False,False,False,False,0.033968215319335734,1.3152613558375437e-11,0.9863013698630136,True,OBSERVED_COMPLETE
فرآور,1396,1397,"fold1_validation,fold2_train",2018-07-20,2017-07-18,2017-07-18,2018-07-18,2018-07-18,242,230,230,7,7,2017-07-18,2018-07-18,365,OBSERVED_COMPLETE,0.46308724832214776,False,False,False,False,0.028658118001005196,6.575834591415099e-12,0.46308724832214776,True,OBSERVED_COMPLETE
فرآور,1397,1398,fold2_validation,2019-07-20,2018-07-17,2018-07-17,2019-07-17,2019-07-17,246,231,231,9,9,2018-07-17,2019-07-17,365,OBSERVED_COMPLETE,1.9497716894977168,False,False,False,False,0.03169260041236585,4.54459833294174e-12,1.9497716894977168,True,OBSERVED_COMPLETE
فرآور,1398,1399,fold2_validation,2020-07-19,2019-07-18,2019-07-20,2020-07-18,2020-07-18,240,207,207,29,29,2019-07-20,2020-07-18,364,OBSERVED_COMPLETE,3.0913385826771655,False,False,False,False,0.03231606354142735,1.0032713999581632e-12,3.0913385826771655,True,OBSERVED_COMPLETE
فسرب,1393,1394,"fold1_train,fold2_train",2015-07-20,2014-07-19,2014-07-20,2015-07-19,2015-07-19,241,206,206,29,29,2014-07-20,2015-07-15,360,OBSERVED_COMPLETE,-0.3846153846153846,False,False,False,False,0.02195868894459309,3.210308583971589e-11,,True,OBSERVED_INCOMPLETE: adjusted_close missing at window end T*
فسرب,1394,1395,"fold1_train,fold2_train",2016-07-19,2015-07-18,2015-07-19,2016-07-18,2016-07-18,247,230,230,13,13,2015-07-20,2016-07-18,364,OBSERVED_COMPLETE,1.1875,False,False,False,False,0.030445934464095162,2.0918460473435615e-11,,True,OBSERVED_INCOMPLETE: adjusted_close missing at window start t0
فسرب,1395,1396,"fold1_validation,fold2_train",2017-07-21,2016-07-19,2016-07-19,2017-07-19,2017-07-19,243,217,217,20,20,2016-07-19,2017-07-19,365,OBSERVED_COMPLETE,0.041095890410958846,False,False,False,False,0.03136702936975999,8.28715361591273e-12,0.041095890410958846,True,OBSERVED_COMPLETE
فسرب,1396,1397,"fold1_validation,fold2_train",2018-07-20,2017-07-18,2017-07-18,2018-07-18,2018-07-18,242,230,230,7,7,2017-07-18,2018-07-18,365,OBSERVED_COMPLETE,0.6973684210526316,False,False,False,False,0.025925554384754235,7.4789391820652e-12,0.6973684210526316,True,OBSERVED_COMPLETE
فسرب,1397,1398,fold2_validation,2019-07-20,2018-07-17,2018-07-17,2019-07-17,2019-07-17,246,234,234,7,7,2018-07-17,2019-07-17,365,OBSERVED_COMPLETE,2.7615384615384615,False,False,False,False,0.032831944781402556,5.46354916009256e-12,2.7615384615384615,True,OBSERVED_COMPLETE
فسرب,1398,1399,fold2_validation,2020-07-19,2019-07-18,2019-07-20,2020-07-18,2020-07-18,240,226,226,8,8,2019-07-20,2020-07-18,364,OBSERVED_COMPLETE,9.791075050709939,False,False,False,False,0.033944402034493955,7.152868177637574e-13,9.791075050709939,True,OBSERVED_COMPLETE
فسپا,1393,1394,"fold1_train,fold2_train",2015-07-20,2014-07-19,2014-07-20,2015-07-19,2015-07-19,241,34,34,180,180,2014-07-20,2015-07-05,350,UNAVAILABLE: usable_daily_return_count=34 < 126,,False,False,False,True,,,,False,OBSERVED_INCOMPLETE: usable_daily_return_count=34 < 126; adjusted_close missing at window end T*; usable_amihud_day_count=34 < 126
فسپا,1394,1395,"fold1_train,fold2_train",2016-07-19,2015-07-18,2015-07-19,2016-07-18,2016-07-18,247,21,21,193,193,2015-07-22,,,UNAVAILABLE: usable_daily_return_count=21 < 126; no valid adjusted_close in end-boundary month,,False,True,False,True,,,,False,OBSERVED_INCOMPLETE: usable_daily_return_count=21 < 126; adjusted_close missing at window start t0; adjusted_close missing at window end T*; usable_amihud_day_count=21 < 126
فسپا,1395,1396,"fold1_validation,fold2_train",2017-07-21,2016-07-19,2016-07-19,2017-07-19,2017-07-19,243,94,94,111,111,2016-07-23,2017-07-18,360,UNAVAILABLE: usable_daily_return_count=94 < 126,,False,False,False,True,,,,False,OBSERVED_INCOMPLETE: usable_daily_return_count=94 < 126; adjusted_close missing at window start t0; adjusted_close missing at window end T*; usable_amihud_day_count=94 < 126
فسپا,1396,1397,"fold1_validation,fold2_train",2018-07-20,2017-07-18,2017-07-18,2018-07-18,2018-07-18,242,189,189,30,30,2017-07-18,2018-07-15,362,OBSERVED_COMPLETE,-0.4193548387096774,False,False,False,False,0.02267549311073578,4.630215678692892e-11,,True,OBSERVED_INCOMPLETE: adjusted_close missing at window end T*
فسپا,1397,1398,fold2_validation,2019-07-20,2018-07-17,2018-07-17,2019-07-17,2019-07-17,246,224,224,15,15,2018-07-22,2019-07-17,360,OBSERVED_COMPLETE,4.526315789473684,False,False,False,False,0.03141770537011166,1.482235090167279e-11,,True,OBSERVED_INCOMPLETE: adjusted_close missing at window start t0
فسپا,1398,1399,fold2_validation,2020-07-19,2019-07-18,2019-07-20,2020-07-18,2020-07-18,240,236,236,2,2,2019-07-20,2020-07-18,364,OBSERVED_COMPLETE,7.358851674641148,False,False,False,False,0.03292515215806552,1.4244957615247908e-12,7.358851674641148,True,OBSERVED_COMPLETE
فمراد,1393,1394,"fold1_train,fold2_train",2015-07-20,2014-07-19,2014-07-20,2015-07-19,2015-07-19,241,75,75,153,153,,2015-07-15,,UNAVAILABLE: usable_daily_return_count=75 < 126; no valid adjusted_close in start-boundary month,,True,False,False,True,,,,False,OBSERVED_INCOMPLETE: usable_daily_return_count=75 < 126; adjusted_close missing at window start t0; adjusted_close missing at window end T*; usable_amihud_day_count=75 < 126
فمراد,1394,1395,"fold1_train,fold2_train",2016-07-19,2015-07-18,2015-07-19,2016-07-18,2016-07-18,247,222,222,22,22,2015-07-20,2016-07-12,358,OBSERVED_COMPLETE,0.08000000000000007,False,False,False,False,0.028003296528606673,3.9848612386770226e-11,,True,OBSERVED_INCOMPLETE: adjusted_close missing at window start t0; adjusted_close missing at window end T*
فمراد,1395,1396,"fold1_validation,fold2_train",2017-07-21,2016-07-19,2016-07-19,2017-07-19,2017-07-19,243,174,174,65,65,2016-07-26,2017-07-18,357,OBSERVED_COMPLETE,0.25454545454545463,False,False,False,False,0.028359256780292424,2.6440973307984006e-11,,True,OBSERVED_INCOMPLETE: adjusted_close missing at window start t0; adjusted_close missing at window end T*
فمراد,1396,1397,"fold1_validation,fold2_train",2018-07-20,2017-07-18,2017-07-18,2018-07-18,2018-07-18,242,133,133,103,103,2017-07-18,2018-07-16,363,OBSERVED_COMPLETE,0.9855072463768115,False,False,False,False,0.02986860733778153,2.628819996710362e-11,,True,OBSERVED_INCOMPLETE: adjusted_close missing at window end T*
فمراد,1397,1398,fold2_validation,2019-07-20,2018-07-17,2018-07-17,2019-07-17,2019-07-17,246,230,230,12,12,2018-07-23,2019-07-17,359,OBSERVED_COMPLETE,1.9022556390977443,False,False,False,False,0.032334546004305506,1.6846528782549302e-11,,True,OBSERVED_INCOMPLETE: adjusted_close missing at window start t0
فمراد,1398,1399,fold2_validation,2020-07-19,2019-07-18,2019-07-20,2020-07-18,2020-07-18,240,221,221,12,12,2019-07-20,2020-07-18,364,OBSERVED_COMPLETE,5.075520833333333,False,False,False,False,0.031186023660945982,1.8249675456480593e-12,5.075520833333333,True,OBSERVED_COMPLETE
فملی,1393,1394,"fold1_train,fold2_train",2015-07-20,2014-07-19,2014-07-20,2015-07-19,2015-07-19,241,210,210,27,27,2014-07-20,2015-07-14,359,OBSERVED_COMPLETE,-0.1875,False,False,False,False,0.016749602805610744,1.2262182080296326e-12,,True,OBSERVED_INCOMPLETE: adjusted_close missing at window end T*
فملی,1394,1395,"fold1_train,fold2_train",2016-07-19,2015-07-18,2015-07-19,2016-07-18,2016-07-18,247,215,215,29,29,2015-07-29,2016-07-05,342,OBSERVED_COMPLETE,0.0,False,False,False,False,0.021913110299699154,2.017192936311193e-12,,True,OBSERVED_INCOMPLETE: adjusted_close missing at window start t0; adjusted_close missing at window end T*
فملی,1395,1396,"fold1_validation,fold2_train",2017-07-21,2016-07-19,2016-07-19,2017-07-19,2017-07-19,243,204,204,33,33,2016-07-23,2017-07-17,359,OBSERVED_COMPLETE,0.28205128205128216,False,False,False,False,0.016710922610255124,6.077943963978619e-13,,True,OBSERVED_INCOMPLETE: adjusted_close missing at window start t0; adjusted_close missing at window end T*
فملی,1396,1397,"fold1_validation,fold2_train",2018-07-20,2017-07-18,2017-07-18,2018-07-18,2018-07-18,242,218,218,18,18,2017-07-25,2018-07-18,358,OBSERVED_COMPLETE,0.6491228070175439,False,False,False,False,0.01756400099696247,3.220755933421693e-13,,True,OBSERVED_INCOMPLETE: adjusted_close missing at window start t0
فملی,1397,1398,fold2_validation,2019-07-20,2018-07-17,2018-07-17,2019-07-17,2019-07-17,246,230,230,12,12,2018-07-17,2019-07-13,361,OBSERVED_COMPLETE,1.2604166666666665,False,False,False,False,0.02305088427228933,1.508907275988163e-13,,True,OBSERVED_INCOMPLETE: adjusted_close missing at window end T*
فملی,1398,1399,fold2_validation,2020-07-19,2019-07-18,2019-07-20,2020-07-18,2020-07-18,240,227,227,8,8,2019-07-20,2020-07-18,364,OBSERVED_COMPLETE,10.682464454976303,False,False,False,False,0.026269309160147022,5.664333674568679e-14,10.682464454976303,True,OBSERVED_COMPLETE
فنورد,1393,1394,"fold1_train,fold2_train",2015-07-20,2014-07-19,2014-07-20,2015-07-19,2015-07-19,241,100,100,99,99,2014-07-27,2015-07-11,349,UNAVAILABLE: usable_daily_return_count=100 < 126,,False,False,False,True,,,,False,OBSERVED_INCOMPLETE: usable_daily_return_count=100 < 126; adjusted_close missing at window start t0; adjusted_close missing at window end T*; usable_amihud_day_count=100 < 126
فنورد,1394,1395,"fold1_train,fold2_train",2016-07-19,2015-07-18,2015-07-19,2016-07-18,2016-07-18,247,72,72,134,134,2015-07-27,2016-07-18,357,UNAVAILABLE: usable_daily_return_count=72 < 126,,False,False,False,True,,,,False,OBSERVED_INCOMPLETE: usable_daily_return_count=72 < 126; adjusted_close missing at window start t0; usable_amihud_day_count=72 < 126
فنورد,1395,1396,"fold1_validation,fold2_train",2017-07-21,2016-07-19,2016-07-19,2017-07-19,2017-07-19,243,103,103,104,104,,2017-07-18,,UNAVAILABLE: usable_daily_return_count=103 < 126; no valid adjusted_close in start-boundary month,,True,False,False,True,,,,False,OBSERVED_INCOMPLETE: usable_daily_return_count=103 < 126; adjusted_close missing at window start t0; adjusted_close missing at window end T*; usable_amihud_day_count=103 < 126
فنورد,1396,1397,"fold1_validation,fold2_train",2018-07-20,2017-07-18,2017-07-18,2018-07-18,2018-07-18,242,106,106,103,103,2017-07-18,2018-07-15,362,UNAVAILABLE: usable_daily_return_count=106 < 126,,False,False,False,True,,,,False,OBSERVED_INCOMPLETE: usable_daily_return_count=106 < 126; adjusted_close missing at window end T*; usable_amihud_day_count=106 < 126
فنورد,1397,1398,fold2_validation,2019-07-20,2018-07-17,2018-07-17,2019-07-17,2019-07-17,246,202,202,29,29,2018-07-25,2019-07-17,357,OBSERVED_COMPLETE,1.6185567010309279,False,False,False,False,0.02464914699726295,5.291721012548822e-11,,True,OBSERVED_INCOMPLETE: adjusted_close missing at window start t0
فنورد,1398,1399,fold2_validation,2020-07-19,2019-07-18,2019-07-20,2020-07-18,2020-07-18,240,223,223,12,12,2019-07-20,2020-07-18,364,OBSERVED_COMPLETE,4.616935483870968,False,False,False,False,0.02489098807400239,8.763801637096533e-12,4.616935483870968,True,OBSERVED_COMPLETE
فولاژ,1393,1394,"fold1_train,fold2_train",2015-07-20,2014-07-19,2014-07-20,2015-07-19,2015-07-19,241,225,225,12,12,2014-07-20,2015-07-15,360,OBSERVED_COMPLETE,-0.17741935483870963,False,False,False,False,0.0138003863081024,9.14075073562139e-12,,True,OBSERVED_INCOMPLETE: adjusted_close missing at window end T*
فولاژ,1394,1395,"fold1_train,fold2_train",2016-07-19,2015-07-18,2015-07-19,2016-07-18,2016-07-18,247,224,224,20,20,,2016-07-11,,UNAVAILABLE: no valid adjusted_close in start-boundary month,,True,False,False,False,0.021293923597241523,1.5177302151566e-11,,False,OBSERVED_INCOMPLETE: adjusted_close missing at window start t0; adjusted_close missing at window end T*
فولاژ,1395,1396,"fold1_validation,fold2_train",2017-07-21,2016-07-19,2016-07-19,2017-07-19,2017-07-19,243,225,225,14,14,2016-07-20,2017-07-16,361,OBSERVED_COMPLETE,0.1384615384615384,False,False,False,False,0.021371997041371254,4.755631318400539e-12,,True,OBSERVED_INCOMPLETE: adjusted_close missing at window start t0; adjusted_close missing at window end T*
فولاژ,1396,1397,"fold1_validation,fold2_train",2018-07-20,2017-07-18,2017-07-18,2018-07-18,2018-07-18,242,226,226,12,12,2017-07-26,2018-07-16,355,OBSERVED_COMPLETE,-0.189873417721519,False,False,False,False,0.019685683148579505,4.977179370475408e-12,,True,OBSERVED_INCOMPLETE: adjusted_close missing at window start t0; adjusted_close missing at window end T*
فولاژ,1397,1398,fold2_validation,2019-07-20,2018-07-17,2018-07-17,2019-07-17,2019-07-17,246,224,224,16,16,2018-07-23,2019-07-15,357,OBSERVED_COMPLETE,3.953846153846154,False,False,False,False,0.03010049924052224,2.94017189025689e-12,,True,OBSERVED_INCOMPLETE: adjusted_close missing at window start t0; adjusted_close missing at window end T*
فولاژ,1398,1399,fold2_validation,2020-07-19,2019-07-18,2019-07-20,2020-07-18,2020-07-18,240,226,226,11,11,2019-07-23,2020-07-15,358,OBSERVED_COMPLETE,6.293159609120521,False,False,False,False,0.029274401404006997,7.697186715544758e-13,,True,OBSERVED_INCOMPLETE: adjusted_close missing at window start t0; adjusted_close missing at window end T*
فپنتا,1393,1394,"fold1_train,fold2_train",2015-07-20,2014-07-19,2014-07-20,2015-07-19,2015-07-19,241,122,122,79,79,2014-07-22,2015-07-13,356,UNAVAILABLE: usable_daily_return_count=122 < 126,,False,False,False,True,,,,False,OBSERVED_INCOMPLETE: usable_daily_return_count=122 < 126; adjusted_close missing at window start t0; adjusted_close missing at window end T*; usable_amihud_day_count=122 < 126
فپنتا,1394,1395,"fold1_train,fold2_train",2016-07-19,2015-07-18,2015-07-19,2016-07-18,2016-07-18,247,144,144,70,70,2015-07-21,2016-07-12,357,OBSERVED_COMPLETE,0.22834645669291342,False,False,False,False,0.018443820794256008,7.164401579966077e-11,,True,OBSERVED_INCOMPLETE: adjusted_close missing at window start t0; adjusted_close missing at window end T*
فپنتا,1395,1396,"fold1_validation,fold2_train",2017-07-21,2016-07-19,2016-07-19,2017-07-19,2017-07-19,243,162,162,59,59,2016-07-19,2017-07-11,357,OBSERVED_COMPLETE,-0.02991452991452992,False,False,False,False,0.01713756547131787,5.961990911419901e-11,,True,OBSERVED_INCOMPLETE: adjusted_close missing at window end T*
فپنتا,1396,1397,"fold1_validation,fold2_train",2018-07-20,2017-07-18,2017-07-18,2018-07-18,2018-07-18,242,171,171,43,43,2017-07-29,2018-07-17,353,OBSERVED_COMPLETE,0.1116071428571428,False,False,False,False,0.012890417339338092,6.373031248678185e-11,,True,OBSERVED_INCOMPLETE: adjusted_close missing at window start t0; adjusted_close missing at window end T*
فپنتا,1397,1398,fold2_validation,2019-07-20,2018-07-17,2018-07-17,2019-07-17,2019-07-17,246,232,232,8,8,2018-07-17,2019-07-17,365,OBSERVED_COMPLETE,3.3232931726907626,False,False,False,False,0.06541951408442098,3.632453259139745e-11,3.3232931726907626,True,OBSERVED_COMPLETE
فپنتا,1398,1399,fold2_validation,2020-07-19,2019-07-18,2019-07-20,2020-07-18,2020-07-18,240,235,235,3,3,2019-07-20,2020-07-14,360,OBSERVED_COMPLETE,3.11437908496732,False,False,False,False,0.024903491927116786,7.438461770980487e-12,,True,OBSERVED_INCOMPLETE: adjusted_close missing at window end T*
لابسا,1393,1394,"fold1_train,fold2_train",2015-07-20,2014-07-19,2014-07-20,2015-07-19,2015-07-19,241,207,207,31,31,2014-07-20,2015-07-14,359,OBSERVED_COMPLETE,-0.1694915254237288,False,False,False,False,0.025115413580268628,1.6926249151415844e-11,,True,OBSERVED_INCOMPLETE: adjusted_close missing at window end T*
لابسا,1394,1395,"fold1_train,fold2_train",2016-07-19,2015-07-18,2015-07-19,2016-07-18,2016-07-18,247,225,225,18,18,2015-07-26,2016-07-12,352,OBSERVED_COMPLETE,0.0,False,False,False,False,0.02494425837009777,2.5705865001397956e-11,,True,OBSERVED_INCOMPLETE: adjusted_close missing at window start t0; adjusted_close missing at window end T*
لابسا,1395,1396,"fold1_validation,fold2_train",2017-07-21,2016-07-19,2016-07-19,2017-07-19,2017-07-19,243,219,219,18,18,2016-07-19,2017-07-19,365,OBSERVED_COMPLETE,0.435374149659864,False,False,False,False,0.029653084091549806,1.765535744618242e-11,0.435374149659864,True,OBSERVED_COMPLETE
لابسا,1396,1397,"fold1_validation,fold2_train",2018-07-20,2017-07-18,2017-07-18,2018-07-18,2018-07-18,242,233,233,6,6,2017-07-19,2018-07-17,363,OBSERVED_COMPLETE,-0.4075829383886256,False,False,False,False,0.022494059585873694,2.5896583440212288e-11,,True,OBSERVED_INCOMPLETE: adjusted_close missing at window start t0; adjusted_close missing at window end T*
لابسا,1397,1398,fold2_validation,2019-07-20,2018-07-17,2018-07-17,2019-07-17,2019-07-17,246,213,213,22,22,2018-07-17,2019-07-17,365,OBSERVED_COMPLETE,15.0,False,False,False,False,0.03277416887498238,2.778465274963487e-11,15.0,True,OBSERVED_COMPLETE
لابسا,1398,1399,fold2_validation,2020-07-19,2019-07-18,2019-07-20,2020-07-18,2020-07-18,240,237,237,1,1,2019-07-20,2020-07-18,364,OBSERVED_COMPLETE,0.7033685268979386,False,False,False,False,0.033510453497971805,1.6310933605320026e-12,0.7033685268979386,True,OBSERVED_COMPLETE
لبوتان,1393,1394,"fold1_train,fold2_train",2015-07-20,2014-07-19,2014-07-20,2015-07-19,2015-07-19,241,142,142,74,74,2014-07-22,2015-07-14,357,OBSERVED_COMPLETE,0.2804878048780488,False,False,False,False,0.021515477202498152,1.670515229636882e-11,,True,OBSERVED_INCOMPLETE: adjusted_close missing at window start t0; adjusted_close missing at window end T*
لبوتان,1394,1395,"fold1_train,fold2_train",2016-07-19,2015-07-18,2015-07-19,2016-07-18,2016-07-18,247,149,149,75,75,2015-07-20,2016-07-13,359,OBSERVED_COMPLETE,0.07619047619047614,False,False,False,False,0.02627549075986026,2.6643633883326412e-11,,True,OBSERVED_INCOMPLETE: adjusted_close missing at window start t0; adjusted_close missing at window end T*
لبوتان,1395,1396,"fold1_validation,fold2_train",2017-07-21,2016-07-19,2016-07-19,2017-07-19,2017-07-19,243,224,224,14,14,2016-07-23,2017-07-19,361,OBSERVED_COMPLETE,0.21621621621621623,False,False,False,False,0.02612394444296218,1.559663489952162e-11,,True,OBSERVED_INCOMPLETE: adjusted_close missing at window start t0
لبوتان,1396,1397,"fold1_validation,fold2_train",2018-07-20,2017-07-18,2017-07-18,2018-07-18,2018-07-18,242,233,233,6,6,2017-07-18,2018-07-18,365,OBSERVED_COMPLETE,0.25,False,False,False,False,0.027091462956907158,1.5244563722581628e-11,0.25,True,OBSERVED_COMPLETE
لبوتان,1397,1398,fold2_validation,2019-07-20,2018-07-17,2018-07-17,2019-07-17,2019-07-17,246,228,228,12,12,2018-07-17,2019-07-17,365,OBSERVED_COMPLETE,3.2530120481927707,False,False,False,False,0.030331942757906055,7.293222208015991e-12,3.2530120481927707,True,OBSERVED_COMPLETE
لبوتان,1398,1399,fold2_validation,2020-07-19,2019-07-18,2019-07-20,2020-07-18,2020-07-18,240,233,233,4,4,2019-07-20,2020-07-18,364,OBSERVED_COMPLETE,4.552097428958051,False,False,False,False,0.028973569221550456,1.461917181023954e-12,4.552097428958051,True,OBSERVED_COMPLETE
لخزر,1393,1394,"fold1_train,fold2_train",2015-07-20,2014-07-19,2014-07-20,2015-07-19,2015-07-19,241,178,178,44,44,2014-07-26,2015-07-15,354,OBSERVED_COMPLETE,-0.048387096774193505,False,False,False,False,0.017370200888749875,4.6340091615485105e-11,,True,OBSERVED_INCOMPLETE: adjusted_close missing at window start t0; adjusted_close missing at window end T*
لخزر,1394,1395,"fold1_train,fold2_train",2016-07-19,2015-07-18,2015-07-19,2016-07-18,2016-07-18,247,219,219,17,17,2015-07-20,2016-07-18,364,OBSERVED_COMPLETE,0.38983050847457634,False,False,False,False,0.028931072353603367,3.2323539932559176e-11,,True,OBSERVED_INCOMPLETE: adjusted_close missing at window start t0
لخزر,1395,1396,"fold1_validation,fold2_train",2017-07-21,2016-07-19,2016-07-19,2017-07-19,2017-07-19,243,231,231,8,8,2016-07-19,2017-07-19,365,OBSERVED_COMPLETE,0.22891566265060237,False,False,False,False,0.022525661614173267,1.3038547712387632e-11,0.22891566265060237,True,OBSERVED_COMPLETE
لخزر,1396,1397,"fold1_validation,fold2_train",2018-07-20,2017-07-18,2017-07-18,2018-07-18,2018-07-18,242,232,232,7,7,2017-07-18,2018-07-18,365,OBSERVED_COMPLETE,-0.06999999999999995,False,False,False,False,0.019578161474131495,1.9513415019613473e-11,-0.06999999999999995,True,OBSERVED_COMPLETE
لخزر,1397,1398,fold2_validation,2019-07-20,2018-07-17,2018-07-17,2019-07-17,2019-07-17,246,238,238,5,5,2018-07-17,2019-07-17,365,OBSERVED_COMPLETE,2.389473684210526,False,False,False,False,0.029602333796621798,1.42870694838898e-11,2.389473684210526,True,OBSERVED_COMPLETE
لخزر,1398,1399,fold2_validation,2020-07-19,2019-07-18,2019-07-20,2020-07-18,2020-07-18,240,205,205,30,30,2019-07-20,2020-07-18,364,OBSERVED_COMPLETE,6.525806451612903,False,False,False,False,0.027786036186217007,4.099506558507088e-12,6.525806451612903,True,OBSERVED_COMPLETE
لسرما,1393,1394,"fold1_train,fold2_train",2015-07-20,2014-07-19,2014-07-20,2015-07-19,2015-07-19,241,209,209,27,27,2014-07-21,2015-07-13,357,OBSERVED_COMPLETE,0.42999999999999994,False,False,False,False,0.02347396991961216,4.410628754932362e-11,,True,OBSERVED_INCOMPLETE: adjusted_close missing at window start t0; adjusted_close missing at window end T*
لسرما,1394,1395,"fold1_train,fold2_train",2016-07-19,2015-07-18,2015-07-19,2016-07-18,2016-07-18,247,227,227,16,16,,2016-07-13,,UNAVAILABLE: no valid adjusted_close in start-boundary month,,True,False,False,False,0.02015843874411275,4.7081344628102e-11,,False,OBSERVED_INCOMPLETE: adjusted_close missing at window start t0; adjusted_close missing at window end T*
لسرما,1395,1396,"fold1_validation,fold2_train",2017-07-21,2016-07-19,2016-07-19,2017-07-19,2017-07-19,243,191,191,48,48,2016-07-20,2017-07-17,362,OBSERVED_COMPLETE,2.028368794326241,False,False,False,False,0.029152179773472075,2.467268534258733e-11,,True,OBSERVED_INCOMPLETE: adjusted_close missing at window start t0; adjusted_close missing at window end T*
لسرما,1396,1397,"fold1_validation,fold2_train",2018-07-20,2017-07-18,2017-07-18,2018-07-18,2018-07-18,242,208,208,28,28,,2018-07-17,,UNAVAILABLE: no valid adjusted_close in start-boundary month,,True,False,False,False,0.027266666193248083,2.8983011841600144e-11,,False,OBSERVED_INCOMPLETE: adjusted_close missing at window start t0; adjusted_close missing at window end T*
لسرما,1397,1398,fold2_validation,2019-07-20,2018-07-17,2018-07-17,2019-07-17,2019-07-17,246,207,207,29,29,2018-07-17,2019-07-15,363,OBSERVED_COMPLETE,2.4081632653061225,False,False,False,False,0.0321820923211599,2.006612291183627e-11,,True,OBSERVED_INCOMPLETE: adjusted_close missing at window end T*
لسرما,1398,1399,fold2_validation,2020-07-19,2019-07-18,2019-07-20,2020-07-18,2020-07-18,240,228,228,8,8,2019-07-22,2020-07-18,362,OBSERVED_COMPLETE,4.8018433179723505,False,False,False,False,0.03146720892119834,3.4158209992396975e-12,,True,OBSERVED_INCOMPLETE: adjusted_close missing at window start t0
نوری,1398,1399,fold2_validation,2020-07-19,2019-07-18,2019-07-20,2020-07-18,2020-07-18,240,217,217,15,15,2019-07-20,2020-07-18,364,OBSERVED_COMPLETE,4.955773955773956,False,False,False,False,0.027287244854900486,1.3107903751164115e-13,4.955773955773956,True,OBSERVED_COMPLETE
های وب,1396,1397,"fold1_validation,fold2_train",2018-07-20,2017-07-18,2017-08-27,2018-07-18,2018-07-18,215,31,31,181,181,,,,UNAVAILABLE: usable_daily_return_count=31 < 126; no valid adjusted_close in start-boundary month; no valid adjusted_close in end-boundary month,,True,True,False,True,,,,False,OBSERVED_INCOMPLETE: usable_daily_return_count=31 < 126; adjusted_close missing at window start t0; adjusted_close missing at window end T*; usable_amihud_day_count=31 < 126
های وب,1397,1398,fold2_validation,2019-07-20,2018-07-17,2018-07-17,2019-07-17,2019-07-17,246,192,192,52,52,,,,UNAVAILABLE: no valid adjusted_close in start-boundary month; no valid adjusted_close in end-boundary month,,True,True,False,False,0.02506918872769645,2.286013550818754e-13,,False,OBSERVED_INCOMPLETE: adjusted_close missing at window start t0; adjusted_close missing at window end T*
های وب,1398,1399,fold2_validation,2020-07-19,2019-07-18,2019-07-20,2020-07-18,2020-07-18,240,224,224,13,13,,2020-07-18,,UNAVAILABLE: no valid adjusted_close in start-boundary month,,True,False,False,False,0.03330389086608509,1.391599478242562e-13,,False,OBSERVED_INCOMPLETE: adjusted_close missing at window start t0
همراه,1394,1395,"fold1_train,fold2_train",2016-07-19,2015-07-18,2015-07-19,2016-07-18,2016-07-18,247,239,239,6,6,2015-07-20,2016-07-18,364,OBSERVED_COMPLETE,0.3491525423728814,False,False,False,False,0.009501693411568642,7.159211713287951e-13,,True,OBSERVED_INCOMPLETE: adjusted_close missing at window start t0
همراه,1395,1396,"fold1_validation,fold2_train",2017-07-21,2016-07-19,2016-07-19,2017-07-19,2017-07-19,243,226,226,12,12,2016-07-19,2017-07-19,365,OBSERVED_COMPLETE,0.42462311557788945,False,False,False,False,0.006217574037491541,5.689538021693753e-13,0.42462311557788945,True,OBSERVED_COMPLETE
همراه,1396,1397,"fold1_validation,fold2_train",2018-07-20,2017-07-18,2017-07-18,2018-07-18,2018-07-18,242,232,232,7,7,2017-07-18,2018-07-18,365,OBSERVED_COMPLETE,0.17253521126760574,False,False,False,False,0.005095651038512475,5.620587684918077e-13,0.17253521126760574,True,OBSERVED_COMPLETE
همراه,1397,1398,fold2_validation,2019-07-20,2018-07-17,2018-07-17,2019-07-17,2019-07-17,246,224,224,18,18,2018-07-17,2019-07-17,365,OBSERVED_COMPLETE,0.7837837837837838,False,False,False,False,0.015391010261333101,4.559912068680293e-13,0.7837837837837838,True,OBSERVED_COMPLETE
همراه,1398,1399,fold2_validation,2020-07-19,2019-07-18,2019-07-20,2020-07-18,2020-07-18,240,233,233,4,4,2019-07-20,2020-07-18,364,OBSERVED_COMPLETE,3.0469011725293136,False,False,False,False,0.024705520220556346,2.9955347614600245e-13,3.0469011725293136,True,OBSERVED_COMPLETE
پارس,1397,1398,fold2_validation,2019-07-20,2018-07-17,2018-07-17,2019-07-17,2019-07-17,246,237,237,6,6,2018-07-17,2019-07-15,363,OBSERVED_COMPLETE,1.0,False,False,False,False,0.02323398733348653,2.1605006408145097e-13,,True,OBSERVED_INCOMPLETE: adjusted_close missing at window end T*
پارس,1398,1399,fold2_validation,2020-07-19,2019-07-18,2019-07-20,2020-07-18,2020-07-18,240,228,228,8,8,2019-07-21,2020-07-18,363,OBSERVED_COMPLETE,2.8251121076233185,False,False,False,False,0.025558982186465778,1.9489290487436252e-13,,True,OBSERVED_INCOMPLETE: adjusted_close missing at window start t0
پدرخش,1393,1394,"fold1_train,fold2_train",2015-07-20,2014-07-19,2014-07-20,2015-07-19,2015-07-19,241,148,148,73,73,2014-07-20,2015-07-13,358,OBSERVED_COMPLETE,-0.06849315068493156,False,False,False,False,0.026207846363672904,8.73880640402725e-11,,True,OBSERVED_INCOMPLETE: adjusted_close missing at window end T*
پدرخش,1394,1395,"fold1_train,fold2_train",2016-07-19,2015-07-18,2015-07-19,2016-07-18,2016-07-18,247,179,179,51,51,,2016-07-18,,UNAVAILABLE: no valid adjusted_close in start-boundary month,,True,False,False,False,0.02235212728635279,6.419525619789069e-11,,False,OBSERVED_INCOMPLETE: adjusted_close missing at window start t0
پدرخش,1395,1396,"fold1_validation,fold2_train",2017-07-21,2016-07-19,2016-07-19,2017-07-19,2017-07-19,243,229,229,9,9,2016-07-19,2017-07-17,363,OBSERVED_COMPLETE,0.9861111111111112,False,False,False,False,0.024930660993084917,4.581108809825028e-11,,True,OBSERVED_INCOMPLETE: adjusted_close missing at window end T*
پدرخش,1396,1397,"fold1_validation,fold2_train",2018-07-20,2017-07-18,2017-07-18,2018-07-18,2018-07-18,242,216,216,18,18,2017-07-25,2018-07-18,358,OBSERVED_COMPLETE,-0.2214765100671141,False,False,False,False,0.023909060242434377,2.53667266238144e-11,,True,OBSERVED_INCOMPLETE: adjusted_close missing at window start t0
پدرخش,1397,1398,fold2_validation,2019-07-20,2018-07-17,2018-07-17,2019-07-17,2019-07-17,246,224,224,13,13,2018-07-17,2019-07-17,365,OBSERVED_COMPLETE,11.586776859504132,False,False,False,False,0.03598963696536322,1.7292867559251028e-11,11.586776859504132,True,OBSERVED_COMPLETE
پدرخش,1398,1399,fold2_validation,2020-07-19,2019-07-18,2019-07-20,2020-07-18,2020-07-18,240,226,226,9,9,2019-07-20,2020-07-18,364,OBSERVED_COMPLETE,2.9740764744005186,False,False,False,False,0.032519959349307834,2.551105688165895e-12,2.9740764744005186,True,OBSERVED_COMPLETE
پرداخت,1396,1397,"fold1_validation,fold2_train",2018-07-20,2017-07-18,2017-07-18,2018-07-18,2018-07-18,242,226,226,12,12,2017-07-18,2018-07-18,365,OBSERVED_COMPLETE,-0.2682268226822683,False,False,False,False,0.013773249446564153,1.4339935150015849e-12,-0.2682268226822683,True,OBSERVED_COMPLETE
پرداخت,1397,1398,fold2_validation,2019-07-20,2018-07-17,2018-07-17,2019-07-17,2019-07-17,246,231,231,10,10,2018-07-17,2019-07-17,365,OBSERVED_COMPLETE,1.0959232613908871,False,False,False,False,0.019710321208496508,2.8460800582907912e-12,1.0959232613908871,True,OBSERVED_COMPLETE
پرداخت,1398,1399,fold2_validation,2020-07-19,2019-07-18,2019-07-20,2020-07-18,2020-07-18,240,235,235,3,3,2019-07-20,2020-07-18,364,OBSERVED_COMPLETE,2.045776566757493,False,False,False,False,0.026714597065085784,8.925009647133293e-13,2.045776566757493,True,OBSERVED_COMPLETE
پسهند,1393,1394,"fold1_train,fold2_train",2015-07-20,2014-07-19,2014-07-20,2015-07-19,2015-07-19,241,216,216,20,20,2014-07-20,2015-07-15,360,OBSERVED_COMPLETE,-0.24558303886925792,False,False,False,False,0.024058430289479994,1.9284391865671655e-11,,True,OBSERVED_INCOMPLETE: adjusted_close missing at window end T*
پسهند,1394,1395,"fold1_train,fold2_train",2016-07-19,2015-07-18,2015-07-19,2016-07-18,2016-07-18,247,224,224,18,18,2015-07-20,2016-07-18,364,OBSERVED_COMPLETE,0.0490654205607477,False,False,False,False,0.02316958050247115,3.2328147313616304e-11,,True,OBSERVED_INCOMPLETE: adjusted_close missing at window start t0
پسهند,1395,1396,"fold1_validation,fold2_train",2017-07-21,2016-07-19,2016-07-19,2017-07-19,2017-07-19,243,211,211,26,26,2016-07-19,2017-07-19,365,OBSERVED_COMPLETE,0.5240174672489082,False,False,False,False,0.02840270492511788,2.6732771779969713e-11,0.5240174672489082,True,OBSERVED_COMPLETE
پسهند,1396,1397,"fold1_validation,fold2_train",2018-07-20,2017-07-18,2017-07-18,2018-07-18,2018-07-18,242,226,226,11,11,2017-07-18,2018-07-18,365,OBSERVED_COMPLETE,-0.4793152639087018,False,False,False,False,0.023950023694734396,1.5214185642002416e-11,-0.4793152639087018,True,OBSERVED_COMPLETE
پسهند,1397,1398,fold2_validation,2019-07-20,2018-07-17,2018-07-17,2019-07-17,2019-07-17,246,232,232,9,9,2018-07-17,2019-07-17,365,OBSERVED_COMPLETE,2.632876712328767,False,False,False,False,0.032837299752245884,1.1385588192973084e-11,2.632876712328767,True,OBSERVED_COMPLETE
پسهند,1398,1399,fold2_validation,2020-07-19,2019-07-18,2019-07-20,2020-07-18,2020-07-18,240,227,227,7,7,2019-07-20,2020-07-18,364,OBSERVED_COMPLETE,10.351411589895989,False,False,False,False,0.03389292389402862,2.0452521483207588e-12,10.351411589895989,True,OBSERVED_COMPLETE
پلاسک,1393,1394,"fold1_train,fold2_train",2015-07-20,2014-07-19,2014-07-20,2015-07-19,2015-07-19,241,215,215,20,20,2014-07-20,2015-07-15,360,OBSERVED_COMPLETE,0.10062893081761004,False,False,False,False,0.026363945529936463,1.519608553753838e-11,,True,OBSERVED_INCOMPLETE: adjusted_close missing at window end T*
پلاسک,1394,1395,"fold1_train,fold2_train",2016-07-19,2015-07-18,2015-07-19,2016-07-18,2016-07-18,247,232,232,11,11,2015-07-20,2016-07-18,364,OBSERVED_COMPLETE,0.3363363363363363,False,False,False,False,0.02719759643989122,1.2967640248881134e-11,,True,OBSERVED_INCOMPLETE: adjusted_close missing at window start t0
پلاسک,1395,1396,"fold1_validation,fold2_train",2017-07-21,2016-07-19,2016-07-19,2017-07-19,2017-07-19,243,215,215,23,23,2016-07-31,2017-07-19,353,OBSERVED_COMPLETE,0.14423076923076916,False,False,False,False,0.023160416965534954,6.930309123775375e-12,,True,OBSERVED_INCOMPLETE: adjusted_close missing at window start t0
پلاسک,1396,1397,"fold1_validation,fold2_train",2018-07-20,2017-07-18,2017-07-18,2018-07-18,2018-07-18,242,234,234,5,5,2017-07-18,2018-07-18,365,OBSERVED_COMPLETE,-0.07785467128027679,False,False,False,False,0.023160472694412508,7.741861217726179e-12,-0.07785467128027679,True,OBSERVED_COMPLETE
پلاسک,1397,1398,fold2_validation,2019-07-20,2018-07-17,2018-07-17,2019-07-17,2019-07-17,246,234,234,7,7,2018-07-17,2019-07-17,365,OBSERVED_COMPLETE,1.1787819253438112,False,False,False,False,0.03131473921310929,1.0084944011348422e-11,1.1787819253438112,True,OBSERVED_COMPLETE
پلاسک,1398,1399,fold2_validation,2020-07-19,2019-07-18,2019-07-20,2020-07-18,2020-07-18,240,229,229,7,7,2019-07-20,2020-07-18,364,OBSERVED_COMPLETE,6.215044247787611,False,False,False,False,0.03210196798463547,2.041014913561174e-12,6.215044247787611,True,OBSERVED_COMPLETE
چافست,1393,1394,"fold1_train,fold2_train",2015-01-20,2014-01-19,2014-01-20,2015-01-19,2015-01-19,242,137,137,84,84,2014-01-25,2015-01-19,359,OBSERVED_COMPLETE,-0.005555555555555536,False,False,False,False,0.028485498711670727,4.99503927974647e-11,,True,OBSERVED_INCOMPLETE: adjusted_close missing at window start t0
چافست,1394,1395,"fold1_train,fold2_train",2016-01-20,2015-01-19,2015-01-19,2016-01-19,2016-01-19,246,227,227,14,14,2015-01-19,2016-01-19,365,OBSERVED_COMPLETE,0.3743016759776536,False,False,False,False,0.02523431554059162,2.5819954148084068e-11,0.3743016759776536,True,OBSERVED_COMPLETE
چافست,1395,1396,"fold1_validation,fold2_train",2017-01-19,2016-01-18,2016-01-18,2017-01-18,2017-01-18,246,224,224,17,17,2016-01-18,2017-01-18,366,OBSERVED_COMPLETE,1.008298755186722,False,False,False,False,0.02655429184249345,1.7538826884620473e-11,1.008298755186722,True,OBSERVED_COMPLETE
چافست,1396,1397,"fold1_validation,fold2_train",2018-01-20,2017-01-17,2017-01-17,2018-01-17,2018-01-17,245,224,224,15,15,2017-01-17,2018-01-17,365,OBSERVED_COMPLETE,0.8326359832635983,False,False,False,False,0.020125760604403513,1.86881686784992e-11,0.8326359832635983,True,OBSERVED_COMPLETE
چافست,1397,1398,fold2_validation,2019-01-20,2018-01-19,2018-01-20,2019-01-19,2019-01-19,243,226,226,13,13,2018-01-20,2019-01-13,358,OBSERVED_COMPLETE,0.6720741599073001,False,False,False,False,0.0248549211097766,1.834559179627696e-11,,True,OBSERVED_INCOMPLETE: adjusted_close missing at window end T*
چافست,1398,1399,fold2_validation,2020-01-20,2019-01-19,2019-01-19,2020-01-19,2020-01-19,240,220,220,14,14,2019-01-20,2020-01-15,360,OBSERVED_COMPLETE,2.4690934065934065,False,False,False,False,0.036301367617008265,5.064483712206825e-12,,True,OBSERVED_INCOMPLETE: adjusted_close missing at window start t0; adjusted_close missing at window end T*
چکارن,1393,1394,"fold1_train,fold2_train",2015-07-20,2014-07-19,2014-07-20,2015-07-19,2015-07-19,241,204,204,32,32,2014-07-20,2015-07-15,360,OBSERVED_COMPLETE,-0.019867549668874163,False,False,False,False,0.02664859136757461,2.7374700807781118e-11,,True,OBSERVED_INCOMPLETE: adjusted_close missing at window end T*
چکارن,1394,1395,"fold1_train,fold2_train",2016-07-19,2015-07-18,2015-07-19,2016-07-18,2016-07-18,247,204,204,36,36,2015-07-20,2016-07-18,364,OBSERVED_COMPLETE,0.10416666666666674,False,False,False,False,0.027739043605412326,3.580210906165897e-11,,True,OBSERVED_INCOMPLETE: adjusted_close missing at window start t0
چکارن,1395,1396,"fold1_validation,fold2_train",2017-07-21,2016-07-19,2016-07-19,2017-07-19,2017-07-19,243,189,189,47,47,2016-07-19,2017-07-19,365,OBSERVED_COMPLETE,1.2292993630573248,False,False,False,False,0.03095755072385263,2.1358103351920384e-11,1.2292993630573248,True,OBSERVED_COMPLETE
چکارن,1396,1397,"fold1_validation,fold2_train",2018-07-20,2017-07-18,2017-07-18,2018-07-18,2018-07-18,242,203,203,33,33,2017-07-18,2018-07-17,364,OBSERVED_COMPLETE,0.05633802816901401,False,False,False,False,0.027676345722646923,7.579153241062378e-12,,True,OBSERVED_INCOMPLETE: adjusted_close missing at window end T*
چکارن,1397,1398,fold2_validation,2019-07-20,2018-07-17,2018-07-17,2019-07-17,2019-07-17,246,213,213,20,20,2018-07-17,2019-07-17,365,OBSERVED_COMPLETE,5.24,False,False,False,False,0.03594116144151157,3.921973315295862e-12,5.24,True,OBSERVED_COMPLETE
چکارن,1398,1399,fold2_validation,2020-07-19,2019-07-18,2019-07-20,2020-07-18,2020-07-18,240,195,195,41,41,2019-07-23,2020-07-18,361,OBSERVED_COMPLETE,2.3103605659516204,False,False,False,False,0.03321582381528237,6.229824527286362e-13,,True,OBSERVED_INCOMPLETE: adjusted_close missing at window start t0
کاوه,1396,1397,"fold1_validation,fold2_train",2018-07-20,2017-07-18,2017-07-18,2018-07-18,2018-07-18,242,172,172,67,67,,2018-07-18,,UNAVAILABLE: no valid adjusted_close in start-boundary month,,True,False,False,False,0.020598066909188743,1.2814842140587874e-12,,False,OBSERVED_INCOMPLETE: adjusted_close missing at window start t0
کاوه,1397,1398,fold2_validation,2019-07-20,2018-07-17,2018-07-17,2019-07-17,2019-07-17,246,234,234,8,8,2018-07-17,2019-07-17,365,OBSERVED_COMPLETE,1.3402061855670104,False,False,False,False,0.02925554832077056,7.130924012922157e-13,1.3402061855670104,True,OBSERVED_COMPLETE
کاوه,1398,1399,fold2_validation,2020-07-19,2019-07-18,2019-07-20,2020-07-18,2020-07-18,240,216,216,20,20,2019-07-30,2020-07-13,349,OBSERVED_COMPLETE,4.848101265822785,False,False,False,False,0.029316840473681816,2.803372485950952e-13,,True,OBSERVED_INCOMPLETE: adjusted_close missing at window start t0; adjusted_close missing at window end T*
کبافق,1392,1393,"fold1_train,fold2_train",2014-07-20,2013-07-16,2013-07-16,2014-07-16,2014-07-16,245,169,169,55,55,2013-07-16,2014-07-15,364,OBSERVED_COMPLETE,0.04571428571428582,False,False,False,False,0.026963678632520683,3.0670762332856157e-11,,True,OBSERVED_INCOMPLETE: adjusted_close missing at window end T*
کبافق,1393,1394,"fold1_train,fold2_train",2015-07-20,2014-07-19,2014-07-20,2015-07-19,2015-07-19,241,230,230,9,9,2014-07-28,2015-07-15,352,OBSERVED_COMPLETE,-0.4946070878274268,False,False,False,False,0.018979864098779813,2.969935049910424e-11,,True,OBSERVED_INCOMPLETE: adjusted_close missing at window start t0; adjusted_close missing at window end T*
کبافق,1394,1395,"fold1_train,fold2_train",2016-07-19,2015-07-18,2015-07-19,2016-07-18,2016-07-18,247,210,210,31,31,2015-07-26,2016-07-18,358,OBSERVED_COMPLETE,1.0514469453376205,False,False,False,False,0.02759589230308872,4.888365409645366e-11,,True,OBSERVED_INCOMPLETE: adjusted_close missing at window start t0
کبافق,1395,1396,"fold1_validation,fold2_train",2017-07-21,2016-07-19,2016-07-19,2017-07-19,2017-07-19,243,202,202,35,35,2016-07-19,2017-07-12,358,OBSERVED_COMPLETE,1.5705128205128207,False,False,False,False,0.03275500201073213,9.629806600650579e-12,,True,OBSERVED_INCOMPLETE: adjusted_close missing at window end T*
کبافق,1396,1397,"fold1_validation,fold2_train",2018-07-20,2017-07-18,2017-07-18,2018-07-18,2018-07-18,242,228,228,11,11,2017-07-26,2018-07-18,357,OBSERVED_COMPLETE,-0.07219570405727926,False,False,False,False,0.025699470984401285,5.831638593911092e-12,,True,OBSERVED_INCOMPLETE: adjusted_close missing at window start t0
کبافق,1397,1398,fold2_validation,2019-07-20,2018-07-17,2018-07-17,2019-07-17,2019-07-17,246,130,130,110,110,2018-07-17,2019-07-14,362,OBSERVED_COMPLETE,3.20889748549323,False,False,False,False,0.034195419921949584,3.7118719255595795e-12,,True,OBSERVED_INCOMPLETE: adjusted_close missing at window end T*
کبافق,1398,1399,fold2_validation,2020-07-19,2019-07-18,2019-07-20,2020-07-18,2020-07-18,240,206,206,29,29,2019-07-20,2020-07-18,364,OBSERVED_COMPLETE,4.5515911282545805,False,False,False,False,0.03403982420662412,7.835907983121005e-13,4.5515911282545805,True,OBSERVED_COMPLETE
کرازی,1392,1393,"fold1_train,fold2_train",2014-07-20,2013-07-16,2013-07-16,2014-07-16,2014-07-16,245,228,228,11,11,2013-07-16,2014-07-16,365,OBSERVED_COMPLETE,0.0,False,False,False,False,0.03318128843121799,2.6835154873701905e-11,0.0,True,OBSERVED_COMPLETE
کرازی,1393,1394,"fold1_train,fold2_train",2015-07-20,2014-07-19,2014-07-20,2015-07-19,2015-07-19,241,200,200,28,28,2014-07-20,2015-07-15,360,OBSERVED_COMPLETE,2.6470588235294117,False,False,False,False,0.028121617276809594,3.603658889276309e-11,,True,OBSERVED_INCOMPLETE: adjusted_close missing at window end T*
کرازی,1394,1395,"fold1_train,fold2_train",2016-07-19,2015-07-18,2015-07-19,2016-07-18,2016-07-18,247,227,227,12,12,2015-07-20,2016-07-18,364,OBSERVED_COMPLETE,-0.2622950819672131,False,False,False,False,0.02782275522587437,5.189439834222819e-11,,True,OBSERVED_INCOMPLETE: adjusted_close missing at window start t0
کرازی,1395,1396,"fold1_validation,fold2_train",2017-07-21,2016-07-19,2016-07-19,2017-07-19,2017-07-19,243,220,220,19,19,2016-07-19,2017-07-19,365,OBSERVED_COMPLETE,0.17021276595744683,False,False,False,False,0.023060143424097037,3.3854406420620333e-12,0.17021276595744683,True,OBSERVED_COMPLETE
کرازی,1396,1397,"fold1_validation,fold2_train",2018-07-20,2017-07-18,2017-07-18,2018-07-18,2018-07-18,242,220,220,17,17,2017-07-18,2018-07-18,365,OBSERVED_COMPLETE,-0.28301886792452835,False,False,False,False,0.02406440071688869,7.91781548580186e-12,-0.28301886792452835,True,OBSERVED_COMPLETE
کرازی,1397,1398,fold2_validation,2019-07-20,2018-07-17,2018-07-17,2019-07-17,2019-07-17,246,224,224,15,15,2018-07-17,2019-07-17,365,OBSERVED_COMPLETE,2.763157894736842,False,False,False,False,0.031571806536630755,5.4682925592831594e-12,2.763157894736842,True,OBSERVED_COMPLETE
کرازی,1398,1399,fold2_validation,2020-07-19,2019-07-18,2019-07-20,2020-07-18,2020-07-18,240,226,226,9,9,2019-07-20,2020-07-18,364,OBSERVED_COMPLETE,5.583333333333333,False,False,False,False,0.03264073503588425,8.20525965539184e-13,5.583333333333333,True,OBSERVED_COMPLETE
کفرا,1392,1393,"fold1_train,fold2_train",2014-07-20,2013-07-16,2013-07-16,2014-07-16,2014-07-16,245,200,200,42,42,2013-07-16,2014-07-15,364,OBSERVED_COMPLETE,0.7142857142857142,False,False,False,False,0.027043517110940645,1.359867643651499e-11,,True,OBSERVED_INCOMPLETE: adjusted_close missing at window end T*
کفرا,1393,1394,"fold1_train,fold2_train",2015-07-20,2014-07-19,2014-07-20,2015-07-19,2015-07-19,241,222,222,15,15,2014-07-22,2015-07-15,358,OBSERVED_COMPLETE,-0.2295081967213115,False,False,False,False,0.024437005361562757,8.030822241007157e-12,,True,OBSERVED_INCOMPLETE: adjusted_close missing at window start t0; adjusted_close missing at window end T*
کفرا,1394,1395,"fold1_train,fold2_train",2016-07-19,2015-07-18,2015-07-19,2016-07-18,2016-07-18,247,209,209,34,34,2015-07-20,2016-07-18,364,OBSERVED_COMPLETE,0.17391304347826098,False,False,False,False,0.02317313073038865,1.447763089215867e-11,,True,OBSERVED_INCOMPLETE: adjusted_close missing at window start t0
کفرا,1395,1396,"fold1_validation,fold2_train",2017-07-21,2016-07-19,2016-07-19,2017-07-19,2017-07-19,243,195,195,42,42,2016-07-19,2017-07-19,365,OBSERVED_COMPLETE,0.2264150943396226,False,False,False,False,0.0254013891224762,1.504032697413159e-11,0.2264150943396226,True,OBSERVED_COMPLETE
کفرا,1396,1397,"fold1_validation,fold2_train",2018-07-20,2017-07-18,2017-07-18,2018-07-18,2018-07-18,242,229,229,8,8,2017-07-18,2018-07-18,365,OBSERVED_COMPLETE,0.9375,False,False,False,False,0.024503085302008856,5.8673686764019285e-12,0.9375,True,OBSERVED_COMPLETE
کفرا,1397,1398,fold2_validation,2019-07-20,2018-07-17,2018-07-17,2019-07-17,2019-07-17,246,231,231,9,9,2018-07-17,2019-07-17,365,OBSERVED_COMPLETE,2.3333333333333335,False,False,False,False,0.028125958559125523,3.544250488547242e-12,2.3333333333333335,True,OBSERVED_COMPLETE
کفرا,1398,1399,fold2_validation,2020-07-19,2019-07-18,2019-07-20,2020-07-18,2020-07-18,240,215,215,20,20,2019-07-20,2020-07-18,364,OBSERVED_COMPLETE,7.98473282442748,False,False,False,False,0.03005497746429606,1.2533299410369704e-12,7.98473282442748,True,OBSERVED_COMPLETE
کفپارس,1392,1393,"fold1_train,fold2_train",2014-04-19,2013-04-16,2013-04-16,2014-04-16,2014-04-16,245,99,99,140,140,,2014-04-15,,UNAVAILABLE: usable_daily_return_count=99 < 126; no valid adjusted_close in start-boundary month,,True,False,False,True,,,,False,OBSERVED_INCOMPLETE: usable_daily_return_count=99 < 126; adjusted_close missing at window start t0; adjusted_close missing at window end T*; usable_amihud_day_count=99 < 126
کفپارس,1393,1394,"fold1_train,fold2_train",2015-04-19,2014-04-18,2014-04-19,2015-04-18,2015-04-18,242,57,57,184,184,,,,UNAVAILABLE: usable_daily_return_count=57 < 126; no valid adjusted_close in start-boundary month; no valid adjusted_close in end-boundary month,,True,True,False,True,,,,False,OBSERVED_INCOMPLETE: usable_daily_return_count=57 < 126; adjusted_close missing at window start t0; adjusted_close missing at window end T*; usable_amihud_day_count=57 < 126
کفپارس,1394,1395,"fold1_train,fold2_train",2016-04-18,2015-04-17,2015-04-18,2016-04-17,2016-04-17,246,173,173,68,68,,2016-04-16,,UNAVAILABLE: no valid adjusted_close in start-boundary month,,True,False,False,False,0.032873991355636,1.9453832131408038e-11,,False,OBSERVED_INCOMPLETE: adjusted_close missing at window start t0; adjusted_close missing at window end T*
کفپارس,1395,1396,"fold1_validation,fold2_train",2017-04-19,2016-04-18,2016-04-18,2017-04-18,2017-04-18,244,230,230,11,11,2016-04-27,2017-04-17,355,OBSERVED_COMPLETE,-0.3146853146853147,False,False,False,False,0.027346784683016347,1.219106686873316e-11,,True,OBSERVED_INCOMPLETE: adjusted_close missing at window start t0; adjusted_close missing at window end T*
کفپارس,1396,1397,"fold1_validation,fold2_train",2018-04-19,2017-04-18,2017-04-18,2018-04-18,2018-04-18,243,165,165,73,73,,2018-04-16,,UNAVAILABLE: no valid adjusted_close in start-boundary month,,True,False,False,False,0.02295655782855561,1.6960320631478733e-11,,False,OBSERVED_INCOMPLETE: adjusted_close missing at window start t0; adjusted_close missing at window end T*
کفپارس,1397,1398,fold2_validation,2019-04-19,2018-04-17,2018-04-17,2019-04-17,2019-04-17,245,180,180,57,57,2018-04-24,2019-04-17,358,OBSERVED_COMPLETE,2.0545454545454547,False,False,False,False,0.031000754571291155,2.343902498375557e-11,,True,OBSERVED_INCOMPLETE: adjusted_close missing at window start t0
کفپارس,1398,1399,fold2_validation,2020-04-18,2019-04-15,2019-04-15,2020-04-15,2020-04-15,241,209,209,22,22,2019-04-15,2020-04-15,366,OBSERVED_COMPLETE,18.0926517571885,False,False,False,False,0.0341459818027788,4.1015344194070776e-12,18.0926517571885,True,OBSERVED_COMPLETE
کهمدا,1392,1393,"fold1_train,fold2_train",2013-10-22,2012-10-21,2012-10-21,2013-10-21,2013-10-21,241,205,205,30,30,2012-10-21,2013-10-21,365,OBSERVED_COMPLETE,2.4,False,False,False,False,0.0378795615797421,1.5297257145045837e-11,2.4,True,OBSERVED_COMPLETE
کهمدا,1393,1394,"fold1_train,fold2_train",2014-10-22,2013-10-21,2013-10-21,2014-10-21,2014-10-21,244,229,229,11,11,2013-10-21,2014-10-21,365,OBSERVED_COMPLETE,1.2352941176470589,False,False,False,False,0.026384497219086495,8.921750319813379e-12,1.2352941176470589,True,OBSERVED_COMPLETE
کهمدا,1394,1395,"fold1_train,fold2_train",2015-10-22,2014-10-21,2014-10-21,2015-10-21,2015-10-21,245,230,230,11,11,2014-10-21,2015-10-21,365,OBSERVED_COMPLETE,-0.14473684210526316,False,False,False,False,0.02167456457546643,1.7798697750594202e-11,-0.14473684210526316,True,OBSERVED_COMPLETE
کهمدا,1395,1396,"fold1_validation,fold2_train",2016-10-21,2015-10-19,2015-10-19,2016-10-19,2016-10-19,245,232,232,10,10,2015-10-21,2016-10-19,364,OBSERVED_COMPLETE,0.46153846153846145,False,False,False,False,0.01889039399321698,9.424949842458828e-12,,True,OBSERVED_INCOMPLETE: adjusted_close missing at window start t0
کهمدا,1396,1397,"fold1_validation,fold2_train",2017-10-22,2016-10-21,2016-10-22,2017-10-21,2017-10-21,242,230,230,8,8,2016-10-22,2017-10-17,360,OBSERVED_COMPLETE,-0.04166666666666663,False,False,False,False,0.016520835531813927,9.552815819108947e-12,,True,OBSERVED_INCOMPLETE: adjusted_close missing at window end T*
کهمدا,1397,1398,fold2_validation,2018-10-22,2017-10-21,2017-10-21,2018-10-21,2018-10-21,246,220,220,19,19,2017-10-25,2018-10-21,361,OBSERVED_COMPLETE,0.7608695652173914,False,False,False,False,0.022218639796995312,1.659874503504418e-11,,True,OBSERVED_INCOMPLETE: adjusted_close missing at window start t0
کهمدا,1398,1399,fold2_validation,2019-10-22,2018-10-21,2018-10-21,2019-10-21,2019-10-21,241,237,237,2,2,2018-10-21,2019-10-21,365,OBSERVED_COMPLETE,1.4074074074074074,False,False,False,False,0.030021276199696745,1.6366033799594791e-12,1.4074074074074074,True,OBSERVED_COMPLETE
کویر,1398,1399,fold2_validation,2020-07-19,2019-07-18,2019-09-24,2020-07-18,2020-07-18,196,172,172,19,19,,2020-07-18,,UNAVAILABLE: no valid adjusted_close in start-boundary month,,True,False,False,False,0.032931828292434254,4.867879082527669e-13,,False,OBSERVED_INCOMPLETE: adjusted_close missing at window start t0
کگاز,1392,1393,"fold1_train,fold2_train",2014-07-20,2013-07-16,2013-07-16,2014-07-16,2014-07-16,245,206,206,34,34,2013-07-29,2014-07-14,350,OBSERVED_COMPLETE,-0.2564491654021245,False,False,False,False,0.028066335836314307,1.1622393905425922e-11,,True,OBSERVED_INCOMPLETE: adjusted_close missing at window start t0; adjusted_close missing at window end T*
کگاز,1393,1394,"fold1_train,fold2_train",2015-07-20,2014-07-19,2014-07-20,2015-07-19,2015-07-19,241,220,220,16,16,,2015-07-14,,UNAVAILABLE: no valid adjusted_close in start-boundary month,,True,False,False,False,0.0253405253285344,1.712102916895095e-11,,False,OBSERVED_INCOMPLETE: adjusted_close missing at window start t0; adjusted_close missing at window end T*
کگاز,1394,1395,"fold1_train,fold2_train",2016-07-19,2015-07-18,2015-07-19,2016-07-18,2016-07-18,247,208,208,35,35,,2016-07-18,,UNAVAILABLE: no valid adjusted_close in start-boundary month,,True,False,False,False,0.03071394260844806,2.5332580452551393e-11,,False,OBSERVED_INCOMPLETE: adjusted_close missing at window start t0
کگاز,1395,1396,"fold1_validation,fold2_train",2017-07-21,2016-07-19,2016-07-19,2017-07-19,2017-07-19,243,95,95,142,142,2016-07-19,2017-07-19,365,UNAVAILABLE: usable_daily_return_count=95 < 126,,False,False,False,True,,,,False,OBSERVED_INCOMPLETE: usable_daily_return_count=95 < 126; usable_amihud_day_count=95 < 126
کگاز,1396,1397,"fold1_validation,fold2_train",2018-07-20,2017-07-18,2017-07-18,2018-07-18,2018-07-18,242,215,215,22,22,2017-07-18,2018-07-18,365,OBSERVED_COMPLETE,-0.0033370411568409697,False,False,False,False,0.021799994794890986,2.0025287140032476e-11,-0.0033370411568409697,True,OBSERVED_COMPLETE
کگاز,1397,1398,fold2_validation,2019-07-20,2018-07-17,2018-07-17,2019-07-17,2019-07-17,246,222,222,17,17,2018-07-17,2019-07-17,365,OBSERVED_COMPLETE,2.5608938547486035,False,False,False,False,0.02987446316145674,6.85805081729296e-12,2.5608938547486035,True,OBSERVED_COMPLETE
کگاز,1398,1399,fold2_validation,2020-07-19,2019-07-18,2019-07-20,2020-07-18,2020-07-18,240,222,222,11,11,2019-07-22,2020-07-18,362,OBSERVED_COMPLETE,5.55978415222948,False,False,False,False,0.035000169438388594,1.1368336648027375e-12,,True,OBSERVED_INCOMPLETE: adjusted_close missing at window start t0
کگل,1392,1393,"fold1_train,fold2_train",2014-07-20,2013-07-16,2013-07-16,2014-07-16,2014-07-16,245,221,221,20,20,2013-07-16,2014-07-16,365,OBSERVED_COMPLETE,0.024691358024691468,False,False,False,False,0.012777716255098558,6.59132869327948e-13,0.024691358024691468,True,OBSERVED_COMPLETE
کگل,1393,1394,"fold1_train,fold2_train",2015-07-20,2014-07-19,2014-07-20,2015-07-19,2015-07-19,241,218,218,21,21,2014-07-20,2015-07-06,351,OBSERVED_COMPLETE,-0.4337349397590361,False,False,False,False,0.009730201732023365,1.6183995629529708e-12,,True,OBSERVED_INCOMPLETE: adjusted_close missing at window end T*
کگل,1394,1395,"fold1_train,fold2_train",2016-07-19,2015-07-18,2015-07-19,2016-07-18,2016-07-18,247,205,205,40,40,,2016-07-18,,UNAVAILABLE: no valid adjusted_close in start-boundary month,,True,False,False,False,0.02050184646686758,2.0420723724456095e-12,,False,OBSERVED_INCOMPLETE: adjusted_close missing at window start t0
کگل,1395,1396,"fold1_validation,fold2_train",2017-07-21,2016-07-19,2016-07-19,2017-07-19,2017-07-19,243,211,211,28,28,2016-07-19,2017-07-12,358,OBSERVED_COMPLETE,0.5238095238095237,False,False,False,False,0.017438303463347536,9.203083862271407e-13,,True,OBSERVED_INCOMPLETE: adjusted_close missing at window end T*
کگل,1396,1397,"fold1_validation,fold2_train",2018-07-20,2017-07-18,2017-07-18,2018-07-18,2018-07-18,242,224,224,13,13,2017-07-22,2018-07-18,361,OBSERVED_COMPLETE,1.4583333333333335,False,False,False,False,0.01593196849702109,4.049028593792988e-13,,True,OBSERVED_INCOMPLETE: adjusted_close missing at window start t0
کگل,1397,1398,fold2_validation,2019-07-20,2018-07-17,2018-07-17,2019-07-17,2019-07-17,246,227,227,14,14,2018-07-17,2019-07-17,365,OBSERVED_COMPLETE,1.4571428571428573,False,False,False,False,0.02278486447524193,2.6549544058377796e-13,1.4571428571428573,True,OBSERVED_COMPLETE
کگل,1398,1399,fold2_validation,2020-07-19,2019-07-18,2019-07-20,2020-07-18,2020-07-18,240,218,218,16,16,2019-07-20,2020-07-18,364,OBSERVED_COMPLETE,3.5751789976133654,False,False,False,False,0.02557993277473545,1.2728384473280004e-13,3.5751789976133654,True,OBSERVED_COMPLETE
