request_id,ticker,fiscal_year_t,target_year,predictor_row_key_t,pair_cutoff_date,requested_start_date,requested_end_date,source_id,required_price_field,required_value_field,window_rule
REQ0001,بالبر,1393,1394,بالبر|1393,2015-01-20,2013-12-20,2015-01-19,src_m2_tsetmc_market,adjusted_close,traded_value_rial,shared_12_calendar_month_window_ending_on_last_eligible_trading_day_strictly_before_pair_cutoff_date
REQ0002,بالبر,1394,1395,بالبر|1394,2016-01-20,2014-12-20,2016-01-19,src_m2_tsetmc_market,adjusted_close,traded_value_rial,shared_12_calendar_month_window_ending_on_last_eligible_trading_day_strictly_before_pair_cutoff_date
REQ0003,بالبر,1395,1396,بالبر|1395,2017-01-19,2015-12-19,2017-01-18,src_m2_tsetmc_market,adjusted_close,traded_value_rial,shared_12_calendar_month_window_ending_on_last_eligible_trading_day_strictly_before_pair_cutoff_date
REQ0004,بالبر,1396,1397,بالبر|1396,2018-01-20,2016-12-20,2018-01-19,src_m2_tsetmc_market,adjusted_close,traded_value_rial,shared_12_calendar_month_window_ending_on_last_eligible_trading_day_strictly_before_pair_cutoff_date
REQ0005,بالبر,1397,1398,بالبر|1397,2019-01-20,2017-12-20,2019-01-19,src_m2_tsetmc_market,adjusted_close,traded_value_rial,shared_12_calendar_month_window_ending_on_last_eligible_trading_day_strictly_before_pair_cutoff_date
REQ0006,بالبر,1398,1399,بالبر|1398,2020-01-20,2018-12-20,2020-01-19,src_m2_tsetmc_market,adjusted_close,traded_value_rial,shared_12_calendar_month_window_ending_on_last_eligible_trading_day_strictly_before_pair_cutoff_date
REQ0007,بترانس,1393,1394,بترانس|1393,2015-07-20,2014-06-19,2015-07-19,src_m2_tsetmc_market,adjusted_close,traded_value_rial,shared_12_calendar_month_window_ending_on_last_eligible_trading_day_strictly_before_pair_cutoff_date
REQ0008,بترانس,1394,1395,بترانس|1394,2016-07-19,2015-06-18,2016-07-18,src_m2_tsetmc_market,adjusted_close,traded_value_rial,shared_12_calendar_month_window_ending_on_last_eligible_trading_day_strictly_before_pair_cutoff_date
REQ0009,بترانس,1395,1396,بترانس|1395,2017-07-21,2016-06-20,2017-07-20,src_m2_tsetmc_market,adjusted_close,traded_value_rial,shared_12_calendar_month_window_ending_on_last_eligible_trading_day_strictly_before_pair_cutoff_date
REQ0010,بترانس,1396,1397,بترانس|1396,2018-07-20,2017-06-19,2018-07-19,src_m2_tsetmc_market,adjusted_close,traded_value_rial,shared_12_calendar_month_window_ending_on_last_eligible_trading_day_strictly_before_pair_cutoff_date
REQ0011,بترانس,1397,1398,بترانس|1397,2019-07-20,2018-06-19,2019-07-19,src_m2_tsetmc_market,adjusted_close,traded_value_rial,shared_12_calendar_month_window_ending_on_last_eligible_trading_day_strictly_before_pair_cutoff_date
REQ0012,بترانس,1398,1399,بترانس|1398,2020-07-19,2019-06-18,2020-07-18,src_m2_tsetmc_market,adjusted_close,traded_value_rial,shared_12_calendar_month_window_ending_on_last_eligible_trading_day_strictly_before_pair_cutoff_date
REQ0013,بموتو,1392,1393,بموتو|1392,2014-01-20,2012-12-20,2014-01-19,src_m2_tsetmc_market,adjusted_close,traded_value_rial,shared_12_calendar_month_window_ending_on_last_eligible_trading_day_strictly_before_pair_cutoff_date
REQ0014,بموتو,1393,1394,بموتو|1393,2015-01-20,2013-12-20,2015-01-19,src_m2_tsetmc_market,adjusted_close,traded_value_rial,shared_12_calendar_month_window_ending_on_last_eligible_trading_day_strictly_before_pair_cutoff_date
REQ0015,بموتو,1394,1395,بموتو|1394,2016-01-20,2014-12-20,2016-01-19,src_m2_tsetmc_market,adjusted_close,traded_value_rial,shared_12_calendar_month_window_ending_on_last_eligible_trading_day_strictly_before_pair_cutoff_date
REQ0016,بموتو,1395,1396,بموتو|1395,2017-01-19,2015-12-19,2017-01-18,src_m2_tsetmc_market,adjusted_close,traded_value_rial,shared_12_calendar_month_window_ending_on_last_eligible_trading_day_strictly_before_pair_cutoff_date
REQ0017,بموتو,1396,1397,بموتو|1396,2018-01-20,2016-12-20,2018-01-19,src_m2_tsetmc_market,adjusted_close,traded_value_rial,shared_12_calendar_month_window_ending_on_last_eligible_trading_day_strictly_before_pair_cutoff_date
REQ0018,بموتو,1397,1398,بموتو|1397,2019-01-20,2017-12-20,2019-01-19,src_m2_tsetmc_market,adjusted_close,traded_value_rial,shared_12_calendar_month_window_ending_on_last_eligible_trading_day_strictly_before_pair_cutoff_date
REQ0019,بموتو,1398,1399,بموتو|1398,2020-01-20,2018-12-20,2020-01-19,src_m2_tsetmc_market,adjusted_close,traded_value_rial,shared_12_calendar_month_window_ending_on_last_eligible_trading_day_strictly_before_pair_cutoff_date
REQ0020,بکاب,1393,1394,بکاب|1393,2015-01-20,2013-12-20,2015-01-19,src_m2_tsetmc_market,adjusted_close,traded_value_rial,shared_12_calendar_month_window_ending_on_last_eligible_trading_day_strictly_before_pair_cutoff_date
REQ0021,بکاب,1394,1395,بکاب|1394,2016-01-20,2014-12-20,2016-01-19,src_m2_tsetmc_market,adjusted_close,traded_value_rial,shared_12_calendar_month_window_ending_on_last_eligible_trading_day_strictly_before_pair_cutoff_date
REQ0022,بکاب,1395,1396,بکاب|1395,2017-01-19,2015-12-19,2017-01-18,src_m2_tsetmc_market,adjusted_close,traded_value_rial,shared_12_calendar_month_window_ending_on_last_eligible_trading_day_strictly_before_pair_cutoff_date
REQ0023,بکاب,1396,1397,بکاب|1396,2018-01-20,2016-12-20,2018-01-19,src_m2_tsetmc_market,adjusted_close,traded_value_rial,shared_12_calendar_month_window_ending_on_last_eligible_trading_day_strictly_before_pair_cutoff_date
REQ0024,بکاب,1397,1398,بکاب|1397,2019-01-20,2017-12-20,2019-01-19,src_m2_tsetmc_market,adjusted_close,traded_value_rial,shared_12_calendar_month_window_ending_on_last_eligible_trading_day_strictly_before_pair_cutoff_date
REQ0025,بکاب,1398,1399,بکاب|1398,2020-01-20,2018-12-20,2020-01-19,src_m2_tsetmc_market,adjusted_close,traded_value_rial,shared_12_calendar_month_window_ending_on_last_eligible_trading_day_strictly_before_pair_cutoff_date
REQ0026,بکام,1393,1394,بکام|1393,2015-07-20,2014-06-19,2015-07-19,src_m2_tsetmc_market,adjusted_close,traded_value_rial,shared_12_calendar_month_window_ending_on_last_eligible_trading_day_strictly_before_pair_cutoff_date
REQ0027,بکام,1394,1395,بکام|1394,2016-07-19,2015-06-18,2016-07-18,src_m2_tsetmc_market,adjusted_close,traded_value_rial,shared_12_calendar_month_window_ending_on_last_eligible_trading_day_strictly_before_pair_cutoff_date
REQ0028,بکام,1395,1396,بکام|1395,2017-07-21,2016-06-20,2017-07-20,src_m2_tsetmc_market,adjusted_close,traded_value_rial,shared_12_calendar_month_window_ending_on_last_eligible_trading_day_strictly_before_pair_cutoff_date
REQ0029,بکام,1396,1397,بکام|1396,2018-07-20,2017-06-19,2018-07-19,src_m2_tsetmc_market,adjusted_close,traded_value_rial,shared_12_calendar_month_window_ending_on_last_eligible_trading_day_strictly_before_pair_cutoff_date
REQ0030,بکام,1397,1398,بکام|1397,2019-07-20,2018-06-19,2019-07-19,src_m2_tsetmc_market,adjusted_close,traded_value_rial,shared_12_calendar_month_window_ending_on_last_eligible_trading_day_strictly_before_pair_cutoff_date
REQ0031,بکام,1398,1399,بکام|1398,2020-07-19,2019-06-18,2020-07-18,src_m2_tsetmc_market,adjusted_close,traded_value_rial,shared_12_calendar_month_window_ending_on_last_eligible_trading_day_strictly_before_pair_cutoff_date
REQ0032,تپمپی,1393,1394,تپمپی|1393,2014-10-22,2013-09-21,2014-10-21,src_m2_tsetmc_market,adjusted_close,traded_value_rial,shared_12_calendar_month_window_ending_on_last_eligible_trading_day_strictly_before_pair_cutoff_date
REQ0033,تپمپی,1394,1395,تپمپی|1394,2015-10-22,2014-09-21,2015-10-21,src_m2_tsetmc_market,adjusted_close,traded_value_rial,shared_12_calendar_month_window_ending_on_last_eligible_trading_day_strictly_before_pair_cutoff_date
REQ0034,تپمپی,1395,1396,تپمپی|1395,2016-10-21,2015-09-20,2016-10-20,src_m2_tsetmc_market,adjusted_close,traded_value_rial,shared_12_calendar_month_window_ending_on_last_eligible_trading_day_strictly_before_pair_cutoff_date
REQ0035,تپمپی,1396,1397,تپمپی|1396,2017-10-22,2016-09-21,2017-10-21,src_m2_tsetmc_market,adjusted_close,traded_value_rial,shared_12_calendar_month_window_ending_on_last_eligible_trading_day_strictly_before_pair_cutoff_date
REQ0036,تپمپی,1397,1398,تپمپی|1397,2018-10-22,2017-09-21,2018-10-21,src_m2_tsetmc_market,adjusted_close,traded_value_rial,shared_12_calendar_month_window_ending_on_last_eligible_trading_day_strictly_before_pair_cutoff_date
REQ0037,تپمپی,1398,1399,تپمپی|1398,2019-10-22,2018-09-21,2019-10-21,src_m2_tsetmc_market,adjusted_close,traded_value_rial,shared_12_calendar_month_window_ending_on_last_eligible_trading_day_strictly_before_pair_cutoff_date
REQ0038,تکمبا,1393,1394,تکمبا|1393,2015-07-20,2014-06-19,2015-07-19,src_m2_tsetmc_market,adjusted_close,traded_value_rial,shared_12_calendar_month_window_ending_on_last_eligible_trading_day_strictly_before_pair_cutoff_date
REQ0039,تکمبا,1394,1395,تکمبا|1394,2016-07-19,2015-06-18,2016-07-18,src_m2_tsetmc_market,adjusted_close,traded_value_rial,shared_12_calendar_month_window_ending_on_last_eligible_trading_day_strictly_before_pair_cutoff_date
REQ0040,تکمبا,1395,1396,تکمبا|1395,2017-07-21,2016-06-20,2017-07-20,src_m2_tsetmc_market,adjusted_close,traded_value_rial,shared_12_calendar_month_window_ending_on_last_eligible_trading_day_strictly_before_pair_cutoff_date
REQ0041,تکمبا,1396,1397,تکمبا|1396,2018-07-20,2017-06-19,2018-07-19,src_m2_tsetmc_market,adjusted_close,traded_value_rial,shared_12_calendar_month_window_ending_on_last_eligible_trading_day_strictly_before_pair_cutoff_date
REQ0042,تکمبا,1397,1398,تکمبا|1397,2019-07-20,2018-06-19,2019-07-19,src_m2_tsetmc_market,adjusted_close,traded_value_rial,shared_12_calendar_month_window_ending_on_last_eligible_trading_day_strictly_before_pair_cutoff_date
REQ0043,تکمبا,1398,1399,تکمبا|1398,2020-07-19,2019-06-18,2020-07-18,src_m2_tsetmc_market,adjusted_close,traded_value_rial,shared_12_calendar_month_window_ending_on_last_eligible_trading_day_strictly_before_pair_cutoff_date
REQ0044,ثشرق,1393,1394,ثشرق|1393,2015-01-20,2013-12-20,2015-01-19,src_m2_tsetmc_market,adjusted_close,traded_value_rial,shared_12_calendar_month_window_ending_on_last_eligible_trading_day_strictly_before_pair_cutoff_date
REQ0045,ثشرق,1394,1395,ثشرق|1394,2016-01-20,2014-12-20,2016-01-19,src_m2_tsetmc_market,adjusted_close,traded_value_rial,shared_12_calendar_month_window_ending_on_last_eligible_trading_day_strictly_before_pair_cutoff_date
REQ0046,ثشرق,1395,1396,ثشرق|1395,2017-01-19,2015-12-19,2017-01-18,src_m2_tsetmc_market,adjusted_close,traded_value_rial,shared_12_calendar_month_window_ending_on_last_eligible_trading_day_strictly_before_pair_cutoff_date
REQ0047,ثشرق,1396,1397,ثشرق|1396,2018-01-20,2016-12-20,2018-01-19,src_m2_tsetmc_market,adjusted_close,traded_value_rial,shared_12_calendar_month_window_ending_on_last_eligible_trading_day_strictly_before_pair_cutoff_date
REQ0048,ثشرق,1397,1398,ثشرق|1397,2019-01-20,2017-12-20,2019-01-19,src_m2_tsetmc_market,adjusted_close,traded_value_rial,shared_12_calendar_month_window_ending_on_last_eligible_trading_day_strictly_before_pair_cutoff_date
REQ0049,ثشرق,1398,1399,ثشرق|1398,2020-01-20,2018-12-20,2020-01-19,src_m2_tsetmc_market,adjusted_close,traded_value_rial,shared_12_calendar_month_window_ending_on_last_eligible_trading_day_strictly_before_pair_cutoff_date
REQ0050,ثنوسا,1392,1393,ثنوسا|1392,2014-01-20,2012-12-20,2014-01-19,src_m2_tsetmc_market,adjusted_close,traded_value_rial,shared_12_calendar_month_window_ending_on_last_eligible_trading_day_strictly_before_pair_cutoff_date
REQ0051,ثنوسا,1393,1394,ثنوسا|1393,2015-01-20,2013-12-20,2015-01-19,src_m2_tsetmc_market,adjusted_close,traded_value_rial,shared_12_calendar_month_window_ending_on_last_eligible_trading_day_strictly_before_pair_cutoff_date
REQ0052,ثنوسا,1394,1395,ثنوسا|1394,2016-01-20,2014-12-20,2016-01-19,src_m2_tsetmc_market,adjusted_close,traded_value_rial,shared_12_calendar_month_window_ending_on_last_eligible_trading_day_strictly_before_pair_cutoff_date
REQ0053,ثنوسا,1395,1396,ثنوسا|1395,2017-01-19,2015-12-19,2017-01-18,src_m2_tsetmc_market,adjusted_close,traded_value_rial,shared_12_calendar_month_window_ending_on_last_eligible_trading_day_strictly_before_pair_cutoff_date
REQ0054,ثنوسا,1396,1397,ثنوسا|1396,2018-01-20,2016-12-20,2018-01-19,src_m2_tsetmc_market,adjusted_close,traded_value_rial,shared_12_calendar_month_window_ending_on_last_eligible_trading_day_strictly_before_pair_cutoff_date
REQ0055,ثنوسا,1397,1398,ثنوسا|1397,2019-01-20,2017-12-20,2019-01-19,src_m2_tsetmc_market,adjusted_close,traded_value_rial,shared_12_calendar_month_window_ending_on_last_eligible_trading_day_strictly_before_pair_cutoff_date
REQ0056,ثنوسا,1398,1399,ثنوسا|1398,2020-01-20,2018-12-20,2020-01-19,src_m2_tsetmc_market,adjusted_close,traded_value_rial,shared_12_calendar_month_window_ending_on_last_eligible_trading_day_strictly_before_pair_cutoff_date
REQ0057,جم,1394,1395,جم|1394,2016-07-19,2015-06-18,2016-07-18,src_m2_tsetmc_market,adjusted_close,traded_value_rial,shared_12_calendar_month_window_ending_on_last_eligible_trading_day_strictly_before_pair_cutoff_date
REQ0058,جم,1395,1396,جم|1395,2017-07-21,2016-06-20,2017-07-20,src_m2_tsetmc_market,adjusted_close,traded_value_rial,shared_12_calendar_month_window_ending_on_last_eligible_trading_day_strictly_before_pair_cutoff_date
REQ0059,جم,1396,1397,جم|1396,2018-07-20,2017-06-19,2018-07-19,src_m2_tsetmc_market,adjusted_close,traded_value_rial,shared_12_calendar_month_window_ending_on_last_eligible_trading_day_strictly_before_pair_cutoff_date
REQ0060,جم,1397,1398,جم|1397,2019-07-20,2018-06-19,2019-07-19,src_m2_tsetmc_market,adjusted_close,traded_value_rial,shared_12_calendar_month_window_ending_on_last_eligible_trading_day_strictly_before_pair_cutoff_date
REQ0061,جم,1398,1399,جم|1398,2020-07-19,2019-06-18,2020-07-18,src_m2_tsetmc_market,adjusted_close,traded_value_rial,shared_12_calendar_month_window_ending_on_last_eligible_trading_day_strictly_before_pair_cutoff_date
REQ0062,جم پیلن,1398,1399,جم پیلن|1398,2020-07-19,2019-06-18,2020-07-18,src_m2_tsetmc_market,adjusted_close,traded_value_rial,shared_12_calendar_month_window_ending_on_last_eligible_trading_day_strictly_before_pair_cutoff_date
REQ0063,حپترو,1392,1393,حپترو|1392,2014-07-20,2013-06-19,2014-07-19,src_m2_tsetmc_market,adjusted_close,traded_value_rial,shared_12_calendar_month_window_ending_on_last_eligible_trading_day_strictly_before_pair_cutoff_date
REQ0064,حپترو,1393,1394,حپترو|1393,2015-07-20,2014-06-19,2015-07-19,src_m2_tsetmc_market,adjusted_close,traded_value_rial,shared_12_calendar_month_window_ending_on_last_eligible_trading_day_strictly_before_pair_cutoff_date
REQ0065,حپترو,1394,1395,حپترو|1394,2016-07-19,2015-06-18,2016-07-18,src_m2_tsetmc_market,adjusted_close,traded_value_rial,shared_12_calendar_month_window_ending_on_last_eligible_trading_day_strictly_before_pair_cutoff_date
REQ0066,حپترو,1395,1396,حپترو|1395,2017-07-21,2016-06-20,2017-07-20,src_m2_tsetmc_market,adjusted_close,traded_value_rial,shared_12_calendar_month_window_ending_on_last_eligible_trading_day_strictly_before_pair_cutoff_date
REQ0067,حپترو,1396,1397,حپترو|1396,2018-07-20,2017-06-19,2018-07-19,src_m2_tsetmc_market,adjusted_close,traded_value_rial,shared_12_calendar_month_window_ending_on_last_eligible_trading_day_strictly_before_pair_cutoff_date
REQ0068,حپترو,1397,1398,حپترو|1397,2019-07-20,2018-06-19,2019-07-19,src_m2_tsetmc_market,adjusted_close,traded_value_rial,shared_12_calendar_month_window_ending_on_last_eligible_trading_day_strictly_before_pair_cutoff_date
REQ0069,حپترو,1398,1399,حپترو|1398,2020-07-19,2019-06-18,2020-07-18,src_m2_tsetmc_market,adjusted_close,traded_value_rial,shared_12_calendar_month_window_ending_on_last_eligible_trading_day_strictly_before_pair_cutoff_date
REQ0070,حکشتی,1392,1393,حکشتی|1392,2013-10-22,2012-09-21,2013-10-21,src_m2_tsetmc_market,adjusted_close,traded_value_rial,shared_12_calendar_month_window_ending_on_last_eligible_trading_day_strictly_before_pair_cutoff_date
REQ0071,حکشتی,1393,1394,حکشتی|1393,2014-10-22,2013-09-21,2014-10-21,src_m2_tsetmc_market,adjusted_close,traded_value_rial,shared_12_calendar_month_window_ending_on_last_eligible_trading_day_strictly_before_pair_cutoff_date
REQ0072,حکشتی,1394,1395,حکشتی|1394,2015-10-22,2014-09-21,2015-10-21,src_m2_tsetmc_market,adjusted_close,traded_value_rial,shared_12_calendar_month_window_ending_on_last_eligible_trading_day_strictly_before_pair_cutoff_date
REQ0073,حکشتی,1395,1396,حکشتی|1395,2016-10-21,2015-09-20,2016-10-20,src_m2_tsetmc_market,adjusted_close,traded_value_rial,shared_12_calendar_month_window_ending_on_last_eligible_trading_day_strictly_before_pair_cutoff_date
REQ0074,حکشتی,1396,1397,حکشتی|1396,2017-10-22,2016-09-21,2017-10-21,src_m2_tsetmc_market,adjusted_close,traded_value_rial,shared_12_calendar_month_window_ending_on_last_eligible_trading_day_strictly_before_pair_cutoff_date
REQ0075,حکشتی,1397,1398,حکشتی|1397,2018-10-22,2017-09-21,2018-10-21,src_m2_tsetmc_market,adjusted_close,traded_value_rial,shared_12_calendar_month_window_ending_on_last_eligible_trading_day_strictly_before_pair_cutoff_date
REQ0076,حکشتی,1398,1399,حکشتی|1398,2019-10-22,2018-09-21,2019-10-21,src_m2_tsetmc_market,adjusted_close,traded_value_rial,shared_12_calendar_month_window_ending_on_last_eligible_trading_day_strictly_before_pair_cutoff_date
REQ0077,خاذین,1392,1393,خاذین|1392,2014-07-20,2013-06-19,2014-07-19,src_m2_tsetmc_market,adjusted_close,traded_value_rial,shared_12_calendar_month_window_ending_on_last_eligible_trading_day_strictly_before_pair_cutoff_date
REQ0078,خاذین,1393,1394,خاذین|1393,2015-07-20,2014-06-19,2015-07-19,src_m2_tsetmc_market,adjusted_close,traded_value_rial,shared_12_calendar_month_window_ending_on_last_eligible_trading_day_strictly_before_pair_cutoff_date
REQ0079,خاذین,1394,1395,خاذین|1394,2016-07-19,2015-06-18,2016-07-18,src_m2_tsetmc_market,adjusted_close,traded_value_rial,shared_12_calendar_month_window_ending_on_last_eligible_trading_day_strictly_before_pair_cutoff_date
REQ0080,خاذین,1395,1396,خاذین|1395,2017-07-21,2016-06-20,2017-07-20,src_m2_tsetmc_market,adjusted_close,traded_value_rial,shared_12_calendar_month_window_ending_on_last_eligible_trading_day_strictly_before_pair_cutoff_date
REQ0081,خاذین,1396,1397,خاذین|1396,2018-07-20,2017-06-19,2018-07-19,src_m2_tsetmc_market,adjusted_close,traded_value_rial,shared_12_calendar_month_window_ending_on_last_eligible_trading_day_strictly_before_pair_cutoff_date
REQ0082,خاذین,1397,1398,خاذین|1397,2019-07-20,2018-06-19,2019-07-19,src_m2_tsetmc_market,adjusted_close,traded_value_rial,shared_12_calendar_month_window_ending_on_last_eligible_trading_day_strictly_before_pair_cutoff_date
REQ0083,خاذین,1398,1399,خاذین|1398,2020-07-19,2019-06-18,2020-07-18,src_m2_tsetmc_market,adjusted_close,traded_value_rial,shared_12_calendar_month_window_ending_on_last_eligible_trading_day_strictly_before_pair_cutoff_date
REQ0084,خبهمن,1392,1393,خبهمن|1392,2014-07-20,2013-06-19,2014-07-19,src_m2_tsetmc_market,adjusted_close,traded_value_rial,shared_12_calendar_month_window_ending_on_last_eligible_trading_day_strictly_before_pair_cutoff_date
REQ0085,خبهمن,1393,1394,خبهمن|1393,2015-07-20,2014-06-19,2015-07-19,src_m2_tsetmc_market,adjusted_close,traded_value_rial,shared_12_calendar_month_window_ending_on_last_eligible_trading_day_strictly_before_pair_cutoff_date
REQ0086,خبهمن,1394,1395,خبهمن|1394,2016-07-19,2015-06-18,2016-07-18,src_m2_tsetmc_market,adjusted_close,traded_value_rial,shared_12_calendar_month_window_ending_on_last_eligible_trading_day_strictly_before_pair_cutoff_date
REQ0087,خبهمن,1395,1396,خبهمن|1395,2017-07-21,2016-06-20,2017-07-20,src_m2_tsetmc_market,adjusted_close,traded_value_rial,shared_12_calendar_month_window_ending_on_last_eligible_trading_day_strictly_before_pair_cutoff_date
REQ0088,خبهمن,1396,1397,خبهمن|1396,2018-07-20,2017-06-19,2018-07-19,src_m2_tsetmc_market,adjusted_close,traded_value_rial,shared_12_calendar_month_window_ending_on_last_eligible_trading_day_strictly_before_pair_cutoff_date
REQ0089,خبهمن,1397,1398,خبهمن|1397,2019-07-20,2018-06-19,2019-07-19,src_m2_tsetmc_market,adjusted_close,traded_value_rial,shared_12_calendar_month_window_ending_on_last_eligible_trading_day_strictly_before_pair_cutoff_date
REQ0090,خبهمن,1398,1399,خبهمن|1398,2020-07-19,2019-06-18,2020-07-18,src_m2_tsetmc_market,adjusted_close,traded_value_rial,shared_12_calendar_month_window_ending_on_last_eligible_trading_day_strictly_before_pair_cutoff_date
REQ0091,ختوقا,1392,1393,ختوقا|1392,2014-07-20,2013-06-19,2014-07-19,src_m2_tsetmc_market,adjusted_close,traded_value_rial,shared_12_calendar_month_window_ending_on_last_eligible_trading_day_strictly_before_pair_cutoff_date
REQ0092,ختوقا,1393,1394,ختوقا|1393,2015-07-20,2014-06-19,2015-07-19,src_m2_tsetmc_market,adjusted_close,traded_value_rial,shared_12_calendar_month_window_ending_on_last_eligible_trading_day_strictly_before_pair_cutoff_date
REQ0093,ختوقا,1394,1395,ختوقا|1394,2016-07-19,2015-06-18,2016-07-18,src_m2_tsetmc_market,adjusted_close,traded_value_rial,shared_12_calendar_month_window_ending_on_last_eligible_trading_day_strictly_before_pair_cutoff_date
REQ0094,ختوقا,1395,1396,ختوقا|1395,2017-07-21,2016-06-20,2017-07-20,src_m2_tsetmc_market,adjusted_close,traded_value_rial,shared_12_calendar_month_window_ending_on_last_eligible_trading_day_strictly_before_pair_cutoff_date
REQ0095,ختوقا,1396,1397,ختوقا|1396,2018-07-20,2017-06-19,2018-07-19,src_m2_tsetmc_market,adjusted_close,traded_value_rial,shared_12_calendar_month_window_ending_on_last_eligible_trading_day_strictly_before_pair_cutoff_date
REQ0096,ختوقا,1397,1398,ختوقا|1397,2019-07-20,2018-06-19,2019-07-19,src_m2_tsetmc_market,adjusted_close,traded_value_rial,shared_12_calendar_month_window_ending_on_last_eligible_trading_day_strictly_before_pair_cutoff_date
REQ0097,ختوقا,1398,1399,ختوقا|1398,2020-07-19,2019-06-18,2020-07-18,src_m2_tsetmc_market,adjusted_close,traded_value_rial,shared_12_calendar_month_window_ending_on_last_eligible_trading_day_strictly_before_pair_cutoff_date
REQ0098,خرینگ,1392,1393,خرینگ|1392,2014-07-20,2013-06-19,2014-07-19,src_m2_tsetmc_market,adjusted_close,traded_value_rial,shared_12_calendar_month_window_ending_on_last_eligible_trading_day_strictly_before_pair_cutoff_date
REQ0099,خرینگ,1393,1394,خرینگ|1393,2015-07-20,2014-06-19,2015-07-19,src_m2_tsetmc_market,adjusted_close,traded_value_rial,shared_12_calendar_month_window_ending_on_last_eligible_trading_day_strictly_before_pair_cutoff_date
REQ0100,خرینگ,1394,1395,خرینگ|1394,2016-07-19,2015-06-18,2016-07-18,src_m2_tsetmc_market,adjusted_close,traded_value_rial,shared_12_calendar_month_window_ending_on_last_eligible_trading_day_strictly_before_pair_cutoff_date
REQ0101,خرینگ,1395,1396,خرینگ|1395,2017-07-21,2016-06-20,2017-07-20,src_m2_tsetmc_market,adjusted_close,traded_value_rial,shared_12_calendar_month_window_ending_on_last_eligible_trading_day_strictly_before_pair_cutoff_date
REQ0102,خرینگ,1396,1397,خرینگ|1396,2018-07-20,2017-06-19,2018-07-19,src_m2_tsetmc_market,adjusted_close,traded_value_rial,shared_12_calendar_month_window_ending_on_last_eligible_trading_day_strictly_before_pair_cutoff_date
REQ0103,خرینگ,1397,1398,خرینگ|1397,2019-07-20,2018-06-19,2019-07-19,src_m2_tsetmc_market,adjusted_close,traded_value_rial,shared_12_calendar_month_window_ending_on_last_eligible_trading_day_strictly_before_pair_cutoff_date
REQ0104,خرینگ,1398,1399,خرینگ|1398,2020-07-19,2019-06-18,2020-07-18,src_m2_tsetmc_market,adjusted_close,traded_value_rial,shared_12_calendar_month_window_ending_on_last_eligible_trading_day_strictly_before_pair_cutoff_date
REQ0105,خمحور,1392,1393,خمحور|1392,2014-07-20,2013-06-19,2014-07-19,src_m2_tsetmc_market,adjusted_close,traded_value_rial,shared_12_calendar_month_window_ending_on_last_eligible_trading_day_strictly_before_pair_cutoff_date
REQ0106,خمحور,1393,1394,خمحور|1393,2015-07-20,2014-06-19,2015-07-19,src_m2_tsetmc_market,adjusted_close,traded_value_rial,shared_12_calendar_month_window_ending_on_last_eligible_trading_day_strictly_before_pair_cutoff_date
REQ0107,خمحور,1394,1395,خمحور|1394,2016-07-19,2015-06-18,2016-07-18,src_m2_tsetmc_market,adjusted_close,traded_value_rial,shared_12_calendar_month_window_ending_on_last_eligible_trading_day_strictly_before_pair_cutoff_date
REQ0108,خمحور,1395,1396,خمحور|1395,2017-07-21,2016-06-20,2017-07-20,src_m2_tsetmc_market,adjusted_close,traded_value_rial,shared_12_calendar_month_window_ending_on_last_eligible_trading_day_strictly_before_pair_cutoff_date
REQ0109,خمحور,1396,1397,خمحور|1396,2018-07-20,2017-06-19,2018-07-19,src_m2_tsetmc_market,adjusted_close,traded_value_rial,shared_12_calendar_month_window_ending_on_last_eligible_trading_day_strictly_before_pair_cutoff_date
REQ0110,خمحور,1397,1398,خمحور|1397,2019-07-20,2018-06-19,2019-07-19,src_m2_tsetmc_market,adjusted_close,traded_value_rial,shared_12_calendar_month_window_ending_on_last_eligible_trading_day_strictly_before_pair_cutoff_date
REQ0111,خمحور,1398,1399,خمحور|1398,2020-07-19,2019-06-18,2020-07-18,src_m2_tsetmc_market,adjusted_close,traded_value_rial,shared_12_calendar_month_window_ending_on_last_eligible_trading_day_strictly_before_pair_cutoff_date
REQ0112,خمهر,1392,1393,خمهر|1392,2014-07-20,2013-06-19,2014-07-19,src_m2_tsetmc_market,adjusted_close,traded_value_rial,shared_12_calendar_month_window_ending_on_last_eligible_trading_day_strictly_before_pair_cutoff_date
REQ0113,خمهر,1393,1394,خمهر|1393,2015-07-20,2014-06-19,2015-07-19,src_m2_tsetmc_market,adjusted_close,traded_value_rial,shared_12_calendar_month_window_ending_on_last_eligible_trading_day_strictly_before_pair_cutoff_date
REQ0114,خمهر,1394,1395,خمهر|1394,2016-07-19,2015-06-18,2016-07-18,src_m2_tsetmc_market,adjusted_close,traded_value_rial,shared_12_calendar_month_window_ending_on_last_eligible_trading_day_strictly_before_pair_cutoff_date
REQ0115,خمهر,1395,1396,خمهر|1395,2017-07-21,2016-06-20,2017-07-20,src_m2_tsetmc_market,adjusted_close,traded_value_rial,shared_12_calendar_month_window_ending_on_last_eligible_trading_day_strictly_before_pair_cutoff_date
REQ0116,خمهر,1396,1397,خمهر|1396,2018-07-20,2017-06-19,2018-07-19,src_m2_tsetmc_market,adjusted_close,traded_value_rial,shared_12_calendar_month_window_ending_on_last_eligible_trading_day_strictly_before_pair_cutoff_date
REQ0117,خمهر,1397,1398,خمهر|1397,2019-07-20,2018-06-19,2019-07-19,src_m2_tsetmc_market,adjusted_close,traded_value_rial,shared_12_calendar_month_window_ending_on_last_eligible_trading_day_strictly_before_pair_cutoff_date
REQ0118,خمهر,1398,1399,خمهر|1398,2020-07-19,2019-06-18,2020-07-18,src_m2_tsetmc_market,adjusted_close,traded_value_rial,shared_12_calendar_month_window_ending_on_last_eligible_trading_day_strictly_before_pair_cutoff_date
REQ0119,خنصیر,1392,1393,خنصیر|1392,2014-07-20,2013-06-19,2014-07-19,src_m2_tsetmc_market,adjusted_close,traded_value_rial,shared_12_calendar_month_window_ending_on_last_eligible_trading_day_strictly_before_pair_cutoff_date
REQ0120,خنصیر,1393,1394,خنصیر|1393,2015-07-20,2014-06-19,2015-07-19,src_m2_tsetmc_market,adjusted_close,traded_value_rial,shared_12_calendar_month_window_ending_on_last_eligible_trading_day_strictly_before_pair_cutoff_date
REQ0121,خنصیر,1394,1395,خنصیر|1394,2016-07-19,2015-06-18,2016-07-18,src_m2_tsetmc_market,adjusted_close,traded_value_rial,shared_12_calendar_month_window_ending_on_last_eligible_trading_day_strictly_before_pair_cutoff_date
REQ0122,خنصیر,1395,1396,خنصیر|1395,2017-07-21,2016-06-20,2017-07-20,src_m2_tsetmc_market,adjusted_close,traded_value_rial,shared_12_calendar_month_window_ending_on_last_eligible_trading_day_strictly_before_pair_cutoff_date
REQ0123,خنصیر,1396,1397,خنصیر|1396,2018-07-20,2017-06-19,2018-07-19,src_m2_tsetmc_market,adjusted_close,traded_value_rial,shared_12_calendar_month_window_ending_on_last_eligible_trading_day_strictly_before_pair_cutoff_date
REQ0124,خنصیر,1397,1398,خنصیر|1397,2019-07-20,2018-06-19,2019-07-19,src_m2_tsetmc_market,adjusted_close,traded_value_rial,shared_12_calendar_month_window_ending_on_last_eligible_trading_day_strictly_before_pair_cutoff_date
REQ0125,خنصیر,1398,1399,خنصیر|1398,2020-07-19,2019-06-18,2020-07-18,src_m2_tsetmc_market,adjusted_close,traded_value_rial,shared_12_calendar_month_window_ending_on_last_eligible_trading_day_strictly_before_pair_cutoff_date
REQ0126,خوساز,1392,1393,خوساز|1392,2014-07-20,2013-06-19,2014-07-19,src_m2_tsetmc_market,adjusted_close,traded_value_rial,shared_12_calendar_month_window_ending_on_last_eligible_trading_day_strictly_before_pair_cutoff_date
REQ0127,خوساز,1393,1394,خوساز|1393,2015-07-20,2014-06-19,2015-07-19,src_m2_tsetmc_market,adjusted_close,traded_value_rial,shared_12_calendar_month_window_ending_on_last_eligible_trading_day_strictly_before_pair_cutoff_date
REQ0128,خوساز,1394,1395,خوساز|1394,2016-07-19,2015-06-18,2016-07-18,src_m2_tsetmc_market,adjusted_close,traded_value_rial,shared_12_calendar_month_window_ending_on_last_eligible_trading_day_strictly_before_pair_cutoff_date
REQ0129,خوساز,1395,1396,خوساز|1395,2017-07-21,2016-06-20,2017-07-20,src_m2_tsetmc_market,adjusted_close,traded_value_rial,shared_12_calendar_month_window_ending_on_last_eligible_trading_day_strictly_before_pair_cutoff_date
REQ0130,خوساز,1396,1397,خوساز|1396,2018-07-20,2017-06-19,2018-07-19,src_m2_tsetmc_market,adjusted_close,traded_value_rial,shared_12_calendar_month_window_ending_on_last_eligible_trading_day_strictly_before_pair_cutoff_date
REQ0131,خوساز,1397,1398,خوساز|1397,2019-07-20,2018-06-19,2019-07-19,src_m2_tsetmc_market,adjusted_close,traded_value_rial,shared_12_calendar_month_window_ending_on_last_eligible_trading_day_strictly_before_pair_cutoff_date
REQ0132,خوساز,1398,1399,خوساز|1398,2020-07-19,2019-06-18,2020-07-18,src_m2_tsetmc_market,adjusted_close,traded_value_rial,shared_12_calendar_month_window_ending_on_last_eligible_trading_day_strictly_before_pair_cutoff_date
REQ0133,خچرخش,1392,1393,خچرخش|1392,2014-07-20,2013-06-19,2014-07-19,src_m2_tsetmc_market,adjusted_close,traded_value_rial,shared_12_calendar_month_window_ending_on_last_eligible_trading_day_strictly_before_pair_cutoff_date
REQ0134,خچرخش,1393,1394,خچرخش|1393,2015-07-20,2014-06-19,2015-07-19,src_m2_tsetmc_market,adjusted_close,traded_value_rial,shared_12_calendar_month_window_ending_on_last_eligible_trading_day_strictly_before_pair_cutoff_date
REQ0135,خچرخش,1394,1395,خچرخش|1394,2016-07-19,2015-06-18,2016-07-18,src_m2_tsetmc_market,adjusted_close,traded_value_rial,shared_12_calendar_month_window_ending_on_last_eligible_trading_day_strictly_before_pair_cutoff_date
REQ0136,خچرخش,1395,1396,خچرخش|1395,2017-07-21,2016-06-20,2017-07-20,src_m2_tsetmc_market,adjusted_close,traded_value_rial,shared_12_calendar_month_window_ending_on_last_eligible_trading_day_strictly_before_pair_cutoff_date
REQ0137,خچرخش,1396,1397,خچرخش|1396,2018-07-20,2017-06-19,2018-07-19,src_m2_tsetmc_market,adjusted_close,traded_value_rial,shared_12_calendar_month_window_ending_on_last_eligible_trading_day_strictly_before_pair_cutoff_date
REQ0138,خچرخش,1397,1398,خچرخش|1397,2019-07-20,2018-06-19,2019-07-19,src_m2_tsetmc_market,adjusted_close,traded_value_rial,shared_12_calendar_month_window_ending_on_last_eligible_trading_day_strictly_before_pair_cutoff_date
REQ0139,خچرخش,1398,1399,خچرخش|1398,2020-07-19,2019-06-18,2020-07-18,src_m2_tsetmc_market,adjusted_close,traded_value_rial,shared_12_calendar_month_window_ending_on_last_eligible_trading_day_strictly_before_pair_cutoff_date
REQ0140,خکمک,1392,1393,خکمک|1392,2014-07-20,2013-06-19,2014-07-19,src_m2_tsetmc_market,adjusted_close,traded_value_rial,shared_12_calendar_month_window_ending_on_last_eligible_trading_day_strictly_before_pair_cutoff_date
REQ0141,خکمک,1393,1394,خکمک|1393,2015-07-20,2014-06-19,2015-07-19,src_m2_tsetmc_market,adjusted_close,traded_value_rial,shared_12_calendar_month_window_ending_on_last_eligible_trading_day_strictly_before_pair_cutoff_date
REQ0142,خکمک,1394,1395,خکمک|1394,2016-07-19,2015-06-18,2016-07-18,src_m2_tsetmc_market,adjusted_close,traded_value_rial,shared_12_calendar_month_window_ending_on_last_eligible_trading_day_strictly_before_pair_cutoff_date
REQ0143,خکمک,1395,1396,خکمک|1395,2017-07-21,2016-06-20,2017-07-20,src_m2_tsetmc_market,adjusted_close,traded_value_rial,shared_12_calendar_month_window_ending_on_last_eligible_trading_day_strictly_before_pair_cutoff_date
REQ0144,خکمک,1396,1397,خکمک|1396,2018-07-20,2017-06-19,2018-07-19,src_m2_tsetmc_market,adjusted_close,traded_value_rial,shared_12_calendar_month_window_ending_on_last_eligible_trading_day_strictly_before_pair_cutoff_date
REQ0145,خکمک,1397,1398,خکمک|1397,2019-07-20,2018-06-19,2019-07-19,src_m2_tsetmc_market,adjusted_close,traded_value_rial,shared_12_calendar_month_window_ending_on_last_eligible_trading_day_strictly_before_pair_cutoff_date
REQ0146,خکمک,1398,1399,خکمک|1398,2020-07-19,2019-06-18,2020-07-18,src_m2_tsetmc_market,adjusted_close,traded_value_rial,shared_12_calendar_month_window_ending_on_last_eligible_trading_day_strictly_before_pair_cutoff_date
REQ0147,ددام,1393,1394,ددام|1393,2015-07-20,2014-06-19,2015-07-19,src_m2_tsetmc_market,adjusted_close,traded_value_rial,shared_12_calendar_month_window_ending_on_last_eligible_trading_day_strictly_before_pair_cutoff_date
REQ0148,ددام,1394,1395,ددام|1394,2016-07-19,2015-06-18,2016-07-18,src_m2_tsetmc_market,adjusted_close,traded_value_rial,shared_12_calendar_month_window_ending_on_last_eligible_trading_day_strictly_before_pair_cutoff_date
REQ0149,ددام,1395,1396,ددام|1395,2017-07-21,2016-06-20,2017-07-20,src_m2_tsetmc_market,adjusted_close,traded_value_rial,shared_12_calendar_month_window_ending_on_last_eligible_trading_day_strictly_before_pair_cutoff_date
REQ0150,ددام,1396,1397,ددام|1396,2018-07-20,2017-06-19,2018-07-19,src_m2_tsetmc_market,adjusted_close,traded_value_rial,shared_12_calendar_month_window_ending_on_last_eligible_trading_day_strictly_before_pair_cutoff_date
REQ0151,ددام,1397,1398,ددام|1397,2019-07-20,2018-06-19,2019-07-19,src_m2_tsetmc_market,adjusted_close,traded_value_rial,shared_12_calendar_month_window_ending_on_last_eligible_trading_day_strictly_before_pair_cutoff_date
REQ0152,ددام,1398,1399,ددام|1398,2020-07-19,2019-06-18,2020-07-18,src_m2_tsetmc_market,adjusted_close,traded_value_rial,shared_12_calendar_month_window_ending_on_last_eligible_trading_day_strictly_before_pair_cutoff_date
REQ0153,دروز,1392,1393,دروز|1392,2014-07-20,2013-06-19,2014-07-19,src_m2_tsetmc_market,adjusted_close,traded_value_rial,shared_12_calendar_month_window_ending_on_last_eligible_trading_day_strictly_before_pair_cutoff_date
REQ0154,دروز,1393,1394,دروز|1393,2015-07-20,2014-06-19,2015-07-19,src_m2_tsetmc_market,adjusted_close,traded_value_rial,shared_12_calendar_month_window_ending_on_last_eligible_trading_day_strictly_before_pair_cutoff_date
REQ0155,دروز,1394,1395,دروز|1394,2016-07-19,2015-06-18,2016-07-18,src_m2_tsetmc_market,adjusted_close,traded_value_rial,shared_12_calendar_month_window_ending_on_last_eligible_trading_day_strictly_before_pair_cutoff_date
REQ0156,دروز,1395,1396,دروز|1395,2017-07-21,2016-06-20,2017-07-20,src_m2_tsetmc_market,adjusted_close,traded_value_rial,shared_12_calendar_month_window_ending_on_last_eligible_trading_day_strictly_before_pair_cutoff_date
REQ0157,دروز,1396,1397,دروز|1396,2018-07-20,2017-06-19,2018-07-19,src_m2_tsetmc_market,adjusted_close,traded_value_rial,shared_12_calendar_month_window_ending_on_last_eligible_trading_day_strictly_before_pair_cutoff_date
REQ0158,دروز,1397,1398,دروز|1397,2019-07-20,2018-06-19,2019-07-19,src_m2_tsetmc_market,adjusted_close,traded_value_rial,shared_12_calendar_month_window_ending_on_last_eligible_trading_day_strictly_before_pair_cutoff_date
REQ0159,دروز,1398,1399,دروز|1398,2020-07-19,2019-06-18,2020-07-18,src_m2_tsetmc_market,adjusted_close,traded_value_rial,shared_12_calendar_month_window_ending_on_last_eligible_trading_day_strictly_before_pair_cutoff_date
REQ0160,دسبحا,1392,1393,دسبحا|1392,2014-07-20,2013-06-19,2014-07-19,src_m2_tsetmc_market,adjusted_close,traded_value_rial,shared_12_calendar_month_window_ending_on_last_eligible_trading_day_strictly_before_pair_cutoff_date
REQ0161,دسبحا,1393,1394,دسبحا|1393,2015-07-20,2014-06-19,2015-07-19,src_m2_tsetmc_market,adjusted_close,traded_value_rial,shared_12_calendar_month_window_ending_on_last_eligible_trading_day_strictly_before_pair_cutoff_date
REQ0162,دسبحا,1394,1395,دسبحا|1394,2016-07-19,2015-06-18,2016-07-18,src_m2_tsetmc_market,adjusted_close,traded_value_rial,shared_12_calendar_month_window_ending_on_last_eligible_trading_day_strictly_before_pair_cutoff_date
REQ0163,دسبحا,1395,1396,دسبحا|1395,2017-07-21,2016-06-20,2017-07-20,src_m2_tsetmc_market,adjusted_close,traded_value_rial,shared_12_calendar_month_window_ending_on_last_eligible_trading_day_strictly_before_pair_cutoff_date
REQ0164,دسبحا,1396,1397,دسبحا|1396,2018-07-20,2017-06-19,2018-07-19,src_m2_tsetmc_market,adjusted_close,traded_value_rial,shared_12_calendar_month_window_ending_on_last_eligible_trading_day_strictly_before_pair_cutoff_date
REQ0165,دسبحا,1397,1398,دسبحا|1397,2019-07-20,2018-06-19,2019-07-19,src_m2_tsetmc_market,adjusted_close,traded_value_rial,shared_12_calendar_month_window_ending_on_last_eligible_trading_day_strictly_before_pair_cutoff_date
REQ0166,دسبحا,1398,1399,دسبحا|1398,2020-07-19,2019-06-18,2020-07-18,src_m2_tsetmc_market,adjusted_close,traded_value_rial,shared_12_calendar_month_window_ending_on_last_eligible_trading_day_strictly_before_pair_cutoff_date
REQ0167,دسینا,1393,1394,دسینا|1393,2015-07-20,2014-06-19,2015-07-19,src_m2_tsetmc_market,adjusted_close,traded_value_rial,shared_12_calendar_month_window_ending_on_last_eligible_trading_day_strictly_before_pair_cutoff_date
REQ0168,دسینا,1394,1395,دسینا|1394,2016-07-19,2015-06-18,2016-07-18,src_m2_tsetmc_market,adjusted_close,traded_value_rial,shared_12_calendar_month_window_ending_on_last_eligible_trading_day_strictly_before_pair_cutoff_date
REQ0169,دسینا,1395,1396,دسینا|1395,2017-07-21,2016-06-20,2017-07-20,src_m2_tsetmc_market,adjusted_close,traded_value_rial,shared_12_calendar_month_window_ending_on_last_eligible_trading_day_strictly_before_pair_cutoff_date
REQ0170,دسینا,1396,1397,دسینا|1396,2018-07-20,2017-06-19,2018-07-19,src_m2_tsetmc_market,adjusted_close,traded_value_rial,shared_12_calendar_month_window_ending_on_last_eligible_trading_day_strictly_before_pair_cutoff_date
REQ0171,دسینا,1397,1398,دسینا|1397,2019-07-20,2018-06-19,2019-07-19,src_m2_tsetmc_market,adjusted_close,traded_value_rial,shared_12_calendar_month_window_ending_on_last_eligible_trading_day_strictly_before_pair_cutoff_date
REQ0172,دسینا,1398,1399,دسینا|1398,2020-07-19,2019-06-18,2020-07-18,src_m2_tsetmc_market,adjusted_close,traded_value_rial,shared_12_calendar_month_window_ending_on_last_eligible_trading_day_strictly_before_pair_cutoff_date
REQ0173,دشیمی,1393,1394,دشیمی|1393,2015-07-20,2014-06-19,2015-07-19,src_m2_tsetmc_market,adjusted_close,traded_value_rial,shared_12_calendar_month_window_ending_on_last_eligible_trading_day_strictly_before_pair_cutoff_date
REQ0174,دشیمی,1394,1395,دشیمی|1394,2016-07-19,2015-06-18,2016-07-18,src_m2_tsetmc_market,adjusted_close,traded_value_rial,shared_12_calendar_month_window_ending_on_last_eligible_trading_day_strictly_before_pair_cutoff_date
REQ0175,دشیمی,1395,1396,دشیمی|1395,2017-07-21,2016-06-20,2017-07-20,src_m2_tsetmc_market,adjusted_close,traded_value_rial,shared_12_calendar_month_window_ending_on_last_eligible_trading_day_strictly_before_pair_cutoff_date
REQ0176,دشیمی,1396,1397,دشیمی|1396,2018-07-20,2017-06-19,2018-07-19,src_m2_tsetmc_market,adjusted_close,traded_value_rial,shared_12_calendar_month_window_ending_on_last_eligible_trading_day_strictly_before_pair_cutoff_date
REQ0177,دشیمی,1397,1398,دشیمی|1397,2019-07-20,2018-06-19,2019-07-19,src_m2_tsetmc_market,adjusted_close,traded_value_rial,shared_12_calendar_month_window_ending_on_last_eligible_trading_day_strictly_before_pair_cutoff_date
REQ0178,دشیمی,1398,1399,دشیمی|1398,2020-07-19,2019-06-18,2020-07-18,src_m2_tsetmc_market,adjusted_close,traded_value_rial,shared_12_calendar_month_window_ending_on_last_eligible_trading_day_strictly_before_pair_cutoff_date
REQ0179,دیران,1392,1393,دیران|1392,2014-07-20,2013-06-19,2014-07-19,src_m2_tsetmc_market,adjusted_close,traded_value_rial,shared_12_calendar_month_window_ending_on_last_eligible_trading_day_strictly_before_pair_cutoff_date
REQ0180,دیران,1393,1394,دیران|1393,2015-07-20,2014-06-19,2015-07-19,src_m2_tsetmc_market,adjusted_close,traded_value_rial,shared_12_calendar_month_window_ending_on_last_eligible_trading_day_strictly_before_pair_cutoff_date
REQ0181,دیران,1394,1395,دیران|1394,2016-07-19,2015-06-18,2016-07-18,src_m2_tsetmc_market,adjusted_close,traded_value_rial,shared_12_calendar_month_window_ending_on_last_eligible_trading_day_strictly_before_pair_cutoff_date
REQ0182,دیران,1395,1396,دیران|1395,2017-07-21,2016-06-20,2017-07-20,src_m2_tsetmc_market,adjusted_close,traded_value_rial,shared_12_calendar_month_window_ending_on_last_eligible_trading_day_strictly_before_pair_cutoff_date
REQ0183,دیران,1396,1397,دیران|1396,2018-07-20,2017-06-19,2018-07-19,src_m2_tsetmc_market,adjusted_close,traded_value_rial,shared_12_calendar_month_window_ending_on_last_eligible_trading_day_strictly_before_pair_cutoff_date
REQ0184,دیران,1397,1398,دیران|1397,2019-07-20,2018-06-19,2019-07-19,src_m2_tsetmc_market,adjusted_close,traded_value_rial,shared_12_calendar_month_window_ending_on_last_eligible_trading_day_strictly_before_pair_cutoff_date
REQ0185,دیران,1398,1399,دیران|1398,2020-04-18,2019-03-18,2020-04-17,src_m2_tsetmc_market,adjusted_close,traded_value_rial,shared_12_calendar_month_window_ending_on_last_eligible_trading_day_strictly_before_pair_cutoff_date
REQ0186,رانفور,1392,1393,رانفور|1392,2014-07-20,2013-06-19,2014-07-19,src_m2_tsetmc_market,adjusted_close,traded_value_rial,shared_12_calendar_month_window_ending_on_last_eligible_trading_day_strictly_before_pair_cutoff_date
REQ0187,رانفور,1393,1394,رانفور|1393,2015-07-20,2014-06-19,2015-07-19,src_m2_tsetmc_market,adjusted_close,traded_value_rial,shared_12_calendar_month_window_ending_on_last_eligible_trading_day_strictly_before_pair_cutoff_date
REQ0188,رانفور,1394,1395,رانفور|1394,2016-07-19,2015-06-18,2016-07-18,src_m2_tsetmc_market,adjusted_close,traded_value_rial,shared_12_calendar_month_window_ending_on_last_eligible_trading_day_strictly_before_pair_cutoff_date
REQ0189,رانفور,1395,1396,رانفور|1395,2017-07-21,2016-06-20,2017-07-20,src_m2_tsetmc_market,adjusted_close,traded_value_rial,shared_12_calendar_month_window_ending_on_last_eligible_trading_day_strictly_before_pair_cutoff_date
REQ0190,رانفور,1396,1397,رانفور|1396,2018-07-20,2017-06-19,2018-07-19,src_m2_tsetmc_market,adjusted_close,traded_value_rial,shared_12_calendar_month_window_ending_on_last_eligible_trading_day_strictly_before_pair_cutoff_date
REQ0191,رانفور,1397,1398,رانفور|1397,2019-07-20,2018-06-19,2019-07-19,src_m2_tsetmc_market,adjusted_close,traded_value_rial,shared_12_calendar_month_window_ending_on_last_eligible_trading_day_strictly_before_pair_cutoff_date
REQ0192,رانفور,1398,1399,رانفور|1398,2020-07-19,2019-06-18,2020-07-18,src_m2_tsetmc_market,adjusted_close,traded_value_rial,shared_12_calendar_month_window_ending_on_last_eligible_trading_day_strictly_before_pair_cutoff_date
REQ0193,رمپنا,1397,1398,رمپنا|1397,2018-08-22,2017-07-22,2018-08-21,src_m2_tsetmc_market,adjusted_close,traded_value_rial,shared_12_calendar_month_window_ending_on_last_eligible_trading_day_strictly_before_pair_cutoff_date
REQ0194,رمپنا,1398,1399,رمپنا|1398,2019-08-22,2018-07-22,2019-08-21,src_m2_tsetmc_market,adjusted_close,traded_value_rial,shared_12_calendar_month_window_ending_on_last_eligible_trading_day_strictly_before_pair_cutoff_date
REQ0195,زمگسا,1392,1393,زمگسا|1392,2014-07-20,2013-06-19,2014-07-19,src_m2_tsetmc_market,adjusted_close,traded_value_rial,shared_12_calendar_month_window_ending_on_last_eligible_trading_day_strictly_before_pair_cutoff_date
REQ0196,زمگسا,1393,1394,زمگسا|1393,2015-07-20,2014-06-19,2015-07-19,src_m2_tsetmc_market,adjusted_close,traded_value_rial,shared_12_calendar_month_window_ending_on_last_eligible_trading_day_strictly_before_pair_cutoff_date
REQ0197,زمگسا,1394,1395,زمگسا|1394,2016-07-19,2015-06-18,2016-07-18,src_m2_tsetmc_market,adjusted_close,traded_value_rial,shared_12_calendar_month_window_ending_on_last_eligible_trading_day_strictly_before_pair_cutoff_date
REQ0198,زمگسا,1395,1396,زمگسا|1395,2017-07-21,2016-06-20,2017-07-20,src_m2_tsetmc_market,adjusted_close,traded_value_rial,shared_12_calendar_month_window_ending_on_last_eligible_trading_day_strictly_before_pair_cutoff_date
REQ0199,زمگسا,1396,1397,زمگسا|1396,2018-07-20,2017-06-19,2018-07-19,src_m2_tsetmc_market,adjusted_close,traded_value_rial,shared_12_calendar_month_window_ending_on_last_eligible_trading_day_strictly_before_pair_cutoff_date
REQ0200,زمگسا,1397,1398,زمگسا|1397,2019-07-20,2018-06-19,2019-07-19,src_m2_tsetmc_market,adjusted_close,traded_value_rial,shared_12_calendar_month_window_ending_on_last_eligible_trading_day_strictly_before_pair_cutoff_date
REQ0201,زمگسا,1398,1399,زمگسا|1398,2020-07-19,2019-06-18,2020-07-18,src_m2_tsetmc_market,adjusted_close,traded_value_rial,shared_12_calendar_month_window_ending_on_last_eligible_trading_day_strictly_before_pair_cutoff_date
REQ0202,زپارس,1397,1398,زپارس|1397,2019-04-19,2018-03-19,2019-04-18,src_m2_tsetmc_market,adjusted_close,traded_value_rial,shared_12_calendar_month_window_ending_on_last_eligible_trading_day_strictly_before_pair_cutoff_date
REQ0203,زپارس,1398,1399,زپارس|1398,2020-04-18,2019-03-18,2020-04-17,src_m2_tsetmc_market,adjusted_close,traded_value_rial,shared_12_calendar_month_window_ending_on_last_eligible_trading_day_strictly_before_pair_cutoff_date
REQ0204,ساراب,1392,1393,ساراب|1392,2014-07-20,2013-06-19,2014-07-19,src_m2_tsetmc_market,adjusted_close,traded_value_rial,shared_12_calendar_month_window_ending_on_last_eligible_trading_day_strictly_before_pair_cutoff_date
REQ0205,ساراب,1393,1394,ساراب|1393,2015-07-20,2014-06-19,2015-07-19,src_m2_tsetmc_market,adjusted_close,traded_value_rial,shared_12_calendar_month_window_ending_on_last_eligible_trading_day_strictly_before_pair_cutoff_date
REQ0206,ساراب,1394,1395,ساراب|1394,2016-07-19,2015-06-18,2016-07-18,src_m2_tsetmc_market,adjusted_close,traded_value_rial,shared_12_calendar_month_window_ending_on_last_eligible_trading_day_strictly_before_pair_cutoff_date
REQ0207,ساراب,1395,1396,ساراب|1395,2017-07-21,2016-06-20,2017-07-20,src_m2_tsetmc_market,adjusted_close,traded_value_rial,shared_12_calendar_month_window_ending_on_last_eligible_trading_day_strictly_before_pair_cutoff_date
REQ0208,ساراب,1396,1397,ساراب|1396,2018-07-20,2017-06-19,2018-07-19,src_m2_tsetmc_market,adjusted_close,traded_value_rial,shared_12_calendar_month_window_ending_on_last_eligible_trading_day_strictly_before_pair_cutoff_date
REQ0209,ساراب,1397,1398,ساراب|1397,2019-07-20,2018-06-19,2019-07-19,src_m2_tsetmc_market,adjusted_close,traded_value_rial,shared_12_calendar_month_window_ending_on_last_eligible_trading_day_strictly_before_pair_cutoff_date
REQ0210,ساراب,1398,1399,ساراب|1398,2020-07-19,2019-06-18,2020-07-18,src_m2_tsetmc_market,adjusted_close,traded_value_rial,shared_12_calendar_month_window_ending_on_last_eligible_trading_day_strictly_before_pair_cutoff_date
REQ0211,ساربیل,1393,1394,ساربیل|1393,2015-04-19,2014-03-19,2015-04-18,src_m2_tsetmc_market,adjusted_close,traded_value_rial,shared_12_calendar_month_window_ending_on_last_eligible_trading_day_strictly_before_pair_cutoff_date
REQ0212,ساربیل,1394,1395,ساربیل|1394,2016-04-18,2015-03-18,2016-04-17,src_m2_tsetmc_market,adjusted_close,traded_value_rial,shared_12_calendar_month_window_ending_on_last_eligible_trading_day_strictly_before_pair_cutoff_date
REQ0213,ساربیل,1395,1396,ساربیل|1395,2017-04-19,2016-03-19,2017-04-18,src_m2_tsetmc_market,adjusted_close,traded_value_rial,shared_12_calendar_month_window_ending_on_last_eligible_trading_day_strictly_before_pair_cutoff_date
REQ0214,ساربیل,1396,1397,ساربیل|1396,2018-04-19,2017-03-19,2018-04-18,src_m2_tsetmc_market,adjusted_close,traded_value_rial,shared_12_calendar_month_window_ending_on_last_eligible_trading_day_strictly_before_pair_cutoff_date
REQ0215,ساربیل,1397,1398,ساربیل|1397,2019-04-19,2018-03-19,2019-04-18,src_m2_tsetmc_market,adjusted_close,traded_value_rial,shared_12_calendar_month_window_ending_on_last_eligible_trading_day_strictly_before_pair_cutoff_date
REQ0216,ساربیل,1398,1399,ساربیل|1398,2020-04-18,2019-03-18,2020-04-17,src_m2_tsetmc_market,adjusted_close,traded_value_rial,shared_12_calendar_month_window_ending_on_last_eligible_trading_day_strictly_before_pair_cutoff_date
REQ0217,ساروم,1393,1394,ساروم|1393,2015-07-20,2014-06-19,2015-07-19,src_m2_tsetmc_market,adjusted_close,traded_value_rial,shared_12_calendar_month_window_ending_on_last_eligible_trading_day_strictly_before_pair_cutoff_date
REQ0218,ساروم,1394,1395,ساروم|1394,2016-07-19,2015-06-18,2016-07-18,src_m2_tsetmc_market,adjusted_close,traded_value_rial,shared_12_calendar_month_window_ending_on_last_eligible_trading_day_strictly_before_pair_cutoff_date
REQ0219,ساروم,1395,1396,ساروم|1395,2017-07-21,2016-06-20,2017-07-20,src_m2_tsetmc_market,adjusted_close,traded_value_rial,shared_12_calendar_month_window_ending_on_last_eligible_trading_day_strictly_before_pair_cutoff_date
REQ0220,ساروم,1396,1397,ساروم|1396,2018-07-20,2017-06-19,2018-07-19,src_m2_tsetmc_market,adjusted_close,traded_value_rial,shared_12_calendar_month_window_ending_on_last_eligible_trading_day_strictly_before_pair_cutoff_date
REQ0221,ساروم,1397,1398,ساروم|1397,2019-07-20,2018-06-19,2019-07-19,src_m2_tsetmc_market,adjusted_close,traded_value_rial,shared_12_calendar_month_window_ending_on_last_eligible_trading_day_strictly_before_pair_cutoff_date
REQ0222,ساروم,1398,1399,ساروم|1398,2020-07-19,2019-06-18,2020-07-18,src_m2_tsetmc_market,adjusted_close,traded_value_rial,shared_12_calendar_month_window_ending_on_last_eligible_trading_day_strictly_before_pair_cutoff_date
REQ0223,سبجنو,1393,1394,سبجنو|1393,2015-07-20,2014-06-19,2015-07-19,src_m2_tsetmc_market,adjusted_close,traded_value_rial,shared_12_calendar_month_window_ending_on_last_eligible_trading_day_strictly_before_pair_cutoff_date
REQ0224,سبجنو,1394,1395,سبجنو|1394,2016-07-19,2015-06-18,2016-07-18,src_m2_tsetmc_market,adjusted_close,traded_value_rial,shared_12_calendar_month_window_ending_on_last_eligible_trading_day_strictly_before_pair_cutoff_date
REQ0225,سبجنو,1395,1396,سبجنو|1395,2017-07-21,2016-06-20,2017-07-20,src_m2_tsetmc_market,adjusted_close,traded_value_rial,shared_12_calendar_month_window_ending_on_last_eligible_trading_day_strictly_before_pair_cutoff_date
REQ0226,سبجنو,1396,1397,سبجنو|1396,2018-07-20,2017-06-19,2018-07-19,src_m2_tsetmc_market,adjusted_close,traded_value_rial,shared_12_calendar_month_window_ending_on_last_eligible_trading_day_strictly_before_pair_cutoff_date
REQ0227,سبجنو,1397,1398,سبجنو|1397,2019-07-20,2018-06-19,2019-07-19,src_m2_tsetmc_market,adjusted_close,traded_value_rial,shared_12_calendar_month_window_ending_on_last_eligible_trading_day_strictly_before_pair_cutoff_date
REQ0228,سبجنو,1398,1399,سبجنو|1398,2020-07-19,2019-06-18,2020-07-18,src_m2_tsetmc_market,adjusted_close,traded_value_rial,shared_12_calendar_month_window_ending_on_last_eligible_trading_day_strictly_before_pair_cutoff_date
REQ0229,سبهان,1392,1393,سبهان|1392,2014-07-20,2013-06-19,2014-07-19,src_m2_tsetmc_market,adjusted_close,traded_value_rial,shared_12_calendar_month_window_ending_on_last_eligible_trading_day_strictly_before_pair_cutoff_date
REQ0230,سبهان,1393,1394,سبهان|1393,2015-07-20,2014-06-19,2015-07-19,src_m2_tsetmc_market,adjusted_close,traded_value_rial,shared_12_calendar_month_window_ending_on_last_eligible_trading_day_strictly_before_pair_cutoff_date
REQ0231,سبهان,1394,1395,سبهان|1394,2016-07-19,2015-06-18,2016-07-18,src_m2_tsetmc_market,adjusted_close,traded_value_rial,shared_12_calendar_month_window_ending_on_last_eligible_trading_day_strictly_before_pair_cutoff_date
REQ0232,سبهان,1395,1396,سبهان|1395,2017-07-21,2016-06-20,2017-07-20,src_m2_tsetmc_market,adjusted_close,traded_value_rial,shared_12_calendar_month_window_ending_on_last_eligible_trading_day_strictly_before_pair_cutoff_date
REQ0233,سبهان,1396,1397,سبهان|1396,2018-07-20,2017-06-19,2018-07-19,src_m2_tsetmc_market,adjusted_close,traded_value_rial,shared_12_calendar_month_window_ending_on_last_eligible_trading_day_strictly_before_pair_cutoff_date
REQ0234,سبهان,1397,1398,سبهان|1397,2019-07-20,2018-06-19,2019-07-19,src_m2_tsetmc_market,adjusted_close,traded_value_rial,shared_12_calendar_month_window_ending_on_last_eligible_trading_day_strictly_before_pair_cutoff_date
REQ0235,سبهان,1398,1399,سبهان|1398,2020-07-19,2019-06-18,2020-07-18,src_m2_tsetmc_market,adjusted_close,traded_value_rial,shared_12_calendar_month_window_ending_on_last_eligible_trading_day_strictly_before_pair_cutoff_date
REQ0236,ستران,1393,1394,ستران|1393,2015-07-20,2014-06-19,2015-07-19,src_m2_tsetmc_market,adjusted_close,traded_value_rial,shared_12_calendar_month_window_ending_on_last_eligible_trading_day_strictly_before_pair_cutoff_date
REQ0237,ستران,1394,1395,ستران|1394,2016-07-19,2015-06-18,2016-07-18,src_m2_tsetmc_market,adjusted_close,traded_value_rial,shared_12_calendar_month_window_ending_on_last_eligible_trading_day_strictly_before_pair_cutoff_date
REQ0238,ستران,1395,1396,ستران|1395,2017-07-21,2016-06-20,2017-07-20,src_m2_tsetmc_market,adjusted_close,traded_value_rial,shared_12_calendar_month_window_ending_on_last_eligible_trading_day_strictly_before_pair_cutoff_date
REQ0239,ستران,1396,1397,ستران|1396,2018-07-20,2017-06-19,2018-07-19,src_m2_tsetmc_market,adjusted_close,traded_value_rial,shared_12_calendar_month_window_ending_on_last_eligible_trading_day_strictly_before_pair_cutoff_date
REQ0240,ستران,1397,1398,ستران|1397,2019-07-20,2018-06-19,2019-07-19,src_m2_tsetmc_market,adjusted_close,traded_value_rial,shared_12_calendar_month_window_ending_on_last_eligible_trading_day_strictly_before_pair_cutoff_date
REQ0241,ستران,1398,1399,ستران|1398,2020-07-19,2019-06-18,2020-07-18,src_m2_tsetmc_market,adjusted_close,traded_value_rial,shared_12_calendar_month_window_ending_on_last_eligible_trading_day_strictly_before_pair_cutoff_date
REQ0242,سخاش,1393,1394,سخاش|1393,2015-07-20,2014-06-19,2015-07-19,src_m2_tsetmc_market,adjusted_close,traded_value_rial,shared_12_calendar_month_window_ending_on_last_eligible_trading_day_strictly_before_pair_cutoff_date
REQ0243,سخاش,1394,1395,سخاش|1394,2016-07-19,2015-06-18,2016-07-18,src_m2_tsetmc_market,adjusted_close,traded_value_rial,shared_12_calendar_month_window_ending_on_last_eligible_trading_day_strictly_before_pair_cutoff_date
REQ0244,سخاش,1395,1396,سخاش|1395,2017-07-21,2016-06-20,2017-07-20,src_m2_tsetmc_market,adjusted_close,traded_value_rial,shared_12_calendar_month_window_ending_on_last_eligible_trading_day_strictly_before_pair_cutoff_date
REQ0245,سخاش,1396,1397,سخاش|1396,2018-07-20,2017-06-19,2018-07-19,src_m2_tsetmc_market,adjusted_close,traded_value_rial,shared_12_calendar_month_window_ending_on_last_eligible_trading_day_strictly_before_pair_cutoff_date
REQ0246,سخاش,1397,1398,سخاش|1397,2019-07-20,2018-06-19,2019-07-19,src_m2_tsetmc_market,adjusted_close,traded_value_rial,shared_12_calendar_month_window_ending_on_last_eligible_trading_day_strictly_before_pair_cutoff_date
REQ0247,سخاش,1398,1399,سخاش|1398,2020-07-19,2019-06-18,2020-07-18,src_m2_tsetmc_market,adjusted_close,traded_value_rial,shared_12_calendar_month_window_ending_on_last_eligible_trading_day_strictly_before_pair_cutoff_date
REQ0248,سخزر,1392,1393,سخزر|1392,2014-07-20,2013-06-19,2014-07-19,src_m2_tsetmc_market,adjusted_close,traded_value_rial,shared_12_calendar_month_window_ending_on_last_eligible_trading_day_strictly_before_pair_cutoff_date
REQ0249,سخزر,1393,1394,سخزر|1393,2015-07-20,2014-06-19,2015-07-19,src_m2_tsetmc_market,adjusted_close,traded_value_rial,shared_12_calendar_month_window_ending_on_last_eligible_trading_day_strictly_before_pair_cutoff_date
REQ0250,سخزر,1394,1395,سخزر|1394,2016-07-19,2015-06-18,2016-07-18,src_m2_tsetmc_market,adjusted_close,traded_value_rial,shared_12_calendar_month_window_ending_on_last_eligible_trading_day_strictly_before_pair_cutoff_date
REQ0251,سخزر,1395,1396,سخزر|1395,2017-07-21,2016-06-20,2017-07-20,src_m2_tsetmc_market,adjusted_close,traded_value_rial,shared_12_calendar_month_window_ending_on_last_eligible_trading_day_strictly_before_pair_cutoff_date
REQ0252,سخزر,1396,1397,سخزر|1396,2018-07-20,2017-06-19,2018-07-19,src_m2_tsetmc_market,adjusted_close,traded_value_rial,shared_12_calendar_month_window_ending_on_last_eligible_trading_day_strictly_before_pair_cutoff_date
REQ0253,سخزر,1397,1398,سخزر|1397,2019-07-20,2018-06-19,2019-07-19,src_m2_tsetmc_market,adjusted_close,traded_value_rial,shared_12_calendar_month_window_ending_on_last_eligible_trading_day_strictly_before_pair_cutoff_date
REQ0254,سخزر,1398,1399,سخزر|1398,2020-07-19,2019-06-18,2020-07-18,src_m2_tsetmc_market,adjusted_close,traded_value_rial,shared_12_calendar_month_window_ending_on_last_eligible_trading_day_strictly_before_pair_cutoff_date
REQ0255,سخوز,1394,1395,سخوز|1394,2016-07-19,2015-06-18,2016-07-18,src_m2_tsetmc_market,adjusted_close,traded_value_rial,shared_12_calendar_month_window_ending_on_last_eligible_trading_day_strictly_before_pair_cutoff_date
REQ0256,سخوز,1395,1396,سخوز|1395,2017-07-21,2016-06-20,2017-07-20,src_m2_tsetmc_market,adjusted_close,traded_value_rial,shared_12_calendar_month_window_ending_on_last_eligible_trading_day_strictly_before_pair_cutoff_date
REQ0257,سخوز,1396,1397,سخوز|1396,2018-07-20,2017-06-19,2018-07-19,src_m2_tsetmc_market,adjusted_close,traded_value_rial,shared_12_calendar_month_window_ending_on_last_eligible_trading_day_strictly_before_pair_cutoff_date
REQ0258,سخوز,1397,1398,سخوز|1397,2019-07-20,2018-06-19,2019-07-19,src_m2_tsetmc_market,adjusted_close,traded_value_rial,shared_12_calendar_month_window_ending_on_last_eligible_trading_day_strictly_before_pair_cutoff_date
REQ0259,سخوز,1398,1399,سخوز|1398,2020-07-19,2019-06-18,2020-07-18,src_m2_tsetmc_market,adjusted_close,traded_value_rial,shared_12_calendar_month_window_ending_on_last_eligible_trading_day_strictly_before_pair_cutoff_date
REQ0260,سدشت,1392,1393,سدشت|1392,2014-01-20,2012-12-20,2014-01-19,src_m2_tsetmc_market,adjusted_close,traded_value_rial,shared_12_calendar_month_window_ending_on_last_eligible_trading_day_strictly_before_pair_cutoff_date
REQ0261,سدشت,1393,1394,سدشت|1393,2015-01-20,2013-12-20,2015-01-19,src_m2_tsetmc_market,adjusted_close,traded_value_rial,shared_12_calendar_month_window_ending_on_last_eligible_trading_day_strictly_before_pair_cutoff_date
REQ0262,سدشت,1394,1395,سدشت|1394,2016-01-20,2014-12-20,2016-01-19,src_m2_tsetmc_market,adjusted_close,traded_value_rial,shared_12_calendar_month_window_ending_on_last_eligible_trading_day_strictly_before_pair_cutoff_date
REQ0263,سدشت,1395,1396,سدشت|1395,2017-01-19,2015-12-19,2017-01-18,src_m2_tsetmc_market,adjusted_close,traded_value_rial,shared_12_calendar_month_window_ending_on_last_eligible_trading_day_strictly_before_pair_cutoff_date
REQ0264,سدشت,1396,1397,سدشت|1396,2018-01-20,2016-12-20,2018-01-19,src_m2_tsetmc_market,adjusted_close,traded_value_rial,shared_12_calendar_month_window_ending_on_last_eligible_trading_day_strictly_before_pair_cutoff_date
REQ0265,سدشت,1397,1398,سدشت|1397,2019-01-20,2017-12-20,2019-01-19,src_m2_tsetmc_market,adjusted_close,traded_value_rial,shared_12_calendar_month_window_ending_on_last_eligible_trading_day_strictly_before_pair_cutoff_date
REQ0266,سدشت,1398,1399,سدشت|1398,2020-01-20,2018-12-20,2020-01-19,src_m2_tsetmc_market,adjusted_close,traded_value_rial,shared_12_calendar_month_window_ending_on_last_eligible_trading_day_strictly_before_pair_cutoff_date
REQ0267,سدور,1392,1393,سدور|1392,2014-07-20,2013-06-19,2014-07-19,src_m2_tsetmc_market,adjusted_close,traded_value_rial,shared_12_calendar_month_window_ending_on_last_eligible_trading_day_strictly_before_pair_cutoff_date
REQ0268,سدور,1393,1394,سدور|1393,2015-07-20,2014-06-19,2015-07-19,src_m2_tsetmc_market,adjusted_close,traded_value_rial,shared_12_calendar_month_window_ending_on_last_eligible_trading_day_strictly_before_pair_cutoff_date
REQ0269,سدور,1394,1395,سدور|1394,2016-07-19,2015-06-18,2016-07-18,src_m2_tsetmc_market,adjusted_close,traded_value_rial,shared_12_calendar_month_window_ending_on_last_eligible_trading_day_strictly_before_pair_cutoff_date
REQ0270,سدور,1395,1396,سدور|1395,2017-07-21,2016-06-20,2017-07-20,src_m2_tsetmc_market,adjusted_close,traded_value_rial,shared_12_calendar_month_window_ending_on_last_eligible_trading_day_strictly_before_pair_cutoff_date
REQ0271,سدور,1396,1397,سدور|1396,2018-07-20,2017-06-19,2018-07-19,src_m2_tsetmc_market,adjusted_close,traded_value_rial,shared_12_calendar_month_window_ending_on_last_eligible_trading_day_strictly_before_pair_cutoff_date
REQ0272,سدور,1397,1398,سدور|1397,2019-07-20,2018-06-19,2019-07-19,src_m2_tsetmc_market,adjusted_close,traded_value_rial,shared_12_calendar_month_window_ending_on_last_eligible_trading_day_strictly_before_pair_cutoff_date
REQ0273,سدور,1398,1399,سدور|1398,2020-07-19,2019-06-18,2020-07-18,src_m2_tsetmc_market,adjusted_close,traded_value_rial,shared_12_calendar_month_window_ending_on_last_eligible_trading_day_strictly_before_pair_cutoff_date
REQ0274,سرود,1392,1393,سرود|1392,2014-07-20,2013-06-19,2014-07-19,src_m2_tsetmc_market,adjusted_close,traded_value_rial,shared_12_calendar_month_window_ending_on_last_eligible_trading_day_strictly_before_pair_cutoff_date
REQ0275,سرود,1393,1394,سرود|1393,2015-07-20,2014-06-19,2015-07-19,src_m2_tsetmc_market,adjusted_close,traded_value_rial,shared_12_calendar_month_window_ending_on_last_eligible_trading_day_strictly_before_pair_cutoff_date
REQ0276,سرود,1394,1395,سرود|1394,2016-07-19,2015-06-18,2016-07-18,src_m2_tsetmc_market,adjusted_close,traded_value_rial,shared_12_calendar_month_window_ending_on_last_eligible_trading_day_strictly_before_pair_cutoff_date
REQ0277,سرود,1395,1396,سرود|1395,2017-07-21,2016-06-20,2017-07-20,src_m2_tsetmc_market,adjusted_close,traded_value_rial,shared_12_calendar_month_window_ending_on_last_eligible_trading_day_strictly_before_pair_cutoff_date
REQ0278,سرود,1396,1397,سرود|1396,2018-07-20,2017-06-19,2018-07-19,src_m2_tsetmc_market,adjusted_close,traded_value_rial,shared_12_calendar_month_window_ending_on_last_eligible_trading_day_strictly_before_pair_cutoff_date
REQ0279,سرود,1397,1398,سرود|1397,2019-07-20,2018-06-19,2019-07-19,src_m2_tsetmc_market,adjusted_close,traded_value_rial,shared_12_calendar_month_window_ending_on_last_eligible_trading_day_strictly_before_pair_cutoff_date
REQ0280,سرود,1398,1399,سرود|1398,2020-07-19,2019-06-18,2020-07-18,src_m2_tsetmc_market,adjusted_close,traded_value_rial,shared_12_calendar_month_window_ending_on_last_eligible_trading_day_strictly_before_pair_cutoff_date
REQ0281,سشرق,1392,1393,سشرق|1392,2014-01-20,2012-12-20,2014-01-19,src_m2_tsetmc_market,adjusted_close,traded_value_rial,shared_12_calendar_month_window_ending_on_last_eligible_trading_day_strictly_before_pair_cutoff_date
REQ0282,سشرق,1393,1394,سشرق|1393,2015-01-20,2013-12-20,2015-01-19,src_m2_tsetmc_market,adjusted_close,traded_value_rial,shared_12_calendar_month_window_ending_on_last_eligible_trading_day_strictly_before_pair_cutoff_date
REQ0283,سشرق,1394,1395,سشرق|1394,2016-01-20,2014-12-20,2016-01-19,src_m2_tsetmc_market,adjusted_close,traded_value_rial,shared_12_calendar_month_window_ending_on_last_eligible_trading_day_strictly_before_pair_cutoff_date
REQ0284,سشرق,1395,1396,سشرق|1395,2017-01-19,2015-12-19,2017-01-18,src_m2_tsetmc_market,adjusted_close,traded_value_rial,shared_12_calendar_month_window_ending_on_last_eligible_trading_day_strictly_before_pair_cutoff_date
REQ0285,سشرق,1396,1397,سشرق|1396,2018-01-20,2016-12-20,2018-01-19,src_m2_tsetmc_market,adjusted_close,traded_value_rial,shared_12_calendar_month_window_ending_on_last_eligible_trading_day_strictly_before_pair_cutoff_date
REQ0286,سشرق,1397,1398,سشرق|1397,2019-01-20,2017-12-20,2019-01-19,src_m2_tsetmc_market,adjusted_close,traded_value_rial,shared_12_calendar_month_window_ending_on_last_eligible_trading_day_strictly_before_pair_cutoff_date
REQ0287,سشرق,1398,1399,سشرق|1398,2020-01-20,2018-12-20,2020-01-19,src_m2_tsetmc_market,adjusted_close,traded_value_rial,shared_12_calendar_month_window_ending_on_last_eligible_trading_day_strictly_before_pair_cutoff_date
REQ0288,سصفها,1393,1394,سصفها|1393,2015-07-20,2014-06-19,2015-07-19,src_m2_tsetmc_market,adjusted_close,traded_value_rial,shared_12_calendar_month_window_ending_on_last_eligible_trading_day_strictly_before_pair_cutoff_date
REQ0289,سصفها,1394,1395,سصفها|1394,2016-07-19,2015-06-18,2016-07-18,src_m2_tsetmc_market,adjusted_close,traded_value_rial,shared_12_calendar_month_window_ending_on_last_eligible_trading_day_strictly_before_pair_cutoff_date
REQ0290,سصفها,1395,1396,سصفها|1395,2017-07-21,2016-06-20,2017-07-20,src_m2_tsetmc_market,adjusted_close,traded_value_rial,shared_12_calendar_month_window_ending_on_last_eligible_trading_day_strictly_before_pair_cutoff_date
REQ0291,سصفها,1396,1397,سصفها|1396,2018-07-20,2017-06-19,2018-07-19,src_m2_tsetmc_market,adjusted_close,traded_value_rial,shared_12_calendar_month_window_ending_on_last_eligible_trading_day_strictly_before_pair_cutoff_date
REQ0292,سصفها,1397,1398,سصفها|1397,2019-07-20,2018-06-19,2019-07-19,src_m2_tsetmc_market,adjusted_close,traded_value_rial,shared_12_calendar_month_window_ending_on_last_eligible_trading_day_strictly_before_pair_cutoff_date
REQ0293,سصفها,1398,1399,سصفها|1398,2020-07-19,2019-06-18,2020-07-18,src_m2_tsetmc_market,adjusted_close,traded_value_rial,shared_12_calendar_month_window_ending_on_last_eligible_trading_day_strictly_before_pair_cutoff_date
REQ0294,سغرب,1393,1394,سغرب|1393,2015-07-20,2014-06-19,2015-07-19,src_m2_tsetmc_market,adjusted_close,traded_value_rial,shared_12_calendar_month_window_ending_on_last_eligible_trading_day_strictly_before_pair_cutoff_date
REQ0295,سغرب,1394,1395,سغرب|1394,2016-07-19,2015-06-18,2016-07-18,src_m2_tsetmc_market,adjusted_close,traded_value_rial,shared_12_calendar_month_window_ending_on_last_eligible_trading_day_strictly_before_pair_cutoff_date
REQ0296,سغرب,1395,1396,سغرب|1395,2017-07-21,2016-06-20,2017-07-20,src_m2_tsetmc_market,adjusted_close,traded_value_rial,shared_12_calendar_month_window_ending_on_last_eligible_trading_day_strictly_before_pair_cutoff_date
REQ0297,سغرب,1396,1397,سغرب|1396,2018-07-20,2017-06-19,2018-07-19,src_m2_tsetmc_market,adjusted_close,traded_value_rial,shared_12_calendar_month_window_ending_on_last_eligible_trading_day_strictly_before_pair_cutoff_date
REQ0298,سغرب,1397,1398,سغرب|1397,2019-07-20,2018-06-19,2019-07-19,src_m2_tsetmc_market,adjusted_close,traded_value_rial,shared_12_calendar_month_window_ending_on_last_eligible_trading_day_strictly_before_pair_cutoff_date
REQ0299,سغرب,1398,1399,سغرب|1398,2020-07-19,2019-06-18,2020-07-18,src_m2_tsetmc_market,adjusted_close,traded_value_rial,shared_12_calendar_month_window_ending_on_last_eligible_trading_day_strictly_before_pair_cutoff_date
REQ0300,سقاین,1392,1393,سقاین|1392,2014-07-20,2013-06-19,2014-07-19,src_m2_tsetmc_market,adjusted_close,traded_value_rial,shared_12_calendar_month_window_ending_on_last_eligible_trading_day_strictly_before_pair_cutoff_date
REQ0301,سقاین,1393,1394,سقاین|1393,2015-07-20,2014-06-19,2015-07-19,src_m2_tsetmc_market,adjusted_close,traded_value_rial,shared_12_calendar_month_window_ending_on_last_eligible_trading_day_strictly_before_pair_cutoff_date
REQ0302,سقاین,1394,1395,سقاین|1394,2016-07-19,2015-06-18,2016-07-18,src_m2_tsetmc_market,adjusted_close,traded_value_rial,shared_12_calendar_month_window_ending_on_last_eligible_trading_day_strictly_before_pair_cutoff_date
REQ0303,سقاین,1395,1396,سقاین|1395,2017-07-21,2016-06-20,2017-07-20,src_m2_tsetmc_market,adjusted_close,traded_value_rial,shared_12_calendar_month_window_ending_on_last_eligible_trading_day_strictly_before_pair_cutoff_date
REQ0304,سقاین,1396,1397,سقاین|1396,2018-07-20,2017-06-19,2018-07-19,src_m2_tsetmc_market,adjusted_close,traded_value_rial,shared_12_calendar_month_window_ending_on_last_eligible_trading_day_strictly_before_pair_cutoff_date
REQ0305,سقاین,1397,1398,سقاین|1397,2019-07-20,2018-06-19,2019-07-19,src_m2_tsetmc_market,adjusted_close,traded_value_rial,shared_12_calendar_month_window_ending_on_last_eligible_trading_day_strictly_before_pair_cutoff_date
REQ0306,سقاین,1398,1399,سقاین|1398,2020-07-19,2019-06-18,2020-07-18,src_m2_tsetmc_market,adjusted_close,traded_value_rial,shared_12_calendar_month_window_ending_on_last_eligible_trading_day_strictly_before_pair_cutoff_date
REQ0307,سمازن,1392,1393,سمازن|1392,2014-07-20,2013-06-19,2014-07-19,src_m2_tsetmc_market,adjusted_close,traded_value_rial,shared_12_calendar_month_window_ending_on_last_eligible_trading_day_strictly_before_pair_cutoff_date
REQ0308,سمازن,1393,1394,سمازن|1393,2015-07-20,2014-06-19,2015-07-19,src_m2_tsetmc_market,adjusted_close,traded_value_rial,shared_12_calendar_month_window_ending_on_last_eligible_trading_day_strictly_before_pair_cutoff_date
REQ0309,سمازن,1394,1395,سمازن|1394,2016-07-19,2015-06-18,2016-07-18,src_m2_tsetmc_market,adjusted_close,traded_value_rial,shared_12_calendar_month_window_ending_on_last_eligible_trading_day_strictly_before_pair_cutoff_date
REQ0310,سمازن,1395,1396,سمازن|1395,2017-04-19,2016-03-19,2017-04-18,src_m2_tsetmc_market,adjusted_close,traded_value_rial,shared_12_calendar_month_window_ending_on_last_eligible_trading_day_strictly_before_pair_cutoff_date
REQ0311,سمازن,1396,1397,سمازن|1396,2018-04-19,2017-03-19,2018-04-18,src_m2_tsetmc_market,adjusted_close,traded_value_rial,shared_12_calendar_month_window_ending_on_last_eligible_trading_day_strictly_before_pair_cutoff_date
REQ0312,سمازن,1397,1398,سمازن|1397,2019-04-19,2018-03-19,2019-04-18,src_m2_tsetmc_market,adjusted_close,traded_value_rial,shared_12_calendar_month_window_ending_on_last_eligible_trading_day_strictly_before_pair_cutoff_date
REQ0313,سمازن,1398,1399,سمازن|1398,2020-04-18,2019-03-18,2020-04-17,src_m2_tsetmc_market,adjusted_close,traded_value_rial,shared_12_calendar_month_window_ending_on_last_eligible_trading_day_strictly_before_pair_cutoff_date
REQ0314,سنیر,1393,1394,سنیر|1393,2015-07-20,2014-06-19,2015-07-19,src_m2_tsetmc_market,adjusted_close,traded_value_rial,shared_12_calendar_month_window_ending_on_last_eligible_trading_day_strictly_before_pair_cutoff_date
REQ0315,سنیر,1394,1395,سنیر|1394,2016-07-19,2015-06-18,2016-07-18,src_m2_tsetmc_market,adjusted_close,traded_value_rial,shared_12_calendar_month_window_ending_on_last_eligible_trading_day_strictly_before_pair_cutoff_date
REQ0316,سنیر,1395,1396,سنیر|1395,2017-07-21,2016-06-20,2017-07-20,src_m2_tsetmc_market,adjusted_close,traded_value_rial,shared_12_calendar_month_window_ending_on_last_eligible_trading_day_strictly_before_pair_cutoff_date
REQ0317,سنیر,1396,1397,سنیر|1396,2018-07-20,2017-06-19,2018-07-19,src_m2_tsetmc_market,adjusted_close,traded_value_rial,shared_12_calendar_month_window_ending_on_last_eligible_trading_day_strictly_before_pair_cutoff_date
REQ0318,سنیر,1397,1398,سنیر|1397,2019-07-20,2018-06-19,2019-07-19,src_m2_tsetmc_market,adjusted_close,traded_value_rial,shared_12_calendar_month_window_ending_on_last_eligible_trading_day_strictly_before_pair_cutoff_date
REQ0319,سنیر,1398,1399,سنیر|1398,2020-07-19,2019-06-18,2020-07-18,src_m2_tsetmc_market,adjusted_close,traded_value_rial,shared_12_calendar_month_window_ending_on_last_eligible_trading_day_strictly_before_pair_cutoff_date
REQ0320,سهگمت,1392,1393,سهگمت|1392,2014-05-20,2013-04-19,2014-05-19,src_m2_tsetmc_market,adjusted_close,traded_value_rial,shared_12_calendar_month_window_ending_on_last_eligible_trading_day_strictly_before_pair_cutoff_date
REQ0321,سهگمت,1393,1394,سهگمت|1393,2015-05-20,2014-04-19,2015-05-19,src_m2_tsetmc_market,adjusted_close,traded_value_rial,shared_12_calendar_month_window_ending_on_last_eligible_trading_day_strictly_before_pair_cutoff_date
REQ0322,سهگمت,1394,1395,سهگمت|1394,2016-05-19,2015-04-18,2016-05-18,src_m2_tsetmc_market,adjusted_close,traded_value_rial,shared_12_calendar_month_window_ending_on_last_eligible_trading_day_strictly_before_pair_cutoff_date
REQ0323,سهگمت,1395,1396,سهگمت|1395,2017-05-20,2016-04-19,2017-05-19,src_m2_tsetmc_market,adjusted_close,traded_value_rial,shared_12_calendar_month_window_ending_on_last_eligible_trading_day_strictly_before_pair_cutoff_date
REQ0324,سهگمت,1396,1397,سهگمت|1396,2018-05-20,2017-04-19,2018-05-19,src_m2_tsetmc_market,adjusted_close,traded_value_rial,shared_12_calendar_month_window_ending_on_last_eligible_trading_day_strictly_before_pair_cutoff_date
REQ0325,سهگمت,1397,1398,سهگمت|1397,2019-05-20,2018-04-19,2019-05-19,src_m2_tsetmc_market,adjusted_close,traded_value_rial,shared_12_calendar_month_window_ending_on_last_eligible_trading_day_strictly_before_pair_cutoff_date
REQ0326,سهگمت,1398,1399,سهگمت|1398,2020-05-19,2019-04-18,2020-05-18,src_m2_tsetmc_market,adjusted_close,traded_value_rial,shared_12_calendar_month_window_ending_on_last_eligible_trading_day_strictly_before_pair_cutoff_date
REQ0327,سپاها,1392,1393,سپاها|1392,2014-01-20,2012-12-20,2014-01-19,src_m2_tsetmc_market,adjusted_close,traded_value_rial,shared_12_calendar_month_window_ending_on_last_eligible_trading_day_strictly_before_pair_cutoff_date
REQ0328,سپاها,1393,1394,سپاها|1393,2015-01-20,2013-12-20,2015-01-19,src_m2_tsetmc_market,adjusted_close,traded_value_rial,shared_12_calendar_month_window_ending_on_last_eligible_trading_day_strictly_before_pair_cutoff_date
REQ0329,سپاها,1394,1395,سپاها|1394,2016-01-20,2014-12-20,2016-01-19,src_m2_tsetmc_market,adjusted_close,traded_value_rial,shared_12_calendar_month_window_ending_on_last_eligible_trading_day_strictly_before_pair_cutoff_date
REQ0330,سپاها,1395,1396,سپاها|1395,2017-01-19,2015-12-19,2017-01-18,src_m2_tsetmc_market,adjusted_close,traded_value_rial,shared_12_calendar_month_window_ending_on_last_eligible_trading_day_strictly_before_pair_cutoff_date
REQ0331,سپاها,1396,1397,سپاها|1396,2018-01-20,2016-12-20,2018-01-19,src_m2_tsetmc_market,adjusted_close,traded_value_rial,shared_12_calendar_month_window_ending_on_last_eligible_trading_day_strictly_before_pair_cutoff_date
REQ0332,سپاها,1397,1398,سپاها|1397,2019-01-20,2017-12-20,2019-01-19,src_m2_tsetmc_market,adjusted_close,traded_value_rial,shared_12_calendar_month_window_ending_on_last_eligible_trading_day_strictly_before_pair_cutoff_date
REQ0333,سپاها,1398,1399,سپاها|1398,2020-01-20,2018-12-20,2020-01-19,src_m2_tsetmc_market,adjusted_close,traded_value_rial,shared_12_calendar_month_window_ending_on_last_eligible_trading_day_strictly_before_pair_cutoff_date
REQ0334,سکرد,1392,1393,سکرد|1392,2014-01-20,2012-12-20,2014-01-19,src_m2_tsetmc_market,adjusted_close,traded_value_rial,shared_12_calendar_month_window_ending_on_last_eligible_trading_day_strictly_before_pair_cutoff_date
REQ0335,سکرد,1393,1394,سکرد|1393,2015-01-20,2013-12-20,2015-01-19,src_m2_tsetmc_market,adjusted_close,traded_value_rial,shared_12_calendar_month_window_ending_on_last_eligible_trading_day_strictly_before_pair_cutoff_date
REQ0336,سکرد,1394,1395,سکرد|1394,2016-01-20,2014-12-20,2016-01-19,src_m2_tsetmc_market,adjusted_close,traded_value_rial,shared_12_calendar_month_window_ending_on_last_eligible_trading_day_strictly_before_pair_cutoff_date
REQ0337,سکرد,1395,1396,سکرد|1395,2017-01-19,2015-12-19,2017-01-18,src_m2_tsetmc_market,adjusted_close,traded_value_rial,shared_12_calendar_month_window_ending_on_last_eligible_trading_day_strictly_before_pair_cutoff_date
REQ0338,سکرد,1396,1397,سکرد|1396,2018-01-20,2016-12-20,2018-01-19,src_m2_tsetmc_market,adjusted_close,traded_value_rial,shared_12_calendar_month_window_ending_on_last_eligible_trading_day_strictly_before_pair_cutoff_date
REQ0339,سکرد,1397,1398,سکرد|1397,2019-01-20,2017-12-20,2019-01-19,src_m2_tsetmc_market,adjusted_close,traded_value_rial,shared_12_calendar_month_window_ending_on_last_eligible_trading_day_strictly_before_pair_cutoff_date
REQ0340,سکرد,1398,1399,سکرد|1398,2020-01-20,2018-12-20,2020-01-19,src_m2_tsetmc_market,adjusted_close,traded_value_rial,shared_12_calendar_month_window_ending_on_last_eligible_trading_day_strictly_before_pair_cutoff_date
REQ0341,سیلام,1392,1393,سیلام|1392,2014-05-20,2013-04-19,2014-05-19,src_m2_tsetmc_market,adjusted_close,traded_value_rial,shared_12_calendar_month_window_ending_on_last_eligible_trading_day_strictly_before_pair_cutoff_date
REQ0342,سیلام,1393,1394,سیلام|1393,2015-05-20,2014-04-19,2015-05-19,src_m2_tsetmc_market,adjusted_close,traded_value_rial,shared_12_calendar_month_window_ending_on_last_eligible_trading_day_strictly_before_pair_cutoff_date
REQ0343,سیلام,1394,1395,سیلام|1394,2016-05-19,2015-04-18,2016-05-18,src_m2_tsetmc_market,adjusted_close,traded_value_rial,shared_12_calendar_month_window_ending_on_last_eligible_trading_day_strictly_before_pair_cutoff_date
REQ0344,سیلام,1395,1396,سیلام|1395,2017-05-20,2016-04-19,2017-05-19,src_m2_tsetmc_market,adjusted_close,traded_value_rial,shared_12_calendar_month_window_ending_on_last_eligible_trading_day_strictly_before_pair_cutoff_date
REQ0345,سیلام,1396,1397,سیلام|1396,2018-05-20,2017-04-19,2018-05-19,src_m2_tsetmc_market,adjusted_close,traded_value_rial,shared_12_calendar_month_window_ending_on_last_eligible_trading_day_strictly_before_pair_cutoff_date
REQ0346,سیلام,1397,1398,سیلام|1397,2019-05-20,2018-04-19,2019-05-19,src_m2_tsetmc_market,adjusted_close,traded_value_rial,shared_12_calendar_month_window_ending_on_last_eligible_trading_day_strictly_before_pair_cutoff_date
REQ0347,سیلام,1398,1399,سیلام|1398,2020-05-19,2019-04-18,2020-05-18,src_m2_tsetmc_market,adjusted_close,traded_value_rial,shared_12_calendar_month_window_ending_on_last_eligible_trading_day_strictly_before_pair_cutoff_date
REQ0348,شاراک,1393,1394,شاراک|1393,2015-07-20,2014-06-19,2015-07-19,src_m2_tsetmc_market,adjusted_close,traded_value_rial,shared_12_calendar_month_window_ending_on_last_eligible_trading_day_strictly_before_pair_cutoff_date
REQ0349,شاراک,1394,1395,شاراک|1394,2016-07-19,2015-06-18,2016-07-18,src_m2_tsetmc_market,adjusted_close,traded_value_rial,shared_12_calendar_month_window_ending_on_last_eligible_trading_day_strictly_before_pair_cutoff_date
REQ0350,شاراک,1395,1396,شاراک|1395,2017-07-21,2016-06-20,2017-07-20,src_m2_tsetmc_market,adjusted_close,traded_value_rial,shared_12_calendar_month_window_ending_on_last_eligible_trading_day_strictly_before_pair_cutoff_date
REQ0351,شاراک,1396,1397,شاراک|1396,2018-07-20,2017-06-19,2018-07-19,src_m2_tsetmc_market,adjusted_close,traded_value_rial,shared_12_calendar_month_window_ending_on_last_eligible_trading_day_strictly_before_pair_cutoff_date
REQ0352,شاراک,1397,1398,شاراک|1397,2019-07-20,2018-06-19,2019-07-19,src_m2_tsetmc_market,adjusted_close,traded_value_rial,shared_12_calendar_month_window_ending_on_last_eligible_trading_day_strictly_before_pair_cutoff_date
REQ0353,شاراک,1398,1399,شاراک|1398,2020-07-19,2019-06-18,2020-07-18,src_m2_tsetmc_market,adjusted_close,traded_value_rial,shared_12_calendar_month_window_ending_on_last_eligible_trading_day_strictly_before_pair_cutoff_date
REQ0354,شبریز,1393,1394,شبریز|1393,2015-07-20,2014-06-19,2015-07-19,src_m2_tsetmc_market,adjusted_close,traded_value_rial,shared_12_calendar_month_window_ending_on_last_eligible_trading_day_strictly_before_pair_cutoff_date
REQ0355,شبریز,1394,1395,شبریز|1394,2016-07-19,2015-06-18,2016-07-18,src_m2_tsetmc_market,adjusted_close,traded_value_rial,shared_12_calendar_month_window_ending_on_last_eligible_trading_day_strictly_before_pair_cutoff_date
REQ0356,شبریز,1395,1396,شبریز|1395,2017-07-21,2016-06-20,2017-07-20,src_m2_tsetmc_market,adjusted_close,traded_value_rial,shared_12_calendar_month_window_ending_on_last_eligible_trading_day_strictly_before_pair_cutoff_date
REQ0357,شبریز,1396,1397,شبریز|1396,2018-07-20,2017-06-19,2018-07-19,src_m2_tsetmc_market,adjusted_close,traded_value_rial,shared_12_calendar_month_window_ending_on_last_eligible_trading_day_strictly_before_pair_cutoff_date
REQ0358,شبریز,1397,1398,شبریز|1397,2019-07-20,2018-06-19,2019-07-19,src_m2_tsetmc_market,adjusted_close,traded_value_rial,shared_12_calendar_month_window_ending_on_last_eligible_trading_day_strictly_before_pair_cutoff_date
REQ0359,شبریز,1398,1399,شبریز|1398,2020-07-19,2019-06-18,2020-07-18,src_m2_tsetmc_market,adjusted_close,traded_value_rial,shared_12_calendar_month_window_ending_on_last_eligible_trading_day_strictly_before_pair_cutoff_date
REQ0360,شبندر,1393,1394,شبندر|1393,2015-07-20,2014-06-19,2015-07-19,src_m2_tsetmc_market,adjusted_close,traded_value_rial,shared_12_calendar_month_window_ending_on_last_eligible_trading_day_strictly_before_pair_cutoff_date
REQ0361,شبندر,1394,1395,شبندر|1394,2016-07-19,2015-06-18,2016-07-18,src_m2_tsetmc_market,adjusted_close,traded_value_rial,shared_12_calendar_month_window_ending_on_last_eligible_trading_day_strictly_before_pair_cutoff_date
REQ0362,شبندر,1395,1396,شبندر|1395,2017-07-21,2016-06-20,2017-07-20,src_m2_tsetmc_market,adjusted_close,traded_value_rial,shared_12_calendar_month_window_ending_on_last_eligible_trading_day_strictly_before_pair_cutoff_date
REQ0363,شبندر,1396,1397,شبندر|1396,2018-07-20,2017-06-19,2018-07-19,src_m2_tsetmc_market,adjusted_close,traded_value_rial,shared_12_calendar_month_window_ending_on_last_eligible_trading_day_strictly_before_pair_cutoff_date
REQ0364,شبندر,1397,1398,شبندر|1397,2019-07-20,2018-06-19,2019-07-19,src_m2_tsetmc_market,adjusted_close,traded_value_rial,shared_12_calendar_month_window_ending_on_last_eligible_trading_day_strictly_before_pair_cutoff_date
REQ0365,شبندر,1398,1399,شبندر|1398,2020-07-19,2019-06-18,2020-07-18,src_m2_tsetmc_market,adjusted_close,traded_value_rial,shared_12_calendar_month_window_ending_on_last_eligible_trading_day_strictly_before_pair_cutoff_date
REQ0366,شدوص,1393,1394,شدوص|1393,2015-07-20,2014-06-19,2015-07-19,src_m2_tsetmc_market,adjusted_close,traded_value_rial,shared_12_calendar_month_window_ending_on_last_eligible_trading_day_strictly_before_pair_cutoff_date
REQ0367,شدوص,1394,1395,شدوص|1394,2016-07-19,2015-06-18,2016-07-18,src_m2_tsetmc_market,adjusted_close,traded_value_rial,shared_12_calendar_month_window_ending_on_last_eligible_trading_day_strictly_before_pair_cutoff_date
REQ0368,شدوص,1395,1396,شدوص|1395,2017-07-21,2016-06-20,2017-07-20,src_m2_tsetmc_market,adjusted_close,traded_value_rial,shared_12_calendar_month_window_ending_on_last_eligible_trading_day_strictly_before_pair_cutoff_date
REQ0369,شدوص,1396,1397,شدوص|1396,2018-07-20,2017-06-19,2018-07-19,src_m2_tsetmc_market,adjusted_close,traded_value_rial,shared_12_calendar_month_window_ending_on_last_eligible_trading_day_strictly_before_pair_cutoff_date
REQ0370,شدوص,1397,1398,شدوص|1397,2019-07-20,2018-06-19,2019-07-19,src_m2_tsetmc_market,adjusted_close,traded_value_rial,shared_12_calendar_month_window_ending_on_last_eligible_trading_day_strictly_before_pair_cutoff_date
REQ0371,شدوص,1398,1399,شدوص|1398,2020-07-19,2019-06-18,2020-07-18,src_m2_tsetmc_market,adjusted_close,traded_value_rial,shared_12_calendar_month_window_ending_on_last_eligible_trading_day_strictly_before_pair_cutoff_date
REQ0372,شفارس,1393,1394,شفارس|1393,2015-07-20,2014-06-19,2015-07-19,src_m2_tsetmc_market,adjusted_close,traded_value_rial,shared_12_calendar_month_window_ending_on_last_eligible_trading_day_strictly_before_pair_cutoff_date
REQ0373,شفارس,1394,1395,شفارس|1394,2016-07-19,2015-06-18,2016-07-18,src_m2_tsetmc_market,adjusted_close,traded_value_rial,shared_12_calendar_month_window_ending_on_last_eligible_trading_day_strictly_before_pair_cutoff_date
REQ0374,شفارس,1395,1396,شفارس|1395,2017-07-21,2016-06-20,2017-07-20,src_m2_tsetmc_market,adjusted_close,traded_value_rial,shared_12_calendar_month_window_ending_on_last_eligible_trading_day_strictly_before_pair_cutoff_date
REQ0375,شفارس,1396,1397,شفارس|1396,2018-07-20,2017-06-19,2018-07-19,src_m2_tsetmc_market,adjusted_close,traded_value_rial,shared_12_calendar_month_window_ending_on_last_eligible_trading_day_strictly_before_pair_cutoff_date
REQ0376,شفارس,1397,1398,شفارس|1397,2019-07-20,2018-06-19,2019-07-19,src_m2_tsetmc_market,adjusted_close,traded_value_rial,shared_12_calendar_month_window_ending_on_last_eligible_trading_day_strictly_before_pair_cutoff_date
REQ0377,شفارس,1398,1399,شفارس|1398,2020-07-19,2019-06-18,2020-07-18,src_m2_tsetmc_market,adjusted_close,traded_value_rial,shared_12_calendar_month_window_ending_on_last_eligible_trading_day_strictly_before_pair_cutoff_date
REQ0378,شلعاب,1393,1394,شلعاب|1393,2015-07-20,2014-06-19,2015-07-19,src_m2_tsetmc_market,adjusted_close,traded_value_rial,shared_12_calendar_month_window_ending_on_last_eligible_trading_day_strictly_before_pair_cutoff_date
REQ0379,شلعاب,1394,1395,شلعاب|1394,2016-07-19,2015-06-18,2016-07-18,src_m2_tsetmc_market,adjusted_close,traded_value_rial,shared_12_calendar_month_window_ending_on_last_eligible_trading_day_strictly_before_pair_cutoff_date
REQ0380,شلعاب,1395,1396,شلعاب|1395,2017-07-21,2016-06-20,2017-07-20,src_m2_tsetmc_market,adjusted_close,traded_value_rial,shared_12_calendar_month_window_ending_on_last_eligible_trading_day_strictly_before_pair_cutoff_date
REQ0381,شلعاب,1396,1397,شلعاب|1396,2018-07-20,2017-06-19,2018-07-19,src_m2_tsetmc_market,adjusted_close,traded_value_rial,shared_12_calendar_month_window_ending_on_last_eligible_trading_day_strictly_before_pair_cutoff_date
REQ0382,شلعاب,1397,1398,شلعاب|1397,2019-07-20,2018-06-19,2019-07-19,src_m2_tsetmc_market,adjusted_close,traded_value_rial,shared_12_calendar_month_window_ending_on_last_eligible_trading_day_strictly_before_pair_cutoff_date
REQ0383,شلعاب,1398,1399,شلعاب|1398,2020-07-19,2019-06-18,2020-07-18,src_m2_tsetmc_market,adjusted_close,traded_value_rial,shared_12_calendar_month_window_ending_on_last_eligible_trading_day_strictly_before_pair_cutoff_date
REQ0384,شپارس,1393,1394,شپارس|1393,2015-01-20,2013-12-20,2015-01-19,src_m2_tsetmc_market,adjusted_close,traded_value_rial,shared_12_calendar_month_window_ending_on_last_eligible_trading_day_strictly_before_pair_cutoff_date
REQ0385,شپارس,1394,1395,شپارس|1394,2016-01-20,2014-12-20,2016-01-19,src_m2_tsetmc_market,adjusted_close,traded_value_rial,shared_12_calendar_month_window_ending_on_last_eligible_trading_day_strictly_before_pair_cutoff_date
REQ0386,شپارس,1395,1396,شپارس|1395,2017-01-19,2015-12-19,2017-01-18,src_m2_tsetmc_market,adjusted_close,traded_value_rial,shared_12_calendar_month_window_ending_on_last_eligible_trading_day_strictly_before_pair_cutoff_date
REQ0387,شپارس,1396,1397,شپارس|1396,2018-01-20,2016-12-20,2018-01-19,src_m2_tsetmc_market,adjusted_close,traded_value_rial,shared_12_calendar_month_window_ending_on_last_eligible_trading_day_strictly_before_pair_cutoff_date
REQ0388,شپارس,1397,1398,شپارس|1397,2019-01-20,2017-12-20,2019-01-19,src_m2_tsetmc_market,adjusted_close,traded_value_rial,shared_12_calendar_month_window_ending_on_last_eligible_trading_day_strictly_before_pair_cutoff_date
REQ0389,شپارس,1398,1399,شپارس|1398,2020-01-20,2018-12-20,2020-01-19,src_m2_tsetmc_market,adjusted_close,traded_value_rial,shared_12_calendar_month_window_ending_on_last_eligible_trading_day_strictly_before_pair_cutoff_date
REQ0390,شپنا,1393,1394,شپنا|1393,2015-07-20,2014-06-19,2015-07-19,src_m2_tsetmc_market,adjusted_close,traded_value_rial,shared_12_calendar_month_window_ending_on_last_eligible_trading_day_strictly_before_pair_cutoff_date
REQ0391,شپنا,1394,1395,شپنا|1394,2016-07-19,2015-06-18,2016-07-18,src_m2_tsetmc_market,adjusted_close,traded_value_rial,shared_12_calendar_month_window_ending_on_last_eligible_trading_day_strictly_before_pair_cutoff_date
REQ0392,شپنا,1395,1396,شپنا|1395,2017-07-21,2016-06-20,2017-07-20,src_m2_tsetmc_market,adjusted_close,traded_value_rial,shared_12_calendar_month_window_ending_on_last_eligible_trading_day_strictly_before_pair_cutoff_date
REQ0393,شپنا,1396,1397,شپنا|1396,2018-07-20,2017-06-19,2018-07-19,src_m2_tsetmc_market,adjusted_close,traded_value_rial,shared_12_calendar_month_window_ending_on_last_eligible_trading_day_strictly_before_pair_cutoff_date
REQ0394,شپنا,1397,1398,شپنا|1397,2019-07-20,2018-06-19,2019-07-19,src_m2_tsetmc_market,adjusted_close,traded_value_rial,shared_12_calendar_month_window_ending_on_last_eligible_trading_day_strictly_before_pair_cutoff_date
REQ0395,شپنا,1398,1399,شپنا|1398,2020-07-19,2019-06-18,2020-07-18,src_m2_tsetmc_market,adjusted_close,traded_value_rial,shared_12_calendar_month_window_ending_on_last_eligible_trading_day_strictly_before_pair_cutoff_date
REQ0396,شکربن,1393,1394,شکربن|1393,2015-07-20,2014-06-19,2015-07-19,src_m2_tsetmc_market,adjusted_close,traded_value_rial,shared_12_calendar_month_window_ending_on_last_eligible_trading_day_strictly_before_pair_cutoff_date
REQ0397,شکربن,1394,1395,شکربن|1394,2016-07-19,2015-06-18,2016-07-18,src_m2_tsetmc_market,adjusted_close,traded_value_rial,shared_12_calendar_month_window_ending_on_last_eligible_trading_day_strictly_before_pair_cutoff_date
REQ0398,شکربن,1395,1396,شکربن|1395,2017-07-21,2016-06-20,2017-07-20,src_m2_tsetmc_market,adjusted_close,traded_value_rial,shared_12_calendar_month_window_ending_on_last_eligible_trading_day_strictly_before_pair_cutoff_date
REQ0399,شکربن,1396,1397,شکربن|1396,2018-07-20,2017-06-19,2018-07-19,src_m2_tsetmc_market,adjusted_close,traded_value_rial,shared_12_calendar_month_window_ending_on_last_eligible_trading_day_strictly_before_pair_cutoff_date
REQ0400,شکربن,1397,1398,شکربن|1397,2019-07-20,2018-06-19,2019-07-19,src_m2_tsetmc_market,adjusted_close,traded_value_rial,shared_12_calendar_month_window_ending_on_last_eligible_trading_day_strictly_before_pair_cutoff_date
REQ0401,شکربن,1398,1399,شکربن|1398,2020-07-19,2019-06-18,2020-07-18,src_m2_tsetmc_market,adjusted_close,traded_value_rial,shared_12_calendar_month_window_ending_on_last_eligible_trading_day_strictly_before_pair_cutoff_date
REQ0402,شکلر,1393,1394,شکلر|1393,2015-01-20,2013-12-20,2015-01-19,src_m2_tsetmc_market,adjusted_close,traded_value_rial,shared_12_calendar_month_window_ending_on_last_eligible_trading_day_strictly_before_pair_cutoff_date
REQ0403,شکلر,1394,1395,شکلر|1394,2016-01-20,2014-12-20,2016-01-19,src_m2_tsetmc_market,adjusted_close,traded_value_rial,shared_12_calendar_month_window_ending_on_last_eligible_trading_day_strictly_before_pair_cutoff_date
REQ0404,شکلر,1395,1396,شکلر|1395,2017-01-19,2015-12-19,2017-01-18,src_m2_tsetmc_market,adjusted_close,traded_value_rial,shared_12_calendar_month_window_ending_on_last_eligible_trading_day_strictly_before_pair_cutoff_date
REQ0405,شکلر,1396,1397,شکلر|1396,2018-01-20,2016-12-20,2018-01-19,src_m2_tsetmc_market,adjusted_close,traded_value_rial,shared_12_calendar_month_window_ending_on_last_eligible_trading_day_strictly_before_pair_cutoff_date
REQ0406,شکلر,1398,1399,شکلر|1398,2019-12-21,2018-11-20,2019-12-20,src_m2_tsetmc_market,adjusted_close,traded_value_rial,shared_12_calendar_month_window_ending_on_last_eligible_trading_day_strictly_before_pair_cutoff_date
REQ0407,شیران,1393,1394,شیران|1393,2015-04-19,2014-03-19,2015-04-18,src_m2_tsetmc_market,adjusted_close,traded_value_rial,shared_12_calendar_month_window_ending_on_last_eligible_trading_day_strictly_before_pair_cutoff_date
REQ0408,شیران,1394,1395,شیران|1394,2016-04-18,2015-03-18,2016-04-17,src_m2_tsetmc_market,adjusted_close,traded_value_rial,shared_12_calendar_month_window_ending_on_last_eligible_trading_day_strictly_before_pair_cutoff_date
REQ0409,شیران,1395,1396,شیران|1395,2017-04-19,2016-03-19,2017-04-18,src_m2_tsetmc_market,adjusted_close,traded_value_rial,shared_12_calendar_month_window_ending_on_last_eligible_trading_day_strictly_before_pair_cutoff_date
REQ0410,شیران,1396,1397,شیران|1396,2018-04-19,2017-03-19,2018-04-18,src_m2_tsetmc_market,adjusted_close,traded_value_rial,shared_12_calendar_month_window_ending_on_last_eligible_trading_day_strictly_before_pair_cutoff_date
REQ0411,شیران,1397,1398,شیران|1397,2019-04-19,2018-03-19,2019-04-18,src_m2_tsetmc_market,adjusted_close,traded_value_rial,shared_12_calendar_month_window_ending_on_last_eligible_trading_day_strictly_before_pair_cutoff_date
REQ0412,شیران,1398,1399,شیران|1398,2020-04-18,2019-03-18,2020-04-17,src_m2_tsetmc_market,adjusted_close,traded_value_rial,shared_12_calendar_month_window_ending_on_last_eligible_trading_day_strictly_before_pair_cutoff_date
REQ0413,غبهنوش,1392,1393,غبهنوش|1392,2014-07-20,2013-06-19,2014-07-19,src_m2_tsetmc_market,adjusted_close,traded_value_rial,shared_12_calendar_month_window_ending_on_last_eligible_trading_day_strictly_before_pair_cutoff_date
REQ0414,غبهنوش,1393,1394,غبهنوش|1393,2015-07-20,2014-06-19,2015-07-19,src_m2_tsetmc_market,adjusted_close,traded_value_rial,shared_12_calendar_month_window_ending_on_last_eligible_trading_day_strictly_before_pair_cutoff_date
REQ0415,غبهنوش,1394,1395,غبهنوش|1394,2016-07-19,2015-06-18,2016-07-18,src_m2_tsetmc_market,adjusted_close,traded_value_rial,shared_12_calendar_month_window_ending_on_last_eligible_trading_day_strictly_before_pair_cutoff_date
REQ0416,غبهنوش,1395,1396,غبهنوش|1395,2017-07-21,2016-06-20,2017-07-20,src_m2_tsetmc_market,adjusted_close,traded_value_rial,shared_12_calendar_month_window_ending_on_last_eligible_trading_day_strictly_before_pair_cutoff_date
REQ0417,غبهنوش,1396,1397,غبهنوش|1396,2018-07-20,2017-06-19,2018-07-19,src_m2_tsetmc_market,adjusted_close,traded_value_rial,shared_12_calendar_month_window_ending_on_last_eligible_trading_day_strictly_before_pair_cutoff_date
REQ0418,غبهنوش,1397,1398,غبهنوش|1397,2019-07-20,2018-06-19,2019-07-19,src_m2_tsetmc_market,adjusted_close,traded_value_rial,shared_12_calendar_month_window_ending_on_last_eligible_trading_day_strictly_before_pair_cutoff_date
REQ0419,غبهنوش,1398,1399,غبهنوش|1398,2020-07-19,2019-06-18,2020-07-18,src_m2_tsetmc_market,adjusted_close,traded_value_rial,shared_12_calendar_month_window_ending_on_last_eligible_trading_day_strictly_before_pair_cutoff_date
REQ0420,غدام,1392,1393,غدام|1392,2014-04-19,2013-03-19,2014-04-18,src_m2_tsetmc_market,adjusted_close,traded_value_rial,shared_12_calendar_month_window_ending_on_last_eligible_trading_day_strictly_before_pair_cutoff_date
REQ0421,غدام,1393,1394,غدام|1393,2015-04-19,2014-03-19,2015-04-18,src_m2_tsetmc_market,adjusted_close,traded_value_rial,shared_12_calendar_month_window_ending_on_last_eligible_trading_day_strictly_before_pair_cutoff_date
REQ0422,غدام,1394,1395,غدام|1394,2016-04-18,2015-03-18,2016-04-17,src_m2_tsetmc_market,adjusted_close,traded_value_rial,shared_12_calendar_month_window_ending_on_last_eligible_trading_day_strictly_before_pair_cutoff_date
REQ0423,غدام,1395,1396,غدام|1395,2017-04-19,2016-03-19,2017-04-18,src_m2_tsetmc_market,adjusted_close,traded_value_rial,shared_12_calendar_month_window_ending_on_last_eligible_trading_day_strictly_before_pair_cutoff_date
REQ0424,غدام,1396,1397,غدام|1396,2018-04-19,2017-03-19,2018-04-18,src_m2_tsetmc_market,adjusted_close,traded_value_rial,shared_12_calendar_month_window_ending_on_last_eligible_trading_day_strictly_before_pair_cutoff_date
REQ0425,غدام,1397,1398,غدام|1397,2019-04-19,2018-03-19,2019-04-18,src_m2_tsetmc_market,adjusted_close,traded_value_rial,shared_12_calendar_month_window_ending_on_last_eligible_trading_day_strictly_before_pair_cutoff_date
REQ0426,غدام,1398,1399,غدام|1398,2020-04-18,2019-03-18,2020-04-17,src_m2_tsetmc_market,adjusted_close,traded_value_rial,shared_12_calendar_month_window_ending_on_last_eligible_trading_day_strictly_before_pair_cutoff_date
REQ0427,غسالم,1392,1393,غسالم|1392,2014-07-20,2013-06-19,2014-07-19,src_m2_tsetmc_market,adjusted_close,traded_value_rial,shared_12_calendar_month_window_ending_on_last_eligible_trading_day_strictly_before_pair_cutoff_date
REQ0428,غسالم,1393,1394,غسالم|1393,2015-07-20,2014-06-19,2015-07-19,src_m2_tsetmc_market,adjusted_close,traded_value_rial,shared_12_calendar_month_window_ending_on_last_eligible_trading_day_strictly_before_pair_cutoff_date
REQ0429,غسالم,1394,1395,غسالم|1394,2016-07-19,2015-06-18,2016-07-18,src_m2_tsetmc_market,adjusted_close,traded_value_rial,shared_12_calendar_month_window_ending_on_last_eligible_trading_day_strictly_before_pair_cutoff_date
REQ0430,غسالم,1395,1396,غسالم|1395,2017-07-21,2016-06-20,2017-07-20,src_m2_tsetmc_market,adjusted_close,traded_value_rial,shared_12_calendar_month_window_ending_on_last_eligible_trading_day_strictly_before_pair_cutoff_date
REQ0431,غسالم,1396,1397,غسالم|1396,2018-07-20,2017-06-19,2018-07-19,src_m2_tsetmc_market,adjusted_close,traded_value_rial,shared_12_calendar_month_window_ending_on_last_eligible_trading_day_strictly_before_pair_cutoff_date
REQ0432,غسالم,1397,1398,غسالم|1397,2019-07-20,2018-06-19,2019-07-19,src_m2_tsetmc_market,adjusted_close,traded_value_rial,shared_12_calendar_month_window_ending_on_last_eligible_trading_day_strictly_before_pair_cutoff_date
REQ0433,غسالم,1398,1399,غسالم|1398,2020-07-19,2019-06-18,2020-07-18,src_m2_tsetmc_market,adjusted_close,traded_value_rial,shared_12_calendar_month_window_ending_on_last_eligible_trading_day_strictly_before_pair_cutoff_date
REQ0434,غشان,1392,1393,غشان|1392,2014-07-20,2013-06-19,2014-07-19,src_m2_tsetmc_market,adjusted_close,traded_value_rial,shared_12_calendar_month_window_ending_on_last_eligible_trading_day_strictly_before_pair_cutoff_date
REQ0435,غشان,1393,1394,غشان|1393,2015-07-20,2014-06-19,2015-07-19,src_m2_tsetmc_market,adjusted_close,traded_value_rial,shared_12_calendar_month_window_ending_on_last_eligible_trading_day_strictly_before_pair_cutoff_date
REQ0436,غشان,1394,1395,غشان|1394,2016-07-19,2015-06-18,2016-07-18,src_m2_tsetmc_market,adjusted_close,traded_value_rial,shared_12_calendar_month_window_ending_on_last_eligible_trading_day_strictly_before_pair_cutoff_date
REQ0437,غشان,1395,1396,غشان|1395,2017-07-21,2016-06-20,2017-07-20,src_m2_tsetmc_market,adjusted_close,traded_value_rial,shared_12_calendar_month_window_ending_on_last_eligible_trading_day_strictly_before_pair_cutoff_date
REQ0438,غشان,1396,1397,غشان|1396,2018-07-20,2017-06-19,2018-07-19,src_m2_tsetmc_market,adjusted_close,traded_value_rial,shared_12_calendar_month_window_ending_on_last_eligible_trading_day_strictly_before_pair_cutoff_date
REQ0439,غشان,1397,1398,غشان|1397,2019-07-20,2018-06-19,2019-07-19,src_m2_tsetmc_market,adjusted_close,traded_value_rial,shared_12_calendar_month_window_ending_on_last_eligible_trading_day_strictly_before_pair_cutoff_date
REQ0440,غشان,1398,1399,غشان|1398,2020-07-19,2019-06-18,2020-07-18,src_m2_tsetmc_market,adjusted_close,traded_value_rial,shared_12_calendar_month_window_ending_on_last_eligible_trading_day_strictly_before_pair_cutoff_date
REQ0441,غشهد,1392,1393,غشهد|1392,2014-07-20,2013-06-19,2014-07-19,src_m2_tsetmc_market,adjusted_close,traded_value_rial,shared_12_calendar_month_window_ending_on_last_eligible_trading_day_strictly_before_pair_cutoff_date
REQ0442,غشهد,1393,1394,غشهد|1393,2015-07-20,2014-06-19,2015-07-19,src_m2_tsetmc_market,adjusted_close,traded_value_rial,shared_12_calendar_month_window_ending_on_last_eligible_trading_day_strictly_before_pair_cutoff_date
REQ0443,غشهد,1394,1395,غشهد|1394,2016-07-19,2015-06-18,2016-07-18,src_m2_tsetmc_market,adjusted_close,traded_value_rial,shared_12_calendar_month_window_ending_on_last_eligible_trading_day_strictly_before_pair_cutoff_date
REQ0444,غشهد,1395,1396,غشهد|1395,2017-07-21,2016-06-20,2017-07-20,src_m2_tsetmc_market,adjusted_close,traded_value_rial,shared_12_calendar_month_window_ending_on_last_eligible_trading_day_strictly_before_pair_cutoff_date
REQ0445,غشهد,1396,1397,غشهد|1396,2018-07-20,2017-06-19,2018-07-19,src_m2_tsetmc_market,adjusted_close,traded_value_rial,shared_12_calendar_month_window_ending_on_last_eligible_trading_day_strictly_before_pair_cutoff_date
REQ0446,غشهد,1397,1398,غشهد|1397,2019-07-20,2018-06-19,2019-07-19,src_m2_tsetmc_market,adjusted_close,traded_value_rial,shared_12_calendar_month_window_ending_on_last_eligible_trading_day_strictly_before_pair_cutoff_date
REQ0447,غشهد,1398,1399,غشهد|1398,2020-07-19,2019-06-18,2020-07-18,src_m2_tsetmc_market,adjusted_close,traded_value_rial,shared_12_calendar_month_window_ending_on_last_eligible_trading_day_strictly_before_pair_cutoff_date
REQ0448,غنوش,1392,1393,غنوش|1392,2014-07-20,2013-06-19,2014-07-19,src_m2_tsetmc_market,adjusted_close,traded_value_rial,shared_12_calendar_month_window_ending_on_last_eligible_trading_day_strictly_before_pair_cutoff_date
REQ0449,غنوش,1393,1394,غنوش|1393,2015-07-20,2014-06-19,2015-07-19,src_m2_tsetmc_market,adjusted_close,traded_value_rial,shared_12_calendar_month_window_ending_on_last_eligible_trading_day_strictly_before_pair_cutoff_date
REQ0450,غنوش,1394,1395,غنوش|1394,2016-07-19,2015-06-18,2016-07-18,src_m2_tsetmc_market,adjusted_close,traded_value_rial,shared_12_calendar_month_window_ending_on_last_eligible_trading_day_strictly_before_pair_cutoff_date
REQ0451,غنوش,1395,1396,غنوش|1395,2017-07-21,2016-06-20,2017-07-20,src_m2_tsetmc_market,adjusted_close,traded_value_rial,shared_12_calendar_month_window_ending_on_last_eligible_trading_day_strictly_before_pair_cutoff_date
REQ0452,غنوش,1396,1397,غنوش|1396,2018-07-20,2017-06-19,2018-07-19,src_m2_tsetmc_market,adjusted_close,traded_value_rial,shared_12_calendar_month_window_ending_on_last_eligible_trading_day_strictly_before_pair_cutoff_date
REQ0453,غنوش,1397,1398,غنوش|1397,2019-07-20,2018-06-19,2019-07-19,src_m2_tsetmc_market,adjusted_close,traded_value_rial,shared_12_calendar_month_window_ending_on_last_eligible_trading_day_strictly_before_pair_cutoff_date
REQ0454,غنوش,1398,1399,غنوش|1398,2020-07-19,2019-06-18,2020-07-18,src_m2_tsetmc_market,adjusted_close,traded_value_rial,shared_12_calendar_month_window_ending_on_last_eligible_trading_day_strictly_before_pair_cutoff_date
REQ0455,غگل,1392,1393,غگل|1392,2014-01-20,2012-12-20,2014-01-19,src_m2_tsetmc_market,adjusted_close,traded_value_rial,shared_12_calendar_month_window_ending_on_last_eligible_trading_day_strictly_before_pair_cutoff_date
REQ0456,غگل,1393,1394,غگل|1393,2015-01-20,2013-12-20,2015-01-19,src_m2_tsetmc_market,adjusted_close,traded_value_rial,shared_12_calendar_month_window_ending_on_last_eligible_trading_day_strictly_before_pair_cutoff_date
REQ0457,غگل,1394,1395,غگل|1394,2016-01-20,2014-12-20,2016-01-19,src_m2_tsetmc_market,adjusted_close,traded_value_rial,shared_12_calendar_month_window_ending_on_last_eligible_trading_day_strictly_before_pair_cutoff_date
REQ0458,غگل,1395,1396,غگل|1395,2017-01-19,2015-12-19,2017-01-18,src_m2_tsetmc_market,adjusted_close,traded_value_rial,shared_12_calendar_month_window_ending_on_last_eligible_trading_day_strictly_before_pair_cutoff_date
REQ0459,غگل,1396,1397,غگل|1396,2018-01-20,2016-12-20,2018-01-19,src_m2_tsetmc_market,adjusted_close,traded_value_rial,shared_12_calendar_month_window_ending_on_last_eligible_trading_day_strictly_before_pair_cutoff_date
REQ0460,غگل,1397,1398,غگل|1397,2019-01-20,2017-12-20,2019-01-19,src_m2_tsetmc_market,adjusted_close,traded_value_rial,shared_12_calendar_month_window_ending_on_last_eligible_trading_day_strictly_before_pair_cutoff_date
REQ0461,غگل,1398,1399,غگل|1398,2020-01-20,2018-12-20,2020-01-19,src_m2_tsetmc_market,adjusted_close,traded_value_rial,shared_12_calendar_month_window_ending_on_last_eligible_trading_day_strictly_before_pair_cutoff_date
REQ0462,فاذر,1393,1394,فاذر|1393,2015-07-20,2014-06-19,2015-07-19,src_m2_tsetmc_market,adjusted_close,traded_value_rial,shared_12_calendar_month_window_ending_on_last_eligible_trading_day_strictly_before_pair_cutoff_date
REQ0463,فاذر,1394,1395,فاذر|1394,2016-07-19,2015-06-18,2016-07-18,src_m2_tsetmc_market,adjusted_close,traded_value_rial,shared_12_calendar_month_window_ending_on_last_eligible_trading_day_strictly_before_pair_cutoff_date
REQ0464,فاذر,1395,1396,فاذر|1395,2017-07-21,2016-06-20,2017-07-20,src_m2_tsetmc_market,adjusted_close,traded_value_rial,shared_12_calendar_month_window_ending_on_last_eligible_trading_day_strictly_before_pair_cutoff_date
REQ0465,فاذر,1396,1397,فاذر|1396,2018-07-20,2017-06-19,2018-07-19,src_m2_tsetmc_market,adjusted_close,traded_value_rial,shared_12_calendar_month_window_ending_on_last_eligible_trading_day_strictly_before_pair_cutoff_date
REQ0466,فاذر,1397,1398,فاذر|1397,2019-07-20,2018-06-19,2019-07-19,src_m2_tsetmc_market,adjusted_close,traded_value_rial,shared_12_calendar_month_window_ending_on_last_eligible_trading_day_strictly_before_pair_cutoff_date
REQ0467,فاذر,1398,1399,فاذر|1398,2020-07-19,2019-06-18,2020-07-18,src_m2_tsetmc_market,adjusted_close,traded_value_rial,shared_12_calendar_month_window_ending_on_last_eligible_trading_day_strictly_before_pair_cutoff_date
REQ0468,فایرا,1393,1394,فایرا|1393,2015-07-20,2014-06-19,2015-07-19,src_m2_tsetmc_market,adjusted_close,traded_value_rial,shared_12_calendar_month_window_ending_on_last_eligible_trading_day_strictly_before_pair_cutoff_date
REQ0469,فایرا,1394,1395,فایرا|1394,2016-07-19,2015-06-18,2016-07-18,src_m2_tsetmc_market,adjusted_close,traded_value_rial,shared_12_calendar_month_window_ending_on_last_eligible_trading_day_strictly_before_pair_cutoff_date
REQ0470,فایرا,1395,1396,فایرا|1395,2017-07-21,2016-06-20,2017-07-20,src_m2_tsetmc_market,adjusted_close,traded_value_rial,shared_12_calendar_month_window_ending_on_last_eligible_trading_day_strictly_before_pair_cutoff_date
REQ0471,فایرا,1396,1397,فایرا|1396,2018-07-20,2017-06-19,2018-07-19,src_m2_tsetmc_market,adjusted_close,traded_value_rial,shared_12_calendar_month_window_ending_on_last_eligible_trading_day_strictly_before_pair_cutoff_date
REQ0472,فایرا,1397,1398,فایرا|1397,2019-07-20,2018-06-19,2019-07-19,src_m2_tsetmc_market,adjusted_close,traded_value_rial,shared_12_calendar_month_window_ending_on_last_eligible_trading_day_strictly_before_pair_cutoff_date
REQ0473,فایرا,1398,1399,فایرا|1398,2020-07-19,2019-06-18,2020-07-18,src_m2_tsetmc_market,adjusted_close,traded_value_rial,shared_12_calendar_month_window_ending_on_last_eligible_trading_day_strictly_before_pair_cutoff_date
REQ0474,فباهنر,1393,1394,فباهنر|1393,2015-07-20,2014-06-19,2015-07-19,src_m2_tsetmc_market,adjusted_close,traded_value_rial,shared_12_calendar_month_window_ending_on_last_eligible_trading_day_strictly_before_pair_cutoff_date
REQ0475,فباهنر,1394,1395,فباهنر|1394,2016-07-19,2015-06-18,2016-07-18,src_m2_tsetmc_market,adjusted_close,traded_value_rial,shared_12_calendar_month_window_ending_on_last_eligible_trading_day_strictly_before_pair_cutoff_date
REQ0476,فباهنر,1395,1396,فباهنر|1395,2017-07-21,2016-06-20,2017-07-20,src_m2_tsetmc_market,adjusted_close,traded_value_rial,shared_12_calendar_month_window_ending_on_last_eligible_trading_day_strictly_before_pair_cutoff_date
REQ0477,فباهنر,1396,1397,فباهنر|1396,2018-07-20,2017-06-19,2018-07-19,src_m2_tsetmc_market,adjusted_close,traded_value_rial,shared_12_calendar_month_window_ending_on_last_eligible_trading_day_strictly_before_pair_cutoff_date
REQ0478,فباهنر,1397,1398,فباهنر|1397,2019-07-20,2018-06-19,2019-07-19,src_m2_tsetmc_market,adjusted_close,traded_value_rial,shared_12_calendar_month_window_ending_on_last_eligible_trading_day_strictly_before_pair_cutoff_date
REQ0479,فباهنر,1398,1399,فباهنر|1398,2020-07-19,2019-06-18,2020-07-18,src_m2_tsetmc_market,adjusted_close,traded_value_rial,shared_12_calendar_month_window_ending_on_last_eligible_trading_day_strictly_before_pair_cutoff_date
REQ0480,فجام,1393,1394,فجام|1393,2015-07-20,2014-06-19,2015-07-19,src_m2_tsetmc_market,adjusted_close,traded_value_rial,shared_12_calendar_month_window_ending_on_last_eligible_trading_day_strictly_before_pair_cutoff_date
REQ0481,فجام,1394,1395,فجام|1394,2016-07-19,2015-06-18,2016-07-18,src_m2_tsetmc_market,adjusted_close,traded_value_rial,shared_12_calendar_month_window_ending_on_last_eligible_trading_day_strictly_before_pair_cutoff_date
REQ0482,فجام,1395,1396,فجام|1395,2017-07-21,2016-06-20,2017-07-20,src_m2_tsetmc_market,adjusted_close,traded_value_rial,shared_12_calendar_month_window_ending_on_last_eligible_trading_day_strictly_before_pair_cutoff_date
REQ0483,فجام,1396,1397,فجام|1396,2018-07-20,2017-06-19,2018-07-19,src_m2_tsetmc_market,adjusted_close,traded_value_rial,shared_12_calendar_month_window_ending_on_last_eligible_trading_day_strictly_before_pair_cutoff_date
REQ0484,فجام,1397,1398,فجام|1397,2019-07-20,2018-06-19,2019-07-19,src_m2_tsetmc_market,adjusted_close,traded_value_rial,shared_12_calendar_month_window_ending_on_last_eligible_trading_day_strictly_before_pair_cutoff_date
REQ0485,فجام,1398,1399,فجام|1398,2020-07-19,2019-06-18,2020-07-18,src_m2_tsetmc_market,adjusted_close,traded_value_rial,shared_12_calendar_month_window_ending_on_last_eligible_trading_day_strictly_before_pair_cutoff_date
REQ0486,فجر,1393,1394,فجر|1393,2015-07-20,2014-06-19,2015-07-19,src_m2_tsetmc_market,adjusted_close,traded_value_rial,shared_12_calendar_month_window_ending_on_last_eligible_trading_day_strictly_before_pair_cutoff_date
REQ0487,فجر,1394,1395,فجر|1394,2016-07-19,2015-06-18,2016-07-18,src_m2_tsetmc_market,adjusted_close,traded_value_rial,shared_12_calendar_month_window_ending_on_last_eligible_trading_day_strictly_before_pair_cutoff_date
REQ0488,فجر,1395,1396,فجر|1395,2017-07-21,2016-06-20,2017-07-20,src_m2_tsetmc_market,adjusted_close,traded_value_rial,shared_12_calendar_month_window_ending_on_last_eligible_trading_day_strictly_before_pair_cutoff_date
REQ0489,فجر,1396,1397,فجر|1396,2018-07-20,2017-06-19,2018-07-19,src_m2_tsetmc_market,adjusted_close,traded_value_rial,shared_12_calendar_month_window_ending_on_last_eligible_trading_day_strictly_before_pair_cutoff_date
REQ0490,فجر,1397,1398,فجر|1397,2019-07-20,2018-06-19,2019-07-19,src_m2_tsetmc_market,adjusted_close,traded_value_rial,shared_12_calendar_month_window_ending_on_last_eligible_trading_day_strictly_before_pair_cutoff_date
REQ0491,فجر,1398,1399,فجر|1398,2020-07-19,2019-06-18,2020-07-18,src_m2_tsetmc_market,adjusted_close,traded_value_rial,shared_12_calendar_month_window_ending_on_last_eligible_trading_day_strictly_before_pair_cutoff_date
REQ0492,فخوز,1393,1394,فخوز|1393,2015-07-20,2014-06-19,2015-07-19,src_m2_tsetmc_market,adjusted_close,traded_value_rial,shared_12_calendar_month_window_ending_on_last_eligible_trading_day_strictly_before_pair_cutoff_date
REQ0493,فخوز,1394,1395,فخوز|1394,2016-07-19,2015-06-18,2016-07-18,src_m2_tsetmc_market,adjusted_close,traded_value_rial,shared_12_calendar_month_window_ending_on_last_eligible_trading_day_strictly_before_pair_cutoff_date
REQ0494,فخوز,1395,1396,فخوز|1395,2017-07-21,2016-06-20,2017-07-20,src_m2_tsetmc_market,adjusted_close,traded_value_rial,shared_12_calendar_month_window_ending_on_last_eligible_trading_day_strictly_before_pair_cutoff_date
REQ0495,فخوز,1396,1397,فخوز|1396,2018-07-20,2017-06-19,2018-07-19,src_m2_tsetmc_market,adjusted_close,traded_value_rial,shared_12_calendar_month_window_ending_on_last_eligible_trading_day_strictly_before_pair_cutoff_date
REQ0496,فخوز,1397,1398,فخوز|1397,2019-07-20,2018-06-19,2019-07-19,src_m2_tsetmc_market,adjusted_close,traded_value_rial,shared_12_calendar_month_window_ending_on_last_eligible_trading_day_strictly_before_pair_cutoff_date
REQ0497,فخوز,1398,1399,فخوز|1398,2020-07-19,2019-06-18,2020-07-18,src_m2_tsetmc_market,adjusted_close,traded_value_rial,shared_12_calendar_month_window_ending_on_last_eligible_trading_day_strictly_before_pair_cutoff_date
REQ0498,فرآور,1393,1394,فرآور|1393,2015-07-20,2014-06-19,2015-07-19,src_m2_tsetmc_market,adjusted_close,traded_value_rial,shared_12_calendar_month_window_ending_on_last_eligible_trading_day_strictly_before_pair_cutoff_date
REQ0499,فرآور,1394,1395,فرآور|1394,2016-07-19,2015-06-18,2016-07-18,src_m2_tsetmc_market,adjusted_close,traded_value_rial,shared_12_calendar_month_window_ending_on_last_eligible_trading_day_strictly_before_pair_cutoff_date
REQ0500,فرآور,1395,1396,فرآور|1395,2017-07-21,2016-06-20,2017-07-20,src_m2_tsetmc_market,adjusted_close,traded_value_rial,shared_12_calendar_month_window_ending_on_last_eligible_trading_day_strictly_before_pair_cutoff_date
REQ0501,فرآور,1396,1397,فرآور|1396,2018-07-20,2017-06-19,2018-07-19,src_m2_tsetmc_market,adjusted_close,traded_value_rial,shared_12_calendar_month_window_ending_on_last_eligible_trading_day_strictly_before_pair_cutoff_date
REQ0502,فرآور,1397,1398,فرآور|1397,2019-07-20,2018-06-19,2019-07-19,src_m2_tsetmc_market,adjusted_close,traded_value_rial,shared_12_calendar_month_window_ending_on_last_eligible_trading_day_strictly_before_pair_cutoff_date
REQ0503,فرآور,1398,1399,فرآور|1398,2020-07-19,2019-06-18,2020-07-18,src_m2_tsetmc_market,adjusted_close,traded_value_rial,shared_12_calendar_month_window_ending_on_last_eligible_trading_day_strictly_before_pair_cutoff_date
REQ0504,فسرب,1393,1394,فسرب|1393,2015-07-20,2014-06-19,2015-07-19,src_m2_tsetmc_market,adjusted_close,traded_value_rial,shared_12_calendar_month_window_ending_on_last_eligible_trading_day_strictly_before_pair_cutoff_date
REQ0505,فسرب,1394,1395,فسرب|1394,2016-07-19,2015-06-18,2016-07-18,src_m2_tsetmc_market,adjusted_close,traded_value_rial,shared_12_calendar_month_window_ending_on_last_eligible_trading_day_strictly_before_pair_cutoff_date
REQ0506,فسرب,1395,1396,فسرب|1395,2017-07-21,2016-06-20,2017-07-20,src_m2_tsetmc_market,adjusted_close,traded_value_rial,shared_12_calendar_month_window_ending_on_last_eligible_trading_day_strictly_before_pair_cutoff_date
REQ0507,فسرب,1396,1397,فسرب|1396,2018-07-20,2017-06-19,2018-07-19,src_m2_tsetmc_market,adjusted_close,traded_value_rial,shared_12_calendar_month_window_ending_on_last_eligible_trading_day_strictly_before_pair_cutoff_date
REQ0508,فسرب,1397,1398,فسرب|1397,2019-07-20,2018-06-19,2019-07-19,src_m2_tsetmc_market,adjusted_close,traded_value_rial,shared_12_calendar_month_window_ending_on_last_eligible_trading_day_strictly_before_pair_cutoff_date
REQ0509,فسرب,1398,1399,فسرب|1398,2020-07-19,2019-06-18,2020-07-18,src_m2_tsetmc_market,adjusted_close,traded_value_rial,shared_12_calendar_month_window_ending_on_last_eligible_trading_day_strictly_before_pair_cutoff_date
REQ0510,فسپا,1393,1394,فسپا|1393,2015-07-20,2014-06-19,2015-07-19,src_m2_tsetmc_market,adjusted_close,traded_value_rial,shared_12_calendar_month_window_ending_on_last_eligible_trading_day_strictly_before_pair_cutoff_date
REQ0511,فسپا,1394,1395,فسپا|1394,2016-07-19,2015-06-18,2016-07-18,src_m2_tsetmc_market,adjusted_close,traded_value_rial,shared_12_calendar_month_window_ending_on_last_eligible_trading_day_strictly_before_pair_cutoff_date
REQ0512,فسپا,1395,1396,فسپا|1395,2017-07-21,2016-06-20,2017-07-20,src_m2_tsetmc_market,adjusted_close,traded_value_rial,shared_12_calendar_month_window_ending_on_last_eligible_trading_day_strictly_before_pair_cutoff_date
REQ0513,فسپا,1396,1397,فسپا|1396,2018-07-20,2017-06-19,2018-07-19,src_m2_tsetmc_market,adjusted_close,traded_value_rial,shared_12_calendar_month_window_ending_on_last_eligible_trading_day_strictly_before_pair_cutoff_date
REQ0514,فسپا,1397,1398,فسپا|1397,2019-07-20,2018-06-19,2019-07-19,src_m2_tsetmc_market,adjusted_close,traded_value_rial,shared_12_calendar_month_window_ending_on_last_eligible_trading_day_strictly_before_pair_cutoff_date
REQ0515,فسپا,1398,1399,فسپا|1398,2020-07-19,2019-06-18,2020-07-18,src_m2_tsetmc_market,adjusted_close,traded_value_rial,shared_12_calendar_month_window_ending_on_last_eligible_trading_day_strictly_before_pair_cutoff_date
REQ0516,فمراد,1393,1394,فمراد|1393,2015-07-20,2014-06-19,2015-07-19,src_m2_tsetmc_market,adjusted_close,traded_value_rial,shared_12_calendar_month_window_ending_on_last_eligible_trading_day_strictly_before_pair_cutoff_date
REQ0517,فمراد,1394,1395,فمراد|1394,2016-07-19,2015-06-18,2016-07-18,src_m2_tsetmc_market,adjusted_close,traded_value_rial,shared_12_calendar_month_window_ending_on_last_eligible_trading_day_strictly_before_pair_cutoff_date
REQ0518,فمراد,1395,1396,فمراد|1395,2017-07-21,2016-06-20,2017-07-20,src_m2_tsetmc_market,adjusted_close,traded_value_rial,shared_12_calendar_month_window_ending_on_last_eligible_trading_day_strictly_before_pair_cutoff_date
REQ0519,فمراد,1396,1397,فمراد|1396,2018-07-20,2017-06-19,2018-07-19,src_m2_tsetmc_market,adjusted_close,traded_value_rial,shared_12_calendar_month_window_ending_on_last_eligible_trading_day_strictly_before_pair_cutoff_date
REQ0520,فمراد,1397,1398,فمراد|1397,2019-07-20,2018-06-19,2019-07-19,src_m2_tsetmc_market,adjusted_close,traded_value_rial,shared_12_calendar_month_window_ending_on_last_eligible_trading_day_strictly_before_pair_cutoff_date
REQ0521,فمراد,1398,1399,فمراد|1398,2020-07-19,2019-06-18,2020-07-18,src_m2_tsetmc_market,adjusted_close,traded_value_rial,shared_12_calendar_month_window_ending_on_last_eligible_trading_day_strictly_before_pair_cutoff_date
REQ0522,فملی,1393,1394,فملی|1393,2015-07-20,2014-06-19,2015-07-19,src_m2_tsetmc_market,adjusted_close,traded_value_rial,shared_12_calendar_month_window_ending_on_last_eligible_trading_day_strictly_before_pair_cutoff_date
REQ0523,فملی,1394,1395,فملی|1394,2016-07-19,2015-06-18,2016-07-18,src_m2_tsetmc_market,adjusted_close,traded_value_rial,shared_12_calendar_month_window_ending_on_last_eligible_trading_day_strictly_before_pair_cutoff_date
REQ0524,فملی,1395,1396,فملی|1395,2017-07-21,2016-06-20,2017-07-20,src_m2_tsetmc_market,adjusted_close,traded_value_rial,shared_12_calendar_month_window_ending_on_last_eligible_trading_day_strictly_before_pair_cutoff_date
REQ0525,فملی,1396,1397,فملی|1396,2018-07-20,2017-06-19,2018-07-19,src_m2_tsetmc_market,adjusted_close,traded_value_rial,shared_12_calendar_month_window_ending_on_last_eligible_trading_day_strictly_before_pair_cutoff_date
REQ0526,فملی,1397,1398,فملی|1397,2019-07-20,2018-06-19,2019-07-19,src_m2_tsetmc_market,adjusted_close,traded_value_rial,shared_12_calendar_month_window_ending_on_last_eligible_trading_day_strictly_before_pair_cutoff_date
REQ0527,فملی,1398,1399,فملی|1398,2020-07-19,2019-06-18,2020-07-18,src_m2_tsetmc_market,adjusted_close,traded_value_rial,shared_12_calendar_month_window_ending_on_last_eligible_trading_day_strictly_before_pair_cutoff_date
REQ0528,فنورد,1393,1394,فنورد|1393,2015-07-20,2014-06-19,2015-07-19,src_m2_tsetmc_market,adjusted_close,traded_value_rial,shared_12_calendar_month_window_ending_on_last_eligible_trading_day_strictly_before_pair_cutoff_date
REQ0529,فنورد,1394,1395,فنورد|1394,2016-07-19,2015-06-18,2016-07-18,src_m2_tsetmc_market,adjusted_close,traded_value_rial,shared_12_calendar_month_window_ending_on_last_eligible_trading_day_strictly_before_pair_cutoff_date
REQ0530,فنورد,1395,1396,فنورد|1395,2017-07-21,2016-06-20,2017-07-20,src_m2_tsetmc_market,adjusted_close,traded_value_rial,shared_12_calendar_month_window_ending_on_last_eligible_trading_day_strictly_before_pair_cutoff_date
REQ0531,فنورد,1396,1397,فنورد|1396,2018-07-20,2017-06-19,2018-07-19,src_m2_tsetmc_market,adjusted_close,traded_value_rial,shared_12_calendar_month_window_ending_on_last_eligible_trading_day_strictly_before_pair_cutoff_date
REQ0532,فنورد,1397,1398,فنورد|1397,2019-07-20,2018-06-19,2019-07-19,src_m2_tsetmc_market,adjusted_close,traded_value_rial,shared_12_calendar_month_window_ending_on_last_eligible_trading_day_strictly_before_pair_cutoff_date
REQ0533,فنورد,1398,1399,فنورد|1398,2020-07-19,2019-06-18,2020-07-18,src_m2_tsetmc_market,adjusted_close,traded_value_rial,shared_12_calendar_month_window_ending_on_last_eligible_trading_day_strictly_before_pair_cutoff_date
REQ0534,فولاژ,1393,1394,فولاژ|1393,2015-07-20,2014-06-19,2015-07-19,src_m2_tsetmc_market,adjusted_close,traded_value_rial,shared_12_calendar_month_window_ending_on_last_eligible_trading_day_strictly_before_pair_cutoff_date
REQ0535,فولاژ,1394,1395,فولاژ|1394,2016-07-19,2015-06-18,2016-07-18,src_m2_tsetmc_market,adjusted_close,traded_value_rial,shared_12_calendar_month_window_ending_on_last_eligible_trading_day_strictly_before_pair_cutoff_date
REQ0536,فولاژ,1395,1396,فولاژ|1395,2017-07-21,2016-06-20,2017-07-20,src_m2_tsetmc_market,adjusted_close,traded_value_rial,shared_12_calendar_month_window_ending_on_last_eligible_trading_day_strictly_before_pair_cutoff_date
REQ0537,فولاژ,1396,1397,فولاژ|1396,2018-07-20,2017-06-19,2018-07-19,src_m2_tsetmc_market,adjusted_close,traded_value_rial,shared_12_calendar_month_window_ending_on_last_eligible_trading_day_strictly_before_pair_cutoff_date
REQ0538,فولاژ,1397,1398,فولاژ|1397,2019-07-20,2018-06-19,2019-07-19,src_m2_tsetmc_market,adjusted_close,traded_value_rial,shared_12_calendar_month_window_ending_on_last_eligible_trading_day_strictly_before_pair_cutoff_date
REQ0539,فولاژ,1398,1399,فولاژ|1398,2020-07-19,2019-06-18,2020-07-18,src_m2_tsetmc_market,adjusted_close,traded_value_rial,shared_12_calendar_month_window_ending_on_last_eligible_trading_day_strictly_before_pair_cutoff_date
REQ0540,فپنتا,1393,1394,فپنتا|1393,2015-07-20,2014-06-19,2015-07-19,src_m2_tsetmc_market,adjusted_close,traded_value_rial,shared_12_calendar_month_window_ending_on_last_eligible_trading_day_strictly_before_pair_cutoff_date
REQ0541,فپنتا,1394,1395,فپنتا|1394,2016-07-19,2015-06-18,2016-07-18,src_m2_tsetmc_market,adjusted_close,traded_value_rial,shared_12_calendar_month_window_ending_on_last_eligible_trading_day_strictly_before_pair_cutoff_date
REQ0542,فپنتا,1395,1396,فپنتا|1395,2017-07-21,2016-06-20,2017-07-20,src_m2_tsetmc_market,adjusted_close,traded_value_rial,shared_12_calendar_month_window_ending_on_last_eligible_trading_day_strictly_before_pair_cutoff_date
REQ0543,فپنتا,1396,1397,فپنتا|1396,2018-07-20,2017-06-19,2018-07-19,src_m2_tsetmc_market,adjusted_close,traded_value_rial,shared_12_calendar_month_window_ending_on_last_eligible_trading_day_strictly_before_pair_cutoff_date
REQ0544,فپنتا,1397,1398,فپنتا|1397,2019-07-20,2018-06-19,2019-07-19,src_m2_tsetmc_market,adjusted_close,traded_value_rial,shared_12_calendar_month_window_ending_on_last_eligible_trading_day_strictly_before_pair_cutoff_date
REQ0545,فپنتا,1398,1399,فپنتا|1398,2020-07-19,2019-06-18,2020-07-18,src_m2_tsetmc_market,adjusted_close,traded_value_rial,shared_12_calendar_month_window_ending_on_last_eligible_trading_day_strictly_before_pair_cutoff_date
REQ0546,لابسا,1393,1394,لابسا|1393,2015-07-20,2014-06-19,2015-07-19,src_m2_tsetmc_market,adjusted_close,traded_value_rial,shared_12_calendar_month_window_ending_on_last_eligible_trading_day_strictly_before_pair_cutoff_date
REQ0547,لابسا,1394,1395,لابسا|1394,2016-07-19,2015-06-18,2016-07-18,src_m2_tsetmc_market,adjusted_close,traded_value_rial,shared_12_calendar_month_window_ending_on_last_eligible_trading_day_strictly_before_pair_cutoff_date
REQ0548,لابسا,1395,1396,لابسا|1395,2017-07-21,2016-06-20,2017-07-20,src_m2_tsetmc_market,adjusted_close,traded_value_rial,shared_12_calendar_month_window_ending_on_last_eligible_trading_day_strictly_before_pair_cutoff_date
REQ0549,لابسا,1396,1397,لابسا|1396,2018-07-20,2017-06-19,2018-07-19,src_m2_tsetmc_market,adjusted_close,traded_value_rial,shared_12_calendar_month_window_ending_on_last_eligible_trading_day_strictly_before_pair_cutoff_date
REQ0550,لابسا,1397,1398,لابسا|1397,2019-07-20,2018-06-19,2019-07-19,src_m2_tsetmc_market,adjusted_close,traded_value_rial,shared_12_calendar_month_window_ending_on_last_eligible_trading_day_strictly_before_pair_cutoff_date
REQ0551,لابسا,1398,1399,لابسا|1398,2020-07-19,2019-06-18,2020-07-18,src_m2_tsetmc_market,adjusted_close,traded_value_rial,shared_12_calendar_month_window_ending_on_last_eligible_trading_day_strictly_before_pair_cutoff_date
REQ0552,لبوتان,1393,1394,لبوتان|1393,2015-07-20,2014-06-19,2015-07-19,src_m2_tsetmc_market,adjusted_close,traded_value_rial,shared_12_calendar_month_window_ending_on_last_eligible_trading_day_strictly_before_pair_cutoff_date
REQ0553,لبوتان,1394,1395,لبوتان|1394,2016-07-19,2015-06-18,2016-07-18,src_m2_tsetmc_market,adjusted_close,traded_value_rial,shared_12_calendar_month_window_ending_on_last_eligible_trading_day_strictly_before_pair_cutoff_date
REQ0554,لبوتان,1395,1396,لبوتان|1395,2017-07-21,2016-06-20,2017-07-20,src_m2_tsetmc_market,adjusted_close,traded_value_rial,shared_12_calendar_month_window_ending_on_last_eligible_trading_day_strictly_before_pair_cutoff_date
REQ0555,لبوتان,1396,1397,لبوتان|1396,2018-07-20,2017-06-19,2018-07-19,src_m2_tsetmc_market,adjusted_close,traded_value_rial,shared_12_calendar_month_window_ending_on_last_eligible_trading_day_strictly_before_pair_cutoff_date
REQ0556,لبوتان,1397,1398,لبوتان|1397,2019-07-20,2018-06-19,2019-07-19,src_m2_tsetmc_market,adjusted_close,traded_value_rial,shared_12_calendar_month_window_ending_on_last_eligible_trading_day_strictly_before_pair_cutoff_date
REQ0557,لبوتان,1398,1399,لبوتان|1398,2020-07-19,2019-06-18,2020-07-18,src_m2_tsetmc_market,adjusted_close,traded_value_rial,shared_12_calendar_month_window_ending_on_last_eligible_trading_day_strictly_before_pair_cutoff_date
REQ0558,لخزر,1393,1394,لخزر|1393,2015-07-20,2014-06-19,2015-07-19,src_m2_tsetmc_market,adjusted_close,traded_value_rial,shared_12_calendar_month_window_ending_on_last_eligible_trading_day_strictly_before_pair_cutoff_date
REQ0559,لخزر,1394,1395,لخزر|1394,2016-07-19,2015-06-18,2016-07-18,src_m2_tsetmc_market,adjusted_close,traded_value_rial,shared_12_calendar_month_window_ending_on_last_eligible_trading_day_strictly_before_pair_cutoff_date
REQ0560,لخزر,1395,1396,لخزر|1395,2017-07-21,2016-06-20,2017-07-20,src_m2_tsetmc_market,adjusted_close,traded_value_rial,shared_12_calendar_month_window_ending_on_last_eligible_trading_day_strictly_before_pair_cutoff_date
REQ0561,لخزر,1396,1397,لخزر|1396,2018-07-20,2017-06-19,2018-07-19,src_m2_tsetmc_market,adjusted_close,traded_value_rial,shared_12_calendar_month_window_ending_on_last_eligible_trading_day_strictly_before_pair_cutoff_date
REQ0562,لخزر,1397,1398,لخزر|1397,2019-07-20,2018-06-19,2019-07-19,src_m2_tsetmc_market,adjusted_close,traded_value_rial,shared_12_calendar_month_window_ending_on_last_eligible_trading_day_strictly_before_pair_cutoff_date
REQ0563,لخزر,1398,1399,لخزر|1398,2020-07-19,2019-06-18,2020-07-18,src_m2_tsetmc_market,adjusted_close,traded_value_rial,shared_12_calendar_month_window_ending_on_last_eligible_trading_day_strictly_before_pair_cutoff_date
REQ0564,لسرما,1393,1394,لسرما|1393,2015-07-20,2014-06-19,2015-07-19,src_m2_tsetmc_market,adjusted_close,traded_value_rial,shared_12_calendar_month_window_ending_on_last_eligible_trading_day_strictly_before_pair_cutoff_date
REQ0565,لسرما,1394,1395,لسرما|1394,2016-07-19,2015-06-18,2016-07-18,src_m2_tsetmc_market,adjusted_close,traded_value_rial,shared_12_calendar_month_window_ending_on_last_eligible_trading_day_strictly_before_pair_cutoff_date
REQ0566,لسرما,1395,1396,لسرما|1395,2017-07-21,2016-06-20,2017-07-20,src_m2_tsetmc_market,adjusted_close,traded_value_rial,shared_12_calendar_month_window_ending_on_last_eligible_trading_day_strictly_before_pair_cutoff_date
REQ0567,لسرما,1396,1397,لسرما|1396,2018-07-20,2017-06-19,2018-07-19,src_m2_tsetmc_market,adjusted_close,traded_value_rial,shared_12_calendar_month_window_ending_on_last_eligible_trading_day_strictly_before_pair_cutoff_date
REQ0568,لسرما,1397,1398,لسرما|1397,2019-07-20,2018-06-19,2019-07-19,src_m2_tsetmc_market,adjusted_close,traded_value_rial,shared_12_calendar_month_window_ending_on_last_eligible_trading_day_strictly_before_pair_cutoff_date
REQ0569,لسرما,1398,1399,لسرما|1398,2020-07-19,2019-06-18,2020-07-18,src_m2_tsetmc_market,adjusted_close,traded_value_rial,shared_12_calendar_month_window_ending_on_last_eligible_trading_day_strictly_before_pair_cutoff_date
REQ0570,نوری,1398,1399,نوری|1398,2020-07-19,2019-06-18,2020-07-18,src_m2_tsetmc_market,adjusted_close,traded_value_rial,shared_12_calendar_month_window_ending_on_last_eligible_trading_day_strictly_before_pair_cutoff_date
REQ0571,های وب,1396,1397,های وب|1396,2018-07-20,2017-06-19,2018-07-19,src_m2_tsetmc_market,adjusted_close,traded_value_rial,shared_12_calendar_month_window_ending_on_last_eligible_trading_day_strictly_before_pair_cutoff_date
REQ0572,های وب,1397,1398,های وب|1397,2019-07-20,2018-06-19,2019-07-19,src_m2_tsetmc_market,adjusted_close,traded_value_rial,shared_12_calendar_month_window_ending_on_last_eligible_trading_day_strictly_before_pair_cutoff_date
REQ0573,های وب,1398,1399,های وب|1398,2020-07-19,2019-06-18,2020-07-18,src_m2_tsetmc_market,adjusted_close,traded_value_rial,shared_12_calendar_month_window_ending_on_last_eligible_trading_day_strictly_before_pair_cutoff_date
REQ0574,همراه,1394,1395,همراه|1394,2016-07-19,2015-06-18,2016-07-18,src_m2_tsetmc_market,adjusted_close,traded_value_rial,shared_12_calendar_month_window_ending_on_last_eligible_trading_day_strictly_before_pair_cutoff_date
REQ0575,همراه,1395,1396,همراه|1395,2017-07-21,2016-06-20,2017-07-20,src_m2_tsetmc_market,adjusted_close,traded_value_rial,shared_12_calendar_month_window_ending_on_last_eligible_trading_day_strictly_before_pair_cutoff_date
REQ0576,همراه,1396,1397,همراه|1396,2018-07-20,2017-06-19,2018-07-19,src_m2_tsetmc_market,adjusted_close,traded_value_rial,shared_12_calendar_month_window_ending_on_last_eligible_trading_day_strictly_before_pair_cutoff_date
REQ0577,همراه,1397,1398,همراه|1397,2019-07-20,2018-06-19,2019-07-19,src_m2_tsetmc_market,adjusted_close,traded_value_rial,shared_12_calendar_month_window_ending_on_last_eligible_trading_day_strictly_before_pair_cutoff_date
REQ0578,همراه,1398,1399,همراه|1398,2020-07-19,2019-06-18,2020-07-18,src_m2_tsetmc_market,adjusted_close,traded_value_rial,shared_12_calendar_month_window_ending_on_last_eligible_trading_day_strictly_before_pair_cutoff_date
REQ0579,پارس,1397,1398,پارس|1397,2019-07-20,2018-06-19,2019-07-19,src_m2_tsetmc_market,adjusted_close,traded_value_rial,shared_12_calendar_month_window_ending_on_last_eligible_trading_day_strictly_before_pair_cutoff_date
REQ0580,پارس,1398,1399,پارس|1398,2020-07-19,2019-06-18,2020-07-18,src_m2_tsetmc_market,adjusted_close,traded_value_rial,shared_12_calendar_month_window_ending_on_last_eligible_trading_day_strictly_before_pair_cutoff_date
REQ0581,پدرخش,1393,1394,پدرخش|1393,2015-07-20,2014-06-19,2015-07-19,src_m2_tsetmc_market,adjusted_close,traded_value_rial,shared_12_calendar_month_window_ending_on_last_eligible_trading_day_strictly_before_pair_cutoff_date
REQ0582,پدرخش,1394,1395,پدرخش|1394,2016-07-19,2015-06-18,2016-07-18,src_m2_tsetmc_market,adjusted_close,traded_value_rial,shared_12_calendar_month_window_ending_on_last_eligible_trading_day_strictly_before_pair_cutoff_date
REQ0583,پدرخش,1395,1396,پدرخش|1395,2017-07-21,2016-06-20,2017-07-20,src_m2_tsetmc_market,adjusted_close,traded_value_rial,shared_12_calendar_month_window_ending_on_last_eligible_trading_day_strictly_before_pair_cutoff_date
REQ0584,پدرخش,1396,1397,پدرخش|1396,2018-07-20,2017-06-19,2018-07-19,src_m2_tsetmc_market,adjusted_close,traded_value_rial,shared_12_calendar_month_window_ending_on_last_eligible_trading_day_strictly_before_pair_cutoff_date
REQ0585,پدرخش,1397,1398,پدرخش|1397,2019-07-20,2018-06-19,2019-07-19,src_m2_tsetmc_market,adjusted_close,traded_value_rial,shared_12_calendar_month_window_ending_on_last_eligible_trading_day_strictly_before_pair_cutoff_date
REQ0586,پدرخش,1398,1399,پدرخش|1398,2020-07-19,2019-06-18,2020-07-18,src_m2_tsetmc_market,adjusted_close,traded_value_rial,shared_12_calendar_month_window_ending_on_last_eligible_trading_day_strictly_before_pair_cutoff_date
REQ0587,پرداخت,1396,1397,پرداخت|1396,2018-07-20,2017-06-19,2018-07-19,src_m2_tsetmc_market,adjusted_close,traded_value_rial,shared_12_calendar_month_window_ending_on_last_eligible_trading_day_strictly_before_pair_cutoff_date
REQ0588,پرداخت,1397,1398,پرداخت|1397,2019-07-20,2018-06-19,2019-07-19,src_m2_tsetmc_market,adjusted_close,traded_value_rial,shared_12_calendar_month_window_ending_on_last_eligible_trading_day_strictly_before_pair_cutoff_date
REQ0589,پرداخت,1398,1399,پرداخت|1398,2020-07-19,2019-06-18,2020-07-18,src_m2_tsetmc_market,adjusted_close,traded_value_rial,shared_12_calendar_month_window_ending_on_last_eligible_trading_day_strictly_before_pair_cutoff_date
REQ0590,پسهند,1393,1394,پسهند|1393,2015-07-20,2014-06-19,2015-07-19,src_m2_tsetmc_market,adjusted_close,traded_value_rial,shared_12_calendar_month_window_ending_on_last_eligible_trading_day_strictly_before_pair_cutoff_date
REQ0591,پسهند,1394,1395,پسهند|1394,2016-07-19,2015-06-18,2016-07-18,src_m2_tsetmc_market,adjusted_close,traded_value_rial,shared_12_calendar_month_window_ending_on_last_eligible_trading_day_strictly_before_pair_cutoff_date
REQ0592,پسهند,1395,1396,پسهند|1395,2017-07-21,2016-06-20,2017-07-20,src_m2_tsetmc_market,adjusted_close,traded_value_rial,shared_12_calendar_month_window_ending_on_last_eligible_trading_day_strictly_before_pair_cutoff_date
REQ0593,پسهند,1396,1397,پسهند|1396,2018-07-20,2017-06-19,2018-07-19,src_m2_tsetmc_market,adjusted_close,traded_value_rial,shared_12_calendar_month_window_ending_on_last_eligible_trading_day_strictly_before_pair_cutoff_date
REQ0594,پسهند,1397,1398,پسهند|1397,2019-07-20,2018-06-19,2019-07-19,src_m2_tsetmc_market,adjusted_close,traded_value_rial,shared_12_calendar_month_window_ending_on_last_eligible_trading_day_strictly_before_pair_cutoff_date
REQ0595,پسهند,1398,1399,پسهند|1398,2020-07-19,2019-06-18,2020-07-18,src_m2_tsetmc_market,adjusted_close,traded_value_rial,shared_12_calendar_month_window_ending_on_last_eligible_trading_day_strictly_before_pair_cutoff_date
REQ0596,پلاسک,1393,1394,پلاسک|1393,2015-07-20,2014-06-19,2015-07-19,src_m2_tsetmc_market,adjusted_close,traded_value_rial,shared_12_calendar_month_window_ending_on_last_eligible_trading_day_strictly_before_pair_cutoff_date
REQ0597,پلاسک,1394,1395,پلاسک|1394,2016-07-19,2015-06-18,2016-07-18,src_m2_tsetmc_market,adjusted_close,traded_value_rial,shared_12_calendar_month_window_ending_on_last_eligible_trading_day_strictly_before_pair_cutoff_date
REQ0598,پلاسک,1395,1396,پلاسک|1395,2017-07-21,2016-06-20,2017-07-20,src_m2_tsetmc_market,adjusted_close,traded_value_rial,shared_12_calendar_month_window_ending_on_last_eligible_trading_day_strictly_before_pair_cutoff_date
REQ0599,پلاسک,1396,1397,پلاسک|1396,2018-07-20,2017-06-19,2018-07-19,src_m2_tsetmc_market,adjusted_close,traded_value_rial,shared_12_calendar_month_window_ending_on_last_eligible_trading_day_strictly_before_pair_cutoff_date
REQ0600,پلاسک,1397,1398,پلاسک|1397,2019-07-20,2018-06-19,2019-07-19,src_m2_tsetmc_market,adjusted_close,traded_value_rial,shared_12_calendar_month_window_ending_on_last_eligible_trading_day_strictly_before_pair_cutoff_date
REQ0601,پلاسک,1398,1399,پلاسک|1398,2020-07-19,2019-06-18,2020-07-18,src_m2_tsetmc_market,adjusted_close,traded_value_rial,shared_12_calendar_month_window_ending_on_last_eligible_trading_day_strictly_before_pair_cutoff_date
REQ0602,چافست,1393,1394,چافست|1393,2015-01-20,2013-12-20,2015-01-19,src_m2_tsetmc_market,adjusted_close,traded_value_rial,shared_12_calendar_month_window_ending_on_last_eligible_trading_day_strictly_before_pair_cutoff_date
REQ0603,چافست,1394,1395,چافست|1394,2016-01-20,2014-12-20,2016-01-19,src_m2_tsetmc_market,adjusted_close,traded_value_rial,shared_12_calendar_month_window_ending_on_last_eligible_trading_day_strictly_before_pair_cutoff_date
REQ0604,چافست,1395,1396,چافست|1395,2017-01-19,2015-12-19,2017-01-18,src_m2_tsetmc_market,adjusted_close,traded_value_rial,shared_12_calendar_month_window_ending_on_last_eligible_trading_day_strictly_before_pair_cutoff_date
REQ0605,چافست,1396,1397,چافست|1396,2018-01-20,2016-12-20,2018-01-19,src_m2_tsetmc_market,adjusted_close,traded_value_rial,shared_12_calendar_month_window_ending_on_last_eligible_trading_day_strictly_before_pair_cutoff_date
REQ0606,چافست,1397,1398,چافست|1397,2019-01-20,2017-12-20,2019-01-19,src_m2_tsetmc_market,adjusted_close,traded_value_rial,shared_12_calendar_month_window_ending_on_last_eligible_trading_day_strictly_before_pair_cutoff_date
REQ0607,چافست,1398,1399,چافست|1398,2020-01-20,2018-12-20,2020-01-19,src_m2_tsetmc_market,adjusted_close,traded_value_rial,shared_12_calendar_month_window_ending_on_last_eligible_trading_day_strictly_before_pair_cutoff_date
REQ0608,چکارن,1393,1394,چکارن|1393,2015-07-20,2014-06-19,2015-07-19,src_m2_tsetmc_market,adjusted_close,traded_value_rial,shared_12_calendar_month_window_ending_on_last_eligible_trading_day_strictly_before_pair_cutoff_date
REQ0609,چکارن,1394,1395,چکارن|1394,2016-07-19,2015-06-18,2016-07-18,src_m2_tsetmc_market,adjusted_close,traded_value_rial,shared_12_calendar_month_window_ending_on_last_eligible_trading_day_strictly_before_pair_cutoff_date
REQ0610,چکارن,1395,1396,چکارن|1395,2017-07-21,2016-06-20,2017-07-20,src_m2_tsetmc_market,adjusted_close,traded_value_rial,shared_12_calendar_month_window_ending_on_last_eligible_trading_day_strictly_before_pair_cutoff_date
REQ0611,چکارن,1396,1397,چکارن|1396,2018-07-20,2017-06-19,2018-07-19,src_m2_tsetmc_market,adjusted_close,traded_value_rial,shared_12_calendar_month_window_ending_on_last_eligible_trading_day_strictly_before_pair_cutoff_date
REQ0612,چکارن,1397,1398,چکارن|1397,2019-07-20,2018-06-19,2019-07-19,src_m2_tsetmc_market,adjusted_close,traded_value_rial,shared_12_calendar_month_window_ending_on_last_eligible_trading_day_strictly_before_pair_cutoff_date
REQ0613,چکارن,1398,1399,چکارن|1398,2020-07-19,2019-06-18,2020-07-18,src_m2_tsetmc_market,adjusted_close,traded_value_rial,shared_12_calendar_month_window_ending_on_last_eligible_trading_day_strictly_before_pair_cutoff_date
REQ0614,کاوه,1396,1397,کاوه|1396,2018-07-20,2017-06-19,2018-07-19,src_m2_tsetmc_market,adjusted_close,traded_value_rial,shared_12_calendar_month_window_ending_on_last_eligible_trading_day_strictly_before_pair_cutoff_date
REQ0615,کاوه,1397,1398,کاوه|1397,2019-07-20,2018-06-19,2019-07-19,src_m2_tsetmc_market,adjusted_close,traded_value_rial,shared_12_calendar_month_window_ending_on_last_eligible_trading_day_strictly_before_pair_cutoff_date
REQ0616,کاوه,1398,1399,کاوه|1398,2020-07-19,2019-06-18,2020-07-18,src_m2_tsetmc_market,adjusted_close,traded_value_rial,shared_12_calendar_month_window_ending_on_last_eligible_trading_day_strictly_before_pair_cutoff_date
REQ0617,کبافق,1392,1393,کبافق|1392,2014-07-20,2013-06-19,2014-07-19,src_m2_tsetmc_market,adjusted_close,traded_value_rial,shared_12_calendar_month_window_ending_on_last_eligible_trading_day_strictly_before_pair_cutoff_date
REQ0618,کبافق,1393,1394,کبافق|1393,2015-07-20,2014-06-19,2015-07-19,src_m2_tsetmc_market,adjusted_close,traded_value_rial,shared_12_calendar_month_window_ending_on_last_eligible_trading_day_strictly_before_pair_cutoff_date
REQ0619,کبافق,1394,1395,کبافق|1394,2016-07-19,2015-06-18,2016-07-18,src_m2_tsetmc_market,adjusted_close,traded_value_rial,shared_12_calendar_month_window_ending_on_last_eligible_trading_day_strictly_before_pair_cutoff_date
REQ0620,کبافق,1395,1396,کبافق|1395,2017-07-21,2016-06-20,2017-07-20,src_m2_tsetmc_market,adjusted_close,traded_value_rial,shared_12_calendar_month_window_ending_on_last_eligible_trading_day_strictly_before_pair_cutoff_date
REQ0621,کبافق,1396,1397,کبافق|1396,2018-07-20,2017-06-19,2018-07-19,src_m2_tsetmc_market,adjusted_close,traded_value_rial,shared_12_calendar_month_window_ending_on_last_eligible_trading_day_strictly_before_pair_cutoff_date
REQ0622,کبافق,1397,1398,کبافق|1397,2019-07-20,2018-06-19,2019-07-19,src_m2_tsetmc_market,adjusted_close,traded_value_rial,shared_12_calendar_month_window_ending_on_last_eligible_trading_day_strictly_before_pair_cutoff_date
REQ0623,کبافق,1398,1399,کبافق|1398,2020-07-19,2019-06-18,2020-07-18,src_m2_tsetmc_market,adjusted_close,traded_value_rial,shared_12_calendar_month_window_ending_on_last_eligible_trading_day_strictly_before_pair_cutoff_date
REQ0624,کرازی,1392,1393,کرازی|1392,2014-07-20,2013-06-19,2014-07-19,src_m2_tsetmc_market,adjusted_close,traded_value_rial,shared_12_calendar_month_window_ending_on_last_eligible_trading_day_strictly_before_pair_cutoff_date
REQ0625,کرازی,1393,1394,کرازی|1393,2015-07-20,2014-06-19,2015-07-19,src_m2_tsetmc_market,adjusted_close,traded_value_rial,shared_12_calendar_month_window_ending_on_last_eligible_trading_day_strictly_before_pair_cutoff_date
REQ0626,کرازی,1394,1395,کرازی|1394,2016-07-19,2015-06-18,2016-07-18,src_m2_tsetmc_market,adjusted_close,traded_value_rial,shared_12_calendar_month_window_ending_on_last_eligible_trading_day_strictly_before_pair_cutoff_date
REQ0627,کرازی,1395,1396,کرازی|1395,2017-07-21,2016-06-20,2017-07-20,src_m2_tsetmc_market,adjusted_close,traded_value_rial,shared_12_calendar_month_window_ending_on_last_eligible_trading_day_strictly_before_pair_cutoff_date
REQ0628,کرازی,1396,1397,کرازی|1396,2018-07-20,2017-06-19,2018-07-19,src_m2_tsetmc_market,adjusted_close,traded_value_rial,shared_12_calendar_month_window_ending_on_last_eligible_trading_day_strictly_before_pair_cutoff_date
REQ0629,کرازی,1397,1398,کرازی|1397,2019-07-20,2018-06-19,2019-07-19,src_m2_tsetmc_market,adjusted_close,traded_value_rial,shared_12_calendar_month_window_ending_on_last_eligible_trading_day_strictly_before_pair_cutoff_date
REQ0630,کرازی,1398,1399,کرازی|1398,2020-07-19,2019-06-18,2020-07-18,src_m2_tsetmc_market,adjusted_close,traded_value_rial,shared_12_calendar_month_window_ending_on_last_eligible_trading_day_strictly_before_pair_cutoff_date
REQ0631,کفرا,1392,1393,کفرا|1392,2014-07-20,2013-06-19,2014-07-19,src_m2_tsetmc_market,adjusted_close,traded_value_rial,shared_12_calendar_month_window_ending_on_last_eligible_trading_day_strictly_before_pair_cutoff_date
REQ0632,کفرا,1393,1394,کفرا|1393,2015-07-20,2014-06-19,2015-07-19,src_m2_tsetmc_market,adjusted_close,traded_value_rial,shared_12_calendar_month_window_ending_on_last_eligible_trading_day_strictly_before_pair_cutoff_date
REQ0633,کفرا,1394,1395,کفرا|1394,2016-07-19,2015-06-18,2016-07-18,src_m2_tsetmc_market,adjusted_close,traded_value_rial,shared_12_calendar_month_window_ending_on_last_eligible_trading_day_strictly_before_pair_cutoff_date
REQ0634,کفرا,1395,1396,کفرا|1395,2017-07-21,2016-06-20,2017-07-20,src_m2_tsetmc_market,adjusted_close,traded_value_rial,shared_12_calendar_month_window_ending_on_last_eligible_trading_day_strictly_before_pair_cutoff_date
REQ0635,کفرا,1396,1397,کفرا|1396,2018-07-20,2017-06-19,2018-07-19,src_m2_tsetmc_market,adjusted_close,traded_value_rial,shared_12_calendar_month_window_ending_on_last_eligible_trading_day_strictly_before_pair_cutoff_date
REQ0636,کفرا,1397,1398,کفرا|1397,2019-07-20,2018-06-19,2019-07-19,src_m2_tsetmc_market,adjusted_close,traded_value_rial,shared_12_calendar_month_window_ending_on_last_eligible_trading_day_strictly_before_pair_cutoff_date
REQ0637,کفرا,1398,1399,کفرا|1398,2020-07-19,2019-06-18,2020-07-18,src_m2_tsetmc_market,adjusted_close,traded_value_rial,shared_12_calendar_month_window_ending_on_last_eligible_trading_day_strictly_before_pair_cutoff_date
REQ0638,کفپارس,1392,1393,کفپارس|1392,2014-04-19,2013-03-19,2014-04-18,src_m2_tsetmc_market,adjusted_close,traded_value_rial,shared_12_calendar_month_window_ending_on_last_eligible_trading_day_strictly_before_pair_cutoff_date
REQ0639,کفپارس,1393,1394,کفپارس|1393,2015-04-19,2014-03-19,2015-04-18,src_m2_tsetmc_market,adjusted_close,traded_value_rial,shared_12_calendar_month_window_ending_on_last_eligible_trading_day_strictly_before_pair_cutoff_date
REQ0640,کفپارس,1394,1395,کفپارس|1394,2016-04-18,2015-03-18,2016-04-17,src_m2_tsetmc_market,adjusted_close,traded_value_rial,shared_12_calendar_month_window_ending_on_last_eligible_trading_day_strictly_before_pair_cutoff_date
REQ0641,کفپارس,1395,1396,کفپارس|1395,2017-04-19,2016-03-19,2017-04-18,src_m2_tsetmc_market,adjusted_close,traded_value_rial,shared_12_calendar_month_window_ending_on_last_eligible_trading_day_strictly_before_pair_cutoff_date
REQ0642,کفپارس,1396,1397,کفپارس|1396,2018-04-19,2017-03-19,2018-04-18,src_m2_tsetmc_market,adjusted_close,traded_value_rial,shared_12_calendar_month_window_ending_on_last_eligible_trading_day_strictly_before_pair_cutoff_date
REQ0643,کفپارس,1397,1398,کفپارس|1397,2019-04-19,2018-03-19,2019-04-18,src_m2_tsetmc_market,adjusted_close,traded_value_rial,shared_12_calendar_month_window_ending_on_last_eligible_trading_day_strictly_before_pair_cutoff_date
REQ0644,کفپارس,1398,1399,کفپارس|1398,2020-04-18,2019-03-18,2020-04-17,src_m2_tsetmc_market,adjusted_close,traded_value_rial,shared_12_calendar_month_window_ending_on_last_eligible_trading_day_strictly_before_pair_cutoff_date
REQ0645,کهمدا,1392,1393,کهمدا|1392,2013-10-22,2012-09-21,2013-10-21,src_m2_tsetmc_market,adjusted_close,traded_value_rial,shared_12_calendar_month_window_ending_on_last_eligible_trading_day_strictly_before_pair_cutoff_date
REQ0646,کهمدا,1393,1394,کهمدا|1393,2014-10-22,2013-09-21,2014-10-21,src_m2_tsetmc_market,adjusted_close,traded_value_rial,shared_12_calendar_month_window_ending_on_last_eligible_trading_day_strictly_before_pair_cutoff_date
REQ0647,کهمدا,1394,1395,کهمدا|1394,2015-10-22,2014-09-21,2015-10-21,src_m2_tsetmc_market,adjusted_close,traded_value_rial,shared_12_calendar_month_window_ending_on_last_eligible_trading_day_strictly_before_pair_cutoff_date
REQ0648,کهمدا,1395,1396,کهمدا|1395,2016-10-21,2015-09-20,2016-10-20,src_m2_tsetmc_market,adjusted_close,traded_value_rial,shared_12_calendar_month_window_ending_on_last_eligible_trading_day_strictly_before_pair_cutoff_date
REQ0649,کهمدا,1396,1397,کهمدا|1396,2017-10-22,2016-09-21,2017-10-21,src_m2_tsetmc_market,adjusted_close,traded_value_rial,shared_12_calendar_month_window_ending_on_last_eligible_trading_day_strictly_before_pair_cutoff_date
REQ0650,کهمدا,1397,1398,کهمدا|1397,2018-10-22,2017-09-21,2018-10-21,src_m2_tsetmc_market,adjusted_close,traded_value_rial,shared_12_calendar_month_window_ending_on_last_eligible_trading_day_strictly_before_pair_cutoff_date
REQ0651,کهمدا,1398,1399,کهمدا|1398,2019-10-22,2018-09-21,2019-10-21,src_m2_tsetmc_market,adjusted_close,traded_value_rial,shared_12_calendar_month_window_ending_on_last_eligible_trading_day_strictly_before_pair_cutoff_date
REQ0652,کویر,1398,1399,کویر|1398,2020-07-19,2019-06-18,2020-07-18,src_m2_tsetmc_market,adjusted_close,traded_value_rial,shared_12_calendar_month_window_ending_on_last_eligible_trading_day_strictly_before_pair_cutoff_date
REQ0653,کگاز,1392,1393,کگاز|1392,2014-07-20,2013-06-19,2014-07-19,src_m2_tsetmc_market,adjusted_close,traded_value_rial,shared_12_calendar_month_window_ending_on_last_eligible_trading_day_strictly_before_pair_cutoff_date
REQ0654,کگاز,1393,1394,کگاز|1393,2015-07-20,2014-06-19,2015-07-19,src_m2_tsetmc_market,adjusted_close,traded_value_rial,shared_12_calendar_month_window_ending_on_last_eligible_trading_day_strictly_before_pair_cutoff_date
REQ0655,کگاز,1394,1395,کگاز|1394,2016-07-19,2015-06-18,2016-07-18,src_m2_tsetmc_market,adjusted_close,traded_value_rial,shared_12_calendar_month_window_ending_on_last_eligible_trading_day_strictly_before_pair_cutoff_date
REQ0656,کگاز,1395,1396,کگاز|1395,2017-07-21,2016-06-20,2017-07-20,src_m2_tsetmc_market,adjusted_close,traded_value_rial,shared_12_calendar_month_window_ending_on_last_eligible_trading_day_strictly_before_pair_cutoff_date
REQ0657,کگاز,1396,1397,کگاز|1396,2018-07-20,2017-06-19,2018-07-19,src_m2_tsetmc_market,adjusted_close,traded_value_rial,shared_12_calendar_month_window_ending_on_last_eligible_trading_day_strictly_before_pair_cutoff_date
REQ0658,کگاز,1397,1398,کگاز|1397,2019-07-20,2018-06-19,2019-07-19,src_m2_tsetmc_market,adjusted_close,traded_value_rial,shared_12_calendar_month_window_ending_on_last_eligible_trading_day_strictly_before_pair_cutoff_date
REQ0659,کگاز,1398,1399,کگاز|1398,2020-07-19,2019-06-18,2020-07-18,src_m2_tsetmc_market,adjusted_close,traded_value_rial,shared_12_calendar_month_window_ending_on_last_eligible_trading_day_strictly_before_pair_cutoff_date
REQ0660,کگل,1392,1393,کگل|1392,2014-07-20,2013-06-19,2014-07-19,src_m2_tsetmc_market,adjusted_close,traded_value_rial,shared_12_calendar_month_window_ending_on_last_eligible_trading_day_strictly_before_pair_cutoff_date
REQ0661,کگل,1393,1394,کگل|1393,2015-07-20,2014-06-19,2015-07-19,src_m2_tsetmc_market,adjusted_close,traded_value_rial,shared_12_calendar_month_window_ending_on_last_eligible_trading_day_strictly_before_pair_cutoff_date
REQ0662,کگل,1394,1395,کگل|1394,2016-07-19,2015-06-18,2016-07-18,src_m2_tsetmc_market,adjusted_close,traded_value_rial,shared_12_calendar_month_window_ending_on_last_eligible_trading_day_strictly_before_pair_cutoff_date
REQ0663,کگل,1395,1396,کگل|1395,2017-07-21,2016-06-20,2017-07-20,src_m2_tsetmc_market,adjusted_close,traded_value_rial,shared_12_calendar_month_window_ending_on_last_eligible_trading_day_strictly_before_pair_cutoff_date
REQ0664,کگل,1396,1397,کگل|1396,2018-07-20,2017-06-19,2018-07-19,src_m2_tsetmc_market,adjusted_close,traded_value_rial,shared_12_calendar_month_window_ending_on_last_eligible_trading_day_strictly_before_pair_cutoff_date
REQ0665,کگل,1397,1398,کگل|1397,2019-07-20,2018-06-19,2019-07-19,src_m2_tsetmc_market,adjusted_close,traded_value_rial,shared_12_calendar_month_window_ending_on_last_eligible_trading_day_strictly_before_pair_cutoff_date
REQ0666,کگل,1398,1399,کگل|1398,2020-07-19,2019-06-18,2020-07-18,src_m2_tsetmc_market,adjusted_close,traded_value_rial,shared_12_calendar_month_window_ending_on_last_eligible_trading_day_strictly_before_pair_cutoff_date
