outer_archive,nested_archive,relative_path,filename,actual_file_type,extension,byte_size,sha256,parse_status,error_status,cell_count,payload_verdict,payload_verdict_reason,ticker_inferred,fiscal_year_inferred,fiscal_year_end_from_filename,scope_inferred,audited_marker,correction_marker,auditor_block_status,auditor_block_sheet,auditor_block_start,auditor_block_end,fye_content,fye_loc,opinion_category,opinion_evidence_kind,opinion_heading_location,opinion_paragraph_location,opinion_conflict,opinion_reject_reason,auditor_report_date,auditor_report_date_location,report_date_reject_reason,company_name
اکسل های صورت مالی کل زیپ ۱۳۹۲-۱۴۰۲.zip,اپال.zip,اپال.zip!اپال_۱۳۹۶_۱۰_۳۰_separate_ن-۱۰_صورت‌های مالی سال مالی منتهی به ۱۳۹۶_۱۰_۳۰ (حسابرسی شده).xlsx,اپال_۱۳۹۶_۱۰_۳۰_separate_ن-۱۰_صورت‌های مالی سال مالی منتهی به ۱۳۹۶_۱۰_۳۰ (حسابرسی شده).xlsx,HTML_MISLABELED_XLSX,.xlsx,105770,f17825e1ca6e68ab6ee205fbbc3b354bf8a3ac0c8abcaf711fc33bef7992204b,OK,,475,PAYLOAD_SUBSTANTIVE,,اپال,1396,1396/10/30,separate,audited,original,NOT_DETECTED,,,,1396/10/30,HTML_TABLE_1!R1C2,,,,,,NO_AUDITOR_BLOCK_DETECTED,,,NO_AUDITOR_BLOCK_DETECTED,
اکسل های صورت مالی کل زیپ ۱۳۹۲-۱۴۰۲.zip,اپال.zip,اپال.zip!اپال_۱۳۹۷_۱۰_۳۰_separate_ن-۱۰_صورت‌های مالی سال مالی منتهی به ۱۳۹۷_۱۰_۳۰ (حسابرسی شده).xlsx,اپال_۱۳۹۷_۱۰_۳۰_separate_ن-۱۰_صورت‌های مالی سال مالی منتهی به ۱۳۹۷_۱۰_۳۰ (حسابرسی شده).xlsx,HTML_MISLABELED_XLSX,.xlsx,208806,a3a59081bf4a58b49c417f0044be61cd64660b1c82a99d629480edc171d83f1f,OK,,950,PAYLOAD_SUBSTANTIVE,,اپال,1397,1397/10/30,separate,audited,original,NOT_DETECTED,,,,1397/10/30,HTML_TABLE_1!R1C2,,,,,,NO_AUDITOR_BLOCK_DETECTED,,,NO_AUDITOR_BLOCK_DETECTED,
اکسل های صورت مالی کل زیپ ۱۳۹۲-۱۴۰۲.zip,اپال.zip,اپال.zip!اپال_۱۳۹۸_۱۰_۳۰_separate_ن-۱۰_صورت‌های مالی سال مالی منتهی به ۱۳۹۸_۱۰_۳۰ (حسابرسی شده).xlsx,اپال_۱۳۹۸_۱۰_۳۰_separate_ن-۱۰_صورت‌های مالی سال مالی منتهی به ۱۳۹۸_۱۰_۳۰ (حسابرسی شده).xlsx,HTML_MISLABELED_XLSX,.xlsx,224436,07a3ed181786874a661080efdc82791f3f428990c614b394e0012c02ba88aa2f,OK,,1039,PAYLOAD_SUBSTANTIVE,,اپال,1398,1398/10/30,separate,audited,original,NOT_DETECTED,,,,1398/10/30,HTML_TABLE_1!R1C2,,,,,,NO_AUDITOR_BLOCK_DETECTED,,,NO_AUDITOR_BLOCK_DETECTED,
اکسل های صورت مالی کل زیپ ۱۳۹۲-۱۴۰۲.zip,اپال.zip,اپال.zip!اپال_۱۳۹۹_۱۰_۳۰_separate_ن-۱۰_صورت‌های مالی سال مالی منتهی به ۱۳۹۹_۱۰_۳۰ (حسابرسی شده).xlsx,اپال_۱۳۹۹_۱۰_۳۰_separate_ن-۱۰_صورت‌های مالی سال مالی منتهی به ۱۳۹۹_۱۰_۳۰ (حسابرسی شده).xlsx,HTML_MISLABELED_XLSX,.xlsx,211210,1b9397aa1c80eccf2673b538b0b0a6bbbafc1a2ccad0859485c49e773ffb5388,OK,,987,PAYLOAD_SUBSTANTIVE,,اپال,1399,1399/10/30,separate,audited,original,NOT_DETECTED,,,,1399/10/30,HTML_TABLE_2!R1C3,,,,,,NO_AUDITOR_BLOCK_DETECTED,,,NO_AUDITOR_BLOCK_DETECTED,
اکسل های صورت مالی کل زیپ ۱۳۹۲-۱۴۰۲.zip,اپال.zip,اپال.zip!اپال_۱۴۰۰_۱۰_۳۰_separate_ن-۱۰_صورت‌های مالی سال مالی منتهی به ۱۴۰۰_۱۰_۳۰ (حسابرسی شده).xlsx,اپال_۱۴۰۰_۱۰_۳۰_separate_ن-۱۰_صورت‌های مالی سال مالی منتهی به ۱۴۰۰_۱۰_۳۰ (حسابرسی شده).xlsx,HTML_MISLABELED_XLSX,.xlsx,258933,58b789dd31033529efc09d54ef847f29980016676ead1da0a0f56d309e47a9f2,OK,,1305,PAYLOAD_SUBSTANTIVE,,اپال,1400,1400/10/30,separate,audited,original,NOT_DETECTED,,,,1400/10/30,HTML_TABLE_2!R1C3,,,,,,NO_AUDITOR_BLOCK_DETECTED,,,NO_AUDITOR_BLOCK_DETECTED,
اکسل های صورت مالی کل زیپ ۱۳۹۲-۱۴۰۲.zip,اپال.zip,اپال.zip!اپال_۱۴۰۱_۱۰_۳۰_separate_ن-۱۰_صورت‌های مالی سال مالی منتهی به ۱۴۰۱_۱۰_۳۰ (حسابرسی شده).xlsx,اپال_۱۴۰۱_۱۰_۳۰_separate_ن-۱۰_صورت‌های مالی سال مالی منتهی به ۱۴۰۱_۱۰_۳۰ (حسابرسی شده).xlsx,HTML_MISLABELED_XLSX,.xlsx,305118,16ede1dcaaa17ebe6e5256d5ca545e406d677a7e32e960e1ace3f9986f9bdbdb,OK,,1545,PAYLOAD_SUBSTANTIVE,,اپال,1401,1401/10/30,separate,audited,original,NOT_DETECTED,,,,1401/10/30,HTML_TABLE_2!R1C3,,,,,,NO_AUDITOR_BLOCK_DETECTED,,,NO_AUDITOR_BLOCK_DETECTED,
اکسل های صورت مالی کل زیپ ۱۳۹۲-۱۴۰۲.zip,اپال.zip,اپال.zip!اپال_۱۴۰۲_۱۰_۳۰_separate_ن-۱۰_صورت‌های مالی سال مالی منتهی به ۱۴۰۲_۱۰_۳۰ (حسابرسی شده).xlsx,اپال_۱۴۰۲_۱۰_۳۰_separate_ن-۱۰_صورت‌های مالی سال مالی منتهی به ۱۴۰۲_۱۰_۳۰ (حسابرسی شده).xlsx,HTML_MISLABELED_XLSX,.xlsx,296405,d7de3bb1d2ff3dec2dbac96bbcdfe3a5c80b1694e18ead4cbdb9ec40618bbbd8,OK,,1488,PAYLOAD_SUBSTANTIVE,,اپال,1402,1402/10/30,separate,audited,original,NOT_DETECTED,,,,1402/10/30,HTML_TABLE_2!R1C3,,,,,,NO_AUDITOR_BLOCK_DETECTED,,,NO_AUDITOR_BLOCK_DETECTED,
اکسل های صورت مالی کل زیپ ۱۳۹۲-۱۴۰۲.zip,اردستان.zip,اردستان.zip!اردستان_۱۳۹۸_۱۲_۲۹_consolidated_ن-۱۰_صورت‌های مالی تلفیقی سال مالی منتهی به ۱۳۹۸_۱۲_۲۹ (حسابرسی شده).xlsx,اردستان_۱۳۹۸_۱۲_۲۹_consolidated_ن-۱۰_صورت‌های مالی تلفیقی سال مالی منتهی به ۱۳۹۸_۱۲_۲۹ (حسابرسی شده).xlsx,HTML_MISLABELED_XLSX,.xlsx,494332,e3fd7b443890892a500e6fc36a6312d6ce7009533b44d843eb143cec7bc0bcd0,OK,,2351,PAYLOAD_SUBSTANTIVE,,اردستان,1398,1398/12/29,consolidated,audited,original,NOT_DETECTED,,,,1398/12/29,HTML_TABLE_1!R1C2,,,,,,NO_AUDITOR_BLOCK_DETECTED,,,NO_AUDITOR_BLOCK_DETECTED,
اکسل های صورت مالی کل زیپ ۱۳۹۲-۱۴۰۲.zip,اردستان.zip,اردستان.zip!اردستان_۱۳۹۹_۱۲_۳۰_consolidated_ن-۱۰_صورت‌های مالی تلفیقی سال مالی منتهی به ۱۳۹۹_۱۲_۳۰ (حسابرسی شده).xlsx,اردستان_۱۳۹۹_۱۲_۳۰_consolidated_ن-۱۰_صورت‌های مالی تلفیقی سال مالی منتهی به ۱۳۹۹_۱۲_۳۰ (حسابرسی شده).xlsx,HTML_MISLABELED_XLSX,.xlsx,496153,53ab244dcaef8115e9c08e8414df3e7a7c8f2556a8a49dc91aea9713bd33d738,OK,,2373,PAYLOAD_SUBSTANTIVE,,اردستان,1399,1399/12/30,consolidated,audited,original,NOT_DETECTED,,,,1399/12/30,HTML_TABLE_1!R1C2,,,,,,NO_AUDITOR_BLOCK_DETECTED,,,NO_AUDITOR_BLOCK_DETECTED,
اکسل های صورت مالی کل زیپ ۱۳۹۲-۱۴۰۲.zip,اردستان.zip,اردستان.zip!اردستان_۱۳۹۹_۱۲_۳۰_consolidated_ن-۱۰_صورت‌های مالی تلفیقی سال مالی منتهی به ۱۳۹۹_۱۲_۳۰ (حسابرسی شده)(اصلاحیه).xlsx,اردستان_۱۳۹۹_۱۲_۳۰_consolidated_ن-۱۰_صورت‌های مالی تلفیقی سال مالی منتهی به ۱۳۹۹_۱۲_۳۰ (حسابرسی شده)(اصلاحیه).xlsx,HTML_MISLABELED_XLSX,.xlsx,496363,c328493d9629e21af54b7dea779425d5b519c4f21f9de5f5cb7c4dbf12c8435d,OK,,2374,PAYLOAD_SUBSTANTIVE,,اردستان,1399,1399/12/30,consolidated,audited,correction,NOT_DETECTED,,,,1399/12/30,HTML_TABLE_1!R1C2,,,,,,NO_AUDITOR_BLOCK_DETECTED,,,NO_AUDITOR_BLOCK_DETECTED,
اکسل های صورت مالی کل زیپ ۱۳۹۲-۱۴۰۲.zip,اردستان.zip,اردستان.zip!اردستان_۱۴۰۰_۱۲_۲۹_consolidated_ن-۱۰_صورت‌های مالی تلفیقی سال مالی منتهی به ۱۴۰۰_۱۲_۲۹ (حسابرسی شده).xlsx,اردستان_۱۴۰۰_۱۲_۲۹_consolidated_ن-۱۰_صورت‌های مالی تلفیقی سال مالی منتهی به ۱۴۰۰_۱۲_۲۹ (حسابرسی شده).xlsx,HTML_MISLABELED_XLSX,.xlsx,635125,fb351a5b1cbfb583697c354a70226530ada8fb09ff9b770a42f9f8c7bca42167,OK,,3077,PAYLOAD_SUBSTANTIVE,,اردستان,1400,1400/12/29,consolidated,audited,original,NOT_DETECTED,,,,1400/12/29,HTML_TABLE_1!R1C3,,,,,,NO_AUDITOR_BLOCK_DETECTED,,,NO_AUDITOR_BLOCK_DETECTED,
اکسل های صورت مالی کل زیپ ۱۳۹۲-۱۴۰۲.zip,اردستان.zip,اردستان.zip!اردستان_۱۴۰۰_۱۲_۲۹_consolidated_ن-۱۰_صورت‌های مالی تلفیقی سال مالی منتهی به ۱۴۰۰_۱۲_۲۹ (حسابرسی شده)(اصلاحیه).xlsx,اردستان_۱۴۰۰_۱۲_۲۹_consolidated_ن-۱۰_صورت‌های مالی تلفیقی سال مالی منتهی به ۱۴۰۰_۱۲_۲۹ (حسابرسی شده)(اصلاحیه).xlsx,HTML_MISLABELED_XLSX,.xlsx,3636,95931457e6b9a250cee4eb89371529c30642ed5c264168b41a3218e97ad85378,OK,,1,PAYLOAD_NON_SUBSTANTIVE,SUSPICIOUS_SMALL_PAYLOAD:3636_bytes,اردستان,1400,1400/12/29,consolidated,audited,correction,NOT_DETECTED,,,,,,,,,,,NO_AUDITOR_BLOCK_DETECTED,,,NO_AUDITOR_BLOCK_DETECTED,
اکسل های صورت مالی کل زیپ ۱۳۹۲-۱۴۰۲.zip,اردستان.zip,اردستان.zip!اردستان_۱۴۰۱_۱۲_۲۹_consolidated_ن-۱۰_صورت‌های مالی تلفیقی سال مالی منتهی به ۱۴۰۱_۱۲_۲۹ (حسابرسی شده).xlsx,اردستان_۱۴۰۱_۱۲_۲۹_consolidated_ن-۱۰_صورت‌های مالی تلفیقی سال مالی منتهی به ۱۴۰۱_۱۲_۲۹ (حسابرسی شده).xlsx,HTML_MISLABELED_XLSX,.xlsx,663441,02f1e66e79bd466d6ddc2ed0f84974346268a513f17c65885a170c7242115de3,OK,,3066,PAYLOAD_SUBSTANTIVE,,اردستان,1401,1401/12/29,consolidated,audited,original,NOT_DETECTED,,,,1401/12/29,HTML_TABLE_1!R1C2,,,,,,NO_AUDITOR_BLOCK_DETECTED,,,NO_AUDITOR_BLOCK_DETECTED,
اکسل های صورت مالی کل زیپ ۱۳۹۲-۱۴۰۲.zip,اردستان.zip,اردستان.zip!اردستان_۱۴۰۲_۱۲_۲۹_consolidated_ن-۱۰_صورت‌های مالی تلفیقی سال مالی منتهی به ۱۴۰۲_۱۲_۲۹ (حسابرسی شده).xlsx,اردستان_۱۴۰۲_۱۲_۲۹_consolidated_ن-۱۰_صورت‌های مالی تلفیقی سال مالی منتهی به ۱۴۰۲_۱۲_۲۹ (حسابرسی شده).xlsx,HTML_MISLABELED_XLSX,.xlsx,287572,0af769804f393f93407a34ffaf52487db0ef93ea221ecf4d75547bde14c2f29e,OK,,1190,PAYLOAD_SUBSTANTIVE,,اردستان,1402,1402/12/29,consolidated,audited,original,NOT_DETECTED,,,,1402/12/29,HTML_TABLE_1!R1C2,,,,,,NO_AUDITOR_BLOCK_DETECTED,,,NO_AUDITOR_BLOCK_DETECTED,
اکسل های صورت مالی کل زیپ ۱۳۹۲-۱۴۰۲.zip,اروند.zip,اروند.zip!اروند_۱۳۹۵_۱۲_۳۰_separate_ن-۱۰_صورت‌های مالی سال مالی منتهی به ۱۳۹۵_۱۲_۳۰ (حسابرسی شده).xlsx,اروند_۱۳۹۵_۱۲_۳۰_separate_ن-۱۰_صورت‌های مالی سال مالی منتهی به ۱۳۹۵_۱۲_۳۰ (حسابرسی شده).xlsx,HTML_MISLABELED_XLSX,.xlsx,123165,b588b64dc50381d71ea742d9eb1cb4ac1510ace9392895017827497186eb2d99,OK,,586,PAYLOAD_SUBSTANTIVE,,اروند,1395,1395/12/30,separate,audited,original,NOT_DETECTED,,,,1395/12/30,HTML_TABLE_1!R1C2,,,,,,NO_AUDITOR_BLOCK_DETECTED,,,NO_AUDITOR_BLOCK_DETECTED,
اکسل های صورت مالی کل زیپ ۱۳۹۲-۱۴۰۲.zip,اروند.zip,اروند.zip!اروند_۱۳۹۶_۱۲_۲۹_separate_ن-۱۰_صورت‌های مالی سال مالی منتهی به ۱۳۹۶_۱۲_۲۹ (حسابرسی شده).xlsx,اروند_۱۳۹۶_۱۲_۲۹_separate_ن-۱۰_صورت‌های مالی سال مالی منتهی به ۱۳۹۶_۱۲_۲۹ (حسابرسی شده).xlsx,HTML_MISLABELED_XLSX,.xlsx,122576,511ac4c3930b2dc04853ff6d41fea6cc9e65eb6040202000ee67332eda884eff,OK,,583,PAYLOAD_SUBSTANTIVE,,اروند,1396,1396/12/29,separate,audited,original,NOT_DETECTED,,,,1396/12/29,HTML_TABLE_1!R1C2,,,,,,NO_AUDITOR_BLOCK_DETECTED,,,NO_AUDITOR_BLOCK_DETECTED,
اکسل های صورت مالی کل زیپ ۱۳۹۲-۱۴۰۲.zip,اروند.zip,اروند.zip!اروند_۱۳۹۹_۱۲_۳۰_separate_ن-۱۰_صورت‌های مالی سال مالی منتهی به ۱۳۹۹_۱۲_۳۰ (حسابرسی شده).xlsx,اروند_۱۳۹۹_۱۲_۳۰_separate_ن-۱۰_صورت‌های مالی سال مالی منتهی به ۱۳۹۹_۱۲_۳۰ (حسابرسی شده).xlsx,HTML_MISLABELED_XLSX,.xlsx,336132,b12d2756e03d5f0ff173a148b822335cbb9dd3d5026f957a854399f7550cc18f,OK,,1638,PAYLOAD_SUBSTANTIVE,,اروند,1399,1399/12/30,separate,audited,original,NOT_DETECTED,,,,1399/12/30,HTML_TABLE_1!R1C2,,,,,,NO_AUDITOR_BLOCK_DETECTED,,,NO_AUDITOR_BLOCK_DETECTED,
اکسل های صورت مالی کل زیپ ۱۳۹۲-۱۴۰۲.zip,اروند.zip,اروند.zip!اروند_۱۴۰۰_۱۲_۲۹_separate_ن-۱۰_صورت‌های مالی سال مالی منتهی به ۱۴۰۰_۱۲_۲۹ (حسابرسی شده).xlsx,اروند_۱۴۰۰_۱۲_۲۹_separate_ن-۱۰_صورت‌های مالی سال مالی منتهی به ۱۴۰۰_۱۲_۲۹ (حسابرسی شده).xlsx,HTML_MISLABELED_XLSX,.xlsx,424647,3b6a1c2bbe6d1f490e33016e1ed9e921ad6a30674d26b6afab2be6cbefab9627,OK,,2089,PAYLOAD_SUBSTANTIVE,,اروند,1400,1400/12/29,separate,audited,original,NOT_DETECTED,,,,1400/12/29,HTML_TABLE_1!R1C2,,,,,,NO_AUDITOR_BLOCK_DETECTED,,,NO_AUDITOR_BLOCK_DETECTED,
اکسل های صورت مالی کل زیپ ۱۳۹۲-۱۴۰۲.zip,بالبر.zip,بالبر.zip!بالبر_۱۳۹۲_۰۶_۳۱_separate_ن-۱۰_صورتهای مالی سال مالی منتهی به ۱۳۹۲_۰۶_۳۱ (حسابرسی شده).xlsx,بالبر_۱۳۹۲_۰۶_۳۱_separate_ن-۱۰_صورتهای مالی سال مالی منتهی به ۱۳۹۲_۰۶_۳۱ (حسابرسی شده).xlsx,OLE2_LEGACY_EXCEL,.xlsx,90112,24f48246de21b865bd2b5897a72a9e583e4ccca34cbf7c90a0acddd0f8eddfd9,OK,,592,PAYLOAD_SUBSTANTIVE,,بالبر,1392,1392/06/31,separate,audited,original,DETECTED,Sheet1,9,114,1392/06/31,Sheet1!R6C4,مشروط,QUALIFIED_FAIR_WITH_EXCEPTION|HEADING_CELL,Sheet1!R46C14,Sheet1!R47C2,,,1392/10/23,Sheet1!R106C23,,کابل البرز
اکسل های صورت مالی کل زیپ ۱۳۹۲-۱۴۰۲.zip,بالبر.zip,بالبر.zip!بالبر_۱۳۹۳_۰۶_۳۱_separate_ن-۱۰_صورتهای مالی سال مالی منتهی به ۱۳۹۳_۰۶_۳۱ (حسابرسی شده).xlsx,بالبر_۱۳۹۳_۰۶_۳۱_separate_ن-۱۰_صورتهای مالی سال مالی منتهی به ۱۳۹۳_۰۶_۳۱ (حسابرسی شده).xlsx,OLE2_LEGACY_EXCEL,.xlsx,91136,5fbcdbe018aa97d95ded66ad184e6aac6f83fb9cbd4ab6803ac62d316ae0c9c8,OK,,594,PAYLOAD_SUBSTANTIVE,,بالبر,1393,1393/06/31,separate,audited,original,DETECTED,Sheet1,9,103,1393/06/31,Sheet1!R6C4,مشروط,QUALIFIED_FAIR_WITH_EXCEPTION|HEADING_CELL,Sheet1!R47C14,Sheet1!R48C2,,,1393/10/17,Sheet1!R95C23,,کابل البرز
اکسل های صورت مالی کل زیپ ۱۳۹۲-۱۴۰۲.zip,بالبر.zip,بالبر.zip!بالبر_۱۳۹۴_۰۶_۳۱_separate_ن-۱۰_صورت‌های مالی سال مالی منتهی به ۱۳۹۴_۰۶_۳۱ (حسابرسی شده).xlsx,بالبر_۱۳۹۴_۰۶_۳۱_separate_ن-۱۰_صورت‌های مالی سال مالی منتهی به ۱۳۹۴_۰۶_۳۱ (حسابرسی شده).xlsx,OLE2_LEGACY_EXCEL,.xlsx,84480,4f9c3d102a9943bc58514eda5329f18520f71746e625b10415a58aa1242991fb,OK,,611,PAYLOAD_SUBSTANTIVE,,بالبر,1394,1394/06/31,separate,audited,original,DETECTED,Sheet1,9,98,1394/06/31,Sheet1!R6C4,مشروط,QUALIFIED_FAIR_WITH_EXCEPTION|HEADING_CELL,Sheet1!R45C14,Sheet1!R46C2,,,1394/09/10,Sheet1!R89C23,,کابل البرز
اکسل های صورت مالی کل زیپ ۱۳۹۲-۱۴۰۲.zip,بالبر.zip,بالبر.zip!بالبر_۱۳۹۵_۰۶_۳۱_separate_ن-۱۰_صورت‌های مالی سال مالی منتهی به ۱۳۹۵_۰۶_۳۱ (حسابرسی شده).xlsx,بالبر_۱۳۹۵_۰۶_۳۱_separate_ن-۱۰_صورت‌های مالی سال مالی منتهی به ۱۳۹۵_۰۶_۳۱ (حسابرسی شده).xlsx,OLE2_LEGACY_EXCEL,.xlsx,89600,4d35cc5ececc968c889ac6122abdf593fc07d20fc5b99b21744f4f9843ec603c,OK,,651,PAYLOAD_SUBSTANTIVE,,بالبر,1395,1395/06/31,separate,audited,original,DETECTED,Sheet1,11,100,1395/06/31,Sheet1!R8C4,مشروط,QUALIFIED_FAIR_WITH_EXCEPTION|HEADING_CELL,Sheet1!R41C12,Sheet1!R42C2,,,1395/09/21,Sheet1!R91C20,,کابل البرز
اکسل های صورت مالی کل زیپ ۱۳۹۲-۱۴۰۲.zip,بالبر.zip,بالبر.zip!بالبر_۱۳۹۶_۰۶_۳۱_separate_ن-۱۰_صورت‌های مالی سال مالی منتهی به ۱۳۹۶_۰۶_۳۱ (حسابرسی شده).xlsx,بالبر_۱۳۹۶_۰۶_۳۱_separate_ن-۱۰_صورت‌های مالی سال مالی منتهی به ۱۳۹۶_۰۶_۳۱ (حسابرسی شده).xlsx,OLE2_LEGACY_EXCEL,.xlsx,86528,4706205c382cb88fb8b4e80459a352683561cb25d8202bc9865e74cba339d379,OK,,651,PAYLOAD_SUBSTANTIVE,,بالبر,1396,1396/06/31,separate,audited,original,DETECTED,Sheet1,11,93,1396/06/31,Sheet1!R8C4,مشروط,QUALIFIED_FAIR_WITH_EXCEPTION|HEADING_CELL,Sheet1!R38C12,Sheet1!R39C2,,,1396/10/02,Sheet1!R84C20,,کابل البرز
اکسل های صورت مالی کل زیپ ۱۳۹۲-۱۴۰۲.zip,بالبر.zip,بالبر.zip!بالبر_۱۳۹۷_۰۶_۳۱_separate_ن-۱۰_صورت‌های مالی سال مالی منتهی به ۱۳۹۷_۰۶_۳۱ (حسابرسی شده).xlsx,بالبر_۱۳۹۷_۰۶_۳۱_separate_ن-۱۰_صورت‌های مالی سال مالی منتهی به ۱۳۹۷_۰۶_۳۱ (حسابرسی شده).xlsx,HTML_MISLABELED_XLSX,.xlsx,113618,de1c3b6ef49ae4e440403c03079a97c985a56619ae7606c065d0c6d4f412ec29,OK,,495,PAYLOAD_SUBSTANTIVE,,بالبر,1397,1397/06/31,separate,audited,original,NOT_DETECTED,,,,1397/06/31,HTML_TABLE_1!R1C2,,,,,,NO_AUDITOR_BLOCK_DETECTED,,,NO_AUDITOR_BLOCK_DETECTED,
اکسل های صورت مالی کل زیپ ۱۳۹۲-۱۴۰۲.zip,بالبر.zip,بالبر.zip!بالبر_۱۳۹۸_۰۶_۳۱_separate_ن-۱۰_صورت‌های مالی سال مالی منتهی به ۱۳۹۸_۰۶_۳۱ (حسابرسی شده).xlsx,بالبر_۱۳۹۸_۰۶_۳۱_separate_ن-۱۰_صورت‌های مالی سال مالی منتهی به ۱۳۹۸_۰۶_۳۱ (حسابرسی شده).xlsx,HTML_MISLABELED_XLSX,.xlsx,4733,a215afaae31c900d47116cd7cd7906a3ae132fd93e0d317c06f91075d8128617,OK,,1,PAYLOAD_NON_SUBSTANTIVE,ONLY_1_CELLS,بالبر,1398,1398/06/31,separate,audited,original,NOT_DETECTED,,,,,,,,,,,NO_AUDITOR_BLOCK_DETECTED,,,NO_AUDITOR_BLOCK_DETECTED,
اکسل های صورت مالی کل زیپ ۱۳۹۲-۱۴۰۲.zip,بالبر.zip,بالبر.zip!بالبر_۱۳۹۹_۰۶_۳۱_separate_ن-۱۰_صورت‌های مالی سال مالی منتهی به ۱۳۹۹_۰۶_۳۱ (حسابرسی شده).xlsx,بالبر_۱۳۹۹_۰۶_۳۱_separate_ن-۱۰_صورت‌های مالی سال مالی منتهی به ۱۳۹۹_۰۶_۳۱ (حسابرسی شده).xlsx,HTML_MISLABELED_XLSX,.xlsx,306602,28dae681d8a4d3da15a1567dc2a7626afc74092276f4d3efdd6f0f6b640cfe74,OK,,1416,PAYLOAD_SUBSTANTIVE,,بالبر,1399,1399/06/31,separate,audited,original,NOT_DETECTED,,,,1399/06/31,HTML_TABLE_1!R1C2,,,,,,NO_AUDITOR_BLOCK_DETECTED,,,NO_AUDITOR_BLOCK_DETECTED,
اکسل های صورت مالی کل زیپ ۱۳۹۲-۱۴۰۲.zip,بالبر.zip,بالبر.zip!بالبر_۱۳۹۹_۰۶_۳۱_separate_ن-۱۰_صورت‌های مالی سال مالی منتهی به ۱۳۹۹_۰۶_۳۱ (حسابرسی شده)(اصلاحیه).xlsx,بالبر_۱۳۹۹_۰۶_۳۱_separate_ن-۱۰_صورت‌های مالی سال مالی منتهی به ۱۳۹۹_۰۶_۳۱ (حسابرسی شده)(اصلاحیه).xlsx,HTML_MISLABELED_XLSX,.xlsx,306602,0d891ebda4bfca1b51ab8541fb04ed12bad842286b5b21c2cda7a5f5646e2edf,OK,,1416,PAYLOAD_SUBSTANTIVE,,بالبر,1399,1399/06/31,separate,audited,correction,NOT_DETECTED,,,,1399/06/31,HTML_TABLE_1!R1C2,,,,,,NO_AUDITOR_BLOCK_DETECTED,,,NO_AUDITOR_BLOCK_DETECTED,
اکسل های صورت مالی کل زیپ ۱۳۹۲-۱۴۰۲.zip,بالبر.zip,بالبر.zip!بالبر_۱۴۰۰_۰۶_۳۱_separate_ن-۱۰_صورت‌های مالی سال مالی منتهی به ۱۴۰۰_۰۶_۳۱ (حسابرسی شده).xlsx,بالبر_۱۴۰۰_۰۶_۳۱_separate_ن-۱۰_صورت‌های مالی سال مالی منتهی به ۱۴۰۰_۰۶_۳۱ (حسابرسی شده).xlsx,HTML_MISLABELED_XLSX,.xlsx,368859,d599e990cfd7eecf52aa1412e5ea85b6e56ea19e2f4f61555d8395dc8b5b117e,OK,,1730,PAYLOAD_SUBSTANTIVE,,بالبر,1400,1400/06/31,separate,audited,original,NOT_DETECTED,,,,1400/06/31,HTML_TABLE_1!R1C2,,,,,,NO_AUDITOR_BLOCK_DETECTED,,,NO_AUDITOR_BLOCK_DETECTED,
اکسل های صورت مالی کل زیپ ۱۳۹۲-۱۴۰۲.zip,بالبر.zip,بالبر.zip!بالبر_۱۴۰۱_۰۶_۳۱_separate_ن-۱۰_صورت‌های مالی سال مالی منتهی به ۱۴۰۱_۰۶_۳۱ (حسابرسی شده).xlsx,بالبر_۱۴۰۱_۰۶_۳۱_separate_ن-۱۰_صورت‌های مالی سال مالی منتهی به ۱۴۰۱_۰۶_۳۱ (حسابرسی شده).xlsx,HTML_MISLABELED_XLSX,.xlsx,381964,56e8da9e8ef7c27a011a2bbf3d5652d95386acfcdbf7e684a844a306c6a55c41,OK,,1746,PAYLOAD_SUBSTANTIVE,,بالبر,1401,1401/06/31,separate,audited,original,NOT_DETECTED,,,,1401/06/31,HTML_TABLE_1!R1C2,,,,,,NO_AUDITOR_BLOCK_DETECTED,,,NO_AUDITOR_BLOCK_DETECTED,
اکسل های صورت مالی کل زیپ ۱۳۹۲-۱۴۰۲.zip,بالبر.zip,بالبر.zip!بالبر_۱۴۰۲_۰۶_۳۱_separate_ن-۱۰_صورت‌های مالی سال مالی منتهی به ۱۴۰۲_۰۶_۳۱ (حسابرسی شده).xlsx,بالبر_۱۴۰۲_۰۶_۳۱_separate_ن-۱۰_صورت‌های مالی سال مالی منتهی به ۱۴۰۲_۰۶_۳۱ (حسابرسی شده).xlsx,HTML_MISLABELED_XLSX,.xlsx,399267,ad3d5b644e267b4f05312f4566476403b935fef0b8d7bea21e98ec9f7252a9bd,OK,,1840,PAYLOAD_SUBSTANTIVE,,بالبر,1402,1402/06/31,separate,audited,original,NOT_DETECTED,,,,1402/06/31,HTML_TABLE_1!R1C2,,,,,,NO_AUDITOR_BLOCK_DETECTED,,,NO_AUDITOR_BLOCK_DETECTED,آفرنگان کابل
اکسل های صورت مالی کل زیپ ۱۳۹۲-۱۴۰۲.zip,بالبر.zip,بالبر.zip!بالبر_۱۴۰۳_۰۶_۳۱_separate_ن-۱۰_صورت‌های مالی سال مالی منتهی به ۱۴۰۳_۰۶_۳۱ (حسابرسی شده).xlsx,بالبر_۱۴۰۳_۰۶_۳۱_separate_ن-۱۰_صورت‌های مالی سال مالی منتهی به ۱۴۰۳_۰۶_۳۱ (حسابرسی شده).xlsx,HTML_MISLABELED_XLSX,.xlsx,405481,d8fa5eaf3451309bcdbc28ac5ebed8f80b36b106c9035c37ba1b1f3bd107684d,OK,,1887,PAYLOAD_SUBSTANTIVE,,بالبر,1403,1403/06/31,separate,audited,original,NOT_DETECTED,,,,1403/06/31,HTML_TABLE_1!R1C2,,,,,,NO_AUDITOR_BLOCK_DETECTED,,,NO_AUDITOR_BLOCK_DETECTED,
اکسل های صورت مالی کل زیپ ۱۳۹۲-۱۴۰۲.zip,بترانس.zip,بترانس.zip!بترانس_۱۳۹۱_۱۲_۳۰_separate_ن-۱۰_صورتهای مالی سال مالی منتهی به ۱۳۹۱_۱۲_۳۰ (حسابرسی شده).xlsx,بترانس_۱۳۹۱_۱۲_۳۰_separate_ن-۱۰_صورتهای مالی سال مالی منتهی به ۱۳۹۱_۱۲_۳۰ (حسابرسی شده).xlsx,OLE2_LEGACY_EXCEL,.xlsx,59904,5f3571518f1852dccb1ef79feeadc4cba958bf09bd8d81ddd66f4041b3ce346c,OK,,450,PAYLOAD_SUBSTANTIVE,,بترانس,1391,1391/12/30,separate,audited,original,DETECTED,Sheet1,9,81,1391/12/30,Sheet1!R6C4,مقبول,UNQUALIFIED_FAIR_FORMULA|HEADING_CELL,Sheet1!R28C14,Sheet1!R29C2,,,1392/03/25,Sheet1!R73C23,,
اکسل های صورت مالی کل زیپ ۱۳۹۲-۱۴۰۲.zip,بترانس.zip,بترانس.zip!بترانس_۱۳۹۲_۱۲_۲۹_separate_ن-۱۰_صورتهای مالی سال مالی منتهی به ۱۳۹۲_۱۲_۲۹ (حسابرسی شده).xlsx,بترانس_۱۳۹۲_۱۲_۲۹_separate_ن-۱۰_صورتهای مالی سال مالی منتهی به ۱۳۹۲_۱۲_۲۹ (حسابرسی شده).xlsx,OLE2_LEGACY_EXCEL,.xlsx,91648,e5ba3d93855262e775a3d0dbb144659fabe2d337015d38fc5c0584a9576bdc41,OK,,575,PAYLOAD_SUBSTANTIVE,,بترانس,1392,1392/12/29,separate,audited,original,DETECTED,Sheet1,9,123,1392/12/29,Sheet1!R6C4,مشروط,QUALIFIED_FAIR_WITH_EXCEPTION|HEADING_CELL,Sheet1!R45C14,Sheet1!R46C2,,,1393/04/10,Sheet1!R114C23,,ایران ترانسفو
اکسل های صورت مالی کل زیپ ۱۳۹۲-۱۴۰۲.zip,بترانس.zip,بترانس.zip!بترانس_۱۳۹۳_۱۲_۲۹_separate_ن-۱۰_صورتهای مالی سال مالی منتهی به ۱۳۹۳_۱۲_۲۹ (حسابرسی شده).xlsx,بترانس_۱۳۹۳_۱۲_۲۹_separate_ن-۱۰_صورتهای مالی سال مالی منتهی به ۱۳۹۳_۱۲_۲۹ (حسابرسی شده).xlsx,OLE2_LEGACY_EXCEL,.xlsx,85504,8518139b111dc5005ab347933a026fd3a3f4ca0062d4f9ab6488ff4e8d6dbdd0,OK,,602,PAYLOAD_SUBSTANTIVE,,بترانس,1393,1393/12/29,separate,audited,original,DETECTED,Sheet1,9,111,1393/12/29,Sheet1!R6C4,مقبول,UNQUALIFIED_FAIR_FORMULA|HEADING_CELL,Sheet1!R30C14,Sheet1!R31C2,,,1394/03/24,Sheet1!R102C23,,ایران ترانسفو
اکسل های صورت مالی کل زیپ ۱۳۹۲-۱۴۰۲.zip,بترانس.zip,بترانس.zip!بترانس_۱۳۹۴_۱۲_۲۹_consolidated_ن-۱۰_صورت‌های مالی تلفیقی سال مالی منتهی به ۱۳۹۴_۱۲_۲۹ (حسابرسی شده).xlsx,بترانس_۱۳۹۴_۱۲_۲۹_consolidated_ن-۱۰_صورت‌های مالی تلفیقی سال مالی منتهی به ۱۳۹۴_۱۲_۲۹ (حسابرسی شده).xlsx,OLE2_LEGACY_EXCEL,.xlsx,148992,4d7b26cd7944a7df9c078d967c62931ad37a7cf965013cf32f556e2316d2e8b4,OK,,1403,PAYLOAD_SUBSTANTIVE,,بترانس,1394,1394/12/29,consolidated,audited,original,DETECTED,Sheet1,9,110,1394/12/29,Sheet1!R6C4,مشروط,QUALIFIED_FAIR_WITH_EXCEPTION|HEADING_CELL,Sheet1!R36C14,Sheet1!R37C2,,,1395/04/13,Sheet1!R101C23,,ایران ترانسفو
اکسل های صورت مالی کل زیپ ۱۳۹۲-۱۴۰۲.zip,بترانس.zip,بترانس.zip!بترانس_۱۳۹۵_۱۲_۳۰_consolidated_ن-۱۰_صورت‌های مالی تلفیقی سال مالی منتهی به ۱۳۹۵_۱۲_۳۰ (حسابرسی شده).xlsx,بترانس_۱۳۹۵_۱۲_۳۰_consolidated_ن-۱۰_صورت‌های مالی تلفیقی سال مالی منتهی به ۱۳۹۵_۱۲_۳۰ (حسابرسی شده).xlsx,OLE2_LEGACY_EXCEL,.xlsx,138752,58c082e8a77af4c5ccf19249f1728ef0abd3e031877d4a936bb8fb43ca75629e,OK,,1405,PAYLOAD_SUBSTANTIVE,,بترانس,1395,1395/12/30,consolidated,audited,original,DETECTED,Sheet1,11,89,1395/12/30,Sheet1!R8C4,مشروط,QUALIFIED_FAIR_WITH_EXCEPTION|HEADING_CELL,Sheet1!R43C12,Sheet1!R44C2,,,1396/03/10,Sheet1!R81C20,,ایران ترانسفو
اکسل های صورت مالی کل زیپ ۱۳۹۲-۱۴۰۲.zip,بترانس.zip,بترانس.zip!بترانس_۱۳۹۶_۱۲_۲۹_consolidated_ن-۱۰_صورت‌های مالی تلفیقی سال مالی منتهی به ۱۳۹۶_۱۲_۲۹ (حسابرسی شده).xlsx,بترانس_۱۳۹۶_۱۲_۲۹_consolidated_ن-۱۰_صورت‌های مالی تلفیقی سال مالی منتهی به ۱۳۹۶_۱۲_۲۹ (حسابرسی شده).xlsx,OLE2_LEGACY_EXCEL,.xlsx,138240,3c62eabc05b56cff622268774a832221683a62bbf1becb7d15dd616ef1640245,OK,,1404,PAYLOAD_SUBSTANTIVE,,بترانس,1396,1396/12/29,consolidated,audited,original,DETECTED,Sheet1,11,90,1396/12/29,Sheet1!R8C4,مشروط,QUALIFIED_FAIR_WITH_EXCEPTION|HEADING_CELL,Sheet1!R43C12,Sheet1!R44C2,,,1397/03/13,Sheet1!R82C20,,ایران ترانسفو
اکسل های صورت مالی کل زیپ ۱۳۹۲-۱۴۰۲.zip,بترانس.zip,بترانس.zip!بترانس_۱۳۹۷_۱۲_۲۹_consolidated_ن-۱۰_صورت‌های مالی تلفیقی سال مالی منتهی به ۱۳۹۷_۱۲_۲۹ (حسابرسی شده).xlsx,بترانس_۱۳۹۷_۱۲_۲۹_consolidated_ن-۱۰_صورت‌های مالی تلفیقی سال مالی منتهی به ۱۳۹۷_۱۲_۲۹ (حسابرسی شده).xlsx,HTML_MISLABELED_XLSX,.xlsx,235509,65ded05e66909d87d93579520866618d1e59bd9be304031d6535c6ec81ebc7a3,OK,,1045,PAYLOAD_SUBSTANTIVE,,بترانس,1397,1397/12/29,consolidated,audited,original,NOT_DETECTED,,,,1397/12/29,HTML_TABLE_1!R1C2,,,,,,NO_AUDITOR_BLOCK_DETECTED,,,NO_AUDITOR_BLOCK_DETECTED,
اکسل های صورت مالی کل زیپ ۱۳۹۲-۱۴۰۲.zip,بترانس.zip,بترانس.zip!بترانس_۱۳۹۸_۱۲_۲۹_consolidated_ن-۱۰_صورت‌های مالی تلفیقی سال مالی منتهی به ۱۳۹۸_۱۲_۲۹ (حسابرسی شده).xlsx,بترانس_۱۳۹۸_۱۲_۲۹_consolidated_ن-۱۰_صورت‌های مالی تلفیقی سال مالی منتهی به ۱۳۹۸_۱۲_۲۹ (حسابرسی شده).xlsx,HTML_MISLABELED_XLSX,.xlsx,502738,1dddedee88d29e0ed4aa2d6763d33f70c2a124aef1d3aa1ed34d93c45d9a7c69,OK,,2356,PAYLOAD_SUBSTANTIVE,,بترانس,1398,1398/12/29,consolidated,audited,original,NOT_DETECTED,,,,1398/12/29,HTML_TABLE_1!R1C2,,,,,,NO_AUDITOR_BLOCK_DETECTED,,,NO_AUDITOR_BLOCK_DETECTED,
اکسل های صورت مالی کل زیپ ۱۳۹۲-۱۴۰۲.zip,بترانس.zip,بترانس.zip!بترانس_۱۳۹۹_۱۲_۳۰_consolidated_ن-۱۰_صورت‌های مالی تلفیقی سال مالی منتهی به ۱۳۹۹_۱۲_۳۰ (حسابرسی شده).xlsx,بترانس_۱۳۹۹_۱۲_۳۰_consolidated_ن-۱۰_صورت‌های مالی تلفیقی سال مالی منتهی به ۱۳۹۹_۱۲_۳۰ (حسابرسی شده).xlsx,HTML_MISLABELED_XLSX,.xlsx,511515,15c83ce1b74b2d740b7f1cb005fa0177031d03d5f980522a8f96379b606bdd60,OK,,2414,PAYLOAD_SUBSTANTIVE,,بترانس,1399,1399/12/30,consolidated,audited,original,NOT_DETECTED,,,,1399/12/30,HTML_TABLE_1!R1C2,,,,,,NO_AUDITOR_BLOCK_DETECTED,,,NO_AUDITOR_BLOCK_DETECTED,
اکسل های صورت مالی کل زیپ ۱۳۹۲-۱۴۰۲.zip,بترانس.zip,بترانس.zip!بترانس_۱۴۰۰_۱۲_۲۹_consolidated_ن-۱۰_صورت‌های مالی تلفیقی سال مالی منتهی به ۱۴۰۰_۱۲_۲۹ (حسابرسی شده).xlsx,بترانس_۱۴۰۰_۱۲_۲۹_consolidated_ن-۱۰_صورت‌های مالی تلفیقی سال مالی منتهی به ۱۴۰۰_۱۲_۲۹ (حسابرسی شده).xlsx,HTML_MISLABELED_XLSX,.xlsx,585716,009f920f6358ff404d5e5cb3d6f1b53936bd0cfb74263a267144f09160ccbb1c,OK,,2746,PAYLOAD_SUBSTANTIVE,,بترانس,1400,1400/12/29,consolidated,audited,original,NOT_DETECTED,,,,1400/12/29,HTML_TABLE_1!R1C2,,,,,,NO_AUDITOR_BLOCK_DETECTED,,,NO_AUDITOR_BLOCK_DETECTED,
اکسل های صورت مالی کل زیپ ۱۳۹۲-۱۴۰۲.zip,بترانس.zip,بترانس.zip!بترانس_۱۴۰۱_۱۲_۲۹_consolidated_ن-۱۰_صورت‌های مالی تلفیقی سال مالی منتهی به ۱۴۰۱_۱۲_۲۹ (حسابرسی شده).xlsx,بترانس_۱۴۰۱_۱۲_۲۹_consolidated_ن-۱۰_صورت‌های مالی تلفیقی سال مالی منتهی به ۱۴۰۱_۱۲_۲۹ (حسابرسی شده).xlsx,HTML_MISLABELED_XLSX,.xlsx,674627,0cb5975a47c0a2225b6f5d9aff44bdb122d294115765a77bd9e5f0e0d3160165,OK,,3074,PAYLOAD_SUBSTANTIVE,,بترانس,1401,1401/12/29,consolidated,audited,original,NOT_DETECTED,,,,1401/12/29,HTML_TABLE_1!R1C2,,,,,,NO_AUDITOR_BLOCK_DETECTED,,,NO_AUDITOR_BLOCK_DETECTED,
اکسل های صورت مالی کل زیپ ۱۳۹۲-۱۴۰۲.zip,بترانس.zip,بترانس.zip!بترانس_۱۴۰۲_۱۲_۲۹_consolidated_ن-۱۰_صورت‌های مالی تلفیقی سال مالی منتهی به ۱۴۰۲_۱۲_۲۹ (حسابرسی شده).xlsx,بترانس_۱۴۰۲_۱۲_۲۹_consolidated_ن-۱۰_صورت‌های مالی تلفیقی سال مالی منتهی به ۱۴۰۲_۱۲_۲۹ (حسابرسی شده).xlsx,HTML_MISLABELED_XLSX,.xlsx,363949,e36e65451ed13ad3d21e712507a7944b22fe7ef9e3c579d52293b9eba7a8d249,OK,,1616,PAYLOAD_SUBSTANTIVE,,بترانس,1402,1402/12/29,consolidated,audited,original,NOT_DETECTED,,,,1402/12/29,HTML_TABLE_1!R22C1,,,,,,NO_AUDITOR_BLOCK_DETECTED,,,NO_AUDITOR_BLOCK_DETECTED,
اکسل های صورت مالی کل زیپ ۱۳۹۲-۱۴۰۲.zip,بركت.zip,بركت.zip!بركت_۱۳۹۴_۱۲_۲۹_separate_ن-۱۰_صورت‌های مالی سال مالی منتهی به ۱۳۹۴_۱۲_۲۹ (حسابرسی شده).xlsx,بركت_۱۳۹۴_۱۲_۲۹_separate_ن-۱۰_صورت‌های مالی سال مالی منتهی به ۱۳۹۴_۱۲_۲۹ (حسابرسی شده).xlsx,OLE2_LEGACY_EXCEL,.xlsx,80896,aca0cabfdc4b253e530746690fc0e16441b5bb9ab144879cc780d355b5bd5206,OK,,782,PAYLOAD_SUBSTANTIVE,,برکت,1394,1394/12/29,separate,audited,original,DETECTED,Sheet1,11,55,1394/12/29,Sheet1!R8C4,مقبول,UNQUALIFIED_FAIR_FORMULA|HEADING_CELL,Sheet1!R29C12,Sheet1!R30C2,,,1395/03/25,Sheet1!R46C20,,دارویی برکت
اکسل های صورت مالی کل زیپ ۱۳۹۲-۱۴۰۲.zip,بركت.zip,بركت.zip!بركت_۱۳۹۵_۱۲_۳۰_separate_ن-۱۰_صورت‌های مالی سال مالی منتهی به ۱۳۹۵_۱۲_۳۰ (حسابرسی شده).xlsx,بركت_۱۳۹۵_۱۲_۳۰_separate_ن-۱۰_صورت‌های مالی سال مالی منتهی به ۱۳۹۵_۱۲_۳۰ (حسابرسی شده).xlsx,OLE2_LEGACY_EXCEL,.xlsx,82432,ee9b46579e1a8da4259785671b6f5feb2d8379af56d0e83c3506f556b9e11b37,OK,,803,PAYLOAD_SUBSTANTIVE,,برکت,1395,1395/12/30,separate,audited,original,DETECTED,Sheet1,11,58,1395/12/30,Sheet1!R8C4,مقبول,UNQUALIFIED_FAIR_FORMULA|HEADING_CELL,Sheet1!R29C12,Sheet1!R30C2,,,1396/04/01,Sheet1!R49C20,,گروه دارویی برکت
اکسل های صورت مالی کل زیپ ۱۳۹۲-۱۴۰۲.zip,بركت.zip,بركت.zip!بركت_۱۳۹۶_۱۲_۲۹_separate_ن-۱۰_صورت‌های مالی سال مالی منتهی به ۱۳۹۶_۱۲_۲۹ (حسابرسی شده).xlsx,بركت_۱۳۹۶_۱۲_۲۹_separate_ن-۱۰_صورت‌های مالی سال مالی منتهی به ۱۳۹۶_۱۲_۲۹ (حسابرسی شده).xlsx,OLE2_LEGACY_EXCEL,.xlsx,86528,944851f9bf477028d36d52ed333afdad6b70087634ae97b7de09eeefdf6fc6b7,OK,,801,PAYLOAD_SUBSTANTIVE,,برکت,1396,1396/12/29,separate,audited,original,DETECTED,Sheet1,11,70,1396/12/29,Sheet1!R8C4,مقبول,UNQUALIFIED_FAIR_FORMULA|HEADING_CELL,Sheet1!R29C12,Sheet1!R30C2,,,1397/04/09,Sheet1!R61C20,,گروه دارویی برکت
اکسل های صورت مالی کل زیپ ۱۳۹۲-۱۴۰۲.zip,بركت.zip,بركت.zip!بركت_۱۳۹۷_۱۲_۲۹_separate_ن-۱۰_صورت‌های مالی سال مالی منتهی به ۱۳۹۷_۱۲_۲۹ (حسابرسی شده).xlsx,بركت_۱۳۹۷_۱۲_۲۹_separate_ن-۱۰_صورت‌های مالی سال مالی منتهی به ۱۳۹۷_۱۲_۲۹ (حسابرسی شده).xlsx,OLE2_LEGACY_EXCEL,.xlsx,92160,753933ea71266aee2b315a525913896f43b1bb5ed959b0e435cd0f35d9c4dbde,OK,,805,PAYLOAD_SUBSTANTIVE,,برکت,1397,1397/12/29,separate,audited,original,DETECTED,Sheet1,11,84,1397/12/29,Sheet1!R8C4,مقبول,UNQUALIFIED_FAIR_FORMULA|HEADING_CELL,Sheet1!R29C12,Sheet1!R30C2,,,1398/04/09,Sheet1!R75C20,,گروه دارویی برکت
اکسل های صورت مالی کل زیپ ۱۳۹۲-۱۴۰۲.zip,بركت.zip,بركت.zip!بركت_۱۳۹۸_۱۲_۲۹_separate_ن-۱۰_صورت‌های مالی سال مالی منتهی به ۱۳۹۸_۱۲_۲۹ (حسابرسی شده).xlsx,بركت_۱۳۹۸_۱۲_۲۹_separate_ن-۱۰_صورت‌های مالی سال مالی منتهی به ۱۳۹۸_۱۲_۲۹ (حسابرسی شده).xlsx,HTML_MISLABELED_XLSX,.xlsx,220853,59c2496e923581bc9c1d9332bea89998103f2847fdee26008dd868ff3368c827,OK,,1043,PAYLOAD_SUBSTANTIVE,,برکت,1398,1398/12/29,separate,audited,original,NOT_DETECTED,,,,1398/12/29,HTML_TABLE_1!R1C2,,,,,,NO_AUDITOR_BLOCK_DETECTED,,,NO_AUDITOR_BLOCK_DETECTED,بیوسان فارمد
اکسل های صورت مالی کل زیپ ۱۳۹۲-۱۴۰۲.zip,بركت.zip,بركت.zip!بركت_۱۳۹۹_۱۲_۳۰_separate_ن-۱۰_صورت‌های مالی سال مالی منتهی به ۱۳۹۹_۱۲_۳۰ (حسابرسی شده).xlsx,بركت_۱۳۹۹_۱۲_۳۰_separate_ن-۱۰_صورت‌های مالی سال مالی منتهی به ۱۳۹۹_۱۲_۳۰ (حسابرسی شده).xlsx,HTML_MISLABELED_XLSX,.xlsx,202086,cf8bdbabc6c62b23436abcdc9ecd4a1a2dcf09b5a9e6e183be7906a3fc39f9ff,OK,,920,PAYLOAD_SUBSTANTIVE,,برکت,1399,1399/12/30,separate,audited,original,NOT_DETECTED,,,,1399/12/30,HTML_TABLE_2!R1C3,,,,,,NO_AUDITOR_BLOCK_DETECTED,,,NO_AUDITOR_BLOCK_DETECTED,
اکسل های صورت مالی کل زیپ ۱۳۹۲-۱۴۰۲.zip,بركت.zip,بركت.zip!بركت_۱۴۰۰_۱۲_۲۹_separate_ن-۱۰_صورت‌های مالی سال مالی منتهی به ۱۴۰۰_۱۲_۲۹ (حسابرسی شده).xlsx,بركت_۱۴۰۰_۱۲_۲۹_separate_ن-۱۰_صورت‌های مالی سال مالی منتهی به ۱۴۰۰_۱۲_۲۹ (حسابرسی شده).xlsx,HTML_MISLABELED_XLSX,.xlsx,210592,727c5313ee34e1ab16333a6b6ba1b9bcdc2938b445f32f5555a614b34ef5d66e,OK,,971,PAYLOAD_SUBSTANTIVE,,برکت,1400,1400/12/29,separate,audited,original,NOT_DETECTED,,,,1400/12/29,HTML_TABLE_2!R1C3,,,,,,NO_AUDITOR_BLOCK_DETECTED,,,NO_AUDITOR_BLOCK_DETECTED,
اکسل های صورت مالی کل زیپ ۱۳۹۲-۱۴۰۲.zip,بركت.zip,بركت.zip!بركت_۱۴۰۱_۱۲_۲۹_separate_ن-۱۰_صورت‌های مالی سال مالی منتهی به ۱۴۰۱_۱۲_۲۹ (حسابرسی شده).xlsx,بركت_۱۴۰۱_۱۲_۲۹_separate_ن-۱۰_صورت‌های مالی سال مالی منتهی به ۱۴۰۱_۱۲_۲۹ (حسابرسی شده).xlsx,HTML_MISLABELED_XLSX,.xlsx,244682,1030b82b8a9cf9e84d6fefa8c4075b071e6cf435cc3e72149202d2153d1a7506,OK,,1117,PAYLOAD_SUBSTANTIVE,,برکت,1401,1401/12/29,separate,audited,original,NOT_DETECTED,,,,1401/12/29,HTML_TABLE_2!R1C3,,,,,,NO_AUDITOR_BLOCK_DETECTED,,,NO_AUDITOR_BLOCK_DETECTED,
اکسل های صورت مالی کل زیپ ۱۳۹۲-۱۴۰۲.zip,بركت.zip,بركت.zip!بركت_۱۴۰۲_۱۲_۲۹_separate_ن-۱۰_صورت‌های مالی سال مالی منتهی به ۱۴۰۲_۱۲_۲۹ (حسابرسی شده).xlsx,بركت_۱۴۰۲_۱۲_۲۹_separate_ن-۱۰_صورت‌های مالی سال مالی منتهی به ۱۴۰۲_۱۲_۲۹ (حسابرسی شده).xlsx,HTML_MISLABELED_XLSX,.xlsx,246120,8860152fb77723c40676b7464216492b5ed5ed7f1842482cef39a8501b0aacf7,OK,,1143,PAYLOAD_SUBSTANTIVE,,برکت,1402,1402/12/29,separate,audited,original,NOT_DETECTED,,,,1402/12/29,HTML_TABLE_2!R1C3,,,,,,NO_AUDITOR_BLOCK_DETECTED,,,NO_AUDITOR_BLOCK_DETECTED,
اکسل های صورت مالی کل زیپ ۱۳۹۲-۱۴۰۲.zip,بكاب.zip,بكاب.zip!بكاب_۱۳۹۲_۰۶_۳۱_separate_ن-۱۰_صورتهای مالی سال مالی منتهی به ۱۳۹۲_۰۶_۳۱ (حسابرسی شده).xlsx,بكاب_۱۳۹۲_۰۶_۳۱_separate_ن-۱۰_صورتهای مالی سال مالی منتهی به ۱۳۹۲_۰۶_۳۱ (حسابرسی شده).xlsx,OLE2_LEGACY_EXCEL,.xlsx,83968,559f43a1f292b05847b5f637a001a6aedc083eff5cb33a0f0e26bb2119d9adc9,OK,,595,PAYLOAD_SUBSTANTIVE,,بکاب,1392,1392/06/31,separate,audited,original,DETECTED,Sheet1,9,115,1392/06/31,Sheet1!R6C4,عدم اظهارنظر,DISCLAIMER_FORMULA|HEADING_CELL,Sheet1!R50C14,Sheet1!R52C2,,,1392/11/18,Sheet1!R107C23,,صنایع جوشکاب یزد
اکسل های صورت مالی کل زیپ ۱۳۹۲-۱۴۰۲.zip,بكاب.zip,بكاب.zip!بكاب_۱۳۹۳_۰۶_۳۱_separate_ن-۱۰_صورتهای مالی سال مالی منتهی به ۱۳۹۳_۰۶_۳۱ (حسابرسی شده).xlsx,بكاب_۱۳۹۳_۰۶_۳۱_separate_ن-۱۰_صورتهای مالی سال مالی منتهی به ۱۳۹۳_۰۶_۳۱ (حسابرسی شده).xlsx,OLE2_LEGACY_EXCEL,.xlsx,83968,5aa675f12087ed7c37a7fb4480e82704177a014912c8aa2d219ed40635f9b226,OK,,598,PAYLOAD_SUBSTANTIVE,,بکاب,1393,1393/06/31,separate,audited,original,DETECTED,Sheet1,9,99,1393/06/31,Sheet1!R6C4,مشروط,QUALIFIED_FAIR_WITH_EXCEPTION|HEADING_CELL,Sheet1!R45C14,Sheet1!R46C2,,,1393/10/20,Sheet1!R91C23,,صنایع جوشکاب یزد
اکسل های صورت مالی کل زیپ ۱۳۹۲-۱۴۰۲.zip,بكاب.zip,بكاب.zip!بكاب_۱۳۹۴_۰۶_۳۱_separate_ن-۱۰_صورت‌های مالی سال مالی منتهی به ۱۳۹۴_۰۶_۳۱ (حسابرسی شده).xlsx,بكاب_۱۳۹۴_۰۶_۳۱_separate_ن-۱۰_صورت‌های مالی سال مالی منتهی به ۱۳۹۴_۰۶_۳۱ (حسابرسی شده).xlsx,OLE2_LEGACY_EXCEL,.xlsx,83456,f9a29f96b79d0206c982eeb6cff84a85a34db06df6e49e4308a36236cba3c19c,OK,,622,PAYLOAD_SUBSTANTIVE,,بکاب,1394,1394/06/31,separate,audited,original,DETECTED,Sheet1,9,96,1394/06/31,Sheet1!R6C4,مشروط,QUALIFIED_FAIR_WITH_EXCEPTION|HEADING_CELL,Sheet1!R41C14,Sheet1!R42C2,,,1394/10/19,Sheet1!R88C23,,صنایع جوشکاب یزد
اکسل های صورت مالی کل زیپ ۱۳۹۲-۱۴۰۲.zip,بكاب.zip,بكاب.zip!بكاب_۱۳۹۵_۰۶_۳۱_separate_ن-۱۰_صورت‌های مالی سال مالی منتهی به ۱۳۹۵_۰۶_۳۱ (حسابرسی شده).xlsx,بكاب_۱۳۹۵_۰۶_۳۱_separate_ن-۱۰_صورت‌های مالی سال مالی منتهی به ۱۳۹۵_۰۶_۳۱ (حسابرسی شده).xlsx,OLE2_LEGACY_EXCEL,.xlsx,88576,d1704308ba08a3d77afa6b487bbd6cb2f9e9e65958993557a61fa1e051f12f23,OK,,663,PAYLOAD_SUBSTANTIVE,,بکاب,1395,1395/06/31,separate,audited,original,DETECTED,Sheet1,11,98,1395/06/31,Sheet1!R8C4,مشروط,QUALIFIED_FAIR_WITH_EXCEPTION|HEADING_CELL,Sheet1!R45C12,Sheet1!R46C2,,,1395/10/14,Sheet1!R89C20,,صنایع جوشکاب یزد
اکسل های صورت مالی کل زیپ ۱۳۹۲-۱۴۰۲.zip,بكاب.zip,بكاب.zip!بكاب_۱۳۹۶_۰۶_۳۱_separate_ن-۱۰_صورت‌های مالی سال مالی منتهی به ۱۳۹۶_۰۶_۳۱ (حسابرسی شده).xlsx,بكاب_۱۳۹۶_۰۶_۳۱_separate_ن-۱۰_صورت‌های مالی سال مالی منتهی به ۱۳۹۶_۰۶_۳۱ (حسابرسی شده).xlsx,OLE2_LEGACY_EXCEL,.xlsx,87552,886d56a77ff3ac89f4ec8d87f97c1c4253c4dcf5f4dd4ec2307c7cbc6e7fc534,OK,,664,PAYLOAD_SUBSTANTIVE,,بکاب,1396,1396/06/31,separate,audited,original,DETECTED,Sheet1,11,90,1396/06/31,Sheet1!R8C4,مشروط,QUALIFIED_FAIR_WITH_EXCEPTION|HEADING_CELL,Sheet1!R42C12,Sheet1!R43C2,,,1396/10/03,Sheet1!R81C20,,صنایع جوشکاب یزد
اکسل های صورت مالی کل زیپ ۱۳۹۲-۱۴۰۲.zip,بكاب.zip,بكاب.zip!بكاب_۱۳۹۷_۰۶_۳۱_separate_ن-۱۰_صورت‌های مالی سال مالی منتهی به ۱۳۹۷_۰۶_۳۱ (حسابرسی شده).xlsx,بكاب_۱۳۹۷_۰۶_۳۱_separate_ن-۱۰_صورت‌های مالی سال مالی منتهی به ۱۳۹۷_۰۶_۳۱ (حسابرسی شده).xlsx,HTML_MISLABELED_XLSX,.xlsx,113204,9dc6c3eefbeec02dbf18e9a1906e08581a92d46108ad6a08c94e63dbc387b08a,OK,,495,PAYLOAD_SUBSTANTIVE,,بکاب,1397,1397/06/31,separate,audited,original,NOT_DETECTED,,,,1397/06/31,HTML_TABLE_1!R1C2,,,,,,NO_AUDITOR_BLOCK_DETECTED,,,NO_AUDITOR_BLOCK_DETECTED,
اکسل های صورت مالی کل زیپ ۱۳۹۲-۱۴۰۲.zip,بكاب.zip,بكاب.zip!بكاب_۱۳۹۷_۰۶_۳۱_separate_ن-۱۰_صورت‌های مالی سال مالی منتهی به ۱۳۹۷_۰۶_۳۱ (حسابرسی شده)(اصلاحیه).xlsx,بكاب_۱۳۹۷_۰۶_۳۱_separate_ن-۱۰_صورت‌های مالی سال مالی منتهی به ۱۳۹۷_۰۶_۳۱ (حسابرسی شده)(اصلاحیه).xlsx,HTML_MISLABELED_XLSX,.xlsx,116728,e686beecc5ab31d9550cbd60762e9ca72950e24b00ed04775d26bc8f62922a7d,OK,,495,PAYLOAD_SUBSTANTIVE,,بکاب,1397,1397/06/31,separate,audited,correction,NOT_DETECTED,,,,1397/06/31,HTML_TABLE_1!R1C2,,,,,,NO_AUDITOR_BLOCK_DETECTED,,,NO_AUDITOR_BLOCK_DETECTED,
اکسل های صورت مالی کل زیپ ۱۳۹۲-۱۴۰۲.zip,بكاب.zip,بكاب.zip!بكاب_۱۳۹۸_۰۶_۳۱_separate_ن-۱۰_صورت‌های مالی سال مالی منتهی به ۱۳۹۸_۰۶_۳۱ (حسابرسی شده).xlsx,بكاب_۱۳۹۸_۰۶_۳۱_separate_ن-۱۰_صورت‌های مالی سال مالی منتهی به ۱۳۹۸_۰۶_۳۱ (حسابرسی شده).xlsx,HTML_MISLABELED_XLSX,.xlsx,4733,a215afaae31c900d47116cd7cd7906a3ae132fd93e0d317c06f91075d8128617,OK,,1,PAYLOAD_NON_SUBSTANTIVE,ONLY_1_CELLS,بکاب,1398,1398/06/31,separate,audited,original,NOT_DETECTED,,,,,,,,,,,NO_AUDITOR_BLOCK_DETECTED,,,NO_AUDITOR_BLOCK_DETECTED,
اکسل های صورت مالی کل زیپ ۱۳۹۲-۱۴۰۲.zip,بكاب.zip,بكاب.zip!بكاب_۱۳۹۹_۰۶_۳۱_separate_ن-۱۰_صورت‌های مالی سال مالی منتهی به ۱۳۹۹_۰۶_۳۱ (حسابرسی شده).xlsx,بكاب_۱۳۹۹_۰۶_۳۱_separate_ن-۱۰_صورت‌های مالی سال مالی منتهی به ۱۳۹۹_۰۶_۳۱ (حسابرسی شده).xlsx,HTML_MISLABELED_XLSX,.xlsx,292344,b133a3131c83532ea019e8df65b423d017db34225dc4c2fe3cbae8c2c18f508d,OK,,1356,PAYLOAD_SUBSTANTIVE,,بکاب,1399,1399/06/31,separate,audited,original,NOT_DETECTED,,,,1399/06/31,HTML_TABLE_1!R1C2,,,,,,NO_AUDITOR_BLOCK_DETECTED,,,NO_AUDITOR_BLOCK_DETECTED,
اکسل های صورت مالی کل زیپ ۱۳۹۲-۱۴۰۲.zip,بكاب.zip,بكاب.zip!بكاب_۱۴۰۰_۰۶_۳۱_separate_ن-۱۰_صورت‌های مالی سال مالی منتهی به ۱۴۰۰_۰۶_۳۱ (حسابرسی شده).xlsx,بكاب_۱۴۰۰_۰۶_۳۱_separate_ن-۱۰_صورت‌های مالی سال مالی منتهی به ۱۴۰۰_۰۶_۳۱ (حسابرسی شده).xlsx,HTML_MISLABELED_XLSX,.xlsx,356643,575a36db9fc50cfb02d161b0cf795ea8a359d52feaa59a78b98611e5a0865810,OK,,1637,PAYLOAD_SUBSTANTIVE,,بکاب,1400,1400/06/31,separate,audited,original,NOT_DETECTED,,,,1400/06/31,HTML_TABLE_1!R1C2,,,,,,NO_AUDITOR_BLOCK_DETECTED,,,NO_AUDITOR_BLOCK_DETECTED,
اکسل های صورت مالی کل زیپ ۱۳۹۲-۱۴۰۲.zip,بكاب.zip,بكاب.zip!بكاب_۱۴۰۱_۰۶_۳۱_separate_ن-۱۰_صورت‌های مالی سال مالی منتهی به ۱۴۰۱_۰۶_۳۱ (حسابرسی شده).xlsx,بكاب_۱۴۰۱_۰۶_۳۱_separate_ن-۱۰_صورت‌های مالی سال مالی منتهی به ۱۴۰۱_۰۶_۳۱ (حسابرسی شده).xlsx,HTML_MISLABELED_XLSX,.xlsx,370208,cc1e75ff97beaee3f64a1ac43689ad0b270a5ead4cea7213ecb7ecdcebfcc335,OK,,1675,PAYLOAD_SUBSTANTIVE,,بکاب,1401,1401/06/31,separate,audited,original,NOT_DETECTED,,,,1401/06/31,HTML_TABLE_1!R1C2,,,,,,NO_AUDITOR_BLOCK_DETECTED,,,NO_AUDITOR_BLOCK_DETECTED,
اکسل های صورت مالی کل زیپ ۱۳۹۲-۱۴۰۲.zip,بكاب.zip,بكاب.zip!بكاب_۱۴۰۲_۰۶_۳۱_separate_ن-۱۰_صورت‌های مالی سال مالی منتهی به ۱۴۰۲_۰۶_۳۱ (حسابرسی شده).xlsx,بكاب_۱۴۰۲_۰۶_۳۱_separate_ن-۱۰_صورت‌های مالی سال مالی منتهی به ۱۴۰۲_۰۶_۳۱ (حسابرسی شده).xlsx,HTML_MISLABELED_XLSX,.xlsx,95014,64189a5851dc33449e830335153c73d130e03f1fb1f5883ccd31f71cd19c6563,OK,,265,PAYLOAD_SUBSTANTIVE,,بکاب,1402,1402/06/31,separate,audited,original,NOT_DETECTED,,,,1402/06/31,HTML_TABLE_1!R1C2,,,,,,NO_AUDITOR_BLOCK_DETECTED,,,NO_AUDITOR_BLOCK_DETECTED,
اکسل های صورت مالی کل زیپ ۱۳۹۲-۱۴۰۲.zip,بكاب.zip,بكاب.zip!بكاب_۱۴۰۳_۰۶_۳۱_separate_ن-۱۰_صورت‌های مالی سال مالی منتهی به ۱۴۰۳_۰۶_۳۱ (حسابرسی شده).xlsx,بكاب_۱۴۰۳_۰۶_۳۱_separate_ن-۱۰_صورت‌های مالی سال مالی منتهی به ۱۴۰۳_۰۶_۳۱ (حسابرسی شده).xlsx,HTML_MISLABELED_XLSX,.xlsx,387910,96800cdda9a0e2c37bcdbde10218df8a0c0165b646626c15cdea162dfcb83b0a,OK,,1781,PAYLOAD_SUBSTANTIVE,,بکاب,1403,1403/06/31,separate,audited,original,NOT_DETECTED,,,,1403/06/31,HTML_TABLE_1!R1C2,,,,,,NO_AUDITOR_BLOCK_DETECTED,,,NO_AUDITOR_BLOCK_DETECTED,
اکسل های صورت مالی کل زیپ ۱۳۹۲-۱۴۰۲.zip,بكام.zip,بكام.zip!بكام_۱۳۹۱_۱۲_۳۰_separate_ن-۱۰_صورتهای مالی سال مالی منتهی به ۱۳۹۱_۱۲_۳۰ (حسابرسی شده).xlsx,بكام_۱۳۹۱_۱۲_۳۰_separate_ن-۱۰_صورتهای مالی سال مالی منتهی به ۱۳۹۱_۱۲_۳۰ (حسابرسی شده).xlsx,OLE2_LEGACY_EXCEL,.xlsx,78848,84f52fe79f72a877ad7c2e8266035f9df3a2241e105f2e424dfad8d11001910d,OK,,500,PAYLOAD_SUBSTANTIVE,,بکام,1391,1391/12/30,separate,audited,original,DETECTED,Sheet1,9,117,1391/12/30,Sheet1!R6C4,مشروط,QUALIFIED_FAIR_WITH_EXCEPTION|HEADING_CELL,Sheet1!R63C14,Sheet1!R64C2,,,1392/03/11,Sheet1!R110C23,,کارخانجات تولیدی شهید قندی
اکسل های صورت مالی کل زیپ ۱۳۹۲-۱۴۰۲.zip,بكام.zip,بكام.zip!بكام_۱۳۹۲_۱۲_۲۹_separate_ن-۱۰_صورتهای مالی سال مالی منتهی به ۱۳۹۲_۱۲_۲۹ (حسابرسی شده).xlsx,بكام_۱۳۹۲_۱۲_۲۹_separate_ن-۱۰_صورتهای مالی سال مالی منتهی به ۱۳۹۲_۱۲_۲۹ (حسابرسی شده).xlsx,OLE2_LEGACY_EXCEL,.xlsx,91648,256cbcb18816a3a0fedb5c24a476182d45ee8681ce19ffa1bebab18f8baae3e1,OK,,638,PAYLOAD_SUBSTANTIVE,,بکام,1392,1392/12/29,separate,audited,original,DETECTED,Sheet1,9,110,1392/12/29,Sheet1!R6C4,مشروط,QUALIFIED_FAIR_WITH_EXCEPTION|HEADING_CELL,Sheet1!R43C14,Sheet1!R44C2,,,1393/03/12,Sheet1!R102C23,,کارخانجات تولیدی شهید قندی
اکسل های صورت مالی کل زیپ ۱۳۹۲-۱۴۰۲.zip,بكام.zip,بكام.zip!بكام_۱۳۹۳_۱۲_۲۹_separate_ن-۱۰_صورتهای مالی سال مالی منتهی به ۱۳۹۳_۱۲_۲۹ (حسابرسی شده).xlsx,بكام_۱۳۹۳_۱۲_۲۹_separate_ن-۱۰_صورتهای مالی سال مالی منتهی به ۱۳۹۳_۱۲_۲۹ (حسابرسی شده).xlsx,OLE2_LEGACY_EXCEL,.xlsx,101376,480a5a68522e2bfa12c1e9b8c2d5cc5c1a0d6bd3f7da1cd17cb6483decc5987a,OK,,650,PAYLOAD_SUBSTANTIVE,,بکام,1393,1393/12/29,separate,audited,original,DETECTED,Sheet1,9,139,1393/12/29,Sheet1!R6C4,مشروط,QUALIFIED_FAIR_WITH_EXCEPTION|HEADING_CELL,Sheet1!R58C14,Sheet1!R59C2,,,1394/03/19,Sheet1!R131C23,,کارخانجات تولیدی شهید قندی
اکسل های صورت مالی کل زیپ ۱۳۹۲-۱۴۰۲.zip,بكام.zip,بكام.zip!بكام_۱۳۹۴_۱۲_۲۹_separate_ن-۱۰_صورت‌های مالی سال مالی منتهی به ۱۳۹۴_۱۲_۲۹ (حسابرسی شده).xlsx,بكام_۱۳۹۴_۱۲_۲۹_separate_ن-۱۰_صورت‌های مالی سال مالی منتهی به ۱۳۹۴_۱۲_۲۹ (حسابرسی شده).xlsx,OLE2_LEGACY_EXCEL,.xlsx,102912,ad8af758e08a579dcbd41f6671019e5ebace55811e765c32fb1f469b1f74459a,OK,,676,PAYLOAD_SUBSTANTIVE,,بکام,1394,1394/12/29,separate,audited,original,DETECTED,Sheet1,9,117,1394/12/29,Sheet1!R6C4,مشروط,QUALIFIED_FAIR_WITH_EXCEPTION|HEADING_CELL,Sheet1!R55C14,Sheet1!R56C2,,,1395/03/12,Sheet1!R109C23,,کارخانجات تولیدی شهید قندی
اکسل های صورت مالی کل زیپ ۱۳۹۲-۱۴۰۲.zip,بكام.zip,بكام.zip!بكام_۱۳۹۵_۱۲_۳۰_consolidated_ن-۱۰_صورت‌های مالی تلفیقی سال مالی منتهی به ۱۳۹۵_۱۲_۳۰ (حسابرسی شده).xlsx,بكام_۱۳۹۵_۱۲_۳۰_consolidated_ن-۱۰_صورت‌های مالی تلفیقی سال مالی منتهی به ۱۳۹۵_۱۲_۳۰ (حسابرسی شده).xlsx,OLE2_LEGACY_EXCEL,.xlsx,149504,1e51dbf348fa6580d3de664ba8d45ef87a680e7775a09684169b6251948aa343,OK,,1447,PAYLOAD_SUBSTANTIVE,,بکام,1395,1395/12/30,consolidated,audited,original,DETECTED,Sheet1,11,108,1395/12/30,Sheet1!R8C4,مشروط,QUALIFIED_FAIR_WITH_EXCEPTION|HEADING_CELL,Sheet1!R64C12,Sheet1!R65C2,,,1396/03/11,Sheet1!R100C20,,کارخانجات تولیدی شهید قندی
اکسل های صورت مالی کل زیپ ۱۳۹۲-۱۴۰۲.zip,بكام.zip,بكام.zip!بكام_۱۳۹۶_۱۲_۲۹_consolidated_ن-۱۰_صورت‌های مالی تلفیقی سال مالی منتهی به ۱۳۹۶_۱۲_۲۹ (حسابرسی شده).xlsx,بكام_۱۳۹۶_۱۲_۲۹_consolidated_ن-۱۰_صورت‌های مالی تلفیقی سال مالی منتهی به ۱۳۹۶_۱۲_۲۹ (حسابرسی شده).xlsx,OLE2_LEGACY_EXCEL,.xlsx,144896,661bc978db5ba579810b4857f34db8cec5e9b8ff02b22ef9cb666e308617771c,OK,,1451,PAYLOAD_SUBSTANTIVE,,بکام,1396,1396/12/29,consolidated,audited,original,DETECTED,Sheet1,11,100,1396/12/29,Sheet1!R8C4,مشروط,QUALIFIED_FAIR_WITH_EXCEPTION|HEADING_CELL,Sheet1!R55C12,Sheet1!R56C2,,,1397/02/23,Sheet1!R92C20,,کارخانجات تولیدی شهید قندی
اکسل های صورت مالی کل زیپ ۱۳۹۲-۱۴۰۲.zip,بكام.zip,بكام.zip!بكام_۱۳۹۷_۱۲_۲۹_consolidated_ن-۱۰_صورت‌های مالی تلفیقی سال مالی منتهی به ۱۳۹۷_۱۲_۲۹ (حسابرسی شده).xlsx,بكام_۱۳۹۷_۱۲_۲۹_consolidated_ن-۱۰_صورت‌های مالی تلفیقی سال مالی منتهی به ۱۳۹۷_۱۲_۲۹ (حسابرسی شده).xlsx,HTML_MISLABELED_XLSX,.xlsx,236077,fa6d19f9466041187117ec8b7a92b75053e792a72deff034b83a128a55955410,OK,,1045,PAYLOAD_SUBSTANTIVE,,بکام,1397,1397/12/29,consolidated,audited,original,NOT_DETECTED,,,,1397/12/29,HTML_TABLE_1!R1C2,,,,,,NO_AUDITOR_BLOCK_DETECTED,,,NO_AUDITOR_BLOCK_DETECTED,
اکسل های صورت مالی کل زیپ ۱۳۹۲-۱۴۰۲.zip,بكام.zip,بكام.zip!بكام_۱۳۹۸_۱۲_۲۹_consolidated_ن-۱۰_صورت‌های مالی تلفیقی سال مالی منتهی به ۱۳۹۸_۱۲_۲۹ (حسابرسی شده).xlsx,بكام_۱۳۹۸_۱۲_۲۹_consolidated_ن-۱۰_صورت‌های مالی تلفیقی سال مالی منتهی به ۱۳۹۸_۱۲_۲۹ (حسابرسی شده).xlsx,HTML_MISLABELED_XLSX,.xlsx,537907,8b7bf40f3550a790655010ec3610755ed8f2fbd8b1a198cca1e4dc84495c7c7f,OK,,2640,PAYLOAD_SUBSTANTIVE,,بکام,1398,1398/12/29,consolidated,audited,original,NOT_DETECTED,,,,1398/12/29,HTML_TABLE_1!R1C2,,,,,,NO_AUDITOR_BLOCK_DETECTED,,,NO_AUDITOR_BLOCK_DETECTED,
اکسل های صورت مالی کل زیپ ۱۳۹۲-۱۴۰۲.zip,بكام.zip,بكام.zip!بكام_۱۳۹۹_۱۲_۳۰_consolidated_ن-۱۰_صورت‌های مالی تلفیقی سال مالی منتهی به ۱۳۹۹_۱۲_۳۰ (حسابرسی شده).xlsx,بكام_۱۳۹۹_۱۲_۳۰_consolidated_ن-۱۰_صورت‌های مالی تلفیقی سال مالی منتهی به ۱۳۹۹_۱۲_۳۰ (حسابرسی شده).xlsx,HTML_MISLABELED_XLSX,.xlsx,537060,72245820fb1a2d90d95f71ae128efff06e0bd99b801ac16d40625ef33f52f76e,OK,,2630,PAYLOAD_SUBSTANTIVE,,بکام,1399,1399/12/30,consolidated,audited,original,NOT_DETECTED,,,,1399/12/30,HTML_TABLE_1!R1C2,,,,,,NO_AUDITOR_BLOCK_DETECTED,,,NO_AUDITOR_BLOCK_DETECTED,
اکسل های صورت مالی کل زیپ ۱۳۹۲-۱۴۰۲.zip,بكام.zip,بكام.zip!بكام_۱۳۹۹_۱۲_۳۰_consolidated_ن-۱۰_صورت‌های مالی تلفیقی سال مالی منتهی به ۱۳۹۹_۱۲_۳۰ (حسابرسی شده)(اصلاحیه).xlsx,بكام_۱۳۹۹_۱۲_۳۰_consolidated_ن-۱۰_صورت‌های مالی تلفیقی سال مالی منتهی به ۱۳۹۹_۱۲_۳۰ (حسابرسی شده)(اصلاحیه).xlsx,HTML_MISLABELED_XLSX,.xlsx,537041,ea72e3e6fed466dc15fa3d42c304db67693833dbad47240d6b496248c28cf151,OK,,2630,PAYLOAD_SUBSTANTIVE,,بکام,1399,1399/12/30,consolidated,audited,correction,NOT_DETECTED,,,,1399/12/30,HTML_TABLE_1!R1C2,,,,,,NO_AUDITOR_BLOCK_DETECTED,,,NO_AUDITOR_BLOCK_DETECTED,
اکسل های صورت مالی کل زیپ ۱۳۹۲-۱۴۰۲.zip,بكام.zip,بكام.zip!بكام_۱۴۰۰_۱۲_۲۹_consolidated_ن-۱۰_صورت‌های مالی تلفیقی سال مالی منتهی به ۱۴۰۰_۱۲_۲۹ (حسابرسی شده).xlsx,بكام_۱۴۰۰_۱۲_۲۹_consolidated_ن-۱۰_صورت‌های مالی تلفیقی سال مالی منتهی به ۱۴۰۰_۱۲_۲۹ (حسابرسی شده).xlsx,HTML_MISLABELED_XLSX,.xlsx,628219,34e9c638c5eeaa312d9578862086a08bb92fcd7b9c9b767731306b36c606111f,OK,,3106,PAYLOAD_SUBSTANTIVE,,بکام,1400,1400/12/29,consolidated,audited,original,NOT_DETECTED,,,,1400/12/29,HTML_TABLE_1!R1C2,,,,,,NO_AUDITOR_BLOCK_DETECTED,,,NO_AUDITOR_BLOCK_DETECTED,
اکسل های صورت مالی کل زیپ ۱۳۹۲-۱۴۰۲.zip,بكام.zip,بكام.zip!بكام_۱۴۰۱_۱۲_۲۹_consolidated_ن-۱۰_صورت‌های مالی تلفیقی سال مالی منتهی به ۱۴۰۱_۱۲_۲۹ (حسابرسی شده).xlsx,بكام_۱۴۰۱_۱۲_۲۹_consolidated_ن-۱۰_صورت‌های مالی تلفیقی سال مالی منتهی به ۱۴۰۱_۱۲_۲۹ (حسابرسی شده).xlsx,HTML_MISLABELED_XLSX,.xlsx,730021,9f0e389af2e7547114c99d105c47e762508c9e851a76acd750f2b95fff60016d,OK,,3494,PAYLOAD_SUBSTANTIVE,,بکام,1401,1401/12/29,consolidated,audited,original,NOT_DETECTED,,,,1401/12/29,HTML_TABLE_1!R1C2,,,,,,NO_AUDITOR_BLOCK_DETECTED,,,NO_AUDITOR_BLOCK_DETECTED,حمل و نقل بهمن بارو سرمایه گذاری سیمان کرمان
اکسل های صورت مالی کل زیپ ۱۳۹۲-۱۴۰۲.zip,بكام.zip,بكام.zip!بكام_۱۴۰۲_۱۲_۲۹_consolidated_ن-۱۰_صورت‌های مالی تلفیقی سال مالی منتهی به ۱۴۰۲_۱۲_۲۹ (حسابرسی شده).xlsx,بكام_۱۴۰۲_۱۲_۲۹_consolidated_ن-۱۰_صورت‌های مالی تلفیقی سال مالی منتهی به ۱۴۰۲_۱۲_۲۹ (حسابرسی شده).xlsx,HTML_MISLABELED_XLSX,.xlsx,727653,56e9be24e9cfaa6d0206cfe32032c416a30d4023d3d087338b7ac823bdf4b8c1,OK,,3501,PAYLOAD_SUBSTANTIVE,,بکام,1402,1402/12/29,consolidated,audited,original,NOT_DETECTED,,,,1402/12/29,HTML_TABLE_1!R1C2,,,,,,NO_AUDITOR_BLOCK_DETECTED,,,NO_AUDITOR_BLOCK_DETECTED,
اکسل های صورت مالی کل زیپ ۱۳۹۲-۱۴۰۲.zip,بكام.zip,بكام.zip!بكام_۱۴۰۲_۱۲_۲۹_consolidated_ن-۱۰_صورت‌های مالی تلفیقی سال مالی منتهی به ۱۴۰۲_۱۲_۲۹ (حسابرسی شده)(اصلاحیه).xlsx,بكام_۱۴۰۲_۱۲_۲۹_consolidated_ن-۱۰_صورت‌های مالی تلفیقی سال مالی منتهی به ۱۴۰۲_۱۲_۲۹ (حسابرسی شده)(اصلاحیه).xlsx,HTML_MISLABELED_XLSX,.xlsx,729913,41c80cafd61e7c2e6c43d480239296624b2c265a8ee995ee4dd4b2fbb16069aa,OK,,3508,PAYLOAD_SUBSTANTIVE,,بکام,1402,1402/12/29,consolidated,audited,correction,NOT_DETECTED,,,,1402/12/29,HTML_TABLE_1!R1C2,,,,,,NO_AUDITOR_BLOCK_DETECTED,,,NO_AUDITOR_BLOCK_DETECTED,
اکسل های صورت مالی کل زیپ ۱۳۹۲-۱۴۰۲.zip,بموتو.zip,بموتو.zip!بموتو_۱۳۹۲_۰۶_۳۱_separate_ن-۱۰_صورتهای مالی سال مالی منتهی به ۱۳۹۲_۰۶_۳۱ (حسابرسی شده).xlsx,بموتو_۱۳۹۲_۰۶_۳۱_separate_ن-۱۰_صورتهای مالی سال مالی منتهی به ۱۳۹۲_۰۶_۳۱ (حسابرسی شده).xlsx,OLE2_LEGACY_EXCEL,.xlsx,69632,6cd7e24f31da8998fe82fc507f7abcc3cb725ed5e8fcc3f6f6f6ad949d929e94,OK,,584,PAYLOAD_SUBSTANTIVE,,بموتو,1392,1392/06/31,separate,audited,original,DETECTED,Sheet1,9,58,1392/06/31,Sheet1!R6C4,مقبول,UNQUALIFIED_FAIR_FORMULA|HEADING_CELL,Sheet1!R28C14,Sheet1!R29C2,,,1392/08/02,Sheet1!R50C23,,موتوژن
اکسل های صورت مالی کل زیپ ۱۳۹۲-۱۴۰۲.zip,بموتو.zip,بموتو.zip!بموتو_۱۳۹۳_۰۶_۳۱_separate_ن-۱۰_صورتهای مالی سال مالی منتهی به ۱۳۹۳_۰۶_۳۱ (حسابرسی شده).xlsx,بموتو_۱۳۹۳_۰۶_۳۱_separate_ن-۱۰_صورتهای مالی سال مالی منتهی به ۱۳۹۳_۰۶_۳۱ (حسابرسی شده).xlsx,OLE2_LEGACY_EXCEL,.xlsx,70144,17340f13c5fb119b9d93ac9558b0ced5bf1a3c91867af92183b65c4dab3be4ab,OK,,604,PAYLOAD_SUBSTANTIVE,,بموتو,1393,1393/06/31,separate,audited,original,DETECTED,Sheet1,9,56,1393/06/31,Sheet1!R6C4,مقبول,UNQUALIFIED_FAIR_FORMULA|HEADING_CELL,Sheet1!R28C14,Sheet1!R29C2,,,1393/08/18,Sheet1!R48C23,,موتوژن
اکسل های صورت مالی کل زیپ ۱۳۹۲-۱۴۰۲.zip,بموتو.zip,بموتو.zip!بموتو_۱۳۹۴_۰۶_۳۱_separate_ن-۱۰_صورت‌های مالی سال مالی منتهی به ۱۳۹۴_۰۶_۳۱ (حسابرسی شده).xlsx,بموتو_۱۳۹۴_۰۶_۳۱_separate_ن-۱۰_صورت‌های مالی سال مالی منتهی به ۱۳۹۴_۰۶_۳۱ (حسابرسی شده).xlsx,OLE2_LEGACY_EXCEL,.xlsx,72192,b62618f285295448a0d00de5736c1d96b549c8f8d7cc602ab5aa416f3092c0fb,OK,,633,PAYLOAD_SUBSTANTIVE,,بموتو,1394,1394/06/31,separate,audited,original,DETECTED,Sheet1,9,58,1394/06/31,Sheet1!R6C4,مقبول,UNQUALIFIED_FAIR_FORMULA|HEADING_CELL,Sheet1!R28C14,Sheet1!R29C2,,,1394/08/15,Sheet1!R50C23,,موتوژن
اکسل های صورت مالی کل زیپ ۱۳۹۲-۱۴۰۲.zip,بموتو.zip,بموتو.zip!بموتو_۱۳۹۵_۰۶_۳۱_consolidated_ن-۱۰_صورت‌های مالی تلفیقی سال مالی منتهی به ۱۳۹۵_۰۶_۳۱ (حسابرسی شده).xlsx,بموتو_۱۳۹۵_۰۶_۳۱_consolidated_ن-۱۰_صورت‌های مالی تلفیقی سال مالی منتهی به ۱۳۹۵_۰۶_۳۱ (حسابرسی شده).xlsx,OLE2_LEGACY_EXCEL,.xlsx,128512,ea2623ec689d7402dae993a4fa86db505cef6db476828ecff3c0dc4c8b845cc5,OK,,1348,PAYLOAD_SUBSTANTIVE,,بموتو,1395,1395/06/31,consolidated,audited,original,DETECTED,Sheet1,9,61,1395/06/31,Sheet1!R6C4,مقبول,UNQUALIFIED_FAIR_FORMULA|HEADING_CELL,Sheet1!R28C14,Sheet1!R29C2,,,1395/08/13,Sheet1!R52C23,,موتوژن
اکسل های صورت مالی کل زیپ ۱۳۹۲-۱۴۰۲.zip,بموتو.zip,بموتو.zip!بموتو_۱۳۹۶_۰۶_۳۱_consolidated_ن-۱۰_صورت‌های مالی تلفیقی سال مالی منتهی به ۱۳۹۶_۰۶_۳۱ (حسابرسی شده).xlsx,بموتو_۱۳۹۶_۰۶_۳۱_consolidated_ن-۱۰_صورت‌های مالی تلفیقی سال مالی منتهی به ۱۳۹۶_۰۶_۳۱ (حسابرسی شده).xlsx,OLE2_LEGACY_EXCEL,.xlsx,128000,de83ff98e00d0418e2e4c3f4e647832163793b3f3ab6526c759657e0ce9b7923,OK,,1446,PAYLOAD_SUBSTANTIVE,,بموتو,1396,1396/06/31,consolidated,audited,original,DETECTED,Sheet1,11,60,1396/06/31,Sheet1!R8C4,مقبول,UNQUALIFIED_FAIR_FORMULA|HEADING_CELL,Sheet1!R29C12,Sheet1!R30C2,,,1396/08/10,Sheet1!R51C20,,موتوژن
اکسل های صورت مالی کل زیپ ۱۳۹۲-۱۴۰۲.zip,بموتو.zip,بموتو.zip!بموتو_۱۳۹۷_۰۶_۳۱_consolidated_ن-۱۰_صورت‌های مالی تلفیقی سال مالی منتهی به ۱۳۹۷_۰۶_۳۱ (حسابرسی شده).xlsx,بموتو_۱۳۹۷_۰۶_۳۱_consolidated_ن-۱۰_صورت‌های مالی تلفیقی سال مالی منتهی به ۱۳۹۷_۰۶_۳۱ (حسابرسی شده).xlsx,HTML_MISLABELED_XLSX,.xlsx,233983,f0060d018ee1954ec7be59605b16ab18b56fd614c2f3b65890048d66bf7d0e99,OK,,1045,PAYLOAD_SUBSTANTIVE,,بموتو,1397,1397/06/31,consolidated,audited,original,NOT_DETECTED,,,,1397/06/31,HTML_TABLE_1!R1C2,,,,,,NO_AUDITOR_BLOCK_DETECTED,,,NO_AUDITOR_BLOCK_DETECTED,
اکسل های صورت مالی کل زیپ ۱۳۹۲-۱۴۰۲.zip,بموتو.zip,بموتو.zip!بموتو_۱۳۹۸_۰۶_۳۱_consolidated_ن-۱۰_صورت‌های مالی تلفیقی سال مالی منتهی به ۱۳۹۸_۰۶_۳۱ (حسابرسی شده).xlsx,بموتو_۱۳۹۸_۰۶_۳۱_consolidated_ن-۱۰_صورت‌های مالی تلفیقی سال مالی منتهی به ۱۳۹۸_۰۶_۳۱ (حسابرسی شده).xlsx,HTML_MISLABELED_XLSX,.xlsx,5930,9f6cd4f36ced7e029f8def6dda2786c53e4f6079715cb9e330fe4601988732d7,OK,,1,PAYLOAD_NON_SUBSTANTIVE,ONLY_1_CELLS,بموتو,1398,1398/06/31,consolidated,audited,original,NOT_DETECTED,,,,,,,,,,,NO_AUDITOR_BLOCK_DETECTED,,,NO_AUDITOR_BLOCK_DETECTED,
اکسل های صورت مالی کل زیپ ۱۳۹۲-۱۴۰۲.zip,بموتو.zip,بموتو.zip!بموتو_۱۳۹۹_۰۶_۳۱_consolidated_ن-۱۰_صورت‌های مالی تلفیقی سال مالی منتهی به ۱۳۹۹_۰۶_۳۱ (حسابرسی شده).xlsx,بموتو_۱۳۹۹_۰۶_۳۱_consolidated_ن-۱۰_صورت‌های مالی تلفیقی سال مالی منتهی به ۱۳۹۹_۰۶_۳۱ (حسابرسی شده).xlsx,HTML_MISLABELED_XLSX,.xlsx,550382,de295637f330ed923064bea7d4da6c91489f3e9d17ea24baa5aafe57d1e1ba85,OK,,2654,PAYLOAD_SUBSTANTIVE,,بموتو,1399,1399/06/31,consolidated,audited,original,NOT_DETECTED,,,,1399/06/31,HTML_TABLE_1!R1C3,,,,,,NO_AUDITOR_BLOCK_DETECTED,,,NO_AUDITOR_BLOCK_DETECTED,
اکسل های صورت مالی کل زیپ ۱۳۹۲-۱۴۰۲.zip,بموتو.zip,بموتو.zip!بموتو_۱۴۰۰_۰۶_۳۱_consolidated_ن-۱۰_صورت‌های مالی تلفیقی سال مالی منتهی به ۱۴۰۰_۰۶_۳۱ (حسابرسی شده).xlsx,بموتو_۱۴۰۰_۰۶_۳۱_consolidated_ن-۱۰_صورت‌های مالی تلفیقی سال مالی منتهی به ۱۴۰۰_۰۶_۳۱ (حسابرسی شده).xlsx,HTML_MISLABELED_XLSX,.xlsx,631127,44277ad16ea7635a63ba7396f7174ffc2dcccf8fd3961c18a66bed72d1fa52fa,OK,,3079,PAYLOAD_SUBSTANTIVE,,بموتو,1400,1400/06/31,consolidated,audited,original,NOT_DETECTED,,,,1400/06/31,HTML_TABLE_1!R1C3,,,,,,NO_AUDITOR_BLOCK_DETECTED,,,NO_AUDITOR_BLOCK_DETECTED,
اکسل های صورت مالی کل زیپ ۱۳۹۲-۱۴۰۲.zip,بموتو.zip,بموتو.zip!بموتو_۱۴۰۱_۰۶_۳۱_consolidated_ن-۱۰_صورت‌های مالی تلفیقی سال مالی منتهی به ۱۴۰۱_۰۶_۳۱ (حسابرسی شده).xlsx,بموتو_۱۴۰۱_۰۶_۳۱_consolidated_ن-۱۰_صورت‌های مالی تلفیقی سال مالی منتهی به ۱۴۰۱_۰۶_۳۱ (حسابرسی شده).xlsx,HTML_MISLABELED_XLSX,.xlsx,624257,23de26661abc471f254703dd6a2c4d1b1b5571efcd496c622b03b559b1588e29,OK,,2982,PAYLOAD_SUBSTANTIVE,,بموتو,1401,1401/06/31,consolidated,audited,original,NOT_DETECTED,,,,1401/06/31,HTML_TABLE_1!R1C2,,,,,,NO_AUDITOR_BLOCK_DETECTED,,,NO_AUDITOR_BLOCK_DETECTED,
اکسل های صورت مالی کل زیپ ۱۳۹۲-۱۴۰۲.zip,بموتو.zip,بموتو.zip!بموتو_۱۴۰۲_۰۶_۳۱_consolidated_ن-۱۰_صورت‌های مالی تلفیقی سال مالی منتهی به ۱۴۰۲_۰۶_۳۱ (حسابرسی شده).xlsx,بموتو_۱۴۰۲_۰۶_۳۱_consolidated_ن-۱۰_صورت‌های مالی تلفیقی سال مالی منتهی به ۱۴۰۲_۰۶_۳۱ (حسابرسی شده).xlsx,HTML_MISLABELED_XLSX,.xlsx,708395,111e4cd3e3f416cd543b8d53432626572340fe6fe2ae62e2c311d559811ca21b,OK,,3332,PAYLOAD_SUBSTANTIVE,,بموتو,1402,1402/06/31,consolidated,audited,original,NOT_DETECTED,,,,1402/06/31,HTML_TABLE_1!R1C2,,,,,,NO_AUDITOR_BLOCK_DETECTED,,,NO_AUDITOR_BLOCK_DETECTED,
اکسل های صورت مالی کل زیپ ۱۳۹۲-۱۴۰۲.zip,بموتو.zip,بموتو.zip!بموتو_۱۴۰۳_۰۶_۳۱_consolidated_ن-۱۰_صورت‌های مالی تلفیقی سال مالی منتهی به ۱۴۰۳_۰۶_۳۱ (حسابرسی شده).xlsx,بموتو_۱۴۰۳_۰۶_۳۱_consolidated_ن-۱۰_صورت‌های مالی تلفیقی سال مالی منتهی به ۱۴۰۳_۰۶_۳۱ (حسابرسی شده).xlsx,HTML_MISLABELED_XLSX,.xlsx,303954,3aca417b31cdb36f4c68f5f3c2345742f2135088637ab88e6120bb00661265a0,OK,,1180,PAYLOAD_SUBSTANTIVE,,بموتو,1403,1403/06/31,consolidated,audited,original,NOT_DETECTED,,,,1403/06/31,HTML_TABLE_2!R22C1,,,,,,NO_AUDITOR_BLOCK_DETECTED,,,NO_AUDITOR_BLOCK_DETECTED,
اکسل های صورت مالی کل زیپ ۱۳۹۲-۱۴۰۲.zip,بوعلي.zip,بوعلي.zip!بوعلي_۱۳۹۱_۱۲_۳۰_separate_ن-۱۰_صورتهای مالی سال مالی منتهی به ۱۳۹۱_۱۲_۳۰ (حسابرسی شده).xlsx,بوعلي_۱۳۹۱_۱۲_۳۰_separate_ن-۱۰_صورتهای مالی سال مالی منتهی به ۱۳۹۱_۱۲_۳۰ (حسابرسی شده).xlsx,OLE2_LEGACY_EXCEL,.xlsx,95232,cba958e0c65b7d26c034a5015018cff20ffe286b9cd48ee0ef704977dc9c5ecc,OK,,684,PAYLOAD_SUBSTANTIVE,,بوعلی,1391,1391/12/30,separate,audited,original,DETECTED,Sheet1,9,90,1391/12/30,Sheet1!R6C4,مشروط,QUALIFIED_FAIR_WITH_EXCEPTION|HEADING_CELL,Sheet1!R40C14,Sheet1!R41C2,,,1392/04/23,Sheet1!R82C23,,پتروشیمی بوعلی سینا
اکسل های صورت مالی کل زیپ ۱۳۹۲-۱۴۰۲.zip,بوعلي.zip,بوعلي.zip!بوعلي_۱۳۹۲_۱۲_۲۹_separate_ن-۱۰_صورتهای مالی سال مالی منتهی به ۱۳۹۲_۱۲_۲۹ (حسابرسی شده).xlsx,بوعلي_۱۳۹۲_۱۲_۲۹_separate_ن-۱۰_صورتهای مالی سال مالی منتهی به ۱۳۹۲_۱۲_۲۹ (حسابرسی شده).xlsx,OLE2_LEGACY_EXCEL,.xlsx,92160,67611e3d0bf77dfbe79058e2b9ac4846063233898a76a3195c903b54b1b590b4,OK,,691,PAYLOAD_SUBSTANTIVE,,بوعلی,1392,1392/12/29,separate,audited,original,DETECTED,Sheet1,9,83,1392/12/29,Sheet1!R6C4,مشروط,QUALIFIED_FAIR_WITH_EXCEPTION|HEADING_CELL,Sheet1!R48C14,Sheet1!R49C2,,,1393/04/01,Sheet1!R75C23,,پتروشیمی بوعلی سینا
اکسل های صورت مالی کل زیپ ۱۳۹۲-۱۴۰۲.zip,بوعلي.zip,بوعلي.zip!بوعلي_۱۳۹۳_۱۲_۲۹_separate_ن-۱۰_صورتهای مالی سال مالی منتهی به ۱۳۹۳_۱۲_۲۹ (حسابرسی شده).xlsx,بوعلي_۱۳۹۳_۱۲_۲۹_separate_ن-۱۰_صورتهای مالی سال مالی منتهی به ۱۳۹۳_۱۲_۲۹ (حسابرسی شده).xlsx,OLE2_LEGACY_EXCEL,.xlsx,82944,34c8a3155b6833ef949284f8eafc0a06d3e69a6fab6edeb0e958adc0f291ecef,OK,,733,PAYLOAD_SUBSTANTIVE,,بوعلی,1393,1393/12/29,separate,audited,original,DETECTED,Sheet1,9,78,1393/12/29,Sheet1!R6C4,مقبول,UNQUALIFIED_FAIR_FORMULA|HEADING_CELL,Sheet1!R28C14,Sheet1!R29C2,,,1394/03/21,Sheet1!R70C23,,پتروشیمی بوعلی سینا
اکسل های صورت مالی کل زیپ ۱۳۹۲-۱۴۰۲.zip,بوعلي.zip,بوعلي.zip!بوعلي_۱۳۹۴_۱۲_۲۹_separate_ن-۱۰_صورت‌های مالی سال مالی منتهی به ۱۳۹۴_۱۲_۲۹ (حسابرسی شده).xlsx,بوعلي_۱۳۹۴_۱۲_۲۹_separate_ن-۱۰_صورت‌های مالی سال مالی منتهی به ۱۳۹۴_۱۲_۲۹ (حسابرسی شده).xlsx,OLE2_LEGACY_EXCEL,.xlsx,87040,07ba5943d33fb48fb75a6cb3f04bfa5eecf52f29a89c33a3c11c67ba184ec5e0,OK,,776,PAYLOAD_SUBSTANTIVE,,بوعلی,1394,1394/12/29,separate,audited,original,DETECTED,Sheet1,9,68,1394/12/29,Sheet1!R6C4,مقبول,UNQUALIFIED_FAIR_FORMULA|HEADING_CELL,Sheet1!R28C14,Sheet1!R29C2,,,1395/03/08,Sheet1!R60C23,,پتروشیمی بوعلی سینا
اکسل های صورت مالی کل زیپ ۱۳۹۲-۱۴۰۲.zip,بوعلي.zip,بوعلي.zip!بوعلي_۱۳۹۵_۱۲_۳۰_separate_ن-۱۰_صورت‌های مالی سال مالی منتهی به ۱۳۹۵_۱۲_۳۰ (حسابرسی شده).xlsx,بوعلي_۱۳۹۵_۱۲_۳۰_separate_ن-۱۰_صورت‌های مالی سال مالی منتهی به ۱۳۹۵_۱۲_۳۰ (حسابرسی شده).xlsx,OLE2_LEGACY_EXCEL,.xlsx,84480,e3d637875c400a0d82710c91607f2a1558854287a8b4636cf12508a573ec1a4a,OK,,789,PAYLOAD_SUBSTANTIVE,,بوعلی,1395,1395/12/30,separate,audited,original,DETECTED,Sheet1,11,63,1395/12/30,Sheet1!R8C4,مقبول,UNQUALIFIED_FAIR_FORMULA|HEADING_CELL,Sheet1!R29C12,Sheet1!R30C2,,,1396/03/06,Sheet1!R55C20,,پتروشیمی بوعلی سینا
اکسل های صورت مالی کل زیپ ۱۳۹۲-۱۴۰۲.zip,بوعلي.zip,بوعلي.zip!بوعلي_۱۳۹۶_۱۲_۲۹_separate_ن-۱۰_صورت‌های مالی سال مالی منتهی به ۱۳۹۶_۱۲_۲۹ (حسابرسی شده).xlsx,بوعلي_۱۳۹۶_۱۲_۲۹_separate_ن-۱۰_صورت‌های مالی سال مالی منتهی به ۱۳۹۶_۱۲_۲۹ (حسابرسی شده).xlsx,OLE2_LEGACY_EXCEL,.xlsx,89088,ea816c666ca13f5e7287c76aecad5fba97b80894f163da9b0e6de369003f4cae,OK,,774,PAYLOAD_SUBSTANTIVE,,بوعلی,1396,1396/12/29,separate,audited,original,DETECTED,Sheet1,11,76,1396/12/29,Sheet1!R8C4,مقبول,UNQUALIFIED_FAIR_FORMULA|HEADING_CELL,Sheet1!R39C12,Sheet1!R40C2,,,1397/03/23,Sheet1!R68C20,,پتروشیمی بوعلی سینا
اکسل های صورت مالی کل زیپ ۱۳۹۲-۱۴۰۲.zip,بوعلي.zip,بوعلي.zip!بوعلي_۱۳۹۷_۱۲_۲۹_separate_ن-۱۰_صورت‌های مالی سال مالی منتهی به ۱۳۹۷_۱۲_۲۹ (حسابرسی شده).xlsx,بوعلي_۱۳۹۷_۱۲_۲۹_separate_ن-۱۰_صورت‌های مالی سال مالی منتهی به ۱۳۹۷_۱۲_۲۹ (حسابرسی شده).xlsx,HTML_MISLABELED_XLSX,.xlsx,113633,b68ced719b6db1ceb4519a244d8c1f4d2a08a0dfcf9dd558cb38d8cf608ff743,OK,,495,PAYLOAD_SUBSTANTIVE,,بوعلی,1397,1397/12/29,separate,audited,original,NOT_DETECTED,,,,1397/12/29,HTML_TABLE_1!R1C2,,,,,,NO_AUDITOR_BLOCK_DETECTED,,,NO_AUDITOR_BLOCK_DETECTED,
اکسل های صورت مالی کل زیپ ۱۳۹۲-۱۴۰۲.zip,بوعلي.zip,بوعلي.zip!بوعلي_۱۳۹۷_۱۲_۲۹_separate_ن-۱۰_صورت‌های مالی سال مالی منتهی به ۱۳۹۷_۱۲_۲۹ (حسابرسی شده)(اصلاحیه).xlsx,بوعلي_۱۳۹۷_۱۲_۲۹_separate_ن-۱۰_صورت‌های مالی سال مالی منتهی به ۱۳۹۷_۱۲_۲۹ (حسابرسی شده)(اصلاحیه).xlsx,HTML_MISLABELED_XLSX,.xlsx,116696,601da23c3958146f6910d16c54ba06ad4034dfa355213833c9dcb09607ac15db,OK,,495,PAYLOAD_SUBSTANTIVE,,بوعلی,1397,1397/12/29,separate,audited,correction,NOT_DETECTED,,,,1397/12/29,HTML_TABLE_1!R1C2,,,,,,NO_AUDITOR_BLOCK_DETECTED,,,NO_AUDITOR_BLOCK_DETECTED,
اکسل های صورت مالی کل زیپ ۱۳۹۲-۱۴۰۲.zip,بوعلي.zip,بوعلي.zip!بوعلي_۱۳۹۸_۱۲_۲۹_separate_ن-۱۰_صورت‌های مالی سال مالی منتهی به ۱۳۹۸_۱۲_۲۹ (حسابرسی شده).xlsx,بوعلي_۱۳۹۸_۱۲_۲۹_separate_ن-۱۰_صورت‌های مالی سال مالی منتهی به ۱۳۹۸_۱۲_۲۹ (حسابرسی شده).xlsx,HTML_MISLABELED_XLSX,.xlsx,352223,9228f707523966f7ea8709da7f6bfe6f1f33d523d3f8800cff48fd39b1c5cd36,OK,,1747,PAYLOAD_SUBSTANTIVE,,بوعلی,1398,1398/12/29,separate,audited,original,NOT_DETECTED,,,,1398/12/29,HTML_TABLE_1!R1C2,,,,,,NO_AUDITOR_BLOCK_DETECTED,,,NO_AUDITOR_BLOCK_DETECTED,
اکسل های صورت مالی کل زیپ ۱۳۹۲-۱۴۰۲.zip,بوعلي.zip,بوعلي.zip!بوعلي_۱۳۹۹_۱۲_۳۰_separate_ن-۱۰_صورت‌های مالی سال مالی منتهی به ۱۳۹۹_۱۲_۳۰ (حسابرسی شده).xlsx,بوعلي_۱۳۹۹_۱۲_۳۰_separate_ن-۱۰_صورت‌های مالی سال مالی منتهی به ۱۳۹۹_۱۲_۳۰ (حسابرسی شده).xlsx,HTML_MISLABELED_XLSX,.xlsx,354442,2025e1d306cc97265295495edc930b2da2e8ce87dc940d03c4d309173477b4d4,OK,,1745,PAYLOAD_SUBSTANTIVE,,بوعلی,1399,1399/12/30,separate,audited,original,NOT_DETECTED,,,,1399/12/30,HTML_TABLE_1!R1C2,,,,,,NO_AUDITOR_BLOCK_DETECTED,,,NO_AUDITOR_BLOCK_DETECTED,
اکسل های صورت مالی کل زیپ ۱۳۹۲-۱۴۰۲.zip,بوعلي.zip,بوعلي.zip!بوعلي_۱۴۰۰_۱۲_۲۹_separate_ن-۱۰_صورت‌های مالی سال مالی منتهی به ۱۴۰۰_۱۲_۲۹ (حسابرسی شده).xlsx,بوعلي_۱۴۰۰_۱۲_۲۹_separate_ن-۱۰_صورت‌های مالی سال مالی منتهی به ۱۴۰۰_۱۲_۲۹ (حسابرسی شده).xlsx,HTML_MISLABELED_XLSX,.xlsx,467099,c4c3194763fdbfef076ed2fefd6a431d8f843935d7f6e26d0bd54bd8d13cd32b,OK,,2350,PAYLOAD_SUBSTANTIVE,,بوعلی,1400,1400/12/29,separate,audited,original,NOT_DETECTED,,,,1400/12/29,HTML_TABLE_1!R1C2,,,,,,NO_AUDITOR_BLOCK_DETECTED,,,NO_AUDITOR_BLOCK_DETECTED,
اکسل های صورت مالی کل زیپ ۱۳۹۲-۱۴۰۲.zip,بوعلي.zip,بوعلي.zip!بوعلي_۱۴۰۱_۱۲_۲۹_separate_ن-۱۰_صورت‌های مالی سال مالی منتهی به ۱۴۰۱_۱۲_۲۹ (حسابرسی شده).xlsx,بوعلي_۱۴۰۱_۱۲_۲۹_separate_ن-۱۰_صورت‌های مالی سال مالی منتهی به ۱۴۰۱_۱۲_۲۹ (حسابرسی شده).xlsx,HTML_MISLABELED_XLSX,.xlsx,530844,80352712b12f9c37f6f70a10d746bd850035134091ff19f5ce62f7e10dcc00e9,OK,,2668,PAYLOAD_SUBSTANTIVE,,بوعلی,1401,1401/12/29,separate,audited,original,NOT_DETECTED,,,,1401/12/29,HTML_TABLE_1!R1C2,,,,,,NO_AUDITOR_BLOCK_DETECTED,,,NO_AUDITOR_BLOCK_DETECTED,
اکسل های صورت مالی کل زیپ ۱۳۹۲-۱۴۰۲.zip,بوعلي.zip,بوعلي.zip!بوعلي_۱۴۰۲_۱۲_۲۹_separate_ن-۱۰_صورت‌های مالی سال مالی منتهی به ۱۴۰۲_۱۲_۲۹ (حسابرسی شده).xlsx,بوعلي_۱۴۰۲_۱۲_۲۹_separate_ن-۱۰_صورت‌های مالی سال مالی منتهی به ۱۴۰۲_۱۲_۲۹ (حسابرسی شده).xlsx,HTML_MISLABELED_XLSX,.xlsx,535305,756b0ecb9de152f3e1e0b63739b3ac1b8b63070ad8b9adb7d8dd216d662645f2,OK,,2711,PAYLOAD_SUBSTANTIVE,,بوعلی,1402,1402/12/29,separate,audited,original,NOT_DETECTED,,,,1402/12/29,HTML_TABLE_1!R1C2,,,,,,NO_AUDITOR_BLOCK_DETECTED,,,NO_AUDITOR_BLOCK_DETECTED,
اکسل های صورت مالی کل زیپ ۱۳۹۲-۱۴۰۲.zip,پارس.zip,پارس.zip!پارس_۱۳۹۶_۱۲_۲۹_separate_ن-۱۰_صورت‌های مالی سال مالی منتهی به ۱۳۹۶_۱۲_۲۹ (حسابرسی شده).xlsx,پارس_۱۳۹۶_۱۲_۲۹_separate_ن-۱۰_صورت‌های مالی سال مالی منتهی به ۱۳۹۶_۱۲_۲۹ (حسابرسی شده).xlsx,OLE2_LEGACY_EXCEL,.xlsx,83456,4158e79977be90e74085df5ab52c68464bd4495df5c785af107b95a9d75501b4,OK,,702,PAYLOAD_SUBSTANTIVE,,پارس,1396,1396/12/29,separate,audited,original,DETECTED,Sheet1,11,79,1396/12/29,Sheet1!R8C4,مشروط,QUALIFIED_FAIR_WITH_EXCEPTION|HEADING_CELL,Sheet1!R41C12,Sheet1!R42C2,,,1397/04/09,Sheet1!R70C20,,پتروشیمی پارس
اکسل های صورت مالی کل زیپ ۱۳۹۲-۱۴۰۲.zip,پارس.zip,پارس.zip!پارس_۱۳۹۶_۱۲_۲۹_separate_ن-۱۰_صورت‌های مالی سال مالی منتهی به ۱۳۹۶_۱۲_۲۹ (حسابرسی شده)(اصلاحیه).xlsx,پارس_۱۳۹۶_۱۲_۲۹_separate_ن-۱۰_صورت‌های مالی سال مالی منتهی به ۱۳۹۶_۱۲_۲۹ (حسابرسی شده)(اصلاحیه).xlsx,OLE2_LEGACY_EXCEL,.xlsx,83456,72f9ac5b8db5c3ed0b2baf32862ce10cce038273d1e723e9e0174d56990d63b2,OK,,702,PAYLOAD_SUBSTANTIVE,,پارس,1396,1396/12/29,separate,audited,correction,DETECTED,Sheet1,11,79,1396/12/29,Sheet1!R8C4,مشروط,QUALIFIED_FAIR_WITH_EXCEPTION|HEADING_CELL,Sheet1!R41C12,Sheet1!R42C2,,,1397/04/09,Sheet1!R70C20,,پتروشیمی پارس
اکسل های صورت مالی کل زیپ ۱۳۹۲-۱۴۰۲.zip,پارس.zip,پارس.zip!پارس_۱۳۹۷_۱۲_۲۹_separate_ن-۱۰_صورت‌های مالی سال مالی منتهی به ۱۳۹۷_۱۲_۲۹ (حسابرسی شده).xlsx,پارس_۱۳۹۷_۱۲_۲۹_separate_ن-۱۰_صورت‌های مالی سال مالی منتهی به ۱۳۹۷_۱۲_۲۹ (حسابرسی شده).xlsx,HTML_MISLABELED_XLSX,.xlsx,113692,3d0c01b6af257354c517c669b1ad285376c049dbac7d4243f5c6ddad7bdc78ba,OK,,495,PAYLOAD_SUBSTANTIVE,,پارس,1397,1397/12/29,separate,audited,original,NOT_DETECTED,,,,1397/12/29,HTML_TABLE_1!R1C2,,,,,,NO_AUDITOR_BLOCK_DETECTED,,,NO_AUDITOR_BLOCK_DETECTED,
اکسل های صورت مالی کل زیپ ۱۳۹۲-۱۴۰۲.zip,پارس.zip,پارس.zip!پارس_۱۳۹۸_۱۲_۲۹_separate_ن-۱۰_صورت‌های مالی سال مالی منتهی به ۱۳۹۸_۱۲_۲۹ (حسابرسی شده).xlsx,پارس_۱۳۹۸_۱۲_۲۹_separate_ن-۱۰_صورت‌های مالی سال مالی منتهی به ۱۳۹۸_۱۲_۲۹ (حسابرسی شده).xlsx,HTML_MISLABELED_XLSX,.xlsx,335196,415a7798ffbc1ad679773e2503308026d94841a8c510aa63187bff8b7c58f5d7,OK,,1624,PAYLOAD_SUBSTANTIVE,,پارس,1398,1398/12/29,separate,audited,original,NOT_DETECTED,,,,1398/12/29,HTML_TABLE_1!R1C2,,,,,,NO_AUDITOR_BLOCK_DETECTED,,,NO_AUDITOR_BLOCK_DETECTED,
اکسل های صورت مالی کل زیپ ۱۳۹۲-۱۴۰۲.zip,پارس.zip,پارس.zip!پارس_۱۳۹۹_۱۲_۳۰_separate_ن-۱۰_صورت‌های مالی سال مالی منتهی به ۱۳۹۹_۱۲_۳۰ (حسابرسی شده).xlsx,پارس_۱۳۹۹_۱۲_۳۰_separate_ن-۱۰_صورت‌های مالی سال مالی منتهی به ۱۳۹۹_۱۲_۳۰ (حسابرسی شده).xlsx,HTML_MISLABELED_XLSX,.xlsx,339035,e020cadd43d40794214bdfabeeeb058ec40541a56ff6b1c49bfd1b58c4e56364,OK,,1652,PAYLOAD_SUBSTANTIVE,,پارس,1399,1399/12/30,separate,audited,original,NOT_DETECTED,,,,1399/12/30,HTML_TABLE_1!R1C2,,,,,,NO_AUDITOR_BLOCK_DETECTED,,,NO_AUDITOR_BLOCK_DETECTED,
اکسل های صورت مالی کل زیپ ۱۳۹۲-۱۴۰۲.zip,پارس.zip,پارس.zip!پارس_۱۴۰۰_۱۲_۲۹_separate_ن-۱۰_صورت‌های مالی سال مالی منتهی به ۱۴۰۰_۱۲_۲۹ (حسابرسی شده).xlsx,پارس_۱۴۰۰_۱۲_۲۹_separate_ن-۱۰_صورت‌های مالی سال مالی منتهی به ۱۴۰۰_۱۲_۲۹ (حسابرسی شده).xlsx,HTML_MISLABELED_XLSX,.xlsx,420430,f0909c2978320a1e29a99e3759494b41ebaeed78b1b6a30b2ef26a987c867f26,OK,,2047,PAYLOAD_SUBSTANTIVE,,پارس,1400,1400/12/29,separate,audited,original,NOT_DETECTED,,,,1400/12/29,HTML_TABLE_1!R1C2,,,,,,NO_AUDITOR_BLOCK_DETECTED,,,NO_AUDITOR_BLOCK_DETECTED,
اکسل های صورت مالی کل زیپ ۱۳۹۲-۱۴۰۲.zip,پارس.zip,پارس.zip!پارس_۱۴۰۱_۱۲_۲۹_separate_ن-۱۰_صورت‌های مالی سال مالی منتهی به ۱۴۰۱_۱۲_۲۹ (حسابرسی شده).xlsx,پارس_۱۴۰۱_۱۲_۲۹_separate_ن-۱۰_صورت‌های مالی سال مالی منتهی به ۱۴۰۱_۱۲_۲۹ (حسابرسی شده).xlsx,HTML_MISLABELED_XLSX,.xlsx,463164,042b77b762006ec85a1e7eff48b0ddfde7a1e4758832b612ba95c87774b8a19b,OK,,2280,PAYLOAD_SUBSTANTIVE,,پارس,1401,1401/12/29,separate,audited,original,NOT_DETECTED,,,,1401/12/29,HTML_TABLE_1!R1C2,,,,,,NO_AUDITOR_BLOCK_DETECTED,,,NO_AUDITOR_BLOCK_DETECTED,
اکسل های صورت مالی کل زیپ ۱۳۹۲-۱۴۰۲.zip,پارس.zip,پارس.zip!پارس_۱۴۰۲_۱۲_۲۹_separate_ن-۱۰_صورت‌های مالی سال مالی منتهی به ۱۴۰۲_۱۲_۲۹ (حسابرسی شده).xlsx,پارس_۱۴۰۲_۱۲_۲۹_separate_ن-۱۰_صورت‌های مالی سال مالی منتهی به ۱۴۰۲_۱۲_۲۹ (حسابرسی شده).xlsx,HTML_MISLABELED_XLSX,.xlsx,454061,3f8702ebef69687adbed2705f7b2a6b5c7ed5d4ee0a00c7054d19845986f45f5,OK,,2222,PAYLOAD_SUBSTANTIVE,,پارس,1402,1402/12/29,separate,audited,original,NOT_DETECTED,,,,1402/12/29,HTML_TABLE_1!R1C2,,,,,,NO_AUDITOR_BLOCK_DETECTED,,,NO_AUDITOR_BLOCK_DETECTED,
اکسل های صورت مالی کل زیپ ۱۳۹۲-۱۴۰۲.zip,پارسان.zip,پارسان.zip!پارسان_۱۳۹۲_۰۹_۳۰_separate_ن-۱۰_صورتهای مالی سال مالی منتهی به ۱۳۹۲_۰۹_۳۰ (حسابرسی شده).xlsx,پارسان_۱۳۹۲_۰۹_۳۰_separate_ن-۱۰_صورتهای مالی سال مالی منتهی به ۱۳۹۲_۰۹_۳۰ (حسابرسی شده).xlsx,OLE2_LEGACY_EXCEL,.xlsx,104960,5e010bcaa994b13e4cb5ed19486254aed1e67ef80f2adf1d6fa068355207960b,OK,,1099,PAYLOAD_SUBSTANTIVE,,پارسان,1392,1392/09/30,separate,audited,original,DETECTED,Sheet1,9,100,1392/09/30,Sheet1!R6C4,مشروط,QUALIFIED_FAIR_WITH_EXCEPTION|HEADING_CELL,Sheet1!R58C14,Sheet1!R59C2,,,1392/11/24,Sheet1!R92C23,,گروه گسترش نفت و گاز پارسیان
اکسل های صورت مالی کل زیپ ۱۳۹۲-۱۴۰۲.zip,پارسان.zip,پارسان.zip!پارسان_۱۳۹۴_۰۶_۳۱_separate_ن-۱۰_صورت‌های مالی سال مالی منتهی به ۱۳۹۴_۰۶_۳۱ (حسابرسی شده).xlsx,پارسان_۱۳۹۴_۰۶_۳۱_separate_ن-۱۰_صورت‌های مالی سال مالی منتهی به ۱۳۹۴_۰۶_۳۱ (حسابرسی شده).xlsx,OLE2_LEGACY_EXCEL,.xlsx,101888,c0a3ee5a52ffb24353186129a2ce5702ad31d609a998bf210e4389bdafcffd8a,OK,,1170,PAYLOAD_SUBSTANTIVE,,پارسان,1394,1394/06/31,separate,audited,original,DETECTED,Sheet1,9,83,1394/06/31,Sheet1!R6C4,مشروط,QUALIFIED_FAIR_WITH_EXCEPTION|HEADING_CELL,Sheet1!R35C14,Sheet1!R36C2,,,1394/10/19,Sheet1!R75C23,,گروه گسترش نفت و گاز پارسیان
اکسل های صورت مالی کل زیپ ۱۳۹۲-۱۴۰۲.zip,پارسان.zip,پارسان.zip!پارسان_۱۳۹۵_۰۶_۳۱_separate_ن-۱۰_صورت‌های مالی سال مالی منتهی به ۱۳۹۵_۰۶_۳۱ (حسابرسی شده).xlsx,پارسان_۱۳۹۵_۰۶_۳۱_separate_ن-۱۰_صورت‌های مالی سال مالی منتهی به ۱۳۹۵_۰۶_۳۱ (حسابرسی شده).xlsx,OLE2_LEGACY_EXCEL,.xlsx,133120,22681bdc1afcfae24d25a554565d443d0f99a67a005c8096b3479c8e8e498f70,OK,,1476,PAYLOAD_SUBSTANTIVE,,پارسان,1395,1395/06/31,separate,audited,original,DETECTED,Sheet1,11,100,1395/06/31,Sheet1!R8C4,مشروط,QUALIFIED_FAIR_WITH_EXCEPTION|HEADING_CELL,Sheet1!R43C12,Sheet1!R44C2,,,1395/10/18,Sheet1!R92C20,,گروه گسترش نفت و گاز پارسیان
اکسل های صورت مالی کل زیپ ۱۳۹۲-۱۴۰۲.zip,پارسان.zip,پارسان.zip!پارسان_۱۳۹۶_۰۶_۳۱_separate_ن-۱۰_صورت‌های مالی سال مالی منتهی به ۱۳۹۶_۰۶_۳۱ (حسابرسی شده).xlsx,پارسان_۱۳۹۶_۰۶_۳۱_separate_ن-۱۰_صورت‌های مالی سال مالی منتهی به ۱۳۹۶_۰۶_۳۱ (حسابرسی شده).xlsx,OLE2_LEGACY_EXCEL,.xlsx,117760,730fe806501137b8f27458f9fcaf9454d1b449965a0b91ab9f1de8e204d3d5a7,OK,,1304,PAYLOAD_SUBSTANTIVE,,پارسان,1396,1396/06/31,separate,audited,original,DETECTED,Sheet1,11,79,1396/06/31,Sheet1!R8C4,مشروط,QUALIFIED_FAIR_WITH_EXCEPTION|HEADING_CELL,Sheet1!R38C12,Sheet1!R39C2,,,1396/10/07,Sheet1!R70C20,,گروه گسترش نفت و گاز پارسیان
اکسل های صورت مالی کل زیپ ۱۳۹۲-۱۴۰۲.zip,پارسان.zip,پارسان.zip!پارسان_۱۳۹۷_۰۶_۳۱_separate_ن-۱۰_صورت‌های مالی سال مالی منتهی به ۱۳۹۷_۰۶_۳۱ (حسابرسی شده).xlsx,پارسان_۱۳۹۷_۰۶_۳۱_separate_ن-۱۰_صورت‌های مالی سال مالی منتهی به ۱۳۹۷_۰۶_۳۱ (حسابرسی شده).xlsx,OLE2_LEGACY_EXCEL,.xlsx,118272,ec741784fed1a1d3cf52f4d8ccf1b08adb09c3d0cc638f3eecc443f884099733,OK,,1313,PAYLOAD_SUBSTANTIVE,,پارسان,1397,1397/06/31,separate,audited,original,DETECTED,Sheet1,11,94,1397/06/31,Sheet1!R8C4,مشروط,QUALIFIED_FAIR_WITH_EXCEPTION|HEADING_CELL,Sheet1!R36C12,Sheet1!R37C2,,,1397/10/09,Sheet1!R85C20,,گروه گسترش نفت و گاز پارسیان
اکسل های صورت مالی کل زیپ ۱۳۹۲-۱۴۰۲.zip,پارسان.zip,پارسان.zip!پارسان_۱۳۹۸_۰۶_۳۱_separate_ن-۱۰_صورت‌های مالی سال مالی منتهی به ۱۳۹۸_۰۶_۳۱ (حسابرسی شده).xlsx,پارسان_۱۳۹۸_۰۶_۳۱_separate_ن-۱۰_صورت‌های مالی سال مالی منتهی به ۱۳۹۸_۰۶_۳۱ (حسابرسی شده).xlsx,HTML_MISLABELED_XLSX,.xlsx,216830,653881bbc57e1e914f5810fb13289b76cdee9bde835ab41a63c503b70459093d,OK,,1536,PAYLOAD_SUBSTANTIVE,,پارسان,1398,1398/06/31,separate,audited,original,NOT_DETECTED,,,,1398/06/31,HTML_TABLE_1!R1C2,,,,,,NO_AUDITOR_BLOCK_DETECTED,,,NO_AUDITOR_BLOCK_DETECTED,
اکسل های صورت مالی کل زیپ ۱۳۹۲-۱۴۰۲.zip,پارسان.zip,پارسان.zip!پارسان_۱۳۹۹_۰۶_۳۱_separate_ن-۱۰_صورت‌های مالی سال مالی منتهی به ۱۳۹۹_۰۶_۳۱ (حسابرسی شده).xlsx,پارسان_۱۳۹۹_۰۶_۳۱_separate_ن-۱۰_صورت‌های مالی سال مالی منتهی به ۱۳۹۹_۰۶_۳۱ (حسابرسی شده).xlsx,HTML_MISLABELED_XLSX,.xlsx,303957,b44d169c8d85cdee3c0b25bce903f0d1b1e03bac505e8bdda62db2d29fc53b5e,OK,,2066,PAYLOAD_SUBSTANTIVE,,پارسان,1399,1399/06/31,separate,audited,original,NOT_DETECTED,,,,1399/06/31,HTML_TABLE_1!R1C2,,,,,,NO_AUDITOR_BLOCK_DETECTED,,,NO_AUDITOR_BLOCK_DETECTED,
اکسل های صورت مالی کل زیپ ۱۳۹۲-۱۴۰۲.zip,پارسان.zip,پارسان.zip!پارسان_۱۴۰۰_۰۶_۳۱_separate_ن-۱۰_صورت‌های مالی سال مالی منتهی به ۱۴۰۰_۰۶_۳۱ (حسابرسی شده).xlsx,پارسان_۱۴۰۰_۰۶_۳۱_separate_ن-۱۰_صورت‌های مالی سال مالی منتهی به ۱۴۰۰_۰۶_۳۱ (حسابرسی شده).xlsx,HTML_MISLABELED_XLSX,.xlsx,346308,d9b9c479c2b563d07446c0b8c0d47146acdf543520e7c84c915a4d2fb172a7b3,OK,,1849,PAYLOAD_SUBSTANTIVE,,پارسان,1400,1400/06/31,separate,audited,original,NOT_DETECTED,,,,1400/06/31,HTML_TABLE_2!R1C3,,,,,,NO_AUDITOR_BLOCK_DETECTED,,,NO_AUDITOR_BLOCK_DETECTED,
اکسل های صورت مالی کل زیپ ۱۳۹۲-۱۴۰۲.zip,پارسان.zip,پارسان.zip!پارسان_۱۴۰۱_۰۶_۳۱_separate_ن-۱۰_صورت‌های مالی سال مالی منتهی به ۱۴۰۱_۰۶_۳۱ (حسابرسی شده).xlsx,پارسان_۱۴۰۱_۰۶_۳۱_separate_ن-۱۰_صورت‌های مالی سال مالی منتهی به ۱۴۰۱_۰۶_۳۱ (حسابرسی شده).xlsx,HTML_MISLABELED_XLSX,.xlsx,357315,8ab89d10470459614f3d91b093e1d616e05214336670f55fed6b403fa5e47d4a,OK,,1839,PAYLOAD_SUBSTANTIVE,,پارسان,1401,1401/06/31,separate,audited,original,NOT_DETECTED,,,,1401/06/31,HTML_TABLE_2!R1C3,,,,,,NO_AUDITOR_BLOCK_DETECTED,,,NO_AUDITOR_BLOCK_DETECTED,
اکسل های صورت مالی کل زیپ ۱۳۹۲-۱۴۰۲.zip,پارسان.zip,پارسان.zip!پارسان_۱۴۰۲_۰۶_۳۱_separate_ن-۱۰_صورت‌های مالی سال مالی منتهی به ۱۴۰۲_۰۶_۳۱ (حسابرسی شده).xlsx,پارسان_۱۴۰۲_۰۶_۳۱_separate_ن-۱۰_صورت‌های مالی سال مالی منتهی به ۱۴۰۲_۰۶_۳۱ (حسابرسی شده).xlsx,HTML_MISLABELED_XLSX,.xlsx,380253,b95e4e8c8151d1df010deb0b9ede3d84025a2d05783de0dd71a2979c33bb388f,OK,,1941,PAYLOAD_SUBSTANTIVE,,پارسان,1402,1402/06/31,separate,audited,original,NOT_DETECTED,,,,1402/06/31,HTML_TABLE_2!R1C3,,,,,,NO_AUDITOR_BLOCK_DETECTED,,,NO_AUDITOR_BLOCK_DETECTED,
اکسل های صورت مالی کل زیپ ۱۳۹۲-۱۴۰۲.zip,پارسان.zip,پارسان.zip!پارسان_۱۴۰۳_۰۶_۳۱_separate_ن-۱۰_صورت‌های مالی سال مالی منتهی به ۱۴۰۳_۰۶_۳۱ (حسابرسی شده).xlsx,پارسان_۱۴۰۳_۰۶_۳۱_separate_ن-۱۰_صورت‌های مالی سال مالی منتهی به ۱۴۰۳_۰۶_۳۱ (حسابرسی شده).xlsx,HTML_MISLABELED_XLSX,.xlsx,426550,40a30c6c0c6f4a466c6a85bfcafa47be408bc0854a47345fdd8931c597644574,OK,,1900,PAYLOAD_SUBSTANTIVE,,پارسان,1403,1403/06/31,separate,audited,original,NOT_DETECTED,,,,1403/06/31,HTML_TABLE_2!R1C1,,,,,,NO_AUDITOR_BLOCK_DETECTED,,,NO_AUDITOR_BLOCK_DETECTED,
اکسل های صورت مالی کل زیپ ۱۳۹۲-۱۴۰۲.zip,پدرخش.zip,پدرخش.zip!پدرخش_۱۳۹۱_۱۲_۳۰_separate_ن-۱۰_صورتهای مالی سال مالی منتهی به ۱۳۹۱_۱۲_۳۰ (حسابرسی شده).xlsx,پدرخش_۱۳۹۱_۱۲_۳۰_separate_ن-۱۰_صورتهای مالی سال مالی منتهی به ۱۳۹۱_۱۲_۳۰ (حسابرسی شده).xlsx,OLE2_LEGACY_EXCEL,.xlsx,51712,c1c467273a80f439fb5b31f018a7314c047610e9431a9bdc6b147cacd5522cf3,OK,,436,PAYLOAD_SUBSTANTIVE,,پدرخش,1391,1391/12/30,separate,audited,original,DETECTED,Sheet1,9,58,1391/12/30,Sheet1!R6C4,مشروط,QUALIFIED_FAIR_WITH_EXCEPTION|HEADING_CELL,Sheet1!R32C14,Sheet1!R34C2,,,1392/04/15,Sheet1!R51C23,,تولیدی و صنعتی درخشان تهران
اکسل های صورت مالی کل زیپ ۱۳۹۲-۱۴۰۲.zip,پدرخش.zip,پدرخش.zip!پدرخش_۱۳۹۲_۱۲_۲۹_separate_ن-۱۰_صورتهای مالی سال مالی منتهی به ۱۳۹۲_۱۲_۲۹ (حسابرسی شده).xlsx,پدرخش_۱۳۹۲_۱۲_۲۹_separate_ن-۱۰_صورتهای مالی سال مالی منتهی به ۱۳۹۲_۱۲_۲۹ (حسابرسی شده).xlsx,OLE2_LEGACY_EXCEL,.xlsx,72192,8ddbb51135f777cc055f5747f1c974f5571633bed1bec123130e9135e3fb1498,OK,,567,PAYLOAD_SUBSTANTIVE,,پدرخش,1392,1392/12/29,separate,audited,original,DETECTED,Sheet1,9,81,1392/12/29,Sheet1!R6C4,مقبول,UNQUALIFIED_FAIR_FORMULA|HEADING_CELL,Sheet1!R37C14,Sheet1!R38C2,,,1393/03/04,Sheet1!R72C23,,تولیدی و صنعتی درخشان تهران
اکسل های صورت مالی کل زیپ ۱۳۹۲-۱۴۰۲.zip,پدرخش.zip,پدرخش.zip!پدرخش_۱۳۹۲_۱۲_۲۹_separate_ن-۱۰_صورتهای مالی سال مالی منتهی به ۱۳۹۲_۱۲_۲۹ (حسابرسی شده)(اصلاحیه).xlsx,پدرخش_۱۳۹۲_۱۲_۲۹_separate_ن-۱۰_صورتهای مالی سال مالی منتهی به ۱۳۹۲_۱۲_۲۹ (حسابرسی شده)(اصلاحیه).xlsx,OLE2_LEGACY_EXCEL,.xlsx,71680,3c7c73c47c4808488add958e33bad99edaa38888a8292ea5a26488dd95278dc6,OK,,567,PAYLOAD_SUBSTANTIVE,,پدرخش,1392,1392/12/29,separate,audited,correction,DETECTED,Sheet1,9,81,1392/12/29,Sheet1!R6C4,مقبول,UNQUALIFIED_FAIR_FORMULA|HEADING_CELL,Sheet1!R37C14,Sheet1!R38C2,,,1393/03/04,Sheet1!R72C23,,تولیدی و صنعتی درخشان تهران
اکسل های صورت مالی کل زیپ ۱۳۹۲-۱۴۰۲.zip,پدرخش.zip,پدرخش.zip!پدرخش_۱۳۹۳_۱۲_۲۹_separate_ن-۱۰_صورتهای مالی سال مالی منتهی به ۱۳۹۳_۱۲_۲۹ (حسابرسی شده).xlsx,پدرخش_۱۳۹۳_۱۲_۲۹_separate_ن-۱۰_صورتهای مالی سال مالی منتهی به ۱۳۹۳_۱۲_۲۹ (حسابرسی شده).xlsx,OLE2_LEGACY_EXCEL,.xlsx,68608,434903ac0ac3290e02465cf6419a13e2610b282c345636cdbc30ddc0177cfbb6,OK,,591,PAYLOAD_SUBSTANTIVE,,پدرخش,1393,1393/12/29,separate,audited,original,DETECTED,Sheet1,9,59,1393/12/29,Sheet1!R6C4,مقبول,UNQUALIFIED_FAIR_FORMULA|HEADING_CELL,Sheet1!R28C14,Sheet1!R29C2,,,1394/04/14,Sheet1!R51C23,,تولیدی و صنعتی درخشان تهران
اکسل های صورت مالی کل زیپ ۱۳۹۲-۱۴۰۲.zip,پدرخش.zip,پدرخش.zip!پدرخش_۱۳۹۴_۱۲_۲۹_separate_ن-۱۰_صورت‌های مالی سال مالی منتهی به ۱۳۹۴_۱۲_۲۹ (حسابرسی شده).xlsx,پدرخش_۱۳۹۴_۱۲_۲۹_separate_ن-۱۰_صورت‌های مالی سال مالی منتهی به ۱۳۹۴_۱۲_۲۹ (حسابرسی شده).xlsx,OLE2_LEGACY_EXCEL,.xlsx,76288,0c91721d709e8fc4174ba279ae60646824b35990ff3616ca54ffdd82779bc94e,OK,,632,PAYLOAD_SUBSTANTIVE,,پدرخش,1394,1394/12/29,separate,audited,original,DETECTED,Sheet1,9,56,1394/12/29,Sheet1!R6C4,مقبول,UNQUALIFIED_FAIR_FORMULA|HEADING_CELL,Sheet1!R28C14,Sheet1!R29C2,,,1395/04/09,Sheet1!R48C23,,تولیدی و صنعتی درخشان تهران
اکسل های صورت مالی کل زیپ ۱۳۹۲-۱۴۰۲.zip,پدرخش.zip,پدرخش.zip!پدرخش_۱۳۹۵_۱۲_۳۰_separate_ن-۱۰_صورت‌های مالی سال مالی منتهی به ۱۳۹۵_۱۲_۳۰ (حسابرسی شده).xlsx,پدرخش_۱۳۹۵_۱۲_۳۰_separate_ن-۱۰_صورت‌های مالی سال مالی منتهی به ۱۳۹۵_۱۲_۳۰ (حسابرسی شده).xlsx,OLE2_LEGACY_EXCEL,.xlsx,75264,5b161e7ed283ecb9ae7d49f1481d852b92837aebb8004091ee6cbb2546ac241c,OK,,632,PAYLOAD_SUBSTANTIVE,,پدرخش,1395,1395/12/30,separate,audited,original,DETECTED,Sheet1,11,62,1395/12/30,Sheet1!R8C4,مقبول,UNQUALIFIED_FAIR_FORMULA|HEADING_CELL,Sheet1!R29C12,Sheet1!R30C2,,,1396/04/14,Sheet1!R54C20,,تولیدی و صنعتی درخشان تهران
اکسل های صورت مالی کل زیپ ۱۳۹۲-۱۴۰۲.zip,پدرخش.zip,پدرخش.zip!پدرخش_۱۳۹۶_۱۲_۲۹_separate_ن-۱۰_صورت‌های مالی سال مالی منتهی به ۱۳۹۶_۱۲_۲۹ (حسابرسی شده).xlsx,پدرخش_۱۳۹۶_۱۲_۲۹_separate_ن-۱۰_صورت‌های مالی سال مالی منتهی به ۱۳۹۶_۱۲_۲۹ (حسابرسی شده).xlsx,OLE2_LEGACY_EXCEL,.xlsx,76800,46dd646b3a1643586e2c1ea990a95bee9f227717a16f50aa33008f42aea083d3,OK,,634,PAYLOAD_SUBSTANTIVE,,پدرخش,1396,1396/12/29,separate,audited,original,DETECTED,Sheet1,11,66,1396/12/29,Sheet1!R8C4,مقبول,UNQUALIFIED_FAIR_FORMULA|HEADING_CELL,Sheet1!R29C12,Sheet1!R30C2,,,1397/04/05,Sheet1!R58C20,,تولیدی و صنعتی درخشان تهران
اکسل های صورت مالی کل زیپ ۱۳۹۲-۱۴۰۲.zip,پدرخش.zip,پدرخش.zip!پدرخش_۱۳۹۷_۱۲_۲۹_separate_ن-۱۰_صورت‌های مالی سال مالی منتهی به ۱۳۹۷_۱۲_۲۹ (حسابرسی شده).xlsx,پدرخش_۱۳۹۷_۱۲_۲۹_separate_ن-۱۰_صورت‌های مالی سال مالی منتهی به ۱۳۹۷_۱۲_۲۹ (حسابرسی شده).xlsx,HTML_MISLABELED_XLSX,.xlsx,113481,bdeeea479909120d2e987db61b54a003944291a2aa46964c966d2be1271a727f,OK,,495,PAYLOAD_SUBSTANTIVE,,پدرخش,1397,1397/12/29,separate,audited,original,NOT_DETECTED,,,,1397/12/29,HTML_TABLE_1!R1C2,,,,,,NO_AUDITOR_BLOCK_DETECTED,,,NO_AUDITOR_BLOCK_DETECTED,
اکسل های صورت مالی کل زیپ ۱۳۹۲-۱۴۰۲.zip,پدرخش.zip,پدرخش.zip!پدرخش_۱۳۹۸_۱۲_۲۹_separate_ن-۱۰_صورت‌های مالی سال مالی منتهی به ۱۳۹۸_۱۲_۲۹ (حسابرسی شده).xlsx,پدرخش_۱۳۹۸_۱۲_۲۹_separate_ن-۱۰_صورت‌های مالی سال مالی منتهی به ۱۳۹۸_۱۲_۲۹ (حسابرسی شده).xlsx,HTML_MISLABELED_XLSX,.xlsx,332003,291e96703143dba54cba15c2387fe2b1a3a383ff4412dbd1856989a0e4bfd7b5,OK,,1614,PAYLOAD_SUBSTANTIVE,,پدرخش,1398,1398/12/29,separate,audited,original,NOT_DETECTED,,,,1398/12/29,HTML_TABLE_1!R1C2,,,,,,NO_AUDITOR_BLOCK_DETECTED,,,NO_AUDITOR_BLOCK_DETECTED,
اکسل های صورت مالی کل زیپ ۱۳۹۲-۱۴۰۲.zip,پدرخش.zip,پدرخش.zip!پدرخش_۱۳۹۹_۱۲_۳۰_separate_ن-۱۰_صورت‌های مالی سال مالی منتهی به ۱۳۹۹_۱۲_۳۰ (حسابرسی شده).xlsx,پدرخش_۱۳۹۹_۱۲_۳۰_separate_ن-۱۰_صورت‌های مالی سال مالی منتهی به ۱۳۹۹_۱۲_۳۰ (حسابرسی شده).xlsx,HTML_MISLABELED_XLSX,.xlsx,335252,2ee0329eb3f323215acacaa45dceea0eb78ad8f19aa4d26ca87caefd681fc565,OK,,1646,PAYLOAD_SUBSTANTIVE,,پدرخش,1399,1399/12/30,separate,audited,original,NOT_DETECTED,,,,1399/12/30,HTML_TABLE_1!R1C2,,,,,,NO_AUDITOR_BLOCK_DETECTED,,,NO_AUDITOR_BLOCK_DETECTED,
اکسل های صورت مالی کل زیپ ۱۳۹۲-۱۴۰۲.zip,پدرخش.zip,پدرخش.zip!پدرخش_۱۴۰۰_۱۲_۲۹_separate_ن-۱۰_صورت‌های مالی سال مالی منتهی به ۱۴۰۰_۱۲_۲۹ (حسابرسی شده).xlsx,پدرخش_۱۴۰۰_۱۲_۲۹_separate_ن-۱۰_صورت‌های مالی سال مالی منتهی به ۱۴۰۰_۱۲_۲۹ (حسابرسی شده).xlsx,HTML_MISLABELED_XLSX,.xlsx,409711,a54b11ae7b355c1e86d5be5e01fea85e7ed54cd512024933055089df95526f3b,OK,,2014,PAYLOAD_SUBSTANTIVE,,پدرخش,1400,1400/12/29,separate,audited,original,NOT_DETECTED,,,,1400/12/29,HTML_TABLE_1!R1C2,,,,,,NO_AUDITOR_BLOCK_DETECTED,,,NO_AUDITOR_BLOCK_DETECTED,
اکسل های صورت مالی کل زیپ ۱۳۹۲-۱۴۰۲.zip,پدرخش.zip,پدرخش.zip!پدرخش_۱۴۰۱_۱۲_۲۹_separate_ن-۱۰_صورت‌های مالی سال مالی منتهی به ۱۴۰۱_۱۲_۲۹ (حسابرسی شده).xlsx,پدرخش_۱۴۰۱_۱۲_۲۹_separate_ن-۱۰_صورت‌های مالی سال مالی منتهی به ۱۴۰۱_۱۲_۲۹ (حسابرسی شده).xlsx,HTML_MISLABELED_XLSX,.xlsx,435532,4311872319126453c45f40de4b500f4e303739388a050f64b2730e61c945f183,OK,,2112,PAYLOAD_SUBSTANTIVE,,پدرخش,1401,1401/12/29,separate,audited,original,NOT_DETECTED,,,,1401/12/29,HTML_TABLE_1!R1C2,,,,,,NO_AUDITOR_BLOCK_DETECTED,,,NO_AUDITOR_BLOCK_DETECTED,
اکسل های صورت مالی کل زیپ ۱۳۹۲-۱۴۰۲.zip,پدرخش.zip,پدرخش.zip!پدرخش_۱۴۰۲_۱۲_۲۹_separate_ن-۱۰_صورت‌های مالی سال مالی منتهی به ۱۴۰۲_۱۲_۲۹ (حسابرسی شده).xlsx,پدرخش_۱۴۰۲_۱۲_۲۹_separate_ن-۱۰_صورت‌های مالی سال مالی منتهی به ۱۴۰۲_۱۲_۲۹ (حسابرسی شده).xlsx,HTML_MISLABELED_XLSX,.xlsx,421838,f9c67a0f5dde769156e7439eacae8084a578a9078e7252788a68b22b526371a9,OK,,2058,PAYLOAD_SUBSTANTIVE,,پدرخش,1402,1402/12/29,separate,audited,original,NOT_DETECTED,,,,1402/12/29,HTML_TABLE_1!R1C2,,,,,,NO_AUDITOR_BLOCK_DETECTED,,,NO_AUDITOR_BLOCK_DETECTED,
اکسل های صورت مالی کل زیپ ۱۳۹۲-۱۴۰۲.zip,پرداخت.zip,پرداخت.zip!پرداخت_۱۳۹۵_۱۲_۳۰_separate_ن-۱۰_صورت‌های مالی سال مالی منتهی به ۱۳۹۵_۱۲_۳۰ (حسابرسی شده).xlsx,پرداخت_۱۳۹۵_۱۲_۳۰_separate_ن-۱۰_صورت‌های مالی سال مالی منتهی به ۱۳۹۵_۱۲_۳۰ (حسابرسی شده).xlsx,OLE2_LEGACY_EXCEL,.xlsx,68608,e2e6cf5f15d96f3387fa20f4022c00e4ca1c264c09fd7d17aac4a1c78cd9fb6e,OK,,566,PAYLOAD_SUBSTANTIVE,,پرداخت,1395,1395/12/30,separate,audited,original,DETECTED,Sheet1,11,70,1395/12/30,Sheet1!R8C4,مقبول,UNQUALIFIED_FAIR_FORMULA|HEADING_CELL,Sheet1!R33C12,Sheet1!R35C2,,,1396/02/09,Sheet1!R61C20,,به پرداخت ملت
اکسل های صورت مالی کل زیپ ۱۳۹۲-۱۴۰۲.zip,پرداخت.zip,پرداخت.zip!پرداخت_۱۳۹۶_۱۲_۲۹_separate_ن-۱۰_صورت‌های مالی سال مالی منتهی به ۱۳۹۶_۱۲_۲۹ (حسابرسی شده).xlsx,پرداخت_۱۳۹۶_۱۲_۲۹_separate_ن-۱۰_صورت‌های مالی سال مالی منتهی به ۱۳۹۶_۱۲_۲۹ (حسابرسی شده).xlsx,OLE2_LEGACY_EXCEL,.xlsx,73216,85d74f807f0d6c328fb625b84d9d33709b2949052e8b0a71d220838391e5a940,OK,,567,PAYLOAD_SUBSTANTIVE,,پرداخت,1396,1396/12/29,separate,audited,original,DETECTED,Sheet1,11,82,1396/12/29,Sheet1!R8C4,مقبول,UNQUALIFIED_FAIR_FORMULA|HEADING_CELL,Sheet1!R33C12,Sheet1!R35C2,,,1397/02/09,Sheet1!R73C20,,به پرداخت ملت
اکسل های صورت مالی کل زیپ ۱۳۹۲-۱۴۰۲.zip,پرداخت.zip,پرداخت.zip!پرداخت_۱۳۹۶_۱۲_۲۹_separate_ن-۱۰_صورت‌های مالی سال مالی منتهی به ۱۳۹۶_۱۲_۲۹ (حسابرسی شده)(اصلاحیه).xlsx,پرداخت_۱۳۹۶_۱۲_۲۹_separate_ن-۱۰_صورت‌های مالی سال مالی منتهی به ۱۳۹۶_۱۲_۲۹ (حسابرسی شده)(اصلاحیه).xlsx,OLE2_LEGACY_EXCEL,.xlsx,72704,60a6cd1e21b92a8343e4c82f5c5e64c8c21c0aeb521fe26641f1b1ff7b06f97f,OK,,567,PAYLOAD_SUBSTANTIVE,,پرداخت,1396,1396/12/29,separate,audited,correction,DETECTED,Sheet1,11,81,1396/12/29,Sheet1!R8C4,مقبول,UNQUALIFIED_FAIR_FORMULA|HEADING_CELL,Sheet1!R33C12,Sheet1!R35C2,,,1397/02/09,Sheet1!R72C20,,به پرداخت ملت
اکسل های صورت مالی کل زیپ ۱۳۹۲-۱۴۰۲.zip,پرداخت.zip,پرداخت.zip!پرداخت_۱۳۹۷_۱۲_۲۹_separate_ن-۱۰_صورت‌های مالی سال مالی منتهی به ۱۳۹۷_۱۲_۲۹ (حسابرسی شده).xlsx,پرداخت_۱۳۹۷_۱۲_۲۹_separate_ن-۱۰_صورت‌های مالی سال مالی منتهی به ۱۳۹۷_۱۲_۲۹ (حسابرسی شده).xlsx,HTML_MISLABELED_XLSX,.xlsx,113384,a6cfbc8f356634cdc4527652665f48a66894f4dbc4efbdfdd8dbd81ae8b78ba8,OK,,495,PAYLOAD_SUBSTANTIVE,,پرداخت,1397,1397/12/29,separate,audited,original,NOT_DETECTED,,,,1397/12/29,HTML_TABLE_1!R1C2,,,,,,NO_AUDITOR_BLOCK_DETECTED,,,NO_AUDITOR_BLOCK_DETECTED,
اکسل های صورت مالی کل زیپ ۱۳۹۲-۱۴۰۲.zip,پرداخت.zip,پرداخت.zip!پرداخت_۱۳۹۸_۱۲_۲۹_separate_ن-۱۰_صورت‌های مالی سال مالی منتهی به ۱۳۹۸_۱۲_۲۹ (حسابرسی شده).xlsx,پرداخت_۱۳۹۸_۱۲_۲۹_separate_ن-۱۰_صورت‌های مالی سال مالی منتهی به ۱۳۹۸_۱۲_۲۹ (حسابرسی شده).xlsx,HTML_MISLABELED_XLSX,.xlsx,258806,f8a76f30905d728a9fe5562896765d955804c22d7fd7901b3c323b4eb7ec3071,OK,,1203,PAYLOAD_SUBSTANTIVE,,پرداخت,1398,1398/12/29,separate,audited,original,NOT_DETECTED,,,,1398/12/29,HTML_TABLE_1!R1C3,,,,,,NO_AUDITOR_BLOCK_DETECTED,,,NO_AUDITOR_BLOCK_DETECTED,
اکسل های صورت مالی کل زیپ ۱۳۹۲-۱۴۰۲.zip,پرداخت.zip,پرداخت.zip!پرداخت_۱۳۹۹_۱۲_۳۰_separate_ن-۱۰_صورت‌های مالی سال مالی منتهی به ۱۳۹۹_۱۲_۳۰ (حسابرسی شده).xlsx,پرداخت_۱۳۹۹_۱۲_۳۰_separate_ن-۱۰_صورت‌های مالی سال مالی منتهی به ۱۳۹۹_۱۲_۳۰ (حسابرسی شده).xlsx,HTML_MISLABELED_XLSX,.xlsx,241376,20999681a01e54484db8f08d3a2d940de3e94336b723c35fcd8d5914a5f3c5b7,OK,,1108,PAYLOAD_SUBSTANTIVE,,پرداخت,1399,1399/12/30,separate,audited,original,NOT_DETECTED,,,,1399/12/30,HTML_TABLE_1!R1C2,,,,,,NO_AUDITOR_BLOCK_DETECTED,,,NO_AUDITOR_BLOCK_DETECTED,
اکسل های صورت مالی کل زیپ ۱۳۹۲-۱۴۰۲.zip,پرداخت.zip,پرداخت.zip!پرداخت_۱۴۰۰_۱۲_۲۹_separate_ن-۱۰_صورت‌های مالی سال مالی منتهی به ۱۴۰۰_۱۲_۲۹ (حسابرسی شده).xlsx,پرداخت_۱۴۰۰_۱۲_۲۹_separate_ن-۱۰_صورت‌های مالی سال مالی منتهی به ۱۴۰۰_۱۲_۲۹ (حسابرسی شده).xlsx,HTML_MISLABELED_XLSX,.xlsx,246598,0ac9ca939590457a4decd5600c48ac8254ea7dbc3b114a2abf6bde0260f4ec7d,OK,,1157,PAYLOAD_SUBSTANTIVE,,پرداخت,1400,1400/12/29,separate,audited,original,NOT_DETECTED,,,,1400/12/29,HTML_TABLE_1!R1C2,,,,,,NO_AUDITOR_BLOCK_DETECTED,,,NO_AUDITOR_BLOCK_DETECTED,
اکسل های صورت مالی کل زیپ ۱۳۹۲-۱۴۰۲.zip,پرداخت.zip,پرداخت.zip!پرداخت_۱۴۰۲_۰۹_۳۰_separate_ن-۱۰_صورت‌های مالی سال مالی منتهی به ۱۴۰۲_۰۹_۳۰ (حسابرسی شده).xlsx,پرداخت_۱۴۰۲_۰۹_۳۰_separate_ن-۱۰_صورت‌های مالی سال مالی منتهی به ۱۴۰۲_۰۹_۳۰ (حسابرسی شده).xlsx,HTML_MISLABELED_XLSX,.xlsx,293736,f8aa838db5ccee8dea69bc264500533aa1d3af29c207fe8068c2a745ffecb9b4,OK,,1365,PAYLOAD_SUBSTANTIVE,,پرداخت,1402,1402/09/30,separate,audited,original,NOT_DETECTED,,,,1402/09/30,HTML_TABLE_1!R1C2,,,,,,NO_AUDITOR_BLOCK_DETECTED,,,NO_AUDITOR_BLOCK_DETECTED,
اکسل های صورت مالی کل زیپ ۱۳۹۲-۱۴۰۲.zip,پرداخت.zip,پرداخت.zip!پرداخت_۱۴۰۲_۰۹_۳۰_separate_ن-۱۰_صورت‌های مالی سال مالی منتهی به ۱۴۰۲_۰۹_۳۰ (حسابرسی شده)(اصلاحیه).xlsx,پرداخت_۱۴۰۲_۰۹_۳۰_separate_ن-۱۰_صورت‌های مالی سال مالی منتهی به ۱۴۰۲_۰۹_۳۰ (حسابرسی شده)(اصلاحیه).xlsx,HTML_MISLABELED_XLSX,.xlsx,295515,185be622ec55c0a27764b24a9b71d39db6fc41fe3535f78a9a6ff4ee52ee696b,OK,,1380,PAYLOAD_SUBSTANTIVE,,پرداخت,1402,1402/09/30,separate,audited,correction,NOT_DETECTED,,,,1402/09/30,HTML_TABLE_1!R1C2,,,,,,NO_AUDITOR_BLOCK_DETECTED,,,NO_AUDITOR_BLOCK_DETECTED,
اکسل های صورت مالی کل زیپ ۱۳۹۲-۱۴۰۲.zip,پرداخت.zip,پرداخت.zip!پرداخت_۱۴۰۳_۰۹_۳۰_separate_ن-۱۰_صورت‌های مالی سال مالی منتهی به ۱۴۰۳_۰۹_۳۰ (حسابرسی شده).xlsx,پرداخت_۱۴۰۳_۰۹_۳۰_separate_ن-۱۰_صورت‌های مالی سال مالی منتهی به ۱۴۰۳_۰۹_۳۰ (حسابرسی شده).xlsx,HTML_MISLABELED_XLSX,.xlsx,290391,412b54f2578a24cba55d5b12e3ac0893ad100b53793104004e19d54b96808cc9,OK,,1361,PAYLOAD_SUBSTANTIVE,,پرداخت,1403,1403/09/30,separate,audited,original,NOT_DETECTED,,,,1403/09/30,HTML_TABLE_1!R1C2,,,,,,NO_AUDITOR_BLOCK_DETECTED,,,NO_AUDITOR_BLOCK_DETECTED,
اکسل های صورت مالی کل زیپ ۱۳۹۲-۱۴۰۲.zip,پرداخت.zip,پرداخت.zip!پرداخت_۱۴۰۳_۰۹_۳۰_separate_ن-۱۰_صورت‌های مالی سال مالی منتهی به ۱۴۰۳_۰۹_۳۰ (حسابرسی شده)(اصلاحیه).xlsx,پرداخت_۱۴۰۳_۰۹_۳۰_separate_ن-۱۰_صورت‌های مالی سال مالی منتهی به ۱۴۰۳_۰۹_۳۰ (حسابرسی شده)(اصلاحیه).xlsx,HTML_MISLABELED_XLSX,.xlsx,291481,178dcd1d425fcb82b8c51a72962577ec09f400732cbc44ab4c343452ca51ec57,OK,,1361,PAYLOAD_SUBSTANTIVE,,پرداخت,1403,1403/09/30,separate,audited,correction,NOT_DETECTED,,,,1403/09/30,HTML_TABLE_1!R1C2,,,,,,NO_AUDITOR_BLOCK_DETECTED,,,NO_AUDITOR_BLOCK_DETECTED,
اکسل های صورت مالی کل زیپ ۱۳۹۲-۱۴۰۲.zip,پسهند.zip,پسهند.zip!پسهند_۱۳۹۱_۱۲_۳۰_separate_ن-۱۰_صورتهای مالی سال مالی منتهی به ۱۳۹۱_۱۲_۳۰ (حسابرسی شده).xlsx,پسهند_۱۳۹۱_۱۲_۳۰_separate_ن-۱۰_صورتهای مالی سال مالی منتهی به ۱۳۹۱_۱۲_۳۰ (حسابرسی شده).xlsx,OLE2_LEGACY_EXCEL,.xlsx,64512,e14c6c19770493e59aba848a66b3fc73dd649eb071993f26e75d72970438d550,OK,,452,PAYLOAD_SUBSTANTIVE,,پسهند,1391,1391/12/30,separate,audited,original,DETECTED,Sheet1,9,88,1391/12/30,Sheet1!R6C4,مشروط,QUALIFIED_FAIR_WITH_EXCEPTION|HEADING_CELL,Sheet1!R41C14,Sheet1!R42C2,,,1392/02/22,Sheet1!R81C23,,صنایع لاستیکی سهند
اکسل های صورت مالی کل زیپ ۱۳۹۲-۱۴۰۲.zip,پسهند.zip,پسهند.zip!پسهند_۱۳۹۲_۱۲_۲۹_separate_ن-۱۰_صورتهای مالی سال مالی منتهی به ۱۳۹۲_۱۲_۲۹ (حسابرسی شده).xlsx,پسهند_۱۳۹۲_۱۲_۲۹_separate_ن-۱۰_صورتهای مالی سال مالی منتهی به ۱۳۹۲_۱۲_۲۹ (حسابرسی شده).xlsx,OLE2_LEGACY_EXCEL,.xlsx,83968,eb322b55088dca6c0b5583016d8d6d30c242697079d975e84879226641be6c3a,OK,,574,PAYLOAD_SUBSTANTIVE,,پسهند,1392,1392/12/29,separate,audited,original,DETECTED,Sheet1,9,102,1392/12/29,Sheet1!R6C4,مشروط,QUALIFIED_FAIR_WITH_EXCEPTION|HEADING_CELL,Sheet1!R41C14,Sheet1!R42C2,,,1393/02/24,Sheet1!R94C23,,صنایع لاستیکی سهند
اکسل های صورت مالی کل زیپ ۱۳۹۲-۱۴۰۲.zip,پسهند.zip,پسهند.zip!پسهند_۱۳۹۳_۱۲_۲۹_separate_ن-۱۰_صورتهای مالی سال مالی منتهی به ۱۳۹۳_۱۲_۲۹ (حسابرسی شده).xlsx,پسهند_۱۳۹۳_۱۲_۲۹_separate_ن-۱۰_صورتهای مالی سال مالی منتهی به ۱۳۹۳_۱۲_۲۹ (حسابرسی شده).xlsx,OLE2_LEGACY_EXCEL,.xlsx,78848,5e9f64539d8fa87df3e0a82ecfe44a0e133ce3f729a139b9d69b4f7ac198a4e5,OK,,600,PAYLOAD_SUBSTANTIVE,,پسهند,1393,1393/12/29,separate,audited,original,DETECTED,Sheet1,9,80,1393/12/29,Sheet1!R6C4,مشروط,QUALIFIED_FAIR_WITH_EXCEPTION|HEADING_CELL,Sheet1!R37C14,Sheet1!R38C2,,,1394/02/19,Sheet1!R72C23,,صنایع لاستیکی سهند
اکسل های صورت مالی کل زیپ ۱۳۹۲-۱۴۰۲.zip,پسهند.zip,پسهند.zip!پسهند_۱۳۹۴_۱۲_۲۹_consolidated_ن-۱۰_صورت‌های مالی تلفیقی سال مالی منتهی به ۱۳۹۴_۱۲_۲۹ (حسابرسی شده).xlsx,پسهند_۱۳۹۴_۱۲_۲۹_consolidated_ن-۱۰_صورت‌های مالی تلفیقی سال مالی منتهی به ۱۳۹۴_۱۲_۲۹ (حسابرسی شده).xlsx,OLE2_LEGACY_EXCEL,.xlsx,141312,9b1a1e8a5ee706fa92a64d89614dbda7829808db83184c64259709a7e0189a16,OK,,1401,PAYLOAD_SUBSTANTIVE,,پسهند,1394,1394/12/29,consolidated,audited,original,DETECTED,Sheet1,9,86,1394/12/29,Sheet1!R6C4,مشروط,QUALIFIED_FAIR_WITH_EXCEPTION|HEADING_CELL,Sheet1!R45C14,Sheet1!R46C2,,,1395/02/12,Sheet1!R77C23,,صنایع لاستیکی سهند
اکسل های صورت مالی کل زیپ ۱۳۹۲-۱۴۰۲.zip,پسهند.zip,پسهند.zip!پسهند_۱۳۹۵_۱۲_۳۰_consolidated_ن-۱۰_صورت‌های مالی تلفیقی سال مالی منتهی به ۱۳۹۵_۱۲_۳۰ (حسابرسی شده).xlsx,پسهند_۱۳۹۵_۱۲_۳۰_consolidated_ن-۱۰_صورت‌های مالی تلفیقی سال مالی منتهی به ۱۳۹۵_۱۲_۳۰ (حسابرسی شده).xlsx,OLE2_LEGACY_EXCEL,.xlsx,129024,e63200184eaee615add6b435b253e16929f0642975b78d3013a9107a659927cd,OK,,1404,PAYLOAD_SUBSTANTIVE,,پسهند,1395,1395/12/30,consolidated,audited,original,DETECTED,Sheet1,11,73,1395/12/30,Sheet1!R8C4,مشروط,QUALIFIED_FAIR_WITH_EXCEPTION|HEADING_CELL,Sheet1!R37C12,Sheet1!R38C2,,,1396/02/24,Sheet1!R65C20,,صنایع لاستیکی سهند
اکسل های صورت مالی کل زیپ ۱۳۹۲-۱۴۰۲.zip,پسهند.zip,پسهند.zip!پسهند_۱۳۹۶_۱۲_۲۹_consolidated_ن-۱۰_صورت‌های مالی تلفیقی سال مالی منتهی به ۱۳۹۶_۱۲_۲۹ (حسابرسی شده).xlsx,پسهند_۱۳۹۶_۱۲_۲۹_consolidated_ن-۱۰_صورت‌های مالی تلفیقی سال مالی منتهی به ۱۳۹۶_۱۲_۲۹ (حسابرسی شده).xlsx,OLE2_LEGACY_EXCEL,.xlsx,130048,0417c826060946e1162750b4bba921af34480ae4805e44cad920678b29196a45,OK,,1395,PAYLOAD_SUBSTANTIVE,,پسهند,1396,1396/12/29,consolidated,audited,original,DETECTED,Sheet1,11,76,1396/12/29,Sheet1!R8C4,مشروط,QUALIFIED_FAIR_WITH_EXCEPTION|HEADING_CELL,Sheet1!R36C12,Sheet1!R37C2,,,1397/02/15,Sheet1!R67C20,,صنایع لاستیکی سهند
اکسل های صورت مالی کل زیپ ۱۳۹۲-۱۴۰۲.zip,پسهند.zip,پسهند.zip!پسهند_۱۳۹۷_۱۲_۲۹_consolidated_ن-۱۰_صورت‌های مالی تلفیقی سال مالی منتهی به ۱۳۹۷_۱۲_۲۹ (حسابرسی شده).xlsx,پسهند_۱۳۹۷_۱۲_۲۹_consolidated_ن-۱۰_صورت‌های مالی تلفیقی سال مالی منتهی به ۱۳۹۷_۱۲_۲۹ (حسابرسی شده).xlsx,HTML_MISLABELED_XLSX,.xlsx,234212,d1006e06df4364566b968dbd6f421a9a1d602c53fd542f6414e496448ed5ef92,OK,,1045,PAYLOAD_SUBSTANTIVE,,پسهند,1397,1397/12/29,consolidated,audited,original,NOT_DETECTED,,,,1397/12/29,HTML_TABLE_1!R1C2,,,,,,NO_AUDITOR_BLOCK_DETECTED,,,NO_AUDITOR_BLOCK_DETECTED,
اکسل های صورت مالی کل زیپ ۱۳۹۲-۱۴۰۲.zip,پسهند.zip,پسهند.zip!پسهند_۱۳۹۸_۱۲_۲۹_consolidated_ن-۱۰_صورت‌های مالی تلفیقی سال مالی منتهی به ۱۳۹۸_۱۲_۲۹ (حسابرسی شده).xlsx,پسهند_۱۳۹۸_۱۲_۲۹_consolidated_ن-۱۰_صورت‌های مالی تلفیقی سال مالی منتهی به ۱۳۹۸_۱۲_۲۹ (حسابرسی شده).xlsx,HTML_MISLABELED_XLSX,.xlsx,490380,697c2767cb3f9cd255b00c3ada5dc79903c131c79fbb569864ae84bba5a9efff,OK,,2331,PAYLOAD_SUBSTANTIVE,,پسهند,1398,1398/12/29,consolidated,audited,original,NOT_DETECTED,,,,1398/12/29,HTML_TABLE_1!R1C2,,,,,,NO_AUDITOR_BLOCK_DETECTED,,,NO_AUDITOR_BLOCK_DETECTED,
اکسل های صورت مالی کل زیپ ۱۳۹۲-۱۴۰۲.zip,پسهند.zip,پسهند.zip!پسهند_۱۳۹۹_۱۲_۳۰_consolidated_ن-۱۰_صورت‌های مالی تلفیقی سال مالی منتهی به ۱۳۹۹_۱۲_۳۰ (حسابرسی شده).xlsx,پسهند_۱۳۹۹_۱۲_۳۰_consolidated_ن-۱۰_صورت‌های مالی تلفیقی سال مالی منتهی به ۱۳۹۹_۱۲_۳۰ (حسابرسی شده).xlsx,HTML_MISLABELED_XLSX,.xlsx,493206,798a830dfb27a9b745582640526fa8380336e9a79ff7bfe220fb218294fc078f,OK,,2338,PAYLOAD_SUBSTANTIVE,,پسهند,1399,1399/12/30,consolidated,audited,original,NOT_DETECTED,,,,1399/12/30,HTML_TABLE_1!R1C2,,,,,,NO_AUDITOR_BLOCK_DETECTED,,,NO_AUDITOR_BLOCK_DETECTED,
اکسل های صورت مالی کل زیپ ۱۳۹۲-۱۴۰۲.zip,پسهند.zip,پسهند.zip!پسهند_۱۴۰۰_۱۲_۲۹_consolidated_ن-۱۰_صورت‌های مالی تلفیقی سال مالی منتهی به ۱۴۰۰_۱۲_۲۹ (حسابرسی شده).xlsx,پسهند_۱۴۰۰_۱۲_۲۹_consolidated_ن-۱۰_صورت‌های مالی تلفیقی سال مالی منتهی به ۱۴۰۰_۱۲_۲۹ (حسابرسی شده).xlsx,HTML_MISLABELED_XLSX,.xlsx,567250,0e03fe070ab4e6ca1458c7d5dec3c6a7902d5abed531b6e443a686f0f954bedb,OK,,2676,PAYLOAD_SUBSTANTIVE,,پسهند,1400,1400/12/29,consolidated,audited,original,NOT_DETECTED,,,,1400/12/29,HTML_TABLE_1!R1C2,,,,,,NO_AUDITOR_BLOCK_DETECTED,,,NO_AUDITOR_BLOCK_DETECTED,
اکسل های صورت مالی کل زیپ ۱۳۹۲-۱۴۰۲.zip,پسهند.zip,پسهند.zip!پسهند_۱۴۰۱_۱۲_۲۹_separate_ن-۱۰_صورت‌های مالی سال مالی منتهی به ۱۴۰۱_۱۲_۲۹ (حسابرسی شده).xlsx,پسهند_۱۴۰۱_۱۲_۲۹_separate_ن-۱۰_صورت‌های مالی سال مالی منتهی به ۱۴۰۱_۱۲_۲۹ (حسابرسی شده).xlsx,HTML_MISLABELED_XLSX,.xlsx,423792,882e2594b8df381625233794daf5a7fa75c3c6f0cbae2976e9279d2aaab9dac8,OK,,2010,PAYLOAD_SUBSTANTIVE,,پسهند,1401,1401/12/29,separate,audited,original,NOT_DETECTED,,,,1401/12/29,HTML_TABLE_1!R1C2,,,,,,NO_AUDITOR_BLOCK_DETECTED,,,NO_AUDITOR_BLOCK_DETECTED,
اکسل های صورت مالی کل زیپ ۱۳۹۲-۱۴۰۲.zip,پسهند.zip,پسهند.zip!پسهند_۱۴۰۲_۱۲_۲۹_separate_ن-۱۰_صورت‌های مالی سال مالی منتهی به ۱۴۰۲_۱۲_۲۹ (حسابرسی شده).xlsx,پسهند_۱۴۰۲_۱۲_۲۹_separate_ن-۱۰_صورت‌های مالی سال مالی منتهی به ۱۴۰۲_۱۲_۲۹ (حسابرسی شده).xlsx,HTML_MISLABELED_XLSX,.xlsx,428008,fe8389c2b5280aff8ae45db8e6ef7ca6903ed7f2bcc90d0a8174942c9f83f02f,OK,,2048,PAYLOAD_SUBSTANTIVE,,پسهند,1402,1402/12/29,separate,audited,original,NOT_DETECTED,,,,1402/12/29,HTML_TABLE_1!R1C2,,,,,,NO_AUDITOR_BLOCK_DETECTED,,,NO_AUDITOR_BLOCK_DETECTED,
اکسل های صورت مالی کل زیپ ۱۳۹۲-۱۴۰۲.zip,پلاسك.zip,پلاسك.zip!پلاسك_۱۳۹۱_۱۲_۳۰_separate_ن-۱۰_صورتهای مالی سال مالی منتهی به ۱۳۹۱_۱۲_۳۰ (حسابرسی شده).xlsx,پلاسك_۱۳۹۱_۱۲_۳۰_separate_ن-۱۰_صورتهای مالی سال مالی منتهی به ۱۳۹۱_۱۲_۳۰ (حسابرسی شده).xlsx,OLE2_LEGACY_EXCEL,.xlsx,75264,9c4dff7cf2477e1a3258c924408ce58f408ee4999aa21a65e11d4fcf02bf8f4e,OK,,660,PAYLOAD_SUBSTANTIVE,,پلاسک,1391,1391/12/30,separate,audited,original,DETECTED,Sheet1,9,88,1391/12/30,Sheet1!R6C4,مشروط,QUALIFIED_FAIR_WITH_EXCEPTION|HEADING_CELL,Sheet1!R42C14,Sheet1!R43C2,,,1392/04/05,Sheet1!R81C23,,کارخانجات پلاسکوکار سایپا
اکسل های صورت مالی کل زیپ ۱۳۹۲-۱۴۰۲.zip,پلاسك.zip,پلاسك.zip!پلاسك_۱۳۹۲_۱۲_۲۹_separate_ن-۱۰_صورتهای مالی سال مالی منتهی به ۱۳۹۲_۱۲_۲۹ (حسابرسی شده).xlsx,پلاسك_۱۳۹۲_۱۲_۲۹_separate_ن-۱۰_صورتهای مالی سال مالی منتهی به ۱۳۹۲_۱۲_۲۹ (حسابرسی شده).xlsx,OLE2_LEGACY_EXCEL,.xlsx,84992,902a6d265323b9969dd456a9aa6be0e86c4370063dea41af5769b08a1542cadf,OK,,705,PAYLOAD_SUBSTANTIVE,,پلاسک,1392,1392/12/29,separate,audited,original,DETECTED,Sheet1,9,69,1392/12/29,Sheet1!R6C4,مقبول,UNQUALIFIED_FAIR_FORMULA|HEADING_CELL,Sheet1!R28C14,Sheet1!R29C2,,,1393/03/10,Sheet1!R61C23,,کارخانجات پلاسکوکار سایپا
اکسل های صورت مالی کل زیپ ۱۳۹۲-۱۴۰۲.zip,پلاسك.zip,پلاسك.zip!پلاسك_۱۳۹۳_۱۲_۲۹_separate_ن-۱۰_صورتهای مالی سال مالی منتهی به ۱۳۹۳_۱۲_۲۹ (حسابرسی شده).xlsx,پلاسك_۱۳۹۳_۱۲_۲۹_separate_ن-۱۰_صورتهای مالی سال مالی منتهی به ۱۳۹۳_۱۲_۲۹ (حسابرسی شده).xlsx,OLE2_LEGACY_EXCEL,.xlsx,80384,62c685604b5b2571fe04337442ccc337e18c60af5720b9465feee2caa50c7ef4,OK,,745,PAYLOAD_SUBSTANTIVE,,پلاسک,1393,1393/12/29,separate,audited,original,DETECTED,Sheet1,9,66,1393/12/29,Sheet1!R6C4,مشروط,QUALIFIED_FAIR_WITH_EXCEPTION|HEADING_CELL,Sheet1!R33C14,Sheet1!R35C2,,,1394/03/03,Sheet1!R57C23,,کارخانجات پلاسکوکار سایپا
اکسل های صورت مالی کل زیپ ۱۳۹۲-۱۴۰۲.zip,پلاسك.zip,پلاسك.zip!پلاسك_۱۳۹۴_۱۲_۲۹_separate_ن-۱۰_صورت‌های مالی سال مالی منتهی به ۱۳۹۴_۱۲_۲۹ (حسابرسی شده).xlsx,پلاسك_۱۳۹۴_۱۲_۲۹_separate_ن-۱۰_صورت‌های مالی سال مالی منتهی به ۱۳۹۴_۱۲_۲۹ (حسابرسی شده).xlsx,OLE2_LEGACY_EXCEL,.xlsx,89600,102b35c0d78ff2098d8a8317fbb95fd56e2fd729ab239745684ff9361e641b95,OK,,799,PAYLOAD_SUBSTANTIVE,,پلاسک,1394,1394/12/29,separate,audited,original,DETECTED,Sheet1,9,69,1394/12/29,Sheet1!R6C4,مشروط,QUALIFIED_FAIR_WITH_EXCEPTION|HEADING_CELL,Sheet1!R32C14,Sheet1!R34C2,,,1395/03/07,Sheet1!R61C23,,کارخانجات پلاسکوکار سایپا
اکسل های صورت مالی کل زیپ ۱۳۹۲-۱۴۰۲.zip,پلاسك.zip,پلاسك.zip!پلاسك_۱۳۹۵_۱۲_۳۰_separate_ن-۱۰_صورت‌های مالی سال مالی منتهی به ۱۳۹۵_۱۲_۳۰ (حسابرسی شده).xlsx,پلاسك_۱۳۹۵_۱۲_۳۰_separate_ن-۱۰_صورت‌های مالی سال مالی منتهی به ۱۳۹۵_۱۲_۳۰ (حسابرسی شده).xlsx,OLE2_LEGACY_EXCEL,.xlsx,88064,2bdd2e2890e12b5adb26a64a1161c2a19393173c2bfe64b558100aab27a56925,OK,,816,PAYLOAD_SUBSTANTIVE,,پلاسک,1395,1395/12/30,separate,audited,original,DETECTED,Sheet1,11,72,1395/12/30,Sheet1!R8C4,مقبول,UNQUALIFIED_FAIR_FORMULA|HEADING_CELL,Sheet1!R29C12,Sheet1!R30C2,,,1396/04/07,Sheet1!R63C20,,کارخانجات پلاسکوکار سایپا
اکسل های صورت مالی کل زیپ ۱۳۹۲-۱۴۰۲.zip,پلاسك.zip,پلاسك.zip!پلاسك_۱۳۹۶_۱۲_۲۹_separate_ن-۱۰_صورت‌های مالی سال مالی منتهی به ۱۳۹۶_۱۲_۲۹ (حسابرسی شده).xlsx,پلاسك_۱۳۹۶_۱۲_۲۹_separate_ن-۱۰_صورت‌های مالی سال مالی منتهی به ۱۳۹۶_۱۲_۲۹ (حسابرسی شده).xlsx,OLE2_LEGACY_EXCEL,.xlsx,89088,87bf4f40f63bbe3cacd16414a75e66836c7d308216bc42e56a2b43f07c9b8a43,OK,,832,PAYLOAD_SUBSTANTIVE,,پلاسک,1396,1396/12/29,separate,audited,original,DETECTED,Sheet1,11,72,1396/12/29,Sheet1!R8C4,مقبول,UNQUALIFIED_FAIR_FORMULA|HEADING_CELL,Sheet1!R29C12,Sheet1!R30C2,,,1397/03/30,Sheet1!R63C20,,کارخانجات پلاسکو کار سایپا
اکسل های صورت مالی کل زیپ ۱۳۹۲-۱۴۰۲.zip,پلاسك.zip,پلاسك.zip!پلاسك_۱۳۹۷_۱۲_۲۹_separate_ن-۱۰_صورت‌های مالی سال مالی منتهی به ۱۳۹۷_۱۲_۲۹ (حسابرسی شده).xlsx,پلاسك_۱۳۹۷_۱۲_۲۹_separate_ن-۱۰_صورت‌های مالی سال مالی منتهی به ۱۳۹۷_۱۲_۲۹ (حسابرسی شده).xlsx,HTML_MISLABELED_XLSX,.xlsx,113734,e9808b20b7315fa67d658ae196fb8c56e889fa8450f443832403ba86c10528d1,OK,,495,PAYLOAD_SUBSTANTIVE,,پلاسک,1397,1397/12/29,separate,audited,original,NOT_DETECTED,,,,1397/12/29,HTML_TABLE_1!R1C2,,,,,,NO_AUDITOR_BLOCK_DETECTED,,,NO_AUDITOR_BLOCK_DETECTED,
اکسل های صورت مالی کل زیپ ۱۳۹۲-۱۴۰۲.zip,پلاسك.zip,پلاسك.zip!پلاسك_۱۳۹۸_۱۲_۲۹_separate_ن-۱۰_صورت‌های مالی سال مالی منتهی به ۱۳۹۸_۱۲_۲۹ (حسابرسی شده).xlsx,پلاسك_۱۳۹۸_۱۲_۲۹_separate_ن-۱۰_صورت‌های مالی سال مالی منتهی به ۱۳۹۸_۱۲_۲۹ (حسابرسی شده).xlsx,HTML_MISLABELED_XLSX,.xlsx,383740,4c56223afc9d65da9d9f61cd1461b15a540ab09a038d1e024e0a93fef8e3a22c,OK,,1982,PAYLOAD_SUBSTANTIVE,,پلاسک,1398,1398/12/29,separate,audited,original,NOT_DETECTED,,,,1398/12/29,HTML_TABLE_1!R1C2,,,,,,NO_AUDITOR_BLOCK_DETECTED,,,NO_AUDITOR_BLOCK_DETECTED,
اکسل های صورت مالی کل زیپ ۱۳۹۲-۱۴۰۲.zip,پلاسك.zip,پلاسك.zip!پلاسك_۱۳۹۹_۱۲_۳۰_separate_ن-۱۰_صورت‌های مالی سال مالی منتهی به ۱۳۹۹_۱۲_۳۰ (حسابرسی شده).xlsx,پلاسك_۱۳۹۹_۱۲_۳۰_separate_ن-۱۰_صورت‌های مالی سال مالی منتهی به ۱۳۹۹_۱۲_۳۰ (حسابرسی شده).xlsx,HTML_MISLABELED_XLSX,.xlsx,379931,0e32a0e680ed7328b6f2ccc46bae5a7a46b90d995e09f4f48657732c28db555c,OK,,1959,PAYLOAD_SUBSTANTIVE,,پلاسک,1399,1399/12/30,separate,audited,original,NOT_DETECTED,,,,1399/12/30,HTML_TABLE_1!R1C2,,,,,,NO_AUDITOR_BLOCK_DETECTED,,,NO_AUDITOR_BLOCK_DETECTED,
اکسل های صورت مالی کل زیپ ۱۳۹۲-۱۴۰۲.zip,پلاسك.zip,پلاسك.zip!پلاسك_۱۴۰۰_۱۲_۲۹_separate_ن-۱۰_صورت‌های مالی سال مالی منتهی به ۱۴۰۰_۱۲_۲۹ (حسابرسی شده).xlsx,پلاسك_۱۴۰۰_۱۲_۲۹_separate_ن-۱۰_صورت‌های مالی سال مالی منتهی به ۱۴۰۰_۱۲_۲۹ (حسابرسی شده).xlsx,HTML_MISLABELED_XLSX,.xlsx,566287,a3ae241d868426471cf6bb3af59089304c1d3bc25754edef92b72d4959482479,OK,,3032,PAYLOAD_SUBSTANTIVE,,پلاسک,1400,1400/12/29,separate,audited,original,NOT_DETECTED,,,,1400/12/29,HTML_TABLE_1!R1C3,,,,,,NO_AUDITOR_BLOCK_DETECTED,,,NO_AUDITOR_BLOCK_DETECTED,
اکسل های صورت مالی کل زیپ ۱۳۹۲-۱۴۰۲.zip,پلاسك.zip,پلاسك.zip!پلاسك_۱۴۰۱_۱۲_۲۹_separate_ن-۱۰_صورت‌های مالی سال مالی منتهی به ۱۴۰۱_۱۲_۲۹ (حسابرسی شده).xlsx,پلاسك_۱۴۰۱_۱۲_۲۹_separate_ن-۱۰_صورت‌های مالی سال مالی منتهی به ۱۴۰۱_۱۲_۲۹ (حسابرسی شده).xlsx,HTML_MISLABELED_XLSX,.xlsx,441538,e0f987c38c502534590c5d537b9b2e40a138462663439f322a9b1306264e82ff,OK,,2133,PAYLOAD_SUBSTANTIVE,,پلاسک,1401,1401/12/29,separate,audited,original,NOT_DETECTED,,,,1401/12/29,HTML_TABLE_1!R1C2,,,,,,NO_AUDITOR_BLOCK_DETECTED,,,NO_AUDITOR_BLOCK_DETECTED,سرمایه گذاری بهمن
اکسل های صورت مالی کل زیپ ۱۳۹۲-۱۴۰۲.zip,پلاسك.zip,پلاسك.zip!پلاسك_۱۴۰۲_۱۲_۲۹_separate_ن-۱۰_صورت‌های مالی سال مالی منتهی به ۱۴۰۲_۱۲_۲۹ (حسابرسی شده).xlsx,پلاسك_۱۴۰۲_۱۲_۲۹_separate_ن-۱۰_صورت‌های مالی سال مالی منتهی به ۱۴۰۲_۱۲_۲۹ (حسابرسی شده).xlsx,HTML_MISLABELED_XLSX,.xlsx,447735,0198229b99ce90219cad0a9db178471ba80b8a8b1565e19b3f292fe833f0c70c,OK,,2152,PAYLOAD_SUBSTANTIVE,,پلاسک,1402,1402/12/29,separate,audited,original,NOT_DETECTED,,,,1402/12/29,HTML_TABLE_1!R1C2,,,,,,NO_AUDITOR_BLOCK_DETECTED,,,NO_AUDITOR_BLOCK_DETECTED,
اکسل های صورت مالی کل زیپ ۱۳۹۲-۱۴۰۲.zip,پي پاد.zip,پي پاد.zip!پي پاد_۱۳۹۶_۱۲_۲۹_separate_ن-۱۰_صورت‌های مالی سال مالی منتهی به ۱۳۹۶_۱۲_۲۹ (حسابرسی شده).xlsx,پي پاد_۱۳۹۶_۱۲_۲۹_separate_ن-۱۰_صورت‌های مالی سال مالی منتهی به ۱۳۹۶_۱۲_۲۹ (حسابرسی شده).xlsx,HTML_MISLABELED_XLSX,.xlsx,116360,1be499d3e4211d48bbfb94e628ddadee2845296d6cbf9ebce66d47ad3e88d84d,OK,,511,PAYLOAD_SUBSTANTIVE,,پی پاد,1396,1396/12/29,separate,audited,original,NOT_DETECTED,,,,1396/12/29,HTML_TABLE_2!R1C2,,,,,,NO_AUDITOR_BLOCK_DETECTED,,,NO_AUDITOR_BLOCK_DETECTED,
اکسل های صورت مالی کل زیپ ۱۳۹۲-۱۴۰۲.zip,پي پاد.zip,پي پاد.zip!پي پاد_۱۳۹۷_۱۲_۲۹_separate_ن-۱۰_صورت‌های مالی سال مالی منتهی به ۱۳۹۷_۱۲_۲۹ (حسابرسی شده).xlsx,پي پاد_۱۳۹۷_۱۲_۲۹_separate_ن-۱۰_صورت‌های مالی سال مالی منتهی به ۱۳۹۷_۱۲_۲۹ (حسابرسی شده).xlsx,HTML_MISLABELED_XLSX,.xlsx,115754,71a10b8ec25051d25581f35c49a4ca138820f67bbaa0688ebbaa2a0a27387508,OK,,510,PAYLOAD_SUBSTANTIVE,,پی پاد,1397,1397/12/29,separate,audited,original,NOT_DETECTED,,,,1397/12/29,HTML_TABLE_2!R1C2,,,,,,NO_AUDITOR_BLOCK_DETECTED,,,NO_AUDITOR_BLOCK_DETECTED,
اکسل های صورت مالی کل زیپ ۱۳۹۲-۱۴۰۲.zip,پي پاد.zip,پي پاد.zip!پي پاد_۱۳۹۸_۱۲_۲۹_separate_ن-۱۰_صورت‌های مالی سال مالی منتهی به ۱۳۹۸_۱۲_۲۹ (حسابرسی شده).xlsx,پي پاد_۱۳۹۸_۱۲_۲۹_separate_ن-۱۰_صورت‌های مالی سال مالی منتهی به ۱۳۹۸_۱۲_۲۹ (حسابرسی شده).xlsx,HTML_MISLABELED_XLSX,.xlsx,179272,e47b5cc51846faa0da9969b8ab8cf218ca9f14e118b5f2e8234f825e6ced0740,OK,,782,PAYLOAD_SUBSTANTIVE,,پی پاد,1398,1398/12/29,separate,audited,original,NOT_DETECTED,,,,1398/12/29,HTML_TABLE_1!R1C2,,,,,,NO_AUDITOR_BLOCK_DETECTED,,,NO_AUDITOR_BLOCK_DETECTED,
اکسل های صورت مالی کل زیپ ۱۳۹۲-۱۴۰۲.zip,پي پاد.zip,پي پاد.zip!پي پاد_۱۳۹۹_۱۲_۳۰_separate_ن-۱۰_صورت‌های مالی سال مالی منتهی به ۱۳۹۹_۱۲_۳۰ (حسابرسی شده).xlsx,پي پاد_۱۳۹۹_۱۲_۳۰_separate_ن-۱۰_صورت‌های مالی سال مالی منتهی به ۱۳۹۹_۱۲_۳۰ (حسابرسی شده).xlsx,HTML_MISLABELED_XLSX,.xlsx,179360,b72a48da5af8dce0966ebdc2f6a71be8ccfee0d1be8fe9df704e740d93533bed,OK,,786,PAYLOAD_SUBSTANTIVE,,پی پاد,1399,1399/12/30,separate,audited,original,NOT_DETECTED,,,,1399/12/30,HTML_TABLE_1!R1C2,,,,,,NO_AUDITOR_BLOCK_DETECTED,,,NO_AUDITOR_BLOCK_DETECTED,
اکسل های صورت مالی کل زیپ ۱۳۹۲-۱۴۰۲.zip,پي پاد.zip,پي پاد.zip!پي پاد_۱۴۰۰_۱۲_۲۹_separate_ن-۱۰_صورت‌های مالی سال مالی منتهی به ۱۴۰۰_۱۲_۲۹ (حسابرسی شده).xlsx,پي پاد_۱۴۰۰_۱۲_۲۹_separate_ن-۱۰_صورت‌های مالی سال مالی منتهی به ۱۴۰۰_۱۲_۲۹ (حسابرسی شده).xlsx,HTML_MISLABELED_XLSX,.xlsx,179369,121c4311cad5ee3fec2889a82545852caf2452bc00db302c1349e36007c5a0eb,OK,,789,PAYLOAD_SUBSTANTIVE,,پی پاد,1400,1400/12/29,separate,audited,original,NOT_DETECTED,,,,1400/12/29,HTML_TABLE_1!R1C2,,,,,,NO_AUDITOR_BLOCK_DETECTED,,,NO_AUDITOR_BLOCK_DETECTED,
اکسل های صورت مالی کل زیپ ۱۳۹۲-۱۴۰۲.zip,پي پاد.zip,پي پاد.zip!پي پاد_۱۴۰۲_۰۹_۳۰_consolidated_ن-۱۰_صورت‌های مالی تلفیقی سال مالی منتهی به ۱۴۰۲_۰۹_۳۰ (حسابرسی شده).xlsx,پي پاد_۱۴۰۲_۰۹_۳۰_consolidated_ن-۱۰_صورت‌های مالی تلفیقی سال مالی منتهی به ۱۴۰۲_۰۹_۳۰ (حسابرسی شده).xlsx,HTML_MISLABELED_XLSX,.xlsx,537249,41518d34add0820dea2f51af7039a3bf2e3b1c602d723f6d97623b74feeb9b2e,OK,,2464,PAYLOAD_SUBSTANTIVE,,پی پاد,1402,1402/09/30,consolidated,audited,original,NOT_DETECTED,,,,1402/09/30,HTML_TABLE_1!R1C2,,,,,,NO_AUDITOR_BLOCK_DETECTED,,,NO_AUDITOR_BLOCK_DETECTED,
اکسل های صورت مالی کل زیپ ۱۳۹۲-۱۴۰۲.zip,پي پاد.zip,پي پاد.zip!پي پاد_۱۴۰۲_۰۹_۳۰_consolidated_ن-۱۰_صورت‌های مالی تلفیقی سال مالی منتهی به ۱۴۰۲_۰۹_۳۰ (حسابرسی شده)(اصلاحیه).xlsx,پي پاد_۱۴۰۲_۰۹_۳۰_consolidated_ن-۱۰_صورت‌های مالی تلفیقی سال مالی منتهی به ۱۴۰۲_۰۹_۳۰ (حسابرسی شده)(اصلاحیه).xlsx,HTML_MISLABELED_XLSX,.xlsx,540186,9a68b14632a628e81a8f4f00b654aad46a6999a45d685a8e0630d3f7648784ae,OK,,2488,PAYLOAD_SUBSTANTIVE,,پی پاد,1402,1402/09/30,consolidated,audited,correction,NOT_DETECTED,,,,1402/09/30,HTML_TABLE_1!R1C2,,,,,,NO_AUDITOR_BLOCK_DETECTED,,,NO_AUDITOR_BLOCK_DETECTED,
اکسل های صورت مالی کل زیپ ۱۳۹۲-۱۴۰۲.zip,تاپيكو.zip,تاپيكو.zip!تاپيكو_۱۳۹۰_۰۲_۳۱_separate_ن-۱۰_صورتهای مالی سال مالی منتهی به ۱۳۹۰_۰۲_۳۱ (حسابرسی شده).xlsx,تاپيكو_۱۳۹۰_۰۲_۳۱_separate_ن-۱۰_صورتهای مالی سال مالی منتهی به ۱۳۹۰_۰۲_۳۱ (حسابرسی شده).xlsx,OLE2_LEGACY_EXCEL,.xlsx,67584,f3c6ee302918d348a24fd00ebf5ae6a81374b5cbea16089d87d604935afa004e,OK,,372,PAYLOAD_SUBSTANTIVE,,تاپیکو,1390,1390/02/31,separate,audited,original,DETECTED,Sheet1,9,106,1390/02/31,Sheet1!R6C4,مشروط,STRUCTURED_FIELD_نظر_حسابرس,Sheet1!R14C23,Sheet1!R13C1,,,,,DATE_ANCHOR_IN_BLOCK_BUT_NO_PARSEABLE_DATE_ADJACENT,سرمایه گذاری صنایع پتروشیمیایی و شیمیایی تأمین
اکسل های صورت مالی کل زیپ ۱۳۹۲-۱۴۰۲.zip,تاپيكو.zip,تاپيكو.zip!تاپيكو_۱۳۹۱_۰۲_۳۱_separate_ن-۱۰_صورتهای مالی سال مالی منتهی به ۱۳۹۱_۰۲_۳۱ (حسابرسی شده).xlsx,تاپيكو_۱۳۹۱_۰۲_۳۱_separate_ن-۱۰_صورتهای مالی سال مالی منتهی به ۱۳۹۱_۰۲_۳۱ (حسابرسی شده).xlsx,OLE2_LEGACY_EXCEL,.xlsx,58880,40dba152e1bf1bcd2b7857c93efc7815e55001b1327f906463241652deb4a654,OK,,337,PAYLOAD_SUBSTANTIVE,,تاپیکو,1391,1391/02/31,separate,audited,original,DETECTED,Sheet1,9,107,1391/02/31,Sheet1!R6C4,مشروط,QUALIFIED_FAIR_WITH_EXCEPTION|HEADING_CELL,Sheet1!R50C14,Sheet1!R52C2,,,1391/06/19,Sheet1!R99C23,,سرمایه گذاری نفت و گاز و پتروشیمی تامین
اکسل های صورت مالی کل زیپ ۱۳۹۲-۱۴۰۲.zip,تاپيكو.zip,تاپيكو.zip!تاپيكو_۱۳۹۲_۰۲_۳۱_separate_ن-۱۰_صورتهای مالی سال مالی منتهی به ۱۳۹۲_۰۲_۳۱ (حسابرسی شده).xlsx,تاپيكو_۱۳۹۲_۰۲_۳۱_separate_ن-۱۰_صورتهای مالی سال مالی منتهی به ۱۳۹۲_۰۲_۳۱ (حسابرسی شده).xlsx,OLE2_LEGACY_EXCEL,.xlsx,74240,4de4b27f6a8c88df2b2db62df7fab963de52949b857c6a70e8b7ad4b7f222fd2,OK,,496,PAYLOAD_SUBSTANTIVE,,تاپیکو,1392,1392/02/31,separate,audited,original,DETECTED,Sheet1,9,88,1392/02/31,Sheet1!R6C4,مشروط,QUALIFIED_FAIR_WITH_EXCEPTION|HEADING_CELL,Sheet1!R43C14,Sheet1!R44C2,,,1392/06/16,Sheet1!R80C23,,سرمایه گذاری نفت و گاز و پتروشیمی تامین
اکسل های صورت مالی کل زیپ ۱۳۹۲-۱۴۰۲.zip,تاپيكو.zip,تاپيكو.zip!تاپيكو_۱۳۹۳_۰۲_۳۱_separate_ن-۱۰_صورتهای مالی سال مالی منتهی به ۱۳۹۳_۰۲_۳۱ (حسابرسی شده).xlsx,تاپيكو_۱۳۹۳_۰۲_۳۱_separate_ن-۱۰_صورتهای مالی سال مالی منتهی به ۱۳۹۳_۰۲_۳۱ (حسابرسی شده).xlsx,OLE2_LEGACY_EXCEL,.xlsx,108032,8d8e598e30f03ae38c4fcc864f3ad760cc44a6afa02518d8acc5acdabef9aafc,OK,,1156,PAYLOAD_SUBSTANTIVE,,تاپیکو,1393,1393/02/31,separate,audited,original,DETECTED,Sheet1,9,98,1393/02/31,Sheet1!R6C4,مشروط,QUALIFIED_FAIR_WITH_EXCEPTION|HEADING_CELL,Sheet1!R41C14,Sheet1!R42C2,,,1393/06/12,Sheet1!R89C23,,سرمایه گذاری نفت و گاز و پتروشیمی تامین
اکسل های صورت مالی کل زیپ ۱۳۹۲-۱۴۰۲.zip,تاپيكو.zip,تاپيكو.zip!تاپيكو_۱۳۹۴_۰۲_۳۱_separate_ن-۱۰_صورت‌های مالی سال مالی منتهی به ۱۳۹۴_۰۲_۳۱ (حسابرسی شده).xlsx,تاپيكو_۱۳۹۴_۰۲_۳۱_separate_ن-۱۰_صورت‌های مالی سال مالی منتهی به ۱۳۹۴_۰۲_۳۱ (حسابرسی شده).xlsx,OLE2_LEGACY_EXCEL,.xlsx,106496,7877a27fc002400df545579cb061b5daa67615e03e02b21d2550d2649aaeb3c1,OK,,1204,PAYLOAD_SUBSTANTIVE,,تاپیکو,1394,1394/02/31,separate,audited,original,DETECTED,Sheet1,9,91,1394/02/31,Sheet1!R6C4,مشروط,QUALIFIED_FAIR_WITH_EXCEPTION|HEADING_CELL,Sheet1!R31C14,Sheet1!R32C2,,,1394/06/07,Sheet1!R82C23,,سرمایه گذاری نفت و گاز و پتروشیمی تامین
اکسل های صورت مالی کل زیپ ۱۳۹۲-۱۴۰۲.zip,تاپيكو.zip,تاپيكو.zip!تاپيكو_۱۳۹۴_۰۲_۳۱_separate_ن-۱۰_صورت‌های مالی سال مالی منتهی به ۱۳۹۴_۰۲_۳۱ (حسابرسی شده)(اصلاحیه).xlsx,تاپيكو_۱۳۹۴_۰۲_۳۱_separate_ن-۱۰_صورت‌های مالی سال مالی منتهی به ۱۳۹۴_۰۲_۳۱ (حسابرسی شده)(اصلاحیه).xlsx,OLE2_LEGACY_EXCEL,.xlsx,106496,61a1643d092e021e33f17ecf9dd14a83bcf1e8adee94acdfecd82e14ebf72d09,OK,,1200,PAYLOAD_SUBSTANTIVE,,تاپیکو,1394,1394/02/31,separate,audited,correction,DETECTED,Sheet1,9,94,1394/02/31,Sheet1!R6C4,مشروط,QUALIFIED_FAIR_WITH_EXCEPTION|HEADING_CELL,Sheet1!R31C14,Sheet1!R33C2,,,1394/06/07,Sheet1!R85C23,,سرمایه گذاری نفت و گاز و پتروشیمی تامین
اکسل های صورت مالی کل زیپ ۱۳۹۲-۱۴۰۲.zip,تاپيكو.zip,تاپيكو.zip!تاپيكو_۱۳۹۵_۰۲_۳۱_separate_ن-۱۰_صورت‌های مالی سال مالی منتهی به ۱۳۹۵_۰۲_۳۱ (حسابرسی شده).xlsx,تاپيكو_۱۳۹۵_۰۲_۳۱_separate_ن-۱۰_صورت‌های مالی سال مالی منتهی به ۱۳۹۵_۰۲_۳۱ (حسابرسی شده).xlsx,OLE2_LEGACY_EXCEL,.xlsx,137216,4fc3a3e2a0c75a6752091ce0843e19bee5d9492d16a3e3c520860923666bbb21,OK,,1442,PAYLOAD_SUBSTANTIVE,,تاپیکو,1395,1395/02/31,separate,audited,original,DETECTED,Sheet1,9,101,1395/02/31,Sheet1!R6C4,مشروط,QUALIFIED_FAIR_WITH_EXCEPTION|HEADING_CELL,Sheet1!R40C14,Sheet1!R41C2,,,1395/06/20,Sheet1!R92C23,,سرمایه گذاری نفت و گاز و پتروشیمی تامین
اکسل های صورت مالی کل زیپ ۱۳۹۲-۱۴۰۲.zip,تاپيكو.zip,تاپيكو.zip!تاپيكو_۱۳۹۶_۰۲_۳۱_separate_ن-۱۰_صورت‌های مالی سال مالی منتهی به ۱۳۹۶_۰۲_۳۱ (حسابرسی شده).xlsx,تاپيكو_۱۳۹۶_۰۲_۳۱_separate_ن-۱۰_صورت‌های مالی سال مالی منتهی به ۱۳۹۶_۰۲_۳۱ (حسابرسی شده).xlsx,OLE2_LEGACY_EXCEL,.xlsx,129536,b1a09734b240f41e12169328e74f1f33f89886523a99cdd23faa3a7ee01b2416,OK,,1262,PAYLOAD_SUBSTANTIVE,,تاپیکو,1396,1396/02/31,separate,audited,original,DETECTED,Sheet1,11,123,1396/02/31,Sheet1!R8C4,مشروط,QUALIFIED_FAIR_WITH_EXCEPTION|HEADING_CELL,Sheet1!R39C12,Sheet1!R40C2,,,1396/06/21,Sheet1!R114C20,,سرمایه گذاری نفت و گاز و پتروشیمی تامین
اکسل های صورت مالی کل زیپ ۱۳۹۲-۱۴۰۲.zip,تاپيكو.zip,تاپيكو.zip!تاپيكو_۱۳۹۷_۰۲_۳۱_separate_ن-۱۰_صورت‌های مالی سال مالی منتهی به ۱۳۹۷_۰۲_۳۱ (حسابرسی شده).xlsx,تاپيكو_۱۳۹۷_۰۲_۳۱_separate_ن-۱۰_صورت‌های مالی سال مالی منتهی به ۱۳۹۷_۰۲_۳۱ (حسابرسی شده).xlsx,OLE2_LEGACY_EXCEL,.xlsx,126976,ec7a6da8442dd0148a72564336ef0a4ed83dca4f7f826cbfe86d14f350bddcee,OK,,1361,PAYLOAD_SUBSTANTIVE,,تاپیکو,1397,1397/02/31,separate,audited,original,DETECTED,Sheet1,11,108,1397/02/31,Sheet1!R8C4,مشروط,QUALIFIED_FAIR_WITH_EXCEPTION|HEADING_CELL,Sheet1!R40C12,Sheet1!R41C2,,,1397/05/15,Sheet1!R99C20,,سرمایه گذاری نفت و گاز و پتروشیمی تامین
اکسل های صورت مالی کل زیپ ۱۳۹۲-۱۴۰۲.zip,تاپيكو.zip,تاپيكو.zip!تاپيكو_۱۳۹۸_۰۲_۳۱_separate_ن-۱۰_صورت‌های مالی سال مالی منتهی به ۱۳۹۸_۰۲_۳۱ (حسابرسی شده).xlsx,تاپيكو_۱۳۹۸_۰۲_۳۱_separate_ن-۱۰_صورت‌های مالی سال مالی منتهی به ۱۳۹۸_۰۲_۳۱ (حسابرسی شده).xlsx,HTML_MISLABELED_XLSX,.xlsx,212497,877d02b52c9e857589f396b252bd79977f2f4aa0dad212f4bf73fbc2a5ae1c35,OK,,1451,PAYLOAD_SUBSTANTIVE,,تاپیکو,1398,1398/02/31,separate,audited,original,NOT_DETECTED,,,,1398/02/31,HTML_TABLE_1!R1C2,,,,,,NO_AUDITOR_BLOCK_DETECTED,,,NO_AUDITOR_BLOCK_DETECTED,
اکسل های صورت مالی کل زیپ ۱۳۹۲-۱۴۰۲.zip,تاپيكو.zip,تاپيكو.zip!تاپيكو_۱۳۹۹_۰۲_۳۱_separate_ن-۱۰_صورت‌های مالی سال مالی منتهی به ۱۳۹۹_۰۲_۳۱ (حسابرسی شده).xlsx,تاپيكو_۱۳۹۹_۰۲_۳۱_separate_ن-۱۰_صورت‌های مالی سال مالی منتهی به ۱۳۹۹_۰۲_۳۱ (حسابرسی شده).xlsx,HTML_MISLABELED_XLSX,.xlsx,265445,a642df2f84710140371efac9f9382373aff177fe996ce8bfb8a26d4286459807,OK,,1762,PAYLOAD_SUBSTANTIVE,,تاپیکو,1399,1399/02/31,separate,audited,original,NOT_DETECTED,,,,1399/02/31,HTML_TABLE_1!R1C2,,,,,,NO_AUDITOR_BLOCK_DETECTED,,,NO_AUDITOR_BLOCK_DETECTED,
اکسل های صورت مالی کل زیپ ۱۳۹۲-۱۴۰۲.zip,تاپيكو.zip,تاپيكو.zip!تاپيكو_۱۴۰۰_۰۲_۳۱_separate_ن-۱۰_صورت‌های مالی سال مالی منتهی به ۱۴۰۰_۰۲_۳۱ (حسابرسی شده).xlsx,تاپيكو_۱۴۰۰_۰۲_۳۱_separate_ن-۱۰_صورت‌های مالی سال مالی منتهی به ۱۴۰۰_۰۲_۳۱ (حسابرسی شده).xlsx,HTML_MISLABELED_XLSX,.xlsx,360741,cc0449d0490109596c996096aaf72fae1634515051540626451e25bb20f08be6,OK,,1928,PAYLOAD_SUBSTANTIVE,,تاپیکو,1400,1400/02/31,separate,audited,original,NOT_DETECTED,,,,1400/02/31,HTML_TABLE_2!R1C3,,,,,,NO_AUDITOR_BLOCK_DETECTED,,,NO_AUDITOR_BLOCK_DETECTED,
اکسل های صورت مالی کل زیپ ۱۳۹۲-۱۴۰۲.zip,تاپيكو.zip,تاپيكو.zip!تاپيكو_۱۴۰۱_۰۲_۳۱_separate_ن-۱۰_صورت‌های مالی سال مالی منتهی به ۱۴۰۱_۰۲_۳۱ (حسابرسی شده).xlsx,تاپيكو_۱۴۰۱_۰۲_۳۱_separate_ن-۱۰_صورت‌های مالی سال مالی منتهی به ۱۴۰۱_۰۲_۳۱ (حسابرسی شده).xlsx,HTML_MISLABELED_XLSX,.xlsx,309713,454d40cd6880fe528c815dc385f97ac3eba864f74059fbde017ec83ef5c6ada5,OK,,1601,PAYLOAD_SUBSTANTIVE,,تاپیکو,1401,1401/02/31,separate,audited,original,NOT_DETECTED,,,,1401/02/31,HTML_TABLE_2!R1C3,,,,,,NO_AUDITOR_BLOCK_DETECTED,,,NO_AUDITOR_BLOCK_DETECTED,
اکسل های صورت مالی کل زیپ ۱۳۹۲-۱۴۰۲.zip,تاپيكو.zip,تاپيكو.zip!تاپيكو_۱۴۰۲_۰۲_۳۱_separate_ن-۱۰_صورت‌های مالی سال مالی منتهی به ۱۴۰۲_۰۲_۳۱ (حسابرسی شده).xlsx,تاپيكو_۱۴۰۲_۰۲_۳۱_separate_ن-۱۰_صورت‌های مالی سال مالی منتهی به ۱۴۰۲_۰۲_۳۱ (حسابرسی شده).xlsx,HTML_MISLABELED_XLSX,.xlsx,3553,6e539a02e0c3cef16fb40bd9f4888e4cc03db137c589b97ef42e645c33fa0c44,OK,,1,PAYLOAD_NON_SUBSTANTIVE,SUSPICIOUS_SMALL_PAYLOAD:3553_bytes,تاپیکو,1402,1402/02/31,separate,audited,original,NOT_DETECTED,,,,,,,,,,,NO_AUDITOR_BLOCK_DETECTED,,,NO_AUDITOR_BLOCK_DETECTED,
اکسل های صورت مالی کل زیپ ۱۳۹۲-۱۴۰۲.zip,تاپيكو.zip,تاپيكو.zip!تاپيكو_۱۴۰۳_۰۲_۳۱_separate_ن-۱۰_صورت‌های مالی سال مالی منتهی به ۱۴۰۳_۰۲_۳۱ (حسابرسی شده).xlsx,تاپيكو_۱۴۰۳_۰۲_۳۱_separate_ن-۱۰_صورت‌های مالی سال مالی منتهی به ۱۴۰۳_۰۲_۳۱ (حسابرسی شده).xlsx,HTML_MISLABELED_XLSX,.xlsx,434019,2545e17f8c6b0f0b32a0e8fa8b885fe6bbf380890b0688087127e779354afb70,OK,,2283,PAYLOAD_SUBSTANTIVE,,تاپیکو,1403,1403/02/31,separate,audited,original,NOT_DETECTED,,,,1403/02/31,HTML_TABLE_2!R1C3,,,,,,NO_AUDITOR_BLOCK_DETECTED,,,NO_AUDITOR_BLOCK_DETECTED,
اکسل های صورت مالی کل زیپ ۱۳۹۲-۱۴۰۲.zip,تپمپي.zip,تپمپي.zip!تپمپي_۱۳۹۲_۰۳_۳۱_separate_ن-۱۰_صورتهای مالی سال مالی منتهی به ۱۳۹۲_۰۳_۳۱ (حسابرسی شده).xlsx,تپمپي_۱۳۹۲_۰۳_۳۱_separate_ن-۱۰_صورتهای مالی سال مالی منتهی به ۱۳۹۲_۰۳_۳۱ (حسابرسی شده).xlsx,OLE2_LEGACY_EXCEL,.xlsx,118784,6efcfac5e624fbb2816d52a05f6b30d70f4ee9127cb07eaec49fd17c09986158,OK,,1646,PAYLOAD_SUBSTANTIVE,,تپمپی,1392,1392/03/31,separate,audited,original,DETECTED,Sheet1,9,75,1392/03/31,Sheet1!R6C4,مشروط,QUALIFIED_FAIR_WITH_EXCEPTION|HEADING_CELL,Sheet1!R39C14,Sheet1!R40C2,,,1392/07/14,Sheet1!R67C23,,گروه صنایع پمپ سازی ایران
اکسل های صورت مالی کل زیپ ۱۳۹۲-۱۴۰۲.zip,تپمپي.zip,تپمپي.zip!تپمپي_۱۳۹۳_۰۳_۳۱_separate_ن-۱۰_صورتهای مالی سال مالی منتهی به ۱۳۹۳_۰۳_۳۱ (حسابرسی شده).xlsx,تپمپي_۱۳۹۳_۰۳_۳۱_separate_ن-۱۰_صورتهای مالی سال مالی منتهی به ۱۳۹۳_۰۳_۳۱ (حسابرسی شده).xlsx,OLE2_LEGACY_EXCEL,.xlsx,119808,ba4e3d27cdb2a32903df24a114a30f09c8758e8736d8090803df9a6b16caf89f,OK,,1671,PAYLOAD_SUBSTANTIVE,,تپمپی,1393,1393/03/31,separate,audited,original,DETECTED,Sheet1,9,69,1393/03/31,Sheet1!R6C4,مشروط,QUALIFIED_FAIR_WITH_EXCEPTION|HEADING_CELL,Sheet1!R36C14,Sheet1!R37C2,,,1393/07/08,Sheet1!R60C23,,گروه صنایع پمپ سازی ایران
اکسل های صورت مالی کل زیپ ۱۳۹۲-۱۴۰۲.zip,تپمپي.zip,تپمپي.zip!تپمپي_۱۳۹۴_۰۳_۳۱_separate_ن-۱۰_صورت‌های مالی سال مالی منتهی به ۱۳۹۴_۰۳_۳۱ (حسابرسی شده).xlsx,تپمپي_۱۳۹۴_۰۳_۳۱_separate_ن-۱۰_صورت‌های مالی سال مالی منتهی به ۱۳۹۴_۰۳_۳۱ (حسابرسی شده).xlsx,OLE2_LEGACY_EXCEL,.xlsx,95232,719a6a59a533c42f6b39f533b10ff86e44b1e23b67b1d42714d65fb6a23629e7,OK,,1152,PAYLOAD_SUBSTANTIVE,,تپمپی,1394,1394/03/31,separate,audited,original,DETECTED,Sheet1,9,74,1394/03/31,Sheet1!R6C4,مشروط,QUALIFIED_FAIR_WITH_EXCEPTION|HEADING_CELL,Sheet1!R44C14,Sheet1!R45C2,,,1394/07/08,Sheet1!R66C23,,گروه صنایع پمپ سازی ایران
اکسل های صورت مالی کل زیپ ۱۳۹۲-۱۴۰۲.zip,تپمپي.zip,تپمپي.zip!تپمپي_۱۳۹۴_۰۳_۳۱_separate_ن-۱۰_صورت‌های مالی سال مالی منتهی به ۱۳۹۴_۰۳_۳۱ (حسابرسی شده)(اصلاحیه).xlsx,تپمپي_۱۳۹۴_۰۳_۳۱_separate_ن-۱۰_صورت‌های مالی سال مالی منتهی به ۱۳۹۴_۰۳_۳۱ (حسابرسی شده)(اصلاحیه).xlsx,OLE2_LEGACY_EXCEL,.xlsx,95232,8147c7b2414c002c57b610d341eeee62cd3acf9feeb73894b7f63af7bd8b6271,OK,,1152,PAYLOAD_SUBSTANTIVE,,تپمپی,1394,1394/03/31,separate,audited,correction,DETECTED,Sheet1,9,74,1394/03/31,Sheet1!R6C4,مشروط,QUALIFIED_FAIR_WITH_EXCEPTION|HEADING_CELL,Sheet1!R44C14,Sheet1!R45C2,,,1394/07/08,Sheet1!R66C23,,گروه صنایع پمپ سازی ایران
اکسل های صورت مالی کل زیپ ۱۳۹۲-۱۴۰۲.zip,تپمپي.zip,تپمپي.zip!تپمپي_۱۳۹۵_۰۳_۳۱_separate_ن-۱۰_صورت‌های مالی سال مالی منتهی به ۱۳۹۵_۰۳_۳۱ (حسابرسی شده).xlsx,تپمپي_۱۳۹۵_۰۳_۳۱_separate_ن-۱۰_صورت‌های مالی سال مالی منتهی به ۱۳۹۵_۰۳_۳۱ (حسابرسی شده).xlsx,OLE2_LEGACY_EXCEL,.xlsx,119296,430e25288f84435b49b81b0ef6dd5b872999e13cb93ec9fdb8996648e396ac56,OK,,1415,PAYLOAD_SUBSTANTIVE,,تپمپی,1395,1395/03/31,separate,audited,original,DETECTED,Sheet1,9,70,1395/03/31,Sheet1!R6C4,مشروط,QUALIFIED_FAIR_WITH_EXCEPTION|HEADING_CELL,Sheet1!R44C14,Sheet1!R45C2,,,1395/07/12,Sheet1!R62C23,,گروه صنایع پمپ سازی ایران
اکسل های صورت مالی کل زیپ ۱۳۹۲-۱۴۰۲.zip,تپمپي.zip,تپمپي.zip!تپمپي_۱۳۹۶_۰۳_۳۱_separate_ن-۱۰_صورت‌های مالی سال مالی منتهی به ۱۳۹۶_۰۳_۳۱ (حسابرسی شده).xlsx,تپمپي_۱۳۹۶_۰۳_۳۱_separate_ن-۱۰_صورت‌های مالی سال مالی منتهی به ۱۳۹۶_۰۳_۳۱ (حسابرسی شده).xlsx,OLE2_LEGACY_EXCEL,.xlsx,115200,53619782e4a522acb20b98b5bd401e5c77a170995ecc6a7072fbf8853d448273,OK,,1404,PAYLOAD_SUBSTANTIVE,,تپمپی,1396,1396/03/31,separate,audited,original,DETECTED,Sheet1,11,76,1396/03/31,Sheet1!R8C4,مشروط,QUALIFIED_FAIR_WITH_EXCEPTION|HEADING_CELL,Sheet1!R45C12,Sheet1!R46C2,,,1396/06/15,Sheet1!R68C20,,گروه صنایع پمپ سازی ایران
اکسل های صورت مالی کل زیپ ۱۳۹۲-۱۴۰۲.zip,تپمپي.zip,تپمپي.zip!تپمپي_۱۳۹۷_۰۳_۳۱_separate_ن-۱۰_صورت‌های مالی سال مالی منتهی به ۱۳۹۷_۰۳_۳۱ (حسابرسی شده).xlsx,تپمپي_۱۳۹۷_۰۳_۳۱_separate_ن-۱۰_صورت‌های مالی سال مالی منتهی به ۱۳۹۷_۰۳_۳۱ (حسابرسی شده).xlsx,OLE2_LEGACY_EXCEL,.xlsx,123392,4e9a37b4b13151ffb78c575eda46647ce5eba252abaab5c1a6ef1079c6466813,OK,,1524,PAYLOAD_SUBSTANTIVE,,تپمپی,1397,1397/03/31,separate,audited,original,DETECTED,Sheet1,11,77,1397/03/31,Sheet1!R8C4,مشروط,QUALIFIED_FAIR_WITH_EXCEPTION|HEADING_CELL,Sheet1!R42C12,Sheet1!R43C2,,,1397/07/04,Sheet1!R69C20,,گروه صنایع پمپ سازی ایران
اکسل های صورت مالی کل زیپ ۱۳۹۲-۱۴۰۲.zip,تپمپي.zip,تپمپي.zip!تپمپي_۱۳۹۸_۰۳_۳۱_separate_ن-۱۰_صورت‌های مالی سال مالی منتهی به ۱۳۹۸_۰۳_۳۱ (حسابرسی شده).xlsx,تپمپي_۱۳۹۸_۰۳_۳۱_separate_ن-۱۰_صورت‌های مالی سال مالی منتهی به ۱۳۹۸_۰۳_۳۱ (حسابرسی شده).xlsx,HTML_MISLABELED_XLSX,.xlsx,212192,e12ca221ffc1b6fe107db61fcdd8d80796fc9503edeabbbedce89812b3c3482b,OK,,1500,PAYLOAD_SUBSTANTIVE,,تپمپی,1398,1398/03/31,separate,audited,original,NOT_DETECTED,,,,1398/03/31,HTML_TABLE_1!R1C2,,,,,,NO_AUDITOR_BLOCK_DETECTED,,,NO_AUDITOR_BLOCK_DETECTED,
اکسل های صورت مالی کل زیپ ۱۳۹۲-۱۴۰۲.zip,تپمپي.zip,تپمپي.zip!تپمپي_۱۳۹۹_۰۳_۳۱_separate_ن-۱۰_صورت‌های مالی سال مالی منتهی به ۱۳۹۹_۰۳_۳۱ (حسابرسی شده).xlsx,تپمپي_۱۳۹۹_۰۳_۳۱_separate_ن-۱۰_صورت‌های مالی سال مالی منتهی به ۱۳۹۹_۰۳_۳۱ (حسابرسی شده).xlsx,HTML_MISLABELED_XLSX,.xlsx,255866,5b9dae6c0b5b5a46e4c26fc48d809a4cb0f6f41e1dd5b11b65f987cc4421547d,OK,,1709,PAYLOAD_SUBSTANTIVE,,تپمپی,1399,1399/03/31,separate,audited,original,NOT_DETECTED,,,,1399/03/31,HTML_TABLE_1!R1C2,,,,,,NO_AUDITOR_BLOCK_DETECTED,,,NO_AUDITOR_BLOCK_DETECTED,
اکسل های صورت مالی کل زیپ ۱۳۹۲-۱۴۰۲.zip,تپمپي.zip,تپمپي.zip!تپمپي_۱۴۰۰_۰۳_۳۱_separate_ن-۱۰_صورت‌های مالی سال مالی منتهی به ۱۴۰۰_۰۳_۳۱ (حسابرسی شده).xlsx,تپمپي_۱۴۰۰_۰۳_۳۱_separate_ن-۱۰_صورت‌های مالی سال مالی منتهی به ۱۴۰۰_۰۳_۳۱ (حسابرسی شده).xlsx,HTML_MISLABELED_XLSX,.xlsx,277439,c80eb9747b1a4d85cb67ba4966c86b46882bc865ec48597af1d40e3655698f23,OK,,1424,PAYLOAD_SUBSTANTIVE,,تپمپی,1400,1400/03/31,separate,audited,original,NOT_DETECTED,,,,1400/03/31,HTML_TABLE_2!R1C3,,,,,,NO_AUDITOR_BLOCK_DETECTED,,,NO_AUDITOR_BLOCK_DETECTED,
اکسل های صورت مالی کل زیپ ۱۳۹۲-۱۴۰۲.zip,تپمپي.zip,تپمپي.zip!تپمپي_۱۴۰۱_۰۳_۳۱_separate_ن-۱۰_صورت‌های مالی سال مالی منتهی به ۱۴۰۱_۰۳_۳۱ (حسابرسی شده).xlsx,تپمپي_۱۴۰۱_۰۳_۳۱_separate_ن-۱۰_صورت‌های مالی سال مالی منتهی به ۱۴۰۱_۰۳_۳۱ (حسابرسی شده).xlsx,HTML_MISLABELED_XLSX,.xlsx,279399,b0f930844249bab62fb95411f9e78f81521b82eee0c83ef1e733e3b267ae27bb,OK,,1429,PAYLOAD_SUBSTANTIVE,,تپمپی,1401,1401/03/31,separate,audited,original,NOT_DETECTED,,,,1401/03/31,HTML_TABLE_2!R1C3,,,,,,NO_AUDITOR_BLOCK_DETECTED,,,NO_AUDITOR_BLOCK_DETECTED,
اکسل های صورت مالی کل زیپ ۱۳۹۲-۱۴۰۲.zip,تپمپي.zip,تپمپي.zip!تپمپي_۱۴۰۲_۰۳_۳۱_separate_ن-۱۰_صورت‌های مالی سال مالی منتهی به ۱۴۰۲_۰۳_۳۱ (حسابرسی شده).xlsx,تپمپي_۱۴۰۲_۰۳_۳۱_separate_ن-۱۰_صورت‌های مالی سال مالی منتهی به ۱۴۰۲_۰۳_۳۱ (حسابرسی شده).xlsx,HTML_MISLABELED_XLSX,.xlsx,323279,e52943a58fad0fb43cfce7f67845efd39b3092f96b8d27501e9c047a53deb422,OK,,1644,PAYLOAD_SUBSTANTIVE,,تپمپی,1402,1402/03/31,separate,audited,original,NOT_DETECTED,,,,1402/03/31,HTML_TABLE_2!R1C3,,,,,,NO_AUDITOR_BLOCK_DETECTED,,,NO_AUDITOR_BLOCK_DETECTED,
اکسل های صورت مالی کل زیپ ۱۳۹۲-۱۴۰۲.zip,تپمپي.zip,تپمپي.zip!تپمپي_۱۴۰۳_۰۳_۳۱_separate_ن-۱۰_صورت‌های مالی سال مالی منتهی به ۱۴۰۳_۰۳_۳۱ (حسابرسی شده).xlsx,تپمپي_۱۴۰۳_۰۳_۳۱_separate_ن-۱۰_صورت‌های مالی سال مالی منتهی به ۱۴۰۳_۰۳_۳۱ (حسابرسی شده).xlsx,HTML_MISLABELED_XLSX,.xlsx,301671,2c517a388d80907229932163e4fdf89ac51a8ea6bc745ad27dbccb9ba449cba5,OK,,1510,PAYLOAD_SUBSTANTIVE,,تپمپی,1403,1403/03/31,separate,audited,original,NOT_DETECTED,,,,1403/03/31,HTML_TABLE_2!R1C3,,,,,,NO_AUDITOR_BLOCK_DETECTED,,,NO_AUDITOR_BLOCK_DETECTED,
اکسل های صورت مالی کل زیپ ۱۳۹۲-۱۴۰۲.zip,ثشرق.zip,ثشرق.zip!ثشرق_۱۳۹۲_۰۶_۳۱_separate_ن-۱۰_صورتهای مالی سال مالی منتهی به ۱۳۹۲_۰۶_۳۱ (حسابرسی شده).xlsx,ثشرق_۱۳۹۲_۰۶_۳۱_separate_ن-۱۰_صورتهای مالی سال مالی منتهی به ۱۳۹۲_۰۶_۳۱ (حسابرسی شده).xlsx,OLE2_LEGACY_EXCEL,.xlsx,48640,1bbfe4da1fd813022691eb6034a61e68bb7f8e0660e18877940838d1aa20a357,OK,,352,PAYLOAD_SUBSTANTIVE,,ثشرق,1392,1392/06/31,separate,audited,original,DETECTED,Sheet1,9,66,1392/06/31,Sheet1!R6C4,مقبول,UNQUALIFIED_FAIR_FORMULA|HEADING_CELL,Sheet1!R28C14,Sheet1!R29C2,,,1392/09/16,Sheet1!R57C23,,سرمایه گذاری مسکن شمال شرق
اکسل های صورت مالی کل زیپ ۱۳۹۲-۱۴۰۲.zip,ثشرق.zip,ثشرق.zip!ثشرق_۱۳۹۳_۰۶_۳۱_separate_ن-۱۰_صورتهای مالی سال مالی منتهی به ۱۳۹۳_۰۶_۳۱ (حسابرسی شده).xlsx,ثشرق_۱۳۹۳_۰۶_۳۱_separate_ن-۱۰_صورتهای مالی سال مالی منتهی به ۱۳۹۳_۰۶_۳۱ (حسابرسی شده).xlsx,OLE2_LEGACY_EXCEL,.xlsx,46080,c9f84e024c57ff576fd835fc51b0d6caceb1415d2971d31da747c5578b8c7ed4,OK,,320,PAYLOAD_SUBSTANTIVE,,ثشرق,1393,1393/06/31,separate,audited,original,DETECTED,Sheet1,9,60,1393/06/31,Sheet1!R6C4,مقبول,UNQUALIFIED_FAIR_FORMULA|HEADING_CELL,Sheet1!R28C14,Sheet1!R29C2,,,1393/08/27,Sheet1!R51C23,,سرمایه گذاری مسکن شمال شرق
اکسل های صورت مالی کل زیپ ۱۳۹۲-۱۴۰۲.zip,ثشرق.zip,ثشرق.zip!ثشرق_۱۳۹۴_۰۶_۳۱_separate_ن-۱۰_صورت‌های مالی سال مالی منتهی به ۱۳۹۴_۰۶_۳۱ (حسابرسی شده).xlsx,ثشرق_۱۳۹۴_۰۶_۳۱_separate_ن-۱۰_صورت‌های مالی سال مالی منتهی به ۱۳۹۴_۰۶_۳۱ (حسابرسی شده).xlsx,OLE2_LEGACY_EXCEL,.xlsx,47104,9a1379015181dc3754b1363a87678b388d80ef1fa72ca77db3c1220c6e9cb320,OK,,329,PAYLOAD_SUBSTANTIVE,,ثشرق,1394,1394/06/31,separate,audited,original,DETECTED,Sheet1,9,63,1394/06/31,Sheet1!R6C4,مقبول,UNQUALIFIED_FAIR_FORMULA|HEADING_CELL,Sheet1!R28C14,Sheet1!R29C2,,,1394/09/08,Sheet1!R54C23,,سرمایه گذاری مسکن شمال شرق
اکسل های صورت مالی کل زیپ ۱۳۹۲-۱۴۰۲.zip,ثشرق.zip,ثشرق.zip!ثشرق_۱۳۹۵_۰۶_۳۱_separate_ن-۱۰_صورت‌های مالی سال مالی منتهی به ۱۳۹۵_۰۶_۳۱ (حسابرسی شده).xlsx,ثشرق_۱۳۹۵_۰۶_۳۱_separate_ن-۱۰_صورت‌های مالی سال مالی منتهی به ۱۳۹۵_۰۶_۳۱ (حسابرسی شده).xlsx,OLE2_LEGACY_EXCEL,.xlsx,73216,3d53dca7762f944c0e7209360dedd0c4a67c2214d112163c7516ef2180bbc5b5,OK,,567,PAYLOAD_SUBSTANTIVE,,ثشرق,1395,1395/06/31,separate,audited,original,DETECTED,Sheet1,9,66,1395/06/31,Sheet1!R6C4,مقبول,UNQUALIFIED_FAIR_FORMULA|HEADING_CELL,Sheet1!R28C14,Sheet1!R29C2,,,1395/08/29,Sheet1!R57C23,,سرمایه گذاری مسکن شمال شرق
اکسل های صورت مالی کل زیپ ۱۳۹۲-۱۴۰۲.zip,ثشرق.zip,ثشرق.zip!ثشرق_۱۳۹۶_۰۶_۳۱_separate_ن-۱۰_صورت‌های مالی سال مالی منتهی به ۱۳۹۶_۰۶_۳۱ (حسابرسی شده).xlsx,ثشرق_۱۳۹۶_۰۶_۳۱_separate_ن-۱۰_صورت‌های مالی سال مالی منتهی به ۱۳۹۶_۰۶_۳۱ (حسابرسی شده).xlsx,OLE2_LEGACY_EXCEL,.xlsx,69632,81bfa6abfbbdf669ecd971f08d1fa65b4df47b9f4eebc19a17244e0d9ace76b9,OK,,567,PAYLOAD_SUBSTANTIVE,,ثشرق,1396,1396/06/31,separate,audited,original,DETECTED,Sheet1,11,64,1396/06/31,Sheet1!R8C4,مقبول,UNQUALIFIED_FAIR_FORMULA|HEADING_CELL,Sheet1!R29C12,Sheet1!R30C2,,,1396/10/07,Sheet1!R55C20,,سرمایه گذاری مسکن شمال شرق
اکسل های صورت مالی کل زیپ ۱۳۹۲-۱۴۰۲.zip,ثشرق.zip,ثشرق.zip!ثشرق_۱۳۹۷_۰۶_۳۱_separate_ن-۱۰_صورت‌های مالی سال مالی منتهی به ۱۳۹۷_۰۶_۳۱ (حسابرسی شده).xlsx,ثشرق_۱۳۹۷_۰۶_۳۱_separate_ن-۱۰_صورت‌های مالی سال مالی منتهی به ۱۳۹۷_۰۶_۳۱ (حسابرسی شده).xlsx,HTML_MISLABELED_XLSX,.xlsx,113253,8fa6b623b61e65a6168c9586105afbaff8e3be99843f8dc27afe87a335376942,OK,,499,PAYLOAD_SUBSTANTIVE,,ثشرق,1397,1397/06/31,separate,audited,original,NOT_DETECTED,,,,1397/06/31,HTML_TABLE_1!R1C2,,,,,,NO_AUDITOR_BLOCK_DETECTED,,,NO_AUDITOR_BLOCK_DETECTED,
اکسل های صورت مالی کل زیپ ۱۳۹۲-۱۴۰۲.zip,ثشرق.zip,ثشرق.zip!ثشرق_۱۳۹۸_۰۶_۳۱_separate_ن-۱۰_صورت‌های مالی سال مالی منتهی به ۱۳۹۸_۰۶_۳۱ (حسابرسی شده).xlsx,ثشرق_۱۳۹۸_۰۶_۳۱_separate_ن-۱۰_صورت‌های مالی سال مالی منتهی به ۱۳۹۸_۰۶_۳۱ (حسابرسی شده).xlsx,HTML_MISLABELED_XLSX,.xlsx,113067,af719b9033011f713136122eb369da0cd42f539a1ef38255660c70fa63b1fb28,OK,,499,PAYLOAD_SUBSTANTIVE,,ثشرق,1398,1398/06/31,separate,audited,original,NOT_DETECTED,,,,1398/06/31,HTML_TABLE_1!R1C2,,,,,,NO_AUDITOR_BLOCK_DETECTED,,,NO_AUDITOR_BLOCK_DETECTED,
اکسل های صورت مالی کل زیپ ۱۳۹۲-۱۴۰۲.zip,ثشرق.zip,ثشرق.zip!ثشرق_۱۳۹۹_۰۶_۳۱_separate_ن-۱۰_صورت‌های مالی سال مالی منتهی به ۱۳۹۹_۰۶_۳۱ (حسابرسی شده).xlsx,ثشرق_۱۳۹۹_۰۶_۳۱_separate_ن-۱۰_صورت‌های مالی سال مالی منتهی به ۱۳۹۹_۰۶_۳۱ (حسابرسی شده).xlsx,HTML_MISLABELED_XLSX,.xlsx,249050,002325be393080f9e33b7a3b20d1a4f8fe334df525c2dd9d46cc7da46c190fa2,OK,,1185,PAYLOAD_SUBSTANTIVE,,ثشرق,1399,1399/06/31,separate,audited,original,NOT_DETECTED,,,,1399/06/31,HTML_TABLE_1!R1C2,,,,,,NO_AUDITOR_BLOCK_DETECTED,,,NO_AUDITOR_BLOCK_DETECTED,
اکسل های صورت مالی کل زیپ ۱۳۹۲-۱۴۰۲.zip,ثشرق.zip,ثشرق.zip!ثشرق_۱۴۰۰_۰۶_۳۱_separate_ن-۱۰_صورت‌های مالی سال مالی منتهی به ۱۴۰۰_۰۶_۳۱ (حسابرسی شده).xlsx,ثشرق_۱۴۰۰_۰۶_۳۱_separate_ن-۱۰_صورت‌های مالی سال مالی منتهی به ۱۴۰۰_۰۶_۳۱ (حسابرسی شده).xlsx,HTML_MISLABELED_XLSX,.xlsx,257810,30ecd86820716e2fa84fa4c879720ce92b0b1bdf1f9632a985fbb1b870b13ce7,OK,,1255,PAYLOAD_SUBSTANTIVE,,ثشرق,1400,1400/06/31,separate,audited,original,NOT_DETECTED,,,,1400/06/31,HTML_TABLE_1!R1C2,,,,,,NO_AUDITOR_BLOCK_DETECTED,,,NO_AUDITOR_BLOCK_DETECTED,
اکسل های صورت مالی کل زیپ ۱۳۹۲-۱۴۰۲.zip,ثشرق.zip,ثشرق.zip!ثشرق_۱۴۰۱_۰۶_۳۱_separate_ن-۱۰_صورت‌های مالی سال مالی منتهی به ۱۴۰۱_۰۶_۳۱ (حسابرسی شده).xlsx,ثشرق_۱۴۰۱_۰۶_۳۱_separate_ن-۱۰_صورت‌های مالی سال مالی منتهی به ۱۴۰۱_۰۶_۳۱ (حسابرسی شده).xlsx,HTML_MISLABELED_XLSX,.xlsx,295126,04fbb6baa5777c0713fb0d15304decfe99b7d4874b260c0e9239e78b1202bb1b,OK,,1435,PAYLOAD_SUBSTANTIVE,,ثشرق,1401,1401/06/31,separate,audited,original,NOT_DETECTED,,,,1401/06/31,HTML_TABLE_1!R1C2,,,,,,NO_AUDITOR_BLOCK_DETECTED,,,NO_AUDITOR_BLOCK_DETECTED,
اکسل های صورت مالی کل زیپ ۱۳۹۲-۱۴۰۲.zip,ثشرق.zip,ثشرق.zip!ثشرق_۱۴۰۲_۰۶_۳۱_separate_ن-۱۰_صورت‌های مالی سال مالی منتهی به ۱۴۰۲_۰۶_۳۱ (حسابرسی شده).xlsx,ثشرق_۱۴۰۲_۰۶_۳۱_separate_ن-۱۰_صورت‌های مالی سال مالی منتهی به ۱۴۰۲_۰۶_۳۱ (حسابرسی شده).xlsx,HTML_MISLABELED_XLSX,.xlsx,303658,8bb4615e824dbb1f4ce0d1856e2e0f478a5e135d8ec21afdb6ce05d9476bde3a,OK,,1493,PAYLOAD_SUBSTANTIVE,,ثشرق,1402,1402/06/31,separate,audited,original,NOT_DETECTED,,,,1402/06/31,HTML_TABLE_1!R1C2,,,,,,NO_AUDITOR_BLOCK_DETECTED,,,NO_AUDITOR_BLOCK_DETECTED,
اکسل های صورت مالی کل زیپ ۱۳۹۲-۱۴۰۲.zip,ثشرق.zip,ثشرق.zip!ثشرق_۱۴۰۳_۰۶_۳۱_separate_ن-۱۰_صورت‌های مالی سال مالی منتهی به ۱۴۰۳_۰۶_۳۱ (حسابرسی شده).xlsx,ثشرق_۱۴۰۳_۰۶_۳۱_separate_ن-۱۰_صورت‌های مالی سال مالی منتهی به ۱۴۰۳_۰۶_۳۱ (حسابرسی شده).xlsx,HTML_MISLABELED_XLSX,.xlsx,317103,20abf0accb297b2be67b887743906a7ee1bec7fd422d8ca6fef14eafd50f56b3,OK,,1566,PAYLOAD_SUBSTANTIVE,,ثشرق,1403,1403/06/31,separate,audited,original,NOT_DETECTED,,,,1403/06/31,HTML_TABLE_1!R1C2,,,,,,NO_AUDITOR_BLOCK_DETECTED,,,NO_AUDITOR_BLOCK_DETECTED,
اکسل های صورت مالی کل زیپ ۱۳۹۲-۱۴۰۲.zip,ثنوسا.zip,ثنوسا.zip!ثنوسا_۱۳۹۲_۰۶_۳۱_separate_ن-۱۰_صورتهای مالی سال مالی منتهی به ۱۳۹۲_۰۶_۳۱ (حسابرسی شده).xlsx,ثنوسا_۱۳۹۲_۰۶_۳۱_separate_ن-۱۰_صورتهای مالی سال مالی منتهی به ۱۳۹۲_۰۶_۳۱ (حسابرسی شده).xlsx,OLE2_LEGACY_EXCEL,.xlsx,65024,faed4d94c6cf5aee6ae93fca230d74942745df6149d057b8a1c147a6ebe3bf55,OK,,353,PAYLOAD_SUBSTANTIVE,,ثنوسا,1392,1392/06/31,separate,audited,original,DETECTED,Sheet1,9,105,1392/06/31,Sheet1!R6C4,مشروط,QUALIFIED_FAIR_WITH_EXCEPTION|HEADING_CELL,Sheet1!R60C14,Sheet1!R61C2,,,1392/08/28,Sheet1!R97C23,,نوسازی وساختمان تهران
اکسل های صورت مالی کل زیپ ۱۳۹۲-۱۴۰۲.zip,ثنوسا.zip,ثنوسا.zip!ثنوسا_۱۳۹۳_۰۶_۳۱_separate_ن-۱۰_صورتهای مالی سال مالی منتهی به ۱۳۹۳_۰۶_۳۱ (حسابرسی شده).xlsx,ثنوسا_۱۳۹۳_۰۶_۳۱_separate_ن-۱۰_صورتهای مالی سال مالی منتهی به ۱۳۹۳_۰۶_۳۱ (حسابرسی شده).xlsx,OLE2_LEGACY_EXCEL,.xlsx,59904,28e25d3bd9aefbe7c968ce5607cf6f4a682c30df73c14f93a9a8d47cc6e5dbf4,OK,,318,PAYLOAD_SUBSTANTIVE,,ثنوسا,1393,1393/06/31,separate,audited,original,DETECTED,Sheet1,9,95,1393/06/31,Sheet1!R6C4,مشروط,QUALIFIED_FAIR_WITH_EXCEPTION|HEADING_CELL,Sheet1!R61C14,Sheet1!R62C2,,,1393/08/28,Sheet1!R87C23,,نوسازی وساختمان تهران
اکسل های صورت مالی کل زیپ ۱۳۹۲-۱۴۰۲.zip,ثنوسا.zip,ثنوسا.zip!ثنوسا_۱۳۹۴_۰۶_۳۱_separate_ن-۱۰_صورت‌های مالی سال مالی منتهی به ۱۳۹۴_۰۶_۳۱ (حسابرسی شده).xlsx,ثنوسا_۱۳۹۴_۰۶_۳۱_separate_ن-۱۰_صورت‌های مالی سال مالی منتهی به ۱۳۹۴_۰۶_۳۱ (حسابرسی شده).xlsx,OLE2_LEGACY_EXCEL,.xlsx,64000,ef29e608ba4e6510d48727d1f59f9b06db8fe2e790bd6fac5db6513846f5aa55,OK,,331,PAYLOAD_SUBSTANTIVE,,ثنوسا,1394,1394/06/31,separate,audited,original,DETECTED,Sheet1,9,103,1394/06/31,Sheet1!R6C4,مشروط,QUALIFIED_FAIR_WITH_EXCEPTION|HEADING_CELL,Sheet1!R61C14,Sheet1!R62C2,,,1394/09/17,Sheet1!R95C23,,نوسازی و ساختمان تهران
اکسل های صورت مالی کل زیپ ۱۳۹۲-۱۴۰۲.zip,ثنوسا.zip,ثنوسا.zip!ثنوسا_۱۳۹۵_۰۶_۳۱_separate_ن-۱۰_صورت‌های مالی سال مالی منتهی به ۱۳۹۵_۰۶_۳۱ (حسابرسی شده).xlsx,ثنوسا_۱۳۹۵_۰۶_۳۱_separate_ن-۱۰_صورت‌های مالی سال مالی منتهی به ۱۳۹۵_۰۶_۳۱ (حسابرسی شده).xlsx,OLE2_LEGACY_EXCEL,.xlsx,87552,020a0ef1a91c786c616b4f733448a652b27b7aaae9293984a7b08da8662486b1,OK,,581,PAYLOAD_SUBSTANTIVE,,ثنوسا,1395,1395/06/31,separate,audited,original,DETECTED,Sheet1,9,97,1395/06/31,Sheet1!R6C4,مشروط,QUALIFIED_FAIR_WITH_EXCEPTION|HEADING_CELL,Sheet1!R56C14,Sheet1!R57C2,,,1395/09/17,Sheet1!R88C23,,نوسازی و ساختمان تهران
اکسل های صورت مالی کل زیپ ۱۳۹۲-۱۴۰۲.zip,ثنوسا.zip,ثنوسا.zip!ثنوسا_۱۳۹۶_۰۶_۳۱_separate_ن-۱۰_صورت‌های مالی سال مالی منتهی به ۱۳۹۶_۰۶_۳۱ (حسابرسی شده).xlsx,ثنوسا_۱۳۹۶_۰۶_۳۱_separate_ن-۱۰_صورت‌های مالی سال مالی منتهی به ۱۳۹۶_۰۶_۳۱ (حسابرسی شده).xlsx,OLE2_LEGACY_EXCEL,.xlsx,96768,9d749be5600e8f487ed840b4e15a81c265760372e0971af3d2577076a9e7bdc8,OK,,578,PAYLOAD_SUBSTANTIVE,,ثنوسا,1396,1396/06/31,separate,audited,original,DETECTED,Sheet1,11,124,1396/06/31,Sheet1!R8C4,مشروط,QUALIFIED_FAIR_WITH_EXCEPTION|HEADING_CELL,Sheet1!R75C12,Sheet1!R76C2,,,1396/09/20,Sheet1!R116C20,,نوسازی و ساختمان تهران
اکسل های صورت مالی کل زیپ ۱۳۹۲-۱۴۰۲.zip,ثنوسا.zip,ثنوسا.zip!ثنوسا_۱۳۹۷_۰۶_۳۱_separate_ن-۱۰_صورت‌های مالی سال مالی منتهی به ۱۳۹۷_۰۶_۳۱ (حسابرسی شده).xlsx,ثنوسا_۱۳۹۷_۰۶_۳۱_separate_ن-۱۰_صورت‌های مالی سال مالی منتهی به ۱۳۹۷_۰۶_۳۱ (حسابرسی شده).xlsx,OLE2_LEGACY_EXCEL,.xlsx,96768,8b1ad8f1acd8661d7352cd58a8574b36a32e6fcfc42c717de6bfa2248f55391d,OK,,575,PAYLOAD_SUBSTANTIVE,,ثنوسا,1397,1397/06/31,separate,audited,original,DETECTED,Sheet1,11,128,1397/06/31,Sheet1!R8C4,مشروط,QUALIFIED_FAIR_WITH_EXCEPTION|HEADING_CELL,Sheet1!R72C12,Sheet1!R74C2,,,1397/08/29,Sheet1!R120C20,,نوسازی و ساختمان تهران
اکسل های صورت مالی کل زیپ ۱۳۹۲-۱۴۰۲.zip,ثنوسا.zip,ثنوسا.zip!ثنوسا_۱۳۹۸_۰۶_۳۱_separate_ن-۱۰_صورت‌های مالی سال مالی منتهی به ۱۳۹۸_۰۶_۳۱ (حسابرسی شده).xlsx,ثنوسا_۱۳۹۸_۰۶_۳۱_separate_ن-۱۰_صورت‌های مالی سال مالی منتهی به ۱۳۹۸_۰۶_۳۱ (حسابرسی شده).xlsx,HTML_MISLABELED_XLSX,.xlsx,113508,b926cc349fa6e48d975eb7123330a87465ff48bfe3de095d37198e78f7d02f93,OK,,499,PAYLOAD_SUBSTANTIVE,,ثنوسا,1398,1398/06/31,separate,audited,original,NOT_DETECTED,,,,1398/06/31,HTML_TABLE_1!R1C2,,,,,,NO_AUDITOR_BLOCK_DETECTED,,,NO_AUDITOR_BLOCK_DETECTED,
اکسل های صورت مالی کل زیپ ۱۳۹۲-۱۴۰۲.zip,ثنوسا.zip,ثنوسا.zip!ثنوسا_۱۳۹۹_۰۶_۳۱_separate_ن-۱۰_صورت‌های مالی سال مالی منتهی به ۱۳۹۹_۰۶_۳۱ (حسابرسی شده).xlsx,ثنوسا_۱۳۹۹_۰۶_۳۱_separate_ن-۱۰_صورت‌های مالی سال مالی منتهی به ۱۳۹۹_۰۶_۳۱ (حسابرسی شده).xlsx,HTML_MISLABELED_XLSX,.xlsx,242642,189125505eb71b687690bc25b0328c956c0d92f2ccba162fbde3794b9d640ee4,OK,,1100,PAYLOAD_SUBSTANTIVE,,ثنوسا,1399,1399/06/31,separate,audited,original,NOT_DETECTED,,,,1399/06/31,HTML_TABLE_1!R1C2,,,,,,NO_AUDITOR_BLOCK_DETECTED,,,NO_AUDITOR_BLOCK_DETECTED,
اکسل های صورت مالی کل زیپ ۱۳۹۲-۱۴۰۲.zip,ثنوسا.zip,ثنوسا.zip!ثنوسا_۱۴۰۰_۰۶_۳۱_separate_ن-۱۰_صورت‌های مالی سال مالی منتهی به ۱۴۰۰_۰۶_۳۱ (حسابرسی شده).xlsx,ثنوسا_۱۴۰۰_۰۶_۳۱_separate_ن-۱۰_صورت‌های مالی سال مالی منتهی به ۱۴۰۰_۰۶_۳۱ (حسابرسی شده).xlsx,HTML_MISLABELED_XLSX,.xlsx,237952,ed3506bebda53895faa90b2358d01416a5515502d5666318808cc6f788d6626a,OK,,1077,PAYLOAD_SUBSTANTIVE,,ثنوسا,1400,1400/06/31,separate,audited,original,NOT_DETECTED,,,,1400/06/31,HTML_TABLE_1!R1C2,,,,,,NO_AUDITOR_BLOCK_DETECTED,,,NO_AUDITOR_BLOCK_DETECTED,
اکسل های صورت مالی کل زیپ ۱۳۹۲-۱۴۰۲.zip,ثنوسا.zip,ثنوسا.zip!ثنوسا_۱۴۰۱_۰۶_۳۱_separate_ن-۱۰_صورت‌های مالی سال مالی منتهی به ۱۴۰۱_۰۶_۳۱ (حسابرسی شده).xlsx,ثنوسا_۱۴۰۱_۰۶_۳۱_separate_ن-۱۰_صورت‌های مالی سال مالی منتهی به ۱۴۰۱_۰۶_۳۱ (حسابرسی شده).xlsx,HTML_MISLABELED_XLSX,.xlsx,250720,7b69b3252d141fa52c667f6fdb6cf13b74d3ec49767a9c2dce5af28af2b6dfa2,OK,,1129,PAYLOAD_SUBSTANTIVE,,ثنوسا,1401,1401/06/31,separate,audited,original,NOT_DETECTED,,,,1401/06/31,HTML_TABLE_1!R1C2,,,,,,NO_AUDITOR_BLOCK_DETECTED,,,NO_AUDITOR_BLOCK_DETECTED,
اکسل های صورت مالی کل زیپ ۱۳۹۲-۱۴۰۲.zip,ثنوسا.zip,ثنوسا.zip!ثنوسا_۱۴۰۲_۰۶_۳۱_separate_ن-۱۰_صورت‌های مالی سال مالی منتهی به ۱۴۰۲_۰۶_۳۱ (حسابرسی شده).xlsx,ثنوسا_۱۴۰۲_۰۶_۳۱_separate_ن-۱۰_صورت‌های مالی سال مالی منتهی به ۱۴۰۲_۰۶_۳۱ (حسابرسی شده).xlsx,HTML_MISLABELED_XLSX,.xlsx,276943,cc6d6afddd3ecd2a29e86463ad719e29965baf1b592bc419df8e42605a1a08d8,OK,,1264,PAYLOAD_SUBSTANTIVE,,ثنوسا,1402,1402/06/31,separate,audited,original,NOT_DETECTED,,,,1402/06/31,HTML_TABLE_1!R1C2,,,,,,NO_AUDITOR_BLOCK_DETECTED,,,NO_AUDITOR_BLOCK_DETECTED,
اکسل های صورت مالی کل زیپ ۱۳۹۲-۱۴۰۲.zip,ثنوسا.zip,ثنوسا.zip!ثنوسا_۱۴۰۳_۰۶_۳۱_separate_ن-۱۰_صورت‌های مالی سال مالی منتهی به ۱۴۰۳_۰۶_۳۱ (حسابرسی شده).xlsx,ثنوسا_۱۴۰۳_۰۶_۳۱_separate_ن-۱۰_صورت‌های مالی سال مالی منتهی به ۱۴۰۳_۰۶_۳۱ (حسابرسی شده).xlsx,HTML_MISLABELED_XLSX,.xlsx,281062,7fc93aa925f2204bbf2975bd46de765f6e2f6aa27ff3e832fca6498427592c73,OK,,1251,PAYLOAD_SUBSTANTIVE,,ثنوسا,1403,1403/06/31,separate,audited,original,NOT_DETECTED,,,,1403/06/31,HTML_TABLE_1!R1C2,,,,,,NO_AUDITOR_BLOCK_DETECTED,,,NO_AUDITOR_BLOCK_DETECTED,
اکسل های صورت مالی کل زیپ ۱۳۹۲-۱۴۰۲.zip,جم پيلن.zip,جم پيلن.zip!جم پيلن_۱۳۹۷_۱۲_۲۹_separate_ن-۱۰_صورت‌های مالی سال مالی منتهی به ۱۳۹۷_۱۲_۲۹ (حسابرسی شده).xlsx,جم پيلن_۱۳۹۷_۱۲_۲۹_separate_ن-۱۰_صورت‌های مالی سال مالی منتهی به ۱۳۹۷_۱۲_۲۹ (حسابرسی شده).xlsx,HTML_MISLABELED_XLSX,.xlsx,113352,e7bf8b4565cea504164d8dac0c9ba82189462a45875828ba8b8063eb50919ddf,OK,,495,PAYLOAD_SUBSTANTIVE,,جم پیلن,1397,1397/12/29,separate,audited,original,NOT_DETECTED,,,,1397/12/29,HTML_TABLE_1!R1C2,,,,,,NO_AUDITOR_BLOCK_DETECTED,,,NO_AUDITOR_BLOCK_DETECTED,
اکسل های صورت مالی کل زیپ ۱۳۹۲-۱۴۰۲.zip,جم پيلن.zip,جم پيلن.zip!جم پيلن_۱۳۹۷_۱۲_۲۹_separate_ن-۱۰_صورت‌های مالی سال مالی منتهی به ۱۳۹۷_۱۲_۲۹ (حسابرسی شده)(اصلاحیه).xlsx,جم پيلن_۱۳۹۷_۱۲_۲۹_separate_ن-۱۰_صورت‌های مالی سال مالی منتهی به ۱۳۹۷_۱۲_۲۹ (حسابرسی شده)(اصلاحیه).xlsx,HTML_MISLABELED_XLSX,.xlsx,116340,b3ac6cadc797c23f2ee1b3ce9f61e1513f83541e031bbb0632335f339bbdc28f,OK,,495,PAYLOAD_SUBSTANTIVE,,جم پیلن,1397,1397/12/29,separate,audited,correction,NOT_DETECTED,,,,1397/12/29,HTML_TABLE_1!R1C2,,,,,,NO_AUDITOR_BLOCK_DETECTED,,,NO_AUDITOR_BLOCK_DETECTED,
اکسل های صورت مالی کل زیپ ۱۳۹۲-۱۴۰۲.zip,جم پيلن.zip,جم پيلن.zip!جم پيلن_۱۳۹۸_۱۲_۲۹_separate_ن-۱۰_صورت‌های مالی سال مالی منتهی به ۱۳۹۸_۱۲_۲۹ (حسابرسی شده).xlsx,جم پيلن_۱۳۹۸_۱۲_۲۹_separate_ن-۱۰_صورت‌های مالی سال مالی منتهی به ۱۳۹۸_۱۲_۲۹ (حسابرسی شده).xlsx,HTML_MISLABELED_XLSX,.xlsx,300667,5c4a46b912f6e66db258592c77c697d5653e29fd513f94a097a7a1dd9d1fb2ab,OK,,1391,PAYLOAD_SUBSTANTIVE,,جم پیلن,1398,1398/12/29,separate,audited,original,NOT_DETECTED,,,,1398/12/29,HTML_TABLE_1!R1C2,,,,,,NO_AUDITOR_BLOCK_DETECTED,,,NO_AUDITOR_BLOCK_DETECTED,
اکسل های صورت مالی کل زیپ ۱۳۹۲-۱۴۰۲.zip,جم پيلن.zip,جم پيلن.zip!جم پيلن_۱۳۹۹_۱۲_۳۰_separate_ن-۱۰_صورت‌های مالی سال مالی منتهی به ۱۳۹۹_۱۲_۳۰ (حسابرسی شده).xlsx,جم پيلن_۱۳۹۹_۱۲_۳۰_separate_ن-۱۰_صورت‌های مالی سال مالی منتهی به ۱۳۹۹_۱۲_۳۰ (حسابرسی شده).xlsx,HTML_MISLABELED_XLSX,.xlsx,297032,611b384bb0818a6962c34f44ee52dd96fa059d09a3027af1ff991b1821eedc0c,OK,,1359,PAYLOAD_SUBSTANTIVE,,جم پیلن,1399,1399/12/30,separate,audited,original,NOT_DETECTED,,,,1399/12/30,HTML_TABLE_1!R1C2,,,,,,NO_AUDITOR_BLOCK_DETECTED,,,NO_AUDITOR_BLOCK_DETECTED,
اکسل های صورت مالی کل زیپ ۱۳۹۲-۱۴۰۲.zip,جم پيلن.zip,جم پيلن.zip!جم پيلن_۱۴۰۰_۱۲_۲۹_separate_ن-۱۰_صورت‌های مالی سال مالی منتهی به ۱۴۰۰_۱۲_۲۹ (حسابرسی شده).xlsx,جم پيلن_۱۴۰۰_۱۲_۲۹_separate_ن-۱۰_صورت‌های مالی سال مالی منتهی به ۱۴۰۰_۱۲_۲۹ (حسابرسی شده).xlsx,HTML_MISLABELED_XLSX,.xlsx,379691,16e8bf1a9ae7488bd422ad94061c9d1ae2c724cb29f060d33035219de7a843d4,OK,,1750,PAYLOAD_SUBSTANTIVE,,جم پیلن,1400,1400/12/29,separate,audited,original,NOT_DETECTED,,,,1400/12/29,HTML_TABLE_1!R1C2,,,,,,NO_AUDITOR_BLOCK_DETECTED,,,NO_AUDITOR_BLOCK_DETECTED,
اکسل های صورت مالی کل زیپ ۱۳۹۲-۱۴۰۲.zip,جم پيلن.zip,جم پيلن.zip!جم پيلن_۱۴۰۰_۱۲_۲۹_separate_ن-۱۰_صورت‌های مالی سال مالی منتهی به ۱۴۰۰_۱۲_۲۹ (حسابرسی شده)(اصلاحیه).xlsx,جم پيلن_۱۴۰۰_۱۲_۲۹_separate_ن-۱۰_صورت‌های مالی سال مالی منتهی به ۱۴۰۰_۱۲_۲۹ (حسابرسی شده)(اصلاحیه).xlsx,HTML_MISLABELED_XLSX,.xlsx,379606,4195aa3003d2f2d401ab3f84dc560c1eec40e2881e5d9a0601085dd1a7ac1173,OK,,1750,PAYLOAD_SUBSTANTIVE,,جم پیلن,1400,1400/12/29,separate,audited,correction,NOT_DETECTED,,,,1400/12/29,HTML_TABLE_1!R1C2,,,,,,NO_AUDITOR_BLOCK_DETECTED,,,NO_AUDITOR_BLOCK_DETECTED,
اکسل های صورت مالی کل زیپ ۱۳۹۲-۱۴۰۲.zip,جم پيلن.zip,جم پيلن.zip!جم پيلن_۱۴۰۱_۱۲_۲۹_separate_ن-۱۰_صورت‌های مالی سال مالی منتهی به ۱۴۰۱_۱۲_۲۹ (حسابرسی شده).xlsx,جم پيلن_۱۴۰۱_۱۲_۲۹_separate_ن-۱۰_صورت‌های مالی سال مالی منتهی به ۱۴۰۱_۱۲_۲۹ (حسابرسی شده).xlsx,HTML_MISLABELED_XLSX,.xlsx,415440,c513b21b3b1c2ce8bbce5d2b28ad686eee01d0b983cbe6aafa7d7d108102c587,OK,,1942,PAYLOAD_SUBSTANTIVE,,جم پیلن,1401,1401/12/29,separate,audited,original,NOT_DETECTED,,,,1401/12/29,HTML_TABLE_1!R1C2,,,,,,NO_AUDITOR_BLOCK_DETECTED,,,NO_AUDITOR_BLOCK_DETECTED,
اکسل های صورت مالی کل زیپ ۱۳۹۲-۱۴۰۲.zip,جم پيلن.zip,جم پيلن.zip!جم پيلن_۱۴۰۲_۱۲_۲۹_separate_ن-۱۰_صورت‌های مالی سال مالی منتهی به ۱۴۰۲_۱۲_۲۹ (حسابرسی شده).xlsx,جم پيلن_۱۴۰۲_۱۲_۲۹_separate_ن-۱۰_صورت‌های مالی سال مالی منتهی به ۱۴۰۲_۱۲_۲۹ (حسابرسی شده).xlsx,HTML_MISLABELED_XLSX,.xlsx,402653,ffc64ea59ccdf93f1651eda1a6e71ff69ac6d5ced0f9dcce2dc2142020fe85ea,OK,,1864,PAYLOAD_SUBSTANTIVE,,جم پیلن,1402,1402/12/29,separate,audited,original,NOT_DETECTED,,,,1402/12/29,HTML_TABLE_1!R1C2,,,,,,NO_AUDITOR_BLOCK_DETECTED,,,NO_AUDITOR_BLOCK_DETECTED,
اکسل های صورت مالی کل زیپ ۱۳۹۲-۱۴۰۲.zip,جم.zip,جم.zip!جم_۱۳۸۱_۱۲_۲۹_separate_ن-۱۰_صورت‌های مالی سال مالی منتهی به ۱۳۸۱_۱۲_۲۹ (حسابرسی شده).xlsx,جم_۱۳۸۱_۱۲_۲۹_separate_ن-۱۰_صورت‌های مالی سال مالی منتهی به ۱۳۸۱_۱۲_۲۹ (حسابرسی شده).xlsx,OLE2_LEGACY_EXCEL,.xlsx,50176,ea25acd6806c7c226b4e516a7dd852048827c8ebb8c9df1f2b468531e7ecabba,OK,,505,PAYLOAD_SUBSTANTIVE,,جم,1381,1381/12/29,separate,audited,original,DETECTED,Sheet1,9,29,1381/12/29,Sheet1!R6C4,مقبول,STRUCTURED_FIELD_نظر_حسابرس,Sheet1!R14C23,Sheet1!R13C1,,,,,DATE_ANCHOR_IN_BLOCK_BUT_NO_PARSEABLE_DATE_ADJACENT,
اکسل های صورت مالی کل زیپ ۱۳۹۲-۱۴۰۲.zip,جم.zip,جم.zip!جم_۱۳۸۲_۱۲_۲۹_separate_ن-۱۰_صورت‌های مالی سال مالی منتهی به ۱۳۸۲_۱۲_۲۹ (حسابرسی شده).xlsx,جم_۱۳۸۲_۱۲_۲۹_separate_ن-۱۰_صورت‌های مالی سال مالی منتهی به ۱۳۸۲_۱۲_۲۹ (حسابرسی شده).xlsx,OLE2_LEGACY_EXCEL,.xlsx,52224,458d2c06648f46952f161efa5a84f793e0b1a3ed6384ef737711f4fdad080e4b,OK,,508,PAYLOAD_SUBSTANTIVE,,جم,1382,1382/12/29,separate,audited,original,DETECTED,Sheet1,9,29,1382/12/29,Sheet1!R6C4,مقبول,STRUCTURED_FIELD_نظر_حسابرس,Sheet1!R14C23,Sheet1!R13C1,,,,,DATE_ANCHOR_IN_BLOCK_BUT_NO_PARSEABLE_DATE_ADJACENT,
اکسل های صورت مالی کل زیپ ۱۳۹۲-۱۴۰۲.zip,جم.zip,جم.zip!جم_۱۳۸۳_۱۲_۳۰_separate_ن-۱۰_صورت‌های مالی سال مالی منتهی به ۱۳۸۳_۱۲_۳۰ (حسابرسی شده).xlsx,جم_۱۳۸۳_۱۲_۳۰_separate_ن-۱۰_صورت‌های مالی سال مالی منتهی به ۱۳۸۳_۱۲_۳۰ (حسابرسی شده).xlsx,OLE2_LEGACY_EXCEL,.xlsx,52736,580ab462c3e1a9edd5279aae1878912fca9ac4350890aad49a0de689549747df,OK,,508,PAYLOAD_SUBSTANTIVE,,جم,1383,1383/12/30,separate,audited,original,DETECTED,Sheet1,9,29,1383/12/30,Sheet1!R6C4,مقبول,STRUCTURED_FIELD_نظر_حسابرس,Sheet1!R14C23,Sheet1!R13C1,,,,,DATE_ANCHOR_IN_BLOCK_BUT_NO_PARSEABLE_DATE_ADJACENT,
اکسل های صورت مالی کل زیپ ۱۳۹۲-۱۴۰۲.zip,جم.zip,جم.zip!جم_۱۳۸۴_۱۲_۲۹_separate_ن-۱۰_صورت‌های مالی سال مالی منتهی به ۱۳۸۴_۱۲_۲۹ (حسابرسی شده).xlsx,جم_۱۳۸۴_۱۲_۲۹_separate_ن-۱۰_صورت‌های مالی سال مالی منتهی به ۱۳۸۴_۱۲_۲۹ (حسابرسی شده).xlsx,OLE2_LEGACY_EXCEL,.xlsx,52736,3a1a76384d415636a1e7570376fe17e03a8a278a05d568cda0d9ea65f16b0be1,OK,,508,PAYLOAD_SUBSTANTIVE,,جم,1384,1384/12/29,separate,audited,original,DETECTED,Sheet1,9,29,1384/12/29,Sheet1!R6C4,مشروط,STRUCTURED_FIELD_نظر_حسابرس,Sheet1!R14C23,Sheet1!R13C1,,,,,DATE_ANCHOR_IN_BLOCK_BUT_NO_PARSEABLE_DATE_ADJACENT,
اکسل های صورت مالی کل زیپ ۱۳۹۲-۱۴۰۲.zip,جم.zip,جم.zip!جم_۱۳۸۵_۱۲_۲۹_separate_ن-۱۰_صورت‌های مالی سال مالی منتهی به ۱۳۸۵_۱۲_۲۹ (حسابرسی شده).xlsx,جم_۱۳۸۵_۱۲_۲۹_separate_ن-۱۰_صورت‌های مالی سال مالی منتهی به ۱۳۸۵_۱۲_۲۹ (حسابرسی شده).xlsx,OLE2_LEGACY_EXCEL,.xlsx,52736,94f5374c1dc552f55e4898053f248c651e3adeb4bea21c4b431785c200512a1c,OK,,507,PAYLOAD_SUBSTANTIVE,,جم,1385,1385/12/29,separate,audited,original,DETECTED,Sheet1,9,28,1385/12/29,Sheet1!R6C4,مشروط,STRUCTURED_FIELD_نظر_حسابرس,Sheet1!R14C23,Sheet1!R13C1,,,,,DATE_ANCHOR_IN_BLOCK_BUT_NO_PARSEABLE_DATE_ADJACENT,
اکسل های صورت مالی کل زیپ ۱۳۹۲-۱۴۰۲.zip,جم.zip,جم.zip!جم_۱۳۸۶_۱۲_۲۹_separate_ن-۱۰_صورت‌های مالی سال مالی منتهی به ۱۳۸۶_۱۲_۲۹ (حسابرسی شده).xlsx,جم_۱۳۸۶_۱۲_۲۹_separate_ن-۱۰_صورت‌های مالی سال مالی منتهی به ۱۳۸۶_۱۲_۲۹ (حسابرسی شده).xlsx,OLE2_LEGACY_EXCEL,.xlsx,52736,0ab8ef1e86de229b7e7da99f004e7d95f73044d1322b90517123488c3227dcdb,OK,,508,PAYLOAD_SUBSTANTIVE,,جم,1386,1386/12/29,separate,audited,original,DETECTED,Sheet1,9,29,1386/12/29,Sheet1!R6C4,مشروط,STRUCTURED_FIELD_نظر_حسابرس,Sheet1!R14C23,Sheet1!R13C1,,,,,DATE_ANCHOR_IN_BLOCK_BUT_NO_PARSEABLE_DATE_ADJACENT,
اکسل های صورت مالی کل زیپ ۱۳۹۲-۱۴۰۲.zip,جم.zip,جم.zip!جم_۱۳۸۷_۱۲_۳۰_separate_ن-۱۰_صورت‌های مالی سال مالی منتهی به ۱۳۸۷_۱۲_۳۰ (حسابرسی شده).xlsx,جم_۱۳۸۷_۱۲_۳۰_separate_ن-۱۰_صورت‌های مالی سال مالی منتهی به ۱۳۸۷_۱۲_۳۰ (حسابرسی شده).xlsx,OLE2_LEGACY_EXCEL,.xlsx,53248,7f4b11993693c10301387b8453088feb14e9a8fa6aa0c9be058aa7779e8632c9,OK,,508,PAYLOAD_SUBSTANTIVE,,جم,1387,1387/12/30,separate,audited,original,DETECTED,Sheet1,9,29,1387/12/30,Sheet1!R6C4,مشروط,STRUCTURED_FIELD_نظر_حسابرس,Sheet1!R14C23,Sheet1!R13C1,,,,,DATE_ANCHOR_IN_BLOCK_BUT_NO_PARSEABLE_DATE_ADJACENT,
اکسل های صورت مالی کل زیپ ۱۳۹۲-۱۴۰۲.zip,جم.zip,جم.zip!جم_۱۳۸۹_۱۲_۲۹_separate_ن-۱۰_صورت‌های مالی سال مالی منتهی به ۱۳۸۹_۱۲_۲۹ (حسابرسی شده).xlsx,جم_۱۳۸۹_۱۲_۲۹_separate_ن-۱۰_صورت‌های مالی سال مالی منتهی به ۱۳۸۹_۱۲_۲۹ (حسابرسی شده).xlsx,OLE2_LEGACY_EXCEL,.xlsx,36864,52fbe4575f9aca9eb1a515f962162d943f8d37dc628a3d5f2a7f782be713858b,OK,,343,PAYLOAD_SUBSTANTIVE,,جم,1389,1389/12/29,separate,audited,original,DETECTED,Sheet1,9,29,1389/12/29,Sheet1!R6C4,مشروط,STRUCTURED_FIELD_نظر_حسابرس,Sheet1!R14C23,Sheet1!R13C1,,,,,DATE_ANCHOR_IN_BLOCK_BUT_NO_PARSEABLE_DATE_ADJACENT,
اکسل های صورت مالی کل زیپ ۱۳۹۲-۱۴۰۲.zip,جم.zip,جم.zip!جم_۱۳۹۱_۱۲_۳۰_separate_ن-۱۰_صورتهای مالی سال مالی منتهی به ۱۳۹۱_۱۲_۳۰ (حسابرسی شده).xlsx,جم_۱۳۹۱_۱۲_۳۰_separate_ن-۱۰_صورتهای مالی سال مالی منتهی به ۱۳۹۱_۱۲_۳۰ (حسابرسی شده).xlsx,OLE2_LEGACY_EXCEL,.xlsx,75776,768acadd9052634933b8c753e260d9dde98dc869e3ff61e5b0e59d5dee3abfe0,OK,,560,PAYLOAD_SUBSTANTIVE,,جم,1391,1391/12/30,separate,audited,original,DETECTED,Sheet1,9,107,1391/12/30,Sheet1!R6C4,مشروط,QUALIFIED_FAIR_WITH_EXCEPTION|HEADING_CELL,Sheet1!R56C14,Sheet1!R57C2,,,1392/04/25,Sheet1!R99C23,,پتروشیمی جم
اکسل های صورت مالی کل زیپ ۱۳۹۲-۱۴۰۲.zip,جم.zip,جم.zip!جم_۱۳۹۲_۱۲_۲۹_separate_ن-۱۰_صورتهای مالی سال مالی منتهی به ۱۳۹۲_۱۲_۲۹ (حسابرسی شده).xlsx,جم_۱۳۹۲_۱۲_۲۹_separate_ن-۱۰_صورتهای مالی سال مالی منتهی به ۱۳۹۲_۱۲_۲۹ (حسابرسی شده).xlsx,OLE2_LEGACY_EXCEL,.xlsx,94208,afe80eba0c3a0814888627661287ae24f0c45ae1ae3bc4331afc7ad0abd7b308,OK,,672,PAYLOAD_SUBSTANTIVE,,جم,1392,1392/12/29,separate,audited,original,DETECTED,Sheet1,9,94,1392/12/29,Sheet1!R6C4,مشروط,QUALIFIED_FAIR_WITH_EXCEPTION|HEADING_CELL,Sheet1!R38C14,Sheet1!R39C2,,,1393/04/14,Sheet1!R85C23,,پتروشیمی جم
اکسل های صورت مالی کل زیپ ۱۳۹۲-۱۴۰۲.zip,جم.zip,جم.zip!جم_۱۳۹۳_۱۲_۲۹_separate_ن-۱۰_صورتهای مالی سال مالی منتهی به ۱۳۹۳_۱۲_۲۹ (حسابرسی شده).xlsx,جم_۱۳۹۳_۱۲_۲۹_separate_ن-۱۰_صورتهای مالی سال مالی منتهی به ۱۳۹۳_۱۲_۲۹ (حسابرسی شده).xlsx,OLE2_LEGACY_EXCEL,.xlsx,95744,67f59b96b800ee2416de771b50fa4eecb76ba718341b264e6960e5d5f2240a9b,OK,,699,PAYLOAD_SUBSTANTIVE,,جم,1393,1393/12/29,separate,audited,original,DETECTED,Sheet1,9,124,1393/12/29,Sheet1!R6C4,مشروط,QUALIFIED_FAIR_WITH_EXCEPTION|HEADING_CELL,Sheet1!R62C14,Sheet1!R63C2,,,1394/04/10,Sheet1!R115C23,,پتروشیمی جم
اکسل های صورت مالی کل زیپ ۱۳۹۲-۱۴۰۲.zip,جم.zip,جم.zip!جم_۱۳۹۴_۱۲_۲۹_consolidated_ن-۱۰_صورت‌های مالی تلفیقی سال مالی منتهی به ۱۳۹۴_۱۲_۲۹ (حسابرسی شده).xlsx,جم_۱۳۹۴_۱۲_۲۹_consolidated_ن-۱۰_صورت‌های مالی تلفیقی سال مالی منتهی به ۱۳۹۴_۱۲_۲۹ (حسابرسی شده).xlsx,OLE2_LEGACY_EXCEL,.xlsx,156672,9dd42d424d4535246ac4c835f0027d58ce701c4664cd42879a69868cc9bece46,OK,,1491,PAYLOAD_SUBSTANTIVE,,جم,1394,1394/12/29,consolidated,audited,original,DETECTED,Sheet1,9,119,1394/12/29,Sheet1!R6C4,مشروط,QUALIFIED_FAIR_WITH_EXCEPTION|HEADING_CELL,Sheet1!R60C14,Sheet1!R61C2,,,1395/04/19,Sheet1!R110C23,,پتروشیمی جم
اکسل های صورت مالی کل زیپ ۱۳۹۲-۱۴۰۲.zip,جم.zip,جم.zip!جم_۱۳۹۵_۱۲_۳۰_consolidated_ن-۱۰_صورت‌های مالی تلفیقی سال مالی منتهی به ۱۳۹۵_۱۲_۳۰ (حسابرسی شده).xlsx,جم_۱۳۹۵_۱۲_۳۰_consolidated_ن-۱۰_صورت‌های مالی تلفیقی سال مالی منتهی به ۱۳۹۵_۱۲_۳۰ (حسابرسی شده).xlsx,OLE2_LEGACY_EXCEL,.xlsx,155136,332db53c3b55cf10900eca8ec70926da93937467d9e3dd88bd38d80392d82053,OK,,1499,PAYLOAD_SUBSTANTIVE,,جم,1395,1395/12/30,consolidated,audited,original,DETECTED,Sheet1,11,118,1395/12/30,Sheet1!R8C4,مشروط,QUALIFIED_FAIR_WITH_EXCEPTION|HEADING_CELL,Sheet1!R59C12,Sheet1!R60C2,,,1396/04/07,Sheet1!R109C20,,پتروشیمی جم
اکسل های صورت مالی کل زیپ ۱۳۹۲-۱۴۰۲.zip,جم.zip,جم.zip!جم_۱۳۹۶_۱۲_۲۹_consolidated_ن-۱۰_صورت‌های مالی تلفیقی سال مالی منتهی به ۱۳۹۶_۱۲_۲۹ (حسابرسی شده).xlsx,جم_۱۳۹۶_۱۲_۲۹_consolidated_ن-۱۰_صورت‌های مالی تلفیقی سال مالی منتهی به ۱۳۹۶_۱۲_۲۹ (حسابرسی شده).xlsx,OLE2_LEGACY_EXCEL,.xlsx,147456,23defbc7376ab590218a0a7cdd101a78455144356f65c17952acf6bb2b4919cf,OK,,1501,PAYLOAD_SUBSTANTIVE,,جم,1396,1396/12/29,consolidated,audited,original,DETECTED,Sheet1,11,104,1396/12/29,Sheet1!R8C4,مشروط,QUALIFIED_FAIR_WITH_EXCEPTION|HEADING_CELL,Sheet1!R46C12,Sheet1!R47C2,,,1397/04/09,Sheet1!R95C20,,پتروشیمی جم
اکسل های صورت مالی کل زیپ ۱۳۹۲-۱۴۰۲.zip,جم.zip,جم.zip!جم_۱۳۹۷_۱۲_۲۹_consolidated_ن-۱۰_صورت‌های مالی تلفیقی سال مالی منتهی به ۱۳۹۷_۱۲_۲۹ (حسابرسی شده).xlsx,جم_۱۳۹۷_۱۲_۲۹_consolidated_ن-۱۰_صورت‌های مالی تلفیقی سال مالی منتهی به ۱۳۹۷_۱۲_۲۹ (حسابرسی شده).xlsx,HTML_MISLABELED_XLSX,.xlsx,235194,40ce2b91fe567db2fb45d3f8b09039f802c3701a556bfd711b0b69063431b785,OK,,1045,PAYLOAD_SUBSTANTIVE,,جم,1397,1397/12/29,consolidated,audited,original,NOT_DETECTED,,,,1397/12/29,HTML_TABLE_1!R1C2,,,,,,NO_AUDITOR_BLOCK_DETECTED,,,NO_AUDITOR_BLOCK_DETECTED,
اکسل های صورت مالی کل زیپ ۱۳۹۲-۱۴۰۲.zip,جم.zip,جم.zip!جم_۱۳۹۷_۱۲_۲۹_consolidated_ن-۱۰_صورت‌های مالی تلفیقی سال مالی منتهی به ۱۳۹۷_۱۲_۲۹ (حسابرسی شده)(اصلاحیه).xlsx,جم_۱۳۹۷_۱۲_۲۹_consolidated_ن-۱۰_صورت‌های مالی تلفیقی سال مالی منتهی به ۱۳۹۷_۱۲_۲۹ (حسابرسی شده)(اصلاحیه).xlsx,HTML_MISLABELED_XLSX,.xlsx,241338,38f2c1200a2b38077d51a27f30448f2654848f0cf29e01c739c3d8e60859d62f,OK,,1045,PAYLOAD_SUBSTANTIVE,,جم,1397,1397/12/29,consolidated,audited,correction,NOT_DETECTED,,,,1397/12/29,HTML_TABLE_1!R1C2,,,,,,NO_AUDITOR_BLOCK_DETECTED,,,NO_AUDITOR_BLOCK_DETECTED,
اکسل های صورت مالی کل زیپ ۱۳۹۲-۱۴۰۲.zip,جم.zip,جم.zip!جم_۱۳۹۸_۱۲_۲۹_consolidated_ن-۱۰_صورت‌های مالی تلفیقی سال مالی منتهی به ۱۳۹۸_۱۲_۲۹ (حسابرسی شده).xlsx,جم_۱۳۹۸_۱۲_۲۹_consolidated_ن-۱۰_صورت‌های مالی تلفیقی سال مالی منتهی به ۱۳۹۸_۱۲_۲۹ (حسابرسی شده).xlsx,HTML_MISLABELED_XLSX,.xlsx,567880,1715bd76883f6892a2eb7b20ed292405b10beb895c462d75ce454e79f7bf00d9,OK,,2827,PAYLOAD_SUBSTANTIVE,,جم,1398,1398/12/29,consolidated,audited,original,NOT_DETECTED,,,,1398/12/29,HTML_TABLE_1!R1C2,,,,,,NO_AUDITOR_BLOCK_DETECTED,,,NO_AUDITOR_BLOCK_DETECTED,
اکسل های صورت مالی کل زیپ ۱۳۹۲-۱۴۰۲.zip,جم.zip,جم.zip!جم_۱۳۹۹_۱۲_۳۰_consolidated_ن-۱۰_صورت‌های مالی تلفیقی سال مالی منتهی به ۱۳۹۹_۱۲_۳۰ (حسابرسی شده).xlsx,جم_۱۳۹۹_۱۲_۳۰_consolidated_ن-۱۰_صورت‌های مالی تلفیقی سال مالی منتهی به ۱۳۹۹_۱۲_۳۰ (حسابرسی شده).xlsx,HTML_MISLABELED_XLSX,.xlsx,576119,e48c74e5512453042e23eb4297f258830e8f75320ac82f5e97cf1d69fc37ad52,OK,,2854,PAYLOAD_SUBSTANTIVE,,جم,1399,1399/12/30,consolidated,audited,original,NOT_DETECTED,,,,1399/12/30,HTML_TABLE_1!R1C2,,,,,,NO_AUDITOR_BLOCK_DETECTED,,,NO_AUDITOR_BLOCK_DETECTED,
اکسل های صورت مالی کل زیپ ۱۳۹۲-۱۴۰۲.zip,جم.zip,جم.zip!جم_۱۴۰۰_۱۲_۲۹_consolidated_ن-۱۰_صورت‌های مالی تلفیقی سال مالی منتهی به ۱۴۰۰_۱۲_۲۹ (حسابرسی شده).xlsx,جم_۱۴۰۰_۱۲_۲۹_consolidated_ن-۱۰_صورت‌های مالی تلفیقی سال مالی منتهی به ۱۴۰۰_۱۲_۲۹ (حسابرسی شده).xlsx,HTML_MISLABELED_XLSX,.xlsx,686139,80cab63898b3d5be6ef8cfd88e4e39da2cdc2c33302d28794eff107c59f9d0a4,OK,,3494,PAYLOAD_SUBSTANTIVE,,جم,1400,1400/12/29,consolidated,audited,original,NOT_DETECTED,,,,1400/12/29,HTML_TABLE_1!R1C2,,,,,,NO_AUDITOR_BLOCK_DETECTED,,,NO_AUDITOR_BLOCK_DETECTED,
اکسل های صورت مالی کل زیپ ۱۳۹۲-۱۴۰۲.zip,جم.zip,جم.zip!جم_۱۴۰۰_۱۲_۲۹_consolidated_ن-۱۰_صورت‌های مالی تلفیقی سال مالی منتهی به ۱۴۰۰_۱۲_۲۹ (حسابرسی شده)(اصلاحیه).xlsx,جم_۱۴۰۰_۱۲_۲۹_consolidated_ن-۱۰_صورت‌های مالی تلفیقی سال مالی منتهی به ۱۴۰۰_۱۲_۲۹ (حسابرسی شده)(اصلاحیه).xlsx,HTML_MISLABELED_XLSX,.xlsx,686229,1f0ff5ca97b25e03d6d09b21e8ba75cfeb8c14f9135ad0a47bcd580da460203b,OK,,3493,PAYLOAD_SUBSTANTIVE,,جم,1400,1400/12/29,consolidated,audited,correction,NOT_DETECTED,,,,1400/12/29,HTML_TABLE_1!R1C2,,,,,,NO_AUDITOR_BLOCK_DETECTED,,,NO_AUDITOR_BLOCK_DETECTED,
اکسل های صورت مالی کل زیپ ۱۳۹۲-۱۴۰۲.zip,جم.zip,جم.zip!جم_۱۴۰۱_۱۲_۲۹_consolidated_ن-۱۰_صورت‌های مالی تلفیقی سال مالی منتهی به ۱۴۰۱_۱۲_۲۹ (حسابرسی شده).xlsx,جم_۱۴۰۱_۱۲_۲۹_consolidated_ن-۱۰_صورت‌های مالی تلفیقی سال مالی منتهی به ۱۴۰۱_۱۲_۲۹ (حسابرسی شده).xlsx,HTML_MISLABELED_XLSX,.xlsx,765898,6ee88e700b6952536b147729b0f67640b908b70a0849f19f6ef7a1230383294c,OK,,3720,PAYLOAD_SUBSTANTIVE,,جم,1401,1401/12/29,consolidated,audited,original,NOT_DETECTED,,,,1401/12/29,HTML_TABLE_1!R1C2,,,,,,NO_AUDITOR_BLOCK_DETECTED,,,NO_AUDITOR_BLOCK_DETECTED,
اکسل های صورت مالی کل زیپ ۱۳۹۲-۱۴۰۲.zip,جم.zip,جم.zip!جم_۱۴۰۲_۱۲_۲۹_consolidated_ن-۱۰_صورت‌های مالی تلفیقی سال مالی منتهی به ۱۴۰۲_۱۲_۲۹ (حسابرسی شده).xlsx,جم_۱۴۰۲_۱۲_۲۹_consolidated_ن-۱۰_صورت‌های مالی تلفیقی سال مالی منتهی به ۱۴۰۲_۱۲_۲۹ (حسابرسی شده).xlsx,HTML_MISLABELED_XLSX,.xlsx,767473,1997cef8dfde915419ba8e054963b6269f194c4e7edcd982afaa5599021749bd,OK,,3761,PAYLOAD_SUBSTANTIVE,,جم,1402,1402/12/29,consolidated,audited,original,NOT_DETECTED,,,,1402/12/29,HTML_TABLE_1!R1C2,,,,,,NO_AUDITOR_BLOCK_DETECTED,,,NO_AUDITOR_BLOCK_DETECTED,
اکسل های صورت مالی کل زیپ ۱۳۹۲-۱۴۰۲.zip,چافست.zip,چافست.zip!چافست_۱۳۹۲_۰۶_۳۱_separate_ن-۱۰_صورتهای مالی سال مالی منتهی به ۱۳۹۲_۰۶_۳۱ (حسابرسی شده).xlsx,چافست_۱۳۹۲_۰۶_۳۱_separate_ن-۱۰_صورتهای مالی سال مالی منتهی به ۱۳۹۲_۰۶_۳۱ (حسابرسی شده).xlsx,OLE2_LEGACY_EXCEL,.xlsx,73216,ab245ef58e4b6216f505e017a4a7268d176fda636643cb5cecb7ee6058999877,OK,,564,PAYLOAD_SUBSTANTIVE,,چافست,1392,1392/06/31,separate,audited,original,DETECTED,Sheet1,9,72,1392/06/31,Sheet1!R6C4,مقبول,UNQUALIFIED_FAIR_FORMULA|HEADING_CELL,Sheet1!R28C14,Sheet1!R29C2,,,1392/10/10,Sheet1!R64C23,,افست
اکسل های صورت مالی کل زیپ ۱۳۹۲-۱۴۰۲.zip,چافست.zip,چافست.zip!چافست_۱۳۹۳_۰۶_۳۱_separate_ن-۱۰_صورتهای مالی سال مالی منتهی به ۱۳۹۳_۰۶_۳۱ (حسابرسی شده).xlsx,چافست_۱۳۹۳_۰۶_۳۱_separate_ن-۱۰_صورتهای مالی سال مالی منتهی به ۱۳۹۳_۰۶_۳۱ (حسابرسی شده).xlsx,OLE2_LEGACY_EXCEL,.xlsx,81920,d526eeef8a6c8ebea45502fba8cc6858ef265fc533c07774e0410376a24cf5b6,OK,,572,PAYLOAD_SUBSTANTIVE,,چافست,1393,1393/06/31,separate,audited,original,DETECTED,Sheet1,9,81,1393/06/31,Sheet1!R6C4,مقبول,UNQUALIFIED_FAIR_FORMULA|HEADING_CELL,Sheet1!R28C14,Sheet1!R29C2,,,1393/09/24,Sheet1!R72C23,,افست
اکسل های صورت مالی کل زیپ ۱۳۹۲-۱۴۰۲.zip,چافست.zip,چافست.zip!چافست_۱۳۹۴_۰۶_۳۱_separate_ن-۱۰_صورت‌های مالی سال مالی منتهی به ۱۳۹۴_۰۶_۳۱ (حسابرسی شده).xlsx,چافست_۱۳۹۴_۰۶_۳۱_separate_ن-۱۰_صورت‌های مالی سال مالی منتهی به ۱۳۹۴_۰۶_۳۱ (حسابرسی شده).xlsx,OLE2_LEGACY_EXCEL,.xlsx,72192,b90ed539e0180e06a636dfbc61b709ac395b053b397b6580acfd575ca317a252,OK,,592,PAYLOAD_SUBSTANTIVE,,چافست,1394,1394/06/31,separate,audited,original,DETECTED,Sheet1,9,69,1394/06/31,Sheet1!R6C4,مقبول,UNQUALIFIED_FAIR_FORMULA|HEADING_CELL,Sheet1!R28C14,Sheet1!R29C2,,,1394/09/25,Sheet1!R60C23,,افست
اکسل های صورت مالی کل زیپ ۱۳۹۲-۱۴۰۲.zip,چافست.zip,چافست.zip!چافست_۱۳۹۵_۰۶_۳۱_separate_ن-۱۰_صورت‌های مالی سال مالی منتهی به ۱۳۹۵_۰۶_۳۱ (حسابرسی شده).xlsx,چافست_۱۳۹۵_۰۶_۳۱_separate_ن-۱۰_صورت‌های مالی سال مالی منتهی به ۱۳۹۵_۰۶_۳۱ (حسابرسی شده).xlsx,OLE2_LEGACY_EXCEL,.xlsx,77312,025a108e6a9fea8e4bc960dd12ee97b86f8594f3007eca854fe9eebd1dc9a879,OK,,631,PAYLOAD_SUBSTANTIVE,,چافست,1395,1395/06/31,separate,audited,original,DETECTED,Sheet1,9,59,1395/06/31,Sheet1!R6C4,مقبول,UNQUALIFIED_FAIR_FORMULA|HEADING_CELL,Sheet1!R28C14,Sheet1!R29C2,,,1395/09/25,Sheet1!R51C23,,افست
اکسل های صورت مالی کل زیپ ۱۳۹۲-۱۴۰۲.zip,چافست.zip,چافست.zip!چافست_۱۳۹۶_۰۶_۳۱_consolidated_ن-۱۰_صورت‌های مالی تلفیقی سال مالی منتهی به ۱۳۹۶_۰۶_۳۱ (حسابرسی شده).xlsx,چافست_۱۳۹۶_۰۶_۳۱_consolidated_ن-۱۰_صورت‌های مالی تلفیقی سال مالی منتهی به ۱۳۹۶_۰۶_۳۱ (حسابرسی شده).xlsx,OLE2_LEGACY_EXCEL,.xlsx,125440,df0e40efc7b553be9e1e70181021c44d1f1b1ab8a255764df529bdbec653681d,OK,,1404,PAYLOAD_SUBSTANTIVE,,چافست,1396,1396/06/31,consolidated,audited,original,DETECTED,Sheet1,11,59,1396/06/31,Sheet1!R8C4,مشروط,QUALIFIED_FAIR_WITH_EXCEPTION|HEADING_CELL,Sheet1!R34C12,Sheet1!R35C2,,,1396/10/07,Sheet1!R51C20,,افست
اکسل های صورت مالی کل زیپ ۱۳۹۲-۱۴۰۲.zip,چافست.zip,چافست.zip!چافست_۱۳۹۷_۰۶_۳۱_consolidated_ن-۱۰_صورت‌های مالی تلفیقی سال مالی منتهی به ۱۳۹۷_۰۶_۳۱ (حسابرسی شده).xlsx,چافست_۱۳۹۷_۰۶_۳۱_consolidated_ن-۱۰_صورت‌های مالی تلفیقی سال مالی منتهی به ۱۳۹۷_۰۶_۳۱ (حسابرسی شده).xlsx,HTML_MISLABELED_XLSX,.xlsx,234936,7bf16372cf7b7395112617d1958b152f1dd300f718ab19ff598851c5ca437e44,OK,,1045,PAYLOAD_SUBSTANTIVE,,چافست,1397,1397/06/31,consolidated,audited,original,NOT_DETECTED,,,,1397/06/31,HTML_TABLE_1!R1C2,,,,,,NO_AUDITOR_BLOCK_DETECTED,,,NO_AUDITOR_BLOCK_DETECTED,
اکسل های صورت مالی کل زیپ ۱۳۹۲-۱۴۰۲.zip,چافست.zip,چافست.zip!چافست_۱۳۹۸_۰۶_۳۱_consolidated_ن-۱۰_صورت‌های مالی تلفیقی سال مالی منتهی به ۱۳۹۸_۰۶_۳۱ (حسابرسی شده).xlsx,چافست_۱۳۹۸_۰۶_۳۱_consolidated_ن-۱۰_صورت‌های مالی تلفیقی سال مالی منتهی به ۱۳۹۸_۰۶_۳۱ (حسابرسی شده).xlsx,HTML_MISLABELED_XLSX,.xlsx,5930,9f6cd4f36ced7e029f8def6dda2786c53e4f6079715cb9e330fe4601988732d7,OK,,1,PAYLOAD_NON_SUBSTANTIVE,ONLY_1_CELLS,چافست,1398,1398/06/31,consolidated,audited,original,NOT_DETECTED,,,,,,,,,,,NO_AUDITOR_BLOCK_DETECTED,,,NO_AUDITOR_BLOCK_DETECTED,
اکسل های صورت مالی کل زیپ ۱۳۹۲-۱۴۰۲.zip,چافست.zip,چافست.zip!چافست_۱۳۹۹_۰۶_۳۱_consolidated_ن-۱۰_صورت‌های مالی تلفیقی سال مالی منتهی به ۱۳۹۹_۰۶_۳۱ (حسابرسی شده).xlsx,چافست_۱۳۹۹_۰۶_۳۱_consolidated_ن-۱۰_صورت‌های مالی تلفیقی سال مالی منتهی به ۱۳۹۹_۰۶_۳۱ (حسابرسی شده).xlsx,HTML_MISLABELED_XLSX,.xlsx,498173,d1fec3763ec54e5418490476d3bf68ee50de2bb7d3792075f2df8a08f0437454,OK,,2333,PAYLOAD_SUBSTANTIVE,,چافست,1399,1399/06/31,consolidated,audited,original,NOT_DETECTED,,,,1399/06/31,HTML_TABLE_1!R1C2,,,,,,NO_AUDITOR_BLOCK_DETECTED,,,NO_AUDITOR_BLOCK_DETECTED,
اکسل های صورت مالی کل زیپ ۱۳۹۲-۱۴۰۲.zip,چافست.zip,چافست.zip!چافست_۱۴۰۰_۰۶_۳۱_consolidated_ن-۱۰_صورت‌های مالی تلفیقی سال مالی منتهی به ۱۴۰۰_۰۶_۳۱ (حسابرسی شده).xlsx,چافست_۱۴۰۰_۰۶_۳۱_consolidated_ن-۱۰_صورت‌های مالی تلفیقی سال مالی منتهی به ۱۴۰۰_۰۶_۳۱ (حسابرسی شده).xlsx,HTML_MISLABELED_XLSX,.xlsx,563847,6e8b1d127fc4cf86babdb8a94690574046f9544e345c921a6c90b9ff935408a2,OK,,2646,PAYLOAD_SUBSTANTIVE,,چافست,1400,1400/06/31,consolidated,audited,original,NOT_DETECTED,,,,1400/06/31,HTML_TABLE_1!R1C2,,,,,,NO_AUDITOR_BLOCK_DETECTED,,,NO_AUDITOR_BLOCK_DETECTED,
اکسل های صورت مالی کل زیپ ۱۳۹۲-۱۴۰۲.zip,چافست.zip,چافست.zip!چافست_۱۴۰۱_۰۶_۳۱_consolidated_ن-۱۰_صورت‌های مالی تلفیقی سال مالی منتهی به ۱۴۰۱_۰۶_۳۱ (حسابرسی شده).xlsx,چافست_۱۴۰۱_۰۶_۳۱_consolidated_ن-۱۰_صورت‌های مالی تلفیقی سال مالی منتهی به ۱۴۰۱_۰۶_۳۱ (حسابرسی شده).xlsx,HTML_MISLABELED_XLSX,.xlsx,573140,80e4c695cf095d0d57fd568133edb93db3c01731f24168c1f2aa29574d1a2729,OK,,2644,PAYLOAD_SUBSTANTIVE,,چافست,1401,1401/06/31,consolidated,audited,original,NOT_DETECTED,,,,1401/06/31,HTML_TABLE_1!R1C2,,,,,,NO_AUDITOR_BLOCK_DETECTED,,,NO_AUDITOR_BLOCK_DETECTED,
اکسل های صورت مالی کل زیپ ۱۳۹۲-۱۴۰۲.zip,چافست.zip,چافست.zip!چافست_۱۴۰۱_۰۶_۳۱_consolidated_ن-۱۰_صورت‌های مالی تلفیقی سال مالی منتهی به ۱۴۰۱_۰۶_۳۱ (حسابرسی شده)(اصلاحیه).xlsx,چافست_۱۴۰۱_۰۶_۳۱_consolidated_ن-۱۰_صورت‌های مالی تلفیقی سال مالی منتهی به ۱۴۰۱_۰۶_۳۱ (حسابرسی شده)(اصلاحیه).xlsx,HTML_MISLABELED_XLSX,.xlsx,574670,970d1469dfe14918e6682e2130b9c871958c51a597eda234202eb6b3aa71d21b,OK,,2644,PAYLOAD_SUBSTANTIVE,,چافست,1401,1401/06/31,consolidated,audited,correction,NOT_DETECTED,,,,1401/06/31,HTML_TABLE_1!R1C2,,,,,,NO_AUDITOR_BLOCK_DETECTED,,,NO_AUDITOR_BLOCK_DETECTED,
اکسل های صورت مالی کل زیپ ۱۳۹۲-۱۴۰۲.zip,چافست.zip,چافست.zip!چافست_۱۴۰۲_۰۶_۳۱_consolidated_ن-۱۰_صورت‌های مالی تلفیقی سال مالی منتهی به ۱۴۰۲_۰۶_۳۱ (حسابرسی شده).xlsx,چافست_۱۴۰۲_۰۶_۳۱_consolidated_ن-۱۰_صورت‌های مالی تلفیقی سال مالی منتهی به ۱۴۰۲_۰۶_۳۱ (حسابرسی شده).xlsx,HTML_MISLABELED_XLSX,.xlsx,638678,bd646892f94354d31f21f5113447bd842daeb0d645e50c9140588e113b539c6f,OK,,2867,PAYLOAD_SUBSTANTIVE,,چافست,1402,1402/06/31,consolidated,audited,original,NOT_DETECTED,,,,1402/06/31,HTML_TABLE_1!R1C2,,,,,,NO_AUDITOR_BLOCK_DETECTED,,,NO_AUDITOR_BLOCK_DETECTED,
اکسل های صورت مالی کل زیپ ۱۳۹۲-۱۴۰۲.zip,چافست.zip,چافست.zip!چافست_۱۴۰۳_۰۶_۳۱_consolidated_ن-۱۰_صورت‌های مالی تلفیقی سال مالی منتهی به ۱۴۰۳_۰۶_۳۱ (حسابرسی شده).xlsx,چافست_۱۴۰۳_۰۶_۳۱_consolidated_ن-۱۰_صورت‌های مالی تلفیقی سال مالی منتهی به ۱۴۰۳_۰۶_۳۱ (حسابرسی شده).xlsx,HTML_MISLABELED_XLSX,.xlsx,634095,f83772801f471b44b9a9ba2ea85e7b8772f6366954a2adb9f89d0d420ba90b51,OK,,2845,PAYLOAD_SUBSTANTIVE,,چافست,1403,1403/06/31,consolidated,audited,original,NOT_DETECTED,,,,1403/06/31,HTML_TABLE_1!R1C2,,,,,,NO_AUDITOR_BLOCK_DETECTED,,,NO_AUDITOR_BLOCK_DETECTED,
اکسل های صورت مالی کل زیپ ۱۳۹۲-۱۴۰۲.zip,چكارن.zip,چكارن.zip!چكارن_۱۳۹۱_۱۲_۳۰_separate_ن-۱۰_صورتهای مالی سال مالی منتهی به ۱۳۹۱_۱۲_۳۰ (حسابرسی شده).xlsx,چكارن_۱۳۹۱_۱۲_۳۰_separate_ن-۱۰_صورتهای مالی سال مالی منتهی به ۱۳۹۱_۱۲_۳۰ (حسابرسی شده).xlsx,OLE2_LEGACY_EXCEL,.xlsx,58368,d164f9fb3c58d22818f3fa7d1083402050bb5a90ca67fed21952cb3e4bdaf5de,OK,,425,PAYLOAD_SUBSTANTIVE,,چکارن,1391,1391/12/30,separate,audited,original,DETECTED,Sheet1,9,63,1391/12/30,Sheet1!R6C4,مشروط,QUALIFIED_FAIR_WITH_EXCEPTION|HEADING_CELL,Sheet1!R32C14,Sheet1!R34C2,,,1392/02/22,Sheet1!R55C23,,کارتن ایران
اکسل های صورت مالی کل زیپ ۱۳۹۲-۱۴۰۲.zip,چكارن.zip,چكارن.zip!چكارن_۱۳۹۲_۱۲_۲۹_separate_ن-۱۰_صورتهای مالی سال مالی منتهی به ۱۳۹۲_۱۲_۲۹ (حسابرسی شده).xlsx,چكارن_۱۳۹۲_۱۲_۲۹_separate_ن-۱۰_صورتهای مالی سال مالی منتهی به ۱۳۹۲_۱۲_۲۹ (حسابرسی شده).xlsx,OLE2_LEGACY_EXCEL,.xlsx,72192,96eafdc5de80066876dd421a981c0e73a3bb4d10baf54621f02bc1f5da535abb,OK,,553,PAYLOAD_SUBSTANTIVE,,چکارن,1392,1392/12/29,separate,audited,original,DETECTED,Sheet1,9,57,1392/12/29,Sheet1!R6C4,مشروط,QUALIFIED_FAIR_WITH_EXCEPTION|HEADING_CELL,Sheet1!R32C14,Sheet1!R34C2,,,1393/02/21,Sheet1!R48C23,,کارتن ایران
اکسل های صورت مالی کل زیپ ۱۳۹۲-۱۴۰۲.zip,چكارن.zip,چكارن.zip!چكارن_۱۳۹۳_۱۲_۲۹_separate_ن-۱۰_صورتهای مالی سال مالی منتهی به ۱۳۹۳_۱۲_۲۹ (حسابرسی شده).xlsx,چكارن_۱۳۹۳_۱۲_۲۹_separate_ن-۱۰_صورتهای مالی سال مالی منتهی به ۱۳۹۳_۱۲_۲۹ (حسابرسی شده).xlsx,OLE2_LEGACY_EXCEL,.xlsx,65024,ac3bee5833611a575bce09bc2d59d0f53a936134ec81fca584a8124452aa3d54,OK,,573,PAYLOAD_SUBSTANTIVE,,چکارن,1393,1393/12/29,separate,audited,original,DETECTED,Sheet1,9,52,1393/12/29,Sheet1!R6C4,مقبول,UNQUALIFIED_FAIR_FORMULA|HEADING_CELL,Sheet1!R28C14,Sheet1!R29C2,,,1394/02/21,Sheet1!R43C23,,کارتن ایران
اکسل های صورت مالی کل زیپ ۱۳۹۲-۱۴۰۲.zip,چكارن.zip,چكارن.zip!چكارن_۱۳۹۴_۱۲_۲۹_separate_ن-۱۰_صورت‌های مالی سال مالی منتهی به ۱۳۹۴_۱۲_۲۹ (حسابرسی شده).xlsx,چكارن_۱۳۹۴_۱۲_۲۹_separate_ن-۱۰_صورت‌های مالی سال مالی منتهی به ۱۳۹۴_۱۲_۲۹ (حسابرسی شده).xlsx,OLE2_LEGACY_EXCEL,.xlsx,76800,9411a11d6fc5ecafceed59bc1e39e4285a0a41746225b012499f82db3ca2e929,OK,,618,PAYLOAD_SUBSTANTIVE,,چکارن,1394,1394/12/29,separate,audited,original,DETECTED,Sheet1,9,57,1394/12/29,Sheet1!R6C4,مقبول,UNQUALIFIED_FAIR_FORMULA|HEADING_CELL,Sheet1!R28C14,Sheet1!R29C2,,,1395/02/29,Sheet1!R48C23,,کارتن ایران
اکسل های صورت مالی کل زیپ ۱۳۹۲-۱۴۰۲.zip,چكارن.zip,چكارن.zip!چكارن_۱۳۹۵_۱۲_۳۰_separate_ن-۱۰_صورت‌های مالی سال مالی منتهی به ۱۳۹۵_۱۲_۳۰ (حسابرسی شده).xlsx,چكارن_۱۳۹۵_۱۲_۳۰_separate_ن-۱۰_صورت‌های مالی سال مالی منتهی به ۱۳۹۵_۱۲_۳۰ (حسابرسی شده).xlsx,OLE2_LEGACY_EXCEL,.xlsx,74240,efdd084e85ccfc731a5ee3ba7be22b9300d5e66a8dd45eed2c3f69d284f18db5,OK,,616,PAYLOAD_SUBSTANTIVE,,چکارن,1395,1395/12/30,separate,audited,original,DETECTED,Sheet1,11,61,1395/12/30,Sheet1!R8C4,مقبول,UNQUALIFIED_FAIR_FORMULA|HEADING_CELL,Sheet1!R29C12,Sheet1!R30C2,,,1396/03/02,Sheet1!R52C20,,کارتن ایران
اکسل های صورت مالی کل زیپ ۱۳۹۲-۱۴۰۲.zip,چكارن.zip,چكارن.zip!چكارن_۱۳۹۶_۱۲_۲۹_separate_ن-۱۰_صورت‌های مالی سال مالی منتهی به ۱۳۹۶_۱۲_۲۹ (حسابرسی شده).xlsx,چكارن_۱۳۹۶_۱۲_۲۹_separate_ن-۱۰_صورت‌های مالی سال مالی منتهی به ۱۳۹۶_۱۲_۲۹ (حسابرسی شده).xlsx,OLE2_LEGACY_EXCEL,.xlsx,89600,c5aa724bd473cbe8e37150ab83f2b2c15293eeaf616100f43e44f486bfd47c9b,OK,,624,PAYLOAD_SUBSTANTIVE,,چکارن,1396,1396/12/29,separate,audited,original,DETECTED,Sheet1,11,107,1396/12/29,Sheet1!R8C4,مشروط,QUALIFIED_FAIR_WITH_EXCEPTION|HEADING_CELL,Sheet1!R38C12,Sheet1!R39C2,,,1397/03/30,Sheet1!R99C20,,کارتن ایران
اکسل های صورت مالی کل زیپ ۱۳۹۲-۱۴۰۲.zip,چكارن.zip,چكارن.zip!چكارن_۱۳۹۷_۱۲_۲۹_consolidated_ن-۱۰_صورت‌های مالی تلفیقی سال مالی منتهی به ۱۳۹۷_۱۲_۲۹ (حسابرسی شده).xlsx,چكارن_۱۳۹۷_۱۲_۲۹_consolidated_ن-۱۰_صورت‌های مالی تلفیقی سال مالی منتهی به ۱۳۹۷_۱۲_۲۹ (حسابرسی شده).xlsx,HTML_MISLABELED_XLSX,.xlsx,234711,f2a889227232b9a544f96b4d59a56d92663223dc8cf2d263658d3fcb18d6af5d,OK,,1045,PAYLOAD_SUBSTANTIVE,,چکارن,1397,1397/12/29,consolidated,audited,original,NOT_DETECTED,,,,1397/12/29,HTML_TABLE_1!R1C2,,,,,,NO_AUDITOR_BLOCK_DETECTED,,,NO_AUDITOR_BLOCK_DETECTED,
اکسل های صورت مالی کل زیپ ۱۳۹۲-۱۴۰۲.zip,چكارن.zip,چكارن.zip!چكارن_۱۳۹۸_۱۲_۲۹_consolidated_ن-۱۰_صورت‌های مالی تلفیقی سال مالی منتهی به ۱۳۹۸_۱۲_۲۹ (حسابرسی شده).xlsx,چكارن_۱۳۹۸_۱۲_۲۹_consolidated_ن-۱۰_صورت‌های مالی تلفیقی سال مالی منتهی به ۱۳۹۸_۱۲_۲۹ (حسابرسی شده).xlsx,HTML_MISLABELED_XLSX,.xlsx,485060,93ca30680206fb967d6b5285c0b6166e8f34aa596a22eab2f8988b0d1a2bf10e,OK,,2262,PAYLOAD_SUBSTANTIVE,,چکارن,1398,1398/12/29,consolidated,audited,original,NOT_DETECTED,,,,1398/12/29,HTML_TABLE_1!R1C2,,,,,,NO_AUDITOR_BLOCK_DETECTED,,,NO_AUDITOR_BLOCK_DETECTED,
اکسل های صورت مالی کل زیپ ۱۳۹۲-۱۴۰۲.zip,چكارن.zip,چكارن.zip!چكارن_۱۳۹۹_۱۲_۳۰_consolidated_ن-۱۰_صورت‌های مالی تلفیقی سال مالی منتهی به ۱۳۹۹_۱۲_۳۰ (حسابرسی شده).xlsx,چكارن_۱۳۹۹_۱۲_۳۰_consolidated_ن-۱۰_صورت‌های مالی تلفیقی سال مالی منتهی به ۱۳۹۹_۱۲_۳۰ (حسابرسی شده).xlsx,HTML_MISLABELED_XLSX,.xlsx,489837,283cee80cbcf249cfaae85e89d421118db57ec5e715d14082aa13008dbcd7836,OK,,2292,PAYLOAD_SUBSTANTIVE,,چکارن,1399,1399/12/30,consolidated,audited,original,NOT_DETECTED,,,,1399/12/30,HTML_TABLE_1!R1C2,,,,,,NO_AUDITOR_BLOCK_DETECTED,,,NO_AUDITOR_BLOCK_DETECTED,
اکسل های صورت مالی کل زیپ ۱۳۹۲-۱۴۰۲.zip,چكارن.zip,چكارن.zip!چكارن_۱۴۰۰_۱۲_۲۹_consolidated_ن-۱۰_صورت‌های مالی تلفیقی سال مالی منتهی به ۱۴۰۰_۱۲_۲۹ (حسابرسی شده).xlsx,چكارن_۱۴۰۰_۱۲_۲۹_consolidated_ن-۱۰_صورت‌های مالی تلفیقی سال مالی منتهی به ۱۴۰۰_۱۲_۲۹ (حسابرسی شده).xlsx,HTML_MISLABELED_XLSX,.xlsx,558314,cb785df9371f529061fccf890f719b2434f86dee4bb6c4c09a4946dbf2311857,OK,,2594,PAYLOAD_SUBSTANTIVE,,چکارن,1400,1400/12/29,consolidated,audited,original,NOT_DETECTED,,,,1400/12/29,HTML_TABLE_1!R1C2,,,,,,NO_AUDITOR_BLOCK_DETECTED,,,NO_AUDITOR_BLOCK_DETECTED,
اکسل های صورت مالی کل زیپ ۱۳۹۲-۱۴۰۲.zip,چكارن.zip,چكارن.zip!چكارن_۱۴۰۱_۱۲_۲۹_consolidated_ن-۱۰_صورت‌های مالی تلفیقی سال مالی منتهی به ۱۴۰۱_۱۲_۲۹ (حسابرسی شده).xlsx,چكارن_۱۴۰۱_۱۲_۲۹_consolidated_ن-۱۰_صورت‌های مالی تلفیقی سال مالی منتهی به ۱۴۰۱_۱۲_۲۹ (حسابرسی شده).xlsx,HTML_MISLABELED_XLSX,.xlsx,627230,b798eed3e3df757f8761904f0d434889ae9691b69aeb4d4b938763a1d7879cc1,OK,,2819,PAYLOAD_SUBSTANTIVE,,چکارن,1401,1401/12/29,consolidated,audited,original,NOT_DETECTED,,,,1401/12/29,HTML_TABLE_1!R1C2,,,,,,NO_AUDITOR_BLOCK_DETECTED,,,NO_AUDITOR_BLOCK_DETECTED,
اکسل های صورت مالی کل زیپ ۱۳۹۲-۱۴۰۲.zip,چكارن.zip,چكارن.zip!چكارن_۱۴۰۲_۱۲_۲۹_consolidated_ن-۱۰_صورت‌های مالی تلفیقی سال مالی منتهی به ۱۴۰۲_۱۲_۲۹ (حسابرسی شده).xlsx,چكارن_۱۴۰۲_۱۲_۲۹_consolidated_ن-۱۰_صورت‌های مالی تلفیقی سال مالی منتهی به ۱۴۰۲_۱۲_۲۹ (حسابرسی شده).xlsx,HTML_MISLABELED_XLSX,.xlsx,627472,ac0bdea3b4c964d57c0bd0593e295313d8cee66eb6315151fc25826414583b8b,OK,,2822,PAYLOAD_SUBSTANTIVE,,چکارن,1402,1402/12/29,consolidated,audited,original,NOT_DETECTED,,,,1402/12/29,HTML_TABLE_1!R1C2,,,,,,NO_AUDITOR_BLOCK_DETECTED,,,NO_AUDITOR_BLOCK_DETECTED,
اکسل های صورت مالی کل زیپ ۱۳۹۲-۱۴۰۲.zip,حپترو.zip,حپترو.zip!حپترو_۱۳۹۱_۱۲_۳۰_separate_ن-۱۰_صورتهای مالی سال مالی منتهی به ۱۳۹۱_۱۲_۳۰ (حسابرسی شده).xlsx,حپترو_۱۳۹۱_۱۲_۳۰_separate_ن-۱۰_صورتهای مالی سال مالی منتهی به ۱۳۹۱_۱۲_۳۰ (حسابرسی شده).xlsx,OLE2_LEGACY_EXCEL,.xlsx,63488,9eee21f6368afa26561dec9b8b7862f1f9bbcee5c6243f04a6b840e1830c3b03,OK,,355,PAYLOAD_SUBSTANTIVE,,حپترو,1391,1391/12/30,separate,audited,original,DETECTED,Sheet1,9,87,1391/12/30,Sheet1!R6C4,مشروط,QUALIFIED_FAIR_WITH_EXCEPTION|HEADING_CELL,Sheet1!R41C14,Sheet1!R42C2,,,1392/04/24,Sheet1!R79C23,,حمل و نقل پتروشیمی
اکسل های صورت مالی کل زیپ ۱۳۹۲-۱۴۰۲.zip,حپترو.zip,حپترو.zip!حپترو_۱۳۹۲_۱۲_۲۹_separate_ن-۱۰_صورتهای مالی سال مالی منتهی به ۱۳۹۲_۱۲_۲۹ (حسابرسی شده).xlsx,حپترو_۱۳۹۲_۱۲_۲۹_separate_ن-۱۰_صورتهای مالی سال مالی منتهی به ۱۳۹۲_۱۲_۲۹ (حسابرسی شده).xlsx,OLE2_LEGACY_EXCEL,.xlsx,49152,996043277d7970798b715c04243f7df9c527f5115347fc2821877a8605861a1c,OK,,316,PAYLOAD_SUBSTANTIVE,,حپترو,1392,1392/12/29,separate,audited,original,DETECTED,Sheet1,9,73,1392/12/29,Sheet1!R6C4,مشروط,QUALIFIED_FAIR_WITH_EXCEPTION|HEADING_CELL,Sheet1!R33C14,Sheet1!R35C2,,,1393/04/01,Sheet1!R64C23,,مهندسی حمل و نقل پتروشیمی
اکسل های صورت مالی کل زیپ ۱۳۹۲-۱۴۰۲.zip,حپترو.zip,حپترو.zip!حپترو_۱۳۹۳_۱۲_۲۹_separate_ن-۱۰_صورتهای مالی سال مالی منتهی به ۱۳۹۳_۱۲_۲۹ (حسابرسی شده).xlsx,حپترو_۱۳۹۳_۱۲_۲۹_separate_ن-۱۰_صورتهای مالی سال مالی منتهی به ۱۳۹۳_۱۲_۲۹ (حسابرسی شده).xlsx,OLE2_LEGACY_EXCEL,.xlsx,50176,35378af568bdc6553a408e2ee8e51d1cde0899e66edde33e781a1e96d7a17664,OK,,328,PAYLOAD_SUBSTANTIVE,,حپترو,1393,1393/12/29,separate,audited,original,DETECTED,Sheet1,9,72,1393/12/29,Sheet1!R6C4,مشروط,QUALIFIED_FAIR_WITH_EXCEPTION|HEADING_CELL,Sheet1!R42C14,Sheet1!R43C2,,,1394/04/07,Sheet1!R63C23,,مهندسی حمل و نقل پتروشیمی
اکسل های صورت مالی کل زیپ ۱۳۹۲-۱۴۰۲.zip,حپترو.zip,حپترو.zip!حپترو_۱۳۹۴_۱۲_۲۹_consolidated_ن-۱۰_صورت‌های مالی تلفیقی سال مالی منتهی به ۱۳۹۴_۱۲_۲۹ (حسابرسی شده).xlsx,حپترو_۱۳۹۴_۱۲_۲۹_consolidated_ن-۱۰_صورت‌های مالی تلفیقی سال مالی منتهی به ۱۳۹۴_۱۲_۲۹ (حسابرسی شده).xlsx,OLE2_LEGACY_EXCEL,.xlsx,128512,f1642d333aaa453d7e09f0985b60e2771337424c47b65f8b009d6af7b87d19b9,OK,,1321,PAYLOAD_SUBSTANTIVE,,حپترو,1394,1394/12/29,consolidated,audited,original,DETECTED,Sheet1,9,75,1394/12/29,Sheet1!R6C4,مشروط,QUALIFIED_FAIR_WITH_EXCEPTION|HEADING_CELL,Sheet1!R43C14,Sheet1!R44C2,,,1395/04/15,Sheet1!R66C23,,مهندسی حمل و نقل پتروشیمی
اکسل های صورت مالی کل زیپ ۱۳۹۲-۱۴۰۲.zip,حپترو.zip,حپترو.zip!حپترو_۱۳۹۵_۱۲_۳۰_consolidated_ن-۱۰_صورت‌های مالی تلفیقی سال مالی منتهی به ۱۳۹۵_۱۲_۳۰ (حسابرسی شده).xlsx,حپترو_۱۳۹۵_۱۲_۳۰_consolidated_ن-۱۰_صورت‌های مالی تلفیقی سال مالی منتهی به ۱۳۹۵_۱۲_۳۰ (حسابرسی شده).xlsx,OLE2_LEGACY_EXCEL,.xlsx,128000,6ed5a56168b205b3b99987cdfb7cb5b91fb6d0157d7213bf67ebcec53aad6236,OK,,1325,PAYLOAD_SUBSTANTIVE,,حپترو,1395,1395/12/30,consolidated,audited,original,DETECTED,Sheet1,11,83,1395/12/30,Sheet1!R8C4,مشروط,QUALIFIED_FAIR_WITH_EXCEPTION|HEADING_CELL,Sheet1!R48C12,Sheet1!R49C2,,,1396/04/17,Sheet1!R74C20,,مهندسی حمل و نقل پتروشیمی
اکسل های صورت مالی کل زیپ ۱۳۹۲-۱۴۰۲.zip,حپترو.zip,حپترو.zip!حپترو_۱۳۹۶_۱۲_۲۹_consolidated_ن-۱۰_صورت‌های مالی تلفیقی سال مالی منتهی به ۱۳۹۶_۱۲_۲۹ (حسابرسی شده).xlsx,حپترو_۱۳۹۶_۱۲_۲۹_consolidated_ن-۱۰_صورت‌های مالی تلفیقی سال مالی منتهی به ۱۳۹۶_۱۲_۲۹ (حسابرسی شده).xlsx,OLE2_LEGACY_EXCEL,.xlsx,134656,f3dcfe141d8b0af7e257d17946b1d594a26f5abf81ae7483a6d6907683f56c85,OK,,1328,PAYLOAD_SUBSTANTIVE,,حپترو,1396,1396/12/29,consolidated,audited,original,DETECTED,Sheet1,11,101,1396/12/29,Sheet1!R8C4,مشروط,QUALIFIED_FAIR_WITH_EXCEPTION|HEADING_CELL,Sheet1!R56C12,Sheet1!R57C2,,,1397/04/25,Sheet1!R92C20,,مهندسی حمل و نقل پتروشیمی
اکسل های صورت مالی کل زیپ ۱۳۹۲-۱۴۰۲.zip,حپترو.zip,حپترو.zip!حپترو_۱۳۹۷_۱۲_۲۹_consolidated_ن-۱۰_صورت‌های مالی تلفیقی سال مالی منتهی به ۱۳۹۷_۱۲_۲۹ (حسابرسی شده).xlsx,حپترو_۱۳۹۷_۱۲_۲۹_consolidated_ن-۱۰_صورت‌های مالی تلفیقی سال مالی منتهی به ۱۳۹۷_۱۲_۲۹ (حسابرسی شده).xlsx,HTML_MISLABELED_XLSX,.xlsx,233555,8b9d0816e99e5063f7a5dc90927d36939a41533e2e39c032e2143813b58905f2,OK,,1045,PAYLOAD_SUBSTANTIVE,,حپترو,1397,1397/12/29,consolidated,audited,original,NOT_DETECTED,,,,1397/12/29,HTML_TABLE_1!R1C2,,,,,,NO_AUDITOR_BLOCK_DETECTED,,,NO_AUDITOR_BLOCK_DETECTED,
اکسل های صورت مالی کل زیپ ۱۳۹۲-۱۴۰۲.zip,حپترو.zip,حپترو.zip!حپترو_۱۳۹۸_۱۲_۲۹_consolidated_ن-۱۰_صورت‌های مالی تلفیقی سال مالی منتهی به ۱۳۹۸_۱۲_۲۹ (حسابرسی شده).xlsx,حپترو_۱۳۹۸_۱۲_۲۹_consolidated_ن-۱۰_صورت‌های مالی تلفیقی سال مالی منتهی به ۱۳۹۸_۱۲_۲۹ (حسابرسی شده).xlsx,HTML_MISLABELED_XLSX,.xlsx,438117,54045b0889b11641486f9c07844f613aacd620bf6ffe5e5114d98027d863beb8,OK,,2076,PAYLOAD_SUBSTANTIVE,,حپترو,1398,1398/12/29,consolidated,audited,original,NOT_DETECTED,,,,1398/12/29,HTML_TABLE_1!R1C2,,,,,,NO_AUDITOR_BLOCK_DETECTED,,,NO_AUDITOR_BLOCK_DETECTED,
اکسل های صورت مالی کل زیپ ۱۳۹۲-۱۴۰۲.zip,حپترو.zip,حپترو.zip!حپترو_۱۳۹۹_۱۲_۳۰_consolidated_ن-۱۰_صورت‌های مالی تلفیقی سال مالی منتهی به ۱۳۹۹_۱۲_۳۰ (حسابرسی شده).xlsx,حپترو_۱۳۹۹_۱۲_۳۰_consolidated_ن-۱۰_صورت‌های مالی تلفیقی سال مالی منتهی به ۱۳۹۹_۱۲_۳۰ (حسابرسی شده).xlsx,HTML_MISLABELED_XLSX,.xlsx,448969,b6400343f77c3b01d31cf208861ba6160d79f6bb8321fe4f1fd047eba2f63f5d,OK,,2144,PAYLOAD_SUBSTANTIVE,,حپترو,1399,1399/12/30,consolidated,audited,original,NOT_DETECTED,,,,1399/12/30,HTML_TABLE_1!R1C2,,,,,,NO_AUDITOR_BLOCK_DETECTED,,,NO_AUDITOR_BLOCK_DETECTED,
اکسل های صورت مالی کل زیپ ۱۳۹۲-۱۴۰۲.zip,حپترو.zip,حپترو.zip!حپترو_۱۴۰۰_۱۲_۲۹_consolidated_ن-۱۰_صورت‌های مالی تلفیقی سال مالی منتهی به ۱۴۰۰_۱۲_۲۹ (حسابرسی شده).xlsx,حپترو_۱۴۰۰_۱۲_۲۹_consolidated_ن-۱۰_صورت‌های مالی تلفیقی سال مالی منتهی به ۱۴۰۰_۱۲_۲۹ (حسابرسی شده).xlsx,HTML_MISLABELED_XLSX,.xlsx,437810,9e86827480fcff3bc3a14ab28b052a928e670692aa97e496bacb330436daeb22,OK,,2072,PAYLOAD_SUBSTANTIVE,,حپترو,1400,1400/12/29,consolidated,audited,original,NOT_DETECTED,,,,1400/12/29,HTML_TABLE_1!R1C2,,,,,,NO_AUDITOR_BLOCK_DETECTED,,,NO_AUDITOR_BLOCK_DETECTED,
اکسل های صورت مالی کل زیپ ۱۳۹۲-۱۴۰۲.zip,حپترو.zip,حپترو.zip!حپترو_۱۴۰۱_۱۲_۲۹_consolidated_ن-۱۰_صورت‌های مالی تلفیقی سال مالی منتهی به ۱۴۰۱_۱۲_۲۹ (حسابرسی شده).xlsx,حپترو_۱۴۰۱_۱۲_۲۹_consolidated_ن-۱۰_صورت‌های مالی تلفیقی سال مالی منتهی به ۱۴۰۱_۱۲_۲۹ (حسابرسی شده).xlsx,HTML_MISLABELED_XLSX,.xlsx,417317,50d0e0e42b13b109f393d6adfaba25da307d41a602261ae74f3599f4422e500c,OK,,1947,PAYLOAD_SUBSTANTIVE,,حپترو,1401,1401/12/29,consolidated,audited,original,NOT_DETECTED,,,,1401/12/29,HTML_TABLE_2!R23C1,,,,,,NO_AUDITOR_BLOCK_DETECTED,,,NO_AUDITOR_BLOCK_DETECTED,
اکسل های صورت مالی کل زیپ ۱۳۹۲-۱۴۰۲.zip,حپترو.zip,حپترو.zip!حپترو_۱۴۰۲_۱۲_۲۹_consolidated_ن-۱۰_صورت‌های مالی تلفیقی سال مالی منتهی به ۱۴۰۲_۱۲_۲۹ (حسابرسی شده).xlsx,حپترو_۱۴۰۲_۱۲_۲۹_consolidated_ن-۱۰_صورت‌های مالی تلفیقی سال مالی منتهی به ۱۴۰۲_۱۲_۲۹ (حسابرسی شده).xlsx,HTML_MISLABELED_XLSX,.xlsx,521318,57345bc63700570ab7a2a8d037f05360e96c57ca813cd96aacbfcdadf804af31,OK,,2351,PAYLOAD_SUBSTANTIVE,,حپترو,1402,1402/12/29,consolidated,audited,original,NOT_DETECTED,,,,1402/12/29,HTML_TABLE_1!R1C2,,,,,,NO_AUDITOR_BLOCK_DETECTED,,,NO_AUDITOR_BLOCK_DETECTED,
اکسل های صورت مالی کل زیپ ۱۳۹۲-۱۴۰۲.zip,حكشتي.zip,حكشتي.zip!حكشتي_۱۳۹۲_۰۳_۳۱_separate_ن-۱۰_صورتهای مالی سال مالی منتهی به ۱۳۹۲_۰۳_۳۱ (حسابرسی شده).xlsx,حكشتي_۱۳۹۲_۰۳_۳۱_separate_ن-۱۰_صورتهای مالی سال مالی منتهی به ۱۳۹۲_۰۳_۳۱ (حسابرسی شده).xlsx,OLE2_LEGACY_EXCEL,.xlsx,53248,83d4adf3dd70a7e9b6ce3a2533b9deba6f80baf42c40486486bd545027c32bb0,OK,,341,PAYLOAD_SUBSTANTIVE,,حکشتی,1392,1392/03/31,separate,audited,original,DETECTED,Sheet1,9,83,1392/03/31,Sheet1!R6C4,مشروط,QUALIFIED_FAIR_WITH_EXCEPTION|HEADING_CELL,Sheet1!R36C14,Sheet1!R37C2,,,1392/07/02,Sheet1!R74C23,,
اکسل های صورت مالی کل زیپ ۱۳۹۲-۱۴۰۲.zip,حكشتي.zip,حكشتي.zip!حكشتي_۱۳۹۳_۰۳_۳۱_separate_ن-۱۰_صورتهای مالی سال مالی منتهی به ۱۳۹۳_۰۳_۳۱ (حسابرسی شده).xlsx,حكشتي_۱۳۹۳_۰۳_۳۱_separate_ن-۱۰_صورتهای مالی سال مالی منتهی به ۱۳۹۳_۰۳_۳۱ (حسابرسی شده).xlsx,OLE2_LEGACY_EXCEL,.xlsx,56832,e01a08bb61ff9001b6c3c94f85c5608a819b107bd4510d54dc04bba13bbb1795,OK,,312,PAYLOAD_SUBSTANTIVE,,حکشتی,1393,1393/03/31,separate,audited,original,DETECTED,Sheet1,9,95,1393/03/31,Sheet1!R6C4,مشروط,QUALIFIED_FAIR_WITH_EXCEPTION|HEADING_CELL,Sheet1!R41C14,Sheet1!R42C2,,,1393/07/17,Sheet1!R86C23,,
اکسل های صورت مالی کل زیپ ۱۳۹۲-۱۴۰۲.zip,حكشتي.zip,حكشتي.zip!حكشتي_۱۳۹۳_۰۳_۳۱_separate_ن-۱۰_صورتهای مالی سال مالی منتهی به ۱۳۹۳_۰۳_۳۱ (حسابرسی شده)(اصلاحیه).xlsx,حكشتي_۱۳۹۳_۰۳_۳۱_separate_ن-۱۰_صورتهای مالی سال مالی منتهی به ۱۳۹۳_۰۳_۳۱ (حسابرسی شده)(اصلاحیه).xlsx,OLE2_LEGACY_EXCEL,.xlsx,62464,1b66c1be3930c53c6cc2b8c32e82e65a7b472223404a7b8b17b8cb6a06063286,OK,,314,PAYLOAD_SUBSTANTIVE,,حکشتی,1393,1393/03/31,separate,audited,correction,DETECTED,Sheet1,9,95,1393/03/31,Sheet1!R6C4,مشروط,QUALIFIED_FAIR_WITH_EXCEPTION|HEADING_CELL,Sheet1!R41C14,Sheet1!R42C2,,,1393/07/17,Sheet1!R86C23,,
اکسل های صورت مالی کل زیپ ۱۳۹۲-۱۴۰۲.zip,حكشتي.zip,حكشتي.zip!حكشتي_۱۳۹۴_۰۳_۳۱_separate_ن-۱۰_صورت‌های مالی سال مالی منتهی به ۱۳۹۴_۰۳_۳۱ (حسابرسی شده).xlsx,حكشتي_۱۳۹۴_۰۳_۳۱_separate_ن-۱۰_صورت‌های مالی سال مالی منتهی به ۱۳۹۴_۰۳_۳۱ (حسابرسی شده).xlsx,OLE2_LEGACY_EXCEL,.xlsx,60928,eb3202bbbd5ab3651e53ea6696b2b2378a188e68e9443d083e6e2ff096a3d9a3,OK,,328,PAYLOAD_SUBSTANTIVE,,حکشتی,1394,1394/03/31,separate,audited,original,DETECTED,Sheet1,9,104,1394/03/31,Sheet1!R6C4,مشروط,QUALIFIED_FAIR_WITH_EXCEPTION|HEADING_CELL,Sheet1!R45C14,Sheet1!R46C2,,,1394/07/15,Sheet1!R95C23,,
اکسل های صورت مالی کل زیپ ۱۳۹۲-۱۴۰۲.zip,حكشتي.zip,حكشتي.zip!حكشتي_۱۳۹۵_۰۳_۳۱_separate_ن-۱۰_صورت‌های مالی سال مالی منتهی به ۱۳۹۵_۰۳_۳۱ (حسابرسی شده).xlsx,حكشتي_۱۳۹۵_۰۳_۳۱_separate_ن-۱۰_صورت‌های مالی سال مالی منتهی به ۱۳۹۵_۰۳_۳۱ (حسابرسی شده).xlsx,OLE2_LEGACY_EXCEL,.xlsx,90624,d8f070226a80a08d652538e20c46651b6df2f788912924437a7410568dd7a345,OK,,569,PAYLOAD_SUBSTANTIVE,,حکشتی,1395,1395/03/31,separate,audited,original,DETECTED,Sheet1,9,114,1395/03/31,Sheet1!R6C4,مشروط,QUALIFIED_FAIR_WITH_EXCEPTION|HEADING_CELL,Sheet1!R61C14,Sheet1!R62C2,,,1395/07/05,Sheet1!R105C23,,
اکسل های صورت مالی کل زیپ ۱۳۹۲-۱۴۰۲.zip,حكشتي.zip,حكشتي.zip!حكشتي_۱۳۹۶_۰۳_۳۱_separate_ن-۱۰_صورت‌های مالی سال مالی منتهی به ۱۳۹۶_۰۳_۳۱ (حسابرسی شده).xlsx,حكشتي_۱۳۹۶_۰۳_۳۱_separate_ن-۱۰_صورت‌های مالی سال مالی منتهی به ۱۳۹۶_۰۳_۳۱ (حسابرسی شده).xlsx,OLE2_LEGACY_EXCEL,.xlsx,86528,4eee2c8355e514b3341080fcff62505f26bd7bef1cff43eb1030fbced386f134,OK,,547,PAYLOAD_SUBSTANTIVE,,حکشتی,1396,1396/03/31,separate,audited,original,DETECTED,Sheet1,11,109,1396/03/31,Sheet1!R8C4,مشروط,QUALIFIED_FAIR_WITH_EXCEPTION|HEADING_CELL,Sheet1!R59C12,Sheet1!R60C2,,,1396/07/11,Sheet1!R100C20,,
اکسل های صورت مالی کل زیپ ۱۳۹۲-۱۴۰۲.zip,حكشتي.zip,حكشتي.zip!حكشتي_۱۳۹۷_۰۳_۳۱_separate_ن-۱۰_صورت‌های مالی سال مالی منتهی به ۱۳۹۷_۰۳_۳۱ (حسابرسی شده).xlsx,حكشتي_۱۳۹۷_۰۳_۳۱_separate_ن-۱۰_صورت‌های مالی سال مالی منتهی به ۱۳۹۷_۰۳_۳۱ (حسابرسی شده).xlsx,OLE2_LEGACY_EXCEL,.xlsx,110592,04826af0dfe02c98eb9b5d63342dba0c794e78c7c5b49913122eb29e4abbc1ca,OK,,868,PAYLOAD_SUBSTANTIVE,,حکشتی,1397,1397/03/31,separate,audited,original,DETECTED,Sheet1,11,120,1397/03/31,Sheet1!R8C4,مشروط,QUALIFIED_FAIR_WITH_EXCEPTION|HEADING_CELL,Sheet1!R62C12,Sheet1!R63C2,,,1397/07/11,Sheet1!R111C20,,
اکسل های صورت مالی کل زیپ ۱۳۹۲-۱۴۰۲.zip,حكشتي.zip,حكشتي.zip!حكشتي_۱۳۹۸_۰۳_۳۱_separate_ن-۱۰_صورت‌های مالی سال مالی منتهی به ۱۳۹۸_۰۳_۳۱ (حسابرسی شده).xlsx,حكشتي_۱۳۹۸_۰۳_۳۱_separate_ن-۱۰_صورت‌های مالی سال مالی منتهی به ۱۳۹۸_۰۳_۳۱ (حسابرسی شده).xlsx,HTML_MISLABELED_XLSX,.xlsx,166343,f568ea78fb8c6ea2b6a3427858e000c8e93158f7ddf2f0547436fb21ac887525,OK,,836,PAYLOAD_SUBSTANTIVE,,حکشتی,1398,1398/03/31,separate,audited,original,NOT_DETECTED,,,,1398/03/31,HTML_TABLE_1!R1C2,,,,,,NO_AUDITOR_BLOCK_DETECTED,,,NO_AUDITOR_BLOCK_DETECTED,
اکسل های صورت مالی کل زیپ ۱۳۹۲-۱۴۰۲.zip,حكشتي.zip,حكشتي.zip!حكشتي_۱۳۹۹_۰۳_۳۱_separate_ن-۱۰_صورت‌های مالی سال مالی منتهی به ۱۳۹۹_۰۳_۳۱ (حسابرسی شده).xlsx,حكشتي_۱۳۹۹_۰۳_۳۱_separate_ن-۱۰_صورت‌های مالی سال مالی منتهی به ۱۳۹۹_۰۳_۳۱ (حسابرسی شده).xlsx,HTML_MISLABELED_XLSX,.xlsx,229552,e6a46e8446a0f001075ab786006ce71ed156208f8e1c430a646cb2dd5d63d086,OK,,1233,PAYLOAD_SUBSTANTIVE,,حکشتی,1399,1399/03/31,separate,audited,original,NOT_DETECTED,,,,1399/03/31,HTML_TABLE_1!R1C2,,,,,,NO_AUDITOR_BLOCK_DETECTED,,,NO_AUDITOR_BLOCK_DETECTED,
اکسل های صورت مالی کل زیپ ۱۳۹۲-۱۴۰۲.zip,حكشتي.zip,حكشتي.zip!حكشتي_۱۴۰۰_۰۳_۳۱_separate_ن-۱۰_صورت‌های مالی سال مالی منتهی به ۱۴۰۰_۰۳_۳۱ (حسابرسی شده).xlsx,حكشتي_۱۴۰۰_۰۳_۳۱_separate_ن-۱۰_صورت‌های مالی سال مالی منتهی به ۱۴۰۰_۰۳_۳۱ (حسابرسی شده).xlsx,HTML_MISLABELED_XLSX,.xlsx,238237,8fc4a35264684166855f730a52c6b42f54cb2be5101017e07bbf325e403ae17f,OK,,1151,PAYLOAD_SUBSTANTIVE,,حکشتی,1400,1400/03/31,separate,audited,original,NOT_DETECTED,,,,1400/03/31,HTML_TABLE_2!R1C3,,,,,,NO_AUDITOR_BLOCK_DETECTED,,,NO_AUDITOR_BLOCK_DETECTED,
اکسل های صورت مالی کل زیپ ۱۳۹۲-۱۴۰۲.zip,حكشتي.zip,حكشتي.zip!حكشتي_۱۴۰۱_۰۳_۳۱_separate_ن-۱۰_صورت‌های مالی سال مالی منتهی به ۱۴۰۱_۰۳_۳۱ (حسابرسی شده).xlsx,حكشتي_۱۴۰۱_۰۳_۳۱_separate_ن-۱۰_صورت‌های مالی سال مالی منتهی به ۱۴۰۱_۰۳_۳۱ (حسابرسی شده).xlsx,HTML_MISLABELED_XLSX,.xlsx,268119,23cbac088e09d25ea8a9adc9c7cf217b6bd68c21093b4f5143da5505e86063a7,OK,,1339,PAYLOAD_SUBSTANTIVE,,حکشتی,1401,1401/03/31,separate,audited,original,NOT_DETECTED,,,,1401/03/31,HTML_TABLE_2!R1C3,,,,,,NO_AUDITOR_BLOCK_DETECTED,,,NO_AUDITOR_BLOCK_DETECTED,
اکسل های صورت مالی کل زیپ ۱۳۹۲-۱۴۰۲.zip,حكشتي.zip,حكشتي.zip!حكشتي_۱۴۰۱_۰۳_۳۱_separate_ن-۱۰_صورت‌های مالی سال مالی منتهی به ۱۴۰۱_۰۳_۳۱ (حسابرسی شده)(اصلاحیه).xlsx,حكشتي_۱۴۰۱_۰۳_۳۱_separate_ن-۱۰_صورت‌های مالی سال مالی منتهی به ۱۴۰۱_۰۳_۳۱ (حسابرسی شده)(اصلاحیه).xlsx,HTML_MISLABELED_XLSX,.xlsx,268119,239be6b2c7044f439bb13b2491b0fcc0e13c77091c62b7460724469c0a4ced59,OK,,1339,PAYLOAD_SUBSTANTIVE,,حکشتی,1401,1401/03/31,separate,audited,correction,NOT_DETECTED,,,,1401/03/31,HTML_TABLE_2!R1C3,,,,,,NO_AUDITOR_BLOCK_DETECTED,,,NO_AUDITOR_BLOCK_DETECTED,
اکسل های صورت مالی کل زیپ ۱۳۹۲-۱۴۰۲.zip,حكشتي.zip,حكشتي.zip!حكشتي_۱۴۰۲_۰۳_۳۱_separate_ن-۱۰_صورت‌های مالی سال مالی منتهی به ۱۴۰۲_۰۳_۳۱ (حسابرسی شده).xlsx,حكشتي_۱۴۰۲_۰۳_۳۱_separate_ن-۱۰_صورت‌های مالی سال مالی منتهی به ۱۴۰۲_۰۳_۳۱ (حسابرسی شده).xlsx,HTML_MISLABELED_XLSX,.xlsx,193749,8a8d6007e8fa8227f2550a3b3a6844aeb82d72fcc3b94e01d8600210b3e86563,OK,,829,PAYLOAD_SUBSTANTIVE,,حکشتی,1402,1402/03/31,separate,audited,original,NOT_DETECTED,,,,1402/03/31,HTML_TABLE_2!R1C3,,,,,,NO_AUDITOR_BLOCK_DETECTED,,,NO_AUDITOR_BLOCK_DETECTED,
اکسل های صورت مالی کل زیپ ۱۳۹۲-۱۴۰۲.zip,حكشتي.zip,حكشتي.zip!حكشتي_۱۴۰۳_۰۳_۳۱_separate_ن-۱۰_صورت‌های مالی سال مالی منتهی به ۱۴۰۳_۰۳_۳۱ (حسابرسی شده).xlsx,حكشتي_۱۴۰۳_۰۳_۳۱_separate_ن-۱۰_صورت‌های مالی سال مالی منتهی به ۱۴۰۳_۰۳_۳۱ (حسابرسی شده).xlsx,HTML_MISLABELED_XLSX,.xlsx,289825,a55eaa94cb9f1352f27d5addd499ae4ba0c77b544b19949131d4538006ae809f,OK,,1418,PAYLOAD_SUBSTANTIVE,,حکشتی,1403,1403/03/31,separate,audited,original,NOT_DETECTED,,,,1403/03/31,HTML_TABLE_2!R1C3,,,,,,NO_AUDITOR_BLOCK_DETECTED,,,NO_AUDITOR_BLOCK_DETECTED,
اکسل های صورت مالی کل زیپ ۱۳۹۲-۱۴۰۲.zip,خاذين.zip,خاذين.zip!خاذين_۱۳۹۱_۱۲_۳۰_separate_ن-۱۰_صورتهای مالی سال مالی منتهی به ۱۳۹۱_۱۲_۳۰ (حسابرسی شده).xlsx,خاذين_۱۳۹۱_۱۲_۳۰_separate_ن-۱۰_صورتهای مالی سال مالی منتهی به ۱۳۹۱_۱۲_۳۰ (حسابرسی شده).xlsx,OLE2_LEGACY_EXCEL,.xlsx,79360,b5819af4a250ce80e93c00dc123e83aefc80f3efad9a324421abf2ade6f65220,OK,,847,PAYLOAD_SUBSTANTIVE,,خاذین,1391,1391/12/30,separate,audited,original,DETECTED,Sheet1,9,69,1391/12/30,Sheet1!R6C4,مشروط,QUALIFIED_FAIR_WITH_EXCEPTION|HEADING_CELL,Sheet1!R42C14,Sheet1!R43C2,,,1392/03/22,Sheet1!R62C23,,"طراحی و ساخت قطعات داخلی خودرو""سایپا آذین"""
اکسل های صورت مالی کل زیپ ۱۳۹۲-۱۴۰۲.zip,خاذين.zip,خاذين.zip!خاذين_۱۳۹۲_۱۲_۲۹_separate_ن-۱۰_صورتهای مالی سال مالی منتهی به ۱۳۹۲_۱۲_۲۹ (حسابرسی شده).xlsx,خاذين_۱۳۹۲_۱۲_۲۹_separate_ن-۱۰_صورتهای مالی سال مالی منتهی به ۱۳۹۲_۱۲_۲۹ (حسابرسی شده).xlsx,OLE2_LEGACY_EXCEL,.xlsx,83456,838b22aca798bbb233247a9d471435dddfac2b38c376fb7cb1c5c25b37578129,OK,,746,PAYLOAD_SUBSTANTIVE,,خاذین,1392,1392/12/29,separate,audited,original,DETECTED,Sheet1,9,77,1392/12/29,Sheet1!R6C4,مشروط,QUALIFIED_FAIR_WITH_EXCEPTION|HEADING_CELL,Sheet1!R44C14,Sheet1!R45C2,,,1393/03/19,Sheet1!R69C23,,"طراحی و ساخت قطعات داخلی خودرو ""سایپا آذین"""
اکسل های صورت مالی کل زیپ ۱۳۹۲-۱۴۰۲.zip,خاذين.zip,خاذين.zip!خاذين_۱۳۹۳_۱۲_۲۹_separate_ن-۱۰_صورتهای مالی سال مالی منتهی به ۱۳۹۳_۱۲_۲۹ (حسابرسی شده).xlsx,خاذين_۱۳۹۳_۱۲_۲۹_separate_ن-۱۰_صورتهای مالی سال مالی منتهی به ۱۳۹۳_۱۲_۲۹ (حسابرسی شده).xlsx,OLE2_LEGACY_EXCEL,.xlsx,90112,3470c599669bc37bfdb5d63277fa37398a514c19d6bdd56757eb2fb372b7b8f5,OK,,752,PAYLOAD_SUBSTANTIVE,,خاذین,1393,1393/12/29,separate,audited,original,DETECTED,Sheet1,9,97,1393/12/29,Sheet1!R6C4,مشروط,QUALIFIED_FAIR_WITH_EXCEPTION|HEADING_CELL,Sheet1!R51C14,Sheet1!R53C2,,,1394/03/31,Sheet1!R89C23,,"طراحی و ساخت قطعات داخلی خودرو ""سایپا آذین"""
اکسل های صورت مالی کل زیپ ۱۳۹۲-۱۴۰۲.zip,خاذين.zip,خاذين.zip!خاذين_۱۳۹۴_۱۲_۲۹_separate_ن-۱۰_صورت‌های مالی سال مالی منتهی به ۱۳۹۴_۱۲_۲۹ (حسابرسی شده).xlsx,خاذين_۱۳۹۴_۱۲_۲۹_separate_ن-۱۰_صورت‌های مالی سال مالی منتهی به ۱۳۹۴_۱۲_۲۹ (حسابرسی شده).xlsx,OLE2_LEGACY_EXCEL,.xlsx,100352,0e67d5f0ce231886d4d2985ad8aafe03f0e829bd569f63a4df461cc91ed2f125,OK,,822,PAYLOAD_SUBSTANTIVE,,خاذین,1394,1394/12/29,separate,audited,original,DETECTED,Sheet1,9,95,1394/12/29,Sheet1!R6C4,مشروط,QUALIFIED_FAIR_WITH_EXCEPTION|HEADING_CELL,Sheet1!R43C14,Sheet1!R44C2,,,1395/04/22,Sheet1!R86C23,,"طراحی و ساخت قطعات داخلی خودرو ""سایپا آذین"""
اکسل های صورت مالی کل زیپ ۱۳۹۲-۱۴۰۲.zip,خاذين.zip,خاذين.zip!خاذين_۱۳۹۵_۱۲_۳۰_separate_ن-۱۰_صورت‌های مالی سال مالی منتهی به ۱۳۹۵_۱۲_۳۰ (حسابرسی شده).xlsx,خاذين_۱۳۹۵_۱۲_۳۰_separate_ن-۱۰_صورت‌های مالی سال مالی منتهی به ۱۳۹۵_۱۲_۳۰ (حسابرسی شده).xlsx,OLE2_LEGACY_EXCEL,.xlsx,94208,a309c48299826778c85e2e3a93ff7854c60ab84f678274fc6989161ffdacddeb,OK,,895,PAYLOAD_SUBSTANTIVE,,خاذین,1395,1395/12/30,separate,audited,original,DETECTED,Sheet1,11,78,1395/12/30,Sheet1!R8C4,مشروط,QUALIFIED_FAIR_WITH_EXCEPTION|HEADING_CELL,Sheet1!R39C12,Sheet1!R40C2,,,1396/03/16,Sheet1!R69C20,,"طراحی و ساخت قطعات داخلی خودرو ""سایپا آذین"""
اکسل های صورت مالی کل زیپ ۱۳۹۲-۱۴۰۲.zip,خاذين.zip,خاذين.zip!خاذين_۱۳۹۵_۱۲_۳۰_separate_ن-۱۰_صورت‌های مالی سال مالی منتهی به ۱۳۹۵_۱۲_۳۰ (حسابرسی شده)(اصلاحیه).xlsx,خاذين_۱۳۹۵_۱۲_۳۰_separate_ن-۱۰_صورت‌های مالی سال مالی منتهی به ۱۳۹۵_۱۲_۳۰ (حسابرسی شده)(اصلاحیه).xlsx,OLE2_LEGACY_EXCEL,.xlsx,94720,b253442743cc39e1f8baebc345433ce84ca4dd648414216f1a777e52845d9032,OK,,895,PAYLOAD_SUBSTANTIVE,,خاذین,1395,1395/12/30,separate,audited,correction,DETECTED,Sheet1,11,79,1395/12/30,Sheet1!R8C4,مشروط,QUALIFIED_FAIR_WITH_EXCEPTION|HEADING_CELL,Sheet1!R38C12,Sheet1!R39C2,,,1396/03/16,Sheet1!R70C20,,"طراحی و ساخت قطعات داخلی خودرو ""سایپا آذین"""
اکسل های صورت مالی کل زیپ ۱۳۹۲-۱۴۰۲.zip,خاذين.zip,خاذين.zip!خاذين_۱۳۹۶_۱۲_۲۹_separate_ن-۱۰_صورت‌های مالی سال مالی منتهی به ۱۳۹۶_۱۲_۲۹ (حسابرسی شده).xlsx,خاذين_۱۳۹۶_۱۲_۲۹_separate_ن-۱۰_صورت‌های مالی سال مالی منتهی به ۱۳۹۶_۱۲_۲۹ (حسابرسی شده).xlsx,OLE2_LEGACY_EXCEL,.xlsx,99840,0f3a743d1e2aaf2c9529245230016476ec29c1b485eea08e20ae85c255eeb4eb,OK,,975,PAYLOAD_SUBSTANTIVE,,خاذین,1396,1396/12/29,separate,audited,original,DETECTED,Sheet1,11,77,1396/12/29,Sheet1!R8C4,مشروط,QUALIFIED_FAIR_WITH_EXCEPTION|HEADING_CELL,Sheet1!R41C12,Sheet1!R42C2,,,1397/04/02,Sheet1!R68C20,,"طراحی و ساخت قطعات داخلی خودرو ""سایپا آذین"""
اکسل های صورت مالی کل زیپ ۱۳۹۲-۱۴۰۲.zip,خاذين.zip,خاذين.zip!خاذين_۱۳۹۷_۱۲_۲۹_separate_ن-۱۰_صورت‌های مالی سال مالی منتهی به ۱۳۹۷_۱۲_۲۹ (حسابرسی شده).xlsx,خاذين_۱۳۹۷_۱۲_۲۹_separate_ن-۱۰_صورت‌های مالی سال مالی منتهی به ۱۳۹۷_۱۲_۲۹ (حسابرسی شده).xlsx,HTML_MISLABELED_XLSX,.xlsx,114096,08f68d5559201e8c51b435bf13074488da269e68b5da8c5604bed24720ddfd9a,OK,,495,PAYLOAD_SUBSTANTIVE,,خاذین,1397,1397/12/29,separate,audited,original,NOT_DETECTED,,,,1397/12/29,HTML_TABLE_1!R1C2,,,,,,NO_AUDITOR_BLOCK_DETECTED,,,NO_AUDITOR_BLOCK_DETECTED,
اکسل های صورت مالی کل زیپ ۱۳۹۲-۱۴۰۲.zip,خاذين.zip,خاذين.zip!خاذين_۱۳۹۸_۱۲_۲۹_separate_ن-۱۰_صورت‌های مالی سال مالی منتهی به ۱۳۹۸_۱۲_۲۹ (حسابرسی شده).xlsx,خاذين_۱۳۹۸_۱۲_۲۹_separate_ن-۱۰_صورت‌های مالی سال مالی منتهی به ۱۳۹۸_۱۲_۲۹ (حسابرسی شده).xlsx,HTML_MISLABELED_XLSX,.xlsx,362140,e5f078b0994aacc179aa801a84bb740efefb107a19499034939104a5f9eac7db,OK,,1804,PAYLOAD_SUBSTANTIVE,,خاذین,1398,1398/12/29,separate,audited,original,NOT_DETECTED,,,,1398/12/29,HTML_TABLE_1!R1C2,,,,,,NO_AUDITOR_BLOCK_DETECTED,,,NO_AUDITOR_BLOCK_DETECTED,
اکسل های صورت مالی کل زیپ ۱۳۹۲-۱۴۰۲.zip,خاذين.zip,خاذين.zip!خاذين_۱۳۹۹_۱۲_۳۰_separate_ن-۱۰_صورت‌های مالی سال مالی منتهی به ۱۳۹۹_۱۲_۳۰ (حسابرسی شده).xlsx,خاذين_۱۳۹۹_۱۲_۳۰_separate_ن-۱۰_صورت‌های مالی سال مالی منتهی به ۱۳۹۹_۱۲_۳۰ (حسابرسی شده).xlsx,HTML_MISLABELED_XLSX,.xlsx,362601,a27dafa50d773bd2a17900b861fd37ba7db98a2abd054409edd1ad2a59ef3401,OK,,1814,PAYLOAD_SUBSTANTIVE,,خاذین,1399,1399/12/30,separate,audited,original,NOT_DETECTED,,,,1399/12/30,HTML_TABLE_1!R1C2,,,,,,NO_AUDITOR_BLOCK_DETECTED,,,NO_AUDITOR_BLOCK_DETECTED,
اکسل های صورت مالی کل زیپ ۱۳۹۲-۱۴۰۲.zip,خاذين.zip,خاذين.zip!خاذين_۱۴۰۰_۱۲_۲۹_separate_ن-۱۰_صورت‌های مالی سال مالی منتهی به ۱۴۰۰_۱۲_۲۹ (حسابرسی شده).xlsx,خاذين_۱۴۰۰_۱۲_۲۹_separate_ن-۱۰_صورت‌های مالی سال مالی منتهی به ۱۴۰۰_۱۲_۲۹ (حسابرسی شده).xlsx,HTML_MISLABELED_XLSX,.xlsx,506379,7721314a3a3ae24833cfe13703843467ea4ff956a9c4d247e238ac3cf832efa1,OK,,2576,PAYLOAD_SUBSTANTIVE,,خاذین,1400,1400/12/29,separate,audited,original,NOT_DETECTED,,,,1400/12/29,HTML_TABLE_1!R1C2,,,,,,NO_AUDITOR_BLOCK_DETECTED,,,NO_AUDITOR_BLOCK_DETECTED,
اکسل های صورت مالی کل زیپ ۱۳۹۲-۱۴۰۲.zip,خاذين.zip,خاذين.zip!خاذين_۱۴۰۱_۱۲_۲۹_separate_ن-۱۰_صورت‌های مالی سال مالی منتهی به ۱۴۰۱_۱۲_۲۹ (حسابرسی شده).xlsx,خاذين_۱۴۰۱_۱۲_۲۹_separate_ن-۱۰_صورت‌های مالی سال مالی منتهی به ۱۴۰۱_۱۲_۲۹ (حسابرسی شده).xlsx,HTML_MISLABELED_XLSX,.xlsx,544649,6ef4ff876469cca8bebb9db82d659f1009a5b5bee3c1d344bc26c97a63ada48e,OK,,2781,PAYLOAD_SUBSTANTIVE,,خاذین,1401,1401/12/29,separate,audited,original,NOT_DETECTED,,,,1401/12/29,HTML_TABLE_1!R1C2,,,,,,NO_AUDITOR_BLOCK_DETECTED,,,NO_AUDITOR_BLOCK_DETECTED,
اکسل های صورت مالی کل زیپ ۱۳۹۲-۱۴۰۲.zip,خاذين.zip,خاذين.zip!خاذين_۱۴۰۲_۱۲_۲۹_separate_ن-۱۰_صورت‌های مالی سال مالی منتهی به ۱۴۰۲_۱۲_۲۹ (حسابرسی شده).xlsx,خاذين_۱۴۰۲_۱۲_۲۹_separate_ن-۱۰_صورت‌های مالی سال مالی منتهی به ۱۴۰۲_۱۲_۲۹ (حسابرسی شده).xlsx,HTML_MISLABELED_XLSX,.xlsx,530362,cbc35fe98ba541e0e1c6d1850fac02e17f1b12e8206add69cece9428117df280,OK,,2660,PAYLOAD_SUBSTANTIVE,,خاذین,1402,1402/12/29,separate,audited,original,NOT_DETECTED,,,,1402/12/29,HTML_TABLE_1!R1C2,,,,,,NO_AUDITOR_BLOCK_DETECTED,,,NO_AUDITOR_BLOCK_DETECTED,
اکسل های صورت مالی کل زیپ ۱۳۹۲-۱۴۰۲.zip,خبهمن.zip,خبهمن.zip!خبهمن_۱۳۹۱_۱۲_۳۰_separate_ن-۱۰_صورتهای مالی سال مالی منتهی به ۱۳۹۱_۱۲_۳۰ (حسابرسی شده).xlsx,خبهمن_۱۳۹۱_۱۲_۳۰_separate_ن-۱۰_صورتهای مالی سال مالی منتهی به ۱۳۹۱_۱۲_۳۰ (حسابرسی شده).xlsx,OLE2_LEGACY_EXCEL,.xlsx,68608,a00d6798cb71f02ddaf677ad18923477dc2faf85500695b1d6799c3ed1b0fffd,OK,,527,PAYLOAD_SUBSTANTIVE,,خبهمن,1391,1391/12/30,separate,audited,original,DETECTED,Sheet1,9,87,1391/12/30,Sheet1!R6C4,مشروط,QUALIFIED_FAIR_WITH_EXCEPTION|HEADING_CELL,Sheet1!R45C14,Sheet1!R46C2,,,1392/03/19,Sheet1!R80C23,,گروه بهمن
اکسل های صورت مالی کل زیپ ۱۳۹۲-۱۴۰۲.zip,خبهمن.zip,خبهمن.zip!خبهمن_۱۳۹۲_۱۲_۲۹_separate_ن-۱۰_صورتهای مالی سال مالی منتهی به ۱۳۹۲_۱۲_۲۹ (حسابرسی شده).xlsx,خبهمن_۱۳۹۲_۱۲_۲۹_separate_ن-۱۰_صورتهای مالی سال مالی منتهی به ۱۳۹۲_۱۲_۲۹ (حسابرسی شده).xlsx,OLE2_LEGACY_EXCEL,.xlsx,60416,f0611877b872ca2263ea73f868294dc95443f3a34c7107225d62912e8186266e,OK,,329,PAYLOAD_SUBSTANTIVE,,خبهمن,1392,1392/12/29,separate,audited,original,DETECTED,Sheet1,11,86,1392/12/29,Sheet1!R8C4,مشروط,QUALIFIED_FAIR_WITH_EXCEPTION|HEADING_CELL,Sheet1!R44C12,Sheet1!R45C2,,,1393/04/02,Sheet1!R78C20,,گروه بهمن
اکسل های صورت مالی کل زیپ ۱۳۹۲-۱۴۰۲.zip,خبهمن.zip,خبهمن.zip!خبهمن_۱۳۹۳_۱۲_۲۹_separate_ن-۱۰_صورتهای مالی سال مالی منتهی به ۱۳۹۳_۱۲_۲۹ (حسابرسی شده).xlsx,خبهمن_۱۳۹۳_۱۲_۲۹_separate_ن-۱۰_صورتهای مالی سال مالی منتهی به ۱۳۹۳_۱۲_۲۹ (حسابرسی شده).xlsx,OLE2_LEGACY_EXCEL,.xlsx,78848,e8e827c40fe5ba35d2365c92d76bc4d76955a81bf5bea7cdf71155cbe35b70c4,OK,,689,PAYLOAD_SUBSTANTIVE,,خبهمن,1393,1393/12/29,separate,audited,original,DETECTED,Sheet1,9,68,1393/12/29,Sheet1!R6C4,مشروط,QUALIFIED_FAIR_WITH_EXCEPTION|HEADING_CELL,Sheet1!R35C14,Sheet1!R36C2,,,1394/03/31,Sheet1!R59C23,,گروه بهمن
اکسل های صورت مالی کل زیپ ۱۳۹۲-۱۴۰۲.zip,خبهمن.zip,خبهمن.zip!خبهمن_۱۳۹۴_۱۲_۲۹_separate_ن-۱۰_صورت‌های مالی سال مالی منتهی به ۱۳۹۴_۱۲_۲۹ (حسابرسی شده).xlsx,خبهمن_۱۳۹۴_۱۲_۲۹_separate_ن-۱۰_صورت‌های مالی سال مالی منتهی به ۱۳۹۴_۱۲_۲۹ (حسابرسی شده).xlsx,OLE2_LEGACY_EXCEL,.xlsx,162816,48b0ea4fbcd7b45860d750d8bb53a358e580b611488d0be7c4c0d1be18c240bc,OK,,2160,PAYLOAD_SUBSTANTIVE,,خبهمن,1394,1394/12/29,separate,audited,original,DETECTED,Sheet1,9,83,1394/12/29,Sheet1!R6C4,مشروط,QUALIFIED_FAIR_WITH_EXCEPTION|HEADING_CELL,Sheet1!R41C14,Sheet1!R42C2,,,1395/04/19,Sheet1!R74C23,,گروه بهمن
اکسل های صورت مالی کل زیپ ۱۳۹۲-۱۴۰۲.zip,خبهمن.zip,خبهمن.zip!خبهمن_۱۳۹۵_۱۲_۳۰_separate_ن-۱۰_صورت‌های مالی سال مالی منتهی به ۱۳۹۵_۱۲_۳۰ (حسابرسی شده).xlsx,خبهمن_۱۳۹۵_۱۲_۳۰_separate_ن-۱۰_صورت‌های مالی سال مالی منتهی به ۱۳۹۵_۱۲_۳۰ (حسابرسی شده).xlsx,OLE2_LEGACY_EXCEL,.xlsx,157184,0a285c502b709eab25eeb2ab7693c2cd76384dd5557fc31b9e860837390d64dd,OK,,2026,PAYLOAD_SUBSTANTIVE,,خبهمن,1395,1395/12/30,separate,audited,original,DETECTED,Sheet1,11,98,1395/12/30,Sheet1!R8C4,مشروط,QUALIFIED_FAIR_WITH_EXCEPTION|HEADING_CELL,Sheet1!R47C12,Sheet1!R48C2,,,1396/04/11,Sheet1!R90C20,,گروه بهمن
اکسل های صورت مالی کل زیپ ۱۳۹۲-۱۴۰۲.zip,خبهمن.zip,خبهمن.zip!خبهمن_۱۳۹۵_۱۲_۳۰_separate_ن-۱۰_صورت‌های مالی سال مالی منتهی به ۱۳۹۵_۱۲_۳۰ (حسابرسی شده)(اصلاحیه).xlsx,خبهمن_۱۳۹۵_۱۲_۳۰_separate_ن-۱۰_صورت‌های مالی سال مالی منتهی به ۱۳۹۵_۱۲_۳۰ (حسابرسی شده)(اصلاحیه).xlsx,OLE2_LEGACY_EXCEL,.xlsx,163840,85eb5d05ad2bea2999ff36ccf0cc61ae39e99b134475c46787cc5168aacd627e,OK,,2026,PAYLOAD_SUBSTANTIVE,,خبهمن,1395,1395/12/30,separate,audited,correction,DETECTED,Sheet1,11,118,1395/12/30,Sheet1!R8C4,مشروط,QUALIFIED_FAIR_WITH_EXCEPTION|HEADING_CELL,Sheet1!R57C12,Sheet1!R58C2,,,1396/04/11,Sheet1!R110C20,,گروه بهمن
اکسل های صورت مالی کل زیپ ۱۳۹۲-۱۴۰۲.zip,خبهمن.zip,خبهمن.zip!خبهمن_۱۳۹۶_۱۲_۲۹_separate_ن-۱۰_صورت‌های مالی سال مالی منتهی به ۱۳۹۶_۱۲_۲۹ (حسابرسی شده).xlsx,خبهمن_۱۳۹۶_۱۲_۲۹_separate_ن-۱۰_صورت‌های مالی سال مالی منتهی به ۱۳۹۶_۱۲_۲۹ (حسابرسی شده).xlsx,OLE2_LEGACY_EXCEL,.xlsx,140800,135a67d06b9731667116d8e0489b4cecc837cec4ba4c5f1dc1e207e34d2e8c16,OK,,1619,PAYLOAD_SUBSTANTIVE,,خبهمن,1396,1396/12/29,separate,audited,original,DETECTED,Sheet1,11,112,1396/12/29,Sheet1!R8C4,مشروط,QUALIFIED_FAIR_WITH_EXCEPTION|HEADING_CELL,Sheet1!R57C12,Sheet1!R58C2,,,1397/04/15,Sheet1!R104C20,,گروه بهمن
اکسل های صورت مالی کل زیپ ۱۳۹۲-۱۴۰۲.zip,خبهمن.zip,خبهمن.zip!خبهمن_۱۳۹۷_۱۲_۲۹_separate_ن-۱۰_صورت‌های مالی سال مالی منتهی به ۱۳۹۷_۱۲_۲۹ (حسابرسی شده).xlsx,خبهمن_۱۳۹۷_۱۲_۲۹_separate_ن-۱۰_صورت‌های مالی سال مالی منتهی به ۱۳۹۷_۱۲_۲۹ (حسابرسی شده).xlsx,OLE2_LEGACY_EXCEL,.xlsx,148992,c75e169a665d6e1af9f468cc983ccf11e1ecf95ff05ea30979d19f4d0147c79d,OK,,1803,PAYLOAD_SUBSTANTIVE,,خبهمن,1397,1397/12/29,separate,audited,original,DETECTED,Sheet1,11,100,1397/12/29,Sheet1!R8C4,مشروط,QUALIFIED_FAIR_WITH_EXCEPTION|HEADING_CELL,Sheet1!R51C12,Sheet1!R53C2,,,1398/04/19,Sheet1!R92C20,,گروه بهمن
اکسل های صورت مالی کل زیپ ۱۳۹۲-۱۴۰۲.zip,خبهمن.zip,خبهمن.zip!خبهمن_۱۳۹۸_۱۲_۲۹_separate_ن-۱۰_صورت‌های مالی سال مالی منتهی به ۱۳۹۸_۱۲_۲۹ (حسابرسی شده).xlsx,خبهمن_۱۳۹۸_۱۲_۲۹_separate_ن-۱۰_صورت‌های مالی سال مالی منتهی به ۱۳۹۸_۱۲_۲۹ (حسابرسی شده).xlsx,HTML_MISLABELED_XLSX,.xlsx,319331,43dbd74cdf53c2fc08e64771486fe3b7cbf45555606d813022955f2574eaeff2,OK,,2434,PAYLOAD_SUBSTANTIVE,,خبهمن,1398,1398/12/29,separate,audited,original,NOT_DETECTED,,,,1398/12/29,HTML_TABLE_1!R1C2,,,,,,NO_AUDITOR_BLOCK_DETECTED,,,NO_AUDITOR_BLOCK_DETECTED,
اکسل های صورت مالی کل زیپ ۱۳۹۲-۱۴۰۲.zip,خبهمن.zip,خبهمن.zip!خبهمن_۱۳۹۸_۱۲_۲۹_separate_ن-۱۰_صورت‌های مالی سال مالی منتهی به ۱۳۹۸_۱۲_۲۹ (حسابرسی شده)(اصلاحیه).xlsx,خبهمن_۱۳۹۸_۱۲_۲۹_separate_ن-۱۰_صورت‌های مالی سال مالی منتهی به ۱۳۹۸_۱۲_۲۹ (حسابرسی شده)(اصلاحیه).xlsx,HTML_MISLABELED_XLSX,.xlsx,328088,1a9ae7f27fc027ef8df8cbdfe4e55428d28429301251641da0905675a966e972,OK,,2434,PAYLOAD_SUBSTANTIVE,,خبهمن,1398,1398/12/29,separate,audited,correction,NOT_DETECTED,,,,1398/12/29,HTML_TABLE_1!R1C2,,,,,,NO_AUDITOR_BLOCK_DETECTED,,,NO_AUDITOR_BLOCK_DETECTED,
اکسل های صورت مالی کل زیپ ۱۳۹۲-۱۴۰۲.zip,خبهمن.zip,خبهمن.zip!خبهمن_۱۳۹۹_۱۲_۳۰_separate_ن-۱۰_صورت‌های مالی سال مالی منتهی به ۱۳۹۹_۱۲_۳۰ (حسابرسی شده).xlsx,خبهمن_۱۳۹۹_۱۲_۳۰_separate_ن-۱۰_صورت‌های مالی سال مالی منتهی به ۱۳۹۹_۱۲_۳۰ (حسابرسی شده).xlsx,HTML_MISLABELED_XLSX,.xlsx,408418,2379bf176637a53f4c4fb117d7ae4d2d3fa351c004e0782091b79999cefc2e2c,OK,,2258,PAYLOAD_SUBSTANTIVE,,خبهمن,1399,1399/12/30,separate,audited,original,NOT_DETECTED,,,,1399/12/30,HTML_TABLE_2!R1C3,,,,,,NO_AUDITOR_BLOCK_DETECTED,,,NO_AUDITOR_BLOCK_DETECTED,
اکسل های صورت مالی کل زیپ ۱۳۹۲-۱۴۰۲.zip,خبهمن.zip,خبهمن.zip!خبهمن_۱۳۹۹_۱۲_۳۰_separate_ن-۱۰_صورت‌های مالی سال مالی منتهی به ۱۳۹۹_۱۲_۳۰ (حسابرسی شده)(اصلاحیه).xlsx,خبهمن_۱۳۹۹_۱۲_۳۰_separate_ن-۱۰_صورت‌های مالی سال مالی منتهی به ۱۳۹۹_۱۲_۳۰ (حسابرسی شده)(اصلاحیه).xlsx,HTML_MISLABELED_XLSX,.xlsx,408414,cbad7bacd55fce6a03d6eeb06286df03ef01821dc10fc5d24d15f2fe0f00037c,OK,,2258,PAYLOAD_SUBSTANTIVE,,خبهمن,1399,1399/12/30,separate,audited,correction,NOT_DETECTED,,,,1399/12/30,HTML_TABLE_2!R1C3,,,,,,NO_AUDITOR_BLOCK_DETECTED,,,NO_AUDITOR_BLOCK_DETECTED,
اکسل های صورت مالی کل زیپ ۱۳۹۲-۱۴۰۲.zip,خبهمن.zip,خبهمن.zip!خبهمن_۱۴۰۰_۱۲_۲۹_separate_ن-۱۰_صورت‌های مالی سال مالی منتهی به ۱۴۰۰_۱۲_۲۹ (حسابرسی شده).xlsx,خبهمن_۱۴۰۰_۱۲_۲۹_separate_ن-۱۰_صورت‌های مالی سال مالی منتهی به ۱۴۰۰_۱۲_۲۹ (حسابرسی شده).xlsx,HTML_MISLABELED_XLSX,.xlsx,397525,6801b93623ab843063e0c449ecc587818331f2e4ff509fcb85555f6cdd41d03e,OK,,2175,PAYLOAD_SUBSTANTIVE,,خبهمن,1400,1400/12/29,separate,audited,original,NOT_DETECTED,,,,1400/12/29,HTML_TABLE_2!R1C3,,,,,,NO_AUDITOR_BLOCK_DETECTED,,,NO_AUDITOR_BLOCK_DETECTED,
اکسل های صورت مالی کل زیپ ۱۳۹۲-۱۴۰۲.zip,خبهمن.zip,خبهمن.zip!خبهمن_۱۴۰۱_۱۲_۲۹_separate_ن-۱۰_صورت‌های مالی سال مالی منتهی به ۱۴۰۱_۱۲_۲۹ (حسابرسی شده).xlsx,خبهمن_۱۴۰۱_۱۲_۲۹_separate_ن-۱۰_صورت‌های مالی سال مالی منتهی به ۱۴۰۱_۱۲_۲۹ (حسابرسی شده).xlsx,HTML_MISLABELED_XLSX,.xlsx,426848,2f508285d8c9352cad8d535c346eb19c4f5629863878611ae5cc1cba6fb379f1,OK,,2274,PAYLOAD_SUBSTANTIVE,,خبهمن,1401,1401/12/29,separate,audited,original,NOT_DETECTED,,,,1401/12/29,HTML_TABLE_2!R1C3,,,,,,NO_AUDITOR_BLOCK_DETECTED,,,NO_AUDITOR_BLOCK_DETECTED,
اکسل های صورت مالی کل زیپ ۱۳۹۲-۱۴۰۲.zip,خبهمن.zip,خبهمن.zip!خبهمن_۱۴۰۲_۱۲_۲۹_separate_ن-۱۰_صورت‌های مالی سال مالی منتهی به ۱۴۰۲_۱۲_۲۹ (حسابرسی شده).xlsx,خبهمن_۱۴۰۲_۱۲_۲۹_separate_ن-۱۰_صورت‌های مالی سال مالی منتهی به ۱۴۰۲_۱۲_۲۹ (حسابرسی شده).xlsx,HTML_MISLABELED_XLSX,.xlsx,297747,ec93c42c6d98bdd1b6e2f920d89b4300a01b96a2f20827a1aeeddd36a947f8e2,OK,,1688,PAYLOAD_SUBSTANTIVE,,خبهمن,1402,1402/12/29,separate,audited,original,NOT_DETECTED,,,,1402/12/29,HTML_TABLE_8!R1C1,,,,,,NO_AUDITOR_BLOCK_DETECTED,,,NO_AUDITOR_BLOCK_DETECTED,
اکسل های صورت مالی کل زیپ ۱۳۹۲-۱۴۰۲.zip,ختوقا.zip,ختوقا.zip!ختوقا_۱۳۹۱_۱۲_۳۰_separate_ن-۱۰_صورتهای مالی سال مالی منتهی به ۱۳۹۱_۱۲_۳۰ (حسابرسی شده).xlsx,ختوقا_۱۳۹۱_۱۲_۳۰_separate_ن-۱۰_صورتهای مالی سال مالی منتهی به ۱۳۹۱_۱۲_۳۰ (حسابرسی شده).xlsx,OLE2_LEGACY_EXCEL,.xlsx,52736,67077354876e3c0554bc89dea9a21a8d561fc80b8bb420b6bbf7e546f7d8ae92,OK,,345,PAYLOAD_SUBSTANTIVE,,ختوقا,1391,1391/12/30,separate,audited,original,DETECTED,Sheet1,9,83,1391/12/30,Sheet1!R6C4,مقبول,UNQUALIFIED_FAIR_FORMULA|HEADING_CELL,Sheet1!R28C14,Sheet1!R29C2,,,1392/03/29,Sheet1!R76C23,,گروه صنعتی قطعات اتومبیل ایران
اکسل های صورت مالی کل زیپ ۱۳۹۲-۱۴۰۲.zip,ختوقا.zip,ختوقا.zip!ختوقا_۱۳۹۲_۱۲_۲۹_separate_ن-۱۰_صورتهای مالی سال مالی منتهی به ۱۳۹۲_۱۲_۲۹ (حسابرسی شده).xlsx,ختوقا_۱۳۹۲_۱۲_۲۹_separate_ن-۱۰_صورتهای مالی سال مالی منتهی به ۱۳۹۲_۱۲_۲۹ (حسابرسی شده).xlsx,OLE2_LEGACY_EXCEL,.xlsx,76288,f98e553fb017ca5b862e59c890c91d1ff774d25e3232c82840ac14805c64fa94,OK,,624,PAYLOAD_SUBSTANTIVE,,ختوقا,1392,1392/12/29,separate,audited,original,DETECTED,Sheet1,9,94,1392/12/29,Sheet1!R6C4,مشروط,QUALIFIED_FAIR_WITH_EXCEPTION|HEADING_CELL,Sheet1!R33C14,Sheet1!R35C2,,,1393/03/14,Sheet1!R86C23,,گروه صنعتی قطعات اتومبیل ایران
اکسل های صورت مالی کل زیپ ۱۳۹۲-۱۴۰۲.zip,ختوقا.zip,ختوقا.zip!ختوقا_۱۳۹۳_۱۲_۲۹_separate_ن-۱۰_صورتهای مالی سال مالی منتهی به ۱۳۹۳_۱۲_۲۹ (حسابرسی شده).xlsx,ختوقا_۱۳۹۳_۱۲_۲۹_separate_ن-۱۰_صورتهای مالی سال مالی منتهی به ۱۳۹۳_۱۲_۲۹ (حسابرسی شده).xlsx,OLE2_LEGACY_EXCEL,.xlsx,74240,5d776b322107eb5b734d42ee199ec987b3491ac46fd381faabad750e7a8f2912,OK,,677,PAYLOAD_SUBSTANTIVE,,ختوقا,1393,1393/12/29,separate,audited,original,DETECTED,Sheet1,9,72,1393/12/29,Sheet1!R6C4,مقبول,UNQUALIFIED_FAIR_FORMULA|HEADING_CELL,Sheet1!R28C14,Sheet1!R29C2,,,1394/03/06,Sheet1!R64C23,,گروه صنعتی قطعات اتومبیل ایران
اکسل های صورت مالی کل زیپ ۱۳۹۲-۱۴۰۲.zip,ختوقا.zip,ختوقا.zip!ختوقا_۱۳۹۴_۱۲_۲۹_separate_ن-۱۰_صورت‌های مالی سال مالی منتهی به ۱۳۹۴_۱۲_۲۹ (حسابرسی شده).xlsx,ختوقا_۱۳۹۴_۱۲_۲۹_separate_ن-۱۰_صورت‌های مالی سال مالی منتهی به ۱۳۹۴_۱۲_۲۹ (حسابرسی شده).xlsx,OLE2_LEGACY_EXCEL,.xlsx,75264,d7bdf8d13c78bf4e939906b98e0a4d3577cd47be0aeda82e155bf279fb048f10,OK,,683,PAYLOAD_SUBSTANTIVE,,ختوقا,1394,1394/12/29,separate,audited,original,DETECTED,Sheet1,9,80,1394/12/29,Sheet1!R6C4,مقبول,UNQUALIFIED_FAIR_FORMULA|HEADING_CELL,Sheet1!R28C14,Sheet1!R29C2,,,1395/03/06,Sheet1!R72C23,,گروه صنعتی قطعات اتومبیل ایران
اکسل های صورت مالی کل زیپ ۱۳۹۲-۱۴۰۲.zip,ختوقا.zip,ختوقا.zip!ختوقا_۱۳۹۵_۱۲_۳۰_separate_ن-۱۰_صورت‌های مالی سال مالی منتهی به ۱۳۹۵_۱۲_۳۰ (حسابرسی شده).xlsx,ختوقا_۱۳۹۵_۱۲_۳۰_separate_ن-۱۰_صورت‌های مالی سال مالی منتهی به ۱۳۹۵_۱۲_۳۰ (حسابرسی شده).xlsx,OLE2_LEGACY_EXCEL,.xlsx,89600,26a3559179ef5ec3620a275a9d796ed2fbe473e4f5b33e5c3a73e38c41370563,OK,,926,PAYLOAD_SUBSTANTIVE,,ختوقا,1395,1395/12/30,separate,audited,original,DETECTED,Sheet1,11,61,1395/12/30,Sheet1!R8C4,مقبول,UNQUALIFIED_FAIR_FORMULA|HEADING_CELL,Sheet1!R30C12,Sheet1!R31C2,,,1396/03/11,Sheet1!R52C20,,گروه صنعتی قطعات اتومبیل ایران
اکسل های صورت مالی کل زیپ ۱۳۹۲-۱۴۰۲.zip,ختوقا.zip,ختوقا.zip!ختوقا_۱۳۹۶_۱۲_۲۹_separate_ن-۱۰_صورت‌های مالی سال مالی منتهی به ۱۳۹۶_۱۲_۲۹ (حسابرسی شده).xlsx,ختوقا_۱۳۹۶_۱۲_۲۹_separate_ن-۱۰_صورت‌های مالی سال مالی منتهی به ۱۳۹۶_۱۲_۲۹ (حسابرسی شده).xlsx,OLE2_LEGACY_EXCEL,.xlsx,89600,3038c00c1e1c2637500bb1c49133876a3dc7f2cc4a02bf1566215fd472c6b1da,OK,,923,PAYLOAD_SUBSTANTIVE,,ختوقا,1396,1396/12/29,separate,audited,original,DETECTED,Sheet1,11,64,1396/12/29,Sheet1!R8C4,مقبول,UNQUALIFIED_FAIR_FORMULA|HEADING_CELL,Sheet1!R30C12,Sheet1!R31C2,,,1397/03/12,Sheet1!R52C20,,گروه صنعتی قطعات اتومبیل ایران
اکسل های صورت مالی کل زیپ ۱۳۹۲-۱۴۰۲.zip,ختوقا.zip,ختوقا.zip!ختوقا_۱۳۹۷_۱۲_۲۹_separate_ن-۱۰_صورت‌های مالی سال مالی منتهی به ۱۳۹۷_۱۲_۲۹ (حسابرسی شده).xlsx,ختوقا_۱۳۹۷_۱۲_۲۹_separate_ن-۱۰_صورت‌های مالی سال مالی منتهی به ۱۳۹۷_۱۲_۲۹ (حسابرسی شده).xlsx,OLE2_LEGACY_EXCEL,.xlsx,90624,3ecf1c691608b5320864df959fd432125b2d9c2c09b61682ae98516559deb01d,OK,,910,PAYLOAD_SUBSTANTIVE,,ختوقا,1397,1397/12/29,separate,audited,original,DETECTED,Sheet1,11,68,1397/12/29,Sheet1!R8C4,مقبول,UNQUALIFIED_FAIR_FORMULA|HEADING_CELL,Sheet1!R29C12,Sheet1!R30C2,,,1398/03/29,Sheet1!R59C20,,گروه صنعتی قطعات اتومبیل ایران
اکسل های صورت مالی کل زیپ ۱۳۹۲-۱۴۰۲.zip,ختوقا.zip,ختوقا.zip!ختوقا_۱۳۹۸_۱۲_۲۹_separate_ن-۱۰_صورت‌های مالی سال مالی منتهی به ۱۳۹۸_۱۲_۲۹ (حسابرسی شده).xlsx,ختوقا_۱۳۹۸_۱۲_۲۹_separate_ن-۱۰_صورت‌های مالی سال مالی منتهی به ۱۳۹۸_۱۲_۲۹ (حسابرسی شده).xlsx,HTML_MISLABELED_XLSX,.xlsx,215701,00b990976acae1a157a2615b0800cf82d7548243630ef8b1807f61f4763d51cd,OK,,1095,PAYLOAD_SUBSTANTIVE,,ختوقا,1398,1398/12/29,separate,audited,original,NOT_DETECTED,,,,1398/12/29,HTML_TABLE_1!R1C2,,,,,,NO_AUDITOR_BLOCK_DETECTED,,,NO_AUDITOR_BLOCK_DETECTED,
اکسل های صورت مالی کل زیپ ۱۳۹۲-۱۴۰۲.zip,ختوقا.zip,ختوقا.zip!ختوقا_۱۳۹۸_۱۲_۲۹_separate_ن-۱۰_صورت‌های مالی سال مالی منتهی به ۱۳۹۸_۱۲_۲۹ (حسابرسی شده)(اصلاحیه).xlsx,ختوقا_۱۳۹۸_۱۲_۲۹_separate_ن-۱۰_صورت‌های مالی سال مالی منتهی به ۱۳۹۸_۱۲_۲۹ (حسابرسی شده)(اصلاحیه).xlsx,HTML_MISLABELED_XLSX,.xlsx,221420,ae14ab28f58473fa1306b6440fbff3b4d6c89d5c95515e037e10060c66166ef9,OK,,1038,PAYLOAD_SUBSTANTIVE,,ختوقا,1398,1398/12/29,separate,audited,correction,NOT_DETECTED,,,,1398/12/29,HTML_TABLE_1!R1C2,,,,,,NO_AUDITOR_BLOCK_DETECTED,,,NO_AUDITOR_BLOCK_DETECTED,
اکسل های صورت مالی کل زیپ ۱۳۹۲-۱۴۰۲.zip,ختوقا.zip,ختوقا.zip!ختوقا_۱۳۹۹_۱۲_۳۰_separate_ن-۱۰_صورت‌های مالی سال مالی منتهی به ۱۳۹۹_۱۲_۳۰ (حسابرسی شده).xlsx,ختوقا_۱۳۹۹_۱۲_۳۰_separate_ن-۱۰_صورت‌های مالی سال مالی منتهی به ۱۳۹۹_۱۲_۳۰ (حسابرسی شده).xlsx,HTML_MISLABELED_XLSX,.xlsx,215131,9863f93db1729c2792dc22733f4e4812b6a2cf6f7e75d1f6a0bc3d36fb962d80,OK,,1013,PAYLOAD_SUBSTANTIVE,,ختوقا,1399,1399/12/30,separate,audited,original,NOT_DETECTED,,,,1399/12/30,HTML_TABLE_2!R1C3,,,,,,NO_AUDITOR_BLOCK_DETECTED,,,NO_AUDITOR_BLOCK_DETECTED,
اکسل های صورت مالی کل زیپ ۱۳۹۲-۱۴۰۲.zip,ختوقا.zip,ختوقا.zip!ختوقا_۱۴۰۰_۱۲_۲۹_separate_ن-۱۰_صورت‌های مالی سال مالی منتهی به ۱۴۰۰_۱۲_۲۹ (حسابرسی شده).xlsx,ختوقا_۱۴۰۰_۱۲_۲۹_separate_ن-۱۰_صورت‌های مالی سال مالی منتهی به ۱۴۰۰_۱۲_۲۹ (حسابرسی شده).xlsx,HTML_MISLABELED_XLSX,.xlsx,204835,ccfd11e874b94c08a2c2856a0e4efcb5400bfff36b356ea12017b6b02e7edd4e,OK,,942,PAYLOAD_SUBSTANTIVE,,ختوقا,1400,1400/12/29,separate,audited,original,NOT_DETECTED,,,,1400/12/29,HTML_TABLE_2!R1C3,,,,,,NO_AUDITOR_BLOCK_DETECTED,,,NO_AUDITOR_BLOCK_DETECTED,
اکسل های صورت مالی کل زیپ ۱۳۹۲-۱۴۰۲.zip,ختوقا.zip,ختوقا.zip!ختوقا_۱۴۰۱_۱۲_۲۹_separate_ن-۱۰_صورت‌های مالی سال مالی منتهی به ۱۴۰۱_۱۲_۲۹ (حسابرسی شده).xlsx,ختوقا_۱۴۰۱_۱۲_۲۹_separate_ن-۱۰_صورت‌های مالی سال مالی منتهی به ۱۴۰۱_۱۲_۲۹ (حسابرسی شده).xlsx,HTML_MISLABELED_XLSX,.xlsx,267281,0f2e28af096741533f9dda8a8c4fd77f904b1879c6edd29789865a7ac592ab49,OK,,1256,PAYLOAD_SUBSTANTIVE,,ختوقا,1401,1401/12/29,separate,audited,original,NOT_DETECTED,,,,1401/12/29,HTML_TABLE_2!R1C3,,,,,,NO_AUDITOR_BLOCK_DETECTED,,,NO_AUDITOR_BLOCK_DETECTED,
اکسل های صورت مالی کل زیپ ۱۳۹۲-۱۴۰۲.zip,ختوقا.zip,ختوقا.zip!ختوقا_۱۴۰۲_۱۲_۲۹_separate_ن-۱۰_صورت‌های مالی سال مالی منتهی به ۱۴۰۲_۱۲_۲۹ (حسابرسی شده).xlsx,ختوقا_۱۴۰۲_۱۲_۲۹_separate_ن-۱۰_صورت‌های مالی سال مالی منتهی به ۱۴۰۲_۱۲_۲۹ (حسابرسی شده).xlsx,HTML_MISLABELED_XLSX,.xlsx,255931,bb67d9ed8a595add9ce498e03b370e0582407d0a2a81cb2bd4840b1682baeb04,OK,,1171,PAYLOAD_SUBSTANTIVE,,ختوقا,1402,1402/12/29,separate,audited,original,NOT_DETECTED,,,,1402/12/29,HTML_TABLE_2!R1C3,,,,,,NO_AUDITOR_BLOCK_DETECTED,,,NO_AUDITOR_BLOCK_DETECTED,
اکسل های صورت مالی کل زیپ ۱۳۹۲-۱۴۰۲.zip,خچرخش.zip,خچرخش.zip!خچرخش_۱۳۹۱_۱۲_۳۰_separate_ن-۱۰_صورتهای مالی سال مالی منتهی به ۱۳۹۱_۱۲_۳۰ (حسابرسی شده).xlsx,خچرخش_۱۳۹۱_۱۲_۳۰_separate_ن-۱۰_صورتهای مالی سال مالی منتهی به ۱۳۹۱_۱۲_۳۰ (حسابرسی شده).xlsx,OLE2_LEGACY_EXCEL,.xlsx,100864,e10bad45c2eecfa635dcc4ea04329e53a0b9381afca9989ac2fd0e3c5076b9a4,OK,,972,PAYLOAD_SUBSTANTIVE,,خچرخش,1391,1391/12/30,separate,audited,original,DETECTED,Sheet1,9,99,1391/12/30,Sheet1!R6C4,مشروط,QUALIFIED_FAIR_WITH_EXCEPTION|HEADING_CELL,Sheet1!R49C14,Sheet1!R50C2,,,1392/02/23,Sheet1!R91C23,,چرخشگر
اکسل های صورت مالی کل زیپ ۱۳۹۲-۱۴۰۲.zip,خچرخش.zip,خچرخش.zip!خچرخش_۱۳۹۲_۱۲_۲۹_separate_ن-۱۰_صورتهای مالی سال مالی منتهی به ۱۳۹۲_۱۲_۲۹ (حسابرسی شده).xlsx,خچرخش_۱۳۹۲_۱۲_۲۹_separate_ن-۱۰_صورتهای مالی سال مالی منتهی به ۱۳۹۲_۱۲_۲۹ (حسابرسی شده).xlsx,OLE2_LEGACY_EXCEL,.xlsx,104448,cf4fe84654566d69b13ed37a9e72be5c4fbaa6f5491da59c3ba349b284618d6a,OK,,1018,PAYLOAD_SUBSTANTIVE,,خچرخش,1392,1392/12/29,separate,audited,original,DETECTED,Sheet1,9,92,1392/12/29,Sheet1!R6C4,مشروط,QUALIFIED_FAIR_WITH_EXCEPTION|HEADING_CELL,Sheet1!R48C14,Sheet1!R50C2,,,1393/02/20,Sheet1!R84C23,,چرخشگر
اکسل های صورت مالی کل زیپ ۱۳۹۲-۱۴۰۲.zip,خچرخش.zip,خچرخش.zip!خچرخش_۱۳۹۳_۱۲_۲۹_separate_ن-۱۰_صورتهای مالی سال مالی منتهی به ۱۳۹۳_۱۲_۲۹ (حسابرسی شده).xlsx,خچرخش_۱۳۹۳_۱۲_۲۹_separate_ن-۱۰_صورتهای مالی سال مالی منتهی به ۱۳۹۳_۱۲_۲۹ (حسابرسی شده).xlsx,OLE2_LEGACY_EXCEL,.xlsx,110592,1805f073e78f64646c6a293f35460d383ea23966e4234fa68d3b3fd9e1bea47f,OK,,1082,PAYLOAD_SUBSTANTIVE,,خچرخش,1393,1393/12/29,separate,audited,original,DETECTED,Sheet1,9,83,1393/12/29,Sheet1!R6C4,مشروط,QUALIFIED_FAIR_WITH_EXCEPTION|HEADING_CELL,Sheet1!R44C14,Sheet1!R45C2,,,1394/02/19,Sheet1!R75C23,,چرخشگر
اکسل های صورت مالی کل زیپ ۱۳۹۲-۱۴۰۲.zip,خچرخش.zip,خچرخش.zip!خچرخش_۱۳۹۴_۱۲_۲۹_separate_ن-۱۰_صورت‌های مالی سال مالی منتهی به ۱۳۹۴_۱۲_۲۹ (حسابرسی شده).xlsx,خچرخش_۱۳۹۴_۱۲_۲۹_separate_ن-۱۰_صورت‌های مالی سال مالی منتهی به ۱۳۹۴_۱۲_۲۹ (حسابرسی شده).xlsx,OLE2_LEGACY_EXCEL,.xlsx,107008,f2805b71e378e65198b7b12e783e8f178eb9b63c693c862e3966bf85a91773bf,OK,,1025,PAYLOAD_SUBSTANTIVE,,خچرخش,1394,1394/12/29,separate,audited,original,DETECTED,Sheet1,9,80,1394/12/29,Sheet1!R6C4,مشروط,QUALIFIED_FAIR_WITH_EXCEPTION|HEADING_CELL,Sheet1!R37C14,Sheet1!R38C2,,,1395/02/15,Sheet1!R72C23,,چرخشگر
اکسل های صورت مالی کل زیپ ۱۳۹۲-۱۴۰۲.zip,خچرخش.zip,خچرخش.zip!خچرخش_۱۳۹۵_۱۲_۳۰_separate_ن-۱۰_صورت‌های مالی سال مالی منتهی به ۱۳۹۵_۱۲_۳۰ (حسابرسی شده).xlsx,خچرخش_۱۳۹۵_۱۲_۳۰_separate_ن-۱۰_صورت‌های مالی سال مالی منتهی به ۱۳۹۵_۱۲_۳۰ (حسابرسی شده).xlsx,OLE2_LEGACY_EXCEL,.xlsx,107008,16a73c938e8632685d3c5d35c405eb87cbbe1eb360f94c0cf862c46082b7181b,OK,,1110,PAYLOAD_SUBSTANTIVE,,خچرخش,1395,1395/12/30,separate,audited,original,DETECTED,Sheet1,11,80,1395/12/30,Sheet1!R8C4,مشروط,QUALIFIED_FAIR_WITH_EXCEPTION|HEADING_CELL,Sheet1!R38C12,Sheet1!R39C2,,,1396/02/20,Sheet1!R72C20,,چرخشگر
اکسل های صورت مالی کل زیپ ۱۳۹۲-۱۴۰۲.zip,خچرخش.zip,خچرخش.zip!خچرخش_۱۳۹۶_۱۲_۲۹_separate_ن-۱۰_صورت‌های مالی سال مالی منتهی به ۱۳۹۶_۱۲_۲۹ (حسابرسی شده).xlsx,خچرخش_۱۳۹۶_۱۲_۲۹_separate_ن-۱۰_صورت‌های مالی سال مالی منتهی به ۱۳۹۶_۱۲_۲۹ (حسابرسی شده).xlsx,OLE2_LEGACY_EXCEL,.xlsx,83968,bd05b26c919bfb207e5e6be45df52b15dd3cfd1dfa20a69cdd5bde83cbd59751,OK,,708,PAYLOAD_SUBSTANTIVE,,خچرخش,1396,1396/12/29,separate,audited,original,DETECTED,Sheet1,11,75,1396/12/29,Sheet1!R8C4,مقبول,UNQUALIFIED_FAIR_FORMULA|HEADING_CELL,Sheet1!R30C12,Sheet1!R31C2,,,1397/02/11,Sheet1!R67C20,,چرخشگر
اکسل های صورت مالی کل زیپ ۱۳۹۲-۱۴۰۲.zip,خچرخش.zip,خچرخش.zip!خچرخش_۱۳۹۷_۱۲_۲۹_separate_ن-۱۰_صورت‌های مالی سال مالی منتهی به ۱۳۹۷_۱۲_۲۹ (حسابرسی شده).xlsx,خچرخش_۱۳۹۷_۱۲_۲۹_separate_ن-۱۰_صورت‌های مالی سال مالی منتهی به ۱۳۹۷_۱۲_۲۹ (حسابرسی شده).xlsx,HTML_MISLABELED_XLSX,.xlsx,113530,b9a6cf42be3dd5d3a29d293c639820eee7544dafd3fa9a25a329925e9c17a72f,OK,,495,PAYLOAD_SUBSTANTIVE,,خچرخش,1397,1397/12/29,separate,audited,original,NOT_DETECTED,,,,1397/12/29,HTML_TABLE_1!R1C2,,,,,,NO_AUDITOR_BLOCK_DETECTED,,,NO_AUDITOR_BLOCK_DETECTED,
اکسل های صورت مالی کل زیپ ۱۳۹۲-۱۴۰۲.zip,خچرخش.zip,خچرخش.zip!خچرخش_۱۳۹۸_۱۲_۲۹_consolidated_ن-۱۰_صورت‌های مالی تلفیقی سال مالی منتهی به ۱۳۹۸_۱۲_۲۹ (حسابرسی شده).xlsx,خچرخش_۱۳۹۸_۱۲_۲۹_consolidated_ن-۱۰_صورت‌های مالی تلفیقی سال مالی منتهی به ۱۳۹۸_۱۲_۲۹ (حسابرسی شده).xlsx,HTML_MISLABELED_XLSX,.xlsx,558518,e11e2805bf453d51d5bd9174b8a59b83d4d24dc3c8d04b255cfc0fb47511845d,OK,,2678,PAYLOAD_SUBSTANTIVE,,خچرخش,1398,1398/12/29,consolidated,audited,original,NOT_DETECTED,,,,1398/12/29,HTML_TABLE_1!R1C3,,,,,,NO_AUDITOR_BLOCK_DETECTED,,,NO_AUDITOR_BLOCK_DETECTED,
اکسل های صورت مالی کل زیپ ۱۳۹۲-۱۴۰۲.zip,خچرخش.zip,خچرخش.zip!خچرخش_۱۳۹۹_۱۲_۳۰_consolidated_ن-۱۰_صورت‌های مالی تلفیقی سال مالی منتهی به ۱۳۹۹_۱۲_۳۰ (حسابرسی شده).xlsx,خچرخش_۱۳۹۹_۱۲_۳۰_consolidated_ن-۱۰_صورت‌های مالی تلفیقی سال مالی منتهی به ۱۳۹۹_۱۲_۳۰ (حسابرسی شده).xlsx,HTML_MISLABELED_XLSX,.xlsx,489029,1cc6ee4bddabd4c2604f933735b4ff9a999e2a4c6ac80f6a04e45cf31e154a4e,OK,,2301,PAYLOAD_SUBSTANTIVE,,خچرخش,1399,1399/12/30,consolidated,audited,original,NOT_DETECTED,,,,1399/12/30,HTML_TABLE_1!R1C2,,,,,,NO_AUDITOR_BLOCK_DETECTED,,,NO_AUDITOR_BLOCK_DETECTED,
اکسل های صورت مالی کل زیپ ۱۳۹۲-۱۴۰۲.zip,خچرخش.zip,خچرخش.zip!خچرخش_۱۴۰۰_۱۲_۲۹_consolidated_ن-۱۰_صورت‌های مالی تلفیقی سال مالی منتهی به ۱۴۰۰_۱۲_۲۹ (حسابرسی شده).xlsx,خچرخش_۱۴۰۰_۱۲_۲۹_consolidated_ن-۱۰_صورت‌های مالی تلفیقی سال مالی منتهی به ۱۴۰۰_۱۲_۲۹ (حسابرسی شده).xlsx,HTML_MISLABELED_XLSX,.xlsx,563784,9b5fd63daf9a9140eb31843fd711cd9bd3bfff13c338ba6637ce2b015322929e,OK,,2635,PAYLOAD_SUBSTANTIVE,,خچرخش,1400,1400/12/29,consolidated,audited,original,NOT_DETECTED,,,,1400/12/29,HTML_TABLE_1!R1C2,,,,,,NO_AUDITOR_BLOCK_DETECTED,,,NO_AUDITOR_BLOCK_DETECTED,
اکسل های صورت مالی کل زیپ ۱۳۹۲-۱۴۰۲.zip,خچرخش.zip,خچرخش.zip!خچرخش_۱۴۰۱_۱۲_۲۹_consolidated_ن-۱۰_صورت‌های مالی تلفیقی سال مالی منتهی به ۱۴۰۱_۱۲_۲۹ (حسابرسی شده).xlsx,خچرخش_۱۴۰۱_۱۲_۲۹_consolidated_ن-۱۰_صورت‌های مالی تلفیقی سال مالی منتهی به ۱۴۰۱_۱۲_۲۹ (حسابرسی شده).xlsx,HTML_MISLABELED_XLSX,.xlsx,652962,6642bb0c8eabfc16504704a9442956ccc54c1080c6185c8616a18c91d4f967e7,OK,,2953,PAYLOAD_SUBSTANTIVE,,خچرخش,1401,1401/12/29,consolidated,audited,original,NOT_DETECTED,,,,1401/12/29,HTML_TABLE_1!R1C2,,,,,,NO_AUDITOR_BLOCK_DETECTED,,,NO_AUDITOR_BLOCK_DETECTED,لاستیک پارس
اکسل های صورت مالی کل زیپ ۱۳۹۲-۱۴۰۲.zip,خچرخش.zip,خچرخش.zip!خچرخش_۱۴۰۲_۱۲_۲۹_consolidated_ن-۱۰_صورت‌های مالی تلفیقی سال مالی منتهی به ۱۴۰۲_۱۲_۲۹ (حسابرسی شده).xlsx,خچرخش_۱۴۰۲_۱۲_۲۹_consolidated_ن-۱۰_صورت‌های مالی تلفیقی سال مالی منتهی به ۱۴۰۲_۱۲_۲۹ (حسابرسی شده).xlsx,HTML_MISLABELED_XLSX,.xlsx,632997,38886a340ed95f5b9510def379f456d83bf49d8da2e9bd46d7c26dc070838f13,OK,,2858,PAYLOAD_SUBSTANTIVE,,خچرخش,1402,1402/12/29,consolidated,audited,original,NOT_DETECTED,,,,1402/12/29,HTML_TABLE_1!R1C2,,,,,,NO_AUDITOR_BLOCK_DETECTED,,,NO_AUDITOR_BLOCK_DETECTED,لاستیک پارس
اکسل های صورت مالی کل زیپ ۱۳۹۲-۱۴۰۲.zip,خرينگ.zip,خرينگ.zip!خرينگ_۱۳۹۱_۱۲_۳۰_separate_ن-۱۰_صورتهای مالی سال مالی منتهی به ۱۳۹۱_۱۲_۳۰ (حسابرسی شده).xlsx,خرينگ_۱۳۹۱_۱۲_۳۰_separate_ن-۱۰_صورتهای مالی سال مالی منتهی به ۱۳۹۱_۱۲_۳۰ (حسابرسی شده).xlsx,OLE2_LEGACY_EXCEL,.xlsx,61952,f864ab4a22090a4aac2cc73219aebe1f6cd22b188ca9edf75d10142f8e0e623b,OK,,510,PAYLOAD_SUBSTANTIVE,,خرینگ,1391,1391/12/30,separate,audited,original,DETECTED,Sheet1,9,74,1391/12/30,Sheet1!R6C4,مشروط,QUALIFIED_FAIR_WITH_EXCEPTION|HEADING_CELL,Sheet1!R35C14,Sheet1!R36C2,,,1392/03/11,Sheet1!R67C23,,رینگ سازی مشهد
اکسل های صورت مالی کل زیپ ۱۳۹۲-۱۴۰۲.zip,خرينگ.zip,خرينگ.zip!خرينگ_۱۳۹۲_۱۲_۲۹_separate_ن-۱۰_صورتهای مالی سال مالی منتهی به ۱۳۹۲_۱۲_۲۹ (حسابرسی شده).xlsx,خرينگ_۱۳۹۲_۱۲_۲۹_separate_ن-۱۰_صورتهای مالی سال مالی منتهی به ۱۳۹۲_۱۲_۲۹ (حسابرسی شده).xlsx,OLE2_LEGACY_EXCEL,.xlsx,73216,1c8c0fc7b93a770354a76ba2810888ea554e55d6eb6447b58f1cc3a332418396,OK,,620,PAYLOAD_SUBSTANTIVE,,خرینگ,1392,1392/12/29,separate,audited,original,DETECTED,Sheet1,9,63,1392/12/29,Sheet1!R6C4,مقبول,UNQUALIFIED_FAIR_FORMULA|HEADING_CELL,Sheet1!R28C14,Sheet1!R29C2,,,1393/02/10,Sheet1!R55C23,,رینگ سازی مشهد
اکسل های صورت مالی کل زیپ ۱۳۹۲-۱۴۰۲.zip,خرينگ.zip,خرينگ.zip!خرينگ_۱۳۹۳_۱۲_۲۹_separate_ن-۱۰_صورتهای مالی سال مالی منتهی به ۱۳۹۳_۱۲_۲۹ (حسابرسی شده).xlsx,خرينگ_۱۳۹۳_۱۲_۲۹_separate_ن-۱۰_صورتهای مالی سال مالی منتهی به ۱۳۹۳_۱۲_۲۹ (حسابرسی شده).xlsx,OLE2_LEGACY_EXCEL,.xlsx,72192,6d6f6cbdd327f23ecf47dded1a47209d0624bbe467e9e531b9cc671463983a01,OK,,644,PAYLOAD_SUBSTANTIVE,,خرینگ,1393,1393/12/29,separate,audited,original,DETECTED,Sheet1,9,58,1393/12/29,Sheet1!R6C4,مقبول,UNQUALIFIED_FAIR_FORMULA|HEADING_CELL,Sheet1!R28C14,Sheet1!R29C2,,,1394/02/14,Sheet1!R50C23,,رینگ سازی مشهد
اکسل های صورت مالی کل زیپ ۱۳۹۲-۱۴۰۲.zip,خرينگ.zip,خرينگ.zip!خرينگ_۱۳۹۴_۱۲_۲۹_separate_ن-۱۰_صورت‌های مالی سال مالی منتهی به ۱۳۹۴_۱۲_۲۹ (حسابرسی شده).xlsx,خرينگ_۱۳۹۴_۱۲_۲۹_separate_ن-۱۰_صورت‌های مالی سال مالی منتهی به ۱۳۹۴_۱۲_۲۹ (حسابرسی شده).xlsx,OLE2_LEGACY_EXCEL,.xlsx,82944,c7203271b862fde8c4c7a79aa98c9304ba18a3a925c7ad450649baa7b8773da6,OK,,654,PAYLOAD_SUBSTANTIVE,,خرینگ,1394,1394/12/29,separate,audited,original,DETECTED,Sheet1,9,77,1394/12/29,Sheet1!R6C4,مقبول,UNQUALIFIED_FAIR_FORMULA|HEADING_CELL,Sheet1!R28C14,Sheet1!R29C2,,,1395/02/15,Sheet1!R68C23,,رینگ سازی مشهد
اکسل های صورت مالی کل زیپ ۱۳۹۲-۱۴۰۲.zip,خرينگ.zip,خرينگ.zip!خرينگ_۱۳۹۵_۱۲_۳۰_separate_ن-۱۰_صورت‌های مالی سال مالی منتهی به ۱۳۹۵_۱۲_۳۰ (حسابرسی شده).xlsx,خرينگ_۱۳۹۵_۱۲_۳۰_separate_ن-۱۰_صورت‌های مالی سال مالی منتهی به ۱۳۹۵_۱۲_۳۰ (حسابرسی شده).xlsx,OLE2_LEGACY_EXCEL,.xlsx,83456,024c71304327861757585f5b25051167b5e63f1ec11bcd2ebc3735b44ebfd31c,OK,,706,PAYLOAD_SUBSTANTIVE,,خرینگ,1395,1395/12/30,separate,audited,original,DETECTED,Sheet1,11,74,1395/12/30,Sheet1!R8C4,مقبول,UNQUALIFIED_FAIR_FORMULA|HEADING_CELL,Sheet1!R29C12,Sheet1!R30C2,,,1396/03/04,Sheet1!R65C20,,رینگ سازی مشهد
اکسل های صورت مالی کل زیپ ۱۳۹۲-۱۴۰۲.zip,خرينگ.zip,خرينگ.zip!خرينگ_۱۳۹۶_۱۲_۲۹_separate_ن-۱۰_صورت‌های مالی سال مالی منتهی به ۱۳۹۶_۱۲_۲۹ (حسابرسی شده).xlsx,خرينگ_۱۳۹۶_۱۲_۲۹_separate_ن-۱۰_صورت‌های مالی سال مالی منتهی به ۱۳۹۶_۱۲_۲۹ (حسابرسی شده).xlsx,OLE2_LEGACY_EXCEL,.xlsx,90112,b210826beca2b9471e02f02c1f7342cc8769ef30c9d4110b3dfa47af553a91bc,OK,,709,PAYLOAD_SUBSTANTIVE,,خرینگ,1396,1396/12/29,separate,audited,original,DETECTED,Sheet1,11,89,1396/12/29,Sheet1!R8C4,مشروط,QUALIFIED_FAIR_WITH_EXCEPTION|HEADING_CELL,Sheet1!R43C12,Sheet1!R44C2,,,1397/03/10,Sheet1!R80C20,,رینگ سازی مشهد
اکسل های صورت مالی کل زیپ ۱۳۹۲-۱۴۰۲.zip,خرينگ.zip,خرينگ.zip!خرينگ_۱۳۹۷_۱۲_۲۹_separate_ن-۱۰_صورت‌های مالی سال مالی منتهی به ۱۳۹۷_۱۲_۲۹ (حسابرسی شده).xlsx,خرينگ_۱۳۹۷_۱۲_۲۹_separate_ن-۱۰_صورت‌های مالی سال مالی منتهی به ۱۳۹۷_۱۲_۲۹ (حسابرسی شده).xlsx,HTML_MISLABELED_XLSX,.xlsx,113721,f5baf21b18781c57a4cf53e2472be3c147bdfc7c0b1e05164d051bb0c651cea4,OK,,495,PAYLOAD_SUBSTANTIVE,,خرینگ,1397,1397/12/29,separate,audited,original,NOT_DETECTED,,,,1397/12/29,HTML_TABLE_1!R1C2,,,,,,NO_AUDITOR_BLOCK_DETECTED,,,NO_AUDITOR_BLOCK_DETECTED,
اکسل های صورت مالی کل زیپ ۱۳۹۲-۱۴۰۲.zip,خرينگ.zip,خرينگ.zip!خرينگ_۱۳۹۸_۱۲_۲۹_separate_ن-۱۰_صورت‌های مالی سال مالی منتهی به ۱۳۹۸_۱۲_۲۹ (حسابرسی شده).xlsx,خرينگ_۱۳۹۸_۱۲_۲۹_separate_ن-۱۰_صورت‌های مالی سال مالی منتهی به ۱۳۹۸_۱۲_۲۹ (حسابرسی شده).xlsx,HTML_MISLABELED_XLSX,.xlsx,331983,20a1aff1cb8b4d6f7ed48bef0b914bec56297c5e6194ba1d51691ac828a1a8e1,OK,,1579,PAYLOAD_SUBSTANTIVE,,خرینگ,1398,1398/12/29,separate,audited,original,NOT_DETECTED,,,,1398/12/29,HTML_TABLE_1!R1C2,,,,,,NO_AUDITOR_BLOCK_DETECTED,,,NO_AUDITOR_BLOCK_DETECTED,
اکسل های صورت مالی کل زیپ ۱۳۹۲-۱۴۰۲.zip,خرينگ.zip,خرينگ.zip!خرينگ_۱۳۹۹_۱۲_۳۰_separate_ن-۱۰_صورت‌های مالی سال مالی منتهی به ۱۳۹۹_۱۲_۳۰ (حسابرسی شده).xlsx,خرينگ_۱۳۹۹_۱۲_۳۰_separate_ن-۱۰_صورت‌های مالی سال مالی منتهی به ۱۳۹۹_۱۲_۳۰ (حسابرسی شده).xlsx,HTML_MISLABELED_XLSX,.xlsx,335302,108279f0dd7fb038a8aa188fdfcdbbdbae5d3ab1ac6fe47274776bfd0d47323d,OK,,1617,PAYLOAD_SUBSTANTIVE,,خرینگ,1399,1399/12/30,separate,audited,original,NOT_DETECTED,,,,1399/12/30,HTML_TABLE_1!R1C2,,,,,,NO_AUDITOR_BLOCK_DETECTED,,,NO_AUDITOR_BLOCK_DETECTED,
اکسل های صورت مالی کل زیپ ۱۳۹۲-۱۴۰۲.zip,خرينگ.zip,خرينگ.zip!خرينگ_۱۴۰۰_۱۲_۲۹_separate_ن-۱۰_صورت‌های مالی سال مالی منتهی به ۱۴۰۰_۱۲_۲۹ (حسابرسی شده).xlsx,خرينگ_۱۴۰۰_۱۲_۲۹_separate_ن-۱۰_صورت‌های مالی سال مالی منتهی به ۱۴۰۰_۱۲_۲۹ (حسابرسی شده).xlsx,HTML_MISLABELED_XLSX,.xlsx,417263,2e9a0aee4f65a6ef4199e4535803292b1d0485f3909449b401928602db5d1ec9,OK,,2028,PAYLOAD_SUBSTANTIVE,,خرینگ,1400,1400/12/29,separate,audited,original,NOT_DETECTED,,,,1400/12/29,HTML_TABLE_1!R1C2,,,,,,NO_AUDITOR_BLOCK_DETECTED,,,NO_AUDITOR_BLOCK_DETECTED,
اکسل های صورت مالی کل زیپ ۱۳۹۲-۱۴۰۲.zip,خرينگ.zip,خرينگ.zip!خرينگ_۱۴۰۱_۱۲_۲۹_separate_ن-۱۰_صورت‌های مالی سال مالی منتهی به ۱۴۰۱_۱۲_۲۹ (حسابرسی شده).xlsx,خرينگ_۱۴۰۱_۱۲_۲۹_separate_ن-۱۰_صورت‌های مالی سال مالی منتهی به ۱۴۰۱_۱۲_۲۹ (حسابرسی شده).xlsx,HTML_MISLABELED_XLSX,.xlsx,452492,cd1442e0921a6a4f35f4e9306b53dd6c972be1a83f5db410bd357f5c88a1f91d,OK,,2190,PAYLOAD_SUBSTANTIVE,,خرینگ,1401,1401/12/29,separate,audited,original,NOT_DETECTED,,,,1401/12/29,HTML_TABLE_1!R1C2,,,,,,NO_AUDITOR_BLOCK_DETECTED,,,NO_AUDITOR_BLOCK_DETECTED,پویا گستر خراسان
اکسل های صورت مالی کل زیپ ۱۳۹۲-۱۴۰۲.zip,خرينگ.zip,خرينگ.zip!خرينگ_۱۴۰۲_۱۲_۲۹_separate_ن-۱۰_صورت‌های مالی سال مالی منتهی به ۱۴۰۲_۱۲_۲۹ (حسابرسی شده).xlsx,خرينگ_۱۴۰۲_۱۲_۲۹_separate_ن-۱۰_صورت‌های مالی سال مالی منتهی به ۱۴۰۲_۱۲_۲۹ (حسابرسی شده).xlsx,HTML_MISLABELED_XLSX,.xlsx,451802,867b8d3c04748d91b3fac5497e2d682d1e8a2e09c5c10fa8f3424b9f8615c62e,OK,,2201,PAYLOAD_SUBSTANTIVE,,خرینگ,1402,1402/12/29,separate,audited,original,NOT_DETECTED,,,,1402/12/29,HTML_TABLE_1!R1C2,,,,,,NO_AUDITOR_BLOCK_DETECTED,,,NO_AUDITOR_BLOCK_DETECTED,
اکسل های صورت مالی کل زیپ ۱۳۹۲-۱۴۰۲.zip,خرينگ.zip,خرينگ.zip!خرينگ_۱۴۰۲_۱۲_۲۹_separate_ن-۱۰_صورت‌های مالی سال مالی منتهی به ۱۴۰۲_۱۲_۲۹ (حسابرسی شده)(اصلاحیه).xlsx,خرينگ_۱۴۰۲_۱۲_۲۹_separate_ن-۱۰_صورت‌های مالی سال مالی منتهی به ۱۴۰۲_۱۲_۲۹ (حسابرسی شده)(اصلاحیه).xlsx,HTML_MISLABELED_XLSX,.xlsx,452580,b9bac8e9c36cb7bb17d4dacc07b0a18fd83db5319e78a55211c0317c36443d99,OK,,2206,PAYLOAD_SUBSTANTIVE,,خرینگ,1402,1402/12/29,separate,audited,correction,NOT_DETECTED,,,,1402/12/29,HTML_TABLE_1!R1C2,,,,,,NO_AUDITOR_BLOCK_DETECTED,,,NO_AUDITOR_BLOCK_DETECTED,
اکسل های صورت مالی کل زیپ ۱۳۹۲-۱۴۰۲.zip,خكمك.zip,خكمك.zip!خكمك_۱۳۹۱_۱۲_۳۰_separate_ن-۱۰_صورتهای مالی سال مالی منتهی به ۱۳۹۱_۱۲_۳۰ (حسابرسی شده).xlsx,خكمك_۱۳۹۱_۱۲_۳۰_separate_ن-۱۰_صورتهای مالی سال مالی منتهی به ۱۳۹۱_۱۲_۳۰ (حسابرسی شده).xlsx,OLE2_LEGACY_EXCEL,.xlsx,59392,8628a534922c89d5406f5fd99d0e5f3121d6e704f93b952fccbebe2a2824344f,OK,,511,PAYLOAD_SUBSTANTIVE,,خکمک,1391,1391/12/30,separate,audited,original,DETECTED,Sheet1,9,70,1391/12/30,Sheet1!R6C4,مقبول,UNQUALIFIED_FAIR_FORMULA|HEADING_CELL,Sheet1!R27C14,Sheet1!R28C2,,,1392/02/28,Sheet1!R62C23,,کارخانجات کمک فنر ایندامین سایپا
اکسل های صورت مالی کل زیپ ۱۳۹۲-۱۴۰۲.zip,خكمك.zip,خكمك.zip!خكمك_۱۳۹۲_۱۲_۲۹_separate_ن-۱۰_صورتهای مالی سال مالی منتهی به ۱۳۹۲_۱۲_۲۹ (حسابرسی شده).xlsx,خكمك_۱۳۹۲_۱۲_۲۹_separate_ن-۱۰_صورتهای مالی سال مالی منتهی به ۱۳۹۲_۱۲_۲۹ (حسابرسی شده).xlsx,OLE2_LEGACY_EXCEL,.xlsx,74240,6fe84014fcdb768f38c964091672f4674716a7d969824cb7c38913f604fdbd5b,OK,,622,PAYLOAD_SUBSTANTIVE,,خکمک,1392,1392/12/29,separate,audited,original,DETECTED,Sheet1,9,65,1392/12/29,Sheet1!R6C4,مقبول,UNQUALIFIED_FAIR_FORMULA|HEADING_CELL,Sheet1!R28C14,Sheet1!R29C2,,,1393/03/07,Sheet1!R57C23,,کارخانجات کمک فنر ایندامین سایپا
اکسل های صورت مالی کل زیپ ۱۳۹۲-۱۴۰۲.zip,خكمك.zip,خكمك.zip!خكمك_۱۳۹۳_۱۲_۲۹_separate_ن-۱۰_صورتهای مالی سال مالی منتهی به ۱۳۹۳_۱۲_۲۹ (حسابرسی شده).xlsx,خكمك_۱۳۹۳_۱۲_۲۹_separate_ن-۱۰_صورتهای مالی سال مالی منتهی به ۱۳۹۳_۱۲_۲۹ (حسابرسی شده).xlsx,OLE2_LEGACY_EXCEL,.xlsx,73728,7f59ac4c6998590601b2118d61265b048cf297464579fb7f468287bb3c9b19a0,OK,,644,PAYLOAD_SUBSTANTIVE,,خکمک,1393,1393/12/29,separate,audited,original,DETECTED,Sheet1,9,62,1393/12/29,Sheet1!R6C4,مقبول,UNQUALIFIED_FAIR_FORMULA|HEADING_CELL,Sheet1!R28C14,Sheet1!R29C2,,,1394/04/02,Sheet1!R54C23,,کارخانجات کمک فنر ایندامین سایپا
اکسل های صورت مالی کل زیپ ۱۳۹۲-۱۴۰۲.zip,خكمك.zip,خكمك.zip!خكمك_۱۳۹۴_۱۲_۲۹_separate_ن-۱۰_صورت‌های مالی سال مالی منتهی به ۱۳۹۴_۱۲_۲۹ (حسابرسی شده).xlsx,خكمك_۱۳۹۴_۱۲_۲۹_separate_ن-۱۰_صورت‌های مالی سال مالی منتهی به ۱۳۹۴_۱۲_۲۹ (حسابرسی شده).xlsx,OLE2_LEGACY_EXCEL,.xlsx,82944,5e70a383e18d9c9f7a562e20bc98d321f1cd2573497eb31b1bfe0647577ed3e5,OK,,707,PAYLOAD_SUBSTANTIVE,,خکمک,1394,1394/12/29,separate,audited,original,DETECTED,Sheet1,9,64,1394/12/29,Sheet1!R6C4,مشروط,QUALIFIED_FAIR_WITH_EXCEPTION|HEADING_CELL,Sheet1!R33C14,Sheet1!R35C2,,,1395/03/12,Sheet1!R56C23,,کارخانجات کمک فنر ایندامین سایپا
اکسل های صورت مالی کل زیپ ۱۳۹۲-۱۴۰۲.zip,خكمك.zip,خكمك.zip!خكمك_۱۳۹۵_۱۲_۳۰_separate_ن-۱۰_صورت‌های مالی سال مالی منتهی به ۱۳۹۵_۱۲_۳۰ (حسابرسی شده).xlsx,خكمك_۱۳۹۵_۱۲_۳۰_separate_ن-۱۰_صورت‌های مالی سال مالی منتهی به ۱۳۹۵_۱۲_۳۰ (حسابرسی شده).xlsx,OLE2_LEGACY_EXCEL,.xlsx,76800,9c9719b0f8a7c13d83c896e5bb45d326cce4f39a5b07f8bff162d11dbaba2c4c,OK,,690,PAYLOAD_SUBSTANTIVE,,خکمک,1395,1395/12/30,separate,audited,original,DETECTED,Sheet1,11,58,1395/12/30,Sheet1!R8C4,مقبول,UNQUALIFIED_FAIR_FORMULA|HEADING_CELL,Sheet1!R29C12,Sheet1!R30C2,,,1396/03/29,Sheet1!R50C20,,کارخانجات کمک فنر ایندامین سایپا
اکسل های صورت مالی کل زیپ ۱۳۹۲-۱۴۰۲.zip,خكمك.zip,خكمك.zip!خكمك_۱۳۹۶_۱۲_۲۹_separate_ن-۱۰_صورت‌های مالی سال مالی منتهی به ۱۳۹۶_۱۲_۲۹ (حسابرسی شده).xlsx,خكمك_۱۳۹۶_۱۲_۲۹_separate_ن-۱۰_صورت‌های مالی سال مالی منتهی به ۱۳۹۶_۱۲_۲۹ (حسابرسی شده).xlsx,OLE2_LEGACY_EXCEL,.xlsx,80384,b5c70109b324602058012e665c716f0d8d248e50838a75ab5c517aaf6d30c3fa,OK,,695,PAYLOAD_SUBSTANTIVE,,خکمک,1396,1396/12/29,separate,audited,original,DETECTED,Sheet1,11,67,1396/12/29,Sheet1!R8C4,مقبول,UNQUALIFIED_FAIR_FORMULA|HEADING_CELL,Sheet1!R28C12,Sheet1!R29C2,,,1397/03/20,Sheet1!R58C20,,کارخانجات کمک فنر ایندامین سایپا
اکسل های صورت مالی کل زیپ ۱۳۹۲-۱۴۰۲.zip,خكمك.zip,خكمك.zip!خكمك_۱۳۹۷_۱۲_۲۹_separate_ن-۱۰_صورت‌های مالی سال مالی منتهی به ۱۳۹۷_۱۲_۲۹ (حسابرسی شده).xlsx,خكمك_۱۳۹۷_۱۲_۲۹_separate_ن-۱۰_صورت‌های مالی سال مالی منتهی به ۱۳۹۷_۱۲_۲۹ (حسابرسی شده).xlsx,HTML_MISLABELED_XLSX,.xlsx,113649,98c8f5a9a1e826013a4732baec9a6cdb8554255c4eca94c0e2456a6dbba8efe6,OK,,495,PAYLOAD_SUBSTANTIVE,,خکمک,1397,1397/12/29,separate,audited,original,NOT_DETECTED,,,,1397/12/29,HTML_TABLE_1!R1C2,,,,,,NO_AUDITOR_BLOCK_DETECTED,,,NO_AUDITOR_BLOCK_DETECTED,
اکسل های صورت مالی کل زیپ ۱۳۹۲-۱۴۰۲.zip,خكمك.zip,خكمك.zip!خكمك_۱۳۹۸_۱۲_۲۹_separate_ن-۱۰_صورت‌های مالی سال مالی منتهی به ۱۳۹۸_۱۲_۲۹ (حسابرسی شده).xlsx,خكمك_۱۳۹۸_۱۲_۲۹_separate_ن-۱۰_صورت‌های مالی سال مالی منتهی به ۱۳۹۸_۱۲_۲۹ (حسابرسی شده).xlsx,HTML_MISLABELED_XLSX,.xlsx,299605,a94724dc6feb2798929400bbc42c68ec815e4d0217583135cc933163ad17ba0f,OK,,1400,PAYLOAD_SUBSTANTIVE,,خکمک,1398,1398/12/29,separate,audited,original,NOT_DETECTED,,,,1398/12/29,HTML_TABLE_1!R1C2,,,,,,NO_AUDITOR_BLOCK_DETECTED,,,NO_AUDITOR_BLOCK_DETECTED,
اکسل های صورت مالی کل زیپ ۱۳۹۲-۱۴۰۲.zip,خكمك.zip,خكمك.zip!خكمك_۱۳۹۹_۱۲_۳۰_separate_ن-۱۰_صورت‌های مالی سال مالی منتهی به ۱۳۹۹_۱۲_۳۰ (حسابرسی شده).xlsx,خكمك_۱۳۹۹_۱۲_۳۰_separate_ن-۱۰_صورت‌های مالی سال مالی منتهی به ۱۳۹۹_۱۲_۳۰ (حسابرسی شده).xlsx,HTML_MISLABELED_XLSX,.xlsx,299221,7467dd7384c72b31c25a449c516713f08a3a1f9faa67c7b1348de0608c2ff0d2,OK,,1401,PAYLOAD_SUBSTANTIVE,,خکمک,1399,1399/12/30,separate,audited,original,NOT_DETECTED,,,,1399/12/30,HTML_TABLE_1!R1C2,,,,,,NO_AUDITOR_BLOCK_DETECTED,,,NO_AUDITOR_BLOCK_DETECTED,
اکسل های صورت مالی کل زیپ ۱۳۹۲-۱۴۰۲.zip,خكمك.zip,خكمك.zip!خكمك_۱۴۰۰_۱۲_۲۹_separate_ن-۱۰_صورت‌های مالی سال مالی منتهی به ۱۴۰۰_۱۲_۲۹ (حسابرسی شده).xlsx,خكمك_۱۴۰۰_۱۲_۲۹_separate_ن-۱۰_صورت‌های مالی سال مالی منتهی به ۱۴۰۰_۱۲_۲۹ (حسابرسی شده).xlsx,HTML_MISLABELED_XLSX,.xlsx,357072,b9221e73f7dcfae1e7135430bb2a91c85af16f882059819fc162b26ac0fb21ff,OK,,1619,PAYLOAD_SUBSTANTIVE,,خکمک,1400,1400/12/29,separate,audited,original,NOT_DETECTED,,,,1400/12/29,HTML_TABLE_1!R1C2,,,,,,NO_AUDITOR_BLOCK_DETECTED,,,NO_AUDITOR_BLOCK_DETECTED,
اکسل های صورت مالی کل زیپ ۱۳۹۲-۱۴۰۲.zip,خكمك.zip,خكمك.zip!خكمك_۱۴۰۱_۱۲_۲۹_separate_ن-۱۰_صورت‌های مالی سال مالی منتهی به ۱۴۰۱_۱۲_۲۹ (حسابرسی شده).xlsx,خكمك_۱۴۰۱_۱۲_۲۹_separate_ن-۱۰_صورت‌های مالی سال مالی منتهی به ۱۴۰۱_۱۲_۲۹ (حسابرسی شده).xlsx,HTML_MISLABELED_XLSX,.xlsx,398845,96644343c68d298dbe533c47cc73c27668f73943f0cd6d2ec6dec6ab398ab24f,OK,,1818,PAYLOAD_SUBSTANTIVE,,خکمک,1401,1401/12/29,separate,audited,original,NOT_DETECTED,,,,1401/12/29,HTML_TABLE_1!R1C2,,,,,,NO_AUDITOR_BLOCK_DETECTED,,,NO_AUDITOR_BLOCK_DETECTED,
اکسل های صورت مالی کل زیپ ۱۳۹۲-۱۴۰۲.zip,خكمك.zip,خكمك.zip!خكمك_۱۴۰۲_۱۲_۲۹_separate_ن-۱۰_صورت‌های مالی سال مالی منتهی به ۱۴۰۲_۱۲_۲۹ (حسابرسی شده).xlsx,خكمك_۱۴۰۲_۱۲_۲۹_separate_ن-۱۰_صورت‌های مالی سال مالی منتهی به ۱۴۰۲_۱۲_۲۹ (حسابرسی شده).xlsx,HTML_MISLABELED_XLSX,.xlsx,411854,ce3a1df6d7e2078e160201ab27e90bc7433b71bf4be69c5c5e4a7d7d3c3df5b8,OK,,1887,PAYLOAD_SUBSTANTIVE,,خکمک,1402,1402/12/29,separate,audited,original,NOT_DETECTED,,,,1402/12/29,HTML_TABLE_1!R1C2,,,,,,NO_AUDITOR_BLOCK_DETECTED,,,NO_AUDITOR_BLOCK_DETECTED,
اکسل های صورت مالی کل زیپ ۱۳۹۲-۱۴۰۲.zip,خكمك.zip,خكمك.zip!خكمك_۱۴۰۲_۱۲_۲۹_separate_ن-۱۰_صورت‌های مالی سال مالی منتهی به ۱۴۰۲_۱۲_۲۹ (حسابرسی شده)(اصلاحیه).xlsx,خكمك_۱۴۰۲_۱۲_۲۹_separate_ن-۱۰_صورت‌های مالی سال مالی منتهی به ۱۴۰۲_۱۲_۲۹ (حسابرسی شده)(اصلاحیه).xlsx,HTML_MISLABELED_XLSX,.xlsx,412402,19db4fd4f22857d93d7d3ff2f4f17cf330d3dbebfc9a0e75a74f93a9f283aba2,OK,,1887,PAYLOAD_SUBSTANTIVE,,خکمک,1402,1402/12/29,separate,audited,correction,NOT_DETECTED,,,,1402/12/29,HTML_TABLE_1!R1C2,,,,,,NO_AUDITOR_BLOCK_DETECTED,,,NO_AUDITOR_BLOCK_DETECTED,
اکسل های صورت مالی کل زیپ ۱۳۹۲-۱۴۰۲.zip,خمحور.zip,خمحور.zip!خمحور_۱۳۸۷_۱۲_۳۰_separate_ن-۱۰_صورتهای مالی سال مالی منتهی به ۱۳۸۷_۱۲_۳۰ (حسابرسی شده).xlsx,خمحور_۱۳۸۷_۱۲_۳۰_separate_ن-۱۰_صورتهای مالی سال مالی منتهی به ۱۳۸۷_۱۲_۳۰ (حسابرسی شده).xlsx,OLE2_LEGACY_EXCEL,.xlsx,43008,1c52a9203aa2dbf87a173696b4437aa514db3bcc162becef9090967e840b3bc5,OK,,428,PAYLOAD_SUBSTANTIVE,,خمحور,1387,1387/12/30,separate,audited,original,DETECTED,Sheet1,9,27,1387/12/30,Sheet1!R6C4,مشروط,STRUCTURED_FIELD_نظر_حسابرس,Sheet1!R14C23,Sheet1!R13C1,,,,,DATE_ANCHOR_IN_BLOCK_BUT_NO_PARSEABLE_DATE_ADJACENT,
اکسل های صورت مالی کل زیپ ۱۳۹۲-۱۴۰۲.zip,خمحور.zip,خمحور.zip!خمحور_۱۳۹۱_۱۲_۳۰_separate_ن-۱۰_صورتهای مالی سال مالی منتهی به ۱۳۹۱_۱۲_۳۰ (حسابرسی شده).xlsx,خمحور_۱۳۹۱_۱۲_۳۰_separate_ن-۱۰_صورتهای مالی سال مالی منتهی به ۱۳۹۱_۱۲_۳۰ (حسابرسی شده).xlsx,OLE2_LEGACY_EXCEL,.xlsx,66048,bf2028e9fa1732d3f4c54c3621de7219cd7a5f3aced2e896ed4f190826e7bbef,OK,,459,PAYLOAD_SUBSTANTIVE,,خمحور,1391,1391/12/30,separate,audited,original,DETECTED,Sheet1,9,85,1391/12/30,Sheet1!R6C4,مشروط,QUALIFIED_FAIR_WITH_EXCEPTION|HEADING_CELL,Sheet1!R39C14,Sheet1!R40C2,,,1392/02/10,Sheet1!R77C23,,تولید محور خودرو
اکسل های صورت مالی کل زیپ ۱۳۹۲-۱۴۰۲.zip,خمحور.zip,خمحور.zip!خمحور_۱۳۹۲_۱۲_۲۹_separate_ن-۱۰_صورتهای مالی سال مالی منتهی به ۱۳۹۲_۱۲_۲۹ (حسابرسی شده).xlsx,خمحور_۱۳۹۲_۱۲_۲۹_separate_ن-۱۰_صورتهای مالی سال مالی منتهی به ۱۳۹۲_۱۲_۲۹ (حسابرسی شده).xlsx,OLE2_LEGACY_EXCEL,.xlsx,73216,3f3f729d65e05a1d10921d8a449aa7fae80f4391cd4fe52210633c15f4bd1df0,OK,,579,PAYLOAD_SUBSTANTIVE,,خمحور,1392,1392/12/29,separate,audited,original,DETECTED,Sheet1,9,79,1392/12/29,Sheet1!R6C4,مشروط,QUALIFIED_FAIR_WITH_EXCEPTION|HEADING_CELL,Sheet1!R32C14,Sheet1!R34C2,,,1393/02/09,Sheet1!R70C23,,تولید محور خودرو
اکسل های صورت مالی کل زیپ ۱۳۹۲-۱۴۰۲.zip,خمحور.zip,خمحور.zip!خمحور_۱۳۹۳_۱۲_۲۹_separate_ن-۱۰_صورتهای مالی سال مالی منتهی به ۱۳۹۳_۱۲_۲۹ (حسابرسی شده).xlsx,خمحور_۱۳۹۳_۱۲_۲۹_separate_ن-۱۰_صورتهای مالی سال مالی منتهی به ۱۳۹۳_۱۲_۲۹ (حسابرسی شده).xlsx,OLE2_LEGACY_EXCEL,.xlsx,72192,bb5c8ea4b089c3f1e9034bad3bc9819485e5fef5134597bdcbd81b9f8f8cdcec,OK,,620,PAYLOAD_SUBSTANTIVE,,خمحور,1393,1393/12/29,separate,audited,original,DETECTED,Sheet1,9,66,1393/12/29,Sheet1!R6C4,مشروط,QUALIFIED_FAIR_WITH_EXCEPTION|HEADING_CELL,Sheet1!R32C14,Sheet1!R34C2,,,1394/02/15,Sheet1!R57C23,,تولید محور خودرو
اکسل های صورت مالی کل زیپ ۱۳۹۲-۱۴۰۲.zip,خمحور.zip,خمحور.zip!خمحور_۱۳۹۴_۱۲_۲۹_separate_ن-۱۰_صورت‌های مالی سال مالی منتهی به ۱۳۹۴_۱۲_۲۹ (حسابرسی شده).xlsx,خمحور_۱۳۹۴_۱۲_۲۹_separate_ن-۱۰_صورت‌های مالی سال مالی منتهی به ۱۳۹۴_۱۲_۲۹ (حسابرسی شده).xlsx,OLE2_LEGACY_EXCEL,.xlsx,72192,6918d20e570e58411415a7c7acef78d5967862b13beaa2f028641485979b13f8,OK,,623,PAYLOAD_SUBSTANTIVE,,خمحور,1394,1394/12/29,separate,audited,original,DETECTED,Sheet1,11,58,1394/12/29,Sheet1!R8C4,مقبول,UNQUALIFIED_FAIR_FORMULA|HEADING_CELL,Sheet1!R29C12,Sheet1!R30C2,,,1395/02/14,Sheet1!R49C20,,تولید محور خودرو
اکسل های صورت مالی کل زیپ ۱۳۹۲-۱۴۰۲.zip,خمحور.zip,خمحور.zip!خمحور_۱۳۹۵_۱۲_۳۰_separate_ن-۱۰_صورت‌های مالی سال مالی منتهی به ۱۳۹۵_۱۲_۳۰ (حسابرسی شده).xlsx,خمحور_۱۳۹۵_۱۲_۳۰_separate_ن-۱۰_صورت‌های مالی سال مالی منتهی به ۱۳۹۵_۱۲_۳۰ (حسابرسی شده).xlsx,OLE2_LEGACY_EXCEL,.xlsx,77312,31ab8dd73c296d4a23343ca74bd52c117f58193d1d1a046d235f5e43517d486b,OK,,663,PAYLOAD_SUBSTANTIVE,,خمحور,1395,1395/12/30,separate,audited,original,DETECTED,Sheet1,11,63,1395/12/30,Sheet1!R8C4,مقبول,UNQUALIFIED_FAIR_FORMULA|HEADING_CELL,Sheet1!R29C12,Sheet1!R30C2,,,1396/02/09,Sheet1!R54C20,,تولید محور خودرو
اکسل های صورت مالی کل زیپ ۱۳۹۲-۱۴۰۲.zip,خمحور.zip,خمحور.zip!خمحور_۱۳۹۶_۱۲_۲۹_separate_ن-۱۰_صورت‌های مالی سال مالی منتهی به ۱۳۹۶_۱۲_۲۹ (حسابرسی شده).xlsx,خمحور_۱۳۹۶_۱۲_۲۹_separate_ن-۱۰_صورت‌های مالی سال مالی منتهی به ۱۳۹۶_۱۲_۲۹ (حسابرسی شده).xlsx,HTML_MISLABELED_XLSX,.xlsx,118507,187f67b4a59fbb2ff72936891f2755648f63be17d55c068de75b9e3ae71126c7,OK,,563,PAYLOAD_SUBSTANTIVE,,خمحور,1396,1396/12/29,separate,audited,original,NOT_DETECTED,,,,1396/12/29,HTML_TABLE_1!R1C2,,,,,,NO_AUDITOR_BLOCK_DETECTED,,,NO_AUDITOR_BLOCK_DETECTED,
اکسل های صورت مالی کل زیپ ۱۳۹۲-۱۴۰۲.zip,خمحور.zip,خمحور.zip!خمحور_۱۳۹۷_۱۲_۲۹_separate_ن-۱۰_صورت‌های مالی سال مالی منتهی به ۱۳۹۷_۱۲_۲۹ (حسابرسی شده).xlsx,خمحور_۱۳۹۷_۱۲_۲۹_separate_ن-۱۰_صورت‌های مالی سال مالی منتهی به ۱۳۹۷_۱۲_۲۹ (حسابرسی شده).xlsx,HTML_MISLABELED_XLSX,.xlsx,113556,1103255fe2aee5225fbf8a3b682a39b91bad640995b7a385282665ff58ad0473,OK,,495,PAYLOAD_SUBSTANTIVE,,خمحور,1397,1397/12/29,separate,audited,original,NOT_DETECTED,,,,1397/12/29,HTML_TABLE_1!R1C2,,,,,,NO_AUDITOR_BLOCK_DETECTED,,,NO_AUDITOR_BLOCK_DETECTED,
اکسل های صورت مالی کل زیپ ۱۳۹۲-۱۴۰۲.zip,خمحور.zip,خمحور.zip!خمحور_۱۳۹۸_۱۲_۲۹_separate_ن-۱۰_صورت‌های مالی سال مالی منتهی به ۱۳۹۸_۱۲_۲۹ (حسابرسی شده).xlsx,خمحور_۱۳۹۸_۱۲_۲۹_separate_ن-۱۰_صورت‌های مالی سال مالی منتهی به ۱۳۹۸_۱۲_۲۹ (حسابرسی شده).xlsx,HTML_MISLABELED_XLSX,.xlsx,312657,e7e3572eeb5d8b81fef87e2ee8a9f07dd0658f942dd0af750b3af40f8f3429b5,OK,,1458,PAYLOAD_SUBSTANTIVE,,خمحور,1398,1398/12/29,separate,audited,original,NOT_DETECTED,,,,1398/12/29,HTML_TABLE_1!R1C3,,,,,,NO_AUDITOR_BLOCK_DETECTED,,,NO_AUDITOR_BLOCK_DETECTED,
اکسل های صورت مالی کل زیپ ۱۳۹۲-۱۴۰۲.zip,خمحور.zip,خمحور.zip!خمحور_۱۳۹۹_۱۲_۳۰_separate_ن-۱۰_صورت‌های مالی سال مالی منتهی به ۱۳۹۹_۱۲_۳۰ (حسابرسی شده).xlsx,خمحور_۱۳۹۹_۱۲_۳۰_separate_ن-۱۰_صورت‌های مالی سال مالی منتهی به ۱۳۹۹_۱۲_۳۰ (حسابرسی شده).xlsx,HTML_MISLABELED_XLSX,.xlsx,291543,1a3c153aefa2dde84a89c3ab37ada2bc4095afc89c8d45ef1a3d4f9197c9fa6b,OK,,1348,PAYLOAD_SUBSTANTIVE,,خمحور,1399,1399/12/30,separate,audited,original,NOT_DETECTED,,,,1399/12/30,HTML_TABLE_1!R1C2,,,,,,NO_AUDITOR_BLOCK_DETECTED,,,NO_AUDITOR_BLOCK_DETECTED,
اکسل های صورت مالی کل زیپ ۱۳۹۲-۱۴۰۲.zip,خمحور.zip,خمحور.zip!خمحور_۱۴۰۰_۱۲_۲۹_separate_ن-۱۰_صورت‌های مالی سال مالی منتهی به ۱۴۰۰_۱۲_۲۹ (حسابرسی شده).xlsx,خمحور_۱۴۰۰_۱۲_۲۹_separate_ن-۱۰_صورت‌های مالی سال مالی منتهی به ۱۴۰۰_۱۲_۲۹ (حسابرسی شده).xlsx,HTML_MISLABELED_XLSX,.xlsx,359892,3428f40dd88ed142cfa84a26d2ec82daacfa1e7e0dc6eeb5122dc171b1caacd0,OK,,1634,PAYLOAD_SUBSTANTIVE,,خمحور,1400,1400/12/29,separate,audited,original,NOT_DETECTED,,,,1400/12/29,HTML_TABLE_1!R1C2,,,,,,NO_AUDITOR_BLOCK_DETECTED,,,NO_AUDITOR_BLOCK_DETECTED,
اکسل های صورت مالی کل زیپ ۱۳۹۲-۱۴۰۲.zip,خمحور.zip,خمحور.zip!خمحور_۱۴۰۱_۱۲_۲۹_separate_ن-۱۰_صورت‌های مالی سال مالی منتهی به ۱۴۰۱_۱۲_۲۹ (حسابرسی شده).xlsx,خمحور_۱۴۰۱_۱۲_۲۹_separate_ن-۱۰_صورت‌های مالی سال مالی منتهی به ۱۴۰۱_۱۲_۲۹ (حسابرسی شده).xlsx,HTML_MISLABELED_XLSX,.xlsx,398061,8ad850c95594c9cd72d70298645b045a0d2b1d4cef82e2c02f8d6a7b49ffc0b2,OK,,1840,PAYLOAD_SUBSTANTIVE,,خمحور,1401,1401/12/29,separate,audited,original,NOT_DETECTED,,,,1401/12/29,HTML_TABLE_1!R1C2,,,,,,NO_AUDITOR_BLOCK_DETECTED,,,NO_AUDITOR_BLOCK_DETECTED,
اکسل های صورت مالی کل زیپ ۱۳۹۲-۱۴۰۲.zip,خمحور.zip,خمحور.zip!خمحور_۱۴۰۲_۱۲_۲۹_separate_ن-۱۰_صورت‌های مالی سال مالی منتهی به ۱۴۰۲_۱۲_۲۹ (حسابرسی شده).xlsx,خمحور_۱۴۰۲_۱۲_۲۹_separate_ن-۱۰_صورت‌های مالی سال مالی منتهی به ۱۴۰۲_۱۲_۲۹ (حسابرسی شده).xlsx,HTML_MISLABELED_XLSX,.xlsx,371882,3b855f929e77ddcf0ad9eeb744f4e942882d5a04202999f58881e04274718585,OK,,1673,PAYLOAD_SUBSTANTIVE,,خمحور,1402,1402/12/29,separate,audited,original,NOT_DETECTED,,,,1402/12/29,HTML_TABLE_1!R1C2,,,,,,NO_AUDITOR_BLOCK_DETECTED,,,NO_AUDITOR_BLOCK_DETECTED,
اکسل های صورت مالی کل زیپ ۱۳۹۲-۱۴۰۲.zip,خمهر.zip,خمهر.zip!خمهر_۱۳۹۱_۱۲_۳۰_separate_ن-۱۰_صورتهای مالی سال مالی منتهی به ۱۳۹۱_۱۲_۳۰ (حسابرسی شده).xlsx,خمهر_۱۳۹۱_۱۲_۳۰_separate_ن-۱۰_صورتهای مالی سال مالی منتهی به ۱۳۹۱_۱۲_۳۰ (حسابرسی شده).xlsx,OLE2_LEGACY_EXCEL,.xlsx,64512,13ae34ac20c0f4cdf4bbff522457d4db481e5cfc7602a0f460f76d02d5af2c86,OK,,519,PAYLOAD_SUBSTANTIVE,,خمهر,1391,1391/12/30,separate,audited,original,DETECTED,Sheet1,9,80,1391/12/30,Sheet1!R6C4,مشروط,QUALIFIED_FAIR_WITH_EXCEPTION|HEADING_CELL,Sheet1!R38C14,Sheet1!R39C2,,,1392/03/12,Sheet1!R73C23,,مهر کام پارس
اکسل های صورت مالی کل زیپ ۱۳۹۲-۱۴۰۲.zip,خمهر.zip,خمهر.zip!خمهر_۱۳۹۱_۱۲_۳۰_separate_ن-۱۰_صورتهای مالی سال مالی منتهی به ۱۳۹۱_۱۲_۳۰ (حسابرسی شده)(اصلاحیه).xlsx,خمهر_۱۳۹۱_۱۲_۳۰_separate_ن-۱۰_صورتهای مالی سال مالی منتهی به ۱۳۹۱_۱۲_۳۰ (حسابرسی شده)(اصلاحیه).xlsx,OLE2_LEGACY_EXCEL,.xlsx,64000,79fceff214c2873725a678414603f366a288ef81517c0906276ee8377d97ebcc,OK,,517,PAYLOAD_SUBSTANTIVE,,خمهر,1391,1391/12/30,separate,audited,correction,DETECTED,Sheet1,9,77,1391/12/30,Sheet1!R6C4,مشروط,QUALIFIED_FAIR_WITH_EXCEPTION|HEADING_CELL,Sheet1!R27C14,Sheet1!R29C2,,,1392/03/12,Sheet1!R70C23,,مهر کام پارس
اکسل های صورت مالی کل زیپ ۱۳۹۲-۱۴۰۲.zip,خمهر.zip,خمهر.zip!خمهر_۱۳۹۲_۱۲_۲۹_separate_ن-۱۰_صورتهای مالی سال مالی منتهی به ۱۳۹۲_۱۲_۲۹ (حسابرسی شده).xlsx,خمهر_۱۳۹۲_۱۲_۲۹_separate_ن-۱۰_صورتهای مالی سال مالی منتهی به ۱۳۹۲_۱۲_۲۹ (حسابرسی شده).xlsx,OLE2_LEGACY_EXCEL,.xlsx,77824,cb71bcbacad7c6bede61ca139eb3bc6aca0fa562c1bc7598bb6b20e43d88bafa,OK,,630,PAYLOAD_SUBSTANTIVE,,خمهر,1392,1392/12/29,separate,audited,original,DETECTED,Sheet1,9,76,1392/12/29,Sheet1!R6C4,مشروط,QUALIFIED_FAIR_WITH_EXCEPTION|HEADING_CELL,Sheet1!R38C14,Sheet1!R39C2,,,1393/03/19,Sheet1!R68C23,,مهر کام پارس
اکسل های صورت مالی کل زیپ ۱۳۹۲-۱۴۰۲.zip,خمهر.zip,خمهر.zip!خمهر_۱۳۹۳_۱۲_۲۹_separate_ن-۱۰_صورتهای مالی سال مالی منتهی به ۱۳۹۳_۱۲_۲۹ (حسابرسی شده).xlsx,خمهر_۱۳۹۳_۱۲_۲۹_separate_ن-۱۰_صورتهای مالی سال مالی منتهی به ۱۳۹۳_۱۲_۲۹ (حسابرسی شده).xlsx,OLE2_LEGACY_EXCEL,.xlsx,77312,bba214b3691866a8cc7e4c974953638e04255505b229722980d40b1fd9bd663e,OK,,661,PAYLOAD_SUBSTANTIVE,,خمهر,1393,1393/12/29,separate,audited,original,DETECTED,Sheet1,9,70,1393/12/29,Sheet1!R6C4,مشروط,QUALIFIED_FAIR_WITH_EXCEPTION|HEADING_CELL,Sheet1!R37C14,Sheet1!R38C2,,,1394/03/25,Sheet1!R61C23,,مهر کام پارس
اکسل های صورت مالی کل زیپ ۱۳۹۲-۱۴۰۲.zip,خمهر.zip,خمهر.zip!خمهر_۱۳۹۴_۱۲_۲۹_separate_ن-۱۰_صورت‌های مالی سال مالی منتهی به ۱۳۹۴_۱۲_۲۹ (حسابرسی شده).xlsx,خمهر_۱۳۹۴_۱۲_۲۹_separate_ن-۱۰_صورت‌های مالی سال مالی منتهی به ۱۳۹۴_۱۲_۲۹ (حسابرسی شده).xlsx,OLE2_LEGACY_EXCEL,.xlsx,92160,d04700927a824487a499b4a5b205de73c7699670928cdf8269092e7bdc9fd7c7,OK,,707,PAYLOAD_SUBSTANTIVE,,خمهر,1394,1394/12/29,separate,audited,original,DETECTED,Sheet1,9,89,1394/12/29,Sheet1!R6C4,مشروط,QUALIFIED_FAIR_WITH_EXCEPTION|HEADING_CELL,Sheet1!R50C14,Sheet1!R51C2,,,1395/03/31,Sheet1!R80C23,,مهرکام پارس
اکسل های صورت مالی کل زیپ ۱۳۹۲-۱۴۰۲.zip,خمهر.zip,خمهر.zip!خمهر_۱۳۹۵_۱۲_۳۰_separate_ن-۱۰_صورت‌های مالی سال مالی منتهی به ۱۳۹۵_۱۲_۳۰ (حسابرسی شده).xlsx,خمهر_۱۳۹۵_۱۲_۳۰_separate_ن-۱۰_صورت‌های مالی سال مالی منتهی به ۱۳۹۵_۱۲_۳۰ (حسابرسی شده).xlsx,OLE2_LEGACY_EXCEL,.xlsx,81408,695531343ec0df60dcd4332ba49a046838bf52dc0dc66b1ba3e9894a4d8be068,OK,,704,PAYLOAD_SUBSTANTIVE,,خمهر,1395,1395/12/30,separate,audited,original,DETECTED,Sheet1,11,71,1395/12/30,Sheet1!R8C4,مشروط,QUALIFIED_FAIR_WITH_EXCEPTION|HEADING_CELL,Sheet1!R37C12,Sheet1!R38C2,,,1396/04/03,Sheet1!R60C20,,مهرکام پارس
اکسل های صورت مالی کل زیپ ۱۳۹۲-۱۴۰۲.zip,خمهر.zip,خمهر.zip!خمهر_۱۳۹۶_۱۲_۲۹_separate_ن-۱۰_صورت‌های مالی سال مالی منتهی به ۱۳۹۶_۱۲_۲۹ (حسابرسی شده).xlsx,خمهر_۱۳۹۶_۱۲_۲۹_separate_ن-۱۰_صورت‌های مالی سال مالی منتهی به ۱۳۹۶_۱۲_۲۹ (حسابرسی شده).xlsx,OLE2_LEGACY_EXCEL,.xlsx,80896,792cfca15c5adb71e68866ca9b6fb692c12b390a963ac8d559f79c2e641da20d,OK,,712,PAYLOAD_SUBSTANTIVE,,خمهر,1396,1396/12/29,separate,audited,original,DETECTED,Sheet1,11,68,1396/12/29,Sheet1!R8C4,مقبول,UNQUALIFIED_FAIR_FORMULA|HEADING_CELL,Sheet1!R31C12,Sheet1!R32C2,,,1397/04/11,Sheet1!R60C20,,مهرکام پارس
اکسل های صورت مالی کل زیپ ۱۳۹۲-۱۴۰۲.zip,خمهر.zip,خمهر.zip!خمهر_۱۳۹۷_۱۲_۲۹_separate_ن-۱۰_صورت‌های مالی سال مالی منتهی به ۱۳۹۷_۱۲_۲۹ (حسابرسی شده).xlsx,خمهر_۱۳۹۷_۱۲_۲۹_separate_ن-۱۰_صورت‌های مالی سال مالی منتهی به ۱۳۹۷_۱۲_۲۹ (حسابرسی شده).xlsx,HTML_MISLABELED_XLSX,.xlsx,113800,372d195a1a752618ba0323091efc37cfb77d600b2a0054e5b385291eb138da3f,OK,,495,PAYLOAD_SUBSTANTIVE,,خمهر,1397,1397/12/29,separate,audited,original,NOT_DETECTED,,,,1397/12/29,HTML_TABLE_1!R1C2,,,,,,NO_AUDITOR_BLOCK_DETECTED,,,NO_AUDITOR_BLOCK_DETECTED,
اکسل های صورت مالی کل زیپ ۱۳۹۲-۱۴۰۲.zip,خمهر.zip,خمهر.zip!خمهر_۱۳۹۸_۱۲_۲۹_separate_ن-۱۰_صورت‌های مالی سال مالی منتهی به ۱۳۹۸_۱۲_۲۹ (حسابرسی شده).xlsx,خمهر_۱۳۹۸_۱۲_۲۹_separate_ن-۱۰_صورت‌های مالی سال مالی منتهی به ۱۳۹۸_۱۲_۲۹ (حسابرسی شده).xlsx,HTML_MISLABELED_XLSX,.xlsx,311627,96b23526c2407d8709e12d77d5ec388496285c531086bd034ea09a9688d9edfb,OK,,1465,PAYLOAD_SUBSTANTIVE,,خمهر,1398,1398/12/29,separate,audited,original,NOT_DETECTED,,,,1398/12/29,HTML_TABLE_1!R1C2,,,,,,NO_AUDITOR_BLOCK_DETECTED,,,NO_AUDITOR_BLOCK_DETECTED,
اکسل های صورت مالی کل زیپ ۱۳۹۲-۱۴۰۲.zip,خمهر.zip,خمهر.zip!خمهر_۱۳۹۹_۱۲_۳۰_separate_ن-۱۰_صورت‌های مالی سال مالی منتهی به ۱۳۹۹_۱۲_۳۰ (حسابرسی شده).xlsx,خمهر_۱۳۹۹_۱۲_۳۰_separate_ن-۱۰_صورت‌های مالی سال مالی منتهی به ۱۳۹۹_۱۲_۳۰ (حسابرسی شده).xlsx,HTML_MISLABELED_XLSX,.xlsx,314235,ac6325d9fb5aa266441b5eba1e0ce83c1c493171bbb8c70ee51e8e75111e8b1a,OK,,1485,PAYLOAD_SUBSTANTIVE,,خمهر,1399,1399/12/30,separate,audited,original,NOT_DETECTED,,,,1399/12/30,HTML_TABLE_1!R1C2,,,,,,NO_AUDITOR_BLOCK_DETECTED,,,NO_AUDITOR_BLOCK_DETECTED,
اکسل های صورت مالی کل زیپ ۱۳۹۲-۱۴۰۲.zip,خمهر.zip,خمهر.zip!خمهر_۱۴۰۰_۱۲_۲۹_separate_ن-۱۰_صورت‌های مالی سال مالی منتهی به ۱۴۰۰_۱۲_۲۹ (حسابرسی شده).xlsx,خمهر_۱۴۰۰_۱۲_۲۹_separate_ن-۱۰_صورت‌های مالی سال مالی منتهی به ۱۴۰۰_۱۲_۲۹ (حسابرسی شده).xlsx,HTML_MISLABELED_XLSX,.xlsx,375990,506b5b4af00da7d736e5a50fa49107945ecb5d0fac5ddd088b16f124ac9b1051,OK,,1751,PAYLOAD_SUBSTANTIVE,,خمهر,1400,1400/12/29,separate,audited,original,NOT_DETECTED,,,,1400/12/29,HTML_TABLE_1!R1C2,,,,,,NO_AUDITOR_BLOCK_DETECTED,,,NO_AUDITOR_BLOCK_DETECTED,
اکسل های صورت مالی کل زیپ ۱۳۹۲-۱۴۰۲.zip,خمهر.zip,خمهر.zip!خمهر_۱۴۰۱_۱۲_۲۹_separate_ن-۱۰_صورت‌های مالی سال مالی منتهی به ۱۴۰۱_۱۲_۲۹ (حسابرسی شده).xlsx,خمهر_۱۴۰۱_۱۲_۲۹_separate_ن-۱۰_صورت‌های مالی سال مالی منتهی به ۱۴۰۱_۱۲_۲۹ (حسابرسی شده).xlsx,HTML_MISLABELED_XLSX,.xlsx,413231,339ee83ef4ffc5ca8cd49125ca70c87e525f84554327110ddbecd58c8b9f4fa9,OK,,1938,PAYLOAD_SUBSTANTIVE,,خمهر,1401,1401/12/29,separate,audited,original,NOT_DETECTED,,,,1401/12/29,HTML_TABLE_1!R1C2,,,,,,NO_AUDITOR_BLOCK_DETECTED,,,NO_AUDITOR_BLOCK_DETECTED,
اکسل های صورت مالی کل زیپ ۱۳۹۲-۱۴۰۲.zip,خمهر.zip,خمهر.zip!خمهر_۱۴۰۲_۱۲_۲۹_separate_ن-۱۰_صورت‌های مالی سال مالی منتهی به ۱۴۰۲_۱۲_۲۹ (حسابرسی شده).xlsx,خمهر_۱۴۰۲_۱۲_۲۹_separate_ن-۱۰_صورت‌های مالی سال مالی منتهی به ۱۴۰۲_۱۲_۲۹ (حسابرسی شده).xlsx,HTML_MISLABELED_XLSX,.xlsx,416854,e1a08adbecb5c4b6061a1ce4c79db1a8583cf7b4feb97a70e826d977c91cc306,OK,,1964,PAYLOAD_SUBSTANTIVE,,خمهر,1402,1402/12/29,separate,audited,original,NOT_DETECTED,,,,1402/12/29,HTML_TABLE_1!R1C2,,,,,,NO_AUDITOR_BLOCK_DETECTED,,,NO_AUDITOR_BLOCK_DETECTED,
اکسل های صورت مالی کل زیپ ۱۳۹۲-۱۴۰۲.zip,خنصير.zip,خنصير.zip!خنصير_۱۳۹۱_۱۲_۳۰_separate_ن-۱۰_صورتهای مالی سال مالی منتهی به ۱۳۹۱_۱۲_۳۰ (حسابرسی شده).xlsx,خنصير_۱۳۹۱_۱۲_۳۰_separate_ن-۱۰_صورتهای مالی سال مالی منتهی به ۱۳۹۱_۱۲_۳۰ (حسابرسی شده).xlsx,OLE2_LEGACY_EXCEL,.xlsx,56832,2af8f93aeddf3848c69cdab436977d84a7b2e8ffb480b6d01d1b5ed2ecf28ae5,OK,,529,PAYLOAD_SUBSTANTIVE,,خنصیر,1391,1391/12/30,separate,audited,original,DETECTED,Sheet1,9,55,1391/12/30,Sheet1!R6C4,مقبول,UNQUALIFIED_FAIR_FORMULA|HEADING_CELL,Sheet1!R28C14,Sheet1!R29C2,,,1392/03/29,Sheet1!R47C23,,مهندسی نصیر ماشین
اکسل های صورت مالی کل زیپ ۱۳۹۲-۱۴۰۲.zip,خنصير.zip,خنصير.zip!خنصير_۱۳۹۲_۱۲_۲۹_separate_ن-۱۰_صورتهای مالی سال مالی منتهی به ۱۳۹۲_۱۲_۲۹ (حسابرسی شده).xlsx,خنصير_۱۳۹۲_۱۲_۲۹_separate_ن-۱۰_صورتهای مالی سال مالی منتهی به ۱۳۹۲_۱۲_۲۹ (حسابرسی شده).xlsx,OLE2_LEGACY_EXCEL,.xlsx,71680,712785e5a4923753efa83aa9fb2f24d3fce4ab0abad00b0c3fbbe2b319c6bfcf,OK,,655,PAYLOAD_SUBSTANTIVE,,خنصیر,1392,1392/12/29,separate,audited,original,DETECTED,Sheet1,9,55,1392/12/29,Sheet1!R6C4,مقبول,UNQUALIFIED_FAIR_FORMULA|HEADING_CELL,Sheet1!R28C14,Sheet1!R29C2,,,1393/04/14,Sheet1!R46C23,,مهندسی نصیر ماشین
اکسل های صورت مالی کل زیپ ۱۳۹۲-۱۴۰۲.zip,خنصير.zip,خنصير.zip!خنصير_۱۳۹۳_۱۲_۲۹_separate_ن-۱۰_صورتهای مالی سال مالی منتهی به ۱۳۹۳_۱۲_۲۹ (حسابرسی شده).xlsx,خنصير_۱۳۹۳_۱۲_۲۹_separate_ن-۱۰_صورتهای مالی سال مالی منتهی به ۱۳۹۳_۱۲_۲۹ (حسابرسی شده).xlsx,OLE2_LEGACY_EXCEL,.xlsx,72192,41bb9332f86c268a2a28649dcb6fd2670cf28dba557f6052bf13ccbb93137a70,OK,,680,PAYLOAD_SUBSTANTIVE,,خنصیر,1393,1393/12/29,separate,audited,original,DETECTED,Sheet1,9,53,1393/12/29,Sheet1!R6C4,مقبول,UNQUALIFIED_FAIR_FORMULA|HEADING_CELL,Sheet1!R28C14,Sheet1!R29C2,,,1394/04/20,Sheet1!R44C23,,مهندسی نصیر ماشین
اکسل های صورت مالی کل زیپ ۱۳۹۲-۱۴۰۲.zip,خنصير.zip,خنصير.zip!خنصير_۱۳۹۴_۱۲_۲۹_consolidated_ن-۱۰_صورت‌های مالی تلفیقی سال مالی منتهی به ۱۳۹۴_۱۲_۲۹ (حسابرسی شده).xlsx,خنصير_۱۳۹۴_۱۲_۲۹_consolidated_ن-۱۰_صورت‌های مالی تلفیقی سال مالی منتهی به ۱۳۹۴_۱۲_۲۹ (حسابرسی شده).xlsx,OLE2_LEGACY_EXCEL,.xlsx,136192,862050d9b2d051b93f30eb305a3d48271f839a045dc78f4c0bc07fb4e49332ca,OK,,1467,PAYLOAD_SUBSTANTIVE,,خنصیر,1394,1394/12/29,consolidated,audited,original,DETECTED,Sheet1,9,65,1394/12/29,Sheet1!R6C4,مقبول,UNQUALIFIED_FAIR_FORMULA|HEADING_CELL,Sheet1!R28C14,Sheet1!R29C2,,,1395/04/15,Sheet1!R56C23,,مهندسی نصیر ماشین
اکسل های صورت مالی کل زیپ ۱۳۹۲-۱۴۰۲.zip,خنصير.zip,خنصير.zip!خنصير_۱۳۹۵_۱۲_۳۰_consolidated_ن-۱۰_صورت‌های مالی تلفیقی سال مالی منتهی به ۱۳۹۵_۱۲_۳۰ (حسابرسی شده).xlsx,خنصير_۱۳۹۵_۱۲_۳۰_consolidated_ن-۱۰_صورت‌های مالی تلفیقی سال مالی منتهی به ۱۳۹۵_۱۲_۳۰ (حسابرسی شده).xlsx,OLE2_LEGACY_EXCEL,.xlsx,130560,6befb497efd0433341441d12c01095f8e14f4da09786ed2d1cd261c426ff424d,OK,,1481,PAYLOAD_SUBSTANTIVE,,خنصیر,1395,1395/12/30,consolidated,audited,original,DETECTED,Sheet1,11,62,1395/12/30,Sheet1!R8C4,مقبول,UNQUALIFIED_FAIR_FORMULA|HEADING_CELL,Sheet1!R29C12,Sheet1!R30C2,,,1396/04/15,Sheet1!R54C20,,مهندسی نصیر ماشین
اکسل های صورت مالی کل زیپ ۱۳۹۲-۱۴۰۲.zip,خنصير.zip,خنصير.zip!خنصير_۱۳۹۶_۱۲_۲۹_consolidated_ن-۱۰_صورت‌های مالی تلفیقی سال مالی منتهی به ۱۳۹۶_۱۲_۲۹ (حسابرسی شده).xlsx,خنصير_۱۳۹۶_۱۲_۲۹_consolidated_ن-۱۰_صورت‌های مالی تلفیقی سال مالی منتهی به ۱۳۹۶_۱۲_۲۹ (حسابرسی شده).xlsx,OLE2_LEGACY_EXCEL,.xlsx,131072,d825b37e100c9e7376214fd646a66f262be483791b8f695b2712facf64fdff56,OK,,1476,PAYLOAD_SUBSTANTIVE,,خنصیر,1396,1396/12/29,consolidated,audited,original,DETECTED,Sheet1,11,65,1396/12/29,Sheet1!R8C4,مقبول,UNQUALIFIED_FAIR_FORMULA|HEADING_CELL,Sheet1!R29C12,Sheet1!R30C2,,,1397/03/30,Sheet1!R57C20,,مهندسی نصیر ماشین
اکسل های صورت مالی کل زیپ ۱۳۹۲-۱۴۰۲.zip,خنصير.zip,خنصير.zip!خنصير_۱۳۹۷_۱۲_۲۹_consolidated_ن-۱۰_صورت‌های مالی تلفیقی سال مالی منتهی به ۱۳۹۷_۱۲_۲۹ (حسابرسی شده).xlsx,خنصير_۱۳۹۷_۱۲_۲۹_consolidated_ن-۱۰_صورت‌های مالی تلفیقی سال مالی منتهی به ۱۳۹۷_۱۲_۲۹ (حسابرسی شده).xlsx,HTML_MISLABELED_XLSX,.xlsx,234210,a323930812b162ea715d51f7c9aa01189d82cc7b430484a4622c0b1d74a7cf78,OK,,1045,PAYLOAD_SUBSTANTIVE,,خنصیر,1397,1397/12/29,consolidated,audited,original,NOT_DETECTED,,,,1397/12/29,HTML_TABLE_1!R1C2,,,,,,NO_AUDITOR_BLOCK_DETECTED,,,NO_AUDITOR_BLOCK_DETECTED,
اکسل های صورت مالی کل زیپ ۱۳۹۲-۱۴۰۲.zip,خنصير.zip,خنصير.zip!خنصير_۱۳۹۸_۱۲_۲۹_consolidated_ن-۱۰_صورت‌های مالی تلفیقی سال مالی منتهی به ۱۳۹۸_۱۲_۲۹ (حسابرسی شده).xlsx,خنصير_۱۳۹۸_۱۲_۲۹_consolidated_ن-۱۰_صورت‌های مالی تلفیقی سال مالی منتهی به ۱۳۹۸_۱۲_۲۹ (حسابرسی شده).xlsx,HTML_MISLABELED_XLSX,.xlsx,513774,afe2096b3e55df93f4bc07c958c72b37d7af89fef1558fad0cc4c140c31b880e,OK,,2472,PAYLOAD_SUBSTANTIVE,,خنصیر,1398,1398/12/29,consolidated,audited,original,NOT_DETECTED,,,,1398/12/29,HTML_TABLE_1!R1C2,,,,,,NO_AUDITOR_BLOCK_DETECTED,,,NO_AUDITOR_BLOCK_DETECTED,
اکسل های صورت مالی کل زیپ ۱۳۹۲-۱۴۰۲.zip,خنصير.zip,خنصير.zip!خنصير_۱۳۹۹_۱۲_۳۰_consolidated_ن-۱۰_صورت‌های مالی تلفیقی سال مالی منتهی به ۱۳۹۹_۱۲_۳۰ (حسابرسی شده).xlsx,خنصير_۱۳۹۹_۱۲_۳۰_consolidated_ن-۱۰_صورت‌های مالی تلفیقی سال مالی منتهی به ۱۳۹۹_۱۲_۳۰ (حسابرسی شده).xlsx,HTML_MISLABELED_XLSX,.xlsx,527152,7fee81a11ebcc70f7dda4bdb343159c87404a84ad040ac003e76a6f883cbe059,OK,,2581,PAYLOAD_SUBSTANTIVE,,خنصیر,1399,1399/12/30,consolidated,audited,original,NOT_DETECTED,,,,1399/12/30,HTML_TABLE_1!R1C2,,,,,,NO_AUDITOR_BLOCK_DETECTED,,,NO_AUDITOR_BLOCK_DETECTED,
اکسل های صورت مالی کل زیپ ۱۳۹۲-۱۴۰۲.zip,خنصير.zip,خنصير.zip!خنصير_۱۴۰۰_۱۲_۲۹_consolidated_ن-۱۰_صورت‌های مالی تلفیقی سال مالی منتهی به ۱۴۰۰_۱۲_۲۹ (حسابرسی شده).xlsx,خنصير_۱۴۰۰_۱۲_۲۹_consolidated_ن-۱۰_صورت‌های مالی تلفیقی سال مالی منتهی به ۱۴۰۰_۱۲_۲۹ (حسابرسی شده).xlsx,HTML_MISLABELED_XLSX,.xlsx,285864,8d11b57c580624d81e67020d4be23f6b92ea6544c5a1d568fc829c51053353a6,OK,,1516,PAYLOAD_SUBSTANTIVE,,خنصیر,1400,1400/12/29,consolidated,audited,original,NOT_DETECTED,,,,1400/12/29,HTML_TABLE_2!R1C6,,,,,,NO_AUDITOR_BLOCK_DETECTED,,,NO_AUDITOR_BLOCK_DETECTED,
اکسل های صورت مالی کل زیپ ۱۳۹۲-۱۴۰۲.zip,خنصير.zip,خنصير.zip!خنصير_۱۴۰۱_۱۲_۲۹_consolidated_ن-۱۰_صورت‌های مالی تلفیقی سال مالی منتهی به ۱۴۰۱_۱۲_۲۹ (حسابرسی شده).xlsx,خنصير_۱۴۰۱_۱۲_۲۹_consolidated_ن-۱۰_صورت‌های مالی تلفیقی سال مالی منتهی به ۱۴۰۱_۱۲_۲۹ (حسابرسی شده).xlsx,HTML_MISLABELED_XLSX,.xlsx,741083,7d2d678621ad2df3a81bc03547be4c67203f7296bf73766de685bfab123dc182,OK,,3581,PAYLOAD_SUBSTANTIVE,,خنصیر,1401,1401/12/29,consolidated,audited,original,NOT_DETECTED,,,,1401/12/29,HTML_TABLE_1!R1C3,,,,,,NO_AUDITOR_BLOCK_DETECTED,,,NO_AUDITOR_BLOCK_DETECTED,
اکسل های صورت مالی کل زیپ ۱۳۹۲-۱۴۰۲.zip,خنصير.zip,خنصير.zip!خنصير_۱۴۰۲_۱۲_۲۹_consolidated_ن-۱۰_صورت‌های مالی تلفیقی سال مالی منتهی به ۱۴۰۲_۱۲_۲۹ (حسابرسی شده).xlsx,خنصير_۱۴۰۲_۱۲_۲۹_consolidated_ن-۱۰_صورت‌های مالی تلفیقی سال مالی منتهی به ۱۴۰۲_۱۲_۲۹ (حسابرسی شده).xlsx,HTML_MISLABELED_XLSX,.xlsx,347140,026c192d7f923471ca9f27cfbba097c9d68bed0c20816c24a828e2512ac9301e,OK,,1572,PAYLOAD_SUBSTANTIVE,,خنصیر,1402,1402/12/29,consolidated,audited,original,NOT_DETECTED,,,,1402/12/29,HTML_TABLE_1!R1C2,,,,,,NO_AUDITOR_BLOCK_DETECTED,,,NO_AUDITOR_BLOCK_DETECTED,
اکسل های صورت مالی کل زیپ ۱۳۹۲-۱۴۰۲.zip,خوساز.zip,خوساز.zip!خوساز_۱۳۹۱_۱۲_۳۰_separate_ن-۱۰_صورتهای مالی سال مالی منتهی به ۱۳۹۱_۱۲_۳۰ (حسابرسی شده).xlsx,خوساز_۱۳۹۱_۱۲_۳۰_separate_ن-۱۰_صورتهای مالی سال مالی منتهی به ۱۳۹۱_۱۲_۳۰ (حسابرسی شده).xlsx,OLE2_LEGACY_EXCEL,.xlsx,69632,56e05185b86a79fb143b1adfc271a89b85930668fbe9bf8ae25af6cc1f4d99e7,OK,,499,PAYLOAD_SUBSTANTIVE,,خوساز,1391,1391/12/30,separate,audited,original,DETECTED,Sheet1,9,103,1391/12/30,Sheet1!R6C4,مشروط,QUALIFIED_FAIR_WITH_EXCEPTION|HEADING_CELL,Sheet1!R45C14,Sheet1!R46C2,,,1392/03/21,Sheet1!R95C23,,محورسازان ایران خودرو
اکسل های صورت مالی کل زیپ ۱۳۹۲-۱۴۰۲.zip,خوساز.zip,خوساز.zip!خوساز_۱۳۹۲_۱۲_۲۹_separate_ن-۱۰_صورتهای مالی سال مالی منتهی به ۱۳۹۲_۱۲_۲۹ (حسابرسی شده).xlsx,خوساز_۱۳۹۲_۱۲_۲۹_separate_ن-۱۰_صورتهای مالی سال مالی منتهی به ۱۳۹۲_۱۲_۲۹ (حسابرسی شده).xlsx,OLE2_LEGACY_EXCEL,.xlsx,84992,b4c598682fb2336b797ed414cd9bbb979b973f9570c5c3e5824bdac0c2622a40,OK,,609,PAYLOAD_SUBSTANTIVE,,خوساز,1392,1392/12/29,separate,audited,original,DETECTED,Sheet1,9,97,1392/12/29,Sheet1!R6C4,مشروط,QUALIFIED_FAIR_WITH_EXCEPTION|HEADING_CELL,Sheet1!R49C14,Sheet1!R50C2,,,1393/03/13,Sheet1!R89C23,,صنعتی محورسازان ایران خودرو
اکسل های صورت مالی کل زیپ ۱۳۹۲-۱۴۰۲.zip,خوساز.zip,خوساز.zip!خوساز_۱۳۹۳_۱۲_۲۹_separate_ن-۱۰_صورتهای مالی سال مالی منتهی به ۱۳۹۳_۱۲_۲۹ (حسابرسی شده).xlsx,خوساز_۱۳۹۳_۱۲_۲۹_separate_ن-۱۰_صورتهای مالی سال مالی منتهی به ۱۳۹۳_۱۲_۲۹ (حسابرسی شده).xlsx,OLE2_LEGACY_EXCEL,.xlsx,87040,1cbd158793a37d61a6304334e62efdc568711a2e6d8eea67811dab72333b2315,OK,,623,PAYLOAD_SUBSTANTIVE,,خوساز,1393,1393/12/29,separate,audited,original,DETECTED,Sheet1,9,106,1393/12/29,Sheet1!R6C4,مشروط,QUALIFIED_FAIR_WITH_EXCEPTION|HEADING_CELL,Sheet1!R56C14,Sheet1!R57C2,,,1394/03/12,Sheet1!R98C23,,صنعتی محورسازان ایران خودرو
اکسل های صورت مالی کل زیپ ۱۳۹۲-۱۴۰۲.zip,خوساز.zip,خوساز.zip!خوساز_۱۳۹۴_۱۲_۲۹_separate_ن-۱۰_صورت‌های مالی سال مالی منتهی به ۱۳۹۴_۱۲_۲۹ (حسابرسی شده).xlsx,خوساز_۱۳۹۴_۱۲_۲۹_separate_ن-۱۰_صورت‌های مالی سال مالی منتهی به ۱۳۹۴_۱۲_۲۹ (حسابرسی شده).xlsx,OLE2_LEGACY_EXCEL,.xlsx,89600,d097d516c22ef9dcbbb7b43d881efad1df59c8f35fe943128e61fd67db9899af,OK,,665,PAYLOAD_SUBSTANTIVE,,خوساز,1394,1394/12/29,separate,audited,original,DETECTED,Sheet1,9,91,1394/12/29,Sheet1!R6C4,مشروط,QUALIFIED_FAIR_WITH_EXCEPTION|HEADING_CELL,Sheet1!R44C14,Sheet1!R45C2,,,1395/04/03,Sheet1!R83C23,,صنعتی محورسازان ایران خودرو
اکسل های صورت مالی کل زیپ ۱۳۹۲-۱۴۰۲.zip,خوساز.zip,خوساز.zip!خوساز_۱۳۹۵_۱۲_۳۰_separate_ن-۱۰_صورت‌های مالی سال مالی منتهی به ۱۳۹۵_۱۲_۳۰ (حسابرسی شده).xlsx,خوساز_۱۳۹۵_۱۲_۳۰_separate_ن-۱۰_صورت‌های مالی سال مالی منتهی به ۱۳۹۵_۱۲_۳۰ (حسابرسی شده).xlsx,OLE2_LEGACY_EXCEL,.xlsx,83968,a505a394dedf483336e982d8a47fc3974670c5743f5077c13e2f1b10b3f14a17,OK,,665,PAYLOAD_SUBSTANTIVE,,خوساز,1395,1395/12/30,separate,audited,original,DETECTED,Sheet1,11,83,1395/12/30,Sheet1!R8C4,مشروط,QUALIFIED_FAIR_WITH_EXCEPTION|HEADING_CELL,Sheet1!R44C12,Sheet1!R45C2,,,1396/04/03,Sheet1!R72C20,,صنعتی محورسازان ایران خودرو
اکسل های صورت مالی کل زیپ ۱۳۹۲-۱۴۰۲.zip,خوساز.zip,خوساز.zip!خوساز_۱۳۹۶_۱۲_۲۹_separate_ن-۱۰_صورت‌های مالی سال مالی منتهی به ۱۳۹۶_۱۲_۲۹ (حسابرسی شده).xlsx,خوساز_۱۳۹۶_۱۲_۲۹_separate_ن-۱۰_صورت‌های مالی سال مالی منتهی به ۱۳۹۶_۱۲_۲۹ (حسابرسی شده).xlsx,OLE2_LEGACY_EXCEL,.xlsx,79872,f1b60b408bfd1b0d9d02d45bd8e6db49a917a120f79a38b34e80a81bea1fb8ea,OK,,665,PAYLOAD_SUBSTANTIVE,,خوساز,1396,1396/12/29,separate,audited,original,DETECTED,Sheet1,11,71,1396/12/29,Sheet1!R8C4,مشروط,QUALIFIED_FAIR_WITH_EXCEPTION|HEADING_CELL,Sheet1!R33C12,Sheet1!R35C2,,,1397/03/01,Sheet1!R63C20,,صنعتی محورسازان ایران خودرو
اکسل های صورت مالی کل زیپ ۱۳۹۲-۱۴۰۲.zip,خوساز.zip,خوساز.zip!خوساز_۱۳۹۷_۱۲_۲۹_separate_ن-۱۰_صورت‌های مالی سال مالی منتهی به ۱۳۹۷_۱۲_۲۹ (حسابرسی شده).xlsx,خوساز_۱۳۹۷_۱۲_۲۹_separate_ن-۱۰_صورت‌های مالی سال مالی منتهی به ۱۳۹۷_۱۲_۲۹ (حسابرسی شده).xlsx,HTML_MISLABELED_XLSX,.xlsx,113878,aa52fc693ba05caf998210cb91a55f58fd49c95083a4069c642e0bfc7c3c8a30,OK,,495,PAYLOAD_SUBSTANTIVE,,خوساز,1397,1397/12/29,separate,audited,original,NOT_DETECTED,,,,1397/12/29,HTML_TABLE_1!R1C2,,,,,,NO_AUDITOR_BLOCK_DETECTED,,,NO_AUDITOR_BLOCK_DETECTED,
اکسل های صورت مالی کل زیپ ۱۳۹۲-۱۴۰۲.zip,خوساز.zip,خوساز.zip!خوساز_۱۳۹۷_۱۲_۲۹_separate_ن-۱۰_صورت‌های مالی سال مالی منتهی به ۱۳۹۷_۱۲_۲۹ (حسابرسی شده)(اصلاحیه).xlsx,خوساز_۱۳۹۷_۱۲_۲۹_separate_ن-۱۰_صورت‌های مالی سال مالی منتهی به ۱۳۹۷_۱۲_۲۹ (حسابرسی شده)(اصلاحیه).xlsx,HTML_MISLABELED_XLSX,.xlsx,116986,e55f8e035de2a3e1162c5ab41f2e6d9cb01005e2908b83ca9d295173dd96f701,OK,,495,PAYLOAD_SUBSTANTIVE,,خوساز,1397,1397/12/29,separate,audited,correction,NOT_DETECTED,,,,1397/12/29,HTML_TABLE_1!R1C2,,,,,,NO_AUDITOR_BLOCK_DETECTED,,,NO_AUDITOR_BLOCK_DETECTED,
اکسل های صورت مالی کل زیپ ۱۳۹۲-۱۴۰۲.zip,خوساز.zip,خوساز.zip!خوساز_۱۳۹۸_۱۲_۲۹_separate_ن-۱۰_صورت‌های مالی سال مالی منتهی به ۱۳۹۸_۱۲_۲۹ (حسابرسی شده).xlsx,خوساز_۱۳۹۸_۱۲_۲۹_separate_ن-۱۰_صورت‌های مالی سال مالی منتهی به ۱۳۹۸_۱۲_۲۹ (حسابرسی شده).xlsx,HTML_MISLABELED_XLSX,.xlsx,310645,106ebd1a0e6f16f20e6439183fd084bff272f4303b16a819bf7f115a574cbc4e,OK,,1439,PAYLOAD_SUBSTANTIVE,,خوساز,1398,1398/12/29,separate,audited,original,NOT_DETECTED,,,,1398/12/29,HTML_TABLE_1!R1C2,,,,,,NO_AUDITOR_BLOCK_DETECTED,,,NO_AUDITOR_BLOCK_DETECTED,
اکسل های صورت مالی کل زیپ ۱۳۹۲-۱۴۰۲.zip,خوساز.zip,خوساز.zip!خوساز_۱۳۹۹_۱۲_۳۰_separate_ن-۱۰_صورت‌های مالی سال مالی منتهی به ۱۳۹۹_۱۲_۳۰ (حسابرسی شده).xlsx,خوساز_۱۳۹۹_۱۲_۳۰_separate_ن-۱۰_صورت‌های مالی سال مالی منتهی به ۱۳۹۹_۱۲_۳۰ (حسابرسی شده).xlsx,HTML_MISLABELED_XLSX,.xlsx,307942,75847f91cfd61aa2642fe2f815f01037386f84bac8c142b309558f82baee380b,OK,,1438,PAYLOAD_SUBSTANTIVE,,خوساز,1399,1399/12/30,separate,audited,original,NOT_DETECTED,,,,1399/12/30,HTML_TABLE_1!R1C2,,,,,,NO_AUDITOR_BLOCK_DETECTED,,,NO_AUDITOR_BLOCK_DETECTED,
اکسل های صورت مالی کل زیپ ۱۳۹۲-۱۴۰۲.zip,خوساز.zip,خوساز.zip!خوساز_۱۳۹۹_۱۲_۳۰_separate_ن-۱۰_صورت‌های مالی سال مالی منتهی به ۱۳۹۹_۱۲_۳۰ (حسابرسی شده)(اصلاحیه).xlsx,خوساز_۱۳۹۹_۱۲_۳۰_separate_ن-۱۰_صورت‌های مالی سال مالی منتهی به ۱۳۹۹_۱۲_۳۰ (حسابرسی شده)(اصلاحیه).xlsx,HTML_MISLABELED_XLSX,.xlsx,307923,c88ec1bd07630e25c8bb289c5fffe8e44306656507dc2f753aedc8f54240dac5,OK,,1440,PAYLOAD_SUBSTANTIVE,,خوساز,1399,1399/12/30,separate,audited,correction,NOT_DETECTED,,,,1399/12/30,HTML_TABLE_2!R1C1,,,,,,NO_AUDITOR_BLOCK_DETECTED,,,NO_AUDITOR_BLOCK_DETECTED,
اکسل های صورت مالی کل زیپ ۱۳۹۲-۱۴۰۲.zip,خوساز.zip,خوساز.zip!خوساز_۱۴۰۰_۱۲_۲۹_separate_ن-۱۰_صورت‌های مالی سال مالی منتهی به ۱۴۰۰_۱۲_۲۹ (حسابرسی شده).xlsx,خوساز_۱۴۰۰_۱۲_۲۹_separate_ن-۱۰_صورت‌های مالی سال مالی منتهی به ۱۴۰۰_۱۲_۲۹ (حسابرسی شده).xlsx,HTML_MISLABELED_XLSX,.xlsx,413482,0e3e187f6197b1319f2199c59510d629ddc310cd5055dd71b19042a83b5651ef,OK,,2002,PAYLOAD_SUBSTANTIVE,,خوساز,1400,1400/12/29,separate,audited,original,NOT_DETECTED,,,,1400/12/29,HTML_TABLE_1!R1C2,,,,,,NO_AUDITOR_BLOCK_DETECTED,,,NO_AUDITOR_BLOCK_DETECTED,
اکسل های صورت مالی کل زیپ ۱۳۹۲-۱۴۰۲.zip,خوساز.zip,خوساز.zip!خوساز_۱۴۰۱_۱۲_۲۹_separate_ن-۱۰_صورت‌های مالی سال مالی منتهی به ۱۴۰۱_۱۲_۲۹ (حسابرسی شده).xlsx,خوساز_۱۴۰۱_۱۲_۲۹_separate_ن-۱۰_صورت‌های مالی سال مالی منتهی به ۱۴۰۱_۱۲_۲۹ (حسابرسی شده).xlsx,HTML_MISLABELED_XLSX,.xlsx,452912,380b1cca1ab34348c44f56e1db67442c23952ff488e36bbab1a35534f83e71bd,OK,,2207,PAYLOAD_SUBSTANTIVE,,خوساز,1401,1401/12/29,separate,audited,original,NOT_DETECTED,,,,1401/12/29,HTML_TABLE_1!R1C2,,,,,,NO_AUDITOR_BLOCK_DETECTED,,,NO_AUDITOR_BLOCK_DETECTED,گسترش سرمایه گذار ایران خودرو
اکسل های صورت مالی کل زیپ ۱۳۹۲-۱۴۰۲.zip,خوساز.zip,خوساز.zip!خوساز_۱۴۰۲_۱۲_۲۹_separate_ن-۱۰_صورت‌های مالی سال مالی منتهی به ۱۴۰۲_۱۲_۲۹ (حسابرسی شده).xlsx,خوساز_۱۴۰۲_۱۲_۲۹_separate_ن-۱۰_صورت‌های مالی سال مالی منتهی به ۱۴۰۲_۱۲_۲۹ (حسابرسی شده).xlsx,HTML_MISLABELED_XLSX,.xlsx,406098,6f59367c0726f22e4fd59692fabc74cceb66b82c625493cd67a047af7c3400c4,OK,,1892,PAYLOAD_SUBSTANTIVE,,خوساز,1402,1402/12/29,separate,audited,original,NOT_DETECTED,,,,1402/12/29,HTML_TABLE_1!R1C2,,,,,,NO_AUDITOR_BLOCK_DETECTED,,,NO_AUDITOR_BLOCK_DETECTED,
اکسل های صورت مالی کل زیپ ۱۳۹۲-۱۴۰۲.zip,ددام.zip,ددام.zip!ددام_۱۳۹۱_۱۲_۳۰_separate_ن-۱۰_صورتهای مالی سال مالی منتهی به ۱۳۹۱_۱۲_۳۰ (حسابرسی شده).xlsx,ددام_۱۳۹۱_۱۲_۳۰_separate_ن-۱۰_صورتهای مالی سال مالی منتهی به ۱۳۹۱_۱۲_۳۰ (حسابرسی شده).xlsx,OLE2_LEGACY_EXCEL,.xlsx,62976,be0059b8a58409ba66b49a5a01c9950e6377fa298ec699bc34342879cf8ad6c1,OK,,461,PAYLOAD_SUBSTANTIVE,,ددام,1391,1391/12/30,separate,audited,original,DETECTED,Sheet1,9,77,1391/12/30,Sheet1!R6C4,مقبول,UNQUALIFIED_FAIR_FORMULA|HEADING_CELL,Sheet1!R31C14,Sheet1!R32C2,,,1392/02/17,Sheet1!R70C23,,داروسازی داملران رازک
اکسل های صورت مالی کل زیپ ۱۳۹۲-۱۴۰۲.zip,ددام.zip,ددام.zip!ددام_۱۳۹۲_۱۲_۲۹_separate_ن-۱۰_صورتهای مالی سال مالی منتهی به ۱۳۹۲_۱۲_۲۹ (حسابرسی شده).xlsx,ددام_۱۳۹۲_۱۲_۲۹_separate_ن-۱۰_صورتهای مالی سال مالی منتهی به ۱۳۹۲_۱۲_۲۹ (حسابرسی شده).xlsx,OLE2_LEGACY_EXCEL,.xlsx,72192,417e0208c4b6fc01581d1a4c3cdd6532eb634ec52fdac6b43da205a5d05a16ca,OK,,579,PAYLOAD_SUBSTANTIVE,,ددام,1392,1392/12/29,separate,audited,original,DETECTED,Sheet1,9,68,1392/12/29,Sheet1!R6C4,مقبول,UNQUALIFIED_FAIR_FORMULA|HEADING_CELL,Sheet1!R28C14,Sheet1!R29C2,,,1393/02/14,Sheet1!R60C23,,داروسازی داملران رازک
اکسل های صورت مالی کل زیپ ۱۳۹۲-۱۴۰۲.zip,ددام.zip,ددام.zip!ددام_۱۳۹۳_۱۲_۲۹_separate_ن-۱۰_صورتهای مالی سال مالی منتهی به ۱۳۹۳_۱۲_۲۹ (حسابرسی شده).xlsx,ددام_۱۳۹۳_۱۲_۲۹_separate_ن-۱۰_صورتهای مالی سال مالی منتهی به ۱۳۹۳_۱۲_۲۹ (حسابرسی شده).xlsx,OLE2_LEGACY_EXCEL,.xlsx,75264,ed732fdff928f5cb42136d2fa2923ebeb710cab916eb6ec9d391756fc63006b6,OK,,605,PAYLOAD_SUBSTANTIVE,,ددام,1393,1393/12/29,separate,audited,original,DETECTED,Sheet1,9,73,1393/12/29,Sheet1!R6C4,مقبول,UNQUALIFIED_FAIR_FORMULA|HEADING_CELL,Sheet1!R28C14,Sheet1!R29C2,,,1394/02/14,Sheet1!R65C23,,داروسازی زاگرس فارمد پارس
اکسل های صورت مالی کل زیپ ۱۳۹۲-۱۴۰۲.zip,ددام.zip,ددام.zip!ددام_۱۳۹۴_۱۲_۲۹_separate_ن-۱۰_صورت‌های مالی سال مالی منتهی به ۱۳۹۴_۱۲_۲۹ (حسابرسی شده).xlsx,ددام_۱۳۹۴_۱۲_۲۹_separate_ن-۱۰_صورت‌های مالی سال مالی منتهی به ۱۳۹۴_۱۲_۲۹ (حسابرسی شده).xlsx,OLE2_LEGACY_EXCEL,.xlsx,80896,03ac9ac8616a516cb4c3425faf4a874f2deb056ffa6a8820d28e1efe96995669,OK,,637,PAYLOAD_SUBSTANTIVE,,ددام,1394,1394/12/29,separate,audited,original,DETECTED,Sheet1,9,70,1394/12/29,Sheet1!R6C4,مقبول,UNQUALIFIED_FAIR_FORMULA|HEADING_CELL,Sheet1!R28C14,Sheet1!R29C2,,,1395/02/14,Sheet1!R62C23,,داروسازی زاگرس فارمد پارس
اکسل های صورت مالی کل زیپ ۱۳۹۲-۱۴۰۲.zip,ددام.zip,ددام.zip!ددام_۱۳۹۵_۱۲_۳۰_separate_ن-۱۰_صورت‌های مالی سال مالی منتهی به ۱۳۹۵_۱۲_۳۰ (حسابرسی شده).xlsx,ددام_۱۳۹۵_۱۲_۳۰_separate_ن-۱۰_صورت‌های مالی سال مالی منتهی به ۱۳۹۵_۱۲_۳۰ (حسابرسی شده).xlsx,OLE2_LEGACY_EXCEL,.xlsx,94208,bafeb3103883e7c4987ef4e62188adaefccff4cbfd58e0528c503015aebe9d8c,OK,,690,PAYLOAD_SUBSTANTIVE,,ددام,1395,1395/12/30,separate,audited,original,DETECTED,Sheet1,11,106,1395/12/30,Sheet1!R8C4,مشروط,QUALIFIED_FAIR_WITH_EXCEPTION|HEADING_CELL,Sheet1!R46C12,Sheet1!R47C2,,,1396/03/03,Sheet1!R96C20,,داروسازی زاگرس فارمد پارس
اکسل های صورت مالی کل زیپ ۱۳۹۲-۱۴۰۲.zip,ددام.zip,ددام.zip!ددام_۱۳۹۶_۱۲_۲۹_separate_ن-۱۰_صورت‌های مالی سال مالی منتهی به ۱۳۹۶_۱۲_۲۹ (حسابرسی شده).xlsx,ددام_۱۳۹۶_۱۲_۲۹_separate_ن-۱۰_صورت‌های مالی سال مالی منتهی به ۱۳۹۶_۱۲_۲۹ (حسابرسی شده).xlsx,OLE2_LEGACY_EXCEL,.xlsx,79872,1e983fdc19fe8400423943de4810c6056b990ca662282df37a79e15df597455a,OK,,681,PAYLOAD_SUBSTANTIVE,,ددام,1396,1396/12/29,separate,audited,original,DETECTED,Sheet1,11,68,1396/12/29,Sheet1!R8C4,مقبول,UNQUALIFIED_FAIR_FORMULA|HEADING_CELL,Sheet1!R29C12,Sheet1!R30C2,,,1397/02/23,Sheet1!R60C20,,داروسازی زاگرس فارمد پارس
اکسل های صورت مالی کل زیپ ۱۳۹۲-۱۴۰۲.zip,ددام.zip,ددام.zip!ددام_۱۳۹۷_۱۲_۲۹_separate_ن-۱۰_صورت‌های مالی سال مالی منتهی به ۱۳۹۷_۱۲_۲۹ (حسابرسی شده).xlsx,ددام_۱۳۹۷_۱۲_۲۹_separate_ن-۱۰_صورت‌های مالی سال مالی منتهی به ۱۳۹۷_۱۲_۲۹ (حسابرسی شده).xlsx,HTML_MISLABELED_XLSX,.xlsx,114185,20a5dd10b126f0dfc50898dd95184bd44ca3e71808a43ed4dbf2a5feb11c1a5c,OK,,495,PAYLOAD_SUBSTANTIVE,,ددام,1397,1397/12/29,separate,audited,original,NOT_DETECTED,,,,1397/12/29,HTML_TABLE_1!R1C2,,,,,,NO_AUDITOR_BLOCK_DETECTED,,,NO_AUDITOR_BLOCK_DETECTED,
اکسل های صورت مالی کل زیپ ۱۳۹۲-۱۴۰۲.zip,ددام.zip,ددام.zip!ددام_۱۳۹۸_۱۲_۲۹_separate_ن-۱۰_صورت‌های مالی سال مالی منتهی به ۱۳۹۸_۱۲_۲۹ (حسابرسی شده).xlsx,ددام_۱۳۹۸_۱۲_۲۹_separate_ن-۱۰_صورت‌های مالی سال مالی منتهی به ۱۳۹۸_۱۲_۲۹ (حسابرسی شده).xlsx,HTML_MISLABELED_XLSX,.xlsx,318570,9bd41706197aab98dceafb2ffbada34eeaf274f3ec934a752cbe15d33662a530,OK,,1514,PAYLOAD_SUBSTANTIVE,,ددام,1398,1398/12/29,separate,audited,original,NOT_DETECTED,,,,1398/12/29,HTML_TABLE_1!R1C2,,,,,,NO_AUDITOR_BLOCK_DETECTED,,,NO_AUDITOR_BLOCK_DETECTED,
اکسل های صورت مالی کل زیپ ۱۳۹۲-۱۴۰۲.zip,ددام.zip,ددام.zip!ددام_۱۳۹۹_۱۲_۳۰_separate_ن-۱۰_صورت‌های مالی سال مالی منتهی به ۱۳۹۹_۱۲_۳۰ (حسابرسی شده).xlsx,ددام_۱۳۹۹_۱۲_۳۰_separate_ن-۱۰_صورت‌های مالی سال مالی منتهی به ۱۳۹۹_۱۲_۳۰ (حسابرسی شده).xlsx,HTML_MISLABELED_XLSX,.xlsx,327469,70c2a49cfc0ce3935e72efd0647c8936830d331abbb51712f7203143962a2d0b,OK,,1557,PAYLOAD_SUBSTANTIVE,,ددام,1399,1399/12/30,separate,audited,original,NOT_DETECTED,,,,1399/12/30,HTML_TABLE_1!R1C2,,,,,,NO_AUDITOR_BLOCK_DETECTED,,,NO_AUDITOR_BLOCK_DETECTED,
اکسل های صورت مالی کل زیپ ۱۳۹۲-۱۴۰۲.zip,ددام.zip,ددام.zip!ددام_۱۴۰۰_۱۲_۲۹_separate_ن-۱۰_صورت‌های مالی سال مالی منتهی به ۱۴۰۰_۱۲_۲۹ (حسابرسی شده).xlsx,ددام_۱۴۰۰_۱۲_۲۹_separate_ن-۱۰_صورت‌های مالی سال مالی منتهی به ۱۴۰۰_۱۲_۲۹ (حسابرسی شده).xlsx,HTML_MISLABELED_XLSX,.xlsx,413627,c9ac6f7294a22868b5d97e6844d9ecf058aaab58495d01011a105d8c994b8f85,OK,,2026,PAYLOAD_SUBSTANTIVE,,ددام,1400,1400/12/29,separate,audited,original,NOT_DETECTED,,,,1400/12/29,HTML_TABLE_1!R1C2,,,,,,NO_AUDITOR_BLOCK_DETECTED,,,NO_AUDITOR_BLOCK_DETECTED,
اکسل های صورت مالی کل زیپ ۱۳۹۲-۱۴۰۲.zip,ددام.zip,ددام.zip!ددام_۱۴۰۱_۱۲_۲۹_separate_ن-۱۰_صورت‌های مالی سال مالی منتهی به ۱۴۰۱_۱۲_۲۹ (حسابرسی شده).xlsx,ددام_۱۴۰۱_۱۲_۲۹_separate_ن-۱۰_صورت‌های مالی سال مالی منتهی به ۱۴۰۱_۱۲_۲۹ (حسابرسی شده).xlsx,HTML_MISLABELED_XLSX,.xlsx,457122,b07291a64478d5d9b6b7191438d44e9f8ff5eae6a226d500f4ca0ef691b4dd1c,OK,,2253,PAYLOAD_SUBSTANTIVE,,ددام,1401,1401/12/29,separate,audited,original,NOT_DETECTED,,,,1401/12/29,HTML_TABLE_1!R1C2,,,,,,NO_AUDITOR_BLOCK_DETECTED,,,NO_AUDITOR_BLOCK_DETECTED,
اکسل های صورت مالی کل زیپ ۱۳۹۲-۱۴۰۲.zip,ددام.zip,ددام.zip!ددام_۱۴۰۲_۱۲_۲۹_separate_ن-۱۰_صورت‌های مالی سال مالی منتهی به ۱۴۰۲_۱۲_۲۹ (حسابرسی شده).xlsx,ددام_۱۴۰۲_۱۲_۲۹_separate_ن-۱۰_صورت‌های مالی سال مالی منتهی به ۱۴۰۲_۱۲_۲۹ (حسابرسی شده).xlsx,HTML_MISLABELED_XLSX,.xlsx,448596,2d9772c959c7ce3d393ed55f9a2e42a099ea8bfcbdd683f36657f6ea7734e790,OK,,2205,PAYLOAD_SUBSTANTIVE,,ددام,1402,1402/12/29,separate,audited,original,NOT_DETECTED,,,,1402/12/29,HTML_TABLE_1!R1C2,,,,,,NO_AUDITOR_BLOCK_DETECTED,,,NO_AUDITOR_BLOCK_DETECTED,
اکسل های صورت مالی کل زیپ ۱۳۹۲-۱۴۰۲.zip,درازك.zip,درازك.zip!درازك_۱۳۹۱_۱۲_۳۰_separate_ن-۱۰_صورتهای مالی سال مالی منتهی به ۱۳۹۱_۱۲_۳۰ (حسابرسی شده).xlsx,درازك_۱۳۹۱_۱۲_۳۰_separate_ن-۱۰_صورتهای مالی سال مالی منتهی به ۱۳۹۱_۱۲_۳۰ (حسابرسی شده).xlsx,OLE2_LEGACY_EXCEL,.xlsx,62976,8b3bc8c0bcc70570cde8a10a7013e841dfa8affac816d9646f972cd18e23fbc6,OK,,511,PAYLOAD_SUBSTANTIVE,,درازک,1391,1391/12/30,separate,audited,original,DETECTED,Sheet1,9,84,1391/12/30,Sheet1!R6C4,مقبول,UNQUALIFIED_FAIR_FORMULA|HEADING_CELL,Sheet1!R31C14,Sheet1!R32C2,,,1392/02/17,Sheet1!R77C23,,لابراتوارهای رازک
اکسل های صورت مالی کل زیپ ۱۳۹۲-۱۴۰۲.zip,درازك.zip,درازك.zip!درازك_۱۳۹۲_۱۲_۲۹_separate_ن-۱۰_صورتهای مالی سال مالی منتهی به ۱۳۹۲_۱۲_۲۹ (حسابرسی شده).xlsx,درازك_۱۳۹۲_۱۲_۲۹_separate_ن-۱۰_صورتهای مالی سال مالی منتهی به ۱۳۹۲_۱۲_۲۹ (حسابرسی شده).xlsx,OLE2_LEGACY_EXCEL,.xlsx,76800,63013db35aef45463061838cdad41f8307cc170b80d5b07dd29bbf82608a0c0c,OK,,625,PAYLOAD_SUBSTANTIVE,,درازک,1392,1392/12/29,separate,audited,original,DETECTED,Sheet1,9,78,1392/12/29,Sheet1!R6C4,مقبول,UNQUALIFIED_FAIR_FORMULA|HEADING_CELL,Sheet1!R28C14,Sheet1!R29C2,,,1393/02/20,Sheet1!R70C23,,لابراتوارهای رازک
اکسل های صورت مالی کل زیپ ۱۳۹۲-۱۴۰۲.zip,درازك.zip,درازك.zip!درازك_۱۳۹۳_۱۲_۲۹_separate_ن-۱۰_صورتهای مالی سال مالی منتهی به ۱۳۹۳_۱۲_۲۹ (حسابرسی شده).xlsx,درازك_۱۳۹۳_۱۲_۲۹_separate_ن-۱۰_صورتهای مالی سال مالی منتهی به ۱۳۹۳_۱۲_۲۹ (حسابرسی شده).xlsx,OLE2_LEGACY_EXCEL,.xlsx,78848,3d299b51b78d86f0174cfd5df8950daab44de7bc667894de0345225c346be296,OK,,655,PAYLOAD_SUBSTANTIVE,,درازک,1393,1393/12/29,separate,audited,original,DETECTED,Sheet1,9,69,1393/12/29,Sheet1!R6C4,مشروط,QUALIFIED_FAIR_WITH_EXCEPTION|HEADING_CELL,Sheet1!R30C14,Sheet1!R31C2,,,1394/02/26,Sheet1!R61C23,,لابراتوارهای رازک
اکسل های صورت مالی کل زیپ ۱۳۹۲-۱۴۰۲.zip,درازك.zip,درازك.zip!درازك_۱۳۹۴_۱۲_۲۹_separate_ن-۱۰_صورت‌های مالی سال مالی منتهی به ۱۳۹۴_۱۲_۲۹ (حسابرسی شده).xlsx,درازك_۱۳۹۴_۱۲_۲۹_separate_ن-۱۰_صورت‌های مالی سال مالی منتهی به ۱۳۹۴_۱۲_۲۹ (حسابرسی شده).xlsx,OLE2_LEGACY_EXCEL,.xlsx,83456,3c7310ecefc432d2668ae754c62b951648b1b9387554e649fbd363fa605231d6,OK,,692,PAYLOAD_SUBSTANTIVE,,درازک,1394,1394/12/29,separate,audited,original,DETECTED,Sheet1,9,69,1394/12/29,Sheet1!R6C4,مشروط,QUALIFIED_FAIR_WITH_EXCEPTION|HEADING_CELL,Sheet1!R35C14,Sheet1!R36C2,,,1395/02/25,Sheet1!R61C23,,لابراتوارهای رازک
اکسل های صورت مالی کل زیپ ۱۳۹۲-۱۴۰۲.zip,درازك.zip,درازك.zip!درازك_۱۳۹۵_۱۲_۳۰_separate_ن-۱۰_صورت‌های مالی سال مالی منتهی به ۱۳۹۵_۱۲_۳۰ (حسابرسی شده).xlsx,درازك_۱۳۹۵_۱۲_۳۰_separate_ن-۱۰_صورت‌های مالی سال مالی منتهی به ۱۳۹۵_۱۲_۳۰ (حسابرسی شده).xlsx,OLE2_LEGACY_EXCEL,.xlsx,79872,1bbcb1e5937be9a1a75d6d502cf0d46e3d597d62019239029de13e18ab13fa98,OK,,697,PAYLOAD_SUBSTANTIVE,,درازک,1395,1395/12/30,separate,audited,original,DETECTED,Sheet1,11,66,1395/12/30,Sheet1!R8C4,مشروط,QUALIFIED_FAIR_WITH_EXCEPTION|HEADING_CELL,Sheet1!R33C12,Sheet1!R35C2,,,1396/02/23,Sheet1!R57C20,,لابراتوارهای رازک
اکسل های صورت مالی کل زیپ ۱۳۹۲-۱۴۰۲.zip,درازك.zip,درازك.zip!درازك_۱۳۹۶_۱۲_۲۹_separate_ن-۱۰_صورت‌های مالی سال مالی منتهی به ۱۳۹۶_۱۲_۲۹ (حسابرسی شده).xlsx,درازك_۱۳۹۶_۱۲_۲۹_separate_ن-۱۰_صورت‌های مالی سال مالی منتهی به ۱۳۹۶_۱۲_۲۹ (حسابرسی شده).xlsx,OLE2_LEGACY_EXCEL,.xlsx,80896,fba29a2821e6ea505b71d369d82d7779f336597b306174ae69e3dc46c0fdf44e,OK,,693,PAYLOAD_SUBSTANTIVE,,درازک,1396,1396/12/29,separate,audited,original,DETECTED,Sheet1,11,67,1396/12/29,Sheet1!R8C4,مقبول,UNQUALIFIED_FAIR_FORMULA|HEADING_CELL,Sheet1!R29C12,Sheet1!R30C2,,,1397/03/20,Sheet1!R59C20,,لابراتوارهای رازک
اکسل های صورت مالی کل زیپ ۱۳۹۲-۱۴۰۲.zip,درازك.zip,درازك.zip!درازك_۱۳۹۷_۱۲_۲۹_separate_ن-۱۰_صورت‌های مالی سال مالی منتهی به ۱۳۹۷_۱۲_۲۹ (حسابرسی شده).xlsx,درازك_۱۳۹۷_۱۲_۲۹_separate_ن-۱۰_صورت‌های مالی سال مالی منتهی به ۱۳۹۷_۱۲_۲۹ (حسابرسی شده).xlsx,HTML_MISLABELED_XLSX,.xlsx,113707,5c74bc48e1a37b4721c97476e360792f6345938d8c521ac23f11b12056ea9384,OK,,495,PAYLOAD_SUBSTANTIVE,,درازک,1397,1397/12/29,separate,audited,original,NOT_DETECTED,,,,1397/12/29,HTML_TABLE_1!R1C2,,,,,,NO_AUDITOR_BLOCK_DETECTED,,,NO_AUDITOR_BLOCK_DETECTED,
اکسل های صورت مالی کل زیپ ۱۳۹۲-۱۴۰۲.zip,درازك.zip,درازك.zip!درازك_۱۳۹۸_۱۲_۲۹_separate_ن-۱۰_صورت‌های مالی سال مالی منتهی به ۱۳۹۸_۱۲_۲۹ (حسابرسی شده).xlsx,درازك_۱۳۹۸_۱۲_۲۹_separate_ن-۱۰_صورت‌های مالی سال مالی منتهی به ۱۳۹۸_۱۲_۲۹ (حسابرسی شده).xlsx,HTML_MISLABELED_XLSX,.xlsx,328812,436e2b3ec8b8114c5dc59fcb535a5e18cacf119f88197c2200c667fa95aba7b1,OK,,1412,PAYLOAD_SUBSTANTIVE,,درازک,1398,1398/12/29,separate,audited,original,NOT_DETECTED,,,,1398/12/29,HTML_TABLE_1!R1C2,,,,,,NO_AUDITOR_BLOCK_DETECTED,,,NO_AUDITOR_BLOCK_DETECTED,
اکسل های صورت مالی کل زیپ ۱۳۹۲-۱۴۰۲.zip,درازك.zip,درازك.zip!درازك_۱۳۹۹_۱۲_۳۰_consolidated_ن-۱۰_صورت‌های مالی تلفیقی سال مالی منتهی به ۱۳۹۹_۱۲_۳۰ (حسابرسی شده).xlsx,درازك_۱۳۹۹_۱۲_۳۰_consolidated_ن-۱۰_صورت‌های مالی تلفیقی سال مالی منتهی به ۱۳۹۹_۱۲_۳۰ (حسابرسی شده).xlsx,HTML_MISLABELED_XLSX,.xlsx,530730,6419d236f6481f4217d4175122619a036b2b653863d172ab40abcad6ae6f74e4,OK,,2597,PAYLOAD_SUBSTANTIVE,,درازک,1399,1399/12/30,consolidated,audited,original,NOT_DETECTED,,,,1399/12/30,HTML_TABLE_1!R1C2,,,,,,NO_AUDITOR_BLOCK_DETECTED,,,NO_AUDITOR_BLOCK_DETECTED,
اکسل های صورت مالی کل زیپ ۱۳۹۲-۱۴۰۲.zip,درازك.zip,درازك.zip!درازك_۱۴۰۰_۱۲_۲۹_consolidated_ن-۱۰_صورت‌های مالی تلفیقی سال مالی منتهی به ۱۴۰۰_۱۲_۲۹ (حسابرسی شده).xlsx,درازك_۱۴۰۰_۱۲_۲۹_consolidated_ن-۱۰_صورت‌های مالی تلفیقی سال مالی منتهی به ۱۴۰۰_۱۲_۲۹ (حسابرسی شده).xlsx,HTML_MISLABELED_XLSX,.xlsx,630411,da5285dfbf162538ddcaaa4248e111d020123f8baa7dd87fc1f1e143dbd01415,OK,,3130,PAYLOAD_SUBSTANTIVE,,درازک,1400,1400/12/29,consolidated,audited,original,NOT_DETECTED,,,,1400/12/29,HTML_TABLE_1!R1C2,,,,,,NO_AUDITOR_BLOCK_DETECTED,,,NO_AUDITOR_BLOCK_DETECTED,
اکسل های صورت مالی کل زیپ ۱۳۹۲-۱۴۰۲.zip,درازك.zip,درازك.zip!درازك_۱۴۰۱_۱۲_۲۹_consolidated_ن-۱۰_صورت‌های مالی تلفیقی سال مالی منتهی به ۱۴۰۱_۱۲_۲۹ (حسابرسی شده).xlsx,درازك_۱۴۰۱_۱۲_۲۹_consolidated_ن-۱۰_صورت‌های مالی تلفیقی سال مالی منتهی به ۱۴۰۱_۱۲_۲۹ (حسابرسی شده).xlsx,HTML_MISLABELED_XLSX,.xlsx,522564,b7d09ce68791c38f2a4a0f61b67a14e3a4d73fc951338cfc3d5493226e02cb8e,OK,,2645,PAYLOAD_SUBSTANTIVE,,درازک,1401,1401/12/29,consolidated,audited,original,NOT_DETECTED,,,,1401/12/29,HTML_TABLE_1!R1C2,,,,,,NO_AUDITOR_BLOCK_DETECTED,,,NO_AUDITOR_BLOCK_DETECTED,
اکسل های صورت مالی کل زیپ ۱۳۹۲-۱۴۰۲.zip,درازك.zip,درازك.zip!درازك_۱۴۰۲_۱۲_۲۹_consolidated_ن-۱۰_صورت‌های مالی تلفیقی سال مالی منتهی به ۱۴۰۲_۱۲_۲۹ (حسابرسی شده).xlsx,درازك_۱۴۰۲_۱۲_۲۹_consolidated_ن-۱۰_صورت‌های مالی تلفیقی سال مالی منتهی به ۱۴۰۲_۱۲_۲۹ (حسابرسی شده).xlsx,HTML_MISLABELED_XLSX,.xlsx,693737,eb5570b25c439f86d27aae70977b3c01da956b66c502bac8a63be26dce602e9e,OK,,3334,PAYLOAD_SUBSTANTIVE,,درازک,1402,1402/12/29,consolidated,audited,original,NOT_DETECTED,,,,1402/12/29,HTML_TABLE_1!R1C2,,,,,,NO_AUDITOR_BLOCK_DETECTED,,,NO_AUDITOR_BLOCK_DETECTED,
اکسل های صورت مالی کل زیپ ۱۳۹۲-۱۴۰۲.zip,دروز.zip,دروز.zip!دروز_۱۳۹۱_۱۲_۳۰_separate_ن-۱۰_صورتهای مالی سال مالی منتهی به ۱۳۹۱_۱۲_۳۰ (حسابرسی شده).xlsx,دروز_۱۳۹۱_۱۲_۳۰_separate_ن-۱۰_صورتهای مالی سال مالی منتهی به ۱۳۹۱_۱۲_۳۰ (حسابرسی شده).xlsx,OLE2_LEGACY_EXCEL,.xlsx,60416,c156db2f3d4fbbb20aca6961618e344bf543b2f32dd45d9a8ca4a51684222d70,OK,,486,PAYLOAD_SUBSTANTIVE,,دروز,1391,1391/12/30,separate,audited,original,DETECTED,Sheet1,9,86,1391/12/30,Sheet1!R6C4,مقبول,UNQUALIFIED_FAIR_FORMULA|HEADING_CELL,Sheet1!R32C14,Sheet1!R34C2,,,1392/03/29,Sheet1!R79C23,,روز دارو
اکسل های صورت مالی کل زیپ ۱۳۹۲-۱۴۰۲.zip,دروز.zip,دروز.zip!دروز_۱۳۹۲_۱۲_۲۹_separate_ن-۱۰_صورتهای مالی سال مالی منتهی به ۱۳۹۲_۱۲_۲۹ (حسابرسی شده).xlsx,دروز_۱۳۹۲_۱۲_۲۹_separate_ن-۱۰_صورتهای مالی سال مالی منتهی به ۱۳۹۲_۱۲_۲۹ (حسابرسی شده).xlsx,OLE2_LEGACY_EXCEL,.xlsx,77312,e9e0fd9953048cf88df59f87b55983383bf745a86ce307f0a4842b6d6a4cc3c9,OK,,592,PAYLOAD_SUBSTANTIVE,,دروز,1392,1392/12/29,separate,audited,original,DETECTED,Sheet1,9,81,1392/12/29,Sheet1!R6C4,مشروط,QUALIFIED_FAIR_WITH_EXCEPTION|HEADING_CELL,Sheet1!R36C14,Sheet1!R37C2,,,1393/03/30,Sheet1!R73C23,,روز دارو
اکسل های صورت مالی کل زیپ ۱۳۹۲-۱۴۰۲.zip,دروز.zip,دروز.zip!دروز_۱۳۹۳_۱۲_۲۹_separate_ن-۱۰_صورتهای مالی سال مالی منتهی به ۱۳۹۳_۱۲_۲۹ (حسابرسی شده).xlsx,دروز_۱۳۹۳_۱۲_۲۹_separate_ن-۱۰_صورتهای مالی سال مالی منتهی به ۱۳۹۳_۱۲_۲۹ (حسابرسی شده).xlsx,OLE2_LEGACY_EXCEL,.xlsx,73216,00d6105ddae9d281aa8a00750d03bbeea7302eb714fbedadfaee4837fa2af2d0,OK,,622,PAYLOAD_SUBSTANTIVE,,دروز,1393,1393/12/29,separate,audited,original,DETECTED,Sheet1,9,67,1393/12/29,Sheet1!R6C4,مشروط,QUALIFIED_FAIR_WITH_EXCEPTION|HEADING_CELL,Sheet1!R30C14,Sheet1!R31C2,,,1394/03/11,Sheet1!R59C23,,داروسازی روز دارو
اکسل های صورت مالی کل زیپ ۱۳۹۲-۱۴۰۲.zip,دروز.zip,دروز.zip!دروز_۱۳۹۴_۱۲_۲۹_separate_ن-۱۰_صورت‌های مالی سال مالی منتهی به ۱۳۹۴_۱۲_۲۹ (حسابرسی شده).xlsx,دروز_۱۳۹۴_۱۲_۲۹_separate_ن-۱۰_صورت‌های مالی سال مالی منتهی به ۱۳۹۴_۱۲_۲۹ (حسابرسی شده).xlsx,OLE2_LEGACY_EXCEL,.xlsx,84480,b163811a6c725367fcde87712fc63b73a113484187eb9f9564d2021ceb40bf95,OK,,663,PAYLOAD_SUBSTANTIVE,,دروز,1394,1394/12/29,separate,audited,original,DETECTED,Sheet1,9,75,1394/12/29,Sheet1!R6C4,مشروط,QUALIFIED_FAIR_WITH_EXCEPTION|HEADING_CELL,Sheet1!R37C14,Sheet1!R38C2,,,1395/03/31,Sheet1!R67C23,,داروسازی روز دارو
اکسل های صورت مالی کل زیپ ۱۳۹۲-۱۴۰۲.zip,دروز.zip,دروز.zip!دروز_۱۳۹۵_۱۲_۳۰_separate_ن-۱۰_صورت‌های مالی سال مالی منتهی به ۱۳۹۵_۱۲_۳۰ (حسابرسی شده).xlsx,دروز_۱۳۹۵_۱۲_۳۰_separate_ن-۱۰_صورت‌های مالی سال مالی منتهی به ۱۳۹۵_۱۲_۳۰ (حسابرسی شده).xlsx,OLE2_LEGACY_EXCEL,.xlsx,80384,6d4e22e90c53e7d291dd7b38c4161049f4a4e4765410e6de9e79d266ce416db5,OK,,646,PAYLOAD_SUBSTANTIVE,,دروز,1395,1395/12/30,separate,audited,original,DETECTED,Sheet1,11,76,1395/12/30,Sheet1!R8C4,مشروط,QUALIFIED_FAIR_WITH_EXCEPTION|HEADING_CELL,Sheet1!R43C12,Sheet1!R44C2,,,1396/03/27,Sheet1!R68C20,,داروسازی روز دارو
اکسل های صورت مالی کل زیپ ۱۳۹۲-۱۴۰۲.zip,دروز.zip,دروز.zip!دروز_۱۳۹۶_۱۲_۲۹_separate_ن-۱۰_صورت‌های مالی سال مالی منتهی به ۱۳۹۶_۱۲_۲۹ (حسابرسی شده).xlsx,دروز_۱۳۹۶_۱۲_۲۹_separate_ن-۱۰_صورت‌های مالی سال مالی منتهی به ۱۳۹۶_۱۲_۲۹ (حسابرسی شده).xlsx,OLE2_LEGACY_EXCEL,.xlsx,82944,e8a73b27491a16e02c956a2de1d8b527d7e0cdf52f7b9203059f2e003c13d185,OK,,653,PAYLOAD_SUBSTANTIVE,,دروز,1396,1396/12/29,separate,audited,original,DETECTED,Sheet1,11,81,1396/12/29,Sheet1!R8C4,مشروط,QUALIFIED_FAIR_WITH_EXCEPTION|HEADING_CELL,Sheet1!R41C12,Sheet1!R42C2,,,1397/04/11,Sheet1!R72C20,,داروسازی روز دارو
اکسل های صورت مالی کل زیپ ۱۳۹۲-۱۴۰۲.zip,دروز.zip,دروز.zip!دروز_۱۳۹۷_۱۲_۲۹_separate_ن-۱۰_صورت‌های مالی سال مالی منتهی به ۱۳۹۷_۱۲_۲۹ (حسابرسی شده).xlsx,دروز_۱۳۹۷_۱۲_۲۹_separate_ن-۱۰_صورت‌های مالی سال مالی منتهی به ۱۳۹۷_۱۲_۲۹ (حسابرسی شده).xlsx,HTML_MISLABELED_XLSX,.xlsx,113573,5e2e38f5eaeeddad6669e360c6a6c3ad77845874b11f2f4869c560021ad02cf2,OK,,495,PAYLOAD_SUBSTANTIVE,,دروز,1397,1397/12/29,separate,audited,original,NOT_DETECTED,,,,1397/12/29,HTML_TABLE_1!R1C2,,,,,,NO_AUDITOR_BLOCK_DETECTED,,,NO_AUDITOR_BLOCK_DETECTED,
اکسل های صورت مالی کل زیپ ۱۳۹۲-۱۴۰۲.zip,دروز.zip,دروز.zip!دروز_۱۳۹۸_۱۲_۲۹_separate_ن-۱۰_صورت‌های مالی سال مالی منتهی به ۱۳۹۸_۱۲_۲۹ (حسابرسی شده).xlsx,دروز_۱۳۹۸_۱۲_۲۹_separate_ن-۱۰_صورت‌های مالی سال مالی منتهی به ۱۳۹۸_۱۲_۲۹ (حسابرسی شده).xlsx,HTML_MISLABELED_XLSX,.xlsx,290329,045e45842d69db496b168b14471a4d4457ee5c05cd7fe53d5f2ac49f6068166e,OK,,1343,PAYLOAD_SUBSTANTIVE,,دروز,1398,1398/12/29,separate,audited,original,NOT_DETECTED,,,,1398/12/29,HTML_TABLE_1!R1C2,,,,,,NO_AUDITOR_BLOCK_DETECTED,,,NO_AUDITOR_BLOCK_DETECTED,
اکسل های صورت مالی کل زیپ ۱۳۹۲-۱۴۰۲.zip,دروز.zip,دروز.zip!دروز_۱۳۹۹_۱۲_۳۰_separate_ن-۱۰_صورت‌های مالی سال مالی منتهی به ۱۳۹۹_۱۲_۳۰ (حسابرسی شده).xlsx,دروز_۱۳۹۹_۱۲_۳۰_separate_ن-۱۰_صورت‌های مالی سال مالی منتهی به ۱۳۹۹_۱۲_۳۰ (حسابرسی شده).xlsx,HTML_MISLABELED_XLSX,.xlsx,295368,7f349419517cc809e293c6158f6e9c86a219937aa733b2a6a1b67a2abf60db88,OK,,1375,PAYLOAD_SUBSTANTIVE,,دروز,1399,1399/12/30,separate,audited,original,NOT_DETECTED,,,,1399/12/30,HTML_TABLE_1!R1C2,,,,,,NO_AUDITOR_BLOCK_DETECTED,,,NO_AUDITOR_BLOCK_DETECTED,
اکسل های صورت مالی کل زیپ ۱۳۹۲-۱۴۰۲.zip,دروز.zip,دروز.zip!دروز_۱۴۰۰_۱۲_۲۹_separate_ن-۱۰_صورت‌های مالی سال مالی منتهی به ۱۴۰۰_۱۲_۲۹ (حسابرسی شده).xlsx,دروز_۱۴۰۰_۱۲_۲۹_separate_ن-۱۰_صورت‌های مالی سال مالی منتهی به ۱۴۰۰_۱۲_۲۹ (حسابرسی شده).xlsx,HTML_MISLABELED_XLSX,.xlsx,359576,e5e9f2e6c182b3aa7bbbf37b731d8a4d0578d5a227fb4eb1f06d6a2c152fc145,OK,,1643,PAYLOAD_SUBSTANTIVE,,دروز,1400,1400/12/29,separate,audited,original,NOT_DETECTED,,,,1400/12/29,HTML_TABLE_1!R1C2,,,,,,NO_AUDITOR_BLOCK_DETECTED,,,NO_AUDITOR_BLOCK_DETECTED,
اکسل های صورت مالی کل زیپ ۱۳۹۲-۱۴۰۲.zip,دروز.zip,دروز.zip!دروز_۱۴۰۱_۱۲_۲۹_separate_ن-۱۰_صورت‌های مالی سال مالی منتهی به ۱۴۰۱_۱۲_۲۹ (حسابرسی شده).xlsx,دروز_۱۴۰۱_۱۲_۲۹_separate_ن-۱۰_صورت‌های مالی سال مالی منتهی به ۱۴۰۱_۱۲_۲۹ (حسابرسی شده).xlsx,HTML_MISLABELED_XLSX,.xlsx,401667,215b8fe509bb3f56bd93f5d436b4b91e423dc12862c3a6625b4da188e9c88116,OK,,1884,PAYLOAD_SUBSTANTIVE,,دروز,1401,1401/12/29,separate,audited,original,NOT_DETECTED,,,,1401/12/29,HTML_TABLE_1!R1C2,,,,,,NO_AUDITOR_BLOCK_DETECTED,,,NO_AUDITOR_BLOCK_DETECTED,
اکسل های صورت مالی کل زیپ ۱۳۹۲-۱۴۰۲.zip,دروز.zip,دروز.zip!دروز_۱۴۰۲_۱۲_۲۹_separate_ن-۱۰_صورت‌های مالی سال مالی منتهی به ۱۴۰۲_۱۲_۲۹ (حسابرسی شده).xlsx,دروز_۱۴۰۲_۱۲_۲۹_separate_ن-۱۰_صورت‌های مالی سال مالی منتهی به ۱۴۰۲_۱۲_۲۹ (حسابرسی شده).xlsx,HTML_MISLABELED_XLSX,.xlsx,414832,4636b3ad875a4b3f05097d3c43997a8fd67dbfb63263c867828d0c8811a309cb,OK,,1966,PAYLOAD_SUBSTANTIVE,,دروز,1402,1402/12/29,separate,audited,original,NOT_DETECTED,,,,1402/12/29,HTML_TABLE_1!R1C2,,,,,,NO_AUDITOR_BLOCK_DETECTED,,,NO_AUDITOR_BLOCK_DETECTED,
اکسل های صورت مالی کل زیپ ۱۳۹۲-۱۴۰۲.zip,دسبحا.zip,دسبحا.zip!دسبحا_۱۳۹۱_۱۲_۳۰_separate_ن-۱۰_صورتهای مالی سال مالی منتهی به ۱۳۹۱_۱۲_۳۰ (حسابرسی شده).xlsx,دسبحا_۱۳۹۱_۱۲_۳۰_separate_ن-۱۰_صورتهای مالی سال مالی منتهی به ۱۳۹۱_۱۲_۳۰ (حسابرسی شده).xlsx,OLE2_LEGACY_EXCEL,.xlsx,76288,828f17450bf29ae8dd7e5842d6704192a75a5b453f336f4cbd2937452ce5ad0c,OK,,851,PAYLOAD_SUBSTANTIVE,,دسبحا,1391,1391/12/30,separate,audited,original,DETECTED,Sheet1,9,72,1391/12/30,Sheet1!R6C4,مقبول,UNQUALIFIED_FAIR_FORMULA|HEADING_CELL,Sheet1!R28C14,Sheet1!R29C2,,,1392/02/17,Sheet1!R61C23,,گروه دارویی سبحان
اکسل های صورت مالی کل زیپ ۱۳۹۲-۱۴۰۲.zip,دسبحا.zip,دسبحا.zip!دسبحا_۱۳۹۲_۱۲_۲۹_separate_ن-۱۰_صورتهای مالی سال مالی منتهی به ۱۳۹۲_۱۲_۲۹ (حسابرسی شده).xlsx,دسبحا_۱۳۹۲_۱۲_۲۹_separate_ن-۱۰_صورتهای مالی سال مالی منتهی به ۱۳۹۲_۱۲_۲۹ (حسابرسی شده).xlsx,OLE2_LEGACY_EXCEL,.xlsx,78336,b10455d0affd9f56166681ce7797d93556f648fbdf69ff4b9535c19590da6391,OK,,909,PAYLOAD_SUBSTANTIVE,,دسبحا,1392,1392/12/29,separate,audited,original,DETECTED,Sheet1,9,54,1392/12/29,Sheet1!R6C4,مقبول,UNQUALIFIED_FAIR_FORMULA|HEADING_CELL,Sheet1!R28C14,Sheet1!R29C2,,,1393/02/17,Sheet1!R45C23,,گروه دارویی سبحان
اکسل های صورت مالی کل زیپ ۱۳۹۲-۱۴۰۲.zip,دسبحا.zip,دسبحا.zip!دسبحا_۱۳۹۳_۱۲_۲۹_separate_ن-۱۰_صورتهای مالی سال مالی منتهی به ۱۳۹۳_۱۲_۲۹ (حسابرسی شده).xlsx,دسبحا_۱۳۹۳_۱۲_۲۹_separate_ن-۱۰_صورتهای مالی سال مالی منتهی به ۱۳۹۳_۱۲_۲۹ (حسابرسی شده).xlsx,OLE2_LEGACY_EXCEL,.xlsx,72704,5e12e58328730d3adcbbf151d1218b2decc4293c08624f3cb2700cdf2e4bb2de,OK,,810,PAYLOAD_SUBSTANTIVE,,دسبحا,1393,1393/12/29,separate,audited,original,DETECTED,Sheet1,9,53,1393/12/29,Sheet1!R6C4,مقبول,UNQUALIFIED_FAIR_FORMULA|HEADING_CELL,Sheet1!R28C14,Sheet1!R29C2,,,1394/02/17,Sheet1!R44C23,,گروه دارویی سبحان
اکسل های صورت مالی کل زیپ ۱۳۹۲-۱۴۰۲.zip,دسبحا.zip,دسبحا.zip!دسبحا_۱۳۹۴_۱۲_۲۹_separate_ن-۱۰_صورت‌های مالی سال مالی منتهی به ۱۳۹۴_۱۲_۲۹ (حسابرسی شده).xlsx,دسبحا_۱۳۹۴_۱۲_۲۹_separate_ن-۱۰_صورت‌های مالی سال مالی منتهی به ۱۳۹۴_۱۲_۲۹ (حسابرسی شده).xlsx,OLE2_LEGACY_EXCEL,.xlsx,74752,3f5df9da4df247da999d7dba56361ee9ed774b9910bc516b447cc62a2c4edebe,OK,,793,PAYLOAD_SUBSTANTIVE,,دسبحا,1394,1394/12/29,separate,audited,original,DETECTED,Sheet1,9,55,1394/12/29,Sheet1!R6C4,مقبول,UNQUALIFIED_FAIR_FORMULA|HEADING_CELL,Sheet1!R28C14,Sheet1!R29C2,,,1395/02/24,Sheet1!R46C23,,گروه دارویی سبحان
اکسل های صورت مالی کل زیپ ۱۳۹۲-۱۴۰۲.zip,دسبحا.zip,دسبحا.zip!دسبحا_۱۳۹۵_۱۲_۳۰_separate_ن-۱۰_صورت‌های مالی سال مالی منتهی به ۱۳۹۵_۱۲_۳۰ (حسابرسی شده).xlsx,دسبحا_۱۳۹۵_۱۲_۳۰_separate_ن-۱۰_صورت‌های مالی سال مالی منتهی به ۱۳۹۵_۱۲_۳۰ (حسابرسی شده).xlsx,OLE2_LEGACY_EXCEL,.xlsx,93696,775df47ded921689b6f9d2d71b5a59b17580b21d56e7b33c0c6a69cb02259fd0,OK,,1043,PAYLOAD_SUBSTANTIVE,,دسبحا,1395,1395/12/30,separate,audited,original,DETECTED,Sheet1,11,55,1395/12/30,Sheet1!R8C4,مقبول,UNQUALIFIED_FAIR_FORMULA|HEADING_CELL,Sheet1!R29C12,Sheet1!R30C2,,,1396/03/13,Sheet1!R46C20,,گروه دارویی سبحان
اکسل های صورت مالی کل زیپ ۱۳۹۲-۱۴۰۲.zip,دسبحا.zip,دسبحا.zip!دسبحا_۱۳۹۶_۱۲_۲۹_separate_ن-۱۰_صورت‌های مالی سال مالی منتهی به ۱۳۹۶_۱۲_۲۹ (حسابرسی شده).xlsx,دسبحا_۱۳۹۶_۱۲_۲۹_separate_ن-۱۰_صورت‌های مالی سال مالی منتهی به ۱۳۹۶_۱۲_۲۹ (حسابرسی شده).xlsx,OLE2_LEGACY_EXCEL,.xlsx,95744,b7547729fd5241ad66970ca92450af1e06675e2b430291d5131b11c18591e7cb,OK,,1036,PAYLOAD_SUBSTANTIVE,,دسبحا,1396,1396/12/29,separate,audited,original,DETECTED,Sheet1,11,67,1396/12/29,Sheet1!R8C4,مقبول,UNQUALIFIED_FAIR_FORMULA|HEADING_CELL,Sheet1!R29C12,Sheet1!R30C2,,,1397/03/13,Sheet1!R55C20,,گروه دارویی سبحان
اکسل های صورت مالی کل زیپ ۱۳۹۲-۱۴۰۲.zip,دسبحا.zip,دسبحا.zip!دسبحا_۱۳۹۷_۱۲_۲۹_separate_ن-۱۰_صورت‌های مالی سال مالی منتهی به ۱۳۹۷_۱۲_۲۹ (حسابرسی شده).xlsx,دسبحا_۱۳۹۷_۱۲_۲۹_separate_ن-۱۰_صورت‌های مالی سال مالی منتهی به ۱۳۹۷_۱۲_۲۹ (حسابرسی شده).xlsx,OLE2_LEGACY_EXCEL,.xlsx,97792,175944b919f8d112068ecfb7674d7abf2eb47866acc8532f49f98cad6a9d3498,OK,,1011,PAYLOAD_SUBSTANTIVE,,دسبحا,1397,1397/12/29,separate,audited,original,DETECTED,Sheet1,11,70,1397/12/29,Sheet1!R8C4,مقبول,UNQUALIFIED_FAIR_FORMULA|HEADING_CELL,Sheet1!R29C12,Sheet1!R30C2,,,1398/03/19,Sheet1!R61C20,,گروه دارویی سبحان
اکسل های صورت مالی کل زیپ ۱۳۹۲-۱۴۰۲.zip,دسبحا.zip,دسبحا.zip!دسبحا_۱۳۹۸_۱۲_۲۹_separate_ن-۱۰_صورت‌های مالی سال مالی منتهی به ۱۳۹۸_۱۲_۲۹ (حسابرسی شده).xlsx,دسبحا_۱۳۹۸_۱۲_۲۹_separate_ن-۱۰_صورت‌های مالی سال مالی منتهی به ۱۳۹۸_۱۲_۲۹ (حسابرسی شده).xlsx,HTML_MISLABELED_XLSX,.xlsx,238246,9683719eeee3fe0ce617fdcd7979bc10860a96d91034ab5b3fd764986b24959a,OK,,1292,PAYLOAD_SUBSTANTIVE,,دسبحا,1398,1398/12/29,separate,audited,original,NOT_DETECTED,,,,1398/12/29,HTML_TABLE_1!R1C2,,,,,,NO_AUDITOR_BLOCK_DETECTED,,,NO_AUDITOR_BLOCK_DETECTED,
اکسل های صورت مالی کل زیپ ۱۳۹۲-۱۴۰۲.zip,دسبحا.zip,دسبحا.zip!دسبحا_۱۳۹۹_۱۲_۳۰_separate_ن-۱۰_صورت‌های مالی سال مالی منتهی به ۱۳۹۹_۱۲_۳۰ (حسابرسی شده).xlsx,دسبحا_۱۳۹۹_۱۲_۳۰_separate_ن-۱۰_صورت‌های مالی سال مالی منتهی به ۱۳۹۹_۱۲_۳۰ (حسابرسی شده).xlsx,HTML_MISLABELED_XLSX,.xlsx,243133,4543cb687ab87e7ee96adf23ea92655a7b8699e7ba199d1524f0704c4feeb830,OK,,1197,PAYLOAD_SUBSTANTIVE,,دسبحا,1399,1399/12/30,separate,audited,original,NOT_DETECTED,,,,1399/12/30,HTML_TABLE_2!R1C3,,,,,,NO_AUDITOR_BLOCK_DETECTED,,,NO_AUDITOR_BLOCK_DETECTED,
اکسل های صورت مالی کل زیپ ۱۳۹۲-۱۴۰۲.zip,دسبحا.zip,دسبحا.zip!دسبحا_۱۴۰۰_۱۲_۲۹_separate_ن-۱۰_صورت‌های مالی سال مالی منتهی به ۱۴۰۰_۱۲_۲۹ (حسابرسی شده).xlsx,دسبحا_۱۴۰۰_۱۲_۲۹_separate_ن-۱۰_صورت‌های مالی سال مالی منتهی به ۱۴۰۰_۱۲_۲۹ (حسابرسی شده).xlsx,HTML_MISLABELED_XLSX,.xlsx,3267,1d0a3c78597bb3ecb47cb6a47ddbd15b9a412761a0d896f21b186440b2cc82f8,OK,,1,PAYLOAD_NON_SUBSTANTIVE,SUSPICIOUS_SMALL_PAYLOAD:3267_bytes,دسبحا,1400,1400/12/29,separate,audited,original,NOT_DETECTED,,,,,,,,,,,NO_AUDITOR_BLOCK_DETECTED,,,NO_AUDITOR_BLOCK_DETECTED,
اکسل های صورت مالی کل زیپ ۱۳۹۲-۱۴۰۲.zip,دسبحا.zip,دسبحا.zip!دسبحا_۱۴۰۱_۱۲_۲۹_separate_ن-۱۰_صورت‌های مالی سال مالی منتهی به ۱۴۰۱_۱۲_۲۹ (حسابرسی شده).xlsx,دسبحا_۱۴۰۱_۱۲_۲۹_separate_ن-۱۰_صورت‌های مالی سال مالی منتهی به ۱۴۰۱_۱۲_۲۹ (حسابرسی شده).xlsx,HTML_MISLABELED_XLSX,.xlsx,282488,cee3b7d44ed465b156bb484861f21f52048eab609f617e48adaab4a7b974c7a2,OK,,1376,PAYLOAD_SUBSTANTIVE,,دسبحا,1401,1401/12/29,separate,audited,original,NOT_DETECTED,,,,1401/12/29,HTML_TABLE_2!R1C3,,,,,,NO_AUDITOR_BLOCK_DETECTED,,,NO_AUDITOR_BLOCK_DETECTED,
اکسل های صورت مالی کل زیپ ۱۳۹۲-۱۴۰۲.zip,دسبحا.zip,دسبحا.zip!دسبحا_۱۴۰۲_۱۲_۲۹_separate_ن-۱۰_صورت‌های مالی سال مالی منتهی به ۱۴۰۲_۱۲_۲۹ (حسابرسی شده).xlsx,دسبحا_۱۴۰۲_۱۲_۲۹_separate_ن-۱۰_صورت‌های مالی سال مالی منتهی به ۱۴۰۲_۱۲_۲۹ (حسابرسی شده).xlsx,HTML_MISLABELED_XLSX,.xlsx,278055,56de97af6c3a66153396388aa8eb0fe08edbe44900269b3650215b5bb0dd4abd,OK,,1355,PAYLOAD_SUBSTANTIVE,,دسبحا,1402,1402/12/29,separate,audited,original,NOT_DETECTED,,,,1402/12/29,HTML_TABLE_2!R1C3,,,,,,NO_AUDITOR_BLOCK_DETECTED,,,NO_AUDITOR_BLOCK_DETECTED,
اکسل های صورت مالی کل زیپ ۱۳۹۲-۱۴۰۲.zip,دسينا.zip,دسينا.zip!دسينا_۱۳۹۱_۱۲_۳۰_separate_ن-۱۰_صورتهای مالی سال مالی منتهی به ۱۳۹۱_۱۲_۳۰ (حسابرسی شده).xlsx,دسينا_۱۳۹۱_۱۲_۳۰_separate_ن-۱۰_صورتهای مالی سال مالی منتهی به ۱۳۹۱_۱۲_۳۰ (حسابرسی شده).xlsx,OLE2_LEGACY_EXCEL,.xlsx,56832,99125eb73f4544e11f46a243419d89f397258182a4921df5f43c6aefe8a03675,OK,,524,PAYLOAD_SUBSTANTIVE,,دسینا,1391,1391/12/30,separate,audited,original,DETECTED,Sheet1,9,57,1391/12/30,Sheet1!R6C4,مقبول,UNQUALIFIED_FAIR_FORMULA|HEADING_CELL,Sheet1!R28C14,Sheet1!R29C2,,,1392/02/17,Sheet1!R50C23,,لابراتوارهای سینا دارو
اکسل های صورت مالی کل زیپ ۱۳۹۲-۱۴۰۲.zip,دسينا.zip,دسينا.zip!دسينا_۱۳۹۲_۱۲_۲۹_separate_ن-۱۰_صورتهای مالی سال مالی منتهی به ۱۳۹۲_۱۲_۲۹ (حسابرسی شده).xlsx,دسينا_۱۳۹۲_۱۲_۲۹_separate_ن-۱۰_صورتهای مالی سال مالی منتهی به ۱۳۹۲_۱۲_۲۹ (حسابرسی شده).xlsx,OLE2_LEGACY_EXCEL,.xlsx,70656,047abf81c3c8fa0ee007e6798956df79a40f83ea8fb35ca17bdce0a307d315ec,OK,,624,PAYLOAD_SUBSTANTIVE,,دسینا,1392,1392/12/29,separate,audited,original,DETECTED,Sheet1,9,54,1392/12/29,Sheet1!R6C4,مقبول,UNQUALIFIED_FAIR_FORMULA|HEADING_CELL,Sheet1!R28C14,Sheet1!R29C2,,,1393/02/20,Sheet1!R46C23,,لابراتوارهای سینا دارو
اکسل های صورت مالی کل زیپ ۱۳۹۲-۱۴۰۲.zip,دسينا.zip,دسينا.zip!دسينا_۱۳۹۳_۱۲_۲۹_separate_ن-۱۰_صورتهای مالی سال مالی منتهی به ۱۳۹۳_۱۲_۲۹ (حسابرسی شده).xlsx,دسينا_۱۳۹۳_۱۲_۲۹_separate_ن-۱۰_صورتهای مالی سال مالی منتهی به ۱۳۹۳_۱۲_۲۹ (حسابرسی شده).xlsx,OLE2_LEGACY_EXCEL,.xlsx,73216,c228198a4486e41ca548b544bebaa1edd9acc8eb541b572693545986cc1e5113,OK,,634,PAYLOAD_SUBSTANTIVE,,دسینا,1393,1393/12/29,separate,audited,original,DETECTED,Sheet1,9,65,1393/12/29,Sheet1!R6C4,مقبول,UNQUALIFIED_FAIR_FORMULA|HEADING_CELL,Sheet1!R28C14,Sheet1!R29C2,,,1394/02/21,Sheet1!R57C23,,لابراتوارهای سینا دارو
اکسل های صورت مالی کل زیپ ۱۳۹۲-۱۴۰۲.zip,دسينا.zip,دسينا.zip!دسينا_۱۳۹۳_۱۲_۲۹_separate_ن-۱۰_صورتهای مالی سال مالی منتهی به ۱۳۹۳_۱۲_۲۹ (حسابرسی شده)(اصلاحیه).xlsx,دسينا_۱۳۹۳_۱۲_۲۹_separate_ن-۱۰_صورتهای مالی سال مالی منتهی به ۱۳۹۳_۱۲_۲۹ (حسابرسی شده)(اصلاحیه).xlsx,OLE2_LEGACY_EXCEL,.xlsx,73216,9dfef1fd7cfbc81034c6bde4c2302939c574b66a6fa71ebbc31aaf3e037dd57c,OK,,634,PAYLOAD_SUBSTANTIVE,,دسینا,1393,1393/12/29,separate,audited,correction,DETECTED,Sheet1,9,66,1393/12/29,Sheet1!R6C4,مقبول,UNQUALIFIED_FAIR_FORMULA|HEADING_CELL,Sheet1!R29C14,Sheet1!R30C2,,,1394/02/21,Sheet1!R58C23,,لابراتوارهای سینا دارو
اکسل های صورت مالی کل زیپ ۱۳۹۲-۱۴۰۲.zip,دسينا.zip,دسينا.zip!دسينا_۱۳۹۴_۱۲_۲۹_separate_ن-۱۰_صورت‌های مالی سال مالی منتهی به ۱۳۹۴_۱۲_۲۹ (حسابرسی شده).xlsx,دسينا_۱۳۹۴_۱۲_۲۹_separate_ن-۱۰_صورت‌های مالی سال مالی منتهی به ۱۳۹۴_۱۲_۲۹ (حسابرسی شده).xlsx,OLE2_LEGACY_EXCEL,.xlsx,76288,b5f96fbf68cb15e01498b6cb2f82c466ecdf60b4c79575e703ac53d8d4f25e08,OK,,630,PAYLOAD_SUBSTANTIVE,,دسینا,1394,1394/12/29,separate,audited,original,DETECTED,Sheet1,9,66,1394/12/29,Sheet1!R6C4,مقبول,UNQUALIFIED_FAIR_FORMULA|HEADING_CELL,Sheet1!R28C14,Sheet1!R29C2,,,1395/02/13,Sheet1!R58C23,,لابراتوارهای سینا دارو
اکسل های صورت مالی کل زیپ ۱۳۹۲-۱۴۰۲.zip,دسينا.zip,دسينا.zip!دسينا_۱۳۹۵_۱۲_۳۰_separate_ن-۱۰_صورت‌های مالی سال مالی منتهی به ۱۳۹۵_۱۲_۳۰ (حسابرسی شده).xlsx,دسينا_۱۳۹۵_۱۲_۳۰_separate_ن-۱۰_صورت‌های مالی سال مالی منتهی به ۱۳۹۵_۱۲_۳۰ (حسابرسی شده).xlsx,OLE2_LEGACY_EXCEL,.xlsx,77824,f216da0b4885869c0f87daf69adcd72775cac4c56509ca23d636eacb6f82ebf6,OK,,675,PAYLOAD_SUBSTANTIVE,,دسینا,1395,1395/12/30,separate,audited,original,DETECTED,Sheet1,11,63,1395/12/30,Sheet1!R8C4,مقبول,UNQUALIFIED_FAIR_FORMULA|HEADING_CELL,Sheet1!R29C12,Sheet1!R30C2,,,1396/04/19,Sheet1!R54C20,,لابراتوارهای سینا دارو
اکسل های صورت مالی کل زیپ ۱۳۹۲-۱۴۰۲.zip,دسينا.zip,دسينا.zip!دسينا_۱۳۹۶_۱۲_۲۹_separate_ن-۱۰_صورت‌های مالی سال مالی منتهی به ۱۳۹۶_۱۲_۲۹ (حسابرسی شده).xlsx,دسينا_۱۳۹۶_۱۲_۲۹_separate_ن-۱۰_صورت‌های مالی سال مالی منتهی به ۱۳۹۶_۱۲_۲۹ (حسابرسی شده).xlsx,OLE2_LEGACY_EXCEL,.xlsx,79360,6f879fcbf2f665fb1db6a62c01a218aa05d627d257baf323ca29a040b65068b0,OK,,677,PAYLOAD_SUBSTANTIVE,,دسینا,1396,1396/12/29,separate,audited,original,DETECTED,Sheet1,11,65,1396/12/29,Sheet1!R8C4,مقبول,UNQUALIFIED_FAIR_FORMULA|HEADING_CELL,Sheet1!R29C12,Sheet1!R30C2,,,1397/03/06,Sheet1!R56C20,,لابراتوارهای سینا دارو
اکسل های صورت مالی کل زیپ ۱۳۹۲-۱۴۰۲.zip,دسينا.zip,دسينا.zip!دسينا_۱۳۹۶_۱۲_۲۹_separate_ن-۱۰_صورت‌های مالی سال مالی منتهی به ۱۳۹۶_۱۲_۲۹ (حسابرسی شده)(اصلاحیه).xlsx,دسينا_۱۳۹۶_۱۲_۲۹_separate_ن-۱۰_صورت‌های مالی سال مالی منتهی به ۱۳۹۶_۱۲_۲۹ (حسابرسی شده)(اصلاحیه).xlsx,OLE2_LEGACY_EXCEL,.xlsx,79360,01ed360e5185a31a15c44d05902f391dc1832c4f7cd7ae1c9bc4a9af62964819,OK,,675,PAYLOAD_SUBSTANTIVE,,دسینا,1396,1396/12/29,separate,audited,correction,DETECTED,Sheet1,11,68,1396/12/29,Sheet1!R8C4,مقبول,UNQUALIFIED_FAIR_FORMULA|HEADING_CELL,Sheet1!R29C12,Sheet1!R31C2,,,1397/03/06,Sheet1!R59C20,,لابراتوارهای سینا دارو
اکسل های صورت مالی کل زیپ ۱۳۹۲-۱۴۰۲.zip,دسينا.zip,دسينا.zip!دسينا_۱۳۹۷_۱۲_۲۹_separate_ن-۱۰_صورت‌های مالی سال مالی منتهی به ۱۳۹۷_۱۲_۲۹ (حسابرسی شده).xlsx,دسينا_۱۳۹۷_۱۲_۲۹_separate_ن-۱۰_صورت‌های مالی سال مالی منتهی به ۱۳۹۷_۱۲_۲۹ (حسابرسی شده).xlsx,HTML_MISLABELED_XLSX,.xlsx,113452,ed0e4e6369fe7b0cd91ab392390ab825a0dfe06f9019daf1bd6e0ac02f959940,OK,,495,PAYLOAD_SUBSTANTIVE,,دسینا,1397,1397/12/29,separate,audited,original,NOT_DETECTED,,,,1397/12/29,HTML_TABLE_1!R1C2,,,,,,NO_AUDITOR_BLOCK_DETECTED,,,NO_AUDITOR_BLOCK_DETECTED,
اکسل های صورت مالی کل زیپ ۱۳۹۲-۱۴۰۲.zip,دسينا.zip,دسينا.zip!دسينا_۱۳۹۸_۱۲_۲۹_consolidated_ن-۱۰_صورت‌های مالی تلفیقی سال مالی منتهی به ۱۳۹۸_۱۲_۲۹ (حسابرسی شده).xlsx,دسينا_۱۳۹۸_۱۲_۲۹_consolidated_ن-۱۰_صورت‌های مالی تلفیقی سال مالی منتهی به ۱۳۹۸_۱۲_۲۹ (حسابرسی شده).xlsx,HTML_MISLABELED_XLSX,.xlsx,501758,f4fcd2f1ede59e47760230e30aa3d619ebe22ac97a70932d7343dc11b8f8df20,OK,,2348,PAYLOAD_SUBSTANTIVE,,دسینا,1398,1398/12/29,consolidated,audited,original,NOT_DETECTED,,,,1398/12/29,HTML_TABLE_1!R1C2,,,,,,NO_AUDITOR_BLOCK_DETECTED,,,NO_AUDITOR_BLOCK_DETECTED,
اکسل های صورت مالی کل زیپ ۱۳۹۲-۱۴۰۲.zip,دسينا.zip,دسينا.zip!دسينا_۱۳۹۹_۱۲_۳۰_consolidated_ن-۱۰_صورت‌های مالی تلفیقی سال مالی منتهی به ۱۳۹۹_۱۲_۳۰ (حسابرسی شده).xlsx,دسينا_۱۳۹۹_۱۲_۳۰_consolidated_ن-۱۰_صورت‌های مالی تلفیقی سال مالی منتهی به ۱۳۹۹_۱۲_۳۰ (حسابرسی شده).xlsx,HTML_MISLABELED_XLSX,.xlsx,503746,cb6d0b6cbbbce24dc080bddcac0bb444fb60c2a53669efeabfbbd2302a427055,OK,,2380,PAYLOAD_SUBSTANTIVE,,دسینا,1399,1399/12/30,consolidated,audited,original,NOT_DETECTED,,,,1399/12/30,HTML_TABLE_1!R1C2,,,,,,NO_AUDITOR_BLOCK_DETECTED,,,NO_AUDITOR_BLOCK_DETECTED,
اکسل های صورت مالی کل زیپ ۱۳۹۲-۱۴۰۲.zip,دسينا.zip,دسينا.zip!دسينا_۱۳۹۹_۱۲_۳۰_separate_ن-۱۰_صورت‌های مالی سال مالی منتهی به ۱۳۹۹_۱۲_۳۰ (حسابرسی شده).xlsx,دسينا_۱۳۹۹_۱۲_۳۰_separate_ن-۱۰_صورت‌های مالی سال مالی منتهی به ۱۳۹۹_۱۲_۳۰ (حسابرسی شده).xlsx,HTML_MISLABELED_XLSX,.xlsx,314735,37a66bc0bdf4ace22ca112c3a2cbd94b4e8b12aca428646a6838fc8c6562c292,OK,,1475,PAYLOAD_SUBSTANTIVE,,دسینا,1399,1399/12/30,separate,audited,original,NOT_DETECTED,,,,1399/12/30,HTML_TABLE_1!R1C2,,,,,,NO_AUDITOR_BLOCK_DETECTED,,,NO_AUDITOR_BLOCK_DETECTED,
اکسل های صورت مالی کل زیپ ۱۳۹۲-۱۴۰۲.zip,دسينا.zip,دسينا.zip!دسينا_۱۴۰۰_۱۲_۲۹_consolidated_ن-۱۰_صورت‌های مالی تلفیقی سال مالی منتهی به ۱۴۰۰_۱۲_۲۹ (حسابرسی شده).xlsx,دسينا_۱۴۰۰_۱۲_۲۹_consolidated_ن-۱۰_صورت‌های مالی تلفیقی سال مالی منتهی به ۱۴۰۰_۱۲_۲۹ (حسابرسی شده).xlsx,HTML_MISLABELED_XLSX,.xlsx,574748,5a3a5ae55aa283837058c8ad50c20f2f1e0e8c9d3a4f5ebe684f58ed7cb9ef00,OK,,2701,PAYLOAD_SUBSTANTIVE,,دسینا,1400,1400/12/29,consolidated,audited,original,NOT_DETECTED,,,,1400/12/29,HTML_TABLE_1!R1C2,,,,,,NO_AUDITOR_BLOCK_DETECTED,,,NO_AUDITOR_BLOCK_DETECTED,
اکسل های صورت مالی کل زیپ ۱۳۹۲-۱۴۰۲.zip,دسينا.zip,دسينا.zip!دسينا_۱۴۰۱_۱۲_۲۹_consolidated_ن-۱۰_صورت‌های مالی تلفیقی سال مالی منتهی به ۱۴۰۱_۱۲_۲۹ (حسابرسی شده).xlsx,دسينا_۱۴۰۱_۱۲_۲۹_consolidated_ن-۱۰_صورت‌های مالی تلفیقی سال مالی منتهی به ۱۴۰۱_۱۲_۲۹ (حسابرسی شده).xlsx,HTML_MISLABELED_XLSX,.xlsx,163506,6db2880b1d8095cb53b72c07d186e100c0e664c0855d530b5a619fb567c8123a,OK,,580,PAYLOAD_SUBSTANTIVE,,دسینا,1401,1401/12/29,consolidated,audited,original,NOT_DETECTED,,,,1401/12/29,HTML_TABLE_2!R1C6,,,,,,NO_AUDITOR_BLOCK_DETECTED,,,NO_AUDITOR_BLOCK_DETECTED,
اکسل های صورت مالی کل زیپ ۱۳۹۲-۱۴۰۲.zip,دسينا.zip,دسينا.zip!دسينا_۱۴۰۲_۱۲_۲۹_consolidated_ن-۱۰_صورت‌های مالی تلفیقی سال مالی منتهی به ۱۴۰۲_۱۲_۲۹ (حسابرسی شده).xlsx,دسينا_۱۴۰۲_۱۲_۲۹_consolidated_ن-۱۰_صورت‌های مالی تلفیقی سال مالی منتهی به ۱۴۰۲_۱۲_۲۹ (حسابرسی شده).xlsx,HTML_MISLABELED_XLSX,.xlsx,663252,af83e649925a5e1a53ecf50cfbb103736eb3dcc94bec5b63051ebff711230dc9,OK,,3064,PAYLOAD_SUBSTANTIVE,,دسینا,1402,1402/12/29,consolidated,audited,original,NOT_DETECTED,,,,1402/12/29,HTML_TABLE_1!R1C2,,,,,,NO_AUDITOR_BLOCK_DETECTED,,,NO_AUDITOR_BLOCK_DETECTED,
اکسل های صورت مالی کل زیپ ۱۳۹۲-۱۴۰۲.zip,دشيمي.zip,دشيمي.zip!دشيمي_۱۳۹۱_۱۲_۳۰_separate_ن-۱۰_صورتهای مالی سال مالی منتهی به ۱۳۹۱_۱۲_۳۰ (حسابرسی شده).xlsx,دشيمي_۱۳۹۱_۱۲_۳۰_separate_ن-۱۰_صورتهای مالی سال مالی منتهی به ۱۳۹۱_۱۲_۳۰ (حسابرسی شده).xlsx,OLE2_LEGACY_EXCEL,.xlsx,77824,fe7bacf68ce45427575b5b83ce106511067400876d21ad5f2f1ca775251d299a,OK,,899,PAYLOAD_SUBSTANTIVE,,دشیمی,1391,1391/12/30,separate,audited,original,DETECTED,Sheet1,9,54,1391/12/30,Sheet1!R6C4,مقبول,UNQUALIFIED_FAIR_FORMULA|HEADING_CELL,Sheet1!R29C14,Sheet1!R30C2,,,1392/03/25,Sheet1!R47C23,,شیمی دارویی داروپخش
اکسل های صورت مالی کل زیپ ۱۳۹۲-۱۴۰۲.zip,دشيمي.zip,دشيمي.zip!دشيمي_۱۳۹۲_۱۲_۲۹_separate_ن-۱۰_صورتهای مالی سال مالی منتهی به ۱۳۹۲_۱۲_۲۹ (حسابرسی شده).xlsx,دشيمي_۱۳۹۲_۱۲_۲۹_separate_ن-۱۰_صورتهای مالی سال مالی منتهی به ۱۳۹۲_۱۲_۲۹ (حسابرسی شده).xlsx,OLE2_LEGACY_EXCEL,.xlsx,95232,65efc6800e693b9e362ff8ccdc9987ce9aaf854ebe39e3e6b8f33cc944d50598,OK,,1004,PAYLOAD_SUBSTANTIVE,,دشیمی,1392,1392/12/29,separate,audited,original,DETECTED,Sheet1,9,67,1392/12/29,Sheet1!R6C4,مقبول,UNQUALIFIED_FAIR_FORMULA|HEADING_CELL,Sheet1!R27C14,Sheet1!R28C2,,,1393/02/23,Sheet1!R59C23,,شیمی داروئی داروپخش
اکسل های صورت مالی کل زیپ ۱۳۹۲-۱۴۰۲.zip,دشيمي.zip,دشيمي.zip!دشيمي_۱۳۹۳_۱۲_۲۹_separate_ن-۱۰_صورتهای مالی سال مالی منتهی به ۱۳۹۳_۱۲_۲۹ (حسابرسی شده).xlsx,دشيمي_۱۳۹۳_۱۲_۲۹_separate_ن-۱۰_صورتهای مالی سال مالی منتهی به ۱۳۹۳_۱۲_۲۹ (حسابرسی شده).xlsx,OLE2_LEGACY_EXCEL,.xlsx,73728,78c9f37235226405d37129f85a9e6dd9d8a0613656d10b350f3f84cef6c11442,OK,,648,PAYLOAD_SUBSTANTIVE,,دشیمی,1393,1393/12/29,separate,audited,original,DETECTED,Sheet1,9,62,1393/12/29,Sheet1!R6C4,مقبول,UNQUALIFIED_FAIR_FORMULA|HEADING_CELL,Sheet1!R28C14,Sheet1!R29C2,,,1394/02/19,Sheet1!R54C23,,شیمی دارویی داروپخش
اکسل های صورت مالی کل زیپ ۱۳۹۲-۱۴۰۲.zip,دشيمي.zip,دشيمي.zip!دشيمي_۱۳۹۳_۱۲_۲۹_separate_ن-۱۰_صورتهای مالی سال مالی منتهی به ۱۳۹۳_۱۲_۲۹ (حسابرسی شده)(اصلاحیه).xlsx,دشيمي_۱۳۹۳_۱۲_۲۹_separate_ن-۱۰_صورتهای مالی سال مالی منتهی به ۱۳۹۳_۱۲_۲۹ (حسابرسی شده)(اصلاحیه).xlsx,OLE2_LEGACY_EXCEL,.xlsx,73728,321c617d4c380d4e85ce3cef7361fe0f88b433aae37f2e24d011803d7aa80526,OK,,648,PAYLOAD_SUBSTANTIVE,,دشیمی,1393,1393/12/29,separate,audited,correction,DETECTED,Sheet1,9,62,1393/12/29,Sheet1!R6C4,مقبول,UNQUALIFIED_FAIR_FORMULA|HEADING_CELL,Sheet1!R28C14,Sheet1!R29C2,,,1394/02/19,Sheet1!R54C23,,شیمی دارویی داروپخش
اکسل های صورت مالی کل زیپ ۱۳۹۲-۱۴۰۲.zip,دشيمي.zip,دشيمي.zip!دشيمي_۱۳۹۴_۱۲_۲۹_separate_ن-۱۰_صورت‌های مالی سال مالی منتهی به ۱۳۹۴_۱۲_۲۹ (حسابرسی شده).xlsx,دشيمي_۱۳۹۴_۱۲_۲۹_separate_ن-۱۰_صورت‌های مالی سال مالی منتهی به ۱۳۹۴_۱۲_۲۹ (حسابرسی شده).xlsx,OLE2_LEGACY_EXCEL,.xlsx,80384,2a8beb30305a40c9a36b5a359ccbf8071560cf5461ef628a75e50f94e1e7706e,OK,,689,PAYLOAD_SUBSTANTIVE,,دشیمی,1394,1394/12/29,separate,audited,original,DETECTED,Sheet1,9,59,1394/12/29,Sheet1!R6C4,مقبول,UNQUALIFIED_FAIR_FORMULA|HEADING_CELL,Sheet1!R28C14,Sheet1!R29C2,,,1395/02/23,Sheet1!R51C23,,شیمی دارویی داروپخش
اکسل های صورت مالی کل زیپ ۱۳۹۲-۱۴۰۲.zip,دشيمي.zip,دشيمي.zip!دشيمي_۱۳۹۵_۱۲_۳۰_separate_ن-۱۰_صورت‌های مالی سال مالی منتهی به ۱۳۹۵_۱۲_۳۰ (حسابرسی شده).xlsx,دشيمي_۱۳۹۵_۱۲_۳۰_separate_ن-۱۰_صورت‌های مالی سال مالی منتهی به ۱۳۹۵_۱۲_۳۰ (حسابرسی شده).xlsx,OLE2_LEGACY_EXCEL,.xlsx,76800,63ee207855c35855b93304aedd73d21d618bd953e285f1d543f133aaa71c7ed1,OK,,689,PAYLOAD_SUBSTANTIVE,,دشیمی,1395,1395/12/30,separate,audited,original,DETECTED,Sheet1,11,56,1395/12/30,Sheet1!R8C4,مقبول,UNQUALIFIED_FAIR_FORMULA|HEADING_CELL,Sheet1!R29C12,Sheet1!R30C2,,,1396/02/15,Sheet1!R48C20,,شیمی دارویی داروپخش
اکسل های صورت مالی کل زیپ ۱۳۹۲-۱۴۰۲.zip,دشيمي.zip,دشيمي.zip!دشيمي_۱۳۹۶_۱۲_۲۹_separate_ن-۱۰_صورت‌های مالی سال مالی منتهی به ۱۳۹۶_۱۲_۲۹ (حسابرسی شده).xlsx,دشيمي_۱۳۹۶_۱۲_۲۹_separate_ن-۱۰_صورت‌های مالی سال مالی منتهی به ۱۳۹۶_۱۲_۲۹ (حسابرسی شده).xlsx,OLE2_LEGACY_EXCEL,.xlsx,80384,1f754526956944176e421c88e1be15627518c2cecbb6f523b2030e61fe4b4614,OK,,694,PAYLOAD_SUBSTANTIVE,,دشیمی,1396,1396/12/29,separate,audited,original,DETECTED,Sheet1,11,70,1396/12/29,Sheet1!R8C4,مقبول,UNQUALIFIED_FAIR_FORMULA|HEADING_CELL,Sheet1!R28C12,Sheet1!R29C2,,,1397/02/09,Sheet1!R62C20,,شیمی دارو پخش
اکسل های صورت مالی کل زیپ ۱۳۹۲-۱۴۰۲.zip,دشيمي.zip,دشيمي.zip!دشيمي_۱۳۹۷_۱۲_۲۹_separate_ن-۱۰_صورت‌های مالی سال مالی منتهی به ۱۳۹۷_۱۲_۲۹ (حسابرسی شده).xlsx,دشيمي_۱۳۹۷_۱۲_۲۹_separate_ن-۱۰_صورت‌های مالی سال مالی منتهی به ۱۳۹۷_۱۲_۲۹ (حسابرسی شده).xlsx,HTML_MISLABELED_XLSX,.xlsx,113432,e94c29e76fe8e87a024f0072b6d040baa30a1d8362b46c79a705c5c3c25bea07,OK,,495,PAYLOAD_SUBSTANTIVE,,دشیمی,1397,1397/12/29,separate,audited,original,NOT_DETECTED,,,,1397/12/29,HTML_TABLE_1!R1C2,,,,,,NO_AUDITOR_BLOCK_DETECTED,,,NO_AUDITOR_BLOCK_DETECTED,
اکسل های صورت مالی کل زیپ ۱۳۹۲-۱۴۰۲.zip,دشيمي.zip,دشيمي.zip!دشيمي_۱۳۹۸_۱۲_۲۹_separate_ن-۱۰_صورت‌های مالی سال مالی منتهی به ۱۳۹۸_۱۲_۲۹ (حسابرسی شده).xlsx,دشيمي_۱۳۹۸_۱۲_۲۹_separate_ن-۱۰_صورت‌های مالی سال مالی منتهی به ۱۳۹۸_۱۲_۲۹ (حسابرسی شده).xlsx,HTML_MISLABELED_XLSX,.xlsx,334548,4b0279af93296f1baef7a84b00cf00af0cd9149849f200f41b653f4ed3c62d3a,OK,,1613,PAYLOAD_SUBSTANTIVE,,دشیمی,1398,1398/12/29,separate,audited,original,NOT_DETECTED,,,,1398/12/29,HTML_TABLE_1!R1C2,,,,,,NO_AUDITOR_BLOCK_DETECTED,,,NO_AUDITOR_BLOCK_DETECTED,
اکسل های صورت مالی کل زیپ ۱۳۹۲-۱۴۰۲.zip,دشيمي.zip,دشيمي.zip!دشيمي_۱۳۹۹_۱۲_۳۰_separate_ن-۱۰_صورت‌های مالی سال مالی منتهی به ۱۳۹۹_۱۲_۳۰ (حسابرسی شده).xlsx,دشيمي_۱۳۹۹_۱۲_۳۰_separate_ن-۱۰_صورت‌های مالی سال مالی منتهی به ۱۳۹۹_۱۲_۳۰ (حسابرسی شده).xlsx,HTML_MISLABELED_XLSX,.xlsx,353444,41b73e8eaa565e33ae848efc9d79c2ca23ab431cdcb40351feae513278edc20a,OK,,1720,PAYLOAD_SUBSTANTIVE,,دشیمی,1399,1399/12/30,separate,audited,original,NOT_DETECTED,,,,1399/12/30,HTML_TABLE_2!R1C1,,,,,,NO_AUDITOR_BLOCK_DETECTED,,,NO_AUDITOR_BLOCK_DETECTED,
اکسل های صورت مالی کل زیپ ۱۳۹۲-۱۴۰۲.zip,دشيمي.zip,دشيمي.zip!دشيمي_۱۴۰۰_۱۲_۲۹_separate_ن-۱۰_صورت‌های مالی سال مالی منتهی به ۱۴۰۰_۱۲_۲۹ (حسابرسی شده).xlsx,دشيمي_۱۴۰۰_۱۲_۲۹_separate_ن-۱۰_صورت‌های مالی سال مالی منتهی به ۱۴۰۰_۱۲_۲۹ (حسابرسی شده).xlsx,HTML_MISLABELED_XLSX,.xlsx,468421,15c554eb2ff36ca324361d3048be1beff598ef5e5685ac0996b6476cb43b9853,OK,,2411,PAYLOAD_SUBSTANTIVE,,دشیمی,1400,1400/12/29,separate,audited,original,NOT_DETECTED,,,,1400/12/29,HTML_TABLE_1!R1C2,,,,,,NO_AUDITOR_BLOCK_DETECTED,,,NO_AUDITOR_BLOCK_DETECTED,
اکسل های صورت مالی کل زیپ ۱۳۹۲-۱۴۰۲.zip,دشيمي.zip,دشيمي.zip!دشيمي_۱۴۰۱_۱۲_۲۹_separate_ن-۱۰_صورت‌های مالی سال مالی منتهی به ۱۴۰۱_۱۲_۲۹ (حسابرسی شده).xlsx,دشيمي_۱۴۰۱_۱۲_۲۹_separate_ن-۱۰_صورت‌های مالی سال مالی منتهی به ۱۴۰۱_۱۲_۲۹ (حسابرسی شده).xlsx,HTML_MISLABELED_XLSX,.xlsx,522593,301dfc924f312b167224b381185d7b9b69954121311479535cb45d86d7ded5f1,OK,,2713,PAYLOAD_SUBSTANTIVE,,دشیمی,1401,1401/12/29,separate,audited,original,NOT_DETECTED,,,,1401/12/29,HTML_TABLE_1!R1C2,,,,,,NO_AUDITOR_BLOCK_DETECTED,,,NO_AUDITOR_BLOCK_DETECTED,
اکسل های صورت مالی کل زیپ ۱۳۹۲-۱۴۰۲.zip,دشيمي.zip,دشيمي.zip!دشيمي_۱۴۰۲_۱۲_۲۹_separate_ن-۱۰_صورت‌های مالی سال مالی منتهی به ۱۴۰۲_۱۲_۲۹ (حسابرسی شده).xlsx,دشيمي_۱۴۰۲_۱۲_۲۹_separate_ن-۱۰_صورت‌های مالی سال مالی منتهی به ۱۴۰۲_۱۲_۲۹ (حسابرسی شده).xlsx,HTML_MISLABELED_XLSX,.xlsx,515552,86e2d3e413cd59ebcfaf89bc033ac4c230b2c884651fd1aeca6abbd46299a5ea,OK,,2692,PAYLOAD_SUBSTANTIVE,,دشیمی,1402,1402/12/29,separate,audited,original,NOT_DETECTED,,,,1402/12/29,HTML_TABLE_1!R1C2,,,,,,NO_AUDITOR_BLOCK_DETECTED,,,NO_AUDITOR_BLOCK_DETECTED,
اکسل های صورت مالی کل زیپ ۱۳۹۲-۱۴۰۲.zip,ديران.zip,ديران.zip!ديران_۱۳۹۱_۱۲_۳۰_separate_ن-۱۰_صورتهای مالی سال مالی منتهی به ۱۳۹۱_۱۲_۳۰ (حسابرسی شده).xlsx,ديران_۱۳۹۱_۱۲_۳۰_separate_ن-۱۰_صورتهای مالی سال مالی منتهی به ۱۳۹۱_۱۲_۳۰ (حسابرسی شده).xlsx,OLE2_LEGACY_EXCEL,.xlsx,63488,2cd641545041da50753984edbe59094a6c4984a4ca3c2c318b6f2f95e1f72575,OK,,529,PAYLOAD_SUBSTANTIVE,,دیران,1391,1391/12/30,separate,audited,original,DETECTED,Sheet1,9,63,1391/12/30,Sheet1!R6C4,مقبول,UNQUALIFIED_FAIR_FORMULA|HEADING_CELL,Sheet1!R28C14,Sheet1!R29C2,,,1392/02/05,Sheet1!R55C23,,ایران دارو
اکسل های صورت مالی کل زیپ ۱۳۹۲-۱۴۰۲.zip,ديران.zip,ديران.zip!ديران_۱۳۹۲_۱۲_۲۹_separate_ن-۱۰_صورتهای مالی سال مالی منتهی به ۱۳۹۲_۱۲_۲۹ (حسابرسی شده).xlsx,ديران_۱۳۹۲_۱۲_۲۹_separate_ن-۱۰_صورتهای مالی سال مالی منتهی به ۱۳۹۲_۱۲_۲۹ (حسابرسی شده).xlsx,OLE2_LEGACY_EXCEL,.xlsx,72704,53337098d81aef75cb609a62bedc36c8ad9ff5ce3bd18f0557577c59137ba361,OK,,635,PAYLOAD_SUBSTANTIVE,,دیران,1392,1392/12/29,separate,audited,original,DETECTED,Sheet1,9,60,1392/12/29,Sheet1!R6C4,مقبول,UNQUALIFIED_FAIR_FORMULA|HEADING_CELL,Sheet1!R28C14,Sheet1!R29C2,,,1393/02/01,Sheet1!R51C23,,ایران دارو
اکسل های صورت مالی کل زیپ ۱۳۹۲-۱۴۰۲.zip,ديران.zip,ديران.zip!ديران_۱۳۹۳_۱۲_۲۹_separate_ن-۱۰_صورتهای مالی سال مالی منتهی به ۱۳۹۳_۱۲_۲۹ (حسابرسی شده).xlsx,ديران_۱۳۹۳_۱۲_۲۹_separate_ن-۱۰_صورتهای مالی سال مالی منتهی به ۱۳۹۳_۱۲_۲۹ (حسابرسی شده).xlsx,OLE2_LEGACY_EXCEL,.xlsx,71680,2e62799193916aa1f6634e0a70c7b0ae3c4e6281a90da19c0f4009ac95ff5402,OK,,660,PAYLOAD_SUBSTANTIVE,,دیران,1393,1393/12/29,separate,audited,original,DETECTED,Sheet1,9,54,1393/12/29,Sheet1!R6C4,مقبول,UNQUALIFIED_FAIR_FORMULA|HEADING_CELL,Sheet1!R28C14,Sheet1!R29C2,,,1394/02/03,Sheet1!R45C23,,ایران دارو
اکسل های صورت مالی کل زیپ ۱۳۹۲-۱۴۰۲.zip,ديران.zip,ديران.zip!ديران_۱۳۹۴_۱۲_۲۹_separate_ن-۱۰_صورت‌های مالی سال مالی منتهی به ۱۳۹۴_۱۲_۲۹ (حسابرسی شده).xlsx,ديران_۱۳۹۴_۱۲_۲۹_separate_ن-۱۰_صورت‌های مالی سال مالی منتهی به ۱۳۹۴_۱۲_۲۹ (حسابرسی شده).xlsx,OLE2_LEGACY_EXCEL,.xlsx,75264,c11bdd6c2be85da5d60053469bf8ba0140405e42d06db9ad3eadf7fc5e417deb,OK,,661,PAYLOAD_SUBSTANTIVE,,دیران,1394,1394/12/29,separate,audited,original,DETECTED,Sheet1,9,56,1394/12/29,Sheet1!R6C4,مقبول,UNQUALIFIED_FAIR_FORMULA|HEADING_CELL,Sheet1!R28C14,Sheet1!R29C2,,,1395/01/28,Sheet1!R47C23,,ایران دارو
اکسل های صورت مالی کل زیپ ۱۳۹۲-۱۴۰۲.zip,ديران.zip,ديران.zip!ديران_۱۳۹۵_۱۲_۳۰_separate_ن-۱۰_صورت‌های مالی سال مالی منتهی به ۱۳۹۵_۱۲_۳۰ (حسابرسی شده).xlsx,ديران_۱۳۹۵_۱۲_۳۰_separate_ن-۱۰_صورت‌های مالی سال مالی منتهی به ۱۳۹۵_۱۲_۳۰ (حسابرسی شده).xlsx,OLE2_LEGACY_EXCEL,.xlsx,79360,97c35a546da0c2b0716e44c944298f36a78ea3f0795f1fcb18a74858d8ddb20a,OK,,696,PAYLOAD_SUBSTANTIVE,,دیران,1395,1395/12/30,separate,audited,original,DETECTED,Sheet1,11,62,1395/12/30,Sheet1!R8C4,مقبول,UNQUALIFIED_FAIR_FORMULA|HEADING_CELL,Sheet1!R29C12,Sheet1!R30C2,,,1396/01/28,Sheet1!R53C20,,ایران دارو
اکسل های صورت مالی کل زیپ ۱۳۹۲-۱۴۰۲.zip,ديران.zip,ديران.zip!ديران_۱۳۹۶_۱۲_۲۹_separate_ن-۱۰_صورت‌های مالی سال مالی منتهی به ۱۳۹۶_۱۲_۲۹ (حسابرسی شده).xlsx,ديران_۱۳۹۶_۱۲_۲۹_separate_ن-۱۰_صورت‌های مالی سال مالی منتهی به ۱۳۹۶_۱۲_۲۹ (حسابرسی شده).xlsx,OLE2_LEGACY_EXCEL,.xlsx,87040,b92b4bf6f2864751a5791ddba7b0df23cd85098d57a39a5c79db5256f136e9aa,OK,,699,PAYLOAD_SUBSTANTIVE,,دیران,1396,1396/12/29,separate,audited,original,DETECTED,Sheet1,11,85,1396/12/29,Sheet1!R8C4,مقبول,UNQUALIFIED_FAIR_FORMULA|HEADING_CELL,Sheet1!R30C12,Sheet1!R31C2,,,1397/01/26,Sheet1!R76C20,,ایران دارو
اکسل های صورت مالی کل زیپ ۱۳۹۲-۱۴۰۲.zip,ديران.zip,ديران.zip!ديران_۱۳۹۷_۱۲_۲۹_separate_ن-۱۰_صورت‌های مالی سال مالی منتهی به ۱۳۹۷_۱۲_۲۹ (حسابرسی شده).xlsx,ديران_۱۳۹۷_۱۲_۲۹_separate_ن-۱۰_صورت‌های مالی سال مالی منتهی به ۱۳۹۷_۱۲_۲۹ (حسابرسی شده).xlsx,HTML_MISLABELED_XLSX,.xlsx,113667,46abab8339e68a7753bcbf4b587bbb693c4b66d183cf9bbe11bcbe54797f560c,OK,,495,PAYLOAD_SUBSTANTIVE,,دیران,1397,1397/12/29,separate,audited,original,NOT_DETECTED,,,,1397/12/29,HTML_TABLE_1!R1C2,,,,,,NO_AUDITOR_BLOCK_DETECTED,,,NO_AUDITOR_BLOCK_DETECTED,
اکسل های صورت مالی کل زیپ ۱۳۹۲-۱۴۰۲.zip,ديران.zip,ديران.zip!ديران_۱۳۹۹_۰۹_۳۰_separate_ن-۱۰_صورت‌های مالی سال مالی منتهی به ۱۳۹۹_۰۹_۳۰ (حسابرسی شده).xlsx,ديران_۱۳۹۹_۰۹_۳۰_separate_ن-۱۰_صورت‌های مالی سال مالی منتهی به ۱۳۹۹_۰۹_۳۰ (حسابرسی شده).xlsx,HTML_MISLABELED_XLSX,.xlsx,332855,a98147ab40def81d0b3318d835528eda24a9ba1495822fe9f07da6f8e75b56c6,OK,,1629,PAYLOAD_SUBSTANTIVE,,دیران,1399,1399/09/30,separate,audited,original,NOT_DETECTED,,,,1399/09/30,HTML_TABLE_1!R1C2,,,,,,NO_AUDITOR_BLOCK_DETECTED,,,NO_AUDITOR_BLOCK_DETECTED,
اکسل های صورت مالی کل زیپ ۱۳۹۲-۱۴۰۲.zip,ديران.zip,ديران.zip!ديران_۱۴۰۰_۰۹_۳۰_separate_ن-۱۰_صورت‌های مالی سال مالی منتهی به ۱۴۰۰_۰۹_۳۰ (حسابرسی شده).xlsx,ديران_۱۴۰۰_۰۹_۳۰_separate_ن-۱۰_صورت‌های مالی سال مالی منتهی به ۱۴۰۰_۰۹_۳۰ (حسابرسی شده).xlsx,HTML_MISLABELED_XLSX,.xlsx,405348,a74cf5e9b2880e366a7e41fda1181041102316a98bdf16176f917d880ac2145e,OK,,1967,PAYLOAD_SUBSTANTIVE,,دیران,1400,1400/09/30,separate,audited,original,NOT_DETECTED,,,,1400/09/30,HTML_TABLE_1!R1C2,,,,,,NO_AUDITOR_BLOCK_DETECTED,,,NO_AUDITOR_BLOCK_DETECTED,
اکسل های صورت مالی کل زیپ ۱۳۹۲-۱۴۰۲.zip,ديران.zip,ديران.zip!ديران_۱۴۰۱_۰۹_۳۰_separate_ن-۱۰_صورت‌های مالی سال مالی منتهی به ۱۴۰۱_۰۹_۳۰ (حسابرسی شده).xlsx,ديران_۱۴۰۱_۰۹_۳۰_separate_ن-۱۰_صورت‌های مالی سال مالی منتهی به ۱۴۰۱_۰۹_۳۰ (حسابرسی شده).xlsx,HTML_MISLABELED_XLSX,.xlsx,414104,45ed14cf56cb356d1cfbdbc856112b432234fd3d8147a7fe937d5c6092d643b3,OK,,1976,PAYLOAD_SUBSTANTIVE,,دیران,1401,1401/09/30,separate,audited,original,NOT_DETECTED,,,,1401/09/30,HTML_TABLE_1!R1C2,,,,,,NO_AUDITOR_BLOCK_DETECTED,,,NO_AUDITOR_BLOCK_DETECTED,
اکسل های صورت مالی کل زیپ ۱۳۹۲-۱۴۰۲.zip,ديران.zip,ديران.zip!ديران_۱۴۰۲_۰۹_۳۰_separate_ن-۱۰_صورت‌های مالی سال مالی منتهی به ۱۴۰۲_۰۹_۳۰ (حسابرسی شده).xlsx,ديران_۱۴۰۲_۰۹_۳۰_separate_ن-۱۰_صورت‌های مالی سال مالی منتهی به ۱۴۰۲_۰۹_۳۰ (حسابرسی شده).xlsx,HTML_MISLABELED_XLSX,.xlsx,115351,bf0cb65219724ae7745696fa5363507f378b87e5da3d95d16b2a13f94c133197,OK,,346,PAYLOAD_SUBSTANTIVE,,دیران,1402,1402/09/30,separate,audited,original,NOT_DETECTED,,,,1402/09/30,HTML_TABLE_2!R1C3,,,,,,NO_AUDITOR_BLOCK_DETECTED,,,NO_AUDITOR_BLOCK_DETECTED,
اکسل های صورت مالی کل زیپ ۱۳۹۲-۱۴۰۲.zip,ذوب.zip,ذوب.zip!ذوب_۱۳۹۱_۱۲_۳۰_separate_ن-۱۰_صورتهای مالی سال مالی منتهی به ۱۳۹۱_۱۲_۳۰ (حسابرسی شده).xlsx,ذوب_۱۳۹۱_۱۲_۳۰_separate_ن-۱۰_صورتهای مالی سال مالی منتهی به ۱۳۹۱_۱۲_۳۰ (حسابرسی شده).xlsx,OLE2_LEGACY_EXCEL,.xlsx,82432,edc25a0511d639c4e951d7609a7cc90bba02b78e278ae7c8895072ca346cef97,OK,,470,PAYLOAD_SUBSTANTIVE,,ذوب,1391,1391/12/30,separate,audited,original,DETECTED,Sheet1,9,135,1391/12/30,Sheet1!R6C4,مشروط,QUALIFIED_FAIR_WITH_EXCEPTION|HEADING_CELL,Sheet1!R40C14,Sheet1!R41C2,,,1392/04/11,Sheet1!R127C23,,سهامی ذوب آهن اصفهان
اکسل های صورت مالی کل زیپ ۱۳۹۲-۱۴۰۲.zip,ذوب.zip,ذوب.zip!ذوب_۱۳۹۲_۱۲_۲۹_separate_ن-۱۰_صورتهای مالی سال مالی منتهی به ۱۳۹۲_۱۲_۲۹ (حسابرسی شده).xlsx,ذوب_۱۳۹۲_۱۲_۲۹_separate_ن-۱۰_صورتهای مالی سال مالی منتهی به ۱۳۹۲_۱۲_۲۹ (حسابرسی شده).xlsx,OLE2_LEGACY_EXCEL,.xlsx,92672,d22d9962815f3b9fb9f4f3cd26f73d3d7243a2dfc85f681b78bd8cbb74811050,OK,,598,PAYLOAD_SUBSTANTIVE,,ذوب,1392,1392/12/29,separate,audited,original,DETECTED,Sheet1,9,115,1392/12/29,Sheet1!R6C4,مشروط,QUALIFIED_FAIR_WITH_EXCEPTION|HEADING_CELL,Sheet1!R46C14,Sheet1!R47C2,,,1393/04/03,Sheet1!R106C23,,سهامی ذوب آهن اصفهان
اکسل های صورت مالی کل زیپ ۱۳۹۲-۱۴۰۲.zip,ذوب.zip,ذوب.zip!ذوب_۱۳۹۳_۱۲_۲۹_separate_ن-۱۰_صورتهای مالی سال مالی منتهی به ۱۳۹۳_۱۲_۲۹ (حسابرسی شده).xlsx,ذوب_۱۳۹۳_۱۲_۲۹_separate_ن-۱۰_صورتهای مالی سال مالی منتهی به ۱۳۹۳_۱۲_۲۹ (حسابرسی شده).xlsx,OLE2_LEGACY_EXCEL,.xlsx,87040,774d617000d721ccba681cbd7180e3ccec6098f27694f6b48876897e3da04fef,OK,,618,PAYLOAD_SUBSTANTIVE,,ذوب,1393,1393/12/29,separate,audited,original,DETECTED,Sheet1,9,100,1393/12/29,Sheet1!R6C4,مشروط,QUALIFIED_FAIR_WITH_EXCEPTION|HEADING_CELL,Sheet1!R48C14,Sheet1!R49C2,,,1394/04/13,Sheet1!R91C23,,سهامی ذوب آهن اصفهان
اکسل های صورت مالی کل زیپ ۱۳۹۲-۱۴۰۲.zip,ذوب.zip,ذوب.zip!ذوب_۱۳۹۴_۱۲_۲۹_separate_ن-۱۰_صورت‌های مالی سال مالی منتهی به ۱۳۹۴_۱۲_۲۹ (حسابرسی شده).xlsx,ذوب_۱۳۹۴_۱۲_۲۹_separate_ن-۱۰_صورت‌های مالی سال مالی منتهی به ۱۳۹۴_۱۲_۲۹ (حسابرسی شده).xlsx,OLE2_LEGACY_EXCEL,.xlsx,106496,161c9fffa4c2ff56e0072f941dd349815f3e3db0a6066814d217d74b41027805,OK,,682,PAYLOAD_SUBSTANTIVE,,ذوب,1394,1394/12/29,separate,audited,original,DETECTED,Sheet1,9,130,1394/12/29,Sheet1!R6C4,مشروط,QUALIFIED_FAIR_WITH_EXCEPTION|HEADING_CELL,Sheet1!R71C14,Sheet1!R72C2,,,1395/04/02,Sheet1!R121C23,,سهامی ذوب آهن اصفهان
اکسل های صورت مالی کل زیپ ۱۳۹۲-۱۴۰۲.zip,ذوب.zip,ذوب.zip!ذوب_۱۳۹۵_۱۲_۳۰_consolidated_ن-۱۰_صورت‌های مالی تلفیقی سال مالی منتهی به ۱۳۹۵_۱۲_۳۰ (حسابرسی شده).xlsx,ذوب_۱۳۹۵_۱۲_۳۰_consolidated_ن-۱۰_صورت‌های مالی تلفیقی سال مالی منتهی به ۱۳۹۵_۱۲_۳۰ (حسابرسی شده).xlsx,OLE2_LEGACY_EXCEL,.xlsx,142848,da36b3627ef6d7a091a837d80c35e16ffba17a6f45ab56229393867539fee00c,OK,,1429,PAYLOAD_SUBSTANTIVE,,ذوب,1395,1395/12/30,consolidated,audited,original,DETECTED,Sheet1,11,92,1395/12/30,Sheet1!R8C4,مشروط,QUALIFIED_FAIR_WITH_EXCEPTION|HEADING_CELL,Sheet1!R42C12,Sheet1!R43C2,,,1396/04/10,Sheet1!R83C20,,سهامی ذوب آهن اصفهان
اکسل های صورت مالی کل زیپ ۱۳۹۲-۱۴۰۲.zip,ذوب.zip,ذوب.zip!ذوب_۱۳۹۶_۱۲_۲۹_consolidated_ن-۱۰_صورت‌های مالی تلفیقی سال مالی منتهی به ۱۳۹۶_۱۲_۲۹ (حسابرسی شده).xlsx,ذوب_۱۳۹۶_۱۲_۲۹_consolidated_ن-۱۰_صورت‌های مالی تلفیقی سال مالی منتهی به ۱۳۹۶_۱۲_۲۹ (حسابرسی شده).xlsx,OLE2_LEGACY_EXCEL,.xlsx,149504,3bf86df98837f40fbc40715a1195330680ff7115d6759213a5d13c287c5e6265,OK,,1459,PAYLOAD_SUBSTANTIVE,,ذوب,1396,1396/12/29,consolidated,audited,original,DETECTED,Sheet1,11,104,1396/12/29,Sheet1!R8C4,مشروط,QUALIFIED_FAIR_WITH_EXCEPTION|HEADING_CELL,Sheet1!R50C12,Sheet1!R52C2,,,1397/04/12,Sheet1!R95C20,,سهامی ذوب آهن اصفهان
اکسل های صورت مالی کل زیپ ۱۳۹۲-۱۴۰۲.zip,ذوب.zip,ذوب.zip!ذوب_۱۳۹۶_۱۲_۲۹_consolidated_ن-۱۰_صورت‌های مالی تلفیقی سال مالی منتهی به ۱۳۹۶_۱۲_۲۹ (حسابرسی شده)(اصلاحیه).xlsx,ذوب_۱۳۹۶_۱۲_۲۹_consolidated_ن-۱۰_صورت‌های مالی تلفیقی سال مالی منتهی به ۱۳۹۶_۱۲_۲۹ (حسابرسی شده)(اصلاحیه).xlsx,OLE2_LEGACY_EXCEL,.xlsx,149504,78141b39df4ed71b86095dd33f89913fadd724b298ac0fd1c8908e272777c164,OK,,1459,PAYLOAD_SUBSTANTIVE,,ذوب,1396,1396/12/29,consolidated,audited,correction,DETECTED,Sheet1,11,104,1396/12/29,Sheet1!R8C4,مشروط,QUALIFIED_FAIR_WITH_EXCEPTION|HEADING_CELL,Sheet1!R50C12,Sheet1!R52C2,,,1397/04/12,Sheet1!R95C20,,سهامی ذوب آهن اصفهان
اکسل های صورت مالی کل زیپ ۱۳۹۲-۱۴۰۲.zip,ذوب.zip,ذوب.zip!ذوب_۱۳۹۷_۱۲_۲۹_consolidated_ن-۱۰_صورت‌های مالی تلفیقی سال مالی منتهی به ۱۳۹۷_۱۲_۲۹ (حسابرسی شده).xlsx,ذوب_۱۳۹۷_۱۲_۲۹_consolidated_ن-۱۰_صورت‌های مالی تلفیقی سال مالی منتهی به ۱۳۹۷_۱۲_۲۹ (حسابرسی شده).xlsx,HTML_MISLABELED_XLSX,.xlsx,236327,2de9476a5a88e954896997c69f12a47a5b194f8c929151e0b99685db9e0e472c,OK,,1045,PAYLOAD_SUBSTANTIVE,,ذوب,1397,1397/12/29,consolidated,audited,original,NOT_DETECTED,,,,1397/12/29,HTML_TABLE_1!R1C2,,,,,,NO_AUDITOR_BLOCK_DETECTED,,,NO_AUDITOR_BLOCK_DETECTED,
اکسل های صورت مالی کل زیپ ۱۳۹۲-۱۴۰۲.zip,ذوب.zip,ذوب.zip!ذوب_۱۳۹۸_۱۲_۲۹_consolidated_ن-۱۰_صورت‌های مالی تلفیقی سال مالی منتهی به ۱۳۹۸_۱۲_۲۹ (حسابرسی شده).xlsx,ذوب_۱۳۹۸_۱۲_۲۹_consolidated_ن-۱۰_صورت‌های مالی تلفیقی سال مالی منتهی به ۱۳۹۸_۱۲_۲۹ (حسابرسی شده).xlsx,HTML_MISLABELED_XLSX,.xlsx,583218,f6083df4b855e9feb22523fcc4393cd37911c7ea1b7c36697a592712982c52fd,OK,,2885,PAYLOAD_SUBSTANTIVE,,ذوب,1398,1398/12/29,consolidated,audited,original,NOT_DETECTED,,,,1398/12/29,HTML_TABLE_1!R1C2,,,,,,NO_AUDITOR_BLOCK_DETECTED,,,NO_AUDITOR_BLOCK_DETECTED,
اکسل های صورت مالی کل زیپ ۱۳۹۲-۱۴۰۲.zip,ذوب.zip,ذوب.zip!ذوب_۱۳۹۹_۱۲_۳۰_consolidated_ن-۱۰_صورت‌های مالی تلفیقی سال مالی منتهی به ۱۳۹۹_۱۲_۳۰ (حسابرسی شده).xlsx,ذوب_۱۳۹۹_۱۲_۳۰_consolidated_ن-۱۰_صورت‌های مالی تلفیقی سال مالی منتهی به ۱۳۹۹_۱۲_۳۰ (حسابرسی شده).xlsx,HTML_MISLABELED_XLSX,.xlsx,570634,27e374f7a3baac9de4b5ad0ad3bd39fb07a4f082980aa4f84a1e61c55d9651dc,OK,,2834,PAYLOAD_SUBSTANTIVE,,ذوب,1399,1399/12/30,consolidated,audited,original,NOT_DETECTED,,,,1399/12/30,HTML_TABLE_1!R1C2,,,,,,NO_AUDITOR_BLOCK_DETECTED,,,NO_AUDITOR_BLOCK_DETECTED,
اکسل های صورت مالی کل زیپ ۱۳۹۲-۱۴۰۲.zip,ذوب.zip,ذوب.zip!ذوب_۱۳۹۹_۱۲_۳۰_consolidated_ن-۱۰_صورت‌های مالی تلفیقی سال مالی منتهی به ۱۳۹۹_۱۲_۳۰ (حسابرسی شده)(اصلاحیه).xlsx,ذوب_۱۳۹۹_۱۲_۳۰_consolidated_ن-۱۰_صورت‌های مالی تلفیقی سال مالی منتهی به ۱۳۹۹_۱۲_۳۰ (حسابرسی شده)(اصلاحیه).xlsx,HTML_MISLABELED_XLSX,.xlsx,570634,37dba3034b05c1d9325bd5e7cf5e4b5c0105bbb7e47906cbbd1e8118d8de6fc8,OK,,2834,PAYLOAD_SUBSTANTIVE,,ذوب,1399,1399/12/30,consolidated,audited,correction,NOT_DETECTED,,,,1399/12/30,HTML_TABLE_1!R1C2,,,,,,NO_AUDITOR_BLOCK_DETECTED,,,NO_AUDITOR_BLOCK_DETECTED,
اکسل های صورت مالی کل زیپ ۱۳۹۲-۱۴۰۲.zip,ذوب.zip,ذوب.zip!ذوب_۱۴۰۰_۱۲_۲۹_consolidated_ن-۱۰_صورت‌های مالی تلفیقی سال مالی منتهی به ۱۴۰۰_۱۲_۲۹ (حسابرسی شده).xlsx,ذوب_۱۴۰۰_۱۲_۲۹_consolidated_ن-۱۰_صورت‌های مالی تلفیقی سال مالی منتهی به ۱۴۰۰_۱۲_۲۹ (حسابرسی شده).xlsx,HTML_MISLABELED_XLSX,.xlsx,718117,d9f9b7e0b024f9158d9bfbe4740b7d11763c3471beaa89a4079c224d3da1c3c3,OK,,3700,PAYLOAD_SUBSTANTIVE,,ذوب,1400,1400/12/29,consolidated,audited,original,NOT_DETECTED,,,,1400/12/29,HTML_TABLE_1!R1C2,,,,,,NO_AUDITOR_BLOCK_DETECTED,,,NO_AUDITOR_BLOCK_DETECTED,
اکسل های صورت مالی کل زیپ ۱۳۹۲-۱۴۰۲.zip,ذوب.zip,ذوب.zip!ذوب_۱۴۰۱_۱۲_۲۹_consolidated_ن-۱۰_صورت‌های مالی تلفیقی سال مالی منتهی به ۱۴۰۱_۱۲_۲۹ (حسابرسی شده).xlsx,ذوب_۱۴۰۱_۱۲_۲۹_consolidated_ن-۱۰_صورت‌های مالی تلفیقی سال مالی منتهی به ۱۴۰۱_۱۲_۲۹ (حسابرسی شده).xlsx,HTML_MISLABELED_XLSX,.xlsx,232376,6c6db4385486eb52b53c4b3be0823837210545d0a3e5846044ae64656e6cb35e,OK,,907,PAYLOAD_SUBSTANTIVE,,ذوب,1401,1401/12/29,consolidated,audited,original,NOT_DETECTED,,,,1401/12/29,HTML_TABLE_1!R1C2,,,,,,NO_AUDITOR_BLOCK_DETECTED,,,NO_AUDITOR_BLOCK_DETECTED,
اکسل های صورت مالی کل زیپ ۱۳۹۲-۱۴۰۲.zip,ذوب.zip,ذوب.zip!ذوب_۱۴۰۱_۱۲_۲۹_consolidated_ن-۱۰_صورت‌های مالی تلفیقی سال مالی منتهی به ۱۴۰۱_۱۲_۲۹ (حسابرسی شده)(اصلاحیه).xlsx,ذوب_۱۴۰۱_۱۲_۲۹_consolidated_ن-۱۰_صورت‌های مالی تلفیقی سال مالی منتهی به ۱۴۰۱_۱۲_۲۹ (حسابرسی شده)(اصلاحیه).xlsx,HTML_MISLABELED_XLSX,.xlsx,809573,d06eff5e02456af8b13dfa4f182d1400132dd0f52d0c78356fada41b57f3fd7f,OK,,4025,PAYLOAD_SUBSTANTIVE,,ذوب,1401,1401/12/29,consolidated,audited,correction,NOT_DETECTED,,,,1401/12/29,HTML_TABLE_1!R1C2,,,,,,NO_AUDITOR_BLOCK_DETECTED,,,NO_AUDITOR_BLOCK_DETECTED,
اکسل های صورت مالی کل زیپ ۱۳۹۲-۱۴۰۲.zip,ذوب.zip,ذوب.zip!ذوب_۱۴۰۲_۱۲_۲۹_consolidated_ن-۱۰_صورت‌های مالی تلفیقی سال مالی منتهی به ۱۴۰۲_۱۲_۲۹ (حسابرسی شده).xlsx,ذوب_۱۴۰۲_۱۲_۲۹_consolidated_ن-۱۰_صورت‌های مالی تلفیقی سال مالی منتهی به ۱۴۰۲_۱۲_۲۹ (حسابرسی شده).xlsx,HTML_MISLABELED_XLSX,.xlsx,811054,f0321ecde3e3bdaf402ed22deeeb2d763ef0f6df5d87442c66523c2cde5bd5fd,OK,,4063,PAYLOAD_SUBSTANTIVE,,ذوب,1402,1402/12/29,consolidated,audited,original,NOT_DETECTED,,,,1402/12/29,HTML_TABLE_1!R1C2,,,,,,NO_AUDITOR_BLOCK_DETECTED,,,NO_AUDITOR_BLOCK_DETECTED,
اکسل های صورت مالی کل زیپ ۱۳۹۲-۱۴۰۲.zip,رانفور.zip,رانفور.zip!رانفور_۱۳۹۱_۱۲_۳۰_separate_ن-۱۰_صورتهای مالی سال مالی منتهی به ۱۳۹۱_۱۲_۳۰ (حسابرسی شده).xlsx,رانفور_۱۳۹۱_۱۲_۳۰_separate_ن-۱۰_صورتهای مالی سال مالی منتهی به ۱۳۹۱_۱۲_۳۰ (حسابرسی شده).xlsx,OLE2_LEGACY_EXCEL,.xlsx,47616,2a99796933dee64e50edd72e9d0bef585232339eb6c0583149ba00ddc48918e2,OK,,346,PAYLOAD_SUBSTANTIVE,,رانفور,1391,1391/12/30,separate,audited,original,DETECTED,Sheet1,9,68,1391/12/30,Sheet1!R6C4,مشروط,QUALIFIED_FAIR_WITH_EXCEPTION|HEADING_CELL,Sheet1!R31C14,Sheet1!R32C2,,,1392/02/14,Sheet1!R61C23,,خدمات انفورماتیک
اکسل های صورت مالی کل زیپ ۱۳۹۲-۱۴۰۲.zip,رانفور.zip,رانفور.zip!رانفور_۱۳۹۲_۱۲_۲۹_separate_ن-۱۰_صورتهای مالی سال مالی منتهی به ۱۳۹۲_۱۲_۲۹ (حسابرسی شده).xlsx,رانفور_۱۳۹۲_۱۲_۲۹_separate_ن-۱۰_صورتهای مالی سال مالی منتهی به ۱۳۹۲_۱۲_۲۹ (حسابرسی شده).xlsx,OLE2_LEGACY_EXCEL,.xlsx,46592,cf24923eea9000d63ee4428c589645a973d9bfb5e8d66bf659dd1cf7cd063f3f,OK,,310,PAYLOAD_SUBSTANTIVE,,رانفور,1392,1392/12/29,separate,audited,original,DETECTED,Sheet1,9,67,1392/12/29,Sheet1!R6C4,مشروط,QUALIFIED_FAIR_WITH_EXCEPTION|HEADING_CELL,Sheet1!R31C14,Sheet1!R33C2,,,1393/02/16,Sheet1!R59C23,,خدمات انفورماتیک
اکسل های صورت مالی کل زیپ ۱۳۹۲-۱۴۰۲.zip,رانفور.zip,رانفور.zip!رانفور_۱۳۹۳_۱۲_۲۹_separate_ن-۱۰_صورتهای مالی سال مالی منتهی به ۱۳۹۳_۱۲_۲۹ (حسابرسی شده).xlsx,رانفور_۱۳۹۳_۱۲_۲۹_separate_ن-۱۰_صورتهای مالی سال مالی منتهی به ۱۳۹۳_۱۲_۲۹ (حسابرسی شده).xlsx,OLE2_LEGACY_EXCEL,.xlsx,48128,8d233d77b84dbc16b8a8884e4249dca2a289cff1f5fa0e526666edb3f0f52543,OK,,325,PAYLOAD_SUBSTANTIVE,,رانفور,1393,1393/12/29,separate,audited,original,DETECTED,Sheet1,9,51,1393/12/29,Sheet1!R6C4,مقبول,UNQUALIFIED_FAIR_FORMULA|HEADING_CELL,Sheet1!R28C14,Sheet1!R29C2,,,1394/02/17,Sheet1!R43C23,,خدمات انفورماتیک
اکسل های صورت مالی کل زیپ ۱۳۹۲-۱۴۰۲.zip,رانفور.zip,رانفور.zip!رانفور_۱۳۹۴_۱۲_۲۹_separate_ن-۱۰_صورت‌های مالی سال مالی منتهی به ۱۳۹۴_۱۲_۲۹ (حسابرسی شده).xlsx,رانفور_۱۳۹۴_۱۲_۲۹_separate_ن-۱۰_صورت‌های مالی سال مالی منتهی به ۱۳۹۴_۱۲_۲۹ (حسابرسی شده).xlsx,OLE2_LEGACY_EXCEL,.xlsx,44544,24d6c7369936ed5754978f3e7b1edcb23d658aeee49de238eb240edd751bc790,OK,,321,PAYLOAD_SUBSTANTIVE,,رانفور,1394,1394/12/29,separate,audited,original,DETECTED,Sheet1,11,53,1394/12/29,Sheet1!R8C4,مقبول,UNQUALIFIED_FAIR_FORMULA|HEADING_CELL,Sheet1!R29C12,Sheet1!R30C2,,,1395/02/14,Sheet1!R45C20,,خدمات انفورماتیک
اکسل های صورت مالی کل زیپ ۱۳۹۲-۱۴۰۲.zip,رانفور.zip,رانفور.zip!رانفور_۱۳۹۵_۱۲_۳۰_separate_ن-۱۰_صورت‌های مالی سال مالی منتهی به ۱۳۹۵_۱۲_۳۰ (حسابرسی شده).xlsx,رانفور_۱۳۹۵_۱۲_۳۰_separate_ن-۱۰_صورت‌های مالی سال مالی منتهی به ۱۳۹۵_۱۲_۳۰ (حسابرسی شده).xlsx,OLE2_LEGACY_EXCEL,.xlsx,64512,0bae31ddf636dd983c892867b8cdaafe8a05c058b2d723f91c83ea743fefa226,OK,,560,PAYLOAD_SUBSTANTIVE,,رانفور,1395,1395/12/30,separate,audited,original,DETECTED,Sheet1,11,50,1395/12/30,Sheet1!R8C4,مقبول,UNQUALIFIED_FAIR_FORMULA|HEADING_CELL,Sheet1!R29C12,Sheet1!R30C2,,,1396/02/17,Sheet1!R42C20,,خدمات انفورماتیک
اکسل های صورت مالی کل زیپ ۱۳۹۲-۱۴۰۲.zip,رانفور.zip,رانفور.zip!رانفور_۱۳۹۶_۱۲_۲۹_consolidated_ن-۱۰_صورت‌های مالی تلفیقی سال مالی منتهی به ۱۳۹۶_۱۲_۲۹ (حسابرسی شده).xlsx,رانفور_۱۳۹۶_۱۲_۲۹_consolidated_ن-۱۰_صورت‌های مالی تلفیقی سال مالی منتهی به ۱۳۹۶_۱۲_۲۹ (حسابرسی شده).xlsx,OLE2_LEGACY_EXCEL,.xlsx,119296,44ba892dcd934eb99811edbdff59798f1ab4d1c2dcbbabead83f21752e58abcb,OK,,1325,PAYLOAD_SUBSTANTIVE,,رانفور,1396,1396/12/29,consolidated,audited,original,DETECTED,Sheet1,11,61,1396/12/29,Sheet1!R8C4,مقبول,UNQUALIFIED_FAIR_FORMULA|HEADING_CELL,Sheet1!R29C12,Sheet1!R30C2,,,1397/02/05,Sheet1!R52C20,,خدمات انفورماتیک
اکسل های صورت مالی کل زیپ ۱۳۹۲-۱۴۰۲.zip,رانفور.zip,رانفور.zip!رانفور_۱۳۹۶_۱۲_۲۹_consolidated_ن-۱۰_صورت‌های مالی تلفیقی سال مالی منتهی به ۱۳۹۶_۱۲_۲۹ (حسابرسی شده)(اصلاحیه).xlsx,رانفور_۱۳۹۶_۱۲_۲۹_consolidated_ن-۱۰_صورت‌های مالی تلفیقی سال مالی منتهی به ۱۳۹۶_۱۲_۲۹ (حسابرسی شده)(اصلاحیه).xlsx,OLE2_LEGACY_EXCEL,.xlsx,119296,4aad1c3f2de96413068149f84967f05305dbf9216c4abb096a8d8a9feb6c8b62,OK,,1325,PAYLOAD_SUBSTANTIVE,,رانفور,1396,1396/12/29,consolidated,audited,correction,DETECTED,Sheet1,11,61,1396/12/29,Sheet1!R8C4,مقبول,UNQUALIFIED_FAIR_FORMULA|HEADING_CELL,Sheet1!R29C12,Sheet1!R30C2,,,1397/02/05,Sheet1!R52C20,,خدمات انفورماتیک
اکسل های صورت مالی کل زیپ ۱۳۹۲-۱۴۰۲.zip,رانفور.zip,رانفور.zip!رانفور_۱۳۹۷_۱۲_۲۹_consolidated_ن-۱۰_صورت‌های مالی تلفیقی سال مالی منتهی به ۱۳۹۷_۱۲_۲۹ (حسابرسی شده).xlsx,رانفور_۱۳۹۷_۱۲_۲۹_consolidated_ن-۱۰_صورت‌های مالی تلفیقی سال مالی منتهی به ۱۳۹۷_۱۲_۲۹ (حسابرسی شده).xlsx,HTML_MISLABELED_XLSX,.xlsx,234581,a51d7695585e3f6b29e83ab0532de9b656449ff1d2a5cc654c95fdbca25733af,OK,,1045,PAYLOAD_SUBSTANTIVE,,رانفور,1397,1397/12/29,consolidated,audited,original,NOT_DETECTED,,,,1397/12/29,HTML_TABLE_1!R1C2,,,,,,NO_AUDITOR_BLOCK_DETECTED,,,NO_AUDITOR_BLOCK_DETECTED,
اکسل های صورت مالی کل زیپ ۱۳۹۲-۱۴۰۲.zip,رانفور.zip,رانفور.zip!رانفور_۱۳۹۸_۱۲_۲۹_consolidated_ن-۱۰_صورت‌های مالی تلفیقی سال مالی منتهی به ۱۳۹۸_۱۲_۲۹ (حسابرسی شده).xlsx,رانفور_۱۳۹۸_۱۲_۲۹_consolidated_ن-۱۰_صورت‌های مالی تلفیقی سال مالی منتهی به ۱۳۹۸_۱۲_۲۹ (حسابرسی شده).xlsx,HTML_MISLABELED_XLSX,.xlsx,505164,81f339ea3e5c760bf0e663661788139b3aca195e8b740b7921414383caa48cf8,OK,,2423,PAYLOAD_SUBSTANTIVE,,رانفور,1398,1398/12/29,consolidated,audited,original,NOT_DETECTED,,,,1398/12/29,HTML_TABLE_1!R1C3,,,,,,NO_AUDITOR_BLOCK_DETECTED,,,NO_AUDITOR_BLOCK_DETECTED,
اکسل های صورت مالی کل زیپ ۱۳۹۲-۱۴۰۲.zip,رانفور.zip,رانفور.zip!رانفور_۱۳۹۹_۱۲_۳۰_consolidated_ن-۱۰_صورت‌های مالی تلفیقی سال مالی منتهی به ۱۳۹۹_۱۲_۳۰ (حسابرسی شده).xlsx,رانفور_۱۳۹۹_۱۲_۳۰_consolidated_ن-۱۰_صورت‌های مالی تلفیقی سال مالی منتهی به ۱۳۹۹_۱۲_۳۰ (حسابرسی شده).xlsx,HTML_MISLABELED_XLSX,.xlsx,426437,a2eb77ac92e8c8217dcf4fc87767a40444f07a220e01403bcb98349f9a51d76f,OK,,1986,PAYLOAD_SUBSTANTIVE,,رانفور,1399,1399/12/30,consolidated,audited,original,NOT_DETECTED,,,,1399/12/30,HTML_TABLE_1!R1C2,,,,,,NO_AUDITOR_BLOCK_DETECTED,,,NO_AUDITOR_BLOCK_DETECTED,
اکسل های صورت مالی کل زیپ ۱۳۹۲-۱۴۰۲.zip,رانفور.zip,رانفور.zip!رانفور_۱۴۰۰_۱۲_۲۹_consolidated_ن-۱۰_صورت‌های مالی تلفیقی سال مالی منتهی به ۱۴۰۰_۱۲_۲۹ (حسابرسی شده).xlsx,رانفور_۱۴۰۰_۱۲_۲۹_consolidated_ن-۱۰_صورت‌های مالی تلفیقی سال مالی منتهی به ۱۴۰۰_۱۲_۲۹ (حسابرسی شده).xlsx,HTML_MISLABELED_XLSX,.xlsx,429389,cde9e2b711124d85988d41774ad5fa55a13dbc9479dc169062c9af1e73615d65,OK,,2003,PAYLOAD_SUBSTANTIVE,,رانفور,1400,1400/12/29,consolidated,audited,original,NOT_DETECTED,,,,1400/12/29,HTML_TABLE_1!R1C2,,,,,,NO_AUDITOR_BLOCK_DETECTED,,,NO_AUDITOR_BLOCK_DETECTED,
اکسل های صورت مالی کل زیپ ۱۳۹۲-۱۴۰۲.zip,رانفور.zip,رانفور.zip!رانفور_۱۴۰۰_۱۲_۲۹_consolidated_ن-۱۰_صورت‌های مالی تلفیقی سال مالی منتهی به ۱۴۰۰_۱۲_۲۹ (حسابرسی شده)(اصلاحیه).xlsx,رانفور_۱۴۰۰_۱۲_۲۹_consolidated_ن-۱۰_صورت‌های مالی تلفیقی سال مالی منتهی به ۱۴۰۰_۱۲_۲۹ (حسابرسی شده)(اصلاحیه).xlsx,HTML_MISLABELED_XLSX,.xlsx,429277,323c165285c85b0a575c7a8a3d004877ed6cb5afd7e00075f268016bae11d4d1,OK,,2003,PAYLOAD_SUBSTANTIVE,,رانفور,1400,1400/12/29,consolidated,audited,correction,NOT_DETECTED,,,,1400/12/29,HTML_TABLE_1!R1C2,,,,,,NO_AUDITOR_BLOCK_DETECTED,,,NO_AUDITOR_BLOCK_DETECTED,
اکسل های صورت مالی کل زیپ ۱۳۹۲-۱۴۰۲.zip,رانفور.zip,رانفور.zip!رانفور_۱۴۰۱_۱۲_۲۹_consolidated_ن-۱۰_صورت‌های مالی تلفیقی سال مالی منتهی به ۱۴۰۱_۱۲_۲۹ (حسابرسی شده).xlsx,رانفور_۱۴۰۱_۱۲_۲۹_consolidated_ن-۱۰_صورت‌های مالی تلفیقی سال مالی منتهی به ۱۴۰۱_۱۲_۲۹ (حسابرسی شده).xlsx,HTML_MISLABELED_XLSX,.xlsx,445597,eb1a16baa5bdd1cefd3feba8ed70b4c302a5bb579820b70efb5bfd91bbd2f576,OK,,2066,PAYLOAD_SUBSTANTIVE,,رانفور,1401,1401/12/29,consolidated,audited,original,NOT_DETECTED,,,,1401/12/29,HTML_TABLE_1!R1C2,,,,,,NO_AUDITOR_BLOCK_DETECTED,,,NO_AUDITOR_BLOCK_DETECTED,
اکسل های صورت مالی کل زیپ ۱۳۹۲-۱۴۰۲.zip,رانفور.zip,رانفور.zip!رانفور_۱۴۰۲_۱۲_۲۹_consolidated_ن-۱۰_صورت‌های مالی تلفیقی سال مالی منتهی به ۱۴۰۲_۱۲_۲۹ (حسابرسی شده).xlsx,رانفور_۱۴۰۲_۱۲_۲۹_consolidated_ن-۱۰_صورت‌های مالی تلفیقی سال مالی منتهی به ۱۴۰۲_۱۲_۲۹ (حسابرسی شده).xlsx,HTML_MISLABELED_XLSX,.xlsx,531262,5895f220f0925c00d5f70bd0e9aa0664071acc4f6b54fc16da911d669cab381d,OK,,2422,PAYLOAD_SUBSTANTIVE,,رانفور,1402,1402/12/29,consolidated,audited,original,NOT_DETECTED,,,,1402/12/29,HTML_TABLE_1!R1C2,,,,,,NO_AUDITOR_BLOCK_DETECTED,,,NO_AUDITOR_BLOCK_DETECTED,
اکسل های صورت مالی کل زیپ ۱۳۹۲-۱۴۰۲.zip,رمپنا.zip,رمپنا.zip!رمپنا_۱۳۹۱_۱۲_۳۰_separate_ن-۱۰_صورتهای مالی سال مالی منتهی به ۱۳۹۱_۱۲_۳۰ (حسابرسی شده).xlsx,رمپنا_۱۳۹۱_۱۲_۳۰_separate_ن-۱۰_صورتهای مالی سال مالی منتهی به ۱۳۹۱_۱۲_۳۰ (حسابرسی شده).xlsx,OLE2_LEGACY_EXCEL,.xlsx,68096,75209f06f9e72d3b6b5e111995124c377ad451bfb3c9fc344e5baebcd6697c92,OK,,354,PAYLOAD_SUBSTANTIVE,,رمپنا,1391,1391/12/30,separate,audited,original,DETECTED,Sheet1,9,129,1391/12/30,Sheet1!R6C4,مشروط,QUALIFIED_FAIR_WITH_EXCEPTION|HEADING_CELL,Sheet1!R44C14,Sheet1!R45C2,,,1392/04/15,Sheet1!R122C23,,مدیریت پروژههای نیروگاهی ایران- مپنا
اکسل های صورت مالی کل زیپ ۱۳۹۲-۱۴۰۲.zip,رمپنا.zip,رمپنا.zip!رمپنا_۱۳۹۲_۱۲_۲۹_separate_ن-۱۰_صورتهای مالی سال مالی منتهی به ۱۳۹۲_۱۲_۲۹ (حسابرسی شده).xlsx,رمپنا_۱۳۹۲_۱۲_۲۹_separate_ن-۱۰_صورتهای مالی سال مالی منتهی به ۱۳۹۲_۱۲_۲۹ (حسابرسی شده).xlsx,OLE2_LEGACY_EXCEL,.xlsx,69120,a5c1685402a1a5e7dddb860914952cc59c2e0ab3d99d9eaa4d251f026cfeb72b,OK,,322,PAYLOAD_SUBSTANTIVE,,رمپنا,1392,1392/12/29,separate,audited,original,DETECTED,Sheet1,9,116,1392/12/29,Sheet1!R6C4,مشروط,QUALIFIED_FAIR_WITH_EXCEPTION|HEADING_CELL,Sheet1!R43C14,Sheet1!R44C2,,,1393/04/18,Sheet1!R108C23,,گروه مپنا
اکسل های صورت مالی کل زیپ ۱۳۹۲-۱۴۰۲.zip,رمپنا.zip,رمپنا.zip!رمپنا_۱۳۹۲_۱۲_۲۹_separate_ن-۱۰_صورتهای مالی سال مالی منتهی به ۱۳۹۲_۱۲_۲۹ (حسابرسی شده)(اصلاحیه).xlsx,رمپنا_۱۳۹۲_۱۲_۲۹_separate_ن-۱۰_صورتهای مالی سال مالی منتهی به ۱۳۹۲_۱۲_۲۹ (حسابرسی شده)(اصلاحیه).xlsx,OLE2_LEGACY_EXCEL,.xlsx,69632,46fe793361c2edb7a945b2e00d8f694f6a228b7ef15833d9ba572bb2593aab1c,OK,,322,PAYLOAD_SUBSTANTIVE,,رمپنا,1392,1392/12/29,separate,audited,correction,DETECTED,Sheet1,9,119,1392/12/29,Sheet1!R6C4,مشروط,QUALIFIED_FAIR_WITH_EXCEPTION|HEADING_CELL,Sheet1!R43C14,Sheet1!R44C2,,,1393/04/18,Sheet1!R111C23,,گروه مپنا
اکسل های صورت مالی کل زیپ ۱۳۹۲-۱۴۰۲.zip,رمپنا.zip,رمپنا.zip!رمپنا_۱۳۹۳_۱۲_۲۹_separate_ن-۱۰_صورتهای مالی سال مالی منتهی به ۱۳۹۳_۱۲_۲۹ (حسابرسی شده).xlsx,رمپنا_۱۳۹۳_۱۲_۲۹_separate_ن-۱۰_صورتهای مالی سال مالی منتهی به ۱۳۹۳_۱۲_۲۹ (حسابرسی شده).xlsx,OLE2_LEGACY_EXCEL,.xlsx,62976,bc95f6baf58c6f5752b7f7c7f02b3d0e6546d8a3ccbb7614fed3200607cf902d,OK,,331,PAYLOAD_SUBSTANTIVE,,رمپنا,1393,1393/12/29,separate,audited,original,DETECTED,Sheet1,9,115,1393/12/29,Sheet1!R6C4,مشروط,QUALIFIED_FAIR_WITH_EXCEPTION|HEADING_CELL,Sheet1!R40C14,Sheet1!R41C2,,,1394/04/21,Sheet1!R106C23,,گروه مپنا
اکسل های صورت مالی کل زیپ ۱۳۹۲-۱۴۰۲.zip,رمپنا.zip,رمپنا.zip!رمپنا_۱۳۹۴_۱۲_۲۹_consolidated_ن-۱۰_صورت‌های مالی تلفیقی سال مالی منتهی به ۱۳۹۴_۱۲_۲۹ (حسابرسی شده).xlsx,رمپنا_۱۳۹۴_۱۲_۲۹_consolidated_ن-۱۰_صورت‌های مالی تلفیقی سال مالی منتهی به ۱۳۹۴_۱۲_۲۹ (حسابرسی شده).xlsx,OLE2_LEGACY_EXCEL,.xlsx,136192,0987f86cd86e7d0763207f946431d5bd810edba9df4c6d66344d4fbee1646153,OK,,1319,PAYLOAD_SUBSTANTIVE,,رمپنا,1394,1394/12/29,consolidated,audited,original,DETECTED,Sheet1,9,87,1394/12/29,Sheet1!R6C4,مشروط,QUALIFIED_FAIR_WITH_EXCEPTION|HEADING_CELL,Sheet1!R41C14,Sheet1!R42C2,,,1395/04/19,Sheet1!R79C23,,گروه مپنا
اکسل های صورت مالی کل زیپ ۱۳۹۲-۱۴۰۲.zip,رمپنا.zip,رمپنا.zip!رمپنا_۱۳۹۴_۱۲_۲۹_separate_ن-۱۰_صورت‌های مالی سال مالی منتهی به ۱۳۹۴_۱۲_۲۹ (حسابرسی شده).xlsx,رمپنا_۱۳۹۴_۱۲_۲۹_separate_ن-۱۰_صورت‌های مالی سال مالی منتهی به ۱۳۹۴_۱۲_۲۹ (حسابرسی شده).xlsx,OLE2_LEGACY_EXCEL,.xlsx,81408,f596ceb5e522a304b9183c5ec9da5cd9be95af9bbd106cdbc605f75630354baf,OK,,565,PAYLOAD_SUBSTANTIVE,,رمپنا,1394,1394/12/29,separate,audited,original,DETECTED,Sheet1,9,87,1394/12/29,Sheet1!R6C4,مشروط,QUALIFIED_FAIR_WITH_EXCEPTION|HEADING_CELL,Sheet1!R41C14,Sheet1!R42C2,,,1395/04/19,Sheet1!R79C23,,گروه مپنا
اکسل های صورت مالی کل زیپ ۱۳۹۲-۱۴۰۲.zip,رمپنا.zip,رمپنا.zip!رمپنا_۱۳۹۵_۱۲_۳۰_consolidated_ن-۱۰_صورت‌های مالی تلفیقی سال مالی منتهی به ۱۳۹۵_۱۲_۳۰ (حسابرسی شده).xlsx,رمپنا_۱۳۹۵_۱۲_۳۰_consolidated_ن-۱۰_صورت‌های مالی تلفیقی سال مالی منتهی به ۱۳۹۵_۱۲_۳۰ (حسابرسی شده).xlsx,OLE2_LEGACY_EXCEL,.xlsx,131584,413273d786727bd351f54c46f9116dd2fb47f5a9a957140330c76012091e24ed,OK,,1328,PAYLOAD_SUBSTANTIVE,,رمپنا,1395,1395/12/30,consolidated,audited,original,DETECTED,Sheet1,11,89,1395/12/30,Sheet1!R8C4,مشروط,QUALIFIED_FAIR_WITH_EXCEPTION|HEADING_CELL,Sheet1!R37C12,Sheet1!R38C2,,,1396/04/21,Sheet1!R80C20,,گروه مپنا
اکسل های صورت مالی کل زیپ ۱۳۹۲-۱۴۰۲.zip,رمپنا.zip,رمپنا.zip!رمپنا_۱۳۹۶_۱۲_۲۹_consolidated_ن-۱۰_صورت‌های مالی تلفیقی سال مالی منتهی به ۱۳۹۶_۱۲_۲۹ (حسابرسی شده).xlsx,رمپنا_۱۳۹۶_۱۲_۲۹_consolidated_ن-۱۰_صورت‌های مالی تلفیقی سال مالی منتهی به ۱۳۹۶_۱۲_۲۹ (حسابرسی شده).xlsx,OLE2_LEGACY_EXCEL,.xlsx,131584,35ab20b7d34f140e7914a3c952625b192518435b7373d5bd6f3c30a5977ab8f2,OK,,1328,PAYLOAD_SUBSTANTIVE,,رمپنا,1396,1396/12/29,consolidated,audited,original,DETECTED,Sheet1,11,88,1396/12/29,Sheet1!R8C4,مشروط,QUALIFIED_FAIR_WITH_EXCEPTION|HEADING_CELL,Sheet1!R32C12,Sheet1!R33C2,,,1397/04/20,Sheet1!R79C20,,گروه مپنا
اکسل های صورت مالی کل زیپ ۱۳۹۲-۱۴۰۲.zip,رمپنا.zip,رمپنا.zip!رمپنا_۱۳۹۸_۰۱_۳۱_consolidated_ن-۱۰_صورت‌های مالی تلفیقی سال مالی منتهی به ۱۳۹۸_۰۱_۳۱ (حسابرسی شده).xlsx,رمپنا_۱۳۹۸_۰۱_۳۱_consolidated_ن-۱۰_صورت‌های مالی تلفیقی سال مالی منتهی به ۱۳۹۸_۰۱_۳۱ (حسابرسی شده).xlsx,HTML_MISLABELED_XLSX,.xlsx,236289,4d851338b5cf37e01fd6a8206c1930ab2f0829fbac2156258070e53da393bf44,OK,,1045,PAYLOAD_SUBSTANTIVE,,رمپنا,1398,1398/01/31,consolidated,audited,original,NOT_DETECTED,,,,1398/01/31,HTML_TABLE_1!R1C2,,,,,,NO_AUDITOR_BLOCK_DETECTED,,,NO_AUDITOR_BLOCK_DETECTED,
اکسل های صورت مالی کل زیپ ۱۳۹۲-۱۴۰۲.zip,رمپنا.zip,رمپنا.zip!رمپنا_۱۳۹۹_۰۱_۳۱_consolidated_ن-۱۰_صورت‌های مالی تلفیقی سال مالی منتهی به ۱۳۹۹_۰۱_۳۱ (حسابرسی شده).xlsx,رمپنا_۱۳۹۹_۰۱_۳۱_consolidated_ن-۱۰_صورت‌های مالی تلفیقی سال مالی منتهی به ۱۳۹۹_۰۱_۳۱ (حسابرسی شده).xlsx,HTML_MISLABELED_XLSX,.xlsx,485610,ff0ab2ea2f369350460f8497a1bccd62a011e641928bdfe51b562426a937424c,OK,,2277,PAYLOAD_SUBSTANTIVE,,رمپنا,1399,1399/01/31,consolidated,audited,original,NOT_DETECTED,,,,1399/01/31,HTML_TABLE_1!R1C2,,,,,,NO_AUDITOR_BLOCK_DETECTED,,,NO_AUDITOR_BLOCK_DETECTED,
اکسل های صورت مالی کل زیپ ۱۳۹۲-۱۴۰۲.zip,رمپنا.zip,رمپنا.zip!رمپنا_۱۴۰۰_۰۱_۳۱_consolidated_ن-۱۰_صورت‌های مالی تلفیقی سال مالی منتهی به ۱۴۰۰_۰۱_۳۱ (حسابرسی شده).xlsx,رمپنا_۱۴۰۰_۰۱_۳۱_consolidated_ن-۱۰_صورت‌های مالی تلفیقی سال مالی منتهی به ۱۴۰۰_۰۱_۳۱ (حسابرسی شده).xlsx,HTML_MISLABELED_XLSX,.xlsx,481534,62d0a2a5f8b5d05abb26da807974f04892ee6b55aebcec82a684161d078f0068,OK,,2275,PAYLOAD_SUBSTANTIVE,,رمپنا,1400,1400/01/31,consolidated,audited,original,NOT_DETECTED,,,,1400/01/31,HTML_TABLE_1!R1C2,,,,,,NO_AUDITOR_BLOCK_DETECTED,,,NO_AUDITOR_BLOCK_DETECTED,
اکسل های صورت مالی کل زیپ ۱۳۹۲-۱۴۰۲.zip,رمپنا.zip,رمپنا.zip!رمپنا_۱۴۰۱_۰۱_۳۱_consolidated_ن-۱۰_صورت‌های مالی تلفیقی سال مالی منتهی به ۱۴۰۱_۰۱_۳۱ (حسابرسی شده).xlsx,رمپنا_۱۴۰۱_۰۱_۳۱_consolidated_ن-۱۰_صورت‌های مالی تلفیقی سال مالی منتهی به ۱۴۰۱_۰۱_۳۱ (حسابرسی شده).xlsx,HTML_MISLABELED_XLSX,.xlsx,507340,3bf197c54d3ce9b50c1f8831a86abe67b6ac39ae04c0c2d9fb07595b7dae839b,OK,,2373,PAYLOAD_SUBSTANTIVE,,رمپنا,1401,1401/01/31,consolidated,audited,original,NOT_DETECTED,,,,1401/01/31,HTML_TABLE_1!R1C2,,,,,,NO_AUDITOR_BLOCK_DETECTED,,,NO_AUDITOR_BLOCK_DETECTED,
اکسل های صورت مالی کل زیپ ۱۳۹۲-۱۴۰۲.zip,رمپنا.zip,رمپنا.zip!رمپنا_۱۴۰۲_۰۱_۳۱_consolidated_ن-۱۰_صورت‌های مالی تلفیقی سال مالی منتهی به ۱۴۰۲_۰۱_۳۱ (حسابرسی شده).xlsx,رمپنا_۱۴۰۲_۰۱_۳۱_consolidated_ن-۱۰_صورت‌های مالی تلفیقی سال مالی منتهی به ۱۴۰۲_۰۱_۳۱ (حسابرسی شده).xlsx,HTML_MISLABELED_XLSX,.xlsx,3604,e56cc535083c0ac6c8adfc88bb93833799eb3bb483697a9922bc9a688c8be669,OK,,1,PAYLOAD_NON_SUBSTANTIVE,SUSPICIOUS_SMALL_PAYLOAD:3604_bytes,رمپنا,1402,1402/01/31,consolidated,audited,original,NOT_DETECTED,,,,,,,,,,,NO_AUDITOR_BLOCK_DETECTED,,,NO_AUDITOR_BLOCK_DETECTED,
اکسل های صورت مالی کل زیپ ۱۳۹۲-۱۴۰۲.zip,زپارس.zip,زپارس.zip!زپارس_۱۳۹۴_۰۹_۳۰_separate_ن-۱۰_صورت‌های مالی سال مالی منتهی به ۱۳۹۴_۰۹_۳۰ (حسابرسی شده).xlsx,زپارس_۱۳۹۴_۰۹_۳۰_separate_ن-۱۰_صورت‌های مالی سال مالی منتهی به ۱۳۹۴_۰۹_۳۰ (حسابرسی شده).xlsx,OLE2_LEGACY_EXCEL,.xlsx,95744,2e006c913a688d70f3822a2e61fb167690dd88f6d22f212768821078d1493f84,OK,,974,PAYLOAD_SUBSTANTIVE,,زپارس,1394,1394/09/30,separate,audited,original,DETECTED,Sheet1,11,70,1394/09/30,Sheet1!R8C4,مشروط,QUALIFIED_FAIR_WITH_EXCEPTION|HEADING_CELL,Sheet1!R37C12,Sheet1!R38C2,,,1394/12/27,Sheet1!R61C20,,ملی کشت و صنعت و دامپروری پارس
اکسل های صورت مالی کل زیپ ۱۳۹۲-۱۴۰۲.zip,زپارس.zip,زپارس.zip!زپارس_۱۳۹۵_۰۹_۳۰_separate_ن-۱۰_صورت‌های مالی سال مالی منتهی به ۱۳۹۵_۰۹_۳۰ (حسابرسی شده).xlsx,زپارس_۱۳۹۵_۰۹_۳۰_separate_ن-۱۰_صورت‌های مالی سال مالی منتهی به ۱۳۹۵_۰۹_۳۰ (حسابرسی شده).xlsx,OLE2_LEGACY_EXCEL,.xlsx,97792,27d962ca76615168e8744cf3d6aed83e6066b4a3b7ec7dac9ca1c2c4a4cd837e,OK,,1039,PAYLOAD_SUBSTANTIVE,,زپارس,1395,1395/09/30,separate,audited,original,DETECTED,Sheet1,11,61,1395/09/30,Sheet1!R8C4,مقبول,UNQUALIFIED_FAIR_FORMULA|HEADING_CELL,Sheet1!R32C12,Sheet1!R34C2,,,1395/12/22,Sheet1!R53C20,,ملی کشت و صنعت و دامپروری پارس
اکسل های صورت مالی کل زیپ ۱۳۹۲-۱۴۰۲.zip,زپارس.zip,زپارس.zip!زپارس_۱۳۹۶_۰۹_۳۰_separate_ن-۱۰_صورت‌های مالی سال مالی منتهی به ۱۳۹۶_۰۹_۳۰ (حسابرسی شده).xlsx,زپارس_۱۳۹۶_۰۹_۳۰_separate_ن-۱۰_صورت‌های مالی سال مالی منتهی به ۱۳۹۶_۰۹_۳۰ (حسابرسی شده).xlsx,OLE2_LEGACY_EXCEL,.xlsx,94208,f9f068ac686b2567cc4255a7d0371b3b064fe638b0d7e84c65ff7b0133c4e1bc,OK,,966,PAYLOAD_SUBSTANTIVE,,زپارس,1396,1396/09/30,separate,audited,original,DETECTED,Sheet1,11,59,1396/09/30,Sheet1!R8C4,مقبول,UNQUALIFIED_FAIR_FORMULA|HEADING_CELL,Sheet1!R29C12,Sheet1!R30C2,,,1397/01/23,Sheet1!R51C20,,ملی کشت و صنعت و دامپروری پارس
اکسل های صورت مالی کل زیپ ۱۳۹۲-۱۴۰۲.zip,زپارس.zip,زپارس.zip!زپارس_۱۳۹۷_۰۹_۳۰_separate_ن-۱۰_صورت‌های مالی سال مالی منتهی به ۱۳۹۷_۰۹_۳۰ (حسابرسی شده).xlsx,زپارس_۱۳۹۷_۰۹_۳۰_separate_ن-۱۰_صورت‌های مالی سال مالی منتهی به ۱۳۹۷_۰۹_۳۰ (حسابرسی شده).xlsx,HTML_MISLABELED_XLSX,.xlsx,113399,fa77b493e83778763200eece20635a4eb88e5b8342f1b5f92391cf7d6ef100f0,OK,,495,PAYLOAD_SUBSTANTIVE,,زپارس,1397,1397/09/30,separate,audited,original,NOT_DETECTED,,,,1397/09/30,HTML_TABLE_1!R1C2,,,,,,NO_AUDITOR_BLOCK_DETECTED,,,NO_AUDITOR_BLOCK_DETECTED,
اکسل های صورت مالی کل زیپ ۱۳۹۲-۱۴۰۲.zip,زپارس.zip,زپارس.zip!زپارس_۱۳۹۸_۰۹_۳۰_separate_ن-۱۰_صورت‌های مالی سال مالی منتهی به ۱۳۹۸_۰۹_۳۰ (حسابرسی شده).xlsx,زپارس_۱۳۹۸_۰۹_۳۰_separate_ن-۱۰_صورت‌های مالی سال مالی منتهی به ۱۳۹۸_۰۹_۳۰ (حسابرسی شده).xlsx,HTML_MISLABELED_XLSX,.xlsx,292999,f1ccbe795698becb82b6f8051b7ea5317903e7cf348f94a89f9c623cbf4fc308,OK,,1447,PAYLOAD_SUBSTANTIVE,,زپارس,1398,1398/09/30,separate,audited,original,NOT_DETECTED,,,,1398/09/30,HTML_TABLE_1!R1C2,,,,,,NO_AUDITOR_BLOCK_DETECTED,,,NO_AUDITOR_BLOCK_DETECTED,
اکسل های صورت مالی کل زیپ ۱۳۹۲-۱۴۰۲.zip,زپارس.zip,زپارس.zip!زپارس_۱۳۹۹_۰۹_۳۰_separate_ن-۱۰_صورت‌های مالی سال مالی منتهی به ۱۳۹۹_۰۹_۳۰ (حسابرسی شده).xlsx,زپارس_۱۳۹۹_۰۹_۳۰_separate_ن-۱۰_صورت‌های مالی سال مالی منتهی به ۱۳۹۹_۰۹_۳۰ (حسابرسی شده).xlsx,HTML_MISLABELED_XLSX,.xlsx,375901,0dc7ca4abd1d5d93a657a1835a89bb92be94f74fd9914e99cf02b0e448517faa,OK,,1892,PAYLOAD_SUBSTANTIVE,,زپارس,1399,1399/09/30,separate,audited,original,NOT_DETECTED,,,,1399/09/30,HTML_TABLE_1!R1C2,,,,,,NO_AUDITOR_BLOCK_DETECTED,,,NO_AUDITOR_BLOCK_DETECTED,
اکسل های صورت مالی کل زیپ ۱۳۹۲-۱۴۰۲.zip,زپارس.zip,زپارس.zip!زپارس_۱۴۰۰_۰۹_۳۰_separate_ن-۱۰_صورت‌های مالی سال مالی منتهی به ۱۴۰۰_۰۹_۳۰ (حسابرسی شده).xlsx,زپارس_۱۴۰۰_۰۹_۳۰_separate_ن-۱۰_صورت‌های مالی سال مالی منتهی به ۱۴۰۰_۰۹_۳۰ (حسابرسی شده).xlsx,HTML_MISLABELED_XLSX,.xlsx,586951,d3970a925b5c45cbf8c82f3ea9be82f77cfe6859fb3ee1071c9b2110a34655ce,OK,,3116,PAYLOAD_SUBSTANTIVE,,زپارس,1400,1400/09/30,separate,audited,original,NOT_DETECTED,,,,1400/09/30,HTML_TABLE_1!R1C2,,,,,,NO_AUDITOR_BLOCK_DETECTED,,,NO_AUDITOR_BLOCK_DETECTED,
اکسل های صورت مالی کل زیپ ۱۳۹۲-۱۴۰۲.zip,زپارس.zip,زپارس.zip!زپارس_۱۴۰۱_۰۹_۳۰_separate_ن-۱۰_صورت‌های مالی سال مالی منتهی به ۱۴۰۱_۰۹_۳۰ (حسابرسی شده).xlsx,زپارس_۱۴۰۱_۰۹_۳۰_separate_ن-۱۰_صورت‌های مالی سال مالی منتهی به ۱۴۰۱_۰۹_۳۰ (حسابرسی شده).xlsx,HTML_MISLABELED_XLSX,.xlsx,461311,780e55ab4922d8c5a2dbad8da915073dfc0dad18a82015c0f34565f2beb92e58,OK,,2227,PAYLOAD_SUBSTANTIVE,,زپارس,1401,1401/09/30,separate,audited,original,NOT_DETECTED,,,,1401/09/30,HTML_TABLE_1!R1C2,,,,,,NO_AUDITOR_BLOCK_DETECTED,,,NO_AUDITOR_BLOCK_DETECTED,
اکسل های صورت مالی کل زیپ ۱۳۹۲-۱۴۰۲.zip,زپارس.zip,زپارس.zip!زپارس_۱۴۰۲_۰۹_۳۰_separate_ن-۱۰_صورت‌های مالی سال مالی منتهی به ۱۴۰۲_۰۹_۳۰ (حسابرسی شده).xlsx,زپارس_۱۴۰۲_۰۹_۳۰_separate_ن-۱۰_صورت‌های مالی سال مالی منتهی به ۱۴۰۲_۰۹_۳۰ (حسابرسی شده).xlsx,HTML_MISLABELED_XLSX,.xlsx,463365,3b3f6f3c6ba55f2a18d2cfb11b36ad87149019e2506b70a7c8f6470270859446,OK,,2224,PAYLOAD_SUBSTANTIVE,,زپارس,1402,1402/09/30,separate,audited,original,NOT_DETECTED,,,,1402/09/30,HTML_TABLE_1!R1C2,,,,,,NO_AUDITOR_BLOCK_DETECTED,,,NO_AUDITOR_BLOCK_DETECTED,
اکسل های صورت مالی کل زیپ ۱۳۹۲-۱۴۰۲.zip,زمگسا.zip,زمگسا.zip!زمگسا_۱۳۹۱_۱۲_۳۰_separate_ن-۱۰_صورتهای مالی سال مالی منتهی به ۱۳۹۱_۱۲_۳۰ (حسابرسی شده).xlsx,زمگسا_۱۳۹۱_۱۲_۳۰_separate_ن-۱۰_صورتهای مالی سال مالی منتهی به ۱۳۹۱_۱۲_۳۰ (حسابرسی شده).xlsx,OLE2_LEGACY_EXCEL,.xlsx,60416,3a9293ee3a697ce83f52d59044ab4edf3ee632f4ac75e66081d158bba1734d95,OK,,456,PAYLOAD_SUBSTANTIVE,,زمگسا,1391,1391/12/30,separate,audited,original,DETECTED,Sheet1,9,95,1391/12/30,Sheet1!R6C4,مقبول,UNQUALIFIED_FAIR_FORMULA|HEADING_CELL,Sheet1!R35C14,Sheet1!R36C2,,,1392/02/26,Sheet1!R87C23,,کشاورزی و دامپروری مگسال
اکسل های صورت مالی کل زیپ ۱۳۹۲-۱۴۰۲.zip,زمگسا.zip,زمگسا.zip!زمگسا_۱۳۹۲_۱۲_۲۹_separate_ن-۱۰_صورتهای مالی سال مالی منتهی به ۱۳۹۲_۱۲_۲۹ (حسابرسی شده).xlsx,زمگسا_۱۳۹۲_۱۲_۲۹_separate_ن-۱۰_صورتهای مالی سال مالی منتهی به ۱۳۹۲_۱۲_۲۹ (حسابرسی شده).xlsx,OLE2_LEGACY_EXCEL,.xlsx,73216,c2d3c53d869521f7bb9db7735fccb4358fc5059482514a77baa2d7b414ce4b18,OK,,577,PAYLOAD_SUBSTANTIVE,,زمگسا,1392,1392/12/29,separate,audited,original,DETECTED,Sheet1,9,78,1392/12/29,Sheet1!R6C4,مقبول,UNQUALIFIED_FAIR_FORMULA|HEADING_CELL,Sheet1!R28C14,Sheet1!R29C2,,,1393/02/06,Sheet1!R69C23,,کشاورزی و دامپروری مگسال
اکسل های صورت مالی کل زیپ ۱۳۹۲-۱۴۰۲.zip,زمگسا.zip,زمگسا.zip!زمگسا_۱۳۹۳_۱۲_۲۹_separate_ن-۱۰_صورتهای مالی سال مالی منتهی به ۱۳۹۳_۱۲_۲۹ (حسابرسی شده).xlsx,زمگسا_۱۳۹۳_۱۲_۲۹_separate_ن-۱۰_صورتهای مالی سال مالی منتهی به ۱۳۹۳_۱۲_۲۹ (حسابرسی شده).xlsx,OLE2_LEGACY_EXCEL,.xlsx,76288,6cf6e0a333423860aad28fde89ac3cf22fc479a30bb008202971651eed582063,OK,,620,PAYLOAD_SUBSTANTIVE,,زمگسا,1393,1393/12/29,separate,audited,original,DETECTED,Sheet1,9,76,1393/12/29,Sheet1!R6C4,مقبول,UNQUALIFIED_FAIR_FORMULA|HEADING_CELL,Sheet1!R35C14,Sheet1!R36C2,,,1394/02/17,Sheet1!R67C23,,کشاورزی و دامپروری مگسال
اکسل های صورت مالی کل زیپ ۱۳۹۲-۱۴۰۲.zip,زمگسا.zip,زمگسا.zip!زمگسا_۱۳۹۳_۱۲_۲۹_separate_ن-۱۰_صورتهای مالی سال مالی منتهی به ۱۳۹۳_۱۲_۲۹ (حسابرسی شده)(اصلاحیه).xlsx,زمگسا_۱۳۹۳_۱۲_۲۹_separate_ن-۱۰_صورتهای مالی سال مالی منتهی به ۱۳۹۳_۱۲_۲۹ (حسابرسی شده)(اصلاحیه).xlsx,OLE2_LEGACY_EXCEL,.xlsx,73216,34039ec1cd0cb883891c6270fd9e2b05dac19564d7226eb38cdb68e7ebef9c8c,OK,,620,PAYLOAD_SUBSTANTIVE,,زمگسا,1393,1393/12/29,separate,audited,correction,DETECTED,Sheet1,9,71,1393/12/29,Sheet1!R6C4,مقبول,UNQUALIFIED_FAIR_FORMULA|HEADING_CELL,Sheet1!R29C14,Sheet1!R30C2,,,1394/02/17,Sheet1!R62C23,,کشاورزی و دامپروری مگسال
اکسل های صورت مالی کل زیپ ۱۳۹۲-۱۴۰۲.zip,زمگسا.zip,زمگسا.zip!زمگسا_۱۳۹۴_۱۲_۲۹_separate_ن-۱۰_صورت‌های مالی سال مالی منتهی به ۱۳۹۴_۱۲_۲۹ (حسابرسی شده).xlsx,زمگسا_۱۳۹۴_۱۲_۲۹_separate_ن-۱۰_صورت‌های مالی سال مالی منتهی به ۱۳۹۴_۱۲_۲۹ (حسابرسی شده).xlsx,OLE2_LEGACY_EXCEL,.xlsx,79360,9e7f94c70c77e269d77eed55b167dd9c3675fb6bfdbde593e95ccbf8488dbc50,OK,,624,PAYLOAD_SUBSTANTIVE,,زمگسا,1394,1394/12/29,separate,audited,original,DETECTED,Sheet1,9,76,1394/12/29,Sheet1!R6C4,مقبول,UNQUALIFIED_FAIR_FORMULA|HEADING_CELL,Sheet1!R29C14,Sheet1!R30C2,,,1395/02/18,Sheet1!R67C23,,کشاورزی و دامپروری مگسال
اکسل های صورت مالی کل زیپ ۱۳۹۲-۱۴۰۲.zip,زمگسا.zip,زمگسا.zip!زمگسا_۱۳۹۵_۱۲_۳۰_separate_ن-۱۰_صورت‌های مالی سال مالی منتهی به ۱۳۹۵_۱۲_۳۰ (حسابرسی شده).xlsx,زمگسا_۱۳۹۵_۱۲_۳۰_separate_ن-۱۰_صورت‌های مالی سال مالی منتهی به ۱۳۹۵_۱۲_۳۰ (حسابرسی شده).xlsx,OLE2_LEGACY_EXCEL,.xlsx,77824,e0416bc7bf0c20be66dcbefacd06642db2551557567c4f6200de1768edceafcd,OK,,662,PAYLOAD_SUBSTANTIVE,,زمگسا,1395,1395/12/30,separate,audited,original,DETECTED,Sheet1,11,70,1395/12/30,Sheet1!R8C4,مقبول,UNQUALIFIED_FAIR_FORMULA|HEADING_CELL,Sheet1!R30C12,Sheet1!R31C2,,,1396/02/21,Sheet1!R61C20,,کشاورزی و دامپروری مگسال
اکسل های صورت مالی کل زیپ ۱۳۹۲-۱۴۰۲.zip,زمگسا.zip,زمگسا.zip!زمگسا_۱۳۹۶_۱۲_۲۹_separate_ن-۱۰_صورت‌های مالی سال مالی منتهی به ۱۳۹۶_۱۲_۲۹ (حسابرسی شده).xlsx,زمگسا_۱۳۹۶_۱۲_۲۹_separate_ن-۱۰_صورت‌های مالی سال مالی منتهی به ۱۳۹۶_۱۲_۲۹ (حسابرسی شده).xlsx,OLE2_LEGACY_EXCEL,.xlsx,78336,906c8a767f1029f0f98cc78059413ed1036c08dd77e63cb4e9aaa018643cb21b,OK,,663,PAYLOAD_SUBSTANTIVE,,زمگسا,1396,1396/12/29,separate,audited,original,DETECTED,Sheet1,11,69,1396/12/29,Sheet1!R8C4,مقبول,UNQUALIFIED_FAIR_FORMULA|HEADING_CELL,Sheet1!R30C12,Sheet1!R31C2,,,1397/02/25,Sheet1!R60C20,,کشاورزی و دامپروری مگسال
اکسل های صورت مالی کل زیپ ۱۳۹۲-۱۴۰۲.zip,زمگسا.zip,زمگسا.zip!زمگسا_۱۳۹۷_۱۲_۲۹_separate_ن-۱۰_صورت‌های مالی سال مالی منتهی به ۱۳۹۷_۱۲_۲۹ (حسابرسی شده).xlsx,زمگسا_۱۳۹۷_۱۲_۲۹_separate_ن-۱۰_صورت‌های مالی سال مالی منتهی به ۱۳۹۷_۱۲_۲۹ (حسابرسی شده).xlsx,HTML_MISLABELED_XLSX,.xlsx,113352,a6ac4a928734e2a713a0493021ea68aea3026c02047c98cd59aea20b08e36650,OK,,495,PAYLOAD_SUBSTANTIVE,,زمگسا,1397,1397/12/29,separate,audited,original,NOT_DETECTED,,,,1397/12/29,HTML_TABLE_1!R1C2,,,,,,NO_AUDITOR_BLOCK_DETECTED,,,NO_AUDITOR_BLOCK_DETECTED,
اکسل های صورت مالی کل زیپ ۱۳۹۲-۱۴۰۲.zip,زمگسا.zip,زمگسا.zip!زمگسا_۱۳۹۸_۱۲_۲۹_separate_ن-۱۰_صورت‌های مالی سال مالی منتهی به ۱۳۹۸_۱۲_۲۹ (حسابرسی شده).xlsx,زمگسا_۱۳۹۸_۱۲_۲۹_separate_ن-۱۰_صورت‌های مالی سال مالی منتهی به ۱۳۹۸_۱۲_۲۹ (حسابرسی شده).xlsx,HTML_MISLABELED_XLSX,.xlsx,359583,94b85c2c9a351fd4a2ed8c2f0b4dba1c2e23bf9383bd075a2f9a3edafdf2b92a,OK,,1782,PAYLOAD_SUBSTANTIVE,,زمگسا,1398,1398/12/29,separate,audited,original,NOT_DETECTED,,,,1398/12/29,HTML_TABLE_1!R1C2,,,,,,NO_AUDITOR_BLOCK_DETECTED,,,NO_AUDITOR_BLOCK_DETECTED,
اکسل های صورت مالی کل زیپ ۱۳۹۲-۱۴۰۲.zip,زمگسا.zip,زمگسا.zip!زمگسا_۱۳۹۹_۱۲_۳۰_separate_ن-۱۰_صورت‌های مالی سال مالی منتهی به ۱۳۹۹_۱۲_۳۰ (حسابرسی شده).xlsx,زمگسا_۱۳۹۹_۱۲_۳۰_separate_ن-۱۰_صورت‌های مالی سال مالی منتهی به ۱۳۹۹_۱۲_۳۰ (حسابرسی شده).xlsx,HTML_MISLABELED_XLSX,.xlsx,337367,06f764f6c75a47b5342626d690140df39daae974406547c5e91f9a3bf95cce9e,OK,,1646,PAYLOAD_SUBSTANTIVE,,زمگسا,1399,1399/12/30,separate,audited,original,NOT_DETECTED,,,,1399/12/30,HTML_TABLE_1!R1C2,,,,,,NO_AUDITOR_BLOCK_DETECTED,,,NO_AUDITOR_BLOCK_DETECTED,
اکسل های صورت مالی کل زیپ ۱۳۹۲-۱۴۰۲.zip,زمگسا.zip,زمگسا.zip!زمگسا_۱۴۰۰_۱۲_۲۹_separate_ن-۱۰_صورت‌های مالی سال مالی منتهی به ۱۴۰۰_۱۲_۲۹ (حسابرسی شده).xlsx,زمگسا_۱۴۰۰_۱۲_۲۹_separate_ن-۱۰_صورت‌های مالی سال مالی منتهی به ۱۴۰۰_۱۲_۲۹ (حسابرسی شده).xlsx,HTML_MISLABELED_XLSX,.xlsx,342198,101658fab061b686e626ded3f2952bfdacbca72ade6780508ff8b07d4f32d04b,OK,,1739,PAYLOAD_SUBSTANTIVE,,زمگسا,1400,1400/12/29,separate,audited,original,NOT_DETECTED,,,,1400/12/29,HTML_TABLE_1!R1C2,,,,,,NO_AUDITOR_BLOCK_DETECTED,,,NO_AUDITOR_BLOCK_DETECTED,
اکسل های صورت مالی کل زیپ ۱۳۹۲-۱۴۰۲.zip,زمگسا.zip,زمگسا.zip!زمگسا_۱۴۰۱_۱۲_۲۹_separate_ن-۱۰_صورت‌های مالی سال مالی منتهی به ۱۴۰۱_۱۲_۲۹ (حسابرسی شده).xlsx,زمگسا_۱۴۰۱_۱۲_۲۹_separate_ن-۱۰_صورت‌های مالی سال مالی منتهی به ۱۴۰۱_۱۲_۲۹ (حسابرسی شده).xlsx,HTML_MISLABELED_XLSX,.xlsx,190980,3aa52ad145c05ac56e776c384f2a148cd4788dd72b43bdb949f9bf09abda1141,OK,,905,PAYLOAD_SUBSTANTIVE,,زمگسا,1401,1401/12/29,separate,audited,original,NOT_DETECTED,,,,1401/12/29,HTML_TABLE_1!R1C2,,,,,,NO_AUDITOR_BLOCK_DETECTED,,,NO_AUDITOR_BLOCK_DETECTED,
اکسل های صورت مالی کل زیپ ۱۳۹۲-۱۴۰۲.zip,زمگسا.zip,زمگسا.zip!زمگسا_۱۴۰۲_۱۲_۲۹_separate_ن-۱۰_صورت‌های مالی سال مالی منتهی به ۱۴۰۲_۱۲_۲۹ (حسابرسی شده).xlsx,زمگسا_۱۴۰۲_۱۲_۲۹_separate_ن-۱۰_صورت‌های مالی سال مالی منتهی به ۱۴۰۲_۱۲_۲۹ (حسابرسی شده).xlsx,HTML_MISLABELED_XLSX,.xlsx,366694,cf2ac43bffad30fb24a25289672fa2222772849ee4a6f321fc64f17b66fbfc20,OK,,1821,PAYLOAD_SUBSTANTIVE,,زمگسا,1402,1402/12/29,separate,audited,original,NOT_DETECTED,,,,1402/12/29,HTML_TABLE_1!R1C2,,,,,,NO_AUDITOR_BLOCK_DETECTED,,,NO_AUDITOR_BLOCK_DETECTED,
اکسل های صورت مالی کل زیپ ۱۳۹۲-۱۴۰۲.zip,سآبيك.zip,سآبيك.zip!سآبيك_۱۳۹۲_۱۲_۲۹_separate_ن-۱۰_صورتهای مالی سال مالی منتهی به ۱۳۹۲_۱۲_۲۹ (حسابرسی شده).xlsx,سآبيك_۱۳۹۲_۱۲_۲۹_separate_ن-۱۰_صورتهای مالی سال مالی منتهی به ۱۳۹۲_۱۲_۲۹ (حسابرسی شده).xlsx,OLE2_LEGACY_EXCEL,.xlsx,60416,d2985360e6577b8d0e77f8c4a7669852c93422164019897fa395d3e16caada9c,OK,,622,PAYLOAD_SUBSTANTIVE,,سآبیک,1392,1392/12/29,separate,audited,original,DETECTED,Sheet1,9,26,1392/12/29,Sheet1!R6C4,,,Sheet1!R20C14,,,NO_DECISIVE_OPINION_PARAGRAPH_IN_BLOCK;REFERRAL_TO_ATTACHMENT,1393/04/07,Sheet1!R23C23,ACCEPTED_NO_SIGNATURE_MARKER_NEARBY,
اکسل های صورت مالی کل زیپ ۱۳۹۲-۱۴۰۲.zip,سآبيك.zip,سآبيك.zip!سآبيك_۱۳۹۸_۱۲_۲۹_separate_ن-۱۰_صورت‌های مالی سال مالی منتهی به ۱۳۹۸_۱۲_۲۹ (حسابرسی شده).xlsx,سآبيك_۱۳۹۸_۱۲_۲۹_separate_ن-۱۰_صورت‌های مالی سال مالی منتهی به ۱۳۹۸_۱۲_۲۹ (حسابرسی شده).xlsx,HTML_MISLABELED_XLSX,.xlsx,306190,86af8cbfe06df54f14e84ef8a3033a5f2ba0090c1abd6e79ce74032164053ec1,OK,,1450,PAYLOAD_SUBSTANTIVE,,سآبیک,1398,1398/12/29,separate,audited,original,NOT_DETECTED,,,,1398/12/29,HTML_TABLE_1!R1C2,,,,,,NO_AUDITOR_BLOCK_DETECTED,,,NO_AUDITOR_BLOCK_DETECTED,
اکسل های صورت مالی کل زیپ ۱۳۹۲-۱۴۰۲.zip,سآبيك.zip,سآبيك.zip!سآبيك_۱۳۹۹_۱۲_۳۰_separate_ن-۱۰_صورت‌های مالی سال مالی منتهی به ۱۳۹۹_۱۲_۳۰ (حسابرسی شده).xlsx,سآبيك_۱۳۹۹_۱۲_۳۰_separate_ن-۱۰_صورت‌های مالی سال مالی منتهی به ۱۳۹۹_۱۲_۳۰ (حسابرسی شده).xlsx,HTML_MISLABELED_XLSX,.xlsx,306330,c755e8f71a0afb0d848a20a66e362bb4c8477e785c48a1e029bc909d7f68cfb3,OK,,1453,PAYLOAD_SUBSTANTIVE,,سآبیک,1399,1399/12/30,separate,audited,original,NOT_DETECTED,,,,1399/12/30,HTML_TABLE_1!R1C2,,,,,,NO_AUDITOR_BLOCK_DETECTED,,,NO_AUDITOR_BLOCK_DETECTED,
اکسل های صورت مالی کل زیپ ۱۳۹۲-۱۴۰۲.zip,سآبيك.zip,سآبيك.zip!سآبيك_۱۴۰۰_۱۲_۲۹_separate_ن-۱۰_صورت‌های مالی سال مالی منتهی به ۱۴۰۰_۱۲_۲۹ (حسابرسی شده).xlsx,سآبيك_۱۴۰۰_۱۲_۲۹_separate_ن-۱۰_صورت‌های مالی سال مالی منتهی به ۱۴۰۰_۱۲_۲۹ (حسابرسی شده).xlsx,HTML_MISLABELED_XLSX,.xlsx,376675,fd03a538beda9407edde0df2b6c179248a25efc0d5af527e551078c40dbebc7e,OK,,1756,PAYLOAD_SUBSTANTIVE,,سآبیک,1400,1400/12/29,separate,audited,original,NOT_DETECTED,,,,1400/12/29,HTML_TABLE_1!R1C2,,,,,,NO_AUDITOR_BLOCK_DETECTED,,,NO_AUDITOR_BLOCK_DETECTED,
اکسل های صورت مالی کل زیپ ۱۳۹۲-۱۴۰۲.zip,سآبيك.zip,سآبيك.zip!سآبيك_۱۴۰۱_۱۲_۲۹_separate_ن-۱۰_صورت‌های مالی سال مالی منتهی به ۱۴۰۱_۱۲_۲۹ (حسابرسی شده).xlsx,سآبيك_۱۴۰۱_۱۲_۲۹_separate_ن-۱۰_صورت‌های مالی سال مالی منتهی به ۱۴۰۱_۱۲_۲۹ (حسابرسی شده).xlsx,HTML_MISLABELED_XLSX,.xlsx,429036,2c8abdf99b5d7475228c87fe3d44f5bfe5634a241e698bc2d17eb567aa91edf4,OK,,2037,PAYLOAD_SUBSTANTIVE,,سآبیک,1401,1401/12/29,separate,audited,original,NOT_DETECTED,,,,1401/12/29,HTML_TABLE_1!R1C2,,,,,,NO_AUDITOR_BLOCK_DETECTED,,,NO_AUDITOR_BLOCK_DETECTED,
اکسل های صورت مالی کل زیپ ۱۳۹۲-۱۴۰۲.zip,سآبيك.zip,سآبيك.zip!سآبيك_۱۴۰۲_۱۲_۲۹_separate_ن-۱۰_صورت‌های مالی سال مالی منتهی به ۱۴۰۲_۱۲_۲۹ (حسابرسی شده).xlsx,سآبيك_۱۴۰۲_۱۲_۲۹_separate_ن-۱۰_صورت‌های مالی سال مالی منتهی به ۱۴۰۲_۱۲_۲۹ (حسابرسی شده).xlsx,HTML_MISLABELED_XLSX,.xlsx,418462,008cade9057b71e9cbe7439b0be6fc12f2974e6ce644a2c3a1c0f3300fa99703,OK,,1966,PAYLOAD_SUBSTANTIVE,,سآبیک,1402,1402/12/29,separate,audited,original,NOT_DETECTED,,,,1402/12/29,HTML_TABLE_1!R1C2,,,,,,NO_AUDITOR_BLOCK_DETECTED,,,NO_AUDITOR_BLOCK_DETECTED,
اکسل های صورت مالی کل زیپ ۱۳۹۲-۱۴۰۲.zip,سآبيك.zip,سآبيك.zip!سآبيك_۱۴۰۲_۱۲_۲۹_separate_ن-۱۰_صورت‌های مالی سال مالی منتهی به ۱۴۰۲_۱۲_۲۹ (حسابرسی شده)(اصلاحیه).xlsx,سآبيك_۱۴۰۲_۱۲_۲۹_separate_ن-۱۰_صورت‌های مالی سال مالی منتهی به ۱۴۰۲_۱۲_۲۹ (حسابرسی شده)(اصلاحیه).xlsx,HTML_MISLABELED_XLSX,.xlsx,350398,af22242283d0c1900d609b4a1022ce34eb31ebcf7962f8363e49257be781e3a6,OK,,1579,PAYLOAD_SUBSTANTIVE,,سآبیک,1402,1402/12/29,separate,audited,correction,NOT_DETECTED,,,,1402/12/29,HTML_TABLE_1!R1C2,,,,,,NO_AUDITOR_BLOCK_DETECTED,,,NO_AUDITOR_BLOCK_DETECTED,
اکسل های صورت مالی کل زیپ ۱۳۹۲-۱۴۰۲.zip,ساراب.zip,ساراب.zip!ساراب_۱۳۹۱_۱۲_۳۰_separate_ن-۱۰_صورتهای مالی سال مالی منتهی به ۱۳۹۱_۱۲_۳۰ (حسابرسی شده).xlsx,ساراب_۱۳۹۱_۱۲_۳۰_separate_ن-۱۰_صورتهای مالی سال مالی منتهی به ۱۳۹۱_۱۲_۳۰ (حسابرسی شده).xlsx,OLE2_LEGACY_EXCEL,.xlsx,58880,729fa680a94b01eecf5518b479863742cb96b47f459b9816531d1166e3e14f99,OK,,509,PAYLOAD_SUBSTANTIVE,,ساراب,1391,1391/12/30,separate,audited,original,DETECTED,Sheet1,9,64,1391/12/30,Sheet1!R6C4,مقبول,UNQUALIFIED_FAIR_FORMULA|HEADING_CELL,Sheet1!R28C14,Sheet1!R29C2,,,1392/02/18,Sheet1!R57C23,,سیمان داراب
اکسل های صورت مالی کل زیپ ۱۳۹۲-۱۴۰۲.zip,ساراب.zip,ساراب.zip!ساراب_۱۳۹۲_۱۲_۲۹_separate_ن-۱۰_صورتهای مالی سال مالی منتهی به ۱۳۹۲_۱۲_۲۹ (حسابرسی شده).xlsx,ساراب_۱۳۹۲_۱۲_۲۹_separate_ن-۱۰_صورتهای مالی سال مالی منتهی به ۱۳۹۲_۱۲_۲۹ (حسابرسی شده).xlsx,OLE2_LEGACY_EXCEL,.xlsx,77824,3d239a07db9e8bd9c088c790d52578e32e89a2d6b3b39218cb7d6d81314f7c15,OK,,642,PAYLOAD_SUBSTANTIVE,,ساراب,1392,1392/12/29,separate,audited,original,DETECTED,Sheet1,9,71,1392/12/29,Sheet1!R6C4,مقبول,UNQUALIFIED_FAIR_FORMULA|HEADING_CELL,Sheet1!R28C14,Sheet1!R29C2,,,1393/03/12,Sheet1!R63C23,,سیمان داراب
اکسل های صورت مالی کل زیپ ۱۳۹۲-۱۴۰۲.zip,ساراب.zip,ساراب.zip!ساراب_۱۳۹۳_۱۲_۲۹_separate_ن-۱۰_صورتهای مالی سال مالی منتهی به ۱۳۹۳_۱۲_۲۹ (حسابرسی شده).xlsx,ساراب_۱۳۹۳_۱۲_۲۹_separate_ن-۱۰_صورتهای مالی سال مالی منتهی به ۱۳۹۳_۱۲_۲۹ (حسابرسی شده).xlsx,OLE2_LEGACY_EXCEL,.xlsx,80896,9fad8de48dcc328a2f3b6d2475a61aafa96c03263c8a0a63a0042f4cc152a564,OK,,666,PAYLOAD_SUBSTANTIVE,,ساراب,1393,1393/12/29,separate,audited,original,DETECTED,Sheet1,9,77,1393/12/29,Sheet1!R6C4,مقبول,UNQUALIFIED_FAIR_FORMULA|HEADING_CELL,Sheet1!R28C14,Sheet1!R29C2,,,1394/03/12,Sheet1!R69C23,,سیمان داراب
اکسل های صورت مالی کل زیپ ۱۳۹۲-۱۴۰۲.zip,ساراب.zip,ساراب.zip!ساراب_۱۳۹۴_۱۲_۲۹_consolidated_ن-۱۰_صورت‌های مالی تلفیقی سال مالی منتهی به ۱۳۹۴_۱۲_۲۹ (حسابرسی شده).xlsx,ساراب_۱۳۹۴_۱۲_۲۹_consolidated_ن-۱۰_صورت‌های مالی تلفیقی سال مالی منتهی به ۱۳۹۴_۱۲_۲۹ (حسابرسی شده).xlsx,OLE2_LEGACY_EXCEL,.xlsx,131584,add2ba7d939c32795c2dc13b88c34993a91ab8c941e6197c459eb1cf9d3952f2,OK,,1446,PAYLOAD_SUBSTANTIVE,,ساراب,1394,1394/12/29,consolidated,audited,original,DETECTED,Sheet1,9,56,1394/12/29,Sheet1!R6C4,مقبول,UNQUALIFIED_FAIR_FORMULA|HEADING_CELL,Sheet1!R29C14,Sheet1!R30C2,,,1395/03/26,Sheet1!R48C23,,سیمان داراب
اکسل های صورت مالی کل زیپ ۱۳۹۲-۱۴۰۲.zip,ساراب.zip,ساراب.zip!ساراب_۱۳۹۵_۱۲_۳۰_consolidated_ن-۱۰_صورت‌های مالی تلفیقی سال مالی منتهی به ۱۳۹۵_۱۲_۳۰ (حسابرسی شده).xlsx,ساراب_۱۳۹۵_۱۲_۳۰_consolidated_ن-۱۰_صورت‌های مالی تلفیقی سال مالی منتهی به ۱۳۹۵_۱۲_۳۰ (حسابرسی شده).xlsx,OLE2_LEGACY_EXCEL,.xlsx,129536,0d8b25e0d205ed1cefb1c67918e392e6ecc53a5c2ac638251dc37e3eb2d71702,OK,,1452,PAYLOAD_SUBSTANTIVE,,ساراب,1395,1395/12/30,consolidated,audited,original,DETECTED,Sheet1,11,70,1395/12/30,Sheet1!R8C4,مقبول,UNQUALIFIED_FAIR_FORMULA|HEADING_CELL,Sheet1!R38C12,Sheet1!R39C2,,,1396/04/12,Sheet1!R62C20,,سیمان داراب
اکسل های صورت مالی کل زیپ ۱۳۹۲-۱۴۰۲.zip,ساراب.zip,ساراب.zip!ساراب_۱۳۹۶_۱۲_۲۹_consolidated_ن-۱۰_صورت‌های مالی تلفیقی سال مالی منتهی به ۱۳۹۶_۱۲_۲۹ (حسابرسی شده).xlsx,ساراب_۱۳۹۶_۱۲_۲۹_consolidated_ن-۱۰_صورت‌های مالی تلفیقی سال مالی منتهی به ۱۳۹۶_۱۲_۲۹ (حسابرسی شده).xlsx,OLE2_LEGACY_EXCEL,.xlsx,134656,da8f17d4700ed458edb231f8b9f8280e10e6f6ad5504ed962825d2d654ad0af1,OK,,1454,PAYLOAD_SUBSTANTIVE,,ساراب,1396,1396/12/29,consolidated,audited,original,DETECTED,Sheet1,11,80,1396/12/29,Sheet1!R8C4,مقبول,UNQUALIFIED_FAIR_FORMULA|HEADING_CELL,Sheet1!R29C12,Sheet1!R30C2,,,1397/04/06,Sheet1!R72C20,,سیمان داراب
اکسل های صورت مالی کل زیپ ۱۳۹۲-۱۴۰۲.zip,ساراب.zip,ساراب.zip!ساراب_۱۳۹۷_۱۲_۲۹_consolidated_ن-۱۰_صورت‌های مالی تلفیقی سال مالی منتهی به ۱۳۹۷_۱۲_۲۹ (حسابرسی شده).xlsx,ساراب_۱۳۹۷_۱۲_۲۹_consolidated_ن-۱۰_صورت‌های مالی تلفیقی سال مالی منتهی به ۱۳۹۷_۱۲_۲۹ (حسابرسی شده).xlsx,HTML_MISLABELED_XLSX,.xlsx,234022,7a8463652ee16e0977544d6b6f8f5a1c8b4449b3b9b650c6c773d633f19a1b13,OK,,1045,PAYLOAD_SUBSTANTIVE,,ساراب,1397,1397/12/29,consolidated,audited,original,NOT_DETECTED,,,,1397/12/29,HTML_TABLE_1!R1C2,,,,,,NO_AUDITOR_BLOCK_DETECTED,,,NO_AUDITOR_BLOCK_DETECTED,
اکسل های صورت مالی کل زیپ ۱۳۹۲-۱۴۰۲.zip,ساراب.zip,ساراب.zip!ساراب_۱۳۹۸_۱۲_۲۹_consolidated_ن-۱۰_صورت‌های مالی تلفیقی سال مالی منتهی به ۱۳۹۸_۱۲_۲۹ (حسابرسی شده).xlsx,ساراب_۱۳۹۸_۱۲_۲۹_consolidated_ن-۱۰_صورت‌های مالی تلفیقی سال مالی منتهی به ۱۳۹۸_۱۲_۲۹ (حسابرسی شده).xlsx,HTML_MISLABELED_XLSX,.xlsx,510429,0467a28ce26fcea6876f468d566c33e812d476bfc580c0ab4a99e3b6232465af,OK,,2463,PAYLOAD_SUBSTANTIVE,,ساراب,1398,1398/12/29,consolidated,audited,original,NOT_DETECTED,,,,1398/12/29,HTML_TABLE_1!R1C2,,,,,,NO_AUDITOR_BLOCK_DETECTED,,,NO_AUDITOR_BLOCK_DETECTED,
اکسل های صورت مالی کل زیپ ۱۳۹۲-۱۴۰۲.zip,ساراب.zip,ساراب.zip!ساراب_۱۳۹۹_۱۲_۳۰_consolidated_ن-۱۰_صورت‌های مالی تلفیقی سال مالی منتهی به ۱۳۹۹_۱۲_۳۰ (حسابرسی شده).xlsx,ساراب_۱۳۹۹_۱۲_۳۰_consolidated_ن-۱۰_صورت‌های مالی تلفیقی سال مالی منتهی به ۱۳۹۹_۱۲_۳۰ (حسابرسی شده).xlsx,HTML_MISLABELED_XLSX,.xlsx,517095,80742b71f64237276b55fd43c9b2a60a309e42a4e0e374924a19b74d20b86e5e,OK,,2492,PAYLOAD_SUBSTANTIVE,,ساراب,1399,1399/12/30,consolidated,audited,original,NOT_DETECTED,,,,1399/12/30,HTML_TABLE_1!R1C2,,,,,,NO_AUDITOR_BLOCK_DETECTED,,,NO_AUDITOR_BLOCK_DETECTED,
اکسل های صورت مالی کل زیپ ۱۳۹۲-۱۴۰۲.zip,ساراب.zip,ساراب.zip!ساراب_۱۳۹۹_۱۲_۳۰_consolidated_ن-۱۰_صورت‌های مالی تلفیقی سال مالی منتهی به ۱۳۹۹_۱۲_۳۰ (حسابرسی شده)(اصلاحیه).xlsx,ساراب_۱۳۹۹_۱۲_۳۰_consolidated_ن-۱۰_صورت‌های مالی تلفیقی سال مالی منتهی به ۱۳۹۹_۱۲_۳۰ (حسابرسی شده)(اصلاحیه).xlsx,HTML_MISLABELED_XLSX,.xlsx,517095,17363a408a8cacbd4ef7163763c40d7f25786d0aa0efab32c1598166885927e7,OK,,2492,PAYLOAD_SUBSTANTIVE,,ساراب,1399,1399/12/30,consolidated,audited,correction,NOT_DETECTED,,,,1399/12/30,HTML_TABLE_1!R1C2,,,,,,NO_AUDITOR_BLOCK_DETECTED,,,NO_AUDITOR_BLOCK_DETECTED,
اکسل های صورت مالی کل زیپ ۱۳۹۲-۱۴۰۲.zip,ساراب.zip,ساراب.zip!ساراب_۱۴۰۰_۱۲_۲۹_consolidated_ن-۱۰_صورت‌های مالی تلفیقی سال مالی منتهی به ۱۴۰۰_۱۲_۲۹ (حسابرسی شده).xlsx,ساراب_۱۴۰۰_۱۲_۲۹_consolidated_ن-۱۰_صورت‌های مالی تلفیقی سال مالی منتهی به ۱۴۰۰_۱۲_۲۹ (حسابرسی شده).xlsx,HTML_MISLABELED_XLSX,.xlsx,596548,3e5ebf786afe377a23892dc32bcc284ddefc11ebde67d7b52b17a297f8b9c2dc,OK,,2914,PAYLOAD_SUBSTANTIVE,,ساراب,1400,1400/12/29,consolidated,audited,original,NOT_DETECTED,,,,1400/12/29,HTML_TABLE_1!R1C2,,,,,,NO_AUDITOR_BLOCK_DETECTED,,,NO_AUDITOR_BLOCK_DETECTED,
اکسل های صورت مالی کل زیپ ۱۳۹۲-۱۴۰۲.zip,ساراب.zip,ساراب.zip!ساراب_۱۴۰۱_۱۲_۲۹_consolidated_ن-۱۰_صورت‌های مالی تلفیقی سال مالی منتهی به ۱۴۰۱_۱۲_۲۹ (حسابرسی شده).xlsx,ساراب_۱۴۰۱_۱۲_۲۹_consolidated_ن-۱۰_صورت‌های مالی تلفیقی سال مالی منتهی به ۱۴۰۱_۱۲_۲۹ (حسابرسی شده).xlsx,HTML_MISLABELED_XLSX,.xlsx,689399,1cbd90073eaa795070b1c53df990fd3fda0db7f5a35a7a441df5c2aebe36f0b8,OK,,3274,PAYLOAD_SUBSTANTIVE,,ساراب,1401,1401/12/29,consolidated,audited,original,NOT_DETECTED,,,,1401/12/29,HTML_TABLE_1!R1C2,,,,,,NO_AUDITOR_BLOCK_DETECTED,,,NO_AUDITOR_BLOCK_DETECTED,
اکسل های صورت مالی کل زیپ ۱۳۹۲-۱۴۰۲.zip,ساراب.zip,ساراب.zip!ساراب_۱۴۰۲_۱۲_۲۹_consolidated_ن-۱۰_صورت‌های مالی تلفیقی سال مالی منتهی به ۱۴۰۲_۱۲_۲۹ (حسابرسی شده).xlsx,ساراب_۱۴۰۲_۱۲_۲۹_consolidated_ن-۱۰_صورت‌های مالی تلفیقی سال مالی منتهی به ۱۴۰۲_۱۲_۲۹ (حسابرسی شده).xlsx,HTML_MISLABELED_XLSX,.xlsx,697944,d4f20b4dcbd8a36d12fe10055f7e4be00aeb1ffe1b5c77e71743f5faceb38c41,OK,,3333,PAYLOAD_SUBSTANTIVE,,ساراب,1402,1402/12/29,consolidated,audited,original,NOT_DETECTED,,,,1402/12/29,HTML_TABLE_1!R1C2,,,,,,NO_AUDITOR_BLOCK_DETECTED,,,NO_AUDITOR_BLOCK_DETECTED,
اکسل های صورت مالی کل زیپ ۱۳۹۲-۱۴۰۲.zip,ساربيل.zip,ساربيل.zip!ساربيل_۱۳۹۲_۰۹_۳۰_separate_ن-۱۰_صورتهای مالی سال مالی منتهی به ۱۳۹۲_۰۹_۳۰ (حسابرسی شده).xlsx,ساربيل_۱۳۹۲_۰۹_۳۰_separate_ن-۱۰_صورتهای مالی سال مالی منتهی به ۱۳۹۲_۰۹_۳۰ (حسابرسی شده).xlsx,OLE2_LEGACY_EXCEL,.xlsx,70656,6fe1e0e14ed7baf46c87802dfeb552f6e36cb2eb9f6cc57afaa5c561ff9a59e8,OK,,546,PAYLOAD_SUBSTANTIVE,,ساربیل,1392,1392/09/30,separate,audited,original,DETECTED,Sheet1,9,70,1392/09/30,Sheet1!R6C4,مقبول,UNQUALIFIED_FAIR_FORMULA|HEADING_CELL,Sheet1!R28C14,Sheet1!R29C2,,,1392/11/12,Sheet1!R62C23,,سیمان آرتا اردبیل
اکسل های صورت مالی کل زیپ ۱۳۹۲-۱۴۰۲.zip,ساربيل.zip,ساربيل.zip!ساربيل_۱۳۹۳_۰۹_۳۰_separate_ن-۱۰_صورتهای مالی سال مالی منتهی به ۱۳۹۳_۰۹_۳۰ (حسابرسی شده).xlsx,ساربيل_۱۳۹۳_۰۹_۳۰_separate_ن-۱۰_صورتهای مالی سال مالی منتهی به ۱۳۹۳_۰۹_۳۰ (حسابرسی شده).xlsx,OLE2_LEGACY_EXCEL,.xlsx,69120,6685baf0898c50d6f6842eadca6ec98cb46d731f8f16f09cd2e2080f4c1ef630,OK,,583,PAYLOAD_SUBSTANTIVE,,ساربیل,1393,1393/09/30,separate,audited,original,DETECTED,Sheet1,9,59,1393/09/30,Sheet1!R6C4,مقبول,UNQUALIFIED_FAIR_FORMULA|HEADING_CELL,Sheet1!R28C14,Sheet1!R29C2,,,1393/11/15,Sheet1!R50C23,,سیمان آرتا اردبیل
اکسل های صورت مالی کل زیپ ۱۳۹۲-۱۴۰۲.zip,ساربيل.zip,ساربيل.zip!ساربيل_۱۳۹۴_۰۹_۳۰_separate_ن-۱۰_صورت‌های مالی سال مالی منتهی به ۱۳۹۴_۰۹_۳۰ (حسابرسی شده).xlsx,ساربيل_۱۳۹۴_۰۹_۳۰_separate_ن-۱۰_صورت‌های مالی سال مالی منتهی به ۱۳۹۴_۰۹_۳۰ (حسابرسی شده).xlsx,OLE2_LEGACY_EXCEL,.xlsx,79360,be485ab1cc47a294eeb0da86ef317496c80467312846215de3e4595cf0b185fa,OK,,649,PAYLOAD_SUBSTANTIVE,,ساربیل,1394,1394/09/30,separate,audited,original,DETECTED,Sheet1,9,84,1394/09/30,Sheet1!R6C4,مشروط,QUALIFIED_FAIR_WITH_EXCEPTION|HEADING_CELL,Sheet1!R39C14,Sheet1!R40C2,,,1394/11/06,Sheet1!R75C23,,سیمان آرتا اردبیل
اکسل های صورت مالی کل زیپ ۱۳۹۲-۱۴۰۲.zip,ساربيل.zip,ساربيل.zip!ساربيل_۱۳۹۵_۰۹_۳۰_separate_ن-۱۰_صورت‌های مالی سال مالی منتهی به ۱۳۹۵_۰۹_۳۰ (حسابرسی شده).xlsx,ساربيل_۱۳۹۵_۰۹_۳۰_separate_ن-۱۰_صورت‌های مالی سال مالی منتهی به ۱۳۹۵_۰۹_۳۰ (حسابرسی شده).xlsx,OLE2_LEGACY_EXCEL,.xlsx,86016,7016a604fbe98cb3566d66d62eeb96e056244228fe7a5c503c64118e358bbf7e,OK,,728,PAYLOAD_SUBSTANTIVE,,ساربیل,1395,1395/09/30,separate,audited,original,DETECTED,Sheet1,11,83,1395/09/30,Sheet1!R8C4,مشروط,QUALIFIED_FAIR_WITH_EXCEPTION|HEADING_CELL,Sheet1!R43C12,Sheet1!R44C2,,,1395/11/16,Sheet1!R74C20,,سیمان آرتا اردبیل
اکسل های صورت مالی کل زیپ ۱۳۹۲-۱۴۰۲.zip,ساربيل.zip,ساربيل.zip!ساربيل_۱۳۹۶_۰۹_۳۰_separate_ن-۱۰_صورت‌های مالی سال مالی منتهی به ۱۳۹۶_۰۹_۳۰ (حسابرسی شده).xlsx,ساربيل_۱۳۹۶_۰۹_۳۰_separate_ن-۱۰_صورت‌های مالی سال مالی منتهی به ۱۳۹۶_۰۹_۳۰ (حسابرسی شده).xlsx,OLE2_LEGACY_EXCEL,.xlsx,81920,b4cc2085d838d68a0dec3f7d0012fd91a554247a31de99491ee5a1430419e4fe,OK,,709,PAYLOAD_SUBSTANTIVE,,ساربیل,1396,1396/09/30,separate,audited,original,DETECTED,Sheet1,11,70,1396/09/30,Sheet1!R8C4,مقبول,UNQUALIFIED_FAIR_FORMULA|HEADING_CELL,Sheet1!R29C12,Sheet1!R30C2,,,1396/11/07,Sheet1!R62C20,,سیمان آرتا اردبیل
اکسل های صورت مالی کل زیپ ۱۳۹۲-۱۴۰۲.zip,ساربيل.zip,ساربيل.zip!ساربيل_۱۳۹۷_۰۹_۳۰_separate_ن-۱۰_صورت‌های مالی سال مالی منتهی به ۱۳۹۷_۰۹_۳۰ (حسابرسی شده).xlsx,ساربيل_۱۳۹۷_۰۹_۳۰_separate_ن-۱۰_صورت‌های مالی سال مالی منتهی به ۱۳۹۷_۰۹_۳۰ (حسابرسی شده).xlsx,HTML_MISLABELED_XLSX,.xlsx,113437,a88c9c17a1410589d72130f5b6d6c7289ea7ba8eb3eb3f65d2c11617f98ee5bd,OK,,495,PAYLOAD_SUBSTANTIVE,,ساربیل,1397,1397/09/30,separate,audited,original,NOT_DETECTED,,,,1397/09/30,HTML_TABLE_1!R1C2,,,,,,NO_AUDITOR_BLOCK_DETECTED,,,NO_AUDITOR_BLOCK_DETECTED,
اکسل های صورت مالی کل زیپ ۱۳۹۲-۱۴۰۲.zip,ساربيل.zip,ساربيل.zip!ساربيل_۱۳۹۸_۰۹_۳۰_separate_ن-۱۰_صورت‌های مالی سال مالی منتهی به ۱۳۹۸_۰۹_۳۰ (حسابرسی شده).xlsx,ساربيل_۱۳۹۸_۰۹_۳۰_separate_ن-۱۰_صورت‌های مالی سال مالی منتهی به ۱۳۹۸_۰۹_۳۰ (حسابرسی شده).xlsx,HTML_MISLABELED_XLSX,.xlsx,4733,a215afaae31c900d47116cd7cd7906a3ae132fd93e0d317c06f91075d8128617,OK,,1,PAYLOAD_NON_SUBSTANTIVE,ONLY_1_CELLS,ساربیل,1398,1398/09/30,separate,audited,original,NOT_DETECTED,,,,,,,,,,,NO_AUDITOR_BLOCK_DETECTED,,,NO_AUDITOR_BLOCK_DETECTED,
اکسل های صورت مالی کل زیپ ۱۳۹۲-۱۴۰۲.zip,ساربيل.zip,ساربيل.zip!ساربيل_۱۳۹۹_۰۹_۳۰_separate_ن-۱۰_صورت‌های مالی سال مالی منتهی به ۱۳۹۹_۰۹_۳۰ (حسابرسی شده).xlsx,ساربيل_۱۳۹۹_۰۹_۳۰_separate_ن-۱۰_صورت‌های مالی سال مالی منتهی به ۱۳۹۹_۰۹_۳۰ (حسابرسی شده).xlsx,HTML_MISLABELED_XLSX,.xlsx,321592,7e4062ff4f40795ce08e5f38ac2d22c6bdd7e6b1f490ed5a5cb78fcfd5e901fa,OK,,1527,PAYLOAD_SUBSTANTIVE,,ساربیل,1399,1399/09/30,separate,audited,original,NOT_DETECTED,,,,1399/09/30,HTML_TABLE_1!R1C2,,,,,,NO_AUDITOR_BLOCK_DETECTED,,,NO_AUDITOR_BLOCK_DETECTED,
اکسل های صورت مالی کل زیپ ۱۳۹۲-۱۴۰۲.zip,ساربيل.zip,ساربيل.zip!ساربيل_۱۴۰۰_۰۹_۳۰_separate_ن-۱۰_صورت‌های مالی سال مالی منتهی به ۱۴۰۰_۰۹_۳۰ (حسابرسی شده).xlsx,ساربيل_۱۴۰۰_۰۹_۳۰_separate_ن-۱۰_صورت‌های مالی سال مالی منتهی به ۱۴۰۰_۰۹_۳۰ (حسابرسی شده).xlsx,HTML_MISLABELED_XLSX,.xlsx,418652,7d12c06615ef062c8c7558e9b8430ca9d881789edf57820caeb991eb474e8a28,OK,,2011,PAYLOAD_SUBSTANTIVE,,ساربیل,1400,1400/09/30,separate,audited,original,NOT_DETECTED,,,,1400/09/30,HTML_TABLE_1!R1C3,,,,,,NO_AUDITOR_BLOCK_DETECTED,,,NO_AUDITOR_BLOCK_DETECTED,
اکسل های صورت مالی کل زیپ ۱۳۹۲-۱۴۰۲.zip,ساربيل.zip,ساربيل.zip!ساربيل_۱۴۰۱_۰۹_۳۰_separate_ن-۱۰_صورت‌های مالی سال مالی منتهی به ۱۴۰۱_۰۹_۳۰ (حسابرسی شده).xlsx,ساربيل_۱۴۰۱_۰۹_۳۰_separate_ن-۱۰_صورت‌های مالی سال مالی منتهی به ۱۴۰۱_۰۹_۳۰ (حسابرسی شده).xlsx,HTML_MISLABELED_XLSX,.xlsx,408648,6d8173d7258df2ac61727b0950cf1ffea058eee48f2698ff53b90eaaece31ce1,OK,,1933,PAYLOAD_SUBSTANTIVE,,ساربیل,1401,1401/09/30,separate,audited,original,NOT_DETECTED,,,,1401/09/30,HTML_TABLE_1!R1C2,,,,,,NO_AUDITOR_BLOCK_DETECTED,,,NO_AUDITOR_BLOCK_DETECTED,
اکسل های صورت مالی کل زیپ ۱۳۹۲-۱۴۰۲.zip,ساربيل.zip,ساربيل.zip!ساربيل_۱۴۰۲_۰۹_۳۰_separate_ن-۱۰_صورت‌های مالی سال مالی منتهی به ۱۴۰۲_۰۹_۳۰ (حسابرسی شده).xlsx,ساربيل_۱۴۰۲_۰۹_۳۰_separate_ن-۱۰_صورت‌های مالی سال مالی منتهی به ۱۴۰۲_۰۹_۳۰ (حسابرسی شده).xlsx,HTML_MISLABELED_XLSX,.xlsx,436701,cc78ba2336f153114378366771bccf8c4d0a577c13e92b360d9f7da751ba8ac8,OK,,2091,PAYLOAD_SUBSTANTIVE,,ساربیل,1402,1402/09/30,separate,audited,original,NOT_DETECTED,,,,1402/09/30,HTML_TABLE_1!R1C2,,,,,,NO_AUDITOR_BLOCK_DETECTED,,,NO_AUDITOR_BLOCK_DETECTED,سرمایه گذاری سیمان اسپندار
اکسل های صورت مالی کل زیپ ۱۳۹۲-۱۴۰۲.zip,ساربيل.zip,ساربيل.zip!ساربيل_۱۴۰۳_۰۹_۳۰_separate_ن-۱۰_صورت‌های مالی سال مالی منتهی به ۱۴۰۳_۰۹_۳۰ (حسابرسی شده).xlsx,ساربيل_۱۴۰۳_۰۹_۳۰_separate_ن-۱۰_صورت‌های مالی سال مالی منتهی به ۱۴۰۳_۰۹_۳۰ (حسابرسی شده).xlsx,HTML_MISLABELED_XLSX,.xlsx,458289,212d44b990212b252a44c68f914bd0a160eb697ed70637f358131bbf9f407e58,OK,,2249,PAYLOAD_SUBSTANTIVE,,ساربیل,1403,1403/09/30,separate,audited,original,NOT_DETECTED,,,,1403/09/30,HTML_TABLE_1!R1C2,,,,,,NO_AUDITOR_BLOCK_DETECTED,,,NO_AUDITOR_BLOCK_DETECTED,صنایع عمران اسپندار
اکسل های صورت مالی کل زیپ ۱۳۹۲-۱۴۰۲.zip,ساروم.zip,ساروم.zip!ساروم_۱۳۹۱_۱۲_۳۰_separate_ن-۱۰_صورتهای مالی سال مالی منتهی به ۱۳۹۱_۱۲_۳۰ (حسابرسی شده).xlsx,ساروم_۱۳۹۱_۱۲_۳۰_separate_ن-۱۰_صورتهای مالی سال مالی منتهی به ۱۳۹۱_۱۲_۳۰ (حسابرسی شده).xlsx,OLE2_LEGACY_EXCEL,.xlsx,64000,81d4c4f83fa13da934304c798f620fbe77ecbbd559cfa7a39207bf1db389244b,OK,,520,PAYLOAD_SUBSTANTIVE,,ساروم,1391,1391/12/30,separate,audited,original,DETECTED,Sheet1,9,77,1391/12/30,Sheet1!R6C4,مشروط,QUALIFIED_FAIR_WITH_EXCEPTION|HEADING_CELL,Sheet1!R45C14,Sheet1!R46C2,,,1392/03/26,Sheet1!R70C23,,سیمان ارومیه
اکسل های صورت مالی کل زیپ ۱۳۹۲-۱۴۰۲.zip,ساروم.zip,ساروم.zip!ساروم_۱۳۹۲_۱۲_۲۹_separate_ن-۱۰_صورتهای مالی سال مالی منتهی به ۱۳۹۲_۱۲_۲۹ (حسابرسی شده).xlsx,ساروم_۱۳۹۲_۱۲_۲۹_separate_ن-۱۰_صورتهای مالی سال مالی منتهی به ۱۳۹۲_۱۲_۲۹ (حسابرسی شده).xlsx,OLE2_LEGACY_EXCEL,.xlsx,77312,7fa4c46a471aba6ed24390b3c1dd19c243512c2aeb4d49dfc56a1e9fde65fd55,OK,,604,PAYLOAD_SUBSTANTIVE,,ساروم,1392,1392/12/29,separate,audited,original,DETECTED,Sheet1,9,79,1392/12/29,Sheet1!R6C4,مقبول,UNQUALIFIED_FAIR_FORMULA|HEADING_CELL,Sheet1!R29C14,Sheet1!R30C2,,,1393/01/29,Sheet1!R71C23,,
اکسل های صورت مالی کل زیپ ۱۳۹۲-۱۴۰۲.zip,ساروم.zip,ساروم.zip!ساروم_۱۳۹۳_۱۲_۲۹_separate_ن-۱۰_صورتهای مالی سال مالی منتهی به ۱۳۹۳_۱۲_۲۹ (حسابرسی شده).xlsx,ساروم_۱۳۹۳_۱۲_۲۹_separate_ن-۱۰_صورتهای مالی سال مالی منتهی به ۱۳۹۳_۱۲_۲۹ (حسابرسی شده).xlsx,OLE2_LEGACY_EXCEL,.xlsx,73728,79efaa290129125abdc08108d8646e0ae122dae07d473b13e1fa80a56d3f2765,OK,,628,PAYLOAD_SUBSTANTIVE,,ساروم,1393,1393/12/29,separate,audited,original,DETECTED,Sheet1,9,63,1393/12/29,Sheet1!R6C4,مقبول,UNQUALIFIED_FAIR_FORMULA|HEADING_CELL,Sheet1!R28C14,Sheet1!R29C2,,,1394/02/08,Sheet1!R55C23,,
اکسل های صورت مالی کل زیپ ۱۳۹۲-۱۴۰۲.zip,ساروم.zip,ساروم.zip!ساروم_۱۳۹۴_۱۲_۲۹_separate_ن-۱۰_صورت‌های مالی سال مالی منتهی به ۱۳۹۴_۱۲_۲۹ (حسابرسی شده).xlsx,ساروم_۱۳۹۴_۱۲_۲۹_separate_ن-۱۰_صورت‌های مالی سال مالی منتهی به ۱۳۹۴_۱۲_۲۹ (حسابرسی شده).xlsx,OLE2_LEGACY_EXCEL,.xlsx,76288,73d39dcface5e3f425a96d036dd57b73aa55daa72b5d48194d21de4c2af7e767,OK,,630,PAYLOAD_SUBSTANTIVE,,ساروم,1394,1394/12/29,separate,audited,original,DETECTED,Sheet1,9,59,1394/12/29,Sheet1!R6C4,مقبول,UNQUALIFIED_FAIR_FORMULA|HEADING_CELL,Sheet1!R28C14,Sheet1!R29C2,,,1395/02/13,Sheet1!R51C23,,
اکسل های صورت مالی کل زیپ ۱۳۹۲-۱۴۰۲.zip,ساروم.zip,ساروم.zip!ساروم_۱۳۹۵_۱۲_۳۰_separate_ن-۱۰_صورت‌های مالی سال مالی منتهی به ۱۳۹۵_۱۲_۳۰ (حسابرسی شده).xlsx,ساروم_۱۳۹۵_۱۲_۳۰_separate_ن-۱۰_صورت‌های مالی سال مالی منتهی به ۱۳۹۵_۱۲_۳۰ (حسابرسی شده).xlsx,OLE2_LEGACY_EXCEL,.xlsx,78848,306d7ef861dbe707270c1e529b8bead63664d53e9158e227c335709c026262e8,OK,,693,PAYLOAD_SUBSTANTIVE,,ساروم,1395,1395/12/30,separate,audited,original,DETECTED,Sheet1,11,59,1395/12/30,Sheet1!R8C4,مقبول,UNQUALIFIED_FAIR_FORMULA|HEADING_CELL,Sheet1!R29C12,Sheet1!R30C2,,,1396/02/07,Sheet1!R51C20,,
اکسل های صورت مالی کل زیپ ۱۳۹۲-۱۴۰۲.zip,ساروم.zip,ساروم.zip!ساروم_۱۳۹۶_۱۲_۲۹_separate_ن-۱۰_صورت‌های مالی سال مالی منتهی به ۱۳۹۶_۱۲_۲۹ (حسابرسی شده).xlsx,ساروم_۱۳۹۶_۱۲_۲۹_separate_ن-۱۰_صورت‌های مالی سال مالی منتهی به ۱۳۹۶_۱۲_۲۹ (حسابرسی شده).xlsx,OLE2_LEGACY_EXCEL,.xlsx,80896,1d2fcbe072f6fbf10b77570a7d82d2b28e36ee5b414a03befc7f7e3e3e4105d8,OK,,716,PAYLOAD_SUBSTANTIVE,,ساروم,1396,1396/12/29,separate,audited,original,DETECTED,Sheet1,11,62,1396/12/29,Sheet1!R8C4,مقبول,UNQUALIFIED_FAIR_FORMULA|HEADING_CELL,Sheet1!R29C12,Sheet1!R30C2,,,1397/02/02,Sheet1!R54C20,,سیمان ارومیه
اکسل های صورت مالی کل زیپ ۱۳۹۲-۱۴۰۲.zip,ساروم.zip,ساروم.zip!ساروم_۱۳۹۶_۱۲_۲۹_separate_ن-۱۰_صورت‌های مالی سال مالی منتهی به ۱۳۹۶_۱۲_۲۹ (حسابرسی شده)(اصلاحیه).xlsx,ساروم_۱۳۹۶_۱۲_۲۹_separate_ن-۱۰_صورت‌های مالی سال مالی منتهی به ۱۳۹۶_۱۲_۲۹ (حسابرسی شده)(اصلاحیه).xlsx,OLE2_LEGACY_EXCEL,.xlsx,80896,13c3c673c9873db37a0b143988b8c057b91963ad748491caad019fab49249008,OK,,716,PAYLOAD_SUBSTANTIVE,,ساروم,1396,1396/12/29,separate,audited,correction,DETECTED,Sheet1,11,62,1396/12/29,Sheet1!R8C4,مقبول,UNQUALIFIED_FAIR_FORMULA|HEADING_CELL,Sheet1!R29C12,Sheet1!R30C2,,,1397/02/02,Sheet1!R54C20,,سیمان ارومیه
اکسل های صورت مالی کل زیپ ۱۳۹۲-۱۴۰۲.zip,ساروم.zip,ساروم.zip!ساروم_۱۳۹۷_۱۲_۲۹_separate_ن-۱۰_صورت‌های مالی سال مالی منتهی به ۱۳۹۷_۱۲_۲۹ (حسابرسی شده).xlsx,ساروم_۱۳۹۷_۱۲_۲۹_separate_ن-۱۰_صورت‌های مالی سال مالی منتهی به ۱۳۹۷_۱۲_۲۹ (حسابرسی شده).xlsx,HTML_MISLABELED_XLSX,.xlsx,113541,ca926f1acf9614f3c73a8decb208c4b5694863ea1b3830ce56f004696dc8d9f2,OK,,495,PAYLOAD_SUBSTANTIVE,,ساروم,1397,1397/12/29,separate,audited,original,NOT_DETECTED,,,,1397/12/29,HTML_TABLE_1!R1C2,,,,,,NO_AUDITOR_BLOCK_DETECTED,,,NO_AUDITOR_BLOCK_DETECTED,
اکسل های صورت مالی کل زیپ ۱۳۹۲-۱۴۰۲.zip,ساروم.zip,ساروم.zip!ساروم_۱۳۹۸_۱۲_۲۹_separate_ن-۱۰_صورت‌های مالی سال مالی منتهی به ۱۳۹۸_۱۲_۲۹ (حسابرسی شده).xlsx,ساروم_۱۳۹۸_۱۲_۲۹_separate_ن-۱۰_صورت‌های مالی سال مالی منتهی به ۱۳۹۸_۱۲_۲۹ (حسابرسی شده).xlsx,HTML_MISLABELED_XLSX,.xlsx,314539,09d1d4115a09e0561e510f054ca9a0ca1cbae2539130624b61d73fa26a251e35,OK,,1468,PAYLOAD_SUBSTANTIVE,,ساروم,1398,1398/12/29,separate,audited,original,NOT_DETECTED,,,,1398/12/29,HTML_TABLE_1!R1C2,,,,,,NO_AUDITOR_BLOCK_DETECTED,,,NO_AUDITOR_BLOCK_DETECTED,
اکسل های صورت مالی کل زیپ ۱۳۹۲-۱۴۰۲.zip,ساروم.zip,ساروم.zip!ساروم_۱۳۹۹_۱۲_۳۰_separate_ن-۱۰_صورت‌های مالی سال مالی منتهی به ۱۳۹۹_۱۲_۳۰ (حسابرسی شده).xlsx,ساروم_۱۳۹۹_۱۲_۳۰_separate_ن-۱۰_صورت‌های مالی سال مالی منتهی به ۱۳۹۹_۱۲_۳۰ (حسابرسی شده).xlsx,HTML_MISLABELED_XLSX,.xlsx,318891,7fc355848030105e8e1ad613fc0bdd15dc10d78322d7fe8df2e8321ab223db92,OK,,1526,PAYLOAD_SUBSTANTIVE,,ساروم,1399,1399/12/30,separate,audited,original,NOT_DETECTED,,,,1399/12/30,HTML_TABLE_1!R1C2,,,,,,NO_AUDITOR_BLOCK_DETECTED,,,NO_AUDITOR_BLOCK_DETECTED,
اکسل های صورت مالی کل زیپ ۱۳۹۲-۱۴۰۲.zip,ساروم.zip,ساروم.zip!ساروم_۱۴۰۰_۱۲_۲۹_separate_ن-۱۰_صورت‌های مالی سال مالی منتهی به ۱۴۰۰_۱۲_۲۹ (حسابرسی شده).xlsx,ساروم_۱۴۰۰_۱۲_۲۹_separate_ن-۱۰_صورت‌های مالی سال مالی منتهی به ۱۴۰۰_۱۲_۲۹ (حسابرسی شده).xlsx,HTML_MISLABELED_XLSX,.xlsx,402004,353054a80d2a4bc8370c4fab8584479556a77c7229b7667f343b85ccf7a2d5d3,OK,,1940,PAYLOAD_SUBSTANTIVE,,ساروم,1400,1400/12/29,separate,audited,original,NOT_DETECTED,,,,1400/12/29,HTML_TABLE_1!R1C2,,,,,,NO_AUDITOR_BLOCK_DETECTED,,,NO_AUDITOR_BLOCK_DETECTED,
اکسل های صورت مالی کل زیپ ۱۳۹۲-۱۴۰۲.zip,ساروم.zip,ساروم.zip!ساروم_۱۴۰۱_۱۲_۲۹_separate_ن-۱۰_صورت‌های مالی سال مالی منتهی به ۱۴۰۱_۱۲_۲۹ (حسابرسی شده).xlsx,ساروم_۱۴۰۱_۱۲_۲۹_separate_ن-۱۰_صورت‌های مالی سال مالی منتهی به ۱۴۰۱_۱۲_۲۹ (حسابرسی شده).xlsx,HTML_MISLABELED_XLSX,.xlsx,406728,8cf9ba2b85e1f07a4ffb4da22aa747440ddf0831f85a15230f6ab3e76b170ea1,OK,,1963,PAYLOAD_SUBSTANTIVE,,ساروم,1401,1401/12/29,separate,audited,original,NOT_DETECTED,,,,1401/12/29,HTML_TABLE_1!R22C1,,,,,,NO_AUDITOR_BLOCK_DETECTED,,,NO_AUDITOR_BLOCK_DETECTED,
اکسل های صورت مالی کل زیپ ۱۳۹۲-۱۴۰۲.zip,ساروم.zip,ساروم.zip!ساروم_۱۴۰۲_۱۲_۲۹_separate_ن-۱۰_صورت‌های مالی سال مالی منتهی به ۱۴۰۲_۱۲_۲۹ (حسابرسی شده).xlsx,ساروم_۱۴۰۲_۱۲_۲۹_separate_ن-۱۰_صورت‌های مالی سال مالی منتهی به ۱۴۰۲_۱۲_۲۹ (حسابرسی شده).xlsx,HTML_MISLABELED_XLSX,.xlsx,479876,125365bc08f013a3c54318cc25b25dd88d6fe289aa1190400fbd441e451fe2a8,OK,,2390,PAYLOAD_SUBSTANTIVE,,ساروم,1402,1402/12/29,separate,audited,original,NOT_DETECTED,,,,1402/12/29,HTML_TABLE_1!R1C2,,,,,,NO_AUDITOR_BLOCK_DETECTED,,,NO_AUDITOR_BLOCK_DETECTED,
اکسل های صورت مالی کل زیپ ۱۳۹۲-۱۴۰۲.zip,سبجنو.zip,سبجنو.zip!سبجنو_۱۳۹۱_۱۲_۳۰_separate_ن-۱۰_صورتهای مالی سال مالی منتهی به ۱۳۹۱_۱۲_۳۰ (حسابرسی شده).xlsx,سبجنو_۱۳۹۱_۱۲_۳۰_separate_ن-۱۰_صورتهای مالی سال مالی منتهی به ۱۳۹۱_۱۲_۳۰ (حسابرسی شده).xlsx,OLE2_LEGACY_EXCEL,.xlsx,85504,302bb2ff7ca82aaa8e4cb0fe98c10fcd41a0e3b56f00506de28a15f5464b39ac,OK,,560,PAYLOAD_SUBSTANTIVE,,سبجنو,1391,1391/12/30,separate,audited,original,DETECTED,Sheet1,9,163,1391/12/30,Sheet1!R6C4,مشروط,QUALIFIED_FAIR_WITH_EXCEPTION|HEADING_CELL,Sheet1!R81C14,Sheet1!R82C2,,,1392/04/04,Sheet1!R156C23,,سیمان بجنورد
اکسل های صورت مالی کل زیپ ۱۳۹۲-۱۴۰۲.zip,سبجنو.zip,سبجنو.zip!سبجنو_۱۳۹۲_۱۲_۲۹_separate_ن-۱۰_صورتهای مالی سال مالی منتهی به ۱۳۹۲_۱۲_۲۹ (حسابرسی شده).xlsx,سبجنو_۱۳۹۲_۱۲_۲۹_separate_ن-۱۰_صورتهای مالی سال مالی منتهی به ۱۳۹۲_۱۲_۲۹ (حسابرسی شده).xlsx,OLE2_LEGACY_EXCEL,.xlsx,85504,4e3f377b5dbbad94608a43fd0c877ce9beb84aaeb1544a6d0da1b89ae5eb205c,OK,,653,PAYLOAD_SUBSTANTIVE,,سبجنو,1392,1392/12/29,separate,audited,original,DETECTED,Sheet1,9,106,1392/12/29,Sheet1!R6C4,مشروط,QUALIFIED_FAIR_WITH_EXCEPTION|HEADING_CELL,Sheet1!R65C14,Sheet1!R66C2,,,1393/02/16,Sheet1!R98C23,,سیمان بجنورد
اکسل های صورت مالی کل زیپ ۱۳۹۲-۱۴۰۲.zip,سبجنو.zip,سبجنو.zip!سبجنو_۱۳۹۳_۱۲_۲۹_separate_ن-۱۰_صورتهای مالی سال مالی منتهی به ۱۳۹۳_۱۲_۲۹ (حسابرسی شده).xlsx,سبجنو_۱۳۹۳_۱۲_۲۹_separate_ن-۱۰_صورتهای مالی سال مالی منتهی به ۱۳۹۳_۱۲_۲۹ (حسابرسی شده).xlsx,OLE2_LEGACY_EXCEL,.xlsx,84480,8b9b8c61634db18f8d4f6a1d12b6ce81d084581f75437db024ba166961ef71bd,OK,,689,PAYLOAD_SUBSTANTIVE,,سبجنو,1393,1393/12/29,separate,audited,original,DETECTED,Sheet1,9,73,1393/12/29,Sheet1!R6C4,مشروط,QUALIFIED_FAIR_WITH_EXCEPTION|HEADING_CELL,Sheet1!R37C14,Sheet1!R38C2,,,1394/02/20,Sheet1!R64C23,,سیمان بجنورد
اکسل های صورت مالی کل زیپ ۱۳۹۲-۱۴۰۲.zip,سبجنو.zip,سبجنو.zip!سبجنو_۱۳۹۴_۱۲_۲۹_separate_ن-۱۰_صورت‌های مالی سال مالی منتهی به ۱۳۹۴_۱۲_۲۹ (حسابرسی شده).xlsx,سبجنو_۱۳۹۴_۱۲_۲۹_separate_ن-۱۰_صورت‌های مالی سال مالی منتهی به ۱۳۹۴_۱۲_۲۹ (حسابرسی شده).xlsx,OLE2_LEGACY_EXCEL,.xlsx,91136,2cb5494651652082ac812c09d17817e6ac7aa8a6c51d6971340814164af12933,OK,,728,PAYLOAD_SUBSTANTIVE,,سبجنو,1394,1394/12/29,separate,audited,original,DETECTED,Sheet1,9,80,1394/12/29,Sheet1!R6C4,مشروط,QUALIFIED_FAIR_WITH_EXCEPTION|HEADING_CELL,Sheet1!R40C14,Sheet1!R41C2,,,1395/02/20,Sheet1!R71C23,,سیمان بجنورد
اکسل های صورت مالی کل زیپ ۱۳۹۲-۱۴۰۲.zip,سبجنو.zip,سبجنو.zip!سبجنو_۱۳۹۵_۱۲_۳۰_separate_ن-۱۰_صورت‌های مالی سال مالی منتهی به ۱۳۹۵_۱۲_۳۰ (حسابرسی شده).xlsx,سبجنو_۱۳۹۵_۱۲_۳۰_separate_ن-۱۰_صورت‌های مالی سال مالی منتهی به ۱۳۹۵_۱۲_۳۰ (حسابرسی شده).xlsx,OLE2_LEGACY_EXCEL,.xlsx,88064,683b740a8b4bcb213136b87d88f9ba9dc282f7396c2163e2699cb332e0fa20d1,OK,,714,PAYLOAD_SUBSTANTIVE,,سبجنو,1395,1395/12/30,separate,audited,original,DETECTED,Sheet1,11,78,1395/12/30,Sheet1!R8C4,مشروط,QUALIFIED_FAIR_WITH_EXCEPTION|HEADING_CELL,Sheet1!R35C12,Sheet1!R36C2,,,1396/02/15,Sheet1!R69C20,,سیمان بجنورد
اکسل های صورت مالی کل زیپ ۱۳۹۲-۱۴۰۲.zip,سبجنو.zip,سبجنو.zip!سبجنو_۱۳۹۶_۱۲_۲۹_separate_ن-۱۰_صورت‌های مالی سال مالی منتهی به ۱۳۹۶_۱۲_۲۹ (حسابرسی شده).xlsx,سبجنو_۱۳۹۶_۱۲_۲۹_separate_ن-۱۰_صورت‌های مالی سال مالی منتهی به ۱۳۹۶_۱۲_۲۹ (حسابرسی شده).xlsx,OLE2_LEGACY_EXCEL,.xlsx,82944,d6c8b1605e52fa4e5ecf7211ab78bf60a9f4f5d97adc56d81695623a5febe532,OK,,699,PAYLOAD_SUBSTANTIVE,,سبجنو,1396,1396/12/29,separate,audited,original,DETECTED,Sheet1,11,71,1396/12/29,Sheet1!R8C4,مشروط,QUALIFIED_FAIR_WITH_EXCEPTION|HEADING_CELL,Sheet1!R39C12,Sheet1!R40C2,,,1397/02/17,Sheet1!R63C20,,سیمان بجنورد
اکسل های صورت مالی کل زیپ ۱۳۹۲-۱۴۰۲.zip,سبجنو.zip,سبجنو.zip!سبجنو_۱۳۹۷_۱۲_۲۹_separate_ن-۱۰_صورت‌های مالی سال مالی منتهی به ۱۳۹۷_۱۲_۲۹ (حسابرسی شده).xlsx,سبجنو_۱۳۹۷_۱۲_۲۹_separate_ن-۱۰_صورت‌های مالی سال مالی منتهی به ۱۳۹۷_۱۲_۲۹ (حسابرسی شده).xlsx,HTML_MISLABELED_XLSX,.xlsx,113498,b1fed08b0689f9453e1d3a0ca8548f19a6b32840cef0e3a05a111fdf91da5862,OK,,495,PAYLOAD_SUBSTANTIVE,,سبجنو,1397,1397/12/29,separate,audited,original,NOT_DETECTED,,,,1397/12/29,HTML_TABLE_1!R1C2,,,,,,NO_AUDITOR_BLOCK_DETECTED,,,NO_AUDITOR_BLOCK_DETECTED,
اکسل های صورت مالی کل زیپ ۱۳۹۲-۱۴۰۲.zip,سبجنو.zip,سبجنو.zip!سبجنو_۱۳۹۷_۱۲_۲۹_separate_ن-۱۰_صورت‌های مالی سال مالی منتهی به ۱۳۹۷_۱۲_۲۹ (حسابرسی شده)(اصلاحیه).xlsx,سبجنو_۱۳۹۷_۱۲_۲۹_separate_ن-۱۰_صورت‌های مالی سال مالی منتهی به ۱۳۹۷_۱۲_۲۹ (حسابرسی شده)(اصلاحیه).xlsx,HTML_MISLABELED_XLSX,.xlsx,116435,1e4481a3d38d7c59a8d486d25eecae3c5e225c8689ab9be83f6d15ca4c6d38a9,OK,,495,PAYLOAD_SUBSTANTIVE,,سبجنو,1397,1397/12/29,separate,audited,correction,NOT_DETECTED,,,,1397/12/29,HTML_TABLE_1!R1C2,,,,,,NO_AUDITOR_BLOCK_DETECTED,,,NO_AUDITOR_BLOCK_DETECTED,
اکسل های صورت مالی کل زیپ ۱۳۹۲-۱۴۰۲.zip,سبجنو.zip,سبجنو.zip!سبجنو_۱۳۹۸_۱۲_۲۹_separate_ن-۱۰_صورت‌های مالی سال مالی منتهی به ۱۳۹۸_۱۲_۲۹ (حسابرسی شده).xlsx,سبجنو_۱۳۹۸_۱۲_۲۹_separate_ن-۱۰_صورت‌های مالی سال مالی منتهی به ۱۳۹۸_۱۲_۲۹ (حسابرسی شده).xlsx,HTML_MISLABELED_XLSX,.xlsx,306447,b5561ee3ad6b612638323f359a793fe0893a47f162da50cc98117462fc5f2b78,OK,,1424,PAYLOAD_SUBSTANTIVE,,سبجنو,1398,1398/12/29,separate,audited,original,NOT_DETECTED,,,,1398/12/29,HTML_TABLE_1!R1C2,,,,,,NO_AUDITOR_BLOCK_DETECTED,,,NO_AUDITOR_BLOCK_DETECTED,
اکسل های صورت مالی کل زیپ ۱۳۹۲-۱۴۰۲.zip,سبجنو.zip,سبجنو.zip!سبجنو_۱۳۹۹_۱۲_۳۰_separate_ن-۱۰_صورت‌های مالی سال مالی منتهی به ۱۳۹۹_۱۲_۳۰ (حسابرسی شده).xlsx,سبجنو_۱۳۹۹_۱۲_۳۰_separate_ن-۱۰_صورت‌های مالی سال مالی منتهی به ۱۳۹۹_۱۲_۳۰ (حسابرسی شده).xlsx,HTML_MISLABELED_XLSX,.xlsx,305654,5078426f10a5d6fc8bd7449eda3e619b748d86a2a12e5cada0c0663c621806e8,OK,,1445,PAYLOAD_SUBSTANTIVE,,سبجنو,1399,1399/12/30,separate,audited,original,NOT_DETECTED,,,,1399/12/30,HTML_TABLE_1!R1C2,,,,,,NO_AUDITOR_BLOCK_DETECTED,,,NO_AUDITOR_BLOCK_DETECTED,
اکسل های صورت مالی کل زیپ ۱۳۹۲-۱۴۰۲.zip,سبجنو.zip,سبجنو.zip!سبجنو_۱۴۰۰_۱۲_۲۹_separate_ن-۱۰_صورت‌های مالی سال مالی منتهی به ۱۴۰۰_۱۲_۲۹ (حسابرسی شده).xlsx,سبجنو_۱۴۰۰_۱۲_۲۹_separate_ن-۱۰_صورت‌های مالی سال مالی منتهی به ۱۴۰۰_۱۲_۲۹ (حسابرسی شده).xlsx,HTML_MISLABELED_XLSX,.xlsx,379153,e99065f10edcc38f2157ef55c25f0226df65db1359fb27a2bc6a2b9952730494,OK,,1774,PAYLOAD_SUBSTANTIVE,,سبجنو,1400,1400/12/29,separate,audited,original,NOT_DETECTED,,,,1400/12/29,HTML_TABLE_1!R1C2,,,,,,NO_AUDITOR_BLOCK_DETECTED,,,NO_AUDITOR_BLOCK_DETECTED,
اکسل های صورت مالی کل زیپ ۱۳۹۲-۱۴۰۲.zip,سبجنو.zip,سبجنو.zip!سبجنو_۱۴۰۱_۱۲_۲۹_separate_ن-۱۰_صورت‌های مالی سال مالی منتهی به ۱۴۰۱_۱۲_۲۹ (حسابرسی شده).xlsx,سبجنو_۱۴۰۱_۱۲_۲۹_separate_ن-۱۰_صورت‌های مالی سال مالی منتهی به ۱۴۰۱_۱۲_۲۹ (حسابرسی شده).xlsx,HTML_MISLABELED_XLSX,.xlsx,443508,13ca33c6dedb416cdedea5436f1e348118640716d309081c296020fa10c95595,OK,,2133,PAYLOAD_SUBSTANTIVE,,سبجنو,1401,1401/12/29,separate,audited,original,NOT_DETECTED,,,,1401/12/29,HTML_TABLE_1!R1C2,,,,,,NO_AUDITOR_BLOCK_DETECTED,,,NO_AUDITOR_BLOCK_DETECTED,
اکسل های صورت مالی کل زیپ ۱۳۹۲-۱۴۰۲.zip,سبجنو.zip,سبجنو.zip!سبجنو_۱۴۰۲_۱۲_۲۹_separate_ن-۱۰_صورت‌های مالی سال مالی منتهی به ۱۴۰۲_۱۲_۲۹ (حسابرسی شده).xlsx,سبجنو_۱۴۰۲_۱۲_۲۹_separate_ن-۱۰_صورت‌های مالی سال مالی منتهی به ۱۴۰۲_۱۲_۲۹ (حسابرسی شده).xlsx,HTML_MISLABELED_XLSX,.xlsx,449495,c7b71e80d42386cecc8e0c4f8d6c4461738f81d94498a9fe33dad7cc433f422d,OK,,2177,PAYLOAD_SUBSTANTIVE,,سبجنو,1402,1402/12/29,separate,audited,original,NOT_DETECTED,,,,1402/12/29,HTML_TABLE_1!R1C2,,,,,,NO_AUDITOR_BLOCK_DETECTED,,,NO_AUDITOR_BLOCK_DETECTED,
اکسل های صورت مالی کل زیپ ۱۳۹۲-۱۴۰۲.zip,سبجنو.zip,سبجنو.zip!سبجنو_۱۴۰۲_۱۲_۲۹_separate_ن-۱۰_صورت‌های مالی سال مالی منتهی به ۱۴۰۲_۱۲_۲۹ (حسابرسی شده)(اصلاحیه).xlsx,سبجنو_۱۴۰۲_۱۲_۲۹_separate_ن-۱۰_صورت‌های مالی سال مالی منتهی به ۱۴۰۲_۱۲_۲۹ (حسابرسی شده)(اصلاحیه).xlsx,HTML_MISLABELED_XLSX,.xlsx,449997,83dfb91b1dce80d9b5ece77e3af2027461611dc26185525baff18f2a278a1306,OK,,2177,PAYLOAD_SUBSTANTIVE,,سبجنو,1402,1402/12/29,separate,audited,correction,NOT_DETECTED,,,,1402/12/29,HTML_TABLE_1!R1C2,,,,,,NO_AUDITOR_BLOCK_DETECTED,,,NO_AUDITOR_BLOCK_DETECTED,
اکسل های صورت مالی کل زیپ ۱۳۹۲-۱۴۰۲.zip,سبهان.zip,سبهان.zip!سبهان_۱۳۹۱_۱۲_۳۰_separate_ن-۱۰_صورتهای مالی سال مالی منتهی به ۱۳۹۱_۱۲_۳۰ (حسابرسی شده).xlsx,سبهان_۱۳۹۱_۱۲_۳۰_separate_ن-۱۰_صورتهای مالی سال مالی منتهی به ۱۳۹۱_۱۲_۳۰ (حسابرسی شده).xlsx,OLE2_LEGACY_EXCEL,.xlsx,59904,4bfaa96c2a0aec9fcf6d8a3612c64efa59003baf7e5cbc04bb25d90a801c6873,OK,,510,PAYLOAD_SUBSTANTIVE,,سبهان,1391,1391/12/30,separate,audited,original,DETECTED,Sheet1,9,83,1391/12/30,Sheet1!R6C4,مشروط,QUALIFIED_FAIR_WITH_EXCEPTION|HEADING_CELL,Sheet1!R38C14,Sheet1!R39C2,,,1392/02/02,Sheet1!R75C23,,
اکسل های صورت مالی کل زیپ ۱۳۹۲-۱۴۰۲.zip,سبهان.zip,سبهان.zip!سبهان_۱۳۹۲_۱۲_۲۹_separate_ن-۱۰_صورتهای مالی سال مالی منتهی به ۱۳۹۲_۱۲_۲۹ (حسابرسی شده).xlsx,سبهان_۱۳۹۲_۱۲_۲۹_separate_ن-۱۰_صورتهای مالی سال مالی منتهی به ۱۳۹۲_۱۲_۲۹ (حسابرسی شده).xlsx,OLE2_LEGACY_EXCEL,.xlsx,74752,e96e18b65015de3853323cd37b5c1d49a1d6efaed00ca7946cc59f264dab0229,OK,,624,PAYLOAD_SUBSTANTIVE,,سبهان,1392,1392/12/29,separate,audited,original,DETECTED,Sheet1,9,70,1392/12/29,Sheet1!R6C4,مقبول,UNQUALIFIED_FAIR_FORMULA|HEADING_CELL,Sheet1!R28C14,Sheet1!R29C2,,,1393/02/15,Sheet1!R61C23,,
اکسل های صورت مالی کل زیپ ۱۳۹۲-۱۴۰۲.zip,سبهان.zip,سبهان.zip!سبهان_۱۳۹۳_۱۲_۲۹_separate_ن-۱۰_صورتهای مالی سال مالی منتهی به ۱۳۹۳_۱۲_۲۹ (حسابرسی شده).xlsx,سبهان_۱۳۹۳_۱۲_۲۹_separate_ن-۱۰_صورتهای مالی سال مالی منتهی به ۱۳۹۳_۱۲_۲۹ (حسابرسی شده).xlsx,OLE2_LEGACY_EXCEL,.xlsx,73216,997d3d5775fc9c76799068ce6994bac0ce386d00a47d5dbb5c061d090e878ff3,OK,,650,PAYLOAD_SUBSTANTIVE,,سبهان,1393,1393/12/29,separate,audited,original,DETECTED,Sheet1,9,60,1393/12/29,Sheet1!R6C4,مقبول,UNQUALIFIED_FAIR_FORMULA|HEADING_CELL,Sheet1!R28C14,Sheet1!R29C2,,,1394/02/19,Sheet1!R51C23,,
اکسل های صورت مالی کل زیپ ۱۳۹۲-۱۴۰۲.zip,سبهان.zip,سبهان.zip!سبهان_۱۳۹۴_۱۲_۲۹_separate_ن-۱۰_صورت‌های مالی سال مالی منتهی به ۱۳۹۴_۱۲_۲۹ (حسابرسی شده).xlsx,سبهان_۱۳۹۴_۱۲_۲۹_separate_ن-۱۰_صورت‌های مالی سال مالی منتهی به ۱۳۹۴_۱۲_۲۹ (حسابرسی شده).xlsx,OLE2_LEGACY_EXCEL,.xlsx,83456,e916a4fb04f725f1e50197812462fc14ef7e1e2b9797a6f412e0b43682ec2268,OK,,723,PAYLOAD_SUBSTANTIVE,,سبهان,1394,1394/12/29,separate,audited,original,DETECTED,Sheet1,9,63,1394/12/29,Sheet1!R6C4,مقبول,UNQUALIFIED_FAIR_FORMULA|HEADING_CELL,Sheet1!R28C14,Sheet1!R29C2,,,1395/02/20,Sheet1!R54C23,,
اکسل های صورت مالی کل زیپ ۱۳۹۲-۱۴۰۲.zip,سبهان.zip,سبهان.zip!سبهان_۱۳۹۵_۱۲_۳۰_separate_ن-۱۰_صورت‌های مالی سال مالی منتهی به ۱۳۹۵_۱۲_۳۰ (حسابرسی شده).xlsx,سبهان_۱۳۹۵_۱۲_۳۰_separate_ن-۱۰_صورت‌های مالی سال مالی منتهی به ۱۳۹۵_۱۲_۳۰ (حسابرسی شده).xlsx,OLE2_LEGACY_EXCEL,.xlsx,87552,57bc074223f3989756d7c900611e7811a77033a41975983d1a94ab9f30ac62c2,OK,,770,PAYLOAD_SUBSTANTIVE,,سبهان,1395,1395/12/30,separate,audited,original,DETECTED,Sheet1,11,79,1395/12/30,Sheet1!R8C4,مشروط,QUALIFIED_FAIR_WITH_EXCEPTION|HEADING_CELL,Sheet1!R40C12,Sheet1!R41C2,,,1396/02/28,Sheet1!R70C20,,سیمان بهبهان
اکسل های صورت مالی کل زیپ ۱۳۹۲-۱۴۰۲.zip,سبهان.zip,سبهان.zip!سبهان_۱۳۹۶_۱۲_۲۹_separate_ن-۱۰_صورت‌های مالی سال مالی منتهی به ۱۳۹۶_۱۲_۲۹ (حسابرسی شده).xlsx,سبهان_۱۳۹۶_۱۲_۲۹_separate_ن-۱۰_صورت‌های مالی سال مالی منتهی به ۱۳۹۶_۱۲_۲۹ (حسابرسی شده).xlsx,OLE2_LEGACY_EXCEL,.xlsx,84992,695d6c86e62670761e1d358763bd5b4bac781e2ce511b9c5e8c0e007cf667bcf,OK,,741,PAYLOAD_SUBSTANTIVE,,سبهان,1396,1396/12/29,separate,audited,original,DETECTED,Sheet1,11,77,1396/12/29,Sheet1!R8C4,مقبول,UNQUALIFIED_FAIR_FORMULA|HEADING_CELL,Sheet1!R29C12,Sheet1!R30C2,,,1397/02/19,Sheet1!R69C20,,سیمان بهبهان
اکسل های صورت مالی کل زیپ ۱۳۹۲-۱۴۰۲.zip,سبهان.zip,سبهان.zip!سبهان_۱۳۹۶_۱۲_۲۹_separate_ن-۱۰_صورت‌های مالی سال مالی منتهی به ۱۳۹۶_۱۲_۲۹ (حسابرسی شده)(اصلاحیه).xlsx,سبهان_۱۳۹۶_۱۲_۲۹_separate_ن-۱۰_صورت‌های مالی سال مالی منتهی به ۱۳۹۶_۱۲_۲۹ (حسابرسی شده)(اصلاحیه).xlsx,OLE2_LEGACY_EXCEL,.xlsx,84992,ba9c4be05db9b92be1a8aadb0d8766768eb84fd9b6c0689b48b894c847f0ac94,OK,,741,PAYLOAD_SUBSTANTIVE,,سبهان,1396,1396/12/29,separate,audited,correction,DETECTED,Sheet1,11,77,1396/12/29,Sheet1!R8C4,مقبول,UNQUALIFIED_FAIR_FORMULA|HEADING_CELL,Sheet1!R29C12,Sheet1!R30C2,,,1397/02/19,Sheet1!R69C20,,سیمان بهبهان
اکسل های صورت مالی کل زیپ ۱۳۹۲-۱۴۰۲.zip,سبهان.zip,سبهان.zip!سبهان_۱۳۹۷_۱۲_۲۹_separate_ن-۱۰_صورت‌های مالی سال مالی منتهی به ۱۳۹۷_۱۲_۲۹ (حسابرسی شده).xlsx,سبهان_۱۳۹۷_۱۲_۲۹_separate_ن-۱۰_صورت‌های مالی سال مالی منتهی به ۱۳۹۷_۱۲_۲۹ (حسابرسی شده).xlsx,HTML_MISLABELED_XLSX,.xlsx,113419,7605e7e412cef6722c06bcde1909d1b060f879f802446be6ef2bf6c18e1b7055,OK,,495,PAYLOAD_SUBSTANTIVE,,سبهان,1397,1397/12/29,separate,audited,original,NOT_DETECTED,,,,1397/12/29,HTML_TABLE_1!R1C2,,,,,,NO_AUDITOR_BLOCK_DETECTED,,,NO_AUDITOR_BLOCK_DETECTED,
اکسل های صورت مالی کل زیپ ۱۳۹۲-۱۴۰۲.zip,سبهان.zip,سبهان.zip!سبهان_۱۳۹۸_۱۲_۲۹_separate_ن-۱۰_صورت‌های مالی سال مالی منتهی به ۱۳۹۸_۱۲_۲۹ (حسابرسی شده).xlsx,سبهان_۱۳۹۸_۱۲_۲۹_separate_ن-۱۰_صورت‌های مالی سال مالی منتهی به ۱۳۹۸_۱۲_۲۹ (حسابرسی شده).xlsx,HTML_MISLABELED_XLSX,.xlsx,324845,204075b3ea4d7b51fa25feb666afa1869f338e00bfa7d7ad2b5039d99ff47bd2,OK,,1564,PAYLOAD_SUBSTANTIVE,,سبهان,1398,1398/12/29,separate,audited,original,NOT_DETECTED,,,,1398/12/29,HTML_TABLE_1!R1C2,,,,,,NO_AUDITOR_BLOCK_DETECTED,,,NO_AUDITOR_BLOCK_DETECTED,
اکسل های صورت مالی کل زیپ ۱۳۹۲-۱۴۰۲.zip,سبهان.zip,سبهان.zip!سبهان_۱۳۹۹_۱۲_۳۰_separate_ن-۱۰_صورت‌های مالی سال مالی منتهی به ۱۳۹۹_۱۲_۳۰ (حسابرسی شده).xlsx,سبهان_۱۳۹۹_۱۲_۳۰_separate_ن-۱۰_صورت‌های مالی سال مالی منتهی به ۱۳۹۹_۱۲_۳۰ (حسابرسی شده).xlsx,HTML_MISLABELED_XLSX,.xlsx,322120,2d22fff90654fbed1ded7bdf96289c9904b5360b92f3d1c35c273367445da1df,OK,,1544,PAYLOAD_SUBSTANTIVE,,سبهان,1399,1399/12/30,separate,audited,original,NOT_DETECTED,,,,1399/12/30,HTML_TABLE_1!R1C2,,,,,,NO_AUDITOR_BLOCK_DETECTED,,,NO_AUDITOR_BLOCK_DETECTED,
اکسل های صورت مالی کل زیپ ۱۳۹۲-۱۴۰۲.zip,سبهان.zip,سبهان.zip!سبهان_۱۴۰۰_۱۲_۲۹_separate_ن-۱۰_صورت‌های مالی سال مالی منتهی به ۱۴۰۰_۱۲_۲۹ (حسابرسی شده).xlsx,سبهان_۱۴۰۰_۱۲_۲۹_separate_ن-۱۰_صورت‌های مالی سال مالی منتهی به ۱۴۰۰_۱۲_۲۹ (حسابرسی شده).xlsx,HTML_MISLABELED_XLSX,.xlsx,393553,3c31d9a82df16ebc3b2c39b5280c1ca6683f85a7db26b2dbf23eb95b899c0dff,OK,,1890,PAYLOAD_SUBSTANTIVE,,سبهان,1400,1400/12/29,separate,audited,original,NOT_DETECTED,,,,1400/12/29,HTML_TABLE_1!R1C2,,,,,,NO_AUDITOR_BLOCK_DETECTED,,,NO_AUDITOR_BLOCK_DETECTED,
اکسل های صورت مالی کل زیپ ۱۳۹۲-۱۴۰۲.zip,سبهان.zip,سبهان.zip!سبهان_۱۴۰۱_۱۲_۲۹_separate_ن-۱۰_صورت‌های مالی سال مالی منتهی به ۱۴۰۱_۱۲_۲۹ (حسابرسی شده).xlsx,سبهان_۱۴۰۱_۱۲_۲۹_separate_ن-۱۰_صورت‌های مالی سال مالی منتهی به ۱۴۰۱_۱۲_۲۹ (حسابرسی شده).xlsx,HTML_MISLABELED_XLSX,.xlsx,428977,b34d03e8d53ca6498b76dbd3b00030a4b0604c4d433e4a98331a774fedf8a44d,OK,,2067,PAYLOAD_SUBSTANTIVE,,سبهان,1401,1401/12/29,separate,audited,original,NOT_DETECTED,,,,1401/12/29,HTML_TABLE_1!R1C2,,,,,,NO_AUDITOR_BLOCK_DETECTED,,,NO_AUDITOR_BLOCK_DETECTED,
اکسل های صورت مالی کل زیپ ۱۳۹۲-۱۴۰۲.zip,سبهان.zip,سبهان.zip!سبهان_۱۴۰۲_۱۲_۲۹_separate_ن-۱۰_صورت‌های مالی سال مالی منتهی به ۱۴۰۲_۱۲_۲۹ (حسابرسی شده).xlsx,سبهان_۱۴۰۲_۱۲_۲۹_separate_ن-۱۰_صورت‌های مالی سال مالی منتهی به ۱۴۰۲_۱۲_۲۹ (حسابرسی شده).xlsx,HTML_MISLABELED_XLSX,.xlsx,431523,43177528aa2e3a1e6f3e62b2db388fc4fbe515e1e32ef9994c593c7a7561041f,OK,,2066,PAYLOAD_SUBSTANTIVE,,سبهان,1402,1402/12/29,separate,audited,original,NOT_DETECTED,,,,1402/12/29,HTML_TABLE_1!R1C2,,,,,,NO_AUDITOR_BLOCK_DETECTED,,,NO_AUDITOR_BLOCK_DETECTED,
اکسل های صورت مالی کل زیپ ۱۳۹۲-۱۴۰۲.zip,سپاها.zip,سپاها.zip!سپاها_۱۳۹۲_۰۶_۳۱_separate_ن-۱۰_صورتهای مالی سال مالی منتهی به ۱۳۹۲_۰۶_۳۱ (حسابرسی شده).xlsx,سپاها_۱۳۹۲_۰۶_۳۱_separate_ن-۱۰_صورتهای مالی سال مالی منتهی به ۱۳۹۲_۰۶_۳۱ (حسابرسی شده).xlsx,OLE2_LEGACY_EXCEL,.xlsx,78336,c7f298463dd69f8288fb4bdf6e7032254c8fbfc0210700474d10ebc378dbe4ff,OK,,613,PAYLOAD_SUBSTANTIVE,,سپاها,1392,1392/06/31,separate,audited,original,DETECTED,Sheet1,9,81,1392/06/31,Sheet1!R6C4,مقبول,UNQUALIFIED_FAIR_FORMULA|HEADING_CELL,Sheet1!R28C14,Sheet1!R29C2,,,1392/08/01,Sheet1!R73C23,,سیمان سپاهان
اکسل های صورت مالی کل زیپ ۱۳۹۲-۱۴۰۲.zip,سپاها.zip,سپاها.zip!سپاها_۱۳۹۳_۰۶_۳۱_separate_ن-۱۰_صورتهای مالی سال مالی منتهی به ۱۳۹۳_۰۶_۳۱ (حسابرسی شده).xlsx,سپاها_۱۳۹۳_۰۶_۳۱_separate_ن-۱۰_صورتهای مالی سال مالی منتهی به ۱۳۹۳_۰۶_۳۱ (حسابرسی شده).xlsx,OLE2_LEGACY_EXCEL,.xlsx,79360,7a7e01f72bdd6dc5804fa6d1e86f8a8328d84f132e2cdc40662125d0599542d8,OK,,620,PAYLOAD_SUBSTANTIVE,,سپاها,1393,1393/06/31,separate,audited,original,DETECTED,Sheet1,9,79,1393/06/31,Sheet1!R6C4,مقبول,UNQUALIFIED_FAIR_FORMULA|HEADING_CELL,Sheet1!R28C14,Sheet1!R29C2,,,1393/08/24,Sheet1!R70C23,,سیمان سپاهان
اکسل های صورت مالی کل زیپ ۱۳۹۲-۱۴۰۲.zip,سپاها.zip,سپاها.zip!سپاها_۱۳۹۴_۰۶_۳۱_separate_ن-۱۰_صورت‌های مالی سال مالی منتهی به ۱۳۹۴_۰۶_۳۱ (حسابرسی شده).xlsx,سپاها_۱۳۹۴_۰۶_۳۱_separate_ن-۱۰_صورت‌های مالی سال مالی منتهی به ۱۳۹۴_۰۶_۳۱ (حسابرسی شده).xlsx,OLE2_LEGACY_EXCEL,.xlsx,80384,6b46c99343d090042e22feec2420f9ba9894539d6b8e122c91a1a6552ff90749,OK,,642,PAYLOAD_SUBSTANTIVE,,سپاها,1394,1394/06/31,separate,audited,original,DETECTED,Sheet1,9,78,1394/06/31,Sheet1!R6C4,مقبول,UNQUALIFIED_FAIR_FORMULA|HEADING_CELL,Sheet1!R27C14,Sheet1!R28C2,,,1394/08/21,Sheet1!R69C23,,سیمان سپاهان
اکسل های صورت مالی کل زیپ ۱۳۹۲-۱۴۰۲.zip,سپاها.zip,سپاها.zip!سپاها_۱۳۹۵_۰۶_۳۱_consolidated_ن-۱۰_صورت‌های مالی تلفیقی سال مالی منتهی به ۱۳۹۵_۰۶_۳۱ (حسابرسی شده).xlsx,سپاها_۱۳۹۵_۰۶_۳۱_consolidated_ن-۱۰_صورت‌های مالی تلفیقی سال مالی منتهی به ۱۳۹۵_۰۶_۳۱ (حسابرسی شده).xlsx,OLE2_LEGACY_EXCEL,.xlsx,140288,07ec2696a5f8073c85127e8b087ffc9af7ed683a5d653f5d8d51f4c26f18c2e2,OK,,1438,PAYLOAD_SUBSTANTIVE,,سپاها,1395,1395/06/31,consolidated,audited,original,DETECTED,Sheet1,9,76,1395/06/31,Sheet1!R6C4,مقبول,UNQUALIFIED_FAIR_FORMULA|HEADING_CELL,Sheet1!R28C14,Sheet1!R29C2,,,1395/08/24,Sheet1!R68C23,,سیمان سپاهان
اکسل های صورت مالی کل زیپ ۱۳۹۲-۱۴۰۲.zip,سپاها.zip,سپاها.zip!سپاها_۱۳۹۵_۰۶_۳۱_separate_ن-۱۰_صورت‌های مالی سال مالی منتهی به ۱۳۹۵_۰۶_۳۱ (حسابرسی شده).xlsx,سپاها_۱۳۹۵_۰۶_۳۱_separate_ن-۱۰_صورت‌های مالی سال مالی منتهی به ۱۳۹۵_۰۶_۳۱ (حسابرسی شده).xlsx,OLE2_LEGACY_EXCEL,.xlsx,88064,0ac9c63449feb3c3d9c0d5f27ace27f23963b87f4a38d5167a2d7ee5132a8d07,OK,,686,PAYLOAD_SUBSTANTIVE,,سپاها,1395,1395/06/31,separate,audited,original,DETECTED,Sheet1,9,76,1395/06/31,Sheet1!R6C4,مقبول,UNQUALIFIED_FAIR_FORMULA|HEADING_CELL,Sheet1!R28C14,Sheet1!R29C2,,,1395/08/24,Sheet1!R68C23,,سیمان سپاهان
اکسل های صورت مالی کل زیپ ۱۳۹۲-۱۴۰۲.zip,سپاها.zip,سپاها.zip!سپاها_۱۳۹۶_۰۶_۳۱_consolidated_ن-۱۰_صورت‌های مالی تلفیقی سال مالی منتهی به ۱۳۹۶_۰۶_۳۱ (حسابرسی شده).xlsx,سپاها_۱۳۹۶_۰۶_۳۱_consolidated_ن-۱۰_صورت‌های مالی تلفیقی سال مالی منتهی به ۱۳۹۶_۰۶_۳۱ (حسابرسی شده).xlsx,OLE2_LEGACY_EXCEL,.xlsx,137216,7770282e21a2ac4d10d5f53da8a5a91a58e9adc771e19467cdae57b6cb32c6e0,OK,,1465,PAYLOAD_SUBSTANTIVE,,سپاها,1396,1396/06/31,consolidated,audited,original,DETECTED,Sheet1,11,78,1396/06/31,Sheet1!R8C4,مقبول,UNQUALIFIED_FAIR_FORMULA|HEADING_CELL,Sheet1!R29C12,Sheet1!R30C2,,,1396/09/08,Sheet1!R70C20,,سیمان سپاهان
اکسل های صورت مالی کل زیپ ۱۳۹۲-۱۴۰۲.zip,سپاها.zip,سپاها.zip!سپاها_۱۳۹۷_۰۶_۳۱_consolidated_ن-۱۰_صورت‌های مالی تلفیقی سال مالی منتهی به ۱۳۹۷_۰۶_۳۱ (حسابرسی شده).xlsx,سپاها_۱۳۹۷_۰۶_۳۱_consolidated_ن-۱۰_صورت‌های مالی تلفیقی سال مالی منتهی به ۱۳۹۷_۰۶_۳۱ (حسابرسی شده).xlsx,HTML_MISLABELED_XLSX,.xlsx,235741,99596864766a01b2cd6d06939120d3fb60dac942ee4acf678d22cf8508f76b63,OK,,1045,PAYLOAD_SUBSTANTIVE,,سپاها,1397,1397/06/31,consolidated,audited,original,NOT_DETECTED,,,,1397/06/31,HTML_TABLE_1!R1C2,,,,,,NO_AUDITOR_BLOCK_DETECTED,,,NO_AUDITOR_BLOCK_DETECTED,
اکسل های صورت مالی کل زیپ ۱۳۹۲-۱۴۰۲.zip,سپاها.zip,سپاها.zip!سپاها_۱۳۹۸_۰۶_۳۱_consolidated_ن-۱۰_صورت‌های مالی تلفیقی سال مالی منتهی به ۱۳۹۸_۰۶_۳۱ (حسابرسی شده).xlsx,سپاها_۱۳۹۸_۰۶_۳۱_consolidated_ن-۱۰_صورت‌های مالی تلفیقی سال مالی منتهی به ۱۳۹۸_۰۶_۳۱ (حسابرسی شده).xlsx,HTML_MISLABELED_XLSX,.xlsx,5930,9f6cd4f36ced7e029f8def6dda2786c53e4f6079715cb9e330fe4601988732d7,OK,,1,PAYLOAD_NON_SUBSTANTIVE,ONLY_1_CELLS,سپاها,1398,1398/06/31,consolidated,audited,original,NOT_DETECTED,,,,,,,,,,,NO_AUDITOR_BLOCK_DETECTED,,,NO_AUDITOR_BLOCK_DETECTED,
اکسل های صورت مالی کل زیپ ۱۳۹۲-۱۴۰۲.zip,سپاها.zip,سپاها.zip!سپاها_۱۳۹۹_۰۶_۳۱_consolidated_ن-۱۰_صورت‌های مالی تلفیقی سال مالی منتهی به ۱۳۹۹_۰۶_۳۱ (حسابرسی شده).xlsx,سپاها_۱۳۹۹_۰۶_۳۱_consolidated_ن-۱۰_صورت‌های مالی تلفیقی سال مالی منتهی به ۱۳۹۹_۰۶_۳۱ (حسابرسی شده).xlsx,HTML_MISLABELED_XLSX,.xlsx,525098,85aa08f161c6e98a31df8c917494a0bc52dfd7cea597c559d50f9d64cfcdf32f,OK,,2520,PAYLOAD_SUBSTANTIVE,,سپاها,1399,1399/06/31,consolidated,audited,original,NOT_DETECTED,,,,1399/06/31,HTML_TABLE_1!R1C2,,,,,,NO_AUDITOR_BLOCK_DETECTED,,,NO_AUDITOR_BLOCK_DETECTED,
اکسل های صورت مالی کل زیپ ۱۳۹۲-۱۴۰۲.zip,سپاها.zip,سپاها.zip!سپاها_۱۴۰۰_۰۶_۳۱_consolidated_ن-۱۰_صورت‌های مالی تلفیقی سال مالی منتهی به ۱۴۰۰_۰۶_۳۱ (حسابرسی شده).xlsx,سپاها_۱۴۰۰_۰۶_۳۱_consolidated_ن-۱۰_صورت‌های مالی تلفیقی سال مالی منتهی به ۱۴۰۰_۰۶_۳۱ (حسابرسی شده).xlsx,HTML_MISLABELED_XLSX,.xlsx,618518,12a81381b14ac8b17b6952b2591c41a3fb2ea4927f39a447914cd17674d860e3,OK,,3067,PAYLOAD_SUBSTANTIVE,,سپاها,1400,1400/06/31,consolidated,audited,original,NOT_DETECTED,,,,1400/06/31,HTML_TABLE_1!R1C2,,,,,,NO_AUDITOR_BLOCK_DETECTED,,,NO_AUDITOR_BLOCK_DETECTED,
اکسل های صورت مالی کل زیپ ۱۳۹۲-۱۴۰۲.zip,سپاها.zip,سپاها.zip!سپاها_۱۴۰۱_۰۶_۳۱_consolidated_ن-۱۰_صورت‌های مالی تلفیقی سال مالی منتهی به ۱۴۰۱_۰۶_۳۱ (حسابرسی شده).xlsx,سپاها_۱۴۰۱_۰۶_۳۱_consolidated_ن-۱۰_صورت‌های مالی تلفیقی سال مالی منتهی به ۱۴۰۱_۰۶_۳۱ (حسابرسی شده).xlsx,HTML_MISLABELED_XLSX,.xlsx,604691,3d60ff7a4f2a859da8a5b4d13d04008729c6920c5dd3b5873b01fc948ea3b8a5,OK,,2895,PAYLOAD_SUBSTANTIVE,,سپاها,1401,1401/06/31,consolidated,audited,original,NOT_DETECTED,,,,1401/06/31,HTML_TABLE_1!R1C2,,,,,,NO_AUDITOR_BLOCK_DETECTED,,,NO_AUDITOR_BLOCK_DETECTED,
اکسل های صورت مالی کل زیپ ۱۳۹۲-۱۴۰۲.zip,سپاها.zip,سپاها.zip!سپاها_۱۴۰۲_۰۶_۳۱_consolidated_ن-۱۰_صورت‌های مالی تلفیقی سال مالی منتهی به ۱۴۰۲_۰۶_۳۱ (حسابرسی شده).xlsx,سپاها_۱۴۰۲_۰۶_۳۱_consolidated_ن-۱۰_صورت‌های مالی تلفیقی سال مالی منتهی به ۱۴۰۲_۰۶_۳۱ (حسابرسی شده).xlsx,HTML_MISLABELED_XLSX,.xlsx,686913,1158dadfe5439f0f46f18ae21b8e9da90b376fc2e6f0a3f7346755b8fc4c07ea,OK,,3235,PAYLOAD_SUBSTANTIVE,,سپاها,1402,1402/06/31,consolidated,audited,original,NOT_DETECTED,,,,1402/06/31,HTML_TABLE_1!R1C2,,,,,,NO_AUDITOR_BLOCK_DETECTED,,,NO_AUDITOR_BLOCK_DETECTED,
اکسل های صورت مالی کل زیپ ۱۳۹۲-۱۴۰۲.zip,سپاها.zip,سپاها.zip!سپاها_۱۴۰۳_۰۶_۳۱_consolidated_ن-۱۰_صورت‌های مالی تلفیقی سال مالی منتهی به ۱۴۰۳_۰۶_۳۱ (حسابرسی شده).xlsx,سپاها_۱۴۰۳_۰۶_۳۱_consolidated_ن-۱۰_صورت‌های مالی تلفیقی سال مالی منتهی به ۱۴۰۳_۰۶_۳۱ (حسابرسی شده).xlsx,HTML_MISLABELED_XLSX,.xlsx,698812,fad653b6764891b95644ef3cc1abc228eab585dc5983cc1c099d133d8a559859,OK,,3324,PAYLOAD_SUBSTANTIVE,,سپاها,1403,1403/06/31,consolidated,audited,original,NOT_DETECTED,,,,1403/06/31,HTML_TABLE_1!R1C2,,,,,,NO_AUDITOR_BLOCK_DETECTED,,,NO_AUDITOR_BLOCK_DETECTED,
اکسل های صورت مالی کل زیپ ۱۳۹۲-۱۴۰۲.zip,سپيد.zip,سپيد.zip!سپيد_۱۳۹۷_۱۲_۲۹_separate_ن-۱۰_صورت‌های مالی سال مالی منتهی به ۱۳۹۷_۱۲_۲۹ (حسابرسی شده).xlsx,سپيد_۱۳۹۷_۱۲_۲۹_separate_ن-۱۰_صورت‌های مالی سال مالی منتهی به ۱۳۹۷_۱۲_۲۹ (حسابرسی شده).xlsx,HTML_MISLABELED_XLSX,.xlsx,115584,3fda3442ccee4cca9bdbae9763f3083b5c125a32bed4472f9ea10a9ddc18375c,OK,,548,PAYLOAD_SUBSTANTIVE,,سپید,1397,1397/12/29,separate,audited,original,NOT_DETECTED,,,,1397/12/29,HTML_TABLE_1!R1C2,,,,,,NO_AUDITOR_BLOCK_DETECTED,,,NO_AUDITOR_BLOCK_DETECTED,
اکسل های صورت مالی کل زیپ ۱۳۹۲-۱۴۰۲.zip,سپيد.zip,سپيد.zip!سپيد_۱۳۹۸_۱۲_۲۹_consolidated_ن-۱۰_صورت‌های مالی تلفیقی سال مالی منتهی به ۱۳۹۸_۱۲_۲۹ (حسابرسی شده).xlsx,سپيد_۱۳۹۸_۱۲_۲۹_consolidated_ن-۱۰_صورت‌های مالی تلفیقی سال مالی منتهی به ۱۳۹۸_۱۲_۲۹ (حسابرسی شده).xlsx,HTML_MISLABELED_XLSX,.xlsx,501293,25c1c80caefc74d7377fe4968892c19c87a64b4b856f0ea41fd5afac3c762cad,OK,,2371,PAYLOAD_SUBSTANTIVE,,سپید,1398,1398/12/29,consolidated,audited,original,NOT_DETECTED,,,,1398/12/29,HTML_TABLE_1!R1C2,,,,,,NO_AUDITOR_BLOCK_DETECTED,,,NO_AUDITOR_BLOCK_DETECTED,
اکسل های صورت مالی کل زیپ ۱۳۹۲-۱۴۰۲.zip,سپيد.zip,سپيد.zip!سپيد_۱۳۹۹_۱۲_۳۰_consolidated_ن-۱۰_صورت‌های مالی تلفیقی سال مالی منتهی به ۱۳۹۹_۱۲_۳۰ (حسابرسی شده).xlsx,سپيد_۱۳۹۹_۱۲_۳۰_consolidated_ن-۱۰_صورت‌های مالی تلفیقی سال مالی منتهی به ۱۳۹۹_۱۲_۳۰ (حسابرسی شده).xlsx,HTML_MISLABELED_XLSX,.xlsx,515934,54de95aba63fb61f6a691f578583130afd9ac14d63202fc12534e10a84a53df5,OK,,2467,PAYLOAD_SUBSTANTIVE,,سپید,1399,1399/12/30,consolidated,audited,original,NOT_DETECTED,,,,1399/12/30,HTML_TABLE_1!R1C2,,,,,,NO_AUDITOR_BLOCK_DETECTED,,,NO_AUDITOR_BLOCK_DETECTED,
اکسل های صورت مالی کل زیپ ۱۳۹۲-۱۴۰۲.zip,سپيد.zip,سپيد.zip!سپيد_۱۳۹۹_۱۲_۳۰_consolidated_ن-۱۰_صورت‌های مالی تلفیقی سال مالی منتهی به ۱۳۹۹_۱۲_۳۰ (حسابرسی شده)(اصلاحیه).xlsx,سپيد_۱۳۹۹_۱۲_۳۰_consolidated_ن-۱۰_صورت‌های مالی تلفیقی سال مالی منتهی به ۱۳۹۹_۱۲_۳۰ (حسابرسی شده)(اصلاحیه).xlsx,HTML_MISLABELED_XLSX,.xlsx,517517,f1adfa4edbdebcc9fd4ab469ad2c35e84ed565f5bab29e5f339395951dd37074,OK,,2474,PAYLOAD_SUBSTANTIVE,,سپید,1399,1399/12/30,consolidated,audited,correction,NOT_DETECTED,,,,1399/12/30,HTML_TABLE_1!R1C2,,,,,,NO_AUDITOR_BLOCK_DETECTED,,,NO_AUDITOR_BLOCK_DETECTED,
اکسل های صورت مالی کل زیپ ۱۳۹۲-۱۴۰۲.zip,سپيد.zip,سپيد.zip!سپيد_۱۴۰۰_۱۲_۲۹_consolidated_ن-۱۰_صورت‌های مالی تلفیقی سال مالی منتهی به ۱۴۰۰_۱۲_۲۹ (حسابرسی شده).xlsx,سپيد_۱۴۰۰_۱۲_۲۹_consolidated_ن-۱۰_صورت‌های مالی تلفیقی سال مالی منتهی به ۱۴۰۰_۱۲_۲۹ (حسابرسی شده).xlsx,HTML_MISLABELED_XLSX,.xlsx,629530,549db64fcb18c99986ce26c2989ce0456aad122f823686a690ad1ba2e035d367,OK,,3083,PAYLOAD_SUBSTANTIVE,,سپید,1400,1400/12/29,consolidated,audited,original,NOT_DETECTED,,,,1400/12/29,HTML_TABLE_1!R1C2,,,,,,NO_AUDITOR_BLOCK_DETECTED,,,NO_AUDITOR_BLOCK_DETECTED,
اکسل های صورت مالی کل زیپ ۱۳۹۲-۱۴۰۲.zip,سپيد.zip,سپيد.zip!سپيد_۱۴۰۱_۱۲_۲۹_consolidated_ن-۱۰_صورت‌های مالی تلفیقی سال مالی منتهی به ۱۴۰۱_۱۲_۲۹ (حسابرسی شده).xlsx,سپيد_۱۴۰۱_۱۲_۲۹_consolidated_ن-۱۰_صورت‌های مالی تلفیقی سال مالی منتهی به ۱۴۰۱_۱۲_۲۹ (حسابرسی شده).xlsx,HTML_MISLABELED_XLSX,.xlsx,741714,dc2448c001293819ee34a821d077efa6bddbbd6b0160bd7fb8f8736a3c0599cd,OK,,3544,PAYLOAD_SUBSTANTIVE,,سپید,1401,1401/12/29,consolidated,audited,original,NOT_DETECTED,,,,1401/12/29,HTML_TABLE_1!R1C2,,,,,,NO_AUDITOR_BLOCK_DETECTED,,,NO_AUDITOR_BLOCK_DETECTED,
اکسل های صورت مالی کل زیپ ۱۳۹۲-۱۴۰۲.zip,سپيد.zip,سپيد.zip!سپيد_۱۴۰۲_۱۲_۲۹_consolidated_ن-۱۰_صورت‌های مالی تلفیقی سال مالی منتهی به ۱۴۰۲_۱۲_۲۹ (حسابرسی شده).xlsx,سپيد_۱۴۰۲_۱۲_۲۹_consolidated_ن-۱۰_صورت‌های مالی تلفیقی سال مالی منتهی به ۱۴۰۲_۱۲_۲۹ (حسابرسی شده).xlsx,HTML_MISLABELED_XLSX,.xlsx,771430,6ea5d7e9e1012fe24f625ae4cbe1eebdc6e2c791aaa81962d10a0b0266107dbf,OK,,3777,PAYLOAD_SUBSTANTIVE,,سپید,1402,1402/12/29,consolidated,audited,original,NOT_DETECTED,,,,1402/12/29,HTML_TABLE_1!R1C2,,,,,,NO_AUDITOR_BLOCK_DETECTED,,,NO_AUDITOR_BLOCK_DETECTED,
اکسل های صورت مالی کل زیپ ۱۳۹۲-۱۴۰۲.zip,ستران.zip,ستران.zip!ستران_۱۳۹۱_۱۲_۳۰_separate_ن-۱۰_صورتهای مالی سال مالی منتهی به ۱۳۹۱_۱۲_۳۰ (حسابرسی شده).xlsx,ستران_۱۳۹۱_۱۲_۳۰_separate_ن-۱۰_صورتهای مالی سال مالی منتهی به ۱۳۹۱_۱۲_۳۰ (حسابرسی شده).xlsx,OLE2_LEGACY_EXCEL,.xlsx,68096,a1fb176bcab1641f37075c12e71ef73e882a0072327c2ca9cca60e053aac6580,OK,,593,PAYLOAD_SUBSTANTIVE,,ستران,1391,1391/12/30,separate,audited,original,DETECTED,Sheet1,9,84,1391/12/30,Sheet1!R6C4,مقبول,UNQUALIFIED_FAIR_FORMULA|HEADING_CELL,Sheet1!R32C14,Sheet1!R34C2,,,1392/02/27,Sheet1!R76C23,,
اکسل های صورت مالی کل زیپ ۱۳۹۲-۱۴۰۲.zip,ستران.zip,ستران.zip!ستران_۱۳۹۲_۱۲_۲۹_separate_ن-۱۰_صورتهای مالی سال مالی منتهی به ۱۳۹۲_۱۲_۲۹ (حسابرسی شده).xlsx,ستران_۱۳۹۲_۱۲_۲۹_separate_ن-۱۰_صورتهای مالی سال مالی منتهی به ۱۳۹۲_۱۲_۲۹ (حسابرسی شده).xlsx,OLE2_LEGACY_EXCEL,.xlsx,79872,a3968cc16aac5e4e7eb4426b02f307cfc8f6ef9fdc6cb9bb2d8b37fbc31c2fea,OK,,674,PAYLOAD_SUBSTANTIVE,,ستران,1392,1392/12/29,separate,audited,original,DETECTED,Sheet1,9,73,1392/12/29,Sheet1!R6C4,مقبول,UNQUALIFIED_FAIR_FORMULA|HEADING_CELL,Sheet1!R30C14,Sheet1!R32C2,,,1393/03/26,Sheet1!R64C23,,
اکسل های صورت مالی کل زیپ ۱۳۹۲-۱۴۰۲.zip,ستران.zip,ستران.zip!ستران_۱۳۹۳_۱۲_۲۹_separate_ن-۱۰_صورتهای مالی سال مالی منتهی به ۱۳۹۳_۱۲_۲۹ (حسابرسی شده).xlsx,ستران_۱۳۹۳_۱۲_۲۹_separate_ن-۱۰_صورتهای مالی سال مالی منتهی به ۱۳۹۳_۱۲_۲۹ (حسابرسی شده).xlsx,OLE2_LEGACY_EXCEL,.xlsx,84480,2f7cd089538d00552fa90970f113ad5784d899a31bed6477dffb5e1bcb9dfc10,OK,,715,PAYLOAD_SUBSTANTIVE,,ستران,1393,1393/12/29,separate,audited,original,DETECTED,Sheet1,9,80,1393/12/29,Sheet1!R6C4,مقبول,UNQUALIFIED_FAIR_FORMULA|HEADING_CELL,Sheet1!R28C14,Sheet1!R29C2,,,1394/03/16,Sheet1!R71C23,,
اکسل های صورت مالی کل زیپ ۱۳۹۲-۱۴۰۲.zip,ستران.zip,ستران.zip!ستران_۱۳۹۴_۱۲_۲۹_separate_ن-۱۰_صورت‌های مالی سال مالی منتهی به ۱۳۹۴_۱۲_۲۹ (حسابرسی شده).xlsx,ستران_۱۳۹۴_۱۲_۲۹_separate_ن-۱۰_صورت‌های مالی سال مالی منتهی به ۱۳۹۴_۱۲_۲۹ (حسابرسی شده).xlsx,OLE2_LEGACY_EXCEL,.xlsx,102400,27645b513214927a344574398e7bc05bcad17848c82c1ac19d510721d97ce289,OK,,762,PAYLOAD_SUBSTANTIVE,,ستران,1394,1394/12/29,separate,audited,original,DETECTED,Sheet1,9,108,1394/12/29,Sheet1!R6C4,مشروط,QUALIFIED_FAIR_WITH_EXCEPTION|HEADING_CELL,Sheet1!R37C14,Sheet1!R38C2,,,1395/03/25,Sheet1!R99C23,,
اکسل های صورت مالی کل زیپ ۱۳۹۲-۱۴۰۲.zip,ستران.zip,ستران.zip!ستران_۱۳۹۵_۱۲_۳۰_consolidated_ن-۱۰_صورت‌های مالی تلفیقی سال مالی منتهی به ۱۳۹۵_۱۲_۳۰ (حسابرسی شده).xlsx,ستران_۱۳۹۵_۱۲_۳۰_consolidated_ن-۱۰_صورت‌های مالی تلفیقی سال مالی منتهی به ۱۳۹۵_۱۲_۳۰ (حسابرسی شده).xlsx,OLE2_LEGACY_EXCEL,.xlsx,147968,c6d3a9c22b99cd20e150e5bbb6cb9c703bf6ef689da6a3eec9f6f13dc4f0ae91,OK,,1525,PAYLOAD_SUBSTANTIVE,,ستران,1395,1395/12/30,consolidated,audited,original,DETECTED,Sheet1,11,97,1395/12/30,Sheet1!R8C4,مشروط,QUALIFIED_FAIR_WITH_EXCEPTION|HEADING_CELL,Sheet1!R34C12,Sheet1!R35C2,,,1396/03/29,Sheet1!R88C20,,
اکسل های صورت مالی کل زیپ ۱۳۹۲-۱۴۰۲.zip,ستران.zip,ستران.zip!ستران_۱۳۹۶_۱۲_۲۹_consolidated_ن-۱۰_صورت‌های مالی تلفیقی سال مالی منتهی به ۱۳۹۶_۱۲_۲۹ (حسابرسی شده).xlsx,ستران_۱۳۹۶_۱۲_۲۹_consolidated_ن-۱۰_صورت‌های مالی تلفیقی سال مالی منتهی به ۱۳۹۶_۱۲_۲۹ (حسابرسی شده).xlsx,OLE2_LEGACY_EXCEL,.xlsx,144384,56e8875abbb720f3bd099baa7a3156904e06d9ec6870f8e1d257d235a5a218b3,OK,,1524,PAYLOAD_SUBSTANTIVE,,ستران,1396,1396/12/29,consolidated,audited,original,DETECTED,Sheet1,11,87,1396/12/29,Sheet1!R8C4,مقبول,UNQUALIFIED_FAIR_FORMULA|HEADING_CELL,Sheet1!R29C12,Sheet1!R30C2,,,1397/04/14,Sheet1!R78C20,,
اکسل های صورت مالی کل زیپ ۱۳۹۲-۱۴۰۲.zip,ستران.zip,ستران.zip!ستران_۱۳۹۷_۱۲_۲۹_consolidated_ن-۱۰_صورت‌های مالی تلفیقی سال مالی منتهی به ۱۳۹۷_۱۲_۲۹ (حسابرسی شده).xlsx,ستران_۱۳۹۷_۱۲_۲۹_consolidated_ن-۱۰_صورت‌های مالی تلفیقی سال مالی منتهی به ۱۳۹۷_۱۲_۲۹ (حسابرسی شده).xlsx,HTML_MISLABELED_XLSX,.xlsx,235941,af8f45ccc39eeb92d67459cdfb75678dcc85d46270c901ab6271d590d1be387d,OK,,1045,PAYLOAD_SUBSTANTIVE,,ستران,1397,1397/12/29,consolidated,audited,original,NOT_DETECTED,,,,1397/12/29,HTML_TABLE_1!R1C2,,,,,,NO_AUDITOR_BLOCK_DETECTED,,,NO_AUDITOR_BLOCK_DETECTED,
اکسل های صورت مالی کل زیپ ۱۳۹۲-۱۴۰۲.zip,ستران.zip,ستران.zip!ستران_۱۳۹۸_۱۲_۲۹_consolidated_ن-۱۰_صورت‌های مالی تلفیقی سال مالی منتهی به ۱۳۹۸_۱۲_۲۹ (حسابرسی شده).xlsx,ستران_۱۳۹۸_۱۲_۲۹_consolidated_ن-۱۰_صورت‌های مالی تلفیقی سال مالی منتهی به ۱۳۹۸_۱۲_۲۹ (حسابرسی شده).xlsx,HTML_MISLABELED_XLSX,.xlsx,491617,7d77c8a7980d045e9d3eb49d87f09beb60c926af4b18e664cce026178c46e4f2,OK,,2315,PAYLOAD_SUBSTANTIVE,,ستران,1398,1398/12/29,consolidated,audited,original,NOT_DETECTED,,,,1398/12/29,HTML_TABLE_1!R1C2,,,,,,NO_AUDITOR_BLOCK_DETECTED,,,NO_AUDITOR_BLOCK_DETECTED,
اکسل های صورت مالی کل زیپ ۱۳۹۲-۱۴۰۲.zip,ستران.zip,ستران.zip!ستران_۱۳۹۹_۱۲_۳۰_consolidated_ن-۱۰_صورت‌های مالی تلفیقی سال مالی منتهی به ۱۳۹۹_۱۲_۳۰ (حسابرسی شده).xlsx,ستران_۱۳۹۹_۱۲_۳۰_consolidated_ن-۱۰_صورت‌های مالی تلفیقی سال مالی منتهی به ۱۳۹۹_۱۲_۳۰ (حسابرسی شده).xlsx,HTML_MISLABELED_XLSX,.xlsx,496806,257cf7fbc8ad71d280c0ad86b7fd293cc0673357a33a91814550189df1a08816,OK,,2364,PAYLOAD_SUBSTANTIVE,,ستران,1399,1399/12/30,consolidated,audited,original,NOT_DETECTED,,,,1399/12/30,HTML_TABLE_1!R1C2,,,,,,NO_AUDITOR_BLOCK_DETECTED,,,NO_AUDITOR_BLOCK_DETECTED,
اکسل های صورت مالی کل زیپ ۱۳۹۲-۱۴۰۲.zip,ستران.zip,ستران.zip!ستران_۱۴۰۰_۱۲_۲۹_consolidated_ن-۱۰_صورت‌های مالی تلفیقی سال مالی منتهی به ۱۴۰۰_۱۲_۲۹ (حسابرسی شده).xlsx,ستران_۱۴۰۰_۱۲_۲۹_consolidated_ن-۱۰_صورت‌های مالی تلفیقی سال مالی منتهی به ۱۴۰۰_۱۲_۲۹ (حسابرسی شده).xlsx,HTML_MISLABELED_XLSX,.xlsx,598520,c51efabaf079bdc0a81f906223b5aa997f5d824161ae1673d60007266d0e0638,OK,,2880,PAYLOAD_SUBSTANTIVE,,ستران,1400,1400/12/29,consolidated,audited,original,NOT_DETECTED,,,,1400/12/29,HTML_TABLE_1!R1C3,,,,,,NO_AUDITOR_BLOCK_DETECTED,,,NO_AUDITOR_BLOCK_DETECTED,
اکسل های صورت مالی کل زیپ ۱۳۹۲-۱۴۰۲.zip,ستران.zip,ستران.zip!ستران_۱۴۰۱_۱۲_۲۹_consolidated_ن-۱۰_صورت‌های مالی تلفیقی سال مالی منتهی به ۱۴۰۱_۱۲_۲۹ (حسابرسی شده).xlsx,ستران_۱۴۰۱_۱۲_۲۹_consolidated_ن-۱۰_صورت‌های مالی تلفیقی سال مالی منتهی به ۱۴۰۱_۱۲_۲۹ (حسابرسی شده).xlsx,HTML_MISLABELED_XLSX,.xlsx,692425,5fc11b6045b3a36d700d45c3d6798abd797daec385db181d531c2cf61c393757,OK,,3248,PAYLOAD_SUBSTANTIVE,,ستران,1401,1401/12/29,consolidated,audited,original,NOT_DETECTED,,,,1401/12/29,HTML_TABLE_1!R1C3,,,,,,NO_AUDITOR_BLOCK_DETECTED,,,NO_AUDITOR_BLOCK_DETECTED,
اکسل های صورت مالی کل زیپ ۱۳۹۲-۱۴۰۲.zip,ستران.zip,ستران.zip!ستران_۱۴۰۱_۱۲_۲۹_consolidated_ن-۱۰_صورت‌های مالی تلفیقی سال مالی منتهی به ۱۴۰۱_۱۲_۲۹ (حسابرسی شده)(اصلاحیه).xlsx,ستران_۱۴۰۱_۱۲_۲۹_consolidated_ن-۱۰_صورت‌های مالی تلفیقی سال مالی منتهی به ۱۴۰۱_۱۲_۲۹ (حسابرسی شده)(اصلاحیه).xlsx,HTML_MISLABELED_XLSX,.xlsx,692985,6ea6a46b6c821dff6ebd17cc0e73ac0933c02acde640b699596d4902298fbf02,OK,,3248,PAYLOAD_SUBSTANTIVE,,ستران,1401,1401/12/29,consolidated,audited,correction,NOT_DETECTED,,,,1401/12/29,HTML_TABLE_1!R1C3,,,,,,NO_AUDITOR_BLOCK_DETECTED,,,NO_AUDITOR_BLOCK_DETECTED,
اکسل های صورت مالی کل زیپ ۱۳۹۲-۱۴۰۲.zip,ستران.zip,ستران.zip!ستران_۱۴۰۲_۱۲_۲۹_consolidated_ن-۱۰_صورت‌های مالی تلفیقی سال مالی منتهی به ۱۴۰۲_۱۲_۲۹ (حسابرسی شده).xlsx,ستران_۱۴۰۲_۱۲_۲۹_consolidated_ن-۱۰_صورت‌های مالی تلفیقی سال مالی منتهی به ۱۴۰۲_۱۲_۲۹ (حسابرسی شده).xlsx,HTML_MISLABELED_XLSX,.xlsx,699255,957307e835ba885a0acb34ce5f7b853dd4fd78fe684a05f430f3db7534192db7,OK,,3285,PAYLOAD_SUBSTANTIVE,,ستران,1402,1402/12/29,consolidated,audited,original,NOT_DETECTED,,,,1402/12/29,HTML_TABLE_1!R1C3,,,,,,NO_AUDITOR_BLOCK_DETECTED,,,NO_AUDITOR_BLOCK_DETECTED,
اکسل های صورت مالی کل زیپ ۱۳۹۲-۱۴۰۲.zip,سخزر.zip,سخزر.zip!سخزر_۱۳۹۱_۱۲_۳۰_separate_ن-۱۰_صورتهای مالی سال مالی منتهی به ۱۳۹۱_۱۲_۳۰ (حسابرسی شده).xlsx,سخزر_۱۳۹۱_۱۲_۳۰_separate_ن-۱۰_صورتهای مالی سال مالی منتهی به ۱۳۹۱_۱۲_۳۰ (حسابرسی شده).xlsx,OLE2_LEGACY_EXCEL,.xlsx,63488,2efb2a4486dbffae09f0525629068323ef68d2c66cfc2cc7a5fb63775ccbf7c2,OK,,584,PAYLOAD_SUBSTANTIVE,,سخزر,1391,1391/12/30,separate,audited,original,DETECTED,Sheet1,9,62,1391/12/30,Sheet1!R6C4,مشروط,QUALIFIED_FAIR_WITH_EXCEPTION|HEADING_CELL,Sheet1!R35C14,Sheet1!R36C2,,,1392/02/23,Sheet1!R55C23,,سیمان خزر
اکسل های صورت مالی کل زیپ ۱۳۹۲-۱۴۰۲.zip,سخزر.zip,سخزر.zip!سخزر_۱۳۹۲_۱۲_۲۹_separate_ن-۱۰_صورتهای مالی سال مالی منتهی به ۱۳۹۲_۱۲_۲۹ (حسابرسی شده).xlsx,سخزر_۱۳۹۲_۱۲_۲۹_separate_ن-۱۰_صورتهای مالی سال مالی منتهی به ۱۳۹۲_۱۲_۲۹ (حسابرسی شده).xlsx,OLE2_LEGACY_EXCEL,.xlsx,75264,fd1d2759e56e7cf7571a975a71460aff8b382cfa126c6d26e90e88e389976d06,OK,,649,PAYLOAD_SUBSTANTIVE,,سخزر,1392,1392/12/29,separate,audited,original,DETECTED,Sheet1,9,61,1392/12/29,Sheet1!R6C4,مقبول,UNQUALIFIED_FAIR_FORMULA|HEADING_CELL,Sheet1!R27C14,Sheet1!R28C2,,,1393/02/09,Sheet1!R52C23,,سیمان خزر
اکسل های صورت مالی کل زیپ ۱۳۹۲-۱۴۰۲.zip,سخزر.zip,سخزر.zip!سخزر_۱۳۹۳_۱۲_۲۹_separate_ن-۱۰_صورتهای مالی سال مالی منتهی به ۱۳۹۳_۱۲_۲۹ (حسابرسی شده).xlsx,سخزر_۱۳۹۳_۱۲_۲۹_separate_ن-۱۰_صورتهای مالی سال مالی منتهی به ۱۳۹۳_۱۲_۲۹ (حسابرسی شده).xlsx,OLE2_LEGACY_EXCEL,.xlsx,80384,4343ca74877baa542bf9df4f1103d99abecde34e4d8e72d11c06e6dc9156705b,OK,,676,PAYLOAD_SUBSTANTIVE,,سخزر,1393,1393/12/29,separate,audited,original,DETECTED,Sheet1,9,63,1393/12/29,Sheet1!R6C4,مقبول,UNQUALIFIED_FAIR_FORMULA|HEADING_CELL,Sheet1!R27C14,Sheet1!R28C2,,,1394/02/09,Sheet1!R54C23,,سیمان خزر
اکسل های صورت مالی کل زیپ ۱۳۹۲-۱۴۰۲.zip,سخزر.zip,سخزر.zip!سخزر_۱۳۹۴_۱۲_۲۹_separate_ن-۱۰_صورت‌های مالی سال مالی منتهی به ۱۳۹۴_۱۲_۲۹ (حسابرسی شده).xlsx,سخزر_۱۳۹۴_۱۲_۲۹_separate_ن-۱۰_صورت‌های مالی سال مالی منتهی به ۱۳۹۴_۱۲_۲۹ (حسابرسی شده).xlsx,OLE2_LEGACY_EXCEL,.xlsx,82944,09add546ff05782e697288ed76bc90a186268cd8126e6608aac5300e15b442d0,OK,,684,PAYLOAD_SUBSTANTIVE,,سخزر,1394,1394/12/29,separate,audited,original,DETECTED,Sheet1,9,82,1394/12/29,Sheet1!R6C4,مقبول,UNQUALIFIED_FAIR_FORMULA|HEADING_CELL,Sheet1!R32C14,Sheet1!R34C2,,,1395/02/13,Sheet1!R73C23,,سیمان خزر
اکسل های صورت مالی کل زیپ ۱۳۹۲-۱۴۰۲.zip,سخزر.zip,سخزر.zip!سخزر_۱۳۹۵_۱۲_۳۰_separate_ن-۱۰_صورت‌های مالی سال مالی منتهی به ۱۳۹۵_۱۲_۳۰ (حسابرسی شده).xlsx,سخزر_۱۳۹۵_۱۲_۳۰_separate_ن-۱۰_صورت‌های مالی سال مالی منتهی به ۱۳۹۵_۱۲_۳۰ (حسابرسی شده).xlsx,OLE2_LEGACY_EXCEL,.xlsx,84480,739c3fb448c3e0ea7fc760f8ae3924f9dadd0db49495e49845196aa92d84876e,OK,,731,PAYLOAD_SUBSTANTIVE,,سخزر,1395,1395/12/30,separate,audited,original,DETECTED,Sheet1,11,70,1395/12/30,Sheet1!R8C4,مقبول,UNQUALIFIED_FAIR_FORMULA|HEADING_CELL,Sheet1!R29C12,Sheet1!R30C2,,,1396/02/13,Sheet1!R62C20,,سیمان خزر
اکسل های صورت مالی کل زیپ ۱۳۹۲-۱۴۰۲.zip,سخزر.zip,سخزر.zip!سخزر_۱۳۹۶_۱۲_۲۹_separate_ن-۱۰_صورت‌های مالی سال مالی منتهی به ۱۳۹۶_۱۲_۲۹ (حسابرسی شده).xlsx,سخزر_۱۳۹۶_۱۲_۲۹_separate_ن-۱۰_صورت‌های مالی سال مالی منتهی به ۱۳۹۶_۱۲_۲۹ (حسابرسی شده).xlsx,OLE2_LEGACY_EXCEL,.xlsx,88576,38c05694bf829a54e6b0cdee38fc454884e9dee987ed65c427a4a332ed06f228,OK,,742,PAYLOAD_SUBSTANTIVE,,سخزر,1396,1396/12/29,separate,audited,original,DETECTED,Sheet1,11,92,1396/12/29,Sheet1!R8C4,مقبول,UNQUALIFIED_FAIR_FORMULA|HEADING_CELL,Sheet1!R36C12,Sheet1!R37C2,,,1397/02/19,Sheet1!R84C20,,سیمان خزر
اکسل های صورت مالی کل زیپ ۱۳۹۲-۱۴۰۲.zip,سخزر.zip,سخزر.zip!سخزر_۱۳۹۷_۱۲_۲۹_separate_ن-۱۰_صورت‌های مالی سال مالی منتهی به ۱۳۹۷_۱۲_۲۹ (حسابرسی شده).xlsx,سخزر_۱۳۹۷_۱۲_۲۹_separate_ن-۱۰_صورت‌های مالی سال مالی منتهی به ۱۳۹۷_۱۲_۲۹ (حسابرسی شده).xlsx,HTML_MISLABELED_XLSX,.xlsx,113605,da5a7cf478f4574bc548fb8f97bf46af8d76c4a3feedd441384e29b0568c45e7,OK,,495,PAYLOAD_SUBSTANTIVE,,سخزر,1397,1397/12/29,separate,audited,original,NOT_DETECTED,,,,1397/12/29,HTML_TABLE_1!R1C2,,,,,,NO_AUDITOR_BLOCK_DETECTED,,,NO_AUDITOR_BLOCK_DETECTED,
اکسل های صورت مالی کل زیپ ۱۳۹۲-۱۴۰۲.zip,سخزر.zip,سخزر.zip!سخزر_۱۳۹۸_۱۲_۲۹_separate_ن-۱۰_صورت‌های مالی سال مالی منتهی به ۱۳۹۸_۱۲_۲۹ (حسابرسی شده).xlsx,سخزر_۱۳۹۸_۱۲_۲۹_separate_ن-۱۰_صورت‌های مالی سال مالی منتهی به ۱۳۹۸_۱۲_۲۹ (حسابرسی شده).xlsx,HTML_MISLABELED_XLSX,.xlsx,331776,045c8d55757dc94559bcce69e1e589870b7fd49a6b32bc124c1fc981867437de,OK,,1640,PAYLOAD_SUBSTANTIVE,,سخزر,1398,1398/12/29,separate,audited,original,NOT_DETECTED,,,,1398/12/29,HTML_TABLE_1!R1C2,,,,,,NO_AUDITOR_BLOCK_DETECTED,,,NO_AUDITOR_BLOCK_DETECTED,
اکسل های صورت مالی کل زیپ ۱۳۹۲-۱۴۰۲.zip,سخزر.zip,سخزر.zip!سخزر_۱۳۹۹_۱۲_۳۰_separate_ن-۱۰_صورت‌های مالی سال مالی منتهی به ۱۳۹۹_۱۲_۳۰ (حسابرسی شده).xlsx,سخزر_۱۳۹۹_۱۲_۳۰_separate_ن-۱۰_صورت‌های مالی سال مالی منتهی به ۱۳۹۹_۱۲_۳۰ (حسابرسی شده).xlsx,HTML_MISLABELED_XLSX,.xlsx,313454,459c688cc545d3e746c300629c6f1df57e3b8a7ec28bf2be9070fedb035b23f1,OK,,1491,PAYLOAD_SUBSTANTIVE,,سخزر,1399,1399/12/30,separate,audited,original,NOT_DETECTED,,,,1399/12/30,HTML_TABLE_1!R1C2,,,,,,NO_AUDITOR_BLOCK_DETECTED,,,NO_AUDITOR_BLOCK_DETECTED,
اکسل های صورت مالی کل زیپ ۱۳۹۲-۱۴۰۲.zip,سخزر.zip,سخزر.zip!سخزر_۱۴۰۰_۱۲_۲۹_separate_ن-۱۰_صورت‌های مالی سال مالی منتهی به ۱۴۰۰_۱۲_۲۹ (حسابرسی شده).xlsx,سخزر_۱۴۰۰_۱۲_۲۹_separate_ن-۱۰_صورت‌های مالی سال مالی منتهی به ۱۴۰۰_۱۲_۲۹ (حسابرسی شده).xlsx,HTML_MISLABELED_XLSX,.xlsx,386413,f677eb8dd1c74bace5b0b48aeb2bc9aeca47255f4f76599630897f5b6d3df6a4,OK,,1816,PAYLOAD_SUBSTANTIVE,,سخزر,1400,1400/12/29,separate,audited,original,NOT_DETECTED,,,,1400/12/29,HTML_TABLE_1!R1C2,,,,,,NO_AUDITOR_BLOCK_DETECTED,,,NO_AUDITOR_BLOCK_DETECTED,
اکسل های صورت مالی کل زیپ ۱۳۹۲-۱۴۰۲.zip,سخزر.zip,سخزر.zip!سخزر_۱۴۰۱_۱۲_۲۹_separate_ن-۱۰_صورت‌های مالی سال مالی منتهی به ۱۴۰۱_۱۲_۲۹ (حسابرسی شده).xlsx,سخزر_۱۴۰۱_۱۲_۲۹_separate_ن-۱۰_صورت‌های مالی سال مالی منتهی به ۱۴۰۱_۱۲_۲۹ (حسابرسی شده).xlsx,HTML_MISLABELED_XLSX,.xlsx,419289,dd3e551d96afdc74838d29a93af5c4cb56d2ebdab7512d9fefbdbab00775a145,OK,,1979,PAYLOAD_SUBSTANTIVE,,سخزر,1401,1401/12/29,separate,audited,original,NOT_DETECTED,,,,1401/12/29,HTML_TABLE_1!R1C2,,,,,,NO_AUDITOR_BLOCK_DETECTED,,,NO_AUDITOR_BLOCK_DETECTED,
اکسل های صورت مالی کل زیپ ۱۳۹۲-۱۴۰۲.zip,سخزر.zip,سخزر.zip!سخزر_۱۴۰۲_۱۲_۲۹_separate_ن-۱۰_صورت‌های مالی سال مالی منتهی به ۱۴۰۲_۱۲_۲۹ (حسابرسی شده).xlsx,سخزر_۱۴۰۲_۱۲_۲۹_separate_ن-۱۰_صورت‌های مالی سال مالی منتهی به ۱۴۰۲_۱۲_۲۹ (حسابرسی شده).xlsx,HTML_MISLABELED_XLSX,.xlsx,421302,9b988fa76dedc52e4795d4dc3b96f6647dbc20e3f114bf6dc4d9a3acb45c3a24,OK,,1978,PAYLOAD_SUBSTANTIVE,,سخزر,1402,1402/12/29,separate,audited,original,NOT_DETECTED,,,,1402/12/29,HTML_TABLE_1!R1C2,,,,,,NO_AUDITOR_BLOCK_DETECTED,,,NO_AUDITOR_BLOCK_DETECTED,
اکسل های صورت مالی کل زیپ ۱۳۹۲-۱۴۰۲.zip,سخزر.zip,سخزر.zip!سخزر_۱۴۰۲_۱۲_۲۹_separate_ن-۱۰_صورت‌های مالی سال مالی منتهی به ۱۴۰۲_۱۲_۲۹ (حسابرسی شده)(اصلاحیه).xlsx,سخزر_۱۴۰۲_۱۲_۲۹_separate_ن-۱۰_صورت‌های مالی سال مالی منتهی به ۱۴۰۲_۱۲_۲۹ (حسابرسی شده)(اصلاحیه).xlsx,HTML_MISLABELED_XLSX,.xlsx,421817,55e5e4aebc5b56b2aacd9b1811ed5182257812c6a7ddd6f3b7476b5ac05b5cae,OK,,1978,PAYLOAD_SUBSTANTIVE,,سخزر,1402,1402/12/29,separate,audited,correction,NOT_DETECTED,,,,1402/12/29,HTML_TABLE_1!R1C2,,,,,,NO_AUDITOR_BLOCK_DETECTED,,,NO_AUDITOR_BLOCK_DETECTED,
اکسل های صورت مالی کل زیپ ۱۳۹۲-۱۴۰۲.zip,سخوز.zip,سخوز.zip!سخوز_۱۳۸۴_۰۶_۳۱_separate_ن-۱۰_صورتهای مالی سال مالی منتهی به ۱۳۸۴_۰۶_۳۱ (حسابرسی شده).xlsx,سخوز_۱۳۸۴_۰۶_۳۱_separate_ن-۱۰_صورتهای مالی سال مالی منتهی به ۱۳۸۴_۰۶_۳۱ (حسابرسی شده).xlsx,OLE2_LEGACY_EXCEL,.xlsx,54784,904f2f58f6b6e42e3e90d96b9e2676859c88ed1a47b9342e4f673128e95b3f52,OK,,533,PAYLOAD_SUBSTANTIVE,,سخوز,1384,1384/06/31,separate,audited,original,DETECTED,Sheet1,9,28,1384/06/31,Sheet1!R6C4,مشروط,STRUCTURED_FIELD_نظر_حسابرس,Sheet1!R14C23,Sheet1!R13C1,,,,,DATE_ANCHOR_IN_BLOCK_BUT_NO_PARSEABLE_DATE_ADJACENT,
اکسل های صورت مالی کل زیپ ۱۳۹۲-۱۴۰۲.zip,سخوز.zip,سخوز.zip!سخوز_۱۳۸۵_۰۶_۳۱_separate_ن-۱۰_صورتهای مالی سال مالی منتهی به ۱۳۸۵_۰۶_۳۱ (حسابرسی شده).xlsx,سخوز_۱۳۸۵_۰۶_۳۱_separate_ن-۱۰_صورتهای مالی سال مالی منتهی به ۱۳۸۵_۰۶_۳۱ (حسابرسی شده).xlsx,OLE2_LEGACY_EXCEL,.xlsx,54784,5ec297287d96f14d1f714f61c642d1946117f41834e185ff96c0a16cd83cc9d1,OK,,534,PAYLOAD_SUBSTANTIVE,,سخوز,1385,1385/06/31,separate,audited,original,DETECTED,Sheet1,9,28,1385/06/31,Sheet1!R6C4,مقبول,STRUCTURED_FIELD_نظر_حسابرس,Sheet1!R14C23,Sheet1!R13C1,,,,,DATE_ANCHOR_IN_BLOCK_BUT_NO_PARSEABLE_DATE_ADJACENT,
اکسل های صورت مالی کل زیپ ۱۳۹۲-۱۴۰۲.zip,سخوز.zip,سخوز.zip!سخوز_۱۳۸۶_۱۲_۲۹_separate_ن-۱۰_صورتهای مالی سال مالی منتهی به ۱۳۸۶_۱۲_۲۹ (حسابرسی شده).xlsx,سخوز_۱۳۸۶_۱۲_۲۹_separate_ن-۱۰_صورتهای مالی سال مالی منتهی به ۱۳۸۶_۱۲_۲۹ (حسابرسی شده).xlsx,OLE2_LEGACY_EXCEL,.xlsx,54784,e0126a60d3e3dc643b5a2f56ca7bbc629ecaad5d8dfcbddfd45f2922fc0eac0f,OK,,539,PAYLOAD_SUBSTANTIVE,,سخوز,1386,1386/12/29,separate,audited,original,DETECTED,Sheet1,9,28,1386/12/29,Sheet1!R6C4,مشروط,STRUCTURED_FIELD_نظر_حسابرس,Sheet1!R14C23,Sheet1!R13C1,,,,,DATE_ANCHOR_IN_BLOCK_BUT_NO_PARSEABLE_DATE_ADJACENT,
اکسل های صورت مالی کل زیپ ۱۳۹۲-۱۴۰۲.zip,سخوز.zip,سخوز.zip!سخوز_۱۳۸۷_۱۲_۳۰_separate_ن-۱۰_صورتهای مالی سال مالی منتهی به ۱۳۸۷_۱۲_۳۰ (حسابرسی شده).xlsx,سخوز_۱۳۸۷_۱۲_۳۰_separate_ن-۱۰_صورتهای مالی سال مالی منتهی به ۱۳۸۷_۱۲_۳۰ (حسابرسی شده).xlsx,OLE2_LEGACY_EXCEL,.xlsx,54784,323a5e16f5365df6724897dac10fea3ce05a4f187d0ce8975659df7c64ee1a17,OK,,539,PAYLOAD_SUBSTANTIVE,,سخوز,1387,1387/12/30,separate,audited,original,DETECTED,Sheet1,9,28,1387/12/30,Sheet1!R6C4,مقبول,STRUCTURED_FIELD_نظر_حسابرس,Sheet1!R14C23,Sheet1!R13C1,,,,,DATE_ANCHOR_IN_BLOCK_BUT_NO_PARSEABLE_DATE_ADJACENT,
اکسل های صورت مالی کل زیپ ۱۳۹۲-۱۴۰۲.zip,سخوز.zip,سخوز.zip!سخوز_۱۳۸۸_۱۲_۲۹_separate_ن-۱۰_صورتهای مالی سال مالی منتهی به ۱۳۸۸_۱۲_۲۹ (حسابرسی شده).xlsx,سخوز_۱۳۸۸_۱۲_۲۹_separate_ن-۱۰_صورتهای مالی سال مالی منتهی به ۱۳۸۸_۱۲_۲۹ (حسابرسی شده).xlsx,OLE2_LEGACY_EXCEL,.xlsx,55808,ef99c24ee923506015b84032e6a91d0ddb09c4ee904c6adf2a235b4e41db708c,OK,,549,PAYLOAD_SUBSTANTIVE,,سخوز,1388,1388/12/29,separate,audited,original,DETECTED,Sheet1,9,28,1388/12/29,Sheet1!R6C4,مشروط,STRUCTURED_FIELD_نظر_حسابرس,Sheet1!R14C23,Sheet1!R13C1,,,,,DATE_ANCHOR_IN_BLOCK_BUT_NO_PARSEABLE_DATE_ADJACENT,
اکسل های صورت مالی کل زیپ ۱۳۹۲-۱۴۰۲.zip,سخوز.zip,سخوز.zip!سخوز_۱۳۸۹_۱۲_۲۹_separate_ن-۱۰_صورتهای مالی سال مالی منتهی به ۱۳۸۹_۱۲_۲۹ (حسابرسی شده).xlsx,سخوز_۱۳۸۹_۱۲_۲۹_separate_ن-۱۰_صورتهای مالی سال مالی منتهی به ۱۳۸۹_۱۲_۲۹ (حسابرسی شده).xlsx,OLE2_LEGACY_EXCEL,.xlsx,55808,931db725c413fa5e7f4d1b7b3b5409cf3cd65a9b2ed665721d8483354ccbd56a,OK,,549,PAYLOAD_SUBSTANTIVE,,سخوز,1389,1389/12/29,separate,audited,original,DETECTED,Sheet1,9,28,1389/12/29,Sheet1!R6C4,مشروط,STRUCTURED_FIELD_نظر_حسابرس,Sheet1!R14C23,Sheet1!R13C1,,,,,DATE_ANCHOR_IN_BLOCK_BUT_NO_PARSEABLE_DATE_ADJACENT,
اکسل های صورت مالی کل زیپ ۱۳۹۲-۱۴۰۲.zip,سخوز.zip,سخوز.zip!سخوز_۱۳۹۰_۱۲_۲۹_separate_ن-۱۰_صورتهای مالی سال مالی منتهی به ۱۳۹۰_۱۲_۲۹ (حسابرسی شده).xlsx,سخوز_۱۳۹۰_۱۲_۲۹_separate_ن-۱۰_صورتهای مالی سال مالی منتهی به ۱۳۹۰_۱۲_۲۹ (حسابرسی شده).xlsx,OLE2_LEGACY_EXCEL,.xlsx,55808,3ef617e2d9307dc1dd18fea43fa255dc805d87d924c01da3ea6bd3bef4adddfe,OK,,547,PAYLOAD_SUBSTANTIVE,,سخوز,1390,1390/12/29,separate,audited,original,DETECTED,Sheet1,9,26,1390/12/29,Sheet1!R6C4,,,Sheet1!R20C14,,,NO_DECISIVE_OPINION_PARAGRAPH_IN_BLOCK;REFERRAL_TO_ATTACHMENT,1391/02/18,Sheet1!R23C23,ACCEPTED_NO_SIGNATURE_MARKER_NEARBY,
اکسل های صورت مالی کل زیپ ۱۳۹۲-۱۴۰۲.zip,سخوز.zip,سخوز.zip!سخوز_۱۳۹۱_۱۲_۳۰_separate_ن-۱۰_صورتهای مالی سال مالی منتهی به ۱۳۹۱_۱۲_۳۰ (حسابرسی شده).xlsx,سخوز_۱۳۹۱_۱۲_۳۰_separate_ن-۱۰_صورتهای مالی سال مالی منتهی به ۱۳۹۱_۱۲_۳۰ (حسابرسی شده).xlsx,OLE2_LEGACY_EXCEL,.xlsx,55808,2ebd41fcc85914138c9acffd3cb0f8e7458d9f1474cbe4064b2f8568e78ff9f5,OK,,547,PAYLOAD_SUBSTANTIVE,,سخوز,1391,1391/12/30,separate,audited,original,DETECTED,Sheet1,9,26,1391/12/30,Sheet1!R6C4,,,Sheet1!R20C14,,,NO_DECISIVE_OPINION_PARAGRAPH_IN_BLOCK;REFERRAL_TO_ATTACHMENT,1392/02/19,Sheet1!R23C23,ACCEPTED_NO_SIGNATURE_MARKER_NEARBY,
اکسل های صورت مالی کل زیپ ۱۳۹۲-۱۴۰۲.zip,سخوز.zip,سخوز.zip!سخوز_۱۳۹۲_۱۲_۲۹_separate_ن-۱۰_صورتهای مالی سال مالی منتهی به ۱۳۹۲_۱۲_۲۹ (حسابرسی شده).xlsx,سخوز_۱۳۹۲_۱۲_۲۹_separate_ن-۱۰_صورتهای مالی سال مالی منتهی به ۱۳۹۲_۱۲_۲۹ (حسابرسی شده).xlsx,OLE2_LEGACY_EXCEL,.xlsx,74240,130b0763084bb4c99cf31fc17b86ccc5ca8178ff93520fa550592958aeb26b47,OK,,568,PAYLOAD_SUBSTANTIVE,,سخوز,1392,1392/12/29,separate,audited,original,DETECTED,Sheet1,9,77,1392/12/29,Sheet1!R6C4,مشروط,QUALIFIED_FAIR_WITH_EXCEPTION|HEADING_CELL,Sheet1!R36C14,Sheet1!R37C2,,,1393/02/20,Sheet1!R69C23,,سیمان خوزستان
اکسل های صورت مالی کل زیپ ۱۳۹۲-۱۴۰۲.zip,سخوز.zip,سخوز.zip!سخوز_۱۳۹۲_۱۲_۲۹_separate_ن-۱۰_صورتهای مالی سال مالی منتهی به ۱۳۹۲_۱۲_۲۹ (حسابرسی شده)(اصلاحیه).xlsx,سخوز_۱۳۹۲_۱۲_۲۹_separate_ن-۱۰_صورتهای مالی سال مالی منتهی به ۱۳۹۲_۱۲_۲۹ (حسابرسی شده)(اصلاحیه).xlsx,OLE2_LEGACY_EXCEL,.xlsx,55808,b365567569209a5c278de1b1cd8932bc041261ec58ce36764e9e7c3807e7f579,OK,,547,PAYLOAD_SUBSTANTIVE,,سخوز,1392,1392/12/29,separate,audited,correction,DETECTED,Sheet1,9,26,1392/12/29,Sheet1!R6C4,,,Sheet1!R20C14,,,NO_DECISIVE_OPINION_PARAGRAPH_IN_BLOCK;REFERRAL_TO_ATTACHMENT,1393/02/20,Sheet1!R23C23,ACCEPTED_NO_SIGNATURE_MARKER_NEARBY,
اکسل های صورت مالی کل زیپ ۱۳۹۲-۱۴۰۲.zip,سخوز.zip,سخوز.zip!سخوز_۱۳۹۳_۱۲_۲۹_separate_ن-۱۰_صورتهای مالی سال مالی منتهی به ۱۳۹۳_۱۲_۲۹ (حسابرسی شده).xlsx,سخوز_۱۳۹۳_۱۲_۲۹_separate_ن-۱۰_صورتهای مالی سال مالی منتهی به ۱۳۹۳_۱۲_۲۹ (حسابرسی شده).xlsx,OLE2_LEGACY_EXCEL,.xlsx,78336,bd0be4f9d51b593d4f4af83c72d2f97cee1fa4d0d1adb6f678fe354305009f1e,OK,,721,PAYLOAD_SUBSTANTIVE,,سخوز,1393,1393/12/29,separate,audited,original,DETECTED,Sheet1,9,60,1393/12/29,Sheet1!R6C4,مشروط,QUALIFIED_FAIR_WITH_EXCEPTION|HEADING_CELL,Sheet1!R35C14,Sheet1!R36C2,,,1394/02/22,Sheet1!R52C23,,سیمان خوزستان
اکسل های صورت مالی کل زیپ ۱۳۹۲-۱۴۰۲.zip,سخوز.zip,سخوز.zip!سخوز_۱۳۹۴_۱۲_۲۹_separate_ن-۱۰_صورت‌های مالی سال مالی منتهی به ۱۳۹۴_۱۲_۲۹ (حسابرسی شده).xlsx,سخوز_۱۳۹۴_۱۲_۲۹_separate_ن-۱۰_صورت‌های مالی سال مالی منتهی به ۱۳۹۴_۱۲_۲۹ (حسابرسی شده).xlsx,OLE2_LEGACY_EXCEL,.xlsx,87040,5021e2d83c8723ea3a327d9bffbbe889f654652e5164787ec5a4c4fb992873e4,OK,,782,PAYLOAD_SUBSTANTIVE,,سخوز,1394,1394/12/29,separate,audited,original,DETECTED,Sheet1,9,60,1394/12/29,Sheet1!R6C4,مشروط,QUALIFIED_FAIR_WITH_EXCEPTION|HEADING_CELL,Sheet1!R37C14,Sheet1!R38C2,,,1395/02/20,Sheet1!R52C23,,سیمان خوزستان
اکسل های صورت مالی کل زیپ ۱۳۹۲-۱۴۰۲.zip,سخوز.zip,سخوز.zip!سخوز_۱۳۹۵_۱۲_۳۰_separate_ن-۱۰_صورت‌های مالی سال مالی منتهی به ۱۳۹۵_۱۲_۳۰ (حسابرسی شده).xlsx,سخوز_۱۳۹۵_۱۲_۳۰_separate_ن-۱۰_صورت‌های مالی سال مالی منتهی به ۱۳۹۵_۱۲_۳۰ (حسابرسی شده).xlsx,OLE2_LEGACY_EXCEL,.xlsx,85504,6a21a8bc7895e5e2a35553d9f63d64e58611e545f6b1f41e807de6a3304393ea,OK,,763,PAYLOAD_SUBSTANTIVE,,سخوز,1395,1395/12/30,separate,audited,original,DETECTED,Sheet1,11,67,1395/12/30,Sheet1!R8C4,مشروط,QUALIFIED_FAIR_WITH_EXCEPTION|HEADING_CELL,Sheet1!R39C12,Sheet1!R40C2,,,1396/02/27,Sheet1!R59C20,,سیمان خوزستان
اکسل های صورت مالی کل زیپ ۱۳۹۲-۱۴۰۲.zip,سخوز.zip,سخوز.zip!سخوز_۱۳۹۵_۱۲_۳۰_separate_ن-۱۰_صورت‌های مالی سال مالی منتهی به ۱۳۹۵_۱۲_۳۰ (حسابرسی شده)(اصلاحیه).xlsx,سخوز_۱۳۹۵_۱۲_۳۰_separate_ن-۱۰_صورت‌های مالی سال مالی منتهی به ۱۳۹۵_۱۲_۳۰ (حسابرسی شده)(اصلاحیه).xlsx,OLE2_LEGACY_EXCEL,.xlsx,85504,1fba046b8aa74ca115b9533f9c771b165163f3f8371615949648a0f3b4763409,OK,,763,PAYLOAD_SUBSTANTIVE,,سخوز,1395,1395/12/30,separate,audited,correction,DETECTED,Sheet1,11,67,1395/12/30,Sheet1!R8C4,مشروط,QUALIFIED_FAIR_WITH_EXCEPTION|HEADING_CELL,Sheet1!R39C12,Sheet1!R40C2,,,1396/02/27,Sheet1!R59C20,,سیمان خوزستان
اکسل های صورت مالی کل زیپ ۱۳۹۲-۱۴۰۲.zip,سخوز.zip,سخوز.zip!سخوز_۱۳۹۶_۱۲_۲۹_separate_ن-۱۰_صورت‌های مالی سال مالی منتهی به ۱۳۹۶_۱۲_۲۹ (حسابرسی شده).xlsx,سخوز_۱۳۹۶_۱۲_۲۹_separate_ن-۱۰_صورت‌های مالی سال مالی منتهی به ۱۳۹۶_۱۲_۲۹ (حسابرسی شده).xlsx,OLE2_LEGACY_EXCEL,.xlsx,78848,6b17d266355221d5b39535fd65c86626c64e48d34b65a7f068c7821e6a513d41,OK,,654,PAYLOAD_SUBSTANTIVE,,سخوز,1396,1396/12/29,separate,audited,original,DETECTED,Sheet1,11,66,1396/12/29,Sheet1!R8C4,مشروط,QUALIFIED_FAIR_WITH_EXCEPTION|HEADING_CELL,Sheet1!R37C12,Sheet1!R38C2,,,1397/02/26,Sheet1!R58C20,,سیمان خوزستان
اکسل های صورت مالی کل زیپ ۱۳۹۲-۱۴۰۲.zip,سخوز.zip,سخوز.zip!سخوز_۱۳۹۷_۱۲_۲۹_separate_ن-۱۰_صورت‌های مالی سال مالی منتهی به ۱۳۹۷_۱۲_۲۹ (حسابرسی شده).xlsx,سخوز_۱۳۹۷_۱۲_۲۹_separate_ن-۱۰_صورت‌های مالی سال مالی منتهی به ۱۳۹۷_۱۲_۲۹ (حسابرسی شده).xlsx,HTML_MISLABELED_XLSX,.xlsx,113490,03484fae882174da7d1ddc39e6033ee3d670650a14916b935f91880f6847585b,OK,,495,PAYLOAD_SUBSTANTIVE,,سخوز,1397,1397/12/29,separate,audited,original,NOT_DETECTED,,,,1397/12/29,HTML_TABLE_1!R1C2,,,,,,NO_AUDITOR_BLOCK_DETECTED,,,NO_AUDITOR_BLOCK_DETECTED,
اکسل های صورت مالی کل زیپ ۱۳۹۲-۱۴۰۲.zip,سخوز.zip,سخوز.zip!سخوز_۱۳۹۸_۱۲_۲۹_separate_ن-۱۰_صورت‌های مالی سال مالی منتهی به ۱۳۹۸_۱۲_۲۹ (حسابرسی شده).xlsx,سخوز_۱۳۹۸_۱۲_۲۹_separate_ن-۱۰_صورت‌های مالی سال مالی منتهی به ۱۳۹۸_۱۲_۲۹ (حسابرسی شده).xlsx,HTML_MISLABELED_XLSX,.xlsx,315541,225a7d1dbf5ebfe1ac9d200381ca0b2688c2b7c6568a952a7733e5aec4ab05fc,OK,,1514,PAYLOAD_SUBSTANTIVE,,سخوز,1398,1398/12/29,separate,audited,original,NOT_DETECTED,,,,1398/12/29,HTML_TABLE_1!R1C2,,,,,,NO_AUDITOR_BLOCK_DETECTED,,,NO_AUDITOR_BLOCK_DETECTED,
اکسل های صورت مالی کل زیپ ۱۳۹۲-۱۴۰۲.zip,سخوز.zip,سخوز.zip!سخوز_۱۳۹۹_۱۲_۳۰_consolidated_ن-۱۰_صورت‌های مالی تلفیقی سال مالی منتهی به ۱۳۹۹_۱۲_۳۰ (حسابرسی شده).xlsx,سخوز_۱۳۹۹_۱۲_۳۰_consolidated_ن-۱۰_صورت‌های مالی تلفیقی سال مالی منتهی به ۱۳۹۹_۱۲_۳۰ (حسابرسی شده).xlsx,HTML_MISLABELED_XLSX,.xlsx,498159,3058cf43d6604140bd9d318701427db4efda229afabe021eb8fd07984d17de3a,OK,,2363,PAYLOAD_SUBSTANTIVE,,سخوز,1399,1399/12/30,consolidated,audited,original,NOT_DETECTED,,,,1399/12/30,HTML_TABLE_1!R1C2,,,,,,NO_AUDITOR_BLOCK_DETECTED,,,NO_AUDITOR_BLOCK_DETECTED,
اکسل های صورت مالی کل زیپ ۱۳۹۲-۱۴۰۲.zip,سخوز.zip,سخوز.zip!سخوز_۱۴۰۰_۱۲_۲۹_consolidated_ن-۱۰_صورت‌های مالی تلفیقی سال مالی منتهی به ۱۴۰۰_۱۲_۲۹ (حسابرسی شده).xlsx,سخوز_۱۴۰۰_۱۲_۲۹_consolidated_ن-۱۰_صورت‌های مالی تلفیقی سال مالی منتهی به ۱۴۰۰_۱۲_۲۹ (حسابرسی شده).xlsx,HTML_MISLABELED_XLSX,.xlsx,572916,1d89191a7665af4cd5a21a51db2a0c5f425c363448a8ad031888b7e8df264980,OK,,2739,PAYLOAD_SUBSTANTIVE,,سخوز,1400,1400/12/29,consolidated,audited,original,NOT_DETECTED,,,,1400/12/29,HTML_TABLE_1!R1C2,,,,,,NO_AUDITOR_BLOCK_DETECTED,,,NO_AUDITOR_BLOCK_DETECTED,
اکسل های صورت مالی کل زیپ ۱۳۹۲-۱۴۰۲.zip,سخوز.zip,سخوز.zip!سخوز_۱۴۰۰_۱۲_۲۹_consolidated_ن-۱۰_صورت‌های مالی تلفیقی سال مالی منتهی به ۱۴۰۰_۱۲_۲۹ (حسابرسی شده)(اصلاحیه).xlsx,سخوز_۱۴۰۰_۱۲_۲۹_consolidated_ن-۱۰_صورت‌های مالی تلفیقی سال مالی منتهی به ۱۴۰۰_۱۲_۲۹ (حسابرسی شده)(اصلاحیه).xlsx,HTML_MISLABELED_XLSX,.xlsx,572804,7b303da9c4a9ab1a052eab27a065fd8be1f932e62fd7efac5d7e73984e2a2d4d,OK,,2739,PAYLOAD_SUBSTANTIVE,,سخوز,1400,1400/12/29,consolidated,audited,correction,NOT_DETECTED,,,,1400/12/29,HTML_TABLE_1!R1C2,,,,,,NO_AUDITOR_BLOCK_DETECTED,,,NO_AUDITOR_BLOCK_DETECTED,
اکسل های صورت مالی کل زیپ ۱۳۹۲-۱۴۰۲.zip,سخوز.zip,سخوز.zip!سخوز_۱۴۰۱_۱۲_۲۹_consolidated_ن-۱۰_صورت‌های مالی تلفیقی سال مالی منتهی به ۱۴۰۱_۱۲_۲۹ (حسابرسی شده).xlsx,سخوز_۱۴۰۱_۱۲_۲۹_consolidated_ن-۱۰_صورت‌های مالی تلفیقی سال مالی منتهی به ۱۴۰۱_۱۲_۲۹ (حسابرسی شده).xlsx,HTML_MISLABELED_XLSX,.xlsx,673603,3043f5db2a677dafea52322bc0356a001d2a0e6f53d20ee3243a001e6e60bb6f,OK,,3149,PAYLOAD_SUBSTANTIVE,,سخوز,1401,1401/12/29,consolidated,audited,original,NOT_DETECTED,,,,1401/12/29,HTML_TABLE_1!R1C2,,,,,,NO_AUDITOR_BLOCK_DETECTED,,,NO_AUDITOR_BLOCK_DETECTED,
اکسل های صورت مالی کل زیپ ۱۳۹۲-۱۴۰۲.zip,سخوز.zip,سخوز.zip!سخوز_۱۴۰۲_۱۲_۲۹_consolidated_ن-۱۰_صورت‌های مالی تلفیقی سال مالی منتهی به ۱۴۰۲_۱۲_۲۹ (حسابرسی شده).xlsx,سخوز_۱۴۰۲_۱۲_۲۹_consolidated_ن-۱۰_صورت‌های مالی تلفیقی سال مالی منتهی به ۱۴۰۲_۱۲_۲۹ (حسابرسی شده).xlsx,HTML_MISLABELED_XLSX,.xlsx,668629,a91a65c5dd24605b912dddf15a6a0dd1c79253d31b603bd058a69e8fdf8b2936,OK,,3109,PAYLOAD_SUBSTANTIVE,,سخوز,1402,1402/12/29,consolidated,audited,original,NOT_DETECTED,,,,1402/12/29,HTML_TABLE_1!R1C2,,,,,,NO_AUDITOR_BLOCK_DETECTED,,,NO_AUDITOR_BLOCK_DETECTED,
اکسل های صورت مالی کل زیپ ۱۳۹۲-۱۴۰۲.zip,سدشت.zip,سدشت.zip!سدشت_۱۳۹۲_۰۶_۳۱_separate_ن-۱۰_صورتهای مالی سال مالی منتهی به ۱۳۹۲_۰۶_۳۱ (حسابرسی شده).xlsx,سدشت_۱۳۹۲_۰۶_۳۱_separate_ن-۱۰_صورتهای مالی سال مالی منتهی به ۱۳۹۲_۰۶_۳۱ (حسابرسی شده).xlsx,OLE2_LEGACY_EXCEL,.xlsx,80384,d640f5dc658341909a17918e444a2f188916871a6044a26285e8f8cc9f0e9e9e,OK,,628,PAYLOAD_SUBSTANTIVE,,سدشت,1392,1392/06/31,separate,audited,original,DETECTED,Sheet1,9,76,1392/06/31,Sheet1!R6C4,مشروط,QUALIFIED_FAIR_WITH_EXCEPTION|HEADING_CELL,Sheet1!R32C14,Sheet1!R34C2,,,1392/09/20,Sheet1!R68C23,,صنایع سیمان دشتستان
اکسل های صورت مالی کل زیپ ۱۳۹۲-۱۴۰۲.zip,سدشت.zip,سدشت.zip!سدشت_۱۳۹۳_۰۶_۳۱_separate_ن-۱۰_صورتهای مالی سال مالی منتهی به ۱۳۹۳_۰۶_۳۱ (حسابرسی شده).xlsx,سدشت_۱۳۹۳_۰۶_۳۱_separate_ن-۱۰_صورتهای مالی سال مالی منتهی به ۱۳۹۳_۰۶_۳۱ (حسابرسی شده).xlsx,OLE2_LEGACY_EXCEL,.xlsx,77824,fda8e08dedc392d8c8a1f8d1eef0845796d0e51274a659cd2531f9839e98bbab,OK,,607,PAYLOAD_SUBSTANTIVE,,سدشت,1393,1393/06/31,separate,audited,original,DETECTED,Sheet1,9,78,1393/06/31,Sheet1!R6C4,مشروط,QUALIFIED_FAIR_WITH_EXCEPTION|HEADING_CELL,Sheet1!R36C14,Sheet1!R37C2,,,1393/09/11,Sheet1!R70C23,,صنایع سیمان دشتستان
اکسل های صورت مالی کل زیپ ۱۳۹۲-۱۴۰۲.zip,سدشت.zip,سدشت.zip!سدشت_۱۳۹۴_۰۶_۳۱_separate_ن-۱۰_صورت‌های مالی سال مالی منتهی به ۱۳۹۴_۰۶_۳۱ (حسابرسی شده).xlsx,سدشت_۱۳۹۴_۰۶_۳۱_separate_ن-۱۰_صورت‌های مالی سال مالی منتهی به ۱۳۹۴_۰۶_۳۱ (حسابرسی شده).xlsx,OLE2_LEGACY_EXCEL,.xlsx,76800,ef9be3c02e1faa0b2ef4b07b4533f1f1751a90f3a5d91f083b5b2c171d3ecbe2,OK,,633,PAYLOAD_SUBSTANTIVE,,سدشت,1394,1394/06/31,separate,audited,original,DETECTED,Sheet1,11,65,1394/06/31,Sheet1!R8C4,مقبول,UNQUALIFIED_FAIR_FORMULA|HEADING_CELL,Sheet1!R29C12,Sheet1!R30C2,,,1394/08/23,Sheet1!R56C20,,صنایع سیمان دشتستان
اکسل های صورت مالی کل زیپ ۱۳۹۲-۱۴۰۲.zip,سدشت.zip,سدشت.zip!سدشت_۱۳۹۵_۰۶_۳۱_consolidated_ن-۱۰_صورت‌های مالی تلفیقی سال مالی منتهی به ۱۳۹۵_۰۶_۳۱ (حسابرسی شده).xlsx,سدشت_۱۳۹۵_۰۶_۳۱_consolidated_ن-۱۰_صورت‌های مالی تلفیقی سال مالی منتهی به ۱۳۹۵_۰۶_۳۱ (حسابرسی شده).xlsx,OLE2_LEGACY_EXCEL,.xlsx,134144,6ef703b5edc351b66ab1257bb2e5f062c87b0dba784807fea923c20175190524,OK,,1421,PAYLOAD_SUBSTANTIVE,,سدشت,1395,1395/06/31,consolidated,audited,original,DETECTED,Sheet1,9,61,1395/06/31,Sheet1!R6C4,مقبول,UNQUALIFIED_FAIR_FORMULA|HEADING_CELL,Sheet1!R29C14,Sheet1!R30C2,,,1395/08/24,Sheet1!R53C23,,صنایع سیمان دشتستان
اکسل های صورت مالی کل زیپ ۱۳۹۲-۱۴۰۲.zip,سدشت.zip,سدشت.zip!سدشت_۱۳۹۵_۰۶_۳۱_consolidated_ن-۱۰_صورت‌های مالی تلفیقی سال مالی منتهی به ۱۳۹۵_۰۶_۳۱ (حسابرسی شده)(اصلاحیه).xlsx,سدشت_۱۳۹۵_۰۶_۳۱_consolidated_ن-۱۰_صورت‌های مالی تلفیقی سال مالی منتهی به ۱۳۹۵_۰۶_۳۱ (حسابرسی شده)(اصلاحیه).xlsx,OLE2_LEGACY_EXCEL,.xlsx,135168,5a2d838b24e4ae128768d4167a0195e084037d558a6b643cc4cc9157322ffb42,OK,,1421,PAYLOAD_SUBSTANTIVE,,سدشت,1395,1395/06/31,consolidated,audited,correction,DETECTED,Sheet1,9,64,1395/06/31,Sheet1!R6C4,مقبول,UNQUALIFIED_FAIR_FORMULA|HEADING_CELL,Sheet1!R29C14,Sheet1!R30C2,,,1395/08/24,Sheet1!R56C23,,صنایع سیمان دشتستان
اکسل های صورت مالی کل زیپ ۱۳۹۲-۱۴۰۲.zip,سدشت.zip,سدشت.zip!سدشت_۱۳۹۶_۰۶_۳۱_consolidated_ن-۱۰_صورت‌های مالی تلفیقی سال مالی منتهی به ۱۳۹۶_۰۶_۳۱ (حسابرسی شده).xlsx,سدشت_۱۳۹۶_۰۶_۳۱_consolidated_ن-۱۰_صورت‌های مالی تلفیقی سال مالی منتهی به ۱۳۹۶_۰۶_۳۱ (حسابرسی شده).xlsx,OLE2_LEGACY_EXCEL,.xlsx,130560,42ff414d623d15651f09b40311f1cd3a52e7a6520eaba87b5aa216e0213bf7ff,OK,,1430,PAYLOAD_SUBSTANTIVE,,سدشت,1396,1396/06/31,consolidated,audited,original,DETECTED,Sheet1,11,72,1396/06/31,Sheet1!R8C4,مشروط,QUALIFIED_FAIR_WITH_EXCEPTION|HEADING_CELL,Sheet1!R33C12,Sheet1!R35C2,,,1396/08/20,Sheet1!R63C20,,صنایع سیمان دشتستان
اکسل های صورت مالی کل زیپ ۱۳۹۲-۱۴۰۲.zip,سدشت.zip,سدشت.zip!سدشت_۱۳۹۷_۰۶_۳۱_consolidated_ن-۱۰_صورت‌های مالی تلفیقی سال مالی منتهی به ۱۳۹۷_۰۶_۳۱ (حسابرسی شده).xlsx,سدشت_۱۳۹۷_۰۶_۳۱_consolidated_ن-۱۰_صورت‌های مالی تلفیقی سال مالی منتهی به ۱۳۹۷_۰۶_۳۱ (حسابرسی شده).xlsx,HTML_MISLABELED_XLSX,.xlsx,235192,63c79a665edabceb18e2f35942eb8e1e783d40305b78986f4182037a7ea79d77,OK,,1045,PAYLOAD_SUBSTANTIVE,,سدشت,1397,1397/06/31,consolidated,audited,original,NOT_DETECTED,,,,1397/06/31,HTML_TABLE_1!R1C2,,,,,,NO_AUDITOR_BLOCK_DETECTED,,,NO_AUDITOR_BLOCK_DETECTED,
اکسل های صورت مالی کل زیپ ۱۳۹۲-۱۴۰۲.zip,سدشت.zip,سدشت.zip!سدشت_۱۳۹۸_۰۶_۳۱_consolidated_ن-۱۰_صورت‌های مالی تلفیقی سال مالی منتهی به ۱۳۹۸_۰۶_۳۱ (حسابرسی شده).xlsx,سدشت_۱۳۹۸_۰۶_۳۱_consolidated_ن-۱۰_صورت‌های مالی تلفیقی سال مالی منتهی به ۱۳۹۸_۰۶_۳۱ (حسابرسی شده).xlsx,HTML_MISLABELED_XLSX,.xlsx,5930,9f6cd4f36ced7e029f8def6dda2786c53e4f6079715cb9e330fe4601988732d7,OK,,1,PAYLOAD_NON_SUBSTANTIVE,ONLY_1_CELLS,سدشت,1398,1398/06/31,consolidated,audited,original,NOT_DETECTED,,,,,,,,,,,NO_AUDITOR_BLOCK_DETECTED,,,NO_AUDITOR_BLOCK_DETECTED,
اکسل های صورت مالی کل زیپ ۱۳۹۲-۱۴۰۲.zip,سدشت.zip,سدشت.zip!سدشت_۱۳۹۹_۰۶_۳۱_consolidated_ن-۱۰_صورت‌های مالی تلفیقی سال مالی منتهی به ۱۳۹۹_۰۶_۳۱ (حسابرسی شده).xlsx,سدشت_۱۳۹۹_۰۶_۳۱_consolidated_ن-۱۰_صورت‌های مالی تلفیقی سال مالی منتهی به ۱۳۹۹_۰۶_۳۱ (حسابرسی شده).xlsx,HTML_MISLABELED_XLSX,.xlsx,491007,94a425c5588215d5c97aa139231c6208962a8bff43774803e198b2681d0fa0ce,OK,,2296,PAYLOAD_SUBSTANTIVE,,سدشت,1399,1399/06/31,consolidated,audited,original,NOT_DETECTED,,,,1399/06/31,HTML_TABLE_1!R1C2,,,,,,NO_AUDITOR_BLOCK_DETECTED,,,NO_AUDITOR_BLOCK_DETECTED,سیمان مند دشتی
اکسل های صورت مالی کل زیپ ۱۳۹۲-۱۴۰۲.zip,سدشت.zip,سدشت.zip!سدشت_۱۴۰۰_۰۶_۳۱_consolidated_ن-۱۰_صورت‌های مالی تلفیقی سال مالی منتهی به ۱۴۰۰_۰۶_۳۱ (حسابرسی شده).xlsx,سدشت_۱۴۰۰_۰۶_۳۱_consolidated_ن-۱۰_صورت‌های مالی تلفیقی سال مالی منتهی به ۱۴۰۰_۰۶_۳۱ (حسابرسی شده).xlsx,HTML_MISLABELED_XLSX,.xlsx,563669,a309cc46aad0e19e4747e5d0516ace187c3290962d7920d357f289cb286757c6,OK,,2648,PAYLOAD_SUBSTANTIVE,,سدشت,1400,1400/06/31,consolidated,audited,original,NOT_DETECTED,,,,1400/06/31,HTML_TABLE_1!R1C2,,,,,,NO_AUDITOR_BLOCK_DETECTED,,,NO_AUDITOR_BLOCK_DETECTED,
اکسل های صورت مالی کل زیپ ۱۳۹۲-۱۴۰۲.zip,سدشت.zip,سدشت.zip!سدشت_۱۴۰۱_۰۶_۳۱_consolidated_ن-۱۰_صورت‌های مالی تلفیقی سال مالی منتهی به ۱۴۰۱_۰۶_۳۱ (حسابرسی شده).xlsx,سدشت_۱۴۰۱_۰۶_۳۱_consolidated_ن-۱۰_صورت‌های مالی تلفیقی سال مالی منتهی به ۱۴۰۱_۰۶_۳۱ (حسابرسی شده).xlsx,HTML_MISLABELED_XLSX,.xlsx,575357,3df8c942d99eb8d8b4ea39b02a0996374a9e86922184205d5a28c0fa80f6deb9,OK,,2658,PAYLOAD_SUBSTANTIVE,,سدشت,1401,1401/06/31,consolidated,audited,original,NOT_DETECTED,,,,1401/06/31,HTML_TABLE_1!R1C2,,,,,,NO_AUDITOR_BLOCK_DETECTED,,,NO_AUDITOR_BLOCK_DETECTED,
اکسل های صورت مالی کل زیپ ۱۳۹۲-۱۴۰۲.zip,سدشت.zip,سدشت.zip!سدشت_۱۴۰۲_۰۶_۳۱_consolidated_ن-۱۰_صورت‌های مالی تلفیقی سال مالی منتهی به ۱۴۰۲_۰۶_۳۱ (حسابرسی شده).xlsx,سدشت_۱۴۰۲_۰۶_۳۱_consolidated_ن-۱۰_صورت‌های مالی تلفیقی سال مالی منتهی به ۱۴۰۲_۰۶_۳۱ (حسابرسی شده).xlsx,HTML_MISLABELED_XLSX,.xlsx,645868,7ae651f19bfd68ebe1e716c378cacf8538e4785f397df76533be7ea04a46f390,OK,,2931,PAYLOAD_SUBSTANTIVE,,سدشت,1402,1402/06/31,consolidated,audited,original,NOT_DETECTED,,,,1402/06/31,HTML_TABLE_1!R1C2,,,,,,NO_AUDITOR_BLOCK_DETECTED,,,NO_AUDITOR_BLOCK_DETECTED,
اکسل های صورت مالی کل زیپ ۱۳۹۲-۱۴۰۲.zip,سدشت.zip,سدشت.zip!سدشت_۱۴۰۳_۰۶_۳۱_consolidated_ن-۱۰_صورت‌های مالی تلفیقی سال مالی منتهی به ۱۴۰۳_۰۶_۳۱ (حسابرسی شده).xlsx,سدشت_۱۴۰۳_۰۶_۳۱_consolidated_ن-۱۰_صورت‌های مالی تلفیقی سال مالی منتهی به ۱۴۰۳_۰۶_۳۱ (حسابرسی شده).xlsx,HTML_MISLABELED_XLSX,.xlsx,648250,81c5b1b551114d7b30e19aa5c47b89604ad6294c62fe140b2612ba7b707ebde6,OK,,2949,PAYLOAD_SUBSTANTIVE,,سدشت,1403,1403/06/31,consolidated,audited,original,NOT_DETECTED,,,,1403/06/31,HTML_TABLE_1!R1C2,,,,,,NO_AUDITOR_BLOCK_DETECTED,,,NO_AUDITOR_BLOCK_DETECTED,
اکسل های صورت مالی کل زیپ ۱۳۹۲-۱۴۰۲.zip,سدور.zip,سدور.zip!سدور_۱۳۸۱_۰۷_۳۰_separate_ن-۱۰_صورتهای مالی سال مالی منتهی به ۱۳۸۱_۰۷_۳۰ (حسابرسی شده).xlsx,سدور_۱۳۸۱_۰۷_۳۰_separate_ن-۱۰_صورتهای مالی سال مالی منتهی به ۱۳۸۱_۰۷_۳۰ (حسابرسی شده).xlsx,OLE2_LEGACY_EXCEL,.xlsx,58880,97e9c63992e7f87a1b0e3262b84484ffaddc42958544197a040e6f091e6d417c,OK,,607,PAYLOAD_SUBSTANTIVE,,سدور,1381,1381/07/30,separate,audited,original,DETECTED,Sheet1,9,28,1381/07/30,Sheet1!R6C4,مشروط,STRUCTURED_FIELD_نظر_حسابرس,Sheet1!R14C23,Sheet1!R13C1,,,,,DATE_ANCHOR_IN_BLOCK_BUT_NO_PARSEABLE_DATE_ADJACENT,
اکسل های صورت مالی کل زیپ ۱۳۹۲-۱۴۰۲.zip,سدور.zip,سدور.zip!سدور_۱۳۸۲_۰۷_۳۰_separate_ن-۱۰_صورتهای مالی سال مالی منتهی به ۱۳۸۲_۰۷_۳۰ (حسابرسی شده).xlsx,سدور_۱۳۸۲_۰۷_۳۰_separate_ن-۱۰_صورتهای مالی سال مالی منتهی به ۱۳۸۲_۰۷_۳۰ (حسابرسی شده).xlsx,OLE2_LEGACY_EXCEL,.xlsx,57856,953c71abd5b16dc4f9cfaa9305607c422b622498ebd932e7a0f6d3af778ea06b,OK,,580,PAYLOAD_SUBSTANTIVE,,سدور,1382,1382/07/30,separate,audited,original,DETECTED,Sheet1,9,28,1382/07/30,Sheet1!R6C4,مشروط,STRUCTURED_FIELD_نظر_حسابرس,Sheet1!R14C23,Sheet1!R13C1,,,,,DATE_ANCHOR_IN_BLOCK_BUT_NO_PARSEABLE_DATE_ADJACENT,
اکسل های صورت مالی کل زیپ ۱۳۹۲-۱۴۰۲.zip,سدور.zip,سدور.zip!سدور_۱۳۸۳_۰۷_۳۰_separate_ن-۱۰_صورتهای مالی سال مالی منتهی به ۱۳۸۳_۰۷_۳۰ (حسابرسی شده).xlsx,سدور_۱۳۸۳_۰۷_۳۰_separate_ن-۱۰_صورتهای مالی سال مالی منتهی به ۱۳۸۳_۰۷_۳۰ (حسابرسی شده).xlsx,OLE2_LEGACY_EXCEL,.xlsx,60928,fc30040ddbd843cf8874deff7ee1564d365d92c06cc2935df15eb4af230a3965,OK,,636,PAYLOAD_SUBSTANTIVE,,سدور,1383,1383/07/30,separate,audited,original,DETECTED,Sheet1,9,28,1383/07/30,Sheet1!R6C4,مشروط,STRUCTURED_FIELD_نظر_حسابرس,Sheet1!R14C23,Sheet1!R13C1,,,,,DATE_ANCHOR_IN_BLOCK_BUT_NO_PARSEABLE_DATE_ADJACENT,
اکسل های صورت مالی کل زیپ ۱۳۹۲-۱۴۰۲.zip,سدور.zip,سدور.zip!سدور_۱۳۸۵_۰۶_۳۱_separate_ن-۱۰_صورتهای مالی سال مالی منتهی به ۱۳۸۵_۰۶_۳۱ (حسابرسی شده).xlsx,سدور_۱۳۸۵_۰۶_۳۱_separate_ن-۱۰_صورتهای مالی سال مالی منتهی به ۱۳۸۵_۰۶_۳۱ (حسابرسی شده).xlsx,OLE2_LEGACY_EXCEL,.xlsx,57856,d37c821fa9a5a58e2d34ed892f4c09b60f63b17225d8de888a0b4e05ccf48074,OK,,580,PAYLOAD_SUBSTANTIVE,,سدور,1385,1385/06/31,separate,audited,original,DETECTED,Sheet1,9,28,1385/06/31,Sheet1!R6C4,مشروط,STRUCTURED_FIELD_نظر_حسابرس,Sheet1!R14C23,Sheet1!R13C1,,,,,DATE_ANCHOR_IN_BLOCK_BUT_NO_PARSEABLE_DATE_ADJACENT,
اکسل های صورت مالی کل زیپ ۱۳۹۲-۱۴۰۲.zip,سدور.zip,سدور.zip!سدور_۱۳۸۶_۱۲_۲۹_separate_ن-۱۰_صورتهای مالی سال مالی منتهی به ۱۳۸۶_۱۲_۲۹ (حسابرسی شده).xlsx,سدور_۱۳۸۶_۱۲_۲۹_separate_ن-۱۰_صورتهای مالی سال مالی منتهی به ۱۳۸۶_۱۲_۲۹ (حسابرسی شده).xlsx,OLE2_LEGACY_EXCEL,.xlsx,58368,a082bfb7e0ca198507c9b36ba34fc5098fe808378d9500fe0e0bafa9e7e06ff0,OK,,597,PAYLOAD_SUBSTANTIVE,,سدور,1386,1386/12/29,separate,audited,original,DETECTED,Sheet1,9,28,1386/12/29,Sheet1!R6C4,مقبول,STRUCTURED_FIELD_نظر_حسابرس,Sheet1!R14C23,Sheet1!R13C1,,,,,DATE_ANCHOR_IN_BLOCK_BUT_NO_PARSEABLE_DATE_ADJACENT,
اکسل های صورت مالی کل زیپ ۱۳۹۲-۱۴۰۲.zip,سدور.zip,سدور.zip!سدور_۱۳۸۷_۱۲_۳۰_separate_ن-۱۰_صورتهای مالی سال مالی منتهی به ۱۳۸۷_۱۲_۳۰ (حسابرسی شده).xlsx,سدور_۱۳۸۷_۱۲_۳۰_separate_ن-۱۰_صورتهای مالی سال مالی منتهی به ۱۳۸۷_۱۲_۳۰ (حسابرسی شده).xlsx,OLE2_LEGACY_EXCEL,.xlsx,60928,4afdec53f6fe386b2cdc4aee82b881f0796cea6f5f231455bd018ca153b8c123,OK,,630,PAYLOAD_SUBSTANTIVE,,سدور,1387,1387/12/30,separate,audited,original,DETECTED,Sheet1,9,28,1387/12/30,Sheet1!R6C4,مشروط,STRUCTURED_FIELD_نظر_حسابرس,Sheet1!R14C23,Sheet1!R13C1,,,,,DATE_ANCHOR_IN_BLOCK_BUT_NO_PARSEABLE_DATE_ADJACENT,
اکسل های صورت مالی کل زیپ ۱۳۹۲-۱۴۰۲.zip,سدور.zip,سدور.zip!سدور_۱۳۹۱_۱۲_۳۰_separate_ن-۱۰_صورتهای مالی سال مالی منتهی به ۱۳۹۱_۱۲_۳۰ (حسابرسی شده).xlsx,سدور_۱۳۹۱_۱۲_۳۰_separate_ن-۱۰_صورتهای مالی سال مالی منتهی به ۱۳۹۱_۱۲_۳۰ (حسابرسی شده).xlsx,OLE2_LEGACY_EXCEL,.xlsx,68608,55a8ff90d594aadb46b81e3b841fda793256f3b2f5686f9044bda76bae8c9593,OK,,530,PAYLOAD_SUBSTANTIVE,,سدور,1391,1391/12/30,separate,audited,original,DETECTED,Sheet1,9,71,1391/12/30,Sheet1!R6C4,مشروط,QUALIFIED_FAIR_WITH_EXCEPTION|HEADING_CELL,Sheet1!R35C14,Sheet1!R36C2,,,1392/02/04,Sheet1!R64C23,,سیمان دورود
اکسل های صورت مالی کل زیپ ۱۳۹۲-۱۴۰۲.zip,سدور.zip,سدور.zip!سدور_۱۳۹۲_۱۲_۲۹_separate_ن-۱۰_صورتهای مالی سال مالی منتهی به ۱۳۹۲_۱۲_۲۹ (حسابرسی شده).xlsx,سدور_۱۳۹۲_۱۲_۲۹_separate_ن-۱۰_صورتهای مالی سال مالی منتهی به ۱۳۹۲_۱۲_۲۹ (حسابرسی شده).xlsx,OLE2_LEGACY_EXCEL,.xlsx,77312,78ad6c4dda439cb6c11ec60040fdbe7ba4ee26f2b2f6265e99f80d16d03162c6,OK,,635,PAYLOAD_SUBSTANTIVE,,سدور,1392,1392/12/29,separate,audited,original,DETECTED,Sheet1,9,74,1392/12/29,Sheet1!R6C4,مقبول,UNQUALIFIED_FAIR_FORMULA|HEADING_CELL,Sheet1!R28C14,Sheet1!R29C2,,,1393/02/01,Sheet1!R66C23,,سیمان دورود
اکسل های صورت مالی کل زیپ ۱۳۹۲-۱۴۰۲.zip,سدور.zip,سدور.zip!سدور_۱۳۹۳_۱۲_۲۹_separate_ن-۱۰_صورتهای مالی سال مالی منتهی به ۱۳۹۳_۱۲_۲۹ (حسابرسی شده).xlsx,سدور_۱۳۹۳_۱۲_۲۹_separate_ن-۱۰_صورتهای مالی سال مالی منتهی به ۱۳۹۳_۱۲_۲۹ (حسابرسی شده).xlsx,OLE2_LEGACY_EXCEL,.xlsx,84992,6a0ffe45361a96ee94b4ef284cd71c7c2833b2a4fd34ff1233bffc1fcd07fd9e,OK,,697,PAYLOAD_SUBSTANTIVE,,سدور,1393,1393/12/29,separate,audited,original,DETECTED,Sheet1,9,79,1393/12/29,Sheet1!R6C4,مقبول,UNQUALIFIED_FAIR_FORMULA|HEADING_CELL,Sheet1!R28C14,Sheet1!R29C2,,,1394/02/23,Sheet1!R71C23,,سیمان دورود
اکسل های صورت مالی کل زیپ ۱۳۹۲-۱۴۰۲.zip,سدور.zip,سدور.zip!سدور_۱۳۹۴_۱۲_۲۹_separate_ن-۱۰_صورت‌های مالی سال مالی منتهی به ۱۳۹۴_۱۲_۲۹ (حسابرسی شده).xlsx,سدور_۱۳۹۴_۱۲_۲۹_separate_ن-۱۰_صورت‌های مالی سال مالی منتهی به ۱۳۹۴_۱۲_۲۹ (حسابرسی شده).xlsx,OLE2_LEGACY_EXCEL,.xlsx,90624,b8290946344c0ff2b557328b3f7429d24bf206446ecc7960a565fed1f1af7a26,OK,,746,PAYLOAD_SUBSTANTIVE,,سدور,1394,1394/12/29,separate,audited,original,DETECTED,Sheet1,9,82,1394/12/29,Sheet1!R6C4,مشروط,QUALIFIED_FAIR_WITH_EXCEPTION|HEADING_CELL,Sheet1!R31C14,Sheet1!R32C2,,,1395/02/20,Sheet1!R74C23,,سیمان دورود
اکسل های صورت مالی کل زیپ ۱۳۹۲-۱۴۰۲.zip,سدور.zip,سدور.zip!سدور_۱۳۹۵_۱۲_۳۰_separate_ن-۱۰_صورت‌های مالی سال مالی منتهی به ۱۳۹۵_۱۲_۳۰ (حسابرسی شده).xlsx,سدور_۱۳۹۵_۱۲_۳۰_separate_ن-۱۰_صورت‌های مالی سال مالی منتهی به ۱۳۹۵_۱۲_۳۰ (حسابرسی شده).xlsx,OLE2_LEGACY_EXCEL,.xlsx,89600,c69cc349edf257001037c22e93f701b4049852c2c6cfc74e4dd27aa00d548453,OK,,741,PAYLOAD_SUBSTANTIVE,,سدور,1395,1395/12/30,separate,audited,original,DETECTED,Sheet1,11,92,1395/12/30,Sheet1!R8C4,مشروط,QUALIFIED_FAIR_WITH_EXCEPTION|HEADING_CELL,Sheet1!R47C12,Sheet1!R48C2,,,1396/02/24,Sheet1!R84C20,,سیمان دورود
اکسل های صورت مالی کل زیپ ۱۳۹۲-۱۴۰۲.zip,سدور.zip,سدور.zip!سدور_۱۳۹۶_۱۲_۲۹_separate_ن-۱۰_صورت‌های مالی سال مالی منتهی به ۱۳۹۶_۱۲_۲۹ (حسابرسی شده).xlsx,سدور_۱۳۹۶_۱۲_۲۹_separate_ن-۱۰_صورت‌های مالی سال مالی منتهی به ۱۳۹۶_۱۲_۲۹ (حسابرسی شده).xlsx,OLE2_LEGACY_EXCEL,.xlsx,91648,7bdf42ce65f924a5102aec0e026d8fd367ba2e126ae91052c30220170da7b2ef,OK,,721,PAYLOAD_SUBSTANTIVE,,سدور,1396,1396/12/29,separate,audited,original,DETECTED,Sheet1,11,93,1396/12/29,Sheet1!R8C4,مشروط,QUALIFIED_FAIR_WITH_EXCEPTION|HEADING_CELL,Sheet1!R47C12,Sheet1!R48C2,,,1397/02/23,Sheet1!R84C20,,سیمان دورود
اکسل های صورت مالی کل زیپ ۱۳۹۲-۱۴۰۲.zip,سدور.zip,سدور.zip!سدور_۱۳۹۶_۱۲_۲۹_separate_ن-۱۰_صورت‌های مالی سال مالی منتهی به ۱۳۹۶_۱۲_۲۹ (حسابرسی شده)(اصلاحیه).xlsx,سدور_۱۳۹۶_۱۲_۲۹_separate_ن-۱۰_صورت‌های مالی سال مالی منتهی به ۱۳۹۶_۱۲_۲۹ (حسابرسی شده)(اصلاحیه).xlsx,OLE2_LEGACY_EXCEL,.xlsx,92160,7b49a8defe2843e427181948de5eb0f9fab3bfce505242abb7964c33e7670597,OK,,721,PAYLOAD_SUBSTANTIVE,,سدور,1396,1396/12/29,separate,audited,correction,DETECTED,Sheet1,11,93,1396/12/29,Sheet1!R8C4,مشروط,QUALIFIED_FAIR_WITH_EXCEPTION|HEADING_CELL,Sheet1!R47C12,Sheet1!R48C2,,,1397/02/23,Sheet1!R84C20,,سیمان دورود
اکسل های صورت مالی کل زیپ ۱۳۹۲-۱۴۰۲.zip,سدور.zip,سدور.zip!سدور_۱۳۹۷_۱۲_۲۹_separate_ن-۱۰_صورت‌های مالی سال مالی منتهی به ۱۳۹۷_۱۲_۲۹ (حسابرسی شده).xlsx,سدور_۱۳۹۷_۱۲_۲۹_separate_ن-۱۰_صورت‌های مالی سال مالی منتهی به ۱۳۹۷_۱۲_۲۹ (حسابرسی شده).xlsx,HTML_MISLABELED_XLSX,.xlsx,113665,432e248cf49c657fc894f7a308b6858650b752012870427ee6f04f68989bc23a,OK,,495,PAYLOAD_SUBSTANTIVE,,سدور,1397,1397/12/29,separate,audited,original,NOT_DETECTED,,,,1397/12/29,HTML_TABLE_1!R1C2,,,,,,NO_AUDITOR_BLOCK_DETECTED,,,NO_AUDITOR_BLOCK_DETECTED,
اکسل های صورت مالی کل زیپ ۱۳۹۲-۱۴۰۲.zip,سدور.zip,سدور.zip!سدور_۱۳۹۸_۱۲_۲۹_separate_ن-۱۰_صورت‌های مالی سال مالی منتهی به ۱۳۹۸_۱۲_۲۹ (حسابرسی شده).xlsx,سدور_۱۳۹۸_۱۲_۲۹_separate_ن-۱۰_صورت‌های مالی سال مالی منتهی به ۱۳۹۸_۱۲_۲۹ (حسابرسی شده).xlsx,HTML_MISLABELED_XLSX,.xlsx,342295,8ef5715e6e3fd91b294302dcd6941edb881c0d602125026e3b8ee0b1e5021a0c,OK,,1673,PAYLOAD_SUBSTANTIVE,,سدور,1398,1398/12/29,separate,audited,original,NOT_DETECTED,,,,1398/12/29,HTML_TABLE_1!R1C3,,,,,,NO_AUDITOR_BLOCK_DETECTED,,,NO_AUDITOR_BLOCK_DETECTED,
اکسل های صورت مالی کل زیپ ۱۳۹۲-۱۴۰۲.zip,سدور.zip,سدور.zip!سدور_۱۳۹۸_۱۲_۲۹_separate_ن-۱۰_صورت‌های مالی سال مالی منتهی به ۱۳۹۸_۱۲_۲۹ (حسابرسی شده)(اصلاحیه).xlsx,سدور_۱۳۹۸_۱۲_۲۹_separate_ن-۱۰_صورت‌های مالی سال مالی منتهی به ۱۳۹۸_۱۲_۲۹ (حسابرسی شده)(اصلاحیه).xlsx,HTML_MISLABELED_XLSX,.xlsx,324002,bd366e987d93a3789bdc0eb183e9d211155d08e40d7f81c78beec70ffe69c954,OK,,1573,PAYLOAD_SUBSTANTIVE,,سدور,1398,1398/12/29,separate,audited,correction,NOT_DETECTED,,,,1398/12/29,HTML_TABLE_1!R1C2,,,,,,NO_AUDITOR_BLOCK_DETECTED,,,NO_AUDITOR_BLOCK_DETECTED,
اکسل های صورت مالی کل زیپ ۱۳۹۲-۱۴۰۲.zip,سدور.zip,سدور.zip!سدور_۱۳۹۹_۱۲_۳۰_separate_ن-۱۰_صورت‌های مالی سال مالی منتهی به ۱۳۹۹_۱۲_۳۰ (حسابرسی شده).xlsx,سدور_۱۳۹۹_۱۲_۳۰_separate_ن-۱۰_صورت‌های مالی سال مالی منتهی به ۱۳۹۹_۱۲_۳۰ (حسابرسی شده).xlsx,HTML_MISLABELED_XLSX,.xlsx,323076,9c4e2701e2bda5d864c4fc61187663d1b83a4a99bd169c02155ea442a9a5730b,OK,,1562,PAYLOAD_SUBSTANTIVE,,سدور,1399,1399/12/30,separate,audited,original,NOT_DETECTED,,,,1399/12/30,HTML_TABLE_1!R1C2,,,,,,NO_AUDITOR_BLOCK_DETECTED,,,NO_AUDITOR_BLOCK_DETECTED,
اکسل های صورت مالی کل زیپ ۱۳۹۲-۱۴۰۲.zip,سدور.zip,سدور.zip!سدور_۱۴۰۰_۱۲_۲۹_separate_ن-۱۰_صورت‌های مالی سال مالی منتهی به ۱۴۰۰_۱۲_۲۹ (حسابرسی شده).xlsx,سدور_۱۴۰۰_۱۲_۲۹_separate_ن-۱۰_صورت‌های مالی سال مالی منتهی به ۱۴۰۰_۱۲_۲۹ (حسابرسی شده).xlsx,HTML_MISLABELED_XLSX,.xlsx,411969,0305bd129d06d32148a841e61c29f06d66977de97b3406283a6c02538a707abc,OK,,2008,PAYLOAD_SUBSTANTIVE,,سدور,1400,1400/12/29,separate,audited,original,NOT_DETECTED,,,,1400/12/29,HTML_TABLE_1!R1C2,,,,,,NO_AUDITOR_BLOCK_DETECTED,,,NO_AUDITOR_BLOCK_DETECTED,
اکسل های صورت مالی کل زیپ ۱۳۹۲-۱۴۰۲.zip,سدور.zip,سدور.zip!سدور_۱۴۰۱_۱۲_۲۹_separate_ن-۱۰_صورت‌های مالی سال مالی منتهی به ۱۴۰۱_۱۲_۲۹ (حسابرسی شده).xlsx,سدور_۱۴۰۱_۱۲_۲۹_separate_ن-۱۰_صورت‌های مالی سال مالی منتهی به ۱۴۰۱_۱۲_۲۹ (حسابرسی شده).xlsx,HTML_MISLABELED_XLSX,.xlsx,451870,7a283382e9839e9ed220cc168e1a0ab9160b202c8215b2c77541563616f4eea7,OK,,2220,PAYLOAD_SUBSTANTIVE,,سدور,1401,1401/12/29,separate,audited,original,NOT_DETECTED,,,,1401/12/29,HTML_TABLE_1!R1C2,,,,,,NO_AUDITOR_BLOCK_DETECTED,,,NO_AUDITOR_BLOCK_DETECTED,
اکسل های صورت مالی کل زیپ ۱۳۹۲-۱۴۰۲.zip,سدور.zip,سدور.zip!سدور_۱۴۰۲_۱۲_۲۹_separate_ن-۱۰_صورت‌های مالی سال مالی منتهی به ۱۴۰۲_۱۲_۲۹ (حسابرسی شده).xlsx,سدور_۱۴۰۲_۱۲_۲۹_separate_ن-۱۰_صورت‌های مالی سال مالی منتهی به ۱۴۰۲_۱۲_۲۹ (حسابرسی شده).xlsx,HTML_MISLABELED_XLSX,.xlsx,449164,6ba7c1309e76d92b4e702554051ef668e7d944d0cdacfa63dcc68556fae190c9,OK,,2194,PAYLOAD_SUBSTANTIVE,,سدور,1402,1402/12/29,separate,audited,original,NOT_DETECTED,,,,1402/12/29,HTML_TABLE_1!R1C2,,,,,,NO_AUDITOR_BLOCK_DETECTED,,,NO_AUDITOR_BLOCK_DETECTED,
اکسل های صورت مالی کل زیپ ۱۳۹۲-۱۴۰۲.zip,سرود.zip,سرود.zip!سرود_۱۳۹۱_۱۲_۳۰_separate_ن-۱۰_صورتهای مالی سال مالی منتهی به ۱۳۹۱_۱۲_۳۰ (حسابرسی شده).xlsx,سرود_۱۳۹۱_۱۲_۳۰_separate_ن-۱۰_صورتهای مالی سال مالی منتهی به ۱۳۹۱_۱۲_۳۰ (حسابرسی شده).xlsx,OLE2_LEGACY_EXCEL,.xlsx,72192,50c2d9baf112a27d817167d5e46a6f52a42242fc9aadf57bd5ebde76616b9b7a,OK,,557,PAYLOAD_SUBSTANTIVE,,سرود,1391,1391/12/30,separate,audited,original,DETECTED,Sheet1,9,74,1391/12/30,Sheet1!R6C4,مقبول,UNQUALIFIED_FAIR_FORMULA|HEADING_CELL,Sheet1!R28C14,Sheet1!R29C2,,,1392/03/26,Sheet1!R67C23,,سیمان شاهرود
اکسل های صورت مالی کل زیپ ۱۳۹۲-۱۴۰۲.zip,سرود.zip,سرود.zip!سرود_۱۳۹۲_۱۲_۲۹_separate_ن-۱۰_صورتهای مالی سال مالی منتهی به ۱۳۹۲_۱۲_۲۹ (حسابرسی شده).xlsx,سرود_۱۳۹۲_۱۲_۲۹_separate_ن-۱۰_صورتهای مالی سال مالی منتهی به ۱۳۹۲_۱۲_۲۹ (حسابرسی شده).xlsx,OLE2_LEGACY_EXCEL,.xlsx,78336,a58d2ef6d88ccd09f419f3d3ff9559dd6f2c0382881dafccba9b0dd6801b03de,OK,,673,PAYLOAD_SUBSTANTIVE,,سرود,1392,1392/12/29,separate,audited,original,DETECTED,Sheet1,9,67,1392/12/29,Sheet1!R6C4,مقبول,UNQUALIFIED_FAIR_FORMULA|HEADING_CELL,Sheet1!R26C14,Sheet1!R27C2,,,1393/02/09,Sheet1!R59C23,,سیمان شاهرود
اکسل های صورت مالی کل زیپ ۱۳۹۲-۱۴۰۲.zip,سرود.zip,سرود.zip!سرود_۱۳۹۳_۱۲_۲۹_separate_ن-۱۰_صورتهای مالی سال مالی منتهی به ۱۳۹۳_۱۲_۲۹ (حسابرسی شده).xlsx,سرود_۱۳۹۳_۱۲_۲۹_separate_ن-۱۰_صورتهای مالی سال مالی منتهی به ۱۳۹۳_۱۲_۲۹ (حسابرسی شده).xlsx,OLE2_LEGACY_EXCEL,.xlsx,78848,47763e789d305fd883bc770bff08c531f5ada31ae0764cf8901dff060205028a,OK,,703,PAYLOAD_SUBSTANTIVE,,سرود,1393,1393/12/29,separate,audited,original,DETECTED,Sheet1,9,59,1393/12/29,Sheet1!R6C4,مقبول,UNQUALIFIED_FAIR_FORMULA|HEADING_CELL,Sheet1!R28C14,Sheet1!R29C2,,,1393/02/09,Sheet1!R50C23,,سیمان شاهرود
اکسل های صورت مالی کل زیپ ۱۳۹۲-۱۴۰۲.zip,سرود.zip,سرود.zip!سرود_۱۳۹۴_۱۲_۲۹_separate_ن-۱۰_صورت‌های مالی سال مالی منتهی به ۱۳۹۴_۱۲_۲۹ (حسابرسی شده).xlsx,سرود_۱۳۹۴_۱۲_۲۹_separate_ن-۱۰_صورت‌های مالی سال مالی منتهی به ۱۳۹۴_۱۲_۲۹ (حسابرسی شده).xlsx,OLE2_LEGACY_EXCEL,.xlsx,78848,42dfcb3599246e2dc932d9f93b3a583172e31433129f4d9cb391d992ea143730,OK,,662,PAYLOAD_SUBSTANTIVE,,سرود,1394,1394/12/29,separate,audited,original,DETECTED,Sheet1,9,57,1394/12/29,Sheet1!R6C4,مقبول,UNQUALIFIED_FAIR_FORMULA|HEADING_CELL,Sheet1!R28C14,Sheet1!R29C2,,,1395/02/23,Sheet1!R49C23,,سیمان شاهرود
اکسل های صورت مالی کل زیپ ۱۳۹۲-۱۴۰۲.zip,سرود.zip,سرود.zip!سرود_۱۳۹۵_۱۲_۳۰_separate_ن-۱۰_صورت‌های مالی سال مالی منتهی به ۱۳۹۵_۱۲_۳۰ (حسابرسی شده).xlsx,سرود_۱۳۹۵_۱۲_۳۰_separate_ن-۱۰_صورت‌های مالی سال مالی منتهی به ۱۳۹۵_۱۲_۳۰ (حسابرسی شده).xlsx,OLE2_LEGACY_EXCEL,.xlsx,74752,e1cc7a85e35124b4bf46a9ef4b4c09452a5d6a1bfb740930040dd9023f125201,OK,,661,PAYLOAD_SUBSTANTIVE,,سرود,1395,1395/12/30,separate,audited,original,DETECTED,Sheet1,11,55,1395/12/30,Sheet1!R8C4,مقبول,UNQUALIFIED_FAIR_FORMULA|HEADING_CELL,Sheet1!R29C12,Sheet1!R30C2,,,1396/02/20,Sheet1!R47C20,,سیمان شاهرود
اکسل های صورت مالی کل زیپ ۱۳۹۲-۱۴۰۲.zip,سرود.zip,سرود.zip!سرود_۱۳۹۶_۱۲_۲۹_separate_ن-۱۰_صورت‌های مالی سال مالی منتهی به ۱۳۹۶_۱۲_۲۹ (حسابرسی شده).xlsx,سرود_۱۳۹۶_۱۲_۲۹_separate_ن-۱۰_صورت‌های مالی سال مالی منتهی به ۱۳۹۶_۱۲_۲۹ (حسابرسی شده).xlsx,OLE2_LEGACY_EXCEL,.xlsx,76288,8df997a40534e48921215de7ef832570cd3955b0bc7a6eb4b815ab67c9b1ea84,OK,,662,PAYLOAD_SUBSTANTIVE,,سرود,1396,1396/12/29,separate,audited,original,DETECTED,Sheet1,11,57,1396/12/29,Sheet1!R8C4,مقبول,UNQUALIFIED_FAIR_FORMULA|HEADING_CELL,Sheet1!R29C12,Sheet1!R30C2,,,1397/02/19,Sheet1!R49C20,,سیمان شاهرود
اکسل های صورت مالی کل زیپ ۱۳۹۲-۱۴۰۲.zip,سرود.zip,سرود.zip!سرود_۱۳۹۷_۱۲_۲۹_separate_ن-۱۰_صورت‌های مالی سال مالی منتهی به ۱۳۹۷_۱۲_۲۹ (حسابرسی شده).xlsx,سرود_۱۳۹۷_۱۲_۲۹_separate_ن-۱۰_صورت‌های مالی سال مالی منتهی به ۱۳۹۷_۱۲_۲۹ (حسابرسی شده).xlsx,HTML_MISLABELED_XLSX,.xlsx,114151,d09229a02b12f399fb7464f83615e1939e83c2dcb40f3db7fa4af233676de91d,OK,,495,PAYLOAD_SUBSTANTIVE,,سرود,1397,1397/12/29,separate,audited,original,NOT_DETECTED,,,,1397/12/29,HTML_TABLE_1!R1C2,,,,,,NO_AUDITOR_BLOCK_DETECTED,,,NO_AUDITOR_BLOCK_DETECTED,
اکسل های صورت مالی کل زیپ ۱۳۹۲-۱۴۰۲.zip,سرود.zip,سرود.zip!سرود_۱۳۹۸_۱۲_۲۹_separate_ن-۱۰_صورت‌های مالی سال مالی منتهی به ۱۳۹۸_۱۲_۲۹ (حسابرسی شده).xlsx,سرود_۱۳۹۸_۱۲_۲۹_separate_ن-۱۰_صورت‌های مالی سال مالی منتهی به ۱۳۹۸_۱۲_۲۹ (حسابرسی شده).xlsx,HTML_MISLABELED_XLSX,.xlsx,297158,149adda36ebf31a93f47af949f21154992612e6e39f867a7c51df9326debcf6c,OK,,1391,PAYLOAD_SUBSTANTIVE,,سرود,1398,1398/12/29,separate,audited,original,NOT_DETECTED,,,,1398/12/29,HTML_TABLE_1!R1C2,,,,,,NO_AUDITOR_BLOCK_DETECTED,,,NO_AUDITOR_BLOCK_DETECTED,
اکسل های صورت مالی کل زیپ ۱۳۹۲-۱۴۰۲.zip,سرود.zip,سرود.zip!سرود_۱۳۹۹_۱۲_۳۰_separate_ن-۱۰_صورت‌های مالی سال مالی منتهی به ۱۳۹۹_۱۲_۳۰ (حسابرسی شده).xlsx,سرود_۱۳۹۹_۱۲_۳۰_separate_ن-۱۰_صورت‌های مالی سال مالی منتهی به ۱۳۹۹_۱۲_۳۰ (حسابرسی شده).xlsx,HTML_MISLABELED_XLSX,.xlsx,296411,ebcd2863653fef371a5759acdd04c93e6bec168807551570cea682c1c181c04a,OK,,1388,PAYLOAD_SUBSTANTIVE,,سرود,1399,1399/12/30,separate,audited,original,NOT_DETECTED,,,,1399/12/30,HTML_TABLE_1!R1C2,,,,,,NO_AUDITOR_BLOCK_DETECTED,,,NO_AUDITOR_BLOCK_DETECTED,
اکسل های صورت مالی کل زیپ ۱۳۹۲-۱۴۰۲.zip,سرود.zip,سرود.zip!سرود_۱۴۰۰_۱۲_۲۹_separate_ن-۱۰_صورت‌های مالی سال مالی منتهی به ۱۴۰۰_۱۲_۲۹ (حسابرسی شده).xlsx,سرود_۱۴۰۰_۱۲_۲۹_separate_ن-۱۰_صورت‌های مالی سال مالی منتهی به ۱۴۰۰_۱۲_۲۹ (حسابرسی شده).xlsx,HTML_MISLABELED_XLSX,.xlsx,363549,76e4e0310367b64cd0184b42f4ddfe4305ed8693ee0dd31e675f87ae14dad4cb,OK,,1672,PAYLOAD_SUBSTANTIVE,,سرود,1400,1400/12/29,separate,audited,original,NOT_DETECTED,,,,1400/12/29,HTML_TABLE_1!R1C2,,,,,,NO_AUDITOR_BLOCK_DETECTED,,,NO_AUDITOR_BLOCK_DETECTED,
اکسل های صورت مالی کل زیپ ۱۳۹۲-۱۴۰۲.zip,سرود.zip,سرود.zip!سرود_۱۴۰۱_۱۲_۲۹_separate_ن-۱۰_صورت‌های مالی سال مالی منتهی به ۱۴۰۱_۱۲_۲۹ (حسابرسی شده).xlsx,سرود_۱۴۰۱_۱۲_۲۹_separate_ن-۱۰_صورت‌های مالی سال مالی منتهی به ۱۴۰۱_۱۲_۲۹ (حسابرسی شده).xlsx,HTML_MISLABELED_XLSX,.xlsx,418656,03e19c83904cbb22c798d9a8557f6466d6e42fb89b54aa580c420ed7426b5d68,OK,,1974,PAYLOAD_SUBSTANTIVE,,سرود,1401,1401/12/29,separate,audited,original,NOT_DETECTED,,,,1401/12/29,HTML_TABLE_1!R1C2,,,,,,NO_AUDITOR_BLOCK_DETECTED,,,NO_AUDITOR_BLOCK_DETECTED,
اکسل های صورت مالی کل زیپ ۱۳۹۲-۱۴۰۲.zip,سرود.zip,سرود.zip!سرود_۱۴۰۲_۱۲_۲۹_consolidated_ن-۱۰_صورت‌های مالی تلفیقی سال مالی منتهی به ۱۴۰۲_۱۲_۲۹ (حسابرسی شده).xlsx,سرود_۱۴۰۲_۱۲_۲۹_consolidated_ن-۱۰_صورت‌های مالی تلفیقی سال مالی منتهی به ۱۴۰۲_۱۲_۲۹ (حسابرسی شده).xlsx,HTML_MISLABELED_XLSX,.xlsx,466856,09eb49b81fe4b1d0f8fa930c5bc7853ac04112a9f725a1dad62c5da18293ab60,OK,,2012,PAYLOAD_SUBSTANTIVE,,سرود,1402,1402/12/29,consolidated,audited,original,NOT_DETECTED,,,,1402/12/29,HTML_TABLE_1!R1C2,,,,,,NO_AUDITOR_BLOCK_DETECTED,,,NO_AUDITOR_BLOCK_DETECTED,
اکسل های صورت مالی کل زیپ ۱۳۹۲-۱۴۰۲.zip,سشرق.zip,سشرق.zip!سشرق_۱۳۹۲_۰۶_۳۱_separate_ن-۱۰_صورتهای مالی سال مالی منتهی به ۱۳۹۲_۰۶_۳۱ (حسابرسی شده).xlsx,سشرق_۱۳۹۲_۰۶_۳۱_separate_ن-۱۰_صورتهای مالی سال مالی منتهی به ۱۳۹۲_۰۶_۳۱ (حسابرسی شده).xlsx,OLE2_LEGACY_EXCEL,.xlsx,80384,905958d59ebb65e260f99fb129ce1f14b123e6e845396291f57bdc62d6765d1e,OK,,687,PAYLOAD_SUBSTANTIVE,,سشرق,1392,1392/06/31,separate,audited,original,DETECTED,Sheet1,9,83,1392/06/31,Sheet1!R6C4,مقبول,UNQUALIFIED_FAIR_FORMULA|HEADING_CELL,Sheet1!R31C14,Sheet1!R33C2,,,1392/07/20,Sheet1!R75C23,,سیمان شرق
اکسل های صورت مالی کل زیپ ۱۳۹۲-۱۴۰۲.zip,سشرق.zip,سشرق.zip!سشرق_۱۳۹۳_۰۶_۳۱_separate_ن-۱۰_صورتهای مالی سال مالی منتهی به ۱۳۹۳_۰۶_۳۱ (حسابرسی شده).xlsx,سشرق_۱۳۹۳_۰۶_۳۱_separate_ن-۱۰_صورتهای مالی سال مالی منتهی به ۱۳۹۳_۰۶_۳۱ (حسابرسی شده).xlsx,OLE2_LEGACY_EXCEL,.xlsx,77824,7fa375145d65fa1a180019631e875eaba8d1748f244b7a6d53c0e234a333de35,OK,,604,PAYLOAD_SUBSTANTIVE,,سشرق,1393,1393/06/31,separate,audited,original,DETECTED,Sheet1,9,73,1393/06/31,Sheet1!R6C4,مقبول,UNQUALIFIED_FAIR_FORMULA|HEADING_CELL,Sheet1!R28C14,Sheet1!R29C2,,,1393/07/23,Sheet1!R65C23,,سیمان شرق
اکسل های صورت مالی کل زیپ ۱۳۹۲-۱۴۰۲.zip,سشرق.zip,سشرق.zip!سشرق_۱۳۹۴_۰۶_۳۱_separate_ن-۱۰_صورت‌های مالی سال مالی منتهی به ۱۳۹۴_۰۶_۳۱ (حسابرسی شده).xlsx,سشرق_۱۳۹۴_۰۶_۳۱_separate_ن-۱۰_صورت‌های مالی سال مالی منتهی به ۱۳۹۴_۰۶_۳۱ (حسابرسی شده).xlsx,OLE2_LEGACY_EXCEL,.xlsx,77312,0a4f5c674f33891ba3c918af4ce8ea0ba591c7ff45d44e76c1942f59b8807b96,OK,,598,PAYLOAD_SUBSTANTIVE,,سشرق,1394,1394/06/31,separate,audited,original,DETECTED,Sheet1,9,75,1394/06/31,Sheet1!R6C4,مشروط,QUALIFIED_FAIR_WITH_EXCEPTION|HEADING_CELL,Sheet1!R32C14,Sheet1!R34C2,,,1394/08/25,Sheet1!R67C23,,سیمان شرق
اکسل های صورت مالی کل زیپ ۱۳۹۲-۱۴۰۲.zip,سشرق.zip,سشرق.zip!سشرق_۱۳۹۵_۰۶_۳۱_separate_ن-۱۰_صورت‌های مالی سال مالی منتهی به ۱۳۹۵_۰۶_۳۱ (حسابرسی شده).xlsx,سشرق_۱۳۹۵_۰۶_۳۱_separate_ن-۱۰_صورت‌های مالی سال مالی منتهی به ۱۳۹۵_۰۶_۳۱ (حسابرسی شده).xlsx,OLE2_LEGACY_EXCEL,.xlsx,83968,77ae70563a2e6e9c5cd7725fcee09095080857ea5a5764371e8799f07329cf95,OK,,643,PAYLOAD_SUBSTANTIVE,,سشرق,1395,1395/06/31,separate,audited,original,DETECTED,Sheet1,9,75,1395/06/31,Sheet1!R6C4,مقبول,UNQUALIFIED_FAIR_FORMULA|HEADING_CELL,Sheet1!R28C14,Sheet1!R29C2,,,1395/09/28,Sheet1!R66C23,,سیمان شرق
اکسل های صورت مالی کل زیپ ۱۳۹۲-۱۴۰۲.zip,سشرق.zip,سشرق.zip!سشرق_۱۳۹۶_۰۶_۳۱_consolidated_ن-۱۰_صورت‌های مالی تلفیقی سال مالی منتهی به ۱۳۹۶_۰۶_۳۱ (حسابرسی شده).xlsx,سشرق_۱۳۹۶_۰۶_۳۱_consolidated_ن-۱۰_صورت‌های مالی تلفیقی سال مالی منتهی به ۱۳۹۶_۰۶_۳۱ (حسابرسی شده).xlsx,OLE2_LEGACY_EXCEL,.xlsx,128000,17598903e49957774b9d81f1ca4618c75b9b7a681426318cb2ebcbf5c5d39c81,OK,,1415,PAYLOAD_SUBSTANTIVE,,سشرق,1396,1396/06/31,consolidated,audited,original,DETECTED,Sheet1,11,60,1396/06/31,Sheet1!R8C4,مقبول,UNQUALIFIED_FAIR_FORMULA|HEADING_CELL,Sheet1!R28C12,Sheet1!R29C2,,,1396/08/20,Sheet1!R48C20,,سیمان شرق
اکسل های صورت مالی کل زیپ ۱۳۹۲-۱۴۰۲.zip,سشرق.zip,سشرق.zip!سشرق_۱۳۹۷_۰۶_۳۱_consolidated_ن-۱۰_صورت‌های مالی تلفیقی سال مالی منتهی به ۱۳۹۷_۰۶_۳۱ (حسابرسی شده).xlsx,سشرق_۱۳۹۷_۰۶_۳۱_consolidated_ن-۱۰_صورت‌های مالی تلفیقی سال مالی منتهی به ۱۳۹۷_۰۶_۳۱ (حسابرسی شده).xlsx,HTML_MISLABELED_XLSX,.xlsx,236631,17649eca0aef17cb7e378d6dc53e0ddff4569764e1a4b0af3bcd5f5db9b8a29b,OK,,1045,PAYLOAD_SUBSTANTIVE,,سشرق,1397,1397/06/31,consolidated,audited,original,NOT_DETECTED,,,,1397/06/31,HTML_TABLE_1!R1C2,,,,,,NO_AUDITOR_BLOCK_DETECTED,,,NO_AUDITOR_BLOCK_DETECTED,
اکسل های صورت مالی کل زیپ ۱۳۹۲-۱۴۰۲.zip,سشرق.zip,سشرق.zip!سشرق_۱۳۹۸_۰۶_۳۱_consolidated_ن-۱۰_صورت‌های مالی تلفیقی سال مالی منتهی به ۱۳۹۸_۰۶_۳۱ (حسابرسی شده).xlsx,سشرق_۱۳۹۸_۰۶_۳۱_consolidated_ن-۱۰_صورت‌های مالی تلفیقی سال مالی منتهی به ۱۳۹۸_۰۶_۳۱ (حسابرسی شده).xlsx,HTML_MISLABELED_XLSX,.xlsx,324861,b85483b4f39c0b7813736c158e8d9e89312c9a226c2da36faab67382ce22c04f,OK,,1490,PAYLOAD_SUBSTANTIVE,,سشرق,1398,1398/06/31,consolidated,audited,original,NOT_DETECTED,,,,1398/06/31,HTML_TABLE_1!R1C2,,,,,,NO_AUDITOR_BLOCK_DETECTED,,,NO_AUDITOR_BLOCK_DETECTED,
اکسل های صورت مالی کل زیپ ۱۳۹۲-۱۴۰۲.zip,سشرق.zip,سشرق.zip!سشرق_۱۳۹۹_۰۶_۳۱_consolidated_ن-۱۰_صورت‌های مالی تلفیقی سال مالی منتهی به ۱۳۹۹_۰۶_۳۱ (حسابرسی شده).xlsx,سشرق_۱۳۹۹_۰۶_۳۱_consolidated_ن-۱۰_صورت‌های مالی تلفیقی سال مالی منتهی به ۱۳۹۹_۰۶_۳۱ (حسابرسی شده).xlsx,HTML_MISLABELED_XLSX,.xlsx,516822,9b9ba79b0878f55bb6f11cfb5d60e128429dedbe87be192abfcd0c022a4c032f,OK,,2489,PAYLOAD_SUBSTANTIVE,,سشرق,1399,1399/06/31,consolidated,audited,original,NOT_DETECTED,,,,1399/06/31,HTML_TABLE_1!R1C2,,,,,,NO_AUDITOR_BLOCK_DETECTED,,,NO_AUDITOR_BLOCK_DETECTED,
اکسل های صورت مالی کل زیپ ۱۳۹۲-۱۴۰۲.zip,سشرق.zip,سشرق.zip!سشرق_۱۴۰۰_۰۶_۳۱_consolidated_ن-۱۰_صورت‌های مالی تلفیقی سال مالی منتهی به ۱۴۰۰_۰۶_۳۱ (حسابرسی شده).xlsx,سشرق_۱۴۰۰_۰۶_۳۱_consolidated_ن-۱۰_صورت‌های مالی تلفیقی سال مالی منتهی به ۱۴۰۰_۰۶_۳۱ (حسابرسی شده).xlsx,HTML_MISLABELED_XLSX,.xlsx,590507,ffee7a85cec5898b85ee5b0f9a14e41c08ed9cf59fed2775da26d8c73b8b2d3f,OK,,2861,PAYLOAD_SUBSTANTIVE,,سشرق,1400,1400/06/31,consolidated,audited,original,NOT_DETECTED,,,,1400/06/31,HTML_TABLE_1!R1C2,,,,,,NO_AUDITOR_BLOCK_DETECTED,,,NO_AUDITOR_BLOCK_DETECTED,
اکسل های صورت مالی کل زیپ ۱۳۹۲-۱۴۰۲.zip,سشرق.zip,سشرق.zip!سشرق_۱۴۰۱_۰۶_۳۱_consolidated_ن-۱۰_صورت‌های مالی تلفیقی سال مالی منتهی به ۱۴۰۱_۰۶_۳۱ (حسابرسی شده).xlsx,سشرق_۱۴۰۱_۰۶_۳۱_consolidated_ن-۱۰_صورت‌های مالی تلفیقی سال مالی منتهی به ۱۴۰۱_۰۶_۳۱ (حسابرسی شده).xlsx,HTML_MISLABELED_XLSX,.xlsx,595330,5f0615c95241e818b28261def44cbdf1f7bf921ddf1f9584833c3085486eddf2,OK,,2819,PAYLOAD_SUBSTANTIVE,,سشرق,1401,1401/06/31,consolidated,audited,original,NOT_DETECTED,,,,1401/06/31,HTML_TABLE_1!R1C2,,,,,,NO_AUDITOR_BLOCK_DETECTED,,,NO_AUDITOR_BLOCK_DETECTED,
اکسل های صورت مالی کل زیپ ۱۳۹۲-۱۴۰۲.zip,سشرق.zip,سشرق.zip!سشرق_۱۴۰۲_۰۶_۳۱_consolidated_ن-۱۰_صورت‌های مالی تلفیقی سال مالی منتهی به ۱۴۰۲_۰۶_۳۱ (حسابرسی شده).xlsx,سشرق_۱۴۰۲_۰۶_۳۱_consolidated_ن-۱۰_صورت‌های مالی تلفیقی سال مالی منتهی به ۱۴۰۲_۰۶_۳۱ (حسابرسی شده).xlsx,HTML_MISLABELED_XLSX,.xlsx,671740,2c4b9715779f645dc7fb82e81ef97669f617675361430728cf688275d8629be2,OK,,3126,PAYLOAD_SUBSTANTIVE,,سشرق,1402,1402/06/31,consolidated,audited,original,NOT_DETECTED,,,,1402/06/31,HTML_TABLE_1!R1C2,,,,,,NO_AUDITOR_BLOCK_DETECTED,,,NO_AUDITOR_BLOCK_DETECTED,
اکسل های صورت مالی کل زیپ ۱۳۹۲-۱۴۰۲.zip,سشرق.zip,سشرق.zip!سشرق_۱۴۰۳_۰۶_۳۱_consolidated_ن-۱۰_صورت‌های مالی تلفیقی سال مالی منتهی به ۱۴۰۳_۰۶_۳۱ (حسابرسی شده).xlsx,سشرق_۱۴۰۳_۰۶_۳۱_consolidated_ن-۱۰_صورت‌های مالی تلفیقی سال مالی منتهی به ۱۴۰۳_۰۶_۳۱ (حسابرسی شده).xlsx,HTML_MISLABELED_XLSX,.xlsx,670875,007f2dca7937ccacfc7b0a933057435a58ef558272a65fb6e873e795fbf7a3ac,OK,,3123,PAYLOAD_SUBSTANTIVE,,سشرق,1403,1403/06/31,consolidated,audited,original,NOT_DETECTED,,,,1403/06/31,HTML_TABLE_1!R1C2,,,,,,NO_AUDITOR_BLOCK_DETECTED,,,NO_AUDITOR_BLOCK_DETECTED,بین المللی هلدینگ جان و مدیر حسابرسی هلدینگ سیمان غدیر
اکسل های صورت مالی کل زیپ ۱۳۹۲-۱۴۰۲.zip,سصفها.zip,سصفها.zip!سصفها_۱۳۹۱_۱۲_۳۰_separate_ن-۱۰_صورتهای مالی سال مالی منتهی به ۱۳۹۱_۱۲_۳۰ (حسابرسی شده).xlsx,سصفها_۱۳۹۱_۱۲_۳۰_separate_ن-۱۰_صورتهای مالی سال مالی منتهی به ۱۳۹۱_۱۲_۳۰ (حسابرسی شده).xlsx,OLE2_LEGACY_EXCEL,.xlsx,69120,6deb2986c2c79b15d08548dc976bc5b0f24a1284beea72d3aa739487e54ec883,OK,,593,PAYLOAD_SUBSTANTIVE,,سصفها,1391,1391/12/30,separate,audited,original,DETECTED,Sheet1,9,83,1391/12/30,Sheet1!R6C4,مقبول,UNQUALIFIED_FAIR_FORMULA|HEADING_CELL,Sheet1!R28C14,Sheet1!R29C2,,,1392/03/22,Sheet1!R75C23,,
اکسل های صورت مالی کل زیپ ۱۳۹۲-۱۴۰۲.zip,سصفها.zip,سصفها.zip!سصفها_۱۳۹۲_۱۲_۲۹_separate_ن-۱۰_صورتهای مالی سال مالی منتهی به ۱۳۹۲_۱۲_۲۹ (حسابرسی شده).xlsx,سصفها_۱۳۹۲_۱۲_۲۹_separate_ن-۱۰_صورتهای مالی سال مالی منتهی به ۱۳۹۲_۱۲_۲۹ (حسابرسی شده).xlsx,OLE2_LEGACY_EXCEL,.xlsx,81920,8776af668c1d1ebc2d557ccfb3f2467cc5aa1cd588278544602943d33057037f,OK,,694,PAYLOAD_SUBSTANTIVE,,سصفها,1392,1392/12/29,separate,audited,original,DETECTED,Sheet1,9,74,1392/12/29,Sheet1!R6C4,مقبول,UNQUALIFIED_FAIR_FORMULA|HEADING_CELL,Sheet1!R28C14,Sheet1!R29C2,,,1393/03/19,Sheet1!R65C23,,
اکسل های صورت مالی کل زیپ ۱۳۹۲-۱۴۰۲.zip,سصفها.zip,سصفها.zip!سصفها_۱۳۹۳_۱۲_۲۹_separate_ن-۱۰_صورتهای مالی سال مالی منتهی به ۱۳۹۳_۱۲_۲۹ (حسابرسی شده).xlsx,سصفها_۱۳۹۳_۱۲_۲۹_separate_ن-۱۰_صورتهای مالی سال مالی منتهی به ۱۳۹۳_۱۲_۲۹ (حسابرسی شده).xlsx,OLE2_LEGACY_EXCEL,.xlsx,81408,47c075f96a91e34c4c5e8a6f628f5eaf8c132ed2c65ad20b0e79c2decc5c9c48,OK,,716,PAYLOAD_SUBSTANTIVE,,سصفها,1393,1393/12/29,separate,audited,original,DETECTED,Sheet1,9,67,1393/12/29,Sheet1!R6C4,مقبول,UNQUALIFIED_FAIR_FORMULA|HEADING_CELL,Sheet1!R27C14,Sheet1!R28C2,,,1394/03/12,Sheet1!R59C23,,
اکسل های صورت مالی کل زیپ ۱۳۹۲-۱۴۰۲.zip,سصفها.zip,سصفها.zip!سصفها_۱۳۹۴_۱۲_۲۹_separate_ن-۱۰_صورت‌های مالی سال مالی منتهی به ۱۳۹۴_۱۲_۲۹ (حسابرسی شده).xlsx,سصفها_۱۳۹۴_۱۲_۲۹_separate_ن-۱۰_صورت‌های مالی سال مالی منتهی به ۱۳۹۴_۱۲_۲۹ (حسابرسی شده).xlsx,OLE2_LEGACY_EXCEL,.xlsx,91648,886cb852f29b4a47ebfb5c6c1d4b34d43fb50a6f242cc9ec2e1645b48d544d16,OK,,772,PAYLOAD_SUBSTANTIVE,,سصفها,1394,1394/12/29,separate,audited,original,DETECTED,Sheet1,9,73,1394/12/29,Sheet1!R6C4,مقبول,UNQUALIFIED_FAIR_FORMULA|HEADING_CELL,Sheet1!R28C14,Sheet1!R29C2,,,1395/04/19,Sheet1!R65C23,,
اکسل های صورت مالی کل زیپ ۱۳۹۲-۱۴۰۲.zip,سصفها.zip,سصفها.zip!سصفها_۱۳۹۵_۱۲_۳۰_separate_ن-۱۰_صورت‌های مالی سال مالی منتهی به ۱۳۹۵_۱۲_۳۰ (حسابرسی شده).xlsx,سصفها_۱۳۹۵_۱۲_۳۰_separate_ن-۱۰_صورت‌های مالی سال مالی منتهی به ۱۳۹۵_۱۲_۳۰ (حسابرسی شده).xlsx,OLE2_LEGACY_EXCEL,.xlsx,87040,23bb674e0d2c846098b639d640c86314773e1b3dc3c382463713e0aa399b1c2e,OK,,776,PAYLOAD_SUBSTANTIVE,,سصفها,1395,1395/12/30,separate,audited,original,DETECTED,Sheet1,11,69,1395/12/30,Sheet1!R8C4,مقبول,UNQUALIFIED_FAIR_FORMULA|HEADING_CELL,Sheet1!R29C12,Sheet1!R30C2,,,1396/03/21,Sheet1!R60C20,,
اکسل های صورت مالی کل زیپ ۱۳۹۲-۱۴۰۲.zip,سصفها.zip,سصفها.zip!سصفها_۱۳۹۶_۱۲_۲۹_separate_ن-۱۰_صورت‌های مالی سال مالی منتهی به ۱۳۹۶_۱۲_۲۹ (حسابرسی شده).xlsx,سصفها_۱۳۹۶_۱۲_۲۹_separate_ن-۱۰_صورت‌های مالی سال مالی منتهی به ۱۳۹۶_۱۲_۲۹ (حسابرسی شده).xlsx,OLE2_LEGACY_EXCEL,.xlsx,91136,8ba0a8e8f5e764fc08d70879c3c29288d1dbe9f02c6d7c4e63d1d8b268b21693,OK,,770,PAYLOAD_SUBSTANTIVE,,سصفها,1396,1396/12/29,separate,audited,original,DETECTED,Sheet1,11,81,1396/12/29,Sheet1!R8C4,مقبول,UNQUALIFIED_FAIR_FORMULA|HEADING_CELL,Sheet1!R29C12,Sheet1!R30C2,,,1397/04/12,Sheet1!R72C20,,
اکسل های صورت مالی کل زیپ ۱۳۹۲-۱۴۰۲.zip,سصفها.zip,سصفها.zip!سصفها_۱۳۹۷_۱۲_۲۹_separate_ن-۱۰_صورت‌های مالی سال مالی منتهی به ۱۳۹۷_۱۲_۲۹ (حسابرسی شده).xlsx,سصفها_۱۳۹۷_۱۲_۲۹_separate_ن-۱۰_صورت‌های مالی سال مالی منتهی به ۱۳۹۷_۱۲_۲۹ (حسابرسی شده).xlsx,HTML_MISLABELED_XLSX,.xlsx,113447,de339816f8dc51cc6234c118156507409a2460db1605a61fbccb871c019b9663,OK,,495,PAYLOAD_SUBSTANTIVE,,سصفها,1397,1397/12/29,separate,audited,original,NOT_DETECTED,,,,1397/12/29,HTML_TABLE_1!R1C2,,,,,,NO_AUDITOR_BLOCK_DETECTED,,,NO_AUDITOR_BLOCK_DETECTED,
اکسل های صورت مالی کل زیپ ۱۳۹۲-۱۴۰۲.zip,سصفها.zip,سصفها.zip!سصفها_۱۳۹۸_۱۲_۲۹_separate_ن-۱۰_صورت‌های مالی سال مالی منتهی به ۱۳۹۸_۱۲_۲۹ (حسابرسی شده).xlsx,سصفها_۱۳۹۸_۱۲_۲۹_separate_ن-۱۰_صورت‌های مالی سال مالی منتهی به ۱۳۹۸_۱۲_۲۹ (حسابرسی شده).xlsx,HTML_MISLABELED_XLSX,.xlsx,347793,bc7e1ca2d4a8a90244c6b9452d55bf3cdc89658283124c1834888b0c4aaf529e,OK,,1725,PAYLOAD_SUBSTANTIVE,,سصفها,1398,1398/12/29,separate,audited,original,NOT_DETECTED,,,,1398/12/29,HTML_TABLE_1!R1C2,,,,,,NO_AUDITOR_BLOCK_DETECTED,,,NO_AUDITOR_BLOCK_DETECTED,
اکسل های صورت مالی کل زیپ ۱۳۹۲-۱۴۰۲.zip,سصفها.zip,سصفها.zip!سصفها_۱۳۹۹_۱۲_۳۰_consolidated_ن-۱۰_صورت‌های مالی تلفیقی سال مالی منتهی به ۱۳۹۹_۱۲_۳۰ (حسابرسی شده).xlsx,سصفها_۱۳۹۹_۱۲_۳۰_consolidated_ن-۱۰_صورت‌های مالی تلفیقی سال مالی منتهی به ۱۳۹۹_۱۲_۳۰ (حسابرسی شده).xlsx,HTML_MISLABELED_XLSX,.xlsx,538483,2a7ae4acaa3c614dba805a024939265a5eb33402bfedc047c347b2ebe68850ff,OK,,2640,PAYLOAD_SUBSTANTIVE,,سصفها,1399,1399/12/30,consolidated,audited,original,NOT_DETECTED,,,,1399/12/30,HTML_TABLE_1!R1C2,,,,,,NO_AUDITOR_BLOCK_DETECTED,,,NO_AUDITOR_BLOCK_DETECTED,
اکسل های صورت مالی کل زیپ ۱۳۹۲-۱۴۰۲.zip,سصفها.zip,سصفها.zip!سصفها_۱۴۰۰_۱۲_۲۹_consolidated_ن-۱۰_صورت‌های مالی تلفیقی سال مالی منتهی به ۱۴۰۰_۱۲_۲۹ (حسابرسی شده).xlsx,سصفها_۱۴۰۰_۱۲_۲۹_consolidated_ن-۱۰_صورت‌های مالی تلفیقی سال مالی منتهی به ۱۴۰۰_۱۲_۲۹ (حسابرسی شده).xlsx,HTML_MISLABELED_XLSX,.xlsx,634105,c227ab29a289ff8acf43284b3cf68bbe20eba84160e11f92c52db3a7f6d54f35,OK,,3140,PAYLOAD_SUBSTANTIVE,,سصفها,1400,1400/12/29,consolidated,audited,original,NOT_DETECTED,,,,1400/12/29,HTML_TABLE_1!R1C2,,,,,,NO_AUDITOR_BLOCK_DETECTED,,,NO_AUDITOR_BLOCK_DETECTED,
اکسل های صورت مالی کل زیپ ۱۳۹۲-۱۴۰۲.zip,سصفها.zip,سصفها.zip!سصفها_۱۴۰۱_۱۲_۲۹_consolidated_ن-۱۰_صورت‌های مالی تلفیقی سال مالی منتهی به ۱۴۰۱_۱۲_۲۹ (حسابرسی شده).xlsx,سصفها_۱۴۰۱_۱۲_۲۹_consolidated_ن-۱۰_صورت‌های مالی تلفیقی سال مالی منتهی به ۱۴۰۱_۱۲_۲۹ (حسابرسی شده).xlsx,HTML_MISLABELED_XLSX,.xlsx,710258,f73748f1e5ae6f9bdf09fd8eb82fa7c77cdb247dc71c1905ac2298dbf129f6e1,OK,,3372,PAYLOAD_SUBSTANTIVE,,سصفها,1401,1401/12/29,consolidated,audited,original,NOT_DETECTED,,,,1401/12/29,HTML_TABLE_1!R1C2,,,,,,NO_AUDITOR_BLOCK_DETECTED,,,NO_AUDITOR_BLOCK_DETECTED,حمل و نقل همدانیان
اکسل های صورت مالی کل زیپ ۱۳۹۲-۱۴۰۲.zip,سصفها.zip,سصفها.zip!سصفها_۱۴۰۲_۱۲_۲۹_consolidated_ن-۱۰_صورت‌های مالی تلفیقی سال مالی منتهی به ۱۴۰۲_۱۲_۲۹ (حسابرسی شده).xlsx,سصفها_۱۴۰۲_۱۲_۲۹_consolidated_ن-۱۰_صورت‌های مالی تلفیقی سال مالی منتهی به ۱۴۰۲_۱۲_۲۹ (حسابرسی شده).xlsx,HTML_MISLABELED_XLSX,.xlsx,668797,2a18a0f21d5a2f875f2866b2caa8f64b4f4538560878ef4cd81ca5c2a0aff4e3,OK,,3173,PAYLOAD_SUBSTANTIVE,,سصفها,1402,1402/12/29,consolidated,audited,original,NOT_DETECTED,,,,1402/12/29,HTML_TABLE_2!R28C1,,,,,,NO_AUDITOR_BLOCK_DETECTED,,,NO_AUDITOR_BLOCK_DETECTED,حمل و نقل همدانیان
اکسل های صورت مالی کل زیپ ۱۳۹۲-۱۴۰۲.zip,سغرب.zip,سغرب.zip!سغرب_۱۳۹۱_۱۲_۳۰_separate_ن-۱۰_صورتهای مالی سال مالی منتهی به ۱۳۹۱_۱۲_۳۰ (حسابرسی شده).xlsx,سغرب_۱۳۹۱_۱۲_۳۰_separate_ن-۱۰_صورتهای مالی سال مالی منتهی به ۱۳۹۱_۱۲_۳۰ (حسابرسی شده).xlsx,OLE2_LEGACY_EXCEL,.xlsx,62976,5f4d23675d290470a577fd19f41f129d1534c784778879be62b4fa592066421f,OK,,498,PAYLOAD_SUBSTANTIVE,,سغرب,1391,1391/12/30,separate,audited,original,DETECTED,Sheet1,9,81,1391/12/30,Sheet1!R6C4,مقبول,UNQUALIFIED_FAIR_FORMULA|HEADING_CELL,Sheet1!R29C14,Sheet1!R30C2,,,1392/03/08,Sheet1!R73C23,,صنایع سیمان غرب
اکسل های صورت مالی کل زیپ ۱۳۹۲-۱۴۰۲.zip,سغرب.zip,سغرب.zip!سغرب_۱۳۹۲_۱۲_۲۹_separate_ن-۱۰_صورتهای مالی سال مالی منتهی به ۱۳۹۲_۱۲_۲۹ (حسابرسی شده).xlsx,سغرب_۱۳۹۲_۱۲_۲۹_separate_ن-۱۰_صورتهای مالی سال مالی منتهی به ۱۳۹۲_۱۲_۲۹ (حسابرسی شده).xlsx,OLE2_LEGACY_EXCEL,.xlsx,74752,b366812e1160bb4ff6c53620e1393b505e36451aa7a01dd46e6d4427e51d01fa,OK,,614,PAYLOAD_SUBSTANTIVE,,سغرب,1392,1392/12/29,separate,audited,original,DETECTED,Sheet1,9,74,1392/12/29,Sheet1!R6C4,مقبول,UNQUALIFIED_FAIR_FORMULA|HEADING_CELL,Sheet1!R28C14,Sheet1!R29C2,,,1393/02/11,Sheet1!R65C23,,سیمان غرب
اکسل های صورت مالی کل زیپ ۱۳۹۲-۱۴۰۲.zip,سغرب.zip,سغرب.zip!سغرب_۱۳۹۳_۱۲_۲۹_separate_ن-۱۰_صورتهای مالی سال مالی منتهی به ۱۳۹۳_۱۲_۲۹ (حسابرسی شده).xlsx,سغرب_۱۳۹۳_۱۲_۲۹_separate_ن-۱۰_صورتهای مالی سال مالی منتهی به ۱۳۹۳_۱۲_۲۹ (حسابرسی شده).xlsx,OLE2_LEGACY_EXCEL,.xlsx,79872,406ef54ea1902bb6e63606f543b3159e180aa892b2723f34edcba0ab7ec81613,OK,,687,PAYLOAD_SUBSTANTIVE,,سغرب,1393,1393/12/29,separate,audited,original,DETECTED,Sheet1,9,76,1393/12/29,Sheet1!R6C4,مقبول,UNQUALIFIED_FAIR_FORMULA|HEADING_CELL,Sheet1!R28C14,Sheet1!R29C2,,,1394/02/05,Sheet1!R68C23,,صنایع سیمان غرب
اکسل های صورت مالی کل زیپ ۱۳۹۲-۱۴۰۲.zip,سغرب.zip,سغرب.zip!سغرب_۱۳۹۴_۱۲_۲۹_separate_ن-۱۰_صورت‌های مالی سال مالی منتهی به ۱۳۹۴_۱۲_۲۹ (حسابرسی شده).xlsx,سغرب_۱۳۹۴_۱۲_۲۹_separate_ن-۱۰_صورت‌های مالی سال مالی منتهی به ۱۳۹۴_۱۲_۲۹ (حسابرسی شده).xlsx,OLE2_LEGACY_EXCEL,.xlsx,80384,a21aae4d991ab99c411974857d93221694fa6a2ca8d24cc89690e4e54217be21,OK,,688,PAYLOAD_SUBSTANTIVE,,سغرب,1394,1394/12/29,separate,audited,original,DETECTED,Sheet1,9,61,1394/12/29,Sheet1!R6C4,مقبول,UNQUALIFIED_FAIR_FORMULA|HEADING_CELL,Sheet1!R28C14,Sheet1!R29C2,,,1395/02/08,Sheet1!R52C23,,صنایع سیمان غرب
اکسل های صورت مالی کل زیپ ۱۳۹۲-۱۴۰۲.zip,سغرب.zip,سغرب.zip!سغرب_۱۳۹۵_۱۲_۳۰_separate_ن-۱۰_صورت‌های مالی سال مالی منتهی به ۱۳۹۵_۱۲_۳۰ (حسابرسی شده).xlsx,سغرب_۱۳۹۵_۱۲_۳۰_separate_ن-۱۰_صورت‌های مالی سال مالی منتهی به ۱۳۹۵_۱۲_۳۰ (حسابرسی شده).xlsx,OLE2_LEGACY_EXCEL,.xlsx,81920,eb99c37361302c5439e9a2d45bba1f170a5c0124575a9df767d5552fee263ac5,OK,,736,PAYLOAD_SUBSTANTIVE,,سغرب,1395,1395/12/30,separate,audited,original,DETECTED,Sheet1,11,63,1395/12/30,Sheet1!R8C4,مقبول,UNQUALIFIED_FAIR_FORMULA|HEADING_CELL,Sheet1!R29C12,Sheet1!R30C2,,,1396/02/11,Sheet1!R54C20,,صنایع سیمان غرب
اکسل های صورت مالی کل زیپ ۱۳۹۲-۱۴۰۲.zip,سغرب.zip,سغرب.zip!سغرب_۱۳۹۶_۱۲_۲۹_separate_ن-۱۰_صورت‌های مالی سال مالی منتهی به ۱۳۹۶_۱۲_۲۹ (حسابرسی شده).xlsx,سغرب_۱۳۹۶_۱۲_۲۹_separate_ن-۱۰_صورت‌های مالی سال مالی منتهی به ۱۳۹۶_۱۲_۲۹ (حسابرسی شده).xlsx,OLE2_LEGACY_EXCEL,.xlsx,83968,75702a7640f93f4ae134efe0be31d77146dbafe11d9bc6263e5bb9649fd9ea82,OK,,756,PAYLOAD_SUBSTANTIVE,,سغرب,1396,1396/12/29,separate,audited,original,DETECTED,Sheet1,11,68,1396/12/29,Sheet1!R8C4,مقبول,UNQUALIFIED_FAIR_FORMULA|HEADING_CELL,Sheet1!R29C12,Sheet1!R30C2,,,1397/02/13,Sheet1!R59C20,,صنایع سیمان غرب
اکسل های صورت مالی کل زیپ ۱۳۹۲-۱۴۰۲.zip,سغرب.zip,سغرب.zip!سغرب_۱۳۹۶_۱۲_۲۹_separate_ن-۱۰_صورت‌های مالی سال مالی منتهی به ۱۳۹۶_۱۲_۲۹ (حسابرسی شده)(اصلاحیه).xlsx,سغرب_۱۳۹۶_۱۲_۲۹_separate_ن-۱۰_صورت‌های مالی سال مالی منتهی به ۱۳۹۶_۱۲_۲۹ (حسابرسی شده)(اصلاحیه).xlsx,OLE2_LEGACY_EXCEL,.xlsx,83968,668178e267756e608bc36fb464457059b3f44d62ecfd0a3126fc0d56c8652ab9,OK,,756,PAYLOAD_SUBSTANTIVE,,سغرب,1396,1396/12/29,separate,audited,correction,DETECTED,Sheet1,11,68,1396/12/29,Sheet1!R8C4,مقبول,UNQUALIFIED_FAIR_FORMULA|HEADING_CELL,Sheet1!R29C12,Sheet1!R30C2,,,1397/02/13,Sheet1!R59C20,,صنایع سیمان غرب
اکسل های صورت مالی کل زیپ ۱۳۹۲-۱۴۰۲.zip,سغرب.zip,سغرب.zip!سغرب_۱۳۹۷_۱۲_۲۹_separate_ن-۱۰_صورت‌های مالی سال مالی منتهی به ۱۳۹۷_۱۲_۲۹ (حسابرسی شده).xlsx,سغرب_۱۳۹۷_۱۲_۲۹_separate_ن-۱۰_صورت‌های مالی سال مالی منتهی به ۱۳۹۷_۱۲_۲۹ (حسابرسی شده).xlsx,HTML_MISLABELED_XLSX,.xlsx,113489,ac0943da398ae42a3644c697ba46a98e9888d5ed430d785d30c7108a69215ab2,OK,,495,PAYLOAD_SUBSTANTIVE,,سغرب,1397,1397/12/29,separate,audited,original,NOT_DETECTED,,,,1397/12/29,HTML_TABLE_1!R1C2,,,,,,NO_AUDITOR_BLOCK_DETECTED,,,NO_AUDITOR_BLOCK_DETECTED,
اکسل های صورت مالی کل زیپ ۱۳۹۲-۱۴۰۲.zip,سغرب.zip,سغرب.zip!سغرب_۱۳۹۸_۱۲_۲۹_separate_ن-۱۰_صورت‌های مالی سال مالی منتهی به ۱۳۹۸_۱۲_۲۹ (حسابرسی شده).xlsx,سغرب_۱۳۹۸_۱۲_۲۹_separate_ن-۱۰_صورت‌های مالی سال مالی منتهی به ۱۳۹۸_۱۲_۲۹ (حسابرسی شده).xlsx,HTML_MISLABELED_XLSX,.xlsx,309010,d02b1fc8793f8987ac4d533dfba9a030c6f83c73d7c5b70189672af7db1ee167,OK,,1472,PAYLOAD_SUBSTANTIVE,,سغرب,1398,1398/12/29,separate,audited,original,NOT_DETECTED,,,,1398/12/29,HTML_TABLE_1!R1C2,,,,,,NO_AUDITOR_BLOCK_DETECTED,,,NO_AUDITOR_BLOCK_DETECTED,
اکسل های صورت مالی کل زیپ ۱۳۹۲-۱۴۰۲.zip,سغرب.zip,سغرب.zip!سغرب_۱۳۹۹_۱۲_۳۰_separate_ن-۱۰_صورت‌های مالی سال مالی منتهی به ۱۳۹۹_۱۲_۳۰ (حسابرسی شده).xlsx,سغرب_۱۳۹۹_۱۲_۳۰_separate_ن-۱۰_صورت‌های مالی سال مالی منتهی به ۱۳۹۹_۱۲_۳۰ (حسابرسی شده).xlsx,HTML_MISLABELED_XLSX,.xlsx,307681,32ee7485c78cbbe32d85e4970bd02b2d6529fbb54ef37fa7c37607dc9a90e4ee,OK,,1467,PAYLOAD_SUBSTANTIVE,,سغرب,1399,1399/12/30,separate,audited,original,NOT_DETECTED,,,,1399/12/30,HTML_TABLE_1!R1C2,,,,,,NO_AUDITOR_BLOCK_DETECTED,,,NO_AUDITOR_BLOCK_DETECTED,
اکسل های صورت مالی کل زیپ ۱۳۹۲-۱۴۰۲.zip,سغرب.zip,سغرب.zip!سغرب_۱۴۰۰_۱۲_۲۹_separate_ن-۱۰_صورت‌های مالی سال مالی منتهی به ۱۴۰۰_۱۲_۲۹ (حسابرسی شده).xlsx,سغرب_۱۴۰۰_۱۲_۲۹_separate_ن-۱۰_صورت‌های مالی سال مالی منتهی به ۱۴۰۰_۱۲_۲۹ (حسابرسی شده).xlsx,HTML_MISLABELED_XLSX,.xlsx,383997,32560e107347bbbbc69693ad0c7b0507016387b85481805496306f72d0b1e012,OK,,1807,PAYLOAD_SUBSTANTIVE,,سغرب,1400,1400/12/29,separate,audited,original,NOT_DETECTED,,,,1400/12/29,HTML_TABLE_1!R1C2,,,,,,NO_AUDITOR_BLOCK_DETECTED,,,NO_AUDITOR_BLOCK_DETECTED,
اکسل های صورت مالی کل زیپ ۱۳۹۲-۱۴۰۲.zip,سغرب.zip,سغرب.zip!سغرب_۱۴۰۰_۱۲_۲۹_separate_ن-۱۰_صورت‌های مالی سال مالی منتهی به ۱۴۰۰_۱۲_۲۹ (حسابرسی شده)(اصلاحیه).xlsx,سغرب_۱۴۰۰_۱۲_۲۹_separate_ن-۱۰_صورت‌های مالی سال مالی منتهی به ۱۴۰۰_۱۲_۲۹ (حسابرسی شده)(اصلاحیه).xlsx,HTML_MISLABELED_XLSX,.xlsx,383941,4ed39ffa3e447b95e3be42aaadd512c297c5f4d7de56fce5dddaa35c77be3b41,OK,,1807,PAYLOAD_SUBSTANTIVE,,سغرب,1400,1400/12/29,separate,audited,correction,NOT_DETECTED,,,,1400/12/29,HTML_TABLE_1!R1C2,,,,,,NO_AUDITOR_BLOCK_DETECTED,,,NO_AUDITOR_BLOCK_DETECTED,
اکسل های صورت مالی کل زیپ ۱۳۹۲-۱۴۰۲.zip,سغرب.zip,سغرب.zip!سغرب_۱۴۰۱_۱۲_۲۹_separate_ن-۱۰_صورت‌های مالی سال مالی منتهی به ۱۴۰۱_۱۲_۲۹ (حسابرسی شده).xlsx,سغرب_۱۴۰۱_۱۲_۲۹_separate_ن-۱۰_صورت‌های مالی سال مالی منتهی به ۱۴۰۱_۱۲_۲۹ (حسابرسی شده).xlsx,HTML_MISLABELED_XLSX,.xlsx,448143,5833a2a53a41ad2903ba04e2c71698991cb1875e6a0d891c93337c89a904e3a4,OK,,2196,PAYLOAD_SUBSTANTIVE,,سغرب,1401,1401/12/29,separate,audited,original,NOT_DETECTED,,,,1401/12/29,HTML_TABLE_1!R1C2,,,,,,NO_AUDITOR_BLOCK_DETECTED,,,NO_AUDITOR_BLOCK_DETECTED,
اکسل های صورت مالی کل زیپ ۱۳۹۲-۱۴۰۲.zip,سغرب.zip,سغرب.zip!سغرب_۱۴۰۲_۱۲_۲۹_separate_ن-۱۰_صورت‌های مالی سال مالی منتهی به ۱۴۰۲_۱۲_۲۹ (حسابرسی شده).xlsx,سغرب_۱۴۰۲_۱۲_۲۹_separate_ن-۱۰_صورت‌های مالی سال مالی منتهی به ۱۴۰۲_۱۲_۲۹ (حسابرسی شده).xlsx,HTML_MISLABELED_XLSX,.xlsx,452999,2365d39c7ec8e0991ef6dcd03f062f0a6dcfb99a7b0f1c26bbf800dbba76f7e6,OK,,2223,PAYLOAD_SUBSTANTIVE,,سغرب,1402,1402/12/29,separate,audited,original,NOT_DETECTED,,,,1402/12/29,HTML_TABLE_1!R1C2,,,,,,NO_AUDITOR_BLOCK_DETECTED,,,NO_AUDITOR_BLOCK_DETECTED,
اکسل های صورت مالی کل زیپ ۱۳۹۲-۱۴۰۲.zip,سغرب.zip,سغرب.zip!سغرب_۱۴۰۲_۱۲_۲۹_separate_ن-۱۰_صورت‌های مالی سال مالی منتهی به ۱۴۰۲_۱۲_۲۹ (حسابرسی شده)(اصلاحیه).xlsx,سغرب_۱۴۰۲_۱۲_۲۹_separate_ن-۱۰_صورت‌های مالی سال مالی منتهی به ۱۴۰۲_۱۲_۲۹ (حسابرسی شده)(اصلاحیه).xlsx,HTML_MISLABELED_XLSX,.xlsx,453358,09f7f804c9b79bf0dc13fe7497f78555331126d3cd7420c866c96a42be4dfeac,OK,,2223,PAYLOAD_SUBSTANTIVE,,سغرب,1402,1402/12/29,separate,audited,correction,NOT_DETECTED,,,,1402/12/29,HTML_TABLE_1!R1C2,,,,,,NO_AUDITOR_BLOCK_DETECTED,,,NO_AUDITOR_BLOCK_DETECTED,
اکسل های صورت مالی کل زیپ ۱۳۹۲-۱۴۰۲.zip,سفارس.zip,سفارس.zip!سفارس_۱۳۹۲_۰۲_۳۱_separate_ن-۱۰_صورتهای مالی سال مالی منتهی به ۱۳۹۲_۰۲_۳۱ (حسابرسی شده).xlsx,سفارس_۱۳۹۲_۰۲_۳۱_separate_ن-۱۰_صورتهای مالی سال مالی منتهی به ۱۳۹۲_۰۲_۳۱ (حسابرسی شده).xlsx,OLE2_LEGACY_EXCEL,.xlsx,99328,ff1a033fc387aa14d7be0f91fbd59dea07987a761043cce77eac733ee4debe2a,OK,,973,PAYLOAD_SUBSTANTIVE,,سفارس,1392,1392/02/31,separate,audited,original,DETECTED,Sheet1,9,119,1392/02/31,Sheet1!R6C4,مشروط,QUALIFIED_FAIR_WITH_EXCEPTION|HEADING_CELL,Sheet1!R55C14,Sheet1!R56C2,,,1392/06/04,Sheet1!R111C23,,
اکسل های صورت مالی کل زیپ ۱۳۹۲-۱۴۰۲.zip,سفارس.zip,سفارس.zip!سفارس_۱۳۹۳_۰۲_۳۱_separate_ن-۱۰_صورتهای مالی سال مالی منتهی به ۱۳۹۳_۰۲_۳۱ (حسابرسی شده).xlsx,سفارس_۱۳۹۳_۰۲_۳۱_separate_ن-۱۰_صورتهای مالی سال مالی منتهی به ۱۳۹۳_۰۲_۳۱ (حسابرسی شده).xlsx,OLE2_LEGACY_EXCEL,.xlsx,91648,a2450f03fc950ff30abb910e556b884b79b1237ca2d771e9ec13f5309c8160bb,OK,,964,PAYLOAD_SUBSTANTIVE,,سفارس,1393,1393/02/31,separate,audited,original,DETECTED,Sheet1,9,87,1393/02/31,Sheet1!R6C4,مشروط,QUALIFIED_FAIR_WITH_EXCEPTION|HEADING_CELL,Sheet1!R40C14,Sheet1!R41C2,,,1393/06/10,Sheet1!R78C23,,
اکسل های صورت مالی کل زیپ ۱۳۹۲-۱۴۰۲.zip,سفارس.zip,سفارس.zip!سفارس_۱۳۹۴_۰۲_۳۱_separate_ن-۱۰_صورت‌های مالی سال مالی منتهی به ۱۳۹۴_۰۲_۳۱ (حسابرسی شده).xlsx,سفارس_۱۳۹۴_۰۲_۳۱_separate_ن-۱۰_صورت‌های مالی سال مالی منتهی به ۱۳۹۴_۰۲_۳۱ (حسابرسی شده).xlsx,OLE2_LEGACY_EXCEL,.xlsx,97792,8f8051081f069f3e9da9528c1a506abf7de0209fae7e574f5256c1a1e57339c8,OK,,975,PAYLOAD_SUBSTANTIVE,,سفارس,1394,1394/02/31,separate,audited,original,DETECTED,Sheet1,9,97,1394/02/31,Sheet1!R6C4,مشروط,QUALIFIED_FAIR_WITH_EXCEPTION|HEADING_CELL,Sheet1!R46C14,Sheet1!R47C2,,,1394/06/09,Sheet1!R88C23,,
اکسل های صورت مالی کل زیپ ۱۳۹۲-۱۴۰۲.zip,سفارس.zip,سفارس.zip!سفارس_۱۳۹۵_۰۲_۳۱_separate_ن-۱۰_صورت‌های مالی سال مالی منتهی به ۱۳۹۵_۰۲_۳۱ (حسابرسی شده).xlsx,سفارس_۱۳۹۵_۰۲_۳۱_separate_ن-۱۰_صورت‌های مالی سال مالی منتهی به ۱۳۹۵_۰۲_۳۱ (حسابرسی شده).xlsx,OLE2_LEGACY_EXCEL,.xlsx,86528,c70146bdc9b69f2f0f95c4c1b7a53f3f179e1730e277c17efd47ec0a1aee3be9,OK,,549,PAYLOAD_SUBSTANTIVE,,سفارس,1395,1395/02/31,separate,audited,original,DETECTED,Sheet1,9,106,1395/02/31,Sheet1!R6C4,مشروط,QUALIFIED_FAIR_WITH_EXCEPTION|HEADING_CELL,Sheet1!R50C14,Sheet1!R52C2,,,1395/06/16,Sheet1!R97C23,,
اکسل های صورت مالی کل زیپ ۱۳۹۲-۱۴۰۲.zip,سفارس.zip,سفارس.zip!سفارس_۱۳۹۶_۰۲_۳۱_separate_ن-۱۰_صورت‌های مالی سال مالی منتهی به ۱۳۹۶_۰۲_۳۱ (حسابرسی شده).xlsx,سفارس_۱۳۹۶_۰۲_۳۱_separate_ن-۱۰_صورت‌های مالی سال مالی منتهی به ۱۳۹۶_۰۲_۳۱ (حسابرسی شده).xlsx,OLE2_LEGACY_EXCEL,.xlsx,127488,0267e02387167afcb920f939085e31a692b58a3663849502b3a392f376547fdc,OK,,1176,PAYLOAD_SUBSTANTIVE,,سفارس,1396,1396/02/31,separate,audited,original,DETECTED,Sheet1,11,117,1396/02/31,Sheet1!R8C4,مشروط,QUALIFIED_FAIR_WITH_EXCEPTION|HEADING_CELL,Sheet1!R54C12,Sheet1!R55C2,,,1396/06/04,Sheet1!R108C20,,
اکسل های صورت مالی کل زیپ ۱۳۹۲-۱۴۰۲.zip,سفارس.zip,سفارس.zip!سفارس_۱۳۹۷_۰۲_۳۱_separate_ن-۱۰_صورت‌های مالی سال مالی منتهی به ۱۳۹۷_۰۲_۳۱ (حسابرسی شده).xlsx,سفارس_۱۳۹۷_۰۲_۳۱_separate_ن-۱۰_صورت‌های مالی سال مالی منتهی به ۱۳۹۷_۰۲_۳۱ (حسابرسی شده).xlsx,OLE2_LEGACY_EXCEL,.xlsx,133120,f51e82861fe1e452e0d0203793ff66998f4d82d367bac52b2cea11299a57e3ce,OK,,1178,PAYLOAD_SUBSTANTIVE,,سفارس,1397,1397/02/31,separate,audited,original,DETECTED,Sheet1,11,133,1397/02/31,Sheet1!R8C4,مشروط,QUALIFIED_FAIR_WITH_EXCEPTION|HEADING_CELL,Sheet1!R67C12,Sheet1!R68C2,,,1397/05/27,Sheet1!R124C20,,
اکسل های صورت مالی کل زیپ ۱۳۹۲-۱۴۰۲.zip,سفارس.zip,سفارس.zip!سفارس_۱۳۹۸_۰۲_۳۱_separate_ن-۱۰_صورت‌های مالی سال مالی منتهی به ۱۳۹۸_۰۲_۳۱ (حسابرسی شده).xlsx,سفارس_۱۳۹۸_۰۲_۳۱_separate_ن-۱۰_صورت‌های مالی سال مالی منتهی به ۱۳۹۸_۰۲_۳۱ (حسابرسی شده).xlsx,HTML_MISLABELED_XLSX,.xlsx,203895,acd95fe516bb42acfbc318bcf9ba2436251fc1d566d7b246774becb72b6d7916,OK,,1361,PAYLOAD_SUBSTANTIVE,,سفارس,1398,1398/02/31,separate,audited,original,NOT_DETECTED,,,,1398/02/31,HTML_TABLE_1!R1C2,,,,,,NO_AUDITOR_BLOCK_DETECTED,,,NO_AUDITOR_BLOCK_DETECTED,
اکسل های صورت مالی کل زیپ ۱۳۹۲-۱۴۰۲.zip,سفارس.zip,سفارس.zip!سفارس_۱۳۹۹_۰۲_۳۱_separate_ن-۱۰_صورت‌های مالی سال مالی منتهی به ۱۳۹۹_۰۲_۳۱ (حسابرسی شده).xlsx,سفارس_۱۳۹۹_۰۲_۳۱_separate_ن-۱۰_صورت‌های مالی سال مالی منتهی به ۱۳۹۹_۰۲_۳۱ (حسابرسی شده).xlsx,HTML_MISLABELED_XLSX,.xlsx,260541,28160eb7652616c0f2851c0e6aed2606ccf93e2d276ae4c9757b48011ad73395,OK,,1757,PAYLOAD_SUBSTANTIVE,,سفارس,1399,1399/02/31,separate,audited,original,NOT_DETECTED,,,,1399/02/31,HTML_TABLE_1!R1C2,,,,,,NO_AUDITOR_BLOCK_DETECTED,,,NO_AUDITOR_BLOCK_DETECTED,
اکسل های صورت مالی کل زیپ ۱۳۹۲-۱۴۰۲.zip,سفارس.zip,سفارس.zip!سفارس_۱۴۰۰_۰۲_۳۱_separate_ن-۱۰_صورت‌های مالی سال مالی منتهی به ۱۴۰۰_۰۲_۳۱ (حسابرسی شده).xlsx,سفارس_۱۴۰۰_۰۲_۳۱_separate_ن-۱۰_صورت‌های مالی سال مالی منتهی به ۱۴۰۰_۰۲_۳۱ (حسابرسی شده).xlsx,HTML_MISLABELED_XLSX,.xlsx,296882,32685ddf59039b3a347954e80a290d9d8c1ce08d933ea1cb7e3d082546fe63ea,OK,,1526,PAYLOAD_SUBSTANTIVE,,سفارس,1400,1400/02/31,separate,audited,original,NOT_DETECTED,,,,1400/02/31,HTML_TABLE_2!R1C3,,,,,,NO_AUDITOR_BLOCK_DETECTED,,,NO_AUDITOR_BLOCK_DETECTED,
اکسل های صورت مالی کل زیپ ۱۳۹۲-۱۴۰۲.zip,سفارس.zip,سفارس.zip!سفارس_۱۴۰۱_۰۲_۳۱_separate_ن-۱۰_صورت‌های مالی سال مالی منتهی به ۱۴۰۱_۰۲_۳۱ (حسابرسی شده).xlsx,سفارس_۱۴۰۱_۰۲_۳۱_separate_ن-۱۰_صورت‌های مالی سال مالی منتهی به ۱۴۰۱_۰۲_۳۱ (حسابرسی شده).xlsx,HTML_MISLABELED_XLSX,.xlsx,313539,ae6c3bc5600bc87257ee3305d07d3d8acf991c3586d92af23fa83c9bbf73315b,OK,,1635,PAYLOAD_SUBSTANTIVE,,سفارس,1401,1401/02/31,separate,audited,original,NOT_DETECTED,,,,1401/02/31,HTML_TABLE_2!R1C3,,,,,,NO_AUDITOR_BLOCK_DETECTED,,,NO_AUDITOR_BLOCK_DETECTED,
اکسل های صورت مالی کل زیپ ۱۳۹۲-۱۴۰۲.zip,سفارس.zip,سفارس.zip!سفارس_۱۴۰۲_۰۲_۳۱_separate_ن-۱۰_صورت‌های مالی سال مالی منتهی به ۱۴۰۲_۰۲_۳۱ (حسابرسی شده).xlsx,سفارس_۱۴۰۲_۰۲_۳۱_separate_ن-۱۰_صورت‌های مالی سال مالی منتهی به ۱۴۰۲_۰۲_۳۱ (حسابرسی شده).xlsx,HTML_MISLABELED_XLSX,.xlsx,326269,dc197f9af32034e0512a81993cf8072f19bdacc6956ad2f29b7a924332c238c2,OK,,1646,PAYLOAD_SUBSTANTIVE,,سفارس,1402,1402/02/31,separate,audited,original,NOT_DETECTED,,,,1402/02/31,HTML_TABLE_2!R1C3,,,,,,NO_AUDITOR_BLOCK_DETECTED,,,NO_AUDITOR_BLOCK_DETECTED,سیمان خوزستان
اکسل های صورت مالی کل زیپ ۱۳۹۲-۱۴۰۲.zip,سفارس.zip,سفارس.zip!سفارس_۱۴۰۳_۰۲_۳۱_separate_ن-۱۰_صورت‌های مالی سال مالی منتهی به ۱۴۰۳_۰۲_۳۱ (حسابرسی شده).xlsx,سفارس_۱۴۰۳_۰۲_۳۱_separate_ن-۱۰_صورت‌های مالی سال مالی منتهی به ۱۴۰۳_۰۲_۳۱ (حسابرسی شده).xlsx,HTML_MISLABELED_XLSX,.xlsx,344152,a577b77226d60d83bd307198934ce71c74352214ae9c2facddba4c81a93787ca,OK,,1768,PAYLOAD_SUBSTANTIVE,,سفارس,1403,1403/02/31,separate,audited,original,NOT_DETECTED,,,,1403/02/31,HTML_TABLE_2!R1C3,,,,,,NO_AUDITOR_BLOCK_DETECTED,,,NO_AUDITOR_BLOCK_DETECTED,سیمان خوزستان
اکسل های صورت مالی کل زیپ ۱۳۹۲-۱۴۰۲.zip,سقاين.zip,سقاين.zip!سقاين_۱۳۹۱_۱۲_۳۰_separate_ن-۱۰_صورتهای مالی سال مالی منتهی به ۱۳۹۱_۱۲_۳۰ (حسابرسی شده).xlsx,سقاين_۱۳۹۱_۱۲_۳۰_separate_ن-۱۰_صورتهای مالی سال مالی منتهی به ۱۳۹۱_۱۲_۳۰ (حسابرسی شده).xlsx,OLE2_LEGACY_EXCEL,.xlsx,56832,8663c5df915ab8e24cfa2389670ac68f781e209465d8bb9c5212b371e37d8847,OK,,496,PAYLOAD_SUBSTANTIVE,,سقاین,1391,1391/12/30,separate,audited,original,DETECTED,Sheet1,9,58,1391/12/30,Sheet1!R6C4,مشروط,QUALIFIED_FAIR_WITH_EXCEPTION|HEADING_CELL,Sheet1!R31C14,Sheet1!R32C2,,,1392/01/28,Sheet1!R51C23,,سیمان قاین
اکسل های صورت مالی کل زیپ ۱۳۹۲-۱۴۰۲.zip,سقاين.zip,سقاين.zip!سقاين_۱۳۹۲_۱۲_۲۹_separate_ن-۱۰_صورتهای مالی سال مالی منتهی به ۱۳۹۲_۱۲_۲۹ (حسابرسی شده).xlsx,سقاين_۱۳۹۲_۱۲_۲۹_separate_ن-۱۰_صورتهای مالی سال مالی منتهی به ۱۳۹۲_۱۲_۲۹ (حسابرسی شده).xlsx,OLE2_LEGACY_EXCEL,.xlsx,70656,f21d4e9788095e961aa6b9f215206235a63d14c99295b1c1ec5d97dd31596d99,OK,,612,PAYLOAD_SUBSTANTIVE,,سقاین,1392,1392/12/29,separate,audited,original,DETECTED,Sheet1,9,55,1392/12/29,Sheet1!R6C4,مشروط,QUALIFIED_FAIR_WITH_EXCEPTION|HEADING_CELL,Sheet1!R31C14,Sheet1!R32C2,,,1393/01/26,Sheet1!R47C23,,سیمان قاین
اکسل های صورت مالی کل زیپ ۱۳۹۲-۱۴۰۲.zip,سقاين.zip,سقاين.zip!سقاين_۱۳۹۳_۱۲_۲۹_separate_ن-۱۰_صورتهای مالی سال مالی منتهی به ۱۳۹۳_۱۲_۲۹ (حسابرسی شده).xlsx,سقاين_۱۳۹۳_۱۲_۲۹_separate_ن-۱۰_صورتهای مالی سال مالی منتهی به ۱۳۹۳_۱۲_۲۹ (حسابرسی شده).xlsx,OLE2_LEGACY_EXCEL,.xlsx,73216,a66c1d3459ee1b079fbb9a3c0fd20a7c1f0a056e69015b48c00872d9721e3ba8,OK,,653,PAYLOAD_SUBSTANTIVE,,سقاین,1393,1393/12/29,separate,audited,original,DETECTED,Sheet1,9,58,1393/12/29,Sheet1!R6C4,,UNQUALIFIED_FAIR_FORMULA|HEADING_CELL,Sheet1!R31C14,Sheet1!R32C2,HEADING_مشروط_VS_PARAGRAPH_مقبول,UNQUALIFIED_BLOCKED_BY_MODIFIED_OPINION_HEADING_IN_SAME_REPORT,1394/02/14,Sheet1!R49C23,,سیمان قائن
اکسل های صورت مالی کل زیپ ۱۳۹۲-۱۴۰۲.zip,سقاين.zip,سقاين.zip!سقاين_۱۳۹۳_۱۲_۲۹_separate_ن-۱۰_صورتهای مالی سال مالی منتهی به ۱۳۹۳_۱۲_۲۹ (حسابرسی شده)(اصلاحیه).xlsx,سقاين_۱۳۹۳_۱۲_۲۹_separate_ن-۱۰_صورتهای مالی سال مالی منتهی به ۱۳۹۳_۱۲_۲۹ (حسابرسی شده)(اصلاحیه).xlsx,OLE2_LEGACY_EXCEL,.xlsx,74240,e7dc4ad4603511d948f893067ba55401a5898d0bb40ccf8c3b38d95788c7917e,OK,,655,PAYLOAD_SUBSTANTIVE,,سقاین,1393,1393/12/29,separate,audited,correction,DETECTED,Sheet1,9,60,1393/12/29,Sheet1!R6C4,مشروط,QUALIFIED_FAIR_WITH_EXCEPTION|HEADING_CELL,Sheet1!R31C14,Sheet1!R32C2,,,1394/02/22,Sheet1!R51C23,,سیمان قائن
اکسل های صورت مالی کل زیپ ۱۳۹۲-۱۴۰۲.zip,سقاين.zip,سقاين.zip!سقاين_۱۳۹۴_۱۲_۲۹_separate_ن-۱۰_صورت‌های مالی سال مالی منتهی به ۱۳۹۴_۱۲_۲۹ (حسابرسی شده).xlsx,سقاين_۱۳۹۴_۱۲_۲۹_separate_ن-۱۰_صورت‌های مالی سال مالی منتهی به ۱۳۹۴_۱۲_۲۹ (حسابرسی شده).xlsx,OLE2_LEGACY_EXCEL,.xlsx,75264,e27d8b9c5b7e506f37acaa5aaea64775c5192714899741b257eb27f4e4e8ecd7,OK,,643,PAYLOAD_SUBSTANTIVE,,سقاین,1394,1394/12/29,separate,audited,original,DETECTED,Sheet1,9,56,1394/12/29,Sheet1!R6C4,مقبول,UNQUALIFIED_FAIR_FORMULA|HEADING_CELL,Sheet1!R28C14,Sheet1!R29C2,,,1395/02/05,Sheet1!R47C23,,سیمان قائن
اکسل های صورت مالی کل زیپ ۱۳۹۲-۱۴۰۲.zip,سقاين.zip,سقاين.zip!سقاين_۱۳۹۵_۱۲_۳۰_separate_ن-۱۰_صورت‌های مالی سال مالی منتهی به ۱۳۹۵_۱۲_۳۰ (حسابرسی شده).xlsx,سقاين_۱۳۹۵_۱۲_۳۰_separate_ن-۱۰_صورت‌های مالی سال مالی منتهی به ۱۳۹۵_۱۲_۳۰ (حسابرسی شده).xlsx,OLE2_LEGACY_EXCEL,.xlsx,77312,5d7dfa8790f0c6e6b5611fa33bc221b2ebabc78dae5b74c86205c5e8ae515164,OK,,684,PAYLOAD_SUBSTANTIVE,,سقاین,1395,1395/12/30,separate,audited,original,DETECTED,Sheet1,11,57,1395/12/30,Sheet1!R8C4,مقبول,UNQUALIFIED_FAIR_FORMULA|HEADING_CELL,Sheet1!R29C12,Sheet1!R30C2,,,1395/02/10,Sheet1!R48C20,,سیمان قائن
اکسل های صورت مالی کل زیپ ۱۳۹۲-۱۴۰۲.zip,سقاين.zip,سقاين.zip!سقاين_۱۳۹۶_۱۲_۲۹_separate_ن-۱۰_صورت‌های مالی سال مالی منتهی به ۱۳۹۶_۱۲_۲۹ (حسابرسی شده).xlsx,سقاين_۱۳۹۶_۱۲_۲۹_separate_ن-۱۰_صورت‌های مالی سال مالی منتهی به ۱۳۹۶_۱۲_۲۹ (حسابرسی شده).xlsx,OLE2_LEGACY_EXCEL,.xlsx,78848,e61c8030ae1e4da6f939702fb7fc5fb957423c49bd0e0c31ecc502ef98b2fb7d,OK,,686,PAYLOAD_SUBSTANTIVE,,سقاین,1396,1396/12/29,separate,audited,original,DETECTED,Sheet1,11,62,1396/12/29,Sheet1!R8C4,مقبول,UNQUALIFIED_FAIR_FORMULA|HEADING_CELL,Sheet1!R29C12,Sheet1!R30C2,,,1397/02/10,Sheet1!R53C20,,سیمان قائن
اکسل های صورت مالی کل زیپ ۱۳۹۲-۱۴۰۲.zip,سقاين.zip,سقاين.zip!سقاين_۱۳۹۷_۱۲_۲۹_separate_ن-۱۰_صورت‌های مالی سال مالی منتهی به ۱۳۹۷_۱۲_۲۹ (حسابرسی شده).xlsx,سقاين_۱۳۹۷_۱۲_۲۹_separate_ن-۱۰_صورت‌های مالی سال مالی منتهی به ۱۳۹۷_۱۲_۲۹ (حسابرسی شده).xlsx,HTML_MISLABELED_XLSX,.xlsx,113686,aebc0ae3845715567bf91db99b0178ed830d6064eb2fd10fe8527f8bbd241448,OK,,495,PAYLOAD_SUBSTANTIVE,,سقاین,1397,1397/12/29,separate,audited,original,NOT_DETECTED,,,,1397/12/29,HTML_TABLE_1!R1C2,,,,,,NO_AUDITOR_BLOCK_DETECTED,,,NO_AUDITOR_BLOCK_DETECTED,
اکسل های صورت مالی کل زیپ ۱۳۹۲-۱۴۰۲.zip,سقاين.zip,سقاين.zip!سقاين_۱۳۹۸_۱۲_۲۹_separate_ن-۱۰_صورت‌های مالی سال مالی منتهی به ۱۳۹۸_۱۲_۲۹ (حسابرسی شده).xlsx,سقاين_۱۳۹۸_۱۲_۲۹_separate_ن-۱۰_صورت‌های مالی سال مالی منتهی به ۱۳۹۸_۱۲_۲۹ (حسابرسی شده).xlsx,HTML_MISLABELED_XLSX,.xlsx,336755,7c6d5d3724752cbacb19f8905bce46a359afcc45e38717e9e07c8fbcf4555dd9,OK,,1620,PAYLOAD_SUBSTANTIVE,,سقاین,1398,1398/12/29,separate,audited,original,NOT_DETECTED,,,,1398/12/29,HTML_TABLE_1!R1C2,,,,,,NO_AUDITOR_BLOCK_DETECTED,,,NO_AUDITOR_BLOCK_DETECTED,
اکسل های صورت مالی کل زیپ ۱۳۹۲-۱۴۰۲.zip,سقاين.zip,سقاين.zip!سقاين_۱۳۹۹_۱۲_۳۰_separate_ن-۱۰_صورت‌های مالی سال مالی منتهی به ۱۳۹۹_۱۲_۳۰ (حسابرسی شده).xlsx,سقاين_۱۳۹۹_۱۲_۳۰_separate_ن-۱۰_صورت‌های مالی سال مالی منتهی به ۱۳۹۹_۱۲_۳۰ (حسابرسی شده).xlsx,HTML_MISLABELED_XLSX,.xlsx,323236,703201d387c17ce71f901cb91a6417c728a87109726768f28cd6ab171ae637e4,OK,,1550,PAYLOAD_SUBSTANTIVE,,سقاین,1399,1399/12/30,separate,audited,original,NOT_DETECTED,,,,1399/12/30,HTML_TABLE_1!R1C2,,,,,,NO_AUDITOR_BLOCK_DETECTED,,,NO_AUDITOR_BLOCK_DETECTED,
اکسل های صورت مالی کل زیپ ۱۳۹۲-۱۴۰۲.zip,سقاين.zip,سقاين.zip!سقاين_۱۴۰۰_۱۲_۲۹_separate_ن-۱۰_صورت‌های مالی سال مالی منتهی به ۱۴۰۰_۱۲_۲۹ (حسابرسی شده).xlsx,سقاين_۱۴۰۰_۱۲_۲۹_separate_ن-۱۰_صورت‌های مالی سال مالی منتهی به ۱۴۰۰_۱۲_۲۹ (حسابرسی شده).xlsx,HTML_MISLABELED_XLSX,.xlsx,395160,29e302f367a60a1d345ca85fd8ab6c2417fc665f7525e9691c68c23ff54d19a3,OK,,1914,PAYLOAD_SUBSTANTIVE,,سقاین,1400,1400/12/29,separate,audited,original,NOT_DETECTED,,,,1400/12/29,HTML_TABLE_1!R1C2,,,,,,NO_AUDITOR_BLOCK_DETECTED,,,NO_AUDITOR_BLOCK_DETECTED,
اکسل های صورت مالی کل زیپ ۱۳۹۲-۱۴۰۲.zip,سقاين.zip,سقاين.zip!سقاين_۱۴۰۱_۱۲_۲۹_separate_ن-۱۰_صورت‌های مالی سال مالی منتهی به ۱۴۰۱_۱۲_۲۹ (حسابرسی شده).xlsx,سقاين_۱۴۰۱_۱۲_۲۹_separate_ن-۱۰_صورت‌های مالی سال مالی منتهی به ۱۴۰۱_۱۲_۲۹ (حسابرسی شده).xlsx,HTML_MISLABELED_XLSX,.xlsx,425891,8d3e56eb459652be407fc102375194e3a4acb22eddef05331876c5f0f33c4667,OK,,2054,PAYLOAD_SUBSTANTIVE,,سقاین,1401,1401/12/29,separate,audited,original,NOT_DETECTED,,,,1401/12/29,HTML_TABLE_1!R1C2,,,,,,NO_AUDITOR_BLOCK_DETECTED,,,NO_AUDITOR_BLOCK_DETECTED,
اکسل های صورت مالی کل زیپ ۱۳۹۲-۱۴۰۲.zip,سقاين.zip,سقاين.zip!سقاين_۱۴۰۲_۱۲_۲۹_separate_ن-۱۰_صورت‌های مالی سال مالی منتهی به ۱۴۰۲_۱۲_۲۹ (حسابرسی شده).xlsx,سقاين_۱۴۰۲_۱۲_۲۹_separate_ن-۱۰_صورت‌های مالی سال مالی منتهی به ۱۴۰۲_۱۲_۲۹ (حسابرسی شده).xlsx,HTML_MISLABELED_XLSX,.xlsx,385362,230929769615ad5657d131174e3d7cb986e68b3d4a7fd2602847c28990666582,OK,,1752,PAYLOAD_SUBSTANTIVE,,سقاین,1402,1402/12/29,separate,audited,original,NOT_DETECTED,,,,1402/12/29,HTML_TABLE_1!R1C2,,,,,,NO_AUDITOR_BLOCK_DETECTED,,,NO_AUDITOR_BLOCK_DETECTED,
اکسل های صورت مالی کل زیپ ۱۳۹۲-۱۴۰۲.zip,سكرد.zip,سكرد.zip!سكرد_۱۳۹۲_۰۶_۳۱_separate_ن-۱۰_صورتهای مالی سال مالی منتهی به ۱۳۹۲_۰۶_۳۱ (حسابرسی شده).xlsx,سكرد_۱۳۹۲_۰۶_۳۱_separate_ن-۱۰_صورتهای مالی سال مالی منتهی به ۱۳۹۲_۰۶_۳۱ (حسابرسی شده).xlsx,OLE2_LEGACY_EXCEL,.xlsx,74752,ca24c855d8f5ceaf301e147dc88f0f3c31da27aca2b222fe6c93c4240e49ee33,OK,,680,PAYLOAD_SUBSTANTIVE,,سکرد,1392,1392/06/31,separate,audited,original,DETECTED,Sheet1,9,56,1392/06/31,Sheet1!R6C4,مقبول,UNQUALIFIED_FAIR_FORMULA|HEADING_CELL,Sheet1!R28C14,Sheet1!R29C2,,,1392/08/04,Sheet1!R48C23,,سیمان کردستان
اکسل های صورت مالی کل زیپ ۱۳۹۲-۱۴۰۲.zip,سكرد.zip,سكرد.zip!سكرد_۱۳۹۳_۰۶_۳۱_separate_ن-۱۰_صورتهای مالی سال مالی منتهی به ۱۳۹۳_۰۶_۳۱ (حسابرسی شده).xlsx,سكرد_۱۳۹۳_۰۶_۳۱_separate_ن-۱۰_صورتهای مالی سال مالی منتهی به ۱۳۹۳_۰۶_۳۱ (حسابرسی شده).xlsx,OLE2_LEGACY_EXCEL,.xlsx,78848,63a175d05342fc44e412cc86e0e59b10454ad369fdf4180695cc296cf08068cd,OK,,672,PAYLOAD_SUBSTANTIVE,,سکرد,1393,1393/06/31,separate,audited,original,DETECTED,Sheet1,9,56,1393/06/31,Sheet1!R6C4,مقبول,UNQUALIFIED_FAIR_FORMULA|HEADING_CELL,Sheet1!R28C14,Sheet1!R29C2,,,1393/08/21,Sheet1!R48C23,,سیمان کردستان
اکسل های صورت مالی کل زیپ ۱۳۹۲-۱۴۰۲.zip,سكرد.zip,سكرد.zip!سكرد_۱۳۹۴_۰۶_۳۱_separate_ن-۱۰_صورت‌های مالی سال مالی منتهی به ۱۳۹۴_۰۶_۳۱ (حسابرسی شده).xlsx,سكرد_۱۳۹۴_۰۶_۳۱_separate_ن-۱۰_صورت‌های مالی سال مالی منتهی به ۱۳۹۴_۰۶_۳۱ (حسابرسی شده).xlsx,OLE2_LEGACY_EXCEL,.xlsx,81408,d8ec75e037cfc251ac6853d6f75739536846be75ae125519bcfab60706c3b37e,OK,,744,PAYLOAD_SUBSTANTIVE,,سکرد,1394,1394/06/31,separate,audited,original,DETECTED,Sheet1,9,66,1394/06/31,Sheet1!R6C4,مقبول,UNQUALIFIED_FAIR_FORMULA|HEADING_CELL,Sheet1!R28C14,Sheet1!R29C2,,,1394/09/25,Sheet1!R57C23,,سیمان کردستان
اکسل های صورت مالی کل زیپ ۱۳۹۲-۱۴۰۲.zip,سكرد.zip,سكرد.zip!سكرد_۱۳۹۵_۰۶_۳۱_separate_ن-۱۰_صورت‌های مالی سال مالی منتهی به ۱۳۹۵_۰۶_۳۱ (حسابرسی شده).xlsx,سكرد_۱۳۹۵_۰۶_۳۱_separate_ن-۱۰_صورت‌های مالی سال مالی منتهی به ۱۳۹۵_۰۶_۳۱ (حسابرسی شده).xlsx,OLE2_LEGACY_EXCEL,.xlsx,90624,4f9cbd80d7d171bbcfc2ae921bdd7438ce51295ac5798ae6f8ceb7af6273bdd6,OK,,816,PAYLOAD_SUBSTANTIVE,,سکرد,1395,1395/06/31,separate,audited,original,DETECTED,Sheet1,9,66,1395/06/31,Sheet1!R6C4,مقبول,UNQUALIFIED_FAIR_FORMULA|HEADING_CELL,Sheet1!R28C14,Sheet1!R29C2,,,1395/09/09,Sheet1!R57C23,,سیمان کردستان
اکسل های صورت مالی کل زیپ ۱۳۹۲-۱۴۰۲.zip,سكرد.zip,سكرد.zip!سكرد_۱۳۹۶_۰۶_۳۱_consolidated_ن-۱۰_صورت‌های مالی تلفیقی سال مالی منتهی به ۱۳۹۶_۰۶_۳۱ (حسابرسی شده).xlsx,سكرد_۱۳۹۶_۰۶_۳۱_consolidated_ن-۱۰_صورت‌های مالی تلفیقی سال مالی منتهی به ۱۳۹۶_۰۶_۳۱ (حسابرسی شده).xlsx,OLE2_LEGACY_EXCEL,.xlsx,131072,c015508cdffa3ff1633aa9ee6a3649faae4e67ab7ccd997d5b2f0ac63127d178,OK,,1464,PAYLOAD_SUBSTANTIVE,,سکرد,1396,1396/06/31,consolidated,audited,original,DETECTED,Sheet1,11,66,1396/06/31,Sheet1!R8C4,مقبول,UNQUALIFIED_FAIR_FORMULA|HEADING_CELL,Sheet1!R28C12,Sheet1!R29C2,,,1396/09/04,Sheet1!R57C20,,سیمان کردستان
اکسل های صورت مالی کل زیپ ۱۳۹۲-۱۴۰۲.zip,سكرد.zip,سكرد.zip!سكرد_۱۳۹۷_۰۶_۳۱_consolidated_ن-۱۰_صورت‌های مالی تلفیقی سال مالی منتهی به ۱۳۹۷_۰۶_۳۱ (حسابرسی شده).xlsx,سكرد_۱۳۹۷_۰۶_۳۱_consolidated_ن-۱۰_صورت‌های مالی تلفیقی سال مالی منتهی به ۱۳۹۷_۰۶_۳۱ (حسابرسی شده).xlsx,HTML_MISLABELED_XLSX,.xlsx,235410,6600ecd80266bf672f87b3f91fbcea8133917d397a4b0b432c6c46d89a71a8a3,OK,,1045,PAYLOAD_SUBSTANTIVE,,سکرد,1397,1397/06/31,consolidated,audited,original,NOT_DETECTED,,,,1397/06/31,HTML_TABLE_1!R1C2,,,,,,NO_AUDITOR_BLOCK_DETECTED,,,NO_AUDITOR_BLOCK_DETECTED,
اکسل های صورت مالی کل زیپ ۱۳۹۲-۱۴۰۲.zip,سكرد.zip,سكرد.zip!سكرد_۱۳۹۸_۰۶_۳۱_consolidated_ن-۱۰_صورت‌های مالی تلفیقی سال مالی منتهی به ۱۳۹۸_۰۶_۳۱ (حسابرسی شده).xlsx,سكرد_۱۳۹۸_۰۶_۳۱_consolidated_ن-۱۰_صورت‌های مالی تلفیقی سال مالی منتهی به ۱۳۹۸_۰۶_۳۱ (حسابرسی شده).xlsx,HTML_MISLABELED_XLSX,.xlsx,5930,9f6cd4f36ced7e029f8def6dda2786c53e4f6079715cb9e330fe4601988732d7,OK,,1,PAYLOAD_NON_SUBSTANTIVE,ONLY_1_CELLS,سکرد,1398,1398/06/31,consolidated,audited,original,NOT_DETECTED,,,,,,,,,,,NO_AUDITOR_BLOCK_DETECTED,,,NO_AUDITOR_BLOCK_DETECTED,
اکسل های صورت مالی کل زیپ ۱۳۹۲-۱۴۰۲.zip,سكرد.zip,سكرد.zip!سكرد_۱۳۹۹_۰۶_۳۱_consolidated_ن-۱۰_صورت‌های مالی تلفیقی سال مالی منتهی به ۱۳۹۹_۰۶_۳۱ (حسابرسی شده).xlsx,سكرد_۱۳۹۹_۰۶_۳۱_consolidated_ن-۱۰_صورت‌های مالی تلفیقی سال مالی منتهی به ۱۳۹۹_۰۶_۳۱ (حسابرسی شده).xlsx,HTML_MISLABELED_XLSX,.xlsx,497928,baa0ef5f00ed320d8208d696603e7383a5afde75b86f045d3fd615d99c1824b9,OK,,2350,PAYLOAD_SUBSTANTIVE,,سکرد,1399,1399/06/31,consolidated,audited,original,NOT_DETECTED,,,,1399/06/31,HTML_TABLE_1!R1C2,,,,,,NO_AUDITOR_BLOCK_DETECTED,,,NO_AUDITOR_BLOCK_DETECTED,
اکسل های صورت مالی کل زیپ ۱۳۹۲-۱۴۰۲.zip,سكرد.zip,سكرد.zip!سكرد_۱۴۰۰_۰۶_۳۱_consolidated_ن-۱۰_صورت‌های مالی تلفیقی سال مالی منتهی به ۱۴۰۰_۰۶_۳۱ (حسابرسی شده).xlsx,سكرد_۱۴۰۰_۰۶_۳۱_consolidated_ن-۱۰_صورت‌های مالی تلفیقی سال مالی منتهی به ۱۴۰۰_۰۶_۳۱ (حسابرسی شده).xlsx,HTML_MISLABELED_XLSX,.xlsx,572328,11a64000bed0874a591c4bf5df54aa9597ac091702fedae398acb31eee72d369,OK,,2727,PAYLOAD_SUBSTANTIVE,,سکرد,1400,1400/06/31,consolidated,audited,original,NOT_DETECTED,,,,1400/06/31,HTML_TABLE_1!R1C2,,,,,,NO_AUDITOR_BLOCK_DETECTED,,,NO_AUDITOR_BLOCK_DETECTED,
اکسل های صورت مالی کل زیپ ۱۳۹۲-۱۴۰۲.zip,سكرد.zip,سكرد.zip!سكرد_۱۴۰۱_۰۶_۳۱_consolidated_ن-۱۰_صورت‌های مالی تلفیقی سال مالی منتهی به ۱۴۰۱_۰۶_۳۱ (حسابرسی شده).xlsx,سكرد_۱۴۰۱_۰۶_۳۱_consolidated_ن-۱۰_صورت‌های مالی تلفیقی سال مالی منتهی به ۱۴۰۱_۰۶_۳۱ (حسابرسی شده).xlsx,HTML_MISLABELED_XLSX,.xlsx,594046,16cc94f7a426365483d853e061b3abf72fdfbfee0b7c7162877670dad3b61c78,OK,,2811,PAYLOAD_SUBSTANTIVE,,سکرد,1401,1401/06/31,consolidated,audited,original,NOT_DETECTED,,,,1401/06/31,HTML_TABLE_1!R1C2,,,,,,NO_AUDITOR_BLOCK_DETECTED,,,NO_AUDITOR_BLOCK_DETECTED,
اکسل های صورت مالی کل زیپ ۱۳۹۲-۱۴۰۲.zip,سكرد.zip,سكرد.zip!سكرد_۱۴۰۲_۰۶_۳۱_consolidated_ن-۱۰_صورت‌های مالی تلفیقی سال مالی منتهی به ۱۴۰۲_۰۶_۳۱ (حسابرسی شده).xlsx,سكرد_۱۴۰۲_۰۶_۳۱_consolidated_ن-۱۰_صورت‌های مالی تلفیقی سال مالی منتهی به ۱۴۰۲_۰۶_۳۱ (حسابرسی شده).xlsx,HTML_MISLABELED_XLSX,.xlsx,694735,a38bd1cb40218ba97690035fa7efa56972704fb53ca029c66168b1654bda9b56,OK,,3302,PAYLOAD_SUBSTANTIVE,,سکرد,1402,1402/06/31,consolidated,audited,original,NOT_DETECTED,,,,1402/06/31,HTML_TABLE_1!R1C2,,,,,,NO_AUDITOR_BLOCK_DETECTED,,,NO_AUDITOR_BLOCK_DETECTED,
اکسل های صورت مالی کل زیپ ۱۳۹۲-۱۴۰۲.zip,سكرد.zip,سكرد.zip!سكرد_۱۴۰۳_۰۶_۳۱_consolidated_ن-۱۰_صورت‌های مالی تلفیقی سال مالی منتهی به ۱۴۰۳_۰۶_۳۱ (حسابرسی شده).xlsx,سكرد_۱۴۰۳_۰۶_۳۱_consolidated_ن-۱۰_صورت‌های مالی تلفیقی سال مالی منتهی به ۱۴۰۳_۰۶_۳۱ (حسابرسی شده).xlsx,HTML_MISLABELED_XLSX,.xlsx,699643,5a6189c3ddc2711e0c27d71039eb95abf357e5a15f6a8c29d464607e0f2b2682,OK,,3327,PAYLOAD_SUBSTANTIVE,,سکرد,1403,1403/06/31,consolidated,audited,original,NOT_DETECTED,,,,1403/06/31,HTML_TABLE_1!R1C2,,,,,,NO_AUDITOR_BLOCK_DETECTED,,,NO_AUDITOR_BLOCK_DETECTED,
اکسل های صورت مالی کل زیپ ۱۳۹۲-۱۴۰۲.zip,سمازن.zip,سمازن.zip!سمازن_۱۳۹۱_۱۲_۳۰_separate_ن-۱۰_صورتهای مالی سال مالی منتهی به ۱۳۹۱_۱۲_۳۰ (حسابرسی شده).xlsx,سمازن_۱۳۹۱_۱۲_۳۰_separate_ن-۱۰_صورتهای مالی سال مالی منتهی به ۱۳۹۱_۱۲_۳۰ (حسابرسی شده).xlsx,OLE2_LEGACY_EXCEL,.xlsx,84992,f3dfa3a63ba4e0beef494e17e57826d40dae456cfdefee634fe528d7228dfa92,OK,,663,PAYLOAD_SUBSTANTIVE,,سمازن,1391,1391/12/30,separate,audited,original,DETECTED,Sheet1,9,90,1391/12/30,Sheet1!R6C4,مقبول,UNQUALIFIED_FAIR_FORMULA|HEADING_CELL,Sheet1!R28C14,Sheet1!R29C2,,,1392/02/10,Sheet1!R82C23,,سیمان مازندران
اکسل های صورت مالی کل زیپ ۱۳۹۲-۱۴۰۲.zip,سمازن.zip,سمازن.zip!سمازن_۱۳۹۲_۱۲_۲۹_separate_ن-۱۰_صورتهای مالی سال مالی منتهی به ۱۳۹۲_۱۲_۲۹ (حسابرسی شده).xlsx,سمازن_۱۳۹۲_۱۲_۲۹_separate_ن-۱۰_صورتهای مالی سال مالی منتهی به ۱۳۹۲_۱۲_۲۹ (حسابرسی شده).xlsx,OLE2_LEGACY_EXCEL,.xlsx,86528,c8a0cc8818020f2ca1cb64fe9dd8ea77133343528be6e0c34d9595ab010f4aee,OK,,720,PAYLOAD_SUBSTANTIVE,,سمازن,1392,1392/12/29,separate,audited,original,DETECTED,Sheet1,9,81,1392/12/29,Sheet1!R6C4,مقبول,UNQUALIFIED_FAIR_FORMULA|HEADING_CELL,Sheet1!R28C14,Sheet1!R29C2,,,1393/02/11,Sheet1!R72C23,,سیمان مازندران
اکسل های صورت مالی کل زیپ ۱۳۹۲-۱۴۰۲.zip,سمازن.zip,سمازن.zip!سمازن_۱۳۹۳_۱۲_۲۹_separate_ن-۱۰_صورت‌های مالی سال مالی منتهی به ۱۳۹۳_۱۲_۲۹ (حسابرسی شده).xlsx,سمازن_۱۳۹۳_۱۲_۲۹_separate_ن-۱۰_صورت‌های مالی سال مالی منتهی به ۱۳۹۳_۱۲_۲۹ (حسابرسی شده).xlsx,OLE2_LEGACY_EXCEL,.xlsx,87552,47f706834061db22df20251458e4566099660fa412974f9134233c9e6d40eb5c,OK,,740,PAYLOAD_SUBSTANTIVE,,سمازن,1393,1393/12/29,separate,audited,original,DETECTED,Sheet1,9,86,1393/12/29,Sheet1!R6C4,مشروط,QUALIFIED_FAIR_WITH_EXCEPTION|HEADING_CELL,Sheet1!R32C14,Sheet1!R34C2,,,1394/02/22,Sheet1!R77C23,,سیمان مازندران
اکسل های صورت مالی کل زیپ ۱۳۹۲-۱۴۰۲.zip,سمازن.zip,سمازن.zip!سمازن_۱۳۹۴_۱۲_۲۹_consolidated_ن-۱۰_صورت‌های مالی تلفیقی سال مالی منتهی به ۱۳۹۴_۱۲_۲۹ (حسابرسی شده).xlsx,سمازن_۱۳۹۴_۱۲_۲۹_consolidated_ن-۱۰_صورت‌های مالی تلفیقی سال مالی منتهی به ۱۳۹۴_۱۲_۲۹ (حسابرسی شده).xlsx,OLE2_LEGACY_EXCEL,.xlsx,148480,7590cf2c4b580cd2b2051baf35bb73247cc7000a1e60c3d03a40410a8639c7bd,OK,,1507,PAYLOAD_SUBSTANTIVE,,سمازن,1394,1394/12/29,consolidated,audited,original,DETECTED,Sheet1,9,97,1394/12/29,Sheet1!R6C4,مشروط,QUALIFIED_FAIR_WITH_EXCEPTION|HEADING_CELL,Sheet1!R37C14,Sheet1!R38C2,,,1395/02/22,Sheet1!R88C23,,سیمان مازندران
اکسل های صورت مالی کل زیپ ۱۳۹۲-۱۴۰۲.zip,سمازن.zip,سمازن.zip!سمازن_۱۳۹۶_۰۹_۳۰_consolidated_ن-۱۰_صورت‌های مالی تلفیقی سال مالی منتهی به ۱۳۹۶_۰۹_۳۰ (حسابرسی شده).xlsx,سمازن_۱۳۹۶_۰۹_۳۰_consolidated_ن-۱۰_صورت‌های مالی تلفیقی سال مالی منتهی به ۱۳۹۶_۰۹_۳۰ (حسابرسی شده).xlsx,OLE2_LEGACY_EXCEL,.xlsx,138240,986fc46e1b1d4f23b85cf87a104a0b40d0f111d79d049b18597880e35b4026d3,OK,,1527,PAYLOAD_SUBSTANTIVE,,سمازن,1396,1396/09/30,consolidated,audited,original,DETECTED,Sheet1,11,77,1396/09/30,Sheet1!R8C4,مقبول,UNQUALIFIED_FAIR_FORMULA|HEADING_CELL,Sheet1!R29C12,Sheet1!R30C2,,,1396/11/21,Sheet1!R68C20,,سیمان مازندران
اکسل های صورت مالی کل زیپ ۱۳۹۲-۱۴۰۲.zip,سمازن.zip,سمازن.zip!سمازن_۱۳۹۷_۰۹_۳۰_consolidated_ن-۱۰_صورت‌های مالی تلفیقی سال مالی منتهی به ۱۳۹۷_۰۹_۳۰ (حسابرسی شده).xlsx,سمازن_۱۳۹۷_۰۹_۳۰_consolidated_ن-۱۰_صورت‌های مالی تلفیقی سال مالی منتهی به ۱۳۹۷_۰۹_۳۰ (حسابرسی شده).xlsx,HTML_MISLABELED_XLSX,.xlsx,235659,11daf901621bf9ab545df77191172611c6a2dea2c296f586c9160492940d525a,OK,,1045,PAYLOAD_SUBSTANTIVE,,سمازن,1397,1397/09/30,consolidated,audited,original,NOT_DETECTED,,,,1397/09/30,HTML_TABLE_1!R1C2,,,,,,NO_AUDITOR_BLOCK_DETECTED,,,NO_AUDITOR_BLOCK_DETECTED,
اکسل های صورت مالی کل زیپ ۱۳۹۲-۱۴۰۲.zip,سمازن.zip,سمازن.zip!سمازن_۱۳۹۸_۰۹_۳۰_consolidated_ن-۱۰_صورت‌های مالی تلفیقی سال مالی منتهی به ۱۳۹۸_۰۹_۳۰ (حسابرسی شده).xlsx,سمازن_۱۳۹۸_۰۹_۳۰_consolidated_ن-۱۰_صورت‌های مالی تلفیقی سال مالی منتهی به ۱۳۹۸_۰۹_۳۰ (حسابرسی شده).xlsx,HTML_MISLABELED_XLSX,.xlsx,5930,9f6cd4f36ced7e029f8def6dda2786c53e4f6079715cb9e330fe4601988732d7,OK,,1,PAYLOAD_NON_SUBSTANTIVE,ONLY_1_CELLS,سمازن,1398,1398/09/30,consolidated,audited,original,NOT_DETECTED,,,,,,,,,,,NO_AUDITOR_BLOCK_DETECTED,,,NO_AUDITOR_BLOCK_DETECTED,
اکسل های صورت مالی کل زیپ ۱۳۹۲-۱۴۰۲.zip,سمازن.zip,سمازن.zip!سمازن_۱۳۹۸_۰۹_۳۰_consolidated_ن-۱۰_صورت‌های مالی تلفیقی سال مالی منتهی به ۱۳۹۸_۰۹_۳۰ (حسابرسی شده)(اصلاحیه).xlsx,سمازن_۱۳۹۸_۰۹_۳۰_consolidated_ن-۱۰_صورت‌های مالی تلفیقی سال مالی منتهی به ۱۳۹۸_۰۹_۳۰ (حسابرسی شده)(اصلاحیه).xlsx,HTML_MISLABELED_XLSX,.xlsx,5930,9f6cd4f36ced7e029f8def6dda2786c53e4f6079715cb9e330fe4601988732d7,OK,,1,PAYLOAD_NON_SUBSTANTIVE,ONLY_1_CELLS,سمازن,1398,1398/09/30,consolidated,audited,correction,NOT_DETECTED,,,,,,,,,,,NO_AUDITOR_BLOCK_DETECTED,,,NO_AUDITOR_BLOCK_DETECTED,
اکسل های صورت مالی کل زیپ ۱۳۹۲-۱۴۰۲.zip,سمازن.zip,سمازن.zip!سمازن_۱۳۹۹_۰۹_۳۰_consolidated_ن-۱۰_صورت‌های مالی تلفیقی سال مالی منتهی به ۱۳۹۹_۰۹_۳۰ (حسابرسی شده).xlsx,سمازن_۱۳۹۹_۰۹_۳۰_consolidated_ن-۱۰_صورت‌های مالی تلفیقی سال مالی منتهی به ۱۳۹۹_۰۹_۳۰ (حسابرسی شده).xlsx,HTML_MISLABELED_XLSX,.xlsx,499466,2a48b4919dc625a20d017c6994e8508c58ad1338c4d9d88bfc37cbc18d26ebd9,OK,,2378,PAYLOAD_SUBSTANTIVE,,سمازن,1399,1399/09/30,consolidated,audited,original,NOT_DETECTED,,,,1399/09/30,HTML_TABLE_1!R1C2,,,,,,NO_AUDITOR_BLOCK_DETECTED,,,NO_AUDITOR_BLOCK_DETECTED,
اکسل های صورت مالی کل زیپ ۱۳۹۲-۱۴۰۲.zip,سمازن.zip,سمازن.zip!سمازن_۱۴۰۰_۰۹_۳۰_consolidated_ن-۱۰_صورت‌های مالی تلفیقی سال مالی منتهی به ۱۴۰۰_۰۹_۳۰ (حسابرسی شده).xlsx,سمازن_۱۴۰۰_۰۹_۳۰_consolidated_ن-۱۰_صورت‌های مالی تلفیقی سال مالی منتهی به ۱۴۰۰_۰۹_۳۰ (حسابرسی شده).xlsx,HTML_MISLABELED_XLSX,.xlsx,580267,68c4330c51cc55ab36359352d1c9854f017b713b6170c69c6b9938157fc6d876,OK,,2778,PAYLOAD_SUBSTANTIVE,,سمازن,1400,1400/09/30,consolidated,audited,original,NOT_DETECTED,,,,1400/09/30,HTML_TABLE_1!R1C2,,,,,,NO_AUDITOR_BLOCK_DETECTED,,,NO_AUDITOR_BLOCK_DETECTED,
اکسل های صورت مالی کل زیپ ۱۳۹۲-۱۴۰۲.zip,سمازن.zip,سمازن.zip!سمازن_۱۴۰۱_۰۹_۳۰_consolidated_ن-۱۰_صورت‌های مالی تلفیقی سال مالی منتهی به ۱۴۰۱_۰۹_۳۰ (حسابرسی شده).xlsx,سمازن_۱۴۰۱_۰۹_۳۰_consolidated_ن-۱۰_صورت‌های مالی تلفیقی سال مالی منتهی به ۱۴۰۱_۰۹_۳۰ (حسابرسی شده).xlsx,HTML_MISLABELED_XLSX,.xlsx,626171,a937e25283af081e3abe2b6ca3e75e0089ed77c63382374910a570284b10c293,OK,,3033,PAYLOAD_SUBSTANTIVE,,سمازن,1401,1401/09/30,consolidated,audited,original,NOT_DETECTED,,,,1401/09/30,HTML_TABLE_1!R1C3,,,,,,NO_AUDITOR_BLOCK_DETECTED,,,NO_AUDITOR_BLOCK_DETECTED,
اکسل های صورت مالی کل زیپ ۱۳۹۲-۱۴۰۲.zip,سمازن.zip,سمازن.zip!سمازن_۱۴۰۲_۰۹_۳۰_consolidated_ن-۱۰_صورت‌های مالی تلفیقی سال مالی منتهی به ۱۴۰۲_۰۹_۳۰ (حسابرسی شده).xlsx,سمازن_۱۴۰۲_۰۹_۳۰_consolidated_ن-۱۰_صورت‌های مالی تلفیقی سال مالی منتهی به ۱۴۰۲_۰۹_۳۰ (حسابرسی شده).xlsx,HTML_MISLABELED_XLSX,.xlsx,691638,c0af8e64181703ffd286b1ac76969892b7ccd1323da3d646014982288fa2ddda,OK,,3266,PAYLOAD_SUBSTANTIVE,,سمازن,1402,1402/09/30,consolidated,audited,original,NOT_DETECTED,,,,1402/09/30,HTML_TABLE_1!R1C2,,,,,,NO_AUDITOR_BLOCK_DETECTED,,,NO_AUDITOR_BLOCK_DETECTED,
اکسل های صورت مالی کل زیپ ۱۳۹۲-۱۴۰۲.zip,سمازن.zip,سمازن.zip!سمازن_۱۴۰۳_۰۹_۳۰_consolidated_ن-۱۰_صورت‌های مالی تلفیقی سال مالی منتهی به ۱۴۰۳_۰۹_۳۰ (حسابرسی شده).xlsx,سمازن_۱۴۰۳_۰۹_۳۰_consolidated_ن-۱۰_صورت‌های مالی تلفیقی سال مالی منتهی به ۱۴۰۳_۰۹_۳۰ (حسابرسی شده).xlsx,HTML_MISLABELED_XLSX,.xlsx,693204,bc513d3b9518340b6900b01e699597cb9403df65270552356fbe3ca1300c3e1e,OK,,3278,PAYLOAD_SUBSTANTIVE,,سمازن,1403,1403/09/30,consolidated,audited,original,NOT_DETECTED,,,,1403/09/30,HTML_TABLE_1!R1C2,,,,,,NO_AUDITOR_BLOCK_DETECTED,,,NO_AUDITOR_BLOCK_DETECTED,
اکسل های صورت مالی کل زیپ ۱۳۹۲-۱۴۰۲.zip,سنير.zip,سنير.zip!سنير_۱۳۹۱_۱۲_۳۰_separate_ن-۱۰_صورتهای مالی سال مالی منتهی به ۱۳۹۱_۱۲_۳۰ (حسابرسی شده).xlsx,سنير_۱۳۹۱_۱۲_۳۰_separate_ن-۱۰_صورتهای مالی سال مالی منتهی به ۱۳۹۱_۱۲_۳۰ (حسابرسی شده).xlsx,OLE2_LEGACY_EXCEL,.xlsx,52224,76063aefdae6bed0a4367327c35150911f7bf6858be55750544cfd8df09fcc86,OK,,432,PAYLOAD_SUBSTANTIVE,,سنیر,1391,1391/12/30,separate,audited,original,DETECTED,Sheet1,9,60,1391/12/30,Sheet1!R6C4,مقبول,UNQUALIFIED_FAIR_FORMULA|HEADING_CELL,Sheet1!R32C14,Sheet1!R34C2,,,1392/01/22,Sheet1!R53C23,,سیمان سفید نی ریز
اکسل های صورت مالی کل زیپ ۱۳۹۲-۱۴۰۲.zip,سنير.zip,سنير.zip!سنير_۱۳۹۲_۱۲_۲۹_separate_ن-۱۰_صورتهای مالی سال مالی منتهی به ۱۳۹۲_۱۲_۲۹ (حسابرسی شده).xlsx,سنير_۱۳۹۲_۱۲_۲۹_separate_ن-۱۰_صورتهای مالی سال مالی منتهی به ۱۳۹۲_۱۲_۲۹ (حسابرسی شده).xlsx,OLE2_LEGACY_EXCEL,.xlsx,67584,2ac74e4d7a97a9c19b74f9f0d7377291aa3ca30f97a8768e2bad46fd96a8ee94,OK,,563,PAYLOAD_SUBSTANTIVE,,سنیر,1392,1392/12/29,separate,audited,original,DETECTED,Sheet1,9,55,1392/12/29,Sheet1!R6C4,مقبول,UNQUALIFIED_FAIR_FORMULA|HEADING_CELL,Sheet1!R28C14,Sheet1!R29C2,,,1393/02/01,Sheet1!R47C23,,سیمان سفید نی ریز
اکسل های صورت مالی کل زیپ ۱۳۹۲-۱۴۰۲.zip,سنير.zip,سنير.zip!سنير_۱۳۹۳_۱۲_۲۹_separate_ن-۱۰_صورتهای مالی سال مالی منتهی به ۱۳۹۳_۱۲_۲۹ (حسابرسی شده).xlsx,سنير_۱۳۹۳_۱۲_۲۹_separate_ن-۱۰_صورتهای مالی سال مالی منتهی به ۱۳۹۳_۱۲_۲۹ (حسابرسی شده).xlsx,OLE2_LEGACY_EXCEL,.xlsx,68096,0aa94e636426e2c03b60c04e46706f8664fa1f25b848dc03c8f5fd240cc2736b,OK,,599,PAYLOAD_SUBSTANTIVE,,سنیر,1393,1393/12/29,separate,audited,original,DETECTED,Sheet1,9,54,1393/12/29,Sheet1!R6C4,مقبول,UNQUALIFIED_FAIR_FORMULA|HEADING_CELL,Sheet1!R28C14,Sheet1!R29C2,,,1394/02/01,Sheet1!R46C23,,سیمان سفید نی ریز
اکسل های صورت مالی کل زیپ ۱۳۹۲-۱۴۰۲.zip,سنير.zip,سنير.zip!سنير_۱۳۹۴_۱۲_۲۹_separate_ن-۱۰_صورت‌های مالی سال مالی منتهی به ۱۳۹۴_۱۲_۲۹ (حسابرسی شده).xlsx,سنير_۱۳۹۴_۱۲_۲۹_separate_ن-۱۰_صورت‌های مالی سال مالی منتهی به ۱۳۹۴_۱۲_۲۹ (حسابرسی شده).xlsx,OLE2_LEGACY_EXCEL,.xlsx,72192,b2d670bbbdb3d59870af9e730dc766b94b68345b540d0f536fe490006e99a03f,OK,,599,PAYLOAD_SUBSTANTIVE,,سنیر,1394,1394/12/29,separate,audited,original,DETECTED,Sheet1,9,61,1394/12/29,Sheet1!R6C4,مقبول,UNQUALIFIED_FAIR_FORMULA|HEADING_CELL,Sheet1!R32C14,Sheet1!R34C2,,,1395/02/01,Sheet1!R53C23,,سیمان سفید نی ریز
اکسل های صورت مالی کل زیپ ۱۳۹۲-۱۴۰۲.zip,سنير.zip,سنير.zip!سنير_۱۳۹۵_۱۲_۳۰_separate_ن-۱۰_صورت‌های مالی سال مالی منتهی به ۱۳۹۵_۱۲_۳۰ (حسابرسی شده).xlsx,سنير_۱۳۹۵_۱۲_۳۰_separate_ن-۱۰_صورت‌های مالی سال مالی منتهی به ۱۳۹۵_۱۲_۳۰ (حسابرسی شده).xlsx,OLE2_LEGACY_EXCEL,.xlsx,74752,986b90c0ab1149121fa1f24925183f2b293b69ab3d0273272cc95c51b636948a,OK,,642,PAYLOAD_SUBSTANTIVE,,سنیر,1395,1395/12/30,separate,audited,original,DETECTED,Sheet1,11,61,1395/12/30,Sheet1!R8C4,مشروط,QUALIFIED_FAIR_WITH_EXCEPTION|HEADING_CELL,Sheet1!R39C12,Sheet1!R40C2,,,1396/02/02,Sheet1!R53C20,,سیمان سفید نی ریز
اکسل های صورت مالی کل زیپ ۱۳۹۲-۱۴۰۲.zip,سنير.zip,سنير.zip!سنير_۱۳۹۶_۱۲_۲۹_separate_ن-۱۰_صورت‌های مالی سال مالی منتهی به ۱۳۹۶_۱۲_۲۹ (حسابرسی شده).xlsx,سنير_۱۳۹۶_۱۲_۲۹_separate_ن-۱۰_صورت‌های مالی سال مالی منتهی به ۱۳۹۶_۱۲_۲۹ (حسابرسی شده).xlsx,OLE2_LEGACY_EXCEL,.xlsx,76800,a13f0536fe21c1ef2e0927223ff93e8e7c2a908a64dbf0eb3a6075811ea7a7f2,OK,,646,PAYLOAD_SUBSTANTIVE,,سنیر,1396,1396/12/29,separate,audited,original,DETECTED,Sheet1,11,65,1396/12/29,Sheet1!R8C4,مقبول,UNQUALIFIED_FAIR_FORMULA|HEADING_CELL,Sheet1!R29C12,Sheet1!R30C2,,,1397/02/08,Sheet1!R57C20,,سیمان سفید نی ریز
اکسل های صورت مالی کل زیپ ۱۳۹۲-۱۴۰۲.zip,سنير.zip,سنير.zip!سنير_۱۳۹۷_۱۲_۲۹_separate_ن-۱۰_صورت‌های مالی سال مالی منتهی به ۱۳۹۷_۱۲_۲۹ (حسابرسی شده).xlsx,سنير_۱۳۹۷_۱۲_۲۹_separate_ن-۱۰_صورت‌های مالی سال مالی منتهی به ۱۳۹۷_۱۲_۲۹ (حسابرسی شده).xlsx,HTML_MISLABELED_XLSX,.xlsx,113313,a21427b2b700a60ee531e97291477035d112a2e97259e3a1833dfe699057851e,OK,,495,PAYLOAD_SUBSTANTIVE,,سنیر,1397,1397/12/29,separate,audited,original,NOT_DETECTED,,,,1397/12/29,HTML_TABLE_1!R1C2,,,,,,NO_AUDITOR_BLOCK_DETECTED,,,NO_AUDITOR_BLOCK_DETECTED,
اکسل های صورت مالی کل زیپ ۱۳۹۲-۱۴۰۲.zip,سنير.zip,سنير.zip!سنير_۱۳۹۸_۱۲_۲۹_separate_ن-۱۰_صورت‌های مالی سال مالی منتهی به ۱۳۹۸_۱۲_۲۹ (حسابرسی شده).xlsx,سنير_۱۳۹۸_۱۲_۲۹_separate_ن-۱۰_صورت‌های مالی سال مالی منتهی به ۱۳۹۸_۱۲_۲۹ (حسابرسی شده).xlsx,HTML_MISLABELED_XLSX,.xlsx,300380,3ca8078fbb2ca5d299666aa15b9354b3c2fc5a54c47e55286af87a79b47e6e90,OK,,1376,PAYLOAD_SUBSTANTIVE,,سنیر,1398,1398/12/29,separate,audited,original,NOT_DETECTED,,,,1398/12/29,HTML_TABLE_1!R1C2,,,,,,NO_AUDITOR_BLOCK_DETECTED,,,NO_AUDITOR_BLOCK_DETECTED,
اکسل های صورت مالی کل زیپ ۱۳۹۲-۱۴۰۲.zip,سنير.zip,سنير.zip!سنير_۱۳۹۹_۱۲_۳۰_separate_ن-۱۰_صورت‌های مالی سال مالی منتهی به ۱۳۹۹_۱۲_۳۰ (حسابرسی شده).xlsx,سنير_۱۳۹۹_۱۲_۳۰_separate_ن-۱۰_صورت‌های مالی سال مالی منتهی به ۱۳۹۹_۱۲_۳۰ (حسابرسی شده).xlsx,HTML_MISLABELED_XLSX,.xlsx,302027,03d9231400f8740fe8c1b9d166e9a415461eb763f68576c209e1df3f098a36f3,OK,,1414,PAYLOAD_SUBSTANTIVE,,سنیر,1399,1399/12/30,separate,audited,original,NOT_DETECTED,,,,1399/12/30,HTML_TABLE_1!R1C2,,,,,,NO_AUDITOR_BLOCK_DETECTED,,,NO_AUDITOR_BLOCK_DETECTED,
اکسل های صورت مالی کل زیپ ۱۳۹۲-۱۴۰۲.zip,سنير.zip,سنير.zip!سنير_۱۴۰۰_۱۲_۲۹_separate_ن-۱۰_صورت‌های مالی سال مالی منتهی به ۱۴۰۰_۱۲_۲۹ (حسابرسی شده).xlsx,سنير_۱۴۰۰_۱۲_۲۹_separate_ن-۱۰_صورت‌های مالی سال مالی منتهی به ۱۴۰۰_۱۲_۲۹ (حسابرسی شده).xlsx,HTML_MISLABELED_XLSX,.xlsx,386820,fedc139b65d1788fb557b0f6ea6331d9c296eb790eaf6eae93d544a1360682aa,OK,,1818,PAYLOAD_SUBSTANTIVE,,سنیر,1400,1400/12/29,separate,audited,original,NOT_DETECTED,,,,1400/12/29,HTML_TABLE_1!R1C2,,,,,,NO_AUDITOR_BLOCK_DETECTED,,,NO_AUDITOR_BLOCK_DETECTED,
اکسل های صورت مالی کل زیپ ۱۳۹۲-۱۴۰۲.zip,سنير.zip,سنير.zip!سنير_۱۴۰۱_۱۲_۲۹_separate_ن-۱۰_صورت‌های مالی سال مالی منتهی به ۱۴۰۱_۱۲_۲۹ (حسابرسی شده).xlsx,سنير_۱۴۰۱_۱۲_۲۹_separate_ن-۱۰_صورت‌های مالی سال مالی منتهی به ۱۴۰۱_۱۲_۲۹ (حسابرسی شده).xlsx,HTML_MISLABELED_XLSX,.xlsx,241776,0184730b5b07b8e943174297302b78f842c0537d805e746e7cc5c4e7beeedf4c,OK,,942,PAYLOAD_SUBSTANTIVE,,سنیر,1401,1401/12/29,separate,audited,original,NOT_DETECTED,,,,1401/12/29,HTML_TABLE_1!R22C1,,,,,,NO_AUDITOR_BLOCK_DETECTED,,,NO_AUDITOR_BLOCK_DETECTED,
اکسل های صورت مالی کل زیپ ۱۳۹۲-۱۴۰۲.zip,سنير.zip,سنير.zip!سنير_۱۴۰۲_۱۲_۲۹_separate_ن-۱۰_صورت‌های مالی سال مالی منتهی به ۱۴۰۲_۱۲_۲۹ (حسابرسی شده).xlsx,سنير_۱۴۰۲_۱۲_۲۹_separate_ن-۱۰_صورت‌های مالی سال مالی منتهی به ۱۴۰۲_۱۲_۲۹ (حسابرسی شده).xlsx,HTML_MISLABELED_XLSX,.xlsx,150457,6b00e96e351da4f9a25504d689cfa36db501dc55dc31d22b093ecc51b846897d,OK,,527,PAYLOAD_SUBSTANTIVE,,سنیر,1402,1402/12/29,separate,audited,original,NOT_DETECTED,,,,1402/12/29,HTML_TABLE_1!R1C2,,,,,,NO_AUDITOR_BLOCK_DETECTED,,,NO_AUDITOR_BLOCK_DETECTED,
اکسل های صورت مالی کل زیپ ۱۳۹۲-۱۴۰۲.zip,سهگمت.zip,سهگمت.zip!سهگمت_۱۳۹۲_۱۰_۳۰_separate_ن-۱۰_صورتهای مالی سال مالی منتهی به ۱۳۹۲_۱۰_۳۰ (حسابرسی شده).xlsx,سهگمت_۱۳۹۲_۱۰_۳۰_separate_ن-۱۰_صورتهای مالی سال مالی منتهی به ۱۳۹۲_۱۰_۳۰ (حسابرسی شده).xlsx,OLE2_LEGACY_EXCEL,.xlsx,79360,4eb13cc54250043f82cfd475805693b96c48f964003951c654bcb31ae6cb6b1f,OK,,706,PAYLOAD_SUBSTANTIVE,,سهگمت,1392,1392/10/30,separate,audited,original,DETECTED,Sheet1,9,65,1392/10/30,Sheet1!R6C4,مقبول,UNQUALIFIED_FAIR_FORMULA|HEADING_CELL,Sheet1!R28C14,Sheet1!R29C2,,,1392/12/18,Sheet1!R56C23,,سیمان هگمتان
اکسل های صورت مالی کل زیپ ۱۳۹۲-۱۴۰۲.zip,سهگمت.zip,سهگمت.zip!سهگمت_۱۳۹۳_۱۰_۳۰_separate_ن-۱۰_صورتهای مالی سال مالی منتهی به ۱۳۹۳_۱۰_۳۰ (حسابرسی شده).xlsx,سهگمت_۱۳۹۳_۱۰_۳۰_separate_ن-۱۰_صورتهای مالی سال مالی منتهی به ۱۳۹۳_۱۰_۳۰ (حسابرسی شده).xlsx,OLE2_LEGACY_EXCEL,.xlsx,89088,42251ba95a0c3e78c2c3b692ec6760064698e1b3037e4b478004128cd96b74c4,OK,,791,PAYLOAD_SUBSTANTIVE,,سهگمت,1393,1393/10/30,separate,audited,original,DETECTED,Sheet1,9,76,1393/10/30,Sheet1!R6C4,مقبول,UNQUALIFIED_FAIR_FORMULA|HEADING_CELL,Sheet1!R28C14,Sheet1!R29C2,,,1393/12/27,Sheet1!R67C23,,سیمان هگمتان
اکسل های صورت مالی کل زیپ ۱۳۹۲-۱۴۰۲.zip,سهگمت.zip,سهگمت.zip!سهگمت_۱۳۹۴_۱۰_۳۰_separate_ن-۱۰_صورت‌های مالی سال مالی منتهی به ۱۳۹۴_۱۰_۳۰ (حسابرسی شده).xlsx,سهگمت_۱۳۹۴_۱۰_۳۰_separate_ن-۱۰_صورت‌های مالی سال مالی منتهی به ۱۳۹۴_۱۰_۳۰ (حسابرسی شده).xlsx,OLE2_LEGACY_EXCEL,.xlsx,93696,781fbe46923a35c249227a9a5b611dffd79bd14a18ddbcb0c4953e1644791c22,OK,,791,PAYLOAD_SUBSTANTIVE,,سهگمت,1394,1394/10/30,separate,audited,original,DETECTED,Sheet1,9,81,1394/10/30,Sheet1!R6C4,مقبول,UNQUALIFIED_FAIR_FORMULA|HEADING_CELL,Sheet1!R28C14,Sheet1!R29C2,,,1394/12/22,Sheet1!R72C23,,سیمان هگمتان
اکسل های صورت مالی کل زیپ ۱۳۹۲-۱۴۰۲.zip,سهگمت.zip,سهگمت.zip!سهگمت_۱۳۹۵_۱۰_۳۰_consolidated_ن-۱۰_صورت‌های مالی تلفیقی سال مالی منتهی به ۱۳۹۵_۱۰_۳۰ (حسابرسی شده).xlsx,سهگمت_۱۳۹۵_۱۰_۳۰_consolidated_ن-۱۰_صورت‌های مالی تلفیقی سال مالی منتهی به ۱۳۹۵_۱۰_۳۰ (حسابرسی شده).xlsx,OLE2_LEGACY_EXCEL,.xlsx,147968,a06add7d57b5167ca7356a2b48db10bb316f545b6f658e100fc015bd7c330593,OK,,1603,PAYLOAD_SUBSTANTIVE,,سهگمت,1395,1395/10/30,consolidated,audited,original,DETECTED,Sheet1,11,80,1395/10/30,Sheet1!R8C4,مقبول,UNQUALIFIED_FAIR_FORMULA|HEADING_CELL,Sheet1!R29C12,Sheet1!R30C2,,,1396/01/19,Sheet1!R71C20,,سیمان هگمتان
اکسل های صورت مالی کل زیپ ۱۳۹۲-۱۴۰۲.zip,سهگمت.zip,سهگمت.zip!سهگمت_۱۳۹۶_۱۰_۳۰_consolidated_ن-۱۰_صورت‌های مالی تلفیقی سال مالی منتهی به ۱۳۹۶_۱۰_۳۰ (حسابرسی شده).xlsx,سهگمت_۱۳۹۶_۱۰_۳۰_consolidated_ن-۱۰_صورت‌های مالی تلفیقی سال مالی منتهی به ۱۳۹۶_۱۰_۳۰ (حسابرسی شده).xlsx,OLE2_LEGACY_EXCEL,.xlsx,142848,4343bf2a337d58bf41667bbd0a279af9f95d02c976985249bc95bb0d1be3e57e,OK,,1565,PAYLOAD_SUBSTANTIVE,,سهگمت,1396,1396/10/30,consolidated,audited,original,DETECTED,Sheet1,11,75,1396/10/30,Sheet1!R8C4,مقبول,UNQUALIFIED_FAIR_FORMULA|HEADING_CELL,Sheet1!R29C12,Sheet1!R30C2,,,1396/12/28,Sheet1!R66C20,,سیمان هگمتان
اکسل های صورت مالی کل زیپ ۱۳۹۲-۱۴۰۲.zip,سهگمت.zip,سهگمت.zip!سهگمت_۱۳۹۶_۱۰_۳۰_consolidated_ن-۱۰_صورت‌های مالی تلفیقی سال مالی منتهی به ۱۳۹۶_۱۰_۳۰ (حسابرسی شده)(اصلاحیه).xlsx,سهگمت_۱۳۹۶_۱۰_۳۰_consolidated_ن-۱۰_صورت‌های مالی تلفیقی سال مالی منتهی به ۱۳۹۶_۱۰_۳۰ (حسابرسی شده)(اصلاحیه).xlsx,OLE2_LEGACY_EXCEL,.xlsx,142848,ab2e29d1745dd84881a6276c35571c6bbcb61d66ef3dd544d4c660198a9373e2,OK,,1565,PAYLOAD_SUBSTANTIVE,,سهگمت,1396,1396/10/30,consolidated,audited,correction,DETECTED,Sheet1,11,75,1396/10/30,Sheet1!R8C4,مقبول,UNQUALIFIED_FAIR_FORMULA|HEADING_CELL,Sheet1!R29C12,Sheet1!R30C2,,,1396/12/28,Sheet1!R66C20,,سیمان هگمتان
اکسل های صورت مالی کل زیپ ۱۳۹۲-۱۴۰۲.zip,سهگمت.zip,سهگمت.zip!سهگمت_۱۳۹۷_۱۰_۳۰_consolidated_ن-۱۰_صورت‌های مالی تلفیقی سال مالی منتهی به ۱۳۹۷_۱۰_۳۰ (حسابرسی شده).xlsx,سهگمت_۱۳۹۷_۱۰_۳۰_consolidated_ن-۱۰_صورت‌های مالی تلفیقی سال مالی منتهی به ۱۳۹۷_۱۰_۳۰ (حسابرسی شده).xlsx,HTML_MISLABELED_XLSX,.xlsx,236554,c74f580656e700efeaeb49ceed79343f03a9972d238859cf3f3b2a75660eece1,OK,,1045,PAYLOAD_SUBSTANTIVE,,سهگمت,1397,1397/10/30,consolidated,audited,original,NOT_DETECTED,,,,1397/10/30,HTML_TABLE_1!R1C2,,,,,,NO_AUDITOR_BLOCK_DETECTED,,,NO_AUDITOR_BLOCK_DETECTED,
اکسل های صورت مالی کل زیپ ۱۳۹۲-۱۴۰۲.zip,سهگمت.zip,سهگمت.zip!سهگمت_۱۳۹۸_۱۰_۳۰_consolidated_ن-۱۰_صورت‌های مالی تلفیقی سال مالی منتهی به ۱۳۹۸_۱۰_۳۰ (حسابرسی شده).xlsx,سهگمت_۱۳۹۸_۱۰_۳۰_consolidated_ن-۱۰_صورت‌های مالی تلفیقی سال مالی منتهی به ۱۳۹۸_۱۰_۳۰ (حسابرسی شده).xlsx,HTML_MISLABELED_XLSX,.xlsx,373175,a6c2a83ab9231b5bf39fb48aa69b6393414223df7e4c4ab90d1c100af6b335a7,OK,,1835,PAYLOAD_SUBSTANTIVE,,سهگمت,1398,1398/10/30,consolidated,audited,original,NOT_DETECTED,,,,1398/10/30,HTML_TABLE_1!R1C2,,,,,,NO_AUDITOR_BLOCK_DETECTED,,,NO_AUDITOR_BLOCK_DETECTED,
اکسل های صورت مالی کل زیپ ۱۳۹۲-۱۴۰۲.zip,سهگمت.zip,سهگمت.zip!سهگمت_۱۳۹۹_۱۰_۳۰_consolidated_ن-۱۰_صورت‌های مالی تلفیقی سال مالی منتهی به ۱۳۹۹_۱۰_۳۰ (حسابرسی شده).xlsx,سهگمت_۱۳۹۹_۱۰_۳۰_consolidated_ن-۱۰_صورت‌های مالی تلفیقی سال مالی منتهی به ۱۳۹۹_۱۰_۳۰ (حسابرسی شده).xlsx,HTML_MISLABELED_XLSX,.xlsx,512332,639e46f24dc3b4e77cef8474878d7d10e70c13600c347ec05b92ae8512264110,OK,,2440,PAYLOAD_SUBSTANTIVE,,سهگمت,1399,1399/10/30,consolidated,audited,original,NOT_DETECTED,,,,1399/10/30,HTML_TABLE_1!R1C2,,,,,,NO_AUDITOR_BLOCK_DETECTED,,,NO_AUDITOR_BLOCK_DETECTED,
اکسل های صورت مالی کل زیپ ۱۳۹۲-۱۴۰۲.zip,سهگمت.zip,سهگمت.zip!سهگمت_۱۴۰۰_۱۰_۳۰_consolidated_ن-۱۰_صورت‌های مالی تلفیقی سال مالی منتهی به ۱۴۰۰_۱۰_۳۰ (حسابرسی شده).xlsx,سهگمت_۱۴۰۰_۱۰_۳۰_consolidated_ن-۱۰_صورت‌های مالی تلفیقی سال مالی منتهی به ۱۴۰۰_۱۰_۳۰ (حسابرسی شده).xlsx,HTML_MISLABELED_XLSX,.xlsx,607238,f7be8e7edcf39769ffbfe1f3494cb340278c9bb057acf66a887f30c0e6f65835,OK,,2975,PAYLOAD_SUBSTANTIVE,,سهگمت,1400,1400/10/30,consolidated,audited,original,NOT_DETECTED,,,,1400/10/30,HTML_TABLE_1!R1C2,,,,,,NO_AUDITOR_BLOCK_DETECTED,,,NO_AUDITOR_BLOCK_DETECTED,
اکسل های صورت مالی کل زیپ ۱۳۹۲-۱۴۰۲.zip,سهگمت.zip,سهگمت.zip!سهگمت_۱۴۰۱_۱۰_۳۰_consolidated_ن-۱۰_صورت‌های مالی تلفیقی سال مالی منتهی به ۱۴۰۱_۱۰_۳۰ (حسابرسی شده).xlsx,سهگمت_۱۴۰۱_۱۰_۳۰_consolidated_ن-۱۰_صورت‌های مالی تلفیقی سال مالی منتهی به ۱۴۰۱_۱۰_۳۰ (حسابرسی شده).xlsx,HTML_MISLABELED_XLSX,.xlsx,595429,0235d42b0c509f567859b0716f6a4609bb79fe70f7564b359ded3a581859af95,OK,,2834,PAYLOAD_SUBSTANTIVE,,سهگمت,1401,1401/10/30,consolidated,audited,original,NOT_DETECTED,,,,1401/10/30,HTML_TABLE_1!R1C2,,,,,,NO_AUDITOR_BLOCK_DETECTED,,,NO_AUDITOR_BLOCK_DETECTED,
اکسل های صورت مالی کل زیپ ۱۳۹۲-۱۴۰۲.zip,سهگمت.zip,سهگمت.zip!سهگمت_۱۴۰۲_۱۰_۳۰_consolidated_ن-۱۰_صورت‌های مالی تلفیقی سال مالی منتهی به ۱۴۰۲_۱۰_۳۰ (حسابرسی شده).xlsx,سهگمت_۱۴۰۲_۱۰_۳۰_consolidated_ن-۱۰_صورت‌های مالی تلفیقی سال مالی منتهی به ۱۴۰۲_۱۰_۳۰ (حسابرسی شده).xlsx,HTML_MISLABELED_XLSX,.xlsx,673638,d49bb243b79529d7b2d69b2db2dab06202cff4cc59f151b90521d97ecd3945c1,OK,,3149,PAYLOAD_SUBSTANTIVE,,سهگمت,1402,1402/10/30,consolidated,audited,original,NOT_DETECTED,,,,1402/10/30,HTML_TABLE_1!R1C2,,,,,,NO_AUDITOR_BLOCK_DETECTED,,,NO_AUDITOR_BLOCK_DETECTED,
اکسل های صورت مالی کل زیپ ۱۳۹۲-۱۴۰۲.zip,سيلام.zip,سيلام.zip!سيلام_۱۳۹۲_۱۰_۳۰_separate_ن-۱۰_صورتهای مالی سال مالی منتهی به ۱۳۹۲_۱۰_۳۰ (حسابرسی شده).xlsx,سيلام_۱۳۹۲_۱۰_۳۰_separate_ن-۱۰_صورتهای مالی سال مالی منتهی به ۱۳۹۲_۱۰_۳۰ (حسابرسی شده).xlsx,OLE2_LEGACY_EXCEL,.xlsx,68096,6d267718a20b8937477b6c94a7f66a6257c8f833efd321ff00bfa0272bdd37ee,OK,,573,PAYLOAD_SUBSTANTIVE,,سیلام,1392,1392/10/30,separate,audited,original,DETECTED,Sheet1,9,61,1392/10/30,Sheet1!R6C4,مقبول,UNQUALIFIED_FAIR_FORMULA|HEADING_CELL,Sheet1!R28C14,Sheet1!R29C2,,,1392/12/27,Sheet1!R52C23,,سیمان ایلام
اکسل های صورت مالی کل زیپ ۱۳۹۲-۱۴۰۲.zip,سيلام.zip,سيلام.zip!سيلام_۱۳۹۳_۱۰_۳۰_separate_ن-۱۰_صورتهای مالی سال مالی منتهی به ۱۳۹۳_۱۰_۳۰ (حسابرسی شده).xlsx,سيلام_۱۳۹۳_۱۰_۳۰_separate_ن-۱۰_صورتهای مالی سال مالی منتهی به ۱۳۹۳_۱۰_۳۰ (حسابرسی شده).xlsx,OLE2_LEGACY_EXCEL,.xlsx,75776,63c0c24dcf5b0ae296da3a4b74f032044ee4f8c8ae930e1209932ffeab108fed,OK,,600,PAYLOAD_SUBSTANTIVE,,سیلام,1393,1393/10/30,separate,audited,original,DETECTED,Sheet1,9,75,1393/10/30,Sheet1!R6C4,مقبول,UNQUALIFIED_FAIR_FORMULA|HEADING_CELL,Sheet1!R28C14,Sheet1!R29C2,,,1394/01/22,Sheet1!R66C23,,سیمان ایلام
اکسل های صورت مالی کل زیپ ۱۳۹۲-۱۴۰۲.zip,سيلام.zip,سيلام.zip!سيلام_۱۳۹۴_۱۰_۳۰_separate_ن-۱۰_صورت‌های مالی سال مالی منتهی به ۱۳۹۴_۱۰_۳۰ (حسابرسی شده).xlsx,سيلام_۱۳۹۴_۱۰_۳۰_separate_ن-۱۰_صورت‌های مالی سال مالی منتهی به ۱۳۹۴_۱۰_۳۰ (حسابرسی شده).xlsx,OLE2_LEGACY_EXCEL,.xlsx,83456,298852a2527a6976140f15a66260811b580fcd0514402f1cf6d668d21698f63b,OK,,613,PAYLOAD_SUBSTANTIVE,,سیلام,1394,1394/10/30,separate,audited,original,DETECTED,Sheet1,9,81,1394/10/30,Sheet1!R6C4,مقبول,UNQUALIFIED_FAIR_FORMULA|HEADING_CELL,Sheet1!R28C14,Sheet1!R29C2,,,1395/02/11,Sheet1!R72C23,,سیمان ایلام
اکسل های صورت مالی کل زیپ ۱۳۹۲-۱۴۰۲.zip,سيلام.zip,سيلام.zip!سيلام_۱۳۹۵_۱۰_۳۰_consolidated_ن-۱۰_صورت‌های مالی تلفیقی سال مالی منتهی به ۱۳۹۵_۱۰_۳۰ (حسابرسی شده).xlsx,سيلام_۱۳۹۵_۱۰_۳۰_consolidated_ن-۱۰_صورت‌های مالی تلفیقی سال مالی منتهی به ۱۳۹۵_۱۰_۳۰ (حسابرسی شده).xlsx,OLE2_LEGACY_EXCEL,.xlsx,131584,c4b7bccefb2aa81aa948be0601cc29c3df3d2a65f5b5a427a6f3dbd367362f1a,OK,,1411,PAYLOAD_SUBSTANTIVE,,سیلام,1395,1395/10/30,consolidated,audited,original,DETECTED,Sheet1,11,77,1395/10/30,Sheet1!R8C4,مقبول,UNQUALIFIED_FAIR_FORMULA|HEADING_CELL,Sheet1!R29C12,Sheet1!R30C2,,,1396/02/12,Sheet1!R68C20,,سیمان ایلام
اکسل های صورت مالی کل زیپ ۱۳۹۲-۱۴۰۲.zip,سيلام.zip,سيلام.zip!سيلام_۱۳۹۶_۱۰_۳۰_consolidated_ن-۱۰_صورت‌های مالی تلفیقی سال مالی منتهی به ۱۳۹۶_۱۰_۳۰ (حسابرسی شده).xlsx,سيلام_۱۳۹۶_۱۰_۳۰_consolidated_ن-۱۰_صورت‌های مالی تلفیقی سال مالی منتهی به ۱۳۹۶_۱۰_۳۰ (حسابرسی شده).xlsx,OLE2_LEGACY_EXCEL,.xlsx,140800,df1c99b2e98ff11146acf6f4e36e4ef0b3bd2073dd4a42cefb1ee4c8a733612e,OK,,1416,PAYLOAD_SUBSTANTIVE,,سیلام,1396,1396/10/30,consolidated,audited,original,DETECTED,Sheet1,11,98,1396/10/30,Sheet1!R8C4,مشروط,QUALIFIED_FAIR_WITH_EXCEPTION|HEADING_CELL,Sheet1!R38C12,Sheet1!R39C2,,,1397/02/20,Sheet1!R89C20,,سیمان ایلام
اکسل های صورت مالی کل زیپ ۱۳۹۲-۱۴۰۲.zip,سيلام.zip,سيلام.zip!سيلام_۱۳۹۷_۱۰_۳۰_consolidated_ن-۱۰_صورت‌های مالی تلفیقی سال مالی منتهی به ۱۳۹۷_۱۰_۳۰ (حسابرسی شده).xlsx,سيلام_۱۳۹۷_۱۰_۳۰_consolidated_ن-۱۰_صورت‌های مالی تلفیقی سال مالی منتهی به ۱۳۹۷_۱۰_۳۰ (حسابرسی شده).xlsx,HTML_MISLABELED_XLSX,.xlsx,235409,d9c05c9255f70d77dcadec84067b1c972dce694f0d36e56eca992ee6c3f885e7,OK,,1045,PAYLOAD_SUBSTANTIVE,,سیلام,1397,1397/10/30,consolidated,audited,original,NOT_DETECTED,,,,1397/10/30,HTML_TABLE_1!R1C2,,,,,,NO_AUDITOR_BLOCK_DETECTED,,,NO_AUDITOR_BLOCK_DETECTED,
اکسل های صورت مالی کل زیپ ۱۳۹۲-۱۴۰۲.zip,سيلام.zip,سيلام.zip!سيلام_۱۳۹۸_۱۰_۳۰_consolidated_ن-۱۰_صورت‌های مالی تلفیقی سال مالی منتهی به ۱۳۹۸_۱۰_۳۰ (حسابرسی شده).xlsx,سيلام_۱۳۹۸_۱۰_۳۰_consolidated_ن-۱۰_صورت‌های مالی تلفیقی سال مالی منتهی به ۱۳۹۸_۱۰_۳۰ (حسابرسی شده).xlsx,HTML_MISLABELED_XLSX,.xlsx,359268,0bfef16cba2a91a8eb82d3f05d681b4d072c6715af010a6e7ed8615642410e9c,OK,,1706,PAYLOAD_SUBSTANTIVE,,سیلام,1398,1398/10/30,consolidated,audited,original,NOT_DETECTED,,,,1398/10/30,HTML_TABLE_1!R1C2,,,,,,NO_AUDITOR_BLOCK_DETECTED,,,NO_AUDITOR_BLOCK_DETECTED,
اکسل های صورت مالی کل زیپ ۱۳۹۲-۱۴۰۲.zip,سيلام.zip,سيلام.zip!سيلام_۱۳۹۹_۱۰_۳۰_consolidated_ن-۱۰_صورت‌های مالی تلفیقی سال مالی منتهی به ۱۳۹۹_۱۰_۳۰ (حسابرسی شده).xlsx,سيلام_۱۳۹۹_۱۰_۳۰_consolidated_ن-۱۰_صورت‌های مالی تلفیقی سال مالی منتهی به ۱۳۹۹_۱۰_۳۰ (حسابرسی شده).xlsx,HTML_MISLABELED_XLSX,.xlsx,499152,87ed83437abb538c33d14dd3d0a3ae8b50d7ca47e07f8bbd3ca9de844e4051ad,OK,,2349,PAYLOAD_SUBSTANTIVE,,سیلام,1399,1399/10/30,consolidated,audited,original,NOT_DETECTED,,,,1399/10/30,HTML_TABLE_1!R1C2,,,,,,NO_AUDITOR_BLOCK_DETECTED,,,NO_AUDITOR_BLOCK_DETECTED,
اکسل های صورت مالی کل زیپ ۱۳۹۲-۱۴۰۲.zip,سيلام.zip,سيلام.zip!سيلام_۱۴۰۰_۱۰_۳۰_consolidated_ن-۱۰_صورت‌های مالی تلفیقی سال مالی منتهی به ۱۴۰۰_۱۰_۳۰ (حسابرسی شده).xlsx,سيلام_۱۴۰۰_۱۰_۳۰_consolidated_ن-۱۰_صورت‌های مالی تلفیقی سال مالی منتهی به ۱۴۰۰_۱۰_۳۰ (حسابرسی شده).xlsx,HTML_MISLABELED_XLSX,.xlsx,569306,fc458188fce09528a4b0bc423eada08c0dc18b2ae98ddd0c7d8cac3e57116380,OK,,2687,PAYLOAD_SUBSTANTIVE,,سیلام,1400,1400/10/30,consolidated,audited,original,NOT_DETECTED,,,,1400/10/30,HTML_TABLE_1!R1C2,,,,,,NO_AUDITOR_BLOCK_DETECTED,,,NO_AUDITOR_BLOCK_DETECTED,
اکسل های صورت مالی کل زیپ ۱۳۹۲-۱۴۰۲.zip,سيلام.zip,سيلام.zip!سيلام_۱۴۰۱_۱۰_۳۰_consolidated_ن-۱۰_صورت‌های مالی تلفیقی سال مالی منتهی به ۱۴۰۱_۱۰_۳۰ (حسابرسی شده).xlsx,سيلام_۱۴۰۱_۱۰_۳۰_consolidated_ن-۱۰_صورت‌های مالی تلفیقی سال مالی منتهی به ۱۴۰۱_۱۰_۳۰ (حسابرسی شده).xlsx,HTML_MISLABELED_XLSX,.xlsx,592334,59a87ebe7218c25b5d5e322ddf81178aca00bbc7c0942635e2b51b639c630579,OK,,2815,PAYLOAD_SUBSTANTIVE,,سیلام,1401,1401/10/30,consolidated,audited,original,NOT_DETECTED,,,,1401/10/30,HTML_TABLE_1!R1C2,,,,,,NO_AUDITOR_BLOCK_DETECTED,,,NO_AUDITOR_BLOCK_DETECTED,
اکسل های صورت مالی کل زیپ ۱۳۹۲-۱۴۰۲.zip,سيلام.zip,سيلام.zip!سيلام_۱۴۰۲_۱۰_۳۰_consolidated_ن-۱۰_صورت‌های مالی تلفیقی سال مالی منتهی به ۱۴۰۲_۱۰_۳۰ (حسابرسی شده).xlsx,سيلام_۱۴۰۲_۱۰_۳۰_consolidated_ن-۱۰_صورت‌های مالی تلفیقی سال مالی منتهی به ۱۴۰۲_۱۰_۳۰ (حسابرسی شده).xlsx,HTML_MISLABELED_XLSX,.xlsx,659771,a06937a0f22a1d86b8c00bcad9fe1771376de516333acd18dcc9b26c36fe5e32,OK,,3047,PAYLOAD_SUBSTANTIVE,,سیلام,1402,1402/10/30,consolidated,audited,original,NOT_DETECTED,,,,1402/10/30,HTML_TABLE_1!R1C2,,,,,,NO_AUDITOR_BLOCK_DETECTED,,,NO_AUDITOR_BLOCK_DETECTED,
اکسل های صورت مالی کل زیپ ۱۳۹۲-۱۴۰۲.zip,شاراك.zip,شاراك.zip!شاراك_۱۳۹۱_۱۲_۳۰_separate_ن-۱۰_صورتهای مالی سال مالی منتهی به ۱۳۹۱_۱۲_۳۰ (حسابرسی شده).xlsx,شاراك_۱۳۹۱_۱۲_۳۰_separate_ن-۱۰_صورتهای مالی سال مالی منتهی به ۱۳۹۱_۱۲_۳۰ (حسابرسی شده).xlsx,OLE2_LEGACY_EXCEL,.xlsx,77312,f042649c56ffabb91b825876a5ba3929c630cb4f1b70e89ce85e36bd23f61b9c,OK,,761,PAYLOAD_SUBSTANTIVE,,شاراک,1391,1391/12/30,separate,audited,original,DETECTED,Sheet1,9,85,1391/12/30,Sheet1!R6C4,مشروط,QUALIFIED_FAIR_WITH_EXCEPTION|HEADING_CELL,Sheet1!R40C14,Sheet1!R41C2,,,1392/02/17,Sheet1!R74C23,,پتروشیمی شازند
اکسل های صورت مالی کل زیپ ۱۳۹۲-۱۴۰۲.zip,شاراك.zip,شاراك.zip!شاراك_۱۳۹۲_۱۲_۲۹_separate_ن-۱۰_صورتهای مالی سال مالی منتهی به ۱۳۹۲_۱۲_۲۹ (حسابرسی شده).xlsx,شاراك_۱۳۹۲_۱۲_۲۹_separate_ن-۱۰_صورتهای مالی سال مالی منتهی به ۱۳۹۲_۱۲_۲۹ (حسابرسی شده).xlsx,OLE2_LEGACY_EXCEL,.xlsx,90112,da363daa0da8d1991844fe9fa6656442609c215c1a0ebbdae5da760a64c274bc,OK,,835,PAYLOAD_SUBSTANTIVE,,شاراک,1392,1392/12/29,separate,audited,original,DETECTED,Sheet1,9,80,1392/12/29,Sheet1!R6C4,مشروط,QUALIFIED_FAIR_WITH_EXCEPTION|HEADING_CELL,Sheet1!R45C14,Sheet1!R46C2,,,1393/02/19,Sheet1!R71C23,,پتروشیمی شازند
اکسل های صورت مالی کل زیپ ۱۳۹۲-۱۴۰۲.zip,شاراك.zip,شاراك.zip!شاراك_۱۳۹۳_۱۲_۲۹_separate_ن-۱۰_صورتهای مالی سال مالی منتهی به ۱۳۹۳_۱۲_۲۹ (حسابرسی شده).xlsx,شاراك_۱۳۹۳_۱۲_۲۹_separate_ن-۱۰_صورتهای مالی سال مالی منتهی به ۱۳۹۳_۱۲_۲۹ (حسابرسی شده).xlsx,OLE2_LEGACY_EXCEL,.xlsx,97792,b5ed7e426ec92c368eee7e9c1621e81a45c5747a1239d62884fec1aeac8768f1,OK,,862,PAYLOAD_SUBSTANTIVE,,شاراک,1393,1393/12/29,separate,audited,original,DETECTED,Sheet1,9,91,1393/12/29,Sheet1!R6C4,مشروط,QUALIFIED_FAIR_WITH_EXCEPTION|HEADING_CELL,Sheet1!R41C14,Sheet1!R42C2,,,1394/02/26,Sheet1!R82C23,,پتروشیمی شازند
اکسل های صورت مالی کل زیپ ۱۳۹۲-۱۴۰۲.zip,شاراك.zip,شاراك.zip!شاراك_۱۳۹۳_۱۲_۲۹_separate_ن-۱۰_صورتهای مالی سال مالی منتهی به ۱۳۹۳_۱۲_۲۹ (حسابرسی شده)(اصلاحیه).xlsx,شاراك_۱۳۹۳_۱۲_۲۹_separate_ن-۱۰_صورتهای مالی سال مالی منتهی به ۱۳۹۳_۱۲_۲۹ (حسابرسی شده)(اصلاحیه).xlsx,OLE2_LEGACY_EXCEL,.xlsx,97792,25bb0f7f1fd8eb53b7780efa2e32dc9030f61fed5eb6ebbdf685f01583044838,OK,,862,PAYLOAD_SUBSTANTIVE,,شاراک,1393,1393/12/29,separate,audited,correction,DETECTED,Sheet1,9,91,1393/12/29,Sheet1!R6C4,مشروط,QUALIFIED_FAIR_WITH_EXCEPTION|HEADING_CELL,Sheet1!R41C14,Sheet1!R42C2,,,1394/02/26,Sheet1!R82C23,,پتروشیمی شازند
اکسل های صورت مالی کل زیپ ۱۳۹۲-۱۴۰۲.zip,شاراك.zip,شاراك.zip!شاراك_۱۳۹۴_۱۲_۲۹_consolidated_ن-۱۰_صورت‌های مالی تلفیقی سال مالی منتهی به ۱۳۹۴_۱۲_۲۹ (حسابرسی شده).xlsx,شاراك_۱۳۹۴_۱۲_۲۹_consolidated_ن-۱۰_صورت‌های مالی تلفیقی سال مالی منتهی به ۱۳۹۴_۱۲_۲۹ (حسابرسی شده).xlsx,OLE2_LEGACY_EXCEL,.xlsx,159744,c9da503c933b63c32049b00bae40b55ec7507f933b38f49816a25dcadecd107a,OK,,1649,PAYLOAD_SUBSTANTIVE,,شاراک,1394,1394/12/29,consolidated,audited,original,DETECTED,Sheet1,9,93,1394/12/29,Sheet1!R6C4,مشروط,QUALIFIED_FAIR_WITH_EXCEPTION|HEADING_CELL,Sheet1!R47C14,Sheet1!R48C2,,,1395/02/26,Sheet1!R84C23,,پتروشیمی شازند
اکسل های صورت مالی کل زیپ ۱۳۹۲-۱۴۰۲.zip,شاراك.zip,شاراك.zip!شاراك_۱۳۹۵_۱۲_۳۰_consolidated_ن-۱۰_صورت‌های مالی تلفیقی سال مالی منتهی به ۱۳۹۵_۱۲_۳۰ (حسابرسی شده).xlsx,شاراك_۱۳۹۵_۱۲_۳۰_consolidated_ن-۱۰_صورت‌های مالی تلفیقی سال مالی منتهی به ۱۳۹۵_۱۲_۳۰ (حسابرسی شده).xlsx,OLE2_LEGACY_EXCEL,.xlsx,155648,6bf840d1ca89cb8ab50f783df4c620b2049205a78510941ca9a7d2543a47cca1,OK,,1644,PAYLOAD_SUBSTANTIVE,,شاراک,1395,1395/12/30,consolidated,audited,original,DETECTED,Sheet1,11,105,1395/12/30,Sheet1!R8C4,مشروط,QUALIFIED_FAIR_WITH_EXCEPTION|HEADING_CELL,Sheet1!R49C12,Sheet1!R50C2,,,1396/02/30,Sheet1!R96C20,,پتروشیمی شازند
اکسل های صورت مالی کل زیپ ۱۳۹۲-۱۴۰۲.zip,شاراك.zip,شاراك.zip!شاراك_۱۳۹۶_۱۲_۲۹_consolidated_ن-۱۰_صورت‌های مالی تلفیقی سال مالی منتهی به ۱۳۹۶_۱۲_۲۹ (حسابرسی شده).xlsx,شاراك_۱۳۹۶_۱۲_۲۹_consolidated_ن-۱۰_صورت‌های مالی تلفیقی سال مالی منتهی به ۱۳۹۶_۱۲_۲۹ (حسابرسی شده).xlsx,OLE2_LEGACY_EXCEL,.xlsx,155136,642f079bd2b02e59524299f2fcbb12542f1094b2127b14885242701d0b0ac5be,OK,,1636,PAYLOAD_SUBSTANTIVE,,شاراک,1396,1396/12/29,consolidated,audited,original,DETECTED,Sheet1,11,109,1396/12/29,Sheet1!R8C4,مشروط,QUALIFIED_FAIR_WITH_EXCEPTION|HEADING_CELL,Sheet1!R47C12,Sheet1!R49C2,,,1397/03/22,Sheet1!R100C20,,پتروشیمی شازند
اکسل های صورت مالی کل زیپ ۱۳۹۲-۱۴۰۲.zip,شاراك.zip,شاراك.zip!شاراك_۱۳۹۷_۱۲_۲۹_consolidated_ن-۱۰_صورت‌های مالی تلفیقی سال مالی منتهی به ۱۳۹۷_۱۲_۲۹ (حسابرسی شده).xlsx,شاراك_۱۳۹۷_۱۲_۲۹_consolidated_ن-۱۰_صورت‌های مالی تلفیقی سال مالی منتهی به ۱۳۹۷_۱۲_۲۹ (حسابرسی شده).xlsx,HTML_MISLABELED_XLSX,.xlsx,235167,c911db0898acfb6aba2ea7dab941da1d1f536e29f2b4ca82597abb5e391dcbfa,OK,,1045,PAYLOAD_SUBSTANTIVE,,شاراک,1397,1397/12/29,consolidated,audited,original,NOT_DETECTED,,,,1397/12/29,HTML_TABLE_1!R1C2,,,,,,NO_AUDITOR_BLOCK_DETECTED,,,NO_AUDITOR_BLOCK_DETECTED,
اکسل های صورت مالی کل زیپ ۱۳۹۲-۱۴۰۲.zip,شاراك.zip,شاراك.zip!شاراك_۱۳۹۸_۱۲_۲۹_consolidated_ن-۱۰_صورت‌های مالی تلفیقی سال مالی منتهی به ۱۳۹۸_۱۲_۲۹ (حسابرسی شده).xlsx,شاراك_۱۳۹۸_۱۲_۲۹_consolidated_ن-۱۰_صورت‌های مالی تلفیقی سال مالی منتهی به ۱۳۹۸_۱۲_۲۹ (حسابرسی شده).xlsx,HTML_MISLABELED_XLSX,.xlsx,515635,d5eb6a757ade4e5df56cc74bbe83f4a267b12b43985f67c7e5f85917eded3403,OK,,2473,PAYLOAD_SUBSTANTIVE,,شاراک,1398,1398/12/29,consolidated,audited,original,NOT_DETECTED,,,,1398/12/29,HTML_TABLE_1!R1C2,,,,,,NO_AUDITOR_BLOCK_DETECTED,,,NO_AUDITOR_BLOCK_DETECTED,
اکسل های صورت مالی کل زیپ ۱۳۹۲-۱۴۰۲.zip,شاراك.zip,شاراك.zip!شاراك_۱۳۹۹_۱۲_۳۰_consolidated_ن-۱۰_صورت‌های مالی تلفیقی سال مالی منتهی به ۱۳۹۹_۱۲_۳۰ (حسابرسی شده).xlsx,شاراك_۱۳۹۹_۱۲_۳۰_consolidated_ن-۱۰_صورت‌های مالی تلفیقی سال مالی منتهی به ۱۳۹۹_۱۲_۳۰ (حسابرسی شده).xlsx,HTML_MISLABELED_XLSX,.xlsx,516894,934402af59ca16a6f17f3b304c5e21e28932ad0c51d1283b1c2b62fc51cd0641,OK,,2492,PAYLOAD_SUBSTANTIVE,,شاراک,1399,1399/12/30,consolidated,audited,original,NOT_DETECTED,,,,1399/12/30,HTML_TABLE_1!R1C2,,,,,,NO_AUDITOR_BLOCK_DETECTED,,,NO_AUDITOR_BLOCK_DETECTED,
اکسل های صورت مالی کل زیپ ۱۳۹۲-۱۴۰۲.zip,شاراك.zip,شاراك.zip!شاراك_۱۴۰۰_۱۲_۲۹_consolidated_ن-۱۰_صورت‌های مالی تلفیقی سال مالی منتهی به ۱۴۰۰_۱۲_۲۹ (حسابرسی شده).xlsx,شاراك_۱۴۰۰_۱۲_۲۹_consolidated_ن-۱۰_صورت‌های مالی تلفیقی سال مالی منتهی به ۱۴۰۰_۱۲_۲۹ (حسابرسی شده).xlsx,HTML_MISLABELED_XLSX,.xlsx,605586,a81fe3ddc5e3bdbb551fad42d90d8765bfcfced23525f72dbb46fa937072dab7,OK,,2908,PAYLOAD_SUBSTANTIVE,,شاراک,1400,1400/12/29,consolidated,audited,original,NOT_DETECTED,,,,1400/12/29,HTML_TABLE_1!R1C2,,,,,,NO_AUDITOR_BLOCK_DETECTED,,,NO_AUDITOR_BLOCK_DETECTED,
اکسل های صورت مالی کل زیپ ۱۳۹۲-۱۴۰۲.zip,شاراك.zip,شاراك.zip!شاراك_۱۴۰۱_۱۲_۲۹_consolidated_ن-۱۰_صورت‌های مالی تلفیقی سال مالی منتهی به ۱۴۰۱_۱۲_۲۹ (حسابرسی شده).xlsx,شاراك_۱۴۰۱_۱۲_۲۹_consolidated_ن-۱۰_صورت‌های مالی تلفیقی سال مالی منتهی به ۱۴۰۱_۱۲_۲۹ (حسابرسی شده).xlsx,HTML_MISLABELED_XLSX,.xlsx,694152,d3035cc9a5ba33966161a33215d4fd2edacb6a0562f4364954cfb3c59819f754,OK,,3236,PAYLOAD_SUBSTANTIVE,,شاراک,1401,1401/12/29,consolidated,audited,original,NOT_DETECTED,,,,1401/12/29,HTML_TABLE_1!R1C2,,,,,,NO_AUDITOR_BLOCK_DETECTED,,,NO_AUDITOR_BLOCK_DETECTED,
اکسل های صورت مالی کل زیپ ۱۳۹۲-۱۴۰۲.zip,شاراك.zip,شاراك.zip!شاراك_۱۴۰۲_۱۲_۲۹_consolidated_ن-۱۰_صورت‌های مالی تلفیقی سال مالی منتهی به ۱۴۰۲_۱۲_۲۹ (حسابرسی شده).xlsx,شاراك_۱۴۰۲_۱۲_۲۹_consolidated_ن-۱۰_صورت‌های مالی تلفیقی سال مالی منتهی به ۱۴۰۲_۱۲_۲۹ (حسابرسی شده).xlsx,HTML_MISLABELED_XLSX,.xlsx,694038,11a23e30adec6db844a671353ba3c5d9780412d0fcb215ec16b9ea8a40501c0e,OK,,3212,PAYLOAD_SUBSTANTIVE,,شاراک,1402,1402/12/29,consolidated,audited,original,NOT_DETECTED,,,,1402/12/29,HTML_TABLE_1!R1C2,,,,,,NO_AUDITOR_BLOCK_DETECTED,,,NO_AUDITOR_BLOCK_DETECTED,
اکسل های صورت مالی کل زیپ ۱۳۹۲-۱۴۰۲.zip,شبريز.zip,شبريز.zip!شبريز_۱۳۹۱_۱۲_۳۰_separate_ن-۱۰_صورتهای مالی سال مالی منتهی به ۱۳۹۱_۱۲_۳۰ (حسابرسی شده).xlsx,شبريز_۱۳۹۱_۱۲_۳۰_separate_ن-۱۰_صورتهای مالی سال مالی منتهی به ۱۳۹۱_۱۲_۳۰ (حسابرسی شده).xlsx,OLE2_LEGACY_EXCEL,.xlsx,74752,1bc73b91bbe91d825bbec445d0ad53d60774b81f6508f57033750495e3790dc4,OK,,639,PAYLOAD_SUBSTANTIVE,,شبریز,1391,1391/12/30,separate,audited,original,DETECTED,Sheet1,9,93,1391/12/30,Sheet1!R6C4,مقبول,UNQUALIFIED_FAIR_FORMULA|HEADING_CELL,Sheet1!R28C14,Sheet1!R29C2,,,1392/03/21,Sheet1!R85C23,,پالایش نفت تبریز
اکسل های صورت مالی کل زیپ ۱۳۹۲-۱۴۰۲.zip,شبريز.zip,شبريز.zip!شبريز_۱۳۹۲_۱۲_۲۹_separate_ن-۱۰_صورتهای مالی سال مالی منتهی به ۱۳۹۲_۱۲_۲۹ (حسابرسی شده).xlsx,شبريز_۱۳۹۲_۱۲_۲۹_separate_ن-۱۰_صورتهای مالی سال مالی منتهی به ۱۳۹۲_۱۲_۲۹ (حسابرسی شده).xlsx,OLE2_LEGACY_EXCEL,.xlsx,85504,60143e83ce9f32d6ee4dc21996602377ec0972671f9e581034a78ca26bb286b4,OK,,743,PAYLOAD_SUBSTANTIVE,,شبریز,1392,1392/12/29,separate,audited,original,DETECTED,Sheet1,9,69,1392/12/29,Sheet1!R6C4,مشروط,QUALIFIED_FAIR_WITH_EXCEPTION|HEADING_CELL,Sheet1!R38C14,Sheet1!R39C2,,,1393/04/31,Sheet1!R61C23,,پالایش نفت تبریز
اکسل های صورت مالی کل زیپ ۱۳۹۲-۱۴۰۲.zip,شبريز.zip,شبريز.zip!شبريز_۱۳۹۳_۱۲_۲۹_separate_ن-۱۰_صورتهای مالی سال مالی منتهی به ۱۳۹۳_۱۲_۲۹ (حسابرسی شده).xlsx,شبريز_۱۳۹۳_۱۲_۲۹_separate_ن-۱۰_صورتهای مالی سال مالی منتهی به ۱۳۹۳_۱۲_۲۹ (حسابرسی شده).xlsx,OLE2_LEGACY_EXCEL,.xlsx,86016,be4faf69f1a53aff091c62afbf9627758a3618e72d56ae58993aec043b8813b0,OK,,785,PAYLOAD_SUBSTANTIVE,,شبریز,1393,1393/12/29,separate,audited,original,DETECTED,Sheet1,9,74,1393/12/29,Sheet1!R6C4,مشروط,QUALIFIED_FAIR_WITH_EXCEPTION|HEADING_CELL,Sheet1!R35C14,Sheet1!R36C2,,,1394/05/03,Sheet1!R66C23,,پالایش نفت تبریز
اکسل های صورت مالی کل زیپ ۱۳۹۲-۱۴۰۲.zip,شبريز.zip,شبريز.zip!شبريز_۱۳۹۴_۱۲_۲۹_separate_ن-۱۰_صورت‌های مالی سال مالی منتهی به ۱۳۹۴_۱۲_۲۹ (حسابرسی شده).xlsx,شبريز_۱۳۹۴_۱۲_۲۹_separate_ن-۱۰_صورت‌های مالی سال مالی منتهی به ۱۳۹۴_۱۲_۲۹ (حسابرسی شده).xlsx,OLE2_LEGACY_EXCEL,.xlsx,96256,1d5944c9341d4bcb9187804e68c718b6d51a78d2c195d6a5426ba94dd59850a3,OK,,830,PAYLOAD_SUBSTANTIVE,,شبریز,1394,1394/12/29,separate,audited,original,DETECTED,Sheet1,9,80,1394/12/29,Sheet1!R6C4,مشروط,QUALIFIED_FAIR_WITH_EXCEPTION|HEADING_CELL,Sheet1!R32C14,Sheet1!R34C2,,,1395/04/27,Sheet1!R72C23,,پالایش نفت تبریز
اکسل های صورت مالی کل زیپ ۱۳۹۲-۱۴۰۲.zip,شبريز.zip,شبريز.zip!شبريز_۱۳۹۵_۱۲_۳۰_separate_ن-۱۰_صورت‌های مالی سال مالی منتهی به ۱۳۹۵_۱۲_۳۰ (حسابرسی شده).xlsx,شبريز_۱۳۹۵_۱۲_۳۰_separate_ن-۱۰_صورت‌های مالی سال مالی منتهی به ۱۳۹۵_۱۲_۳۰ (حسابرسی شده).xlsx,OLE2_LEGACY_EXCEL,.xlsx,99328,c867bafbfebba529105b4a2dce2c2252201e86bb1ef90e91f14e242f9af25217,OK,,816,PAYLOAD_SUBSTANTIVE,,شبریز,1395,1395/12/30,separate,audited,original,DETECTED,Sheet1,11,94,1395/12/30,Sheet1!R8C4,مشروط,QUALIFIED_FAIR_WITH_EXCEPTION|HEADING_CELL,Sheet1!R44C12,Sheet1!R45C2,,,1396/04/20,Sheet1!R86C20,,پالایش نفت تبریز
اکسل های صورت مالی کل زیپ ۱۳۹۲-۱۴۰۲.zip,شبريز.zip,شبريز.zip!شبريز_۱۳۹۶_۱۲_۲۹_separate_ن-۱۰_صورت‌های مالی سال مالی منتهی به ۱۳۹۶_۱۲_۲۹ (حسابرسی شده).xlsx,شبريز_۱۳۹۶_۱۲_۲۹_separate_ن-۱۰_صورت‌های مالی سال مالی منتهی به ۱۳۹۶_۱۲_۲۹ (حسابرسی شده).xlsx,OLE2_LEGACY_EXCEL,.xlsx,96256,b9652a495588ee639f033e67a694e888aee7224550d5078d74c6e417a6f0a0cf,OK,,859,PAYLOAD_SUBSTANTIVE,,شبریز,1396,1396/12/29,separate,audited,original,DETECTED,Sheet1,11,82,1396/12/29,Sheet1!R8C4,مقبول,UNQUALIFIED_FAIR_FORMULA|HEADING_CELL,Sheet1!R29C12,Sheet1!R30C2,,,1397/04/20,Sheet1!R74C20,,پالایش نفت تبریز
اکسل های صورت مالی کل زیپ ۱۳۹۲-۱۴۰۲.zip,شبريز.zip,شبريز.zip!شبريز_۱۳۹۷_۱۲_۲۹_separate_ن-۱۰_صورت‌های مالی سال مالی منتهی به ۱۳۹۷_۱۲_۲۹ (حسابرسی شده).xlsx,شبريز_۱۳۹۷_۱۲_۲۹_separate_ن-۱۰_صورت‌های مالی سال مالی منتهی به ۱۳۹۷_۱۲_۲۹ (حسابرسی شده).xlsx,HTML_MISLABELED_XLSX,.xlsx,114377,1ef0d708197362ecf8d9a6c3a126c3b761ecaedc5978c6d698af215af706a6e8,OK,,495,PAYLOAD_SUBSTANTIVE,,شبریز,1397,1397/12/29,separate,audited,original,NOT_DETECTED,,,,1397/12/29,HTML_TABLE_1!R1C2,,,,,,NO_AUDITOR_BLOCK_DETECTED,,,NO_AUDITOR_BLOCK_DETECTED,
اکسل های صورت مالی کل زیپ ۱۳۹۲-۱۴۰۲.zip,شبريز.zip,شبريز.zip!شبريز_۱۳۹۸_۱۲_۲۹_separate_ن-۱۰_صورت‌های مالی سال مالی منتهی به ۱۳۹۸_۱۲_۲۹ (حسابرسی شده).xlsx,شبريز_۱۳۹۸_۱۲_۲۹_separate_ن-۱۰_صورت‌های مالی سال مالی منتهی به ۱۳۹۸_۱۲_۲۹ (حسابرسی شده).xlsx,HTML_MISLABELED_XLSX,.xlsx,384320,c6a3e1793addabcb14e1a801dd84e2019e5c4e510e1eb400532789e7b1034470,OK,,1945,PAYLOAD_SUBSTANTIVE,,شبریز,1398,1398/12/29,separate,audited,original,NOT_DETECTED,,,,1398/12/29,HTML_TABLE_1!R1C2,,,,,,NO_AUDITOR_BLOCK_DETECTED,,,NO_AUDITOR_BLOCK_DETECTED,
اکسل های صورت مالی کل زیپ ۱۳۹۲-۱۴۰۲.zip,شبريز.zip,شبريز.zip!شبريز_۱۳۹۹_۱۲_۳۰_separate_ن-۱۰_صورت‌های مالی سال مالی منتهی به ۱۳۹۹_۱۲_۳۰ (حسابرسی شده).xlsx,شبريز_۱۳۹۹_۱۲_۳۰_separate_ن-۱۰_صورت‌های مالی سال مالی منتهی به ۱۳۹۹_۱۲_۳۰ (حسابرسی شده).xlsx,HTML_MISLABELED_XLSX,.xlsx,383030,18ce02aee9dfc3fd6c48ffc2afbce4ca489fe9d38309fb9dcc13fb4d37d9077e,OK,,1937,PAYLOAD_SUBSTANTIVE,,شبریز,1399,1399/12/30,separate,audited,original,NOT_DETECTED,,,,1399/12/30,HTML_TABLE_1!R1C2,,,,,,NO_AUDITOR_BLOCK_DETECTED,,,NO_AUDITOR_BLOCK_DETECTED,
اکسل های صورت مالی کل زیپ ۱۳۹۲-۱۴۰۲.zip,شبريز.zip,شبريز.zip!شبريز_۱۴۰۰_۱۲_۲۹_separate_ن-۱۰_صورت‌های مالی سال مالی منتهی به ۱۴۰۰_۱۲_۲۹ (حسابرسی شده).xlsx,شبريز_۱۴۰۰_۱۲_۲۹_separate_ن-۱۰_صورت‌های مالی سال مالی منتهی به ۱۴۰۰_۱۲_۲۹ (حسابرسی شده).xlsx,HTML_MISLABELED_XLSX,.xlsx,517894,0c6f66f50c4b471cd6ad918f04eb511a655f47250efad4a1adff66abbc603c4b,OK,,2641,PAYLOAD_SUBSTANTIVE,,شبریز,1400,1400/12/29,separate,audited,original,NOT_DETECTED,,,,1400/12/29,HTML_TABLE_1!R1C2,,,,,,NO_AUDITOR_BLOCK_DETECTED,,,NO_AUDITOR_BLOCK_DETECTED,
اکسل های صورت مالی کل زیپ ۱۳۹۲-۱۴۰۲.zip,شبريز.zip,شبريز.zip!شبريز_۱۴۰۱_۱۲_۲۹_separate_ن-۱۰_صورت‌های مالی سال مالی منتهی به ۱۴۰۱_۱۲_۲۹ (حسابرسی شده).xlsx,شبريز_۱۴۰۱_۱۲_۲۹_separate_ن-۱۰_صورت‌های مالی سال مالی منتهی به ۱۴۰۱_۱۲_۲۹ (حسابرسی شده).xlsx,HTML_MISLABELED_XLSX,.xlsx,545816,032ac5f3950e320ccc9c0df63041b6d5491d356310a08f3ab198c01df94b07df,OK,,2818,PAYLOAD_SUBSTANTIVE,,شبریز,1401,1401/12/29,separate,audited,original,NOT_DETECTED,,,,1401/12/29,HTML_TABLE_1!R1C2,,,,,,NO_AUDITOR_BLOCK_DETECTED,,,NO_AUDITOR_BLOCK_DETECTED,
اکسل های صورت مالی کل زیپ ۱۳۹۲-۱۴۰۲.zip,شبريز.zip,شبريز.zip!شبريز_۱۴۰۲_۱۲_۲۹_separate_ن-۱۰_صورت‌های مالی سال مالی منتهی به ۱۴۰۲_۱۲_۲۹ (حسابرسی شده).xlsx,شبريز_۱۴۰۲_۱۲_۲۹_separate_ن-۱۰_صورت‌های مالی سال مالی منتهی به ۱۴۰۲_۱۲_۲۹ (حسابرسی شده).xlsx,HTML_MISLABELED_XLSX,.xlsx,531719,467c3718938641c7cfcdc9a95831cc7244db45a81f02f7ea85c2b7599443af0a,OK,,2715,PAYLOAD_SUBSTANTIVE,,شبریز,1402,1402/12/29,separate,audited,original,NOT_DETECTED,,,,1402/12/29,HTML_TABLE_1!R1C2,,,,,,NO_AUDITOR_BLOCK_DETECTED,,,NO_AUDITOR_BLOCK_DETECTED,
اکسل های صورت مالی کل زیپ ۱۳۹۲-۱۴۰۲.zip,شبندر.zip,شبندر.zip!شبندر_۱۳۸۰_۱۲_۲۹_separate_ن-۱۰_صورتهای مالی سال مالی منتهی به ۱۳۸۰_۱۲_۲۹ (حسابرسی شده).xlsx,شبندر_۱۳۸۰_۱۲_۲۹_separate_ن-۱۰_صورتهای مالی سال مالی منتهی به ۱۳۸۰_۱۲_۲۹ (حسابرسی شده).xlsx,OLE2_LEGACY_EXCEL,.xlsx,59904,af716b140e1947c8c3909fbc863da7a86ca34f6154af0be4e77302ec94c8ddcf,OK,,632,PAYLOAD_SUBSTANTIVE,,شبندر,1380,1380/12/29,separate,audited,original,DETECTED,Sheet1,9,28,1380/12/29,Sheet1!R6C4,مقبول,STRUCTURED_FIELD_نظر_حسابرس,Sheet1!R14C23,Sheet1!R13C1,,,,,DATE_ANCHOR_IN_BLOCK_BUT_NO_PARSEABLE_DATE_ADJACENT,
اکسل های صورت مالی کل زیپ ۱۳۹۲-۱۴۰۲.zip,شبندر.zip,شبندر.zip!شبندر_۱۳۸۱_۱۲_۲۹_separate_ن-۱۰_صورتهای مالی سال مالی منتهی به ۱۳۸۱_۱۲_۲۹ (حسابرسی شده).xlsx,شبندر_۱۳۸۱_۱۲_۲۹_separate_ن-۱۰_صورتهای مالی سال مالی منتهی به ۱۳۸۱_۱۲_۲۹ (حسابرسی شده).xlsx,OLE2_LEGACY_EXCEL,.xlsx,59904,403469e4e3d0b4180cd9174c6e4f039848c459cd104acedab26e38ce1f4b2165,OK,,631,PAYLOAD_SUBSTANTIVE,,شبندر,1381,1381/12/29,separate,audited,original,DETECTED,Sheet1,9,28,1381/12/29,Sheet1!R6C4,مقبول,STRUCTURED_FIELD_نظر_حسابرس,Sheet1!R14C23,Sheet1!R13C1,,,,,DATE_ANCHOR_IN_BLOCK_BUT_NO_PARSEABLE_DATE_ADJACENT,
اکسل های صورت مالی کل زیپ ۱۳۹۲-۱۴۰۲.zip,شبندر.zip,شبندر.zip!شبندر_۱۳۸۲_۱۲_۲۹_separate_ن-۱۰_صورتهای مالی سال مالی منتهی به ۱۳۸۲_۱۲_۲۹ (حسابرسی شده).xlsx,شبندر_۱۳۸۲_۱۲_۲۹_separate_ن-۱۰_صورتهای مالی سال مالی منتهی به ۱۳۸۲_۱۲_۲۹ (حسابرسی شده).xlsx,OLE2_LEGACY_EXCEL,.xlsx,60416,44cf4c02c584f2f9def787b53916ba24ee7730525cbd017ae9947465afd6e465,OK,,635,PAYLOAD_SUBSTANTIVE,,شبندر,1382,1382/12/29,separate,audited,original,DETECTED,Sheet1,9,28,1382/12/29,Sheet1!R6C4,مشروط,STRUCTURED_FIELD_نظر_حسابرس,Sheet1!R14C23,Sheet1!R13C1,,,,,DATE_ANCHOR_IN_BLOCK_BUT_NO_PARSEABLE_DATE_ADJACENT,
اکسل های صورت مالی کل زیپ ۱۳۹۲-۱۴۰۲.zip,شبندر.zip,شبندر.zip!شبندر_۱۳۸۳_۱۲_۳۰_separate_ن-۱۰_صورتهای مالی سال مالی منتهی به ۱۳۸۳_۱۲_۳۰ (حسابرسی شده).xlsx,شبندر_۱۳۸۳_۱۲_۳۰_separate_ن-۱۰_صورتهای مالی سال مالی منتهی به ۱۳۸۳_۱۲_۳۰ (حسابرسی شده).xlsx,OLE2_LEGACY_EXCEL,.xlsx,59904,fdaa928ce633096f76968095361a775997ac19c323c06bb974aeff4cefde8f50,OK,,628,PAYLOAD_SUBSTANTIVE,,شبندر,1383,1383/12/30,separate,audited,original,DETECTED,Sheet1,9,28,1383/12/30,Sheet1!R6C4,مقبول,STRUCTURED_FIELD_نظر_حسابرس,Sheet1!R14C23,Sheet1!R13C1,,,,,DATE_ANCHOR_IN_BLOCK_BUT_NO_PARSEABLE_DATE_ADJACENT,
اکسل های صورت مالی کل زیپ ۱۳۹۲-۱۴۰۲.zip,شبندر.zip,شبندر.zip!شبندر_۱۳۸۴_۱۲_۲۹_separate_ن-۱۰_صورتهای مالی سال مالی منتهی به ۱۳۸۴_۱۲_۲۹ (حسابرسی شده).xlsx,شبندر_۱۳۸۴_۱۲_۲۹_separate_ن-۱۰_صورتهای مالی سال مالی منتهی به ۱۳۸۴_۱۲_۲۹ (حسابرسی شده).xlsx,OLE2_LEGACY_EXCEL,.xlsx,60416,3646167da89c5b0cbe19d84e44176a6e87e6707d77678866755794a3ea74b944,OK,,632,PAYLOAD_SUBSTANTIVE,,شبندر,1384,1384/12/29,separate,audited,original,DETECTED,Sheet1,9,28,1384/12/29,Sheet1!R6C4,مقبول,STRUCTURED_FIELD_نظر_حسابرس,Sheet1!R14C23,Sheet1!R13C1,,,,,DATE_ANCHOR_IN_BLOCK_BUT_NO_PARSEABLE_DATE_ADJACENT,
اکسل های صورت مالی کل زیپ ۱۳۹۲-۱۴۰۲.zip,شبندر.zip,شبندر.zip!شبندر_۱۳۸۵_۱۲_۲۹_separate_ن-۱۰_صورتهای مالی سال مالی منتهی به ۱۳۸۵_۱۲_۲۹ (حسابرسی شده).xlsx,شبندر_۱۳۸۵_۱۲_۲۹_separate_ن-۱۰_صورتهای مالی سال مالی منتهی به ۱۳۸۵_۱۲_۲۹ (حسابرسی شده).xlsx,OLE2_LEGACY_EXCEL,.xlsx,60416,7c6d582e5e81a5f0d7fff3f3ed805f02079555d5f34e06b8de8fded6e42aeb22,OK,,631,PAYLOAD_SUBSTANTIVE,,شبندر,1385,1385/12/29,separate,audited,original,DETECTED,Sheet1,9,28,1385/12/29,Sheet1!R6C4,مقبول,STRUCTURED_FIELD_نظر_حسابرس,Sheet1!R14C23,Sheet1!R13C1,,,,,DATE_ANCHOR_IN_BLOCK_BUT_NO_PARSEABLE_DATE_ADJACENT,
اکسل های صورت مالی کل زیپ ۱۳۹۲-۱۴۰۲.zip,شبندر.zip,شبندر.zip!شبندر_۱۳۸۶_۱۲_۲۹_separate_ن-۱۰_صورتهای مالی سال مالی منتهی به ۱۳۸۶_۱۲_۲۹ (حسابرسی شده).xlsx,شبندر_۱۳۸۶_۱۲_۲۹_separate_ن-۱۰_صورتهای مالی سال مالی منتهی به ۱۳۸۶_۱۲_۲۹ (حسابرسی شده).xlsx,OLE2_LEGACY_EXCEL,.xlsx,61440,3dd6eac5af997384fcf4ded9a2816eea5642008347362501834efa21dccd9355,OK,,649,PAYLOAD_SUBSTANTIVE,,شبندر,1386,1386/12/29,separate,audited,original,DETECTED,Sheet1,9,28,1386/12/29,Sheet1!R6C4,مقبول,STRUCTURED_FIELD_نظر_حسابرس,Sheet1!R14C23,Sheet1!R13C1,,,,,DATE_ANCHOR_IN_BLOCK_BUT_NO_PARSEABLE_DATE_ADJACENT,
اکسل های صورت مالی کل زیپ ۱۳۹۲-۱۴۰۲.zip,شبندر.zip,شبندر.zip!شبندر_۱۳۹۱_۱۲_۳۰_separate_ن-۱۰_صورتهای مالی سال مالی منتهی به ۱۳۹۱_۱۲_۳۰ (حسابرسی شده).xlsx,شبندر_۱۳۹۱_۱۲_۳۰_separate_ن-۱۰_صورتهای مالی سال مالی منتهی به ۱۳۹۱_۱۲_۳۰ (حسابرسی شده).xlsx,OLE2_LEGACY_EXCEL,.xlsx,83456,62422265fe2b276d0be3624190ba01a40636111c52c9c1191de97813cab95ffd,OK,,578,PAYLOAD_SUBSTANTIVE,,شبندر,1391,1391/12/30,separate,audited,original,DETECTED,Sheet1,9,121,1391/12/30,Sheet1!R6C4,مشروط,QUALIFIED_FAIR_WITH_EXCEPTION|HEADING_CELL,Sheet1!R32C14,Sheet1!R34C2,,,1392/04/17,Sheet1!R113C23,,پالایش نفت بندرعباس
اکسل های صورت مالی کل زیپ ۱۳۹۲-۱۴۰۲.zip,شبندر.zip,شبندر.zip!شبندر_۱۳۹۲_۱۲_۲۹_separate_ن-۱۰_صورتهای مالی سال مالی منتهی به ۱۳۹۲_۱۲_۲۹ (حسابرسی شده).xlsx,شبندر_۱۳۹۲_۱۲_۲۹_separate_ن-۱۰_صورتهای مالی سال مالی منتهی به ۱۳۹۲_۱۲_۲۹ (حسابرسی شده).xlsx,OLE2_LEGACY_EXCEL,.xlsx,101888,729a28ef5f3ef9e5394b00cc152cdc2a3fdf2f91caf58db8a7b87829e0c686b4,OK,,721,PAYLOAD_SUBSTANTIVE,,شبندر,1392,1392/12/29,separate,audited,original,DETECTED,Sheet1,9,110,1392/12/29,Sheet1!R6C4,مشروط,QUALIFIED_FAIR_WITH_EXCEPTION|HEADING_CELL,Sheet1!R49C14,Sheet1!R50C2,,,1393/04/31,Sheet1!R102C23,,پالایش نفت بندرعباس
اکسل های صورت مالی کل زیپ ۱۳۹۲-۱۴۰۲.zip,شبندر.zip,شبندر.zip!شبندر_۱۳۹۳_۱۲_۲۹_separate_ن-۱۰_صورت‌های مالی سال مالی منتهی به ۱۳۹۳_۱۲_۲۹ (حسابرسی شده).xlsx,شبندر_۱۳۹۳_۱۲_۲۹_separate_ن-۱۰_صورت‌های مالی سال مالی منتهی به ۱۳۹۳_۱۲_۲۹ (حسابرسی شده).xlsx,OLE2_LEGACY_EXCEL,.xlsx,94208,c9b9094cd73b47c101388492d4e50738d974e2f16604edf49bec55317e721484,OK,,742,PAYLOAD_SUBSTANTIVE,,شبندر,1393,1393/12/29,separate,audited,original,DETECTED,Sheet1,9,111,1393/12/29,Sheet1!R6C4,مشروط,QUALIFIED_FAIR_WITH_EXCEPTION|HEADING_CELL,Sheet1!R46C14,Sheet1!R47C2,,,1394/05/10,Sheet1!R103C23,,پالایش نفت بندرعباس
اکسل های صورت مالی کل زیپ ۱۳۹۲-۱۴۰۲.zip,شبندر.zip,شبندر.zip!شبندر_۱۳۹۴_۱۲_۲۹_separate_ن-۱۰_صورت‌های مالی سال مالی منتهی به ۱۳۹۴_۱۲_۲۹ (حسابرسی شده).xlsx,شبندر_۱۳۹۴_۱۲_۲۹_separate_ن-۱۰_صورت‌های مالی سال مالی منتهی به ۱۳۹۴_۱۲_۲۹ (حسابرسی شده).xlsx,OLE2_LEGACY_EXCEL,.xlsx,103936,484cfa5d93b8d4855d1a1dd3117b663da7cc69a4bed86c575033d1f45620c6c7,OK,,832,PAYLOAD_SUBSTANTIVE,,شبندر,1394,1394/12/29,separate,audited,original,DETECTED,Sheet1,9,98,1394/12/29,Sheet1!R6C4,مشروط,QUALIFIED_FAIR_WITH_EXCEPTION|HEADING_CELL,Sheet1!R42C14,Sheet1!R43C2,,,1395/04/27,Sheet1!R90C23,,پالایش نفت بندرعباس
اکسل های صورت مالی کل زیپ ۱۳۹۲-۱۴۰۲.zip,شبندر.zip,شبندر.zip!شبندر_۱۳۹۵_۱۲_۳۰_separate_ن-۱۰_صورت‌های مالی سال مالی منتهی به ۱۳۹۵_۱۲_۳۰ (حسابرسی شده).xlsx,شبندر_۱۳۹۵_۱۲_۳۰_separate_ن-۱۰_صورت‌های مالی سال مالی منتهی به ۱۳۹۵_۱۲_۳۰ (حسابرسی شده).xlsx,OLE2_LEGACY_EXCEL,.xlsx,100352,687315a1cbc30070bc3069539dd1dd64f9a136c9d95fb462af3139d1a5f4d893,OK,,830,PAYLOAD_SUBSTANTIVE,,شبندر,1395,1395/12/30,separate,audited,original,DETECTED,Sheet1,11,100,1395/12/30,Sheet1!R8C4,مقبول,UNQUALIFIED_FAIR_FORMULA|HEADING_CELL,Sheet1!R31C12,Sheet1!R32C2,,,1396/04/24,Sheet1!R92C20,,پالایش نفت بندرعباس
اکسل های صورت مالی کل زیپ ۱۳۹۲-۱۴۰۲.zip,شبندر.zip,شبندر.zip!شبندر_۱۳۹۵_۱۲_۳۰_separate_ن-۱۰_صورت‌های مالی سال مالی منتهی به ۱۳۹۵_۱۲_۳۰ (حسابرسی شده)(اصلاحیه).xlsx,شبندر_۱۳۹۵_۱۲_۳۰_separate_ن-۱۰_صورت‌های مالی سال مالی منتهی به ۱۳۹۵_۱۲_۳۰ (حسابرسی شده)(اصلاحیه).xlsx,OLE2_LEGACY_EXCEL,.xlsx,100352,d3ca0960834850255ea17babe44399393104aba4a841a42e9360cefa9eea5b93,OK,,830,PAYLOAD_SUBSTANTIVE,,شبندر,1395,1395/12/30,separate,audited,correction,DETECTED,Sheet1,11,100,1395/12/30,Sheet1!R8C4,مقبول,UNQUALIFIED_FAIR_FORMULA|HEADING_CELL,Sheet1!R31C12,Sheet1!R32C2,,,1396/04/24,Sheet1!R92C20,,پالایش نفت بندرعباس
اکسل های صورت مالی کل زیپ ۱۳۹۲-۱۴۰۲.zip,شبندر.zip,شبندر.zip!شبندر_۱۳۹۶_۱۲_۲۹_separate_ن-۱۰_صورت‌های مالی سال مالی منتهی به ۱۳۹۶_۱۲_۲۹ (حسابرسی شده).xlsx,شبندر_۱۳۹۶_۱۲_۲۹_separate_ن-۱۰_صورت‌های مالی سال مالی منتهی به ۱۳۹۶_۱۲_۲۹ (حسابرسی شده).xlsx,OLE2_LEGACY_EXCEL,.xlsx,109568,1865470dc641a74456e24d317f3d0dcee84b25e7f808d7c8434bc9790a6fdd66,OK,,823,PAYLOAD_SUBSTANTIVE,,شبندر,1396,1396/12/29,separate,audited,original,DETECTED,Sheet1,11,121,1396/12/29,Sheet1!R8C4,مشروط,QUALIFIED_FAIR_WITH_EXCEPTION|HEADING_CELL,Sheet1!R63C12,Sheet1!R64C2,,,1397/04/20,Sheet1!R112C20,,پالایش نفت بندر عباس
اکسل های صورت مالی کل زیپ ۱۳۹۲-۱۴۰۲.zip,شبندر.zip,شبندر.zip!شبندر_۱۳۹۶_۱۲_۲۹_separate_ن-۱۰_صورت‌های مالی سال مالی منتهی به ۱۳۹۶_۱۲_۲۹ (حسابرسی شده)(اصلاحیه).xlsx,شبندر_۱۳۹۶_۱۲_۲۹_separate_ن-۱۰_صورت‌های مالی سال مالی منتهی به ۱۳۹۶_۱۲_۲۹ (حسابرسی شده)(اصلاحیه).xlsx,OLE2_LEGACY_EXCEL,.xlsx,109568,e3c9208f60e2838617d6712d876a0778df88853c6a1aed98bcb61145d0c1e599,OK,,823,PAYLOAD_SUBSTANTIVE,,شبندر,1396,1396/12/29,separate,audited,correction,DETECTED,Sheet1,11,123,1396/12/29,Sheet1!R8C4,مشروط,QUALIFIED_FAIR_WITH_EXCEPTION|HEADING_CELL,Sheet1!R65C12,Sheet1!R66C2,,,1397/04/20,Sheet1!R114C20,,پالایش نفت بندر عباس
اکسل های صورت مالی کل زیپ ۱۳۹۲-۱۴۰۲.zip,شبندر.zip,شبندر.zip!شبندر_۱۳۹۷_۱۲_۲۹_separate_ن-۱۰_صورت‌های مالی سال مالی منتهی به ۱۳۹۷_۱۲_۲۹ (حسابرسی شده).xlsx,شبندر_۱۳۹۷_۱۲_۲۹_separate_ن-۱۰_صورت‌های مالی سال مالی منتهی به ۱۳۹۷_۱۲_۲۹ (حسابرسی شده).xlsx,HTML_MISLABELED_XLSX,.xlsx,114112,f275c01c069d4859a56207f88e18fdaa94e5eeb50e1fb4d6290bbd3a7e72683d,OK,,495,PAYLOAD_SUBSTANTIVE,,شبندر,1397,1397/12/29,separate,audited,original,NOT_DETECTED,,,,1397/12/29,HTML_TABLE_1!R1C2,,,,,,NO_AUDITOR_BLOCK_DETECTED,,,NO_AUDITOR_BLOCK_DETECTED,
اکسل های صورت مالی کل زیپ ۱۳۹۲-۱۴۰۲.zip,شبندر.zip,شبندر.zip!شبندر_۱۳۹۷_۱۲_۲۹_separate_ن-۱۰_صورت‌های مالی سال مالی منتهی به ۱۳۹۷_۱۲_۲۹ (حسابرسی شده)(اصلاحیه).xlsx,شبندر_۱۳۹۷_۱۲_۲۹_separate_ن-۱۰_صورت‌های مالی سال مالی منتهی به ۱۳۹۷_۱۲_۲۹ (حسابرسی شده)(اصلاحیه).xlsx,HTML_MISLABELED_XLSX,.xlsx,117509,983c1a021d53b274be54b6571a44b217ecf2f0b4e722f21c56b5604f72aeef12,OK,,495,PAYLOAD_SUBSTANTIVE,,شبندر,1397,1397/12/29,separate,audited,correction,NOT_DETECTED,,,,1397/12/29,HTML_TABLE_1!R1C2,,,,,,NO_AUDITOR_BLOCK_DETECTED,,,NO_AUDITOR_BLOCK_DETECTED,
اکسل های صورت مالی کل زیپ ۱۳۹۲-۱۴۰۲.zip,شبندر.zip,شبندر.zip!شبندر_۱۳۹۸_۱۲_۲۹_separate_ن-۱۰_صورت‌های مالی سال مالی منتهی به ۱۳۹۸_۱۲_۲۹ (حسابرسی شده).xlsx,شبندر_۱۳۹۸_۱۲_۲۹_separate_ن-۱۰_صورت‌های مالی سال مالی منتهی به ۱۳۹۸_۱۲_۲۹ (حسابرسی شده).xlsx,HTML_MISLABELED_XLSX,.xlsx,357758,0f57ad6dce6bb470bdbdbedbb02c03052d7f63075dfb08b1fbd9bef83e516960,OK,,1767,PAYLOAD_SUBSTANTIVE,,شبندر,1398,1398/12/29,separate,audited,original,NOT_DETECTED,,,,1398/12/29,HTML_TABLE_1!R1C2,,,,,,NO_AUDITOR_BLOCK_DETECTED,,,NO_AUDITOR_BLOCK_DETECTED,
اکسل های صورت مالی کل زیپ ۱۳۹۲-۱۴۰۲.zip,شبندر.zip,شبندر.zip!شبندر_۱۳۹۸_۱۲_۲۹_separate_ن-۱۰_صورت‌های مالی سال مالی منتهی به ۱۳۹۸_۱۲_۲۹ (حسابرسی شده)(اصلاحیه).xlsx,شبندر_۱۳۹۸_۱۲_۲۹_separate_ن-۱۰_صورت‌های مالی سال مالی منتهی به ۱۳۹۸_۱۲_۲۹ (حسابرسی شده)(اصلاحیه).xlsx,HTML_MISLABELED_XLSX,.xlsx,357758,d684004b2862c3430f554acb61e7d778075c0396922c42c8350c737efb29929d,OK,,1767,PAYLOAD_SUBSTANTIVE,,شبندر,1398,1398/12/29,separate,audited,correction,NOT_DETECTED,,,,1398/12/29,HTML_TABLE_1!R1C2,,,,,,NO_AUDITOR_BLOCK_DETECTED,,,NO_AUDITOR_BLOCK_DETECTED,
اکسل های صورت مالی کل زیپ ۱۳۹۲-۱۴۰۲.zip,شبندر.zip,شبندر.zip!شبندر_۱۳۹۹_۱۲_۳۰_separate_ن-۱۰_صورت‌های مالی سال مالی منتهی به ۱۳۹۹_۱۲_۳۰ (حسابرسی شده).xlsx,شبندر_۱۳۹۹_۱۲_۳۰_separate_ن-۱۰_صورت‌های مالی سال مالی منتهی به ۱۳۹۹_۱۲_۳۰ (حسابرسی شده).xlsx,HTML_MISLABELED_XLSX,.xlsx,368019,cd8aef60348ca6716c6e6e98ac11fc65e70cb7b63f947fa4cb18bcf5cc495cb0,OK,,1834,PAYLOAD_SUBSTANTIVE,,شبندر,1399,1399/12/30,separate,audited,original,NOT_DETECTED,,,,1399/12/30,HTML_TABLE_1!R1C2,,,,,,NO_AUDITOR_BLOCK_DETECTED,,,NO_AUDITOR_BLOCK_DETECTED,
اکسل های صورت مالی کل زیپ ۱۳۹۲-۱۴۰۲.zip,شبندر.zip,شبندر.zip!شبندر_۱۴۰۰_۱۲_۲۹_separate_ن-۱۰_صورت‌های مالی سال مالی منتهی به ۱۴۰۰_۱۲_۲۹ (حسابرسی شده).xlsx,شبندر_۱۴۰۰_۱۲_۲۹_separate_ن-۱۰_صورت‌های مالی سال مالی منتهی به ۱۴۰۰_۱۲_۲۹ (حسابرسی شده).xlsx,HTML_MISLABELED_XLSX,.xlsx,496489,c944019c4cf677660a292232f4d34336cfc7293f6521a7398c879204d461f582,OK,,2540,PAYLOAD_SUBSTANTIVE,,شبندر,1400,1400/12/29,separate,audited,original,NOT_DETECTED,,,,1400/12/29,HTML_TABLE_1!R1C2,,,,,,NO_AUDITOR_BLOCK_DETECTED,,,NO_AUDITOR_BLOCK_DETECTED,
اکسل های صورت مالی کل زیپ ۱۳۹۲-۱۴۰۲.zip,شبندر.zip,شبندر.zip!شبندر_۱۴۰۱_۱۲_۲۹_separate_ن-۱۰_صورت‌های مالی سال مالی منتهی به ۱۴۰۱_۱۲_۲۹ (حسابرسی شده).xlsx,شبندر_۱۴۰۱_۱۲_۲۹_separate_ن-۱۰_صورت‌های مالی سال مالی منتهی به ۱۴۰۱_۱۲_۲۹ (حسابرسی شده).xlsx,HTML_MISLABELED_XLSX,.xlsx,515856,a0f88d325cc3d33c5b9fd1ae6477508a61c87840cc46cd4685440ff8ea1898db,OK,,2621,PAYLOAD_SUBSTANTIVE,,شبندر,1401,1401/12/29,separate,audited,original,NOT_DETECTED,,,,1401/12/29,HTML_TABLE_1!R1C2,,,,,,NO_AUDITOR_BLOCK_DETECTED,,,NO_AUDITOR_BLOCK_DETECTED,
اکسل های صورت مالی کل زیپ ۱۳۹۲-۱۴۰۲.zip,شبندر.zip,شبندر.zip!شبندر_۱۴۰۱_۱۲_۲۹_separate_ن-۱۰_صورت‌های مالی سال مالی منتهی به ۱۴۰۱_۱۲_۲۹ (حسابرسی شده)(اصلاحیه).xlsx,شبندر_۱۴۰۱_۱۲_۲۹_separate_ن-۱۰_صورت‌های مالی سال مالی منتهی به ۱۴۰۱_۱۲_۲۹ (حسابرسی شده)(اصلاحیه).xlsx,HTML_MISLABELED_XLSX,.xlsx,516326,7087fdda3e63f4131c84095e3e60cdb7ad88e67cc16b03f16b897477e498d13d,OK,,2621,PAYLOAD_SUBSTANTIVE,,شبندر,1401,1401/12/29,separate,audited,correction,NOT_DETECTED,,,,1401/12/29,HTML_TABLE_1!R1C2,,,,,,NO_AUDITOR_BLOCK_DETECTED,,,NO_AUDITOR_BLOCK_DETECTED,
اکسل های صورت مالی کل زیپ ۱۳۹۲-۱۴۰۲.zip,شبندر.zip,شبندر.zip!شبندر_۱۴۰۲_۱۲_۲۹_separate_ن-۱۰_صورت‌های مالی سال مالی منتهی به ۱۴۰۲_۱۲_۲۹ (حسابرسی شده).xlsx,شبندر_۱۴۰۲_۱۲_۲۹_separate_ن-۱۰_صورت‌های مالی سال مالی منتهی به ۱۴۰۲_۱۲_۲۹ (حسابرسی شده).xlsx,HTML_MISLABELED_XLSX,.xlsx,528140,7055f3a4e78246bfa8353ca8c8dc379ee32c89c3411bd0d6c15d6c208a4c29bd,OK,,2697,PAYLOAD_SUBSTANTIVE,,شبندر,1402,1402/12/29,separate,audited,original,NOT_DETECTED,,,,1402/12/29,HTML_TABLE_1!R1C2,,,,,,NO_AUDITOR_BLOCK_DETECTED,,,NO_AUDITOR_BLOCK_DETECTED,
اکسل های صورت مالی کل زیپ ۱۳۹۲-۱۴۰۲.zip,شپارس.zip,شپارس.zip!شپارس_۱۳۹۲_۰۶_۳۱_separate_ن-۱۰_صورتهای مالی سال مالی منتهی به ۱۳۹۲_۰۶_۳۱ (حسابرسی شده).xlsx,شپارس_۱۳۹۲_۰۶_۳۱_separate_ن-۱۰_صورتهای مالی سال مالی منتهی به ۱۳۹۲_۰۶_۳۱ (حسابرسی شده).xlsx,OLE2_LEGACY_EXCEL,.xlsx,75776,c4aca2a788f6e4748fa0a056c1e75e45268fb437005ff144de4be80ca237c20e,OK,,642,PAYLOAD_SUBSTANTIVE,,شپارس,1392,1392/06/31,separate,audited,original,DETECTED,Sheet1,9,69,1392/06/31,Sheet1!R6C4,مشروط,QUALIFIED_FAIR_WITH_EXCEPTION|HEADING_CELL,Sheet1!R31C14,Sheet1!R32C2,,,1392/10/08,Sheet1!R61C23,,بین المللی محصولات پارس
اکسل های صورت مالی کل زیپ ۱۳۹۲-۱۴۰۲.zip,شپارس.zip,شپارس.zip!شپارس_۱۳۹۳_۰۶_۳۱_separate_ن-۱۰_صورتهای مالی سال مالی منتهی به ۱۳۹۳_۰۶_۳۱ (حسابرسی شده).xlsx,شپارس_۱۳۹۳_۰۶_۳۱_separate_ن-۱۰_صورتهای مالی سال مالی منتهی به ۱۳۹۳_۰۶_۳۱ (حسابرسی شده).xlsx,OLE2_LEGACY_EXCEL,.xlsx,79872,ce1c0660070b5741ce053cd412fbac946c4020c473553fd460de2f7fe9715123,OK,,636,PAYLOAD_SUBSTANTIVE,,شپارس,1393,1393/06/31,separate,audited,original,DETECTED,Sheet1,9,77,1393/06/31,Sheet1!R6C4,مشروط,QUALIFIED_FAIR_WITH_EXCEPTION|HEADING_CELL,Sheet1!R37C14,Sheet1!R38C2,,,1393/10/14,Sheet1!R69C23,,بین المللی محصولات پارس
اکسل های صورت مالی کل زیپ ۱۳۹۲-۱۴۰۲.zip,شپارس.zip,شپارس.zip!شپارس_۱۳۹۳_۰۶_۳۱_separate_ن-۱۰_صورتهای مالی سال مالی منتهی به ۱۳۹۳_۰۶_۳۱ (حسابرسی شده)(اصلاحیه).xlsx,شپارس_۱۳۹۳_۰۶_۳۱_separate_ن-۱۰_صورتهای مالی سال مالی منتهی به ۱۳۹۳_۰۶_۳۱ (حسابرسی شده)(اصلاحیه).xlsx,OLE2_LEGACY_EXCEL,.xlsx,79872,e3d1a6f54959a04c8bc756585622d70b4f64b24994a8181d3d279c191058b920,OK,,636,PAYLOAD_SUBSTANTIVE,,شپارس,1393,1393/06/31,separate,audited,correction,DETECTED,Sheet1,9,77,1393/06/31,Sheet1!R6C4,مشروط,QUALIFIED_FAIR_WITH_EXCEPTION|HEADING_CELL,Sheet1!R37C14,Sheet1!R38C2,,,1393/10/14,Sheet1!R69C23,,بین المللی محصولات پارس
اکسل های صورت مالی کل زیپ ۱۳۹۲-۱۴۰۲.zip,شپارس.zip,شپارس.zip!شپارس_۱۳۹۴_۰۶_۳۱_separate_ن-۱۰_صورت‌های مالی سال مالی منتهی به ۱۳۹۴_۰۶_۳۱ (حسابرسی شده).xlsx,شپارس_۱۳۹۴_۰۶_۳۱_separate_ن-۱۰_صورت‌های مالی سال مالی منتهی به ۱۳۹۴_۰۶_۳۱ (حسابرسی شده).xlsx,OLE2_LEGACY_EXCEL,.xlsx,86528,b52528119eeb9446564c2234fa2057800b9ba9708dbe30e3b30d8293690ba874,OK,,677,PAYLOAD_SUBSTANTIVE,,شپارس,1394,1394/06/31,separate,audited,original,DETECTED,Sheet1,9,89,1394/06/31,Sheet1!R6C4,مشروط,QUALIFIED_FAIR_WITH_EXCEPTION|HEADING_CELL,Sheet1!R40C14,Sheet1!R41C2,,,1394/10/18,Sheet1!R81C23,,بین المللی محصولات پارس
اکسل های صورت مالی کل زیپ ۱۳۹۲-۱۴۰۲.zip,شپارس.zip,شپارس.zip!شپارس_۱۳۹۵_۰۶_۳۱_separate_ن-۱۰_صورت‌های مالی سال مالی منتهی به ۱۳۹۵_۰۶_۳۱ (حسابرسی شده).xlsx,شپارس_۱۳۹۵_۰۶_۳۱_separate_ن-۱۰_صورت‌های مالی سال مالی منتهی به ۱۳۹۵_۰۶_۳۱ (حسابرسی شده).xlsx,OLE2_LEGACY_EXCEL,.xlsx,92672,af82d1b6f571e193400339beb3db576387499708862eb713d531aeee0593d6c6,OK,,675,PAYLOAD_SUBSTANTIVE,,شپارس,1395,1395/06/31,separate,audited,original,DETECTED,Sheet1,9,94,1395/06/31,Sheet1!R6C4,مشروط,QUALIFIED_FAIR_WITH_EXCEPTION|HEADING_CELL,Sheet1!R48C14,Sheet1!R49C2,,,1395/09/28,Sheet1!R85C23,,بین المللی محصولات پارس
اکسل های صورت مالی کل زیپ ۱۳۹۲-۱۴۰۲.zip,شپارس.zip,شپارس.zip!شپارس_۱۳۹۵_۰۶_۳۱_separate_ن-۱۰_صورت‌های مالی سال مالی منتهی به ۱۳۹۵_۰۶_۳۱ (حسابرسی شده)(اصلاحیه).xlsx,شپارس_۱۳۹۵_۰۶_۳۱_separate_ن-۱۰_صورت‌های مالی سال مالی منتهی به ۱۳۹۵_۰۶_۳۱ (حسابرسی شده)(اصلاحیه).xlsx,OLE2_LEGACY_EXCEL,.xlsx,93696,01cd0bdbd8a2feb430553bbe9675b7258baba11e6274ae9c50873f3b92b6e909,OK,,677,PAYLOAD_SUBSTANTIVE,,شپارس,1395,1395/06/31,separate,audited,correction,DETECTED,Sheet1,9,91,1395/06/31,Sheet1!R6C4,مشروط,QUALIFIED_FAIR_WITH_EXCEPTION|HEADING_CELL,Sheet1!R46C14,Sheet1!R47C2,,,1395/09/28,Sheet1!R82C23,,بین المللی محصولات پارس
اکسل های صورت مالی کل زیپ ۱۳۹۲-۱۴۰۲.zip,شپارس.zip,شپارس.zip!شپارس_۱۳۹۶_۰۶_۳۱_separate_ن-۱۰_صورت‌های مالی سال مالی منتهی به ۱۳۹۶_۰۶_۳۱ (حسابرسی شده).xlsx,شپارس_۱۳۹۶_۰۶_۳۱_separate_ن-۱۰_صورت‌های مالی سال مالی منتهی به ۱۳۹۶_۰۶_۳۱ (حسابرسی شده).xlsx,OLE2_LEGACY_EXCEL,.xlsx,84992,7f94b93a41284d60ec16801d516da98b0f64676fd53cc37b2cf5544e640a65cf,OK,,650,PAYLOAD_SUBSTANTIVE,,شپارس,1396,1396/06/31,separate,audited,original,DETECTED,Sheet1,11,82,1396/06/31,Sheet1!R8C4,مشروط,QUALIFIED_FAIR_WITH_EXCEPTION|HEADING_CELL,Sheet1!R50C12,Sheet1!R52C2,,,1396/10/12,Sheet1!R74C20,,بین المللی محصولات پارس
اکسل های صورت مالی کل زیپ ۱۳۹۲-۱۴۰۲.zip,شپارس.zip,شپارس.zip!شپارس_۱۳۹۷_۰۶_۳۱_separate_ن-۱۰_صورت‌های مالی سال مالی منتهی به ۱۳۹۷_۰۶_۳۱ (حسابرسی شده).xlsx,شپارس_۱۳۹۷_۰۶_۳۱_separate_ن-۱۰_صورت‌های مالی سال مالی منتهی به ۱۳۹۷_۰۶_۳۱ (حسابرسی شده).xlsx,HTML_MISLABELED_XLSX,.xlsx,113187,512d8a7fe580c2c950244d21b14720fdf32b177688f11d549099f7c0f2359be7,OK,,495,PAYLOAD_SUBSTANTIVE,,شپارس,1397,1397/06/31,separate,audited,original,NOT_DETECTED,,,,1397/06/31,HTML_TABLE_1!R1C2,,,,,,NO_AUDITOR_BLOCK_DETECTED,,,NO_AUDITOR_BLOCK_DETECTED,
اکسل های صورت مالی کل زیپ ۱۳۹۲-۱۴۰۲.zip,شپارس.zip,شپارس.zip!شپارس_۱۳۹۸_۰۶_۳۱_separate_ن-۱۰_صورت‌های مالی سال مالی منتهی به ۱۳۹۸_۰۶_۳۱ (حسابرسی شده).xlsx,شپارس_۱۳۹۸_۰۶_۳۱_separate_ن-۱۰_صورت‌های مالی سال مالی منتهی به ۱۳۹۸_۰۶_۳۱ (حسابرسی شده).xlsx,HTML_MISLABELED_XLSX,.xlsx,4733,a215afaae31c900d47116cd7cd7906a3ae132fd93e0d317c06f91075d8128617,OK,,1,PAYLOAD_NON_SUBSTANTIVE,ONLY_1_CELLS,شپارس,1398,1398/06/31,separate,audited,original,NOT_DETECTED,,,,,,,,,,,NO_AUDITOR_BLOCK_DETECTED,,,NO_AUDITOR_BLOCK_DETECTED,
اکسل های صورت مالی کل زیپ ۱۳۹۲-۱۴۰۲.zip,شپارس.zip,شپارس.zip!شپارس_۱۳۹۹_۰۶_۳۱_separate_ن-۱۰_صورت‌های مالی سال مالی منتهی به ۱۳۹۹_۰۶_۳۱ (حسابرسی شده).xlsx,شپارس_۱۳۹۹_۰۶_۳۱_separate_ن-۱۰_صورت‌های مالی سال مالی منتهی به ۱۳۹۹_۰۶_۳۱ (حسابرسی شده).xlsx,HTML_MISLABELED_XLSX,.xlsx,290648,944f80a4699ccf61578fa869c37e80122435b361aaa4be6bbde6a5c6a873b0aa,OK,,1327,PAYLOAD_SUBSTANTIVE,,شپارس,1399,1399/06/31,separate,audited,original,NOT_DETECTED,,,,1399/06/31,HTML_TABLE_1!R1C2,,,,,,NO_AUDITOR_BLOCK_DETECTED,,,NO_AUDITOR_BLOCK_DETECTED,
اکسل های صورت مالی کل زیپ ۱۳۹۲-۱۴۰۲.zip,شپارس.zip,شپارس.zip!شپارس_۱۴۰۰_۰۶_۳۱_separate_ن-۱۰_صورت‌های مالی سال مالی منتهی به ۱۴۰۰_۰۶_۳۱ (حسابرسی شده).xlsx,شپارس_۱۴۰۰_۰۶_۳۱_separate_ن-۱۰_صورت‌های مالی سال مالی منتهی به ۱۴۰۰_۰۶_۳۱ (حسابرسی شده).xlsx,HTML_MISLABELED_XLSX,.xlsx,350926,317e68b2c1e4bf8e1e4bd4f82618fad783b546076767ec5d08df6507abacb9a4,OK,,1568,PAYLOAD_SUBSTANTIVE,,شپارس,1400,1400/06/31,separate,audited,original,NOT_DETECTED,,,,1400/06/31,HTML_TABLE_1!R1C2,,,,,,NO_AUDITOR_BLOCK_DETECTED,,,NO_AUDITOR_BLOCK_DETECTED,
اکسل های صورت مالی کل زیپ ۱۳۹۲-۱۴۰۲.zip,شپارس.zip,شپارس.zip!شپارس_۱۴۰۱_۰۶_۳۱_separate_ن-۱۰_صورت‌های مالی سال مالی منتهی به ۱۴۰۱_۰۶_۳۱ (حسابرسی شده).xlsx,شپارس_۱۴۰۱_۰۶_۳۱_separate_ن-۱۰_صورت‌های مالی سال مالی منتهی به ۱۴۰۱_۰۶_۳۱ (حسابرسی شده).xlsx,HTML_MISLABELED_XLSX,.xlsx,377219,4a66f85909be7a742fd7b3ad9b4ef96121fe7d3c54e7b896c5ffc07b0e0bdb3d,OK,,1685,PAYLOAD_SUBSTANTIVE,,شپارس,1401,1401/06/31,separate,audited,original,NOT_DETECTED,,,,1401/06/31,HTML_TABLE_1!R1C2,,,,,,NO_AUDITOR_BLOCK_DETECTED,,,NO_AUDITOR_BLOCK_DETECTED,
اکسل های صورت مالی کل زیپ ۱۳۹۲-۱۴۰۲.zip,شپارس.zip,شپارس.zip!شپارس_۱۴۰۲_۰۶_۳۱_separate_ن-۱۰_صورت‌های مالی سال مالی منتهی به ۱۴۰۲_۰۶_۳۱ (حسابرسی شده).xlsx,شپارس_۱۴۰۲_۰۶_۳۱_separate_ن-۱۰_صورت‌های مالی سال مالی منتهی به ۱۴۰۲_۰۶_۳۱ (حسابرسی شده).xlsx,HTML_MISLABELED_XLSX,.xlsx,395469,66f1db161a46bbf7247658351f8ec0d54a6178ea704b5f0f575dee148fe2e14b,OK,,1810,PAYLOAD_SUBSTANTIVE,,شپارس,1402,1402/06/31,separate,audited,original,NOT_DETECTED,,,,1402/06/31,HTML_TABLE_1!R1C2,,,,,,NO_AUDITOR_BLOCK_DETECTED,,,NO_AUDITOR_BLOCK_DETECTED,
اکسل های صورت مالی کل زیپ ۱۳۹۲-۱۴۰۲.zip,شپارس.zip,شپارس.zip!شپارس_۱۴۰۳_۰۶_۳۱_separate_ن-۱۰_صورت‌های مالی سال مالی منتهی به ۱۴۰۳_۰۶_۳۱ (حسابرسی شده).xlsx,شپارس_۱۴۰۳_۰۶_۳۱_separate_ن-۱۰_صورت‌های مالی سال مالی منتهی به ۱۴۰۳_۰۶_۳۱ (حسابرسی شده).xlsx,HTML_MISLABELED_XLSX,.xlsx,395158,384fdc04a62c58e6111e7148564aeb41892fa668bc38274996fc567bc315c723,OK,,1804,PAYLOAD_SUBSTANTIVE,,شپارس,1403,1403/06/31,separate,audited,original,NOT_DETECTED,,,,1403/06/31,HTML_TABLE_1!R1C2,,,,,,NO_AUDITOR_BLOCK_DETECTED,,,NO_AUDITOR_BLOCK_DETECTED,
اکسل های صورت مالی کل زیپ ۱۳۹۲-۱۴۰۲.zip,شپنا.zip,شپنا.zip!شپنا_۱۳۹۱_۱۲_۳۰_separate_ن-۱۰_صورتهای مالی سال مالی منتهی به ۱۳۹۱_۱۲_۳۰ (حسابرسی شده).xlsx,شپنا_۱۳۹۱_۱۲_۳۰_separate_ن-۱۰_صورتهای مالی سال مالی منتهی به ۱۳۹۱_۱۲_۳۰ (حسابرسی شده).xlsx,OLE2_LEGACY_EXCEL,.xlsx,82432,5a51de4428f22359a1d366a640ee6ffe766f3d1919a8614cddf7bb5858d66a22,OK,,683,PAYLOAD_SUBSTANTIVE,,شپنا,1391,1391/12/30,separate,audited,original,DETECTED,Sheet1,9,99,1391/12/30,Sheet1!R6C4,مشروط,QUALIFIED_FAIR_WITH_EXCEPTION|HEADING_CELL,Sheet1!R36C14,Sheet1!R37C2,,,1392/04/19,Sheet1!R91C23,,پالایش نفت اصفهان
اکسل های صورت مالی کل زیپ ۱۳۹۲-۱۴۰۲.zip,شپنا.zip,شپنا.zip!شپنا_۱۳۹۲_۱۲_۲۹_separate_ن-۱۰_صورتهای مالی سال مالی منتهی به ۱۳۹۲_۱۲_۲۹ (حسابرسی شده).xlsx,شپنا_۱۳۹۲_۱۲_۲۹_separate_ن-۱۰_صورتهای مالی سال مالی منتهی به ۱۳۹۲_۱۲_۲۹ (حسابرسی شده).xlsx,OLE2_LEGACY_EXCEL,.xlsx,99840,e478dce6639285776292b17b9af1a2cd3ac6b623e30d4c5c08e87e62f0770318,OK,,775,PAYLOAD_SUBSTANTIVE,,شپنا,1392,1392/12/29,separate,audited,original,DETECTED,Sheet1,9,101,1392/12/29,Sheet1!R6C4,مقبول,UNQUALIFIED_FAIR_FORMULA|HEADING_CELL,Sheet1!R29C14,Sheet1!R30C2,,,1393/04/31,Sheet1!R92C23,,پالایش نفت اصفهان
اکسل های صورت مالی کل زیپ ۱۳۹۲-۱۴۰۲.zip,شپنا.zip,شپنا.zip!شپنا_۱۳۹۳_۱۲_۲۹_separate_ن-۱۰_صورتهای مالی سال مالی منتهی به ۱۳۹۳_۱۲_۲۹ (حسابرسی شده).xlsx,شپنا_۱۳۹۳_۱۲_۲۹_separate_ن-۱۰_صورتهای مالی سال مالی منتهی به ۱۳۹۳_۱۲_۲۹ (حسابرسی شده).xlsx,OLE2_LEGACY_EXCEL,.xlsx,102400,2a93170c6ce3ac398bd2077f0236d252d9ed876b41feb275f69797ce4cf3733a,OK,,804,PAYLOAD_SUBSTANTIVE,,شپنا,1393,1393/12/29,separate,audited,original,DETECTED,Sheet1,9,126,1393/12/29,Sheet1!R6C4,مقبول,UNQUALIFIED_FAIR_FORMULA|HEADING_CELL,Sheet1!R28C14,Sheet1!R29C2,,,1394/04/25,Sheet1!R118C23,,پالایش نفت اصفهان
اکسل های صورت مالی کل زیپ ۱۳۹۲-۱۴۰۲.zip,شپنا.zip,شپنا.zip!شپنا_۱۳۹۴_۱۲_۲۹_separate_ن-۱۰_صورت‌های مالی سال مالی منتهی به ۱۳۹۴_۱۲_۲۹ (حسابرسی شده).xlsx,شپنا_۱۳۹۴_۱۲_۲۹_separate_ن-۱۰_صورت‌های مالی سال مالی منتهی به ۱۳۹۴_۱۲_۲۹ (حسابرسی شده).xlsx,OLE2_LEGACY_EXCEL,.xlsx,105984,0f30790177d54511bec0aee6b3431c4bbcc8e117e3936fc78bd8bac16e5b3876,OK,,852,PAYLOAD_SUBSTANTIVE,,شپنا,1394,1394/12/29,separate,audited,original,DETECTED,Sheet1,9,113,1394/12/29,Sheet1!R6C4,مقبول,UNQUALIFIED_FAIR_FORMULA|HEADING_CELL,Sheet1!R28C14,Sheet1!R29C2,,,1395/04/28,Sheet1!R104C23,,پالایش نفت اصفهان
اکسل های صورت مالی کل زیپ ۱۳۹۲-۱۴۰۲.zip,شپنا.zip,شپنا.zip!شپنا_۱۳۹۵_۱۲_۳۰_separate_ن-۱۰_صورت‌های مالی سال مالی منتهی به ۱۳۹۵_۱۲_۳۰ (حسابرسی شده).xlsx,شپنا_۱۳۹۵_۱۲_۳۰_separate_ن-۱۰_صورت‌های مالی سال مالی منتهی به ۱۳۹۵_۱۲_۳۰ (حسابرسی شده).xlsx,OLE2_LEGACY_EXCEL,.xlsx,109568,7eff6f63c8dde779d5a3ea2bed6471b59b9d262677a8920c81de3db0bf49b763,OK,,848,PAYLOAD_SUBSTANTIVE,,شپنا,1395,1395/12/30,separate,audited,original,DETECTED,Sheet1,11,133,1395/12/30,Sheet1!R8C4,مقبول,UNQUALIFIED_FAIR_FORMULA|HEADING_CELL,Sheet1!R39C12,Sheet1!R40C2,,,1396/04/21,Sheet1!R124C20,,پالایش نفت اصفهان
اکسل های صورت مالی کل زیپ ۱۳۹۲-۱۴۰۲.zip,شپنا.zip,شپنا.zip!شپنا_۱۳۹۶_۱۲_۲۹_separate_ن-۱۰_صورت‌های مالی سال مالی منتهی به ۱۳۹۶_۱۲_۲۹ (حسابرسی شده).xlsx,شپنا_۱۳۹۶_۱۲_۲۹_separate_ن-۱۰_صورت‌های مالی سال مالی منتهی به ۱۳۹۶_۱۲_۲۹ (حسابرسی شده).xlsx,OLE2_LEGACY_EXCEL,.xlsx,104960,28e5cd11dff120156192210aa384625e4a84a646f3b5d0d85cbebc4a3c5ac9ec,OK,,851,PAYLOAD_SUBSTANTIVE,,شپنا,1396,1396/12/29,separate,audited,original,DETECTED,Sheet1,11,122,1396/12/29,Sheet1!R8C4,مشروط,QUALIFIED_FAIR_WITH_EXCEPTION|HEADING_CELL,Sheet1!R38C12,Sheet1!R39C2,,,1397/04/21,Sheet1!R113C20,,پالایش نفت اصفهان
اکسل های صورت مالی کل زیپ ۱۳۹۲-۱۴۰۲.zip,شپنا.zip,شپنا.zip!شپنا_۱۳۹۷_۱۲_۲۹_separate_ن-۱۰_صورت‌های مالی سال مالی منتهی به ۱۳۹۷_۱۲_۲۹ (حسابرسی شده).xlsx,شپنا_۱۳۹۷_۱۲_۲۹_separate_ن-۱۰_صورت‌های مالی سال مالی منتهی به ۱۳۹۷_۱۲_۲۹ (حسابرسی شده).xlsx,HTML_MISLABELED_XLSX,.xlsx,113892,3fe76109704c677e2c4c8a1ebb369ccffe6dc210c435de8d90618bd602422f17,OK,,495,PAYLOAD_SUBSTANTIVE,,شپنا,1397,1397/12/29,separate,audited,original,NOT_DETECTED,,,,1397/12/29,HTML_TABLE_1!R1C2,,,,,,NO_AUDITOR_BLOCK_DETECTED,,,NO_AUDITOR_BLOCK_DETECTED,
اکسل های صورت مالی کل زیپ ۱۳۹۲-۱۴۰۲.zip,شپنا.zip,شپنا.zip!شپنا_۱۳۹۸_۱۲_۲۹_separate_ن-۱۰_صورت‌های مالی سال مالی منتهی به ۱۳۹۸_۱۲_۲۹ (حسابرسی شده).xlsx,شپنا_۱۳۹۸_۱۲_۲۹_separate_ن-۱۰_صورت‌های مالی سال مالی منتهی به ۱۳۹۸_۱۲_۲۹ (حسابرسی شده).xlsx,HTML_MISLABELED_XLSX,.xlsx,353683,7050df57a30f3d4dd720e1c75730f0feeb9f63f377fb88df1576eaf9eb78a46f,OK,,1764,PAYLOAD_SUBSTANTIVE,,شپنا,1398,1398/12/29,separate,audited,original,NOT_DETECTED,,,,1398/12/29,HTML_TABLE_1!R1C2,,,,,,NO_AUDITOR_BLOCK_DETECTED,,,NO_AUDITOR_BLOCK_DETECTED,
اکسل های صورت مالی کل زیپ ۱۳۹۲-۱۴۰۲.zip,شپنا.zip,شپنا.zip!شپنا_۱۳۹۹_۱۲_۳۰_consolidated_ن-۱۰_صورت‌های مالی تلفیقی سال مالی منتهی به ۱۳۹۹_۱۲_۳۰ (حسابرسی شده).xlsx,شپنا_۱۳۹۹_۱۲_۳۰_consolidated_ن-۱۰_صورت‌های مالی تلفیقی سال مالی منتهی به ۱۳۹۹_۱۲_۳۰ (حسابرسی شده).xlsx,HTML_MISLABELED_XLSX,.xlsx,542238,e12c488855a0a4ff328dde0b008ac25b13000f2c9d2679c0f360a7beaf69208e,OK,,2651,PAYLOAD_SUBSTANTIVE,,شپنا,1399,1399/12/30,consolidated,audited,original,NOT_DETECTED,,,,1399/12/30,HTML_TABLE_1!R1C2,,,,,,NO_AUDITOR_BLOCK_DETECTED,,,NO_AUDITOR_BLOCK_DETECTED,
اکسل های صورت مالی کل زیپ ۱۳۹۲-۱۴۰۲.zip,شپنا.zip,شپنا.zip!شپنا_۱۴۰۰_۱۲_۲۹_consolidated_ن-۱۰_صورت‌های مالی تلفیقی سال مالی منتهی به ۱۴۰۰_۱۲_۲۹ (حسابرسی شده).xlsx,شپنا_۱۴۰۰_۱۲_۲۹_consolidated_ن-۱۰_صورت‌های مالی تلفیقی سال مالی منتهی به ۱۴۰۰_۱۲_۲۹ (حسابرسی شده).xlsx,HTML_MISLABELED_XLSX,.xlsx,686686,e7a30d802c469fde8a14f32f595a2f9c9854e55de50f6fd5a76719072bcae12e,OK,,3453,PAYLOAD_SUBSTANTIVE,,شپنا,1400,1400/12/29,consolidated,audited,original,NOT_DETECTED,,,,1400/12/29,HTML_TABLE_1!R1C2,,,,,,NO_AUDITOR_BLOCK_DETECTED,,,NO_AUDITOR_BLOCK_DETECTED,
اکسل های صورت مالی کل زیپ ۱۳۹۲-۱۴۰۲.zip,شپنا.zip,شپنا.zip!شپنا_۱۴۰۱_۱۲_۲۹_consolidated_ن-۱۰_صورت‌های مالی تلفیقی سال مالی منتهی به ۱۴۰۱_۱۲_۲۹ (حسابرسی شده).xlsx,شپنا_۱۴۰۱_۱۲_۲۹_consolidated_ن-۱۰_صورت‌های مالی تلفیقی سال مالی منتهی به ۱۴۰۱_۱۲_۲۹ (حسابرسی شده).xlsx,HTML_MISLABELED_XLSX,.xlsx,1416090,49928bc0a28e0f3af57873f5dc38e500e58b01e4f6e8e4edaa410678c9618a48,OK,,7159,PAYLOAD_SUBSTANTIVE,,شپنا,1401,1401/12/29,consolidated,audited,original,NOT_DETECTED,,,,1401/12/29,HTML_TABLE_1!R1C3,,,,,,NO_AUDITOR_BLOCK_DETECTED,,,NO_AUDITOR_BLOCK_DETECTED,
اکسل های صورت مالی کل زیپ ۱۳۹۲-۱۴۰۲.zip,شپنا.zip,شپنا.zip!شپنا_۱۴۰۲_۱۲_۲۹_consolidated_ن-۱۰_صورت‌های مالی تلفیقی سال مالی منتهی به ۱۴۰۲_۱۲_۲۹ (حسابرسی شده).xlsx,شپنا_۱۴۰۲_۱۲_۲۹_consolidated_ن-۱۰_صورت‌های مالی تلفیقی سال مالی منتهی به ۱۴۰۲_۱۲_۲۹ (حسابرسی شده).xlsx,HTML_MISLABELED_XLSX,.xlsx,796681,45547472fa8d79e41361bc7c20074e59ec8c2facb7d679399f913b6263089a12,OK,,3902,PAYLOAD_SUBSTANTIVE,,شپنا,1402,1402/12/29,consolidated,audited,original,NOT_DETECTED,,,,1402/12/29,HTML_TABLE_1!R1C3,,,,,,NO_AUDITOR_BLOCK_DETECTED,,,NO_AUDITOR_BLOCK_DETECTED,
اکسل های صورت مالی کل زیپ ۱۳۹۲-۱۴۰۲.zip,شدوص.zip,شدوص.zip!شدوص_۱۳۹۱_۱۲_۳۰_separate_ن-۱۰_صورتهای مالی سال مالی منتهی به ۱۳۹۱_۱۲_۳۰ (حسابرسی شده).xlsx,شدوص_۱۳۹۱_۱۲_۳۰_separate_ن-۱۰_صورتهای مالی سال مالی منتهی به ۱۳۹۱_۱۲_۳۰ (حسابرسی شده).xlsx,OLE2_LEGACY_EXCEL,.xlsx,54272,d29627bf48d674e999917c180b493dcb2c80614e61ffc01ddf5adb39bd8c8be1,OK,,438,PAYLOAD_SUBSTANTIVE,,شدوص,1391,1391/12/30,separate,audited,original,DETECTED,Sheet1,9,49,1391/12/30,Sheet1!R6C4,مقبول,UNQUALIFIED_FAIR_FORMULA|HEADING_CELL,Sheet1!R28C14,Sheet1!R29C2,,,1392/02/15,Sheet1!R42C23,,دوده صنعتی پارس
اکسل های صورت مالی کل زیپ ۱۳۹۲-۱۴۰۲.zip,شدوص.zip,شدوص.zip!شدوص_۱۳۹۲_۱۲_۲۹_separate_ن-۱۰_صورتهای مالی سال مالی منتهی به ۱۳۹۲_۱۲_۲۹ (حسابرسی شده).xlsx,شدوص_۱۳۹۲_۱۲_۲۹_separate_ن-۱۰_صورتهای مالی سال مالی منتهی به ۱۳۹۲_۱۲_۲۹ (حسابرسی شده).xlsx,OLE2_LEGACY_EXCEL,.xlsx,65024,a299155947cafae8b206182e1becc21e25a2bf163b38d06b88eb6d7c847b04dd,OK,,557,PAYLOAD_SUBSTANTIVE,,شدوص,1392,1392/12/29,separate,audited,original,DETECTED,Sheet1,9,51,1392/12/29,Sheet1!R6C4,مقبول,UNQUALIFIED_FAIR_FORMULA|HEADING_CELL,Sheet1!R28C14,Sheet1!R29C2,,,1393/02/30,Sheet1!R43C23,,دوده صنعتی پارس
اکسل های صورت مالی کل زیپ ۱۳۹۲-۱۴۰۲.zip,شدوص.zip,شدوص.zip!شدوص_۱۳۹۳_۱۲_۲۹_separate_ن-۱۰_صورتهای مالی سال مالی منتهی به ۱۳۹۳_۱۲_۲۹ (حسابرسی شده).xlsx,شدوص_۱۳۹۳_۱۲_۲۹_separate_ن-۱۰_صورتهای مالی سال مالی منتهی به ۱۳۹۳_۱۲_۲۹ (حسابرسی شده).xlsx,OLE2_LEGACY_EXCEL,.xlsx,69632,985579c182d48eb4eddfe5ec2d7e55a33e316ebc659503de062ac532aaf7872a,OK,,583,PAYLOAD_SUBSTANTIVE,,شدوص,1393,1393/12/29,separate,audited,original,DETECTED,Sheet1,9,59,1393/12/29,Sheet1!R6C4,مقبول,UNQUALIFIED_FAIR_FORMULA|HEADING_CELL,Sheet1!R28C14,Sheet1!R29C2,,,1394/02/16,Sheet1!R51C23,,دوده صنعتی پارس
اکسل های صورت مالی کل زیپ ۱۳۹۲-۱۴۰۲.zip,شدوص.zip,شدوص.zip!شدوص_۱۳۹۳_۱۲_۲۹_separate_ن-۱۰_صورتهای مالی سال مالی منتهی به ۱۳۹۳_۱۲_۲۹ (حسابرسی شده)(اصلاحیه).xlsx,شدوص_۱۳۹۳_۱۲_۲۹_separate_ن-۱۰_صورتهای مالی سال مالی منتهی به ۱۳۹۳_۱۲_۲۹ (حسابرسی شده)(اصلاحیه).xlsx,OLE2_LEGACY_EXCEL,.xlsx,69632,53443d86a9975dcf59c28bbff7ccc967d8c137db6c262d983fc1b3ca43972cfa,OK,,583,PAYLOAD_SUBSTANTIVE,,شدوص,1393,1393/12/29,separate,audited,correction,DETECTED,Sheet1,9,59,1393/12/29,Sheet1!R6C4,مقبول,UNQUALIFIED_FAIR_FORMULA|HEADING_CELL,Sheet1!R28C14,Sheet1!R29C2,,,1394/02/16,Sheet1!R51C23,,دوده صنعتی پارس
اکسل های صورت مالی کل زیپ ۱۳۹۲-۱۴۰۲.zip,شدوص.zip,شدوص.zip!شدوص_۱۳۹۴_۱۲_۲۹_separate_ن-۱۰_صورت‌های مالی سال مالی منتهی به ۱۳۹۴_۱۲_۲۹ (حسابرسی شده).xlsx,شدوص_۱۳۹۴_۱۲_۲۹_separate_ن-۱۰_صورت‌های مالی سال مالی منتهی به ۱۳۹۴_۱۲_۲۹ (حسابرسی شده).xlsx,OLE2_LEGACY_EXCEL,.xlsx,70144,973ecd1b1c69055c740dd1039ed02d685af297da4ffbee6dd665512e5901d20c,OK,,581,PAYLOAD_SUBSTANTIVE,,شدوص,1394,1394/12/29,separate,audited,original,DETECTED,Sheet1,9,55,1394/12/29,Sheet1!R6C4,مقبول,UNQUALIFIED_FAIR_FORMULA|HEADING_CELL,Sheet1!R28C14,Sheet1!R29C2,,,1395/02/13,Sheet1!R47C23,,دوده صنعتی پارس
اکسل های صورت مالی کل زیپ ۱۳۹۲-۱۴۰۲.zip,شدوص.zip,شدوص.zip!شدوص_۱۳۹۴_۱۲_۲۹_separate_ن-۱۰_صورت‌های مالی سال مالی منتهی به ۱۳۹۴_۱۲_۲۹ (حسابرسی شده)(اصلاحیه).xlsx,شدوص_۱۳۹۴_۱۲_۲۹_separate_ن-۱۰_صورت‌های مالی سال مالی منتهی به ۱۳۹۴_۱۲_۲۹ (حسابرسی شده)(اصلاحیه).xlsx,OLE2_LEGACY_EXCEL,.xlsx,72192,0197adb789e24248a90b57e739d1d29d1fb98355c7bfaa105531d5ce9cc19e75,OK,,584,PAYLOAD_SUBSTANTIVE,,شدوص,1394,1394/12/29,separate,audited,correction,DETECTED,Sheet1,9,55,1394/12/29,Sheet1!R6C4,مقبول,UNQUALIFIED_FAIR_FORMULA|HEADING_CELL,Sheet1!R28C14,Sheet1!R29C2,,,1395/02/13,Sheet1!R47C23,,دوده صنعتی پارس
اکسل های صورت مالی کل زیپ ۱۳۹۲-۱۴۰۲.zip,شدوص.zip,شدوص.zip!شدوص_۱۳۹۵_۱۲_۳۰_separate_ن-۱۰_صورت‌های مالی سال مالی منتهی به ۱۳۹۵_۱۲_۳۰ (حسابرسی شده).xlsx,شدوص_۱۳۹۵_۱۲_۳۰_separate_ن-۱۰_صورت‌های مالی سال مالی منتهی به ۱۳۹۵_۱۲_۳۰ (حسابرسی شده).xlsx,OLE2_LEGACY_EXCEL,.xlsx,78336,1fabc3472b78aa2947cff676ff7938b27fb73997333d6876bd325fc17156f458,OK,,628,PAYLOAD_SUBSTANTIVE,,شدوص,1395,1395/12/30,separate,audited,original,DETECTED,Sheet1,11,70,1395/12/30,Sheet1!R8C4,مشروط,QUALIFIED_FAIR_WITH_EXCEPTION|HEADING_CELL,Sheet1!R33C12,Sheet1!R35C2,,,1396/02/16,Sheet1!R62C20,,دوده صنعتی پارس
اکسل های صورت مالی کل زیپ ۱۳۹۲-۱۴۰۲.zip,شدوص.zip,شدوص.zip!شدوص_۱۳۹۶_۱۲_۲۹_separate_ن-۱۰_صورت‌های مالی سال مالی منتهی به ۱۳۹۶_۱۲_۲۹ (حسابرسی شده).xlsx,شدوص_۱۳۹۶_۱۲_۲۹_separate_ن-۱۰_صورت‌های مالی سال مالی منتهی به ۱۳۹۶_۱۲_۲۹ (حسابرسی شده).xlsx,OLE2_LEGACY_EXCEL,.xlsx,79360,aca580834719eaf65da5cfcf64620ef1f64477cfabd80483f685aa62eb68759e,OK,,642,PAYLOAD_SUBSTANTIVE,,شدوص,1396,1396/12/29,separate,audited,original,DETECTED,Sheet1,11,77,1396/12/29,Sheet1!R8C4,مشروط,QUALIFIED_FAIR_WITH_EXCEPTION|HEADING_CELL,Sheet1!R36C12,Sheet1!R37C2,,,1397/02/11,Sheet1!R67C20,,دوده صنعتی پارس
اکسل های صورت مالی کل زیپ ۱۳۹۲-۱۴۰۲.zip,شدوص.zip,شدوص.zip!شدوص_۱۳۹۷_۱۲_۲۹_separate_ن-۱۰_صورت‌های مالی سال مالی منتهی به ۱۳۹۷_۱۲_۲۹ (حسابرسی شده).xlsx,شدوص_۱۳۹۷_۱۲_۲۹_separate_ن-۱۰_صورت‌های مالی سال مالی منتهی به ۱۳۹۷_۱۲_۲۹ (حسابرسی شده).xlsx,HTML_MISLABELED_XLSX,.xlsx,113639,7dc57e16568b3f412df28f48574b3ef3000137761a53d35db6b74eaef2ec1cd6,OK,,495,PAYLOAD_SUBSTANTIVE,,شدوص,1397,1397/12/29,separate,audited,original,NOT_DETECTED,,,,1397/12/29,HTML_TABLE_1!R1C2,,,,,,NO_AUDITOR_BLOCK_DETECTED,,,NO_AUDITOR_BLOCK_DETECTED,
اکسل های صورت مالی کل زیپ ۱۳۹۲-۱۴۰۲.zip,شدوص.zip,شدوص.zip!شدوص_۱۳۹۸_۱۲_۲۹_separate_ن-۱۰_صورت‌های مالی سال مالی منتهی به ۱۳۹۸_۱۲_۲۹ (حسابرسی شده).xlsx,شدوص_۱۳۹۸_۱۲_۲۹_separate_ن-۱۰_صورت‌های مالی سال مالی منتهی به ۱۳۹۸_۱۲_۲۹ (حسابرسی شده).xlsx,HTML_MISLABELED_XLSX,.xlsx,438211,0a237951d5b4ab5d589c8f2cfba482b473231c8c6aa82fd467e0d12fef9e48c6,OK,,2048,PAYLOAD_SUBSTANTIVE,,شدوص,1398,1398/12/29,separate,audited,original,NOT_DETECTED,,,,1398/12/29,HTML_TABLE_1!R1C3,,,,,,NO_AUDITOR_BLOCK_DETECTED,,,NO_AUDITOR_BLOCK_DETECTED,
اکسل های صورت مالی کل زیپ ۱۳۹۲-۱۴۰۲.zip,شدوص.zip,شدوص.zip!شدوص_۱۳۹۹_۱۲_۳۰_separate_ن-۱۰_صورت‌های مالی سال مالی منتهی به ۱۳۹۹_۱۲_۳۰ (حسابرسی شده).xlsx,شدوص_۱۳۹۹_۱۲_۳۰_separate_ن-۱۰_صورت‌های مالی سال مالی منتهی به ۱۳۹۹_۱۲_۳۰ (حسابرسی شده).xlsx,HTML_MISLABELED_XLSX,.xlsx,293089,33ca7a6e5fb9cac8e3e957b7c0cace6fa79965db14a72cf245f9d9cb735a3f44,OK,,1327,PAYLOAD_SUBSTANTIVE,,شدوص,1399,1399/12/30,separate,audited,original,NOT_DETECTED,,,,1399/12/30,HTML_TABLE_1!R1C2,,,,,,NO_AUDITOR_BLOCK_DETECTED,,,NO_AUDITOR_BLOCK_DETECTED,
اکسل های صورت مالی کل زیپ ۱۳۹۲-۱۴۰۲.zip,شدوص.zip,شدوص.zip!شدوص_۱۴۰۰_۱۲_۲۹_separate_ن-۱۰_صورت‌های مالی سال مالی منتهی به ۱۴۰۰_۱۲_۲۹ (حسابرسی شده).xlsx,شدوص_۱۴۰۰_۱۲_۲۹_separate_ن-۱۰_صورت‌های مالی سال مالی منتهی به ۱۴۰۰_۱۲_۲۹ (حسابرسی شده).xlsx,HTML_MISLABELED_XLSX,.xlsx,347399,ebb6c37e58194ad2bbcc5891dd9af36f1d1c7a816ac22a9b0173d637f2f6538e,OK,,1552,PAYLOAD_SUBSTANTIVE,,شدوص,1400,1400/12/29,separate,audited,original,NOT_DETECTED,,,,1400/12/29,HTML_TABLE_1!R1C2,,,,,,NO_AUDITOR_BLOCK_DETECTED,,,NO_AUDITOR_BLOCK_DETECTED,
اکسل های صورت مالی کل زیپ ۱۳۹۲-۱۴۰۲.zip,شدوص.zip,شدوص.zip!شدوص_۱۴۰۱_۱۲_۲۹_separate_ن-۱۰_صورت‌های مالی سال مالی منتهی به ۱۴۰۱_۱۲_۲۹ (حسابرسی شده).xlsx,شدوص_۱۴۰۱_۱۲_۲۹_separate_ن-۱۰_صورت‌های مالی سال مالی منتهی به ۱۴۰۱_۱۲_۲۹ (حسابرسی شده).xlsx,HTML_MISLABELED_XLSX,.xlsx,140540,a2dbd54959f1e4321191b38f0f5208cf069e70b3e030da3f7e5f616ff5970991,OK,,479,PAYLOAD_SUBSTANTIVE,,شدوص,1401,1401/12/29,separate,audited,original,NOT_DETECTED,,,,1401/12/29,HTML_TABLE_1!R1C2,,,,,,NO_AUDITOR_BLOCK_DETECTED,,,NO_AUDITOR_BLOCK_DETECTED,
اکسل های صورت مالی کل زیپ ۱۳۹۲-۱۴۰۲.zip,شدوص.zip,شدوص.zip!شدوص_۱۴۰۲_۱۲_۲۹_separate_ن-۱۰_صورت‌های مالی سال مالی منتهی به ۱۴۰۲_۱۲_۲۹ (حسابرسی شده).xlsx,شدوص_۱۴۰۲_۱۲_۲۹_separate_ن-۱۰_صورت‌های مالی سال مالی منتهی به ۱۴۰۲_۱۲_۲۹ (حسابرسی شده).xlsx,HTML_MISLABELED_XLSX,.xlsx,386861,d9cd713550f37a839116524ae108c83022cefc7ea97023c215d20b6e1824fec5,OK,,1754,PAYLOAD_SUBSTANTIVE,,شدوص,1402,1402/12/29,separate,audited,original,NOT_DETECTED,,,,1402/12/29,HTML_TABLE_1!R1C2,,,,,,NO_AUDITOR_BLOCK_DETECTED,,,NO_AUDITOR_BLOCK_DETECTED,
اکسل های صورت مالی کل زیپ ۱۳۹۲-۱۴۰۲.zip,شغدير.zip,شغدير.zip!شغدير_۱۳۸۹_۱۲_۲۹_separate_ن-۱۰_صورتهای مالی سال مالی منتهی به ۱۳۸۹_۱۲_۲۹ (حسابرسی شده).xlsx,شغدير_۱۳۸۹_۱۲_۲۹_separate_ن-۱۰_صورتهای مالی سال مالی منتهی به ۱۳۸۹_۱۲_۲۹ (حسابرسی شده).xlsx,OLE2_LEGACY_EXCEL,.xlsx,74240,c0540f416241d5ee4285ef6f58b97cb71dffcb0443004d277bf91c1a76e11eda,OK,,560,PAYLOAD_SUBSTANTIVE,,شغدیر,1389,1389/12/29,separate,audited,original,DETECTED,Sheet1,9,76,1389/12/29,Sheet1!R6C4,مشروط,STRUCTURED_FIELD_نظر_حسابرس,Sheet1!R14C23,Sheet1!R13C1,,,,,DATE_ANCHOR_IN_BLOCK_BUT_NO_PARSEABLE_DATE_ADJACENT,پتروشیمی غدیر
اکسل های صورت مالی کل زیپ ۱۳۹۲-۱۴۰۲.zip,شغدير.zip,شغدير.zip!شغدير_۱۳۹۰_۱۲_۲۹_separate_ن-۱۰_صورتهای مالی سال مالی منتهی به ۱۳۹۰_۱۲_۲۹ (حسابرسی شده).xlsx,شغدير_۱۳۹۰_۱۲_۲۹_separate_ن-۱۰_صورتهای مالی سال مالی منتهی به ۱۳۹۰_۱۲_۲۹ (حسابرسی شده).xlsx,OLE2_LEGACY_EXCEL,.xlsx,73216,a8595b4d52ad58b3276981bf6ea181cbf930db194cfd0c2e96186d23924c8bed,OK,,547,PAYLOAD_SUBSTANTIVE,,شغدیر,1390,1390/12/29,separate,audited,original,DETECTED,Sheet1,9,75,1390/12/29,Sheet1!R6C4,مشروط,QUALIFIED_FAIR_WITH_EXCEPTION|HEADING_CELL,Sheet1!R40C14,Sheet1!R41C2,,,1391/04/01,Sheet1!R67C23,,پتروشیمی غدیر
اکسل های صورت مالی کل زیپ ۱۳۹۲-۱۴۰۲.zip,شغدير.zip,شغدير.zip!شغدير_۱۳۹۱_۱۲_۳۰_separate_ن-۱۰_صورتهای مالی سال مالی منتهی به ۱۳۹۱_۱۲_۳۰ (حسابرسی شده).xlsx,شغدير_۱۳۹۱_۱۲_۳۰_separate_ن-۱۰_صورتهای مالی سال مالی منتهی به ۱۳۹۱_۱۲_۳۰ (حسابرسی شده).xlsx,OLE2_LEGACY_EXCEL,.xlsx,72192,9193a32cb3522e9fff7e9e03bd99e503a223ec6132c51a69b5db8eb1283ea370,OK,,545,PAYLOAD_SUBSTANTIVE,,شغدیر,1391,1391/12/30,separate,audited,original,DETECTED,Sheet1,9,73,1391/12/30,Sheet1!R6C4,مشروط,QUALIFIED_FAIR_WITH_EXCEPTION|HEADING_CELL,Sheet1!R38C14,Sheet1!R39C2,,,1392/02/17,Sheet1!R65C23,,پتروشیمی غدیر
اکسل های صورت مالی کل زیپ ۱۳۹۲-۱۴۰۲.zip,شغدير.zip,شغدير.zip!شغدير_۱۳۹۲_۱۲_۲۹_separate_ن-۱۰_صورتهای مالی سال مالی منتهی به ۱۳۹۲_۱۲_۲۹ (حسابرسی شده).xlsx,شغدير_۱۳۹۲_۱۲_۲۹_separate_ن-۱۰_صورتهای مالی سال مالی منتهی به ۱۳۹۲_۱۲_۲۹ (حسابرسی شده).xlsx,OLE2_LEGACY_EXCEL,.xlsx,80896,409dea48185866b52e8cf852834c0b83f52a750120a64a580ad4d3a78eb30fe6,OK,,548,PAYLOAD_SUBSTANTIVE,,شغدیر,1392,1392/12/29,separate,audited,original,DETECTED,Sheet1,9,72,1392/12/29,Sheet1!R6C4,مشروط,QUALIFIED_FAIR_WITH_EXCEPTION|HEADING_CELL,Sheet1!R40C14,Sheet1!R41C2,,,1393/03/05,Sheet1!R64C23,,پتروشیمی غدیر
اکسل های صورت مالی کل زیپ ۱۳۹۲-۱۴۰۲.zip,شغدير.zip,شغدير.zip!شغدير_۱۳۹۳_۱۲_۲۹_separate_ن-۱۰_صورتهای مالی سال مالی منتهی به ۱۳۹۳_۱۲_۲۹ (حسابرسی شده).xlsx,شغدير_۱۳۹۳_۱۲_۲۹_separate_ن-۱۰_صورتهای مالی سال مالی منتهی به ۱۳۹۳_۱۲_۲۹ (حسابرسی شده).xlsx,OLE2_LEGACY_EXCEL,.xlsx,73216,9411403905b10f7adf747c824ecc39a6a06953c8c21d60410f2da38c29e4dba0,OK,,591,PAYLOAD_SUBSTANTIVE,,شغدیر,1393,1393/12/29,separate,audited,original,DETECTED,Sheet1,9,69,1393/12/29,Sheet1!R6C4,مشروط,QUALIFIED_FAIR_WITH_EXCEPTION|HEADING_CELL,Sheet1!R39C14,Sheet1!R40C2,,,1394/03/09,Sheet1!R61C23,,پتروشیمی غدیر
اکسل های صورت مالی کل زیپ ۱۳۹۲-۱۴۰۲.zip,شغدير.zip,شغدير.zip!شغدير_۱۳۹۵_۱۲_۳۰_separate_ن-۱۰_صورت‌های مالی سال مالی منتهی به ۱۳۹۵_۱۲_۳۰ (حسابرسی شده).xlsx,شغدير_۱۳۹۵_۱۲_۳۰_separate_ن-۱۰_صورت‌های مالی سال مالی منتهی به ۱۳۹۵_۱۲_۳۰ (حسابرسی شده).xlsx,OLE2_LEGACY_EXCEL,.xlsx,84992,1a80fa0a31a1d536cb8dce23fd9be1f12041476715a46c1f8ed2839c6c4063ea,OK,,655,PAYLOAD_SUBSTANTIVE,,شغدیر,1395,1395/12/30,separate,audited,original,DETECTED,Sheet1,11,93,1395/12/30,Sheet1!R8C4,مشروط,QUALIFIED_FAIR_WITH_EXCEPTION|HEADING_CELL,Sheet1!R52C12,Sheet1!R53C2,,,1396/11/05,Sheet1!R84C20,,پتروشیمی غدیر
اکسل های صورت مالی کل زیپ ۱۳۹۲-۱۴۰۲.zip,شغدير.zip,شغدير.zip!شغدير_۱۳۹۶_۱۲_۲۹_separate_ن-۱۰_صورت‌های مالی سال مالی منتهی به ۱۳۹۶_۱۲_۲۹ (حسابرسی شده).xlsx,شغدير_۱۳۹۶_۱۲_۲۹_separate_ن-۱۰_صورت‌های مالی سال مالی منتهی به ۱۳۹۶_۱۲_۲۹ (حسابرسی شده).xlsx,OLE2_LEGACY_EXCEL,.xlsx,85504,6bc045ee6282e7a9afed294bad119649ba09f80d9488a28ffa2ee3e204a04783,OK,,649,PAYLOAD_SUBSTANTIVE,,شغدیر,1396,1396/12/29,separate,audited,original,DETECTED,Sheet1,11,98,1396/12/29,Sheet1!R8C4,مشروط,QUALIFIED_FAIR_WITH_EXCEPTION|HEADING_CELL,Sheet1!R46C12,Sheet1!R47C2,,,1397/03/09,Sheet1!R90C20,,پتروشیمی غدیر
اکسل های صورت مالی کل زیپ ۱۳۹۲-۱۴۰۲.zip,شغدير.zip,شغدير.zip!شغدير_۱۳۹۶_۱۲_۲۹_separate_ن-۱۰_صورت‌های مالی سال مالی منتهی به ۱۳۹۶_۱۲_۲۹ (حسابرسی شده)(اصلاحیه).xlsx,شغدير_۱۳۹۶_۱۲_۲۹_separate_ن-۱۰_صورت‌های مالی سال مالی منتهی به ۱۳۹۶_۱۲_۲۹ (حسابرسی شده)(اصلاحیه).xlsx,OLE2_LEGACY_EXCEL,.xlsx,86016,3a5aeb8dad082484708bf16b41c0fbdb33c3d08de0ccd225afddaf5c8a74a544,OK,,651,PAYLOAD_SUBSTANTIVE,,شغدیر,1396,1396/12/29,separate,audited,correction,DETECTED,Sheet1,11,100,1396/12/29,Sheet1!R8C4,مشروط,QUALIFIED_FAIR_WITH_EXCEPTION|HEADING_CELL,Sheet1!R47C12,Sheet1!R48C2,,,1397/03/02,Sheet1!R92C20,,پتروشیمی غدیر
اکسل های صورت مالی کل زیپ ۱۳۹۲-۱۴۰۲.zip,شغدير.zip,شغدير.zip!شغدير_۱۳۹۷_۱۲_۲۹_separate_ن-۱۰_صورت‌های مالی سال مالی منتهی به ۱۳۹۷_۱۲_۲۹ (حسابرسی شده).xlsx,شغدير_۱۳۹۷_۱۲_۲۹_separate_ن-۱۰_صورت‌های مالی سال مالی منتهی به ۱۳۹۷_۱۲_۲۹ (حسابرسی شده).xlsx,HTML_MISLABELED_XLSX,.xlsx,113605,4ee6ae58e840bebb9c6e6b644a91cb85f9510b04d1a4b6c302b5d118580da3ea,OK,,495,PAYLOAD_SUBSTANTIVE,,شغدیر,1397,1397/12/29,separate,audited,original,NOT_DETECTED,,,,1397/12/29,HTML_TABLE_1!R1C2,,,,,,NO_AUDITOR_BLOCK_DETECTED,,,NO_AUDITOR_BLOCK_DETECTED,
اکسل های صورت مالی کل زیپ ۱۳۹۲-۱۴۰۲.zip,شغدير.zip,شغدير.zip!شغدير_۱۳۹۸_۱۲_۲۹_separate_ن-۱۰_صورت‌های مالی سال مالی منتهی به ۱۳۹۸_۱۲_۲۹ (حسابرسی شده).xlsx,شغدير_۱۳۹۸_۱۲_۲۹_separate_ن-۱۰_صورت‌های مالی سال مالی منتهی به ۱۳۹۸_۱۲_۲۹ (حسابرسی شده).xlsx,HTML_MISLABELED_XLSX,.xlsx,301841,517ed96e0825991bcc8866b750a1257b033138e95a7a811df94a9b549dbcfa34,OK,,1416,PAYLOAD_SUBSTANTIVE,,شغدیر,1398,1398/12/29,separate,audited,original,NOT_DETECTED,,,,1398/12/29,HTML_TABLE_1!R1C2,,,,,,NO_AUDITOR_BLOCK_DETECTED,,,NO_AUDITOR_BLOCK_DETECTED,
اکسل های صورت مالی کل زیپ ۱۳۹۲-۱۴۰۲.zip,شغدير.zip,شغدير.zip!شغدير_۱۳۹۹_۱۲_۳۰_separate_ن-۱۰_صورت‌های مالی سال مالی منتهی به ۱۳۹۹_۱۲_۳۰ (حسابرسی شده).xlsx,شغدير_۱۳۹۹_۱۲_۳۰_separate_ن-۱۰_صورت‌های مالی سال مالی منتهی به ۱۳۹۹_۱۲_۳۰ (حسابرسی شده).xlsx,HTML_MISLABELED_XLSX,.xlsx,301327,5e5c2f61575ffd3476a380017f858698f3b26cd7220a177c2e6a27ab43ec55d7,OK,,1421,PAYLOAD_SUBSTANTIVE,,شغدیر,1399,1399/12/30,separate,audited,original,NOT_DETECTED,,,,1399/12/30,HTML_TABLE_1!R1C2,,,,,,NO_AUDITOR_BLOCK_DETECTED,,,NO_AUDITOR_BLOCK_DETECTED,
اکسل های صورت مالی کل زیپ ۱۳۹۲-۱۴۰۲.zip,شغدير.zip,شغدير.zip!شغدير_۱۴۰۰_۱۲_۲۹_separate_ن-۱۰_صورت‌های مالی سال مالی منتهی به ۱۴۰۰_۱۲_۲۹ (حسابرسی شده).xlsx,شغدير_۱۴۰۰_۱۲_۲۹_separate_ن-۱۰_صورت‌های مالی سال مالی منتهی به ۱۴۰۰_۱۲_۲۹ (حسابرسی شده).xlsx,HTML_MISLABELED_XLSX,.xlsx,359912,8b46a8e7d00b63306b6fb1a223a7370d04ec68449bbb1426baefa052d25d6b48,OK,,1645,PAYLOAD_SUBSTANTIVE,,شغدیر,1400,1400/12/29,separate,audited,original,NOT_DETECTED,,,,1400/12/29,HTML_TABLE_1!R1C2,,,,,,NO_AUDITOR_BLOCK_DETECTED,,,NO_AUDITOR_BLOCK_DETECTED,
اکسل های صورت مالی کل زیپ ۱۳۹۲-۱۴۰۲.zip,شغدير.zip,شغدير.zip!شغدير_۱۴۰۱_۱۲_۲۹_separate_ن-۱۰_صورت‌های مالی سال مالی منتهی به ۱۴۰۱_۱۲_۲۹ (حسابرسی شده).xlsx,شغدير_۱۴۰۱_۱۲_۲۹_separate_ن-۱۰_صورت‌های مالی سال مالی منتهی به ۱۴۰۱_۱۲_۲۹ (حسابرسی شده).xlsx,HTML_MISLABELED_XLSX,.xlsx,281314,c7fc3c53c909578b2c6922c2035975700fc130415010a51a116f234ed90805c0,OK,,1212,PAYLOAD_SUBSTANTIVE,,شغدیر,1401,1401/12/29,separate,audited,original,NOT_DETECTED,,,,1401/12/29,HTML_TABLE_1!R1C2,,,,,,NO_AUDITOR_BLOCK_DETECTED,,,NO_AUDITOR_BLOCK_DETECTED,
اکسل های صورت مالی کل زیپ ۱۳۹۲-۱۴۰۲.zip,شغدير.zip,شغدير.zip!شغدير_۱۴۰۲_۱۲_۲۹_separate_ن-۱۰_صورت‌های مالی سال مالی منتهی به ۱۴۰۲_۱۲_۲۹ (حسابرسی شده).xlsx,شغدير_۱۴۰۲_۱۲_۲۹_separate_ن-۱۰_صورت‌های مالی سال مالی منتهی به ۱۴۰۲_۱۲_۲۹ (حسابرسی شده).xlsx,HTML_MISLABELED_XLSX,.xlsx,372056,f47fc1018f604dcdb15bc2513cfc63f6fa48defbf3e687828af589292d89a010,OK,,1719,PAYLOAD_SUBSTANTIVE,,شغدیر,1402,1402/12/29,separate,audited,original,NOT_DETECTED,,,,1402/12/29,HTML_TABLE_2!R22C1,,,,,,NO_AUDITOR_BLOCK_DETECTED,,,NO_AUDITOR_BLOCK_DETECTED,
اکسل های صورت مالی کل زیپ ۱۳۹۲-۱۴۰۲.zip,شفارس.zip,شفارس.zip!شفارس_۱۳۹۱_۱۲_۳۰_separate_ن-۱۰_صورتهای مالی سال مالی منتهی به ۱۳۹۱_۱۲_۳۰ (حسابرسی شده).xlsx,شفارس_۱۳۹۱_۱۲_۳۰_separate_ن-۱۰_صورتهای مالی سال مالی منتهی به ۱۳۹۱_۱۲_۳۰ (حسابرسی شده).xlsx,OLE2_LEGACY_EXCEL,.xlsx,68096,21bad2b4269423c9fdd770f180cf05e4fcf057cf09a9ba079a58dc89a781b9bc,OK,,462,PAYLOAD_SUBSTANTIVE,,شفارس,1391,1391/12/30,separate,audited,original,DETECTED,Sheet1,9,88,1391/12/30,Sheet1!R6C4,مقبول,UNQUALIFIED_FAIR_FORMULA|HEADING_CELL,Sheet1!R32C14,Sheet1!R34C2,,,1392/02/11,Sheet1!R80C23,,صنایع شیمیایی فارس
اکسل های صورت مالی کل زیپ ۱۳۹۲-۱۴۰۲.zip,شفارس.zip,شفارس.zip!شفارس_۱۳۹۲_۱۲_۲۹_separate_ن-۱۰_صورتهای مالی سال مالی منتهی به ۱۳۹۲_۱۲_۲۹ (حسابرسی شده).xlsx,شفارس_۱۳۹۲_۱۲_۲۹_separate_ن-۱۰_صورتهای مالی سال مالی منتهی به ۱۳۹۲_۱۲_۲۹ (حسابرسی شده).xlsx,OLE2_LEGACY_EXCEL,.xlsx,72704,de09fcee7bbff13ffae6f1a94c9e2aaffd9e090a3c7e035caa9f6d1ac1af9ba7,OK,,560,PAYLOAD_SUBSTANTIVE,,شفارس,1392,1392/12/29,separate,audited,original,DETECTED,Sheet1,9,76,1392/12/29,Sheet1!R6C4,مقبول,UNQUALIFIED_FAIR_FORMULA|HEADING_CELL,Sheet1!R32C14,Sheet1!R34C2,,,1393/03/20,Sheet1!R68C23,,صنایع شیمیایی فارس
اکسل های صورت مالی کل زیپ ۱۳۹۲-۱۴۰۲.zip,شفارس.zip,شفارس.zip!شفارس_۱۳۹۳_۱۲_۲۹_separate_ن-۱۰_صورتهای مالی سال مالی منتهی به ۱۳۹۳_۱۲_۲۹ (حسابرسی شده).xlsx,شفارس_۱۳۹۳_۱۲_۲۹_separate_ن-۱۰_صورتهای مالی سال مالی منتهی به ۱۳۹۳_۱۲_۲۹ (حسابرسی شده).xlsx,OLE2_LEGACY_EXCEL,.xlsx,78336,6c127e6853188cdf9f432c8b955acf22b9634d1203650edf33d13fe873f488e8,OK,,614,PAYLOAD_SUBSTANTIVE,,شفارس,1393,1393/12/29,separate,audited,original,DETECTED,Sheet1,9,85,1393/12/29,Sheet1!R6C4,مشروط,QUALIFIED_FAIR_WITH_EXCEPTION|HEADING_CELL,Sheet1!R42C14,Sheet1!R43C2,,,1394/03/23,Sheet1!R76C23,,صنایع شیمیایی فارس
اکسل های صورت مالی کل زیپ ۱۳۹۲-۱۴۰۲.zip,شفارس.zip,شفارس.zip!شفارس_۱۳۹۴_۱۲_۲۹_separate_ن-۱۰_صورت‌های مالی سال مالی منتهی به ۱۳۹۴_۱۲_۲۹ (حسابرسی شده).xlsx,شفارس_۱۳۹۴_۱۲_۲۹_separate_ن-۱۰_صورت‌های مالی سال مالی منتهی به ۱۳۹۴_۱۲_۲۹ (حسابرسی شده).xlsx,OLE2_LEGACY_EXCEL,.xlsx,79360,b754cabdf0d3b052ae09c03b5ce23fac92d85fa692db3b3cf21bd2217ab5b800,OK,,596,PAYLOAD_SUBSTANTIVE,,شفارس,1394,1394/12/29,separate,audited,original,DETECTED,Sheet1,9,72,1394/12/29,Sheet1!R6C4,مشروط,QUALIFIED_FAIR_WITH_EXCEPTION|HEADING_CELL,Sheet1!R38C14,Sheet1!R39C2,,,1395/01/28,Sheet1!R64C23,,صنایع شیمیایی فارس
اکسل های صورت مالی کل زیپ ۱۳۹۲-۱۴۰۲.zip,شفارس.zip,شفارس.zip!شفارس_۱۳۹۵_۱۲_۳۰_separate_ن-۱۰_صورت‌های مالی سال مالی منتهی به ۱۳۹۵_۱۲_۳۰ (حسابرسی شده).xlsx,شفارس_۱۳۹۵_۱۲_۳۰_separate_ن-۱۰_صورت‌های مالی سال مالی منتهی به ۱۳۹۵_۱۲_۳۰ (حسابرسی شده).xlsx,OLE2_LEGACY_EXCEL,.xlsx,79360,e78573bab8c8b54222476ab06bd7c00f8e5dd50c9ee91ca76d13b37851602d51,OK,,634,PAYLOAD_SUBSTANTIVE,,شفارس,1395,1395/12/30,separate,audited,original,DETECTED,Sheet1,11,72,1395/12/30,Sheet1!R8C4,مشروط,QUALIFIED_FAIR_WITH_EXCEPTION|HEADING_CELL,Sheet1!R42C12,Sheet1!R43C2,,,1396/02/15,Sheet1!R64C20,,صنایع شیمیایی فارس
اکسل های صورت مالی کل زیپ ۱۳۹۲-۱۴۰۲.zip,شفارس.zip,شفارس.zip!شفارس_۱۳۹۶_۱۲_۲۹_separate_ن-۱۰_صورت‌های مالی سال مالی منتهی به ۱۳۹۶_۱۲_۲۹ (حسابرسی شده).xlsx,شفارس_۱۳۹۶_۱۲_۲۹_separate_ن-۱۰_صورت‌های مالی سال مالی منتهی به ۱۳۹۶_۱۲_۲۹ (حسابرسی شده).xlsx,OLE2_LEGACY_EXCEL,.xlsx,82432,3b132c5afed3b6665e7d271f6b03deabe9fd99ebdec2a26bc54a8a7fa1460b17,OK,,637,PAYLOAD_SUBSTANTIVE,,شفارس,1396,1396/12/29,separate,audited,original,DETECTED,Sheet1,11,82,1396/12/29,Sheet1!R8C4,مشروط,QUALIFIED_FAIR_WITH_EXCEPTION|HEADING_CELL,Sheet1!R37C12,Sheet1!R38C2,,,1397/03/15,Sheet1!R74C20,,صنایع شیمیائی فارس
اکسل های صورت مالی کل زیپ ۱۳۹۲-۱۴۰۲.zip,شفارس.zip,شفارس.zip!شفارس_۱۳۹۷_۱۲_۲۹_separate_ن-۱۰_صورت‌های مالی سال مالی منتهی به ۱۳۹۷_۱۲_۲۹ (حسابرسی شده).xlsx,شفارس_۱۳۹۷_۱۲_۲۹_separate_ن-۱۰_صورت‌های مالی سال مالی منتهی به ۱۳۹۷_۱۲_۲۹ (حسابرسی شده).xlsx,HTML_MISLABELED_XLSX,.xlsx,113378,2814c32b555dfe14cb78021bfdeb153549a158f4ee86b03b6a419daf6543b6ac,OK,,495,PAYLOAD_SUBSTANTIVE,,شفارس,1397,1397/12/29,separate,audited,original,NOT_DETECTED,,,,1397/12/29,HTML_TABLE_1!R1C2,,,,,,NO_AUDITOR_BLOCK_DETECTED,,,NO_AUDITOR_BLOCK_DETECTED,
اکسل های صورت مالی کل زیپ ۱۳۹۲-۱۴۰۲.zip,شفارس.zip,شفارس.zip!شفارس_۱۳۹۸_۱۲_۲۹_separate_ن-۱۰_صورت‌های مالی سال مالی منتهی به ۱۳۹۸_۱۲_۲۹ (حسابرسی شده).xlsx,شفارس_۱۳۹۸_۱۲_۲۹_separate_ن-۱۰_صورت‌های مالی سال مالی منتهی به ۱۳۹۸_۱۲_۲۹ (حسابرسی شده).xlsx,HTML_MISLABELED_XLSX,.xlsx,302019,f0af31528bb7c2dbcb41f8cc9851227dc6a38881226f0d0e40e72bd62cd25e6f,OK,,1422,PAYLOAD_SUBSTANTIVE,,شفارس,1398,1398/12/29,separate,audited,original,NOT_DETECTED,,,,1398/12/29,HTML_TABLE_1!R1C2,,,,,,NO_AUDITOR_BLOCK_DETECTED,,,NO_AUDITOR_BLOCK_DETECTED,
اکسل های صورت مالی کل زیپ ۱۳۹۲-۱۴۰۲.zip,شفارس.zip,شفارس.zip!شفارس_۱۳۹۹_۱۲_۳۰_separate_ن-۱۰_صورت‌های مالی سال مالی منتهی به ۱۳۹۹_۱۲_۳۰ (حسابرسی شده).xlsx,شفارس_۱۳۹۹_۱۲_۳۰_separate_ن-۱۰_صورت‌های مالی سال مالی منتهی به ۱۳۹۹_۱۲_۳۰ (حسابرسی شده).xlsx,HTML_MISLABELED_XLSX,.xlsx,299852,6d6bc3998b6582550bb675b0bf3bdab148672bb43af4777f19335a7f74685825,OK,,1408,PAYLOAD_SUBSTANTIVE,,شفارس,1399,1399/12/30,separate,audited,original,NOT_DETECTED,,,,1399/12/30,HTML_TABLE_1!R1C2,,,,,,NO_AUDITOR_BLOCK_DETECTED,,,NO_AUDITOR_BLOCK_DETECTED,
اکسل های صورت مالی کل زیپ ۱۳۹۲-۱۴۰۲.zip,شفارس.zip,شفارس.zip!شفارس_۱۳۹۹_۱۲_۳۰_separate_ن-۱۰_صورت‌های مالی سال مالی منتهی به ۱۳۹۹_۱۲_۳۰ (حسابرسی شده)(اصلاحیه).xlsx,شفارس_۱۳۹۹_۱۲_۳۰_separate_ن-۱۰_صورت‌های مالی سال مالی منتهی به ۱۳۹۹_۱۲_۳۰ (حسابرسی شده)(اصلاحیه).xlsx,HTML_MISLABELED_XLSX,.xlsx,299846,1914212540f0b871c289d1e4fed3aae9a710446b96d99cc4d5a3efa92e912a67,OK,,1408,PAYLOAD_SUBSTANTIVE,,شفارس,1399,1399/12/30,separate,audited,correction,NOT_DETECTED,,,,1399/12/30,HTML_TABLE_1!R1C2,,,,,,NO_AUDITOR_BLOCK_DETECTED,,,NO_AUDITOR_BLOCK_DETECTED,
اکسل های صورت مالی کل زیپ ۱۳۹۲-۱۴۰۲.zip,شفارس.zip,شفارس.zip!شفارس_۱۴۰۰_۱۲_۲۹_separate_ن-۱۰_صورت‌های مالی سال مالی منتهی به ۱۴۰۰_۱۲_۲۹ (حسابرسی شده).xlsx,شفارس_۱۴۰۰_۱۲_۲۹_separate_ن-۱۰_صورت‌های مالی سال مالی منتهی به ۱۴۰۰_۱۲_۲۹ (حسابرسی شده).xlsx,HTML_MISLABELED_XLSX,.xlsx,367251,288944caab86d7d14b79de56ccf6119b7a7ac17bf9d5dbf4190108af61ac4cfc,OK,,1689,PAYLOAD_SUBSTANTIVE,,شفارس,1400,1400/12/29,separate,audited,original,NOT_DETECTED,,,,1400/12/29,HTML_TABLE_1!R1C2,,,,,,NO_AUDITOR_BLOCK_DETECTED,,,NO_AUDITOR_BLOCK_DETECTED,
اکسل های صورت مالی کل زیپ ۱۳۹۲-۱۴۰۲.zip,شفارس.zip,شفارس.zip!شفارس_۱۴۰۱_۱۲_۲۹_separate_ن-۱۰_صورت‌های مالی سال مالی منتهی به ۱۴۰۱_۱۲_۲۹ (حسابرسی شده).xlsx,شفارس_۱۴۰۱_۱۲_۲۹_separate_ن-۱۰_صورت‌های مالی سال مالی منتهی به ۱۴۰۱_۱۲_۲۹ (حسابرسی شده).xlsx,HTML_MISLABELED_XLSX,.xlsx,474885,c8ead713aa1417f49a4923d06fc0756295034a58461df5b6b09c55b9a2424bbf,OK,,2395,PAYLOAD_SUBSTANTIVE,,شفارس,1401,1401/12/29,separate,audited,original,NOT_DETECTED,,,,1401/12/29,HTML_TABLE_1!R1C2,,,,,,NO_AUDITOR_BLOCK_DETECTED,,,NO_AUDITOR_BLOCK_DETECTED,
اکسل های صورت مالی کل زیپ ۱۳۹۲-۱۴۰۲.zip,شفارس.zip,شفارس.zip!شفارس_۱۴۰۲_۱۲_۲۹_separate_ن-۱۰_صورت‌های مالی سال مالی منتهی به ۱۴۰۲_۱۲_۲۹ (حسابرسی شده).xlsx,شفارس_۱۴۰۲_۱۲_۲۹_separate_ن-۱۰_صورت‌های مالی سال مالی منتهی به ۱۴۰۲_۱۲_۲۹ (حسابرسی شده).xlsx,HTML_MISLABELED_XLSX,.xlsx,484883,eb7be4a3debc44c7cbc3f0d6c7aa8f72e893d4c9253f4c326581b1e39cf96db3,OK,,2449,PAYLOAD_SUBSTANTIVE,,شفارس,1402,1402/12/29,separate,audited,original,NOT_DETECTED,,,,1402/12/29,HTML_TABLE_1!R1C2,,,,,,NO_AUDITOR_BLOCK_DETECTED,,,NO_AUDITOR_BLOCK_DETECTED,
اکسل های صورت مالی کل زیپ ۱۳۹۲-۱۴۰۲.zip,شكربن.zip,شكربن.zip!شكربن_۱۳۹۱_۱۲_۳۰_separate_ن-۱۰_صورتهای مالی سال مالی منتهی به ۱۳۹۱_۱۲_۳۰ (حسابرسی شده).xlsx,شكربن_۱۳۹۱_۱۲_۳۰_separate_ن-۱۰_صورتهای مالی سال مالی منتهی به ۱۳۹۱_۱۲_۳۰ (حسابرسی شده).xlsx,OLE2_LEGACY_EXCEL,.xlsx,57856,800d41b1e742b420dfb9a12a2ef10a423d60ea1b1fdb2c2344b6f553207e3e4f,OK,,418,PAYLOAD_SUBSTANTIVE,,شکربن,1391,1391/12/30,separate,audited,original,DETECTED,Sheet1,9,75,1391/12/30,Sheet1!R6C4,مشروط,QUALIFIED_FAIR_WITH_EXCEPTION|HEADING_CELL,Sheet1!R29C14,Sheet1!R31C2,,,1392/03/16,Sheet1!R68C23,,کربن ایران
اکسل های صورت مالی کل زیپ ۱۳۹۲-۱۴۰۲.zip,شكربن.zip,شكربن.zip!شكربن_۱۳۹۲_۱۲_۲۹_separate_ن-۱۰_صورتهای مالی سال مالی منتهی به ۱۳۹۲_۱۲_۲۹ (حسابرسی شده).xlsx,شكربن_۱۳۹۲_۱۲_۲۹_separate_ن-۱۰_صورتهای مالی سال مالی منتهی به ۱۳۹۲_۱۲_۲۹ (حسابرسی شده).xlsx,OLE2_LEGACY_EXCEL,.xlsx,77824,ad18c613e902c9197f2167281d6f5d696bf7c5e7e857d39c57a556bc54bd05bb,OK,,556,PAYLOAD_SUBSTANTIVE,,شکربن,1392,1392/12/29,separate,audited,original,DETECTED,Sheet1,9,71,1392/12/29,Sheet1!R6C4,مشروط,QUALIFIED_FAIR_WITH_EXCEPTION|HEADING_CELL,Sheet1!R38C14,Sheet1!R39C2,,,1393/04/19,Sheet1!R62C23,,کربن ایران
اکسل های صورت مالی کل زیپ ۱۳۹۲-۱۴۰۲.zip,شكربن.zip,شكربن.zip!شكربن_۱۳۹۳_۱۲_۲۹_separate_ن-۱۰_صورتهای مالی سال مالی منتهی به ۱۳۹۳_۱۲_۲۹ (حسابرسی شده).xlsx,شكربن_۱۳۹۳_۱۲_۲۹_separate_ن-۱۰_صورتهای مالی سال مالی منتهی به ۱۳۹۳_۱۲_۲۹ (حسابرسی شده).xlsx,OLE2_LEGACY_EXCEL,.xlsx,76800,ff73fc14b511c411195982145d7094781188fdab5656b56bc784a8cc3880dfb5,OK,,580,PAYLOAD_SUBSTANTIVE,,شکربن,1393,1393/12/29,separate,audited,original,DETECTED,Sheet1,9,78,1393/12/29,Sheet1!R6C4,مشروط,QUALIFIED_FAIR_WITH_EXCEPTION|HEADING_CELL,Sheet1!R38C14,Sheet1!R39C2,,,1394/03/03,Sheet1!R69C23,,کربن ایران
اکسل های صورت مالی کل زیپ ۱۳۹۲-۱۴۰۲.zip,شكربن.zip,شكربن.zip!شكربن_۱۳۹۴_۱۲_۲۹_consolidated_ن-۱۰_صورت‌های مالی تلفیقی سال مالی منتهی به ۱۳۹۴_۱۲_۲۹ (حسابرسی شده).xlsx,شكربن_۱۳۹۴_۱۲_۲۹_consolidated_ن-۱۰_صورت‌های مالی تلفیقی سال مالی منتهی به ۱۳۹۴_۱۲_۲۹ (حسابرسی شده).xlsx,OLE2_LEGACY_EXCEL,.xlsx,139264,3a883b46e73551353d9878c6acd7dfba8429c000130a06dcc38fb6f1116ebe4b,OK,,1375,PAYLOAD_SUBSTANTIVE,,شکربن,1394,1394/12/29,consolidated,audited,original,DETECTED,Sheet1,9,84,1394/12/29,Sheet1!R6C4,مشروط,QUALIFIED_FAIR_WITH_EXCEPTION|HEADING_CELL,Sheet1!R43C14,Sheet1!R44C2,,,1395/03/16,Sheet1!R75C23,,کربن ایران
اکسل های صورت مالی کل زیپ ۱۳۹۲-۱۴۰۲.zip,شكربن.zip,شكربن.zip!شكربن_۱۳۹۵_۱۲_۳۰_consolidated_ن-۱۰_صورت‌های مالی تلفیقی سال مالی منتهی به ۱۳۹۵_۱۲_۳۰ (حسابرسی شده).xlsx,شكربن_۱۳۹۵_۱۲_۳۰_consolidated_ن-۱۰_صورت‌های مالی تلفیقی سال مالی منتهی به ۱۳۹۵_۱۲_۳۰ (حسابرسی شده).xlsx,OLE2_LEGACY_EXCEL,.xlsx,139776,ed69d12fdf24c5f2deee66ccc867df3b23fd8241115b1d8d007326b77f0b2be1,OK,,1381,PAYLOAD_SUBSTANTIVE,,شکربن,1395,1395/12/30,consolidated,audited,original,DETECTED,Sheet1,11,99,1395/12/30,Sheet1!R8C4,مشروط,QUALIFIED_FAIR_WITH_EXCEPTION|HEADING_CELL,Sheet1!R48C12,Sheet1!R49C2,,,1396/03/06,Sheet1!R90C20,,کربن ایران
اکسل های صورت مالی کل زیپ ۱۳۹۲-۱۴۰۲.zip,شكربن.zip,شكربن.zip!شكربن_۱۳۹۶_۱۲_۲۹_consolidated_ن-۱۰_صورت‌های مالی تلفیقی سال مالی منتهی به ۱۳۹۶_۱۲_۲۹ (حسابرسی شده).xlsx,شكربن_۱۳۹۶_۱۲_۲۹_consolidated_ن-۱۰_صورت‌های مالی تلفیقی سال مالی منتهی به ۱۳۹۶_۱۲_۲۹ (حسابرسی شده).xlsx,OLE2_LEGACY_EXCEL,.xlsx,136704,97c19fe0bd46d62f4a84f0727879cee5528d01c0ea02e09e427bc4384558c2aa,OK,,1384,PAYLOAD_SUBSTANTIVE,,شکربن,1396,1396/12/29,consolidated,audited,original,DETECTED,Sheet1,11,95,1396/12/29,Sheet1!R8C4,مشروط,QUALIFIED_FAIR_WITH_EXCEPTION|HEADING_CELL,Sheet1!R51C12,Sheet1!R53C2,,,1397/03/06,Sheet1!R86C20,,کربن ایران
اکسل های صورت مالی کل زیپ ۱۳۹۲-۱۴۰۲.zip,شكربن.zip,شكربن.zip!شكربن_۱۳۹۷_۱۲_۲۹_consolidated_ن-۱۰_صورت‌های مالی تلفیقی سال مالی منتهی به ۱۳۹۷_۱۲_۲۹ (حسابرسی شده).xlsx,شكربن_۱۳۹۷_۱۲_۲۹_consolidated_ن-۱۰_صورت‌های مالی تلفیقی سال مالی منتهی به ۱۳۹۷_۱۲_۲۹ (حسابرسی شده).xlsx,HTML_MISLABELED_XLSX,.xlsx,234639,3ab9ef19f818a54017ecce9a812f2a1dbb430600efa92ccfd87b0cc2326c31b0,OK,,1045,PAYLOAD_SUBSTANTIVE,,شکربن,1397,1397/12/29,consolidated,audited,original,NOT_DETECTED,,,,1397/12/29,HTML_TABLE_1!R1C2,,,,,,NO_AUDITOR_BLOCK_DETECTED,,,NO_AUDITOR_BLOCK_DETECTED,
اکسل های صورت مالی کل زیپ ۱۳۹۲-۱۴۰۲.zip,شكربن.zip,شكربن.zip!شكربن_۱۳۹۸_۱۲_۲۹_consolidated_ن-۱۰_صورت‌های مالی تلفیقی سال مالی منتهی به ۱۳۹۸_۱۲_۲۹ (حسابرسی شده).xlsx,شكربن_۱۳۹۸_۱۲_۲۹_consolidated_ن-۱۰_صورت‌های مالی تلفیقی سال مالی منتهی به ۱۳۹۸_۱۲_۲۹ (حسابرسی شده).xlsx,HTML_MISLABELED_XLSX,.xlsx,476116,ee6b475fefadf966abc616fc0e41c1e184af45e99c4942be140b6cf5fc3ae057,OK,,2228,PAYLOAD_SUBSTANTIVE,,شکربن,1398,1398/12/29,consolidated,audited,original,NOT_DETECTED,,,,1398/12/29,HTML_TABLE_1!R1C2,,,,,,NO_AUDITOR_BLOCK_DETECTED,,,NO_AUDITOR_BLOCK_DETECTED,
اکسل های صورت مالی کل زیپ ۱۳۹۲-۱۴۰۲.zip,شكربن.zip,شكربن.zip!شكربن_۱۳۹۹_۱۲_۳۰_consolidated_ن-۱۰_صورت‌های مالی تلفیقی سال مالی منتهی به ۱۳۹۹_۱۲_۳۰ (حسابرسی شده).xlsx,شكربن_۱۳۹۹_۱۲_۳۰_consolidated_ن-۱۰_صورت‌های مالی تلفیقی سال مالی منتهی به ۱۳۹۹_۱۲_۳۰ (حسابرسی شده).xlsx,HTML_MISLABELED_XLSX,.xlsx,485352,7f1015f47ce13233ce7cf7fb4b35e38348d85068f1007aff5e293b946ba44fca,OK,,2278,PAYLOAD_SUBSTANTIVE,,شکربن,1399,1399/12/30,consolidated,audited,original,NOT_DETECTED,,,,1399/12/30,HTML_TABLE_1!R1C2,,,,,,NO_AUDITOR_BLOCK_DETECTED,,,NO_AUDITOR_BLOCK_DETECTED,
اکسل های صورت مالی کل زیپ ۱۳۹۲-۱۴۰۲.zip,شكربن.zip,شكربن.zip!شكربن_۱۴۰۰_۱۲_۲۹_consolidated_ن-۱۰_صورت‌های مالی تلفیقی سال مالی منتهی به ۱۴۰۰_۱۲_۲۹ (حسابرسی شده).xlsx,شكربن_۱۴۰۰_۱۲_۲۹_consolidated_ن-۱۰_صورت‌های مالی تلفیقی سال مالی منتهی به ۱۴۰۰_۱۲_۲۹ (حسابرسی شده).xlsx,HTML_MISLABELED_XLSX,.xlsx,547594,91f9ebe547cfec7d39845b778d9656af896c949bd483fdb8e89d01588e766a15,OK,,2531,PAYLOAD_SUBSTANTIVE,,شکربن,1400,1400/12/29,consolidated,audited,original,NOT_DETECTED,,,,1400/12/29,HTML_TABLE_1!R1C2,,,,,,NO_AUDITOR_BLOCK_DETECTED,,,NO_AUDITOR_BLOCK_DETECTED,
اکسل های صورت مالی کل زیپ ۱۳۹۲-۱۴۰۲.zip,شكربن.zip,شكربن.zip!شكربن_۱۴۰۱_۱۲_۲۹_consolidated_ن-۱۰_صورت‌های مالی تلفیقی سال مالی منتهی به ۱۴۰۱_۱۲_۲۹ (حسابرسی شده).xlsx,شكربن_۱۴۰۱_۱۲_۲۹_consolidated_ن-۱۰_صورت‌های مالی تلفیقی سال مالی منتهی به ۱۴۰۱_۱۲_۲۹ (حسابرسی شده).xlsx,HTML_MISLABELED_XLSX,.xlsx,657902,6d01fba044d5887ca483cf4a16e58189b9f64df6e2769e9d8f98e3007ff81be7,OK,,2956,PAYLOAD_SUBSTANTIVE,,شکربن,1401,1401/12/29,consolidated,audited,original,NOT_DETECTED,,,,1401/12/29,HTML_TABLE_1!R1C3,,,,,,NO_AUDITOR_BLOCK_DETECTED,,,NO_AUDITOR_BLOCK_DETECTED,
اکسل های صورت مالی کل زیپ ۱۳۹۲-۱۴۰۲.zip,شكربن.zip,شكربن.zip!شكربن_۱۴۰۲_۱۲_۲۹_consolidated_ن-۱۰_صورت‌های مالی تلفیقی سال مالی منتهی به ۱۴۰۲_۱۲_۲۹ (حسابرسی شده).xlsx,شكربن_۱۴۰۲_۱۲_۲۹_consolidated_ن-۱۰_صورت‌های مالی تلفیقی سال مالی منتهی به ۱۴۰۲_۱۲_۲۹ (حسابرسی شده).xlsx,HTML_MISLABELED_XLSX,.xlsx,637016,ab0b372c7b7f96d2fab3b2e31547ab84d21b4e73f07fa1cd5b5a5bd7642d7a5a,OK,,2840,PAYLOAD_SUBSTANTIVE,,شکربن,1402,1402/12/29,consolidated,audited,original,NOT_DETECTED,,,,1402/12/29,HTML_TABLE_1!R1C2,,,,,,NO_AUDITOR_BLOCK_DETECTED,,,NO_AUDITOR_BLOCK_DETECTED,
اکسل های صورت مالی کل زیپ ۱۳۹۲-۱۴۰۲.zip,شكلر.zip,شكلر.zip!شكلر_۱۳۹۱_۱۲_۳۰_separate_ن-۱۰_صورتهای مالی سال مالی منتهی به ۱۳۹۱_۱۲_۳۰ (حسابرسی شده).xlsx,شكلر_۱۳۹۱_۱۲_۳۰_separate_ن-۱۰_صورتهای مالی سال مالی منتهی به ۱۳۹۱_۱۲_۳۰ (حسابرسی شده).xlsx,OLE2_LEGACY_EXCEL,.xlsx,55296,5267664df7a4f3dfe582c95feda2d4b6a0745865276de53ecfd477a7be37404b,OK,,542,PAYLOAD_SUBSTANTIVE,,شکلر,1391,1391/12/30,separate,audited,original,DETECTED,Sheet1,9,49,1391/12/30,Sheet1!R6C4,مقبول,UNQUALIFIED_FAIR_FORMULA|HEADING_CELL,Sheet1!R28C14,Sheet1!R29C2,,,1392/02/16,Sheet1!R42C23,,نیروکلر
اکسل های صورت مالی کل زیپ ۱۳۹۲-۱۴۰۲.zip,شكلر.zip,شكلر.zip!شكلر_۱۳۹۲_۱۲_۲۹_separate_ن-۱۰_صورتهای مالی سال مالی منتهی به ۱۳۹۲_۱۲_۲۹ (حسابرسی شده).xlsx,شكلر_۱۳۹۲_۱۲_۲۹_separate_ن-۱۰_صورتهای مالی سال مالی منتهی به ۱۳۹۲_۱۲_۲۹ (حسابرسی شده).xlsx,OLE2_LEGACY_EXCEL,.xlsx,74240,e53f2c6d373b5f96a87ab96d731c8d6952aeddee531d2e3b0711177d192bff61,OK,,698,PAYLOAD_SUBSTANTIVE,,شکلر,1392,1392/12/29,separate,audited,original,DETECTED,Sheet1,9,58,1392/12/29,Sheet1!R6C4,مقبول,UNQUALIFIED_FAIR_FORMULA|HEADING_CELL,Sheet1!R28C14,Sheet1!R29C2,,,1393/02/10,Sheet1!R49C23,,نیروکلر
اکسل های صورت مالی کل زیپ ۱۳۹۲-۱۴۰۲.zip,شكلر.zip,شكلر.zip!شكلر_۱۳۹۴_۰۶_۳۱_separate_ن-۱۰_صورت‌های مالی سال مالی منتهی به ۱۳۹۴_۰۶_۳۱ (حسابرسی شده).xlsx,شكلر_۱۳۹۴_۰۶_۳۱_separate_ن-۱۰_صورت‌های مالی سال مالی منتهی به ۱۳۹۴_۰۶_۳۱ (حسابرسی شده).xlsx,OLE2_LEGACY_EXCEL,.xlsx,82432,3f92d9cc55ec9ecaa412533cd0f6644dd5c88f951ea60e96028e6ce2422ab7bd,OK,,728,PAYLOAD_SUBSTANTIVE,,شکلر,1394,1394/06/31,separate,audited,original,DETECTED,Sheet1,9,72,1394/06/31,Sheet1!R6C4,مشروط,QUALIFIED_FAIR_WITH_EXCEPTION|HEADING_CELL,Sheet1!R31C14,Sheet1!R32C2,,,1394/08/04,Sheet1!R64C23,,نیرو کلر
اکسل های صورت مالی کل زیپ ۱۳۹۲-۱۴۰۲.zip,شكلر.zip,شكلر.zip!شكلر_۱۳۹۵_۰۶_۳۱_separate_ن-۱۰_صورت‌های مالی سال مالی منتهی به ۱۳۹۵_۰۶_۳۱ (حسابرسی شده).xlsx,شكلر_۱۳۹۵_۰۶_۳۱_separate_ن-۱۰_صورت‌های مالی سال مالی منتهی به ۱۳۹۵_۰۶_۳۱ (حسابرسی شده).xlsx,OLE2_LEGACY_EXCEL,.xlsx,95744,dcaad38e1e6aa067588d98186bdcdf3a58344c37fd88c74e89bc29a3aa2b6146,OK,,787,PAYLOAD_SUBSTANTIVE,,شکلر,1395,1395/06/31,separate,audited,original,DETECTED,Sheet1,9,86,1395/06/31,Sheet1!R6C4,مقبول,UNQUALIFIED_FAIR_FORMULA|HEADING_CELL,Sheet1!R28C14,Sheet1!R29C2,,,1395/08/05,Sheet1!R77C23,,نیرو کلر
اکسل های صورت مالی کل زیپ ۱۳۹۲-۱۴۰۲.zip,شكلر.zip,شكلر.zip!شكلر_۱۳۹۶_۰۶_۳۱_separate_ن-۱۰_صورت‌های مالی سال مالی منتهی به ۱۳۹۶_۰۶_۳۱ (حسابرسی شده).xlsx,شكلر_۱۳۹۶_۰۶_۳۱_separate_ن-۱۰_صورت‌های مالی سال مالی منتهی به ۱۳۹۶_۰۶_۳۱ (حسابرسی شده).xlsx,OLE2_LEGACY_EXCEL,.xlsx,87040,a7916edc056fa90caa794e619e464e99bc513215c6c0d022bed26d0e66d4be40,OK,,786,PAYLOAD_SUBSTANTIVE,,شکلر,1396,1396/06/31,separate,audited,original,DETECTED,Sheet1,11,73,1396/06/31,Sheet1!R8C4,مقبول,UNQUALIFIED_FAIR_FORMULA|HEADING_CELL,Sheet1!R29C12,Sheet1!R30C2,,,1396/08/03,Sheet1!R64C20,,نیروکلر
اکسل های صورت مالی کل زیپ ۱۳۹۲-۱۴۰۲.zip,شكلر.zip,شكلر.zip!شكلر_۱۳۹۶_۰۶_۳۱_separate_ن-۱۰_صورت‌های مالی سال مالی منتهی به ۱۳۹۶_۰۶_۳۱ (حسابرسی شده)(اصلاحیه).xlsx,شكلر_۱۳۹۶_۰۶_۳۱_separate_ن-۱۰_صورت‌های مالی سال مالی منتهی به ۱۳۹۶_۰۶_۳۱ (حسابرسی شده)(اصلاحیه).xlsx,OLE2_LEGACY_EXCEL,.xlsx,87552,b8254d426a0f07153c7afb6127cee56be2561f5974d6b47dfd1b95ce30ef05dd,OK,,786,PAYLOAD_SUBSTANTIVE,,شکلر,1396,1396/06/31,separate,audited,correction,DETECTED,Sheet1,11,73,1396/06/31,Sheet1!R8C4,مقبول,UNQUALIFIED_FAIR_FORMULA|HEADING_CELL,Sheet1!R29C12,Sheet1!R30C2,,,1396/08/03,Sheet1!R64C20,,نیروکلر
اکسل های صورت مالی کل زیپ ۱۳۹۲-۱۴۰۲.zip,شكلر.zip,شكلر.zip!شكلر_۱۳۹۸_۰۵_۳۱_separate_ن-۱۰_صورت‌های مالی سال مالی منتهی به ۱۳۹۸_۰۵_۳۱ (حسابرسی شده).xlsx,شكلر_۱۳۹۸_۰۵_۳۱_separate_ن-۱۰_صورت‌های مالی سال مالی منتهی به ۱۳۹۸_۰۵_۳۱ (حسابرسی شده).xlsx,HTML_MISLABELED_XLSX,.xlsx,4733,a215afaae31c900d47116cd7cd7906a3ae132fd93e0d317c06f91075d8128617,OK,,1,PAYLOAD_NON_SUBSTANTIVE,ONLY_1_CELLS,شکلر,1398,1398/05/31,separate,audited,original,NOT_DETECTED,,,,,,,,,,,NO_AUDITOR_BLOCK_DETECTED,,,NO_AUDITOR_BLOCK_DETECTED,
اکسل های صورت مالی کل زیپ ۱۳۹۲-۱۴۰۲.zip,شكلر.zip,شكلر.zip!شكلر_۱۳۹۹_۰۵_۳۱_separate_ن-۱۰_صورت‌های مالی سال مالی منتهی به ۱۳۹۹_۰۵_۳۱ (حسابرسی شده).xlsx,شكلر_۱۳۹۹_۰۵_۳۱_separate_ن-۱۰_صورت‌های مالی سال مالی منتهی به ۱۳۹۹_۰۵_۳۱ (حسابرسی شده).xlsx,HTML_MISLABELED_XLSX,.xlsx,311455,e344a012d98556502eaffaa4a1f2056f803283b6e8c89945d748ea38b5e7c061,OK,,1474,PAYLOAD_SUBSTANTIVE,,شکلر,1399,1399/05/31,separate,audited,original,NOT_DETECTED,,,,1399/05/31,HTML_TABLE_1!R1C2,,,,,,NO_AUDITOR_BLOCK_DETECTED,,,NO_AUDITOR_BLOCK_DETECTED,
اکسل های صورت مالی کل زیپ ۱۳۹۲-۱۴۰۲.zip,شكلر.zip,شكلر.zip!شكلر_۱۴۰۱_۰۸_۳۰_separate_ن-۱۰_صورت‌های مالی سال مالی منتهی به ۱۴۰۱_۰۸_۳۰ (حسابرسی شده).xlsx,شكلر_۱۴۰۱_۰۸_۳۰_separate_ن-۱۰_صورت‌های مالی سال مالی منتهی به ۱۴۰۱_۰۸_۳۰ (حسابرسی شده).xlsx,HTML_MISLABELED_XLSX,.xlsx,390996,1ebf69405e8774b3e055b4cd0dac0ac2466583d505e85ffdc9142f2a7d45d7b6,OK,,1793,PAYLOAD_SUBSTANTIVE,,شکلر,1401,1401/08/30,separate,audited,original,NOT_DETECTED,,,,1401/08/30,HTML_TABLE_1!R1C2,,,,,,NO_AUDITOR_BLOCK_DETECTED,,,NO_AUDITOR_BLOCK_DETECTED,
اکسل های صورت مالی کل زیپ ۱۳۹۲-۱۴۰۲.zip,شكلر.zip,شكلر.zip!شكلر_۱۴۰۱_۰۸_۳۰_separate_ن-۱۰_صورت‌های مالی سال مالی منتهی به ۱۴۰۱_۰۸_۳۰ (حسابرسی شده)(اصلاحیه).xlsx,شكلر_۱۴۰۱_۰۸_۳۰_separate_ن-۱۰_صورت‌های مالی سال مالی منتهی به ۱۴۰۱_۰۸_۳۰ (حسابرسی شده)(اصلاحیه).xlsx,HTML_MISLABELED_XLSX,.xlsx,391976,3d0bcc22cca32bda8193e4bd72f82630a9a958b81aebbd4056dcd5364f7b5429,OK,,1793,PAYLOAD_SUBSTANTIVE,,شکلر,1401,1401/08/30,separate,audited,correction,NOT_DETECTED,,,,1401/08/30,HTML_TABLE_1!R1C2,,,,,,NO_AUDITOR_BLOCK_DETECTED,,,NO_AUDITOR_BLOCK_DETECTED,
اکسل های صورت مالی کل زیپ ۱۳۹۲-۱۴۰۲.zip,شكلر.zip,شكلر.zip!شكلر_۱۴۰۲_۰۸_۳۰_separate_ن-۱۰_صورت‌های مالی سال مالی منتهی به ۱۴۰۲_۰۸_۳۰ (حسابرسی شده).xlsx,شكلر_۱۴۰۲_۰۸_۳۰_separate_ن-۱۰_صورت‌های مالی سال مالی منتهی به ۱۴۰۲_۰۸_۳۰ (حسابرسی شده).xlsx,HTML_MISLABELED_XLSX,.xlsx,413125,c9c80fb9e61df240c3eb136798a8c6d7a770c6b3d4108ef131927ca474e19a20,OK,,1940,PAYLOAD_SUBSTANTIVE,,شکلر,1402,1402/08/30,separate,audited,original,NOT_DETECTED,,,,1402/08/30,HTML_TABLE_1!R1C2,,,,,,NO_AUDITOR_BLOCK_DETECTED,,,NO_AUDITOR_BLOCK_DETECTED,
اکسل های صورت مالی کل زیپ ۱۳۹۲-۱۴۰۲.zip,شكلر.zip,شكلر.zip!شكلر_۱۴۰۳_۰۸_۳۰_separate_ن-۱۰_صورت‌های مالی سال مالی منتهی به ۱۴۰۳_۰۸_۳۰ (حسابرسی شده).xlsx,شكلر_۱۴۰۳_۰۸_۳۰_separate_ن-۱۰_صورت‌های مالی سال مالی منتهی به ۱۴۰۳_۰۸_۳۰ (حسابرسی شده).xlsx,HTML_MISLABELED_XLSX,.xlsx,415743,0077b2a068e1f20564f477b365ddb903a582ea810ddf239bbc58411ea97a83d2,OK,,1938,PAYLOAD_SUBSTANTIVE,,شکلر,1403,1403/08/30,separate,audited,original,NOT_DETECTED,,,,1403/08/30,HTML_TABLE_1!R1C2,,,,,,NO_AUDITOR_BLOCK_DETECTED,,,NO_AUDITOR_BLOCK_DETECTED,
اکسل های صورت مالی کل زیپ ۱۳۹۲-۱۴۰۲.zip,شلعاب.zip,شلعاب.zip!شلعاب_۱۳۹۱_۱۲_۳۰_separate_ن-۱۰_صورتهای مالی سال مالی منتهی به ۱۳۹۱_۱۲_۳۰ (حسابرسی شده).xlsx,شلعاب_۱۳۹۱_۱۲_۳۰_separate_ن-۱۰_صورتهای مالی سال مالی منتهی به ۱۳۹۱_۱۲_۳۰ (حسابرسی شده).xlsx,OLE2_LEGACY_EXCEL,.xlsx,56320,ca98edcd88ac6af8f142b44d4470bf24fbca8baa2de8478f3df491fea8d40261,OK,,457,PAYLOAD_SUBSTANTIVE,,شلعاب,1391,1391/12/30,separate,audited,original,DETECTED,Sheet1,9,65,1391/12/30,Sheet1!R6C4,مقبول,UNQUALIFIED_FAIR_FORMULA|HEADING_CELL,Sheet1!R28C14,Sheet1!R29C2,,,1392/02/18,Sheet1!R57C23,,لعابیران
اکسل های صورت مالی کل زیپ ۱۳۹۲-۱۴۰۲.zip,شلعاب.zip,شلعاب.zip!شلعاب_۱۳۹۲_۱۲_۲۹_separate_ن-۱۰_صورتهای مالی سال مالی منتهی به ۱۳۹۲_۱۲_۲۹ (حسابرسی شده).xlsx,شلعاب_۱۳۹۲_۱۲_۲۹_separate_ن-۱۰_صورتهای مالی سال مالی منتهی به ۱۳۹۲_۱۲_۲۹ (حسابرسی شده).xlsx,OLE2_LEGACY_EXCEL,.xlsx,73216,e548adad255459fb665bfd7ccda3d4618c2e9db371ad6d30a88657189028c371,OK,,579,PAYLOAD_SUBSTANTIVE,,شلعاب,1392,1392/12/29,separate,audited,original,DETECTED,Sheet1,9,74,1392/12/29,Sheet1!R6C4,مقبول,UNQUALIFIED_FAIR_FORMULA|HEADING_CELL,Sheet1!R28C14,Sheet1!R29C2,,,1393/01/30,Sheet1!R65C23,,لعابیران
اکسل های صورت مالی کل زیپ ۱۳۹۲-۱۴۰۲.zip,شلعاب.zip,شلعاب.zip!شلعاب_۱۳۹۳_۱۲_۲۹_separate_ن-۱۰_صورتهای مالی سال مالی منتهی به ۱۳۹۳_۱۲_۲۹ (حسابرسی شده).xlsx,شلعاب_۱۳۹۳_۱۲_۲۹_separate_ن-۱۰_صورتهای مالی سال مالی منتهی به ۱۳۹۳_۱۲_۲۹ (حسابرسی شده).xlsx,OLE2_LEGACY_EXCEL,.xlsx,74752,131fd3193e753737333a8adad7251c7097391789a1c235dfe8b834182bfe4a73,OK,,605,PAYLOAD_SUBSTANTIVE,,شلعاب,1393,1393/12/29,separate,audited,original,DETECTED,Sheet1,9,71,1393/12/29,Sheet1!R6C4,مشروط,QUALIFIED_FAIR_WITH_EXCEPTION|HEADING_CELL,Sheet1!R33C14,Sheet1!R35C2,,,1394/02/19,Sheet1!R62C23,,لعابیران
اکسل های صورت مالی کل زیپ ۱۳۹۲-۱۴۰۲.zip,شلعاب.zip,شلعاب.zip!شلعاب_۱۳۹۴_۱۲_۲۹_separate_ن-۱۰_صورت‌های مالی سال مالی منتهی به ۱۳۹۴_۱۲_۲۹ (حسابرسی شده).xlsx,شلعاب_۱۳۹۴_۱۲_۲۹_separate_ن-۱۰_صورت‌های مالی سال مالی منتهی به ۱۳۹۴_۱۲_۲۹ (حسابرسی شده).xlsx,OLE2_LEGACY_EXCEL,.xlsx,84480,93d13d62de0dd4c6c9e3426ef7a1142b9627f0f12807afaf16e1a9dbaaa09a4f,OK,,652,PAYLOAD_SUBSTANTIVE,,شلعاب,1394,1394/12/29,separate,audited,original,DETECTED,Sheet1,9,75,1394/12/29,Sheet1!R6C4,مشروط,QUALIFIED_FAIR_WITH_EXCEPTION|HEADING_CELL,Sheet1!R37C14,Sheet1!R38C2,,,1395/02/22,Sheet1!R66C23,,لعابیران
اکسل های صورت مالی کل زیپ ۱۳۹۲-۱۴۰۲.zip,شلعاب.zip,شلعاب.zip!شلعاب_۱۳۹۵_۱۲_۳۰_separate_ن-۱۰_صورت‌های مالی سال مالی منتهی به ۱۳۹۵_۱۲_۳۰ (حسابرسی شده).xlsx,شلعاب_۱۳۹۵_۱۲_۳۰_separate_ن-۱۰_صورت‌های مالی سال مالی منتهی به ۱۳۹۵_۱۲_۳۰ (حسابرسی شده).xlsx,OLE2_LEGACY_EXCEL,.xlsx,79872,df8f5163560e26fefe40ca8806de3384a03c737dc3a541013c9aed90cc1d8c41,OK,,650,PAYLOAD_SUBSTANTIVE,,شلعاب,1395,1395/12/30,separate,audited,original,DETECTED,Sheet1,11,73,1395/12/30,Sheet1!R8C4,مشروط,QUALIFIED_FAIR_WITH_EXCEPTION|HEADING_CELL,Sheet1!R34C12,Sheet1!R35C2,,,1396/03/23,Sheet1!R64C20,,لعابیران
اکسل های صورت مالی کل زیپ ۱۳۹۲-۱۴۰۲.zip,شلعاب.zip,شلعاب.zip!شلعاب_۱۳۹۶_۱۲_۲۹_separate_ن-۱۰_صورت‌های مالی سال مالی منتهی به ۱۳۹۶_۱۲_۲۹ (حسابرسی شده).xlsx,شلعاب_۱۳۹۶_۱۲_۲۹_separate_ن-۱۰_صورت‌های مالی سال مالی منتهی به ۱۳۹۶_۱۲_۲۹ (حسابرسی شده).xlsx,OLE2_LEGACY_EXCEL,.xlsx,79360,a74ea9b44205d4d704d33b5086f4be5cb709cdace4594e712c825ec7fcfea4f0,OK,,652,PAYLOAD_SUBSTANTIVE,,شلعاب,1396,1396/12/29,separate,audited,original,DETECTED,Sheet1,11,75,1396/12/29,Sheet1!R8C4,مشروط,QUALIFIED_FAIR_WITH_EXCEPTION|HEADING_CELL,Sheet1!R33C12,Sheet1!R35C2,,,1397/02/26,Sheet1!R66C20,,لعابیران
اکسل های صورت مالی کل زیپ ۱۳۹۲-۱۴۰۲.zip,شلعاب.zip,شلعاب.zip!شلعاب_۱۳۹۷_۱۲_۲۹_separate_ن-۱۰_صورت‌های مالی سال مالی منتهی به ۱۳۹۷_۱۲_۲۹ (حسابرسی شده).xlsx,شلعاب_۱۳۹۷_۱۲_۲۹_separate_ن-۱۰_صورت‌های مالی سال مالی منتهی به ۱۳۹۷_۱۲_۲۹ (حسابرسی شده).xlsx,HTML_MISLABELED_XLSX,.xlsx,113650,c063b90a59c0c7aa0389398a3a951019e7f03409fc0df97b36202a9a14d98edf,OK,,495,PAYLOAD_SUBSTANTIVE,,شلعاب,1397,1397/12/29,separate,audited,original,NOT_DETECTED,,,,1397/12/29,HTML_TABLE_1!R1C2,,,,,,NO_AUDITOR_BLOCK_DETECTED,,,NO_AUDITOR_BLOCK_DETECTED,
اکسل های صورت مالی کل زیپ ۱۳۹۲-۱۴۰۲.zip,شلعاب.zip,شلعاب.zip!شلعاب_۱۳۹۸_۱۲_۲۹_separate_ن-۱۰_صورت‌های مالی سال مالی منتهی به ۱۳۹۸_۱۲_۲۹ (حسابرسی شده).xlsx,شلعاب_۱۳۹۸_۱۲_۲۹_separate_ن-۱۰_صورت‌های مالی سال مالی منتهی به ۱۳۹۸_۱۲_۲۹ (حسابرسی شده).xlsx,HTML_MISLABELED_XLSX,.xlsx,315431,666c0beeaede3e24310c54d563f51771df352524b978d0eed91f9f88fd688604,OK,,1532,PAYLOAD_SUBSTANTIVE,,شلعاب,1398,1398/12/29,separate,audited,original,NOT_DETECTED,,,,1398/12/29,HTML_TABLE_1!R1C2,,,,,,NO_AUDITOR_BLOCK_DETECTED,,,NO_AUDITOR_BLOCK_DETECTED,
اکسل های صورت مالی کل زیپ ۱۳۹۲-۱۴۰۲.zip,شلعاب.zip,شلعاب.zip!شلعاب_۱۳۹۹_۱۲_۳۰_separate_ن-۱۰_صورت‌های مالی سال مالی منتهی به ۱۳۹۹_۱۲_۳۰ (حسابرسی شده).xlsx,شلعاب_۱۳۹۹_۱۲_۳۰_separate_ن-۱۰_صورت‌های مالی سال مالی منتهی به ۱۳۹۹_۱۲_۳۰ (حسابرسی شده).xlsx,HTML_MISLABELED_XLSX,.xlsx,323964,241655d29357283a13fc4662d998a70c41fc5034d1a425cf760f6548220bd6b6,OK,,1586,PAYLOAD_SUBSTANTIVE,,شلعاب,1399,1399/12/30,separate,audited,original,NOT_DETECTED,,,,1399/12/30,HTML_TABLE_1!R1C2,,,,,,NO_AUDITOR_BLOCK_DETECTED,,,NO_AUDITOR_BLOCK_DETECTED,
اکسل های صورت مالی کل زیپ ۱۳۹۲-۱۴۰۲.zip,شلعاب.zip,شلعاب.zip!شلعاب_۱۴۰۰_۱۲_۲۹_separate_ن-۱۰_صورت‌های مالی سال مالی منتهی به ۱۴۰۰_۱۲_۲۹ (حسابرسی شده).xlsx,شلعاب_۱۴۰۰_۱۲_۲۹_separate_ن-۱۰_صورت‌های مالی سال مالی منتهی به ۱۴۰۰_۱۲_۲۹ (حسابرسی شده).xlsx,HTML_MISLABELED_XLSX,.xlsx,406490,fb3e7b3205293cdbdc87cb9b35cc9faacb135dbb771256c5aa7ab31499424d4c,OK,,1991,PAYLOAD_SUBSTANTIVE,,شلعاب,1400,1400/12/29,separate,audited,original,NOT_DETECTED,,,,1400/12/29,HTML_TABLE_1!R1C2,,,,,,NO_AUDITOR_BLOCK_DETECTED,,,NO_AUDITOR_BLOCK_DETECTED,
اکسل های صورت مالی کل زیپ ۱۳۹۲-۱۴۰۲.zip,شلعاب.zip,شلعاب.zip!شلعاب_۱۴۰۱_۱۲_۲۹_separate_ن-۱۰_صورت‌های مالی سال مالی منتهی به ۱۴۰۱_۱۲_۲۹ (حسابرسی شده).xlsx,شلعاب_۱۴۰۱_۱۲_۲۹_separate_ن-۱۰_صورت‌های مالی سال مالی منتهی به ۱۴۰۱_۱۲_۲۹ (حسابرسی شده).xlsx,HTML_MISLABELED_XLSX,.xlsx,446729,20e9c3dcceb7ad7cc2c40526688dfb3b7e4374f8134a503ff67a400adc15dbdb,OK,,2206,PAYLOAD_SUBSTANTIVE,,شلعاب,1401,1401/12/29,separate,audited,original,NOT_DETECTED,,,,1401/12/29,HTML_TABLE_1!R1C2,,,,,,NO_AUDITOR_BLOCK_DETECTED,,,NO_AUDITOR_BLOCK_DETECTED,
اکسل های صورت مالی کل زیپ ۱۳۹۲-۱۴۰۲.zip,شلعاب.zip,شلعاب.zip!شلعاب_۱۴۰۲_۱۲_۲۹_separate_ن-۱۰_صورت‌های مالی سال مالی منتهی به ۱۴۰۲_۱۲_۲۹ (حسابرسی شده).xlsx,شلعاب_۱۴۰۲_۱۲_۲۹_separate_ن-۱۰_صورت‌های مالی سال مالی منتهی به ۱۴۰۲_۱۲_۲۹ (حسابرسی شده).xlsx,HTML_MISLABELED_XLSX,.xlsx,447081,9cd332f65dfe005872af910816c2c08194024d83abca4d23cfc2eb7bdbebdb91,OK,,2207,PAYLOAD_SUBSTANTIVE,,شلعاب,1402,1402/12/29,separate,audited,original,NOT_DETECTED,,,,1402/12/29,HTML_TABLE_1!R1C2,,,,,,NO_AUDITOR_BLOCK_DETECTED,,,NO_AUDITOR_BLOCK_DETECTED,
اکسل های صورت مالی کل زیپ ۱۳۹۲-۱۴۰۲.zip,شيران.zip,شيران.zip!شيران_۱۳۹۲_۰۹_۳۰_separate_ن-۱۰_صورتهای مالی سال مالی منتهی به ۱۳۹۲_۰۹_۳۰ (حسابرسی شده).xlsx,شيران_۱۳۹۲_۰۹_۳۰_separate_ن-۱۰_صورتهای مالی سال مالی منتهی به ۱۳۹۲_۰۹_۳۰ (حسابرسی شده).xlsx,OLE2_LEGACY_EXCEL,.xlsx,74752,e1adfa8cd2c154d93c02645a1ede6b92424f9d957127ab14c75f2e4bf765d68f,OK,,596,PAYLOAD_SUBSTANTIVE,,شیران,1392,1392/09/30,separate,audited,original,DETECTED,Sheet1,9,77,1392/09/30,Sheet1!R6C4,مشروط,QUALIFIED_FAIR_WITH_EXCEPTION|HEADING_CELL,Sheet1!R36C14,Sheet1!R37C2,,,1392/12/13,Sheet1!R68C23,,سرمایه گذاری صنایع شیمیایی ایران
اکسل های صورت مالی کل زیپ ۱۳۹۲-۱۴۰۲.zip,شيران.zip,شيران.zip!شيران_۱۳۹۳_۰۹_۳۰_separate_ن-۱۰_صورتهای مالی سال مالی منتهی به ۱۳۹۳_۰۹_۳۰ (حسابرسی شده).xlsx,شيران_۱۳۹۳_۰۹_۳۰_separate_ن-۱۰_صورتهای مالی سال مالی منتهی به ۱۳۹۳_۰۹_۳۰ (حسابرسی شده).xlsx,OLE2_LEGACY_EXCEL,.xlsx,78848,98de34f18e7d982cd072492941190ccf4d0b322019822bfd181af5c380458f39,OK,,596,PAYLOAD_SUBSTANTIVE,,شیران,1393,1393/09/30,separate,audited,original,DETECTED,Sheet1,9,63,1393/09/30,Sheet1!R6C4,مشروط,QUALIFIED_FAIR_WITH_EXCEPTION|HEADING_CELL,Sheet1!R38C14,Sheet1!R39C2,,,1393/11/14,Sheet1!R54C23,,سرمایه گذاری صنایع شیمیایی ایران
اکسل های صورت مالی کل زیپ ۱۳۹۲-۱۴۰۲.zip,شيران.zip,شيران.zip!شيران_۱۳۹۴_۰۹_۳۰_separate_ن-۱۰_صورت‌های مالی سال مالی منتهی به ۱۳۹۴_۰۹_۳۰ (حسابرسی شده).xlsx,شيران_۱۳۹۴_۰۹_۳۰_separate_ن-۱۰_صورت‌های مالی سال مالی منتهی به ۱۳۹۴_۰۹_۳۰ (حسابرسی شده).xlsx,OLE2_LEGACY_EXCEL,.xlsx,70656,5410f0010763f0c205c18391fb0f85053a989336381080582483640e4cc48405,OK,,615,PAYLOAD_SUBSTANTIVE,,شیران,1394,1394/09/30,separate,audited,original,DETECTED,Sheet1,9,59,1394/09/30,Sheet1!R6C4,مقبول,UNQUALIFIED_FAIR_FORMULA|HEADING_CELL,Sheet1!R28C14,Sheet1!R29C2,,,1394/11/14,Sheet1!R50C23,,سرمایه گذاری صنایع شیمیایی ایران
اکسل های صورت مالی کل زیپ ۱۳۹۲-۱۴۰۲.zip,شيران.zip,شيران.zip!شيران_۱۳۹۵_۰۹_۳۰_separate_ن-۱۰_صورت‌های مالی سال مالی منتهی به ۱۳۹۵_۰۹_۳۰ (حسابرسی شده).xlsx,شيران_۱۳۹۵_۰۹_۳۰_separate_ن-۱۰_صورت‌های مالی سال مالی منتهی به ۱۳۹۵_۰۹_۳۰ (حسابرسی شده).xlsx,OLE2_LEGACY_EXCEL,.xlsx,76288,814241d62964c927c79cb0d680125ee84609f27944dbbea4011b1e4a6be88599,OK,,658,PAYLOAD_SUBSTANTIVE,,شیران,1395,1395/09/30,separate,audited,original,DETECTED,Sheet1,11,63,1395/09/30,Sheet1!R8C4,مقبول,UNQUALIFIED_FAIR_FORMULA|HEADING_CELL,Sheet1!R31C12,Sheet1!R33C2,,,1395/11/07,Sheet1!R54C20,,سرمایه گذاری صنایع شیمیایی ایران
اکسل های صورت مالی کل زیپ ۱۳۹۲-۱۴۰۲.zip,شيران.zip,شيران.zip!شيران_۱۳۹۶_۰۹_۳۰_consolidated_ن-۱۰_صورت‌های مالی تلفیقی سال مالی منتهی به ۱۳۹۶_۰۹_۳۰ (حسابرسی شده).xlsx,شيران_۱۳۹۶_۰۹_۳۰_consolidated_ن-۱۰_صورت‌های مالی تلفیقی سال مالی منتهی به ۱۳۹۶_۰۹_۳۰ (حسابرسی شده).xlsx,OLE2_LEGACY_EXCEL,.xlsx,129536,07f36af3b27d45b6bfe595c3262d21fbd0be1c11346bc1a8621ec5bf4bb289da,OK,,1442,PAYLOAD_SUBSTANTIVE,,شیران,1396,1396/09/30,consolidated,audited,original,DETECTED,Sheet1,11,67,1396/09/30,Sheet1!R8C4,مقبول,UNQUALIFIED_FAIR_FORMULA|HEADING_CELL,Sheet1!R29C12,Sheet1!R30C2,,,1396/11/07,Sheet1!R55C20,,سرمایه گذاری صنایع شیمیایی ایران
اکسل های صورت مالی کل زیپ ۱۳۹۲-۱۴۰۲.zip,شيران.zip,شيران.zip!شيران_۱۳۹۷_۰۹_۳۰_consolidated_ن-۱۰_صورت‌های مالی تلفیقی سال مالی منتهی به ۱۳۹۷_۰۹_۳۰ (حسابرسی شده).xlsx,شيران_۱۳۹۷_۰۹_۳۰_consolidated_ن-۱۰_صورت‌های مالی تلفیقی سال مالی منتهی به ۱۳۹۷_۰۹_۳۰ (حسابرسی شده).xlsx,HTML_MISLABELED_XLSX,.xlsx,234619,b55dde9842fba81050d87576757d69b2f6a0d1e8a668702aa8be600ddfffc6fd,OK,,1045,PAYLOAD_SUBSTANTIVE,,شیران,1397,1397/09/30,consolidated,audited,original,NOT_DETECTED,,,,1397/09/30,HTML_TABLE_1!R1C2,,,,,,NO_AUDITOR_BLOCK_DETECTED,,,NO_AUDITOR_BLOCK_DETECTED,
اکسل های صورت مالی کل زیپ ۱۳۹۲-۱۴۰۲.zip,شيران.zip,شيران.zip!شيران_۱۳۹۸_۰۹_۳۰_consolidated_ن-۱۰_صورت‌های مالی تلفیقی سال مالی منتهی به ۱۳۹۸_۰۹_۳۰ (حسابرسی شده).xlsx,شيران_۱۳۹۸_۰۹_۳۰_consolidated_ن-۱۰_صورت‌های مالی تلفیقی سال مالی منتهی به ۱۳۹۸_۰۹_۳۰ (حسابرسی شده).xlsx,HTML_MISLABELED_XLSX,.xlsx,5930,9f6cd4f36ced7e029f8def6dda2786c53e4f6079715cb9e330fe4601988732d7,OK,,1,PAYLOAD_NON_SUBSTANTIVE,ONLY_1_CELLS,شیران,1398,1398/09/30,consolidated,audited,original,NOT_DETECTED,,,,,,,,,,,NO_AUDITOR_BLOCK_DETECTED,,,NO_AUDITOR_BLOCK_DETECTED,
اکسل های صورت مالی کل زیپ ۱۳۹۲-۱۴۰۲.zip,شيران.zip,شيران.zip!شيران_۱۳۹۹_۰۹_۳۰_consolidated_ن-۱۰_صورت‌های مالی تلفیقی سال مالی منتهی به ۱۳۹۹_۰۹_۳۰ (حسابرسی شده).xlsx,شيران_۱۳۹۹_۰۹_۳۰_consolidated_ن-۱۰_صورت‌های مالی تلفیقی سال مالی منتهی به ۱۳۹۹_۰۹_۳۰ (حسابرسی شده).xlsx,HTML_MISLABELED_XLSX,.xlsx,512939,36e0e9686b7fbd260ae7241d477d4cffd6cb139f5534dea09ca80686ac688dbb,OK,,2442,PAYLOAD_SUBSTANTIVE,,شیران,1399,1399/09/30,consolidated,audited,original,NOT_DETECTED,,,,1399/09/30,HTML_TABLE_1!R1C2,,,,,,NO_AUDITOR_BLOCK_DETECTED,,,NO_AUDITOR_BLOCK_DETECTED,
اکسل های صورت مالی کل زیپ ۱۳۹۲-۱۴۰۲.zip,شيران.zip,شيران.zip!شيران_۱۴۰۰_۰۹_۳۰_consolidated_ن-۱۰_صورت‌های مالی تلفیقی سال مالی منتهی به ۱۴۰۰_۰۹_۳۰ (حسابرسی شده).xlsx,شيران_۱۴۰۰_۰۹_۳۰_consolidated_ن-۱۰_صورت‌های مالی تلفیقی سال مالی منتهی به ۱۴۰۰_۰۹_۳۰ (حسابرسی شده).xlsx,HTML_MISLABELED_XLSX,.xlsx,590781,df8bf705bc09435dd8e87f99e1317601dc548db151c89d9fa3ce571e4956f539,OK,,2827,PAYLOAD_SUBSTANTIVE,,شیران,1400,1400/09/30,consolidated,audited,original,NOT_DETECTED,,,,1400/09/30,HTML_TABLE_1!R1C2,,,,,,NO_AUDITOR_BLOCK_DETECTED,,,NO_AUDITOR_BLOCK_DETECTED,
اکسل های صورت مالی کل زیپ ۱۳۹۲-۱۴۰۲.zip,شيران.zip,شيران.zip!شيران_۱۴۰۱_۰۹_۳۰_consolidated_ن-۱۰_صورت‌های مالی تلفیقی سال مالی منتهی به ۱۴۰۱_۰۹_۳۰ (حسابرسی شده).xlsx,شيران_۱۴۰۱_۰۹_۳۰_consolidated_ن-۱۰_صورت‌های مالی تلفیقی سال مالی منتهی به ۱۴۰۱_۰۹_۳۰ (حسابرسی شده).xlsx,HTML_MISLABELED_XLSX,.xlsx,608648,baefd1ef49879f9176e574681bab2eb8fa60d4e47a52f87993519c8b02104610,OK,,2895,PAYLOAD_SUBSTANTIVE,,شیران,1401,1401/09/30,consolidated,audited,original,NOT_DETECTED,,,,1401/09/30,HTML_TABLE_1!R1C2,,,,,,NO_AUDITOR_BLOCK_DETECTED,,,NO_AUDITOR_BLOCK_DETECTED,
اکسل های صورت مالی کل زیپ ۱۳۹۲-۱۴۰۲.zip,شيران.zip,شيران.zip!شيران_۱۴۰۲_۰۹_۳۰_consolidated_ن-۱۰_صورت‌های مالی تلفیقی سال مالی منتهی به ۱۴۰۲_۰۹_۳۰ (حسابرسی شده).xlsx,شيران_۱۴۰۲_۰۹_۳۰_consolidated_ن-۱۰_صورت‌های مالی تلفیقی سال مالی منتهی به ۱۴۰۲_۰۹_۳۰ (حسابرسی شده).xlsx,HTML_MISLABELED_XLSX,.xlsx,696056,649f1320dd6eb1f9df1363be182fc5f9b277642c029215cd466aa4e220b92c07,OK,,3246,PAYLOAD_SUBSTANTIVE,,شیران,1402,1402/09/30,consolidated,audited,original,NOT_DETECTED,,,,1402/09/30,HTML_TABLE_1!R1C2,,,,,,NO_AUDITOR_BLOCK_DETECTED,,,NO_AUDITOR_BLOCK_DETECTED,
اکسل های صورت مالی کل زیپ ۱۳۹۲-۱۴۰۲.zip,شيران.zip,شيران.zip!شيران_۱۴۰۳_۰۹_۳۰_consolidated_ن-۱۰_صورت‌های مالی تلفیقی سال مالی منتهی به ۱۴۰۳_۰۹_۳۰ (حسابرسی شده).xlsx,شيران_۱۴۰۳_۰۹_۳۰_consolidated_ن-۱۰_صورت‌های مالی تلفیقی سال مالی منتهی به ۱۴۰۳_۰۹_۳۰ (حسابرسی شده).xlsx,HTML_MISLABELED_XLSX,.xlsx,687154,3353f0ce7b47981d81145e4094ab5fd880b8d25322bab0b2227b921cc8bddb2c,OK,,3203,PAYLOAD_SUBSTANTIVE,,شیران,1403,1403/09/30,consolidated,audited,original,NOT_DETECTED,,,,1403/09/30,HTML_TABLE_1!R1C2,,,,,,NO_AUDITOR_BLOCK_DETECTED,,,NO_AUDITOR_BLOCK_DETECTED,
اکسل های صورت مالی کل زیپ ۱۳۹۲-۱۴۰۲.zip,غبهنوش.zip,غبهنوش.zip!غبهنوش_۱۳۹۱_۱۲_۳۰_separate_ن-۱۰_صورتهای مالی سال مالی منتهی به ۱۳۹۱_۱۲_۳۰ (حسابرسی شده).xlsx,غبهنوش_۱۳۹۱_۱۲_۳۰_separate_ن-۱۰_صورتهای مالی سال مالی منتهی به ۱۳۹۱_۱۲_۳۰ (حسابرسی شده).xlsx,OLE2_LEGACY_EXCEL,.xlsx,70656,e6fb78d833fbb691f278ff1628af18620e37c0ef030a287cbfa6861357c68687,OK,,535,PAYLOAD_SUBSTANTIVE,,غبهنوش,1391,1391/12/30,separate,audited,original,DETECTED,Sheet1,9,82,1391/12/30,Sheet1!R6C4,مقبول,UNQUALIFIED_FAIR_FORMULA|HEADING_CELL,Sheet1!R28C14,Sheet1!R29C2,,,1392/04/10,Sheet1!R74C23,,بهنوش ایران
اکسل های صورت مالی کل زیپ ۱۳۹۲-۱۴۰۲.zip,غبهنوش.zip,غبهنوش.zip!غبهنوش_۱۳۹۲_۱۲_۲۹_separate_ن-۱۰_صورتهای مالی سال مالی منتهی به ۱۳۹۲_۱۲_۲۹ (حسابرسی شده).xlsx,غبهنوش_۱۳۹۲_۱۲_۲۹_separate_ن-۱۰_صورتهای مالی سال مالی منتهی به ۱۳۹۲_۱۲_۲۹ (حسابرسی شده).xlsx,OLE2_LEGACY_EXCEL,.xlsx,86528,27d7c6004096a85af41d5c4efd0cd0f179f8ce0e5b2157a96f69247e9b96e675,OK,,677,PAYLOAD_SUBSTANTIVE,,غبهنوش,1392,1392/12/29,separate,audited,original,DETECTED,Sheet1,9,84,1392/12/29,Sheet1!R6C4,مقبول,UNQUALIFIED_FAIR_FORMULA|HEADING_CELL,Sheet1!R28C14,Sheet1!R29C2,,,1393/04/14,Sheet1!R75C23,,بهنوش ایران
اکسل های صورت مالی کل زیپ ۱۳۹۲-۱۴۰۲.zip,غبهنوش.zip,غبهنوش.zip!غبهنوش_۱۳۹۳_۱۲_۲۹_separate_ن-۱۰_صورتهای مالی سال مالی منتهی به ۱۳۹۳_۱۲_۲۹ (حسابرسی شده).xlsx,غبهنوش_۱۳۹۳_۱۲_۲۹_separate_ن-۱۰_صورتهای مالی سال مالی منتهی به ۱۳۹۳_۱۲_۲۹ (حسابرسی شده).xlsx,OLE2_LEGACY_EXCEL,.xlsx,79360,6f66e04e0bd87495de77775b3e14125e6be08f87e9d54196f4a3ed8409754dd1,OK,,651,PAYLOAD_SUBSTANTIVE,,غبهنوش,1393,1393/12/29,separate,audited,original,DETECTED,Sheet1,9,81,1393/12/29,Sheet1!R6C4,مقبول,UNQUALIFIED_FAIR_FORMULA|HEADING_CELL,Sheet1!R28C14,Sheet1!R29C2,,,1394/04/11,Sheet1!R72C23,,بهنوش ایران
اکسل های صورت مالی کل زیپ ۱۳۹۲-۱۴۰۲.zip,غبهنوش.zip,غبهنوش.zip!غبهنوش_۱۳۹۴_۱۲_۲۹_separate_ن-۱۰_صورت‌های مالی سال مالی منتهی به ۱۳۹۴_۱۲_۲۹ (حسابرسی شده).xlsx,غبهنوش_۱۳۹۴_۱۲_۲۹_separate_ن-۱۰_صورت‌های مالی سال مالی منتهی به ۱۳۹۴_۱۲_۲۹ (حسابرسی شده).xlsx,OLE2_LEGACY_EXCEL,.xlsx,89600,d773f709ea8abe768cef513364e54db22d5b3d3e2167eb38c2799a0d08391209,OK,,696,PAYLOAD_SUBSTANTIVE,,غبهنوش,1394,1394/12/29,separate,audited,original,DETECTED,Sheet1,9,82,1394/12/29,Sheet1!R6C4,مقبول,UNQUALIFIED_FAIR_FORMULA|HEADING_CELL,Sheet1!R28C14,Sheet1!R29C2,,,1395/04/19,Sheet1!R73C23,,بهنوش ایران
اکسل های صورت مالی کل زیپ ۱۳۹۲-۱۴۰۲.zip,غبهنوش.zip,غبهنوش.zip!غبهنوش_۱۳۹۵_۱۲_۳۰_separate_ن-۱۰_صورت‌های مالی سال مالی منتهی به ۱۳۹۵_۱۲_۳۰ (حسابرسی شده).xlsx,غبهنوش_۱۳۹۵_۱۲_۳۰_separate_ن-۱۰_صورت‌های مالی سال مالی منتهی به ۱۳۹۵_۱۲_۳۰ (حسابرسی شده).xlsx,OLE2_LEGACY_EXCEL,.xlsx,87040,4e9e39c679a15320006747aa0d3cb943fb5b9f91d4853cd92c595ead47393652,OK,,694,PAYLOAD_SUBSTANTIVE,,غبهنوش,1395,1395/12/30,separate,audited,original,DETECTED,Sheet1,11,82,1395/12/30,Sheet1!R8C4,مقبول,UNQUALIFIED_FAIR_FORMULA|HEADING_CELL,Sheet1!R29C12,Sheet1!R30C2,,,1396/04/11,Sheet1!R73C20,,بهنوش ایران
اکسل های صورت مالی کل زیپ ۱۳۹۲-۱۴۰۲.zip,غبهنوش.zip,غبهنوش.zip!غبهنوش_۱۳۹۶_۱۲_۲۹_separate_ن-۱۰_صورت‌های مالی سال مالی منتهی به ۱۳۹۶_۱۲_۲۹ (حسابرسی شده).xlsx,غبهنوش_۱۳۹۶_۱۲_۲۹_separate_ن-۱۰_صورت‌های مالی سال مالی منتهی به ۱۳۹۶_۱۲_۲۹ (حسابرسی شده).xlsx,OLE2_LEGACY_EXCEL,.xlsx,87552,bac3657cd8d791f246768c24dd55cf37ba766d995109f0813e3224ab903b0315,OK,,696,PAYLOAD_SUBSTANTIVE,,غبهنوش,1396,1396/12/29,separate,audited,original,DETECTED,Sheet1,11,84,1396/12/29,Sheet1!R8C4,مقبول,UNQUALIFIED_FAIR_FORMULA|HEADING_CELL,Sheet1!R29C12,Sheet1!R30C2,,,1397/04/19,Sheet1!R75C20,,بهنوش ایران
اکسل های صورت مالی کل زیپ ۱۳۹۲-۱۴۰۲.zip,غبهنوش.zip,غبهنوش.zip!غبهنوش_۱۳۹۷_۱۲_۲۹_separate_ن-۱۰_صورت‌های مالی سال مالی منتهی به ۱۳۹۷_۱۲_۲۹ (حسابرسی شده).xlsx,غبهنوش_۱۳۹۷_۱۲_۲۹_separate_ن-۱۰_صورت‌های مالی سال مالی منتهی به ۱۳۹۷_۱۲_۲۹ (حسابرسی شده).xlsx,HTML_MISLABELED_XLSX,.xlsx,113742,057c4ec0779d329f5a08552e421ad0d23fd74cf1cd7f3a07653cd92aea224c8b,OK,,495,PAYLOAD_SUBSTANTIVE,,غبهنوش,1397,1397/12/29,separate,audited,original,NOT_DETECTED,,,,1397/12/29,HTML_TABLE_1!R1C2,,,,,,NO_AUDITOR_BLOCK_DETECTED,,,NO_AUDITOR_BLOCK_DETECTED,
اکسل های صورت مالی کل زیپ ۱۳۹۲-۱۴۰۲.zip,غبهنوش.zip,غبهنوش.zip!غبهنوش_۱۳۹۸_۱۲_۲۹_separate_ن-۱۰_صورت‌های مالی سال مالی منتهی به ۱۳۹۸_۱۲_۲۹ (حسابرسی شده).xlsx,غبهنوش_۱۳۹۸_۱۲_۲۹_separate_ن-۱۰_صورت‌های مالی سال مالی منتهی به ۱۳۹۸_۱۲_۲۹ (حسابرسی شده).xlsx,HTML_MISLABELED_XLSX,.xlsx,317534,88094e784f504e21d05bccad6a3bd3bf84acf96f0a3b68867945f89d4bb1d3ab,OK,,1517,PAYLOAD_SUBSTANTIVE,,غبهنوش,1398,1398/12/29,separate,audited,original,NOT_DETECTED,,,,1398/12/29,HTML_TABLE_1!R1C2,,,,,,NO_AUDITOR_BLOCK_DETECTED,,,NO_AUDITOR_BLOCK_DETECTED,
اکسل های صورت مالی کل زیپ ۱۳۹۲-۱۴۰۲.zip,غبهنوش.zip,غبهنوش.zip!غبهنوش_۱۳۹۹_۱۲_۳۰_separate_ن-۱۰_صورت‌های مالی سال مالی منتهی به ۱۳۹۹_۱۲_۳۰ (حسابرسی شده).xlsx,غبهنوش_۱۳۹۹_۱۲_۳۰_separate_ن-۱۰_صورت‌های مالی سال مالی منتهی به ۱۳۹۹_۱۲_۳۰ (حسابرسی شده).xlsx,HTML_MISLABELED_XLSX,.xlsx,322043,f060bb59180755cd61d1c1220556a6d3993141d0cb2a476822763231e75c65b7,OK,,1546,PAYLOAD_SUBSTANTIVE,,غبهنوش,1399,1399/12/30,separate,audited,original,NOT_DETECTED,,,,1399/12/30,HTML_TABLE_1!R1C2,,,,,,NO_AUDITOR_BLOCK_DETECTED,,,NO_AUDITOR_BLOCK_DETECTED,
اکسل های صورت مالی کل زیپ ۱۳۹۲-۱۴۰۲.zip,غبهنوش.zip,غبهنوش.zip!غبهنوش_۱۴۰۰_۱۲_۲۹_separate_ن-۱۰_صورت‌های مالی سال مالی منتهی به ۱۴۰۰_۱۲_۲۹ (حسابرسی شده).xlsx,غبهنوش_۱۴۰۰_۱۲_۲۹_separate_ن-۱۰_صورت‌های مالی سال مالی منتهی به ۱۴۰۰_۱۲_۲۹ (حسابرسی شده).xlsx,HTML_MISLABELED_XLSX,.xlsx,433529,68be24274ea88e743ed3cdd53971da8aff68e76769366099a3708f372669d478,OK,,2131,PAYLOAD_SUBSTANTIVE,,غبهنوش,1400,1400/12/29,separate,audited,original,NOT_DETECTED,,,,1400/12/29,HTML_TABLE_1!R1C2,,,,,,NO_AUDITOR_BLOCK_DETECTED,,,NO_AUDITOR_BLOCK_DETECTED,
اکسل های صورت مالی کل زیپ ۱۳۹۲-۱۴۰۲.zip,غبهنوش.zip,غبهنوش.zip!غبهنوش_۱۴۰۱_۱۲_۲۹_separate_ن-۱۰_صورت‌های مالی سال مالی منتهی به ۱۴۰۱_۱۲_۲۹ (حسابرسی شده).xlsx,غبهنوش_۱۴۰۱_۱۲_۲۹_separate_ن-۱۰_صورت‌های مالی سال مالی منتهی به ۱۴۰۱_۱۲_۲۹ (حسابرسی شده).xlsx,HTML_MISLABELED_XLSX,.xlsx,469932,59dc2108bf73a4694d6c87d5a19b7f1719502c16791ddc74cad01c9a7660432d,OK,,2324,PAYLOAD_SUBSTANTIVE,,غبهنوش,1401,1401/12/29,separate,audited,original,NOT_DETECTED,,,,1401/12/29,HTML_TABLE_1!R1C2,,,,,,NO_AUDITOR_BLOCK_DETECTED,,,NO_AUDITOR_BLOCK_DETECTED,
اکسل های صورت مالی کل زیپ ۱۳۹۲-۱۴۰۲.zip,غبهنوش.zip,غبهنوش.zip!غبهنوش_۱۴۰۲_۱۲_۲۹_separate_ن-۱۰_صورت‌های مالی سال مالی منتهی به ۱۴۰۲_۱۲_۲۹ (حسابرسی شده).xlsx,غبهنوش_۱۴۰۲_۱۲_۲۹_separate_ن-۱۰_صورت‌های مالی سال مالی منتهی به ۱۴۰۲_۱۲_۲۹ (حسابرسی شده).xlsx,HTML_MISLABELED_XLSX,.xlsx,474048,c0c0e44a6539722a7f72acc9ea43b36af5b1c3624c0152776344721f52f54745,OK,,2348,PAYLOAD_SUBSTANTIVE,,غبهنوش,1402,1402/12/29,separate,audited,original,NOT_DETECTED,,,,1402/12/29,HTML_TABLE_1!R1C2,,,,,,NO_AUDITOR_BLOCK_DETECTED,,,NO_AUDITOR_BLOCK_DETECTED,
اکسل های صورت مالی کل زیپ ۱۳۹۲-۱۴۰۲.zip,غدام.zip,غدام.zip!غدام_۱۳۸۶_۱۲_۲۹_separate_ن-۱۰_صورتهای مالی سال مالی منتهی به ۱۳۸۶_۱۲_۲۹ (حسابرسی شده).xlsx,غدام_۱۳۸۶_۱۲_۲۹_separate_ن-۱۰_صورتهای مالی سال مالی منتهی به ۱۳۸۶_۱۲_۲۹ (حسابرسی شده).xlsx,OLE2_LEGACY_EXCEL,.xlsx,41472,493dab3bc4574233d6a3e648921100c9e470605055189b2b8ae5a73e5c8238ab,OK,,434,PAYLOAD_SUBSTANTIVE,,غدام,1386,1386/12/29,separate,audited,original,DETECTED,Sheet1,9,27,1386/12/29,Sheet1!R6C4,مقبول,STRUCTURED_FIELD_نظر_حسابرس,Sheet1!R14C23,Sheet1!R13C1,,,,,DATE_ANCHOR_IN_BLOCK_BUT_NO_PARSEABLE_DATE_ADJACENT,
اکسل های صورت مالی کل زیپ ۱۳۹۲-۱۴۰۲.zip,غدام.zip,غدام.zip!غدام_۱۳۸۷_۱۲_۳۰_separate_ن-۱۰_صورتهای مالی سال مالی منتهی به ۱۳۸۷_۱۲_۳۰ (حسابرسی شده).xlsx,غدام_۱۳۸۷_۱۲_۳۰_separate_ن-۱۰_صورتهای مالی سال مالی منتهی به ۱۳۸۷_۱۲_۳۰ (حسابرسی شده).xlsx,OLE2_LEGACY_EXCEL,.xlsx,41472,081712a62ded7b0e6e097e2728f1c7549464ed26dc4de8511079eebb03982045,OK,,435,PAYLOAD_SUBSTANTIVE,,غدام,1387,1387/12/30,separate,audited,original,DETECTED,Sheet1,9,27,1387/12/30,Sheet1!R6C4,مقبول,STRUCTURED_FIELD_نظر_حسابرس,Sheet1!R14C23,Sheet1!R13C1,,,,,DATE_ANCHOR_IN_BLOCK_BUT_NO_PARSEABLE_DATE_ADJACENT,
اکسل های صورت مالی کل زیپ ۱۳۹۲-۱۴۰۲.zip,غدام.zip,غدام.zip!غدام_۱۳۹۱_۰۹_۳۰_separate_ن-۱۰_صورتهای مالی سال مالی منتهی به ۱۳۹۱_۰۹_۳۰ (حسابرسی شده).xlsx,غدام_۱۳۹۱_۰۹_۳۰_separate_ن-۱۰_صورتهای مالی سال مالی منتهی به ۱۳۹۱_۰۹_۳۰ (حسابرسی شده).xlsx,OLE2_LEGACY_EXCEL,.xlsx,58880,ee3d2d1f5cfb30c94aa2fd1c84beaa56488db91546b694e686b0b97eac11d9e6,OK,,457,PAYLOAD_SUBSTANTIVE,,غدام,1391,1391/09/30,separate,audited,original,DETECTED,Sheet1,9,75,1391/09/30,Sheet1!R6C4,مقبول,UNQUALIFIED_FAIR_FORMULA|HEADING_CELL,Sheet1!R28C14,Sheet1!R29C2,,,1391/12/27,Sheet1!R67C23,,خوراک دام پارس
اکسل های صورت مالی کل زیپ ۱۳۹۲-۱۴۰۲.zip,غدام.zip,غدام.zip!غدام_۱۳۹۲_۰۹_۳۰_separate_ن-۱۰_صورتهای مالی سال مالی منتهی به ۱۳۹۲_۰۹_۳۰ (حسابرسی شده).xlsx,غدام_۱۳۹۲_۰۹_۳۰_separate_ن-۱۰_صورتهای مالی سال مالی منتهی به ۱۳۹۲_۰۹_۳۰ (حسابرسی شده).xlsx,OLE2_LEGACY_EXCEL,.xlsx,74752,7a25076fbb5dc36e57dc61b24284473c6a6e0e0d645ea082ee8f3ddb4a071502,OK,,583,PAYLOAD_SUBSTANTIVE,,غدام,1392,1392/09/30,separate,audited,original,DETECTED,Sheet1,9,77,1392/09/30,Sheet1!R6C4,مقبول,UNQUALIFIED_FAIR_FORMULA|HEADING_CELL,Sheet1!R28C14,Sheet1!R29C2,,,1392/12/13,Sheet1!R68C23,,خوراک دام پارس
اکسل های صورت مالی کل زیپ ۱۳۹۲-۱۴۰۲.zip,غدام.zip,غدام.zip!غدام_۱۳۹۳_۰۹_۳۰_separate_ن-۱۰_صورتهای مالی سال مالی منتهی به ۱۳۹۳_۰۹_۳۰ (حسابرسی شده).xlsx,غدام_۱۳۹۳_۰۹_۳۰_separate_ن-۱۰_صورتهای مالی سال مالی منتهی به ۱۳۹۳_۰۹_۳۰ (حسابرسی شده).xlsx,OLE2_LEGACY_EXCEL,.xlsx,85504,e0a762e188d131dc2c4fba03cf923dfe6b1f2ae3fc375f63b365cbbccbf40ec5,OK,,613,PAYLOAD_SUBSTANTIVE,,غدام,1393,1393/09/30,separate,audited,original,DETECTED,Sheet1,9,93,1393/09/30,Sheet1!R6C4,مقبول,UNQUALIFIED_FAIR_FORMULA|HEADING_CELL,Sheet1!R29C14,Sheet1!R30C2,,,1394/01/24,Sheet1!R84C23,,خوراک دام پارس
اکسل های صورت مالی کل زیپ ۱۳۹۲-۱۴۰۲.zip,غدام.zip,غدام.zip!غدام_۱۳۹۴_۰۹_۳۰_separate_ن-۱۰_صورت‌های مالی سال مالی منتهی به ۱۳۹۴_۰۹_۳۰ (حسابرسی شده).xlsx,غدام_۱۳۹۴_۰۹_۳۰_separate_ن-۱۰_صورت‌های مالی سال مالی منتهی به ۱۳۹۴_۰۹_۳۰ (حسابرسی شده).xlsx,OLE2_LEGACY_EXCEL,.xlsx,78848,ed44eaf14a7cd14bf83a49e976f02f103d5303ccd066bd04f4d1cb708dc8e96f,OK,,609,PAYLOAD_SUBSTANTIVE,,غدام,1394,1394/09/30,separate,audited,original,DETECTED,Sheet1,9,83,1394/09/30,Sheet1!R6C4,مقبول,UNQUALIFIED_FAIR_FORMULA|HEADING_CELL,Sheet1!R28C14,Sheet1!R29C2,,,1394/11/19,Sheet1!R74C23,,خوراک دام پارس
اکسل های صورت مالی کل زیپ ۱۳۹۲-۱۴۰۲.zip,غدام.zip,غدام.zip!غدام_۱۳۹۵_۰۹_۳۰_separate_ن-۱۰_صورت‌های مالی سال مالی منتهی به ۱۳۹۵_۰۹_۳۰ (حسابرسی شده).xlsx,غدام_۱۳۹۵_۰۹_۳۰_separate_ن-۱۰_صورت‌های مالی سال مالی منتهی به ۱۳۹۵_۰۹_۳۰ (حسابرسی شده).xlsx,OLE2_LEGACY_EXCEL,.xlsx,80896,ecbc74b667c5dbfabf75084f7326ace9c360e80811b7ff80ed1554df9a2beb1d,OK,,652,PAYLOAD_SUBSTANTIVE,,غدام,1395,1395/09/30,separate,audited,original,DETECTED,Sheet1,11,75,1395/09/30,Sheet1!R8C4,مقبول,UNQUALIFIED_FAIR_FORMULA|HEADING_CELL,Sheet1!R29C12,Sheet1!R30C2,,,1395/12/01,Sheet1!R66C20,,خوراک دام پارس
اکسل های صورت مالی کل زیپ ۱۳۹۲-۱۴۰۲.zip,غدام.zip,غدام.zip!غدام_۱۳۹۶_۰۹_۳۰_separate_ن-۱۰_صورت‌های مالی سال مالی منتهی به ۱۳۹۶_۰۹_۳۰ (حسابرسی شده).xlsx,غدام_۱۳۹۶_۰۹_۳۰_separate_ن-۱۰_صورت‌های مالی سال مالی منتهی به ۱۳۹۶_۰۹_۳۰ (حسابرسی شده).xlsx,OLE2_LEGACY_EXCEL,.xlsx,84992,d35fda6af2bcb694299ff820d94a9bdd1692627efb6eaffe9d3f1f7f7955b4b1,OK,,654,PAYLOAD_SUBSTANTIVE,,غدام,1396,1396/09/30,separate,audited,original,DETECTED,Sheet1,11,91,1396/09/30,Sheet1!R8C4,مقبول,UNQUALIFIED_FAIR_FORMULA|HEADING_CELL,Sheet1!R30C12,Sheet1!R31C2,,,1396/12/05,Sheet1!R82C20,,خوراک دام پارس
اکسل های صورت مالی کل زیپ ۱۳۹۲-۱۴۰۲.zip,غدام.zip,غدام.zip!غدام_۱۳۹۷_۰۹_۳۰_separate_ن-۱۰_صورت‌های مالی سال مالی منتهی به ۱۳۹۷_۰۹_۳۰ (حسابرسی شده).xlsx,غدام_۱۳۹۷_۰۹_۳۰_separate_ن-۱۰_صورت‌های مالی سال مالی منتهی به ۱۳۹۷_۰۹_۳۰ (حسابرسی شده).xlsx,HTML_MISLABELED_XLSX,.xlsx,113696,1eef7b7418962f3eeab9bcb7ec79af28be11501233286f3f3ea7296b48bd1c8d,OK,,495,PAYLOAD_SUBSTANTIVE,,غدام,1397,1397/09/30,separate,audited,original,NOT_DETECTED,,,,1397/09/30,HTML_TABLE_1!R1C2,,,,,,NO_AUDITOR_BLOCK_DETECTED,,,NO_AUDITOR_BLOCK_DETECTED,
اکسل های صورت مالی کل زیپ ۱۳۹۲-۱۴۰۲.zip,غدام.zip,غدام.zip!غدام_۱۳۹۸_۰۹_۳۰_separate_ن-۱۰_صورت‌های مالی سال مالی منتهی به ۱۳۹۸_۰۹_۳۰ (حسابرسی شده).xlsx,غدام_۱۳۹۸_۰۹_۳۰_separate_ن-۱۰_صورت‌های مالی سال مالی منتهی به ۱۳۹۸_۰۹_۳۰ (حسابرسی شده).xlsx,HTML_MISLABELED_XLSX,.xlsx,266598,640797e6bd48302f795a261dd0ba675cd4b8625d902e33180fa1c4e73fcc01d1,OK,,1259,PAYLOAD_SUBSTANTIVE,,غدام,1398,1398/09/30,separate,audited,original,NOT_DETECTED,,,,1398/09/30,HTML_TABLE_1!R1C3,,,,,,NO_AUDITOR_BLOCK_DETECTED,,,NO_AUDITOR_BLOCK_DETECTED,
اکسل های صورت مالی کل زیپ ۱۳۹۲-۱۴۰۲.zip,غدام.zip,غدام.zip!غدام_۱۳۹۹_۰۹_۳۰_separate_ن-۱۰_صورت‌های مالی سال مالی منتهی به ۱۳۹۹_۰۹_۳۰ (حسابرسی شده).xlsx,غدام_۱۳۹۹_۰۹_۳۰_separate_ن-۱۰_صورت‌های مالی سال مالی منتهی به ۱۳۹۹_۰۹_۳۰ (حسابرسی شده).xlsx,HTML_MISLABELED_XLSX,.xlsx,293147,f6d955be332e8b5ffefcc3d4ba6e13cbee9070c6018e9275c31e2ada86a28b5c,OK,,1360,PAYLOAD_SUBSTANTIVE,,غدام,1399,1399/09/30,separate,audited,original,NOT_DETECTED,,,,1399/09/30,HTML_TABLE_1!R1C2,,,,,,NO_AUDITOR_BLOCK_DETECTED,,,NO_AUDITOR_BLOCK_DETECTED,
اکسل های صورت مالی کل زیپ ۱۳۹۲-۱۴۰۲.zip,غدام.zip,غدام.zip!غدام_۱۴۰۰_۰۹_۳۰_separate_ن-۱۰_صورت‌های مالی سال مالی منتهی به ۱۴۰۰_۰۹_۳۰ (حسابرسی شده).xlsx,غدام_۱۴۰۰_۰۹_۳۰_separate_ن-۱۰_صورت‌های مالی سال مالی منتهی به ۱۴۰۰_۰۹_۳۰ (حسابرسی شده).xlsx,HTML_MISLABELED_XLSX,.xlsx,371931,de66c8c50688d3b648263d0d1778fa3d2da438953d3e4f3feaddfd9c4a3e5022,OK,,1737,PAYLOAD_SUBSTANTIVE,,غدام,1400,1400/09/30,separate,audited,original,NOT_DETECTED,,,,1400/09/30,HTML_TABLE_1!R1C2,,,,,,NO_AUDITOR_BLOCK_DETECTED,,,NO_AUDITOR_BLOCK_DETECTED,
اکسل های صورت مالی کل زیپ ۱۳۹۲-۱۴۰۲.zip,غدام.zip,غدام.zip!غدام_۱۴۰۱_۰۹_۳۰_separate_ن-۱۰_صورت‌های مالی سال مالی منتهی به ۱۴۰۱_۰۹_۳۰ (حسابرسی شده).xlsx,غدام_۱۴۰۱_۰۹_۳۰_separate_ن-۱۰_صورت‌های مالی سال مالی منتهی به ۱۴۰۱_۰۹_۳۰ (حسابرسی شده).xlsx,HTML_MISLABELED_XLSX,.xlsx,390233,de4daf191959aca579751b0741a4abc38d986c81a727291bcccee60f87b9db99,OK,,1818,PAYLOAD_SUBSTANTIVE,,غدام,1401,1401/09/30,separate,audited,original,NOT_DETECTED,,,,1401/09/30,HTML_TABLE_1!R1C2,,,,,,NO_AUDITOR_BLOCK_DETECTED,,,NO_AUDITOR_BLOCK_DETECTED,
اکسل های صورت مالی کل زیپ ۱۳۹۲-۱۴۰۲.zip,غدام.zip,غدام.zip!غدام_۱۴۰۲_۰۹_۳۰_separate_ن-۱۰_صورت‌های مالی سال مالی منتهی به ۱۴۰۲_۰۹_۳۰ (حسابرسی شده).xlsx,غدام_۱۴۰۲_۰۹_۳۰_separate_ن-۱۰_صورت‌های مالی سال مالی منتهی به ۱۴۰۲_۰۹_۳۰ (حسابرسی شده).xlsx,HTML_MISLABELED_XLSX,.xlsx,407126,276a866aa91b5469d12093e2f74d6a4012aece7701c73dc1f123993c9ddbbc32,OK,,1914,PAYLOAD_SUBSTANTIVE,,غدام,1402,1402/09/30,separate,audited,original,NOT_DETECTED,,,,1402/09/30,HTML_TABLE_1!R1C2,,,,,,NO_AUDITOR_BLOCK_DETECTED,,,NO_AUDITOR_BLOCK_DETECTED,
اکسل های صورت مالی کل زیپ ۱۳۹۲-۱۴۰۲.zip,غسالم.zip,غسالم.zip!غسالم_۱۳۹۱_۱۲_۳۰_separate_ن-۱۰_صورتهای مالی سال مالی منتهی به ۱۳۹۱_۱۲_۳۰ (حسابرسی شده).xlsx,غسالم_۱۳۹۱_۱۲_۳۰_separate_ن-۱۰_صورتهای مالی سال مالی منتهی به ۱۳۹۱_۱۲_۳۰ (حسابرسی شده).xlsx,OLE2_LEGACY_EXCEL,.xlsx,58368,a17258bc4d2ae79d706189ef66553c9b1d1374edf1df647d3d9e826a8e7f9dd8,OK,,469,PAYLOAD_SUBSTANTIVE,,غسالم,1391,1391/12/30,separate,audited,original,DETECTED,Sheet1,9,74,1391/12/30,Sheet1!R6C4,مقبول,UNQUALIFIED_FAIR_FORMULA|HEADING_CELL,Sheet1!R28C14,Sheet1!R29C2,,,1392/04/16,Sheet1!R66C23,,سالمین
اکسل های صورت مالی کل زیپ ۱۳۹۲-۱۴۰۲.zip,غسالم.zip,غسالم.zip!غسالم_۱۳۹۲_۱۲_۲۹_separate_ن-۱۰_صورتهای مالی سال مالی منتهی به ۱۳۹۲_۱۲_۲۹ (حسابرسی شده).xlsx,غسالم_۱۳۹۲_۱۲_۲۹_separate_ن-۱۰_صورتهای مالی سال مالی منتهی به ۱۳۹۲_۱۲_۲۹ (حسابرسی شده).xlsx,OLE2_LEGACY_EXCEL,.xlsx,76288,5cd6cce1bccc8949eb294d1e8b0415ada1842e77fde42c869e90b8f695a86dde,OK,,600,PAYLOAD_SUBSTANTIVE,,غسالم,1392,1392/12/29,separate,audited,original,DETECTED,Sheet1,9,62,1392/12/29,Sheet1!R6C4,مقبول,UNQUALIFIED_FAIR_FORMULA|HEADING_CELL,Sheet1!R28C14,Sheet1!R29C2,,,1393/04/16,Sheet1!R53C23,,سالمین
اکسل های صورت مالی کل زیپ ۱۳۹۲-۱۴۰۲.zip,غسالم.zip,غسالم.zip!غسالم_۱۳۹۳_۱۲_۲۹_separate_ن-۱۰_صورتهای مالی سال مالی منتهی به ۱۳۹۳_۱۲_۲۹ (حسابرسی شده).xlsx,غسالم_۱۳۹۳_۱۲_۲۹_separate_ن-۱۰_صورتهای مالی سال مالی منتهی به ۱۳۹۳_۱۲_۲۹ (حسابرسی شده).xlsx,OLE2_LEGACY_EXCEL,.xlsx,71168,077f69c5401ad1c49b332a9ea122e14c069d69516ae099641c3606c3b3515f9a,OK,,620,PAYLOAD_SUBSTANTIVE,,غسالم,1393,1393/12/29,separate,audited,original,DETECTED,Sheet1,9,60,1393/12/29,Sheet1!R6C4,مقبول,UNQUALIFIED_FAIR_FORMULA|HEADING_CELL,Sheet1!R28C14,Sheet1!R29C2,,,1394/03/27,Sheet1!R51C23,,سالمین
اکسل های صورت مالی کل زیپ ۱۳۹۲-۱۴۰۲.zip,غسالم.zip,غسالم.zip!غسالم_۱۳۹۴_۱۲_۲۹_separate_ن-۱۰_صورت‌های مالی سال مالی منتهی به ۱۳۹۴_۱۲_۲۹ (حسابرسی شده).xlsx,غسالم_۱۳۹۴_۱۲_۲۹_separate_ن-۱۰_صورت‌های مالی سال مالی منتهی به ۱۳۹۴_۱۲_۲۹ (حسابرسی شده).xlsx,OLE2_LEGACY_EXCEL,.xlsx,78336,6c3b8c55f95abd4068e16ede5e92a1e85dea0caada58370289e2a5c9ac71b09a,OK,,663,PAYLOAD_SUBSTANTIVE,,غسالم,1394,1394/12/29,separate,audited,original,DETECTED,Sheet1,9,59,1394/12/29,Sheet1!R6C4,مقبول,UNQUALIFIED_FAIR_FORMULA|HEADING_CELL,Sheet1!R28C14,Sheet1!R29C2,,,1395/03/29,Sheet1!R50C23,,سالمین
اکسل های صورت مالی کل زیپ ۱۳۹۲-۱۴۰۲.zip,غسالم.zip,غسالم.zip!غسالم_۱۳۹۵_۱۲_۳۰_separate_ن-۱۰_صورت‌های مالی سال مالی منتهی به ۱۳۹۵_۱۲_۳۰ (حسابرسی شده).xlsx,غسالم_۱۳۹۵_۱۲_۳۰_separate_ن-۱۰_صورت‌های مالی سال مالی منتهی به ۱۳۹۵_۱۲_۳۰ (حسابرسی شده).xlsx,OLE2_LEGACY_EXCEL,.xlsx,74752,37af7d89828f2862146c8f1efe9ef4cd8a78e65e6b5552ecd0c92c34bd89e0f7,OK,,663,PAYLOAD_SUBSTANTIVE,,غسالم,1395,1395/12/30,separate,audited,original,DETECTED,Sheet1,11,56,1395/12/30,Sheet1!R8C4,مقبول,UNQUALIFIED_FAIR_FORMULA|HEADING_CELL,Sheet1!R30C12,Sheet1!R31C2,,,1396/03/30,Sheet1!R47C20,,سالمین
اکسل های صورت مالی کل زیپ ۱۳۹۲-۱۴۰۲.zip,غسالم.zip,غسالم.zip!غسالم_۱۳۹۶_۱۲_۲۹_separate_ن-۱۰_صورت‌های مالی سال مالی منتهی به ۱۳۹۶_۱۲_۲۹ (حسابرسی شده).xlsx,غسالم_۱۳۹۶_۱۲_۲۹_separate_ن-۱۰_صورت‌های مالی سال مالی منتهی به ۱۳۹۶_۱۲_۲۹ (حسابرسی شده).xlsx,OLE2_LEGACY_EXCEL,.xlsx,75264,88ff155057b42cdb13303e4282d27ac0b5d632b09fb273d01469e85767b0b163,OK,,665,PAYLOAD_SUBSTANTIVE,,غسالم,1396,1396/12/29,separate,audited,original,DETECTED,Sheet1,11,58,1396/12/29,Sheet1!R8C4,مقبول,UNQUALIFIED_FAIR_FORMULA|HEADING_CELL,Sheet1!R28C12,Sheet1!R29C2,,,1397/04/09,Sheet1!R49C20,,سالمین
اکسل های صورت مالی کل زیپ ۱۳۹۲-۱۴۰۲.zip,غسالم.zip,غسالم.zip!غسالم_۱۳۹۶_۱۲_۲۹_separate_ن-۱۰_صورت‌های مالی سال مالی منتهی به ۱۳۹۶_۱۲_۲۹ (حسابرسی شده)(اصلاحیه).xlsx,غسالم_۱۳۹۶_۱۲_۲۹_separate_ن-۱۰_صورت‌های مالی سال مالی منتهی به ۱۳۹۶_۱۲_۲۹ (حسابرسی شده)(اصلاحیه).xlsx,OLE2_LEGACY_EXCEL,.xlsx,75776,de8d10f780e18c573cef15167f807bcc9edcd3adc20287d993cefc6b1b5831a7,OK,,665,PAYLOAD_SUBSTANTIVE,,غسالم,1396,1396/12/29,separate,audited,correction,DETECTED,Sheet1,11,58,1396/12/29,Sheet1!R8C4,مقبول,UNQUALIFIED_FAIR_FORMULA|HEADING_CELL,Sheet1!R28C12,Sheet1!R29C2,,,1397/04/09,Sheet1!R49C20,,سالمین
اکسل های صورت مالی کل زیپ ۱۳۹۲-۱۴۰۲.zip,غسالم.zip,غسالم.zip!غسالم_۱۳۹۷_۱۲_۲۹_separate_ن-۱۰_صورت‌های مالی سال مالی منتهی به ۱۳۹۷_۱۲_۲۹ (حسابرسی شده).xlsx,غسالم_۱۳۹۷_۱۲_۲۹_separate_ن-۱۰_صورت‌های مالی سال مالی منتهی به ۱۳۹۷_۱۲_۲۹ (حسابرسی شده).xlsx,HTML_MISLABELED_XLSX,.xlsx,113274,6d36cfbff90081fd8da720deb49365909e5156150e4f71fa459f121c8d878244,OK,,495,PAYLOAD_SUBSTANTIVE,,غسالم,1397,1397/12/29,separate,audited,original,NOT_DETECTED,,,,1397/12/29,HTML_TABLE_1!R1C2,,,,,,NO_AUDITOR_BLOCK_DETECTED,,,NO_AUDITOR_BLOCK_DETECTED,
اکسل های صورت مالی کل زیپ ۱۳۹۲-۱۴۰۲.zip,غسالم.zip,غسالم.zip!غسالم_۱۳۹۸_۱۲_۲۹_separate_ن-۱۰_صورت‌های مالی سال مالی منتهی به ۱۳۹۸_۱۲_۲۹ (حسابرسی شده).xlsx,غسالم_۱۳۹۸_۱۲_۲۹_separate_ن-۱۰_صورت‌های مالی سال مالی منتهی به ۱۳۹۸_۱۲_۲۹ (حسابرسی شده).xlsx,HTML_MISLABELED_XLSX,.xlsx,321113,fe3dce6fa15aa30c86477c65de31ee58423e23838152d197630a3365a93bdda6,OK,,1542,PAYLOAD_SUBSTANTIVE,,غسالم,1398,1398/12/29,separate,audited,original,NOT_DETECTED,,,,1398/12/29,HTML_TABLE_1!R1C2,,,,,,NO_AUDITOR_BLOCK_DETECTED,,,NO_AUDITOR_BLOCK_DETECTED,
اکسل های صورت مالی کل زیپ ۱۳۹۲-۱۴۰۲.zip,غسالم.zip,غسالم.zip!غسالم_۱۳۹۹_۱۲_۳۰_separate_ن-۱۰_صورت‌های مالی سال مالی منتهی به ۱۳۹۹_۱۲_۳۰ (حسابرسی شده).xlsx,غسالم_۱۳۹۹_۱۲_۳۰_separate_ن-۱۰_صورت‌های مالی سال مالی منتهی به ۱۳۹۹_۱۲_۳۰ (حسابرسی شده).xlsx,HTML_MISLABELED_XLSX,.xlsx,322323,178dc68283f8792661151aaab9736d4390287fd84efca8e7cd3256dfe5eb6a3f,OK,,1556,PAYLOAD_SUBSTANTIVE,,غسالم,1399,1399/12/30,separate,audited,original,NOT_DETECTED,,,,1399/12/30,HTML_TABLE_1!R1C2,,,,,,NO_AUDITOR_BLOCK_DETECTED,,,NO_AUDITOR_BLOCK_DETECTED,
اکسل های صورت مالی کل زیپ ۱۳۹۲-۱۴۰۲.zip,غسالم.zip,غسالم.zip!غسالم_۱۴۰۰_۱۲_۲۹_separate_ن-۱۰_صورت‌های مالی سال مالی منتهی به ۱۴۰۰_۱۲_۲۹ (حسابرسی شده).xlsx,غسالم_۱۴۰۰_۱۲_۲۹_separate_ن-۱۰_صورت‌های مالی سال مالی منتهی به ۱۴۰۰_۱۲_۲۹ (حسابرسی شده).xlsx,HTML_MISLABELED_XLSX,.xlsx,450555,4d39fced859172799cdde30141ab0d1c5fe9a53231e81c40f466e0b5f2c17323,OK,,2262,PAYLOAD_SUBSTANTIVE,,غسالم,1400,1400/12/29,separate,audited,original,NOT_DETECTED,,,,1400/12/29,HTML_TABLE_1!R1C2,,,,,,NO_AUDITOR_BLOCK_DETECTED,,,NO_AUDITOR_BLOCK_DETECTED,
اکسل های صورت مالی کل زیپ ۱۳۹۲-۱۴۰۲.zip,غسالم.zip,غسالم.zip!غسالم_۱۴۰۱_۱۲_۲۹_separate_ن-۱۰_صورت‌های مالی سال مالی منتهی به ۱۴۰۱_۱۲_۲۹ (حسابرسی شده).xlsx,غسالم_۱۴۰۱_۱۲_۲۹_separate_ن-۱۰_صورت‌های مالی سال مالی منتهی به ۱۴۰۱_۱۲_۲۹ (حسابرسی شده).xlsx,HTML_MISLABELED_XLSX,.xlsx,456557,9598e822469b497b2f61ecbb3f65d97a75a0e4e2f5c5ead27cba7c43c9f394cf,OK,,2222,PAYLOAD_SUBSTANTIVE,,غسالم,1401,1401/12/29,separate,audited,original,NOT_DETECTED,,,,1401/12/29,HTML_TABLE_1!R1C2,,,,,,NO_AUDITOR_BLOCK_DETECTED,,,NO_AUDITOR_BLOCK_DETECTED,
اکسل های صورت مالی کل زیپ ۱۳۹۲-۱۴۰۲.zip,غسالم.zip,غسالم.zip!غسالم_۱۴۰۲_۱۲_۲۹_separate_ن-۱۰_صورت‌های مالی سال مالی منتهی به ۱۴۰۲_۱۲_۲۹ (حسابرسی شده).xlsx,غسالم_۱۴۰۲_۱۲_۲۹_separate_ن-۱۰_صورت‌های مالی سال مالی منتهی به ۱۴۰۲_۱۲_۲۹ (حسابرسی شده).xlsx,HTML_MISLABELED_XLSX,.xlsx,827549,4f32c3018753d40941a9b33b80714527a4180581d9b6b17a6d1c93a282aeab27,OK,,4301,PAYLOAD_SUBSTANTIVE,,غسالم,1402,1402/12/29,separate,audited,original,NOT_DETECTED,,,,1402/12/29,HTML_TABLE_1!R1C2,,,,,,NO_AUDITOR_BLOCK_DETECTED,,,NO_AUDITOR_BLOCK_DETECTED,
اکسل های صورت مالی کل زیپ ۱۳۹۲-۱۴۰۲.zip,غشان.zip,غشان.zip!غشان_۱۳۸۰_۱۲_۲۹_separate_ن-۱۰_صورتهای مالی سال مالی منتهی به ۱۳۸۰_۱۲_۲۹ (حسابرسی شده).xlsx,غشان_۱۳۸۰_۱۲_۲۹_separate_ن-۱۰_صورتهای مالی سال مالی منتهی به ۱۳۸۰_۱۲_۲۹ (حسابرسی شده).xlsx,OLE2_LEGACY_EXCEL,.xlsx,47616,1edd525e3b66ea39f1d8c3265ec921622a4e472e03fd1eb1e186b3345147f839,OK,,565,PAYLOAD_SUBSTANTIVE,,غشان,1380,1380/12/29,separate,audited,original,DETECTED,Sheet1,9,27,1380/12/29,Sheet1!R6C4,مشروط,STRUCTURED_FIELD_نظر_حسابرس,Sheet1!R14C23,Sheet1!R13C1,,,,,DATE_ANCHOR_IN_BLOCK_BUT_NO_PARSEABLE_DATE_ADJACENT,
اکسل های صورت مالی کل زیپ ۱۳۹۲-۱۴۰۲.zip,غشان.zip,غشان.zip!غشان_۱۳۸۱_۱۲_۲۹_separate_ن-۱۰_صورتهای مالی سال مالی منتهی به ۱۳۸۱_۱۲_۲۹ (حسابرسی شده).xlsx,غشان_۱۳۸۱_۱۲_۲۹_separate_ن-۱۰_صورتهای مالی سال مالی منتهی به ۱۳۸۱_۱۲_۲۹ (حسابرسی شده).xlsx,OLE2_LEGACY_EXCEL,.xlsx,47616,dbd3c86c07463fc2dc2f67ef6d9b62c7adfbf0eece1920d39e361e570f52aecb,OK,,563,PAYLOAD_SUBSTANTIVE,,غشان,1381,1381/12/29,separate,audited,original,DETECTED,Sheet1,9,27,1381/12/29,Sheet1!R6C4,مشروط,STRUCTURED_FIELD_نظر_حسابرس,Sheet1!R14C23,Sheet1!R13C1,,,,,DATE_ANCHOR_IN_BLOCK_BUT_NO_PARSEABLE_DATE_ADJACENT,
اکسل های صورت مالی کل زیپ ۱۳۹۲-۱۴۰۲.zip,غشان.zip,غشان.zip!غشان_۱۳۸۲_۱۲_۲۹_separate_ن-۱۰_صورتهای مالی سال مالی منتهی به ۱۳۸۲_۱۲_۲۹ (حسابرسی شده).xlsx,غشان_۱۳۸۲_۱۲_۲۹_separate_ن-۱۰_صورتهای مالی سال مالی منتهی به ۱۳۸۲_۱۲_۲۹ (حسابرسی شده).xlsx,OLE2_LEGACY_EXCEL,.xlsx,47104,ae8c73e63139e426f62d3792651128139708da453c93515cec8a50d1534dd6cd,OK,,551,PAYLOAD_SUBSTANTIVE,,غشان,1382,1382/12/29,separate,audited,original,DETECTED,Sheet1,9,27,1382/12/29,Sheet1!R6C4,مقبول,STRUCTURED_FIELD_نظر_حسابرس,Sheet1!R14C23,Sheet1!R13C1,,,,,DATE_ANCHOR_IN_BLOCK_BUT_NO_PARSEABLE_DATE_ADJACENT,
اکسل های صورت مالی کل زیپ ۱۳۹۲-۱۴۰۲.zip,غشان.zip,غشان.zip!غشان_۱۳۸۳_۱۲_۳۰_separate_ن-۱۰_صورتهای مالی سال مالی منتهی به ۱۳۸۳_۱۲_۳۰ (حسابرسی شده).xlsx,غشان_۱۳۸۳_۱۲_۳۰_separate_ن-۱۰_صورتهای مالی سال مالی منتهی به ۱۳۸۳_۱۲_۳۰ (حسابرسی شده).xlsx,OLE2_LEGACY_EXCEL,.xlsx,47616,2a9c64dea9c759fead7b2074cc101b213d932a3a3fcef8a174483d477755fe29,OK,,551,PAYLOAD_SUBSTANTIVE,,غشان,1383,1383/12/30,separate,audited,original,DETECTED,Sheet1,9,27,1383/12/30,Sheet1!R6C4,مقبول,STRUCTURED_FIELD_نظر_حسابرس,Sheet1!R14C23,Sheet1!R13C1,,,,,DATE_ANCHOR_IN_BLOCK_BUT_NO_PARSEABLE_DATE_ADJACENT,
اکسل های صورت مالی کل زیپ ۱۳۹۲-۱۴۰۲.zip,غشان.zip,غشان.zip!غشان_۱۳۹۱_۱۲_۳۰_separate_ن-۱۰_صورتهای مالی سال مالی منتهی به ۱۳۹۱_۱۲_۳۰ (حسابرسی شده).xlsx,غشان_۱۳۹۱_۱۲_۳۰_separate_ن-۱۰_صورتهای مالی سال مالی منتهی به ۱۳۹۱_۱۲_۳۰ (حسابرسی شده).xlsx,OLE2_LEGACY_EXCEL,.xlsx,69120,c6b9a8efe4a65c662840890b89788d2f49e4e8a8acdf97095d0c8c790e37d6e0,OK,,620,PAYLOAD_SUBSTANTIVE,,غشان,1391,1391/12/30,separate,audited,original,DETECTED,Sheet1,9,76,1391/12/30,Sheet1!R6C4,مقبول,UNQUALIFIED_FAIR_FORMULA|HEADING_CELL,Sheet1!R28C14,Sheet1!R29C2,,,1392/02/16,Sheet1!R68C23,,شیر پاستوریزه پگاه خراسان
اکسل های صورت مالی کل زیپ ۱۳۹۲-۱۴۰۲.zip,غشان.zip,غشان.zip!غشان_۱۳۹۲_۱۲_۲۹_separate_ن-۱۰_صورتهای مالی سال مالی منتهی به ۱۳۹۲_۱۲_۲۹ (حسابرسی شده).xlsx,غشان_۱۳۹۲_۱۲_۲۹_separate_ن-۱۰_صورتهای مالی سال مالی منتهی به ۱۳۹۲_۱۲_۲۹ (حسابرسی شده).xlsx,OLE2_LEGACY_EXCEL,.xlsx,81408,72659c84d7a604ca47f04b89fa4b9dcf0f7e836fc5af42afc3d71f7a41903b01,OK,,704,PAYLOAD_SUBSTANTIVE,,غشان,1392,1392/12/29,separate,audited,original,DETECTED,Sheet1,9,73,1392/12/29,Sheet1!R6C4,مقبول,UNQUALIFIED_FAIR_FORMULA|HEADING_CELL,Sheet1!R28C14,Sheet1!R29C2,,,1393/02/16,Sheet1!R64C23,,شیر پاستوریزه پگاه خراسان
اکسل های صورت مالی کل زیپ ۱۳۹۲-۱۴۰۲.zip,غشان.zip,غشان.zip!غشان_۱۳۹۳_۱۲_۲۹_separate_ن-۱۰_صورتهای مالی سال مالی منتهی به ۱۳۹۳_۱۲_۲۹ (حسابرسی شده).xlsx,غشان_۱۳۹۳_۱۲_۲۹_separate_ن-۱۰_صورتهای مالی سال مالی منتهی به ۱۳۹۳_۱۲_۲۹ (حسابرسی شده).xlsx,OLE2_LEGACY_EXCEL,.xlsx,79872,b69abd5201ea71ed336144abedb85ba6b54811bb72d0ad3b244c08dd6b7c28ec,OK,,731,PAYLOAD_SUBSTANTIVE,,غشان,1393,1393/12/29,separate,audited,original,DETECTED,Sheet1,9,65,1393/12/29,Sheet1!R6C4,مقبول,UNQUALIFIED_FAIR_FORMULA|HEADING_CELL,Sheet1!R28C14,Sheet1!R29C2,,,1394/02/21,Sheet1!R56C23,,بازرگانی صنایع شیر ایران
اکسل های صورت مالی کل زیپ ۱۳۹۲-۱۴۰۲.zip,غشان.zip,غشان.zip!غشان_۱۳۹۳_۱۲_۲۹_separate_ن-۱۰_صورتهای مالی سال مالی منتهی به ۱۳۹۳_۱۲_۲۹ (حسابرسی شده)(اصلاحیه).xlsx,غشان_۱۳۹۳_۱۲_۲۹_separate_ن-۱۰_صورتهای مالی سال مالی منتهی به ۱۳۹۳_۱۲_۲۹ (حسابرسی شده)(اصلاحیه).xlsx,OLE2_LEGACY_EXCEL,.xlsx,82944,a3e6053efe06802230a6ab390c5bf01b9127207da92b75e16f4d541485c98a20,OK,,731,PAYLOAD_SUBSTANTIVE,,غشان,1393,1393/12/29,separate,audited,correction,DETECTED,Sheet1,9,73,1393/12/29,Sheet1!R6C4,مقبول,UNQUALIFIED_FAIR_FORMULA|HEADING_CELL,Sheet1!R28C14,Sheet1!R29C2,,,1394/02/23,Sheet1!R64C23,,شیر پاستوریزه پگاه خراسان
اکسل های صورت مالی کل زیپ ۱۳۹۲-۱۴۰۲.zip,غشان.zip,غشان.zip!غشان_۱۳۹۴_۱۲_۲۹_separate_ن-۱۰_صورت‌های مالی سال مالی منتهی به ۱۳۹۴_۱۲_۲۹ (حسابرسی شده).xlsx,غشان_۱۳۹۴_۱۲_۲۹_separate_ن-۱۰_صورت‌های مالی سال مالی منتهی به ۱۳۹۴_۱۲_۲۹ (حسابرسی شده).xlsx,OLE2_LEGACY_EXCEL,.xlsx,88064,3988282cc024053636608c9898f5128f33d8cae0a1ed16eb98cd5a0921b1db56,OK,,752,PAYLOAD_SUBSTANTIVE,,غشان,1394,1394/12/29,separate,audited,original,DETECTED,Sheet1,9,74,1394/12/29,Sheet1!R6C4,مقبول,UNQUALIFIED_FAIR_FORMULA|HEADING_CELL,Sheet1!R29C14,Sheet1!R30C2,,,1395/02/22,Sheet1!R65C23,,شیر پاستوریزه پگاه خراسان
اکسل های صورت مالی کل زیپ ۱۳۹۲-۱۴۰۲.zip,غشان.zip,غشان.zip!غشان_۱۳۹۵_۱۲_۳۰_separate_ن-۱۰_صورت‌های مالی سال مالی منتهی به ۱۳۹۵_۱۲_۳۰ (حسابرسی شده).xlsx,غشان_۱۳۹۵_۱۲_۳۰_separate_ن-۱۰_صورت‌های مالی سال مالی منتهی به ۱۳۹۵_۱۲_۳۰ (حسابرسی شده).xlsx,OLE2_LEGACY_EXCEL,.xlsx,88064,b4ef7a23efc8d46be921eb91eaaef07a6d0c7631f79d5baa20e214b859b39595,OK,,781,PAYLOAD_SUBSTANTIVE,,غشان,1395,1395/12/30,separate,audited,original,DETECTED,Sheet1,11,73,1395/12/30,Sheet1!R8C4,مقبول,UNQUALIFIED_FAIR_FORMULA|HEADING_CELL,Sheet1!R30C12,Sheet1!R31C2,,,1396/02/14,Sheet1!R64C20,,شیر پاستوریزه پگاه خراسان
اکسل های صورت مالی کل زیپ ۱۳۹۲-۱۴۰۲.zip,غشان.zip,غشان.zip!غشان_۱۳۹۵_۱۲_۳۰_separate_ن-۱۰_صورت‌های مالی سال مالی منتهی به ۱۳۹۵_۱۲_۳۰ (حسابرسی شده)(اصلاحیه).xlsx,غشان_۱۳۹۵_۱۲_۳۰_separate_ن-۱۰_صورت‌های مالی سال مالی منتهی به ۱۳۹۵_۱۲_۳۰ (حسابرسی شده)(اصلاحیه).xlsx,OLE2_LEGACY_EXCEL,.xlsx,88064,f427be0ee0d8f0c44939e31398fea02fa97697a72ab2d825056016cc2592f024,OK,,781,PAYLOAD_SUBSTANTIVE,,غشان,1395,1395/12/30,separate,audited,correction,DETECTED,Sheet1,11,73,1395/12/30,Sheet1!R8C4,مقبول,UNQUALIFIED_FAIR_FORMULA|HEADING_CELL,Sheet1!R30C12,Sheet1!R31C2,,,1396/02/14,Sheet1!R64C20,,شیر پاستوریزه پگاه خراسان
اکسل های صورت مالی کل زیپ ۱۳۹۲-۱۴۰۲.zip,غشان.zip,غشان.zip!غشان_۱۳۹۶_۱۲_۲۹_separate_ن-۱۰_صورت‌های مالی سال مالی منتهی به ۱۳۹۶_۱۲_۲۹ (حسابرسی شده).xlsx,غشان_۱۳۹۶_۱۲_۲۹_separate_ن-۱۰_صورت‌های مالی سال مالی منتهی به ۱۳۹۶_۱۲_۲۹ (حسابرسی شده).xlsx,OLE2_LEGACY_EXCEL,.xlsx,89088,53fd0cba79fdeec8c8cc09c9c11b280d80ba4278be3cfa77f508d06582b749e7,OK,,781,PAYLOAD_SUBSTANTIVE,,غشان,1396,1396/12/29,separate,audited,original,DETECTED,Sheet1,11,80,1396/12/29,Sheet1!R8C4,مقبول,UNQUALIFIED_FAIR_FORMULA|HEADING_CELL,Sheet1!R32C12,Sheet1!R34C2,,,1397/02/18,Sheet1!R72C20,,شیر پاستوریزه پگاه خراسان
اکسل های صورت مالی کل زیپ ۱۳۹۲-۱۴۰۲.zip,غشان.zip,غشان.zip!غشان_۱۳۹۷_۱۲_۲۹_separate_ن-۱۰_صورت‌های مالی سال مالی منتهی به ۱۳۹۷_۱۲_۲۹ (حسابرسی شده).xlsx,غشان_۱۳۹۷_۱۲_۲۹_separate_ن-۱۰_صورت‌های مالی سال مالی منتهی به ۱۳۹۷_۱۲_۲۹ (حسابرسی شده).xlsx,HTML_MISLABELED_XLSX,.xlsx,113392,e15df74fec40c0f1c6ba6aa67111e47d303e61f72f9c18585b161514169977e6,OK,,495,PAYLOAD_SUBSTANTIVE,,غشان,1397,1397/12/29,separate,audited,original,NOT_DETECTED,,,,1397/12/29,HTML_TABLE_1!R1C2,,,,,,NO_AUDITOR_BLOCK_DETECTED,,,NO_AUDITOR_BLOCK_DETECTED,
اکسل های صورت مالی کل زیپ ۱۳۹۲-۱۴۰۲.zip,غشان.zip,غشان.zip!غشان_۱۳۹۸_۱۲_۲۹_separate_ن-۱۰_صورت‌های مالی سال مالی منتهی به ۱۳۹۸_۱۲_۲۹ (حسابرسی شده).xlsx,غشان_۱۳۹۸_۱۲_۲۹_separate_ن-۱۰_صورت‌های مالی سال مالی منتهی به ۱۳۹۸_۱۲_۲۹ (حسابرسی شده).xlsx,HTML_MISLABELED_XLSX,.xlsx,321630,cf728fcc157dc94cac01150f6efb18e2025d5b6adbe76e6552ec89b7159e0f7a,OK,,1534,PAYLOAD_SUBSTANTIVE,,غشان,1398,1398/12/29,separate,audited,original,NOT_DETECTED,,,,1398/12/29,HTML_TABLE_1!R1C2,,,,,,NO_AUDITOR_BLOCK_DETECTED,,,NO_AUDITOR_BLOCK_DETECTED,
اکسل های صورت مالی کل زیپ ۱۳۹۲-۱۴۰۲.zip,غشان.zip,غشان.zip!غشان_۱۳۹۹_۱۲_۳۰_separate_ن-۱۰_صورت‌های مالی سال مالی منتهی به ۱۳۹۹_۱۲_۳۰ (حسابرسی شده).xlsx,غشان_۱۳۹۹_۱۲_۳۰_separate_ن-۱۰_صورت‌های مالی سال مالی منتهی به ۱۳۹۹_۱۲_۳۰ (حسابرسی شده).xlsx,HTML_MISLABELED_XLSX,.xlsx,304246,4eaefe89165cd4988b457ad279d8da00575bee4de21f6c304a4a7d2f558e1e2a,OK,,1394,PAYLOAD_SUBSTANTIVE,,غشان,1399,1399/12/30,separate,audited,original,NOT_DETECTED,,,,1399/12/30,HTML_TABLE_1!R1C2,,,,,,NO_AUDITOR_BLOCK_DETECTED,,,NO_AUDITOR_BLOCK_DETECTED,شیر پاستوریزه پگاه خراسان
اکسل های صورت مالی کل زیپ ۱۳۹۲-۱۴۰۲.zip,غشان.zip,غشان.zip!غشان_۱۴۰۰_۱۲_۲۹_separate_ن-۱۰_صورت‌های مالی سال مالی منتهی به ۱۴۰۰_۱۲_۲۹ (حسابرسی شده).xlsx,غشان_۱۴۰۰_۱۲_۲۹_separate_ن-۱۰_صورت‌های مالی سال مالی منتهی به ۱۴۰۰_۱۲_۲۹ (حسابرسی شده).xlsx,HTML_MISLABELED_XLSX,.xlsx,378003,768ae1c8899de24b6c4c99b654f9bbcb0e856cd7d3651ae27e295c1d3b493f8d,OK,,1717,PAYLOAD_SUBSTANTIVE,,غشان,1400,1400/12/29,separate,audited,original,NOT_DETECTED,,,,1400/12/29,HTML_TABLE_1!R1C2,,,,,,NO_AUDITOR_BLOCK_DETECTED,,,NO_AUDITOR_BLOCK_DETECTED,
اکسل های صورت مالی کل زیپ ۱۳۹۲-۱۴۰۲.zip,غشان.zip,غشان.zip!غشان_۱۴۰۱_۱۲_۲۹_separate_ن-۱۰_صورت‌های مالی سال مالی منتهی به ۱۴۰۱_۱۲_۲۹ (حسابرسی شده).xlsx,غشان_۱۴۰۱_۱۲_۲۹_separate_ن-۱۰_صورت‌های مالی سال مالی منتهی به ۱۴۰۱_۱۲_۲۹ (حسابرسی شده).xlsx,HTML_MISLABELED_XLSX,.xlsx,418659,36ad7d3675cdf0154cec65f64fbe3da6e36b2d15741fe0bdb3d676d3e465a8c3,OK,,1938,PAYLOAD_SUBSTANTIVE,,غشان,1401,1401/12/29,separate,audited,original,NOT_DETECTED,,,,1401/12/29,HTML_TABLE_1!R1C2,,,,,,NO_AUDITOR_BLOCK_DETECTED,,,NO_AUDITOR_BLOCK_DETECTED,
اکسل های صورت مالی کل زیپ ۱۳۹۲-۱۴۰۲.zip,غشهد.zip,غشهد.zip!غشهد_۱۳۹۱_۱۲_۳۰_separate_ن-۱۰_صورتهای مالی سال مالی منتهی به ۱۳۹۱_۱۲_۳۰ (حسابرسی شده).xlsx,غشهد_۱۳۹۱_۱۲_۳۰_separate_ن-۱۰_صورتهای مالی سال مالی منتهی به ۱۳۹۱_۱۲_۳۰ (حسابرسی شده).xlsx,OLE2_LEGACY_EXCEL,.xlsx,62464,9b220024423782f8586b47e1939cf99abb489a115130c6074f9538a431b8bde1,OK,,494,PAYLOAD_SUBSTANTIVE,,غشهد,1391,1391/12/30,separate,audited,original,DETECTED,Sheet1,9,62,1391/12/30,Sheet1!R6C4,مقبول,UNQUALIFIED_FAIR_FORMULA|HEADING_CELL,Sheet1!R30C14,Sheet1!R31C2,,,1391/04/01,Sheet1!R55C23,,شهد ایران
اکسل های صورت مالی کل زیپ ۱۳۹۲-۱۴۰۲.zip,غشهد.zip,غشهد.zip!غشهد_۱۳۹۲_۱۲_۲۹_separate_ن-۱۰_صورتهای مالی سال مالی منتهی به ۱۳۹۲_۱۲_۲۹ (حسابرسی شده).xlsx,غشهد_۱۳۹۲_۱۲_۲۹_separate_ن-۱۰_صورتهای مالی سال مالی منتهی به ۱۳۹۲_۱۲_۲۹ (حسابرسی شده).xlsx,OLE2_LEGACY_EXCEL,.xlsx,77824,3840d72feb957b2fc054d2fd39d53a873e40c0e66e60c9e60a17e18d91b2682d,OK,,594,PAYLOAD_SUBSTANTIVE,,غشهد,1392,1392/12/29,separate,audited,original,DETECTED,Sheet1,9,68,1392/12/29,Sheet1!R6C4,مقبول,UNQUALIFIED_FAIR_FORMULA|HEADING_CELL,Sheet1!R28C14,Sheet1!R29C2,,,1393/04/01,Sheet1!R60C23,,شهد ایران
اکسل های صورت مالی کل زیپ ۱۳۹۲-۱۴۰۲.zip,غشهد.zip,غشهد.zip!غشهد_۱۳۹۳_۱۲_۲۹_separate_ن-۱۰_صورتهای مالی سال مالی منتهی به ۱۳۹۳_۱۲_۲۹ (حسابرسی شده).xlsx,غشهد_۱۳۹۳_۱۲_۲۹_separate_ن-۱۰_صورتهای مالی سال مالی منتهی به ۱۳۹۳_۱۲_۲۹ (حسابرسی شده).xlsx,OLE2_LEGACY_EXCEL,.xlsx,76288,2e7415b2da7a8a67648d7d2c79a49b56e70b80ae2be0836c7d5e6cf85cceedfd,OK,,616,PAYLOAD_SUBSTANTIVE,,غشهد,1393,1393/12/29,separate,audited,original,DETECTED,Sheet1,9,73,1393/12/29,Sheet1!R6C4,مقبول,UNQUALIFIED_FAIR_FORMULA|HEADING_CELL,Sheet1!R28C14,Sheet1!R29C2,,,1394/03/21,Sheet1!R65C23,,شهد ایران
اکسل های صورت مالی کل زیپ ۱۳۹۲-۱۴۰۲.zip,غشهد.zip,غشهد.zip!غشهد_۱۳۹۴_۱۲_۲۹_separate_ن-۱۰_صورت‌های مالی سال مالی منتهی به ۱۳۹۴_۱۲_۲۹ (حسابرسی شده).xlsx,غشهد_۱۳۹۴_۱۲_۲۹_separate_ن-۱۰_صورت‌های مالی سال مالی منتهی به ۱۳۹۴_۱۲_۲۹ (حسابرسی شده).xlsx,OLE2_LEGACY_EXCEL,.xlsx,82432,126aff3e865f507eacdf6122a2a79d99dd2e79e76a95140373dffd5d1ceadd55,OK,,651,PAYLOAD_SUBSTANTIVE,,غشهد,1394,1394/12/29,separate,audited,original,DETECTED,Sheet1,9,71,1394/12/29,Sheet1!R6C4,مشروط,QUALIFIED_FAIR_WITH_EXCEPTION|HEADING_CELL,Sheet1!R33C14,Sheet1!R35C2,,,1395/04/10,Sheet1!R63C23,,شهد ایران
اکسل های صورت مالی کل زیپ ۱۳۹۲-۱۴۰۲.zip,غشهد.zip,غشهد.zip!غشهد_۱۳۹۵_۱۲_۳۰_consolidated_ن-۱۰_صورت‌های مالی تلفیقی سال مالی منتهی به ۱۳۹۵_۱۲_۳۰ (حسابرسی شده).xlsx,غشهد_۱۳۹۵_۱۲_۳۰_consolidated_ن-۱۰_صورت‌های مالی تلفیقی سال مالی منتهی به ۱۳۹۵_۱۲_۳۰ (حسابرسی شده).xlsx,OLE2_LEGACY_EXCEL,.xlsx,131072,898429a85cc149ba1881c3e4cee2ec61c2b1629f3c3a02d5e6bd8066d1e8b112,OK,,1394,PAYLOAD_SUBSTANTIVE,,غشهد,1395,1395/12/30,consolidated,audited,original,DETECTED,Sheet1,11,82,1395/12/30,Sheet1!R8C4,مشروط,QUALIFIED_FAIR_WITH_EXCEPTION|HEADING_CELL,Sheet1!R42C12,Sheet1!R43C2,,,1396/04/10,Sheet1!R74C20,,شهد ایران
اکسل های صورت مالی کل زیپ ۱۳۹۲-۱۴۰۲.zip,غشهد.zip,غشهد.zip!غشهد_۱۳۹۶_۱۲_۲۹_separate_ن-۱۰_صورت‌های مالی سال مالی منتهی به ۱۳۹۶_۱۲_۲۹ (حسابرسی شده).xlsx,غشهد_۱۳۹۶_۱۲_۲۹_separate_ن-۱۰_صورت‌های مالی سال مالی منتهی به ۱۳۹۶_۱۲_۲۹ (حسابرسی شده).xlsx,OLE2_LEGACY_EXCEL,.xlsx,83456,77951ae83492aed1e9db3f119ddec4208d3728e5b295efe8f98bf932bf837a1f,OK,,636,PAYLOAD_SUBSTANTIVE,,غشهد,1396,1396/12/29,separate,audited,original,DETECTED,Sheet1,11,87,1396/12/29,Sheet1!R8C4,مشروط,QUALIFIED_FAIR_WITH_EXCEPTION|HEADING_CELL,Sheet1!R38C12,Sheet1!R39C2,,,1397/03/17,Sheet1!R79C20,,شهد ایران
اکسل های صورت مالی کل زیپ ۱۳۹۲-۱۴۰۲.zip,غشهد.zip,غشهد.zip!غشهد_۱۳۹۷_۱۲_۲۹_separate_ن-۱۰_صورت‌های مالی سال مالی منتهی به ۱۳۹۷_۱۲_۲۹ (حسابرسی شده).xlsx,غشهد_۱۳۹۷_۱۲_۲۹_separate_ن-۱۰_صورت‌های مالی سال مالی منتهی به ۱۳۹۷_۱۲_۲۹ (حسابرسی شده).xlsx,HTML_MISLABELED_XLSX,.xlsx,113583,b3ed21bfe848d7be4f1f9ed7900d7df57e70112bcd591f42e0e7a898ed09fc8d,OK,,495,PAYLOAD_SUBSTANTIVE,,غشهد,1397,1397/12/29,separate,audited,original,NOT_DETECTED,,,,1397/12/29,HTML_TABLE_1!R1C2,,,,,,NO_AUDITOR_BLOCK_DETECTED,,,NO_AUDITOR_BLOCK_DETECTED,
اکسل های صورت مالی کل زیپ ۱۳۹۲-۱۴۰۲.zip,غشهد.zip,غشهد.zip!غشهد_۱۳۹۸_۱۲_۲۹_separate_ن-۱۰_صورت‌های مالی سال مالی منتهی به ۱۳۹۸_۱۲_۲۹ (حسابرسی شده).xlsx,غشهد_۱۳۹۸_۱۲_۲۹_separate_ن-۱۰_صورت‌های مالی سال مالی منتهی به ۱۳۹۸_۱۲_۲۹ (حسابرسی شده).xlsx,HTML_MISLABELED_XLSX,.xlsx,300348,6a7fa94085a1ea4e5c9b456cd9772e9ee9505dfcf646869f832ee5edfbc2afad,OK,,1398,PAYLOAD_SUBSTANTIVE,,غشهد,1398,1398/12/29,separate,audited,original,NOT_DETECTED,,,,1398/12/29,HTML_TABLE_1!R1C2,,,,,,NO_AUDITOR_BLOCK_DETECTED,,,NO_AUDITOR_BLOCK_DETECTED,
اکسل های صورت مالی کل زیپ ۱۳۹۲-۱۴۰۲.zip,غشهد.zip,غشهد.zip!غشهد_۱۳۹۹_۱۲_۳۰_separate_ن-۱۰_صورت‌های مالی سال مالی منتهی به ۱۳۹۹_۱۲_۳۰ (حسابرسی شده).xlsx,غشهد_۱۳۹۹_۱۲_۳۰_separate_ن-۱۰_صورت‌های مالی سال مالی منتهی به ۱۳۹۹_۱۲_۳۰ (حسابرسی شده).xlsx,HTML_MISLABELED_XLSX,.xlsx,301063,00ce0abecdfd2a27d27576fb302695c3f86d1197aa3b2ccb6add5a5778cdd273,OK,,1395,PAYLOAD_SUBSTANTIVE,,غشهد,1399,1399/12/30,separate,audited,original,NOT_DETECTED,,,,1399/12/30,HTML_TABLE_1!R1C2,,,,,,NO_AUDITOR_BLOCK_DETECTED,,,NO_AUDITOR_BLOCK_DETECTED,
اکسل های صورت مالی کل زیپ ۱۳۹۲-۱۴۰۲.zip,غشهد.zip,غشهد.zip!غشهد_۱۴۰۰_۱۲_۲۹_separate_ن-۱۰_صورت‌های مالی سال مالی منتهی به ۱۴۰۰_۱۲_۲۹ (حسابرسی شده).xlsx,غشهد_۱۴۰۰_۱۲_۲۹_separate_ن-۱۰_صورت‌های مالی سال مالی منتهی به ۱۴۰۰_۱۲_۲۹ (حسابرسی شده).xlsx,HTML_MISLABELED_XLSX,.xlsx,373544,d82c25301977548554169bc46e7001ee5988494bba1022007f8eeed3d547e48a,OK,,1735,PAYLOAD_SUBSTANTIVE,,غشهد,1400,1400/12/29,separate,audited,original,NOT_DETECTED,,,,1400/12/29,HTML_TABLE_1!R1C2,,,,,,NO_AUDITOR_BLOCK_DETECTED,,,NO_AUDITOR_BLOCK_DETECTED,
اکسل های صورت مالی کل زیپ ۱۳۹۲-۱۴۰۲.zip,غشهد.zip,غشهد.zip!غشهد_۱۴۰۱_۱۲_۲۹_separate_ن-۱۰_صورت‌های مالی سال مالی منتهی به ۱۴۰۱_۱۲_۲۹ (حسابرسی شده).xlsx,غشهد_۱۴۰۱_۱۲_۲۹_separate_ن-۱۰_صورت‌های مالی سال مالی منتهی به ۱۴۰۱_۱۲_۲۹ (حسابرسی شده).xlsx,HTML_MISLABELED_XLSX,.xlsx,407499,2ef1f2ff400e3b6ef9be0ffb3420c54736e0ccb1cba8422b5fc4e5de1fa28a8d,OK,,1876,PAYLOAD_SUBSTANTIVE,,غشهد,1401,1401/12/29,separate,audited,original,NOT_DETECTED,,,,1401/12/29,HTML_TABLE_1!R1C2,,,,,,NO_AUDITOR_BLOCK_DETECTED,,,NO_AUDITOR_BLOCK_DETECTED,
اکسل های صورت مالی کل زیپ ۱۳۹۲-۱۴۰۲.zip,غشهد.zip,غشهد.zip!غشهد_۱۴۰۲_۱۲_۲۹_separate_ن-۱۰_صورت‌های مالی سال مالی منتهی به ۱۴۰۲_۱۲_۲۹ (حسابرسی شده).xlsx,غشهد_۱۴۰۲_۱۲_۲۹_separate_ن-۱۰_صورت‌های مالی سال مالی منتهی به ۱۴۰۲_۱۲_۲۹ (حسابرسی شده).xlsx,HTML_MISLABELED_XLSX,.xlsx,396847,ad5a3fb97d011c07094fbe1978bdf1abd030daf3fcf55fc097a83904049cd759,OK,,1795,PAYLOAD_SUBSTANTIVE,,غشهد,1402,1402/12/29,separate,audited,original,NOT_DETECTED,,,,1402/12/29,HTML_TABLE_1!R1C2,,,,,,NO_AUDITOR_BLOCK_DETECTED,,,NO_AUDITOR_BLOCK_DETECTED,
اکسل های صورت مالی کل زیپ ۱۳۹۲-۱۴۰۲.zip,غگل.zip,غگل.zip!غگل_۱۳۹۲_۰۶_۳۱_separate_ن-۱۰_صورتهای مالی سال مالی منتهی به ۱۳۹۲_۰۶_۳۱ (حسابرسی شده).xlsx,غگل_۱۳۹۲_۰۶_۳۱_separate_ن-۱۰_صورتهای مالی سال مالی منتهی به ۱۳۹۲_۰۶_۳۱ (حسابرسی شده).xlsx,OLE2_LEGACY_EXCEL,.xlsx,81408,1f550670123a4b37fd01c97a8f3760848fc4adbcd76030e090a7d9b720de7ac2,OK,,743,PAYLOAD_SUBSTANTIVE,,غگل,1392,1392/06/31,separate,audited,original,DETECTED,Sheet1,9,75,1392/06/31,Sheet1!R6C4,مقبول,UNQUALIFIED_FAIR_FORMULA|HEADING_CELL,Sheet1!R28C14,Sheet1!R29C2,,,1392/10/16,Sheet1!R66C23,,
اکسل های صورت مالی کل زیپ ۱۳۹۲-۱۴۰۲.zip,غگل.zip,غگل.zip!غگل_۱۳۹۲_۰۶_۳۱_separate_ن-۱۰_صورتهای مالی سال مالی منتهی به ۱۳۹۲_۰۶_۳۱ (حسابرسی شده)(اصلاحیه).xlsx,غگل_۱۳۹۲_۰۶_۳۱_separate_ن-۱۰_صورتهای مالی سال مالی منتهی به ۱۳۹۲_۰۶_۳۱ (حسابرسی شده)(اصلاحیه).xlsx,OLE2_LEGACY_EXCEL,.xlsx,81408,2bcd2d1dbdeeecdabf0821060ce84d73897948f749d348f35d90a7175cf8449c,OK,,742,PAYLOAD_SUBSTANTIVE,,غگل,1392,1392/06/31,separate,audited,correction,DETECTED,Sheet1,9,72,1392/06/31,Sheet1!R6C4,مقبول,UNQUALIFIED_FAIR_FORMULA|HEADING_CELL,Sheet1!R28C14,Sheet1!R29C2,,,1392/10/16,Sheet1!R63C23,,
اکسل های صورت مالی کل زیپ ۱۳۹۲-۱۴۰۲.zip,غگل.zip,غگل.zip!غگل_۱۳۹۳_۰۶_۳۱_separate_ن-۱۰_صورتهای مالی سال مالی منتهی به ۱۳۹۳_۰۶_۳۱ (حسابرسی شده).xlsx,غگل_۱۳۹۳_۰۶_۳۱_separate_ن-۱۰_صورتهای مالی سال مالی منتهی به ۱۳۹۳_۰۶_۳۱ (حسابرسی شده).xlsx,OLE2_LEGACY_EXCEL,.xlsx,80896,787927cc33f8b1f6f26da292db01dab93f918c2c6f03276279aa6e9ea79591d6,OK,,742,PAYLOAD_SUBSTANTIVE,,غگل,1393,1393/06/31,separate,audited,original,DETECTED,Sheet1,9,70,1393/06/31,Sheet1!R6C4,مقبول,UNQUALIFIED_FAIR_FORMULA|HEADING_CELL,Sheet1!R28C14,Sheet1!R29C2,,,1393/10/10,Sheet1!R61C23,,
اکسل های صورت مالی کل زیپ ۱۳۹۲-۱۴۰۲.zip,غگل.zip,غگل.zip!غگل_۱۳۹۴_۰۶_۳۱_separate_ن-۱۰_صورت‌های مالی سال مالی منتهی به ۱۳۹۴_۰۶_۳۱ (حسابرسی شده).xlsx,غگل_۱۳۹۴_۰۶_۳۱_separate_ن-۱۰_صورت‌های مالی سال مالی منتهی به ۱۳۹۴_۰۶_۳۱ (حسابرسی شده).xlsx,OLE2_LEGACY_EXCEL,.xlsx,86016,2bb3e378a14b81bb9cbd2873f7cb347a3c4a2fcf0d65fcc50e730f2a8a41da2c,OK,,777,PAYLOAD_SUBSTANTIVE,,غگل,1394,1394/06/31,separate,audited,original,DETECTED,Sheet1,9,83,1394/06/31,Sheet1!R6C4,مقبول,UNQUALIFIED_FAIR_FORMULA|HEADING_CELL,Sheet1!R28C14,Sheet1!R29C2,,,1394/09/29,Sheet1!R75C23,,
اکسل های صورت مالی کل زیپ ۱۳۹۲-۱۴۰۲.zip,غگل.zip,غگل.zip!غگل_۱۳۹۵_۰۶_۳۱_separate_ن-۱۰_صورت‌های مالی سال مالی منتهی به ۱۳۹۵_۰۶_۳۱ (حسابرسی شده).xlsx,غگل_۱۳۹۵_۰۶_۳۱_separate_ن-۱۰_صورت‌های مالی سال مالی منتهی به ۱۳۹۵_۰۶_۳۱ (حسابرسی شده).xlsx,OLE2_LEGACY_EXCEL,.xlsx,90624,48106fee113a7229f750d4e9acc97516151788fd43293f3926a3640a6f7cc601,OK,,847,PAYLOAD_SUBSTANTIVE,,غگل,1395,1395/06/31,separate,audited,original,DETECTED,Sheet1,11,77,1395/06/31,Sheet1!R8C4,مقبول,UNQUALIFIED_FAIR_FORMULA|HEADING_CELL,Sheet1!R29C12,Sheet1!R30C2,,,1395/09/21,Sheet1!R68C20,,
اکسل های صورت مالی کل زیپ ۱۳۹۲-۱۴۰۲.zip,غگل.zip,غگل.zip!غگل_۱۳۹۶_۰۶_۳۱_separate_ن-۱۰_صورت‌های مالی سال مالی منتهی به ۱۳۹۶_۰۶_۳۱ (حسابرسی شده).xlsx,غگل_۱۳۹۶_۰۶_۳۱_separate_ن-۱۰_صورت‌های مالی سال مالی منتهی به ۱۳۹۶_۰۶_۳۱ (حسابرسی شده).xlsx,OLE2_LEGACY_EXCEL,.xlsx,92672,7be9e5198b2ccb56f7a0ca762507d64bbc83fe9e860acec91a81e86f5a41ffce,OK,,817,PAYLOAD_SUBSTANTIVE,,غگل,1396,1396/06/31,separate,audited,original,DETECTED,Sheet1,11,85,1396/06/31,Sheet1!R8C4,مقبول,UNQUALIFIED_FAIR_FORMULA|HEADING_CELL,Sheet1!R29C12,Sheet1!R30C2,,,1396/09/30,Sheet1!R76C20,,
اکسل های صورت مالی کل زیپ ۱۳۹۲-۱۴۰۲.zip,غگل.zip,غگل.zip!غگل_۱۳۹۷_۰۶_۳۱_separate_ن-۱۰_صورت‌های مالی سال مالی منتهی به ۱۳۹۷_۰۶_۳۱ (حسابرسی شده).xlsx,غگل_۱۳۹۷_۰۶_۳۱_separate_ن-۱۰_صورت‌های مالی سال مالی منتهی به ۱۳۹۷_۰۶_۳۱ (حسابرسی شده).xlsx,HTML_MISLABELED_XLSX,.xlsx,113928,f39920c76ce047c47bf74ce7aa4c02ba07a89d87fd36ae5707ea09a8621618c3,OK,,495,PAYLOAD_SUBSTANTIVE,,غگل,1397,1397/06/31,separate,audited,original,NOT_DETECTED,,,,1397/06/31,HTML_TABLE_1!R1C2,,,,,,NO_AUDITOR_BLOCK_DETECTED,,,NO_AUDITOR_BLOCK_DETECTED,
اکسل های صورت مالی کل زیپ ۱۳۹۲-۱۴۰۲.zip,غگل.zip,غگل.zip!غگل_۱۳۹۸_۰۶_۳۱_separate_ن-۱۰_صورت‌های مالی سال مالی منتهی به ۱۳۹۸_۰۶_۳۱ (حسابرسی شده).xlsx,غگل_۱۳۹۸_۰۶_۳۱_separate_ن-۱۰_صورت‌های مالی سال مالی منتهی به ۱۳۹۸_۰۶_۳۱ (حسابرسی شده).xlsx,HTML_MISLABELED_XLSX,.xlsx,4733,a215afaae31c900d47116cd7cd7906a3ae132fd93e0d317c06f91075d8128617,OK,,1,PAYLOAD_NON_SUBSTANTIVE,ONLY_1_CELLS,غگل,1398,1398/06/31,separate,audited,original,NOT_DETECTED,,,,,,,,,,,NO_AUDITOR_BLOCK_DETECTED,,,NO_AUDITOR_BLOCK_DETECTED,
اکسل های صورت مالی کل زیپ ۱۳۹۲-۱۴۰۲.zip,غگل.zip,غگل.zip!غگل_۱۳۹۹_۰۶_۳۱_separate_ن-۱۰_صورت‌های مالی سال مالی منتهی به ۱۳۹۹_۰۶_۳۱ (حسابرسی شده).xlsx,غگل_۱۳۹۹_۰۶_۳۱_separate_ن-۱۰_صورت‌های مالی سال مالی منتهی به ۱۳۹۹_۰۶_۳۱ (حسابرسی شده).xlsx,HTML_MISLABELED_XLSX,.xlsx,374216,a52defca045d6c0b80efbb4e9883038e526b8192b249fe449d92cc0bb99b2c33,OK,,1914,PAYLOAD_SUBSTANTIVE,,غگل,1399,1399/06/31,separate,audited,original,NOT_DETECTED,,,,1399/06/31,HTML_TABLE_1!R1C2,,,,,,NO_AUDITOR_BLOCK_DETECTED,,,NO_AUDITOR_BLOCK_DETECTED,
اکسل های صورت مالی کل زیپ ۱۳۹۲-۱۴۰۲.zip,غگل.zip,غگل.zip!غگل_۱۴۰۰_۰۶_۳۱_separate_ن-۱۰_صورت‌های مالی سال مالی منتهی به ۱۴۰۰_۰۶_۳۱ (حسابرسی شده).xlsx,غگل_۱۴۰۰_۰۶_۳۱_separate_ن-۱۰_صورت‌های مالی سال مالی منتهی به ۱۴۰۰_۰۶_۳۱ (حسابرسی شده).xlsx,HTML_MISLABELED_XLSX,.xlsx,459985,923aac5273e81685b387d0c64811ea3b716fe285fb3966d9b384c80c88878b51,OK,,2341,PAYLOAD_SUBSTANTIVE,,غگل,1400,1400/06/31,separate,audited,original,NOT_DETECTED,,,,1400/06/31,HTML_TABLE_1!R1C2,,,,,,NO_AUDITOR_BLOCK_DETECTED,,,NO_AUDITOR_BLOCK_DETECTED,
اکسل های صورت مالی کل زیپ ۱۳۹۲-۱۴۰۲.zip,غگل.zip,غگل.zip!غگل_۱۴۰۱_۰۶_۳۱_separate_ن-۱۰_صورت‌های مالی سال مالی منتهی به ۱۴۰۱_۰۶_۳۱ (حسابرسی شده).xlsx,غگل_۱۴۰۱_۰۶_۳۱_separate_ن-۱۰_صورت‌های مالی سال مالی منتهی به ۱۴۰۱_۰۶_۳۱ (حسابرسی شده).xlsx,HTML_MISLABELED_XLSX,.xlsx,459022,6a85c87bbd99fd9db6d5b1827c8ff92b0edbf6309b4df01fed9e0717ce7bacce,OK,,2276,PAYLOAD_SUBSTANTIVE,,غگل,1401,1401/06/31,separate,audited,original,NOT_DETECTED,,,,1401/06/31,HTML_TABLE_1!R1C2,,,,,,NO_AUDITOR_BLOCK_DETECTED,,,NO_AUDITOR_BLOCK_DETECTED,
اکسل های صورت مالی کل زیپ ۱۳۹۲-۱۴۰۲.zip,غگل.zip,غگل.zip!غگل_۱۴۰۲_۰۶_۳۱_consolidated_ن-۱۰_صورت‌های مالی تلفیقی سال مالی منتهی به ۱۴۰۲_۰۶_۳۱ (حسابرسی شده).xlsx,غگل_۱۴۰۲_۰۶_۳۱_consolidated_ن-۱۰_صورت‌های مالی تلفیقی سال مالی منتهی به ۱۴۰۲_۰۶_۳۱ (حسابرسی شده).xlsx,HTML_MISLABELED_XLSX,.xlsx,735118,e7f485036175434aed999b601696f669f8550940511d3e6f5a0971e584b6ac45,OK,,3556,PAYLOAD_SUBSTANTIVE,,غگل,1402,1402/06/31,consolidated,audited,original,NOT_DETECTED,,,,1402/06/31,HTML_TABLE_1!R1C2,,,,,,NO_AUDITOR_BLOCK_DETECTED,,,NO_AUDITOR_BLOCK_DETECTED,
اکسل های صورت مالی کل زیپ ۱۳۹۲-۱۴۰۲.zip,غنوش.zip,غنوش.zip!غنوش_۱۳۹۱_۱۲_۳۰_separate_ن-۱۰_صورتهای مالی سال مالی منتهی به ۱۳۹۱_۱۲_۳۰ (حسابرسی شده).xlsx,غنوش_۱۳۹۱_۱۲_۳۰_separate_ن-۱۰_صورتهای مالی سال مالی منتهی به ۱۳۹۱_۱۲_۳۰ (حسابرسی شده).xlsx,OLE2_LEGACY_EXCEL,.xlsx,62464,38a831d03a16cdb39768e72df1a8aed7234fb488b62c4be5371bb43c6889219c,OK,,549,PAYLOAD_SUBSTANTIVE,,غنوش,1391,1391/12/30,separate,audited,original,DETECTED,Sheet1,9,65,1391/12/30,Sheet1!R6C4,مقبول,UNQUALIFIED_FAIR_FORMULA|HEADING_CELL,Sheet1!R28C14,Sheet1!R29C2,,,1392/03/26,Sheet1!R57C23,,نوش مازندران
اکسل های صورت مالی کل زیپ ۱۳۹۲-۱۴۰۲.zip,غنوش.zip,غنوش.zip!غنوش_۱۳۹۲_۱۲_۲۹_separate_ن-۱۰_صورتهای مالی سال مالی منتهی به ۱۳۹۲_۱۲_۲۹ (حسابرسی شده).xlsx,غنوش_۱۳۹۲_۱۲_۲۹_separate_ن-۱۰_صورتهای مالی سال مالی منتهی به ۱۳۹۲_۱۲_۲۹ (حسابرسی شده).xlsx,OLE2_LEGACY_EXCEL,.xlsx,73728,16e0c415e10a3d4b0e6f9c5a39c207e87c30aa1aee0ae2281c445f72df77154e,OK,,635,PAYLOAD_SUBSTANTIVE,,غنوش,1392,1392/12/29,separate,audited,original,DETECTED,Sheet1,9,64,1392/12/29,Sheet1!R6C4,مقبول,UNQUALIFIED_FAIR_FORMULA|HEADING_CELL,Sheet1!R29C14,Sheet1!R30C2,,,1393/03/11,Sheet1!R55C23,,
اکسل های صورت مالی کل زیپ ۱۳۹۲-۱۴۰۲.zip,غنوش.zip,غنوش.zip!غنوش_۱۳۹۳_۱۲_۲۹_separate_ن-۱۰_صورتهای مالی سال مالی منتهی به ۱۳۹۳_۱۲_۲۹ (حسابرسی شده).xlsx,غنوش_۱۳۹۳_۱۲_۲۹_separate_ن-۱۰_صورتهای مالی سال مالی منتهی به ۱۳۹۳_۱۲_۲۹ (حسابرسی شده).xlsx,OLE2_LEGACY_EXCEL,.xlsx,74240,5865b1c7017f8c3ae8e85e170ffe1c5b5b6bcff330bfa929af6e0e04e951f700,OK,,642,PAYLOAD_SUBSTANTIVE,,غنوش,1393,1393/12/29,separate,audited,original,DETECTED,Sheet1,9,67,1393/12/29,Sheet1!R6C4,مقبول,UNQUALIFIED_FAIR_FORMULA|HEADING_CELL,Sheet1!R30C14,Sheet1!R31C2,,,1394/03/25,Sheet1!R58C23,,
اکسل های صورت مالی کل زیپ ۱۳۹۲-۱۴۰۲.zip,غنوش.zip,غنوش.zip!غنوش_۱۳۹۳_۱۲_۲۹_separate_ن-۱۰_صورتهای مالی سال مالی منتهی به ۱۳۹۳_۱۲_۲۹ (حسابرسی شده)(اصلاحیه).xlsx,غنوش_۱۳۹۳_۱۲_۲۹_separate_ن-۱۰_صورتهای مالی سال مالی منتهی به ۱۳۹۳_۱۲_۲۹ (حسابرسی شده)(اصلاحیه).xlsx,OLE2_LEGACY_EXCEL,.xlsx,74240,ae59402867c32f3116067ecd6aca02bb53014fadfa1f2aa615eb491d85aad5de,OK,,642,PAYLOAD_SUBSTANTIVE,,غنوش,1393,1393/12/29,separate,audited,correction,DETECTED,Sheet1,9,68,1393/12/29,Sheet1!R6C4,مقبول,UNQUALIFIED_FAIR_FORMULA|HEADING_CELL,Sheet1!R30C14,Sheet1!R31C2,,,1394/03/25,Sheet1!R59C23,,
اکسل های صورت مالی کل زیپ ۱۳۹۲-۱۴۰۲.zip,غنوش.zip,غنوش.zip!غنوش_۱۳۹۴_۱۲_۲۹_consolidated_ن-۱۰_صورت‌های مالی تلفیقی سال مالی منتهی به ۱۳۹۴_۱۲_۲۹ (حسابرسی شده).xlsx,غنوش_۱۳۹۴_۱۲_۲۹_consolidated_ن-۱۰_صورت‌های مالی تلفیقی سال مالی منتهی به ۱۳۹۴_۱۲_۲۹ (حسابرسی شده).xlsx,OLE2_LEGACY_EXCEL,.xlsx,130048,2039e2a626d115d681e74333629db09937fd65b2b58c8fb18c6be5e6ab8639f1,OK,,1429,PAYLOAD_SUBSTANTIVE,,غنوش,1394,1394/12/29,consolidated,audited,original,DETECTED,Sheet1,9,60,1394/12/29,Sheet1!R6C4,مقبول,UNQUALIFIED_FAIR_FORMULA|HEADING_CELL,Sheet1!R29C14,Sheet1!R30C2,,,1395/02/22,Sheet1!R51C23,,
اکسل های صورت مالی کل زیپ ۱۳۹۲-۱۴۰۲.zip,غنوش.zip,غنوش.zip!غنوش_۱۳۹۵_۱۲_۳۰_consolidated_ن-۱۰_صورت‌های مالی تلفیقی سال مالی منتهی به ۱۳۹۵_۱۲_۳۰ (حسابرسی شده).xlsx,غنوش_۱۳۹۵_۱۲_۳۰_consolidated_ن-۱۰_صورت‌های مالی تلفیقی سال مالی منتهی به ۱۳۹۵_۱۲_۳۰ (حسابرسی شده).xlsx,OLE2_LEGACY_EXCEL,.xlsx,124416,250ff54892818b1357c1d4c0e80b4831f330ac5a9cf99f6f02e285a30b28fbb5,OK,,1418,PAYLOAD_SUBSTANTIVE,,غنوش,1395,1395/12/30,consolidated,audited,original,DETECTED,Sheet1,11,61,1395/12/30,Sheet1!R8C4,مقبول,UNQUALIFIED_FAIR_FORMULA|HEADING_CELL,Sheet1!R30C12,Sheet1!R31C2,,,1396/02/24,Sheet1!R52C20,,
اکسل های صورت مالی کل زیپ ۱۳۹۲-۱۴۰۲.zip,غنوش.zip,غنوش.zip!غنوش_۱۳۹۶_۱۲_۲۹_consolidated_ن-۱۰_صورت‌های مالی تلفیقی سال مالی منتهی به ۱۳۹۶_۱۲_۲۹ (حسابرسی شده).xlsx,غنوش_۱۳۹۶_۱۲_۲۹_consolidated_ن-۱۰_صورت‌های مالی تلفیقی سال مالی منتهی به ۱۳۹۶_۱۲_۲۹ (حسابرسی شده).xlsx,OLE2_LEGACY_EXCEL,.xlsx,129024,23dcc7e95af21d44c34e8f2d18eceb3d1af5bb2adaacfb3c7551c6808259562c,OK,,1416,PAYLOAD_SUBSTANTIVE,,غنوش,1396,1396/12/29,consolidated,audited,original,DETECTED,Sheet1,11,77,1396/12/29,Sheet1!R8C4,مشروط,QUALIFIED_FAIR_WITH_EXCEPTION|HEADING_CELL,Sheet1!R32C12,Sheet1!R33C2,,,1397/03/24,Sheet1!R69C20,,نوش مازندران
اکسل های صورت مالی کل زیپ ۱۳۹۲-۱۴۰۲.zip,غنوش.zip,غنوش.zip!غنوش_۱۳۹۷_۱۲_۲۹_consolidated_ن-۱۰_صورت‌های مالی تلفیقی سال مالی منتهی به ۱۳۹۷_۱۲_۲۹ (حسابرسی شده).xlsx,غنوش_۱۳۹۷_۱۲_۲۹_consolidated_ن-۱۰_صورت‌های مالی تلفیقی سال مالی منتهی به ۱۳۹۷_۱۲_۲۹ (حسابرسی شده).xlsx,HTML_MISLABELED_XLSX,.xlsx,233933,870bb21edabfd31bfcb5f1522d0473e9ed1a1e23a3a3165e6643044ab4e5e64f,OK,,1045,PAYLOAD_SUBSTANTIVE,,غنوش,1397,1397/12/29,consolidated,audited,original,NOT_DETECTED,,,,1397/12/29,HTML_TABLE_1!R1C2,,,,,,NO_AUDITOR_BLOCK_DETECTED,,,NO_AUDITOR_BLOCK_DETECTED,
اکسل های صورت مالی کل زیپ ۱۳۹۲-۱۴۰۲.zip,غنوش.zip,غنوش.zip!غنوش_۱۳۹۸_۱۲_۲۹_consolidated_ن-۱۰_صورت‌های مالی تلفیقی سال مالی منتهی به ۱۳۹۸_۱۲_۲۹ (حسابرسی شده).xlsx,غنوش_۱۳۹۸_۱۲_۲۹_consolidated_ن-۱۰_صورت‌های مالی تلفیقی سال مالی منتهی به ۱۳۹۸_۱۲_۲۹ (حسابرسی شده).xlsx,HTML_MISLABELED_XLSX,.xlsx,489253,ed25a8905231bf03048a00b666a37c91ea2cd7691be5410211a279b52c18d5c4,OK,,2285,PAYLOAD_SUBSTANTIVE,,غنوش,1398,1398/12/29,consolidated,audited,original,NOT_DETECTED,,,,1398/12/29,HTML_TABLE_1!R1C2,,,,,,NO_AUDITOR_BLOCK_DETECTED,,,NO_AUDITOR_BLOCK_DETECTED,
اکسل های صورت مالی کل زیپ ۱۳۹۲-۱۴۰۲.zip,غنوش.zip,غنوش.zip!غنوش_۱۳۹۹_۱۲_۳۰_consolidated_ن-۱۰_صورت‌های مالی تلفیقی سال مالی منتهی به ۱۳۹۹_۱۲_۳۰ (حسابرسی شده).xlsx,غنوش_۱۳۹۹_۱۲_۳۰_consolidated_ن-۱۰_صورت‌های مالی تلفیقی سال مالی منتهی به ۱۳۹۹_۱۲_۳۰ (حسابرسی شده).xlsx,HTML_MISLABELED_XLSX,.xlsx,508812,51363555549b6d0a82e2700a650d4d353694ee78100aaec5722d7c435d286697,OK,,2423,PAYLOAD_SUBSTANTIVE,,غنوش,1399,1399/12/30,consolidated,audited,original,NOT_DETECTED,,,,1399/12/30,HTML_TABLE_1!R1C2,,,,,,NO_AUDITOR_BLOCK_DETECTED,,,NO_AUDITOR_BLOCK_DETECTED,زیر مجموعه دانش بنیان چیکا نوش ثمین
اکسل های صورت مالی کل زیپ ۱۳۹۲-۱۴۰۲.zip,غنوش.zip,غنوش.zip!غنوش_۱۴۰۰_۱۲_۲۹_consolidated_ن-۱۰_صورت‌های مالی تلفیقی سال مالی منتهی به ۱۴۰۰_۱۲_۲۹ (حسابرسی شده).xlsx,غنوش_۱۴۰۰_۱۲_۲۹_consolidated_ن-۱۰_صورت‌های مالی تلفیقی سال مالی منتهی به ۱۴۰۰_۱۲_۲۹ (حسابرسی شده).xlsx,HTML_MISLABELED_XLSX,.xlsx,619441,11c107e793fe6367f34f04857328815ecef7594323be0883bb25d98f62caf286,OK,,3026,PAYLOAD_SUBSTANTIVE,,غنوش,1400,1400/12/29,consolidated,audited,original,NOT_DETECTED,,,,1400/12/29,HTML_TABLE_1!R1C2,,,,,,NO_AUDITOR_BLOCK_DETECTED,,,NO_AUDITOR_BLOCK_DETECTED,
اکسل های صورت مالی کل زیپ ۱۳۹۲-۱۴۰۲.zip,غنوش.zip,غنوش.zip!غنوش_۱۴۰۱_۱۲_۲۹_consolidated_ن-۱۰_صورت‌های مالی تلفیقی سال مالی منتهی به ۱۴۰۱_۱۲_۲۹ (حسابرسی شده).xlsx,غنوش_۱۴۰۱_۱۲_۲۹_consolidated_ن-۱۰_صورت‌های مالی تلفیقی سال مالی منتهی به ۱۴۰۱_۱۲_۲۹ (حسابرسی شده).xlsx,HTML_MISLABELED_XLSX,.xlsx,711455,e3ef683e3ab85631b78f4d7627ca0a28b1f8740c2e24ef7f1884b8700a97e8ba,OK,,3376,PAYLOAD_SUBSTANTIVE,,غنوش,1401,1401/12/29,consolidated,audited,original,NOT_DETECTED,,,,1401/12/29,HTML_TABLE_1!R1C2,,,,,,NO_AUDITOR_BLOCK_DETECTED,,,NO_AUDITOR_BLOCK_DETECTED,سرمایه گذاری نوش مازندران
اکسل های صورت مالی کل زیپ ۱۳۹۲-۱۴۰۲.zip,غنوش.zip,غنوش.zip!غنوش_۱۴۰۱_۱۲_۲۹_consolidated_ن-۱۰_صورت‌های مالی تلفیقی سال مالی منتهی به ۱۴۰۱_۱۲_۲۹ (حسابرسی شده)(اصلاحیه).xlsx,غنوش_۱۴۰۱_۱۲_۲۹_consolidated_ن-۱۰_صورت‌های مالی تلفیقی سال مالی منتهی به ۱۴۰۱_۱۲_۲۹ (حسابرسی شده)(اصلاحیه).xlsx,HTML_MISLABELED_XLSX,.xlsx,712468,28895ceaec39fcf72b49756b540591ba5bcfbb88de665c8f62a71ca555e78e03,OK,,3381,PAYLOAD_SUBSTANTIVE,,غنوش,1401,1401/12/29,consolidated,audited,correction,NOT_DETECTED,,,,1401/12/29,HTML_TABLE_1!R1C2,,,,,,NO_AUDITOR_BLOCK_DETECTED,,,NO_AUDITOR_BLOCK_DETECTED,سرمایه گذاری نوش مازندران
اکسل های صورت مالی کل زیپ ۱۳۹۲-۱۴۰۲.zip,غنوش.zip,غنوش.zip!غنوش_۱۴۰۲_۱۲_۲۹_consolidated_ن-۱۰_صورت‌های مالی تلفیقی سال مالی منتهی به ۱۴۰۲_۱۲_۲۹ (حسابرسی شده).xlsx,غنوش_۱۴۰۲_۱۲_۲۹_consolidated_ن-۱۰_صورت‌های مالی تلفیقی سال مالی منتهی به ۱۴۰۲_۱۲_۲۹ (حسابرسی شده).xlsx,HTML_MISLABELED_XLSX,.xlsx,712634,18c288ff7f1b0918d582b15bd110be85c7143f374090d53374dec408cbb24f0f,OK,,3355,PAYLOAD_SUBSTANTIVE,,غنوش,1402,1402/12/29,consolidated,audited,original,NOT_DETECTED,,,,1402/12/29,HTML_TABLE_1!R1C2,,,,,,NO_AUDITOR_BLOCK_DETECTED,,,NO_AUDITOR_BLOCK_DETECTED,زیر مجموعه دانش بنیان چیکا نوش ثمین
اکسل های صورت مالی کل زیپ ۱۳۹۲-۱۴۰۲.zip,فاذر.zip,فاذر.zip!فاذر_۱۳۹۱_۱۲_۳۰_separate_ن-۱۰_صورتهای مالی سال مالی منتهی به ۱۳۹۱_۱۲_۳۰ (حسابرسی شده).xlsx,فاذر_۱۳۹۱_۱۲_۳۰_separate_ن-۱۰_صورتهای مالی سال مالی منتهی به ۱۳۹۱_۱۲_۳۰ (حسابرسی شده).xlsx,OLE2_LEGACY_EXCEL,.xlsx,57344,7766582418ae3a5ce216b2e50e3c485b3482aa87672ef85654e2d1923ef91df1,OK,,353,PAYLOAD_SUBSTANTIVE,,فاذر,1391,1391/12/30,separate,audited,original,DETECTED,Sheet1,9,86,1391/12/30,Sheet1!R6C4,مشروط,QUALIFIED_FAIR_WITH_EXCEPTION|HEADING_CELL,Sheet1!R45C14,Sheet1!R46C2,,,1392/03/07,Sheet1!R78C23,,صنایع آذرآب
اکسل های صورت مالی کل زیپ ۱۳۹۲-۱۴۰۲.zip,فاذر.zip,فاذر.zip!فاذر_۱۳۹۲_۱۲_۲۹_separate_ن-۱۰_صورتهای مالی سال مالی منتهی به ۱۳۹۲_۱۲_۲۹ (حسابرسی شده).xlsx,فاذر_۱۳۹۲_۱۲_۲۹_separate_ن-۱۰_صورتهای مالی سال مالی منتهی به ۱۳۹۲_۱۲_۲۹ (حسابرسی شده).xlsx,OLE2_LEGACY_EXCEL,.xlsx,55296,bacf30223866cdffaca16950a350d5ce49e1e4d5627b26ffbe3efb5cdccf4ac1,OK,,319,PAYLOAD_SUBSTANTIVE,,فاذر,1392,1392/12/29,separate,audited,original,DETECTED,Sheet1,9,82,1392/12/29,Sheet1!R6C4,مشروط,QUALIFIED_FAIR_WITH_EXCEPTION|HEADING_CELL,Sheet1!R45C14,Sheet1!R46C2,,,1393/03/18,Sheet1!R73C23,,صنایع آذرآب
اکسل های صورت مالی کل زیپ ۱۳۹۲-۱۴۰۲.zip,فاذر.zip,فاذر.zip!فاذر_۱۳۹۳_۱۲_۲۹_separate_ن-۱۰_صورتهای مالی سال مالی منتهی به ۱۳۹۳_۱۲_۲۹ (حسابرسی شده).xlsx,فاذر_۱۳۹۳_۱۲_۲۹_separate_ن-۱۰_صورتهای مالی سال مالی منتهی به ۱۳۹۳_۱۲_۲۹ (حسابرسی شده).xlsx,OLE2_LEGACY_EXCEL,.xlsx,52736,c5ca74cee03939a274687c6dd4725b7cf7ccff130bd3fa3ff4c62c82ac27649e,OK,,328,PAYLOAD_SUBSTANTIVE,,فاذر,1393,1393/12/29,separate,audited,original,DETECTED,Sheet1,9,76,1393/12/29,Sheet1!R6C4,مشروط,QUALIFIED_FAIR_WITH_EXCEPTION|HEADING_CELL,Sheet1!R42C14,Sheet1!R43C2,,,1394/04/01,Sheet1!R67C23,,صنایع آذرآب
اکسل های صورت مالی کل زیپ ۱۳۹۲-۱۴۰۲.zip,فاذر.zip,فاذر.zip!فاذر_۱۳۹۴_۱۲_۲۹_consolidated_ن-۱۰_صورت‌های مالی تلفیقی سال مالی منتهی به ۱۳۹۴_۱۲_۲۹ (حسابرسی شده).xlsx,فاذر_۱۳۹۴_۱۲_۲۹_consolidated_ن-۱۰_صورت‌های مالی تلفیقی سال مالی منتهی به ۱۳۹۴_۱۲_۲۹ (حسابرسی شده).xlsx,OLE2_LEGACY_EXCEL,.xlsx,138240,2f6195d301f3f83184b78779d97660d2a6c81a3da7fd06ee74dac79826705a29,OK,,1320,PAYLOAD_SUBSTANTIVE,,فاذر,1394,1394/12/29,consolidated,audited,original,DETECTED,Sheet1,9,96,1394/12/29,Sheet1!R6C4,مشروط,QUALIFIED_FAIR_WITH_EXCEPTION|HEADING_CELL,Sheet1!R43C14,Sheet1!R44C2,,,1395/04/14,Sheet1!R88C23,,صنایع آذرآب
اکسل های صورت مالی کل زیپ ۱۳۹۲-۱۴۰۲.zip,فاذر.zip,فاذر.zip!فاذر_۱۳۹۵_۱۲_۳۰_consolidated_ن-۱۰_صورت‌های مالی تلفیقی سال مالی منتهی به ۱۳۹۵_۱۲_۳۰ (حسابرسی شده).xlsx,فاذر_۱۳۹۵_۱۲_۳۰_consolidated_ن-۱۰_صورت‌های مالی تلفیقی سال مالی منتهی به ۱۳۹۵_۱۲_۳۰ (حسابرسی شده).xlsx,OLE2_LEGACY_EXCEL,.xlsx,129536,7c4eeec6d44f39ea4cce9e400c2bc9a17a20c7315656df70cc9f48cceffabe89,OK,,1329,PAYLOAD_SUBSTANTIVE,,فاذر,1395,1395/12/30,consolidated,audited,original,DETECTED,Sheet1,11,83,1395/12/30,Sheet1!R8C4,مشروط,QUALIFIED_FAIR_WITH_EXCEPTION|HEADING_CELL,Sheet1!R38C12,Sheet1!R39C2,,,1396/04/15,Sheet1!R74C20,,صنایع آذرآب
اکسل های صورت مالی کل زیپ ۱۳۹۲-۱۴۰۲.zip,فاذر.zip,فاذر.zip!فاذر_۱۳۹۶_۱۲_۲۹_consolidated_ن-۱۰_صورت‌های مالی تلفیقی سال مالی منتهی به ۱۳۹۶_۱۲_۲۹ (حسابرسی شده).xlsx,فاذر_۱۳۹۶_۱۲_۲۹_consolidated_ن-۱۰_صورت‌های مالی تلفیقی سال مالی منتهی به ۱۳۹۶_۱۲_۲۹ (حسابرسی شده).xlsx,OLE2_LEGACY_EXCEL,.xlsx,162304,0751195b68044a5ecf9d0a9efe6912d726caa043af3be62fbbeb0711cf6f661b,OK,,1329,PAYLOAD_SUBSTANTIVE,,فاذر,1396,1396/12/29,consolidated,audited,original,DETECTED,Sheet1,11,169,1396/12/29,Sheet1!R8C4,مشروط,QUALIFIED_FAIR_WITH_EXCEPTION|HEADING_CELL,Sheet1!R95C12,Sheet1!R97C2,,,1397/04/27,Sheet1!R160C20,,صنایع آذرآب
اکسل های صورت مالی کل زیپ ۱۳۹۲-۱۴۰۲.zip,فاذر.zip,فاذر.zip!فاذر_۱۳۹۷_۱۲_۲۹_consolidated_ن-۱۰_صورت‌های مالی تلفیقی سال مالی منتهی به ۱۳۹۷_۱۲_۲۹ (حسابرسی شده).xlsx,فاذر_۱۳۹۷_۱۲_۲۹_consolidated_ن-۱۰_صورت‌های مالی تلفیقی سال مالی منتهی به ۱۳۹۷_۱۲_۲۹ (حسابرسی شده).xlsx,HTML_MISLABELED_XLSX,.xlsx,234626,511dcd00c4d1faded9652024c86e1e6834057daaab99f6f0d6619a6f70dcc844,OK,,1045,PAYLOAD_SUBSTANTIVE,,فاذر,1397,1397/12/29,consolidated,audited,original,NOT_DETECTED,,,,1397/12/29,HTML_TABLE_1!R1C2,,,,,,NO_AUDITOR_BLOCK_DETECTED,,,NO_AUDITOR_BLOCK_DETECTED,
اکسل های صورت مالی کل زیپ ۱۳۹۲-۱۴۰۲.zip,فاذر.zip,فاذر.zip!فاذر_۱۳۹۸_۱۲_۲۹_consolidated_ن-۱۰_صورت‌های مالی تلفیقی سال مالی منتهی به ۱۳۹۸_۱۲_۲۹ (حسابرسی شده).xlsx,فاذر_۱۳۹۸_۱۲_۲۹_consolidated_ن-۱۰_صورت‌های مالی تلفیقی سال مالی منتهی به ۱۳۹۸_۱۲_۲۹ (حسابرسی شده).xlsx,HTML_MISLABELED_XLSX,.xlsx,425831,e480ce88eeb1cddcb8ef659dba410526b6ef7180f928be73035cc572cfd1da15,OK,,1986,PAYLOAD_SUBSTANTIVE,,فاذر,1398,1398/12/29,consolidated,audited,original,NOT_DETECTED,,,,1398/12/29,HTML_TABLE_1!R1C2,,,,,,NO_AUDITOR_BLOCK_DETECTED,,,NO_AUDITOR_BLOCK_DETECTED,
اکسل های صورت مالی کل زیپ ۱۳۹۲-۱۴۰۲.zip,فاذر.zip,فاذر.zip!فاذر_۱۳۹۹_۱۲_۳۰_consolidated_ن-۱۰_صورت‌های مالی تلفیقی سال مالی منتهی به ۱۳۹۹_۱۲_۳۰ (حسابرسی شده).xlsx,فاذر_۱۳۹۹_۱۲_۳۰_consolidated_ن-۱۰_صورت‌های مالی تلفیقی سال مالی منتهی به ۱۳۹۹_۱۲_۳۰ (حسابرسی شده).xlsx,HTML_MISLABELED_XLSX,.xlsx,426489,f1298860ef100c0c780a70429a657c5a26212e5e80b320cf52a8d298e5fbdcc8,OK,,1991,PAYLOAD_SUBSTANTIVE,,فاذر,1399,1399/12/30,consolidated,audited,original,NOT_DETECTED,,,,1399/12/30,HTML_TABLE_1!R1C2,,,,,,NO_AUDITOR_BLOCK_DETECTED,,,NO_AUDITOR_BLOCK_DETECTED,
اکسل های صورت مالی کل زیپ ۱۳۹۲-۱۴۰۲.zip,فاذر.zip,فاذر.zip!فاذر_۱۴۰۰_۱۲_۲۹_consolidated_ن-۱۰_صورت‌های مالی تلفیقی سال مالی منتهی به ۱۴۰۰_۱۲_۲۹ (حسابرسی شده).xlsx,فاذر_۱۴۰۰_۱۲_۲۹_consolidated_ن-۱۰_صورت‌های مالی تلفیقی سال مالی منتهی به ۱۴۰۰_۱۲_۲۹ (حسابرسی شده).xlsx,HTML_MISLABELED_XLSX,.xlsx,427646,ba6030e583bb02fababf91a796cd0d59a07114d6bc5a1799ce97c18ce8c76371,OK,,2010,PAYLOAD_SUBSTANTIVE,,فاذر,1400,1400/12/29,consolidated,audited,original,NOT_DETECTED,,,,1400/12/29,HTML_TABLE_1!R1C2,,,,,,NO_AUDITOR_BLOCK_DETECTED,,,NO_AUDITOR_BLOCK_DETECTED,
اکسل های صورت مالی کل زیپ ۱۳۹۲-۱۴۰۲.zip,فاذر.zip,فاذر.zip!فاذر_۱۴۰۰_۱۲_۲۹_consolidated_ن-۱۰_صورت‌های مالی تلفیقی سال مالی منتهی به ۱۴۰۰_۱۲_۲۹ (حسابرسی شده)(اصلاحیه).xlsx,فاذر_۱۴۰۰_۱۲_۲۹_consolidated_ن-۱۰_صورت‌های مالی تلفیقی سال مالی منتهی به ۱۴۰۰_۱۲_۲۹ (حسابرسی شده)(اصلاحیه).xlsx,HTML_MISLABELED_XLSX,.xlsx,427681,8203fbceb08c991a3b2f6584a1180e0ce00d44616fd3d4a8791be627e82cafa2,OK,,2015,PAYLOAD_SUBSTANTIVE,,فاذر,1400,1400/12/29,consolidated,audited,correction,NOT_DETECTED,,,,1400/12/29,HTML_TABLE_1!R1C2,,,,,,NO_AUDITOR_BLOCK_DETECTED,,,NO_AUDITOR_BLOCK_DETECTED,
اکسل های صورت مالی کل زیپ ۱۳۹۲-۱۴۰۲.zip,فاذر.zip,فاذر.zip!فاذر_۱۴۰۱_۱۲_۲۹_consolidated_ن-۱۰_صورت‌های مالی تلفیقی سال مالی منتهی به ۱۴۰۱_۱۲_۲۹ (حسابرسی شده).xlsx,فاذر_۱۴۰۱_۱۲_۲۹_consolidated_ن-۱۰_صورت‌های مالی تلفیقی سال مالی منتهی به ۱۴۰۱_۱۲_۲۹ (حسابرسی شده).xlsx,HTML_MISLABELED_XLSX,.xlsx,442583,3de8771673b643eabb4387598f3393fe6f576b759ed1fcf98180c697391a9871,OK,,2069,PAYLOAD_SUBSTANTIVE,,فاذر,1401,1401/12/29,consolidated,audited,original,NOT_DETECTED,,,,1401/12/29,HTML_TABLE_1!R1C2,,,,,,NO_AUDITOR_BLOCK_DETECTED,,,NO_AUDITOR_BLOCK_DETECTED,
اکسل های صورت مالی کل زیپ ۱۳۹۲-۱۴۰۲.zip,فاذر.zip,فاذر.zip!فاذر_۱۴۰۱_۱۲_۲۹_consolidated_ن-۱۰_صورت‌های مالی تلفیقی سال مالی منتهی به ۱۴۰۱_۱۲_۲۹ (حسابرسی شده)(اصلاحیه).xlsx,فاذر_۱۴۰۱_۱۲_۲۹_consolidated_ن-۱۰_صورت‌های مالی تلفیقی سال مالی منتهی به ۱۴۰۱_۱۲_۲۹ (حسابرسی شده)(اصلاحیه).xlsx,HTML_MISLABELED_XLSX,.xlsx,443636,28ccac14d6123bef8c8f17848bf90a5fd99a9e25675f29e34c0d61feb820a982,OK,,2069,PAYLOAD_SUBSTANTIVE,,فاذر,1401,1401/12/29,consolidated,audited,correction,NOT_DETECTED,,,,1401/12/29,HTML_TABLE_1!R1C2,,,,,,NO_AUDITOR_BLOCK_DETECTED,,,NO_AUDITOR_BLOCK_DETECTED,
اکسل های صورت مالی کل زیپ ۱۳۹۲-۱۴۰۲.zip,فاذر.zip,فاذر.zip!فاذر_۱۴۰۲_۱۲_۲۹_consolidated_ن-۱۰_صورت‌های مالی تلفیقی سال مالی منتهی به ۱۴۰۲_۱۲_۲۹ (حسابرسی شده).xlsx,فاذر_۱۴۰۲_۱۲_۲۹_consolidated_ن-۱۰_صورت‌های مالی تلفیقی سال مالی منتهی به ۱۴۰۲_۱۲_۲۹ (حسابرسی شده).xlsx,HTML_MISLABELED_XLSX,.xlsx,511029,68c754b22ebe2ee2d394abff192882c0e8c8548c95855b77622bd792114d33c3,OK,,2284,PAYLOAD_SUBSTANTIVE,,فاذر,1402,1402/12/29,consolidated,audited,original,NOT_DETECTED,,,,1402/12/29,HTML_TABLE_1!R1C2,,,,,,NO_AUDITOR_BLOCK_DETECTED,,,NO_AUDITOR_BLOCK_DETECTED,
اکسل های صورت مالی کل زیپ ۱۳۹۲-۱۴۰۲.zip,فارس.zip,فارس.zip!فارس_۱۳۹۲_۰۳_۳۱_separate_ن-۱۰_صورتهای مالی سال مالی منتهی به ۱۳۹۲_۰۳_۳۱ (حسابرسی شده).xlsx,فارس_۱۳۹۲_۰۳_۳۱_separate_ن-۱۰_صورتهای مالی سال مالی منتهی به ۱۳۹۲_۰۳_۳۱ (حسابرسی شده).xlsx,OLE2_LEGACY_EXCEL,.xlsx,73728,06b401cedbd470acd307dfe4612d5c40f10a76beee576d4a8f00cefcd0fcd551,OK,,338,PAYLOAD_SUBSTANTIVE,,فارس,1392,1392/03/31,separate,audited,original,DETECTED,Sheet1,9,154,1392/03/31,Sheet1!R6C4,مشروط,QUALIFIED_FAIR_WITH_EXCEPTION|HEADING_CELL,Sheet1!R79C14,Sheet1!R80C2,,,1392/07/23,Sheet1!R145C23,,صنایع پتروشیمی خلیج فارس
اکسل های صورت مالی کل زیپ ۱۳۹۲-۱۴۰۲.zip,فارس.zip,فارس.zip!فارس_۱۳۹۳_۰۳_۳۱_separate_ن-۱۰_صورتهای مالی سال مالی منتهی به ۱۳۹۳_۰۳_۳۱ (حسابرسی شده).xlsx,فارس_۱۳۹۳_۰۳_۳۱_separate_ن-۱۰_صورتهای مالی سال مالی منتهی به ۱۳۹۳_۰۳_۳۱ (حسابرسی شده).xlsx,OLE2_LEGACY_EXCEL,.xlsx,94208,30c2fbe53b036d5052e0f2e7b74fcd9da8c68d8a1440ecad3fb655a6a7f78ffc,OK,,703,PAYLOAD_SUBSTANTIVE,,فارس,1393,1393/03/31,separate,audited,original,DETECTED,Sheet1,9,105,1393/03/31,Sheet1!R6C4,مشروط,QUALIFIED_FAIR_WITH_EXCEPTION|HEADING_CELL,Sheet1!R47C14,Sheet1!R48C2,,,1393/07/20,Sheet1!R96C23,,صنایع پتروشیمی خلیج فارس
اکسل های صورت مالی کل زیپ ۱۳۹۲-۱۴۰۲.zip,فارس.zip,فارس.zip!فارس_۱۳۹۴_۰۳_۳۱_separate_ن-۱۰_صورت‌های مالی سال مالی منتهی به ۱۳۹۴_۰۳_۳۱ (حسابرسی شده).xlsx,فارس_۱۳۹۴_۰۳_۳۱_separate_ن-۱۰_صورت‌های مالی سال مالی منتهی به ۱۳۹۴_۰۳_۳۱ (حسابرسی شده).xlsx,OLE2_LEGACY_EXCEL,.xlsx,99328,1ea51f7afce6da81e4fbd4b6e76f7823bc21c9cf2cf43b25601da41dca95fbf4,OK,,780,PAYLOAD_SUBSTANTIVE,,فارس,1394,1394/03/31,separate,audited,original,DETECTED,Sheet1,9,126,1394/03/31,Sheet1!R6C4,مشروط,QUALIFIED_FAIR_WITH_EXCEPTION|HEADING_CELL,Sheet1!R51C14,Sheet1!R53C2,,,1394/07/26,Sheet1!R117C23,,صنایع پتروشیمی خلیج فارس
اکسل های صورت مالی کل زیپ ۱۳۹۲-۱۴۰۲.zip,فارس.zip,فارس.zip!فارس_۱۳۹۵_۰۳_۳۱_separate_ن-۱۰_صورت‌های مالی سال مالی منتهی به ۱۳۹۵_۰۳_۳۱ (حسابرسی شده).xlsx,فارس_۱۳۹۵_۰۳_۳۱_separate_ن-۱۰_صورت‌های مالی سال مالی منتهی به ۱۳۹۵_۰۳_۳۱ (حسابرسی شده).xlsx,OLE2_LEGACY_EXCEL,.xlsx,116736,fae84c933c7a185d8999e15266f6e04af5af8dd1e2a695389db244e5ef9e3d65,OK,,1068,PAYLOAD_SUBSTANTIVE,,فارس,1395,1395/03/31,separate,audited,original,DETECTED,Sheet1,9,101,1395/03/31,Sheet1!R6C4,مشروط,QUALIFIED_FAIR_WITH_EXCEPTION|HEADING_CELL,Sheet1!R50C14,Sheet1!R52C2,,,1395/07/17,Sheet1!R92C23,,صنایع پتروشیمی خلیج فارس
اکسل های صورت مالی کل زیپ ۱۳۹۲-۱۴۰۲.zip,فارس.zip,فارس.zip!فارس_۱۳۹۶_۰۳_۳۱_separate_ن-۱۰_صورت‌های مالی سال مالی منتهی به ۱۳۹۶_۰۳_۳۱ (حسابرسی شده).xlsx,فارس_۱۳۹۶_۰۳_۳۱_separate_ن-۱۰_صورت‌های مالی سال مالی منتهی به ۱۳۹۶_۰۳_۳۱ (حسابرسی شده).xlsx,OLE2_LEGACY_EXCEL,.xlsx,110080,2e6591bf05d05fd022c28b18609fd74119f92773d9f4adc857ad4d85e3b0537a,OK,,1059,PAYLOAD_SUBSTANTIVE,,فارس,1396,1396/03/31,separate,audited,original,DETECTED,Sheet1,11,92,1396/03/31,Sheet1!R8C4,مشروط,QUALIFIED_FAIR_WITH_EXCEPTION|HEADING_CELL,Sheet1!R39C12,Sheet1!R40C2,,,1396/07/22,Sheet1!R83C20,,صنایع پتروشیمی خلیج فارس
اکسل های صورت مالی کل زیپ ۱۳۹۲-۱۴۰۲.zip,فارس.zip,فارس.zip!فارس_۱۳۹۷_۰۳_۳۱_separate_ن-۱۰_صورت‌های مالی سال مالی منتهی به ۱۳۹۷_۰۳_۳۱ (حسابرسی شده).xlsx,فارس_۱۳۹۷_۰۳_۳۱_separate_ن-۱۰_صورت‌های مالی سال مالی منتهی به ۱۳۹۷_۰۳_۳۱ (حسابرسی شده).xlsx,OLE2_LEGACY_EXCEL,.xlsx,109568,e8e9ddc32d088aeb0cf6ec830d1cfa1fd7b58c86c2efa5dc2a805e7514ce7956,OK,,1092,PAYLOAD_SUBSTANTIVE,,فارس,1397,1397/03/31,separate,audited,original,DETECTED,Sheet1,11,88,1397/03/31,Sheet1!R8C4,مشروط,QUALIFIED_FAIR_WITH_EXCEPTION|HEADING_CELL,Sheet1!R44C12,Sheet1!R45C2,,,1397/07/22,Sheet1!R79C20,,صنایع پتروشیمی خلیج فارس
اکسل های صورت مالی کل زیپ ۱۳۹۲-۱۴۰۲.zip,فارس.zip,فارس.zip!فارس_۱۳۹۸_۰۳_۳۱_separate_ن-۱۰_صورت‌های مالی سال مالی منتهی به ۱۳۹۸_۰۳_۳۱ (حسابرسی شده).xlsx,فارس_۱۳۹۸_۰۳_۳۱_separate_ن-۱۰_صورت‌های مالی سال مالی منتهی به ۱۳۹۸_۰۳_۳۱ (حسابرسی شده).xlsx,HTML_MISLABELED_XLSX,.xlsx,217454,d6332c008b80a80a813333b60ac5fec8d12822a25c425b3b24892b4fbfefbdcf,OK,,1526,PAYLOAD_SUBSTANTIVE,,فارس,1398,1398/03/31,separate,audited,original,NOT_DETECTED,,,,1398/03/31,HTML_TABLE_1!R1C2,,,,,,NO_AUDITOR_BLOCK_DETECTED,,,NO_AUDITOR_BLOCK_DETECTED,
اکسل های صورت مالی کل زیپ ۱۳۹۲-۱۴۰۲.zip,فارس.zip,فارس.zip!فارس_۱۳۹۹_۰۳_۳۱_separate_ن-۱۰_صورت‌های مالی سال مالی منتهی به ۱۳۹۹_۰۳_۳۱ (حسابرسی شده).xlsx,فارس_۱۳۹۹_۰۳_۳۱_separate_ن-۱۰_صورت‌های مالی سال مالی منتهی به ۱۳۹۹_۰۳_۳۱ (حسابرسی شده).xlsx,HTML_MISLABELED_XLSX,.xlsx,295521,786a7103ed7cce6748eb80e197574cf4def26e71dd212b66cedccdbd0f9c96c7,OK,,2053,PAYLOAD_SUBSTANTIVE,,فارس,1399,1399/03/31,separate,audited,original,NOT_DETECTED,,,,1399/03/31,HTML_TABLE_1!R1C2,,,,,,NO_AUDITOR_BLOCK_DETECTED,,,NO_AUDITOR_BLOCK_DETECTED,
اکسل های صورت مالی کل زیپ ۱۳۹۲-۱۴۰۲.zip,فارس.zip,فارس.zip!فارس_۱۳۹۹_۰۳_۳۱_separate_ن-۱۰_صورت‌های مالی سال مالی منتهی به ۱۳۹۹_۰۳_۳۱ (حسابرسی شده)(اصلاحیه).xlsx,فارس_۱۳۹۹_۰۳_۳۱_separate_ن-۱۰_صورت‌های مالی سال مالی منتهی به ۱۳۹۹_۰۳_۳۱ (حسابرسی شده)(اصلاحیه).xlsx,HTML_MISLABELED_XLSX,.xlsx,304075,2910c491672f98165d88b6102b348ca041f1a0477447a871838849f596770ba5,OK,,2053,PAYLOAD_SUBSTANTIVE,,فارس,1399,1399/03/31,separate,audited,correction,NOT_DETECTED,,,,1399/03/31,HTML_TABLE_1!R1C2,,,,,,NO_AUDITOR_BLOCK_DETECTED,,,NO_AUDITOR_BLOCK_DETECTED,
اکسل های صورت مالی کل زیپ ۱۳۹۲-۱۴۰۲.zip,فارس.zip,فارس.zip!فارس_۱۴۰۰_۰۳_۳۱_separate_ن-۱۰_صورت‌های مالی سال مالی منتهی به ۱۴۰۰_۰۳_۳۱ (حسابرسی شده).xlsx,فارس_۱۴۰۰_۰۳_۳۱_separate_ن-۱۰_صورت‌های مالی سال مالی منتهی به ۱۴۰۰_۰۳_۳۱ (حسابرسی شده).xlsx,HTML_MISLABELED_XLSX,.xlsx,375202,ad6f73e7b1193d5f640fda646bec351b292e97e8deece67f4691689e76856624,OK,,2001,PAYLOAD_SUBSTANTIVE,,فارس,1400,1400/03/31,separate,audited,original,NOT_DETECTED,,,,1400/03/31,HTML_TABLE_2!R1C3,,,,,,NO_AUDITOR_BLOCK_DETECTED,,,NO_AUDITOR_BLOCK_DETECTED,
اکسل های صورت مالی کل زیپ ۱۳۹۲-۱۴۰۲.zip,فارس.zip,فارس.zip!فارس_۱۴۰۱_۰۳_۳۱_separate_ن-۱۰_صورت‌های مالی سال مالی منتهی به ۱۴۰۱_۰۳_۳۱ (حسابرسی شده).xlsx,فارس_۱۴۰۱_۰۳_۳۱_separate_ن-۱۰_صورت‌های مالی سال مالی منتهی به ۱۴۰۱_۰۳_۳۱ (حسابرسی شده).xlsx,HTML_MISLABELED_XLSX,.xlsx,411395,25e740a944b766b46e3c41873ec6f76111f68beb26c91cd2410f5bb1866e960c,OK,,2175,PAYLOAD_SUBSTANTIVE,,فارس,1401,1401/03/31,separate,audited,original,NOT_DETECTED,,,,1401/03/31,HTML_TABLE_2!R1C3,,,,,,NO_AUDITOR_BLOCK_DETECTED,,,NO_AUDITOR_BLOCK_DETECTED,
اکسل های صورت مالی کل زیپ ۱۳۹۲-۱۴۰۲.zip,فارس.zip,فارس.zip!فارس_۱۴۰۲_۰۳_۳۱_separate_ن-۱۰_صورت‌های مالی سال مالی منتهی به ۱۴۰۲_۰۳_۳۱ (حسابرسی شده).xlsx,فارس_۱۴۰۲_۰۳_۳۱_separate_ن-۱۰_صورت‌های مالی سال مالی منتهی به ۱۴۰۲_۰۳_۳۱ (حسابرسی شده).xlsx,HTML_MISLABELED_XLSX,.xlsx,444851,2e78e0b5f13e54e5894980eca4109588763c1ddf0b2c1ce66ffbf974ab3099c8,OK,,2333,PAYLOAD_SUBSTANTIVE,,فارس,1402,1402/03/31,separate,audited,original,NOT_DETECTED,,,,1402/03/31,HTML_TABLE_2!R1C3,,,,,,NO_AUDITOR_BLOCK_DETECTED,,,NO_AUDITOR_BLOCK_DETECTED,
اکسل های صورت مالی کل زیپ ۱۳۹۲-۱۴۰۲.zip,فارس.zip,فارس.zip!فارس_۱۴۰۳_۰۳_۳۱_separate_ن-۱۰_صورت‌های مالی سال مالی منتهی به ۱۴۰۳_۰۳_۳۱ (حسابرسی شده).xlsx,فارس_۱۴۰۳_۰۳_۳۱_separate_ن-۱۰_صورت‌های مالی سال مالی منتهی به ۱۴۰۳_۰۳_۳۱ (حسابرسی شده).xlsx,HTML_MISLABELED_XLSX,.xlsx,122998,6d977e4b9dddf43fd1ad6d502b332eaa9b8bfec2a15cde8b1ce7b6534652a615,OK,,341,PAYLOAD_NON_SUBSTANTIVE,NO_AUDITOR_BLOCK_NO_STATEMENT_GRID_NO_FISCAL_YEAR_END,فارس,1403,1403/03/31,separate,audited,original,NOT_DETECTED,,,,,,,,,,,NO_AUDITOR_BLOCK_DETECTED,,,NO_AUDITOR_BLOCK_DETECTED,
اکسل های صورت مالی کل زیپ ۱۳۹۲-۱۴۰۲.zip,فايرا.zip,فايرا.zip!فايرا_۱۳۹۲_۱۲_۲۹_separate_ن-۱۰_صورتهای مالی سال مالی منتهی به ۱۳۹۲_۱۲_۲۹ (حسابرسی شده).xlsx,فايرا_۱۳۹۲_۱۲_۲۹_separate_ن-۱۰_صورتهای مالی سال مالی منتهی به ۱۳۹۲_۱۲_۲۹ (حسابرسی شده).xlsx,OLE2_LEGACY_EXCEL,.xlsx,115200,26f819cb2ddd80ff7a67bd136821832987cf934246b344f6be91944d2b5bdadf,OK,,600,PAYLOAD_SUBSTANTIVE,,فایرا,1392,1392/12/29,separate,audited,original,DETECTED,Sheet1,9,168,1392/12/29,Sheet1!R6C4,مشروط,QUALIFIED_FAIR_WITH_EXCEPTION|HEADING_CELL,Sheet1!R39C14,Sheet1!R40C2,,,1393/04/11,Sheet1!R160C23,,آلومینیوم ایران
اکسل های صورت مالی کل زیپ ۱۳۹۲-۱۴۰۲.zip,فايرا.zip,فايرا.zip!فايرا_۱۳۹۳_۱۲_۲۹_separate_ن-۱۰_صورتهای مالی سال مالی منتهی به ۱۳۹۳_۱۲_۲۹ (حسابرسی شده).xlsx,فايرا_۱۳۹۳_۱۲_۲۹_separate_ن-۱۰_صورتهای مالی سال مالی منتهی به ۱۳۹۳_۱۲_۲۹ (حسابرسی شده).xlsx,OLE2_LEGACY_EXCEL,.xlsx,95232,3b5d3677d62f86ef94c19d3f772bd6c62b7300a48f61de1a50dcceb8bb8d21ae,OK,,621,PAYLOAD_SUBSTANTIVE,,فایرا,1393,1393/12/29,separate,audited,original,DETECTED,Sheet1,9,119,1393/12/29,Sheet1!R6C4,مشروط,QUALIFIED_FAIR_WITH_EXCEPTION|HEADING_CELL,Sheet1!R36C14,Sheet1!R37C2,,,1394/04/03,Sheet1!R111C23,,آلومینیوم ایران
اکسل های صورت مالی کل زیپ ۱۳۹۲-۱۴۰۲.zip,فايرا.zip,فايرا.zip!فايرا_۱۳۹۴_۱۲_۲۹_separate_ن-۱۰_صورت‌های مالی سال مالی منتهی به ۱۳۹۴_۱۲_۲۹ (حسابرسی شده).xlsx,فايرا_۱۳۹۴_۱۲_۲۹_separate_ن-۱۰_صورت‌های مالی سال مالی منتهی به ۱۳۹۴_۱۲_۲۹ (حسابرسی شده).xlsx,OLE2_LEGACY_EXCEL,.xlsx,92160,374166d6e153ee9fc644ee1d3a7fe3f88685afc38d1d6109a40e6ec3279a0a75,OK,,666,PAYLOAD_SUBSTANTIVE,,فایرا,1394,1394/12/29,separate,audited,original,DETECTED,Sheet1,9,97,1394/12/29,Sheet1!R6C4,مشروط,QUALIFIED_FAIR_WITH_EXCEPTION|HEADING_CELL,Sheet1!R36C14,Sheet1!R37C2,,,1395/05/27,Sheet1!R89C23,,آلومینیوم ایران
اکسل های صورت مالی کل زیپ ۱۳۹۲-۱۴۰۲.zip,فايرا.zip,فايرا.zip!فايرا_۱۳۹۵_۱۲_۳۰_separate_ن-۱۰_صورت‌های مالی سال مالی منتهی به ۱۳۹۵_۱۲_۳۰ (حسابرسی شده).xlsx,فايرا_۱۳۹۵_۱۲_۳۰_separate_ن-۱۰_صورت‌های مالی سال مالی منتهی به ۱۳۹۵_۱۲_۳۰ (حسابرسی شده).xlsx,OLE2_LEGACY_EXCEL,.xlsx,95744,ca7c3649ff4465b6b189a829f4e3c0d3209b51ef60b686f1c602741d2ed3365a,OK,,668,PAYLOAD_SUBSTANTIVE,,فایرا,1395,1395/12/30,separate,audited,original,DETECTED,Sheet1,11,111,1395/12/30,Sheet1!R8C4,مشروط,QUALIFIED_FAIR_WITH_EXCEPTION|HEADING_CELL,Sheet1!R53C12,Sheet1!R54C2,,,1396/04/15,Sheet1!R102C20,,آلومینیوم ایران
اکسل های صورت مالی کل زیپ ۱۳۹۲-۱۴۰۲.zip,فايرا.zip,فايرا.zip!فايرا_۱۳۹۶_۱۲_۲۹_separate_ن-۱۰_صورت‌های مالی سال مالی منتهی به ۱۳۹۶_۱۲_۲۹ (حسابرسی شده).xlsx,فايرا_۱۳۹۶_۱۲_۲۹_separate_ن-۱۰_صورت‌های مالی سال مالی منتهی به ۱۳۹۶_۱۲_۲۹ (حسابرسی شده).xlsx,OLE2_LEGACY_EXCEL,.xlsx,90112,8f9af56cc6fe897354a4cea58079d400e89347bf264d5d23e7fa37ac37425c50,OK,,671,PAYLOAD_SUBSTANTIVE,,فایرا,1396,1396/12/29,separate,audited,original,DETECTED,Sheet1,11,94,1396/12/29,Sheet1!R8C4,مشروط,QUALIFIED_FAIR_WITH_EXCEPTION|HEADING_CELL,Sheet1!R41C12,Sheet1!R42C2,,,1397/04/21,Sheet1!R85C20,,آلومینیوم ایران
اکسل های صورت مالی کل زیپ ۱۳۹۲-۱۴۰۲.zip,فايرا.zip,فايرا.zip!فايرا_۱۳۹۷_۱۲_۲۹_separate_ن-۱۰_صورت‌های مالی سال مالی منتهی به ۱۳۹۷_۱۲_۲۹ (حسابرسی شده).xlsx,فايرا_۱۳۹۷_۱۲_۲۹_separate_ن-۱۰_صورت‌های مالی سال مالی منتهی به ۱۳۹۷_۱۲_۲۹ (حسابرسی شده).xlsx,HTML_MISLABELED_XLSX,.xlsx,114259,59ca1907c067f1702f27fb712ed1e1b48ab6b9e6cce268e17cd0975b3bbee051,OK,,495,PAYLOAD_SUBSTANTIVE,,فایرا,1397,1397/12/29,separate,audited,original,NOT_DETECTED,,,,1397/12/29,HTML_TABLE_1!R1C2,,,,,,NO_AUDITOR_BLOCK_DETECTED,,,NO_AUDITOR_BLOCK_DETECTED,
اکسل های صورت مالی کل زیپ ۱۳۹۲-۱۴۰۲.zip,فايرا.zip,فايرا.zip!فايرا_۱۳۹۸_۱۲_۲۹_separate_ن-۱۰_صورت‌های مالی سال مالی منتهی به ۱۳۹۸_۱۲_۲۹ (حسابرسی شده).xlsx,فايرا_۱۳۹۸_۱۲_۲۹_separate_ن-۱۰_صورت‌های مالی سال مالی منتهی به ۱۳۹۸_۱۲_۲۹ (حسابرسی شده).xlsx,HTML_MISLABELED_XLSX,.xlsx,321503,f79aec5ab21dccd846071bb1c06edca9820c8817e7a2fc7fac4c519329ce9148,OK,,1504,PAYLOAD_SUBSTANTIVE,,فایرا,1398,1398/12/29,separate,audited,original,NOT_DETECTED,,,,1398/12/29,HTML_TABLE_1!R1C2,,,,,,NO_AUDITOR_BLOCK_DETECTED,,,NO_AUDITOR_BLOCK_DETECTED,
اکسل های صورت مالی کل زیپ ۱۳۹۲-۱۴۰۲.zip,فايرا.zip,فايرا.zip!فايرا_۱۳۹۹_۱۲_۳۰_consolidated_ن-۱۰_صورت‌های مالی تلفیقی سال مالی منتهی به ۱۳۹۹_۱۲_۳۰ (حسابرسی شده).xlsx,فايرا_۱۳۹۹_۱۲_۳۰_consolidated_ن-۱۰_صورت‌های مالی تلفیقی سال مالی منتهی به ۱۳۹۹_۱۲_۳۰ (حسابرسی شده).xlsx,HTML_MISLABELED_XLSX,.xlsx,502971,3f127f1bbde177c8de49b38aafa4d9a026579767002d72f5061125d83df528f5,OK,,2378,PAYLOAD_SUBSTANTIVE,,فایرا,1399,1399/12/30,consolidated,audited,original,NOT_DETECTED,,,,1399/12/30,HTML_TABLE_1!R1C2,,,,,,NO_AUDITOR_BLOCK_DETECTED,,,NO_AUDITOR_BLOCK_DETECTED,
اکسل های صورت مالی کل زیپ ۱۳۹۲-۱۴۰۲.zip,فايرا.zip,فايرا.zip!فايرا_۱۴۰۰_۱۲_۲۹_consolidated_ن-۱۰_صورت‌های مالی تلفیقی سال مالی منتهی به ۱۴۰۰_۱۲_۲۹ (حسابرسی شده).xlsx,فايرا_۱۴۰۰_۱۲_۲۹_consolidated_ن-۱۰_صورت‌های مالی تلفیقی سال مالی منتهی به ۱۴۰۰_۱۲_۲۹ (حسابرسی شده).xlsx,HTML_MISLABELED_XLSX,.xlsx,594608,b0b026f24ebd4569ce58741e8b9e2121be2bc76d7a58a6b95545d854afab6fe3,OK,,2825,PAYLOAD_SUBSTANTIVE,,فایرا,1400,1400/12/29,consolidated,audited,original,NOT_DETECTED,,,,1400/12/29,HTML_TABLE_1!R1C2,,,,,,NO_AUDITOR_BLOCK_DETECTED,,,NO_AUDITOR_BLOCK_DETECTED,
اکسل های صورت مالی کل زیپ ۱۳۹۲-۱۴۰۲.zip,فايرا.zip,فايرا.zip!فايرا_۱۴۰۱_۱۲_۲۹_consolidated_ن-۱۰_صورت‌های مالی تلفیقی سال مالی منتهی به ۱۴۰۱_۱۲_۲۹ (حسابرسی شده).xlsx,فايرا_۱۴۰۱_۱۲_۲۹_consolidated_ن-۱۰_صورت‌های مالی تلفیقی سال مالی منتهی به ۱۴۰۱_۱۲_۲۹ (حسابرسی شده).xlsx,HTML_MISLABELED_XLSX,.xlsx,76437,6202c7fc2267911d2f6e89b9208e1d5f45cae4e391b85ff117fcca472dc1a591,OK,,44,PAYLOAD_SUBSTANTIVE,,فایرا,1401,1401/12/29,consolidated,audited,original,NOT_DETECTED,,,,1401/12/29,HTML_TABLE_1!R1C2,,,,,,NO_AUDITOR_BLOCK_DETECTED,,,NO_AUDITOR_BLOCK_DETECTED,
اکسل های صورت مالی کل زیپ ۱۳۹۲-۱۴۰۲.zip,فايرا.zip,فايرا.zip!فايرا_۱۴۰۱_۱۲_۲۹_consolidated_ن-۱۰_صورت‌های مالی تلفیقی سال مالی منتهی به ۱۴۰۱_۱۲_۲۹ (حسابرسی شده)(اصلاحیه).xlsx,فايرا_۱۴۰۱_۱۲_۲۹_consolidated_ن-۱۰_صورت‌های مالی تلفیقی سال مالی منتهی به ۱۴۰۱_۱۲_۲۹ (حسابرسی شده)(اصلاحیه).xlsx,HTML_MISLABELED_XLSX,.xlsx,710288,f074566fe89be407910f87e088a43a7ffee450ef9ed842c9c0736dd30f4010fb,OK,,3289,PAYLOAD_SUBSTANTIVE,,فایرا,1401,1401/12/29,consolidated,audited,correction,NOT_DETECTED,,,,1401/12/29,HTML_TABLE_1!R1C3,,,,,,NO_AUDITOR_BLOCK_DETECTED,,,NO_AUDITOR_BLOCK_DETECTED,
اکسل های صورت مالی کل زیپ ۱۳۹۲-۱۴۰۲.zip,فايرا.zip,فايرا.zip!فايرا_۱۴۰۲_۱۲_۲۹_consolidated_ن-۱۰_صورت‌های مالی تلفیقی سال مالی منتهی به ۱۴۰۲_۱۲_۲۹ (حسابرسی شده).xlsx,فايرا_۱۴۰۲_۱۲_۲۹_consolidated_ن-۱۰_صورت‌های مالی تلفیقی سال مالی منتهی به ۱۴۰۲_۱۲_۲۹ (حسابرسی شده).xlsx,HTML_MISLABELED_XLSX,.xlsx,656172,57586c4de75329cf061142e6ebdd23e747ee7d4d690ec7fb9582a1a1eeb5bf1e,OK,,3012,PAYLOAD_SUBSTANTIVE,,فایرا,1402,1402/12/29,consolidated,audited,original,NOT_DETECTED,,,,1402/12/29,HTML_TABLE_1!R1C2,,,,,,NO_AUDITOR_BLOCK_DETECTED,,,NO_AUDITOR_BLOCK_DETECTED,
اکسل های صورت مالی کل زیپ ۱۳۹۲-۱۴۰۲.zip,فباهنر.zip,فباهنر.zip!فباهنر_۱۳۹۱_۱۲_۳۰_separate_ن-۱۰_صورتهای مالی سال مالی منتهی به ۱۳۹۱_۱۲_۳۰ (حسابرسی شده).xlsx,فباهنر_۱۳۹۱_۱۲_۳۰_separate_ن-۱۰_صورتهای مالی سال مالی منتهی به ۱۳۹۱_۱۲_۳۰ (حسابرسی شده).xlsx,OLE2_LEGACY_EXCEL,.xlsx,73728,0d631152c92616e7fda696959432c8eb2c639f61f1a67159dab556a0c84ec5ed,OK,,576,PAYLOAD_SUBSTANTIVE,,فباهنر,1391,1391/12/30,separate,audited,original,DETECTED,Sheet1,9,97,1391/12/30,Sheet1!R6C4,مشروط,QUALIFIED_FAIR_WITH_EXCEPTION|HEADING_CELL,Sheet1!R40C14,Sheet1!R41C2,,,1392/04/05,Sheet1!R89C23,,صنایع مس شهید باهنر
اکسل های صورت مالی کل زیپ ۱۳۹۲-۱۴۰۲.zip,فباهنر.zip,فباهنر.zip!فباهنر_۱۳۹۲_۱۲_۲۹_separate_ن-۱۰_صورتهای مالی سال مالی منتهی به ۱۳۹۲_۱۲_۲۹ (حسابرسی شده).xlsx,فباهنر_۱۳۹۲_۱۲_۲۹_separate_ن-۱۰_صورتهای مالی سال مالی منتهی به ۱۳۹۲_۱۲_۲۹ (حسابرسی شده).xlsx,OLE2_LEGACY_EXCEL,.xlsx,84992,45c7c076fee1ab83143d3ff6a4c719b7ee64f923f6a87b8746c5fc96943c0e74,OK,,682,PAYLOAD_SUBSTANTIVE,,فباهنر,1392,1392/12/29,separate,audited,original,DETECTED,Sheet1,9,88,1392/12/29,Sheet1!R6C4,مشروط,QUALIFIED_FAIR_WITH_EXCEPTION|HEADING_CELL,Sheet1!R32C14,Sheet1!R34C2,,,1393/03/12,Sheet1!R79C23,,صنایع مس شهید باهنر
اکسل های صورت مالی کل زیپ ۱۳۹۲-۱۴۰۲.zip,فباهنر.zip,فباهنر.zip!فباهنر_۱۳۹۳_۱۲_۲۹_separate_ن-۱۰_صورتهای مالی سال مالی منتهی به ۱۳۹۳_۱۲_۲۹ (حسابرسی شده).xlsx,فباهنر_۱۳۹۳_۱۲_۲۹_separate_ن-۱۰_صورتهای مالی سال مالی منتهی به ۱۳۹۳_۱۲_۲۹ (حسابرسی شده).xlsx,OLE2_LEGACY_EXCEL,.xlsx,85504,934b99d37230636ac7e1ec28b2485eceb86ec0dd859755ba56027cfd4667bdad,OK,,677,PAYLOAD_SUBSTANTIVE,,فباهنر,1393,1393/12/29,separate,audited,original,DETECTED,Sheet1,9,86,1393/12/29,Sheet1!R6C4,مشروط,QUALIFIED_FAIR_WITH_EXCEPTION|HEADING_CELL,Sheet1!R32C14,Sheet1!R34C2,,,1394/02/19,Sheet1!R77C23,,صنایع مس شهید باهنر
اکسل های صورت مالی کل زیپ ۱۳۹۲-۱۴۰۲.zip,فباهنر.zip,فباهنر.zip!فباهنر_۱۳۹۴_۱۲_۲۹_separate_ن-۱۰_صورت‌های مالی سال مالی منتهی به ۱۳۹۴_۱۲_۲۹ (حسابرسی شده).xlsx,فباهنر_۱۳۹۴_۱۲_۲۹_separate_ن-۱۰_صورت‌های مالی سال مالی منتهی به ۱۳۹۴_۱۲_۲۹ (حسابرسی شده).xlsx,OLE2_LEGACY_EXCEL,.xlsx,87040,7f9be31341cda455e257acb2eb6e10d5cabadf3e02d9a3efb654edb3f7b98723,OK,,718,PAYLOAD_SUBSTANTIVE,,فباهنر,1394,1394/12/29,separate,audited,original,DETECTED,Sheet1,9,70,1394/12/29,Sheet1!R6C4,مقبول,UNQUALIFIED_FAIR_FORMULA|HEADING_CELL,Sheet1!R28C14,Sheet1!R29C2,,,1395/02/20,Sheet1!R61C23,,صنایع مس شهید باهنر
اکسل های صورت مالی کل زیپ ۱۳۹۲-۱۴۰۲.zip,فباهنر.zip,فباهنر.zip!فباهنر_۱۳۹۴_۱۲_۲۹_separate_ن-۱۰_صورت‌های مالی سال مالی منتهی به ۱۳۹۴_۱۲_۲۹ (حسابرسی شده)(اصلاحیه).xlsx,فباهنر_۱۳۹۴_۱۲_۲۹_separate_ن-۱۰_صورت‌های مالی سال مالی منتهی به ۱۳۹۴_۱۲_۲۹ (حسابرسی شده)(اصلاحیه).xlsx,OLE2_LEGACY_EXCEL,.xlsx,87040,b04ffa6c862c37bd4745f8cb4e81f1e61b50589ad46acecf006617452aa815cb,OK,,719,PAYLOAD_SUBSTANTIVE,,فباهنر,1394,1394/12/29,separate,audited,correction,DETECTED,Sheet1,9,71,1394/12/29,Sheet1!R6C4,مقبول,UNQUALIFIED_FAIR_FORMULA|HEADING_CELL,Sheet1!R28C14,Sheet1!R29C2,,,1395/02/20,Sheet1!R59C23,,صنایع مس شهید باهنر
اکسل های صورت مالی کل زیپ ۱۳۹۲-۱۴۰۲.zip,فباهنر.zip,فباهنر.zip!فباهنر_۱۳۹۵_۱۲_۳۰_separate_ن-۱۰_صورت‌های مالی سال مالی منتهی به ۱۳۹۵_۱۲_۳۰ (حسابرسی شده).xlsx,فباهنر_۱۳۹۵_۱۲_۳۰_separate_ن-۱۰_صورت‌های مالی سال مالی منتهی به ۱۳۹۵_۱۲_۳۰ (حسابرسی شده).xlsx,OLE2_LEGACY_EXCEL,.xlsx,87040,04f43a7a3527d7bdbf567cdd1df9df099ff3a95f64830f0680ec773a23ebbb59,OK,,708,PAYLOAD_SUBSTANTIVE,,فباهنر,1395,1395/12/30,separate,audited,original,DETECTED,Sheet1,11,82,1395/12/30,Sheet1!R8C4,مقبول,UNQUALIFIED_FAIR_FORMULA|HEADING_CELL,Sheet1!R40C12,Sheet1!R41C2,,,1396/02/20,Sheet1!R73C20,,صنایع مس شهید باهنر
اکسل های صورت مالی کل زیپ ۱۳۹۲-۱۴۰۲.zip,فباهنر.zip,فباهنر.zip!فباهنر_۱۳۹۶_۱۲_۲۹_separate_ن-۱۰_صورت‌های مالی سال مالی منتهی به ۱۳۹۶_۱۲_۲۹ (حسابرسی شده).xlsx,فباهنر_۱۳۹۶_۱۲_۲۹_separate_ن-۱۰_صورت‌های مالی سال مالی منتهی به ۱۳۹۶_۱۲_۲۹ (حسابرسی شده).xlsx,OLE2_LEGACY_EXCEL,.xlsx,81920,83d29c2118a644d05345824ab76b39eab0630649bdd713d560dccfe052216b5d,OK,,710,PAYLOAD_SUBSTANTIVE,,فباهنر,1396,1396/12/29,separate,audited,original,DETECTED,Sheet1,11,69,1396/12/29,Sheet1!R8C4,مقبول,UNQUALIFIED_FAIR_FORMULA|HEADING_CELL,Sheet1!R29C12,Sheet1!R30C2,,,1397/02/22,Sheet1!R60C20,,صنایع مس شهید باهنر
اکسل های صورت مالی کل زیپ ۱۳۹۲-۱۴۰۲.zip,فباهنر.zip,فباهنر.zip!فباهنر_۱۳۹۷_۱۲_۲۹_separate_ن-۱۰_صورت‌های مالی سال مالی منتهی به ۱۳۹۷_۱۲_۲۹ (حسابرسی شده).xlsx,فباهنر_۱۳۹۷_۱۲_۲۹_separate_ن-۱۰_صورت‌های مالی سال مالی منتهی به ۱۳۹۷_۱۲_۲۹ (حسابرسی شده).xlsx,HTML_MISLABELED_XLSX,.xlsx,113571,66c996f2b6d128c6599148fe2dad38bac45ee8f04218535bed2a44bee00efed5,OK,,495,PAYLOAD_SUBSTANTIVE,,فباهنر,1397,1397/12/29,separate,audited,original,NOT_DETECTED,,,,1397/12/29,HTML_TABLE_1!R1C2,,,,,,NO_AUDITOR_BLOCK_DETECTED,,,NO_AUDITOR_BLOCK_DETECTED,
اکسل های صورت مالی کل زیپ ۱۳۹۲-۱۴۰۲.zip,فباهنر.zip,فباهنر.zip!فباهنر_۱۳۹۸_۱۲_۲۹_separate_ن-۱۰_صورت‌های مالی سال مالی منتهی به ۱۳۹۸_۱۲_۲۹ (حسابرسی شده).xlsx,فباهنر_۱۳۹۸_۱۲_۲۹_separate_ن-۱۰_صورت‌های مالی سال مالی منتهی به ۱۳۹۸_۱۲_۲۹ (حسابرسی شده).xlsx,HTML_MISLABELED_XLSX,.xlsx,336276,3cfc5926de99be4a65aeac85deb39742f75d0103d69b3d4edd49d6e36d07080b,OK,,1654,PAYLOAD_SUBSTANTIVE,,فباهنر,1398,1398/12/29,separate,audited,original,NOT_DETECTED,,,,1398/12/29,HTML_TABLE_1!R1C2,,,,,,NO_AUDITOR_BLOCK_DETECTED,,,NO_AUDITOR_BLOCK_DETECTED,
اکسل های صورت مالی کل زیپ ۱۳۹۲-۱۴۰۲.zip,فباهنر.zip,فباهنر.zip!فباهنر_۱۳۹۹_۱۲_۳۰_separate_ن-۱۰_صورت‌های مالی سال مالی منتهی به ۱۳۹۹_۱۲_۳۰ (حسابرسی شده).xlsx,فباهنر_۱۳۹۹_۱۲_۳۰_separate_ن-۱۰_صورت‌های مالی سال مالی منتهی به ۱۳۹۹_۱۲_۳۰ (حسابرسی شده).xlsx,HTML_MISLABELED_XLSX,.xlsx,339161,1718d85005842a70cc5dda5e0ee198d24fb0d6c5914fabb8989c402b65c290e9,OK,,1656,PAYLOAD_SUBSTANTIVE,,فباهنر,1399,1399/12/30,separate,audited,original,NOT_DETECTED,,,,1399/12/30,HTML_TABLE_1!R1C2,,,,,,NO_AUDITOR_BLOCK_DETECTED,,,NO_AUDITOR_BLOCK_DETECTED,
اکسل های صورت مالی کل زیپ ۱۳۹۲-۱۴۰۲.zip,فباهنر.zip,فباهنر.zip!فباهنر_۱۴۰۰_۱۲_۲۹_separate_ن-۱۰_صورت‌های مالی سال مالی منتهی به ۱۴۰۰_۱۲_۲۹ (حسابرسی شده).xlsx,فباهنر_۱۴۰۰_۱۲_۲۹_separate_ن-۱۰_صورت‌های مالی سال مالی منتهی به ۱۴۰۰_۱۲_۲۹ (حسابرسی شده).xlsx,HTML_MISLABELED_XLSX,.xlsx,436036,cfb6baa73fd8d68d95093012c044073f90f1aeb829dfc15227866f2dd4b9419f,OK,,2179,PAYLOAD_SUBSTANTIVE,,فباهنر,1400,1400/12/29,separate,audited,original,NOT_DETECTED,,,,1400/12/29,HTML_TABLE_1!R1C2,,,,,,NO_AUDITOR_BLOCK_DETECTED,,,NO_AUDITOR_BLOCK_DETECTED,
اکسل های صورت مالی کل زیپ ۱۳۹۲-۱۴۰۲.zip,فباهنر.zip,فباهنر.zip!فباهنر_۱۴۰۱_۱۲_۲۹_separate_ن-۱۰_صورت‌های مالی سال مالی منتهی به ۱۴۰۱_۱۲_۲۹ (حسابرسی شده).xlsx,فباهنر_۱۴۰۱_۱۲_۲۹_separate_ن-۱۰_صورت‌های مالی سال مالی منتهی به ۱۴۰۱_۱۲_۲۹ (حسابرسی شده).xlsx,HTML_MISLABELED_XLSX,.xlsx,471263,7877ad793d3c4d3e27e9a189dbf12671f6febdca56e5dc6be58b0684272de301,OK,,2341,PAYLOAD_SUBSTANTIVE,,فباهنر,1401,1401/12/29,separate,audited,original,NOT_DETECTED,,,,1401/12/29,HTML_TABLE_1!R1C2,,,,,,NO_AUDITOR_BLOCK_DETECTED,,,NO_AUDITOR_BLOCK_DETECTED,
اکسل های صورت مالی کل زیپ ۱۳۹۲-۱۴۰۲.zip,فباهنر.zip,فباهنر.zip!فباهنر_۱۴۰۲_۱۲_۲۹_separate_ن-۱۰_صورت‌های مالی سال مالی منتهی به ۱۴۰۲_۱۲_۲۹ (حسابرسی شده).xlsx,فباهنر_۱۴۰۲_۱۲_۲۹_separate_ن-۱۰_صورت‌های مالی سال مالی منتهی به ۱۴۰۲_۱۲_۲۹ (حسابرسی شده).xlsx,HTML_MISLABELED_XLSX,.xlsx,479338,576800d7e4dcc5f7315bdf7318545ad3397cc8997b8f78523e8bd2d402a69bdc,OK,,2389,PAYLOAD_SUBSTANTIVE,,فباهنر,1402,1402/12/29,separate,audited,original,NOT_DETECTED,,,,1402/12/29,HTML_TABLE_1!R1C2,,,,,,NO_AUDITOR_BLOCK_DETECTED,,,NO_AUDITOR_BLOCK_DETECTED,
اکسل های صورت مالی کل زیپ ۱۳۹۲-۱۴۰۲.zip,فپنتا.zip,فپنتا.zip!فپنتا_۱۳۹۱_۱۲_۳۰_separate_ن-۱۰_صورتهای مالی سال مالی منتهی به ۱۳۹۱_۱۲_۳۰ (حسابرسی شده).xlsx,فپنتا_۱۳۹۱_۱۲_۳۰_separate_ن-۱۰_صورتهای مالی سال مالی منتهی به ۱۳۹۱_۱۲_۳۰ (حسابرسی شده).xlsx,OLE2_LEGACY_EXCEL,.xlsx,60416,7f6eb08df5909703e97ccd421b56e39b6cb86e9cf9bd8874fa06486969fb2db3,OK,,546,PAYLOAD_SUBSTANTIVE,,فپنتا,1391,1391/12/30,separate,audited,original,DETECTED,Sheet1,9,70,1391/12/30,Sheet1!R6C4,مشروط,QUALIFIED_FAIR_WITH_EXCEPTION|HEADING_CELL,Sheet1!R36C14,Sheet1!R37C2,,,1392/04/06,Sheet1!R62C23,,صنعتی و سرمایه گذاری سپنتا
اکسل های صورت مالی کل زیپ ۱۳۹۲-۱۴۰۲.zip,فپنتا.zip,فپنتا.zip!فپنتا_۱۳۹۲_۱۲_۲۹_separate_ن-۱۰_صورتهای مالی سال مالی منتهی به ۱۳۹۲_۱۲_۲۹ (حسابرسی شده).xlsx,فپنتا_۱۳۹۲_۱۲_۲۹_separate_ن-۱۰_صورتهای مالی سال مالی منتهی به ۱۳۹۲_۱۲_۲۹ (حسابرسی شده).xlsx,OLE2_LEGACY_EXCEL,.xlsx,58880,c17d6071aed81f8ee4d1a3acda7c86d2f38e4b7b1495a9c0c3eeb24964c583ba,OK,,543,PAYLOAD_SUBSTANTIVE,,فپنتا,1392,1392/12/29,separate,audited,original,DETECTED,Sheet1,9,64,1392/12/29,Sheet1!R6C4,مشروط,QUALIFIED_FAIR_WITH_EXCEPTION|HEADING_CELL,Sheet1!R32C14,Sheet1!R34C2,,,1393/04/07,Sheet1!R55C23,,صنعتی و سرمایه گذاری سپنتا
اکسل های صورت مالی کل زیپ ۱۳۹۲-۱۴۰۲.zip,فپنتا.zip,فپنتا.zip!فپنتا_۱۳۹۳_۱۲_۲۹_separate_ن-۱۰_صورتهای مالی سال مالی منتهی به ۱۳۹۳_۱۲_۲۹ (حسابرسی شده).xlsx,فپنتا_۱۳۹۳_۱۲_۲۹_separate_ن-۱۰_صورتهای مالی سال مالی منتهی به ۱۳۹۳_۱۲_۲۹ (حسابرسی شده).xlsx,OLE2_LEGACY_EXCEL,.xlsx,60928,9619ed12a3a313e87fd70a6be11a79526d341cf17c63c8c1956fcd74f2dbba51,OK,,548,PAYLOAD_SUBSTANTIVE,,فپنتا,1393,1393/12/29,separate,audited,original,DETECTED,Sheet1,9,66,1393/12/29,Sheet1!R6C4,مشروط,QUALIFIED_FAIR_WITH_EXCEPTION|HEADING_CELL,Sheet1!R36C14,Sheet1!R37C2,,,1394/04/07,Sheet1!R57C23,,صنعتی سپنتا
اکسل های صورت مالی کل زیپ ۱۳۹۲-۱۴۰۲.zip,فپنتا.zip,فپنتا.zip!فپنتا_۱۳۹۴_۱۲_۲۹_separate_ن-۱۰_صورت‌های مالی سال مالی منتهی به ۱۳۹۴_۱۲_۲۹ (حسابرسی شده).xlsx,فپنتا_۱۳۹۴_۱۲_۲۹_separate_ن-۱۰_صورت‌های مالی سال مالی منتهی به ۱۳۹۴_۱۲_۲۹ (حسابرسی شده).xlsx,OLE2_LEGACY_EXCEL,.xlsx,64512,a6207f28209a969b52ee781056fe51a64a69c23eba347efdc944606d543cfabe,OK,,553,PAYLOAD_SUBSTANTIVE,,فپنتا,1394,1394/12/29,separate,audited,original,DETECTED,Sheet1,9,74,1394/12/29,Sheet1!R6C4,مشروط,QUALIFIED_FAIR_WITH_EXCEPTION|HEADING_CELL,Sheet1!R36C14,Sheet1!R37C2,,,1395/04/02,Sheet1!R65C23,,صنعتی سپنتا
اکسل های صورت مالی کل زیپ ۱۳۹۲-۱۴۰۲.zip,فپنتا.zip,فپنتا.zip!فپنتا_۱۳۹۵_۱۲_۳۰_consolidated_ن-۱۰_صورت‌های مالی تلفیقی سال مالی منتهی به ۱۳۹۵_۱۲_۳۰ (حسابرسی شده).xlsx,فپنتا_۱۳۹۵_۱۲_۳۰_consolidated_ن-۱۰_صورت‌های مالی تلفیقی سال مالی منتهی به ۱۳۹۵_۱۲_۳۰ (حسابرسی شده).xlsx,OLE2_LEGACY_EXCEL,.xlsx,125952,db5bdc82374ce7afd1b4940010ff134f2dd878dcfc406bdd233bd8131fdc21d8,OK,,1408,PAYLOAD_SUBSTANTIVE,,فپنتا,1395,1395/12/30,consolidated,audited,original,DETECTED,Sheet1,11,65,1395/12/30,Sheet1!R8C4,مشروط,QUALIFIED_FAIR_WITH_EXCEPTION|HEADING_CELL,Sheet1!R33C12,Sheet1!R35C2,,,1396/03/28,Sheet1!R56C20,,صنعتی سپنتا
اکسل های صورت مالی کل زیپ ۱۳۹۲-۱۴۰۲.zip,فپنتا.zip,فپنتا.zip!فپنتا_۱۳۹۶_۱۲_۲۹_consolidated_ن-۱۰_صورت‌های مالی تلفیقی سال مالی منتهی به ۱۳۹۶_۱۲_۲۹ (حسابرسی شده).xlsx,فپنتا_۱۳۹۶_۱۲_۲۹_consolidated_ن-۱۰_صورت‌های مالی تلفیقی سال مالی منتهی به ۱۳۹۶_۱۲_۲۹ (حسابرسی شده).xlsx,OLE2_LEGACY_EXCEL,.xlsx,128512,ff870fc395e3d5b6da98b54f8256a171b3844765af366563b341826357c922f8,OK,,1410,PAYLOAD_SUBSTANTIVE,,فپنتا,1396,1396/12/29,consolidated,audited,original,DETECTED,Sheet1,11,72,1396/12/29,Sheet1!R8C4,مشروط,QUALIFIED_FAIR_WITH_EXCEPTION|HEADING_CELL,Sheet1!R34C12,Sheet1!R35C2,,,1397/04/02,Sheet1!R63C20,,صنعتی سپنتا
اکسل های صورت مالی کل زیپ ۱۳۹۲-۱۴۰۲.zip,فپنتا.zip,فپنتا.zip!فپنتا_۱۳۹۷_۱۲_۲۹_consolidated_ن-۱۰_صورت‌های مالی تلفیقی سال مالی منتهی به ۱۳۹۷_۱۲_۲۹ (حسابرسی شده).xlsx,فپنتا_۱۳۹۷_۱۲_۲۹_consolidated_ن-۱۰_صورت‌های مالی تلفیقی سال مالی منتهی به ۱۳۹۷_۱۲_۲۹ (حسابرسی شده).xlsx,HTML_MISLABELED_XLSX,.xlsx,233709,51b0990294128ee59382131269d76c5f050147b917a1321be99601f510ac566a,OK,,1045,PAYLOAD_SUBSTANTIVE,,فپنتا,1397,1397/12/29,consolidated,audited,original,NOT_DETECTED,,,,1397/12/29,HTML_TABLE_1!R1C2,,,,,,NO_AUDITOR_BLOCK_DETECTED,,,NO_AUDITOR_BLOCK_DETECTED,
اکسل های صورت مالی کل زیپ ۱۳۹۲-۱۴۰۲.zip,فپنتا.zip,فپنتا.zip!فپنتا_۱۳۹۸_۱۲_۲۹_consolidated_ن-۱۰_صورت‌های مالی تلفیقی سال مالی منتهی به ۱۳۹۸_۱۲_۲۹ (حسابرسی شده).xlsx,فپنتا_۱۳۹۸_۱۲_۲۹_consolidated_ن-۱۰_صورت‌های مالی تلفیقی سال مالی منتهی به ۱۳۹۸_۱۲_۲۹ (حسابرسی شده).xlsx,HTML_MISLABELED_XLSX,.xlsx,486694,2d6598b8b78edbcde1c6626265824562441c01f84e1e8b1212925c4eb84442a0,OK,,2272,PAYLOAD_SUBSTANTIVE,,فپنتا,1398,1398/12/29,consolidated,audited,original,NOT_DETECTED,,,,1398/12/29,HTML_TABLE_1!R1C2,,,,,,NO_AUDITOR_BLOCK_DETECTED,,,NO_AUDITOR_BLOCK_DETECTED,
اکسل های صورت مالی کل زیپ ۱۳۹۲-۱۴۰۲.zip,فپنتا.zip,فپنتا.zip!فپنتا_۱۳۹۸_۱۲_۲۹_consolidated_ن-۱۰_صورت‌های مالی تلفیقی سال مالی منتهی به ۱۳۹۸_۱۲_۲۹ (حسابرسی شده)(اصلاحیه).xlsx,فپنتا_۱۳۹۸_۱۲_۲۹_consolidated_ن-۱۰_صورت‌های مالی تلفیقی سال مالی منتهی به ۱۳۹۸_۱۲_۲۹ (حسابرسی شده)(اصلاحیه).xlsx,HTML_MISLABELED_XLSX,.xlsx,486726,3f1b9929179ad45c0092be8463c5c7a8ff0fa4aa6ea8728412f500d6b7f9c6b2,OK,,2273,PAYLOAD_SUBSTANTIVE,,فپنتا,1398,1398/12/29,consolidated,audited,correction,NOT_DETECTED,,,,1398/12/29,HTML_TABLE_1!R1C2,,,,,,NO_AUDITOR_BLOCK_DETECTED,,,NO_AUDITOR_BLOCK_DETECTED,
اکسل های صورت مالی کل زیپ ۱۳۹۲-۱۴۰۲.zip,فپنتا.zip,فپنتا.zip!فپنتا_۱۳۹۹_۱۲_۳۰_consolidated_ن-۱۰_صورت‌های مالی تلفیقی سال مالی منتهی به ۱۳۹۹_۱۲_۳۰ (حسابرسی شده).xlsx,فپنتا_۱۳۹۹_۱۲_۳۰_consolidated_ن-۱۰_صورت‌های مالی تلفیقی سال مالی منتهی به ۱۳۹۹_۱۲_۳۰ (حسابرسی شده).xlsx,HTML_MISLABELED_XLSX,.xlsx,489573,173ee733f13034acfb4c5bdfd2d9003b132ed70142152a743982c82f19a777d6,OK,,2298,PAYLOAD_SUBSTANTIVE,,فپنتا,1399,1399/12/30,consolidated,audited,original,NOT_DETECTED,,,,1399/12/30,HTML_TABLE_1!R1C2,,,,,,NO_AUDITOR_BLOCK_DETECTED,,,NO_AUDITOR_BLOCK_DETECTED,
اکسل های صورت مالی کل زیپ ۱۳۹۲-۱۴۰۲.zip,فپنتا.zip,فپنتا.zip!فپنتا_۱۴۰۰_۱۲_۲۹_consolidated_ن-۱۰_صورت‌های مالی تلفیقی سال مالی منتهی به ۱۴۰۰_۱۲_۲۹ (حسابرسی شده).xlsx,فپنتا_۱۴۰۰_۱۲_۲۹_consolidated_ن-۱۰_صورت‌های مالی تلفیقی سال مالی منتهی به ۱۴۰۰_۱۲_۲۹ (حسابرسی شده).xlsx,HTML_MISLABELED_XLSX,.xlsx,562285,6ebfad7a84b99fde0bf6a6275eebf4ce5c4be38dba8022d3f042fecb25f5e5e5,OK,,2647,PAYLOAD_SUBSTANTIVE,,فپنتا,1400,1400/12/29,consolidated,audited,original,NOT_DETECTED,,,,1400/12/29,HTML_TABLE_1!R1C2,,,,,,NO_AUDITOR_BLOCK_DETECTED,,,NO_AUDITOR_BLOCK_DETECTED,
اکسل های صورت مالی کل زیپ ۱۳۹۲-۱۴۰۲.zip,فپنتا.zip,فپنتا.zip!فپنتا_۱۴۰۲_۱۰_۳۰_consolidated_ن-۱۰_صورت‌های مالی تلفیقی سال مالی منتهی به ۱۴۰۲_۱۰_۳۰ (حسابرسی شده).xlsx,فپنتا_۱۴۰۲_۱۰_۳۰_consolidated_ن-۱۰_صورت‌های مالی تلفیقی سال مالی منتهی به ۱۴۰۲_۱۰_۳۰ (حسابرسی شده).xlsx,HTML_MISLABELED_XLSX,.xlsx,640481,8e0bb141d482da1caf33937fdd15c9c7114dbedfa6665915188670a4e9e4e675,OK,,2886,PAYLOAD_SUBSTANTIVE,,فپنتا,1402,1402/10/30,consolidated,audited,original,NOT_DETECTED,,,,1402/10/30,HTML_TABLE_1!R1C2,,,,,,NO_AUDITOR_BLOCK_DETECTED,,,NO_AUDITOR_BLOCK_DETECTED,
اکسل های صورت مالی کل زیپ ۱۳۹۲-۱۴۰۲.zip,فجام.zip,فجام.zip!فجام_۱۳۹۱_۱۲_۳۰_separate_ن-۱۰_صورتهای مالی سال مالی منتهی به ۱۳۹۱_۱۲_۳۰ (حسابرسی شده).xlsx,فجام_۱۳۹۱_۱۲_۳۰_separate_ن-۱۰_صورتهای مالی سال مالی منتهی به ۱۳۹۱_۱۲_۳۰ (حسابرسی شده).xlsx,OLE2_LEGACY_EXCEL,.xlsx,58880,9e288a3284d312d43ae7940039ff270806252b948c244e2c775698ab846f9737,OK,,534,PAYLOAD_SUBSTANTIVE,,فجام,1391,1391/12/30,separate,audited,original,DETECTED,Sheet1,9,58,1391/12/30,Sheet1!R6C4,مقبول,UNQUALIFIED_FAIR_FORMULA|HEADING_CELL,Sheet1!R28C14,Sheet1!R29C2,,,1392/04/02,Sheet1!R51C23,,صنعتی جام دارو
اکسل های صورت مالی کل زیپ ۱۳۹۲-۱۴۰۲.zip,فجام.zip,فجام.zip!فجام_۱۳۹۲_۱۲_۲۹_separate_ن-۱۰_صورتهای مالی سال مالی منتهی به ۱۳۹۲_۱۲_۲۹ (حسابرسی شده).xlsx,فجام_۱۳۹۲_۱۲_۲۹_separate_ن-۱۰_صورتهای مالی سال مالی منتهی به ۱۳۹۲_۱۲_۲۹ (حسابرسی شده).xlsx,OLE2_LEGACY_EXCEL,.xlsx,73216,76678d43e87273f0a445c4daf42e17b5e7c154c7586fcf354e72590f686b2c32,OK,,648,PAYLOAD_SUBSTANTIVE,,فجام,1392,1392/12/29,separate,audited,original,DETECTED,Sheet1,9,57,1392/12/29,Sheet1!R6C4,مقبول,UNQUALIFIED_FAIR_FORMULA|HEADING_CELL,Sheet1!R28C14,Sheet1!R29C2,,,1393/04/14,Sheet1!R48C23,,صنعتی جام دارو
اکسل های صورت مالی کل زیپ ۱۳۹۲-۱۴۰۲.zip,فجام.zip,فجام.zip!فجام_۱۳۹۳_۱۲_۲۹_separate_ن-۱۰_صورتهای مالی سال مالی منتهی به ۱۳۹۳_۱۲_۲۹ (حسابرسی شده).xlsx,فجام_۱۳۹۳_۱۲_۲۹_separate_ن-۱۰_صورتهای مالی سال مالی منتهی به ۱۳۹۳_۱۲_۲۹ (حسابرسی شده).xlsx,OLE2_LEGACY_EXCEL,.xlsx,74240,9285657c8304c3e376afda02298d0ec777c35148ce942f5c7e38fbaeeb8f0460,OK,,673,PAYLOAD_SUBSTANTIVE,,فجام,1393,1393/12/29,separate,audited,original,DETECTED,Sheet1,9,57,1393/12/29,Sheet1!R6C4,مقبول,UNQUALIFIED_FAIR_FORMULA|HEADING_CELL,Sheet1!R28C14,Sheet1!R29C2,,,1394/04/15,Sheet1!R49C23,,صنعتی جام دارو
اکسل های صورت مالی کل زیپ ۱۳۹۲-۱۴۰۲.zip,فجام.zip,فجام.zip!فجام_۱۳۹۴_۱۲_۲۹_separate_ن-۱۰_صورت‌های مالی سال مالی منتهی به ۱۳۹۴_۱۲_۲۹ (حسابرسی شده).xlsx,فجام_۱۳۹۴_۱۲_۲۹_separate_ن-۱۰_صورت‌های مالی سال مالی منتهی به ۱۳۹۴_۱۲_۲۹ (حسابرسی شده).xlsx,OLE2_LEGACY_EXCEL,.xlsx,83968,90f10997bdb80c22fa0cb82b6885a7df4dc036ea6d3648cbc63b00e950bbea26,OK,,718,PAYLOAD_SUBSTANTIVE,,فجام,1394,1394/12/29,separate,audited,original,DETECTED,Sheet1,9,65,1394/12/29,Sheet1!R6C4,مشروط,QUALIFIED_FAIR_WITH_EXCEPTION|HEADING_CELL,Sheet1!R35C14,Sheet1!R36C2,,,1395/04/06,Sheet1!R57C23,,صنعتی جام دارو
اکسل های صورت مالی کل زیپ ۱۳۹۲-۱۴۰۲.zip,فجام.zip,فجام.zip!فجام_۱۳۹۵_۱۲_۳۰_separate_ن-۱۰_صورت‌های مالی سال مالی منتهی به ۱۳۹۵_۱۲_۳۰ (حسابرسی شده).xlsx,فجام_۱۳۹۵_۱۲_۳۰_separate_ن-۱۰_صورت‌های مالی سال مالی منتهی به ۱۳۹۵_۱۲_۳۰ (حسابرسی شده).xlsx,OLE2_LEGACY_EXCEL,.xlsx,81920,e80982dbde1aa0f94d92d4e2420e82c9c9892e8880499d190f7c8a18ae57e554,OK,,721,PAYLOAD_SUBSTANTIVE,,فجام,1395,1395/12/30,separate,audited,original,DETECTED,Sheet1,11,67,1395/12/30,Sheet1!R8C4,مشروط,QUALIFIED_FAIR_WITH_EXCEPTION|HEADING_CELL,Sheet1!R33C12,Sheet1!R35C2,,,1396/04/01,Sheet1!R58C20,,صنعتی جام دارو
اکسل های صورت مالی کل زیپ ۱۳۹۲-۱۴۰۲.zip,فجام.zip,فجام.zip!فجام_۱۳۹۶_۱۲_۲۹_separate_ن-۱۰_صورت‌های مالی سال مالی منتهی به ۱۳۹۶_۱۲_۲۹ (حسابرسی شده).xlsx,فجام_۱۳۹۶_۱۲_۲۹_separate_ن-۱۰_صورت‌های مالی سال مالی منتهی به ۱۳۹۶_۱۲_۲۹ (حسابرسی شده).xlsx,OLE2_LEGACY_EXCEL,.xlsx,82432,feedfd15c49d9968062f6281b220c82fc081ffe5e46f606f91ed7f88cf0eee3e,OK,,711,PAYLOAD_SUBSTANTIVE,,فجام,1396,1396/12/29,separate,audited,original,DETECTED,Sheet1,11,70,1396/12/29,Sheet1!R8C4,مقبول,UNQUALIFIED_FAIR_FORMULA|HEADING_CELL,Sheet1!R29C12,Sheet1!R30C2,,,1397/04/10,Sheet1!R61C20,,صنعتی جام دارو
اکسل های صورت مالی کل زیپ ۱۳۹۲-۱۴۰۲.zip,فجام.zip,فجام.zip!فجام_۱۳۹۷_۱۲_۲۹_separate_ن-۱۰_صورت‌های مالی سال مالی منتهی به ۱۳۹۷_۱۲_۲۹ (حسابرسی شده).xlsx,فجام_۱۳۹۷_۱۲_۲۹_separate_ن-۱۰_صورت‌های مالی سال مالی منتهی به ۱۳۹۷_۱۲_۲۹ (حسابرسی شده).xlsx,HTML_MISLABELED_XLSX,.xlsx,113365,1b0e065bc14ff2ed7f44b0baf6e3baf8a5e9ae16e88ed00ea71ad58a22703eed,OK,,495,PAYLOAD_SUBSTANTIVE,,فجام,1397,1397/12/29,separate,audited,original,NOT_DETECTED,,,,1397/12/29,HTML_TABLE_1!R1C2,,,,,,NO_AUDITOR_BLOCK_DETECTED,,,NO_AUDITOR_BLOCK_DETECTED,
اکسل های صورت مالی کل زیپ ۱۳۹۲-۱۴۰۲.zip,فجام.zip,فجام.zip!فجام_۱۳۹۸_۱۲_۲۹_separate_ن-۱۰_صورت‌های مالی سال مالی منتهی به ۱۳۹۸_۱۲_۲۹ (حسابرسی شده).xlsx,فجام_۱۳۹۸_۱۲_۲۹_separate_ن-۱۰_صورت‌های مالی سال مالی منتهی به ۱۳۹۸_۱۲_۲۹ (حسابرسی شده).xlsx,HTML_MISLABELED_XLSX,.xlsx,334724,0310a98d55c8c9cd027af5d5fc5d22fe61ea43caf2517e8f9f61d6c89f3d5446,OK,,1642,PAYLOAD_SUBSTANTIVE,,فجام,1398,1398/12/29,separate,audited,original,NOT_DETECTED,,,,1398/12/29,HTML_TABLE_1!R1C2,,,,,,NO_AUDITOR_BLOCK_DETECTED,,,NO_AUDITOR_BLOCK_DETECTED,
اکسل های صورت مالی کل زیپ ۱۳۹۲-۱۴۰۲.zip,فجام.zip,فجام.zip!فجام_۱۳۹۹_۱۲_۳۰_separate_ن-۱۰_صورت‌های مالی سال مالی منتهی به ۱۳۹۹_۱۲_۳۰ (حسابرسی شده).xlsx,فجام_۱۳۹۹_۱۲_۳۰_separate_ن-۱۰_صورت‌های مالی سال مالی منتهی به ۱۳۹۹_۱۲_۳۰ (حسابرسی شده).xlsx,HTML_MISLABELED_XLSX,.xlsx,334742,8b1a29a4967938946011e06ba06838fb3b1cff8abb62a497f66d137e23960335,OK,,1640,PAYLOAD_SUBSTANTIVE,,فجام,1399,1399/12/30,separate,audited,original,NOT_DETECTED,,,,1399/12/30,HTML_TABLE_1!R1C2,,,,,,NO_AUDITOR_BLOCK_DETECTED,,,NO_AUDITOR_BLOCK_DETECTED,
اکسل های صورت مالی کل زیپ ۱۳۹۲-۱۴۰۲.zip,فجام.zip,فجام.zip!فجام_۱۴۰۰_۱۲_۲۹_separate_ن-۱۰_صورت‌های مالی سال مالی منتهی به ۱۴۰۰_۱۲_۲۹ (حسابرسی شده).xlsx,فجام_۱۴۰۰_۱۲_۲۹_separate_ن-۱۰_صورت‌های مالی سال مالی منتهی به ۱۴۰۰_۱۲_۲۹ (حسابرسی شده).xlsx,HTML_MISLABELED_XLSX,.xlsx,429727,96dcff6bddc91dbf312eff0c6de0bb2f9643a48f6b90498728ff630f6f8b2b6e,OK,,2148,PAYLOAD_SUBSTANTIVE,,فجام,1400,1400/12/29,separate,audited,original,NOT_DETECTED,,,,1400/12/29,HTML_TABLE_1!R1C2,,,,,,NO_AUDITOR_BLOCK_DETECTED,,,NO_AUDITOR_BLOCK_DETECTED,
اکسل های صورت مالی کل زیپ ۱۳۹۲-۱۴۰۲.zip,فجام.zip,فجام.zip!فجام_۱۴۰۱_۱۲_۲۹_separate_ن-۱۰_صورت‌های مالی سال مالی منتهی به ۱۴۰۱_۱۲_۲۹ (حسابرسی شده).xlsx,فجام_۱۴۰۱_۱۲_۲۹_separate_ن-۱۰_صورت‌های مالی سال مالی منتهی به ۱۴۰۱_۱۲_۲۹ (حسابرسی شده).xlsx,HTML_MISLABELED_XLSX,.xlsx,480706,8ea95bb77ae7da480bf6e59be5df501938246dc67529bda01ddfdaf3ba689745,OK,,2405,PAYLOAD_SUBSTANTIVE,,فجام,1401,1401/12/29,separate,audited,original,NOT_DETECTED,,,,1401/12/29,HTML_TABLE_1!R1C2,,,,,,NO_AUDITOR_BLOCK_DETECTED,,,NO_AUDITOR_BLOCK_DETECTED,سرمایه گذاری گروه صنعتی رازی
اکسل های صورت مالی کل زیپ ۱۳۹۲-۱۴۰۲.zip,فجام.zip,فجام.zip!فجام_۱۴۰۲_۱۲_۲۹_separate_ن-۱۰_صورت‌های مالی سال مالی منتهی به ۱۴۰۲_۱۲_۲۹ (حسابرسی شده).xlsx,فجام_۱۴۰۲_۱۲_۲۹_separate_ن-۱۰_صورت‌های مالی سال مالی منتهی به ۱۴۰۲_۱۲_۲۹ (حسابرسی شده).xlsx,HTML_MISLABELED_XLSX,.xlsx,406506,c5b1ba7e56e1b658345d4057344f737f509ef78562c978de1ac315e22b4bcce8,OK,,2021,PAYLOAD_SUBSTANTIVE,,فجام,1402,1402/12/29,separate,audited,original,NOT_DETECTED,,,,1402/12/29,HTML_TABLE_1!R22C1,,,,,,NO_AUDITOR_BLOCK_DETECTED,,,NO_AUDITOR_BLOCK_DETECTED,سرمایه گذاری گروه صنعتی رازی
اکسل های صورت مالی کل زیپ ۱۳۹۲-۱۴۰۲.zip,فجر.zip,فجر.zip!فجر_۱۳۹۱_۱۲_۳۰_separate_ن-۱۰_صورتهای مالی سال مالی منتهی به ۱۳۹۱_۱۲_۳۰ (حسابرسی شده).xlsx,فجر_۱۳۹۱_۱۲_۳۰_separate_ن-۱۰_صورتهای مالی سال مالی منتهی به ۱۳۹۱_۱۲_۳۰ (حسابرسی شده).xlsx,OLE2_LEGACY_EXCEL,.xlsx,62976,642a5a75259c75a39960a010a9d56dbd810f463dcfaec9ce6fe442503858bb38,OK,,466,PAYLOAD_SUBSTANTIVE,,فجر,1391,1391/12/30,separate,audited,original,DETECTED,Sheet1,9,82,1391/12/30,Sheet1!R6C4,مشروط,QUALIFIED_FAIR_WITH_EXCEPTION|HEADING_CELL,Sheet1!R38C14,Sheet1!R39C2,,,1392/03/01,Sheet1!R75C23,,فولاد امیرکبیر کاشان
اکسل های صورت مالی کل زیپ ۱۳۹۲-۱۴۰۲.zip,فجر.zip,فجر.zip!فجر_۱۳۹۲_۱۲_۲۹_separate_ن-۱۰_صورتهای مالی سال مالی منتهی به ۱۳۹۲_۱۲_۲۹ (حسابرسی شده).xlsx,فجر_۱۳۹۲_۱۲_۲۹_separate_ن-۱۰_صورتهای مالی سال مالی منتهی به ۱۳۹۲_۱۲_۲۹ (حسابرسی شده).xlsx,OLE2_LEGACY_EXCEL,.xlsx,74240,6aed64d2638078c244a3e42cad3c7394b6b08e5d2a532362f23c82ab4afbfa68,OK,,588,PAYLOAD_SUBSTANTIVE,,فجر,1392,1392/12/29,separate,audited,original,DETECTED,Sheet1,9,71,1392/12/29,Sheet1!R6C4,مشروط,QUALIFIED_FAIR_WITH_EXCEPTION|HEADING_CELL,Sheet1!R32C14,Sheet1!R34C2,,,1393/03/07,Sheet1!R62C23,,فولاد امیر کبیر کاشان
اکسل های صورت مالی کل زیپ ۱۳۹۲-۱۴۰۲.zip,فجر.zip,فجر.zip!فجر_۱۳۹۳_۱۲_۲۹_separate_ن-۱۰_صورتهای مالی سال مالی منتهی به ۱۳۹۳_۱۲_۲۹ (حسابرسی شده).xlsx,فجر_۱۳۹۳_۱۲_۲۹_separate_ن-۱۰_صورتهای مالی سال مالی منتهی به ۱۳۹۳_۱۲_۲۹ (حسابرسی شده).xlsx,OLE2_LEGACY_EXCEL,.xlsx,76288,d6093338110ab76f255e51174c90dc1584b423e8cc4142fb0d5c91fc7ce20fe7,OK,,615,PAYLOAD_SUBSTANTIVE,,فجر,1393,1393/12/29,separate,audited,original,DETECTED,Sheet1,9,72,1393/12/29,Sheet1!R6C4,مشروط,QUALIFIED_FAIR_WITH_EXCEPTION|HEADING_CELL,Sheet1!R37C14,Sheet1!R38C2,,,1394/03/06,Sheet1!R63C23,,فولاد امیر کبیر کاشان
اکسل های صورت مالی کل زیپ ۱۳۹۲-۱۴۰۲.zip,فجر.zip,فجر.zip!فجر_۱۳۹۴_۱۲_۲۹_separate_ن-۱۰_صورت‌های مالی سال مالی منتهی به ۱۳۹۴_۱۲_۲۹ (حسابرسی شده).xlsx,فجر_۱۳۹۴_۱۲_۲۹_separate_ن-۱۰_صورت‌های مالی سال مالی منتهی به ۱۳۹۴_۱۲_۲۹ (حسابرسی شده).xlsx,OLE2_LEGACY_EXCEL,.xlsx,83456,837055be5aedd92636e1b1cadc9fbf6e39cbdab131ce7ebcb34e3bba2a889d2d,OK,,694,PAYLOAD_SUBSTANTIVE,,فجر,1394,1394/12/29,separate,audited,original,DETECTED,Sheet1,9,65,1394/12/29,Sheet1!R6C4,مشروط,QUALIFIED_FAIR_WITH_EXCEPTION|HEADING_CELL,Sheet1!R35C14,Sheet1!R36C2,,,1395/03/08,Sheet1!R57C23,,فولاد امیر کبیر کاشان
اکسل های صورت مالی کل زیپ ۱۳۹۲-۱۴۰۲.zip,فجر.zip,فجر.zip!فجر_۱۳۹۵_۱۲_۳۰_separate_ن-۱۰_صورت‌های مالی سال مالی منتهی به ۱۳۹۵_۱۲_۳۰ (حسابرسی شده).xlsx,فجر_۱۳۹۵_۱۲_۳۰_separate_ن-۱۰_صورت‌های مالی سال مالی منتهی به ۱۳۹۵_۱۲_۳۰ (حسابرسی شده).xlsx,OLE2_LEGACY_EXCEL,.xlsx,80896,f9b01901d290125b4223efbb2c6beb45df25a149d7816fbee731c4a63d35867b,OK,,713,PAYLOAD_SUBSTANTIVE,,فجر,1395,1395/12/30,separate,audited,original,DETECTED,Sheet1,11,65,1395/12/30,Sheet1!R8C4,مشروط,QUALIFIED_FAIR_WITH_EXCEPTION|HEADING_CELL,Sheet1!R36C12,Sheet1!R37C2,,,1396/02/16,Sheet1!R56C20,,فولاد امیرکبیر کاشان
اکسل های صورت مالی کل زیپ ۱۳۹۲-۱۴۰۲.zip,فجر.zip,فجر.zip!فجر_۱۳۹۶_۱۲_۲۹_separate_ن-۱۰_صورت‌های مالی سال مالی منتهی به ۱۳۹۶_۱۲_۲۹ (حسابرسی شده).xlsx,فجر_۱۳۹۶_۱۲_۲۹_separate_ن-۱۰_صورت‌های مالی سال مالی منتهی به ۱۳۹۶_۱۲_۲۹ (حسابرسی شده).xlsx,OLE2_LEGACY_EXCEL,.xlsx,79872,8886f32b7cf71868565fd2a12dbe52f401ca9709745724c03088c79ab9a5cd5f,OK,,713,PAYLOAD_SUBSTANTIVE,,فجر,1396,1396/12/29,separate,audited,original,DETECTED,Sheet1,11,61,1396/12/29,Sheet1!R8C4,مقبول,UNQUALIFIED_FAIR_FORMULA|HEADING_CELL,Sheet1!R29C12,Sheet1!R30C2,,,1397/02/16,Sheet1!R52C20,,فولاد امیر کبیر کاشان
اکسل های صورت مالی کل زیپ ۱۳۹۲-۱۴۰۲.zip,فجر.zip,فجر.zip!فجر_۱۳۹۷_۱۲_۲۹_separate_ن-۱۰_صورت‌های مالی سال مالی منتهی به ۱۳۹۷_۱۲_۲۹ (حسابرسی شده).xlsx,فجر_۱۳۹۷_۱۲_۲۹_separate_ن-۱۰_صورت‌های مالی سال مالی منتهی به ۱۳۹۷_۱۲_۲۹ (حسابرسی شده).xlsx,HTML_MISLABELED_XLSX,.xlsx,113577,1fc9ae07da9dd93ffa578e7a735f8c5534545f85b5a8945145690e99dc68c493,OK,,495,PAYLOAD_SUBSTANTIVE,,فجر,1397,1397/12/29,separate,audited,original,NOT_DETECTED,,,,1397/12/29,HTML_TABLE_1!R1C2,,,,,,NO_AUDITOR_BLOCK_DETECTED,,,NO_AUDITOR_BLOCK_DETECTED,
اکسل های صورت مالی کل زیپ ۱۳۹۲-۱۴۰۲.zip,فجر.zip,فجر.zip!فجر_۱۳۹۸_۱۲_۲۹_separate_ن-۱۰_صورت‌های مالی سال مالی منتهی به ۱۳۹۸_۱۲_۲۹ (حسابرسی شده).xlsx,فجر_۱۳۹۸_۱۲_۲۹_separate_ن-۱۰_صورت‌های مالی سال مالی منتهی به ۱۳۹۸_۱۲_۲۹ (حسابرسی شده).xlsx,HTML_MISLABELED_XLSX,.xlsx,330664,331ec6178d952b9bc9be6bc05d4e1f691cac0db7631e7909ed79a6e00e4150f3,OK,,1587,PAYLOAD_SUBSTANTIVE,,فجر,1398,1398/12/29,separate,audited,original,NOT_DETECTED,,,,1398/12/29,HTML_TABLE_1!R1C2,,,,,,NO_AUDITOR_BLOCK_DETECTED,,,NO_AUDITOR_BLOCK_DETECTED,
اکسل های صورت مالی کل زیپ ۱۳۹۲-۱۴۰۲.zip,فجر.zip,فجر.zip!فجر_۱۳۹۹_۱۲_۳۰_separate_ن-۱۰_صورت‌های مالی سال مالی منتهی به ۱۳۹۹_۱۲_۳۰ (حسابرسی شده).xlsx,فجر_۱۳۹۹_۱۲_۳۰_separate_ن-۱۰_صورت‌های مالی سال مالی منتهی به ۱۳۹۹_۱۲_۳۰ (حسابرسی شده).xlsx,HTML_MISLABELED_XLSX,.xlsx,338331,34bed9f68bef2bd7021208eff713c0e0d67b0a0b619a0408a39f0c3edda93091,OK,,1625,PAYLOAD_SUBSTANTIVE,,فجر,1399,1399/12/30,separate,audited,original,NOT_DETECTED,,,,1399/12/30,HTML_TABLE_1!R1C2,,,,,,NO_AUDITOR_BLOCK_DETECTED,,,NO_AUDITOR_BLOCK_DETECTED,
اکسل های صورت مالی کل زیپ ۱۳۹۲-۱۴۰۲.zip,فجر.zip,فجر.zip!فجر_۱۴۰۰_۱۲_۲۹_separate_ن-۱۰_صورت‌های مالی سال مالی منتهی به ۱۴۰۰_۱۲_۲۹ (حسابرسی شده).xlsx,فجر_۱۴۰۰_۱۲_۲۹_separate_ن-۱۰_صورت‌های مالی سال مالی منتهی به ۱۴۰۰_۱۲_۲۹ (حسابرسی شده).xlsx,HTML_MISLABELED_XLSX,.xlsx,411004,983383b0f44686ddc5bbab358bb84ec83b773551c1b8f696d1c14eb7e06f9a82,OK,,1986,PAYLOAD_SUBSTANTIVE,,فجر,1400,1400/12/29,separate,audited,original,NOT_DETECTED,,,,1400/12/29,HTML_TABLE_1!R1C2,,,,,,NO_AUDITOR_BLOCK_DETECTED,,,NO_AUDITOR_BLOCK_DETECTED,
اکسل های صورت مالی کل زیپ ۱۳۹۲-۱۴۰۲.zip,فجر.zip,فجر.zip!فجر_۱۴۰۱_۱۲_۲۹_separate_ن-۱۰_صورت‌های مالی سال مالی منتهی به ۱۴۰۱_۱۲_۲۹ (حسابرسی شده).xlsx,فجر_۱۴۰۱_۱۲_۲۹_separate_ن-۱۰_صورت‌های مالی سال مالی منتهی به ۱۴۰۱_۱۲_۲۹ (حسابرسی شده).xlsx,HTML_MISLABELED_XLSX,.xlsx,607388,bf5f8dc2dd4c05adebbaf40a0b67d8583338e93e01432b7f9c5c1af5f7a2e29d,OK,,3007,PAYLOAD_SUBSTANTIVE,,فجر,1401,1401/12/29,separate,audited,original,NOT_DETECTED,,,,1401/12/29,HTML_TABLE_1!R1C2,,,,,,NO_AUDITOR_BLOCK_DETECTED,,,NO_AUDITOR_BLOCK_DETECTED,
اکسل های صورت مالی کل زیپ ۱۳۹۲-۱۴۰۲.zip,فجر.zip,فجر.zip!فجر_۱۴۰۲_۱۲_۲۹_separate_ن-۱۰_صورت‌های مالی سال مالی منتهی به ۱۴۰۲_۱۲_۲۹ (حسابرسی شده).xlsx,فجر_۱۴۰۲_۱۲_۲۹_separate_ن-۱۰_صورت‌های مالی سال مالی منتهی به ۱۴۰۲_۱۲_۲۹ (حسابرسی شده).xlsx,HTML_MISLABELED_XLSX,.xlsx,449128,6d0afa5dc69ebf8c1ef61f58e82c8507eb9e2c9e83e0cb1316d7001e07b32df0,OK,,2160,PAYLOAD_SUBSTANTIVE,,فجر,1402,1402/12/29,separate,audited,original,NOT_DETECTED,,,,1402/12/29,HTML_TABLE_1!R1C2,,,,,,NO_AUDITOR_BLOCK_DETECTED,,,NO_AUDITOR_BLOCK_DETECTED,
اکسل های صورت مالی کل زیپ ۱۳۹۲-۱۴۰۲.zip,فخوز.zip,فخوز.zip!فخوز_۱۳۸۰_۱۲_۲۹_separate_ن-۱۰_صورتهای مالی سال مالی منتهی به ۱۳۸۰_۱۲_۲۹ (حسابرسی شده).xlsx,فخوز_۱۳۸۰_۱۲_۲۹_separate_ن-۱۰_صورتهای مالی سال مالی منتهی به ۱۳۸۰_۱۲_۲۹ (حسابرسی شده).xlsx,OLE2_LEGACY_EXCEL,.xlsx,41984,aa5cbce5915fc0259ff1897e747757ea54a52bb846105ff0d0b3d76229d96e70,OK,,435,PAYLOAD_SUBSTANTIVE,,فخوز,1380,1380/12/29,separate,audited,original,DETECTED,Sheet1,9,27,1380/12/29,Sheet1!R6C4,مشروط,STRUCTURED_FIELD_نظر_حسابرس,Sheet1!R14C23,Sheet1!R13C1,,,,,DATE_ANCHOR_IN_BLOCK_BUT_NO_PARSEABLE_DATE_ADJACENT,
اکسل های صورت مالی کل زیپ ۱۳۹۲-۱۴۰۲.zip,فخوز.zip,فخوز.zip!فخوز_۱۳۸۱_۱۲_۲۹_separate_ن-۱۰_صورتهای مالی سال مالی منتهی به ۱۳۸۱_۱۲_۲۹ (حسابرسی شده).xlsx,فخوز_۱۳۸۱_۱۲_۲۹_separate_ن-۱۰_صورتهای مالی سال مالی منتهی به ۱۳۸۱_۱۲_۲۹ (حسابرسی شده).xlsx,OLE2_LEGACY_EXCEL,.xlsx,41984,af379b9ee1431265d9fdc4574e806299054b12a08454b3613535d3461ae23b7a,OK,,434,PAYLOAD_SUBSTANTIVE,,فخوز,1381,1381/12/29,separate,audited,original,DETECTED,Sheet1,9,27,1381/12/29,Sheet1!R6C4,مشروط,STRUCTURED_FIELD_نظر_حسابرس,Sheet1!R14C23,Sheet1!R13C1,,,,,DATE_ANCHOR_IN_BLOCK_BUT_NO_PARSEABLE_DATE_ADJACENT,
اکسل های صورت مالی کل زیپ ۱۳۹۲-۱۴۰۲.zip,فخوز.zip,فخوز.zip!فخوز_۱۳۹۱_۱۲_۳۰_separate_ن-۱۰_صورتهای مالی سال مالی منتهی به ۱۳۹۱_۱۲_۳۰ (حسابرسی شده).xlsx,فخوز_۱۳۹۱_۱۲_۳۰_separate_ن-۱۰_صورتهای مالی سال مالی منتهی به ۱۳۹۱_۱۲_۳۰ (حسابرسی شده).xlsx,OLE2_LEGACY_EXCEL,.xlsx,61440,6386cf35d74571108fd2e1703435d2561139cc2c2d252801fe4c45d2ef752c7f,OK,,440,PAYLOAD_SUBSTANTIVE,,فخوز,1391,1391/12/30,separate,audited,original,DETECTED,Sheet1,9,85,1391/12/30,Sheet1!R6C4,مقبول,UNQUALIFIED_FAIR_FORMULA|HEADING_CELL,Sheet1!R28C14,Sheet1!R29C2,,,1392/03/06,Sheet1!R77C23,,فولاد خوزستان
اکسل های صورت مالی کل زیپ ۱۳۹۲-۱۴۰۲.zip,فخوز.zip,فخوز.zip!فخوز_۱۳۹۲_۱۲_۲۹_separate_ن-۱۰_صورتهای مالی سال مالی منتهی به ۱۳۹۲_۱۲_۲۹ (حسابرسی شده).xlsx,فخوز_۱۳۹۲_۱۲_۲۹_separate_ن-۱۰_صورتهای مالی سال مالی منتهی به ۱۳۹۲_۱۲_۲۹ (حسابرسی شده).xlsx,OLE2_LEGACY_EXCEL,.xlsx,71680,8752da5b69a365f6d946d4bbcb051f5f28bc61f33818ec5dea1e5daa4748a2f0,OK,,583,PAYLOAD_SUBSTANTIVE,,فخوز,1392,1392/12/29,separate,audited,original,DETECTED,Sheet1,9,60,1392/12/29,Sheet1!R6C4,مقبول,UNQUALIFIED_FAIR_FORMULA|HEADING_CELL,Sheet1!R28C14,Sheet1!R29C2,,,1393/02/16,Sheet1!R51C23,,فولاد خوزستان
اکسل های صورت مالی کل زیپ ۱۳۹۲-۱۴۰۲.zip,فخوز.zip,فخوز.zip!فخوز_۱۳۹۳_۱۲_۲۹_separate_ن-۱۰_صورتهای مالی سال مالی منتهی به ۱۳۹۳_۱۲_۲۹ (حسابرسی شده).xlsx,فخوز_۱۳۹۳_۱۲_۲۹_separate_ن-۱۰_صورتهای مالی سال مالی منتهی به ۱۳۹۳_۱۲_۲۹ (حسابرسی شده).xlsx,OLE2_LEGACY_EXCEL,.xlsx,75264,0e80f07cfc6e649976e65515cd5b2e1e018a6a08743169e81892ccb4884c5968,OK,,607,PAYLOAD_SUBSTANTIVE,,فخوز,1393,1393/12/29,separate,audited,original,DETECTED,Sheet1,9,71,1393/12/29,Sheet1!R6C4,مشروط,QUALIFIED_FAIR_WITH_EXCEPTION|HEADING_CELL,Sheet1!R32C14,Sheet1!R34C2,,,1394/02/28,Sheet1!R62C23,,فولاد خوزستان
اکسل های صورت مالی کل زیپ ۱۳۹۲-۱۴۰۲.zip,فخوز.zip,فخوز.zip!فخوز_۱۳۹۴_۱۲_۲۹_consolidated_ن-۱۰_صورت‌های مالی تلفیقی سال مالی منتهی به ۱۳۹۴_۱۲_۲۹ (حسابرسی شده).xlsx,فخوز_۱۳۹۴_۱۲_۲۹_consolidated_ن-۱۰_صورت‌های مالی تلفیقی سال مالی منتهی به ۱۳۹۴_۱۲_۲۹ (حسابرسی شده).xlsx,OLE2_LEGACY_EXCEL,.xlsx,136704,7369ed95cddc2b9d4ba81480d0876f21f537d4e18a5609b5cd3b6724920abed6,OK,,1402,PAYLOAD_SUBSTANTIVE,,فخوز,1394,1394/12/29,consolidated,audited,original,DETECTED,Sheet1,9,70,1394/12/29,Sheet1!R6C4,مشروط,QUALIFIED_FAIR_WITH_EXCEPTION|HEADING_CELL,Sheet1!R38C14,Sheet1!R39C2,,,1395/04/19,Sheet1!R61C23,,فولاد خوزستان
اکسل های صورت مالی کل زیپ ۱۳۹۲-۱۴۰۲.zip,فخوز.zip,فخوز.zip!فخوز_۱۳۹۵_۱۲_۳۰_consolidated_ن-۱۰_صورت‌های مالی تلفیقی سال مالی منتهی به ۱۳۹۵_۱۲_۳۰ (حسابرسی شده).xlsx,فخوز_۱۳۹۵_۱۲_۳۰_consolidated_ن-۱۰_صورت‌های مالی تلفیقی سال مالی منتهی به ۱۳۹۵_۱۲_۳۰ (حسابرسی شده).xlsx,OLE2_LEGACY_EXCEL,.xlsx,134656,e1591f72b2570534118b0495412735954039ae8cffc0e26795f775ff3c1717fa,OK,,1406,PAYLOAD_SUBSTANTIVE,,فخوز,1395,1395/12/30,consolidated,audited,original,DETECTED,Sheet1,11,75,1395/12/30,Sheet1!R8C4,مشروط,QUALIFIED_FAIR_WITH_EXCEPTION|HEADING_CELL,Sheet1!R42C12,Sheet1!R43C2,,,1396/03/30,Sheet1!R66C20,,فولاد خوزستان
اکسل های صورت مالی کل زیپ ۱۳۹۲-۱۴۰۲.zip,فخوز.zip,فخوز.zip!فخوز_۱۳۹۶_۱۲_۲۹_consolidated_ن-۱۰_صورت‌های مالی تلفیقی سال مالی منتهی به ۱۳۹۶_۱۲_۲۹ (حسابرسی شده).xlsx,فخوز_۱۳۹۶_۱۲_۲۹_consolidated_ن-۱۰_صورت‌های مالی تلفیقی سال مالی منتهی به ۱۳۹۶_۱۲_۲۹ (حسابرسی شده).xlsx,OLE2_LEGACY_EXCEL,.xlsx,141824,e2362edcfeef3699555f0fb8a21a475ad941f836e0c7821fbede2dc5cc0f7952,OK,,1410,PAYLOAD_SUBSTANTIVE,,فخوز,1396,1396/12/29,consolidated,audited,original,DETECTED,Sheet1,11,103,1396/12/29,Sheet1!R8C4,مشروط,QUALIFIED_FAIR_WITH_EXCEPTION|HEADING_CELL,Sheet1!R44C12,Sheet1!R45C2,,,1397/03/13,Sheet1!R94C20,,فولاد خوزستان
اکسل های صورت مالی کل زیپ ۱۳۹۲-۱۴۰۲.zip,فخوز.zip,فخوز.zip!فخوز_۱۳۹۷_۱۲_۲۹_consolidated_ن-۱۰_صورت‌های مالی تلفیقی سال مالی منتهی به ۱۳۹۷_۱۲_۲۹ (حسابرسی شده).xlsx,فخوز_۱۳۹۷_۱۲_۲۹_consolidated_ن-۱۰_صورت‌های مالی تلفیقی سال مالی منتهی به ۱۳۹۷_۱۲_۲۹ (حسابرسی شده).xlsx,HTML_MISLABELED_XLSX,.xlsx,236005,ea997b2b49cf184778a1a3c928539707c49479c4858c05cab1d7ef627084952c,OK,,1045,PAYLOAD_SUBSTANTIVE,,فخوز,1397,1397/12/29,consolidated,audited,original,NOT_DETECTED,,,,1397/12/29,HTML_TABLE_1!R1C2,,,,,,NO_AUDITOR_BLOCK_DETECTED,,,NO_AUDITOR_BLOCK_DETECTED,
اکسل های صورت مالی کل زیپ ۱۳۹۲-۱۴۰۲.zip,فخوز.zip,فخوز.zip!فخوز_۱۳۹۸_۱۲_۲۹_consolidated_ن-۱۰_صورت‌های مالی تلفیقی سال مالی منتهی به ۱۳۹۸_۱۲_۲۹ (حسابرسی شده).xlsx,فخوز_۱۳۹۸_۱۲_۲۹_consolidated_ن-۱۰_صورت‌های مالی تلفیقی سال مالی منتهی به ۱۳۹۸_۱۲_۲۹ (حسابرسی شده).xlsx,HTML_MISLABELED_XLSX,.xlsx,537330,20ee6e8ed113ae056b2329c7247534debcd44600457bb164c3c40d0ea5094076,OK,,2616,PAYLOAD_SUBSTANTIVE,,فخوز,1398,1398/12/29,consolidated,audited,original,NOT_DETECTED,,,,1398/12/29,HTML_TABLE_1!R1C2,,,,,,NO_AUDITOR_BLOCK_DETECTED,,,NO_AUDITOR_BLOCK_DETECTED,
اکسل های صورت مالی کل زیپ ۱۳۹۲-۱۴۰۲.zip,فخوز.zip,فخوز.zip!فخوز_۱۳۹۹_۱۲_۳۰_consolidated_ن-۱۰_صورت‌های مالی تلفیقی سال مالی منتهی به ۱۳۹۹_۱۲_۳۰ (حسابرسی شده).xlsx,فخوز_۱۳۹۹_۱۲_۳۰_consolidated_ن-۱۰_صورت‌های مالی تلفیقی سال مالی منتهی به ۱۳۹۹_۱۲_۳۰ (حسابرسی شده).xlsx,HTML_MISLABELED_XLSX,.xlsx,537281,cd62e2df426b24f6e54480531d633533d5d0e9501e47ecf53f7c87aaa245ace6,OK,,2626,PAYLOAD_SUBSTANTIVE,,فخوز,1399,1399/12/30,consolidated,audited,original,NOT_DETECTED,,,,1399/12/30,HTML_TABLE_1!R1C2,,,,,,NO_AUDITOR_BLOCK_DETECTED,,,NO_AUDITOR_BLOCK_DETECTED,
اکسل های صورت مالی کل زیپ ۱۳۹۲-۱۴۰۲.zip,فخوز.zip,فخوز.zip!فخوز_۱۴۰۰_۱۲_۲۹_consolidated_ن-۱۰_صورت‌های مالی تلفیقی سال مالی منتهی به ۱۴۰۰_۱۲_۲۹ (حسابرسی شده).xlsx,فخوز_۱۴۰۰_۱۲_۲۹_consolidated_ن-۱۰_صورت‌های مالی تلفیقی سال مالی منتهی به ۱۴۰۰_۱۲_۲۹ (حسابرسی شده).xlsx,HTML_MISLABELED_XLSX,.xlsx,651447,95857c1685c5714ae476d934a6b6bcffe0e63a979fa5b6507770a60e4875ee00,OK,,3264,PAYLOAD_SUBSTANTIVE,,فخوز,1400,1400/12/29,consolidated,audited,original,NOT_DETECTED,,,,1400/12/29,HTML_TABLE_1!R1C2,,,,,,NO_AUDITOR_BLOCK_DETECTED,,,NO_AUDITOR_BLOCK_DETECTED,
اکسل های صورت مالی کل زیپ ۱۳۹۲-۱۴۰۲.zip,فخوز.zip,فخوز.zip!فخوز_۱۴۰۱_۱۲_۲۹_consolidated_ن-۱۰_صورت‌های مالی تلفیقی سال مالی منتهی به ۱۴۰۱_۱۲_۲۹ (حسابرسی شده).xlsx,فخوز_۱۴۰۱_۱۲_۲۹_consolidated_ن-۱۰_صورت‌های مالی تلفیقی سال مالی منتهی به ۱۴۰۱_۱۲_۲۹ (حسابرسی شده).xlsx,HTML_MISLABELED_XLSX,.xlsx,739773,d1c5889473c0da78512cab21b4098f6110aab4b2d2f4d85cf613dacccc232556,OK,,3574,PAYLOAD_SUBSTANTIVE,,فخوز,1401,1401/12/29,consolidated,audited,original,NOT_DETECTED,,,,1401/12/29,HTML_TABLE_1!R1C2,,,,,,NO_AUDITOR_BLOCK_DETECTED,,,NO_AUDITOR_BLOCK_DETECTED,
اکسل های صورت مالی کل زیپ ۱۳۹۲-۱۴۰۲.zip,فخوز.zip,فخوز.zip!فخوز_۱۴۰۲_۱۲_۲۹_consolidated_ن-۱۰_صورت‌های مالی تلفیقی سال مالی منتهی به ۱۴۰۲_۱۲_۲۹ (حسابرسی شده).xlsx,فخوز_۱۴۰۲_۱۲_۲۹_consolidated_ن-۱۰_صورت‌های مالی تلفیقی سال مالی منتهی به ۱۴۰۲_۱۲_۲۹ (حسابرسی شده).xlsx,HTML_MISLABELED_XLSX,.xlsx,747001,c26296bb76c58ad07dea29464389cf47f7500c79cc85a34bac138d20c74bca8a,OK,,3639,PAYLOAD_SUBSTANTIVE,,فخوز,1402,1402/12/29,consolidated,audited,original,NOT_DETECTED,,,,1402/12/29,HTML_TABLE_1!R1C2,,,,,,NO_AUDITOR_BLOCK_DETECTED,,,NO_AUDITOR_BLOCK_DETECTED,
اکسل های صورت مالی کل زیپ ۱۳۹۲-۱۴۰۲.zip,فرآور.zip,فرآور.zip!فرآور_۱۳۹۱_۱۲_۳۰_separate_ن-۱۰_صورتهای مالی سال مالی منتهی به ۱۳۹۱_۱۲_۳۰ (حسابرسی شده).xlsx,فرآور_۱۳۹۱_۱۲_۳۰_separate_ن-۱۰_صورتهای مالی سال مالی منتهی به ۱۳۹۱_۱۲_۳۰ (حسابرسی شده).xlsx,OLE2_LEGACY_EXCEL,.xlsx,54272,7b320f8054af465b3ef957e044ec93290856642aedd41da9ee05dda76b26771c,OK,,423,PAYLOAD_SUBSTANTIVE,,فرآور,1391,1391/12/30,separate,audited,original,DETECTED,Sheet1,9,61,1391/12/30,Sheet1!R6C4,مشروط,QUALIFIED_FAIR_WITH_EXCEPTION|HEADING_CELL,Sheet1!R32C14,Sheet1!R34C2,,,1392/01/26,Sheet1!R54C23,,فرآوری مواد معدنی ایران
اکسل های صورت مالی کل زیپ ۱۳۹۲-۱۴۰۲.zip,فرآور.zip,فرآور.zip!فرآور_۱۳۹۲_۱۲_۲۹_separate_ن-۱۰_صورتهای مالی سال مالی منتهی به ۱۳۹۲_۱۲_۲۹ (حسابرسی شده).xlsx,فرآور_۱۳۹۲_۱۲_۲۹_separate_ن-۱۰_صورتهای مالی سال مالی منتهی به ۱۳۹۲_۱۲_۲۹ (حسابرسی شده).xlsx,OLE2_LEGACY_EXCEL,.xlsx,80896,a1f8ae51b8bcca45dbb554d49ba89b1437fd117c38b05a30bd5c0135d6d152bb,OK,,550,PAYLOAD_SUBSTANTIVE,,فرآور,1392,1392/12/29,separate,audited,original,DETECTED,Sheet1,9,91,1392/12/29,Sheet1!R6C4,مقبول,UNQUALIFIED_FAIR_FORMULA|HEADING_CELL,Sheet1!R32C14,Sheet1!R34C2,,,1393/01/31,Sheet1!R83C23,,فرآوری مواد معدنی ایران
اکسل های صورت مالی کل زیپ ۱۳۹۲-۱۴۰۲.zip,فرآور.zip,فرآور.zip!فرآور_۱۳۹۳_۱۲_۲۹_separate_ن-۱۰_صورتهای مالی سال مالی منتهی به ۱۳۹۳_۱۲_۲۹ (حسابرسی شده).xlsx,فرآور_۱۳۹۳_۱۲_۲۹_separate_ن-۱۰_صورتهای مالی سال مالی منتهی به ۱۳۹۳_۱۲_۲۹ (حسابرسی شده).xlsx,OLE2_LEGACY_EXCEL,.xlsx,81408,a1a70438ee6cf3b5a24d8ed3b7dcae442fb88a0fe6a32439b06c9d622f63bb0d,OK,,580,PAYLOAD_SUBSTANTIVE,,فرآور,1393,1393/12/29,separate,audited,original,DETECTED,Sheet1,9,67,1393/12/29,Sheet1!R6C4,مقبول,UNQUALIFIED_FAIR_FORMULA|HEADING_CELL,Sheet1!R28C14,Sheet1!R29C2,,,1394/02/09,Sheet1!R59C23,,فرآوری مواد معدنی ایران
اکسل های صورت مالی کل زیپ ۱۳۹۲-۱۴۰۲.zip,فرآور.zip,فرآور.zip!فرآور_۱۳۹۴_۱۲_۲۹_separate_ن-۱۰_صورت‌های مالی سال مالی منتهی به ۱۳۹۴_۱۲_۲۹ (حسابرسی شده).xlsx,فرآور_۱۳۹۴_۱۲_۲۹_separate_ن-۱۰_صورت‌های مالی سال مالی منتهی به ۱۳۹۴_۱۲_۲۹ (حسابرسی شده).xlsx,OLE2_LEGACY_EXCEL,.xlsx,77312,2c68c065c8beb2deb1d1c20d49825c0a50b0b9e18b26f01e1bc071ddd77ff146,OK,,582,PAYLOAD_SUBSTANTIVE,,فرآور,1394,1394/12/29,separate,audited,original,DETECTED,Sheet1,9,68,1394/12/29,Sheet1!R6C4,مقبول,UNQUALIFIED_FAIR_FORMULA|HEADING_CELL,Sheet1!R28C14,Sheet1!R29C2,,,1395/02/05,Sheet1!R59C23,,فراوری مواد معدنی ایران
اکسل های صورت مالی کل زیپ ۱۳۹۲-۱۴۰۲.zip,فرآور.zip,فرآور.zip!فرآور_۱۳۹۵_۱۲_۳۰_separate_ن-۱۰_صورت‌های مالی سال مالی منتهی به ۱۳۹۵_۱۲_۳۰ (حسابرسی شده).xlsx,فرآور_۱۳۹۵_۱۲_۳۰_separate_ن-۱۰_صورت‌های مالی سال مالی منتهی به ۱۳۹۵_۱۲_۳۰ (حسابرسی شده).xlsx,OLE2_LEGACY_EXCEL,.xlsx,79360,0273ed68f095fccf4381a7ba4f04babf0daab5f1050259f4deb9429728cdc55a,OK,,623,PAYLOAD_SUBSTANTIVE,,فرآور,1395,1395/12/30,separate,audited,original,DETECTED,Sheet1,11,68,1395/12/30,Sheet1!R8C4,مقبول,UNQUALIFIED_FAIR_FORMULA|HEADING_CELL,Sheet1!R29C12,Sheet1!R30C2,,,1396/02/07,Sheet1!R59C20,,فراوری مواد معدنی ایران
اکسل های صورت مالی کل زیپ ۱۳۹۲-۱۴۰۲.zip,فرآور.zip,فرآور.zip!فرآور_۱۳۹۶_۱۲_۲۹_separate_ن-۱۰_صورت‌های مالی سال مالی منتهی به ۱۳۹۶_۱۲_۲۹ (حسابرسی شده).xlsx,فرآور_۱۳۹۶_۱۲_۲۹_separate_ن-۱۰_صورت‌های مالی سال مالی منتهی به ۱۳۹۶_۱۲_۲۹ (حسابرسی شده).xlsx,OLE2_LEGACY_EXCEL,.xlsx,78336,f62d926971d746950dafca7841b6c87f36d59a484e5aee0648482ae48c020707,OK,,638,PAYLOAD_SUBSTANTIVE,,فرآور,1396,1396/12/29,separate,audited,original,DETECTED,Sheet1,11,73,1396/12/29,Sheet1!R8C4,مقبول,UNQUALIFIED_FAIR_FORMULA|HEADING_CELL,Sheet1!R29C12,Sheet1!R30C2,,,1397/02/10,Sheet1!R64C20,,فراوری مواد معدنی ایران
اکسل های صورت مالی کل زیپ ۱۳۹۲-۱۴۰۲.zip,فرآور.zip,فرآور.zip!فرآور_۱۳۹۷_۱۲_۲۹_separate_ن-۱۰_صورت‌های مالی سال مالی منتهی به ۱۳۹۷_۱۲_۲۹ (حسابرسی شده).xlsx,فرآور_۱۳۹۷_۱۲_۲۹_separate_ن-۱۰_صورت‌های مالی سال مالی منتهی به ۱۳۹۷_۱۲_۲۹ (حسابرسی شده).xlsx,HTML_MISLABELED_XLSX,.xlsx,113207,585ba207bad45a7e7d5a0595a945601b3e705e4ed0b81ab26b66f9880d60c3eb,OK,,495,PAYLOAD_SUBSTANTIVE,,فرآور,1397,1397/12/29,separate,audited,original,NOT_DETECTED,,,,1397/12/29,HTML_TABLE_1!R1C2,,,,,,NO_AUDITOR_BLOCK_DETECTED,,,NO_AUDITOR_BLOCK_DETECTED,
اکسل های صورت مالی کل زیپ ۱۳۹۲-۱۴۰۲.zip,فرآور.zip,فرآور.zip!فرآور_۱۳۹۸_۱۲_۲۹_separate_ن-۱۰_صورت‌های مالی سال مالی منتهی به ۱۳۹۸_۱۲_۲۹ (حسابرسی شده).xlsx,فرآور_۱۳۹۸_۱۲_۲۹_separate_ن-۱۰_صورت‌های مالی سال مالی منتهی به ۱۳۹۸_۱۲_۲۹ (حسابرسی شده).xlsx,HTML_MISLABELED_XLSX,.xlsx,305757,d631ab9ca6e84a67a0bd56361b5fe9918cb81686825bd7d7f167eb8b917cf366,OK,,1437,PAYLOAD_SUBSTANTIVE,,فرآور,1398,1398/12/29,separate,audited,original,NOT_DETECTED,,,,1398/12/29,HTML_TABLE_1!R1C2,,,,,,NO_AUDITOR_BLOCK_DETECTED,,,NO_AUDITOR_BLOCK_DETECTED,
اکسل های صورت مالی کل زیپ ۱۳۹۲-۱۴۰۲.zip,فرآور.zip,فرآور.zip!فرآور_۱۳۹۹_۱۲_۳۰_separate_ن-۱۰_صورت‌های مالی سال مالی منتهی به ۱۳۹۹_۱۲_۳۰ (حسابرسی شده).xlsx,فرآور_۱۳۹۹_۱۲_۳۰_separate_ن-۱۰_صورت‌های مالی سال مالی منتهی به ۱۳۹۹_۱۲_۳۰ (حسابرسی شده).xlsx,HTML_MISLABELED_XLSX,.xlsx,308141,7513b77c50115983295943c0790d9ac21c8f327ba5651328321e70e46220cb33,OK,,1450,PAYLOAD_SUBSTANTIVE,,فرآور,1399,1399/12/30,separate,audited,original,NOT_DETECTED,,,,1399/12/30,HTML_TABLE_1!R1C2,,,,,,NO_AUDITOR_BLOCK_DETECTED,,,NO_AUDITOR_BLOCK_DETECTED,
اکسل های صورت مالی کل زیپ ۱۳۹۲-۱۴۰۲.zip,فرآور.zip,فرآور.zip!فرآور_۱۴۰۰_۱۲_۲۹_separate_ن-۱۰_صورت‌های مالی سال مالی منتهی به ۱۴۰۰_۱۲_۲۹ (حسابرسی شده).xlsx,فرآور_۱۴۰۰_۱۲_۲۹_separate_ن-۱۰_صورت‌های مالی سال مالی منتهی به ۱۴۰۰_۱۲_۲۹ (حسابرسی شده).xlsx,HTML_MISLABELED_XLSX,.xlsx,445425,d4d3e1f1dfb08e8013ef7bcf4f0d7538d48c4ea63cb19a10af9aff2a4cde928f,OK,,2186,PAYLOAD_SUBSTANTIVE,,فرآور,1400,1400/12/29,separate,audited,original,NOT_DETECTED,,,,1400/12/29,HTML_TABLE_1!R1C3,,,,,,NO_AUDITOR_BLOCK_DETECTED,,,NO_AUDITOR_BLOCK_DETECTED,
اکسل های صورت مالی کل زیپ ۱۳۹۲-۱۴۰۲.zip,فرآور.zip,فرآور.zip!فرآور_۱۴۰۱_۱۲_۲۹_separate_ن-۱۰_صورت‌های مالی سال مالی منتهی به ۱۴۰۱_۱۲_۲۹ (حسابرسی شده).xlsx,فرآور_۱۴۰۱_۱۲_۲۹_separate_ن-۱۰_صورت‌های مالی سال مالی منتهی به ۱۴۰۱_۱۲_۲۹ (حسابرسی شده).xlsx,HTML_MISLABELED_XLSX,.xlsx,427020,eee8ac56f7642d2b9255ae1da2fb2e8a1a2f27ca4c88b71f2948832015a3249c,OK,,2053,PAYLOAD_SUBSTANTIVE,,فرآور,1401,1401/12/29,separate,audited,original,NOT_DETECTED,,,,1401/12/29,HTML_TABLE_1!R1C2,,,,,,NO_AUDITOR_BLOCK_DETECTED,,,NO_AUDITOR_BLOCK_DETECTED,
اکسل های صورت مالی کل زیپ ۱۳۹۲-۱۴۰۲.zip,فرآور.zip,فرآور.zip!فرآور_۱۴۰۱_۱۲_۲۹_separate_ن-۱۰_صورت‌های مالی سال مالی منتهی به ۱۴۰۱_۱۲_۲۹ (حسابرسی شده)(اصلاحیه).xlsx,فرآور_۱۴۰۱_۱۲_۲۹_separate_ن-۱۰_صورت‌های مالی سال مالی منتهی به ۱۴۰۱_۱۲_۲۹ (حسابرسی شده)(اصلاحیه).xlsx,HTML_MISLABELED_XLSX,.xlsx,427588,8d3f3be64c7fdec096ec5b892938a3b2890d87095107a0fe8e2812440f704a95,OK,,2053,PAYLOAD_SUBSTANTIVE,,فرآور,1401,1401/12/29,separate,audited,correction,NOT_DETECTED,,,,1401/12/29,HTML_TABLE_1!R1C2,,,,,,NO_AUDITOR_BLOCK_DETECTED,,,NO_AUDITOR_BLOCK_DETECTED,
اکسل های صورت مالی کل زیپ ۱۳۹۲-۱۴۰۲.zip,فرآور.zip,فرآور.zip!فرآور_۱۴۰۲_۱۲_۲۹_separate_ن-۱۰_صورت‌های مالی سال مالی منتهی به ۱۴۰۲_۱۲_۲۹ (حسابرسی شده).xlsx,فرآور_۱۴۰۲_۱۲_۲۹_separate_ن-۱۰_صورت‌های مالی سال مالی منتهی به ۱۴۰۲_۱۲_۲۹ (حسابرسی شده).xlsx,HTML_MISLABELED_XLSX,.xlsx,424786,cf1f0b8822ed7f38805dc13a30169b1bc03cd211fc18aaf0fc29222051580a76,OK,,2050,PAYLOAD_SUBSTANTIVE,,فرآور,1402,1402/12/29,separate,audited,original,NOT_DETECTED,,,,1402/12/29,HTML_TABLE_1!R1C2,,,,,,NO_AUDITOR_BLOCK_DETECTED,,,NO_AUDITOR_BLOCK_DETECTED,
اکسل های صورت مالی کل زیپ ۱۳۹۲-۱۴۰۲.zip,فسپا.zip,فسپا.zip!فسپا_۱۳۹۱_۱۲_۳۰_separate_ن-۱۰_صورتهای مالی سال مالی منتهی به ۱۳۹۱_۱۲_۳۰ (حسابرسی شده).xlsx,فسپا_۱۳۹۱_۱۲_۳۰_separate_ن-۱۰_صورتهای مالی سال مالی منتهی به ۱۳۹۱_۱۲_۳۰ (حسابرسی شده).xlsx,OLE2_LEGACY_EXCEL,.xlsx,68096,cd366e52f7895b5ef6dea8a5474f0e75600a306504a80b37113662448f049163,OK,,500,PAYLOAD_SUBSTANTIVE,,فسپا,1391,1391/12/30,separate,audited,original,DETECTED,Sheet1,9,77,1391/12/30,Sheet1!R6C4,مشروط,QUALIFIED_FAIR_WITH_EXCEPTION|HEADING_CELL,Sheet1!R30C14,Sheet1!R31C2,,,1392/04/12,Sheet1!R69C23,,گروه صنعتی سپاهان
اکسل های صورت مالی کل زیپ ۱۳۹۲-۱۴۰۲.zip,فسپا.zip,فسپا.zip!فسپا_۱۳۹۲_۱۲_۲۹_separate_ن-۱۰_صورتهای مالی سال مالی منتهی به ۱۳۹۲_۱۲_۲۹ (حسابرسی شده).xlsx,فسپا_۱۳۹۲_۱۲_۲۹_separate_ن-۱۰_صورتهای مالی سال مالی منتهی به ۱۳۹۲_۱۲_۲۹ (حسابرسی شده).xlsx,OLE2_LEGACY_EXCEL,.xlsx,73216,afc1e57e9a86619100da8c7f9e61d9ddf3c5c47154d5f5af4cc28e4e230891c4,OK,,612,PAYLOAD_SUBSTANTIVE,,فسپا,1392,1392/12/29,separate,audited,original,DETECTED,Sheet1,9,64,1392/12/29,Sheet1!R6C4,مقبول,UNQUALIFIED_FAIR_FORMULA|HEADING_CELL,Sheet1!R31C14,Sheet1!R33C2,,,1393/04/15,Sheet1!R55C23,,گروه صنعتی سپاهان
اکسل های صورت مالی کل زیپ ۱۳۹۲-۱۴۰۲.zip,فسپا.zip,فسپا.zip!فسپا_۱۳۹۳_۱۲_۲۹_separate_ن-۱۰_صورتهای مالی سال مالی منتهی به ۱۳۹۳_۱۲_۲۹ (حسابرسی شده).xlsx,فسپا_۱۳۹۳_۱۲_۲۹_separate_ن-۱۰_صورتهای مالی سال مالی منتهی به ۱۳۹۳_۱۲_۲۹ (حسابرسی شده).xlsx,OLE2_LEGACY_EXCEL,.xlsx,73728,86177a2ebed9866a4bfdf76c7e8864501d7d390c7a7d736ccec160a237d673ea,OK,,621,PAYLOAD_SUBSTANTIVE,,فسپا,1393,1393/12/29,separate,audited,original,DETECTED,Sheet1,9,65,1393/12/29,Sheet1!R6C4,مقبول,UNQUALIFIED_FAIR_FORMULA|HEADING_CELL,Sheet1!R28C14,Sheet1!R29C2,,,1394/04/10,Sheet1!R57C23,,گروه صنعتی سپاهان
اکسل های صورت مالی کل زیپ ۱۳۹۲-۱۴۰۲.zip,فسپا.zip,فسپا.zip!فسپا_۱۳۹۴_۱۲_۲۹_separate_ن-۱۰_صورت‌های مالی سال مالی منتهی به ۱۳۹۴_۱۲_۲۹ (حسابرسی شده).xlsx,فسپا_۱۳۹۴_۱۲_۲۹_separate_ن-۱۰_صورت‌های مالی سال مالی منتهی به ۱۳۹۴_۱۲_۲۹ (حسابرسی شده).xlsx,OLE2_LEGACY_EXCEL,.xlsx,82944,a6abc60ca648abfcb5f79dc23c5612c25b575614e9617e81ef0d1d281403dac8,OK,,664,PAYLOAD_SUBSTANTIVE,,فسپا,1394,1394/12/29,separate,audited,original,DETECTED,Sheet1,9,66,1394/12/29,Sheet1!R6C4,مشروط,QUALIFIED_FAIR_WITH_EXCEPTION|HEADING_CELL,Sheet1!R33C14,Sheet1!R35C2,,,1395/04/08,Sheet1!R58C23,,گروه صنعتی سپاهان
اکسل های صورت مالی کل زیپ ۱۳۹۲-۱۴۰۲.zip,فسپا.zip,فسپا.zip!فسپا_۱۳۹۵_۱۲_۳۰_separate_ن-۱۰_صورت‌های مالی سال مالی منتهی به ۱۳۹۵_۱۲_۳۰ (حسابرسی شده).xlsx,فسپا_۱۳۹۵_۱۲_۳۰_separate_ن-۱۰_صورت‌های مالی سال مالی منتهی به ۱۳۹۵_۱۲_۳۰ (حسابرسی شده).xlsx,OLE2_LEGACY_EXCEL,.xlsx,77312,b564134608c636a0fd8be342fcf62832c4d2e5cd8a4a01aca0f78b96b779f50f,OK,,662,PAYLOAD_SUBSTANTIVE,,فسپا,1395,1395/12/30,separate,audited,original,DETECTED,Sheet1,11,58,1395/12/30,Sheet1!R8C4,مشروط,QUALIFIED_FAIR_WITH_EXCEPTION|HEADING_CELL,Sheet1!R34C12,Sheet1!R35C2,,,1396/04/04,Sheet1!R50C20,,گروه صنعتی سپاهان
اکسل های صورت مالی کل زیپ ۱۳۹۲-۱۴۰۲.zip,فسپا.zip,فسپا.zip!فسپا_۱۳۹۶_۱۲_۲۹_separate_ن-۱۰_صورت‌های مالی سال مالی منتهی به ۱۳۹۶_۱۲_۲۹ (حسابرسی شده).xlsx,فسپا_۱۳۹۶_۱۲_۲۹_separate_ن-۱۰_صورت‌های مالی سال مالی منتهی به ۱۳۹۶_۱۲_۲۹ (حسابرسی شده).xlsx,OLE2_LEGACY_EXCEL,.xlsx,80896,07b712b693e4f6255e1fc1ff9f411dda068714f1913d97e6228289f65130f89f,OK,,664,PAYLOAD_SUBSTANTIVE,,فسپا,1396,1396/12/29,separate,audited,original,DETECTED,Sheet1,11,69,1396/12/29,Sheet1!R8C4,مشروط,QUALIFIED_FAIR_WITH_EXCEPTION|HEADING_CELL,Sheet1!R36C12,Sheet1!R37C2,,,1397/04/04,Sheet1!R61C20,,گروه صنعتی سپاهان
اکسل های صورت مالی کل زیپ ۱۳۹۲-۱۴۰۲.zip,فسپا.zip,فسپا.zip!فسپا_۱۳۹۶_۱۲_۲۹_separate_ن-۱۰_صورت‌های مالی سال مالی منتهی به ۱۳۹۶_۱۲_۲۹ (حسابرسی شده)(اصلاحیه).xlsx,فسپا_۱۳۹۶_۱۲_۲۹_separate_ن-۱۰_صورت‌های مالی سال مالی منتهی به ۱۳۹۶_۱۲_۲۹ (حسابرسی شده)(اصلاحیه).xlsx,OLE2_LEGACY_EXCEL,.xlsx,80896,c836ccdf0adfc21267cf6549e7b510e25d595ff217d8f0a703aee58bc8995549,OK,,664,PAYLOAD_SUBSTANTIVE,,فسپا,1396,1396/12/29,separate,audited,correction,DETECTED,Sheet1,11,69,1396/12/29,Sheet1!R8C4,مشروط,QUALIFIED_FAIR_WITH_EXCEPTION|HEADING_CELL,Sheet1!R36C12,Sheet1!R37C2,,,1397/04/04,Sheet1!R61C20,,گروه صنعتی سپاهان
اکسل های صورت مالی کل زیپ ۱۳۹۲-۱۴۰۲.zip,فسپا.zip,فسپا.zip!فسپا_۱۳۹۷_۱۲_۲۹_separate_ن-۱۰_صورت‌های مالی سال مالی منتهی به ۱۳۹۷_۱۲_۲۹ (حسابرسی شده).xlsx,فسپا_۱۳۹۷_۱۲_۲۹_separate_ن-۱۰_صورت‌های مالی سال مالی منتهی به ۱۳۹۷_۱۲_۲۹ (حسابرسی شده).xlsx,HTML_MISLABELED_XLSX,.xlsx,113518,6974ea3aebce583bec20f0984f6f967f70d93e8b7fd986c77a44b29df278af67,OK,,495,PAYLOAD_SUBSTANTIVE,,فسپا,1397,1397/12/29,separate,audited,original,NOT_DETECTED,,,,1397/12/29,HTML_TABLE_1!R1C2,,,,,,NO_AUDITOR_BLOCK_DETECTED,,,NO_AUDITOR_BLOCK_DETECTED,
اکسل های صورت مالی کل زیپ ۱۳۹۲-۱۴۰۲.zip,فسپا.zip,فسپا.zip!فسپا_۱۳۹۸_۱۲_۲۹_consolidated_ن-۱۰_صورت‌های مالی تلفیقی سال مالی منتهی به ۱۳۹۸_۱۲_۲۹ (حسابرسی شده).xlsx,فسپا_۱۳۹۸_۱۲_۲۹_consolidated_ن-۱۰_صورت‌های مالی تلفیقی سال مالی منتهی به ۱۳۹۸_۱۲_۲۹ (حسابرسی شده).xlsx,HTML_MISLABELED_XLSX,.xlsx,509876,27e6ebad6c4340d7101cf8033d502f71dd737b6cd059478bb1ba33d7a9f4b241,OK,,2440,PAYLOAD_SUBSTANTIVE,,فسپا,1398,1398/12/29,consolidated,audited,original,NOT_DETECTED,,,,1398/12/29,HTML_TABLE_1!R1C2,,,,,,NO_AUDITOR_BLOCK_DETECTED,,,NO_AUDITOR_BLOCK_DETECTED,
اکسل های صورت مالی کل زیپ ۱۳۹۲-۱۴۰۲.zip,فسپا.zip,فسپا.zip!فسپا_۱۳۹۹_۱۲_۳۰_consolidated_ن-۱۰_صورت‌های مالی تلفیقی سال مالی منتهی به ۱۳۹۹_۱۲_۳۰ (حسابرسی شده).xlsx,فسپا_۱۳۹۹_۱۲_۳۰_consolidated_ن-۱۰_صورت‌های مالی تلفیقی سال مالی منتهی به ۱۳۹۹_۱۲_۳۰ (حسابرسی شده).xlsx,HTML_MISLABELED_XLSX,.xlsx,510858,dbbae9d17f8d56428cafa1a9542f698c8db25d6a13a62eaf1a203b621d68ff4c,OK,,2453,PAYLOAD_SUBSTANTIVE,,فسپا,1399,1399/12/30,consolidated,audited,original,NOT_DETECTED,,,,1399/12/30,HTML_TABLE_1!R1C2,,,,,,NO_AUDITOR_BLOCK_DETECTED,,,NO_AUDITOR_BLOCK_DETECTED,
اکسل های صورت مالی کل زیپ ۱۳۹۲-۱۴۰۲.zip,فسپا.zip,فسپا.zip!فسپا_۱۴۰۰_۱۲_۲۹_consolidated_ن-۱۰_صورت‌های مالی تلفیقی سال مالی منتهی به ۱۴۰۰_۱۲_۲۹ (حسابرسی شده).xlsx,فسپا_۱۴۰۰_۱۲_۲۹_consolidated_ن-۱۰_صورت‌های مالی تلفیقی سال مالی منتهی به ۱۴۰۰_۱۲_۲۹ (حسابرسی شده).xlsx,HTML_MISLABELED_XLSX,.xlsx,588536,a75d5b5171c524d30ca4202ea20a2f98926d6fa23189ae2ae2a481a9d657e0c3,OK,,2834,PAYLOAD_SUBSTANTIVE,,فسپا,1400,1400/12/29,consolidated,audited,original,NOT_DETECTED,,,,1400/12/29,HTML_TABLE_1!R1C2,,,,,,NO_AUDITOR_BLOCK_DETECTED,,,NO_AUDITOR_BLOCK_DETECTED,
اکسل های صورت مالی کل زیپ ۱۳۹۲-۱۴۰۲.zip,فسپا.zip,فسپا.zip!فسپا_۱۴۰۱_۱۲_۲۹_consolidated_ن-۱۰_صورت‌های مالی تلفیقی سال مالی منتهی به ۱۴۰۱_۱۲_۲۹ (حسابرسی شده).xlsx,فسپا_۱۴۰۱_۱۲_۲۹_consolidated_ن-۱۰_صورت‌های مالی تلفیقی سال مالی منتهی به ۱۴۰۱_۱۲_۲۹ (حسابرسی شده).xlsx,HTML_MISLABELED_XLSX,.xlsx,664479,d9567d08f4daa70cdd68b2274e081fdd1cc348862db6e20d9631a410c2ee2268,OK,,3083,PAYLOAD_SUBSTANTIVE,,فسپا,1401,1401/12/29,consolidated,audited,original,NOT_DETECTED,,,,1401/12/29,HTML_TABLE_1!R1C2,,,,,,NO_AUDITOR_BLOCK_DETECTED,,,NO_AUDITOR_BLOCK_DETECTED,
اکسل های صورت مالی کل زیپ ۱۳۹۲-۱۴۰۲.zip,فسپا.zip,فسپا.zip!فسپا_۱۴۰۲_۱۲_۲۹_consolidated_ن-۱۰_صورت‌های مالی تلفیقی سال مالی منتهی به ۱۴۰۲_۱۲_۲۹ (حسابرسی شده).xlsx,فسپا_۱۴۰۲_۱۲_۲۹_consolidated_ن-۱۰_صورت‌های مالی تلفیقی سال مالی منتهی به ۱۴۰۲_۱۲_۲۹ (حسابرسی شده).xlsx,HTML_MISLABELED_XLSX,.xlsx,669700,88dbb985d065f3b99cceb5d5decb06e0b0f192092f6a19a6b341d59f48edcca8,OK,,3118,PAYLOAD_SUBSTANTIVE,,فسپا,1402,1402/12/29,consolidated,audited,original,NOT_DETECTED,,,,1402/12/29,HTML_TABLE_1!R1C2,,,,,,NO_AUDITOR_BLOCK_DETECTED,,,NO_AUDITOR_BLOCK_DETECTED,
اکسل های صورت مالی کل زیپ ۱۳۹۲-۱۴۰۲.zip,فسرب.zip,فسرب.zip!فسرب_۱۳۸۰_۱۲_۲۹_separate_ن-۱۰_صورتهای مالی سال مالی منتهی به ۱۳۸۰_۱۲_۲۹ (حسابرسی شده).xlsx,فسرب_۱۳۸۰_۱۲_۲۹_separate_ن-۱۰_صورتهای مالی سال مالی منتهی به ۱۳۸۰_۱۲_۲۹ (حسابرسی شده).xlsx,OLE2_LEGACY_EXCEL,.xlsx,55808,392f3e063c5f7802b4cea03b3a04421a892065b7845009a8ba154ce7d8a9f4f3,OK,,554,PAYLOAD_SUBSTANTIVE,,فسرب,1380,1380/12/29,separate,audited,original,DETECTED,Sheet1,9,28,1380/12/29,Sheet1!R6C4,مشروط,STRUCTURED_FIELD_نظر_حسابرس,Sheet1!R14C23,Sheet1!R13C1,,,,,DATE_ANCHOR_IN_BLOCK_BUT_NO_PARSEABLE_DATE_ADJACENT,
اکسل های صورت مالی کل زیپ ۱۳۹۲-۱۴۰۲.zip,فسرب.zip,فسرب.zip!فسرب_۱۳۸۱_۱۲_۲۹_separate_ن-۱۰_صورتهای مالی سال مالی منتهی به ۱۳۸۱_۱۲_۲۹ (حسابرسی شده).xlsx,فسرب_۱۳۸۱_۱۲_۲۹_separate_ن-۱۰_صورتهای مالی سال مالی منتهی به ۱۳۸۱_۱۲_۲۹ (حسابرسی شده).xlsx,OLE2_LEGACY_EXCEL,.xlsx,55808,5ab13aecd7d5fe264a2209cea4021c5e24c51befa75f047351013163a365ce68,OK,,555,PAYLOAD_SUBSTANTIVE,,فسرب,1381,1381/12/29,separate,audited,original,DETECTED,Sheet1,9,28,1381/12/29,Sheet1!R6C4,مشروط,STRUCTURED_FIELD_نظر_حسابرس,Sheet1!R14C23,Sheet1!R13C1,,,,,DATE_ANCHOR_IN_BLOCK_BUT_NO_PARSEABLE_DATE_ADJACENT,
اکسل های صورت مالی کل زیپ ۱۳۹۲-۱۴۰۲.zip,فسرب.zip,فسرب.zip!فسرب_۱۳۸۲_۱۲_۲۹_separate_ن-۱۰_صورتهای مالی سال مالی منتهی به ۱۳۸۲_۱۲_۲۹ (حسابرسی شده).xlsx,فسرب_۱۳۸۲_۱۲_۲۹_separate_ن-۱۰_صورتهای مالی سال مالی منتهی به ۱۳۸۲_۱۲_۲۹ (حسابرسی شده).xlsx,OLE2_LEGACY_EXCEL,.xlsx,55296,0269923a9c7c5863c475dcab48d8696f8b0fd08187c285bd682ef21132af7d34,OK,,553,PAYLOAD_SUBSTANTIVE,,فسرب,1382,1382/12/29,separate,audited,original,DETECTED,Sheet1,9,28,1382/12/29,Sheet1!R6C4,مشروط,STRUCTURED_FIELD_نظر_حسابرس,Sheet1!R14C23,Sheet1!R13C1,,,,,DATE_ANCHOR_IN_BLOCK_BUT_NO_PARSEABLE_DATE_ADJACENT,
اکسل های صورت مالی کل زیپ ۱۳۹۲-۱۴۰۲.zip,فسرب.zip,فسرب.zip!فسرب_۱۳۸۳_۱۲_۳۰_separate_ن-۱۰_صورتهای مالی سال مالی منتهی به ۱۳۸۳_۱۲_۳۰ (حسابرسی شده).xlsx,فسرب_۱۳۸۳_۱۲_۳۰_separate_ن-۱۰_صورتهای مالی سال مالی منتهی به ۱۳۸۳_۱۲_۳۰ (حسابرسی شده).xlsx,OLE2_LEGACY_EXCEL,.xlsx,55808,880d3698df8b2f5122cb2350d54871656dd7e9230e33558b38a994c83bbcb965,OK,,552,PAYLOAD_SUBSTANTIVE,,فسرب,1383,1383/12/30,separate,audited,original,DETECTED,Sheet1,9,28,1383/12/30,Sheet1!R6C4,مشروط,STRUCTURED_FIELD_نظر_حسابرس,Sheet1!R14C23,Sheet1!R13C1,,,,,DATE_ANCHOR_IN_BLOCK_BUT_NO_PARSEABLE_DATE_ADJACENT,
اکسل های صورت مالی کل زیپ ۱۳۹۲-۱۴۰۲.zip,فسرب.zip,فسرب.zip!فسرب_۱۳۸۴_۱۲_۲۹_separate_ن-۱۰_صورتهای مالی سال مالی منتهی به ۱۳۸۴_۱۲_۲۹ (حسابرسی شده).xlsx,فسرب_۱۳۸۴_۱۲_۲۹_separate_ن-۱۰_صورتهای مالی سال مالی منتهی به ۱۳۸۴_۱۲_۲۹ (حسابرسی شده).xlsx,OLE2_LEGACY_EXCEL,.xlsx,59392,bd3384210b5aa40b4715d5f936d7cc35c3f159fb76aa2f2590fb104e1b2f88ba,OK,,620,PAYLOAD_SUBSTANTIVE,,فسرب,1384,1384/12/29,separate,audited,original,DETECTED,Sheet1,9,28,1384/12/29,Sheet1!R6C4,مشروط,STRUCTURED_FIELD_نظر_حسابرس,Sheet1!R14C23,Sheet1!R13C1,,,,,DATE_ANCHOR_IN_BLOCK_BUT_NO_PARSEABLE_DATE_ADJACENT,
اکسل های صورت مالی کل زیپ ۱۳۹۲-۱۴۰۲.zip,فسرب.zip,فسرب.zip!فسرب_۱۳۸۵_۱۲_۲۹_separate_ن-۱۰_صورتهای مالی سال مالی منتهی به ۱۳۸۵_۱۲_۲۹ (حسابرسی شده).xlsx,فسرب_۱۳۸۵_۱۲_۲۹_separate_ن-۱۰_صورتهای مالی سال مالی منتهی به ۱۳۸۵_۱۲_۲۹ (حسابرسی شده).xlsx,OLE2_LEGACY_EXCEL,.xlsx,59392,91efbf7ae238629b49826cd828eb9fd6cead8f0bd658605c60df77a8818ee62e,OK,,619,PAYLOAD_SUBSTANTIVE,,فسرب,1385,1385/12/29,separate,audited,original,DETECTED,Sheet1,9,28,1385/12/29,Sheet1!R6C4,مشروط,STRUCTURED_FIELD_نظر_حسابرس,Sheet1!R14C23,Sheet1!R13C1,,,,,DATE_ANCHOR_IN_BLOCK_BUT_NO_PARSEABLE_DATE_ADJACENT,
اکسل های صورت مالی کل زیپ ۱۳۹۲-۱۴۰۲.zip,فسرب.zip,فسرب.zip!فسرب_۱۳۸۶_۱۲_۲۹_separate_ن-۱۰_صورتهای مالی سال مالی منتهی به ۱۳۸۶_۱۲_۲۹ (حسابرسی شده).xlsx,فسرب_۱۳۸۶_۱۲_۲۹_separate_ن-۱۰_صورتهای مالی سال مالی منتهی به ۱۳۸۶_۱۲_۲۹ (حسابرسی شده).xlsx,OLE2_LEGACY_EXCEL,.xlsx,58880,c04a3d98f6f17a09f650f5caaebbd1656c08818ff736f607c77543d177cd38d4,OK,,603,PAYLOAD_SUBSTANTIVE,,فسرب,1386,1386/12/29,separate,audited,original,DETECTED,Sheet1,9,28,1386/12/29,Sheet1!R6C4,مشروط,STRUCTURED_FIELD_نظر_حسابرس,Sheet1!R14C23,Sheet1!R13C1,,,,,DATE_ANCHOR_IN_BLOCK_BUT_NO_PARSEABLE_DATE_ADJACENT,
اکسل های صورت مالی کل زیپ ۱۳۹۲-۱۴۰۲.zip,فسرب.zip,فسرب.zip!فسرب_۱۳۸۷_۱۲_۳۰_separate_ن-۱۰_صورتهای مالی سال مالی منتهی به ۱۳۸۷_۱۲_۳۰ (حسابرسی شده).xlsx,فسرب_۱۳۸۷_۱۲_۳۰_separate_ن-۱۰_صورتهای مالی سال مالی منتهی به ۱۳۸۷_۱۲_۳۰ (حسابرسی شده).xlsx,OLE2_LEGACY_EXCEL,.xlsx,58880,c81dca6335e2a335d641b31a69711d377052e499982179d1b52c2788164d69fe,OK,,602,PAYLOAD_SUBSTANTIVE,,فسرب,1387,1387/12/30,separate,audited,original,DETECTED,Sheet1,9,28,1387/12/30,Sheet1!R6C4,مشروط,STRUCTURED_FIELD_نظر_حسابرس,Sheet1!R14C23,Sheet1!R13C1,,,,,DATE_ANCHOR_IN_BLOCK_BUT_NO_PARSEABLE_DATE_ADJACENT,
اکسل های صورت مالی کل زیپ ۱۳۹۲-۱۴۰۲.zip,فسرب.zip,فسرب.zip!فسرب_۱۳۹۱_۱۲_۳۰_separate_ن-۱۰_صورتهای مالی سال مالی منتهی به ۱۳۹۱_۱۲_۳۰ (حسابرسی شده).xlsx,فسرب_۱۳۹۱_۱۲_۳۰_separate_ن-۱۰_صورتهای مالی سال مالی منتهی به ۱۳۹۱_۱۲_۳۰ (حسابرسی شده).xlsx,OLE2_LEGACY_EXCEL,.xlsx,76800,821b555508e15d3f9b1c60a1afe70a66152b8215898f5fd3e40654c0db3950ee,OK,,530,PAYLOAD_SUBSTANTIVE,,فسرب,1391,1391/12/30,separate,audited,original,DETECTED,Sheet1,9,103,1391/12/30,Sheet1!R6C4,مشروط,QUALIFIED_FAIR_WITH_EXCEPTION|HEADING_CELL,Sheet1!R45C14,Sheet1!R46C2,,,1392/01/31,Sheet1!R96C23,,ملی سرب و روی ایران
اکسل های صورت مالی کل زیپ ۱۳۹۲-۱۴۰۲.zip,فسرب.zip,فسرب.zip!فسرب_۱۳۹۲_۱۲_۲۹_separate_ن-۱۰_صورتهای مالی سال مالی منتهی به ۱۳۹۲_۱۲_۲۹ (حسابرسی شده).xlsx,فسرب_۱۳۹۲_۱۲_۲۹_separate_ن-۱۰_صورتهای مالی سال مالی منتهی به ۱۳۹۲_۱۲_۲۹ (حسابرسی شده).xlsx,OLE2_LEGACY_EXCEL,.xlsx,86016,2fb55a792170fb5435f32c623508f43e4ae3c802011477731bcec85cad1a8aa4,OK,,635,PAYLOAD_SUBSTANTIVE,,فسرب,1392,1392/12/29,separate,audited,original,DETECTED,Sheet1,9,109,1392/12/29,Sheet1!R6C4,مشروط,QUALIFIED_FAIR_WITH_EXCEPTION|HEADING_CELL,Sheet1!R47C14,Sheet1!R48C2,,,1393/02/18,Sheet1!R100C23,,ملی سرب و روی ایران
اکسل های صورت مالی کل زیپ ۱۳۹۲-۱۴۰۲.zip,فسرب.zip,فسرب.zip!فسرب_۱۳۹۳_۱۲_۲۹_separate_ن-۱۰_صورتهای مالی سال مالی منتهی به ۱۳۹۳_۱۲_۲۹ (حسابرسی شده).xlsx,فسرب_۱۳۹۳_۱۲_۲۹_separate_ن-۱۰_صورتهای مالی سال مالی منتهی به ۱۳۹۳_۱۲_۲۹ (حسابرسی شده).xlsx,OLE2_LEGACY_EXCEL,.xlsx,84480,e40c6e0ee6aae7d89eb6d972c090e2a137ce8c30c0af4558d7e694453532dfa5,OK,,651,PAYLOAD_SUBSTANTIVE,,فسرب,1393,1393/12/29,separate,audited,original,DETECTED,Sheet1,9,96,1393/12/29,Sheet1!R6C4,مشروط,QUALIFIED_FAIR_WITH_EXCEPTION|HEADING_CELL,Sheet1!R50C14,Sheet1!R51C2,,,1394/02/08,Sheet1!R88C23,,ملی سرب و روی ایران
اکسل های صورت مالی کل زیپ ۱۳۹۲-۱۴۰۲.zip,فسرب.zip,فسرب.zip!فسرب_۱۳۹۴_۱۲_۲۹_separate_ن-۱۰_صورت‌های مالی سال مالی منتهی به ۱۳۹۴_۱۲_۲۹ (حسابرسی شده).xlsx,فسرب_۱۳۹۴_۱۲_۲۹_separate_ن-۱۰_صورت‌های مالی سال مالی منتهی به ۱۳۹۴_۱۲_۲۹ (حسابرسی شده).xlsx,OLE2_LEGACY_EXCEL,.xlsx,82944,d547f75dd6c0adb5151588511fe24caea54f51280195298d139daabc29dbf46c,OK,,595,PAYLOAD_SUBSTANTIVE,,فسرب,1394,1394/12/29,separate,audited,original,DETECTED,Sheet1,9,89,1394/12/29,Sheet1!R6C4,مشروط,QUALIFIED_FAIR_WITH_EXCEPTION|HEADING_CELL,Sheet1!R48C14,Sheet1!R49C2,,,1395/02/07,Sheet1!R81C23,,ملی سرب و روی ایران
اکسل های صورت مالی کل زیپ ۱۳۹۲-۱۴۰۲.zip,فسرب.zip,فسرب.zip!فسرب_۱۳۹۵_۱۲_۳۰_separate_ن-۱۰_صورت‌های مالی سال مالی منتهی به ۱۳۹۵_۱۲_۳۰ (حسابرسی شده).xlsx,فسرب_۱۳۹۵_۱۲_۳۰_separate_ن-۱۰_صورت‌های مالی سال مالی منتهی به ۱۳۹۵_۱۲_۳۰ (حسابرسی شده).xlsx,OLE2_LEGACY_EXCEL,.xlsx,87040,de327de4a7e8954e2bb1ca6a9ee5d110a5a8491365bc912c3b4bc8f8ee1ac33b,OK,,671,PAYLOAD_SUBSTANTIVE,,فسرب,1395,1395/12/30,separate,audited,original,DETECTED,Sheet1,11,97,1395/12/30,Sheet1!R8C4,مشروط,QUALIFIED_FAIR_WITH_EXCEPTION|HEADING_CELL,Sheet1!R44C12,Sheet1!R45C2,,,1396/02/23,Sheet1!R88C20,,ملی سرب و روی ایران
اکسل های صورت مالی کل زیپ ۱۳۹۲-۱۴۰۲.zip,فسرب.zip,فسرب.zip!فسرب_۱۳۹۶_۱۲_۲۹_separate_ن-۱۰_صورت‌های مالی سال مالی منتهی به ۱۳۹۶_۱۲_۲۹ (حسابرسی شده).xlsx,فسرب_۱۳۹۶_۱۲_۲۹_separate_ن-۱۰_صورت‌های مالی سال مالی منتهی به ۱۳۹۶_۱۲_۲۹ (حسابرسی شده).xlsx,OLE2_LEGACY_EXCEL,.xlsx,79872,d33a5bc4ea9833e91b957357a860cb3ae060a63068f28ec9bac1625c4e7874ad,OK,,673,PAYLOAD_SUBSTANTIVE,,فسرب,1396,1396/12/29,separate,audited,original,DETECTED,Sheet1,11,71,1396/12/29,Sheet1!R8C4,مشروط,QUALIFIED_FAIR_WITH_EXCEPTION|HEADING_CELL,Sheet1!R33C12,Sheet1!R35C2,,,1397/02/12,Sheet1!R62C20,,ملی سرب و روی ایران
اکسل های صورت مالی کل زیپ ۱۳۹۲-۱۴۰۲.zip,فسرب.zip,فسرب.zip!فسرب_۱۳۹۷_۱۲_۲۹_separate_ن-۱۰_صورت‌های مالی سال مالی منتهی به ۱۳۹۷_۱۲_۲۹ (حسابرسی شده).xlsx,فسرب_۱۳۹۷_۱۲_۲۹_separate_ن-۱۰_صورت‌های مالی سال مالی منتهی به ۱۳۹۷_۱۲_۲۹ (حسابرسی شده).xlsx,HTML_MISLABELED_XLSX,.xlsx,113517,aa31ca2407e4e0e76dd72097c2be241c7579fa27d70ef89b3e4dd33cf9ea85d7,OK,,495,PAYLOAD_SUBSTANTIVE,,فسرب,1397,1397/12/29,separate,audited,original,NOT_DETECTED,,,,1397/12/29,HTML_TABLE_1!R1C2,,,,,,NO_AUDITOR_BLOCK_DETECTED,,,NO_AUDITOR_BLOCK_DETECTED,
اکسل های صورت مالی کل زیپ ۱۳۹۲-۱۴۰۲.zip,فسرب.zip,فسرب.zip!فسرب_۱۳۹۸_۱۲_۲۹_separate_ن-۱۰_صورت‌های مالی سال مالی منتهی به ۱۳۹۸_۱۲_۲۹ (حسابرسی شده).xlsx,فسرب_۱۳۹۸_۱۲_۲۹_separate_ن-۱۰_صورت‌های مالی سال مالی منتهی به ۱۳۹۸_۱۲_۲۹ (حسابرسی شده).xlsx,HTML_MISLABELED_XLSX,.xlsx,328564,91bb879bbc135acad9abd0d6783193bc9ebe61c0bc34a57516122f8289f46fc6,OK,,1598,PAYLOAD_SUBSTANTIVE,,فسرب,1398,1398/12/29,separate,audited,original,NOT_DETECTED,,,,1398/12/29,HTML_TABLE_1!R1C2,,,,,,NO_AUDITOR_BLOCK_DETECTED,,,NO_AUDITOR_BLOCK_DETECTED,
اکسل های صورت مالی کل زیپ ۱۳۹۲-۱۴۰۲.zip,فسرب.zip,فسرب.zip!فسرب_۱۳۹۹_۱۲_۳۰_separate_ن-۱۰_صورت‌های مالی سال مالی منتهی به ۱۳۹۹_۱۲_۳۰ (حسابرسی شده).xlsx,فسرب_۱۳۹۹_۱۲_۳۰_separate_ن-۱۰_صورت‌های مالی سال مالی منتهی به ۱۳۹۹_۱۲_۳۰ (حسابرسی شده).xlsx,HTML_MISLABELED_XLSX,.xlsx,328516,fb55a95d74e0c4cb04696d5c1c1d6c21adfb12f836fdd4894d67a670c49e9491,OK,,1582,PAYLOAD_SUBSTANTIVE,,فسرب,1399,1399/12/30,separate,audited,original,NOT_DETECTED,,,,1399/12/30,HTML_TABLE_1!R1C2,,,,,,NO_AUDITOR_BLOCK_DETECTED,,,NO_AUDITOR_BLOCK_DETECTED,
اکسل های صورت مالی کل زیپ ۱۳۹۲-۱۴۰۲.zip,فسرب.zip,فسرب.zip!فسرب_۱۴۰۰_۱۲_۲۹_separate_ن-۱۰_صورت‌های مالی سال مالی منتهی به ۱۴۰۰_۱۲_۲۹ (حسابرسی شده).xlsx,فسرب_۱۴۰۰_۱۲_۲۹_separate_ن-۱۰_صورت‌های مالی سال مالی منتهی به ۱۴۰۰_۱۲_۲۹ (حسابرسی شده).xlsx,HTML_MISLABELED_XLSX,.xlsx,414689,55bab721fcf3cd81380efef8f71df339e05e2cbb30a51ddaec18d4005364c917,OK,,2039,PAYLOAD_SUBSTANTIVE,,فسرب,1400,1400/12/29,separate,audited,original,NOT_DETECTED,,,,1400/12/29,HTML_TABLE_1!R1C2,,,,,,NO_AUDITOR_BLOCK_DETECTED,,,NO_AUDITOR_BLOCK_DETECTED,
اکسل های صورت مالی کل زیپ ۱۳۹۲-۱۴۰۲.zip,فسرب.zip,فسرب.zip!فسرب_۱۴۰۱_۱۲_۲۹_separate_ن-۱۰_صورت‌های مالی سال مالی منتهی به ۱۴۰۱_۱۲_۲۹ (حسابرسی شده).xlsx,فسرب_۱۴۰۱_۱۲_۲۹_separate_ن-۱۰_صورت‌های مالی سال مالی منتهی به ۱۴۰۱_۱۲_۲۹ (حسابرسی شده).xlsx,HTML_MISLABELED_XLSX,.xlsx,444035,39032bf275c8b6280df465cc349e597c907508902c4298475a71b2f36aa37eb2,OK,,2158,PAYLOAD_SUBSTANTIVE,,فسرب,1401,1401/12/29,separate,audited,original,NOT_DETECTED,,,,1401/12/29,HTML_TABLE_1!R1C2,,,,,,NO_AUDITOR_BLOCK_DETECTED,,,NO_AUDITOR_BLOCK_DETECTED,
اکسل های صورت مالی کل زیپ ۱۳۹۲-۱۴۰۲.zip,فسرب.zip,فسرب.zip!فسرب_۱۴۰۱_۱۲_۲۹_separate_ن-۱۰_صورت‌های مالی سال مالی منتهی به ۱۴۰۱_۱۲_۲۹ (حسابرسی شده)(اصلاحیه).xlsx,فسرب_۱۴۰۱_۱۲_۲۹_separate_ن-۱۰_صورت‌های مالی سال مالی منتهی به ۱۴۰۱_۱۲_۲۹ (حسابرسی شده)(اصلاحیه).xlsx,HTML_MISLABELED_XLSX,.xlsx,450544,0fc6b257adb5832246b108044b07ca9d78db212a9fa2eb914b93623cc23d4dc7,OK,,2198,PAYLOAD_SUBSTANTIVE,,فسرب,1401,1401/12/29,separate,audited,correction,NOT_DETECTED,,,,1401/12/29,HTML_TABLE_1!R1C2,,,,,,NO_AUDITOR_BLOCK_DETECTED,,,NO_AUDITOR_BLOCK_DETECTED,
اکسل های صورت مالی کل زیپ ۱۳۹۲-۱۴۰۲.zip,فسرب.zip,فسرب.zip!فسرب_۱۴۰۲_۱۲_۲۹_separate_ن-۱۰_صورت‌های مالی سال مالی منتهی به ۱۴۰۲_۱۲_۲۹ (حسابرسی شده).xlsx,فسرب_۱۴۰۲_۱۲_۲۹_separate_ن-۱۰_صورت‌های مالی سال مالی منتهی به ۱۴۰۲_۱۲_۲۹ (حسابرسی شده).xlsx,HTML_MISLABELED_XLSX,.xlsx,452449,d97db22d3a9b8c2c1a6f7e592f8b98637e70a9e121547227238a8840c60dab0c,OK,,2216,PAYLOAD_SUBSTANTIVE,,فسرب,1402,1402/12/29,separate,audited,original,NOT_DETECTED,,,,1402/12/29,HTML_TABLE_1!R1C2,,,,,,NO_AUDITOR_BLOCK_DETECTED,,,NO_AUDITOR_BLOCK_DETECTED,
اکسل های صورت مالی کل زیپ ۱۳۹۲-۱۴۰۲.zip,فمراد.zip,فمراد.zip!فمراد_۱۳۹۱_۱۲_۳۰_separate_ن-۱۰_صورتهای مالی سال مالی منتهی به ۱۳۹۱_۱۲_۳۰ (حسابرسی شده).xlsx,فمراد_۱۳۹۱_۱۲_۳۰_separate_ن-۱۰_صورتهای مالی سال مالی منتهی به ۱۳۹۱_۱۲_۳۰ (حسابرسی شده).xlsx,OLE2_LEGACY_EXCEL,.xlsx,63488,ac75299dba4b1f581ab3fb8b3ea8c10aa98d0a9840cae52ad5925a176d1c80f3,OK,,447,PAYLOAD_SUBSTANTIVE,,فمراد,1391,1391/12/30,separate,audited,original,DETECTED,Sheet1,9,94,1391/12/30,Sheet1!R6C4,مشروط,QUALIFIED_FAIR_WITH_EXCEPTION|HEADING_CELL,Sheet1!R45C14,Sheet1!R46C2,,,1392/03/02,Sheet1!R87C23,,آلومراد
اکسل های صورت مالی کل زیپ ۱۳۹۲-۱۴۰۲.zip,فمراد.zip,فمراد.zip!فمراد_۱۳۹۲_۱۲_۲۹_separate_ن-۱۰_صورتهای مالی سال مالی منتهی به ۱۳۹۲_۱۲_۲۹ (حسابرسی شده).xlsx,فمراد_۱۳۹۲_۱۲_۲۹_separate_ن-۱۰_صورتهای مالی سال مالی منتهی به ۱۳۹۲_۱۲_۲۹ (حسابرسی شده).xlsx,OLE2_LEGACY_EXCEL,.xlsx,75776,87a9e00a4520d09d69af487266b9b5a2fbcf09f11f89fdecb462ba15c42ebfc7,OK,,580,PAYLOAD_SUBSTANTIVE,,فمراد,1392,1392/12/29,separate,audited,original,DETECTED,Sheet1,9,82,1392/12/29,Sheet1!R6C4,مشروط,QUALIFIED_FAIR_WITH_EXCEPTION|HEADING_CELL,Sheet1!R41C14,Sheet1!R42C2,,,1393/03/03,Sheet1!R74C23,,آلومراد
اکسل های صورت مالی کل زیپ ۱۳۹۲-۱۴۰۲.zip,فمراد.zip,فمراد.zip!فمراد_۱۳۹۳_۱۲_۲۹_separate_ن-۱۰_صورتهای مالی سال مالی منتهی به ۱۳۹۳_۱۲_۲۹ (حسابرسی شده).xlsx,فمراد_۱۳۹۳_۱۲_۲۹_separate_ن-۱۰_صورتهای مالی سال مالی منتهی به ۱۳۹۳_۱۲_۲۹ (حسابرسی شده).xlsx,OLE2_LEGACY_EXCEL,.xlsx,77824,ab098c379ab22fafb19b88201b874c9b38002e1efee76c1dd5ca8ee21797c2a4,OK,,609,PAYLOAD_SUBSTANTIVE,,فمراد,1393,1393/12/29,separate,audited,original,DETECTED,Sheet1,9,85,1393/12/29,Sheet1!R6C4,مشروط,QUALIFIED_FAIR_WITH_EXCEPTION|HEADING_CELL,Sheet1!R41C14,Sheet1!R42C2,,,1394/03/24,Sheet1!R77C23,,آلومراد
اکسل های صورت مالی کل زیپ ۱۳۹۲-۱۴۰۲.zip,فمراد.zip,فمراد.zip!فمراد_۱۳۹۴_۱۲_۲۹_separate_ن-۱۰_صورت‌های مالی سال مالی منتهی به ۱۳۹۴_۱۲_۲۹ (حسابرسی شده).xlsx,فمراد_۱۳۹۴_۱۲_۲۹_separate_ن-۱۰_صورت‌های مالی سال مالی منتهی به ۱۳۹۴_۱۲_۲۹ (حسابرسی شده).xlsx,OLE2_LEGACY_EXCEL,.xlsx,88576,a2006e0db5102f43f260091cf9e8d8b0cf20b9376d62588c081285a1ebff25f1,OK,,657,PAYLOAD_SUBSTANTIVE,,فمراد,1394,1394/12/29,separate,audited,original,DETECTED,Sheet1,9,95,1394/12/29,Sheet1!R6C4,مشروط,QUALIFIED_FAIR_WITH_EXCEPTION|HEADING_CELL,Sheet1!R47C14,Sheet1!R48C2,,,1395/04/15,Sheet1!R87C23,,آلومراد
اکسل های صورت مالی کل زیپ ۱۳۹۲-۱۴۰۲.zip,فمراد.zip,فمراد.zip!فمراد_۱۳۹۵_۱۲_۳۰_separate_ن-۱۰_صورت‌های مالی سال مالی منتهی به ۱۳۹۵_۱۲_۳۰ (حسابرسی شده).xlsx,فمراد_۱۳۹۵_۱۲_۳۰_separate_ن-۱۰_صورت‌های مالی سال مالی منتهی به ۱۳۹۵_۱۲_۳۰ (حسابرسی شده).xlsx,OLE2_LEGACY_EXCEL,.xlsx,83968,f4959f988c2a149e794cc8ef2c4c047f70bc4c9dde1bc269e58717a2fff86d8b,OK,,655,PAYLOAD_SUBSTANTIVE,,فمراد,1395,1395/12/30,separate,audited,original,DETECTED,Sheet1,11,82,1395/12/30,Sheet1!R8C4,مشروط,QUALIFIED_FAIR_WITH_EXCEPTION|HEADING_CELL,Sheet1!R48C12,Sheet1!R49C2,,,1396/05/10,Sheet1!R74C20,,آلومراد
اکسل های صورت مالی کل زیپ ۱۳۹۲-۱۴۰۲.zip,فمراد.zip,فمراد.zip!فمراد_۱۳۹۶_۱۲_۲۹_separate_ن-۱۰_صورت‌های مالی سال مالی منتهی به ۱۳۹۶_۱۲_۲۹ (حسابرسی شده).xlsx,فمراد_۱۳۹۶_۱۲_۲۹_separate_ن-۱۰_صورت‌های مالی سال مالی منتهی به ۱۳۹۶_۱۲_۲۹ (حسابرسی شده).xlsx,OLE2_LEGACY_EXCEL,.xlsx,85504,f175f323f4d34e77073d417038b967893d8d81d5ff1666a42c9a5e0251259f42,OK,,665,PAYLOAD_SUBSTANTIVE,,فمراد,1396,1396/12/29,separate,audited,original,DETECTED,Sheet1,11,87,1396/12/29,Sheet1!R8C4,مشروط,QUALIFIED_FAIR_WITH_EXCEPTION|HEADING_CELL,Sheet1!R46C12,Sheet1!R47C2,,,1397/04/17,Sheet1!R79C20,,آلومراد
اکسل های صورت مالی کل زیپ ۱۳۹۲-۱۴۰۲.zip,فمراد.zip,فمراد.zip!فمراد_۱۳۹۷_۱۲_۲۹_separate_ن-۱۰_صورت‌های مالی سال مالی منتهی به ۱۳۹۷_۱۲_۲۹ (حسابرسی شده).xlsx,فمراد_۱۳۹۷_۱۲_۲۹_separate_ن-۱۰_صورت‌های مالی سال مالی منتهی به ۱۳۹۷_۱۲_۲۹ (حسابرسی شده).xlsx,HTML_MISLABELED_XLSX,.xlsx,113448,b9b72d3f5ea65c64fa8d1c734371ce57528ade136de2ef7a1b27bb9f6912cf28,OK,,495,PAYLOAD_SUBSTANTIVE,,فمراد,1397,1397/12/29,separate,audited,original,NOT_DETECTED,,,,1397/12/29,HTML_TABLE_1!R1C2,,,,,,NO_AUDITOR_BLOCK_DETECTED,,,NO_AUDITOR_BLOCK_DETECTED,
اکسل های صورت مالی کل زیپ ۱۳۹۲-۱۴۰۲.zip,فمراد.zip,فمراد.zip!فمراد_۱۳۹۸_۱۲_۲۹_separate_ن-۱۰_صورت‌های مالی سال مالی منتهی به ۱۳۹۸_۱۲_۲۹ (حسابرسی شده).xlsx,فمراد_۱۳۹۸_۱۲_۲۹_separate_ن-۱۰_صورت‌های مالی سال مالی منتهی به ۱۳۹۸_۱۲_۲۹ (حسابرسی شده).xlsx,HTML_MISLABELED_XLSX,.xlsx,291971,1a824c63c2bed161f4b3718cb0f2c04c0773528b5e6314f4aa95bf786edae023,OK,,1336,PAYLOAD_SUBSTANTIVE,,فمراد,1398,1398/12/29,separate,audited,original,NOT_DETECTED,,,,1398/12/29,HTML_TABLE_1!R1C2,,,,,,NO_AUDITOR_BLOCK_DETECTED,,,NO_AUDITOR_BLOCK_DETECTED,
اکسل های صورت مالی کل زیپ ۱۳۹۲-۱۴۰۲.zip,فمراد.zip,فمراد.zip!فمراد_۱۳۹۹_۱۲_۳۰_separate_ن-۱۰_صورت‌های مالی سال مالی منتهی به ۱۳۹۹_۱۲_۳۰ (حسابرسی شده).xlsx,فمراد_۱۳۹۹_۱۲_۳۰_separate_ن-۱۰_صورت‌های مالی سال مالی منتهی به ۱۳۹۹_۱۲_۳۰ (حسابرسی شده).xlsx,HTML_MISLABELED_XLSX,.xlsx,314177,0ed1f89ab6e8ee99526b00119a65bea34c3069385985f5cdc1d1339c7a36fa19,OK,,1485,PAYLOAD_SUBSTANTIVE,,فمراد,1399,1399/12/30,separate,audited,original,NOT_DETECTED,,,,1399/12/30,HTML_TABLE_1!R1C2,,,,,,NO_AUDITOR_BLOCK_DETECTED,,,NO_AUDITOR_BLOCK_DETECTED,
اکسل های صورت مالی کل زیپ ۱۳۹۲-۱۴۰۲.zip,فمراد.zip,فمراد.zip!فمراد_۱۳۹۹_۱۲_۳۰_separate_ن-۱۰_صورت‌های مالی سال مالی منتهی به ۱۳۹۹_۱۲_۳۰ (حسابرسی شده)(اصلاحیه).xlsx,فمراد_۱۳۹۹_۱۲_۳۰_separate_ن-۱۰_صورت‌های مالی سال مالی منتهی به ۱۳۹۹_۱۲_۳۰ (حسابرسی شده)(اصلاحیه).xlsx,HTML_MISLABELED_XLSX,.xlsx,314608,1e37819ad307e43c26ce0686829080a23b36167d6efe3dfa60d5abd5acd9650c,OK,,1490,PAYLOAD_SUBSTANTIVE,,فمراد,1399,1399/12/30,separate,audited,correction,NOT_DETECTED,,,,1399/12/30,HTML_TABLE_1!R1C2,,,,,,NO_AUDITOR_BLOCK_DETECTED,,,NO_AUDITOR_BLOCK_DETECTED,
اکسل های صورت مالی کل زیپ ۱۳۹۲-۱۴۰۲.zip,فمراد.zip,فمراد.zip!فمراد_۱۴۰۰_۱۲_۲۹_separate_ن-۱۰_صورت‌های مالی سال مالی منتهی به ۱۴۰۰_۱۲_۲۹ (حسابرسی شده).xlsx,فمراد_۱۴۰۰_۱۲_۲۹_separate_ن-۱۰_صورت‌های مالی سال مالی منتهی به ۱۴۰۰_۱۲_۲۹ (حسابرسی شده).xlsx,HTML_MISLABELED_XLSX,.xlsx,364162,f799a93158436540878474db1d3a691b19ecfd1eaac96e423863131c682af250,OK,,1683,PAYLOAD_SUBSTANTIVE,,فمراد,1400,1400/12/29,separate,audited,original,NOT_DETECTED,,,,1400/12/29,HTML_TABLE_1!R1C2,,,,,,NO_AUDITOR_BLOCK_DETECTED,,,NO_AUDITOR_BLOCK_DETECTED,
اکسل های صورت مالی کل زیپ ۱۳۹۲-۱۴۰۲.zip,فمراد.zip,فمراد.zip!فمراد_۱۴۰۱_۱۲_۲۹_separate_ن-۱۰_صورت‌های مالی سال مالی منتهی به ۱۴۰۱_۱۲_۲۹ (حسابرسی شده).xlsx,فمراد_۱۴۰۱_۱۲_۲۹_separate_ن-۱۰_صورت‌های مالی سال مالی منتهی به ۱۴۰۱_۱۲_۲۹ (حسابرسی شده).xlsx,HTML_MISLABELED_XLSX,.xlsx,407869,d2801c2ff2c04c69651a9da46dc43c2d7c25aa2dd5aadcc8eb0ecf4472f0e899,OK,,1919,PAYLOAD_SUBSTANTIVE,,فمراد,1401,1401/12/29,separate,audited,original,NOT_DETECTED,,,,1401/12/29,HTML_TABLE_1!R1C2,,,,,,NO_AUDITOR_BLOCK_DETECTED,,,NO_AUDITOR_BLOCK_DETECTED,
اکسل های صورت مالی کل زیپ ۱۳۹۲-۱۴۰۲.zip,فمراد.zip,فمراد.zip!فمراد_۱۴۰۳_۰۶_۳۱_separate_ن-۱۰_صورت‌های مالی سال مالی منتهی به ۱۴۰۳_۰۶_۳۱ (حسابرسی شده).xlsx,فمراد_۱۴۰۳_۰۶_۳۱_separate_ن-۱۰_صورت‌های مالی سال مالی منتهی به ۱۴۰۳_۰۶_۳۱ (حسابرسی شده).xlsx,HTML_MISLABELED_XLSX,.xlsx,424956,c10e33725d749751975ad4fdfd186ea48b8b0a8835a0aa35f3b05b3bea2ad147,OK,,2039,PAYLOAD_SUBSTANTIVE,,فمراد,1403,1403/06/31,separate,audited,original,NOT_DETECTED,,,,1403/06/31,HTML_TABLE_1!R1C2,,,,,,NO_AUDITOR_BLOCK_DETECTED,,,NO_AUDITOR_BLOCK_DETECTED,
اکسل های صورت مالی کل زیپ ۱۳۹۲-۱۴۰۲.zip,فملي.zip,فملي.zip!فملي_۱۳۹۱_۱۲_۳۰_separate_ن-۱۰_صورتهای مالی سال مالی منتهی به ۱۳۹۱_۱۲_۳۰ (حسابرسی شده).xlsx,فملي_۱۳۹۱_۱۲_۳۰_separate_ن-۱۰_صورتهای مالی سال مالی منتهی به ۱۳۹۱_۱۲_۳۰ (حسابرسی شده).xlsx,OLE2_LEGACY_EXCEL,.xlsx,70144,6f1baef327e0af7ffcd1f6202f2bc3ab3011b00cb0789ca3dea07706e3db466f,OK,,594,PAYLOAD_SUBSTANTIVE,,فملی,1391,1391/12/30,separate,audited,original,DETECTED,Sheet1,9,80,1391/12/30,Sheet1!R6C4,مقبول,UNQUALIFIED_FAIR_FORMULA|HEADING_CELL,Sheet1!R28C14,Sheet1!R29C2,,,1392/03/06,Sheet1!R73C23,,ملی صنایع مس ایران
اکسل های صورت مالی کل زیپ ۱۳۹۲-۱۴۰۲.zip,فملي.zip,فملي.zip!فملي_۱۳۹۲_۱۲_۲۹_separate_ن-۱۰_صورتهای مالی سال مالی منتهی به ۱۳۹۲_۱۲_۲۹ (حسابرسی شده).xlsx,فملي_۱۳۹۲_۱۲_۲۹_separate_ن-۱۰_صورتهای مالی سال مالی منتهی به ۱۳۹۲_۱۲_۲۹ (حسابرسی شده).xlsx,OLE2_LEGACY_EXCEL,.xlsx,81408,69e171bbd42d992e6b9f5f5ebc7270e6ffa333954bec2265e4e096aa96196df3,OK,,657,PAYLOAD_SUBSTANTIVE,,فملی,1392,1392/12/29,separate,audited,original,DETECTED,Sheet1,9,75,1392/12/29,Sheet1!R6C4,مشروط,QUALIFIED_FAIR_WITH_EXCEPTION|HEADING_CELL,Sheet1!R36C14,Sheet1!R37C2,,,1393/04/11,Sheet1!R67C23,,ملی صنایع مس ایران
اکسل های صورت مالی کل زیپ ۱۳۹۲-۱۴۰۲.zip,فملي.zip,فملي.zip!فملي_۱۳۹۳_۱۲_۲۹_separate_ن-۱۰_صورتهای مالی سال مالی منتهی به ۱۳۹۳_۱۲_۲۹ (حسابرسی شده).xlsx,فملي_۱۳۹۳_۱۲_۲۹_separate_ن-۱۰_صورتهای مالی سال مالی منتهی به ۱۳۹۳_۱۲_۲۹ (حسابرسی شده).xlsx,OLE2_LEGACY_EXCEL,.xlsx,86016,71d2ff7443f54a0b86a964225672bde43028851a825459a3685f0ecbf1a38236,OK,,709,PAYLOAD_SUBSTANTIVE,,فملی,1393,1393/12/29,separate,audited,original,DETECTED,Sheet1,9,86,1393/12/29,Sheet1!R6C4,مشروط,QUALIFIED_FAIR_WITH_EXCEPTION|HEADING_CELL,Sheet1!R37C14,Sheet1!R38C2,,,1394/04/18,Sheet1!R78C23,,ملی صنایع مس ایران
اکسل های صورت مالی کل زیپ ۱۳۹۲-۱۴۰۲.zip,فملي.zip,فملي.zip!فملي_۱۳۹۴_۱۲_۲۹_consolidated_ن-۱۰_صورت‌های مالی تلفیقی سال مالی منتهی به ۱۳۹۴_۱۲_۲۹ (حسابرسی شده).xlsx,فملي_۱۳۹۴_۱۲_۲۹_consolidated_ن-۱۰_صورت‌های مالی تلفیقی سال مالی منتهی به ۱۳۹۴_۱۲_۲۹ (حسابرسی شده).xlsx,OLE2_LEGACY_EXCEL,.xlsx,145920,76f2dc3e14a009165a2f19e7e7d66ffce6bdf70e1b4d6d296ea51f5a33b0fea7,OK,,1485,PAYLOAD_SUBSTANTIVE,,فملی,1394,1394/12/29,consolidated,audited,original,DETECTED,Sheet1,9,82,1394/12/29,Sheet1!R6C4,مشروط,QUALIFIED_FAIR_WITH_EXCEPTION|HEADING_CELL,Sheet1!R41C14,Sheet1!R42C2,,,1395/04/10,Sheet1!R74C23,,ملی صنایع مس ایران
اکسل های صورت مالی کل زیپ ۱۳۹۲-۱۴۰۲.zip,فملي.zip,فملي.zip!فملي_۱۳۹۵_۱۲_۳۰_consolidated_ن-۱۰_صورت‌های مالی تلفیقی سال مالی منتهی به ۱۳۹۵_۱۲_۳۰ (حسابرسی شده).xlsx,فملي_۱۳۹۵_۱۲_۳۰_consolidated_ن-۱۰_صورت‌های مالی تلفیقی سال مالی منتهی به ۱۳۹۵_۱۲_۳۰ (حسابرسی شده).xlsx,OLE2_LEGACY_EXCEL,.xlsx,144384,d9b7fd469cb5bdcfb50fb9f26fee5da536e7bac8b5eef29bc8c2aa013a4c479d,OK,,1489,PAYLOAD_SUBSTANTIVE,,فملی,1395,1395/12/30,consolidated,audited,original,DETECTED,Sheet1,11,93,1395/12/30,Sheet1!R8C4,مشروط,QUALIFIED_FAIR_WITH_EXCEPTION|HEADING_CELL,Sheet1!R48C12,Sheet1!R49C2,,,1396/04/18,Sheet1!R85C20,,ملی صنایع مس ایران
اکسل های صورت مالی کل زیپ ۱۳۹۲-۱۴۰۲.zip,فملي.zip,فملي.zip!فملي_۱۳۹۶_۱۲_۲۹_consolidated_ن-۱۰_صورت‌های مالی تلفیقی سال مالی منتهی به ۱۳۹۶_۱۲_۲۹ (حسابرسی شده).xlsx,فملي_۱۳۹۶_۱۲_۲۹_consolidated_ن-۱۰_صورت‌های مالی تلفیقی سال مالی منتهی به ۱۳۹۶_۱۲_۲۹ (حسابرسی شده).xlsx,OLE2_LEGACY_EXCEL,.xlsx,153600,40dfe276b69d730b22a848e4d8cd981cd561ce9ef5bb9a856b506d760f34e11b,OK,,1590,PAYLOAD_SUBSTANTIVE,,فملی,1396,1396/12/29,consolidated,audited,original,DETECTED,Sheet1,11,100,1396/12/29,Sheet1!R8C4,مشروط,QUALIFIED_FAIR_WITH_EXCEPTION|HEADING_CELL,Sheet1!R47C12,Sheet1!R48C2,,,1397/04/07,Sheet1!R92C20,,ملی صنایع مس ایران
اکسل های صورت مالی کل زیپ ۱۳۹۲-۱۴۰۲.zip,فملي.zip,فملي.zip!فملي_۱۳۹۷_۱۲_۲۹_consolidated_ن-۱۰_صورت‌های مالی تلفیقی سال مالی منتهی به ۱۳۹۷_۱۲_۲۹ (حسابرسی شده).xlsx,فملي_۱۳۹۷_۱۲_۲۹_consolidated_ن-۱۰_صورت‌های مالی تلفیقی سال مالی منتهی به ۱۳۹۷_۱۲_۲۹ (حسابرسی شده).xlsx,HTML_MISLABELED_XLSX,.xlsx,236427,3bec8f12c661e99b2eae026dab1461c9e0cb5e6b6dda8eb2c911466ca1dc380c,OK,,1045,PAYLOAD_SUBSTANTIVE,,فملی,1397,1397/12/29,consolidated,audited,original,NOT_DETECTED,,,,1397/12/29,HTML_TABLE_1!R1C2,,,,,,NO_AUDITOR_BLOCK_DETECTED,,,NO_AUDITOR_BLOCK_DETECTED,
اکسل های صورت مالی کل زیپ ۱۳۹۲-۱۴۰۲.zip,فملي.zip,فملي.zip!فملي_۱۳۹۸_۱۲_۲۹_consolidated_ن-۱۰_صورت‌های مالی تلفیقی سال مالی منتهی به ۱۳۹۸_۱۲_۲۹ (حسابرسی شده).xlsx,فملي_۱۳۹۸_۱۲_۲۹_consolidated_ن-۱۰_صورت‌های مالی تلفیقی سال مالی منتهی به ۱۳۹۸_۱۲_۲۹ (حسابرسی شده).xlsx,HTML_MISLABELED_XLSX,.xlsx,609115,2206950456b2a5dacbd78cdd1a23350287edb9c58367b0386eadd3770d9f06e3,OK,,3104,PAYLOAD_SUBSTANTIVE,,فملی,1398,1398/12/29,consolidated,audited,original,NOT_DETECTED,,,,1398/12/29,HTML_TABLE_1!R1C2,,,,,,NO_AUDITOR_BLOCK_DETECTED,,,NO_AUDITOR_BLOCK_DETECTED,
اکسل های صورت مالی کل زیپ ۱۳۹۲-۱۴۰۲.zip,فملي.zip,فملي.zip!فملي_۱۳۹۹_۱۲_۳۰_consolidated_ن-۱۰_صورت‌های مالی تلفیقی سال مالی منتهی به ۱۳۹۹_۱۲_۳۰ (حسابرسی شده).xlsx,فملي_۱۳۹۹_۱۲_۳۰_consolidated_ن-۱۰_صورت‌های مالی تلفیقی سال مالی منتهی به ۱۳۹۹_۱۲_۳۰ (حسابرسی شده).xlsx,HTML_MISLABELED_XLSX,.xlsx,581069,7006b016e30f0d88076819004516b2f5daf59846dfbef9a688233be6a2e90664,OK,,2923,PAYLOAD_SUBSTANTIVE,,فملی,1399,1399/12/30,consolidated,audited,original,NOT_DETECTED,,,,1399/12/30,HTML_TABLE_1!R1C2,,,,,,NO_AUDITOR_BLOCK_DETECTED,,,NO_AUDITOR_BLOCK_DETECTED,
اکسل های صورت مالی کل زیپ ۱۳۹۲-۱۴۰۲.zip,فملي.zip,فملي.zip!فملي_۱۳۹۹_۱۲_۳۰_consolidated_ن-۱۰_صورت‌های مالی تلفیقی سال مالی منتهی به ۱۳۹۹_۱۲_۳۰ (حسابرسی شده)(اصلاحیه).xlsx,فملي_۱۳۹۹_۱۲_۳۰_consolidated_ن-۱۰_صورت‌های مالی تلفیقی سال مالی منتهی به ۱۳۹۹_۱۲_۳۰ (حسابرسی شده)(اصلاحیه).xlsx,HTML_MISLABELED_XLSX,.xlsx,581069,d3b88c240c1b646001f7a648e5bdc50022268a7b15b662a4172d1a28fbd00686,OK,,2923,PAYLOAD_SUBSTANTIVE,,فملی,1399,1399/12/30,consolidated,audited,correction,NOT_DETECTED,,,,1399/12/30,HTML_TABLE_1!R1C2,,,,,,NO_AUDITOR_BLOCK_DETECTED,,,NO_AUDITOR_BLOCK_DETECTED,
اکسل های صورت مالی کل زیپ ۱۳۹۲-۱۴۰۲.zip,فملي.zip,فملي.zip!فملي_۱۴۰۰_۱۲_۲۹_consolidated_ن-۱۰_صورت‌های مالی تلفیقی سال مالی منتهی به ۱۴۰۰_۱۲_۲۹ (حسابرسی شده).xlsx,فملي_۱۴۰۰_۱۲_۲۹_consolidated_ن-۱۰_صورت‌های مالی تلفیقی سال مالی منتهی به ۱۴۰۰_۱۲_۲۹ (حسابرسی شده).xlsx,HTML_MISLABELED_XLSX,.xlsx,714804,3ad7f2e99c02c525130a0507eb9224419e80431e8527141f65194c2a15aac30a,OK,,3701,PAYLOAD_SUBSTANTIVE,,فملی,1400,1400/12/29,consolidated,audited,original,NOT_DETECTED,,,,1400/12/29,HTML_TABLE_1!R1C2,,,,,,NO_AUDITOR_BLOCK_DETECTED,,,NO_AUDITOR_BLOCK_DETECTED,
اکسل های صورت مالی کل زیپ ۱۳۹۲-۱۴۰۲.zip,فملي.zip,فملي.zip!فملي_۱۴۰۰_۱۲_۲۹_consolidated_ن-۱۰_صورت‌های مالی تلفیقی سال مالی منتهی به ۱۴۰۰_۱۲_۲۹ (حسابرسی شده)(اصلاحیه).xlsx,فملي_۱۴۰۰_۱۲_۲۹_consolidated_ن-۱۰_صورت‌های مالی تلفیقی سال مالی منتهی به ۱۴۰۰_۱۲_۲۹ (حسابرسی شده)(اصلاحیه).xlsx,HTML_MISLABELED_XLSX,.xlsx,878988,b21cfb7adb085afde415bd075f82ec113388f5311c355a0b9ca04f4a516a64da,OK,,4628,PAYLOAD_SUBSTANTIVE,,فملی,1400,1400/12/29,consolidated,audited,correction,NOT_DETECTED,,,,1400/12/29,HTML_TABLE_1!R1C3,,,,,,NO_AUDITOR_BLOCK_DETECTED,,,NO_AUDITOR_BLOCK_DETECTED,
اکسل های صورت مالی کل زیپ ۱۳۹۲-۱۴۰۲.zip,فملي.zip,فملي.zip!فملي_۱۴۰۱_۱۲_۲۹_consolidated_ن-۱۰_صورت‌های مالی تلفیقی سال مالی منتهی به ۱۴۰۱_۱۲_۲۹ (حسابرسی شده).xlsx,فملي_۱۴۰۱_۱۲_۲۹_consolidated_ن-۱۰_صورت‌های مالی تلفیقی سال مالی منتهی به ۱۴۰۱_۱۲_۲۹ (حسابرسی شده).xlsx,HTML_MISLABELED_XLSX,.xlsx,424476,9aeeca602448bf0b51939c3a44d15901cfaf3560cdb92850302395b947fa17cb,OK,,1803,PAYLOAD_SUBSTANTIVE,,فملی,1401,1401/12/29,consolidated,audited,original,NOT_DETECTED,,,,1401/12/29,HTML_TABLE_1!R1C2,,,,,,NO_AUDITOR_BLOCK_DETECTED,,,NO_AUDITOR_BLOCK_DETECTED,
اکسل های صورت مالی کل زیپ ۱۳۹۲-۱۴۰۲.zip,فملي.zip,فملي.zip!فملي_۱۴۰۲_۱۲_۲۹_consolidated_ن-۱۰_صورت‌های مالی تلفیقی سال مالی منتهی به ۱۴۰۲_۱۲_۲۹ (حسابرسی شده).xlsx,فملي_۱۴۰۲_۱۲_۲۹_consolidated_ن-۱۰_صورت‌های مالی تلفیقی سال مالی منتهی به ۱۴۰۲_۱۲_۲۹ (حسابرسی شده).xlsx,HTML_MISLABELED_XLSX,.xlsx,816498,3335515dca9eeeaef3b54e961e624e45cfd8156efa82289474b6087c7793842b,OK,,4105,PAYLOAD_SUBSTANTIVE,,فملی,1402,1402/12/29,consolidated,audited,original,NOT_DETECTED,,,,1402/12/29,HTML_TABLE_1!R1C2,,,,,,NO_AUDITOR_BLOCK_DETECTED,,,NO_AUDITOR_BLOCK_DETECTED,
اکسل های صورت مالی کل زیپ ۱۳۹۲-۱۴۰۲.zip,فنورد.zip,فنورد.zip!فنورد_۱۳۸۰_۱۲_۲۹_separate_ن-۱۰_صورتهای مالی سال مالی منتهی به ۱۳۸۰_۱۲_۲۹ (حسابرسی شده).xlsx,فنورد_۱۳۸۰_۱۲_۲۹_separate_ن-۱۰_صورتهای مالی سال مالی منتهی به ۱۳۸۰_۱۲_۲۹ (حسابرسی شده).xlsx,OLE2_LEGACY_EXCEL,.xlsx,43008,ef112d4c97054f25ca4081cc8dab18a4bf8ee67c4c849c3cfb4c42bd897306f5,OK,,460,PAYLOAD_SUBSTANTIVE,,فنورد,1380,1380/12/29,separate,audited,original,DETECTED,Sheet1,9,27,1380/12/29,Sheet1!R6C4,مشروط,STRUCTURED_FIELD_نظر_حسابرس,Sheet1!R14C23,Sheet1!R13C1,,,,,DATE_ANCHOR_IN_BLOCK_BUT_NO_PARSEABLE_DATE_ADJACENT,
اکسل های صورت مالی کل زیپ ۱۳۹۲-۱۴۰۲.zip,فنورد.zip,فنورد.zip!فنورد_۱۳۸۱_۱۲_۲۹_separate_ن-۱۰_صورتهای مالی سال مالی منتهی به ۱۳۸۱_۱۲_۲۹ (حسابرسی شده).xlsx,فنورد_۱۳۸۱_۱۲_۲۹_separate_ن-۱۰_صورتهای مالی سال مالی منتهی به ۱۳۸۱_۱۲_۲۹ (حسابرسی شده).xlsx,OLE2_LEGACY_EXCEL,.xlsx,43008,406c695d734577106e30ac5b42af796dea8096fb9306d5ab323cf970362ee946,OK,,460,PAYLOAD_SUBSTANTIVE,,فنورد,1381,1381/12/29,separate,audited,original,DETECTED,Sheet1,9,27,1381/12/29,Sheet1!R6C4,مشروط,STRUCTURED_FIELD_نظر_حسابرس,Sheet1!R14C23,Sheet1!R13C1,,,,,DATE_ANCHOR_IN_BLOCK_BUT_NO_PARSEABLE_DATE_ADJACENT,
اکسل های صورت مالی کل زیپ ۱۳۹۲-۱۴۰۲.zip,فنورد.zip,فنورد.zip!فنورد_۱۳۸۲_۱۲_۲۹_separate_ن-۱۰_صورتهای مالی سال مالی منتهی به ۱۳۸۲_۱۲_۲۹ (حسابرسی شده).xlsx,فنورد_۱۳۸۲_۱۲_۲۹_separate_ن-۱۰_صورتهای مالی سال مالی منتهی به ۱۳۸۲_۱۲_۲۹ (حسابرسی شده).xlsx,OLE2_LEGACY_EXCEL,.xlsx,43008,dd2b8ad6a4112164b056be0338e9d9668f57f2f3e4de34997c3c340ba0a00a03,OK,,460,PAYLOAD_SUBSTANTIVE,,فنورد,1382,1382/12/29,separate,audited,original,DETECTED,Sheet1,9,27,1382/12/29,Sheet1!R6C4,مشروط,STRUCTURED_FIELD_نظر_حسابرس,Sheet1!R14C23,Sheet1!R13C1,,,,,DATE_ANCHOR_IN_BLOCK_BUT_NO_PARSEABLE_DATE_ADJACENT,
اکسل های صورت مالی کل زیپ ۱۳۹۲-۱۴۰۲.zip,فنورد.zip,فنورد.zip!فنورد_۱۳۸۳_۱۲_۳۰_separate_ن-۱۰_صورتهای مالی سال مالی منتهی به ۱۳۸۳_۱۲_۳۰ (حسابرسی شده).xlsx,فنورد_۱۳۸۳_۱۲_۳۰_separate_ن-۱۰_صورتهای مالی سال مالی منتهی به ۱۳۸۳_۱۲_۳۰ (حسابرسی شده).xlsx,OLE2_LEGACY_EXCEL,.xlsx,43008,43753268f6d11b98ed28c2e4de721db2006cbbc663e7b0fe93445d9a90f20dee,OK,,460,PAYLOAD_SUBSTANTIVE,,فنورد,1383,1383/12/30,separate,audited,original,DETECTED,Sheet1,9,27,1383/12/30,Sheet1!R6C4,مشروط,STRUCTURED_FIELD_نظر_حسابرس,Sheet1!R14C23,Sheet1!R13C1,,,,,DATE_ANCHOR_IN_BLOCK_BUT_NO_PARSEABLE_DATE_ADJACENT,
اکسل های صورت مالی کل زیپ ۱۳۹۲-۱۴۰۲.zip,فنورد.zip,فنورد.zip!فنورد_۱۳۸۴_۱۲_۲۹_separate_ن-۱۰_صورتهای مالی سال مالی منتهی به ۱۳۸۴_۱۲_۲۹ (حسابرسی شده).xlsx,فنورد_۱۳۸۴_۱۲_۲۹_separate_ن-۱۰_صورتهای مالی سال مالی منتهی به ۱۳۸۴_۱۲_۲۹ (حسابرسی شده).xlsx,OLE2_LEGACY_EXCEL,.xlsx,43008,d997a282bbf787030f410c59c3acdfa978b295d53f0d3a755ac51dd91a25123e,OK,,461,PAYLOAD_SUBSTANTIVE,,فنورد,1384,1384/12/29,separate,audited,original,DETECTED,Sheet1,9,27,1384/12/29,Sheet1!R6C4,مشروط,STRUCTURED_FIELD_نظر_حسابرس,Sheet1!R14C23,Sheet1!R13C1,,,,,DATE_ANCHOR_IN_BLOCK_BUT_NO_PARSEABLE_DATE_ADJACENT,
اکسل های صورت مالی کل زیپ ۱۳۹۲-۱۴۰۲.zip,فنورد.zip,فنورد.zip!فنورد_۱۳۸۵_۱۲_۲۹_separate_ن-۱۰_صورتهای مالی سال مالی منتهی به ۱۳۸۵_۱۲_۲۹ (حسابرسی شده).xlsx,فنورد_۱۳۸۵_۱۲_۲۹_separate_ن-۱۰_صورتهای مالی سال مالی منتهی به ۱۳۸۵_۱۲_۲۹ (حسابرسی شده).xlsx,OLE2_LEGACY_EXCEL,.xlsx,43008,e5474b5fbb7c58ebd3cfdd6105b5bf5f17002f466a9601bb6d23ce4c877db21a,OK,,461,PAYLOAD_SUBSTANTIVE,,فنورد,1385,1385/12/29,separate,audited,original,DETECTED,Sheet1,9,27,1385/12/29,Sheet1!R6C4,مقبول,STRUCTURED_FIELD_نظر_حسابرس,Sheet1!R14C23,Sheet1!R13C1,,,,,DATE_ANCHOR_IN_BLOCK_BUT_NO_PARSEABLE_DATE_ADJACENT,
اکسل های صورت مالی کل زیپ ۱۳۹۲-۱۴۰۲.zip,فنورد.zip,فنورد.zip!فنورد_۱۳۸۶_۱۲_۲۹_separate_ن-۱۰_صورتهای مالی سال مالی منتهی به ۱۳۸۶_۱۲_۲۹ (حسابرسی شده).xlsx,فنورد_۱۳۸۶_۱۲_۲۹_separate_ن-۱۰_صورتهای مالی سال مالی منتهی به ۱۳۸۶_۱۲_۲۹ (حسابرسی شده).xlsx,OLE2_LEGACY_EXCEL,.xlsx,44032,835a329e168f6bfec9a2c7c73c90d6563190124bf3302875352af4ba54158142,OK,,461,PAYLOAD_SUBSTANTIVE,,فنورد,1386,1386/12/29,separate,audited,original,DETECTED,Sheet1,9,27,1386/12/29,Sheet1!R6C4,مقبول,STRUCTURED_FIELD_نظر_حسابرس,Sheet1!R14C23,Sheet1!R13C1,,,,,DATE_ANCHOR_IN_BLOCK_BUT_NO_PARSEABLE_DATE_ADJACENT,
اکسل های صورت مالی کل زیپ ۱۳۹۲-۱۴۰۲.zip,فنورد.zip,فنورد.zip!فنورد_۱۳۸۷_۱۲_۳۰_separate_ن-۱۰_صورتهای مالی سال مالی منتهی به ۱۳۸۷_۱۲_۳۰ (حسابرسی شده).xlsx,فنورد_۱۳۸۷_۱۲_۳۰_separate_ن-۱۰_صورتهای مالی سال مالی منتهی به ۱۳۸۷_۱۲_۳۰ (حسابرسی شده).xlsx,OLE2_LEGACY_EXCEL,.xlsx,44032,fd2a2077263dfdccc286bcc51ec6257ff63ea575ce3d2702440b3846305dbb85,OK,,457,PAYLOAD_SUBSTANTIVE,,فنورد,1387,1387/12/30,separate,audited,original,DETECTED,Sheet1,9,27,1387/12/30,Sheet1!R6C4,مشروط,STRUCTURED_FIELD_نظر_حسابرس,Sheet1!R14C23,Sheet1!R13C1,,,,,DATE_ANCHOR_IN_BLOCK_BUT_NO_PARSEABLE_DATE_ADJACENT,
اکسل های صورت مالی کل زیپ ۱۳۹۲-۱۴۰۲.zip,فنورد.zip,فنورد.zip!فنورد_۱۳۹۱_۱۲_۳۰_separate_ن-۱۰_صورتهای مالی سال مالی منتهی به ۱۳۹۱_۱۲_۳۰ (حسابرسی شده).xlsx,فنورد_۱۳۹۱_۱۲_۳۰_separate_ن-۱۰_صورتهای مالی سال مالی منتهی به ۱۳۹۱_۱۲_۳۰ (حسابرسی شده).xlsx,OLE2_LEGACY_EXCEL,.xlsx,55296,9217425f152033a613872376bed9572a73e669dbdc1b7a1ffb57bb5f7eae4200,OK,,452,PAYLOAD_SUBSTANTIVE,,فنورد,1391,1391/12/30,separate,audited,original,DETECTED,Sheet1,9,74,1391/12/30,Sheet1!R6C4,مقبول,UNQUALIFIED_FAIR_FORMULA|HEADING_CELL,Sheet1!R29C14,Sheet1!R31C2,,,1392/04/20,Sheet1!R67C23,,نورد وتولید قطعات فولادی
اکسل های صورت مالی کل زیپ ۱۳۹۲-۱۴۰۲.zip,فنورد.zip,فنورد.zip!فنورد_۱۳۹۲_۱۲_۲۹_separate_ن-۱۰_صورتهای مالی سال مالی منتهی به ۱۳۹۲_۱۲_۲۹ (حسابرسی شده).xlsx,فنورد_۱۳۹۲_۱۲_۲۹_separate_ن-۱۰_صورتهای مالی سال مالی منتهی به ۱۳۹۲_۱۲_۲۹ (حسابرسی شده).xlsx,OLE2_LEGACY_EXCEL,.xlsx,72192,501dbbacd814eba2e3eb361b848040a57096f631c65210b9ac6f13808266cd55,OK,,577,PAYLOAD_SUBSTANTIVE,,فنورد,1392,1392/12/29,separate,audited,original,DETECTED,Sheet1,9,72,1392/12/29,Sheet1!R6C4,مقبول,UNQUALIFIED_FAIR_FORMULA|HEADING_CELL,Sheet1!R29C14,Sheet1!R30C2,,,1393/04/10,Sheet1!R60C23,,نورد وتولید قطعات فولادی
اکسل های صورت مالی کل زیپ ۱۳۹۲-۱۴۰۲.zip,فنورد.zip,فنورد.zip!فنورد_۱۳۹۳_۱۲_۲۹_separate_ن-۱۰_صورتهای مالی سال مالی منتهی به ۱۳۹۳_۱۲_۲۹ (حسابرسی شده).xlsx,فنورد_۱۳۹۳_۱۲_۲۹_separate_ن-۱۰_صورتهای مالی سال مالی منتهی به ۱۳۹۳_۱۲_۲۹ (حسابرسی شده).xlsx,OLE2_LEGACY_EXCEL,.xlsx,71680,8f4aaf7100e5bf86f7f63710b6e3b3fd3f64ae1d227945e6286f8e21c974d9c0,OK,,603,PAYLOAD_SUBSTANTIVE,,فنورد,1393,1393/12/29,separate,audited,original,DETECTED,Sheet1,9,66,1393/12/29,Sheet1!R6C4,مقبول,UNQUALIFIED_FAIR_FORMULA|HEADING_CELL,Sheet1!R28C14,Sheet1!R29C2,,,1394/04/06,Sheet1!R57C23,,نورد و تولید قطعات فولادی
اکسل های صورت مالی کل زیپ ۱۳۹۲-۱۴۰۲.zip,فنورد.zip,فنورد.zip!فنورد_۱۳۹۴_۱۲_۲۹_separate_ن-۱۰_صورت‌های مالی سال مالی منتهی به ۱۳۹۴_۱۲_۲۹ (حسابرسی شده).xlsx,فنورد_۱۳۹۴_۱۲_۲۹_separate_ن-۱۰_صورت‌های مالی سال مالی منتهی به ۱۳۹۴_۱۲_۲۹ (حسابرسی شده).xlsx,OLE2_LEGACY_EXCEL,.xlsx,80896,ad1d5d795da6bc58358369f0bf24baa6f505e9c3d605aa2f20c951c4567b18a9,OK,,634,PAYLOAD_SUBSTANTIVE,,فنورد,1394,1394/12/29,separate,audited,original,DETECTED,Sheet1,9,72,1394/12/29,Sheet1!R6C4,مشروط,QUALIFIED_FAIR_WITH_EXCEPTION|HEADING_CELL,Sheet1!R39C14,Sheet1!R40C2,,,1395/04/15,Sheet1!R63C23,,نورد و تولید قطعات فولادی
اکسل های صورت مالی کل زیپ ۱۳۹۲-۱۴۰۲.zip,فنورد.zip,فنورد.zip!فنورد_۱۳۹۵_۱۲_۳۰_separate_ن-۱۰_صورت‌های مالی سال مالی منتهی به ۱۳۹۵_۱۲_۳۰ (حسابرسی شده).xlsx,فنورد_۱۳۹۵_۱۲_۳۰_separate_ن-۱۰_صورت‌های مالی سال مالی منتهی به ۱۳۹۵_۱۲_۳۰ (حسابرسی شده).xlsx,OLE2_LEGACY_EXCEL,.xlsx,78336,0dd7a090c236c182af7aff6137ce3dc5326037ffd158a4ead20c088fc1b4d696,OK,,634,PAYLOAD_SUBSTANTIVE,,فنورد,1395,1395/12/30,separate,audited,original,DETECTED,Sheet1,11,71,1395/12/30,Sheet1!R8C4,مشروط,QUALIFIED_FAIR_WITH_EXCEPTION|HEADING_CELL,Sheet1!R40C12,Sheet1!R41C2,,,1396/04/14,Sheet1!R62C20,,نورد و تولید قطعات فولادی
اکسل های صورت مالی کل زیپ ۱۳۹۲-۱۴۰۲.zip,فنورد.zip,فنورد.zip!فنورد_۱۳۹۶_۱۲_۲۹_separate_ن-۱۰_صورت‌های مالی سال مالی منتهی به ۱۳۹۶_۱۲_۲۹ (حسابرسی شده).xlsx,فنورد_۱۳۹۶_۱۲_۲۹_separate_ن-۱۰_صورت‌های مالی سال مالی منتهی به ۱۳۹۶_۱۲_۲۹ (حسابرسی شده).xlsx,OLE2_LEGACY_EXCEL,.xlsx,80384,803f558e94c953e63dd2a6aff8e51074826fc6e399f3475c5f701ae2ce6a7592,OK,,635,PAYLOAD_SUBSTANTIVE,,فنورد,1396,1396/12/29,separate,audited,original,DETECTED,Sheet1,11,80,1396/12/29,Sheet1!R8C4,مشروط,QUALIFIED_FAIR_WITH_EXCEPTION|HEADING_CELL,Sheet1!R39C12,Sheet1!R40C2,,,1397/04/12,Sheet1!R71C20,,نورد و تولید قطعات فولادی
اکسل های صورت مالی کل زیپ ۱۳۹۲-۱۴۰۲.zip,فنورد.zip,فنورد.zip!فنورد_۱۳۹۷_۱۲_۲۹_separate_ن-۱۰_صورت‌های مالی سال مالی منتهی به ۱۳۹۷_۱۲_۲۹ (حسابرسی شده).xlsx,فنورد_۱۳۹۷_۱۲_۲۹_separate_ن-۱۰_صورت‌های مالی سال مالی منتهی به ۱۳۹۷_۱۲_۲۹ (حسابرسی شده).xlsx,HTML_MISLABELED_XLSX,.xlsx,113568,24f430a4f6a76ead2d31997eec534257c6f6e75a5c73683c5fd3af1628f29a77,OK,,495,PAYLOAD_SUBSTANTIVE,,فنورد,1397,1397/12/29,separate,audited,original,NOT_DETECTED,,,,1397/12/29,HTML_TABLE_1!R1C2,,,,,,NO_AUDITOR_BLOCK_DETECTED,,,NO_AUDITOR_BLOCK_DETECTED,
اکسل های صورت مالی کل زیپ ۱۳۹۲-۱۴۰۲.zip,فنورد.zip,فنورد.zip!فنورد_۱۳۹۸_۱۲_۲۹_separate_ن-۱۰_صورت‌های مالی سال مالی منتهی به ۱۳۹۸_۱۲_۲۹ (حسابرسی شده).xlsx,فنورد_۱۳۹۸_۱۲_۲۹_separate_ن-۱۰_صورت‌های مالی سال مالی منتهی به ۱۳۹۸_۱۲_۲۹ (حسابرسی شده).xlsx,HTML_MISLABELED_XLSX,.xlsx,300120,dd9debf2fb09918bfb27de6c4aa45daeb081bfb6ef8b998da0f2e3a2b47249f3,OK,,1394,PAYLOAD_SUBSTANTIVE,,فنورد,1398,1398/12/29,separate,audited,original,NOT_DETECTED,,,,1398/12/29,HTML_TABLE_1!R1C2,,,,,,NO_AUDITOR_BLOCK_DETECTED,,,NO_AUDITOR_BLOCK_DETECTED,
اکسل های صورت مالی کل زیپ ۱۳۹۲-۱۴۰۲.zip,فنورد.zip,فنورد.zip!فنورد_۱۳۹۹_۱۲_۳۰_separate_ن-۱۰_صورت‌های مالی سال مالی منتهی به ۱۳۹۹_۱۲_۳۰ (حسابرسی شده).xlsx,فنورد_۱۳۹۹_۱۲_۳۰_separate_ن-۱۰_صورت‌های مالی سال مالی منتهی به ۱۳۹۹_۱۲_۳۰ (حسابرسی شده).xlsx,HTML_MISLABELED_XLSX,.xlsx,295718,d08d0de236abce39d410994658704fbc61b5f00f22a3415847d5000bff3da5b0,OK,,1369,PAYLOAD_SUBSTANTIVE,,فنورد,1399,1399/12/30,separate,audited,original,NOT_DETECTED,,,,1399/12/30,HTML_TABLE_1!R1C2,,,,,,NO_AUDITOR_BLOCK_DETECTED,,,NO_AUDITOR_BLOCK_DETECTED,
اکسل های صورت مالی کل زیپ ۱۳۹۲-۱۴۰۲.zip,فنورد.zip,فنورد.zip!فنورد_۱۴۰۰_۱۲_۲۹_separate_ن-۱۰_صورت‌های مالی سال مالی منتهی به ۱۴۰۰_۱۲_۲۹ (حسابرسی شده).xlsx,فنورد_۱۴۰۰_۱۲_۲۹_separate_ن-۱۰_صورت‌های مالی سال مالی منتهی به ۱۴۰۰_۱۲_۲۹ (حسابرسی شده).xlsx,HTML_MISLABELED_XLSX,.xlsx,390708,d2dd81c6ad20e61e489889efbda57507c72e02913905c0cc32087bd2f3703ce3,OK,,1838,PAYLOAD_SUBSTANTIVE,,فنورد,1400,1400/12/29,separate,audited,original,NOT_DETECTED,,,,1400/12/29,HTML_TABLE_1!R1C2,,,,,,NO_AUDITOR_BLOCK_DETECTED,,,NO_AUDITOR_BLOCK_DETECTED,
اکسل های صورت مالی کل زیپ ۱۳۹۲-۱۴۰۲.zip,فنورد.zip,فنورد.zip!فنورد_۱۴۰۰_۱۲_۲۹_separate_ن-۱۰_صورت‌های مالی سال مالی منتهی به ۱۴۰۰_۱۲_۲۹ (حسابرسی شده)(اصلاحیه).xlsx,فنورد_۱۴۰۰_۱۲_۲۹_separate_ن-۱۰_صورت‌های مالی سال مالی منتهی به ۱۴۰۰_۱۲_۲۹ (حسابرسی شده)(اصلاحیه).xlsx,HTML_MISLABELED_XLSX,.xlsx,2908,64c184b37ee4767f97ee207cd261c0c9d0dc17e2486ca4ef4c860c40e679b478,OK,,1,PAYLOAD_NON_SUBSTANTIVE,SUSPICIOUS_SMALL_PAYLOAD:2908_bytes,فنورد,1400,1400/12/29,separate,audited,correction,NOT_DETECTED,,,,,,,,,,,NO_AUDITOR_BLOCK_DETECTED,,,NO_AUDITOR_BLOCK_DETECTED,
اکسل های صورت مالی کل زیپ ۱۳۹۲-۱۴۰۲.zip,فنورد.zip,فنورد.zip!فنورد_۱۴۰۱_۱۲_۲۹_separate_ن-۱۰_صورت‌های مالی سال مالی منتهی به ۱۴۰۱_۱۲_۲۹ (حسابرسی شده).xlsx,فنورد_۱۴۰۱_۱۲_۲۹_separate_ن-۱۰_صورت‌های مالی سال مالی منتهی به ۱۴۰۱_۱۲_۲۹ (حسابرسی شده).xlsx,HTML_MISLABELED_XLSX,.xlsx,429771,5e59e43871b8d54a15e1c0aaee66385bb6a2d853df55c96f7ef673c5f6c860ed,OK,,2039,PAYLOAD_SUBSTANTIVE,,فنورد,1401,1401/12/29,separate,audited,original,NOT_DETECTED,,,,1401/12/29,HTML_TABLE_1!R1C2,,,,,,NO_AUDITOR_BLOCK_DETECTED,,,NO_AUDITOR_BLOCK_DETECTED,
اکسل های صورت مالی کل زیپ ۱۳۹۲-۱۴۰۲.zip,فنورد.zip,فنورد.zip!فنورد_۱۴۰۲_۱۲_۲۹_separate_ن-۱۰_صورت‌های مالی سال مالی منتهی به ۱۴۰۲_۱۲_۲۹ (حسابرسی شده).xlsx,فنورد_۱۴۰۲_۱۲_۲۹_separate_ن-۱۰_صورت‌های مالی سال مالی منتهی به ۱۴۰۲_۱۲_۲۹ (حسابرسی شده).xlsx,HTML_MISLABELED_XLSX,.xlsx,330477,6079892eccdfe5fff52a72bb0b935d258ce177baebac8643fd93feae6ff1cb29,OK,,1512,PAYLOAD_SUBSTANTIVE,,فنورد,1402,1402/12/29,separate,audited,original,NOT_DETECTED,,,,1402/12/29,HTML_TABLE_1!R1C2,,,,,,NO_AUDITOR_BLOCK_DETECTED,,,NO_AUDITOR_BLOCK_DETECTED,
اکسل های صورت مالی کل زیپ ۱۳۹۲-۱۴۰۲.zip,فولاژ.zip,فولاژ.zip!فولاژ_۱۳۹۱_۱۲_۳۰_separate_ن-۱۰_صورتهای مالی سال مالی منتهی به ۱۳۹۱_۱۲_۳۰ (حسابرسی شده).xlsx,فولاژ_۱۳۹۱_۱۲_۳۰_separate_ن-۱۰_صورتهای مالی سال مالی منتهی به ۱۳۹۱_۱۲_۳۰ (حسابرسی شده).xlsx,OLE2_LEGACY_EXCEL,.xlsx,60928,fb3f376af8bf09988e0b95b2101c5cb3a14cf269922a7e34fd4e058662ed2a63,OK,,456,PAYLOAD_SUBSTANTIVE,,فولاژ,1391,1391/12/30,separate,audited,original,DETECTED,Sheet1,9,66,1391/12/30,Sheet1!R6C4,مقبول,UNQUALIFIED_FAIR_FORMULA|HEADING_CELL,Sheet1!R28C14,Sheet1!R29C2,,,1392/03/30,Sheet1!R59C23,,فولاد آلیاژی ایران
اکسل های صورت مالی کل زیپ ۱۳۹۲-۱۴۰۲.zip,فولاژ.zip,فولاژ.zip!فولاژ_۱۳۹۲_۱۲_۲۹_separate_ن-۱۰_صورتهای مالی سال مالی منتهی به ۱۳۹۲_۱۲_۲۹ (حسابرسی شده).xlsx,فولاژ_۱۳۹۲_۱۲_۲۹_separate_ن-۱۰_صورتهای مالی سال مالی منتهی به ۱۳۹۲_۱۲_۲۹ (حسابرسی شده).xlsx,OLE2_LEGACY_EXCEL,.xlsx,80384,9eee92ad950239ea0f3f1156fa2ab7e8abec4a5eb0616fd61f3b16343dabfff6,OK,,581,PAYLOAD_SUBSTANTIVE,,فولاژ,1392,1392/12/29,separate,audited,original,DETECTED,Sheet1,9,90,1392/12/29,Sheet1!R6C4,مقبول,UNQUALIFIED_FAIR_FORMULA|HEADING_CELL,Sheet1!R30C14,Sheet1!R31C2,,,1393/04/04,Sheet1!R82C23,,فولاد آلیاژی ایران
اکسل های صورت مالی کل زیپ ۱۳۹۲-۱۴۰۲.zip,فولاژ.zip,فولاژ.zip!فولاژ_۱۳۹۳_۱۲_۲۹_separate_ن-۱۰_صورتهای مالی سال مالی منتهی به ۱۳۹۳_۱۲_۲۹ (حسابرسی شده).xlsx,فولاژ_۱۳۹۳_۱۲_۲۹_separate_ن-۱۰_صورتهای مالی سال مالی منتهی به ۱۳۹۳_۱۲_۲۹ (حسابرسی شده).xlsx,OLE2_LEGACY_EXCEL,.xlsx,83968,940e364a6c04f88e6696e3e3b184ba2993d6320682f0cb85a749ca74763d9eb8,OK,,607,PAYLOAD_SUBSTANTIVE,,فولاژ,1393,1393/12/29,separate,audited,original,DETECTED,Sheet1,9,97,1393/12/29,Sheet1!R6C4,مقبول,UNQUALIFIED_FAIR_FORMULA|HEADING_CELL,Sheet1!R30C14,Sheet1!R31C2,,,1394/04/16,Sheet1!R89C23,,فولاد آلیاژی ایران
اکسل های صورت مالی کل زیپ ۱۳۹۲-۱۴۰۲.zip,فولاژ.zip,فولاژ.zip!فولاژ_۱۳۹۴_۱۲_۲۹_separate_ن-۱۰_صورت‌های مالی سال مالی منتهی به ۱۳۹۴_۱۲_۲۹ (حسابرسی شده).xlsx,فولاژ_۱۳۹۴_۱۲_۲۹_separate_ن-۱۰_صورت‌های مالی سال مالی منتهی به ۱۳۹۴_۱۲_۲۹ (حسابرسی شده).xlsx,OLE2_LEGACY_EXCEL,.xlsx,86528,696fde5c9314b4eefdbccfc48527153726c0b4525e5406a6b588355a194651b5,OK,,665,PAYLOAD_SUBSTANTIVE,,فولاژ,1394,1394/12/29,separate,audited,original,DETECTED,Sheet1,9,82,1394/12/29,Sheet1!R6C4,مقبول,UNQUALIFIED_FAIR_FORMULA|HEADING_CELL,Sheet1!R28C14,Sheet1!R29C2,,,1395/04/05,Sheet1!R74C23,,فولاد آلیاژی ایران
اکسل های صورت مالی کل زیپ ۱۳۹۲-۱۴۰۲.zip,فولاژ.zip,فولاژ.zip!فولاژ_۱۳۹۵_۱۲_۳۰_separate_ن-۱۰_صورت‌های مالی سال مالی منتهی به ۱۳۹۵_۱۲_۳۰ (حسابرسی شده).xlsx,فولاژ_۱۳۹۵_۱۲_۳۰_separate_ن-۱۰_صورت‌های مالی سال مالی منتهی به ۱۳۹۵_۱۲_۳۰ (حسابرسی شده).xlsx,OLE2_LEGACY_EXCEL,.xlsx,82432,5c6f213e05e45741b359038bc6e1bc9937c1380b6a60c2acd643228ff57bfa3e,OK,,659,PAYLOAD_SUBSTANTIVE,,فولاژ,1395,1395/12/30,separate,audited,original,DETECTED,Sheet1,11,79,1395/12/30,Sheet1!R8C4,مقبول,UNQUALIFIED_FAIR_FORMULA|HEADING_CELL,Sheet1!R31C12,Sheet1!R32C2,,,1396/04/04,Sheet1!R71C20,,فولاد آلیاژی ایران
اکسل های صورت مالی کل زیپ ۱۳۹۲-۱۴۰۲.zip,فولاژ.zip,فولاژ.zip!فولاژ_۱۳۹۶_۱۲_۲۹_consolidated_ن-۱۰_صورت‌های مالی تلفیقی سال مالی منتهی به ۱۳۹۶_۱۲_۲۹ (حسابرسی شده).xlsx,فولاژ_۱۳۹۶_۱۲_۲۹_consolidated_ن-۱۰_صورت‌های مالی تلفیقی سال مالی منتهی به ۱۳۹۶_۱۲_۲۹ (حسابرسی شده).xlsx,OLE2_LEGACY_EXCEL,.xlsx,131584,61aecaf7ab624959c3714b35f395c1213077af9198a507f64857b9c5703b6203,OK,,1409,PAYLOAD_SUBSTANTIVE,,فولاژ,1396,1396/12/29,consolidated,audited,original,DETECTED,Sheet1,11,80,1396/12/29,Sheet1!R8C4,مقبول,UNQUALIFIED_FAIR_FORMULA|HEADING_CELL,Sheet1!R29C12,Sheet1!R30C2,,,1397/04/16,Sheet1!R72C20,,فولاد آلیاژی ایران
اکسل های صورت مالی کل زیپ ۱۳۹۲-۱۴۰۲.zip,فولاژ.zip,فولاژ.zip!فولاژ_۱۳۹۷_۱۲_۲۹_consolidated_ن-۱۰_صورت‌های مالی تلفیقی سال مالی منتهی به ۱۳۹۷_۱۲_۲۹ (حسابرسی شده).xlsx,فولاژ_۱۳۹۷_۱۲_۲۹_consolidated_ن-۱۰_صورت‌های مالی تلفیقی سال مالی منتهی به ۱۳۹۷_۱۲_۲۹ (حسابرسی شده).xlsx,HTML_MISLABELED_XLSX,.xlsx,5930,9f6cd4f36ced7e029f8def6dda2786c53e4f6079715cb9e330fe4601988732d7,OK,,1,PAYLOAD_NON_SUBSTANTIVE,ONLY_1_CELLS,فولاژ,1397,1397/12/29,consolidated,audited,original,NOT_DETECTED,,,,,,,,,,,NO_AUDITOR_BLOCK_DETECTED,,,NO_AUDITOR_BLOCK_DETECTED,
اکسل های صورت مالی کل زیپ ۱۳۹۲-۱۴۰۲.zip,فولاژ.zip,فولاژ.zip!فولاژ_۱۳۹۸_۱۲_۲۹_consolidated_ن-۱۰_صورت‌های مالی تلفیقی سال مالی منتهی به ۱۳۹۸_۱۲_۲۹ (حسابرسی شده).xlsx,فولاژ_۱۳۹۸_۱۲_۲۹_consolidated_ن-۱۰_صورت‌های مالی تلفیقی سال مالی منتهی به ۱۳۹۸_۱۲_۲۹ (حسابرسی شده).xlsx,HTML_MISLABELED_XLSX,.xlsx,493333,d504453bfc20f8bd4c4037285d91d34f3c8fc84a46d06b31e0957819a6b7da24,OK,,2337,PAYLOAD_SUBSTANTIVE,,فولاژ,1398,1398/12/29,consolidated,audited,original,NOT_DETECTED,,,,1398/12/29,HTML_TABLE_1!R1C2,,,,,,NO_AUDITOR_BLOCK_DETECTED,,,NO_AUDITOR_BLOCK_DETECTED,
اکسل های صورت مالی کل زیپ ۱۳۹۲-۱۴۰۲.zip,فولاژ.zip,فولاژ.zip!فولاژ_۱۳۹۹_۱۲_۳۰_consolidated_ن-۱۰_صورت‌های مالی تلفیقی سال مالی منتهی به ۱۳۹۹_۱۲_۳۰ (حسابرسی شده).xlsx,فولاژ_۱۳۹۹_۱۲_۳۰_consolidated_ن-۱۰_صورت‌های مالی تلفیقی سال مالی منتهی به ۱۳۹۹_۱۲_۳۰ (حسابرسی شده).xlsx,HTML_MISLABELED_XLSX,.xlsx,493346,f13324224246d1fb7c9262075096754c4160531d4f771c597fa81ae2dccbf866,OK,,2341,PAYLOAD_SUBSTANTIVE,,فولاژ,1399,1399/12/30,consolidated,audited,original,NOT_DETECTED,,,,1399/12/30,HTML_TABLE_1!R1C2,,,,,,NO_AUDITOR_BLOCK_DETECTED,,,NO_AUDITOR_BLOCK_DETECTED,
اکسل های صورت مالی کل زیپ ۱۳۹۲-۱۴۰۲.zip,فولاژ.zip,فولاژ.zip!فولاژ_۱۳۹۹_۱۲_۳۰_consolidated_ن-۱۰_صورت‌های مالی تلفیقی سال مالی منتهی به ۱۳۹۹_۱۲_۳۰ (حسابرسی شده)(اصلاحیه).xlsx,فولاژ_۱۳۹۹_۱۲_۳۰_consolidated_ن-۱۰_صورت‌های مالی تلفیقی سال مالی منتهی به ۱۳۹۹_۱۲_۳۰ (حسابرسی شده)(اصلاحیه).xlsx,HTML_MISLABELED_XLSX,.xlsx,493348,732d27635af1d72753b6e57e8c2b599900c4960f767122179bf0a7c97d4142fb,OK,,2341,PAYLOAD_SUBSTANTIVE,,فولاژ,1399,1399/12/30,consolidated,audited,correction,NOT_DETECTED,,,,1399/12/30,HTML_TABLE_1!R1C2,,,,,,NO_AUDITOR_BLOCK_DETECTED,,,NO_AUDITOR_BLOCK_DETECTED,
اکسل های صورت مالی کل زیپ ۱۳۹۲-۱۴۰۲.zip,فولاژ.zip,فولاژ.zip!فولاژ_۱۴۰۰_۱۲_۲۹_consolidated_ن-۱۰_صورت‌های مالی تلفیقی سال مالی منتهی به ۱۴۰۰_۱۲_۲۹ (حسابرسی شده).xlsx,فولاژ_۱۴۰۰_۱۲_۲۹_consolidated_ن-۱۰_صورت‌های مالی تلفیقی سال مالی منتهی به ۱۴۰۰_۱۲_۲۹ (حسابرسی شده).xlsx,HTML_MISLABELED_XLSX,.xlsx,587602,72c79c939b91d3004ef6c1ce3cbfb466c0854301fc6cc907faaef9c384ab86b4,OK,,2773,PAYLOAD_SUBSTANTIVE,,فولاژ,1400,1400/12/29,consolidated,audited,original,NOT_DETECTED,,,,1400/12/29,HTML_TABLE_1!R1C3,,,,,,NO_AUDITOR_BLOCK_DETECTED,,,NO_AUDITOR_BLOCK_DETECTED,
اکسل های صورت مالی کل زیپ ۱۳۹۲-۱۴۰۲.zip,فولاژ.zip,فولاژ.zip!فولاژ_۱۴۰۱_۱۲_۲۹_consolidated_ن-۱۰_صورت‌های مالی تلفیقی سال مالی منتهی به ۱۴۰۱_۱۲_۲۹ (حسابرسی شده).xlsx,فولاژ_۱۴۰۱_۱۲_۲۹_consolidated_ن-۱۰_صورت‌های مالی تلفیقی سال مالی منتهی به ۱۴۰۱_۱۲_۲۹ (حسابرسی شده).xlsx,HTML_MISLABELED_XLSX,.xlsx,643862,37764828eee9d00b54e2c1a21e7e008982f7a92b35472d69597dcaaa8ff42a12,OK,,2915,PAYLOAD_SUBSTANTIVE,,فولاژ,1401,1401/12/29,consolidated,audited,original,NOT_DETECTED,,,,1401/12/29,HTML_TABLE_1!R1C2,,,,,,NO_AUDITOR_BLOCK_DETECTED,,,NO_AUDITOR_BLOCK_DETECTED,
اکسل های صورت مالی کل زیپ ۱۳۹۲-۱۴۰۲.zip,فولاژ.zip,فولاژ.zip!فولاژ_۱۴۰۲_۱۲_۲۹_consolidated_ن-۱۰_صورت‌های مالی تلفیقی سال مالی منتهی به ۱۴۰۲_۱۲_۲۹ (حسابرسی شده).xlsx,فولاژ_۱۴۰۲_۱۲_۲۹_consolidated_ن-۱۰_صورت‌های مالی تلفیقی سال مالی منتهی به ۱۴۰۲_۱۲_۲۹ (حسابرسی شده).xlsx,HTML_MISLABELED_XLSX,.xlsx,653483,58ec43b64b6aa8f5ad3b39d89864487fa0072f7028a5244b013ce11c54abbaf8,OK,,2982,PAYLOAD_SUBSTANTIVE,,فولاژ,1402,1402/12/29,consolidated,audited,original,NOT_DETECTED,,,,1402/12/29,HTML_TABLE_1!R1C2,,,,,,NO_AUDITOR_BLOCK_DETECTED,,,NO_AUDITOR_BLOCK_DETECTED,
اکسل های صورت مالی کل زیپ ۱۳۹۲-۱۴۰۲.zip,كاوه.zip,كاوه.zip!كاوه_۱۳۹۱_۱۲_۳۰_separate_ن-۱۰_صورتهای مالی سال مالی منتهی به ۱۳۹۱_۱۲_۳۰ (حسابرسی شده).xlsx,كاوه_۱۳۹۱_۱۲_۳۰_separate_ن-۱۰_صورتهای مالی سال مالی منتهی به ۱۳۹۱_۱۲_۳۰ (حسابرسی شده).xlsx,OLE2_LEGACY_EXCEL,.xlsx,55296,b7357e885a229e82b64670bc630a00527dca431fb2a1095b681592f09b338b6a,OK,,544,PAYLOAD_SUBSTANTIVE,,کاوه,1391,1391/12/30,separate,audited,original,DETECTED,Sheet1,9,26,1391/12/30,Sheet1!R6C4,,,Sheet1!R20C14,,,NO_DECISIVE_OPINION_PARAGRAPH_IN_BLOCK;REFERRAL_TO_ATTACHMENT,1392/04/20,Sheet1!R23C23,ACCEPTED_NO_SIGNATURE_MARKER_NEARBY,
اکسل های صورت مالی کل زیپ ۱۳۹۲-۱۴۰۲.zip,كاوه.zip,كاوه.zip!كاوه_۱۳۹۲_۱۲_۲۹_separate_ن-۱۰_صورتهای مالی سال مالی منتهی به ۱۳۹۲_۱۲_۲۹ (حسابرسی شده).xlsx,كاوه_۱۳۹۲_۱۲_۲۹_separate_ن-۱۰_صورتهای مالی سال مالی منتهی به ۱۳۹۲_۱۲_۲۹ (حسابرسی شده).xlsx,OLE2_LEGACY_EXCEL,.xlsx,55808,a3b86dcf5d4e664b57effd8ffc3e873f80d19beff438ae2007266b823816e9ae,OK,,546,PAYLOAD_SUBSTANTIVE,,کاوه,1392,1392/12/29,separate,audited,original,DETECTED,Sheet1,9,26,1392/12/29,Sheet1!R6C4,,,Sheet1!R20C14,,,NO_DECISIVE_OPINION_PARAGRAPH_IN_BLOCK;REFERRAL_TO_ATTACHMENT,1393/04/11,Sheet1!R23C23,ACCEPTED_NO_SIGNATURE_MARKER_NEARBY,
اکسل های صورت مالی کل زیپ ۱۳۹۲-۱۴۰۲.zip,كاوه.zip,كاوه.zip!كاوه_۱۳۹۳_۱۲_۲۹_separate_ن-۱۰_صورتهای مالی سال مالی منتهی به ۱۳۹۳_۱۲_۲۹ (حسابرسی شده).xlsx,كاوه_۱۳۹۳_۱۲_۲۹_separate_ن-۱۰_صورتهای مالی سال مالی منتهی به ۱۳۹۳_۱۲_۲۹ (حسابرسی شده).xlsx,OLE2_LEGACY_EXCEL,.xlsx,75776,c0df55cd3f4cd3916f3ace25673d219eaf32d1494aeaa426dc7e46f7ff8c9b14,OK,,596,PAYLOAD_SUBSTANTIVE,,کاوه,1393,1393/12/29,separate,audited,original,DETECTED,Sheet1,9,79,1393/12/29,Sheet1!R6C4,مقبول,UNQUALIFIED_FAIR_FORMULA|HEADING_CELL,Sheet1!R28C14,Sheet1!R29C2,,,1394/04/06,Sheet1!R70C23,,فولاد کاوه جنوب کیش
اکسل های صورت مالی کل زیپ ۱۳۹۲-۱۴۰۲.zip,كاوه.zip,كاوه.zip!كاوه_۱۳۹۴_۱۲_۲۹_separate_ن-۱۰_صورت‌های مالی سال مالی منتهی به ۱۳۹۴_۱۲_۲۹ (حسابرسی شده).xlsx,كاوه_۱۳۹۴_۱۲_۲۹_separate_ن-۱۰_صورت‌های مالی سال مالی منتهی به ۱۳۹۴_۱۲_۲۹ (حسابرسی شده).xlsx,OLE2_LEGACY_EXCEL,.xlsx,83968,893bec784ccbf026d89d22eb9a9811f9ca60fa04ce6f0b8dcbda34d07e850687,OK,,644,PAYLOAD_SUBSTANTIVE,,کاوه,1394,1394/12/29,separate,audited,original,DETECTED,Sheet1,9,78,1394/12/29,Sheet1!R6C4,مقبول,UNQUALIFIED_FAIR_FORMULA|HEADING_CELL,Sheet1!R28C14,Sheet1!R29C2,,,1395/04/05,Sheet1!R69C23,,فولاد کاوه جنوب کیش
اکسل های صورت مالی کل زیپ ۱۳۹۲-۱۴۰۲.zip,كاوه.zip,كاوه.zip!كاوه_۱۳۹۵_۱۲_۳۰_separate_ن-۱۰_صورت‌های مالی سال مالی منتهی به ۱۳۹۵_۱۲_۳۰ (حسابرسی شده).xlsx,كاوه_۱۳۹۵_۱۲_۳۰_separate_ن-۱۰_صورت‌های مالی سال مالی منتهی به ۱۳۹۵_۱۲_۳۰ (حسابرسی شده).xlsx,OLE2_LEGACY_EXCEL,.xlsx,79360,e986461801a2efa6af9a55baafc68e7f50e2ad96ea529b157f3e497c6d6f13b8,OK,,670,PAYLOAD_SUBSTANTIVE,,کاوه,1395,1395/12/30,separate,audited,original,DETECTED,Sheet1,11,66,1395/12/30,Sheet1!R8C4,مشروط,QUALIFIED_FAIR_WITH_EXCEPTION|HEADING_CELL,Sheet1!R32C12,Sheet1!R33C2,,,1396/04/21,Sheet1!R57C20,,فولاد کاوه جنوب کیش
اکسل های صورت مالی کل زیپ ۱۳۹۲-۱۴۰۲.zip,كاوه.zip,كاوه.zip!كاوه_۱۳۹۶_۱۲_۲۹_separate_ن-۱۰_صورت‌های مالی سال مالی منتهی به ۱۳۹۶_۱۲_۲۹ (حسابرسی شده).xlsx,كاوه_۱۳۹۶_۱۲_۲۹_separate_ن-۱۰_صورت‌های مالی سال مالی منتهی به ۱۳۹۶_۱۲_۲۹ (حسابرسی شده).xlsx,OLE2_LEGACY_EXCEL,.xlsx,83968,e08efa3bbf93256559d8fafb40e003b3709bc991bd4611d9a64561a90703558f,OK,,672,PAYLOAD_SUBSTANTIVE,,کاوه,1396,1396/12/29,separate,audited,original,DETECTED,Sheet1,11,81,1396/12/29,Sheet1!R8C4,مشروط,QUALIFIED_FAIR_WITH_EXCEPTION|HEADING_CELL,Sheet1!R32C12,Sheet1!R33C2,,,1397/03/19,Sheet1!R72C20,,فولاد کاوه جنوب کیش
اکسل های صورت مالی کل زیپ ۱۳۹۲-۱۴۰۲.zip,كاوه.zip,كاوه.zip!كاوه_۱۳۹۷_۱۲_۲۹_separate_ن-۱۰_صورت‌های مالی سال مالی منتهی به ۱۳۹۷_۱۲_۲۹ (حسابرسی شده).xlsx,كاوه_۱۳۹۷_۱۲_۲۹_separate_ن-۱۰_صورت‌های مالی سال مالی منتهی به ۱۳۹۷_۱۲_۲۹ (حسابرسی شده).xlsx,HTML_MISLABELED_XLSX,.xlsx,113939,1719efa470b2872333fa92dac9f016944e919946c95a3396ce9db102f3f16c14,OK,,495,PAYLOAD_SUBSTANTIVE,,کاوه,1397,1397/12/29,separate,audited,original,NOT_DETECTED,,,,1397/12/29,HTML_TABLE_1!R1C2,,,,,,NO_AUDITOR_BLOCK_DETECTED,,,NO_AUDITOR_BLOCK_DETECTED,
اکسل های صورت مالی کل زیپ ۱۳۹۲-۱۴۰۲.zip,كاوه.zip,كاوه.zip!كاوه_۱۳۹۸_۱۲_۲۹_consolidated_ن-۱۰_صورت‌های مالی تلفیقی سال مالی منتهی به ۱۳۹۸_۱۲_۲۹ (حسابرسی شده).xlsx,كاوه_۱۳۹۸_۱۲_۲۹_consolidated_ن-۱۰_صورت‌های مالی تلفیقی سال مالی منتهی به ۱۳۹۸_۱۲_۲۹ (حسابرسی شده).xlsx,HTML_MISLABELED_XLSX,.xlsx,494786,1b22c3af0826bdfac5de820d3a19a7e4d6c3e4487715d6ef52f28721ba66ab97,OK,,2320,PAYLOAD_SUBSTANTIVE,,کاوه,1398,1398/12/29,consolidated,audited,original,NOT_DETECTED,,,,1398/12/29,HTML_TABLE_1!R1C2,,,,,,NO_AUDITOR_BLOCK_DETECTED,,,NO_AUDITOR_BLOCK_DETECTED,
اکسل های صورت مالی کل زیپ ۱۳۹۲-۱۴۰۲.zip,كاوه.zip,كاوه.zip!كاوه_۱۳۹۹_۱۲_۳۰_consolidated_ن-۱۰_صورت‌های مالی تلفیقی سال مالی منتهی به ۱۳۹۹_۱۲_۳۰ (حسابرسی شده).xlsx,كاوه_۱۳۹۹_۱۲_۳۰_consolidated_ن-۱۰_صورت‌های مالی تلفیقی سال مالی منتهی به ۱۳۹۹_۱۲_۳۰ (حسابرسی شده).xlsx,HTML_MISLABELED_XLSX,.xlsx,495157,6b1458f6386883da9d02d06c8a4c1109a413c0036e3b459c260b52c2773fdde7,OK,,2332,PAYLOAD_SUBSTANTIVE,,کاوه,1399,1399/12/30,consolidated,audited,original,NOT_DETECTED,,,,1399/12/30,HTML_TABLE_1!R1C2,,,,,,NO_AUDITOR_BLOCK_DETECTED,,,NO_AUDITOR_BLOCK_DETECTED,
اکسل های صورت مالی کل زیپ ۱۳۹۲-۱۴۰۲.zip,كاوه.zip,كاوه.zip!كاوه_۱۴۰۰_۱۲_۲۹_consolidated_ن-۱۰_صورت‌های مالی تلفیقی سال مالی منتهی به ۱۴۰۰_۱۲_۲۹ (حسابرسی شده).xlsx,كاوه_۱۴۰۰_۱۲_۲۹_consolidated_ن-۱۰_صورت‌های مالی تلفیقی سال مالی منتهی به ۱۴۰۰_۱۲_۲۹ (حسابرسی شده).xlsx,HTML_MISLABELED_XLSX,.xlsx,558690,30254e4730d5e0dca594a649e26e3291384d95d2f6302e7c5ed95af559b25a26,OK,,2586,PAYLOAD_SUBSTANTIVE,,کاوه,1400,1400/12/29,consolidated,audited,original,NOT_DETECTED,,,,1400/12/29,HTML_TABLE_1!R1C2,,,,,,NO_AUDITOR_BLOCK_DETECTED,,,NO_AUDITOR_BLOCK_DETECTED,
اکسل های صورت مالی کل زیپ ۱۳۹۲-۱۴۰۲.zip,كاوه.zip,كاوه.zip!كاوه_۱۴۰۱_۱۲_۲۹_consolidated_ن-۱۰_صورت‌های مالی تلفیقی سال مالی منتهی به ۱۴۰۱_۱۲_۲۹ (حسابرسی شده).xlsx,كاوه_۱۴۰۱_۱۲_۲۹_consolidated_ن-۱۰_صورت‌های مالی تلفیقی سال مالی منتهی به ۱۴۰۱_۱۲_۲۹ (حسابرسی شده).xlsx,HTML_MISLABELED_XLSX,.xlsx,631969,90d30b575618e9ae631d16f24e2f2a9dfd5e30753029c0ee7df8d9d2d8bdbaee,OK,,2808,PAYLOAD_SUBSTANTIVE,,کاوه,1401,1401/12/29,consolidated,audited,original,NOT_DETECTED,,,,1401/12/29,HTML_TABLE_1!R1C2,,,,,,NO_AUDITOR_BLOCK_DETECTED,,,NO_AUDITOR_BLOCK_DETECTED,
اکسل های صورت مالی کل زیپ ۱۳۹۲-۱۴۰۲.zip,كاوه.zip,كاوه.zip!كاوه_۱۴۰۲_۱۲_۲۹_consolidated_ن-۱۰_صورت‌های مالی تلفیقی سال مالی منتهی به ۱۴۰۲_۱۲_۲۹ (حسابرسی شده).xlsx,كاوه_۱۴۰۲_۱۲_۲۹_consolidated_ن-۱۰_صورت‌های مالی تلفیقی سال مالی منتهی به ۱۴۰۲_۱۲_۲۹ (حسابرسی شده).xlsx,HTML_MISLABELED_XLSX,.xlsx,3922,77bc0d269600b7361cbc3c16d6d956409eafaa802ce1c87760ff5d387bbc975f,OK,,1,PAYLOAD_NON_SUBSTANTIVE,SUSPICIOUS_SMALL_PAYLOAD:3922_bytes,کاوه,1402,1402/12/29,consolidated,audited,original,NOT_DETECTED,,,,,,,,,,,NO_AUDITOR_BLOCK_DETECTED,,,NO_AUDITOR_BLOCK_DETECTED,
اکسل های صورت مالی کل زیپ ۱۳۹۲-۱۴۰۲.zip,كبافق.zip,كبافق.zip!كبافق_۱۳۹۱_۱۲_۳۰_separate_ن-۱۰_صورتهای مالی سال مالی منتهی به ۱۳۹۱_۱۲_۳۰ (حسابرسی شده).xlsx,كبافق_۱۳۹۱_۱۲_۳۰_separate_ن-۱۰_صورتهای مالی سال مالی منتهی به ۱۳۹۱_۱۲_۳۰ (حسابرسی شده).xlsx,OLE2_LEGACY_EXCEL,.xlsx,58880,c7bd635e3e97d3db90883030684c553bed3dd414a5e04203af2ff8a657e657b8,OK,,437,PAYLOAD_SUBSTANTIVE,,کبافق,1391,1391/12/30,separate,audited,original,DETECTED,Sheet1,9,58,1391/12/30,Sheet1!R6C4,مشروط,QUALIFIED_FAIR_WITH_EXCEPTION|HEADING_CELL,Sheet1!R31C14,Sheet1!R32C2,,,1392/03/22,Sheet1!R51C23,,معادن بافق
اکسل های صورت مالی کل زیپ ۱۳۹۲-۱۴۰۲.zip,كبافق.zip,كبافق.zip!كبافق_۱۳۹۲_۱۲_۲۹_separate_ن-۱۰_صورتهای مالی سال مالی منتهی به ۱۳۹۲_۱۲_۲۹ (حسابرسی شده).xlsx,كبافق_۱۳۹۲_۱۲_۲۹_separate_ن-۱۰_صورتهای مالی سال مالی منتهی به ۱۳۹۲_۱۲_۲۹ (حسابرسی شده).xlsx,OLE2_LEGACY_EXCEL,.xlsx,68608,03af6ec7d6c8622bf6b6254183ca5c4838d192268a1757fd0238b640057330cb,OK,,559,PAYLOAD_SUBSTANTIVE,,کبافق,1392,1392/12/29,separate,audited,original,DETECTED,Sheet1,9,65,1392/12/29,Sheet1!R6C4,مشروط,QUALIFIED_FAIR_WITH_EXCEPTION|HEADING_CELL,Sheet1!R32C14,Sheet1!R34C2,,,1393/04/09,Sheet1!R57C23,,معادن بافق
اکسل های صورت مالی کل زیپ ۱۳۹۲-۱۴۰۲.zip,كبافق.zip,كبافق.zip!كبافق_۱۳۹۳_۱۲_۲۹_separate_ن-۱۰_صورتهای مالی سال مالی منتهی به ۱۳۹۳_۱۲_۲۹ (حسابرسی شده).xlsx,كبافق_۱۳۹۳_۱۲_۲۹_separate_ن-۱۰_صورتهای مالی سال مالی منتهی به ۱۳۹۳_۱۲_۲۹ (حسابرسی شده).xlsx,OLE2_LEGACY_EXCEL,.xlsx,70656,a0aed59ec59b0d52670bde1cc6fb29c963f01f85d838768ad8e9580063d44758,OK,,593,PAYLOAD_SUBSTANTIVE,,کبافق,1393,1393/12/29,separate,audited,original,DETECTED,Sheet1,9,63,1393/12/29,Sheet1!R6C4,مشروط,QUALIFIED_FAIR_WITH_EXCEPTION|HEADING_CELL,Sheet1!R31C14,Sheet1!R32C2,,,1394/04/20,Sheet1!R55C23,,معادن بافق
اکسل های صورت مالی کل زیپ ۱۳۹۲-۱۴۰۲.zip,كبافق.zip,كبافق.zip!كبافق_۱۳۹۴_۱۲_۲۹_separate_ن-۱۰_صورت‌های مالی سال مالی منتهی به ۱۳۹۴_۱۲_۲۹ (حسابرسی شده).xlsx,كبافق_۱۳۹۴_۱۲_۲۹_separate_ن-۱۰_صورت‌های مالی سال مالی منتهی به ۱۳۹۴_۱۲_۲۹ (حسابرسی شده).xlsx,OLE2_LEGACY_EXCEL,.xlsx,78336,4e72023f4ec70c97ca1a93e88f10845d439e2cc34c1c4a4c7be126b6aa486434,OK,,634,PAYLOAD_SUBSTANTIVE,,کبافق,1394,1394/12/29,separate,audited,original,DETECTED,Sheet1,9,64,1394/12/29,Sheet1!R6C4,مشروط,QUALIFIED_FAIR_WITH_EXCEPTION|HEADING_CELL,Sheet1!R31C14,Sheet1!R32C2,,,1395/04/12,Sheet1!R56C23,,معادن بافق
اکسل های صورت مالی کل زیپ ۱۳۹۲-۱۴۰۲.zip,كبافق.zip,كبافق.zip!كبافق_۱۳۹۵_۱۲_۳۰_separate_ن-۱۰_صورت‌های مالی سال مالی منتهی به ۱۳۹۵_۱۲_۳۰ (حسابرسی شده).xlsx,كبافق_۱۳۹۵_۱۲_۳۰_separate_ن-۱۰_صورت‌های مالی سال مالی منتهی به ۱۳۹۵_۱۲_۳۰ (حسابرسی شده).xlsx,OLE2_LEGACY_EXCEL,.xlsx,81408,3bfbb7d56bb177eac8fe8cf14018deff5c8824b56aa678b68f90765e5caba86a,OK,,637,PAYLOAD_SUBSTANTIVE,,کبافق,1395,1395/12/30,separate,audited,original,DETECTED,Sheet1,11,84,1395/12/30,Sheet1!R8C4,مشروط,QUALIFIED_FAIR_WITH_EXCEPTION|HEADING_CELL,Sheet1!R38C12,Sheet1!R39C2,,,1396/04/11,Sheet1!R76C20,,معادن بافق
اکسل های صورت مالی کل زیپ ۱۳۹۲-۱۴۰۲.zip,كبافق.zip,كبافق.zip!كبافق_۱۳۹۶_۱۲_۲۹_separate_ن-۱۰_صورت‌های مالی سال مالی منتهی به ۱۳۹۶_۱۲_۲۹ (حسابرسی شده).xlsx,كبافق_۱۳۹۶_۱۲_۲۹_separate_ن-۱۰_صورت‌های مالی سال مالی منتهی به ۱۳۹۶_۱۲_۲۹ (حسابرسی شده).xlsx,OLE2_LEGACY_EXCEL,.xlsx,81920,bfd58977de2f20456782b6ad817145ce3a79b8d296a9c537f2e649d689e71bb6,OK,,641,PAYLOAD_SUBSTANTIVE,,کبافق,1396,1396/12/29,separate,audited,original,DETECTED,Sheet1,11,82,1396/12/29,Sheet1!R8C4,مشروط,QUALIFIED_FAIR_WITH_EXCEPTION|HEADING_CELL,Sheet1!R33C12,Sheet1!R35C2,,,1397/04/05,Sheet1!R74C20,,معادن بافق
اکسل های صورت مالی کل زیپ ۱۳۹۲-۱۴۰۲.zip,كبافق.zip,كبافق.zip!كبافق_۱۳۹۷_۱۲_۲۹_separate_ن-۱۰_صورت‌های مالی سال مالی منتهی به ۱۳۹۷_۱۲_۲۹ (حسابرسی شده).xlsx,كبافق_۱۳۹۷_۱۲_۲۹_separate_ن-۱۰_صورت‌های مالی سال مالی منتهی به ۱۳۹۷_۱۲_۲۹ (حسابرسی شده).xlsx,HTML_MISLABELED_XLSX,.xlsx,113233,e2c9b0100f5e0195f645dbc156fd3d8cbeb674af1afcfca132f93b6cb9e8e4f7,OK,,495,PAYLOAD_SUBSTANTIVE,,کبافق,1397,1397/12/29,separate,audited,original,NOT_DETECTED,,,,1397/12/29,HTML_TABLE_1!R1C2,,,,,,NO_AUDITOR_BLOCK_DETECTED,,,NO_AUDITOR_BLOCK_DETECTED,
اکسل های صورت مالی کل زیپ ۱۳۹۲-۱۴۰۲.zip,كبافق.zip,كبافق.zip!كبافق_۱۳۹۸_۱۲_۲۹_separate_ن-۱۰_صورت‌های مالی سال مالی منتهی به ۱۳۹۸_۱۲_۲۹ (حسابرسی شده).xlsx,كبافق_۱۳۹۸_۱۲_۲۹_separate_ن-۱۰_صورت‌های مالی سال مالی منتهی به ۱۳۹۸_۱۲_۲۹ (حسابرسی شده).xlsx,HTML_MISLABELED_XLSX,.xlsx,283838,2b8b4820597586eeb16a11a3c817f7f86c4f98f9ec40b9149b7699e001cec686,OK,,1301,PAYLOAD_SUBSTANTIVE,,کبافق,1398,1398/12/29,separate,audited,original,NOT_DETECTED,,,,1398/12/29,HTML_TABLE_1!R1C2,,,,,,NO_AUDITOR_BLOCK_DETECTED,,,NO_AUDITOR_BLOCK_DETECTED,
اکسل های صورت مالی کل زیپ ۱۳۹۲-۱۴۰۲.zip,كبافق.zip,كبافق.zip!كبافق_۱۳۹۹_۱۲_۳۰_separate_ن-۱۰_صورت‌های مالی سال مالی منتهی به ۱۳۹۹_۱۲_۳۰ (حسابرسی شده).xlsx,كبافق_۱۳۹۹_۱۲_۳۰_separate_ن-۱۰_صورت‌های مالی سال مالی منتهی به ۱۳۹۹_۱۲_۳۰ (حسابرسی شده).xlsx,HTML_MISLABELED_XLSX,.xlsx,283440,1fd71b7fbba121f08ae3eb473417b7232e9cee4be59b7e9f3106ff16ff390834,OK,,1299,PAYLOAD_SUBSTANTIVE,,کبافق,1399,1399/12/30,separate,audited,original,NOT_DETECTED,,,,1399/12/30,HTML_TABLE_1!R1C2,,,,,,NO_AUDITOR_BLOCK_DETECTED,,,NO_AUDITOR_BLOCK_DETECTED,
اکسل های صورت مالی کل زیپ ۱۳۹۲-۱۴۰۲.zip,كبافق.zip,كبافق.zip!كبافق_۱۴۰۰_۱۲_۲۹_separate_ن-۱۰_صورت‌های مالی سال مالی منتهی به ۱۴۰۰_۱۲_۲۹ (حسابرسی شده).xlsx,كبافق_۱۴۰۰_۱۲_۲۹_separate_ن-۱۰_صورت‌های مالی سال مالی منتهی به ۱۴۰۰_۱۲_۲۹ (حسابرسی شده).xlsx,HTML_MISLABELED_XLSX,.xlsx,351054,df61b328b9ee2939f8889f63bd0f31fca313d0bb80e62c2b692d682e2cbd3a13,OK,,1570,PAYLOAD_SUBSTANTIVE,,کبافق,1400,1400/12/29,separate,audited,original,NOT_DETECTED,,,,1400/12/29,HTML_TABLE_1!R1C2,,,,,,NO_AUDITOR_BLOCK_DETECTED,,,NO_AUDITOR_BLOCK_DETECTED,
اکسل های صورت مالی کل زیپ ۱۳۹۲-۱۴۰۲.zip,كبافق.zip,كبافق.zip!كبافق_۱۴۰۰_۱۲_۲۹_separate_ن-۱۰_صورت‌های مالی سال مالی منتهی به ۱۴۰۰_۱۲_۲۹ (حسابرسی شده)(اصلاحیه).xlsx,كبافق_۱۴۰۰_۱۲_۲۹_separate_ن-۱۰_صورت‌های مالی سال مالی منتهی به ۱۴۰۰_۱۲_۲۹ (حسابرسی شده)(اصلاحیه).xlsx,HTML_MISLABELED_XLSX,.xlsx,351054,72a2e28b652adc9bc7a9e2ea2a681f636f48e3e3b7b1d8f1d0bdac21d870b4a6,OK,,1570,PAYLOAD_SUBSTANTIVE,,کبافق,1400,1400/12/29,separate,audited,correction,NOT_DETECTED,,,,1400/12/29,HTML_TABLE_1!R1C2,,,,,,NO_AUDITOR_BLOCK_DETECTED,,,NO_AUDITOR_BLOCK_DETECTED,
اکسل های صورت مالی کل زیپ ۱۳۹۲-۱۴۰۲.zip,كبافق.zip,كبافق.zip!كبافق_۱۴۰۱_۱۲_۲۹_separate_ن-۱۰_صورت‌های مالی سال مالی منتهی به ۱۴۰۱_۱۲_۲۹ (حسابرسی شده).xlsx,كبافق_۱۴۰۱_۱۲_۲۹_separate_ن-۱۰_صورت‌های مالی سال مالی منتهی به ۱۴۰۱_۱۲_۲۹ (حسابرسی شده).xlsx,HTML_MISLABELED_XLSX,.xlsx,393763,99862017f1e4cba6845ebe70990b3623cc67731955203195c5d8f4f6604794f6,OK,,1808,PAYLOAD_SUBSTANTIVE,,کبافق,1401,1401/12/29,separate,audited,original,NOT_DETECTED,,,,1401/12/29,HTML_TABLE_1!R1C2,,,,,,NO_AUDITOR_BLOCK_DETECTED,,,NO_AUDITOR_BLOCK_DETECTED,
اکسل های صورت مالی کل زیپ ۱۳۹۲-۱۴۰۲.zip,كبافق.zip,كبافق.zip!كبافق_۱۴۰۲_۱۲_۲۹_separate_ن-۱۰_صورت‌های مالی سال مالی منتهی به ۱۴۰۲_۱۲_۲۹ (حسابرسی شده).xlsx,كبافق_۱۴۰۲_۱۲_۲۹_separate_ن-۱۰_صورت‌های مالی سال مالی منتهی به ۱۴۰۲_۱۲_۲۹ (حسابرسی شده).xlsx,HTML_MISLABELED_XLSX,.xlsx,391379,b0833e9d1787f2f3a7e0ceaf946272285f59d949771afa31f72353f671162102,OK,,1792,PAYLOAD_SUBSTANTIVE,,کبافق,1402,1402/12/29,separate,audited,original,NOT_DETECTED,,,,1402/12/29,HTML_TABLE_1!R1C2,,,,,,NO_AUDITOR_BLOCK_DETECTED,,,NO_AUDITOR_BLOCK_DETECTED,
اکسل های صورت مالی کل زیپ ۱۳۹۲-۱۴۰۲.zip,كرازي.zip,كرازي.zip!كرازي_۱۳۹۱_۱۲_۳۰_separate_ن-۱۰_صورتهای مالی سال مالی منتهی به ۱۳۹۱_۱۲_۳۰ (حسابرسی شده).xlsx,كرازي_۱۳۹۱_۱۲_۳۰_separate_ن-۱۰_صورتهای مالی سال مالی منتهی به ۱۳۹۱_۱۲_۳۰ (حسابرسی شده).xlsx,OLE2_LEGACY_EXCEL,.xlsx,58368,034f928332580701fa0227ddd9872ac0ca2083522264d714900d4cfbf66b6915,OK,,426,PAYLOAD_SUBSTANTIVE,,کرازی,1391,1391/12/30,separate,audited,original,DETECTED,Sheet1,9,79,1391/12/30,Sheet1!R6C4,مشروط,QUALIFIED_FAIR_WITH_EXCEPTION|HEADING_CELL,Sheet1!R31C14,Sheet1!R32C2,,,1392/03/12,Sheet1!R71C23,,
اکسل های صورت مالی کل زیپ ۱۳۹۲-۱۴۰۲.zip,كرازي.zip,كرازي.zip!كرازي_۱۳۹۲_۱۲_۲۹_separate_ن-۱۰_صورتهای مالی سال مالی منتهی به ۱۳۹۲_۱۲_۲۹ (حسابرسی شده).xlsx,كرازي_۱۳۹۲_۱۲_۲۹_separate_ن-۱۰_صورتهای مالی سال مالی منتهی به ۱۳۹۲_۱۲_۲۹ (حسابرسی شده).xlsx,OLE2_LEGACY_EXCEL,.xlsx,77824,f42eba0f6b55fcb7a68d09f19593a2ae7df646e24c38e624c7633866d9eb101a,OK,,552,PAYLOAD_SUBSTANTIVE,,کرازی,1392,1392/12/29,separate,audited,original,DETECTED,Sheet1,9,96,1392/12/29,Sheet1!R6C4,مشروط,QUALIFIED_FAIR_WITH_EXCEPTION|HEADING_CELL,Sheet1!R35C14,Sheet1!R36C2,,,1393/03/03,Sheet1!R88C23,,
اکسل های صورت مالی کل زیپ ۱۳۹۲-۱۴۰۲.zip,كرازي.zip,كرازي.zip!كرازي_۱۳۹۳_۱۲_۲۹_separate_ن-۱۰_صورتهای مالی سال مالی منتهی به ۱۳۹۳_۱۲_۲۹ (حسابرسی شده).xlsx,كرازي_۱۳۹۳_۱۲_۲۹_separate_ن-۱۰_صورتهای مالی سال مالی منتهی به ۱۳۹۳_۱۲_۲۹ (حسابرسی شده).xlsx,OLE2_LEGACY_EXCEL,.xlsx,71168,d4051440abcbae2995ed73c0f8010b7f99a95c78116e4baa108e791e93be1e5c,OK,,578,PAYLOAD_SUBSTANTIVE,,کرازی,1393,1393/12/29,separate,audited,original,DETECTED,Sheet1,9,64,1393/12/29,Sheet1!R6C4,مشروط,QUALIFIED_FAIR_WITH_EXCEPTION|HEADING_CELL,Sheet1!R31C14,Sheet1!R32C2,,,1394/03/05,Sheet1!R56C23,,کارخانجات تولیدی شیشه دارویی رازی
اکسل های صورت مالی کل زیپ ۱۳۹۲-۱۴۰۲.zip,كرازي.zip,كرازي.zip!كرازي_۱۳۹۴_۱۲_۲۹_consolidated_ن-۱۰_صورت‌های مالی تلفیقی سال مالی منتهی به ۱۳۹۴_۱۲_۲۹ (حسابرسی شده).xlsx,كرازي_۱۳۹۴_۱۲_۲۹_consolidated_ن-۱۰_صورت‌های مالی تلفیقی سال مالی منتهی به ۱۳۹۴_۱۲_۲۹ (حسابرسی شده).xlsx,OLE2_LEGACY_EXCEL,.xlsx,131584,6169ef18e90bc6cb901f1dcf01c843639f15673b35cbbb8e79e9c9b23a5b8a70,OK,,1373,PAYLOAD_SUBSTANTIVE,,کرازی,1394,1394/12/29,consolidated,audited,original,DETECTED,Sheet1,9,66,1394/12/29,Sheet1!R6C4,مشروط,QUALIFIED_FAIR_WITH_EXCEPTION|HEADING_CELL,Sheet1!R32C14,Sheet1!R34C2,,,1395/03/05,Sheet1!R58C23,,کارخانجات تولیدی شیشه دارویی رازی
اکسل های صورت مالی کل زیپ ۱۳۹۲-۱۴۰۲.zip,كرازي.zip,كرازي.zip!كرازي_۱۳۹۵_۱۲_۳۰_consolidated_ن-۱۰_صورت‌های مالی تلفیقی سال مالی منتهی به ۱۳۹۵_۱۲_۳۰ (حسابرسی شده).xlsx,كرازي_۱۳۹۵_۱۲_۳۰_consolidated_ن-۱۰_صورت‌های مالی تلفیقی سال مالی منتهی به ۱۳۹۵_۱۲_۳۰ (حسابرسی شده).xlsx,OLE2_LEGACY_EXCEL,.xlsx,126464,d7468afab88f099c4c0b8419d9bfc467da74b1c9e7b8db902ed2d2ffec78ae24,OK,,1375,PAYLOAD_SUBSTANTIVE,,کرازی,1395,1395/12/30,consolidated,audited,original,DETECTED,Sheet1,11,65,1395/12/30,Sheet1!R8C4,مشروط,QUALIFIED_FAIR_WITH_EXCEPTION|HEADING_CELL,Sheet1!R33C12,Sheet1!R35C2,,,1396/03/31,Sheet1!R57C20,,کارخانجات تولیدی شیشه دارویی رازی
اکسل های صورت مالی کل زیپ ۱۳۹۲-۱۴۰۲.zip,كرازي.zip,كرازي.zip!كرازي_۱۳۹۶_۱۲_۲۹_consolidated_ن-۱۰_صورت‌های مالی تلفیقی سال مالی منتهی به ۱۳۹۶_۱۲_۲۹ (حسابرسی شده).xlsx,كرازي_۱۳۹۶_۱۲_۲۹_consolidated_ن-۱۰_صورت‌های مالی تلفیقی سال مالی منتهی به ۱۳۹۶_۱۲_۲۹ (حسابرسی شده).xlsx,OLE2_LEGACY_EXCEL,.xlsx,137216,3b853b234a2d2c44855903ce2cb982c971dc6f6489d852866652bb4181aa79dc,OK,,1395,PAYLOAD_SUBSTANTIVE,,کرازی,1396,1396/12/29,consolidated,audited,original,DETECTED,Sheet1,11,90,1396/12/29,Sheet1!R8C4,مشروط,QUALIFIED_FAIR_WITH_EXCEPTION|HEADING_CELL,Sheet1!R37C12,Sheet1!R38C2,,,1397/03/23,Sheet1!R82C20,,کارخانجات تولیدی شیشه دارویی رازی
اکسل های صورت مالی کل زیپ ۱۳۹۲-۱۴۰۲.zip,كرازي.zip,كرازي.zip!كرازي_۱۳۹۷_۱۲_۲۹_consolidated_ن-۱۰_صورت‌های مالی تلفیقی سال مالی منتهی به ۱۳۹۷_۱۲_۲۹ (حسابرسی شده).xlsx,كرازي_۱۳۹۷_۱۲_۲۹_consolidated_ن-۱۰_صورت‌های مالی تلفیقی سال مالی منتهی به ۱۳۹۷_۱۲_۲۹ (حسابرسی شده).xlsx,HTML_MISLABELED_XLSX,.xlsx,234790,e8b04f14a2cb938734c91883599679bfdcd65f8c21c3dcca8534ef7094c1ee86,OK,,1045,PAYLOAD_SUBSTANTIVE,,کرازی,1397,1397/12/29,consolidated,audited,original,NOT_DETECTED,,,,1397/12/29,HTML_TABLE_1!R1C2,,,,,,NO_AUDITOR_BLOCK_DETECTED,,,NO_AUDITOR_BLOCK_DETECTED,
اکسل های صورت مالی کل زیپ ۱۳۹۲-۱۴۰۲.zip,كرازي.zip,كرازي.zip!كرازي_۱۳۹۸_۱۲_۲۹_consolidated_ن-۱۰_صورت‌های مالی تلفیقی سال مالی منتهی به ۱۳۹۸_۱۲_۲۹ (حسابرسی شده).xlsx,كرازي_۱۳۹۸_۱۲_۲۹_consolidated_ن-۱۰_صورت‌های مالی تلفیقی سال مالی منتهی به ۱۳۹۸_۱۲_۲۹ (حسابرسی شده).xlsx,HTML_MISLABELED_XLSX,.xlsx,493051,ba5b89ca97bf58eb69c48339a74aae88b0c433e6c1a8cff3529b5f353b94528a,OK,,2312,PAYLOAD_SUBSTANTIVE,,کرازی,1398,1398/12/29,consolidated,audited,original,NOT_DETECTED,,,,1398/12/29,HTML_TABLE_1!R1C2,,,,,,NO_AUDITOR_BLOCK_DETECTED,,,NO_AUDITOR_BLOCK_DETECTED,آرا شیشه زرین
اکسل های صورت مالی کل زیپ ۱۳۹۲-۱۴۰۲.zip,كرازي.zip,كرازي.zip!كرازي_۱۳۹۹_۱۲_۳۰_consolidated_ن-۱۰_صورت‌های مالی تلفیقی سال مالی منتهی به ۱۳۹۹_۱۲_۳۰ (حسابرسی شده).xlsx,كرازي_۱۳۹۹_۱۲_۳۰_consolidated_ن-۱۰_صورت‌های مالی تلفیقی سال مالی منتهی به ۱۳۹۹_۱۲_۳۰ (حسابرسی شده).xlsx,HTML_MISLABELED_XLSX,.xlsx,488671,33cc1714b6d9ca542b1c7932ae0cba0312bf3495bd9ac47d4d6e6b2f30be9495,OK,,2306,PAYLOAD_SUBSTANTIVE,,کرازی,1399,1399/12/30,consolidated,audited,original,NOT_DETECTED,,,,1399/12/30,HTML_TABLE_1!R1C2,,,,,,NO_AUDITOR_BLOCK_DETECTED,,,NO_AUDITOR_BLOCK_DETECTED,
اکسل های صورت مالی کل زیپ ۱۳۹۲-۱۴۰۲.zip,كرازي.zip,كرازي.zip!كرازي_۱۴۰۰_۱۲_۲۹_consolidated_ن-۱۰_صورت‌های مالی تلفیقی سال مالی منتهی به ۱۴۰۰_۱۲_۲۹ (حسابرسی شده).xlsx,كرازي_۱۴۰۰_۱۲_۲۹_consolidated_ن-۱۰_صورت‌های مالی تلفیقی سال مالی منتهی به ۱۴۰۰_۱۲_۲۹ (حسابرسی شده).xlsx,HTML_MISLABELED_XLSX,.xlsx,565074,c4dc654010adfe23f4e0a802b5770ccdf36f7f04452f24144585ad52d5617bfb,OK,,2634,PAYLOAD_SUBSTANTIVE,,کرازی,1400,1400/12/29,consolidated,audited,original,NOT_DETECTED,,,,1400/12/29,HTML_TABLE_1!R1C2,,,,,,NO_AUDITOR_BLOCK_DETECTED,,,NO_AUDITOR_BLOCK_DETECTED,
اکسل های صورت مالی کل زیپ ۱۳۹۲-۱۴۰۲.zip,كرازي.zip,كرازي.zip!كرازي_۱۴۰۱_۱۲_۲۹_consolidated_ن-۱۰_صورت‌های مالی تلفیقی سال مالی منتهی به ۱۴۰۱_۱۲_۲۹ (حسابرسی شده).xlsx,كرازي_۱۴۰۱_۱۲_۲۹_consolidated_ن-۱۰_صورت‌های مالی تلفیقی سال مالی منتهی به ۱۴۰۱_۱۲_۲۹ (حسابرسی شده).xlsx,HTML_MISLABELED_XLSX,.xlsx,656616,dbaf0a83790e520f1ea8d3484d792459c0e3707b12d4a0ad268a61df479f0d66,OK,,2985,PAYLOAD_SUBSTANTIVE,,کرازی,1401,1401/12/29,consolidated,audited,original,NOT_DETECTED,,,,1401/12/29,HTML_TABLE_1!R1C2,,,,,,NO_AUDITOR_BLOCK_DETECTED,,,NO_AUDITOR_BLOCK_DETECTED,
اکسل های صورت مالی کل زیپ ۱۳۹۲-۱۴۰۲.zip,كرازي.zip,كرازي.zip!كرازي_۱۴۰۲_۱۲_۲۹_consolidated_ن-۱۰_صورت‌های مالی تلفیقی سال مالی منتهی به ۱۴۰۲_۱۲_۲۹ (حسابرسی شده).xlsx,كرازي_۱۴۰۲_۱۲_۲۹_consolidated_ن-۱۰_صورت‌های مالی تلفیقی سال مالی منتهی به ۱۴۰۲_۱۲_۲۹ (حسابرسی شده).xlsx,HTML_MISLABELED_XLSX,.xlsx,662926,95ef5759de2fff9838bf596844af1532c98b687f5973d633594370632758b15f,OK,,3016,PAYLOAD_SUBSTANTIVE,,کرازی,1402,1402/12/29,consolidated,audited,original,NOT_DETECTED,,,,1402/12/29,HTML_TABLE_1!R1C2,,,,,,NO_AUDITOR_BLOCK_DETECTED,,,NO_AUDITOR_BLOCK_DETECTED,
اکسل های صورت مالی کل زیپ ۱۳۹۲-۱۴۰۲.zip,كروي.zip,كروي.zip!كروي_۱۳۸۵_۱۲_۲۹_separate_ن-۱۰_صورتهای مالی سال مالی منتهی به ۱۳۸۵_۱۲_۲۹ (حسابرسی شده).xlsx,كروي_۱۳۸۵_۱۲_۲۹_separate_ن-۱۰_صورتهای مالی سال مالی منتهی به ۱۳۸۵_۱۲_۲۹ (حسابرسی شده).xlsx,OLE2_LEGACY_EXCEL,.xlsx,34304,b6707d550a0b2f8296460b1bdc291d216241b5905dbf9d9cd65d5d8b358dbb0c,OK,,331,PAYLOAD_SUBSTANTIVE,,کروی,1385,1385/12/29,separate,audited,original,DETECTED,Sheet1,9,27,1385/12/29,Sheet1!R6C4,مشروط,STRUCTURED_FIELD_نظر_حسابرس,Sheet1!R14C23,Sheet1!R13C1,,,,,DATE_ANCHOR_IN_BLOCK_BUT_NO_PARSEABLE_DATE_ADJACENT,
اکسل های صورت مالی کل زیپ ۱۳۹۲-۱۴۰۲.zip,كروي.zip,كروي.zip!كروي_۱۳۸۶_۱۲_۲۹_separate_ن-۱۰_صورتهای مالی سال مالی منتهی به ۱۳۸۶_۱۲_۲۹ (حسابرسی شده).xlsx,كروي_۱۳۸۶_۱۲_۲۹_separate_ن-۱۰_صورتهای مالی سال مالی منتهی به ۱۳۸۶_۱۲_۲۹ (حسابرسی شده).xlsx,OLE2_LEGACY_EXCEL,.xlsx,33280,9ab38d3e950facb802a96e1e518954ae450fa69a772a9226dc3cb005b2a18cc9,OK,,323,PAYLOAD_SUBSTANTIVE,,کروی,1386,1386/12/29,separate,audited,original,DETECTED,Sheet1,9,27,1386/12/29,Sheet1!R6C4,مشروط,STRUCTURED_FIELD_نظر_حسابرس,Sheet1!R14C23,Sheet1!R13C1,,,,,DATE_ANCHOR_IN_BLOCK_BUT_NO_PARSEABLE_DATE_ADJACENT,
اکسل های صورت مالی کل زیپ ۱۳۹۲-۱۴۰۲.zip,كروي.zip,كروي.zip!كروي_۱۳۸۷_۱۲_۳۰_separate_ن-۱۰_صورتهای مالی سال مالی منتهی به ۱۳۸۷_۱۲_۳۰ (حسابرسی شده).xlsx,كروي_۱۳۸۷_۱۲_۳۰_separate_ن-۱۰_صورتهای مالی سال مالی منتهی به ۱۳۸۷_۱۲_۳۰ (حسابرسی شده).xlsx,OLE2_LEGACY_EXCEL,.xlsx,46080,1a0c3418468f14cd8902adc42ea7f0060afb748d21d17ec7c965a2a8505071db,OK,,494,PAYLOAD_SUBSTANTIVE,,کروی,1387,1387/12/30,separate,audited,original,DETECTED,Sheet1,9,27,1387/12/30,Sheet1!R6C4,مشروط,STRUCTURED_FIELD_نظر_حسابرس,Sheet1!R14C23,Sheet1!R13C1,,,,,DATE_ANCHOR_IN_BLOCK_BUT_NO_PARSEABLE_DATE_ADJACENT,
اکسل های صورت مالی کل زیپ ۱۳۹۲-۱۴۰۲.zip,كروي.zip,كروي.zip!كروي_۱۳۹۱_۱۲_۳۰_separate_ن-۱۰_صورتهای مالی سال مالی منتهی به ۱۳۹۱_۱۲_۳۰ (حسابرسی شده).xlsx,كروي_۱۳۹۱_۱۲_۳۰_separate_ن-۱۰_صورتهای مالی سال مالی منتهی به ۱۳۹۱_۱۲_۳۰ (حسابرسی شده).xlsx,OLE2_LEGACY_EXCEL,.xlsx,98304,53b4f2218ffe585a5d59acde85b04eaa81f3686fbc4530b883e796bbbf2f6062,OK,,1061,PAYLOAD_SUBSTANTIVE,,کروی,1391,1391/12/30,separate,audited,original,DETECTED,Sheet1,9,97,1391/12/30,Sheet1!R6C4,مشروط,QUALIFIED_FAIR_WITH_EXCEPTION|HEADING_CELL,Sheet1!R46C14,Sheet1!R47C2,,,1392/02/26,Sheet1!R90C23,,توسعه معادن روی ایران
اکسل های صورت مالی کل زیپ ۱۳۹۲-۱۴۰۲.zip,كروي.zip,كروي.zip!كروي_۱۳۹۲_۱۲_۲۹_separate_ن-۱۰_صورتهای مالی سال مالی منتهی به ۱۳۹۲_۱۲_۲۹ (حسابرسی شده).xlsx,كروي_۱۳۹۲_۱۲_۲۹_separate_ن-۱۰_صورتهای مالی سال مالی منتهی به ۱۳۹۲_۱۲_۲۹ (حسابرسی شده).xlsx,OLE2_LEGACY_EXCEL,.xlsx,92160,cf8ee9b334162bfb5b9c9bb7bb96e85066d0952d9455c87d79c14e92978ecaae,OK,,1023,PAYLOAD_SUBSTANTIVE,,کروی,1392,1392/12/29,separate,audited,original,DETECTED,Sheet1,9,76,1392/12/29,Sheet1!R6C4,مشروط,QUALIFIED_FAIR_WITH_EXCEPTION|HEADING_CELL,Sheet1!R41C14,Sheet1!R42C2,,,1393/03/29,Sheet1!R68C23,,توسعه معادن روی ایران
اکسل های صورت مالی کل زیپ ۱۳۹۲-۱۴۰۲.zip,كروي.zip,كروي.zip!كروي_۱۳۹۳_۱۲_۲۹_separate_ن-۱۰_صورتهای مالی سال مالی منتهی به ۱۳۹۳_۱۲_۲۹ (حسابرسی شده).xlsx,كروي_۱۳۹۳_۱۲_۲۹_separate_ن-۱۰_صورتهای مالی سال مالی منتهی به ۱۳۹۳_۱۲_۲۹ (حسابرسی شده).xlsx,OLE2_LEGACY_EXCEL,.xlsx,96768,31d8d61eaea7c9e11a0a05545879980c54d5e33b6042b15e04da560afea0b7d3,OK,,965,PAYLOAD_SUBSTANTIVE,,کروی,1393,1393/12/29,separate,audited,original,DETECTED,Sheet1,9,84,1393/12/29,Sheet1!R6C4,مشروط,QUALIFIED_FAIR_WITH_EXCEPTION|HEADING_CELL,Sheet1!R46C14,Sheet1!R47C2,,,1394/02/31,Sheet1!R76C23,,توسعه معادن روی ایران
اکسل های صورت مالی کل زیپ ۱۳۹۲-۱۴۰۲.zip,كروي.zip,كروي.zip!كروي_۱۳۹۴_۱۲_۲۹_separate_ن-۱۰_صورت‌های مالی سال مالی منتهی به ۱۳۹۴_۱۲_۲۹ (حسابرسی شده).xlsx,كروي_۱۳۹۴_۱۲_۲۹_separate_ن-۱۰_صورت‌های مالی سال مالی منتهی به ۱۳۹۴_۱۲_۲۹ (حسابرسی شده).xlsx,OLE2_LEGACY_EXCEL,.xlsx,90624,2b0907bf910079d27cba8e74296208ad32c2f3a26b7ebc2dcf8f3a10067dfd90,OK,,945,PAYLOAD_SUBSTANTIVE,,کروی,1394,1394/12/29,separate,audited,original,DETECTED,Sheet1,9,83,1394/12/29,Sheet1!R6C4,مشروط,QUALIFIED_FAIR_WITH_EXCEPTION|HEADING_CELL,Sheet1!R46C14,Sheet1!R47C2,,,1395/03/01,Sheet1!R74C23,,توسعه معادن روی ایران
اکسل های صورت مالی کل زیپ ۱۳۹۲-۱۴۰۲.zip,كروي.zip,كروي.zip!كروي_۱۳۹۵_۱۲_۳۰_separate_ن-۱۰_صورت‌های مالی سال مالی منتهی به ۱۳۹۵_۱۲_۳۰ (حسابرسی شده).xlsx,كروي_۱۳۹۵_۱۲_۳۰_separate_ن-۱۰_صورت‌های مالی سال مالی منتهی به ۱۳۹۵_۱۲_۳۰ (حسابرسی شده).xlsx,OLE2_LEGACY_EXCEL,.xlsx,108032,3eefc224e1a386eeea57dc12812b0d411581d54e4adc72d84d1ad25468bd3b0b,OK,,1172,PAYLOAD_SUBSTANTIVE,,کروی,1395,1395/12/30,separate,audited,original,DETECTED,Sheet1,11,80,1395/12/30,Sheet1!R8C4,مشروط,QUALIFIED_FAIR_WITH_EXCEPTION|HEADING_CELL,Sheet1!R46C12,Sheet1!R47C2,,,1396/03/18,Sheet1!R71C20,,توسعه معادن روی ایران
اکسل های صورت مالی کل زیپ ۱۳۹۲-۱۴۰۲.zip,كروي.zip,كروي.zip!كروي_۱۳۹۶_۱۲_۲۹_separate_ن-۱۰_صورت‌های مالی سال مالی منتهی به ۱۳۹۶_۱۲_۲۹ (حسابرسی شده).xlsx,كروي_۱۳۹۶_۱۲_۲۹_separate_ن-۱۰_صورت‌های مالی سال مالی منتهی به ۱۳۹۶_۱۲_۲۹ (حسابرسی شده).xlsx,OLE2_LEGACY_EXCEL,.xlsx,105984,13c8f0014e6c508a02353c69e62ef312a93a08761e4f50199187b6ca0772b992,OK,,1137,PAYLOAD_SUBSTANTIVE,,کروی,1396,1396/12/29,separate,audited,original,DETECTED,Sheet1,11,85,1396/12/29,Sheet1!R8C4,مشروط,QUALIFIED_FAIR_WITH_EXCEPTION|HEADING_CELL,Sheet1!R37C12,Sheet1!R38C2,,,1397/04/04,Sheet1!R76C20,,توسعه معادن روی ایران
اکسل های صورت مالی کل زیپ ۱۳۹۲-۱۴۰۲.zip,كروي.zip,كروي.zip!كروي_۱۳۹۷_۱۲_۲۹_separate_ن-۱۰_صورت‌های مالی سال مالی منتهی به ۱۳۹۷_۱۲_۲۹ (حسابرسی شده).xlsx,كروي_۱۳۹۷_۱۲_۲۹_separate_ن-۱۰_صورت‌های مالی سال مالی منتهی به ۱۳۹۷_۱۲_۲۹ (حسابرسی شده).xlsx,OLE2_LEGACY_EXCEL,.xlsx,71168,3022d4c114daef2f603081c99299fb217fc29568640e9b1674528be6bd41ad17,OK,,550,PAYLOAD_SUBSTANTIVE,,کروی,1397,1397/12/29,separate,audited,original,DETECTED,Sheet1,11,74,1397/12/29,Sheet1!R8C4,مشروط,QUALIFIED_FAIR_WITH_EXCEPTION|HEADING_CELL,Sheet1!R39C12,Sheet1!R40C2,,,1398/04/05,Sheet1!R65C20,,توسعه معادن روی ایران
اکسل های صورت مالی کل زیپ ۱۳۹۲-۱۴۰۲.zip,كروي.zip,كروي.zip!كروي_۱۳۹۸_۱۲_۲۹_separate_ن-۱۰_صورت‌های مالی سال مالی منتهی به ۱۳۹۸_۱۲_۲۹ (حسابرسی شده).xlsx,كروي_۱۳۹۸_۱۲_۲۹_separate_ن-۱۰_صورت‌های مالی سال مالی منتهی به ۱۳۹۸_۱۲_۲۹ (حسابرسی شده).xlsx,HTML_MISLABELED_XLSX,.xlsx,246171,778559607878ee9aa49d48b6a746e5fbf9f4bc67db6ebec48cf92b460ef12b07,OK,,1470,PAYLOAD_SUBSTANTIVE,,کروی,1398,1398/12/29,separate,audited,original,NOT_DETECTED,,,,1398/12/29,HTML_TABLE_1!R1C2,,,,,,NO_AUDITOR_BLOCK_DETECTED,,,NO_AUDITOR_BLOCK_DETECTED,
اکسل های صورت مالی کل زیپ ۱۳۹۲-۱۴۰۲.zip,كروي.zip,كروي.zip!كروي_۱۳۹۹_۱۲_۳۰_separate_ن-۱۰_صورت‌های مالی سال مالی منتهی به ۱۳۹۹_۱۲_۳۰ (حسابرسی شده).xlsx,كروي_۱۳۹۹_۱۲_۳۰_separate_ن-۱۰_صورت‌های مالی سال مالی منتهی به ۱۳۹۹_۱۲_۳۰ (حسابرسی شده).xlsx,HTML_MISLABELED_XLSX,.xlsx,267536,c57146d73d6b16f74a598ce7ed5f5ee858200e3c3288cfd93c2c304154f5a338,OK,,1366,PAYLOAD_SUBSTANTIVE,,کروی,1399,1399/12/30,separate,audited,original,NOT_DETECTED,,,,1399/12/30,HTML_TABLE_2!R1C3,,,,,,NO_AUDITOR_BLOCK_DETECTED,,,NO_AUDITOR_BLOCK_DETECTED,
اکسل های صورت مالی کل زیپ ۱۳۹۲-۱۴۰۲.zip,كروي.zip,كروي.zip!كروي_۱۴۰۰_۱۲_۲۹_separate_ن-۱۰_صورت‌های مالی سال مالی منتهی به ۱۴۰۰_۱۲_۲۹ (حسابرسی شده).xlsx,كروي_۱۴۰۰_۱۲_۲۹_separate_ن-۱۰_صورت‌های مالی سال مالی منتهی به ۱۴۰۰_۱۲_۲۹ (حسابرسی شده).xlsx,HTML_MISLABELED_XLSX,.xlsx,263192,37033b024b09012fd73eb4f2cf0dee9df452a25c7a7d9b646ff1372c41f4776f,OK,,1322,PAYLOAD_SUBSTANTIVE,,کروی,1400,1400/12/29,separate,audited,original,NOT_DETECTED,,,,1400/12/29,HTML_TABLE_2!R1C3,,,,,,NO_AUDITOR_BLOCK_DETECTED,,,NO_AUDITOR_BLOCK_DETECTED,
اکسل های صورت مالی کل زیپ ۱۳۹۲-۱۴۰۲.zip,كروي.zip,كروي.zip!كروي_۱۴۰۱_۱۲_۲۹_separate_ن-۱۰_صورت‌های مالی سال مالی منتهی به ۱۴۰۱_۱۲_۲۹ (حسابرسی شده).xlsx,كروي_۱۴۰۱_۱۲_۲۹_separate_ن-۱۰_صورت‌های مالی سال مالی منتهی به ۱۴۰۱_۱۲_۲۹ (حسابرسی شده).xlsx,HTML_MISLABELED_XLSX,.xlsx,312126,78c59a36c4d951b217874049bffcf7dc1684e7b41e6d0004fe589693f012608b,OK,,1580,PAYLOAD_SUBSTANTIVE,,کروی,1401,1401/12/29,separate,audited,original,NOT_DETECTED,,,,1401/12/29,HTML_TABLE_2!R1C3,,,,,,NO_AUDITOR_BLOCK_DETECTED,,,NO_AUDITOR_BLOCK_DETECTED,
اکسل های صورت مالی کل زیپ ۱۳۹۲-۱۴۰۲.zip,كروي.zip,كروي.zip!كروي_۱۴۰۲_۱۲_۲۹_separate_ن-۱۰_صورت‌های مالی سال مالی منتهی به ۱۴۰۲_۱۲_۲۹ (حسابرسی شده).xlsx,كروي_۱۴۰۲_۱۲_۲۹_separate_ن-۱۰_صورت‌های مالی سال مالی منتهی به ۱۴۰۲_۱۲_۲۹ (حسابرسی شده).xlsx,HTML_MISLABELED_XLSX,.xlsx,302407,3ed04e330304a5dafb71d6858049ff4e26117145b07d38f2bc037d50d80a2c13,OK,,1506,PAYLOAD_SUBSTANTIVE,,کروی,1402,1402/12/29,separate,audited,original,NOT_DETECTED,,,,1402/12/29,HTML_TABLE_2!R1C3,,,,,,NO_AUDITOR_BLOCK_DETECTED,,,NO_AUDITOR_BLOCK_DETECTED,
اکسل های صورت مالی کل زیپ ۱۳۹۲-۱۴۰۲.zip,كفپارس.zip,كفپارس.zip!كفپارس_۱۳۹۲_۰۹_۳۰_separate_ن-۱۰_صورتهای مالی سال مالی منتهی به ۱۳۹۲_۰۹_۳۰ (حسابرسی شده).xlsx,كفپارس_۱۳۹۲_۰۹_۳۰_separate_ن-۱۰_صورتهای مالی سال مالی منتهی به ۱۳۹۲_۰۹_۳۰ (حسابرسی شده).xlsx,OLE2_LEGACY_EXCEL,.xlsx,81920,382d47f3671bceb0ae1866e1500a8a150bf8ce70e9f1ad8075d9ac0ecdc17e01,OK,,570,PAYLOAD_SUBSTANTIVE,,کفپارس,1392,1392/09/30,separate,audited,original,DETECTED,Sheet1,9,94,1392/09/30,Sheet1!R6C4,مشروط,QUALIFIED_FAIR_WITH_EXCEPTION|HEADING_CELL,Sheet1!R39C14,Sheet1!R40C2,,,1393/01/20,Sheet1!R85C23,,فرآورده های نسوز پارس
اکسل های صورت مالی کل زیپ ۱۳۹۲-۱۴۰۲.zip,كفپارس.zip,كفپارس.zip!كفپارس_۱۳۹۳_۰۹_۳۰_separate_ن-۱۰_صورتهای مالی سال مالی منتهی به ۱۳۹۳_۰۹_۳۰ (حسابرسی شده).xlsx,كفپارس_۱۳۹۳_۰۹_۳۰_separate_ن-۱۰_صورتهای مالی سال مالی منتهی به ۱۳۹۳_۰۹_۳۰ (حسابرسی شده).xlsx,OLE2_LEGACY_EXCEL,.xlsx,79360,85a2cf13f7bce5607c044e3c77d1cd0d1c1ef52555cd32110c9280e084f11dec,OK,,606,PAYLOAD_SUBSTANTIVE,,کفپارس,1393,1393/09/30,separate,audited,original,DETECTED,Sheet1,9,84,1393/09/30,Sheet1!R6C4,مشروط,QUALIFIED_FAIR_WITH_EXCEPTION|HEADING_CELL,Sheet1!R33C14,Sheet1!R35C2,,,1394/04/02,Sheet1!R75C23,,فرآورده های نسوز پارس
اکسل های صورت مالی کل زیپ ۱۳۹۲-۱۴۰۲.zip,كفپارس.zip,كفپارس.zip!كفپارس_۱۳۹۴_۰۹_۳۰_separate_ن-۱۰_صورت‌های مالی سال مالی منتهی به ۱۳۹۴_۰۹_۳۰ (حسابرسی شده).xlsx,كفپارس_۱۳۹۴_۰۹_۳۰_separate_ن-۱۰_صورت‌های مالی سال مالی منتهی به ۱۳۹۴_۰۹_۳۰ (حسابرسی شده).xlsx,OLE2_LEGACY_EXCEL,.xlsx,89088,b9518cffa7ebbd401e5bd2e7bcb64afa43a332c4dae6eb666715e283c5919103,OK,,736,PAYLOAD_SUBSTANTIVE,,کفپارس,1394,1394/09/30,separate,audited,original,DETECTED,Sheet1,9,82,1394/09/30,Sheet1!R6C4,مشروط,QUALIFIED_FAIR_WITH_EXCEPTION|HEADING_CELL,Sheet1!R36C14,Sheet1!R37C2,,,1395/01/14,Sheet1!R74C23,,فرآورده های نسوز پارس
اکسل های صورت مالی کل زیپ ۱۳۹۲-۱۴۰۲.zip,كفپارس.zip,كفپارس.zip!كفپارس_۱۳۹۵_۰۹_۳۰_separate_ن-۱۰_صورت‌های مالی سال مالی منتهی به ۱۳۹۵_۰۹_۳۰ (حسابرسی شده).xlsx,كفپارس_۱۳۹۵_۰۹_۳۰_separate_ن-۱۰_صورت‌های مالی سال مالی منتهی به ۱۳۹۵_۰۹_۳۰ (حسابرسی شده).xlsx,OLE2_LEGACY_EXCEL,.xlsx,95744,51831f7bc3f31316f5d5f4ea2abfba6c9f5ac8014858659643de937704232801,OK,,779,PAYLOAD_SUBSTANTIVE,,کفپارس,1395,1395/09/30,separate,audited,original,DETECTED,Sheet1,11,90,1395/09/30,Sheet1!R8C4,مشروط,QUALIFIED_FAIR_WITH_EXCEPTION|HEADING_CELL,Sheet1!R53C12,Sheet1!R54C2,,,1396/01/15,Sheet1!R82C20,,فرآورده های نسوز پارس
اکسل های صورت مالی کل زیپ ۱۳۹۲-۱۴۰۲.zip,كفپارس.zip,كفپارس.zip!كفپارس_۱۳۹۶_۰۹_۳۰_separate_ن-۱۰_صورت‌های مالی سال مالی منتهی به ۱۳۹۶_۰۹_۳۰ (حسابرسی شده).xlsx,كفپارس_۱۳۹۶_۰۹_۳۰_separate_ن-۱۰_صورت‌های مالی سال مالی منتهی به ۱۳۹۶_۰۹_۳۰ (حسابرسی شده).xlsx,OLE2_LEGACY_EXCEL,.xlsx,104960,55d363b115e2ee412eb5b827100aef331d4e4fc256b8886acd0973d5b7d3ebbb,OK,,782,PAYLOAD_SUBSTANTIVE,,کفپارس,1396,1396/09/30,separate,audited,original,DETECTED,Sheet1,11,118,1396/09/30,Sheet1!R8C4,مشروط,QUALIFIED_FAIR_WITH_EXCEPTION|HEADING_CELL,Sheet1!R64C12,Sheet1!R65C2,,,1397/04/14,Sheet1!R110C20,,فرآورده های نسوز پارس
اکسل های صورت مالی کل زیپ ۱۳۹۲-۱۴۰۲.zip,كفپارس.zip,كفپارس.zip!كفپارس_۱۳۹۷_۰۹_۳۰_separate_ن-۱۰_صورت‌های مالی سال مالی منتهی به ۱۳۹۷_۰۹_۳۰ (حسابرسی شده).xlsx,كفپارس_۱۳۹۷_۰۹_۳۰_separate_ن-۱۰_صورت‌های مالی سال مالی منتهی به ۱۳۹۷_۰۹_۳۰ (حسابرسی شده).xlsx,HTML_MISLABELED_XLSX,.xlsx,113287,bc834240fef247b07a4cfa8bf3fdb8b78852514975ee585959a73f3d64982815,OK,,495,PAYLOAD_SUBSTANTIVE,,کفپارس,1397,1397/09/30,separate,audited,original,NOT_DETECTED,,,,1397/09/30,HTML_TABLE_1!R1C2,,,,,,NO_AUDITOR_BLOCK_DETECTED,,,NO_AUDITOR_BLOCK_DETECTED,
اکسل های صورت مالی کل زیپ ۱۳۹۲-۱۴۰۲.zip,كفپارس.zip,كفپارس.zip!كفپارس_۱۳۹۸_۰۹_۳۰_separate_ن-۱۰_صورت‌های مالی سال مالی منتهی به ۱۳۹۸_۰۹_۳۰ (حسابرسی شده).xlsx,كفپارس_۱۳۹۸_۰۹_۳۰_separate_ن-۱۰_صورت‌های مالی سال مالی منتهی به ۱۳۹۸_۰۹_۳۰ (حسابرسی شده).xlsx,HTML_MISLABELED_XLSX,.xlsx,249888,36aa11f7822ab764345d765515a2cd05c6ec27a06824bec86c6b55f79a9a7986,OK,,1162,PAYLOAD_SUBSTANTIVE,,کفپارس,1398,1398/09/30,separate,audited,original,NOT_DETECTED,,,,1398/09/30,HTML_TABLE_1!R1C2,,,,,,NO_AUDITOR_BLOCK_DETECTED,,,NO_AUDITOR_BLOCK_DETECTED,
اکسل های صورت مالی کل زیپ ۱۳۹۲-۱۴۰۲.zip,كفپارس.zip,كفپارس.zip!كفپارس_۱۳۹۹_۰۹_۳۰_separate_ن-۱۰_صورت‌های مالی سال مالی منتهی به ۱۳۹۹_۰۹_۳۰ (حسابرسی شده).xlsx,كفپارس_۱۳۹۹_۰۹_۳۰_separate_ن-۱۰_صورت‌های مالی سال مالی منتهی به ۱۳۹۹_۰۹_۳۰ (حسابرسی شده).xlsx,HTML_MISLABELED_XLSX,.xlsx,281960,0b9c4c255e223f5d34de21ddcbdef8da8103fdf687ad6d8cef66c4ead0772dfb,OK,,1326,PAYLOAD_SUBSTANTIVE,,کفپارس,1399,1399/09/30,separate,audited,original,NOT_DETECTED,,,,1399/09/30,HTML_TABLE_1!R1C2,,,,,,NO_AUDITOR_BLOCK_DETECTED,,,NO_AUDITOR_BLOCK_DETECTED,
اکسل های صورت مالی کل زیپ ۱۳۹۲-۱۴۰۲.zip,كفپارس.zip,كفپارس.zip!كفپارس_۱۴۰۰_۰۹_۳۰_separate_ن-۱۰_صورت‌های مالی سال مالی منتهی به ۱۴۰۰_۰۹_۳۰ (حسابرسی شده).xlsx,كفپارس_۱۴۰۰_۰۹_۳۰_separate_ن-۱۰_صورت‌های مالی سال مالی منتهی به ۱۴۰۰_۰۹_۳۰ (حسابرسی شده).xlsx,HTML_MISLABELED_XLSX,.xlsx,406678,08ab17819e4d52afa19b3137e4f24c8291c1ea884dd99b04b869bc17865494b6,OK,,1944,PAYLOAD_SUBSTANTIVE,,کفپارس,1400,1400/09/30,separate,audited,original,NOT_DETECTED,,,,1400/09/30,HTML_TABLE_1!R1C2,,,,,,NO_AUDITOR_BLOCK_DETECTED,,,NO_AUDITOR_BLOCK_DETECTED,
اکسل های صورت مالی کل زیپ ۱۳۹۲-۱۴۰۲.zip,كفپارس.zip,كفپارس.zip!كفپارس_۱۴۰۱_۰۹_۳۰_separate_ن-۱۰_صورت‌های مالی سال مالی منتهی به ۱۴۰۱_۰۹_۳۰ (حسابرسی شده).xlsx,كفپارس_۱۴۰۱_۰۹_۳۰_separate_ن-۱۰_صورت‌های مالی سال مالی منتهی به ۱۴۰۱_۰۹_۳۰ (حسابرسی شده).xlsx,HTML_MISLABELED_XLSX,.xlsx,429143,a8a40d51457a164eabb40f4dab389b4637e8072257fc8c793ed8393bf90ac9ee,OK,,2032,PAYLOAD_SUBSTANTIVE,,کفپارس,1401,1401/09/30,separate,audited,original,NOT_DETECTED,,,,1401/09/30,HTML_TABLE_1!R1C2,,,,,,NO_AUDITOR_BLOCK_DETECTED,,,NO_AUDITOR_BLOCK_DETECTED,
اکسل های صورت مالی کل زیپ ۱۳۹۲-۱۴۰۲.zip,كفپارس.zip,كفپارس.zip!كفپارس_۱۴۰۲_۰۹_۳۰_separate_ن-۱۰_صورت‌های مالی سال مالی منتهی به ۱۴۰۲_۰۹_۳۰ (حسابرسی شده).xlsx,كفپارس_۱۴۰۲_۰۹_۳۰_separate_ن-۱۰_صورت‌های مالی سال مالی منتهی به ۱۴۰۲_۰۹_۳۰ (حسابرسی شده).xlsx,HTML_MISLABELED_XLSX,.xlsx,452000,a8fb9bd6a70cff83a0ee45e75c54b3ca8bc7b3fcc8f184f4daf4e7bb5934fc82,OK,,2175,PAYLOAD_SUBSTANTIVE,,کفپارس,1402,1402/09/30,separate,audited,original,NOT_DETECTED,,,,1402/09/30,HTML_TABLE_1!R1C2,,,,,,NO_AUDITOR_BLOCK_DETECTED,,,NO_AUDITOR_BLOCK_DETECTED,
اکسل های صورت مالی کل زیپ ۱۳۹۲-۱۴۰۲.zip,كفپارس.zip,كفپارس.zip!كفپارس_۱۴۰۳_۰۹_۳۰_separate_ن-۱۰_صورت‌های مالی سال مالی منتهی به ۱۴۰۳_۰۹_۳۰ (حسابرسی شده).xlsx,كفپارس_۱۴۰۳_۰۹_۳۰_separate_ن-۱۰_صورت‌های مالی سال مالی منتهی به ۱۴۰۳_۰۹_۳۰ (حسابرسی شده).xlsx,HTML_MISLABELED_XLSX,.xlsx,459712,b7b9a347949489e7c96bb11331db5c13065b93ce9cd16030756c178153570d4f,OK,,2208,PAYLOAD_SUBSTANTIVE,,کفپارس,1403,1403/09/30,separate,audited,original,NOT_DETECTED,,,,1403/09/30,HTML_TABLE_1!R1C2,,,,,,NO_AUDITOR_BLOCK_DETECTED,,,NO_AUDITOR_BLOCK_DETECTED,
اکسل های صورت مالی کل زیپ ۱۳۹۲-۱۴۰۲.zip,كفرا.zip,كفرا.zip!كفرا_۱۳۸۰_۱۲_۲۹_separate_ن-۱۰_صورتهای مالی سال مالی منتهی به ۱۳۸۰_۱۲_۲۹ (حسابرسی شده).xlsx,كفرا_۱۳۸۰_۱۲_۲۹_separate_ن-۱۰_صورتهای مالی سال مالی منتهی به ۱۳۸۰_۱۲_۲۹ (حسابرسی شده).xlsx,OLE2_LEGACY_EXCEL,.xlsx,40448,b4b784c768adf6061b1a7fedf677bfdf78bef59b5e8a0e6b5df63ddb407152fa,OK,,415,PAYLOAD_SUBSTANTIVE,,کفرا,1380,1380/12/29,separate,audited,original,DETECTED,Sheet1,9,27,1380/12/29,Sheet1!R6C4,مشروط,STRUCTURED_FIELD_نظر_حسابرس,Sheet1!R14C23,Sheet1!R13C1,,,,,DATE_ANCHOR_IN_BLOCK_BUT_NO_PARSEABLE_DATE_ADJACENT,
اکسل های صورت مالی کل زیپ ۱۳۹۲-۱۴۰۲.zip,كفرا.zip,كفرا.zip!كفرا_۱۳۹۱_۱۲_۳۰_separate_ن-۱۰_صورتهای مالی سال مالی منتهی به ۱۳۹۱_۱۲_۳۰ (حسابرسی شده).xlsx,كفرا_۱۳۹۱_۱۲_۳۰_separate_ن-۱۰_صورتهای مالی سال مالی منتهی به ۱۳۹۱_۱۲_۳۰ (حسابرسی شده).xlsx,OLE2_LEGACY_EXCEL,.xlsx,70656,5f8e1d2b7f0a9a0f3db85a557e40dfcc77943d450b69c998fc1ecae8d26e4bca,OK,,446,PAYLOAD_SUBSTANTIVE,,کفرا,1391,1391/12/30,separate,audited,original,DETECTED,Sheet1,9,95,1391/12/30,Sheet1!R6C4,مقبول,UNQUALIFIED_FAIR_FORMULA|HEADING_CELL,Sheet1!R28C14,Sheet1!R29C2,,,1392/02/25,Sheet1!R87C23,,فرآورده های نسوز ایران
اکسل های صورت مالی کل زیپ ۱۳۹۲-۱۴۰۲.zip,كفرا.zip,كفرا.zip!كفرا_۱۳۹۲_۱۲_۲۹_separate_ن-۱۰_صورتهای مالی سال مالی منتهی به ۱۳۹۲_۱۲_۲۹ (حسابرسی شده).xlsx,كفرا_۱۳۹۲_۱۲_۲۹_separate_ن-۱۰_صورتهای مالی سال مالی منتهی به ۱۳۹۲_۱۲_۲۹ (حسابرسی شده).xlsx,OLE2_LEGACY_EXCEL,.xlsx,79360,3228c5497eaadb95022781df3ab35ff501bbb806a51e2a73dddcb77e1bb22209,OK,,568,PAYLOAD_SUBSTANTIVE,,کفرا,1392,1392/12/29,separate,audited,original,DETECTED,Sheet1,9,95,1392/12/29,Sheet1!R6C4,مقبول,UNQUALIFIED_FAIR_FORMULA|HEADING_CELL,Sheet1!R28C14,Sheet1!R29C2,,,1393/02/29,Sheet1!R86C23,,فرآورده های نسوز ایران
اکسل های صورت مالی کل زیپ ۱۳۹۲-۱۴۰۲.zip,كفرا.zip,كفرا.zip!كفرا_۱۳۹۳_۱۲_۲۹_separate_ن-۱۰_صورتهای مالی سال مالی منتهی به ۱۳۹۳_۱۲_۲۹ (حسابرسی شده).xlsx,كفرا_۱۳۹۳_۱۲_۲۹_separate_ن-۱۰_صورتهای مالی سال مالی منتهی به ۱۳۹۳_۱۲_۲۹ (حسابرسی شده).xlsx,OLE2_LEGACY_EXCEL,.xlsx,73728,1b5766598c59bbf93d440a6926531fe2f10876a27ca17d840b4ba091b09cf2db,OK,,663,PAYLOAD_SUBSTANTIVE,,کفرا,1393,1393/12/29,separate,audited,original,DETECTED,Sheet1,9,59,1393/12/29,Sheet1!R6C4,مقبول,UNQUALIFIED_FAIR_FORMULA|HEADING_CELL,Sheet1!R28C14,Sheet1!R29C2,,,1394/03/05,Sheet1!R50C23,,فرآورده های نسوز ایران
اکسل های صورت مالی کل زیپ ۱۳۹۲-۱۴۰۲.zip,كفرا.zip,كفرا.zip!كفرا_۱۳۹۴_۱۲_۲۹_separate_ن-۱۰_صورت‌های مالی سال مالی منتهی به ۱۳۹۴_۱۲_۲۹ (حسابرسی شده).xlsx,كفرا_۱۳۹۴_۱۲_۲۹_separate_ن-۱۰_صورت‌های مالی سال مالی منتهی به ۱۳۹۴_۱۲_۲۹ (حسابرسی شده).xlsx,OLE2_LEGACY_EXCEL,.xlsx,80384,70f725abf3c31e728ae5683c73fd6eba7d43af4343d961005658e77872e229c4,OK,,706,PAYLOAD_SUBSTANTIVE,,کفرا,1394,1394/12/29,separate,audited,original,DETECTED,Sheet1,9,57,1394/12/29,Sheet1!R6C4,مقبول,UNQUALIFIED_FAIR_FORMULA|HEADING_CELL,Sheet1!R28C14,Sheet1!R29C2,,,1395/03/08,Sheet1!R48C23,,فرآورده های نسوز ایران
اکسل های صورت مالی کل زیپ ۱۳۹۲-۱۴۰۲.zip,كفرا.zip,كفرا.zip!كفرا_۱۳۹۵_۱۲_۳۰_separate_ن-۱۰_صورت‌های مالی سال مالی منتهی به ۱۳۹۵_۱۲_۳۰ (حسابرسی شده).xlsx,كفرا_۱۳۹۵_۱۲_۳۰_separate_ن-۱۰_صورت‌های مالی سال مالی منتهی به ۱۳۹۵_۱۲_۳۰ (حسابرسی شده).xlsx,OLE2_LEGACY_EXCEL,.xlsx,81408,05729a8c2b53bf554150dcae6a8103c14c5bfeca4573de1f0c40e1e67463d49c,OK,,706,PAYLOAD_SUBSTANTIVE,,کفرا,1395,1395/12/30,separate,audited,original,DETECTED,Sheet1,11,67,1395/12/30,Sheet1!R8C4,مقبول,UNQUALIFIED_FAIR_FORMULA|HEADING_CELL,Sheet1!R29C12,Sheet1!R30C2,,,1396/02/17,Sheet1!R59C20,,فرآورده های نسوز ایران
اکسل های صورت مالی کل زیپ ۱۳۹۲-۱۴۰۲.zip,كفرا.zip,كفرا.zip!كفرا_۱۳۹۶_۱۲_۲۹_separate_ن-۱۰_صورت‌های مالی سال مالی منتهی به ۱۳۹۶_۱۲_۲۹ (حسابرسی شده).xlsx,كفرا_۱۳۹۶_۱۲_۲۹_separate_ن-۱۰_صورت‌های مالی سال مالی منتهی به ۱۳۹۶_۱۲_۲۹ (حسابرسی شده).xlsx,OLE2_LEGACY_EXCEL,.xlsx,81408,380d285d1701ce45c6f81ac11444afa795e478cf85fd4d4be20223b1d26b2732,OK,,710,PAYLOAD_SUBSTANTIVE,,کفرا,1396,1396/12/29,separate,audited,original,DETECTED,Sheet1,11,68,1396/12/29,Sheet1!R8C4,مقبول,UNQUALIFIED_FAIR_FORMULA|HEADING_CELL,Sheet1!R29C12,Sheet1!R30C2,,,1397/02/20,Sheet1!R60C20,,فرآورده های نسوز ایران
اکسل های صورت مالی کل زیپ ۱۳۹۲-۱۴۰۲.zip,كفرا.zip,كفرا.zip!كفرا_۱۳۹۷_۱۲_۲۹_separate_ن-۱۰_صورت‌های مالی سال مالی منتهی به ۱۳۹۷_۱۲_۲۹ (حسابرسی شده).xlsx,كفرا_۱۳۹۷_۱۲_۲۹_separate_ن-۱۰_صورت‌های مالی سال مالی منتهی به ۱۳۹۷_۱۲_۲۹ (حسابرسی شده).xlsx,HTML_MISLABELED_XLSX,.xlsx,113593,da2dca109f06cb9bde3c326eb8966691c0e6456da8e3c6602d9dd84e181cdcee,OK,,495,PAYLOAD_SUBSTANTIVE,,کفرا,1397,1397/12/29,separate,audited,original,NOT_DETECTED,,,,1397/12/29,HTML_TABLE_1!R1C2,,,,,,NO_AUDITOR_BLOCK_DETECTED,,,NO_AUDITOR_BLOCK_DETECTED,
اکسل های صورت مالی کل زیپ ۱۳۹۲-۱۴۰۲.zip,كفرا.zip,كفرا.zip!كفرا_۱۳۹۸_۱۲_۲۹_separate_ن-۱۰_صورت‌های مالی سال مالی منتهی به ۱۳۹۸_۱۲_۲۹ (حسابرسی شده).xlsx,كفرا_۱۳۹۸_۱۲_۲۹_separate_ن-۱۰_صورت‌های مالی سال مالی منتهی به ۱۳۹۸_۱۲_۲۹ (حسابرسی شده).xlsx,HTML_MISLABELED_XLSX,.xlsx,312707,6aa7ff40b7e4032cb5d61adea893c19279a6a27e308ebef39858b564f625658c,OK,,1491,PAYLOAD_SUBSTANTIVE,,کفرا,1398,1398/12/29,separate,audited,original,NOT_DETECTED,,,,1398/12/29,HTML_TABLE_1!R1C2,,,,,,NO_AUDITOR_BLOCK_DETECTED,,,NO_AUDITOR_BLOCK_DETECTED,
اکسل های صورت مالی کل زیپ ۱۳۹۲-۱۴۰۲.zip,كفرا.zip,كفرا.zip!كفرا_۱۳۹۹_۱۲_۳۰_separate_ن-۱۰_صورت‌های مالی سال مالی منتهی به ۱۳۹۹_۱۲_۳۰ (حسابرسی شده).xlsx,كفرا_۱۳۹۹_۱۲_۳۰_separate_ن-۱۰_صورت‌های مالی سال مالی منتهی به ۱۳۹۹_۱۲_۳۰ (حسابرسی شده).xlsx,HTML_MISLABELED_XLSX,.xlsx,312807,01c390967aa3aa965e7bdd1dc69090071b015cf1e36ef9fd8685ca4527f577a1,OK,,1494,PAYLOAD_SUBSTANTIVE,,کفرا,1399,1399/12/30,separate,audited,original,NOT_DETECTED,,,,1399/12/30,HTML_TABLE_1!R1C2,,,,,,NO_AUDITOR_BLOCK_DETECTED,,,NO_AUDITOR_BLOCK_DETECTED,
اکسل های صورت مالی کل زیپ ۱۳۹۲-۱۴۰۲.zip,كفرا.zip,كفرا.zip!كفرا_۱۳۹۹_۱۲_۳۰_separate_ن-۱۰_صورت‌های مالی سال مالی منتهی به ۱۳۹۹_۱۲_۳۰ (حسابرسی شده)(اصلاحیه).xlsx,كفرا_۱۳۹۹_۱۲_۳۰_separate_ن-۱۰_صورت‌های مالی سال مالی منتهی به ۱۳۹۹_۱۲_۳۰ (حسابرسی شده)(اصلاحیه).xlsx,HTML_MISLABELED_XLSX,.xlsx,316134,3229f5a34118a0f83e6f70cbdebe5592367a721cdd3c58dd11bf251144690e3c,OK,,1508,PAYLOAD_SUBSTANTIVE,,کفرا,1399,1399/12/30,separate,audited,correction,NOT_DETECTED,,,,1399/12/30,HTML_TABLE_1!R1C2,,,,,,NO_AUDITOR_BLOCK_DETECTED,,,NO_AUDITOR_BLOCK_DETECTED,
اکسل های صورت مالی کل زیپ ۱۳۹۲-۱۴۰۲.zip,كفرا.zip,كفرا.zip!كفرا_۱۴۰۰_۱۲_۲۹_separate_ن-۱۰_صورت‌های مالی سال مالی منتهی به ۱۴۰۰_۱۲_۲۹ (حسابرسی شده).xlsx,كفرا_۱۴۰۰_۱۲_۲۹_separate_ن-۱۰_صورت‌های مالی سال مالی منتهی به ۱۴۰۰_۱۲_۲۹ (حسابرسی شده).xlsx,HTML_MISLABELED_XLSX,.xlsx,428802,0c3c3a8bc54f53d869c84bbc18c31f2447da524bbcf90759c9f7e6616fa4774e,OK,,2100,PAYLOAD_SUBSTANTIVE,,کفرا,1400,1400/12/29,separate,audited,original,NOT_DETECTED,,,,1400/12/29,HTML_TABLE_1!R1C3,,,,,,NO_AUDITOR_BLOCK_DETECTED,,,NO_AUDITOR_BLOCK_DETECTED,
اکسل های صورت مالی کل زیپ ۱۳۹۲-۱۴۰۲.zip,كفرا.zip,كفرا.zip!كفرا_۱۴۰۱_۱۲_۲۹_separate_ن-۱۰_صورت‌های مالی سال مالی منتهی به ۱۴۰۱_۱۲_۲۹ (حسابرسی شده).xlsx,كفرا_۱۴۰۱_۱۲_۲۹_separate_ن-۱۰_صورت‌های مالی سال مالی منتهی به ۱۴۰۱_۱۲_۲۹ (حسابرسی شده).xlsx,HTML_MISLABELED_XLSX,.xlsx,475122,916042fe1285ad32dfc15274f756e623ac3508b31be389713fae9f99bc128611,OK,,2375,PAYLOAD_SUBSTANTIVE,,کفرا,1401,1401/12/29,separate,audited,original,NOT_DETECTED,,,,1401/12/29,HTML_TABLE_1!R1C2,,,,,,NO_AUDITOR_BLOCK_DETECTED,,,NO_AUDITOR_BLOCK_DETECTED,
اکسل های صورت مالی کل زیپ ۱۳۹۲-۱۴۰۲.zip,كفرا.zip,كفرا.zip!كفرا_۱۴۰۲_۱۲_۲۹_separate_ن-۱۰_صورت‌های مالی سال مالی منتهی به ۱۴۰۲_۱۲_۲۹ (حسابرسی شده).xlsx,كفرا_۱۴۰۲_۱۲_۲۹_separate_ن-۱۰_صورت‌های مالی سال مالی منتهی به ۱۴۰۲_۱۲_۲۹ (حسابرسی شده).xlsx,HTML_MISLABELED_XLSX,.xlsx,470568,00e32a32a41e4e189b61669a5cb7e092bc1326aa7f4827f6dced2d2891fd7fef,OK,,2358,PAYLOAD_SUBSTANTIVE,,کفرا,1402,1402/12/29,separate,audited,original,NOT_DETECTED,,,,1402/12/29,HTML_TABLE_1!R1C2,,,,,,NO_AUDITOR_BLOCK_DETECTED,,,NO_AUDITOR_BLOCK_DETECTED,
اکسل های صورت مالی کل زیپ ۱۳۹۲-۱۴۰۲.zip,كگاز.zip,كگاز.zip!كگاز_۱۳۹۱_۱۲_۳۰_separate_ن-۱۰_صورتهای مالی سال مالی منتهی به ۱۳۹۱_۱۲_۳۰ (حسابرسی شده).xlsx,كگاز_۱۳۹۱_۱۲_۳۰_separate_ن-۱۰_صورتهای مالی سال مالی منتهی به ۱۳۹۱_۱۲_۳۰ (حسابرسی شده).xlsx,OLE2_LEGACY_EXCEL,.xlsx,57856,cd0a9cb6c97b214bb295f95235c851d7714315efa1c93b11f9f3b4b7e97fbe1c,OK,,437,PAYLOAD_SUBSTANTIVE,,کگاز,1391,1391/12/30,separate,audited,original,DETECTED,Sheet1,9,85,1391/12/30,Sheet1!R6C4,مقبول,UNQUALIFIED_FAIR_FORMULA|HEADING_CELL,Sheet1!R28C14,Sheet1!R29C2,,,1392/03/30,Sheet1!R77C23,,
اکسل های صورت مالی کل زیپ ۱۳۹۲-۱۴۰۲.zip,كگاز.zip,كگاز.zip!كگاز_۱۳۹۲_۱۲_۲۹_separate_ن-۱۰_صورتهای مالی سال مالی منتهی به ۱۳۹۲_۱۲_۲۹ (حسابرسی شده).xlsx,كگاز_۱۳۹۲_۱۲_۲۹_separate_ن-۱۰_صورتهای مالی سال مالی منتهی به ۱۳۹۲_۱۲_۲۹ (حسابرسی شده).xlsx,OLE2_LEGACY_EXCEL,.xlsx,70656,de2a44c57d3755d93992c4a37390219d2a28cebb1a05261f61e0647291652ebb,OK,,576,PAYLOAD_SUBSTANTIVE,,کگاز,1392,1392/12/29,separate,audited,original,DETECTED,Sheet1,9,66,1392/12/29,Sheet1!R6C4,مقبول,UNQUALIFIED_FAIR_FORMULA|HEADING_CELL,Sheet1!R29C14,Sheet1!R30C2,,,1393/04/04,Sheet1!R57C23,,شیشه و گاز
اکسل های صورت مالی کل زیپ ۱۳۹۲-۱۴۰۲.zip,كگاز.zip,كگاز.zip!كگاز_۱۳۹۳_۱۲_۲۹_separate_ن-۱۰_صورتهای مالی سال مالی منتهی به ۱۳۹۳_۱۲_۲۹ (حسابرسی شده).xlsx,كگاز_۱۳۹۳_۱۲_۲۹_separate_ن-۱۰_صورتهای مالی سال مالی منتهی به ۱۳۹۳_۱۲_۲۹ (حسابرسی شده).xlsx,OLE2_LEGACY_EXCEL,.xlsx,72192,12686c3cd1ee480813c7aabca656daa34af050cffe142fa12d594e779ddecc81,OK,,605,PAYLOAD_SUBSTANTIVE,,کگاز,1393,1393/12/29,separate,audited,original,DETECTED,Sheet1,9,66,1393/12/29,Sheet1!R6C4,مقبول,UNQUALIFIED_FAIR_FORMULA|HEADING_CELL,Sheet1!R28C14,Sheet1!R29C2,,,1394/04/07,Sheet1!R57C23,,شیشه و گاز
اکسل های صورت مالی کل زیپ ۱۳۹۲-۱۴۰۲.zip,كگاز.zip,كگاز.zip!كگاز_۱۳۹۳_۱۲_۲۹_separate_ن-۱۰_صورتهای مالی سال مالی منتهی به ۱۳۹۳_۱۲_۲۹ (حسابرسی شده)(اصلاحیه).xlsx,كگاز_۱۳۹۳_۱۲_۲۹_separate_ن-۱۰_صورتهای مالی سال مالی منتهی به ۱۳۹۳_۱۲_۲۹ (حسابرسی شده)(اصلاحیه).xlsx,OLE2_LEGACY_EXCEL,.xlsx,72192,e1592889c67e6f2e5f2c77c0b984081f7a6d9b50264cdb24f0cba1fc431887ce,OK,,605,PAYLOAD_SUBSTANTIVE,,کگاز,1393,1393/12/29,separate,audited,correction,DETECTED,Sheet1,9,66,1393/12/29,Sheet1!R6C4,مقبول,UNQUALIFIED_FAIR_FORMULA|HEADING_CELL,Sheet1!R28C14,Sheet1!R29C2,,,1394/04/07,Sheet1!R57C23,,شیشه و گاز
اکسل های صورت مالی کل زیپ ۱۳۹۲-۱۴۰۲.zip,كگاز.zip,كگاز.zip!كگاز_۱۳۹۳_۱۲_۲۹_separate_ن-۱۰_صورت‌های مالی سال مالی منتهی به ۱۳۹۳_۱۲_۲۹ (حسابرسی شده)(اصلاحیه).xlsx,كگاز_۱۳۹۳_۱۲_۲۹_separate_ن-۱۰_صورت‌های مالی سال مالی منتهی به ۱۳۹۳_۱۲_۲۹ (حسابرسی شده)(اصلاحیه).xlsx,OLE2_LEGACY_EXCEL,.xlsx,72192,33dedce68d60fa1e4308438bcf3da2ee06035d45261e06f4162ed50c6d50cb0a,OK,,605,PAYLOAD_SUBSTANTIVE,,کگاز,1393,1393/12/29,separate,audited,correction,DETECTED,Sheet1,9,66,1393/12/29,Sheet1!R6C4,مقبول,UNQUALIFIED_FAIR_FORMULA|HEADING_CELL,Sheet1!R28C14,Sheet1!R29C2,,,1394/04/07,Sheet1!R57C23,,شیشه و گاز
اکسل های صورت مالی کل زیپ ۱۳۹۲-۱۴۰۲.zip,كگاز.zip,كگاز.zip!كگاز_۱۳۹۴_۱۲_۲۹_separate_ن-۱۰_صورت‌های مالی سال مالی منتهی به ۱۳۹۴_۱۲_۲۹ (حسابرسی شده).xlsx,كگاز_۱۳۹۴_۱۲_۲۹_separate_ن-۱۰_صورت‌های مالی سال مالی منتهی به ۱۳۹۴_۱۲_۲۹ (حسابرسی شده).xlsx,OLE2_LEGACY_EXCEL,.xlsx,100352,87944e63d44d71c68b324884517eecb5cc232766bb937be488a0214eb83d14c5,OK,,674,PAYLOAD_SUBSTANTIVE,,کگاز,1394,1394/12/29,separate,audited,original,DETECTED,Sheet1,9,110,1394/12/29,Sheet1!R6C4,مشروط,QUALIFIED_FAIR_WITH_EXCEPTION|HEADING_CELL,Sheet1!R37C14,Sheet1!R38C2,,,1395/04/23,Sheet1!R101C23,,شیشه و گاز
اکسل های صورت مالی کل زیپ ۱۳۹۲-۱۴۰۲.zip,كگاز.zip,كگاز.zip!كگاز_۱۳۹۵_۱۲_۳۰_separate_ن-۱۰_صورت‌های مالی سال مالی منتهی به ۱۳۹۵_۱۲_۳۰ (حسابرسی شده).xlsx,كگاز_۱۳۹۵_۱۲_۳۰_separate_ن-۱۰_صورت‌های مالی سال مالی منتهی به ۱۳۹۵_۱۲_۳۰ (حسابرسی شده).xlsx,OLE2_LEGACY_EXCEL,.xlsx,92672,1b78a15504c01f6f0c74d343d65e5ea76d36f4c0cd1fc3c3f04ea9e7d8f446f9,OK,,671,PAYLOAD_SUBSTANTIVE,,کگاز,1395,1395/12/30,separate,audited,original,DETECTED,Sheet1,11,96,1395/12/30,Sheet1!R8C4,مقبول,UNQUALIFIED_FAIR_FORMULA|HEADING_CELL,Sheet1!R29C12,Sheet1!R30C2,,,1396/02/26,Sheet1!R87C20,,شیشه و گاز
اکسل های صورت مالی کل زیپ ۱۳۹۲-۱۴۰۲.zip,كگاز.zip,كگاز.zip!كگاز_۱۳۹۶_۱۲_۲۹_separate_ن-۱۰_صورت‌های مالی سال مالی منتهی به ۱۳۹۶_۱۲_۲۹ (حسابرسی شده).xlsx,كگاز_۱۳۹۶_۱۲_۲۹_separate_ن-۱۰_صورت‌های مالی سال مالی منتهی به ۱۳۹۶_۱۲_۲۹ (حسابرسی شده).xlsx,OLE2_LEGACY_EXCEL,.xlsx,87552,75dfd399896305fc3b69c5f01668e794ef5cf3b51513bdb6e99fa345ca7de072,OK,,669,PAYLOAD_SUBSTANTIVE,,کگاز,1396,1396/12/29,separate,audited,original,DETECTED,Sheet1,11,88,1396/12/29,Sheet1!R8C4,مقبول,UNQUALIFIED_FAIR_FORMULA|HEADING_CELL,Sheet1!R29C12,Sheet1!R30C2,,,1397/03/08,Sheet1!R79C20,,شیشه و گاز
اکسل های صورت مالی کل زیپ ۱۳۹۲-۱۴۰۲.zip,كگاز.zip,كگاز.zip!كگاز_۱۳۹۷_۱۲_۲۹_separate_ن-۱۰_صورت‌های مالی سال مالی منتهی به ۱۳۹۷_۱۲_۲۹ (حسابرسی شده).xlsx,كگاز_۱۳۹۷_۱۲_۲۹_separate_ن-۱۰_صورت‌های مالی سال مالی منتهی به ۱۳۹۷_۱۲_۲۹ (حسابرسی شده).xlsx,HTML_MISLABELED_XLSX,.xlsx,113732,1a4aa559777ed6e4b7f16e7ad34c40ac3c7fb2b820fd80961d07cc06b5c0ced3,OK,,495,PAYLOAD_SUBSTANTIVE,,کگاز,1397,1397/12/29,separate,audited,original,NOT_DETECTED,,,,1397/12/29,HTML_TABLE_1!R1C2,,,,,,NO_AUDITOR_BLOCK_DETECTED,,,NO_AUDITOR_BLOCK_DETECTED,
اکسل های صورت مالی کل زیپ ۱۳۹۲-۱۴۰۲.zip,كگاز.zip,كگاز.zip!كگاز_۱۳۹۸_۱۲_۲۹_separate_ن-۱۰_صورت‌های مالی سال مالی منتهی به ۱۳۹۸_۱۲_۲۹ (حسابرسی شده).xlsx,كگاز_۱۳۹۸_۱۲_۲۹_separate_ن-۱۰_صورت‌های مالی سال مالی منتهی به ۱۳۹۸_۱۲_۲۹ (حسابرسی شده).xlsx,HTML_MISLABELED_XLSX,.xlsx,320399,30e20b9a3890189280005ba21775046bc792e81133700c41175c0ef112fb1785,OK,,1535,PAYLOAD_SUBSTANTIVE,,کگاز,1398,1398/12/29,separate,audited,original,NOT_DETECTED,,,,1398/12/29,HTML_TABLE_1!R1C2,,,,,,NO_AUDITOR_BLOCK_DETECTED,,,NO_AUDITOR_BLOCK_DETECTED,
اکسل های صورت مالی کل زیپ ۱۳۹۲-۱۴۰۲.zip,كگاز.zip,كگاز.zip!كگاز_۱۳۹۹_۱۲_۳۰_separate_ن-۱۰_صورت‌های مالی سال مالی منتهی به ۱۳۹۹_۱۲_۳۰ (حسابرسی شده).xlsx,كگاز_۱۳۹۹_۱۲_۳۰_separate_ن-۱۰_صورت‌های مالی سال مالی منتهی به ۱۳۹۹_۱۲_۳۰ (حسابرسی شده).xlsx,HTML_MISLABELED_XLSX,.xlsx,326067,73c3b1e44eb84afb72be0d8ec408ae58af24f1163520015f7e0cf1cf89c034f9,OK,,1565,PAYLOAD_SUBSTANTIVE,,کگاز,1399,1399/12/30,separate,audited,original,NOT_DETECTED,,,,1399/12/30,HTML_TABLE_1!R1C2,,,,,,NO_AUDITOR_BLOCK_DETECTED,,,NO_AUDITOR_BLOCK_DETECTED,
اکسل های صورت مالی کل زیپ ۱۳۹۲-۱۴۰۲.zip,كگاز.zip,كگاز.zip!كگاز_۱۴۰۰_۱۲_۲۹_separate_ن-۱۰_صورت‌های مالی سال مالی منتهی به ۱۴۰۰_۱۲_۲۹ (حسابرسی شده).xlsx,كگاز_۱۴۰۰_۱۲_۲۹_separate_ن-۱۰_صورت‌های مالی سال مالی منتهی به ۱۴۰۰_۱۲_۲۹ (حسابرسی شده).xlsx,HTML_MISLABELED_XLSX,.xlsx,405947,11066055f4beb2ae822e9b22323accecbb158be8f9290ab811984c566faf2e56,OK,,1946,PAYLOAD_SUBSTANTIVE,,کگاز,1400,1400/12/29,separate,audited,original,NOT_DETECTED,,,,1400/12/29,HTML_TABLE_1!R1C2,,,,,,NO_AUDITOR_BLOCK_DETECTED,,,NO_AUDITOR_BLOCK_DETECTED,
اکسل های صورت مالی کل زیپ ۱۳۹۲-۱۴۰۲.zip,كگاز.zip,كگاز.zip!كگاز_۱۴۰۱_۱۲_۲۹_separate_ن-۱۰_صورت‌های مالی سال مالی منتهی به ۱۴۰۱_۱۲_۲۹ (حسابرسی شده).xlsx,كگاز_۱۴۰۱_۱۲_۲۹_separate_ن-۱۰_صورت‌های مالی سال مالی منتهی به ۱۴۰۱_۱۲_۲۹ (حسابرسی شده).xlsx,HTML_MISLABELED_XLSX,.xlsx,3194,7690a532ef1b79a8bb29301c7f2cca95420e50b29c29cfd843b336e99bce8a72,OK,,1,PAYLOAD_NON_SUBSTANTIVE,SUSPICIOUS_SMALL_PAYLOAD:3194_bytes,کگاز,1401,1401/12/29,separate,audited,original,NOT_DETECTED,,,,,,,,,,,NO_AUDITOR_BLOCK_DETECTED,,,NO_AUDITOR_BLOCK_DETECTED,
اکسل های صورت مالی کل زیپ ۱۳۹۲-۱۴۰۲.zip,كگاز.zip,كگاز.zip!كگاز_۱۴۰۲_۱۲_۲۹_separate_ن-۱۰_صورت‌های مالی سال مالی منتهی به ۱۴۰۲_۱۲_۲۹ (حسابرسی شده).xlsx,كگاز_۱۴۰۲_۱۲_۲۹_separate_ن-۱۰_صورت‌های مالی سال مالی منتهی به ۱۴۰۲_۱۲_۲۹ (حسابرسی شده).xlsx,HTML_MISLABELED_XLSX,.xlsx,441145,5556cdd0f8bd821f92fbad391e99a613082337a3dccdc8f179939195d38f03d7,OK,,2120,PAYLOAD_SUBSTANTIVE,,کگاز,1402,1402/12/29,separate,audited,original,NOT_DETECTED,,,,1402/12/29,HTML_TABLE_1!R1C2,,,,,,NO_AUDITOR_BLOCK_DETECTED,,,NO_AUDITOR_BLOCK_DETECTED,
اکسل های صورت مالی کل زیپ ۱۳۹۲-۱۴۰۲.zip,كگل.zip,كگل.zip!كگل_۱۳۹۱_۱۲_۳۰_separate_ن-۱۰_صورتهای مالی سال مالی منتهی به ۱۳۹۱_۱۲_۳۰ (حسابرسی شده).xlsx,كگل_۱۳۹۱_۱۲_۳۰_separate_ن-۱۰_صورتهای مالی سال مالی منتهی به ۱۳۹۱_۱۲_۳۰ (حسابرسی شده).xlsx,OLE2_LEGACY_EXCEL,.xlsx,79872,758bf9711ac1362a6c94ea316dacdae66fe91112f1a964be2c24e965aa1f5f17,OK,,482,PAYLOAD_SUBSTANTIVE,,کگل,1391,1391/12/30,separate,audited,original,DETECTED,Sheet1,9,121,1391/12/30,Sheet1!R6C4,مشروط,QUALIFIED_FAIR_WITH_EXCEPTION|HEADING_CELL,Sheet1!R52C14,Sheet1!R53C2,,,1392/04/04,Sheet1!R114C23,,معدنی و صنعتی گل گهر
اکسل های صورت مالی کل زیپ ۱۳۹۲-۱۴۰۲.zip,كگل.zip,كگل.zip!كگل_۱۳۹۲_۱۲_۲۹_separate_ن-۱۰_صورتهای مالی سال مالی منتهی به ۱۳۹۲_۱۲_۲۹ (حسابرسی شده).xlsx,كگل_۱۳۹۲_۱۲_۲۹_separate_ن-۱۰_صورتهای مالی سال مالی منتهی به ۱۳۹۲_۱۲_۲۹ (حسابرسی شده).xlsx,OLE2_LEGACY_EXCEL,.xlsx,94720,7a45cf3f37cfcee1af735bb844f6e9296ecd361e7a74e24cbc5702d22a48fa36,OK,,606,PAYLOAD_SUBSTANTIVE,,کگل,1392,1392/12/29,separate,audited,original,DETECTED,Sheet1,9,119,1392/12/29,Sheet1!R6C4,مشروط,QUALIFIED_FAIR_WITH_EXCEPTION|HEADING_CELL,Sheet1!R45C14,Sheet1!R46C2,,,1393/03/27,Sheet1!R111C23,,معدنی و صنعتی گل گهر
اکسل های صورت مالی کل زیپ ۱۳۹۲-۱۴۰۲.zip,كگل.zip,كگل.zip!كگل_۱۳۹۳_۱۲_۲۹_separate_ن-۱۰_صورتهای مالی سال مالی منتهی به ۱۳۹۳_۱۲_۲۹ (حسابرسی شده).xlsx,كگل_۱۳۹۳_۱۲_۲۹_separate_ن-۱۰_صورتهای مالی سال مالی منتهی به ۱۳۹۳_۱۲_۲۹ (حسابرسی شده).xlsx,OLE2_LEGACY_EXCEL,.xlsx,90624,72e6050f6cde93ccd17f6f690b0b993944879d6213b431e9fc05b4b23ce0e12c,OK,,609,PAYLOAD_SUBSTANTIVE,,کگل,1393,1393/12/29,separate,audited,original,DETECTED,Sheet1,9,111,1393/12/29,Sheet1!R6C4,مشروط,QUALIFIED_FAIR_WITH_EXCEPTION|HEADING_CELL,Sheet1!R50C14,Sheet1!R51C2,,,1394/04/16,Sheet1!R103C23,,معدنی و صنعتی گل گهر
اکسل های صورت مالی کل زیپ ۱۳۹۲-۱۴۰۲.zip,كگل.zip,كگل.zip!كگل_۱۳۹۴_۱۲_۲۹_consolidated_ن-۱۰_صورت‌های مالی تلفیقی سال مالی منتهی به ۱۳۹۴_۱۲_۲۹ (حسابرسی شده).xlsx,كگل_۱۳۹۴_۱۲_۲۹_consolidated_ن-۱۰_صورت‌های مالی تلفیقی سال مالی منتهی به ۱۳۹۴_۱۲_۲۹ (حسابرسی شده).xlsx,OLE2_LEGACY_EXCEL,.xlsx,142848,951228551be5a8696008fb5ebd1a9725b262a06bb8128c0f59b306e917c8f485,OK,,1416,PAYLOAD_SUBSTANTIVE,,کگل,1394,1394/12/29,consolidated,audited,original,DETECTED,Sheet1,9,84,1394/12/29,Sheet1!R6C4,مشروط,QUALIFIED_FAIR_WITH_EXCEPTION|HEADING_CELL,Sheet1!R35C14,Sheet1!R36C2,,,1395/04/14,Sheet1!R76C23,,معدنی و صنعتی گل گهر
اکسل های صورت مالی کل زیپ ۱۳۹۲-۱۴۰۲.zip,كگل.zip,كگل.zip!كگل_۱۳۹۵_۱۲_۳۰_consolidated_ن-۱۰_صورت‌های مالی تلفیقی سال مالی منتهی به ۱۳۹۵_۱۲_۳۰ (حسابرسی شده).xlsx,كگل_۱۳۹۵_۱۲_۳۰_consolidated_ن-۱۰_صورت‌های مالی تلفیقی سال مالی منتهی به ۱۳۹۵_۱۲_۳۰ (حسابرسی شده).xlsx,OLE2_LEGACY_EXCEL,.xlsx,138240,f70310378abdd24a332fed4ee40f21f98daa345c06747b9b1abb62ea634e9911,OK,,1438,PAYLOAD_SUBSTANTIVE,,کگل,1395,1395/12/30,consolidated,audited,original,DETECTED,Sheet1,11,84,1395/12/30,Sheet1!R8C4,مشروط,QUALIFIED_FAIR_WITH_EXCEPTION|HEADING_CELL,Sheet1!R40C12,Sheet1!R41C2,,,1396/04/07,Sheet1!R75C20,,معدنی و صنعتی گل گهر
اکسل های صورت مالی کل زیپ ۱۳۹۲-۱۴۰۲.zip,كگل.zip,كگل.zip!كگل_۱۳۹۶_۱۲_۲۹_consolidated_ن-۱۰_صورت‌های مالی تلفیقی سال مالی منتهی به ۱۳۹۶_۱۲_۲۹ (حسابرسی شده).xlsx,كگل_۱۳۹۶_۱۲_۲۹_consolidated_ن-۱۰_صورت‌های مالی تلفیقی سال مالی منتهی به ۱۳۹۶_۱۲_۲۹ (حسابرسی شده).xlsx,OLE2_LEGACY_EXCEL,.xlsx,141824,1f6c7d3302fb9a52ac250bb087be1eb9ee8abb8bb2063a89bf57eb3033c03356,OK,,1465,PAYLOAD_SUBSTANTIVE,,کگل,1396,1396/12/29,consolidated,audited,original,DETECTED,Sheet1,11,87,1396/12/29,Sheet1!R8C4,مشروط,QUALIFIED_FAIR_WITH_EXCEPTION|HEADING_CELL,Sheet1!R39C12,Sheet1!R40C2,,,1397/03/21,Sheet1!R78C20,,معدنی و صنعتی گل گهر
اکسل های صورت مالی کل زیپ ۱۳۹۲-۱۴۰۲.zip,كگل.zip,كگل.zip!كگل_۱۳۹۷_۱۲_۲۹_consolidated_ن-۱۰_صورت‌های مالی تلفیقی سال مالی منتهی به ۱۳۹۷_۱۲_۲۹ (حسابرسی شده).xlsx,كگل_۱۳۹۷_۱۲_۲۹_consolidated_ن-۱۰_صورت‌های مالی تلفیقی سال مالی منتهی به ۱۳۹۷_۱۲_۲۹ (حسابرسی شده).xlsx,HTML_MISLABELED_XLSX,.xlsx,235801,e6d5fa5dd82f623f67d1729a6a2da00f53ec88dd76ef33dec09901d5a0e38b9c,OK,,1045,PAYLOAD_SUBSTANTIVE,,کگل,1397,1397/12/29,consolidated,audited,original,NOT_DETECTED,,,,1397/12/29,HTML_TABLE_1!R1C2,,,,,,NO_AUDITOR_BLOCK_DETECTED,,,NO_AUDITOR_BLOCK_DETECTED,
اکسل های صورت مالی کل زیپ ۱۳۹۲-۱۴۰۲.zip,كگل.zip,كگل.zip!كگل_۱۳۹۸_۱۲_۲۹_consolidated_ن-۱۰_صورت‌های مالی تلفیقی سال مالی منتهی به ۱۳۹۸_۱۲_۲۹ (حسابرسی شده).xlsx,كگل_۱۳۹۸_۱۲_۲۹_consolidated_ن-۱۰_صورت‌های مالی تلفیقی سال مالی منتهی به ۱۳۹۸_۱۲_۲۹ (حسابرسی شده).xlsx,HTML_MISLABELED_XLSX,.xlsx,568297,4c65b417658daee7e36f30c86293527fc57c8a57e9097df1c44fd8063cea2a7c,OK,,2775,PAYLOAD_SUBSTANTIVE,,کگل,1398,1398/12/29,consolidated,audited,original,NOT_DETECTED,,,,1398/12/29,HTML_TABLE_1!R1C2,,,,,,NO_AUDITOR_BLOCK_DETECTED,,,NO_AUDITOR_BLOCK_DETECTED,
اکسل های صورت مالی کل زیپ ۱۳۹۲-۱۴۰۲.zip,كگل.zip,كگل.zip!كگل_۱۳۹۹_۱۲_۳۰_consolidated_ن-۱۰_صورت‌های مالی تلفیقی سال مالی منتهی به ۱۳۹۹_۱۲_۳۰ (حسابرسی شده).xlsx,كگل_۱۳۹۹_۱۲_۳۰_consolidated_ن-۱۰_صورت‌های مالی تلفیقی سال مالی منتهی به ۱۳۹۹_۱۲_۳۰ (حسابرسی شده).xlsx,HTML_MISLABELED_XLSX,.xlsx,579750,47d3695bdcb450d25b5fc2eeb0a4315ac3b7c9531a14018e20cb416d80ad6d32,OK,,2822,PAYLOAD_SUBSTANTIVE,,کگل,1399,1399/12/30,consolidated,audited,original,NOT_DETECTED,,,,1399/12/30,HTML_TABLE_1!R1C2,,,,,,NO_AUDITOR_BLOCK_DETECTED,,,NO_AUDITOR_BLOCK_DETECTED,
اکسل های صورت مالی کل زیپ ۱۳۹۲-۱۴۰۲.zip,كگل.zip,كگل.zip!كگل_۱۴۰۰_۱۲_۲۹_consolidated_ن-۱۰_صورت‌های مالی تلفیقی سال مالی منتهی به ۱۴۰۰_۱۲_۲۹ (حسابرسی شده).xlsx,كگل_۱۴۰۰_۱۲_۲۹_consolidated_ن-۱۰_صورت‌های مالی تلفیقی سال مالی منتهی به ۱۴۰۰_۱۲_۲۹ (حسابرسی شده).xlsx,HTML_MISLABELED_XLSX,.xlsx,695559,4c417af82ca729fdf3bdd812f2a6a5f961794c058af75ddadf6cea1d163e61eb,OK,,3505,PAYLOAD_SUBSTANTIVE,,کگل,1400,1400/12/29,consolidated,audited,original,NOT_DETECTED,,,,1400/12/29,HTML_TABLE_1!R1C2,,,,,,NO_AUDITOR_BLOCK_DETECTED,,,NO_AUDITOR_BLOCK_DETECTED,
اکسل های صورت مالی کل زیپ ۱۳۹۲-۱۴۰۲.zip,كگل.zip,كگل.zip!كگل_۱۴۰۱_۱۲_۲۹_consolidated_ن-۱۰_صورت‌های مالی تلفیقی سال مالی منتهی به ۱۴۰۱_۱۲_۲۹ (حسابرسی شده).xlsx,كگل_۱۴۰۱_۱۲_۲۹_consolidated_ن-۱۰_صورت‌های مالی تلفیقی سال مالی منتهی به ۱۴۰۱_۱۲_۲۹ (حسابرسی شده).xlsx,HTML_MISLABELED_XLSX,.xlsx,808582,d7aef62b6f35e018721fb3ed40e2893e78aeb515bad386c9342b22cea1dc5965,OK,,4005,PAYLOAD_SUBSTANTIVE,,کگل,1401,1401/12/29,consolidated,audited,original,NOT_DETECTED,,,,1401/12/29,HTML_TABLE_1!R1C2,,,,,,NO_AUDITOR_BLOCK_DETECTED,,,NO_AUDITOR_BLOCK_DETECTED,
اکسل های صورت مالی کل زیپ ۱۳۹۲-۱۴۰۲.zip,كگل.zip,كگل.zip!كگل_۱۴۰۲_۱۲_۲۹_consolidated_ن-۱۰_صورت‌های مالی تلفیقی سال مالی منتهی به ۱۴۰۲_۱۲_۲۹ (حسابرسی شده).xlsx,كگل_۱۴۰۲_۱۲_۲۹_consolidated_ن-۱۰_صورت‌های مالی تلفیقی سال مالی منتهی به ۱۴۰۲_۱۲_۲۹ (حسابرسی شده).xlsx,HTML_MISLABELED_XLSX,.xlsx,805446,c6ab72e900e20aec350c20ff7af6b6b3906ad422731dee266f200b6bfcebd692,OK,,3988,PAYLOAD_SUBSTANTIVE,,کگل,1402,1402/12/29,consolidated,audited,original,NOT_DETECTED,,,,1402/12/29,HTML_TABLE_1!R1C2,,,,,,NO_AUDITOR_BLOCK_DETECTED,,,NO_AUDITOR_BLOCK_DETECTED,
اکسل های صورت مالی کل زیپ ۱۳۹۲-۱۴۰۲.zip,كهمدا.zip,كهمدا.zip!كهمدا_۱۳۹۲_۰۳_۳۱_separate_ن-۱۰_صورتهای مالی سال مالی منتهی به ۱۳۹۲_۰۳_۳۱ (حسابرسی شده).xlsx,كهمدا_۱۳۹۲_۰۳_۳۱_separate_ن-۱۰_صورتهای مالی سال مالی منتهی به ۱۳۹۲_۰۳_۳۱ (حسابرسی شده).xlsx,OLE2_LEGACY_EXCEL,.xlsx,74752,29a65b92a92901ffbf9be20b0034e1b271e5025334a66b882c6f4ddc876dbc34,OK,,554,PAYLOAD_SUBSTANTIVE,,کهمدا,1392,1392/03/31,separate,audited,original,DETECTED,Sheet1,9,76,1392/03/31,Sheet1!R6C4,مشروط,QUALIFIED_FAIR_WITH_EXCEPTION|HEADING_CELL,Sheet1!R45C14,Sheet1!R46C2,,,1392/07/08,Sheet1!R68C23,,شیشه همدان
اکسل های صورت مالی کل زیپ ۱۳۹۲-۱۴۰۲.zip,كهمدا.zip,كهمدا.zip!كهمدا_۱۳۹۳_۰۳_۳۱_separate_ن-۱۰_صورتهای مالی سال مالی منتهی به ۱۳۹۳_۰۳_۳۱ (حسابرسی شده).xlsx,كهمدا_۱۳۹۳_۰۳_۳۱_separate_ن-۱۰_صورتهای مالی سال مالی منتهی به ۱۳۹۳_۰۳_۳۱ (حسابرسی شده).xlsx,OLE2_LEGACY_EXCEL,.xlsx,69632,69f28f2ea07d9a30d325f728c630082645d591face524ed40c4b058595c12d45,OK,,554,PAYLOAD_SUBSTANTIVE,,کهمدا,1393,1393/03/31,separate,audited,original,DETECTED,Sheet1,9,63,1393/03/31,Sheet1!R6C4,مشروط,QUALIFIED_FAIR_WITH_EXCEPTION|HEADING_CELL,Sheet1!R32C14,Sheet1!R34C2,,,1393/06/31,Sheet1!R54C23,,شیشه همدان
اکسل های صورت مالی کل زیپ ۱۳۹۲-۱۴۰۲.zip,كهمدا.zip,كهمدا.zip!كهمدا_۱۳۹۴_۰۳_۳۱_separate_ن-۱۰_صورت‌های مالی سال مالی منتهی به ۱۳۹۴_۰۳_۳۱ (حسابرسی شده).xlsx,كهمدا_۱۳۹۴_۰۳_۳۱_separate_ن-۱۰_صورت‌های مالی سال مالی منتهی به ۱۳۹۴_۰۳_۳۱ (حسابرسی شده).xlsx,OLE2_LEGACY_EXCEL,.xlsx,70656,b4b94ae3c051cbdfaa6387153768a6a5bbe20a1b669c7df016df1b5e0da875d5,OK,,581,PAYLOAD_SUBSTANTIVE,,کهمدا,1394,1394/03/31,separate,audited,original,DETECTED,Sheet1,9,64,1394/03/31,Sheet1!R6C4,مشروط,QUALIFIED_FAIR_WITH_EXCEPTION|HEADING_CELL,Sheet1!R32C14,Sheet1!R34C2,,,1394/07/12,Sheet1!R55C23,,شیشه همدان
اکسل های صورت مالی کل زیپ ۱۳۹۲-۱۴۰۲.zip,كهمدا.zip,كهمدا.zip!كهمدا_۱۳۹۵_۰۳_۳۱_separate_ن-۱۰_صورت‌های مالی سال مالی منتهی به ۱۳۹۵_۰۳_۳۱ (حسابرسی شده).xlsx,كهمدا_۱۳۹۵_۰۳_۳۱_separate_ن-۱۰_صورت‌های مالی سال مالی منتهی به ۱۳۹۵_۰۳_۳۱ (حسابرسی شده).xlsx,OLE2_LEGACY_EXCEL,.xlsx,78336,cc8e0afcddc000fbf97eb60b5784f36197cf2f150ad9b1684b02abc904b2d647,OK,,619,PAYLOAD_SUBSTANTIVE,,کهمدا,1395,1395/03/31,separate,audited,original,DETECTED,Sheet1,9,64,1395/03/31,Sheet1!R6C4,مقبول,UNQUALIFIED_FAIR_FORMULA|HEADING_CELL,Sheet1!R28C14,Sheet1!R29C2,,,1395/06/27,Sheet1!R56C23,,شیشه همدان
اکسل های صورت مالی کل زیپ ۱۳۹۲-۱۴۰۲.zip,كهمدا.zip,كهمدا.zip!كهمدا_۱۳۹۶_۰۳_۳۱_separate_ن-۱۰_صورت‌های مالی سال مالی منتهی به ۱۳۹۶_۰۳_۳۱ (حسابرسی شده).xlsx,كهمدا_۱۳۹۶_۰۳_۳۱_separate_ن-۱۰_صورت‌های مالی سال مالی منتهی به ۱۳۹۶_۰۳_۳۱ (حسابرسی شده).xlsx,OLE2_LEGACY_EXCEL,.xlsx,75776,c574c490a9e3701c1d8028157234ef0483137d2eecb0c101dd3f7c02f0f0fe7e,OK,,619,PAYLOAD_SUBSTANTIVE,,کهمدا,1396,1396/03/31,separate,audited,original,DETECTED,Sheet1,11,64,1396/03/31,Sheet1!R8C4,مشروط,QUALIFIED_FAIR_WITH_EXCEPTION|HEADING_CELL,Sheet1!R32C12,Sheet1!R33C2,,,1396/07/18,Sheet1!R56C20,,شیشه همدان
اکسل های صورت مالی کل زیپ ۱۳۹۲-۱۴۰۲.zip,كهمدا.zip,كهمدا.zip!كهمدا_۱۳۹۷_۰۳_۳۱_separate_ن-۱۰_صورت‌های مالی سال مالی منتهی به ۱۳۹۷_۰۳_۳۱ (حسابرسی شده).xlsx,كهمدا_۱۳۹۷_۰۳_۳۱_separate_ن-۱۰_صورت‌های مالی سال مالی منتهی به ۱۳۹۷_۰۳_۳۱ (حسابرسی شده).xlsx,HTML_MISLABELED_XLSX,.xlsx,113918,1e39d7e66ad467a8f802043bd813a2dddb2fae9c1d36b41839101af4dacf9c51,OK,,495,PAYLOAD_SUBSTANTIVE,,کهمدا,1397,1397/03/31,separate,audited,original,NOT_DETECTED,,,,1397/03/31,HTML_TABLE_1!R1C2,,,,,,NO_AUDITOR_BLOCK_DETECTED,,,NO_AUDITOR_BLOCK_DETECTED,
اکسل های صورت مالی کل زیپ ۱۳۹۲-۱۴۰۲.zip,كهمدا.zip,كهمدا.zip!كهمدا_۱۳۹۸_۰۳_۳۱_separate_ن-۱۰_صورت‌های مالی سال مالی منتهی به ۱۳۹۸_۰۳_۳۱ (حسابرسی شده).xlsx,كهمدا_۱۳۹۸_۰۳_۳۱_separate_ن-۱۰_صورت‌های مالی سال مالی منتهی به ۱۳۹۸_۰۳_۳۱ (حسابرسی شده).xlsx,HTML_MISLABELED_XLSX,.xlsx,4733,a215afaae31c900d47116cd7cd7906a3ae132fd93e0d317c06f91075d8128617,OK,,1,PAYLOAD_NON_SUBSTANTIVE,ONLY_1_CELLS,کهمدا,1398,1398/03/31,separate,audited,original,NOT_DETECTED,,,,,,,,,,,NO_AUDITOR_BLOCK_DETECTED,,,NO_AUDITOR_BLOCK_DETECTED,
اکسل های صورت مالی کل زیپ ۱۳۹۲-۱۴۰۲.zip,كهمدا.zip,كهمدا.zip!كهمدا_۱۳۹۹_۰۳_۳۱_separate_ن-۱۰_صورت‌های مالی سال مالی منتهی به ۱۳۹۹_۰۳_۳۱ (حسابرسی شده).xlsx,كهمدا_۱۳۹۹_۰۳_۳۱_separate_ن-۱۰_صورت‌های مالی سال مالی منتهی به ۱۳۹۹_۰۳_۳۱ (حسابرسی شده).xlsx,HTML_MISLABELED_XLSX,.xlsx,328831,4879ee1070745908eeca3555c0cc777017339ceff6fc239a5458b292d481756d,OK,,1589,PAYLOAD_SUBSTANTIVE,,کهمدا,1399,1399/03/31,separate,audited,original,NOT_DETECTED,,,,1399/03/31,HTML_TABLE_1!R1C2,,,,,,NO_AUDITOR_BLOCK_DETECTED,,,NO_AUDITOR_BLOCK_DETECTED,در 51 درصد سهام شرکت صنایع مهتاب خراسان
اکسل های صورت مالی کل زیپ ۱۳۹۲-۱۴۰۲.zip,كهمدا.zip,كهمدا.zip!كهمدا_۱۴۰۰_۰۳_۳۱_separate_ن-۱۰_صورت‌های مالی سال مالی منتهی به ۱۴۰۰_۰۳_۳۱ (حسابرسی شده).xlsx,كهمدا_۱۴۰۰_۰۳_۳۱_separate_ن-۱۰_صورت‌های مالی سال مالی منتهی به ۱۴۰۰_۰۳_۳۱ (حسابرسی شده).xlsx,HTML_MISLABELED_XLSX,.xlsx,332366,ec60ba8ef0de043a55fb827fcc31f8f978755ba802eb5b38f486c56ce7f6285c,OK,,1597,PAYLOAD_SUBSTANTIVE,,کهمدا,1400,1400/03/31,separate,audited,original,NOT_DETECTED,,,,1400/03/31,HTML_TABLE_1!R1C2,,,,,,NO_AUDITOR_BLOCK_DETECTED,,,NO_AUDITOR_BLOCK_DETECTED,
اکسل های صورت مالی کل زیپ ۱۳۹۲-۱۴۰۲.zip,كهمدا.zip,كهمدا.zip!كهمدا_۱۴۰۱_۰۳_۳۱_separate_ن-۱۰_صورت‌های مالی سال مالی منتهی به ۱۴۰۱_۰۳_۳۱ (حسابرسی شده).xlsx,كهمدا_۱۴۰۱_۰۳_۳۱_separate_ن-۱۰_صورت‌های مالی سال مالی منتهی به ۱۴۰۱_۰۳_۳۱ (حسابرسی شده).xlsx,HTML_MISLABELED_XLSX,.xlsx,441597,317c03be512ed1c84778584e0886a9be466a2b1fee8f5cd0ce9b031523c13d8b,OK,,2133,PAYLOAD_SUBSTANTIVE,,کهمدا,1401,1401/03/31,separate,audited,original,NOT_DETECTED,,,,1401/03/31,HTML_TABLE_1!R1C2,,,,,,NO_AUDITOR_BLOCK_DETECTED,,,NO_AUDITOR_BLOCK_DETECTED,بورس اوراق بهادار تهران
اکسل های صورت مالی کل زیپ ۱۳۹۲-۱۴۰۲.zip,كهمدا.zip,كهمدا.zip!كهمدا_۱۴۰۱_۰۳_۳۱_separate_ن-۱۰_صورت‌های مالی سال مالی منتهی به ۱۴۰۱_۰۳_۳۱ (حسابرسی شده)(اصلاحیه).xlsx,كهمدا_۱۴۰۱_۰۳_۳۱_separate_ن-۱۰_صورت‌های مالی سال مالی منتهی به ۱۴۰۱_۰۳_۳۱ (حسابرسی شده)(اصلاحیه).xlsx,HTML_MISLABELED_XLSX,.xlsx,442577,affba1fdb7e55e76469380ecc3fe8fa81d688b32313e70444ad63db2786de34d,OK,,2133,PAYLOAD_SUBSTANTIVE,,کهمدا,1401,1401/03/31,separate,audited,correction,NOT_DETECTED,,,,1401/03/31,HTML_TABLE_1!R1C2,,,,,,NO_AUDITOR_BLOCK_DETECTED,,,NO_AUDITOR_BLOCK_DETECTED,بورس اوراق بهادار تهران
اکسل های صورت مالی کل زیپ ۱۳۹۲-۱۴۰۲.zip,كهمدا.zip,كهمدا.zip!كهمدا_۱۴۰۲_۰۳_۳۱_separate_ن-۱۰_صورت‌های مالی سال مالی منتهی به ۱۴۰۲_۰۳_۳۱ (حسابرسی شده).xlsx,كهمدا_۱۴۰۲_۰۳_۳۱_separate_ن-۱۰_صورت‌های مالی سال مالی منتهی به ۱۴۰۲_۰۳_۳۱ (حسابرسی شده).xlsx,HTML_MISLABELED_XLSX,.xlsx,459448,9ab93916f4d2d5641a7308a4c182777a5230c737fff72d2ed5737f381576986a,OK,,2248,PAYLOAD_SUBSTANTIVE,,کهمدا,1402,1402/03/31,separate,audited,original,NOT_DETECTED,,,,1402/03/31,HTML_TABLE_1!R1C2,,,,,,NO_AUDITOR_BLOCK_DETECTED,,,NO_AUDITOR_BLOCK_DETECTED,
اکسل های صورت مالی کل زیپ ۱۳۹۲-۱۴۰۲.zip,كهمدا.zip,كهمدا.zip!كهمدا_۱۴۰۳_۰۳_۳۱_separate_ن-۱۰_صورت‌های مالی سال مالی منتهی به ۱۴۰۳_۰۳_۳۱ (حسابرسی شده).xlsx,كهمدا_۱۴۰۳_۰۳_۳۱_separate_ن-۱۰_صورت‌های مالی سال مالی منتهی به ۱۴۰۳_۰۳_۳۱ (حسابرسی شده).xlsx,HTML_MISLABELED_XLSX,.xlsx,480228,ee3e79c019ecee97af0712fcf6372bba31fcc6eb29142749c55476670c4f7578,OK,,2384,PAYLOAD_SUBSTANTIVE,,کهمدا,1403,1403/03/31,separate,audited,original,NOT_DETECTED,,,,1403/03/31,HTML_TABLE_1!R1C2,,,,,,NO_AUDITOR_BLOCK_DETECTED,,,NO_AUDITOR_BLOCK_DETECTED,بیمه سامان
اکسل های صورت مالی کل زیپ ۱۳۹۲-۱۴۰۲.zip,كوير.zip,كوير.zip!كوير_۱۳۹۳_۱۲_۲۹_separate_ن-۱۰_صورت‌های مالی سال مالی منتهی به ۱۳۹۳_۱۲_۲۹ (حسابرسی شده).xlsx,كوير_۱۳۹۳_۱۲_۲۹_separate_ن-۱۰_صورت‌های مالی سال مالی منتهی به ۱۳۹۳_۱۲_۲۹ (حسابرسی شده).xlsx,HTML_MISLABELED_XLSX,.xlsx,3002,f0941247e2d66de804e33959905f2a4d445582e1463477aa9af7c93442f9b5c1,OK,,1,PAYLOAD_NON_SUBSTANTIVE,SUSPICIOUS_SMALL_PAYLOAD:3002_bytes,کویر,1393,1393/12/29,separate,audited,original,NOT_DETECTED,,,,,,,,,,,NO_AUDITOR_BLOCK_DETECTED,,,NO_AUDITOR_BLOCK_DETECTED,
اکسل های صورت مالی کل زیپ ۱۳۹۲-۱۴۰۲.zip,كوير.zip,كوير.zip!كوير_۱۳۹۴_۱۲_۲۹_separate_ن-۱۰_صورت‌های مالی سال مالی منتهی به ۱۳۹۴_۱۲_۲۹ (حسابرسی شده).xlsx,كوير_۱۳۹۴_۱۲_۲۹_separate_ن-۱۰_صورت‌های مالی سال مالی منتهی به ۱۳۹۴_۱۲_۲۹ (حسابرسی شده).xlsx,HTML_MISLABELED_XLSX,.xlsx,3002,f0941247e2d66de804e33959905f2a4d445582e1463477aa9af7c93442f9b5c1,OK,,1,PAYLOAD_NON_SUBSTANTIVE,SUSPICIOUS_SMALL_PAYLOAD:3002_bytes,کویر,1394,1394/12/29,separate,audited,original,NOT_DETECTED,,,,,,,,,,,NO_AUDITOR_BLOCK_DETECTED,,,NO_AUDITOR_BLOCK_DETECTED,
اکسل های صورت مالی کل زیپ ۱۳۹۲-۱۴۰۲.zip,كوير.zip,كوير.zip!كوير_۱۳۹۵_۱۲_۳۰_separate_ن-۱۰_صورت‌های مالی سال مالی منتهی به ۱۳۹۵_۱۲_۳۰ (حسابرسی شده).xlsx,كوير_۱۳۹۵_۱۲_۳۰_separate_ن-۱۰_صورت‌های مالی سال مالی منتهی به ۱۳۹۵_۱۲_۳۰ (حسابرسی شده).xlsx,HTML_MISLABELED_XLSX,.xlsx,3002,f0941247e2d66de804e33959905f2a4d445582e1463477aa9af7c93442f9b5c1,OK,,1,PAYLOAD_NON_SUBSTANTIVE,SUSPICIOUS_SMALL_PAYLOAD:3002_bytes,کویر,1395,1395/12/30,separate,audited,original,NOT_DETECTED,,,,,,,,,,,NO_AUDITOR_BLOCK_DETECTED,,,NO_AUDITOR_BLOCK_DETECTED,
اکسل های صورت مالی کل زیپ ۱۳۹۲-۱۴۰۲.zip,كوير.zip,كوير.zip!كوير_۱۳۹۶_۱۲_۲۹_separate_ن-۱۰_صورت‌های مالی سال مالی منتهی به ۱۳۹۶_۱۲_۲۹ (حسابرسی شده).xlsx,كوير_۱۳۹۶_۱۲_۲۹_separate_ن-۱۰_صورت‌های مالی سال مالی منتهی به ۱۳۹۶_۱۲_۲۹ (حسابرسی شده).xlsx,HTML_MISLABELED_XLSX,.xlsx,3002,f0941247e2d66de804e33959905f2a4d445582e1463477aa9af7c93442f9b5c1,OK,,1,PAYLOAD_NON_SUBSTANTIVE,SUSPICIOUS_SMALL_PAYLOAD:3002_bytes,کویر,1396,1396/12/29,separate,audited,original,NOT_DETECTED,,,,,,,,,,,NO_AUDITOR_BLOCK_DETECTED,,,NO_AUDITOR_BLOCK_DETECTED,
اکسل های صورت مالی کل زیپ ۱۳۹۲-۱۴۰۲.zip,كوير.zip,كوير.zip!كوير_۱۳۹۸_۱۲_۲۹_consolidated_ن-۱۰_صورت‌های مالی تلفیقی سال مالی منتهی به ۱۳۹۸_۱۲_۲۹ (حسابرسی شده).xlsx,كوير_۱۳۹۸_۱۲_۲۹_consolidated_ن-۱۰_صورت‌های مالی تلفیقی سال مالی منتهی به ۱۳۹۸_۱۲_۲۹ (حسابرسی شده).xlsx,HTML_MISLABELED_XLSX,.xlsx,474197,5b8b472379e336224b7cf812ffa97ca78476a4b289361a43a909c8a0e2e45f2c,OK,,2184,PAYLOAD_SUBSTANTIVE,,کویر,1398,1398/12/29,consolidated,audited,original,NOT_DETECTED,,,,1398/12/29,HTML_TABLE_1!R1C2,,,,,,NO_AUDITOR_BLOCK_DETECTED,,,NO_AUDITOR_BLOCK_DETECTED,
اکسل های صورت مالی کل زیپ ۱۳۹۲-۱۴۰۲.zip,كوير.zip,كوير.zip!كوير_۱۳۹۸_۱۲_۲۹_consolidated_ن-۱۰_صورت‌های مالی تلفیقی سال مالی منتهی به ۱۳۹۸_۱۲_۲۹ (حسابرسی شده)(اصلاحیه).xlsx,كوير_۱۳۹۸_۱۲_۲۹_consolidated_ن-۱۰_صورت‌های مالی تلفیقی سال مالی منتهی به ۱۳۹۸_۱۲_۲۹ (حسابرسی شده)(اصلاحیه).xlsx,HTML_MISLABELED_XLSX,.xlsx,474197,3a141cb300a05fafe25ffcf9b883106e5e02d218b1063cf6a1c30b2023b3ce74,OK,,2184,PAYLOAD_SUBSTANTIVE,,کویر,1398,1398/12/29,consolidated,audited,correction,NOT_DETECTED,,,,1398/12/29,HTML_TABLE_1!R1C2,,,,,,NO_AUDITOR_BLOCK_DETECTED,,,NO_AUDITOR_BLOCK_DETECTED,
اکسل های صورت مالی کل زیپ ۱۳۹۲-۱۴۰۲.zip,كوير.zip,كوير.zip!كوير_۱۳۹۹_۱۲_۳۰_consolidated_ن-۱۰_صورت‌های مالی تلفیقی سال مالی منتهی به ۱۳۹۹_۱۲_۳۰ (حسابرسی شده).xlsx,كوير_۱۳۹۹_۱۲_۳۰_consolidated_ن-۱۰_صورت‌های مالی تلفیقی سال مالی منتهی به ۱۳۹۹_۱۲_۳۰ (حسابرسی شده).xlsx,HTML_MISLABELED_XLSX,.xlsx,479745,73bac4e2ad325e89e28a8433c72e9fd43a1baecadc68777d6259f02b00d74ac9,OK,,2216,PAYLOAD_SUBSTANTIVE,,کویر,1399,1399/12/30,consolidated,audited,original,NOT_DETECTED,,,,1399/12/30,HTML_TABLE_1!R1C2,,,,,,NO_AUDITOR_BLOCK_DETECTED,,,NO_AUDITOR_BLOCK_DETECTED,
اکسل های صورت مالی کل زیپ ۱۳۹۲-۱۴۰۲.zip,كوير.zip,كوير.zip!كوير_۱۴۰۰_۱۲_۲۹_consolidated_ن-۱۰_صورت‌های مالی تلفیقی سال مالی منتهی به ۱۴۰۰_۱۲_۲۹ (حسابرسی شده).xlsx,كوير_۱۴۰۰_۱۲_۲۹_consolidated_ن-۱۰_صورت‌های مالی تلفیقی سال مالی منتهی به ۱۴۰۰_۱۲_۲۹ (حسابرسی شده).xlsx,HTML_MISLABELED_XLSX,.xlsx,554033,c116604c5c0fb1f7ec78704b6dc8e23e3e2d68edbc4469506b59e03a3101d13d,OK,,2527,PAYLOAD_SUBSTANTIVE,,کویر,1400,1400/12/29,consolidated,audited,original,NOT_DETECTED,,,,1400/12/29,HTML_TABLE_1!R1C2,,,,,,NO_AUDITOR_BLOCK_DETECTED,,,NO_AUDITOR_BLOCK_DETECTED,
اکسل های صورت مالی کل زیپ ۱۳۹۲-۱۴۰۲.zip,كوير.zip,كوير.zip!كوير_۱۴۰۱_۱۲_۲۹_consolidated_ن-۱۰_صورت‌های مالی تلفیقی سال مالی منتهی به ۱۴۰۱_۱۲_۲۹ (حسابرسی شده).xlsx,كوير_۱۴۰۱_۱۲_۲۹_consolidated_ن-۱۰_صورت‌های مالی تلفیقی سال مالی منتهی به ۱۴۰۱_۱۲_۲۹ (حسابرسی شده).xlsx,HTML_MISLABELED_XLSX,.xlsx,640627,aecc8ad446fe461ffb0e0f963432ef6721c5a5c9ae3fa91910a7973141b65850,OK,,2841,PAYLOAD_SUBSTANTIVE,,کویر,1401,1401/12/29,consolidated,audited,original,NOT_DETECTED,,,,1401/12/29,HTML_TABLE_1!R1C2,,,,,,NO_AUDITOR_BLOCK_DETECTED,,,NO_AUDITOR_BLOCK_DETECTED,
اکسل های صورت مالی کل زیپ ۱۳۹۲-۱۴۰۲.zip,كوير.zip,كوير.zip!كوير_۱۴۰۲_۱۲_۲۹_consolidated_ن-۱۰_صورت‌های مالی تلفیقی سال مالی منتهی به ۱۴۰۲_۱۲_۲۹ (حسابرسی شده).xlsx,كوير_۱۴۰۲_۱۲_۲۹_consolidated_ن-۱۰_صورت‌های مالی تلفیقی سال مالی منتهی به ۱۴۰۲_۱۲_۲۹ (حسابرسی شده).xlsx,HTML_MISLABELED_XLSX,.xlsx,641915,8e957ea2e4197ec6ad8a391f0aa9045b6454b7b3fa407af5fe0449df984f2af7,OK,,2852,PAYLOAD_SUBSTANTIVE,,کویر,1402,1402/12/29,consolidated,audited,original,NOT_DETECTED,,,,1402/12/29,HTML_TABLE_1!R1C2,,,,,,NO_AUDITOR_BLOCK_DETECTED,,,NO_AUDITOR_BLOCK_DETECTED,
اکسل های صورت مالی کل زیپ ۱۳۹۲-۱۴۰۲.zip,كيمياتك.zip,كيمياتك.zip!كيمياتك_۱۳۹۹_۱۲_۳۰_separate_ن-۱۰_صورت‌های مالی سال مالی منتهی به ۱۳۹۹_۱۲_۳۰ (حسابرسی شده).xlsx,كيمياتك_۱۳۹۹_۱۲_۳۰_separate_ن-۱۰_صورت‌های مالی سال مالی منتهی به ۱۳۹۹_۱۲_۳۰ (حسابرسی شده).xlsx,HTML_MISLABELED_XLSX,.xlsx,298382,621d653f643c733316335b3fdd52386bef9bac171568e8f605281c0cafe72e43,OK,,1375,PAYLOAD_SUBSTANTIVE,,کیمیاتک,1399,1399/12/30,separate,audited,original,NOT_DETECTED,,,,1399/12/30,HTML_TABLE_1!R1C2,,,,,,NO_AUDITOR_BLOCK_DETECTED,,,NO_AUDITOR_BLOCK_DETECTED,
اکسل های صورت مالی کل زیپ ۱۳۹۲-۱۴۰۲.zip,كيمياتك.zip,كيمياتك.zip!كيمياتك_۱۴۰۰_۱۲_۲۹_consolidated_ن-۱۰_صورت‌های مالی تلفیقی سال مالی منتهی به ۱۴۰۰_۱۲_۲۹ (حسابرسی شده).xlsx,كيمياتك_۱۴۰۰_۱۲_۲۹_consolidated_ن-۱۰_صورت‌های مالی تلفیقی سال مالی منتهی به ۱۴۰۰_۱۲_۲۹ (حسابرسی شده).xlsx,HTML_MISLABELED_XLSX,.xlsx,546942,f9d5b5a7450b7a480073531439a28888026b53419b972c25e5517c85e9e85b27,OK,,2525,PAYLOAD_SUBSTANTIVE,,کیمیاتک,1400,1400/12/29,consolidated,audited,original,NOT_DETECTED,,,,1400/12/29,HTML_TABLE_1!R1C2,,,,,,NO_AUDITOR_BLOCK_DETECTED,,,NO_AUDITOR_BLOCK_DETECTED,
اکسل های صورت مالی کل زیپ ۱۳۹۲-۱۴۰۲.zip,كيمياتك.zip,كيمياتك.zip!كيمياتك_۱۴۰۱_۱۲_۲۹_consolidated_ن-۱۰_صورت‌های مالی تلفیقی سال مالی منتهی به ۱۴۰۱_۱۲_۲۹ (حسابرسی شده).xlsx,كيمياتك_۱۴۰۱_۱۲_۲۹_consolidated_ن-۱۰_صورت‌های مالی تلفیقی سال مالی منتهی به ۱۴۰۱_۱۲_۲۹ (حسابرسی شده).xlsx,HTML_MISLABELED_XLSX,.xlsx,630273,51f1a8367a74eff7a2292bb354cf3234537fd10adefd1bd7f8555425dbc6931b,OK,,2840,PAYLOAD_SUBSTANTIVE,,کیمیاتک,1401,1401/12/29,consolidated,audited,original,NOT_DETECTED,,,,1401/12/29,HTML_TABLE_1!R1C2,,,,,,NO_AUDITOR_BLOCK_DETECTED,,,NO_AUDITOR_BLOCK_DETECTED,
اکسل های صورت مالی کل زیپ ۱۳۹۲-۱۴۰۲.zip,كيمياتك.zip,كيمياتك.zip!كيمياتك_۱۴۰۲_۱۲_۲۹_consolidated_ن-۱۰_صورت‌های مالی تلفیقی سال مالی منتهی به ۱۴۰۲_۱۲_۲۹ (حسابرسی شده).xlsx,كيمياتك_۱۴۰۲_۱۲_۲۹_consolidated_ن-۱۰_صورت‌های مالی تلفیقی سال مالی منتهی به ۱۴۰۲_۱۲_۲۹ (حسابرسی شده).xlsx,HTML_MISLABELED_XLSX,.xlsx,667301,534c0e2488ccade999e96c64cfabf63d49342a5fd4eb34eb92634a598a705d04,OK,,3017,PAYLOAD_SUBSTANTIVE,,کیمیاتک,1402,1402/12/29,consolidated,audited,original,NOT_DETECTED,,,,1402/12/29,HTML_TABLE_1!R1C3,,,,,,NO_AUDITOR_BLOCK_DETECTED,,,NO_AUDITOR_BLOCK_DETECTED,
اکسل های صورت مالی کل زیپ ۱۳۹۲-۱۴۰۲.zip,لابسا.zip,لابسا.zip!لابسا_۱۳۹۱_۱۲_۳۰_separate_ن-۱۰_صورتهای مالی سال مالی منتهی به ۱۳۹۱_۱۲_۳۰ (حسابرسی شده).xlsx,لابسا_۱۳۹۱_۱۲_۳۰_separate_ن-۱۰_صورتهای مالی سال مالی منتهی به ۱۳۹۱_۱۲_۳۰ (حسابرسی شده).xlsx,OLE2_LEGACY_EXCEL,.xlsx,70144,4ac68bc989e95853cf504633dac2bcb13697a1cb545c7f294937123c289e75e5,OK,,491,PAYLOAD_SUBSTANTIVE,,لابسا,1391,1391/12/30,separate,audited,original,DETECTED,Sheet1,9,129,1391/12/30,Sheet1!R6C4,مشروط,QUALIFIED_FAIR_WITH_EXCEPTION|HEADING_CELL,Sheet1!R67C14,Sheet1!R68C2,,,1392/04/04,Sheet1!R122C23,,آبسال
اکسل های صورت مالی کل زیپ ۱۳۹۲-۱۴۰۲.zip,لابسا.zip,لابسا.zip!لابسا_۱۳۹۲_۱۲_۲۹_separate_ن-۱۰_صورتهای مالی سال مالی منتهی به ۱۳۹۲_۱۲_۲۹ (حسابرسی شده).xlsx,لابسا_۱۳۹۲_۱۲_۲۹_separate_ن-۱۰_صورتهای مالی سال مالی منتهی به ۱۳۹۲_۱۲_۲۹ (حسابرسی شده).xlsx,OLE2_LEGACY_EXCEL,.xlsx,80896,226c2cda5ca871b48111da8b1be1f28cdaf0a9e8f3e666d396871803f6d7d8fc,OK,,609,PAYLOAD_SUBSTANTIVE,,لابسا,1392,1392/12/29,separate,audited,original,DETECTED,Sheet1,9,92,1392/12/29,Sheet1!R6C4,مشروط,QUALIFIED_FAIR_WITH_EXCEPTION|HEADING_CELL,Sheet1!R63C14,Sheet1!R64C2,,,1393/04/04,Sheet1!R83C23,,آبسال
اکسل های صورت مالی کل زیپ ۱۳۹۲-۱۴۰۲.zip,لابسا.zip,لابسا.zip!لابسا_۱۳۹۳_۱۲_۲۹_separate_ن-۱۰_صورتهای مالی سال مالی منتهی به ۱۳۹۳_۱۲_۲۹ (حسابرسی شده).xlsx,لابسا_۱۳۹۳_۱۲_۲۹_separate_ن-۱۰_صورتهای مالی سال مالی منتهی به ۱۳۹۳_۱۲_۲۹ (حسابرسی شده).xlsx,OLE2_LEGACY_EXCEL,.xlsx,83456,3e73cdc47008cfa5468046bc4aa1b27c765d815f84a54a0c179ddae392039859,OK,,637,PAYLOAD_SUBSTANTIVE,,لابسا,1393,1393/12/29,separate,audited,original,DETECTED,Sheet1,9,109,1393/12/29,Sheet1!R6C4,مشروط,QUALIFIED_FAIR_WITH_EXCEPTION|HEADING_CELL,Sheet1!R66C14,Sheet1!R67C2,,,1394/04/11,Sheet1!R101C23,,آبسال
اکسل های صورت مالی کل زیپ ۱۳۹۲-۱۴۰۲.zip,لابسا.zip,لابسا.zip!لابسا_۱۳۹۴_۱۲_۲۹_consolidated_ن-۱۰_صورت‌های مالی تلفیقی سال مالی منتهی به ۱۳۹۴_۱۲_۲۹ (حسابرسی شده).xlsx,لابسا_۱۳۹۴_۱۲_۲۹_consolidated_ن-۱۰_صورت‌های مالی تلفیقی سال مالی منتهی به ۱۳۹۴_۱۲_۲۹ (حسابرسی شده).xlsx,OLE2_LEGACY_EXCEL,.xlsx,139776,ed361e9e731ebcbc9362d125049f7398a22dcbac14d613783ff1bba2f3c34de5,OK,,1429,PAYLOAD_SUBSTANTIVE,,لابسا,1394,1394/12/29,consolidated,audited,original,DETECTED,Sheet1,9,93,1394/12/29,Sheet1!R6C4,مشروط,QUALIFIED_FAIR_WITH_EXCEPTION|HEADING_CELL,Sheet1!R58C14,Sheet1!R59C2,,,1395/04/06,Sheet1!R85C23,,آبسال
اکسل های صورت مالی کل زیپ ۱۳۹۲-۱۴۰۲.zip,لابسا.zip,لابسا.zip!لابسا_۱۳۹۵_۱۲_۳۰_consolidated_ن-۱۰_صورت‌های مالی تلفیقی سال مالی منتهی به ۱۳۹۵_۱۲_۳۰ (حسابرسی شده).xlsx,لابسا_۱۳۹۵_۱۲_۳۰_consolidated_ن-۱۰_صورت‌های مالی تلفیقی سال مالی منتهی به ۱۳۹۵_۱۲_۳۰ (حسابرسی شده).xlsx,OLE2_LEGACY_EXCEL,.xlsx,134144,9390a77cb7d25be53a3a08e2114dd49287c48bbe8393976b1cd30faafa95bfe1,OK,,1436,PAYLOAD_SUBSTANTIVE,,لابسا,1395,1395/12/30,consolidated,audited,original,DETECTED,Sheet1,11,78,1395/12/30,Sheet1!R8C4,مشروط,QUALIFIED_FAIR_WITH_EXCEPTION|HEADING_CELL,Sheet1!R41C12,Sheet1!R42C2,,,1396/04/10,Sheet1!R70C20,,آبسال
اکسل های صورت مالی کل زیپ ۱۳۹۲-۱۴۰۲.zip,لابسا.zip,لابسا.zip!لابسا_۱۳۹۶_۱۲_۲۹_consolidated_ن-۱۰_صورت‌های مالی تلفیقی سال مالی منتهی به ۱۳۹۶_۱۲_۲۹ (حسابرسی شده).xlsx,لابسا_۱۳۹۶_۱۲_۲۹_consolidated_ن-۱۰_صورت‌های مالی تلفیقی سال مالی منتهی به ۱۳۹۶_۱۲_۲۹ (حسابرسی شده).xlsx,OLE2_LEGACY_EXCEL,.xlsx,136704,8cf696eefa5e453af9b3e1b9902760b8be787216f3de6353ce65f5ac7b3f14ab,OK,,1439,PAYLOAD_SUBSTANTIVE,,لابسا,1396,1396/12/29,consolidated,audited,original,DETECTED,Sheet1,11,85,1396/12/29,Sheet1!R8C4,مشروط,QUALIFIED_FAIR_WITH_EXCEPTION|HEADING_CELL,Sheet1!R41C12,Sheet1!R42C2,,,1397/04/17,Sheet1!R77C20,,آبسال
اکسل های صورت مالی کل زیپ ۱۳۹۲-۱۴۰۲.zip,لابسا.zip,لابسا.zip!لابسا_۱۳۹۷_۱۲_۲۹_consolidated_ن-۱۰_صورت‌های مالی تلفیقی سال مالی منتهی به ۱۳۹۷_۱۲_۲۹ (حسابرسی شده).xlsx,لابسا_۱۳۹۷_۱۲_۲۹_consolidated_ن-۱۰_صورت‌های مالی تلفیقی سال مالی منتهی به ۱۳۹۷_۱۲_۲۹ (حسابرسی شده).xlsx,HTML_MISLABELED_XLSX,.xlsx,234527,baf631a6a79229e5491162dc109df14d927bbc9abf341f36ec8ddb6031a3ab4f,OK,,1045,PAYLOAD_SUBSTANTIVE,,لابسا,1397,1397/12/29,consolidated,audited,original,NOT_DETECTED,,,,1397/12/29,HTML_TABLE_1!R1C2,,,,,,NO_AUDITOR_BLOCK_DETECTED,,,NO_AUDITOR_BLOCK_DETECTED,
اکسل های صورت مالی کل زیپ ۱۳۹۲-۱۴۰۲.zip,لابسا.zip,لابسا.zip!لابسا_۱۳۹۸_۱۲_۲۹_consolidated_ن-۱۰_صورت‌های مالی تلفیقی سال مالی منتهی به ۱۳۹۸_۱۲_۲۹ (حسابرسی شده).xlsx,لابسا_۱۳۹۸_۱۲_۲۹_consolidated_ن-۱۰_صورت‌های مالی تلفیقی سال مالی منتهی به ۱۳۹۸_۱۲_۲۹ (حسابرسی شده).xlsx,HTML_MISLABELED_XLSX,.xlsx,481908,05bdc1e9b0b4a12f614d3f7c058e6e1bddb79255b97b5a6a78b5db640af652d3,OK,,2259,PAYLOAD_SUBSTANTIVE,,لابسا,1398,1398/12/29,consolidated,audited,original,NOT_DETECTED,,,,1398/12/29,HTML_TABLE_1!R1C2,,,,,,NO_AUDITOR_BLOCK_DETECTED,,,NO_AUDITOR_BLOCK_DETECTED,
اکسل های صورت مالی کل زیپ ۱۳۹۲-۱۴۰۲.zip,لابسا.zip,لابسا.zip!لابسا_۱۳۹۹_۱۲_۳۰_consolidated_ن-۱۰_صورت‌های مالی تلفیقی سال مالی منتهی به ۱۳۹۹_۱۲_۳۰ (حسابرسی شده).xlsx,لابسا_۱۳۹۹_۱۲_۳۰_consolidated_ن-۱۰_صورت‌های مالی تلفیقی سال مالی منتهی به ۱۳۹۹_۱۲_۳۰ (حسابرسی شده).xlsx,HTML_MISLABELED_XLSX,.xlsx,494419,9268ed71a6b500ae0fb25eab4bf5744757a081faa1c581410a70c02a40a5dd28,OK,,2356,PAYLOAD_SUBSTANTIVE,,لابسا,1399,1399/12/30,consolidated,audited,original,NOT_DETECTED,,,,1399/12/30,HTML_TABLE_1!R1C2,,,,,,NO_AUDITOR_BLOCK_DETECTED,,,NO_AUDITOR_BLOCK_DETECTED,
اکسل های صورت مالی کل زیپ ۱۳۹۲-۱۴۰۲.zip,لابسا.zip,لابسا.zip!لابسا_۱۴۰۰_۱۲_۲۹_consolidated_ن-۱۰_صورت‌های مالی تلفیقی سال مالی منتهی به ۱۴۰۰_۱۲_۲۹ (حسابرسی شده).xlsx,لابسا_۱۴۰۰_۱۲_۲۹_consolidated_ن-۱۰_صورت‌های مالی تلفیقی سال مالی منتهی به ۱۴۰۰_۱۲_۲۹ (حسابرسی شده).xlsx,HTML_MISLABELED_XLSX,.xlsx,591190,9c85cb97611f0623365a75f8f988e4bd1adbda290e4226fc81275f402ddec05d,OK,,2812,PAYLOAD_SUBSTANTIVE,,لابسا,1400,1400/12/29,consolidated,audited,original,NOT_DETECTED,,,,1400/12/29,HTML_TABLE_1!R1C2,,,,,,NO_AUDITOR_BLOCK_DETECTED,,,NO_AUDITOR_BLOCK_DETECTED,
اکسل های صورت مالی کل زیپ ۱۳۹۲-۱۴۰۲.zip,لابسا.zip,لابسا.zip!لابسا_۱۴۰۱_۱۲_۲۹_consolidated_ن-۱۰_صورت‌های مالی تلفیقی سال مالی منتهی به ۱۴۰۱_۱۲_۲۹ (حسابرسی شده).xlsx,لابسا_۱۴۰۱_۱۲_۲۹_consolidated_ن-۱۰_صورت‌های مالی تلفیقی سال مالی منتهی به ۱۴۰۱_۱۲_۲۹ (حسابرسی شده).xlsx,HTML_MISLABELED_XLSX,.xlsx,3922,77bc0d269600b7361cbc3c16d6d956409eafaa802ce1c87760ff5d387bbc975f,OK,,1,PAYLOAD_NON_SUBSTANTIVE,SUSPICIOUS_SMALL_PAYLOAD:3922_bytes,لابسا,1401,1401/12/29,consolidated,audited,original,NOT_DETECTED,,,,,,,,,,,NO_AUDITOR_BLOCK_DETECTED,,,NO_AUDITOR_BLOCK_DETECTED,
اکسل های صورت مالی کل زیپ ۱۳۹۲-۱۴۰۲.zip,لابسا.zip,لابسا.zip!لابسا_۱۴۰۲_۱۲_۲۹_consolidated_ن-۱۰_صورت‌های مالی تلفیقی سال مالی منتهی به ۱۴۰۲_۱۲_۲۹ (حسابرسی شده).xlsx,لابسا_۱۴۰۲_۱۲_۲۹_consolidated_ن-۱۰_صورت‌های مالی تلفیقی سال مالی منتهی به ۱۴۰۲_۱۲_۲۹ (حسابرسی شده).xlsx,HTML_MISLABELED_XLSX,.xlsx,671782,47430def5cd533872b91573abf209df86e1dacec7d9901ef0c226943fb083e7f,OK,,3074,PAYLOAD_SUBSTANTIVE,,لابسا,1402,1402/12/29,consolidated,audited,original,NOT_DETECTED,,,,1402/12/29,HTML_TABLE_1!R1C2,,,,,,NO_AUDITOR_BLOCK_DETECTED,,,NO_AUDITOR_BLOCK_DETECTED,
اکسل های صورت مالی کل زیپ ۱۳۹۲-۱۴۰۲.zip,لبوتان.zip,لبوتان.zip!لبوتان_۱۳۹۱_۱۲_۳۰_separate_ن-۱۰_صورتهای مالی سال مالی منتهی به ۱۳۹۱_۱۲_۳۰ (حسابرسی شده).xlsx,لبوتان_۱۳۹۱_۱۲_۳۰_separate_ن-۱۰_صورتهای مالی سال مالی منتهی به ۱۳۹۱_۱۲_۳۰ (حسابرسی شده).xlsx,OLE2_LEGACY_EXCEL,.xlsx,61952,e19b28eb8d9458c1f355491d73074f341380a5353a22bc2d13b1244a1b5ddb80,OK,,471,PAYLOAD_SUBSTANTIVE,,لبوتان,1391,1391/12/30,separate,audited,original,DETECTED,Sheet1,9,77,1391/12/30,Sheet1!R6C4,مشروط,QUALIFIED_FAIR_WITH_EXCEPTION|HEADING_CELL,Sheet1!R49C14,Sheet1!R50C2,,,1392/04/06,Sheet1!R69C23,,گروه صنعتی بوتان
اکسل های صورت مالی کل زیپ ۱۳۹۲-۱۴۰۲.zip,لبوتان.zip,لبوتان.zip!لبوتان_۱۳۹۲_۱۲_۲۹_separate_ن-۱۰_صورتهای مالی سال مالی منتهی به ۱۳۹۲_۱۲_۲۹ (حسابرسی شده).xlsx,لبوتان_۱۳۹۲_۱۲_۲۹_separate_ن-۱۰_صورتهای مالی سال مالی منتهی به ۱۳۹۲_۱۲_۲۹ (حسابرسی شده).xlsx,OLE2_LEGACY_EXCEL,.xlsx,75776,493b0b1678d3ec6b4c4e6625a1cbc110ab7f9b8152dce3b9bc3260d0cfbed5dc,OK,,587,PAYLOAD_SUBSTANTIVE,,لبوتان,1392,1392/12/29,separate,audited,original,DETECTED,Sheet1,9,73,1392/12/29,Sheet1!R6C4,مشروط,QUALIFIED_FAIR_WITH_EXCEPTION|HEADING_CELL,Sheet1!R40C14,Sheet1!R41C2,,,1393/04/16,Sheet1!R65C23,,گروه صنعتی بوتان
اکسل های صورت مالی کل زیپ ۱۳۹۲-۱۴۰۲.zip,لبوتان.zip,لبوتان.zip!لبوتان_۱۳۹۳_۱۲_۲۹_separate_ن-۱۰_صورتهای مالی سال مالی منتهی به ۱۳۹۳_۱۲_۲۹ (حسابرسی شده).xlsx,لبوتان_۱۳۹۳_۱۲_۲۹_separate_ن-۱۰_صورتهای مالی سال مالی منتهی به ۱۳۹۳_۱۲_۲۹ (حسابرسی شده).xlsx,OLE2_LEGACY_EXCEL,.xlsx,71680,547cd7775e5c716276671fbe06f1f69bacdcecc55356fe5ca1435653dd8d5ecb,OK,,615,PAYLOAD_SUBSTANTIVE,,لبوتان,1393,1393/12/29,separate,audited,original,DETECTED,Sheet1,9,57,1393/12/29,Sheet1!R6C4,مقبول,UNQUALIFIED_FAIR_FORMULA|HEADING_CELL,Sheet1!R28C14,Sheet1!R29C2,,,1394/03/18,Sheet1!R48C23,,گروه صنعتی بوتان
اکسل های صورت مالی کل زیپ ۱۳۹۲-۱۴۰۲.zip,لبوتان.zip,لبوتان.zip!لبوتان_۱۳۹۴_۱۲_۲۹_consolidated_ن-۱۰_صورت‌های مالی تلفیقی سال مالی منتهی به ۱۳۹۴_۱۲_۲۹ (حسابرسی شده).xlsx,لبوتان_۱۳۹۴_۱۲_۲۹_consolidated_ن-۱۰_صورت‌های مالی تلفیقی سال مالی منتهی به ۱۳۹۴_۱۲_۲۹ (حسابرسی شده).xlsx,OLE2_LEGACY_EXCEL,.xlsx,131072,9fdd57fe8e468ffdf6cf1c7c21160f2649bc4e17933ad63e4f5009d9f6920fbd,OK,,1413,PAYLOAD_SUBSTANTIVE,,لبوتان,1394,1394/12/29,consolidated,audited,original,DETECTED,Sheet1,9,57,1394/12/29,Sheet1!R6C4,مقبول,UNQUALIFIED_FAIR_FORMULA|HEADING_CELL,Sheet1!R30C14,Sheet1!R31C2,,,1395/04/12,Sheet1!R48C23,,گروه صنعتی بوتان
اکسل های صورت مالی کل زیپ ۱۳۹۲-۱۴۰۲.zip,لبوتان.zip,لبوتان.zip!لبوتان_۱۳۹۵_۱۲_۳۰_consolidated_ن-۱۰_صورت‌های مالی تلفیقی سال مالی منتهی به ۱۳۹۵_۱۲_۳۰ (حسابرسی شده).xlsx,لبوتان_۱۳۹۵_۱۲_۳۰_consolidated_ن-۱۰_صورت‌های مالی تلفیقی سال مالی منتهی به ۱۳۹۵_۱۲_۳۰ (حسابرسی شده).xlsx,OLE2_LEGACY_EXCEL,.xlsx,126976,a9d4564e8a2d3f0d718142897df701e97f873a743edb237d34f496575b5ef543,OK,,1413,PAYLOAD_SUBSTANTIVE,,لبوتان,1395,1395/12/30,consolidated,audited,original,DETECTED,Sheet1,11,59,1395/12/30,Sheet1!R8C4,مقبول,UNQUALIFIED_FAIR_FORMULA|HEADING_CELL,Sheet1!R29C12,Sheet1!R30C2,,,1396/03/01,Sheet1!R51C20,,صنعتی بوتان
اکسل های صورت مالی کل زیپ ۱۳۹۲-۱۴۰۲.zip,لبوتان.zip,لبوتان.zip!لبوتان_۱۳۹۶_۱۲_۲۹_consolidated_ن-۱۰_صورت‌های مالی تلفیقی سال مالی منتهی به ۱۳۹۶_۱۲_۲۹ (حسابرسی شده).xlsx,لبوتان_۱۳۹۶_۱۲_۲۹_consolidated_ن-۱۰_صورت‌های مالی تلفیقی سال مالی منتهی به ۱۳۹۶_۱۲_۲۹ (حسابرسی شده).xlsx,OLE2_LEGACY_EXCEL,.xlsx,126464,3df72a49f9d28328dc39b50ce513e912edc4dbf2855cc91b6ad9f95677eaaaaa,OK,,1415,PAYLOAD_SUBSTANTIVE,,لبوتان,1396,1396/12/29,consolidated,audited,original,DETECTED,Sheet1,11,60,1396/12/29,Sheet1!R8C4,مقبول,UNQUALIFIED_FAIR_FORMULA|HEADING_CELL,Sheet1!R30C12,Sheet1!R31C2,,,1397/02/26,Sheet1!R52C20,,گروه صنعتی بوتان
اکسل های صورت مالی کل زیپ ۱۳۹۲-۱۴۰۲.zip,لبوتان.zip,لبوتان.zip!لبوتان_۱۳۹۷_۱۲_۲۹_consolidated_ن-۱۰_صورت‌های مالی تلفیقی سال مالی منتهی به ۱۳۹۷_۱۲_۲۹ (حسابرسی شده).xlsx,لبوتان_۱۳۹۷_۱۲_۲۹_consolidated_ن-۱۰_صورت‌های مالی تلفیقی سال مالی منتهی به ۱۳۹۷_۱۲_۲۹ (حسابرسی شده).xlsx,HTML_MISLABELED_XLSX,.xlsx,234444,9e862890f70cb498572ed93f5604e4992964c4fcd546ba5b6159569552d563aa,OK,,1045,PAYLOAD_SUBSTANTIVE,,لبوتان,1397,1397/12/29,consolidated,audited,original,NOT_DETECTED,,,,1397/12/29,HTML_TABLE_1!R1C2,,,,,,NO_AUDITOR_BLOCK_DETECTED,,,NO_AUDITOR_BLOCK_DETECTED,
اکسل های صورت مالی کل زیپ ۱۳۹۲-۱۴۰۲.zip,لبوتان.zip,لبوتان.zip!لبوتان_۱۳۹۸_۱۲_۲۹_consolidated_ن-۱۰_صورت‌های مالی تلفیقی سال مالی منتهی به ۱۳۹۸_۱۲_۲۹ (حسابرسی شده).xlsx,لبوتان_۱۳۹۸_۱۲_۲۹_consolidated_ن-۱۰_صورت‌های مالی تلفیقی سال مالی منتهی به ۱۳۹۸_۱۲_۲۹ (حسابرسی شده).xlsx,HTML_MISLABELED_XLSX,.xlsx,495269,b88315b88313030c9a57206d308debe47df1e0706921e6b6921aafaf3a34162f,OK,,2340,PAYLOAD_SUBSTANTIVE,,لبوتان,1398,1398/12/29,consolidated,audited,original,NOT_DETECTED,,,,1398/12/29,HTML_TABLE_1!R1C2,,,,,,NO_AUDITOR_BLOCK_DETECTED,,,NO_AUDITOR_BLOCK_DETECTED,
اکسل های صورت مالی کل زیپ ۱۳۹۲-۱۴۰۲.zip,لبوتان.zip,لبوتان.zip!لبوتان_۱۳۹۹_۱۲_۳۰_consolidated_ن-۱۰_صورت‌های مالی تلفیقی سال مالی منتهی به ۱۳۹۹_۱۲_۳۰ (حسابرسی شده).xlsx,لبوتان_۱۳۹۹_۱۲_۳۰_consolidated_ن-۱۰_صورت‌های مالی تلفیقی سال مالی منتهی به ۱۳۹۹_۱۲_۳۰ (حسابرسی شده).xlsx,HTML_MISLABELED_XLSX,.xlsx,495586,38f3293c4ebf84282ea1f09b1c519fd83c3892d7f1e1f74a61fceb3eb34f78db,OK,,2352,PAYLOAD_SUBSTANTIVE,,لبوتان,1399,1399/12/30,consolidated,audited,original,NOT_DETECTED,,,,1399/12/30,HTML_TABLE_1!R1C2,,,,,,NO_AUDITOR_BLOCK_DETECTED,,,NO_AUDITOR_BLOCK_DETECTED,
اکسل های صورت مالی کل زیپ ۱۳۹۲-۱۴۰۲.zip,لبوتان.zip,لبوتان.zip!لبوتان_۱۴۰۰_۱۲_۲۹_consolidated_ن-۱۰_صورت‌های مالی تلفیقی سال مالی منتهی به ۱۴۰۰_۱۲_۲۹ (حسابرسی شده).xlsx,لبوتان_۱۴۰۰_۱۲_۲۹_consolidated_ن-۱۰_صورت‌های مالی تلفیقی سال مالی منتهی به ۱۴۰۰_۱۲_۲۹ (حسابرسی شده).xlsx,HTML_MISLABELED_XLSX,.xlsx,576656,a8c4f69534dd0307f14e85683d4b167ff39e9352084db68a4f22978375bed856,OK,,2713,PAYLOAD_SUBSTANTIVE,,لبوتان,1400,1400/12/29,consolidated,audited,original,NOT_DETECTED,,,,1400/12/29,HTML_TABLE_1!R1C2,,,,,,NO_AUDITOR_BLOCK_DETECTED,,,NO_AUDITOR_BLOCK_DETECTED,
اکسل های صورت مالی کل زیپ ۱۳۹۲-۱۴۰۲.zip,لبوتان.zip,لبوتان.zip!لبوتان_۱۴۰۱_۱۲_۲۹_consolidated_ن-۱۰_صورت‌های مالی تلفیقی سال مالی منتهی به ۱۴۰۱_۱۲_۲۹ (حسابرسی شده).xlsx,لبوتان_۱۴۰۱_۱۲_۲۹_consolidated_ن-۱۰_صورت‌های مالی تلفیقی سال مالی منتهی به ۱۴۰۱_۱۲_۲۹ (حسابرسی شده).xlsx,HTML_MISLABELED_XLSX,.xlsx,658736,47cb6f2f2f2562726c6eac2be56e2f901841006c3678bc8e4e0c4830d13973e9,OK,,3000,PAYLOAD_SUBSTANTIVE,,لبوتان,1401,1401/12/29,consolidated,audited,original,NOT_DETECTED,,,,1401/12/29,HTML_TABLE_1!R1C2,,,,,,NO_AUDITOR_BLOCK_DETECTED,,,NO_AUDITOR_BLOCK_DETECTED,
اکسل های صورت مالی کل زیپ ۱۳۹۲-۱۴۰۲.zip,لبوتان.zip,لبوتان.zip!لبوتان_۱۴۰۲_۱۲_۲۹_consolidated_ن-۱۰_صورت‌های مالی تلفیقی سال مالی منتهی به ۱۴۰۲_۱۲_۲۹ (حسابرسی شده).xlsx,لبوتان_۱۴۰۲_۱۲_۲۹_consolidated_ن-۱۰_صورت‌های مالی تلفیقی سال مالی منتهی به ۱۴۰۲_۱۲_۲۹ (حسابرسی شده).xlsx,HTML_MISLABELED_XLSX,.xlsx,672440,a39a8ad0ad63e67a765362d85c3ce8807229af1cccf4ecacc22201945514e035,OK,,3101,PAYLOAD_SUBSTANTIVE,,لبوتان,1402,1402/12/29,consolidated,audited,original,NOT_DETECTED,,,,1402/12/29,HTML_TABLE_1!R1C2,,,,,,NO_AUDITOR_BLOCK_DETECTED,,,NO_AUDITOR_BLOCK_DETECTED,
اکسل های صورت مالی کل زیپ ۱۳۹۲-۱۴۰۲.zip,لخزر.zip,لخزر.zip!لخزر_۱۳۹۱_۱۲_۳۰_separate_ن-۱۰_صورتهای مالی سال مالی منتهی به ۱۳۹۱_۱۲_۳۰ (حسابرسی شده).xlsx,لخزر_۱۳۹۱_۱۲_۳۰_separate_ن-۱۰_صورتهای مالی سال مالی منتهی به ۱۳۹۱_۱۲_۳۰ (حسابرسی شده).xlsx,OLE2_LEGACY_EXCEL,.xlsx,72704,75d7ab7da69a3d83f5a3fff9fd3fe7b25da89021077cc87fd662b2461239d2e5,OK,,578,PAYLOAD_SUBSTANTIVE,,لخزر,1391,1391/12/30,separate,audited,original,DETECTED,Sheet1,9,72,1391/12/30,Sheet1!R6C4,مشروط,QUALIFIED_FAIR_WITH_EXCEPTION|HEADING_CELL,Sheet1!R31C14,Sheet1!R32C2,,,1392/04/09,Sheet1!R65C23,,صنعتی پارس خزر
اکسل های صورت مالی کل زیپ ۱۳۹۲-۱۴۰۲.zip,لخزر.zip,لخزر.zip!لخزر_۱۳۹۲_۱۲_۲۹_separate_ن-۱۰_صورتهای مالی سال مالی منتهی به ۱۳۹۲_۱۲_۲۹ (حسابرسی شده).xlsx,لخزر_۱۳۹۲_۱۲_۲۹_separate_ن-۱۰_صورتهای مالی سال مالی منتهی به ۱۳۹۲_۱۲_۲۹ (حسابرسی شده).xlsx,OLE2_LEGACY_EXCEL,.xlsx,80384,f21df9f541407a74a160b48d7c4f3e592e4ca5fa17c64b87ae1abacd0e12d1d1,OK,,614,PAYLOAD_SUBSTANTIVE,,لخزر,1392,1392/12/29,separate,audited,original,DETECTED,Sheet1,9,88,1392/12/29,Sheet1!R6C4,مشروط,QUALIFIED_FAIR_WITH_EXCEPTION|HEADING_CELL,Sheet1!R39C14,Sheet1!R40C2,,,1393/04/09,Sheet1!R79C23,,صنعتی پارس خزر
اکسل های صورت مالی کل زیپ ۱۳۹۲-۱۴۰۲.zip,لخزر.zip,لخزر.zip!لخزر_۱۳۹۳_۱۲_۲۹_separate_ن-۱۰_صورتهای مالی سال مالی منتهی به ۱۳۹۳_۱۲_۲۹ (حسابرسی شده).xlsx,لخزر_۱۳۹۳_۱۲_۲۹_separate_ن-۱۰_صورتهای مالی سال مالی منتهی به ۱۳۹۳_۱۲_۲۹ (حسابرسی شده).xlsx,OLE2_LEGACY_EXCEL,.xlsx,78848,a06aba9db17bbaff633c95654bceb272dfe2eaa1327187e60a3a2466c4222b1f,OK,,635,PAYLOAD_SUBSTANTIVE,,لخزر,1393,1393/12/29,separate,audited,original,DETECTED,Sheet1,9,83,1393/12/29,Sheet1!R6C4,مشروط,QUALIFIED_FAIR_WITH_EXCEPTION|HEADING_CELL,Sheet1!R33C14,Sheet1!R35C2,,,1394/03/26,Sheet1!R74C23,,صنعتی پارس خزر
اکسل های صورت مالی کل زیپ ۱۳۹۲-۱۴۰۲.zip,لخزر.zip,لخزر.zip!لخزر_۱۳۹۴_۱۲_۲۹_separate_ن-۱۰_صورت‌های مالی سال مالی منتهی به ۱۳۹۴_۱۲_۲۹ (حسابرسی شده).xlsx,لخزر_۱۳۹۴_۱۲_۲۹_separate_ن-۱۰_صورت‌های مالی سال مالی منتهی به ۱۳۹۴_۱۲_۲۹ (حسابرسی شده).xlsx,OLE2_LEGACY_EXCEL,.xlsx,82944,a3936e171df6ff9edfb0d47ff4826063e18487923a9408b69c5788a433a12d72,OK,,676,PAYLOAD_SUBSTANTIVE,,لخزر,1394,1394/12/29,separate,audited,original,DETECTED,Sheet1,9,71,1394/12/29,Sheet1!R6C4,مقبول,UNQUALIFIED_FAIR_FORMULA|HEADING_CELL,Sheet1!R28C14,Sheet1!R29C2,,,1395/03/30,Sheet1!R62C23,,صنعتی پارس خزر
اکسل های صورت مالی کل زیپ ۱۳۹۲-۱۴۰۲.zip,لخزر.zip,لخزر.zip!لخزر_۱۳۹۵_۱۲_۳۰_separate_ن-۱۰_صورت‌های مالی سال مالی منتهی به ۱۳۹۵_۱۲_۳۰ (حسابرسی شده).xlsx,لخزر_۱۳۹۵_۱۲_۳۰_separate_ن-۱۰_صورت‌های مالی سال مالی منتهی به ۱۳۹۵_۱۲_۳۰ (حسابرسی شده).xlsx,OLE2_LEGACY_EXCEL,.xlsx,80384,331fcf7e3a30f50a6fa2a9d44d0a9e412a3cc9f68a3e7539b799b521dc1cc23d,OK,,673,PAYLOAD_SUBSTANTIVE,,لخزر,1395,1395/12/30,separate,audited,original,DETECTED,Sheet1,11,73,1395/12/30,Sheet1!R8C4,مقبول,UNQUALIFIED_FAIR_FORMULA|HEADING_CELL,Sheet1!R29C12,Sheet1!R30C2,,,1396/03/30,Sheet1!R65C20,,صنعتی پارس خزر
اکسل های صورت مالی کل زیپ ۱۳۹۲-۱۴۰۲.zip,لخزر.zip,لخزر.zip!لخزر_۱۳۹۵_۱۲_۳۰_separate_ن-۱۰_صورت‌های مالی سال مالی منتهی به ۱۳۹۵_۱۲_۳۰ (حسابرسی شده)(اصلاحیه).xlsx,لخزر_۱۳۹۵_۱۲_۳۰_separate_ن-۱۰_صورت‌های مالی سال مالی منتهی به ۱۳۹۵_۱۲_۳۰ (حسابرسی شده)(اصلاحیه).xlsx,OLE2_LEGACY_EXCEL,.xlsx,80384,788f129b18cd7ca3a85403d95905186c6ff9bc040639b4bfa321f07056f742f0,OK,,673,PAYLOAD_SUBSTANTIVE,,لخزر,1395,1395/12/30,separate,audited,correction,DETECTED,Sheet1,11,74,1395/12/30,Sheet1!R8C4,مقبول,UNQUALIFIED_FAIR_FORMULA|HEADING_CELL,Sheet1!R30C12,Sheet1!R31C2,,,1396/03/30,Sheet1!R66C20,,صنعتی پارس خزر
اکسل های صورت مالی کل زیپ ۱۳۹۲-۱۴۰۲.zip,لخزر.zip,لخزر.zip!لخزر_۱۳۹۶_۱۲_۲۹_separate_ن-۱۰_صورت‌های مالی سال مالی منتهی به ۱۳۹۶_۱۲_۲۹ (حسابرسی شده).xlsx,لخزر_۱۳۹۶_۱۲_۲۹_separate_ن-۱۰_صورت‌های مالی سال مالی منتهی به ۱۳۹۶_۱۲_۲۹ (حسابرسی شده).xlsx,OLE2_LEGACY_EXCEL,.xlsx,86528,73cf4a8a784a1b8f227369fe460834b79cde318f37da89ec27c65c54c6cf8657,OK,,680,PAYLOAD_SUBSTANTIVE,,لخزر,1396,1396/12/29,separate,audited,original,DETECTED,Sheet1,11,92,1396/12/29,Sheet1!R8C4,مشروط,QUALIFIED_FAIR_WITH_EXCEPTION|HEADING_CELL,Sheet1!R40C12,Sheet1!R41C2,,,1397/04/03,Sheet1!R83C20,,صنعتی پارس خزر
اکسل های صورت مالی کل زیپ ۱۳۹۲-۱۴۰۲.zip,لخزر.zip,لخزر.zip!لخزر_۱۳۹۷_۱۲_۲۹_separate_ن-۱۰_صورت‌های مالی سال مالی منتهی به ۱۳۹۷_۱۲_۲۹ (حسابرسی شده).xlsx,لخزر_۱۳۹۷_۱۲_۲۹_separate_ن-۱۰_صورت‌های مالی سال مالی منتهی به ۱۳۹۷_۱۲_۲۹ (حسابرسی شده).xlsx,HTML_MISLABELED_XLSX,.xlsx,113439,4db354a21fec05b6c228452b3be318e02005dc71233fb066de45fb8e769a53a5,OK,,495,PAYLOAD_SUBSTANTIVE,,لخزر,1397,1397/12/29,separate,audited,original,NOT_DETECTED,,,,1397/12/29,HTML_TABLE_1!R1C2,,,,,,NO_AUDITOR_BLOCK_DETECTED,,,NO_AUDITOR_BLOCK_DETECTED,
اکسل های صورت مالی کل زیپ ۱۳۹۲-۱۴۰۲.zip,لخزر.zip,لخزر.zip!لخزر_۱۳۹۸_۱۲_۲۹_consolidated_ن-۱۰_صورت‌های مالی تلفیقی سال مالی منتهی به ۱۳۹۸_۱۲_۲۹ (حسابرسی شده).xlsx,لخزر_۱۳۹۸_۱۲_۲۹_consolidated_ن-۱۰_صورت‌های مالی تلفیقی سال مالی منتهی به ۱۳۹۸_۱۲_۲۹ (حسابرسی شده).xlsx,HTML_MISLABELED_XLSX,.xlsx,484287,982482a8aef190636b3e49dc6aabb9f643d09ffeecc79178b052f05a7409b59c,OK,,2282,PAYLOAD_SUBSTANTIVE,,لخزر,1398,1398/12/29,consolidated,audited,original,NOT_DETECTED,,,,1398/12/29,HTML_TABLE_1!R1C2,,,,,,NO_AUDITOR_BLOCK_DETECTED,,,NO_AUDITOR_BLOCK_DETECTED,
اکسل های صورت مالی کل زیپ ۱۳۹۲-۱۴۰۲.zip,لخزر.zip,لخزر.zip!لخزر_۱۳۹۸_۱۲_۲۹_separate_ن-۱۰_صورت‌های مالی سال مالی منتهی به ۱۳۹۸_۱۲_۲۹ (حسابرسی شده).xlsx,لخزر_۱۳۹۸_۱۲_۲۹_separate_ن-۱۰_صورت‌های مالی سال مالی منتهی به ۱۳۹۸_۱۲_۲۹ (حسابرسی شده).xlsx,HTML_MISLABELED_XLSX,.xlsx,302332,fb43f1e83a2812d83d6a7292d52345d6c2989252fde221897e8cba60eac1a746,OK,,1425,PAYLOAD_SUBSTANTIVE,,لخزر,1398,1398/12/29,separate,audited,original,NOT_DETECTED,,,,1398/12/29,HTML_TABLE_1!R1C2,,,,,,NO_AUDITOR_BLOCK_DETECTED,,,NO_AUDITOR_BLOCK_DETECTED,
اکسل های صورت مالی کل زیپ ۱۳۹۲-۱۴۰۲.zip,لخزر.zip,لخزر.zip!لخزر_۱۳۹۹_۱۲_۳۰_consolidated_ن-۱۰_صورت‌های مالی تلفیقی سال مالی منتهی به ۱۳۹۹_۱۲_۳۰ (حسابرسی شده).xlsx,لخزر_۱۳۹۹_۱۲_۳۰_consolidated_ن-۱۰_صورت‌های مالی تلفیقی سال مالی منتهی به ۱۳۹۹_۱۲_۳۰ (حسابرسی شده).xlsx,HTML_MISLABELED_XLSX,.xlsx,504124,ed5f5a6820875773376a9b919299b9ddffae313285c59ea110d03640b1d862a4,OK,,2398,PAYLOAD_SUBSTANTIVE,,لخزر,1399,1399/12/30,consolidated,audited,original,NOT_DETECTED,,,,1399/12/30,HTML_TABLE_1!R1C2,,,,,,NO_AUDITOR_BLOCK_DETECTED,,,NO_AUDITOR_BLOCK_DETECTED,
اکسل های صورت مالی کل زیپ ۱۳۹۲-۱۴۰۲.zip,لخزر.zip,لخزر.zip!لخزر_۱۴۰۰_۱۲_۲۹_consolidated_ن-۱۰_صورت‌های مالی تلفیقی سال مالی منتهی به ۱۴۰۰_۱۲_۲۹ (حسابرسی شده).xlsx,لخزر_۱۴۰۰_۱۲_۲۹_consolidated_ن-۱۰_صورت‌های مالی تلفیقی سال مالی منتهی به ۱۴۰۰_۱۲_۲۹ (حسابرسی شده).xlsx,HTML_MISLABELED_XLSX,.xlsx,601601,e3fb50467af936281b95c222fc5f8347410a0dda226b7afab24db404289e9025,OK,,2937,PAYLOAD_SUBSTANTIVE,,لخزر,1400,1400/12/29,consolidated,audited,original,NOT_DETECTED,,,,1400/12/29,HTML_TABLE_1!R1C2,,,,,,NO_AUDITOR_BLOCK_DETECTED,,,NO_AUDITOR_BLOCK_DETECTED,
اکسل های صورت مالی کل زیپ ۱۳۹۲-۱۴۰۲.zip,لخزر.zip,لخزر.zip!لخزر_۱۴۰۱_۱۲_۲۹_consolidated_ن-۱۰_صورت‌های مالی تلفیقی سال مالی منتهی به ۱۴۰۱_۱۲_۲۹ (حسابرسی شده).xlsx,لخزر_۱۴۰۱_۱۲_۲۹_consolidated_ن-۱۰_صورت‌های مالی تلفیقی سال مالی منتهی به ۱۴۰۱_۱۲_۲۹ (حسابرسی شده).xlsx,HTML_MISLABELED_XLSX,.xlsx,700012,9acbebe0a1f15a965dede3892e56843d5393e8f70d88100e53dc5708762bcab5,OK,,3330,PAYLOAD_SUBSTANTIVE,,لخزر,1401,1401/12/29,consolidated,audited,original,NOT_DETECTED,,,,1401/12/29,HTML_TABLE_1!R1C2,,,,,,NO_AUDITOR_BLOCK_DETECTED,,,NO_AUDITOR_BLOCK_DETECTED,
اکسل های صورت مالی کل زیپ ۱۳۹۲-۱۴۰۲.zip,لخزر.zip,لخزر.zip!لخزر_۱۴۰۲_۱۲_۲۹_consolidated_ن-۱۰_صورت‌های مالی تلفیقی سال مالی منتهی به ۱۴۰۲_۱۲_۲۹ (حسابرسی شده).xlsx,لخزر_۱۴۰۲_۱۲_۲۹_consolidated_ن-۱۰_صورت‌های مالی تلفیقی سال مالی منتهی به ۱۴۰۲_۱۲_۲۹ (حسابرسی شده).xlsx,HTML_MISLABELED_XLSX,.xlsx,685881,3f92671edae0de613795398b3462777fc1a61a396f8a2116affd3afb5cbfc6ed,OK,,3233,PAYLOAD_SUBSTANTIVE,,لخزر,1402,1402/12/29,consolidated,audited,original,NOT_DETECTED,,,,1402/12/29,HTML_TABLE_1!R1C2,,,,,,NO_AUDITOR_BLOCK_DETECTED,,,NO_AUDITOR_BLOCK_DETECTED,
اکسل های صورت مالی کل زیپ ۱۳۹۲-۱۴۰۲.zip,لسرما.zip,لسرما.zip!لسرما_۱۳۸۴_۱۲_۲۹_separate_ن-۱۰_صورتهای مالی سال مالی منتهی به ۱۳۸۴_۱۲_۲۹ (حسابرسی شده).xlsx,لسرما_۱۳۸۴_۱۲_۲۹_separate_ن-۱۰_صورتهای مالی سال مالی منتهی به ۱۳۸۴_۱۲_۲۹ (حسابرسی شده).xlsx,OLE2_LEGACY_EXCEL,.xlsx,42496,8ae47e58d6e475790e8e35f45e4e17bec82a73795df025bc46457710a8a5397f,OK,,455,PAYLOAD_SUBSTANTIVE,,لسرما,1384,1384/12/29,separate,audited,original,DETECTED,Sheet1,9,27,1384/12/29,Sheet1!R6C4,مشروط,STRUCTURED_FIELD_نظر_حسابرس,Sheet1!R14C23,Sheet1!R13C1,,,,,DATE_ANCHOR_IN_BLOCK_BUT_NO_PARSEABLE_DATE_ADJACENT,
اکسل های صورت مالی کل زیپ ۱۳۹۲-۱۴۰۲.zip,لسرما.zip,لسرما.zip!لسرما_۱۳۸۵_۱۲_۲۹_separate_ن-۱۰_صورتهای مالی سال مالی منتهی به ۱۳۸۵_۱۲_۲۹ (حسابرسی شده).xlsx,لسرما_۱۳۸۵_۱۲_۲۹_separate_ن-۱۰_صورتهای مالی سال مالی منتهی به ۱۳۸۵_۱۲_۲۹ (حسابرسی شده).xlsx,OLE2_LEGACY_EXCEL,.xlsx,42496,f008c389c4a01d96f11b39bf1d4ec96f97079151689c5b9f185a725395c516c7,OK,,456,PAYLOAD_SUBSTANTIVE,,لسرما,1385,1385/12/29,separate,audited,original,DETECTED,Sheet1,9,27,1385/12/29,Sheet1!R6C4,مشروط,STRUCTURED_FIELD_نظر_حسابرس,Sheet1!R14C23,Sheet1!R13C1,,,,,DATE_ANCHOR_IN_BLOCK_BUT_NO_PARSEABLE_DATE_ADJACENT,
اکسل های صورت مالی کل زیپ ۱۳۹۲-۱۴۰۲.zip,لسرما.zip,لسرما.zip!لسرما_۱۳۸۶_۱۲_۲۹_separate_ن-۱۰_صورتهای مالی سال مالی منتهی به ۱۳۸۶_۱۲_۲۹ (حسابرسی شده).xlsx,لسرما_۱۳۸۶_۱۲_۲۹_separate_ن-۱۰_صورتهای مالی سال مالی منتهی به ۱۳۸۶_۱۲_۲۹ (حسابرسی شده).xlsx,OLE2_LEGACY_EXCEL,.xlsx,43008,85239d3ded59568f1bf9542208ed953e626a818068f786e7a676ce203f89d0f7,OK,,457,PAYLOAD_SUBSTANTIVE,,لسرما,1386,1386/12/29,separate,audited,original,DETECTED,Sheet1,9,27,1386/12/29,Sheet1!R6C4,مشروط,STRUCTURED_FIELD_نظر_حسابرس,Sheet1!R14C23,Sheet1!R13C1,,,,,DATE_ANCHOR_IN_BLOCK_BUT_NO_PARSEABLE_DATE_ADJACENT,
اکسل های صورت مالی کل زیپ ۱۳۹۲-۱۴۰۲.zip,لسرما.zip,لسرما.zip!لسرما_۱۳۹۱_۱۲_۳۰_separate_ن-۱۰_صورتهای مالی سال مالی منتهی به ۱۳۹۱_۱۲_۳۰ (حسابرسی شده).xlsx,لسرما_۱۳۹۱_۱۲_۳۰_separate_ن-۱۰_صورتهای مالی سال مالی منتهی به ۱۳۹۱_۱۲_۳۰ (حسابرسی شده).xlsx,OLE2_LEGACY_EXCEL,.xlsx,61952,f92b570998f33bdc6fce4a0c46b156969ea375497626277797cbe241f09487cf,OK,,469,PAYLOAD_SUBSTANTIVE,,لسرما,1391,1391/12/30,separate,audited,original,DETECTED,Sheet1,9,80,1391/12/30,Sheet1!R6C4,مشروط,QUALIFIED_FAIR_WITH_EXCEPTION|HEADING_CELL,Sheet1!R33C14,Sheet1!R35C2,,,1392/04/16,Sheet1!R73C23,,صنایع سرما آفرین ایران
اکسل های صورت مالی کل زیپ ۱۳۹۲-۱۴۰۲.zip,لسرما.zip,لسرما.zip!لسرما_۱۳۹۲_۱۲_۲۹_separate_ن-۱۰_صورتهای مالی سال مالی منتهی به ۱۳۹۲_۱۲_۲۹ (حسابرسی شده).xlsx,لسرما_۱۳۹۲_۱۲_۲۹_separate_ن-۱۰_صورتهای مالی سال مالی منتهی به ۱۳۹۲_۱۲_۲۹ (حسابرسی شده).xlsx,OLE2_LEGACY_EXCEL,.xlsx,77824,12aa4cc24c82f7519000b59887f13bc5f7c452fd454b92953174a480bc042034,OK,,634,PAYLOAD_SUBSTANTIVE,,لسرما,1392,1392/12/29,separate,audited,original,DETECTED,Sheet1,9,78,1392/12/29,Sheet1!R6C4,مشروط,QUALIFIED_FAIR_WITH_EXCEPTION|HEADING_CELL,Sheet1!R35C14,Sheet1!R36C2,,,1393/04/12,Sheet1!R70C23,,صنایع سرما آفرین ایران
اکسل های صورت مالی کل زیپ ۱۳۹۲-۱۴۰۲.zip,لسرما.zip,لسرما.zip!لسرما_۱۳۹۳_۱۲_۲۹_separate_ن-۱۰_صورتهای مالی سال مالی منتهی به ۱۳۹۳_۱۲_۲۹ (حسابرسی شده).xlsx,لسرما_۱۳۹۳_۱۲_۲۹_separate_ن-۱۰_صورتهای مالی سال مالی منتهی به ۱۳۹۳_۱۲_۲۹ (حسابرسی شده).xlsx,OLE2_LEGACY_EXCEL,.xlsx,90112,1828889615b24474ee61c6857f19e95914307aa4d055ad6ad6ac49d168397775,OK,,672,PAYLOAD_SUBSTANTIVE,,لسرما,1393,1393/12/29,separate,audited,original,DETECTED,Sheet1,9,107,1393/12/29,Sheet1!R6C4,مشروط,QUALIFIED_FAIR_WITH_EXCEPTION|HEADING_CELL,Sheet1!R50C14,Sheet1!R51C2,,,1394/04/14,Sheet1!R98C23,,صنایع سرما آفرین ایران
اکسل های صورت مالی کل زیپ ۱۳۹۲-۱۴۰۲.zip,لسرما.zip,لسرما.zip!لسرما_۱۳۹۴_۱۲_۲۹_consolidated_ن-۱۰_صورت‌های مالی تلفیقی سال مالی منتهی به ۱۳۹۴_۱۲_۲۹ (حسابرسی شده).xlsx,لسرما_۱۳۹۴_۱۲_۲۹_consolidated_ن-۱۰_صورت‌های مالی تلفیقی سال مالی منتهی به ۱۳۹۴_۱۲_۲۹ (حسابرسی شده).xlsx,OLE2_LEGACY_EXCEL,.xlsx,146432,2503db73704c4b6d6e71cb7414ec25f49ae91ca7cd96c0e216a2fed8f081575f,OK,,1478,PAYLOAD_SUBSTANTIVE,,لسرما,1394,1394/12/29,consolidated,audited,original,DETECTED,Sheet1,9,97,1394/12/29,Sheet1!R6C4,مشروط,QUALIFIED_FAIR_WITH_EXCEPTION|HEADING_CELL,Sheet1!R47C14,Sheet1!R48C2,,,1395/04/15,Sheet1!R89C23,,صنایع سرما آفرین ایران
اکسل های صورت مالی کل زیپ ۱۳۹۲-۱۴۰۲.zip,لسرما.zip,لسرما.zip!لسرما_۱۳۹۵_۱۲_۳۰_consolidated_ن-۱۰_صورت‌های مالی تلفیقی سال مالی منتهی به ۱۳۹۵_۱۲_۳۰ (حسابرسی شده).xlsx,لسرما_۱۳۹۵_۱۲_۳۰_consolidated_ن-۱۰_صورت‌های مالی تلفیقی سال مالی منتهی به ۱۳۹۵_۱۲_۳۰ (حسابرسی شده).xlsx,OLE2_LEGACY_EXCEL,.xlsx,139776,c523943e5da9f832e7dd1eb142fd75e5e0af95de80b6d17c01e8efd960756ebc,OK,,1489,PAYLOAD_SUBSTANTIVE,,لسرما,1395,1395/12/30,consolidated,audited,original,DETECTED,Sheet1,11,88,1395/12/30,Sheet1!R8C4,مشروط,QUALIFIED_FAIR_WITH_EXCEPTION|HEADING_CELL,Sheet1!R41C12,Sheet1!R42C2,,,1396/04/14,Sheet1!R79C20,,صنایع سرما آفرین ایران
اکسل های صورت مالی کل زیپ ۱۳۹۲-۱۴۰۲.zip,لسرما.zip,لسرما.zip!لسرما_۱۳۹۶_۱۲_۲۹_consolidated_ن-۱۰_صورت‌های مالی تلفیقی سال مالی منتهی به ۱۳۹۶_۱۲_۲۹ (حسابرسی شده).xlsx,لسرما_۱۳۹۶_۱۲_۲۹_consolidated_ن-۱۰_صورت‌های مالی تلفیقی سال مالی منتهی به ۱۳۹۶_۱۲_۲۹ (حسابرسی شده).xlsx,OLE2_LEGACY_EXCEL,.xlsx,141824,91d98361628a8100378de22b16f04c97ce1de9854247a2d70103e52b3826352c,OK,,1489,PAYLOAD_SUBSTANTIVE,,لسرما,1396,1396/12/29,consolidated,audited,original,DETECTED,Sheet1,11,96,1396/12/29,Sheet1!R8C4,مشروط,QUALIFIED_FAIR_WITH_EXCEPTION|HEADING_CELL,Sheet1!R44C12,Sheet1!R45C2,,,1397/04/16,Sheet1!R87C20,,صنایع سرما آفرین ایران
اکسل های صورت مالی کل زیپ ۱۳۹۲-۱۴۰۲.zip,لسرما.zip,لسرما.zip!لسرما_۱۳۹۷_۱۲_۲۹_consolidated_ن-۱۰_صورت‌های مالی تلفیقی سال مالی منتهی به ۱۳۹۷_۱۲_۲۹ (حسابرسی شده).xlsx,لسرما_۱۳۹۷_۱۲_۲۹_consolidated_ن-۱۰_صورت‌های مالی تلفیقی سال مالی منتهی به ۱۳۹۷_۱۲_۲۹ (حسابرسی شده).xlsx,HTML_MISLABELED_XLSX,.xlsx,233984,d211d1291e9cdbbf290eb4e23b57d44888832dd897ecf836b3489a4ef754c695,OK,,1045,PAYLOAD_SUBSTANTIVE,,لسرما,1397,1397/12/29,consolidated,audited,original,NOT_DETECTED,,,,1397/12/29,HTML_TABLE_1!R1C2,,,,,,NO_AUDITOR_BLOCK_DETECTED,,,NO_AUDITOR_BLOCK_DETECTED,
اکسل های صورت مالی کل زیپ ۱۳۹۲-۱۴۰۲.zip,لسرما.zip,لسرما.zip!لسرما_۱۳۹۸_۱۲_۲۹_consolidated_ن-۱۰_صورت‌های مالی تلفیقی سال مالی منتهی به ۱۳۹۸_۱۲_۲۹ (حسابرسی شده).xlsx,لسرما_۱۳۹۸_۱۲_۲۹_consolidated_ن-۱۰_صورت‌های مالی تلفیقی سال مالی منتهی به ۱۳۹۸_۱۲_۲۹ (حسابرسی شده).xlsx,HTML_MISLABELED_XLSX,.xlsx,514084,8de0dd8930485c7694559525116b4fd1c2856218fba0e085ea00c68ec3413c27,OK,,2448,PAYLOAD_SUBSTANTIVE,,لسرما,1398,1398/12/29,consolidated,audited,original,NOT_DETECTED,,,,1398/12/29,HTML_TABLE_1!R1C2,,,,,,NO_AUDITOR_BLOCK_DETECTED,,,NO_AUDITOR_BLOCK_DETECTED,
اکسل های صورت مالی کل زیپ ۱۳۹۲-۱۴۰۲.zip,لسرما.zip,لسرما.zip!لسرما_۱۳۹۸_۱۲_۲۹_consolidated_ن-۱۰_صورت‌های مالی تلفیقی سال مالی منتهی به ۱۳۹۸_۱۲_۲۹ (حسابرسی شده)(اصلاحیه).xlsx,لسرما_۱۳۹۸_۱۲_۲۹_consolidated_ن-۱۰_صورت‌های مالی تلفیقی سال مالی منتهی به ۱۳۹۸_۱۲_۲۹ (حسابرسی شده)(اصلاحیه).xlsx,HTML_MISLABELED_XLSX,.xlsx,980700,65dbc76e72b60b262c7db525cbcca5eeeaaa509fe04da719398316d580517c4e,OK,,4896,PAYLOAD_SUBSTANTIVE,,لسرما,1398,1398/12/29,consolidated,audited,correction,NOT_DETECTED,,,,1398/12/29,HTML_TABLE_1!R1C3,,,,,,NO_AUDITOR_BLOCK_DETECTED,,,NO_AUDITOR_BLOCK_DETECTED,
اکسل های صورت مالی کل زیپ ۱۳۹۲-۱۴۰۲.zip,لسرما.zip,لسرما.zip!لسرما_۱۳۹۹_۱۲_۳۰_consolidated_ن-۱۰_صورت‌های مالی تلفیقی سال مالی منتهی به ۱۳۹۹_۱۲_۳۰ (حسابرسی شده).xlsx,لسرما_۱۳۹۹_۱۲_۳۰_consolidated_ن-۱۰_صورت‌های مالی تلفیقی سال مالی منتهی به ۱۳۹۹_۱۲_۳۰ (حسابرسی شده).xlsx,HTML_MISLABELED_XLSX,.xlsx,513975,02b853dd232c4e9debeba8f459a07d482636d4cf2827a2bda54605a71a57d1ce,OK,,2467,PAYLOAD_SUBSTANTIVE,,لسرما,1399,1399/12/30,consolidated,audited,original,NOT_DETECTED,,,,1399/12/30,HTML_TABLE_1!R1C2,,,,,,NO_AUDITOR_BLOCK_DETECTED,,,NO_AUDITOR_BLOCK_DETECTED,
اکسل های صورت مالی کل زیپ ۱۳۹۲-۱۴۰۲.zip,لسرما.zip,لسرما.zip!لسرما_۱۴۰۰_۱۲_۲۹_consolidated_ن-۱۰_صورت‌های مالی تلفیقی سال مالی منتهی به ۱۴۰۰_۱۲_۲۹ (حسابرسی شده).xlsx,لسرما_۱۴۰۰_۱۲_۲۹_consolidated_ن-۱۰_صورت‌های مالی تلفیقی سال مالی منتهی به ۱۴۰۰_۱۲_۲۹ (حسابرسی شده).xlsx,HTML_MISLABELED_XLSX,.xlsx,615035,c4dcb7c9092382faee75e4a50ce0b43ff77044b5fa83d2442f42191f69031e07,OK,,2980,PAYLOAD_SUBSTANTIVE,,لسرما,1400,1400/12/29,consolidated,audited,original,NOT_DETECTED,,,,1400/12/29,HTML_TABLE_1!R1C2,,,,,,NO_AUDITOR_BLOCK_DETECTED,,,NO_AUDITOR_BLOCK_DETECTED,
اکسل های صورت مالی کل زیپ ۱۳۹۲-۱۴۰۲.zip,لسرما.zip,لسرما.zip!لسرما_۱۴۰۱_۱۲_۲۹_consolidated_ن-۱۰_صورت‌های مالی تلفیقی سال مالی منتهی به ۱۴۰۱_۱۲_۲۹ (حسابرسی شده).xlsx,لسرما_۱۴۰۱_۱۲_۲۹_consolidated_ن-۱۰_صورت‌های مالی تلفیقی سال مالی منتهی به ۱۴۰۱_۱۲_۲۹ (حسابرسی شده).xlsx,HTML_MISLABELED_XLSX,.xlsx,40860,3ef5a70fa8e67f9248838c65a6c7deccaff9207705d0a01ed28c69a1df4e31ba,OK,,169,PAYLOAD_SUBSTANTIVE,,لسرما,1401,1401/12/29,consolidated,audited,original,NOT_DETECTED,,,,1401/12/29,HTML_TABLE_3!R1C1,,,,,,NO_AUDITOR_BLOCK_DETECTED,,,NO_AUDITOR_BLOCK_DETECTED,
اکسل های صورت مالی کل زیپ ۱۳۹۲-۱۴۰۲.zip,لسرما.zip,لسرما.zip!لسرما_۱۴۰۲_۱۲_۲۹_consolidated_ن-۱۰_صورت‌های مالی تلفیقی سال مالی منتهی به ۱۴۰۲_۱۲_۲۹ (حسابرسی شده).xlsx,لسرما_۱۴۰۲_۱۲_۲۹_consolidated_ن-۱۰_صورت‌های مالی تلفیقی سال مالی منتهی به ۱۴۰۲_۱۲_۲۹ (حسابرسی شده).xlsx,HTML_MISLABELED_XLSX,.xlsx,687738,27c5cdbc58811ea4ebe2e15150e47721b23addd22e29def5b2fb0b5fe8ad5c17,OK,,3213,PAYLOAD_SUBSTANTIVE,,لسرما,1402,1402/12/29,consolidated,audited,original,NOT_DETECTED,,,,1402/12/29,HTML_TABLE_1!R1C2,,,,,,NO_AUDITOR_BLOCK_DETECTED,,,NO_AUDITOR_BLOCK_DETECTED,
اکسل های صورت مالی کل زیپ ۱۳۹۲-۱۴۰۲.zip,نوري.zip,نوري.zip!نوري_۱۳۸۹_۱۲_۲۹_separate_ن-۱۰_صورتهای مالی سال مالی منتهی به ۱۳۸۹_۱۲_۲۹ (حسابرسی شده).xlsx,نوري_۱۳۸۹_۱۲_۲۹_separate_ن-۱۰_صورتهای مالی سال مالی منتهی به ۱۳۸۹_۱۲_۲۹ (حسابرسی شده).xlsx,OLE2_LEGACY_EXCEL,.xlsx,80896,44d6aba33a9c57b56d85d0d77c8927412e51d760f22253a2d760924a0fe71ae8,OK,,701,PAYLOAD_SUBSTANTIVE,,نوری,1389,1389/12/29,separate,audited,original,DETECTED,Sheet1,9,67,1389/12/29,Sheet1!R6C4,مقبول,STRUCTURED_FIELD_نظر_حسابرس,Sheet1!R14C23,Sheet1!R13C1,,,,,DATE_ANCHOR_IN_BLOCK_BUT_NO_PARSEABLE_DATE_ADJACENT,
اکسل های صورت مالی کل زیپ ۱۳۹۲-۱۴۰۲.zip,نوري.zip,نوري.zip!نوري_۱۳۹۰_۱۲_۲۹_separate_ن-۱۰_صورتهای مالی سال مالی منتهی به ۱۳۹۰_۱۲_۲۹ (حسابرسی شده).xlsx,نوري_۱۳۹۰_۱۲_۲۹_separate_ن-۱۰_صورتهای مالی سال مالی منتهی به ۱۳۹۰_۱۲_۲۹ (حسابرسی شده).xlsx,OLE2_LEGACY_EXCEL,.xlsx,83456,cb50f118c29ef3fcdeeac1fce410f12087ebb112116e94c5f1ad44e4bb882dc2,OK,,683,PAYLOAD_SUBSTANTIVE,,نوری,1390,1390/12/29,separate,audited,original,DETECTED,Sheet1,9,86,1390/12/29,Sheet1!R6C4,مشروط,QUALIFIED_FAIR_WITH_EXCEPTION|HEADING_CELL,Sheet1!R38C14,Sheet1!R39C2,,,1391/03/17,Sheet1!R77C23,,
اکسل های صورت مالی کل زیپ ۱۳۹۲-۱۴۰۲.zip,نوري.zip,نوري.zip!نوري_۱۳۹۱_۱۲_۳۰_separate_ن-۱۰_صورتهای مالی سال مالی منتهی به ۱۳۹۱_۱۲_۳۰ (حسابرسی شده).xlsx,نوري_۱۳۹۱_۱۲_۳۰_separate_ن-۱۰_صورتهای مالی سال مالی منتهی به ۱۳۹۱_۱۲_۳۰ (حسابرسی شده).xlsx,OLE2_LEGACY_EXCEL,.xlsx,87552,bde58561946b7757004433aaf6631d200ea74f1bba0bbe1f1e622c70799a85c2,OK,,681,PAYLOAD_SUBSTANTIVE,,نوری,1391,1391/12/30,separate,audited,original,DETECTED,Sheet1,9,94,1391/12/30,Sheet1!R6C4,مشروط,QUALIFIED_FAIR_WITH_EXCEPTION|HEADING_CELL,Sheet1!R36C14,Sheet1!R37C2,,,1392/04/08,Sheet1!R85C23,,
اکسل های صورت مالی کل زیپ ۱۳۹۲-۱۴۰۲.zip,نوري.zip,نوري.zip!نوري_۱۳۹۲_۱۲_۲۹_separate_ن-۱۰_صورتهای مالی سال مالی منتهی به ۱۳۹۲_۱۲_۲۹ (حسابرسی شده).xlsx,نوري_۱۳۹۲_۱۲_۲۹_separate_ن-۱۰_صورتهای مالی سال مالی منتهی به ۱۳۹۲_۱۲_۲۹ (حسابرسی شده).xlsx,OLE2_LEGACY_EXCEL,.xlsx,97280,a35f62a4d5e30ac601931c42bde6da0c2b0d1b88f42cd35bc485ff0f8657a47a,OK,,683,PAYLOAD_SUBSTANTIVE,,نوری,1392,1392/12/29,separate,audited,original,DETECTED,Sheet1,9,82,1392/12/29,Sheet1!R6C4,مشروط,QUALIFIED_FAIR_WITH_EXCEPTION|HEADING_CELL,Sheet1!R41C14,Sheet1!R42C2,,,1393/03/24,Sheet1!R73C23,,
اکسل های صورت مالی کل زیپ ۱۳۹۲-۱۴۰۲.zip,نوري.zip,نوري.zip!نوري_۱۳۹۳_۱۲_۲۹_separate_ن-۱۰_صورتهای مالی سال مالی منتهی به ۱۳۹۳_۱۲_۲۹ (حسابرسی شده).xlsx,نوري_۱۳۹۳_۱۲_۲۹_separate_ن-۱۰_صورتهای مالی سال مالی منتهی به ۱۳۹۳_۱۲_۲۹ (حسابرسی شده).xlsx,OLE2_LEGACY_EXCEL,.xlsx,83968,34206666e86bb031840802dd4c695326a169b79bbace3d7e41f2dbc08f03a667,OK,,712,PAYLOAD_SUBSTANTIVE,,نوری,1393,1393/12/29,separate,audited,original,DETECTED,Sheet1,9,79,1393/12/29,Sheet1!R6C4,مشروط,QUALIFIED_FAIR_WITH_EXCEPTION|HEADING_CELL,Sheet1!R35C14,Sheet1!R36C2,,,1394/03/17,Sheet1!R70C23,,
اکسل های صورت مالی کل زیپ ۱۳۹۲-۱۴۰۲.zip,نوري.zip,نوري.zip!نوري_۱۳۹۴_۱۲_۲۹_separate_ن-۱۰_صورت‌های مالی سال مالی منتهی به ۱۳۹۴_۱۲_۲۹ (حسابرسی شده).xlsx,نوري_۱۳۹۴_۱۲_۲۹_separate_ن-۱۰_صورت‌های مالی سال مالی منتهی به ۱۳۹۴_۱۲_۲۹ (حسابرسی شده).xlsx,OLE2_LEGACY_EXCEL,.xlsx,90112,db1ef7664466f4711e6fbb6c93e9d950600940bc7db9b38ef01036492d60c8e5,OK,,772,PAYLOAD_SUBSTANTIVE,,نوری,1394,1394/12/29,separate,audited,original,DETECTED,Sheet1,9,71,1394/12/29,Sheet1!R6C4,مشروط,QUALIFIED_FAIR_WITH_EXCEPTION|HEADING_CELL,Sheet1!R36C14,Sheet1!R37C2,,,1395/02/26,Sheet1!R62C23,,
اکسل های صورت مالی کل زیپ ۱۳۹۲-۱۴۰۲.zip,نوري.zip,نوري.zip!نوري_۱۳۹۵_۱۲_۳۰_separate_ن-۱۰_صورت‌های مالی سال مالی منتهی به ۱۳۹۵_۱۲_۳۰ (حسابرسی شده).xlsx,نوري_۱۳۹۵_۱۲_۳۰_separate_ن-۱۰_صورت‌های مالی سال مالی منتهی به ۱۳۹۵_۱۲_۳۰ (حسابرسی شده).xlsx,OLE2_LEGACY_EXCEL,.xlsx,89600,ca3a4a2d9f1aec8ad66ae7e25071287047b399674fe0dbbf41de48ded4b13ece,OK,,759,PAYLOAD_SUBSTANTIVE,,نوری,1395,1395/12/30,separate,audited,original,DETECTED,Sheet1,11,78,1395/12/30,Sheet1!R8C4,مشروط,QUALIFIED_FAIR_WITH_EXCEPTION|HEADING_CELL,Sheet1!R34C12,Sheet1!R35C2,,,1396/03/03,Sheet1!R69C20,,
اکسل های صورت مالی کل زیپ ۱۳۹۲-۱۴۰۲.zip,نوري.zip,نوري.zip!نوري_۱۳۹۶_۱۲_۲۹_separate_ن-۱۰_صورت‌های مالی سال مالی منتهی به ۱۳۹۶_۱۲_۲۹ (حسابرسی شده).xlsx,نوري_۱۳۹۶_۱۲_۲۹_separate_ن-۱۰_صورت‌های مالی سال مالی منتهی به ۱۳۹۶_۱۲_۲۹ (حسابرسی شده).xlsx,OLE2_LEGACY_EXCEL,.xlsx,85504,96601d9bceb6dce743750f2bc7d249a0988d40da7bd9137cbf11de4ce4cae2f7,OK,,742,PAYLOAD_SUBSTANTIVE,,نوری,1396,1396/12/29,separate,audited,original,DETECTED,Sheet1,11,74,1396/12/29,Sheet1!R8C4,مشروط,QUALIFIED_FAIR_WITH_EXCEPTION|HEADING_CELL,Sheet1!R33C12,Sheet1!R35C2,,,1397/03/19,Sheet1!R65C20,,
اکسل های صورت مالی کل زیپ ۱۳۹۲-۱۴۰۲.zip,نوري.zip,نوري.zip!نوري_۱۳۹۷_۱۲_۲۹_separate_ن-۱۰_صورت‌های مالی سال مالی منتهی به ۱۳۹۷_۱۲_۲۹ (حسابرسی شده).xlsx,نوري_۱۳۹۷_۱۲_۲۹_separate_ن-۱۰_صورت‌های مالی سال مالی منتهی به ۱۳۹۷_۱۲_۲۹ (حسابرسی شده).xlsx,HTML_MISLABELED_XLSX,.xlsx,113523,1cb11916ab4c18fa96b49ded03db0b283e65aaba72a267b9db59856ccdbe1412,OK,,495,PAYLOAD_SUBSTANTIVE,,نوری,1397,1397/12/29,separate,audited,original,NOT_DETECTED,,,,1397/12/29,HTML_TABLE_1!R1C2,,,,,,NO_AUDITOR_BLOCK_DETECTED,,,NO_AUDITOR_BLOCK_DETECTED,
اکسل های صورت مالی کل زیپ ۱۳۹۲-۱۴۰۲.zip,نوري.zip,نوري.zip!نوري_۱۳۹۸_۱۲_۲۹_separate_ن-۱۰_صورت‌های مالی سال مالی منتهی به ۱۳۹۸_۱۲_۲۹ (حسابرسی شده).xlsx,نوري_۱۳۹۸_۱۲_۲۹_separate_ن-۱۰_صورت‌های مالی سال مالی منتهی به ۱۳۹۸_۱۲_۲۹ (حسابرسی شده).xlsx,HTML_MISLABELED_XLSX,.xlsx,370365,1fc931d9b7ac9573ca318079a063d3943950083cfa8e9c7461d70bd6a2fffc60,OK,,1871,PAYLOAD_SUBSTANTIVE,,نوری,1398,1398/12/29,separate,audited,original,NOT_DETECTED,,,,1398/12/29,HTML_TABLE_1!R1C2,,,,,,NO_AUDITOR_BLOCK_DETECTED,,,NO_AUDITOR_BLOCK_DETECTED,
اکسل های صورت مالی کل زیپ ۱۳۹۲-۱۴۰۲.zip,نوري.zip,نوري.zip!نوري_۱۳۹۹_۱۲_۳۰_consolidated_ن-۱۰_صورت‌های مالی تلفیقی سال مالی منتهی به ۱۳۹۹_۱۲_۳۰ (حسابرسی شده).xlsx,نوري_۱۳۹۹_۱۲_۳۰_consolidated_ن-۱۰_صورت‌های مالی تلفیقی سال مالی منتهی به ۱۳۹۹_۱۲_۳۰ (حسابرسی شده).xlsx,HTML_MISLABELED_XLSX,.xlsx,556636,5ce5f40871110b204a52af1d6f0cf2a26e7f5a2e773e5969c74270b95c7dace2,OK,,2753,PAYLOAD_SUBSTANTIVE,,نوری,1399,1399/12/30,consolidated,audited,original,NOT_DETECTED,,,,1399/12/30,HTML_TABLE_1!R1C2,,,,,,NO_AUDITOR_BLOCK_DETECTED,,,NO_AUDITOR_BLOCK_DETECTED,
اکسل های صورت مالی کل زیپ ۱۳۹۲-۱۴۰۲.zip,نوري.zip,نوري.zip!نوري_۱۴۰۰_۱۲_۲۹_consolidated_ن-۱۰_صورت‌های مالی تلفیقی سال مالی منتهی به ۱۴۰۰_۱۲_۲۹ (حسابرسی شده).xlsx,نوري_۱۴۰۰_۱۲_۲۹_consolidated_ن-۱۰_صورت‌های مالی تلفیقی سال مالی منتهی به ۱۴۰۰_۱۲_۲۹ (حسابرسی شده).xlsx,HTML_MISLABELED_XLSX,.xlsx,644024,2abf24a7871483e7eeb9dc6c96da427b93a634c435bd26cb6f54076024b2cb5a,OK,,3196,PAYLOAD_SUBSTANTIVE,,نوری,1400,1400/12/29,consolidated,audited,original,NOT_DETECTED,,,,1400/12/29,HTML_TABLE_1!R1C2,,,,,,NO_AUDITOR_BLOCK_DETECTED,,,NO_AUDITOR_BLOCK_DETECTED,
اکسل های صورت مالی کل زیپ ۱۳۹۲-۱۴۰۲.zip,نوري.zip,نوري.zip!نوري_۱۴۰۱_۱۲_۲۹_consolidated_ن-۱۰_صورت‌های مالی تلفیقی سال مالی منتهی به ۱۴۰۱_۱۲_۲۹ (حسابرسی شده).xlsx,نوري_۱۴۰۱_۱۲_۲۹_consolidated_ن-۱۰_صورت‌های مالی تلفیقی سال مالی منتهی به ۱۴۰۱_۱۲_۲۹ (حسابرسی شده).xlsx,HTML_MISLABELED_XLSX,.xlsx,739462,f2c9a4c23ca2ec24e7cfc9897b417a653c880ae13e6a589bb082b3a3251a2922,OK,,3575,PAYLOAD_SUBSTANTIVE,,نوری,1401,1401/12/29,consolidated,audited,original,NOT_DETECTED,,,,1401/12/29,HTML_TABLE_1!R1C2,,,,,,NO_AUDITOR_BLOCK_DETECTED,,,NO_AUDITOR_BLOCK_DETECTED,
اکسل های صورت مالی کل زیپ ۱۳۹۲-۱۴۰۲.zip,نوري.zip,نوري.zip!نوري_۱۴۰۲_۱۲_۲۹_consolidated_ن-۱۰_صورت‌های مالی تلفیقی سال مالی منتهی به ۱۴۰۲_۱۲_۲۹ (حسابرسی شده).xlsx,نوري_۱۴۰۲_۱۲_۲۹_consolidated_ن-۱۰_صورت‌های مالی تلفیقی سال مالی منتهی به ۱۴۰۲_۱۲_۲۹ (حسابرسی شده).xlsx,HTML_MISLABELED_XLSX,.xlsx,717130,b6816f79f0fe7653e227a33231f7ebfb49aa58923659350c5faa2befa3de7b97,OK,,3453,PAYLOAD_SUBSTANTIVE,,نوری,1402,1402/12/29,consolidated,audited,original,NOT_DETECTED,,,,1402/12/29,HTML_TABLE_1!R1C2,,,,,,NO_AUDITOR_BLOCK_DETECTED,,,NO_AUDITOR_BLOCK_DETECTED,
اکسل های صورت مالی کل زیپ ۱۳۹۲-۱۴۰۲.zip,های وب.zip,های وب.zip!هاي وب_۱۳۹۳_۱۲_۲۹_separate_ن-۱۰_صورت‌های مالی سال مالی منتهی به ۱۳۹۳_۱۲_۲۹ (حسابرسی شده).xlsx,هاي وب_۱۳۹۳_۱۲_۲۹_separate_ن-۱۰_صورت‌های مالی سال مالی منتهی به ۱۳۹۳_۱۲_۲۹ (حسابرسی شده).xlsx,OLE2_LEGACY_EXCEL,.xlsx,71680,e19679585a0d3572f54daf205809b2f1fc03832b1fe54b49ded97f42369d50f7,OK,,566,PAYLOAD_SUBSTANTIVE,,های وب,1393,1393/12/29,separate,audited,original,DETECTED,Sheet1,11,72,1393/12/29,Sheet1!R8C4,مشروط,QUALIFIED_FAIR_WITH_EXCEPTION|HEADING_CELL,Sheet1!R36C12,Sheet1!R37C2,,,1394/05/18,Sheet1!R64C20,,داده گستر عصر نوین
اکسل های صورت مالی کل زیپ ۱۳۹۲-۱۴۰۲.zip,های وب.zip,های وب.zip!هاي وب_۱۳۹۴_۱۲_۲۹_separate_ن-۱۰_صورت‌های مالی سال مالی منتهی به ۱۳۹۴_۱۲_۲۹ (حسابرسی شده).xlsx,هاي وب_۱۳۹۴_۱۲_۲۹_separate_ن-۱۰_صورت‌های مالی سال مالی منتهی به ۱۳۹۴_۱۲_۲۹ (حسابرسی شده).xlsx,OLE2_LEGACY_EXCEL,.xlsx,68096,e822e1b079267aceac54cbb36360c9b96a50963b0c8656952d422cf4b2f06f7a,OK,,566,PAYLOAD_SUBSTANTIVE,,های وب,1394,1394/12/29,separate,audited,original,DETECTED,Sheet1,11,63,1394/12/29,Sheet1!R8C4,مشروط,QUALIFIED_FAIR_WITH_EXCEPTION|HEADING_CELL,Sheet1!R32C12,Sheet1!R33C2,,,1395/04/20,Sheet1!R54C20,,داده گستر عصر نوین
اکسل های صورت مالی کل زیپ ۱۳۹۲-۱۴۰۲.zip,های وب.zip,های وب.zip!هاي وب_۱۳۹۵_۱۲_۳۰_separate_ن-۱۰_صورت‌های مالی سال مالی منتهی به ۱۳۹۵_۱۲_۳۰ (حسابرسی شده).xlsx,هاي وب_۱۳۹۵_۱۲_۳۰_separate_ن-۱۰_صورت‌های مالی سال مالی منتهی به ۱۳۹۵_۱۲_۳۰ (حسابرسی شده).xlsx,OLE2_LEGACY_EXCEL,.xlsx,67072,9bfc28095c70db2ee833e2390274593717c67c67ea44456afaff5101c3755472,OK,,562,PAYLOAD_SUBSTANTIVE,,های وب,1395,1395/12/30,separate,audited,original,DETECTED,Sheet1,11,56,1395/12/30,Sheet1!R8C4,مشروط,QUALIFIED_FAIR_WITH_EXCEPTION|HEADING_CELL,Sheet1!R33C12,Sheet1!R35C2,,,1396/02/17,Sheet1!R48C20,,داده گستر عصر نوین
اکسل های صورت مالی کل زیپ ۱۳۹۲-۱۴۰۲.zip,های وب.zip,های وب.zip!هاي وب_۱۳۹۶_۱۲_۲۹_consolidated_ن-۱۰_صورت‌های مالی تلفیقی سال مالی منتهی به ۱۳۹۶_۱۲_۲۹ (حسابرسی شده).xlsx,هاي وب_۱۳۹۶_۱۲_۲۹_consolidated_ن-۱۰_صورت‌های مالی تلفیقی سال مالی منتهی به ۱۳۹۶_۱۲_۲۹ (حسابرسی شده).xlsx,OLE2_LEGACY_EXCEL,.xlsx,137728,5f471af3f85bbd6ad6b8d2efdf7cc43dd54de4cf66cb5021e6e128a9e702b02f,OK,,1327,PAYLOAD_SUBSTANTIVE,,های وب,1396,1396/12/29,consolidated,audited,original,DETECTED,Sheet1,11,131,1396/12/29,Sheet1!R8C4,مشروط,QUALIFIED_FAIR_WITH_EXCEPTION|HEADING_CELL,Sheet1!R62C12,Sheet1!R63C2,,,1397/05/06,Sheet1!R123C20,,داده گستر عصر نوین
اکسل های صورت مالی کل زیپ ۱۳۹۲-۱۴۰۲.zip,های وب.zip,های وب.zip!هاي وب_۱۳۹۶_۱۲_۲۹_consolidated_ن-۱۰_صورت‌های مالی تلفیقی سال مالی منتهی به ۱۳۹۶_۱۲_۲۹ (حسابرسی شده)(اصلاحیه).xlsx,هاي وب_۱۳۹۶_۱۲_۲۹_consolidated_ن-۱۰_صورت‌های مالی تلفیقی سال مالی منتهی به ۱۳۹۶_۱۲_۲۹ (حسابرسی شده)(اصلاحیه).xlsx,OLE2_LEGACY_EXCEL,.xlsx,137216,b8e0a802ca6c98ec4624522a467ad6fdd28492327bb4cf46715038f3038ad755,OK,,1327,PAYLOAD_SUBSTANTIVE,,های وب,1396,1396/12/29,consolidated,audited,correction,DETECTED,Sheet1,11,123,1396/12/29,Sheet1!R8C4,مشروط,QUALIFIED_FAIR_WITH_EXCEPTION|HEADING_CELL,Sheet1!R55C12,Sheet1!R56C2,,,1397/05/06,Sheet1!R115C20,,داده گستر عصر نوین
اکسل های صورت مالی کل زیپ ۱۳۹۲-۱۴۰۲.zip,های وب.zip,های وب.zip!هاي وب_۱۳۹۷_۱۲_۲۹_consolidated_ن-۱۰_صورت‌های مالی تلفیقی سال مالی منتهی به ۱۳۹۷_۱۲_۲۹ (حسابرسی شده).xlsx,هاي وب_۱۳۹۷_۱۲_۲۹_consolidated_ن-۱۰_صورت‌های مالی تلفیقی سال مالی منتهی به ۱۳۹۷_۱۲_۲۹ (حسابرسی شده).xlsx,HTML_MISLABELED_XLSX,.xlsx,235000,006b398170205581e319cc9841ecdfa0991333887845e22b9e7326956268b5df,OK,,1045,PAYLOAD_SUBSTANTIVE,,های وب,1397,1397/12/29,consolidated,audited,original,NOT_DETECTED,,,,1397/12/29,HTML_TABLE_1!R1C2,,,,,,NO_AUDITOR_BLOCK_DETECTED,,,NO_AUDITOR_BLOCK_DETECTED,
اکسل های صورت مالی کل زیپ ۱۳۹۲-۱۴۰۲.zip,های وب.zip,های وب.zip!هاي وب_۱۳۹۸_۱۲_۲۹_consolidated_ن-۱۰_صورت‌های مالی تلفیقی سال مالی منتهی به ۱۳۹۸_۱۲_۲۹ (حسابرسی شده).xlsx,هاي وب_۱۳۹۸_۱۲_۲۹_consolidated_ن-۱۰_صورت‌های مالی تلفیقی سال مالی منتهی به ۱۳۹۸_۱۲_۲۹ (حسابرسی شده).xlsx,HTML_MISLABELED_XLSX,.xlsx,456215,ed026e3d5f87791a1c039daf2d9fdb9e68413cfcee86dc7bdd045dd0b56ca3a8,OK,,2202,PAYLOAD_SUBSTANTIVE,,های وب,1398,1398/12/29,consolidated,audited,original,NOT_DETECTED,,,,1398/12/29,HTML_TABLE_1!R1C2,,,,,,NO_AUDITOR_BLOCK_DETECTED,,,NO_AUDITOR_BLOCK_DETECTED,
اکسل های صورت مالی کل زیپ ۱۳۹۲-۱۴۰۲.zip,های وب.zip,های وب.zip!هاي وب_۱۳۹۹_۱۲_۳۰_consolidated_ن-۱۰_صورت‌های مالی تلفیقی سال مالی منتهی به ۱۳۹۹_۱۲_۳۰ (حسابرسی شده).xlsx,هاي وب_۱۳۹۹_۱۲_۳۰_consolidated_ن-۱۰_صورت‌های مالی تلفیقی سال مالی منتهی به ۱۳۹۹_۱۲_۳۰ (حسابرسی شده).xlsx,HTML_MISLABELED_XLSX,.xlsx,461169,c7340ab72416819bd46a8ca5bfe93bd50302add96ae554e24c0cbff3ae607228,OK,,2240,PAYLOAD_SUBSTANTIVE,,های وب,1399,1399/12/30,consolidated,audited,original,NOT_DETECTED,,,,1399/12/30,HTML_TABLE_1!R1C2,,,,,,NO_AUDITOR_BLOCK_DETECTED,,,NO_AUDITOR_BLOCK_DETECTED,
اکسل های صورت مالی کل زیپ ۱۳۹۲-۱۴۰۲.zip,های وب.zip,های وب.zip!هاي وب_۱۴۰۰_۱۲_۲۹_consolidated_ن-۱۰_صورت‌های مالی تلفیقی سال مالی منتهی به ۱۴۰۰_۱۲_۲۹ (حسابرسی شده).xlsx,هاي وب_۱۴۰۰_۱۲_۲۹_consolidated_ن-۱۰_صورت‌های مالی تلفیقی سال مالی منتهی به ۱۴۰۰_۱۲_۲۹ (حسابرسی شده).xlsx,HTML_MISLABELED_XLSX,.xlsx,461545,8e0e651ce1251b71239395797984de4a22c99344dcd8318d905758c09a0a682e,OK,,2239,PAYLOAD_SUBSTANTIVE,,های وب,1400,1400/12/29,consolidated,audited,original,NOT_DETECTED,,,,1400/12/29,HTML_TABLE_1!R1C2,,,,,,NO_AUDITOR_BLOCK_DETECTED,,,NO_AUDITOR_BLOCK_DETECTED,
اکسل های صورت مالی کل زیپ ۱۳۹۲-۱۴۰۲.zip,های وب.zip,های وب.zip!هاي وب_۱۴۰۱_۱۲_۲۹_consolidated_ن-۱۰_صورت‌های مالی تلفیقی سال مالی منتهی به ۱۴۰۱_۱۲_۲۹ (حسابرسی شده).xlsx,هاي وب_۱۴۰۱_۱۲_۲۹_consolidated_ن-۱۰_صورت‌های مالی تلفیقی سال مالی منتهی به ۱۴۰۱_۱۲_۲۹ (حسابرسی شده).xlsx,HTML_MISLABELED_XLSX,.xlsx,477334,40a85bf1734c8ab72ebf053e485bdf0e74bdf228dd7982cbaf0966e0fb12bdd0,OK,,2298,PAYLOAD_SUBSTANTIVE,,های وب,1401,1401/12/29,consolidated,audited,original,NOT_DETECTED,,,,1401/12/29,HTML_TABLE_1!R1C2,,,,,,NO_AUDITOR_BLOCK_DETECTED,,,NO_AUDITOR_BLOCK_DETECTED,
اکسل های صورت مالی کل زیپ ۱۳۹۲-۱۴۰۲.zip,های وب.zip,های وب.zip!هاي وب_۱۴۰۲_۱۲_۲۹_consolidated_ن-۱۰_صورت‌های مالی تلفیقی سال مالی منتهی به ۱۴۰۲_۱۲_۲۹ (حسابرسی شده).xlsx,هاي وب_۱۴۰۲_۱۲_۲۹_consolidated_ن-۱۰_صورت‌های مالی تلفیقی سال مالی منتهی به ۱۴۰۲_۱۲_۲۹ (حسابرسی شده).xlsx,HTML_MISLABELED_XLSX,.xlsx,577888,4e54e6b2d4ca9c1dd16b3c6c355e2fc855bb07be1be185157a95fbfd5141c9d6,OK,,2740,PAYLOAD_SUBSTANTIVE,,های وب,1402,1402/12/29,consolidated,audited,original,NOT_DETECTED,,,,1402/12/29,HTML_TABLE_1!R1C2,,,,,,NO_AUDITOR_BLOCK_DETECTED,,,NO_AUDITOR_BLOCK_DETECTED,
اکسل های صورت مالی کل زیپ ۱۳۹۲-۱۴۰۲.zip,همراه.zip,همراه.zip!همراه_۱۳۸۴_۱۲_۲۹_separate_ن-۱۰_صورتهای مالی سال مالی منتهی به ۱۳۸۴_۱۲_۲۹ (حسابرسی شده).xlsx,همراه_۱۳۸۴_۱۲_۲۹_separate_ن-۱۰_صورتهای مالی سال مالی منتهی به ۱۳۸۴_۱۲_۲۹ (حسابرسی شده).xlsx,OLE2_LEGACY_EXCEL,.xlsx,35840,b983691c14cc740e7ec9b6fc6372d9f830a854b4cd0bc176fd9811ad1de61a98,OK,,326,PAYLOAD_SUBSTANTIVE,,همراه,1384,1384/12/29,separate,audited,original,DETECTED,Sheet1,9,28,1384/12/29,Sheet1!R6C4,مشروط,STRUCTURED_FIELD_نظر_حسابرس,Sheet1!R14C23,Sheet1!R13C1,,,,,DATE_ANCHOR_IN_BLOCK_BUT_NO_PARSEABLE_DATE_ADJACENT,
اکسل های صورت مالی کل زیپ ۱۳۹۲-۱۴۰۲.zip,همراه.zip,همراه.zip!همراه_۱۳۸۶_۱۲_۲۹_separate_ن-۱۰_صورتهای مالی سال مالی منتهی به ۱۳۸۶_۱۲_۲۹ (حسابرسی شده).xlsx,همراه_۱۳۸۶_۱۲_۲۹_separate_ن-۱۰_صورتهای مالی سال مالی منتهی به ۱۳۸۶_۱۲_۲۹ (حسابرسی شده).xlsx,OLE2_LEGACY_EXCEL,.xlsx,35328,9704b8c0567590f721af23d9c61d1117448e7e4d71e45eb01cc8311a4370d289,OK,,330,PAYLOAD_SUBSTANTIVE,,همراه,1386,1386/12/29,separate,audited,original,DETECTED,Sheet1,9,28,1386/12/29,Sheet1!R6C4,مشروط,STRUCTURED_FIELD_نظر_حسابرس,Sheet1!R14C23,Sheet1!R13C1,,,,,DATE_ANCHOR_IN_BLOCK_BUT_NO_PARSEABLE_DATE_ADJACENT,
اکسل های صورت مالی کل زیپ ۱۳۹۲-۱۴۰۲.zip,همراه.zip,همراه.zip!همراه_۱۳۸۷_۱۲_۳۰_separate_ن-۱۰_صورتهای مالی سال مالی منتهی به ۱۳۸۷_۱۲_۳۰ (حسابرسی شده).xlsx,همراه_۱۳۸۷_۱۲_۳۰_separate_ن-۱۰_صورتهای مالی سال مالی منتهی به ۱۳۸۷_۱۲_۳۰ (حسابرسی شده).xlsx,OLE2_LEGACY_EXCEL,.xlsx,36352,3a7763208493c8ff4bb696fae98cae4baeaa9c8fcc9c5fc50ed732b322c4ae42,OK,,330,PAYLOAD_SUBSTANTIVE,,همراه,1387,1387/12/30,separate,audited,original,DETECTED,Sheet1,9,28,1387/12/30,Sheet1!R6C4,مشروط,STRUCTURED_FIELD_نظر_حسابرس,Sheet1!R14C23,Sheet1!R13C1,,,,,DATE_ANCHOR_IN_BLOCK_BUT_NO_PARSEABLE_DATE_ADJACENT,
اکسل های صورت مالی کل زیپ ۱۳۹۲-۱۴۰۲.zip,همراه.zip,همراه.zip!همراه_۱۳۹۱_۱۲_۳۰_separate_ن-۱۰_صورتهای مالی سال مالی منتهی به ۱۳۹۱_۱۲_۳۰ (حسابرسی شده).xlsx,همراه_۱۳۹۱_۱۲_۳۰_separate_ن-۱۰_صورتهای مالی سال مالی منتهی به ۱۳۹۱_۱۲_۳۰ (حسابرسی شده).xlsx,OLE2_LEGACY_EXCEL,.xlsx,59392,32b901f2a9f166561c3bbfa7eb8cee91dede1e09efba081581162875abccf74b,OK,,356,PAYLOAD_SUBSTANTIVE,,همراه,1391,1391/12/30,separate,audited,original,DETECTED,Sheet1,9,71,1391/12/30,Sheet1!R6C4,مشروط,QUALIFIED_FAIR_WITH_EXCEPTION|HEADING_CELL,Sheet1!R36C14,Sheet1!R37C2,,,1392/01/18,Sheet1!R63C23,,ارتباطات سیار ایران
اکسل های صورت مالی کل زیپ ۱۳۹۲-۱۴۰۲.zip,همراه.zip,همراه.zip!همراه_۱۳۹۲_۱۲_۲۹_separate_ن-۱۰_صورتهای مالی سال مالی منتهی به ۱۳۹۲_۱۲_۲۹ (حسابرسی شده).xlsx,همراه_۱۳۹۲_۱۲_۲۹_separate_ن-۱۰_صورتهای مالی سال مالی منتهی به ۱۳۹۲_۱۲_۲۹ (حسابرسی شده).xlsx,OLE2_LEGACY_EXCEL,.xlsx,46592,f404764c976548d51c874fbdf82b6f6cdac7016692821f1d60e5ca479dbedc74,OK,,345,PAYLOAD_SUBSTANTIVE,,همراه,1392,1392/12/29,separate,audited,original,DETECTED,Sheet1,9,60,1392/12/29,Sheet1!R6C4,مقبول,UNQUALIFIED_FAIR_FORMULA|HEADING_CELL,Sheet1!R28C14,Sheet1!R29C2,,,1393/01/20,Sheet1!R51C23,,ارتباطات سیار ایران
اکسل های صورت مالی کل زیپ ۱۳۹۲-۱۴۰۲.zip,همراه.zip,همراه.zip!همراه_۱۳۹۳_۱۲_۲۹_separate_ن-۱۰_صورتهای مالی سال مالی منتهی به ۱۳۹۳_۱۲_۲۹ (حسابرسی شده).xlsx,همراه_۱۳۹۳_۱۲_۲۹_separate_ن-۱۰_صورتهای مالی سال مالی منتهی به ۱۳۹۳_۱۲_۲۹ (حسابرسی شده).xlsx,OLE2_LEGACY_EXCEL,.xlsx,45568,ac30e5292b0c445fc563bf02daafaf9ca3f1307edcff847cb22ca498650b745d,OK,,325,PAYLOAD_SUBSTANTIVE,,همراه,1393,1393/12/29,separate,audited,original,DETECTED,Sheet1,9,60,1393/12/29,Sheet1!R6C4,مقبول,UNQUALIFIED_FAIR_FORMULA|HEADING_CELL,Sheet1!R28C14,Sheet1!R29C2,,,1394/01/20,Sheet1!R51C23,,ارتباطات سیار ایران
اکسل های صورت مالی کل زیپ ۱۳۹۲-۱۴۰۲.zip,همراه.zip,همراه.zip!همراه_۱۳۹۴_۱۲_۲۹_separate_ن-۱۰_صورت‌های مالی سال مالی منتهی به ۱۳۹۴_۱۲_۲۹ (حسابرسی شده).xlsx,همراه_۱۳۹۴_۱۲_۲۹_separate_ن-۱۰_صورت‌های مالی سال مالی منتهی به ۱۳۹۴_۱۲_۲۹ (حسابرسی شده).xlsx,OLE2_LEGACY_EXCEL,.xlsx,47616,f9464898234723794f447adf87c8c8418f97db84616a3fdbf801ca593b03b3e4,OK,,323,PAYLOAD_SUBSTANTIVE,,همراه,1394,1394/12/29,separate,audited,original,DETECTED,Sheet1,9,60,1394/12/29,Sheet1!R6C4,مقبول,UNQUALIFIED_FAIR_FORMULA|HEADING_CELL,Sheet1!R28C14,Sheet1!R29C2,,,1395/01/18,Sheet1!R51C23,,ارتباطات سیار ایران
اکسل های صورت مالی کل زیپ ۱۳۹۲-۱۴۰۲.zip,همراه.zip,همراه.zip!همراه_۱۳۹۵_۱۲_۳۰_consolidated_ن-۱۰_صورت‌های مالی تلفیقی سال مالی منتهی به ۱۳۹۵_۱۲_۳۰ (حسابرسی شده).xlsx,همراه_۱۳۹۵_۱۲_۳۰_consolidated_ن-۱۰_صورت‌های مالی تلفیقی سال مالی منتهی به ۱۳۹۵_۱۲_۳۰ (حسابرسی شده).xlsx,OLE2_LEGACY_EXCEL,.xlsx,118784,e9ef35174c4554553545f29353ec178c20f573602668b5510063dc81b5d74ffb,OK,,1321,PAYLOAD_SUBSTANTIVE,,همراه,1395,1395/12/30,consolidated,audited,original,DETECTED,Sheet1,11,56,1395/12/30,Sheet1!R8C4,مقبول,UNQUALIFIED_FAIR_FORMULA|HEADING_CELL,Sheet1!R29C12,Sheet1!R30C2,,,1396/01/20,Sheet1!R47C20,,ارتباطات سیار ایران
اکسل های صورت مالی کل زیپ ۱۳۹۲-۱۴۰۲.zip,همراه.zip,همراه.zip!همراه_۱۳۹۶_۱۲_۲۹_consolidated_ن-۱۰_صورت‌های مالی تلفیقی سال مالی منتهی به ۱۳۹۶_۱۲_۲۹ (حسابرسی شده).xlsx,همراه_۱۳۹۶_۱۲_۲۹_consolidated_ن-۱۰_صورت‌های مالی تلفیقی سال مالی منتهی به ۱۳۹۶_۱۲_۲۹ (حسابرسی شده).xlsx,OLE2_LEGACY_EXCEL,.xlsx,124928,221f514ec38078c69c081f053d5fdc1f935e7f0fe0cd7f2a87a354dfc9426fcd,OK,,1329,PAYLOAD_SUBSTANTIVE,,همراه,1396,1396/12/29,consolidated,audited,original,DETECTED,Sheet1,11,68,1396/12/29,Sheet1!R8C4,مقبول,UNQUALIFIED_FAIR_FORMULA|HEADING_CELL,Sheet1!R28C12,Sheet1!R29C2,,,1397/01/27,Sheet1!R59C20,,ارتباطات سیار ایران
اکسل های صورت مالی کل زیپ ۱۳۹۲-۱۴۰۲.zip,همراه.zip,همراه.zip!همراه_۱۳۹۷_۱۲_۲۹_consolidated_ن-۱۰_صورت‌های مالی تلفیقی سال مالی منتهی به ۱۳۹۷_۱۲_۲۹ (حسابرسی شده).xlsx,همراه_۱۳۹۷_۱۲_۲۹_consolidated_ن-۱۰_صورت‌های مالی تلفیقی سال مالی منتهی به ۱۳۹۷_۱۲_۲۹ (حسابرسی شده).xlsx,HTML_MISLABELED_XLSX,.xlsx,235131,c3e884038565a84b902cb351b18f1792091e109cd9d3124ba89aa05062cd282b,OK,,1045,PAYLOAD_SUBSTANTIVE,,همراه,1397,1397/12/29,consolidated,audited,original,NOT_DETECTED,,,,1397/12/29,HTML_TABLE_1!R1C2,,,,,,NO_AUDITOR_BLOCK_DETECTED,,,NO_AUDITOR_BLOCK_DETECTED,
اکسل های صورت مالی کل زیپ ۱۳۹۲-۱۴۰۲.zip,همراه.zip,همراه.zip!همراه_۱۳۹۸_۱۲_۲۹_consolidated_ن-۱۰_صورت‌های مالی تلفیقی سال مالی منتهی به ۱۳۹۸_۱۲_۲۹ (حسابرسی شده).xlsx,همراه_۱۳۹۸_۱۲_۲۹_consolidated_ن-۱۰_صورت‌های مالی تلفیقی سال مالی منتهی به ۱۳۹۸_۱۲_۲۹ (حسابرسی شده).xlsx,HTML_MISLABELED_XLSX,.xlsx,461699,6b77977a47fe9a9d68e53ad2a653f253967ee55bc74b47949f627f9b484e7c66,OK,,2231,PAYLOAD_SUBSTANTIVE,,همراه,1398,1398/12/29,consolidated,audited,original,NOT_DETECTED,,,,1398/12/29,HTML_TABLE_1!R1C2,,,,,,NO_AUDITOR_BLOCK_DETECTED,,,NO_AUDITOR_BLOCK_DETECTED,
اکسل های صورت مالی کل زیپ ۱۳۹۲-۱۴۰۲.zip,همراه.zip,همراه.zip!همراه_۱۳۹۹_۱۲_۳۰_consolidated_ن-۱۰_صورت‌های مالی تلفیقی سال مالی منتهی به ۱۳۹۹_۱۲_۳۰ (حسابرسی شده).xlsx,همراه_۱۳۹۹_۱۲_۳۰_consolidated_ن-۱۰_صورت‌های مالی تلفیقی سال مالی منتهی به ۱۳۹۹_۱۲_۳۰ (حسابرسی شده).xlsx,HTML_MISLABELED_XLSX,.xlsx,431241,f82b67e573a239e4cbf1b36652b81054f282d9e3ea7ed933d9294745cbe3a3a3,OK,,2083,PAYLOAD_SUBSTANTIVE,,همراه,1399,1399/12/30,consolidated,audited,original,NOT_DETECTED,,,,1399/12/30,HTML_TABLE_2!R23C1,,,,,,NO_AUDITOR_BLOCK_DETECTED,,,NO_AUDITOR_BLOCK_DETECTED,
اکسل های صورت مالی کل زیپ ۱۳۹۲-۱۴۰۲.zip,همراه.zip,همراه.zip!همراه_۱۴۰۰_۱۲_۲۹_consolidated_ن-۱۰_صورت‌های مالی تلفیقی سال مالی منتهی به ۱۴۰۰_۱۲_۲۹ (حسابرسی شده).xlsx,همراه_۱۴۰۰_۱۲_۲۹_consolidated_ن-۱۰_صورت‌های مالی تلفیقی سال مالی منتهی به ۱۴۰۰_۱۲_۲۹ (حسابرسی شده).xlsx,HTML_MISLABELED_XLSX,.xlsx,491986,228f9dd193abaeec9f99e723bddd53a8bc142c9936591b9807f570f0a5e413ab,OK,,2412,PAYLOAD_SUBSTANTIVE,,همراه,1400,1400/12/29,consolidated,audited,original,NOT_DETECTED,,,,1400/12/29,HTML_TABLE_1!R1C3,,,,,,NO_AUDITOR_BLOCK_DETECTED,,,NO_AUDITOR_BLOCK_DETECTED,
اکسل های صورت مالی کل زیپ ۱۳۹۲-۱۴۰۲.zip,همراه.zip,همراه.zip!همراه_۱۴۰۱_۱۲_۲۹_consolidated_ن-۱۰_صورت‌های مالی تلفیقی سال مالی منتهی به ۱۴۰۱_۱۲_۲۹ (حسابرسی شده).xlsx,همراه_۱۴۰۱_۱۲_۲۹_consolidated_ن-۱۰_صورت‌های مالی تلفیقی سال مالی منتهی به ۱۴۰۱_۱۲_۲۹ (حسابرسی شده).xlsx,HTML_MISLABELED_XLSX,.xlsx,488773,7f1507843e387f391f77ec073de61fc4ee18f16b9e39ed66dea8b5c51ee625e7,OK,,2381,PAYLOAD_SUBSTANTIVE,,همراه,1401,1401/12/29,consolidated,audited,original,NOT_DETECTED,,,,1401/12/29,HTML_TABLE_1!R1C2,,,,,,NO_AUDITOR_BLOCK_DETECTED,,,NO_AUDITOR_BLOCK_DETECTED,
اکسل های صورت مالی کل زیپ ۱۳۹۲-۱۴۰۲.zip,همراه.zip,همراه.zip!همراه_۱۴۰۲_۱۲_۲۹_consolidated_ن-۱۰_صورت‌های مالی تلفیقی سال مالی منتهی به ۱۴۰۲_۱۲_۲۹ (حسابرسی شده).xlsx,همراه_۱۴۰۲_۱۲_۲۹_consolidated_ن-۱۰_صورت‌های مالی تلفیقی سال مالی منتهی به ۱۴۰۲_۱۲_۲۹ (حسابرسی شده).xlsx,HTML_MISLABELED_XLSX,.xlsx,562888,153439ad1b6f608a73738cbb3234233a8a18ba1d0e88194c0f5961ba62fc8424,OK,,2631,PAYLOAD_SUBSTANTIVE,,همراه,1402,1402/12/29,consolidated,audited,original,NOT_DETECTED,,,,1402/12/29,HTML_TABLE_1!R1C2,,,,,,NO_AUDITOR_BLOCK_DETECTED,,,NO_AUDITOR_BLOCK_DETECTED,
اکسل های صورت مالی کل زیپ ۱۳۹۲-۱۴۰۲.zip,وكغدير.zip,وكغدير.zip!وكغدير_۱۳۹۹_۰۶_۳۱_separate_ن-۱۰_صورت‌های مالی سال مالی منتهی به ۱۳۹۹_۰۶_۳۱ (حسابرسی شده).xlsx,وكغدير_۱۳۹۹_۰۶_۳۱_separate_ن-۱۰_صورت‌های مالی سال مالی منتهی به ۱۳۹۹_۰۶_۳۱ (حسابرسی شده).xlsx,HTML_MISLABELED_XLSX,.xlsx,173060,04edce837f4137849ef7a89f628c7582d6e6e722677a0738d354827e22645575,OK,,864,PAYLOAD_SUBSTANTIVE,,وکغدیر,1399,1399/06/31,separate,audited,original,NOT_DETECTED,,,,1399/06/31,HTML_TABLE_2!R1C2,,,,,,NO_AUDITOR_BLOCK_DETECTED,,,NO_AUDITOR_BLOCK_DETECTED,
اکسل های صورت مالی کل زیپ ۱۳۹۲-۱۴۰۲.zip,وكغدير.zip,وكغدير.zip!وكغدير_۱۴۰۰_۰۶_۳۱_separate_ن-۱۰_صورت‌های مالی سال مالی منتهی به ۱۴۰۰_۰۶_۳۱ (حسابرسی شده).xlsx,وكغدير_۱۴۰۰_۰۶_۳۱_separate_ن-۱۰_صورت‌های مالی سال مالی منتهی به ۱۴۰۰_۰۶_۳۱ (حسابرسی شده).xlsx,HTML_MISLABELED_XLSX,.xlsx,127904,1d18799353b4cb76e6dadee2782cc8e800074cbde0a1562f1a0d8542743e581d,OK,,574,PAYLOAD_SUBSTANTIVE,,وکغدیر,1400,1400/06/31,separate,audited,original,NOT_DETECTED,,,,1400/06/31,HTML_TABLE_2!R1C2,,,,,,NO_AUDITOR_BLOCK_DETECTED,,,NO_AUDITOR_BLOCK_DETECTED,
اکسل های صورت مالی کل زیپ ۱۳۹۲-۱۴۰۲.zip,وكغدير.zip,وكغدير.zip!وكغدير_۱۴۰۰_۰۶_۳۱_separate_ن-۱۰_صورت‌های مالی سال مالی منتهی به ۱۴۰۰_۰۶_۳۱ (حسابرسی شده)(اصلاحیه).xlsx,وكغدير_۱۴۰۰_۰۶_۳۱_separate_ن-۱۰_صورت‌های مالی سال مالی منتهی به ۱۴۰۰_۰۶_۳۱ (حسابرسی شده)(اصلاحیه).xlsx,HTML_MISLABELED_XLSX,.xlsx,165185,a2e1f44ed21902eb1ac7c41a9430b9077111a3e8e8ac2ca76cce07d488943385,OK,,808,PAYLOAD_SUBSTANTIVE,,وکغدیر,1400,1400/06/31,separate,audited,correction,NOT_DETECTED,,,,1400/06/31,HTML_TABLE_2!R1C2,,,,,,NO_AUDITOR_BLOCK_DETECTED,,,NO_AUDITOR_BLOCK_DETECTED,
اکسل های صورت مالی کل زیپ ۱۳۹۲-۱۴۰۲.zip,وكغدير.zip,وكغدير.zip!وكغدير_۱۴۰۱_۰۶_۳۱_separate_ن-۱۰_صورت‌های مالی سال مالی منتهی به ۱۴۰۱_۰۶_۳۱ (حسابرسی شده).xlsx,وكغدير_۱۴۰۱_۰۶_۳۱_separate_ن-۱۰_صورت‌های مالی سال مالی منتهی به ۱۴۰۱_۰۶_۳۱ (حسابرسی شده).xlsx,HTML_MISLABELED_XLSX,.xlsx,284078,831dfa8f416f3013d6b5861fa74f3b0fac27b22cf24649e354b6f1c97e0f1696,OK,,1380,PAYLOAD_SUBSTANTIVE,,وکغدیر,1401,1401/06/31,separate,audited,original,NOT_DETECTED,,,,1401/06/31,HTML_TABLE_2!R1C3,,,,,,NO_AUDITOR_BLOCK_DETECTED,,,NO_AUDITOR_BLOCK_DETECTED,
اکسل های صورت مالی کل زیپ ۱۳۹۲-۱۴۰۲.zip,وكغدير.zip,وكغدير.zip!وكغدير_۱۴۰۲_۰۶_۳۱_separate_ن-۱۰_صورت‌های مالی سال مالی منتهی به ۱۴۰۲_۰۶_۳۱ (حسابرسی شده).xlsx,وكغدير_۱۴۰۲_۰۶_۳۱_separate_ن-۱۰_صورت‌های مالی سال مالی منتهی به ۱۴۰۲_۰۶_۳۱ (حسابرسی شده).xlsx,HTML_MISLABELED_XLSX,.xlsx,298854,8313581f2a87539bb8ed21a05e94c17a586fe17c925fc1f29abcc218587bf120,OK,,1449,PAYLOAD_SUBSTANTIVE,,وکغدیر,1402,1402/06/31,separate,audited,original,NOT_DETECTED,,,,1402/06/31,HTML_TABLE_2!R1C3,,,,,,NO_AUDITOR_BLOCK_DETECTED,,,NO_AUDITOR_BLOCK_DETECTED,
اکسل های صورت مالی کل زیپ ۱۳۹۲-۱۴۰۲.zip,وكغدير.zip,وكغدير.zip!وكغدير_۱۴۰۳_۰۶_۳۱_separate_ن-۱۰_صورت‌های مالی سال مالی منتهی به ۱۴۰۳_۰۶_۳۱ (حسابرسی شده).xlsx,وكغدير_۱۴۰۳_۰۶_۳۱_separate_ن-۱۰_صورت‌های مالی سال مالی منتهی به ۱۴۰۳_۰۶_۳۱ (حسابرسی شده).xlsx,HTML_MISLABELED_XLSX,.xlsx,422267,0e9c2fc51159495d9ef1cb66809dd4323a487c54ec93ae72385b393095604601,OK,,1874,PAYLOAD_SUBSTANTIVE,,وکغدیر,1403,1403/06/31,separate,audited,original,NOT_DETECTED,,,,1403/06/31,HTML_TABLE_2!R1C1,,,,,,NO_AUDITOR_BLOCK_DETECTED,,,NO_AUDITOR_BLOCK_DETECTED,
اکسل های صورت مالی کل زیپ ۱۳۹۲-۱۴۰۲.zip,ومعادن.zip,ومعادن.zip!ومعادن_۱۳۹۱_۱۲_۳۰_separate_ن-۱۰_صورتهای مالی سال مالی منتهی به ۱۳۹۱_۱۲_۳۰ (حسابرسی شده).xlsx,ومعادن_۱۳۹۱_۱۲_۳۰_separate_ن-۱۰_صورتهای مالی سال مالی منتهی به ۱۳۹۱_۱۲_۳۰ (حسابرسی شده).xlsx,OLE2_LEGACY_EXCEL,.xlsx,119808,6188f63e0a15425f6ac79d92fa3e8809b649736a43b8455aba9b148af44cb3d7,OK,,1555,PAYLOAD_SUBSTANTIVE,,ومعادن,1391,1391/12/30,separate,audited,original,DETECTED,Sheet1,9,54,1391/12/30,Sheet1!R6C4,مقبول,UNQUALIFIED_FAIR_FORMULA|HEADING_CELL,Sheet1!R27C14,Sheet1!R28C2,,,1392/04/17,Sheet1!R47C23,,سرمایه گذاری توسعه معادن و فلزات
اکسل های صورت مالی کل زیپ ۱۳۹۲-۱۴۰۲.zip,ومعادن.zip,ومعادن.zip!ومعادن_۱۳۹۲_۱۲_۲۹_separate_ن-۱۰_صورتهای مالی سال مالی منتهی به ۱۳۹۲_۱۲_۲۹ (حسابرسی شده).xlsx,ومعادن_۱۳۹۲_۱۲_۲۹_separate_ن-۱۰_صورتهای مالی سال مالی منتهی به ۱۳۹۲_۱۲_۲۹ (حسابرسی شده).xlsx,OLE2_LEGACY_EXCEL,.xlsx,122368,7b5881d8028205ab966a386a3f207174d16795ebace5dee8876cd3dbf8da5d5c,OK,,1619,PAYLOAD_SUBSTANTIVE,,ومعادن,1392,1392/12/29,separate,audited,original,DETECTED,Sheet1,9,71,1392/12/29,Sheet1!R6C4,مقبول,UNQUALIFIED_FAIR_FORMULA|HEADING_CELL,Sheet1!R30C14,Sheet1!R31C2,,,1393/04/17,Sheet1!R63C23,,سرمایه گذاری توسعه معادن و فلزات
اکسل های صورت مالی کل زیپ ۱۳۹۲-۱۴۰۲.zip,ومعادن.zip,ومعادن.zip!ومعادن_۱۳۹۳_۱۲_۲۹_separate_ن-۱۰_صورتهای مالی سال مالی منتهی به ۱۳۹۳_۱۲_۲۹ (حسابرسی شده).xlsx,ومعادن_۱۳۹۳_۱۲_۲۹_separate_ن-۱۰_صورتهای مالی سال مالی منتهی به ۱۳۹۳_۱۲_۲۹ (حسابرسی شده).xlsx,OLE2_LEGACY_EXCEL,.xlsx,130048,a5f940276e6686a23272cb41766087b141267ef638ddd056971c952b8f436baf,OK,,1673,PAYLOAD_SUBSTANTIVE,,ومعادن,1393,1393/12/29,separate,audited,original,DETECTED,Sheet1,9,79,1393/12/29,Sheet1!R6C4,مشروط,QUALIFIED_FAIR_WITH_EXCEPTION|HEADING_CELL,Sheet1!R39C14,Sheet1!R40C2,,,1394/04/20,Sheet1!R71C23,,سرمایه گذاری توسعه معادن و فلزات
اکسل های صورت مالی کل زیپ ۱۳۹۲-۱۴۰۲.zip,ومعادن.zip,ومعادن.zip!ومعادن_۱۳۹۴_۱۲_۲۹_separate_ن-۱۰_صورت‌های مالی سال مالی منتهی به ۱۳۹۴_۱۲_۲۹ (حسابرسی شده).xlsx,ومعادن_۱۳۹۴_۱۲_۲۹_separate_ن-۱۰_صورت‌های مالی سال مالی منتهی به ۱۳۹۴_۱۲_۲۹ (حسابرسی شده).xlsx,OLE2_LEGACY_EXCEL,.xlsx,149504,de4652bb7f5b1f38ebb1f76316239153c61810abd72597c31ac58e6ee97f79cd,OK,,1870,PAYLOAD_SUBSTANTIVE,,ومعادن,1394,1394/12/29,separate,audited,original,DETECTED,Sheet1,9,77,1394/12/29,Sheet1!R6C4,مشروط,QUALIFIED_FAIR_WITH_EXCEPTION|HEADING_CELL,Sheet1!R33C14,Sheet1!R35C2,,,1395/04/20,Sheet1!R69C23,,سرمایه گذاری توسعه معادن و فلزات
اکسل های صورت مالی کل زیپ ۱۳۹۲-۱۴۰۲.zip,ومعادن.zip,ومعادن.zip!ومعادن_۱۳۹۵_۱۲_۳۰_separate_ن-۱۰_صورت‌های مالی سال مالی منتهی به ۱۳۹۵_۱۲_۳۰ (حسابرسی شده).xlsx,ومعادن_۱۳۹۵_۱۲_۳۰_separate_ن-۱۰_صورت‌های مالی سال مالی منتهی به ۱۳۹۵_۱۲_۳۰ (حسابرسی شده).xlsx,OLE2_LEGACY_EXCEL,.xlsx,140288,f2e0b7ab4266e0d4069619965c227767ea998467b509a401790a22d5cc61eca9,OK,,1722,PAYLOAD_SUBSTANTIVE,,ومعادن,1395,1395/12/30,separate,audited,original,DETECTED,Sheet1,11,83,1395/12/30,Sheet1!R8C4,مشروط,QUALIFIED_FAIR_WITH_EXCEPTION|HEADING_CELL,Sheet1!R37C12,Sheet1!R38C2,,,1396/04/25,Sheet1!R75C20,,سرمایه گذاری توسعه معادن و فلزات
اکسل های صورت مالی کل زیپ ۱۳۹۲-۱۴۰۲.zip,ومعادن.zip,ومعادن.zip!ومعادن_۱۳۹۶_۱۲_۲۹_separate_ن-۱۰_صورت‌های مالی سال مالی منتهی به ۱۳۹۶_۱۲_۲۹ (حسابرسی شده).xlsx,ومعادن_۱۳۹۶_۱۲_۲۹_separate_ن-۱۰_صورت‌های مالی سال مالی منتهی به ۱۳۹۶_۱۲_۲۹ (حسابرسی شده).xlsx,OLE2_LEGACY_EXCEL,.xlsx,140288,0a00fd7300a4024c1396c045cae32c23077fb480beea8b0932a0e5e4572fa671,OK,,1756,PAYLOAD_SUBSTANTIVE,,ومعادن,1396,1396/12/29,separate,audited,original,DETECTED,Sheet1,11,77,1396/12/29,Sheet1!R8C4,مقبول,UNQUALIFIED_FAIR_FORMULA|HEADING_CELL,Sheet1!R29C12,Sheet1!R30C2,,,1397/04/07,Sheet1!R68C20,,سرمایه گذاری توسعه معادن و فلزات
اکسل های صورت مالی کل زیپ ۱۳۹۲-۱۴۰۲.zip,ومعادن.zip,ومعادن.zip!ومعادن_۱۳۹۷_۱۲_۲۹_separate_ن-۱۰_صورت‌های مالی سال مالی منتهی به ۱۳۹۷_۱۲_۲۹ (حسابرسی شده).xlsx,ومعادن_۱۳۹۷_۱۲_۲۹_separate_ن-۱۰_صورت‌های مالی سال مالی منتهی به ۱۳۹۷_۱۲_۲۹ (حسابرسی شده).xlsx,OLE2_LEGACY_EXCEL,.xlsx,142336,09fe6a38d1dc8d35425c2450ecdc8cb726595dfa0ef2673e5df8326508550335,OK,,1831,PAYLOAD_SUBSTANTIVE,,ومعادن,1397,1397/12/29,separate,audited,original,DETECTED,Sheet1,11,72,1397/12/29,Sheet1!R8C4,مقبول,UNQUALIFIED_FAIR_FORMULA|HEADING_CELL,Sheet1!R30C12,Sheet1!R31C2,,,1398/04/09,Sheet1!R63C20,,سرمایه گذاری توسعه معادن و فلزات
اکسل های صورت مالی کل زیپ ۱۳۹۲-۱۴۰۲.zip,ومعادن.zip,ومعادن.zip!ومعادن_۱۳۹۸_۱۲_۲۹_separate_ن-۱۰_صورت‌های مالی سال مالی منتهی به ۱۳۹۸_۱۲_۲۹ (حسابرسی شده).xlsx,ومعادن_۱۳۹۸_۱۲_۲۹_separate_ن-۱۰_صورت‌های مالی سال مالی منتهی به ۱۳۹۸_۱۲_۲۹ (حسابرسی شده).xlsx,HTML_MISLABELED_XLSX,.xlsx,285558,5fd5d3aef6f60d2632354c6a3081ab62ad40c2981be06ae36c9602998757d62a,OK,,2030,PAYLOAD_SUBSTANTIVE,,ومعادن,1398,1398/12/29,separate,audited,original,NOT_DETECTED,,,,1398/12/29,HTML_TABLE_1!R1C2,,,,,,NO_AUDITOR_BLOCK_DETECTED,,,NO_AUDITOR_BLOCK_DETECTED,
اکسل های صورت مالی کل زیپ ۱۳۹۲-۱۴۰۲.zip,ومعادن.zip,ومعادن.zip!ومعادن_۱۳۹۹_۱۲_۳۰_separate_ن-۱۰_صورت‌های مالی سال مالی منتهی به ۱۳۹۹_۱۲_۳۰ (حسابرسی شده).xlsx,ومعادن_۱۳۹۹_۱۲_۳۰_separate_ن-۱۰_صورت‌های مالی سال مالی منتهی به ۱۳۹۹_۱۲_۳۰ (حسابرسی شده).xlsx,HTML_MISLABELED_XLSX,.xlsx,362628,8285d01d03f6002fdf764a50190ea31e01b5b0bb088b55f4da85e1f203c93ec6,OK,,1938,PAYLOAD_SUBSTANTIVE,,ومعادن,1399,1399/12/30,separate,audited,original,NOT_DETECTED,,,,1399/12/30,HTML_TABLE_2!R1C3,,,,,,NO_AUDITOR_BLOCK_DETECTED,,,NO_AUDITOR_BLOCK_DETECTED,
اکسل های صورت مالی کل زیپ ۱۳۹۲-۱۴۰۲.zip,ومعادن.zip,ومعادن.zip!ومعادن_۱۴۰۰_۱۲_۲۹_separate_ن-۱۰_صورت‌های مالی سال مالی منتهی به ۱۴۰۰_۱۲_۲۹ (حسابرسی شده).xlsx,ومعادن_۱۴۰۰_۱۲_۲۹_separate_ن-۱۰_صورت‌های مالی سال مالی منتهی به ۱۴۰۰_۱۲_۲۹ (حسابرسی شده).xlsx,HTML_MISLABELED_XLSX,.xlsx,385387,456093a8fa983579c86f6fdf43953455078465bca58261b46c8d2957469f837f,OK,,2077,PAYLOAD_SUBSTANTIVE,,ومعادن,1400,1400/12/29,separate,audited,original,NOT_DETECTED,,,,1400/12/29,HTML_TABLE_2!R1C3,,,,,,NO_AUDITOR_BLOCK_DETECTED,,,NO_AUDITOR_BLOCK_DETECTED,
اکسل های صورت مالی کل زیپ ۱۳۹۲-۱۴۰۲.zip,ومعادن.zip,ومعادن.zip!ومعادن_۱۴۰۱_۱۲_۲۹_separate_ن-۱۰_صورت‌های مالی سال مالی منتهی به ۱۴۰۱_۱۲_۲۹ (حسابرسی شده).xlsx,ومعادن_۱۴۰۱_۱۲_۲۹_separate_ن-۱۰_صورت‌های مالی سال مالی منتهی به ۱۴۰۱_۱۲_۲۹ (حسابرسی شده).xlsx,HTML_MISLABELED_XLSX,.xlsx,445205,1b8cce48dad0daa1a3cc255a91fe830f268473c2108584eb420fa72fe03dacc8,OK,,2357,PAYLOAD_SUBSTANTIVE,,ومعادن,1401,1401/12/29,separate,audited,original,NOT_DETECTED,,,,1401/12/29,HTML_TABLE_2!R1C3,,,,,,NO_AUDITOR_BLOCK_DETECTED,,,NO_AUDITOR_BLOCK_DETECTED,
اکسل های صورت مالی کل زیپ ۱۳۹۲-۱۴۰۲.zip,ومعادن.zip,ومعادن.zip!ومعادن_۱۴۰۲_۱۲_۲۹_separate_ن-۱۰_صورت‌های مالی سال مالی منتهی به ۱۴۰۲_۱۲_۲۹ (حسابرسی شده).xlsx,ومعادن_۱۴۰۲_۱۲_۲۹_separate_ن-۱۰_صورت‌های مالی سال مالی منتهی به ۱۴۰۲_۱۲_۲۹ (حسابرسی شده).xlsx,HTML_MISLABELED_XLSX,.xlsx,473193,b8b19568b1623c36a2e537126f925c148e571190b918fab3dcb55071803486d7,OK,,2543,PAYLOAD_SUBSTANTIVE,,ومعادن,1402,1402/12/29,separate,audited,original,NOT_DETECTED,,,,1402/12/29,HTML_TABLE_2!R1C3,,,,,,NO_AUDITOR_BLOCK_DETECTED,,,NO_AUDITOR_BLOCK_DETECTED,
اکسل های صورت مالی کل زیپ ۱۳۹۲-۱۴۰۲.zip,وملي.zip,وملي.zip!وملي_۱۳۹۱_۱۲_۳۰_separate_ن-۱۰_صورتهای مالی سال مالی منتهی به ۱۳۹۱_۱۲_۳۰ (حسابرسی شده).xlsx,وملي_۱۳۹۱_۱۲_۳۰_separate_ن-۱۰_صورتهای مالی سال مالی منتهی به ۱۳۹۱_۱۲_۳۰ (حسابرسی شده).xlsx,OLE2_LEGACY_EXCEL,.xlsx,66048,6ee039a04c69f16eb5b5adb7ab1feea06449d61fb2901b9054f49f41c46d0b2b,OK,,530,PAYLOAD_SUBSTANTIVE,,وملی,1391,1391/12/30,separate,audited,original,DETECTED,Sheet1,9,81,1391/12/30,Sheet1!R6C4,مشروط,QUALIFIED_FAIR_WITH_EXCEPTION|HEADING_CELL,Sheet1!R36C14,Sheet1!R37C2,,,1392/02/12,Sheet1!R74C23,,سرمایه گذاری گروه صنعتی ملی
اکسل های صورت مالی کل زیپ ۱۳۹۲-۱۴۰۲.zip,وملي.zip,وملي.zip!وملي_۱۳۹۲_۱۲_۲۹_separate_ن-۱۰_صورتهای مالی سال مالی منتهی به ۱۳۹۲_۱۲_۲۹ (حسابرسی شده).xlsx,وملي_۱۳۹۲_۱۲_۲۹_separate_ن-۱۰_صورتهای مالی سال مالی منتهی به ۱۳۹۲_۱۲_۲۹ (حسابرسی شده).xlsx,OLE2_LEGACY_EXCEL,.xlsx,44544,71a7021202e4d8ece527a9eb13f46f959049bffc156474570dd309fff499835f,OK,,308,PAYLOAD_SUBSTANTIVE,,وملی,1392,1392/12/29,separate,audited,original,DETECTED,Sheet1,9,65,1392/12/29,Sheet1!R6C4,مقبول,UNQUALIFIED_FAIR_FORMULA|HEADING_CELL,Sheet1!R28C14,Sheet1!R29C2,,,1393/02/14,Sheet1!R56C23,,سرمایه گذاری گروه صنعتی ملی
اکسل های صورت مالی کل زیپ ۱۳۹۲-۱۴۰۲.zip,وملي.zip,وملي.zip!وملي_۱۳۹۳_۱۲_۲۹_separate_ن-۱۰_صورتهای مالی سال مالی منتهی به ۱۳۹۳_۱۲_۲۹ (حسابرسی شده).xlsx,وملي_۱۳۹۳_۱۲_۲۹_separate_ن-۱۰_صورتهای مالی سال مالی منتهی به ۱۳۹۳_۱۲_۲۹ (حسابرسی شده).xlsx,OLE2_LEGACY_EXCEL,.xlsx,56320,891eea1e256b36722f40422c3494d055e04255d39dbf18e6806396ce91816da9,OK,,507,PAYLOAD_SUBSTANTIVE,,وملی,1393,1393/12/29,separate,audited,original,DETECTED,Sheet1,9,61,1393/12/29,Sheet1!R6C4,مقبول,UNQUALIFIED_FAIR_FORMULA|HEADING_CELL,Sheet1!R29C14,Sheet1!R30C2,,,1394/02/08,Sheet1!R53C23,,سرمایه گذاری گروه صنعتی ملی
اکسل های صورت مالی کل زیپ ۱۳۹۲-۱۴۰۲.zip,وملي.zip,وملي.zip!وملي_۱۳۹۴_۱۲_۲۹_separate_ن-۱۰_صورت‌های مالی سال مالی منتهی به ۱۳۹۴_۱۲_۲۹ (حسابرسی شده).xlsx,وملي_۱۳۹۴_۱۲_۲۹_separate_ن-۱۰_صورت‌های مالی سال مالی منتهی به ۱۳۹۴_۱۲_۲۹ (حسابرسی شده).xlsx,OLE2_LEGACY_EXCEL,.xlsx,45568,0db2f644fbc63aae3e5f371faa51b3c41f7608abf1c5f2aeaf0550a354ebfa7c,OK,,319,PAYLOAD_SUBSTANTIVE,,وملی,1394,1394/12/29,separate,audited,original,DETECTED,Sheet1,9,57,1394/12/29,Sheet1!R6C4,مقبول,UNQUALIFIED_FAIR_FORMULA|HEADING_CELL,Sheet1!R29C14,Sheet1!R30C2,,,1395/03/26,Sheet1!R49C23,,سرمایه گذاری گروه صنعتی ملی
اکسل های صورت مالی کل زیپ ۱۳۹۲-۱۴۰۲.zip,وملي.zip,وملي.zip!وملي_۱۳۹۵_۱۲_۳۰_separate_ن-۱۰_صورت‌های مالی سال مالی منتهی به ۱۳۹۵_۱۲_۳۰ (حسابرسی شده).xlsx,وملي_۱۳۹۵_۱۲_۳۰_separate_ن-۱۰_صورت‌های مالی سال مالی منتهی به ۱۳۹۵_۱۲_۳۰ (حسابرسی شده).xlsx,OLE2_LEGACY_EXCEL,.xlsx,87040,e0c8842da77bc61b0c43d21ae6d90d7613817970736d795418ce83d166d4d629,OK,,698,PAYLOAD_SUBSTANTIVE,,وملی,1395,1395/12/30,separate,audited,original,DETECTED,Sheet1,11,96,1395/12/30,Sheet1!R8C4,مشروط,QUALIFIED_FAIR_WITH_EXCEPTION|HEADING_CELL,Sheet1!R46C12,Sheet1!R47C2,,,1396/03/23,Sheet1!R87C20,,سرمایه گذاری گروه صنعتی ملی
اکسل های صورت مالی کل زیپ ۱۳۹۲-۱۴۰۲.zip,وملي.zip,وملي.zip!وملي_۱۳۹۶_۱۲_۲۹_separate_ن-۱۰_صورت‌های مالی سال مالی منتهی به ۱۳۹۶_۱۲_۲۹ (حسابرسی شده).xlsx,وملي_۱۳۹۶_۱۲_۲۹_separate_ن-۱۰_صورت‌های مالی سال مالی منتهی به ۱۳۹۶_۱۲_۲۹ (حسابرسی شده).xlsx,OLE2_LEGACY_EXCEL,.xlsx,74240,f2ce8c554982091179c0408c612eacbef7700965b6f77071274b2e2165167c1e,OK,,550,PAYLOAD_SUBSTANTIVE,,وملی,1396,1396/12/29,separate,audited,original,DETECTED,Sheet1,11,90,1396/12/29,Sheet1!R8C4,مشروط,QUALIFIED_FAIR_WITH_EXCEPTION|HEADING_CELL,Sheet1!R46C12,Sheet1!R47C2,,,1397/04/20,Sheet1!R81C20,,سرمایه گذاری گروه صنعتی ملی
اکسل های صورت مالی کل زیپ ۱۳۹۲-۱۴۰۲.zip,وملي.zip,وملي.zip!وملي_۱۳۹۷_۱۲_۲۹_separate_ن-۱۰_صورت‌های مالی سال مالی منتهی به ۱۳۹۷_۱۲_۲۹ (حسابرسی شده).xlsx,وملي_۱۳۹۷_۱۲_۲۹_separate_ن-۱۰_صورت‌های مالی سال مالی منتهی به ۱۳۹۷_۱۲_۲۹ (حسابرسی شده).xlsx,OLE2_LEGACY_EXCEL,.xlsx,83968,19cade6a2cedf6d7bad19f9746caef01da6c7f4152c15a4c9d1ae4744e261e51,OK,,715,PAYLOAD_SUBSTANTIVE,,وملی,1397,1397/12/29,separate,audited,original,DETECTED,Sheet1,11,83,1397/12/29,Sheet1!R8C4,مقبول,UNQUALIFIED_FAIR_FORMULA|HEADING_CELL,Sheet1!R29C12,Sheet1!R30C2,,,1398/03/16,Sheet1!R74C20,,سرمایه گذاری گروه صنعتی ملی
اکسل های صورت مالی کل زیپ ۱۳۹۲-۱۴۰۲.zip,وملي.zip,وملي.zip!وملي_۱۳۹۸_۱۲_۲۹_separate_ن-۱۰_صورت‌های مالی سال مالی منتهی به ۱۳۹۸_۱۲_۲۹ (حسابرسی شده).xlsx,وملي_۱۳۹۸_۱۲_۲۹_separate_ن-۱۰_صورت‌های مالی سال مالی منتهی به ۱۳۹۸_۱۲_۲۹ (حسابرسی شده).xlsx,HTML_MISLABELED_XLSX,.xlsx,189946,216a5e78e4464e638f8d209d532b7b9f489978b253baf09f7ea40d02c9f4ca85,OK,,797,PAYLOAD_SUBSTANTIVE,,وملی,1398,1398/12/29,separate,audited,original,NOT_DETECTED,,,,1398/12/29,HTML_TABLE_1!R1C2,,,,,,NO_AUDITOR_BLOCK_DETECTED,,,NO_AUDITOR_BLOCK_DETECTED,
اکسل های صورت مالی کل زیپ ۱۳۹۲-۱۴۰۲.zip,وملي.zip,وملي.zip!وملي_۱۳۹۹_۱۲_۳۰_separate_ن-۱۰_صورت‌های مالی سال مالی منتهی به ۱۳۹۹_۱۲_۳۰ (حسابرسی شده).xlsx,وملي_۱۳۹۹_۱۲_۳۰_separate_ن-۱۰_صورت‌های مالی سال مالی منتهی به ۱۳۹۹_۱۲_۳۰ (حسابرسی شده).xlsx,HTML_MISLABELED_XLSX,.xlsx,184914,830589d5b6b9f8277e27bfa5dcba5c6b35be7051fe0b0f466349be464a4ab057,OK,,803,PAYLOAD_SUBSTANTIVE,,وملی,1399,1399/12/30,separate,audited,original,NOT_DETECTED,,,,1399/12/30,HTML_TABLE_2!R1C3,,,,,,NO_AUDITOR_BLOCK_DETECTED,,,NO_AUDITOR_BLOCK_DETECTED,
اکسل های صورت مالی کل زیپ ۱۳۹۲-۱۴۰۲.zip,وملي.zip,وملي.zip!وملي_۱۳۹۹_۱۲_۳۰_separate_ن-۱۰_صورت‌های مالی سال مالی منتهی به ۱۳۹۹_۱۲_۳۰ (حسابرسی شده)(اصلاحیه).xlsx,وملي_۱۳۹۹_۱۲_۳۰_separate_ن-۱۰_صورت‌های مالی سال مالی منتهی به ۱۳۹۹_۱۲_۳۰ (حسابرسی شده)(اصلاحیه).xlsx,HTML_MISLABELED_XLSX,.xlsx,184914,63086eb72a4fc0a9e24aa032534dcd8f35119b91f813f5e1ca516d274df37b7f,OK,,803,PAYLOAD_SUBSTANTIVE,,وملی,1399,1399/12/30,separate,audited,correction,NOT_DETECTED,,,,1399/12/30,HTML_TABLE_2!R1C3,,,,,,NO_AUDITOR_BLOCK_DETECTED,,,NO_AUDITOR_BLOCK_DETECTED,
اکسل های صورت مالی کل زیپ ۱۳۹۲-۱۴۰۲.zip,وملي.zip,وملي.zip!وملي_۱۴۰۰_۱۲_۲۹_separate_ن-۱۰_صورت‌های مالی سال مالی منتهی به ۱۴۰۰_۱۲_۲۹ (حسابرسی شده).xlsx,وملي_۱۴۰۰_۱۲_۲۹_separate_ن-۱۰_صورت‌های مالی سال مالی منتهی به ۱۴۰۰_۱۲_۲۹ (حسابرسی شده).xlsx,HTML_MISLABELED_XLSX,.xlsx,183890,2d0a1c43cd4fdb67f66f7e421e87cd40b17fc32d6b46f53e07e3aeda621b6b0f,OK,,772,PAYLOAD_SUBSTANTIVE,,وملی,1400,1400/12/29,separate,audited,original,NOT_DETECTED,,,,1400/12/29,HTML_TABLE_2!R1C3,,,,,,NO_AUDITOR_BLOCK_DETECTED,,,NO_AUDITOR_BLOCK_DETECTED,فرعی مدیریت و توسعه ملی
اکسل های صورت مالی کل زیپ ۱۳۹۲-۱۴۰۲.zip,وملي.zip,وملي.zip!وملي_۱۴۰۰_۱۲_۲۹_separate_ن-۱۰_صورت‌های مالی سال مالی منتهی به ۱۴۰۰_۱۲_۲۹ (حسابرسی شده)(اصلاحیه).xlsx,وملي_۱۴۰۰_۱۲_۲۹_separate_ن-۱۰_صورت‌های مالی سال مالی منتهی به ۱۴۰۰_۱۲_۲۹ (حسابرسی شده)(اصلاحیه).xlsx,HTML_MISLABELED_XLSX,.xlsx,184043,e0e08e874a19e32644138609c85112909df75dc22e2b56f9e7d05786ba87d6f4,OK,,776,PAYLOAD_SUBSTANTIVE,,وملی,1400,1400/12/29,separate,audited,correction,NOT_DETECTED,,,,1400/12/29,HTML_TABLE_2!R1C3,,,,,,NO_AUDITOR_BLOCK_DETECTED,,,NO_AUDITOR_BLOCK_DETECTED,فرعی مدیریت و توسعه ملی
اکسل های صورت مالی کل زیپ ۱۳۹۲-۱۴۰۲.zip,وملي.zip,وملي.zip!وملي_۱۴۰۱_۱۲_۲۹_separate_ن-۱۰_صورت‌های مالی سال مالی منتهی به ۱۴۰۱_۱۲_۲۹ (حسابرسی شده).xlsx,وملي_۱۴۰۱_۱۲_۲۹_separate_ن-۱۰_صورت‌های مالی سال مالی منتهی به ۱۴۰۱_۱۲_۲۹ (حسابرسی شده).xlsx,HTML_MISLABELED_XLSX,.xlsx,79624,3b74d171998057fc2c17e8a78c869aad01cddface4a5919f9bda9831ec059cab,OK,,155,PAYLOAD_SUBSTANTIVE,,وملی,1401,1401/12/29,separate,audited,original,NOT_DETECTED,,,,1401/12/29,HTML_TABLE_4!R1C1,,,,,,NO_AUDITOR_BLOCK_DETECTED,,,NO_AUDITOR_BLOCK_DETECTED,فرعی مدیریت و توسعه ملی
اکسل های صورت مالی کل زیپ ۱۳۹۲-۱۴۰۲.zip,وملي.zip,وملي.zip!وملي_۱۴۰۲_۱۲_۲۹_separate_ن-۱۰_صورت‌های مالی سال مالی منتهی به ۱۴۰۲_۱۲_۲۹ (حسابرسی شده).xlsx,وملي_۱۴۰۲_۱۲_۲۹_separate_ن-۱۰_صورت‌های مالی سال مالی منتهی به ۱۴۰۲_۱۲_۲۹ (حسابرسی شده).xlsx,HTML_MISLABELED_XLSX,.xlsx,221625,1b5980e233fa07c2bd658835e3de20d59d4afeaa59a2b2099fb2aeb630345971,OK,,965,PAYLOAD_SUBSTANTIVE,,وملی,1402,1402/12/29,separate,audited,original,NOT_DETECTED,,,,1402/12/29,HTML_TABLE_2!R1C3,,,,,,NO_AUDITOR_BLOCK_DETECTED,,,NO_AUDITOR_BLOCK_DETECTED,فرعی مدیریت و توسعه ملی
اکسل های صورت مالی کل زیپ ۱۳۹۲-۱۴۰۲.zip,وملي.zip,وملي.zip!وملي_۱۴۰۲_۱۲_۲۹_separate_ن-۱۰_صورت‌های مالی سال مالی منتهی به ۱۴۰۲_۱۲_۲۹ (حسابرسی شده)(اصلاحیه).xlsx,وملي_۱۴۰۲_۱۲_۲۹_separate_ن-۱۰_صورت‌های مالی سال مالی منتهی به ۱۴۰۲_۱۲_۲۹ (حسابرسی شده)(اصلاحیه).xlsx,HTML_MISLABELED_XLSX,.xlsx,222521,649db9263bffb54ee0c5b66efdda3d7c97c88577b866c19af539583d3cfc0844,OK,,969,PAYLOAD_SUBSTANTIVE,,وملی,1402,1402/12/29,separate,audited,correction,NOT_DETECTED,,,,1402/12/29,HTML_TABLE_2!R1C3,,,,,,NO_AUDITOR_BLOCK_DETECTED,,,NO_AUDITOR_BLOCK_DETECTED,فرعی مدیریت و توسعه ملی
