row_key,ticker,fiscal_year,source_relative_path,source_file_type,auditor_block_status,auditor_block_sheet,auditor_block_start,auditor_block_end,block_span_rows,title_candidates_in_payload,sheets_with_title,structural_markers_in_block,opinion_in_block,heading_and_paragraph_same_sheet,date_in_block,reject_reasons
اپال|1396,اپال,1396,اپال.zip!اپال_۱۳۹۶_۱۰_۳۰_separate_ن-۱۰_صورت‌های مالی سال مالی منتهی به ۱۳۹۶_۱۰_۳۰ (حسابرسی شده).xlsx,HTML_MISLABELED_XLSX,NOT_DETECTED,,,,,0,0,0,NO,YES,NO,NO_AUDITOR_BLOCK_DETECTED;NO_AUDITOR_BLOCK_DETECTED
اپال|1397,اپال,1397,اپال.zip!اپال_۱۳۹۷_۱۰_۳۰_separate_ن-۱۰_صورت‌های مالی سال مالی منتهی به ۱۳۹۷_۱۰_۳۰ (حسابرسی شده).xlsx,HTML_MISLABELED_XLSX,NOT_DETECTED,,,,,0,0,0,NO,YES,NO,NO_AUDITOR_BLOCK_DETECTED;NO_AUDITOR_BLOCK_DETECTED
اپال|1398,اپال,1398,اپال.zip!اپال_۱۳۹۸_۱۰_۳۰_separate_ن-۱۰_صورت‌های مالی سال مالی منتهی به ۱۳۹۸_۱۰_۳۰ (حسابرسی شده).xlsx,HTML_MISLABELED_XLSX,NOT_DETECTED,,,,,0,0,0,NO,YES,NO,NO_AUDITOR_BLOCK_DETECTED;NO_AUDITOR_BLOCK_DETECTED
اپال|1399,اپال,1399,اپال.zip!اپال_۱۳۹۹_۱۰_۳۰_separate_ن-۱۰_صورت‌های مالی سال مالی منتهی به ۱۳۹۹_۱۰_۳۰ (حسابرسی شده).xlsx,HTML_MISLABELED_XLSX,NOT_DETECTED,,,,,0,0,0,NO,YES,NO,NO_AUDITOR_BLOCK_DETECTED;NO_AUDITOR_BLOCK_DETECTED
اپال|1400,اپال,1400,اپال.zip!اپال_۱۴۰۰_۱۰_۳۰_separate_ن-۱۰_صورت‌های مالی سال مالی منتهی به ۱۴۰۰_۱۰_۳۰ (حسابرسی شده).xlsx,HTML_MISLABELED_XLSX,NOT_DETECTED,,,,,0,0,0,NO,YES,NO,NO_AUDITOR_BLOCK_DETECTED;NO_AUDITOR_BLOCK_DETECTED
اپال|1401,اپال,1401,اپال.zip!اپال_۱۴۰۱_۱۰_۳۰_separate_ن-۱۰_صورت‌های مالی سال مالی منتهی به ۱۴۰۱_۱۰_۳۰ (حسابرسی شده).xlsx,HTML_MISLABELED_XLSX,NOT_DETECTED,,,,,0,0,0,NO,YES,NO,NO_AUDITOR_BLOCK_DETECTED;NO_AUDITOR_BLOCK_DETECTED
اپال|1402,اپال,1402,اپال.zip!اپال_۱۴۰۲_۱۰_۳۰_separate_ن-۱۰_صورت‌های مالی سال مالی منتهی به ۱۴۰۲_۱۰_۳۰ (حسابرسی شده).xlsx,HTML_MISLABELED_XLSX,NOT_DETECTED,,,,,0,0,0,NO,YES,NO,NO_AUDITOR_BLOCK_DETECTED;NO_AUDITOR_BLOCK_DETECTED
اروند|1395,اروند,1395,اروند.zip!اروند_۱۳۹۵_۱۲_۳۰_separate_ن-۱۰_صورت‌های مالی سال مالی منتهی به ۱۳۹۵_۱۲_۳۰ (حسابرسی شده).xlsx,HTML_MISLABELED_XLSX,NOT_DETECTED,,,,,0,0,0,NO,YES,NO,NO_AUDITOR_BLOCK_DETECTED;NO_AUDITOR_BLOCK_DETECTED
اروند|1396,اروند,1396,اروند.zip!اروند_۱۳۹۶_۱۲_۲۹_separate_ن-۱۰_صورت‌های مالی سال مالی منتهی به ۱۳۹۶_۱۲_۲۹ (حسابرسی شده).xlsx,HTML_MISLABELED_XLSX,NOT_DETECTED,,,,,0,0,0,NO,YES,NO,NO_AUDITOR_BLOCK_DETECTED;NO_AUDITOR_BLOCK_DETECTED
اروند|1399,اروند,1399,اروند.zip!اروند_۱۳۹۹_۱۲_۳۰_separate_ن-۱۰_صورت‌های مالی سال مالی منتهی به ۱۳۹۹_۱۲_۳۰ (حسابرسی شده).xlsx,HTML_MISLABELED_XLSX,NOT_DETECTED,,,,,0,0,0,NO,YES,NO,NO_AUDITOR_BLOCK_DETECTED;NO_AUDITOR_BLOCK_DETECTED
اروند|1400,اروند,1400,اروند.zip!اروند_۱۴۰۰_۱۲_۲۹_separate_ن-۱۰_صورت‌های مالی سال مالی منتهی به ۱۴۰۰_۱۲_۲۹ (حسابرسی شده).xlsx,HTML_MISLABELED_XLSX,NOT_DETECTED,,,,,0,0,0,NO,YES,NO,NO_AUDITOR_BLOCK_DETECTED;NO_AUDITOR_BLOCK_DETECTED
بالبر|1393,بالبر,1393,بالبر.zip!بالبر_۱۳۹۳_۰۶_۳۱_separate_ن-۱۰_صورتهای مالی سال مالی منتهی به ۱۳۹۳_۰۶_۳۱ (حسابرسی شده).xlsx,OLE2_LEGACY_EXCEL,DETECTED,Sheet1,9,103,95,1,1,14,YES,YES,YES,
بالبر|1394,بالبر,1394,بالبر.zip!بالبر_۱۳۹۴_۰۶_۳۱_separate_ن-۱۰_صورت‌های مالی سال مالی منتهی به ۱۳۹۴_۰۶_۳۱ (حسابرسی شده).xlsx,OLE2_LEGACY_EXCEL,DETECTED,Sheet1,9,98,90,1,1,13,YES,YES,YES,
بالبر|1395,بالبر,1395,بالبر.zip!بالبر_۱۳۹۵_۰۶_۳۱_separate_ن-۱۰_صورت‌های مالی سال مالی منتهی به ۱۳۹۵_۰۶_۳۱ (حسابرسی شده).xlsx,OLE2_LEGACY_EXCEL,DETECTED,Sheet1,11,100,90,1,1,14,YES,YES,YES,
بالبر|1396,بالبر,1396,بالبر.zip!بالبر_۱۳۹۶_۰۶_۳۱_separate_ن-۱۰_صورت‌های مالی سال مالی منتهی به ۱۳۹۶_۰۶_۳۱ (حسابرسی شده).xlsx,OLE2_LEGACY_EXCEL,DETECTED,Sheet1,11,93,83,1,1,14,YES,YES,YES,
بالبر|1397,بالبر,1397,بالبر.zip!بالبر_۱۳۹۷_۰۶_۳۱_separate_ن-۱۰_صورت‌های مالی سال مالی منتهی به ۱۳۹۷_۰۶_۳۱ (حسابرسی شده).xlsx,HTML_MISLABELED_XLSX,NOT_DETECTED,,,,,0,0,0,NO,YES,NO,NO_AUDITOR_BLOCK_DETECTED;NO_AUDITOR_BLOCK_DETECTED
بالبر|1398,بالبر,1398,بالبر.zip!بالبر_۱۳۹۸_۰۶_۳۱_separate_ن-۱۰_صورت‌های مالی سال مالی منتهی به ۱۳۹۸_۰۶_۳۱ (حسابرسی شده).xlsx,HTML_MISLABELED_XLSX,NOT_DETECTED,,,,,0,0,0,NO,YES,NO,NO_AUDITOR_BLOCK_DETECTED;NO_AUDITOR_BLOCK_DETECTED
بالبر|1399,بالبر,1399,بالبر.zip!بالبر_۱۳۹۹_۰۶_۳۱_separate_ن-۱۰_صورت‌های مالی سال مالی منتهی به ۱۳۹۹_۰۶_۳۱ (حسابرسی شده)(اصلاحیه).xlsx,HTML_MISLABELED_XLSX,NOT_DETECTED,,,,,0,0,0,NO,YES,NO,NO_AUDITOR_BLOCK_DETECTED;NO_AUDITOR_BLOCK_DETECTED
بالبر|1400,بالبر,1400,بالبر.zip!بالبر_۱۴۰۰_۰۶_۳۱_separate_ن-۱۰_صورت‌های مالی سال مالی منتهی به ۱۴۰۰_۰۶_۳۱ (حسابرسی شده).xlsx,HTML_MISLABELED_XLSX,NOT_DETECTED,,,,,0,0,0,NO,YES,NO,NO_AUDITOR_BLOCK_DETECTED;NO_AUDITOR_BLOCK_DETECTED
بالبر|1401,بالبر,1401,بالبر.zip!بالبر_۱۴۰۱_۰۶_۳۱_separate_ن-۱۰_صورت‌های مالی سال مالی منتهی به ۱۴۰۱_۰۶_۳۱ (حسابرسی شده).xlsx,HTML_MISLABELED_XLSX,NOT_DETECTED,,,,,0,0,0,NO,YES,NO,NO_AUDITOR_BLOCK_DETECTED;NO_AUDITOR_BLOCK_DETECTED
بالبر|1402,بالبر,1402,بالبر.zip!بالبر_۱۴۰۲_۰۶_۳۱_separate_ن-۱۰_صورت‌های مالی سال مالی منتهی به ۱۴۰۲_۰۶_۳۱ (حسابرسی شده).xlsx,HTML_MISLABELED_XLSX,NOT_DETECTED,,,,,0,0,0,NO,YES,NO,NO_AUDITOR_BLOCK_DETECTED;NO_AUDITOR_BLOCK_DETECTED
برکت|1394,برکت,1394,بركت.zip!بركت_۱۳۹۴_۱۲_۲۹_separate_ن-۱۰_صورت‌های مالی سال مالی منتهی به ۱۳۹۴_۱۲_۲۹ (حسابرسی شده).xlsx,OLE2_LEGACY_EXCEL,DETECTED,Sheet1,11,55,45,1,1,12,YES,YES,YES,
برکت|1395,برکت,1395,بركت.zip!بركت_۱۳۹۵_۱۲_۳۰_separate_ن-۱۰_صورت‌های مالی سال مالی منتهی به ۱۳۹۵_۱۲_۳۰ (حسابرسی شده).xlsx,OLE2_LEGACY_EXCEL,DETECTED,Sheet1,11,58,48,1,1,12,YES,YES,YES,
برکت|1396,برکت,1396,بركت.zip!بركت_۱۳۹۶_۱۲_۲۹_separate_ن-۱۰_صورت‌های مالی سال مالی منتهی به ۱۳۹۶_۱۲_۲۹ (حسابرسی شده).xlsx,OLE2_LEGACY_EXCEL,DETECTED,Sheet1,11,70,60,1,1,13,YES,YES,YES,
برکت|1397,برکت,1397,بركت.zip!بركت_۱۳۹۷_۱۲_۲۹_separate_ن-۱۰_صورت‌های مالی سال مالی منتهی به ۱۳۹۷_۱۲_۲۹ (حسابرسی شده).xlsx,OLE2_LEGACY_EXCEL,DETECTED,Sheet1,11,84,74,1,1,13,YES,YES,YES,
برکت|1398,برکت,1398,بركت.zip!بركت_۱۳۹۸_۱۲_۲۹_separate_ن-۱۰_صورت‌های مالی سال مالی منتهی به ۱۳۹۸_۱۲_۲۹ (حسابرسی شده).xlsx,HTML_MISLABELED_XLSX,NOT_DETECTED,,,,,0,0,0,NO,YES,NO,NO_AUDITOR_BLOCK_DETECTED;NO_AUDITOR_BLOCK_DETECTED
برکت|1399,برکت,1399,بركت.zip!بركت_۱۳۹۹_۱۲_۳۰_separate_ن-۱۰_صورت‌های مالی سال مالی منتهی به ۱۳۹۹_۱۲_۳۰ (حسابرسی شده).xlsx,HTML_MISLABELED_XLSX,NOT_DETECTED,,,,,0,0,0,NO,YES,NO,NO_AUDITOR_BLOCK_DETECTED;NO_AUDITOR_BLOCK_DETECTED
برکت|1400,برکت,1400,بركت.zip!بركت_۱۴۰۰_۱۲_۲۹_separate_ن-۱۰_صورت‌های مالی سال مالی منتهی به ۱۴۰۰_۱۲_۲۹ (حسابرسی شده).xlsx,HTML_MISLABELED_XLSX,NOT_DETECTED,,,,,0,0,0,NO,YES,NO,NO_AUDITOR_BLOCK_DETECTED;NO_AUDITOR_BLOCK_DETECTED
برکت|1401,برکت,1401,بركت.zip!بركت_۱۴۰۱_۱۲_۲۹_separate_ن-۱۰_صورت‌های مالی سال مالی منتهی به ۱۴۰۱_۱۲_۲۹ (حسابرسی شده).xlsx,HTML_MISLABELED_XLSX,NOT_DETECTED,,,,,0,0,0,NO,YES,NO,NO_AUDITOR_BLOCK_DETECTED;NO_AUDITOR_BLOCK_DETECTED
برکت|1402,برکت,1402,بركت.zip!بركت_۱۴۰۲_۱۲_۲۹_separate_ن-۱۰_صورت‌های مالی سال مالی منتهی به ۱۴۰۲_۱۲_۲۹ (حسابرسی شده).xlsx,HTML_MISLABELED_XLSX,NOT_DETECTED,,,,,0,0,0,NO,YES,NO,NO_AUDITOR_BLOCK_DETECTED;NO_AUDITOR_BLOCK_DETECTED
بکاب|1393,بکاب,1393,بكاب.zip!بكاب_۱۳۹۳_۰۶_۳۱_separate_ن-۱۰_صورتهای مالی سال مالی منتهی به ۱۳۹۳_۰۶_۳۱ (حسابرسی شده).xlsx,OLE2_LEGACY_EXCEL,DETECTED,Sheet1,9,99,91,1,1,14,YES,YES,YES,
بکاب|1394,بکاب,1394,بكاب.zip!بكاب_۱۳۹۴_۰۶_۳۱_separate_ن-۱۰_صورت‌های مالی سال مالی منتهی به ۱۳۹۴_۰۶_۳۱ (حسابرسی شده).xlsx,OLE2_LEGACY_EXCEL,DETECTED,Sheet1,9,96,88,1,1,13,YES,YES,YES,
بکاب|1395,بکاب,1395,بكاب.zip!بكاب_۱۳۹۵_۰۶_۳۱_separate_ن-۱۰_صورت‌های مالی سال مالی منتهی به ۱۳۹۵_۰۶_۳۱ (حسابرسی شده).xlsx,OLE2_LEGACY_EXCEL,DETECTED,Sheet1,11,98,88,1,1,13,YES,YES,YES,
بکاب|1396,بکاب,1396,بكاب.zip!بكاب_۱۳۹۶_۰۶_۳۱_separate_ن-۱۰_صورت‌های مالی سال مالی منتهی به ۱۳۹۶_۰۶_۳۱ (حسابرسی شده).xlsx,OLE2_LEGACY_EXCEL,DETECTED,Sheet1,11,90,80,1,1,13,YES,YES,YES,
بکاب|1397,بکاب,1397,بكاب.zip!بكاب_۱۳۹۷_۰۶_۳۱_separate_ن-۱۰_صورت‌های مالی سال مالی منتهی به ۱۳۹۷_۰۶_۳۱ (حسابرسی شده)(اصلاحیه).xlsx,HTML_MISLABELED_XLSX,NOT_DETECTED,,,,,0,0,0,NO,YES,NO,NO_AUDITOR_BLOCK_DETECTED;NO_AUDITOR_BLOCK_DETECTED
بکاب|1398,بکاب,1398,بكاب.zip!بكاب_۱۳۹۸_۰۶_۳۱_separate_ن-۱۰_صورت‌های مالی سال مالی منتهی به ۱۳۹۸_۰۶_۳۱ (حسابرسی شده).xlsx,HTML_MISLABELED_XLSX,NOT_DETECTED,,,,,0,0,0,NO,YES,NO,NO_AUDITOR_BLOCK_DETECTED;NO_AUDITOR_BLOCK_DETECTED
بکاب|1399,بکاب,1399,بكاب.zip!بكاب_۱۳۹۹_۰۶_۳۱_separate_ن-۱۰_صورت‌های مالی سال مالی منتهی به ۱۳۹۹_۰۶_۳۱ (حسابرسی شده).xlsx,HTML_MISLABELED_XLSX,NOT_DETECTED,,,,,0,0,0,NO,YES,NO,NO_AUDITOR_BLOCK_DETECTED;NO_AUDITOR_BLOCK_DETECTED
بکاب|1400,بکاب,1400,بكاب.zip!بكاب_۱۴۰۰_۰۶_۳۱_separate_ن-۱۰_صورت‌های مالی سال مالی منتهی به ۱۴۰۰_۰۶_۳۱ (حسابرسی شده).xlsx,HTML_MISLABELED_XLSX,NOT_DETECTED,,,,,0,0,0,NO,YES,NO,NO_AUDITOR_BLOCK_DETECTED;NO_AUDITOR_BLOCK_DETECTED
بکاب|1401,بکاب,1401,بكاب.zip!بكاب_۱۴۰۱_۰۶_۳۱_separate_ن-۱۰_صورت‌های مالی سال مالی منتهی به ۱۴۰۱_۰۶_۳۱ (حسابرسی شده).xlsx,HTML_MISLABELED_XLSX,NOT_DETECTED,,,,,0,0,0,NO,YES,NO,NO_AUDITOR_BLOCK_DETECTED;NO_AUDITOR_BLOCK_DETECTED
بکاب|1402,بکاب,1402,بكاب.zip!بكاب_۱۴۰۲_۰۶_۳۱_separate_ن-۱۰_صورت‌های مالی سال مالی منتهی به ۱۴۰۲_۰۶_۳۱ (حسابرسی شده).xlsx,HTML_MISLABELED_XLSX,NOT_DETECTED,,,,,0,0,0,NO,YES,NO,NO_AUDITOR_BLOCK_DETECTED;NO_AUDITOR_BLOCK_DETECTED
بکام|1393,بکام,1393,بكام.zip!بكام_۱۳۹۳_۱۲_۲۹_separate_ن-۱۰_صورتهای مالی سال مالی منتهی به ۱۳۹۳_۱۲_۲۹ (حسابرسی شده).xlsx,OLE2_LEGACY_EXCEL,DETECTED,Sheet1,9,139,131,1,1,14,YES,YES,YES,
بکام|1394,بکام,1394,بكام.zip!بكام_۱۳۹۴_۱۲_۲۹_separate_ن-۱۰_صورت‌های مالی سال مالی منتهی به ۱۳۹۴_۱۲_۲۹ (حسابرسی شده).xlsx,OLE2_LEGACY_EXCEL,DETECTED,Sheet1,9,117,109,1,1,13,YES,YES,YES,
بموتو|1392,بموتو,1392,بموتو.zip!بموتو_۱۳۹۲_۰۶_۳۱_separate_ن-۱۰_صورتهای مالی سال مالی منتهی به ۱۳۹۲_۰۶_۳۱ (حسابرسی شده).xlsx,OLE2_LEGACY_EXCEL,DETECTED,Sheet1,9,58,50,1,1,11,YES,YES,YES,
بموتو|1393,بموتو,1393,بموتو.zip!بموتو_۱۳۹۳_۰۶_۳۱_separate_ن-۱۰_صورتهای مالی سال مالی منتهی به ۱۳۹۳_۰۶_۳۱ (حسابرسی شده).xlsx,OLE2_LEGACY_EXCEL,DETECTED,Sheet1,9,56,48,1,1,11,YES,YES,YES,
بموتو|1394,بموتو,1394,بموتو.zip!بموتو_۱۳۹۴_۰۶_۳۱_separate_ن-۱۰_صورت‌های مالی سال مالی منتهی به ۱۳۹۴_۰۶_۳۱ (حسابرسی شده).xlsx,OLE2_LEGACY_EXCEL,DETECTED,Sheet1,9,58,50,1,1,12,YES,YES,YES,
بوعلی|1393,بوعلی,1393,بوعلي.zip!بوعلي_۱۳۹۳_۱۲_۲۹_separate_ن-۱۰_صورتهای مالی سال مالی منتهی به ۱۳۹۳_۱۲_۲۹ (حسابرسی شده).xlsx,OLE2_LEGACY_EXCEL,DETECTED,Sheet1,9,78,70,1,1,12,YES,YES,YES,
بوعلی|1394,بوعلی,1394,بوعلي.zip!بوعلي_۱۳۹۴_۱۲_۲۹_separate_ن-۱۰_صورت‌های مالی سال مالی منتهی به ۱۳۹۴_۱۲_۲۹ (حسابرسی شده).xlsx,OLE2_LEGACY_EXCEL,DETECTED,Sheet1,9,68,60,1,1,12,YES,YES,YES,
بوعلی|1395,بوعلی,1395,بوعلي.zip!بوعلي_۱۳۹۵_۱۲_۳۰_separate_ن-۱۰_صورت‌های مالی سال مالی منتهی به ۱۳۹۵_۱۲_۳۰ (حسابرسی شده).xlsx,OLE2_LEGACY_EXCEL,DETECTED,Sheet1,11,63,53,1,1,13,YES,YES,YES,
بوعلی|1396,بوعلی,1396,بوعلي.zip!بوعلي_۱۳۹۶_۱۲_۲۹_separate_ن-۱۰_صورت‌های مالی سال مالی منتهی به ۱۳۹۶_۱۲_۲۹ (حسابرسی شده).xlsx,OLE2_LEGACY_EXCEL,DETECTED,Sheet1,11,76,66,1,1,13,YES,YES,YES,
بوعلی|1397,بوعلی,1397,بوعلي.zip!بوعلي_۱۳۹۷_۱۲_۲۹_separate_ن-۱۰_صورت‌های مالی سال مالی منتهی به ۱۳۹۷_۱۲_۲۹ (حسابرسی شده)(اصلاحیه).xlsx,HTML_MISLABELED_XLSX,NOT_DETECTED,,,,,0,0,0,NO,YES,NO,NO_AUDITOR_BLOCK_DETECTED;NO_AUDITOR_BLOCK_DETECTED
بوعلی|1398,بوعلی,1398,بوعلي.zip!بوعلي_۱۳۹۸_۱۲_۲۹_separate_ن-۱۰_صورت‌های مالی سال مالی منتهی به ۱۳۹۸_۱۲_۲۹ (حسابرسی شده).xlsx,HTML_MISLABELED_XLSX,NOT_DETECTED,,,,,0,0,0,NO,YES,NO,NO_AUDITOR_BLOCK_DETECTED;NO_AUDITOR_BLOCK_DETECTED
بوعلی|1399,بوعلی,1399,بوعلي.zip!بوعلي_۱۳۹۹_۱۲_۳۰_separate_ن-۱۰_صورت‌های مالی سال مالی منتهی به ۱۳۹۹_۱۲_۳۰ (حسابرسی شده).xlsx,HTML_MISLABELED_XLSX,NOT_DETECTED,,,,,0,0,0,NO,YES,NO,NO_AUDITOR_BLOCK_DETECTED;NO_AUDITOR_BLOCK_DETECTED
بوعلی|1400,بوعلی,1400,بوعلي.zip!بوعلي_۱۴۰۰_۱۲_۲۹_separate_ن-۱۰_صورت‌های مالی سال مالی منتهی به ۱۴۰۰_۱۲_۲۹ (حسابرسی شده).xlsx,HTML_MISLABELED_XLSX,NOT_DETECTED,,,,,0,0,0,NO,YES,NO,NO_AUDITOR_BLOCK_DETECTED;NO_AUDITOR_BLOCK_DETECTED
بوعلی|1401,بوعلی,1401,بوعلي.zip!بوعلي_۱۴۰۱_۱۲_۲۹_separate_ن-۱۰_صورت‌های مالی سال مالی منتهی به ۱۴۰۱_۱۲_۲۹ (حسابرسی شده).xlsx,HTML_MISLABELED_XLSX,NOT_DETECTED,,,,,0,0,0,NO,YES,NO,NO_AUDITOR_BLOCK_DETECTED;NO_AUDITOR_BLOCK_DETECTED
بوعلی|1402,بوعلی,1402,بوعلي.zip!بوعلي_۱۴۰۲_۱۲_۲۹_separate_ن-۱۰_صورت‌های مالی سال مالی منتهی به ۱۴۰۲_۱۲_۲۹ (حسابرسی شده).xlsx,HTML_MISLABELED_XLSX,NOT_DETECTED,,,,,0,0,0,NO,YES,NO,NO_AUDITOR_BLOCK_DETECTED;NO_AUDITOR_BLOCK_DETECTED
بترانس|1393,بترانس,1393,بترانس.zip!بترانس_۱۳۹۳_۱۲_۲۹_separate_ن-۱۰_صورتهای مالی سال مالی منتهی به ۱۳۹۳_۱۲_۲۹ (حسابرسی شده).xlsx,OLE2_LEGACY_EXCEL,DETECTED,Sheet1,9,111,103,1,1,12,YES,YES,YES,
چافست|1393,چافست,1393,چافست.zip!چافست_۱۳۹۳_۰۶_۳۱_separate_ن-۱۰_صورتهای مالی سال مالی منتهی به ۱۳۹۳_۰۶_۳۱ (حسابرسی شده).xlsx,OLE2_LEGACY_EXCEL,DETECTED,Sheet1,9,81,73,1,1,13,YES,YES,YES,
چافست|1394,چافست,1394,چافست.zip!چافست_۱۳۹۴_۰۶_۳۱_separate_ن-۱۰_صورت‌های مالی سال مالی منتهی به ۱۳۹۴_۰۶_۳۱ (حسابرسی شده).xlsx,OLE2_LEGACY_EXCEL,DETECTED,Sheet1,9,69,61,1,1,12,YES,YES,YES,
چافست|1395,چافست,1395,چافست.zip!چافست_۱۳۹۵_۰۶_۳۱_separate_ن-۱۰_صورت‌های مالی سال مالی منتهی به ۱۳۹۵_۰۶_۳۱ (حسابرسی شده).xlsx,OLE2_LEGACY_EXCEL,DETECTED,Sheet1,9,59,51,1,1,12,YES,YES,YES,
چکارن|1393,چکارن,1393,چكارن.zip!چكارن_۱۳۹۳_۱۲_۲۹_separate_ن-۱۰_صورتهای مالی سال مالی منتهی به ۱۳۹۳_۱۲_۲۹ (حسابرسی شده).xlsx,OLE2_LEGACY_EXCEL,DETECTED,Sheet1,9,52,44,1,1,11,YES,YES,YES,
چکارن|1394,چکارن,1394,چكارن.zip!چكارن_۱۳۹۴_۱۲_۲۹_separate_ن-۱۰_صورت‌های مالی سال مالی منتهی به ۱۳۹۴_۱۲_۲۹ (حسابرسی شده).xlsx,OLE2_LEGACY_EXCEL,DETECTED,Sheet1,9,57,49,1,1,11,YES,YES,YES,
چکارن|1395,چکارن,1395,چكارن.zip!چكارن_۱۳۹۵_۱۲_۳۰_separate_ن-۱۰_صورت‌های مالی سال مالی منتهی به ۱۳۹۵_۱۲_۳۰ (حسابرسی شده).xlsx,OLE2_LEGACY_EXCEL,DETECTED,Sheet1,11,61,51,1,1,11,YES,YES,YES,
چکارن|1396,چکارن,1396,چكارن.zip!چكارن_۱۳۹۶_۱۲_۲۹_separate_ن-۱۰_صورت‌های مالی سال مالی منتهی به ۱۳۹۶_۱۲_۲۹ (حسابرسی شده).xlsx,OLE2_LEGACY_EXCEL,DETECTED,Sheet1,11,107,97,1,1,15,YES,YES,YES,
ددام|1393,ددام,1393,ددام.zip!ددام_۱۳۹۳_۱۲_۲۹_separate_ن-۱۰_صورتهای مالی سال مالی منتهی به ۱۳۹۳_۱۲_۲۹ (حسابرسی شده).xlsx,OLE2_LEGACY_EXCEL,DETECTED,Sheet1,9,73,65,1,1,12,YES,YES,YES,
ددام|1394,ددام,1394,ددام.zip!ددام_۱۳۹۴_۱۲_۲۹_separate_ن-۱۰_صورت‌های مالی سال مالی منتهی به ۱۳۹۴_۱۲_۲۹ (حسابرسی شده).xlsx,OLE2_LEGACY_EXCEL,DETECTED,Sheet1,9,70,62,1,1,12,YES,YES,YES,
ددام|1395,ددام,1395,ددام.zip!ددام_۱۳۹۵_۱۲_۳۰_separate_ن-۱۰_صورت‌های مالی سال مالی منتهی به ۱۳۹۵_۱۲_۳۰ (حسابرسی شده).xlsx,OLE2_LEGACY_EXCEL,DETECTED,Sheet1,11,106,96,1,1,14,YES,YES,YES,
ددام|1396,ددام,1396,ددام.zip!ددام_۱۳۹۶_۱۲_۲۹_separate_ن-۱۰_صورت‌های مالی سال مالی منتهی به ۱۳۹۶_۱۲_۲۹ (حسابرسی شده).xlsx,OLE2_LEGACY_EXCEL,DETECTED,Sheet1,11,68,58,1,1,14,YES,YES,YES,
ددام|1397,ددام,1397,ددام.zip!ددام_۱۳۹۷_۱۲_۲۹_separate_ن-۱۰_صورت‌های مالی سال مالی منتهی به ۱۳۹۷_۱۲_۲۹ (حسابرسی شده).xlsx,HTML_MISLABELED_XLSX,NOT_DETECTED,,,,,0,0,0,NO,YES,NO,NO_AUDITOR_BLOCK_DETECTED;NO_AUDITOR_BLOCK_DETECTED
ددام|1398,ددام,1398,ددام.zip!ددام_۱۳۹۸_۱۲_۲۹_separate_ن-۱۰_صورت‌های مالی سال مالی منتهی به ۱۳۹۸_۱۲_۲۹ (حسابرسی شده).xlsx,HTML_MISLABELED_XLSX,NOT_DETECTED,,,,,0,0,0,NO,YES,NO,NO_AUDITOR_BLOCK_DETECTED;NO_AUDITOR_BLOCK_DETECTED
ددام|1399,ددام,1399,ددام.zip!ددام_۱۳۹۹_۱۲_۳۰_separate_ن-۱۰_صورت‌های مالی سال مالی منتهی به ۱۳۹۹_۱۲_۳۰ (حسابرسی شده).xlsx,HTML_MISLABELED_XLSX,NOT_DETECTED,,,,,0,0,0,NO,YES,NO,NO_AUDITOR_BLOCK_DETECTED;NO_AUDITOR_BLOCK_DETECTED
ددام|1400,ددام,1400,ددام.zip!ددام_۱۴۰۰_۱۲_۲۹_separate_ن-۱۰_صورت‌های مالی سال مالی منتهی به ۱۴۰۰_۱۲_۲۹ (حسابرسی شده).xlsx,HTML_MISLABELED_XLSX,NOT_DETECTED,,,,,0,0,0,NO,YES,NO,NO_AUDITOR_BLOCK_DETECTED;NO_AUDITOR_BLOCK_DETECTED
ددام|1401,ددام,1401,ددام.zip!ددام_۱۴۰۱_۱۲_۲۹_separate_ن-۱۰_صورت‌های مالی سال مالی منتهی به ۱۴۰۱_۱۲_۲۹ (حسابرسی شده).xlsx,HTML_MISLABELED_XLSX,NOT_DETECTED,,,,,0,0,0,NO,YES,NO,NO_AUDITOR_BLOCK_DETECTED;NO_AUDITOR_BLOCK_DETECTED
ددام|1402,ددام,1402,ددام.zip!ددام_۱۴۰۲_۱۲_۲۹_separate_ن-۱۰_صورت‌های مالی سال مالی منتهی به ۱۴۰۲_۱۲_۲۹ (حسابرسی شده).xlsx,HTML_MISLABELED_XLSX,NOT_DETECTED,,,,,0,0,0,NO,YES,NO,NO_AUDITOR_BLOCK_DETECTED;NO_AUDITOR_BLOCK_DETECTED
دیران|1392,دیران,1392,ديران.zip!ديران_۱۳۹۲_۱۲_۲۹_separate_ن-۱۰_صورتهای مالی سال مالی منتهی به ۱۳۹۲_۱۲_۲۹ (حسابرسی شده).xlsx,OLE2_LEGACY_EXCEL,DETECTED,Sheet1,9,60,52,1,1,11,YES,YES,YES,
دیران|1393,دیران,1393,ديران.zip!ديران_۱۳۹۳_۱۲_۲۹_separate_ن-۱۰_صورتهای مالی سال مالی منتهی به ۱۳۹۳_۱۲_۲۹ (حسابرسی شده).xlsx,OLE2_LEGACY_EXCEL,DETECTED,Sheet1,9,54,46,1,1,11,YES,YES,YES,
دیران|1394,دیران,1394,ديران.zip!ديران_۱۳۹۴_۱۲_۲۹_separate_ن-۱۰_صورت‌های مالی سال مالی منتهی به ۱۳۹۴_۱۲_۲۹ (حسابرسی شده).xlsx,OLE2_LEGACY_EXCEL,DETECTED,Sheet1,9,56,48,1,1,11,YES,YES,YES,
دیران|1395,دیران,1395,ديران.zip!ديران_۱۳۹۵_۱۲_۳۰_separate_ن-۱۰_صورت‌های مالی سال مالی منتهی به ۱۳۹۵_۱۲_۳۰ (حسابرسی شده).xlsx,OLE2_LEGACY_EXCEL,DETECTED,Sheet1,11,62,52,1,1,12,YES,YES,YES,
دیران|1396,دیران,1396,ديران.zip!ديران_۱۳۹۶_۱۲_۲۹_separate_ن-۱۰_صورت‌های مالی سال مالی منتهی به ۱۳۹۶_۱۲_۲۹ (حسابرسی شده).xlsx,OLE2_LEGACY_EXCEL,DETECTED,Sheet1,11,85,75,1,1,13,YES,YES,YES,
دیران|1397,دیران,1397,ديران.zip!ديران_۱۳۹۷_۱۲_۲۹_separate_ن-۱۰_صورت‌های مالی سال مالی منتهی به ۱۳۹۷_۱۲_۲۹ (حسابرسی شده).xlsx,HTML_MISLABELED_XLSX,NOT_DETECTED,,,,,0,0,0,NO,YES,NO,NO_AUDITOR_BLOCK_DETECTED;NO_AUDITOR_BLOCK_DETECTED
دیران|1399,دیران,1399,ديران.zip!ديران_۱۳۹۹_۰۹_۳۰_separate_ن-۱۰_صورت‌های مالی سال مالی منتهی به ۱۳۹۹_۰۹_۳۰ (حسابرسی شده).xlsx,HTML_MISLABELED_XLSX,NOT_DETECTED,,,,,0,0,0,NO,YES,NO,NO_AUDITOR_BLOCK_DETECTED;NO_AUDITOR_BLOCK_DETECTED
دیران|1400,دیران,1400,ديران.zip!ديران_۱۴۰۰_۰۹_۳۰_separate_ن-۱۰_صورت‌های مالی سال مالی منتهی به ۱۴۰۰_۰۹_۳۰ (حسابرسی شده).xlsx,HTML_MISLABELED_XLSX,NOT_DETECTED,,,,,0,0,0,NO,YES,NO,NO_AUDITOR_BLOCK_DETECTED;NO_AUDITOR_BLOCK_DETECTED
دیران|1401,دیران,1401,ديران.zip!ديران_۱۴۰۱_۰۹_۳۰_separate_ن-۱۰_صورت‌های مالی سال مالی منتهی به ۱۴۰۱_۰۹_۳۰ (حسابرسی شده).xlsx,HTML_MISLABELED_XLSX,NOT_DETECTED,,,,,0,0,0,NO,YES,NO,NO_AUDITOR_BLOCK_DETECTED;NO_AUDITOR_BLOCK_DETECTED
دیران|1402,دیران,1402,ديران.zip!ديران_۱۴۰۲_۰۹_۳۰_separate_ن-۱۰_صورت‌های مالی سال مالی منتهی به ۱۴۰۲_۰۹_۳۰ (حسابرسی شده).xlsx,HTML_MISLABELED_XLSX,NOT_DETECTED,,,,,0,0,0,NO,YES,NO,NO_AUDITOR_BLOCK_DETECTED;NO_AUDITOR_BLOCK_DETECTED
درازک|1393,درازک,1393,درازك.zip!درازك_۱۳۹۳_۱۲_۲۹_separate_ن-۱۰_صورتهای مالی سال مالی منتهی به ۱۳۹۳_۱۲_۲۹ (حسابرسی شده).xlsx,OLE2_LEGACY_EXCEL,DETECTED,Sheet1,9,69,61,1,1,14,YES,YES,YES,
درازک|1394,درازک,1394,درازك.zip!درازك_۱۳۹۴_۱۲_۲۹_separate_ن-۱۰_صورت‌های مالی سال مالی منتهی به ۱۳۹۴_۱۲_۲۹ (حسابرسی شده).xlsx,OLE2_LEGACY_EXCEL,DETECTED,Sheet1,9,69,61,1,1,12,YES,YES,YES,
درازک|1395,درازک,1395,درازك.zip!درازك_۱۳۹۵_۱۲_۳۰_separate_ن-۱۰_صورت‌های مالی سال مالی منتهی به ۱۳۹۵_۱۲_۳۰ (حسابرسی شده).xlsx,OLE2_LEGACY_EXCEL,DETECTED,Sheet1,11,66,56,1,1,13,YES,YES,YES,
درازک|1396,درازک,1396,درازك.zip!درازك_۱۳۹۶_۱۲_۲۹_separate_ن-۱۰_صورت‌های مالی سال مالی منتهی به ۱۳۹۶_۱۲_۲۹ (حسابرسی شده).xlsx,OLE2_LEGACY_EXCEL,DETECTED,Sheet1,11,67,57,1,1,13,YES,YES,YES,
درازک|1397,درازک,1397,درازك.zip!درازك_۱۳۹۷_۱۲_۲۹_separate_ن-۱۰_صورت‌های مالی سال مالی منتهی به ۱۳۹۷_۱۲_۲۹ (حسابرسی شده).xlsx,HTML_MISLABELED_XLSX,NOT_DETECTED,,,,,0,0,0,NO,YES,NO,NO_AUDITOR_BLOCK_DETECTED;NO_AUDITOR_BLOCK_DETECTED
درازک|1398,درازک,1398,درازك.zip!درازك_۱۳۹۸_۱۲_۲۹_separate_ن-۱۰_صورت‌های مالی سال مالی منتهی به ۱۳۹۸_۱۲_۲۹ (حسابرسی شده).xlsx,HTML_MISLABELED_XLSX,NOT_DETECTED,,,,,0,0,0,NO,YES,NO,NO_AUDITOR_BLOCK_DETECTED;NO_AUDITOR_BLOCK_DETECTED
دروز|1392,دروز,1392,دروز.zip!دروز_۱۳۹۲_۱۲_۲۹_separate_ن-۱۰_صورتهای مالی سال مالی منتهی به ۱۳۹۲_۱۲_۲۹ (حسابرسی شده).xlsx,OLE2_LEGACY_EXCEL,DETECTED,Sheet1,9,81,73,1,1,12,YES,YES,YES,
دروز|1393,دروز,1393,دروز.zip!دروز_۱۳۹۳_۱۲_۲۹_separate_ن-۱۰_صورتهای مالی سال مالی منتهی به ۱۳۹۳_۱۲_۲۹ (حسابرسی شده).xlsx,OLE2_LEGACY_EXCEL,DETECTED,Sheet1,9,67,59,1,1,14,YES,YES,YES,
دروز|1394,دروز,1394,دروز.zip!دروز_۱۳۹۴_۱۲_۲۹_separate_ن-۱۰_صورت‌های مالی سال مالی منتهی به ۱۳۹۴_۱۲_۲۹ (حسابرسی شده).xlsx,OLE2_LEGACY_EXCEL,DETECTED,Sheet1,9,75,67,1,1,13,YES,YES,YES,
دروز|1395,دروز,1395,دروز.zip!دروز_۱۳۹۵_۱۲_۳۰_separate_ن-۱۰_صورت‌های مالی سال مالی منتهی به ۱۳۹۵_۱۲_۳۰ (حسابرسی شده).xlsx,OLE2_LEGACY_EXCEL,DETECTED,Sheet1,11,76,66,1,1,12,YES,YES,YES,
دروز|1396,دروز,1396,دروز.zip!دروز_۱۳۹۶_۱۲_۲۹_separate_ن-۱۰_صورت‌های مالی سال مالی منتهی به ۱۳۹۶_۱۲_۲۹ (حسابرسی شده).xlsx,OLE2_LEGACY_EXCEL,DETECTED,Sheet1,11,81,71,1,1,14,YES,YES,YES,
دروز|1397,دروز,1397,دروز.zip!دروز_۱۳۹۷_۱۲_۲۹_separate_ن-۱۰_صورت‌های مالی سال مالی منتهی به ۱۳۹۷_۱۲_۲۹ (حسابرسی شده).xlsx,HTML_MISLABELED_XLSX,NOT_DETECTED,,,,,0,0,0,NO,YES,NO,NO_AUDITOR_BLOCK_DETECTED;NO_AUDITOR_BLOCK_DETECTED
دروز|1398,دروز,1398,دروز.zip!دروز_۱۳۹۸_۱۲_۲۹_separate_ن-۱۰_صورت‌های مالی سال مالی منتهی به ۱۳۹۸_۱۲_۲۹ (حسابرسی شده).xlsx,HTML_MISLABELED_XLSX,NOT_DETECTED,,,,,0,0,0,NO,YES,NO,NO_AUDITOR_BLOCK_DETECTED;NO_AUDITOR_BLOCK_DETECTED
دروز|1399,دروز,1399,دروز.zip!دروز_۱۳۹۹_۱۲_۳۰_separate_ن-۱۰_صورت‌های مالی سال مالی منتهی به ۱۳۹۹_۱۲_۳۰ (حسابرسی شده).xlsx,HTML_MISLABELED_XLSX,NOT_DETECTED,,,,,0,0,0,NO,YES,NO,NO_AUDITOR_BLOCK_DETECTED;NO_AUDITOR_BLOCK_DETECTED
دروز|1400,دروز,1400,دروز.zip!دروز_۱۴۰۰_۱۲_۲۹_separate_ن-۱۰_صورت‌های مالی سال مالی منتهی به ۱۴۰۰_۱۲_۲۹ (حسابرسی شده).xlsx,HTML_MISLABELED_XLSX,NOT_DETECTED,,,,,0,0,0,NO,YES,NO,NO_AUDITOR_BLOCK_DETECTED;NO_AUDITOR_BLOCK_DETECTED
دروز|1401,دروز,1401,دروز.zip!دروز_۱۴۰۱_۱۲_۲۹_separate_ن-۱۰_صورت‌های مالی سال مالی منتهی به ۱۴۰۱_۱۲_۲۹ (حسابرسی شده).xlsx,HTML_MISLABELED_XLSX,NOT_DETECTED,,,,,0,0,0,NO,YES,NO,NO_AUDITOR_BLOCK_DETECTED;NO_AUDITOR_BLOCK_DETECTED
دروز|1402,دروز,1402,دروز.zip!دروز_۱۴۰۲_۱۲_۲۹_separate_ن-۱۰_صورت‌های مالی سال مالی منتهی به ۱۴۰۲_۱۲_۲۹ (حسابرسی شده).xlsx,HTML_MISLABELED_XLSX,NOT_DETECTED,,,,,0,0,0,NO,YES,NO,NO_AUDITOR_BLOCK_DETECTED;NO_AUDITOR_BLOCK_DETECTED
دشیمی|1393,دشیمی,1393,دشيمي.zip!دشيمي_۱۳۹۳_۱۲_۲۹_separate_ن-۱۰_صورتهای مالی سال مالی منتهی به ۱۳۹۳_۱۲_۲۹ (حسابرسی شده)(اصلاحیه).xlsx,OLE2_LEGACY_EXCEL,DETECTED,Sheet1,9,62,54,1,1,12,YES,YES,YES,
دشیمی|1394,دشیمی,1394,دشيمي.zip!دشيمي_۱۳۹۴_۱۲_۲۹_separate_ن-۱۰_صورت‌های مالی سال مالی منتهی به ۱۳۹۴_۱۲_۲۹ (حسابرسی شده).xlsx,OLE2_LEGACY_EXCEL,DETECTED,Sheet1,9,59,51,1,1,11,YES,YES,YES,
دشیمی|1395,دشیمی,1395,دشيمي.zip!دشيمي_۱۳۹۵_۱۲_۳۰_separate_ن-۱۰_صورت‌های مالی سال مالی منتهی به ۱۳۹۵_۱۲_۳۰ (حسابرسی شده).xlsx,OLE2_LEGACY_EXCEL,DETECTED,Sheet1,11,56,46,1,1,11,YES,YES,YES,
دشیمی|1396,دشیمی,1396,دشيمي.zip!دشيمي_۱۳۹۶_۱۲_۲۹_separate_ن-۱۰_صورت‌های مالی سال مالی منتهی به ۱۳۹۶_۱۲_۲۹ (حسابرسی شده).xlsx,OLE2_LEGACY_EXCEL,DETECTED,Sheet1,11,70,60,1,1,13,YES,YES,YES,
دشیمی|1397,دشیمی,1397,دشيمي.zip!دشيمي_۱۳۹۷_۱۲_۲۹_separate_ن-۱۰_صورت‌های مالی سال مالی منتهی به ۱۳۹۷_۱۲_۲۹ (حسابرسی شده).xlsx,HTML_MISLABELED_XLSX,NOT_DETECTED,,,,,0,0,0,NO,YES,NO,NO_AUDITOR_BLOCK_DETECTED;NO_AUDITOR_BLOCK_DETECTED
دشیمی|1398,دشیمی,1398,دشيمي.zip!دشيمي_۱۳۹۸_۱۲_۲۹_separate_ن-۱۰_صورت‌های مالی سال مالی منتهی به ۱۳۹۸_۱۲_۲۹ (حسابرسی شده).xlsx,HTML_MISLABELED_XLSX,NOT_DETECTED,,,,,0,0,0,NO,YES,NO,NO_AUDITOR_BLOCK_DETECTED;NO_AUDITOR_BLOCK_DETECTED
دشیمی|1399,دشیمی,1399,دشيمي.zip!دشيمي_۱۳۹۹_۱۲_۳۰_separate_ن-۱۰_صورت‌های مالی سال مالی منتهی به ۱۳۹۹_۱۲_۳۰ (حسابرسی شده).xlsx,HTML_MISLABELED_XLSX,NOT_DETECTED,,,,,0,0,0,NO,YES,NO,NO_AUDITOR_BLOCK_DETECTED;NO_AUDITOR_BLOCK_DETECTED
دشیمی|1400,دشیمی,1400,دشيمي.zip!دشيمي_۱۴۰۰_۱۲_۲۹_separate_ن-۱۰_صورت‌های مالی سال مالی منتهی به ۱۴۰۰_۱۲_۲۹ (حسابرسی شده).xlsx,HTML_MISLABELED_XLSX,NOT_DETECTED,,,,,0,0,0,NO,YES,NO,NO_AUDITOR_BLOCK_DETECTED;NO_AUDITOR_BLOCK_DETECTED
دشیمی|1401,دشیمی,1401,دشيمي.zip!دشيمي_۱۴۰۱_۱۲_۲۹_separate_ن-۱۰_صورت‌های مالی سال مالی منتهی به ۱۴۰۱_۱۲_۲۹ (حسابرسی شده).xlsx,HTML_MISLABELED_XLSX,NOT_DETECTED,,,,,0,0,0,NO,YES,NO,NO_AUDITOR_BLOCK_DETECTED;NO_AUDITOR_BLOCK_DETECTED
دشیمی|1402,دشیمی,1402,دشيمي.zip!دشيمي_۱۴۰۲_۱۲_۲۹_separate_ن-۱۰_صورت‌های مالی سال مالی منتهی به ۱۴۰۲_۱۲_۲۹ (حسابرسی شده).xlsx,HTML_MISLABELED_XLSX,NOT_DETECTED,,,,,0,0,0,NO,YES,NO,NO_AUDITOR_BLOCK_DETECTED;NO_AUDITOR_BLOCK_DETECTED
دسینا|1393,دسینا,1393,دسينا.zip!دسينا_۱۳۹۳_۱۲_۲۹_separate_ن-۱۰_صورتهای مالی سال مالی منتهی به ۱۳۹۳_۱۲_۲۹ (حسابرسی شده)(اصلاحیه).xlsx,OLE2_LEGACY_EXCEL,DETECTED,Sheet1,9,66,58,1,1,12,YES,YES,YES,
دسینا|1394,دسینا,1394,دسينا.zip!دسينا_۱۳۹۴_۱۲_۲۹_separate_ن-۱۰_صورت‌های مالی سال مالی منتهی به ۱۳۹۴_۱۲_۲۹ (حسابرسی شده).xlsx,OLE2_LEGACY_EXCEL,DETECTED,Sheet1,9,66,58,1,1,12,YES,YES,YES,
دسینا|1395,دسینا,1395,دسينا.zip!دسينا_۱۳۹۵_۱۲_۳۰_separate_ن-۱۰_صورت‌های مالی سال مالی منتهی به ۱۳۹۵_۱۲_۳۰ (حسابرسی شده).xlsx,OLE2_LEGACY_EXCEL,DETECTED,Sheet1,11,63,53,1,1,11,YES,YES,YES,
دسینا|1396,دسینا,1396,دسينا.zip!دسينا_۱۳۹۶_۱۲_۲۹_separate_ن-۱۰_صورت‌های مالی سال مالی منتهی به ۱۳۹۶_۱۲_۲۹ (حسابرسی شده)(اصلاحیه).xlsx,OLE2_LEGACY_EXCEL,DETECTED,Sheet1,11,68,58,1,1,11,YES,YES,YES,
دسینا|1397,دسینا,1397,دسينا.zip!دسينا_۱۳۹۷_۱۲_۲۹_separate_ن-۱۰_صورت‌های مالی سال مالی منتهی به ۱۳۹۷_۱۲_۲۹ (حسابرسی شده).xlsx,HTML_MISLABELED_XLSX,NOT_DETECTED,,,,,0,0,0,NO,YES,NO,NO_AUDITOR_BLOCK_DETECTED;NO_AUDITOR_BLOCK_DETECTED
دسینا|1399,دسینا,1399,دسينا.zip!دسينا_۱۳۹۹_۱۲_۳۰_separate_ن-۱۰_صورت‌های مالی سال مالی منتهی به ۱۳۹۹_۱۲_۳۰ (حسابرسی شده).xlsx,HTML_MISLABELED_XLSX,NOT_DETECTED,,,,,0,0,0,NO,YES,NO,NO_AUDITOR_BLOCK_DETECTED;NO_AUDITOR_BLOCK_DETECTED
دسبحا|1392,دسبحا,1392,دسبحا.zip!دسبحا_۱۳۹۲_۱۲_۲۹_separate_ن-۱۰_صورتهای مالی سال مالی منتهی به ۱۳۹۲_۱۲_۲۹ (حسابرسی شده).xlsx,OLE2_LEGACY_EXCEL,DETECTED,Sheet1,9,54,46,1,1,11,YES,YES,YES,
دسبحا|1393,دسبحا,1393,دسبحا.zip!دسبحا_۱۳۹۳_۱۲_۲۹_separate_ن-۱۰_صورتهای مالی سال مالی منتهی به ۱۳۹۳_۱۲_۲۹ (حسابرسی شده).xlsx,OLE2_LEGACY_EXCEL,DETECTED,Sheet1,9,53,45,1,1,11,YES,YES,YES,
دسبحا|1394,دسبحا,1394,دسبحا.zip!دسبحا_۱۳۹۴_۱۲_۲۹_separate_ن-۱۰_صورت‌های مالی سال مالی منتهی به ۱۳۹۴_۱۲_۲۹ (حسابرسی شده).xlsx,OLE2_LEGACY_EXCEL,DETECTED,Sheet1,9,55,47,1,1,11,YES,YES,YES,
دسبحا|1395,دسبحا,1395,دسبحا.zip!دسبحا_۱۳۹۵_۱۲_۳۰_separate_ن-۱۰_صورت‌های مالی سال مالی منتهی به ۱۳۹۵_۱۲_۳۰ (حسابرسی شده).xlsx,OLE2_LEGACY_EXCEL,DETECTED,Sheet1,11,55,45,1,1,11,YES,YES,YES,
دسبحا|1396,دسبحا,1396,دسبحا.zip!دسبحا_۱۳۹۶_۱۲_۲۹_separate_ن-۱۰_صورت‌های مالی سال مالی منتهی به ۱۳۹۶_۱۲_۲۹ (حسابرسی شده).xlsx,OLE2_LEGACY_EXCEL,DETECTED,Sheet1,11,67,57,1,1,13,YES,YES,YES,
دسبحا|1397,دسبحا,1397,دسبحا.zip!دسبحا_۱۳۹۷_۱۲_۲۹_separate_ن-۱۰_صورت‌های مالی سال مالی منتهی به ۱۳۹۷_۱۲_۲۹ (حسابرسی شده).xlsx,OLE2_LEGACY_EXCEL,DETECTED,Sheet1,11,70,60,1,1,13,YES,YES,YES,
دسبحا|1398,دسبحا,1398,دسبحا.zip!دسبحا_۱۳۹۸_۱۲_۲۹_separate_ن-۱۰_صورت‌های مالی سال مالی منتهی به ۱۳۹۸_۱۲_۲۹ (حسابرسی شده).xlsx,HTML_MISLABELED_XLSX,NOT_DETECTED,,,,,0,0,0,NO,YES,NO,NO_AUDITOR_BLOCK_DETECTED;NO_AUDITOR_BLOCK_DETECTED
دسبحا|1399,دسبحا,1399,دسبحا.zip!دسبحا_۱۳۹۹_۱۲_۳۰_separate_ن-۱۰_صورت‌های مالی سال مالی منتهی به ۱۳۹۹_۱۲_۳۰ (حسابرسی شده).xlsx,HTML_MISLABELED_XLSX,NOT_DETECTED,,,,,0,0,0,NO,YES,NO,NO_AUDITOR_BLOCK_DETECTED;NO_AUDITOR_BLOCK_DETECTED
دسبحا|1400,دسبحا,1400,دسبحا.zip!دسبحا_۱۴۰۰_۱۲_۲۹_separate_ن-۱۰_صورت‌های مالی سال مالی منتهی به ۱۴۰۰_۱۲_۲۹ (حسابرسی شده).xlsx,HTML_MISLABELED_XLSX,NOT_DETECTED,,,,,0,0,0,NO,YES,NO,NO_AUDITOR_BLOCK_DETECTED;NO_AUDITOR_BLOCK_DETECTED
دسبحا|1401,دسبحا,1401,دسبحا.zip!دسبحا_۱۴۰۱_۱۲_۲۹_separate_ن-۱۰_صورت‌های مالی سال مالی منتهی به ۱۴۰۱_۱۲_۲۹ (حسابرسی شده).xlsx,HTML_MISLABELED_XLSX,NOT_DETECTED,,,,,0,0,0,NO,YES,NO,NO_AUDITOR_BLOCK_DETECTED;NO_AUDITOR_BLOCK_DETECTED
دسبحا|1402,دسبحا,1402,دسبحا.zip!دسبحا_۱۴۰۲_۱۲_۲۹_separate_ن-۱۰_صورت‌های مالی سال مالی منتهی به ۱۴۰۲_۱۲_۲۹ (حسابرسی شده).xlsx,HTML_MISLABELED_XLSX,NOT_DETECTED,,,,,0,0,0,NO,YES,NO,NO_AUDITOR_BLOCK_DETECTED;NO_AUDITOR_BLOCK_DETECTED
فایرا|1393,فایرا,1393,فايرا.zip!فايرا_۱۳۹۳_۱۲_۲۹_separate_ن-۱۰_صورتهای مالی سال مالی منتهی به ۱۳۹۳_۱۲_۲۹ (حسابرسی شده).xlsx,OLE2_LEGACY_EXCEL,DETECTED,Sheet1,9,119,111,1,1,14,YES,YES,YES,
فایرا|1394,فایرا,1394,فايرا.zip!فايرا_۱۳۹۴_۱۲_۲۹_separate_ن-۱۰_صورت‌های مالی سال مالی منتهی به ۱۳۹۴_۱۲_۲۹ (حسابرسی شده).xlsx,OLE2_LEGACY_EXCEL,DETECTED,Sheet1,9,97,89,1,1,14,YES,YES,YES,
فایرا|1395,فایرا,1395,فايرا.zip!فايرا_۱۳۹۵_۱۲_۳۰_separate_ن-۱۰_صورت‌های مالی سال مالی منتهی به ۱۳۹۵_۱۲_۳۰ (حسابرسی شده).xlsx,OLE2_LEGACY_EXCEL,DETECTED,Sheet1,11,111,101,1,1,13,YES,YES,YES,
فایرا|1396,فایرا,1396,فايرا.zip!فايرا_۱۳۹۶_۱۲_۲۹_separate_ن-۱۰_صورت‌های مالی سال مالی منتهی به ۱۳۹۶_۱۲_۲۹ (حسابرسی شده).xlsx,OLE2_LEGACY_EXCEL,DETECTED,Sheet1,11,94,84,1,1,14,YES,YES,YES,
فایرا|1397,فایرا,1397,فايرا.zip!فايرا_۱۳۹۷_۱۲_۲۹_separate_ن-۱۰_صورت‌های مالی سال مالی منتهی به ۱۳۹۷_۱۲_۲۹ (حسابرسی شده).xlsx,HTML_MISLABELED_XLSX,NOT_DETECTED,,,,,0,0,0,NO,YES,NO,NO_AUDITOR_BLOCK_DETECTED;NO_AUDITOR_BLOCK_DETECTED
فایرا|1398,فایرا,1398,فايرا.zip!فايرا_۱۳۹۸_۱۲_۲۹_separate_ن-۱۰_صورت‌های مالی سال مالی منتهی به ۱۳۹۸_۱۲_۲۹ (حسابرسی شده).xlsx,HTML_MISLABELED_XLSX,NOT_DETECTED,,,,,0,0,0,NO,YES,NO,NO_AUDITOR_BLOCK_DETECTED;NO_AUDITOR_BLOCK_DETECTED
فجر|1393,فجر,1393,فجر.zip!فجر_۱۳۹۳_۱۲_۲۹_separate_ن-۱۰_صورتهای مالی سال مالی منتهی به ۱۳۹۳_۱۲_۲۹ (حسابرسی شده).xlsx,OLE2_LEGACY_EXCEL,DETECTED,Sheet1,9,72,64,1,1,13,YES,YES,YES,
فجر|1394,فجر,1394,فجر.zip!فجر_۱۳۹۴_۱۲_۲۹_separate_ن-۱۰_صورت‌های مالی سال مالی منتهی به ۱۳۹۴_۱۲_۲۹ (حسابرسی شده).xlsx,OLE2_LEGACY_EXCEL,DETECTED,Sheet1,9,65,57,1,1,13,YES,YES,YES,
فجر|1395,فجر,1395,فجر.zip!فجر_۱۳۹۵_۱۲_۳۰_separate_ن-۱۰_صورت‌های مالی سال مالی منتهی به ۱۳۹۵_۱۲_۳۰ (حسابرسی شده).xlsx,OLE2_LEGACY_EXCEL,DETECTED,Sheet1,11,65,55,1,1,13,YES,YES,YES,
فجر|1396,فجر,1396,فجر.zip!فجر_۱۳۹۶_۱۲_۲۹_separate_ن-۱۰_صورت‌های مالی سال مالی منتهی به ۱۳۹۶_۱۲_۲۹ (حسابرسی شده).xlsx,OLE2_LEGACY_EXCEL,DETECTED,Sheet1,11,61,51,1,1,13,YES,YES,YES,
فجر|1397,فجر,1397,فجر.zip!فجر_۱۳۹۷_۱۲_۲۹_separate_ن-۱۰_صورت‌های مالی سال مالی منتهی به ۱۳۹۷_۱۲_۲۹ (حسابرسی شده).xlsx,HTML_MISLABELED_XLSX,NOT_DETECTED,,,,,0,0,0,NO,YES,NO,NO_AUDITOR_BLOCK_DETECTED;NO_AUDITOR_BLOCK_DETECTED
فجر|1398,فجر,1398,فجر.zip!فجر_۱۳۹۸_۱۲_۲۹_separate_ن-۱۰_صورت‌های مالی سال مالی منتهی به ۱۳۹۸_۱۲_۲۹ (حسابرسی شده).xlsx,HTML_MISLABELED_XLSX,NOT_DETECTED,,,,,0,0,0,NO,YES,NO,NO_AUDITOR_BLOCK_DETECTED;NO_AUDITOR_BLOCK_DETECTED
فجر|1399,فجر,1399,فجر.zip!فجر_۱۳۹۹_۱۲_۳۰_separate_ن-۱۰_صورت‌های مالی سال مالی منتهی به ۱۳۹۹_۱۲_۳۰ (حسابرسی شده).xlsx,HTML_MISLABELED_XLSX,NOT_DETECTED,,,,,0,0,0,NO,YES,NO,NO_AUDITOR_BLOCK_DETECTED;NO_AUDITOR_BLOCK_DETECTED
فجر|1400,فجر,1400,فجر.zip!فجر_۱۴۰۰_۱۲_۲۹_separate_ن-۱۰_صورت‌های مالی سال مالی منتهی به ۱۴۰۰_۱۲_۲۹ (حسابرسی شده).xlsx,HTML_MISLABELED_XLSX,NOT_DETECTED,,,,,0,0,0,NO,YES,NO,NO_AUDITOR_BLOCK_DETECTED;NO_AUDITOR_BLOCK_DETECTED
فجر|1401,فجر,1401,فجر.zip!فجر_۱۴۰۱_۱۲_۲۹_separate_ن-۱۰_صورت‌های مالی سال مالی منتهی به ۱۴۰۱_۱۲_۲۹ (حسابرسی شده).xlsx,HTML_MISLABELED_XLSX,NOT_DETECTED,,,,,0,0,0,NO,YES,NO,NO_AUDITOR_BLOCK_DETECTED;NO_AUDITOR_BLOCK_DETECTED
فجر|1402,فجر,1402,فجر.zip!فجر_۱۴۰۲_۱۲_۲۹_separate_ن-۱۰_صورت‌های مالی سال مالی منتهی به ۱۴۰۲_۱۲_۲۹ (حسابرسی شده).xlsx,HTML_MISLABELED_XLSX,NOT_DETECTED,,,,,0,0,0,NO,YES,NO,NO_AUDITOR_BLOCK_DETECTED;NO_AUDITOR_BLOCK_DETECTED
فرآور|1393,فرآور,1393,فرآور.zip!فرآور_۱۳۹۳_۱۲_۲۹_separate_ن-۱۰_صورتهای مالی سال مالی منتهی به ۱۳۹۳_۱۲_۲۹ (حسابرسی شده).xlsx,OLE2_LEGACY_EXCEL,DETECTED,Sheet1,9,67,59,1,1,12,YES,YES,YES,
فرآور|1394,فرآور,1394,فرآور.zip!فرآور_۱۳۹۴_۱۲_۲۹_separate_ن-۱۰_صورت‌های مالی سال مالی منتهی به ۱۳۹۴_۱۲_۲۹ (حسابرسی شده).xlsx,OLE2_LEGACY_EXCEL,DETECTED,Sheet1,9,68,60,1,1,13,YES,YES,YES,
فرآور|1395,فرآور,1395,فرآور.zip!فرآور_۱۳۹۵_۱۲_۳۰_separate_ن-۱۰_صورت‌های مالی سال مالی منتهی به ۱۳۹۵_۱۲_۳۰ (حسابرسی شده).xlsx,OLE2_LEGACY_EXCEL,DETECTED,Sheet1,11,68,58,1,1,12,YES,YES,YES,
فرآور|1396,فرآور,1396,فرآور.zip!فرآور_۱۳۹۶_۱۲_۲۹_separate_ن-۱۰_صورت‌های مالی سال مالی منتهی به ۱۳۹۶_۱۲_۲۹ (حسابرسی شده).xlsx,OLE2_LEGACY_EXCEL,DETECTED,Sheet1,11,73,63,1,1,13,YES,YES,YES,
فرآور|1397,فرآور,1397,فرآور.zip!فرآور_۱۳۹۷_۱۲_۲۹_separate_ن-۱۰_صورت‌های مالی سال مالی منتهی به ۱۳۹۷_۱۲_۲۹ (حسابرسی شده).xlsx,HTML_MISLABELED_XLSX,NOT_DETECTED,,,,,0,0,0,NO,YES,NO,NO_AUDITOR_BLOCK_DETECTED;NO_AUDITOR_BLOCK_DETECTED
فرآور|1398,فرآور,1398,فرآور.zip!فرآور_۱۳۹۸_۱۲_۲۹_separate_ن-۱۰_صورت‌های مالی سال مالی منتهی به ۱۳۹۸_۱۲_۲۹ (حسابرسی شده).xlsx,HTML_MISLABELED_XLSX,NOT_DETECTED,,,,,0,0,0,NO,YES,NO,NO_AUDITOR_BLOCK_DETECTED;NO_AUDITOR_BLOCK_DETECTED
فرآور|1399,فرآور,1399,فرآور.zip!فرآور_۱۳۹۹_۱۲_۳۰_separate_ن-۱۰_صورت‌های مالی سال مالی منتهی به ۱۳۹۹_۱۲_۳۰ (حسابرسی شده).xlsx,HTML_MISLABELED_XLSX,NOT_DETECTED,,,,,0,0,0,NO,YES,NO,NO_AUDITOR_BLOCK_DETECTED;NO_AUDITOR_BLOCK_DETECTED
فرآور|1400,فرآور,1400,فرآور.zip!فرآور_۱۴۰۰_۱۲_۲۹_separate_ن-۱۰_صورت‌های مالی سال مالی منتهی به ۱۴۰۰_۱۲_۲۹ (حسابرسی شده).xlsx,HTML_MISLABELED_XLSX,NOT_DETECTED,,,,,0,0,0,NO,YES,NO,NO_AUDITOR_BLOCK_DETECTED;NO_AUDITOR_BLOCK_DETECTED
فرآور|1401,فرآور,1401,فرآور.zip!فرآور_۱۴۰۱_۱۲_۲۹_separate_ن-۱۰_صورت‌های مالی سال مالی منتهی به ۱۴۰۱_۱۲_۲۹ (حسابرسی شده)(اصلاحیه).xlsx,HTML_MISLABELED_XLSX,NOT_DETECTED,,,,,0,0,0,NO,YES,NO,NO_AUDITOR_BLOCK_DETECTED;NO_AUDITOR_BLOCK_DETECTED
فرآور|1402,فرآور,1402,فرآور.zip!فرآور_۱۴۰۲_۱۲_۲۹_separate_ن-۱۰_صورت‌های مالی سال مالی منتهی به ۱۴۰۲_۱۲_۲۹ (حسابرسی شده).xlsx,HTML_MISLABELED_XLSX,NOT_DETECTED,,,,,0,0,0,NO,YES,NO,NO_AUDITOR_BLOCK_DETECTED;NO_AUDITOR_BLOCK_DETECTED
فارس|1393,فارس,1393,فارس.zip!فارس_۱۳۹۳_۰۳_۳۱_separate_ن-۱۰_صورتهای مالی سال مالی منتهی به ۱۳۹۳_۰۳_۳۱ (حسابرسی شده).xlsx,OLE2_LEGACY_EXCEL,DETECTED,Sheet1,9,105,97,1,1,13,YES,YES,YES,
فارس|1394,فارس,1394,فارس.zip!فارس_۱۳۹۴_۰۳_۳۱_separate_ن-۱۰_صورت‌های مالی سال مالی منتهی به ۱۳۹۴_۰۳_۳۱ (حسابرسی شده).xlsx,OLE2_LEGACY_EXCEL,DETECTED,Sheet1,9,126,118,1,1,13,YES,YES,YES,
فارس|1395,فارس,1395,فارس.zip!فارس_۱۳۹۵_۰۳_۳۱_separate_ن-۱۰_صورت‌های مالی سال مالی منتهی به ۱۳۹۵_۰۳_۳۱ (حسابرسی شده).xlsx,OLE2_LEGACY_EXCEL,DETECTED,Sheet1,9,101,93,1,1,13,YES,YES,YES,
فارس|1396,فارس,1396,فارس.zip!فارس_۱۳۹۶_۰۳_۳۱_separate_ن-۱۰_صورت‌های مالی سال مالی منتهی به ۱۳۹۶_۰۳_۳۱ (حسابرسی شده).xlsx,OLE2_LEGACY_EXCEL,DETECTED,Sheet1,11,92,82,1,1,13,YES,YES,YES,
فارس|1397,فارس,1397,فارس.zip!فارس_۱۳۹۷_۰۳_۳۱_separate_ن-۱۰_صورت‌های مالی سال مالی منتهی به ۱۳۹۷_۰۳_۳۱ (حسابرسی شده).xlsx,OLE2_LEGACY_EXCEL,DETECTED,Sheet1,11,88,78,1,1,14,YES,YES,YES,
فارس|1398,فارس,1398,فارس.zip!فارس_۱۳۹۸_۰۳_۳۱_separate_ن-۱۰_صورت‌های مالی سال مالی منتهی به ۱۳۹۸_۰۳_۳۱ (حسابرسی شده).xlsx,HTML_MISLABELED_XLSX,NOT_DETECTED,,,,,0,0,0,NO,YES,NO,NO_AUDITOR_BLOCK_DETECTED;NO_AUDITOR_BLOCK_DETECTED
فارس|1399,فارس,1399,فارس.zip!فارس_۱۳۹۹_۰۳_۳۱_separate_ن-۱۰_صورت‌های مالی سال مالی منتهی به ۱۳۹۹_۰۳_۳۱ (حسابرسی شده)(اصلاحیه).xlsx,HTML_MISLABELED_XLSX,NOT_DETECTED,,,,,0,0,0,NO,YES,NO,NO_AUDITOR_BLOCK_DETECTED;NO_AUDITOR_BLOCK_DETECTED
فارس|1400,فارس,1400,فارس.zip!فارس_۱۴۰۰_۰۳_۳۱_separate_ن-۱۰_صورت‌های مالی سال مالی منتهی به ۱۴۰۰_۰۳_۳۱ (حسابرسی شده).xlsx,HTML_MISLABELED_XLSX,NOT_DETECTED,,,,,0,0,0,NO,YES,NO,NO_AUDITOR_BLOCK_DETECTED;NO_AUDITOR_BLOCK_DETECTED
فارس|1401,فارس,1401,فارس.zip!فارس_۱۴۰۱_۰۳_۳۱_separate_ن-۱۰_صورت‌های مالی سال مالی منتهی به ۱۴۰۱_۰۳_۳۱ (حسابرسی شده).xlsx,HTML_MISLABELED_XLSX,NOT_DETECTED,,,,,0,0,0,NO,YES,NO,NO_AUDITOR_BLOCK_DETECTED;NO_AUDITOR_BLOCK_DETECTED
فارس|1402,فارس,1402,فارس.zip!فارس_۱۴۰۲_۰۳_۳۱_separate_ن-۱۰_صورت‌های مالی سال مالی منتهی به ۱۴۰۲_۰۳_۳۱ (حسابرسی شده).xlsx,HTML_MISLABELED_XLSX,NOT_DETECTED,,,,,0,0,0,NO,YES,NO,NO_AUDITOR_BLOCK_DETECTED;NO_AUDITOR_BLOCK_DETECTED
فاذر|1393,فاذر,1393,فاذر.zip!فاذر_۱۳۹۳_۱۲_۲۹_separate_ن-۱۰_صورتهای مالی سال مالی منتهی به ۱۳۹۳_۱۲_۲۹ (حسابرسی شده).xlsx,OLE2_LEGACY_EXCEL,DETECTED,Sheet1,9,76,68,1,1,12,YES,YES,YES,
فباهنر|1393,فباهنر,1393,فباهنر.zip!فباهنر_۱۳۹۳_۱۲_۲۹_separate_ن-۱۰_صورتهای مالی سال مالی منتهی به ۱۳۹۳_۱۲_۲۹ (حسابرسی شده).xlsx,OLE2_LEGACY_EXCEL,DETECTED,Sheet1,9,86,78,1,1,13,YES,YES,YES,
فباهنر|1394,فباهنر,1394,فباهنر.zip!فباهنر_۱۳۹۴_۱۲_۲۹_separate_ن-۱۰_صورت‌های مالی سال مالی منتهی به ۱۳۹۴_۱۲_۲۹ (حسابرسی شده)(اصلاحیه).xlsx,OLE2_LEGACY_EXCEL,DETECTED,Sheet1,9,71,63,1,1,12,YES,YES,YES,
فباهنر|1395,فباهنر,1395,فباهنر.zip!فباهنر_۱۳۹۵_۱۲_۳۰_separate_ن-۱۰_صورت‌های مالی سال مالی منتهی به ۱۳۹۵_۱۲_۳۰ (حسابرسی شده).xlsx,OLE2_LEGACY_EXCEL,DETECTED,Sheet1,11,82,72,1,1,12,YES,YES,YES,
فباهنر|1396,فباهنر,1396,فباهنر.zip!فباهنر_۱۳۹۶_۱۲_۲۹_separate_ن-۱۰_صورت‌های مالی سال مالی منتهی به ۱۳۹۶_۱۲_۲۹ (حسابرسی شده).xlsx,OLE2_LEGACY_EXCEL,DETECTED,Sheet1,11,69,59,1,1,13,YES,YES,YES,
فباهنر|1397,فباهنر,1397,فباهنر.zip!فباهنر_۱۳۹۷_۱۲_۲۹_separate_ن-۱۰_صورت‌های مالی سال مالی منتهی به ۱۳۹۷_۱۲_۲۹ (حسابرسی شده).xlsx,HTML_MISLABELED_XLSX,NOT_DETECTED,,,,,0,0,0,NO,YES,NO,NO_AUDITOR_BLOCK_DETECTED;NO_AUDITOR_BLOCK_DETECTED
فباهنر|1398,فباهنر,1398,فباهنر.zip!فباهنر_۱۳۹۸_۱۲_۲۹_separate_ن-۱۰_صورت‌های مالی سال مالی منتهی به ۱۳۹۸_۱۲_۲۹ (حسابرسی شده).xlsx,HTML_MISLABELED_XLSX,NOT_DETECTED,,,,,0,0,0,NO,YES,NO,NO_AUDITOR_BLOCK_DETECTED;NO_AUDITOR_BLOCK_DETECTED
فباهنر|1399,فباهنر,1399,فباهنر.zip!فباهنر_۱۳۹۹_۱۲_۳۰_separate_ن-۱۰_صورت‌های مالی سال مالی منتهی به ۱۳۹۹_۱۲_۳۰ (حسابرسی شده).xlsx,HTML_MISLABELED_XLSX,NOT_DETECTED,,,,,0,0,0,NO,YES,NO,NO_AUDITOR_BLOCK_DETECTED;NO_AUDITOR_BLOCK_DETECTED
فباهنر|1400,فباهنر,1400,فباهنر.zip!فباهنر_۱۴۰۰_۱۲_۲۹_separate_ن-۱۰_صورت‌های مالی سال مالی منتهی به ۱۴۰۰_۱۲_۲۹ (حسابرسی شده).xlsx,HTML_MISLABELED_XLSX,NOT_DETECTED,,,,,0,0,0,NO,YES,NO,NO_AUDITOR_BLOCK_DETECTED;NO_AUDITOR_BLOCK_DETECTED
فباهنر|1401,فباهنر,1401,فباهنر.zip!فباهنر_۱۴۰۱_۱۲_۲۹_separate_ن-۱۰_صورت‌های مالی سال مالی منتهی به ۱۴۰۱_۱۲_۲۹ (حسابرسی شده).xlsx,HTML_MISLABELED_XLSX,NOT_DETECTED,,,,,0,0,0,NO,YES,NO,NO_AUDITOR_BLOCK_DETECTED;NO_AUDITOR_BLOCK_DETECTED
فباهنر|1402,فباهنر,1402,فباهنر.zip!فباهنر_۱۴۰۲_۱۲_۲۹_separate_ن-۱۰_صورت‌های مالی سال مالی منتهی به ۱۴۰۲_۱۲_۲۹ (حسابرسی شده).xlsx,HTML_MISLABELED_XLSX,NOT_DETECTED,,,,,0,0,0,NO,YES,NO,NO_AUDITOR_BLOCK_DETECTED;NO_AUDITOR_BLOCK_DETECTED
فسپا|1393,فسپا,1393,فسپا.zip!فسپا_۱۳۹۳_۱۲_۲۹_separate_ن-۱۰_صورتهای مالی سال مالی منتهی به ۱۳۹۳_۱۲_۲۹ (حسابرسی شده).xlsx,OLE2_LEGACY_EXCEL,DETECTED,Sheet1,9,65,57,1,1,13,YES,YES,YES,
فسپا|1394,فسپا,1394,فسپا.zip!فسپا_۱۳۹۴_۱۲_۲۹_separate_ن-۱۰_صورت‌های مالی سال مالی منتهی به ۱۳۹۴_۱۲_۲۹ (حسابرسی شده).xlsx,OLE2_LEGACY_EXCEL,DETECTED,Sheet1,9,66,58,1,1,13,YES,YES,YES,
فسپا|1395,فسپا,1395,فسپا.zip!فسپا_۱۳۹۵_۱۲_۳۰_separate_ن-۱۰_صورت‌های مالی سال مالی منتهی به ۱۳۹۵_۱۲_۳۰ (حسابرسی شده).xlsx,OLE2_LEGACY_EXCEL,DETECTED,Sheet1,11,58,48,1,1,12,YES,YES,YES,
فسپا|1396,فسپا,1396,فسپا.zip!فسپا_۱۳۹۶_۱۲_۲۹_separate_ن-۱۰_صورت‌های مالی سال مالی منتهی به ۱۳۹۶_۱۲_۲۹ (حسابرسی شده)(اصلاحیه).xlsx,OLE2_LEGACY_EXCEL,DETECTED,Sheet1,11,69,59,1,1,13,YES,YES,YES,
فسپا|1397,فسپا,1397,فسپا.zip!فسپا_۱۳۹۷_۱۲_۲۹_separate_ن-۱۰_صورت‌های مالی سال مالی منتهی به ۱۳۹۷_۱۲_۲۹ (حسابرسی شده).xlsx,HTML_MISLABELED_XLSX,NOT_DETECTED,,,,,0,0,0,NO,YES,NO,NO_AUDITOR_BLOCK_DETECTED;NO_AUDITOR_BLOCK_DETECTED
فجام|1393,فجام,1393,فجام.zip!فجام_۱۳۹۳_۱۲_۲۹_separate_ن-۱۰_صورتهای مالی سال مالی منتهی به ۱۳۹۳_۱۲_۲۹ (حسابرسی شده).xlsx,OLE2_LEGACY_EXCEL,DETECTED,Sheet1,9,57,49,1,1,12,YES,YES,YES,
فجام|1394,فجام,1394,فجام.zip!فجام_۱۳۹۴_۱۲_۲۹_separate_ن-۱۰_صورت‌های مالی سال مالی منتهی به ۱۳۹۴_۱۲_۲۹ (حسابرسی شده).xlsx,OLE2_LEGACY_EXCEL,DETECTED,Sheet1,9,65,57,1,1,13,YES,YES,YES,
فجام|1395,فجام,1395,فجام.zip!فجام_۱۳۹۵_۱۲_۳۰_separate_ن-۱۰_صورت‌های مالی سال مالی منتهی به ۱۳۹۵_۱۲_۳۰ (حسابرسی شده).xlsx,OLE2_LEGACY_EXCEL,DETECTED,Sheet1,11,67,57,1,1,13,YES,YES,YES,
فجام|1396,فجام,1396,فجام.zip!فجام_۱۳۹۶_۱۲_۲۹_separate_ن-۱۰_صورت‌های مالی سال مالی منتهی به ۱۳۹۶_۱۲_۲۹ (حسابرسی شده).xlsx,OLE2_LEGACY_EXCEL,DETECTED,Sheet1,11,70,60,1,1,13,YES,YES,YES,
فجام|1397,فجام,1397,فجام.zip!فجام_۱۳۹۷_۱۲_۲۹_separate_ن-۱۰_صورت‌های مالی سال مالی منتهی به ۱۳۹۷_۱۲_۲۹ (حسابرسی شده).xlsx,HTML_MISLABELED_XLSX,NOT_DETECTED,,,,,0,0,0,NO,YES,NO,NO_AUDITOR_BLOCK_DETECTED;NO_AUDITOR_BLOCK_DETECTED
فجام|1398,فجام,1398,فجام.zip!فجام_۱۳۹۸_۱۲_۲۹_separate_ن-۱۰_صورت‌های مالی سال مالی منتهی به ۱۳۹۸_۱۲_۲۹ (حسابرسی شده).xlsx,HTML_MISLABELED_XLSX,NOT_DETECTED,,,,,0,0,0,NO,YES,NO,NO_AUDITOR_BLOCK_DETECTED;NO_AUDITOR_BLOCK_DETECTED
فجام|1399,فجام,1399,فجام.zip!فجام_۱۳۹۹_۱۲_۳۰_separate_ن-۱۰_صورت‌های مالی سال مالی منتهی به ۱۳۹۹_۱۲_۳۰ (حسابرسی شده).xlsx,HTML_MISLABELED_XLSX,NOT_DETECTED,,,,,0,0,0,NO,YES,NO,NO_AUDITOR_BLOCK_DETECTED;NO_AUDITOR_BLOCK_DETECTED
فجام|1400,فجام,1400,فجام.zip!فجام_۱۴۰۰_۱۲_۲۹_separate_ن-۱۰_صورت‌های مالی سال مالی منتهی به ۱۴۰۰_۱۲_۲۹ (حسابرسی شده).xlsx,HTML_MISLABELED_XLSX,NOT_DETECTED,,,,,0,0,0,NO,YES,NO,NO_AUDITOR_BLOCK_DETECTED;NO_AUDITOR_BLOCK_DETECTED
فجام|1401,فجام,1401,فجام.zip!فجام_۱۴۰۱_۱۲_۲۹_separate_ن-۱۰_صورت‌های مالی سال مالی منتهی به ۱۴۰۱_۱۲_۲۹ (حسابرسی شده).xlsx,HTML_MISLABELED_XLSX,NOT_DETECTED,,,,,0,0,0,NO,YES,NO,NO_AUDITOR_BLOCK_DETECTED;NO_AUDITOR_BLOCK_DETECTED
فجام|1402,فجام,1402,فجام.zip!فجام_۱۴۰۲_۱۲_۲۹_separate_ن-۱۰_صورت‌های مالی سال مالی منتهی به ۱۴۰۲_۱۲_۲۹ (حسابرسی شده).xlsx,HTML_MISLABELED_XLSX,NOT_DETECTED,,,,,0,0,0,NO,YES,NO,NO_AUDITOR_BLOCK_DETECTED;NO_AUDITOR_BLOCK_DETECTED
فخوز|1393,فخوز,1393,فخوز.zip!فخوز_۱۳۹۳_۱۲_۲۹_separate_ن-۱۰_صورتهای مالی سال مالی منتهی به ۱۳۹۳_۱۲_۲۹ (حسابرسی شده).xlsx,OLE2_LEGACY_EXCEL,DETECTED,Sheet1,9,71,63,1,1,14,YES,YES,YES,
فملی|1393,فملی,1393,فملي.zip!فملي_۱۳۹۳_۱۲_۲۹_separate_ن-۱۰_صورتهای مالی سال مالی منتهی به ۱۳۹۳_۱۲_۲۹ (حسابرسی شده).xlsx,OLE2_LEGACY_EXCEL,DETECTED,Sheet1,9,86,78,1,1,14,YES,YES,YES,
غسالم|1392,غسالم,1392,غسالم.zip!غسالم_۱۳۹۲_۱۲_۲۹_separate_ن-۱۰_صورتهای مالی سال مالی منتهی به ۱۳۹۲_۱۲_۲۹ (حسابرسی شده).xlsx,OLE2_LEGACY_EXCEL,DETECTED,Sheet1,9,62,54,1,1,12,YES,YES,YES,
غسالم|1393,غسالم,1393,غسالم.zip!غسالم_۱۳۹۳_۱۲_۲۹_separate_ن-۱۰_صورتهای مالی سال مالی منتهی به ۱۳۹۳_۱۲_۲۹ (حسابرسی شده).xlsx,OLE2_LEGACY_EXCEL,DETECTED,Sheet1,9,60,52,1,1,12,YES,YES,YES,
غسالم|1394,غسالم,1394,غسالم.zip!غسالم_۱۳۹۴_۱۲_۲۹_separate_ن-۱۰_صورت‌های مالی سال مالی منتهی به ۱۳۹۴_۱۲_۲۹ (حسابرسی شده).xlsx,OLE2_LEGACY_EXCEL,DETECTED,Sheet1,9,59,51,1,1,12,YES,YES,YES,
غسالم|1395,غسالم,1395,غسالم.zip!غسالم_۱۳۹۵_۱۲_۳۰_separate_ن-۱۰_صورت‌های مالی سال مالی منتهی به ۱۳۹۵_۱۲_۳۰ (حسابرسی شده).xlsx,OLE2_LEGACY_EXCEL,DETECTED,Sheet1,11,56,46,1,1,12,YES,YES,YES,
غسالم|1396,غسالم,1396,غسالم.zip!غسالم_۱۳۹۶_۱۲_۲۹_separate_ن-۱۰_صورت‌های مالی سال مالی منتهی به ۱۳۹۶_۱۲_۲۹ (حسابرسی شده)(اصلاحیه).xlsx,OLE2_LEGACY_EXCEL,DETECTED,Sheet1,11,58,48,1,1,13,YES,YES,YES,
غسالم|1397,غسالم,1397,غسالم.zip!غسالم_۱۳۹۷_۱۲_۲۹_separate_ن-۱۰_صورت‌های مالی سال مالی منتهی به ۱۳۹۷_۱۲_۲۹ (حسابرسی شده).xlsx,HTML_MISLABELED_XLSX,NOT_DETECTED,,,,,0,0,0,NO,YES,NO,NO_AUDITOR_BLOCK_DETECTED;NO_AUDITOR_BLOCK_DETECTED
غسالم|1398,غسالم,1398,غسالم.zip!غسالم_۱۳۹۸_۱۲_۲۹_separate_ن-۱۰_صورت‌های مالی سال مالی منتهی به ۱۳۹۸_۱۲_۲۹ (حسابرسی شده).xlsx,HTML_MISLABELED_XLSX,NOT_DETECTED,,,,,0,0,0,NO,YES,NO,NO_AUDITOR_BLOCK_DETECTED;NO_AUDITOR_BLOCK_DETECTED
غسالم|1399,غسالم,1399,غسالم.zip!غسالم_۱۳۹۹_۱۲_۳۰_separate_ن-۱۰_صورت‌های مالی سال مالی منتهی به ۱۳۹۹_۱۲_۳۰ (حسابرسی شده).xlsx,HTML_MISLABELED_XLSX,NOT_DETECTED,,,,,0,0,0,NO,YES,NO,NO_AUDITOR_BLOCK_DETECTED;NO_AUDITOR_BLOCK_DETECTED
غسالم|1400,غسالم,1400,غسالم.zip!غسالم_۱۴۰۰_۱۲_۲۹_separate_ن-۱۰_صورت‌های مالی سال مالی منتهی به ۱۴۰۰_۱۲_۲۹ (حسابرسی شده).xlsx,HTML_MISLABELED_XLSX,NOT_DETECTED,,,,,0,0,0,NO,YES,NO,NO_AUDITOR_BLOCK_DETECTED;NO_AUDITOR_BLOCK_DETECTED
غسالم|1401,غسالم,1401,غسالم.zip!غسالم_۱۴۰۱_۱۲_۲۹_separate_ن-۱۰_صورت‌های مالی سال مالی منتهی به ۱۴۰۱_۱۲_۲۹ (حسابرسی شده).xlsx,HTML_MISLABELED_XLSX,NOT_DETECTED,,,,,0,0,0,NO,YES,NO,NO_AUDITOR_BLOCK_DETECTED;NO_AUDITOR_BLOCK_DETECTED
غسالم|1402,غسالم,1402,غسالم.zip!غسالم_۱۴۰۲_۱۲_۲۹_separate_ن-۱۰_صورت‌های مالی سال مالی منتهی به ۱۴۰۲_۱۲_۲۹ (حسابرسی شده).xlsx,HTML_MISLABELED_XLSX,NOT_DETECTED,,,,,0,0,0,NO,YES,NO,NO_AUDITOR_BLOCK_DETECTED;NO_AUDITOR_BLOCK_DETECTED
فمراد|1393,فمراد,1393,فمراد.zip!فمراد_۱۳۹۳_۱۲_۲۹_separate_ن-۱۰_صورتهای مالی سال مالی منتهی به ۱۳۹۳_۱۲_۲۹ (حسابرسی شده).xlsx,OLE2_LEGACY_EXCEL,DETECTED,Sheet1,9,85,77,1,1,12,YES,YES,YES,
فمراد|1394,فمراد,1394,فمراد.zip!فمراد_۱۳۹۴_۱۲_۲۹_separate_ن-۱۰_صورت‌های مالی سال مالی منتهی به ۱۳۹۴_۱۲_۲۹ (حسابرسی شده).xlsx,OLE2_LEGACY_EXCEL,DETECTED,Sheet1,9,95,87,1,1,14,YES,YES,YES,
فمراد|1395,فمراد,1395,فمراد.zip!فمراد_۱۳۹۵_۱۲_۳۰_separate_ن-۱۰_صورت‌های مالی سال مالی منتهی به ۱۳۹۵_۱۲_۳۰ (حسابرسی شده).xlsx,OLE2_LEGACY_EXCEL,DETECTED,Sheet1,11,82,72,1,1,14,YES,YES,YES,
فمراد|1396,فمراد,1396,فمراد.zip!فمراد_۱۳۹۶_۱۲_۲۹_separate_ن-۱۰_صورت‌های مالی سال مالی منتهی به ۱۳۹۶_۱۲_۲۹ (حسابرسی شده).xlsx,OLE2_LEGACY_EXCEL,DETECTED,Sheet1,11,87,77,1,1,14,YES,YES,YES,
فمراد|1397,فمراد,1397,فمراد.zip!فمراد_۱۳۹۷_۱۲_۲۹_separate_ن-۱۰_صورت‌های مالی سال مالی منتهی به ۱۳۹۷_۱۲_۲۹ (حسابرسی شده).xlsx,HTML_MISLABELED_XLSX,NOT_DETECTED,,,,,0,0,0,NO,YES,NO,NO_AUDITOR_BLOCK_DETECTED;NO_AUDITOR_BLOCK_DETECTED
فمراد|1398,فمراد,1398,فمراد.zip!فمراد_۱۳۹۸_۱۲_۲۹_separate_ن-۱۰_صورت‌های مالی سال مالی منتهی به ۱۳۹۸_۱۲_۲۹ (حسابرسی شده).xlsx,HTML_MISLABELED_XLSX,NOT_DETECTED,,,,,0,0,0,NO,YES,NO,NO_AUDITOR_BLOCK_DETECTED;NO_AUDITOR_BLOCK_DETECTED
فمراد|1399,فمراد,1399,فمراد.zip!فمراد_۱۳۹۹_۱۲_۳۰_separate_ن-۱۰_صورت‌های مالی سال مالی منتهی به ۱۳۹۹_۱۲_۳۰ (حسابرسی شده)(اصلاحیه).xlsx,HTML_MISLABELED_XLSX,NOT_DETECTED,,,,,0,0,0,NO,YES,NO,NO_AUDITOR_BLOCK_DETECTED;NO_AUDITOR_BLOCK_DETECTED
فمراد|1400,فمراد,1400,فمراد.zip!فمراد_۱۴۰۰_۱۲_۲۹_separate_ن-۱۰_صورت‌های مالی سال مالی منتهی به ۱۴۰۰_۱۲_۲۹ (حسابرسی شده).xlsx,HTML_MISLABELED_XLSX,NOT_DETECTED,,,,,0,0,0,NO,YES,NO,NO_AUDITOR_BLOCK_DETECTED;NO_AUDITOR_BLOCK_DETECTED
فمراد|1401,فمراد,1401,فمراد.zip!فمراد_۱۴۰۱_۱۲_۲۹_separate_ن-۱۰_صورت‌های مالی سال مالی منتهی به ۱۴۰۱_۱۲_۲۹ (حسابرسی شده).xlsx,HTML_MISLABELED_XLSX,NOT_DETECTED,,,,,0,0,0,NO,YES,NO,NO_AUDITOR_BLOCK_DETECTED;NO_AUDITOR_BLOCK_DETECTED
فنورد|1393,فنورد,1393,فنورد.zip!فنورد_۱۳۹۳_۱۲_۲۹_separate_ن-۱۰_صورتهای مالی سال مالی منتهی به ۱۳۹۳_۱۲_۲۹ (حسابرسی شده).xlsx,OLE2_LEGACY_EXCEL,DETECTED,Sheet1,9,66,58,1,1,13,YES,YES,YES,
فنورد|1394,فنورد,1394,فنورد.zip!فنورد_۱۳۹۴_۱۲_۲۹_separate_ن-۱۰_صورت‌های مالی سال مالی منتهی به ۱۳۹۴_۱۲_۲۹ (حسابرسی شده).xlsx,OLE2_LEGACY_EXCEL,DETECTED,Sheet1,9,72,64,1,1,12,YES,YES,YES,
فنورد|1395,فنورد,1395,فنورد.zip!فنورد_۱۳۹۵_۱۲_۳۰_separate_ن-۱۰_صورت‌های مالی سال مالی منتهی به ۱۳۹۵_۱۲_۳۰ (حسابرسی شده).xlsx,OLE2_LEGACY_EXCEL,DETECTED,Sheet1,11,71,61,1,1,12,YES,YES,YES,
فنورد|1396,فنورد,1396,فنورد.zip!فنورد_۱۳۹۶_۱۲_۲۹_separate_ن-۱۰_صورت‌های مالی سال مالی منتهی به ۱۳۹۶_۱۲_۲۹ (حسابرسی شده).xlsx,OLE2_LEGACY_EXCEL,DETECTED,Sheet1,11,80,70,1,1,12,YES,YES,YES,
فنورد|1397,فنورد,1397,فنورد.zip!فنورد_۱۳۹۷_۱۲_۲۹_separate_ن-۱۰_صورت‌های مالی سال مالی منتهی به ۱۳۹۷_۱۲_۲۹ (حسابرسی شده).xlsx,HTML_MISLABELED_XLSX,NOT_DETECTED,,,,,0,0,0,NO,YES,NO,NO_AUDITOR_BLOCK_DETECTED;NO_AUDITOR_BLOCK_DETECTED
فنورد|1398,فنورد,1398,فنورد.zip!فنورد_۱۳۹۸_۱۲_۲۹_separate_ن-۱۰_صورت‌های مالی سال مالی منتهی به ۱۳۹۸_۱۲_۲۹ (حسابرسی شده).xlsx,HTML_MISLABELED_XLSX,NOT_DETECTED,,,,,0,0,0,NO,YES,NO,NO_AUDITOR_BLOCK_DETECTED;NO_AUDITOR_BLOCK_DETECTED
فنورد|1399,فنورد,1399,فنورد.zip!فنورد_۱۳۹۹_۱۲_۳۰_separate_ن-۱۰_صورت‌های مالی سال مالی منتهی به ۱۳۹۹_۱۲_۳۰ (حسابرسی شده).xlsx,HTML_MISLABELED_XLSX,NOT_DETECTED,,,,,0,0,0,NO,YES,NO,NO_AUDITOR_BLOCK_DETECTED;NO_AUDITOR_BLOCK_DETECTED
فنورد|1400,فنورد,1400,فنورد.zip!فنورد_۱۴۰۰_۱۲_۲۹_separate_ن-۱۰_صورت‌های مالی سال مالی منتهی به ۱۴۰۰_۱۲_۲۹ (حسابرسی شده).xlsx,HTML_MISLABELED_XLSX,NOT_DETECTED,,,,,0,0,0,NO,YES,NO,NO_AUDITOR_BLOCK_DETECTED;NO_AUDITOR_BLOCK_DETECTED
فنورد|1401,فنورد,1401,فنورد.zip!فنورد_۱۴۰۱_۱۲_۲۹_separate_ن-۱۰_صورت‌های مالی سال مالی منتهی به ۱۴۰۱_۱۲_۲۹ (حسابرسی شده).xlsx,HTML_MISLABELED_XLSX,NOT_DETECTED,,,,,0,0,0,NO,YES,NO,NO_AUDITOR_BLOCK_DETECTED;NO_AUDITOR_BLOCK_DETECTED
فنورد|1402,فنورد,1402,فنورد.zip!فنورد_۱۴۰۲_۱۲_۲۹_separate_ن-۱۰_صورت‌های مالی سال مالی منتهی به ۱۴۰۲_۱۲_۲۹ (حسابرسی شده).xlsx,HTML_MISLABELED_XLSX,NOT_DETECTED,,,,,0,0,0,NO,YES,NO,NO_AUDITOR_BLOCK_DETECTED;NO_AUDITOR_BLOCK_DETECTED
فسرب|1393,فسرب,1393,فسرب.zip!فسرب_۱۳۹۳_۱۲_۲۹_separate_ن-۱۰_صورتهای مالی سال مالی منتهی به ۱۳۹۳_۱۲_۲۹ (حسابرسی شده).xlsx,OLE2_LEGACY_EXCEL,DETECTED,Sheet1,9,96,88,1,1,13,YES,YES,YES,
فسرب|1394,فسرب,1394,فسرب.zip!فسرب_۱۳۹۴_۱۲_۲۹_separate_ن-۱۰_صورت‌های مالی سال مالی منتهی به ۱۳۹۴_۱۲_۲۹ (حسابرسی شده).xlsx,OLE2_LEGACY_EXCEL,DETECTED,Sheet1,9,89,81,1,1,13,YES,YES,YES,
فسرب|1395,فسرب,1395,فسرب.zip!فسرب_۱۳۹۵_۱۲_۳۰_separate_ن-۱۰_صورت‌های مالی سال مالی منتهی به ۱۳۹۵_۱۲_۳۰ (حسابرسی شده).xlsx,OLE2_LEGACY_EXCEL,DETECTED,Sheet1,11,97,87,1,1,14,YES,YES,YES,
فسرب|1396,فسرب,1396,فسرب.zip!فسرب_۱۳۹۶_۱۲_۲۹_separate_ن-۱۰_صورت‌های مالی سال مالی منتهی به ۱۳۹۶_۱۲_۲۹ (حسابرسی شده).xlsx,OLE2_LEGACY_EXCEL,DETECTED,Sheet1,11,71,61,1,1,13,YES,YES,YES,
فسرب|1397,فسرب,1397,فسرب.zip!فسرب_۱۳۹۷_۱۲_۲۹_separate_ن-۱۰_صورت‌های مالی سال مالی منتهی به ۱۳۹۷_۱۲_۲۹ (حسابرسی شده).xlsx,HTML_MISLABELED_XLSX,NOT_DETECTED,,,,,0,0,0,NO,YES,NO,NO_AUDITOR_BLOCK_DETECTED;NO_AUDITOR_BLOCK_DETECTED
فسرب|1398,فسرب,1398,فسرب.zip!فسرب_۱۳۹۸_۱۲_۲۹_separate_ن-۱۰_صورت‌های مالی سال مالی منتهی به ۱۳۹۸_۱۲_۲۹ (حسابرسی شده).xlsx,HTML_MISLABELED_XLSX,NOT_DETECTED,,,,,0,0,0,NO,YES,NO,NO_AUDITOR_BLOCK_DETECTED;NO_AUDITOR_BLOCK_DETECTED
فسرب|1399,فسرب,1399,فسرب.zip!فسرب_۱۳۹۹_۱۲_۳۰_separate_ن-۱۰_صورت‌های مالی سال مالی منتهی به ۱۳۹۹_۱۲_۳۰ (حسابرسی شده).xlsx,HTML_MISLABELED_XLSX,NOT_DETECTED,,,,,0,0,0,NO,YES,NO,NO_AUDITOR_BLOCK_DETECTED;NO_AUDITOR_BLOCK_DETECTED
فسرب|1400,فسرب,1400,فسرب.zip!فسرب_۱۴۰۰_۱۲_۲۹_separate_ن-۱۰_صورت‌های مالی سال مالی منتهی به ۱۴۰۰_۱۲_۲۹ (حسابرسی شده).xlsx,HTML_MISLABELED_XLSX,NOT_DETECTED,,,,,0,0,0,NO,YES,NO,NO_AUDITOR_BLOCK_DETECTED;NO_AUDITOR_BLOCK_DETECTED
فسرب|1401,فسرب,1401,فسرب.zip!فسرب_۱۴۰۱_۱۲_۲۹_separate_ن-۱۰_صورت‌های مالی سال مالی منتهی به ۱۴۰۱_۱۲_۲۹ (حسابرسی شده)(اصلاحیه).xlsx,HTML_MISLABELED_XLSX,NOT_DETECTED,,,,,0,0,0,NO,YES,NO,NO_AUDITOR_BLOCK_DETECTED;NO_AUDITOR_BLOCK_DETECTED
فسرب|1402,فسرب,1402,فسرب.zip!فسرب_۱۴۰۲_۱۲_۲۹_separate_ن-۱۰_صورت‌های مالی سال مالی منتهی به ۱۴۰۲_۱۲_۲۹ (حسابرسی شده).xlsx,HTML_MISLABELED_XLSX,NOT_DETECTED,,,,,0,0,0,NO,YES,NO,NO_AUDITOR_BLOCK_DETECTED;NO_AUDITOR_BLOCK_DETECTED
فپنتا|1393,فپنتا,1393,فپنتا.zip!فپنتا_۱۳۹۳_۱۲_۲۹_separate_ن-۱۰_صورتهای مالی سال مالی منتهی به ۱۳۹۳_۱۲_۲۹ (حسابرسی شده).xlsx,OLE2_LEGACY_EXCEL,DETECTED,Sheet1,9,66,58,1,1,12,YES,YES,YES,
فپنتا|1394,فپنتا,1394,فپنتا.zip!فپنتا_۱۳۹۴_۱۲_۲۹_separate_ن-۱۰_صورت‌های مالی سال مالی منتهی به ۱۳۹۴_۱۲_۲۹ (حسابرسی شده).xlsx,OLE2_LEGACY_EXCEL,DETECTED,Sheet1,9,74,66,1,1,13,YES,YES,YES,
فولاژ|1393,فولاژ,1393,فولاژ.zip!فولاژ_۱۳۹۳_۱۲_۲۹_separate_ن-۱۰_صورتهای مالی سال مالی منتهی به ۱۳۹۳_۱۲_۲۹ (حسابرسی شده).xlsx,OLE2_LEGACY_EXCEL,DETECTED,Sheet1,9,97,89,1,1,13,YES,YES,YES,
فولاژ|1394,فولاژ,1394,فولاژ.zip!فولاژ_۱۳۹۴_۱۲_۲۹_separate_ن-۱۰_صورت‌های مالی سال مالی منتهی به ۱۳۹۴_۱۲_۲۹ (حسابرسی شده).xlsx,OLE2_LEGACY_EXCEL,DETECTED,Sheet1,9,82,74,1,1,13,YES,YES,YES,
فولاژ|1395,فولاژ,1395,فولاژ.zip!فولاژ_۱۳۹۵_۱۲_۳۰_separate_ن-۱۰_صورت‌های مالی سال مالی منتهی به ۱۳۹۵_۱۲_۳۰ (حسابرسی شده).xlsx,OLE2_LEGACY_EXCEL,DETECTED,Sheet1,11,79,69,1,1,13,YES,YES,YES,
غبهنوش|1392,غبهنوش,1392,غبهنوش.zip!غبهنوش_۱۳۹۲_۱۲_۲۹_separate_ن-۱۰_صورتهای مالی سال مالی منتهی به ۱۳۹۲_۱۲_۲۹ (حسابرسی شده).xlsx,OLE2_LEGACY_EXCEL,DETECTED,Sheet1,9,84,76,1,1,13,YES,YES,YES,
غبهنوش|1393,غبهنوش,1393,غبهنوش.zip!غبهنوش_۱۳۹۳_۱۲_۲۹_separate_ن-۱۰_صورتهای مالی سال مالی منتهی به ۱۳۹۳_۱۲_۲۹ (حسابرسی شده).xlsx,OLE2_LEGACY_EXCEL,DETECTED,Sheet1,9,81,73,1,1,12,YES,YES,YES,
غبهنوش|1394,غبهنوش,1394,غبهنوش.zip!غبهنوش_۱۳۹۴_۱۲_۲۹_separate_ن-۱۰_صورت‌های مالی سال مالی منتهی به ۱۳۹۴_۱۲_۲۹ (حسابرسی شده).xlsx,OLE2_LEGACY_EXCEL,DETECTED,Sheet1,9,82,74,1,1,12,YES,YES,YES,
غبهنوش|1395,غبهنوش,1395,غبهنوش.zip!غبهنوش_۱۳۹۵_۱۲_۳۰_separate_ن-۱۰_صورت‌های مالی سال مالی منتهی به ۱۳۹۵_۱۲_۳۰ (حسابرسی شده).xlsx,OLE2_LEGACY_EXCEL,DETECTED,Sheet1,11,82,72,1,1,12,YES,YES,YES,
غبهنوش|1396,غبهنوش,1396,غبهنوش.zip!غبهنوش_۱۳۹۶_۱۲_۲۹_separate_ن-۱۰_صورت‌های مالی سال مالی منتهی به ۱۳۹۶_۱۲_۲۹ (حسابرسی شده).xlsx,OLE2_LEGACY_EXCEL,DETECTED,Sheet1,11,84,74,1,1,13,YES,YES,YES,
غبهنوش|1397,غبهنوش,1397,غبهنوش.zip!غبهنوش_۱۳۹۷_۱۲_۲۹_separate_ن-۱۰_صورت‌های مالی سال مالی منتهی به ۱۳۹۷_۱۲_۲۹ (حسابرسی شده).xlsx,HTML_MISLABELED_XLSX,NOT_DETECTED,,,,,0,0,0,NO,YES,NO,NO_AUDITOR_BLOCK_DETECTED;NO_AUDITOR_BLOCK_DETECTED
غبهنوش|1398,غبهنوش,1398,غبهنوش.zip!غبهنوش_۱۳۹۸_۱۲_۲۹_separate_ن-۱۰_صورت‌های مالی سال مالی منتهی به ۱۳۹۸_۱۲_۲۹ (حسابرسی شده).xlsx,HTML_MISLABELED_XLSX,NOT_DETECTED,,,,,0,0,0,NO,YES,NO,NO_AUDITOR_BLOCK_DETECTED;NO_AUDITOR_BLOCK_DETECTED
غبهنوش|1399,غبهنوش,1399,غبهنوش.zip!غبهنوش_۱۳۹۹_۱۲_۳۰_separate_ن-۱۰_صورت‌های مالی سال مالی منتهی به ۱۳۹۹_۱۲_۳۰ (حسابرسی شده).xlsx,HTML_MISLABELED_XLSX,NOT_DETECTED,,,,,0,0,0,NO,YES,NO,NO_AUDITOR_BLOCK_DETECTED;NO_AUDITOR_BLOCK_DETECTED
غبهنوش|1400,غبهنوش,1400,غبهنوش.zip!غبهنوش_۱۴۰۰_۱۲_۲۹_separate_ن-۱۰_صورت‌های مالی سال مالی منتهی به ۱۴۰۰_۱۲_۲۹ (حسابرسی شده).xlsx,HTML_MISLABELED_XLSX,NOT_DETECTED,,,,,0,0,0,NO,YES,NO,NO_AUDITOR_BLOCK_DETECTED;NO_AUDITOR_BLOCK_DETECTED
غبهنوش|1401,غبهنوش,1401,غبهنوش.zip!غبهنوش_۱۴۰۱_۱۲_۲۹_separate_ن-۱۰_صورت‌های مالی سال مالی منتهی به ۱۴۰۱_۱۲_۲۹ (حسابرسی شده).xlsx,HTML_MISLABELED_XLSX,NOT_DETECTED,,,,,0,0,0,NO,YES,NO,NO_AUDITOR_BLOCK_DETECTED;NO_AUDITOR_BLOCK_DETECTED
غبهنوش|1402,غبهنوش,1402,غبهنوش.zip!غبهنوش_۱۴۰۲_۱۲_۲۹_separate_ن-۱۰_صورت‌های مالی سال مالی منتهی به ۱۴۰۲_۱۲_۲۹ (حسابرسی شده).xlsx,HTML_MISLABELED_XLSX,NOT_DETECTED,,,,,0,0,0,NO,YES,NO,NO_AUDITOR_BLOCK_DETECTED;NO_AUDITOR_BLOCK_DETECTED
غدام|1392,غدام,1392,غدام.zip!غدام_۱۳۹۲_۰۹_۳۰_separate_ن-۱۰_صورتهای مالی سال مالی منتهی به ۱۳۹۲_۰۹_۳۰ (حسابرسی شده).xlsx,OLE2_LEGACY_EXCEL,DETECTED,Sheet1,9,77,69,1,1,13,YES,YES,YES,
غدام|1393,غدام,1393,غدام.zip!غدام_۱۳۹۳_۰۹_۳۰_separate_ن-۱۰_صورتهای مالی سال مالی منتهی به ۱۳۹۳_۰۹_۳۰ (حسابرسی شده).xlsx,OLE2_LEGACY_EXCEL,DETECTED,Sheet1,9,93,85,1,1,13,YES,YES,YES,
غدام|1394,غدام,1394,غدام.zip!غدام_۱۳۹۴_۰۹_۳۰_separate_ن-۱۰_صورت‌های مالی سال مالی منتهی به ۱۳۹۴_۰۹_۳۰ (حسابرسی شده).xlsx,OLE2_LEGACY_EXCEL,DETECTED,Sheet1,9,83,75,1,1,12,YES,YES,YES,
غدام|1395,غدام,1395,غدام.zip!غدام_۱۳۹۵_۰۹_۳۰_separate_ن-۱۰_صورت‌های مالی سال مالی منتهی به ۱۳۹۵_۰۹_۳۰ (حسابرسی شده).xlsx,OLE2_LEGACY_EXCEL,DETECTED,Sheet1,11,75,65,1,1,12,YES,YES,YES,
غدام|1396,غدام,1396,غدام.zip!غدام_۱۳۹۶_۰۹_۳۰_separate_ن-۱۰_صورت‌های مالی سال مالی منتهی به ۱۳۹۶_۰۹_۳۰ (حسابرسی شده).xlsx,OLE2_LEGACY_EXCEL,DETECTED,Sheet1,11,91,81,1,1,13,YES,YES,YES,
غدام|1397,غدام,1397,غدام.zip!غدام_۱۳۹۷_۰۹_۳۰_separate_ن-۱۰_صورت‌های مالی سال مالی منتهی به ۱۳۹۷_۰۹_۳۰ (حسابرسی شده).xlsx,HTML_MISLABELED_XLSX,NOT_DETECTED,,,,,0,0,0,NO,YES,NO,NO_AUDITOR_BLOCK_DETECTED;NO_AUDITOR_BLOCK_DETECTED
غدام|1398,غدام,1398,غدام.zip!غدام_۱۳۹۸_۰۹_۳۰_separate_ن-۱۰_صورت‌های مالی سال مالی منتهی به ۱۳۹۸_۰۹_۳۰ (حسابرسی شده).xlsx,HTML_MISLABELED_XLSX,NOT_DETECTED,,,,,0,0,0,NO,YES,NO,NO_AUDITOR_BLOCK_DETECTED;NO_AUDITOR_BLOCK_DETECTED
غدام|1399,غدام,1399,غدام.zip!غدام_۱۳۹۹_۰۹_۳۰_separate_ن-۱۰_صورت‌های مالی سال مالی منتهی به ۱۳۹۹_۰۹_۳۰ (حسابرسی شده).xlsx,HTML_MISLABELED_XLSX,NOT_DETECTED,,,,,0,0,0,NO,YES,NO,NO_AUDITOR_BLOCK_DETECTED;NO_AUDITOR_BLOCK_DETECTED
غدام|1400,غدام,1400,غدام.zip!غدام_۱۴۰۰_۰۹_۳۰_separate_ن-۱۰_صورت‌های مالی سال مالی منتهی به ۱۴۰۰_۰۹_۳۰ (حسابرسی شده).xlsx,HTML_MISLABELED_XLSX,NOT_DETECTED,,,,,0,0,0,NO,YES,NO,NO_AUDITOR_BLOCK_DETECTED;NO_AUDITOR_BLOCK_DETECTED
غدام|1401,غدام,1401,غدام.zip!غدام_۱۴۰۱_۰۹_۳۰_separate_ن-۱۰_صورت‌های مالی سال مالی منتهی به ۱۴۰۱_۰۹_۳۰ (حسابرسی شده).xlsx,HTML_MISLABELED_XLSX,NOT_DETECTED,,,,,0,0,0,NO,YES,NO,NO_AUDITOR_BLOCK_DETECTED;NO_AUDITOR_BLOCK_DETECTED
غدام|1402,غدام,1402,غدام.zip!غدام_۱۴۰۲_۰۹_۳۰_separate_ن-۱۰_صورت‌های مالی سال مالی منتهی به ۱۴۰۲_۰۹_۳۰ (حسابرسی شده).xlsx,HTML_MISLABELED_XLSX,NOT_DETECTED,,,,,0,0,0,NO,YES,NO,NO_AUDITOR_BLOCK_DETECTED;NO_AUDITOR_BLOCK_DETECTED
غگل|1392,غگل,1392,غگل.zip!غگل_۱۳۹۲_۰۶_۳۱_separate_ن-۱۰_صورتهای مالی سال مالی منتهی به ۱۳۹۲_۰۶_۳۱ (حسابرسی شده)(اصلاحیه).xlsx,OLE2_LEGACY_EXCEL,DETECTED,Sheet1,9,72,64,1,1,12,YES,YES,YES,
غگل|1393,غگل,1393,غگل.zip!غگل_۱۳۹۳_۰۶_۳۱_separate_ن-۱۰_صورتهای مالی سال مالی منتهی به ۱۳۹۳_۰۶_۳۱ (حسابرسی شده).xlsx,OLE2_LEGACY_EXCEL,DETECTED,Sheet1,9,70,62,1,1,12,YES,YES,YES,
غگل|1394,غگل,1394,غگل.zip!غگل_۱۳۹۴_۰۶_۳۱_separate_ن-۱۰_صورت‌های مالی سال مالی منتهی به ۱۳۹۴_۰۶_۳۱ (حسابرسی شده).xlsx,OLE2_LEGACY_EXCEL,DETECTED,Sheet1,9,83,75,1,1,13,YES,YES,YES,
غگل|1395,غگل,1395,غگل.zip!غگل_۱۳۹۵_۰۶_۳۱_separate_ن-۱۰_صورت‌های مالی سال مالی منتهی به ۱۳۹۵_۰۶_۳۱ (حسابرسی شده).xlsx,OLE2_LEGACY_EXCEL,DETECTED,Sheet1,11,77,67,1,1,12,YES,YES,YES,
غگل|1396,غگل,1396,غگل.zip!غگل_۱۳۹۶_۰۶_۳۱_separate_ن-۱۰_صورت‌های مالی سال مالی منتهی به ۱۳۹۶_۰۶_۳۱ (حسابرسی شده).xlsx,OLE2_LEGACY_EXCEL,DETECTED,Sheet1,11,85,75,1,1,12,YES,YES,YES,
غگل|1397,غگل,1397,غگل.zip!غگل_۱۳۹۷_۰۶_۳۱_separate_ن-۱۰_صورت‌های مالی سال مالی منتهی به ۱۳۹۷_۰۶_۳۱ (حسابرسی شده).xlsx,HTML_MISLABELED_XLSX,NOT_DETECTED,,,,,0,0,0,NO,YES,NO,NO_AUDITOR_BLOCK_DETECTED;NO_AUDITOR_BLOCK_DETECTED
غگل|1398,غگل,1398,غگل.zip!غگل_۱۳۹۸_۰۶_۳۱_separate_ن-۱۰_صورت‌های مالی سال مالی منتهی به ۱۳۹۸_۰۶_۳۱ (حسابرسی شده).xlsx,HTML_MISLABELED_XLSX,NOT_DETECTED,,,,,0,0,0,NO,YES,NO,NO_AUDITOR_BLOCK_DETECTED;NO_AUDITOR_BLOCK_DETECTED
غگل|1399,غگل,1399,غگل.zip!غگل_۱۳۹۹_۰۶_۳۱_separate_ن-۱۰_صورت‌های مالی سال مالی منتهی به ۱۳۹۹_۰۶_۳۱ (حسابرسی شده).xlsx,HTML_MISLABELED_XLSX,NOT_DETECTED,,,,,0,0,0,NO,YES,NO,NO_AUDITOR_BLOCK_DETECTED;NO_AUDITOR_BLOCK_DETECTED
غگل|1400,غگل,1400,غگل.zip!غگل_۱۴۰۰_۰۶_۳۱_separate_ن-۱۰_صورت‌های مالی سال مالی منتهی به ۱۴۰۰_۰۶_۳۱ (حسابرسی شده).xlsx,HTML_MISLABELED_XLSX,NOT_DETECTED,,,,,0,0,0,NO,YES,NO,NO_AUDITOR_BLOCK_DETECTED;NO_AUDITOR_BLOCK_DETECTED
غگل|1401,غگل,1401,غگل.zip!غگل_۱۴۰۱_۰۶_۳۱_separate_ن-۱۰_صورت‌های مالی سال مالی منتهی به ۱۴۰۱_۰۶_۳۱ (حسابرسی شده).xlsx,HTML_MISLABELED_XLSX,NOT_DETECTED,,,,,0,0,0,NO,YES,NO,NO_AUDITOR_BLOCK_DETECTED;NO_AUDITOR_BLOCK_DETECTED
غنوش|1392,غنوش,1392,غنوش.zip!غنوش_۱۳۹۲_۱۲_۲۹_separate_ن-۱۰_صورتهای مالی سال مالی منتهی به ۱۳۹۲_۱۲_۲۹ (حسابرسی شده).xlsx,OLE2_LEGACY_EXCEL,DETECTED,Sheet1,9,64,56,1,1,13,YES,YES,YES,
غنوش|1393,غنوش,1393,غنوش.zip!غنوش_۱۳۹۳_۱۲_۲۹_separate_ن-۱۰_صورتهای مالی سال مالی منتهی به ۱۳۹۳_۱۲_۲۹ (حسابرسی شده)(اصلاحیه).xlsx,OLE2_LEGACY_EXCEL,DETECTED,Sheet1,9,68,60,1,1,12,YES,YES,YES,
کفرا|1392,کفرا,1392,كفرا.zip!كفرا_۱۳۹۲_۱۲_۲۹_separate_ن-۱۰_صورتهای مالی سال مالی منتهی به ۱۳۹۲_۱۲_۲۹ (حسابرسی شده).xlsx,OLE2_LEGACY_EXCEL,DETECTED,Sheet1,9,95,87,1,1,13,YES,YES,YES,
کفرا|1393,کفرا,1393,كفرا.zip!كفرا_۱۳۹۳_۱۲_۲۹_separate_ن-۱۰_صورتهای مالی سال مالی منتهی به ۱۳۹۳_۱۲_۲۹ (حسابرسی شده).xlsx,OLE2_LEGACY_EXCEL,DETECTED,Sheet1,9,59,51,1,1,11,YES,YES,YES,
کفرا|1394,کفرا,1394,كفرا.zip!كفرا_۱۳۹۴_۱۲_۲۹_separate_ن-۱۰_صورت‌های مالی سال مالی منتهی به ۱۳۹۴_۱۲_۲۹ (حسابرسی شده).xlsx,OLE2_LEGACY_EXCEL,DETECTED,Sheet1,9,57,49,1,1,11,YES,YES,YES,
کفرا|1395,کفرا,1395,كفرا.zip!كفرا_۱۳۹۵_۱۲_۳۰_separate_ن-۱۰_صورت‌های مالی سال مالی منتهی به ۱۳۹۵_۱۲_۳۰ (حسابرسی شده).xlsx,OLE2_LEGACY_EXCEL,DETECTED,Sheet1,11,67,57,1,1,12,YES,YES,YES,
کفرا|1396,کفرا,1396,كفرا.zip!كفرا_۱۳۹۶_۱۲_۲۹_separate_ن-۱۰_صورت‌های مالی سال مالی منتهی به ۱۳۹۶_۱۲_۲۹ (حسابرسی شده).xlsx,OLE2_LEGACY_EXCEL,DETECTED,Sheet1,11,68,58,1,1,14,YES,YES,YES,
کفرا|1397,کفرا,1397,كفرا.zip!كفرا_۱۳۹۷_۱۲_۲۹_separate_ن-۱۰_صورت‌های مالی سال مالی منتهی به ۱۳۹۷_۱۲_۲۹ (حسابرسی شده).xlsx,HTML_MISLABELED_XLSX,NOT_DETECTED,,,,,0,0,0,NO,YES,NO,NO_AUDITOR_BLOCK_DETECTED;NO_AUDITOR_BLOCK_DETECTED
کفرا|1398,کفرا,1398,كفرا.zip!كفرا_۱۳۹۸_۱۲_۲۹_separate_ن-۱۰_صورت‌های مالی سال مالی منتهی به ۱۳۹۸_۱۲_۲۹ (حسابرسی شده).xlsx,HTML_MISLABELED_XLSX,NOT_DETECTED,,,,,0,0,0,NO,YES,NO,NO_AUDITOR_BLOCK_DETECTED;NO_AUDITOR_BLOCK_DETECTED
کفرا|1399,کفرا,1399,كفرا.zip!كفرا_۱۳۹۹_۱۲_۳۰_separate_ن-۱۰_صورت‌های مالی سال مالی منتهی به ۱۳۹۹_۱۲_۳۰ (حسابرسی شده)(اصلاحیه).xlsx,HTML_MISLABELED_XLSX,NOT_DETECTED,,,,,0,0,0,NO,YES,NO,NO_AUDITOR_BLOCK_DETECTED;NO_AUDITOR_BLOCK_DETECTED
کفرا|1400,کفرا,1400,كفرا.zip!كفرا_۱۴۰۰_۱۲_۲۹_separate_ن-۱۰_صورت‌های مالی سال مالی منتهی به ۱۴۰۰_۱۲_۲۹ (حسابرسی شده).xlsx,HTML_MISLABELED_XLSX,NOT_DETECTED,,,,,0,0,0,NO,YES,NO,NO_AUDITOR_BLOCK_DETECTED;NO_AUDITOR_BLOCK_DETECTED
کفرا|1401,کفرا,1401,كفرا.zip!كفرا_۱۴۰۱_۱۲_۲۹_separate_ن-۱۰_صورت‌های مالی سال مالی منتهی به ۱۴۰۱_۱۲_۲۹ (حسابرسی شده).xlsx,HTML_MISLABELED_XLSX,NOT_DETECTED,,,,,0,0,0,NO,YES,NO,NO_AUDITOR_BLOCK_DETECTED;NO_AUDITOR_BLOCK_DETECTED
کفرا|1402,کفرا,1402,كفرا.zip!كفرا_۱۴۰۲_۱۲_۲۹_separate_ن-۱۰_صورت‌های مالی سال مالی منتهی به ۱۴۰۲_۱۲_۲۹ (حسابرسی شده).xlsx,HTML_MISLABELED_XLSX,NOT_DETECTED,,,,,0,0,0,NO,YES,NO,NO_AUDITOR_BLOCK_DETECTED;NO_AUDITOR_BLOCK_DETECTED
غشهد|1392,غشهد,1392,غشهد.zip!غشهد_۱۳۹۲_۱۲_۲۹_separate_ن-۱۰_صورتهای مالی سال مالی منتهی به ۱۳۹۲_۱۲_۲۹ (حسابرسی شده).xlsx,OLE2_LEGACY_EXCEL,DETECTED,Sheet1,9,68,60,1,1,12,YES,YES,YES,
غشهد|1393,غشهد,1393,غشهد.zip!غشهد_۱۳۹۳_۱۲_۲۹_separate_ن-۱۰_صورتهای مالی سال مالی منتهی به ۱۳۹۳_۱۲_۲۹ (حسابرسی شده).xlsx,OLE2_LEGACY_EXCEL,DETECTED,Sheet1,9,73,65,1,1,13,YES,YES,YES,
غشهد|1394,غشهد,1394,غشهد.zip!غشهد_۱۳۹۴_۱۲_۲۹_separate_ن-۱۰_صورت‌های مالی سال مالی منتهی به ۱۳۹۴_۱۲_۲۹ (حسابرسی شده).xlsx,OLE2_LEGACY_EXCEL,DETECTED,Sheet1,9,71,63,1,1,14,YES,YES,YES,
غشهد|1396,غشهد,1396,غشهد.zip!غشهد_۱۳۹۶_۱۲_۲۹_separate_ن-۱۰_صورت‌های مالی سال مالی منتهی به ۱۳۹۶_۱۲_۲۹ (حسابرسی شده).xlsx,OLE2_LEGACY_EXCEL,DETECTED,Sheet1,11,87,77,1,1,14,YES,YES,YES,
غشهد|1397,غشهد,1397,غشهد.zip!غشهد_۱۳۹۷_۱۲_۲۹_separate_ن-۱۰_صورت‌های مالی سال مالی منتهی به ۱۳۹۷_۱۲_۲۹ (حسابرسی شده).xlsx,HTML_MISLABELED_XLSX,NOT_DETECTED,,,,,0,0,0,NO,YES,NO,NO_AUDITOR_BLOCK_DETECTED;NO_AUDITOR_BLOCK_DETECTED
غشهد|1398,غشهد,1398,غشهد.zip!غشهد_۱۳۹۸_۱۲_۲۹_separate_ن-۱۰_صورت‌های مالی سال مالی منتهی به ۱۳۹۸_۱۲_۲۹ (حسابرسی شده).xlsx,HTML_MISLABELED_XLSX,NOT_DETECTED,,,,,0,0,0,NO,YES,NO,NO_AUDITOR_BLOCK_DETECTED;NO_AUDITOR_BLOCK_DETECTED
غشهد|1399,غشهد,1399,غشهد.zip!غشهد_۱۳۹۹_۱۲_۳۰_separate_ن-۱۰_صورت‌های مالی سال مالی منتهی به ۱۳۹۹_۱۲_۳۰ (حسابرسی شده).xlsx,HTML_MISLABELED_XLSX,NOT_DETECTED,,,,,0,0,0,NO,YES,NO,NO_AUDITOR_BLOCK_DETECTED;NO_AUDITOR_BLOCK_DETECTED
غشهد|1400,غشهد,1400,غشهد.zip!غشهد_۱۴۰۰_۱۲_۲۹_separate_ن-۱۰_صورت‌های مالی سال مالی منتهی به ۱۴۰۰_۱۲_۲۹ (حسابرسی شده).xlsx,HTML_MISLABELED_XLSX,NOT_DETECTED,,,,,0,0,0,NO,YES,NO,NO_AUDITOR_BLOCK_DETECTED;NO_AUDITOR_BLOCK_DETECTED
غشهد|1401,غشهد,1401,غشهد.zip!غشهد_۱۴۰۱_۱۲_۲۹_separate_ن-۱۰_صورت‌های مالی سال مالی منتهی به ۱۴۰۱_۱۲_۲۹ (حسابرسی شده).xlsx,HTML_MISLABELED_XLSX,NOT_DETECTED,,,,,0,0,0,NO,YES,NO,NO_AUDITOR_BLOCK_DETECTED;NO_AUDITOR_BLOCK_DETECTED
غشهد|1402,غشهد,1402,غشهد.zip!غشهد_۱۴۰۲_۱۲_۲۹_separate_ن-۱۰_صورت‌های مالی سال مالی منتهی به ۱۴۰۲_۱۲_۲۹ (حسابرسی شده).xlsx,HTML_MISLABELED_XLSX,NOT_DETECTED,,,,,0,0,0,NO,YES,NO,NO_AUDITOR_BLOCK_DETECTED;NO_AUDITOR_BLOCK_DETECTED
غشان|1392,غشان,1392,غشان.zip!غشان_۱۳۹۲_۱۲_۲۹_separate_ن-۱۰_صورتهای مالی سال مالی منتهی به ۱۳۹۲_۱۲_۲۹ (حسابرسی شده).xlsx,OLE2_LEGACY_EXCEL,DETECTED,Sheet1,9,73,65,1,1,12,YES,YES,YES,
غشان|1393,غشان,1393,غشان.zip!غشان_۱۳۹۳_۱۲_۲۹_separate_ن-۱۰_صورتهای مالی سال مالی منتهی به ۱۳۹۳_۱۲_۲۹ (حسابرسی شده)(اصلاحیه).xlsx,OLE2_LEGACY_EXCEL,DETECTED,Sheet1,9,73,65,1,1,12,YES,YES,YES,
غشان|1394,غشان,1394,غشان.zip!غشان_۱۳۹۴_۱۲_۲۹_separate_ن-۱۰_صورت‌های مالی سال مالی منتهی به ۱۳۹۴_۱۲_۲۹ (حسابرسی شده).xlsx,OLE2_LEGACY_EXCEL,DETECTED,Sheet1,9,74,66,1,1,12,YES,YES,YES,
غشان|1395,غشان,1395,غشان.zip!غشان_۱۳۹۵_۱۲_۳۰_separate_ن-۱۰_صورت‌های مالی سال مالی منتهی به ۱۳۹۵_۱۲_۳۰ (حسابرسی شده)(اصلاحیه).xlsx,OLE2_LEGACY_EXCEL,DETECTED,Sheet1,11,73,63,1,1,11,YES,YES,YES,
غشان|1396,غشان,1396,غشان.zip!غشان_۱۳۹۶_۱۲_۲۹_separate_ن-۱۰_صورت‌های مالی سال مالی منتهی به ۱۳۹۶_۱۲_۲۹ (حسابرسی شده).xlsx,OLE2_LEGACY_EXCEL,DETECTED,Sheet1,11,80,70,1,1,14,YES,YES,YES,
غشان|1397,غشان,1397,غشان.zip!غشان_۱۳۹۷_۱۲_۲۹_separate_ن-۱۰_صورت‌های مالی سال مالی منتهی به ۱۳۹۷_۱۲_۲۹ (حسابرسی شده).xlsx,HTML_MISLABELED_XLSX,NOT_DETECTED,,,,,0,0,0,NO,YES,NO,NO_AUDITOR_BLOCK_DETECTED;NO_AUDITOR_BLOCK_DETECTED
غشان|1398,غشان,1398,غشان.zip!غشان_۱۳۹۸_۱۲_۲۹_separate_ن-۱۰_صورت‌های مالی سال مالی منتهی به ۱۳۹۸_۱۲_۲۹ (حسابرسی شده).xlsx,HTML_MISLABELED_XLSX,NOT_DETECTED,,,,,0,0,0,NO,YES,NO,NO_AUDITOR_BLOCK_DETECTED;NO_AUDITOR_BLOCK_DETECTED
غشان|1399,غشان,1399,غشان.zip!غشان_۱۳۹۹_۱۲_۳۰_separate_ن-۱۰_صورت‌های مالی سال مالی منتهی به ۱۳۹۹_۱۲_۳۰ (حسابرسی شده).xlsx,HTML_MISLABELED_XLSX,NOT_DETECTED,,,,,0,0,0,NO,YES,NO,NO_AUDITOR_BLOCK_DETECTED;NO_AUDITOR_BLOCK_DETECTED
غشان|1400,غشان,1400,غشان.zip!غشان_۱۴۰۰_۱۲_۲۹_separate_ن-۱۰_صورت‌های مالی سال مالی منتهی به ۱۴۰۰_۱۲_۲۹ (حسابرسی شده).xlsx,HTML_MISLABELED_XLSX,NOT_DETECTED,,,,,0,0,0,NO,YES,NO,NO_AUDITOR_BLOCK_DETECTED;NO_AUDITOR_BLOCK_DETECTED
غشان|1401,غشان,1401,غشان.zip!غشان_۱۴۰۱_۱۲_۲۹_separate_ن-۱۰_صورت‌های مالی سال مالی منتهی به ۱۴۰۱_۱۲_۲۹ (حسابرسی شده).xlsx,HTML_MISLABELED_XLSX,NOT_DETECTED,,,,,0,0,0,NO,YES,NO,NO_AUDITOR_BLOCK_DETECTED;NO_AUDITOR_BLOCK_DETECTED
حکشتی|1392,حکشتی,1392,حكشتي.zip!حكشتي_۱۳۹۲_۰۳_۳۱_separate_ن-۱۰_صورتهای مالی سال مالی منتهی به ۱۳۹۲_۰۳_۳۱ (حسابرسی شده).xlsx,OLE2_LEGACY_EXCEL,DETECTED,Sheet1,9,83,75,1,1,13,YES,YES,YES,
حکشتی|1393,حکشتی,1393,حكشتي.zip!حكشتي_۱۳۹۳_۰۳_۳۱_separate_ن-۱۰_صورتهای مالی سال مالی منتهی به ۱۳۹۳_۰۳_۳۱ (حسابرسی شده)(اصلاحیه).xlsx,OLE2_LEGACY_EXCEL,DETECTED,Sheet1,9,95,87,1,1,14,YES,YES,YES,
حکشتی|1394,حکشتی,1394,حكشتي.zip!حكشتي_۱۳۹۴_۰۳_۳۱_separate_ن-۱۰_صورت‌های مالی سال مالی منتهی به ۱۳۹۴_۰۳_۳۱ (حسابرسی شده).xlsx,OLE2_LEGACY_EXCEL,DETECTED,Sheet1,9,104,96,1,1,14,YES,YES,YES,
حکشتی|1395,حکشتی,1395,حكشتي.zip!حكشتي_۱۳۹۵_۰۳_۳۱_separate_ن-۱۰_صورت‌های مالی سال مالی منتهی به ۱۳۹۵_۰۳_۳۱ (حسابرسی شده).xlsx,OLE2_LEGACY_EXCEL,DETECTED,Sheet1,9,114,106,1,1,14,YES,YES,YES,
حکشتی|1396,حکشتی,1396,حكشتي.zip!حكشتي_۱۳۹۶_۰۳_۳۱_separate_ن-۱۰_صورت‌های مالی سال مالی منتهی به ۱۳۹۶_۰۳_۳۱ (حسابرسی شده).xlsx,OLE2_LEGACY_EXCEL,DETECTED,Sheet1,11,109,99,1,1,13,YES,YES,YES,
حکشتی|1397,حکشتی,1397,حكشتي.zip!حكشتي_۱۳۹۷_۰۳_۳۱_separate_ن-۱۰_صورت‌های مالی سال مالی منتهی به ۱۳۹۷_۰۳_۳۱ (حسابرسی شده).xlsx,OLE2_LEGACY_EXCEL,DETECTED,Sheet1,11,120,110,1,1,14,YES,YES,YES,
حکشتی|1398,حکشتی,1398,حكشتي.zip!حكشتي_۱۳۹۸_۰۳_۳۱_separate_ن-۱۰_صورت‌های مالی سال مالی منتهی به ۱۳۹۸_۰۳_۳۱ (حسابرسی شده).xlsx,HTML_MISLABELED_XLSX,NOT_DETECTED,,,,,0,0,0,NO,YES,NO,NO_AUDITOR_BLOCK_DETECTED;NO_AUDITOR_BLOCK_DETECTED
حکشتی|1399,حکشتی,1399,حكشتي.zip!حكشتي_۱۳۹۹_۰۳_۳۱_separate_ن-۱۰_صورت‌های مالی سال مالی منتهی به ۱۳۹۹_۰۳_۳۱ (حسابرسی شده).xlsx,HTML_MISLABELED_XLSX,NOT_DETECTED,,,,,0,0,0,NO,YES,NO,NO_AUDITOR_BLOCK_DETECTED;NO_AUDITOR_BLOCK_DETECTED
حکشتی|1400,حکشتی,1400,حكشتي.zip!حكشتي_۱۴۰۰_۰۳_۳۱_separate_ن-۱۰_صورت‌های مالی سال مالی منتهی به ۱۴۰۰_۰۳_۳۱ (حسابرسی شده).xlsx,HTML_MISLABELED_XLSX,NOT_DETECTED,,,,,0,0,0,NO,YES,NO,NO_AUDITOR_BLOCK_DETECTED;NO_AUDITOR_BLOCK_DETECTED
حکشتی|1401,حکشتی,1401,حكشتي.zip!حكشتي_۱۴۰۱_۰۳_۳۱_separate_ن-۱۰_صورت‌های مالی سال مالی منتهی به ۱۴۰۱_۰۳_۳۱ (حسابرسی شده)(اصلاحیه).xlsx,HTML_MISLABELED_XLSX,NOT_DETECTED,,,,,0,0,0,NO,YES,NO,NO_AUDITOR_BLOCK_DETECTED;NO_AUDITOR_BLOCK_DETECTED
حکشتی|1402,حکشتی,1402,حكشتي.zip!حكشتي_۱۴۰۲_۰۳_۳۱_separate_ن-۱۰_صورت‌های مالی سال مالی منتهی به ۱۴۰۲_۰۳_۳۱ (حسابرسی شده).xlsx,HTML_MISLABELED_XLSX,NOT_DETECTED,,,,,0,0,0,NO,YES,NO,NO_AUDITOR_BLOCK_DETECTED;NO_AUDITOR_BLOCK_DETECTED
همراه|1392,همراه,1392,همراه.zip!همراه_۱۳۹۲_۱۲_۲۹_separate_ن-۱۰_صورتهای مالی سال مالی منتهی به ۱۳۹۲_۱۲_۲۹ (حسابرسی شده).xlsx,OLE2_LEGACY_EXCEL,DETECTED,Sheet1,9,60,52,1,1,12,YES,YES,YES,
همراه|1393,همراه,1393,همراه.zip!همراه_۱۳۹۳_۱۲_۲۹_separate_ن-۱۰_صورتهای مالی سال مالی منتهی به ۱۳۹۳_۱۲_۲۹ (حسابرسی شده).xlsx,OLE2_LEGACY_EXCEL,DETECTED,Sheet1,9,60,52,1,1,12,YES,YES,YES,
همراه|1394,همراه,1394,همراه.zip!همراه_۱۳۹۴_۱۲_۲۹_separate_ن-۱۰_صورت‌های مالی سال مالی منتهی به ۱۳۹۴_۱۲_۲۹ (حسابرسی شده).xlsx,OLE2_LEGACY_EXCEL,DETECTED,Sheet1,9,60,52,1,1,12,YES,YES,YES,
حپترو|1392,حپترو,1392,حپترو.zip!حپترو_۱۳۹۲_۱۲_۲۹_separate_ن-۱۰_صورتهای مالی سال مالی منتهی به ۱۳۹۲_۱۲_۲۹ (حسابرسی شده).xlsx,OLE2_LEGACY_EXCEL,DETECTED,Sheet1,9,73,65,1,1,12,YES,YES,YES,
حپترو|1393,حپترو,1393,حپترو.zip!حپترو_۱۳۹۳_۱۲_۲۹_separate_ن-۱۰_صورتهای مالی سال مالی منتهی به ۱۳۹۳_۱۲_۲۹ (حسابرسی شده).xlsx,OLE2_LEGACY_EXCEL,DETECTED,Sheet1,9,72,64,1,1,13,YES,YES,YES,
های وب|1393,های وب,1393,های وب.zip!هاي وب_۱۳۹۳_۱۲_۲۹_separate_ن-۱۰_صورت‌های مالی سال مالی منتهی به ۱۳۹۳_۱۲_۲۹ (حسابرسی شده).xlsx,OLE2_LEGACY_EXCEL,DETECTED,Sheet1,11,72,62,1,1,14,YES,YES,YES,
های وب|1394,های وب,1394,های وب.zip!هاي وب_۱۳۹۴_۱۲_۲۹_separate_ن-۱۰_صورت‌های مالی سال مالی منتهی به ۱۳۹۴_۱۲_۲۹ (حسابرسی شده).xlsx,OLE2_LEGACY_EXCEL,DETECTED,Sheet1,11,63,53,1,1,12,YES,YES,YES,
های وب|1395,های وب,1395,های وب.zip!هاي وب_۱۳۹۵_۱۲_۳۰_separate_ن-۱۰_صورت‌های مالی سال مالی منتهی به ۱۳۹۵_۱۲_۳۰ (حسابرسی شده).xlsx,OLE2_LEGACY_EXCEL,DETECTED,Sheet1,11,56,46,1,1,12,YES,YES,YES,
جم|1393,جم,1393,جم.zip!جم_۱۳۹۳_۱۲_۲۹_separate_ن-۱۰_صورتهای مالی سال مالی منتهی به ۱۳۹۳_۱۲_۲۹ (حسابرسی شده).xlsx,OLE2_LEGACY_EXCEL,DETECTED,Sheet1,9,124,116,1,1,13,YES,YES,YES,
جم پیلن|1397,جم پیلن,1397,جم پيلن.zip!جم پيلن_۱۳۹۷_۱۲_۲۹_separate_ن-۱۰_صورت‌های مالی سال مالی منتهی به ۱۳۹۷_۱۲_۲۹ (حسابرسی شده)(اصلاحیه).xlsx,HTML_MISLABELED_XLSX,NOT_DETECTED,,,,,0,0,0,NO,YES,NO,NO_AUDITOR_BLOCK_DETECTED;NO_AUDITOR_BLOCK_DETECTED
جم پیلن|1398,جم پیلن,1398,جم پيلن.zip!جم پيلن_۱۳۹۸_۱۲_۲۹_separate_ن-۱۰_صورت‌های مالی سال مالی منتهی به ۱۳۹۸_۱۲_۲۹ (حسابرسی شده).xlsx,HTML_MISLABELED_XLSX,NOT_DETECTED,,,,,0,0,0,NO,YES,NO,NO_AUDITOR_BLOCK_DETECTED;NO_AUDITOR_BLOCK_DETECTED
جم پیلن|1399,جم پیلن,1399,جم پيلن.zip!جم پيلن_۱۳۹۹_۱۲_۳۰_separate_ن-۱۰_صورت‌های مالی سال مالی منتهی به ۱۳۹۹_۱۲_۳۰ (حسابرسی شده).xlsx,HTML_MISLABELED_XLSX,NOT_DETECTED,,,,,0,0,0,NO,YES,NO,NO_AUDITOR_BLOCK_DETECTED;NO_AUDITOR_BLOCK_DETECTED
جم پیلن|1400,جم پیلن,1400,جم پيلن.zip!جم پيلن_۱۴۰۰_۱۲_۲۹_separate_ن-۱۰_صورت‌های مالی سال مالی منتهی به ۱۴۰۰_۱۲_۲۹ (حسابرسی شده)(اصلاحیه).xlsx,HTML_MISLABELED_XLSX,NOT_DETECTED,,,,,0,0,0,NO,YES,NO,NO_AUDITOR_BLOCK_DETECTED;NO_AUDITOR_BLOCK_DETECTED
جم پیلن|1401,جم پیلن,1401,جم پيلن.zip!جم پيلن_۱۴۰۱_۱۲_۲۹_separate_ن-۱۰_صورت‌های مالی سال مالی منتهی به ۱۴۰۱_۱۲_۲۹ (حسابرسی شده).xlsx,HTML_MISLABELED_XLSX,NOT_DETECTED,,,,,0,0,0,NO,YES,NO,NO_AUDITOR_BLOCK_DETECTED;NO_AUDITOR_BLOCK_DETECTED
جم پیلن|1402,جم پیلن,1402,جم پيلن.zip!جم پيلن_۱۴۰۲_۱۲_۲۹_separate_ن-۱۰_صورت‌های مالی سال مالی منتهی به ۱۴۰۲_۱۲_۲۹ (حسابرسی شده).xlsx,HTML_MISLABELED_XLSX,NOT_DETECTED,,,,,0,0,0,NO,YES,NO,NO_AUDITOR_BLOCK_DETECTED;NO_AUDITOR_BLOCK_DETECTED
کفپارس|1392,کفپارس,1392,كفپارس.zip!كفپارس_۱۳۹۲_۰۹_۳۰_separate_ن-۱۰_صورتهای مالی سال مالی منتهی به ۱۳۹۲_۰۹_۳۰ (حسابرسی شده).xlsx,OLE2_LEGACY_EXCEL,DETECTED,Sheet1,9,94,86,1,1,14,YES,YES,YES,
کفپارس|1393,کفپارس,1393,كفپارس.zip!كفپارس_۱۳۹۳_۰۹_۳۰_separate_ن-۱۰_صورتهای مالی سال مالی منتهی به ۱۳۹۳_۰۹_۳۰ (حسابرسی شده).xlsx,OLE2_LEGACY_EXCEL,DETECTED,Sheet1,9,84,76,1,1,13,YES,YES,YES,
کفپارس|1394,کفپارس,1394,كفپارس.zip!كفپارس_۱۳۹۴_۰۹_۳۰_separate_ن-۱۰_صورت‌های مالی سال مالی منتهی به ۱۳۹۴_۰۹_۳۰ (حسابرسی شده).xlsx,OLE2_LEGACY_EXCEL,DETECTED,Sheet1,9,82,74,1,1,13,YES,YES,YES,
کفپارس|1395,کفپارس,1395,كفپارس.zip!كفپارس_۱۳۹۵_۰۹_۳۰_separate_ن-۱۰_صورت‌های مالی سال مالی منتهی به ۱۳۹۵_۰۹_۳۰ (حسابرسی شده).xlsx,OLE2_LEGACY_EXCEL,DETECTED,Sheet1,11,90,80,1,1,13,YES,YES,YES,
کفپارس|1396,کفپارس,1396,كفپارس.zip!كفپارس_۱۳۹۶_۰۹_۳۰_separate_ن-۱۰_صورت‌های مالی سال مالی منتهی به ۱۳۹۶_۰۹_۳۰ (حسابرسی شده).xlsx,OLE2_LEGACY_EXCEL,DETECTED,Sheet1,11,118,108,1,1,14,YES,YES,YES,
کفپارس|1397,کفپارس,1397,كفپارس.zip!كفپارس_۱۳۹۷_۰۹_۳۰_separate_ن-۱۰_صورت‌های مالی سال مالی منتهی به ۱۳۹۷_۰۹_۳۰ (حسابرسی شده).xlsx,HTML_MISLABELED_XLSX,NOT_DETECTED,,,,,0,0,0,NO,YES,NO,NO_AUDITOR_BLOCK_DETECTED;NO_AUDITOR_BLOCK_DETECTED
کفپارس|1398,کفپارس,1398,كفپارس.zip!كفپارس_۱۳۹۸_۰۹_۳۰_separate_ن-۱۰_صورت‌های مالی سال مالی منتهی به ۱۳۹۸_۰۹_۳۰ (حسابرسی شده).xlsx,HTML_MISLABELED_XLSX,NOT_DETECTED,,,,,0,0,0,NO,YES,NO,NO_AUDITOR_BLOCK_DETECTED;NO_AUDITOR_BLOCK_DETECTED
کفپارس|1399,کفپارس,1399,كفپارس.zip!كفپارس_۱۳۹۹_۰۹_۳۰_separate_ن-۱۰_صورت‌های مالی سال مالی منتهی به ۱۳۹۹_۰۹_۳۰ (حسابرسی شده).xlsx,HTML_MISLABELED_XLSX,NOT_DETECTED,,,,,0,0,0,NO,YES,NO,NO_AUDITOR_BLOCK_DETECTED;NO_AUDITOR_BLOCK_DETECTED
کفپارس|1400,کفپارس,1400,كفپارس.zip!كفپارس_۱۴۰۰_۰۹_۳۰_separate_ن-۱۰_صورت‌های مالی سال مالی منتهی به ۱۴۰۰_۰۹_۳۰ (حسابرسی شده).xlsx,HTML_MISLABELED_XLSX,NOT_DETECTED,,,,,0,0,0,NO,YES,NO,NO_AUDITOR_BLOCK_DETECTED;NO_AUDITOR_BLOCK_DETECTED
کفپارس|1401,کفپارس,1401,كفپارس.zip!كفپارس_۱۴۰۱_۰۹_۳۰_separate_ن-۱۰_صورت‌های مالی سال مالی منتهی به ۱۴۰۱_۰۹_۳۰ (حسابرسی شده).xlsx,HTML_MISLABELED_XLSX,NOT_DETECTED,,,,,0,0,0,NO,YES,NO,NO_AUDITOR_BLOCK_DETECTED;NO_AUDITOR_BLOCK_DETECTED
کفپارس|1402,کفپارس,1402,كفپارس.zip!كفپارس_۱۴۰۲_۰۹_۳۰_separate_ن-۱۰_صورت‌های مالی سال مالی منتهی به ۱۴۰۲_۰۹_۳۰ (حسابرسی شده).xlsx,HTML_MISLABELED_XLSX,NOT_DETECTED,,,,,0,0,0,NO,YES,NO,NO_AUDITOR_BLOCK_DETECTED;NO_AUDITOR_BLOCK_DETECTED
کاوه|1393,کاوه,1393,كاوه.zip!كاوه_۱۳۹۳_۱۲_۲۹_separate_ن-۱۰_صورتهای مالی سال مالی منتهی به ۱۳۹۳_۱۲_۲۹ (حسابرسی شده).xlsx,OLE2_LEGACY_EXCEL,DETECTED,Sheet1,9,79,71,1,1,12,YES,YES,YES,
کاوه|1394,کاوه,1394,كاوه.zip!كاوه_۱۳۹۴_۱۲_۲۹_separate_ن-۱۰_صورت‌های مالی سال مالی منتهی به ۱۳۹۴_۱۲_۲۹ (حسابرسی شده).xlsx,OLE2_LEGACY_EXCEL,DETECTED,Sheet1,9,78,70,1,1,12,YES,YES,YES,
کاوه|1395,کاوه,1395,كاوه.zip!كاوه_۱۳۹۵_۱۲_۳۰_separate_ن-۱۰_صورت‌های مالی سال مالی منتهی به ۱۳۹۵_۱۲_۳۰ (حسابرسی شده).xlsx,OLE2_LEGACY_EXCEL,DETECTED,Sheet1,11,66,56,1,1,13,YES,YES,YES,
کاوه|1396,کاوه,1396,كاوه.zip!كاوه_۱۳۹۶_۱۲_۲۹_separate_ن-۱۰_صورت‌های مالی سال مالی منتهی به ۱۳۹۶_۱۲_۲۹ (حسابرسی شده).xlsx,OLE2_LEGACY_EXCEL,DETECTED,Sheet1,11,81,71,1,1,14,YES,YES,YES,
کاوه|1397,کاوه,1397,كاوه.zip!كاوه_۱۳۹۷_۱۲_۲۹_separate_ن-۱۰_صورت‌های مالی سال مالی منتهی به ۱۳۹۷_۱۲_۲۹ (حسابرسی شده).xlsx,HTML_MISLABELED_XLSX,NOT_DETECTED,,,,,0,0,0,NO,YES,NO,NO_AUDITOR_BLOCK_DETECTED;NO_AUDITOR_BLOCK_DETECTED
کبافق|1392,کبافق,1392,كبافق.zip!كبافق_۱۳۹۲_۱۲_۲۹_separate_ن-۱۰_صورتهای مالی سال مالی منتهی به ۱۳۹۲_۱۲_۲۹ (حسابرسی شده).xlsx,OLE2_LEGACY_EXCEL,DETECTED,Sheet1,9,65,57,1,1,13,YES,YES,YES,
کبافق|1393,کبافق,1393,كبافق.zip!كبافق_۱۳۹۳_۱۲_۲۹_separate_ن-۱۰_صورتهای مالی سال مالی منتهی به ۱۳۹۳_۱۲_۲۹ (حسابرسی شده).xlsx,OLE2_LEGACY_EXCEL,DETECTED,Sheet1,9,63,55,1,1,13,YES,YES,YES,
کبافق|1394,کبافق,1394,كبافق.zip!كبافق_۱۳۹۴_۱۲_۲۹_separate_ن-۱۰_صورت‌های مالی سال مالی منتهی به ۱۳۹۴_۱۲_۲۹ (حسابرسی شده).xlsx,OLE2_LEGACY_EXCEL,DETECTED,Sheet1,9,64,56,1,1,13,YES,YES,YES,
کبافق|1395,کبافق,1395,كبافق.zip!كبافق_۱۳۹۵_۱۲_۳۰_separate_ن-۱۰_صورت‌های مالی سال مالی منتهی به ۱۳۹۵_۱۲_۳۰ (حسابرسی شده).xlsx,OLE2_LEGACY_EXCEL,DETECTED,Sheet1,11,84,74,1,1,14,YES,YES,YES,
کبافق|1396,کبافق,1396,كبافق.zip!كبافق_۱۳۹۶_۱۲_۲۹_separate_ن-۱۰_صورت‌های مالی سال مالی منتهی به ۱۳۹۶_۱۲_۲۹ (حسابرسی شده).xlsx,OLE2_LEGACY_EXCEL,DETECTED,Sheet1,11,82,72,1,1,14,YES,YES,YES,
کبافق|1397,کبافق,1397,كبافق.zip!كبافق_۱۳۹۷_۱۲_۲۹_separate_ن-۱۰_صورت‌های مالی سال مالی منتهی به ۱۳۹۷_۱۲_۲۹ (حسابرسی شده).xlsx,HTML_MISLABELED_XLSX,NOT_DETECTED,,,,,0,0,0,NO,YES,NO,NO_AUDITOR_BLOCK_DETECTED;NO_AUDITOR_BLOCK_DETECTED
کبافق|1398,کبافق,1398,كبافق.zip!كبافق_۱۳۹۸_۱۲_۲۹_separate_ن-۱۰_صورت‌های مالی سال مالی منتهی به ۱۳۹۸_۱۲_۲۹ (حسابرسی شده).xlsx,HTML_MISLABELED_XLSX,NOT_DETECTED,,,,,0,0,0,NO,YES,NO,NO_AUDITOR_BLOCK_DETECTED;NO_AUDITOR_BLOCK_DETECTED
کبافق|1399,کبافق,1399,كبافق.zip!كبافق_۱۳۹۹_۱۲_۳۰_separate_ن-۱۰_صورت‌های مالی سال مالی منتهی به ۱۳۹۹_۱۲_۳۰ (حسابرسی شده).xlsx,HTML_MISLABELED_XLSX,NOT_DETECTED,,,,,0,0,0,NO,YES,NO,NO_AUDITOR_BLOCK_DETECTED;NO_AUDITOR_BLOCK_DETECTED
کبافق|1400,کبافق,1400,كبافق.zip!كبافق_۱۴۰۰_۱۲_۲۹_separate_ن-۱۰_صورت‌های مالی سال مالی منتهی به ۱۴۰۰_۱۲_۲۹ (حسابرسی شده)(اصلاحیه).xlsx,HTML_MISLABELED_XLSX,NOT_DETECTED,,,,,0,0,0,NO,YES,NO,NO_AUDITOR_BLOCK_DETECTED;NO_AUDITOR_BLOCK_DETECTED
کبافق|1401,کبافق,1401,كبافق.zip!كبافق_۱۴۰۱_۱۲_۲۹_separate_ن-۱۰_صورت‌های مالی سال مالی منتهی به ۱۴۰۱_۱۲_۲۹ (حسابرسی شده).xlsx,HTML_MISLABELED_XLSX,NOT_DETECTED,,,,,0,0,0,NO,YES,NO,NO_AUDITOR_BLOCK_DETECTED;NO_AUDITOR_BLOCK_DETECTED
کبافق|1402,کبافق,1402,كبافق.zip!كبافق_۱۴۰۲_۱۲_۲۹_separate_ن-۱۰_صورت‌های مالی سال مالی منتهی به ۱۴۰۲_۱۲_۲۹ (حسابرسی شده).xlsx,HTML_MISLABELED_XLSX,NOT_DETECTED,,,,,0,0,0,NO,YES,NO,NO_AUDITOR_BLOCK_DETECTED;NO_AUDITOR_BLOCK_DETECTED
کگاز|1392,کگاز,1392,كگاز.zip!كگاز_۱۳۹۲_۱۲_۲۹_separate_ن-۱۰_صورتهای مالی سال مالی منتهی به ۱۳۹۲_۱۲_۲۹ (حسابرسی شده).xlsx,OLE2_LEGACY_EXCEL,DETECTED,Sheet1,9,66,58,1,1,12,YES,YES,YES,
کگاز|1393,کگاز,1393,كگاز.zip!كگاز_۱۳۹۳_۱۲_۲۹_separate_ن-۱۰_صورتهای مالی سال مالی منتهی به ۱۳۹۳_۱۲_۲۹ (حسابرسی شده)(اصلاحیه).xlsx,OLE2_LEGACY_EXCEL,DETECTED,Sheet1,9,66,58,1,1,12,YES,YES,YES,
کگاز|1394,کگاز,1394,كگاز.zip!كگاز_۱۳۹۴_۱۲_۲۹_separate_ن-۱۰_صورت‌های مالی سال مالی منتهی به ۱۳۹۴_۱۲_۲۹ (حسابرسی شده).xlsx,OLE2_LEGACY_EXCEL,DETECTED,Sheet1,9,110,102,1,1,14,YES,YES,YES,
کگاز|1395,کگاز,1395,كگاز.zip!كگاز_۱۳۹۵_۱۲_۳۰_separate_ن-۱۰_صورت‌های مالی سال مالی منتهی به ۱۳۹۵_۱۲_۳۰ (حسابرسی شده).xlsx,OLE2_LEGACY_EXCEL,DETECTED,Sheet1,11,96,86,1,1,12,YES,YES,YES,
کگاز|1396,کگاز,1396,كگاز.zip!كگاز_۱۳۹۶_۱۲_۲۹_separate_ن-۱۰_صورت‌های مالی سال مالی منتهی به ۱۳۹۶_۱۲_۲۹ (حسابرسی شده).xlsx,OLE2_LEGACY_EXCEL,DETECTED,Sheet1,11,88,78,1,1,13,YES,YES,YES,
کگاز|1397,کگاز,1397,كگاز.zip!كگاز_۱۳۹۷_۱۲_۲۹_separate_ن-۱۰_صورت‌های مالی سال مالی منتهی به ۱۳۹۷_۱۲_۲۹ (حسابرسی شده).xlsx,HTML_MISLABELED_XLSX,NOT_DETECTED,,,,,0,0,0,NO,YES,NO,NO_AUDITOR_BLOCK_DETECTED;NO_AUDITOR_BLOCK_DETECTED
کگاز|1398,کگاز,1398,كگاز.zip!كگاز_۱۳۹۸_۱۲_۲۹_separate_ن-۱۰_صورت‌های مالی سال مالی منتهی به ۱۳۹۸_۱۲_۲۹ (حسابرسی شده).xlsx,HTML_MISLABELED_XLSX,NOT_DETECTED,,,,,0,0,0,NO,YES,NO,NO_AUDITOR_BLOCK_DETECTED;NO_AUDITOR_BLOCK_DETECTED
کگاز|1399,کگاز,1399,كگاز.zip!كگاز_۱۳۹۹_۱۲_۳۰_separate_ن-۱۰_صورت‌های مالی سال مالی منتهی به ۱۳۹۹_۱۲_۳۰ (حسابرسی شده).xlsx,HTML_MISLABELED_XLSX,NOT_DETECTED,,,,,0,0,0,NO,YES,NO,NO_AUDITOR_BLOCK_DETECTED;NO_AUDITOR_BLOCK_DETECTED
کگاز|1400,کگاز,1400,كگاز.zip!كگاز_۱۴۰۰_۱۲_۲۹_separate_ن-۱۰_صورت‌های مالی سال مالی منتهی به ۱۴۰۰_۱۲_۲۹ (حسابرسی شده).xlsx,HTML_MISLABELED_XLSX,NOT_DETECTED,,,,,0,0,0,NO,YES,NO,NO_AUDITOR_BLOCK_DETECTED;NO_AUDITOR_BLOCK_DETECTED
کگاز|1401,کگاز,1401,كگاز.zip!كگاز_۱۴۰۱_۱۲_۲۹_separate_ن-۱۰_صورت‌های مالی سال مالی منتهی به ۱۴۰۱_۱۲_۲۹ (حسابرسی شده).xlsx,HTML_MISLABELED_XLSX,NOT_DETECTED,,,,,0,0,0,NO,YES,NO,NO_AUDITOR_BLOCK_DETECTED;NO_AUDITOR_BLOCK_DETECTED
کگاز|1402,کگاز,1402,كگاز.zip!كگاز_۱۴۰۲_۱۲_۲۹_separate_ن-۱۰_صورت‌های مالی سال مالی منتهی به ۱۴۰۲_۱۲_۲۹ (حسابرسی شده).xlsx,HTML_MISLABELED_XLSX,NOT_DETECTED,,,,,0,0,0,NO,YES,NO,NO_AUDITOR_BLOCK_DETECTED;NO_AUDITOR_BLOCK_DETECTED
کگل|1392,کگل,1392,كگل.zip!كگل_۱۳۹۲_۱۲_۲۹_separate_ن-۱۰_صورتهای مالی سال مالی منتهی به ۱۳۹۲_۱۲_۲۹ (حسابرسی شده).xlsx,OLE2_LEGACY_EXCEL,DETECTED,Sheet1,9,119,111,1,1,14,YES,YES,YES,
کگل|1393,کگل,1393,كگل.zip!كگل_۱۳۹۳_۱۲_۲۹_separate_ن-۱۰_صورتهای مالی سال مالی منتهی به ۱۳۹۳_۱۲_۲۹ (حسابرسی شده).xlsx,OLE2_LEGACY_EXCEL,DETECTED,Sheet1,9,111,103,1,1,14,YES,YES,YES,
خاذین|1392,خاذین,1392,خاذين.zip!خاذين_۱۳۹۲_۱۲_۲۹_separate_ن-۱۰_صورتهای مالی سال مالی منتهی به ۱۳۹۲_۱۲_۲۹ (حسابرسی شده).xlsx,OLE2_LEGACY_EXCEL,DETECTED,Sheet1,9,77,69,1,1,14,YES,YES,YES,
خاذین|1393,خاذین,1393,خاذين.zip!خاذين_۱۳۹۳_۱۲_۲۹_separate_ن-۱۰_صورتهای مالی سال مالی منتهی به ۱۳۹۳_۱۲_۲۹ (حسابرسی شده).xlsx,OLE2_LEGACY_EXCEL,DETECTED,Sheet1,9,97,89,1,1,13,YES,YES,YES,
خاذین|1394,خاذین,1394,خاذين.zip!خاذين_۱۳۹۴_۱۲_۲۹_separate_ن-۱۰_صورت‌های مالی سال مالی منتهی به ۱۳۹۴_۱۲_۲۹ (حسابرسی شده).xlsx,OLE2_LEGACY_EXCEL,DETECTED,Sheet1,9,95,87,1,1,14,YES,YES,YES,
خاذین|1395,خاذین,1395,خاذين.zip!خاذين_۱۳۹۵_۱۲_۳۰_separate_ن-۱۰_صورت‌های مالی سال مالی منتهی به ۱۳۹۵_۱۲_۳۰ (حسابرسی شده)(اصلاحیه).xlsx,OLE2_LEGACY_EXCEL,DETECTED,Sheet1,11,79,69,1,1,13,YES,YES,YES,
خاذین|1396,خاذین,1396,خاذين.zip!خاذين_۱۳۹۶_۱۲_۲۹_separate_ن-۱۰_صورت‌های مالی سال مالی منتهی به ۱۳۹۶_۱۲_۲۹ (حسابرسی شده).xlsx,OLE2_LEGACY_EXCEL,DETECTED,Sheet1,11,77,67,1,1,13,YES,YES,YES,
خاذین|1397,خاذین,1397,خاذين.zip!خاذين_۱۳۹۷_۱۲_۲۹_separate_ن-۱۰_صورت‌های مالی سال مالی منتهی به ۱۳۹۷_۱۲_۲۹ (حسابرسی شده).xlsx,HTML_MISLABELED_XLSX,NOT_DETECTED,,,,,0,0,0,NO,YES,NO,NO_AUDITOR_BLOCK_DETECTED;NO_AUDITOR_BLOCK_DETECTED
خاذین|1398,خاذین,1398,خاذين.zip!خاذين_۱۳۹۸_۱۲_۲۹_separate_ن-۱۰_صورت‌های مالی سال مالی منتهی به ۱۳۹۸_۱۲_۲۹ (حسابرسی شده).xlsx,HTML_MISLABELED_XLSX,NOT_DETECTED,,,,,0,0,0,NO,YES,NO,NO_AUDITOR_BLOCK_DETECTED;NO_AUDITOR_BLOCK_DETECTED
خاذین|1399,خاذین,1399,خاذين.zip!خاذين_۱۳۹۹_۱۲_۳۰_separate_ن-۱۰_صورت‌های مالی سال مالی منتهی به ۱۳۹۹_۱۲_۳۰ (حسابرسی شده).xlsx,HTML_MISLABELED_XLSX,NOT_DETECTED,,,,,0,0,0,NO,YES,NO,NO_AUDITOR_BLOCK_DETECTED;NO_AUDITOR_BLOCK_DETECTED
خاذین|1400,خاذین,1400,خاذين.zip!خاذين_۱۴۰۰_۱۲_۲۹_separate_ن-۱۰_صورت‌های مالی سال مالی منتهی به ۱۴۰۰_۱۲_۲۹ (حسابرسی شده).xlsx,HTML_MISLABELED_XLSX,NOT_DETECTED,,,,,0,0,0,NO,YES,NO,NO_AUDITOR_BLOCK_DETECTED;NO_AUDITOR_BLOCK_DETECTED
خاذین|1401,خاذین,1401,خاذين.zip!خاذين_۱۴۰۱_۱۲_۲۹_separate_ن-۱۰_صورت‌های مالی سال مالی منتهی به ۱۴۰۱_۱۲_۲۹ (حسابرسی شده).xlsx,HTML_MISLABELED_XLSX,NOT_DETECTED,,,,,0,0,0,NO,YES,NO,NO_AUDITOR_BLOCK_DETECTED;NO_AUDITOR_BLOCK_DETECTED
خاذین|1402,خاذین,1402,خاذين.zip!خاذين_۱۴۰۲_۱۲_۲۹_separate_ن-۱۰_صورت‌های مالی سال مالی منتهی به ۱۴۰۲_۱۲_۲۹ (حسابرسی شده).xlsx,HTML_MISLABELED_XLSX,NOT_DETECTED,,,,,0,0,0,NO,YES,NO,NO_AUDITOR_BLOCK_DETECTED;NO_AUDITOR_BLOCK_DETECTED
خچرخش|1392,خچرخش,1392,خچرخش.zip!خچرخش_۱۳۹۲_۱۲_۲۹_separate_ن-۱۰_صورتهای مالی سال مالی منتهی به ۱۳۹۲_۱۲_۲۹ (حسابرسی شده).xlsx,OLE2_LEGACY_EXCEL,DETECTED,Sheet1,9,92,84,1,1,13,YES,YES,YES,
خچرخش|1393,خچرخش,1393,خچرخش.zip!خچرخش_۱۳۹۳_۱۲_۲۹_separate_ن-۱۰_صورتهای مالی سال مالی منتهی به ۱۳۹۳_۱۲_۲۹ (حسابرسی شده).xlsx,OLE2_LEGACY_EXCEL,DETECTED,Sheet1,9,83,75,1,1,13,YES,YES,YES,
خچرخش|1394,خچرخش,1394,خچرخش.zip!خچرخش_۱۳۹۴_۱۲_۲۹_separate_ن-۱۰_صورت‌های مالی سال مالی منتهی به ۱۳۹۴_۱۲_۲۹ (حسابرسی شده).xlsx,OLE2_LEGACY_EXCEL,DETECTED,Sheet1,9,80,72,1,1,14,YES,YES,YES,
خچرخش|1395,خچرخش,1395,خچرخش.zip!خچرخش_۱۳۹۵_۱۲_۳۰_separate_ن-۱۰_صورت‌های مالی سال مالی منتهی به ۱۳۹۵_۱۲_۳۰ (حسابرسی شده).xlsx,OLE2_LEGACY_EXCEL,DETECTED,Sheet1,11,80,70,1,1,13,YES,YES,YES,
خچرخش|1396,خچرخش,1396,خچرخش.zip!خچرخش_۱۳۹۶_۱۲_۲۹_separate_ن-۱۰_صورت‌های مالی سال مالی منتهی به ۱۳۹۶_۱۲_۲۹ (حسابرسی شده).xlsx,OLE2_LEGACY_EXCEL,DETECTED,Sheet1,11,75,65,1,1,12,YES,YES,YES,
خچرخش|1397,خچرخش,1397,خچرخش.zip!خچرخش_۱۳۹۷_۱۲_۲۹_separate_ن-۱۰_صورت‌های مالی سال مالی منتهی به ۱۳۹۷_۱۲_۲۹ (حسابرسی شده).xlsx,HTML_MISLABELED_XLSX,NOT_DETECTED,,,,,0,0,0,NO,YES,NO,NO_AUDITOR_BLOCK_DETECTED;NO_AUDITOR_BLOCK_DETECTED
خبهمن|1392,خبهمن,1392,خبهمن.zip!خبهمن_۱۳۹۲_۱۲_۲۹_separate_ن-۱۰_صورتهای مالی سال مالی منتهی به ۱۳۹۲_۱۲_۲۹ (حسابرسی شده).xlsx,OLE2_LEGACY_EXCEL,DETECTED,Sheet1,11,86,76,1,1,14,YES,YES,YES,
خبهمن|1393,خبهمن,1393,خبهمن.zip!خبهمن_۱۳۹۳_۱۲_۲۹_separate_ن-۱۰_صورتهای مالی سال مالی منتهی به ۱۳۹۳_۱۲_۲۹ (حسابرسی شده).xlsx,OLE2_LEGACY_EXCEL,DETECTED,Sheet1,9,68,60,1,1,13,YES,YES,YES,
خبهمن|1394,خبهمن,1394,خبهمن.zip!خبهمن_۱۳۹۴_۱۲_۲۹_separate_ن-۱۰_صورت‌های مالی سال مالی منتهی به ۱۳۹۴_۱۲_۲۹ (حسابرسی شده).xlsx,OLE2_LEGACY_EXCEL,DETECTED,Sheet1,9,83,75,1,1,14,YES,YES,YES,
خبهمن|1395,خبهمن,1395,خبهمن.zip!خبهمن_۱۳۹۵_۱۲_۳۰_separate_ن-۱۰_صورت‌های مالی سال مالی منتهی به ۱۳۹۵_۱۲_۳۰ (حسابرسی شده)(اصلاحیه).xlsx,OLE2_LEGACY_EXCEL,DETECTED,Sheet1,11,118,108,1,1,14,YES,YES,YES,
خبهمن|1396,خبهمن,1396,خبهمن.zip!خبهمن_۱۳۹۶_۱۲_۲۹_separate_ن-۱۰_صورت‌های مالی سال مالی منتهی به ۱۳۹۶_۱۲_۲۹ (حسابرسی شده).xlsx,OLE2_LEGACY_EXCEL,DETECTED,Sheet1,11,112,102,1,1,14,YES,YES,YES,
خبهمن|1397,خبهمن,1397,خبهمن.zip!خبهمن_۱۳۹۷_۱۲_۲۹_separate_ن-۱۰_صورت‌های مالی سال مالی منتهی به ۱۳۹۷_۱۲_۲۹ (حسابرسی شده).xlsx,OLE2_LEGACY_EXCEL,DETECTED,Sheet1,11,100,90,1,1,14,YES,YES,YES,
خبهمن|1398,خبهمن,1398,خبهمن.zip!خبهمن_۱۳۹۸_۱۲_۲۹_separate_ن-۱۰_صورت‌های مالی سال مالی منتهی به ۱۳۹۸_۱۲_۲۹ (حسابرسی شده)(اصلاحیه).xlsx,HTML_MISLABELED_XLSX,NOT_DETECTED,,,,,0,0,0,NO,YES,NO,NO_AUDITOR_BLOCK_DETECTED;NO_AUDITOR_BLOCK_DETECTED
خبهمن|1399,خبهمن,1399,خبهمن.zip!خبهمن_۱۳۹۹_۱۲_۳۰_separate_ن-۱۰_صورت‌های مالی سال مالی منتهی به ۱۳۹۹_۱۲_۳۰ (حسابرسی شده)(اصلاحیه).xlsx,HTML_MISLABELED_XLSX,NOT_DETECTED,,,,,0,0,0,NO,YES,NO,NO_AUDITOR_BLOCK_DETECTED;NO_AUDITOR_BLOCK_DETECTED
خبهمن|1400,خبهمن,1400,خبهمن.zip!خبهمن_۱۴۰۰_۱۲_۲۹_separate_ن-۱۰_صورت‌های مالی سال مالی منتهی به ۱۴۰۰_۱۲_۲۹ (حسابرسی شده).xlsx,HTML_MISLABELED_XLSX,NOT_DETECTED,,,,,0,0,0,NO,YES,NO,NO_AUDITOR_BLOCK_DETECTED;NO_AUDITOR_BLOCK_DETECTED
خبهمن|1401,خبهمن,1401,خبهمن.zip!خبهمن_۱۴۰۱_۱۲_۲۹_separate_ن-۱۰_صورت‌های مالی سال مالی منتهی به ۱۴۰۱_۱۲_۲۹ (حسابرسی شده).xlsx,HTML_MISLABELED_XLSX,NOT_DETECTED,,,,,0,0,0,NO,YES,NO,NO_AUDITOR_BLOCK_DETECTED;NO_AUDITOR_BLOCK_DETECTED
خبهمن|1402,خبهمن,1402,خبهمن.zip!خبهمن_۱۴۰۲_۱۲_۲۹_separate_ن-۱۰_صورت‌های مالی سال مالی منتهی به ۱۴۰۲_۱۲_۲۹ (حسابرسی شده).xlsx,HTML_MISLABELED_XLSX,NOT_DETECTED,,,,,0,0,0,NO,YES,NO,NO_AUDITOR_BLOCK_DETECTED;NO_AUDITOR_BLOCK_DETECTED
خکمک|1392,خکمک,1392,خكمك.zip!خكمك_۱۳۹۲_۱۲_۲۹_separate_ن-۱۰_صورتهای مالی سال مالی منتهی به ۱۳۹۲_۱۲_۲۹ (حسابرسی شده).xlsx,OLE2_LEGACY_EXCEL,DETECTED,Sheet1,9,65,57,1,1,13,YES,YES,YES,
خکمک|1393,خکمک,1393,خكمك.zip!خكمك_۱۳۹۳_۱۲_۲۹_separate_ن-۱۰_صورتهای مالی سال مالی منتهی به ۱۳۹۳_۱۲_۲۹ (حسابرسی شده).xlsx,OLE2_LEGACY_EXCEL,DETECTED,Sheet1,9,62,54,1,1,12,YES,YES,YES,
خکمک|1394,خکمک,1394,خكمك.zip!خكمك_۱۳۹۴_۱۲_۲۹_separate_ن-۱۰_صورت‌های مالی سال مالی منتهی به ۱۳۹۴_۱۲_۲۹ (حسابرسی شده).xlsx,OLE2_LEGACY_EXCEL,DETECTED,Sheet1,9,64,56,1,1,12,YES,YES,YES,
خکمک|1395,خکمک,1395,خكمك.zip!خكمك_۱۳۹۵_۱۲_۳۰_separate_ن-۱۰_صورت‌های مالی سال مالی منتهی به ۱۳۹۵_۱۲_۳۰ (حسابرسی شده).xlsx,OLE2_LEGACY_EXCEL,DETECTED,Sheet1,11,58,48,1,1,11,YES,YES,YES,
خکمک|1396,خکمک,1396,خكمك.zip!خكمك_۱۳۹۶_۱۲_۲۹_separate_ن-۱۰_صورت‌های مالی سال مالی منتهی به ۱۳۹۶_۱۲_۲۹ (حسابرسی شده).xlsx,OLE2_LEGACY_EXCEL,DETECTED,Sheet1,11,67,57,1,1,14,YES,YES,YES,
خکمک|1397,خکمک,1397,خكمك.zip!خكمك_۱۳۹۷_۱۲_۲۹_separate_ن-۱۰_صورت‌های مالی سال مالی منتهی به ۱۳۹۷_۱۲_۲۹ (حسابرسی شده).xlsx,HTML_MISLABELED_XLSX,NOT_DETECTED,,,,,0,0,0,NO,YES,NO,NO_AUDITOR_BLOCK_DETECTED;NO_AUDITOR_BLOCK_DETECTED
خکمک|1398,خکمک,1398,خكمك.zip!خكمك_۱۳۹۸_۱۲_۲۹_separate_ن-۱۰_صورت‌های مالی سال مالی منتهی به ۱۳۹۸_۱۲_۲۹ (حسابرسی شده).xlsx,HTML_MISLABELED_XLSX,NOT_DETECTED,,,,,0,0,0,NO,YES,NO,NO_AUDITOR_BLOCK_DETECTED;NO_AUDITOR_BLOCK_DETECTED
خکمک|1399,خکمک,1399,خكمك.zip!خكمك_۱۳۹۹_۱۲_۳۰_separate_ن-۱۰_صورت‌های مالی سال مالی منتهی به ۱۳۹۹_۱۲_۳۰ (حسابرسی شده).xlsx,HTML_MISLABELED_XLSX,NOT_DETECTED,,,,,0,0,0,NO,YES,NO,NO_AUDITOR_BLOCK_DETECTED;NO_AUDITOR_BLOCK_DETECTED
خکمک|1400,خکمک,1400,خكمك.zip!خكمك_۱۴۰۰_۱۲_۲۹_separate_ن-۱۰_صورت‌های مالی سال مالی منتهی به ۱۴۰۰_۱۲_۲۹ (حسابرسی شده).xlsx,HTML_MISLABELED_XLSX,NOT_DETECTED,,,,,0,0,0,NO,YES,NO,NO_AUDITOR_BLOCK_DETECTED;NO_AUDITOR_BLOCK_DETECTED
خکمک|1401,خکمک,1401,خكمك.zip!خكمك_۱۴۰۱_۱۲_۲۹_separate_ن-۱۰_صورت‌های مالی سال مالی منتهی به ۱۴۰۱_۱۲_۲۹ (حسابرسی شده).xlsx,HTML_MISLABELED_XLSX,NOT_DETECTED,,,,,0,0,0,NO,YES,NO,NO_AUDITOR_BLOCK_DETECTED;NO_AUDITOR_BLOCK_DETECTED
خکمک|1402,خکمک,1402,خكمك.zip!خكمك_۱۴۰۲_۱۲_۲۹_separate_ن-۱۰_صورت‌های مالی سال مالی منتهی به ۱۴۰۲_۱۲_۲۹ (حسابرسی شده)(اصلاحیه).xlsx,HTML_MISLABELED_XLSX,NOT_DETECTED,,,,,0,0,0,NO,YES,NO,NO_AUDITOR_BLOCK_DETECTED;NO_AUDITOR_BLOCK_DETECTED
خمهر|1392,خمهر,1392,خمهر.zip!خمهر_۱۳۹۲_۱۲_۲۹_separate_ن-۱۰_صورتهای مالی سال مالی منتهی به ۱۳۹۲_۱۲_۲۹ (حسابرسی شده).xlsx,OLE2_LEGACY_EXCEL,DETECTED,Sheet1,9,76,68,1,1,12,YES,YES,YES,
خمهر|1393,خمهر,1393,خمهر.zip!خمهر_۱۳۹۳_۱۲_۲۹_separate_ن-۱۰_صورتهای مالی سال مالی منتهی به ۱۳۹۳_۱۲_۲۹ (حسابرسی شده).xlsx,OLE2_LEGACY_EXCEL,DETECTED,Sheet1,9,70,62,1,1,12,YES,YES,YES,
خمهر|1394,خمهر,1394,خمهر.zip!خمهر_۱۳۹۴_۱۲_۲۹_separate_ن-۱۰_صورت‌های مالی سال مالی منتهی به ۱۳۹۴_۱۲_۲۹ (حسابرسی شده).xlsx,OLE2_LEGACY_EXCEL,DETECTED,Sheet1,9,89,81,1,1,13,YES,YES,YES,
خمهر|1395,خمهر,1395,خمهر.zip!خمهر_۱۳۹۵_۱۲_۳۰_separate_ن-۱۰_صورت‌های مالی سال مالی منتهی به ۱۳۹۵_۱۲_۳۰ (حسابرسی شده).xlsx,OLE2_LEGACY_EXCEL,DETECTED,Sheet1,11,71,61,1,1,13,YES,YES,YES,
خمهر|1396,خمهر,1396,خمهر.zip!خمهر_۱۳۹۶_۱۲_۲۹_separate_ن-۱۰_صورت‌های مالی سال مالی منتهی به ۱۳۹۶_۱۲_۲۹ (حسابرسی شده).xlsx,OLE2_LEGACY_EXCEL,DETECTED,Sheet1,11,68,58,1,1,13,YES,YES,YES,
خمهر|1397,خمهر,1397,خمهر.zip!خمهر_۱۳۹۷_۱۲_۲۹_separate_ن-۱۰_صورت‌های مالی سال مالی منتهی به ۱۳۹۷_۱۲_۲۹ (حسابرسی شده).xlsx,HTML_MISLABELED_XLSX,NOT_DETECTED,,,,,0,0,0,NO,YES,NO,NO_AUDITOR_BLOCK_DETECTED;NO_AUDITOR_BLOCK_DETECTED
خمهر|1398,خمهر,1398,خمهر.zip!خمهر_۱۳۹۸_۱۲_۲۹_separate_ن-۱۰_صورت‌های مالی سال مالی منتهی به ۱۳۹۸_۱۲_۲۹ (حسابرسی شده).xlsx,HTML_MISLABELED_XLSX,NOT_DETECTED,,,,,0,0,0,NO,YES,NO,NO_AUDITOR_BLOCK_DETECTED;NO_AUDITOR_BLOCK_DETECTED
خمهر|1399,خمهر,1399,خمهر.zip!خمهر_۱۳۹۹_۱۲_۳۰_separate_ن-۱۰_صورت‌های مالی سال مالی منتهی به ۱۳۹۹_۱۲_۳۰ (حسابرسی شده).xlsx,HTML_MISLABELED_XLSX,NOT_DETECTED,,,,,0,0,0,NO,YES,NO,NO_AUDITOR_BLOCK_DETECTED;NO_AUDITOR_BLOCK_DETECTED
خمهر|1400,خمهر,1400,خمهر.zip!خمهر_۱۴۰۰_۱۲_۲۹_separate_ن-۱۰_صورت‌های مالی سال مالی منتهی به ۱۴۰۰_۱۲_۲۹ (حسابرسی شده).xlsx,HTML_MISLABELED_XLSX,NOT_DETECTED,,,,,0,0,0,NO,YES,NO,NO_AUDITOR_BLOCK_DETECTED;NO_AUDITOR_BLOCK_DETECTED
خمهر|1401,خمهر,1401,خمهر.zip!خمهر_۱۴۰۱_۱۲_۲۹_separate_ن-۱۰_صورت‌های مالی سال مالی منتهی به ۱۴۰۱_۱۲_۲۹ (حسابرسی شده).xlsx,HTML_MISLABELED_XLSX,NOT_DETECTED,,,,,0,0,0,NO,YES,NO,NO_AUDITOR_BLOCK_DETECTED;NO_AUDITOR_BLOCK_DETECTED
خمهر|1402,خمهر,1402,خمهر.zip!خمهر_۱۴۰۲_۱۲_۲۹_separate_ن-۱۰_صورت‌های مالی سال مالی منتهی به ۱۴۰۲_۱۲_۲۹ (حسابرسی شده).xlsx,HTML_MISLABELED_XLSX,NOT_DETECTED,,,,,0,0,0,NO,YES,NO,NO_AUDITOR_BLOCK_DETECTED;NO_AUDITOR_BLOCK_DETECTED
کهمدا|1392,کهمدا,1392,كهمدا.zip!كهمدا_۱۳۹۲_۰۳_۳۱_separate_ن-۱۰_صورتهای مالی سال مالی منتهی به ۱۳۹۲_۰۳_۳۱ (حسابرسی شده).xlsx,OLE2_LEGACY_EXCEL,DETECTED,Sheet1,9,76,68,1,1,13,YES,YES,YES,
کهمدا|1393,کهمدا,1393,كهمدا.zip!كهمدا_۱۳۹۳_۰۳_۳۱_separate_ن-۱۰_صورتهای مالی سال مالی منتهی به ۱۳۹۳_۰۳_۳۱ (حسابرسی شده).xlsx,OLE2_LEGACY_EXCEL,DETECTED,Sheet1,9,63,55,1,1,13,YES,YES,YES,
کهمدا|1394,کهمدا,1394,كهمدا.zip!كهمدا_۱۳۹۴_۰۳_۳۱_separate_ن-۱۰_صورت‌های مالی سال مالی منتهی به ۱۳۹۴_۰۳_۳۱ (حسابرسی شده).xlsx,OLE2_LEGACY_EXCEL,DETECTED,Sheet1,9,64,56,1,1,14,YES,YES,YES,
کهمدا|1395,کهمدا,1395,كهمدا.zip!كهمدا_۱۳۹۵_۰۳_۳۱_separate_ن-۱۰_صورت‌های مالی سال مالی منتهی به ۱۳۹۵_۰۳_۳۱ (حسابرسی شده).xlsx,OLE2_LEGACY_EXCEL,DETECTED,Sheet1,9,64,56,1,1,13,YES,YES,YES,
کهمدا|1396,کهمدا,1396,كهمدا.zip!كهمدا_۱۳۹۶_۰۳_۳۱_separate_ن-۱۰_صورت‌های مالی سال مالی منتهی به ۱۳۹۶_۰۳_۳۱ (حسابرسی شده).xlsx,OLE2_LEGACY_EXCEL,DETECTED,Sheet1,11,64,54,1,1,13,YES,YES,YES,
کهمدا|1397,کهمدا,1397,كهمدا.zip!كهمدا_۱۳۹۷_۰۳_۳۱_separate_ن-۱۰_صورت‌های مالی سال مالی منتهی به ۱۳۹۷_۰۳_۳۱ (حسابرسی شده).xlsx,HTML_MISLABELED_XLSX,NOT_DETECTED,,,,,0,0,0,NO,YES,NO,NO_AUDITOR_BLOCK_DETECTED;NO_AUDITOR_BLOCK_DETECTED
کهمدا|1398,کهمدا,1398,كهمدا.zip!كهمدا_۱۳۹۸_۰۳_۳۱_separate_ن-۱۰_صورت‌های مالی سال مالی منتهی به ۱۳۹۸_۰۳_۳۱ (حسابرسی شده).xlsx,HTML_MISLABELED_XLSX,NOT_DETECTED,,,,,0,0,0,NO,YES,NO,NO_AUDITOR_BLOCK_DETECTED;NO_AUDITOR_BLOCK_DETECTED
کهمدا|1399,کهمدا,1399,كهمدا.zip!كهمدا_۱۳۹۹_۰۳_۳۱_separate_ن-۱۰_صورت‌های مالی سال مالی منتهی به ۱۳۹۹_۰۳_۳۱ (حسابرسی شده).xlsx,HTML_MISLABELED_XLSX,NOT_DETECTED,,,,,0,0,0,NO,YES,NO,NO_AUDITOR_BLOCK_DETECTED;NO_AUDITOR_BLOCK_DETECTED
کهمدا|1400,کهمدا,1400,كهمدا.zip!كهمدا_۱۴۰۰_۰۳_۳۱_separate_ن-۱۰_صورت‌های مالی سال مالی منتهی به ۱۴۰۰_۰۳_۳۱ (حسابرسی شده).xlsx,HTML_MISLABELED_XLSX,NOT_DETECTED,,,,,0,0,0,NO,YES,NO,NO_AUDITOR_BLOCK_DETECTED;NO_AUDITOR_BLOCK_DETECTED
کهمدا|1401,کهمدا,1401,كهمدا.zip!كهمدا_۱۴۰۱_۰۳_۳۱_separate_ن-۱۰_صورت‌های مالی سال مالی منتهی به ۱۴۰۱_۰۳_۳۱ (حسابرسی شده)(اصلاحیه).xlsx,HTML_MISLABELED_XLSX,NOT_DETECTED,,,,,0,0,0,NO,YES,NO,NO_AUDITOR_BLOCK_DETECTED;NO_AUDITOR_BLOCK_DETECTED
کهمدا|1402,کهمدا,1402,كهمدا.zip!كهمدا_۱۴۰۲_۰۳_۳۱_separate_ن-۱۰_صورت‌های مالی سال مالی منتهی به ۱۴۰۲_۰۳_۳۱ (حسابرسی شده).xlsx,HTML_MISLABELED_XLSX,NOT_DETECTED,,,,,0,0,0,NO,YES,NO,NO_AUDITOR_BLOCK_DETECTED;NO_AUDITOR_BLOCK_DETECTED
خمحور|1392,خمحور,1392,خمحور.zip!خمحور_۱۳۹۲_۱۲_۲۹_separate_ن-۱۰_صورتهای مالی سال مالی منتهی به ۱۳۹۲_۱۲_۲۹ (حسابرسی شده).xlsx,OLE2_LEGACY_EXCEL,DETECTED,Sheet1,9,79,71,1,1,12,YES,YES,YES,
خمحور|1393,خمحور,1393,خمحور.zip!خمحور_۱۳۹۳_۱۲_۲۹_separate_ن-۱۰_صورتهای مالی سال مالی منتهی به ۱۳۹۳_۱۲_۲۹ (حسابرسی شده).xlsx,OLE2_LEGACY_EXCEL,DETECTED,Sheet1,9,66,58,1,1,12,YES,YES,YES,
خمحور|1394,خمحور,1394,خمحور.zip!خمحور_۱۳۹۴_۱۲_۲۹_separate_ن-۱۰_صورت‌های مالی سال مالی منتهی به ۱۳۹۴_۱۲_۲۹ (حسابرسی شده).xlsx,OLE2_LEGACY_EXCEL,DETECTED,Sheet1,11,58,48,1,1,12,YES,YES,YES,
خمحور|1395,خمحور,1395,خمحور.zip!خمحور_۱۳۹۵_۱۲_۳۰_separate_ن-۱۰_صورت‌های مالی سال مالی منتهی به ۱۳۹۵_۱۲_۳۰ (حسابرسی شده).xlsx,OLE2_LEGACY_EXCEL,DETECTED,Sheet1,11,63,53,1,1,12,YES,YES,YES,
خمحور|1396,خمحور,1396,خمحور.zip!خمحور_۱۳۹۶_۱۲_۲۹_separate_ن-۱۰_صورت‌های مالی سال مالی منتهی به ۱۳۹۶_۱۲_۲۹ (حسابرسی شده).xlsx,HTML_MISLABELED_XLSX,NOT_DETECTED,,,,,0,0,0,NO,YES,NO,NO_AUDITOR_BLOCK_DETECTED;NO_AUDITOR_BLOCK_DETECTED
خمحور|1397,خمحور,1397,خمحور.zip!خمحور_۱۳۹۷_۱۲_۲۹_separate_ن-۱۰_صورت‌های مالی سال مالی منتهی به ۱۳۹۷_۱۲_۲۹ (حسابرسی شده).xlsx,HTML_MISLABELED_XLSX,NOT_DETECTED,,,,,0,0,0,NO,YES,NO,NO_AUDITOR_BLOCK_DETECTED;NO_AUDITOR_BLOCK_DETECTED
خمحور|1398,خمحور,1398,خمحور.zip!خمحور_۱۳۹۸_۱۲_۲۹_separate_ن-۱۰_صورت‌های مالی سال مالی منتهی به ۱۳۹۸_۱۲_۲۹ (حسابرسی شده).xlsx,HTML_MISLABELED_XLSX,NOT_DETECTED,,,,,0,0,0,NO,YES,NO,NO_AUDITOR_BLOCK_DETECTED;NO_AUDITOR_BLOCK_DETECTED
خمحور|1399,خمحور,1399,خمحور.zip!خمحور_۱۳۹۹_۱۲_۳۰_separate_ن-۱۰_صورت‌های مالی سال مالی منتهی به ۱۳۹۹_۱۲_۳۰ (حسابرسی شده).xlsx,HTML_MISLABELED_XLSX,NOT_DETECTED,,,,,0,0,0,NO,YES,NO,NO_AUDITOR_BLOCK_DETECTED;NO_AUDITOR_BLOCK_DETECTED
خمحور|1400,خمحور,1400,خمحور.zip!خمحور_۱۴۰۰_۱۲_۲۹_separate_ن-۱۰_صورت‌های مالی سال مالی منتهی به ۱۴۰۰_۱۲_۲۹ (حسابرسی شده).xlsx,HTML_MISLABELED_XLSX,NOT_DETECTED,,,,,0,0,0,NO,YES,NO,NO_AUDITOR_BLOCK_DETECTED;NO_AUDITOR_BLOCK_DETECTED
خمحور|1401,خمحور,1401,خمحور.zip!خمحور_۱۴۰۱_۱۲_۲۹_separate_ن-۱۰_صورت‌های مالی سال مالی منتهی به ۱۴۰۱_۱۲_۲۹ (حسابرسی شده).xlsx,HTML_MISLABELED_XLSX,NOT_DETECTED,,,,,0,0,0,NO,YES,NO,NO_AUDITOR_BLOCK_DETECTED;NO_AUDITOR_BLOCK_DETECTED
خمحور|1402,خمحور,1402,خمحور.zip!خمحور_۱۴۰۲_۱۲_۲۹_separate_ن-۱۰_صورت‌های مالی سال مالی منتهی به ۱۴۰۲_۱۲_۲۹ (حسابرسی شده).xlsx,HTML_MISLABELED_XLSX,NOT_DETECTED,,,,,0,0,0,NO,YES,NO,NO_AUDITOR_BLOCK_DETECTED;NO_AUDITOR_BLOCK_DETECTED
خنصیر|1392,خنصیر,1392,خنصير.zip!خنصير_۱۳۹۲_۱۲_۲۹_separate_ن-۱۰_صورتهای مالی سال مالی منتهی به ۱۳۹۲_۱۲_۲۹ (حسابرسی شده).xlsx,OLE2_LEGACY_EXCEL,DETECTED,Sheet1,9,55,47,1,1,12,YES,YES,YES,
خنصیر|1393,خنصیر,1393,خنصير.zip!خنصير_۱۳۹۳_۱۲_۲۹_separate_ن-۱۰_صورتهای مالی سال مالی منتهی به ۱۳۹۳_۱۲_۲۹ (حسابرسی شده).xlsx,OLE2_LEGACY_EXCEL,DETECTED,Sheet1,9,53,45,1,1,10,YES,YES,YES,
خوساز|1393,خوساز,1393,خوساز.zip!خوساز_۱۳۹۳_۱۲_۲۹_separate_ن-۱۰_صورتهای مالی سال مالی منتهی به ۱۳۹۳_۱۲_۲۹ (حسابرسی شده).xlsx,OLE2_LEGACY_EXCEL,DETECTED,Sheet1,9,106,98,1,1,13,YES,YES,YES,
خوساز|1394,خوساز,1394,خوساز.zip!خوساز_۱۳۹۴_۱۲_۲۹_separate_ن-۱۰_صورت‌های مالی سال مالی منتهی به ۱۳۹۴_۱۲_۲۹ (حسابرسی شده).xlsx,OLE2_LEGACY_EXCEL,DETECTED,Sheet1,9,91,83,1,1,13,YES,YES,YES,
خوساز|1395,خوساز,1395,خوساز.zip!خوساز_۱۳۹۵_۱۲_۳۰_separate_ن-۱۰_صورت‌های مالی سال مالی منتهی به ۱۳۹۵_۱۲_۳۰ (حسابرسی شده).xlsx,OLE2_LEGACY_EXCEL,DETECTED,Sheet1,11,83,73,1,1,13,YES,YES,YES,
خوساز|1396,خوساز,1396,خوساز.zip!خوساز_۱۳۹۶_۱۲_۲۹_separate_ن-۱۰_صورت‌های مالی سال مالی منتهی به ۱۳۹۶_۱۲_۲۹ (حسابرسی شده).xlsx,OLE2_LEGACY_EXCEL,DETECTED,Sheet1,11,71,61,1,1,14,YES,YES,YES,
خوساز|1397,خوساز,1397,خوساز.zip!خوساز_۱۳۹۷_۱۲_۲۹_separate_ن-۱۰_صورت‌های مالی سال مالی منتهی به ۱۳۹۷_۱۲_۲۹ (حسابرسی شده)(اصلاحیه).xlsx,HTML_MISLABELED_XLSX,NOT_DETECTED,,,,,0,0,0,NO,YES,NO,NO_AUDITOR_BLOCK_DETECTED;NO_AUDITOR_BLOCK_DETECTED
خوساز|1398,خوساز,1398,خوساز.zip!خوساز_۱۳۹۸_۱۲_۲۹_separate_ن-۱۰_صورت‌های مالی سال مالی منتهی به ۱۳۹۸_۱۲_۲۹ (حسابرسی شده).xlsx,HTML_MISLABELED_XLSX,NOT_DETECTED,,,,,0,0,0,NO,YES,NO,NO_AUDITOR_BLOCK_DETECTED;NO_AUDITOR_BLOCK_DETECTED
خوساز|1399,خوساز,1399,خوساز.zip!خوساز_۱۳۹۹_۱۲_۳۰_separate_ن-۱۰_صورت‌های مالی سال مالی منتهی به ۱۳۹۹_۱۲_۳۰ (حسابرسی شده)(اصلاحیه).xlsx,HTML_MISLABELED_XLSX,NOT_DETECTED,,,,,0,0,0,NO,YES,NO,NO_AUDITOR_BLOCK_DETECTED;NO_AUDITOR_BLOCK_DETECTED
خوساز|1400,خوساز,1400,خوساز.zip!خوساز_۱۴۰۰_۱۲_۲۹_separate_ن-۱۰_صورت‌های مالی سال مالی منتهی به ۱۴۰۰_۱۲_۲۹ (حسابرسی شده).xlsx,HTML_MISLABELED_XLSX,NOT_DETECTED,,,,,0,0,0,NO,YES,NO,NO_AUDITOR_BLOCK_DETECTED;NO_AUDITOR_BLOCK_DETECTED
خوساز|1401,خوساز,1401,خوساز.zip!خوساز_۱۴۰۱_۱۲_۲۹_separate_ن-۱۰_صورت‌های مالی سال مالی منتهی به ۱۴۰۱_۱۲_۲۹ (حسابرسی شده).xlsx,HTML_MISLABELED_XLSX,NOT_DETECTED,,,,,0,0,0,NO,YES,NO,NO_AUDITOR_BLOCK_DETECTED;NO_AUDITOR_BLOCK_DETECTED
خوساز|1402,خوساز,1402,خوساز.zip!خوساز_۱۴۰۲_۱۲_۲۹_separate_ن-۱۰_صورت‌های مالی سال مالی منتهی به ۱۴۰۲_۱۲_۲۹ (حسابرسی شده).xlsx,HTML_MISLABELED_XLSX,NOT_DETECTED,,,,,0,0,0,NO,YES,NO,NO_AUDITOR_BLOCK_DETECTED;NO_AUDITOR_BLOCK_DETECTED
خرینگ|1392,خرینگ,1392,خرينگ.zip!خرينگ_۱۳۹۲_۱۲_۲۹_separate_ن-۱۰_صورتهای مالی سال مالی منتهی به ۱۳۹۲_۱۲_۲۹ (حسابرسی شده).xlsx,OLE2_LEGACY_EXCEL,DETECTED,Sheet1,9,63,55,1,1,12,YES,YES,YES,
خرینگ|1393,خرینگ,1393,خرينگ.zip!خرينگ_۱۳۹۳_۱۲_۲۹_separate_ن-۱۰_صورتهای مالی سال مالی منتهی به ۱۳۹۳_۱۲_۲۹ (حسابرسی شده).xlsx,OLE2_LEGACY_EXCEL,DETECTED,Sheet1,9,58,50,1,1,12,YES,YES,YES,
خرینگ|1394,خرینگ,1394,خرينگ.zip!خرينگ_۱۳۹۴_۱۲_۲۹_separate_ن-۱۰_صورت‌های مالی سال مالی منتهی به ۱۳۹۴_۱۲_۲۹ (حسابرسی شده).xlsx,OLE2_LEGACY_EXCEL,DETECTED,Sheet1,9,77,69,1,1,12,YES,YES,YES,
خرینگ|1395,خرینگ,1395,خرينگ.zip!خرينگ_۱۳۹۵_۱۲_۳۰_separate_ن-۱۰_صورت‌های مالی سال مالی منتهی به ۱۳۹۵_۱۲_۳۰ (حسابرسی شده).xlsx,OLE2_LEGACY_EXCEL,DETECTED,Sheet1,11,74,64,1,1,11,YES,YES,YES,
خرینگ|1396,خرینگ,1396,خرينگ.zip!خرينگ_۱۳۹۶_۱۲_۲۹_separate_ن-۱۰_صورت‌های مالی سال مالی منتهی به ۱۳۹۶_۱۲_۲۹ (حسابرسی شده).xlsx,OLE2_LEGACY_EXCEL,DETECTED,Sheet1,11,89,79,1,1,13,YES,YES,YES,
خرینگ|1397,خرینگ,1397,خرينگ.zip!خرينگ_۱۳۹۷_۱۲_۲۹_separate_ن-۱۰_صورت‌های مالی سال مالی منتهی به ۱۳۹۷_۱۲_۲۹ (حسابرسی شده).xlsx,HTML_MISLABELED_XLSX,NOT_DETECTED,,,,,0,0,0,NO,YES,NO,NO_AUDITOR_BLOCK_DETECTED;NO_AUDITOR_BLOCK_DETECTED
خرینگ|1398,خرینگ,1398,خرينگ.zip!خرينگ_۱۳۹۸_۱۲_۲۹_separate_ن-۱۰_صورت‌های مالی سال مالی منتهی به ۱۳۹۸_۱۲_۲۹ (حسابرسی شده).xlsx,HTML_MISLABELED_XLSX,NOT_DETECTED,,,,,0,0,0,NO,YES,NO,NO_AUDITOR_BLOCK_DETECTED;NO_AUDITOR_BLOCK_DETECTED
خرینگ|1399,خرینگ,1399,خرينگ.zip!خرينگ_۱۳۹۹_۱۲_۳۰_separate_ن-۱۰_صورت‌های مالی سال مالی منتهی به ۱۳۹۹_۱۲_۳۰ (حسابرسی شده).xlsx,HTML_MISLABELED_XLSX,NOT_DETECTED,,,,,0,0,0,NO,YES,NO,NO_AUDITOR_BLOCK_DETECTED;NO_AUDITOR_BLOCK_DETECTED
خرینگ|1400,خرینگ,1400,خرينگ.zip!خرينگ_۱۴۰۰_۱۲_۲۹_separate_ن-۱۰_صورت‌های مالی سال مالی منتهی به ۱۴۰۰_۱۲_۲۹ (حسابرسی شده).xlsx,HTML_MISLABELED_XLSX,NOT_DETECTED,,,,,0,0,0,NO,YES,NO,NO_AUDITOR_BLOCK_DETECTED;NO_AUDITOR_BLOCK_DETECTED
خرینگ|1401,خرینگ,1401,خرينگ.zip!خرينگ_۱۴۰۱_۱۲_۲۹_separate_ن-۱۰_صورت‌های مالی سال مالی منتهی به ۱۴۰۱_۱۲_۲۹ (حسابرسی شده).xlsx,HTML_MISLABELED_XLSX,NOT_DETECTED,,,,,0,0,0,NO,YES,NO,NO_AUDITOR_BLOCK_DETECTED;NO_AUDITOR_BLOCK_DETECTED
خرینگ|1402,خرینگ,1402,خرينگ.zip!خرينگ_۱۴۰۲_۱۲_۲۹_separate_ن-۱۰_صورت‌های مالی سال مالی منتهی به ۱۴۰۲_۱۲_۲۹ (حسابرسی شده)(اصلاحیه).xlsx,HTML_MISLABELED_XLSX,NOT_DETECTED,,,,,0,0,0,NO,YES,NO,NO_AUDITOR_BLOCK_DETECTED;NO_AUDITOR_BLOCK_DETECTED
ختوقا|1392,ختوقا,1392,ختوقا.zip!ختوقا_۱۳۹۲_۱۲_۲۹_separate_ن-۱۰_صورتهای مالی سال مالی منتهی به ۱۳۹۲_۱۲_۲۹ (حسابرسی شده).xlsx,OLE2_LEGACY_EXCEL,DETECTED,Sheet1,9,94,86,1,1,13,YES,YES,YES,
ختوقا|1393,ختوقا,1393,ختوقا.zip!ختوقا_۱۳۹۳_۱۲_۲۹_separate_ن-۱۰_صورتهای مالی سال مالی منتهی به ۱۳۹۳_۱۲_۲۹ (حسابرسی شده).xlsx,OLE2_LEGACY_EXCEL,DETECTED,Sheet1,9,72,64,1,1,12,YES,YES,YES,
ختوقا|1394,ختوقا,1394,ختوقا.zip!ختوقا_۱۳۹۴_۱۲_۲۹_separate_ن-۱۰_صورت‌های مالی سال مالی منتهی به ۱۳۹۴_۱۲_۲۹ (حسابرسی شده).xlsx,OLE2_LEGACY_EXCEL,DETECTED,Sheet1,9,80,72,1,1,12,YES,YES,YES,
ختوقا|1395,ختوقا,1395,ختوقا.zip!ختوقا_۱۳۹۵_۱۲_۳۰_separate_ن-۱۰_صورت‌های مالی سال مالی منتهی به ۱۳۹۵_۱۲_۳۰ (حسابرسی شده).xlsx,OLE2_LEGACY_EXCEL,DETECTED,Sheet1,11,61,51,1,1,12,YES,YES,YES,
ختوقا|1396,ختوقا,1396,ختوقا.zip!ختوقا_۱۳۹۶_۱۲_۲۹_separate_ن-۱۰_صورت‌های مالی سال مالی منتهی به ۱۳۹۶_۱۲_۲۹ (حسابرسی شده).xlsx,OLE2_LEGACY_EXCEL,DETECTED,Sheet1,11,64,54,1,1,11,YES,YES,YES,
ختوقا|1397,ختوقا,1397,ختوقا.zip!ختوقا_۱۳۹۷_۱۲_۲۹_separate_ن-۱۰_صورت‌های مالی سال مالی منتهی به ۱۳۹۷_۱۲_۲۹ (حسابرسی شده).xlsx,OLE2_LEGACY_EXCEL,DETECTED,Sheet1,11,68,58,1,1,11,YES,YES,YES,
ختوقا|1398,ختوقا,1398,ختوقا.zip!ختوقا_۱۳۹۸_۱۲_۲۹_separate_ن-۱۰_صورت‌های مالی سال مالی منتهی به ۱۳۹۸_۱۲_۲۹ (حسابرسی شده)(اصلاحیه).xlsx,HTML_MISLABELED_XLSX,NOT_DETECTED,,,,,0,0,0,NO,YES,NO,NO_AUDITOR_BLOCK_DETECTED;NO_AUDITOR_BLOCK_DETECTED
ختوقا|1399,ختوقا,1399,ختوقا.zip!ختوقا_۱۳۹۹_۱۲_۳۰_separate_ن-۱۰_صورت‌های مالی سال مالی منتهی به ۱۳۹۹_۱۲_۳۰ (حسابرسی شده).xlsx,HTML_MISLABELED_XLSX,NOT_DETECTED,,,,,0,0,0,NO,YES,NO,NO_AUDITOR_BLOCK_DETECTED;NO_AUDITOR_BLOCK_DETECTED
ختوقا|1400,ختوقا,1400,ختوقا.zip!ختوقا_۱۴۰۰_۱۲_۲۹_separate_ن-۱۰_صورت‌های مالی سال مالی منتهی به ۱۴۰۰_۱۲_۲۹ (حسابرسی شده).xlsx,HTML_MISLABELED_XLSX,NOT_DETECTED,,,,,0,0,0,NO,YES,NO,NO_AUDITOR_BLOCK_DETECTED;NO_AUDITOR_BLOCK_DETECTED
ختوقا|1401,ختوقا,1401,ختوقا.zip!ختوقا_۱۴۰۱_۱۲_۲۹_separate_ن-۱۰_صورت‌های مالی سال مالی منتهی به ۱۴۰۱_۱۲_۲۹ (حسابرسی شده).xlsx,HTML_MISLABELED_XLSX,NOT_DETECTED,,,,,0,0,0,NO,YES,NO,NO_AUDITOR_BLOCK_DETECTED;NO_AUDITOR_BLOCK_DETECTED
ختوقا|1402,ختوقا,1402,ختوقا.zip!ختوقا_۱۴۰۲_۱۲_۲۹_separate_ن-۱۰_صورت‌های مالی سال مالی منتهی به ۱۴۰۲_۱۲_۲۹ (حسابرسی شده).xlsx,HTML_MISLABELED_XLSX,NOT_DETECTED,,,,,0,0,0,NO,YES,NO,NO_AUDITOR_BLOCK_DETECTED;NO_AUDITOR_BLOCK_DETECTED
خوساز|1392,خوساز,1392,خوساز.zip!خوساز_۱۳۹۲_۱۲_۲۹_separate_ن-۱۰_صورتهای مالی سال مالی منتهی به ۱۳۹۲_۱۲_۲۹ (حسابرسی شده).xlsx,OLE2_LEGACY_EXCEL,DETECTED,Sheet1,9,97,89,1,1,13,YES,YES,YES,
کیمیاتک|1399,کیمیاتک,1399,كيمياتك.zip!كيمياتك_۱۳۹۹_۱۲_۳۰_separate_ن-۱۰_صورت‌های مالی سال مالی منتهی به ۱۳۹۹_۱۲_۳۰ (حسابرسی شده).xlsx,HTML_MISLABELED_XLSX,NOT_DETECTED,,,,,0,0,0,NO,YES,NO,NO_AUDITOR_BLOCK_DETECTED;NO_AUDITOR_BLOCK_DETECTED
کرازی|1392,کرازی,1392,كرازي.zip!كرازي_۱۳۹۲_۱۲_۲۹_separate_ن-۱۰_صورتهای مالی سال مالی منتهی به ۱۳۹۲_۱۲_۲۹ (حسابرسی شده).xlsx,OLE2_LEGACY_EXCEL,DETECTED,Sheet1,9,96,88,1,1,14,YES,YES,YES,
کرازی|1393,کرازی,1393,كرازي.zip!كرازي_۱۳۹۳_۱۲_۲۹_separate_ن-۱۰_صورتهای مالی سال مالی منتهی به ۱۳۹۳_۱۲_۲۹ (حسابرسی شده).xlsx,OLE2_LEGACY_EXCEL,DETECTED,Sheet1,9,64,56,1,1,14,YES,YES,YES,
کروی|1392,کروی,1392,كروي.zip!كروي_۱۳۹۲_۱۲_۲۹_separate_ن-۱۰_صورتهای مالی سال مالی منتهی به ۱۳۹۲_۱۲_۲۹ (حسابرسی شده).xlsx,OLE2_LEGACY_EXCEL,DETECTED,Sheet1,9,76,68,1,1,13,YES,YES,YES,
کروی|1393,کروی,1393,كروي.zip!كروي_۱۳۹۳_۱۲_۲۹_separate_ن-۱۰_صورتهای مالی سال مالی منتهی به ۱۳۹۳_۱۲_۲۹ (حسابرسی شده).xlsx,OLE2_LEGACY_EXCEL,DETECTED,Sheet1,9,84,76,1,1,13,YES,YES,YES,
کروی|1394,کروی,1394,كروي.zip!كروي_۱۳۹۴_۱۲_۲۹_separate_ن-۱۰_صورت‌های مالی سال مالی منتهی به ۱۳۹۴_۱۲_۲۹ (حسابرسی شده).xlsx,OLE2_LEGACY_EXCEL,DETECTED,Sheet1,9,83,75,1,1,13,YES,YES,YES,
کروی|1395,کروی,1395,كروي.zip!كروي_۱۳۹۵_۱۲_۳۰_separate_ن-۱۰_صورت‌های مالی سال مالی منتهی به ۱۳۹۵_۱۲_۳۰ (حسابرسی شده).xlsx,OLE2_LEGACY_EXCEL,DETECTED,Sheet1,11,80,70,1,1,13,YES,YES,YES,
کروی|1396,کروی,1396,كروي.zip!كروي_۱۳۹۶_۱۲_۲۹_separate_ن-۱۰_صورت‌های مالی سال مالی منتهی به ۱۳۹۶_۱۲_۲۹ (حسابرسی شده).xlsx,OLE2_LEGACY_EXCEL,DETECTED,Sheet1,11,85,75,1,1,14,YES,YES,YES,
کروی|1397,کروی,1397,كروي.zip!كروي_۱۳۹۷_۱۲_۲۹_separate_ن-۱۰_صورت‌های مالی سال مالی منتهی به ۱۳۹۷_۱۲_۲۹ (حسابرسی شده).xlsx,OLE2_LEGACY_EXCEL,DETECTED,Sheet1,11,74,64,1,1,14,YES,YES,YES,
کروی|1398,کروی,1398,كروي.zip!كروي_۱۳۹۸_۱۲_۲۹_separate_ن-۱۰_صورت‌های مالی سال مالی منتهی به ۱۳۹۸_۱۲_۲۹ (حسابرسی شده).xlsx,HTML_MISLABELED_XLSX,NOT_DETECTED,,,,,0,0,0,NO,YES,NO,NO_AUDITOR_BLOCK_DETECTED;NO_AUDITOR_BLOCK_DETECTED
کروی|1399,کروی,1399,كروي.zip!كروي_۱۳۹۹_۱۲_۳۰_separate_ن-۱۰_صورت‌های مالی سال مالی منتهی به ۱۳۹۹_۱۲_۳۰ (حسابرسی شده).xlsx,HTML_MISLABELED_XLSX,NOT_DETECTED,,,,,0,0,0,NO,YES,NO,NO_AUDITOR_BLOCK_DETECTED;NO_AUDITOR_BLOCK_DETECTED
کروی|1400,کروی,1400,كروي.zip!كروي_۱۴۰۰_۱۲_۲۹_separate_ن-۱۰_صورت‌های مالی سال مالی منتهی به ۱۴۰۰_۱۲_۲۹ (حسابرسی شده).xlsx,HTML_MISLABELED_XLSX,NOT_DETECTED,,,,,0,0,0,NO,YES,NO,NO_AUDITOR_BLOCK_DETECTED;NO_AUDITOR_BLOCK_DETECTED
کروی|1401,کروی,1401,كروي.zip!كروي_۱۴۰۱_۱۲_۲۹_separate_ن-۱۰_صورت‌های مالی سال مالی منتهی به ۱۴۰۱_۱۲_۲۹ (حسابرسی شده).xlsx,HTML_MISLABELED_XLSX,NOT_DETECTED,,,,,0,0,0,NO,YES,NO,NO_AUDITOR_BLOCK_DETECTED;NO_AUDITOR_BLOCK_DETECTED
کروی|1402,کروی,1402,كروي.zip!كروي_۱۴۰۲_۱۲_۲۹_separate_ن-۱۰_صورت‌های مالی سال مالی منتهی به ۱۴۰۲_۱۲_۲۹ (حسابرسی شده).xlsx,HTML_MISLABELED_XLSX,NOT_DETECTED,,,,,0,0,0,NO,YES,NO,NO_AUDITOR_BLOCK_DETECTED;NO_AUDITOR_BLOCK_DETECTED
پارسان|1394,پارسان,1394,پارسان.zip!پارسان_۱۳۹۴_۰۶_۳۱_separate_ن-۱۰_صورت‌های مالی سال مالی منتهی به ۱۳۹۴_۰۶_۳۱ (حسابرسی شده).xlsx,OLE2_LEGACY_EXCEL,DETECTED,Sheet1,9,83,75,1,1,14,YES,YES,YES,
پارسان|1395,پارسان,1395,پارسان.zip!پارسان_۱۳۹۵_۰۶_۳۱_separate_ن-۱۰_صورت‌های مالی سال مالی منتهی به ۱۳۹۵_۰۶_۳۱ (حسابرسی شده).xlsx,OLE2_LEGACY_EXCEL,DETECTED,Sheet1,11,100,90,1,1,13,YES,YES,YES,
پارسان|1396,پارسان,1396,پارسان.zip!پارسان_۱۳۹۶_۰۶_۳۱_separate_ن-۱۰_صورت‌های مالی سال مالی منتهی به ۱۳۹۶_۰۶_۳۱ (حسابرسی شده).xlsx,OLE2_LEGACY_EXCEL,DETECTED,Sheet1,11,79,69,1,1,12,YES,YES,YES,
پارسان|1397,پارسان,1397,پارسان.zip!پارسان_۱۳۹۷_۰۶_۳۱_separate_ن-۱۰_صورت‌های مالی سال مالی منتهی به ۱۳۹۷_۰۶_۳۱ (حسابرسی شده).xlsx,OLE2_LEGACY_EXCEL,DETECTED,Sheet1,11,94,84,1,1,16,YES,YES,YES,
پارسان|1398,پارسان,1398,پارسان.zip!پارسان_۱۳۹۸_۰۶_۳۱_separate_ن-۱۰_صورت‌های مالی سال مالی منتهی به ۱۳۹۸_۰۶_۳۱ (حسابرسی شده).xlsx,HTML_MISLABELED_XLSX,NOT_DETECTED,,,,,0,0,0,NO,YES,NO,NO_AUDITOR_BLOCK_DETECTED;NO_AUDITOR_BLOCK_DETECTED
پارسان|1399,پارسان,1399,پارسان.zip!پارسان_۱۳۹۹_۰۶_۳۱_separate_ن-۱۰_صورت‌های مالی سال مالی منتهی به ۱۳۹۹_۰۶_۳۱ (حسابرسی شده).xlsx,HTML_MISLABELED_XLSX,NOT_DETECTED,,,,,0,0,0,NO,YES,NO,NO_AUDITOR_BLOCK_DETECTED;NO_AUDITOR_BLOCK_DETECTED
پارسان|1400,پارسان,1400,پارسان.zip!پارسان_۱۴۰۰_۰۶_۳۱_separate_ن-۱۰_صورت‌های مالی سال مالی منتهی به ۱۴۰۰_۰۶_۳۱ (حسابرسی شده).xlsx,HTML_MISLABELED_XLSX,NOT_DETECTED,,,,,0,0,0,NO,YES,NO,NO_AUDITOR_BLOCK_DETECTED;NO_AUDITOR_BLOCK_DETECTED
پارسان|1401,پارسان,1401,پارسان.zip!پارسان_۱۴۰۱_۰۶_۳۱_separate_ن-۱۰_صورت‌های مالی سال مالی منتهی به ۱۴۰۱_۰۶_۳۱ (حسابرسی شده).xlsx,HTML_MISLABELED_XLSX,NOT_DETECTED,,,,,0,0,0,NO,YES,NO,NO_AUDITOR_BLOCK_DETECTED;NO_AUDITOR_BLOCK_DETECTED
پارسان|1402,پارسان,1402,پارسان.zip!پارسان_۱۴۰۲_۰۶_۳۱_separate_ن-۱۰_صورت‌های مالی سال مالی منتهی به ۱۴۰۲_۰۶_۳۱ (حسابرسی شده).xlsx,HTML_MISLABELED_XLSX,NOT_DETECTED,,,,,0,0,0,NO,YES,NO,NO_AUDITOR_BLOCK_DETECTED;NO_AUDITOR_BLOCK_DETECTED
پسهند|1393,پسهند,1393,پسهند.zip!پسهند_۱۳۹۳_۱۲_۲۹_separate_ن-۱۰_صورتهای مالی سال مالی منتهی به ۱۳۹۳_۱۲_۲۹ (حسابرسی شده).xlsx,OLE2_LEGACY_EXCEL,DETECTED,Sheet1,9,80,72,1,1,13,YES,YES,YES,
پسهند|1401,پسهند,1401,پسهند.zip!پسهند_۱۴۰۱_۱۲_۲۹_separate_ن-۱۰_صورت‌های مالی سال مالی منتهی به ۱۴۰۱_۱۲_۲۹ (حسابرسی شده).xlsx,HTML_MISLABELED_XLSX,NOT_DETECTED,,,,,0,0,0,NO,YES,NO,NO_AUDITOR_BLOCK_DETECTED;NO_AUDITOR_BLOCK_DETECTED
پسهند|1402,پسهند,1402,پسهند.zip!پسهند_۱۴۰۲_۱۲_۲۹_separate_ن-۱۰_صورت‌های مالی سال مالی منتهی به ۱۴۰۲_۱۲_۲۹ (حسابرسی شده).xlsx,HTML_MISLABELED_XLSX,NOT_DETECTED,,,,,0,0,0,NO,YES,NO,NO_AUDITOR_BLOCK_DETECTED;NO_AUDITOR_BLOCK_DETECTED
کویر|1393,کویر,1393,كوير.zip!كوير_۱۳۹۳_۱۲_۲۹_separate_ن-۱۰_صورت‌های مالی سال مالی منتهی به ۱۳۹۳_۱۲_۲۹ (حسابرسی شده).xlsx,HTML_MISLABELED_XLSX,NOT_DETECTED,,,,,0,0,0,NO,YES,NO,NO_AUDITOR_BLOCK_DETECTED;NO_AUDITOR_BLOCK_DETECTED
کویر|1394,کویر,1394,كوير.zip!كوير_۱۳۹۴_۱۲_۲۹_separate_ن-۱۰_صورت‌های مالی سال مالی منتهی به ۱۳۹۴_۱۲_۲۹ (حسابرسی شده).xlsx,HTML_MISLABELED_XLSX,NOT_DETECTED,,,,,0,0,0,NO,YES,NO,NO_AUDITOR_BLOCK_DETECTED;NO_AUDITOR_BLOCK_DETECTED
کویر|1395,کویر,1395,كوير.zip!كوير_۱۳۹۵_۱۲_۳۰_separate_ن-۱۰_صورت‌های مالی سال مالی منتهی به ۱۳۹۵_۱۲_۳۰ (حسابرسی شده).xlsx,HTML_MISLABELED_XLSX,NOT_DETECTED,,,,,0,0,0,NO,YES,NO,NO_AUDITOR_BLOCK_DETECTED;NO_AUDITOR_BLOCK_DETECTED
کویر|1396,کویر,1396,كوير.zip!كوير_۱۳۹۶_۱۲_۲۹_separate_ن-۱۰_صورت‌های مالی سال مالی منتهی به ۱۳۹۶_۱۲_۲۹ (حسابرسی شده).xlsx,HTML_MISLABELED_XLSX,NOT_DETECTED,,,,,0,0,0,NO,YES,NO,NO_AUDITOR_BLOCK_DETECTED;NO_AUDITOR_BLOCK_DETECTED
لبوتان|1393,لبوتان,1393,لبوتان.zip!لبوتان_۱۳۹۳_۱۲_۲۹_separate_ن-۱۰_صورتهای مالی سال مالی منتهی به ۱۳۹۳_۱۲_۲۹ (حسابرسی شده).xlsx,OLE2_LEGACY_EXCEL,DETECTED,Sheet1,9,57,49,1,1,11,YES,YES,YES,
لابسا|1393,لابسا,1393,لابسا.zip!لابسا_۱۳۹۳_۱۲_۲۹_separate_ن-۱۰_صورتهای مالی سال مالی منتهی به ۱۳۹۳_۱۲_۲۹ (حسابرسی شده).xlsx,OLE2_LEGACY_EXCEL,DETECTED,Sheet1,9,109,101,1,1,13,YES,YES,YES,
لسرما|1393,لسرما,1393,لسرما.zip!لسرما_۱۳۹۳_۱۲_۲۹_separate_ن-۱۰_صورتهای مالی سال مالی منتهی به ۱۳۹۳_۱۲_۲۹ (حسابرسی شده).xlsx,OLE2_LEGACY_EXCEL,DETECTED,Sheet1,9,107,99,1,1,14,YES,YES,YES,
لخزر|1393,لخزر,1393,لخزر.zip!لخزر_۱۳۹۳_۱۲_۲۹_separate_ن-۱۰_صورتهای مالی سال مالی منتهی به ۱۳۹۳_۱۲_۲۹ (حسابرسی شده).xlsx,OLE2_LEGACY_EXCEL,DETECTED,Sheet1,9,83,75,1,1,13,YES,YES,YES,
لخزر|1394,لخزر,1394,لخزر.zip!لخزر_۱۳۹۴_۱۲_۲۹_separate_ن-۱۰_صورت‌های مالی سال مالی منتهی به ۱۳۹۴_۱۲_۲۹ (حسابرسی شده).xlsx,OLE2_LEGACY_EXCEL,DETECTED,Sheet1,9,71,63,1,1,12,YES,YES,YES,
لخزر|1395,لخزر,1395,لخزر.zip!لخزر_۱۳۹۵_۱۲_۳۰_separate_ن-۱۰_صورت‌های مالی سال مالی منتهی به ۱۳۹۵_۱۲_۳۰ (حسابرسی شده)(اصلاحیه).xlsx,OLE2_LEGACY_EXCEL,DETECTED,Sheet1,11,74,64,1,1,12,YES,YES,YES,
لخزر|1396,لخزر,1396,لخزر.zip!لخزر_۱۳۹۶_۱۲_۲۹_separate_ن-۱۰_صورت‌های مالی سال مالی منتهی به ۱۳۹۶_۱۲_۲۹ (حسابرسی شده).xlsx,OLE2_LEGACY_EXCEL,DETECTED,Sheet1,11,92,82,1,1,14,YES,YES,YES,
لخزر|1397,لخزر,1397,لخزر.zip!لخزر_۱۳۹۷_۱۲_۲۹_separate_ن-۱۰_صورت‌های مالی سال مالی منتهی به ۱۳۹۷_۱۲_۲۹ (حسابرسی شده).xlsx,HTML_MISLABELED_XLSX,NOT_DETECTED,,,,,0,0,0,NO,YES,NO,NO_AUDITOR_BLOCK_DETECTED;NO_AUDITOR_BLOCK_DETECTED
لخزر|1398,لخزر,1398,لخزر.zip!لخزر_۱۳۹۸_۱۲_۲۹_separate_ن-۱۰_صورت‌های مالی سال مالی منتهی به ۱۳۹۸_۱۲_۲۹ (حسابرسی شده).xlsx,HTML_MISLABELED_XLSX,NOT_DETECTED,,,,,0,0,0,NO,YES,NO,NO_AUDITOR_BLOCK_DETECTED;NO_AUDITOR_BLOCK_DETECTED
نوری|1393,نوری,1393,نوري.zip!نوري_۱۳۹۳_۱۲_۲۹_separate_ن-۱۰_صورتهای مالی سال مالی منتهی به ۱۳۹۳_۱۲_۲۹ (حسابرسی شده).xlsx,OLE2_LEGACY_EXCEL,DETECTED,Sheet1,9,79,71,1,1,13,YES,YES,YES,
نوری|1394,نوری,1394,نوري.zip!نوري_۱۳۹۴_۱۲_۲۹_separate_ن-۱۰_صورت‌های مالی سال مالی منتهی به ۱۳۹۴_۱۲_۲۹ (حسابرسی شده).xlsx,OLE2_LEGACY_EXCEL,DETECTED,Sheet1,9,71,63,1,1,13,YES,YES,YES,
نوری|1395,نوری,1395,نوري.zip!نوري_۱۳۹۵_۱۲_۳۰_separate_ن-۱۰_صورت‌های مالی سال مالی منتهی به ۱۳۹۵_۱۲_۳۰ (حسابرسی شده).xlsx,OLE2_LEGACY_EXCEL,DETECTED,Sheet1,11,78,68,1,1,13,YES,YES,YES,
نوری|1396,نوری,1396,نوري.zip!نوري_۱۳۹۶_۱۲_۲۹_separate_ن-۱۰_صورت‌های مالی سال مالی منتهی به ۱۳۹۶_۱۲_۲۹ (حسابرسی شده).xlsx,OLE2_LEGACY_EXCEL,DETECTED,Sheet1,11,74,64,1,1,14,YES,YES,YES,
نوری|1397,نوری,1397,نوري.zip!نوري_۱۳۹۷_۱۲_۲۹_separate_ن-۱۰_صورت‌های مالی سال مالی منتهی به ۱۳۹۷_۱۲_۲۹ (حسابرسی شده).xlsx,HTML_MISLABELED_XLSX,NOT_DETECTED,,,,,0,0,0,NO,YES,NO,NO_AUDITOR_BLOCK_DETECTED;NO_AUDITOR_BLOCK_DETECTED
نوری|1398,نوری,1398,نوري.zip!نوري_۱۳۹۸_۱۲_۲۹_separate_ن-۱۰_صورت‌های مالی سال مالی منتهی به ۱۳۹۸_۱۲_۲۹ (حسابرسی شده).xlsx,HTML_MISLABELED_XLSX,NOT_DETECTED,,,,,0,0,0,NO,YES,NO,NO_AUDITOR_BLOCK_DETECTED;NO_AUDITOR_BLOCK_DETECTED
پرداخت|1395,پرداخت,1395,پرداخت.zip!پرداخت_۱۳۹۵_۱۲_۳۰_separate_ن-۱۰_صورت‌های مالی سال مالی منتهی به ۱۳۹۵_۱۲_۳۰ (حسابرسی شده).xlsx,OLE2_LEGACY_EXCEL,DETECTED,Sheet1,11,70,60,1,1,11,YES,YES,YES,
پرداخت|1396,پرداخت,1396,پرداخت.zip!پرداخت_۱۳۹۶_۱۲_۲۹_separate_ن-۱۰_صورت‌های مالی سال مالی منتهی به ۱۳۹۶_۱۲_۲۹ (حسابرسی شده)(اصلاحیه).xlsx,OLE2_LEGACY_EXCEL,DETECTED,Sheet1,11,81,71,1,1,12,YES,YES,YES,
پرداخت|1397,پرداخت,1397,پرداخت.zip!پرداخت_۱۳۹۷_۱۲_۲۹_separate_ن-۱۰_صورت‌های مالی سال مالی منتهی به ۱۳۹۷_۱۲_۲۹ (حسابرسی شده).xlsx,HTML_MISLABELED_XLSX,NOT_DETECTED,,,,,0,0,0,NO,YES,NO,NO_AUDITOR_BLOCK_DETECTED;NO_AUDITOR_BLOCK_DETECTED
پرداخت|1398,پرداخت,1398,پرداخت.zip!پرداخت_۱۳۹۸_۱۲_۲۹_separate_ن-۱۰_صورت‌های مالی سال مالی منتهی به ۱۳۹۸_۱۲_۲۹ (حسابرسی شده).xlsx,HTML_MISLABELED_XLSX,NOT_DETECTED,,,,,0,0,0,NO,YES,NO,NO_AUDITOR_BLOCK_DETECTED;NO_AUDITOR_BLOCK_DETECTED
پرداخت|1399,پرداخت,1399,پرداخت.zip!پرداخت_۱۳۹۹_۱۲_۳۰_separate_ن-۱۰_صورت‌های مالی سال مالی منتهی به ۱۳۹۹_۱۲_۳۰ (حسابرسی شده).xlsx,HTML_MISLABELED_XLSX,NOT_DETECTED,,,,,0,0,0,NO,YES,NO,NO_AUDITOR_BLOCK_DETECTED;NO_AUDITOR_BLOCK_DETECTED
پرداخت|1400,پرداخت,1400,پرداخت.zip!پرداخت_۱۴۰۰_۱۲_۲۹_separate_ن-۱۰_صورت‌های مالی سال مالی منتهی به ۱۴۰۰_۱۲_۲۹ (حسابرسی شده).xlsx,HTML_MISLABELED_XLSX,NOT_DETECTED,,,,,0,0,0,NO,YES,NO,NO_AUDITOR_BLOCK_DETECTED;NO_AUDITOR_BLOCK_DETECTED
پرداخت|1402,پرداخت,1402,پرداخت.zip!پرداخت_۱۴۰۲_۰۹_۳۰_separate_ن-۱۰_صورت‌های مالی سال مالی منتهی به ۱۴۰۲_۰۹_۳۰ (حسابرسی شده)(اصلاحیه).xlsx,HTML_MISLABELED_XLSX,NOT_DETECTED,,,,,0,0,0,NO,YES,NO,NO_AUDITOR_BLOCK_DETECTED;NO_AUDITOR_BLOCK_DETECTED
پارس|1396,پارس,1396,پارس.zip!پارس_۱۳۹۶_۱۲_۲۹_separate_ن-۱۰_صورت‌های مالی سال مالی منتهی به ۱۳۹۶_۱۲_۲۹ (حسابرسی شده)(اصلاحیه).xlsx,OLE2_LEGACY_EXCEL,DETECTED,Sheet1,11,79,69,1,1,14,YES,YES,YES,
پارس|1397,پارس,1397,پارس.zip!پارس_۱۳۹۷_۱۲_۲۹_separate_ن-۱۰_صورت‌های مالی سال مالی منتهی به ۱۳۹۷_۱۲_۲۹ (حسابرسی شده).xlsx,HTML_MISLABELED_XLSX,NOT_DETECTED,,,,,0,0,0,NO,YES,NO,NO_AUDITOR_BLOCK_DETECTED;NO_AUDITOR_BLOCK_DETECTED
پارس|1398,پارس,1398,پارس.zip!پارس_۱۳۹۸_۱۲_۲۹_separate_ن-۱۰_صورت‌های مالی سال مالی منتهی به ۱۳۹۸_۱۲_۲۹ (حسابرسی شده).xlsx,HTML_MISLABELED_XLSX,NOT_DETECTED,,,,,0,0,0,NO,YES,NO,NO_AUDITOR_BLOCK_DETECTED;NO_AUDITOR_BLOCK_DETECTED
پارس|1399,پارس,1399,پارس.zip!پارس_۱۳۹۹_۱۲_۳۰_separate_ن-۱۰_صورت‌های مالی سال مالی منتهی به ۱۳۹۹_۱۲_۳۰ (حسابرسی شده).xlsx,HTML_MISLABELED_XLSX,NOT_DETECTED,,,,,0,0,0,NO,YES,NO,NO_AUDITOR_BLOCK_DETECTED;NO_AUDITOR_BLOCK_DETECTED
پارس|1400,پارس,1400,پارس.zip!پارس_۱۴۰۰_۱۲_۲۹_separate_ن-۱۰_صورت‌های مالی سال مالی منتهی به ۱۴۰۰_۱۲_۲۹ (حسابرسی شده).xlsx,HTML_MISLABELED_XLSX,NOT_DETECTED,,,,,0,0,0,NO,YES,NO,NO_AUDITOR_BLOCK_DETECTED;NO_AUDITOR_BLOCK_DETECTED
پارس|1401,پارس,1401,پارس.zip!پارس_۱۴۰۱_۱۲_۲۹_separate_ن-۱۰_صورت‌های مالی سال مالی منتهی به ۱۴۰۱_۱۲_۲۹ (حسابرسی شده).xlsx,HTML_MISLABELED_XLSX,NOT_DETECTED,,,,,0,0,0,NO,YES,NO,NO_AUDITOR_BLOCK_DETECTED;NO_AUDITOR_BLOCK_DETECTED
پارس|1402,پارس,1402,پارس.zip!پارس_۱۴۰۲_۱۲_۲۹_separate_ن-۱۰_صورت‌های مالی سال مالی منتهی به ۱۴۰۲_۱۲_۲۹ (حسابرسی شده).xlsx,HTML_MISLABELED_XLSX,NOT_DETECTED,,,,,0,0,0,NO,YES,NO,NO_AUDITOR_BLOCK_DETECTED;NO_AUDITOR_BLOCK_DETECTED
پدرخش|1393,پدرخش,1393,پدرخش.zip!پدرخش_۱۳۹۳_۱۲_۲۹_separate_ن-۱۰_صورتهای مالی سال مالی منتهی به ۱۳۹۳_۱۲_۲۹ (حسابرسی شده).xlsx,OLE2_LEGACY_EXCEL,DETECTED,Sheet1,9,59,51,1,1,13,YES,YES,YES,
پدرخش|1394,پدرخش,1394,پدرخش.zip!پدرخش_۱۳۹۴_۱۲_۲۹_separate_ن-۱۰_صورت‌های مالی سال مالی منتهی به ۱۳۹۴_۱۲_۲۹ (حسابرسی شده).xlsx,OLE2_LEGACY_EXCEL,DETECTED,Sheet1,9,56,48,1,1,12,YES,YES,YES,
پدرخش|1395,پدرخش,1395,پدرخش.zip!پدرخش_۱۳۹۵_۱۲_۳۰_separate_ن-۱۰_صورت‌های مالی سال مالی منتهی به ۱۳۹۵_۱۲_۳۰ (حسابرسی شده).xlsx,OLE2_LEGACY_EXCEL,DETECTED,Sheet1,11,62,52,1,1,12,YES,YES,YES,
پدرخش|1396,پدرخش,1396,پدرخش.zip!پدرخش_۱۳۹۶_۱۲_۲۹_separate_ن-۱۰_صورت‌های مالی سال مالی منتهی به ۱۳۹۶_۱۲_۲۹ (حسابرسی شده).xlsx,OLE2_LEGACY_EXCEL,DETECTED,Sheet1,11,66,56,1,1,13,YES,YES,YES,
پدرخش|1397,پدرخش,1397,پدرخش.zip!پدرخش_۱۳۹۷_۱۲_۲۹_separate_ن-۱۰_صورت‌های مالی سال مالی منتهی به ۱۳۹۷_۱۲_۲۹ (حسابرسی شده).xlsx,HTML_MISLABELED_XLSX,NOT_DETECTED,,,,,0,0,0,NO,YES,NO,NO_AUDITOR_BLOCK_DETECTED;NO_AUDITOR_BLOCK_DETECTED
پدرخش|1398,پدرخش,1398,پدرخش.zip!پدرخش_۱۳۹۸_۱۲_۲۹_separate_ن-۱۰_صورت‌های مالی سال مالی منتهی به ۱۳۹۸_۱۲_۲۹ (حسابرسی شده).xlsx,HTML_MISLABELED_XLSX,NOT_DETECTED,,,,,0,0,0,NO,YES,NO,NO_AUDITOR_BLOCK_DETECTED;NO_AUDITOR_BLOCK_DETECTED
پدرخش|1399,پدرخش,1399,پدرخش.zip!پدرخش_۱۳۹۹_۱۲_۳۰_separate_ن-۱۰_صورت‌های مالی سال مالی منتهی به ۱۳۹۹_۱۲_۳۰ (حسابرسی شده).xlsx,HTML_MISLABELED_XLSX,NOT_DETECTED,,,,,0,0,0,NO,YES,NO,NO_AUDITOR_BLOCK_DETECTED;NO_AUDITOR_BLOCK_DETECTED
پدرخش|1400,پدرخش,1400,پدرخش.zip!پدرخش_۱۴۰۰_۱۲_۲۹_separate_ن-۱۰_صورت‌های مالی سال مالی منتهی به ۱۴۰۰_۱۲_۲۹ (حسابرسی شده).xlsx,HTML_MISLABELED_XLSX,NOT_DETECTED,,,,,0,0,0,NO,YES,NO,NO_AUDITOR_BLOCK_DETECTED;NO_AUDITOR_BLOCK_DETECTED
پدرخش|1401,پدرخش,1401,پدرخش.zip!پدرخش_۱۴۰۱_۱۲_۲۹_separate_ن-۱۰_صورت‌های مالی سال مالی منتهی به ۱۴۰۱_۱۲_۲۹ (حسابرسی شده).xlsx,HTML_MISLABELED_XLSX,NOT_DETECTED,,,,,0,0,0,NO,YES,NO,NO_AUDITOR_BLOCK_DETECTED;NO_AUDITOR_BLOCK_DETECTED
پدرخش|1402,پدرخش,1402,پدرخش.zip!پدرخش_۱۴۰۲_۱۲_۲۹_separate_ن-۱۰_صورت‌های مالی سال مالی منتهی به ۱۴۰۲_۱۲_۲۹ (حسابرسی شده).xlsx,HTML_MISLABELED_XLSX,NOT_DETECTED,,,,,0,0,0,NO,YES,NO,NO_AUDITOR_BLOCK_DETECTED;NO_AUDITOR_BLOCK_DETECTED
پی‌پاد|1396,پی‌پاد,1396,پي پاد.zip!پي پاد_۱۳۹۶_۱۲_۲۹_separate_ن-۱۰_صورت‌های مالی سال مالی منتهی به ۱۳۹۶_۱۲_۲۹ (حسابرسی شده).xlsx,HTML_MISLABELED_XLSX,NOT_DETECTED,,,,,0,0,0,NO,YES,NO,NO_AUDITOR_BLOCK_DETECTED;NO_AUDITOR_BLOCK_DETECTED
پی‌پاد|1397,پی‌پاد,1397,پي پاد.zip!پي پاد_۱۳۹۷_۱۲_۲۹_separate_ن-۱۰_صورت‌های مالی سال مالی منتهی به ۱۳۹۷_۱۲_۲۹ (حسابرسی شده).xlsx,HTML_MISLABELED_XLSX,NOT_DETECTED,,,,,0,0,0,NO,YES,NO,NO_AUDITOR_BLOCK_DETECTED;NO_AUDITOR_BLOCK_DETECTED
پی‌پاد|1398,پی‌پاد,1398,پي پاد.zip!پي پاد_۱۳۹۸_۱۲_۲۹_separate_ن-۱۰_صورت‌های مالی سال مالی منتهی به ۱۳۹۸_۱۲_۲۹ (حسابرسی شده).xlsx,HTML_MISLABELED_XLSX,NOT_DETECTED,,,,,0,0,0,NO,YES,NO,NO_AUDITOR_BLOCK_DETECTED;NO_AUDITOR_BLOCK_DETECTED
پی‌پاد|1399,پی‌پاد,1399,پي پاد.zip!پي پاد_۱۳۹۹_۱۲_۳۰_separate_ن-۱۰_صورت‌های مالی سال مالی منتهی به ۱۳۹۹_۱۲_۳۰ (حسابرسی شده).xlsx,HTML_MISLABELED_XLSX,NOT_DETECTED,,,,,0,0,0,NO,YES,NO,NO_AUDITOR_BLOCK_DETECTED;NO_AUDITOR_BLOCK_DETECTED
پی‌پاد|1400,پی‌پاد,1400,پي پاد.zip!پي پاد_۱۴۰۰_۱۲_۲۹_separate_ن-۱۰_صورت‌های مالی سال مالی منتهی به ۱۴۰۰_۱۲_۲۹ (حسابرسی شده).xlsx,HTML_MISLABELED_XLSX,NOT_DETECTED,,,,,0,0,0,NO,YES,NO,NO_AUDITOR_BLOCK_DETECTED;NO_AUDITOR_BLOCK_DETECTED
پلاسک|1393,پلاسک,1393,پلاسك.zip!پلاسك_۱۳۹۳_۱۲_۲۹_separate_ن-۱۰_صورتهای مالی سال مالی منتهی به ۱۳۹۳_۱۲_۲۹ (حسابرسی شده).xlsx,OLE2_LEGACY_EXCEL,DETECTED,Sheet1,9,66,58,1,1,13,YES,YES,YES,
پلاسک|1394,پلاسک,1394,پلاسك.zip!پلاسك_۱۳۹۴_۱۲_۲۹_separate_ن-۱۰_صورت‌های مالی سال مالی منتهی به ۱۳۹۴_۱۲_۲۹ (حسابرسی شده).xlsx,OLE2_LEGACY_EXCEL,DETECTED,Sheet1,9,69,61,1,1,13,YES,YES,YES,
پلاسک|1395,پلاسک,1395,پلاسك.zip!پلاسك_۱۳۹۵_۱۲_۳۰_separate_ن-۱۰_صورت‌های مالی سال مالی منتهی به ۱۳۹۵_۱۲_۳۰ (حسابرسی شده).xlsx,OLE2_LEGACY_EXCEL,DETECTED,Sheet1,11,72,62,1,1,12,YES,YES,YES,
پلاسک|1396,پلاسک,1396,پلاسك.zip!پلاسك_۱۳۹۶_۱۲_۲۹_separate_ن-۱۰_صورت‌های مالی سال مالی منتهی به ۱۳۹۶_۱۲_۲۹ (حسابرسی شده).xlsx,OLE2_LEGACY_EXCEL,DETECTED,Sheet1,11,72,62,1,1,14,YES,YES,YES,
پلاسک|1397,پلاسک,1397,پلاسك.zip!پلاسك_۱۳۹۷_۱۲_۲۹_separate_ن-۱۰_صورت‌های مالی سال مالی منتهی به ۱۳۹۷_۱۲_۲۹ (حسابرسی شده).xlsx,HTML_MISLABELED_XLSX,NOT_DETECTED,,,,,0,0,0,NO,YES,NO,NO_AUDITOR_BLOCK_DETECTED;NO_AUDITOR_BLOCK_DETECTED
پلاسک|1398,پلاسک,1398,پلاسك.zip!پلاسك_۱۳۹۸_۱۲_۲۹_separate_ن-۱۰_صورت‌های مالی سال مالی منتهی به ۱۳۹۸_۱۲_۲۹ (حسابرسی شده).xlsx,HTML_MISLABELED_XLSX,NOT_DETECTED,,,,,0,0,0,NO,YES,NO,NO_AUDITOR_BLOCK_DETECTED;NO_AUDITOR_BLOCK_DETECTED
پلاسک|1399,پلاسک,1399,پلاسك.zip!پلاسك_۱۳۹۹_۱۲_۳۰_separate_ن-۱۰_صورت‌های مالی سال مالی منتهی به ۱۳۹۹_۱۲_۳۰ (حسابرسی شده).xlsx,HTML_MISLABELED_XLSX,NOT_DETECTED,,,,,0,0,0,NO,YES,NO,NO_AUDITOR_BLOCK_DETECTED;NO_AUDITOR_BLOCK_DETECTED
پلاسک|1400,پلاسک,1400,پلاسك.zip!پلاسك_۱۴۰۰_۱۲_۲۹_separate_ن-۱۰_صورت‌های مالی سال مالی منتهی به ۱۴۰۰_۱۲_۲۹ (حسابرسی شده).xlsx,HTML_MISLABELED_XLSX,NOT_DETECTED,,,,,0,0,0,NO,YES,NO,NO_AUDITOR_BLOCK_DETECTED;NO_AUDITOR_BLOCK_DETECTED
پلاسک|1401,پلاسک,1401,پلاسك.zip!پلاسك_۱۴۰۱_۱۲_۲۹_separate_ن-۱۰_صورت‌های مالی سال مالی منتهی به ۱۴۰۱_۱۲_۲۹ (حسابرسی شده).xlsx,HTML_MISLABELED_XLSX,NOT_DETECTED,,,,,0,0,0,NO,YES,NO,NO_AUDITOR_BLOCK_DETECTED;NO_AUDITOR_BLOCK_DETECTED
پلاسک|1402,پلاسک,1402,پلاسك.zip!پلاسك_۱۴۰۲_۱۲_۲۹_separate_ن-۱۰_صورت‌های مالی سال مالی منتهی به ۱۴۰۲_۱۲_۲۹ (حسابرسی شده).xlsx,HTML_MISLABELED_XLSX,NOT_DETECTED,,,,,0,0,0,NO,YES,NO,NO_AUDITOR_BLOCK_DETECTED;NO_AUDITOR_BLOCK_DETECTED
رمپنا|1392,رمپنا,1392,رمپنا.zip!رمپنا_۱۳۹۲_۱۲_۲۹_separate_ن-۱۰_صورتهای مالی سال مالی منتهی به ۱۳۹۲_۱۲_۲۹ (حسابرسی شده)(اصلاحیه).xlsx,OLE2_LEGACY_EXCEL,DETECTED,Sheet1,9,119,111,1,1,13,YES,YES,YES,
رمپنا|1393,رمپنا,1393,رمپنا.zip!رمپنا_۱۳۹۳_۱۲_۲۹_separate_ن-۱۰_صورتهای مالی سال مالی منتهی به ۱۳۹۳_۱۲_۲۹ (حسابرسی شده).xlsx,OLE2_LEGACY_EXCEL,DETECTED,Sheet1,9,115,107,1,1,13,YES,YES,YES,
رمپنا|1394,رمپنا,1394,رمپنا.zip!رمپنا_۱۳۹۴_۱۲_۲۹_separate_ن-۱۰_صورت‌های مالی سال مالی منتهی به ۱۳۹۴_۱۲_۲۹ (حسابرسی شده).xlsx,OLE2_LEGACY_EXCEL,DETECTED,Sheet1,9,87,79,1,1,13,YES,YES,YES,
رانفور|1392,رانفور,1392,رانفور.zip!رانفور_۱۳۹۲_۱۲_۲۹_separate_ن-۱۰_صورتهای مالی سال مالی منتهی به ۱۳۹۲_۱۲_۲۹ (حسابرسی شده).xlsx,OLE2_LEGACY_EXCEL,DETECTED,Sheet1,9,67,59,1,1,13,YES,YES,YES,
رانفور|1393,رانفور,1393,رانفور.zip!رانفور_۱۳۹۳_۱۲_۲۹_separate_ن-۱۰_صورتهای مالی سال مالی منتهی به ۱۳۹۳_۱۲_۲۹ (حسابرسی شده).xlsx,OLE2_LEGACY_EXCEL,DETECTED,Sheet1,9,51,43,1,1,12,YES,YES,YES,
رانفور|1394,رانفور,1394,رانفور.zip!رانفور_۱۳۹۴_۱۲_۲۹_separate_ن-۱۰_صورت‌های مالی سال مالی منتهی به ۱۳۹۴_۱۲_۲۹ (حسابرسی شده).xlsx,OLE2_LEGACY_EXCEL,DETECTED,Sheet1,11,53,43,1,1,11,YES,YES,YES,
رانفور|1395,رانفور,1395,رانفور.zip!رانفور_۱۳۹۵_۱۲_۳۰_separate_ن-۱۰_صورت‌های مالی سال مالی منتهی به ۱۳۹۵_۱۲_۳۰ (حسابرسی شده).xlsx,OLE2_LEGACY_EXCEL,DETECTED,Sheet1,11,50,40,1,1,11,YES,YES,YES,
سآبیک|1392,سآبیک,1392,سآبيك.zip!سآبيك_۱۳۹۲_۱۲_۲۹_separate_ن-۱۰_صورتهای مالی سال مالی منتهی به ۱۳۹۲_۱۲_۲۹ (حسابرسی شده).xlsx,OLE2_LEGACY_EXCEL,DETECTED,Sheet1,9,26,18,1,1,6,NO,N/A,YES,NO_DECISIVE_OPINION_PARAGRAPH_IN_BLOCK;REFERRAL_TO_ATTACHMENT;ACCEPTED_NO_SIGNATURE_MARKER_NEARBY
سآبیک|1398,سآبیک,1398,سآبيك.zip!سآبيك_۱۳۹۸_۱۲_۲۹_separate_ن-۱۰_صورت‌های مالی سال مالی منتهی به ۱۳۹۸_۱۲_۲۹ (حسابرسی شده).xlsx,HTML_MISLABELED_XLSX,NOT_DETECTED,,,,,0,0,0,NO,YES,NO,NO_AUDITOR_BLOCK_DETECTED;NO_AUDITOR_BLOCK_DETECTED
سآبیک|1399,سآبیک,1399,سآبيك.zip!سآبيك_۱۳۹۹_۱۲_۳۰_separate_ن-۱۰_صورت‌های مالی سال مالی منتهی به ۱۳۹۹_۱۲_۳۰ (حسابرسی شده).xlsx,HTML_MISLABELED_XLSX,NOT_DETECTED,,,,,0,0,0,NO,YES,NO,NO_AUDITOR_BLOCK_DETECTED;NO_AUDITOR_BLOCK_DETECTED
سآبیک|1400,سآبیک,1400,سآبيك.zip!سآبيك_۱۴۰۰_۱۲_۲۹_separate_ن-۱۰_صورت‌های مالی سال مالی منتهی به ۱۴۰۰_۱۲_۲۹ (حسابرسی شده).xlsx,HTML_MISLABELED_XLSX,NOT_DETECTED,,,,,0,0,0,NO,YES,NO,NO_AUDITOR_BLOCK_DETECTED;NO_AUDITOR_BLOCK_DETECTED
سآبیک|1401,سآبیک,1401,سآبيك.zip!سآبيك_۱۴۰۱_۱۲_۲۹_separate_ن-۱۰_صورت‌های مالی سال مالی منتهی به ۱۴۰۱_۱۲_۲۹ (حسابرسی شده).xlsx,HTML_MISLABELED_XLSX,NOT_DETECTED,,,,,0,0,0,NO,YES,NO,NO_AUDITOR_BLOCK_DETECTED;NO_AUDITOR_BLOCK_DETECTED
سآبیک|1402,سآبیک,1402,سآبيك.zip!سآبيك_۱۴۰۲_۱۲_۲۹_separate_ن-۱۰_صورت‌های مالی سال مالی منتهی به ۱۴۰۲_۱۲_۲۹ (حسابرسی شده)(اصلاحیه).xlsx,HTML_MISLABELED_XLSX,NOT_DETECTED,,,,,0,0,0,NO,YES,NO,NO_AUDITOR_BLOCK_DETECTED;NO_AUDITOR_BLOCK_DETECTED
سبجنو|1393,سبجنو,1393,سبجنو.zip!سبجنو_۱۳۹۳_۱۲_۲۹_separate_ن-۱۰_صورتهای مالی سال مالی منتهی به ۱۳۹۳_۱۲_۲۹ (حسابرسی شده).xlsx,OLE2_LEGACY_EXCEL,DETECTED,Sheet1,9,73,65,1,1,14,YES,YES,YES,
سبجنو|1394,سبجنو,1394,سبجنو.zip!سبجنو_۱۳۹۴_۱۲_۲۹_separate_ن-۱۰_صورت‌های مالی سال مالی منتهی به ۱۳۹۴_۱۲_۲۹ (حسابرسی شده).xlsx,OLE2_LEGACY_EXCEL,DETECTED,Sheet1,9,80,72,1,1,12,YES,YES,YES,
سبجنو|1395,سبجنو,1395,سبجنو.zip!سبجنو_۱۳۹۵_۱۲_۳۰_separate_ن-۱۰_صورت‌های مالی سال مالی منتهی به ۱۳۹۵_۱۲_۳۰ (حسابرسی شده).xlsx,OLE2_LEGACY_EXCEL,DETECTED,Sheet1,11,78,68,1,1,10,YES,YES,YES,
سبجنو|1396,سبجنو,1396,سبجنو.zip!سبجنو_۱۳۹۶_۱۲_۲۹_separate_ن-۱۰_صورت‌های مالی سال مالی منتهی به ۱۳۹۶_۱۲_۲۹ (حسابرسی شده).xlsx,OLE2_LEGACY_EXCEL,DETECTED,Sheet1,11,71,61,1,1,12,YES,YES,YES,
سبجنو|1397,سبجنو,1397,سبجنو.zip!سبجنو_۱۳۹۷_۱۲_۲۹_separate_ن-۱۰_صورت‌های مالی سال مالی منتهی به ۱۳۹۷_۱۲_۲۹ (حسابرسی شده)(اصلاحیه).xlsx,HTML_MISLABELED_XLSX,NOT_DETECTED,,,,,0,0,0,NO,YES,NO,NO_AUDITOR_BLOCK_DETECTED;NO_AUDITOR_BLOCK_DETECTED
سبجنو|1398,سبجنو,1398,سبجنو.zip!سبجنو_۱۳۹۸_۱۲_۲۹_separate_ن-۱۰_صورت‌های مالی سال مالی منتهی به ۱۳۹۸_۱۲_۲۹ (حسابرسی شده).xlsx,HTML_MISLABELED_XLSX,NOT_DETECTED,,,,,0,0,0,NO,YES,NO,NO_AUDITOR_BLOCK_DETECTED;NO_AUDITOR_BLOCK_DETECTED
سبجنو|1399,سبجنو,1399,سبجنو.zip!سبجنو_۱۳۹۹_۱۲_۳۰_separate_ن-۱۰_صورت‌های مالی سال مالی منتهی به ۱۳۹۹_۱۲_۳۰ (حسابرسی شده).xlsx,HTML_MISLABELED_XLSX,NOT_DETECTED,,,,,0,0,0,NO,YES,NO,NO_AUDITOR_BLOCK_DETECTED;NO_AUDITOR_BLOCK_DETECTED
سبجنو|1400,سبجنو,1400,سبجنو.zip!سبجنو_۱۴۰۰_۱۲_۲۹_separate_ن-۱۰_صورت‌های مالی سال مالی منتهی به ۱۴۰۰_۱۲_۲۹ (حسابرسی شده).xlsx,HTML_MISLABELED_XLSX,NOT_DETECTED,,,,,0,0,0,NO,YES,NO,NO_AUDITOR_BLOCK_DETECTED;NO_AUDITOR_BLOCK_DETECTED
سبجنو|1401,سبجنو,1401,سبجنو.zip!سبجنو_۱۴۰۱_۱۲_۲۹_separate_ن-۱۰_صورت‌های مالی سال مالی منتهی به ۱۴۰۱_۱۲_۲۹ (حسابرسی شده).xlsx,HTML_MISLABELED_XLSX,NOT_DETECTED,,,,,0,0,0,NO,YES,NO,NO_AUDITOR_BLOCK_DETECTED;NO_AUDITOR_BLOCK_DETECTED
سبجنو|1402,سبجنو,1402,سبجنو.zip!سبجنو_۱۴۰۲_۱۲_۲۹_separate_ن-۱۰_صورت‌های مالی سال مالی منتهی به ۱۴۰۲_۱۲_۲۹ (حسابرسی شده)(اصلاحیه).xlsx,HTML_MISLABELED_XLSX,NOT_DETECTED,,,,,0,0,0,NO,YES,NO,NO_AUDITOR_BLOCK_DETECTED;NO_AUDITOR_BLOCK_DETECTED
سفارس|1392,سفارس,1392,سفارس.zip!سفارس_۱۳۹۲_۰۲_۳۱_separate_ن-۱۰_صورتهای مالی سال مالی منتهی به ۱۳۹۲_۰۲_۳۱ (حسابرسی شده).xlsx,OLE2_LEGACY_EXCEL,DETECTED,Sheet1,9,119,111,1,1,14,YES,YES,YES,
سفارس|1393,سفارس,1393,سفارس.zip!سفارس_۱۳۹۳_۰۲_۳۱_separate_ن-۱۰_صورتهای مالی سال مالی منتهی به ۱۳۹۳_۰۲_۳۱ (حسابرسی شده).xlsx,OLE2_LEGACY_EXCEL,DETECTED,Sheet1,9,87,79,1,1,14,YES,YES,YES,
سفارس|1394,سفارس,1394,سفارس.zip!سفارس_۱۳۹۴_۰۲_۳۱_separate_ن-۱۰_صورت‌های مالی سال مالی منتهی به ۱۳۹۴_۰۲_۳۱ (حسابرسی شده).xlsx,OLE2_LEGACY_EXCEL,DETECTED,Sheet1,9,97,89,1,1,14,YES,YES,YES,
سفارس|1395,سفارس,1395,سفارس.zip!سفارس_۱۳۹۵_۰۲_۳۱_separate_ن-۱۰_صورت‌های مالی سال مالی منتهی به ۱۳۹۵_۰۲_۳۱ (حسابرسی شده).xlsx,OLE2_LEGACY_EXCEL,DETECTED,Sheet1,9,106,98,1,1,14,YES,YES,YES,
سفارس|1396,سفارس,1396,سفارس.zip!سفارس_۱۳۹۶_۰۲_۳۱_separate_ن-۱۰_صورت‌های مالی سال مالی منتهی به ۱۳۹۶_۰۲_۳۱ (حسابرسی شده).xlsx,OLE2_LEGACY_EXCEL,DETECTED,Sheet1,11,117,107,1,1,13,YES,YES,YES,
سفارس|1397,سفارس,1397,سفارس.zip!سفارس_۱۳۹۷_۰۲_۳۱_separate_ن-۱۰_صورت‌های مالی سال مالی منتهی به ۱۳۹۷_۰۲_۳۱ (حسابرسی شده).xlsx,OLE2_LEGACY_EXCEL,DETECTED,Sheet1,11,133,123,1,1,14,YES,YES,YES,
سفارس|1398,سفارس,1398,سفارس.zip!سفارس_۱۳۹۸_۰۲_۳۱_separate_ن-۱۰_صورت‌های مالی سال مالی منتهی به ۱۳۹۸_۰۲_۳۱ (حسابرسی شده).xlsx,HTML_MISLABELED_XLSX,NOT_DETECTED,,,,,0,0,0,NO,YES,NO,NO_AUDITOR_BLOCK_DETECTED;NO_AUDITOR_BLOCK_DETECTED
سفارس|1399,سفارس,1399,سفارس.zip!سفارس_۱۳۹۹_۰۲_۳۱_separate_ن-۱۰_صورت‌های مالی سال مالی منتهی به ۱۳۹۹_۰۲_۳۱ (حسابرسی شده).xlsx,HTML_MISLABELED_XLSX,NOT_DETECTED,,,,,0,0,0,NO,YES,NO,NO_AUDITOR_BLOCK_DETECTED;NO_AUDITOR_BLOCK_DETECTED
سفارس|1400,سفارس,1400,سفارس.zip!سفارس_۱۴۰۰_۰۲_۳۱_separate_ن-۱۰_صورت‌های مالی سال مالی منتهی به ۱۴۰۰_۰۲_۳۱ (حسابرسی شده).xlsx,HTML_MISLABELED_XLSX,NOT_DETECTED,,,,,0,0,0,NO,YES,NO,NO_AUDITOR_BLOCK_DETECTED;NO_AUDITOR_BLOCK_DETECTED
سفارس|1401,سفارس,1401,سفارس.zip!سفارس_۱۴۰۱_۰۲_۳۱_separate_ن-۱۰_صورت‌های مالی سال مالی منتهی به ۱۴۰۱_۰۲_۳۱ (حسابرسی شده).xlsx,HTML_MISLABELED_XLSX,NOT_DETECTED,,,,,0,0,0,NO,YES,NO,NO_AUDITOR_BLOCK_DETECTED;NO_AUDITOR_BLOCK_DETECTED
سفارس|1402,سفارس,1402,سفارس.zip!سفارس_۱۴۰۲_۰۲_۳۱_separate_ن-۱۰_صورت‌های مالی سال مالی منتهی به ۱۴۰۲_۰۲_۳۱ (حسابرسی شده).xlsx,HTML_MISLABELED_XLSX,NOT_DETECTED,,,,,0,0,0,NO,YES,NO,NO_AUDITOR_BLOCK_DETECTED;NO_AUDITOR_BLOCK_DETECTED
سهگمت|1392,سهگمت,1392,سهگمت.zip!سهگمت_۱۳۹۲_۱۰_۳۰_separate_ن-۱۰_صورتهای مالی سال مالی منتهی به ۱۳۹۲_۱۰_۳۰ (حسابرسی شده).xlsx,OLE2_LEGACY_EXCEL,DETECTED,Sheet1,9,65,57,1,1,13,YES,YES,YES,
سهگمت|1393,سهگمت,1393,سهگمت.zip!سهگمت_۱۳۹۳_۱۰_۳۰_separate_ن-۱۰_صورتهای مالی سال مالی منتهی به ۱۳۹۳_۱۰_۳۰ (حسابرسی شده).xlsx,OLE2_LEGACY_EXCEL,DETECTED,Sheet1,9,76,68,1,1,12,YES,YES,YES,
سهگمت|1394,سهگمت,1394,سهگمت.zip!سهگمت_۱۳۹۴_۱۰_۳۰_separate_ن-۱۰_صورت‌های مالی سال مالی منتهی به ۱۳۹۴_۱۰_۳۰ (حسابرسی شده).xlsx,OLE2_LEGACY_EXCEL,DETECTED,Sheet1,9,81,73,1,1,12,YES,YES,YES,
سخوز|1392,سخوز,1392,سخوز.zip!سخوز_۱۳۹۲_۱۲_۲۹_separate_ن-۱۰_صورتهای مالی سال مالی منتهی به ۱۳۹۲_۱۲_۲۹ (حسابرسی شده)(اصلاحیه).xlsx,OLE2_LEGACY_EXCEL,DETECTED,Sheet1,9,26,18,1,1,6,NO,N/A,YES,NO_DECISIVE_OPINION_PARAGRAPH_IN_BLOCK;REFERRAL_TO_ATTACHMENT;ACCEPTED_NO_SIGNATURE_MARKER_NEARBY
سخوز|1393,سخوز,1393,سخوز.zip!سخوز_۱۳۹۳_۱۲_۲۹_separate_ن-۱۰_صورتهای مالی سال مالی منتهی به ۱۳۹۳_۱۲_۲۹ (حسابرسی شده).xlsx,OLE2_LEGACY_EXCEL,DETECTED,Sheet1,9,60,52,1,1,13,YES,YES,YES,
سخوز|1394,سخوز,1394,سخوز.zip!سخوز_۱۳۹۴_۱۲_۲۹_separate_ن-۱۰_صورت‌های مالی سال مالی منتهی به ۱۳۹۴_۱۲_۲۹ (حسابرسی شده).xlsx,OLE2_LEGACY_EXCEL,DETECTED,Sheet1,9,60,52,1,1,12,YES,YES,YES,
سخوز|1395,سخوز,1395,سخوز.zip!سخوز_۱۳۹۵_۱۲_۳۰_separate_ن-۱۰_صورت‌های مالی سال مالی منتهی به ۱۳۹۵_۱۲_۳۰ (حسابرسی شده)(اصلاحیه).xlsx,OLE2_LEGACY_EXCEL,DETECTED,Sheet1,11,67,57,1,1,13,YES,YES,YES,
سخوز|1396,سخوز,1396,سخوز.zip!سخوز_۱۳۹۶_۱۲_۲۹_separate_ن-۱۰_صورت‌های مالی سال مالی منتهی به ۱۳۹۶_۱۲_۲۹ (حسابرسی شده).xlsx,OLE2_LEGACY_EXCEL,DETECTED,Sheet1,11,66,56,1,1,13,YES,YES,YES,
سخوز|1397,سخوز,1397,سخوز.zip!سخوز_۱۳۹۷_۱۲_۲۹_separate_ن-۱۰_صورت‌های مالی سال مالی منتهی به ۱۳۹۷_۱۲_۲۹ (حسابرسی شده).xlsx,HTML_MISLABELED_XLSX,NOT_DETECTED,,,,,0,0,0,NO,YES,NO,NO_AUDITOR_BLOCK_DETECTED;NO_AUDITOR_BLOCK_DETECTED
سخوز|1398,سخوز,1398,سخوز.zip!سخوز_۱۳۹۸_۱۲_۲۹_separate_ن-۱۰_صورت‌های مالی سال مالی منتهی به ۱۳۹۸_۱۲_۲۹ (حسابرسی شده).xlsx,HTML_MISLABELED_XLSX,NOT_DETECTED,,,,,0,0,0,NO,YES,NO,NO_AUDITOR_BLOCK_DETECTED;NO_AUDITOR_BLOCK_DETECTED
سخزر|1392,سخزر,1392,سخزر.zip!سخزر_۱۳۹۲_۱۲_۲۹_separate_ن-۱۰_صورتهای مالی سال مالی منتهی به ۱۳۹۲_۱۲_۲۹ (حسابرسی شده).xlsx,OLE2_LEGACY_EXCEL,DETECTED,Sheet1,9,61,53,1,1,11,YES,YES,YES,
سخزر|1393,سخزر,1393,سخزر.zip!سخزر_۱۳۹۳_۱۲_۲۹_separate_ن-۱۰_صورتهای مالی سال مالی منتهی به ۱۳۹۳_۱۲_۲۹ (حسابرسی شده).xlsx,OLE2_LEGACY_EXCEL,DETECTED,Sheet1,9,63,55,1,1,12,YES,YES,YES,
سخزر|1394,سخزر,1394,سخزر.zip!سخزر_۱۳۹۴_۱۲_۲۹_separate_ن-۱۰_صورت‌های مالی سال مالی منتهی به ۱۳۹۴_۱۲_۲۹ (حسابرسی شده).xlsx,OLE2_LEGACY_EXCEL,DETECTED,Sheet1,9,82,74,1,1,12,YES,YES,YES,
سخزر|1395,سخزر,1395,سخزر.zip!سخزر_۱۳۹۵_۱۲_۳۰_separate_ن-۱۰_صورت‌های مالی سال مالی منتهی به ۱۳۹۵_۱۲_۳۰ (حسابرسی شده).xlsx,OLE2_LEGACY_EXCEL,DETECTED,Sheet1,11,70,60,1,1,11,YES,YES,YES,
سخزر|1396,سخزر,1396,سخزر.zip!سخزر_۱۳۹۶_۱۲_۲۹_separate_ن-۱۰_صورت‌های مالی سال مالی منتهی به ۱۳۹۶_۱۲_۲۹ (حسابرسی شده).xlsx,OLE2_LEGACY_EXCEL,DETECTED,Sheet1,11,92,82,1,1,12,YES,YES,YES,
سخزر|1397,سخزر,1397,سخزر.zip!سخزر_۱۳۹۷_۱۲_۲۹_separate_ن-۱۰_صورت‌های مالی سال مالی منتهی به ۱۳۹۷_۱۲_۲۹ (حسابرسی شده).xlsx,HTML_MISLABELED_XLSX,NOT_DETECTED,,,,,0,0,0,NO,YES,NO,NO_AUDITOR_BLOCK_DETECTED;NO_AUDITOR_BLOCK_DETECTED
سخزر|1398,سخزر,1398,سخزر.zip!سخزر_۱۳۹۸_۱۲_۲۹_separate_ن-۱۰_صورت‌های مالی سال مالی منتهی به ۱۳۹۸_۱۲_۲۹ (حسابرسی شده).xlsx,HTML_MISLABELED_XLSX,NOT_DETECTED,,,,,0,0,0,NO,YES,NO,NO_AUDITOR_BLOCK_DETECTED;NO_AUDITOR_BLOCK_DETECTED
سخزر|1399,سخزر,1399,سخزر.zip!سخزر_۱۳۹۹_۱۲_۳۰_separate_ن-۱۰_صورت‌های مالی سال مالی منتهی به ۱۳۹۹_۱۲_۳۰ (حسابرسی شده).xlsx,HTML_MISLABELED_XLSX,NOT_DETECTED,,,,,0,0,0,NO,YES,NO,NO_AUDITOR_BLOCK_DETECTED;NO_AUDITOR_BLOCK_DETECTED
سخزر|1400,سخزر,1400,سخزر.zip!سخزر_۱۴۰۰_۱۲_۲۹_separate_ن-۱۰_صورت‌های مالی سال مالی منتهی به ۱۴۰۰_۱۲_۲۹ (حسابرسی شده).xlsx,HTML_MISLABELED_XLSX,NOT_DETECTED,,,,,0,0,0,NO,YES,NO,NO_AUDITOR_BLOCK_DETECTED;NO_AUDITOR_BLOCK_DETECTED
سخزر|1401,سخزر,1401,سخزر.zip!سخزر_۱۴۰۱_۱۲_۲۹_separate_ن-۱۰_صورت‌های مالی سال مالی منتهی به ۱۴۰۱_۱۲_۲۹ (حسابرسی شده).xlsx,HTML_MISLABELED_XLSX,NOT_DETECTED,,,,,0,0,0,NO,YES,NO,NO_AUDITOR_BLOCK_DETECTED;NO_AUDITOR_BLOCK_DETECTED
سخزر|1402,سخزر,1402,سخزر.zip!سخزر_۱۴۰۲_۱۲_۲۹_separate_ن-۱۰_صورت‌های مالی سال مالی منتهی به ۱۴۰۲_۱۲_۲۹ (حسابرسی شده)(اصلاحیه).xlsx,HTML_MISLABELED_XLSX,NOT_DETECTED,,,,,0,0,0,NO,YES,NO,NO_AUDITOR_BLOCK_DETECTED;NO_AUDITOR_BLOCK_DETECTED
سمازن|1392,سمازن,1392,سمازن.zip!سمازن_۱۳۹۲_۱۲_۲۹_separate_ن-۱۰_صورتهای مالی سال مالی منتهی به ۱۳۹۲_۱۲_۲۹ (حسابرسی شده).xlsx,OLE2_LEGACY_EXCEL,DETECTED,Sheet1,9,81,73,1,1,12,YES,YES,YES,
سمازن|1393,سمازن,1393,سمازن.zip!سمازن_۱۳۹۳_۱۲_۲۹_separate_ن-۱۰_صورت‌های مالی سال مالی منتهی به ۱۳۹۳_۱۲_۲۹ (حسابرسی شده).xlsx,OLE2_LEGACY_EXCEL,DETECTED,Sheet1,9,86,78,1,1,13,YES,YES,YES,
سقاین|1392,سقاین,1392,سقاين.zip!سقاين_۱۳۹۲_۱۲_۲۹_separate_ن-۱۰_صورتهای مالی سال مالی منتهی به ۱۳۹۲_۱۲_۲۹ (حسابرسی شده).xlsx,OLE2_LEGACY_EXCEL,DETECTED,Sheet1,9,55,47,1,1,12,YES,YES,YES,
سقاین|1393,سقاین,1393,سقاين.zip!سقاين_۱۳۹۳_۱۲_۲۹_separate_ن-۱۰_صورتهای مالی سال مالی منتهی به ۱۳۹۳_۱۲_۲۹ (حسابرسی شده)(اصلاحیه).xlsx,OLE2_LEGACY_EXCEL,DETECTED,Sheet1,9,60,52,1,1,13,YES,YES,YES,
سقاین|1394,سقاین,1394,سقاين.zip!سقاين_۱۳۹۴_۱۲_۲۹_separate_ن-۱۰_صورت‌های مالی سال مالی منتهی به ۱۳۹۴_۱۲_۲۹ (حسابرسی شده).xlsx,OLE2_LEGACY_EXCEL,DETECTED,Sheet1,9,56,48,1,1,11,YES,YES,YES,
سقاین|1395,سقاین,1395,سقاين.zip!سقاين_۱۳۹۵_۱۲_۳۰_separate_ن-۱۰_صورت‌های مالی سال مالی منتهی به ۱۳۹۵_۱۲_۳۰ (حسابرسی شده).xlsx,OLE2_LEGACY_EXCEL,DETECTED,Sheet1,11,57,47,1,1,11,YES,YES,YES,
سقاین|1396,سقاین,1396,سقاين.zip!سقاين_۱۳۹۶_۱۲_۲۹_separate_ن-۱۰_صورت‌های مالی سال مالی منتهی به ۱۳۹۶_۱۲_۲۹ (حسابرسی شده).xlsx,OLE2_LEGACY_EXCEL,DETECTED,Sheet1,11,62,52,1,1,12,YES,YES,YES,
سقاین|1397,سقاین,1397,سقاين.zip!سقاين_۱۳۹۷_۱۲_۲۹_separate_ن-۱۰_صورت‌های مالی سال مالی منتهی به ۱۳۹۷_۱۲_۲۹ (حسابرسی شده).xlsx,HTML_MISLABELED_XLSX,NOT_DETECTED,,,,,0,0,0,NO,YES,NO,NO_AUDITOR_BLOCK_DETECTED;NO_AUDITOR_BLOCK_DETECTED
سقاین|1398,سقاین,1398,سقاين.zip!سقاين_۱۳۹۸_۱۲_۲۹_separate_ن-۱۰_صورت‌های مالی سال مالی منتهی به ۱۳۹۸_۱۲_۲۹ (حسابرسی شده).xlsx,HTML_MISLABELED_XLSX,NOT_DETECTED,,,,,0,0,0,NO,YES,NO,NO_AUDITOR_BLOCK_DETECTED;NO_AUDITOR_BLOCK_DETECTED
سقاین|1399,سقاین,1399,سقاين.zip!سقاين_۱۳۹۹_۱۲_۳۰_separate_ن-۱۰_صورت‌های مالی سال مالی منتهی به ۱۳۹۹_۱۲_۳۰ (حسابرسی شده).xlsx,HTML_MISLABELED_XLSX,NOT_DETECTED,,,,,0,0,0,NO,YES,NO,NO_AUDITOR_BLOCK_DETECTED;NO_AUDITOR_BLOCK_DETECTED
سقاین|1400,سقاین,1400,سقاين.zip!سقاين_۱۴۰۰_۱۲_۲۹_separate_ن-۱۰_صورت‌های مالی سال مالی منتهی به ۱۴۰۰_۱۲_۲۹ (حسابرسی شده).xlsx,HTML_MISLABELED_XLSX,NOT_DETECTED,,,,,0,0,0,NO,YES,NO,NO_AUDITOR_BLOCK_DETECTED;NO_AUDITOR_BLOCK_DETECTED
سقاین|1401,سقاین,1401,سقاين.zip!سقاين_۱۴۰۱_۱۲_۲۹_separate_ن-۱۰_صورت‌های مالی سال مالی منتهی به ۱۴۰۱_۱۲_۲۹ (حسابرسی شده).xlsx,HTML_MISLABELED_XLSX,NOT_DETECTED,,,,,0,0,0,NO,YES,NO,NO_AUDITOR_BLOCK_DETECTED;NO_AUDITOR_BLOCK_DETECTED
سقاین|1402,سقاین,1402,سقاين.zip!سقاين_۱۴۰۲_۱۲_۲۹_separate_ن-۱۰_صورت‌های مالی سال مالی منتهی به ۱۴۰۲_۱۲_۲۹ (حسابرسی شده).xlsx,HTML_MISLABELED_XLSX,NOT_DETECTED,,,,,0,0,0,NO,YES,NO,NO_AUDITOR_BLOCK_DETECTED;NO_AUDITOR_BLOCK_DETECTED
ساراب|1392,ساراب,1392,ساراب.zip!ساراب_۱۳۹۲_۱۲_۲۹_separate_ن-۱۰_صورتهای مالی سال مالی منتهی به ۱۳۹۲_۱۲_۲۹ (حسابرسی شده).xlsx,OLE2_LEGACY_EXCEL,DETECTED,Sheet1,9,71,63,1,1,13,YES,YES,YES,
ساراب|1393,ساراب,1393,ساراب.zip!ساراب_۱۳۹۳_۱۲_۲۹_separate_ن-۱۰_صورتهای مالی سال مالی منتهی به ۱۳۹۳_۱۲_۲۹ (حسابرسی شده).xlsx,OLE2_LEGACY_EXCEL,DETECTED,Sheet1,9,77,69,1,1,13,YES,YES,YES,
ساربیل|1393,ساربیل,1393,ساربيل.zip!ساربيل_۱۳۹۳_۰۹_۳۰_separate_ن-۱۰_صورتهای مالی سال مالی منتهی به ۱۳۹۳_۰۹_۳۰ (حسابرسی شده).xlsx,OLE2_LEGACY_EXCEL,DETECTED,Sheet1,9,59,51,1,1,11,YES,YES,YES,
ساربیل|1394,ساربیل,1394,ساربيل.zip!ساربيل_۱۳۹۴_۰۹_۳۰_separate_ن-۱۰_صورت‌های مالی سال مالی منتهی به ۱۳۹۴_۰۹_۳۰ (حسابرسی شده).xlsx,OLE2_LEGACY_EXCEL,DETECTED,Sheet1,9,84,76,1,1,14,YES,YES,YES,
ساربیل|1395,ساربیل,1395,ساربيل.zip!ساربيل_۱۳۹۵_۰۹_۳۰_separate_ن-۱۰_صورت‌های مالی سال مالی منتهی به ۱۳۹۵_۰۹_۳۰ (حسابرسی شده).xlsx,OLE2_LEGACY_EXCEL,DETECTED,Sheet1,11,83,73,1,1,13,YES,YES,YES,
ساربیل|1396,ساربیل,1396,ساربيل.zip!ساربيل_۱۳۹۶_۰۹_۳۰_separate_ن-۱۰_صورت‌های مالی سال مالی منتهی به ۱۳۹۶_۰۹_۳۰ (حسابرسی شده).xlsx,OLE2_LEGACY_EXCEL,DETECTED,Sheet1,11,70,60,1,1,13,YES,YES,YES,
ساربیل|1397,ساربیل,1397,ساربيل.zip!ساربيل_۱۳۹۷_۰۹_۳۰_separate_ن-۱۰_صورت‌های مالی سال مالی منتهی به ۱۳۹۷_۰۹_۳۰ (حسابرسی شده).xlsx,HTML_MISLABELED_XLSX,NOT_DETECTED,,,,,0,0,0,NO,YES,NO,NO_AUDITOR_BLOCK_DETECTED;NO_AUDITOR_BLOCK_DETECTED
ساربیل|1398,ساربیل,1398,ساربيل.zip!ساربيل_۱۳۹۸_۰۹_۳۰_separate_ن-۱۰_صورت‌های مالی سال مالی منتهی به ۱۳۹۸_۰۹_۳۰ (حسابرسی شده).xlsx,HTML_MISLABELED_XLSX,NOT_DETECTED,,,,,0,0,0,NO,YES,NO,NO_AUDITOR_BLOCK_DETECTED;NO_AUDITOR_BLOCK_DETECTED
ساربیل|1399,ساربیل,1399,ساربيل.zip!ساربيل_۱۳۹۹_۰۹_۳۰_separate_ن-۱۰_صورت‌های مالی سال مالی منتهی به ۱۳۹۹_۰۹_۳۰ (حسابرسی شده).xlsx,HTML_MISLABELED_XLSX,NOT_DETECTED,,,,,0,0,0,NO,YES,NO,NO_AUDITOR_BLOCK_DETECTED;NO_AUDITOR_BLOCK_DETECTED
ساربیل|1400,ساربیل,1400,ساربيل.zip!ساربيل_۱۴۰۰_۰۹_۳۰_separate_ن-۱۰_صورت‌های مالی سال مالی منتهی به ۱۴۰۰_۰۹_۳۰ (حسابرسی شده).xlsx,HTML_MISLABELED_XLSX,NOT_DETECTED,,,,,0,0,0,NO,YES,NO,NO_AUDITOR_BLOCK_DETECTED;NO_AUDITOR_BLOCK_DETECTED
ساربیل|1401,ساربیل,1401,ساربيل.zip!ساربيل_۱۴۰۱_۰۹_۳۰_separate_ن-۱۰_صورت‌های مالی سال مالی منتهی به ۱۴۰۱_۰۹_۳۰ (حسابرسی شده).xlsx,HTML_MISLABELED_XLSX,NOT_DETECTED,,,,,0,0,0,NO,YES,NO,NO_AUDITOR_BLOCK_DETECTED;NO_AUDITOR_BLOCK_DETECTED
ساربیل|1402,ساربیل,1402,ساربيل.zip!ساربيل_۱۴۰۲_۰۹_۳۰_separate_ن-۱۰_صورت‌های مالی سال مالی منتهی به ۱۴۰۲_۰۹_۳۰ (حسابرسی شده).xlsx,HTML_MISLABELED_XLSX,NOT_DETECTED,,,,,0,0,0,NO,YES,NO,NO_AUDITOR_BLOCK_DETECTED;NO_AUDITOR_BLOCK_DETECTED
ساروم|1393,ساروم,1393,ساروم.zip!ساروم_۱۳۹۳_۱۲_۲۹_separate_ن-۱۰_صورتهای مالی سال مالی منتهی به ۱۳۹۳_۱۲_۲۹ (حسابرسی شده).xlsx,OLE2_LEGACY_EXCEL,DETECTED,Sheet1,9,63,55,1,1,12,YES,YES,YES,
ساروم|1394,ساروم,1394,ساروم.zip!ساروم_۱۳۹۴_۱۲_۲۹_separate_ن-۱۰_صورت‌های مالی سال مالی منتهی به ۱۳۹۴_۱۲_۲۹ (حسابرسی شده).xlsx,OLE2_LEGACY_EXCEL,DETECTED,Sheet1,9,59,51,1,1,12,YES,YES,YES,
ساروم|1395,ساروم,1395,ساروم.zip!ساروم_۱۳۹۵_۱۲_۳۰_separate_ن-۱۰_صورت‌های مالی سال مالی منتهی به ۱۳۹۵_۱۲_۳۰ (حسابرسی شده).xlsx,OLE2_LEGACY_EXCEL,DETECTED,Sheet1,11,59,49,1,1,12,YES,YES,YES,
ساروم|1396,ساروم,1396,ساروم.zip!ساروم_۱۳۹۶_۱۲_۲۹_separate_ن-۱۰_صورت‌های مالی سال مالی منتهی به ۱۳۹۶_۱۲_۲۹ (حسابرسی شده)(اصلاحیه).xlsx,OLE2_LEGACY_EXCEL,DETECTED,Sheet1,11,62,52,1,1,14,YES,YES,YES,
ساروم|1397,ساروم,1397,ساروم.zip!ساروم_۱۳۹۷_۱۲_۲۹_separate_ن-۱۰_صورت‌های مالی سال مالی منتهی به ۱۳۹۷_۱۲_۲۹ (حسابرسی شده).xlsx,HTML_MISLABELED_XLSX,NOT_DETECTED,,,,,0,0,0,NO,YES,NO,NO_AUDITOR_BLOCK_DETECTED;NO_AUDITOR_BLOCK_DETECTED
ساروم|1398,ساروم,1398,ساروم.zip!ساروم_۱۳۹۸_۱۲_۲۹_separate_ن-۱۰_صورت‌های مالی سال مالی منتهی به ۱۳۹۸_۱۲_۲۹ (حسابرسی شده).xlsx,HTML_MISLABELED_XLSX,NOT_DETECTED,,,,,0,0,0,NO,YES,NO,NO_AUDITOR_BLOCK_DETECTED;NO_AUDITOR_BLOCK_DETECTED
ساروم|1399,ساروم,1399,ساروم.zip!ساروم_۱۳۹۹_۱۲_۳۰_separate_ن-۱۰_صورت‌های مالی سال مالی منتهی به ۱۳۹۹_۱۲_۳۰ (حسابرسی شده).xlsx,HTML_MISLABELED_XLSX,NOT_DETECTED,,,,,0,0,0,NO,YES,NO,NO_AUDITOR_BLOCK_DETECTED;NO_AUDITOR_BLOCK_DETECTED
ساروم|1400,ساروم,1400,ساروم.zip!ساروم_۱۴۰۰_۱۲_۲۹_separate_ن-۱۰_صورت‌های مالی سال مالی منتهی به ۱۴۰۰_۱۲_۲۹ (حسابرسی شده).xlsx,HTML_MISLABELED_XLSX,NOT_DETECTED,,,,,0,0,0,NO,YES,NO,NO_AUDITOR_BLOCK_DETECTED;NO_AUDITOR_BLOCK_DETECTED
ساروم|1401,ساروم,1401,ساروم.zip!ساروم_۱۴۰۱_۱۲_۲۹_separate_ن-۱۰_صورت‌های مالی سال مالی منتهی به ۱۴۰۱_۱۲_۲۹ (حسابرسی شده).xlsx,HTML_MISLABELED_XLSX,NOT_DETECTED,,,,,0,0,0,NO,YES,NO,NO_AUDITOR_BLOCK_DETECTED;NO_AUDITOR_BLOCK_DETECTED
ساروم|1402,ساروم,1402,ساروم.zip!ساروم_۱۴۰۲_۱۲_۲۹_separate_ن-۱۰_صورت‌های مالی سال مالی منتهی به ۱۴۰۲_۱۲_۲۹ (حسابرسی شده).xlsx,HTML_MISLABELED_XLSX,NOT_DETECTED,,,,,0,0,0,NO,YES,NO,NO_AUDITOR_BLOCK_DETECTED;NO_AUDITOR_BLOCK_DETECTED
سبهان|1392,سبهان,1392,سبهان.zip!سبهان_۱۳۹۲_۱۲_۲۹_separate_ن-۱۰_صورتهای مالی سال مالی منتهی به ۱۳۹۲_۱۲_۲۹ (حسابرسی شده).xlsx,OLE2_LEGACY_EXCEL,DETECTED,Sheet1,9,70,62,1,1,12,YES,YES,YES,
سبهان|1393,سبهان,1393,سبهان.zip!سبهان_۱۳۹۳_۱۲_۲۹_separate_ن-۱۰_صورتهای مالی سال مالی منتهی به ۱۳۹۳_۱۲_۲۹ (حسابرسی شده).xlsx,OLE2_LEGACY_EXCEL,DETECTED,Sheet1,9,60,52,1,1,12,YES,YES,YES,
سبهان|1394,سبهان,1394,سبهان.zip!سبهان_۱۳۹۴_۱۲_۲۹_separate_ن-۱۰_صورت‌های مالی سال مالی منتهی به ۱۳۹۴_۱۲_۲۹ (حسابرسی شده).xlsx,OLE2_LEGACY_EXCEL,DETECTED,Sheet1,9,63,55,1,1,12,YES,YES,YES,
سبهان|1395,سبهان,1395,سبهان.zip!سبهان_۱۳۹۵_۱۲_۳۰_separate_ن-۱۰_صورت‌های مالی سال مالی منتهی به ۱۳۹۵_۱۲_۳۰ (حسابرسی شده).xlsx,OLE2_LEGACY_EXCEL,DETECTED,Sheet1,11,79,69,1,1,13,YES,YES,YES,
سبهان|1396,سبهان,1396,سبهان.zip!سبهان_۱۳۹۶_۱۲_۲۹_separate_ن-۱۰_صورت‌های مالی سال مالی منتهی به ۱۳۹۶_۱۲_۲۹ (حسابرسی شده)(اصلاحیه).xlsx,OLE2_LEGACY_EXCEL,DETECTED,Sheet1,11,77,67,1,1,14,YES,YES,YES,
سبهان|1397,سبهان,1397,سبهان.zip!سبهان_۱۳۹۷_۱۲_۲۹_separate_ن-۱۰_صورت‌های مالی سال مالی منتهی به ۱۳۹۷_۱۲_۲۹ (حسابرسی شده).xlsx,HTML_MISLABELED_XLSX,NOT_DETECTED,,,,,0,0,0,NO,YES,NO,NO_AUDITOR_BLOCK_DETECTED;NO_AUDITOR_BLOCK_DETECTED
سبهان|1398,سبهان,1398,سبهان.zip!سبهان_۱۳۹۸_۱۲_۲۹_separate_ن-۱۰_صورت‌های مالی سال مالی منتهی به ۱۳۹۸_۱۲_۲۹ (حسابرسی شده).xlsx,HTML_MISLABELED_XLSX,NOT_DETECTED,,,,,0,0,0,NO,YES,NO,NO_AUDITOR_BLOCK_DETECTED;NO_AUDITOR_BLOCK_DETECTED
سبهان|1399,سبهان,1399,سبهان.zip!سبهان_۱۳۹۹_۱۲_۳۰_separate_ن-۱۰_صورت‌های مالی سال مالی منتهی به ۱۳۹۹_۱۲_۳۰ (حسابرسی شده).xlsx,HTML_MISLABELED_XLSX,NOT_DETECTED,,,,,0,0,0,NO,YES,NO,NO_AUDITOR_BLOCK_DETECTED;NO_AUDITOR_BLOCK_DETECTED
سبهان|1400,سبهان,1400,سبهان.zip!سبهان_۱۴۰۰_۱۲_۲۹_separate_ن-۱۰_صورت‌های مالی سال مالی منتهی به ۱۴۰۰_۱۲_۲۹ (حسابرسی شده).xlsx,HTML_MISLABELED_XLSX,NOT_DETECTED,,,,,0,0,0,NO,YES,NO,NO_AUDITOR_BLOCK_DETECTED;NO_AUDITOR_BLOCK_DETECTED
سبهان|1401,سبهان,1401,سبهان.zip!سبهان_۱۴۰۱_۱۲_۲۹_separate_ن-۱۰_صورت‌های مالی سال مالی منتهی به ۱۴۰۱_۱۲_۲۹ (حسابرسی شده).xlsx,HTML_MISLABELED_XLSX,NOT_DETECTED,,,,,0,0,0,NO,YES,NO,NO_AUDITOR_BLOCK_DETECTED;NO_AUDITOR_BLOCK_DETECTED
سبهان|1402,سبهان,1402,سبهان.zip!سبهان_۱۴۰۲_۱۲_۲۹_separate_ن-۱۰_صورت‌های مالی سال مالی منتهی به ۱۴۰۲_۱۲_۲۹ (حسابرسی شده).xlsx,HTML_MISLABELED_XLSX,NOT_DETECTED,,,,,0,0,0,NO,YES,NO,NO_AUDITOR_BLOCK_DETECTED;NO_AUDITOR_BLOCK_DETECTED
سدشت|1392,سدشت,1392,سدشت.zip!سدشت_۱۳۹۲_۰۶_۳۱_separate_ن-۱۰_صورتهای مالی سال مالی منتهی به ۱۳۹۲_۰۶_۳۱ (حسابرسی شده).xlsx,OLE2_LEGACY_EXCEL,DETECTED,Sheet1,9,76,68,1,1,14,YES,YES,YES,
سدشت|1393,سدشت,1393,سدشت.zip!سدشت_۱۳۹۳_۰۶_۳۱_separate_ن-۱۰_صورتهای مالی سال مالی منتهی به ۱۳۹۳_۰۶_۳۱ (حسابرسی شده).xlsx,OLE2_LEGACY_EXCEL,DETECTED,Sheet1,9,78,70,1,1,13,YES,YES,YES,
سدشت|1394,سدشت,1394,سدشت.zip!سدشت_۱۳۹۴_۰۶_۳۱_separate_ن-۱۰_صورت‌های مالی سال مالی منتهی به ۱۳۹۴_۰۶_۳۱ (حسابرسی شده).xlsx,OLE2_LEGACY_EXCEL,DETECTED,Sheet1,11,65,55,1,1,12,YES,YES,YES,
سدور|1392,سدور,1392,سدور.zip!سدور_۱۳۹۲_۱۲_۲۹_separate_ن-۱۰_صورتهای مالی سال مالی منتهی به ۱۳۹۲_۱۲_۲۹ (حسابرسی شده).xlsx,OLE2_LEGACY_EXCEL,DETECTED,Sheet1,9,74,66,1,1,13,YES,YES,YES,
سدور|1393,سدور,1393,سدور.zip!سدور_۱۳۹۳_۱۲_۲۹_separate_ن-۱۰_صورتهای مالی سال مالی منتهی به ۱۳۹۳_۱۲_۲۹ (حسابرسی شده).xlsx,OLE2_LEGACY_EXCEL,DETECTED,Sheet1,9,79,71,1,1,12,YES,YES,YES,
سدور|1394,سدور,1394,سدور.zip!سدور_۱۳۹۴_۱۲_۲۹_separate_ن-۱۰_صورت‌های مالی سال مالی منتهی به ۱۳۹۴_۱۲_۲۹ (حسابرسی شده).xlsx,OLE2_LEGACY_EXCEL,DETECTED,Sheet1,9,82,74,1,1,14,YES,YES,YES,
سدور|1395,سدور,1395,سدور.zip!سدور_۱۳۹۵_۱۲_۳۰_separate_ن-۱۰_صورت‌های مالی سال مالی منتهی به ۱۳۹۵_۱۲_۳۰ (حسابرسی شده).xlsx,OLE2_LEGACY_EXCEL,DETECTED,Sheet1,11,92,82,1,1,14,YES,YES,YES,
سدور|1396,سدور,1396,سدور.zip!سدور_۱۳۹۶_۱۲_۲۹_separate_ن-۱۰_صورت‌های مالی سال مالی منتهی به ۱۳۹۶_۱۲_۲۹ (حسابرسی شده)(اصلاحیه).xlsx,OLE2_LEGACY_EXCEL,DETECTED,Sheet1,11,93,83,1,1,15,YES,YES,YES,
سدور|1397,سدور,1397,سدور.zip!سدور_۱۳۹۷_۱۲_۲۹_separate_ن-۱۰_صورت‌های مالی سال مالی منتهی به ۱۳۹۷_۱۲_۲۹ (حسابرسی شده).xlsx,HTML_MISLABELED_XLSX,NOT_DETECTED,,,,,0,0,0,NO,YES,NO,NO_AUDITOR_BLOCK_DETECTED;NO_AUDITOR_BLOCK_DETECTED
سدور|1398,سدور,1398,سدور.zip!سدور_۱۳۹۸_۱۲_۲۹_separate_ن-۱۰_صورت‌های مالی سال مالی منتهی به ۱۳۹۸_۱۲_۲۹ (حسابرسی شده)(اصلاحیه).xlsx,HTML_MISLABELED_XLSX,NOT_DETECTED,,,,,0,0,0,NO,YES,NO,NO_AUDITOR_BLOCK_DETECTED;NO_AUDITOR_BLOCK_DETECTED
سدور|1399,سدور,1399,سدور.zip!سدور_۱۳۹۹_۱۲_۳۰_separate_ن-۱۰_صورت‌های مالی سال مالی منتهی به ۱۳۹۹_۱۲_۳۰ (حسابرسی شده).xlsx,HTML_MISLABELED_XLSX,NOT_DETECTED,,,,,0,0,0,NO,YES,NO,NO_AUDITOR_BLOCK_DETECTED;NO_AUDITOR_BLOCK_DETECTED
سدور|1400,سدور,1400,سدور.zip!سدور_۱۴۰۰_۱۲_۲۹_separate_ن-۱۰_صورت‌های مالی سال مالی منتهی به ۱۴۰۰_۱۲_۲۹ (حسابرسی شده).xlsx,HTML_MISLABELED_XLSX,NOT_DETECTED,,,,,0,0,0,NO,YES,NO,NO_AUDITOR_BLOCK_DETECTED;NO_AUDITOR_BLOCK_DETECTED
سدور|1401,سدور,1401,سدور.zip!سدور_۱۴۰۱_۱۲_۲۹_separate_ن-۱۰_صورت‌های مالی سال مالی منتهی به ۱۴۰۱_۱۲_۲۹ (حسابرسی شده).xlsx,HTML_MISLABELED_XLSX,NOT_DETECTED,,,,,0,0,0,NO,YES,NO,NO_AUDITOR_BLOCK_DETECTED;NO_AUDITOR_BLOCK_DETECTED
سدور|1402,سدور,1402,سدور.zip!سدور_۱۴۰۲_۱۲_۲۹_separate_ن-۱۰_صورت‌های مالی سال مالی منتهی به ۱۴۰۲_۱۲_۲۹ (حسابرسی شده).xlsx,HTML_MISLABELED_XLSX,NOT_DETECTED,,,,,0,0,0,NO,YES,NO,NO_AUDITOR_BLOCK_DETECTED;NO_AUDITOR_BLOCK_DETECTED
سشرق|1392,سشرق,1392,سشرق.zip!سشرق_۱۳۹۲_۰۶_۳۱_separate_ن-۱۰_صورتهای مالی سال مالی منتهی به ۱۳۹۲_۰۶_۳۱ (حسابرسی شده).xlsx,OLE2_LEGACY_EXCEL,DETECTED,Sheet1,9,83,75,1,1,13,YES,YES,YES,
سشرق|1393,سشرق,1393,سشرق.zip!سشرق_۱۳۹۳_۰۶_۳۱_separate_ن-۱۰_صورتهای مالی سال مالی منتهی به ۱۳۹۳_۰۶_۳۱ (حسابرسی شده).xlsx,OLE2_LEGACY_EXCEL,DETECTED,Sheet1,9,73,65,1,1,13,YES,YES,YES,
سشرق|1394,سشرق,1394,سشرق.zip!سشرق_۱۳۹۴_۰۶_۳۱_separate_ن-۱۰_صورت‌های مالی سال مالی منتهی به ۱۳۹۴_۰۶_۳۱ (حسابرسی شده).xlsx,OLE2_LEGACY_EXCEL,DETECTED,Sheet1,9,75,67,1,1,14,YES,YES,YES,
سشرق|1395,سشرق,1395,سشرق.zip!سشرق_۱۳۹۵_۰۶_۳۱_separate_ن-۱۰_صورت‌های مالی سال مالی منتهی به ۱۳۹۵_۰۶_۳۱ (حسابرسی شده).xlsx,OLE2_LEGACY_EXCEL,DETECTED,Sheet1,9,75,67,1,1,13,YES,YES,YES,
تاپیکو|1393,تاپیکو,1393,تاپيكو.zip!تاپيكو_۱۳۹۳_۰۲_۳۱_separate_ن-۱۰_صورتهای مالی سال مالی منتهی به ۱۳۹۳_۰۲_۳۱ (حسابرسی شده).xlsx,OLE2_LEGACY_EXCEL,DETECTED,Sheet1,9,98,90,1,1,14,YES,YES,YES,
تاپیکو|1394,تاپیکو,1394,تاپيكو.zip!تاپيكو_۱۳۹۴_۰۲_۳۱_separate_ن-۱۰_صورت‌های مالی سال مالی منتهی به ۱۳۹۴_۰۲_۳۱ (حسابرسی شده)(اصلاحیه).xlsx,OLE2_LEGACY_EXCEL,DETECTED,Sheet1,9,94,86,1,1,14,YES,YES,YES,
تاپیکو|1395,تاپیکو,1395,تاپيكو.zip!تاپيكو_۱۳۹۵_۰۲_۳۱_separate_ن-۱۰_صورت‌های مالی سال مالی منتهی به ۱۳۹۵_۰۲_۳۱ (حسابرسی شده).xlsx,OLE2_LEGACY_EXCEL,DETECTED,Sheet1,9,101,93,1,1,13,YES,YES,YES,
تاپیکو|1396,تاپیکو,1396,تاپيكو.zip!تاپيكو_۱۳۹۶_۰۲_۳۱_separate_ن-۱۰_صورت‌های مالی سال مالی منتهی به ۱۳۹۶_۰۲_۳۱ (حسابرسی شده).xlsx,OLE2_LEGACY_EXCEL,DETECTED,Sheet1,11,123,113,1,1,13,YES,YES,YES,
تاپیکو|1397,تاپیکو,1397,تاپيكو.zip!تاپيكو_۱۳۹۷_۰۲_۳۱_separate_ن-۱۰_صورت‌های مالی سال مالی منتهی به ۱۳۹۷_۰۲_۳۱ (حسابرسی شده).xlsx,OLE2_LEGACY_EXCEL,DETECTED,Sheet1,11,108,98,1,1,14,YES,YES,YES,
تاپیکو|1398,تاپیکو,1398,تاپيكو.zip!تاپيكو_۱۳۹۸_۰۲_۳۱_separate_ن-۱۰_صورت‌های مالی سال مالی منتهی به ۱۳۹۸_۰۲_۳۱ (حسابرسی شده).xlsx,HTML_MISLABELED_XLSX,NOT_DETECTED,,,,,0,0,0,NO,YES,NO,NO_AUDITOR_BLOCK_DETECTED;NO_AUDITOR_BLOCK_DETECTED
تاپیکو|1399,تاپیکو,1399,تاپيكو.zip!تاپيكو_۱۳۹۹_۰۲_۳۱_separate_ن-۱۰_صورت‌های مالی سال مالی منتهی به ۱۳۹۹_۰۲_۳۱ (حسابرسی شده).xlsx,HTML_MISLABELED_XLSX,NOT_DETECTED,,,,,0,0,0,NO,YES,NO,NO_AUDITOR_BLOCK_DETECTED;NO_AUDITOR_BLOCK_DETECTED
تاپیکو|1400,تاپیکو,1400,تاپيكو.zip!تاپيكو_۱۴۰۰_۰۲_۳۱_separate_ن-۱۰_صورت‌های مالی سال مالی منتهی به ۱۴۰۰_۰۲_۳۱ (حسابرسی شده).xlsx,HTML_MISLABELED_XLSX,NOT_DETECTED,,,,,0,0,0,NO,YES,NO,NO_AUDITOR_BLOCK_DETECTED;NO_AUDITOR_BLOCK_DETECTED
تاپیکو|1401,تاپیکو,1401,تاپيكو.zip!تاپيكو_۱۴۰۱_۰۲_۳۱_separate_ن-۱۰_صورت‌های مالی سال مالی منتهی به ۱۴۰۱_۰۲_۳۱ (حسابرسی شده).xlsx,HTML_MISLABELED_XLSX,NOT_DETECTED,,,,,0,0,0,NO,YES,NO,NO_AUDITOR_BLOCK_DETECTED;NO_AUDITOR_BLOCK_DETECTED
تاپیکو|1402,تاپیکو,1402,تاپيكو.zip!تاپيكو_۱۴۰۲_۰۲_۳۱_separate_ن-۱۰_صورت‌های مالی سال مالی منتهی به ۱۴۰۲_۰۲_۳۱ (حسابرسی شده).xlsx,HTML_MISLABELED_XLSX,NOT_DETECTED,,,,,0,0,0,NO,YES,NO,NO_AUDITOR_BLOCK_DETECTED;NO_AUDITOR_BLOCK_DETECTED
تپمپی|1393,تپمپی,1393,تپمپي.zip!تپمپي_۱۳۹۳_۰۳_۳۱_separate_ن-۱۰_صورتهای مالی سال مالی منتهی به ۱۳۹۳_۰۳_۳۱ (حسابرسی شده).xlsx,OLE2_LEGACY_EXCEL,DETECTED,Sheet1,9,69,61,1,1,12,YES,YES,YES,
تپمپی|1394,تپمپی,1394,تپمپي.zip!تپمپي_۱۳۹۴_۰۳_۳۱_separate_ن-۱۰_صورت‌های مالی سال مالی منتهی به ۱۳۹۴_۰۳_۳۱ (حسابرسی شده)(اصلاحیه).xlsx,OLE2_LEGACY_EXCEL,DETECTED,Sheet1,9,74,66,1,1,13,YES,YES,YES,
تپمپی|1395,تپمپی,1395,تپمپي.zip!تپمپي_۱۳۹۵_۰۳_۳۱_separate_ن-۱۰_صورت‌های مالی سال مالی منتهی به ۱۳۹۵_۰۳_۳۱ (حسابرسی شده).xlsx,OLE2_LEGACY_EXCEL,DETECTED,Sheet1,9,70,62,1,1,12,YES,YES,YES,
تپمپی|1396,تپمپی,1396,تپمپي.zip!تپمپي_۱۳۹۶_۰۳_۳۱_separate_ن-۱۰_صورت‌های مالی سال مالی منتهی به ۱۳۹۶_۰۳_۳۱ (حسابرسی شده).xlsx,OLE2_LEGACY_EXCEL,DETECTED,Sheet1,11,76,66,1,1,13,YES,YES,YES,
تپمپی|1397,تپمپی,1397,تپمپي.zip!تپمپي_۱۳۹۷_۰۳_۳۱_separate_ن-۱۰_صورت‌های مالی سال مالی منتهی به ۱۳۹۷_۰۳_۳۱ (حسابرسی شده).xlsx,OLE2_LEGACY_EXCEL,DETECTED,Sheet1,11,77,67,1,1,13,YES,YES,YES,
تپمپی|1398,تپمپی,1398,تپمپي.zip!تپمپي_۱۳۹۸_۰۳_۳۱_separate_ن-۱۰_صورت‌های مالی سال مالی منتهی به ۱۳۹۸_۰۳_۳۱ (حسابرسی شده).xlsx,HTML_MISLABELED_XLSX,NOT_DETECTED,,,,,0,0,0,NO,YES,NO,NO_AUDITOR_BLOCK_DETECTED;NO_AUDITOR_BLOCK_DETECTED
تپمپی|1399,تپمپی,1399,تپمپي.zip!تپمپي_۱۳۹۹_۰۳_۳۱_separate_ن-۱۰_صورت‌های مالی سال مالی منتهی به ۱۳۹۹_۰۳_۳۱ (حسابرسی شده).xlsx,HTML_MISLABELED_XLSX,NOT_DETECTED,,,,,0,0,0,NO,YES,NO,NO_AUDITOR_BLOCK_DETECTED;NO_AUDITOR_BLOCK_DETECTED
تپمپی|1400,تپمپی,1400,تپمپي.zip!تپمپي_۱۴۰۰_۰۳_۳۱_separate_ن-۱۰_صورت‌های مالی سال مالی منتهی به ۱۴۰۰_۰۳_۳۱ (حسابرسی شده).xlsx,HTML_MISLABELED_XLSX,NOT_DETECTED,,,,,0,0,0,NO,YES,NO,NO_AUDITOR_BLOCK_DETECTED;NO_AUDITOR_BLOCK_DETECTED
تپمپی|1401,تپمپی,1401,تپمپي.zip!تپمپي_۱۴۰۱_۰۳_۳۱_separate_ن-۱۰_صورت‌های مالی سال مالی منتهی به ۱۴۰۱_۰۳_۳۱ (حسابرسی شده).xlsx,HTML_MISLABELED_XLSX,NOT_DETECTED,,,,,0,0,0,NO,YES,NO,NO_AUDITOR_BLOCK_DETECTED;NO_AUDITOR_BLOCK_DETECTED
تپمپی|1402,تپمپی,1402,تپمپي.zip!تپمپي_۱۴۰۲_۰۳_۳۱_separate_ن-۱۰_صورت‌های مالی سال مالی منتهی به ۱۴۰۲_۰۳_۳۱ (حسابرسی شده).xlsx,HTML_MISLABELED_XLSX,NOT_DETECTED,,,,,0,0,0,NO,YES,NO,NO_AUDITOR_BLOCK_DETECTED;NO_AUDITOR_BLOCK_DETECTED
ومعادن|1392,ومعادن,1392,ومعادن.zip!ومعادن_۱۳۹۲_۱۲_۲۹_separate_ن-۱۰_صورتهای مالی سال مالی منتهی به ۱۳۹۲_۱۲_۲۹ (حسابرسی شده).xlsx,OLE2_LEGACY_EXCEL,DETECTED,Sheet1,9,71,63,1,1,13,YES,YES,YES,
ومعادن|1393,ومعادن,1393,ومعادن.zip!ومعادن_۱۳۹۳_۱۲_۲۹_separate_ن-۱۰_صورتهای مالی سال مالی منتهی به ۱۳۹۳_۱۲_۲۹ (حسابرسی شده).xlsx,OLE2_LEGACY_EXCEL,DETECTED,Sheet1,9,79,71,1,1,13,YES,YES,YES,
ومعادن|1394,ومعادن,1394,ومعادن.zip!ومعادن_۱۳۹۴_۱۲_۲۹_separate_ن-۱۰_صورت‌های مالی سال مالی منتهی به ۱۳۹۴_۱۲_۲۹ (حسابرسی شده).xlsx,OLE2_LEGACY_EXCEL,DETECTED,Sheet1,9,77,69,1,1,13,YES,YES,YES,
ومعادن|1395,ومعادن,1395,ومعادن.zip!ومعادن_۱۳۹۵_۱۲_۳۰_separate_ن-۱۰_صورت‌های مالی سال مالی منتهی به ۱۳۹۵_۱۲_۳۰ (حسابرسی شده).xlsx,OLE2_LEGACY_EXCEL,DETECTED,Sheet1,11,83,73,1,1,14,YES,YES,YES,
ومعادن|1396,ومعادن,1396,ومعادن.zip!ومعادن_۱۳۹۶_۱۲_۲۹_separate_ن-۱۰_صورت‌های مالی سال مالی منتهی به ۱۳۹۶_۱۲_۲۹ (حسابرسی شده).xlsx,OLE2_LEGACY_EXCEL,DETECTED,Sheet1,11,77,67,1,1,14,YES,YES,YES,
ومعادن|1397,ومعادن,1397,ومعادن.zip!ومعادن_۱۳۹۷_۱۲_۲۹_separate_ن-۱۰_صورت‌های مالی سال مالی منتهی به ۱۳۹۷_۱۲_۲۹ (حسابرسی شده).xlsx,OLE2_LEGACY_EXCEL,DETECTED,Sheet1,11,72,62,1,1,13,YES,YES,YES,
ومعادن|1398,ومعادن,1398,ومعادن.zip!ومعادن_۱۳۹۸_۱۲_۲۹_separate_ن-۱۰_صورت‌های مالی سال مالی منتهی به ۱۳۹۸_۱۲_۲۹ (حسابرسی شده).xlsx,HTML_MISLABELED_XLSX,NOT_DETECTED,,,,,0,0,0,NO,YES,NO,NO_AUDITOR_BLOCK_DETECTED;NO_AUDITOR_BLOCK_DETECTED
ومعادن|1399,ومعادن,1399,ومعادن.zip!ومعادن_۱۳۹۹_۱۲_۳۰_separate_ن-۱۰_صورت‌های مالی سال مالی منتهی به ۱۳۹۹_۱۲_۳۰ (حسابرسی شده).xlsx,HTML_MISLABELED_XLSX,NOT_DETECTED,,,,,0,0,0,NO,YES,NO,NO_AUDITOR_BLOCK_DETECTED;NO_AUDITOR_BLOCK_DETECTED
ومعادن|1400,ومعادن,1400,ومعادن.zip!ومعادن_۱۴۰۰_۱۲_۲۹_separate_ن-۱۰_صورت‌های مالی سال مالی منتهی به ۱۴۰۰_۱۲_۲۹ (حسابرسی شده).xlsx,HTML_MISLABELED_XLSX,NOT_DETECTED,,,,,0,0,0,NO,YES,NO,NO_AUDITOR_BLOCK_DETECTED;NO_AUDITOR_BLOCK_DETECTED
ومعادن|1401,ومعادن,1401,ومعادن.zip!ومعادن_۱۴۰۱_۱۲_۲۹_separate_ن-۱۰_صورت‌های مالی سال مالی منتهی به ۱۴۰۱_۱۲_۲۹ (حسابرسی شده).xlsx,HTML_MISLABELED_XLSX,NOT_DETECTED,,,,,0,0,0,NO,YES,NO,NO_AUDITOR_BLOCK_DETECTED;NO_AUDITOR_BLOCK_DETECTED
ومعادن|1402,ومعادن,1402,ومعادن.zip!ومعادن_۱۴۰۲_۱۲_۲۹_separate_ن-۱۰_صورت‌های مالی سال مالی منتهی به ۱۴۰۲_۱۲_۲۹ (حسابرسی شده).xlsx,HTML_MISLABELED_XLSX,NOT_DETECTED,,,,,0,0,0,NO,YES,NO,NO_AUDITOR_BLOCK_DETECTED;NO_AUDITOR_BLOCK_DETECTED
وملی|1393,وملی,1393,وملي.zip!وملي_۱۳۹۳_۱۲_۲۹_separate_ن-۱۰_صورتهای مالی سال مالی منتهی به ۱۳۹۳_۱۲_۲۹ (حسابرسی شده).xlsx,OLE2_LEGACY_EXCEL,DETECTED,Sheet1,9,61,53,1,1,13,YES,YES,YES,
وملی|1394,وملی,1394,وملي.zip!وملي_۱۳۹۴_۱۲_۲۹_separate_ن-۱۰_صورت‌های مالی سال مالی منتهی به ۱۳۹۴_۱۲_۲۹ (حسابرسی شده).xlsx,OLE2_LEGACY_EXCEL,DETECTED,Sheet1,9,57,49,1,1,10,YES,YES,YES,
وملی|1395,وملی,1395,وملي.zip!وملي_۱۳۹۵_۱۲_۳۰_separate_ن-۱۰_صورت‌های مالی سال مالی منتهی به ۱۳۹۵_۱۲_۳۰ (حسابرسی شده).xlsx,OLE2_LEGACY_EXCEL,DETECTED,Sheet1,11,96,86,1,1,12,YES,YES,YES,
وملی|1396,وملی,1396,وملي.zip!وملي_۱۳۹۶_۱۲_۲۹_separate_ن-۱۰_صورت‌های مالی سال مالی منتهی به ۱۳۹۶_۱۲_۲۹ (حسابرسی شده).xlsx,OLE2_LEGACY_EXCEL,DETECTED,Sheet1,11,90,80,1,1,13,YES,YES,YES,
وملی|1397,وملی,1397,وملي.zip!وملي_۱۳۹۷_۱۲_۲۹_separate_ن-۱۰_صورت‌های مالی سال مالی منتهی به ۱۳۹۷_۱۲_۲۹ (حسابرسی شده).xlsx,OLE2_LEGACY_EXCEL,DETECTED,Sheet1,11,83,73,1,1,11,YES,YES,YES,
وملی|1398,وملی,1398,وملي.zip!وملي_۱۳۹۸_۱۲_۲۹_separate_ن-۱۰_صورت‌های مالی سال مالی منتهی به ۱۳۹۸_۱۲_۲۹ (حسابرسی شده).xlsx,HTML_MISLABELED_XLSX,NOT_DETECTED,,,,,0,0,0,NO,YES,NO,NO_AUDITOR_BLOCK_DETECTED;NO_AUDITOR_BLOCK_DETECTED
وملی|1399,وملی,1399,وملي.zip!وملي_۱۳۹۹_۱۲_۳۰_separate_ن-۱۰_صورت‌های مالی سال مالی منتهی به ۱۳۹۹_۱۲_۳۰ (حسابرسی شده)(اصلاحیه).xlsx,HTML_MISLABELED_XLSX,NOT_DETECTED,,,,,0,0,0,NO,YES,NO,NO_AUDITOR_BLOCK_DETECTED;NO_AUDITOR_BLOCK_DETECTED
وملی|1400,وملی,1400,وملي.zip!وملي_۱۴۰۰_۱۲_۲۹_separate_ن-۱۰_صورت‌های مالی سال مالی منتهی به ۱۴۰۰_۱۲_۲۹ (حسابرسی شده)(اصلاحیه).xlsx,HTML_MISLABELED_XLSX,NOT_DETECTED,,,,,0,0,0,NO,YES,NO,NO_AUDITOR_BLOCK_DETECTED;NO_AUDITOR_BLOCK_DETECTED
وملی|1401,وملی,1401,وملي.zip!وملي_۱۴۰۱_۱۲_۲۹_separate_ن-۱۰_صورت‌های مالی سال مالی منتهی به ۱۴۰۱_۱۲_۲۹ (حسابرسی شده).xlsx,HTML_MISLABELED_XLSX,NOT_DETECTED,,,,,0,0,0,NO,YES,NO,NO_AUDITOR_BLOCK_DETECTED;NO_AUDITOR_BLOCK_DETECTED
وملی|1402,وملی,1402,وملي.zip!وملي_۱۴۰۲_۱۲_۲۹_separate_ن-۱۰_صورت‌های مالی سال مالی منتهی به ۱۴۰۲_۱۲_۲۹ (حسابرسی شده)(اصلاحیه).xlsx,HTML_MISLABELED_XLSX,NOT_DETECTED,,,,,0,0,0,NO,YES,NO,NO_AUDITOR_BLOCK_DETECTED;NO_AUDITOR_BLOCK_DETECTED
وکغدیر|1399,وکغدیر,1399,وكغدير.zip!وكغدير_۱۳۹۹_۰۶_۳۱_separate_ن-۱۰_صورت‌های مالی سال مالی منتهی به ۱۳۹۹_۰۶_۳۱ (حسابرسی شده).xlsx,HTML_MISLABELED_XLSX,NOT_DETECTED,,,,,0,0,0,NO,YES,NO,NO_AUDITOR_BLOCK_DETECTED;NO_AUDITOR_BLOCK_DETECTED
وکغدیر|1400,وکغدیر,1400,وكغدير.zip!وكغدير_۱۴۰۰_۰۶_۳۱_separate_ن-۱۰_صورت‌های مالی سال مالی منتهی به ۱۴۰۰_۰۶_۳۱ (حسابرسی شده)(اصلاحیه).xlsx,HTML_MISLABELED_XLSX,NOT_DETECTED,,,,,0,0,0,NO,YES,NO,NO_AUDITOR_BLOCK_DETECTED;NO_AUDITOR_BLOCK_DETECTED
وکغدیر|1401,وکغدیر,1401,وكغدير.zip!وكغدير_۱۴۰۱_۰۶_۳۱_separate_ن-۱۰_صورت‌های مالی سال مالی منتهی به ۱۴۰۱_۰۶_۳۱ (حسابرسی شده).xlsx,HTML_MISLABELED_XLSX,NOT_DETECTED,,,,,0,0,0,NO,YES,NO,NO_AUDITOR_BLOCK_DETECTED;NO_AUDITOR_BLOCK_DETECTED
وکغدیر|1402,وکغدیر,1402,وكغدير.zip!وكغدير_۱۴۰۲_۰۶_۳۱_separate_ن-۱۰_صورت‌های مالی سال مالی منتهی به ۱۴۰۲_۰۶_۳۱ (حسابرسی شده).xlsx,HTML_MISLABELED_XLSX,NOT_DETECTED,,,,,0,0,0,NO,YES,NO,NO_AUDITOR_BLOCK_DETECTED;NO_AUDITOR_BLOCK_DETECTED
زمگسا|1392,زمگسا,1392,زمگسا.zip!زمگسا_۱۳۹۲_۱۲_۲۹_separate_ن-۱۰_صورتهای مالی سال مالی منتهی به ۱۳۹۲_۱۲_۲۹ (حسابرسی شده).xlsx,OLE2_LEGACY_EXCEL,DETECTED,Sheet1,9,78,70,1,1,11,YES,YES,YES,
زمگسا|1393,زمگسا,1393,زمگسا.zip!زمگسا_۱۳۹۳_۱۲_۲۹_separate_ن-۱۰_صورتهای مالی سال مالی منتهی به ۱۳۹۳_۱۲_۲۹ (حسابرسی شده)(اصلاحیه).xlsx,OLE2_LEGACY_EXCEL,DETECTED,Sheet1,9,71,63,1,1,12,YES,YES,YES,
زمگسا|1394,زمگسا,1394,زمگسا.zip!زمگسا_۱۳۹۴_۱۲_۲۹_separate_ن-۱۰_صورت‌های مالی سال مالی منتهی به ۱۳۹۴_۱۲_۲۹ (حسابرسی شده).xlsx,OLE2_LEGACY_EXCEL,DETECTED,Sheet1,9,76,68,1,1,12,YES,YES,YES,
زمگسا|1395,زمگسا,1395,زمگسا.zip!زمگسا_۱۳۹۵_۱۲_۳۰_separate_ن-۱۰_صورت‌های مالی سال مالی منتهی به ۱۳۹۵_۱۲_۳۰ (حسابرسی شده).xlsx,OLE2_LEGACY_EXCEL,DETECTED,Sheet1,11,70,60,1,1,11,YES,YES,YES,
زمگسا|1396,زمگسا,1396,زمگسا.zip!زمگسا_۱۳۹۶_۱۲_۲۹_separate_ن-۱۰_صورت‌های مالی سال مالی منتهی به ۱۳۹۶_۱۲_۲۹ (حسابرسی شده).xlsx,OLE2_LEGACY_EXCEL,DETECTED,Sheet1,11,69,59,1,1,12,YES,YES,YES,
زمگسا|1397,زمگسا,1397,زمگسا.zip!زمگسا_۱۳۹۷_۱۲_۲۹_separate_ن-۱۰_صورت‌های مالی سال مالی منتهی به ۱۳۹۷_۱۲_۲۹ (حسابرسی شده).xlsx,HTML_MISLABELED_XLSX,NOT_DETECTED,,,,,0,0,0,NO,YES,NO,NO_AUDITOR_BLOCK_DETECTED;NO_AUDITOR_BLOCK_DETECTED
زمگسا|1398,زمگسا,1398,زمگسا.zip!زمگسا_۱۳۹۸_۱۲_۲۹_separate_ن-۱۰_صورت‌های مالی سال مالی منتهی به ۱۳۹۸_۱۲_۲۹ (حسابرسی شده).xlsx,HTML_MISLABELED_XLSX,NOT_DETECTED,,,,,0,0,0,NO,YES,NO,NO_AUDITOR_BLOCK_DETECTED;NO_AUDITOR_BLOCK_DETECTED
زمگسا|1399,زمگسا,1399,زمگسا.zip!زمگسا_۱۳۹۹_۱۲_۳۰_separate_ن-۱۰_صورت‌های مالی سال مالی منتهی به ۱۳۹۹_۱۲_۳۰ (حسابرسی شده).xlsx,HTML_MISLABELED_XLSX,NOT_DETECTED,,,,,0,0,0,NO,YES,NO,NO_AUDITOR_BLOCK_DETECTED;NO_AUDITOR_BLOCK_DETECTED
زمگسا|1400,زمگسا,1400,زمگسا.zip!زمگسا_۱۴۰۰_۱۲_۲۹_separate_ن-۱۰_صورت‌های مالی سال مالی منتهی به ۱۴۰۰_۱۲_۲۹ (حسابرسی شده).xlsx,HTML_MISLABELED_XLSX,NOT_DETECTED,,,,,0,0,0,NO,YES,NO,NO_AUDITOR_BLOCK_DETECTED;NO_AUDITOR_BLOCK_DETECTED
زمگسا|1401,زمگسا,1401,زمگسا.zip!زمگسا_۱۴۰۱_۱۲_۲۹_separate_ن-۱۰_صورت‌های مالی سال مالی منتهی به ۱۴۰۱_۱۲_۲۹ (حسابرسی شده).xlsx,HTML_MISLABELED_XLSX,NOT_DETECTED,,,,,0,0,0,NO,YES,NO,NO_AUDITOR_BLOCK_DETECTED;NO_AUDITOR_BLOCK_DETECTED
زمگسا|1402,زمگسا,1402,زمگسا.zip!زمگسا_۱۴۰۲_۱۲_۲۹_separate_ن-۱۰_صورت‌های مالی سال مالی منتهی به ۱۴۰۲_۱۲_۲۹ (حسابرسی شده).xlsx,HTML_MISLABELED_XLSX,NOT_DETECTED,,,,,0,0,0,NO,YES,NO,NO_AUDITOR_BLOCK_DETECTED;NO_AUDITOR_BLOCK_DETECTED
ذوب|1393,ذوب,1393,ذوب.zip!ذوب_۱۳۹۳_۱۲_۲۹_separate_ن-۱۰_صورتهای مالی سال مالی منتهی به ۱۳۹۳_۱۲_۲۹ (حسابرسی شده).xlsx,OLE2_LEGACY_EXCEL,DETECTED,Sheet1,9,100,92,1,1,13,YES,YES,YES,
ذوب|1394,ذوب,1394,ذوب.zip!ذوب_۱۳۹۴_۱۲_۲۹_separate_ن-۱۰_صورت‌های مالی سال مالی منتهی به ۱۳۹۴_۱۲_۲۹ (حسابرسی شده).xlsx,OLE2_LEGACY_EXCEL,DETECTED,Sheet1,9,130,122,1,1,13,YES,YES,YES,
زپارس|1394,زپارس,1394,زپارس.zip!زپارس_۱۳۹۴_۰۹_۳۰_separate_ن-۱۰_صورت‌های مالی سال مالی منتهی به ۱۳۹۴_۰۹_۳۰ (حسابرسی شده).xlsx,OLE2_LEGACY_EXCEL,DETECTED,Sheet1,11,70,60,1,1,14,YES,YES,YES,
زپارس|1395,زپارس,1395,زپارس.zip!زپارس_۱۳۹۵_۰۹_۳۰_separate_ن-۱۰_صورت‌های مالی سال مالی منتهی به ۱۳۹۵_۰۹_۳۰ (حسابرسی شده).xlsx,OLE2_LEGACY_EXCEL,DETECTED,Sheet1,11,61,51,1,1,12,YES,YES,YES,
زپارس|1396,زپارس,1396,زپارس.zip!زپارس_۱۳۹۶_۰۹_۳۰_separate_ن-۱۰_صورت‌های مالی سال مالی منتهی به ۱۳۹۶_۰۹_۳۰ (حسابرسی شده).xlsx,OLE2_LEGACY_EXCEL,DETECTED,Sheet1,11,59,49,1,1,13,YES,YES,YES,
زپارس|1397,زپارس,1397,زپارس.zip!زپارس_۱۳۹۷_۰۹_۳۰_separate_ن-۱۰_صورت‌های مالی سال مالی منتهی به ۱۳۹۷_۰۹_۳۰ (حسابرسی شده).xlsx,HTML_MISLABELED_XLSX,NOT_DETECTED,,,,,0,0,0,NO,YES,NO,NO_AUDITOR_BLOCK_DETECTED;NO_AUDITOR_BLOCK_DETECTED
زپارس|1398,زپارس,1398,زپارس.zip!زپارس_۱۳۹۸_۰۹_۳۰_separate_ن-۱۰_صورت‌های مالی سال مالی منتهی به ۱۳۹۸_۰۹_۳۰ (حسابرسی شده).xlsx,HTML_MISLABELED_XLSX,NOT_DETECTED,,,,,0,0,0,NO,YES,NO,NO_AUDITOR_BLOCK_DETECTED;NO_AUDITOR_BLOCK_DETECTED
زپارس|1399,زپارس,1399,زپارس.zip!زپارس_۱۳۹۹_۰۹_۳۰_separate_ن-۱۰_صورت‌های مالی سال مالی منتهی به ۱۳۹۹_۰۹_۳۰ (حسابرسی شده).xlsx,HTML_MISLABELED_XLSX,NOT_DETECTED,,,,,0,0,0,NO,YES,NO,NO_AUDITOR_BLOCK_DETECTED;NO_AUDITOR_BLOCK_DETECTED
زپارس|1400,زپارس,1400,زپارس.zip!زپارس_۱۴۰۰_۰۹_۳۰_separate_ن-۱۰_صورت‌های مالی سال مالی منتهی به ۱۴۰۰_۰۹_۳۰ (حسابرسی شده).xlsx,HTML_MISLABELED_XLSX,NOT_DETECTED,,,,,0,0,0,NO,YES,NO,NO_AUDITOR_BLOCK_DETECTED;NO_AUDITOR_BLOCK_DETECTED
زپارس|1401,زپارس,1401,زپارس.zip!زپارس_۱۴۰۱_۰۹_۳۰_separate_ن-۱۰_صورت‌های مالی سال مالی منتهی به ۱۴۰۱_۰۹_۳۰ (حسابرسی شده).xlsx,HTML_MISLABELED_XLSX,NOT_DETECTED,,,,,0,0,0,NO,YES,NO,NO_AUDITOR_BLOCK_DETECTED;NO_AUDITOR_BLOCK_DETECTED
زپارس|1402,زپارس,1402,زپارس.zip!زپارس_۱۴۰۲_۰۹_۳۰_separate_ن-۱۰_صورت‌های مالی سال مالی منتهی به ۱۴۰۲_۰۹_۳۰ (حسابرسی شده).xlsx,HTML_MISLABELED_XLSX,NOT_DETECTED,,,,,0,0,0,NO,YES,NO,NO_AUDITOR_BLOCK_DETECTED;NO_AUDITOR_BLOCK_DETECTED
سصفها|1393,سصفها,1393,سصفها.zip!سصفها_۱۳۹۳_۱۲_۲۹_separate_ن-۱۰_صورتهای مالی سال مالی منتهی به ۱۳۹۳_۱۲_۲۹ (حسابرسی شده).xlsx,OLE2_LEGACY_EXCEL,DETECTED,Sheet1,9,67,59,1,1,12,YES,YES,YES,
سصفها|1394,سصفها,1394,سصفها.zip!سصفها_۱۳۹۴_۱۲_۲۹_separate_ن-۱۰_صورت‌های مالی سال مالی منتهی به ۱۳۹۴_۱۲_۲۹ (حسابرسی شده).xlsx,OLE2_LEGACY_EXCEL,DETECTED,Sheet1,9,73,65,1,1,11,YES,YES,YES,
سصفها|1395,سصفها,1395,سصفها.zip!سصفها_۱۳۹۵_۱۲_۳۰_separate_ن-۱۰_صورت‌های مالی سال مالی منتهی به ۱۳۹۵_۱۲_۳۰ (حسابرسی شده).xlsx,OLE2_LEGACY_EXCEL,DETECTED,Sheet1,11,69,59,1,1,12,YES,YES,YES,
سصفها|1396,سصفها,1396,سصفها.zip!سصفها_۱۳۹۶_۱۲_۲۹_separate_ن-۱۰_صورت‌های مالی سال مالی منتهی به ۱۳۹۶_۱۲_۲۹ (حسابرسی شده).xlsx,OLE2_LEGACY_EXCEL,DETECTED,Sheet1,11,81,71,1,1,14,YES,YES,YES,
سصفها|1397,سصفها,1397,سصفها.zip!سصفها_۱۳۹۷_۱۲_۲۹_separate_ن-۱۰_صورت‌های مالی سال مالی منتهی به ۱۳۹۷_۱۲_۲۹ (حسابرسی شده).xlsx,HTML_MISLABELED_XLSX,NOT_DETECTED,,,,,0,0,0,NO,YES,NO,NO_AUDITOR_BLOCK_DETECTED;NO_AUDITOR_BLOCK_DETECTED
سصفها|1398,سصفها,1398,سصفها.zip!سصفها_۱۳۹۸_۱۲_۲۹_separate_ن-۱۰_صورت‌های مالی سال مالی منتهی به ۱۳۹۸_۱۲_۲۹ (حسابرسی شده).xlsx,HTML_MISLABELED_XLSX,NOT_DETECTED,,,,,0,0,0,NO,YES,NO,NO_AUDITOR_BLOCK_DETECTED;NO_AUDITOR_BLOCK_DETECTED
شاراک|1393,شاراک,1393,شاراك.zip!شاراك_۱۳۹۳_۱۲_۲۹_separate_ن-۱۰_صورتهای مالی سال مالی منتهی به ۱۳۹۳_۱۲_۲۹ (حسابرسی شده)(اصلاحیه).xlsx,OLE2_LEGACY_EXCEL,DETECTED,Sheet1,9,91,83,1,1,13,YES,YES,YES,
شکلر|1394,شکلر,1394,شكلر.zip!شكلر_۱۳۹۴_۰۶_۳۱_separate_ن-۱۰_صورت‌های مالی سال مالی منتهی به ۱۳۹۴_۰۶_۳۱ (حسابرسی شده).xlsx,OLE2_LEGACY_EXCEL,DETECTED,Sheet1,9,72,64,1,1,14,YES,YES,YES,
شکلر|1395,شکلر,1395,شكلر.zip!شكلر_۱۳۹۵_۰۶_۳۱_separate_ن-۱۰_صورت‌های مالی سال مالی منتهی به ۱۳۹۵_۰۶_۳۱ (حسابرسی شده).xlsx,OLE2_LEGACY_EXCEL,DETECTED,Sheet1,9,86,78,1,1,12,YES,YES,YES,
شکلر|1396,شکلر,1396,شكلر.zip!شكلر_۱۳۹۶_۰۶_۳۱_separate_ن-۱۰_صورت‌های مالی سال مالی منتهی به ۱۳۹۶_۰۶_۳۱ (حسابرسی شده)(اصلاحیه).xlsx,OLE2_LEGACY_EXCEL,DETECTED,Sheet1,11,73,63,1,1,12,YES,YES,YES,
شکلر|1398,شکلر,1398,شكلر.zip!شكلر_۱۳۹۸_۰۵_۳۱_separate_ن-۱۰_صورت‌های مالی سال مالی منتهی به ۱۳۹۸_۰۵_۳۱ (حسابرسی شده).xlsx,HTML_MISLABELED_XLSX,NOT_DETECTED,,,,,0,0,0,NO,YES,NO,NO_AUDITOR_BLOCK_DETECTED;NO_AUDITOR_BLOCK_DETECTED
شکلر|1399,شکلر,1399,شكلر.zip!شكلر_۱۳۹۹_۰۵_۳۱_separate_ن-۱۰_صورت‌های مالی سال مالی منتهی به ۱۳۹۹_۰۵_۳۱ (حسابرسی شده).xlsx,HTML_MISLABELED_XLSX,NOT_DETECTED,,,,,0,0,0,NO,YES,NO,NO_AUDITOR_BLOCK_DETECTED;NO_AUDITOR_BLOCK_DETECTED
شکلر|1401,شکلر,1401,شكلر.zip!شكلر_۱۴۰۱_۰۸_۳۰_separate_ن-۱۰_صورت‌های مالی سال مالی منتهی به ۱۴۰۱_۰۸_۳۰ (حسابرسی شده)(اصلاحیه).xlsx,HTML_MISLABELED_XLSX,NOT_DETECTED,,,,,0,0,0,NO,YES,NO,NO_AUDITOR_BLOCK_DETECTED;NO_AUDITOR_BLOCK_DETECTED
شکلر|1402,شکلر,1402,شكلر.zip!شكلر_۱۴۰۲_۰۸_۳۰_separate_ن-۱۰_صورت‌های مالی سال مالی منتهی به ۱۴۰۲_۰۸_۳۰ (حسابرسی شده).xlsx,HTML_MISLABELED_XLSX,NOT_DETECTED,,,,,0,0,0,NO,YES,NO,NO_AUDITOR_BLOCK_DETECTED;NO_AUDITOR_BLOCK_DETECTED
شپنا|1393,شپنا,1393,شپنا.zip!شپنا_۱۳۹۳_۱۲_۲۹_separate_ن-۱۰_صورتهای مالی سال مالی منتهی به ۱۳۹۳_۱۲_۲۹ (حسابرسی شده).xlsx,OLE2_LEGACY_EXCEL,DETECTED,Sheet1,9,126,118,1,1,13,YES,YES,YES,
شپنا|1394,شپنا,1394,شپنا.zip!شپنا_۱۳۹۴_۱۲_۲۹_separate_ن-۱۰_صورت‌های مالی سال مالی منتهی به ۱۳۹۴_۱۲_۲۹ (حسابرسی شده).xlsx,OLE2_LEGACY_EXCEL,DETECTED,Sheet1,9,113,105,1,1,12,YES,YES,YES,
شپنا|1395,شپنا,1395,شپنا.zip!شپنا_۱۳۹۵_۱۲_۳۰_separate_ن-۱۰_صورت‌های مالی سال مالی منتهی به ۱۳۹۵_۱۲_۳۰ (حسابرسی شده).xlsx,OLE2_LEGACY_EXCEL,DETECTED,Sheet1,11,133,123,1,1,12,YES,YES,YES,
شپنا|1396,شپنا,1396,شپنا.zip!شپنا_۱۳۹۶_۱۲_۲۹_separate_ن-۱۰_صورت‌های مالی سال مالی منتهی به ۱۳۹۶_۱۲_۲۹ (حسابرسی شده).xlsx,OLE2_LEGACY_EXCEL,DETECTED,Sheet1,11,122,112,1,1,14,YES,YES,YES,
شپنا|1397,شپنا,1397,شپنا.zip!شپنا_۱۳۹۷_۱۲_۲۹_separate_ن-۱۰_صورت‌های مالی سال مالی منتهی به ۱۳۹۷_۱۲_۲۹ (حسابرسی شده).xlsx,HTML_MISLABELED_XLSX,NOT_DETECTED,,,,,0,0,0,NO,YES,NO,NO_AUDITOR_BLOCK_DETECTED;NO_AUDITOR_BLOCK_DETECTED
شپنا|1398,شپنا,1398,شپنا.zip!شپنا_۱۳۹۸_۱۲_۲۹_separate_ن-۱۰_صورت‌های مالی سال مالی منتهی به ۱۳۹۸_۱۲_۲۹ (حسابرسی شده).xlsx,HTML_MISLABELED_XLSX,NOT_DETECTED,,,,,0,0,0,NO,YES,NO,NO_AUDITOR_BLOCK_DETECTED;NO_AUDITOR_BLOCK_DETECTED
شفارس|1393,شفارس,1393,شفارس.zip!شفارس_۱۳۹۳_۱۲_۲۹_separate_ن-۱۰_صورتهای مالی سال مالی منتهی به ۱۳۹۳_۱۲_۲۹ (حسابرسی شده).xlsx,OLE2_LEGACY_EXCEL,DETECTED,Sheet1,9,85,77,1,1,12,YES,YES,YES,
شفارس|1394,شفارس,1394,شفارس.zip!شفارس_۱۳۹۴_۱۲_۲۹_separate_ن-۱۰_صورت‌های مالی سال مالی منتهی به ۱۳۹۴_۱۲_۲۹ (حسابرسی شده).xlsx,OLE2_LEGACY_EXCEL,DETECTED,Sheet1,9,72,64,1,1,14,YES,YES,YES,
شفارس|1395,شفارس,1395,شفارس.zip!شفارس_۱۳۹۵_۱۲_۳۰_separate_ن-۱۰_صورت‌های مالی سال مالی منتهی به ۱۳۹۵_۱۲_۳۰ (حسابرسی شده).xlsx,OLE2_LEGACY_EXCEL,DETECTED,Sheet1,11,72,62,1,1,13,YES,YES,YES,
شفارس|1396,شفارس,1396,شفارس.zip!شفارس_۱۳۹۶_۱۲_۲۹_separate_ن-۱۰_صورت‌های مالی سال مالی منتهی به ۱۳۹۶_۱۲_۲۹ (حسابرسی شده).xlsx,OLE2_LEGACY_EXCEL,DETECTED,Sheet1,11,82,72,1,1,15,YES,YES,YES,
شفارس|1397,شفارس,1397,شفارس.zip!شفارس_۱۳۹۷_۱۲_۲۹_separate_ن-۱۰_صورت‌های مالی سال مالی منتهی به ۱۳۹۷_۱۲_۲۹ (حسابرسی شده).xlsx,HTML_MISLABELED_XLSX,NOT_DETECTED,,,,,0,0,0,NO,YES,NO,NO_AUDITOR_BLOCK_DETECTED;NO_AUDITOR_BLOCK_DETECTED
شفارس|1398,شفارس,1398,شفارس.zip!شفارس_۱۳۹۸_۱۲_۲۹_separate_ن-۱۰_صورت‌های مالی سال مالی منتهی به ۱۳۹۸_۱۲_۲۹ (حسابرسی شده).xlsx,HTML_MISLABELED_XLSX,NOT_DETECTED,,,,,0,0,0,NO,YES,NO,NO_AUDITOR_BLOCK_DETECTED;NO_AUDITOR_BLOCK_DETECTED
شفارس|1399,شفارس,1399,شفارس.zip!شفارس_۱۳۹۹_۱۲_۳۰_separate_ن-۱۰_صورت‌های مالی سال مالی منتهی به ۱۳۹۹_۱۲_۳۰ (حسابرسی شده)(اصلاحیه).xlsx,HTML_MISLABELED_XLSX,NOT_DETECTED,,,,,0,0,0,NO,YES,NO,NO_AUDITOR_BLOCK_DETECTED;NO_AUDITOR_BLOCK_DETECTED
شفارس|1400,شفارس,1400,شفارس.zip!شفارس_۱۴۰۰_۱۲_۲۹_separate_ن-۱۰_صورت‌های مالی سال مالی منتهی به ۱۴۰۰_۱۲_۲۹ (حسابرسی شده).xlsx,HTML_MISLABELED_XLSX,NOT_DETECTED,,,,,0,0,0,NO,YES,NO,NO_AUDITOR_BLOCK_DETECTED;NO_AUDITOR_BLOCK_DETECTED
شفارس|1401,شفارس,1401,شفارس.zip!شفارس_۱۴۰۱_۱۲_۲۹_separate_ن-۱۰_صورت‌های مالی سال مالی منتهی به ۱۴۰۱_۱۲_۲۹ (حسابرسی شده).xlsx,HTML_MISLABELED_XLSX,NOT_DETECTED,,,,,0,0,0,NO,YES,NO,NO_AUDITOR_BLOCK_DETECTED;NO_AUDITOR_BLOCK_DETECTED
شفارس|1402,شفارس,1402,شفارس.zip!شفارس_۱۴۰۲_۱۲_۲۹_separate_ن-۱۰_صورت‌های مالی سال مالی منتهی به ۱۴۰۲_۱۲_۲۹ (حسابرسی شده).xlsx,HTML_MISLABELED_XLSX,NOT_DETECTED,,,,,0,0,0,NO,YES,NO,NO_AUDITOR_BLOCK_DETECTED;NO_AUDITOR_BLOCK_DETECTED
شغدیر|1393,شغدیر,1393,شغدير.zip!شغدير_۱۳۹۳_۱۲_۲۹_separate_ن-۱۰_صورتهای مالی سال مالی منتهی به ۱۳۹۳_۱۲_۲۹ (حسابرسی شده).xlsx,OLE2_LEGACY_EXCEL,DETECTED,Sheet1,9,69,61,1,1,13,YES,YES,YES,
شغدیر|1395,شغدیر,1395,شغدير.zip!شغدير_۱۳۹۵_۱۲_۳۰_separate_ن-۱۰_صورت‌های مالی سال مالی منتهی به ۱۳۹۵_۱۲_۳۰ (حسابرسی شده).xlsx,OLE2_LEGACY_EXCEL,DETECTED,Sheet1,11,93,83,1,1,14,YES,YES,YES,
شغدیر|1396,شغدیر,1396,شغدير.zip!شغدير_۱۳۹۶_۱۲_۲۹_separate_ن-۱۰_صورت‌های مالی سال مالی منتهی به ۱۳۹۶_۱۲_۲۹ (حسابرسی شده)(اصلاحیه).xlsx,OLE2_LEGACY_EXCEL,DETECTED,Sheet1,11,100,90,1,1,14,YES,YES,YES,
شغدیر|1397,شغدیر,1397,شغدير.zip!شغدير_۱۳۹۷_۱۲_۲۹_separate_ن-۱۰_صورت‌های مالی سال مالی منتهی به ۱۳۹۷_۱۲_۲۹ (حسابرسی شده).xlsx,HTML_MISLABELED_XLSX,NOT_DETECTED,,,,,0,0,0,NO,YES,NO,NO_AUDITOR_BLOCK_DETECTED;NO_AUDITOR_BLOCK_DETECTED
شغدیر|1398,شغدیر,1398,شغدير.zip!شغدير_۱۳۹۸_۱۲_۲۹_separate_ن-۱۰_صورت‌های مالی سال مالی منتهی به ۱۳۹۸_۱۲_۲۹ (حسابرسی شده).xlsx,HTML_MISLABELED_XLSX,NOT_DETECTED,,,,,0,0,0,NO,YES,NO,NO_AUDITOR_BLOCK_DETECTED;NO_AUDITOR_BLOCK_DETECTED
شغدیر|1399,شغدیر,1399,شغدير.zip!شغدير_۱۳۹۹_۱۲_۳۰_separate_ن-۱۰_صورت‌های مالی سال مالی منتهی به ۱۳۹۹_۱۲_۳۰ (حسابرسی شده).xlsx,HTML_MISLABELED_XLSX,NOT_DETECTED,,,,,0,0,0,NO,YES,NO,NO_AUDITOR_BLOCK_DETECTED;NO_AUDITOR_BLOCK_DETECTED
شغدیر|1400,شغدیر,1400,شغدير.zip!شغدير_۱۴۰۰_۱۲_۲۹_separate_ن-۱۰_صورت‌های مالی سال مالی منتهی به ۱۴۰۰_۱۲_۲۹ (حسابرسی شده).xlsx,HTML_MISLABELED_XLSX,NOT_DETECTED,,,,,0,0,0,NO,YES,NO,NO_AUDITOR_BLOCK_DETECTED;NO_AUDITOR_BLOCK_DETECTED
شغدیر|1401,شغدیر,1401,شغدير.zip!شغدير_۱۴۰۱_۱۲_۲۹_separate_ن-۱۰_صورت‌های مالی سال مالی منتهی به ۱۴۰۱_۱۲_۲۹ (حسابرسی شده).xlsx,HTML_MISLABELED_XLSX,NOT_DETECTED,,,,,0,0,0,NO,YES,NO,NO_AUDITOR_BLOCK_DETECTED;NO_AUDITOR_BLOCK_DETECTED
شغدیر|1402,شغدیر,1402,شغدير.zip!شغدير_۱۴۰۲_۱۲_۲۹_separate_ن-۱۰_صورت‌های مالی سال مالی منتهی به ۱۴۰۲_۱۲_۲۹ (حسابرسی شده).xlsx,HTML_MISLABELED_XLSX,NOT_DETECTED,,,,,0,0,0,NO,YES,NO,NO_AUDITOR_BLOCK_DETECTED;NO_AUDITOR_BLOCK_DETECTED
شیران|1393,شیران,1393,شيران.zip!شيران_۱۳۹۳_۰۹_۳۰_separate_ن-۱۰_صورتهای مالی سال مالی منتهی به ۱۳۹۳_۰۹_۳۰ (حسابرسی شده).xlsx,OLE2_LEGACY_EXCEL,DETECTED,Sheet1,9,63,55,1,1,13,YES,YES,YES,
شیران|1394,شیران,1394,شيران.zip!شيران_۱۳۹۴_۰۹_۳۰_separate_ن-۱۰_صورت‌های مالی سال مالی منتهی به ۱۳۹۴_۰۹_۳۰ (حسابرسی شده).xlsx,OLE2_LEGACY_EXCEL,DETECTED,Sheet1,9,59,51,1,1,12,YES,YES,YES,
شیران|1395,شیران,1395,شيران.zip!شيران_۱۳۹۵_۰۹_۳۰_separate_ن-۱۰_صورت‌های مالی سال مالی منتهی به ۱۳۹۵_۰۹_۳۰ (حسابرسی شده).xlsx,OLE2_LEGACY_EXCEL,DETECTED,Sheet1,11,63,53,1,1,12,YES,YES,YES,
شپارس|1393,شپارس,1393,شپارس.zip!شپارس_۱۳۹۳_۰۶_۳۱_separate_ن-۱۰_صورتهای مالی سال مالی منتهی به ۱۳۹۳_۰۶_۳۱ (حسابرسی شده)(اصلاحیه).xlsx,OLE2_LEGACY_EXCEL,DETECTED,Sheet1,9,77,69,1,1,13,YES,YES,YES,
شپارس|1394,شپارس,1394,شپارس.zip!شپارس_۱۳۹۴_۰۶_۳۱_separate_ن-۱۰_صورت‌های مالی سال مالی منتهی به ۱۳۹۴_۰۶_۳۱ (حسابرسی شده).xlsx,OLE2_LEGACY_EXCEL,DETECTED,Sheet1,9,89,81,1,1,13,YES,YES,YES,
شپارس|1395,شپارس,1395,شپارس.zip!شپارس_۱۳۹۵_۰۶_۳۱_separate_ن-۱۰_صورت‌های مالی سال مالی منتهی به ۱۳۹۵_۰۶_۳۱ (حسابرسی شده)(اصلاحیه).xlsx,OLE2_LEGACY_EXCEL,DETECTED,Sheet1,9,91,83,1,1,14,YES,YES,YES,
شپارس|1396,شپارس,1396,شپارس.zip!شپارس_۱۳۹۶_۰۶_۳۱_separate_ن-۱۰_صورت‌های مالی سال مالی منتهی به ۱۳۹۶_۰۶_۳۱ (حسابرسی شده).xlsx,OLE2_LEGACY_EXCEL,DETECTED,Sheet1,11,82,72,1,1,14,YES,YES,YES,
شپارس|1397,شپارس,1397,شپارس.zip!شپارس_۱۳۹۷_۰۶_۳۱_separate_ن-۱۰_صورت‌های مالی سال مالی منتهی به ۱۳۹۷_۰۶_۳۱ (حسابرسی شده).xlsx,HTML_MISLABELED_XLSX,NOT_DETECTED,,,,,0,0,0,NO,YES,NO,NO_AUDITOR_BLOCK_DETECTED;NO_AUDITOR_BLOCK_DETECTED
شپارس|1398,شپارس,1398,شپارس.zip!شپارس_۱۳۹۸_۰۶_۳۱_separate_ن-۱۰_صورت‌های مالی سال مالی منتهی به ۱۳۹۸_۰۶_۳۱ (حسابرسی شده).xlsx,HTML_MISLABELED_XLSX,NOT_DETECTED,,,,,0,0,0,NO,YES,NO,NO_AUDITOR_BLOCK_DETECTED;NO_AUDITOR_BLOCK_DETECTED
شپارس|1399,شپارس,1399,شپارس.zip!شپارس_۱۳۹۹_۰۶_۳۱_separate_ن-۱۰_صورت‌های مالی سال مالی منتهی به ۱۳۹۹_۰۶_۳۱ (حسابرسی شده).xlsx,HTML_MISLABELED_XLSX,NOT_DETECTED,,,,,0,0,0,NO,YES,NO,NO_AUDITOR_BLOCK_DETECTED;NO_AUDITOR_BLOCK_DETECTED
شپارس|1400,شپارس,1400,شپارس.zip!شپارس_۱۴۰۰_۰۶_۳۱_separate_ن-۱۰_صورت‌های مالی سال مالی منتهی به ۱۴۰۰_۰۶_۳۱ (حسابرسی شده).xlsx,HTML_MISLABELED_XLSX,NOT_DETECTED,,,,,0,0,0,NO,YES,NO,NO_AUDITOR_BLOCK_DETECTED;NO_AUDITOR_BLOCK_DETECTED
شپارس|1401,شپارس,1401,شپارس.zip!شپارس_۱۴۰۱_۰۶_۳۱_separate_ن-۱۰_صورت‌های مالی سال مالی منتهی به ۱۴۰۱_۰۶_۳۱ (حسابرسی شده).xlsx,HTML_MISLABELED_XLSX,NOT_DETECTED,,,,,0,0,0,NO,YES,NO,NO_AUDITOR_BLOCK_DETECTED;NO_AUDITOR_BLOCK_DETECTED
شپارس|1402,شپارس,1402,شپارس.zip!شپارس_۱۴۰۲_۰۶_۳۱_separate_ن-۱۰_صورت‌های مالی سال مالی منتهی به ۱۴۰۲_۰۶_۳۱ (حسابرسی شده).xlsx,HTML_MISLABELED_XLSX,NOT_DETECTED,,,,,0,0,0,NO,YES,NO,NO_AUDITOR_BLOCK_DETECTED;NO_AUDITOR_BLOCK_DETECTED
سیلام|1392,سیلام,1392,سيلام.zip!سيلام_۱۳۹۲_۱۰_۳۰_separate_ن-۱۰_صورتهای مالی سال مالی منتهی به ۱۳۹۲_۱۰_۳۰ (حسابرسی شده).xlsx,OLE2_LEGACY_EXCEL,DETECTED,Sheet1,9,61,53,1,1,12,YES,YES,YES,
سیلام|1393,سیلام,1393,سيلام.zip!سيلام_۱۳۹۳_۱۰_۳۰_separate_ن-۱۰_صورتهای مالی سال مالی منتهی به ۱۳۹۳_۱۰_۳۰ (حسابرسی شده).xlsx,OLE2_LEGACY_EXCEL,DETECTED,Sheet1,9,75,67,1,1,12,YES,YES,YES,
سیلام|1394,سیلام,1394,سيلام.zip!سيلام_۱۳۹۴_۱۰_۳۰_separate_ن-۱۰_صورت‌های مالی سال مالی منتهی به ۱۳۹۴_۱۰_۳۰ (حسابرسی شده).xlsx,OLE2_LEGACY_EXCEL,DETECTED,Sheet1,9,81,73,1,1,12,YES,YES,YES,
سکرد|1392,سکرد,1392,سكرد.zip!سكرد_۱۳۹۲_۰۶_۳۱_separate_ن-۱۰_صورتهای مالی سال مالی منتهی به ۱۳۹۲_۰۶_۳۱ (حسابرسی شده).xlsx,OLE2_LEGACY_EXCEL,DETECTED,Sheet1,9,56,48,1,1,11,YES,YES,YES,
سکرد|1393,سکرد,1393,سكرد.zip!سكرد_۱۳۹۳_۰۶_۳۱_separate_ن-۱۰_صورتهای مالی سال مالی منتهی به ۱۳۹۳_۰۶_۳۱ (حسابرسی شده).xlsx,OLE2_LEGACY_EXCEL,DETECTED,Sheet1,9,56,48,1,1,11,YES,YES,YES,
سکرد|1394,سکرد,1394,سكرد.zip!سكرد_۱۳۹۴_۰۶_۳۱_separate_ن-۱۰_صورت‌های مالی سال مالی منتهی به ۱۳۹۴_۰۶_۳۱ (حسابرسی شده).xlsx,OLE2_LEGACY_EXCEL,DETECTED,Sheet1,9,66,58,1,1,13,YES,YES,YES,
سکرد|1395,سکرد,1395,سكرد.zip!سكرد_۱۳۹۵_۰۶_۳۱_separate_ن-۱۰_صورت‌های مالی سال مالی منتهی به ۱۳۹۵_۰۶_۳۱ (حسابرسی شده).xlsx,OLE2_LEGACY_EXCEL,DETECTED,Sheet1,9,66,58,1,1,12,YES,YES,YES,
شبریز|1393,شبریز,1393,شبريز.zip!شبريز_۱۳۹۳_۱۲_۲۹_separate_ن-۱۰_صورتهای مالی سال مالی منتهی به ۱۳۹۳_۱۲_۲۹ (حسابرسی شده).xlsx,OLE2_LEGACY_EXCEL,DETECTED,Sheet1,9,74,66,1,1,13,YES,YES,YES,
شبریز|1394,شبریز,1394,شبريز.zip!شبريز_۱۳۹۴_۱۲_۲۹_separate_ن-۱۰_صورت‌های مالی سال مالی منتهی به ۱۳۹۴_۱۲_۲۹ (حسابرسی شده).xlsx,OLE2_LEGACY_EXCEL,DETECTED,Sheet1,9,80,72,1,1,14,YES,YES,YES,
شبریز|1395,شبریز,1395,شبريز.zip!شبريز_۱۳۹۵_۱۲_۳۰_separate_ن-۱۰_صورت‌های مالی سال مالی منتهی به ۱۳۹۵_۱۲_۳۰ (حسابرسی شده).xlsx,OLE2_LEGACY_EXCEL,DETECTED,Sheet1,11,94,84,1,1,14,YES,YES,YES,
شبریز|1396,شبریز,1396,شبريز.zip!شبريز_۱۳۹۶_۱۲_۲۹_separate_ن-۱۰_صورت‌های مالی سال مالی منتهی به ۱۳۹۶_۱۲_۲۹ (حسابرسی شده).xlsx,OLE2_LEGACY_EXCEL,DETECTED,Sheet1,11,82,72,1,1,13,YES,YES,YES,
شبریز|1397,شبریز,1397,شبريز.zip!شبريز_۱۳۹۷_۱۲_۲۹_separate_ن-۱۰_صورت‌های مالی سال مالی منتهی به ۱۳۹۷_۱۲_۲۹ (حسابرسی شده).xlsx,HTML_MISLABELED_XLSX,NOT_DETECTED,,,,,0,0,0,NO,YES,NO,NO_AUDITOR_BLOCK_DETECTED;NO_AUDITOR_BLOCK_DETECTED
شبریز|1398,شبریز,1398,شبريز.zip!شبريز_۱۳۹۸_۱۲_۲۹_separate_ن-۱۰_صورت‌های مالی سال مالی منتهی به ۱۳۹۸_۱۲_۲۹ (حسابرسی شده).xlsx,HTML_MISLABELED_XLSX,NOT_DETECTED,,,,,0,0,0,NO,YES,NO,NO_AUDITOR_BLOCK_DETECTED;NO_AUDITOR_BLOCK_DETECTED
شبریز|1399,شبریز,1399,شبريز.zip!شبريز_۱۳۹۹_۱۲_۳۰_separate_ن-۱۰_صورت‌های مالی سال مالی منتهی به ۱۳۹۹_۱۲_۳۰ (حسابرسی شده).xlsx,HTML_MISLABELED_XLSX,NOT_DETECTED,,,,,0,0,0,NO,YES,NO,NO_AUDITOR_BLOCK_DETECTED;NO_AUDITOR_BLOCK_DETECTED
شبریز|1400,شبریز,1400,شبريز.zip!شبريز_۱۴۰۰_۱۲_۲۹_separate_ن-۱۰_صورت‌های مالی سال مالی منتهی به ۱۴۰۰_۱۲_۲۹ (حسابرسی شده).xlsx,HTML_MISLABELED_XLSX,NOT_DETECTED,,,,,0,0,0,NO,YES,NO,NO_AUDITOR_BLOCK_DETECTED;NO_AUDITOR_BLOCK_DETECTED
شبریز|1401,شبریز,1401,شبريز.zip!شبريز_۱۴۰۱_۱۲_۲۹_separate_ن-۱۰_صورت‌های مالی سال مالی منتهی به ۱۴۰۱_۱۲_۲۹ (حسابرسی شده).xlsx,HTML_MISLABELED_XLSX,NOT_DETECTED,,,,,0,0,0,NO,YES,NO,NO_AUDITOR_BLOCK_DETECTED;NO_AUDITOR_BLOCK_DETECTED
شبریز|1402,شبریز,1402,شبريز.zip!شبريز_۱۴۰۲_۱۲_۲۹_separate_ن-۱۰_صورت‌های مالی سال مالی منتهی به ۱۴۰۲_۱۲_۲۹ (حسابرسی شده).xlsx,HTML_MISLABELED_XLSX,NOT_DETECTED,,,,,0,0,0,NO,YES,NO,NO_AUDITOR_BLOCK_DETECTED;NO_AUDITOR_BLOCK_DETECTED
سنیر|1393,سنیر,1393,سنير.zip!سنير_۱۳۹۳_۱۲_۲۹_separate_ن-۱۰_صورتهای مالی سال مالی منتهی به ۱۳۹۳_۱۲_۲۹ (حسابرسی شده).xlsx,OLE2_LEGACY_EXCEL,DETECTED,Sheet1,9,54,46,1,1,12,YES,YES,YES,
سنیر|1394,سنیر,1394,سنير.zip!سنير_۱۳۹۴_۱۲_۲۹_separate_ن-۱۰_صورت‌های مالی سال مالی منتهی به ۱۳۹۴_۱۲_۲۹ (حسابرسی شده).xlsx,OLE2_LEGACY_EXCEL,DETECTED,Sheet1,9,61,53,1,1,12,YES,YES,YES,
سنیر|1395,سنیر,1395,سنير.zip!سنير_۱۳۹۵_۱۲_۳۰_separate_ن-۱۰_صورت‌های مالی سال مالی منتهی به ۱۳۹۵_۱۲_۳۰ (حسابرسی شده).xlsx,OLE2_LEGACY_EXCEL,DETECTED,Sheet1,11,61,51,1,1,12,YES,YES,YES,
سنیر|1396,سنیر,1396,سنير.zip!سنير_۱۳۹۶_۱۲_۲۹_separate_ن-۱۰_صورت‌های مالی سال مالی منتهی به ۱۳۹۶_۱۲_۲۹ (حسابرسی شده).xlsx,OLE2_LEGACY_EXCEL,DETECTED,Sheet1,11,65,55,1,1,14,YES,YES,YES,
سنیر|1397,سنیر,1397,سنير.zip!سنير_۱۳۹۷_۱۲_۲۹_separate_ن-۱۰_صورت‌های مالی سال مالی منتهی به ۱۳۹۷_۱۲_۲۹ (حسابرسی شده).xlsx,HTML_MISLABELED_XLSX,NOT_DETECTED,,,,,0,0,0,NO,YES,NO,NO_AUDITOR_BLOCK_DETECTED;NO_AUDITOR_BLOCK_DETECTED
سنیر|1398,سنیر,1398,سنير.zip!سنير_۱۳۹۸_۱۲_۲۹_separate_ن-۱۰_صورت‌های مالی سال مالی منتهی به ۱۳۹۸_۱۲_۲۹ (حسابرسی شده).xlsx,HTML_MISLABELED_XLSX,NOT_DETECTED,,,,,0,0,0,NO,YES,NO,NO_AUDITOR_BLOCK_DETECTED;NO_AUDITOR_BLOCK_DETECTED
سنیر|1399,سنیر,1399,سنير.zip!سنير_۱۳۹۹_۱۲_۳۰_separate_ن-۱۰_صورت‌های مالی سال مالی منتهی به ۱۳۹۹_۱۲_۳۰ (حسابرسی شده).xlsx,HTML_MISLABELED_XLSX,NOT_DETECTED,,,,,0,0,0,NO,YES,NO,NO_AUDITOR_BLOCK_DETECTED;NO_AUDITOR_BLOCK_DETECTED
سنیر|1400,سنیر,1400,سنير.zip!سنير_۱۴۰۰_۱۲_۲۹_separate_ن-۱۰_صورت‌های مالی سال مالی منتهی به ۱۴۰۰_۱۲_۲۹ (حسابرسی شده).xlsx,HTML_MISLABELED_XLSX,NOT_DETECTED,,,,,0,0,0,NO,YES,NO,NO_AUDITOR_BLOCK_DETECTED;NO_AUDITOR_BLOCK_DETECTED
سنیر|1401,سنیر,1401,سنير.zip!سنير_۱۴۰۱_۱۲_۲۹_separate_ن-۱۰_صورت‌های مالی سال مالی منتهی به ۱۴۰۱_۱۲_۲۹ (حسابرسی شده).xlsx,HTML_MISLABELED_XLSX,NOT_DETECTED,,,,,0,0,0,NO,YES,NO,NO_AUDITOR_BLOCK_DETECTED;NO_AUDITOR_BLOCK_DETECTED
سنیر|1402,سنیر,1402,سنير.zip!سنير_۱۴۰۲_۱۲_۲۹_separate_ن-۱۰_صورت‌های مالی سال مالی منتهی به ۱۴۰۲_۱۲_۲۹ (حسابرسی شده).xlsx,HTML_MISLABELED_XLSX,NOT_DETECTED,,,,,0,0,0,NO,YES,NO,NO_AUDITOR_BLOCK_DETECTED;NO_AUDITOR_BLOCK_DETECTED
ثنوسا|1392,ثنوسا,1392,ثنوسا.zip!ثنوسا_۱۳۹۲_۰۶_۳۱_separate_ن-۱۰_صورتهای مالی سال مالی منتهی به ۱۳۹۲_۰۶_۳۱ (حسابرسی شده).xlsx,OLE2_LEGACY_EXCEL,DETECTED,Sheet1,9,105,97,1,1,13,YES,YES,YES,
ثنوسا|1393,ثنوسا,1393,ثنوسا.zip!ثنوسا_۱۳۹۳_۰۶_۳۱_separate_ن-۱۰_صورتهای مالی سال مالی منتهی به ۱۳۹۳_۰۶_۳۱ (حسابرسی شده).xlsx,OLE2_LEGACY_EXCEL,DETECTED,Sheet1,9,95,87,1,1,13,YES,YES,YES,
ثنوسا|1394,ثنوسا,1394,ثنوسا.zip!ثنوسا_۱۳۹۴_۰۶_۳۱_separate_ن-۱۰_صورت‌های مالی سال مالی منتهی به ۱۳۹۴_۰۶_۳۱ (حسابرسی شده).xlsx,OLE2_LEGACY_EXCEL,DETECTED,Sheet1,9,103,95,1,1,13,YES,YES,YES,
ثنوسا|1395,ثنوسا,1395,ثنوسا.zip!ثنوسا_۱۳۹۵_۰۶_۳۱_separate_ن-۱۰_صورت‌های مالی سال مالی منتهی به ۱۳۹۵_۰۶_۳۱ (حسابرسی شده).xlsx,OLE2_LEGACY_EXCEL,DETECTED,Sheet1,9,97,89,1,1,14,YES,YES,YES,
ثنوسا|1396,ثنوسا,1396,ثنوسا.zip!ثنوسا_۱۳۹۶_۰۶_۳۱_separate_ن-۱۰_صورت‌های مالی سال مالی منتهی به ۱۳۹۶_۰۶_۳۱ (حسابرسی شده).xlsx,OLE2_LEGACY_EXCEL,DETECTED,Sheet1,11,124,114,1,1,14,YES,YES,YES,
ثنوسا|1397,ثنوسا,1397,ثنوسا.zip!ثنوسا_۱۳۹۷_۰۶_۳۱_separate_ن-۱۰_صورت‌های مالی سال مالی منتهی به ۱۳۹۷_۰۶_۳۱ (حسابرسی شده).xlsx,OLE2_LEGACY_EXCEL,DETECTED,Sheet1,11,128,118,1,1,14,YES,YES,YES,
ثنوسا|1398,ثنوسا,1398,ثنوسا.zip!ثنوسا_۱۳۹۸_۰۶_۳۱_separate_ن-۱۰_صورت‌های مالی سال مالی منتهی به ۱۳۹۸_۰۶_۳۱ (حسابرسی شده).xlsx,HTML_MISLABELED_XLSX,NOT_DETECTED,,,,,0,0,0,NO,YES,NO,NO_AUDITOR_BLOCK_DETECTED;NO_AUDITOR_BLOCK_DETECTED
ثنوسا|1399,ثنوسا,1399,ثنوسا.zip!ثنوسا_۱۳۹۹_۰۶_۳۱_separate_ن-۱۰_صورت‌های مالی سال مالی منتهی به ۱۳۹۹_۰۶_۳۱ (حسابرسی شده).xlsx,HTML_MISLABELED_XLSX,NOT_DETECTED,,,,,0,0,0,NO,YES,NO,NO_AUDITOR_BLOCK_DETECTED;NO_AUDITOR_BLOCK_DETECTED
ثنوسا|1400,ثنوسا,1400,ثنوسا.zip!ثنوسا_۱۴۰۰_۰۶_۳۱_separate_ن-۱۰_صورت‌های مالی سال مالی منتهی به ۱۴۰۰_۰۶_۳۱ (حسابرسی شده).xlsx,HTML_MISLABELED_XLSX,NOT_DETECTED,,,,,0,0,0,NO,YES,NO,NO_AUDITOR_BLOCK_DETECTED;NO_AUDITOR_BLOCK_DETECTED
ثنوسا|1401,ثنوسا,1401,ثنوسا.zip!ثنوسا_۱۴۰۱_۰۶_۳۱_separate_ن-۱۰_صورت‌های مالی سال مالی منتهی به ۱۴۰۱_۰۶_۳۱ (حسابرسی شده).xlsx,HTML_MISLABELED_XLSX,NOT_DETECTED,,,,,0,0,0,NO,YES,NO,NO_AUDITOR_BLOCK_DETECTED;NO_AUDITOR_BLOCK_DETECTED
ثنوسا|1402,ثنوسا,1402,ثنوسا.zip!ثنوسا_۱۴۰۲_۰۶_۳۱_separate_ن-۱۰_صورت‌های مالی سال مالی منتهی به ۱۴۰۲_۰۶_۳۱ (حسابرسی شده).xlsx,HTML_MISLABELED_XLSX,NOT_DETECTED,,,,,0,0,0,NO,YES,NO,NO_AUDITOR_BLOCK_DETECTED;NO_AUDITOR_BLOCK_DETECTED
سپاها|1392,سپاها,1392,سپاها.zip!سپاها_۱۳۹۲_۰۶_۳۱_separate_ن-۱۰_صورتهای مالی سال مالی منتهی به ۱۳۹۲_۰۶_۳۱ (حسابرسی شده).xlsx,OLE2_LEGACY_EXCEL,DETECTED,Sheet1,9,81,73,1,1,12,YES,YES,YES,
سپاها|1393,سپاها,1393,سپاها.zip!سپاها_۱۳۹۳_۰۶_۳۱_separate_ن-۱۰_صورتهای مالی سال مالی منتهی به ۱۳۹۳_۰۶_۳۱ (حسابرسی شده).xlsx,OLE2_LEGACY_EXCEL,DETECTED,Sheet1,9,79,71,1,1,13,YES,YES,YES,
سپاها|1394,سپاها,1394,سپاها.zip!سپاها_۱۳۹۴_۰۶_۳۱_separate_ن-۱۰_صورت‌های مالی سال مالی منتهی به ۱۳۹۴_۰۶_۳۱ (حسابرسی شده).xlsx,OLE2_LEGACY_EXCEL,DETECTED,Sheet1,9,78,70,1,1,12,YES,YES,YES,
سپاها|1395,سپاها,1395,سپاها.zip!سپاها_۱۳۹۵_۰۶_۳۱_separate_ن-۱۰_صورت‌های مالی سال مالی منتهی به ۱۳۹۵_۰۶_۳۱ (حسابرسی شده).xlsx,OLE2_LEGACY_EXCEL,DETECTED,Sheet1,9,76,68,1,1,13,YES,YES,YES,
سپید|1397,سپید,1397,سپيد.zip!سپيد_۱۳۹۷_۱۲_۲۹_separate_ن-۱۰_صورت‌های مالی سال مالی منتهی به ۱۳۹۷_۱۲_۲۹ (حسابرسی شده).xlsx,HTML_MISLABELED_XLSX,NOT_DETECTED,,,,,0,0,0,NO,YES,NO,NO_AUDITOR_BLOCK_DETECTED;NO_AUDITOR_BLOCK_DETECTED
سرود|1392,سرود,1392,سرود.zip!سرود_۱۳۹۲_۱۲_۲۹_separate_ن-۱۰_صورتهای مالی سال مالی منتهی به ۱۳۹۲_۱۲_۲۹ (حسابرسی شده).xlsx,OLE2_LEGACY_EXCEL,DETECTED,Sheet1,9,67,59,1,1,12,YES,YES,YES,
سرود|1393,سرود,1393,سرود.zip!سرود_۱۳۹۳_۱۲_۲۹_separate_ن-۱۰_صورتهای مالی سال مالی منتهی به ۱۳۹۳_۱۲_۲۹ (حسابرسی شده).xlsx,OLE2_LEGACY_EXCEL,DETECTED,Sheet1,9,59,51,1,1,11,YES,YES,YES,
سرود|1394,سرود,1394,سرود.zip!سرود_۱۳۹۴_۱۲_۲۹_separate_ن-۱۰_صورت‌های مالی سال مالی منتهی به ۱۳۹۴_۱۲_۲۹ (حسابرسی شده).xlsx,OLE2_LEGACY_EXCEL,DETECTED,Sheet1,9,57,49,1,1,12,YES,YES,YES,
سرود|1395,سرود,1395,سرود.zip!سرود_۱۳۹۵_۱۲_۳۰_separate_ن-۱۰_صورت‌های مالی سال مالی منتهی به ۱۳۹۵_۱۲_۳۰ (حسابرسی شده).xlsx,OLE2_LEGACY_EXCEL,DETECTED,Sheet1,11,55,45,1,1,12,YES,YES,YES,
سرود|1396,سرود,1396,سرود.zip!سرود_۱۳۹۶_۱۲_۲۹_separate_ن-۱۰_صورت‌های مالی سال مالی منتهی به ۱۳۹۶_۱۲_۲۹ (حسابرسی شده).xlsx,OLE2_LEGACY_EXCEL,DETECTED,Sheet1,11,57,47,1,1,12,YES,YES,YES,
سرود|1397,سرود,1397,سرود.zip!سرود_۱۳۹۷_۱۲_۲۹_separate_ن-۱۰_صورت‌های مالی سال مالی منتهی به ۱۳۹۷_۱۲_۲۹ (حسابرسی شده).xlsx,HTML_MISLABELED_XLSX,NOT_DETECTED,,,,,0,0,0,NO,YES,NO,NO_AUDITOR_BLOCK_DETECTED;NO_AUDITOR_BLOCK_DETECTED
سرود|1398,سرود,1398,سرود.zip!سرود_۱۳۹۸_۱۲_۲۹_separate_ن-۱۰_صورت‌های مالی سال مالی منتهی به ۱۳۹۸_۱۲_۲۹ (حسابرسی شده).xlsx,HTML_MISLABELED_XLSX,NOT_DETECTED,,,,,0,0,0,NO,YES,NO,NO_AUDITOR_BLOCK_DETECTED;NO_AUDITOR_BLOCK_DETECTED
سرود|1399,سرود,1399,سرود.zip!سرود_۱۳۹۹_۱۲_۳۰_separate_ن-۱۰_صورت‌های مالی سال مالی منتهی به ۱۳۹۹_۱۲_۳۰ (حسابرسی شده).xlsx,HTML_MISLABELED_XLSX,NOT_DETECTED,,,,,0,0,0,NO,YES,NO,NO_AUDITOR_BLOCK_DETECTED;NO_AUDITOR_BLOCK_DETECTED
سرود|1400,سرود,1400,سرود.zip!سرود_۱۴۰۰_۱۲_۲۹_separate_ن-۱۰_صورت‌های مالی سال مالی منتهی به ۱۴۰۰_۱۲_۲۹ (حسابرسی شده).xlsx,HTML_MISLABELED_XLSX,NOT_DETECTED,,,,,0,0,0,NO,YES,NO,NO_AUDITOR_BLOCK_DETECTED;NO_AUDITOR_BLOCK_DETECTED
سرود|1401,سرود,1401,سرود.zip!سرود_۱۴۰۱_۱۲_۲۹_separate_ن-۱۰_صورت‌های مالی سال مالی منتهی به ۱۴۰۱_۱۲_۲۹ (حسابرسی شده).xlsx,HTML_MISLABELED_XLSX,NOT_DETECTED,,,,,0,0,0,NO,YES,NO,NO_AUDITOR_BLOCK_DETECTED;NO_AUDITOR_BLOCK_DETECTED
ثشرق|1392,ثشرق,1392,ثشرق.zip!ثشرق_۱۳۹۲_۰۶_۳۱_separate_ن-۱۰_صورتهای مالی سال مالی منتهی به ۱۳۹۲_۰۶_۳۱ (حسابرسی شده).xlsx,OLE2_LEGACY_EXCEL,DETECTED,Sheet1,9,66,58,1,1,12,YES,YES,YES,
ثشرق|1393,ثشرق,1393,ثشرق.zip!ثشرق_۱۳۹۳_۰۶_۳۱_separate_ن-۱۰_صورتهای مالی سال مالی منتهی به ۱۳۹۳_۰۶_۳۱ (حسابرسی شده).xlsx,OLE2_LEGACY_EXCEL,DETECTED,Sheet1,9,60,52,1,1,12,YES,YES,YES,
ثشرق|1394,ثشرق,1394,ثشرق.zip!ثشرق_۱۳۹۴_۰۶_۳۱_separate_ن-۱۰_صورت‌های مالی سال مالی منتهی به ۱۳۹۴_۰۶_۳۱ (حسابرسی شده).xlsx,OLE2_LEGACY_EXCEL,DETECTED,Sheet1,9,63,55,1,1,12,YES,YES,YES,
ثشرق|1395,ثشرق,1395,ثشرق.zip!ثشرق_۱۳۹۵_۰۶_۳۱_separate_ن-۱۰_صورت‌های مالی سال مالی منتهی به ۱۳۹۵_۰۶_۳۱ (حسابرسی شده).xlsx,OLE2_LEGACY_EXCEL,DETECTED,Sheet1,9,66,58,1,1,12,YES,YES,YES,
ثشرق|1396,ثشرق,1396,ثشرق.zip!ثشرق_۱۳۹۶_۰۶_۳۱_separate_ن-۱۰_صورت‌های مالی سال مالی منتهی به ۱۳۹۶_۰۶_۳۱ (حسابرسی شده).xlsx,OLE2_LEGACY_EXCEL,DETECTED,Sheet1,11,64,54,1,1,12,YES,YES,YES,
ثشرق|1397,ثشرق,1397,ثشرق.zip!ثشرق_۱۳۹۷_۰۶_۳۱_separate_ن-۱۰_صورت‌های مالی سال مالی منتهی به ۱۳۹۷_۰۶_۳۱ (حسابرسی شده).xlsx,HTML_MISLABELED_XLSX,NOT_DETECTED,,,,,0,0,0,NO,YES,NO,NO_AUDITOR_BLOCK_DETECTED;NO_AUDITOR_BLOCK_DETECTED
ثشرق|1398,ثشرق,1398,ثشرق.zip!ثشرق_۱۳۹۸_۰۶_۳۱_separate_ن-۱۰_صورت‌های مالی سال مالی منتهی به ۱۳۹۸_۰۶_۳۱ (حسابرسی شده).xlsx,HTML_MISLABELED_XLSX,NOT_DETECTED,,,,,0,0,0,NO,YES,NO,NO_AUDITOR_BLOCK_DETECTED;NO_AUDITOR_BLOCK_DETECTED
ثشرق|1399,ثشرق,1399,ثشرق.zip!ثشرق_۱۳۹۹_۰۶_۳۱_separate_ن-۱۰_صورت‌های مالی سال مالی منتهی به ۱۳۹۹_۰۶_۳۱ (حسابرسی شده).xlsx,HTML_MISLABELED_XLSX,NOT_DETECTED,,,,,0,0,0,NO,YES,NO,NO_AUDITOR_BLOCK_DETECTED;NO_AUDITOR_BLOCK_DETECTED
ثشرق|1400,ثشرق,1400,ثشرق.zip!ثشرق_۱۴۰۰_۰۶_۳۱_separate_ن-۱۰_صورت‌های مالی سال مالی منتهی به ۱۴۰۰_۰۶_۳۱ (حسابرسی شده).xlsx,HTML_MISLABELED_XLSX,NOT_DETECTED,,,,,0,0,0,NO,YES,NO,NO_AUDITOR_BLOCK_DETECTED;NO_AUDITOR_BLOCK_DETECTED
ثشرق|1401,ثشرق,1401,ثشرق.zip!ثشرق_۱۴۰۱_۰۶_۳۱_separate_ن-۱۰_صورت‌های مالی سال مالی منتهی به ۱۴۰۱_۰۶_۳۱ (حسابرسی شده).xlsx,HTML_MISLABELED_XLSX,NOT_DETECTED,,,,,0,0,0,NO,YES,NO,NO_AUDITOR_BLOCK_DETECTED;NO_AUDITOR_BLOCK_DETECTED
ثشرق|1402,ثشرق,1402,ثشرق.zip!ثشرق_۱۴۰۲_۰۶_۳۱_separate_ن-۱۰_صورت‌های مالی سال مالی منتهی به ۱۴۰۲_۰۶_۳۱ (حسابرسی شده).xlsx,HTML_MISLABELED_XLSX,NOT_DETECTED,,,,,0,0,0,NO,YES,NO,NO_AUDITOR_BLOCK_DETECTED;NO_AUDITOR_BLOCK_DETECTED
ستران|1393,ستران,1393,ستران.zip!ستران_۱۳۹۳_۱۲_۲۹_separate_ن-۱۰_صورتهای مالی سال مالی منتهی به ۱۳۹۳_۱۲_۲۹ (حسابرسی شده).xlsx,OLE2_LEGACY_EXCEL,DETECTED,Sheet1,9,80,72,1,1,12,YES,YES,YES,
ستران|1394,ستران,1394,ستران.zip!ستران_۱۳۹۴_۱۲_۲۹_separate_ن-۱۰_صورت‌های مالی سال مالی منتهی به ۱۳۹۴_۱۲_۲۹ (حسابرسی شده).xlsx,OLE2_LEGACY_EXCEL,DETECTED,Sheet1,9,108,100,1,1,13,YES,YES,YES,
سغرب|1393,سغرب,1393,سغرب.zip!سغرب_۱۳۹۳_۱۲_۲۹_separate_ن-۱۰_صورتهای مالی سال مالی منتهی به ۱۳۹۳_۱۲_۲۹ (حسابرسی شده).xlsx,OLE2_LEGACY_EXCEL,DETECTED,Sheet1,9,76,68,1,1,13,YES,YES,YES,
سغرب|1394,سغرب,1394,سغرب.zip!سغرب_۱۳۹۴_۱۲_۲۹_separate_ن-۱۰_صورت‌های مالی سال مالی منتهی به ۱۳۹۴_۱۲_۲۹ (حسابرسی شده).xlsx,OLE2_LEGACY_EXCEL,DETECTED,Sheet1,9,61,53,1,1,13,YES,YES,YES,
سغرب|1395,سغرب,1395,سغرب.zip!سغرب_۱۳۹۵_۱۲_۳۰_separate_ن-۱۰_صورت‌های مالی سال مالی منتهی به ۱۳۹۵_۱۲_۳۰ (حسابرسی شده).xlsx,OLE2_LEGACY_EXCEL,DETECTED,Sheet1,11,63,53,1,1,12,YES,YES,YES,
سغرب|1396,سغرب,1396,سغرب.zip!سغرب_۱۳۹۶_۱۲_۲۹_separate_ن-۱۰_صورت‌های مالی سال مالی منتهی به ۱۳۹۶_۱۲_۲۹ (حسابرسی شده)(اصلاحیه).xlsx,OLE2_LEGACY_EXCEL,DETECTED,Sheet1,11,68,58,1,1,13,YES,YES,YES,
سغرب|1397,سغرب,1397,سغرب.zip!سغرب_۱۳۹۷_۱۲_۲۹_separate_ن-۱۰_صورت‌های مالی سال مالی منتهی به ۱۳۹۷_۱۲_۲۹ (حسابرسی شده).xlsx,HTML_MISLABELED_XLSX,NOT_DETECTED,,,,,0,0,0,NO,YES,NO,NO_AUDITOR_BLOCK_DETECTED;NO_AUDITOR_BLOCK_DETECTED
سغرب|1398,سغرب,1398,سغرب.zip!سغرب_۱۳۹۸_۱۲_۲۹_separate_ن-۱۰_صورت‌های مالی سال مالی منتهی به ۱۳۹۸_۱۲_۲۹ (حسابرسی شده).xlsx,HTML_MISLABELED_XLSX,NOT_DETECTED,,,,,0,0,0,NO,YES,NO,NO_AUDITOR_BLOCK_DETECTED;NO_AUDITOR_BLOCK_DETECTED
سغرب|1399,سغرب,1399,سغرب.zip!سغرب_۱۳۹۹_۱۲_۳۰_separate_ن-۱۰_صورت‌های مالی سال مالی منتهی به ۱۳۹۹_۱۲_۳۰ (حسابرسی شده).xlsx,HTML_MISLABELED_XLSX,NOT_DETECTED,,,,,0,0,0,NO,YES,NO,NO_AUDITOR_BLOCK_DETECTED;NO_AUDITOR_BLOCK_DETECTED
سغرب|1400,سغرب,1400,سغرب.zip!سغرب_۱۴۰۰_۱۲_۲۹_separate_ن-۱۰_صورت‌های مالی سال مالی منتهی به ۱۴۰۰_۱۲_۲۹ (حسابرسی شده)(اصلاحیه).xlsx,HTML_MISLABELED_XLSX,NOT_DETECTED,,,,,0,0,0,NO,YES,NO,NO_AUDITOR_BLOCK_DETECTED;NO_AUDITOR_BLOCK_DETECTED
سغرب|1401,سغرب,1401,سغرب.zip!سغرب_۱۴۰۱_۱۲_۲۹_separate_ن-۱۰_صورت‌های مالی سال مالی منتهی به ۱۴۰۱_۱۲_۲۹ (حسابرسی شده).xlsx,HTML_MISLABELED_XLSX,NOT_DETECTED,,,,,0,0,0,NO,YES,NO,NO_AUDITOR_BLOCK_DETECTED;NO_AUDITOR_BLOCK_DETECTED
سغرب|1402,سغرب,1402,سغرب.zip!سغرب_۱۴۰۲_۱۲_۲۹_separate_ن-۱۰_صورت‌های مالی سال مالی منتهی به ۱۴۰۲_۱۲_۲۹ (حسابرسی شده)(اصلاحیه).xlsx,HTML_MISLABELED_XLSX,NOT_DETECTED,,,,,0,0,0,NO,YES,NO,NO_AUDITOR_BLOCK_DETECTED;NO_AUDITOR_BLOCK_DETECTED
شبندر|1393,شبندر,1393,شبندر.zip!شبندر_۱۳۹۳_۱۲_۲۹_separate_ن-۱۰_صورت‌های مالی سال مالی منتهی به ۱۳۹۳_۱۲_۲۹ (حسابرسی شده).xlsx,OLE2_LEGACY_EXCEL,DETECTED,Sheet1,9,111,103,1,1,13,YES,YES,YES,
شبندر|1394,شبندر,1394,شبندر.zip!شبندر_۱۳۹۴_۱۲_۲۹_separate_ن-۱۰_صورت‌های مالی سال مالی منتهی به ۱۳۹۴_۱۲_۲۹ (حسابرسی شده).xlsx,OLE2_LEGACY_EXCEL,DETECTED,Sheet1,9,98,90,1,1,14,YES,YES,YES,
شبندر|1395,شبندر,1395,شبندر.zip!شبندر_۱۳۹۵_۱۲_۳۰_separate_ن-۱۰_صورت‌های مالی سال مالی منتهی به ۱۳۹۵_۱۲_۳۰ (حسابرسی شده)(اصلاحیه).xlsx,OLE2_LEGACY_EXCEL,DETECTED,Sheet1,11,100,90,1,1,13,YES,YES,YES,
شبندر|1396,شبندر,1396,شبندر.zip!شبندر_۱۳۹۶_۱۲_۲۹_separate_ن-۱۰_صورت‌های مالی سال مالی منتهی به ۱۳۹۶_۱۲_۲۹ (حسابرسی شده)(اصلاحیه).xlsx,OLE2_LEGACY_EXCEL,DETECTED,Sheet1,11,123,113,1,1,15,YES,YES,YES,
شبندر|1397,شبندر,1397,شبندر.zip!شبندر_۱۳۹۷_۱۲_۲۹_separate_ن-۱۰_صورت‌های مالی سال مالی منتهی به ۱۳۹۷_۱۲_۲۹ (حسابرسی شده)(اصلاحیه).xlsx,HTML_MISLABELED_XLSX,NOT_DETECTED,,,,,0,0,0,NO,YES,NO,NO_AUDITOR_BLOCK_DETECTED;NO_AUDITOR_BLOCK_DETECTED
شبندر|1398,شبندر,1398,شبندر.zip!شبندر_۱۳۹۸_۱۲_۲۹_separate_ن-۱۰_صورت‌های مالی سال مالی منتهی به ۱۳۹۸_۱۲_۲۹ (حسابرسی شده)(اصلاحیه).xlsx,HTML_MISLABELED_XLSX,NOT_DETECTED,,,,,0,0,0,NO,YES,NO,NO_AUDITOR_BLOCK_DETECTED;NO_AUDITOR_BLOCK_DETECTED
شبندر|1399,شبندر,1399,شبندر.zip!شبندر_۱۳۹۹_۱۲_۳۰_separate_ن-۱۰_صورت‌های مالی سال مالی منتهی به ۱۳۹۹_۱۲_۳۰ (حسابرسی شده).xlsx,HTML_MISLABELED_XLSX,NOT_DETECTED,,,,,0,0,0,NO,YES,NO,NO_AUDITOR_BLOCK_DETECTED;NO_AUDITOR_BLOCK_DETECTED
شبندر|1400,شبندر,1400,شبندر.zip!شبندر_۱۴۰۰_۱۲_۲۹_separate_ن-۱۰_صورت‌های مالی سال مالی منتهی به ۱۴۰۰_۱۲_۲۹ (حسابرسی شده).xlsx,HTML_MISLABELED_XLSX,NOT_DETECTED,,,,,0,0,0,NO,YES,NO,NO_AUDITOR_BLOCK_DETECTED;NO_AUDITOR_BLOCK_DETECTED
شبندر|1401,شبندر,1401,شبندر.zip!شبندر_۱۴۰۱_۱۲_۲۹_separate_ن-۱۰_صورت‌های مالی سال مالی منتهی به ۱۴۰۱_۱۲_۲۹ (حسابرسی شده)(اصلاحیه).xlsx,HTML_MISLABELED_XLSX,NOT_DETECTED,,,,,0,0,0,NO,YES,NO,NO_AUDITOR_BLOCK_DETECTED;NO_AUDITOR_BLOCK_DETECTED
شبندر|1402,شبندر,1402,شبندر.zip!شبندر_۱۴۰۲_۱۲_۲۹_separate_ن-۱۰_صورت‌های مالی سال مالی منتهی به ۱۴۰۲_۱۲_۲۹ (حسابرسی شده).xlsx,HTML_MISLABELED_XLSX,NOT_DETECTED,,,,,0,0,0,NO,YES,NO,NO_AUDITOR_BLOCK_DETECTED;NO_AUDITOR_BLOCK_DETECTED
شلعاب|1393,شلعاب,1393,شلعاب.zip!شلعاب_۱۳۹۳_۱۲_۲۹_separate_ن-۱۰_صورتهای مالی سال مالی منتهی به ۱۳۹۳_۱۲_۲۹ (حسابرسی شده).xlsx,OLE2_LEGACY_EXCEL,DETECTED,Sheet1,9,71,63,1,1,12,YES,YES,YES,
شلعاب|1394,شلعاب,1394,شلعاب.zip!شلعاب_۱۳۹۴_۱۲_۲۹_separate_ن-۱۰_صورت‌های مالی سال مالی منتهی به ۱۳۹۴_۱۲_۲۹ (حسابرسی شده).xlsx,OLE2_LEGACY_EXCEL,DETECTED,Sheet1,9,75,67,1,1,13,YES,YES,YES,
شلعاب|1395,شلعاب,1395,شلعاب.zip!شلعاب_۱۳۹۵_۱۲_۳۰_separate_ن-۱۰_صورت‌های مالی سال مالی منتهی به ۱۳۹۵_۱۲_۳۰ (حسابرسی شده).xlsx,OLE2_LEGACY_EXCEL,DETECTED,Sheet1,11,73,63,1,1,13,YES,YES,YES,
شلعاب|1396,شلعاب,1396,شلعاب.zip!شلعاب_۱۳۹۶_۱۲_۲۹_separate_ن-۱۰_صورت‌های مالی سال مالی منتهی به ۱۳۹۶_۱۲_۲۹ (حسابرسی شده).xlsx,OLE2_LEGACY_EXCEL,DETECTED,Sheet1,11,75,65,1,1,14,YES,YES,YES,
شلعاب|1397,شلعاب,1397,شلعاب.zip!شلعاب_۱۳۹۷_۱۲_۲۹_separate_ن-۱۰_صورت‌های مالی سال مالی منتهی به ۱۳۹۷_۱۲_۲۹ (حسابرسی شده).xlsx,HTML_MISLABELED_XLSX,NOT_DETECTED,,,,,0,0,0,NO,YES,NO,NO_AUDITOR_BLOCK_DETECTED;NO_AUDITOR_BLOCK_DETECTED
شلعاب|1398,شلعاب,1398,شلعاب.zip!شلعاب_۱۳۹۸_۱۲_۲۹_separate_ن-۱۰_صورت‌های مالی سال مالی منتهی به ۱۳۹۸_۱۲_۲۹ (حسابرسی شده).xlsx,HTML_MISLABELED_XLSX,NOT_DETECTED,,,,,0,0,0,NO,YES,NO,NO_AUDITOR_BLOCK_DETECTED;NO_AUDITOR_BLOCK_DETECTED
شلعاب|1399,شلعاب,1399,شلعاب.zip!شلعاب_۱۳۹۹_۱۲_۳۰_separate_ن-۱۰_صورت‌های مالی سال مالی منتهی به ۱۳۹۹_۱۲_۳۰ (حسابرسی شده).xlsx,HTML_MISLABELED_XLSX,NOT_DETECTED,,,,,0,0,0,NO,YES,NO,NO_AUDITOR_BLOCK_DETECTED;NO_AUDITOR_BLOCK_DETECTED
شلعاب|1400,شلعاب,1400,شلعاب.zip!شلعاب_۱۴۰۰_۱۲_۲۹_separate_ن-۱۰_صورت‌های مالی سال مالی منتهی به ۱۴۰۰_۱۲_۲۹ (حسابرسی شده).xlsx,HTML_MISLABELED_XLSX,NOT_DETECTED,,,,,0,0,0,NO,YES,NO,NO_AUDITOR_BLOCK_DETECTED;NO_AUDITOR_BLOCK_DETECTED
شلعاب|1401,شلعاب,1401,شلعاب.zip!شلعاب_۱۴۰۱_۱۲_۲۹_separate_ن-۱۰_صورت‌های مالی سال مالی منتهی به ۱۴۰۱_۱۲_۲۹ (حسابرسی شده).xlsx,HTML_MISLABELED_XLSX,NOT_DETECTED,,,,,0,0,0,NO,YES,NO,NO_AUDITOR_BLOCK_DETECTED;NO_AUDITOR_BLOCK_DETECTED
شلعاب|1402,شلعاب,1402,شلعاب.zip!شلعاب_۱۴۰۲_۱۲_۲۹_separate_ن-۱۰_صورت‌های مالی سال مالی منتهی به ۱۴۰۲_۱۲_۲۹ (حسابرسی شده).xlsx,HTML_MISLABELED_XLSX,NOT_DETECTED,,,,,0,0,0,NO,YES,NO,NO_AUDITOR_BLOCK_DETECTED;NO_AUDITOR_BLOCK_DETECTED
شدوص|1393,شدوص,1393,شدوص.zip!شدوص_۱۳۹۳_۱۲_۲۹_separate_ن-۱۰_صورتهای مالی سال مالی منتهی به ۱۳۹۳_۱۲_۲۹ (حسابرسی شده)(اصلاحیه).xlsx,OLE2_LEGACY_EXCEL,DETECTED,Sheet1,9,59,51,1,1,12,YES,YES,YES,
شدوص|1394,شدوص,1394,شدوص.zip!شدوص_۱۳۹۴_۱۲_۲۹_separate_ن-۱۰_صورت‌های مالی سال مالی منتهی به ۱۳۹۴_۱۲_۲۹ (حسابرسی شده)(اصلاحیه).xlsx,OLE2_LEGACY_EXCEL,DETECTED,Sheet1,9,55,47,1,1,11,YES,YES,YES,
شدوص|1395,شدوص,1395,شدوص.zip!شدوص_۱۳۹۵_۱۲_۳۰_separate_ن-۱۰_صورت‌های مالی سال مالی منتهی به ۱۳۹۵_۱۲_۳۰ (حسابرسی شده).xlsx,OLE2_LEGACY_EXCEL,DETECTED,Sheet1,11,70,60,1,1,13,YES,YES,YES,
شدوص|1396,شدوص,1396,شدوص.zip!شدوص_۱۳۹۶_۱۲_۲۹_separate_ن-۱۰_صورت‌های مالی سال مالی منتهی به ۱۳۹۶_۱۲_۲۹ (حسابرسی شده).xlsx,OLE2_LEGACY_EXCEL,DETECTED,Sheet1,11,77,67,1,1,14,YES,YES,YES,
شدوص|1397,شدوص,1397,شدوص.zip!شدوص_۱۳۹۷_۱۲_۲۹_separate_ن-۱۰_صورت‌های مالی سال مالی منتهی به ۱۳۹۷_۱۲_۲۹ (حسابرسی شده).xlsx,HTML_MISLABELED_XLSX,NOT_DETECTED,,,,,0,0,0,NO,YES,NO,NO_AUDITOR_BLOCK_DETECTED;NO_AUDITOR_BLOCK_DETECTED
شدوص|1398,شدوص,1398,شدوص.zip!شدوص_۱۳۹۸_۱۲_۲۹_separate_ن-۱۰_صورت‌های مالی سال مالی منتهی به ۱۳۹۸_۱۲_۲۹ (حسابرسی شده).xlsx,HTML_MISLABELED_XLSX,NOT_DETECTED,,,,,0,0,0,NO,YES,NO,NO_AUDITOR_BLOCK_DETECTED;NO_AUDITOR_BLOCK_DETECTED
شدوص|1399,شدوص,1399,شدوص.zip!شدوص_۱۳۹۹_۱۲_۳۰_separate_ن-۱۰_صورت‌های مالی سال مالی منتهی به ۱۳۹۹_۱۲_۳۰ (حسابرسی شده).xlsx,HTML_MISLABELED_XLSX,NOT_DETECTED,,,,,0,0,0,NO,YES,NO,NO_AUDITOR_BLOCK_DETECTED;NO_AUDITOR_BLOCK_DETECTED
شدوص|1400,شدوص,1400,شدوص.zip!شدوص_۱۴۰۰_۱۲_۲۹_separate_ن-۱۰_صورت‌های مالی سال مالی منتهی به ۱۴۰۰_۱۲_۲۹ (حسابرسی شده).xlsx,HTML_MISLABELED_XLSX,NOT_DETECTED,,,,,0,0,0,NO,YES,NO,NO_AUDITOR_BLOCK_DETECTED;NO_AUDITOR_BLOCK_DETECTED
شدوص|1401,شدوص,1401,شدوص.zip!شدوص_۱۴۰۱_۱۲_۲۹_separate_ن-۱۰_صورت‌های مالی سال مالی منتهی به ۱۴۰۱_۱۲_۲۹ (حسابرسی شده).xlsx,HTML_MISLABELED_XLSX,NOT_DETECTED,,,,,0,0,0,NO,YES,NO,NO_AUDITOR_BLOCK_DETECTED;NO_AUDITOR_BLOCK_DETECTED
شدوص|1402,شدوص,1402,شدوص.zip!شدوص_۱۴۰۲_۱۲_۲۹_separate_ن-۱۰_صورت‌های مالی سال مالی منتهی به ۱۴۰۲_۱۲_۲۹ (حسابرسی شده).xlsx,HTML_MISLABELED_XLSX,NOT_DETECTED,,,,,0,0,0,NO,YES,NO,NO_AUDITOR_BLOCK_DETECTED;NO_AUDITOR_BLOCK_DETECTED
شکربن|1393,شکربن,1393,شكربن.zip!شكربن_۱۳۹۳_۱۲_۲۹_separate_ن-۱۰_صورتهای مالی سال مالی منتهی به ۱۳۹۳_۱۲_۲۹ (حسابرسی شده).xlsx,OLE2_LEGACY_EXCEL,DETECTED,Sheet1,9,78,70,1,1,14,YES,YES,YES,
