row_key,ticker,fiscal_year,missing_field,coverage_status,source_file_type,source_relative_path,reason,required_next_document
اپال|1396,اپال,1396,auditor_opinion_type,MATCHED_SEPARATE_VALID,HTML_MISLABELED_XLSX,اپال.zip!اپال_۱۳۹۶_۱۰_۳۰_separate_ن-۱۰_صورت‌های مالی سال مالی منتهی به ۱۳۹۶_۱۰_۳۰ (حسابرسی شده).xlsx,AUDITOR_REPORT_ABSENT_FROM_PAYLOAD,CODAL auditor report (گزارش حسابرس مستقل) for this ticker|fiscal_year
اپال|1396,اپال,1396,auditor_report_date,MATCHED_SEPARATE_VALID,HTML_MISLABELED_XLSX,اپال.zip!اپال_۱۳۹۶_۱۰_۳۰_separate_ن-۱۰_صورت‌های مالی سال مالی منتهی به ۱۳۹۶_۱۰_۳۰ (حسابرسی شده).xlsx,AUDITOR_REPORT_ABSENT_FROM_PAYLOAD,CODAL auditor report (گزارش حسابرس مستقل) for this ticker|fiscal_year
اپال|1397,اپال,1397,auditor_opinion_type,MATCHED_SEPARATE_VALID,HTML_MISLABELED_XLSX,اپال.zip!اپال_۱۳۹۷_۱۰_۳۰_separate_ن-۱۰_صورت‌های مالی سال مالی منتهی به ۱۳۹۷_۱۰_۳۰ (حسابرسی شده).xlsx,AUDITOR_REPORT_ABSENT_FROM_PAYLOAD,CODAL auditor report (گزارش حسابرس مستقل) for this ticker|fiscal_year
اپال|1397,اپال,1397,auditor_report_date,MATCHED_SEPARATE_VALID,HTML_MISLABELED_XLSX,اپال.zip!اپال_۱۳۹۷_۱۰_۳۰_separate_ن-۱۰_صورت‌های مالی سال مالی منتهی به ۱۳۹۷_۱۰_۳۰ (حسابرسی شده).xlsx,AUDITOR_REPORT_ABSENT_FROM_PAYLOAD,CODAL auditor report (گزارش حسابرس مستقل) for this ticker|fiscal_year
اپال|1398,اپال,1398,auditor_opinion_type,MATCHED_SEPARATE_VALID,HTML_MISLABELED_XLSX,اپال.zip!اپال_۱۳۹۸_۱۰_۳۰_separate_ن-۱۰_صورت‌های مالی سال مالی منتهی به ۱۳۹۸_۱۰_۳۰ (حسابرسی شده).xlsx,AUDITOR_REPORT_ABSENT_FROM_PAYLOAD,CODAL auditor report (گزارش حسابرس مستقل) for this ticker|fiscal_year
اپال|1398,اپال,1398,auditor_report_date,MATCHED_SEPARATE_VALID,HTML_MISLABELED_XLSX,اپال.zip!اپال_۱۳۹۸_۱۰_۳۰_separate_ن-۱۰_صورت‌های مالی سال مالی منتهی به ۱۳۹۸_۱۰_۳۰ (حسابرسی شده).xlsx,AUDITOR_REPORT_ABSENT_FROM_PAYLOAD,CODAL auditor report (گزارش حسابرس مستقل) for this ticker|fiscal_year
اپال|1399,اپال,1399,auditor_opinion_type,MATCHED_SEPARATE_VALID,HTML_MISLABELED_XLSX,اپال.zip!اپال_۱۳۹۹_۱۰_۳۰_separate_ن-۱۰_صورت‌های مالی سال مالی منتهی به ۱۳۹۹_۱۰_۳۰ (حسابرسی شده).xlsx,AUDITOR_REPORT_ABSENT_FROM_PAYLOAD,CODAL auditor report (گزارش حسابرس مستقل) for this ticker|fiscal_year
اپال|1399,اپال,1399,auditor_report_date,MATCHED_SEPARATE_VALID,HTML_MISLABELED_XLSX,اپال.zip!اپال_۱۳۹۹_۱۰_۳۰_separate_ن-۱۰_صورت‌های مالی سال مالی منتهی به ۱۳۹۹_۱۰_۳۰ (حسابرسی شده).xlsx,AUDITOR_REPORT_ABSENT_FROM_PAYLOAD,CODAL auditor report (گزارش حسابرس مستقل) for this ticker|fiscal_year
اپال|1400,اپال,1400,auditor_opinion_type,MATCHED_SEPARATE_VALID,HTML_MISLABELED_XLSX,اپال.zip!اپال_۱۴۰۰_۱۰_۳۰_separate_ن-۱۰_صورت‌های مالی سال مالی منتهی به ۱۴۰۰_۱۰_۳۰ (حسابرسی شده).xlsx,AUDITOR_REPORT_ABSENT_FROM_PAYLOAD,CODAL auditor report (گزارش حسابرس مستقل) for this ticker|fiscal_year
اپال|1400,اپال,1400,auditor_report_date,MATCHED_SEPARATE_VALID,HTML_MISLABELED_XLSX,اپال.zip!اپال_۱۴۰۰_۱۰_۳۰_separate_ن-۱۰_صورت‌های مالی سال مالی منتهی به ۱۴۰۰_۱۰_۳۰ (حسابرسی شده).xlsx,AUDITOR_REPORT_ABSENT_FROM_PAYLOAD,CODAL auditor report (گزارش حسابرس مستقل) for this ticker|fiscal_year
اپال|1401,اپال,1401,auditor_opinion_type,MATCHED_SEPARATE_VALID,HTML_MISLABELED_XLSX,اپال.zip!اپال_۱۴۰۱_۱۰_۳۰_separate_ن-۱۰_صورت‌های مالی سال مالی منتهی به ۱۴۰۱_۱۰_۳۰ (حسابرسی شده).xlsx,AUDITOR_REPORT_ABSENT_FROM_PAYLOAD,CODAL auditor report (گزارش حسابرس مستقل) for this ticker|fiscal_year
اپال|1401,اپال,1401,auditor_report_date,MATCHED_SEPARATE_VALID,HTML_MISLABELED_XLSX,اپال.zip!اپال_۱۴۰۱_۱۰_۳۰_separate_ن-۱۰_صورت‌های مالی سال مالی منتهی به ۱۴۰۱_۱۰_۳۰ (حسابرسی شده).xlsx,AUDITOR_REPORT_ABSENT_FROM_PAYLOAD,CODAL auditor report (گزارش حسابرس مستقل) for this ticker|fiscal_year
اپال|1402,اپال,1402,auditor_opinion_type,MATCHED_SEPARATE_VALID,HTML_MISLABELED_XLSX,اپال.zip!اپال_۱۴۰۲_۱۰_۳۰_separate_ن-۱۰_صورت‌های مالی سال مالی منتهی به ۱۴۰۲_۱۰_۳۰ (حسابرسی شده).xlsx,AUDITOR_REPORT_ABSENT_FROM_PAYLOAD,CODAL auditor report (گزارش حسابرس مستقل) for this ticker|fiscal_year
اپال|1402,اپال,1402,auditor_report_date,MATCHED_SEPARATE_VALID,HTML_MISLABELED_XLSX,اپال.zip!اپال_۱۴۰۲_۱۰_۳۰_separate_ن-۱۰_صورت‌های مالی سال مالی منتهی به ۱۴۰۲_۱۰_۳۰ (حسابرسی شده).xlsx,AUDITOR_REPORT_ABSENT_FROM_PAYLOAD,CODAL auditor report (گزارش حسابرس مستقل) for this ticker|fiscal_year
اردستان|1392,اردستان,1392,fiscal_year_end,NO_ARCHIVE_MATCH,,,NO_ARCHIVE_MATCH,CODAL separate audited financial statements + auditor report
اردستان|1392,اردستان,1392,auditor_opinion_type,NO_ARCHIVE_MATCH,,,NO_ARCHIVE_MATCH,CODAL separate audited financial statements + auditor report
اردستان|1392,اردستان,1392,auditor_report_date,NO_ARCHIVE_MATCH,,,NO_ARCHIVE_MATCH,CODAL separate audited financial statements + auditor report
اردستان|1393,اردستان,1393,fiscal_year_end,NO_ARCHIVE_MATCH,,,NO_ARCHIVE_MATCH,CODAL separate audited financial statements + auditor report
اردستان|1393,اردستان,1393,auditor_opinion_type,NO_ARCHIVE_MATCH,,,NO_ARCHIVE_MATCH,CODAL separate audited financial statements + auditor report
اردستان|1393,اردستان,1393,auditor_report_date,NO_ARCHIVE_MATCH,,,NO_ARCHIVE_MATCH,CODAL separate audited financial statements + auditor report
اردستان|1394,اردستان,1394,fiscal_year_end,NO_ARCHIVE_MATCH,,,NO_ARCHIVE_MATCH,CODAL separate audited financial statements + auditor report
اردستان|1394,اردستان,1394,auditor_opinion_type,NO_ARCHIVE_MATCH,,,NO_ARCHIVE_MATCH,CODAL separate audited financial statements + auditor report
اردستان|1394,اردستان,1394,auditor_report_date,NO_ARCHIVE_MATCH,,,NO_ARCHIVE_MATCH,CODAL separate audited financial statements + auditor report
اردستان|1395,اردستان,1395,fiscal_year_end,NO_ARCHIVE_MATCH,,,NO_ARCHIVE_MATCH,CODAL separate audited financial statements + auditor report
اردستان|1395,اردستان,1395,auditor_opinion_type,NO_ARCHIVE_MATCH,,,NO_ARCHIVE_MATCH,CODAL separate audited financial statements + auditor report
اردستان|1395,اردستان,1395,auditor_report_date,NO_ARCHIVE_MATCH,,,NO_ARCHIVE_MATCH,CODAL separate audited financial statements + auditor report
اردستان|1396,اردستان,1396,fiscal_year_end,NO_ARCHIVE_MATCH,,,NO_ARCHIVE_MATCH,CODAL separate audited financial statements + auditor report
اردستان|1396,اردستان,1396,auditor_opinion_type,NO_ARCHIVE_MATCH,,,NO_ARCHIVE_MATCH,CODAL separate audited financial statements + auditor report
اردستان|1396,اردستان,1396,auditor_report_date,NO_ARCHIVE_MATCH,,,NO_ARCHIVE_MATCH,CODAL separate audited financial statements + auditor report
اردستان|1397,اردستان,1397,fiscal_year_end,NO_ARCHIVE_MATCH,,,NO_ARCHIVE_MATCH,CODAL separate audited financial statements + auditor report
اردستان|1397,اردستان,1397,auditor_opinion_type,NO_ARCHIVE_MATCH,,,NO_ARCHIVE_MATCH,CODAL separate audited financial statements + auditor report
اردستان|1397,اردستان,1397,auditor_report_date,NO_ARCHIVE_MATCH,,,NO_ARCHIVE_MATCH,CODAL separate audited financial statements + auditor report
اردستان|1398,اردستان,1398,fiscal_year_end,ONLY_CONSOLIDATED_AVAILABLE,,,ONLY_CONSOLIDATED_AVAILABLE,CODAL separate audited financial statements + auditor report
اردستان|1398,اردستان,1398,auditor_opinion_type,ONLY_CONSOLIDATED_AVAILABLE,,,ONLY_CONSOLIDATED_AVAILABLE,CODAL separate audited financial statements + auditor report
اردستان|1398,اردستان,1398,auditor_report_date,ONLY_CONSOLIDATED_AVAILABLE,,,ONLY_CONSOLIDATED_AVAILABLE,CODAL separate audited financial statements + auditor report
اروند|1394,اروند,1394,fiscal_year_end,NO_ARCHIVE_MATCH,,,NO_ARCHIVE_MATCH,CODAL separate audited financial statements + auditor report
اروند|1394,اروند,1394,auditor_opinion_type,NO_ARCHIVE_MATCH,,,NO_ARCHIVE_MATCH,CODAL separate audited financial statements + auditor report
اروند|1394,اروند,1394,auditor_report_date,NO_ARCHIVE_MATCH,,,NO_ARCHIVE_MATCH,CODAL separate audited financial statements + auditor report
اروند|1395,اروند,1395,auditor_opinion_type,MATCHED_SEPARATE_VALID,HTML_MISLABELED_XLSX,اروند.zip!اروند_۱۳۹۵_۱۲_۳۰_separate_ن-۱۰_صورت‌های مالی سال مالی منتهی به ۱۳۹۵_۱۲_۳۰ (حسابرسی شده).xlsx,AUDITOR_REPORT_ABSENT_FROM_PAYLOAD,CODAL auditor report (گزارش حسابرس مستقل) for this ticker|fiscal_year
اروند|1395,اروند,1395,auditor_report_date,MATCHED_SEPARATE_VALID,HTML_MISLABELED_XLSX,اروند.zip!اروند_۱۳۹۵_۱۲_۳۰_separate_ن-۱۰_صورت‌های مالی سال مالی منتهی به ۱۳۹۵_۱۲_۳۰ (حسابرسی شده).xlsx,AUDITOR_REPORT_ABSENT_FROM_PAYLOAD,CODAL auditor report (گزارش حسابرس مستقل) for this ticker|fiscal_year
اروند|1396,اروند,1396,auditor_opinion_type,MATCHED_SEPARATE_VALID,HTML_MISLABELED_XLSX,اروند.zip!اروند_۱۳۹۶_۱۲_۲۹_separate_ن-۱۰_صورت‌های مالی سال مالی منتهی به ۱۳۹۶_۱۲_۲۹ (حسابرسی شده).xlsx,AUDITOR_REPORT_ABSENT_FROM_PAYLOAD,CODAL auditor report (گزارش حسابرس مستقل) for this ticker|fiscal_year
اروند|1396,اروند,1396,auditor_report_date,MATCHED_SEPARATE_VALID,HTML_MISLABELED_XLSX,اروند.zip!اروند_۱۳۹۶_۱۲_۲۹_separate_ن-۱۰_صورت‌های مالی سال مالی منتهی به ۱۳۹۶_۱۲_۲۹ (حسابرسی شده).xlsx,AUDITOR_REPORT_ABSENT_FROM_PAYLOAD,CODAL auditor report (گزارش حسابرس مستقل) for this ticker|fiscal_year
اروند|1398,اروند,1398,fiscal_year_end,NO_ARCHIVE_MATCH,,,NO_ARCHIVE_MATCH,CODAL separate audited financial statements + auditor report
اروند|1398,اروند,1398,auditor_opinion_type,NO_ARCHIVE_MATCH,,,NO_ARCHIVE_MATCH,CODAL separate audited financial statements + auditor report
اروند|1398,اروند,1398,auditor_report_date,NO_ARCHIVE_MATCH,,,NO_ARCHIVE_MATCH,CODAL separate audited financial statements + auditor report
اروند|1399,اروند,1399,auditor_opinion_type,MATCHED_SEPARATE_VALID,HTML_MISLABELED_XLSX,اروند.zip!اروند_۱۳۹۹_۱۲_۳۰_separate_ن-۱۰_صورت‌های مالی سال مالی منتهی به ۱۳۹۹_۱۲_۳۰ (حسابرسی شده).xlsx,AUDITOR_REPORT_ABSENT_FROM_PAYLOAD,CODAL auditor report (گزارش حسابرس مستقل) for this ticker|fiscal_year
اروند|1399,اروند,1399,auditor_report_date,MATCHED_SEPARATE_VALID,HTML_MISLABELED_XLSX,اروند.zip!اروند_۱۳۹۹_۱۲_۳۰_separate_ن-۱۰_صورت‌های مالی سال مالی منتهی به ۱۳۹۹_۱۲_۳۰ (حسابرسی شده).xlsx,AUDITOR_REPORT_ABSENT_FROM_PAYLOAD,CODAL auditor report (گزارش حسابرس مستقل) for this ticker|fiscal_year
اروند|1400,اروند,1400,auditor_opinion_type,MATCHED_SEPARATE_VALID,HTML_MISLABELED_XLSX,اروند.zip!اروند_۱۴۰۰_۱۲_۲۹_separate_ن-۱۰_صورت‌های مالی سال مالی منتهی به ۱۴۰۰_۱۲_۲۹ (حسابرسی شده).xlsx,AUDITOR_REPORT_ABSENT_FROM_PAYLOAD,CODAL auditor report (گزارش حسابرس مستقل) for this ticker|fiscal_year
اروند|1400,اروند,1400,auditor_report_date,MATCHED_SEPARATE_VALID,HTML_MISLABELED_XLSX,اروند.zip!اروند_۱۴۰۰_۱۲_۲۹_separate_ن-۱۰_صورت‌های مالی سال مالی منتهی به ۱۴۰۰_۱۲_۲۹ (حسابرسی شده).xlsx,AUDITOR_REPORT_ABSENT_FROM_PAYLOAD,CODAL auditor report (گزارش حسابرس مستقل) for this ticker|fiscal_year
بالبر|1397,بالبر,1397,auditor_opinion_type,MATCHED_SEPARATE_VALID,HTML_MISLABELED_XLSX,بالبر.zip!بالبر_۱۳۹۷_۰۶_۳۱_separate_ن-۱۰_صورت‌های مالی سال مالی منتهی به ۱۳۹۷_۰۶_۳۱ (حسابرسی شده).xlsx,AUDITOR_REPORT_ABSENT_FROM_PAYLOAD,CODAL auditor report (گزارش حسابرس مستقل) for this ticker|fiscal_year
بالبر|1397,بالبر,1397,auditor_report_date,MATCHED_SEPARATE_VALID,HTML_MISLABELED_XLSX,بالبر.zip!بالبر_۱۳۹۷_۰۶_۳۱_separate_ن-۱۰_صورت‌های مالی سال مالی منتهی به ۱۳۹۷_۰۶_۳۱ (حسابرسی شده).xlsx,AUDITOR_REPORT_ABSENT_FROM_PAYLOAD,CODAL auditor report (گزارش حسابرس مستقل) for this ticker|fiscal_year
بالبر|1398,بالبر,1398,fiscal_year_end,MATCHED_SEPARATE_VALID,HTML_MISLABELED_XLSX,بالبر.zip!بالبر_۱۳۹۸_۰۶_۳۱_separate_ن-۱۰_صورت‌های مالی سال مالی منتهی به ۱۳۹۸_۰۶_۳۱ (حسابرسی شده).xlsx,NOT_PRESENT_IN_SOURCE,CODAL auditor report (گزارش حسابرس مستقل) for this ticker|fiscal_year
بالبر|1398,بالبر,1398,auditor_opinion_type,MATCHED_SEPARATE_VALID,HTML_MISLABELED_XLSX,بالبر.zip!بالبر_۱۳۹۸_۰۶_۳۱_separate_ن-۱۰_صورت‌های مالی سال مالی منتهی به ۱۳۹۸_۰۶_۳۱ (حسابرسی شده).xlsx,AUDITOR_REPORT_ABSENT_FROM_PAYLOAD,CODAL auditor report (گزارش حسابرس مستقل) for this ticker|fiscal_year
بالبر|1398,بالبر,1398,auditor_report_date,MATCHED_SEPARATE_VALID,HTML_MISLABELED_XLSX,بالبر.zip!بالبر_۱۳۹۸_۰۶_۳۱_separate_ن-۱۰_صورت‌های مالی سال مالی منتهی به ۱۳۹۸_۰۶_۳۱ (حسابرسی شده).xlsx,AUDITOR_REPORT_ABSENT_FROM_PAYLOAD,CODAL auditor report (گزارش حسابرس مستقل) for this ticker|fiscal_year
بالبر|1399,بالبر,1399,auditor_opinion_type,MATCHED_SEPARATE_CORRECTION_SELECTED,HTML_MISLABELED_XLSX,بالبر.zip!بالبر_۱۳۹۹_۰۶_۳۱_separate_ن-۱۰_صورت‌های مالی سال مالی منتهی به ۱۳۹۹_۰۶_۳۱ (حسابرسی شده)(اصلاحیه).xlsx,AUDITOR_REPORT_ABSENT_FROM_PAYLOAD,CODAL auditor report (گزارش حسابرس مستقل) for this ticker|fiscal_year
بالبر|1399,بالبر,1399,auditor_report_date,MATCHED_SEPARATE_CORRECTION_SELECTED,HTML_MISLABELED_XLSX,بالبر.zip!بالبر_۱۳۹۹_۰۶_۳۱_separate_ن-۱۰_صورت‌های مالی سال مالی منتهی به ۱۳۹۹_۰۶_۳۱ (حسابرسی شده)(اصلاحیه).xlsx,AUDITOR_REPORT_ABSENT_FROM_PAYLOAD,CODAL auditor report (گزارش حسابرس مستقل) for this ticker|fiscal_year
بالبر|1400,بالبر,1400,auditor_opinion_type,MATCHED_SEPARATE_VALID,HTML_MISLABELED_XLSX,بالبر.zip!بالبر_۱۴۰۰_۰۶_۳۱_separate_ن-۱۰_صورت‌های مالی سال مالی منتهی به ۱۴۰۰_۰۶_۳۱ (حسابرسی شده).xlsx,AUDITOR_REPORT_ABSENT_FROM_PAYLOAD,CODAL auditor report (گزارش حسابرس مستقل) for this ticker|fiscal_year
بالبر|1400,بالبر,1400,auditor_report_date,MATCHED_SEPARATE_VALID,HTML_MISLABELED_XLSX,بالبر.zip!بالبر_۱۴۰۰_۰۶_۳۱_separate_ن-۱۰_صورت‌های مالی سال مالی منتهی به ۱۴۰۰_۰۶_۳۱ (حسابرسی شده).xlsx,AUDITOR_REPORT_ABSENT_FROM_PAYLOAD,CODAL auditor report (گزارش حسابرس مستقل) for this ticker|fiscal_year
بالبر|1401,بالبر,1401,auditor_opinion_type,MATCHED_SEPARATE_VALID,HTML_MISLABELED_XLSX,بالبر.zip!بالبر_۱۴۰۱_۰۶_۳۱_separate_ن-۱۰_صورت‌های مالی سال مالی منتهی به ۱۴۰۱_۰۶_۳۱ (حسابرسی شده).xlsx,AUDITOR_REPORT_ABSENT_FROM_PAYLOAD,CODAL auditor report (گزارش حسابرس مستقل) for this ticker|fiscal_year
بالبر|1401,بالبر,1401,auditor_report_date,MATCHED_SEPARATE_VALID,HTML_MISLABELED_XLSX,بالبر.zip!بالبر_۱۴۰۱_۰۶_۳۱_separate_ن-۱۰_صورت‌های مالی سال مالی منتهی به ۱۴۰۱_۰۶_۳۱ (حسابرسی شده).xlsx,AUDITOR_REPORT_ABSENT_FROM_PAYLOAD,CODAL auditor report (گزارش حسابرس مستقل) for this ticker|fiscal_year
بالبر|1402,بالبر,1402,auditor_opinion_type,MATCHED_SEPARATE_VALID,HTML_MISLABELED_XLSX,بالبر.zip!بالبر_۱۴۰۲_۰۶_۳۱_separate_ن-۱۰_صورت‌های مالی سال مالی منتهی به ۱۴۰۲_۰۶_۳۱ (حسابرسی شده).xlsx,AUDITOR_REPORT_ABSENT_FROM_PAYLOAD,CODAL auditor report (گزارش حسابرس مستقل) for this ticker|fiscal_year
بالبر|1402,بالبر,1402,auditor_report_date,MATCHED_SEPARATE_VALID,HTML_MISLABELED_XLSX,بالبر.zip!بالبر_۱۴۰۲_۰۶_۳۱_separate_ن-۱۰_صورت‌های مالی سال مالی منتهی به ۱۴۰۲_۰۶_۳۱ (حسابرسی شده).xlsx,AUDITOR_REPORT_ABSENT_FROM_PAYLOAD,CODAL auditor report (گزارش حسابرس مستقل) for this ticker|fiscal_year
برکت|1393,برکت,1393,fiscal_year_end,NO_ARCHIVE_MATCH,,,NO_ARCHIVE_MATCH,CODAL separate audited financial statements + auditor report
برکت|1393,برکت,1393,auditor_opinion_type,NO_ARCHIVE_MATCH,,,NO_ARCHIVE_MATCH,CODAL separate audited financial statements + auditor report
برکت|1393,برکت,1393,auditor_report_date,NO_ARCHIVE_MATCH,,,NO_ARCHIVE_MATCH,CODAL separate audited financial statements + auditor report
برکت|1398,برکت,1398,auditor_opinion_type,MATCHED_SEPARATE_VALID,HTML_MISLABELED_XLSX,بركت.zip!بركت_۱۳۹۸_۱۲_۲۹_separate_ن-۱۰_صورت‌های مالی سال مالی منتهی به ۱۳۹۸_۱۲_۲۹ (حسابرسی شده).xlsx,AUDITOR_REPORT_ABSENT_FROM_PAYLOAD,CODAL auditor report (گزارش حسابرس مستقل) for this ticker|fiscal_year
برکت|1398,برکت,1398,auditor_report_date,MATCHED_SEPARATE_VALID,HTML_MISLABELED_XLSX,بركت.zip!بركت_۱۳۹۸_۱۲_۲۹_separate_ن-۱۰_صورت‌های مالی سال مالی منتهی به ۱۳۹۸_۱۲_۲۹ (حسابرسی شده).xlsx,AUDITOR_REPORT_ABSENT_FROM_PAYLOAD,CODAL auditor report (گزارش حسابرس مستقل) for this ticker|fiscal_year
برکت|1399,برکت,1399,auditor_opinion_type,MATCHED_SEPARATE_VALID,HTML_MISLABELED_XLSX,بركت.zip!بركت_۱۳۹۹_۱۲_۳۰_separate_ن-۱۰_صورت‌های مالی سال مالی منتهی به ۱۳۹۹_۱۲_۳۰ (حسابرسی شده).xlsx,AUDITOR_REPORT_ABSENT_FROM_PAYLOAD,CODAL auditor report (گزارش حسابرس مستقل) for this ticker|fiscal_year
برکت|1399,برکت,1399,auditor_report_date,MATCHED_SEPARATE_VALID,HTML_MISLABELED_XLSX,بركت.zip!بركت_۱۳۹۹_۱۲_۳۰_separate_ن-۱۰_صورت‌های مالی سال مالی منتهی به ۱۳۹۹_۱۲_۳۰ (حسابرسی شده).xlsx,AUDITOR_REPORT_ABSENT_FROM_PAYLOAD,CODAL auditor report (گزارش حسابرس مستقل) for this ticker|fiscal_year
برکت|1400,برکت,1400,auditor_opinion_type,MATCHED_SEPARATE_VALID,HTML_MISLABELED_XLSX,بركت.zip!بركت_۱۴۰۰_۱۲_۲۹_separate_ن-۱۰_صورت‌های مالی سال مالی منتهی به ۱۴۰۰_۱۲_۲۹ (حسابرسی شده).xlsx,AUDITOR_REPORT_ABSENT_FROM_PAYLOAD,CODAL auditor report (گزارش حسابرس مستقل) for this ticker|fiscal_year
برکت|1400,برکت,1400,auditor_report_date,MATCHED_SEPARATE_VALID,HTML_MISLABELED_XLSX,بركت.zip!بركت_۱۴۰۰_۱۲_۲۹_separate_ن-۱۰_صورت‌های مالی سال مالی منتهی به ۱۴۰۰_۱۲_۲۹ (حسابرسی شده).xlsx,AUDITOR_REPORT_ABSENT_FROM_PAYLOAD,CODAL auditor report (گزارش حسابرس مستقل) for this ticker|fiscal_year
برکت|1401,برکت,1401,auditor_opinion_type,MATCHED_SEPARATE_VALID,HTML_MISLABELED_XLSX,بركت.zip!بركت_۱۴۰۱_۱۲_۲۹_separate_ن-۱۰_صورت‌های مالی سال مالی منتهی به ۱۴۰۱_۱۲_۲۹ (حسابرسی شده).xlsx,AUDITOR_REPORT_ABSENT_FROM_PAYLOAD,CODAL auditor report (گزارش حسابرس مستقل) for this ticker|fiscal_year
برکت|1401,برکت,1401,auditor_report_date,MATCHED_SEPARATE_VALID,HTML_MISLABELED_XLSX,بركت.zip!بركت_۱۴۰۱_۱۲_۲۹_separate_ن-۱۰_صورت‌های مالی سال مالی منتهی به ۱۴۰۱_۱۲_۲۹ (حسابرسی شده).xlsx,AUDITOR_REPORT_ABSENT_FROM_PAYLOAD,CODAL auditor report (گزارش حسابرس مستقل) for this ticker|fiscal_year
برکت|1402,برکت,1402,auditor_opinion_type,MATCHED_SEPARATE_VALID,HTML_MISLABELED_XLSX,بركت.zip!بركت_۱۴۰۲_۱۲_۲۹_separate_ن-۱۰_صورت‌های مالی سال مالی منتهی به ۱۴۰۲_۱۲_۲۹ (حسابرسی شده).xlsx,AUDITOR_REPORT_ABSENT_FROM_PAYLOAD,CODAL auditor report (گزارش حسابرس مستقل) for this ticker|fiscal_year
برکت|1402,برکت,1402,auditor_report_date,MATCHED_SEPARATE_VALID,HTML_MISLABELED_XLSX,بركت.zip!بركت_۱۴۰۲_۱۲_۲۹_separate_ن-۱۰_صورت‌های مالی سال مالی منتهی به ۱۴۰۲_۱۲_۲۹ (حسابرسی شده).xlsx,AUDITOR_REPORT_ABSENT_FROM_PAYLOAD,CODAL auditor report (گزارش حسابرس مستقل) for this ticker|fiscal_year
بکاب|1397,بکاب,1397,auditor_opinion_type,MATCHED_SEPARATE_CORRECTION_SELECTED,HTML_MISLABELED_XLSX,بكاب.zip!بكاب_۱۳۹۷_۰۶_۳۱_separate_ن-۱۰_صورت‌های مالی سال مالی منتهی به ۱۳۹۷_۰۶_۳۱ (حسابرسی شده)(اصلاحیه).xlsx,AUDITOR_REPORT_ABSENT_FROM_PAYLOAD,CODAL auditor report (گزارش حسابرس مستقل) for this ticker|fiscal_year
بکاب|1397,بکاب,1397,auditor_report_date,MATCHED_SEPARATE_CORRECTION_SELECTED,HTML_MISLABELED_XLSX,بكاب.zip!بكاب_۱۳۹۷_۰۶_۳۱_separate_ن-۱۰_صورت‌های مالی سال مالی منتهی به ۱۳۹۷_۰۶_۳۱ (حسابرسی شده)(اصلاحیه).xlsx,AUDITOR_REPORT_ABSENT_FROM_PAYLOAD,CODAL auditor report (گزارش حسابرس مستقل) for this ticker|fiscal_year
بکاب|1398,بکاب,1398,fiscal_year_end,MATCHED_SEPARATE_VALID,HTML_MISLABELED_XLSX,بكاب.zip!بكاب_۱۳۹۸_۰۶_۳۱_separate_ن-۱۰_صورت‌های مالی سال مالی منتهی به ۱۳۹۸_۰۶_۳۱ (حسابرسی شده).xlsx,NOT_PRESENT_IN_SOURCE,CODAL auditor report (گزارش حسابرس مستقل) for this ticker|fiscal_year
بکاب|1398,بکاب,1398,auditor_opinion_type,MATCHED_SEPARATE_VALID,HTML_MISLABELED_XLSX,بكاب.zip!بكاب_۱۳۹۸_۰۶_۳۱_separate_ن-۱۰_صورت‌های مالی سال مالی منتهی به ۱۳۹۸_۰۶_۳۱ (حسابرسی شده).xlsx,AUDITOR_REPORT_ABSENT_FROM_PAYLOAD,CODAL auditor report (گزارش حسابرس مستقل) for this ticker|fiscal_year
بکاب|1398,بکاب,1398,auditor_report_date,MATCHED_SEPARATE_VALID,HTML_MISLABELED_XLSX,بكاب.zip!بكاب_۱۳۹۸_۰۶_۳۱_separate_ن-۱۰_صورت‌های مالی سال مالی منتهی به ۱۳۹۸_۰۶_۳۱ (حسابرسی شده).xlsx,AUDITOR_REPORT_ABSENT_FROM_PAYLOAD,CODAL auditor report (گزارش حسابرس مستقل) for this ticker|fiscal_year
بکاب|1399,بکاب,1399,auditor_opinion_type,MATCHED_SEPARATE_VALID,HTML_MISLABELED_XLSX,بكاب.zip!بكاب_۱۳۹۹_۰۶_۳۱_separate_ن-۱۰_صورت‌های مالی سال مالی منتهی به ۱۳۹۹_۰۶_۳۱ (حسابرسی شده).xlsx,AUDITOR_REPORT_ABSENT_FROM_PAYLOAD,CODAL auditor report (گزارش حسابرس مستقل) for this ticker|fiscal_year
بکاب|1399,بکاب,1399,auditor_report_date,MATCHED_SEPARATE_VALID,HTML_MISLABELED_XLSX,بكاب.zip!بكاب_۱۳۹۹_۰۶_۳۱_separate_ن-۱۰_صورت‌های مالی سال مالی منتهی به ۱۳۹۹_۰۶_۳۱ (حسابرسی شده).xlsx,AUDITOR_REPORT_ABSENT_FROM_PAYLOAD,CODAL auditor report (گزارش حسابرس مستقل) for this ticker|fiscal_year
بکاب|1400,بکاب,1400,auditor_opinion_type,MATCHED_SEPARATE_VALID,HTML_MISLABELED_XLSX,بكاب.zip!بكاب_۱۴۰۰_۰۶_۳۱_separate_ن-۱۰_صورت‌های مالی سال مالی منتهی به ۱۴۰۰_۰۶_۳۱ (حسابرسی شده).xlsx,AUDITOR_REPORT_ABSENT_FROM_PAYLOAD,CODAL auditor report (گزارش حسابرس مستقل) for this ticker|fiscal_year
بکاب|1400,بکاب,1400,auditor_report_date,MATCHED_SEPARATE_VALID,HTML_MISLABELED_XLSX,بكاب.zip!بكاب_۱۴۰۰_۰۶_۳۱_separate_ن-۱۰_صورت‌های مالی سال مالی منتهی به ۱۴۰۰_۰۶_۳۱ (حسابرسی شده).xlsx,AUDITOR_REPORT_ABSENT_FROM_PAYLOAD,CODAL auditor report (گزارش حسابرس مستقل) for this ticker|fiscal_year
بکاب|1401,بکاب,1401,auditor_opinion_type,MATCHED_SEPARATE_VALID,HTML_MISLABELED_XLSX,بكاب.zip!بكاب_۱۴۰۱_۰۶_۳۱_separate_ن-۱۰_صورت‌های مالی سال مالی منتهی به ۱۴۰۱_۰۶_۳۱ (حسابرسی شده).xlsx,AUDITOR_REPORT_ABSENT_FROM_PAYLOAD,CODAL auditor report (گزارش حسابرس مستقل) for this ticker|fiscal_year
بکاب|1401,بکاب,1401,auditor_report_date,MATCHED_SEPARATE_VALID,HTML_MISLABELED_XLSX,بكاب.zip!بكاب_۱۴۰۱_۰۶_۳۱_separate_ن-۱۰_صورت‌های مالی سال مالی منتهی به ۱۴۰۱_۰۶_۳۱ (حسابرسی شده).xlsx,AUDITOR_REPORT_ABSENT_FROM_PAYLOAD,CODAL auditor report (گزارش حسابرس مستقل) for this ticker|fiscal_year
بکاب|1402,بکاب,1402,auditor_opinion_type,MATCHED_SEPARATE_VALID,HTML_MISLABELED_XLSX,بكاب.zip!بكاب_۱۴۰۲_۰۶_۳۱_separate_ن-۱۰_صورت‌های مالی سال مالی منتهی به ۱۴۰۲_۰۶_۳۱ (حسابرسی شده).xlsx,AUDITOR_REPORT_ABSENT_FROM_PAYLOAD,CODAL auditor report (گزارش حسابرس مستقل) for this ticker|fiscal_year
بکاب|1402,بکاب,1402,auditor_report_date,MATCHED_SEPARATE_VALID,HTML_MISLABELED_XLSX,بكاب.zip!بكاب_۱۴۰۲_۰۶_۳۱_separate_ن-۱۰_صورت‌های مالی سال مالی منتهی به ۱۴۰۲_۰۶_۳۱ (حسابرسی شده).xlsx,AUDITOR_REPORT_ABSENT_FROM_PAYLOAD,CODAL auditor report (گزارش حسابرس مستقل) for this ticker|fiscal_year
بکام|1395,بکام,1395,fiscal_year_end,ONLY_CONSOLIDATED_AVAILABLE,,,ONLY_CONSOLIDATED_AVAILABLE,CODAL separate audited financial statements + auditor report
بکام|1395,بکام,1395,auditor_opinion_type,ONLY_CONSOLIDATED_AVAILABLE,,,ONLY_CONSOLIDATED_AVAILABLE,CODAL separate audited financial statements + auditor report
بکام|1395,بکام,1395,auditor_report_date,ONLY_CONSOLIDATED_AVAILABLE,,,ONLY_CONSOLIDATED_AVAILABLE,CODAL separate audited financial statements + auditor report
بکام|1396,بکام,1396,fiscal_year_end,ONLY_CONSOLIDATED_AVAILABLE,,,ONLY_CONSOLIDATED_AVAILABLE,CODAL separate audited financial statements + auditor report
بکام|1396,بکام,1396,auditor_opinion_type,ONLY_CONSOLIDATED_AVAILABLE,,,ONLY_CONSOLIDATED_AVAILABLE,CODAL separate audited financial statements + auditor report
بکام|1396,بکام,1396,auditor_report_date,ONLY_CONSOLIDATED_AVAILABLE,,,ONLY_CONSOLIDATED_AVAILABLE,CODAL separate audited financial statements + auditor report
بکام|1397,بکام,1397,fiscal_year_end,ONLY_CONSOLIDATED_AVAILABLE,,,ONLY_CONSOLIDATED_AVAILABLE,CODAL separate audited financial statements + auditor report
بکام|1397,بکام,1397,auditor_opinion_type,ONLY_CONSOLIDATED_AVAILABLE,,,ONLY_CONSOLIDATED_AVAILABLE,CODAL separate audited financial statements + auditor report
بکام|1397,بکام,1397,auditor_report_date,ONLY_CONSOLIDATED_AVAILABLE,,,ONLY_CONSOLIDATED_AVAILABLE,CODAL separate audited financial statements + auditor report
بکام|1398,بکام,1398,fiscal_year_end,ONLY_CONSOLIDATED_AVAILABLE,,,ONLY_CONSOLIDATED_AVAILABLE,CODAL separate audited financial statements + auditor report
بکام|1398,بکام,1398,auditor_opinion_type,ONLY_CONSOLIDATED_AVAILABLE,,,ONLY_CONSOLIDATED_AVAILABLE,CODAL separate audited financial statements + auditor report
بکام|1398,بکام,1398,auditor_report_date,ONLY_CONSOLIDATED_AVAILABLE,,,ONLY_CONSOLIDATED_AVAILABLE,CODAL separate audited financial statements + auditor report
بکام|1399,بکام,1399,fiscal_year_end,ONLY_CONSOLIDATED_AVAILABLE,,,ONLY_CONSOLIDATED_AVAILABLE,CODAL separate audited financial statements + auditor report
بکام|1399,بکام,1399,auditor_opinion_type,ONLY_CONSOLIDATED_AVAILABLE,,,ONLY_CONSOLIDATED_AVAILABLE,CODAL separate audited financial statements + auditor report
بکام|1399,بکام,1399,auditor_report_date,ONLY_CONSOLIDATED_AVAILABLE,,,ONLY_CONSOLIDATED_AVAILABLE,CODAL separate audited financial statements + auditor report
بکام|1400,بکام,1400,fiscal_year_end,ONLY_CONSOLIDATED_AVAILABLE,,,ONLY_CONSOLIDATED_AVAILABLE,CODAL separate audited financial statements + auditor report
بکام|1400,بکام,1400,auditor_opinion_type,ONLY_CONSOLIDATED_AVAILABLE,,,ONLY_CONSOLIDATED_AVAILABLE,CODAL separate audited financial statements + auditor report
بکام|1400,بکام,1400,auditor_report_date,ONLY_CONSOLIDATED_AVAILABLE,,,ONLY_CONSOLIDATED_AVAILABLE,CODAL separate audited financial statements + auditor report
بکام|1401,بکام,1401,fiscal_year_end,ONLY_CONSOLIDATED_AVAILABLE,,,ONLY_CONSOLIDATED_AVAILABLE,CODAL separate audited financial statements + auditor report
بکام|1401,بکام,1401,auditor_opinion_type,ONLY_CONSOLIDATED_AVAILABLE,,,ONLY_CONSOLIDATED_AVAILABLE,CODAL separate audited financial statements + auditor report
بکام|1401,بکام,1401,auditor_report_date,ONLY_CONSOLIDATED_AVAILABLE,,,ONLY_CONSOLIDATED_AVAILABLE,CODAL separate audited financial statements + auditor report
بکام|1402,بکام,1402,fiscal_year_end,ONLY_CONSOLIDATED_AVAILABLE,,,ONLY_CONSOLIDATED_AVAILABLE,CODAL separate audited financial statements + auditor report
بکام|1402,بکام,1402,auditor_opinion_type,ONLY_CONSOLIDATED_AVAILABLE,,,ONLY_CONSOLIDATED_AVAILABLE,CODAL separate audited financial statements + auditor report
بکام|1402,بکام,1402,auditor_report_date,ONLY_CONSOLIDATED_AVAILABLE,,,ONLY_CONSOLIDATED_AVAILABLE,CODAL separate audited financial statements + auditor report
بموتو|1395,بموتو,1395,fiscal_year_end,ONLY_CONSOLIDATED_AVAILABLE,,,ONLY_CONSOLIDATED_AVAILABLE,CODAL separate audited financial statements + auditor report
بموتو|1395,بموتو,1395,auditor_opinion_type,ONLY_CONSOLIDATED_AVAILABLE,,,ONLY_CONSOLIDATED_AVAILABLE,CODAL separate audited financial statements + auditor report
بموتو|1395,بموتو,1395,auditor_report_date,ONLY_CONSOLIDATED_AVAILABLE,,,ONLY_CONSOLIDATED_AVAILABLE,CODAL separate audited financial statements + auditor report
بموتو|1396,بموتو,1396,fiscal_year_end,ONLY_CONSOLIDATED_AVAILABLE,,,ONLY_CONSOLIDATED_AVAILABLE,CODAL separate audited financial statements + auditor report
بموتو|1396,بموتو,1396,auditor_opinion_type,ONLY_CONSOLIDATED_AVAILABLE,,,ONLY_CONSOLIDATED_AVAILABLE,CODAL separate audited financial statements + auditor report
بموتو|1396,بموتو,1396,auditor_report_date,ONLY_CONSOLIDATED_AVAILABLE,,,ONLY_CONSOLIDATED_AVAILABLE,CODAL separate audited financial statements + auditor report
بموتو|1397,بموتو,1397,fiscal_year_end,ONLY_CONSOLIDATED_AVAILABLE,,,ONLY_CONSOLIDATED_AVAILABLE,CODAL separate audited financial statements + auditor report
بموتو|1397,بموتو,1397,auditor_opinion_type,ONLY_CONSOLIDATED_AVAILABLE,,,ONLY_CONSOLIDATED_AVAILABLE,CODAL separate audited financial statements + auditor report
بموتو|1397,بموتو,1397,auditor_report_date,ONLY_CONSOLIDATED_AVAILABLE,,,ONLY_CONSOLIDATED_AVAILABLE,CODAL separate audited financial statements + auditor report
بموتو|1398,بموتو,1398,fiscal_year_end,ONLY_CONSOLIDATED_AVAILABLE,,,ONLY_CONSOLIDATED_AVAILABLE,CODAL separate audited financial statements + auditor report
بموتو|1398,بموتو,1398,auditor_opinion_type,ONLY_CONSOLIDATED_AVAILABLE,,,ONLY_CONSOLIDATED_AVAILABLE,CODAL separate audited financial statements + auditor report
بموتو|1398,بموتو,1398,auditor_report_date,ONLY_CONSOLIDATED_AVAILABLE,,,ONLY_CONSOLIDATED_AVAILABLE,CODAL separate audited financial statements + auditor report
بموتو|1399,بموتو,1399,fiscal_year_end,ONLY_CONSOLIDATED_AVAILABLE,,,ONLY_CONSOLIDATED_AVAILABLE,CODAL separate audited financial statements + auditor report
بموتو|1399,بموتو,1399,auditor_opinion_type,ONLY_CONSOLIDATED_AVAILABLE,,,ONLY_CONSOLIDATED_AVAILABLE,CODAL separate audited financial statements + auditor report
بموتو|1399,بموتو,1399,auditor_report_date,ONLY_CONSOLIDATED_AVAILABLE,,,ONLY_CONSOLIDATED_AVAILABLE,CODAL separate audited financial statements + auditor report
بموتو|1400,بموتو,1400,fiscal_year_end,ONLY_CONSOLIDATED_AVAILABLE,,,ONLY_CONSOLIDATED_AVAILABLE,CODAL separate audited financial statements + auditor report
بموتو|1400,بموتو,1400,auditor_opinion_type,ONLY_CONSOLIDATED_AVAILABLE,,,ONLY_CONSOLIDATED_AVAILABLE,CODAL separate audited financial statements + auditor report
بموتو|1400,بموتو,1400,auditor_report_date,ONLY_CONSOLIDATED_AVAILABLE,,,ONLY_CONSOLIDATED_AVAILABLE,CODAL separate audited financial statements + auditor report
بموتو|1401,بموتو,1401,fiscal_year_end,ONLY_CONSOLIDATED_AVAILABLE,,,ONLY_CONSOLIDATED_AVAILABLE,CODAL separate audited financial statements + auditor report
بموتو|1401,بموتو,1401,auditor_opinion_type,ONLY_CONSOLIDATED_AVAILABLE,,,ONLY_CONSOLIDATED_AVAILABLE,CODAL separate audited financial statements + auditor report
بموتو|1401,بموتو,1401,auditor_report_date,ONLY_CONSOLIDATED_AVAILABLE,,,ONLY_CONSOLIDATED_AVAILABLE,CODAL separate audited financial statements + auditor report
بموتو|1402,بموتو,1402,fiscal_year_end,ONLY_CONSOLIDATED_AVAILABLE,,,ONLY_CONSOLIDATED_AVAILABLE,CODAL separate audited financial statements + auditor report
بموتو|1402,بموتو,1402,auditor_opinion_type,ONLY_CONSOLIDATED_AVAILABLE,,,ONLY_CONSOLIDATED_AVAILABLE,CODAL separate audited financial statements + auditor report
بموتو|1402,بموتو,1402,auditor_report_date,ONLY_CONSOLIDATED_AVAILABLE,,,ONLY_CONSOLIDATED_AVAILABLE,CODAL separate audited financial statements + auditor report
بوعلی|1397,بوعلی,1397,auditor_opinion_type,MATCHED_SEPARATE_CORRECTION_SELECTED,HTML_MISLABELED_XLSX,بوعلي.zip!بوعلي_۱۳۹۷_۱۲_۲۹_separate_ن-۱۰_صورت‌های مالی سال مالی منتهی به ۱۳۹۷_۱۲_۲۹ (حسابرسی شده)(اصلاحیه).xlsx,AUDITOR_REPORT_ABSENT_FROM_PAYLOAD,CODAL auditor report (گزارش حسابرس مستقل) for this ticker|fiscal_year
بوعلی|1397,بوعلی,1397,auditor_report_date,MATCHED_SEPARATE_CORRECTION_SELECTED,HTML_MISLABELED_XLSX,بوعلي.zip!بوعلي_۱۳۹۷_۱۲_۲۹_separate_ن-۱۰_صورت‌های مالی سال مالی منتهی به ۱۳۹۷_۱۲_۲۹ (حسابرسی شده)(اصلاحیه).xlsx,AUDITOR_REPORT_ABSENT_FROM_PAYLOAD,CODAL auditor report (گزارش حسابرس مستقل) for this ticker|fiscal_year
بوعلی|1398,بوعلی,1398,auditor_opinion_type,MATCHED_SEPARATE_VALID,HTML_MISLABELED_XLSX,بوعلي.zip!بوعلي_۱۳۹۸_۱۲_۲۹_separate_ن-۱۰_صورت‌های مالی سال مالی منتهی به ۱۳۹۸_۱۲_۲۹ (حسابرسی شده).xlsx,AUDITOR_REPORT_ABSENT_FROM_PAYLOAD,CODAL auditor report (گزارش حسابرس مستقل) for this ticker|fiscal_year
بوعلی|1398,بوعلی,1398,auditor_report_date,MATCHED_SEPARATE_VALID,HTML_MISLABELED_XLSX,بوعلي.zip!بوعلي_۱۳۹۸_۱۲_۲۹_separate_ن-۱۰_صورت‌های مالی سال مالی منتهی به ۱۳۹۸_۱۲_۲۹ (حسابرسی شده).xlsx,AUDITOR_REPORT_ABSENT_FROM_PAYLOAD,CODAL auditor report (گزارش حسابرس مستقل) for this ticker|fiscal_year
بوعلی|1399,بوعلی,1399,auditor_opinion_type,MATCHED_SEPARATE_VALID,HTML_MISLABELED_XLSX,بوعلي.zip!بوعلي_۱۳۹۹_۱۲_۳۰_separate_ن-۱۰_صورت‌های مالی سال مالی منتهی به ۱۳۹۹_۱۲_۳۰ (حسابرسی شده).xlsx,AUDITOR_REPORT_ABSENT_FROM_PAYLOAD,CODAL auditor report (گزارش حسابرس مستقل) for this ticker|fiscal_year
بوعلی|1399,بوعلی,1399,auditor_report_date,MATCHED_SEPARATE_VALID,HTML_MISLABELED_XLSX,بوعلي.zip!بوعلي_۱۳۹۹_۱۲_۳۰_separate_ن-۱۰_صورت‌های مالی سال مالی منتهی به ۱۳۹۹_۱۲_۳۰ (حسابرسی شده).xlsx,AUDITOR_REPORT_ABSENT_FROM_PAYLOAD,CODAL auditor report (گزارش حسابرس مستقل) for this ticker|fiscal_year
بوعلی|1400,بوعلی,1400,auditor_opinion_type,MATCHED_SEPARATE_VALID,HTML_MISLABELED_XLSX,بوعلي.zip!بوعلي_۱۴۰۰_۱۲_۲۹_separate_ن-۱۰_صورت‌های مالی سال مالی منتهی به ۱۴۰۰_۱۲_۲۹ (حسابرسی شده).xlsx,AUDITOR_REPORT_ABSENT_FROM_PAYLOAD,CODAL auditor report (گزارش حسابرس مستقل) for this ticker|fiscal_year
بوعلی|1400,بوعلی,1400,auditor_report_date,MATCHED_SEPARATE_VALID,HTML_MISLABELED_XLSX,بوعلي.zip!بوعلي_۱۴۰۰_۱۲_۲۹_separate_ن-۱۰_صورت‌های مالی سال مالی منتهی به ۱۴۰۰_۱۲_۲۹ (حسابرسی شده).xlsx,AUDITOR_REPORT_ABSENT_FROM_PAYLOAD,CODAL auditor report (گزارش حسابرس مستقل) for this ticker|fiscal_year
بوعلی|1401,بوعلی,1401,auditor_opinion_type,MATCHED_SEPARATE_VALID,HTML_MISLABELED_XLSX,بوعلي.zip!بوعلي_۱۴۰۱_۱۲_۲۹_separate_ن-۱۰_صورت‌های مالی سال مالی منتهی به ۱۴۰۱_۱۲_۲۹ (حسابرسی شده).xlsx,AUDITOR_REPORT_ABSENT_FROM_PAYLOAD,CODAL auditor report (گزارش حسابرس مستقل) for this ticker|fiscal_year
بوعلی|1401,بوعلی,1401,auditor_report_date,MATCHED_SEPARATE_VALID,HTML_MISLABELED_XLSX,بوعلي.zip!بوعلي_۱۴۰۱_۱۲_۲۹_separate_ن-۱۰_صورت‌های مالی سال مالی منتهی به ۱۴۰۱_۱۲_۲۹ (حسابرسی شده).xlsx,AUDITOR_REPORT_ABSENT_FROM_PAYLOAD,CODAL auditor report (گزارش حسابرس مستقل) for this ticker|fiscal_year
بوعلی|1402,بوعلی,1402,auditor_opinion_type,MATCHED_SEPARATE_VALID,HTML_MISLABELED_XLSX,بوعلي.zip!بوعلي_۱۴۰۲_۱۲_۲۹_separate_ن-۱۰_صورت‌های مالی سال مالی منتهی به ۱۴۰۲_۱۲_۲۹ (حسابرسی شده).xlsx,AUDITOR_REPORT_ABSENT_FROM_PAYLOAD,CODAL auditor report (گزارش حسابرس مستقل) for this ticker|fiscal_year
بوعلی|1402,بوعلی,1402,auditor_report_date,MATCHED_SEPARATE_VALID,HTML_MISLABELED_XLSX,بوعلي.zip!بوعلي_۱۴۰۲_۱۲_۲۹_separate_ن-۱۰_صورت‌های مالی سال مالی منتهی به ۱۴۰۲_۱۲_۲۹ (حسابرسی شده).xlsx,AUDITOR_REPORT_ABSENT_FROM_PAYLOAD,CODAL auditor report (گزارش حسابرس مستقل) for this ticker|fiscal_year
بترانس|1394,بترانس,1394,fiscal_year_end,ONLY_CONSOLIDATED_AVAILABLE,,,ONLY_CONSOLIDATED_AVAILABLE,CODAL separate audited financial statements + auditor report
بترانس|1394,بترانس,1394,auditor_opinion_type,ONLY_CONSOLIDATED_AVAILABLE,,,ONLY_CONSOLIDATED_AVAILABLE,CODAL separate audited financial statements + auditor report
بترانس|1394,بترانس,1394,auditor_report_date,ONLY_CONSOLIDATED_AVAILABLE,,,ONLY_CONSOLIDATED_AVAILABLE,CODAL separate audited financial statements + auditor report
بترانس|1395,بترانس,1395,fiscal_year_end,ONLY_CONSOLIDATED_AVAILABLE,,,ONLY_CONSOLIDATED_AVAILABLE,CODAL separate audited financial statements + auditor report
بترانس|1395,بترانس,1395,auditor_opinion_type,ONLY_CONSOLIDATED_AVAILABLE,,,ONLY_CONSOLIDATED_AVAILABLE,CODAL separate audited financial statements + auditor report
بترانس|1395,بترانس,1395,auditor_report_date,ONLY_CONSOLIDATED_AVAILABLE,,,ONLY_CONSOLIDATED_AVAILABLE,CODAL separate audited financial statements + auditor report
بترانس|1396,بترانس,1396,fiscal_year_end,ONLY_CONSOLIDATED_AVAILABLE,,,ONLY_CONSOLIDATED_AVAILABLE,CODAL separate audited financial statements + auditor report
بترانس|1396,بترانس,1396,auditor_opinion_type,ONLY_CONSOLIDATED_AVAILABLE,,,ONLY_CONSOLIDATED_AVAILABLE,CODAL separate audited financial statements + auditor report
بترانس|1396,بترانس,1396,auditor_report_date,ONLY_CONSOLIDATED_AVAILABLE,,,ONLY_CONSOLIDATED_AVAILABLE,CODAL separate audited financial statements + auditor report
بترانس|1397,بترانس,1397,fiscal_year_end,ONLY_CONSOLIDATED_AVAILABLE,,,ONLY_CONSOLIDATED_AVAILABLE,CODAL separate audited financial statements + auditor report
بترانس|1397,بترانس,1397,auditor_opinion_type,ONLY_CONSOLIDATED_AVAILABLE,,,ONLY_CONSOLIDATED_AVAILABLE,CODAL separate audited financial statements + auditor report
بترانس|1397,بترانس,1397,auditor_report_date,ONLY_CONSOLIDATED_AVAILABLE,,,ONLY_CONSOLIDATED_AVAILABLE,CODAL separate audited financial statements + auditor report
بترانس|1398,بترانس,1398,fiscal_year_end,ONLY_CONSOLIDATED_AVAILABLE,,,ONLY_CONSOLIDATED_AVAILABLE,CODAL separate audited financial statements + auditor report
بترانس|1398,بترانس,1398,auditor_opinion_type,ONLY_CONSOLIDATED_AVAILABLE,,,ONLY_CONSOLIDATED_AVAILABLE,CODAL separate audited financial statements + auditor report
بترانس|1398,بترانس,1398,auditor_report_date,ONLY_CONSOLIDATED_AVAILABLE,,,ONLY_CONSOLIDATED_AVAILABLE,CODAL separate audited financial statements + auditor report
بترانس|1399,بترانس,1399,fiscal_year_end,ONLY_CONSOLIDATED_AVAILABLE,,,ONLY_CONSOLIDATED_AVAILABLE,CODAL separate audited financial statements + auditor report
بترانس|1399,بترانس,1399,auditor_opinion_type,ONLY_CONSOLIDATED_AVAILABLE,,,ONLY_CONSOLIDATED_AVAILABLE,CODAL separate audited financial statements + auditor report
بترانس|1399,بترانس,1399,auditor_report_date,ONLY_CONSOLIDATED_AVAILABLE,,,ONLY_CONSOLIDATED_AVAILABLE,CODAL separate audited financial statements + auditor report
بترانس|1400,بترانس,1400,fiscal_year_end,ONLY_CONSOLIDATED_AVAILABLE,,,ONLY_CONSOLIDATED_AVAILABLE,CODAL separate audited financial statements + auditor report
بترانس|1400,بترانس,1400,auditor_opinion_type,ONLY_CONSOLIDATED_AVAILABLE,,,ONLY_CONSOLIDATED_AVAILABLE,CODAL separate audited financial statements + auditor report
بترانس|1400,بترانس,1400,auditor_report_date,ONLY_CONSOLIDATED_AVAILABLE,,,ONLY_CONSOLIDATED_AVAILABLE,CODAL separate audited financial statements + auditor report
بترانس|1401,بترانس,1401,fiscal_year_end,ONLY_CONSOLIDATED_AVAILABLE,,,ONLY_CONSOLIDATED_AVAILABLE,CODAL separate audited financial statements + auditor report
بترانس|1401,بترانس,1401,auditor_opinion_type,ONLY_CONSOLIDATED_AVAILABLE,,,ONLY_CONSOLIDATED_AVAILABLE,CODAL separate audited financial statements + auditor report
بترانس|1401,بترانس,1401,auditor_report_date,ONLY_CONSOLIDATED_AVAILABLE,,,ONLY_CONSOLIDATED_AVAILABLE,CODAL separate audited financial statements + auditor report
بترانس|1402,بترانس,1402,fiscal_year_end,ONLY_CONSOLIDATED_AVAILABLE,,,ONLY_CONSOLIDATED_AVAILABLE,CODAL separate audited financial statements + auditor report
بترانس|1402,بترانس,1402,auditor_opinion_type,ONLY_CONSOLIDATED_AVAILABLE,,,ONLY_CONSOLIDATED_AVAILABLE,CODAL separate audited financial statements + auditor report
بترانس|1402,بترانس,1402,auditor_report_date,ONLY_CONSOLIDATED_AVAILABLE,,,ONLY_CONSOLIDATED_AVAILABLE,CODAL separate audited financial statements + auditor report
چافست|1396,چافست,1396,fiscal_year_end,ONLY_CONSOLIDATED_AVAILABLE,,,ONLY_CONSOLIDATED_AVAILABLE,CODAL separate audited financial statements + auditor report
چافست|1396,چافست,1396,auditor_opinion_type,ONLY_CONSOLIDATED_AVAILABLE,,,ONLY_CONSOLIDATED_AVAILABLE,CODAL separate audited financial statements + auditor report
چافست|1396,چافست,1396,auditor_report_date,ONLY_CONSOLIDATED_AVAILABLE,,,ONLY_CONSOLIDATED_AVAILABLE,CODAL separate audited financial statements + auditor report
چافست|1397,چافست,1397,fiscal_year_end,ONLY_CONSOLIDATED_AVAILABLE,,,ONLY_CONSOLIDATED_AVAILABLE,CODAL separate audited financial statements + auditor report
چافست|1397,چافست,1397,auditor_opinion_type,ONLY_CONSOLIDATED_AVAILABLE,,,ONLY_CONSOLIDATED_AVAILABLE,CODAL separate audited financial statements + auditor report
چافست|1397,چافست,1397,auditor_report_date,ONLY_CONSOLIDATED_AVAILABLE,,,ONLY_CONSOLIDATED_AVAILABLE,CODAL separate audited financial statements + auditor report
چافست|1398,چافست,1398,fiscal_year_end,ONLY_CONSOLIDATED_AVAILABLE,,,ONLY_CONSOLIDATED_AVAILABLE,CODAL separate audited financial statements + auditor report
چافست|1398,چافست,1398,auditor_opinion_type,ONLY_CONSOLIDATED_AVAILABLE,,,ONLY_CONSOLIDATED_AVAILABLE,CODAL separate audited financial statements + auditor report
چافست|1398,چافست,1398,auditor_report_date,ONLY_CONSOLIDATED_AVAILABLE,,,ONLY_CONSOLIDATED_AVAILABLE,CODAL separate audited financial statements + auditor report
چافست|1399,چافست,1399,fiscal_year_end,ONLY_CONSOLIDATED_AVAILABLE,,,ONLY_CONSOLIDATED_AVAILABLE,CODAL separate audited financial statements + auditor report
چافست|1399,چافست,1399,auditor_opinion_type,ONLY_CONSOLIDATED_AVAILABLE,,,ONLY_CONSOLIDATED_AVAILABLE,CODAL separate audited financial statements + auditor report
چافست|1399,چافست,1399,auditor_report_date,ONLY_CONSOLIDATED_AVAILABLE,,,ONLY_CONSOLIDATED_AVAILABLE,CODAL separate audited financial statements + auditor report
چافست|1400,چافست,1400,fiscal_year_end,ONLY_CONSOLIDATED_AVAILABLE,,,ONLY_CONSOLIDATED_AVAILABLE,CODAL separate audited financial statements + auditor report
چافست|1400,چافست,1400,auditor_opinion_type,ONLY_CONSOLIDATED_AVAILABLE,,,ONLY_CONSOLIDATED_AVAILABLE,CODAL separate audited financial statements + auditor report
چافست|1400,چافست,1400,auditor_report_date,ONLY_CONSOLIDATED_AVAILABLE,,,ONLY_CONSOLIDATED_AVAILABLE,CODAL separate audited financial statements + auditor report
چافست|1401,چافست,1401,fiscal_year_end,ONLY_CONSOLIDATED_AVAILABLE,,,ONLY_CONSOLIDATED_AVAILABLE,CODAL separate audited financial statements + auditor report
چافست|1401,چافست,1401,auditor_opinion_type,ONLY_CONSOLIDATED_AVAILABLE,,,ONLY_CONSOLIDATED_AVAILABLE,CODAL separate audited financial statements + auditor report
چافست|1401,چافست,1401,auditor_report_date,ONLY_CONSOLIDATED_AVAILABLE,,,ONLY_CONSOLIDATED_AVAILABLE,CODAL separate audited financial statements + auditor report
چافست|1402,چافست,1402,fiscal_year_end,ONLY_CONSOLIDATED_AVAILABLE,,,ONLY_CONSOLIDATED_AVAILABLE,CODAL separate audited financial statements + auditor report
چافست|1402,چافست,1402,auditor_opinion_type,ONLY_CONSOLIDATED_AVAILABLE,,,ONLY_CONSOLIDATED_AVAILABLE,CODAL separate audited financial statements + auditor report
چافست|1402,چافست,1402,auditor_report_date,ONLY_CONSOLIDATED_AVAILABLE,,,ONLY_CONSOLIDATED_AVAILABLE,CODAL separate audited financial statements + auditor report
چکارن|1397,چکارن,1397,fiscal_year_end,ONLY_CONSOLIDATED_AVAILABLE,,,ONLY_CONSOLIDATED_AVAILABLE,CODAL separate audited financial statements + auditor report
چکارن|1397,چکارن,1397,auditor_opinion_type,ONLY_CONSOLIDATED_AVAILABLE,,,ONLY_CONSOLIDATED_AVAILABLE,CODAL separate audited financial statements + auditor report
چکارن|1397,چکارن,1397,auditor_report_date,ONLY_CONSOLIDATED_AVAILABLE,,,ONLY_CONSOLIDATED_AVAILABLE,CODAL separate audited financial statements + auditor report
چکارن|1398,چکارن,1398,fiscal_year_end,ONLY_CONSOLIDATED_AVAILABLE,,,ONLY_CONSOLIDATED_AVAILABLE,CODAL separate audited financial statements + auditor report
چکارن|1398,چکارن,1398,auditor_opinion_type,ONLY_CONSOLIDATED_AVAILABLE,,,ONLY_CONSOLIDATED_AVAILABLE,CODAL separate audited financial statements + auditor report
چکارن|1398,چکارن,1398,auditor_report_date,ONLY_CONSOLIDATED_AVAILABLE,,,ONLY_CONSOLIDATED_AVAILABLE,CODAL separate audited financial statements + auditor report
چکارن|1399,چکارن,1399,fiscal_year_end,ONLY_CONSOLIDATED_AVAILABLE,,,ONLY_CONSOLIDATED_AVAILABLE,CODAL separate audited financial statements + auditor report
چکارن|1399,چکارن,1399,auditor_opinion_type,ONLY_CONSOLIDATED_AVAILABLE,,,ONLY_CONSOLIDATED_AVAILABLE,CODAL separate audited financial statements + auditor report
چکارن|1399,چکارن,1399,auditor_report_date,ONLY_CONSOLIDATED_AVAILABLE,,,ONLY_CONSOLIDATED_AVAILABLE,CODAL separate audited financial statements + auditor report
چکارن|1400,چکارن,1400,fiscal_year_end,ONLY_CONSOLIDATED_AVAILABLE,,,ONLY_CONSOLIDATED_AVAILABLE,CODAL separate audited financial statements + auditor report
چکارن|1400,چکارن,1400,auditor_opinion_type,ONLY_CONSOLIDATED_AVAILABLE,,,ONLY_CONSOLIDATED_AVAILABLE,CODAL separate audited financial statements + auditor report
چکارن|1400,چکارن,1400,auditor_report_date,ONLY_CONSOLIDATED_AVAILABLE,,,ONLY_CONSOLIDATED_AVAILABLE,CODAL separate audited financial statements + auditor report
چکارن|1401,چکارن,1401,fiscal_year_end,ONLY_CONSOLIDATED_AVAILABLE,,,ONLY_CONSOLIDATED_AVAILABLE,CODAL separate audited financial statements + auditor report
چکارن|1401,چکارن,1401,auditor_opinion_type,ONLY_CONSOLIDATED_AVAILABLE,,,ONLY_CONSOLIDATED_AVAILABLE,CODAL separate audited financial statements + auditor report
چکارن|1401,چکارن,1401,auditor_report_date,ONLY_CONSOLIDATED_AVAILABLE,,,ONLY_CONSOLIDATED_AVAILABLE,CODAL separate audited financial statements + auditor report
چکارن|1402,چکارن,1402,fiscal_year_end,ONLY_CONSOLIDATED_AVAILABLE,,,ONLY_CONSOLIDATED_AVAILABLE,CODAL separate audited financial statements + auditor report
چکارن|1402,چکارن,1402,auditor_opinion_type,ONLY_CONSOLIDATED_AVAILABLE,,,ONLY_CONSOLIDATED_AVAILABLE,CODAL separate audited financial statements + auditor report
چکارن|1402,چکارن,1402,auditor_report_date,ONLY_CONSOLIDATED_AVAILABLE,,,ONLY_CONSOLIDATED_AVAILABLE,CODAL separate audited financial statements + auditor report
ددام|1397,ددام,1397,auditor_opinion_type,MATCHED_SEPARATE_VALID,HTML_MISLABELED_XLSX,ددام.zip!ددام_۱۳۹۷_۱۲_۲۹_separate_ن-۱۰_صورت‌های مالی سال مالی منتهی به ۱۳۹۷_۱۲_۲۹ (حسابرسی شده).xlsx,AUDITOR_REPORT_ABSENT_FROM_PAYLOAD,CODAL auditor report (گزارش حسابرس مستقل) for this ticker|fiscal_year
ددام|1397,ددام,1397,auditor_report_date,MATCHED_SEPARATE_VALID,HTML_MISLABELED_XLSX,ددام.zip!ددام_۱۳۹۷_۱۲_۲۹_separate_ن-۱۰_صورت‌های مالی سال مالی منتهی به ۱۳۹۷_۱۲_۲۹ (حسابرسی شده).xlsx,AUDITOR_REPORT_ABSENT_FROM_PAYLOAD,CODAL auditor report (گزارش حسابرس مستقل) for this ticker|fiscal_year
ددام|1398,ددام,1398,auditor_opinion_type,MATCHED_SEPARATE_VALID,HTML_MISLABELED_XLSX,ددام.zip!ددام_۱۳۹۸_۱۲_۲۹_separate_ن-۱۰_صورت‌های مالی سال مالی منتهی به ۱۳۹۸_۱۲_۲۹ (حسابرسی شده).xlsx,AUDITOR_REPORT_ABSENT_FROM_PAYLOAD,CODAL auditor report (گزارش حسابرس مستقل) for this ticker|fiscal_year
ددام|1398,ددام,1398,auditor_report_date,MATCHED_SEPARATE_VALID,HTML_MISLABELED_XLSX,ددام.zip!ددام_۱۳۹۸_۱۲_۲۹_separate_ن-۱۰_صورت‌های مالی سال مالی منتهی به ۱۳۹۸_۱۲_۲۹ (حسابرسی شده).xlsx,AUDITOR_REPORT_ABSENT_FROM_PAYLOAD,CODAL auditor report (گزارش حسابرس مستقل) for this ticker|fiscal_year
ددام|1399,ددام,1399,auditor_opinion_type,MATCHED_SEPARATE_VALID,HTML_MISLABELED_XLSX,ددام.zip!ددام_۱۳۹۹_۱۲_۳۰_separate_ن-۱۰_صورت‌های مالی سال مالی منتهی به ۱۳۹۹_۱۲_۳۰ (حسابرسی شده).xlsx,AUDITOR_REPORT_ABSENT_FROM_PAYLOAD,CODAL auditor report (گزارش حسابرس مستقل) for this ticker|fiscal_year
ددام|1399,ددام,1399,auditor_report_date,MATCHED_SEPARATE_VALID,HTML_MISLABELED_XLSX,ددام.zip!ددام_۱۳۹۹_۱۲_۳۰_separate_ن-۱۰_صورت‌های مالی سال مالی منتهی به ۱۳۹۹_۱۲_۳۰ (حسابرسی شده).xlsx,AUDITOR_REPORT_ABSENT_FROM_PAYLOAD,CODAL auditor report (گزارش حسابرس مستقل) for this ticker|fiscal_year
ددام|1400,ددام,1400,auditor_opinion_type,MATCHED_SEPARATE_VALID,HTML_MISLABELED_XLSX,ددام.zip!ددام_۱۴۰۰_۱۲_۲۹_separate_ن-۱۰_صورت‌های مالی سال مالی منتهی به ۱۴۰۰_۱۲_۲۹ (حسابرسی شده).xlsx,AUDITOR_REPORT_ABSENT_FROM_PAYLOAD,CODAL auditor report (گزارش حسابرس مستقل) for this ticker|fiscal_year
ددام|1400,ددام,1400,auditor_report_date,MATCHED_SEPARATE_VALID,HTML_MISLABELED_XLSX,ددام.zip!ددام_۱۴۰۰_۱۲_۲۹_separate_ن-۱۰_صورت‌های مالی سال مالی منتهی به ۱۴۰۰_۱۲_۲۹ (حسابرسی شده).xlsx,AUDITOR_REPORT_ABSENT_FROM_PAYLOAD,CODAL auditor report (گزارش حسابرس مستقل) for this ticker|fiscal_year
ددام|1401,ددام,1401,auditor_opinion_type,MATCHED_SEPARATE_VALID,HTML_MISLABELED_XLSX,ددام.zip!ددام_۱۴۰۱_۱۲_۲۹_separate_ن-۱۰_صورت‌های مالی سال مالی منتهی به ۱۴۰۱_۱۲_۲۹ (حسابرسی شده).xlsx,AUDITOR_REPORT_ABSENT_FROM_PAYLOAD,CODAL auditor report (گزارش حسابرس مستقل) for this ticker|fiscal_year
ددام|1401,ددام,1401,auditor_report_date,MATCHED_SEPARATE_VALID,HTML_MISLABELED_XLSX,ددام.zip!ددام_۱۴۰۱_۱۲_۲۹_separate_ن-۱۰_صورت‌های مالی سال مالی منتهی به ۱۴۰۱_۱۲_۲۹ (حسابرسی شده).xlsx,AUDITOR_REPORT_ABSENT_FROM_PAYLOAD,CODAL auditor report (گزارش حسابرس مستقل) for this ticker|fiscal_year
ددام|1402,ددام,1402,auditor_opinion_type,MATCHED_SEPARATE_VALID,HTML_MISLABELED_XLSX,ددام.zip!ددام_۱۴۰۲_۱۲_۲۹_separate_ن-۱۰_صورت‌های مالی سال مالی منتهی به ۱۴۰۲_۱۲_۲۹ (حسابرسی شده).xlsx,AUDITOR_REPORT_ABSENT_FROM_PAYLOAD,CODAL auditor report (گزارش حسابرس مستقل) for this ticker|fiscal_year
ددام|1402,ددام,1402,auditor_report_date,MATCHED_SEPARATE_VALID,HTML_MISLABELED_XLSX,ددام.zip!ددام_۱۴۰۲_۱۲_۲۹_separate_ن-۱۰_صورت‌های مالی سال مالی منتهی به ۱۴۰۲_۱۲_۲۹ (حسابرسی شده).xlsx,AUDITOR_REPORT_ABSENT_FROM_PAYLOAD,CODAL auditor report (گزارش حسابرس مستقل) for this ticker|fiscal_year
دیران|1397,دیران,1397,auditor_opinion_type,MATCHED_SEPARATE_VALID,HTML_MISLABELED_XLSX,ديران.zip!ديران_۱۳۹۷_۱۲_۲۹_separate_ن-۱۰_صورت‌های مالی سال مالی منتهی به ۱۳۹۷_۱۲_۲۹ (حسابرسی شده).xlsx,AUDITOR_REPORT_ABSENT_FROM_PAYLOAD,CODAL auditor report (گزارش حسابرس مستقل) for this ticker|fiscal_year
دیران|1397,دیران,1397,auditor_report_date,MATCHED_SEPARATE_VALID,HTML_MISLABELED_XLSX,ديران.zip!ديران_۱۳۹۷_۱۲_۲۹_separate_ن-۱۰_صورت‌های مالی سال مالی منتهی به ۱۳۹۷_۱۲_۲۹ (حسابرسی شده).xlsx,AUDITOR_REPORT_ABSENT_FROM_PAYLOAD,CODAL auditor report (گزارش حسابرس مستقل) for this ticker|fiscal_year
دیران|1398,دیران,1398,fiscal_year_end,NO_ARCHIVE_MATCH,,,NO_ARCHIVE_MATCH,CODAL separate audited financial statements + auditor report
دیران|1398,دیران,1398,auditor_opinion_type,NO_ARCHIVE_MATCH,,,NO_ARCHIVE_MATCH,CODAL separate audited financial statements + auditor report
دیران|1398,دیران,1398,auditor_report_date,NO_ARCHIVE_MATCH,,,NO_ARCHIVE_MATCH,CODAL separate audited financial statements + auditor report
دیران|1399,دیران,1399,auditor_opinion_type,MATCHED_SEPARATE_VALID,HTML_MISLABELED_XLSX,ديران.zip!ديران_۱۳۹۹_۰۹_۳۰_separate_ن-۱۰_صورت‌های مالی سال مالی منتهی به ۱۳۹۹_۰۹_۳۰ (حسابرسی شده).xlsx,AUDITOR_REPORT_ABSENT_FROM_PAYLOAD,CODAL auditor report (گزارش حسابرس مستقل) for this ticker|fiscal_year
دیران|1399,دیران,1399,auditor_report_date,MATCHED_SEPARATE_VALID,HTML_MISLABELED_XLSX,ديران.zip!ديران_۱۳۹۹_۰۹_۳۰_separate_ن-۱۰_صورت‌های مالی سال مالی منتهی به ۱۳۹۹_۰۹_۳۰ (حسابرسی شده).xlsx,AUDITOR_REPORT_ABSENT_FROM_PAYLOAD,CODAL auditor report (گزارش حسابرس مستقل) for this ticker|fiscal_year
دیران|1400,دیران,1400,auditor_opinion_type,MATCHED_SEPARATE_VALID,HTML_MISLABELED_XLSX,ديران.zip!ديران_۱۴۰۰_۰۹_۳۰_separate_ن-۱۰_صورت‌های مالی سال مالی منتهی به ۱۴۰۰_۰۹_۳۰ (حسابرسی شده).xlsx,AUDITOR_REPORT_ABSENT_FROM_PAYLOAD,CODAL auditor report (گزارش حسابرس مستقل) for this ticker|fiscal_year
دیران|1400,دیران,1400,auditor_report_date,MATCHED_SEPARATE_VALID,HTML_MISLABELED_XLSX,ديران.zip!ديران_۱۴۰۰_۰۹_۳۰_separate_ن-۱۰_صورت‌های مالی سال مالی منتهی به ۱۴۰۰_۰۹_۳۰ (حسابرسی شده).xlsx,AUDITOR_REPORT_ABSENT_FROM_PAYLOAD,CODAL auditor report (گزارش حسابرس مستقل) for this ticker|fiscal_year
دیران|1401,دیران,1401,auditor_opinion_type,MATCHED_SEPARATE_VALID,HTML_MISLABELED_XLSX,ديران.zip!ديران_۱۴۰۱_۰۹_۳۰_separate_ن-۱۰_صورت‌های مالی سال مالی منتهی به ۱۴۰۱_۰۹_۳۰ (حسابرسی شده).xlsx,AUDITOR_REPORT_ABSENT_FROM_PAYLOAD,CODAL auditor report (گزارش حسابرس مستقل) for this ticker|fiscal_year
دیران|1401,دیران,1401,auditor_report_date,MATCHED_SEPARATE_VALID,HTML_MISLABELED_XLSX,ديران.zip!ديران_۱۴۰۱_۰۹_۳۰_separate_ن-۱۰_صورت‌های مالی سال مالی منتهی به ۱۴۰۱_۰۹_۳۰ (حسابرسی شده).xlsx,AUDITOR_REPORT_ABSENT_FROM_PAYLOAD,CODAL auditor report (گزارش حسابرس مستقل) for this ticker|fiscal_year
دیران|1402,دیران,1402,auditor_opinion_type,MATCHED_SEPARATE_VALID,HTML_MISLABELED_XLSX,ديران.zip!ديران_۱۴۰۲_۰۹_۳۰_separate_ن-۱۰_صورت‌های مالی سال مالی منتهی به ۱۴۰۲_۰۹_۳۰ (حسابرسی شده).xlsx,AUDITOR_REPORT_ABSENT_FROM_PAYLOAD,CODAL auditor report (گزارش حسابرس مستقل) for this ticker|fiscal_year
دیران|1402,دیران,1402,auditor_report_date,MATCHED_SEPARATE_VALID,HTML_MISLABELED_XLSX,ديران.zip!ديران_۱۴۰۲_۰۹_۳۰_separate_ن-۱۰_صورت‌های مالی سال مالی منتهی به ۱۴۰۲_۰۹_۳۰ (حسابرسی شده).xlsx,AUDITOR_REPORT_ABSENT_FROM_PAYLOAD,CODAL auditor report (گزارش حسابرس مستقل) for this ticker|fiscal_year
درازک|1397,درازک,1397,auditor_opinion_type,MATCHED_SEPARATE_VALID,HTML_MISLABELED_XLSX,درازك.zip!درازك_۱۳۹۷_۱۲_۲۹_separate_ن-۱۰_صورت‌های مالی سال مالی منتهی به ۱۳۹۷_۱۲_۲۹ (حسابرسی شده).xlsx,AUDITOR_REPORT_ABSENT_FROM_PAYLOAD,CODAL auditor report (گزارش حسابرس مستقل) for this ticker|fiscal_year
درازک|1397,درازک,1397,auditor_report_date,MATCHED_SEPARATE_VALID,HTML_MISLABELED_XLSX,درازك.zip!درازك_۱۳۹۷_۱۲_۲۹_separate_ن-۱۰_صورت‌های مالی سال مالی منتهی به ۱۳۹۷_۱۲_۲۹ (حسابرسی شده).xlsx,AUDITOR_REPORT_ABSENT_FROM_PAYLOAD,CODAL auditor report (گزارش حسابرس مستقل) for this ticker|fiscal_year
درازک|1398,درازک,1398,auditor_opinion_type,MATCHED_SEPARATE_VALID,HTML_MISLABELED_XLSX,درازك.zip!درازك_۱۳۹۸_۱۲_۲۹_separate_ن-۱۰_صورت‌های مالی سال مالی منتهی به ۱۳۹۸_۱۲_۲۹ (حسابرسی شده).xlsx,AUDITOR_REPORT_ABSENT_FROM_PAYLOAD,CODAL auditor report (گزارش حسابرس مستقل) for this ticker|fiscal_year
درازک|1398,درازک,1398,auditor_report_date,MATCHED_SEPARATE_VALID,HTML_MISLABELED_XLSX,درازك.zip!درازك_۱۳۹۸_۱۲_۲۹_separate_ن-۱۰_صورت‌های مالی سال مالی منتهی به ۱۳۹۸_۱۲_۲۹ (حسابرسی شده).xlsx,AUDITOR_REPORT_ABSENT_FROM_PAYLOAD,CODAL auditor report (گزارش حسابرس مستقل) for this ticker|fiscal_year
درازک|1399,درازک,1399,fiscal_year_end,ONLY_CONSOLIDATED_AVAILABLE,,,ONLY_CONSOLIDATED_AVAILABLE,CODAL separate audited financial statements + auditor report
درازک|1399,درازک,1399,auditor_opinion_type,ONLY_CONSOLIDATED_AVAILABLE,,,ONLY_CONSOLIDATED_AVAILABLE,CODAL separate audited financial statements + auditor report
درازک|1399,درازک,1399,auditor_report_date,ONLY_CONSOLIDATED_AVAILABLE,,,ONLY_CONSOLIDATED_AVAILABLE,CODAL separate audited financial statements + auditor report
درازک|1400,درازک,1400,fiscal_year_end,ONLY_CONSOLIDATED_AVAILABLE,,,ONLY_CONSOLIDATED_AVAILABLE,CODAL separate audited financial statements + auditor report
درازک|1400,درازک,1400,auditor_opinion_type,ONLY_CONSOLIDATED_AVAILABLE,,,ONLY_CONSOLIDATED_AVAILABLE,CODAL separate audited financial statements + auditor report
درازک|1400,درازک,1400,auditor_report_date,ONLY_CONSOLIDATED_AVAILABLE,,,ONLY_CONSOLIDATED_AVAILABLE,CODAL separate audited financial statements + auditor report
درازک|1401,درازک,1401,fiscal_year_end,ONLY_CONSOLIDATED_AVAILABLE,,,ONLY_CONSOLIDATED_AVAILABLE,CODAL separate audited financial statements + auditor report
درازک|1401,درازک,1401,auditor_opinion_type,ONLY_CONSOLIDATED_AVAILABLE,,,ONLY_CONSOLIDATED_AVAILABLE,CODAL separate audited financial statements + auditor report
درازک|1401,درازک,1401,auditor_report_date,ONLY_CONSOLIDATED_AVAILABLE,,,ONLY_CONSOLIDATED_AVAILABLE,CODAL separate audited financial statements + auditor report
درازک|1402,درازک,1402,fiscal_year_end,ONLY_CONSOLIDATED_AVAILABLE,,,ONLY_CONSOLIDATED_AVAILABLE,CODAL separate audited financial statements + auditor report
درازک|1402,درازک,1402,auditor_opinion_type,ONLY_CONSOLIDATED_AVAILABLE,,,ONLY_CONSOLIDATED_AVAILABLE,CODAL separate audited financial statements + auditor report
درازک|1402,درازک,1402,auditor_report_date,ONLY_CONSOLIDATED_AVAILABLE,,,ONLY_CONSOLIDATED_AVAILABLE,CODAL separate audited financial statements + auditor report
دروز|1397,دروز,1397,auditor_opinion_type,MATCHED_SEPARATE_VALID,HTML_MISLABELED_XLSX,دروز.zip!دروز_۱۳۹۷_۱۲_۲۹_separate_ن-۱۰_صورت‌های مالی سال مالی منتهی به ۱۳۹۷_۱۲_۲۹ (حسابرسی شده).xlsx,AUDITOR_REPORT_ABSENT_FROM_PAYLOAD,CODAL auditor report (گزارش حسابرس مستقل) for this ticker|fiscal_year
دروز|1397,دروز,1397,auditor_report_date,MATCHED_SEPARATE_VALID,HTML_MISLABELED_XLSX,دروز.zip!دروز_۱۳۹۷_۱۲_۲۹_separate_ن-۱۰_صورت‌های مالی سال مالی منتهی به ۱۳۹۷_۱۲_۲۹ (حسابرسی شده).xlsx,AUDITOR_REPORT_ABSENT_FROM_PAYLOAD,CODAL auditor report (گزارش حسابرس مستقل) for this ticker|fiscal_year
دروز|1398,دروز,1398,auditor_opinion_type,MATCHED_SEPARATE_VALID,HTML_MISLABELED_XLSX,دروز.zip!دروز_۱۳۹۸_۱۲_۲۹_separate_ن-۱۰_صورت‌های مالی سال مالی منتهی به ۱۳۹۸_۱۲_۲۹ (حسابرسی شده).xlsx,AUDITOR_REPORT_ABSENT_FROM_PAYLOAD,CODAL auditor report (گزارش حسابرس مستقل) for this ticker|fiscal_year
دروز|1398,دروز,1398,auditor_report_date,MATCHED_SEPARATE_VALID,HTML_MISLABELED_XLSX,دروز.zip!دروز_۱۳۹۸_۱۲_۲۹_separate_ن-۱۰_صورت‌های مالی سال مالی منتهی به ۱۳۹۸_۱۲_۲۹ (حسابرسی شده).xlsx,AUDITOR_REPORT_ABSENT_FROM_PAYLOAD,CODAL auditor report (گزارش حسابرس مستقل) for this ticker|fiscal_year
دروز|1399,دروز,1399,auditor_opinion_type,MATCHED_SEPARATE_VALID,HTML_MISLABELED_XLSX,دروز.zip!دروز_۱۳۹۹_۱۲_۳۰_separate_ن-۱۰_صورت‌های مالی سال مالی منتهی به ۱۳۹۹_۱۲_۳۰ (حسابرسی شده).xlsx,AUDITOR_REPORT_ABSENT_FROM_PAYLOAD,CODAL auditor report (گزارش حسابرس مستقل) for this ticker|fiscal_year
دروز|1399,دروز,1399,auditor_report_date,MATCHED_SEPARATE_VALID,HTML_MISLABELED_XLSX,دروز.zip!دروز_۱۳۹۹_۱۲_۳۰_separate_ن-۱۰_صورت‌های مالی سال مالی منتهی به ۱۳۹۹_۱۲_۳۰ (حسابرسی شده).xlsx,AUDITOR_REPORT_ABSENT_FROM_PAYLOAD,CODAL auditor report (گزارش حسابرس مستقل) for this ticker|fiscal_year
دروز|1400,دروز,1400,auditor_opinion_type,MATCHED_SEPARATE_VALID,HTML_MISLABELED_XLSX,دروز.zip!دروز_۱۴۰۰_۱۲_۲۹_separate_ن-۱۰_صورت‌های مالی سال مالی منتهی به ۱۴۰۰_۱۲_۲۹ (حسابرسی شده).xlsx,AUDITOR_REPORT_ABSENT_FROM_PAYLOAD,CODAL auditor report (گزارش حسابرس مستقل) for this ticker|fiscal_year
دروز|1400,دروز,1400,auditor_report_date,MATCHED_SEPARATE_VALID,HTML_MISLABELED_XLSX,دروز.zip!دروز_۱۴۰۰_۱۲_۲۹_separate_ن-۱۰_صورت‌های مالی سال مالی منتهی به ۱۴۰۰_۱۲_۲۹ (حسابرسی شده).xlsx,AUDITOR_REPORT_ABSENT_FROM_PAYLOAD,CODAL auditor report (گزارش حسابرس مستقل) for this ticker|fiscal_year
دروز|1401,دروز,1401,auditor_opinion_type,MATCHED_SEPARATE_VALID,HTML_MISLABELED_XLSX,دروز.zip!دروز_۱۴۰۱_۱۲_۲۹_separate_ن-۱۰_صورت‌های مالی سال مالی منتهی به ۱۴۰۱_۱۲_۲۹ (حسابرسی شده).xlsx,AUDITOR_REPORT_ABSENT_FROM_PAYLOAD,CODAL auditor report (گزارش حسابرس مستقل) for this ticker|fiscal_year
دروز|1401,دروز,1401,auditor_report_date,MATCHED_SEPARATE_VALID,HTML_MISLABELED_XLSX,دروز.zip!دروز_۱۴۰۱_۱۲_۲۹_separate_ن-۱۰_صورت‌های مالی سال مالی منتهی به ۱۴۰۱_۱۲_۲۹ (حسابرسی شده).xlsx,AUDITOR_REPORT_ABSENT_FROM_PAYLOAD,CODAL auditor report (گزارش حسابرس مستقل) for this ticker|fiscal_year
دروز|1402,دروز,1402,auditor_opinion_type,MATCHED_SEPARATE_VALID,HTML_MISLABELED_XLSX,دروز.zip!دروز_۱۴۰۲_۱۲_۲۹_separate_ن-۱۰_صورت‌های مالی سال مالی منتهی به ۱۴۰۲_۱۲_۲۹ (حسابرسی شده).xlsx,AUDITOR_REPORT_ABSENT_FROM_PAYLOAD,CODAL auditor report (گزارش حسابرس مستقل) for this ticker|fiscal_year
دروز|1402,دروز,1402,auditor_report_date,MATCHED_SEPARATE_VALID,HTML_MISLABELED_XLSX,دروز.zip!دروز_۱۴۰۲_۱۲_۲۹_separate_ن-۱۰_صورت‌های مالی سال مالی منتهی به ۱۴۰۲_۱۲_۲۹ (حسابرسی شده).xlsx,AUDITOR_REPORT_ABSENT_FROM_PAYLOAD,CODAL auditor report (گزارش حسابرس مستقل) for this ticker|fiscal_year
دشیمی|1397,دشیمی,1397,auditor_opinion_type,MATCHED_SEPARATE_VALID,HTML_MISLABELED_XLSX,دشيمي.zip!دشيمي_۱۳۹۷_۱۲_۲۹_separate_ن-۱۰_صورت‌های مالی سال مالی منتهی به ۱۳۹۷_۱۲_۲۹ (حسابرسی شده).xlsx,AUDITOR_REPORT_ABSENT_FROM_PAYLOAD,CODAL auditor report (گزارش حسابرس مستقل) for this ticker|fiscal_year
دشیمی|1397,دشیمی,1397,auditor_report_date,MATCHED_SEPARATE_VALID,HTML_MISLABELED_XLSX,دشيمي.zip!دشيمي_۱۳۹۷_۱۲_۲۹_separate_ن-۱۰_صورت‌های مالی سال مالی منتهی به ۱۳۹۷_۱۲_۲۹ (حسابرسی شده).xlsx,AUDITOR_REPORT_ABSENT_FROM_PAYLOAD,CODAL auditor report (گزارش حسابرس مستقل) for this ticker|fiscal_year
دشیمی|1398,دشیمی,1398,auditor_opinion_type,MATCHED_SEPARATE_VALID,HTML_MISLABELED_XLSX,دشيمي.zip!دشيمي_۱۳۹۸_۱۲_۲۹_separate_ن-۱۰_صورت‌های مالی سال مالی منتهی به ۱۳۹۸_۱۲_۲۹ (حسابرسی شده).xlsx,AUDITOR_REPORT_ABSENT_FROM_PAYLOAD,CODAL auditor report (گزارش حسابرس مستقل) for this ticker|fiscal_year
دشیمی|1398,دشیمی,1398,auditor_report_date,MATCHED_SEPARATE_VALID,HTML_MISLABELED_XLSX,دشيمي.zip!دشيمي_۱۳۹۸_۱۲_۲۹_separate_ن-۱۰_صورت‌های مالی سال مالی منتهی به ۱۳۹۸_۱۲_۲۹ (حسابرسی شده).xlsx,AUDITOR_REPORT_ABSENT_FROM_PAYLOAD,CODAL auditor report (گزارش حسابرس مستقل) for this ticker|fiscal_year
دشیمی|1399,دشیمی,1399,auditor_opinion_type,MATCHED_SEPARATE_VALID,HTML_MISLABELED_XLSX,دشيمي.zip!دشيمي_۱۳۹۹_۱۲_۳۰_separate_ن-۱۰_صورت‌های مالی سال مالی منتهی به ۱۳۹۹_۱۲_۳۰ (حسابرسی شده).xlsx,AUDITOR_REPORT_ABSENT_FROM_PAYLOAD,CODAL auditor report (گزارش حسابرس مستقل) for this ticker|fiscal_year
دشیمی|1399,دشیمی,1399,auditor_report_date,MATCHED_SEPARATE_VALID,HTML_MISLABELED_XLSX,دشيمي.zip!دشيمي_۱۳۹۹_۱۲_۳۰_separate_ن-۱۰_صورت‌های مالی سال مالی منتهی به ۱۳۹۹_۱۲_۳۰ (حسابرسی شده).xlsx,AUDITOR_REPORT_ABSENT_FROM_PAYLOAD,CODAL auditor report (گزارش حسابرس مستقل) for this ticker|fiscal_year
دشیمی|1400,دشیمی,1400,auditor_opinion_type,MATCHED_SEPARATE_VALID,HTML_MISLABELED_XLSX,دشيمي.zip!دشيمي_۱۴۰۰_۱۲_۲۹_separate_ن-۱۰_صورت‌های مالی سال مالی منتهی به ۱۴۰۰_۱۲_۲۹ (حسابرسی شده).xlsx,AUDITOR_REPORT_ABSENT_FROM_PAYLOAD,CODAL auditor report (گزارش حسابرس مستقل) for this ticker|fiscal_year
دشیمی|1400,دشیمی,1400,auditor_report_date,MATCHED_SEPARATE_VALID,HTML_MISLABELED_XLSX,دشيمي.zip!دشيمي_۱۴۰۰_۱۲_۲۹_separate_ن-۱۰_صورت‌های مالی سال مالی منتهی به ۱۴۰۰_۱۲_۲۹ (حسابرسی شده).xlsx,AUDITOR_REPORT_ABSENT_FROM_PAYLOAD,CODAL auditor report (گزارش حسابرس مستقل) for this ticker|fiscal_year
دشیمی|1401,دشیمی,1401,auditor_opinion_type,MATCHED_SEPARATE_VALID,HTML_MISLABELED_XLSX,دشيمي.zip!دشيمي_۱۴۰۱_۱۲_۲۹_separate_ن-۱۰_صورت‌های مالی سال مالی منتهی به ۱۴۰۱_۱۲_۲۹ (حسابرسی شده).xlsx,AUDITOR_REPORT_ABSENT_FROM_PAYLOAD,CODAL auditor report (گزارش حسابرس مستقل) for this ticker|fiscal_year
دشیمی|1401,دشیمی,1401,auditor_report_date,MATCHED_SEPARATE_VALID,HTML_MISLABELED_XLSX,دشيمي.zip!دشيمي_۱۴۰۱_۱۲_۲۹_separate_ن-۱۰_صورت‌های مالی سال مالی منتهی به ۱۴۰۱_۱۲_۲۹ (حسابرسی شده).xlsx,AUDITOR_REPORT_ABSENT_FROM_PAYLOAD,CODAL auditor report (گزارش حسابرس مستقل) for this ticker|fiscal_year
دشیمی|1402,دشیمی,1402,auditor_opinion_type,MATCHED_SEPARATE_VALID,HTML_MISLABELED_XLSX,دشيمي.zip!دشيمي_۱۴۰۲_۱۲_۲۹_separate_ن-۱۰_صورت‌های مالی سال مالی منتهی به ۱۴۰۲_۱۲_۲۹ (حسابرسی شده).xlsx,AUDITOR_REPORT_ABSENT_FROM_PAYLOAD,CODAL auditor report (گزارش حسابرس مستقل) for this ticker|fiscal_year
دشیمی|1402,دشیمی,1402,auditor_report_date,MATCHED_SEPARATE_VALID,HTML_MISLABELED_XLSX,دشيمي.zip!دشيمي_۱۴۰۲_۱۲_۲۹_separate_ن-۱۰_صورت‌های مالی سال مالی منتهی به ۱۴۰۲_۱۲_۲۹ (حسابرسی شده).xlsx,AUDITOR_REPORT_ABSENT_FROM_PAYLOAD,CODAL auditor report (گزارش حسابرس مستقل) for this ticker|fiscal_year
دسینا|1397,دسینا,1397,auditor_opinion_type,MATCHED_SEPARATE_VALID,HTML_MISLABELED_XLSX,دسينا.zip!دسينا_۱۳۹۷_۱۲_۲۹_separate_ن-۱۰_صورت‌های مالی سال مالی منتهی به ۱۳۹۷_۱۲_۲۹ (حسابرسی شده).xlsx,AUDITOR_REPORT_ABSENT_FROM_PAYLOAD,CODAL auditor report (گزارش حسابرس مستقل) for this ticker|fiscal_year
دسینا|1397,دسینا,1397,auditor_report_date,MATCHED_SEPARATE_VALID,HTML_MISLABELED_XLSX,دسينا.zip!دسينا_۱۳۹۷_۱۲_۲۹_separate_ن-۱۰_صورت‌های مالی سال مالی منتهی به ۱۳۹۷_۱۲_۲۹ (حسابرسی شده).xlsx,AUDITOR_REPORT_ABSENT_FROM_PAYLOAD,CODAL auditor report (گزارش حسابرس مستقل) for this ticker|fiscal_year
دسینا|1398,دسینا,1398,fiscal_year_end,ONLY_CONSOLIDATED_AVAILABLE,,,ONLY_CONSOLIDATED_AVAILABLE,CODAL separate audited financial statements + auditor report
دسینا|1398,دسینا,1398,auditor_opinion_type,ONLY_CONSOLIDATED_AVAILABLE,,,ONLY_CONSOLIDATED_AVAILABLE,CODAL separate audited financial statements + auditor report
دسینا|1398,دسینا,1398,auditor_report_date,ONLY_CONSOLIDATED_AVAILABLE,,,ONLY_CONSOLIDATED_AVAILABLE,CODAL separate audited financial statements + auditor report
دسینا|1399,دسینا,1399,auditor_opinion_type,MATCHED_SEPARATE_VALID,HTML_MISLABELED_XLSX,دسينا.zip!دسينا_۱۳۹۹_۱۲_۳۰_separate_ن-۱۰_صورت‌های مالی سال مالی منتهی به ۱۳۹۹_۱۲_۳۰ (حسابرسی شده).xlsx,AUDITOR_REPORT_ABSENT_FROM_PAYLOAD,CODAL auditor report (گزارش حسابرس مستقل) for this ticker|fiscal_year
دسینا|1399,دسینا,1399,auditor_report_date,MATCHED_SEPARATE_VALID,HTML_MISLABELED_XLSX,دسينا.zip!دسينا_۱۳۹۹_۱۲_۳۰_separate_ن-۱۰_صورت‌های مالی سال مالی منتهی به ۱۳۹۹_۱۲_۳۰ (حسابرسی شده).xlsx,AUDITOR_REPORT_ABSENT_FROM_PAYLOAD,CODAL auditor report (گزارش حسابرس مستقل) for this ticker|fiscal_year
دسینا|1400,دسینا,1400,fiscal_year_end,ONLY_CONSOLIDATED_AVAILABLE,,,ONLY_CONSOLIDATED_AVAILABLE,CODAL separate audited financial statements + auditor report
دسینا|1400,دسینا,1400,auditor_opinion_type,ONLY_CONSOLIDATED_AVAILABLE,,,ONLY_CONSOLIDATED_AVAILABLE,CODAL separate audited financial statements + auditor report
دسینا|1400,دسینا,1400,auditor_report_date,ONLY_CONSOLIDATED_AVAILABLE,,,ONLY_CONSOLIDATED_AVAILABLE,CODAL separate audited financial statements + auditor report
دسینا|1401,دسینا,1401,fiscal_year_end,ONLY_CONSOLIDATED_AVAILABLE,,,ONLY_CONSOLIDATED_AVAILABLE,CODAL separate audited financial statements + auditor report
دسینا|1401,دسینا,1401,auditor_opinion_type,ONLY_CONSOLIDATED_AVAILABLE,,,ONLY_CONSOLIDATED_AVAILABLE,CODAL separate audited financial statements + auditor report
دسینا|1401,دسینا,1401,auditor_report_date,ONLY_CONSOLIDATED_AVAILABLE,,,ONLY_CONSOLIDATED_AVAILABLE,CODAL separate audited financial statements + auditor report
دسینا|1402,دسینا,1402,fiscal_year_end,ONLY_CONSOLIDATED_AVAILABLE,,,ONLY_CONSOLIDATED_AVAILABLE,CODAL separate audited financial statements + auditor report
دسینا|1402,دسینا,1402,auditor_opinion_type,ONLY_CONSOLIDATED_AVAILABLE,,,ONLY_CONSOLIDATED_AVAILABLE,CODAL separate audited financial statements + auditor report
دسینا|1402,دسینا,1402,auditor_report_date,ONLY_CONSOLIDATED_AVAILABLE,,,ONLY_CONSOLIDATED_AVAILABLE,CODAL separate audited financial statements + auditor report
دسبحا|1398,دسبحا,1398,auditor_opinion_type,MATCHED_SEPARATE_VALID,HTML_MISLABELED_XLSX,دسبحا.zip!دسبحا_۱۳۹۸_۱۲_۲۹_separate_ن-۱۰_صورت‌های مالی سال مالی منتهی به ۱۳۹۸_۱۲_۲۹ (حسابرسی شده).xlsx,AUDITOR_REPORT_ABSENT_FROM_PAYLOAD,CODAL auditor report (گزارش حسابرس مستقل) for this ticker|fiscal_year
دسبحا|1398,دسبحا,1398,auditor_report_date,MATCHED_SEPARATE_VALID,HTML_MISLABELED_XLSX,دسبحا.zip!دسبحا_۱۳۹۸_۱۲_۲۹_separate_ن-۱۰_صورت‌های مالی سال مالی منتهی به ۱۳۹۸_۱۲_۲۹ (حسابرسی شده).xlsx,AUDITOR_REPORT_ABSENT_FROM_PAYLOAD,CODAL auditor report (گزارش حسابرس مستقل) for this ticker|fiscal_year
دسبحا|1399,دسبحا,1399,auditor_opinion_type,MATCHED_SEPARATE_VALID,HTML_MISLABELED_XLSX,دسبحا.zip!دسبحا_۱۳۹۹_۱۲_۳۰_separate_ن-۱۰_صورت‌های مالی سال مالی منتهی به ۱۳۹۹_۱۲_۳۰ (حسابرسی شده).xlsx,AUDITOR_REPORT_ABSENT_FROM_PAYLOAD,CODAL auditor report (گزارش حسابرس مستقل) for this ticker|fiscal_year
دسبحا|1399,دسبحا,1399,auditor_report_date,MATCHED_SEPARATE_VALID,HTML_MISLABELED_XLSX,دسبحا.zip!دسبحا_۱۳۹۹_۱۲_۳۰_separate_ن-۱۰_صورت‌های مالی سال مالی منتهی به ۱۳۹۹_۱۲_۳۰ (حسابرسی شده).xlsx,AUDITOR_REPORT_ABSENT_FROM_PAYLOAD,CODAL auditor report (گزارش حسابرس مستقل) for this ticker|fiscal_year
دسبحا|1400,دسبحا,1400,fiscal_year_end,MATCHED_SEPARATE_VALID,HTML_MISLABELED_XLSX,دسبحا.zip!دسبحا_۱۴۰۰_۱۲_۲۹_separate_ن-۱۰_صورت‌های مالی سال مالی منتهی به ۱۴۰۰_۱۲_۲۹ (حسابرسی شده).xlsx,NOT_PRESENT_IN_SOURCE,CODAL auditor report (گزارش حسابرس مستقل) for this ticker|fiscal_year
دسبحا|1400,دسبحا,1400,auditor_opinion_type,MATCHED_SEPARATE_VALID,HTML_MISLABELED_XLSX,دسبحا.zip!دسبحا_۱۴۰۰_۱۲_۲۹_separate_ن-۱۰_صورت‌های مالی سال مالی منتهی به ۱۴۰۰_۱۲_۲۹ (حسابرسی شده).xlsx,AUDITOR_REPORT_ABSENT_FROM_PAYLOAD,CODAL auditor report (گزارش حسابرس مستقل) for this ticker|fiscal_year
دسبحا|1400,دسبحا,1400,auditor_report_date,MATCHED_SEPARATE_VALID,HTML_MISLABELED_XLSX,دسبحا.zip!دسبحا_۱۴۰۰_۱۲_۲۹_separate_ن-۱۰_صورت‌های مالی سال مالی منتهی به ۱۴۰۰_۱۲_۲۹ (حسابرسی شده).xlsx,AUDITOR_REPORT_ABSENT_FROM_PAYLOAD,CODAL auditor report (گزارش حسابرس مستقل) for this ticker|fiscal_year
دسبحا|1401,دسبحا,1401,auditor_opinion_type,MATCHED_SEPARATE_VALID,HTML_MISLABELED_XLSX,دسبحا.zip!دسبحا_۱۴۰۱_۱۲_۲۹_separate_ن-۱۰_صورت‌های مالی سال مالی منتهی به ۱۴۰۱_۱۲_۲۹ (حسابرسی شده).xlsx,AUDITOR_REPORT_ABSENT_FROM_PAYLOAD,CODAL auditor report (گزارش حسابرس مستقل) for this ticker|fiscal_year
دسبحا|1401,دسبحا,1401,auditor_report_date,MATCHED_SEPARATE_VALID,HTML_MISLABELED_XLSX,دسبحا.zip!دسبحا_۱۴۰۱_۱۲_۲۹_separate_ن-۱۰_صورت‌های مالی سال مالی منتهی به ۱۴۰۱_۱۲_۲۹ (حسابرسی شده).xlsx,AUDITOR_REPORT_ABSENT_FROM_PAYLOAD,CODAL auditor report (گزارش حسابرس مستقل) for this ticker|fiscal_year
دسبحا|1402,دسبحا,1402,auditor_opinion_type,MATCHED_SEPARATE_VALID,HTML_MISLABELED_XLSX,دسبحا.zip!دسبحا_۱۴۰۲_۱۲_۲۹_separate_ن-۱۰_صورت‌های مالی سال مالی منتهی به ۱۴۰۲_۱۲_۲۹ (حسابرسی شده).xlsx,AUDITOR_REPORT_ABSENT_FROM_PAYLOAD,CODAL auditor report (گزارش حسابرس مستقل) for this ticker|fiscal_year
دسبحا|1402,دسبحا,1402,auditor_report_date,MATCHED_SEPARATE_VALID,HTML_MISLABELED_XLSX,دسبحا.zip!دسبحا_۱۴۰۲_۱۲_۲۹_separate_ن-۱۰_صورت‌های مالی سال مالی منتهی به ۱۴۰۲_۱۲_۲۹ (حسابرسی شده).xlsx,AUDITOR_REPORT_ABSENT_FROM_PAYLOAD,CODAL auditor report (گزارش حسابرس مستقل) for this ticker|fiscal_year
فایرا|1397,فایرا,1397,auditor_opinion_type,MATCHED_SEPARATE_VALID,HTML_MISLABELED_XLSX,فايرا.zip!فايرا_۱۳۹۷_۱۲_۲۹_separate_ن-۱۰_صورت‌های مالی سال مالی منتهی به ۱۳۹۷_۱۲_۲۹ (حسابرسی شده).xlsx,AUDITOR_REPORT_ABSENT_FROM_PAYLOAD,CODAL auditor report (گزارش حسابرس مستقل) for this ticker|fiscal_year
فایرا|1397,فایرا,1397,auditor_report_date,MATCHED_SEPARATE_VALID,HTML_MISLABELED_XLSX,فايرا.zip!فايرا_۱۳۹۷_۱۲_۲۹_separate_ن-۱۰_صورت‌های مالی سال مالی منتهی به ۱۳۹۷_۱۲_۲۹ (حسابرسی شده).xlsx,AUDITOR_REPORT_ABSENT_FROM_PAYLOAD,CODAL auditor report (گزارش حسابرس مستقل) for this ticker|fiscal_year
فایرا|1398,فایرا,1398,auditor_opinion_type,MATCHED_SEPARATE_VALID,HTML_MISLABELED_XLSX,فايرا.zip!فايرا_۱۳۹۸_۱۲_۲۹_separate_ن-۱۰_صورت‌های مالی سال مالی منتهی به ۱۳۹۸_۱۲_۲۹ (حسابرسی شده).xlsx,AUDITOR_REPORT_ABSENT_FROM_PAYLOAD,CODAL auditor report (گزارش حسابرس مستقل) for this ticker|fiscal_year
فایرا|1398,فایرا,1398,auditor_report_date,MATCHED_SEPARATE_VALID,HTML_MISLABELED_XLSX,فايرا.zip!فايرا_۱۳۹۸_۱۲_۲۹_separate_ن-۱۰_صورت‌های مالی سال مالی منتهی به ۱۳۹۸_۱۲_۲۹ (حسابرسی شده).xlsx,AUDITOR_REPORT_ABSENT_FROM_PAYLOAD,CODAL auditor report (گزارش حسابرس مستقل) for this ticker|fiscal_year
فایرا|1399,فایرا,1399,fiscal_year_end,ONLY_CONSOLIDATED_AVAILABLE,,,ONLY_CONSOLIDATED_AVAILABLE,CODAL separate audited financial statements + auditor report
فایرا|1399,فایرا,1399,auditor_opinion_type,ONLY_CONSOLIDATED_AVAILABLE,,,ONLY_CONSOLIDATED_AVAILABLE,CODAL separate audited financial statements + auditor report
فایرا|1399,فایرا,1399,auditor_report_date,ONLY_CONSOLIDATED_AVAILABLE,,,ONLY_CONSOLIDATED_AVAILABLE,CODAL separate audited financial statements + auditor report
فایرا|1400,فایرا,1400,fiscal_year_end,ONLY_CONSOLIDATED_AVAILABLE,,,ONLY_CONSOLIDATED_AVAILABLE,CODAL separate audited financial statements + auditor report
فایرا|1400,فایرا,1400,auditor_opinion_type,ONLY_CONSOLIDATED_AVAILABLE,,,ONLY_CONSOLIDATED_AVAILABLE,CODAL separate audited financial statements + auditor report
فایرا|1400,فایرا,1400,auditor_report_date,ONLY_CONSOLIDATED_AVAILABLE,,,ONLY_CONSOLIDATED_AVAILABLE,CODAL separate audited financial statements + auditor report
فایرا|1401,فایرا,1401,fiscal_year_end,ONLY_CONSOLIDATED_AVAILABLE,,,ONLY_CONSOLIDATED_AVAILABLE,CODAL separate audited financial statements + auditor report
فایرا|1401,فایرا,1401,auditor_opinion_type,ONLY_CONSOLIDATED_AVAILABLE,,,ONLY_CONSOLIDATED_AVAILABLE,CODAL separate audited financial statements + auditor report
فایرا|1401,فایرا,1401,auditor_report_date,ONLY_CONSOLIDATED_AVAILABLE,,,ONLY_CONSOLIDATED_AVAILABLE,CODAL separate audited financial statements + auditor report
فایرا|1402,فایرا,1402,fiscal_year_end,ONLY_CONSOLIDATED_AVAILABLE,,,ONLY_CONSOLIDATED_AVAILABLE,CODAL separate audited financial statements + auditor report
فایرا|1402,فایرا,1402,auditor_opinion_type,ONLY_CONSOLIDATED_AVAILABLE,,,ONLY_CONSOLIDATED_AVAILABLE,CODAL separate audited financial statements + auditor report
فایرا|1402,فایرا,1402,auditor_report_date,ONLY_CONSOLIDATED_AVAILABLE,,,ONLY_CONSOLIDATED_AVAILABLE,CODAL separate audited financial statements + auditor report
فجر|1397,فجر,1397,auditor_opinion_type,MATCHED_SEPARATE_VALID,HTML_MISLABELED_XLSX,فجر.zip!فجر_۱۳۹۷_۱۲_۲۹_separate_ن-۱۰_صورت‌های مالی سال مالی منتهی به ۱۳۹۷_۱۲_۲۹ (حسابرسی شده).xlsx,AUDITOR_REPORT_ABSENT_FROM_PAYLOAD,CODAL auditor report (گزارش حسابرس مستقل) for this ticker|fiscal_year
فجر|1397,فجر,1397,auditor_report_date,MATCHED_SEPARATE_VALID,HTML_MISLABELED_XLSX,فجر.zip!فجر_۱۳۹۷_۱۲_۲۹_separate_ن-۱۰_صورت‌های مالی سال مالی منتهی به ۱۳۹۷_۱۲_۲۹ (حسابرسی شده).xlsx,AUDITOR_REPORT_ABSENT_FROM_PAYLOAD,CODAL auditor report (گزارش حسابرس مستقل) for this ticker|fiscal_year
فجر|1398,فجر,1398,auditor_opinion_type,MATCHED_SEPARATE_VALID,HTML_MISLABELED_XLSX,فجر.zip!فجر_۱۳۹۸_۱۲_۲۹_separate_ن-۱۰_صورت‌های مالی سال مالی منتهی به ۱۳۹۸_۱۲_۲۹ (حسابرسی شده).xlsx,AUDITOR_REPORT_ABSENT_FROM_PAYLOAD,CODAL auditor report (گزارش حسابرس مستقل) for this ticker|fiscal_year
فجر|1398,فجر,1398,auditor_report_date,MATCHED_SEPARATE_VALID,HTML_MISLABELED_XLSX,فجر.zip!فجر_۱۳۹۸_۱۲_۲۹_separate_ن-۱۰_صورت‌های مالی سال مالی منتهی به ۱۳۹۸_۱۲_۲۹ (حسابرسی شده).xlsx,AUDITOR_REPORT_ABSENT_FROM_PAYLOAD,CODAL auditor report (گزارش حسابرس مستقل) for this ticker|fiscal_year
فجر|1399,فجر,1399,auditor_opinion_type,MATCHED_SEPARATE_VALID,HTML_MISLABELED_XLSX,فجر.zip!فجر_۱۳۹۹_۱۲_۳۰_separate_ن-۱۰_صورت‌های مالی سال مالی منتهی به ۱۳۹۹_۱۲_۳۰ (حسابرسی شده).xlsx,AUDITOR_REPORT_ABSENT_FROM_PAYLOAD,CODAL auditor report (گزارش حسابرس مستقل) for this ticker|fiscal_year
فجر|1399,فجر,1399,auditor_report_date,MATCHED_SEPARATE_VALID,HTML_MISLABELED_XLSX,فجر.zip!فجر_۱۳۹۹_۱۲_۳۰_separate_ن-۱۰_صورت‌های مالی سال مالی منتهی به ۱۳۹۹_۱۲_۳۰ (حسابرسی شده).xlsx,AUDITOR_REPORT_ABSENT_FROM_PAYLOAD,CODAL auditor report (گزارش حسابرس مستقل) for this ticker|fiscal_year
فجر|1400,فجر,1400,auditor_opinion_type,MATCHED_SEPARATE_VALID,HTML_MISLABELED_XLSX,فجر.zip!فجر_۱۴۰۰_۱۲_۲۹_separate_ن-۱۰_صورت‌های مالی سال مالی منتهی به ۱۴۰۰_۱۲_۲۹ (حسابرسی شده).xlsx,AUDITOR_REPORT_ABSENT_FROM_PAYLOAD,CODAL auditor report (گزارش حسابرس مستقل) for this ticker|fiscal_year
فجر|1400,فجر,1400,auditor_report_date,MATCHED_SEPARATE_VALID,HTML_MISLABELED_XLSX,فجر.zip!فجر_۱۴۰۰_۱۲_۲۹_separate_ن-۱۰_صورت‌های مالی سال مالی منتهی به ۱۴۰۰_۱۲_۲۹ (حسابرسی شده).xlsx,AUDITOR_REPORT_ABSENT_FROM_PAYLOAD,CODAL auditor report (گزارش حسابرس مستقل) for this ticker|fiscal_year
فجر|1401,فجر,1401,auditor_opinion_type,MATCHED_SEPARATE_VALID,HTML_MISLABELED_XLSX,فجر.zip!فجر_۱۴۰۱_۱۲_۲۹_separate_ن-۱۰_صورت‌های مالی سال مالی منتهی به ۱۴۰۱_۱۲_۲۹ (حسابرسی شده).xlsx,AUDITOR_REPORT_ABSENT_FROM_PAYLOAD,CODAL auditor report (گزارش حسابرس مستقل) for this ticker|fiscal_year
فجر|1401,فجر,1401,auditor_report_date,MATCHED_SEPARATE_VALID,HTML_MISLABELED_XLSX,فجر.zip!فجر_۱۴۰۱_۱۲_۲۹_separate_ن-۱۰_صورت‌های مالی سال مالی منتهی به ۱۴۰۱_۱۲_۲۹ (حسابرسی شده).xlsx,AUDITOR_REPORT_ABSENT_FROM_PAYLOAD,CODAL auditor report (گزارش حسابرس مستقل) for this ticker|fiscal_year
فجر|1402,فجر,1402,auditor_opinion_type,MATCHED_SEPARATE_VALID,HTML_MISLABELED_XLSX,فجر.zip!فجر_۱۴۰۲_۱۲_۲۹_separate_ن-۱۰_صورت‌های مالی سال مالی منتهی به ۱۴۰۲_۱۲_۲۹ (حسابرسی شده).xlsx,AUDITOR_REPORT_ABSENT_FROM_PAYLOAD,CODAL auditor report (گزارش حسابرس مستقل) for this ticker|fiscal_year
فجر|1402,فجر,1402,auditor_report_date,MATCHED_SEPARATE_VALID,HTML_MISLABELED_XLSX,فجر.zip!فجر_۱۴۰۲_۱۲_۲۹_separate_ن-۱۰_صورت‌های مالی سال مالی منتهی به ۱۴۰۲_۱۲_۲۹ (حسابرسی شده).xlsx,AUDITOR_REPORT_ABSENT_FROM_PAYLOAD,CODAL auditor report (گزارش حسابرس مستقل) for this ticker|fiscal_year
فرآور|1397,فرآور,1397,auditor_opinion_type,MATCHED_SEPARATE_VALID,HTML_MISLABELED_XLSX,فرآور.zip!فرآور_۱۳۹۷_۱۲_۲۹_separate_ن-۱۰_صورت‌های مالی سال مالی منتهی به ۱۳۹۷_۱۲_۲۹ (حسابرسی شده).xlsx,AUDITOR_REPORT_ABSENT_FROM_PAYLOAD,CODAL auditor report (گزارش حسابرس مستقل) for this ticker|fiscal_year
فرآور|1397,فرآور,1397,auditor_report_date,MATCHED_SEPARATE_VALID,HTML_MISLABELED_XLSX,فرآور.zip!فرآور_۱۳۹۷_۱۲_۲۹_separate_ن-۱۰_صورت‌های مالی سال مالی منتهی به ۱۳۹۷_۱۲_۲۹ (حسابرسی شده).xlsx,AUDITOR_REPORT_ABSENT_FROM_PAYLOAD,CODAL auditor report (گزارش حسابرس مستقل) for this ticker|fiscal_year
فرآور|1398,فرآور,1398,auditor_opinion_type,MATCHED_SEPARATE_VALID,HTML_MISLABELED_XLSX,فرآور.zip!فرآور_۱۳۹۸_۱۲_۲۹_separate_ن-۱۰_صورت‌های مالی سال مالی منتهی به ۱۳۹۸_۱۲_۲۹ (حسابرسی شده).xlsx,AUDITOR_REPORT_ABSENT_FROM_PAYLOAD,CODAL auditor report (گزارش حسابرس مستقل) for this ticker|fiscal_year
فرآور|1398,فرآور,1398,auditor_report_date,MATCHED_SEPARATE_VALID,HTML_MISLABELED_XLSX,فرآور.zip!فرآور_۱۳۹۸_۱۲_۲۹_separate_ن-۱۰_صورت‌های مالی سال مالی منتهی به ۱۳۹۸_۱۲_۲۹ (حسابرسی شده).xlsx,AUDITOR_REPORT_ABSENT_FROM_PAYLOAD,CODAL auditor report (گزارش حسابرس مستقل) for this ticker|fiscal_year
فرآور|1399,فرآور,1399,auditor_opinion_type,MATCHED_SEPARATE_VALID,HTML_MISLABELED_XLSX,فرآور.zip!فرآور_۱۳۹۹_۱۲_۳۰_separate_ن-۱۰_صورت‌های مالی سال مالی منتهی به ۱۳۹۹_۱۲_۳۰ (حسابرسی شده).xlsx,AUDITOR_REPORT_ABSENT_FROM_PAYLOAD,CODAL auditor report (گزارش حسابرس مستقل) for this ticker|fiscal_year
فرآور|1399,فرآور,1399,auditor_report_date,MATCHED_SEPARATE_VALID,HTML_MISLABELED_XLSX,فرآور.zip!فرآور_۱۳۹۹_۱۲_۳۰_separate_ن-۱۰_صورت‌های مالی سال مالی منتهی به ۱۳۹۹_۱۲_۳۰ (حسابرسی شده).xlsx,AUDITOR_REPORT_ABSENT_FROM_PAYLOAD,CODAL auditor report (گزارش حسابرس مستقل) for this ticker|fiscal_year
فرآور|1400,فرآور,1400,auditor_opinion_type,MATCHED_SEPARATE_VALID,HTML_MISLABELED_XLSX,فرآور.zip!فرآور_۱۴۰۰_۱۲_۲۹_separate_ن-۱۰_صورت‌های مالی سال مالی منتهی به ۱۴۰۰_۱۲_۲۹ (حسابرسی شده).xlsx,AUDITOR_REPORT_ABSENT_FROM_PAYLOAD,CODAL auditor report (گزارش حسابرس مستقل) for this ticker|fiscal_year
فرآور|1400,فرآور,1400,auditor_report_date,MATCHED_SEPARATE_VALID,HTML_MISLABELED_XLSX,فرآور.zip!فرآور_۱۴۰۰_۱۲_۲۹_separate_ن-۱۰_صورت‌های مالی سال مالی منتهی به ۱۴۰۰_۱۲_۲۹ (حسابرسی شده).xlsx,AUDITOR_REPORT_ABSENT_FROM_PAYLOAD,CODAL auditor report (گزارش حسابرس مستقل) for this ticker|fiscal_year
فرآور|1401,فرآور,1401,auditor_opinion_type,MATCHED_SEPARATE_CORRECTION_SELECTED,HTML_MISLABELED_XLSX,فرآور.zip!فرآور_۱۴۰۱_۱۲_۲۹_separate_ن-۱۰_صورت‌های مالی سال مالی منتهی به ۱۴۰۱_۱۲_۲۹ (حسابرسی شده)(اصلاحیه).xlsx,AUDITOR_REPORT_ABSENT_FROM_PAYLOAD,CODAL auditor report (گزارش حسابرس مستقل) for this ticker|fiscal_year
فرآور|1401,فرآور,1401,auditor_report_date,MATCHED_SEPARATE_CORRECTION_SELECTED,HTML_MISLABELED_XLSX,فرآور.zip!فرآور_۱۴۰۱_۱۲_۲۹_separate_ن-۱۰_صورت‌های مالی سال مالی منتهی به ۱۴۰۱_۱۲_۲۹ (حسابرسی شده)(اصلاحیه).xlsx,AUDITOR_REPORT_ABSENT_FROM_PAYLOAD,CODAL auditor report (گزارش حسابرس مستقل) for this ticker|fiscal_year
فرآور|1402,فرآور,1402,auditor_opinion_type,MATCHED_SEPARATE_VALID,HTML_MISLABELED_XLSX,فرآور.zip!فرآور_۱۴۰۲_۱۲_۲۹_separate_ن-۱۰_صورت‌های مالی سال مالی منتهی به ۱۴۰۲_۱۲_۲۹ (حسابرسی شده).xlsx,AUDITOR_REPORT_ABSENT_FROM_PAYLOAD,CODAL auditor report (گزارش حسابرس مستقل) for this ticker|fiscal_year
فرآور|1402,فرآور,1402,auditor_report_date,MATCHED_SEPARATE_VALID,HTML_MISLABELED_XLSX,فرآور.zip!فرآور_۱۴۰۲_۱۲_۲۹_separate_ن-۱۰_صورت‌های مالی سال مالی منتهی به ۱۴۰۲_۱۲_۲۹ (حسابرسی شده).xlsx,AUDITOR_REPORT_ABSENT_FROM_PAYLOAD,CODAL auditor report (گزارش حسابرس مستقل) for this ticker|fiscal_year
فارس|1398,فارس,1398,auditor_opinion_type,MATCHED_SEPARATE_VALID,HTML_MISLABELED_XLSX,فارس.zip!فارس_۱۳۹۸_۰۳_۳۱_separate_ن-۱۰_صورت‌های مالی سال مالی منتهی به ۱۳۹۸_۰۳_۳۱ (حسابرسی شده).xlsx,AUDITOR_REPORT_ABSENT_FROM_PAYLOAD,CODAL auditor report (گزارش حسابرس مستقل) for this ticker|fiscal_year
فارس|1398,فارس,1398,auditor_report_date,MATCHED_SEPARATE_VALID,HTML_MISLABELED_XLSX,فارس.zip!فارس_۱۳۹۸_۰۳_۳۱_separate_ن-۱۰_صورت‌های مالی سال مالی منتهی به ۱۳۹۸_۰۳_۳۱ (حسابرسی شده).xlsx,AUDITOR_REPORT_ABSENT_FROM_PAYLOAD,CODAL auditor report (گزارش حسابرس مستقل) for this ticker|fiscal_year
فارس|1399,فارس,1399,auditor_opinion_type,MATCHED_SEPARATE_CORRECTION_SELECTED,HTML_MISLABELED_XLSX,فارس.zip!فارس_۱۳۹۹_۰۳_۳۱_separate_ن-۱۰_صورت‌های مالی سال مالی منتهی به ۱۳۹۹_۰۳_۳۱ (حسابرسی شده)(اصلاحیه).xlsx,AUDITOR_REPORT_ABSENT_FROM_PAYLOAD,CODAL auditor report (گزارش حسابرس مستقل) for this ticker|fiscal_year
فارس|1399,فارس,1399,auditor_report_date,MATCHED_SEPARATE_CORRECTION_SELECTED,HTML_MISLABELED_XLSX,فارس.zip!فارس_۱۳۹۹_۰۳_۳۱_separate_ن-۱۰_صورت‌های مالی سال مالی منتهی به ۱۳۹۹_۰۳_۳۱ (حسابرسی شده)(اصلاحیه).xlsx,AUDITOR_REPORT_ABSENT_FROM_PAYLOAD,CODAL auditor report (گزارش حسابرس مستقل) for this ticker|fiscal_year
فارس|1400,فارس,1400,auditor_opinion_type,MATCHED_SEPARATE_VALID,HTML_MISLABELED_XLSX,فارس.zip!فارس_۱۴۰۰_۰۳_۳۱_separate_ن-۱۰_صورت‌های مالی سال مالی منتهی به ۱۴۰۰_۰۳_۳۱ (حسابرسی شده).xlsx,AUDITOR_REPORT_ABSENT_FROM_PAYLOAD,CODAL auditor report (گزارش حسابرس مستقل) for this ticker|fiscal_year
فارس|1400,فارس,1400,auditor_report_date,MATCHED_SEPARATE_VALID,HTML_MISLABELED_XLSX,فارس.zip!فارس_۱۴۰۰_۰۳_۳۱_separate_ن-۱۰_صورت‌های مالی سال مالی منتهی به ۱۴۰۰_۰۳_۳۱ (حسابرسی شده).xlsx,AUDITOR_REPORT_ABSENT_FROM_PAYLOAD,CODAL auditor report (گزارش حسابرس مستقل) for this ticker|fiscal_year
فارس|1401,فارس,1401,auditor_opinion_type,MATCHED_SEPARATE_VALID,HTML_MISLABELED_XLSX,فارس.zip!فارس_۱۴۰۱_۰۳_۳۱_separate_ن-۱۰_صورت‌های مالی سال مالی منتهی به ۱۴۰۱_۰۳_۳۱ (حسابرسی شده).xlsx,AUDITOR_REPORT_ABSENT_FROM_PAYLOAD,CODAL auditor report (گزارش حسابرس مستقل) for this ticker|fiscal_year
فارس|1401,فارس,1401,auditor_report_date,MATCHED_SEPARATE_VALID,HTML_MISLABELED_XLSX,فارس.zip!فارس_۱۴۰۱_۰۳_۳۱_separate_ن-۱۰_صورت‌های مالی سال مالی منتهی به ۱۴۰۱_۰۳_۳۱ (حسابرسی شده).xlsx,AUDITOR_REPORT_ABSENT_FROM_PAYLOAD,CODAL auditor report (گزارش حسابرس مستقل) for this ticker|fiscal_year
فارس|1402,فارس,1402,auditor_opinion_type,MATCHED_SEPARATE_VALID,HTML_MISLABELED_XLSX,فارس.zip!فارس_۱۴۰۲_۰۳_۳۱_separate_ن-۱۰_صورت‌های مالی سال مالی منتهی به ۱۴۰۲_۰۳_۳۱ (حسابرسی شده).xlsx,AUDITOR_REPORT_ABSENT_FROM_PAYLOAD,CODAL auditor report (گزارش حسابرس مستقل) for this ticker|fiscal_year
فارس|1402,فارس,1402,auditor_report_date,MATCHED_SEPARATE_VALID,HTML_MISLABELED_XLSX,فارس.zip!فارس_۱۴۰۲_۰۳_۳۱_separate_ن-۱۰_صورت‌های مالی سال مالی منتهی به ۱۴۰۲_۰۳_۳۱ (حسابرسی شده).xlsx,AUDITOR_REPORT_ABSENT_FROM_PAYLOAD,CODAL auditor report (گزارش حسابرس مستقل) for this ticker|fiscal_year
فاذر|1394,فاذر,1394,fiscal_year_end,ONLY_CONSOLIDATED_AVAILABLE,,,ONLY_CONSOLIDATED_AVAILABLE,CODAL separate audited financial statements + auditor report
فاذر|1394,فاذر,1394,auditor_opinion_type,ONLY_CONSOLIDATED_AVAILABLE,,,ONLY_CONSOLIDATED_AVAILABLE,CODAL separate audited financial statements + auditor report
فاذر|1394,فاذر,1394,auditor_report_date,ONLY_CONSOLIDATED_AVAILABLE,,,ONLY_CONSOLIDATED_AVAILABLE,CODAL separate audited financial statements + auditor report
فاذر|1395,فاذر,1395,fiscal_year_end,ONLY_CONSOLIDATED_AVAILABLE,,,ONLY_CONSOLIDATED_AVAILABLE,CODAL separate audited financial statements + auditor report
فاذر|1395,فاذر,1395,auditor_opinion_type,ONLY_CONSOLIDATED_AVAILABLE,,,ONLY_CONSOLIDATED_AVAILABLE,CODAL separate audited financial statements + auditor report
فاذر|1395,فاذر,1395,auditor_report_date,ONLY_CONSOLIDATED_AVAILABLE,,,ONLY_CONSOLIDATED_AVAILABLE,CODAL separate audited financial statements + auditor report
فاذر|1396,فاذر,1396,fiscal_year_end,ONLY_CONSOLIDATED_AVAILABLE,,,ONLY_CONSOLIDATED_AVAILABLE,CODAL separate audited financial statements + auditor report
فاذر|1396,فاذر,1396,auditor_opinion_type,ONLY_CONSOLIDATED_AVAILABLE,,,ONLY_CONSOLIDATED_AVAILABLE,CODAL separate audited financial statements + auditor report
فاذر|1396,فاذر,1396,auditor_report_date,ONLY_CONSOLIDATED_AVAILABLE,,,ONLY_CONSOLIDATED_AVAILABLE,CODAL separate audited financial statements + auditor report
فاذر|1397,فاذر,1397,fiscal_year_end,ONLY_CONSOLIDATED_AVAILABLE,,,ONLY_CONSOLIDATED_AVAILABLE,CODAL separate audited financial statements + auditor report
فاذر|1397,فاذر,1397,auditor_opinion_type,ONLY_CONSOLIDATED_AVAILABLE,,,ONLY_CONSOLIDATED_AVAILABLE,CODAL separate audited financial statements + auditor report
فاذر|1397,فاذر,1397,auditor_report_date,ONLY_CONSOLIDATED_AVAILABLE,,,ONLY_CONSOLIDATED_AVAILABLE,CODAL separate audited financial statements + auditor report
فاذر|1398,فاذر,1398,fiscal_year_end,ONLY_CONSOLIDATED_AVAILABLE,,,ONLY_CONSOLIDATED_AVAILABLE,CODAL separate audited financial statements + auditor report
فاذر|1398,فاذر,1398,auditor_opinion_type,ONLY_CONSOLIDATED_AVAILABLE,,,ONLY_CONSOLIDATED_AVAILABLE,CODAL separate audited financial statements + auditor report
فاذر|1398,فاذر,1398,auditor_report_date,ONLY_CONSOLIDATED_AVAILABLE,,,ONLY_CONSOLIDATED_AVAILABLE,CODAL separate audited financial statements + auditor report
فاذر|1399,فاذر,1399,fiscal_year_end,ONLY_CONSOLIDATED_AVAILABLE,,,ONLY_CONSOLIDATED_AVAILABLE,CODAL separate audited financial statements + auditor report
فاذر|1399,فاذر,1399,auditor_opinion_type,ONLY_CONSOLIDATED_AVAILABLE,,,ONLY_CONSOLIDATED_AVAILABLE,CODAL separate audited financial statements + auditor report
فاذر|1399,فاذر,1399,auditor_report_date,ONLY_CONSOLIDATED_AVAILABLE,,,ONLY_CONSOLIDATED_AVAILABLE,CODAL separate audited financial statements + auditor report
فاذر|1400,فاذر,1400,fiscal_year_end,ONLY_CONSOLIDATED_AVAILABLE,,,ONLY_CONSOLIDATED_AVAILABLE,CODAL separate audited financial statements + auditor report
فاذر|1400,فاذر,1400,auditor_opinion_type,ONLY_CONSOLIDATED_AVAILABLE,,,ONLY_CONSOLIDATED_AVAILABLE,CODAL separate audited financial statements + auditor report
فاذر|1400,فاذر,1400,auditor_report_date,ONLY_CONSOLIDATED_AVAILABLE,,,ONLY_CONSOLIDATED_AVAILABLE,CODAL separate audited financial statements + auditor report
فاذر|1401,فاذر,1401,fiscal_year_end,ONLY_CONSOLIDATED_AVAILABLE,,,ONLY_CONSOLIDATED_AVAILABLE,CODAL separate audited financial statements + auditor report
فاذر|1401,فاذر,1401,auditor_opinion_type,ONLY_CONSOLIDATED_AVAILABLE,,,ONLY_CONSOLIDATED_AVAILABLE,CODAL separate audited financial statements + auditor report
فاذر|1401,فاذر,1401,auditor_report_date,ONLY_CONSOLIDATED_AVAILABLE,,,ONLY_CONSOLIDATED_AVAILABLE,CODAL separate audited financial statements + auditor report
فاذر|1402,فاذر,1402,fiscal_year_end,ONLY_CONSOLIDATED_AVAILABLE,,,ONLY_CONSOLIDATED_AVAILABLE,CODAL separate audited financial statements + auditor report
فاذر|1402,فاذر,1402,auditor_opinion_type,ONLY_CONSOLIDATED_AVAILABLE,,,ONLY_CONSOLIDATED_AVAILABLE,CODAL separate audited financial statements + auditor report
فاذر|1402,فاذر,1402,auditor_report_date,ONLY_CONSOLIDATED_AVAILABLE,,,ONLY_CONSOLIDATED_AVAILABLE,CODAL separate audited financial statements + auditor report
فباهنر|1397,فباهنر,1397,auditor_opinion_type,MATCHED_SEPARATE_VALID,HTML_MISLABELED_XLSX,فباهنر.zip!فباهنر_۱۳۹۷_۱۲_۲۹_separate_ن-۱۰_صورت‌های مالی سال مالی منتهی به ۱۳۹۷_۱۲_۲۹ (حسابرسی شده).xlsx,AUDITOR_REPORT_ABSENT_FROM_PAYLOAD,CODAL auditor report (گزارش حسابرس مستقل) for this ticker|fiscal_year
فباهنر|1397,فباهنر,1397,auditor_report_date,MATCHED_SEPARATE_VALID,HTML_MISLABELED_XLSX,فباهنر.zip!فباهنر_۱۳۹۷_۱۲_۲۹_separate_ن-۱۰_صورت‌های مالی سال مالی منتهی به ۱۳۹۷_۱۲_۲۹ (حسابرسی شده).xlsx,AUDITOR_REPORT_ABSENT_FROM_PAYLOAD,CODAL auditor report (گزارش حسابرس مستقل) for this ticker|fiscal_year
فباهنر|1398,فباهنر,1398,auditor_opinion_type,MATCHED_SEPARATE_VALID,HTML_MISLABELED_XLSX,فباهنر.zip!فباهنر_۱۳۹۸_۱۲_۲۹_separate_ن-۱۰_صورت‌های مالی سال مالی منتهی به ۱۳۹۸_۱۲_۲۹ (حسابرسی شده).xlsx,AUDITOR_REPORT_ABSENT_FROM_PAYLOAD,CODAL auditor report (گزارش حسابرس مستقل) for this ticker|fiscal_year
فباهنر|1398,فباهنر,1398,auditor_report_date,MATCHED_SEPARATE_VALID,HTML_MISLABELED_XLSX,فباهنر.zip!فباهنر_۱۳۹۸_۱۲_۲۹_separate_ن-۱۰_صورت‌های مالی سال مالی منتهی به ۱۳۹۸_۱۲_۲۹ (حسابرسی شده).xlsx,AUDITOR_REPORT_ABSENT_FROM_PAYLOAD,CODAL auditor report (گزارش حسابرس مستقل) for this ticker|fiscal_year
فباهنر|1399,فباهنر,1399,auditor_opinion_type,MATCHED_SEPARATE_VALID,HTML_MISLABELED_XLSX,فباهنر.zip!فباهنر_۱۳۹۹_۱۲_۳۰_separate_ن-۱۰_صورت‌های مالی سال مالی منتهی به ۱۳۹۹_۱۲_۳۰ (حسابرسی شده).xlsx,AUDITOR_REPORT_ABSENT_FROM_PAYLOAD,CODAL auditor report (گزارش حسابرس مستقل) for this ticker|fiscal_year
فباهنر|1399,فباهنر,1399,auditor_report_date,MATCHED_SEPARATE_VALID,HTML_MISLABELED_XLSX,فباهنر.zip!فباهنر_۱۳۹۹_۱۲_۳۰_separate_ن-۱۰_صورت‌های مالی سال مالی منتهی به ۱۳۹۹_۱۲_۳۰ (حسابرسی شده).xlsx,AUDITOR_REPORT_ABSENT_FROM_PAYLOAD,CODAL auditor report (گزارش حسابرس مستقل) for this ticker|fiscal_year
فباهنر|1400,فباهنر,1400,auditor_opinion_type,MATCHED_SEPARATE_VALID,HTML_MISLABELED_XLSX,فباهنر.zip!فباهنر_۱۴۰۰_۱۲_۲۹_separate_ن-۱۰_صورت‌های مالی سال مالی منتهی به ۱۴۰۰_۱۲_۲۹ (حسابرسی شده).xlsx,AUDITOR_REPORT_ABSENT_FROM_PAYLOAD,CODAL auditor report (گزارش حسابرس مستقل) for this ticker|fiscal_year
فباهنر|1400,فباهنر,1400,auditor_report_date,MATCHED_SEPARATE_VALID,HTML_MISLABELED_XLSX,فباهنر.zip!فباهنر_۱۴۰۰_۱۲_۲۹_separate_ن-۱۰_صورت‌های مالی سال مالی منتهی به ۱۴۰۰_۱۲_۲۹ (حسابرسی شده).xlsx,AUDITOR_REPORT_ABSENT_FROM_PAYLOAD,CODAL auditor report (گزارش حسابرس مستقل) for this ticker|fiscal_year
فباهنر|1401,فباهنر,1401,auditor_opinion_type,MATCHED_SEPARATE_VALID,HTML_MISLABELED_XLSX,فباهنر.zip!فباهنر_۱۴۰۱_۱۲_۲۹_separate_ن-۱۰_صورت‌های مالی سال مالی منتهی به ۱۴۰۱_۱۲_۲۹ (حسابرسی شده).xlsx,AUDITOR_REPORT_ABSENT_FROM_PAYLOAD,CODAL auditor report (گزارش حسابرس مستقل) for this ticker|fiscal_year
فباهنر|1401,فباهنر,1401,auditor_report_date,MATCHED_SEPARATE_VALID,HTML_MISLABELED_XLSX,فباهنر.zip!فباهنر_۱۴۰۱_۱۲_۲۹_separate_ن-۱۰_صورت‌های مالی سال مالی منتهی به ۱۴۰۱_۱۲_۲۹ (حسابرسی شده).xlsx,AUDITOR_REPORT_ABSENT_FROM_PAYLOAD,CODAL auditor report (گزارش حسابرس مستقل) for this ticker|fiscal_year
فباهنر|1402,فباهنر,1402,auditor_opinion_type,MATCHED_SEPARATE_VALID,HTML_MISLABELED_XLSX,فباهنر.zip!فباهنر_۱۴۰۲_۱۲_۲۹_separate_ن-۱۰_صورت‌های مالی سال مالی منتهی به ۱۴۰۲_۱۲_۲۹ (حسابرسی شده).xlsx,AUDITOR_REPORT_ABSENT_FROM_PAYLOAD,CODAL auditor report (گزارش حسابرس مستقل) for this ticker|fiscal_year
فباهنر|1402,فباهنر,1402,auditor_report_date,MATCHED_SEPARATE_VALID,HTML_MISLABELED_XLSX,فباهنر.zip!فباهنر_۱۴۰۲_۱۲_۲۹_separate_ن-۱۰_صورت‌های مالی سال مالی منتهی به ۱۴۰۲_۱۲_۲۹ (حسابرسی شده).xlsx,AUDITOR_REPORT_ABSENT_FROM_PAYLOAD,CODAL auditor report (گزارش حسابرس مستقل) for this ticker|fiscal_year
فسپا|1397,فسپا,1397,auditor_opinion_type,MATCHED_SEPARATE_VALID,HTML_MISLABELED_XLSX,فسپا.zip!فسپا_۱۳۹۷_۱۲_۲۹_separate_ن-۱۰_صورت‌های مالی سال مالی منتهی به ۱۳۹۷_۱۲_۲۹ (حسابرسی شده).xlsx,AUDITOR_REPORT_ABSENT_FROM_PAYLOAD,CODAL auditor report (گزارش حسابرس مستقل) for this ticker|fiscal_year
فسپا|1397,فسپا,1397,auditor_report_date,MATCHED_SEPARATE_VALID,HTML_MISLABELED_XLSX,فسپا.zip!فسپا_۱۳۹۷_۱۲_۲۹_separate_ن-۱۰_صورت‌های مالی سال مالی منتهی به ۱۳۹۷_۱۲_۲۹ (حسابرسی شده).xlsx,AUDITOR_REPORT_ABSENT_FROM_PAYLOAD,CODAL auditor report (گزارش حسابرس مستقل) for this ticker|fiscal_year
فسپا|1398,فسپا,1398,fiscal_year_end,ONLY_CONSOLIDATED_AVAILABLE,,,ONLY_CONSOLIDATED_AVAILABLE,CODAL separate audited financial statements + auditor report
فسپا|1398,فسپا,1398,auditor_opinion_type,ONLY_CONSOLIDATED_AVAILABLE,,,ONLY_CONSOLIDATED_AVAILABLE,CODAL separate audited financial statements + auditor report
فسپا|1398,فسپا,1398,auditor_report_date,ONLY_CONSOLIDATED_AVAILABLE,,,ONLY_CONSOLIDATED_AVAILABLE,CODAL separate audited financial statements + auditor report
فسپا|1399,فسپا,1399,fiscal_year_end,ONLY_CONSOLIDATED_AVAILABLE,,,ONLY_CONSOLIDATED_AVAILABLE,CODAL separate audited financial statements + auditor report
فسپا|1399,فسپا,1399,auditor_opinion_type,ONLY_CONSOLIDATED_AVAILABLE,,,ONLY_CONSOLIDATED_AVAILABLE,CODAL separate audited financial statements + auditor report
فسپا|1399,فسپا,1399,auditor_report_date,ONLY_CONSOLIDATED_AVAILABLE,,,ONLY_CONSOLIDATED_AVAILABLE,CODAL separate audited financial statements + auditor report
فسپا|1400,فسپا,1400,fiscal_year_end,ONLY_CONSOLIDATED_AVAILABLE,,,ONLY_CONSOLIDATED_AVAILABLE,CODAL separate audited financial statements + auditor report
فسپا|1400,فسپا,1400,auditor_opinion_type,ONLY_CONSOLIDATED_AVAILABLE,,,ONLY_CONSOLIDATED_AVAILABLE,CODAL separate audited financial statements + auditor report
فسپا|1400,فسپا,1400,auditor_report_date,ONLY_CONSOLIDATED_AVAILABLE,,,ONLY_CONSOLIDATED_AVAILABLE,CODAL separate audited financial statements + auditor report
فسپا|1401,فسپا,1401,fiscal_year_end,ONLY_CONSOLIDATED_AVAILABLE,,,ONLY_CONSOLIDATED_AVAILABLE,CODAL separate audited financial statements + auditor report
فسپا|1401,فسپا,1401,auditor_opinion_type,ONLY_CONSOLIDATED_AVAILABLE,,,ONLY_CONSOLIDATED_AVAILABLE,CODAL separate audited financial statements + auditor report
فسپا|1401,فسپا,1401,auditor_report_date,ONLY_CONSOLIDATED_AVAILABLE,,,ONLY_CONSOLIDATED_AVAILABLE,CODAL separate audited financial statements + auditor report
فسپا|1402,فسپا,1402,fiscal_year_end,ONLY_CONSOLIDATED_AVAILABLE,,,ONLY_CONSOLIDATED_AVAILABLE,CODAL separate audited financial statements + auditor report
فسپا|1402,فسپا,1402,auditor_opinion_type,ONLY_CONSOLIDATED_AVAILABLE,,,ONLY_CONSOLIDATED_AVAILABLE,CODAL separate audited financial statements + auditor report
فسپا|1402,فسپا,1402,auditor_report_date,ONLY_CONSOLIDATED_AVAILABLE,,,ONLY_CONSOLIDATED_AVAILABLE,CODAL separate audited financial statements + auditor report
فجام|1397,فجام,1397,auditor_opinion_type,MATCHED_SEPARATE_VALID,HTML_MISLABELED_XLSX,فجام.zip!فجام_۱۳۹۷_۱۲_۲۹_separate_ن-۱۰_صورت‌های مالی سال مالی منتهی به ۱۳۹۷_۱۲_۲۹ (حسابرسی شده).xlsx,AUDITOR_REPORT_ABSENT_FROM_PAYLOAD,CODAL auditor report (گزارش حسابرس مستقل) for this ticker|fiscal_year
فجام|1397,فجام,1397,auditor_report_date,MATCHED_SEPARATE_VALID,HTML_MISLABELED_XLSX,فجام.zip!فجام_۱۳۹۷_۱۲_۲۹_separate_ن-۱۰_صورت‌های مالی سال مالی منتهی به ۱۳۹۷_۱۲_۲۹ (حسابرسی شده).xlsx,AUDITOR_REPORT_ABSENT_FROM_PAYLOAD,CODAL auditor report (گزارش حسابرس مستقل) for this ticker|fiscal_year
فجام|1398,فجام,1398,auditor_opinion_type,MATCHED_SEPARATE_VALID,HTML_MISLABELED_XLSX,فجام.zip!فجام_۱۳۹۸_۱۲_۲۹_separate_ن-۱۰_صورت‌های مالی سال مالی منتهی به ۱۳۹۸_۱۲_۲۹ (حسابرسی شده).xlsx,AUDITOR_REPORT_ABSENT_FROM_PAYLOAD,CODAL auditor report (گزارش حسابرس مستقل) for this ticker|fiscal_year
فجام|1398,فجام,1398,auditor_report_date,MATCHED_SEPARATE_VALID,HTML_MISLABELED_XLSX,فجام.zip!فجام_۱۳۹۸_۱۲_۲۹_separate_ن-۱۰_صورت‌های مالی سال مالی منتهی به ۱۳۹۸_۱۲_۲۹ (حسابرسی شده).xlsx,AUDITOR_REPORT_ABSENT_FROM_PAYLOAD,CODAL auditor report (گزارش حسابرس مستقل) for this ticker|fiscal_year
فجام|1399,فجام,1399,auditor_opinion_type,MATCHED_SEPARATE_VALID,HTML_MISLABELED_XLSX,فجام.zip!فجام_۱۳۹۹_۱۲_۳۰_separate_ن-۱۰_صورت‌های مالی سال مالی منتهی به ۱۳۹۹_۱۲_۳۰ (حسابرسی شده).xlsx,AUDITOR_REPORT_ABSENT_FROM_PAYLOAD,CODAL auditor report (گزارش حسابرس مستقل) for this ticker|fiscal_year
فجام|1399,فجام,1399,auditor_report_date,MATCHED_SEPARATE_VALID,HTML_MISLABELED_XLSX,فجام.zip!فجام_۱۳۹۹_۱۲_۳۰_separate_ن-۱۰_صورت‌های مالی سال مالی منتهی به ۱۳۹۹_۱۲_۳۰ (حسابرسی شده).xlsx,AUDITOR_REPORT_ABSENT_FROM_PAYLOAD,CODAL auditor report (گزارش حسابرس مستقل) for this ticker|fiscal_year
فجام|1400,فجام,1400,auditor_opinion_type,MATCHED_SEPARATE_VALID,HTML_MISLABELED_XLSX,فجام.zip!فجام_۱۴۰۰_۱۲_۲۹_separate_ن-۱۰_صورت‌های مالی سال مالی منتهی به ۱۴۰۰_۱۲_۲۹ (حسابرسی شده).xlsx,AUDITOR_REPORT_ABSENT_FROM_PAYLOAD,CODAL auditor report (گزارش حسابرس مستقل) for this ticker|fiscal_year
فجام|1400,فجام,1400,auditor_report_date,MATCHED_SEPARATE_VALID,HTML_MISLABELED_XLSX,فجام.zip!فجام_۱۴۰۰_۱۲_۲۹_separate_ن-۱۰_صورت‌های مالی سال مالی منتهی به ۱۴۰۰_۱۲_۲۹ (حسابرسی شده).xlsx,AUDITOR_REPORT_ABSENT_FROM_PAYLOAD,CODAL auditor report (گزارش حسابرس مستقل) for this ticker|fiscal_year
فجام|1401,فجام,1401,auditor_opinion_type,MATCHED_SEPARATE_VALID,HTML_MISLABELED_XLSX,فجام.zip!فجام_۱۴۰۱_۱۲_۲۹_separate_ن-۱۰_صورت‌های مالی سال مالی منتهی به ۱۴۰۱_۱۲_۲۹ (حسابرسی شده).xlsx,AUDITOR_REPORT_ABSENT_FROM_PAYLOAD,CODAL auditor report (گزارش حسابرس مستقل) for this ticker|fiscal_year
فجام|1401,فجام,1401,auditor_report_date,MATCHED_SEPARATE_VALID,HTML_MISLABELED_XLSX,فجام.zip!فجام_۱۴۰۱_۱۲_۲۹_separate_ن-۱۰_صورت‌های مالی سال مالی منتهی به ۱۴۰۱_۱۲_۲۹ (حسابرسی شده).xlsx,AUDITOR_REPORT_ABSENT_FROM_PAYLOAD,CODAL auditor report (گزارش حسابرس مستقل) for this ticker|fiscal_year
فجام|1402,فجام,1402,auditor_opinion_type,MATCHED_SEPARATE_VALID,HTML_MISLABELED_XLSX,فجام.zip!فجام_۱۴۰۲_۱۲_۲۹_separate_ن-۱۰_صورت‌های مالی سال مالی منتهی به ۱۴۰۲_۱۲_۲۹ (حسابرسی شده).xlsx,AUDITOR_REPORT_ABSENT_FROM_PAYLOAD,CODAL auditor report (گزارش حسابرس مستقل) for this ticker|fiscal_year
فجام|1402,فجام,1402,auditor_report_date,MATCHED_SEPARATE_VALID,HTML_MISLABELED_XLSX,فجام.zip!فجام_۱۴۰۲_۱۲_۲۹_separate_ن-۱۰_صورت‌های مالی سال مالی منتهی به ۱۴۰۲_۱۲_۲۹ (حسابرسی شده).xlsx,AUDITOR_REPORT_ABSENT_FROM_PAYLOAD,CODAL auditor report (گزارش حسابرس مستقل) for this ticker|fiscal_year
فخوز|1394,فخوز,1394,fiscal_year_end,ONLY_CONSOLIDATED_AVAILABLE,,,ONLY_CONSOLIDATED_AVAILABLE,CODAL separate audited financial statements + auditor report
فخوز|1394,فخوز,1394,auditor_opinion_type,ONLY_CONSOLIDATED_AVAILABLE,,,ONLY_CONSOLIDATED_AVAILABLE,CODAL separate audited financial statements + auditor report
فخوز|1394,فخوز,1394,auditor_report_date,ONLY_CONSOLIDATED_AVAILABLE,,,ONLY_CONSOLIDATED_AVAILABLE,CODAL separate audited financial statements + auditor report
فخوز|1395,فخوز,1395,fiscal_year_end,ONLY_CONSOLIDATED_AVAILABLE,,,ONLY_CONSOLIDATED_AVAILABLE,CODAL separate audited financial statements + auditor report
فخوز|1395,فخوز,1395,auditor_opinion_type,ONLY_CONSOLIDATED_AVAILABLE,,,ONLY_CONSOLIDATED_AVAILABLE,CODAL separate audited financial statements + auditor report
فخوز|1395,فخوز,1395,auditor_report_date,ONLY_CONSOLIDATED_AVAILABLE,,,ONLY_CONSOLIDATED_AVAILABLE,CODAL separate audited financial statements + auditor report
فخوز|1396,فخوز,1396,fiscal_year_end,ONLY_CONSOLIDATED_AVAILABLE,,,ONLY_CONSOLIDATED_AVAILABLE,CODAL separate audited financial statements + auditor report
فخوز|1396,فخوز,1396,auditor_opinion_type,ONLY_CONSOLIDATED_AVAILABLE,,,ONLY_CONSOLIDATED_AVAILABLE,CODAL separate audited financial statements + auditor report
فخوز|1396,فخوز,1396,auditor_report_date,ONLY_CONSOLIDATED_AVAILABLE,,,ONLY_CONSOLIDATED_AVAILABLE,CODAL separate audited financial statements + auditor report
فخوز|1397,فخوز,1397,fiscal_year_end,ONLY_CONSOLIDATED_AVAILABLE,,,ONLY_CONSOLIDATED_AVAILABLE,CODAL separate audited financial statements + auditor report
فخوز|1397,فخوز,1397,auditor_opinion_type,ONLY_CONSOLIDATED_AVAILABLE,,,ONLY_CONSOLIDATED_AVAILABLE,CODAL separate audited financial statements + auditor report
فخوز|1397,فخوز,1397,auditor_report_date,ONLY_CONSOLIDATED_AVAILABLE,,,ONLY_CONSOLIDATED_AVAILABLE,CODAL separate audited financial statements + auditor report
فخوز|1398,فخوز,1398,fiscal_year_end,ONLY_CONSOLIDATED_AVAILABLE,,,ONLY_CONSOLIDATED_AVAILABLE,CODAL separate audited financial statements + auditor report
فخوز|1398,فخوز,1398,auditor_opinion_type,ONLY_CONSOLIDATED_AVAILABLE,,,ONLY_CONSOLIDATED_AVAILABLE,CODAL separate audited financial statements + auditor report
فخوز|1398,فخوز,1398,auditor_report_date,ONLY_CONSOLIDATED_AVAILABLE,,,ONLY_CONSOLIDATED_AVAILABLE,CODAL separate audited financial statements + auditor report
فخوز|1399,فخوز,1399,fiscal_year_end,ONLY_CONSOLIDATED_AVAILABLE,,,ONLY_CONSOLIDATED_AVAILABLE,CODAL separate audited financial statements + auditor report
فخوز|1399,فخوز,1399,auditor_opinion_type,ONLY_CONSOLIDATED_AVAILABLE,,,ONLY_CONSOLIDATED_AVAILABLE,CODAL separate audited financial statements + auditor report
فخوز|1399,فخوز,1399,auditor_report_date,ONLY_CONSOLIDATED_AVAILABLE,,,ONLY_CONSOLIDATED_AVAILABLE,CODAL separate audited financial statements + auditor report
فخوز|1400,فخوز,1400,fiscal_year_end,ONLY_CONSOLIDATED_AVAILABLE,,,ONLY_CONSOLIDATED_AVAILABLE,CODAL separate audited financial statements + auditor report
فخوز|1400,فخوز,1400,auditor_opinion_type,ONLY_CONSOLIDATED_AVAILABLE,,,ONLY_CONSOLIDATED_AVAILABLE,CODAL separate audited financial statements + auditor report
فخوز|1400,فخوز,1400,auditor_report_date,ONLY_CONSOLIDATED_AVAILABLE,,,ONLY_CONSOLIDATED_AVAILABLE,CODAL separate audited financial statements + auditor report
فخوز|1401,فخوز,1401,fiscal_year_end,ONLY_CONSOLIDATED_AVAILABLE,,,ONLY_CONSOLIDATED_AVAILABLE,CODAL separate audited financial statements + auditor report
فخوز|1401,فخوز,1401,auditor_opinion_type,ONLY_CONSOLIDATED_AVAILABLE,,,ONLY_CONSOLIDATED_AVAILABLE,CODAL separate audited financial statements + auditor report
فخوز|1401,فخوز,1401,auditor_report_date,ONLY_CONSOLIDATED_AVAILABLE,,,ONLY_CONSOLIDATED_AVAILABLE,CODAL separate audited financial statements + auditor report
فخوز|1402,فخوز,1402,fiscal_year_end,ONLY_CONSOLIDATED_AVAILABLE,,,ONLY_CONSOLIDATED_AVAILABLE,CODAL separate audited financial statements + auditor report
فخوز|1402,فخوز,1402,auditor_opinion_type,ONLY_CONSOLIDATED_AVAILABLE,,,ONLY_CONSOLIDATED_AVAILABLE,CODAL separate audited financial statements + auditor report
فخوز|1402,فخوز,1402,auditor_report_date,ONLY_CONSOLIDATED_AVAILABLE,,,ONLY_CONSOLIDATED_AVAILABLE,CODAL separate audited financial statements + auditor report
فملی|1394,فملی,1394,fiscal_year_end,ONLY_CONSOLIDATED_AVAILABLE,,,ONLY_CONSOLIDATED_AVAILABLE,CODAL separate audited financial statements + auditor report
فملی|1394,فملی,1394,auditor_opinion_type,ONLY_CONSOLIDATED_AVAILABLE,,,ONLY_CONSOLIDATED_AVAILABLE,CODAL separate audited financial statements + auditor report
فملی|1394,فملی,1394,auditor_report_date,ONLY_CONSOLIDATED_AVAILABLE,,,ONLY_CONSOLIDATED_AVAILABLE,CODAL separate audited financial statements + auditor report
فملی|1395,فملی,1395,fiscal_year_end,ONLY_CONSOLIDATED_AVAILABLE,,,ONLY_CONSOLIDATED_AVAILABLE,CODAL separate audited financial statements + auditor report
فملی|1395,فملی,1395,auditor_opinion_type,ONLY_CONSOLIDATED_AVAILABLE,,,ONLY_CONSOLIDATED_AVAILABLE,CODAL separate audited financial statements + auditor report
فملی|1395,فملی,1395,auditor_report_date,ONLY_CONSOLIDATED_AVAILABLE,,,ONLY_CONSOLIDATED_AVAILABLE,CODAL separate audited financial statements + auditor report
فملی|1396,فملی,1396,fiscal_year_end,ONLY_CONSOLIDATED_AVAILABLE,,,ONLY_CONSOLIDATED_AVAILABLE,CODAL separate audited financial statements + auditor report
فملی|1396,فملی,1396,auditor_opinion_type,ONLY_CONSOLIDATED_AVAILABLE,,,ONLY_CONSOLIDATED_AVAILABLE,CODAL separate audited financial statements + auditor report
فملی|1396,فملی,1396,auditor_report_date,ONLY_CONSOLIDATED_AVAILABLE,,,ONLY_CONSOLIDATED_AVAILABLE,CODAL separate audited financial statements + auditor report
فملی|1397,فملی,1397,fiscal_year_end,ONLY_CONSOLIDATED_AVAILABLE,,,ONLY_CONSOLIDATED_AVAILABLE,CODAL separate audited financial statements + auditor report
فملی|1397,فملی,1397,auditor_opinion_type,ONLY_CONSOLIDATED_AVAILABLE,,,ONLY_CONSOLIDATED_AVAILABLE,CODAL separate audited financial statements + auditor report
فملی|1397,فملی,1397,auditor_report_date,ONLY_CONSOLIDATED_AVAILABLE,,,ONLY_CONSOLIDATED_AVAILABLE,CODAL separate audited financial statements + auditor report
فملی|1398,فملی,1398,fiscal_year_end,ONLY_CONSOLIDATED_AVAILABLE,,,ONLY_CONSOLIDATED_AVAILABLE,CODAL separate audited financial statements + auditor report
فملی|1398,فملی,1398,auditor_opinion_type,ONLY_CONSOLIDATED_AVAILABLE,,,ONLY_CONSOLIDATED_AVAILABLE,CODAL separate audited financial statements + auditor report
فملی|1398,فملی,1398,auditor_report_date,ONLY_CONSOLIDATED_AVAILABLE,,,ONLY_CONSOLIDATED_AVAILABLE,CODAL separate audited financial statements + auditor report
فملی|1399,فملی,1399,fiscal_year_end,ONLY_CONSOLIDATED_AVAILABLE,,,ONLY_CONSOLIDATED_AVAILABLE,CODAL separate audited financial statements + auditor report
فملی|1399,فملی,1399,auditor_opinion_type,ONLY_CONSOLIDATED_AVAILABLE,,,ONLY_CONSOLIDATED_AVAILABLE,CODAL separate audited financial statements + auditor report
فملی|1399,فملی,1399,auditor_report_date,ONLY_CONSOLIDATED_AVAILABLE,,,ONLY_CONSOLIDATED_AVAILABLE,CODAL separate audited financial statements + auditor report
فملی|1400,فملی,1400,fiscal_year_end,ONLY_CONSOLIDATED_AVAILABLE,,,ONLY_CONSOLIDATED_AVAILABLE,CODAL separate audited financial statements + auditor report
فملی|1400,فملی,1400,auditor_opinion_type,ONLY_CONSOLIDATED_AVAILABLE,,,ONLY_CONSOLIDATED_AVAILABLE,CODAL separate audited financial statements + auditor report
فملی|1400,فملی,1400,auditor_report_date,ONLY_CONSOLIDATED_AVAILABLE,,,ONLY_CONSOLIDATED_AVAILABLE,CODAL separate audited financial statements + auditor report
فملی|1401,فملی,1401,fiscal_year_end,ONLY_CONSOLIDATED_AVAILABLE,,,ONLY_CONSOLIDATED_AVAILABLE,CODAL separate audited financial statements + auditor report
فملی|1401,فملی,1401,auditor_opinion_type,ONLY_CONSOLIDATED_AVAILABLE,,,ONLY_CONSOLIDATED_AVAILABLE,CODAL separate audited financial statements + auditor report
فملی|1401,فملی,1401,auditor_report_date,ONLY_CONSOLIDATED_AVAILABLE,,,ONLY_CONSOLIDATED_AVAILABLE,CODAL separate audited financial statements + auditor report
فملی|1402,فملی,1402,fiscal_year_end,ONLY_CONSOLIDATED_AVAILABLE,,,ONLY_CONSOLIDATED_AVAILABLE,CODAL separate audited financial statements + auditor report
فملی|1402,فملی,1402,auditor_opinion_type,ONLY_CONSOLIDATED_AVAILABLE,,,ONLY_CONSOLIDATED_AVAILABLE,CODAL separate audited financial statements + auditor report
فملی|1402,فملی,1402,auditor_report_date,ONLY_CONSOLIDATED_AVAILABLE,,,ONLY_CONSOLIDATED_AVAILABLE,CODAL separate audited financial statements + auditor report
غسالم|1397,غسالم,1397,auditor_opinion_type,MATCHED_SEPARATE_VALID,HTML_MISLABELED_XLSX,غسالم.zip!غسالم_۱۳۹۷_۱۲_۲۹_separate_ن-۱۰_صورت‌های مالی سال مالی منتهی به ۱۳۹۷_۱۲_۲۹ (حسابرسی شده).xlsx,AUDITOR_REPORT_ABSENT_FROM_PAYLOAD,CODAL auditor report (گزارش حسابرس مستقل) for this ticker|fiscal_year
غسالم|1397,غسالم,1397,auditor_report_date,MATCHED_SEPARATE_VALID,HTML_MISLABELED_XLSX,غسالم.zip!غسالم_۱۳۹۷_۱۲_۲۹_separate_ن-۱۰_صورت‌های مالی سال مالی منتهی به ۱۳۹۷_۱۲_۲۹ (حسابرسی شده).xlsx,AUDITOR_REPORT_ABSENT_FROM_PAYLOAD,CODAL auditor report (گزارش حسابرس مستقل) for this ticker|fiscal_year
غسالم|1398,غسالم,1398,auditor_opinion_type,MATCHED_SEPARATE_VALID,HTML_MISLABELED_XLSX,غسالم.zip!غسالم_۱۳۹۸_۱۲_۲۹_separate_ن-۱۰_صورت‌های مالی سال مالی منتهی به ۱۳۹۸_۱۲_۲۹ (حسابرسی شده).xlsx,AUDITOR_REPORT_ABSENT_FROM_PAYLOAD,CODAL auditor report (گزارش حسابرس مستقل) for this ticker|fiscal_year
غسالم|1398,غسالم,1398,auditor_report_date,MATCHED_SEPARATE_VALID,HTML_MISLABELED_XLSX,غسالم.zip!غسالم_۱۳۹۸_۱۲_۲۹_separate_ن-۱۰_صورت‌های مالی سال مالی منتهی به ۱۳۹۸_۱۲_۲۹ (حسابرسی شده).xlsx,AUDITOR_REPORT_ABSENT_FROM_PAYLOAD,CODAL auditor report (گزارش حسابرس مستقل) for this ticker|fiscal_year
غسالم|1399,غسالم,1399,auditor_opinion_type,MATCHED_SEPARATE_VALID,HTML_MISLABELED_XLSX,غسالم.zip!غسالم_۱۳۹۹_۱۲_۳۰_separate_ن-۱۰_صورت‌های مالی سال مالی منتهی به ۱۳۹۹_۱۲_۳۰ (حسابرسی شده).xlsx,AUDITOR_REPORT_ABSENT_FROM_PAYLOAD,CODAL auditor report (گزارش حسابرس مستقل) for this ticker|fiscal_year
غسالم|1399,غسالم,1399,auditor_report_date,MATCHED_SEPARATE_VALID,HTML_MISLABELED_XLSX,غسالم.zip!غسالم_۱۳۹۹_۱۲_۳۰_separate_ن-۱۰_صورت‌های مالی سال مالی منتهی به ۱۳۹۹_۱۲_۳۰ (حسابرسی شده).xlsx,AUDITOR_REPORT_ABSENT_FROM_PAYLOAD,CODAL auditor report (گزارش حسابرس مستقل) for this ticker|fiscal_year
غسالم|1400,غسالم,1400,auditor_opinion_type,MATCHED_SEPARATE_VALID,HTML_MISLABELED_XLSX,غسالم.zip!غسالم_۱۴۰۰_۱۲_۲۹_separate_ن-۱۰_صورت‌های مالی سال مالی منتهی به ۱۴۰۰_۱۲_۲۹ (حسابرسی شده).xlsx,AUDITOR_REPORT_ABSENT_FROM_PAYLOAD,CODAL auditor report (گزارش حسابرس مستقل) for this ticker|fiscal_year
غسالم|1400,غسالم,1400,auditor_report_date,MATCHED_SEPARATE_VALID,HTML_MISLABELED_XLSX,غسالم.zip!غسالم_۱۴۰۰_۱۲_۲۹_separate_ن-۱۰_صورت‌های مالی سال مالی منتهی به ۱۴۰۰_۱۲_۲۹ (حسابرسی شده).xlsx,AUDITOR_REPORT_ABSENT_FROM_PAYLOAD,CODAL auditor report (گزارش حسابرس مستقل) for this ticker|fiscal_year
غسالم|1401,غسالم,1401,auditor_opinion_type,MATCHED_SEPARATE_VALID,HTML_MISLABELED_XLSX,غسالم.zip!غسالم_۱۴۰۱_۱۲_۲۹_separate_ن-۱۰_صورت‌های مالی سال مالی منتهی به ۱۴۰۱_۱۲_۲۹ (حسابرسی شده).xlsx,AUDITOR_REPORT_ABSENT_FROM_PAYLOAD,CODAL auditor report (گزارش حسابرس مستقل) for this ticker|fiscal_year
غسالم|1401,غسالم,1401,auditor_report_date,MATCHED_SEPARATE_VALID,HTML_MISLABELED_XLSX,غسالم.zip!غسالم_۱۴۰۱_۱۲_۲۹_separate_ن-۱۰_صورت‌های مالی سال مالی منتهی به ۱۴۰۱_۱۲_۲۹ (حسابرسی شده).xlsx,AUDITOR_REPORT_ABSENT_FROM_PAYLOAD,CODAL auditor report (گزارش حسابرس مستقل) for this ticker|fiscal_year
غسالم|1402,غسالم,1402,auditor_opinion_type,MATCHED_SEPARATE_VALID,HTML_MISLABELED_XLSX,غسالم.zip!غسالم_۱۴۰۲_۱۲_۲۹_separate_ن-۱۰_صورت‌های مالی سال مالی منتهی به ۱۴۰۲_۱۲_۲۹ (حسابرسی شده).xlsx,AUDITOR_REPORT_ABSENT_FROM_PAYLOAD,CODAL auditor report (گزارش حسابرس مستقل) for this ticker|fiscal_year
غسالم|1402,غسالم,1402,auditor_report_date,MATCHED_SEPARATE_VALID,HTML_MISLABELED_XLSX,غسالم.zip!غسالم_۱۴۰۲_۱۲_۲۹_separate_ن-۱۰_صورت‌های مالی سال مالی منتهی به ۱۴۰۲_۱۲_۲۹ (حسابرسی شده).xlsx,AUDITOR_REPORT_ABSENT_FROM_PAYLOAD,CODAL auditor report (گزارش حسابرس مستقل) for this ticker|fiscal_year
فمراد|1397,فمراد,1397,auditor_opinion_type,MATCHED_SEPARATE_VALID,HTML_MISLABELED_XLSX,فمراد.zip!فمراد_۱۳۹۷_۱۲_۲۹_separate_ن-۱۰_صورت‌های مالی سال مالی منتهی به ۱۳۹۷_۱۲_۲۹ (حسابرسی شده).xlsx,AUDITOR_REPORT_ABSENT_FROM_PAYLOAD,CODAL auditor report (گزارش حسابرس مستقل) for this ticker|fiscal_year
فمراد|1397,فمراد,1397,auditor_report_date,MATCHED_SEPARATE_VALID,HTML_MISLABELED_XLSX,فمراد.zip!فمراد_۱۳۹۷_۱۲_۲۹_separate_ن-۱۰_صورت‌های مالی سال مالی منتهی به ۱۳۹۷_۱۲_۲۹ (حسابرسی شده).xlsx,AUDITOR_REPORT_ABSENT_FROM_PAYLOAD,CODAL auditor report (گزارش حسابرس مستقل) for this ticker|fiscal_year
فمراد|1398,فمراد,1398,auditor_opinion_type,MATCHED_SEPARATE_VALID,HTML_MISLABELED_XLSX,فمراد.zip!فمراد_۱۳۹۸_۱۲_۲۹_separate_ن-۱۰_صورت‌های مالی سال مالی منتهی به ۱۳۹۸_۱۲_۲۹ (حسابرسی شده).xlsx,AUDITOR_REPORT_ABSENT_FROM_PAYLOAD,CODAL auditor report (گزارش حسابرس مستقل) for this ticker|fiscal_year
فمراد|1398,فمراد,1398,auditor_report_date,MATCHED_SEPARATE_VALID,HTML_MISLABELED_XLSX,فمراد.zip!فمراد_۱۳۹۸_۱۲_۲۹_separate_ن-۱۰_صورت‌های مالی سال مالی منتهی به ۱۳۹۸_۱۲_۲۹ (حسابرسی شده).xlsx,AUDITOR_REPORT_ABSENT_FROM_PAYLOAD,CODAL auditor report (گزارش حسابرس مستقل) for this ticker|fiscal_year
فمراد|1399,فمراد,1399,auditor_opinion_type,MATCHED_SEPARATE_CORRECTION_SELECTED,HTML_MISLABELED_XLSX,فمراد.zip!فمراد_۱۳۹۹_۱۲_۳۰_separate_ن-۱۰_صورت‌های مالی سال مالی منتهی به ۱۳۹۹_۱۲_۳۰ (حسابرسی شده)(اصلاحیه).xlsx,AUDITOR_REPORT_ABSENT_FROM_PAYLOAD,CODAL auditor report (گزارش حسابرس مستقل) for this ticker|fiscal_year
فمراد|1399,فمراد,1399,auditor_report_date,MATCHED_SEPARATE_CORRECTION_SELECTED,HTML_MISLABELED_XLSX,فمراد.zip!فمراد_۱۳۹۹_۱۲_۳۰_separate_ن-۱۰_صورت‌های مالی سال مالی منتهی به ۱۳۹۹_۱۲_۳۰ (حسابرسی شده)(اصلاحیه).xlsx,AUDITOR_REPORT_ABSENT_FROM_PAYLOAD,CODAL auditor report (گزارش حسابرس مستقل) for this ticker|fiscal_year
فمراد|1400,فمراد,1400,auditor_opinion_type,MATCHED_SEPARATE_VALID,HTML_MISLABELED_XLSX,فمراد.zip!فمراد_۱۴۰۰_۱۲_۲۹_separate_ن-۱۰_صورت‌های مالی سال مالی منتهی به ۱۴۰۰_۱۲_۲۹ (حسابرسی شده).xlsx,AUDITOR_REPORT_ABSENT_FROM_PAYLOAD,CODAL auditor report (گزارش حسابرس مستقل) for this ticker|fiscal_year
فمراد|1400,فمراد,1400,auditor_report_date,MATCHED_SEPARATE_VALID,HTML_MISLABELED_XLSX,فمراد.zip!فمراد_۱۴۰۰_۱۲_۲۹_separate_ن-۱۰_صورت‌های مالی سال مالی منتهی به ۱۴۰۰_۱۲_۲۹ (حسابرسی شده).xlsx,AUDITOR_REPORT_ABSENT_FROM_PAYLOAD,CODAL auditor report (گزارش حسابرس مستقل) for this ticker|fiscal_year
فمراد|1401,فمراد,1401,auditor_opinion_type,MATCHED_SEPARATE_VALID,HTML_MISLABELED_XLSX,فمراد.zip!فمراد_۱۴۰۱_۱۲_۲۹_separate_ن-۱۰_صورت‌های مالی سال مالی منتهی به ۱۴۰۱_۱۲_۲۹ (حسابرسی شده).xlsx,AUDITOR_REPORT_ABSENT_FROM_PAYLOAD,CODAL auditor report (گزارش حسابرس مستقل) for this ticker|fiscal_year
فمراد|1401,فمراد,1401,auditor_report_date,MATCHED_SEPARATE_VALID,HTML_MISLABELED_XLSX,فمراد.zip!فمراد_۱۴۰۱_۱۲_۲۹_separate_ن-۱۰_صورت‌های مالی سال مالی منتهی به ۱۴۰۱_۱۲_۲۹ (حسابرسی شده).xlsx,AUDITOR_REPORT_ABSENT_FROM_PAYLOAD,CODAL auditor report (گزارش حسابرس مستقل) for this ticker|fiscal_year
فمراد|1402,فمراد,1402,fiscal_year_end,NO_ARCHIVE_MATCH,,,NO_ARCHIVE_MATCH,CODAL separate audited financial statements + auditor report
فمراد|1402,فمراد,1402,auditor_opinion_type,NO_ARCHIVE_MATCH,,,NO_ARCHIVE_MATCH,CODAL separate audited financial statements + auditor report
فمراد|1402,فمراد,1402,auditor_report_date,NO_ARCHIVE_MATCH,,,NO_ARCHIVE_MATCH,CODAL separate audited financial statements + auditor report
فنورد|1397,فنورد,1397,auditor_opinion_type,MATCHED_SEPARATE_VALID,HTML_MISLABELED_XLSX,فنورد.zip!فنورد_۱۳۹۷_۱۲_۲۹_separate_ن-۱۰_صورت‌های مالی سال مالی منتهی به ۱۳۹۷_۱۲_۲۹ (حسابرسی شده).xlsx,AUDITOR_REPORT_ABSENT_FROM_PAYLOAD,CODAL auditor report (گزارش حسابرس مستقل) for this ticker|fiscal_year
فنورد|1397,فنورد,1397,auditor_report_date,MATCHED_SEPARATE_VALID,HTML_MISLABELED_XLSX,فنورد.zip!فنورد_۱۳۹۷_۱۲_۲۹_separate_ن-۱۰_صورت‌های مالی سال مالی منتهی به ۱۳۹۷_۱۲_۲۹ (حسابرسی شده).xlsx,AUDITOR_REPORT_ABSENT_FROM_PAYLOAD,CODAL auditor report (گزارش حسابرس مستقل) for this ticker|fiscal_year
فنورد|1398,فنورد,1398,auditor_opinion_type,MATCHED_SEPARATE_VALID,HTML_MISLABELED_XLSX,فنورد.zip!فنورد_۱۳۹۸_۱۲_۲۹_separate_ن-۱۰_صورت‌های مالی سال مالی منتهی به ۱۳۹۸_۱۲_۲۹ (حسابرسی شده).xlsx,AUDITOR_REPORT_ABSENT_FROM_PAYLOAD,CODAL auditor report (گزارش حسابرس مستقل) for this ticker|fiscal_year
فنورد|1398,فنورد,1398,auditor_report_date,MATCHED_SEPARATE_VALID,HTML_MISLABELED_XLSX,فنورد.zip!فنورد_۱۳۹۸_۱۲_۲۹_separate_ن-۱۰_صورت‌های مالی سال مالی منتهی به ۱۳۹۸_۱۲_۲۹ (حسابرسی شده).xlsx,AUDITOR_REPORT_ABSENT_FROM_PAYLOAD,CODAL auditor report (گزارش حسابرس مستقل) for this ticker|fiscal_year
فنورد|1399,فنورد,1399,auditor_opinion_type,MATCHED_SEPARATE_VALID,HTML_MISLABELED_XLSX,فنورد.zip!فنورد_۱۳۹۹_۱۲_۳۰_separate_ن-۱۰_صورت‌های مالی سال مالی منتهی به ۱۳۹۹_۱۲_۳۰ (حسابرسی شده).xlsx,AUDITOR_REPORT_ABSENT_FROM_PAYLOAD,CODAL auditor report (گزارش حسابرس مستقل) for this ticker|fiscal_year
فنورد|1399,فنورد,1399,auditor_report_date,MATCHED_SEPARATE_VALID,HTML_MISLABELED_XLSX,فنورد.zip!فنورد_۱۳۹۹_۱۲_۳۰_separate_ن-۱۰_صورت‌های مالی سال مالی منتهی به ۱۳۹۹_۱۲_۳۰ (حسابرسی شده).xlsx,AUDITOR_REPORT_ABSENT_FROM_PAYLOAD,CODAL auditor report (گزارش حسابرس مستقل) for this ticker|fiscal_year
فنورد|1400,فنورد,1400,auditor_opinion_type,MATCHED_SEPARATE_CORRECTION_REJECTED_ORIGINAL_RETAINED,HTML_MISLABELED_XLSX,فنورد.zip!فنورد_۱۴۰۰_۱۲_۲۹_separate_ن-۱۰_صورت‌های مالی سال مالی منتهی به ۱۴۰۰_۱۲_۲۹ (حسابرسی شده).xlsx,AUDITOR_REPORT_ABSENT_FROM_PAYLOAD,CODAL auditor report (گزارش حسابرس مستقل) for this ticker|fiscal_year
فنورد|1400,فنورد,1400,auditor_report_date,MATCHED_SEPARATE_CORRECTION_REJECTED_ORIGINAL_RETAINED,HTML_MISLABELED_XLSX,فنورد.zip!فنورد_۱۴۰۰_۱۲_۲۹_separate_ن-۱۰_صورت‌های مالی سال مالی منتهی به ۱۴۰۰_۱۲_۲۹ (حسابرسی شده).xlsx,AUDITOR_REPORT_ABSENT_FROM_PAYLOAD,CODAL auditor report (گزارش حسابرس مستقل) for this ticker|fiscal_year
فنورد|1401,فنورد,1401,auditor_opinion_type,MATCHED_SEPARATE_VALID,HTML_MISLABELED_XLSX,فنورد.zip!فنورد_۱۴۰۱_۱۲_۲۹_separate_ن-۱۰_صورت‌های مالی سال مالی منتهی به ۱۴۰۱_۱۲_۲۹ (حسابرسی شده).xlsx,AUDITOR_REPORT_ABSENT_FROM_PAYLOAD,CODAL auditor report (گزارش حسابرس مستقل) for this ticker|fiscal_year
فنورد|1401,فنورد,1401,auditor_report_date,MATCHED_SEPARATE_VALID,HTML_MISLABELED_XLSX,فنورد.zip!فنورد_۱۴۰۱_۱۲_۲۹_separate_ن-۱۰_صورت‌های مالی سال مالی منتهی به ۱۴۰۱_۱۲_۲۹ (حسابرسی شده).xlsx,AUDITOR_REPORT_ABSENT_FROM_PAYLOAD,CODAL auditor report (گزارش حسابرس مستقل) for this ticker|fiscal_year
فنورد|1402,فنورد,1402,auditor_opinion_type,MATCHED_SEPARATE_VALID,HTML_MISLABELED_XLSX,فنورد.zip!فنورد_۱۴۰۲_۱۲_۲۹_separate_ن-۱۰_صورت‌های مالی سال مالی منتهی به ۱۴۰۲_۱۲_۲۹ (حسابرسی شده).xlsx,AUDITOR_REPORT_ABSENT_FROM_PAYLOAD,CODAL auditor report (گزارش حسابرس مستقل) for this ticker|fiscal_year
فنورد|1402,فنورد,1402,auditor_report_date,MATCHED_SEPARATE_VALID,HTML_MISLABELED_XLSX,فنورد.zip!فنورد_۱۴۰۲_۱۲_۲۹_separate_ن-۱۰_صورت‌های مالی سال مالی منتهی به ۱۴۰۲_۱۲_۲۹ (حسابرسی شده).xlsx,AUDITOR_REPORT_ABSENT_FROM_PAYLOAD,CODAL auditor report (گزارش حسابرس مستقل) for this ticker|fiscal_year
فسرب|1397,فسرب,1397,auditor_opinion_type,MATCHED_SEPARATE_VALID,HTML_MISLABELED_XLSX,فسرب.zip!فسرب_۱۳۹۷_۱۲_۲۹_separate_ن-۱۰_صورت‌های مالی سال مالی منتهی به ۱۳۹۷_۱۲_۲۹ (حسابرسی شده).xlsx,AUDITOR_REPORT_ABSENT_FROM_PAYLOAD,CODAL auditor report (گزارش حسابرس مستقل) for this ticker|fiscal_year
فسرب|1397,فسرب,1397,auditor_report_date,MATCHED_SEPARATE_VALID,HTML_MISLABELED_XLSX,فسرب.zip!فسرب_۱۳۹۷_۱۲_۲۹_separate_ن-۱۰_صورت‌های مالی سال مالی منتهی به ۱۳۹۷_۱۲_۲۹ (حسابرسی شده).xlsx,AUDITOR_REPORT_ABSENT_FROM_PAYLOAD,CODAL auditor report (گزارش حسابرس مستقل) for this ticker|fiscal_year
فسرب|1398,فسرب,1398,auditor_opinion_type,MATCHED_SEPARATE_VALID,HTML_MISLABELED_XLSX,فسرب.zip!فسرب_۱۳۹۸_۱۲_۲۹_separate_ن-۱۰_صورت‌های مالی سال مالی منتهی به ۱۳۹۸_۱۲_۲۹ (حسابرسی شده).xlsx,AUDITOR_REPORT_ABSENT_FROM_PAYLOAD,CODAL auditor report (گزارش حسابرس مستقل) for this ticker|fiscal_year
فسرب|1398,فسرب,1398,auditor_report_date,MATCHED_SEPARATE_VALID,HTML_MISLABELED_XLSX,فسرب.zip!فسرب_۱۳۹۸_۱۲_۲۹_separate_ن-۱۰_صورت‌های مالی سال مالی منتهی به ۱۳۹۸_۱۲_۲۹ (حسابرسی شده).xlsx,AUDITOR_REPORT_ABSENT_FROM_PAYLOAD,CODAL auditor report (گزارش حسابرس مستقل) for this ticker|fiscal_year
فسرب|1399,فسرب,1399,auditor_opinion_type,MATCHED_SEPARATE_VALID,HTML_MISLABELED_XLSX,فسرب.zip!فسرب_۱۳۹۹_۱۲_۳۰_separate_ن-۱۰_صورت‌های مالی سال مالی منتهی به ۱۳۹۹_۱۲_۳۰ (حسابرسی شده).xlsx,AUDITOR_REPORT_ABSENT_FROM_PAYLOAD,CODAL auditor report (گزارش حسابرس مستقل) for this ticker|fiscal_year
فسرب|1399,فسرب,1399,auditor_report_date,MATCHED_SEPARATE_VALID,HTML_MISLABELED_XLSX,فسرب.zip!فسرب_۱۳۹۹_۱۲_۳۰_separate_ن-۱۰_صورت‌های مالی سال مالی منتهی به ۱۳۹۹_۱۲_۳۰ (حسابرسی شده).xlsx,AUDITOR_REPORT_ABSENT_FROM_PAYLOAD,CODAL auditor report (گزارش حسابرس مستقل) for this ticker|fiscal_year
فسرب|1400,فسرب,1400,auditor_opinion_type,MATCHED_SEPARATE_VALID,HTML_MISLABELED_XLSX,فسرب.zip!فسرب_۱۴۰۰_۱۲_۲۹_separate_ن-۱۰_صورت‌های مالی سال مالی منتهی به ۱۴۰۰_۱۲_۲۹ (حسابرسی شده).xlsx,AUDITOR_REPORT_ABSENT_FROM_PAYLOAD,CODAL auditor report (گزارش حسابرس مستقل) for this ticker|fiscal_year
فسرب|1400,فسرب,1400,auditor_report_date,MATCHED_SEPARATE_VALID,HTML_MISLABELED_XLSX,فسرب.zip!فسرب_۱۴۰۰_۱۲_۲۹_separate_ن-۱۰_صورت‌های مالی سال مالی منتهی به ۱۴۰۰_۱۲_۲۹ (حسابرسی شده).xlsx,AUDITOR_REPORT_ABSENT_FROM_PAYLOAD,CODAL auditor report (گزارش حسابرس مستقل) for this ticker|fiscal_year
فسرب|1401,فسرب,1401,auditor_opinion_type,MATCHED_SEPARATE_CORRECTION_SELECTED,HTML_MISLABELED_XLSX,فسرب.zip!فسرب_۱۴۰۱_۱۲_۲۹_separate_ن-۱۰_صورت‌های مالی سال مالی منتهی به ۱۴۰۱_۱۲_۲۹ (حسابرسی شده)(اصلاحیه).xlsx,AUDITOR_REPORT_ABSENT_FROM_PAYLOAD,CODAL auditor report (گزارش حسابرس مستقل) for this ticker|fiscal_year
فسرب|1401,فسرب,1401,auditor_report_date,MATCHED_SEPARATE_CORRECTION_SELECTED,HTML_MISLABELED_XLSX,فسرب.zip!فسرب_۱۴۰۱_۱۲_۲۹_separate_ن-۱۰_صورت‌های مالی سال مالی منتهی به ۱۴۰۱_۱۲_۲۹ (حسابرسی شده)(اصلاحیه).xlsx,AUDITOR_REPORT_ABSENT_FROM_PAYLOAD,CODAL auditor report (گزارش حسابرس مستقل) for this ticker|fiscal_year
فسرب|1402,فسرب,1402,auditor_opinion_type,MATCHED_SEPARATE_VALID,HTML_MISLABELED_XLSX,فسرب.zip!فسرب_۱۴۰۲_۱۲_۲۹_separate_ن-۱۰_صورت‌های مالی سال مالی منتهی به ۱۴۰۲_۱۲_۲۹ (حسابرسی شده).xlsx,AUDITOR_REPORT_ABSENT_FROM_PAYLOAD,CODAL auditor report (گزارش حسابرس مستقل) for this ticker|fiscal_year
فسرب|1402,فسرب,1402,auditor_report_date,MATCHED_SEPARATE_VALID,HTML_MISLABELED_XLSX,فسرب.zip!فسرب_۱۴۰۲_۱۲_۲۹_separate_ن-۱۰_صورت‌های مالی سال مالی منتهی به ۱۴۰۲_۱۲_۲۹ (حسابرسی شده).xlsx,AUDITOR_REPORT_ABSENT_FROM_PAYLOAD,CODAL auditor report (گزارش حسابرس مستقل) for this ticker|fiscal_year
فپنتا|1395,فپنتا,1395,fiscal_year_end,ONLY_CONSOLIDATED_AVAILABLE,,,ONLY_CONSOLIDATED_AVAILABLE,CODAL separate audited financial statements + auditor report
فپنتا|1395,فپنتا,1395,auditor_opinion_type,ONLY_CONSOLIDATED_AVAILABLE,,,ONLY_CONSOLIDATED_AVAILABLE,CODAL separate audited financial statements + auditor report
فپنتا|1395,فپنتا,1395,auditor_report_date,ONLY_CONSOLIDATED_AVAILABLE,,,ONLY_CONSOLIDATED_AVAILABLE,CODAL separate audited financial statements + auditor report
فپنتا|1396,فپنتا,1396,fiscal_year_end,ONLY_CONSOLIDATED_AVAILABLE,,,ONLY_CONSOLIDATED_AVAILABLE,CODAL separate audited financial statements + auditor report
فپنتا|1396,فپنتا,1396,auditor_opinion_type,ONLY_CONSOLIDATED_AVAILABLE,,,ONLY_CONSOLIDATED_AVAILABLE,CODAL separate audited financial statements + auditor report
فپنتا|1396,فپنتا,1396,auditor_report_date,ONLY_CONSOLIDATED_AVAILABLE,,,ONLY_CONSOLIDATED_AVAILABLE,CODAL separate audited financial statements + auditor report
فپنتا|1397,فپنتا,1397,fiscal_year_end,ONLY_CONSOLIDATED_AVAILABLE,,,ONLY_CONSOLIDATED_AVAILABLE,CODAL separate audited financial statements + auditor report
فپنتا|1397,فپنتا,1397,auditor_opinion_type,ONLY_CONSOLIDATED_AVAILABLE,,,ONLY_CONSOLIDATED_AVAILABLE,CODAL separate audited financial statements + auditor report
فپنتا|1397,فپنتا,1397,auditor_report_date,ONLY_CONSOLIDATED_AVAILABLE,,,ONLY_CONSOLIDATED_AVAILABLE,CODAL separate audited financial statements + auditor report
فپنتا|1398,فپنتا,1398,fiscal_year_end,ONLY_CONSOLIDATED_AVAILABLE,,,ONLY_CONSOLIDATED_AVAILABLE,CODAL separate audited financial statements + auditor report
فپنتا|1398,فپنتا,1398,auditor_opinion_type,ONLY_CONSOLIDATED_AVAILABLE,,,ONLY_CONSOLIDATED_AVAILABLE,CODAL separate audited financial statements + auditor report
فپنتا|1398,فپنتا,1398,auditor_report_date,ONLY_CONSOLIDATED_AVAILABLE,,,ONLY_CONSOLIDATED_AVAILABLE,CODAL separate audited financial statements + auditor report
فپنتا|1399,فپنتا,1399,fiscal_year_end,ONLY_CONSOLIDATED_AVAILABLE,,,ONLY_CONSOLIDATED_AVAILABLE,CODAL separate audited financial statements + auditor report
فپنتا|1399,فپنتا,1399,auditor_opinion_type,ONLY_CONSOLIDATED_AVAILABLE,,,ONLY_CONSOLIDATED_AVAILABLE,CODAL separate audited financial statements + auditor report
فپنتا|1399,فپنتا,1399,auditor_report_date,ONLY_CONSOLIDATED_AVAILABLE,,,ONLY_CONSOLIDATED_AVAILABLE,CODAL separate audited financial statements + auditor report
فپنتا|1400,فپنتا,1400,fiscal_year_end,ONLY_CONSOLIDATED_AVAILABLE,,,ONLY_CONSOLIDATED_AVAILABLE,CODAL separate audited financial statements + auditor report
فپنتا|1400,فپنتا,1400,auditor_opinion_type,ONLY_CONSOLIDATED_AVAILABLE,,,ONLY_CONSOLIDATED_AVAILABLE,CODAL separate audited financial statements + auditor report
فپنتا|1400,فپنتا,1400,auditor_report_date,ONLY_CONSOLIDATED_AVAILABLE,,,ONLY_CONSOLIDATED_AVAILABLE,CODAL separate audited financial statements + auditor report
فپنتا|1401,فپنتا,1401,fiscal_year_end,NO_ARCHIVE_MATCH,,,NO_ARCHIVE_MATCH,CODAL separate audited financial statements + auditor report
فپنتا|1401,فپنتا,1401,auditor_opinion_type,NO_ARCHIVE_MATCH,,,NO_ARCHIVE_MATCH,CODAL separate audited financial statements + auditor report
فپنتا|1401,فپنتا,1401,auditor_report_date,NO_ARCHIVE_MATCH,,,NO_ARCHIVE_MATCH,CODAL separate audited financial statements + auditor report
فپنتا|1402,فپنتا,1402,fiscal_year_end,ONLY_CONSOLIDATED_AVAILABLE,,,ONLY_CONSOLIDATED_AVAILABLE,CODAL separate audited financial statements + auditor report
فپنتا|1402,فپنتا,1402,auditor_opinion_type,ONLY_CONSOLIDATED_AVAILABLE,,,ONLY_CONSOLIDATED_AVAILABLE,CODAL separate audited financial statements + auditor report
فپنتا|1402,فپنتا,1402,auditor_report_date,ONLY_CONSOLIDATED_AVAILABLE,,,ONLY_CONSOLIDATED_AVAILABLE,CODAL separate audited financial statements + auditor report
فولاژ|1396,فولاژ,1396,fiscal_year_end,ONLY_CONSOLIDATED_AVAILABLE,,,ONLY_CONSOLIDATED_AVAILABLE,CODAL separate audited financial statements + auditor report
فولاژ|1396,فولاژ,1396,auditor_opinion_type,ONLY_CONSOLIDATED_AVAILABLE,,,ONLY_CONSOLIDATED_AVAILABLE,CODAL separate audited financial statements + auditor report
فولاژ|1396,فولاژ,1396,auditor_report_date,ONLY_CONSOLIDATED_AVAILABLE,,,ONLY_CONSOLIDATED_AVAILABLE,CODAL separate audited financial statements + auditor report
فولاژ|1397,فولاژ,1397,fiscal_year_end,ONLY_CONSOLIDATED_AVAILABLE,,,ONLY_CONSOLIDATED_AVAILABLE,CODAL separate audited financial statements + auditor report
فولاژ|1397,فولاژ,1397,auditor_opinion_type,ONLY_CONSOLIDATED_AVAILABLE,,,ONLY_CONSOLIDATED_AVAILABLE,CODAL separate audited financial statements + auditor report
فولاژ|1397,فولاژ,1397,auditor_report_date,ONLY_CONSOLIDATED_AVAILABLE,,,ONLY_CONSOLIDATED_AVAILABLE,CODAL separate audited financial statements + auditor report
فولاژ|1398,فولاژ,1398,fiscal_year_end,ONLY_CONSOLIDATED_AVAILABLE,,,ONLY_CONSOLIDATED_AVAILABLE,CODAL separate audited financial statements + auditor report
فولاژ|1398,فولاژ,1398,auditor_opinion_type,ONLY_CONSOLIDATED_AVAILABLE,,,ONLY_CONSOLIDATED_AVAILABLE,CODAL separate audited financial statements + auditor report
فولاژ|1398,فولاژ,1398,auditor_report_date,ONLY_CONSOLIDATED_AVAILABLE,,,ONLY_CONSOLIDATED_AVAILABLE,CODAL separate audited financial statements + auditor report
فولاژ|1399,فولاژ,1399,fiscal_year_end,ONLY_CONSOLIDATED_AVAILABLE,,,ONLY_CONSOLIDATED_AVAILABLE,CODAL separate audited financial statements + auditor report
فولاژ|1399,فولاژ,1399,auditor_opinion_type,ONLY_CONSOLIDATED_AVAILABLE,,,ONLY_CONSOLIDATED_AVAILABLE,CODAL separate audited financial statements + auditor report
فولاژ|1399,فولاژ,1399,auditor_report_date,ONLY_CONSOLIDATED_AVAILABLE,,,ONLY_CONSOLIDATED_AVAILABLE,CODAL separate audited financial statements + auditor report
فولاژ|1400,فولاژ,1400,fiscal_year_end,ONLY_CONSOLIDATED_AVAILABLE,,,ONLY_CONSOLIDATED_AVAILABLE,CODAL separate audited financial statements + auditor report
فولاژ|1400,فولاژ,1400,auditor_opinion_type,ONLY_CONSOLIDATED_AVAILABLE,,,ONLY_CONSOLIDATED_AVAILABLE,CODAL separate audited financial statements + auditor report
فولاژ|1400,فولاژ,1400,auditor_report_date,ONLY_CONSOLIDATED_AVAILABLE,,,ONLY_CONSOLIDATED_AVAILABLE,CODAL separate audited financial statements + auditor report
فولاژ|1401,فولاژ,1401,fiscal_year_end,ONLY_CONSOLIDATED_AVAILABLE,,,ONLY_CONSOLIDATED_AVAILABLE,CODAL separate audited financial statements + auditor report
فولاژ|1401,فولاژ,1401,auditor_opinion_type,ONLY_CONSOLIDATED_AVAILABLE,,,ONLY_CONSOLIDATED_AVAILABLE,CODAL separate audited financial statements + auditor report
فولاژ|1401,فولاژ,1401,auditor_report_date,ONLY_CONSOLIDATED_AVAILABLE,,,ONLY_CONSOLIDATED_AVAILABLE,CODAL separate audited financial statements + auditor report
فولاژ|1402,فولاژ,1402,fiscal_year_end,ONLY_CONSOLIDATED_AVAILABLE,,,ONLY_CONSOLIDATED_AVAILABLE,CODAL separate audited financial statements + auditor report
فولاژ|1402,فولاژ,1402,auditor_opinion_type,ONLY_CONSOLIDATED_AVAILABLE,,,ONLY_CONSOLIDATED_AVAILABLE,CODAL separate audited financial statements + auditor report
فولاژ|1402,فولاژ,1402,auditor_report_date,ONLY_CONSOLIDATED_AVAILABLE,,,ONLY_CONSOLIDATED_AVAILABLE,CODAL separate audited financial statements + auditor report
غبهنوش|1397,غبهنوش,1397,auditor_opinion_type,MATCHED_SEPARATE_VALID,HTML_MISLABELED_XLSX,غبهنوش.zip!غبهنوش_۱۳۹۷_۱۲_۲۹_separate_ن-۱۰_صورت‌های مالی سال مالی منتهی به ۱۳۹۷_۱۲_۲۹ (حسابرسی شده).xlsx,AUDITOR_REPORT_ABSENT_FROM_PAYLOAD,CODAL auditor report (گزارش حسابرس مستقل) for this ticker|fiscal_year
غبهنوش|1397,غبهنوش,1397,auditor_report_date,MATCHED_SEPARATE_VALID,HTML_MISLABELED_XLSX,غبهنوش.zip!غبهنوش_۱۳۹۷_۱۲_۲۹_separate_ن-۱۰_صورت‌های مالی سال مالی منتهی به ۱۳۹۷_۱۲_۲۹ (حسابرسی شده).xlsx,AUDITOR_REPORT_ABSENT_FROM_PAYLOAD,CODAL auditor report (گزارش حسابرس مستقل) for this ticker|fiscal_year
غبهنوش|1398,غبهنوش,1398,auditor_opinion_type,MATCHED_SEPARATE_VALID,HTML_MISLABELED_XLSX,غبهنوش.zip!غبهنوش_۱۳۹۸_۱۲_۲۹_separate_ن-۱۰_صورت‌های مالی سال مالی منتهی به ۱۳۹۸_۱۲_۲۹ (حسابرسی شده).xlsx,AUDITOR_REPORT_ABSENT_FROM_PAYLOAD,CODAL auditor report (گزارش حسابرس مستقل) for this ticker|fiscal_year
غبهنوش|1398,غبهنوش,1398,auditor_report_date,MATCHED_SEPARATE_VALID,HTML_MISLABELED_XLSX,غبهنوش.zip!غبهنوش_۱۳۹۸_۱۲_۲۹_separate_ن-۱۰_صورت‌های مالی سال مالی منتهی به ۱۳۹۸_۱۲_۲۹ (حسابرسی شده).xlsx,AUDITOR_REPORT_ABSENT_FROM_PAYLOAD,CODAL auditor report (گزارش حسابرس مستقل) for this ticker|fiscal_year
غبهنوش|1399,غبهنوش,1399,auditor_opinion_type,MATCHED_SEPARATE_VALID,HTML_MISLABELED_XLSX,غبهنوش.zip!غبهنوش_۱۳۹۹_۱۲_۳۰_separate_ن-۱۰_صورت‌های مالی سال مالی منتهی به ۱۳۹۹_۱۲_۳۰ (حسابرسی شده).xlsx,AUDITOR_REPORT_ABSENT_FROM_PAYLOAD,CODAL auditor report (گزارش حسابرس مستقل) for this ticker|fiscal_year
غبهنوش|1399,غبهنوش,1399,auditor_report_date,MATCHED_SEPARATE_VALID,HTML_MISLABELED_XLSX,غبهنوش.zip!غبهنوش_۱۳۹۹_۱۲_۳۰_separate_ن-۱۰_صورت‌های مالی سال مالی منتهی به ۱۳۹۹_۱۲_۳۰ (حسابرسی شده).xlsx,AUDITOR_REPORT_ABSENT_FROM_PAYLOAD,CODAL auditor report (گزارش حسابرس مستقل) for this ticker|fiscal_year
غبهنوش|1400,غبهنوش,1400,auditor_opinion_type,MATCHED_SEPARATE_VALID,HTML_MISLABELED_XLSX,غبهنوش.zip!غبهنوش_۱۴۰۰_۱۲_۲۹_separate_ن-۱۰_صورت‌های مالی سال مالی منتهی به ۱۴۰۰_۱۲_۲۹ (حسابرسی شده).xlsx,AUDITOR_REPORT_ABSENT_FROM_PAYLOAD,CODAL auditor report (گزارش حسابرس مستقل) for this ticker|fiscal_year
غبهنوش|1400,غبهنوش,1400,auditor_report_date,MATCHED_SEPARATE_VALID,HTML_MISLABELED_XLSX,غبهنوش.zip!غبهنوش_۱۴۰۰_۱۲_۲۹_separate_ن-۱۰_صورت‌های مالی سال مالی منتهی به ۱۴۰۰_۱۲_۲۹ (حسابرسی شده).xlsx,AUDITOR_REPORT_ABSENT_FROM_PAYLOAD,CODAL auditor report (گزارش حسابرس مستقل) for this ticker|fiscal_year
غبهنوش|1401,غبهنوش,1401,auditor_opinion_type,MATCHED_SEPARATE_VALID,HTML_MISLABELED_XLSX,غبهنوش.zip!غبهنوش_۱۴۰۱_۱۲_۲۹_separate_ن-۱۰_صورت‌های مالی سال مالی منتهی به ۱۴۰۱_۱۲_۲۹ (حسابرسی شده).xlsx,AUDITOR_REPORT_ABSENT_FROM_PAYLOAD,CODAL auditor report (گزارش حسابرس مستقل) for this ticker|fiscal_year
غبهنوش|1401,غبهنوش,1401,auditor_report_date,MATCHED_SEPARATE_VALID,HTML_MISLABELED_XLSX,غبهنوش.zip!غبهنوش_۱۴۰۱_۱۲_۲۹_separate_ن-۱۰_صورت‌های مالی سال مالی منتهی به ۱۴۰۱_۱۲_۲۹ (حسابرسی شده).xlsx,AUDITOR_REPORT_ABSENT_FROM_PAYLOAD,CODAL auditor report (گزارش حسابرس مستقل) for this ticker|fiscal_year
غبهنوش|1402,غبهنوش,1402,auditor_opinion_type,MATCHED_SEPARATE_VALID,HTML_MISLABELED_XLSX,غبهنوش.zip!غبهنوش_۱۴۰۲_۱۲_۲۹_separate_ن-۱۰_صورت‌های مالی سال مالی منتهی به ۱۴۰۲_۱۲_۲۹ (حسابرسی شده).xlsx,AUDITOR_REPORT_ABSENT_FROM_PAYLOAD,CODAL auditor report (گزارش حسابرس مستقل) for this ticker|fiscal_year
غبهنوش|1402,غبهنوش,1402,auditor_report_date,MATCHED_SEPARATE_VALID,HTML_MISLABELED_XLSX,غبهنوش.zip!غبهنوش_۱۴۰۲_۱۲_۲۹_separate_ن-۱۰_صورت‌های مالی سال مالی منتهی به ۱۴۰۲_۱۲_۲۹ (حسابرسی شده).xlsx,AUDITOR_REPORT_ABSENT_FROM_PAYLOAD,CODAL auditor report (گزارش حسابرس مستقل) for this ticker|fiscal_year
غدام|1397,غدام,1397,auditor_opinion_type,MATCHED_SEPARATE_VALID,HTML_MISLABELED_XLSX,غدام.zip!غدام_۱۳۹۷_۰۹_۳۰_separate_ن-۱۰_صورت‌های مالی سال مالی منتهی به ۱۳۹۷_۰۹_۳۰ (حسابرسی شده).xlsx,AUDITOR_REPORT_ABSENT_FROM_PAYLOAD,CODAL auditor report (گزارش حسابرس مستقل) for this ticker|fiscal_year
غدام|1397,غدام,1397,auditor_report_date,MATCHED_SEPARATE_VALID,HTML_MISLABELED_XLSX,غدام.zip!غدام_۱۳۹۷_۰۹_۳۰_separate_ن-۱۰_صورت‌های مالی سال مالی منتهی به ۱۳۹۷_۰۹_۳۰ (حسابرسی شده).xlsx,AUDITOR_REPORT_ABSENT_FROM_PAYLOAD,CODAL auditor report (گزارش حسابرس مستقل) for this ticker|fiscal_year
غدام|1398,غدام,1398,auditor_opinion_type,MATCHED_SEPARATE_VALID,HTML_MISLABELED_XLSX,غدام.zip!غدام_۱۳۹۸_۰۹_۳۰_separate_ن-۱۰_صورت‌های مالی سال مالی منتهی به ۱۳۹۸_۰۹_۳۰ (حسابرسی شده).xlsx,AUDITOR_REPORT_ABSENT_FROM_PAYLOAD,CODAL auditor report (گزارش حسابرس مستقل) for this ticker|fiscal_year
غدام|1398,غدام,1398,auditor_report_date,MATCHED_SEPARATE_VALID,HTML_MISLABELED_XLSX,غدام.zip!غدام_۱۳۹۸_۰۹_۳۰_separate_ن-۱۰_صورت‌های مالی سال مالی منتهی به ۱۳۹۸_۰۹_۳۰ (حسابرسی شده).xlsx,AUDITOR_REPORT_ABSENT_FROM_PAYLOAD,CODAL auditor report (گزارش حسابرس مستقل) for this ticker|fiscal_year
غدام|1399,غدام,1399,auditor_opinion_type,MATCHED_SEPARATE_VALID,HTML_MISLABELED_XLSX,غدام.zip!غدام_۱۳۹۹_۰۹_۳۰_separate_ن-۱۰_صورت‌های مالی سال مالی منتهی به ۱۳۹۹_۰۹_۳۰ (حسابرسی شده).xlsx,AUDITOR_REPORT_ABSENT_FROM_PAYLOAD,CODAL auditor report (گزارش حسابرس مستقل) for this ticker|fiscal_year
غدام|1399,غدام,1399,auditor_report_date,MATCHED_SEPARATE_VALID,HTML_MISLABELED_XLSX,غدام.zip!غدام_۱۳۹۹_۰۹_۳۰_separate_ن-۱۰_صورت‌های مالی سال مالی منتهی به ۱۳۹۹_۰۹_۳۰ (حسابرسی شده).xlsx,AUDITOR_REPORT_ABSENT_FROM_PAYLOAD,CODAL auditor report (گزارش حسابرس مستقل) for this ticker|fiscal_year
غدام|1400,غدام,1400,auditor_opinion_type,MATCHED_SEPARATE_VALID,HTML_MISLABELED_XLSX,غدام.zip!غدام_۱۴۰۰_۰۹_۳۰_separate_ن-۱۰_صورت‌های مالی سال مالی منتهی به ۱۴۰۰_۰۹_۳۰ (حسابرسی شده).xlsx,AUDITOR_REPORT_ABSENT_FROM_PAYLOAD,CODAL auditor report (گزارش حسابرس مستقل) for this ticker|fiscal_year
غدام|1400,غدام,1400,auditor_report_date,MATCHED_SEPARATE_VALID,HTML_MISLABELED_XLSX,غدام.zip!غدام_۱۴۰۰_۰۹_۳۰_separate_ن-۱۰_صورت‌های مالی سال مالی منتهی به ۱۴۰۰_۰۹_۳۰ (حسابرسی شده).xlsx,AUDITOR_REPORT_ABSENT_FROM_PAYLOAD,CODAL auditor report (گزارش حسابرس مستقل) for this ticker|fiscal_year
غدام|1401,غدام,1401,auditor_opinion_type,MATCHED_SEPARATE_VALID,HTML_MISLABELED_XLSX,غدام.zip!غدام_۱۴۰۱_۰۹_۳۰_separate_ن-۱۰_صورت‌های مالی سال مالی منتهی به ۱۴۰۱_۰۹_۳۰ (حسابرسی شده).xlsx,AUDITOR_REPORT_ABSENT_FROM_PAYLOAD,CODAL auditor report (گزارش حسابرس مستقل) for this ticker|fiscal_year
غدام|1401,غدام,1401,auditor_report_date,MATCHED_SEPARATE_VALID,HTML_MISLABELED_XLSX,غدام.zip!غدام_۱۴۰۱_۰۹_۳۰_separate_ن-۱۰_صورت‌های مالی سال مالی منتهی به ۱۴۰۱_۰۹_۳۰ (حسابرسی شده).xlsx,AUDITOR_REPORT_ABSENT_FROM_PAYLOAD,CODAL auditor report (گزارش حسابرس مستقل) for this ticker|fiscal_year
غدام|1402,غدام,1402,auditor_opinion_type,MATCHED_SEPARATE_VALID,HTML_MISLABELED_XLSX,غدام.zip!غدام_۱۴۰۲_۰۹_۳۰_separate_ن-۱۰_صورت‌های مالی سال مالی منتهی به ۱۴۰۲_۰۹_۳۰ (حسابرسی شده).xlsx,AUDITOR_REPORT_ABSENT_FROM_PAYLOAD,CODAL auditor report (گزارش حسابرس مستقل) for this ticker|fiscal_year
غدام|1402,غدام,1402,auditor_report_date,MATCHED_SEPARATE_VALID,HTML_MISLABELED_XLSX,غدام.zip!غدام_۱۴۰۲_۰۹_۳۰_separate_ن-۱۰_صورت‌های مالی سال مالی منتهی به ۱۴۰۲_۰۹_۳۰ (حسابرسی شده).xlsx,AUDITOR_REPORT_ABSENT_FROM_PAYLOAD,CODAL auditor report (گزارش حسابرس مستقل) for this ticker|fiscal_year
غگل|1397,غگل,1397,auditor_opinion_type,MATCHED_SEPARATE_VALID,HTML_MISLABELED_XLSX,غگل.zip!غگل_۱۳۹۷_۰۶_۳۱_separate_ن-۱۰_صورت‌های مالی سال مالی منتهی به ۱۳۹۷_۰۶_۳۱ (حسابرسی شده).xlsx,AUDITOR_REPORT_ABSENT_FROM_PAYLOAD,CODAL auditor report (گزارش حسابرس مستقل) for this ticker|fiscal_year
غگل|1397,غگل,1397,auditor_report_date,MATCHED_SEPARATE_VALID,HTML_MISLABELED_XLSX,غگل.zip!غگل_۱۳۹۷_۰۶_۳۱_separate_ن-۱۰_صورت‌های مالی سال مالی منتهی به ۱۳۹۷_۰۶_۳۱ (حسابرسی شده).xlsx,AUDITOR_REPORT_ABSENT_FROM_PAYLOAD,CODAL auditor report (گزارش حسابرس مستقل) for this ticker|fiscal_year
غگل|1398,غگل,1398,fiscal_year_end,MATCHED_SEPARATE_VALID,HTML_MISLABELED_XLSX,غگل.zip!غگل_۱۳۹۸_۰۶_۳۱_separate_ن-۱۰_صورت‌های مالی سال مالی منتهی به ۱۳۹۸_۰۶_۳۱ (حسابرسی شده).xlsx,NOT_PRESENT_IN_SOURCE,CODAL auditor report (گزارش حسابرس مستقل) for this ticker|fiscal_year
غگل|1398,غگل,1398,auditor_opinion_type,MATCHED_SEPARATE_VALID,HTML_MISLABELED_XLSX,غگل.zip!غگل_۱۳۹۸_۰۶_۳۱_separate_ن-۱۰_صورت‌های مالی سال مالی منتهی به ۱۳۹۸_۰۶_۳۱ (حسابرسی شده).xlsx,AUDITOR_REPORT_ABSENT_FROM_PAYLOAD,CODAL auditor report (گزارش حسابرس مستقل) for this ticker|fiscal_year
غگل|1398,غگل,1398,auditor_report_date,MATCHED_SEPARATE_VALID,HTML_MISLABELED_XLSX,غگل.zip!غگل_۱۳۹۸_۰۶_۳۱_separate_ن-۱۰_صورت‌های مالی سال مالی منتهی به ۱۳۹۸_۰۶_۳۱ (حسابرسی شده).xlsx,AUDITOR_REPORT_ABSENT_FROM_PAYLOAD,CODAL auditor report (گزارش حسابرس مستقل) for this ticker|fiscal_year
غگل|1399,غگل,1399,auditor_opinion_type,MATCHED_SEPARATE_VALID,HTML_MISLABELED_XLSX,غگل.zip!غگل_۱۳۹۹_۰۶_۳۱_separate_ن-۱۰_صورت‌های مالی سال مالی منتهی به ۱۳۹۹_۰۶_۳۱ (حسابرسی شده).xlsx,AUDITOR_REPORT_ABSENT_FROM_PAYLOAD,CODAL auditor report (گزارش حسابرس مستقل) for this ticker|fiscal_year
غگل|1399,غگل,1399,auditor_report_date,MATCHED_SEPARATE_VALID,HTML_MISLABELED_XLSX,غگل.zip!غگل_۱۳۹۹_۰۶_۳۱_separate_ن-۱۰_صورت‌های مالی سال مالی منتهی به ۱۳۹۹_۰۶_۳۱ (حسابرسی شده).xlsx,AUDITOR_REPORT_ABSENT_FROM_PAYLOAD,CODAL auditor report (گزارش حسابرس مستقل) for this ticker|fiscal_year
غگل|1400,غگل,1400,auditor_opinion_type,MATCHED_SEPARATE_VALID,HTML_MISLABELED_XLSX,غگل.zip!غگل_۱۴۰۰_۰۶_۳۱_separate_ن-۱۰_صورت‌های مالی سال مالی منتهی به ۱۴۰۰_۰۶_۳۱ (حسابرسی شده).xlsx,AUDITOR_REPORT_ABSENT_FROM_PAYLOAD,CODAL auditor report (گزارش حسابرس مستقل) for this ticker|fiscal_year
غگل|1400,غگل,1400,auditor_report_date,MATCHED_SEPARATE_VALID,HTML_MISLABELED_XLSX,غگل.zip!غگل_۱۴۰۰_۰۶_۳۱_separate_ن-۱۰_صورت‌های مالی سال مالی منتهی به ۱۴۰۰_۰۶_۳۱ (حسابرسی شده).xlsx,AUDITOR_REPORT_ABSENT_FROM_PAYLOAD,CODAL auditor report (گزارش حسابرس مستقل) for this ticker|fiscal_year
غگل|1401,غگل,1401,auditor_opinion_type,MATCHED_SEPARATE_VALID,HTML_MISLABELED_XLSX,غگل.zip!غگل_۱۴۰۱_۰۶_۳۱_separate_ن-۱۰_صورت‌های مالی سال مالی منتهی به ۱۴۰۱_۰۶_۳۱ (حسابرسی شده).xlsx,AUDITOR_REPORT_ABSENT_FROM_PAYLOAD,CODAL auditor report (گزارش حسابرس مستقل) for this ticker|fiscal_year
غگل|1401,غگل,1401,auditor_report_date,MATCHED_SEPARATE_VALID,HTML_MISLABELED_XLSX,غگل.zip!غگل_۱۴۰۱_۰۶_۳۱_separate_ن-۱۰_صورت‌های مالی سال مالی منتهی به ۱۴۰۱_۰۶_۳۱ (حسابرسی شده).xlsx,AUDITOR_REPORT_ABSENT_FROM_PAYLOAD,CODAL auditor report (گزارش حسابرس مستقل) for this ticker|fiscal_year
غگل|1402,غگل,1402,fiscal_year_end,ONLY_CONSOLIDATED_AVAILABLE,,,ONLY_CONSOLIDATED_AVAILABLE,CODAL separate audited financial statements + auditor report
غگل|1402,غگل,1402,auditor_opinion_type,ONLY_CONSOLIDATED_AVAILABLE,,,ONLY_CONSOLIDATED_AVAILABLE,CODAL separate audited financial statements + auditor report
غگل|1402,غگل,1402,auditor_report_date,ONLY_CONSOLIDATED_AVAILABLE,,,ONLY_CONSOLIDATED_AVAILABLE,CODAL separate audited financial statements + auditor report
غنوش|1394,غنوش,1394,fiscal_year_end,ONLY_CONSOLIDATED_AVAILABLE,,,ONLY_CONSOLIDATED_AVAILABLE,CODAL separate audited financial statements + auditor report
غنوش|1394,غنوش,1394,auditor_opinion_type,ONLY_CONSOLIDATED_AVAILABLE,,,ONLY_CONSOLIDATED_AVAILABLE,CODAL separate audited financial statements + auditor report
غنوش|1394,غنوش,1394,auditor_report_date,ONLY_CONSOLIDATED_AVAILABLE,,,ONLY_CONSOLIDATED_AVAILABLE,CODAL separate audited financial statements + auditor report
غنوش|1395,غنوش,1395,fiscal_year_end,ONLY_CONSOLIDATED_AVAILABLE,,,ONLY_CONSOLIDATED_AVAILABLE,CODAL separate audited financial statements + auditor report
غنوش|1395,غنوش,1395,auditor_opinion_type,ONLY_CONSOLIDATED_AVAILABLE,,,ONLY_CONSOLIDATED_AVAILABLE,CODAL separate audited financial statements + auditor report
غنوش|1395,غنوش,1395,auditor_report_date,ONLY_CONSOLIDATED_AVAILABLE,,,ONLY_CONSOLIDATED_AVAILABLE,CODAL separate audited financial statements + auditor report
غنوش|1396,غنوش,1396,fiscal_year_end,ONLY_CONSOLIDATED_AVAILABLE,,,ONLY_CONSOLIDATED_AVAILABLE,CODAL separate audited financial statements + auditor report
غنوش|1396,غنوش,1396,auditor_opinion_type,ONLY_CONSOLIDATED_AVAILABLE,,,ONLY_CONSOLIDATED_AVAILABLE,CODAL separate audited financial statements + auditor report
غنوش|1396,غنوش,1396,auditor_report_date,ONLY_CONSOLIDATED_AVAILABLE,,,ONLY_CONSOLIDATED_AVAILABLE,CODAL separate audited financial statements + auditor report
غنوش|1397,غنوش,1397,fiscal_year_end,ONLY_CONSOLIDATED_AVAILABLE,,,ONLY_CONSOLIDATED_AVAILABLE,CODAL separate audited financial statements + auditor report
غنوش|1397,غنوش,1397,auditor_opinion_type,ONLY_CONSOLIDATED_AVAILABLE,,,ONLY_CONSOLIDATED_AVAILABLE,CODAL separate audited financial statements + auditor report
غنوش|1397,غنوش,1397,auditor_report_date,ONLY_CONSOLIDATED_AVAILABLE,,,ONLY_CONSOLIDATED_AVAILABLE,CODAL separate audited financial statements + auditor report
غنوش|1398,غنوش,1398,fiscal_year_end,ONLY_CONSOLIDATED_AVAILABLE,,,ONLY_CONSOLIDATED_AVAILABLE,CODAL separate audited financial statements + auditor report
غنوش|1398,غنوش,1398,auditor_opinion_type,ONLY_CONSOLIDATED_AVAILABLE,,,ONLY_CONSOLIDATED_AVAILABLE,CODAL separate audited financial statements + auditor report
غنوش|1398,غنوش,1398,auditor_report_date,ONLY_CONSOLIDATED_AVAILABLE,,,ONLY_CONSOLIDATED_AVAILABLE,CODAL separate audited financial statements + auditor report
غنوش|1399,غنوش,1399,fiscal_year_end,ONLY_CONSOLIDATED_AVAILABLE,,,ONLY_CONSOLIDATED_AVAILABLE,CODAL separate audited financial statements + auditor report
غنوش|1399,غنوش,1399,auditor_opinion_type,ONLY_CONSOLIDATED_AVAILABLE,,,ONLY_CONSOLIDATED_AVAILABLE,CODAL separate audited financial statements + auditor report
غنوش|1399,غنوش,1399,auditor_report_date,ONLY_CONSOLIDATED_AVAILABLE,,,ONLY_CONSOLIDATED_AVAILABLE,CODAL separate audited financial statements + auditor report
غنوش|1400,غنوش,1400,fiscal_year_end,ONLY_CONSOLIDATED_AVAILABLE,,,ONLY_CONSOLIDATED_AVAILABLE,CODAL separate audited financial statements + auditor report
غنوش|1400,غنوش,1400,auditor_opinion_type,ONLY_CONSOLIDATED_AVAILABLE,,,ONLY_CONSOLIDATED_AVAILABLE,CODAL separate audited financial statements + auditor report
غنوش|1400,غنوش,1400,auditor_report_date,ONLY_CONSOLIDATED_AVAILABLE,,,ONLY_CONSOLIDATED_AVAILABLE,CODAL separate audited financial statements + auditor report
غنوش|1401,غنوش,1401,fiscal_year_end,ONLY_CONSOLIDATED_AVAILABLE,,,ONLY_CONSOLIDATED_AVAILABLE,CODAL separate audited financial statements + auditor report
غنوش|1401,غنوش,1401,auditor_opinion_type,ONLY_CONSOLIDATED_AVAILABLE,,,ONLY_CONSOLIDATED_AVAILABLE,CODAL separate audited financial statements + auditor report
غنوش|1401,غنوش,1401,auditor_report_date,ONLY_CONSOLIDATED_AVAILABLE,,,ONLY_CONSOLIDATED_AVAILABLE,CODAL separate audited financial statements + auditor report
غنوش|1402,غنوش,1402,fiscal_year_end,ONLY_CONSOLIDATED_AVAILABLE,,,ONLY_CONSOLIDATED_AVAILABLE,CODAL separate audited financial statements + auditor report
غنوش|1402,غنوش,1402,auditor_opinion_type,ONLY_CONSOLIDATED_AVAILABLE,,,ONLY_CONSOLIDATED_AVAILABLE,CODAL separate audited financial statements + auditor report
غنوش|1402,غنوش,1402,auditor_report_date,ONLY_CONSOLIDATED_AVAILABLE,,,ONLY_CONSOLIDATED_AVAILABLE,CODAL separate audited financial statements + auditor report
کفرا|1397,کفرا,1397,auditor_opinion_type,MATCHED_SEPARATE_VALID,HTML_MISLABELED_XLSX,كفرا.zip!كفرا_۱۳۹۷_۱۲_۲۹_separate_ن-۱۰_صورت‌های مالی سال مالی منتهی به ۱۳۹۷_۱۲_۲۹ (حسابرسی شده).xlsx,AUDITOR_REPORT_ABSENT_FROM_PAYLOAD,CODAL auditor report (گزارش حسابرس مستقل) for this ticker|fiscal_year
کفرا|1397,کفرا,1397,auditor_report_date,MATCHED_SEPARATE_VALID,HTML_MISLABELED_XLSX,كفرا.zip!كفرا_۱۳۹۷_۱۲_۲۹_separate_ن-۱۰_صورت‌های مالی سال مالی منتهی به ۱۳۹۷_۱۲_۲۹ (حسابرسی شده).xlsx,AUDITOR_REPORT_ABSENT_FROM_PAYLOAD,CODAL auditor report (گزارش حسابرس مستقل) for this ticker|fiscal_year
کفرا|1398,کفرا,1398,auditor_opinion_type,MATCHED_SEPARATE_VALID,HTML_MISLABELED_XLSX,كفرا.zip!كفرا_۱۳۹۸_۱۲_۲۹_separate_ن-۱۰_صورت‌های مالی سال مالی منتهی به ۱۳۹۸_۱۲_۲۹ (حسابرسی شده).xlsx,AUDITOR_REPORT_ABSENT_FROM_PAYLOAD,CODAL auditor report (گزارش حسابرس مستقل) for this ticker|fiscal_year
کفرا|1398,کفرا,1398,auditor_report_date,MATCHED_SEPARATE_VALID,HTML_MISLABELED_XLSX,كفرا.zip!كفرا_۱۳۹۸_۱۲_۲۹_separate_ن-۱۰_صورت‌های مالی سال مالی منتهی به ۱۳۹۸_۱۲_۲۹ (حسابرسی شده).xlsx,AUDITOR_REPORT_ABSENT_FROM_PAYLOAD,CODAL auditor report (گزارش حسابرس مستقل) for this ticker|fiscal_year
کفرا|1399,کفرا,1399,auditor_opinion_type,MATCHED_SEPARATE_CORRECTION_SELECTED,HTML_MISLABELED_XLSX,كفرا.zip!كفرا_۱۳۹۹_۱۲_۳۰_separate_ن-۱۰_صورت‌های مالی سال مالی منتهی به ۱۳۹۹_۱۲_۳۰ (حسابرسی شده)(اصلاحیه).xlsx,AUDITOR_REPORT_ABSENT_FROM_PAYLOAD,CODAL auditor report (گزارش حسابرس مستقل) for this ticker|fiscal_year
کفرا|1399,کفرا,1399,auditor_report_date,MATCHED_SEPARATE_CORRECTION_SELECTED,HTML_MISLABELED_XLSX,كفرا.zip!كفرا_۱۳۹۹_۱۲_۳۰_separate_ن-۱۰_صورت‌های مالی سال مالی منتهی به ۱۳۹۹_۱۲_۳۰ (حسابرسی شده)(اصلاحیه).xlsx,AUDITOR_REPORT_ABSENT_FROM_PAYLOAD,CODAL auditor report (گزارش حسابرس مستقل) for this ticker|fiscal_year
کفرا|1400,کفرا,1400,auditor_opinion_type,MATCHED_SEPARATE_VALID,HTML_MISLABELED_XLSX,كفرا.zip!كفرا_۱۴۰۰_۱۲_۲۹_separate_ن-۱۰_صورت‌های مالی سال مالی منتهی به ۱۴۰۰_۱۲_۲۹ (حسابرسی شده).xlsx,AUDITOR_REPORT_ABSENT_FROM_PAYLOAD,CODAL auditor report (گزارش حسابرس مستقل) for this ticker|fiscal_year
کفرا|1400,کفرا,1400,auditor_report_date,MATCHED_SEPARATE_VALID,HTML_MISLABELED_XLSX,كفرا.zip!كفرا_۱۴۰۰_۱۲_۲۹_separate_ن-۱۰_صورت‌های مالی سال مالی منتهی به ۱۴۰۰_۱۲_۲۹ (حسابرسی شده).xlsx,AUDITOR_REPORT_ABSENT_FROM_PAYLOAD,CODAL auditor report (گزارش حسابرس مستقل) for this ticker|fiscal_year
کفرا|1401,کفرا,1401,auditor_opinion_type,MATCHED_SEPARATE_VALID,HTML_MISLABELED_XLSX,كفرا.zip!كفرا_۱۴۰۱_۱۲_۲۹_separate_ن-۱۰_صورت‌های مالی سال مالی منتهی به ۱۴۰۱_۱۲_۲۹ (حسابرسی شده).xlsx,AUDITOR_REPORT_ABSENT_FROM_PAYLOAD,CODAL auditor report (گزارش حسابرس مستقل) for this ticker|fiscal_year
کفرا|1401,کفرا,1401,auditor_report_date,MATCHED_SEPARATE_VALID,HTML_MISLABELED_XLSX,كفرا.zip!كفرا_۱۴۰۱_۱۲_۲۹_separate_ن-۱۰_صورت‌های مالی سال مالی منتهی به ۱۴۰۱_۱۲_۲۹ (حسابرسی شده).xlsx,AUDITOR_REPORT_ABSENT_FROM_PAYLOAD,CODAL auditor report (گزارش حسابرس مستقل) for this ticker|fiscal_year
کفرا|1402,کفرا,1402,auditor_opinion_type,MATCHED_SEPARATE_VALID,HTML_MISLABELED_XLSX,كفرا.zip!كفرا_۱۴۰۲_۱۲_۲۹_separate_ن-۱۰_صورت‌های مالی سال مالی منتهی به ۱۴۰۲_۱۲_۲۹ (حسابرسی شده).xlsx,AUDITOR_REPORT_ABSENT_FROM_PAYLOAD,CODAL auditor report (گزارش حسابرس مستقل) for this ticker|fiscal_year
کفرا|1402,کفرا,1402,auditor_report_date,MATCHED_SEPARATE_VALID,HTML_MISLABELED_XLSX,كفرا.zip!كفرا_۱۴۰۲_۱۲_۲۹_separate_ن-۱۰_صورت‌های مالی سال مالی منتهی به ۱۴۰۲_۱۲_۲۹ (حسابرسی شده).xlsx,AUDITOR_REPORT_ABSENT_FROM_PAYLOAD,CODAL auditor report (گزارش حسابرس مستقل) for this ticker|fiscal_year
غشهد|1395,غشهد,1395,fiscal_year_end,ONLY_CONSOLIDATED_AVAILABLE,,,ONLY_CONSOLIDATED_AVAILABLE,CODAL separate audited financial statements + auditor report
غشهد|1395,غشهد,1395,auditor_opinion_type,ONLY_CONSOLIDATED_AVAILABLE,,,ONLY_CONSOLIDATED_AVAILABLE,CODAL separate audited financial statements + auditor report
غشهد|1395,غشهد,1395,auditor_report_date,ONLY_CONSOLIDATED_AVAILABLE,,,ONLY_CONSOLIDATED_AVAILABLE,CODAL separate audited financial statements + auditor report
غشهد|1397,غشهد,1397,auditor_opinion_type,MATCHED_SEPARATE_VALID,HTML_MISLABELED_XLSX,غشهد.zip!غشهد_۱۳۹۷_۱۲_۲۹_separate_ن-۱۰_صورت‌های مالی سال مالی منتهی به ۱۳۹۷_۱۲_۲۹ (حسابرسی شده).xlsx,AUDITOR_REPORT_ABSENT_FROM_PAYLOAD,CODAL auditor report (گزارش حسابرس مستقل) for this ticker|fiscal_year
غشهد|1397,غشهد,1397,auditor_report_date,MATCHED_SEPARATE_VALID,HTML_MISLABELED_XLSX,غشهد.zip!غشهد_۱۳۹۷_۱۲_۲۹_separate_ن-۱۰_صورت‌های مالی سال مالی منتهی به ۱۳۹۷_۱۲_۲۹ (حسابرسی شده).xlsx,AUDITOR_REPORT_ABSENT_FROM_PAYLOAD,CODAL auditor report (گزارش حسابرس مستقل) for this ticker|fiscal_year
غشهد|1398,غشهد,1398,auditor_opinion_type,MATCHED_SEPARATE_VALID,HTML_MISLABELED_XLSX,غشهد.zip!غشهد_۱۳۹۸_۱۲_۲۹_separate_ن-۱۰_صورت‌های مالی سال مالی منتهی به ۱۳۹۸_۱۲_۲۹ (حسابرسی شده).xlsx,AUDITOR_REPORT_ABSENT_FROM_PAYLOAD,CODAL auditor report (گزارش حسابرس مستقل) for this ticker|fiscal_year
غشهد|1398,غشهد,1398,auditor_report_date,MATCHED_SEPARATE_VALID,HTML_MISLABELED_XLSX,غشهد.zip!غشهد_۱۳۹۸_۱۲_۲۹_separate_ن-۱۰_صورت‌های مالی سال مالی منتهی به ۱۳۹۸_۱۲_۲۹ (حسابرسی شده).xlsx,AUDITOR_REPORT_ABSENT_FROM_PAYLOAD,CODAL auditor report (گزارش حسابرس مستقل) for this ticker|fiscal_year
غشهد|1399,غشهد,1399,auditor_opinion_type,MATCHED_SEPARATE_VALID,HTML_MISLABELED_XLSX,غشهد.zip!غشهد_۱۳۹۹_۱۲_۳۰_separate_ن-۱۰_صورت‌های مالی سال مالی منتهی به ۱۳۹۹_۱۲_۳۰ (حسابرسی شده).xlsx,AUDITOR_REPORT_ABSENT_FROM_PAYLOAD,CODAL auditor report (گزارش حسابرس مستقل) for this ticker|fiscal_year
غشهد|1399,غشهد,1399,auditor_report_date,MATCHED_SEPARATE_VALID,HTML_MISLABELED_XLSX,غشهد.zip!غشهد_۱۳۹۹_۱۲_۳۰_separate_ن-۱۰_صورت‌های مالی سال مالی منتهی به ۱۳۹۹_۱۲_۳۰ (حسابرسی شده).xlsx,AUDITOR_REPORT_ABSENT_FROM_PAYLOAD,CODAL auditor report (گزارش حسابرس مستقل) for this ticker|fiscal_year
غشهد|1400,غشهد,1400,auditor_opinion_type,MATCHED_SEPARATE_VALID,HTML_MISLABELED_XLSX,غشهد.zip!غشهد_۱۴۰۰_۱۲_۲۹_separate_ن-۱۰_صورت‌های مالی سال مالی منتهی به ۱۴۰۰_۱۲_۲۹ (حسابرسی شده).xlsx,AUDITOR_REPORT_ABSENT_FROM_PAYLOAD,CODAL auditor report (گزارش حسابرس مستقل) for this ticker|fiscal_year
غشهد|1400,غشهد,1400,auditor_report_date,MATCHED_SEPARATE_VALID,HTML_MISLABELED_XLSX,غشهد.zip!غشهد_۱۴۰۰_۱۲_۲۹_separate_ن-۱۰_صورت‌های مالی سال مالی منتهی به ۱۴۰۰_۱۲_۲۹ (حسابرسی شده).xlsx,AUDITOR_REPORT_ABSENT_FROM_PAYLOAD,CODAL auditor report (گزارش حسابرس مستقل) for this ticker|fiscal_year
غشهد|1401,غشهد,1401,auditor_opinion_type,MATCHED_SEPARATE_VALID,HTML_MISLABELED_XLSX,غشهد.zip!غشهد_۱۴۰۱_۱۲_۲۹_separate_ن-۱۰_صورت‌های مالی سال مالی منتهی به ۱۴۰۱_۱۲_۲۹ (حسابرسی شده).xlsx,AUDITOR_REPORT_ABSENT_FROM_PAYLOAD,CODAL auditor report (گزارش حسابرس مستقل) for this ticker|fiscal_year
غشهد|1401,غشهد,1401,auditor_report_date,MATCHED_SEPARATE_VALID,HTML_MISLABELED_XLSX,غشهد.zip!غشهد_۱۴۰۱_۱۲_۲۹_separate_ن-۱۰_صورت‌های مالی سال مالی منتهی به ۱۴۰۱_۱۲_۲۹ (حسابرسی شده).xlsx,AUDITOR_REPORT_ABSENT_FROM_PAYLOAD,CODAL auditor report (گزارش حسابرس مستقل) for this ticker|fiscal_year
غشهد|1402,غشهد,1402,auditor_opinion_type,MATCHED_SEPARATE_VALID,HTML_MISLABELED_XLSX,غشهد.zip!غشهد_۱۴۰۲_۱۲_۲۹_separate_ن-۱۰_صورت‌های مالی سال مالی منتهی به ۱۴۰۲_۱۲_۲۹ (حسابرسی شده).xlsx,AUDITOR_REPORT_ABSENT_FROM_PAYLOAD,CODAL auditor report (گزارش حسابرس مستقل) for this ticker|fiscal_year
غشهد|1402,غشهد,1402,auditor_report_date,MATCHED_SEPARATE_VALID,HTML_MISLABELED_XLSX,غشهد.zip!غشهد_۱۴۰۲_۱۲_۲۹_separate_ن-۱۰_صورت‌های مالی سال مالی منتهی به ۱۴۰۲_۱۲_۲۹ (حسابرسی شده).xlsx,AUDITOR_REPORT_ABSENT_FROM_PAYLOAD,CODAL auditor report (گزارش حسابرس مستقل) for this ticker|fiscal_year
غشان|1397,غشان,1397,auditor_opinion_type,MATCHED_SEPARATE_VALID,HTML_MISLABELED_XLSX,غشان.zip!غشان_۱۳۹۷_۱۲_۲۹_separate_ن-۱۰_صورت‌های مالی سال مالی منتهی به ۱۳۹۷_۱۲_۲۹ (حسابرسی شده).xlsx,AUDITOR_REPORT_ABSENT_FROM_PAYLOAD,CODAL auditor report (گزارش حسابرس مستقل) for this ticker|fiscal_year
غشان|1397,غشان,1397,auditor_report_date,MATCHED_SEPARATE_VALID,HTML_MISLABELED_XLSX,غشان.zip!غشان_۱۳۹۷_۱۲_۲۹_separate_ن-۱۰_صورت‌های مالی سال مالی منتهی به ۱۳۹۷_۱۲_۲۹ (حسابرسی شده).xlsx,AUDITOR_REPORT_ABSENT_FROM_PAYLOAD,CODAL auditor report (گزارش حسابرس مستقل) for this ticker|fiscal_year
غشان|1398,غشان,1398,auditor_opinion_type,MATCHED_SEPARATE_VALID,HTML_MISLABELED_XLSX,غشان.zip!غشان_۱۳۹۸_۱۲_۲۹_separate_ن-۱۰_صورت‌های مالی سال مالی منتهی به ۱۳۹۸_۱۲_۲۹ (حسابرسی شده).xlsx,AUDITOR_REPORT_ABSENT_FROM_PAYLOAD,CODAL auditor report (گزارش حسابرس مستقل) for this ticker|fiscal_year
غشان|1398,غشان,1398,auditor_report_date,MATCHED_SEPARATE_VALID,HTML_MISLABELED_XLSX,غشان.zip!غشان_۱۳۹۸_۱۲_۲۹_separate_ن-۱۰_صورت‌های مالی سال مالی منتهی به ۱۳۹۸_۱۲_۲۹ (حسابرسی شده).xlsx,AUDITOR_REPORT_ABSENT_FROM_PAYLOAD,CODAL auditor report (گزارش حسابرس مستقل) for this ticker|fiscal_year
غشان|1399,غشان,1399,auditor_opinion_type,MATCHED_SEPARATE_VALID,HTML_MISLABELED_XLSX,غشان.zip!غشان_۱۳۹۹_۱۲_۳۰_separate_ن-۱۰_صورت‌های مالی سال مالی منتهی به ۱۳۹۹_۱۲_۳۰ (حسابرسی شده).xlsx,AUDITOR_REPORT_ABSENT_FROM_PAYLOAD,CODAL auditor report (گزارش حسابرس مستقل) for this ticker|fiscal_year
غشان|1399,غشان,1399,auditor_report_date,MATCHED_SEPARATE_VALID,HTML_MISLABELED_XLSX,غشان.zip!غشان_۱۳۹۹_۱۲_۳۰_separate_ن-۱۰_صورت‌های مالی سال مالی منتهی به ۱۳۹۹_۱۲_۳۰ (حسابرسی شده).xlsx,AUDITOR_REPORT_ABSENT_FROM_PAYLOAD,CODAL auditor report (گزارش حسابرس مستقل) for this ticker|fiscal_year
غشان|1400,غشان,1400,auditor_opinion_type,MATCHED_SEPARATE_VALID,HTML_MISLABELED_XLSX,غشان.zip!غشان_۱۴۰۰_۱۲_۲۹_separate_ن-۱۰_صورت‌های مالی سال مالی منتهی به ۱۴۰۰_۱۲_۲۹ (حسابرسی شده).xlsx,AUDITOR_REPORT_ABSENT_FROM_PAYLOAD,CODAL auditor report (گزارش حسابرس مستقل) for this ticker|fiscal_year
غشان|1400,غشان,1400,auditor_report_date,MATCHED_SEPARATE_VALID,HTML_MISLABELED_XLSX,غشان.zip!غشان_۱۴۰۰_۱۲_۲۹_separate_ن-۱۰_صورت‌های مالی سال مالی منتهی به ۱۴۰۰_۱۲_۲۹ (حسابرسی شده).xlsx,AUDITOR_REPORT_ABSENT_FROM_PAYLOAD,CODAL auditor report (گزارش حسابرس مستقل) for this ticker|fiscal_year
غشان|1401,غشان,1401,auditor_opinion_type,MATCHED_SEPARATE_VALID,HTML_MISLABELED_XLSX,غشان.zip!غشان_۱۴۰۱_۱۲_۲۹_separate_ن-۱۰_صورت‌های مالی سال مالی منتهی به ۱۴۰۱_۱۲_۲۹ (حسابرسی شده).xlsx,AUDITOR_REPORT_ABSENT_FROM_PAYLOAD,CODAL auditor report (گزارش حسابرس مستقل) for this ticker|fiscal_year
غشان|1401,غشان,1401,auditor_report_date,MATCHED_SEPARATE_VALID,HTML_MISLABELED_XLSX,غشان.zip!غشان_۱۴۰۱_۱۲_۲۹_separate_ن-۱۰_صورت‌های مالی سال مالی منتهی به ۱۴۰۱_۱۲_۲۹ (حسابرسی شده).xlsx,AUDITOR_REPORT_ABSENT_FROM_PAYLOAD,CODAL auditor report (گزارش حسابرس مستقل) for this ticker|fiscal_year
غشان|1402,غشان,1402,fiscal_year_end,NO_ARCHIVE_MATCH,,,NO_ARCHIVE_MATCH,CODAL separate audited financial statements + auditor report
غشان|1402,غشان,1402,auditor_opinion_type,NO_ARCHIVE_MATCH,,,NO_ARCHIVE_MATCH,CODAL separate audited financial statements + auditor report
غشان|1402,غشان,1402,auditor_report_date,NO_ARCHIVE_MATCH,,,NO_ARCHIVE_MATCH,CODAL separate audited financial statements + auditor report
حکشتی|1398,حکشتی,1398,auditor_opinion_type,MATCHED_SEPARATE_VALID,HTML_MISLABELED_XLSX,حكشتي.zip!حكشتي_۱۳۹۸_۰۳_۳۱_separate_ن-۱۰_صورت‌های مالی سال مالی منتهی به ۱۳۹۸_۰۳_۳۱ (حسابرسی شده).xlsx,AUDITOR_REPORT_ABSENT_FROM_PAYLOAD,CODAL auditor report (گزارش حسابرس مستقل) for this ticker|fiscal_year
حکشتی|1398,حکشتی,1398,auditor_report_date,MATCHED_SEPARATE_VALID,HTML_MISLABELED_XLSX,حكشتي.zip!حكشتي_۱۳۹۸_۰۳_۳۱_separate_ن-۱۰_صورت‌های مالی سال مالی منتهی به ۱۳۹۸_۰۳_۳۱ (حسابرسی شده).xlsx,AUDITOR_REPORT_ABSENT_FROM_PAYLOAD,CODAL auditor report (گزارش حسابرس مستقل) for this ticker|fiscal_year
حکشتی|1399,حکشتی,1399,auditor_opinion_type,MATCHED_SEPARATE_VALID,HTML_MISLABELED_XLSX,حكشتي.zip!حكشتي_۱۳۹۹_۰۳_۳۱_separate_ن-۱۰_صورت‌های مالی سال مالی منتهی به ۱۳۹۹_۰۳_۳۱ (حسابرسی شده).xlsx,AUDITOR_REPORT_ABSENT_FROM_PAYLOAD,CODAL auditor report (گزارش حسابرس مستقل) for this ticker|fiscal_year
حکشتی|1399,حکشتی,1399,auditor_report_date,MATCHED_SEPARATE_VALID,HTML_MISLABELED_XLSX,حكشتي.zip!حكشتي_۱۳۹۹_۰۳_۳۱_separate_ن-۱۰_صورت‌های مالی سال مالی منتهی به ۱۳۹۹_۰۳_۳۱ (حسابرسی شده).xlsx,AUDITOR_REPORT_ABSENT_FROM_PAYLOAD,CODAL auditor report (گزارش حسابرس مستقل) for this ticker|fiscal_year
حکشتی|1400,حکشتی,1400,auditor_opinion_type,MATCHED_SEPARATE_VALID,HTML_MISLABELED_XLSX,حكشتي.zip!حكشتي_۱۴۰۰_۰۳_۳۱_separate_ن-۱۰_صورت‌های مالی سال مالی منتهی به ۱۴۰۰_۰۳_۳۱ (حسابرسی شده).xlsx,AUDITOR_REPORT_ABSENT_FROM_PAYLOAD,CODAL auditor report (گزارش حسابرس مستقل) for this ticker|fiscal_year
حکشتی|1400,حکشتی,1400,auditor_report_date,MATCHED_SEPARATE_VALID,HTML_MISLABELED_XLSX,حكشتي.zip!حكشتي_۱۴۰۰_۰۳_۳۱_separate_ن-۱۰_صورت‌های مالی سال مالی منتهی به ۱۴۰۰_۰۳_۳۱ (حسابرسی شده).xlsx,AUDITOR_REPORT_ABSENT_FROM_PAYLOAD,CODAL auditor report (گزارش حسابرس مستقل) for this ticker|fiscal_year
حکشتی|1401,حکشتی,1401,auditor_opinion_type,MATCHED_SEPARATE_CORRECTION_SELECTED,HTML_MISLABELED_XLSX,حكشتي.zip!حكشتي_۱۴۰۱_۰۳_۳۱_separate_ن-۱۰_صورت‌های مالی سال مالی منتهی به ۱۴۰۱_۰۳_۳۱ (حسابرسی شده)(اصلاحیه).xlsx,AUDITOR_REPORT_ABSENT_FROM_PAYLOAD,CODAL auditor report (گزارش حسابرس مستقل) for this ticker|fiscal_year
حکشتی|1401,حکشتی,1401,auditor_report_date,MATCHED_SEPARATE_CORRECTION_SELECTED,HTML_MISLABELED_XLSX,حكشتي.zip!حكشتي_۱۴۰۱_۰۳_۳۱_separate_ن-۱۰_صورت‌های مالی سال مالی منتهی به ۱۴۰۱_۰۳_۳۱ (حسابرسی شده)(اصلاحیه).xlsx,AUDITOR_REPORT_ABSENT_FROM_PAYLOAD,CODAL auditor report (گزارش حسابرس مستقل) for this ticker|fiscal_year
حکشتی|1402,حکشتی,1402,auditor_opinion_type,MATCHED_SEPARATE_VALID,HTML_MISLABELED_XLSX,حكشتي.zip!حكشتي_۱۴۰۲_۰۳_۳۱_separate_ن-۱۰_صورت‌های مالی سال مالی منتهی به ۱۴۰۲_۰۳_۳۱ (حسابرسی شده).xlsx,AUDITOR_REPORT_ABSENT_FROM_PAYLOAD,CODAL auditor report (گزارش حسابرس مستقل) for this ticker|fiscal_year
حکشتی|1402,حکشتی,1402,auditor_report_date,MATCHED_SEPARATE_VALID,HTML_MISLABELED_XLSX,حكشتي.zip!حكشتي_۱۴۰۲_۰۳_۳۱_separate_ن-۱۰_صورت‌های مالی سال مالی منتهی به ۱۴۰۲_۰۳_۳۱ (حسابرسی شده).xlsx,AUDITOR_REPORT_ABSENT_FROM_PAYLOAD,CODAL auditor report (گزارش حسابرس مستقل) for this ticker|fiscal_year
همراه|1395,همراه,1395,fiscal_year_end,ONLY_CONSOLIDATED_AVAILABLE,,,ONLY_CONSOLIDATED_AVAILABLE,CODAL separate audited financial statements + auditor report
همراه|1395,همراه,1395,auditor_opinion_type,ONLY_CONSOLIDATED_AVAILABLE,,,ONLY_CONSOLIDATED_AVAILABLE,CODAL separate audited financial statements + auditor report
همراه|1395,همراه,1395,auditor_report_date,ONLY_CONSOLIDATED_AVAILABLE,,,ONLY_CONSOLIDATED_AVAILABLE,CODAL separate audited financial statements + auditor report
همراه|1396,همراه,1396,fiscal_year_end,ONLY_CONSOLIDATED_AVAILABLE,,,ONLY_CONSOLIDATED_AVAILABLE,CODAL separate audited financial statements + auditor report
همراه|1396,همراه,1396,auditor_opinion_type,ONLY_CONSOLIDATED_AVAILABLE,,,ONLY_CONSOLIDATED_AVAILABLE,CODAL separate audited financial statements + auditor report
همراه|1396,همراه,1396,auditor_report_date,ONLY_CONSOLIDATED_AVAILABLE,,,ONLY_CONSOLIDATED_AVAILABLE,CODAL separate audited financial statements + auditor report
همراه|1397,همراه,1397,fiscal_year_end,ONLY_CONSOLIDATED_AVAILABLE,,,ONLY_CONSOLIDATED_AVAILABLE,CODAL separate audited financial statements + auditor report
همراه|1397,همراه,1397,auditor_opinion_type,ONLY_CONSOLIDATED_AVAILABLE,,,ONLY_CONSOLIDATED_AVAILABLE,CODAL separate audited financial statements + auditor report
همراه|1397,همراه,1397,auditor_report_date,ONLY_CONSOLIDATED_AVAILABLE,,,ONLY_CONSOLIDATED_AVAILABLE,CODAL separate audited financial statements + auditor report
همراه|1398,همراه,1398,fiscal_year_end,ONLY_CONSOLIDATED_AVAILABLE,,,ONLY_CONSOLIDATED_AVAILABLE,CODAL separate audited financial statements + auditor report
همراه|1398,همراه,1398,auditor_opinion_type,ONLY_CONSOLIDATED_AVAILABLE,,,ONLY_CONSOLIDATED_AVAILABLE,CODAL separate audited financial statements + auditor report
همراه|1398,همراه,1398,auditor_report_date,ONLY_CONSOLIDATED_AVAILABLE,,,ONLY_CONSOLIDATED_AVAILABLE,CODAL separate audited financial statements + auditor report
همراه|1399,همراه,1399,fiscal_year_end,ONLY_CONSOLIDATED_AVAILABLE,,,ONLY_CONSOLIDATED_AVAILABLE,CODAL separate audited financial statements + auditor report
همراه|1399,همراه,1399,auditor_opinion_type,ONLY_CONSOLIDATED_AVAILABLE,,,ONLY_CONSOLIDATED_AVAILABLE,CODAL separate audited financial statements + auditor report
همراه|1399,همراه,1399,auditor_report_date,ONLY_CONSOLIDATED_AVAILABLE,,,ONLY_CONSOLIDATED_AVAILABLE,CODAL separate audited financial statements + auditor report
همراه|1400,همراه,1400,fiscal_year_end,ONLY_CONSOLIDATED_AVAILABLE,,,ONLY_CONSOLIDATED_AVAILABLE,CODAL separate audited financial statements + auditor report
همراه|1400,همراه,1400,auditor_opinion_type,ONLY_CONSOLIDATED_AVAILABLE,,,ONLY_CONSOLIDATED_AVAILABLE,CODAL separate audited financial statements + auditor report
همراه|1400,همراه,1400,auditor_report_date,ONLY_CONSOLIDATED_AVAILABLE,,,ONLY_CONSOLIDATED_AVAILABLE,CODAL separate audited financial statements + auditor report
همراه|1401,همراه,1401,fiscal_year_end,ONLY_CONSOLIDATED_AVAILABLE,,,ONLY_CONSOLIDATED_AVAILABLE,CODAL separate audited financial statements + auditor report
همراه|1401,همراه,1401,auditor_opinion_type,ONLY_CONSOLIDATED_AVAILABLE,,,ONLY_CONSOLIDATED_AVAILABLE,CODAL separate audited financial statements + auditor report
همراه|1401,همراه,1401,auditor_report_date,ONLY_CONSOLIDATED_AVAILABLE,,,ONLY_CONSOLIDATED_AVAILABLE,CODAL separate audited financial statements + auditor report
همراه|1402,همراه,1402,fiscal_year_end,ONLY_CONSOLIDATED_AVAILABLE,,,ONLY_CONSOLIDATED_AVAILABLE,CODAL separate audited financial statements + auditor report
همراه|1402,همراه,1402,auditor_opinion_type,ONLY_CONSOLIDATED_AVAILABLE,,,ONLY_CONSOLIDATED_AVAILABLE,CODAL separate audited financial statements + auditor report
همراه|1402,همراه,1402,auditor_report_date,ONLY_CONSOLIDATED_AVAILABLE,,,ONLY_CONSOLIDATED_AVAILABLE,CODAL separate audited financial statements + auditor report
حپترو|1394,حپترو,1394,fiscal_year_end,ONLY_CONSOLIDATED_AVAILABLE,,,ONLY_CONSOLIDATED_AVAILABLE,CODAL separate audited financial statements + auditor report
حپترو|1394,حپترو,1394,auditor_opinion_type,ONLY_CONSOLIDATED_AVAILABLE,,,ONLY_CONSOLIDATED_AVAILABLE,CODAL separate audited financial statements + auditor report
حپترو|1394,حپترو,1394,auditor_report_date,ONLY_CONSOLIDATED_AVAILABLE,,,ONLY_CONSOLIDATED_AVAILABLE,CODAL separate audited financial statements + auditor report
حپترو|1395,حپترو,1395,fiscal_year_end,ONLY_CONSOLIDATED_AVAILABLE,,,ONLY_CONSOLIDATED_AVAILABLE,CODAL separate audited financial statements + auditor report
حپترو|1395,حپترو,1395,auditor_opinion_type,ONLY_CONSOLIDATED_AVAILABLE,,,ONLY_CONSOLIDATED_AVAILABLE,CODAL separate audited financial statements + auditor report
حپترو|1395,حپترو,1395,auditor_report_date,ONLY_CONSOLIDATED_AVAILABLE,,,ONLY_CONSOLIDATED_AVAILABLE,CODAL separate audited financial statements + auditor report
حپترو|1396,حپترو,1396,fiscal_year_end,ONLY_CONSOLIDATED_AVAILABLE,,,ONLY_CONSOLIDATED_AVAILABLE,CODAL separate audited financial statements + auditor report
حپترو|1396,حپترو,1396,auditor_opinion_type,ONLY_CONSOLIDATED_AVAILABLE,,,ONLY_CONSOLIDATED_AVAILABLE,CODAL separate audited financial statements + auditor report
حپترو|1396,حپترو,1396,auditor_report_date,ONLY_CONSOLIDATED_AVAILABLE,,,ONLY_CONSOLIDATED_AVAILABLE,CODAL separate audited financial statements + auditor report
حپترو|1397,حپترو,1397,fiscal_year_end,ONLY_CONSOLIDATED_AVAILABLE,,,ONLY_CONSOLIDATED_AVAILABLE,CODAL separate audited financial statements + auditor report
حپترو|1397,حپترو,1397,auditor_opinion_type,ONLY_CONSOLIDATED_AVAILABLE,,,ONLY_CONSOLIDATED_AVAILABLE,CODAL separate audited financial statements + auditor report
حپترو|1397,حپترو,1397,auditor_report_date,ONLY_CONSOLIDATED_AVAILABLE,,,ONLY_CONSOLIDATED_AVAILABLE,CODAL separate audited financial statements + auditor report
حپترو|1398,حپترو,1398,fiscal_year_end,ONLY_CONSOLIDATED_AVAILABLE,,,ONLY_CONSOLIDATED_AVAILABLE,CODAL separate audited financial statements + auditor report
حپترو|1398,حپترو,1398,auditor_opinion_type,ONLY_CONSOLIDATED_AVAILABLE,,,ONLY_CONSOLIDATED_AVAILABLE,CODAL separate audited financial statements + auditor report
حپترو|1398,حپترو,1398,auditor_report_date,ONLY_CONSOLIDATED_AVAILABLE,,,ONLY_CONSOLIDATED_AVAILABLE,CODAL separate audited financial statements + auditor report
حپترو|1399,حپترو,1399,fiscal_year_end,ONLY_CONSOLIDATED_AVAILABLE,,,ONLY_CONSOLIDATED_AVAILABLE,CODAL separate audited financial statements + auditor report
حپترو|1399,حپترو,1399,auditor_opinion_type,ONLY_CONSOLIDATED_AVAILABLE,,,ONLY_CONSOLIDATED_AVAILABLE,CODAL separate audited financial statements + auditor report
حپترو|1399,حپترو,1399,auditor_report_date,ONLY_CONSOLIDATED_AVAILABLE,,,ONLY_CONSOLIDATED_AVAILABLE,CODAL separate audited financial statements + auditor report
حپترو|1400,حپترو,1400,fiscal_year_end,ONLY_CONSOLIDATED_AVAILABLE,,,ONLY_CONSOLIDATED_AVAILABLE,CODAL separate audited financial statements + auditor report
حپترو|1400,حپترو,1400,auditor_opinion_type,ONLY_CONSOLIDATED_AVAILABLE,,,ONLY_CONSOLIDATED_AVAILABLE,CODAL separate audited financial statements + auditor report
حپترو|1400,حپترو,1400,auditor_report_date,ONLY_CONSOLIDATED_AVAILABLE,,,ONLY_CONSOLIDATED_AVAILABLE,CODAL separate audited financial statements + auditor report
حپترو|1401,حپترو,1401,fiscal_year_end,ONLY_CONSOLIDATED_AVAILABLE,,,ONLY_CONSOLIDATED_AVAILABLE,CODAL separate audited financial statements + auditor report
حپترو|1401,حپترو,1401,auditor_opinion_type,ONLY_CONSOLIDATED_AVAILABLE,,,ONLY_CONSOLIDATED_AVAILABLE,CODAL separate audited financial statements + auditor report
حپترو|1401,حپترو,1401,auditor_report_date,ONLY_CONSOLIDATED_AVAILABLE,,,ONLY_CONSOLIDATED_AVAILABLE,CODAL separate audited financial statements + auditor report
حپترو|1402,حپترو,1402,fiscal_year_end,ONLY_CONSOLIDATED_AVAILABLE,,,ONLY_CONSOLIDATED_AVAILABLE,CODAL separate audited financial statements + auditor report
حپترو|1402,حپترو,1402,auditor_opinion_type,ONLY_CONSOLIDATED_AVAILABLE,,,ONLY_CONSOLIDATED_AVAILABLE,CODAL separate audited financial statements + auditor report
حپترو|1402,حپترو,1402,auditor_report_date,ONLY_CONSOLIDATED_AVAILABLE,,,ONLY_CONSOLIDATED_AVAILABLE,CODAL separate audited financial statements + auditor report
های وب|1392,های وب,1392,fiscal_year_end,NO_ARCHIVE_MATCH,,,NO_ARCHIVE_MATCH,CODAL separate audited financial statements + auditor report
های وب|1392,های وب,1392,auditor_opinion_type,NO_ARCHIVE_MATCH,,,NO_ARCHIVE_MATCH,CODAL separate audited financial statements + auditor report
های وب|1392,های وب,1392,auditor_report_date,NO_ARCHIVE_MATCH,,,NO_ARCHIVE_MATCH,CODAL separate audited financial statements + auditor report
های وب|1396,های وب,1396,fiscal_year_end,ONLY_CONSOLIDATED_AVAILABLE,,,ONLY_CONSOLIDATED_AVAILABLE,CODAL separate audited financial statements + auditor report
های وب|1396,های وب,1396,auditor_opinion_type,ONLY_CONSOLIDATED_AVAILABLE,,,ONLY_CONSOLIDATED_AVAILABLE,CODAL separate audited financial statements + auditor report
های وب|1396,های وب,1396,auditor_report_date,ONLY_CONSOLIDATED_AVAILABLE,,,ONLY_CONSOLIDATED_AVAILABLE,CODAL separate audited financial statements + auditor report
های وب|1397,های وب,1397,fiscal_year_end,ONLY_CONSOLIDATED_AVAILABLE,,,ONLY_CONSOLIDATED_AVAILABLE,CODAL separate audited financial statements + auditor report
های وب|1397,های وب,1397,auditor_opinion_type,ONLY_CONSOLIDATED_AVAILABLE,,,ONLY_CONSOLIDATED_AVAILABLE,CODAL separate audited financial statements + auditor report
های وب|1397,های وب,1397,auditor_report_date,ONLY_CONSOLIDATED_AVAILABLE,,,ONLY_CONSOLIDATED_AVAILABLE,CODAL separate audited financial statements + auditor report
های وب|1398,های وب,1398,fiscal_year_end,ONLY_CONSOLIDATED_AVAILABLE,,,ONLY_CONSOLIDATED_AVAILABLE,CODAL separate audited financial statements + auditor report
های وب|1398,های وب,1398,auditor_opinion_type,ONLY_CONSOLIDATED_AVAILABLE,,,ONLY_CONSOLIDATED_AVAILABLE,CODAL separate audited financial statements + auditor report
های وب|1398,های وب,1398,auditor_report_date,ONLY_CONSOLIDATED_AVAILABLE,,,ONLY_CONSOLIDATED_AVAILABLE,CODAL separate audited financial statements + auditor report
های وب|1399,های وب,1399,fiscal_year_end,ONLY_CONSOLIDATED_AVAILABLE,,,ONLY_CONSOLIDATED_AVAILABLE,CODAL separate audited financial statements + auditor report
های وب|1399,های وب,1399,auditor_opinion_type,ONLY_CONSOLIDATED_AVAILABLE,,,ONLY_CONSOLIDATED_AVAILABLE,CODAL separate audited financial statements + auditor report
های وب|1399,های وب,1399,auditor_report_date,ONLY_CONSOLIDATED_AVAILABLE,,,ONLY_CONSOLIDATED_AVAILABLE,CODAL separate audited financial statements + auditor report
های وب|1400,های وب,1400,fiscal_year_end,ONLY_CONSOLIDATED_AVAILABLE,,,ONLY_CONSOLIDATED_AVAILABLE,CODAL separate audited financial statements + auditor report
های وب|1400,های وب,1400,auditor_opinion_type,ONLY_CONSOLIDATED_AVAILABLE,,,ONLY_CONSOLIDATED_AVAILABLE,CODAL separate audited financial statements + auditor report
های وب|1400,های وب,1400,auditor_report_date,ONLY_CONSOLIDATED_AVAILABLE,,,ONLY_CONSOLIDATED_AVAILABLE,CODAL separate audited financial statements + auditor report
های وب|1401,های وب,1401,fiscal_year_end,ONLY_CONSOLIDATED_AVAILABLE,,,ONLY_CONSOLIDATED_AVAILABLE,CODAL separate audited financial statements + auditor report
های وب|1401,های وب,1401,auditor_opinion_type,ONLY_CONSOLIDATED_AVAILABLE,,,ONLY_CONSOLIDATED_AVAILABLE,CODAL separate audited financial statements + auditor report
های وب|1401,های وب,1401,auditor_report_date,ONLY_CONSOLIDATED_AVAILABLE,,,ONLY_CONSOLIDATED_AVAILABLE,CODAL separate audited financial statements + auditor report
های وب|1402,های وب,1402,fiscal_year_end,ONLY_CONSOLIDATED_AVAILABLE,,,ONLY_CONSOLIDATED_AVAILABLE,CODAL separate audited financial statements + auditor report
های وب|1402,های وب,1402,auditor_opinion_type,ONLY_CONSOLIDATED_AVAILABLE,,,ONLY_CONSOLIDATED_AVAILABLE,CODAL separate audited financial statements + auditor report
های وب|1402,های وب,1402,auditor_report_date,ONLY_CONSOLIDATED_AVAILABLE,,,ONLY_CONSOLIDATED_AVAILABLE,CODAL separate audited financial statements + auditor report
جم|1394,جم,1394,fiscal_year_end,ONLY_CONSOLIDATED_AVAILABLE,,,ONLY_CONSOLIDATED_AVAILABLE,CODAL separate audited financial statements + auditor report
جم|1394,جم,1394,auditor_opinion_type,ONLY_CONSOLIDATED_AVAILABLE,,,ONLY_CONSOLIDATED_AVAILABLE,CODAL separate audited financial statements + auditor report
جم|1394,جم,1394,auditor_report_date,ONLY_CONSOLIDATED_AVAILABLE,,,ONLY_CONSOLIDATED_AVAILABLE,CODAL separate audited financial statements + auditor report
جم|1395,جم,1395,fiscal_year_end,ONLY_CONSOLIDATED_AVAILABLE,,,ONLY_CONSOLIDATED_AVAILABLE,CODAL separate audited financial statements + auditor report
جم|1395,جم,1395,auditor_opinion_type,ONLY_CONSOLIDATED_AVAILABLE,,,ONLY_CONSOLIDATED_AVAILABLE,CODAL separate audited financial statements + auditor report
جم|1395,جم,1395,auditor_report_date,ONLY_CONSOLIDATED_AVAILABLE,,,ONLY_CONSOLIDATED_AVAILABLE,CODAL separate audited financial statements + auditor report
جم|1396,جم,1396,fiscal_year_end,ONLY_CONSOLIDATED_AVAILABLE,,,ONLY_CONSOLIDATED_AVAILABLE,CODAL separate audited financial statements + auditor report
جم|1396,جم,1396,auditor_opinion_type,ONLY_CONSOLIDATED_AVAILABLE,,,ONLY_CONSOLIDATED_AVAILABLE,CODAL separate audited financial statements + auditor report
جم|1396,جم,1396,auditor_report_date,ONLY_CONSOLIDATED_AVAILABLE,,,ONLY_CONSOLIDATED_AVAILABLE,CODAL separate audited financial statements + auditor report
جم|1397,جم,1397,fiscal_year_end,ONLY_CONSOLIDATED_AVAILABLE,,,ONLY_CONSOLIDATED_AVAILABLE,CODAL separate audited financial statements + auditor report
جم|1397,جم,1397,auditor_opinion_type,ONLY_CONSOLIDATED_AVAILABLE,,,ONLY_CONSOLIDATED_AVAILABLE,CODAL separate audited financial statements + auditor report
جم|1397,جم,1397,auditor_report_date,ONLY_CONSOLIDATED_AVAILABLE,,,ONLY_CONSOLIDATED_AVAILABLE,CODAL separate audited financial statements + auditor report
جم|1398,جم,1398,fiscal_year_end,ONLY_CONSOLIDATED_AVAILABLE,,,ONLY_CONSOLIDATED_AVAILABLE,CODAL separate audited financial statements + auditor report
جم|1398,جم,1398,auditor_opinion_type,ONLY_CONSOLIDATED_AVAILABLE,,,ONLY_CONSOLIDATED_AVAILABLE,CODAL separate audited financial statements + auditor report
جم|1398,جم,1398,auditor_report_date,ONLY_CONSOLIDATED_AVAILABLE,,,ONLY_CONSOLIDATED_AVAILABLE,CODAL separate audited financial statements + auditor report
جم|1399,جم,1399,fiscal_year_end,ONLY_CONSOLIDATED_AVAILABLE,,,ONLY_CONSOLIDATED_AVAILABLE,CODAL separate audited financial statements + auditor report
جم|1399,جم,1399,auditor_opinion_type,ONLY_CONSOLIDATED_AVAILABLE,,,ONLY_CONSOLIDATED_AVAILABLE,CODAL separate audited financial statements + auditor report
جم|1399,جم,1399,auditor_report_date,ONLY_CONSOLIDATED_AVAILABLE,,,ONLY_CONSOLIDATED_AVAILABLE,CODAL separate audited financial statements + auditor report
جم|1400,جم,1400,fiscal_year_end,ONLY_CONSOLIDATED_AVAILABLE,,,ONLY_CONSOLIDATED_AVAILABLE,CODAL separate audited financial statements + auditor report
جم|1400,جم,1400,auditor_opinion_type,ONLY_CONSOLIDATED_AVAILABLE,,,ONLY_CONSOLIDATED_AVAILABLE,CODAL separate audited financial statements + auditor report
جم|1400,جم,1400,auditor_report_date,ONLY_CONSOLIDATED_AVAILABLE,,,ONLY_CONSOLIDATED_AVAILABLE,CODAL separate audited financial statements + auditor report
جم|1401,جم,1401,fiscal_year_end,ONLY_CONSOLIDATED_AVAILABLE,,,ONLY_CONSOLIDATED_AVAILABLE,CODAL separate audited financial statements + auditor report
جم|1401,جم,1401,auditor_opinion_type,ONLY_CONSOLIDATED_AVAILABLE,,,ONLY_CONSOLIDATED_AVAILABLE,CODAL separate audited financial statements + auditor report
جم|1401,جم,1401,auditor_report_date,ONLY_CONSOLIDATED_AVAILABLE,,,ONLY_CONSOLIDATED_AVAILABLE,CODAL separate audited financial statements + auditor report
جم|1402,جم,1402,fiscal_year_end,ONLY_CONSOLIDATED_AVAILABLE,,,ONLY_CONSOLIDATED_AVAILABLE,CODAL separate audited financial statements + auditor report
جم|1402,جم,1402,auditor_opinion_type,ONLY_CONSOLIDATED_AVAILABLE,,,ONLY_CONSOLIDATED_AVAILABLE,CODAL separate audited financial statements + auditor report
جم|1402,جم,1402,auditor_report_date,ONLY_CONSOLIDATED_AVAILABLE,,,ONLY_CONSOLIDATED_AVAILABLE,CODAL separate audited financial statements + auditor report
جم پیلن|1397,جم پیلن,1397,auditor_opinion_type,MATCHED_SEPARATE_CORRECTION_SELECTED,HTML_MISLABELED_XLSX,جم پيلن.zip!جم پيلن_۱۳۹۷_۱۲_۲۹_separate_ن-۱۰_صورت‌های مالی سال مالی منتهی به ۱۳۹۷_۱۲_۲۹ (حسابرسی شده)(اصلاحیه).xlsx,AUDITOR_REPORT_ABSENT_FROM_PAYLOAD,CODAL auditor report (گزارش حسابرس مستقل) for this ticker|fiscal_year
جم پیلن|1397,جم پیلن,1397,auditor_report_date,MATCHED_SEPARATE_CORRECTION_SELECTED,HTML_MISLABELED_XLSX,جم پيلن.zip!جم پيلن_۱۳۹۷_۱۲_۲۹_separate_ن-۱۰_صورت‌های مالی سال مالی منتهی به ۱۳۹۷_۱۲_۲۹ (حسابرسی شده)(اصلاحیه).xlsx,AUDITOR_REPORT_ABSENT_FROM_PAYLOAD,CODAL auditor report (گزارش حسابرس مستقل) for this ticker|fiscal_year
جم پیلن|1398,جم پیلن,1398,auditor_opinion_type,MATCHED_SEPARATE_VALID,HTML_MISLABELED_XLSX,جم پيلن.zip!جم پيلن_۱۳۹۸_۱۲_۲۹_separate_ن-۱۰_صورت‌های مالی سال مالی منتهی به ۱۳۹۸_۱۲_۲۹ (حسابرسی شده).xlsx,AUDITOR_REPORT_ABSENT_FROM_PAYLOAD,CODAL auditor report (گزارش حسابرس مستقل) for this ticker|fiscal_year
جم پیلن|1398,جم پیلن,1398,auditor_report_date,MATCHED_SEPARATE_VALID,HTML_MISLABELED_XLSX,جم پيلن.zip!جم پيلن_۱۳۹۸_۱۲_۲۹_separate_ن-۱۰_صورت‌های مالی سال مالی منتهی به ۱۳۹۸_۱۲_۲۹ (حسابرسی شده).xlsx,AUDITOR_REPORT_ABSENT_FROM_PAYLOAD,CODAL auditor report (گزارش حسابرس مستقل) for this ticker|fiscal_year
جم پیلن|1399,جم پیلن,1399,auditor_opinion_type,MATCHED_SEPARATE_VALID,HTML_MISLABELED_XLSX,جم پيلن.zip!جم پيلن_۱۳۹۹_۱۲_۳۰_separate_ن-۱۰_صورت‌های مالی سال مالی منتهی به ۱۳۹۹_۱۲_۳۰ (حسابرسی شده).xlsx,AUDITOR_REPORT_ABSENT_FROM_PAYLOAD,CODAL auditor report (گزارش حسابرس مستقل) for this ticker|fiscal_year
جم پیلن|1399,جم پیلن,1399,auditor_report_date,MATCHED_SEPARATE_VALID,HTML_MISLABELED_XLSX,جم پيلن.zip!جم پيلن_۱۳۹۹_۱۲_۳۰_separate_ن-۱۰_صورت‌های مالی سال مالی منتهی به ۱۳۹۹_۱۲_۳۰ (حسابرسی شده).xlsx,AUDITOR_REPORT_ABSENT_FROM_PAYLOAD,CODAL auditor report (گزارش حسابرس مستقل) for this ticker|fiscal_year
جم پیلن|1400,جم پیلن,1400,auditor_opinion_type,MATCHED_SEPARATE_CORRECTION_SELECTED,HTML_MISLABELED_XLSX,جم پيلن.zip!جم پيلن_۱۴۰۰_۱۲_۲۹_separate_ن-۱۰_صورت‌های مالی سال مالی منتهی به ۱۴۰۰_۱۲_۲۹ (حسابرسی شده)(اصلاحیه).xlsx,AUDITOR_REPORT_ABSENT_FROM_PAYLOAD,CODAL auditor report (گزارش حسابرس مستقل) for this ticker|fiscal_year
جم پیلن|1400,جم پیلن,1400,auditor_report_date,MATCHED_SEPARATE_CORRECTION_SELECTED,HTML_MISLABELED_XLSX,جم پيلن.zip!جم پيلن_۱۴۰۰_۱۲_۲۹_separate_ن-۱۰_صورت‌های مالی سال مالی منتهی به ۱۴۰۰_۱۲_۲۹ (حسابرسی شده)(اصلاحیه).xlsx,AUDITOR_REPORT_ABSENT_FROM_PAYLOAD,CODAL auditor report (گزارش حسابرس مستقل) for this ticker|fiscal_year
جم پیلن|1401,جم پیلن,1401,auditor_opinion_type,MATCHED_SEPARATE_VALID,HTML_MISLABELED_XLSX,جم پيلن.zip!جم پيلن_۱۴۰۱_۱۲_۲۹_separate_ن-۱۰_صورت‌های مالی سال مالی منتهی به ۱۴۰۱_۱۲_۲۹ (حسابرسی شده).xlsx,AUDITOR_REPORT_ABSENT_FROM_PAYLOAD,CODAL auditor report (گزارش حسابرس مستقل) for this ticker|fiscal_year
جم پیلن|1401,جم پیلن,1401,auditor_report_date,MATCHED_SEPARATE_VALID,HTML_MISLABELED_XLSX,جم پيلن.zip!جم پيلن_۱۴۰۱_۱۲_۲۹_separate_ن-۱۰_صورت‌های مالی سال مالی منتهی به ۱۴۰۱_۱۲_۲۹ (حسابرسی شده).xlsx,AUDITOR_REPORT_ABSENT_FROM_PAYLOAD,CODAL auditor report (گزارش حسابرس مستقل) for this ticker|fiscal_year
جم پیلن|1402,جم پیلن,1402,auditor_opinion_type,MATCHED_SEPARATE_VALID,HTML_MISLABELED_XLSX,جم پيلن.zip!جم پيلن_۱۴۰۲_۱۲_۲۹_separate_ن-۱۰_صورت‌های مالی سال مالی منتهی به ۱۴۰۲_۱۲_۲۹ (حسابرسی شده).xlsx,AUDITOR_REPORT_ABSENT_FROM_PAYLOAD,CODAL auditor report (گزارش حسابرس مستقل) for this ticker|fiscal_year
جم پیلن|1402,جم پیلن,1402,auditor_report_date,MATCHED_SEPARATE_VALID,HTML_MISLABELED_XLSX,جم پيلن.zip!جم پيلن_۱۴۰۲_۱۲_۲۹_separate_ن-۱۰_صورت‌های مالی سال مالی منتهی به ۱۴۰۲_۱۲_۲۹ (حسابرسی شده).xlsx,AUDITOR_REPORT_ABSENT_FROM_PAYLOAD,CODAL auditor report (گزارش حسابرس مستقل) for this ticker|fiscal_year
کفپارس|1397,کفپارس,1397,auditor_opinion_type,MATCHED_SEPARATE_VALID,HTML_MISLABELED_XLSX,كفپارس.zip!كفپارس_۱۳۹۷_۰۹_۳۰_separate_ن-۱۰_صورت‌های مالی سال مالی منتهی به ۱۳۹۷_۰۹_۳۰ (حسابرسی شده).xlsx,AUDITOR_REPORT_ABSENT_FROM_PAYLOAD,CODAL auditor report (گزارش حسابرس مستقل) for this ticker|fiscal_year
کفپارس|1397,کفپارس,1397,auditor_report_date,MATCHED_SEPARATE_VALID,HTML_MISLABELED_XLSX,كفپارس.zip!كفپارس_۱۳۹۷_۰۹_۳۰_separate_ن-۱۰_صورت‌های مالی سال مالی منتهی به ۱۳۹۷_۰۹_۳۰ (حسابرسی شده).xlsx,AUDITOR_REPORT_ABSENT_FROM_PAYLOAD,CODAL auditor report (گزارش حسابرس مستقل) for this ticker|fiscal_year
کفپارس|1398,کفپارس,1398,auditor_opinion_type,MATCHED_SEPARATE_VALID,HTML_MISLABELED_XLSX,كفپارس.zip!كفپارس_۱۳۹۸_۰۹_۳۰_separate_ن-۱۰_صورت‌های مالی سال مالی منتهی به ۱۳۹۸_۰۹_۳۰ (حسابرسی شده).xlsx,AUDITOR_REPORT_ABSENT_FROM_PAYLOAD,CODAL auditor report (گزارش حسابرس مستقل) for this ticker|fiscal_year
کفپارس|1398,کفپارس,1398,auditor_report_date,MATCHED_SEPARATE_VALID,HTML_MISLABELED_XLSX,كفپارس.zip!كفپارس_۱۳۹۸_۰۹_۳۰_separate_ن-۱۰_صورت‌های مالی سال مالی منتهی به ۱۳۹۸_۰۹_۳۰ (حسابرسی شده).xlsx,AUDITOR_REPORT_ABSENT_FROM_PAYLOAD,CODAL auditor report (گزارش حسابرس مستقل) for this ticker|fiscal_year
کفپارس|1399,کفپارس,1399,auditor_opinion_type,MATCHED_SEPARATE_VALID,HTML_MISLABELED_XLSX,كفپارس.zip!كفپارس_۱۳۹۹_۰۹_۳۰_separate_ن-۱۰_صورت‌های مالی سال مالی منتهی به ۱۳۹۹_۰۹_۳۰ (حسابرسی شده).xlsx,AUDITOR_REPORT_ABSENT_FROM_PAYLOAD,CODAL auditor report (گزارش حسابرس مستقل) for this ticker|fiscal_year
کفپارس|1399,کفپارس,1399,auditor_report_date,MATCHED_SEPARATE_VALID,HTML_MISLABELED_XLSX,كفپارس.zip!كفپارس_۱۳۹۹_۰۹_۳۰_separate_ن-۱۰_صورت‌های مالی سال مالی منتهی به ۱۳۹۹_۰۹_۳۰ (حسابرسی شده).xlsx,AUDITOR_REPORT_ABSENT_FROM_PAYLOAD,CODAL auditor report (گزارش حسابرس مستقل) for this ticker|fiscal_year
کفپارس|1400,کفپارس,1400,auditor_opinion_type,MATCHED_SEPARATE_VALID,HTML_MISLABELED_XLSX,كفپارس.zip!كفپارس_۱۴۰۰_۰۹_۳۰_separate_ن-۱۰_صورت‌های مالی سال مالی منتهی به ۱۴۰۰_۰۹_۳۰ (حسابرسی شده).xlsx,AUDITOR_REPORT_ABSENT_FROM_PAYLOAD,CODAL auditor report (گزارش حسابرس مستقل) for this ticker|fiscal_year
کفپارس|1400,کفپارس,1400,auditor_report_date,MATCHED_SEPARATE_VALID,HTML_MISLABELED_XLSX,كفپارس.zip!كفپارس_۱۴۰۰_۰۹_۳۰_separate_ن-۱۰_صورت‌های مالی سال مالی منتهی به ۱۴۰۰_۰۹_۳۰ (حسابرسی شده).xlsx,AUDITOR_REPORT_ABSENT_FROM_PAYLOAD,CODAL auditor report (گزارش حسابرس مستقل) for this ticker|fiscal_year
کفپارس|1401,کفپارس,1401,auditor_opinion_type,MATCHED_SEPARATE_VALID,HTML_MISLABELED_XLSX,كفپارس.zip!كفپارس_۱۴۰۱_۰۹_۳۰_separate_ن-۱۰_صورت‌های مالی سال مالی منتهی به ۱۴۰۱_۰۹_۳۰ (حسابرسی شده).xlsx,AUDITOR_REPORT_ABSENT_FROM_PAYLOAD,CODAL auditor report (گزارش حسابرس مستقل) for this ticker|fiscal_year
کفپارس|1401,کفپارس,1401,auditor_report_date,MATCHED_SEPARATE_VALID,HTML_MISLABELED_XLSX,كفپارس.zip!كفپارس_۱۴۰۱_۰۹_۳۰_separate_ن-۱۰_صورت‌های مالی سال مالی منتهی به ۱۴۰۱_۰۹_۳۰ (حسابرسی شده).xlsx,AUDITOR_REPORT_ABSENT_FROM_PAYLOAD,CODAL auditor report (گزارش حسابرس مستقل) for this ticker|fiscal_year
کفپارس|1402,کفپارس,1402,auditor_opinion_type,MATCHED_SEPARATE_VALID,HTML_MISLABELED_XLSX,كفپارس.zip!كفپارس_۱۴۰۲_۰۹_۳۰_separate_ن-۱۰_صورت‌های مالی سال مالی منتهی به ۱۴۰۲_۰۹_۳۰ (حسابرسی شده).xlsx,AUDITOR_REPORT_ABSENT_FROM_PAYLOAD,CODAL auditor report (گزارش حسابرس مستقل) for this ticker|fiscal_year
کفپارس|1402,کفپارس,1402,auditor_report_date,MATCHED_SEPARATE_VALID,HTML_MISLABELED_XLSX,كفپارس.zip!كفپارس_۱۴۰۲_۰۹_۳۰_separate_ن-۱۰_صورت‌های مالی سال مالی منتهی به ۱۴۰۲_۰۹_۳۰ (حسابرسی شده).xlsx,AUDITOR_REPORT_ABSENT_FROM_PAYLOAD,CODAL auditor report (گزارش حسابرس مستقل) for this ticker|fiscal_year
کاوه|1397,کاوه,1397,auditor_opinion_type,MATCHED_SEPARATE_VALID,HTML_MISLABELED_XLSX,كاوه.zip!كاوه_۱۳۹۷_۱۲_۲۹_separate_ن-۱۰_صورت‌های مالی سال مالی منتهی به ۱۳۹۷_۱۲_۲۹ (حسابرسی شده).xlsx,AUDITOR_REPORT_ABSENT_FROM_PAYLOAD,CODAL auditor report (گزارش حسابرس مستقل) for this ticker|fiscal_year
کاوه|1397,کاوه,1397,auditor_report_date,MATCHED_SEPARATE_VALID,HTML_MISLABELED_XLSX,كاوه.zip!كاوه_۱۳۹۷_۱۲_۲۹_separate_ن-۱۰_صورت‌های مالی سال مالی منتهی به ۱۳۹۷_۱۲_۲۹ (حسابرسی شده).xlsx,AUDITOR_REPORT_ABSENT_FROM_PAYLOAD,CODAL auditor report (گزارش حسابرس مستقل) for this ticker|fiscal_year
کاوه|1398,کاوه,1398,fiscal_year_end,ONLY_CONSOLIDATED_AVAILABLE,,,ONLY_CONSOLIDATED_AVAILABLE,CODAL separate audited financial statements + auditor report
کاوه|1398,کاوه,1398,auditor_opinion_type,ONLY_CONSOLIDATED_AVAILABLE,,,ONLY_CONSOLIDATED_AVAILABLE,CODAL separate audited financial statements + auditor report
کاوه|1398,کاوه,1398,auditor_report_date,ONLY_CONSOLIDATED_AVAILABLE,,,ONLY_CONSOLIDATED_AVAILABLE,CODAL separate audited financial statements + auditor report
کاوه|1399,کاوه,1399,fiscal_year_end,ONLY_CONSOLIDATED_AVAILABLE,,,ONLY_CONSOLIDATED_AVAILABLE,CODAL separate audited financial statements + auditor report
کاوه|1399,کاوه,1399,auditor_opinion_type,ONLY_CONSOLIDATED_AVAILABLE,,,ONLY_CONSOLIDATED_AVAILABLE,CODAL separate audited financial statements + auditor report
کاوه|1399,کاوه,1399,auditor_report_date,ONLY_CONSOLIDATED_AVAILABLE,,,ONLY_CONSOLIDATED_AVAILABLE,CODAL separate audited financial statements + auditor report
کاوه|1400,کاوه,1400,fiscal_year_end,ONLY_CONSOLIDATED_AVAILABLE,,,ONLY_CONSOLIDATED_AVAILABLE,CODAL separate audited financial statements + auditor report
کاوه|1400,کاوه,1400,auditor_opinion_type,ONLY_CONSOLIDATED_AVAILABLE,,,ONLY_CONSOLIDATED_AVAILABLE,CODAL separate audited financial statements + auditor report
کاوه|1400,کاوه,1400,auditor_report_date,ONLY_CONSOLIDATED_AVAILABLE,,,ONLY_CONSOLIDATED_AVAILABLE,CODAL separate audited financial statements + auditor report
کاوه|1401,کاوه,1401,fiscal_year_end,ONLY_CONSOLIDATED_AVAILABLE,,,ONLY_CONSOLIDATED_AVAILABLE,CODAL separate audited financial statements + auditor report
کاوه|1401,کاوه,1401,auditor_opinion_type,ONLY_CONSOLIDATED_AVAILABLE,,,ONLY_CONSOLIDATED_AVAILABLE,CODAL separate audited financial statements + auditor report
کاوه|1401,کاوه,1401,auditor_report_date,ONLY_CONSOLIDATED_AVAILABLE,,,ONLY_CONSOLIDATED_AVAILABLE,CODAL separate audited financial statements + auditor report
کاوه|1402,کاوه,1402,fiscal_year_end,ONLY_CONSOLIDATED_AVAILABLE,,,ONLY_CONSOLIDATED_AVAILABLE,CODAL separate audited financial statements + auditor report
کاوه|1402,کاوه,1402,auditor_opinion_type,ONLY_CONSOLIDATED_AVAILABLE,,,ONLY_CONSOLIDATED_AVAILABLE,CODAL separate audited financial statements + auditor report
کاوه|1402,کاوه,1402,auditor_report_date,ONLY_CONSOLIDATED_AVAILABLE,,,ONLY_CONSOLIDATED_AVAILABLE,CODAL separate audited financial statements + auditor report
کبافق|1397,کبافق,1397,auditor_opinion_type,MATCHED_SEPARATE_VALID,HTML_MISLABELED_XLSX,كبافق.zip!كبافق_۱۳۹۷_۱۲_۲۹_separate_ن-۱۰_صورت‌های مالی سال مالی منتهی به ۱۳۹۷_۱۲_۲۹ (حسابرسی شده).xlsx,AUDITOR_REPORT_ABSENT_FROM_PAYLOAD,CODAL auditor report (گزارش حسابرس مستقل) for this ticker|fiscal_year
کبافق|1397,کبافق,1397,auditor_report_date,MATCHED_SEPARATE_VALID,HTML_MISLABELED_XLSX,كبافق.zip!كبافق_۱۳۹۷_۱۲_۲۹_separate_ن-۱۰_صورت‌های مالی سال مالی منتهی به ۱۳۹۷_۱۲_۲۹ (حسابرسی شده).xlsx,AUDITOR_REPORT_ABSENT_FROM_PAYLOAD,CODAL auditor report (گزارش حسابرس مستقل) for this ticker|fiscal_year
کبافق|1398,کبافق,1398,auditor_opinion_type,MATCHED_SEPARATE_VALID,HTML_MISLABELED_XLSX,كبافق.zip!كبافق_۱۳۹۸_۱۲_۲۹_separate_ن-۱۰_صورت‌های مالی سال مالی منتهی به ۱۳۹۸_۱۲_۲۹ (حسابرسی شده).xlsx,AUDITOR_REPORT_ABSENT_FROM_PAYLOAD,CODAL auditor report (گزارش حسابرس مستقل) for this ticker|fiscal_year
کبافق|1398,کبافق,1398,auditor_report_date,MATCHED_SEPARATE_VALID,HTML_MISLABELED_XLSX,كبافق.zip!كبافق_۱۳۹۸_۱۲_۲۹_separate_ن-۱۰_صورت‌های مالی سال مالی منتهی به ۱۳۹۸_۱۲_۲۹ (حسابرسی شده).xlsx,AUDITOR_REPORT_ABSENT_FROM_PAYLOAD,CODAL auditor report (گزارش حسابرس مستقل) for this ticker|fiscal_year
کبافق|1399,کبافق,1399,auditor_opinion_type,MATCHED_SEPARATE_VALID,HTML_MISLABELED_XLSX,كبافق.zip!كبافق_۱۳۹۹_۱۲_۳۰_separate_ن-۱۰_صورت‌های مالی سال مالی منتهی به ۱۳۹۹_۱۲_۳۰ (حسابرسی شده).xlsx,AUDITOR_REPORT_ABSENT_FROM_PAYLOAD,CODAL auditor report (گزارش حسابرس مستقل) for this ticker|fiscal_year
کبافق|1399,کبافق,1399,auditor_report_date,MATCHED_SEPARATE_VALID,HTML_MISLABELED_XLSX,كبافق.zip!كبافق_۱۳۹۹_۱۲_۳۰_separate_ن-۱۰_صورت‌های مالی سال مالی منتهی به ۱۳۹۹_۱۲_۳۰ (حسابرسی شده).xlsx,AUDITOR_REPORT_ABSENT_FROM_PAYLOAD,CODAL auditor report (گزارش حسابرس مستقل) for this ticker|fiscal_year
کبافق|1400,کبافق,1400,auditor_opinion_type,MATCHED_SEPARATE_CORRECTION_SELECTED,HTML_MISLABELED_XLSX,كبافق.zip!كبافق_۱۴۰۰_۱۲_۲۹_separate_ن-۱۰_صورت‌های مالی سال مالی منتهی به ۱۴۰۰_۱۲_۲۹ (حسابرسی شده)(اصلاحیه).xlsx,AUDITOR_REPORT_ABSENT_FROM_PAYLOAD,CODAL auditor report (گزارش حسابرس مستقل) for this ticker|fiscal_year
کبافق|1400,کبافق,1400,auditor_report_date,MATCHED_SEPARATE_CORRECTION_SELECTED,HTML_MISLABELED_XLSX,كبافق.zip!كبافق_۱۴۰۰_۱۲_۲۹_separate_ن-۱۰_صورت‌های مالی سال مالی منتهی به ۱۴۰۰_۱۲_۲۹ (حسابرسی شده)(اصلاحیه).xlsx,AUDITOR_REPORT_ABSENT_FROM_PAYLOAD,CODAL auditor report (گزارش حسابرس مستقل) for this ticker|fiscal_year
کبافق|1401,کبافق,1401,auditor_opinion_type,MATCHED_SEPARATE_VALID,HTML_MISLABELED_XLSX,كبافق.zip!كبافق_۱۴۰۱_۱۲_۲۹_separate_ن-۱۰_صورت‌های مالی سال مالی منتهی به ۱۴۰۱_۱۲_۲۹ (حسابرسی شده).xlsx,AUDITOR_REPORT_ABSENT_FROM_PAYLOAD,CODAL auditor report (گزارش حسابرس مستقل) for this ticker|fiscal_year
کبافق|1401,کبافق,1401,auditor_report_date,MATCHED_SEPARATE_VALID,HTML_MISLABELED_XLSX,كبافق.zip!كبافق_۱۴۰۱_۱۲_۲۹_separate_ن-۱۰_صورت‌های مالی سال مالی منتهی به ۱۴۰۱_۱۲_۲۹ (حسابرسی شده).xlsx,AUDITOR_REPORT_ABSENT_FROM_PAYLOAD,CODAL auditor report (گزارش حسابرس مستقل) for this ticker|fiscal_year
کبافق|1402,کبافق,1402,auditor_opinion_type,MATCHED_SEPARATE_VALID,HTML_MISLABELED_XLSX,كبافق.zip!كبافق_۱۴۰۲_۱۲_۲۹_separate_ن-۱۰_صورت‌های مالی سال مالی منتهی به ۱۴۰۲_۱۲_۲۹ (حسابرسی شده).xlsx,AUDITOR_REPORT_ABSENT_FROM_PAYLOAD,CODAL auditor report (گزارش حسابرس مستقل) for this ticker|fiscal_year
کبافق|1402,کبافق,1402,auditor_report_date,MATCHED_SEPARATE_VALID,HTML_MISLABELED_XLSX,كبافق.zip!كبافق_۱۴۰۲_۱۲_۲۹_separate_ن-۱۰_صورت‌های مالی سال مالی منتهی به ۱۴۰۲_۱۲_۲۹ (حسابرسی شده).xlsx,AUDITOR_REPORT_ABSENT_FROM_PAYLOAD,CODAL auditor report (گزارش حسابرس مستقل) for this ticker|fiscal_year
کگاز|1397,کگاز,1397,auditor_opinion_type,MATCHED_SEPARATE_VALID,HTML_MISLABELED_XLSX,كگاز.zip!كگاز_۱۳۹۷_۱۲_۲۹_separate_ن-۱۰_صورت‌های مالی سال مالی منتهی به ۱۳۹۷_۱۲_۲۹ (حسابرسی شده).xlsx,AUDITOR_REPORT_ABSENT_FROM_PAYLOAD,CODAL auditor report (گزارش حسابرس مستقل) for this ticker|fiscal_year
کگاز|1397,کگاز,1397,auditor_report_date,MATCHED_SEPARATE_VALID,HTML_MISLABELED_XLSX,كگاز.zip!كگاز_۱۳۹۷_۱۲_۲۹_separate_ن-۱۰_صورت‌های مالی سال مالی منتهی به ۱۳۹۷_۱۲_۲۹ (حسابرسی شده).xlsx,AUDITOR_REPORT_ABSENT_FROM_PAYLOAD,CODAL auditor report (گزارش حسابرس مستقل) for this ticker|fiscal_year
کگاز|1398,کگاز,1398,auditor_opinion_type,MATCHED_SEPARATE_VALID,HTML_MISLABELED_XLSX,كگاز.zip!كگاز_۱۳۹۸_۱۲_۲۹_separate_ن-۱۰_صورت‌های مالی سال مالی منتهی به ۱۳۹۸_۱۲_۲۹ (حسابرسی شده).xlsx,AUDITOR_REPORT_ABSENT_FROM_PAYLOAD,CODAL auditor report (گزارش حسابرس مستقل) for this ticker|fiscal_year
کگاز|1398,کگاز,1398,auditor_report_date,MATCHED_SEPARATE_VALID,HTML_MISLABELED_XLSX,كگاز.zip!كگاز_۱۳۹۸_۱۲_۲۹_separate_ن-۱۰_صورت‌های مالی سال مالی منتهی به ۱۳۹۸_۱۲_۲۹ (حسابرسی شده).xlsx,AUDITOR_REPORT_ABSENT_FROM_PAYLOAD,CODAL auditor report (گزارش حسابرس مستقل) for this ticker|fiscal_year
کگاز|1399,کگاز,1399,auditor_opinion_type,MATCHED_SEPARATE_VALID,HTML_MISLABELED_XLSX,كگاز.zip!كگاز_۱۳۹۹_۱۲_۳۰_separate_ن-۱۰_صورت‌های مالی سال مالی منتهی به ۱۳۹۹_۱۲_۳۰ (حسابرسی شده).xlsx,AUDITOR_REPORT_ABSENT_FROM_PAYLOAD,CODAL auditor report (گزارش حسابرس مستقل) for this ticker|fiscal_year
کگاز|1399,کگاز,1399,auditor_report_date,MATCHED_SEPARATE_VALID,HTML_MISLABELED_XLSX,كگاز.zip!كگاز_۱۳۹۹_۱۲_۳۰_separate_ن-۱۰_صورت‌های مالی سال مالی منتهی به ۱۳۹۹_۱۲_۳۰ (حسابرسی شده).xlsx,AUDITOR_REPORT_ABSENT_FROM_PAYLOAD,CODAL auditor report (گزارش حسابرس مستقل) for this ticker|fiscal_year
کگاز|1400,کگاز,1400,auditor_opinion_type,MATCHED_SEPARATE_VALID,HTML_MISLABELED_XLSX,كگاز.zip!كگاز_۱۴۰۰_۱۲_۲۹_separate_ن-۱۰_صورت‌های مالی سال مالی منتهی به ۱۴۰۰_۱۲_۲۹ (حسابرسی شده).xlsx,AUDITOR_REPORT_ABSENT_FROM_PAYLOAD,CODAL auditor report (گزارش حسابرس مستقل) for this ticker|fiscal_year
کگاز|1400,کگاز,1400,auditor_report_date,MATCHED_SEPARATE_VALID,HTML_MISLABELED_XLSX,كگاز.zip!كگاز_۱۴۰۰_۱۲_۲۹_separate_ن-۱۰_صورت‌های مالی سال مالی منتهی به ۱۴۰۰_۱۲_۲۹ (حسابرسی شده).xlsx,AUDITOR_REPORT_ABSENT_FROM_PAYLOAD,CODAL auditor report (گزارش حسابرس مستقل) for this ticker|fiscal_year
کگاز|1401,کگاز,1401,fiscal_year_end,MATCHED_SEPARATE_VALID,HTML_MISLABELED_XLSX,كگاز.zip!كگاز_۱۴۰۱_۱۲_۲۹_separate_ن-۱۰_صورت‌های مالی سال مالی منتهی به ۱۴۰۱_۱۲_۲۹ (حسابرسی شده).xlsx,NOT_PRESENT_IN_SOURCE,CODAL auditor report (گزارش حسابرس مستقل) for this ticker|fiscal_year
کگاز|1401,کگاز,1401,auditor_opinion_type,MATCHED_SEPARATE_VALID,HTML_MISLABELED_XLSX,كگاز.zip!كگاز_۱۴۰۱_۱۲_۲۹_separate_ن-۱۰_صورت‌های مالی سال مالی منتهی به ۱۴۰۱_۱۲_۲۹ (حسابرسی شده).xlsx,AUDITOR_REPORT_ABSENT_FROM_PAYLOAD,CODAL auditor report (گزارش حسابرس مستقل) for this ticker|fiscal_year
کگاز|1401,کگاز,1401,auditor_report_date,MATCHED_SEPARATE_VALID,HTML_MISLABELED_XLSX,كگاز.zip!كگاز_۱۴۰۱_۱۲_۲۹_separate_ن-۱۰_صورت‌های مالی سال مالی منتهی به ۱۴۰۱_۱۲_۲۹ (حسابرسی شده).xlsx,AUDITOR_REPORT_ABSENT_FROM_PAYLOAD,CODAL auditor report (گزارش حسابرس مستقل) for this ticker|fiscal_year
کگاز|1402,کگاز,1402,auditor_opinion_type,MATCHED_SEPARATE_VALID,HTML_MISLABELED_XLSX,كگاز.zip!كگاز_۱۴۰۲_۱۲_۲۹_separate_ن-۱۰_صورت‌های مالی سال مالی منتهی به ۱۴۰۲_۱۲_۲۹ (حسابرسی شده).xlsx,AUDITOR_REPORT_ABSENT_FROM_PAYLOAD,CODAL auditor report (گزارش حسابرس مستقل) for this ticker|fiscal_year
کگاز|1402,کگاز,1402,auditor_report_date,MATCHED_SEPARATE_VALID,HTML_MISLABELED_XLSX,كگاز.zip!كگاز_۱۴۰۲_۱۲_۲۹_separate_ن-۱۰_صورت‌های مالی سال مالی منتهی به ۱۴۰۲_۱۲_۲۹ (حسابرسی شده).xlsx,AUDITOR_REPORT_ABSENT_FROM_PAYLOAD,CODAL auditor report (گزارش حسابرس مستقل) for this ticker|fiscal_year
کگل|1394,کگل,1394,fiscal_year_end,ONLY_CONSOLIDATED_AVAILABLE,,,ONLY_CONSOLIDATED_AVAILABLE,CODAL separate audited financial statements + auditor report
کگل|1394,کگل,1394,auditor_opinion_type,ONLY_CONSOLIDATED_AVAILABLE,,,ONLY_CONSOLIDATED_AVAILABLE,CODAL separate audited financial statements + auditor report
کگل|1394,کگل,1394,auditor_report_date,ONLY_CONSOLIDATED_AVAILABLE,,,ONLY_CONSOLIDATED_AVAILABLE,CODAL separate audited financial statements + auditor report
کگل|1395,کگل,1395,fiscal_year_end,ONLY_CONSOLIDATED_AVAILABLE,,,ONLY_CONSOLIDATED_AVAILABLE,CODAL separate audited financial statements + auditor report
کگل|1395,کگل,1395,auditor_opinion_type,ONLY_CONSOLIDATED_AVAILABLE,,,ONLY_CONSOLIDATED_AVAILABLE,CODAL separate audited financial statements + auditor report
کگل|1395,کگل,1395,auditor_report_date,ONLY_CONSOLIDATED_AVAILABLE,,,ONLY_CONSOLIDATED_AVAILABLE,CODAL separate audited financial statements + auditor report
کگل|1396,کگل,1396,fiscal_year_end,ONLY_CONSOLIDATED_AVAILABLE,,,ONLY_CONSOLIDATED_AVAILABLE,CODAL separate audited financial statements + auditor report
کگل|1396,کگل,1396,auditor_opinion_type,ONLY_CONSOLIDATED_AVAILABLE,,,ONLY_CONSOLIDATED_AVAILABLE,CODAL separate audited financial statements + auditor report
کگل|1396,کگل,1396,auditor_report_date,ONLY_CONSOLIDATED_AVAILABLE,,,ONLY_CONSOLIDATED_AVAILABLE,CODAL separate audited financial statements + auditor report
کگل|1397,کگل,1397,fiscal_year_end,ONLY_CONSOLIDATED_AVAILABLE,,,ONLY_CONSOLIDATED_AVAILABLE,CODAL separate audited financial statements + auditor report
کگل|1397,کگل,1397,auditor_opinion_type,ONLY_CONSOLIDATED_AVAILABLE,,,ONLY_CONSOLIDATED_AVAILABLE,CODAL separate audited financial statements + auditor report
کگل|1397,کگل,1397,auditor_report_date,ONLY_CONSOLIDATED_AVAILABLE,,,ONLY_CONSOLIDATED_AVAILABLE,CODAL separate audited financial statements + auditor report
کگل|1398,کگل,1398,fiscal_year_end,ONLY_CONSOLIDATED_AVAILABLE,,,ONLY_CONSOLIDATED_AVAILABLE,CODAL separate audited financial statements + auditor report
کگل|1398,کگل,1398,auditor_opinion_type,ONLY_CONSOLIDATED_AVAILABLE,,,ONLY_CONSOLIDATED_AVAILABLE,CODAL separate audited financial statements + auditor report
کگل|1398,کگل,1398,auditor_report_date,ONLY_CONSOLIDATED_AVAILABLE,,,ONLY_CONSOLIDATED_AVAILABLE,CODAL separate audited financial statements + auditor report
کگل|1399,کگل,1399,fiscal_year_end,ONLY_CONSOLIDATED_AVAILABLE,,,ONLY_CONSOLIDATED_AVAILABLE,CODAL separate audited financial statements + auditor report
کگل|1399,کگل,1399,auditor_opinion_type,ONLY_CONSOLIDATED_AVAILABLE,,,ONLY_CONSOLIDATED_AVAILABLE,CODAL separate audited financial statements + auditor report
کگل|1399,کگل,1399,auditor_report_date,ONLY_CONSOLIDATED_AVAILABLE,,,ONLY_CONSOLIDATED_AVAILABLE,CODAL separate audited financial statements + auditor report
کگل|1400,کگل,1400,fiscal_year_end,ONLY_CONSOLIDATED_AVAILABLE,,,ONLY_CONSOLIDATED_AVAILABLE,CODAL separate audited financial statements + auditor report
کگل|1400,کگل,1400,auditor_opinion_type,ONLY_CONSOLIDATED_AVAILABLE,,,ONLY_CONSOLIDATED_AVAILABLE,CODAL separate audited financial statements + auditor report
کگل|1400,کگل,1400,auditor_report_date,ONLY_CONSOLIDATED_AVAILABLE,,,ONLY_CONSOLIDATED_AVAILABLE,CODAL separate audited financial statements + auditor report
کگل|1401,کگل,1401,fiscal_year_end,ONLY_CONSOLIDATED_AVAILABLE,,,ONLY_CONSOLIDATED_AVAILABLE,CODAL separate audited financial statements + auditor report
کگل|1401,کگل,1401,auditor_opinion_type,ONLY_CONSOLIDATED_AVAILABLE,,,ONLY_CONSOLIDATED_AVAILABLE,CODAL separate audited financial statements + auditor report
کگل|1401,کگل,1401,auditor_report_date,ONLY_CONSOLIDATED_AVAILABLE,,,ONLY_CONSOLIDATED_AVAILABLE,CODAL separate audited financial statements + auditor report
کگل|1402,کگل,1402,fiscal_year_end,ONLY_CONSOLIDATED_AVAILABLE,,,ONLY_CONSOLIDATED_AVAILABLE,CODAL separate audited financial statements + auditor report
کگل|1402,کگل,1402,auditor_opinion_type,ONLY_CONSOLIDATED_AVAILABLE,,,ONLY_CONSOLIDATED_AVAILABLE,CODAL separate audited financial statements + auditor report
کگل|1402,کگل,1402,auditor_report_date,ONLY_CONSOLIDATED_AVAILABLE,,,ONLY_CONSOLIDATED_AVAILABLE,CODAL separate audited financial statements + auditor report
خاذین|1397,خاذین,1397,auditor_opinion_type,MATCHED_SEPARATE_VALID,HTML_MISLABELED_XLSX,خاذين.zip!خاذين_۱۳۹۷_۱۲_۲۹_separate_ن-۱۰_صورت‌های مالی سال مالی منتهی به ۱۳۹۷_۱۲_۲۹ (حسابرسی شده).xlsx,AUDITOR_REPORT_ABSENT_FROM_PAYLOAD,CODAL auditor report (گزارش حسابرس مستقل) for this ticker|fiscal_year
خاذین|1397,خاذین,1397,auditor_report_date,MATCHED_SEPARATE_VALID,HTML_MISLABELED_XLSX,خاذين.zip!خاذين_۱۳۹۷_۱۲_۲۹_separate_ن-۱۰_صورت‌های مالی سال مالی منتهی به ۱۳۹۷_۱۲_۲۹ (حسابرسی شده).xlsx,AUDITOR_REPORT_ABSENT_FROM_PAYLOAD,CODAL auditor report (گزارش حسابرس مستقل) for this ticker|fiscal_year
خاذین|1398,خاذین,1398,auditor_opinion_type,MATCHED_SEPARATE_VALID,HTML_MISLABELED_XLSX,خاذين.zip!خاذين_۱۳۹۸_۱۲_۲۹_separate_ن-۱۰_صورت‌های مالی سال مالی منتهی به ۱۳۹۸_۱۲_۲۹ (حسابرسی شده).xlsx,AUDITOR_REPORT_ABSENT_FROM_PAYLOAD,CODAL auditor report (گزارش حسابرس مستقل) for this ticker|fiscal_year
خاذین|1398,خاذین,1398,auditor_report_date,MATCHED_SEPARATE_VALID,HTML_MISLABELED_XLSX,خاذين.zip!خاذين_۱۳۹۸_۱۲_۲۹_separate_ن-۱۰_صورت‌های مالی سال مالی منتهی به ۱۳۹۸_۱۲_۲۹ (حسابرسی شده).xlsx,AUDITOR_REPORT_ABSENT_FROM_PAYLOAD,CODAL auditor report (گزارش حسابرس مستقل) for this ticker|fiscal_year
خاذین|1399,خاذین,1399,auditor_opinion_type,MATCHED_SEPARATE_VALID,HTML_MISLABELED_XLSX,خاذين.zip!خاذين_۱۳۹۹_۱۲_۳۰_separate_ن-۱۰_صورت‌های مالی سال مالی منتهی به ۱۳۹۹_۱۲_۳۰ (حسابرسی شده).xlsx,AUDITOR_REPORT_ABSENT_FROM_PAYLOAD,CODAL auditor report (گزارش حسابرس مستقل) for this ticker|fiscal_year
خاذین|1399,خاذین,1399,auditor_report_date,MATCHED_SEPARATE_VALID,HTML_MISLABELED_XLSX,خاذين.zip!خاذين_۱۳۹۹_۱۲_۳۰_separate_ن-۱۰_صورت‌های مالی سال مالی منتهی به ۱۳۹۹_۱۲_۳۰ (حسابرسی شده).xlsx,AUDITOR_REPORT_ABSENT_FROM_PAYLOAD,CODAL auditor report (گزارش حسابرس مستقل) for this ticker|fiscal_year
خاذین|1400,خاذین,1400,auditor_opinion_type,MATCHED_SEPARATE_VALID,HTML_MISLABELED_XLSX,خاذين.zip!خاذين_۱۴۰۰_۱۲_۲۹_separate_ن-۱۰_صورت‌های مالی سال مالی منتهی به ۱۴۰۰_۱۲_۲۹ (حسابرسی شده).xlsx,AUDITOR_REPORT_ABSENT_FROM_PAYLOAD,CODAL auditor report (گزارش حسابرس مستقل) for this ticker|fiscal_year
خاذین|1400,خاذین,1400,auditor_report_date,MATCHED_SEPARATE_VALID,HTML_MISLABELED_XLSX,خاذين.zip!خاذين_۱۴۰۰_۱۲_۲۹_separate_ن-۱۰_صورت‌های مالی سال مالی منتهی به ۱۴۰۰_۱۲_۲۹ (حسابرسی شده).xlsx,AUDITOR_REPORT_ABSENT_FROM_PAYLOAD,CODAL auditor report (گزارش حسابرس مستقل) for this ticker|fiscal_year
خاذین|1401,خاذین,1401,auditor_opinion_type,MATCHED_SEPARATE_VALID,HTML_MISLABELED_XLSX,خاذين.zip!خاذين_۱۴۰۱_۱۲_۲۹_separate_ن-۱۰_صورت‌های مالی سال مالی منتهی به ۱۴۰۱_۱۲_۲۹ (حسابرسی شده).xlsx,AUDITOR_REPORT_ABSENT_FROM_PAYLOAD,CODAL auditor report (گزارش حسابرس مستقل) for this ticker|fiscal_year
خاذین|1401,خاذین,1401,auditor_report_date,MATCHED_SEPARATE_VALID,HTML_MISLABELED_XLSX,خاذين.zip!خاذين_۱۴۰۱_۱۲_۲۹_separate_ن-۱۰_صورت‌های مالی سال مالی منتهی به ۱۴۰۱_۱۲_۲۹ (حسابرسی شده).xlsx,AUDITOR_REPORT_ABSENT_FROM_PAYLOAD,CODAL auditor report (گزارش حسابرس مستقل) for this ticker|fiscal_year
خاذین|1402,خاذین,1402,auditor_opinion_type,MATCHED_SEPARATE_VALID,HTML_MISLABELED_XLSX,خاذين.zip!خاذين_۱۴۰۲_۱۲_۲۹_separate_ن-۱۰_صورت‌های مالی سال مالی منتهی به ۱۴۰۲_۱۲_۲۹ (حسابرسی شده).xlsx,AUDITOR_REPORT_ABSENT_FROM_PAYLOAD,CODAL auditor report (گزارش حسابرس مستقل) for this ticker|fiscal_year
خاذین|1402,خاذین,1402,auditor_report_date,MATCHED_SEPARATE_VALID,HTML_MISLABELED_XLSX,خاذين.zip!خاذين_۱۴۰۲_۱۲_۲۹_separate_ن-۱۰_صورت‌های مالی سال مالی منتهی به ۱۴۰۲_۱۲_۲۹ (حسابرسی شده).xlsx,AUDITOR_REPORT_ABSENT_FROM_PAYLOAD,CODAL auditor report (گزارش حسابرس مستقل) for this ticker|fiscal_year
خچرخش|1397,خچرخش,1397,auditor_opinion_type,MATCHED_SEPARATE_VALID,HTML_MISLABELED_XLSX,خچرخش.zip!خچرخش_۱۳۹۷_۱۲_۲۹_separate_ن-۱۰_صورت‌های مالی سال مالی منتهی به ۱۳۹۷_۱۲_۲۹ (حسابرسی شده).xlsx,AUDITOR_REPORT_ABSENT_FROM_PAYLOAD,CODAL auditor report (گزارش حسابرس مستقل) for this ticker|fiscal_year
خچرخش|1397,خچرخش,1397,auditor_report_date,MATCHED_SEPARATE_VALID,HTML_MISLABELED_XLSX,خچرخش.zip!خچرخش_۱۳۹۷_۱۲_۲۹_separate_ن-۱۰_صورت‌های مالی سال مالی منتهی به ۱۳۹۷_۱۲_۲۹ (حسابرسی شده).xlsx,AUDITOR_REPORT_ABSENT_FROM_PAYLOAD,CODAL auditor report (گزارش حسابرس مستقل) for this ticker|fiscal_year
خچرخش|1398,خچرخش,1398,fiscal_year_end,ONLY_CONSOLIDATED_AVAILABLE,,,ONLY_CONSOLIDATED_AVAILABLE,CODAL separate audited financial statements + auditor report
خچرخش|1398,خچرخش,1398,auditor_opinion_type,ONLY_CONSOLIDATED_AVAILABLE,,,ONLY_CONSOLIDATED_AVAILABLE,CODAL separate audited financial statements + auditor report
خچرخش|1398,خچرخش,1398,auditor_report_date,ONLY_CONSOLIDATED_AVAILABLE,,,ONLY_CONSOLIDATED_AVAILABLE,CODAL separate audited financial statements + auditor report
خچرخش|1399,خچرخش,1399,fiscal_year_end,ONLY_CONSOLIDATED_AVAILABLE,,,ONLY_CONSOLIDATED_AVAILABLE,CODAL separate audited financial statements + auditor report
خچرخش|1399,خچرخش,1399,auditor_opinion_type,ONLY_CONSOLIDATED_AVAILABLE,,,ONLY_CONSOLIDATED_AVAILABLE,CODAL separate audited financial statements + auditor report
خچرخش|1399,خچرخش,1399,auditor_report_date,ONLY_CONSOLIDATED_AVAILABLE,,,ONLY_CONSOLIDATED_AVAILABLE,CODAL separate audited financial statements + auditor report
خچرخش|1400,خچرخش,1400,fiscal_year_end,ONLY_CONSOLIDATED_AVAILABLE,,,ONLY_CONSOLIDATED_AVAILABLE,CODAL separate audited financial statements + auditor report
خچرخش|1400,خچرخش,1400,auditor_opinion_type,ONLY_CONSOLIDATED_AVAILABLE,,,ONLY_CONSOLIDATED_AVAILABLE,CODAL separate audited financial statements + auditor report
خچرخش|1400,خچرخش,1400,auditor_report_date,ONLY_CONSOLIDATED_AVAILABLE,,,ONLY_CONSOLIDATED_AVAILABLE,CODAL separate audited financial statements + auditor report
خچرخش|1401,خچرخش,1401,fiscal_year_end,ONLY_CONSOLIDATED_AVAILABLE,,,ONLY_CONSOLIDATED_AVAILABLE,CODAL separate audited financial statements + auditor report
خچرخش|1401,خچرخش,1401,auditor_opinion_type,ONLY_CONSOLIDATED_AVAILABLE,,,ONLY_CONSOLIDATED_AVAILABLE,CODAL separate audited financial statements + auditor report
خچرخش|1401,خچرخش,1401,auditor_report_date,ONLY_CONSOLIDATED_AVAILABLE,,,ONLY_CONSOLIDATED_AVAILABLE,CODAL separate audited financial statements + auditor report
خچرخش|1402,خچرخش,1402,fiscal_year_end,ONLY_CONSOLIDATED_AVAILABLE,,,ONLY_CONSOLIDATED_AVAILABLE,CODAL separate audited financial statements + auditor report
خچرخش|1402,خچرخش,1402,auditor_opinion_type,ONLY_CONSOLIDATED_AVAILABLE,,,ONLY_CONSOLIDATED_AVAILABLE,CODAL separate audited financial statements + auditor report
خچرخش|1402,خچرخش,1402,auditor_report_date,ONLY_CONSOLIDATED_AVAILABLE,,,ONLY_CONSOLIDATED_AVAILABLE,CODAL separate audited financial statements + auditor report
خبهمن|1398,خبهمن,1398,auditor_opinion_type,MATCHED_SEPARATE_CORRECTION_SELECTED,HTML_MISLABELED_XLSX,خبهمن.zip!خبهمن_۱۳۹۸_۱۲_۲۹_separate_ن-۱۰_صورت‌های مالی سال مالی منتهی به ۱۳۹۸_۱۲_۲۹ (حسابرسی شده)(اصلاحیه).xlsx,AUDITOR_REPORT_ABSENT_FROM_PAYLOAD,CODAL auditor report (گزارش حسابرس مستقل) for this ticker|fiscal_year
خبهمن|1398,خبهمن,1398,auditor_report_date,MATCHED_SEPARATE_CORRECTION_SELECTED,HTML_MISLABELED_XLSX,خبهمن.zip!خبهمن_۱۳۹۸_۱۲_۲۹_separate_ن-۱۰_صورت‌های مالی سال مالی منتهی به ۱۳۹۸_۱۲_۲۹ (حسابرسی شده)(اصلاحیه).xlsx,AUDITOR_REPORT_ABSENT_FROM_PAYLOAD,CODAL auditor report (گزارش حسابرس مستقل) for this ticker|fiscal_year
خبهمن|1399,خبهمن,1399,auditor_opinion_type,MATCHED_SEPARATE_CORRECTION_SELECTED,HTML_MISLABELED_XLSX,خبهمن.zip!خبهمن_۱۳۹۹_۱۲_۳۰_separate_ن-۱۰_صورت‌های مالی سال مالی منتهی به ۱۳۹۹_۱۲_۳۰ (حسابرسی شده)(اصلاحیه).xlsx,AUDITOR_REPORT_ABSENT_FROM_PAYLOAD,CODAL auditor report (گزارش حسابرس مستقل) for this ticker|fiscal_year
خبهمن|1399,خبهمن,1399,auditor_report_date,MATCHED_SEPARATE_CORRECTION_SELECTED,HTML_MISLABELED_XLSX,خبهمن.zip!خبهمن_۱۳۹۹_۱۲_۳۰_separate_ن-۱۰_صورت‌های مالی سال مالی منتهی به ۱۳۹۹_۱۲_۳۰ (حسابرسی شده)(اصلاحیه).xlsx,AUDITOR_REPORT_ABSENT_FROM_PAYLOAD,CODAL auditor report (گزارش حسابرس مستقل) for this ticker|fiscal_year
خبهمن|1400,خبهمن,1400,auditor_opinion_type,MATCHED_SEPARATE_VALID,HTML_MISLABELED_XLSX,خبهمن.zip!خبهمن_۱۴۰۰_۱۲_۲۹_separate_ن-۱۰_صورت‌های مالی سال مالی منتهی به ۱۴۰۰_۱۲_۲۹ (حسابرسی شده).xlsx,AUDITOR_REPORT_ABSENT_FROM_PAYLOAD,CODAL auditor report (گزارش حسابرس مستقل) for this ticker|fiscal_year
خبهمن|1400,خبهمن,1400,auditor_report_date,MATCHED_SEPARATE_VALID,HTML_MISLABELED_XLSX,خبهمن.zip!خبهمن_۱۴۰۰_۱۲_۲۹_separate_ن-۱۰_صورت‌های مالی سال مالی منتهی به ۱۴۰۰_۱۲_۲۹ (حسابرسی شده).xlsx,AUDITOR_REPORT_ABSENT_FROM_PAYLOAD,CODAL auditor report (گزارش حسابرس مستقل) for this ticker|fiscal_year
خبهمن|1401,خبهمن,1401,auditor_opinion_type,MATCHED_SEPARATE_VALID,HTML_MISLABELED_XLSX,خبهمن.zip!خبهمن_۱۴۰۱_۱۲_۲۹_separate_ن-۱۰_صورت‌های مالی سال مالی منتهی به ۱۴۰۱_۱۲_۲۹ (حسابرسی شده).xlsx,AUDITOR_REPORT_ABSENT_FROM_PAYLOAD,CODAL auditor report (گزارش حسابرس مستقل) for this ticker|fiscal_year
خبهمن|1401,خبهمن,1401,auditor_report_date,MATCHED_SEPARATE_VALID,HTML_MISLABELED_XLSX,خبهمن.zip!خبهمن_۱۴۰۱_۱۲_۲۹_separate_ن-۱۰_صورت‌های مالی سال مالی منتهی به ۱۴۰۱_۱۲_۲۹ (حسابرسی شده).xlsx,AUDITOR_REPORT_ABSENT_FROM_PAYLOAD,CODAL auditor report (گزارش حسابرس مستقل) for this ticker|fiscal_year
خبهمن|1402,خبهمن,1402,auditor_opinion_type,MATCHED_SEPARATE_VALID,HTML_MISLABELED_XLSX,خبهمن.zip!خبهمن_۱۴۰۲_۱۲_۲۹_separate_ن-۱۰_صورت‌های مالی سال مالی منتهی به ۱۴۰۲_۱۲_۲۹ (حسابرسی شده).xlsx,AUDITOR_REPORT_ABSENT_FROM_PAYLOAD,CODAL auditor report (گزارش حسابرس مستقل) for this ticker|fiscal_year
خبهمن|1402,خبهمن,1402,auditor_report_date,MATCHED_SEPARATE_VALID,HTML_MISLABELED_XLSX,خبهمن.zip!خبهمن_۱۴۰۲_۱۲_۲۹_separate_ن-۱۰_صورت‌های مالی سال مالی منتهی به ۱۴۰۲_۱۲_۲۹ (حسابرسی شده).xlsx,AUDITOR_REPORT_ABSENT_FROM_PAYLOAD,CODAL auditor report (گزارش حسابرس مستقل) for this ticker|fiscal_year
خکمک|1397,خکمک,1397,auditor_opinion_type,MATCHED_SEPARATE_VALID,HTML_MISLABELED_XLSX,خكمك.zip!خكمك_۱۳۹۷_۱۲_۲۹_separate_ن-۱۰_صورت‌های مالی سال مالی منتهی به ۱۳۹۷_۱۲_۲۹ (حسابرسی شده).xlsx,AUDITOR_REPORT_ABSENT_FROM_PAYLOAD,CODAL auditor report (گزارش حسابرس مستقل) for this ticker|fiscal_year
خکمک|1397,خکمک,1397,auditor_report_date,MATCHED_SEPARATE_VALID,HTML_MISLABELED_XLSX,خكمك.zip!خكمك_۱۳۹۷_۱۲_۲۹_separate_ن-۱۰_صورت‌های مالی سال مالی منتهی به ۱۳۹۷_۱۲_۲۹ (حسابرسی شده).xlsx,AUDITOR_REPORT_ABSENT_FROM_PAYLOAD,CODAL auditor report (گزارش حسابرس مستقل) for this ticker|fiscal_year
خکمک|1398,خکمک,1398,auditor_opinion_type,MATCHED_SEPARATE_VALID,HTML_MISLABELED_XLSX,خكمك.zip!خكمك_۱۳۹۸_۱۲_۲۹_separate_ن-۱۰_صورت‌های مالی سال مالی منتهی به ۱۳۹۸_۱۲_۲۹ (حسابرسی شده).xlsx,AUDITOR_REPORT_ABSENT_FROM_PAYLOAD,CODAL auditor report (گزارش حسابرس مستقل) for this ticker|fiscal_year
خکمک|1398,خکمک,1398,auditor_report_date,MATCHED_SEPARATE_VALID,HTML_MISLABELED_XLSX,خكمك.zip!خكمك_۱۳۹۸_۱۲_۲۹_separate_ن-۱۰_صورت‌های مالی سال مالی منتهی به ۱۳۹۸_۱۲_۲۹ (حسابرسی شده).xlsx,AUDITOR_REPORT_ABSENT_FROM_PAYLOAD,CODAL auditor report (گزارش حسابرس مستقل) for this ticker|fiscal_year
خکمک|1399,خکمک,1399,auditor_opinion_type,MATCHED_SEPARATE_VALID,HTML_MISLABELED_XLSX,خكمك.zip!خكمك_۱۳۹۹_۱۲_۳۰_separate_ن-۱۰_صورت‌های مالی سال مالی منتهی به ۱۳۹۹_۱۲_۳۰ (حسابرسی شده).xlsx,AUDITOR_REPORT_ABSENT_FROM_PAYLOAD,CODAL auditor report (گزارش حسابرس مستقل) for this ticker|fiscal_year
خکمک|1399,خکمک,1399,auditor_report_date,MATCHED_SEPARATE_VALID,HTML_MISLABELED_XLSX,خكمك.zip!خكمك_۱۳۹۹_۱۲_۳۰_separate_ن-۱۰_صورت‌های مالی سال مالی منتهی به ۱۳۹۹_۱۲_۳۰ (حسابرسی شده).xlsx,AUDITOR_REPORT_ABSENT_FROM_PAYLOAD,CODAL auditor report (گزارش حسابرس مستقل) for this ticker|fiscal_year
خکمک|1400,خکمک,1400,auditor_opinion_type,MATCHED_SEPARATE_VALID,HTML_MISLABELED_XLSX,خكمك.zip!خكمك_۱۴۰۰_۱۲_۲۹_separate_ن-۱۰_صورت‌های مالی سال مالی منتهی به ۱۴۰۰_۱۲_۲۹ (حسابرسی شده).xlsx,AUDITOR_REPORT_ABSENT_FROM_PAYLOAD,CODAL auditor report (گزارش حسابرس مستقل) for this ticker|fiscal_year
خکمک|1400,خکمک,1400,auditor_report_date,MATCHED_SEPARATE_VALID,HTML_MISLABELED_XLSX,خكمك.zip!خكمك_۱۴۰۰_۱۲_۲۹_separate_ن-۱۰_صورت‌های مالی سال مالی منتهی به ۱۴۰۰_۱۲_۲۹ (حسابرسی شده).xlsx,AUDITOR_REPORT_ABSENT_FROM_PAYLOAD,CODAL auditor report (گزارش حسابرس مستقل) for this ticker|fiscal_year
خکمک|1401,خکمک,1401,auditor_opinion_type,MATCHED_SEPARATE_VALID,HTML_MISLABELED_XLSX,خكمك.zip!خكمك_۱۴۰۱_۱۲_۲۹_separate_ن-۱۰_صورت‌های مالی سال مالی منتهی به ۱۴۰۱_۱۲_۲۹ (حسابرسی شده).xlsx,AUDITOR_REPORT_ABSENT_FROM_PAYLOAD,CODAL auditor report (گزارش حسابرس مستقل) for this ticker|fiscal_year
خکمک|1401,خکمک,1401,auditor_report_date,MATCHED_SEPARATE_VALID,HTML_MISLABELED_XLSX,خكمك.zip!خكمك_۱۴۰۱_۱۲_۲۹_separate_ن-۱۰_صورت‌های مالی سال مالی منتهی به ۱۴۰۱_۱۲_۲۹ (حسابرسی شده).xlsx,AUDITOR_REPORT_ABSENT_FROM_PAYLOAD,CODAL auditor report (گزارش حسابرس مستقل) for this ticker|fiscal_year
خکمک|1402,خکمک,1402,auditor_opinion_type,MATCHED_SEPARATE_CORRECTION_SELECTED,HTML_MISLABELED_XLSX,خكمك.zip!خكمك_۱۴۰۲_۱۲_۲۹_separate_ن-۱۰_صورت‌های مالی سال مالی منتهی به ۱۴۰۲_۱۲_۲۹ (حسابرسی شده)(اصلاحیه).xlsx,AUDITOR_REPORT_ABSENT_FROM_PAYLOAD,CODAL auditor report (گزارش حسابرس مستقل) for this ticker|fiscal_year
خکمک|1402,خکمک,1402,auditor_report_date,MATCHED_SEPARATE_CORRECTION_SELECTED,HTML_MISLABELED_XLSX,خكمك.zip!خكمك_۱۴۰۲_۱۲_۲۹_separate_ن-۱۰_صورت‌های مالی سال مالی منتهی به ۱۴۰۲_۱۲_۲۹ (حسابرسی شده)(اصلاحیه).xlsx,AUDITOR_REPORT_ABSENT_FROM_PAYLOAD,CODAL auditor report (گزارش حسابرس مستقل) for this ticker|fiscal_year
خمهر|1397,خمهر,1397,auditor_opinion_type,MATCHED_SEPARATE_VALID,HTML_MISLABELED_XLSX,خمهر.zip!خمهر_۱۳۹۷_۱۲_۲۹_separate_ن-۱۰_صورت‌های مالی سال مالی منتهی به ۱۳۹۷_۱۲_۲۹ (حسابرسی شده).xlsx,AUDITOR_REPORT_ABSENT_FROM_PAYLOAD,CODAL auditor report (گزارش حسابرس مستقل) for this ticker|fiscal_year
خمهر|1397,خمهر,1397,auditor_report_date,MATCHED_SEPARATE_VALID,HTML_MISLABELED_XLSX,خمهر.zip!خمهر_۱۳۹۷_۱۲_۲۹_separate_ن-۱۰_صورت‌های مالی سال مالی منتهی به ۱۳۹۷_۱۲_۲۹ (حسابرسی شده).xlsx,AUDITOR_REPORT_ABSENT_FROM_PAYLOAD,CODAL auditor report (گزارش حسابرس مستقل) for this ticker|fiscal_year
خمهر|1398,خمهر,1398,auditor_opinion_type,MATCHED_SEPARATE_VALID,HTML_MISLABELED_XLSX,خمهر.zip!خمهر_۱۳۹۸_۱۲_۲۹_separate_ن-۱۰_صورت‌های مالی سال مالی منتهی به ۱۳۹۸_۱۲_۲۹ (حسابرسی شده).xlsx,AUDITOR_REPORT_ABSENT_FROM_PAYLOAD,CODAL auditor report (گزارش حسابرس مستقل) for this ticker|fiscal_year
خمهر|1398,خمهر,1398,auditor_report_date,MATCHED_SEPARATE_VALID,HTML_MISLABELED_XLSX,خمهر.zip!خمهر_۱۳۹۸_۱۲_۲۹_separate_ن-۱۰_صورت‌های مالی سال مالی منتهی به ۱۳۹۸_۱۲_۲۹ (حسابرسی شده).xlsx,AUDITOR_REPORT_ABSENT_FROM_PAYLOAD,CODAL auditor report (گزارش حسابرس مستقل) for this ticker|fiscal_year
خمهر|1399,خمهر,1399,auditor_opinion_type,MATCHED_SEPARATE_VALID,HTML_MISLABELED_XLSX,خمهر.zip!خمهر_۱۳۹۹_۱۲_۳۰_separate_ن-۱۰_صورت‌های مالی سال مالی منتهی به ۱۳۹۹_۱۲_۳۰ (حسابرسی شده).xlsx,AUDITOR_REPORT_ABSENT_FROM_PAYLOAD,CODAL auditor report (گزارش حسابرس مستقل) for this ticker|fiscal_year
خمهر|1399,خمهر,1399,auditor_report_date,MATCHED_SEPARATE_VALID,HTML_MISLABELED_XLSX,خمهر.zip!خمهر_۱۳۹۹_۱۲_۳۰_separate_ن-۱۰_صورت‌های مالی سال مالی منتهی به ۱۳۹۹_۱۲_۳۰ (حسابرسی شده).xlsx,AUDITOR_REPORT_ABSENT_FROM_PAYLOAD,CODAL auditor report (گزارش حسابرس مستقل) for this ticker|fiscal_year
خمهر|1400,خمهر,1400,auditor_opinion_type,MATCHED_SEPARATE_VALID,HTML_MISLABELED_XLSX,خمهر.zip!خمهر_۱۴۰۰_۱۲_۲۹_separate_ن-۱۰_صورت‌های مالی سال مالی منتهی به ۱۴۰۰_۱۲_۲۹ (حسابرسی شده).xlsx,AUDITOR_REPORT_ABSENT_FROM_PAYLOAD,CODAL auditor report (گزارش حسابرس مستقل) for this ticker|fiscal_year
خمهر|1400,خمهر,1400,auditor_report_date,MATCHED_SEPARATE_VALID,HTML_MISLABELED_XLSX,خمهر.zip!خمهر_۱۴۰۰_۱۲_۲۹_separate_ن-۱۰_صورت‌های مالی سال مالی منتهی به ۱۴۰۰_۱۲_۲۹ (حسابرسی شده).xlsx,AUDITOR_REPORT_ABSENT_FROM_PAYLOAD,CODAL auditor report (گزارش حسابرس مستقل) for this ticker|fiscal_year
خمهر|1401,خمهر,1401,auditor_opinion_type,MATCHED_SEPARATE_VALID,HTML_MISLABELED_XLSX,خمهر.zip!خمهر_۱۴۰۱_۱۲_۲۹_separate_ن-۱۰_صورت‌های مالی سال مالی منتهی به ۱۴۰۱_۱۲_۲۹ (حسابرسی شده).xlsx,AUDITOR_REPORT_ABSENT_FROM_PAYLOAD,CODAL auditor report (گزارش حسابرس مستقل) for this ticker|fiscal_year
خمهر|1401,خمهر,1401,auditor_report_date,MATCHED_SEPARATE_VALID,HTML_MISLABELED_XLSX,خمهر.zip!خمهر_۱۴۰۱_۱۲_۲۹_separate_ن-۱۰_صورت‌های مالی سال مالی منتهی به ۱۴۰۱_۱۲_۲۹ (حسابرسی شده).xlsx,AUDITOR_REPORT_ABSENT_FROM_PAYLOAD,CODAL auditor report (گزارش حسابرس مستقل) for this ticker|fiscal_year
خمهر|1402,خمهر,1402,auditor_opinion_type,MATCHED_SEPARATE_VALID,HTML_MISLABELED_XLSX,خمهر.zip!خمهر_۱۴۰۲_۱۲_۲۹_separate_ن-۱۰_صورت‌های مالی سال مالی منتهی به ۱۴۰۲_۱۲_۲۹ (حسابرسی شده).xlsx,AUDITOR_REPORT_ABSENT_FROM_PAYLOAD,CODAL auditor report (گزارش حسابرس مستقل) for this ticker|fiscal_year
خمهر|1402,خمهر,1402,auditor_report_date,MATCHED_SEPARATE_VALID,HTML_MISLABELED_XLSX,خمهر.zip!خمهر_۱۴۰۲_۱۲_۲۹_separate_ن-۱۰_صورت‌های مالی سال مالی منتهی به ۱۴۰۲_۱۲_۲۹ (حسابرسی شده).xlsx,AUDITOR_REPORT_ABSENT_FROM_PAYLOAD,CODAL auditor report (گزارش حسابرس مستقل) for this ticker|fiscal_year
کهمدا|1397,کهمدا,1397,auditor_opinion_type,MATCHED_SEPARATE_VALID,HTML_MISLABELED_XLSX,كهمدا.zip!كهمدا_۱۳۹۷_۰۳_۳۱_separate_ن-۱۰_صورت‌های مالی سال مالی منتهی به ۱۳۹۷_۰۳_۳۱ (حسابرسی شده).xlsx,AUDITOR_REPORT_ABSENT_FROM_PAYLOAD,CODAL auditor report (گزارش حسابرس مستقل) for this ticker|fiscal_year
کهمدا|1397,کهمدا,1397,auditor_report_date,MATCHED_SEPARATE_VALID,HTML_MISLABELED_XLSX,كهمدا.zip!كهمدا_۱۳۹۷_۰۳_۳۱_separate_ن-۱۰_صورت‌های مالی سال مالی منتهی به ۱۳۹۷_۰۳_۳۱ (حسابرسی شده).xlsx,AUDITOR_REPORT_ABSENT_FROM_PAYLOAD,CODAL auditor report (گزارش حسابرس مستقل) for this ticker|fiscal_year
کهمدا|1398,کهمدا,1398,fiscal_year_end,MATCHED_SEPARATE_VALID,HTML_MISLABELED_XLSX,كهمدا.zip!كهمدا_۱۳۹۸_۰۳_۳۱_separate_ن-۱۰_صورت‌های مالی سال مالی منتهی به ۱۳۹۸_۰۳_۳۱ (حسابرسی شده).xlsx,NOT_PRESENT_IN_SOURCE,CODAL auditor report (گزارش حسابرس مستقل) for this ticker|fiscal_year
کهمدا|1398,کهمدا,1398,auditor_opinion_type,MATCHED_SEPARATE_VALID,HTML_MISLABELED_XLSX,كهمدا.zip!كهمدا_۱۳۹۸_۰۳_۳۱_separate_ن-۱۰_صورت‌های مالی سال مالی منتهی به ۱۳۹۸_۰۳_۳۱ (حسابرسی شده).xlsx,AUDITOR_REPORT_ABSENT_FROM_PAYLOAD,CODAL auditor report (گزارش حسابرس مستقل) for this ticker|fiscal_year
کهمدا|1398,کهمدا,1398,auditor_report_date,MATCHED_SEPARATE_VALID,HTML_MISLABELED_XLSX,كهمدا.zip!كهمدا_۱۳۹۸_۰۳_۳۱_separate_ن-۱۰_صورت‌های مالی سال مالی منتهی به ۱۳۹۸_۰۳_۳۱ (حسابرسی شده).xlsx,AUDITOR_REPORT_ABSENT_FROM_PAYLOAD,CODAL auditor report (گزارش حسابرس مستقل) for this ticker|fiscal_year
کهمدا|1399,کهمدا,1399,auditor_opinion_type,MATCHED_SEPARATE_VALID,HTML_MISLABELED_XLSX,كهمدا.zip!كهمدا_۱۳۹۹_۰۳_۳۱_separate_ن-۱۰_صورت‌های مالی سال مالی منتهی به ۱۳۹۹_۰۳_۳۱ (حسابرسی شده).xlsx,AUDITOR_REPORT_ABSENT_FROM_PAYLOAD,CODAL auditor report (گزارش حسابرس مستقل) for this ticker|fiscal_year
کهمدا|1399,کهمدا,1399,auditor_report_date,MATCHED_SEPARATE_VALID,HTML_MISLABELED_XLSX,كهمدا.zip!كهمدا_۱۳۹۹_۰۳_۳۱_separate_ن-۱۰_صورت‌های مالی سال مالی منتهی به ۱۳۹۹_۰۳_۳۱ (حسابرسی شده).xlsx,AUDITOR_REPORT_ABSENT_FROM_PAYLOAD,CODAL auditor report (گزارش حسابرس مستقل) for this ticker|fiscal_year
کهمدا|1400,کهمدا,1400,auditor_opinion_type,MATCHED_SEPARATE_VALID,HTML_MISLABELED_XLSX,كهمدا.zip!كهمدا_۱۴۰۰_۰۳_۳۱_separate_ن-۱۰_صورت‌های مالی سال مالی منتهی به ۱۴۰۰_۰۳_۳۱ (حسابرسی شده).xlsx,AUDITOR_REPORT_ABSENT_FROM_PAYLOAD,CODAL auditor report (گزارش حسابرس مستقل) for this ticker|fiscal_year
کهمدا|1400,کهمدا,1400,auditor_report_date,MATCHED_SEPARATE_VALID,HTML_MISLABELED_XLSX,كهمدا.zip!كهمدا_۱۴۰۰_۰۳_۳۱_separate_ن-۱۰_صورت‌های مالی سال مالی منتهی به ۱۴۰۰_۰۳_۳۱ (حسابرسی شده).xlsx,AUDITOR_REPORT_ABSENT_FROM_PAYLOAD,CODAL auditor report (گزارش حسابرس مستقل) for this ticker|fiscal_year
کهمدا|1401,کهمدا,1401,auditor_opinion_type,MATCHED_SEPARATE_CORRECTION_SELECTED,HTML_MISLABELED_XLSX,كهمدا.zip!كهمدا_۱۴۰۱_۰۳_۳۱_separate_ن-۱۰_صورت‌های مالی سال مالی منتهی به ۱۴۰۱_۰۳_۳۱ (حسابرسی شده)(اصلاحیه).xlsx,AUDITOR_REPORT_ABSENT_FROM_PAYLOAD,CODAL auditor report (گزارش حسابرس مستقل) for this ticker|fiscal_year
کهمدا|1401,کهمدا,1401,auditor_report_date,MATCHED_SEPARATE_CORRECTION_SELECTED,HTML_MISLABELED_XLSX,كهمدا.zip!كهمدا_۱۴۰۱_۰۳_۳۱_separate_ن-۱۰_صورت‌های مالی سال مالی منتهی به ۱۴۰۱_۰۳_۳۱ (حسابرسی شده)(اصلاحیه).xlsx,AUDITOR_REPORT_ABSENT_FROM_PAYLOAD,CODAL auditor report (گزارش حسابرس مستقل) for this ticker|fiscal_year
کهمدا|1402,کهمدا,1402,auditor_opinion_type,MATCHED_SEPARATE_VALID,HTML_MISLABELED_XLSX,كهمدا.zip!كهمدا_۱۴۰۲_۰۳_۳۱_separate_ن-۱۰_صورت‌های مالی سال مالی منتهی به ۱۴۰۲_۰۳_۳۱ (حسابرسی شده).xlsx,AUDITOR_REPORT_ABSENT_FROM_PAYLOAD,CODAL auditor report (گزارش حسابرس مستقل) for this ticker|fiscal_year
کهمدا|1402,کهمدا,1402,auditor_report_date,MATCHED_SEPARATE_VALID,HTML_MISLABELED_XLSX,كهمدا.zip!كهمدا_۱۴۰۲_۰۳_۳۱_separate_ن-۱۰_صورت‌های مالی سال مالی منتهی به ۱۴۰۲_۰۳_۳۱ (حسابرسی شده).xlsx,AUDITOR_REPORT_ABSENT_FROM_PAYLOAD,CODAL auditor report (گزارش حسابرس مستقل) for this ticker|fiscal_year
خمحور|1396,خمحور,1396,auditor_opinion_type,MATCHED_SEPARATE_VALID,HTML_MISLABELED_XLSX,خمحور.zip!خمحور_۱۳۹۶_۱۲_۲۹_separate_ن-۱۰_صورت‌های مالی سال مالی منتهی به ۱۳۹۶_۱۲_۲۹ (حسابرسی شده).xlsx,AUDITOR_REPORT_ABSENT_FROM_PAYLOAD,CODAL auditor report (گزارش حسابرس مستقل) for this ticker|fiscal_year
خمحور|1396,خمحور,1396,auditor_report_date,MATCHED_SEPARATE_VALID,HTML_MISLABELED_XLSX,خمحور.zip!خمحور_۱۳۹۶_۱۲_۲۹_separate_ن-۱۰_صورت‌های مالی سال مالی منتهی به ۱۳۹۶_۱۲_۲۹ (حسابرسی شده).xlsx,AUDITOR_REPORT_ABSENT_FROM_PAYLOAD,CODAL auditor report (گزارش حسابرس مستقل) for this ticker|fiscal_year
خمحور|1397,خمحور,1397,auditor_opinion_type,MATCHED_SEPARATE_VALID,HTML_MISLABELED_XLSX,خمحور.zip!خمحور_۱۳۹۷_۱۲_۲۹_separate_ن-۱۰_صورت‌های مالی سال مالی منتهی به ۱۳۹۷_۱۲_۲۹ (حسابرسی شده).xlsx,AUDITOR_REPORT_ABSENT_FROM_PAYLOAD,CODAL auditor report (گزارش حسابرس مستقل) for this ticker|fiscal_year
خمحور|1397,خمحور,1397,auditor_report_date,MATCHED_SEPARATE_VALID,HTML_MISLABELED_XLSX,خمحور.zip!خمحور_۱۳۹۷_۱۲_۲۹_separate_ن-۱۰_صورت‌های مالی سال مالی منتهی به ۱۳۹۷_۱۲_۲۹ (حسابرسی شده).xlsx,AUDITOR_REPORT_ABSENT_FROM_PAYLOAD,CODAL auditor report (گزارش حسابرس مستقل) for this ticker|fiscal_year
خمحور|1398,خمحور,1398,auditor_opinion_type,MATCHED_SEPARATE_VALID,HTML_MISLABELED_XLSX,خمحور.zip!خمحور_۱۳۹۸_۱۲_۲۹_separate_ن-۱۰_صورت‌های مالی سال مالی منتهی به ۱۳۹۸_۱۲_۲۹ (حسابرسی شده).xlsx,AUDITOR_REPORT_ABSENT_FROM_PAYLOAD,CODAL auditor report (گزارش حسابرس مستقل) for this ticker|fiscal_year
خمحور|1398,خمحور,1398,auditor_report_date,MATCHED_SEPARATE_VALID,HTML_MISLABELED_XLSX,خمحور.zip!خمحور_۱۳۹۸_۱۲_۲۹_separate_ن-۱۰_صورت‌های مالی سال مالی منتهی به ۱۳۹۸_۱۲_۲۹ (حسابرسی شده).xlsx,AUDITOR_REPORT_ABSENT_FROM_PAYLOAD,CODAL auditor report (گزارش حسابرس مستقل) for this ticker|fiscal_year
خمحور|1399,خمحور,1399,auditor_opinion_type,MATCHED_SEPARATE_VALID,HTML_MISLABELED_XLSX,خمحور.zip!خمحور_۱۳۹۹_۱۲_۳۰_separate_ن-۱۰_صورت‌های مالی سال مالی منتهی به ۱۳۹۹_۱۲_۳۰ (حسابرسی شده).xlsx,AUDITOR_REPORT_ABSENT_FROM_PAYLOAD,CODAL auditor report (گزارش حسابرس مستقل) for this ticker|fiscal_year
خمحور|1399,خمحور,1399,auditor_report_date,MATCHED_SEPARATE_VALID,HTML_MISLABELED_XLSX,خمحور.zip!خمحور_۱۳۹۹_۱۲_۳۰_separate_ن-۱۰_صورت‌های مالی سال مالی منتهی به ۱۳۹۹_۱۲_۳۰ (حسابرسی شده).xlsx,AUDITOR_REPORT_ABSENT_FROM_PAYLOAD,CODAL auditor report (گزارش حسابرس مستقل) for this ticker|fiscal_year
خمحور|1400,خمحور,1400,auditor_opinion_type,MATCHED_SEPARATE_VALID,HTML_MISLABELED_XLSX,خمحور.zip!خمحور_۱۴۰۰_۱۲_۲۹_separate_ن-۱۰_صورت‌های مالی سال مالی منتهی به ۱۴۰۰_۱۲_۲۹ (حسابرسی شده).xlsx,AUDITOR_REPORT_ABSENT_FROM_PAYLOAD,CODAL auditor report (گزارش حسابرس مستقل) for this ticker|fiscal_year
خمحور|1400,خمحور,1400,auditor_report_date,MATCHED_SEPARATE_VALID,HTML_MISLABELED_XLSX,خمحور.zip!خمحور_۱۴۰۰_۱۲_۲۹_separate_ن-۱۰_صورت‌های مالی سال مالی منتهی به ۱۴۰۰_۱۲_۲۹ (حسابرسی شده).xlsx,AUDITOR_REPORT_ABSENT_FROM_PAYLOAD,CODAL auditor report (گزارش حسابرس مستقل) for this ticker|fiscal_year
خمحور|1401,خمحور,1401,auditor_opinion_type,MATCHED_SEPARATE_VALID,HTML_MISLABELED_XLSX,خمحور.zip!خمحور_۱۴۰۱_۱۲_۲۹_separate_ن-۱۰_صورت‌های مالی سال مالی منتهی به ۱۴۰۱_۱۲_۲۹ (حسابرسی شده).xlsx,AUDITOR_REPORT_ABSENT_FROM_PAYLOAD,CODAL auditor report (گزارش حسابرس مستقل) for this ticker|fiscal_year
خمحور|1401,خمحور,1401,auditor_report_date,MATCHED_SEPARATE_VALID,HTML_MISLABELED_XLSX,خمحور.zip!خمحور_۱۴۰۱_۱۲_۲۹_separate_ن-۱۰_صورت‌های مالی سال مالی منتهی به ۱۴۰۱_۱۲_۲۹ (حسابرسی شده).xlsx,AUDITOR_REPORT_ABSENT_FROM_PAYLOAD,CODAL auditor report (گزارش حسابرس مستقل) for this ticker|fiscal_year
خمحور|1402,خمحور,1402,auditor_opinion_type,MATCHED_SEPARATE_VALID,HTML_MISLABELED_XLSX,خمحور.zip!خمحور_۱۴۰۲_۱۲_۲۹_separate_ن-۱۰_صورت‌های مالی سال مالی منتهی به ۱۴۰۲_۱۲_۲۹ (حسابرسی شده).xlsx,AUDITOR_REPORT_ABSENT_FROM_PAYLOAD,CODAL auditor report (گزارش حسابرس مستقل) for this ticker|fiscal_year
خمحور|1402,خمحور,1402,auditor_report_date,MATCHED_SEPARATE_VALID,HTML_MISLABELED_XLSX,خمحور.zip!خمحور_۱۴۰۲_۱۲_۲۹_separate_ن-۱۰_صورت‌های مالی سال مالی منتهی به ۱۴۰۲_۱۲_۲۹ (حسابرسی شده).xlsx,AUDITOR_REPORT_ABSENT_FROM_PAYLOAD,CODAL auditor report (گزارش حسابرس مستقل) for this ticker|fiscal_year
خنصیر|1394,خنصیر,1394,fiscal_year_end,ONLY_CONSOLIDATED_AVAILABLE,,,ONLY_CONSOLIDATED_AVAILABLE,CODAL separate audited financial statements + auditor report
خنصیر|1394,خنصیر,1394,auditor_opinion_type,ONLY_CONSOLIDATED_AVAILABLE,,,ONLY_CONSOLIDATED_AVAILABLE,CODAL separate audited financial statements + auditor report
خنصیر|1394,خنصیر,1394,auditor_report_date,ONLY_CONSOLIDATED_AVAILABLE,,,ONLY_CONSOLIDATED_AVAILABLE,CODAL separate audited financial statements + auditor report
خنصیر|1395,خنصیر,1395,fiscal_year_end,ONLY_CONSOLIDATED_AVAILABLE,,,ONLY_CONSOLIDATED_AVAILABLE,CODAL separate audited financial statements + auditor report
خنصیر|1395,خنصیر,1395,auditor_opinion_type,ONLY_CONSOLIDATED_AVAILABLE,,,ONLY_CONSOLIDATED_AVAILABLE,CODAL separate audited financial statements + auditor report
خنصیر|1395,خنصیر,1395,auditor_report_date,ONLY_CONSOLIDATED_AVAILABLE,,,ONLY_CONSOLIDATED_AVAILABLE,CODAL separate audited financial statements + auditor report
خنصیر|1396,خنصیر,1396,fiscal_year_end,ONLY_CONSOLIDATED_AVAILABLE,,,ONLY_CONSOLIDATED_AVAILABLE,CODAL separate audited financial statements + auditor report
خنصیر|1396,خنصیر,1396,auditor_opinion_type,ONLY_CONSOLIDATED_AVAILABLE,,,ONLY_CONSOLIDATED_AVAILABLE,CODAL separate audited financial statements + auditor report
خنصیر|1396,خنصیر,1396,auditor_report_date,ONLY_CONSOLIDATED_AVAILABLE,,,ONLY_CONSOLIDATED_AVAILABLE,CODAL separate audited financial statements + auditor report
خنصیر|1397,خنصیر,1397,fiscal_year_end,ONLY_CONSOLIDATED_AVAILABLE,,,ONLY_CONSOLIDATED_AVAILABLE,CODAL separate audited financial statements + auditor report
خنصیر|1397,خنصیر,1397,auditor_opinion_type,ONLY_CONSOLIDATED_AVAILABLE,,,ONLY_CONSOLIDATED_AVAILABLE,CODAL separate audited financial statements + auditor report
خنصیر|1397,خنصیر,1397,auditor_report_date,ONLY_CONSOLIDATED_AVAILABLE,,,ONLY_CONSOLIDATED_AVAILABLE,CODAL separate audited financial statements + auditor report
خنصیر|1398,خنصیر,1398,fiscal_year_end,ONLY_CONSOLIDATED_AVAILABLE,,,ONLY_CONSOLIDATED_AVAILABLE,CODAL separate audited financial statements + auditor report
خنصیر|1398,خنصیر,1398,auditor_opinion_type,ONLY_CONSOLIDATED_AVAILABLE,,,ONLY_CONSOLIDATED_AVAILABLE,CODAL separate audited financial statements + auditor report
خنصیر|1398,خنصیر,1398,auditor_report_date,ONLY_CONSOLIDATED_AVAILABLE,,,ONLY_CONSOLIDATED_AVAILABLE,CODAL separate audited financial statements + auditor report
خنصیر|1399,خنصیر,1399,fiscal_year_end,ONLY_CONSOLIDATED_AVAILABLE,,,ONLY_CONSOLIDATED_AVAILABLE,CODAL separate audited financial statements + auditor report
خنصیر|1399,خنصیر,1399,auditor_opinion_type,ONLY_CONSOLIDATED_AVAILABLE,,,ONLY_CONSOLIDATED_AVAILABLE,CODAL separate audited financial statements + auditor report
خنصیر|1399,خنصیر,1399,auditor_report_date,ONLY_CONSOLIDATED_AVAILABLE,,,ONLY_CONSOLIDATED_AVAILABLE,CODAL separate audited financial statements + auditor report
خنصیر|1400,خنصیر,1400,fiscal_year_end,ONLY_CONSOLIDATED_AVAILABLE,,,ONLY_CONSOLIDATED_AVAILABLE,CODAL separate audited financial statements + auditor report
خنصیر|1400,خنصیر,1400,auditor_opinion_type,ONLY_CONSOLIDATED_AVAILABLE,,,ONLY_CONSOLIDATED_AVAILABLE,CODAL separate audited financial statements + auditor report
خنصیر|1400,خنصیر,1400,auditor_report_date,ONLY_CONSOLIDATED_AVAILABLE,,,ONLY_CONSOLIDATED_AVAILABLE,CODAL separate audited financial statements + auditor report
خنصیر|1401,خنصیر,1401,fiscal_year_end,ONLY_CONSOLIDATED_AVAILABLE,,,ONLY_CONSOLIDATED_AVAILABLE,CODAL separate audited financial statements + auditor report
خنصیر|1401,خنصیر,1401,auditor_opinion_type,ONLY_CONSOLIDATED_AVAILABLE,,,ONLY_CONSOLIDATED_AVAILABLE,CODAL separate audited financial statements + auditor report
خنصیر|1401,خنصیر,1401,auditor_report_date,ONLY_CONSOLIDATED_AVAILABLE,,,ONLY_CONSOLIDATED_AVAILABLE,CODAL separate audited financial statements + auditor report
خنصیر|1402,خنصیر,1402,fiscal_year_end,ONLY_CONSOLIDATED_AVAILABLE,,,ONLY_CONSOLIDATED_AVAILABLE,CODAL separate audited financial statements + auditor report
خنصیر|1402,خنصیر,1402,auditor_opinion_type,ONLY_CONSOLIDATED_AVAILABLE,,,ONLY_CONSOLIDATED_AVAILABLE,CODAL separate audited financial statements + auditor report
خنصیر|1402,خنصیر,1402,auditor_report_date,ONLY_CONSOLIDATED_AVAILABLE,,,ONLY_CONSOLIDATED_AVAILABLE,CODAL separate audited financial statements + auditor report
خوساز|1397,خوساز,1397,auditor_opinion_type,MATCHED_SEPARATE_CORRECTION_SELECTED,HTML_MISLABELED_XLSX,خوساز.zip!خوساز_۱۳۹۷_۱۲_۲۹_separate_ن-۱۰_صورت‌های مالی سال مالی منتهی به ۱۳۹۷_۱۲_۲۹ (حسابرسی شده)(اصلاحیه).xlsx,AUDITOR_REPORT_ABSENT_FROM_PAYLOAD,CODAL auditor report (گزارش حسابرس مستقل) for this ticker|fiscal_year
خوساز|1397,خوساز,1397,auditor_report_date,MATCHED_SEPARATE_CORRECTION_SELECTED,HTML_MISLABELED_XLSX,خوساز.zip!خوساز_۱۳۹۷_۱۲_۲۹_separate_ن-۱۰_صورت‌های مالی سال مالی منتهی به ۱۳۹۷_۱۲_۲۹ (حسابرسی شده)(اصلاحیه).xlsx,AUDITOR_REPORT_ABSENT_FROM_PAYLOAD,CODAL auditor report (گزارش حسابرس مستقل) for this ticker|fiscal_year
خوساز|1398,خوساز,1398,auditor_opinion_type,MATCHED_SEPARATE_VALID,HTML_MISLABELED_XLSX,خوساز.zip!خوساز_۱۳۹۸_۱۲_۲۹_separate_ن-۱۰_صورت‌های مالی سال مالی منتهی به ۱۳۹۸_۱۲_۲۹ (حسابرسی شده).xlsx,AUDITOR_REPORT_ABSENT_FROM_PAYLOAD,CODAL auditor report (گزارش حسابرس مستقل) for this ticker|fiscal_year
خوساز|1398,خوساز,1398,auditor_report_date,MATCHED_SEPARATE_VALID,HTML_MISLABELED_XLSX,خوساز.zip!خوساز_۱۳۹۸_۱۲_۲۹_separate_ن-۱۰_صورت‌های مالی سال مالی منتهی به ۱۳۹۸_۱۲_۲۹ (حسابرسی شده).xlsx,AUDITOR_REPORT_ABSENT_FROM_PAYLOAD,CODAL auditor report (گزارش حسابرس مستقل) for this ticker|fiscal_year
خوساز|1399,خوساز,1399,auditor_opinion_type,MATCHED_SEPARATE_CORRECTION_SELECTED,HTML_MISLABELED_XLSX,خوساز.zip!خوساز_۱۳۹۹_۱۲_۳۰_separate_ن-۱۰_صورت‌های مالی سال مالی منتهی به ۱۳۹۹_۱۲_۳۰ (حسابرسی شده)(اصلاحیه).xlsx,AUDITOR_REPORT_ABSENT_FROM_PAYLOAD,CODAL auditor report (گزارش حسابرس مستقل) for this ticker|fiscal_year
خوساز|1399,خوساز,1399,auditor_report_date,MATCHED_SEPARATE_CORRECTION_SELECTED,HTML_MISLABELED_XLSX,خوساز.zip!خوساز_۱۳۹۹_۱۲_۳۰_separate_ن-۱۰_صورت‌های مالی سال مالی منتهی به ۱۳۹۹_۱۲_۳۰ (حسابرسی شده)(اصلاحیه).xlsx,AUDITOR_REPORT_ABSENT_FROM_PAYLOAD,CODAL auditor report (گزارش حسابرس مستقل) for this ticker|fiscal_year
خوساز|1400,خوساز,1400,auditor_opinion_type,MATCHED_SEPARATE_VALID,HTML_MISLABELED_XLSX,خوساز.zip!خوساز_۱۴۰۰_۱۲_۲۹_separate_ن-۱۰_صورت‌های مالی سال مالی منتهی به ۱۴۰۰_۱۲_۲۹ (حسابرسی شده).xlsx,AUDITOR_REPORT_ABSENT_FROM_PAYLOAD,CODAL auditor report (گزارش حسابرس مستقل) for this ticker|fiscal_year
خوساز|1400,خوساز,1400,auditor_report_date,MATCHED_SEPARATE_VALID,HTML_MISLABELED_XLSX,خوساز.zip!خوساز_۱۴۰۰_۱۲_۲۹_separate_ن-۱۰_صورت‌های مالی سال مالی منتهی به ۱۴۰۰_۱۲_۲۹ (حسابرسی شده).xlsx,AUDITOR_REPORT_ABSENT_FROM_PAYLOAD,CODAL auditor report (گزارش حسابرس مستقل) for this ticker|fiscal_year
خوساز|1401,خوساز,1401,auditor_opinion_type,MATCHED_SEPARATE_VALID,HTML_MISLABELED_XLSX,خوساز.zip!خوساز_۱۴۰۱_۱۲_۲۹_separate_ن-۱۰_صورت‌های مالی سال مالی منتهی به ۱۴۰۱_۱۲_۲۹ (حسابرسی شده).xlsx,AUDITOR_REPORT_ABSENT_FROM_PAYLOAD,CODAL auditor report (گزارش حسابرس مستقل) for this ticker|fiscal_year
خوساز|1401,خوساز,1401,auditor_report_date,MATCHED_SEPARATE_VALID,HTML_MISLABELED_XLSX,خوساز.zip!خوساز_۱۴۰۱_۱۲_۲۹_separate_ن-۱۰_صورت‌های مالی سال مالی منتهی به ۱۴۰۱_۱۲_۲۹ (حسابرسی شده).xlsx,AUDITOR_REPORT_ABSENT_FROM_PAYLOAD,CODAL auditor report (گزارش حسابرس مستقل) for this ticker|fiscal_year
خوساز|1402,خوساز,1402,auditor_opinion_type,MATCHED_SEPARATE_VALID,HTML_MISLABELED_XLSX,خوساز.zip!خوساز_۱۴۰۲_۱۲_۲۹_separate_ن-۱۰_صورت‌های مالی سال مالی منتهی به ۱۴۰۲_۱۲_۲۹ (حسابرسی شده).xlsx,AUDITOR_REPORT_ABSENT_FROM_PAYLOAD,CODAL auditor report (گزارش حسابرس مستقل) for this ticker|fiscal_year
خوساز|1402,خوساز,1402,auditor_report_date,MATCHED_SEPARATE_VALID,HTML_MISLABELED_XLSX,خوساز.zip!خوساز_۱۴۰۲_۱۲_۲۹_separate_ن-۱۰_صورت‌های مالی سال مالی منتهی به ۱۴۰۲_۱۲_۲۹ (حسابرسی شده).xlsx,AUDITOR_REPORT_ABSENT_FROM_PAYLOAD,CODAL auditor report (گزارش حسابرس مستقل) for this ticker|fiscal_year
خرینگ|1397,خرینگ,1397,auditor_opinion_type,MATCHED_SEPARATE_VALID,HTML_MISLABELED_XLSX,خرينگ.zip!خرينگ_۱۳۹۷_۱۲_۲۹_separate_ن-۱۰_صورت‌های مالی سال مالی منتهی به ۱۳۹۷_۱۲_۲۹ (حسابرسی شده).xlsx,AUDITOR_REPORT_ABSENT_FROM_PAYLOAD,CODAL auditor report (گزارش حسابرس مستقل) for this ticker|fiscal_year
خرینگ|1397,خرینگ,1397,auditor_report_date,MATCHED_SEPARATE_VALID,HTML_MISLABELED_XLSX,خرينگ.zip!خرينگ_۱۳۹۷_۱۲_۲۹_separate_ن-۱۰_صورت‌های مالی سال مالی منتهی به ۱۳۹۷_۱۲_۲۹ (حسابرسی شده).xlsx,AUDITOR_REPORT_ABSENT_FROM_PAYLOAD,CODAL auditor report (گزارش حسابرس مستقل) for this ticker|fiscal_year
خرینگ|1398,خرینگ,1398,auditor_opinion_type,MATCHED_SEPARATE_VALID,HTML_MISLABELED_XLSX,خرينگ.zip!خرينگ_۱۳۹۸_۱۲_۲۹_separate_ن-۱۰_صورت‌های مالی سال مالی منتهی به ۱۳۹۸_۱۲_۲۹ (حسابرسی شده).xlsx,AUDITOR_REPORT_ABSENT_FROM_PAYLOAD,CODAL auditor report (گزارش حسابرس مستقل) for this ticker|fiscal_year
خرینگ|1398,خرینگ,1398,auditor_report_date,MATCHED_SEPARATE_VALID,HTML_MISLABELED_XLSX,خرينگ.zip!خرينگ_۱۳۹۸_۱۲_۲۹_separate_ن-۱۰_صورت‌های مالی سال مالی منتهی به ۱۳۹۸_۱۲_۲۹ (حسابرسی شده).xlsx,AUDITOR_REPORT_ABSENT_FROM_PAYLOAD,CODAL auditor report (گزارش حسابرس مستقل) for this ticker|fiscal_year
خرینگ|1399,خرینگ,1399,auditor_opinion_type,MATCHED_SEPARATE_VALID,HTML_MISLABELED_XLSX,خرينگ.zip!خرينگ_۱۳۹۹_۱۲_۳۰_separate_ن-۱۰_صورت‌های مالی سال مالی منتهی به ۱۳۹۹_۱۲_۳۰ (حسابرسی شده).xlsx,AUDITOR_REPORT_ABSENT_FROM_PAYLOAD,CODAL auditor report (گزارش حسابرس مستقل) for this ticker|fiscal_year
خرینگ|1399,خرینگ,1399,auditor_report_date,MATCHED_SEPARATE_VALID,HTML_MISLABELED_XLSX,خرينگ.zip!خرينگ_۱۳۹۹_۱۲_۳۰_separate_ن-۱۰_صورت‌های مالی سال مالی منتهی به ۱۳۹۹_۱۲_۳۰ (حسابرسی شده).xlsx,AUDITOR_REPORT_ABSENT_FROM_PAYLOAD,CODAL auditor report (گزارش حسابرس مستقل) for this ticker|fiscal_year
خرینگ|1400,خرینگ,1400,auditor_opinion_type,MATCHED_SEPARATE_VALID,HTML_MISLABELED_XLSX,خرينگ.zip!خرينگ_۱۴۰۰_۱۲_۲۹_separate_ن-۱۰_صورت‌های مالی سال مالی منتهی به ۱۴۰۰_۱۲_۲۹ (حسابرسی شده).xlsx,AUDITOR_REPORT_ABSENT_FROM_PAYLOAD,CODAL auditor report (گزارش حسابرس مستقل) for this ticker|fiscal_year
خرینگ|1400,خرینگ,1400,auditor_report_date,MATCHED_SEPARATE_VALID,HTML_MISLABELED_XLSX,خرينگ.zip!خرينگ_۱۴۰۰_۱۲_۲۹_separate_ن-۱۰_صورت‌های مالی سال مالی منتهی به ۱۴۰۰_۱۲_۲۹ (حسابرسی شده).xlsx,AUDITOR_REPORT_ABSENT_FROM_PAYLOAD,CODAL auditor report (گزارش حسابرس مستقل) for this ticker|fiscal_year
خرینگ|1401,خرینگ,1401,auditor_opinion_type,MATCHED_SEPARATE_VALID,HTML_MISLABELED_XLSX,خرينگ.zip!خرينگ_۱۴۰۱_۱۲_۲۹_separate_ن-۱۰_صورت‌های مالی سال مالی منتهی به ۱۴۰۱_۱۲_۲۹ (حسابرسی شده).xlsx,AUDITOR_REPORT_ABSENT_FROM_PAYLOAD,CODAL auditor report (گزارش حسابرس مستقل) for this ticker|fiscal_year
خرینگ|1401,خرینگ,1401,auditor_report_date,MATCHED_SEPARATE_VALID,HTML_MISLABELED_XLSX,خرينگ.zip!خرينگ_۱۴۰۱_۱۲_۲۹_separate_ن-۱۰_صورت‌های مالی سال مالی منتهی به ۱۴۰۱_۱۲_۲۹ (حسابرسی شده).xlsx,AUDITOR_REPORT_ABSENT_FROM_PAYLOAD,CODAL auditor report (گزارش حسابرس مستقل) for this ticker|fiscal_year
خرینگ|1402,خرینگ,1402,auditor_opinion_type,MATCHED_SEPARATE_CORRECTION_SELECTED,HTML_MISLABELED_XLSX,خرينگ.zip!خرينگ_۱۴۰۲_۱۲_۲۹_separate_ن-۱۰_صورت‌های مالی سال مالی منتهی به ۱۴۰۲_۱۲_۲۹ (حسابرسی شده)(اصلاحیه).xlsx,AUDITOR_REPORT_ABSENT_FROM_PAYLOAD,CODAL auditor report (گزارش حسابرس مستقل) for this ticker|fiscal_year
خرینگ|1402,خرینگ,1402,auditor_report_date,MATCHED_SEPARATE_CORRECTION_SELECTED,HTML_MISLABELED_XLSX,خرينگ.zip!خرينگ_۱۴۰۲_۱۲_۲۹_separate_ن-۱۰_صورت‌های مالی سال مالی منتهی به ۱۴۰۲_۱۲_۲۹ (حسابرسی شده)(اصلاحیه).xlsx,AUDITOR_REPORT_ABSENT_FROM_PAYLOAD,CODAL auditor report (گزارش حسابرس مستقل) for this ticker|fiscal_year
ختوقا|1398,ختوقا,1398,auditor_opinion_type,MATCHED_SEPARATE_CORRECTION_SELECTED,HTML_MISLABELED_XLSX,ختوقا.zip!ختوقا_۱۳۹۸_۱۲_۲۹_separate_ن-۱۰_صورت‌های مالی سال مالی منتهی به ۱۳۹۸_۱۲_۲۹ (حسابرسی شده)(اصلاحیه).xlsx,AUDITOR_REPORT_ABSENT_FROM_PAYLOAD,CODAL auditor report (گزارش حسابرس مستقل) for this ticker|fiscal_year
ختوقا|1398,ختوقا,1398,auditor_report_date,MATCHED_SEPARATE_CORRECTION_SELECTED,HTML_MISLABELED_XLSX,ختوقا.zip!ختوقا_۱۳۹۸_۱۲_۲۹_separate_ن-۱۰_صورت‌های مالی سال مالی منتهی به ۱۳۹۸_۱۲_۲۹ (حسابرسی شده)(اصلاحیه).xlsx,AUDITOR_REPORT_ABSENT_FROM_PAYLOAD,CODAL auditor report (گزارش حسابرس مستقل) for this ticker|fiscal_year
ختوقا|1399,ختوقا,1399,auditor_opinion_type,MATCHED_SEPARATE_VALID,HTML_MISLABELED_XLSX,ختوقا.zip!ختوقا_۱۳۹۹_۱۲_۳۰_separate_ن-۱۰_صورت‌های مالی سال مالی منتهی به ۱۳۹۹_۱۲_۳۰ (حسابرسی شده).xlsx,AUDITOR_REPORT_ABSENT_FROM_PAYLOAD,CODAL auditor report (گزارش حسابرس مستقل) for this ticker|fiscal_year
ختوقا|1399,ختوقا,1399,auditor_report_date,MATCHED_SEPARATE_VALID,HTML_MISLABELED_XLSX,ختوقا.zip!ختوقا_۱۳۹۹_۱۲_۳۰_separate_ن-۱۰_صورت‌های مالی سال مالی منتهی به ۱۳۹۹_۱۲_۳۰ (حسابرسی شده).xlsx,AUDITOR_REPORT_ABSENT_FROM_PAYLOAD,CODAL auditor report (گزارش حسابرس مستقل) for this ticker|fiscal_year
ختوقا|1400,ختوقا,1400,auditor_opinion_type,MATCHED_SEPARATE_VALID,HTML_MISLABELED_XLSX,ختوقا.zip!ختوقا_۱۴۰۰_۱۲_۲۹_separate_ن-۱۰_صورت‌های مالی سال مالی منتهی به ۱۴۰۰_۱۲_۲۹ (حسابرسی شده).xlsx,AUDITOR_REPORT_ABSENT_FROM_PAYLOAD,CODAL auditor report (گزارش حسابرس مستقل) for this ticker|fiscal_year
ختوقا|1400,ختوقا,1400,auditor_report_date,MATCHED_SEPARATE_VALID,HTML_MISLABELED_XLSX,ختوقا.zip!ختوقا_۱۴۰۰_۱۲_۲۹_separate_ن-۱۰_صورت‌های مالی سال مالی منتهی به ۱۴۰۰_۱۲_۲۹ (حسابرسی شده).xlsx,AUDITOR_REPORT_ABSENT_FROM_PAYLOAD,CODAL auditor report (گزارش حسابرس مستقل) for this ticker|fiscal_year
ختوقا|1401,ختوقا,1401,auditor_opinion_type,MATCHED_SEPARATE_VALID,HTML_MISLABELED_XLSX,ختوقا.zip!ختوقا_۱۴۰۱_۱۲_۲۹_separate_ن-۱۰_صورت‌های مالی سال مالی منتهی به ۱۴۰۱_۱۲_۲۹ (حسابرسی شده).xlsx,AUDITOR_REPORT_ABSENT_FROM_PAYLOAD,CODAL auditor report (گزارش حسابرس مستقل) for this ticker|fiscal_year
ختوقا|1401,ختوقا,1401,auditor_report_date,MATCHED_SEPARATE_VALID,HTML_MISLABELED_XLSX,ختوقا.zip!ختوقا_۱۴۰۱_۱۲_۲۹_separate_ن-۱۰_صورت‌های مالی سال مالی منتهی به ۱۴۰۱_۱۲_۲۹ (حسابرسی شده).xlsx,AUDITOR_REPORT_ABSENT_FROM_PAYLOAD,CODAL auditor report (گزارش حسابرس مستقل) for this ticker|fiscal_year
ختوقا|1402,ختوقا,1402,auditor_opinion_type,MATCHED_SEPARATE_VALID,HTML_MISLABELED_XLSX,ختوقا.zip!ختوقا_۱۴۰۲_۱۲_۲۹_separate_ن-۱۰_صورت‌های مالی سال مالی منتهی به ۱۴۰۲_۱۲_۲۹ (حسابرسی شده).xlsx,AUDITOR_REPORT_ABSENT_FROM_PAYLOAD,CODAL auditor report (گزارش حسابرس مستقل) for this ticker|fiscal_year
ختوقا|1402,ختوقا,1402,auditor_report_date,MATCHED_SEPARATE_VALID,HTML_MISLABELED_XLSX,ختوقا.zip!ختوقا_۱۴۰۲_۱۲_۲۹_separate_ن-۱۰_صورت‌های مالی سال مالی منتهی به ۱۴۰۲_۱۲_۲۹ (حسابرسی شده).xlsx,AUDITOR_REPORT_ABSENT_FROM_PAYLOAD,CODAL auditor report (گزارش حسابرس مستقل) for this ticker|fiscal_year
کیمیاتک|1399,کیمیاتک,1399,auditor_opinion_type,MATCHED_SEPARATE_VALID,HTML_MISLABELED_XLSX,كيمياتك.zip!كيمياتك_۱۳۹۹_۱۲_۳۰_separate_ن-۱۰_صورت‌های مالی سال مالی منتهی به ۱۳۹۹_۱۲_۳۰ (حسابرسی شده).xlsx,AUDITOR_REPORT_ABSENT_FROM_PAYLOAD,CODAL auditor report (گزارش حسابرس مستقل) for this ticker|fiscal_year
کیمیاتک|1399,کیمیاتک,1399,auditor_report_date,MATCHED_SEPARATE_VALID,HTML_MISLABELED_XLSX,كيمياتك.zip!كيمياتك_۱۳۹۹_۱۲_۳۰_separate_ن-۱۰_صورت‌های مالی سال مالی منتهی به ۱۳۹۹_۱۲_۳۰ (حسابرسی شده).xlsx,AUDITOR_REPORT_ABSENT_FROM_PAYLOAD,CODAL auditor report (گزارش حسابرس مستقل) for this ticker|fiscal_year
کیمیاتک|1400,کیمیاتک,1400,fiscal_year_end,ONLY_CONSOLIDATED_AVAILABLE,,,ONLY_CONSOLIDATED_AVAILABLE,CODAL separate audited financial statements + auditor report
کیمیاتک|1400,کیمیاتک,1400,auditor_opinion_type,ONLY_CONSOLIDATED_AVAILABLE,,,ONLY_CONSOLIDATED_AVAILABLE,CODAL separate audited financial statements + auditor report
کیمیاتک|1400,کیمیاتک,1400,auditor_report_date,ONLY_CONSOLIDATED_AVAILABLE,,,ONLY_CONSOLIDATED_AVAILABLE,CODAL separate audited financial statements + auditor report
کیمیاتک|1401,کیمیاتک,1401,fiscal_year_end,ONLY_CONSOLIDATED_AVAILABLE,,,ONLY_CONSOLIDATED_AVAILABLE,CODAL separate audited financial statements + auditor report
کیمیاتک|1401,کیمیاتک,1401,auditor_opinion_type,ONLY_CONSOLIDATED_AVAILABLE,,,ONLY_CONSOLIDATED_AVAILABLE,CODAL separate audited financial statements + auditor report
کیمیاتک|1401,کیمیاتک,1401,auditor_report_date,ONLY_CONSOLIDATED_AVAILABLE,,,ONLY_CONSOLIDATED_AVAILABLE,CODAL separate audited financial statements + auditor report
کیمیاتک|1402,کیمیاتک,1402,fiscal_year_end,ONLY_CONSOLIDATED_AVAILABLE,,,ONLY_CONSOLIDATED_AVAILABLE,CODAL separate audited financial statements + auditor report
کیمیاتک|1402,کیمیاتک,1402,auditor_opinion_type,ONLY_CONSOLIDATED_AVAILABLE,,,ONLY_CONSOLIDATED_AVAILABLE,CODAL separate audited financial statements + auditor report
کیمیاتک|1402,کیمیاتک,1402,auditor_report_date,ONLY_CONSOLIDATED_AVAILABLE,,,ONLY_CONSOLIDATED_AVAILABLE,CODAL separate audited financial statements + auditor report
کرازی|1394,کرازی,1394,fiscal_year_end,ONLY_CONSOLIDATED_AVAILABLE,,,ONLY_CONSOLIDATED_AVAILABLE,CODAL separate audited financial statements + auditor report
کرازی|1394,کرازی,1394,auditor_opinion_type,ONLY_CONSOLIDATED_AVAILABLE,,,ONLY_CONSOLIDATED_AVAILABLE,CODAL separate audited financial statements + auditor report
کرازی|1394,کرازی,1394,auditor_report_date,ONLY_CONSOLIDATED_AVAILABLE,,,ONLY_CONSOLIDATED_AVAILABLE,CODAL separate audited financial statements + auditor report
کرازی|1395,کرازی,1395,fiscal_year_end,ONLY_CONSOLIDATED_AVAILABLE,,,ONLY_CONSOLIDATED_AVAILABLE,CODAL separate audited financial statements + auditor report
کرازی|1395,کرازی,1395,auditor_opinion_type,ONLY_CONSOLIDATED_AVAILABLE,,,ONLY_CONSOLIDATED_AVAILABLE,CODAL separate audited financial statements + auditor report
کرازی|1395,کرازی,1395,auditor_report_date,ONLY_CONSOLIDATED_AVAILABLE,,,ONLY_CONSOLIDATED_AVAILABLE,CODAL separate audited financial statements + auditor report
کرازی|1396,کرازی,1396,fiscal_year_end,ONLY_CONSOLIDATED_AVAILABLE,,,ONLY_CONSOLIDATED_AVAILABLE,CODAL separate audited financial statements + auditor report
کرازی|1396,کرازی,1396,auditor_opinion_type,ONLY_CONSOLIDATED_AVAILABLE,,,ONLY_CONSOLIDATED_AVAILABLE,CODAL separate audited financial statements + auditor report
کرازی|1396,کرازی,1396,auditor_report_date,ONLY_CONSOLIDATED_AVAILABLE,,,ONLY_CONSOLIDATED_AVAILABLE,CODAL separate audited financial statements + auditor report
کرازی|1397,کرازی,1397,fiscal_year_end,ONLY_CONSOLIDATED_AVAILABLE,,,ONLY_CONSOLIDATED_AVAILABLE,CODAL separate audited financial statements + auditor report
کرازی|1397,کرازی,1397,auditor_opinion_type,ONLY_CONSOLIDATED_AVAILABLE,,,ONLY_CONSOLIDATED_AVAILABLE,CODAL separate audited financial statements + auditor report
کرازی|1397,کرازی,1397,auditor_report_date,ONLY_CONSOLIDATED_AVAILABLE,,,ONLY_CONSOLIDATED_AVAILABLE,CODAL separate audited financial statements + auditor report
کرازی|1398,کرازی,1398,fiscal_year_end,ONLY_CONSOLIDATED_AVAILABLE,,,ONLY_CONSOLIDATED_AVAILABLE,CODAL separate audited financial statements + auditor report
کرازی|1398,کرازی,1398,auditor_opinion_type,ONLY_CONSOLIDATED_AVAILABLE,,,ONLY_CONSOLIDATED_AVAILABLE,CODAL separate audited financial statements + auditor report
کرازی|1398,کرازی,1398,auditor_report_date,ONLY_CONSOLIDATED_AVAILABLE,,,ONLY_CONSOLIDATED_AVAILABLE,CODAL separate audited financial statements + auditor report
کرازی|1399,کرازی,1399,fiscal_year_end,ONLY_CONSOLIDATED_AVAILABLE,,,ONLY_CONSOLIDATED_AVAILABLE,CODAL separate audited financial statements + auditor report
کرازی|1399,کرازی,1399,auditor_opinion_type,ONLY_CONSOLIDATED_AVAILABLE,,,ONLY_CONSOLIDATED_AVAILABLE,CODAL separate audited financial statements + auditor report
کرازی|1399,کرازی,1399,auditor_report_date,ONLY_CONSOLIDATED_AVAILABLE,,,ONLY_CONSOLIDATED_AVAILABLE,CODAL separate audited financial statements + auditor report
کرازی|1400,کرازی,1400,fiscal_year_end,ONLY_CONSOLIDATED_AVAILABLE,,,ONLY_CONSOLIDATED_AVAILABLE,CODAL separate audited financial statements + auditor report
کرازی|1400,کرازی,1400,auditor_opinion_type,ONLY_CONSOLIDATED_AVAILABLE,,,ONLY_CONSOLIDATED_AVAILABLE,CODAL separate audited financial statements + auditor report
کرازی|1400,کرازی,1400,auditor_report_date,ONLY_CONSOLIDATED_AVAILABLE,,,ONLY_CONSOLIDATED_AVAILABLE,CODAL separate audited financial statements + auditor report
کرازی|1401,کرازی,1401,fiscal_year_end,ONLY_CONSOLIDATED_AVAILABLE,,,ONLY_CONSOLIDATED_AVAILABLE,CODAL separate audited financial statements + auditor report
کرازی|1401,کرازی,1401,auditor_opinion_type,ONLY_CONSOLIDATED_AVAILABLE,,,ONLY_CONSOLIDATED_AVAILABLE,CODAL separate audited financial statements + auditor report
کرازی|1401,کرازی,1401,auditor_report_date,ONLY_CONSOLIDATED_AVAILABLE,,,ONLY_CONSOLIDATED_AVAILABLE,CODAL separate audited financial statements + auditor report
کرازی|1402,کرازی,1402,fiscal_year_end,ONLY_CONSOLIDATED_AVAILABLE,,,ONLY_CONSOLIDATED_AVAILABLE,CODAL separate audited financial statements + auditor report
کرازی|1402,کرازی,1402,auditor_opinion_type,ONLY_CONSOLIDATED_AVAILABLE,,,ONLY_CONSOLIDATED_AVAILABLE,CODAL separate audited financial statements + auditor report
کرازی|1402,کرازی,1402,auditor_report_date,ONLY_CONSOLIDATED_AVAILABLE,,,ONLY_CONSOLIDATED_AVAILABLE,CODAL separate audited financial statements + auditor report
کروی|1398,کروی,1398,auditor_opinion_type,MATCHED_SEPARATE_VALID,HTML_MISLABELED_XLSX,كروي.zip!كروي_۱۳۹۸_۱۲_۲۹_separate_ن-۱۰_صورت‌های مالی سال مالی منتهی به ۱۳۹۸_۱۲_۲۹ (حسابرسی شده).xlsx,AUDITOR_REPORT_ABSENT_FROM_PAYLOAD,CODAL auditor report (گزارش حسابرس مستقل) for this ticker|fiscal_year
کروی|1398,کروی,1398,auditor_report_date,MATCHED_SEPARATE_VALID,HTML_MISLABELED_XLSX,كروي.zip!كروي_۱۳۹۸_۱۲_۲۹_separate_ن-۱۰_صورت‌های مالی سال مالی منتهی به ۱۳۹۸_۱۲_۲۹ (حسابرسی شده).xlsx,AUDITOR_REPORT_ABSENT_FROM_PAYLOAD,CODAL auditor report (گزارش حسابرس مستقل) for this ticker|fiscal_year
کروی|1399,کروی,1399,auditor_opinion_type,MATCHED_SEPARATE_VALID,HTML_MISLABELED_XLSX,كروي.zip!كروي_۱۳۹۹_۱۲_۳۰_separate_ن-۱۰_صورت‌های مالی سال مالی منتهی به ۱۳۹۹_۱۲_۳۰ (حسابرسی شده).xlsx,AUDITOR_REPORT_ABSENT_FROM_PAYLOAD,CODAL auditor report (گزارش حسابرس مستقل) for this ticker|fiscal_year
کروی|1399,کروی,1399,auditor_report_date,MATCHED_SEPARATE_VALID,HTML_MISLABELED_XLSX,كروي.zip!كروي_۱۳۹۹_۱۲_۳۰_separate_ن-۱۰_صورت‌های مالی سال مالی منتهی به ۱۳۹۹_۱۲_۳۰ (حسابرسی شده).xlsx,AUDITOR_REPORT_ABSENT_FROM_PAYLOAD,CODAL auditor report (گزارش حسابرس مستقل) for this ticker|fiscal_year
کروی|1400,کروی,1400,auditor_opinion_type,MATCHED_SEPARATE_VALID,HTML_MISLABELED_XLSX,كروي.zip!كروي_۱۴۰۰_۱۲_۲۹_separate_ن-۱۰_صورت‌های مالی سال مالی منتهی به ۱۴۰۰_۱۲_۲۹ (حسابرسی شده).xlsx,AUDITOR_REPORT_ABSENT_FROM_PAYLOAD,CODAL auditor report (گزارش حسابرس مستقل) for this ticker|fiscal_year
کروی|1400,کروی,1400,auditor_report_date,MATCHED_SEPARATE_VALID,HTML_MISLABELED_XLSX,كروي.zip!كروي_۱۴۰۰_۱۲_۲۹_separate_ن-۱۰_صورت‌های مالی سال مالی منتهی به ۱۴۰۰_۱۲_۲۹ (حسابرسی شده).xlsx,AUDITOR_REPORT_ABSENT_FROM_PAYLOAD,CODAL auditor report (گزارش حسابرس مستقل) for this ticker|fiscal_year
کروی|1401,کروی,1401,auditor_opinion_type,MATCHED_SEPARATE_VALID,HTML_MISLABELED_XLSX,كروي.zip!كروي_۱۴۰۱_۱۲_۲۹_separate_ن-۱۰_صورت‌های مالی سال مالی منتهی به ۱۴۰۱_۱۲_۲۹ (حسابرسی شده).xlsx,AUDITOR_REPORT_ABSENT_FROM_PAYLOAD,CODAL auditor report (گزارش حسابرس مستقل) for this ticker|fiscal_year
کروی|1401,کروی,1401,auditor_report_date,MATCHED_SEPARATE_VALID,HTML_MISLABELED_XLSX,كروي.zip!كروي_۱۴۰۱_۱۲_۲۹_separate_ن-۱۰_صورت‌های مالی سال مالی منتهی به ۱۴۰۱_۱۲_۲۹ (حسابرسی شده).xlsx,AUDITOR_REPORT_ABSENT_FROM_PAYLOAD,CODAL auditor report (گزارش حسابرس مستقل) for this ticker|fiscal_year
کروی|1402,کروی,1402,auditor_opinion_type,MATCHED_SEPARATE_VALID,HTML_MISLABELED_XLSX,كروي.zip!كروي_۱۴۰۲_۱۲_۲۹_separate_ن-۱۰_صورت‌های مالی سال مالی منتهی به ۱۴۰۲_۱۲_۲۹ (حسابرسی شده).xlsx,AUDITOR_REPORT_ABSENT_FROM_PAYLOAD,CODAL auditor report (گزارش حسابرس مستقل) for this ticker|fiscal_year
کروی|1402,کروی,1402,auditor_report_date,MATCHED_SEPARATE_VALID,HTML_MISLABELED_XLSX,كروي.zip!كروي_۱۴۰۲_۱۲_۲۹_separate_ن-۱۰_صورت‌های مالی سال مالی منتهی به ۱۴۰۲_۱۲_۲۹ (حسابرسی شده).xlsx,AUDITOR_REPORT_ABSENT_FROM_PAYLOAD,CODAL auditor report (گزارش حسابرس مستقل) for this ticker|fiscal_year
پارسان|1393,پارسان,1393,fiscal_year_end,NO_ARCHIVE_MATCH,,,NO_ARCHIVE_MATCH,CODAL separate audited financial statements + auditor report
پارسان|1393,پارسان,1393,auditor_opinion_type,NO_ARCHIVE_MATCH,,,NO_ARCHIVE_MATCH,CODAL separate audited financial statements + auditor report
پارسان|1393,پارسان,1393,auditor_report_date,NO_ARCHIVE_MATCH,,,NO_ARCHIVE_MATCH,CODAL separate audited financial statements + auditor report
پارسان|1398,پارسان,1398,auditor_opinion_type,MATCHED_SEPARATE_VALID,HTML_MISLABELED_XLSX,پارسان.zip!پارسان_۱۳۹۸_۰۶_۳۱_separate_ن-۱۰_صورت‌های مالی سال مالی منتهی به ۱۳۹۸_۰۶_۳۱ (حسابرسی شده).xlsx,AUDITOR_REPORT_ABSENT_FROM_PAYLOAD,CODAL auditor report (گزارش حسابرس مستقل) for this ticker|fiscal_year
پارسان|1398,پارسان,1398,auditor_report_date,MATCHED_SEPARATE_VALID,HTML_MISLABELED_XLSX,پارسان.zip!پارسان_۱۳۹۸_۰۶_۳۱_separate_ن-۱۰_صورت‌های مالی سال مالی منتهی به ۱۳۹۸_۰۶_۳۱ (حسابرسی شده).xlsx,AUDITOR_REPORT_ABSENT_FROM_PAYLOAD,CODAL auditor report (گزارش حسابرس مستقل) for this ticker|fiscal_year
پارسان|1399,پارسان,1399,auditor_opinion_type,MATCHED_SEPARATE_VALID,HTML_MISLABELED_XLSX,پارسان.zip!پارسان_۱۳۹۹_۰۶_۳۱_separate_ن-۱۰_صورت‌های مالی سال مالی منتهی به ۱۳۹۹_۰۶_۳۱ (حسابرسی شده).xlsx,AUDITOR_REPORT_ABSENT_FROM_PAYLOAD,CODAL auditor report (گزارش حسابرس مستقل) for this ticker|fiscal_year
پارسان|1399,پارسان,1399,auditor_report_date,MATCHED_SEPARATE_VALID,HTML_MISLABELED_XLSX,پارسان.zip!پارسان_۱۳۹۹_۰۶_۳۱_separate_ن-۱۰_صورت‌های مالی سال مالی منتهی به ۱۳۹۹_۰۶_۳۱ (حسابرسی شده).xlsx,AUDITOR_REPORT_ABSENT_FROM_PAYLOAD,CODAL auditor report (گزارش حسابرس مستقل) for this ticker|fiscal_year
پارسان|1400,پارسان,1400,auditor_opinion_type,MATCHED_SEPARATE_VALID,HTML_MISLABELED_XLSX,پارسان.zip!پارسان_۱۴۰۰_۰۶_۳۱_separate_ن-۱۰_صورت‌های مالی سال مالی منتهی به ۱۴۰۰_۰۶_۳۱ (حسابرسی شده).xlsx,AUDITOR_REPORT_ABSENT_FROM_PAYLOAD,CODAL auditor report (گزارش حسابرس مستقل) for this ticker|fiscal_year
پارسان|1400,پارسان,1400,auditor_report_date,MATCHED_SEPARATE_VALID,HTML_MISLABELED_XLSX,پارسان.zip!پارسان_۱۴۰۰_۰۶_۳۱_separate_ن-۱۰_صورت‌های مالی سال مالی منتهی به ۱۴۰۰_۰۶_۳۱ (حسابرسی شده).xlsx,AUDITOR_REPORT_ABSENT_FROM_PAYLOAD,CODAL auditor report (گزارش حسابرس مستقل) for this ticker|fiscal_year
پارسان|1401,پارسان,1401,auditor_opinion_type,MATCHED_SEPARATE_VALID,HTML_MISLABELED_XLSX,پارسان.zip!پارسان_۱۴۰۱_۰۶_۳۱_separate_ن-۱۰_صورت‌های مالی سال مالی منتهی به ۱۴۰۱_۰۶_۳۱ (حسابرسی شده).xlsx,AUDITOR_REPORT_ABSENT_FROM_PAYLOAD,CODAL auditor report (گزارش حسابرس مستقل) for this ticker|fiscal_year
پارسان|1401,پارسان,1401,auditor_report_date,MATCHED_SEPARATE_VALID,HTML_MISLABELED_XLSX,پارسان.zip!پارسان_۱۴۰۱_۰۶_۳۱_separate_ن-۱۰_صورت‌های مالی سال مالی منتهی به ۱۴۰۱_۰۶_۳۱ (حسابرسی شده).xlsx,AUDITOR_REPORT_ABSENT_FROM_PAYLOAD,CODAL auditor report (گزارش حسابرس مستقل) for this ticker|fiscal_year
پارسان|1402,پارسان,1402,auditor_opinion_type,MATCHED_SEPARATE_VALID,HTML_MISLABELED_XLSX,پارسان.zip!پارسان_۱۴۰۲_۰۶_۳۱_separate_ن-۱۰_صورت‌های مالی سال مالی منتهی به ۱۴۰۲_۰۶_۳۱ (حسابرسی شده).xlsx,AUDITOR_REPORT_ABSENT_FROM_PAYLOAD,CODAL auditor report (گزارش حسابرس مستقل) for this ticker|fiscal_year
پارسان|1402,پارسان,1402,auditor_report_date,MATCHED_SEPARATE_VALID,HTML_MISLABELED_XLSX,پارسان.zip!پارسان_۱۴۰۲_۰۶_۳۱_separate_ن-۱۰_صورت‌های مالی سال مالی منتهی به ۱۴۰۲_۰۶_۳۱ (حسابرسی شده).xlsx,AUDITOR_REPORT_ABSENT_FROM_PAYLOAD,CODAL auditor report (گزارش حسابرس مستقل) for this ticker|fiscal_year
پسهند|1394,پسهند,1394,fiscal_year_end,ONLY_CONSOLIDATED_AVAILABLE,,,ONLY_CONSOLIDATED_AVAILABLE,CODAL separate audited financial statements + auditor report
پسهند|1394,پسهند,1394,auditor_opinion_type,ONLY_CONSOLIDATED_AVAILABLE,,,ONLY_CONSOLIDATED_AVAILABLE,CODAL separate audited financial statements + auditor report
پسهند|1394,پسهند,1394,auditor_report_date,ONLY_CONSOLIDATED_AVAILABLE,,,ONLY_CONSOLIDATED_AVAILABLE,CODAL separate audited financial statements + auditor report
پسهند|1395,پسهند,1395,fiscal_year_end,ONLY_CONSOLIDATED_AVAILABLE,,,ONLY_CONSOLIDATED_AVAILABLE,CODAL separate audited financial statements + auditor report
پسهند|1395,پسهند,1395,auditor_opinion_type,ONLY_CONSOLIDATED_AVAILABLE,,,ONLY_CONSOLIDATED_AVAILABLE,CODAL separate audited financial statements + auditor report
پسهند|1395,پسهند,1395,auditor_report_date,ONLY_CONSOLIDATED_AVAILABLE,,,ONLY_CONSOLIDATED_AVAILABLE,CODAL separate audited financial statements + auditor report
پسهند|1396,پسهند,1396,fiscal_year_end,ONLY_CONSOLIDATED_AVAILABLE,,,ONLY_CONSOLIDATED_AVAILABLE,CODAL separate audited financial statements + auditor report
پسهند|1396,پسهند,1396,auditor_opinion_type,ONLY_CONSOLIDATED_AVAILABLE,,,ONLY_CONSOLIDATED_AVAILABLE,CODAL separate audited financial statements + auditor report
پسهند|1396,پسهند,1396,auditor_report_date,ONLY_CONSOLIDATED_AVAILABLE,,,ONLY_CONSOLIDATED_AVAILABLE,CODAL separate audited financial statements + auditor report
پسهند|1397,پسهند,1397,fiscal_year_end,ONLY_CONSOLIDATED_AVAILABLE,,,ONLY_CONSOLIDATED_AVAILABLE,CODAL separate audited financial statements + auditor report
پسهند|1397,پسهند,1397,auditor_opinion_type,ONLY_CONSOLIDATED_AVAILABLE,,,ONLY_CONSOLIDATED_AVAILABLE,CODAL separate audited financial statements + auditor report
پسهند|1397,پسهند,1397,auditor_report_date,ONLY_CONSOLIDATED_AVAILABLE,,,ONLY_CONSOLIDATED_AVAILABLE,CODAL separate audited financial statements + auditor report
پسهند|1398,پسهند,1398,fiscal_year_end,ONLY_CONSOLIDATED_AVAILABLE,,,ONLY_CONSOLIDATED_AVAILABLE,CODAL separate audited financial statements + auditor report
پسهند|1398,پسهند,1398,auditor_opinion_type,ONLY_CONSOLIDATED_AVAILABLE,,,ONLY_CONSOLIDATED_AVAILABLE,CODAL separate audited financial statements + auditor report
پسهند|1398,پسهند,1398,auditor_report_date,ONLY_CONSOLIDATED_AVAILABLE,,,ONLY_CONSOLIDATED_AVAILABLE,CODAL separate audited financial statements + auditor report
پسهند|1399,پسهند,1399,fiscal_year_end,ONLY_CONSOLIDATED_AVAILABLE,,,ONLY_CONSOLIDATED_AVAILABLE,CODAL separate audited financial statements + auditor report
پسهند|1399,پسهند,1399,auditor_opinion_type,ONLY_CONSOLIDATED_AVAILABLE,,,ONLY_CONSOLIDATED_AVAILABLE,CODAL separate audited financial statements + auditor report
پسهند|1399,پسهند,1399,auditor_report_date,ONLY_CONSOLIDATED_AVAILABLE,,,ONLY_CONSOLIDATED_AVAILABLE,CODAL separate audited financial statements + auditor report
پسهند|1400,پسهند,1400,fiscal_year_end,ONLY_CONSOLIDATED_AVAILABLE,,,ONLY_CONSOLIDATED_AVAILABLE,CODAL separate audited financial statements + auditor report
پسهند|1400,پسهند,1400,auditor_opinion_type,ONLY_CONSOLIDATED_AVAILABLE,,,ONLY_CONSOLIDATED_AVAILABLE,CODAL separate audited financial statements + auditor report
پسهند|1400,پسهند,1400,auditor_report_date,ONLY_CONSOLIDATED_AVAILABLE,,,ONLY_CONSOLIDATED_AVAILABLE,CODAL separate audited financial statements + auditor report
پسهند|1401,پسهند,1401,auditor_opinion_type,MATCHED_SEPARATE_VALID,HTML_MISLABELED_XLSX,پسهند.zip!پسهند_۱۴۰۱_۱۲_۲۹_separate_ن-۱۰_صورت‌های مالی سال مالی منتهی به ۱۴۰۱_۱۲_۲۹ (حسابرسی شده).xlsx,AUDITOR_REPORT_ABSENT_FROM_PAYLOAD,CODAL auditor report (گزارش حسابرس مستقل) for this ticker|fiscal_year
پسهند|1401,پسهند,1401,auditor_report_date,MATCHED_SEPARATE_VALID,HTML_MISLABELED_XLSX,پسهند.zip!پسهند_۱۴۰۱_۱۲_۲۹_separate_ن-۱۰_صورت‌های مالی سال مالی منتهی به ۱۴۰۱_۱۲_۲۹ (حسابرسی شده).xlsx,AUDITOR_REPORT_ABSENT_FROM_PAYLOAD,CODAL auditor report (گزارش حسابرس مستقل) for this ticker|fiscal_year
پسهند|1402,پسهند,1402,auditor_opinion_type,MATCHED_SEPARATE_VALID,HTML_MISLABELED_XLSX,پسهند.zip!پسهند_۱۴۰۲_۱۲_۲۹_separate_ن-۱۰_صورت‌های مالی سال مالی منتهی به ۱۴۰۲_۱۲_۲۹ (حسابرسی شده).xlsx,AUDITOR_REPORT_ABSENT_FROM_PAYLOAD,CODAL auditor report (گزارش حسابرس مستقل) for this ticker|fiscal_year
پسهند|1402,پسهند,1402,auditor_report_date,MATCHED_SEPARATE_VALID,HTML_MISLABELED_XLSX,پسهند.zip!پسهند_۱۴۰۲_۱۲_۲۹_separate_ن-۱۰_صورت‌های مالی سال مالی منتهی به ۱۴۰۲_۱۲_۲۹ (حسابرسی شده).xlsx,AUDITOR_REPORT_ABSENT_FROM_PAYLOAD,CODAL auditor report (گزارش حسابرس مستقل) for this ticker|fiscal_year
کویر|1393,کویر,1393,fiscal_year_end,MATCHED_SEPARATE_VALID,HTML_MISLABELED_XLSX,كوير.zip!كوير_۱۳۹۳_۱۲_۲۹_separate_ن-۱۰_صورت‌های مالی سال مالی منتهی به ۱۳۹۳_۱۲_۲۹ (حسابرسی شده).xlsx,NOT_PRESENT_IN_SOURCE,CODAL auditor report (گزارش حسابرس مستقل) for this ticker|fiscal_year
کویر|1393,کویر,1393,auditor_opinion_type,MATCHED_SEPARATE_VALID,HTML_MISLABELED_XLSX,كوير.zip!كوير_۱۳۹۳_۱۲_۲۹_separate_ن-۱۰_صورت‌های مالی سال مالی منتهی به ۱۳۹۳_۱۲_۲۹ (حسابرسی شده).xlsx,AUDITOR_REPORT_ABSENT_FROM_PAYLOAD,CODAL auditor report (گزارش حسابرس مستقل) for this ticker|fiscal_year
کویر|1393,کویر,1393,auditor_report_date,MATCHED_SEPARATE_VALID,HTML_MISLABELED_XLSX,كوير.zip!كوير_۱۳۹۳_۱۲_۲۹_separate_ن-۱۰_صورت‌های مالی سال مالی منتهی به ۱۳۹۳_۱۲_۲۹ (حسابرسی شده).xlsx,AUDITOR_REPORT_ABSENT_FROM_PAYLOAD,CODAL auditor report (گزارش حسابرس مستقل) for this ticker|fiscal_year
کویر|1394,کویر,1394,fiscal_year_end,MATCHED_SEPARATE_VALID,HTML_MISLABELED_XLSX,كوير.zip!كوير_۱۳۹۴_۱۲_۲۹_separate_ن-۱۰_صورت‌های مالی سال مالی منتهی به ۱۳۹۴_۱۲_۲۹ (حسابرسی شده).xlsx,NOT_PRESENT_IN_SOURCE,CODAL auditor report (گزارش حسابرس مستقل) for this ticker|fiscal_year
کویر|1394,کویر,1394,auditor_opinion_type,MATCHED_SEPARATE_VALID,HTML_MISLABELED_XLSX,كوير.zip!كوير_۱۳۹۴_۱۲_۲۹_separate_ن-۱۰_صورت‌های مالی سال مالی منتهی به ۱۳۹۴_۱۲_۲۹ (حسابرسی شده).xlsx,AUDITOR_REPORT_ABSENT_FROM_PAYLOAD,CODAL auditor report (گزارش حسابرس مستقل) for this ticker|fiscal_year
کویر|1394,کویر,1394,auditor_report_date,MATCHED_SEPARATE_VALID,HTML_MISLABELED_XLSX,كوير.zip!كوير_۱۳۹۴_۱۲_۲۹_separate_ن-۱۰_صورت‌های مالی سال مالی منتهی به ۱۳۹۴_۱۲_۲۹ (حسابرسی شده).xlsx,AUDITOR_REPORT_ABSENT_FROM_PAYLOAD,CODAL auditor report (گزارش حسابرس مستقل) for this ticker|fiscal_year
کویر|1395,کویر,1395,fiscal_year_end,MATCHED_SEPARATE_VALID,HTML_MISLABELED_XLSX,كوير.zip!كوير_۱۳۹۵_۱۲_۳۰_separate_ن-۱۰_صورت‌های مالی سال مالی منتهی به ۱۳۹۵_۱۲_۳۰ (حسابرسی شده).xlsx,NOT_PRESENT_IN_SOURCE,CODAL auditor report (گزارش حسابرس مستقل) for this ticker|fiscal_year
کویر|1395,کویر,1395,auditor_opinion_type,MATCHED_SEPARATE_VALID,HTML_MISLABELED_XLSX,كوير.zip!كوير_۱۳۹۵_۱۲_۳۰_separate_ن-۱۰_صورت‌های مالی سال مالی منتهی به ۱۳۹۵_۱۲_۳۰ (حسابرسی شده).xlsx,AUDITOR_REPORT_ABSENT_FROM_PAYLOAD,CODAL auditor report (گزارش حسابرس مستقل) for this ticker|fiscal_year
کویر|1395,کویر,1395,auditor_report_date,MATCHED_SEPARATE_VALID,HTML_MISLABELED_XLSX,كوير.zip!كوير_۱۳۹۵_۱۲_۳۰_separate_ن-۱۰_صورت‌های مالی سال مالی منتهی به ۱۳۹۵_۱۲_۳۰ (حسابرسی شده).xlsx,AUDITOR_REPORT_ABSENT_FROM_PAYLOAD,CODAL auditor report (گزارش حسابرس مستقل) for this ticker|fiscal_year
کویر|1396,کویر,1396,fiscal_year_end,MATCHED_SEPARATE_VALID,HTML_MISLABELED_XLSX,كوير.zip!كوير_۱۳۹۶_۱۲_۲۹_separate_ن-۱۰_صورت‌های مالی سال مالی منتهی به ۱۳۹۶_۱۲_۲۹ (حسابرسی شده).xlsx,NOT_PRESENT_IN_SOURCE,CODAL auditor report (گزارش حسابرس مستقل) for this ticker|fiscal_year
کویر|1396,کویر,1396,auditor_opinion_type,MATCHED_SEPARATE_VALID,HTML_MISLABELED_XLSX,كوير.zip!كوير_۱۳۹۶_۱۲_۲۹_separate_ن-۱۰_صورت‌های مالی سال مالی منتهی به ۱۳۹۶_۱۲_۲۹ (حسابرسی شده).xlsx,AUDITOR_REPORT_ABSENT_FROM_PAYLOAD,CODAL auditor report (گزارش حسابرس مستقل) for this ticker|fiscal_year
کویر|1396,کویر,1396,auditor_report_date,MATCHED_SEPARATE_VALID,HTML_MISLABELED_XLSX,كوير.zip!كوير_۱۳۹۶_۱۲_۲۹_separate_ن-۱۰_صورت‌های مالی سال مالی منتهی به ۱۳۹۶_۱۲_۲۹ (حسابرسی شده).xlsx,AUDITOR_REPORT_ABSENT_FROM_PAYLOAD,CODAL auditor report (گزارش حسابرس مستقل) for this ticker|fiscal_year
کویر|1397,کویر,1397,fiscal_year_end,NO_ARCHIVE_MATCH,,,NO_ARCHIVE_MATCH,CODAL separate audited financial statements + auditor report
کویر|1397,کویر,1397,auditor_opinion_type,NO_ARCHIVE_MATCH,,,NO_ARCHIVE_MATCH,CODAL separate audited financial statements + auditor report
کویر|1397,کویر,1397,auditor_report_date,NO_ARCHIVE_MATCH,,,NO_ARCHIVE_MATCH,CODAL separate audited financial statements + auditor report
کویر|1398,کویر,1398,fiscal_year_end,ONLY_CONSOLIDATED_AVAILABLE,,,ONLY_CONSOLIDATED_AVAILABLE,CODAL separate audited financial statements + auditor report
کویر|1398,کویر,1398,auditor_opinion_type,ONLY_CONSOLIDATED_AVAILABLE,,,ONLY_CONSOLIDATED_AVAILABLE,CODAL separate audited financial statements + auditor report
کویر|1398,کویر,1398,auditor_report_date,ONLY_CONSOLIDATED_AVAILABLE,,,ONLY_CONSOLIDATED_AVAILABLE,CODAL separate audited financial statements + auditor report
کویر|1399,کویر,1399,fiscal_year_end,ONLY_CONSOLIDATED_AVAILABLE,,,ONLY_CONSOLIDATED_AVAILABLE,CODAL separate audited financial statements + auditor report
کویر|1399,کویر,1399,auditor_opinion_type,ONLY_CONSOLIDATED_AVAILABLE,,,ONLY_CONSOLIDATED_AVAILABLE,CODAL separate audited financial statements + auditor report
کویر|1399,کویر,1399,auditor_report_date,ONLY_CONSOLIDATED_AVAILABLE,,,ONLY_CONSOLIDATED_AVAILABLE,CODAL separate audited financial statements + auditor report
کویر|1400,کویر,1400,fiscal_year_end,ONLY_CONSOLIDATED_AVAILABLE,,,ONLY_CONSOLIDATED_AVAILABLE,CODAL separate audited financial statements + auditor report
کویر|1400,کویر,1400,auditor_opinion_type,ONLY_CONSOLIDATED_AVAILABLE,,,ONLY_CONSOLIDATED_AVAILABLE,CODAL separate audited financial statements + auditor report
کویر|1400,کویر,1400,auditor_report_date,ONLY_CONSOLIDATED_AVAILABLE,,,ONLY_CONSOLIDATED_AVAILABLE,CODAL separate audited financial statements + auditor report
کویر|1401,کویر,1401,fiscal_year_end,ONLY_CONSOLIDATED_AVAILABLE,,,ONLY_CONSOLIDATED_AVAILABLE,CODAL separate audited financial statements + auditor report
کویر|1401,کویر,1401,auditor_opinion_type,ONLY_CONSOLIDATED_AVAILABLE,,,ONLY_CONSOLIDATED_AVAILABLE,CODAL separate audited financial statements + auditor report
کویر|1401,کویر,1401,auditor_report_date,ONLY_CONSOLIDATED_AVAILABLE,,,ONLY_CONSOLIDATED_AVAILABLE,CODAL separate audited financial statements + auditor report
کویر|1402,کویر,1402,fiscal_year_end,ONLY_CONSOLIDATED_AVAILABLE,,,ONLY_CONSOLIDATED_AVAILABLE,CODAL separate audited financial statements + auditor report
کویر|1402,کویر,1402,auditor_opinion_type,ONLY_CONSOLIDATED_AVAILABLE,,,ONLY_CONSOLIDATED_AVAILABLE,CODAL separate audited financial statements + auditor report
کویر|1402,کویر,1402,auditor_report_date,ONLY_CONSOLIDATED_AVAILABLE,,,ONLY_CONSOLIDATED_AVAILABLE,CODAL separate audited financial statements + auditor report
لبوتان|1394,لبوتان,1394,fiscal_year_end,ONLY_CONSOLIDATED_AVAILABLE,,,ONLY_CONSOLIDATED_AVAILABLE,CODAL separate audited financial statements + auditor report
لبوتان|1394,لبوتان,1394,auditor_opinion_type,ONLY_CONSOLIDATED_AVAILABLE,,,ONLY_CONSOLIDATED_AVAILABLE,CODAL separate audited financial statements + auditor report
لبوتان|1394,لبوتان,1394,auditor_report_date,ONLY_CONSOLIDATED_AVAILABLE,,,ONLY_CONSOLIDATED_AVAILABLE,CODAL separate audited financial statements + auditor report
لبوتان|1395,لبوتان,1395,fiscal_year_end,ONLY_CONSOLIDATED_AVAILABLE,,,ONLY_CONSOLIDATED_AVAILABLE,CODAL separate audited financial statements + auditor report
لبوتان|1395,لبوتان,1395,auditor_opinion_type,ONLY_CONSOLIDATED_AVAILABLE,,,ONLY_CONSOLIDATED_AVAILABLE,CODAL separate audited financial statements + auditor report
لبوتان|1395,لبوتان,1395,auditor_report_date,ONLY_CONSOLIDATED_AVAILABLE,,,ONLY_CONSOLIDATED_AVAILABLE,CODAL separate audited financial statements + auditor report
لبوتان|1396,لبوتان,1396,fiscal_year_end,ONLY_CONSOLIDATED_AVAILABLE,,,ONLY_CONSOLIDATED_AVAILABLE,CODAL separate audited financial statements + auditor report
لبوتان|1396,لبوتان,1396,auditor_opinion_type,ONLY_CONSOLIDATED_AVAILABLE,,,ONLY_CONSOLIDATED_AVAILABLE,CODAL separate audited financial statements + auditor report
لبوتان|1396,لبوتان,1396,auditor_report_date,ONLY_CONSOLIDATED_AVAILABLE,,,ONLY_CONSOLIDATED_AVAILABLE,CODAL separate audited financial statements + auditor report
لبوتان|1397,لبوتان,1397,fiscal_year_end,ONLY_CONSOLIDATED_AVAILABLE,,,ONLY_CONSOLIDATED_AVAILABLE,CODAL separate audited financial statements + auditor report
لبوتان|1397,لبوتان,1397,auditor_opinion_type,ONLY_CONSOLIDATED_AVAILABLE,,,ONLY_CONSOLIDATED_AVAILABLE,CODAL separate audited financial statements + auditor report
لبوتان|1397,لبوتان,1397,auditor_report_date,ONLY_CONSOLIDATED_AVAILABLE,,,ONLY_CONSOLIDATED_AVAILABLE,CODAL separate audited financial statements + auditor report
لبوتان|1398,لبوتان,1398,fiscal_year_end,ONLY_CONSOLIDATED_AVAILABLE,,,ONLY_CONSOLIDATED_AVAILABLE,CODAL separate audited financial statements + auditor report
لبوتان|1398,لبوتان,1398,auditor_opinion_type,ONLY_CONSOLIDATED_AVAILABLE,,,ONLY_CONSOLIDATED_AVAILABLE,CODAL separate audited financial statements + auditor report
لبوتان|1398,لبوتان,1398,auditor_report_date,ONLY_CONSOLIDATED_AVAILABLE,,,ONLY_CONSOLIDATED_AVAILABLE,CODAL separate audited financial statements + auditor report
لبوتان|1399,لبوتان,1399,fiscal_year_end,ONLY_CONSOLIDATED_AVAILABLE,,,ONLY_CONSOLIDATED_AVAILABLE,CODAL separate audited financial statements + auditor report
لبوتان|1399,لبوتان,1399,auditor_opinion_type,ONLY_CONSOLIDATED_AVAILABLE,,,ONLY_CONSOLIDATED_AVAILABLE,CODAL separate audited financial statements + auditor report
لبوتان|1399,لبوتان,1399,auditor_report_date,ONLY_CONSOLIDATED_AVAILABLE,,,ONLY_CONSOLIDATED_AVAILABLE,CODAL separate audited financial statements + auditor report
لبوتان|1400,لبوتان,1400,fiscal_year_end,ONLY_CONSOLIDATED_AVAILABLE,,,ONLY_CONSOLIDATED_AVAILABLE,CODAL separate audited financial statements + auditor report
لبوتان|1400,لبوتان,1400,auditor_opinion_type,ONLY_CONSOLIDATED_AVAILABLE,,,ONLY_CONSOLIDATED_AVAILABLE,CODAL separate audited financial statements + auditor report
لبوتان|1400,لبوتان,1400,auditor_report_date,ONLY_CONSOLIDATED_AVAILABLE,,,ONLY_CONSOLIDATED_AVAILABLE,CODAL separate audited financial statements + auditor report
لبوتان|1401,لبوتان,1401,fiscal_year_end,ONLY_CONSOLIDATED_AVAILABLE,,,ONLY_CONSOLIDATED_AVAILABLE,CODAL separate audited financial statements + auditor report
لبوتان|1401,لبوتان,1401,auditor_opinion_type,ONLY_CONSOLIDATED_AVAILABLE,,,ONLY_CONSOLIDATED_AVAILABLE,CODAL separate audited financial statements + auditor report
لبوتان|1401,لبوتان,1401,auditor_report_date,ONLY_CONSOLIDATED_AVAILABLE,,,ONLY_CONSOLIDATED_AVAILABLE,CODAL separate audited financial statements + auditor report
لبوتان|1402,لبوتان,1402,fiscal_year_end,ONLY_CONSOLIDATED_AVAILABLE,,,ONLY_CONSOLIDATED_AVAILABLE,CODAL separate audited financial statements + auditor report
لبوتان|1402,لبوتان,1402,auditor_opinion_type,ONLY_CONSOLIDATED_AVAILABLE,,,ONLY_CONSOLIDATED_AVAILABLE,CODAL separate audited financial statements + auditor report
لبوتان|1402,لبوتان,1402,auditor_report_date,ONLY_CONSOLIDATED_AVAILABLE,,,ONLY_CONSOLIDATED_AVAILABLE,CODAL separate audited financial statements + auditor report
لابسا|1394,لابسا,1394,fiscal_year_end,ONLY_CONSOLIDATED_AVAILABLE,,,ONLY_CONSOLIDATED_AVAILABLE,CODAL separate audited financial statements + auditor report
لابسا|1394,لابسا,1394,auditor_opinion_type,ONLY_CONSOLIDATED_AVAILABLE,,,ONLY_CONSOLIDATED_AVAILABLE,CODAL separate audited financial statements + auditor report
لابسا|1394,لابسا,1394,auditor_report_date,ONLY_CONSOLIDATED_AVAILABLE,,,ONLY_CONSOLIDATED_AVAILABLE,CODAL separate audited financial statements + auditor report
لابسا|1395,لابسا,1395,fiscal_year_end,ONLY_CONSOLIDATED_AVAILABLE,,,ONLY_CONSOLIDATED_AVAILABLE,CODAL separate audited financial statements + auditor report
لابسا|1395,لابسا,1395,auditor_opinion_type,ONLY_CONSOLIDATED_AVAILABLE,,,ONLY_CONSOLIDATED_AVAILABLE,CODAL separate audited financial statements + auditor report
لابسا|1395,لابسا,1395,auditor_report_date,ONLY_CONSOLIDATED_AVAILABLE,,,ONLY_CONSOLIDATED_AVAILABLE,CODAL separate audited financial statements + auditor report
لابسا|1396,لابسا,1396,fiscal_year_end,ONLY_CONSOLIDATED_AVAILABLE,,,ONLY_CONSOLIDATED_AVAILABLE,CODAL separate audited financial statements + auditor report
لابسا|1396,لابسا,1396,auditor_opinion_type,ONLY_CONSOLIDATED_AVAILABLE,,,ONLY_CONSOLIDATED_AVAILABLE,CODAL separate audited financial statements + auditor report
لابسا|1396,لابسا,1396,auditor_report_date,ONLY_CONSOLIDATED_AVAILABLE,,,ONLY_CONSOLIDATED_AVAILABLE,CODAL separate audited financial statements + auditor report
لابسا|1397,لابسا,1397,fiscal_year_end,ONLY_CONSOLIDATED_AVAILABLE,,,ONLY_CONSOLIDATED_AVAILABLE,CODAL separate audited financial statements + auditor report
لابسا|1397,لابسا,1397,auditor_opinion_type,ONLY_CONSOLIDATED_AVAILABLE,,,ONLY_CONSOLIDATED_AVAILABLE,CODAL separate audited financial statements + auditor report
لابسا|1397,لابسا,1397,auditor_report_date,ONLY_CONSOLIDATED_AVAILABLE,,,ONLY_CONSOLIDATED_AVAILABLE,CODAL separate audited financial statements + auditor report
لابسا|1398,لابسا,1398,fiscal_year_end,ONLY_CONSOLIDATED_AVAILABLE,,,ONLY_CONSOLIDATED_AVAILABLE,CODAL separate audited financial statements + auditor report
لابسا|1398,لابسا,1398,auditor_opinion_type,ONLY_CONSOLIDATED_AVAILABLE,,,ONLY_CONSOLIDATED_AVAILABLE,CODAL separate audited financial statements + auditor report
لابسا|1398,لابسا,1398,auditor_report_date,ONLY_CONSOLIDATED_AVAILABLE,,,ONLY_CONSOLIDATED_AVAILABLE,CODAL separate audited financial statements + auditor report
لابسا|1399,لابسا,1399,fiscal_year_end,ONLY_CONSOLIDATED_AVAILABLE,,,ONLY_CONSOLIDATED_AVAILABLE,CODAL separate audited financial statements + auditor report
لابسا|1399,لابسا,1399,auditor_opinion_type,ONLY_CONSOLIDATED_AVAILABLE,,,ONLY_CONSOLIDATED_AVAILABLE,CODAL separate audited financial statements + auditor report
لابسا|1399,لابسا,1399,auditor_report_date,ONLY_CONSOLIDATED_AVAILABLE,,,ONLY_CONSOLIDATED_AVAILABLE,CODAL separate audited financial statements + auditor report
لابسا|1400,لابسا,1400,fiscal_year_end,ONLY_CONSOLIDATED_AVAILABLE,,,ONLY_CONSOLIDATED_AVAILABLE,CODAL separate audited financial statements + auditor report
لابسا|1400,لابسا,1400,auditor_opinion_type,ONLY_CONSOLIDATED_AVAILABLE,,,ONLY_CONSOLIDATED_AVAILABLE,CODAL separate audited financial statements + auditor report
لابسا|1400,لابسا,1400,auditor_report_date,ONLY_CONSOLIDATED_AVAILABLE,,,ONLY_CONSOLIDATED_AVAILABLE,CODAL separate audited financial statements + auditor report
لابسا|1401,لابسا,1401,fiscal_year_end,ONLY_CONSOLIDATED_AVAILABLE,,,ONLY_CONSOLIDATED_AVAILABLE,CODAL separate audited financial statements + auditor report
لابسا|1401,لابسا,1401,auditor_opinion_type,ONLY_CONSOLIDATED_AVAILABLE,,,ONLY_CONSOLIDATED_AVAILABLE,CODAL separate audited financial statements + auditor report
لابسا|1401,لابسا,1401,auditor_report_date,ONLY_CONSOLIDATED_AVAILABLE,,,ONLY_CONSOLIDATED_AVAILABLE,CODAL separate audited financial statements + auditor report
لابسا|1402,لابسا,1402,fiscal_year_end,ONLY_CONSOLIDATED_AVAILABLE,,,ONLY_CONSOLIDATED_AVAILABLE,CODAL separate audited financial statements + auditor report
لابسا|1402,لابسا,1402,auditor_opinion_type,ONLY_CONSOLIDATED_AVAILABLE,,,ONLY_CONSOLIDATED_AVAILABLE,CODAL separate audited financial statements + auditor report
لابسا|1402,لابسا,1402,auditor_report_date,ONLY_CONSOLIDATED_AVAILABLE,,,ONLY_CONSOLIDATED_AVAILABLE,CODAL separate audited financial statements + auditor report
لسرما|1394,لسرما,1394,fiscal_year_end,ONLY_CONSOLIDATED_AVAILABLE,,,ONLY_CONSOLIDATED_AVAILABLE,CODAL separate audited financial statements + auditor report
لسرما|1394,لسرما,1394,auditor_opinion_type,ONLY_CONSOLIDATED_AVAILABLE,,,ONLY_CONSOLIDATED_AVAILABLE,CODAL separate audited financial statements + auditor report
لسرما|1394,لسرما,1394,auditor_report_date,ONLY_CONSOLIDATED_AVAILABLE,,,ONLY_CONSOLIDATED_AVAILABLE,CODAL separate audited financial statements + auditor report
لسرما|1395,لسرما,1395,fiscal_year_end,ONLY_CONSOLIDATED_AVAILABLE,,,ONLY_CONSOLIDATED_AVAILABLE,CODAL separate audited financial statements + auditor report
لسرما|1395,لسرما,1395,auditor_opinion_type,ONLY_CONSOLIDATED_AVAILABLE,,,ONLY_CONSOLIDATED_AVAILABLE,CODAL separate audited financial statements + auditor report
لسرما|1395,لسرما,1395,auditor_report_date,ONLY_CONSOLIDATED_AVAILABLE,,,ONLY_CONSOLIDATED_AVAILABLE,CODAL separate audited financial statements + auditor report
لسرما|1396,لسرما,1396,fiscal_year_end,ONLY_CONSOLIDATED_AVAILABLE,,,ONLY_CONSOLIDATED_AVAILABLE,CODAL separate audited financial statements + auditor report
لسرما|1396,لسرما,1396,auditor_opinion_type,ONLY_CONSOLIDATED_AVAILABLE,,,ONLY_CONSOLIDATED_AVAILABLE,CODAL separate audited financial statements + auditor report
لسرما|1396,لسرما,1396,auditor_report_date,ONLY_CONSOLIDATED_AVAILABLE,,,ONLY_CONSOLIDATED_AVAILABLE,CODAL separate audited financial statements + auditor report
لسرما|1397,لسرما,1397,fiscal_year_end,ONLY_CONSOLIDATED_AVAILABLE,,,ONLY_CONSOLIDATED_AVAILABLE,CODAL separate audited financial statements + auditor report
لسرما|1397,لسرما,1397,auditor_opinion_type,ONLY_CONSOLIDATED_AVAILABLE,,,ONLY_CONSOLIDATED_AVAILABLE,CODAL separate audited financial statements + auditor report
لسرما|1397,لسرما,1397,auditor_report_date,ONLY_CONSOLIDATED_AVAILABLE,,,ONLY_CONSOLIDATED_AVAILABLE,CODAL separate audited financial statements + auditor report
لسرما|1398,لسرما,1398,fiscal_year_end,ONLY_CONSOLIDATED_AVAILABLE,,,ONLY_CONSOLIDATED_AVAILABLE,CODAL separate audited financial statements + auditor report
لسرما|1398,لسرما,1398,auditor_opinion_type,ONLY_CONSOLIDATED_AVAILABLE,,,ONLY_CONSOLIDATED_AVAILABLE,CODAL separate audited financial statements + auditor report
لسرما|1398,لسرما,1398,auditor_report_date,ONLY_CONSOLIDATED_AVAILABLE,,,ONLY_CONSOLIDATED_AVAILABLE,CODAL separate audited financial statements + auditor report
لسرما|1399,لسرما,1399,fiscal_year_end,ONLY_CONSOLIDATED_AVAILABLE,,,ONLY_CONSOLIDATED_AVAILABLE,CODAL separate audited financial statements + auditor report
لسرما|1399,لسرما,1399,auditor_opinion_type,ONLY_CONSOLIDATED_AVAILABLE,,,ONLY_CONSOLIDATED_AVAILABLE,CODAL separate audited financial statements + auditor report
لسرما|1399,لسرما,1399,auditor_report_date,ONLY_CONSOLIDATED_AVAILABLE,,,ONLY_CONSOLIDATED_AVAILABLE,CODAL separate audited financial statements + auditor report
لسرما|1400,لسرما,1400,fiscal_year_end,ONLY_CONSOLIDATED_AVAILABLE,,,ONLY_CONSOLIDATED_AVAILABLE,CODAL separate audited financial statements + auditor report
لسرما|1400,لسرما,1400,auditor_opinion_type,ONLY_CONSOLIDATED_AVAILABLE,,,ONLY_CONSOLIDATED_AVAILABLE,CODAL separate audited financial statements + auditor report
لسرما|1400,لسرما,1400,auditor_report_date,ONLY_CONSOLIDATED_AVAILABLE,,,ONLY_CONSOLIDATED_AVAILABLE,CODAL separate audited financial statements + auditor report
لسرما|1401,لسرما,1401,fiscal_year_end,ONLY_CONSOLIDATED_AVAILABLE,,,ONLY_CONSOLIDATED_AVAILABLE,CODAL separate audited financial statements + auditor report
لسرما|1401,لسرما,1401,auditor_opinion_type,ONLY_CONSOLIDATED_AVAILABLE,,,ONLY_CONSOLIDATED_AVAILABLE,CODAL separate audited financial statements + auditor report
لسرما|1401,لسرما,1401,auditor_report_date,ONLY_CONSOLIDATED_AVAILABLE,,,ONLY_CONSOLIDATED_AVAILABLE,CODAL separate audited financial statements + auditor report
لسرما|1402,لسرما,1402,fiscal_year_end,ONLY_CONSOLIDATED_AVAILABLE,,,ONLY_CONSOLIDATED_AVAILABLE,CODAL separate audited financial statements + auditor report
لسرما|1402,لسرما,1402,auditor_opinion_type,ONLY_CONSOLIDATED_AVAILABLE,,,ONLY_CONSOLIDATED_AVAILABLE,CODAL separate audited financial statements + auditor report
لسرما|1402,لسرما,1402,auditor_report_date,ONLY_CONSOLIDATED_AVAILABLE,,,ONLY_CONSOLIDATED_AVAILABLE,CODAL separate audited financial statements + auditor report
لخزر|1397,لخزر,1397,auditor_opinion_type,MATCHED_SEPARATE_VALID,HTML_MISLABELED_XLSX,لخزر.zip!لخزر_۱۳۹۷_۱۲_۲۹_separate_ن-۱۰_صورت‌های مالی سال مالی منتهی به ۱۳۹۷_۱۲_۲۹ (حسابرسی شده).xlsx,AUDITOR_REPORT_ABSENT_FROM_PAYLOAD,CODAL auditor report (گزارش حسابرس مستقل) for this ticker|fiscal_year
لخزر|1397,لخزر,1397,auditor_report_date,MATCHED_SEPARATE_VALID,HTML_MISLABELED_XLSX,لخزر.zip!لخزر_۱۳۹۷_۱۲_۲۹_separate_ن-۱۰_صورت‌های مالی سال مالی منتهی به ۱۳۹۷_۱۲_۲۹ (حسابرسی شده).xlsx,AUDITOR_REPORT_ABSENT_FROM_PAYLOAD,CODAL auditor report (گزارش حسابرس مستقل) for this ticker|fiscal_year
لخزر|1398,لخزر,1398,auditor_opinion_type,MATCHED_SEPARATE_VALID,HTML_MISLABELED_XLSX,لخزر.zip!لخزر_۱۳۹۸_۱۲_۲۹_separate_ن-۱۰_صورت‌های مالی سال مالی منتهی به ۱۳۹۸_۱۲_۲۹ (حسابرسی شده).xlsx,AUDITOR_REPORT_ABSENT_FROM_PAYLOAD,CODAL auditor report (گزارش حسابرس مستقل) for this ticker|fiscal_year
لخزر|1398,لخزر,1398,auditor_report_date,MATCHED_SEPARATE_VALID,HTML_MISLABELED_XLSX,لخزر.zip!لخزر_۱۳۹۸_۱۲_۲۹_separate_ن-۱۰_صورت‌های مالی سال مالی منتهی به ۱۳۹۸_۱۲_۲۹ (حسابرسی شده).xlsx,AUDITOR_REPORT_ABSENT_FROM_PAYLOAD,CODAL auditor report (گزارش حسابرس مستقل) for this ticker|fiscal_year
لخزر|1399,لخزر,1399,fiscal_year_end,ONLY_CONSOLIDATED_AVAILABLE,,,ONLY_CONSOLIDATED_AVAILABLE,CODAL separate audited financial statements + auditor report
لخزر|1399,لخزر,1399,auditor_opinion_type,ONLY_CONSOLIDATED_AVAILABLE,,,ONLY_CONSOLIDATED_AVAILABLE,CODAL separate audited financial statements + auditor report
لخزر|1399,لخزر,1399,auditor_report_date,ONLY_CONSOLIDATED_AVAILABLE,,,ONLY_CONSOLIDATED_AVAILABLE,CODAL separate audited financial statements + auditor report
لخزر|1400,لخزر,1400,fiscal_year_end,ONLY_CONSOLIDATED_AVAILABLE,,,ONLY_CONSOLIDATED_AVAILABLE,CODAL separate audited financial statements + auditor report
لخزر|1400,لخزر,1400,auditor_opinion_type,ONLY_CONSOLIDATED_AVAILABLE,,,ONLY_CONSOLIDATED_AVAILABLE,CODAL separate audited financial statements + auditor report
لخزر|1400,لخزر,1400,auditor_report_date,ONLY_CONSOLIDATED_AVAILABLE,,,ONLY_CONSOLIDATED_AVAILABLE,CODAL separate audited financial statements + auditor report
لخزر|1401,لخزر,1401,fiscal_year_end,ONLY_CONSOLIDATED_AVAILABLE,,,ONLY_CONSOLIDATED_AVAILABLE,CODAL separate audited financial statements + auditor report
لخزر|1401,لخزر,1401,auditor_opinion_type,ONLY_CONSOLIDATED_AVAILABLE,,,ONLY_CONSOLIDATED_AVAILABLE,CODAL separate audited financial statements + auditor report
لخزر|1401,لخزر,1401,auditor_report_date,ONLY_CONSOLIDATED_AVAILABLE,,,ONLY_CONSOLIDATED_AVAILABLE,CODAL separate audited financial statements + auditor report
لخزر|1402,لخزر,1402,fiscal_year_end,ONLY_CONSOLIDATED_AVAILABLE,,,ONLY_CONSOLIDATED_AVAILABLE,CODAL separate audited financial statements + auditor report
لخزر|1402,لخزر,1402,auditor_opinion_type,ONLY_CONSOLIDATED_AVAILABLE,,,ONLY_CONSOLIDATED_AVAILABLE,CODAL separate audited financial statements + auditor report
لخزر|1402,لخزر,1402,auditor_report_date,ONLY_CONSOLIDATED_AVAILABLE,,,ONLY_CONSOLIDATED_AVAILABLE,CODAL separate audited financial statements + auditor report
نوری|1397,نوری,1397,auditor_opinion_type,MATCHED_SEPARATE_VALID,HTML_MISLABELED_XLSX,نوري.zip!نوري_۱۳۹۷_۱۲_۲۹_separate_ن-۱۰_صورت‌های مالی سال مالی منتهی به ۱۳۹۷_۱۲_۲۹ (حسابرسی شده).xlsx,AUDITOR_REPORT_ABSENT_FROM_PAYLOAD,CODAL auditor report (گزارش حسابرس مستقل) for this ticker|fiscal_year
نوری|1397,نوری,1397,auditor_report_date,MATCHED_SEPARATE_VALID,HTML_MISLABELED_XLSX,نوري.zip!نوري_۱۳۹۷_۱۲_۲۹_separate_ن-۱۰_صورت‌های مالی سال مالی منتهی به ۱۳۹۷_۱۲_۲۹ (حسابرسی شده).xlsx,AUDITOR_REPORT_ABSENT_FROM_PAYLOAD,CODAL auditor report (گزارش حسابرس مستقل) for this ticker|fiscal_year
نوری|1398,نوری,1398,auditor_opinion_type,MATCHED_SEPARATE_VALID,HTML_MISLABELED_XLSX,نوري.zip!نوري_۱۳۹۸_۱۲_۲۹_separate_ن-۱۰_صورت‌های مالی سال مالی منتهی به ۱۳۹۸_۱۲_۲۹ (حسابرسی شده).xlsx,AUDITOR_REPORT_ABSENT_FROM_PAYLOAD,CODAL auditor report (گزارش حسابرس مستقل) for this ticker|fiscal_year
نوری|1398,نوری,1398,auditor_report_date,MATCHED_SEPARATE_VALID,HTML_MISLABELED_XLSX,نوري.zip!نوري_۱۳۹۸_۱۲_۲۹_separate_ن-۱۰_صورت‌های مالی سال مالی منتهی به ۱۳۹۸_۱۲_۲۹ (حسابرسی شده).xlsx,AUDITOR_REPORT_ABSENT_FROM_PAYLOAD,CODAL auditor report (گزارش حسابرس مستقل) for this ticker|fiscal_year
نوری|1399,نوری,1399,fiscal_year_end,ONLY_CONSOLIDATED_AVAILABLE,,,ONLY_CONSOLIDATED_AVAILABLE,CODAL separate audited financial statements + auditor report
نوری|1399,نوری,1399,auditor_opinion_type,ONLY_CONSOLIDATED_AVAILABLE,,,ONLY_CONSOLIDATED_AVAILABLE,CODAL separate audited financial statements + auditor report
نوری|1399,نوری,1399,auditor_report_date,ONLY_CONSOLIDATED_AVAILABLE,,,ONLY_CONSOLIDATED_AVAILABLE,CODAL separate audited financial statements + auditor report
نوری|1400,نوری,1400,fiscal_year_end,ONLY_CONSOLIDATED_AVAILABLE,,,ONLY_CONSOLIDATED_AVAILABLE,CODAL separate audited financial statements + auditor report
نوری|1400,نوری,1400,auditor_opinion_type,ONLY_CONSOLIDATED_AVAILABLE,,,ONLY_CONSOLIDATED_AVAILABLE,CODAL separate audited financial statements + auditor report
نوری|1400,نوری,1400,auditor_report_date,ONLY_CONSOLIDATED_AVAILABLE,,,ONLY_CONSOLIDATED_AVAILABLE,CODAL separate audited financial statements + auditor report
نوری|1401,نوری,1401,fiscal_year_end,ONLY_CONSOLIDATED_AVAILABLE,,,ONLY_CONSOLIDATED_AVAILABLE,CODAL separate audited financial statements + auditor report
نوری|1401,نوری,1401,auditor_opinion_type,ONLY_CONSOLIDATED_AVAILABLE,,,ONLY_CONSOLIDATED_AVAILABLE,CODAL separate audited financial statements + auditor report
نوری|1401,نوری,1401,auditor_report_date,ONLY_CONSOLIDATED_AVAILABLE,,,ONLY_CONSOLIDATED_AVAILABLE,CODAL separate audited financial statements + auditor report
نوری|1402,نوری,1402,fiscal_year_end,ONLY_CONSOLIDATED_AVAILABLE,,,ONLY_CONSOLIDATED_AVAILABLE,CODAL separate audited financial statements + auditor report
نوری|1402,نوری,1402,auditor_opinion_type,ONLY_CONSOLIDATED_AVAILABLE,,,ONLY_CONSOLIDATED_AVAILABLE,CODAL separate audited financial statements + auditor report
نوری|1402,نوری,1402,auditor_report_date,ONLY_CONSOLIDATED_AVAILABLE,,,ONLY_CONSOLIDATED_AVAILABLE,CODAL separate audited financial statements + auditor report
پرداخت|1394,پرداخت,1394,fiscal_year_end,NO_ARCHIVE_MATCH,,,NO_ARCHIVE_MATCH,CODAL separate audited financial statements + auditor report
پرداخت|1394,پرداخت,1394,auditor_opinion_type,NO_ARCHIVE_MATCH,,,NO_ARCHIVE_MATCH,CODAL separate audited financial statements + auditor report
پرداخت|1394,پرداخت,1394,auditor_report_date,NO_ARCHIVE_MATCH,,,NO_ARCHIVE_MATCH,CODAL separate audited financial statements + auditor report
پرداخت|1397,پرداخت,1397,auditor_opinion_type,MATCHED_SEPARATE_VALID,HTML_MISLABELED_XLSX,پرداخت.zip!پرداخت_۱۳۹۷_۱۲_۲۹_separate_ن-۱۰_صورت‌های مالی سال مالی منتهی به ۱۳۹۷_۱۲_۲۹ (حسابرسی شده).xlsx,AUDITOR_REPORT_ABSENT_FROM_PAYLOAD,CODAL auditor report (گزارش حسابرس مستقل) for this ticker|fiscal_year
پرداخت|1397,پرداخت,1397,auditor_report_date,MATCHED_SEPARATE_VALID,HTML_MISLABELED_XLSX,پرداخت.zip!پرداخت_۱۳۹۷_۱۲_۲۹_separate_ن-۱۰_صورت‌های مالی سال مالی منتهی به ۱۳۹۷_۱۲_۲۹ (حسابرسی شده).xlsx,AUDITOR_REPORT_ABSENT_FROM_PAYLOAD,CODAL auditor report (گزارش حسابرس مستقل) for this ticker|fiscal_year
پرداخت|1398,پرداخت,1398,auditor_opinion_type,MATCHED_SEPARATE_VALID,HTML_MISLABELED_XLSX,پرداخت.zip!پرداخت_۱۳۹۸_۱۲_۲۹_separate_ن-۱۰_صورت‌های مالی سال مالی منتهی به ۱۳۹۸_۱۲_۲۹ (حسابرسی شده).xlsx,AUDITOR_REPORT_ABSENT_FROM_PAYLOAD,CODAL auditor report (گزارش حسابرس مستقل) for this ticker|fiscal_year
پرداخت|1398,پرداخت,1398,auditor_report_date,MATCHED_SEPARATE_VALID,HTML_MISLABELED_XLSX,پرداخت.zip!پرداخت_۱۳۹۸_۱۲_۲۹_separate_ن-۱۰_صورت‌های مالی سال مالی منتهی به ۱۳۹۸_۱۲_۲۹ (حسابرسی شده).xlsx,AUDITOR_REPORT_ABSENT_FROM_PAYLOAD,CODAL auditor report (گزارش حسابرس مستقل) for this ticker|fiscal_year
پرداخت|1399,پرداخت,1399,auditor_opinion_type,MATCHED_SEPARATE_VALID,HTML_MISLABELED_XLSX,پرداخت.zip!پرداخت_۱۳۹۹_۱۲_۳۰_separate_ن-۱۰_صورت‌های مالی سال مالی منتهی به ۱۳۹۹_۱۲_۳۰ (حسابرسی شده).xlsx,AUDITOR_REPORT_ABSENT_FROM_PAYLOAD,CODAL auditor report (گزارش حسابرس مستقل) for this ticker|fiscal_year
پرداخت|1399,پرداخت,1399,auditor_report_date,MATCHED_SEPARATE_VALID,HTML_MISLABELED_XLSX,پرداخت.zip!پرداخت_۱۳۹۹_۱۲_۳۰_separate_ن-۱۰_صورت‌های مالی سال مالی منتهی به ۱۳۹۹_۱۲_۳۰ (حسابرسی شده).xlsx,AUDITOR_REPORT_ABSENT_FROM_PAYLOAD,CODAL auditor report (گزارش حسابرس مستقل) for this ticker|fiscal_year
پرداخت|1400,پرداخت,1400,auditor_opinion_type,MATCHED_SEPARATE_VALID,HTML_MISLABELED_XLSX,پرداخت.zip!پرداخت_۱۴۰۰_۱۲_۲۹_separate_ن-۱۰_صورت‌های مالی سال مالی منتهی به ۱۴۰۰_۱۲_۲۹ (حسابرسی شده).xlsx,AUDITOR_REPORT_ABSENT_FROM_PAYLOAD,CODAL auditor report (گزارش حسابرس مستقل) for this ticker|fiscal_year
پرداخت|1400,پرداخت,1400,auditor_report_date,MATCHED_SEPARATE_VALID,HTML_MISLABELED_XLSX,پرداخت.zip!پرداخت_۱۴۰۰_۱۲_۲۹_separate_ن-۱۰_صورت‌های مالی سال مالی منتهی به ۱۴۰۰_۱۲_۲۹ (حسابرسی شده).xlsx,AUDITOR_REPORT_ABSENT_FROM_PAYLOAD,CODAL auditor report (گزارش حسابرس مستقل) for this ticker|fiscal_year
پرداخت|1401,پرداخت,1401,fiscal_year_end,NO_ARCHIVE_MATCH,,,NO_ARCHIVE_MATCH,CODAL separate audited financial statements + auditor report
پرداخت|1401,پرداخت,1401,auditor_opinion_type,NO_ARCHIVE_MATCH,,,NO_ARCHIVE_MATCH,CODAL separate audited financial statements + auditor report
پرداخت|1401,پرداخت,1401,auditor_report_date,NO_ARCHIVE_MATCH,,,NO_ARCHIVE_MATCH,CODAL separate audited financial statements + auditor report
پرداخت|1402,پرداخت,1402,auditor_opinion_type,MATCHED_SEPARATE_CORRECTION_SELECTED,HTML_MISLABELED_XLSX,پرداخت.zip!پرداخت_۱۴۰۲_۰۹_۳۰_separate_ن-۱۰_صورت‌های مالی سال مالی منتهی به ۱۴۰۲_۰۹_۳۰ (حسابرسی شده)(اصلاحیه).xlsx,AUDITOR_REPORT_ABSENT_FROM_PAYLOAD,CODAL auditor report (گزارش حسابرس مستقل) for this ticker|fiscal_year
پرداخت|1402,پرداخت,1402,auditor_report_date,MATCHED_SEPARATE_CORRECTION_SELECTED,HTML_MISLABELED_XLSX,پرداخت.zip!پرداخت_۱۴۰۲_۰۹_۳۰_separate_ن-۱۰_صورت‌های مالی سال مالی منتهی به ۱۴۰۲_۰۹_۳۰ (حسابرسی شده)(اصلاحیه).xlsx,AUDITOR_REPORT_ABSENT_FROM_PAYLOAD,CODAL auditor report (گزارش حسابرس مستقل) for this ticker|fiscal_year
پارس|1397,پارس,1397,auditor_opinion_type,MATCHED_SEPARATE_VALID,HTML_MISLABELED_XLSX,پارس.zip!پارس_۱۳۹۷_۱۲_۲۹_separate_ن-۱۰_صورت‌های مالی سال مالی منتهی به ۱۳۹۷_۱۲_۲۹ (حسابرسی شده).xlsx,AUDITOR_REPORT_ABSENT_FROM_PAYLOAD,CODAL auditor report (گزارش حسابرس مستقل) for this ticker|fiscal_year
پارس|1397,پارس,1397,auditor_report_date,MATCHED_SEPARATE_VALID,HTML_MISLABELED_XLSX,پارس.zip!پارس_۱۳۹۷_۱۲_۲۹_separate_ن-۱۰_صورت‌های مالی سال مالی منتهی به ۱۳۹۷_۱۲_۲۹ (حسابرسی شده).xlsx,AUDITOR_REPORT_ABSENT_FROM_PAYLOAD,CODAL auditor report (گزارش حسابرس مستقل) for this ticker|fiscal_year
پارس|1398,پارس,1398,auditor_opinion_type,MATCHED_SEPARATE_VALID,HTML_MISLABELED_XLSX,پارس.zip!پارس_۱۳۹۸_۱۲_۲۹_separate_ن-۱۰_صورت‌های مالی سال مالی منتهی به ۱۳۹۸_۱۲_۲۹ (حسابرسی شده).xlsx,AUDITOR_REPORT_ABSENT_FROM_PAYLOAD,CODAL auditor report (گزارش حسابرس مستقل) for this ticker|fiscal_year
پارس|1398,پارس,1398,auditor_report_date,MATCHED_SEPARATE_VALID,HTML_MISLABELED_XLSX,پارس.zip!پارس_۱۳۹۸_۱۲_۲۹_separate_ن-۱۰_صورت‌های مالی سال مالی منتهی به ۱۳۹۸_۱۲_۲۹ (حسابرسی شده).xlsx,AUDITOR_REPORT_ABSENT_FROM_PAYLOAD,CODAL auditor report (گزارش حسابرس مستقل) for this ticker|fiscal_year
پارس|1399,پارس,1399,auditor_opinion_type,MATCHED_SEPARATE_VALID,HTML_MISLABELED_XLSX,پارس.zip!پارس_۱۳۹۹_۱۲_۳۰_separate_ن-۱۰_صورت‌های مالی سال مالی منتهی به ۱۳۹۹_۱۲_۳۰ (حسابرسی شده).xlsx,AUDITOR_REPORT_ABSENT_FROM_PAYLOAD,CODAL auditor report (گزارش حسابرس مستقل) for this ticker|fiscal_year
پارس|1399,پارس,1399,auditor_report_date,MATCHED_SEPARATE_VALID,HTML_MISLABELED_XLSX,پارس.zip!پارس_۱۳۹۹_۱۲_۳۰_separate_ن-۱۰_صورت‌های مالی سال مالی منتهی به ۱۳۹۹_۱۲_۳۰ (حسابرسی شده).xlsx,AUDITOR_REPORT_ABSENT_FROM_PAYLOAD,CODAL auditor report (گزارش حسابرس مستقل) for this ticker|fiscal_year
پارس|1400,پارس,1400,auditor_opinion_type,MATCHED_SEPARATE_VALID,HTML_MISLABELED_XLSX,پارس.zip!پارس_۱۴۰۰_۱۲_۲۹_separate_ن-۱۰_صورت‌های مالی سال مالی منتهی به ۱۴۰۰_۱۲_۲۹ (حسابرسی شده).xlsx,AUDITOR_REPORT_ABSENT_FROM_PAYLOAD,CODAL auditor report (گزارش حسابرس مستقل) for this ticker|fiscal_year
پارس|1400,پارس,1400,auditor_report_date,MATCHED_SEPARATE_VALID,HTML_MISLABELED_XLSX,پارس.zip!پارس_۱۴۰۰_۱۲_۲۹_separate_ن-۱۰_صورت‌های مالی سال مالی منتهی به ۱۴۰۰_۱۲_۲۹ (حسابرسی شده).xlsx,AUDITOR_REPORT_ABSENT_FROM_PAYLOAD,CODAL auditor report (گزارش حسابرس مستقل) for this ticker|fiscal_year
پارس|1401,پارس,1401,auditor_opinion_type,MATCHED_SEPARATE_VALID,HTML_MISLABELED_XLSX,پارس.zip!پارس_۱۴۰۱_۱۲_۲۹_separate_ن-۱۰_صورت‌های مالی سال مالی منتهی به ۱۴۰۱_۱۲_۲۹ (حسابرسی شده).xlsx,AUDITOR_REPORT_ABSENT_FROM_PAYLOAD,CODAL auditor report (گزارش حسابرس مستقل) for this ticker|fiscal_year
پارس|1401,پارس,1401,auditor_report_date,MATCHED_SEPARATE_VALID,HTML_MISLABELED_XLSX,پارس.zip!پارس_۱۴۰۱_۱۲_۲۹_separate_ن-۱۰_صورت‌های مالی سال مالی منتهی به ۱۴۰۱_۱۲_۲۹ (حسابرسی شده).xlsx,AUDITOR_REPORT_ABSENT_FROM_PAYLOAD,CODAL auditor report (گزارش حسابرس مستقل) for this ticker|fiscal_year
پارس|1402,پارس,1402,auditor_opinion_type,MATCHED_SEPARATE_VALID,HTML_MISLABELED_XLSX,پارس.zip!پارس_۱۴۰۲_۱۲_۲۹_separate_ن-۱۰_صورت‌های مالی سال مالی منتهی به ۱۴۰۲_۱۲_۲۹ (حسابرسی شده).xlsx,AUDITOR_REPORT_ABSENT_FROM_PAYLOAD,CODAL auditor report (گزارش حسابرس مستقل) for this ticker|fiscal_year
پارس|1402,پارس,1402,auditor_report_date,MATCHED_SEPARATE_VALID,HTML_MISLABELED_XLSX,پارس.zip!پارس_۱۴۰۲_۱۲_۲۹_separate_ن-۱۰_صورت‌های مالی سال مالی منتهی به ۱۴۰۲_۱۲_۲۹ (حسابرسی شده).xlsx,AUDITOR_REPORT_ABSENT_FROM_PAYLOAD,CODAL auditor report (گزارش حسابرس مستقل) for this ticker|fiscal_year
پدرخش|1397,پدرخش,1397,auditor_opinion_type,MATCHED_SEPARATE_VALID,HTML_MISLABELED_XLSX,پدرخش.zip!پدرخش_۱۳۹۷_۱۲_۲۹_separate_ن-۱۰_صورت‌های مالی سال مالی منتهی به ۱۳۹۷_۱۲_۲۹ (حسابرسی شده).xlsx,AUDITOR_REPORT_ABSENT_FROM_PAYLOAD,CODAL auditor report (گزارش حسابرس مستقل) for this ticker|fiscal_year
پدرخش|1397,پدرخش,1397,auditor_report_date,MATCHED_SEPARATE_VALID,HTML_MISLABELED_XLSX,پدرخش.zip!پدرخش_۱۳۹۷_۱۲_۲۹_separate_ن-۱۰_صورت‌های مالی سال مالی منتهی به ۱۳۹۷_۱۲_۲۹ (حسابرسی شده).xlsx,AUDITOR_REPORT_ABSENT_FROM_PAYLOAD,CODAL auditor report (گزارش حسابرس مستقل) for this ticker|fiscal_year
پدرخش|1398,پدرخش,1398,auditor_opinion_type,MATCHED_SEPARATE_VALID,HTML_MISLABELED_XLSX,پدرخش.zip!پدرخش_۱۳۹۸_۱۲_۲۹_separate_ن-۱۰_صورت‌های مالی سال مالی منتهی به ۱۳۹۸_۱۲_۲۹ (حسابرسی شده).xlsx,AUDITOR_REPORT_ABSENT_FROM_PAYLOAD,CODAL auditor report (گزارش حسابرس مستقل) for this ticker|fiscal_year
پدرخش|1398,پدرخش,1398,auditor_report_date,MATCHED_SEPARATE_VALID,HTML_MISLABELED_XLSX,پدرخش.zip!پدرخش_۱۳۹۸_۱۲_۲۹_separate_ن-۱۰_صورت‌های مالی سال مالی منتهی به ۱۳۹۸_۱۲_۲۹ (حسابرسی شده).xlsx,AUDITOR_REPORT_ABSENT_FROM_PAYLOAD,CODAL auditor report (گزارش حسابرس مستقل) for this ticker|fiscal_year
پدرخش|1399,پدرخش,1399,auditor_opinion_type,MATCHED_SEPARATE_VALID,HTML_MISLABELED_XLSX,پدرخش.zip!پدرخش_۱۳۹۹_۱۲_۳۰_separate_ن-۱۰_صورت‌های مالی سال مالی منتهی به ۱۳۹۹_۱۲_۳۰ (حسابرسی شده).xlsx,AUDITOR_REPORT_ABSENT_FROM_PAYLOAD,CODAL auditor report (گزارش حسابرس مستقل) for this ticker|fiscal_year
پدرخش|1399,پدرخش,1399,auditor_report_date,MATCHED_SEPARATE_VALID,HTML_MISLABELED_XLSX,پدرخش.zip!پدرخش_۱۳۹۹_۱۲_۳۰_separate_ن-۱۰_صورت‌های مالی سال مالی منتهی به ۱۳۹۹_۱۲_۳۰ (حسابرسی شده).xlsx,AUDITOR_REPORT_ABSENT_FROM_PAYLOAD,CODAL auditor report (گزارش حسابرس مستقل) for this ticker|fiscal_year
پدرخش|1400,پدرخش,1400,auditor_opinion_type,MATCHED_SEPARATE_VALID,HTML_MISLABELED_XLSX,پدرخش.zip!پدرخش_۱۴۰۰_۱۲_۲۹_separate_ن-۱۰_صورت‌های مالی سال مالی منتهی به ۱۴۰۰_۱۲_۲۹ (حسابرسی شده).xlsx,AUDITOR_REPORT_ABSENT_FROM_PAYLOAD,CODAL auditor report (گزارش حسابرس مستقل) for this ticker|fiscal_year
پدرخش|1400,پدرخش,1400,auditor_report_date,MATCHED_SEPARATE_VALID,HTML_MISLABELED_XLSX,پدرخش.zip!پدرخش_۱۴۰۰_۱۲_۲۹_separate_ن-۱۰_صورت‌های مالی سال مالی منتهی به ۱۴۰۰_۱۲_۲۹ (حسابرسی شده).xlsx,AUDITOR_REPORT_ABSENT_FROM_PAYLOAD,CODAL auditor report (گزارش حسابرس مستقل) for this ticker|fiscal_year
پدرخش|1401,پدرخش,1401,auditor_opinion_type,MATCHED_SEPARATE_VALID,HTML_MISLABELED_XLSX,پدرخش.zip!پدرخش_۱۴۰۱_۱۲_۲۹_separate_ن-۱۰_صورت‌های مالی سال مالی منتهی به ۱۴۰۱_۱۲_۲۹ (حسابرسی شده).xlsx,AUDITOR_REPORT_ABSENT_FROM_PAYLOAD,CODAL auditor report (گزارش حسابرس مستقل) for this ticker|fiscal_year
پدرخش|1401,پدرخش,1401,auditor_report_date,MATCHED_SEPARATE_VALID,HTML_MISLABELED_XLSX,پدرخش.zip!پدرخش_۱۴۰۱_۱۲_۲۹_separate_ن-۱۰_صورت‌های مالی سال مالی منتهی به ۱۴۰۱_۱۲_۲۹ (حسابرسی شده).xlsx,AUDITOR_REPORT_ABSENT_FROM_PAYLOAD,CODAL auditor report (گزارش حسابرس مستقل) for this ticker|fiscal_year
پدرخش|1402,پدرخش,1402,auditor_opinion_type,MATCHED_SEPARATE_VALID,HTML_MISLABELED_XLSX,پدرخش.zip!پدرخش_۱۴۰۲_۱۲_۲۹_separate_ن-۱۰_صورت‌های مالی سال مالی منتهی به ۱۴۰۲_۱۲_۲۹ (حسابرسی شده).xlsx,AUDITOR_REPORT_ABSENT_FROM_PAYLOAD,CODAL auditor report (گزارش حسابرس مستقل) for this ticker|fiscal_year
پدرخش|1402,پدرخش,1402,auditor_report_date,MATCHED_SEPARATE_VALID,HTML_MISLABELED_XLSX,پدرخش.zip!پدرخش_۱۴۰۲_۱۲_۲۹_separate_ن-۱۰_صورت‌های مالی سال مالی منتهی به ۱۴۰۲_۱۲_۲۹ (حسابرسی شده).xlsx,AUDITOR_REPORT_ABSENT_FROM_PAYLOAD,CODAL auditor report (گزارش حسابرس مستقل) for this ticker|fiscal_year
پی‌پاد|1395,پی‌پاد,1395,fiscal_year_end,NO_ARCHIVE_MATCH,,,NO_ARCHIVE_MATCH,CODAL separate audited financial statements + auditor report
پی‌پاد|1395,پی‌پاد,1395,auditor_opinion_type,NO_ARCHIVE_MATCH,,,NO_ARCHIVE_MATCH,CODAL separate audited financial statements + auditor report
پی‌پاد|1395,پی‌پاد,1395,auditor_report_date,NO_ARCHIVE_MATCH,,,NO_ARCHIVE_MATCH,CODAL separate audited financial statements + auditor report
پی‌پاد|1396,پی‌پاد,1396,auditor_opinion_type,MATCHED_SEPARATE_VALID,HTML_MISLABELED_XLSX,پي پاد.zip!پي پاد_۱۳۹۶_۱۲_۲۹_separate_ن-۱۰_صورت‌های مالی سال مالی منتهی به ۱۳۹۶_۱۲_۲۹ (حسابرسی شده).xlsx,AUDITOR_REPORT_ABSENT_FROM_PAYLOAD,CODAL auditor report (گزارش حسابرس مستقل) for this ticker|fiscal_year
پی‌پاد|1396,پی‌پاد,1396,auditor_report_date,MATCHED_SEPARATE_VALID,HTML_MISLABELED_XLSX,پي پاد.zip!پي پاد_۱۳۹۶_۱۲_۲۹_separate_ن-۱۰_صورت‌های مالی سال مالی منتهی به ۱۳۹۶_۱۲_۲۹ (حسابرسی شده).xlsx,AUDITOR_REPORT_ABSENT_FROM_PAYLOAD,CODAL auditor report (گزارش حسابرس مستقل) for this ticker|fiscal_year
پی‌پاد|1397,پی‌پاد,1397,auditor_opinion_type,MATCHED_SEPARATE_VALID,HTML_MISLABELED_XLSX,پي پاد.zip!پي پاد_۱۳۹۷_۱۲_۲۹_separate_ن-۱۰_صورت‌های مالی سال مالی منتهی به ۱۳۹۷_۱۲_۲۹ (حسابرسی شده).xlsx,AUDITOR_REPORT_ABSENT_FROM_PAYLOAD,CODAL auditor report (گزارش حسابرس مستقل) for this ticker|fiscal_year
پی‌پاد|1397,پی‌پاد,1397,auditor_report_date,MATCHED_SEPARATE_VALID,HTML_MISLABELED_XLSX,پي پاد.zip!پي پاد_۱۳۹۷_۱۲_۲۹_separate_ن-۱۰_صورت‌های مالی سال مالی منتهی به ۱۳۹۷_۱۲_۲۹ (حسابرسی شده).xlsx,AUDITOR_REPORT_ABSENT_FROM_PAYLOAD,CODAL auditor report (گزارش حسابرس مستقل) for this ticker|fiscal_year
پی‌پاد|1398,پی‌پاد,1398,auditor_opinion_type,MATCHED_SEPARATE_VALID,HTML_MISLABELED_XLSX,پي پاد.zip!پي پاد_۱۳۹۸_۱۲_۲۹_separate_ن-۱۰_صورت‌های مالی سال مالی منتهی به ۱۳۹۸_۱۲_۲۹ (حسابرسی شده).xlsx,AUDITOR_REPORT_ABSENT_FROM_PAYLOAD,CODAL auditor report (گزارش حسابرس مستقل) for this ticker|fiscal_year
پی‌پاد|1398,پی‌پاد,1398,auditor_report_date,MATCHED_SEPARATE_VALID,HTML_MISLABELED_XLSX,پي پاد.zip!پي پاد_۱۳۹۸_۱۲_۲۹_separate_ن-۱۰_صورت‌های مالی سال مالی منتهی به ۱۳۹۸_۱۲_۲۹ (حسابرسی شده).xlsx,AUDITOR_REPORT_ABSENT_FROM_PAYLOAD,CODAL auditor report (گزارش حسابرس مستقل) for this ticker|fiscal_year
پی‌پاد|1399,پی‌پاد,1399,auditor_opinion_type,MATCHED_SEPARATE_VALID,HTML_MISLABELED_XLSX,پي پاد.zip!پي پاد_۱۳۹۹_۱۲_۳۰_separate_ن-۱۰_صورت‌های مالی سال مالی منتهی به ۱۳۹۹_۱۲_۳۰ (حسابرسی شده).xlsx,AUDITOR_REPORT_ABSENT_FROM_PAYLOAD,CODAL auditor report (گزارش حسابرس مستقل) for this ticker|fiscal_year
پی‌پاد|1399,پی‌پاد,1399,auditor_report_date,MATCHED_SEPARATE_VALID,HTML_MISLABELED_XLSX,پي پاد.zip!پي پاد_۱۳۹۹_۱۲_۳۰_separate_ن-۱۰_صورت‌های مالی سال مالی منتهی به ۱۳۹۹_۱۲_۳۰ (حسابرسی شده).xlsx,AUDITOR_REPORT_ABSENT_FROM_PAYLOAD,CODAL auditor report (گزارش حسابرس مستقل) for this ticker|fiscal_year
پی‌پاد|1400,پی‌پاد,1400,auditor_opinion_type,MATCHED_SEPARATE_VALID,HTML_MISLABELED_XLSX,پي پاد.zip!پي پاد_۱۴۰۰_۱۲_۲۹_separate_ن-۱۰_صورت‌های مالی سال مالی منتهی به ۱۴۰۰_۱۲_۲۹ (حسابرسی شده).xlsx,AUDITOR_REPORT_ABSENT_FROM_PAYLOAD,CODAL auditor report (گزارش حسابرس مستقل) for this ticker|fiscal_year
پی‌پاد|1400,پی‌پاد,1400,auditor_report_date,MATCHED_SEPARATE_VALID,HTML_MISLABELED_XLSX,پي پاد.zip!پي پاد_۱۴۰۰_۱۲_۲۹_separate_ن-۱۰_صورت‌های مالی سال مالی منتهی به ۱۴۰۰_۱۲_۲۹ (حسابرسی شده).xlsx,AUDITOR_REPORT_ABSENT_FROM_PAYLOAD,CODAL auditor report (گزارش حسابرس مستقل) for this ticker|fiscal_year
پی‌پاد|1401,پی‌پاد,1401,fiscal_year_end,NO_ARCHIVE_MATCH,,,NO_ARCHIVE_MATCH,CODAL separate audited financial statements + auditor report
پی‌پاد|1401,پی‌پاد,1401,auditor_opinion_type,NO_ARCHIVE_MATCH,,,NO_ARCHIVE_MATCH,CODAL separate audited financial statements + auditor report
پی‌پاد|1401,پی‌پاد,1401,auditor_report_date,NO_ARCHIVE_MATCH,,,NO_ARCHIVE_MATCH,CODAL separate audited financial statements + auditor report
پی‌پاد|1402,پی‌پاد,1402,fiscal_year_end,ONLY_CONSOLIDATED_AVAILABLE,,,ONLY_CONSOLIDATED_AVAILABLE,CODAL separate audited financial statements + auditor report
پی‌پاد|1402,پی‌پاد,1402,auditor_opinion_type,ONLY_CONSOLIDATED_AVAILABLE,,,ONLY_CONSOLIDATED_AVAILABLE,CODAL separate audited financial statements + auditor report
پی‌پاد|1402,پی‌پاد,1402,auditor_report_date,ONLY_CONSOLIDATED_AVAILABLE,,,ONLY_CONSOLIDATED_AVAILABLE,CODAL separate audited financial statements + auditor report
پلاسک|1397,پلاسک,1397,auditor_opinion_type,MATCHED_SEPARATE_VALID,HTML_MISLABELED_XLSX,پلاسك.zip!پلاسك_۱۳۹۷_۱۲_۲۹_separate_ن-۱۰_صورت‌های مالی سال مالی منتهی به ۱۳۹۷_۱۲_۲۹ (حسابرسی شده).xlsx,AUDITOR_REPORT_ABSENT_FROM_PAYLOAD,CODAL auditor report (گزارش حسابرس مستقل) for this ticker|fiscal_year
پلاسک|1397,پلاسک,1397,auditor_report_date,MATCHED_SEPARATE_VALID,HTML_MISLABELED_XLSX,پلاسك.zip!پلاسك_۱۳۹۷_۱۲_۲۹_separate_ن-۱۰_صورت‌های مالی سال مالی منتهی به ۱۳۹۷_۱۲_۲۹ (حسابرسی شده).xlsx,AUDITOR_REPORT_ABSENT_FROM_PAYLOAD,CODAL auditor report (گزارش حسابرس مستقل) for this ticker|fiscal_year
پلاسک|1398,پلاسک,1398,auditor_opinion_type,MATCHED_SEPARATE_VALID,HTML_MISLABELED_XLSX,پلاسك.zip!پلاسك_۱۳۹۸_۱۲_۲۹_separate_ن-۱۰_صورت‌های مالی سال مالی منتهی به ۱۳۹۸_۱۲_۲۹ (حسابرسی شده).xlsx,AUDITOR_REPORT_ABSENT_FROM_PAYLOAD,CODAL auditor report (گزارش حسابرس مستقل) for this ticker|fiscal_year
پلاسک|1398,پلاسک,1398,auditor_report_date,MATCHED_SEPARATE_VALID,HTML_MISLABELED_XLSX,پلاسك.zip!پلاسك_۱۳۹۸_۱۲_۲۹_separate_ن-۱۰_صورت‌های مالی سال مالی منتهی به ۱۳۹۸_۱۲_۲۹ (حسابرسی شده).xlsx,AUDITOR_REPORT_ABSENT_FROM_PAYLOAD,CODAL auditor report (گزارش حسابرس مستقل) for this ticker|fiscal_year
پلاسک|1399,پلاسک,1399,auditor_opinion_type,MATCHED_SEPARATE_VALID,HTML_MISLABELED_XLSX,پلاسك.zip!پلاسك_۱۳۹۹_۱۲_۳۰_separate_ن-۱۰_صورت‌های مالی سال مالی منتهی به ۱۳۹۹_۱۲_۳۰ (حسابرسی شده).xlsx,AUDITOR_REPORT_ABSENT_FROM_PAYLOAD,CODAL auditor report (گزارش حسابرس مستقل) for this ticker|fiscal_year
پلاسک|1399,پلاسک,1399,auditor_report_date,MATCHED_SEPARATE_VALID,HTML_MISLABELED_XLSX,پلاسك.zip!پلاسك_۱۳۹۹_۱۲_۳۰_separate_ن-۱۰_صورت‌های مالی سال مالی منتهی به ۱۳۹۹_۱۲_۳۰ (حسابرسی شده).xlsx,AUDITOR_REPORT_ABSENT_FROM_PAYLOAD,CODAL auditor report (گزارش حسابرس مستقل) for this ticker|fiscal_year
پلاسک|1400,پلاسک,1400,auditor_opinion_type,MATCHED_SEPARATE_VALID,HTML_MISLABELED_XLSX,پلاسك.zip!پلاسك_۱۴۰۰_۱۲_۲۹_separate_ن-۱۰_صورت‌های مالی سال مالی منتهی به ۱۴۰۰_۱۲_۲۹ (حسابرسی شده).xlsx,AUDITOR_REPORT_ABSENT_FROM_PAYLOAD,CODAL auditor report (گزارش حسابرس مستقل) for this ticker|fiscal_year
پلاسک|1400,پلاسک,1400,auditor_report_date,MATCHED_SEPARATE_VALID,HTML_MISLABELED_XLSX,پلاسك.zip!پلاسك_۱۴۰۰_۱۲_۲۹_separate_ن-۱۰_صورت‌های مالی سال مالی منتهی به ۱۴۰۰_۱۲_۲۹ (حسابرسی شده).xlsx,AUDITOR_REPORT_ABSENT_FROM_PAYLOAD,CODAL auditor report (گزارش حسابرس مستقل) for this ticker|fiscal_year
پلاسک|1401,پلاسک,1401,auditor_opinion_type,MATCHED_SEPARATE_VALID,HTML_MISLABELED_XLSX,پلاسك.zip!پلاسك_۱۴۰۱_۱۲_۲۹_separate_ن-۱۰_صورت‌های مالی سال مالی منتهی به ۱۴۰۱_۱۲_۲۹ (حسابرسی شده).xlsx,AUDITOR_REPORT_ABSENT_FROM_PAYLOAD,CODAL auditor report (گزارش حسابرس مستقل) for this ticker|fiscal_year
پلاسک|1401,پلاسک,1401,auditor_report_date,MATCHED_SEPARATE_VALID,HTML_MISLABELED_XLSX,پلاسك.zip!پلاسك_۱۴۰۱_۱۲_۲۹_separate_ن-۱۰_صورت‌های مالی سال مالی منتهی به ۱۴۰۱_۱۲_۲۹ (حسابرسی شده).xlsx,AUDITOR_REPORT_ABSENT_FROM_PAYLOAD,CODAL auditor report (گزارش حسابرس مستقل) for this ticker|fiscal_year
پلاسک|1402,پلاسک,1402,auditor_opinion_type,MATCHED_SEPARATE_VALID,HTML_MISLABELED_XLSX,پلاسك.zip!پلاسك_۱۴۰۲_۱۲_۲۹_separate_ن-۱۰_صورت‌های مالی سال مالی منتهی به ۱۴۰۲_۱۲_۲۹ (حسابرسی شده).xlsx,AUDITOR_REPORT_ABSENT_FROM_PAYLOAD,CODAL auditor report (گزارش حسابرس مستقل) for this ticker|fiscal_year
پلاسک|1402,پلاسک,1402,auditor_report_date,MATCHED_SEPARATE_VALID,HTML_MISLABELED_XLSX,پلاسك.zip!پلاسك_۱۴۰۲_۱۲_۲۹_separate_ن-۱۰_صورت‌های مالی سال مالی منتهی به ۱۴۰۲_۱۲_۲۹ (حسابرسی شده).xlsx,AUDITOR_REPORT_ABSENT_FROM_PAYLOAD,CODAL auditor report (گزارش حسابرس مستقل) for this ticker|fiscal_year
رمپنا|1395,رمپنا,1395,fiscal_year_end,ONLY_CONSOLIDATED_AVAILABLE,,,ONLY_CONSOLIDATED_AVAILABLE,CODAL separate audited financial statements + auditor report
رمپنا|1395,رمپنا,1395,auditor_opinion_type,ONLY_CONSOLIDATED_AVAILABLE,,,ONLY_CONSOLIDATED_AVAILABLE,CODAL separate audited financial statements + auditor report
رمپنا|1395,رمپنا,1395,auditor_report_date,ONLY_CONSOLIDATED_AVAILABLE,,,ONLY_CONSOLIDATED_AVAILABLE,CODAL separate audited financial statements + auditor report
رمپنا|1396,رمپنا,1396,fiscal_year_end,ONLY_CONSOLIDATED_AVAILABLE,,,ONLY_CONSOLIDATED_AVAILABLE,CODAL separate audited financial statements + auditor report
رمپنا|1396,رمپنا,1396,auditor_opinion_type,ONLY_CONSOLIDATED_AVAILABLE,,,ONLY_CONSOLIDATED_AVAILABLE,CODAL separate audited financial statements + auditor report
رمپنا|1396,رمپنا,1396,auditor_report_date,ONLY_CONSOLIDATED_AVAILABLE,,,ONLY_CONSOLIDATED_AVAILABLE,CODAL separate audited financial statements + auditor report
رمپنا|1397,رمپنا,1397,fiscal_year_end,NO_ARCHIVE_MATCH,,,NO_ARCHIVE_MATCH,CODAL separate audited financial statements + auditor report
رمپنا|1397,رمپنا,1397,auditor_opinion_type,NO_ARCHIVE_MATCH,,,NO_ARCHIVE_MATCH,CODAL separate audited financial statements + auditor report
رمپنا|1397,رمپنا,1397,auditor_report_date,NO_ARCHIVE_MATCH,,,NO_ARCHIVE_MATCH,CODAL separate audited financial statements + auditor report
رمپنا|1398,رمپنا,1398,fiscal_year_end,ONLY_CONSOLIDATED_AVAILABLE,,,ONLY_CONSOLIDATED_AVAILABLE,CODAL separate audited financial statements + auditor report
رمپنا|1398,رمپنا,1398,auditor_opinion_type,ONLY_CONSOLIDATED_AVAILABLE,,,ONLY_CONSOLIDATED_AVAILABLE,CODAL separate audited financial statements + auditor report
رمپنا|1398,رمپنا,1398,auditor_report_date,ONLY_CONSOLIDATED_AVAILABLE,,,ONLY_CONSOLIDATED_AVAILABLE,CODAL separate audited financial statements + auditor report
رمپنا|1399,رمپنا,1399,fiscal_year_end,ONLY_CONSOLIDATED_AVAILABLE,,,ONLY_CONSOLIDATED_AVAILABLE,CODAL separate audited financial statements + auditor report
رمپنا|1399,رمپنا,1399,auditor_opinion_type,ONLY_CONSOLIDATED_AVAILABLE,,,ONLY_CONSOLIDATED_AVAILABLE,CODAL separate audited financial statements + auditor report
رمپنا|1399,رمپنا,1399,auditor_report_date,ONLY_CONSOLIDATED_AVAILABLE,,,ONLY_CONSOLIDATED_AVAILABLE,CODAL separate audited financial statements + auditor report
رمپنا|1400,رمپنا,1400,fiscal_year_end,ONLY_CONSOLIDATED_AVAILABLE,,,ONLY_CONSOLIDATED_AVAILABLE,CODAL separate audited financial statements + auditor report
رمپنا|1400,رمپنا,1400,auditor_opinion_type,ONLY_CONSOLIDATED_AVAILABLE,,,ONLY_CONSOLIDATED_AVAILABLE,CODAL separate audited financial statements + auditor report
رمپنا|1400,رمپنا,1400,auditor_report_date,ONLY_CONSOLIDATED_AVAILABLE,,,ONLY_CONSOLIDATED_AVAILABLE,CODAL separate audited financial statements + auditor report
رمپنا|1401,رمپنا,1401,fiscal_year_end,ONLY_CONSOLIDATED_AVAILABLE,,,ONLY_CONSOLIDATED_AVAILABLE,CODAL separate audited financial statements + auditor report
رمپنا|1401,رمپنا,1401,auditor_opinion_type,ONLY_CONSOLIDATED_AVAILABLE,,,ONLY_CONSOLIDATED_AVAILABLE,CODAL separate audited financial statements + auditor report
رمپنا|1401,رمپنا,1401,auditor_report_date,ONLY_CONSOLIDATED_AVAILABLE,,,ONLY_CONSOLIDATED_AVAILABLE,CODAL separate audited financial statements + auditor report
رانفور|1396,رانفور,1396,fiscal_year_end,ONLY_CONSOLIDATED_AVAILABLE,,,ONLY_CONSOLIDATED_AVAILABLE,CODAL separate audited financial statements + auditor report
رانفور|1396,رانفور,1396,auditor_opinion_type,ONLY_CONSOLIDATED_AVAILABLE,,,ONLY_CONSOLIDATED_AVAILABLE,CODAL separate audited financial statements + auditor report
رانفور|1396,رانفور,1396,auditor_report_date,ONLY_CONSOLIDATED_AVAILABLE,,,ONLY_CONSOLIDATED_AVAILABLE,CODAL separate audited financial statements + auditor report
رانفور|1397,رانفور,1397,fiscal_year_end,ONLY_CONSOLIDATED_AVAILABLE,,,ONLY_CONSOLIDATED_AVAILABLE,CODAL separate audited financial statements + auditor report
رانفور|1397,رانفور,1397,auditor_opinion_type,ONLY_CONSOLIDATED_AVAILABLE,,,ONLY_CONSOLIDATED_AVAILABLE,CODAL separate audited financial statements + auditor report
رانفور|1397,رانفور,1397,auditor_report_date,ONLY_CONSOLIDATED_AVAILABLE,,,ONLY_CONSOLIDATED_AVAILABLE,CODAL separate audited financial statements + auditor report
رانفور|1398,رانفور,1398,fiscal_year_end,ONLY_CONSOLIDATED_AVAILABLE,,,ONLY_CONSOLIDATED_AVAILABLE,CODAL separate audited financial statements + auditor report
رانفور|1398,رانفور,1398,auditor_opinion_type,ONLY_CONSOLIDATED_AVAILABLE,,,ONLY_CONSOLIDATED_AVAILABLE,CODAL separate audited financial statements + auditor report
رانفور|1398,رانفور,1398,auditor_report_date,ONLY_CONSOLIDATED_AVAILABLE,,,ONLY_CONSOLIDATED_AVAILABLE,CODAL separate audited financial statements + auditor report
رانفور|1399,رانفور,1399,fiscal_year_end,ONLY_CONSOLIDATED_AVAILABLE,,,ONLY_CONSOLIDATED_AVAILABLE,CODAL separate audited financial statements + auditor report
رانفور|1399,رانفور,1399,auditor_opinion_type,ONLY_CONSOLIDATED_AVAILABLE,,,ONLY_CONSOLIDATED_AVAILABLE,CODAL separate audited financial statements + auditor report
رانفور|1399,رانفور,1399,auditor_report_date,ONLY_CONSOLIDATED_AVAILABLE,,,ONLY_CONSOLIDATED_AVAILABLE,CODAL separate audited financial statements + auditor report
رانفور|1400,رانفور,1400,fiscal_year_end,ONLY_CONSOLIDATED_AVAILABLE,,,ONLY_CONSOLIDATED_AVAILABLE,CODAL separate audited financial statements + auditor report
رانفور|1400,رانفور,1400,auditor_opinion_type,ONLY_CONSOLIDATED_AVAILABLE,,,ONLY_CONSOLIDATED_AVAILABLE,CODAL separate audited financial statements + auditor report
رانفور|1400,رانفور,1400,auditor_report_date,ONLY_CONSOLIDATED_AVAILABLE,,,ONLY_CONSOLIDATED_AVAILABLE,CODAL separate audited financial statements + auditor report
رانفور|1401,رانفور,1401,fiscal_year_end,ONLY_CONSOLIDATED_AVAILABLE,,,ONLY_CONSOLIDATED_AVAILABLE,CODAL separate audited financial statements + auditor report
رانفور|1401,رانفور,1401,auditor_opinion_type,ONLY_CONSOLIDATED_AVAILABLE,,,ONLY_CONSOLIDATED_AVAILABLE,CODAL separate audited financial statements + auditor report
رانفور|1401,رانفور,1401,auditor_report_date,ONLY_CONSOLIDATED_AVAILABLE,,,ONLY_CONSOLIDATED_AVAILABLE,CODAL separate audited financial statements + auditor report
رانفور|1402,رانفور,1402,fiscal_year_end,ONLY_CONSOLIDATED_AVAILABLE,,,ONLY_CONSOLIDATED_AVAILABLE,CODAL separate audited financial statements + auditor report
رانفور|1402,رانفور,1402,auditor_opinion_type,ONLY_CONSOLIDATED_AVAILABLE,,,ONLY_CONSOLIDATED_AVAILABLE,CODAL separate audited financial statements + auditor report
رانفور|1402,رانفور,1402,auditor_report_date,ONLY_CONSOLIDATED_AVAILABLE,,,ONLY_CONSOLIDATED_AVAILABLE,CODAL separate audited financial statements + auditor report
سآبیک|1392,سآبیک,1392,auditor_opinion_type,MATCHED_SEPARATE_VALID,OLE2_LEGACY_EXCEL,سآبيك.zip!سآبيك_۱۳۹۲_۱۲_۲۹_separate_ن-۱۰_صورتهای مالی سال مالی منتهی به ۱۳۹۲_۱۲_۲۹ (حسابرسی شده).xlsx,NO_DECISIVE_OPINION_PARAGRAPH_IN_BLOCK;REFERRAL_TO_ATTACHMENT,CODAL auditor report (گزارش حسابرس مستقل) for this ticker|fiscal_year
سآبیک|1393,سآبیک,1393,fiscal_year_end,NO_ARCHIVE_MATCH,,,NO_ARCHIVE_MATCH,CODAL separate audited financial statements + auditor report
سآبیک|1393,سآبیک,1393,auditor_opinion_type,NO_ARCHIVE_MATCH,,,NO_ARCHIVE_MATCH,CODAL separate audited financial statements + auditor report
سآبیک|1393,سآبیک,1393,auditor_report_date,NO_ARCHIVE_MATCH,,,NO_ARCHIVE_MATCH,CODAL separate audited financial statements + auditor report
سآبیک|1394,سآبیک,1394,fiscal_year_end,NO_ARCHIVE_MATCH,,,NO_ARCHIVE_MATCH,CODAL separate audited financial statements + auditor report
سآبیک|1394,سآبیک,1394,auditor_opinion_type,NO_ARCHIVE_MATCH,,,NO_ARCHIVE_MATCH,CODAL separate audited financial statements + auditor report
سآبیک|1394,سآبیک,1394,auditor_report_date,NO_ARCHIVE_MATCH,,,NO_ARCHIVE_MATCH,CODAL separate audited financial statements + auditor report
سآبیک|1395,سآبیک,1395,fiscal_year_end,NO_ARCHIVE_MATCH,,,NO_ARCHIVE_MATCH,CODAL separate audited financial statements + auditor report
سآبیک|1395,سآبیک,1395,auditor_opinion_type,NO_ARCHIVE_MATCH,,,NO_ARCHIVE_MATCH,CODAL separate audited financial statements + auditor report
سآبیک|1395,سآبیک,1395,auditor_report_date,NO_ARCHIVE_MATCH,,,NO_ARCHIVE_MATCH,CODAL separate audited financial statements + auditor report
سآبیک|1396,سآبیک,1396,fiscal_year_end,NO_ARCHIVE_MATCH,,,NO_ARCHIVE_MATCH,CODAL separate audited financial statements + auditor report
سآبیک|1396,سآبیک,1396,auditor_opinion_type,NO_ARCHIVE_MATCH,,,NO_ARCHIVE_MATCH,CODAL separate audited financial statements + auditor report
سآبیک|1396,سآبیک,1396,auditor_report_date,NO_ARCHIVE_MATCH,,,NO_ARCHIVE_MATCH,CODAL separate audited financial statements + auditor report
سآبیک|1397,سآبیک,1397,fiscal_year_end,NO_ARCHIVE_MATCH,,,NO_ARCHIVE_MATCH,CODAL separate audited financial statements + auditor report
سآبیک|1397,سآبیک,1397,auditor_opinion_type,NO_ARCHIVE_MATCH,,,NO_ARCHIVE_MATCH,CODAL separate audited financial statements + auditor report
سآبیک|1397,سآبیک,1397,auditor_report_date,NO_ARCHIVE_MATCH,,,NO_ARCHIVE_MATCH,CODAL separate audited financial statements + auditor report
سآبیک|1398,سآبیک,1398,auditor_opinion_type,MATCHED_SEPARATE_VALID,HTML_MISLABELED_XLSX,سآبيك.zip!سآبيك_۱۳۹۸_۱۲_۲۹_separate_ن-۱۰_صورت‌های مالی سال مالی منتهی به ۱۳۹۸_۱۲_۲۹ (حسابرسی شده).xlsx,AUDITOR_REPORT_ABSENT_FROM_PAYLOAD,CODAL auditor report (گزارش حسابرس مستقل) for this ticker|fiscal_year
سآبیک|1398,سآبیک,1398,auditor_report_date,MATCHED_SEPARATE_VALID,HTML_MISLABELED_XLSX,سآبيك.zip!سآبيك_۱۳۹۸_۱۲_۲۹_separate_ن-۱۰_صورت‌های مالی سال مالی منتهی به ۱۳۹۸_۱۲_۲۹ (حسابرسی شده).xlsx,AUDITOR_REPORT_ABSENT_FROM_PAYLOAD,CODAL auditor report (گزارش حسابرس مستقل) for this ticker|fiscal_year
سآبیک|1399,سآبیک,1399,auditor_opinion_type,MATCHED_SEPARATE_VALID,HTML_MISLABELED_XLSX,سآبيك.zip!سآبيك_۱۳۹۹_۱۲_۳۰_separate_ن-۱۰_صورت‌های مالی سال مالی منتهی به ۱۳۹۹_۱۲_۳۰ (حسابرسی شده).xlsx,AUDITOR_REPORT_ABSENT_FROM_PAYLOAD,CODAL auditor report (گزارش حسابرس مستقل) for this ticker|fiscal_year
سآبیک|1399,سآبیک,1399,auditor_report_date,MATCHED_SEPARATE_VALID,HTML_MISLABELED_XLSX,سآبيك.zip!سآبيك_۱۳۹۹_۱۲_۳۰_separate_ن-۱۰_صورت‌های مالی سال مالی منتهی به ۱۳۹۹_۱۲_۳۰ (حسابرسی شده).xlsx,AUDITOR_REPORT_ABSENT_FROM_PAYLOAD,CODAL auditor report (گزارش حسابرس مستقل) for this ticker|fiscal_year
سآبیک|1400,سآبیک,1400,auditor_opinion_type,MATCHED_SEPARATE_VALID,HTML_MISLABELED_XLSX,سآبيك.zip!سآبيك_۱۴۰۰_۱۲_۲۹_separate_ن-۱۰_صورت‌های مالی سال مالی منتهی به ۱۴۰۰_۱۲_۲۹ (حسابرسی شده).xlsx,AUDITOR_REPORT_ABSENT_FROM_PAYLOAD,CODAL auditor report (گزارش حسابرس مستقل) for this ticker|fiscal_year
سآبیک|1400,سآبیک,1400,auditor_report_date,MATCHED_SEPARATE_VALID,HTML_MISLABELED_XLSX,سآبيك.zip!سآبيك_۱۴۰۰_۱۲_۲۹_separate_ن-۱۰_صورت‌های مالی سال مالی منتهی به ۱۴۰۰_۱۲_۲۹ (حسابرسی شده).xlsx,AUDITOR_REPORT_ABSENT_FROM_PAYLOAD,CODAL auditor report (گزارش حسابرس مستقل) for this ticker|fiscal_year
سآبیک|1401,سآبیک,1401,auditor_opinion_type,MATCHED_SEPARATE_VALID,HTML_MISLABELED_XLSX,سآبيك.zip!سآبيك_۱۴۰۱_۱۲_۲۹_separate_ن-۱۰_صورت‌های مالی سال مالی منتهی به ۱۴۰۱_۱۲_۲۹ (حسابرسی شده).xlsx,AUDITOR_REPORT_ABSENT_FROM_PAYLOAD,CODAL auditor report (گزارش حسابرس مستقل) for this ticker|fiscal_year
سآبیک|1401,سآبیک,1401,auditor_report_date,MATCHED_SEPARATE_VALID,HTML_MISLABELED_XLSX,سآبيك.zip!سآبيك_۱۴۰۱_۱۲_۲۹_separate_ن-۱۰_صورت‌های مالی سال مالی منتهی به ۱۴۰۱_۱۲_۲۹ (حسابرسی شده).xlsx,AUDITOR_REPORT_ABSENT_FROM_PAYLOAD,CODAL auditor report (گزارش حسابرس مستقل) for this ticker|fiscal_year
سآبیک|1402,سآبیک,1402,auditor_opinion_type,MATCHED_SEPARATE_CORRECTION_SELECTED,HTML_MISLABELED_XLSX,سآبيك.zip!سآبيك_۱۴۰۲_۱۲_۲۹_separate_ن-۱۰_صورت‌های مالی سال مالی منتهی به ۱۴۰۲_۱۲_۲۹ (حسابرسی شده)(اصلاحیه).xlsx,AUDITOR_REPORT_ABSENT_FROM_PAYLOAD,CODAL auditor report (گزارش حسابرس مستقل) for this ticker|fiscal_year
سآبیک|1402,سآبیک,1402,auditor_report_date,MATCHED_SEPARATE_CORRECTION_SELECTED,HTML_MISLABELED_XLSX,سآبيك.zip!سآبيك_۱۴۰۲_۱۲_۲۹_separate_ن-۱۰_صورت‌های مالی سال مالی منتهی به ۱۴۰۲_۱۲_۲۹ (حسابرسی شده)(اصلاحیه).xlsx,AUDITOR_REPORT_ABSENT_FROM_PAYLOAD,CODAL auditor report (گزارش حسابرس مستقل) for this ticker|fiscal_year
سبجنو|1397,سبجنو,1397,auditor_opinion_type,MATCHED_SEPARATE_CORRECTION_SELECTED,HTML_MISLABELED_XLSX,سبجنو.zip!سبجنو_۱۳۹۷_۱۲_۲۹_separate_ن-۱۰_صورت‌های مالی سال مالی منتهی به ۱۳۹۷_۱۲_۲۹ (حسابرسی شده)(اصلاحیه).xlsx,AUDITOR_REPORT_ABSENT_FROM_PAYLOAD,CODAL auditor report (گزارش حسابرس مستقل) for this ticker|fiscal_year
سبجنو|1397,سبجنو,1397,auditor_report_date,MATCHED_SEPARATE_CORRECTION_SELECTED,HTML_MISLABELED_XLSX,سبجنو.zip!سبجنو_۱۳۹۷_۱۲_۲۹_separate_ن-۱۰_صورت‌های مالی سال مالی منتهی به ۱۳۹۷_۱۲_۲۹ (حسابرسی شده)(اصلاحیه).xlsx,AUDITOR_REPORT_ABSENT_FROM_PAYLOAD,CODAL auditor report (گزارش حسابرس مستقل) for this ticker|fiscal_year
سبجنو|1398,سبجنو,1398,auditor_opinion_type,MATCHED_SEPARATE_VALID,HTML_MISLABELED_XLSX,سبجنو.zip!سبجنو_۱۳۹۸_۱۲_۲۹_separate_ن-۱۰_صورت‌های مالی سال مالی منتهی به ۱۳۹۸_۱۲_۲۹ (حسابرسی شده).xlsx,AUDITOR_REPORT_ABSENT_FROM_PAYLOAD,CODAL auditor report (گزارش حسابرس مستقل) for this ticker|fiscal_year
سبجنو|1398,سبجنو,1398,auditor_report_date,MATCHED_SEPARATE_VALID,HTML_MISLABELED_XLSX,سبجنو.zip!سبجنو_۱۳۹۸_۱۲_۲۹_separate_ن-۱۰_صورت‌های مالی سال مالی منتهی به ۱۳۹۸_۱۲_۲۹ (حسابرسی شده).xlsx,AUDITOR_REPORT_ABSENT_FROM_PAYLOAD,CODAL auditor report (گزارش حسابرس مستقل) for this ticker|fiscal_year
سبجنو|1399,سبجنو,1399,auditor_opinion_type,MATCHED_SEPARATE_VALID,HTML_MISLABELED_XLSX,سبجنو.zip!سبجنو_۱۳۹۹_۱۲_۳۰_separate_ن-۱۰_صورت‌های مالی سال مالی منتهی به ۱۳۹۹_۱۲_۳۰ (حسابرسی شده).xlsx,AUDITOR_REPORT_ABSENT_FROM_PAYLOAD,CODAL auditor report (گزارش حسابرس مستقل) for this ticker|fiscal_year
سبجنو|1399,سبجنو,1399,auditor_report_date,MATCHED_SEPARATE_VALID,HTML_MISLABELED_XLSX,سبجنو.zip!سبجنو_۱۳۹۹_۱۲_۳۰_separate_ن-۱۰_صورت‌های مالی سال مالی منتهی به ۱۳۹۹_۱۲_۳۰ (حسابرسی شده).xlsx,AUDITOR_REPORT_ABSENT_FROM_PAYLOAD,CODAL auditor report (گزارش حسابرس مستقل) for this ticker|fiscal_year
سبجنو|1400,سبجنو,1400,auditor_opinion_type,MATCHED_SEPARATE_VALID,HTML_MISLABELED_XLSX,سبجنو.zip!سبجنو_۱۴۰۰_۱۲_۲۹_separate_ن-۱۰_صورت‌های مالی سال مالی منتهی به ۱۴۰۰_۱۲_۲۹ (حسابرسی شده).xlsx,AUDITOR_REPORT_ABSENT_FROM_PAYLOAD,CODAL auditor report (گزارش حسابرس مستقل) for this ticker|fiscal_year
سبجنو|1400,سبجنو,1400,auditor_report_date,MATCHED_SEPARATE_VALID,HTML_MISLABELED_XLSX,سبجنو.zip!سبجنو_۱۴۰۰_۱۲_۲۹_separate_ن-۱۰_صورت‌های مالی سال مالی منتهی به ۱۴۰۰_۱۲_۲۹ (حسابرسی شده).xlsx,AUDITOR_REPORT_ABSENT_FROM_PAYLOAD,CODAL auditor report (گزارش حسابرس مستقل) for this ticker|fiscal_year
سبجنو|1401,سبجنو,1401,auditor_opinion_type,MATCHED_SEPARATE_VALID,HTML_MISLABELED_XLSX,سبجنو.zip!سبجنو_۱۴۰۱_۱۲_۲۹_separate_ن-۱۰_صورت‌های مالی سال مالی منتهی به ۱۴۰۱_۱۲_۲۹ (حسابرسی شده).xlsx,AUDITOR_REPORT_ABSENT_FROM_PAYLOAD,CODAL auditor report (گزارش حسابرس مستقل) for this ticker|fiscal_year
سبجنو|1401,سبجنو,1401,auditor_report_date,MATCHED_SEPARATE_VALID,HTML_MISLABELED_XLSX,سبجنو.zip!سبجنو_۱۴۰۱_۱۲_۲۹_separate_ن-۱۰_صورت‌های مالی سال مالی منتهی به ۱۴۰۱_۱۲_۲۹ (حسابرسی شده).xlsx,AUDITOR_REPORT_ABSENT_FROM_PAYLOAD,CODAL auditor report (گزارش حسابرس مستقل) for this ticker|fiscal_year
سبجنو|1402,سبجنو,1402,auditor_opinion_type,MATCHED_SEPARATE_CORRECTION_SELECTED,HTML_MISLABELED_XLSX,سبجنو.zip!سبجنو_۱۴۰۲_۱۲_۲۹_separate_ن-۱۰_صورت‌های مالی سال مالی منتهی به ۱۴۰۲_۱۲_۲۹ (حسابرسی شده)(اصلاحیه).xlsx,AUDITOR_REPORT_ABSENT_FROM_PAYLOAD,CODAL auditor report (گزارش حسابرس مستقل) for this ticker|fiscal_year
سبجنو|1402,سبجنو,1402,auditor_report_date,MATCHED_SEPARATE_CORRECTION_SELECTED,HTML_MISLABELED_XLSX,سبجنو.zip!سبجنو_۱۴۰۲_۱۲_۲۹_separate_ن-۱۰_صورت‌های مالی سال مالی منتهی به ۱۴۰۲_۱۲_۲۹ (حسابرسی شده)(اصلاحیه).xlsx,AUDITOR_REPORT_ABSENT_FROM_PAYLOAD,CODAL auditor report (گزارش حسابرس مستقل) for this ticker|fiscal_year
سفارس|1398,سفارس,1398,auditor_opinion_type,MATCHED_SEPARATE_VALID,HTML_MISLABELED_XLSX,سفارس.zip!سفارس_۱۳۹۸_۰۲_۳۱_separate_ن-۱۰_صورت‌های مالی سال مالی منتهی به ۱۳۹۸_۰۲_۳۱ (حسابرسی شده).xlsx,AUDITOR_REPORT_ABSENT_FROM_PAYLOAD,CODAL auditor report (گزارش حسابرس مستقل) for this ticker|fiscal_year
سفارس|1398,سفارس,1398,auditor_report_date,MATCHED_SEPARATE_VALID,HTML_MISLABELED_XLSX,سفارس.zip!سفارس_۱۳۹۸_۰۲_۳۱_separate_ن-۱۰_صورت‌های مالی سال مالی منتهی به ۱۳۹۸_۰۲_۳۱ (حسابرسی شده).xlsx,AUDITOR_REPORT_ABSENT_FROM_PAYLOAD,CODAL auditor report (گزارش حسابرس مستقل) for this ticker|fiscal_year
سفارس|1399,سفارس,1399,auditor_opinion_type,MATCHED_SEPARATE_VALID,HTML_MISLABELED_XLSX,سفارس.zip!سفارس_۱۳۹۹_۰۲_۳۱_separate_ن-۱۰_صورت‌های مالی سال مالی منتهی به ۱۳۹۹_۰۲_۳۱ (حسابرسی شده).xlsx,AUDITOR_REPORT_ABSENT_FROM_PAYLOAD,CODAL auditor report (گزارش حسابرس مستقل) for this ticker|fiscal_year
سفارس|1399,سفارس,1399,auditor_report_date,MATCHED_SEPARATE_VALID,HTML_MISLABELED_XLSX,سفارس.zip!سفارس_۱۳۹۹_۰۲_۳۱_separate_ن-۱۰_صورت‌های مالی سال مالی منتهی به ۱۳۹۹_۰۲_۳۱ (حسابرسی شده).xlsx,AUDITOR_REPORT_ABSENT_FROM_PAYLOAD,CODAL auditor report (گزارش حسابرس مستقل) for this ticker|fiscal_year
سفارس|1400,سفارس,1400,auditor_opinion_type,MATCHED_SEPARATE_VALID,HTML_MISLABELED_XLSX,سفارس.zip!سفارس_۱۴۰۰_۰۲_۳۱_separate_ن-۱۰_صورت‌های مالی سال مالی منتهی به ۱۴۰۰_۰۲_۳۱ (حسابرسی شده).xlsx,AUDITOR_REPORT_ABSENT_FROM_PAYLOAD,CODAL auditor report (گزارش حسابرس مستقل) for this ticker|fiscal_year
سفارس|1400,سفارس,1400,auditor_report_date,MATCHED_SEPARATE_VALID,HTML_MISLABELED_XLSX,سفارس.zip!سفارس_۱۴۰۰_۰۲_۳۱_separate_ن-۱۰_صورت‌های مالی سال مالی منتهی به ۱۴۰۰_۰۲_۳۱ (حسابرسی شده).xlsx,AUDITOR_REPORT_ABSENT_FROM_PAYLOAD,CODAL auditor report (گزارش حسابرس مستقل) for this ticker|fiscal_year
سفارس|1401,سفارس,1401,auditor_opinion_type,MATCHED_SEPARATE_VALID,HTML_MISLABELED_XLSX,سفارس.zip!سفارس_۱۴۰۱_۰۲_۳۱_separate_ن-۱۰_صورت‌های مالی سال مالی منتهی به ۱۴۰۱_۰۲_۳۱ (حسابرسی شده).xlsx,AUDITOR_REPORT_ABSENT_FROM_PAYLOAD,CODAL auditor report (گزارش حسابرس مستقل) for this ticker|fiscal_year
سفارس|1401,سفارس,1401,auditor_report_date,MATCHED_SEPARATE_VALID,HTML_MISLABELED_XLSX,سفارس.zip!سفارس_۱۴۰۱_۰۲_۳۱_separate_ن-۱۰_صورت‌های مالی سال مالی منتهی به ۱۴۰۱_۰۲_۳۱ (حسابرسی شده).xlsx,AUDITOR_REPORT_ABSENT_FROM_PAYLOAD,CODAL auditor report (گزارش حسابرس مستقل) for this ticker|fiscal_year
سفارس|1402,سفارس,1402,auditor_opinion_type,MATCHED_SEPARATE_VALID,HTML_MISLABELED_XLSX,سفارس.zip!سفارس_۱۴۰۲_۰۲_۳۱_separate_ن-۱۰_صورت‌های مالی سال مالی منتهی به ۱۴۰۲_۰۲_۳۱ (حسابرسی شده).xlsx,AUDITOR_REPORT_ABSENT_FROM_PAYLOAD,CODAL auditor report (گزارش حسابرس مستقل) for this ticker|fiscal_year
سفارس|1402,سفارس,1402,auditor_report_date,MATCHED_SEPARATE_VALID,HTML_MISLABELED_XLSX,سفارس.zip!سفارس_۱۴۰۲_۰۲_۳۱_separate_ن-۱۰_صورت‌های مالی سال مالی منتهی به ۱۴۰۲_۰۲_۳۱ (حسابرسی شده).xlsx,AUDITOR_REPORT_ABSENT_FROM_PAYLOAD,CODAL auditor report (گزارش حسابرس مستقل) for this ticker|fiscal_year
سهگمت|1395,سهگمت,1395,fiscal_year_end,ONLY_CONSOLIDATED_AVAILABLE,,,ONLY_CONSOLIDATED_AVAILABLE,CODAL separate audited financial statements + auditor report
سهگمت|1395,سهگمت,1395,auditor_opinion_type,ONLY_CONSOLIDATED_AVAILABLE,,,ONLY_CONSOLIDATED_AVAILABLE,CODAL separate audited financial statements + auditor report
سهگمت|1395,سهگمت,1395,auditor_report_date,ONLY_CONSOLIDATED_AVAILABLE,,,ONLY_CONSOLIDATED_AVAILABLE,CODAL separate audited financial statements + auditor report
سهگمت|1396,سهگمت,1396,fiscal_year_end,ONLY_CONSOLIDATED_AVAILABLE,,,ONLY_CONSOLIDATED_AVAILABLE,CODAL separate audited financial statements + auditor report
سهگمت|1396,سهگمت,1396,auditor_opinion_type,ONLY_CONSOLIDATED_AVAILABLE,,,ONLY_CONSOLIDATED_AVAILABLE,CODAL separate audited financial statements + auditor report
سهگمت|1396,سهگمت,1396,auditor_report_date,ONLY_CONSOLIDATED_AVAILABLE,,,ONLY_CONSOLIDATED_AVAILABLE,CODAL separate audited financial statements + auditor report
سهگمت|1397,سهگمت,1397,fiscal_year_end,ONLY_CONSOLIDATED_AVAILABLE,,,ONLY_CONSOLIDATED_AVAILABLE,CODAL separate audited financial statements + auditor report
سهگمت|1397,سهگمت,1397,auditor_opinion_type,ONLY_CONSOLIDATED_AVAILABLE,,,ONLY_CONSOLIDATED_AVAILABLE,CODAL separate audited financial statements + auditor report
سهگمت|1397,سهگمت,1397,auditor_report_date,ONLY_CONSOLIDATED_AVAILABLE,,,ONLY_CONSOLIDATED_AVAILABLE,CODAL separate audited financial statements + auditor report
سهگمت|1398,سهگمت,1398,fiscal_year_end,ONLY_CONSOLIDATED_AVAILABLE,,,ONLY_CONSOLIDATED_AVAILABLE,CODAL separate audited financial statements + auditor report
سهگمت|1398,سهگمت,1398,auditor_opinion_type,ONLY_CONSOLIDATED_AVAILABLE,,,ONLY_CONSOLIDATED_AVAILABLE,CODAL separate audited financial statements + auditor report
سهگمت|1398,سهگمت,1398,auditor_report_date,ONLY_CONSOLIDATED_AVAILABLE,,,ONLY_CONSOLIDATED_AVAILABLE,CODAL separate audited financial statements + auditor report
سهگمت|1399,سهگمت,1399,fiscal_year_end,ONLY_CONSOLIDATED_AVAILABLE,,,ONLY_CONSOLIDATED_AVAILABLE,CODAL separate audited financial statements + auditor report
سهگمت|1399,سهگمت,1399,auditor_opinion_type,ONLY_CONSOLIDATED_AVAILABLE,,,ONLY_CONSOLIDATED_AVAILABLE,CODAL separate audited financial statements + auditor report
سهگمت|1399,سهگمت,1399,auditor_report_date,ONLY_CONSOLIDATED_AVAILABLE,,,ONLY_CONSOLIDATED_AVAILABLE,CODAL separate audited financial statements + auditor report
سهگمت|1400,سهگمت,1400,fiscal_year_end,ONLY_CONSOLIDATED_AVAILABLE,,,ONLY_CONSOLIDATED_AVAILABLE,CODAL separate audited financial statements + auditor report
سهگمت|1400,سهگمت,1400,auditor_opinion_type,ONLY_CONSOLIDATED_AVAILABLE,,,ONLY_CONSOLIDATED_AVAILABLE,CODAL separate audited financial statements + auditor report
سهگمت|1400,سهگمت,1400,auditor_report_date,ONLY_CONSOLIDATED_AVAILABLE,,,ONLY_CONSOLIDATED_AVAILABLE,CODAL separate audited financial statements + auditor report
سهگمت|1401,سهگمت,1401,fiscal_year_end,ONLY_CONSOLIDATED_AVAILABLE,,,ONLY_CONSOLIDATED_AVAILABLE,CODAL separate audited financial statements + auditor report
سهگمت|1401,سهگمت,1401,auditor_opinion_type,ONLY_CONSOLIDATED_AVAILABLE,,,ONLY_CONSOLIDATED_AVAILABLE,CODAL separate audited financial statements + auditor report
سهگمت|1401,سهگمت,1401,auditor_report_date,ONLY_CONSOLIDATED_AVAILABLE,,,ONLY_CONSOLIDATED_AVAILABLE,CODAL separate audited financial statements + auditor report
سهگمت|1402,سهگمت,1402,fiscal_year_end,ONLY_CONSOLIDATED_AVAILABLE,,,ONLY_CONSOLIDATED_AVAILABLE,CODAL separate audited financial statements + auditor report
سهگمت|1402,سهگمت,1402,auditor_opinion_type,ONLY_CONSOLIDATED_AVAILABLE,,,ONLY_CONSOLIDATED_AVAILABLE,CODAL separate audited financial statements + auditor report
سهگمت|1402,سهگمت,1402,auditor_report_date,ONLY_CONSOLIDATED_AVAILABLE,,,ONLY_CONSOLIDATED_AVAILABLE,CODAL separate audited financial statements + auditor report
سخاش|1393,سخاش,1393,fiscal_year_end,NO_ARCHIVE_MATCH,,,NO_ARCHIVE_MATCH,CODAL separate audited financial statements + auditor report
سخاش|1393,سخاش,1393,auditor_opinion_type,NO_ARCHIVE_MATCH,,,NO_ARCHIVE_MATCH,CODAL separate audited financial statements + auditor report
سخاش|1393,سخاش,1393,auditor_report_date,NO_ARCHIVE_MATCH,,,NO_ARCHIVE_MATCH,CODAL separate audited financial statements + auditor report
سخاش|1394,سخاش,1394,fiscal_year_end,NO_ARCHIVE_MATCH,,,NO_ARCHIVE_MATCH,CODAL separate audited financial statements + auditor report
سخاش|1394,سخاش,1394,auditor_opinion_type,NO_ARCHIVE_MATCH,,,NO_ARCHIVE_MATCH,CODAL separate audited financial statements + auditor report
سخاش|1394,سخاش,1394,auditor_report_date,NO_ARCHIVE_MATCH,,,NO_ARCHIVE_MATCH,CODAL separate audited financial statements + auditor report
سخاش|1395,سخاش,1395,fiscal_year_end,NO_ARCHIVE_MATCH,,,NO_ARCHIVE_MATCH,CODAL separate audited financial statements + auditor report
سخاش|1395,سخاش,1395,auditor_opinion_type,NO_ARCHIVE_MATCH,,,NO_ARCHIVE_MATCH,CODAL separate audited financial statements + auditor report
سخاش|1395,سخاش,1395,auditor_report_date,NO_ARCHIVE_MATCH,,,NO_ARCHIVE_MATCH,CODAL separate audited financial statements + auditor report
سخاش|1396,سخاش,1396,fiscal_year_end,NO_ARCHIVE_MATCH,,,NO_ARCHIVE_MATCH,CODAL separate audited financial statements + auditor report
سخاش|1396,سخاش,1396,auditor_opinion_type,NO_ARCHIVE_MATCH,,,NO_ARCHIVE_MATCH,CODAL separate audited financial statements + auditor report
سخاش|1396,سخاش,1396,auditor_report_date,NO_ARCHIVE_MATCH,,,NO_ARCHIVE_MATCH,CODAL separate audited financial statements + auditor report
سخاش|1397,سخاش,1397,fiscal_year_end,NO_ARCHIVE_MATCH,,,NO_ARCHIVE_MATCH,CODAL separate audited financial statements + auditor report
سخاش|1397,سخاش,1397,auditor_opinion_type,NO_ARCHIVE_MATCH,,,NO_ARCHIVE_MATCH,CODAL separate audited financial statements + auditor report
سخاش|1397,سخاش,1397,auditor_report_date,NO_ARCHIVE_MATCH,,,NO_ARCHIVE_MATCH,CODAL separate audited financial statements + auditor report
سخاش|1398,سخاش,1398,fiscal_year_end,NO_ARCHIVE_MATCH,,,NO_ARCHIVE_MATCH,CODAL separate audited financial statements + auditor report
سخاش|1398,سخاش,1398,auditor_opinion_type,NO_ARCHIVE_MATCH,,,NO_ARCHIVE_MATCH,CODAL separate audited financial statements + auditor report
سخاش|1398,سخاش,1398,auditor_report_date,NO_ARCHIVE_MATCH,,,NO_ARCHIVE_MATCH,CODAL separate audited financial statements + auditor report
سخاش|1399,سخاش,1399,fiscal_year_end,NO_ARCHIVE_MATCH,,,NO_ARCHIVE_MATCH,CODAL separate audited financial statements + auditor report
سخاش|1399,سخاش,1399,auditor_opinion_type,NO_ARCHIVE_MATCH,,,NO_ARCHIVE_MATCH,CODAL separate audited financial statements + auditor report
سخاش|1399,سخاش,1399,auditor_report_date,NO_ARCHIVE_MATCH,,,NO_ARCHIVE_MATCH,CODAL separate audited financial statements + auditor report
سخاش|1400,سخاش,1400,fiscal_year_end,NO_ARCHIVE_MATCH,,,NO_ARCHIVE_MATCH,CODAL separate audited financial statements + auditor report
سخاش|1400,سخاش,1400,auditor_opinion_type,NO_ARCHIVE_MATCH,,,NO_ARCHIVE_MATCH,CODAL separate audited financial statements + auditor report
سخاش|1400,سخاش,1400,auditor_report_date,NO_ARCHIVE_MATCH,,,NO_ARCHIVE_MATCH,CODAL separate audited financial statements + auditor report
سخاش|1401,سخاش,1401,fiscal_year_end,NO_ARCHIVE_MATCH,,,NO_ARCHIVE_MATCH,CODAL separate audited financial statements + auditor report
سخاش|1401,سخاش,1401,auditor_opinion_type,NO_ARCHIVE_MATCH,,,NO_ARCHIVE_MATCH,CODAL separate audited financial statements + auditor report
سخاش|1401,سخاش,1401,auditor_report_date,NO_ARCHIVE_MATCH,,,NO_ARCHIVE_MATCH,CODAL separate audited financial statements + auditor report
سخاش|1402,سخاش,1402,fiscal_year_end,NO_ARCHIVE_MATCH,,,NO_ARCHIVE_MATCH,CODAL separate audited financial statements + auditor report
سخاش|1402,سخاش,1402,auditor_opinion_type,NO_ARCHIVE_MATCH,,,NO_ARCHIVE_MATCH,CODAL separate audited financial statements + auditor report
سخاش|1402,سخاش,1402,auditor_report_date,NO_ARCHIVE_MATCH,,,NO_ARCHIVE_MATCH,CODAL separate audited financial statements + auditor report
سخوز|1392,سخوز,1392,auditor_opinion_type,MATCHED_SEPARATE_CORRECTION_SELECTED,OLE2_LEGACY_EXCEL,سخوز.zip!سخوز_۱۳۹۲_۱۲_۲۹_separate_ن-۱۰_صورتهای مالی سال مالی منتهی به ۱۳۹۲_۱۲_۲۹ (حسابرسی شده)(اصلاحیه).xlsx,NO_DECISIVE_OPINION_PARAGRAPH_IN_BLOCK;REFERRAL_TO_ATTACHMENT,CODAL auditor report (گزارش حسابرس مستقل) for this ticker|fiscal_year
سخوز|1397,سخوز,1397,auditor_opinion_type,MATCHED_SEPARATE_VALID,HTML_MISLABELED_XLSX,سخوز.zip!سخوز_۱۳۹۷_۱۲_۲۹_separate_ن-۱۰_صورت‌های مالی سال مالی منتهی به ۱۳۹۷_۱۲_۲۹ (حسابرسی شده).xlsx,AUDITOR_REPORT_ABSENT_FROM_PAYLOAD,CODAL auditor report (گزارش حسابرس مستقل) for this ticker|fiscal_year
سخوز|1397,سخوز,1397,auditor_report_date,MATCHED_SEPARATE_VALID,HTML_MISLABELED_XLSX,سخوز.zip!سخوز_۱۳۹۷_۱۲_۲۹_separate_ن-۱۰_صورت‌های مالی سال مالی منتهی به ۱۳۹۷_۱۲_۲۹ (حسابرسی شده).xlsx,AUDITOR_REPORT_ABSENT_FROM_PAYLOAD,CODAL auditor report (گزارش حسابرس مستقل) for this ticker|fiscal_year
سخوز|1398,سخوز,1398,auditor_opinion_type,MATCHED_SEPARATE_VALID,HTML_MISLABELED_XLSX,سخوز.zip!سخوز_۱۳۹۸_۱۲_۲۹_separate_ن-۱۰_صورت‌های مالی سال مالی منتهی به ۱۳۹۸_۱۲_۲۹ (حسابرسی شده).xlsx,AUDITOR_REPORT_ABSENT_FROM_PAYLOAD,CODAL auditor report (گزارش حسابرس مستقل) for this ticker|fiscal_year
سخوز|1398,سخوز,1398,auditor_report_date,MATCHED_SEPARATE_VALID,HTML_MISLABELED_XLSX,سخوز.zip!سخوز_۱۳۹۸_۱۲_۲۹_separate_ن-۱۰_صورت‌های مالی سال مالی منتهی به ۱۳۹۸_۱۲_۲۹ (حسابرسی شده).xlsx,AUDITOR_REPORT_ABSENT_FROM_PAYLOAD,CODAL auditor report (گزارش حسابرس مستقل) for this ticker|fiscal_year
سخوز|1399,سخوز,1399,fiscal_year_end,ONLY_CONSOLIDATED_AVAILABLE,,,ONLY_CONSOLIDATED_AVAILABLE,CODAL separate audited financial statements + auditor report
سخوز|1399,سخوز,1399,auditor_opinion_type,ONLY_CONSOLIDATED_AVAILABLE,,,ONLY_CONSOLIDATED_AVAILABLE,CODAL separate audited financial statements + auditor report
سخوز|1399,سخوز,1399,auditor_report_date,ONLY_CONSOLIDATED_AVAILABLE,,,ONLY_CONSOLIDATED_AVAILABLE,CODAL separate audited financial statements + auditor report
سخوز|1400,سخوز,1400,fiscal_year_end,ONLY_CONSOLIDATED_AVAILABLE,,,ONLY_CONSOLIDATED_AVAILABLE,CODAL separate audited financial statements + auditor report
سخوز|1400,سخوز,1400,auditor_opinion_type,ONLY_CONSOLIDATED_AVAILABLE,,,ONLY_CONSOLIDATED_AVAILABLE,CODAL separate audited financial statements + auditor report
سخوز|1400,سخوز,1400,auditor_report_date,ONLY_CONSOLIDATED_AVAILABLE,,,ONLY_CONSOLIDATED_AVAILABLE,CODAL separate audited financial statements + auditor report
سخوز|1401,سخوز,1401,fiscal_year_end,ONLY_CONSOLIDATED_AVAILABLE,,,ONLY_CONSOLIDATED_AVAILABLE,CODAL separate audited financial statements + auditor report
سخوز|1401,سخوز,1401,auditor_opinion_type,ONLY_CONSOLIDATED_AVAILABLE,,,ONLY_CONSOLIDATED_AVAILABLE,CODAL separate audited financial statements + auditor report
سخوز|1401,سخوز,1401,auditor_report_date,ONLY_CONSOLIDATED_AVAILABLE,,,ONLY_CONSOLIDATED_AVAILABLE,CODAL separate audited financial statements + auditor report
سخوز|1402,سخوز,1402,fiscal_year_end,ONLY_CONSOLIDATED_AVAILABLE,,,ONLY_CONSOLIDATED_AVAILABLE,CODAL separate audited financial statements + auditor report
سخوز|1402,سخوز,1402,auditor_opinion_type,ONLY_CONSOLIDATED_AVAILABLE,,,ONLY_CONSOLIDATED_AVAILABLE,CODAL separate audited financial statements + auditor report
سخوز|1402,سخوز,1402,auditor_report_date,ONLY_CONSOLIDATED_AVAILABLE,,,ONLY_CONSOLIDATED_AVAILABLE,CODAL separate audited financial statements + auditor report
سخزر|1397,سخزر,1397,auditor_opinion_type,MATCHED_SEPARATE_VALID,HTML_MISLABELED_XLSX,سخزر.zip!سخزر_۱۳۹۷_۱۲_۲۹_separate_ن-۱۰_صورت‌های مالی سال مالی منتهی به ۱۳۹۷_۱۲_۲۹ (حسابرسی شده).xlsx,AUDITOR_REPORT_ABSENT_FROM_PAYLOAD,CODAL auditor report (گزارش حسابرس مستقل) for this ticker|fiscal_year
سخزر|1397,سخزر,1397,auditor_report_date,MATCHED_SEPARATE_VALID,HTML_MISLABELED_XLSX,سخزر.zip!سخزر_۱۳۹۷_۱۲_۲۹_separate_ن-۱۰_صورت‌های مالی سال مالی منتهی به ۱۳۹۷_۱۲_۲۹ (حسابرسی شده).xlsx,AUDITOR_REPORT_ABSENT_FROM_PAYLOAD,CODAL auditor report (گزارش حسابرس مستقل) for this ticker|fiscal_year
سخزر|1398,سخزر,1398,auditor_opinion_type,MATCHED_SEPARATE_VALID,HTML_MISLABELED_XLSX,سخزر.zip!سخزر_۱۳۹۸_۱۲_۲۹_separate_ن-۱۰_صورت‌های مالی سال مالی منتهی به ۱۳۹۸_۱۲_۲۹ (حسابرسی شده).xlsx,AUDITOR_REPORT_ABSENT_FROM_PAYLOAD,CODAL auditor report (گزارش حسابرس مستقل) for this ticker|fiscal_year
سخزر|1398,سخزر,1398,auditor_report_date,MATCHED_SEPARATE_VALID,HTML_MISLABELED_XLSX,سخزر.zip!سخزر_۱۳۹۸_۱۲_۲۹_separate_ن-۱۰_صورت‌های مالی سال مالی منتهی به ۱۳۹۸_۱۲_۲۹ (حسابرسی شده).xlsx,AUDITOR_REPORT_ABSENT_FROM_PAYLOAD,CODAL auditor report (گزارش حسابرس مستقل) for this ticker|fiscal_year
سخزر|1399,سخزر,1399,auditor_opinion_type,MATCHED_SEPARATE_VALID,HTML_MISLABELED_XLSX,سخزر.zip!سخزر_۱۳۹۹_۱۲_۳۰_separate_ن-۱۰_صورت‌های مالی سال مالی منتهی به ۱۳۹۹_۱۲_۳۰ (حسابرسی شده).xlsx,AUDITOR_REPORT_ABSENT_FROM_PAYLOAD,CODAL auditor report (گزارش حسابرس مستقل) for this ticker|fiscal_year
سخزر|1399,سخزر,1399,auditor_report_date,MATCHED_SEPARATE_VALID,HTML_MISLABELED_XLSX,سخزر.zip!سخزر_۱۳۹۹_۱۲_۳۰_separate_ن-۱۰_صورت‌های مالی سال مالی منتهی به ۱۳۹۹_۱۲_۳۰ (حسابرسی شده).xlsx,AUDITOR_REPORT_ABSENT_FROM_PAYLOAD,CODAL auditor report (گزارش حسابرس مستقل) for this ticker|fiscal_year
سخزر|1400,سخزر,1400,auditor_opinion_type,MATCHED_SEPARATE_VALID,HTML_MISLABELED_XLSX,سخزر.zip!سخزر_۱۴۰۰_۱۲_۲۹_separate_ن-۱۰_صورت‌های مالی سال مالی منتهی به ۱۴۰۰_۱۲_۲۹ (حسابرسی شده).xlsx,AUDITOR_REPORT_ABSENT_FROM_PAYLOAD,CODAL auditor report (گزارش حسابرس مستقل) for this ticker|fiscal_year
سخزر|1400,سخزر,1400,auditor_report_date,MATCHED_SEPARATE_VALID,HTML_MISLABELED_XLSX,سخزر.zip!سخزر_۱۴۰۰_۱۲_۲۹_separate_ن-۱۰_صورت‌های مالی سال مالی منتهی به ۱۴۰۰_۱۲_۲۹ (حسابرسی شده).xlsx,AUDITOR_REPORT_ABSENT_FROM_PAYLOAD,CODAL auditor report (گزارش حسابرس مستقل) for this ticker|fiscal_year
سخزر|1401,سخزر,1401,auditor_opinion_type,MATCHED_SEPARATE_VALID,HTML_MISLABELED_XLSX,سخزر.zip!سخزر_۱۴۰۱_۱۲_۲۹_separate_ن-۱۰_صورت‌های مالی سال مالی منتهی به ۱۴۰۱_۱۲_۲۹ (حسابرسی شده).xlsx,AUDITOR_REPORT_ABSENT_FROM_PAYLOAD,CODAL auditor report (گزارش حسابرس مستقل) for this ticker|fiscal_year
سخزر|1401,سخزر,1401,auditor_report_date,MATCHED_SEPARATE_VALID,HTML_MISLABELED_XLSX,سخزر.zip!سخزر_۱۴۰۱_۱۲_۲۹_separate_ن-۱۰_صورت‌های مالی سال مالی منتهی به ۱۴۰۱_۱۲_۲۹ (حسابرسی شده).xlsx,AUDITOR_REPORT_ABSENT_FROM_PAYLOAD,CODAL auditor report (گزارش حسابرس مستقل) for this ticker|fiscal_year
سخزر|1402,سخزر,1402,auditor_opinion_type,MATCHED_SEPARATE_CORRECTION_SELECTED,HTML_MISLABELED_XLSX,سخزر.zip!سخزر_۱۴۰۲_۱۲_۲۹_separate_ن-۱۰_صورت‌های مالی سال مالی منتهی به ۱۴۰۲_۱۲_۲۹ (حسابرسی شده)(اصلاحیه).xlsx,AUDITOR_REPORT_ABSENT_FROM_PAYLOAD,CODAL auditor report (گزارش حسابرس مستقل) for this ticker|fiscal_year
سخزر|1402,سخزر,1402,auditor_report_date,MATCHED_SEPARATE_CORRECTION_SELECTED,HTML_MISLABELED_XLSX,سخزر.zip!سخزر_۱۴۰۲_۱۲_۲۹_separate_ن-۱۰_صورت‌های مالی سال مالی منتهی به ۱۴۰۲_۱۲_۲۹ (حسابرسی شده)(اصلاحیه).xlsx,AUDITOR_REPORT_ABSENT_FROM_PAYLOAD,CODAL auditor report (گزارش حسابرس مستقل) for this ticker|fiscal_year
سمازن|1394,سمازن,1394,fiscal_year_end,ONLY_CONSOLIDATED_AVAILABLE,,,ONLY_CONSOLIDATED_AVAILABLE,CODAL separate audited financial statements + auditor report
سمازن|1394,سمازن,1394,auditor_opinion_type,ONLY_CONSOLIDATED_AVAILABLE,,,ONLY_CONSOLIDATED_AVAILABLE,CODAL separate audited financial statements + auditor report
سمازن|1394,سمازن,1394,auditor_report_date,ONLY_CONSOLIDATED_AVAILABLE,,,ONLY_CONSOLIDATED_AVAILABLE,CODAL separate audited financial statements + auditor report
سمازن|1395,سمازن,1395,fiscal_year_end,NO_ARCHIVE_MATCH,,,NO_ARCHIVE_MATCH,CODAL separate audited financial statements + auditor report
سمازن|1395,سمازن,1395,auditor_opinion_type,NO_ARCHIVE_MATCH,,,NO_ARCHIVE_MATCH,CODAL separate audited financial statements + auditor report
سمازن|1395,سمازن,1395,auditor_report_date,NO_ARCHIVE_MATCH,,,NO_ARCHIVE_MATCH,CODAL separate audited financial statements + auditor report
سمازن|1396,سمازن,1396,fiscal_year_end,ONLY_CONSOLIDATED_AVAILABLE,,,ONLY_CONSOLIDATED_AVAILABLE,CODAL separate audited financial statements + auditor report
سمازن|1396,سمازن,1396,auditor_opinion_type,ONLY_CONSOLIDATED_AVAILABLE,,,ONLY_CONSOLIDATED_AVAILABLE,CODAL separate audited financial statements + auditor report
سمازن|1396,سمازن,1396,auditor_report_date,ONLY_CONSOLIDATED_AVAILABLE,,,ONLY_CONSOLIDATED_AVAILABLE,CODAL separate audited financial statements + auditor report
سمازن|1397,سمازن,1397,fiscal_year_end,ONLY_CONSOLIDATED_AVAILABLE,,,ONLY_CONSOLIDATED_AVAILABLE,CODAL separate audited financial statements + auditor report
سمازن|1397,سمازن,1397,auditor_opinion_type,ONLY_CONSOLIDATED_AVAILABLE,,,ONLY_CONSOLIDATED_AVAILABLE,CODAL separate audited financial statements + auditor report
سمازن|1397,سمازن,1397,auditor_report_date,ONLY_CONSOLIDATED_AVAILABLE,,,ONLY_CONSOLIDATED_AVAILABLE,CODAL separate audited financial statements + auditor report
سمازن|1398,سمازن,1398,fiscal_year_end,ONLY_CONSOLIDATED_AVAILABLE,,,ONLY_CONSOLIDATED_AVAILABLE,CODAL separate audited financial statements + auditor report
سمازن|1398,سمازن,1398,auditor_opinion_type,ONLY_CONSOLIDATED_AVAILABLE,,,ONLY_CONSOLIDATED_AVAILABLE,CODAL separate audited financial statements + auditor report
سمازن|1398,سمازن,1398,auditor_report_date,ONLY_CONSOLIDATED_AVAILABLE,,,ONLY_CONSOLIDATED_AVAILABLE,CODAL separate audited financial statements + auditor report
سمازن|1399,سمازن,1399,fiscal_year_end,ONLY_CONSOLIDATED_AVAILABLE,,,ONLY_CONSOLIDATED_AVAILABLE,CODAL separate audited financial statements + auditor report
سمازن|1399,سمازن,1399,auditor_opinion_type,ONLY_CONSOLIDATED_AVAILABLE,,,ONLY_CONSOLIDATED_AVAILABLE,CODAL separate audited financial statements + auditor report
سمازن|1399,سمازن,1399,auditor_report_date,ONLY_CONSOLIDATED_AVAILABLE,,,ONLY_CONSOLIDATED_AVAILABLE,CODAL separate audited financial statements + auditor report
سمازن|1400,سمازن,1400,fiscal_year_end,ONLY_CONSOLIDATED_AVAILABLE,,,ONLY_CONSOLIDATED_AVAILABLE,CODAL separate audited financial statements + auditor report
سمازن|1400,سمازن,1400,auditor_opinion_type,ONLY_CONSOLIDATED_AVAILABLE,,,ONLY_CONSOLIDATED_AVAILABLE,CODAL separate audited financial statements + auditor report
سمازن|1400,سمازن,1400,auditor_report_date,ONLY_CONSOLIDATED_AVAILABLE,,,ONLY_CONSOLIDATED_AVAILABLE,CODAL separate audited financial statements + auditor report
سمازن|1401,سمازن,1401,fiscal_year_end,ONLY_CONSOLIDATED_AVAILABLE,,,ONLY_CONSOLIDATED_AVAILABLE,CODAL separate audited financial statements + auditor report
سمازن|1401,سمازن,1401,auditor_opinion_type,ONLY_CONSOLIDATED_AVAILABLE,,,ONLY_CONSOLIDATED_AVAILABLE,CODAL separate audited financial statements + auditor report
سمازن|1401,سمازن,1401,auditor_report_date,ONLY_CONSOLIDATED_AVAILABLE,,,ONLY_CONSOLIDATED_AVAILABLE,CODAL separate audited financial statements + auditor report
سمازن|1402,سمازن,1402,fiscal_year_end,ONLY_CONSOLIDATED_AVAILABLE,,,ONLY_CONSOLIDATED_AVAILABLE,CODAL separate audited financial statements + auditor report
سمازن|1402,سمازن,1402,auditor_opinion_type,ONLY_CONSOLIDATED_AVAILABLE,,,ONLY_CONSOLIDATED_AVAILABLE,CODAL separate audited financial statements + auditor report
سمازن|1402,سمازن,1402,auditor_report_date,ONLY_CONSOLIDATED_AVAILABLE,,,ONLY_CONSOLIDATED_AVAILABLE,CODAL separate audited financial statements + auditor report
سقاین|1397,سقاین,1397,auditor_opinion_type,MATCHED_SEPARATE_VALID,HTML_MISLABELED_XLSX,سقاين.zip!سقاين_۱۳۹۷_۱۲_۲۹_separate_ن-۱۰_صورت‌های مالی سال مالی منتهی به ۱۳۹۷_۱۲_۲۹ (حسابرسی شده).xlsx,AUDITOR_REPORT_ABSENT_FROM_PAYLOAD,CODAL auditor report (گزارش حسابرس مستقل) for this ticker|fiscal_year
سقاین|1397,سقاین,1397,auditor_report_date,MATCHED_SEPARATE_VALID,HTML_MISLABELED_XLSX,سقاين.zip!سقاين_۱۳۹۷_۱۲_۲۹_separate_ن-۱۰_صورت‌های مالی سال مالی منتهی به ۱۳۹۷_۱۲_۲۹ (حسابرسی شده).xlsx,AUDITOR_REPORT_ABSENT_FROM_PAYLOAD,CODAL auditor report (گزارش حسابرس مستقل) for this ticker|fiscal_year
سقاین|1398,سقاین,1398,auditor_opinion_type,MATCHED_SEPARATE_VALID,HTML_MISLABELED_XLSX,سقاين.zip!سقاين_۱۳۹۸_۱۲_۲۹_separate_ن-۱۰_صورت‌های مالی سال مالی منتهی به ۱۳۹۸_۱۲_۲۹ (حسابرسی شده).xlsx,AUDITOR_REPORT_ABSENT_FROM_PAYLOAD,CODAL auditor report (گزارش حسابرس مستقل) for this ticker|fiscal_year
سقاین|1398,سقاین,1398,auditor_report_date,MATCHED_SEPARATE_VALID,HTML_MISLABELED_XLSX,سقاين.zip!سقاين_۱۳۹۸_۱۲_۲۹_separate_ن-۱۰_صورت‌های مالی سال مالی منتهی به ۱۳۹۸_۱۲_۲۹ (حسابرسی شده).xlsx,AUDITOR_REPORT_ABSENT_FROM_PAYLOAD,CODAL auditor report (گزارش حسابرس مستقل) for this ticker|fiscal_year
سقاین|1399,سقاین,1399,auditor_opinion_type,MATCHED_SEPARATE_VALID,HTML_MISLABELED_XLSX,سقاين.zip!سقاين_۱۳۹۹_۱۲_۳۰_separate_ن-۱۰_صورت‌های مالی سال مالی منتهی به ۱۳۹۹_۱۲_۳۰ (حسابرسی شده).xlsx,AUDITOR_REPORT_ABSENT_FROM_PAYLOAD,CODAL auditor report (گزارش حسابرس مستقل) for this ticker|fiscal_year
سقاین|1399,سقاین,1399,auditor_report_date,MATCHED_SEPARATE_VALID,HTML_MISLABELED_XLSX,سقاين.zip!سقاين_۱۳۹۹_۱۲_۳۰_separate_ن-۱۰_صورت‌های مالی سال مالی منتهی به ۱۳۹۹_۱۲_۳۰ (حسابرسی شده).xlsx,AUDITOR_REPORT_ABSENT_FROM_PAYLOAD,CODAL auditor report (گزارش حسابرس مستقل) for this ticker|fiscal_year
سقاین|1400,سقاین,1400,auditor_opinion_type,MATCHED_SEPARATE_VALID,HTML_MISLABELED_XLSX,سقاين.zip!سقاين_۱۴۰۰_۱۲_۲۹_separate_ن-۱۰_صورت‌های مالی سال مالی منتهی به ۱۴۰۰_۱۲_۲۹ (حسابرسی شده).xlsx,AUDITOR_REPORT_ABSENT_FROM_PAYLOAD,CODAL auditor report (گزارش حسابرس مستقل) for this ticker|fiscal_year
سقاین|1400,سقاین,1400,auditor_report_date,MATCHED_SEPARATE_VALID,HTML_MISLABELED_XLSX,سقاين.zip!سقاين_۱۴۰۰_۱۲_۲۹_separate_ن-۱۰_صورت‌های مالی سال مالی منتهی به ۱۴۰۰_۱۲_۲۹ (حسابرسی شده).xlsx,AUDITOR_REPORT_ABSENT_FROM_PAYLOAD,CODAL auditor report (گزارش حسابرس مستقل) for this ticker|fiscal_year
سقاین|1401,سقاین,1401,auditor_opinion_type,MATCHED_SEPARATE_VALID,HTML_MISLABELED_XLSX,سقاين.zip!سقاين_۱۴۰۱_۱۲_۲۹_separate_ن-۱۰_صورت‌های مالی سال مالی منتهی به ۱۴۰۱_۱۲_۲۹ (حسابرسی شده).xlsx,AUDITOR_REPORT_ABSENT_FROM_PAYLOAD,CODAL auditor report (گزارش حسابرس مستقل) for this ticker|fiscal_year
سقاین|1401,سقاین,1401,auditor_report_date,MATCHED_SEPARATE_VALID,HTML_MISLABELED_XLSX,سقاين.zip!سقاين_۱۴۰۱_۱۲_۲۹_separate_ن-۱۰_صورت‌های مالی سال مالی منتهی به ۱۴۰۱_۱۲_۲۹ (حسابرسی شده).xlsx,AUDITOR_REPORT_ABSENT_FROM_PAYLOAD,CODAL auditor report (گزارش حسابرس مستقل) for this ticker|fiscal_year
سقاین|1402,سقاین,1402,auditor_opinion_type,MATCHED_SEPARATE_VALID,HTML_MISLABELED_XLSX,سقاين.zip!سقاين_۱۴۰۲_۱۲_۲۹_separate_ن-۱۰_صورت‌های مالی سال مالی منتهی به ۱۴۰۲_۱۲_۲۹ (حسابرسی شده).xlsx,AUDITOR_REPORT_ABSENT_FROM_PAYLOAD,CODAL auditor report (گزارش حسابرس مستقل) for this ticker|fiscal_year
سقاین|1402,سقاین,1402,auditor_report_date,MATCHED_SEPARATE_VALID,HTML_MISLABELED_XLSX,سقاين.zip!سقاين_۱۴۰۲_۱۲_۲۹_separate_ن-۱۰_صورت‌های مالی سال مالی منتهی به ۱۴۰۲_۱۲_۲۹ (حسابرسی شده).xlsx,AUDITOR_REPORT_ABSENT_FROM_PAYLOAD,CODAL auditor report (گزارش حسابرس مستقل) for this ticker|fiscal_year
ساراب|1394,ساراب,1394,fiscal_year_end,ONLY_CONSOLIDATED_AVAILABLE,,,ONLY_CONSOLIDATED_AVAILABLE,CODAL separate audited financial statements + auditor report
ساراب|1394,ساراب,1394,auditor_opinion_type,ONLY_CONSOLIDATED_AVAILABLE,,,ONLY_CONSOLIDATED_AVAILABLE,CODAL separate audited financial statements + auditor report
ساراب|1394,ساراب,1394,auditor_report_date,ONLY_CONSOLIDATED_AVAILABLE,,,ONLY_CONSOLIDATED_AVAILABLE,CODAL separate audited financial statements + auditor report
ساراب|1395,ساراب,1395,fiscal_year_end,ONLY_CONSOLIDATED_AVAILABLE,,,ONLY_CONSOLIDATED_AVAILABLE,CODAL separate audited financial statements + auditor report
ساراب|1395,ساراب,1395,auditor_opinion_type,ONLY_CONSOLIDATED_AVAILABLE,,,ONLY_CONSOLIDATED_AVAILABLE,CODAL separate audited financial statements + auditor report
ساراب|1395,ساراب,1395,auditor_report_date,ONLY_CONSOLIDATED_AVAILABLE,,,ONLY_CONSOLIDATED_AVAILABLE,CODAL separate audited financial statements + auditor report
ساراب|1396,ساراب,1396,fiscal_year_end,ONLY_CONSOLIDATED_AVAILABLE,,,ONLY_CONSOLIDATED_AVAILABLE,CODAL separate audited financial statements + auditor report
ساراب|1396,ساراب,1396,auditor_opinion_type,ONLY_CONSOLIDATED_AVAILABLE,,,ONLY_CONSOLIDATED_AVAILABLE,CODAL separate audited financial statements + auditor report
ساراب|1396,ساراب,1396,auditor_report_date,ONLY_CONSOLIDATED_AVAILABLE,,,ONLY_CONSOLIDATED_AVAILABLE,CODAL separate audited financial statements + auditor report
ساراب|1397,ساراب,1397,fiscal_year_end,ONLY_CONSOLIDATED_AVAILABLE,,,ONLY_CONSOLIDATED_AVAILABLE,CODAL separate audited financial statements + auditor report
ساراب|1397,ساراب,1397,auditor_opinion_type,ONLY_CONSOLIDATED_AVAILABLE,,,ONLY_CONSOLIDATED_AVAILABLE,CODAL separate audited financial statements + auditor report
ساراب|1397,ساراب,1397,auditor_report_date,ONLY_CONSOLIDATED_AVAILABLE,,,ONLY_CONSOLIDATED_AVAILABLE,CODAL separate audited financial statements + auditor report
ساراب|1398,ساراب,1398,fiscal_year_end,ONLY_CONSOLIDATED_AVAILABLE,,,ONLY_CONSOLIDATED_AVAILABLE,CODAL separate audited financial statements + auditor report
ساراب|1398,ساراب,1398,auditor_opinion_type,ONLY_CONSOLIDATED_AVAILABLE,,,ONLY_CONSOLIDATED_AVAILABLE,CODAL separate audited financial statements + auditor report
ساراب|1398,ساراب,1398,auditor_report_date,ONLY_CONSOLIDATED_AVAILABLE,,,ONLY_CONSOLIDATED_AVAILABLE,CODAL separate audited financial statements + auditor report
ساراب|1399,ساراب,1399,fiscal_year_end,ONLY_CONSOLIDATED_AVAILABLE,,,ONLY_CONSOLIDATED_AVAILABLE,CODAL separate audited financial statements + auditor report
ساراب|1399,ساراب,1399,auditor_opinion_type,ONLY_CONSOLIDATED_AVAILABLE,,,ONLY_CONSOLIDATED_AVAILABLE,CODAL separate audited financial statements + auditor report
ساراب|1399,ساراب,1399,auditor_report_date,ONLY_CONSOLIDATED_AVAILABLE,,,ONLY_CONSOLIDATED_AVAILABLE,CODAL separate audited financial statements + auditor report
ساراب|1400,ساراب,1400,fiscal_year_end,ONLY_CONSOLIDATED_AVAILABLE,,,ONLY_CONSOLIDATED_AVAILABLE,CODAL separate audited financial statements + auditor report
ساراب|1400,ساراب,1400,auditor_opinion_type,ONLY_CONSOLIDATED_AVAILABLE,,,ONLY_CONSOLIDATED_AVAILABLE,CODAL separate audited financial statements + auditor report
ساراب|1400,ساراب,1400,auditor_report_date,ONLY_CONSOLIDATED_AVAILABLE,,,ONLY_CONSOLIDATED_AVAILABLE,CODAL separate audited financial statements + auditor report
ساراب|1401,ساراب,1401,fiscal_year_end,ONLY_CONSOLIDATED_AVAILABLE,,,ONLY_CONSOLIDATED_AVAILABLE,CODAL separate audited financial statements + auditor report
ساراب|1401,ساراب,1401,auditor_opinion_type,ONLY_CONSOLIDATED_AVAILABLE,,,ONLY_CONSOLIDATED_AVAILABLE,CODAL separate audited financial statements + auditor report
ساراب|1401,ساراب,1401,auditor_report_date,ONLY_CONSOLIDATED_AVAILABLE,,,ONLY_CONSOLIDATED_AVAILABLE,CODAL separate audited financial statements + auditor report
ساراب|1402,ساراب,1402,fiscal_year_end,ONLY_CONSOLIDATED_AVAILABLE,,,ONLY_CONSOLIDATED_AVAILABLE,CODAL separate audited financial statements + auditor report
ساراب|1402,ساراب,1402,auditor_opinion_type,ONLY_CONSOLIDATED_AVAILABLE,,,ONLY_CONSOLIDATED_AVAILABLE,CODAL separate audited financial statements + auditor report
ساراب|1402,ساراب,1402,auditor_report_date,ONLY_CONSOLIDATED_AVAILABLE,,,ONLY_CONSOLIDATED_AVAILABLE,CODAL separate audited financial statements + auditor report
ساربیل|1397,ساربیل,1397,auditor_opinion_type,MATCHED_SEPARATE_VALID,HTML_MISLABELED_XLSX,ساربيل.zip!ساربيل_۱۳۹۷_۰۹_۳۰_separate_ن-۱۰_صورت‌های مالی سال مالی منتهی به ۱۳۹۷_۰۹_۳۰ (حسابرسی شده).xlsx,AUDITOR_REPORT_ABSENT_FROM_PAYLOAD,CODAL auditor report (گزارش حسابرس مستقل) for this ticker|fiscal_year
ساربیل|1397,ساربیل,1397,auditor_report_date,MATCHED_SEPARATE_VALID,HTML_MISLABELED_XLSX,ساربيل.zip!ساربيل_۱۳۹۷_۰۹_۳۰_separate_ن-۱۰_صورت‌های مالی سال مالی منتهی به ۱۳۹۷_۰۹_۳۰ (حسابرسی شده).xlsx,AUDITOR_REPORT_ABSENT_FROM_PAYLOAD,CODAL auditor report (گزارش حسابرس مستقل) for this ticker|fiscal_year
ساربیل|1398,ساربیل,1398,fiscal_year_end,MATCHED_SEPARATE_VALID,HTML_MISLABELED_XLSX,ساربيل.zip!ساربيل_۱۳۹۸_۰۹_۳۰_separate_ن-۱۰_صورت‌های مالی سال مالی منتهی به ۱۳۹۸_۰۹_۳۰ (حسابرسی شده).xlsx,NOT_PRESENT_IN_SOURCE,CODAL auditor report (گزارش حسابرس مستقل) for this ticker|fiscal_year
ساربیل|1398,ساربیل,1398,auditor_opinion_type,MATCHED_SEPARATE_VALID,HTML_MISLABELED_XLSX,ساربيل.zip!ساربيل_۱۳۹۸_۰۹_۳۰_separate_ن-۱۰_صورت‌های مالی سال مالی منتهی به ۱۳۹۸_۰۹_۳۰ (حسابرسی شده).xlsx,AUDITOR_REPORT_ABSENT_FROM_PAYLOAD,CODAL auditor report (گزارش حسابرس مستقل) for this ticker|fiscal_year
ساربیل|1398,ساربیل,1398,auditor_report_date,MATCHED_SEPARATE_VALID,HTML_MISLABELED_XLSX,ساربيل.zip!ساربيل_۱۳۹۸_۰۹_۳۰_separate_ن-۱۰_صورت‌های مالی سال مالی منتهی به ۱۳۹۸_۰۹_۳۰ (حسابرسی شده).xlsx,AUDITOR_REPORT_ABSENT_FROM_PAYLOAD,CODAL auditor report (گزارش حسابرس مستقل) for this ticker|fiscal_year
ساربیل|1399,ساربیل,1399,auditor_opinion_type,MATCHED_SEPARATE_VALID,HTML_MISLABELED_XLSX,ساربيل.zip!ساربيل_۱۳۹۹_۰۹_۳۰_separate_ن-۱۰_صورت‌های مالی سال مالی منتهی به ۱۳۹۹_۰۹_۳۰ (حسابرسی شده).xlsx,AUDITOR_REPORT_ABSENT_FROM_PAYLOAD,CODAL auditor report (گزارش حسابرس مستقل) for this ticker|fiscal_year
ساربیل|1399,ساربیل,1399,auditor_report_date,MATCHED_SEPARATE_VALID,HTML_MISLABELED_XLSX,ساربيل.zip!ساربيل_۱۳۹۹_۰۹_۳۰_separate_ن-۱۰_صورت‌های مالی سال مالی منتهی به ۱۳۹۹_۰۹_۳۰ (حسابرسی شده).xlsx,AUDITOR_REPORT_ABSENT_FROM_PAYLOAD,CODAL auditor report (گزارش حسابرس مستقل) for this ticker|fiscal_year
ساربیل|1400,ساربیل,1400,auditor_opinion_type,MATCHED_SEPARATE_VALID,HTML_MISLABELED_XLSX,ساربيل.zip!ساربيل_۱۴۰۰_۰۹_۳۰_separate_ن-۱۰_صورت‌های مالی سال مالی منتهی به ۱۴۰۰_۰۹_۳۰ (حسابرسی شده).xlsx,AUDITOR_REPORT_ABSENT_FROM_PAYLOAD,CODAL auditor report (گزارش حسابرس مستقل) for this ticker|fiscal_year
ساربیل|1400,ساربیل,1400,auditor_report_date,MATCHED_SEPARATE_VALID,HTML_MISLABELED_XLSX,ساربيل.zip!ساربيل_۱۴۰۰_۰۹_۳۰_separate_ن-۱۰_صورت‌های مالی سال مالی منتهی به ۱۴۰۰_۰۹_۳۰ (حسابرسی شده).xlsx,AUDITOR_REPORT_ABSENT_FROM_PAYLOAD,CODAL auditor report (گزارش حسابرس مستقل) for this ticker|fiscal_year
ساربیل|1401,ساربیل,1401,auditor_opinion_type,MATCHED_SEPARATE_VALID,HTML_MISLABELED_XLSX,ساربيل.zip!ساربيل_۱۴۰۱_۰۹_۳۰_separate_ن-۱۰_صورت‌های مالی سال مالی منتهی به ۱۴۰۱_۰۹_۳۰ (حسابرسی شده).xlsx,AUDITOR_REPORT_ABSENT_FROM_PAYLOAD,CODAL auditor report (گزارش حسابرس مستقل) for this ticker|fiscal_year
ساربیل|1401,ساربیل,1401,auditor_report_date,MATCHED_SEPARATE_VALID,HTML_MISLABELED_XLSX,ساربيل.zip!ساربيل_۱۴۰۱_۰۹_۳۰_separate_ن-۱۰_صورت‌های مالی سال مالی منتهی به ۱۴۰۱_۰۹_۳۰ (حسابرسی شده).xlsx,AUDITOR_REPORT_ABSENT_FROM_PAYLOAD,CODAL auditor report (گزارش حسابرس مستقل) for this ticker|fiscal_year
ساربیل|1402,ساربیل,1402,auditor_opinion_type,MATCHED_SEPARATE_VALID,HTML_MISLABELED_XLSX,ساربيل.zip!ساربيل_۱۴۰۲_۰۹_۳۰_separate_ن-۱۰_صورت‌های مالی سال مالی منتهی به ۱۴۰۲_۰۹_۳۰ (حسابرسی شده).xlsx,AUDITOR_REPORT_ABSENT_FROM_PAYLOAD,CODAL auditor report (گزارش حسابرس مستقل) for this ticker|fiscal_year
ساربیل|1402,ساربیل,1402,auditor_report_date,MATCHED_SEPARATE_VALID,HTML_MISLABELED_XLSX,ساربيل.zip!ساربيل_۱۴۰۲_۰۹_۳۰_separate_ن-۱۰_صورت‌های مالی سال مالی منتهی به ۱۴۰۲_۰۹_۳۰ (حسابرسی شده).xlsx,AUDITOR_REPORT_ABSENT_FROM_PAYLOAD,CODAL auditor report (گزارش حسابرس مستقل) for this ticker|fiscal_year
ساروم|1397,ساروم,1397,auditor_opinion_type,MATCHED_SEPARATE_VALID,HTML_MISLABELED_XLSX,ساروم.zip!ساروم_۱۳۹۷_۱۲_۲۹_separate_ن-۱۰_صورت‌های مالی سال مالی منتهی به ۱۳۹۷_۱۲_۲۹ (حسابرسی شده).xlsx,AUDITOR_REPORT_ABSENT_FROM_PAYLOAD,CODAL auditor report (گزارش حسابرس مستقل) for this ticker|fiscal_year
ساروم|1397,ساروم,1397,auditor_report_date,MATCHED_SEPARATE_VALID,HTML_MISLABELED_XLSX,ساروم.zip!ساروم_۱۳۹۷_۱۲_۲۹_separate_ن-۱۰_صورت‌های مالی سال مالی منتهی به ۱۳۹۷_۱۲_۲۹ (حسابرسی شده).xlsx,AUDITOR_REPORT_ABSENT_FROM_PAYLOAD,CODAL auditor report (گزارش حسابرس مستقل) for this ticker|fiscal_year
ساروم|1398,ساروم,1398,auditor_opinion_type,MATCHED_SEPARATE_VALID,HTML_MISLABELED_XLSX,ساروم.zip!ساروم_۱۳۹۸_۱۲_۲۹_separate_ن-۱۰_صورت‌های مالی سال مالی منتهی به ۱۳۹۸_۱۲_۲۹ (حسابرسی شده).xlsx,AUDITOR_REPORT_ABSENT_FROM_PAYLOAD,CODAL auditor report (گزارش حسابرس مستقل) for this ticker|fiscal_year
ساروم|1398,ساروم,1398,auditor_report_date,MATCHED_SEPARATE_VALID,HTML_MISLABELED_XLSX,ساروم.zip!ساروم_۱۳۹۸_۱۲_۲۹_separate_ن-۱۰_صورت‌های مالی سال مالی منتهی به ۱۳۹۸_۱۲_۲۹ (حسابرسی شده).xlsx,AUDITOR_REPORT_ABSENT_FROM_PAYLOAD,CODAL auditor report (گزارش حسابرس مستقل) for this ticker|fiscal_year
ساروم|1399,ساروم,1399,auditor_opinion_type,MATCHED_SEPARATE_VALID,HTML_MISLABELED_XLSX,ساروم.zip!ساروم_۱۳۹۹_۱۲_۳۰_separate_ن-۱۰_صورت‌های مالی سال مالی منتهی به ۱۳۹۹_۱۲_۳۰ (حسابرسی شده).xlsx,AUDITOR_REPORT_ABSENT_FROM_PAYLOAD,CODAL auditor report (گزارش حسابرس مستقل) for this ticker|fiscal_year
ساروم|1399,ساروم,1399,auditor_report_date,MATCHED_SEPARATE_VALID,HTML_MISLABELED_XLSX,ساروم.zip!ساروم_۱۳۹۹_۱۲_۳۰_separate_ن-۱۰_صورت‌های مالی سال مالی منتهی به ۱۳۹۹_۱۲_۳۰ (حسابرسی شده).xlsx,AUDITOR_REPORT_ABSENT_FROM_PAYLOAD,CODAL auditor report (گزارش حسابرس مستقل) for this ticker|fiscal_year
ساروم|1400,ساروم,1400,auditor_opinion_type,MATCHED_SEPARATE_VALID,HTML_MISLABELED_XLSX,ساروم.zip!ساروم_۱۴۰۰_۱۲_۲۹_separate_ن-۱۰_صورت‌های مالی سال مالی منتهی به ۱۴۰۰_۱۲_۲۹ (حسابرسی شده).xlsx,AUDITOR_REPORT_ABSENT_FROM_PAYLOAD,CODAL auditor report (گزارش حسابرس مستقل) for this ticker|fiscal_year
ساروم|1400,ساروم,1400,auditor_report_date,MATCHED_SEPARATE_VALID,HTML_MISLABELED_XLSX,ساروم.zip!ساروم_۱۴۰۰_۱۲_۲۹_separate_ن-۱۰_صورت‌های مالی سال مالی منتهی به ۱۴۰۰_۱۲_۲۹ (حسابرسی شده).xlsx,AUDITOR_REPORT_ABSENT_FROM_PAYLOAD,CODAL auditor report (گزارش حسابرس مستقل) for this ticker|fiscal_year
ساروم|1401,ساروم,1401,auditor_opinion_type,MATCHED_SEPARATE_VALID,HTML_MISLABELED_XLSX,ساروم.zip!ساروم_۱۴۰۱_۱۲_۲۹_separate_ن-۱۰_صورت‌های مالی سال مالی منتهی به ۱۴۰۱_۱۲_۲۹ (حسابرسی شده).xlsx,AUDITOR_REPORT_ABSENT_FROM_PAYLOAD,CODAL auditor report (گزارش حسابرس مستقل) for this ticker|fiscal_year
ساروم|1401,ساروم,1401,auditor_report_date,MATCHED_SEPARATE_VALID,HTML_MISLABELED_XLSX,ساروم.zip!ساروم_۱۴۰۱_۱۲_۲۹_separate_ن-۱۰_صورت‌های مالی سال مالی منتهی به ۱۴۰۱_۱۲_۲۹ (حسابرسی شده).xlsx,AUDITOR_REPORT_ABSENT_FROM_PAYLOAD,CODAL auditor report (گزارش حسابرس مستقل) for this ticker|fiscal_year
ساروم|1402,ساروم,1402,auditor_opinion_type,MATCHED_SEPARATE_VALID,HTML_MISLABELED_XLSX,ساروم.zip!ساروم_۱۴۰۲_۱۲_۲۹_separate_ن-۱۰_صورت‌های مالی سال مالی منتهی به ۱۴۰۲_۱۲_۲۹ (حسابرسی شده).xlsx,AUDITOR_REPORT_ABSENT_FROM_PAYLOAD,CODAL auditor report (گزارش حسابرس مستقل) for this ticker|fiscal_year
ساروم|1402,ساروم,1402,auditor_report_date,MATCHED_SEPARATE_VALID,HTML_MISLABELED_XLSX,ساروم.zip!ساروم_۱۴۰۲_۱۲_۲۹_separate_ن-۱۰_صورت‌های مالی سال مالی منتهی به ۱۴۰۲_۱۲_۲۹ (حسابرسی شده).xlsx,AUDITOR_REPORT_ABSENT_FROM_PAYLOAD,CODAL auditor report (گزارش حسابرس مستقل) for this ticker|fiscal_year
سبهان|1397,سبهان,1397,auditor_opinion_type,MATCHED_SEPARATE_VALID,HTML_MISLABELED_XLSX,سبهان.zip!سبهان_۱۳۹۷_۱۲_۲۹_separate_ن-۱۰_صورت‌های مالی سال مالی منتهی به ۱۳۹۷_۱۲_۲۹ (حسابرسی شده).xlsx,AUDITOR_REPORT_ABSENT_FROM_PAYLOAD,CODAL auditor report (گزارش حسابرس مستقل) for this ticker|fiscal_year
سبهان|1397,سبهان,1397,auditor_report_date,MATCHED_SEPARATE_VALID,HTML_MISLABELED_XLSX,سبهان.zip!سبهان_۱۳۹۷_۱۲_۲۹_separate_ن-۱۰_صورت‌های مالی سال مالی منتهی به ۱۳۹۷_۱۲_۲۹ (حسابرسی شده).xlsx,AUDITOR_REPORT_ABSENT_FROM_PAYLOAD,CODAL auditor report (گزارش حسابرس مستقل) for this ticker|fiscal_year
سبهان|1398,سبهان,1398,auditor_opinion_type,MATCHED_SEPARATE_VALID,HTML_MISLABELED_XLSX,سبهان.zip!سبهان_۱۳۹۸_۱۲_۲۹_separate_ن-۱۰_صورت‌های مالی سال مالی منتهی به ۱۳۹۸_۱۲_۲۹ (حسابرسی شده).xlsx,AUDITOR_REPORT_ABSENT_FROM_PAYLOAD,CODAL auditor report (گزارش حسابرس مستقل) for this ticker|fiscal_year
سبهان|1398,سبهان,1398,auditor_report_date,MATCHED_SEPARATE_VALID,HTML_MISLABELED_XLSX,سبهان.zip!سبهان_۱۳۹۸_۱۲_۲۹_separate_ن-۱۰_صورت‌های مالی سال مالی منتهی به ۱۳۹۸_۱۲_۲۹ (حسابرسی شده).xlsx,AUDITOR_REPORT_ABSENT_FROM_PAYLOAD,CODAL auditor report (گزارش حسابرس مستقل) for this ticker|fiscal_year
سبهان|1399,سبهان,1399,auditor_opinion_type,MATCHED_SEPARATE_VALID,HTML_MISLABELED_XLSX,سبهان.zip!سبهان_۱۳۹۹_۱۲_۳۰_separate_ن-۱۰_صورت‌های مالی سال مالی منتهی به ۱۳۹۹_۱۲_۳۰ (حسابرسی شده).xlsx,AUDITOR_REPORT_ABSENT_FROM_PAYLOAD,CODAL auditor report (گزارش حسابرس مستقل) for this ticker|fiscal_year
سبهان|1399,سبهان,1399,auditor_report_date,MATCHED_SEPARATE_VALID,HTML_MISLABELED_XLSX,سبهان.zip!سبهان_۱۳۹۹_۱۲_۳۰_separate_ن-۱۰_صورت‌های مالی سال مالی منتهی به ۱۳۹۹_۱۲_۳۰ (حسابرسی شده).xlsx,AUDITOR_REPORT_ABSENT_FROM_PAYLOAD,CODAL auditor report (گزارش حسابرس مستقل) for this ticker|fiscal_year
سبهان|1400,سبهان,1400,auditor_opinion_type,MATCHED_SEPARATE_VALID,HTML_MISLABELED_XLSX,سبهان.zip!سبهان_۱۴۰۰_۱۲_۲۹_separate_ن-۱۰_صورت‌های مالی سال مالی منتهی به ۱۴۰۰_۱۲_۲۹ (حسابرسی شده).xlsx,AUDITOR_REPORT_ABSENT_FROM_PAYLOAD,CODAL auditor report (گزارش حسابرس مستقل) for this ticker|fiscal_year
سبهان|1400,سبهان,1400,auditor_report_date,MATCHED_SEPARATE_VALID,HTML_MISLABELED_XLSX,سبهان.zip!سبهان_۱۴۰۰_۱۲_۲۹_separate_ن-۱۰_صورت‌های مالی سال مالی منتهی به ۱۴۰۰_۱۲_۲۹ (حسابرسی شده).xlsx,AUDITOR_REPORT_ABSENT_FROM_PAYLOAD,CODAL auditor report (گزارش حسابرس مستقل) for this ticker|fiscal_year
سبهان|1401,سبهان,1401,auditor_opinion_type,MATCHED_SEPARATE_VALID,HTML_MISLABELED_XLSX,سبهان.zip!سبهان_۱۴۰۱_۱۲_۲۹_separate_ن-۱۰_صورت‌های مالی سال مالی منتهی به ۱۴۰۱_۱۲_۲۹ (حسابرسی شده).xlsx,AUDITOR_REPORT_ABSENT_FROM_PAYLOAD,CODAL auditor report (گزارش حسابرس مستقل) for this ticker|fiscal_year
سبهان|1401,سبهان,1401,auditor_report_date,MATCHED_SEPARATE_VALID,HTML_MISLABELED_XLSX,سبهان.zip!سبهان_۱۴۰۱_۱۲_۲۹_separate_ن-۱۰_صورت‌های مالی سال مالی منتهی به ۱۴۰۱_۱۲_۲۹ (حسابرسی شده).xlsx,AUDITOR_REPORT_ABSENT_FROM_PAYLOAD,CODAL auditor report (گزارش حسابرس مستقل) for this ticker|fiscal_year
سبهان|1402,سبهان,1402,auditor_opinion_type,MATCHED_SEPARATE_VALID,HTML_MISLABELED_XLSX,سبهان.zip!سبهان_۱۴۰۲_۱۲_۲۹_separate_ن-۱۰_صورت‌های مالی سال مالی منتهی به ۱۴۰۲_۱۲_۲۹ (حسابرسی شده).xlsx,AUDITOR_REPORT_ABSENT_FROM_PAYLOAD,CODAL auditor report (گزارش حسابرس مستقل) for this ticker|fiscal_year
سبهان|1402,سبهان,1402,auditor_report_date,MATCHED_SEPARATE_VALID,HTML_MISLABELED_XLSX,سبهان.zip!سبهان_۱۴۰۲_۱۲_۲۹_separate_ن-۱۰_صورت‌های مالی سال مالی منتهی به ۱۴۰۲_۱۲_۲۹ (حسابرسی شده).xlsx,AUDITOR_REPORT_ABSENT_FROM_PAYLOAD,CODAL auditor report (گزارش حسابرس مستقل) for this ticker|fiscal_year
سدشت|1395,سدشت,1395,fiscal_year_end,ONLY_CONSOLIDATED_AVAILABLE,,,ONLY_CONSOLIDATED_AVAILABLE,CODAL separate audited financial statements + auditor report
سدشت|1395,سدشت,1395,auditor_opinion_type,ONLY_CONSOLIDATED_AVAILABLE,,,ONLY_CONSOLIDATED_AVAILABLE,CODAL separate audited financial statements + auditor report
سدشت|1395,سدشت,1395,auditor_report_date,ONLY_CONSOLIDATED_AVAILABLE,,,ONLY_CONSOLIDATED_AVAILABLE,CODAL separate audited financial statements + auditor report
سدشت|1396,سدشت,1396,fiscal_year_end,ONLY_CONSOLIDATED_AVAILABLE,,,ONLY_CONSOLIDATED_AVAILABLE,CODAL separate audited financial statements + auditor report
سدشت|1396,سدشت,1396,auditor_opinion_type,ONLY_CONSOLIDATED_AVAILABLE,,,ONLY_CONSOLIDATED_AVAILABLE,CODAL separate audited financial statements + auditor report
سدشت|1396,سدشت,1396,auditor_report_date,ONLY_CONSOLIDATED_AVAILABLE,,,ONLY_CONSOLIDATED_AVAILABLE,CODAL separate audited financial statements + auditor report
سدشت|1397,سدشت,1397,fiscal_year_end,ONLY_CONSOLIDATED_AVAILABLE,,,ONLY_CONSOLIDATED_AVAILABLE,CODAL separate audited financial statements + auditor report
سدشت|1397,سدشت,1397,auditor_opinion_type,ONLY_CONSOLIDATED_AVAILABLE,,,ONLY_CONSOLIDATED_AVAILABLE,CODAL separate audited financial statements + auditor report
سدشت|1397,سدشت,1397,auditor_report_date,ONLY_CONSOLIDATED_AVAILABLE,,,ONLY_CONSOLIDATED_AVAILABLE,CODAL separate audited financial statements + auditor report
سدشت|1398,سدشت,1398,fiscal_year_end,ONLY_CONSOLIDATED_AVAILABLE,,,ONLY_CONSOLIDATED_AVAILABLE,CODAL separate audited financial statements + auditor report
سدشت|1398,سدشت,1398,auditor_opinion_type,ONLY_CONSOLIDATED_AVAILABLE,,,ONLY_CONSOLIDATED_AVAILABLE,CODAL separate audited financial statements + auditor report
سدشت|1398,سدشت,1398,auditor_report_date,ONLY_CONSOLIDATED_AVAILABLE,,,ONLY_CONSOLIDATED_AVAILABLE,CODAL separate audited financial statements + auditor report
سدشت|1399,سدشت,1399,fiscal_year_end,ONLY_CONSOLIDATED_AVAILABLE,,,ONLY_CONSOLIDATED_AVAILABLE,CODAL separate audited financial statements + auditor report
سدشت|1399,سدشت,1399,auditor_opinion_type,ONLY_CONSOLIDATED_AVAILABLE,,,ONLY_CONSOLIDATED_AVAILABLE,CODAL separate audited financial statements + auditor report
سدشت|1399,سدشت,1399,auditor_report_date,ONLY_CONSOLIDATED_AVAILABLE,,,ONLY_CONSOLIDATED_AVAILABLE,CODAL separate audited financial statements + auditor report
سدشت|1400,سدشت,1400,fiscal_year_end,ONLY_CONSOLIDATED_AVAILABLE,,,ONLY_CONSOLIDATED_AVAILABLE,CODAL separate audited financial statements + auditor report
سدشت|1400,سدشت,1400,auditor_opinion_type,ONLY_CONSOLIDATED_AVAILABLE,,,ONLY_CONSOLIDATED_AVAILABLE,CODAL separate audited financial statements + auditor report
سدشت|1400,سدشت,1400,auditor_report_date,ONLY_CONSOLIDATED_AVAILABLE,,,ONLY_CONSOLIDATED_AVAILABLE,CODAL separate audited financial statements + auditor report
سدشت|1401,سدشت,1401,fiscal_year_end,ONLY_CONSOLIDATED_AVAILABLE,,,ONLY_CONSOLIDATED_AVAILABLE,CODAL separate audited financial statements + auditor report
سدشت|1401,سدشت,1401,auditor_opinion_type,ONLY_CONSOLIDATED_AVAILABLE,,,ONLY_CONSOLIDATED_AVAILABLE,CODAL separate audited financial statements + auditor report
سدشت|1401,سدشت,1401,auditor_report_date,ONLY_CONSOLIDATED_AVAILABLE,,,ONLY_CONSOLIDATED_AVAILABLE,CODAL separate audited financial statements + auditor report
سدشت|1402,سدشت,1402,fiscal_year_end,ONLY_CONSOLIDATED_AVAILABLE,,,ONLY_CONSOLIDATED_AVAILABLE,CODAL separate audited financial statements + auditor report
سدشت|1402,سدشت,1402,auditor_opinion_type,ONLY_CONSOLIDATED_AVAILABLE,,,ONLY_CONSOLIDATED_AVAILABLE,CODAL separate audited financial statements + auditor report
سدشت|1402,سدشت,1402,auditor_report_date,ONLY_CONSOLIDATED_AVAILABLE,,,ONLY_CONSOLIDATED_AVAILABLE,CODAL separate audited financial statements + auditor report
سدور|1397,سدور,1397,auditor_opinion_type,MATCHED_SEPARATE_VALID,HTML_MISLABELED_XLSX,سدور.zip!سدور_۱۳۹۷_۱۲_۲۹_separate_ن-۱۰_صورت‌های مالی سال مالی منتهی به ۱۳۹۷_۱۲_۲۹ (حسابرسی شده).xlsx,AUDITOR_REPORT_ABSENT_FROM_PAYLOAD,CODAL auditor report (گزارش حسابرس مستقل) for this ticker|fiscal_year
سدور|1397,سدور,1397,auditor_report_date,MATCHED_SEPARATE_VALID,HTML_MISLABELED_XLSX,سدور.zip!سدور_۱۳۹۷_۱۲_۲۹_separate_ن-۱۰_صورت‌های مالی سال مالی منتهی به ۱۳۹۷_۱۲_۲۹ (حسابرسی شده).xlsx,AUDITOR_REPORT_ABSENT_FROM_PAYLOAD,CODAL auditor report (گزارش حسابرس مستقل) for this ticker|fiscal_year
سدور|1398,سدور,1398,auditor_opinion_type,MATCHED_SEPARATE_CORRECTION_SELECTED,HTML_MISLABELED_XLSX,سدور.zip!سدور_۱۳۹۸_۱۲_۲۹_separate_ن-۱۰_صورت‌های مالی سال مالی منتهی به ۱۳۹۸_۱۲_۲۹ (حسابرسی شده)(اصلاحیه).xlsx,AUDITOR_REPORT_ABSENT_FROM_PAYLOAD,CODAL auditor report (گزارش حسابرس مستقل) for this ticker|fiscal_year
سدور|1398,سدور,1398,auditor_report_date,MATCHED_SEPARATE_CORRECTION_SELECTED,HTML_MISLABELED_XLSX,سدور.zip!سدور_۱۳۹۸_۱۲_۲۹_separate_ن-۱۰_صورت‌های مالی سال مالی منتهی به ۱۳۹۸_۱۲_۲۹ (حسابرسی شده)(اصلاحیه).xlsx,AUDITOR_REPORT_ABSENT_FROM_PAYLOAD,CODAL auditor report (گزارش حسابرس مستقل) for this ticker|fiscal_year
سدور|1399,سدور,1399,auditor_opinion_type,MATCHED_SEPARATE_VALID,HTML_MISLABELED_XLSX,سدور.zip!سدور_۱۳۹۹_۱۲_۳۰_separate_ن-۱۰_صورت‌های مالی سال مالی منتهی به ۱۳۹۹_۱۲_۳۰ (حسابرسی شده).xlsx,AUDITOR_REPORT_ABSENT_FROM_PAYLOAD,CODAL auditor report (گزارش حسابرس مستقل) for this ticker|fiscal_year
سدور|1399,سدور,1399,auditor_report_date,MATCHED_SEPARATE_VALID,HTML_MISLABELED_XLSX,سدور.zip!سدور_۱۳۹۹_۱۲_۳۰_separate_ن-۱۰_صورت‌های مالی سال مالی منتهی به ۱۳۹۹_۱۲_۳۰ (حسابرسی شده).xlsx,AUDITOR_REPORT_ABSENT_FROM_PAYLOAD,CODAL auditor report (گزارش حسابرس مستقل) for this ticker|fiscal_year
سدور|1400,سدور,1400,auditor_opinion_type,MATCHED_SEPARATE_VALID,HTML_MISLABELED_XLSX,سدور.zip!سدور_۱۴۰۰_۱۲_۲۹_separate_ن-۱۰_صورت‌های مالی سال مالی منتهی به ۱۴۰۰_۱۲_۲۹ (حسابرسی شده).xlsx,AUDITOR_REPORT_ABSENT_FROM_PAYLOAD,CODAL auditor report (گزارش حسابرس مستقل) for this ticker|fiscal_year
سدور|1400,سدور,1400,auditor_report_date,MATCHED_SEPARATE_VALID,HTML_MISLABELED_XLSX,سدور.zip!سدور_۱۴۰۰_۱۲_۲۹_separate_ن-۱۰_صورت‌های مالی سال مالی منتهی به ۱۴۰۰_۱۲_۲۹ (حسابرسی شده).xlsx,AUDITOR_REPORT_ABSENT_FROM_PAYLOAD,CODAL auditor report (گزارش حسابرس مستقل) for this ticker|fiscal_year
سدور|1401,سدور,1401,auditor_opinion_type,MATCHED_SEPARATE_VALID,HTML_MISLABELED_XLSX,سدور.zip!سدور_۱۴۰۱_۱۲_۲۹_separate_ن-۱۰_صورت‌های مالی سال مالی منتهی به ۱۴۰۱_۱۲_۲۹ (حسابرسی شده).xlsx,AUDITOR_REPORT_ABSENT_FROM_PAYLOAD,CODAL auditor report (گزارش حسابرس مستقل) for this ticker|fiscal_year
سدور|1401,سدور,1401,auditor_report_date,MATCHED_SEPARATE_VALID,HTML_MISLABELED_XLSX,سدور.zip!سدور_۱۴۰۱_۱۲_۲۹_separate_ن-۱۰_صورت‌های مالی سال مالی منتهی به ۱۴۰۱_۱۲_۲۹ (حسابرسی شده).xlsx,AUDITOR_REPORT_ABSENT_FROM_PAYLOAD,CODAL auditor report (گزارش حسابرس مستقل) for this ticker|fiscal_year
سدور|1402,سدور,1402,auditor_opinion_type,MATCHED_SEPARATE_VALID,HTML_MISLABELED_XLSX,سدور.zip!سدور_۱۴۰۲_۱۲_۲۹_separate_ن-۱۰_صورت‌های مالی سال مالی منتهی به ۱۴۰۲_۱۲_۲۹ (حسابرسی شده).xlsx,AUDITOR_REPORT_ABSENT_FROM_PAYLOAD,CODAL auditor report (گزارش حسابرس مستقل) for this ticker|fiscal_year
سدور|1402,سدور,1402,auditor_report_date,MATCHED_SEPARATE_VALID,HTML_MISLABELED_XLSX,سدور.zip!سدور_۱۴۰۲_۱۲_۲۹_separate_ن-۱۰_صورت‌های مالی سال مالی منتهی به ۱۴۰۲_۱۲_۲۹ (حسابرسی شده).xlsx,AUDITOR_REPORT_ABSENT_FROM_PAYLOAD,CODAL auditor report (گزارش حسابرس مستقل) for this ticker|fiscal_year
سشرق|1396,سشرق,1396,fiscal_year_end,ONLY_CONSOLIDATED_AVAILABLE,,,ONLY_CONSOLIDATED_AVAILABLE,CODAL separate audited financial statements + auditor report
سشرق|1396,سشرق,1396,auditor_opinion_type,ONLY_CONSOLIDATED_AVAILABLE,,,ONLY_CONSOLIDATED_AVAILABLE,CODAL separate audited financial statements + auditor report
سشرق|1396,سشرق,1396,auditor_report_date,ONLY_CONSOLIDATED_AVAILABLE,,,ONLY_CONSOLIDATED_AVAILABLE,CODAL separate audited financial statements + auditor report
سشرق|1397,سشرق,1397,fiscal_year_end,ONLY_CONSOLIDATED_AVAILABLE,,,ONLY_CONSOLIDATED_AVAILABLE,CODAL separate audited financial statements + auditor report
سشرق|1397,سشرق,1397,auditor_opinion_type,ONLY_CONSOLIDATED_AVAILABLE,,,ONLY_CONSOLIDATED_AVAILABLE,CODAL separate audited financial statements + auditor report
سشرق|1397,سشرق,1397,auditor_report_date,ONLY_CONSOLIDATED_AVAILABLE,,,ONLY_CONSOLIDATED_AVAILABLE,CODAL separate audited financial statements + auditor report
سشرق|1398,سشرق,1398,fiscal_year_end,ONLY_CONSOLIDATED_AVAILABLE,,,ONLY_CONSOLIDATED_AVAILABLE,CODAL separate audited financial statements + auditor report
سشرق|1398,سشرق,1398,auditor_opinion_type,ONLY_CONSOLIDATED_AVAILABLE,,,ONLY_CONSOLIDATED_AVAILABLE,CODAL separate audited financial statements + auditor report
سشرق|1398,سشرق,1398,auditor_report_date,ONLY_CONSOLIDATED_AVAILABLE,,,ONLY_CONSOLIDATED_AVAILABLE,CODAL separate audited financial statements + auditor report
سشرق|1399,سشرق,1399,fiscal_year_end,ONLY_CONSOLIDATED_AVAILABLE,,,ONLY_CONSOLIDATED_AVAILABLE,CODAL separate audited financial statements + auditor report
سشرق|1399,سشرق,1399,auditor_opinion_type,ONLY_CONSOLIDATED_AVAILABLE,,,ONLY_CONSOLIDATED_AVAILABLE,CODAL separate audited financial statements + auditor report
سشرق|1399,سشرق,1399,auditor_report_date,ONLY_CONSOLIDATED_AVAILABLE,,,ONLY_CONSOLIDATED_AVAILABLE,CODAL separate audited financial statements + auditor report
سشرق|1400,سشرق,1400,fiscal_year_end,ONLY_CONSOLIDATED_AVAILABLE,,,ONLY_CONSOLIDATED_AVAILABLE,CODAL separate audited financial statements + auditor report
سشرق|1400,سشرق,1400,auditor_opinion_type,ONLY_CONSOLIDATED_AVAILABLE,,,ONLY_CONSOLIDATED_AVAILABLE,CODAL separate audited financial statements + auditor report
سشرق|1400,سشرق,1400,auditor_report_date,ONLY_CONSOLIDATED_AVAILABLE,,,ONLY_CONSOLIDATED_AVAILABLE,CODAL separate audited financial statements + auditor report
سشرق|1401,سشرق,1401,fiscal_year_end,ONLY_CONSOLIDATED_AVAILABLE,,,ONLY_CONSOLIDATED_AVAILABLE,CODAL separate audited financial statements + auditor report
سشرق|1401,سشرق,1401,auditor_opinion_type,ONLY_CONSOLIDATED_AVAILABLE,,,ONLY_CONSOLIDATED_AVAILABLE,CODAL separate audited financial statements + auditor report
سشرق|1401,سشرق,1401,auditor_report_date,ONLY_CONSOLIDATED_AVAILABLE,,,ONLY_CONSOLIDATED_AVAILABLE,CODAL separate audited financial statements + auditor report
سشرق|1402,سشرق,1402,fiscal_year_end,ONLY_CONSOLIDATED_AVAILABLE,,,ONLY_CONSOLIDATED_AVAILABLE,CODAL separate audited financial statements + auditor report
سشرق|1402,سشرق,1402,auditor_opinion_type,ONLY_CONSOLIDATED_AVAILABLE,,,ONLY_CONSOLIDATED_AVAILABLE,CODAL separate audited financial statements + auditor report
سشرق|1402,سشرق,1402,auditor_report_date,ONLY_CONSOLIDATED_AVAILABLE,,,ONLY_CONSOLIDATED_AVAILABLE,CODAL separate audited financial statements + auditor report
تاپیکو|1398,تاپیکو,1398,auditor_opinion_type,MATCHED_SEPARATE_VALID,HTML_MISLABELED_XLSX,تاپيكو.zip!تاپيكو_۱۳۹۸_۰۲_۳۱_separate_ن-۱۰_صورت‌های مالی سال مالی منتهی به ۱۳۹۸_۰۲_۳۱ (حسابرسی شده).xlsx,AUDITOR_REPORT_ABSENT_FROM_PAYLOAD,CODAL auditor report (گزارش حسابرس مستقل) for this ticker|fiscal_year
تاپیکو|1398,تاپیکو,1398,auditor_report_date,MATCHED_SEPARATE_VALID,HTML_MISLABELED_XLSX,تاپيكو.zip!تاپيكو_۱۳۹۸_۰۲_۳۱_separate_ن-۱۰_صورت‌های مالی سال مالی منتهی به ۱۳۹۸_۰۲_۳۱ (حسابرسی شده).xlsx,AUDITOR_REPORT_ABSENT_FROM_PAYLOAD,CODAL auditor report (گزارش حسابرس مستقل) for this ticker|fiscal_year
تاپیکو|1399,تاپیکو,1399,auditor_opinion_type,MATCHED_SEPARATE_VALID,HTML_MISLABELED_XLSX,تاپيكو.zip!تاپيكو_۱۳۹۹_۰۲_۳۱_separate_ن-۱۰_صورت‌های مالی سال مالی منتهی به ۱۳۹۹_۰۲_۳۱ (حسابرسی شده).xlsx,AUDITOR_REPORT_ABSENT_FROM_PAYLOAD,CODAL auditor report (گزارش حسابرس مستقل) for this ticker|fiscal_year
تاپیکو|1399,تاپیکو,1399,auditor_report_date,MATCHED_SEPARATE_VALID,HTML_MISLABELED_XLSX,تاپيكو.zip!تاپيكو_۱۳۹۹_۰۲_۳۱_separate_ن-۱۰_صورت‌های مالی سال مالی منتهی به ۱۳۹۹_۰۲_۳۱ (حسابرسی شده).xlsx,AUDITOR_REPORT_ABSENT_FROM_PAYLOAD,CODAL auditor report (گزارش حسابرس مستقل) for this ticker|fiscal_year
تاپیکو|1400,تاپیکو,1400,auditor_opinion_type,MATCHED_SEPARATE_VALID,HTML_MISLABELED_XLSX,تاپيكو.zip!تاپيكو_۱۴۰۰_۰۲_۳۱_separate_ن-۱۰_صورت‌های مالی سال مالی منتهی به ۱۴۰۰_۰۲_۳۱ (حسابرسی شده).xlsx,AUDITOR_REPORT_ABSENT_FROM_PAYLOAD,CODAL auditor report (گزارش حسابرس مستقل) for this ticker|fiscal_year
تاپیکو|1400,تاپیکو,1400,auditor_report_date,MATCHED_SEPARATE_VALID,HTML_MISLABELED_XLSX,تاپيكو.zip!تاپيكو_۱۴۰۰_۰۲_۳۱_separate_ن-۱۰_صورت‌های مالی سال مالی منتهی به ۱۴۰۰_۰۲_۳۱ (حسابرسی شده).xlsx,AUDITOR_REPORT_ABSENT_FROM_PAYLOAD,CODAL auditor report (گزارش حسابرس مستقل) for this ticker|fiscal_year
تاپیکو|1401,تاپیکو,1401,auditor_opinion_type,MATCHED_SEPARATE_VALID,HTML_MISLABELED_XLSX,تاپيكو.zip!تاپيكو_۱۴۰۱_۰۲_۳۱_separate_ن-۱۰_صورت‌های مالی سال مالی منتهی به ۱۴۰۱_۰۲_۳۱ (حسابرسی شده).xlsx,AUDITOR_REPORT_ABSENT_FROM_PAYLOAD,CODAL auditor report (گزارش حسابرس مستقل) for this ticker|fiscal_year
تاپیکو|1401,تاپیکو,1401,auditor_report_date,MATCHED_SEPARATE_VALID,HTML_MISLABELED_XLSX,تاپيكو.zip!تاپيكو_۱۴۰۱_۰۲_۳۱_separate_ن-۱۰_صورت‌های مالی سال مالی منتهی به ۱۴۰۱_۰۲_۳۱ (حسابرسی شده).xlsx,AUDITOR_REPORT_ABSENT_FROM_PAYLOAD,CODAL auditor report (گزارش حسابرس مستقل) for this ticker|fiscal_year
تاپیکو|1402,تاپیکو,1402,fiscal_year_end,MATCHED_SEPARATE_VALID,HTML_MISLABELED_XLSX,تاپيكو.zip!تاپيكو_۱۴۰۲_۰۲_۳۱_separate_ن-۱۰_صورت‌های مالی سال مالی منتهی به ۱۴۰۲_۰۲_۳۱ (حسابرسی شده).xlsx,NOT_PRESENT_IN_SOURCE,CODAL auditor report (گزارش حسابرس مستقل) for this ticker|fiscal_year
تاپیکو|1402,تاپیکو,1402,auditor_opinion_type,MATCHED_SEPARATE_VALID,HTML_MISLABELED_XLSX,تاپيكو.zip!تاپيكو_۱۴۰۲_۰۲_۳۱_separate_ن-۱۰_صورت‌های مالی سال مالی منتهی به ۱۴۰۲_۰۲_۳۱ (حسابرسی شده).xlsx,AUDITOR_REPORT_ABSENT_FROM_PAYLOAD,CODAL auditor report (گزارش حسابرس مستقل) for this ticker|fiscal_year
تاپیکو|1402,تاپیکو,1402,auditor_report_date,MATCHED_SEPARATE_VALID,HTML_MISLABELED_XLSX,تاپيكو.zip!تاپيكو_۱۴۰۲_۰۲_۳۱_separate_ن-۱۰_صورت‌های مالی سال مالی منتهی به ۱۴۰۲_۰۲_۳۱ (حسابرسی شده).xlsx,AUDITOR_REPORT_ABSENT_FROM_PAYLOAD,CODAL auditor report (گزارش حسابرس مستقل) for this ticker|fiscal_year
تکمبا|1393,تکمبا,1393,fiscal_year_end,NO_ARCHIVE_MATCH,,,NO_ARCHIVE_MATCH,CODAL separate audited financial statements + auditor report
تکمبا|1393,تکمبا,1393,auditor_opinion_type,NO_ARCHIVE_MATCH,,,NO_ARCHIVE_MATCH,CODAL separate audited financial statements + auditor report
تکمبا|1393,تکمبا,1393,auditor_report_date,NO_ARCHIVE_MATCH,,,NO_ARCHIVE_MATCH,CODAL separate audited financial statements + auditor report
تکمبا|1394,تکمبا,1394,fiscal_year_end,NO_ARCHIVE_MATCH,,,NO_ARCHIVE_MATCH,CODAL separate audited financial statements + auditor report
تکمبا|1394,تکمبا,1394,auditor_opinion_type,NO_ARCHIVE_MATCH,,,NO_ARCHIVE_MATCH,CODAL separate audited financial statements + auditor report
تکمبا|1394,تکمبا,1394,auditor_report_date,NO_ARCHIVE_MATCH,,,NO_ARCHIVE_MATCH,CODAL separate audited financial statements + auditor report
تکمبا|1395,تکمبا,1395,fiscal_year_end,NO_ARCHIVE_MATCH,,,NO_ARCHIVE_MATCH,CODAL separate audited financial statements + auditor report
تکمبا|1395,تکمبا,1395,auditor_opinion_type,NO_ARCHIVE_MATCH,,,NO_ARCHIVE_MATCH,CODAL separate audited financial statements + auditor report
تکمبا|1395,تکمبا,1395,auditor_report_date,NO_ARCHIVE_MATCH,,,NO_ARCHIVE_MATCH,CODAL separate audited financial statements + auditor report
تکمبا|1396,تکمبا,1396,fiscal_year_end,NO_ARCHIVE_MATCH,,,NO_ARCHIVE_MATCH,CODAL separate audited financial statements + auditor report
تکمبا|1396,تکمبا,1396,auditor_opinion_type,NO_ARCHIVE_MATCH,,,NO_ARCHIVE_MATCH,CODAL separate audited financial statements + auditor report
تکمبا|1396,تکمبا,1396,auditor_report_date,NO_ARCHIVE_MATCH,,,NO_ARCHIVE_MATCH,CODAL separate audited financial statements + auditor report
تکمبا|1397,تکمبا,1397,fiscal_year_end,NO_ARCHIVE_MATCH,,,NO_ARCHIVE_MATCH,CODAL separate audited financial statements + auditor report
تکمبا|1397,تکمبا,1397,auditor_opinion_type,NO_ARCHIVE_MATCH,,,NO_ARCHIVE_MATCH,CODAL separate audited financial statements + auditor report
تکمبا|1397,تکمبا,1397,auditor_report_date,NO_ARCHIVE_MATCH,,,NO_ARCHIVE_MATCH,CODAL separate audited financial statements + auditor report
تکمبا|1398,تکمبا,1398,fiscal_year_end,NO_ARCHIVE_MATCH,,,NO_ARCHIVE_MATCH,CODAL separate audited financial statements + auditor report
تکمبا|1398,تکمبا,1398,auditor_opinion_type,NO_ARCHIVE_MATCH,,,NO_ARCHIVE_MATCH,CODAL separate audited financial statements + auditor report
تکمبا|1398,تکمبا,1398,auditor_report_date,NO_ARCHIVE_MATCH,,,NO_ARCHIVE_MATCH,CODAL separate audited financial statements + auditor report
تکمبا|1399,تکمبا,1399,fiscal_year_end,NO_ARCHIVE_MATCH,,,NO_ARCHIVE_MATCH,CODAL separate audited financial statements + auditor report
تکمبا|1399,تکمبا,1399,auditor_opinion_type,NO_ARCHIVE_MATCH,,,NO_ARCHIVE_MATCH,CODAL separate audited financial statements + auditor report
تکمبا|1399,تکمبا,1399,auditor_report_date,NO_ARCHIVE_MATCH,,,NO_ARCHIVE_MATCH,CODAL separate audited financial statements + auditor report
تکمبا|1400,تکمبا,1400,fiscal_year_end,NO_ARCHIVE_MATCH,,,NO_ARCHIVE_MATCH,CODAL separate audited financial statements + auditor report
تکمبا|1400,تکمبا,1400,auditor_opinion_type,NO_ARCHIVE_MATCH,,,NO_ARCHIVE_MATCH,CODAL separate audited financial statements + auditor report
تکمبا|1400,تکمبا,1400,auditor_report_date,NO_ARCHIVE_MATCH,,,NO_ARCHIVE_MATCH,CODAL separate audited financial statements + auditor report
تکمبا|1401,تکمبا,1401,fiscal_year_end,NO_ARCHIVE_MATCH,,,NO_ARCHIVE_MATCH,CODAL separate audited financial statements + auditor report
تکمبا|1401,تکمبا,1401,auditor_opinion_type,NO_ARCHIVE_MATCH,,,NO_ARCHIVE_MATCH,CODAL separate audited financial statements + auditor report
تکمبا|1401,تکمبا,1401,auditor_report_date,NO_ARCHIVE_MATCH,,,NO_ARCHIVE_MATCH,CODAL separate audited financial statements + auditor report
تکمبا|1402,تکمبا,1402,fiscal_year_end,NO_ARCHIVE_MATCH,,,NO_ARCHIVE_MATCH,CODAL separate audited financial statements + auditor report
تکمبا|1402,تکمبا,1402,auditor_opinion_type,NO_ARCHIVE_MATCH,,,NO_ARCHIVE_MATCH,CODAL separate audited financial statements + auditor report
تکمبا|1402,تکمبا,1402,auditor_report_date,NO_ARCHIVE_MATCH,,,NO_ARCHIVE_MATCH,CODAL separate audited financial statements + auditor report
تپمپی|1398,تپمپی,1398,auditor_opinion_type,MATCHED_SEPARATE_VALID,HTML_MISLABELED_XLSX,تپمپي.zip!تپمپي_۱۳۹۸_۰۳_۳۱_separate_ن-۱۰_صورت‌های مالی سال مالی منتهی به ۱۳۹۸_۰۳_۳۱ (حسابرسی شده).xlsx,AUDITOR_REPORT_ABSENT_FROM_PAYLOAD,CODAL auditor report (گزارش حسابرس مستقل) for this ticker|fiscal_year
تپمپی|1398,تپمپی,1398,auditor_report_date,MATCHED_SEPARATE_VALID,HTML_MISLABELED_XLSX,تپمپي.zip!تپمپي_۱۳۹۸_۰۳_۳۱_separate_ن-۱۰_صورت‌های مالی سال مالی منتهی به ۱۳۹۸_۰۳_۳۱ (حسابرسی شده).xlsx,AUDITOR_REPORT_ABSENT_FROM_PAYLOAD,CODAL auditor report (گزارش حسابرس مستقل) for this ticker|fiscal_year
تپمپی|1399,تپمپی,1399,auditor_opinion_type,MATCHED_SEPARATE_VALID,HTML_MISLABELED_XLSX,تپمپي.zip!تپمپي_۱۳۹۹_۰۳_۳۱_separate_ن-۱۰_صورت‌های مالی سال مالی منتهی به ۱۳۹۹_۰۳_۳۱ (حسابرسی شده).xlsx,AUDITOR_REPORT_ABSENT_FROM_PAYLOAD,CODAL auditor report (گزارش حسابرس مستقل) for this ticker|fiscal_year
تپمپی|1399,تپمپی,1399,auditor_report_date,MATCHED_SEPARATE_VALID,HTML_MISLABELED_XLSX,تپمپي.zip!تپمپي_۱۳۹۹_۰۳_۳۱_separate_ن-۱۰_صورت‌های مالی سال مالی منتهی به ۱۳۹۹_۰۳_۳۱ (حسابرسی شده).xlsx,AUDITOR_REPORT_ABSENT_FROM_PAYLOAD,CODAL auditor report (گزارش حسابرس مستقل) for this ticker|fiscal_year
تپمپی|1400,تپمپی,1400,auditor_opinion_type,MATCHED_SEPARATE_VALID,HTML_MISLABELED_XLSX,تپمپي.zip!تپمپي_۱۴۰۰_۰۳_۳۱_separate_ن-۱۰_صورت‌های مالی سال مالی منتهی به ۱۴۰۰_۰۳_۳۱ (حسابرسی شده).xlsx,AUDITOR_REPORT_ABSENT_FROM_PAYLOAD,CODAL auditor report (گزارش حسابرس مستقل) for this ticker|fiscal_year
تپمپی|1400,تپمپی,1400,auditor_report_date,MATCHED_SEPARATE_VALID,HTML_MISLABELED_XLSX,تپمپي.zip!تپمپي_۱۴۰۰_۰۳_۳۱_separate_ن-۱۰_صورت‌های مالی سال مالی منتهی به ۱۴۰۰_۰۳_۳۱ (حسابرسی شده).xlsx,AUDITOR_REPORT_ABSENT_FROM_PAYLOAD,CODAL auditor report (گزارش حسابرس مستقل) for this ticker|fiscal_year
تپمپی|1401,تپمپی,1401,auditor_opinion_type,MATCHED_SEPARATE_VALID,HTML_MISLABELED_XLSX,تپمپي.zip!تپمپي_۱۴۰۱_۰۳_۳۱_separate_ن-۱۰_صورت‌های مالی سال مالی منتهی به ۱۴۰۱_۰۳_۳۱ (حسابرسی شده).xlsx,AUDITOR_REPORT_ABSENT_FROM_PAYLOAD,CODAL auditor report (گزارش حسابرس مستقل) for this ticker|fiscal_year
تپمپی|1401,تپمپی,1401,auditor_report_date,MATCHED_SEPARATE_VALID,HTML_MISLABELED_XLSX,تپمپي.zip!تپمپي_۱۴۰۱_۰۳_۳۱_separate_ن-۱۰_صورت‌های مالی سال مالی منتهی به ۱۴۰۱_۰۳_۳۱ (حسابرسی شده).xlsx,AUDITOR_REPORT_ABSENT_FROM_PAYLOAD,CODAL auditor report (گزارش حسابرس مستقل) for this ticker|fiscal_year
تپمپی|1402,تپمپی,1402,auditor_opinion_type,MATCHED_SEPARATE_VALID,HTML_MISLABELED_XLSX,تپمپي.zip!تپمپي_۱۴۰۲_۰۳_۳۱_separate_ن-۱۰_صورت‌های مالی سال مالی منتهی به ۱۴۰۲_۰۳_۳۱ (حسابرسی شده).xlsx,AUDITOR_REPORT_ABSENT_FROM_PAYLOAD,CODAL auditor report (گزارش حسابرس مستقل) for this ticker|fiscal_year
تپمپی|1402,تپمپی,1402,auditor_report_date,MATCHED_SEPARATE_VALID,HTML_MISLABELED_XLSX,تپمپي.zip!تپمپي_۱۴۰۲_۰۳_۳۱_separate_ن-۱۰_صورت‌های مالی سال مالی منتهی به ۱۴۰۲_۰۳_۳۱ (حسابرسی شده).xlsx,AUDITOR_REPORT_ABSENT_FROM_PAYLOAD,CODAL auditor report (گزارش حسابرس مستقل) for this ticker|fiscal_year
ومعادن|1398,ومعادن,1398,auditor_opinion_type,MATCHED_SEPARATE_VALID,HTML_MISLABELED_XLSX,ومعادن.zip!ومعادن_۱۳۹۸_۱۲_۲۹_separate_ن-۱۰_صورت‌های مالی سال مالی منتهی به ۱۳۹۸_۱۲_۲۹ (حسابرسی شده).xlsx,AUDITOR_REPORT_ABSENT_FROM_PAYLOAD,CODAL auditor report (گزارش حسابرس مستقل) for this ticker|fiscal_year
ومعادن|1398,ومعادن,1398,auditor_report_date,MATCHED_SEPARATE_VALID,HTML_MISLABELED_XLSX,ومعادن.zip!ومعادن_۱۳۹۸_۱۲_۲۹_separate_ن-۱۰_صورت‌های مالی سال مالی منتهی به ۱۳۹۸_۱۲_۲۹ (حسابرسی شده).xlsx,AUDITOR_REPORT_ABSENT_FROM_PAYLOAD,CODAL auditor report (گزارش حسابرس مستقل) for this ticker|fiscal_year
ومعادن|1399,ومعادن,1399,auditor_opinion_type,MATCHED_SEPARATE_VALID,HTML_MISLABELED_XLSX,ومعادن.zip!ومعادن_۱۳۹۹_۱۲_۳۰_separate_ن-۱۰_صورت‌های مالی سال مالی منتهی به ۱۳۹۹_۱۲_۳۰ (حسابرسی شده).xlsx,AUDITOR_REPORT_ABSENT_FROM_PAYLOAD,CODAL auditor report (گزارش حسابرس مستقل) for this ticker|fiscal_year
ومعادن|1399,ومعادن,1399,auditor_report_date,MATCHED_SEPARATE_VALID,HTML_MISLABELED_XLSX,ومعادن.zip!ومعادن_۱۳۹۹_۱۲_۳۰_separate_ن-۱۰_صورت‌های مالی سال مالی منتهی به ۱۳۹۹_۱۲_۳۰ (حسابرسی شده).xlsx,AUDITOR_REPORT_ABSENT_FROM_PAYLOAD,CODAL auditor report (گزارش حسابرس مستقل) for this ticker|fiscal_year
ومعادن|1400,ومعادن,1400,auditor_opinion_type,MATCHED_SEPARATE_VALID,HTML_MISLABELED_XLSX,ومعادن.zip!ومعادن_۱۴۰۰_۱۲_۲۹_separate_ن-۱۰_صورت‌های مالی سال مالی منتهی به ۱۴۰۰_۱۲_۲۹ (حسابرسی شده).xlsx,AUDITOR_REPORT_ABSENT_FROM_PAYLOAD,CODAL auditor report (گزارش حسابرس مستقل) for this ticker|fiscal_year
ومعادن|1400,ومعادن,1400,auditor_report_date,MATCHED_SEPARATE_VALID,HTML_MISLABELED_XLSX,ومعادن.zip!ومعادن_۱۴۰۰_۱۲_۲۹_separate_ن-۱۰_صورت‌های مالی سال مالی منتهی به ۱۴۰۰_۱۲_۲۹ (حسابرسی شده).xlsx,AUDITOR_REPORT_ABSENT_FROM_PAYLOAD,CODAL auditor report (گزارش حسابرس مستقل) for this ticker|fiscal_year
ومعادن|1401,ومعادن,1401,auditor_opinion_type,MATCHED_SEPARATE_VALID,HTML_MISLABELED_XLSX,ومعادن.zip!ومعادن_۱۴۰۱_۱۲_۲۹_separate_ن-۱۰_صورت‌های مالی سال مالی منتهی به ۱۴۰۱_۱۲_۲۹ (حسابرسی شده).xlsx,AUDITOR_REPORT_ABSENT_FROM_PAYLOAD,CODAL auditor report (گزارش حسابرس مستقل) for this ticker|fiscal_year
ومعادن|1401,ومعادن,1401,auditor_report_date,MATCHED_SEPARATE_VALID,HTML_MISLABELED_XLSX,ومعادن.zip!ومعادن_۱۴۰۱_۱۲_۲۹_separate_ن-۱۰_صورت‌های مالی سال مالی منتهی به ۱۴۰۱_۱۲_۲۹ (حسابرسی شده).xlsx,AUDITOR_REPORT_ABSENT_FROM_PAYLOAD,CODAL auditor report (گزارش حسابرس مستقل) for this ticker|fiscal_year
ومعادن|1402,ومعادن,1402,auditor_opinion_type,MATCHED_SEPARATE_VALID,HTML_MISLABELED_XLSX,ومعادن.zip!ومعادن_۱۴۰۲_۱۲_۲۹_separate_ن-۱۰_صورت‌های مالی سال مالی منتهی به ۱۴۰۲_۱۲_۲۹ (حسابرسی شده).xlsx,AUDITOR_REPORT_ABSENT_FROM_PAYLOAD,CODAL auditor report (گزارش حسابرس مستقل) for this ticker|fiscal_year
ومعادن|1402,ومعادن,1402,auditor_report_date,MATCHED_SEPARATE_VALID,HTML_MISLABELED_XLSX,ومعادن.zip!ومعادن_۱۴۰۲_۱۲_۲۹_separate_ن-۱۰_صورت‌های مالی سال مالی منتهی به ۱۴۰۲_۱۲_۲۹ (حسابرسی شده).xlsx,AUDITOR_REPORT_ABSENT_FROM_PAYLOAD,CODAL auditor report (گزارش حسابرس مستقل) for this ticker|fiscal_year
وملی|1398,وملی,1398,auditor_opinion_type,MATCHED_SEPARATE_VALID,HTML_MISLABELED_XLSX,وملي.zip!وملي_۱۳۹۸_۱۲_۲۹_separate_ن-۱۰_صورت‌های مالی سال مالی منتهی به ۱۳۹۸_۱۲_۲۹ (حسابرسی شده).xlsx,AUDITOR_REPORT_ABSENT_FROM_PAYLOAD,CODAL auditor report (گزارش حسابرس مستقل) for this ticker|fiscal_year
وملی|1398,وملی,1398,auditor_report_date,MATCHED_SEPARATE_VALID,HTML_MISLABELED_XLSX,وملي.zip!وملي_۱۳۹۸_۱۲_۲۹_separate_ن-۱۰_صورت‌های مالی سال مالی منتهی به ۱۳۹۸_۱۲_۲۹ (حسابرسی شده).xlsx,AUDITOR_REPORT_ABSENT_FROM_PAYLOAD,CODAL auditor report (گزارش حسابرس مستقل) for this ticker|fiscal_year
وملی|1399,وملی,1399,auditor_opinion_type,MATCHED_SEPARATE_CORRECTION_SELECTED,HTML_MISLABELED_XLSX,وملي.zip!وملي_۱۳۹۹_۱۲_۳۰_separate_ن-۱۰_صورت‌های مالی سال مالی منتهی به ۱۳۹۹_۱۲_۳۰ (حسابرسی شده)(اصلاحیه).xlsx,AUDITOR_REPORT_ABSENT_FROM_PAYLOAD,CODAL auditor report (گزارش حسابرس مستقل) for this ticker|fiscal_year
وملی|1399,وملی,1399,auditor_report_date,MATCHED_SEPARATE_CORRECTION_SELECTED,HTML_MISLABELED_XLSX,وملي.zip!وملي_۱۳۹۹_۱۲_۳۰_separate_ن-۱۰_صورت‌های مالی سال مالی منتهی به ۱۳۹۹_۱۲_۳۰ (حسابرسی شده)(اصلاحیه).xlsx,AUDITOR_REPORT_ABSENT_FROM_PAYLOAD,CODAL auditor report (گزارش حسابرس مستقل) for this ticker|fiscal_year
وملی|1400,وملی,1400,auditor_opinion_type,MATCHED_SEPARATE_CORRECTION_SELECTED,HTML_MISLABELED_XLSX,وملي.zip!وملي_۱۴۰۰_۱۲_۲۹_separate_ن-۱۰_صورت‌های مالی سال مالی منتهی به ۱۴۰۰_۱۲_۲۹ (حسابرسی شده)(اصلاحیه).xlsx,AUDITOR_REPORT_ABSENT_FROM_PAYLOAD,CODAL auditor report (گزارش حسابرس مستقل) for this ticker|fiscal_year
وملی|1400,وملی,1400,auditor_report_date,MATCHED_SEPARATE_CORRECTION_SELECTED,HTML_MISLABELED_XLSX,وملي.zip!وملي_۱۴۰۰_۱۲_۲۹_separate_ن-۱۰_صورت‌های مالی سال مالی منتهی به ۱۴۰۰_۱۲_۲۹ (حسابرسی شده)(اصلاحیه).xlsx,AUDITOR_REPORT_ABSENT_FROM_PAYLOAD,CODAL auditor report (گزارش حسابرس مستقل) for this ticker|fiscal_year
وملی|1401,وملی,1401,auditor_opinion_type,MATCHED_SEPARATE_VALID,HTML_MISLABELED_XLSX,وملي.zip!وملي_۱۴۰۱_۱۲_۲۹_separate_ن-۱۰_صورت‌های مالی سال مالی منتهی به ۱۴۰۱_۱۲_۲۹ (حسابرسی شده).xlsx,AUDITOR_REPORT_ABSENT_FROM_PAYLOAD,CODAL auditor report (گزارش حسابرس مستقل) for this ticker|fiscal_year
وملی|1401,وملی,1401,auditor_report_date,MATCHED_SEPARATE_VALID,HTML_MISLABELED_XLSX,وملي.zip!وملي_۱۴۰۱_۱۲_۲۹_separate_ن-۱۰_صورت‌های مالی سال مالی منتهی به ۱۴۰۱_۱۲_۲۹ (حسابرسی شده).xlsx,AUDITOR_REPORT_ABSENT_FROM_PAYLOAD,CODAL auditor report (گزارش حسابرس مستقل) for this ticker|fiscal_year
وملی|1402,وملی,1402,auditor_opinion_type,MATCHED_SEPARATE_CORRECTION_SELECTED,HTML_MISLABELED_XLSX,وملي.zip!وملي_۱۴۰۲_۱۲_۲۹_separate_ن-۱۰_صورت‌های مالی سال مالی منتهی به ۱۴۰۲_۱۲_۲۹ (حسابرسی شده)(اصلاحیه).xlsx,AUDITOR_REPORT_ABSENT_FROM_PAYLOAD,CODAL auditor report (گزارش حسابرس مستقل) for this ticker|fiscal_year
وملی|1402,وملی,1402,auditor_report_date,MATCHED_SEPARATE_CORRECTION_SELECTED,HTML_MISLABELED_XLSX,وملي.zip!وملي_۱۴۰۲_۱۲_۲۹_separate_ن-۱۰_صورت‌های مالی سال مالی منتهی به ۱۴۰۲_۱۲_۲۹ (حسابرسی شده)(اصلاحیه).xlsx,AUDITOR_REPORT_ABSENT_FROM_PAYLOAD,CODAL auditor report (گزارش حسابرس مستقل) for this ticker|fiscal_year
وکغدیر|1392,وکغدیر,1392,fiscal_year_end,NO_ARCHIVE_MATCH,,,NO_ARCHIVE_MATCH,CODAL separate audited financial statements + auditor report
وکغدیر|1392,وکغدیر,1392,auditor_opinion_type,NO_ARCHIVE_MATCH,,,NO_ARCHIVE_MATCH,CODAL separate audited financial statements + auditor report
وکغدیر|1392,وکغدیر,1392,auditor_report_date,NO_ARCHIVE_MATCH,,,NO_ARCHIVE_MATCH,CODAL separate audited financial statements + auditor report
وکغدیر|1393,وکغدیر,1393,fiscal_year_end,NO_ARCHIVE_MATCH,,,NO_ARCHIVE_MATCH,CODAL separate audited financial statements + auditor report
وکغدیر|1393,وکغدیر,1393,auditor_opinion_type,NO_ARCHIVE_MATCH,,,NO_ARCHIVE_MATCH,CODAL separate audited financial statements + auditor report
وکغدیر|1393,وکغدیر,1393,auditor_report_date,NO_ARCHIVE_MATCH,,,NO_ARCHIVE_MATCH,CODAL separate audited financial statements + auditor report
وکغدیر|1394,وکغدیر,1394,fiscal_year_end,NO_ARCHIVE_MATCH,,,NO_ARCHIVE_MATCH,CODAL separate audited financial statements + auditor report
وکغدیر|1394,وکغدیر,1394,auditor_opinion_type,NO_ARCHIVE_MATCH,,,NO_ARCHIVE_MATCH,CODAL separate audited financial statements + auditor report
وکغدیر|1394,وکغدیر,1394,auditor_report_date,NO_ARCHIVE_MATCH,,,NO_ARCHIVE_MATCH,CODAL separate audited financial statements + auditor report
وکغدیر|1395,وکغدیر,1395,fiscal_year_end,NO_ARCHIVE_MATCH,,,NO_ARCHIVE_MATCH,CODAL separate audited financial statements + auditor report
وکغدیر|1395,وکغدیر,1395,auditor_opinion_type,NO_ARCHIVE_MATCH,,,NO_ARCHIVE_MATCH,CODAL separate audited financial statements + auditor report
وکغدیر|1395,وکغدیر,1395,auditor_report_date,NO_ARCHIVE_MATCH,,,NO_ARCHIVE_MATCH,CODAL separate audited financial statements + auditor report
وکغدیر|1396,وکغدیر,1396,fiscal_year_end,NO_ARCHIVE_MATCH,,,NO_ARCHIVE_MATCH,CODAL separate audited financial statements + auditor report
وکغدیر|1396,وکغدیر,1396,auditor_opinion_type,NO_ARCHIVE_MATCH,,,NO_ARCHIVE_MATCH,CODAL separate audited financial statements + auditor report
وکغدیر|1396,وکغدیر,1396,auditor_report_date,NO_ARCHIVE_MATCH,,,NO_ARCHIVE_MATCH,CODAL separate audited financial statements + auditor report
وکغدیر|1397,وکغدیر,1397,fiscal_year_end,NO_ARCHIVE_MATCH,,,NO_ARCHIVE_MATCH,CODAL separate audited financial statements + auditor report
وکغدیر|1397,وکغدیر,1397,auditor_opinion_type,NO_ARCHIVE_MATCH,,,NO_ARCHIVE_MATCH,CODAL separate audited financial statements + auditor report
وکغدیر|1397,وکغدیر,1397,auditor_report_date,NO_ARCHIVE_MATCH,,,NO_ARCHIVE_MATCH,CODAL separate audited financial statements + auditor report
وکغدیر|1398,وکغدیر,1398,fiscal_year_end,NO_ARCHIVE_MATCH,,,NO_ARCHIVE_MATCH,CODAL separate audited financial statements + auditor report
وکغدیر|1398,وکغدیر,1398,auditor_opinion_type,NO_ARCHIVE_MATCH,,,NO_ARCHIVE_MATCH,CODAL separate audited financial statements + auditor report
وکغدیر|1398,وکغدیر,1398,auditor_report_date,NO_ARCHIVE_MATCH,,,NO_ARCHIVE_MATCH,CODAL separate audited financial statements + auditor report
وکغدیر|1399,وکغدیر,1399,auditor_opinion_type,MATCHED_SEPARATE_VALID,HTML_MISLABELED_XLSX,وكغدير.zip!وكغدير_۱۳۹۹_۰۶_۳۱_separate_ن-۱۰_صورت‌های مالی سال مالی منتهی به ۱۳۹۹_۰۶_۳۱ (حسابرسی شده).xlsx,AUDITOR_REPORT_ABSENT_FROM_PAYLOAD,CODAL auditor report (گزارش حسابرس مستقل) for this ticker|fiscal_year
وکغدیر|1399,وکغدیر,1399,auditor_report_date,MATCHED_SEPARATE_VALID,HTML_MISLABELED_XLSX,وكغدير.zip!وكغدير_۱۳۹۹_۰۶_۳۱_separate_ن-۱۰_صورت‌های مالی سال مالی منتهی به ۱۳۹۹_۰۶_۳۱ (حسابرسی شده).xlsx,AUDITOR_REPORT_ABSENT_FROM_PAYLOAD,CODAL auditor report (گزارش حسابرس مستقل) for this ticker|fiscal_year
وکغدیر|1400,وکغدیر,1400,auditor_opinion_type,MATCHED_SEPARATE_CORRECTION_SELECTED,HTML_MISLABELED_XLSX,وكغدير.zip!وكغدير_۱۴۰۰_۰۶_۳۱_separate_ن-۱۰_صورت‌های مالی سال مالی منتهی به ۱۴۰۰_۰۶_۳۱ (حسابرسی شده)(اصلاحیه).xlsx,AUDITOR_REPORT_ABSENT_FROM_PAYLOAD,CODAL auditor report (گزارش حسابرس مستقل) for this ticker|fiscal_year
وکغدیر|1400,وکغدیر,1400,auditor_report_date,MATCHED_SEPARATE_CORRECTION_SELECTED,HTML_MISLABELED_XLSX,وكغدير.zip!وكغدير_۱۴۰۰_۰۶_۳۱_separate_ن-۱۰_صورت‌های مالی سال مالی منتهی به ۱۴۰۰_۰۶_۳۱ (حسابرسی شده)(اصلاحیه).xlsx,AUDITOR_REPORT_ABSENT_FROM_PAYLOAD,CODAL auditor report (گزارش حسابرس مستقل) for this ticker|fiscal_year
وکغدیر|1401,وکغدیر,1401,auditor_opinion_type,MATCHED_SEPARATE_VALID,HTML_MISLABELED_XLSX,وكغدير.zip!وكغدير_۱۴۰۱_۰۶_۳۱_separate_ن-۱۰_صورت‌های مالی سال مالی منتهی به ۱۴۰۱_۰۶_۳۱ (حسابرسی شده).xlsx,AUDITOR_REPORT_ABSENT_FROM_PAYLOAD,CODAL auditor report (گزارش حسابرس مستقل) for this ticker|fiscal_year
وکغدیر|1401,وکغدیر,1401,auditor_report_date,MATCHED_SEPARATE_VALID,HTML_MISLABELED_XLSX,وكغدير.zip!وكغدير_۱۴۰۱_۰۶_۳۱_separate_ن-۱۰_صورت‌های مالی سال مالی منتهی به ۱۴۰۱_۰۶_۳۱ (حسابرسی شده).xlsx,AUDITOR_REPORT_ABSENT_FROM_PAYLOAD,CODAL auditor report (گزارش حسابرس مستقل) for this ticker|fiscal_year
وکغدیر|1402,وکغدیر,1402,auditor_opinion_type,MATCHED_SEPARATE_VALID,HTML_MISLABELED_XLSX,وكغدير.zip!وكغدير_۱۴۰۲_۰۶_۳۱_separate_ن-۱۰_صورت‌های مالی سال مالی منتهی به ۱۴۰۲_۰۶_۳۱ (حسابرسی شده).xlsx,AUDITOR_REPORT_ABSENT_FROM_PAYLOAD,CODAL auditor report (گزارش حسابرس مستقل) for this ticker|fiscal_year
وکغدیر|1402,وکغدیر,1402,auditor_report_date,MATCHED_SEPARATE_VALID,HTML_MISLABELED_XLSX,وكغدير.zip!وكغدير_۱۴۰۲_۰۶_۳۱_separate_ن-۱۰_صورت‌های مالی سال مالی منتهی به ۱۴۰۲_۰۶_۳۱ (حسابرسی شده).xlsx,AUDITOR_REPORT_ABSENT_FROM_PAYLOAD,CODAL auditor report (گزارش حسابرس مستقل) for this ticker|fiscal_year
زمگسا|1397,زمگسا,1397,auditor_opinion_type,MATCHED_SEPARATE_VALID,HTML_MISLABELED_XLSX,زمگسا.zip!زمگسا_۱۳۹۷_۱۲_۲۹_separate_ن-۱۰_صورت‌های مالی سال مالی منتهی به ۱۳۹۷_۱۲_۲۹ (حسابرسی شده).xlsx,AUDITOR_REPORT_ABSENT_FROM_PAYLOAD,CODAL auditor report (گزارش حسابرس مستقل) for this ticker|fiscal_year
زمگسا|1397,زمگسا,1397,auditor_report_date,MATCHED_SEPARATE_VALID,HTML_MISLABELED_XLSX,زمگسا.zip!زمگسا_۱۳۹۷_۱۲_۲۹_separate_ن-۱۰_صورت‌های مالی سال مالی منتهی به ۱۳۹۷_۱۲_۲۹ (حسابرسی شده).xlsx,AUDITOR_REPORT_ABSENT_FROM_PAYLOAD,CODAL auditor report (گزارش حسابرس مستقل) for this ticker|fiscal_year
زمگسا|1398,زمگسا,1398,auditor_opinion_type,MATCHED_SEPARATE_VALID,HTML_MISLABELED_XLSX,زمگسا.zip!زمگسا_۱۳۹۸_۱۲_۲۹_separate_ن-۱۰_صورت‌های مالی سال مالی منتهی به ۱۳۹۸_۱۲_۲۹ (حسابرسی شده).xlsx,AUDITOR_REPORT_ABSENT_FROM_PAYLOAD,CODAL auditor report (گزارش حسابرس مستقل) for this ticker|fiscal_year
زمگسا|1398,زمگسا,1398,auditor_report_date,MATCHED_SEPARATE_VALID,HTML_MISLABELED_XLSX,زمگسا.zip!زمگسا_۱۳۹۸_۱۲_۲۹_separate_ن-۱۰_صورت‌های مالی سال مالی منتهی به ۱۳۹۸_۱۲_۲۹ (حسابرسی شده).xlsx,AUDITOR_REPORT_ABSENT_FROM_PAYLOAD,CODAL auditor report (گزارش حسابرس مستقل) for this ticker|fiscal_year
زمگسا|1399,زمگسا,1399,auditor_opinion_type,MATCHED_SEPARATE_VALID,HTML_MISLABELED_XLSX,زمگسا.zip!زمگسا_۱۳۹۹_۱۲_۳۰_separate_ن-۱۰_صورت‌های مالی سال مالی منتهی به ۱۳۹۹_۱۲_۳۰ (حسابرسی شده).xlsx,AUDITOR_REPORT_ABSENT_FROM_PAYLOAD,CODAL auditor report (گزارش حسابرس مستقل) for this ticker|fiscal_year
زمگسا|1399,زمگسا,1399,auditor_report_date,MATCHED_SEPARATE_VALID,HTML_MISLABELED_XLSX,زمگسا.zip!زمگسا_۱۳۹۹_۱۲_۳۰_separate_ن-۱۰_صورت‌های مالی سال مالی منتهی به ۱۳۹۹_۱۲_۳۰ (حسابرسی شده).xlsx,AUDITOR_REPORT_ABSENT_FROM_PAYLOAD,CODAL auditor report (گزارش حسابرس مستقل) for this ticker|fiscal_year
زمگسا|1400,زمگسا,1400,auditor_opinion_type,MATCHED_SEPARATE_VALID,HTML_MISLABELED_XLSX,زمگسا.zip!زمگسا_۱۴۰۰_۱۲_۲۹_separate_ن-۱۰_صورت‌های مالی سال مالی منتهی به ۱۴۰۰_۱۲_۲۹ (حسابرسی شده).xlsx,AUDITOR_REPORT_ABSENT_FROM_PAYLOAD,CODAL auditor report (گزارش حسابرس مستقل) for this ticker|fiscal_year
زمگسا|1400,زمگسا,1400,auditor_report_date,MATCHED_SEPARATE_VALID,HTML_MISLABELED_XLSX,زمگسا.zip!زمگسا_۱۴۰۰_۱۲_۲۹_separate_ن-۱۰_صورت‌های مالی سال مالی منتهی به ۱۴۰۰_۱۲_۲۹ (حسابرسی شده).xlsx,AUDITOR_REPORT_ABSENT_FROM_PAYLOAD,CODAL auditor report (گزارش حسابرس مستقل) for this ticker|fiscal_year
زمگسا|1401,زمگسا,1401,auditor_opinion_type,MATCHED_SEPARATE_VALID,HTML_MISLABELED_XLSX,زمگسا.zip!زمگسا_۱۴۰۱_۱۲_۲۹_separate_ن-۱۰_صورت‌های مالی سال مالی منتهی به ۱۴۰۱_۱۲_۲۹ (حسابرسی شده).xlsx,AUDITOR_REPORT_ABSENT_FROM_PAYLOAD,CODAL auditor report (گزارش حسابرس مستقل) for this ticker|fiscal_year
زمگسا|1401,زمگسا,1401,auditor_report_date,MATCHED_SEPARATE_VALID,HTML_MISLABELED_XLSX,زمگسا.zip!زمگسا_۱۴۰۱_۱۲_۲۹_separate_ن-۱۰_صورت‌های مالی سال مالی منتهی به ۱۴۰۱_۱۲_۲۹ (حسابرسی شده).xlsx,AUDITOR_REPORT_ABSENT_FROM_PAYLOAD,CODAL auditor report (گزارش حسابرس مستقل) for this ticker|fiscal_year
زمگسا|1402,زمگسا,1402,auditor_opinion_type,MATCHED_SEPARATE_VALID,HTML_MISLABELED_XLSX,زمگسا.zip!زمگسا_۱۴۰۲_۱۲_۲۹_separate_ن-۱۰_صورت‌های مالی سال مالی منتهی به ۱۴۰۲_۱۲_۲۹ (حسابرسی شده).xlsx,AUDITOR_REPORT_ABSENT_FROM_PAYLOAD,CODAL auditor report (گزارش حسابرس مستقل) for this ticker|fiscal_year
زمگسا|1402,زمگسا,1402,auditor_report_date,MATCHED_SEPARATE_VALID,HTML_MISLABELED_XLSX,زمگسا.zip!زمگسا_۱۴۰۲_۱۲_۲۹_separate_ن-۱۰_صورت‌های مالی سال مالی منتهی به ۱۴۰۲_۱۲_۲۹ (حسابرسی شده).xlsx,AUDITOR_REPORT_ABSENT_FROM_PAYLOAD,CODAL auditor report (گزارش حسابرس مستقل) for this ticker|fiscal_year
ذوب|1395,ذوب,1395,fiscal_year_end,ONLY_CONSOLIDATED_AVAILABLE,,,ONLY_CONSOLIDATED_AVAILABLE,CODAL separate audited financial statements + auditor report
ذوب|1395,ذوب,1395,auditor_opinion_type,ONLY_CONSOLIDATED_AVAILABLE,,,ONLY_CONSOLIDATED_AVAILABLE,CODAL separate audited financial statements + auditor report
ذوب|1395,ذوب,1395,auditor_report_date,ONLY_CONSOLIDATED_AVAILABLE,,,ONLY_CONSOLIDATED_AVAILABLE,CODAL separate audited financial statements + auditor report
ذوب|1396,ذوب,1396,fiscal_year_end,ONLY_CONSOLIDATED_AVAILABLE,,,ONLY_CONSOLIDATED_AVAILABLE,CODAL separate audited financial statements + auditor report
ذوب|1396,ذوب,1396,auditor_opinion_type,ONLY_CONSOLIDATED_AVAILABLE,,,ONLY_CONSOLIDATED_AVAILABLE,CODAL separate audited financial statements + auditor report
ذوب|1396,ذوب,1396,auditor_report_date,ONLY_CONSOLIDATED_AVAILABLE,,,ONLY_CONSOLIDATED_AVAILABLE,CODAL separate audited financial statements + auditor report
ذوب|1397,ذوب,1397,fiscal_year_end,ONLY_CONSOLIDATED_AVAILABLE,,,ONLY_CONSOLIDATED_AVAILABLE,CODAL separate audited financial statements + auditor report
ذوب|1397,ذوب,1397,auditor_opinion_type,ONLY_CONSOLIDATED_AVAILABLE,,,ONLY_CONSOLIDATED_AVAILABLE,CODAL separate audited financial statements + auditor report
ذوب|1397,ذوب,1397,auditor_report_date,ONLY_CONSOLIDATED_AVAILABLE,,,ONLY_CONSOLIDATED_AVAILABLE,CODAL separate audited financial statements + auditor report
ذوب|1398,ذوب,1398,fiscal_year_end,ONLY_CONSOLIDATED_AVAILABLE,,,ONLY_CONSOLIDATED_AVAILABLE,CODAL separate audited financial statements + auditor report
ذوب|1398,ذوب,1398,auditor_opinion_type,ONLY_CONSOLIDATED_AVAILABLE,,,ONLY_CONSOLIDATED_AVAILABLE,CODAL separate audited financial statements + auditor report
ذوب|1398,ذوب,1398,auditor_report_date,ONLY_CONSOLIDATED_AVAILABLE,,,ONLY_CONSOLIDATED_AVAILABLE,CODAL separate audited financial statements + auditor report
ذوب|1399,ذوب,1399,fiscal_year_end,ONLY_CONSOLIDATED_AVAILABLE,,,ONLY_CONSOLIDATED_AVAILABLE,CODAL separate audited financial statements + auditor report
ذوب|1399,ذوب,1399,auditor_opinion_type,ONLY_CONSOLIDATED_AVAILABLE,,,ONLY_CONSOLIDATED_AVAILABLE,CODAL separate audited financial statements + auditor report
ذوب|1399,ذوب,1399,auditor_report_date,ONLY_CONSOLIDATED_AVAILABLE,,,ONLY_CONSOLIDATED_AVAILABLE,CODAL separate audited financial statements + auditor report
ذوب|1400,ذوب,1400,fiscal_year_end,ONLY_CONSOLIDATED_AVAILABLE,,,ONLY_CONSOLIDATED_AVAILABLE,CODAL separate audited financial statements + auditor report
ذوب|1400,ذوب,1400,auditor_opinion_type,ONLY_CONSOLIDATED_AVAILABLE,,,ONLY_CONSOLIDATED_AVAILABLE,CODAL separate audited financial statements + auditor report
ذوب|1400,ذوب,1400,auditor_report_date,ONLY_CONSOLIDATED_AVAILABLE,,,ONLY_CONSOLIDATED_AVAILABLE,CODAL separate audited financial statements + auditor report
ذوب|1401,ذوب,1401,fiscal_year_end,ONLY_CONSOLIDATED_AVAILABLE,,,ONLY_CONSOLIDATED_AVAILABLE,CODAL separate audited financial statements + auditor report
ذوب|1401,ذوب,1401,auditor_opinion_type,ONLY_CONSOLIDATED_AVAILABLE,,,ONLY_CONSOLIDATED_AVAILABLE,CODAL separate audited financial statements + auditor report
ذوب|1401,ذوب,1401,auditor_report_date,ONLY_CONSOLIDATED_AVAILABLE,,,ONLY_CONSOLIDATED_AVAILABLE,CODAL separate audited financial statements + auditor report
ذوب|1402,ذوب,1402,fiscal_year_end,ONLY_CONSOLIDATED_AVAILABLE,,,ONLY_CONSOLIDATED_AVAILABLE,CODAL separate audited financial statements + auditor report
ذوب|1402,ذوب,1402,auditor_opinion_type,ONLY_CONSOLIDATED_AVAILABLE,,,ONLY_CONSOLIDATED_AVAILABLE,CODAL separate audited financial statements + auditor report
ذوب|1402,ذوب,1402,auditor_report_date,ONLY_CONSOLIDATED_AVAILABLE,,,ONLY_CONSOLIDATED_AVAILABLE,CODAL separate audited financial statements + auditor report
زپارس|1397,زپارس,1397,auditor_opinion_type,MATCHED_SEPARATE_VALID,HTML_MISLABELED_XLSX,زپارس.zip!زپارس_۱۳۹۷_۰۹_۳۰_separate_ن-۱۰_صورت‌های مالی سال مالی منتهی به ۱۳۹۷_۰۹_۳۰ (حسابرسی شده).xlsx,AUDITOR_REPORT_ABSENT_FROM_PAYLOAD,CODAL auditor report (گزارش حسابرس مستقل) for this ticker|fiscal_year
زپارس|1397,زپارس,1397,auditor_report_date,MATCHED_SEPARATE_VALID,HTML_MISLABELED_XLSX,زپارس.zip!زپارس_۱۳۹۷_۰۹_۳۰_separate_ن-۱۰_صورت‌های مالی سال مالی منتهی به ۱۳۹۷_۰۹_۳۰ (حسابرسی شده).xlsx,AUDITOR_REPORT_ABSENT_FROM_PAYLOAD,CODAL auditor report (گزارش حسابرس مستقل) for this ticker|fiscal_year
زپارس|1398,زپارس,1398,auditor_opinion_type,MATCHED_SEPARATE_VALID,HTML_MISLABELED_XLSX,زپارس.zip!زپارس_۱۳۹۸_۰۹_۳۰_separate_ن-۱۰_صورت‌های مالی سال مالی منتهی به ۱۳۹۸_۰۹_۳۰ (حسابرسی شده).xlsx,AUDITOR_REPORT_ABSENT_FROM_PAYLOAD,CODAL auditor report (گزارش حسابرس مستقل) for this ticker|fiscal_year
زپارس|1398,زپارس,1398,auditor_report_date,MATCHED_SEPARATE_VALID,HTML_MISLABELED_XLSX,زپارس.zip!زپارس_۱۳۹۸_۰۹_۳۰_separate_ن-۱۰_صورت‌های مالی سال مالی منتهی به ۱۳۹۸_۰۹_۳۰ (حسابرسی شده).xlsx,AUDITOR_REPORT_ABSENT_FROM_PAYLOAD,CODAL auditor report (گزارش حسابرس مستقل) for this ticker|fiscal_year
زپارس|1399,زپارس,1399,auditor_opinion_type,MATCHED_SEPARATE_VALID,HTML_MISLABELED_XLSX,زپارس.zip!زپارس_۱۳۹۹_۰۹_۳۰_separate_ن-۱۰_صورت‌های مالی سال مالی منتهی به ۱۳۹۹_۰۹_۳۰ (حسابرسی شده).xlsx,AUDITOR_REPORT_ABSENT_FROM_PAYLOAD,CODAL auditor report (گزارش حسابرس مستقل) for this ticker|fiscal_year
زپارس|1399,زپارس,1399,auditor_report_date,MATCHED_SEPARATE_VALID,HTML_MISLABELED_XLSX,زپارس.zip!زپارس_۱۳۹۹_۰۹_۳۰_separate_ن-۱۰_صورت‌های مالی سال مالی منتهی به ۱۳۹۹_۰۹_۳۰ (حسابرسی شده).xlsx,AUDITOR_REPORT_ABSENT_FROM_PAYLOAD,CODAL auditor report (گزارش حسابرس مستقل) for this ticker|fiscal_year
زپارس|1400,زپارس,1400,auditor_opinion_type,MATCHED_SEPARATE_VALID,HTML_MISLABELED_XLSX,زپارس.zip!زپارس_۱۴۰۰_۰۹_۳۰_separate_ن-۱۰_صورت‌های مالی سال مالی منتهی به ۱۴۰۰_۰۹_۳۰ (حسابرسی شده).xlsx,AUDITOR_REPORT_ABSENT_FROM_PAYLOAD,CODAL auditor report (گزارش حسابرس مستقل) for this ticker|fiscal_year
زپارس|1400,زپارس,1400,auditor_report_date,MATCHED_SEPARATE_VALID,HTML_MISLABELED_XLSX,زپارس.zip!زپارس_۱۴۰۰_۰۹_۳۰_separate_ن-۱۰_صورت‌های مالی سال مالی منتهی به ۱۴۰۰_۰۹_۳۰ (حسابرسی شده).xlsx,AUDITOR_REPORT_ABSENT_FROM_PAYLOAD,CODAL auditor report (گزارش حسابرس مستقل) for this ticker|fiscal_year
زپارس|1401,زپارس,1401,auditor_opinion_type,MATCHED_SEPARATE_VALID,HTML_MISLABELED_XLSX,زپارس.zip!زپارس_۱۴۰۱_۰۹_۳۰_separate_ن-۱۰_صورت‌های مالی سال مالی منتهی به ۱۴۰۱_۰۹_۳۰ (حسابرسی شده).xlsx,AUDITOR_REPORT_ABSENT_FROM_PAYLOAD,CODAL auditor report (گزارش حسابرس مستقل) for this ticker|fiscal_year
زپارس|1401,زپارس,1401,auditor_report_date,MATCHED_SEPARATE_VALID,HTML_MISLABELED_XLSX,زپارس.zip!زپارس_۱۴۰۱_۰۹_۳۰_separate_ن-۱۰_صورت‌های مالی سال مالی منتهی به ۱۴۰۱_۰۹_۳۰ (حسابرسی شده).xlsx,AUDITOR_REPORT_ABSENT_FROM_PAYLOAD,CODAL auditor report (گزارش حسابرس مستقل) for this ticker|fiscal_year
زپارس|1402,زپارس,1402,auditor_opinion_type,MATCHED_SEPARATE_VALID,HTML_MISLABELED_XLSX,زپارس.zip!زپارس_۱۴۰۲_۰۹_۳۰_separate_ن-۱۰_صورت‌های مالی سال مالی منتهی به ۱۴۰۲_۰۹_۳۰ (حسابرسی شده).xlsx,AUDITOR_REPORT_ABSENT_FROM_PAYLOAD,CODAL auditor report (گزارش حسابرس مستقل) for this ticker|fiscal_year
زپارس|1402,زپارس,1402,auditor_report_date,MATCHED_SEPARATE_VALID,HTML_MISLABELED_XLSX,زپارس.zip!زپارس_۱۴۰۲_۰۹_۳۰_separate_ن-۱۰_صورت‌های مالی سال مالی منتهی به ۱۴۰۲_۰۹_۳۰ (حسابرسی شده).xlsx,AUDITOR_REPORT_ABSENT_FROM_PAYLOAD,CODAL auditor report (گزارش حسابرس مستقل) for this ticker|fiscal_year
سصفها|1397,سصفها,1397,auditor_opinion_type,MATCHED_SEPARATE_VALID,HTML_MISLABELED_XLSX,سصفها.zip!سصفها_۱۳۹۷_۱۲_۲۹_separate_ن-۱۰_صورت‌های مالی سال مالی منتهی به ۱۳۹۷_۱۲_۲۹ (حسابرسی شده).xlsx,AUDITOR_REPORT_ABSENT_FROM_PAYLOAD,CODAL auditor report (گزارش حسابرس مستقل) for this ticker|fiscal_year
سصفها|1397,سصفها,1397,auditor_report_date,MATCHED_SEPARATE_VALID,HTML_MISLABELED_XLSX,سصفها.zip!سصفها_۱۳۹۷_۱۲_۲۹_separate_ن-۱۰_صورت‌های مالی سال مالی منتهی به ۱۳۹۷_۱۲_۲۹ (حسابرسی شده).xlsx,AUDITOR_REPORT_ABSENT_FROM_PAYLOAD,CODAL auditor report (گزارش حسابرس مستقل) for this ticker|fiscal_year
سصفها|1398,سصفها,1398,auditor_opinion_type,MATCHED_SEPARATE_VALID,HTML_MISLABELED_XLSX,سصفها.zip!سصفها_۱۳۹۸_۱۲_۲۹_separate_ن-۱۰_صورت‌های مالی سال مالی منتهی به ۱۳۹۸_۱۲_۲۹ (حسابرسی شده).xlsx,AUDITOR_REPORT_ABSENT_FROM_PAYLOAD,CODAL auditor report (گزارش حسابرس مستقل) for this ticker|fiscal_year
سصفها|1398,سصفها,1398,auditor_report_date,MATCHED_SEPARATE_VALID,HTML_MISLABELED_XLSX,سصفها.zip!سصفها_۱۳۹۸_۱۲_۲۹_separate_ن-۱۰_صورت‌های مالی سال مالی منتهی به ۱۳۹۸_۱۲_۲۹ (حسابرسی شده).xlsx,AUDITOR_REPORT_ABSENT_FROM_PAYLOAD,CODAL auditor report (گزارش حسابرس مستقل) for this ticker|fiscal_year
سصفها|1399,سصفها,1399,fiscal_year_end,ONLY_CONSOLIDATED_AVAILABLE,,,ONLY_CONSOLIDATED_AVAILABLE,CODAL separate audited financial statements + auditor report
سصفها|1399,سصفها,1399,auditor_opinion_type,ONLY_CONSOLIDATED_AVAILABLE,,,ONLY_CONSOLIDATED_AVAILABLE,CODAL separate audited financial statements + auditor report
سصفها|1399,سصفها,1399,auditor_report_date,ONLY_CONSOLIDATED_AVAILABLE,,,ONLY_CONSOLIDATED_AVAILABLE,CODAL separate audited financial statements + auditor report
سصفها|1400,سصفها,1400,fiscal_year_end,ONLY_CONSOLIDATED_AVAILABLE,,,ONLY_CONSOLIDATED_AVAILABLE,CODAL separate audited financial statements + auditor report
سصفها|1400,سصفها,1400,auditor_opinion_type,ONLY_CONSOLIDATED_AVAILABLE,,,ONLY_CONSOLIDATED_AVAILABLE,CODAL separate audited financial statements + auditor report
سصفها|1400,سصفها,1400,auditor_report_date,ONLY_CONSOLIDATED_AVAILABLE,,,ONLY_CONSOLIDATED_AVAILABLE,CODAL separate audited financial statements + auditor report
سصفها|1401,سصفها,1401,fiscal_year_end,ONLY_CONSOLIDATED_AVAILABLE,,,ONLY_CONSOLIDATED_AVAILABLE,CODAL separate audited financial statements + auditor report
سصفها|1401,سصفها,1401,auditor_opinion_type,ONLY_CONSOLIDATED_AVAILABLE,,,ONLY_CONSOLIDATED_AVAILABLE,CODAL separate audited financial statements + auditor report
سصفها|1401,سصفها,1401,auditor_report_date,ONLY_CONSOLIDATED_AVAILABLE,,,ONLY_CONSOLIDATED_AVAILABLE,CODAL separate audited financial statements + auditor report
سصفها|1402,سصفها,1402,fiscal_year_end,ONLY_CONSOLIDATED_AVAILABLE,,,ONLY_CONSOLIDATED_AVAILABLE,CODAL separate audited financial statements + auditor report
سصفها|1402,سصفها,1402,auditor_opinion_type,ONLY_CONSOLIDATED_AVAILABLE,,,ONLY_CONSOLIDATED_AVAILABLE,CODAL separate audited financial statements + auditor report
سصفها|1402,سصفها,1402,auditor_report_date,ONLY_CONSOLIDATED_AVAILABLE,,,ONLY_CONSOLIDATED_AVAILABLE,CODAL separate audited financial statements + auditor report
شاراک|1394,شاراک,1394,fiscal_year_end,ONLY_CONSOLIDATED_AVAILABLE,,,ONLY_CONSOLIDATED_AVAILABLE,CODAL separate audited financial statements + auditor report
شاراک|1394,شاراک,1394,auditor_opinion_type,ONLY_CONSOLIDATED_AVAILABLE,,,ONLY_CONSOLIDATED_AVAILABLE,CODAL separate audited financial statements + auditor report
شاراک|1394,شاراک,1394,auditor_report_date,ONLY_CONSOLIDATED_AVAILABLE,,,ONLY_CONSOLIDATED_AVAILABLE,CODAL separate audited financial statements + auditor report
شاراک|1395,شاراک,1395,fiscal_year_end,ONLY_CONSOLIDATED_AVAILABLE,,,ONLY_CONSOLIDATED_AVAILABLE,CODAL separate audited financial statements + auditor report
شاراک|1395,شاراک,1395,auditor_opinion_type,ONLY_CONSOLIDATED_AVAILABLE,,,ONLY_CONSOLIDATED_AVAILABLE,CODAL separate audited financial statements + auditor report
شاراک|1395,شاراک,1395,auditor_report_date,ONLY_CONSOLIDATED_AVAILABLE,,,ONLY_CONSOLIDATED_AVAILABLE,CODAL separate audited financial statements + auditor report
شاراک|1396,شاراک,1396,fiscal_year_end,ONLY_CONSOLIDATED_AVAILABLE,,,ONLY_CONSOLIDATED_AVAILABLE,CODAL separate audited financial statements + auditor report
شاراک|1396,شاراک,1396,auditor_opinion_type,ONLY_CONSOLIDATED_AVAILABLE,,,ONLY_CONSOLIDATED_AVAILABLE,CODAL separate audited financial statements + auditor report
شاراک|1396,شاراک,1396,auditor_report_date,ONLY_CONSOLIDATED_AVAILABLE,,,ONLY_CONSOLIDATED_AVAILABLE,CODAL separate audited financial statements + auditor report
شاراک|1397,شاراک,1397,fiscal_year_end,ONLY_CONSOLIDATED_AVAILABLE,,,ONLY_CONSOLIDATED_AVAILABLE,CODAL separate audited financial statements + auditor report
شاراک|1397,شاراک,1397,auditor_opinion_type,ONLY_CONSOLIDATED_AVAILABLE,,,ONLY_CONSOLIDATED_AVAILABLE,CODAL separate audited financial statements + auditor report
شاراک|1397,شاراک,1397,auditor_report_date,ONLY_CONSOLIDATED_AVAILABLE,,,ONLY_CONSOLIDATED_AVAILABLE,CODAL separate audited financial statements + auditor report
شاراک|1398,شاراک,1398,fiscal_year_end,ONLY_CONSOLIDATED_AVAILABLE,,,ONLY_CONSOLIDATED_AVAILABLE,CODAL separate audited financial statements + auditor report
شاراک|1398,شاراک,1398,auditor_opinion_type,ONLY_CONSOLIDATED_AVAILABLE,,,ONLY_CONSOLIDATED_AVAILABLE,CODAL separate audited financial statements + auditor report
شاراک|1398,شاراک,1398,auditor_report_date,ONLY_CONSOLIDATED_AVAILABLE,,,ONLY_CONSOLIDATED_AVAILABLE,CODAL separate audited financial statements + auditor report
شاراک|1399,شاراک,1399,fiscal_year_end,ONLY_CONSOLIDATED_AVAILABLE,,,ONLY_CONSOLIDATED_AVAILABLE,CODAL separate audited financial statements + auditor report
شاراک|1399,شاراک,1399,auditor_opinion_type,ONLY_CONSOLIDATED_AVAILABLE,,,ONLY_CONSOLIDATED_AVAILABLE,CODAL separate audited financial statements + auditor report
شاراک|1399,شاراک,1399,auditor_report_date,ONLY_CONSOLIDATED_AVAILABLE,,,ONLY_CONSOLIDATED_AVAILABLE,CODAL separate audited financial statements + auditor report
شاراک|1400,شاراک,1400,fiscal_year_end,ONLY_CONSOLIDATED_AVAILABLE,,,ONLY_CONSOLIDATED_AVAILABLE,CODAL separate audited financial statements + auditor report
شاراک|1400,شاراک,1400,auditor_opinion_type,ONLY_CONSOLIDATED_AVAILABLE,,,ONLY_CONSOLIDATED_AVAILABLE,CODAL separate audited financial statements + auditor report
شاراک|1400,شاراک,1400,auditor_report_date,ONLY_CONSOLIDATED_AVAILABLE,,,ONLY_CONSOLIDATED_AVAILABLE,CODAL separate audited financial statements + auditor report
شاراک|1401,شاراک,1401,fiscal_year_end,ONLY_CONSOLIDATED_AVAILABLE,,,ONLY_CONSOLIDATED_AVAILABLE,CODAL separate audited financial statements + auditor report
شاراک|1401,شاراک,1401,auditor_opinion_type,ONLY_CONSOLIDATED_AVAILABLE,,,ONLY_CONSOLIDATED_AVAILABLE,CODAL separate audited financial statements + auditor report
شاراک|1401,شاراک,1401,auditor_report_date,ONLY_CONSOLIDATED_AVAILABLE,,,ONLY_CONSOLIDATED_AVAILABLE,CODAL separate audited financial statements + auditor report
شاراک|1402,شاراک,1402,fiscal_year_end,ONLY_CONSOLIDATED_AVAILABLE,,,ONLY_CONSOLIDATED_AVAILABLE,CODAL separate audited financial statements + auditor report
شاراک|1402,شاراک,1402,auditor_opinion_type,ONLY_CONSOLIDATED_AVAILABLE,,,ONLY_CONSOLIDATED_AVAILABLE,CODAL separate audited financial statements + auditor report
شاراک|1402,شاراک,1402,auditor_report_date,ONLY_CONSOLIDATED_AVAILABLE,,,ONLY_CONSOLIDATED_AVAILABLE,CODAL separate audited financial statements + auditor report
شکلر|1393,شکلر,1393,fiscal_year_end,NO_ARCHIVE_MATCH,,,NO_ARCHIVE_MATCH,CODAL separate audited financial statements + auditor report
شکلر|1393,شکلر,1393,auditor_opinion_type,NO_ARCHIVE_MATCH,,,NO_ARCHIVE_MATCH,CODAL separate audited financial statements + auditor report
شکلر|1393,شکلر,1393,auditor_report_date,NO_ARCHIVE_MATCH,,,NO_ARCHIVE_MATCH,CODAL separate audited financial statements + auditor report
شکلر|1398,شکلر,1398,fiscal_year_end,MATCHED_SEPARATE_VALID,HTML_MISLABELED_XLSX,شكلر.zip!شكلر_۱۳۹۸_۰۵_۳۱_separate_ن-۱۰_صورت‌های مالی سال مالی منتهی به ۱۳۹۸_۰۵_۳۱ (حسابرسی شده).xlsx,NOT_PRESENT_IN_SOURCE,CODAL auditor report (گزارش حسابرس مستقل) for this ticker|fiscal_year
شکلر|1398,شکلر,1398,auditor_opinion_type,MATCHED_SEPARATE_VALID,HTML_MISLABELED_XLSX,شكلر.zip!شكلر_۱۳۹۸_۰۵_۳۱_separate_ن-۱۰_صورت‌های مالی سال مالی منتهی به ۱۳۹۸_۰۵_۳۱ (حسابرسی شده).xlsx,AUDITOR_REPORT_ABSENT_FROM_PAYLOAD,CODAL auditor report (گزارش حسابرس مستقل) for this ticker|fiscal_year
شکلر|1398,شکلر,1398,auditor_report_date,MATCHED_SEPARATE_VALID,HTML_MISLABELED_XLSX,شكلر.zip!شكلر_۱۳۹۸_۰۵_۳۱_separate_ن-۱۰_صورت‌های مالی سال مالی منتهی به ۱۳۹۸_۰۵_۳۱ (حسابرسی شده).xlsx,AUDITOR_REPORT_ABSENT_FROM_PAYLOAD,CODAL auditor report (گزارش حسابرس مستقل) for this ticker|fiscal_year
شکلر|1399,شکلر,1399,auditor_opinion_type,MATCHED_SEPARATE_VALID,HTML_MISLABELED_XLSX,شكلر.zip!شكلر_۱۳۹۹_۰۵_۳۱_separate_ن-۱۰_صورت‌های مالی سال مالی منتهی به ۱۳۹۹_۰۵_۳۱ (حسابرسی شده).xlsx,AUDITOR_REPORT_ABSENT_FROM_PAYLOAD,CODAL auditor report (گزارش حسابرس مستقل) for this ticker|fiscal_year
شکلر|1399,شکلر,1399,auditor_report_date,MATCHED_SEPARATE_VALID,HTML_MISLABELED_XLSX,شكلر.zip!شكلر_۱۳۹۹_۰۵_۳۱_separate_ن-۱۰_صورت‌های مالی سال مالی منتهی به ۱۳۹۹_۰۵_۳۱ (حسابرسی شده).xlsx,AUDITOR_REPORT_ABSENT_FROM_PAYLOAD,CODAL auditor report (گزارش حسابرس مستقل) for this ticker|fiscal_year
شکلر|1400,شکلر,1400,fiscal_year_end,NO_ARCHIVE_MATCH,,,NO_ARCHIVE_MATCH,CODAL separate audited financial statements + auditor report
شکلر|1400,شکلر,1400,auditor_opinion_type,NO_ARCHIVE_MATCH,,,NO_ARCHIVE_MATCH,CODAL separate audited financial statements + auditor report
شکلر|1400,شکلر,1400,auditor_report_date,NO_ARCHIVE_MATCH,,,NO_ARCHIVE_MATCH,CODAL separate audited financial statements + auditor report
شکلر|1401,شکلر,1401,auditor_opinion_type,MATCHED_SEPARATE_CORRECTION_SELECTED,HTML_MISLABELED_XLSX,شكلر.zip!شكلر_۱۴۰۱_۰۸_۳۰_separate_ن-۱۰_صورت‌های مالی سال مالی منتهی به ۱۴۰۱_۰۸_۳۰ (حسابرسی شده)(اصلاحیه).xlsx,AUDITOR_REPORT_ABSENT_FROM_PAYLOAD,CODAL auditor report (گزارش حسابرس مستقل) for this ticker|fiscal_year
شکلر|1401,شکلر,1401,auditor_report_date,MATCHED_SEPARATE_CORRECTION_SELECTED,HTML_MISLABELED_XLSX,شكلر.zip!شكلر_۱۴۰۱_۰۸_۳۰_separate_ن-۱۰_صورت‌های مالی سال مالی منتهی به ۱۴۰۱_۰۸_۳۰ (حسابرسی شده)(اصلاحیه).xlsx,AUDITOR_REPORT_ABSENT_FROM_PAYLOAD,CODAL auditor report (گزارش حسابرس مستقل) for this ticker|fiscal_year
شکلر|1402,شکلر,1402,auditor_opinion_type,MATCHED_SEPARATE_VALID,HTML_MISLABELED_XLSX,شكلر.zip!شكلر_۱۴۰۲_۰۸_۳۰_separate_ن-۱۰_صورت‌های مالی سال مالی منتهی به ۱۴۰۲_۰۸_۳۰ (حسابرسی شده).xlsx,AUDITOR_REPORT_ABSENT_FROM_PAYLOAD,CODAL auditor report (گزارش حسابرس مستقل) for this ticker|fiscal_year
شکلر|1402,شکلر,1402,auditor_report_date,MATCHED_SEPARATE_VALID,HTML_MISLABELED_XLSX,شكلر.zip!شكلر_۱۴۰۲_۰۸_۳۰_separate_ن-۱۰_صورت‌های مالی سال مالی منتهی به ۱۴۰۲_۰۸_۳۰ (حسابرسی شده).xlsx,AUDITOR_REPORT_ABSENT_FROM_PAYLOAD,CODAL auditor report (گزارش حسابرس مستقل) for this ticker|fiscal_year
شپنا|1397,شپنا,1397,auditor_opinion_type,MATCHED_SEPARATE_VALID,HTML_MISLABELED_XLSX,شپنا.zip!شپنا_۱۳۹۷_۱۲_۲۹_separate_ن-۱۰_صورت‌های مالی سال مالی منتهی به ۱۳۹۷_۱۲_۲۹ (حسابرسی شده).xlsx,AUDITOR_REPORT_ABSENT_FROM_PAYLOAD,CODAL auditor report (گزارش حسابرس مستقل) for this ticker|fiscal_year
شپنا|1397,شپنا,1397,auditor_report_date,MATCHED_SEPARATE_VALID,HTML_MISLABELED_XLSX,شپنا.zip!شپنا_۱۳۹۷_۱۲_۲۹_separate_ن-۱۰_صورت‌های مالی سال مالی منتهی به ۱۳۹۷_۱۲_۲۹ (حسابرسی شده).xlsx,AUDITOR_REPORT_ABSENT_FROM_PAYLOAD,CODAL auditor report (گزارش حسابرس مستقل) for this ticker|fiscal_year
شپنا|1398,شپنا,1398,auditor_opinion_type,MATCHED_SEPARATE_VALID,HTML_MISLABELED_XLSX,شپنا.zip!شپنا_۱۳۹۸_۱۲_۲۹_separate_ن-۱۰_صورت‌های مالی سال مالی منتهی به ۱۳۹۸_۱۲_۲۹ (حسابرسی شده).xlsx,AUDITOR_REPORT_ABSENT_FROM_PAYLOAD,CODAL auditor report (گزارش حسابرس مستقل) for this ticker|fiscal_year
شپنا|1398,شپنا,1398,auditor_report_date,MATCHED_SEPARATE_VALID,HTML_MISLABELED_XLSX,شپنا.zip!شپنا_۱۳۹۸_۱۲_۲۹_separate_ن-۱۰_صورت‌های مالی سال مالی منتهی به ۱۳۹۸_۱۲_۲۹ (حسابرسی شده).xlsx,AUDITOR_REPORT_ABSENT_FROM_PAYLOAD,CODAL auditor report (گزارش حسابرس مستقل) for this ticker|fiscal_year
شپنا|1399,شپنا,1399,fiscal_year_end,ONLY_CONSOLIDATED_AVAILABLE,,,ONLY_CONSOLIDATED_AVAILABLE,CODAL separate audited financial statements + auditor report
شپنا|1399,شپنا,1399,auditor_opinion_type,ONLY_CONSOLIDATED_AVAILABLE,,,ONLY_CONSOLIDATED_AVAILABLE,CODAL separate audited financial statements + auditor report
شپنا|1399,شپنا,1399,auditor_report_date,ONLY_CONSOLIDATED_AVAILABLE,,,ONLY_CONSOLIDATED_AVAILABLE,CODAL separate audited financial statements + auditor report
شپنا|1400,شپنا,1400,fiscal_year_end,ONLY_CONSOLIDATED_AVAILABLE,,,ONLY_CONSOLIDATED_AVAILABLE,CODAL separate audited financial statements + auditor report
شپنا|1400,شپنا,1400,auditor_opinion_type,ONLY_CONSOLIDATED_AVAILABLE,,,ONLY_CONSOLIDATED_AVAILABLE,CODAL separate audited financial statements + auditor report
شپنا|1400,شپنا,1400,auditor_report_date,ONLY_CONSOLIDATED_AVAILABLE,,,ONLY_CONSOLIDATED_AVAILABLE,CODAL separate audited financial statements + auditor report
شپنا|1401,شپنا,1401,fiscal_year_end,ONLY_CONSOLIDATED_AVAILABLE,,,ONLY_CONSOLIDATED_AVAILABLE,CODAL separate audited financial statements + auditor report
شپنا|1401,شپنا,1401,auditor_opinion_type,ONLY_CONSOLIDATED_AVAILABLE,,,ONLY_CONSOLIDATED_AVAILABLE,CODAL separate audited financial statements + auditor report
شپنا|1401,شپنا,1401,auditor_report_date,ONLY_CONSOLIDATED_AVAILABLE,,,ONLY_CONSOLIDATED_AVAILABLE,CODAL separate audited financial statements + auditor report
شپنا|1402,شپنا,1402,fiscal_year_end,ONLY_CONSOLIDATED_AVAILABLE,,,ONLY_CONSOLIDATED_AVAILABLE,CODAL separate audited financial statements + auditor report
شپنا|1402,شپنا,1402,auditor_opinion_type,ONLY_CONSOLIDATED_AVAILABLE,,,ONLY_CONSOLIDATED_AVAILABLE,CODAL separate audited financial statements + auditor report
شپنا|1402,شپنا,1402,auditor_report_date,ONLY_CONSOLIDATED_AVAILABLE,,,ONLY_CONSOLIDATED_AVAILABLE,CODAL separate audited financial statements + auditor report
شفارس|1397,شفارس,1397,auditor_opinion_type,MATCHED_SEPARATE_VALID,HTML_MISLABELED_XLSX,شفارس.zip!شفارس_۱۳۹۷_۱۲_۲۹_separate_ن-۱۰_صورت‌های مالی سال مالی منتهی به ۱۳۹۷_۱۲_۲۹ (حسابرسی شده).xlsx,AUDITOR_REPORT_ABSENT_FROM_PAYLOAD,CODAL auditor report (گزارش حسابرس مستقل) for this ticker|fiscal_year
شفارس|1397,شفارس,1397,auditor_report_date,MATCHED_SEPARATE_VALID,HTML_MISLABELED_XLSX,شفارس.zip!شفارس_۱۳۹۷_۱۲_۲۹_separate_ن-۱۰_صورت‌های مالی سال مالی منتهی به ۱۳۹۷_۱۲_۲۹ (حسابرسی شده).xlsx,AUDITOR_REPORT_ABSENT_FROM_PAYLOAD,CODAL auditor report (گزارش حسابرس مستقل) for this ticker|fiscal_year
شفارس|1398,شفارس,1398,auditor_opinion_type,MATCHED_SEPARATE_VALID,HTML_MISLABELED_XLSX,شفارس.zip!شفارس_۱۳۹۸_۱۲_۲۹_separate_ن-۱۰_صورت‌های مالی سال مالی منتهی به ۱۳۹۸_۱۲_۲۹ (حسابرسی شده).xlsx,AUDITOR_REPORT_ABSENT_FROM_PAYLOAD,CODAL auditor report (گزارش حسابرس مستقل) for this ticker|fiscal_year
شفارس|1398,شفارس,1398,auditor_report_date,MATCHED_SEPARATE_VALID,HTML_MISLABELED_XLSX,شفارس.zip!شفارس_۱۳۹۸_۱۲_۲۹_separate_ن-۱۰_صورت‌های مالی سال مالی منتهی به ۱۳۹۸_۱۲_۲۹ (حسابرسی شده).xlsx,AUDITOR_REPORT_ABSENT_FROM_PAYLOAD,CODAL auditor report (گزارش حسابرس مستقل) for this ticker|fiscal_year
شفارس|1399,شفارس,1399,auditor_opinion_type,MATCHED_SEPARATE_CORRECTION_SELECTED,HTML_MISLABELED_XLSX,شفارس.zip!شفارس_۱۳۹۹_۱۲_۳۰_separate_ن-۱۰_صورت‌های مالی سال مالی منتهی به ۱۳۹۹_۱۲_۳۰ (حسابرسی شده)(اصلاحیه).xlsx,AUDITOR_REPORT_ABSENT_FROM_PAYLOAD,CODAL auditor report (گزارش حسابرس مستقل) for this ticker|fiscal_year
شفارس|1399,شفارس,1399,auditor_report_date,MATCHED_SEPARATE_CORRECTION_SELECTED,HTML_MISLABELED_XLSX,شفارس.zip!شفارس_۱۳۹۹_۱۲_۳۰_separate_ن-۱۰_صورت‌های مالی سال مالی منتهی به ۱۳۹۹_۱۲_۳۰ (حسابرسی شده)(اصلاحیه).xlsx,AUDITOR_REPORT_ABSENT_FROM_PAYLOAD,CODAL auditor report (گزارش حسابرس مستقل) for this ticker|fiscal_year
شفارس|1400,شفارس,1400,auditor_opinion_type,MATCHED_SEPARATE_VALID,HTML_MISLABELED_XLSX,شفارس.zip!شفارس_۱۴۰۰_۱۲_۲۹_separate_ن-۱۰_صورت‌های مالی سال مالی منتهی به ۱۴۰۰_۱۲_۲۹ (حسابرسی شده).xlsx,AUDITOR_REPORT_ABSENT_FROM_PAYLOAD,CODAL auditor report (گزارش حسابرس مستقل) for this ticker|fiscal_year
شفارس|1400,شفارس,1400,auditor_report_date,MATCHED_SEPARATE_VALID,HTML_MISLABELED_XLSX,شفارس.zip!شفارس_۱۴۰۰_۱۲_۲۹_separate_ن-۱۰_صورت‌های مالی سال مالی منتهی به ۱۴۰۰_۱۲_۲۹ (حسابرسی شده).xlsx,AUDITOR_REPORT_ABSENT_FROM_PAYLOAD,CODAL auditor report (گزارش حسابرس مستقل) for this ticker|fiscal_year
شفارس|1401,شفارس,1401,auditor_opinion_type,MATCHED_SEPARATE_VALID,HTML_MISLABELED_XLSX,شفارس.zip!شفارس_۱۴۰۱_۱۲_۲۹_separate_ن-۱۰_صورت‌های مالی سال مالی منتهی به ۱۴۰۱_۱۲_۲۹ (حسابرسی شده).xlsx,AUDITOR_REPORT_ABSENT_FROM_PAYLOAD,CODAL auditor report (گزارش حسابرس مستقل) for this ticker|fiscal_year
شفارس|1401,شفارس,1401,auditor_report_date,MATCHED_SEPARATE_VALID,HTML_MISLABELED_XLSX,شفارس.zip!شفارس_۱۴۰۱_۱۲_۲۹_separate_ن-۱۰_صورت‌های مالی سال مالی منتهی به ۱۴۰۱_۱۲_۲۹ (حسابرسی شده).xlsx,AUDITOR_REPORT_ABSENT_FROM_PAYLOAD,CODAL auditor report (گزارش حسابرس مستقل) for this ticker|fiscal_year
شفارس|1402,شفارس,1402,auditor_opinion_type,MATCHED_SEPARATE_VALID,HTML_MISLABELED_XLSX,شفارس.zip!شفارس_۱۴۰۲_۱۲_۲۹_separate_ن-۱۰_صورت‌های مالی سال مالی منتهی به ۱۴۰۲_۱۲_۲۹ (حسابرسی شده).xlsx,AUDITOR_REPORT_ABSENT_FROM_PAYLOAD,CODAL auditor report (گزارش حسابرس مستقل) for this ticker|fiscal_year
شفارس|1402,شفارس,1402,auditor_report_date,MATCHED_SEPARATE_VALID,HTML_MISLABELED_XLSX,شفارس.zip!شفارس_۱۴۰۲_۱۲_۲۹_separate_ن-۱۰_صورت‌های مالی سال مالی منتهی به ۱۴۰۲_۱۲_۲۹ (حسابرسی شده).xlsx,AUDITOR_REPORT_ABSENT_FROM_PAYLOAD,CODAL auditor report (گزارش حسابرس مستقل) for this ticker|fiscal_year
شغدیر|1394,شغدیر,1394,fiscal_year_end,NO_ARCHIVE_MATCH,,,NO_ARCHIVE_MATCH,CODAL separate audited financial statements + auditor report
شغدیر|1394,شغدیر,1394,auditor_opinion_type,NO_ARCHIVE_MATCH,,,NO_ARCHIVE_MATCH,CODAL separate audited financial statements + auditor report
شغدیر|1394,شغدیر,1394,auditor_report_date,NO_ARCHIVE_MATCH,,,NO_ARCHIVE_MATCH,CODAL separate audited financial statements + auditor report
شغدیر|1397,شغدیر,1397,auditor_opinion_type,MATCHED_SEPARATE_VALID,HTML_MISLABELED_XLSX,شغدير.zip!شغدير_۱۳۹۷_۱۲_۲۹_separate_ن-۱۰_صورت‌های مالی سال مالی منتهی به ۱۳۹۷_۱۲_۲۹ (حسابرسی شده).xlsx,AUDITOR_REPORT_ABSENT_FROM_PAYLOAD,CODAL auditor report (گزارش حسابرس مستقل) for this ticker|fiscal_year
شغدیر|1397,شغدیر,1397,auditor_report_date,MATCHED_SEPARATE_VALID,HTML_MISLABELED_XLSX,شغدير.zip!شغدير_۱۳۹۷_۱۲_۲۹_separate_ن-۱۰_صورت‌های مالی سال مالی منتهی به ۱۳۹۷_۱۲_۲۹ (حسابرسی شده).xlsx,AUDITOR_REPORT_ABSENT_FROM_PAYLOAD,CODAL auditor report (گزارش حسابرس مستقل) for this ticker|fiscal_year
شغدیر|1398,شغدیر,1398,auditor_opinion_type,MATCHED_SEPARATE_VALID,HTML_MISLABELED_XLSX,شغدير.zip!شغدير_۱۳۹۸_۱۲_۲۹_separate_ن-۱۰_صورت‌های مالی سال مالی منتهی به ۱۳۹۸_۱۲_۲۹ (حسابرسی شده).xlsx,AUDITOR_REPORT_ABSENT_FROM_PAYLOAD,CODAL auditor report (گزارش حسابرس مستقل) for this ticker|fiscal_year
شغدیر|1398,شغدیر,1398,auditor_report_date,MATCHED_SEPARATE_VALID,HTML_MISLABELED_XLSX,شغدير.zip!شغدير_۱۳۹۸_۱۲_۲۹_separate_ن-۱۰_صورت‌های مالی سال مالی منتهی به ۱۳۹۸_۱۲_۲۹ (حسابرسی شده).xlsx,AUDITOR_REPORT_ABSENT_FROM_PAYLOAD,CODAL auditor report (گزارش حسابرس مستقل) for this ticker|fiscal_year
شغدیر|1399,شغدیر,1399,auditor_opinion_type,MATCHED_SEPARATE_VALID,HTML_MISLABELED_XLSX,شغدير.zip!شغدير_۱۳۹۹_۱۲_۳۰_separate_ن-۱۰_صورت‌های مالی سال مالی منتهی به ۱۳۹۹_۱۲_۳۰ (حسابرسی شده).xlsx,AUDITOR_REPORT_ABSENT_FROM_PAYLOAD,CODAL auditor report (گزارش حسابرس مستقل) for this ticker|fiscal_year
شغدیر|1399,شغدیر,1399,auditor_report_date,MATCHED_SEPARATE_VALID,HTML_MISLABELED_XLSX,شغدير.zip!شغدير_۱۳۹۹_۱۲_۳۰_separate_ن-۱۰_صورت‌های مالی سال مالی منتهی به ۱۳۹۹_۱۲_۳۰ (حسابرسی شده).xlsx,AUDITOR_REPORT_ABSENT_FROM_PAYLOAD,CODAL auditor report (گزارش حسابرس مستقل) for this ticker|fiscal_year
شغدیر|1400,شغدیر,1400,auditor_opinion_type,MATCHED_SEPARATE_VALID,HTML_MISLABELED_XLSX,شغدير.zip!شغدير_۱۴۰۰_۱۲_۲۹_separate_ن-۱۰_صورت‌های مالی سال مالی منتهی به ۱۴۰۰_۱۲_۲۹ (حسابرسی شده).xlsx,AUDITOR_REPORT_ABSENT_FROM_PAYLOAD,CODAL auditor report (گزارش حسابرس مستقل) for this ticker|fiscal_year
شغدیر|1400,شغدیر,1400,auditor_report_date,MATCHED_SEPARATE_VALID,HTML_MISLABELED_XLSX,شغدير.zip!شغدير_۱۴۰۰_۱۲_۲۹_separate_ن-۱۰_صورت‌های مالی سال مالی منتهی به ۱۴۰۰_۱۲_۲۹ (حسابرسی شده).xlsx,AUDITOR_REPORT_ABSENT_FROM_PAYLOAD,CODAL auditor report (گزارش حسابرس مستقل) for this ticker|fiscal_year
شغدیر|1401,شغدیر,1401,auditor_opinion_type,MATCHED_SEPARATE_VALID,HTML_MISLABELED_XLSX,شغدير.zip!شغدير_۱۴۰۱_۱۲_۲۹_separate_ن-۱۰_صورت‌های مالی سال مالی منتهی به ۱۴۰۱_۱۲_۲۹ (حسابرسی شده).xlsx,AUDITOR_REPORT_ABSENT_FROM_PAYLOAD,CODAL auditor report (گزارش حسابرس مستقل) for this ticker|fiscal_year
شغدیر|1401,شغدیر,1401,auditor_report_date,MATCHED_SEPARATE_VALID,HTML_MISLABELED_XLSX,شغدير.zip!شغدير_۱۴۰۱_۱۲_۲۹_separate_ن-۱۰_صورت‌های مالی سال مالی منتهی به ۱۴۰۱_۱۲_۲۹ (حسابرسی شده).xlsx,AUDITOR_REPORT_ABSENT_FROM_PAYLOAD,CODAL auditor report (گزارش حسابرس مستقل) for this ticker|fiscal_year
شغدیر|1402,شغدیر,1402,auditor_opinion_type,MATCHED_SEPARATE_VALID,HTML_MISLABELED_XLSX,شغدير.zip!شغدير_۱۴۰۲_۱۲_۲۹_separate_ن-۱۰_صورت‌های مالی سال مالی منتهی به ۱۴۰۲_۱۲_۲۹ (حسابرسی شده).xlsx,AUDITOR_REPORT_ABSENT_FROM_PAYLOAD,CODAL auditor report (گزارش حسابرس مستقل) for this ticker|fiscal_year
شغدیر|1402,شغدیر,1402,auditor_report_date,MATCHED_SEPARATE_VALID,HTML_MISLABELED_XLSX,شغدير.zip!شغدير_۱۴۰۲_۱۲_۲۹_separate_ن-۱۰_صورت‌های مالی سال مالی منتهی به ۱۴۰۲_۱۲_۲۹ (حسابرسی شده).xlsx,AUDITOR_REPORT_ABSENT_FROM_PAYLOAD,CODAL auditor report (گزارش حسابرس مستقل) for this ticker|fiscal_year
شیران|1396,شیران,1396,fiscal_year_end,ONLY_CONSOLIDATED_AVAILABLE,,,ONLY_CONSOLIDATED_AVAILABLE,CODAL separate audited financial statements + auditor report
شیران|1396,شیران,1396,auditor_opinion_type,ONLY_CONSOLIDATED_AVAILABLE,,,ONLY_CONSOLIDATED_AVAILABLE,CODAL separate audited financial statements + auditor report
شیران|1396,شیران,1396,auditor_report_date,ONLY_CONSOLIDATED_AVAILABLE,,,ONLY_CONSOLIDATED_AVAILABLE,CODAL separate audited financial statements + auditor report
شیران|1397,شیران,1397,fiscal_year_end,ONLY_CONSOLIDATED_AVAILABLE,,,ONLY_CONSOLIDATED_AVAILABLE,CODAL separate audited financial statements + auditor report
شیران|1397,شیران,1397,auditor_opinion_type,ONLY_CONSOLIDATED_AVAILABLE,,,ONLY_CONSOLIDATED_AVAILABLE,CODAL separate audited financial statements + auditor report
شیران|1397,شیران,1397,auditor_report_date,ONLY_CONSOLIDATED_AVAILABLE,,,ONLY_CONSOLIDATED_AVAILABLE,CODAL separate audited financial statements + auditor report
شیران|1398,شیران,1398,fiscal_year_end,ONLY_CONSOLIDATED_AVAILABLE,,,ONLY_CONSOLIDATED_AVAILABLE,CODAL separate audited financial statements + auditor report
شیران|1398,شیران,1398,auditor_opinion_type,ONLY_CONSOLIDATED_AVAILABLE,,,ONLY_CONSOLIDATED_AVAILABLE,CODAL separate audited financial statements + auditor report
شیران|1398,شیران,1398,auditor_report_date,ONLY_CONSOLIDATED_AVAILABLE,,,ONLY_CONSOLIDATED_AVAILABLE,CODAL separate audited financial statements + auditor report
شیران|1399,شیران,1399,fiscal_year_end,ONLY_CONSOLIDATED_AVAILABLE,,,ONLY_CONSOLIDATED_AVAILABLE,CODAL separate audited financial statements + auditor report
شیران|1399,شیران,1399,auditor_opinion_type,ONLY_CONSOLIDATED_AVAILABLE,,,ONLY_CONSOLIDATED_AVAILABLE,CODAL separate audited financial statements + auditor report
شیران|1399,شیران,1399,auditor_report_date,ONLY_CONSOLIDATED_AVAILABLE,,,ONLY_CONSOLIDATED_AVAILABLE,CODAL separate audited financial statements + auditor report
شیران|1400,شیران,1400,fiscal_year_end,ONLY_CONSOLIDATED_AVAILABLE,,,ONLY_CONSOLIDATED_AVAILABLE,CODAL separate audited financial statements + auditor report
شیران|1400,شیران,1400,auditor_opinion_type,ONLY_CONSOLIDATED_AVAILABLE,,,ONLY_CONSOLIDATED_AVAILABLE,CODAL separate audited financial statements + auditor report
شیران|1400,شیران,1400,auditor_report_date,ONLY_CONSOLIDATED_AVAILABLE,,,ONLY_CONSOLIDATED_AVAILABLE,CODAL separate audited financial statements + auditor report
شیران|1401,شیران,1401,fiscal_year_end,ONLY_CONSOLIDATED_AVAILABLE,,,ONLY_CONSOLIDATED_AVAILABLE,CODAL separate audited financial statements + auditor report
شیران|1401,شیران,1401,auditor_opinion_type,ONLY_CONSOLIDATED_AVAILABLE,,,ONLY_CONSOLIDATED_AVAILABLE,CODAL separate audited financial statements + auditor report
شیران|1401,شیران,1401,auditor_report_date,ONLY_CONSOLIDATED_AVAILABLE,,,ONLY_CONSOLIDATED_AVAILABLE,CODAL separate audited financial statements + auditor report
شیران|1402,شیران,1402,fiscal_year_end,ONLY_CONSOLIDATED_AVAILABLE,,,ONLY_CONSOLIDATED_AVAILABLE,CODAL separate audited financial statements + auditor report
شیران|1402,شیران,1402,auditor_opinion_type,ONLY_CONSOLIDATED_AVAILABLE,,,ONLY_CONSOLIDATED_AVAILABLE,CODAL separate audited financial statements + auditor report
شیران|1402,شیران,1402,auditor_report_date,ONLY_CONSOLIDATED_AVAILABLE,,,ONLY_CONSOLIDATED_AVAILABLE,CODAL separate audited financial statements + auditor report
شپارس|1397,شپارس,1397,auditor_opinion_type,MATCHED_SEPARATE_VALID,HTML_MISLABELED_XLSX,شپارس.zip!شپارس_۱۳۹۷_۰۶_۳۱_separate_ن-۱۰_صورت‌های مالی سال مالی منتهی به ۱۳۹۷_۰۶_۳۱ (حسابرسی شده).xlsx,AUDITOR_REPORT_ABSENT_FROM_PAYLOAD,CODAL auditor report (گزارش حسابرس مستقل) for this ticker|fiscal_year
شپارس|1397,شپارس,1397,auditor_report_date,MATCHED_SEPARATE_VALID,HTML_MISLABELED_XLSX,شپارس.zip!شپارس_۱۳۹۷_۰۶_۳۱_separate_ن-۱۰_صورت‌های مالی سال مالی منتهی به ۱۳۹۷_۰۶_۳۱ (حسابرسی شده).xlsx,AUDITOR_REPORT_ABSENT_FROM_PAYLOAD,CODAL auditor report (گزارش حسابرس مستقل) for this ticker|fiscal_year
شپارس|1398,شپارس,1398,fiscal_year_end,MATCHED_SEPARATE_VALID,HTML_MISLABELED_XLSX,شپارس.zip!شپارس_۱۳۹۸_۰۶_۳۱_separate_ن-۱۰_صورت‌های مالی سال مالی منتهی به ۱۳۹۸_۰۶_۳۱ (حسابرسی شده).xlsx,NOT_PRESENT_IN_SOURCE,CODAL auditor report (گزارش حسابرس مستقل) for this ticker|fiscal_year
شپارس|1398,شپارس,1398,auditor_opinion_type,MATCHED_SEPARATE_VALID,HTML_MISLABELED_XLSX,شپارس.zip!شپارس_۱۳۹۸_۰۶_۳۱_separate_ن-۱۰_صورت‌های مالی سال مالی منتهی به ۱۳۹۸_۰۶_۳۱ (حسابرسی شده).xlsx,AUDITOR_REPORT_ABSENT_FROM_PAYLOAD,CODAL auditor report (گزارش حسابرس مستقل) for this ticker|fiscal_year
شپارس|1398,شپارس,1398,auditor_report_date,MATCHED_SEPARATE_VALID,HTML_MISLABELED_XLSX,شپارس.zip!شپارس_۱۳۹۸_۰۶_۳۱_separate_ن-۱۰_صورت‌های مالی سال مالی منتهی به ۱۳۹۸_۰۶_۳۱ (حسابرسی شده).xlsx,AUDITOR_REPORT_ABSENT_FROM_PAYLOAD,CODAL auditor report (گزارش حسابرس مستقل) for this ticker|fiscal_year
شپارس|1399,شپارس,1399,auditor_opinion_type,MATCHED_SEPARATE_VALID,HTML_MISLABELED_XLSX,شپارس.zip!شپارس_۱۳۹۹_۰۶_۳۱_separate_ن-۱۰_صورت‌های مالی سال مالی منتهی به ۱۳۹۹_۰۶_۳۱ (حسابرسی شده).xlsx,AUDITOR_REPORT_ABSENT_FROM_PAYLOAD,CODAL auditor report (گزارش حسابرس مستقل) for this ticker|fiscal_year
شپارس|1399,شپارس,1399,auditor_report_date,MATCHED_SEPARATE_VALID,HTML_MISLABELED_XLSX,شپارس.zip!شپارس_۱۳۹۹_۰۶_۳۱_separate_ن-۱۰_صورت‌های مالی سال مالی منتهی به ۱۳۹۹_۰۶_۳۱ (حسابرسی شده).xlsx,AUDITOR_REPORT_ABSENT_FROM_PAYLOAD,CODAL auditor report (گزارش حسابرس مستقل) for this ticker|fiscal_year
شپارس|1400,شپارس,1400,auditor_opinion_type,MATCHED_SEPARATE_VALID,HTML_MISLABELED_XLSX,شپارس.zip!شپارس_۱۴۰۰_۰۶_۳۱_separate_ن-۱۰_صورت‌های مالی سال مالی منتهی به ۱۴۰۰_۰۶_۳۱ (حسابرسی شده).xlsx,AUDITOR_REPORT_ABSENT_FROM_PAYLOAD,CODAL auditor report (گزارش حسابرس مستقل) for this ticker|fiscal_year
شپارس|1400,شپارس,1400,auditor_report_date,MATCHED_SEPARATE_VALID,HTML_MISLABELED_XLSX,شپارس.zip!شپارس_۱۴۰۰_۰۶_۳۱_separate_ن-۱۰_صورت‌های مالی سال مالی منتهی به ۱۴۰۰_۰۶_۳۱ (حسابرسی شده).xlsx,AUDITOR_REPORT_ABSENT_FROM_PAYLOAD,CODAL auditor report (گزارش حسابرس مستقل) for this ticker|fiscal_year
شپارس|1401,شپارس,1401,auditor_opinion_type,MATCHED_SEPARATE_VALID,HTML_MISLABELED_XLSX,شپارس.zip!شپارس_۱۴۰۱_۰۶_۳۱_separate_ن-۱۰_صورت‌های مالی سال مالی منتهی به ۱۴۰۱_۰۶_۳۱ (حسابرسی شده).xlsx,AUDITOR_REPORT_ABSENT_FROM_PAYLOAD,CODAL auditor report (گزارش حسابرس مستقل) for this ticker|fiscal_year
شپارس|1401,شپارس,1401,auditor_report_date,MATCHED_SEPARATE_VALID,HTML_MISLABELED_XLSX,شپارس.zip!شپارس_۱۴۰۱_۰۶_۳۱_separate_ن-۱۰_صورت‌های مالی سال مالی منتهی به ۱۴۰۱_۰۶_۳۱ (حسابرسی شده).xlsx,AUDITOR_REPORT_ABSENT_FROM_PAYLOAD,CODAL auditor report (گزارش حسابرس مستقل) for this ticker|fiscal_year
شپارس|1402,شپارس,1402,auditor_opinion_type,MATCHED_SEPARATE_VALID,HTML_MISLABELED_XLSX,شپارس.zip!شپارس_۱۴۰۲_۰۶_۳۱_separate_ن-۱۰_صورت‌های مالی سال مالی منتهی به ۱۴۰۲_۰۶_۳۱ (حسابرسی شده).xlsx,AUDITOR_REPORT_ABSENT_FROM_PAYLOAD,CODAL auditor report (گزارش حسابرس مستقل) for this ticker|fiscal_year
شپارس|1402,شپارس,1402,auditor_report_date,MATCHED_SEPARATE_VALID,HTML_MISLABELED_XLSX,شپارس.zip!شپارس_۱۴۰۲_۰۶_۳۱_separate_ن-۱۰_صورت‌های مالی سال مالی منتهی به ۱۴۰۲_۰۶_۳۱ (حسابرسی شده).xlsx,AUDITOR_REPORT_ABSENT_FROM_PAYLOAD,CODAL auditor report (گزارش حسابرس مستقل) for this ticker|fiscal_year
سیلام|1395,سیلام,1395,fiscal_year_end,ONLY_CONSOLIDATED_AVAILABLE,,,ONLY_CONSOLIDATED_AVAILABLE,CODAL separate audited financial statements + auditor report
سیلام|1395,سیلام,1395,auditor_opinion_type,ONLY_CONSOLIDATED_AVAILABLE,,,ONLY_CONSOLIDATED_AVAILABLE,CODAL separate audited financial statements + auditor report
سیلام|1395,سیلام,1395,auditor_report_date,ONLY_CONSOLIDATED_AVAILABLE,,,ONLY_CONSOLIDATED_AVAILABLE,CODAL separate audited financial statements + auditor report
سیلام|1396,سیلام,1396,fiscal_year_end,ONLY_CONSOLIDATED_AVAILABLE,,,ONLY_CONSOLIDATED_AVAILABLE,CODAL separate audited financial statements + auditor report
سیلام|1396,سیلام,1396,auditor_opinion_type,ONLY_CONSOLIDATED_AVAILABLE,,,ONLY_CONSOLIDATED_AVAILABLE,CODAL separate audited financial statements + auditor report
سیلام|1396,سیلام,1396,auditor_report_date,ONLY_CONSOLIDATED_AVAILABLE,,,ONLY_CONSOLIDATED_AVAILABLE,CODAL separate audited financial statements + auditor report
سیلام|1397,سیلام,1397,fiscal_year_end,ONLY_CONSOLIDATED_AVAILABLE,,,ONLY_CONSOLIDATED_AVAILABLE,CODAL separate audited financial statements + auditor report
سیلام|1397,سیلام,1397,auditor_opinion_type,ONLY_CONSOLIDATED_AVAILABLE,,,ONLY_CONSOLIDATED_AVAILABLE,CODAL separate audited financial statements + auditor report
سیلام|1397,سیلام,1397,auditor_report_date,ONLY_CONSOLIDATED_AVAILABLE,,,ONLY_CONSOLIDATED_AVAILABLE,CODAL separate audited financial statements + auditor report
سیلام|1398,سیلام,1398,fiscal_year_end,ONLY_CONSOLIDATED_AVAILABLE,,,ONLY_CONSOLIDATED_AVAILABLE,CODAL separate audited financial statements + auditor report
سیلام|1398,سیلام,1398,auditor_opinion_type,ONLY_CONSOLIDATED_AVAILABLE,,,ONLY_CONSOLIDATED_AVAILABLE,CODAL separate audited financial statements + auditor report
سیلام|1398,سیلام,1398,auditor_report_date,ONLY_CONSOLIDATED_AVAILABLE,,,ONLY_CONSOLIDATED_AVAILABLE,CODAL separate audited financial statements + auditor report
سیلام|1399,سیلام,1399,fiscal_year_end,ONLY_CONSOLIDATED_AVAILABLE,,,ONLY_CONSOLIDATED_AVAILABLE,CODAL separate audited financial statements + auditor report
سیلام|1399,سیلام,1399,auditor_opinion_type,ONLY_CONSOLIDATED_AVAILABLE,,,ONLY_CONSOLIDATED_AVAILABLE,CODAL separate audited financial statements + auditor report
سیلام|1399,سیلام,1399,auditor_report_date,ONLY_CONSOLIDATED_AVAILABLE,,,ONLY_CONSOLIDATED_AVAILABLE,CODAL separate audited financial statements + auditor report
سیلام|1400,سیلام,1400,fiscal_year_end,ONLY_CONSOLIDATED_AVAILABLE,,,ONLY_CONSOLIDATED_AVAILABLE,CODAL separate audited financial statements + auditor report
سیلام|1400,سیلام,1400,auditor_opinion_type,ONLY_CONSOLIDATED_AVAILABLE,,,ONLY_CONSOLIDATED_AVAILABLE,CODAL separate audited financial statements + auditor report
سیلام|1400,سیلام,1400,auditor_report_date,ONLY_CONSOLIDATED_AVAILABLE,,,ONLY_CONSOLIDATED_AVAILABLE,CODAL separate audited financial statements + auditor report
سیلام|1401,سیلام,1401,fiscal_year_end,ONLY_CONSOLIDATED_AVAILABLE,,,ONLY_CONSOLIDATED_AVAILABLE,CODAL separate audited financial statements + auditor report
سیلام|1401,سیلام,1401,auditor_opinion_type,ONLY_CONSOLIDATED_AVAILABLE,,,ONLY_CONSOLIDATED_AVAILABLE,CODAL separate audited financial statements + auditor report
سیلام|1401,سیلام,1401,auditor_report_date,ONLY_CONSOLIDATED_AVAILABLE,,,ONLY_CONSOLIDATED_AVAILABLE,CODAL separate audited financial statements + auditor report
سیلام|1402,سیلام,1402,fiscal_year_end,ONLY_CONSOLIDATED_AVAILABLE,,,ONLY_CONSOLIDATED_AVAILABLE,CODAL separate audited financial statements + auditor report
سیلام|1402,سیلام,1402,auditor_opinion_type,ONLY_CONSOLIDATED_AVAILABLE,,,ONLY_CONSOLIDATED_AVAILABLE,CODAL separate audited financial statements + auditor report
سیلام|1402,سیلام,1402,auditor_report_date,ONLY_CONSOLIDATED_AVAILABLE,,,ONLY_CONSOLIDATED_AVAILABLE,CODAL separate audited financial statements + auditor report
سکرد|1396,سکرد,1396,fiscal_year_end,ONLY_CONSOLIDATED_AVAILABLE,,,ONLY_CONSOLIDATED_AVAILABLE,CODAL separate audited financial statements + auditor report
سکرد|1396,سکرد,1396,auditor_opinion_type,ONLY_CONSOLIDATED_AVAILABLE,,,ONLY_CONSOLIDATED_AVAILABLE,CODAL separate audited financial statements + auditor report
سکرد|1396,سکرد,1396,auditor_report_date,ONLY_CONSOLIDATED_AVAILABLE,,,ONLY_CONSOLIDATED_AVAILABLE,CODAL separate audited financial statements + auditor report
سکرد|1397,سکرد,1397,fiscal_year_end,ONLY_CONSOLIDATED_AVAILABLE,,,ONLY_CONSOLIDATED_AVAILABLE,CODAL separate audited financial statements + auditor report
سکرد|1397,سکرد,1397,auditor_opinion_type,ONLY_CONSOLIDATED_AVAILABLE,,,ONLY_CONSOLIDATED_AVAILABLE,CODAL separate audited financial statements + auditor report
سکرد|1397,سکرد,1397,auditor_report_date,ONLY_CONSOLIDATED_AVAILABLE,,,ONLY_CONSOLIDATED_AVAILABLE,CODAL separate audited financial statements + auditor report
سکرد|1398,سکرد,1398,fiscal_year_end,ONLY_CONSOLIDATED_AVAILABLE,,,ONLY_CONSOLIDATED_AVAILABLE,CODAL separate audited financial statements + auditor report
سکرد|1398,سکرد,1398,auditor_opinion_type,ONLY_CONSOLIDATED_AVAILABLE,,,ONLY_CONSOLIDATED_AVAILABLE,CODAL separate audited financial statements + auditor report
سکرد|1398,سکرد,1398,auditor_report_date,ONLY_CONSOLIDATED_AVAILABLE,,,ONLY_CONSOLIDATED_AVAILABLE,CODAL separate audited financial statements + auditor report
سکرد|1399,سکرد,1399,fiscal_year_end,ONLY_CONSOLIDATED_AVAILABLE,,,ONLY_CONSOLIDATED_AVAILABLE,CODAL separate audited financial statements + auditor report
سکرد|1399,سکرد,1399,auditor_opinion_type,ONLY_CONSOLIDATED_AVAILABLE,,,ONLY_CONSOLIDATED_AVAILABLE,CODAL separate audited financial statements + auditor report
سکرد|1399,سکرد,1399,auditor_report_date,ONLY_CONSOLIDATED_AVAILABLE,,,ONLY_CONSOLIDATED_AVAILABLE,CODAL separate audited financial statements + auditor report
سکرد|1400,سکرد,1400,fiscal_year_end,ONLY_CONSOLIDATED_AVAILABLE,,,ONLY_CONSOLIDATED_AVAILABLE,CODAL separate audited financial statements + auditor report
سکرد|1400,سکرد,1400,auditor_opinion_type,ONLY_CONSOLIDATED_AVAILABLE,,,ONLY_CONSOLIDATED_AVAILABLE,CODAL separate audited financial statements + auditor report
سکرد|1400,سکرد,1400,auditor_report_date,ONLY_CONSOLIDATED_AVAILABLE,,,ONLY_CONSOLIDATED_AVAILABLE,CODAL separate audited financial statements + auditor report
سکرد|1401,سکرد,1401,fiscal_year_end,ONLY_CONSOLIDATED_AVAILABLE,,,ONLY_CONSOLIDATED_AVAILABLE,CODAL separate audited financial statements + auditor report
سکرد|1401,سکرد,1401,auditor_opinion_type,ONLY_CONSOLIDATED_AVAILABLE,,,ONLY_CONSOLIDATED_AVAILABLE,CODAL separate audited financial statements + auditor report
سکرد|1401,سکرد,1401,auditor_report_date,ONLY_CONSOLIDATED_AVAILABLE,,,ONLY_CONSOLIDATED_AVAILABLE,CODAL separate audited financial statements + auditor report
سکرد|1402,سکرد,1402,fiscal_year_end,ONLY_CONSOLIDATED_AVAILABLE,,,ONLY_CONSOLIDATED_AVAILABLE,CODAL separate audited financial statements + auditor report
سکرد|1402,سکرد,1402,auditor_opinion_type,ONLY_CONSOLIDATED_AVAILABLE,,,ONLY_CONSOLIDATED_AVAILABLE,CODAL separate audited financial statements + auditor report
سکرد|1402,سکرد,1402,auditor_report_date,ONLY_CONSOLIDATED_AVAILABLE,,,ONLY_CONSOLIDATED_AVAILABLE,CODAL separate audited financial statements + auditor report
شبریز|1397,شبریز,1397,auditor_opinion_type,MATCHED_SEPARATE_VALID,HTML_MISLABELED_XLSX,شبريز.zip!شبريز_۱۳۹۷_۱۲_۲۹_separate_ن-۱۰_صورت‌های مالی سال مالی منتهی به ۱۳۹۷_۱۲_۲۹ (حسابرسی شده).xlsx,AUDITOR_REPORT_ABSENT_FROM_PAYLOAD,CODAL auditor report (گزارش حسابرس مستقل) for this ticker|fiscal_year
شبریز|1397,شبریز,1397,auditor_report_date,MATCHED_SEPARATE_VALID,HTML_MISLABELED_XLSX,شبريز.zip!شبريز_۱۳۹۷_۱۲_۲۹_separate_ن-۱۰_صورت‌های مالی سال مالی منتهی به ۱۳۹۷_۱۲_۲۹ (حسابرسی شده).xlsx,AUDITOR_REPORT_ABSENT_FROM_PAYLOAD,CODAL auditor report (گزارش حسابرس مستقل) for this ticker|fiscal_year
شبریز|1398,شبریز,1398,auditor_opinion_type,MATCHED_SEPARATE_VALID,HTML_MISLABELED_XLSX,شبريز.zip!شبريز_۱۳۹۸_۱۲_۲۹_separate_ن-۱۰_صورت‌های مالی سال مالی منتهی به ۱۳۹۸_۱۲_۲۹ (حسابرسی شده).xlsx,AUDITOR_REPORT_ABSENT_FROM_PAYLOAD,CODAL auditor report (گزارش حسابرس مستقل) for this ticker|fiscal_year
شبریز|1398,شبریز,1398,auditor_report_date,MATCHED_SEPARATE_VALID,HTML_MISLABELED_XLSX,شبريز.zip!شبريز_۱۳۹۸_۱۲_۲۹_separate_ن-۱۰_صورت‌های مالی سال مالی منتهی به ۱۳۹۸_۱۲_۲۹ (حسابرسی شده).xlsx,AUDITOR_REPORT_ABSENT_FROM_PAYLOAD,CODAL auditor report (گزارش حسابرس مستقل) for this ticker|fiscal_year
شبریز|1399,شبریز,1399,auditor_opinion_type,MATCHED_SEPARATE_VALID,HTML_MISLABELED_XLSX,شبريز.zip!شبريز_۱۳۹۹_۱۲_۳۰_separate_ن-۱۰_صورت‌های مالی سال مالی منتهی به ۱۳۹۹_۱۲_۳۰ (حسابرسی شده).xlsx,AUDITOR_REPORT_ABSENT_FROM_PAYLOAD,CODAL auditor report (گزارش حسابرس مستقل) for this ticker|fiscal_year
شبریز|1399,شبریز,1399,auditor_report_date,MATCHED_SEPARATE_VALID,HTML_MISLABELED_XLSX,شبريز.zip!شبريز_۱۳۹۹_۱۲_۳۰_separate_ن-۱۰_صورت‌های مالی سال مالی منتهی به ۱۳۹۹_۱۲_۳۰ (حسابرسی شده).xlsx,AUDITOR_REPORT_ABSENT_FROM_PAYLOAD,CODAL auditor report (گزارش حسابرس مستقل) for this ticker|fiscal_year
شبریز|1400,شبریز,1400,auditor_opinion_type,MATCHED_SEPARATE_VALID,HTML_MISLABELED_XLSX,شبريز.zip!شبريز_۱۴۰۰_۱۲_۲۹_separate_ن-۱۰_صورت‌های مالی سال مالی منتهی به ۱۴۰۰_۱۲_۲۹ (حسابرسی شده).xlsx,AUDITOR_REPORT_ABSENT_FROM_PAYLOAD,CODAL auditor report (گزارش حسابرس مستقل) for this ticker|fiscal_year
شبریز|1400,شبریز,1400,auditor_report_date,MATCHED_SEPARATE_VALID,HTML_MISLABELED_XLSX,شبريز.zip!شبريز_۱۴۰۰_۱۲_۲۹_separate_ن-۱۰_صورت‌های مالی سال مالی منتهی به ۱۴۰۰_۱۲_۲۹ (حسابرسی شده).xlsx,AUDITOR_REPORT_ABSENT_FROM_PAYLOAD,CODAL auditor report (گزارش حسابرس مستقل) for this ticker|fiscal_year
شبریز|1401,شبریز,1401,auditor_opinion_type,MATCHED_SEPARATE_VALID,HTML_MISLABELED_XLSX,شبريز.zip!شبريز_۱۴۰۱_۱۲_۲۹_separate_ن-۱۰_صورت‌های مالی سال مالی منتهی به ۱۴۰۱_۱۲_۲۹ (حسابرسی شده).xlsx,AUDITOR_REPORT_ABSENT_FROM_PAYLOAD,CODAL auditor report (گزارش حسابرس مستقل) for this ticker|fiscal_year
شبریز|1401,شبریز,1401,auditor_report_date,MATCHED_SEPARATE_VALID,HTML_MISLABELED_XLSX,شبريز.zip!شبريز_۱۴۰۱_۱۲_۲۹_separate_ن-۱۰_صورت‌های مالی سال مالی منتهی به ۱۴۰۱_۱۲_۲۹ (حسابرسی شده).xlsx,AUDITOR_REPORT_ABSENT_FROM_PAYLOAD,CODAL auditor report (گزارش حسابرس مستقل) for this ticker|fiscal_year
شبریز|1402,شبریز,1402,auditor_opinion_type,MATCHED_SEPARATE_VALID,HTML_MISLABELED_XLSX,شبريز.zip!شبريز_۱۴۰۲_۱۲_۲۹_separate_ن-۱۰_صورت‌های مالی سال مالی منتهی به ۱۴۰۲_۱۲_۲۹ (حسابرسی شده).xlsx,AUDITOR_REPORT_ABSENT_FROM_PAYLOAD,CODAL auditor report (گزارش حسابرس مستقل) for this ticker|fiscal_year
شبریز|1402,شبریز,1402,auditor_report_date,MATCHED_SEPARATE_VALID,HTML_MISLABELED_XLSX,شبريز.zip!شبريز_۱۴۰۲_۱۲_۲۹_separate_ن-۱۰_صورت‌های مالی سال مالی منتهی به ۱۴۰۲_۱۲_۲۹ (حسابرسی شده).xlsx,AUDITOR_REPORT_ABSENT_FROM_PAYLOAD,CODAL auditor report (گزارش حسابرس مستقل) for this ticker|fiscal_year
سنیر|1397,سنیر,1397,auditor_opinion_type,MATCHED_SEPARATE_VALID,HTML_MISLABELED_XLSX,سنير.zip!سنير_۱۳۹۷_۱۲_۲۹_separate_ن-۱۰_صورت‌های مالی سال مالی منتهی به ۱۳۹۷_۱۲_۲۹ (حسابرسی شده).xlsx,AUDITOR_REPORT_ABSENT_FROM_PAYLOAD,CODAL auditor report (گزارش حسابرس مستقل) for this ticker|fiscal_year
سنیر|1397,سنیر,1397,auditor_report_date,MATCHED_SEPARATE_VALID,HTML_MISLABELED_XLSX,سنير.zip!سنير_۱۳۹۷_۱۲_۲۹_separate_ن-۱۰_صورت‌های مالی سال مالی منتهی به ۱۳۹۷_۱۲_۲۹ (حسابرسی شده).xlsx,AUDITOR_REPORT_ABSENT_FROM_PAYLOAD,CODAL auditor report (گزارش حسابرس مستقل) for this ticker|fiscal_year
سنیر|1398,سنیر,1398,auditor_opinion_type,MATCHED_SEPARATE_VALID,HTML_MISLABELED_XLSX,سنير.zip!سنير_۱۳۹۸_۱۲_۲۹_separate_ن-۱۰_صورت‌های مالی سال مالی منتهی به ۱۳۹۸_۱۲_۲۹ (حسابرسی شده).xlsx,AUDITOR_REPORT_ABSENT_FROM_PAYLOAD,CODAL auditor report (گزارش حسابرس مستقل) for this ticker|fiscal_year
سنیر|1398,سنیر,1398,auditor_report_date,MATCHED_SEPARATE_VALID,HTML_MISLABELED_XLSX,سنير.zip!سنير_۱۳۹۸_۱۲_۲۹_separate_ن-۱۰_صورت‌های مالی سال مالی منتهی به ۱۳۹۸_۱۲_۲۹ (حسابرسی شده).xlsx,AUDITOR_REPORT_ABSENT_FROM_PAYLOAD,CODAL auditor report (گزارش حسابرس مستقل) for this ticker|fiscal_year
سنیر|1399,سنیر,1399,auditor_opinion_type,MATCHED_SEPARATE_VALID,HTML_MISLABELED_XLSX,سنير.zip!سنير_۱۳۹۹_۱۲_۳۰_separate_ن-۱۰_صورت‌های مالی سال مالی منتهی به ۱۳۹۹_۱۲_۳۰ (حسابرسی شده).xlsx,AUDITOR_REPORT_ABSENT_FROM_PAYLOAD,CODAL auditor report (گزارش حسابرس مستقل) for this ticker|fiscal_year
سنیر|1399,سنیر,1399,auditor_report_date,MATCHED_SEPARATE_VALID,HTML_MISLABELED_XLSX,سنير.zip!سنير_۱۳۹۹_۱۲_۳۰_separate_ن-۱۰_صورت‌های مالی سال مالی منتهی به ۱۳۹۹_۱۲_۳۰ (حسابرسی شده).xlsx,AUDITOR_REPORT_ABSENT_FROM_PAYLOAD,CODAL auditor report (گزارش حسابرس مستقل) for this ticker|fiscal_year
سنیر|1400,سنیر,1400,auditor_opinion_type,MATCHED_SEPARATE_VALID,HTML_MISLABELED_XLSX,سنير.zip!سنير_۱۴۰۰_۱۲_۲۹_separate_ن-۱۰_صورت‌های مالی سال مالی منتهی به ۱۴۰۰_۱۲_۲۹ (حسابرسی شده).xlsx,AUDITOR_REPORT_ABSENT_FROM_PAYLOAD,CODAL auditor report (گزارش حسابرس مستقل) for this ticker|fiscal_year
سنیر|1400,سنیر,1400,auditor_report_date,MATCHED_SEPARATE_VALID,HTML_MISLABELED_XLSX,سنير.zip!سنير_۱۴۰۰_۱۲_۲۹_separate_ن-۱۰_صورت‌های مالی سال مالی منتهی به ۱۴۰۰_۱۲_۲۹ (حسابرسی شده).xlsx,AUDITOR_REPORT_ABSENT_FROM_PAYLOAD,CODAL auditor report (گزارش حسابرس مستقل) for this ticker|fiscal_year
سنیر|1401,سنیر,1401,auditor_opinion_type,MATCHED_SEPARATE_VALID,HTML_MISLABELED_XLSX,سنير.zip!سنير_۱۴۰۱_۱۲_۲۹_separate_ن-۱۰_صورت‌های مالی سال مالی منتهی به ۱۴۰۱_۱۲_۲۹ (حسابرسی شده).xlsx,AUDITOR_REPORT_ABSENT_FROM_PAYLOAD,CODAL auditor report (گزارش حسابرس مستقل) for this ticker|fiscal_year
سنیر|1401,سنیر,1401,auditor_report_date,MATCHED_SEPARATE_VALID,HTML_MISLABELED_XLSX,سنير.zip!سنير_۱۴۰۱_۱۲_۲۹_separate_ن-۱۰_صورت‌های مالی سال مالی منتهی به ۱۴۰۱_۱۲_۲۹ (حسابرسی شده).xlsx,AUDITOR_REPORT_ABSENT_FROM_PAYLOAD,CODAL auditor report (گزارش حسابرس مستقل) for this ticker|fiscal_year
سنیر|1402,سنیر,1402,auditor_opinion_type,MATCHED_SEPARATE_VALID,HTML_MISLABELED_XLSX,سنير.zip!سنير_۱۴۰۲_۱۲_۲۹_separate_ن-۱۰_صورت‌های مالی سال مالی منتهی به ۱۴۰۲_۱۲_۲۹ (حسابرسی شده).xlsx,AUDITOR_REPORT_ABSENT_FROM_PAYLOAD,CODAL auditor report (گزارش حسابرس مستقل) for this ticker|fiscal_year
سنیر|1402,سنیر,1402,auditor_report_date,MATCHED_SEPARATE_VALID,HTML_MISLABELED_XLSX,سنير.zip!سنير_۱۴۰۲_۱۲_۲۹_separate_ن-۱۰_صورت‌های مالی سال مالی منتهی به ۱۴۰۲_۱۲_۲۹ (حسابرسی شده).xlsx,AUDITOR_REPORT_ABSENT_FROM_PAYLOAD,CODAL auditor report (گزارش حسابرس مستقل) for this ticker|fiscal_year
ثنوسا|1398,ثنوسا,1398,auditor_opinion_type,MATCHED_SEPARATE_VALID,HTML_MISLABELED_XLSX,ثنوسا.zip!ثنوسا_۱۳۹۸_۰۶_۳۱_separate_ن-۱۰_صورت‌های مالی سال مالی منتهی به ۱۳۹۸_۰۶_۳۱ (حسابرسی شده).xlsx,AUDITOR_REPORT_ABSENT_FROM_PAYLOAD,CODAL auditor report (گزارش حسابرس مستقل) for this ticker|fiscal_year
ثنوسا|1398,ثنوسا,1398,auditor_report_date,MATCHED_SEPARATE_VALID,HTML_MISLABELED_XLSX,ثنوسا.zip!ثنوسا_۱۳۹۸_۰۶_۳۱_separate_ن-۱۰_صورت‌های مالی سال مالی منتهی به ۱۳۹۸_۰۶_۳۱ (حسابرسی شده).xlsx,AUDITOR_REPORT_ABSENT_FROM_PAYLOAD,CODAL auditor report (گزارش حسابرس مستقل) for this ticker|fiscal_year
ثنوسا|1399,ثنوسا,1399,auditor_opinion_type,MATCHED_SEPARATE_VALID,HTML_MISLABELED_XLSX,ثنوسا.zip!ثنوسا_۱۳۹۹_۰۶_۳۱_separate_ن-۱۰_صورت‌های مالی سال مالی منتهی به ۱۳۹۹_۰۶_۳۱ (حسابرسی شده).xlsx,AUDITOR_REPORT_ABSENT_FROM_PAYLOAD,CODAL auditor report (گزارش حسابرس مستقل) for this ticker|fiscal_year
ثنوسا|1399,ثنوسا,1399,auditor_report_date,MATCHED_SEPARATE_VALID,HTML_MISLABELED_XLSX,ثنوسا.zip!ثنوسا_۱۳۹۹_۰۶_۳۱_separate_ن-۱۰_صورت‌های مالی سال مالی منتهی به ۱۳۹۹_۰۶_۳۱ (حسابرسی شده).xlsx,AUDITOR_REPORT_ABSENT_FROM_PAYLOAD,CODAL auditor report (گزارش حسابرس مستقل) for this ticker|fiscal_year
ثنوسا|1400,ثنوسا,1400,auditor_opinion_type,MATCHED_SEPARATE_VALID,HTML_MISLABELED_XLSX,ثنوسا.zip!ثنوسا_۱۴۰۰_۰۶_۳۱_separate_ن-۱۰_صورت‌های مالی سال مالی منتهی به ۱۴۰۰_۰۶_۳۱ (حسابرسی شده).xlsx,AUDITOR_REPORT_ABSENT_FROM_PAYLOAD,CODAL auditor report (گزارش حسابرس مستقل) for this ticker|fiscal_year
ثنوسا|1400,ثنوسا,1400,auditor_report_date,MATCHED_SEPARATE_VALID,HTML_MISLABELED_XLSX,ثنوسا.zip!ثنوسا_۱۴۰۰_۰۶_۳۱_separate_ن-۱۰_صورت‌های مالی سال مالی منتهی به ۱۴۰۰_۰۶_۳۱ (حسابرسی شده).xlsx,AUDITOR_REPORT_ABSENT_FROM_PAYLOAD,CODAL auditor report (گزارش حسابرس مستقل) for this ticker|fiscal_year
ثنوسا|1401,ثنوسا,1401,auditor_opinion_type,MATCHED_SEPARATE_VALID,HTML_MISLABELED_XLSX,ثنوسا.zip!ثنوسا_۱۴۰۱_۰۶_۳۱_separate_ن-۱۰_صورت‌های مالی سال مالی منتهی به ۱۴۰۱_۰۶_۳۱ (حسابرسی شده).xlsx,AUDITOR_REPORT_ABSENT_FROM_PAYLOAD,CODAL auditor report (گزارش حسابرس مستقل) for this ticker|fiscal_year
ثنوسا|1401,ثنوسا,1401,auditor_report_date,MATCHED_SEPARATE_VALID,HTML_MISLABELED_XLSX,ثنوسا.zip!ثنوسا_۱۴۰۱_۰۶_۳۱_separate_ن-۱۰_صورت‌های مالی سال مالی منتهی به ۱۴۰۱_۰۶_۳۱ (حسابرسی شده).xlsx,AUDITOR_REPORT_ABSENT_FROM_PAYLOAD,CODAL auditor report (گزارش حسابرس مستقل) for this ticker|fiscal_year
ثنوسا|1402,ثنوسا,1402,auditor_opinion_type,MATCHED_SEPARATE_VALID,HTML_MISLABELED_XLSX,ثنوسا.zip!ثنوسا_۱۴۰۲_۰۶_۳۱_separate_ن-۱۰_صورت‌های مالی سال مالی منتهی به ۱۴۰۲_۰۶_۳۱ (حسابرسی شده).xlsx,AUDITOR_REPORT_ABSENT_FROM_PAYLOAD,CODAL auditor report (گزارش حسابرس مستقل) for this ticker|fiscal_year
ثنوسا|1402,ثنوسا,1402,auditor_report_date,MATCHED_SEPARATE_VALID,HTML_MISLABELED_XLSX,ثنوسا.zip!ثنوسا_۱۴۰۲_۰۶_۳۱_separate_ن-۱۰_صورت‌های مالی سال مالی منتهی به ۱۴۰۲_۰۶_۳۱ (حسابرسی شده).xlsx,AUDITOR_REPORT_ABSENT_FROM_PAYLOAD,CODAL auditor report (گزارش حسابرس مستقل) for this ticker|fiscal_year
سپاها|1396,سپاها,1396,fiscal_year_end,ONLY_CONSOLIDATED_AVAILABLE,,,ONLY_CONSOLIDATED_AVAILABLE,CODAL separate audited financial statements + auditor report
سپاها|1396,سپاها,1396,auditor_opinion_type,ONLY_CONSOLIDATED_AVAILABLE,,,ONLY_CONSOLIDATED_AVAILABLE,CODAL separate audited financial statements + auditor report
سپاها|1396,سپاها,1396,auditor_report_date,ONLY_CONSOLIDATED_AVAILABLE,,,ONLY_CONSOLIDATED_AVAILABLE,CODAL separate audited financial statements + auditor report
سپاها|1397,سپاها,1397,fiscal_year_end,ONLY_CONSOLIDATED_AVAILABLE,,,ONLY_CONSOLIDATED_AVAILABLE,CODAL separate audited financial statements + auditor report
سپاها|1397,سپاها,1397,auditor_opinion_type,ONLY_CONSOLIDATED_AVAILABLE,,,ONLY_CONSOLIDATED_AVAILABLE,CODAL separate audited financial statements + auditor report
سپاها|1397,سپاها,1397,auditor_report_date,ONLY_CONSOLIDATED_AVAILABLE,,,ONLY_CONSOLIDATED_AVAILABLE,CODAL separate audited financial statements + auditor report
سپاها|1398,سپاها,1398,fiscal_year_end,ONLY_CONSOLIDATED_AVAILABLE,,,ONLY_CONSOLIDATED_AVAILABLE,CODAL separate audited financial statements + auditor report
سپاها|1398,سپاها,1398,auditor_opinion_type,ONLY_CONSOLIDATED_AVAILABLE,,,ONLY_CONSOLIDATED_AVAILABLE,CODAL separate audited financial statements + auditor report
سپاها|1398,سپاها,1398,auditor_report_date,ONLY_CONSOLIDATED_AVAILABLE,,,ONLY_CONSOLIDATED_AVAILABLE,CODAL separate audited financial statements + auditor report
سپاها|1399,سپاها,1399,fiscal_year_end,ONLY_CONSOLIDATED_AVAILABLE,,,ONLY_CONSOLIDATED_AVAILABLE,CODAL separate audited financial statements + auditor report
سپاها|1399,سپاها,1399,auditor_opinion_type,ONLY_CONSOLIDATED_AVAILABLE,,,ONLY_CONSOLIDATED_AVAILABLE,CODAL separate audited financial statements + auditor report
سپاها|1399,سپاها,1399,auditor_report_date,ONLY_CONSOLIDATED_AVAILABLE,,,ONLY_CONSOLIDATED_AVAILABLE,CODAL separate audited financial statements + auditor report
سپاها|1400,سپاها,1400,fiscal_year_end,ONLY_CONSOLIDATED_AVAILABLE,,,ONLY_CONSOLIDATED_AVAILABLE,CODAL separate audited financial statements + auditor report
سپاها|1400,سپاها,1400,auditor_opinion_type,ONLY_CONSOLIDATED_AVAILABLE,,,ONLY_CONSOLIDATED_AVAILABLE,CODAL separate audited financial statements + auditor report
سپاها|1400,سپاها,1400,auditor_report_date,ONLY_CONSOLIDATED_AVAILABLE,,,ONLY_CONSOLIDATED_AVAILABLE,CODAL separate audited financial statements + auditor report
سپاها|1401,سپاها,1401,fiscal_year_end,ONLY_CONSOLIDATED_AVAILABLE,,,ONLY_CONSOLIDATED_AVAILABLE,CODAL separate audited financial statements + auditor report
سپاها|1401,سپاها,1401,auditor_opinion_type,ONLY_CONSOLIDATED_AVAILABLE,,,ONLY_CONSOLIDATED_AVAILABLE,CODAL separate audited financial statements + auditor report
سپاها|1401,سپاها,1401,auditor_report_date,ONLY_CONSOLIDATED_AVAILABLE,,,ONLY_CONSOLIDATED_AVAILABLE,CODAL separate audited financial statements + auditor report
سپاها|1402,سپاها,1402,fiscal_year_end,ONLY_CONSOLIDATED_AVAILABLE,,,ONLY_CONSOLIDATED_AVAILABLE,CODAL separate audited financial statements + auditor report
سپاها|1402,سپاها,1402,auditor_opinion_type,ONLY_CONSOLIDATED_AVAILABLE,,,ONLY_CONSOLIDATED_AVAILABLE,CODAL separate audited financial statements + auditor report
سپاها|1402,سپاها,1402,auditor_report_date,ONLY_CONSOLIDATED_AVAILABLE,,,ONLY_CONSOLIDATED_AVAILABLE,CODAL separate audited financial statements + auditor report
سپید|1397,سپید,1397,auditor_opinion_type,MATCHED_SEPARATE_VALID,HTML_MISLABELED_XLSX,سپيد.zip!سپيد_۱۳۹۷_۱۲_۲۹_separate_ن-۱۰_صورت‌های مالی سال مالی منتهی به ۱۳۹۷_۱۲_۲۹ (حسابرسی شده).xlsx,AUDITOR_REPORT_ABSENT_FROM_PAYLOAD,CODAL auditor report (گزارش حسابرس مستقل) for this ticker|fiscal_year
سپید|1397,سپید,1397,auditor_report_date,MATCHED_SEPARATE_VALID,HTML_MISLABELED_XLSX,سپيد.zip!سپيد_۱۳۹۷_۱۲_۲۹_separate_ن-۱۰_صورت‌های مالی سال مالی منتهی به ۱۳۹۷_۱۲_۲۹ (حسابرسی شده).xlsx,AUDITOR_REPORT_ABSENT_FROM_PAYLOAD,CODAL auditor report (گزارش حسابرس مستقل) for this ticker|fiscal_year
سپید|1398,سپید,1398,fiscal_year_end,ONLY_CONSOLIDATED_AVAILABLE,,,ONLY_CONSOLIDATED_AVAILABLE,CODAL separate audited financial statements + auditor report
سپید|1398,سپید,1398,auditor_opinion_type,ONLY_CONSOLIDATED_AVAILABLE,,,ONLY_CONSOLIDATED_AVAILABLE,CODAL separate audited financial statements + auditor report
سپید|1398,سپید,1398,auditor_report_date,ONLY_CONSOLIDATED_AVAILABLE,,,ONLY_CONSOLIDATED_AVAILABLE,CODAL separate audited financial statements + auditor report
سپید|1399,سپید,1399,fiscal_year_end,ONLY_CONSOLIDATED_AVAILABLE,,,ONLY_CONSOLIDATED_AVAILABLE,CODAL separate audited financial statements + auditor report
سپید|1399,سپید,1399,auditor_opinion_type,ONLY_CONSOLIDATED_AVAILABLE,,,ONLY_CONSOLIDATED_AVAILABLE,CODAL separate audited financial statements + auditor report
سپید|1399,سپید,1399,auditor_report_date,ONLY_CONSOLIDATED_AVAILABLE,,,ONLY_CONSOLIDATED_AVAILABLE,CODAL separate audited financial statements + auditor report
سپید|1400,سپید,1400,fiscal_year_end,ONLY_CONSOLIDATED_AVAILABLE,,,ONLY_CONSOLIDATED_AVAILABLE,CODAL separate audited financial statements + auditor report
سپید|1400,سپید,1400,auditor_opinion_type,ONLY_CONSOLIDATED_AVAILABLE,,,ONLY_CONSOLIDATED_AVAILABLE,CODAL separate audited financial statements + auditor report
سپید|1400,سپید,1400,auditor_report_date,ONLY_CONSOLIDATED_AVAILABLE,,,ONLY_CONSOLIDATED_AVAILABLE,CODAL separate audited financial statements + auditor report
سپید|1401,سپید,1401,fiscal_year_end,ONLY_CONSOLIDATED_AVAILABLE,,,ONLY_CONSOLIDATED_AVAILABLE,CODAL separate audited financial statements + auditor report
سپید|1401,سپید,1401,auditor_opinion_type,ONLY_CONSOLIDATED_AVAILABLE,,,ONLY_CONSOLIDATED_AVAILABLE,CODAL separate audited financial statements + auditor report
سپید|1401,سپید,1401,auditor_report_date,ONLY_CONSOLIDATED_AVAILABLE,,,ONLY_CONSOLIDATED_AVAILABLE,CODAL separate audited financial statements + auditor report
سپید|1402,سپید,1402,fiscal_year_end,ONLY_CONSOLIDATED_AVAILABLE,,,ONLY_CONSOLIDATED_AVAILABLE,CODAL separate audited financial statements + auditor report
سپید|1402,سپید,1402,auditor_opinion_type,ONLY_CONSOLIDATED_AVAILABLE,,,ONLY_CONSOLIDATED_AVAILABLE,CODAL separate audited financial statements + auditor report
سپید|1402,سپید,1402,auditor_report_date,ONLY_CONSOLIDATED_AVAILABLE,,,ONLY_CONSOLIDATED_AVAILABLE,CODAL separate audited financial statements + auditor report
سرود|1397,سرود,1397,auditor_opinion_type,MATCHED_SEPARATE_VALID,HTML_MISLABELED_XLSX,سرود.zip!سرود_۱۳۹۷_۱۲_۲۹_separate_ن-۱۰_صورت‌های مالی سال مالی منتهی به ۱۳۹۷_۱۲_۲۹ (حسابرسی شده).xlsx,AUDITOR_REPORT_ABSENT_FROM_PAYLOAD,CODAL auditor report (گزارش حسابرس مستقل) for this ticker|fiscal_year
سرود|1397,سرود,1397,auditor_report_date,MATCHED_SEPARATE_VALID,HTML_MISLABELED_XLSX,سرود.zip!سرود_۱۳۹۷_۱۲_۲۹_separate_ن-۱۰_صورت‌های مالی سال مالی منتهی به ۱۳۹۷_۱۲_۲۹ (حسابرسی شده).xlsx,AUDITOR_REPORT_ABSENT_FROM_PAYLOAD,CODAL auditor report (گزارش حسابرس مستقل) for this ticker|fiscal_year
سرود|1398,سرود,1398,auditor_opinion_type,MATCHED_SEPARATE_VALID,HTML_MISLABELED_XLSX,سرود.zip!سرود_۱۳۹۸_۱۲_۲۹_separate_ن-۱۰_صورت‌های مالی سال مالی منتهی به ۱۳۹۸_۱۲_۲۹ (حسابرسی شده).xlsx,AUDITOR_REPORT_ABSENT_FROM_PAYLOAD,CODAL auditor report (گزارش حسابرس مستقل) for this ticker|fiscal_year
سرود|1398,سرود,1398,auditor_report_date,MATCHED_SEPARATE_VALID,HTML_MISLABELED_XLSX,سرود.zip!سرود_۱۳۹۸_۱۲_۲۹_separate_ن-۱۰_صورت‌های مالی سال مالی منتهی به ۱۳۹۸_۱۲_۲۹ (حسابرسی شده).xlsx,AUDITOR_REPORT_ABSENT_FROM_PAYLOAD,CODAL auditor report (گزارش حسابرس مستقل) for this ticker|fiscal_year
سرود|1399,سرود,1399,auditor_opinion_type,MATCHED_SEPARATE_VALID,HTML_MISLABELED_XLSX,سرود.zip!سرود_۱۳۹۹_۱۲_۳۰_separate_ن-۱۰_صورت‌های مالی سال مالی منتهی به ۱۳۹۹_۱۲_۳۰ (حسابرسی شده).xlsx,AUDITOR_REPORT_ABSENT_FROM_PAYLOAD,CODAL auditor report (گزارش حسابرس مستقل) for this ticker|fiscal_year
سرود|1399,سرود,1399,auditor_report_date,MATCHED_SEPARATE_VALID,HTML_MISLABELED_XLSX,سرود.zip!سرود_۱۳۹۹_۱۲_۳۰_separate_ن-۱۰_صورت‌های مالی سال مالی منتهی به ۱۳۹۹_۱۲_۳۰ (حسابرسی شده).xlsx,AUDITOR_REPORT_ABSENT_FROM_PAYLOAD,CODAL auditor report (گزارش حسابرس مستقل) for this ticker|fiscal_year
سرود|1400,سرود,1400,auditor_opinion_type,MATCHED_SEPARATE_VALID,HTML_MISLABELED_XLSX,سرود.zip!سرود_۱۴۰۰_۱۲_۲۹_separate_ن-۱۰_صورت‌های مالی سال مالی منتهی به ۱۴۰۰_۱۲_۲۹ (حسابرسی شده).xlsx,AUDITOR_REPORT_ABSENT_FROM_PAYLOAD,CODAL auditor report (گزارش حسابرس مستقل) for this ticker|fiscal_year
سرود|1400,سرود,1400,auditor_report_date,MATCHED_SEPARATE_VALID,HTML_MISLABELED_XLSX,سرود.zip!سرود_۱۴۰۰_۱۲_۲۹_separate_ن-۱۰_صورت‌های مالی سال مالی منتهی به ۱۴۰۰_۱۲_۲۹ (حسابرسی شده).xlsx,AUDITOR_REPORT_ABSENT_FROM_PAYLOAD,CODAL auditor report (گزارش حسابرس مستقل) for this ticker|fiscal_year
سرود|1401,سرود,1401,auditor_opinion_type,MATCHED_SEPARATE_VALID,HTML_MISLABELED_XLSX,سرود.zip!سرود_۱۴۰۱_۱۲_۲۹_separate_ن-۱۰_صورت‌های مالی سال مالی منتهی به ۱۴۰۱_۱۲_۲۹ (حسابرسی شده).xlsx,AUDITOR_REPORT_ABSENT_FROM_PAYLOAD,CODAL auditor report (گزارش حسابرس مستقل) for this ticker|fiscal_year
سرود|1401,سرود,1401,auditor_report_date,MATCHED_SEPARATE_VALID,HTML_MISLABELED_XLSX,سرود.zip!سرود_۱۴۰۱_۱۲_۲۹_separate_ن-۱۰_صورت‌های مالی سال مالی منتهی به ۱۴۰۱_۱۲_۲۹ (حسابرسی شده).xlsx,AUDITOR_REPORT_ABSENT_FROM_PAYLOAD,CODAL auditor report (گزارش حسابرس مستقل) for this ticker|fiscal_year
سرود|1402,سرود,1402,fiscal_year_end,ONLY_CONSOLIDATED_AVAILABLE,,,ONLY_CONSOLIDATED_AVAILABLE,CODAL separate audited financial statements + auditor report
سرود|1402,سرود,1402,auditor_opinion_type,ONLY_CONSOLIDATED_AVAILABLE,,,ONLY_CONSOLIDATED_AVAILABLE,CODAL separate audited financial statements + auditor report
سرود|1402,سرود,1402,auditor_report_date,ONLY_CONSOLIDATED_AVAILABLE,,,ONLY_CONSOLIDATED_AVAILABLE,CODAL separate audited financial statements + auditor report
ثشرق|1397,ثشرق,1397,auditor_opinion_type,MATCHED_SEPARATE_VALID,HTML_MISLABELED_XLSX,ثشرق.zip!ثشرق_۱۳۹۷_۰۶_۳۱_separate_ن-۱۰_صورت‌های مالی سال مالی منتهی به ۱۳۹۷_۰۶_۳۱ (حسابرسی شده).xlsx,AUDITOR_REPORT_ABSENT_FROM_PAYLOAD,CODAL auditor report (گزارش حسابرس مستقل) for this ticker|fiscal_year
ثشرق|1397,ثشرق,1397,auditor_report_date,MATCHED_SEPARATE_VALID,HTML_MISLABELED_XLSX,ثشرق.zip!ثشرق_۱۳۹۷_۰۶_۳۱_separate_ن-۱۰_صورت‌های مالی سال مالی منتهی به ۱۳۹۷_۰۶_۳۱ (حسابرسی شده).xlsx,AUDITOR_REPORT_ABSENT_FROM_PAYLOAD,CODAL auditor report (گزارش حسابرس مستقل) for this ticker|fiscal_year
ثشرق|1398,ثشرق,1398,auditor_opinion_type,MATCHED_SEPARATE_VALID,HTML_MISLABELED_XLSX,ثشرق.zip!ثشرق_۱۳۹۸_۰۶_۳۱_separate_ن-۱۰_صورت‌های مالی سال مالی منتهی به ۱۳۹۸_۰۶_۳۱ (حسابرسی شده).xlsx,AUDITOR_REPORT_ABSENT_FROM_PAYLOAD,CODAL auditor report (گزارش حسابرس مستقل) for this ticker|fiscal_year
ثشرق|1398,ثشرق,1398,auditor_report_date,MATCHED_SEPARATE_VALID,HTML_MISLABELED_XLSX,ثشرق.zip!ثشرق_۱۳۹۸_۰۶_۳۱_separate_ن-۱۰_صورت‌های مالی سال مالی منتهی به ۱۳۹۸_۰۶_۳۱ (حسابرسی شده).xlsx,AUDITOR_REPORT_ABSENT_FROM_PAYLOAD,CODAL auditor report (گزارش حسابرس مستقل) for this ticker|fiscal_year
ثشرق|1399,ثشرق,1399,auditor_opinion_type,MATCHED_SEPARATE_VALID,HTML_MISLABELED_XLSX,ثشرق.zip!ثشرق_۱۳۹۹_۰۶_۳۱_separate_ن-۱۰_صورت‌های مالی سال مالی منتهی به ۱۳۹۹_۰۶_۳۱ (حسابرسی شده).xlsx,AUDITOR_REPORT_ABSENT_FROM_PAYLOAD,CODAL auditor report (گزارش حسابرس مستقل) for this ticker|fiscal_year
ثشرق|1399,ثشرق,1399,auditor_report_date,MATCHED_SEPARATE_VALID,HTML_MISLABELED_XLSX,ثشرق.zip!ثشرق_۱۳۹۹_۰۶_۳۱_separate_ن-۱۰_صورت‌های مالی سال مالی منتهی به ۱۳۹۹_۰۶_۳۱ (حسابرسی شده).xlsx,AUDITOR_REPORT_ABSENT_FROM_PAYLOAD,CODAL auditor report (گزارش حسابرس مستقل) for this ticker|fiscal_year
ثشرق|1400,ثشرق,1400,auditor_opinion_type,MATCHED_SEPARATE_VALID,HTML_MISLABELED_XLSX,ثشرق.zip!ثشرق_۱۴۰۰_۰۶_۳۱_separate_ن-۱۰_صورت‌های مالی سال مالی منتهی به ۱۴۰۰_۰۶_۳۱ (حسابرسی شده).xlsx,AUDITOR_REPORT_ABSENT_FROM_PAYLOAD,CODAL auditor report (گزارش حسابرس مستقل) for this ticker|fiscal_year
ثشرق|1400,ثشرق,1400,auditor_report_date,MATCHED_SEPARATE_VALID,HTML_MISLABELED_XLSX,ثشرق.zip!ثشرق_۱۴۰۰_۰۶_۳۱_separate_ن-۱۰_صورت‌های مالی سال مالی منتهی به ۱۴۰۰_۰۶_۳۱ (حسابرسی شده).xlsx,AUDITOR_REPORT_ABSENT_FROM_PAYLOAD,CODAL auditor report (گزارش حسابرس مستقل) for this ticker|fiscal_year
ثشرق|1401,ثشرق,1401,auditor_opinion_type,MATCHED_SEPARATE_VALID,HTML_MISLABELED_XLSX,ثشرق.zip!ثشرق_۱۴۰۱_۰۶_۳۱_separate_ن-۱۰_صورت‌های مالی سال مالی منتهی به ۱۴۰۱_۰۶_۳۱ (حسابرسی شده).xlsx,AUDITOR_REPORT_ABSENT_FROM_PAYLOAD,CODAL auditor report (گزارش حسابرس مستقل) for this ticker|fiscal_year
ثشرق|1401,ثشرق,1401,auditor_report_date,MATCHED_SEPARATE_VALID,HTML_MISLABELED_XLSX,ثشرق.zip!ثشرق_۱۴۰۱_۰۶_۳۱_separate_ن-۱۰_صورت‌های مالی سال مالی منتهی به ۱۴۰۱_۰۶_۳۱ (حسابرسی شده).xlsx,AUDITOR_REPORT_ABSENT_FROM_PAYLOAD,CODAL auditor report (گزارش حسابرس مستقل) for this ticker|fiscal_year
ثشرق|1402,ثشرق,1402,auditor_opinion_type,MATCHED_SEPARATE_VALID,HTML_MISLABELED_XLSX,ثشرق.zip!ثشرق_۱۴۰۲_۰۶_۳۱_separate_ن-۱۰_صورت‌های مالی سال مالی منتهی به ۱۴۰۲_۰۶_۳۱ (حسابرسی شده).xlsx,AUDITOR_REPORT_ABSENT_FROM_PAYLOAD,CODAL auditor report (گزارش حسابرس مستقل) for this ticker|fiscal_year
ثشرق|1402,ثشرق,1402,auditor_report_date,MATCHED_SEPARATE_VALID,HTML_MISLABELED_XLSX,ثشرق.zip!ثشرق_۱۴۰۲_۰۶_۳۱_separate_ن-۱۰_صورت‌های مالی سال مالی منتهی به ۱۴۰۲_۰۶_۳۱ (حسابرسی شده).xlsx,AUDITOR_REPORT_ABSENT_FROM_PAYLOAD,CODAL auditor report (گزارش حسابرس مستقل) for this ticker|fiscal_year
ستران|1395,ستران,1395,fiscal_year_end,ONLY_CONSOLIDATED_AVAILABLE,,,ONLY_CONSOLIDATED_AVAILABLE,CODAL separate audited financial statements + auditor report
ستران|1395,ستران,1395,auditor_opinion_type,ONLY_CONSOLIDATED_AVAILABLE,,,ONLY_CONSOLIDATED_AVAILABLE,CODAL separate audited financial statements + auditor report
ستران|1395,ستران,1395,auditor_report_date,ONLY_CONSOLIDATED_AVAILABLE,,,ONLY_CONSOLIDATED_AVAILABLE,CODAL separate audited financial statements + auditor report
ستران|1396,ستران,1396,fiscal_year_end,ONLY_CONSOLIDATED_AVAILABLE,,,ONLY_CONSOLIDATED_AVAILABLE,CODAL separate audited financial statements + auditor report
ستران|1396,ستران,1396,auditor_opinion_type,ONLY_CONSOLIDATED_AVAILABLE,,,ONLY_CONSOLIDATED_AVAILABLE,CODAL separate audited financial statements + auditor report
ستران|1396,ستران,1396,auditor_report_date,ONLY_CONSOLIDATED_AVAILABLE,,,ONLY_CONSOLIDATED_AVAILABLE,CODAL separate audited financial statements + auditor report
ستران|1397,ستران,1397,fiscal_year_end,ONLY_CONSOLIDATED_AVAILABLE,,,ONLY_CONSOLIDATED_AVAILABLE,CODAL separate audited financial statements + auditor report
ستران|1397,ستران,1397,auditor_opinion_type,ONLY_CONSOLIDATED_AVAILABLE,,,ONLY_CONSOLIDATED_AVAILABLE,CODAL separate audited financial statements + auditor report
ستران|1397,ستران,1397,auditor_report_date,ONLY_CONSOLIDATED_AVAILABLE,,,ONLY_CONSOLIDATED_AVAILABLE,CODAL separate audited financial statements + auditor report
ستران|1398,ستران,1398,fiscal_year_end,ONLY_CONSOLIDATED_AVAILABLE,,,ONLY_CONSOLIDATED_AVAILABLE,CODAL separate audited financial statements + auditor report
ستران|1398,ستران,1398,auditor_opinion_type,ONLY_CONSOLIDATED_AVAILABLE,,,ONLY_CONSOLIDATED_AVAILABLE,CODAL separate audited financial statements + auditor report
ستران|1398,ستران,1398,auditor_report_date,ONLY_CONSOLIDATED_AVAILABLE,,,ONLY_CONSOLIDATED_AVAILABLE,CODAL separate audited financial statements + auditor report
ستران|1399,ستران,1399,fiscal_year_end,ONLY_CONSOLIDATED_AVAILABLE,,,ONLY_CONSOLIDATED_AVAILABLE,CODAL separate audited financial statements + auditor report
ستران|1399,ستران,1399,auditor_opinion_type,ONLY_CONSOLIDATED_AVAILABLE,,,ONLY_CONSOLIDATED_AVAILABLE,CODAL separate audited financial statements + auditor report
ستران|1399,ستران,1399,auditor_report_date,ONLY_CONSOLIDATED_AVAILABLE,,,ONLY_CONSOLIDATED_AVAILABLE,CODAL separate audited financial statements + auditor report
ستران|1400,ستران,1400,fiscal_year_end,ONLY_CONSOLIDATED_AVAILABLE,,,ONLY_CONSOLIDATED_AVAILABLE,CODAL separate audited financial statements + auditor report
ستران|1400,ستران,1400,auditor_opinion_type,ONLY_CONSOLIDATED_AVAILABLE,,,ONLY_CONSOLIDATED_AVAILABLE,CODAL separate audited financial statements + auditor report
ستران|1400,ستران,1400,auditor_report_date,ONLY_CONSOLIDATED_AVAILABLE,,,ONLY_CONSOLIDATED_AVAILABLE,CODAL separate audited financial statements + auditor report
ستران|1401,ستران,1401,fiscal_year_end,ONLY_CONSOLIDATED_AVAILABLE,,,ONLY_CONSOLIDATED_AVAILABLE,CODAL separate audited financial statements + auditor report
ستران|1401,ستران,1401,auditor_opinion_type,ONLY_CONSOLIDATED_AVAILABLE,,,ONLY_CONSOLIDATED_AVAILABLE,CODAL separate audited financial statements + auditor report
ستران|1401,ستران,1401,auditor_report_date,ONLY_CONSOLIDATED_AVAILABLE,,,ONLY_CONSOLIDATED_AVAILABLE,CODAL separate audited financial statements + auditor report
ستران|1402,ستران,1402,fiscal_year_end,ONLY_CONSOLIDATED_AVAILABLE,,,ONLY_CONSOLIDATED_AVAILABLE,CODAL separate audited financial statements + auditor report
ستران|1402,ستران,1402,auditor_opinion_type,ONLY_CONSOLIDATED_AVAILABLE,,,ONLY_CONSOLIDATED_AVAILABLE,CODAL separate audited financial statements + auditor report
ستران|1402,ستران,1402,auditor_report_date,ONLY_CONSOLIDATED_AVAILABLE,,,ONLY_CONSOLIDATED_AVAILABLE,CODAL separate audited financial statements + auditor report
سغرب|1397,سغرب,1397,auditor_opinion_type,MATCHED_SEPARATE_VALID,HTML_MISLABELED_XLSX,سغرب.zip!سغرب_۱۳۹۷_۱۲_۲۹_separate_ن-۱۰_صورت‌های مالی سال مالی منتهی به ۱۳۹۷_۱۲_۲۹ (حسابرسی شده).xlsx,AUDITOR_REPORT_ABSENT_FROM_PAYLOAD,CODAL auditor report (گزارش حسابرس مستقل) for this ticker|fiscal_year
سغرب|1397,سغرب,1397,auditor_report_date,MATCHED_SEPARATE_VALID,HTML_MISLABELED_XLSX,سغرب.zip!سغرب_۱۳۹۷_۱۲_۲۹_separate_ن-۱۰_صورت‌های مالی سال مالی منتهی به ۱۳۹۷_۱۲_۲۹ (حسابرسی شده).xlsx,AUDITOR_REPORT_ABSENT_FROM_PAYLOAD,CODAL auditor report (گزارش حسابرس مستقل) for this ticker|fiscal_year
سغرب|1398,سغرب,1398,auditor_opinion_type,MATCHED_SEPARATE_VALID,HTML_MISLABELED_XLSX,سغرب.zip!سغرب_۱۳۹۸_۱۲_۲۹_separate_ن-۱۰_صورت‌های مالی سال مالی منتهی به ۱۳۹۸_۱۲_۲۹ (حسابرسی شده).xlsx,AUDITOR_REPORT_ABSENT_FROM_PAYLOAD,CODAL auditor report (گزارش حسابرس مستقل) for this ticker|fiscal_year
سغرب|1398,سغرب,1398,auditor_report_date,MATCHED_SEPARATE_VALID,HTML_MISLABELED_XLSX,سغرب.zip!سغرب_۱۳۹۸_۱۲_۲۹_separate_ن-۱۰_صورت‌های مالی سال مالی منتهی به ۱۳۹۸_۱۲_۲۹ (حسابرسی شده).xlsx,AUDITOR_REPORT_ABSENT_FROM_PAYLOAD,CODAL auditor report (گزارش حسابرس مستقل) for this ticker|fiscal_year
سغرب|1399,سغرب,1399,auditor_opinion_type,MATCHED_SEPARATE_VALID,HTML_MISLABELED_XLSX,سغرب.zip!سغرب_۱۳۹۹_۱۲_۳۰_separate_ن-۱۰_صورت‌های مالی سال مالی منتهی به ۱۳۹۹_۱۲_۳۰ (حسابرسی شده).xlsx,AUDITOR_REPORT_ABSENT_FROM_PAYLOAD,CODAL auditor report (گزارش حسابرس مستقل) for this ticker|fiscal_year
سغرب|1399,سغرب,1399,auditor_report_date,MATCHED_SEPARATE_VALID,HTML_MISLABELED_XLSX,سغرب.zip!سغرب_۱۳۹۹_۱۲_۳۰_separate_ن-۱۰_صورت‌های مالی سال مالی منتهی به ۱۳۹۹_۱۲_۳۰ (حسابرسی شده).xlsx,AUDITOR_REPORT_ABSENT_FROM_PAYLOAD,CODAL auditor report (گزارش حسابرس مستقل) for this ticker|fiscal_year
سغرب|1400,سغرب,1400,auditor_opinion_type,MATCHED_SEPARATE_CORRECTION_SELECTED,HTML_MISLABELED_XLSX,سغرب.zip!سغرب_۱۴۰۰_۱۲_۲۹_separate_ن-۱۰_صورت‌های مالی سال مالی منتهی به ۱۴۰۰_۱۲_۲۹ (حسابرسی شده)(اصلاحیه).xlsx,AUDITOR_REPORT_ABSENT_FROM_PAYLOAD,CODAL auditor report (گزارش حسابرس مستقل) for this ticker|fiscal_year
سغرب|1400,سغرب,1400,auditor_report_date,MATCHED_SEPARATE_CORRECTION_SELECTED,HTML_MISLABELED_XLSX,سغرب.zip!سغرب_۱۴۰۰_۱۲_۲۹_separate_ن-۱۰_صورت‌های مالی سال مالی منتهی به ۱۴۰۰_۱۲_۲۹ (حسابرسی شده)(اصلاحیه).xlsx,AUDITOR_REPORT_ABSENT_FROM_PAYLOAD,CODAL auditor report (گزارش حسابرس مستقل) for this ticker|fiscal_year
سغرب|1401,سغرب,1401,auditor_opinion_type,MATCHED_SEPARATE_VALID,HTML_MISLABELED_XLSX,سغرب.zip!سغرب_۱۴۰۱_۱۲_۲۹_separate_ن-۱۰_صورت‌های مالی سال مالی منتهی به ۱۴۰۱_۱۲_۲۹ (حسابرسی شده).xlsx,AUDITOR_REPORT_ABSENT_FROM_PAYLOAD,CODAL auditor report (گزارش حسابرس مستقل) for this ticker|fiscal_year
سغرب|1401,سغرب,1401,auditor_report_date,MATCHED_SEPARATE_VALID,HTML_MISLABELED_XLSX,سغرب.zip!سغرب_۱۴۰۱_۱۲_۲۹_separate_ن-۱۰_صورت‌های مالی سال مالی منتهی به ۱۴۰۱_۱۲_۲۹ (حسابرسی شده).xlsx,AUDITOR_REPORT_ABSENT_FROM_PAYLOAD,CODAL auditor report (گزارش حسابرس مستقل) for this ticker|fiscal_year
سغرب|1402,سغرب,1402,auditor_opinion_type,MATCHED_SEPARATE_CORRECTION_SELECTED,HTML_MISLABELED_XLSX,سغرب.zip!سغرب_۱۴۰۲_۱۲_۲۹_separate_ن-۱۰_صورت‌های مالی سال مالی منتهی به ۱۴۰۲_۱۲_۲۹ (حسابرسی شده)(اصلاحیه).xlsx,AUDITOR_REPORT_ABSENT_FROM_PAYLOAD,CODAL auditor report (گزارش حسابرس مستقل) for this ticker|fiscal_year
سغرب|1402,سغرب,1402,auditor_report_date,MATCHED_SEPARATE_CORRECTION_SELECTED,HTML_MISLABELED_XLSX,سغرب.zip!سغرب_۱۴۰۲_۱۲_۲۹_separate_ن-۱۰_صورت‌های مالی سال مالی منتهی به ۱۴۰۲_۱۲_۲۹ (حسابرسی شده)(اصلاحیه).xlsx,AUDITOR_REPORT_ABSENT_FROM_PAYLOAD,CODAL auditor report (گزارش حسابرس مستقل) for this ticker|fiscal_year
شبندر|1397,شبندر,1397,auditor_opinion_type,MATCHED_SEPARATE_CORRECTION_SELECTED,HTML_MISLABELED_XLSX,شبندر.zip!شبندر_۱۳۹۷_۱۲_۲۹_separate_ن-۱۰_صورت‌های مالی سال مالی منتهی به ۱۳۹۷_۱۲_۲۹ (حسابرسی شده)(اصلاحیه).xlsx,AUDITOR_REPORT_ABSENT_FROM_PAYLOAD,CODAL auditor report (گزارش حسابرس مستقل) for this ticker|fiscal_year
شبندر|1397,شبندر,1397,auditor_report_date,MATCHED_SEPARATE_CORRECTION_SELECTED,HTML_MISLABELED_XLSX,شبندر.zip!شبندر_۱۳۹۷_۱۲_۲۹_separate_ن-۱۰_صورت‌های مالی سال مالی منتهی به ۱۳۹۷_۱۲_۲۹ (حسابرسی شده)(اصلاحیه).xlsx,AUDITOR_REPORT_ABSENT_FROM_PAYLOAD,CODAL auditor report (گزارش حسابرس مستقل) for this ticker|fiscal_year
شبندر|1398,شبندر,1398,auditor_opinion_type,MATCHED_SEPARATE_CORRECTION_SELECTED,HTML_MISLABELED_XLSX,شبندر.zip!شبندر_۱۳۹۸_۱۲_۲۹_separate_ن-۱۰_صورت‌های مالی سال مالی منتهی به ۱۳۹۸_۱۲_۲۹ (حسابرسی شده)(اصلاحیه).xlsx,AUDITOR_REPORT_ABSENT_FROM_PAYLOAD,CODAL auditor report (گزارش حسابرس مستقل) for this ticker|fiscal_year
شبندر|1398,شبندر,1398,auditor_report_date,MATCHED_SEPARATE_CORRECTION_SELECTED,HTML_MISLABELED_XLSX,شبندر.zip!شبندر_۱۳۹۸_۱۲_۲۹_separate_ن-۱۰_صورت‌های مالی سال مالی منتهی به ۱۳۹۸_۱۲_۲۹ (حسابرسی شده)(اصلاحیه).xlsx,AUDITOR_REPORT_ABSENT_FROM_PAYLOAD,CODAL auditor report (گزارش حسابرس مستقل) for this ticker|fiscal_year
شبندر|1399,شبندر,1399,auditor_opinion_type,MATCHED_SEPARATE_VALID,HTML_MISLABELED_XLSX,شبندر.zip!شبندر_۱۳۹۹_۱۲_۳۰_separate_ن-۱۰_صورت‌های مالی سال مالی منتهی به ۱۳۹۹_۱۲_۳۰ (حسابرسی شده).xlsx,AUDITOR_REPORT_ABSENT_FROM_PAYLOAD,CODAL auditor report (گزارش حسابرس مستقل) for this ticker|fiscal_year
شبندر|1399,شبندر,1399,auditor_report_date,MATCHED_SEPARATE_VALID,HTML_MISLABELED_XLSX,شبندر.zip!شبندر_۱۳۹۹_۱۲_۳۰_separate_ن-۱۰_صورت‌های مالی سال مالی منتهی به ۱۳۹۹_۱۲_۳۰ (حسابرسی شده).xlsx,AUDITOR_REPORT_ABSENT_FROM_PAYLOAD,CODAL auditor report (گزارش حسابرس مستقل) for this ticker|fiscal_year
شبندر|1400,شبندر,1400,auditor_opinion_type,MATCHED_SEPARATE_VALID,HTML_MISLABELED_XLSX,شبندر.zip!شبندر_۱۴۰۰_۱۲_۲۹_separate_ن-۱۰_صورت‌های مالی سال مالی منتهی به ۱۴۰۰_۱۲_۲۹ (حسابرسی شده).xlsx,AUDITOR_REPORT_ABSENT_FROM_PAYLOAD,CODAL auditor report (گزارش حسابرس مستقل) for this ticker|fiscal_year
شبندر|1400,شبندر,1400,auditor_report_date,MATCHED_SEPARATE_VALID,HTML_MISLABELED_XLSX,شبندر.zip!شبندر_۱۴۰۰_۱۲_۲۹_separate_ن-۱۰_صورت‌های مالی سال مالی منتهی به ۱۴۰۰_۱۲_۲۹ (حسابرسی شده).xlsx,AUDITOR_REPORT_ABSENT_FROM_PAYLOAD,CODAL auditor report (گزارش حسابرس مستقل) for this ticker|fiscal_year
شبندر|1401,شبندر,1401,auditor_opinion_type,MATCHED_SEPARATE_CORRECTION_SELECTED,HTML_MISLABELED_XLSX,شبندر.zip!شبندر_۱۴۰۱_۱۲_۲۹_separate_ن-۱۰_صورت‌های مالی سال مالی منتهی به ۱۴۰۱_۱۲_۲۹ (حسابرسی شده)(اصلاحیه).xlsx,AUDITOR_REPORT_ABSENT_FROM_PAYLOAD,CODAL auditor report (گزارش حسابرس مستقل) for this ticker|fiscal_year
شبندر|1401,شبندر,1401,auditor_report_date,MATCHED_SEPARATE_CORRECTION_SELECTED,HTML_MISLABELED_XLSX,شبندر.zip!شبندر_۱۴۰۱_۱۲_۲۹_separate_ن-۱۰_صورت‌های مالی سال مالی منتهی به ۱۴۰۱_۱۲_۲۹ (حسابرسی شده)(اصلاحیه).xlsx,AUDITOR_REPORT_ABSENT_FROM_PAYLOAD,CODAL auditor report (گزارش حسابرس مستقل) for this ticker|fiscal_year
شبندر|1402,شبندر,1402,auditor_opinion_type,MATCHED_SEPARATE_VALID,HTML_MISLABELED_XLSX,شبندر.zip!شبندر_۱۴۰۲_۱۲_۲۹_separate_ن-۱۰_صورت‌های مالی سال مالی منتهی به ۱۴۰۲_۱۲_۲۹ (حسابرسی شده).xlsx,AUDITOR_REPORT_ABSENT_FROM_PAYLOAD,CODAL auditor report (گزارش حسابرس مستقل) for this ticker|fiscal_year
شبندر|1402,شبندر,1402,auditor_report_date,MATCHED_SEPARATE_VALID,HTML_MISLABELED_XLSX,شبندر.zip!شبندر_۱۴۰۲_۱۲_۲۹_separate_ن-۱۰_صورت‌های مالی سال مالی منتهی به ۱۴۰۲_۱۲_۲۹ (حسابرسی شده).xlsx,AUDITOR_REPORT_ABSENT_FROM_PAYLOAD,CODAL auditor report (گزارش حسابرس مستقل) for this ticker|fiscal_year
شلعاب|1397,شلعاب,1397,auditor_opinion_type,MATCHED_SEPARATE_VALID,HTML_MISLABELED_XLSX,شلعاب.zip!شلعاب_۱۳۹۷_۱۲_۲۹_separate_ن-۱۰_صورت‌های مالی سال مالی منتهی به ۱۳۹۷_۱۲_۲۹ (حسابرسی شده).xlsx,AUDITOR_REPORT_ABSENT_FROM_PAYLOAD,CODAL auditor report (گزارش حسابرس مستقل) for this ticker|fiscal_year
شلعاب|1397,شلعاب,1397,auditor_report_date,MATCHED_SEPARATE_VALID,HTML_MISLABELED_XLSX,شلعاب.zip!شلعاب_۱۳۹۷_۱۲_۲۹_separate_ن-۱۰_صورت‌های مالی سال مالی منتهی به ۱۳۹۷_۱۲_۲۹ (حسابرسی شده).xlsx,AUDITOR_REPORT_ABSENT_FROM_PAYLOAD,CODAL auditor report (گزارش حسابرس مستقل) for this ticker|fiscal_year
شلعاب|1398,شلعاب,1398,auditor_opinion_type,MATCHED_SEPARATE_VALID,HTML_MISLABELED_XLSX,شلعاب.zip!شلعاب_۱۳۹۸_۱۲_۲۹_separate_ن-۱۰_صورت‌های مالی سال مالی منتهی به ۱۳۹۸_۱۲_۲۹ (حسابرسی شده).xlsx,AUDITOR_REPORT_ABSENT_FROM_PAYLOAD,CODAL auditor report (گزارش حسابرس مستقل) for this ticker|fiscal_year
شلعاب|1398,شلعاب,1398,auditor_report_date,MATCHED_SEPARATE_VALID,HTML_MISLABELED_XLSX,شلعاب.zip!شلعاب_۱۳۹۸_۱۲_۲۹_separate_ن-۱۰_صورت‌های مالی سال مالی منتهی به ۱۳۹۸_۱۲_۲۹ (حسابرسی شده).xlsx,AUDITOR_REPORT_ABSENT_FROM_PAYLOAD,CODAL auditor report (گزارش حسابرس مستقل) for this ticker|fiscal_year
شلعاب|1399,شلعاب,1399,auditor_opinion_type,MATCHED_SEPARATE_VALID,HTML_MISLABELED_XLSX,شلعاب.zip!شلعاب_۱۳۹۹_۱۲_۳۰_separate_ن-۱۰_صورت‌های مالی سال مالی منتهی به ۱۳۹۹_۱۲_۳۰ (حسابرسی شده).xlsx,AUDITOR_REPORT_ABSENT_FROM_PAYLOAD,CODAL auditor report (گزارش حسابرس مستقل) for this ticker|fiscal_year
شلعاب|1399,شلعاب,1399,auditor_report_date,MATCHED_SEPARATE_VALID,HTML_MISLABELED_XLSX,شلعاب.zip!شلعاب_۱۳۹۹_۱۲_۳۰_separate_ن-۱۰_صورت‌های مالی سال مالی منتهی به ۱۳۹۹_۱۲_۳۰ (حسابرسی شده).xlsx,AUDITOR_REPORT_ABSENT_FROM_PAYLOAD,CODAL auditor report (گزارش حسابرس مستقل) for this ticker|fiscal_year
شلعاب|1400,شلعاب,1400,auditor_opinion_type,MATCHED_SEPARATE_VALID,HTML_MISLABELED_XLSX,شلعاب.zip!شلعاب_۱۴۰۰_۱۲_۲۹_separate_ن-۱۰_صورت‌های مالی سال مالی منتهی به ۱۴۰۰_۱۲_۲۹ (حسابرسی شده).xlsx,AUDITOR_REPORT_ABSENT_FROM_PAYLOAD,CODAL auditor report (گزارش حسابرس مستقل) for this ticker|fiscal_year
شلعاب|1400,شلعاب,1400,auditor_report_date,MATCHED_SEPARATE_VALID,HTML_MISLABELED_XLSX,شلعاب.zip!شلعاب_۱۴۰۰_۱۲_۲۹_separate_ن-۱۰_صورت‌های مالی سال مالی منتهی به ۱۴۰۰_۱۲_۲۹ (حسابرسی شده).xlsx,AUDITOR_REPORT_ABSENT_FROM_PAYLOAD,CODAL auditor report (گزارش حسابرس مستقل) for this ticker|fiscal_year
شلعاب|1401,شلعاب,1401,auditor_opinion_type,MATCHED_SEPARATE_VALID,HTML_MISLABELED_XLSX,شلعاب.zip!شلعاب_۱۴۰۱_۱۲_۲۹_separate_ن-۱۰_صورت‌های مالی سال مالی منتهی به ۱۴۰۱_۱۲_۲۹ (حسابرسی شده).xlsx,AUDITOR_REPORT_ABSENT_FROM_PAYLOAD,CODAL auditor report (گزارش حسابرس مستقل) for this ticker|fiscal_year
شلعاب|1401,شلعاب,1401,auditor_report_date,MATCHED_SEPARATE_VALID,HTML_MISLABELED_XLSX,شلعاب.zip!شلعاب_۱۴۰۱_۱۲_۲۹_separate_ن-۱۰_صورت‌های مالی سال مالی منتهی به ۱۴۰۱_۱۲_۲۹ (حسابرسی شده).xlsx,AUDITOR_REPORT_ABSENT_FROM_PAYLOAD,CODAL auditor report (گزارش حسابرس مستقل) for this ticker|fiscal_year
شلعاب|1402,شلعاب,1402,auditor_opinion_type,MATCHED_SEPARATE_VALID,HTML_MISLABELED_XLSX,شلعاب.zip!شلعاب_۱۴۰۲_۱۲_۲۹_separate_ن-۱۰_صورت‌های مالی سال مالی منتهی به ۱۴۰۲_۱۲_۲۹ (حسابرسی شده).xlsx,AUDITOR_REPORT_ABSENT_FROM_PAYLOAD,CODAL auditor report (گزارش حسابرس مستقل) for this ticker|fiscal_year
شلعاب|1402,شلعاب,1402,auditor_report_date,MATCHED_SEPARATE_VALID,HTML_MISLABELED_XLSX,شلعاب.zip!شلعاب_۱۴۰۲_۱۲_۲۹_separate_ن-۱۰_صورت‌های مالی سال مالی منتهی به ۱۴۰۲_۱۲_۲۹ (حسابرسی شده).xlsx,AUDITOR_REPORT_ABSENT_FROM_PAYLOAD,CODAL auditor report (گزارش حسابرس مستقل) for this ticker|fiscal_year
شدوص|1397,شدوص,1397,auditor_opinion_type,MATCHED_SEPARATE_VALID,HTML_MISLABELED_XLSX,شدوص.zip!شدوص_۱۳۹۷_۱۲_۲۹_separate_ن-۱۰_صورت‌های مالی سال مالی منتهی به ۱۳۹۷_۱۲_۲۹ (حسابرسی شده).xlsx,AUDITOR_REPORT_ABSENT_FROM_PAYLOAD,CODAL auditor report (گزارش حسابرس مستقل) for this ticker|fiscal_year
شدوص|1397,شدوص,1397,auditor_report_date,MATCHED_SEPARATE_VALID,HTML_MISLABELED_XLSX,شدوص.zip!شدوص_۱۳۹۷_۱۲_۲۹_separate_ن-۱۰_صورت‌های مالی سال مالی منتهی به ۱۳۹۷_۱۲_۲۹ (حسابرسی شده).xlsx,AUDITOR_REPORT_ABSENT_FROM_PAYLOAD,CODAL auditor report (گزارش حسابرس مستقل) for this ticker|fiscal_year
شدوص|1398,شدوص,1398,auditor_opinion_type,MATCHED_SEPARATE_VALID,HTML_MISLABELED_XLSX,شدوص.zip!شدوص_۱۳۹۸_۱۲_۲۹_separate_ن-۱۰_صورت‌های مالی سال مالی منتهی به ۱۳۹۸_۱۲_۲۹ (حسابرسی شده).xlsx,AUDITOR_REPORT_ABSENT_FROM_PAYLOAD,CODAL auditor report (گزارش حسابرس مستقل) for this ticker|fiscal_year
شدوص|1398,شدوص,1398,auditor_report_date,MATCHED_SEPARATE_VALID,HTML_MISLABELED_XLSX,شدوص.zip!شدوص_۱۳۹۸_۱۲_۲۹_separate_ن-۱۰_صورت‌های مالی سال مالی منتهی به ۱۳۹۸_۱۲_۲۹ (حسابرسی شده).xlsx,AUDITOR_REPORT_ABSENT_FROM_PAYLOAD,CODAL auditor report (گزارش حسابرس مستقل) for this ticker|fiscal_year
شدوص|1399,شدوص,1399,auditor_opinion_type,MATCHED_SEPARATE_VALID,HTML_MISLABELED_XLSX,شدوص.zip!شدوص_۱۳۹۹_۱۲_۳۰_separate_ن-۱۰_صورت‌های مالی سال مالی منتهی به ۱۳۹۹_۱۲_۳۰ (حسابرسی شده).xlsx,AUDITOR_REPORT_ABSENT_FROM_PAYLOAD,CODAL auditor report (گزارش حسابرس مستقل) for this ticker|fiscal_year
شدوص|1399,شدوص,1399,auditor_report_date,MATCHED_SEPARATE_VALID,HTML_MISLABELED_XLSX,شدوص.zip!شدوص_۱۳۹۹_۱۲_۳۰_separate_ن-۱۰_صورت‌های مالی سال مالی منتهی به ۱۳۹۹_۱۲_۳۰ (حسابرسی شده).xlsx,AUDITOR_REPORT_ABSENT_FROM_PAYLOAD,CODAL auditor report (گزارش حسابرس مستقل) for this ticker|fiscal_year
شدوص|1400,شدوص,1400,auditor_opinion_type,MATCHED_SEPARATE_VALID,HTML_MISLABELED_XLSX,شدوص.zip!شدوص_۱۴۰۰_۱۲_۲۹_separate_ن-۱۰_صورت‌های مالی سال مالی منتهی به ۱۴۰۰_۱۲_۲۹ (حسابرسی شده).xlsx,AUDITOR_REPORT_ABSENT_FROM_PAYLOAD,CODAL auditor report (گزارش حسابرس مستقل) for this ticker|fiscal_year
شدوص|1400,شدوص,1400,auditor_report_date,MATCHED_SEPARATE_VALID,HTML_MISLABELED_XLSX,شدوص.zip!شدوص_۱۴۰۰_۱۲_۲۹_separate_ن-۱۰_صورت‌های مالی سال مالی منتهی به ۱۴۰۰_۱۲_۲۹ (حسابرسی شده).xlsx,AUDITOR_REPORT_ABSENT_FROM_PAYLOAD,CODAL auditor report (گزارش حسابرس مستقل) for this ticker|fiscal_year
شدوص|1401,شدوص,1401,auditor_opinion_type,MATCHED_SEPARATE_VALID,HTML_MISLABELED_XLSX,شدوص.zip!شدوص_۱۴۰۱_۱۲_۲۹_separate_ن-۱۰_صورت‌های مالی سال مالی منتهی به ۱۴۰۱_۱۲_۲۹ (حسابرسی شده).xlsx,AUDITOR_REPORT_ABSENT_FROM_PAYLOAD,CODAL auditor report (گزارش حسابرس مستقل) for this ticker|fiscal_year
شدوص|1401,شدوص,1401,auditor_report_date,MATCHED_SEPARATE_VALID,HTML_MISLABELED_XLSX,شدوص.zip!شدوص_۱۴۰۱_۱۲_۲۹_separate_ن-۱۰_صورت‌های مالی سال مالی منتهی به ۱۴۰۱_۱۲_۲۹ (حسابرسی شده).xlsx,AUDITOR_REPORT_ABSENT_FROM_PAYLOAD,CODAL auditor report (گزارش حسابرس مستقل) for this ticker|fiscal_year
شدوص|1402,شدوص,1402,auditor_opinion_type,MATCHED_SEPARATE_VALID,HTML_MISLABELED_XLSX,شدوص.zip!شدوص_۱۴۰۲_۱۲_۲۹_separate_ن-۱۰_صورت‌های مالی سال مالی منتهی به ۱۴۰۲_۱۲_۲۹ (حسابرسی شده).xlsx,AUDITOR_REPORT_ABSENT_FROM_PAYLOAD,CODAL auditor report (گزارش حسابرس مستقل) for this ticker|fiscal_year
شدوص|1402,شدوص,1402,auditor_report_date,MATCHED_SEPARATE_VALID,HTML_MISLABELED_XLSX,شدوص.zip!شدوص_۱۴۰۲_۱۲_۲۹_separate_ن-۱۰_صورت‌های مالی سال مالی منتهی به ۱۴۰۲_۱۲_۲۹ (حسابرسی شده).xlsx,AUDITOR_REPORT_ABSENT_FROM_PAYLOAD,CODAL auditor report (گزارش حسابرس مستقل) for this ticker|fiscal_year
شکربن|1394,شکربن,1394,fiscal_year_end,ONLY_CONSOLIDATED_AVAILABLE,,,ONLY_CONSOLIDATED_AVAILABLE,CODAL separate audited financial statements + auditor report
شکربن|1394,شکربن,1394,auditor_opinion_type,ONLY_CONSOLIDATED_AVAILABLE,,,ONLY_CONSOLIDATED_AVAILABLE,CODAL separate audited financial statements + auditor report
شکربن|1394,شکربن,1394,auditor_report_date,ONLY_CONSOLIDATED_AVAILABLE,,,ONLY_CONSOLIDATED_AVAILABLE,CODAL separate audited financial statements + auditor report
شکربن|1395,شکربن,1395,fiscal_year_end,ONLY_CONSOLIDATED_AVAILABLE,,,ONLY_CONSOLIDATED_AVAILABLE,CODAL separate audited financial statements + auditor report
شکربن|1395,شکربن,1395,auditor_opinion_type,ONLY_CONSOLIDATED_AVAILABLE,,,ONLY_CONSOLIDATED_AVAILABLE,CODAL separate audited financial statements + auditor report
شکربن|1395,شکربن,1395,auditor_report_date,ONLY_CONSOLIDATED_AVAILABLE,,,ONLY_CONSOLIDATED_AVAILABLE,CODAL separate audited financial statements + auditor report
شکربن|1396,شکربن,1396,fiscal_year_end,ONLY_CONSOLIDATED_AVAILABLE,,,ONLY_CONSOLIDATED_AVAILABLE,CODAL separate audited financial statements + auditor report
شکربن|1396,شکربن,1396,auditor_opinion_type,ONLY_CONSOLIDATED_AVAILABLE,,,ONLY_CONSOLIDATED_AVAILABLE,CODAL separate audited financial statements + auditor report
شکربن|1396,شکربن,1396,auditor_report_date,ONLY_CONSOLIDATED_AVAILABLE,,,ONLY_CONSOLIDATED_AVAILABLE,CODAL separate audited financial statements + auditor report
شکربن|1397,شکربن,1397,fiscal_year_end,ONLY_CONSOLIDATED_AVAILABLE,,,ONLY_CONSOLIDATED_AVAILABLE,CODAL separate audited financial statements + auditor report
شکربن|1397,شکربن,1397,auditor_opinion_type,ONLY_CONSOLIDATED_AVAILABLE,,,ONLY_CONSOLIDATED_AVAILABLE,CODAL separate audited financial statements + auditor report
شکربن|1397,شکربن,1397,auditor_report_date,ONLY_CONSOLIDATED_AVAILABLE,,,ONLY_CONSOLIDATED_AVAILABLE,CODAL separate audited financial statements + auditor report
شکربن|1398,شکربن,1398,fiscal_year_end,ONLY_CONSOLIDATED_AVAILABLE,,,ONLY_CONSOLIDATED_AVAILABLE,CODAL separate audited financial statements + auditor report
شکربن|1398,شکربن,1398,auditor_opinion_type,ONLY_CONSOLIDATED_AVAILABLE,,,ONLY_CONSOLIDATED_AVAILABLE,CODAL separate audited financial statements + auditor report
شکربن|1398,شکربن,1398,auditor_report_date,ONLY_CONSOLIDATED_AVAILABLE,,,ONLY_CONSOLIDATED_AVAILABLE,CODAL separate audited financial statements + auditor report
شکربن|1399,شکربن,1399,fiscal_year_end,ONLY_CONSOLIDATED_AVAILABLE,,,ONLY_CONSOLIDATED_AVAILABLE,CODAL separate audited financial statements + auditor report
شکربن|1399,شکربن,1399,auditor_opinion_type,ONLY_CONSOLIDATED_AVAILABLE,,,ONLY_CONSOLIDATED_AVAILABLE,CODAL separate audited financial statements + auditor report
شکربن|1399,شکربن,1399,auditor_report_date,ONLY_CONSOLIDATED_AVAILABLE,,,ONLY_CONSOLIDATED_AVAILABLE,CODAL separate audited financial statements + auditor report
شکربن|1400,شکربن,1400,fiscal_year_end,ONLY_CONSOLIDATED_AVAILABLE,,,ONLY_CONSOLIDATED_AVAILABLE,CODAL separate audited financial statements + auditor report
شکربن|1400,شکربن,1400,auditor_opinion_type,ONLY_CONSOLIDATED_AVAILABLE,,,ONLY_CONSOLIDATED_AVAILABLE,CODAL separate audited financial statements + auditor report
شکربن|1400,شکربن,1400,auditor_report_date,ONLY_CONSOLIDATED_AVAILABLE,,,ONLY_CONSOLIDATED_AVAILABLE,CODAL separate audited financial statements + auditor report
شکربن|1401,شکربن,1401,fiscal_year_end,ONLY_CONSOLIDATED_AVAILABLE,,,ONLY_CONSOLIDATED_AVAILABLE,CODAL separate audited financial statements + auditor report
شکربن|1401,شکربن,1401,auditor_opinion_type,ONLY_CONSOLIDATED_AVAILABLE,,,ONLY_CONSOLIDATED_AVAILABLE,CODAL separate audited financial statements + auditor report
شکربن|1401,شکربن,1401,auditor_report_date,ONLY_CONSOLIDATED_AVAILABLE,,,ONLY_CONSOLIDATED_AVAILABLE,CODAL separate audited financial statements + auditor report
شکربن|1402,شکربن,1402,fiscal_year_end,ONLY_CONSOLIDATED_AVAILABLE,,,ONLY_CONSOLIDATED_AVAILABLE,CODAL separate audited financial statements + auditor report
شکربن|1402,شکربن,1402,auditor_opinion_type,ONLY_CONSOLIDATED_AVAILABLE,,,ONLY_CONSOLIDATED_AVAILABLE,CODAL separate audited financial statements + auditor report
شکربن|1402,شکربن,1402,auditor_report_date,ONLY_CONSOLIDATED_AVAILABLE,,,ONLY_CONSOLIDATED_AVAILABLE,CODAL separate audited financial statements + auditor report
اردستان|1399,اردستان,1399,fiscal_year_end,ONLY_CONSOLIDATED_AVAILABLE,,,ONLY_CONSOLIDATED_AVAILABLE,CODAL separate audited financial statements + auditor report
اردستان|1399,اردستان,1399,auditor_opinion_type,ONLY_CONSOLIDATED_AVAILABLE,,,ONLY_CONSOLIDATED_AVAILABLE,CODAL separate audited financial statements + auditor report
اردستان|1399,اردستان,1399,auditor_report_date,ONLY_CONSOLIDATED_AVAILABLE,,,ONLY_CONSOLIDATED_AVAILABLE,CODAL separate audited financial statements + auditor report
اردستان|1400,اردستان,1400,fiscal_year_end,ONLY_CONSOLIDATED_AVAILABLE,,,ONLY_CONSOLIDATED_AVAILABLE,CODAL separate audited financial statements + auditor report
اردستان|1400,اردستان,1400,auditor_opinion_type,ONLY_CONSOLIDATED_AVAILABLE,,,ONLY_CONSOLIDATED_AVAILABLE,CODAL separate audited financial statements + auditor report
اردستان|1400,اردستان,1400,auditor_report_date,ONLY_CONSOLIDATED_AVAILABLE,,,ONLY_CONSOLIDATED_AVAILABLE,CODAL separate audited financial statements + auditor report
اردستان|1401,اردستان,1401,fiscal_year_end,ONLY_CONSOLIDATED_AVAILABLE,,,ONLY_CONSOLIDATED_AVAILABLE,CODAL separate audited financial statements + auditor report
اردستان|1401,اردستان,1401,auditor_opinion_type,ONLY_CONSOLIDATED_AVAILABLE,,,ONLY_CONSOLIDATED_AVAILABLE,CODAL separate audited financial statements + auditor report
اردستان|1401,اردستان,1401,auditor_report_date,ONLY_CONSOLIDATED_AVAILABLE,,,ONLY_CONSOLIDATED_AVAILABLE,CODAL separate audited financial statements + auditor report
اردستان|1402,اردستان,1402,fiscal_year_end,ONLY_CONSOLIDATED_AVAILABLE,,,ONLY_CONSOLIDATED_AVAILABLE,CODAL separate audited financial statements + auditor report
اردستان|1402,اردستان,1402,auditor_opinion_type,ONLY_CONSOLIDATED_AVAILABLE,,,ONLY_CONSOLIDATED_AVAILABLE,CODAL separate audited financial statements + auditor report
اردستان|1402,اردستان,1402,auditor_report_date,ONLY_CONSOLIDATED_AVAILABLE,,,ONLY_CONSOLIDATED_AVAILABLE,CODAL separate audited financial statements + auditor report
رمپنا|1402,رمپنا,1402,fiscal_year_end,ONLY_CONSOLIDATED_AVAILABLE,,,ONLY_CONSOLIDATED_AVAILABLE,CODAL separate audited financial statements + auditor report
رمپنا|1402,رمپنا,1402,auditor_opinion_type,ONLY_CONSOLIDATED_AVAILABLE,,,ONLY_CONSOLIDATED_AVAILABLE,CODAL separate audited financial statements + auditor report
رمپنا|1402,رمپنا,1402,auditor_report_date,ONLY_CONSOLIDATED_AVAILABLE,,,ONLY_CONSOLIDATED_AVAILABLE,CODAL separate audited financial statements + auditor report
اروند|1401,اروند,1401,fiscal_year_end,NO_ARCHIVE_MATCH,,,NO_ARCHIVE_MATCH,CODAL separate audited financial statements + auditor report
اروند|1401,اروند,1401,auditor_opinion_type,NO_ARCHIVE_MATCH,,,NO_ARCHIVE_MATCH,CODAL separate audited financial statements + auditor report
اروند|1401,اروند,1401,auditor_report_date,NO_ARCHIVE_MATCH,,,NO_ARCHIVE_MATCH,CODAL separate audited financial statements + auditor report
اروند|1402,اروند,1402,fiscal_year_end,NO_ARCHIVE_MATCH,,,NO_ARCHIVE_MATCH,CODAL separate audited financial statements + auditor report
اروند|1402,اروند,1402,auditor_opinion_type,NO_ARCHIVE_MATCH,,,NO_ARCHIVE_MATCH,CODAL separate audited financial statements + auditor report
اروند|1402,اروند,1402,auditor_report_date,NO_ARCHIVE_MATCH,,,NO_ARCHIVE_MATCH,CODAL separate audited financial statements + auditor report
شکلر|1397,شکلر,1397,fiscal_year_end,NO_ARCHIVE_MATCH,,,NO_ARCHIVE_MATCH,CODAL separate audited financial statements + auditor report
شکلر|1397,شکلر,1397,auditor_opinion_type,NO_ARCHIVE_MATCH,,,NO_ARCHIVE_MATCH,CODAL separate audited financial statements + auditor report
شکلر|1397,شکلر,1397,auditor_report_date,NO_ARCHIVE_MATCH,,,NO_ARCHIVE_MATCH,CODAL separate audited financial statements + auditor report
