row_key,ticker,fiscal_year,coverage_status,n_files_total,n_separate_audited,n_consolidated,n_unaudited,n_corrections,n_corrections_substantive,selected_role,selected_source,selected_sha256
اپال|1396,اپال,1396,MATCHED_SEPARATE_VALID,1,1,0,0,0,0,original,اپال.zip!اپال_۱۳۹۶_۱۰_۳۰_separate_ن-۱۰_صورت‌های مالی سال مالی منتهی به ۱۳۹۶_۱۰_۳۰ (حسابرسی شده).xlsx,f17825e1ca6e68ab6ee205fbbc3b354bf8a3ac0c8abcaf711fc33bef7992204b
اپال|1397,اپال,1397,MATCHED_SEPARATE_VALID,1,1,0,0,0,0,original,اپال.zip!اپال_۱۳۹۷_۱۰_۳۰_separate_ن-۱۰_صورت‌های مالی سال مالی منتهی به ۱۳۹۷_۱۰_۳۰ (حسابرسی شده).xlsx,a3a59081bf4a58b49c417f0044be61cd64660b1c82a99d629480edc171d83f1f
اپال|1398,اپال,1398,MATCHED_SEPARATE_VALID,1,1,0,0,0,0,original,اپال.zip!اپال_۱۳۹۸_۱۰_۳۰_separate_ن-۱۰_صورت‌های مالی سال مالی منتهی به ۱۳۹۸_۱۰_۳۰ (حسابرسی شده).xlsx,07a3ed181786874a661080efdc82791f3f428990c614b394e0012c02ba88aa2f
اپال|1399,اپال,1399,MATCHED_SEPARATE_VALID,1,1,0,0,0,0,original,اپال.zip!اپال_۱۳۹۹_۱۰_۳۰_separate_ن-۱۰_صورت‌های مالی سال مالی منتهی به ۱۳۹۹_۱۰_۳۰ (حسابرسی شده).xlsx,1b9397aa1c80eccf2673b538b0b0a6bbbafc1a2ccad0859485c49e773ffb5388
اپال|1400,اپال,1400,MATCHED_SEPARATE_VALID,1,1,0,0,0,0,original,اپال.zip!اپال_۱۴۰۰_۱۰_۳۰_separate_ن-۱۰_صورت‌های مالی سال مالی منتهی به ۱۴۰۰_۱۰_۳۰ (حسابرسی شده).xlsx,58b789dd31033529efc09d54ef847f29980016676ead1da0a0f56d309e47a9f2
اپال|1401,اپال,1401,MATCHED_SEPARATE_VALID,1,1,0,0,0,0,original,اپال.zip!اپال_۱۴۰۱_۱۰_۳۰_separate_ن-۱۰_صورت‌های مالی سال مالی منتهی به ۱۴۰۱_۱۰_۳۰ (حسابرسی شده).xlsx,16ede1dcaaa17ebe6e5256d5ca545e406d677a7e32e960e1ace3f9986f9bdbdb
اپال|1402,اپال,1402,MATCHED_SEPARATE_VALID,1,1,0,0,0,0,original,اپال.zip!اپال_۱۴۰۲_۱۰_۳۰_separate_ن-۱۰_صورت‌های مالی سال مالی منتهی به ۱۴۰۲_۱۰_۳۰ (حسابرسی شده).xlsx,d7de3bb1d2ff3dec2dbac96bbcdfe3a5c80b1694e18ead4cbdb9ec40618bbbd8
اردستان|1392,اردستان,1392,NO_ARCHIVE_MATCH,0,0,0,0,0,0,,,
اردستان|1393,اردستان,1393,NO_ARCHIVE_MATCH,0,0,0,0,0,0,,,
اردستان|1394,اردستان,1394,NO_ARCHIVE_MATCH,0,0,0,0,0,0,,,
اردستان|1395,اردستان,1395,NO_ARCHIVE_MATCH,0,0,0,0,0,0,,,
اردستان|1396,اردستان,1396,NO_ARCHIVE_MATCH,0,0,0,0,0,0,,,
اردستان|1397,اردستان,1397,NO_ARCHIVE_MATCH,0,0,0,0,0,0,,,
اردستان|1398,اردستان,1398,ONLY_CONSOLIDATED_AVAILABLE,1,0,1,0,0,0,,,
اروند|1394,اروند,1394,NO_ARCHIVE_MATCH,0,0,0,0,0,0,,,
اروند|1395,اروند,1395,MATCHED_SEPARATE_VALID,1,1,0,0,0,0,original,اروند.zip!اروند_۱۳۹۵_۱۲_۳۰_separate_ن-۱۰_صورت‌های مالی سال مالی منتهی به ۱۳۹۵_۱۲_۳۰ (حسابرسی شده).xlsx,b588b64dc50381d71ea742d9eb1cb4ac1510ace9392895017827497186eb2d99
اروند|1396,اروند,1396,MATCHED_SEPARATE_VALID,1,1,0,0,0,0,original,اروند.zip!اروند_۱۳۹۶_۱۲_۲۹_separate_ن-۱۰_صورت‌های مالی سال مالی منتهی به ۱۳۹۶_۱۲_۲۹ (حسابرسی شده).xlsx,511ac4c3930b2dc04853ff6d41fea6cc9e65eb6040202000ee67332eda884eff
اروند|1398,اروند,1398,NO_ARCHIVE_MATCH,0,0,0,0,0,0,,,
اروند|1399,اروند,1399,MATCHED_SEPARATE_VALID,1,1,0,0,0,0,original,اروند.zip!اروند_۱۳۹۹_۱۲_۳۰_separate_ن-۱۰_صورت‌های مالی سال مالی منتهی به ۱۳۹۹_۱۲_۳۰ (حسابرسی شده).xlsx,b12d2756e03d5f0ff173a148b822335cbb9dd3d5026f957a854399f7550cc18f
اروند|1400,اروند,1400,MATCHED_SEPARATE_VALID,1,1,0,0,0,0,original,اروند.zip!اروند_۱۴۰۰_۱۲_۲۹_separate_ن-۱۰_صورت‌های مالی سال مالی منتهی به ۱۴۰۰_۱۲_۲۹ (حسابرسی شده).xlsx,3b6a1c2bbe6d1f490e33016e1ed9e921ad6a30674d26b6afab2be6cbefab9627
بالبر|1393,بالبر,1393,MATCHED_SEPARATE_VALID,1,1,0,0,0,0,original,بالبر.zip!بالبر_۱۳۹۳_۰۶_۳۱_separate_ن-۱۰_صورتهای مالی سال مالی منتهی به ۱۳۹۳_۰۶_۳۱ (حسابرسی شده).xlsx,5fbcdbe018aa97d95ded66ad184e6aac6f83fb9cbd4ab6803ac62d316ae0c9c8
بالبر|1394,بالبر,1394,MATCHED_SEPARATE_VALID,1,1,0,0,0,0,original,بالبر.zip!بالبر_۱۳۹۴_۰۶_۳۱_separate_ن-۱۰_صورت‌های مالی سال مالی منتهی به ۱۳۹۴_۰۶_۳۱ (حسابرسی شده).xlsx,4f9c3d102a9943bc58514eda5329f18520f71746e625b10415a58aa1242991fb
بالبر|1395,بالبر,1395,MATCHED_SEPARATE_VALID,1,1,0,0,0,0,original,بالبر.zip!بالبر_۱۳۹۵_۰۶_۳۱_separate_ن-۱۰_صورت‌های مالی سال مالی منتهی به ۱۳۹۵_۰۶_۳۱ (حسابرسی شده).xlsx,4d35cc5ececc968c889ac6122abdf593fc07d20fc5b99b21744f4f9843ec603c
بالبر|1396,بالبر,1396,MATCHED_SEPARATE_VALID,1,1,0,0,0,0,original,بالبر.zip!بالبر_۱۳۹۶_۰۶_۳۱_separate_ن-۱۰_صورت‌های مالی سال مالی منتهی به ۱۳۹۶_۰۶_۳۱ (حسابرسی شده).xlsx,4706205c382cb88fb8b4e80459a352683561cb25d8202bc9865e74cba339d379
بالبر|1397,بالبر,1397,MATCHED_SEPARATE_VALID,1,1,0,0,0,0,original,بالبر.zip!بالبر_۱۳۹۷_۰۶_۳۱_separate_ن-۱۰_صورت‌های مالی سال مالی منتهی به ۱۳۹۷_۰۶_۳۱ (حسابرسی شده).xlsx,de1c3b6ef49ae4e440403c03079a97c985a56619ae7606c065d0c6d4f412ec29
بالبر|1398,بالبر,1398,MATCHED_SEPARATE_VALID,1,1,0,0,0,0,original,بالبر.zip!بالبر_۱۳۹۸_۰۶_۳۱_separate_ن-۱۰_صورت‌های مالی سال مالی منتهی به ۱۳۹۸_۰۶_۳۱ (حسابرسی شده).xlsx,a215afaae31c900d47116cd7cd7906a3ae132fd93e0d317c06f91075d8128617
بالبر|1399,بالبر,1399,MATCHED_SEPARATE_CORRECTION_SELECTED,2,2,0,0,1,1,correction,بالبر.zip!بالبر_۱۳۹۹_۰۶_۳۱_separate_ن-۱۰_صورت‌های مالی سال مالی منتهی به ۱۳۹۹_۰۶_۳۱ (حسابرسی شده)(اصلاحیه).xlsx,0d891ebda4bfca1b51ab8541fb04ed12bad842286b5b21c2cda7a5f5646e2edf
بالبر|1400,بالبر,1400,MATCHED_SEPARATE_VALID,1,1,0,0,0,0,original,بالبر.zip!بالبر_۱۴۰۰_۰۶_۳۱_separate_ن-۱۰_صورت‌های مالی سال مالی منتهی به ۱۴۰۰_۰۶_۳۱ (حسابرسی شده).xlsx,d599e990cfd7eecf52aa1412e5ea85b6e56ea19e2f4f61555d8395dc8b5b117e
بالبر|1401,بالبر,1401,MATCHED_SEPARATE_VALID,1,1,0,0,0,0,original,بالبر.zip!بالبر_۱۴۰۱_۰۶_۳۱_separate_ن-۱۰_صورت‌های مالی سال مالی منتهی به ۱۴۰۱_۰۶_۳۱ (حسابرسی شده).xlsx,56e8da9e8ef7c27a011a2bbf3d5652d95386acfcdbf7e684a844a306c6a55c41
بالبر|1402,بالبر,1402,MATCHED_SEPARATE_VALID,1,1,0,0,0,0,original,بالبر.zip!بالبر_۱۴۰۲_۰۶_۳۱_separate_ن-۱۰_صورت‌های مالی سال مالی منتهی به ۱۴۰۲_۰۶_۳۱ (حسابرسی شده).xlsx,ad3d5b644e267b4f05312f4566476403b935fef0b8d7bea21e98ec9f7252a9bd
برکت|1393,برکت,1393,NO_ARCHIVE_MATCH,0,0,0,0,0,0,,,
برکت|1394,برکت,1394,MATCHED_SEPARATE_VALID,1,1,0,0,0,0,original,بركت.zip!بركت_۱۳۹۴_۱۲_۲۹_separate_ن-۱۰_صورت‌های مالی سال مالی منتهی به ۱۳۹۴_۱۲_۲۹ (حسابرسی شده).xlsx,aca0cabfdc4b253e530746690fc0e16441b5bb9ab144879cc780d355b5bd5206
برکت|1395,برکت,1395,MATCHED_SEPARATE_VALID,1,1,0,0,0,0,original,بركت.zip!بركت_۱۳۹۵_۱۲_۳۰_separate_ن-۱۰_صورت‌های مالی سال مالی منتهی به ۱۳۹۵_۱۲_۳۰ (حسابرسی شده).xlsx,ee9b46579e1a8da4259785671b6f5feb2d8379af56d0e83c3506f556b9e11b37
برکت|1396,برکت,1396,MATCHED_SEPARATE_VALID,1,1,0,0,0,0,original,بركت.zip!بركت_۱۳۹۶_۱۲_۲۹_separate_ن-۱۰_صورت‌های مالی سال مالی منتهی به ۱۳۹۶_۱۲_۲۹ (حسابرسی شده).xlsx,944851f9bf477028d36d52ed333afdad6b70087634ae97b7de09eeefdf6fc6b7
برکت|1397,برکت,1397,MATCHED_SEPARATE_VALID,1,1,0,0,0,0,original,بركت.zip!بركت_۱۳۹۷_۱۲_۲۹_separate_ن-۱۰_صورت‌های مالی سال مالی منتهی به ۱۳۹۷_۱۲_۲۹ (حسابرسی شده).xlsx,753933ea71266aee2b315a525913896f43b1bb5ed959b0e435cd0f35d9c4dbde
برکت|1398,برکت,1398,MATCHED_SEPARATE_VALID,1,1,0,0,0,0,original,بركت.zip!بركت_۱۳۹۸_۱۲_۲۹_separate_ن-۱۰_صورت‌های مالی سال مالی منتهی به ۱۳۹۸_۱۲_۲۹ (حسابرسی شده).xlsx,59c2496e923581bc9c1d9332bea89998103f2847fdee26008dd868ff3368c827
برکت|1399,برکت,1399,MATCHED_SEPARATE_VALID,1,1,0,0,0,0,original,بركت.zip!بركت_۱۳۹۹_۱۲_۳۰_separate_ن-۱۰_صورت‌های مالی سال مالی منتهی به ۱۳۹۹_۱۲_۳۰ (حسابرسی شده).xlsx,cf8bdbabc6c62b23436abcdc9ecd4a1a2dcf09b5a9e6e183be7906a3fc39f9ff
برکت|1400,برکت,1400,MATCHED_SEPARATE_VALID,1,1,0,0,0,0,original,بركت.zip!بركت_۱۴۰۰_۱۲_۲۹_separate_ن-۱۰_صورت‌های مالی سال مالی منتهی به ۱۴۰۰_۱۲_۲۹ (حسابرسی شده).xlsx,727c5313ee34e1ab16333a6b6ba1b9bcdc2938b445f32f5555a614b34ef5d66e
برکت|1401,برکت,1401,MATCHED_SEPARATE_VALID,1,1,0,0,0,0,original,بركت.zip!بركت_۱۴۰۱_۱۲_۲۹_separate_ن-۱۰_صورت‌های مالی سال مالی منتهی به ۱۴۰۱_۱۲_۲۹ (حسابرسی شده).xlsx,1030b82b8a9cf9e84d6fefa8c4075b071e6cf435cc3e72149202d2153d1a7506
برکت|1402,برکت,1402,MATCHED_SEPARATE_VALID,1,1,0,0,0,0,original,بركت.zip!بركت_۱۴۰۲_۱۲_۲۹_separate_ن-۱۰_صورت‌های مالی سال مالی منتهی به ۱۴۰۲_۱۲_۲۹ (حسابرسی شده).xlsx,8860152fb77723c40676b7464216492b5ed5ed7f1842482cef39a8501b0aacf7
بکاب|1393,بکاب,1393,MATCHED_SEPARATE_VALID,1,1,0,0,0,0,original,بكاب.zip!بكاب_۱۳۹۳_۰۶_۳۱_separate_ن-۱۰_صورتهای مالی سال مالی منتهی به ۱۳۹۳_۰۶_۳۱ (حسابرسی شده).xlsx,5aa675f12087ed7c37a7fb4480e82704177a014912c8aa2d219ed40635f9b226
بکاب|1394,بکاب,1394,MATCHED_SEPARATE_VALID,1,1,0,0,0,0,original,بكاب.zip!بكاب_۱۳۹۴_۰۶_۳۱_separate_ن-۱۰_صورت‌های مالی سال مالی منتهی به ۱۳۹۴_۰۶_۳۱ (حسابرسی شده).xlsx,f9a29f96b79d0206c982eeb6cff84a85a34db06df6e49e4308a36236cba3c19c
بکاب|1395,بکاب,1395,MATCHED_SEPARATE_VALID,1,1,0,0,0,0,original,بكاب.zip!بكاب_۱۳۹۵_۰۶_۳۱_separate_ن-۱۰_صورت‌های مالی سال مالی منتهی به ۱۳۹۵_۰۶_۳۱ (حسابرسی شده).xlsx,d1704308ba08a3d77afa6b487bbd6cb2f9e9e65958993557a61fa1e051f12f23
بکاب|1396,بکاب,1396,MATCHED_SEPARATE_VALID,1,1,0,0,0,0,original,بكاب.zip!بكاب_۱۳۹۶_۰۶_۳۱_separate_ن-۱۰_صورت‌های مالی سال مالی منتهی به ۱۳۹۶_۰۶_۳۱ (حسابرسی شده).xlsx,886d56a77ff3ac89f4ec8d87f97c1c4253c4dcf5f4dd4ec2307c7cbc6e7fc534
بکاب|1397,بکاب,1397,MATCHED_SEPARATE_CORRECTION_SELECTED,2,2,0,0,1,1,correction,بكاب.zip!بكاب_۱۳۹۷_۰۶_۳۱_separate_ن-۱۰_صورت‌های مالی سال مالی منتهی به ۱۳۹۷_۰۶_۳۱ (حسابرسی شده)(اصلاحیه).xlsx,e686beecc5ab31d9550cbd60762e9ca72950e24b00ed04775d26bc8f62922a7d
بکاب|1398,بکاب,1398,MATCHED_SEPARATE_VALID,1,1,0,0,0,0,original,بكاب.zip!بكاب_۱۳۹۸_۰۶_۳۱_separate_ن-۱۰_صورت‌های مالی سال مالی منتهی به ۱۳۹۸_۰۶_۳۱ (حسابرسی شده).xlsx,a215afaae31c900d47116cd7cd7906a3ae132fd93e0d317c06f91075d8128617
بکاب|1399,بکاب,1399,MATCHED_SEPARATE_VALID,1,1,0,0,0,0,original,بكاب.zip!بكاب_۱۳۹۹_۰۶_۳۱_separate_ن-۱۰_صورت‌های مالی سال مالی منتهی به ۱۳۹۹_۰۶_۳۱ (حسابرسی شده).xlsx,b133a3131c83532ea019e8df65b423d017db34225dc4c2fe3cbae8c2c18f508d
بکاب|1400,بکاب,1400,MATCHED_SEPARATE_VALID,1,1,0,0,0,0,original,بكاب.zip!بكاب_۱۴۰۰_۰۶_۳۱_separate_ن-۱۰_صورت‌های مالی سال مالی منتهی به ۱۴۰۰_۰۶_۳۱ (حسابرسی شده).xlsx,575a36db9fc50cfb02d161b0cf795ea8a359d52feaa59a78b98611e5a0865810
بکاب|1401,بکاب,1401,MATCHED_SEPARATE_VALID,1,1,0,0,0,0,original,بكاب.zip!بكاب_۱۴۰۱_۰۶_۳۱_separate_ن-۱۰_صورت‌های مالی سال مالی منتهی به ۱۴۰۱_۰۶_۳۱ (حسابرسی شده).xlsx,cc1e75ff97beaee3f64a1ac43689ad0b270a5ead4cea7213ecb7ecdcebfcc335
بکاب|1402,بکاب,1402,MATCHED_SEPARATE_VALID,1,1,0,0,0,0,original,بكاب.zip!بكاب_۱۴۰۲_۰۶_۳۱_separate_ن-۱۰_صورت‌های مالی سال مالی منتهی به ۱۴۰۲_۰۶_۳۱ (حسابرسی شده).xlsx,64189a5851dc33449e830335153c73d130e03f1fb1f5883ccd31f71cd19c6563
بکام|1393,بکام,1393,MATCHED_SEPARATE_VALID,1,1,0,0,0,0,original,بكام.zip!بكام_۱۳۹۳_۱۲_۲۹_separate_ن-۱۰_صورتهای مالی سال مالی منتهی به ۱۳۹۳_۱۲_۲۹ (حسابرسی شده).xlsx,480a5a68522e2bfa12c1e9b8c2d5cc5c1a0d6bd3f7da1cd17cb6483decc5987a
بکام|1394,بکام,1394,MATCHED_SEPARATE_VALID,1,1,0,0,0,0,original,بكام.zip!بكام_۱۳۹۴_۱۲_۲۹_separate_ن-۱۰_صورت‌های مالی سال مالی منتهی به ۱۳۹۴_۱۲_۲۹ (حسابرسی شده).xlsx,ad8af758e08a579dcbd41f6671019e5ebace55811e765c32fb1f469b1f74459a
بکام|1395,بکام,1395,ONLY_CONSOLIDATED_AVAILABLE,1,0,1,0,0,0,,,
بکام|1396,بکام,1396,ONLY_CONSOLIDATED_AVAILABLE,1,0,1,0,0,0,,,
بکام|1397,بکام,1397,ONLY_CONSOLIDATED_AVAILABLE,1,0,1,0,0,0,,,
بکام|1398,بکام,1398,ONLY_CONSOLIDATED_AVAILABLE,1,0,1,0,0,0,,,
بکام|1399,بکام,1399,ONLY_CONSOLIDATED_AVAILABLE,2,0,2,0,0,0,,,
بکام|1400,بکام,1400,ONLY_CONSOLIDATED_AVAILABLE,1,0,1,0,0,0,,,
بکام|1401,بکام,1401,ONLY_CONSOLIDATED_AVAILABLE,1,0,1,0,0,0,,,
بکام|1402,بکام,1402,ONLY_CONSOLIDATED_AVAILABLE,2,0,2,0,0,0,,,
بموتو|1392,بموتو,1392,MATCHED_SEPARATE_VALID,1,1,0,0,0,0,original,بموتو.zip!بموتو_۱۳۹۲_۰۶_۳۱_separate_ن-۱۰_صورتهای مالی سال مالی منتهی به ۱۳۹۲_۰۶_۳۱ (حسابرسی شده).xlsx,6cd7e24f31da8998fe82fc507f7abcc3cb725ed5e8fcc3f6f6f6ad949d929e94
بموتو|1393,بموتو,1393,MATCHED_SEPARATE_VALID,1,1,0,0,0,0,original,بموتو.zip!بموتو_۱۳۹۳_۰۶_۳۱_separate_ن-۱۰_صورتهای مالی سال مالی منتهی به ۱۳۹۳_۰۶_۳۱ (حسابرسی شده).xlsx,17340f13c5fb119b9d93ac9558b0ced5bf1a3c91867af92183b65c4dab3be4ab
بموتو|1394,بموتو,1394,MATCHED_SEPARATE_VALID,1,1,0,0,0,0,original,بموتو.zip!بموتو_۱۳۹۴_۰۶_۳۱_separate_ن-۱۰_صورت‌های مالی سال مالی منتهی به ۱۳۹۴_۰۶_۳۱ (حسابرسی شده).xlsx,b62618f285295448a0d00de5736c1d96b549c8f8d7cc602ab5aa416f3092c0fb
بموتو|1395,بموتو,1395,ONLY_CONSOLIDATED_AVAILABLE,1,0,1,0,0,0,,,
بموتو|1396,بموتو,1396,ONLY_CONSOLIDATED_AVAILABLE,1,0,1,0,0,0,,,
بموتو|1397,بموتو,1397,ONLY_CONSOLIDATED_AVAILABLE,1,0,1,0,0,0,,,
بموتو|1398,بموتو,1398,ONLY_CONSOLIDATED_AVAILABLE,1,0,1,0,0,0,,,
بموتو|1399,بموتو,1399,ONLY_CONSOLIDATED_AVAILABLE,1,0,1,0,0,0,,,
بموتو|1400,بموتو,1400,ONLY_CONSOLIDATED_AVAILABLE,1,0,1,0,0,0,,,
بموتو|1401,بموتو,1401,ONLY_CONSOLIDATED_AVAILABLE,1,0,1,0,0,0,,,
بموتو|1402,بموتو,1402,ONLY_CONSOLIDATED_AVAILABLE,1,0,1,0,0,0,,,
بوعلی|1393,بوعلی,1393,MATCHED_SEPARATE_VALID,1,1,0,0,0,0,original,بوعلي.zip!بوعلي_۱۳۹۳_۱۲_۲۹_separate_ن-۱۰_صورتهای مالی سال مالی منتهی به ۱۳۹۳_۱۲_۲۹ (حسابرسی شده).xlsx,34c8a3155b6833ef949284f8eafc0a06d3e69a6fab6edeb0e958adc0f291ecef
بوعلی|1394,بوعلی,1394,MATCHED_SEPARATE_VALID,1,1,0,0,0,0,original,بوعلي.zip!بوعلي_۱۳۹۴_۱۲_۲۹_separate_ن-۱۰_صورت‌های مالی سال مالی منتهی به ۱۳۹۴_۱۲_۲۹ (حسابرسی شده).xlsx,07ba5943d33fb48fb75a6cb3f04bfa5eecf52f29a89c33a3c11c67ba184ec5e0
بوعلی|1395,بوعلی,1395,MATCHED_SEPARATE_VALID,1,1,0,0,0,0,original,بوعلي.zip!بوعلي_۱۳۹۵_۱۲_۳۰_separate_ن-۱۰_صورت‌های مالی سال مالی منتهی به ۱۳۹۵_۱۲_۳۰ (حسابرسی شده).xlsx,e3d637875c400a0d82710c91607f2a1558854287a8b4636cf12508a573ec1a4a
بوعلی|1396,بوعلی,1396,MATCHED_SEPARATE_VALID,1,1,0,0,0,0,original,بوعلي.zip!بوعلي_۱۳۹۶_۱۲_۲۹_separate_ن-۱۰_صورت‌های مالی سال مالی منتهی به ۱۳۹۶_۱۲_۲۹ (حسابرسی شده).xlsx,ea816c666ca13f5e7287c76aecad5fba97b80894f163da9b0e6de369003f4cae
بوعلی|1397,بوعلی,1397,MATCHED_SEPARATE_CORRECTION_SELECTED,2,2,0,0,1,1,correction,بوعلي.zip!بوعلي_۱۳۹۷_۱۲_۲۹_separate_ن-۱۰_صورت‌های مالی سال مالی منتهی به ۱۳۹۷_۱۲_۲۹ (حسابرسی شده)(اصلاحیه).xlsx,601da23c3958146f6910d16c54ba06ad4034dfa355213833c9dcb09607ac15db
بوعلی|1398,بوعلی,1398,MATCHED_SEPARATE_VALID,1,1,0,0,0,0,original,بوعلي.zip!بوعلي_۱۳۹۸_۱۲_۲۹_separate_ن-۱۰_صورت‌های مالی سال مالی منتهی به ۱۳۹۸_۱۲_۲۹ (حسابرسی شده).xlsx,9228f707523966f7ea8709da7f6bfe6f1f33d523d3f8800cff48fd39b1c5cd36
بوعلی|1399,بوعلی,1399,MATCHED_SEPARATE_VALID,1,1,0,0,0,0,original,بوعلي.zip!بوعلي_۱۳۹۹_۱۲_۳۰_separate_ن-۱۰_صورت‌های مالی سال مالی منتهی به ۱۳۹۹_۱۲_۳۰ (حسابرسی شده).xlsx,2025e1d306cc97265295495edc930b2da2e8ce87dc940d03c4d309173477b4d4
بوعلی|1400,بوعلی,1400,MATCHED_SEPARATE_VALID,1,1,0,0,0,0,original,بوعلي.zip!بوعلي_۱۴۰۰_۱۲_۲۹_separate_ن-۱۰_صورت‌های مالی سال مالی منتهی به ۱۴۰۰_۱۲_۲۹ (حسابرسی شده).xlsx,c4c3194763fdbfef076ed2fefd6a431d8f843935d7f6e26d0bd54bd8d13cd32b
بوعلی|1401,بوعلی,1401,MATCHED_SEPARATE_VALID,1,1,0,0,0,0,original,بوعلي.zip!بوعلي_۱۴۰۱_۱۲_۲۹_separate_ن-۱۰_صورت‌های مالی سال مالی منتهی به ۱۴۰۱_۱۲_۲۹ (حسابرسی شده).xlsx,80352712b12f9c37f6f70a10d746bd850035134091ff19f5ce62f7e10dcc00e9
بوعلی|1402,بوعلی,1402,MATCHED_SEPARATE_VALID,1,1,0,0,0,0,original,بوعلي.zip!بوعلي_۱۴۰۲_۱۲_۲۹_separate_ن-۱۰_صورت‌های مالی سال مالی منتهی به ۱۴۰۲_۱۲_۲۹ (حسابرسی شده).xlsx,756b0ecb9de152f3e1e0b63739b3ac1b8b63070ad8b9adb7d8dd216d662645f2
بترانس|1393,بترانس,1393,MATCHED_SEPARATE_VALID,1,1,0,0,0,0,original,بترانس.zip!بترانس_۱۳۹۳_۱۲_۲۹_separate_ن-۱۰_صورتهای مالی سال مالی منتهی به ۱۳۹۳_۱۲_۲۹ (حسابرسی شده).xlsx,8518139b111dc5005ab347933a026fd3a3f4ca0062d4f9ab6488ff4e8d6dbdd0
بترانس|1394,بترانس,1394,ONLY_CONSOLIDATED_AVAILABLE,1,0,1,0,0,0,,,
بترانس|1395,بترانس,1395,ONLY_CONSOLIDATED_AVAILABLE,1,0,1,0,0,0,,,
بترانس|1396,بترانس,1396,ONLY_CONSOLIDATED_AVAILABLE,1,0,1,0,0,0,,,
بترانس|1397,بترانس,1397,ONLY_CONSOLIDATED_AVAILABLE,1,0,1,0,0,0,,,
بترانس|1398,بترانس,1398,ONLY_CONSOLIDATED_AVAILABLE,1,0,1,0,0,0,,,
بترانس|1399,بترانس,1399,ONLY_CONSOLIDATED_AVAILABLE,1,0,1,0,0,0,,,
بترانس|1400,بترانس,1400,ONLY_CONSOLIDATED_AVAILABLE,1,0,1,0,0,0,,,
بترانس|1401,بترانس,1401,ONLY_CONSOLIDATED_AVAILABLE,1,0,1,0,0,0,,,
بترانس|1402,بترانس,1402,ONLY_CONSOLIDATED_AVAILABLE,1,0,1,0,0,0,,,
چافست|1393,چافست,1393,MATCHED_SEPARATE_VALID,1,1,0,0,0,0,original,چافست.zip!چافست_۱۳۹۳_۰۶_۳۱_separate_ن-۱۰_صورتهای مالی سال مالی منتهی به ۱۳۹۳_۰۶_۳۱ (حسابرسی شده).xlsx,d526eeef8a6c8ebea45502fba8cc6858ef265fc533c07774e0410376a24cf5b6
چافست|1394,چافست,1394,MATCHED_SEPARATE_VALID,1,1,0,0,0,0,original,چافست.zip!چافست_۱۳۹۴_۰۶_۳۱_separate_ن-۱۰_صورت‌های مالی سال مالی منتهی به ۱۳۹۴_۰۶_۳۱ (حسابرسی شده).xlsx,b90ed539e0180e06a636dfbc61b709ac395b053b397b6580acfd575ca317a252
چافست|1395,چافست,1395,MATCHED_SEPARATE_VALID,1,1,0,0,0,0,original,چافست.zip!چافست_۱۳۹۵_۰۶_۳۱_separate_ن-۱۰_صورت‌های مالی سال مالی منتهی به ۱۳۹۵_۰۶_۳۱ (حسابرسی شده).xlsx,025a108e6a9fea8e4bc960dd12ee97b86f8594f3007eca854fe9eebd1dc9a879
چافست|1396,چافست,1396,ONLY_CONSOLIDATED_AVAILABLE,1,0,1,0,0,0,,,
چافست|1397,چافست,1397,ONLY_CONSOLIDATED_AVAILABLE,1,0,1,0,0,0,,,
چافست|1398,چافست,1398,ONLY_CONSOLIDATED_AVAILABLE,1,0,1,0,0,0,,,
چافست|1399,چافست,1399,ONLY_CONSOLIDATED_AVAILABLE,1,0,1,0,0,0,,,
چافست|1400,چافست,1400,ONLY_CONSOLIDATED_AVAILABLE,1,0,1,0,0,0,,,
چافست|1401,چافست,1401,ONLY_CONSOLIDATED_AVAILABLE,2,0,2,0,0,0,,,
چافست|1402,چافست,1402,ONLY_CONSOLIDATED_AVAILABLE,1,0,1,0,0,0,,,
چکارن|1393,چکارن,1393,MATCHED_SEPARATE_VALID,1,1,0,0,0,0,original,چكارن.zip!چكارن_۱۳۹۳_۱۲_۲۹_separate_ن-۱۰_صورتهای مالی سال مالی منتهی به ۱۳۹۳_۱۲_۲۹ (حسابرسی شده).xlsx,ac3bee5833611a575bce09bc2d59d0f53a936134ec81fca584a8124452aa3d54
چکارن|1394,چکارن,1394,MATCHED_SEPARATE_VALID,1,1,0,0,0,0,original,چكارن.zip!چكارن_۱۳۹۴_۱۲_۲۹_separate_ن-۱۰_صورت‌های مالی سال مالی منتهی به ۱۳۹۴_۱۲_۲۹ (حسابرسی شده).xlsx,9411a11d6fc5ecafceed59bc1e39e4285a0a41746225b012499f82db3ca2e929
چکارن|1395,چکارن,1395,MATCHED_SEPARATE_VALID,1,1,0,0,0,0,original,چكارن.zip!چكارن_۱۳۹۵_۱۲_۳۰_separate_ن-۱۰_صورت‌های مالی سال مالی منتهی به ۱۳۹۵_۱۲_۳۰ (حسابرسی شده).xlsx,efdd084e85ccfc731a5ee3ba7be22b9300d5e66a8dd45eed2c3f69d284f18db5
چکارن|1396,چکارن,1396,MATCHED_SEPARATE_VALID,1,1,0,0,0,0,original,چكارن.zip!چكارن_۱۳۹۶_۱۲_۲۹_separate_ن-۱۰_صورت‌های مالی سال مالی منتهی به ۱۳۹۶_۱۲_۲۹ (حسابرسی شده).xlsx,c5aa724bd473cbe8e37150ab83f2b2c15293eeaf616100f43e44f486bfd47c9b
چکارن|1397,چکارن,1397,ONLY_CONSOLIDATED_AVAILABLE,1,0,1,0,0,0,,,
چکارن|1398,چکارن,1398,ONLY_CONSOLIDATED_AVAILABLE,1,0,1,0,0,0,,,
چکارن|1399,چکارن,1399,ONLY_CONSOLIDATED_AVAILABLE,1,0,1,0,0,0,,,
چکارن|1400,چکارن,1400,ONLY_CONSOLIDATED_AVAILABLE,1,0,1,0,0,0,,,
چکارن|1401,چکارن,1401,ONLY_CONSOLIDATED_AVAILABLE,1,0,1,0,0,0,,,
چکارن|1402,چکارن,1402,ONLY_CONSOLIDATED_AVAILABLE,1,0,1,0,0,0,,,
ددام|1393,ددام,1393,MATCHED_SEPARATE_VALID,1,1,0,0,0,0,original,ددام.zip!ددام_۱۳۹۳_۱۲_۲۹_separate_ن-۱۰_صورتهای مالی سال مالی منتهی به ۱۳۹۳_۱۲_۲۹ (حسابرسی شده).xlsx,ed732fdff928f5cb42136d2fa2923ebeb710cab916eb6ec9d391756fc63006b6
ددام|1394,ددام,1394,MATCHED_SEPARATE_VALID,1,1,0,0,0,0,original,ددام.zip!ددام_۱۳۹۴_۱۲_۲۹_separate_ن-۱۰_صورت‌های مالی سال مالی منتهی به ۱۳۹۴_۱۲_۲۹ (حسابرسی شده).xlsx,03ac9ac8616a516cb4c3425faf4a874f2deb056ffa6a8820d28e1efe96995669
ددام|1395,ددام,1395,MATCHED_SEPARATE_VALID,1,1,0,0,0,0,original,ددام.zip!ددام_۱۳۹۵_۱۲_۳۰_separate_ن-۱۰_صورت‌های مالی سال مالی منتهی به ۱۳۹۵_۱۲_۳۰ (حسابرسی شده).xlsx,bafeb3103883e7c4987ef4e62188adaefccff4cbfd58e0528c503015aebe9d8c
ددام|1396,ددام,1396,MATCHED_SEPARATE_VALID,1,1,0,0,0,0,original,ددام.zip!ددام_۱۳۹۶_۱۲_۲۹_separate_ن-۱۰_صورت‌های مالی سال مالی منتهی به ۱۳۹۶_۱۲_۲۹ (حسابرسی شده).xlsx,1e983fdc19fe8400423943de4810c6056b990ca662282df37a79e15df597455a
ددام|1397,ددام,1397,MATCHED_SEPARATE_VALID,1,1,0,0,0,0,original,ددام.zip!ددام_۱۳۹۷_۱۲_۲۹_separate_ن-۱۰_صورت‌های مالی سال مالی منتهی به ۱۳۹۷_۱۲_۲۹ (حسابرسی شده).xlsx,20a5dd10b126f0dfc50898dd95184bd44ca3e71808a43ed4dbf2a5feb11c1a5c
ددام|1398,ددام,1398,MATCHED_SEPARATE_VALID,1,1,0,0,0,0,original,ددام.zip!ددام_۱۳۹۸_۱۲_۲۹_separate_ن-۱۰_صورت‌های مالی سال مالی منتهی به ۱۳۹۸_۱۲_۲۹ (حسابرسی شده).xlsx,9bd41706197aab98dceafb2ffbada34eeaf274f3ec934a752cbe15d33662a530
ددام|1399,ددام,1399,MATCHED_SEPARATE_VALID,1,1,0,0,0,0,original,ددام.zip!ددام_۱۳۹۹_۱۲_۳۰_separate_ن-۱۰_صورت‌های مالی سال مالی منتهی به ۱۳۹۹_۱۲_۳۰ (حسابرسی شده).xlsx,70c2a49cfc0ce3935e72efd0647c8936830d331abbb51712f7203143962a2d0b
ددام|1400,ددام,1400,MATCHED_SEPARATE_VALID,1,1,0,0,0,0,original,ددام.zip!ددام_۱۴۰۰_۱۲_۲۹_separate_ن-۱۰_صورت‌های مالی سال مالی منتهی به ۱۴۰۰_۱۲_۲۹ (حسابرسی شده).xlsx,c9ac6f7294a22868b5d97e6844d9ecf058aaab58495d01011a105d8c994b8f85
ددام|1401,ددام,1401,MATCHED_SEPARATE_VALID,1,1,0,0,0,0,original,ددام.zip!ددام_۱۴۰۱_۱۲_۲۹_separate_ن-۱۰_صورت‌های مالی سال مالی منتهی به ۱۴۰۱_۱۲_۲۹ (حسابرسی شده).xlsx,b07291a64478d5d9b6b7191438d44e9f8ff5eae6a226d500f4ca0ef691b4dd1c
ددام|1402,ددام,1402,MATCHED_SEPARATE_VALID,1,1,0,0,0,0,original,ددام.zip!ددام_۱۴۰۲_۱۲_۲۹_separate_ن-۱۰_صورت‌های مالی سال مالی منتهی به ۱۴۰۲_۱۲_۲۹ (حسابرسی شده).xlsx,2d9772c959c7ce3d393ed55f9a2e42a099ea8bfcbdd683f36657f6ea7734e790
دیران|1392,دیران,1392,MATCHED_SEPARATE_VALID,1,1,0,0,0,0,original,ديران.zip!ديران_۱۳۹۲_۱۲_۲۹_separate_ن-۱۰_صورتهای مالی سال مالی منتهی به ۱۳۹۲_۱۲_۲۹ (حسابرسی شده).xlsx,53337098d81aef75cb609a62bedc36c8ad9ff5ce3bd18f0557577c59137ba361
دیران|1393,دیران,1393,MATCHED_SEPARATE_VALID,1,1,0,0,0,0,original,ديران.zip!ديران_۱۳۹۳_۱۲_۲۹_separate_ن-۱۰_صورتهای مالی سال مالی منتهی به ۱۳۹۳_۱۲_۲۹ (حسابرسی شده).xlsx,2e62799193916aa1f6634e0a70c7b0ae3c4e6281a90da19c0f4009ac95ff5402
دیران|1394,دیران,1394,MATCHED_SEPARATE_VALID,1,1,0,0,0,0,original,ديران.zip!ديران_۱۳۹۴_۱۲_۲۹_separate_ن-۱۰_صورت‌های مالی سال مالی منتهی به ۱۳۹۴_۱۲_۲۹ (حسابرسی شده).xlsx,c11bdd6c2be85da5d60053469bf8ba0140405e42d06db9ad3eadf7fc5e417deb
دیران|1395,دیران,1395,MATCHED_SEPARATE_VALID,1,1,0,0,0,0,original,ديران.zip!ديران_۱۳۹۵_۱۲_۳۰_separate_ن-۱۰_صورت‌های مالی سال مالی منتهی به ۱۳۹۵_۱۲_۳۰ (حسابرسی شده).xlsx,97c35a546da0c2b0716e44c944298f36a78ea3f0795f1fcb18a74858d8ddb20a
دیران|1396,دیران,1396,MATCHED_SEPARATE_VALID,1,1,0,0,0,0,original,ديران.zip!ديران_۱۳۹۶_۱۲_۲۹_separate_ن-۱۰_صورت‌های مالی سال مالی منتهی به ۱۳۹۶_۱۲_۲۹ (حسابرسی شده).xlsx,b92b4bf6f2864751a5791ddba7b0df23cd85098d57a39a5c79db5256f136e9aa
دیران|1397,دیران,1397,MATCHED_SEPARATE_VALID,1,1,0,0,0,0,original,ديران.zip!ديران_۱۳۹۷_۱۲_۲۹_separate_ن-۱۰_صورت‌های مالی سال مالی منتهی به ۱۳۹۷_۱۲_۲۹ (حسابرسی شده).xlsx,46abab8339e68a7753bcbf4b587bbb693c4b66d183cf9bbe11bcbe54797f560c
دیران|1398,دیران,1398,NO_ARCHIVE_MATCH,0,0,0,0,0,0,,,
دیران|1399,دیران,1399,MATCHED_SEPARATE_VALID,1,1,0,0,0,0,original,ديران.zip!ديران_۱۳۹۹_۰۹_۳۰_separate_ن-۱۰_صورت‌های مالی سال مالی منتهی به ۱۳۹۹_۰۹_۳۰ (حسابرسی شده).xlsx,a98147ab40def81d0b3318d835528eda24a9ba1495822fe9f07da6f8e75b56c6
دیران|1400,دیران,1400,MATCHED_SEPARATE_VALID,1,1,0,0,0,0,original,ديران.zip!ديران_۱۴۰۰_۰۹_۳۰_separate_ن-۱۰_صورت‌های مالی سال مالی منتهی به ۱۴۰۰_۰۹_۳۰ (حسابرسی شده).xlsx,a74cf5e9b2880e366a7e41fda1181041102316a98bdf16176f917d880ac2145e
دیران|1401,دیران,1401,MATCHED_SEPARATE_VALID,1,1,0,0,0,0,original,ديران.zip!ديران_۱۴۰۱_۰۹_۳۰_separate_ن-۱۰_صورت‌های مالی سال مالی منتهی به ۱۴۰۱_۰۹_۳۰ (حسابرسی شده).xlsx,45ed14cf56cb356d1cfbdbc856112b432234fd3d8147a7fe937d5c6092d643b3
دیران|1402,دیران,1402,MATCHED_SEPARATE_VALID,1,1,0,0,0,0,original,ديران.zip!ديران_۱۴۰۲_۰۹_۳۰_separate_ن-۱۰_صورت‌های مالی سال مالی منتهی به ۱۴۰۲_۰۹_۳۰ (حسابرسی شده).xlsx,bf0cb65219724ae7745696fa5363507f378b87e5da3d95d16b2a13f94c133197
درازک|1393,درازک,1393,MATCHED_SEPARATE_VALID,1,1,0,0,0,0,original,درازك.zip!درازك_۱۳۹۳_۱۲_۲۹_separate_ن-۱۰_صورتهای مالی سال مالی منتهی به ۱۳۹۳_۱۲_۲۹ (حسابرسی شده).xlsx,3d299b51b78d86f0174cfd5df8950daab44de7bc667894de0345225c346be296
درازک|1394,درازک,1394,MATCHED_SEPARATE_VALID,1,1,0,0,0,0,original,درازك.zip!درازك_۱۳۹۴_۱۲_۲۹_separate_ن-۱۰_صورت‌های مالی سال مالی منتهی به ۱۳۹۴_۱۲_۲۹ (حسابرسی شده).xlsx,3c7310ecefc432d2668ae754c62b951648b1b9387554e649fbd363fa605231d6
درازک|1395,درازک,1395,MATCHED_SEPARATE_VALID,1,1,0,0,0,0,original,درازك.zip!درازك_۱۳۹۵_۱۲_۳۰_separate_ن-۱۰_صورت‌های مالی سال مالی منتهی به ۱۳۹۵_۱۲_۳۰ (حسابرسی شده).xlsx,1bbcb1e5937be9a1a75d6d502cf0d46e3d597d62019239029de13e18ab13fa98
درازک|1396,درازک,1396,MATCHED_SEPARATE_VALID,1,1,0,0,0,0,original,درازك.zip!درازك_۱۳۹۶_۱۲_۲۹_separate_ن-۱۰_صورت‌های مالی سال مالی منتهی به ۱۳۹۶_۱۲_۲۹ (حسابرسی شده).xlsx,fba29a2821e6ea505b71d369d82d7779f336597b306174ae69e3dc46c0fdf44e
درازک|1397,درازک,1397,MATCHED_SEPARATE_VALID,1,1,0,0,0,0,original,درازك.zip!درازك_۱۳۹۷_۱۲_۲۹_separate_ن-۱۰_صورت‌های مالی سال مالی منتهی به ۱۳۹۷_۱۲_۲۹ (حسابرسی شده).xlsx,5c74bc48e1a37b4721c97476e360792f6345938d8c521ac23f11b12056ea9384
درازک|1398,درازک,1398,MATCHED_SEPARATE_VALID,1,1,0,0,0,0,original,درازك.zip!درازك_۱۳۹۸_۱۲_۲۹_separate_ن-۱۰_صورت‌های مالی سال مالی منتهی به ۱۳۹۸_۱۲_۲۹ (حسابرسی شده).xlsx,436e2b3ec8b8114c5dc59fcb535a5e18cacf119f88197c2200c667fa95aba7b1
درازک|1399,درازک,1399,ONLY_CONSOLIDATED_AVAILABLE,1,0,1,0,0,0,,,
درازک|1400,درازک,1400,ONLY_CONSOLIDATED_AVAILABLE,1,0,1,0,0,0,,,
درازک|1401,درازک,1401,ONLY_CONSOLIDATED_AVAILABLE,1,0,1,0,0,0,,,
درازک|1402,درازک,1402,ONLY_CONSOLIDATED_AVAILABLE,1,0,1,0,0,0,,,
دروز|1392,دروز,1392,MATCHED_SEPARATE_VALID,1,1,0,0,0,0,original,دروز.zip!دروز_۱۳۹۲_۱۲_۲۹_separate_ن-۱۰_صورتهای مالی سال مالی منتهی به ۱۳۹۲_۱۲_۲۹ (حسابرسی شده).xlsx,e9e0fd9953048cf88df59f87b55983383bf745a86ce307f0a4842b6d6a4cc3c9
دروز|1393,دروز,1393,MATCHED_SEPARATE_VALID,1,1,0,0,0,0,original,دروز.zip!دروز_۱۳۹۳_۱۲_۲۹_separate_ن-۱۰_صورتهای مالی سال مالی منتهی به ۱۳۹۳_۱۲_۲۹ (حسابرسی شده).xlsx,00d6105ddae9d281aa8a00750d03bbeea7302eb714fbedadfaee4837fa2af2d0
دروز|1394,دروز,1394,MATCHED_SEPARATE_VALID,1,1,0,0,0,0,original,دروز.zip!دروز_۱۳۹۴_۱۲_۲۹_separate_ن-۱۰_صورت‌های مالی سال مالی منتهی به ۱۳۹۴_۱۲_۲۹ (حسابرسی شده).xlsx,b163811a6c725367fcde87712fc63b73a113484187eb9f9564d2021ceb40bf95
دروز|1395,دروز,1395,MATCHED_SEPARATE_VALID,1,1,0,0,0,0,original,دروز.zip!دروز_۱۳۹۵_۱۲_۳۰_separate_ن-۱۰_صورت‌های مالی سال مالی منتهی به ۱۳۹۵_۱۲_۳۰ (حسابرسی شده).xlsx,6d4e22e90c53e7d291dd7b38c4161049f4a4e4765410e6de9e79d266ce416db5
دروز|1396,دروز,1396,MATCHED_SEPARATE_VALID,1,1,0,0,0,0,original,دروز.zip!دروز_۱۳۹۶_۱۲_۲۹_separate_ن-۱۰_صورت‌های مالی سال مالی منتهی به ۱۳۹۶_۱۲_۲۹ (حسابرسی شده).xlsx,e8a73b27491a16e02c956a2de1d8b527d7e0cdf52f7b9203059f2e003c13d185
دروز|1397,دروز,1397,MATCHED_SEPARATE_VALID,1,1,0,0,0,0,original,دروز.zip!دروز_۱۳۹۷_۱۲_۲۹_separate_ن-۱۰_صورت‌های مالی سال مالی منتهی به ۱۳۹۷_۱۲_۲۹ (حسابرسی شده).xlsx,5e2e38f5eaeeddad6669e360c6a6c3ad77845874b11f2f4869c560021ad02cf2
دروز|1398,دروز,1398,MATCHED_SEPARATE_VALID,1,1,0,0,0,0,original,دروز.zip!دروز_۱۳۹۸_۱۲_۲۹_separate_ن-۱۰_صورت‌های مالی سال مالی منتهی به ۱۳۹۸_۱۲_۲۹ (حسابرسی شده).xlsx,045e45842d69db496b168b14471a4d4457ee5c05cd7fe53d5f2ac49f6068166e
دروز|1399,دروز,1399,MATCHED_SEPARATE_VALID,1,1,0,0,0,0,original,دروز.zip!دروز_۱۳۹۹_۱۲_۳۰_separate_ن-۱۰_صورت‌های مالی سال مالی منتهی به ۱۳۹۹_۱۲_۳۰ (حسابرسی شده).xlsx,7f349419517cc809e293c6158f6e9c86a219937aa733b2a6a1b67a2abf60db88
دروز|1400,دروز,1400,MATCHED_SEPARATE_VALID,1,1,0,0,0,0,original,دروز.zip!دروز_۱۴۰۰_۱۲_۲۹_separate_ن-۱۰_صورت‌های مالی سال مالی منتهی به ۱۴۰۰_۱۲_۲۹ (حسابرسی شده).xlsx,e5e9f2e6c182b3aa7bbbf37b731d8a4d0578d5a227fb4eb1f06d6a2c152fc145
دروز|1401,دروز,1401,MATCHED_SEPARATE_VALID,1,1,0,0,0,0,original,دروز.zip!دروز_۱۴۰۱_۱۲_۲۹_separate_ن-۱۰_صورت‌های مالی سال مالی منتهی به ۱۴۰۱_۱۲_۲۹ (حسابرسی شده).xlsx,215b8fe509bb3f56bd93f5d436b4b91e423dc12862c3a6625b4da188e9c88116
دروز|1402,دروز,1402,MATCHED_SEPARATE_VALID,1,1,0,0,0,0,original,دروز.zip!دروز_۱۴۰۲_۱۲_۲۹_separate_ن-۱۰_صورت‌های مالی سال مالی منتهی به ۱۴۰۲_۱۲_۲۹ (حسابرسی شده).xlsx,4636b3ad875a4b3f05097d3c43997a8fd67dbfb63263c867828d0c8811a309cb
دشیمی|1393,دشیمی,1393,MATCHED_SEPARATE_CORRECTION_SELECTED,2,2,0,0,1,1,correction,دشيمي.zip!دشيمي_۱۳۹۳_۱۲_۲۹_separate_ن-۱۰_صورتهای مالی سال مالی منتهی به ۱۳۹۳_۱۲_۲۹ (حسابرسی شده)(اصلاحیه).xlsx,321c617d4c380d4e85ce3cef7361fe0f88b433aae37f2e24d011803d7aa80526
دشیمی|1394,دشیمی,1394,MATCHED_SEPARATE_VALID,1,1,0,0,0,0,original,دشيمي.zip!دشيمي_۱۳۹۴_۱۲_۲۹_separate_ن-۱۰_صورت‌های مالی سال مالی منتهی به ۱۳۹۴_۱۲_۲۹ (حسابرسی شده).xlsx,2a8beb30305a40c9a36b5a359ccbf8071560cf5461ef628a75e50f94e1e7706e
دشیمی|1395,دشیمی,1395,MATCHED_SEPARATE_VALID,1,1,0,0,0,0,original,دشيمي.zip!دشيمي_۱۳۹۵_۱۲_۳۰_separate_ن-۱۰_صورت‌های مالی سال مالی منتهی به ۱۳۹۵_۱۲_۳۰ (حسابرسی شده).xlsx,63ee207855c35855b93304aedd73d21d618bd953e285f1d543f133aaa71c7ed1
دشیمی|1396,دشیمی,1396,MATCHED_SEPARATE_VALID,1,1,0,0,0,0,original,دشيمي.zip!دشيمي_۱۳۹۶_۱۲_۲۹_separate_ن-۱۰_صورت‌های مالی سال مالی منتهی به ۱۳۹۶_۱۲_۲۹ (حسابرسی شده).xlsx,1f754526956944176e421c88e1be15627518c2cecbb6f523b2030e61fe4b4614
دشیمی|1397,دشیمی,1397,MATCHED_SEPARATE_VALID,1,1,0,0,0,0,original,دشيمي.zip!دشيمي_۱۳۹۷_۱۲_۲۹_separate_ن-۱۰_صورت‌های مالی سال مالی منتهی به ۱۳۹۷_۱۲_۲۹ (حسابرسی شده).xlsx,e94c29e76fe8e87a024f0072b6d040baa30a1d8362b46c79a705c5c3c25bea07
دشیمی|1398,دشیمی,1398,MATCHED_SEPARATE_VALID,1,1,0,0,0,0,original,دشيمي.zip!دشيمي_۱۳۹۸_۱۲_۲۹_separate_ن-۱۰_صورت‌های مالی سال مالی منتهی به ۱۳۹۸_۱۲_۲۹ (حسابرسی شده).xlsx,4b0279af93296f1baef7a84b00cf00af0cd9149849f200f41b653f4ed3c62d3a
دشیمی|1399,دشیمی,1399,MATCHED_SEPARATE_VALID,1,1,0,0,0,0,original,دشيمي.zip!دشيمي_۱۳۹۹_۱۲_۳۰_separate_ن-۱۰_صورت‌های مالی سال مالی منتهی به ۱۳۹۹_۱۲_۳۰ (حسابرسی شده).xlsx,41b73e8eaa565e33ae848efc9d79c2ca23ab431cdcb40351feae513278edc20a
دشیمی|1400,دشیمی,1400,MATCHED_SEPARATE_VALID,1,1,0,0,0,0,original,دشيمي.zip!دشيمي_۱۴۰۰_۱۲_۲۹_separate_ن-۱۰_صورت‌های مالی سال مالی منتهی به ۱۴۰۰_۱۲_۲۹ (حسابرسی شده).xlsx,15c554eb2ff36ca324361d3048be1beff598ef5e5685ac0996b6476cb43b9853
دشیمی|1401,دشیمی,1401,MATCHED_SEPARATE_VALID,1,1,0,0,0,0,original,دشيمي.zip!دشيمي_۱۴۰۱_۱۲_۲۹_separate_ن-۱۰_صورت‌های مالی سال مالی منتهی به ۱۴۰۱_۱۲_۲۹ (حسابرسی شده).xlsx,301dfc924f312b167224b381185d7b9b69954121311479535cb45d86d7ded5f1
دشیمی|1402,دشیمی,1402,MATCHED_SEPARATE_VALID,1,1,0,0,0,0,original,دشيمي.zip!دشيمي_۱۴۰۲_۱۲_۲۹_separate_ن-۱۰_صورت‌های مالی سال مالی منتهی به ۱۴۰۲_۱۲_۲۹ (حسابرسی شده).xlsx,86e2d3e413cd59ebcfaf89bc033ac4c230b2c884651fd1aeca6abbd46299a5ea
دسینا|1393,دسینا,1393,MATCHED_SEPARATE_CORRECTION_SELECTED,2,2,0,0,1,1,correction,دسينا.zip!دسينا_۱۳۹۳_۱۲_۲۹_separate_ن-۱۰_صورتهای مالی سال مالی منتهی به ۱۳۹۳_۱۲_۲۹ (حسابرسی شده)(اصلاحیه).xlsx,9dfef1fd7cfbc81034c6bde4c2302939c574b66a6fa71ebbc31aaf3e037dd57c
دسینا|1394,دسینا,1394,MATCHED_SEPARATE_VALID,1,1,0,0,0,0,original,دسينا.zip!دسينا_۱۳۹۴_۱۲_۲۹_separate_ن-۱۰_صورت‌های مالی سال مالی منتهی به ۱۳۹۴_۱۲_۲۹ (حسابرسی شده).xlsx,b5f96fbf68cb15e01498b6cb2f82c466ecdf60b4c79575e703ac53d8d4f25e08
دسینا|1395,دسینا,1395,MATCHED_SEPARATE_VALID,1,1,0,0,0,0,original,دسينا.zip!دسينا_۱۳۹۵_۱۲_۳۰_separate_ن-۱۰_صورت‌های مالی سال مالی منتهی به ۱۳۹۵_۱۲_۳۰ (حسابرسی شده).xlsx,f216da0b4885869c0f87daf69adcd72775cac4c56509ca23d636eacb6f82ebf6
دسینا|1396,دسینا,1396,MATCHED_SEPARATE_CORRECTION_SELECTED,2,2,0,0,1,1,correction,دسينا.zip!دسينا_۱۳۹۶_۱۲_۲۹_separate_ن-۱۰_صورت‌های مالی سال مالی منتهی به ۱۳۹۶_۱۲_۲۹ (حسابرسی شده)(اصلاحیه).xlsx,01ed360e5185a31a15c44d05902f391dc1832c4f7cd7ae1c9bc4a9af62964819
دسینا|1397,دسینا,1397,MATCHED_SEPARATE_VALID,1,1,0,0,0,0,original,دسينا.zip!دسينا_۱۳۹۷_۱۲_۲۹_separate_ن-۱۰_صورت‌های مالی سال مالی منتهی به ۱۳۹۷_۱۲_۲۹ (حسابرسی شده).xlsx,ed0e4e6369fe7b0cd91ab392390ab825a0dfe06f9019daf1bd6e0ac02f959940
دسینا|1398,دسینا,1398,ONLY_CONSOLIDATED_AVAILABLE,1,0,1,0,0,0,,,
دسینا|1399,دسینا,1399,MATCHED_SEPARATE_VALID,2,1,1,0,0,0,original,دسينا.zip!دسينا_۱۳۹۹_۱۲_۳۰_separate_ن-۱۰_صورت‌های مالی سال مالی منتهی به ۱۳۹۹_۱۲_۳۰ (حسابرسی شده).xlsx,37a66bc0bdf4ace22ca112c3a2cbd94b4e8b12aca428646a6838fc8c6562c292
دسینا|1400,دسینا,1400,ONLY_CONSOLIDATED_AVAILABLE,1,0,1,0,0,0,,,
دسینا|1401,دسینا,1401,ONLY_CONSOLIDATED_AVAILABLE,1,0,1,0,0,0,,,
دسینا|1402,دسینا,1402,ONLY_CONSOLIDATED_AVAILABLE,1,0,1,0,0,0,,,
دسبحا|1392,دسبحا,1392,MATCHED_SEPARATE_VALID,1,1,0,0,0,0,original,دسبحا.zip!دسبحا_۱۳۹۲_۱۲_۲۹_separate_ن-۱۰_صورتهای مالی سال مالی منتهی به ۱۳۹۲_۱۲_۲۹ (حسابرسی شده).xlsx,b10455d0affd9f56166681ce7797d93556f648fbdf69ff4b9535c19590da6391
دسبحا|1393,دسبحا,1393,MATCHED_SEPARATE_VALID,1,1,0,0,0,0,original,دسبحا.zip!دسبحا_۱۳۹۳_۱۲_۲۹_separate_ن-۱۰_صورتهای مالی سال مالی منتهی به ۱۳۹۳_۱۲_۲۹ (حسابرسی شده).xlsx,5e12e58328730d3adcbbf151d1218b2decc4293c08624f3cb2700cdf2e4bb2de
دسبحا|1394,دسبحا,1394,MATCHED_SEPARATE_VALID,1,1,0,0,0,0,original,دسبحا.zip!دسبحا_۱۳۹۴_۱۲_۲۹_separate_ن-۱۰_صورت‌های مالی سال مالی منتهی به ۱۳۹۴_۱۲_۲۹ (حسابرسی شده).xlsx,3f5df9da4df247da999d7dba56361ee9ed774b9910bc516b447cc62a2c4edebe
دسبحا|1395,دسبحا,1395,MATCHED_SEPARATE_VALID,1,1,0,0,0,0,original,دسبحا.zip!دسبحا_۱۳۹۵_۱۲_۳۰_separate_ن-۱۰_صورت‌های مالی سال مالی منتهی به ۱۳۹۵_۱۲_۳۰ (حسابرسی شده).xlsx,775df47ded921689b6f9d2d71b5a59b17580b21d56e7b33c0c6a69cb02259fd0
دسبحا|1396,دسبحا,1396,MATCHED_SEPARATE_VALID,1,1,0,0,0,0,original,دسبحا.zip!دسبحا_۱۳۹۶_۱۲_۲۹_separate_ن-۱۰_صورت‌های مالی سال مالی منتهی به ۱۳۹۶_۱۲_۲۹ (حسابرسی شده).xlsx,b7547729fd5241ad66970ca92450af1e06675e2b430291d5131b11c18591e7cb
دسبحا|1397,دسبحا,1397,MATCHED_SEPARATE_VALID,1,1,0,0,0,0,original,دسبحا.zip!دسبحا_۱۳۹۷_۱۲_۲۹_separate_ن-۱۰_صورت‌های مالی سال مالی منتهی به ۱۳۹۷_۱۲_۲۹ (حسابرسی شده).xlsx,175944b919f8d112068ecfb7674d7abf2eb47866acc8532f49f98cad6a9d3498
دسبحا|1398,دسبحا,1398,MATCHED_SEPARATE_VALID,1,1,0,0,0,0,original,دسبحا.zip!دسبحا_۱۳۹۸_۱۲_۲۹_separate_ن-۱۰_صورت‌های مالی سال مالی منتهی به ۱۳۹۸_۱۲_۲۹ (حسابرسی شده).xlsx,9683719eeee3fe0ce617fdcd7979bc10860a96d91034ab5b3fd764986b24959a
دسبحا|1399,دسبحا,1399,MATCHED_SEPARATE_VALID,1,1,0,0,0,0,original,دسبحا.zip!دسبحا_۱۳۹۹_۱۲_۳۰_separate_ن-۱۰_صورت‌های مالی سال مالی منتهی به ۱۳۹۹_۱۲_۳۰ (حسابرسی شده).xlsx,4543cb687ab87e7ee96adf23ea92655a7b8699e7ba199d1524f0704c4feeb830
دسبحا|1400,دسبحا,1400,MATCHED_SEPARATE_VALID,1,1,0,0,0,0,original,دسبحا.zip!دسبحا_۱۴۰۰_۱۲_۲۹_separate_ن-۱۰_صورت‌های مالی سال مالی منتهی به ۱۴۰۰_۱۲_۲۹ (حسابرسی شده).xlsx,1d0a3c78597bb3ecb47cb6a47ddbd15b9a412761a0d896f21b186440b2cc82f8
دسبحا|1401,دسبحا,1401,MATCHED_SEPARATE_VALID,1,1,0,0,0,0,original,دسبحا.zip!دسبحا_۱۴۰۱_۱۲_۲۹_separate_ن-۱۰_صورت‌های مالی سال مالی منتهی به ۱۴۰۱_۱۲_۲۹ (حسابرسی شده).xlsx,cee3b7d44ed465b156bb484861f21f52048eab609f617e48adaab4a7b974c7a2
دسبحا|1402,دسبحا,1402,MATCHED_SEPARATE_VALID,1,1,0,0,0,0,original,دسبحا.zip!دسبحا_۱۴۰۲_۱۲_۲۹_separate_ن-۱۰_صورت‌های مالی سال مالی منتهی به ۱۴۰۲_۱۲_۲۹ (حسابرسی شده).xlsx,56de97af6c3a66153396388aa8eb0fe08edbe44900269b3650215b5bb0dd4abd
فایرا|1393,فایرا,1393,MATCHED_SEPARATE_VALID,1,1,0,0,0,0,original,فايرا.zip!فايرا_۱۳۹۳_۱۲_۲۹_separate_ن-۱۰_صورتهای مالی سال مالی منتهی به ۱۳۹۳_۱۲_۲۹ (حسابرسی شده).xlsx,3b5d3677d62f86ef94c19d3f772bd6c62b7300a48f61de1a50dcceb8bb8d21ae
فایرا|1394,فایرا,1394,MATCHED_SEPARATE_VALID,1,1,0,0,0,0,original,فايرا.zip!فايرا_۱۳۹۴_۱۲_۲۹_separate_ن-۱۰_صورت‌های مالی سال مالی منتهی به ۱۳۹۴_۱۲_۲۹ (حسابرسی شده).xlsx,374166d6e153ee9fc644ee1d3a7fe3f88685afc38d1d6109a40e6ec3279a0a75
فایرا|1395,فایرا,1395,MATCHED_SEPARATE_VALID,1,1,0,0,0,0,original,فايرا.zip!فايرا_۱۳۹۵_۱۲_۳۰_separate_ن-۱۰_صورت‌های مالی سال مالی منتهی به ۱۳۹۵_۱۲_۳۰ (حسابرسی شده).xlsx,ca7c3649ff4465b6b189a829f4e3c0d3209b51ef60b686f1c602741d2ed3365a
فایرا|1396,فایرا,1396,MATCHED_SEPARATE_VALID,1,1,0,0,0,0,original,فايرا.zip!فايرا_۱۳۹۶_۱۲_۲۹_separate_ن-۱۰_صورت‌های مالی سال مالی منتهی به ۱۳۹۶_۱۲_۲۹ (حسابرسی شده).xlsx,8f9af56cc6fe897354a4cea58079d400e89347bf264d5d23e7fa37ac37425c50
فایرا|1397,فایرا,1397,MATCHED_SEPARATE_VALID,1,1,0,0,0,0,original,فايرا.zip!فايرا_۱۳۹۷_۱۲_۲۹_separate_ن-۱۰_صورت‌های مالی سال مالی منتهی به ۱۳۹۷_۱۲_۲۹ (حسابرسی شده).xlsx,59ca1907c067f1702f27fb712ed1e1b48ab6b9e6cce268e17cd0975b3bbee051
فایرا|1398,فایرا,1398,MATCHED_SEPARATE_VALID,1,1,0,0,0,0,original,فايرا.zip!فايرا_۱۳۹۸_۱۲_۲۹_separate_ن-۱۰_صورت‌های مالی سال مالی منتهی به ۱۳۹۸_۱۲_۲۹ (حسابرسی شده).xlsx,f79aec5ab21dccd846071bb1c06edca9820c8817e7a2fc7fac4c519329ce9148
فایرا|1399,فایرا,1399,ONLY_CONSOLIDATED_AVAILABLE,1,0,1,0,0,0,,,
فایرا|1400,فایرا,1400,ONLY_CONSOLIDATED_AVAILABLE,1,0,1,0,0,0,,,
فایرا|1401,فایرا,1401,ONLY_CONSOLIDATED_AVAILABLE,2,0,2,0,0,0,,,
فایرا|1402,فایرا,1402,ONLY_CONSOLIDATED_AVAILABLE,1,0,1,0,0,0,,,
فجر|1393,فجر,1393,MATCHED_SEPARATE_VALID,1,1,0,0,0,0,original,فجر.zip!فجر_۱۳۹۳_۱۲_۲۹_separate_ن-۱۰_صورتهای مالی سال مالی منتهی به ۱۳۹۳_۱۲_۲۹ (حسابرسی شده).xlsx,d6093338110ab76f255e51174c90dc1584b423e8cc4142fb0d5c91fc7ce20fe7
فجر|1394,فجر,1394,MATCHED_SEPARATE_VALID,1,1,0,0,0,0,original,فجر.zip!فجر_۱۳۹۴_۱۲_۲۹_separate_ن-۱۰_صورت‌های مالی سال مالی منتهی به ۱۳۹۴_۱۲_۲۹ (حسابرسی شده).xlsx,837055be5aedd92636e1b1cadc9fbf6e39cbdab131ce7ebcb34e3bba2a889d2d
فجر|1395,فجر,1395,MATCHED_SEPARATE_VALID,1,1,0,0,0,0,original,فجر.zip!فجر_۱۳۹۵_۱۲_۳۰_separate_ن-۱۰_صورت‌های مالی سال مالی منتهی به ۱۳۹۵_۱۲_۳۰ (حسابرسی شده).xlsx,f9b01901d290125b4223efbb2c6beb45df25a149d7816fbee731c4a63d35867b
فجر|1396,فجر,1396,MATCHED_SEPARATE_VALID,1,1,0,0,0,0,original,فجر.zip!فجر_۱۳۹۶_۱۲_۲۹_separate_ن-۱۰_صورت‌های مالی سال مالی منتهی به ۱۳۹۶_۱۲_۲۹ (حسابرسی شده).xlsx,8886f32b7cf71868565fd2a12dbe52f401ca9709745724c03088c79ab9a5cd5f
فجر|1397,فجر,1397,MATCHED_SEPARATE_VALID,1,1,0,0,0,0,original,فجر.zip!فجر_۱۳۹۷_۱۲_۲۹_separate_ن-۱۰_صورت‌های مالی سال مالی منتهی به ۱۳۹۷_۱۲_۲۹ (حسابرسی شده).xlsx,1fc9ae07da9dd93ffa578e7a735f8c5534545f85b5a8945145690e99dc68c493
فجر|1398,فجر,1398,MATCHED_SEPARATE_VALID,1,1,0,0,0,0,original,فجر.zip!فجر_۱۳۹۸_۱۲_۲۹_separate_ن-۱۰_صورت‌های مالی سال مالی منتهی به ۱۳۹۸_۱۲_۲۹ (حسابرسی شده).xlsx,331ec6178d952b9bc9be6bc05d4e1f691cac0db7631e7909ed79a6e00e4150f3
فجر|1399,فجر,1399,MATCHED_SEPARATE_VALID,1,1,0,0,0,0,original,فجر.zip!فجر_۱۳۹۹_۱۲_۳۰_separate_ن-۱۰_صورت‌های مالی سال مالی منتهی به ۱۳۹۹_۱۲_۳۰ (حسابرسی شده).xlsx,34bed9f68bef2bd7021208eff713c0e0d67b0a0b619a0408a39f0c3edda93091
فجر|1400,فجر,1400,MATCHED_SEPARATE_VALID,1,1,0,0,0,0,original,فجر.zip!فجر_۱۴۰۰_۱۲_۲۹_separate_ن-۱۰_صورت‌های مالی سال مالی منتهی به ۱۴۰۰_۱۲_۲۹ (حسابرسی شده).xlsx,983383b0f44686ddc5bbab358bb84ec83b773551c1b8f696d1c14eb7e06f9a82
فجر|1401,فجر,1401,MATCHED_SEPARATE_VALID,1,1,0,0,0,0,original,فجر.zip!فجر_۱۴۰۱_۱۲_۲۹_separate_ن-۱۰_صورت‌های مالی سال مالی منتهی به ۱۴۰۱_۱۲_۲۹ (حسابرسی شده).xlsx,bf5f8dc2dd4c05adebbaf40a0b67d8583338e93e01432b7f9c5c1af5f7a2e29d
فجر|1402,فجر,1402,MATCHED_SEPARATE_VALID,1,1,0,0,0,0,original,فجر.zip!فجر_۱۴۰۲_۱۲_۲۹_separate_ن-۱۰_صورت‌های مالی سال مالی منتهی به ۱۴۰۲_۱۲_۲۹ (حسابرسی شده).xlsx,6d0afa5dc69ebf8c1ef61f58e82c8507eb9e2c9e83e0cb1316d7001e07b32df0
فرآور|1393,فرآور,1393,MATCHED_SEPARATE_VALID,1,1,0,0,0,0,original,فرآور.zip!فرآور_۱۳۹۳_۱۲_۲۹_separate_ن-۱۰_صورتهای مالی سال مالی منتهی به ۱۳۹۳_۱۲_۲۹ (حسابرسی شده).xlsx,a1a70438ee6cf3b5a24d8ed3b7dcae442fb88a0fe6a32439b06c9d622f63bb0d
فرآور|1394,فرآور,1394,MATCHED_SEPARATE_VALID,1,1,0,0,0,0,original,فرآور.zip!فرآور_۱۳۹۴_۱۲_۲۹_separate_ن-۱۰_صورت‌های مالی سال مالی منتهی به ۱۳۹۴_۱۲_۲۹ (حسابرسی شده).xlsx,2c68c065c8beb2deb1d1c20d49825c0a50b0b9e18b26f01e1bc071ddd77ff146
فرآور|1395,فرآور,1395,MATCHED_SEPARATE_VALID,1,1,0,0,0,0,original,فرآور.zip!فرآور_۱۳۹۵_۱۲_۳۰_separate_ن-۱۰_صورت‌های مالی سال مالی منتهی به ۱۳۹۵_۱۲_۳۰ (حسابرسی شده).xlsx,0273ed68f095fccf4381a7ba4f04babf0daab5f1050259f4deb9429728cdc55a
فرآور|1396,فرآور,1396,MATCHED_SEPARATE_VALID,1,1,0,0,0,0,original,فرآور.zip!فرآور_۱۳۹۶_۱۲_۲۹_separate_ن-۱۰_صورت‌های مالی سال مالی منتهی به ۱۳۹۶_۱۲_۲۹ (حسابرسی شده).xlsx,f62d926971d746950dafca7841b6c87f36d59a484e5aee0648482ae48c020707
فرآور|1397,فرآور,1397,MATCHED_SEPARATE_VALID,1,1,0,0,0,0,original,فرآور.zip!فرآور_۱۳۹۷_۱۲_۲۹_separate_ن-۱۰_صورت‌های مالی سال مالی منتهی به ۱۳۹۷_۱۲_۲۹ (حسابرسی شده).xlsx,585ba207bad45a7e7d5a0595a945601b3e705e4ed0b81ab26b66f9880d60c3eb
فرآور|1398,فرآور,1398,MATCHED_SEPARATE_VALID,1,1,0,0,0,0,original,فرآور.zip!فرآور_۱۳۹۸_۱۲_۲۹_separate_ن-۱۰_صورت‌های مالی سال مالی منتهی به ۱۳۹۸_۱۲_۲۹ (حسابرسی شده).xlsx,d631ab9ca6e84a67a0bd56361b5fe9918cb81686825bd7d7f167eb8b917cf366
فرآور|1399,فرآور,1399,MATCHED_SEPARATE_VALID,1,1,0,0,0,0,original,فرآور.zip!فرآور_۱۳۹۹_۱۲_۳۰_separate_ن-۱۰_صورت‌های مالی سال مالی منتهی به ۱۳۹۹_۱۲_۳۰ (حسابرسی شده).xlsx,7513b77c50115983295943c0790d9ac21c8f327ba5651328321e70e46220cb33
فرآور|1400,فرآور,1400,MATCHED_SEPARATE_VALID,1,1,0,0,0,0,original,فرآور.zip!فرآور_۱۴۰۰_۱۲_۲۹_separate_ن-۱۰_صورت‌های مالی سال مالی منتهی به ۱۴۰۰_۱۲_۲۹ (حسابرسی شده).xlsx,d4d3e1f1dfb08e8013ef7bcf4f0d7538d48c4ea63cb19a10af9aff2a4cde928f
فرآور|1401,فرآور,1401,MATCHED_SEPARATE_CORRECTION_SELECTED,2,2,0,0,1,1,correction,فرآور.zip!فرآور_۱۴۰۱_۱۲_۲۹_separate_ن-۱۰_صورت‌های مالی سال مالی منتهی به ۱۴۰۱_۱۲_۲۹ (حسابرسی شده)(اصلاحیه).xlsx,8d3f3be64c7fdec096ec5b892938a3b2890d87095107a0fe8e2812440f704a95
فرآور|1402,فرآور,1402,MATCHED_SEPARATE_VALID,1,1,0,0,0,0,original,فرآور.zip!فرآور_۱۴۰۲_۱۲_۲۹_separate_ن-۱۰_صورت‌های مالی سال مالی منتهی به ۱۴۰۲_۱۲_۲۹ (حسابرسی شده).xlsx,cf1f0b8822ed7f38805dc13a30169b1bc03cd211fc18aaf0fc29222051580a76
فارس|1393,فارس,1393,MATCHED_SEPARATE_VALID,1,1,0,0,0,0,original,فارس.zip!فارس_۱۳۹۳_۰۳_۳۱_separate_ن-۱۰_صورتهای مالی سال مالی منتهی به ۱۳۹۳_۰۳_۳۱ (حسابرسی شده).xlsx,30c2fbe53b036d5052e0f2e7b74fcd9da8c68d8a1440ecad3fb655a6a7f78ffc
فارس|1394,فارس,1394,MATCHED_SEPARATE_VALID,1,1,0,0,0,0,original,فارس.zip!فارس_۱۳۹۴_۰۳_۳۱_separate_ن-۱۰_صورت‌های مالی سال مالی منتهی به ۱۳۹۴_۰۳_۳۱ (حسابرسی شده).xlsx,1ea51f7afce6da81e4fbd4b6e76f7823bc21c9cf2cf43b25601da41dca95fbf4
فارس|1395,فارس,1395,MATCHED_SEPARATE_VALID,1,1,0,0,0,0,original,فارس.zip!فارس_۱۳۹۵_۰۳_۳۱_separate_ن-۱۰_صورت‌های مالی سال مالی منتهی به ۱۳۹۵_۰۳_۳۱ (حسابرسی شده).xlsx,fae84c933c7a185d8999e15266f6e04af5af8dd1e2a695389db244e5ef9e3d65
فارس|1396,فارس,1396,MATCHED_SEPARATE_VALID,1,1,0,0,0,0,original,فارس.zip!فارس_۱۳۹۶_۰۳_۳۱_separate_ن-۱۰_صورت‌های مالی سال مالی منتهی به ۱۳۹۶_۰۳_۳۱ (حسابرسی شده).xlsx,2e6591bf05d05fd022c28b18609fd74119f92773d9f4adc857ad4d85e3b0537a
فارس|1397,فارس,1397,MATCHED_SEPARATE_VALID,1,1,0,0,0,0,original,فارس.zip!فارس_۱۳۹۷_۰۳_۳۱_separate_ن-۱۰_صورت‌های مالی سال مالی منتهی به ۱۳۹۷_۰۳_۳۱ (حسابرسی شده).xlsx,e8e9ddc32d088aeb0cf6ec830d1cfa1fd7b58c86c2efa5dc2a805e7514ce7956
فارس|1398,فارس,1398,MATCHED_SEPARATE_VALID,1,1,0,0,0,0,original,فارس.zip!فارس_۱۳۹۸_۰۳_۳۱_separate_ن-۱۰_صورت‌های مالی سال مالی منتهی به ۱۳۹۸_۰۳_۳۱ (حسابرسی شده).xlsx,d6332c008b80a80a813333b60ac5fec8d12822a25c425b3b24892b4fbfefbdcf
فارس|1399,فارس,1399,MATCHED_SEPARATE_CORRECTION_SELECTED,2,2,0,0,1,1,correction,فارس.zip!فارس_۱۳۹۹_۰۳_۳۱_separate_ن-۱۰_صورت‌های مالی سال مالی منتهی به ۱۳۹۹_۰۳_۳۱ (حسابرسی شده)(اصلاحیه).xlsx,2910c491672f98165d88b6102b348ca041f1a0477447a871838849f596770ba5
فارس|1400,فارس,1400,MATCHED_SEPARATE_VALID,1,1,0,0,0,0,original,فارس.zip!فارس_۱۴۰۰_۰۳_۳۱_separate_ن-۱۰_صورت‌های مالی سال مالی منتهی به ۱۴۰۰_۰۳_۳۱ (حسابرسی شده).xlsx,ad6f73e7b1193d5f640fda646bec351b292e97e8deece67f4691689e76856624
فارس|1401,فارس,1401,MATCHED_SEPARATE_VALID,1,1,0,0,0,0,original,فارس.zip!فارس_۱۴۰۱_۰۳_۳۱_separate_ن-۱۰_صورت‌های مالی سال مالی منتهی به ۱۴۰۱_۰۳_۳۱ (حسابرسی شده).xlsx,25e740a944b766b46e3c41873ec6f76111f68beb26c91cd2410f5bb1866e960c
فارس|1402,فارس,1402,MATCHED_SEPARATE_VALID,1,1,0,0,0,0,original,فارس.zip!فارس_۱۴۰۲_۰۳_۳۱_separate_ن-۱۰_صورت‌های مالی سال مالی منتهی به ۱۴۰۲_۰۳_۳۱ (حسابرسی شده).xlsx,2e78e0b5f13e54e5894980eca4109588763c1ddf0b2c1ce66ffbf974ab3099c8
فاذر|1393,فاذر,1393,MATCHED_SEPARATE_VALID,1,1,0,0,0,0,original,فاذر.zip!فاذر_۱۳۹۳_۱۲_۲۹_separate_ن-۱۰_صورتهای مالی سال مالی منتهی به ۱۳۹۳_۱۲_۲۹ (حسابرسی شده).xlsx,c5ca74cee03939a274687c6dd4725b7cf7ccff130bd3fa3ff4c62c82ac27649e
فاذر|1394,فاذر,1394,ONLY_CONSOLIDATED_AVAILABLE,1,0,1,0,0,0,,,
فاذر|1395,فاذر,1395,ONLY_CONSOLIDATED_AVAILABLE,1,0,1,0,0,0,,,
فاذر|1396,فاذر,1396,ONLY_CONSOLIDATED_AVAILABLE,1,0,1,0,0,0,,,
فاذر|1397,فاذر,1397,ONLY_CONSOLIDATED_AVAILABLE,1,0,1,0,0,0,,,
فاذر|1398,فاذر,1398,ONLY_CONSOLIDATED_AVAILABLE,1,0,1,0,0,0,,,
فاذر|1399,فاذر,1399,ONLY_CONSOLIDATED_AVAILABLE,1,0,1,0,0,0,,,
فاذر|1400,فاذر,1400,ONLY_CONSOLIDATED_AVAILABLE,2,0,2,0,0,0,,,
فاذر|1401,فاذر,1401,ONLY_CONSOLIDATED_AVAILABLE,2,0,2,0,0,0,,,
فاذر|1402,فاذر,1402,ONLY_CONSOLIDATED_AVAILABLE,1,0,1,0,0,0,,,
فباهنر|1393,فباهنر,1393,MATCHED_SEPARATE_VALID,1,1,0,0,0,0,original,فباهنر.zip!فباهنر_۱۳۹۳_۱۲_۲۹_separate_ن-۱۰_صورتهای مالی سال مالی منتهی به ۱۳۹۳_۱۲_۲۹ (حسابرسی شده).xlsx,934b99d37230636ac7e1ec28b2485eceb86ec0dd859755ba56027cfd4667bdad
فباهنر|1394,فباهنر,1394,MATCHED_SEPARATE_CORRECTION_SELECTED,2,2,0,0,1,1,correction,فباهنر.zip!فباهنر_۱۳۹۴_۱۲_۲۹_separate_ن-۱۰_صورت‌های مالی سال مالی منتهی به ۱۳۹۴_۱۲_۲۹ (حسابرسی شده)(اصلاحیه).xlsx,b04ffa6c862c37bd4745f8cb4e81f1e61b50589ad46acecf006617452aa815cb
فباهنر|1395,فباهنر,1395,MATCHED_SEPARATE_VALID,1,1,0,0,0,0,original,فباهنر.zip!فباهنر_۱۳۹۵_۱۲_۳۰_separate_ن-۱۰_صورت‌های مالی سال مالی منتهی به ۱۳۹۵_۱۲_۳۰ (حسابرسی شده).xlsx,04f43a7a3527d7bdbf567cdd1df9df099ff3a95f64830f0680ec773a23ebbb59
فباهنر|1396,فباهنر,1396,MATCHED_SEPARATE_VALID,1,1,0,0,0,0,original,فباهنر.zip!فباهنر_۱۳۹۶_۱۲_۲۹_separate_ن-۱۰_صورت‌های مالی سال مالی منتهی به ۱۳۹۶_۱۲_۲۹ (حسابرسی شده).xlsx,83d29c2118a644d05345824ab76b39eab0630649bdd713d560dccfe052216b5d
فباهنر|1397,فباهنر,1397,MATCHED_SEPARATE_VALID,1,1,0,0,0,0,original,فباهنر.zip!فباهنر_۱۳۹۷_۱۲_۲۹_separate_ن-۱۰_صورت‌های مالی سال مالی منتهی به ۱۳۹۷_۱۲_۲۹ (حسابرسی شده).xlsx,66c996f2b6d128c6599148fe2dad38bac45ee8f04218535bed2a44bee00efed5
فباهنر|1398,فباهنر,1398,MATCHED_SEPARATE_VALID,1,1,0,0,0,0,original,فباهنر.zip!فباهنر_۱۳۹۸_۱۲_۲۹_separate_ن-۱۰_صورت‌های مالی سال مالی منتهی به ۱۳۹۸_۱۲_۲۹ (حسابرسی شده).xlsx,3cfc5926de99be4a65aeac85deb39742f75d0103d69b3d4edd49d6e36d07080b
فباهنر|1399,فباهنر,1399,MATCHED_SEPARATE_VALID,1,1,0,0,0,0,original,فباهنر.zip!فباهنر_۱۳۹۹_۱۲_۳۰_separate_ن-۱۰_صورت‌های مالی سال مالی منتهی به ۱۳۹۹_۱۲_۳۰ (حسابرسی شده).xlsx,1718d85005842a70cc5dda5e0ee198d24fb0d6c5914fabb8989c402b65c290e9
فباهنر|1400,فباهنر,1400,MATCHED_SEPARATE_VALID,1,1,0,0,0,0,original,فباهنر.zip!فباهنر_۱۴۰۰_۱۲_۲۹_separate_ن-۱۰_صورت‌های مالی سال مالی منتهی به ۱۴۰۰_۱۲_۲۹ (حسابرسی شده).xlsx,cfb6baa73fd8d68d95093012c044073f90f1aeb829dfc15227866f2dd4b9419f
فباهنر|1401,فباهنر,1401,MATCHED_SEPARATE_VALID,1,1,0,0,0,0,original,فباهنر.zip!فباهنر_۱۴۰۱_۱۲_۲۹_separate_ن-۱۰_صورت‌های مالی سال مالی منتهی به ۱۴۰۱_۱۲_۲۹ (حسابرسی شده).xlsx,7877ad793d3c4d3e27e9a189dbf12671f6febdca56e5dc6be58b0684272de301
فباهنر|1402,فباهنر,1402,MATCHED_SEPARATE_VALID,1,1,0,0,0,0,original,فباهنر.zip!فباهنر_۱۴۰۲_۱۲_۲۹_separate_ن-۱۰_صورت‌های مالی سال مالی منتهی به ۱۴۰۲_۱۲_۲۹ (حسابرسی شده).xlsx,576800d7e4dcc5f7315bdf7318545ad3397cc8997b8f78523e8bd2d402a69bdc
فسپا|1393,فسپا,1393,MATCHED_SEPARATE_VALID,1,1,0,0,0,0,original,فسپا.zip!فسپا_۱۳۹۳_۱۲_۲۹_separate_ن-۱۰_صورتهای مالی سال مالی منتهی به ۱۳۹۳_۱۲_۲۹ (حسابرسی شده).xlsx,86177a2ebed9866a4bfdf76c7e8864501d7d390c7a7d736ccec160a237d673ea
فسپا|1394,فسپا,1394,MATCHED_SEPARATE_VALID,1,1,0,0,0,0,original,فسپا.zip!فسپا_۱۳۹۴_۱۲_۲۹_separate_ن-۱۰_صورت‌های مالی سال مالی منتهی به ۱۳۹۴_۱۲_۲۹ (حسابرسی شده).xlsx,a6abc60ca648abfcb5f79dc23c5612c25b575614e9617e81ef0d1d281403dac8
فسپا|1395,فسپا,1395,MATCHED_SEPARATE_VALID,1,1,0,0,0,0,original,فسپا.zip!فسپا_۱۳۹۵_۱۲_۳۰_separate_ن-۱۰_صورت‌های مالی سال مالی منتهی به ۱۳۹۵_۱۲_۳۰ (حسابرسی شده).xlsx,b564134608c636a0fd8be342fcf62832c4d2e5cd8a4a01aca0f78b96b779f50f
فسپا|1396,فسپا,1396,MATCHED_SEPARATE_CORRECTION_SELECTED,2,2,0,0,1,1,correction,فسپا.zip!فسپا_۱۳۹۶_۱۲_۲۹_separate_ن-۱۰_صورت‌های مالی سال مالی منتهی به ۱۳۹۶_۱۲_۲۹ (حسابرسی شده)(اصلاحیه).xlsx,c836ccdf0adfc21267cf6549e7b510e25d595ff217d8f0a703aee58bc8995549
فسپا|1397,فسپا,1397,MATCHED_SEPARATE_VALID,1,1,0,0,0,0,original,فسپا.zip!فسپا_۱۳۹۷_۱۲_۲۹_separate_ن-۱۰_صورت‌های مالی سال مالی منتهی به ۱۳۹۷_۱۲_۲۹ (حسابرسی شده).xlsx,6974ea3aebce583bec20f0984f6f967f70d93e8b7fd986c77a44b29df278af67
فسپا|1398,فسپا,1398,ONLY_CONSOLIDATED_AVAILABLE,1,0,1,0,0,0,,,
فسپا|1399,فسپا,1399,ONLY_CONSOLIDATED_AVAILABLE,1,0,1,0,0,0,,,
فسپا|1400,فسپا,1400,ONLY_CONSOLIDATED_AVAILABLE,1,0,1,0,0,0,,,
فسپا|1401,فسپا,1401,ONLY_CONSOLIDATED_AVAILABLE,1,0,1,0,0,0,,,
فسپا|1402,فسپا,1402,ONLY_CONSOLIDATED_AVAILABLE,1,0,1,0,0,0,,,
فجام|1393,فجام,1393,MATCHED_SEPARATE_VALID,1,1,0,0,0,0,original,فجام.zip!فجام_۱۳۹۳_۱۲_۲۹_separate_ن-۱۰_صورتهای مالی سال مالی منتهی به ۱۳۹۳_۱۲_۲۹ (حسابرسی شده).xlsx,9285657c8304c3e376afda02298d0ec777c35148ce942f5c7e38fbaeeb8f0460
فجام|1394,فجام,1394,MATCHED_SEPARATE_VALID,1,1,0,0,0,0,original,فجام.zip!فجام_۱۳۹۴_۱۲_۲۹_separate_ن-۱۰_صورت‌های مالی سال مالی منتهی به ۱۳۹۴_۱۲_۲۹ (حسابرسی شده).xlsx,90f10997bdb80c22fa0cb82b6885a7df4dc036ea6d3648cbc63b00e950bbea26
فجام|1395,فجام,1395,MATCHED_SEPARATE_VALID,1,1,0,0,0,0,original,فجام.zip!فجام_۱۳۹۵_۱۲_۳۰_separate_ن-۱۰_صورت‌های مالی سال مالی منتهی به ۱۳۹۵_۱۲_۳۰ (حسابرسی شده).xlsx,e80982dbde1aa0f94d92d4e2420e82c9c9892e8880499d190f7c8a18ae57e554
فجام|1396,فجام,1396,MATCHED_SEPARATE_VALID,1,1,0,0,0,0,original,فجام.zip!فجام_۱۳۹۶_۱۲_۲۹_separate_ن-۱۰_صورت‌های مالی سال مالی منتهی به ۱۳۹۶_۱۲_۲۹ (حسابرسی شده).xlsx,feedfd15c49d9968062f6281b220c82fc081ffe5e46f606f91ed7f88cf0eee3e
فجام|1397,فجام,1397,MATCHED_SEPARATE_VALID,1,1,0,0,0,0,original,فجام.zip!فجام_۱۳۹۷_۱۲_۲۹_separate_ن-۱۰_صورت‌های مالی سال مالی منتهی به ۱۳۹۷_۱۲_۲۹ (حسابرسی شده).xlsx,1b0e065bc14ff2ed7f44b0baf6e3baf8a5e9ae16e88ed00ea71ad58a22703eed
فجام|1398,فجام,1398,MATCHED_SEPARATE_VALID,1,1,0,0,0,0,original,فجام.zip!فجام_۱۳۹۸_۱۲_۲۹_separate_ن-۱۰_صورت‌های مالی سال مالی منتهی به ۱۳۹۸_۱۲_۲۹ (حسابرسی شده).xlsx,0310a98d55c8c9cd027af5d5fc5d22fe61ea43caf2517e8f9f61d6c89f3d5446
فجام|1399,فجام,1399,MATCHED_SEPARATE_VALID,1,1,0,0,0,0,original,فجام.zip!فجام_۱۳۹۹_۱۲_۳۰_separate_ن-۱۰_صورت‌های مالی سال مالی منتهی به ۱۳۹۹_۱۲_۳۰ (حسابرسی شده).xlsx,8b1a29a4967938946011e06ba06838fb3b1cff8abb62a497f66d137e23960335
فجام|1400,فجام,1400,MATCHED_SEPARATE_VALID,1,1,0,0,0,0,original,فجام.zip!فجام_۱۴۰۰_۱۲_۲۹_separate_ن-۱۰_صورت‌های مالی سال مالی منتهی به ۱۴۰۰_۱۲_۲۹ (حسابرسی شده).xlsx,96dcff6bddc91dbf312eff0c6de0bb2f9643a48f6b90498728ff630f6f8b2b6e
فجام|1401,فجام,1401,MATCHED_SEPARATE_VALID,1,1,0,0,0,0,original,فجام.zip!فجام_۱۴۰۱_۱۲_۲۹_separate_ن-۱۰_صورت‌های مالی سال مالی منتهی به ۱۴۰۱_۱۲_۲۹ (حسابرسی شده).xlsx,8ea95bb77ae7da480bf6e59be5df501938246dc67529bda01ddfdaf3ba689745
فجام|1402,فجام,1402,MATCHED_SEPARATE_VALID,1,1,0,0,0,0,original,فجام.zip!فجام_۱۴۰۲_۱۲_۲۹_separate_ن-۱۰_صورت‌های مالی سال مالی منتهی به ۱۴۰۲_۱۲_۲۹ (حسابرسی شده).xlsx,c5b1ba7e56e1b658345d4057344f737f509ef78562c978de1ac315e22b4bcce8
فخوز|1393,فخوز,1393,MATCHED_SEPARATE_VALID,1,1,0,0,0,0,original,فخوز.zip!فخوز_۱۳۹۳_۱۲_۲۹_separate_ن-۱۰_صورتهای مالی سال مالی منتهی به ۱۳۹۳_۱۲_۲۹ (حسابرسی شده).xlsx,0e80f07cfc6e649976e65515cd5b2e1e018a6a08743169e81892ccb4884c5968
فخوز|1394,فخوز,1394,ONLY_CONSOLIDATED_AVAILABLE,1,0,1,0,0,0,,,
فخوز|1395,فخوز,1395,ONLY_CONSOLIDATED_AVAILABLE,1,0,1,0,0,0,,,
فخوز|1396,فخوز,1396,ONLY_CONSOLIDATED_AVAILABLE,1,0,1,0,0,0,,,
فخوز|1397,فخوز,1397,ONLY_CONSOLIDATED_AVAILABLE,1,0,1,0,0,0,,,
فخوز|1398,فخوز,1398,ONLY_CONSOLIDATED_AVAILABLE,1,0,1,0,0,0,,,
فخوز|1399,فخوز,1399,ONLY_CONSOLIDATED_AVAILABLE,1,0,1,0,0,0,,,
فخوز|1400,فخوز,1400,ONLY_CONSOLIDATED_AVAILABLE,1,0,1,0,0,0,,,
فخوز|1401,فخوز,1401,ONLY_CONSOLIDATED_AVAILABLE,1,0,1,0,0,0,,,
فخوز|1402,فخوز,1402,ONLY_CONSOLIDATED_AVAILABLE,1,0,1,0,0,0,,,
فملی|1393,فملی,1393,MATCHED_SEPARATE_VALID,1,1,0,0,0,0,original,فملي.zip!فملي_۱۳۹۳_۱۲_۲۹_separate_ن-۱۰_صورتهای مالی سال مالی منتهی به ۱۳۹۳_۱۲_۲۹ (حسابرسی شده).xlsx,71d2ff7443f54a0b86a964225672bde43028851a825459a3685f0ecbf1a38236
فملی|1394,فملی,1394,ONLY_CONSOLIDATED_AVAILABLE,1,0,1,0,0,0,,,
فملی|1395,فملی,1395,ONLY_CONSOLIDATED_AVAILABLE,1,0,1,0,0,0,,,
فملی|1396,فملی,1396,ONLY_CONSOLIDATED_AVAILABLE,1,0,1,0,0,0,,,
فملی|1397,فملی,1397,ONLY_CONSOLIDATED_AVAILABLE,1,0,1,0,0,0,,,
فملی|1398,فملی,1398,ONLY_CONSOLIDATED_AVAILABLE,1,0,1,0,0,0,,,
فملی|1399,فملی,1399,ONLY_CONSOLIDATED_AVAILABLE,2,0,2,0,0,0,,,
فملی|1400,فملی,1400,ONLY_CONSOLIDATED_AVAILABLE,2,0,2,0,0,0,,,
فملی|1401,فملی,1401,ONLY_CONSOLIDATED_AVAILABLE,1,0,1,0,0,0,,,
فملی|1402,فملی,1402,ONLY_CONSOLIDATED_AVAILABLE,1,0,1,0,0,0,,,
غسالم|1392,غسالم,1392,MATCHED_SEPARATE_VALID,1,1,0,0,0,0,original,غسالم.zip!غسالم_۱۳۹۲_۱۲_۲۹_separate_ن-۱۰_صورتهای مالی سال مالی منتهی به ۱۳۹۲_۱۲_۲۹ (حسابرسی شده).xlsx,5cd6cce1bccc8949eb294d1e8b0415ada1842e77fde42c869e90b8f695a86dde
غسالم|1393,غسالم,1393,MATCHED_SEPARATE_VALID,1,1,0,0,0,0,original,غسالم.zip!غسالم_۱۳۹۳_۱۲_۲۹_separate_ن-۱۰_صورتهای مالی سال مالی منتهی به ۱۳۹۳_۱۲_۲۹ (حسابرسی شده).xlsx,077f69c5401ad1c49b332a9ea122e14c069d69516ae099641c3606c3b3515f9a
غسالم|1394,غسالم,1394,MATCHED_SEPARATE_VALID,1,1,0,0,0,0,original,غسالم.zip!غسالم_۱۳۹۴_۱۲_۲۹_separate_ن-۱۰_صورت‌های مالی سال مالی منتهی به ۱۳۹۴_۱۲_۲۹ (حسابرسی شده).xlsx,6c3b8c55f95abd4068e16ede5e92a1e85dea0caada58370289e2a5c9ac71b09a
غسالم|1395,غسالم,1395,MATCHED_SEPARATE_VALID,1,1,0,0,0,0,original,غسالم.zip!غسالم_۱۳۹۵_۱۲_۳۰_separate_ن-۱۰_صورت‌های مالی سال مالی منتهی به ۱۳۹۵_۱۲_۳۰ (حسابرسی شده).xlsx,37af7d89828f2862146c8f1efe9ef4cd8a78e65e6b5552ecd0c92c34bd89e0f7
غسالم|1396,غسالم,1396,MATCHED_SEPARATE_CORRECTION_SELECTED,2,2,0,0,1,1,correction,غسالم.zip!غسالم_۱۳۹۶_۱۲_۲۹_separate_ن-۱۰_صورت‌های مالی سال مالی منتهی به ۱۳۹۶_۱۲_۲۹ (حسابرسی شده)(اصلاحیه).xlsx,de8d10f780e18c573cef15167f807bcc9edcd3adc20287d993cefc6b1b5831a7
غسالم|1397,غسالم,1397,MATCHED_SEPARATE_VALID,1,1,0,0,0,0,original,غسالم.zip!غسالم_۱۳۹۷_۱۲_۲۹_separate_ن-۱۰_صورت‌های مالی سال مالی منتهی به ۱۳۹۷_۱۲_۲۹ (حسابرسی شده).xlsx,6d36cfbff90081fd8da720deb49365909e5156150e4f71fa459f121c8d878244
غسالم|1398,غسالم,1398,MATCHED_SEPARATE_VALID,1,1,0,0,0,0,original,غسالم.zip!غسالم_۱۳۹۸_۱۲_۲۹_separate_ن-۱۰_صورت‌های مالی سال مالی منتهی به ۱۳۹۸_۱۲_۲۹ (حسابرسی شده).xlsx,fe3dce6fa15aa30c86477c65de31ee58423e23838152d197630a3365a93bdda6
غسالم|1399,غسالم,1399,MATCHED_SEPARATE_VALID,1,1,0,0,0,0,original,غسالم.zip!غسالم_۱۳۹۹_۱۲_۳۰_separate_ن-۱۰_صورت‌های مالی سال مالی منتهی به ۱۳۹۹_۱۲_۳۰ (حسابرسی شده).xlsx,178dc68283f8792661151aaab9736d4390287fd84efca8e7cd3256dfe5eb6a3f
غسالم|1400,غسالم,1400,MATCHED_SEPARATE_VALID,1,1,0,0,0,0,original,غسالم.zip!غسالم_۱۴۰۰_۱۲_۲۹_separate_ن-۱۰_صورت‌های مالی سال مالی منتهی به ۱۴۰۰_۱۲_۲۹ (حسابرسی شده).xlsx,4d39fced859172799cdde30141ab0d1c5fe9a53231e81c40f466e0b5f2c17323
غسالم|1401,غسالم,1401,MATCHED_SEPARATE_VALID,1,1,0,0,0,0,original,غسالم.zip!غسالم_۱۴۰۱_۱۲_۲۹_separate_ن-۱۰_صورت‌های مالی سال مالی منتهی به ۱۴۰۱_۱۲_۲۹ (حسابرسی شده).xlsx,9598e822469b497b2f61ecbb3f65d97a75a0e4e2f5c5ead27cba7c43c9f394cf
غسالم|1402,غسالم,1402,MATCHED_SEPARATE_VALID,1,1,0,0,0,0,original,غسالم.zip!غسالم_۱۴۰۲_۱۲_۲۹_separate_ن-۱۰_صورت‌های مالی سال مالی منتهی به ۱۴۰۲_۱۲_۲۹ (حسابرسی شده).xlsx,4f32c3018753d40941a9b33b80714527a4180581d9b6b17a6d1c93a282aeab27
فمراد|1393,فمراد,1393,MATCHED_SEPARATE_VALID,1,1,0,0,0,0,original,فمراد.zip!فمراد_۱۳۹۳_۱۲_۲۹_separate_ن-۱۰_صورتهای مالی سال مالی منتهی به ۱۳۹۳_۱۲_۲۹ (حسابرسی شده).xlsx,ab098c379ab22fafb19b88201b874c9b38002e1efee76c1dd5ca8ee21797c2a4
فمراد|1394,فمراد,1394,MATCHED_SEPARATE_VALID,1,1,0,0,0,0,original,فمراد.zip!فمراد_۱۳۹۴_۱۲_۲۹_separate_ن-۱۰_صورت‌های مالی سال مالی منتهی به ۱۳۹۴_۱۲_۲۹ (حسابرسی شده).xlsx,a2006e0db5102f43f260091cf9e8d8b0cf20b9376d62588c081285a1ebff25f1
فمراد|1395,فمراد,1395,MATCHED_SEPARATE_VALID,1,1,0,0,0,0,original,فمراد.zip!فمراد_۱۳۹۵_۱۲_۳۰_separate_ن-۱۰_صورت‌های مالی سال مالی منتهی به ۱۳۹۵_۱۲_۳۰ (حسابرسی شده).xlsx,f4959f988c2a149e794cc8ef2c4c047f70bc4c9dde1bc269e58717a2fff86d8b
فمراد|1396,فمراد,1396,MATCHED_SEPARATE_VALID,1,1,0,0,0,0,original,فمراد.zip!فمراد_۱۳۹۶_۱۲_۲۹_separate_ن-۱۰_صورت‌های مالی سال مالی منتهی به ۱۳۹۶_۱۲_۲۹ (حسابرسی شده).xlsx,f175f323f4d34e77073d417038b967893d8d81d5ff1666a42c9a5e0251259f42
فمراد|1397,فمراد,1397,MATCHED_SEPARATE_VALID,1,1,0,0,0,0,original,فمراد.zip!فمراد_۱۳۹۷_۱۲_۲۹_separate_ن-۱۰_صورت‌های مالی سال مالی منتهی به ۱۳۹۷_۱۲_۲۹ (حسابرسی شده).xlsx,b9b72d3f5ea65c64fa8d1c734371ce57528ade136de2ef7a1b27bb9f6912cf28
فمراد|1398,فمراد,1398,MATCHED_SEPARATE_VALID,1,1,0,0,0,0,original,فمراد.zip!فمراد_۱۳۹۸_۱۲_۲۹_separate_ن-۱۰_صورت‌های مالی سال مالی منتهی به ۱۳۹۸_۱۲_۲۹ (حسابرسی شده).xlsx,1a824c63c2bed161f4b3718cb0f2c04c0773528b5e6314f4aa95bf786edae023
فمراد|1399,فمراد,1399,MATCHED_SEPARATE_CORRECTION_SELECTED,2,2,0,0,1,1,correction,فمراد.zip!فمراد_۱۳۹۹_۱۲_۳۰_separate_ن-۱۰_صورت‌های مالی سال مالی منتهی به ۱۳۹۹_۱۲_۳۰ (حسابرسی شده)(اصلاحیه).xlsx,1e37819ad307e43c26ce0686829080a23b36167d6efe3dfa60d5abd5acd9650c
فمراد|1400,فمراد,1400,MATCHED_SEPARATE_VALID,1,1,0,0,0,0,original,فمراد.zip!فمراد_۱۴۰۰_۱۲_۲۹_separate_ن-۱۰_صورت‌های مالی سال مالی منتهی به ۱۴۰۰_۱۲_۲۹ (حسابرسی شده).xlsx,f799a93158436540878474db1d3a691b19ecfd1eaac96e423863131c682af250
فمراد|1401,فمراد,1401,MATCHED_SEPARATE_VALID,1,1,0,0,0,0,original,فمراد.zip!فمراد_۱۴۰۱_۱۲_۲۹_separate_ن-۱۰_صورت‌های مالی سال مالی منتهی به ۱۴۰۱_۱۲_۲۹ (حسابرسی شده).xlsx,d2801c2ff2c04c69651a9da46dc43c2d7c25aa2dd5aadcc8eb0ecf4472f0e899
فمراد|1402,فمراد,1402,NO_ARCHIVE_MATCH,0,0,0,0,0,0,,,
فنورد|1393,فنورد,1393,MATCHED_SEPARATE_VALID,1,1,0,0,0,0,original,فنورد.zip!فنورد_۱۳۹۳_۱۲_۲۹_separate_ن-۱۰_صورتهای مالی سال مالی منتهی به ۱۳۹۳_۱۲_۲۹ (حسابرسی شده).xlsx,8f4aaf7100e5bf86f7f63710b6e3b3fd3f64ae1d227945e6286f8e21c974d9c0
فنورد|1394,فنورد,1394,MATCHED_SEPARATE_VALID,1,1,0,0,0,0,original,فنورد.zip!فنورد_۱۳۹۴_۱۲_۲۹_separate_ن-۱۰_صورت‌های مالی سال مالی منتهی به ۱۳۹۴_۱۲_۲۹ (حسابرسی شده).xlsx,ad1d5d795da6bc58358369f0bf24baa6f505e9c3d605aa2f20c951c4567b18a9
فنورد|1395,فنورد,1395,MATCHED_SEPARATE_VALID,1,1,0,0,0,0,original,فنورد.zip!فنورد_۱۳۹۵_۱۲_۳۰_separate_ن-۱۰_صورت‌های مالی سال مالی منتهی به ۱۳۹۵_۱۲_۳۰ (حسابرسی شده).xlsx,0dd7a090c236c182af7aff6137ce3dc5326037ffd158a4ead20c088fc1b4d696
فنورد|1396,فنورد,1396,MATCHED_SEPARATE_VALID,1,1,0,0,0,0,original,فنورد.zip!فنورد_۱۳۹۶_۱۲_۲۹_separate_ن-۱۰_صورت‌های مالی سال مالی منتهی به ۱۳۹۶_۱۲_۲۹ (حسابرسی شده).xlsx,803f558e94c953e63dd2a6aff8e51074826fc6e399f3475c5f701ae2ce6a7592
فنورد|1397,فنورد,1397,MATCHED_SEPARATE_VALID,1,1,0,0,0,0,original,فنورد.zip!فنورد_۱۳۹۷_۱۲_۲۹_separate_ن-۱۰_صورت‌های مالی سال مالی منتهی به ۱۳۹۷_۱۲_۲۹ (حسابرسی شده).xlsx,24f430a4f6a76ead2d31997eec534257c6f6e75a5c73683c5fd3af1628f29a77
فنورد|1398,فنورد,1398,MATCHED_SEPARATE_VALID,1,1,0,0,0,0,original,فنورد.zip!فنورد_۱۳۹۸_۱۲_۲۹_separate_ن-۱۰_صورت‌های مالی سال مالی منتهی به ۱۳۹۸_۱۲_۲۹ (حسابرسی شده).xlsx,dd9debf2fb09918bfb27de6c4aa45daeb081bfb6ef8b998da0f2e3a2b47249f3
فنورد|1399,فنورد,1399,MATCHED_SEPARATE_VALID,1,1,0,0,0,0,original,فنورد.zip!فنورد_۱۳۹۹_۱۲_۳۰_separate_ن-۱۰_صورت‌های مالی سال مالی منتهی به ۱۳۹۹_۱۲_۳۰ (حسابرسی شده).xlsx,d08d0de236abce39d410994658704fbc61b5f00f22a3415847d5000bff3da5b0
فنورد|1400,فنورد,1400,MATCHED_SEPARATE_CORRECTION_REJECTED_ORIGINAL_RETAINED,2,2,0,0,1,0,original,فنورد.zip!فنورد_۱۴۰۰_۱۲_۲۹_separate_ن-۱۰_صورت‌های مالی سال مالی منتهی به ۱۴۰۰_۱۲_۲۹ (حسابرسی شده).xlsx,d2dd81c6ad20e61e489889efbda57507c72e02913905c0cc32087bd2f3703ce3
فنورد|1401,فنورد,1401,MATCHED_SEPARATE_VALID,1,1,0,0,0,0,original,فنورد.zip!فنورد_۱۴۰۱_۱۲_۲۹_separate_ن-۱۰_صورت‌های مالی سال مالی منتهی به ۱۴۰۱_۱۲_۲۹ (حسابرسی شده).xlsx,5e59e43871b8d54a15e1c0aaee66385bb6a2d853df55c96f7ef673c5f6c860ed
فنورد|1402,فنورد,1402,MATCHED_SEPARATE_VALID,1,1,0,0,0,0,original,فنورد.zip!فنورد_۱۴۰۲_۱۲_۲۹_separate_ن-۱۰_صورت‌های مالی سال مالی منتهی به ۱۴۰۲_۱۲_۲۹ (حسابرسی شده).xlsx,6079892eccdfe5fff52a72bb0b935d258ce177baebac8643fd93feae6ff1cb29
فسرب|1393,فسرب,1393,MATCHED_SEPARATE_VALID,1,1,0,0,0,0,original,فسرب.zip!فسرب_۱۳۹۳_۱۲_۲۹_separate_ن-۱۰_صورتهای مالی سال مالی منتهی به ۱۳۹۳_۱۲_۲۹ (حسابرسی شده).xlsx,e40c6e0ee6aae7d89eb6d972c090e2a137ce8c30c0af4558d7e694453532dfa5
فسرب|1394,فسرب,1394,MATCHED_SEPARATE_VALID,1,1,0,0,0,0,original,فسرب.zip!فسرب_۱۳۹۴_۱۲_۲۹_separate_ن-۱۰_صورت‌های مالی سال مالی منتهی به ۱۳۹۴_۱۲_۲۹ (حسابرسی شده).xlsx,d547f75dd6c0adb5151588511fe24caea54f51280195298d139daabc29dbf46c
فسرب|1395,فسرب,1395,MATCHED_SEPARATE_VALID,1,1,0,0,0,0,original,فسرب.zip!فسرب_۱۳۹۵_۱۲_۳۰_separate_ن-۱۰_صورت‌های مالی سال مالی منتهی به ۱۳۹۵_۱۲_۳۰ (حسابرسی شده).xlsx,de327de4a7e8954e2bb1ca6a9ee5d110a5a8491365bc912c3b4bc8f8ee1ac33b
فسرب|1396,فسرب,1396,MATCHED_SEPARATE_VALID,1,1,0,0,0,0,original,فسرب.zip!فسرب_۱۳۹۶_۱۲_۲۹_separate_ن-۱۰_صورت‌های مالی سال مالی منتهی به ۱۳۹۶_۱۲_۲۹ (حسابرسی شده).xlsx,d33a5bc4ea9833e91b957357a860cb3ae060a63068f28ec9bac1625c4e7874ad
فسرب|1397,فسرب,1397,MATCHED_SEPARATE_VALID,1,1,0,0,0,0,original,فسرب.zip!فسرب_۱۳۹۷_۱۲_۲۹_separate_ن-۱۰_صورت‌های مالی سال مالی منتهی به ۱۳۹۷_۱۲_۲۹ (حسابرسی شده).xlsx,aa31ca2407e4e0e76dd72097c2be241c7579fa27d70ef89b3e4dd33cf9ea85d7
فسرب|1398,فسرب,1398,MATCHED_SEPARATE_VALID,1,1,0,0,0,0,original,فسرب.zip!فسرب_۱۳۹۸_۱۲_۲۹_separate_ن-۱۰_صورت‌های مالی سال مالی منتهی به ۱۳۹۸_۱۲_۲۹ (حسابرسی شده).xlsx,91bb879bbc135acad9abd0d6783193bc9ebe61c0bc34a57516122f8289f46fc6
فسرب|1399,فسرب,1399,MATCHED_SEPARATE_VALID,1,1,0,0,0,0,original,فسرب.zip!فسرب_۱۳۹۹_۱۲_۳۰_separate_ن-۱۰_صورت‌های مالی سال مالی منتهی به ۱۳۹۹_۱۲_۳۰ (حسابرسی شده).xlsx,fb55a95d74e0c4cb04696d5c1c1d6c21adfb12f836fdd4894d67a670c49e9491
فسرب|1400,فسرب,1400,MATCHED_SEPARATE_VALID,1,1,0,0,0,0,original,فسرب.zip!فسرب_۱۴۰۰_۱۲_۲۹_separate_ن-۱۰_صورت‌های مالی سال مالی منتهی به ۱۴۰۰_۱۲_۲۹ (حسابرسی شده).xlsx,55bab721fcf3cd81380efef8f71df339e05e2cbb30a51ddaec18d4005364c917
فسرب|1401,فسرب,1401,MATCHED_SEPARATE_CORRECTION_SELECTED,2,2,0,0,1,1,correction,فسرب.zip!فسرب_۱۴۰۱_۱۲_۲۹_separate_ن-۱۰_صورت‌های مالی سال مالی منتهی به ۱۴۰۱_۱۲_۲۹ (حسابرسی شده)(اصلاحیه).xlsx,0fc6b257adb5832246b108044b07ca9d78db212a9fa2eb914b93623cc23d4dc7
فسرب|1402,فسرب,1402,MATCHED_SEPARATE_VALID,1,1,0,0,0,0,original,فسرب.zip!فسرب_۱۴۰۲_۱۲_۲۹_separate_ن-۱۰_صورت‌های مالی سال مالی منتهی به ۱۴۰۲_۱۲_۲۹ (حسابرسی شده).xlsx,d97db22d3a9b8c2c1a6f7e592f8b98637e70a9e121547227238a8840c60dab0c
فپنتا|1393,فپنتا,1393,MATCHED_SEPARATE_VALID,1,1,0,0,0,0,original,فپنتا.zip!فپنتا_۱۳۹۳_۱۲_۲۹_separate_ن-۱۰_صورتهای مالی سال مالی منتهی به ۱۳۹۳_۱۲_۲۹ (حسابرسی شده).xlsx,9619ed12a3a313e87fd70a6be11a79526d341cf17c63c8c1956fcd74f2dbba51
فپنتا|1394,فپنتا,1394,MATCHED_SEPARATE_VALID,1,1,0,0,0,0,original,فپنتا.zip!فپنتا_۱۳۹۴_۱۲_۲۹_separate_ن-۱۰_صورت‌های مالی سال مالی منتهی به ۱۳۹۴_۱۲_۲۹ (حسابرسی شده).xlsx,a6207f28209a969b52ee781056fe51a64a69c23eba347efdc944606d543cfabe
فپنتا|1395,فپنتا,1395,ONLY_CONSOLIDATED_AVAILABLE,1,0,1,0,0,0,,,
فپنتا|1396,فپنتا,1396,ONLY_CONSOLIDATED_AVAILABLE,1,0,1,0,0,0,,,
فپنتا|1397,فپنتا,1397,ONLY_CONSOLIDATED_AVAILABLE,1,0,1,0,0,0,,,
فپنتا|1398,فپنتا,1398,ONLY_CONSOLIDATED_AVAILABLE,2,0,2,0,0,0,,,
فپنتا|1399,فپنتا,1399,ONLY_CONSOLIDATED_AVAILABLE,1,0,1,0,0,0,,,
فپنتا|1400,فپنتا,1400,ONLY_CONSOLIDATED_AVAILABLE,1,0,1,0,0,0,,,
فپنتا|1401,فپنتا,1401,NO_ARCHIVE_MATCH,0,0,0,0,0,0,,,
فپنتا|1402,فپنتا,1402,ONLY_CONSOLIDATED_AVAILABLE,1,0,1,0,0,0,,,
فولاژ|1393,فولاژ,1393,MATCHED_SEPARATE_VALID,1,1,0,0,0,0,original,فولاژ.zip!فولاژ_۱۳۹۳_۱۲_۲۹_separate_ن-۱۰_صورتهای مالی سال مالی منتهی به ۱۳۹۳_۱۲_۲۹ (حسابرسی شده).xlsx,940e364a6c04f88e6696e3e3b184ba2993d6320682f0cb85a749ca74763d9eb8
فولاژ|1394,فولاژ,1394,MATCHED_SEPARATE_VALID,1,1,0,0,0,0,original,فولاژ.zip!فولاژ_۱۳۹۴_۱۲_۲۹_separate_ن-۱۰_صورت‌های مالی سال مالی منتهی به ۱۳۹۴_۱۲_۲۹ (حسابرسی شده).xlsx,696fde5c9314b4eefdbccfc48527153726c0b4525e5406a6b588355a194651b5
فولاژ|1395,فولاژ,1395,MATCHED_SEPARATE_VALID,1,1,0,0,0,0,original,فولاژ.zip!فولاژ_۱۳۹۵_۱۲_۳۰_separate_ن-۱۰_صورت‌های مالی سال مالی منتهی به ۱۳۹۵_۱۲_۳۰ (حسابرسی شده).xlsx,5c6f213e05e45741b359038bc6e1bc9937c1380b6a60c2acd643228ff57bfa3e
فولاژ|1396,فولاژ,1396,ONLY_CONSOLIDATED_AVAILABLE,1,0,1,0,0,0,,,
فولاژ|1397,فولاژ,1397,ONLY_CONSOLIDATED_AVAILABLE,1,0,1,0,0,0,,,
فولاژ|1398,فولاژ,1398,ONLY_CONSOLIDATED_AVAILABLE,1,0,1,0,0,0,,,
فولاژ|1399,فولاژ,1399,ONLY_CONSOLIDATED_AVAILABLE,2,0,2,0,0,0,,,
فولاژ|1400,فولاژ,1400,ONLY_CONSOLIDATED_AVAILABLE,1,0,1,0,0,0,,,
فولاژ|1401,فولاژ,1401,ONLY_CONSOLIDATED_AVAILABLE,1,0,1,0,0,0,,,
فولاژ|1402,فولاژ,1402,ONLY_CONSOLIDATED_AVAILABLE,1,0,1,0,0,0,,,
غبهنوش|1392,غبهنوش,1392,MATCHED_SEPARATE_VALID,1,1,0,0,0,0,original,غبهنوش.zip!غبهنوش_۱۳۹۲_۱۲_۲۹_separate_ن-۱۰_صورتهای مالی سال مالی منتهی به ۱۳۹۲_۱۲_۲۹ (حسابرسی شده).xlsx,27d7c6004096a85af41d5c4efd0cd0f179f8ce0e5b2157a96f69247e9b96e675
غبهنوش|1393,غبهنوش,1393,MATCHED_SEPARATE_VALID,1,1,0,0,0,0,original,غبهنوش.zip!غبهنوش_۱۳۹۳_۱۲_۲۹_separate_ن-۱۰_صورتهای مالی سال مالی منتهی به ۱۳۹۳_۱۲_۲۹ (حسابرسی شده).xlsx,6f66e04e0bd87495de77775b3e14125e6be08f87e9d54196f4a3ed8409754dd1
غبهنوش|1394,غبهنوش,1394,MATCHED_SEPARATE_VALID,1,1,0,0,0,0,original,غبهنوش.zip!غبهنوش_۱۳۹۴_۱۲_۲۹_separate_ن-۱۰_صورت‌های مالی سال مالی منتهی به ۱۳۹۴_۱۲_۲۹ (حسابرسی شده).xlsx,d773f709ea8abe768cef513364e54db22d5b3d3e2167eb38c2799a0d08391209
غبهنوش|1395,غبهنوش,1395,MATCHED_SEPARATE_VALID,1,1,0,0,0,0,original,غبهنوش.zip!غبهنوش_۱۳۹۵_۱۲_۳۰_separate_ن-۱۰_صورت‌های مالی سال مالی منتهی به ۱۳۹۵_۱۲_۳۰ (حسابرسی شده).xlsx,4e9e39c679a15320006747aa0d3cb943fb5b9f91d4853cd92c595ead47393652
غبهنوش|1396,غبهنوش,1396,MATCHED_SEPARATE_VALID,1,1,0,0,0,0,original,غبهنوش.zip!غبهنوش_۱۳۹۶_۱۲_۲۹_separate_ن-۱۰_صورت‌های مالی سال مالی منتهی به ۱۳۹۶_۱۲_۲۹ (حسابرسی شده).xlsx,bac3657cd8d791f246768c24dd55cf37ba766d995109f0813e3224ab903b0315
غبهنوش|1397,غبهنوش,1397,MATCHED_SEPARATE_VALID,1,1,0,0,0,0,original,غبهنوش.zip!غبهنوش_۱۳۹۷_۱۲_۲۹_separate_ن-۱۰_صورت‌های مالی سال مالی منتهی به ۱۳۹۷_۱۲_۲۹ (حسابرسی شده).xlsx,057c4ec0779d329f5a08552e421ad0d23fd74cf1cd7f3a07653cd92aea224c8b
غبهنوش|1398,غبهنوش,1398,MATCHED_SEPARATE_VALID,1,1,0,0,0,0,original,غبهنوش.zip!غبهنوش_۱۳۹۸_۱۲_۲۹_separate_ن-۱۰_صورت‌های مالی سال مالی منتهی به ۱۳۹۸_۱۲_۲۹ (حسابرسی شده).xlsx,88094e784f504e21d05bccad6a3bd3bf84acf96f0a3b68867945f89d4bb1d3ab
غبهنوش|1399,غبهنوش,1399,MATCHED_SEPARATE_VALID,1,1,0,0,0,0,original,غبهنوش.zip!غبهنوش_۱۳۹۹_۱۲_۳۰_separate_ن-۱۰_صورت‌های مالی سال مالی منتهی به ۱۳۹۹_۱۲_۳۰ (حسابرسی شده).xlsx,f060bb59180755cd61d1c1220556a6d3993141d0cb2a476822763231e75c65b7
غبهنوش|1400,غبهنوش,1400,MATCHED_SEPARATE_VALID,1,1,0,0,0,0,original,غبهنوش.zip!غبهنوش_۱۴۰۰_۱۲_۲۹_separate_ن-۱۰_صورت‌های مالی سال مالی منتهی به ۱۴۰۰_۱۲_۲۹ (حسابرسی شده).xlsx,68be24274ea88e743ed3cdd53971da8aff68e76769366099a3708f372669d478
غبهنوش|1401,غبهنوش,1401,MATCHED_SEPARATE_VALID,1,1,0,0,0,0,original,غبهنوش.zip!غبهنوش_۱۴۰۱_۱۲_۲۹_separate_ن-۱۰_صورت‌های مالی سال مالی منتهی به ۱۴۰۱_۱۲_۲۹ (حسابرسی شده).xlsx,59dc2108bf73a4694d6c87d5a19b7f1719502c16791ddc74cad01c9a7660432d
غبهنوش|1402,غبهنوش,1402,MATCHED_SEPARATE_VALID,1,1,0,0,0,0,original,غبهنوش.zip!غبهنوش_۱۴۰۲_۱۲_۲۹_separate_ن-۱۰_صورت‌های مالی سال مالی منتهی به ۱۴۰۲_۱۲_۲۹ (حسابرسی شده).xlsx,c0c0e44a6539722a7f72acc9ea43b36af5b1c3624c0152776344721f52f54745
غدام|1392,غدام,1392,MATCHED_SEPARATE_VALID,1,1,0,0,0,0,original,غدام.zip!غدام_۱۳۹۲_۰۹_۳۰_separate_ن-۱۰_صورتهای مالی سال مالی منتهی به ۱۳۹۲_۰۹_۳۰ (حسابرسی شده).xlsx,7a25076fbb5dc36e57dc61b24284473c6a6e0e0d645ea082ee8f3ddb4a071502
غدام|1393,غدام,1393,MATCHED_SEPARATE_VALID,1,1,0,0,0,0,original,غدام.zip!غدام_۱۳۹۳_۰۹_۳۰_separate_ن-۱۰_صورتهای مالی سال مالی منتهی به ۱۳۹۳_۰۹_۳۰ (حسابرسی شده).xlsx,e0a762e188d131dc2c4fba03cf923dfe6b1f2ae3fc375f63b365cbbccbf40ec5
غدام|1394,غدام,1394,MATCHED_SEPARATE_VALID,1,1,0,0,0,0,original,غدام.zip!غدام_۱۳۹۴_۰۹_۳۰_separate_ن-۱۰_صورت‌های مالی سال مالی منتهی به ۱۳۹۴_۰۹_۳۰ (حسابرسی شده).xlsx,ed44eaf14a7cd14bf83a49e976f02f103d5303ccd066bd04f4d1cb708dc8e96f
غدام|1395,غدام,1395,MATCHED_SEPARATE_VALID,1,1,0,0,0,0,original,غدام.zip!غدام_۱۳۹۵_۰۹_۳۰_separate_ن-۱۰_صورت‌های مالی سال مالی منتهی به ۱۳۹۵_۰۹_۳۰ (حسابرسی شده).xlsx,ecbc74b667c5dbfabf75084f7326ace9c360e80811b7ff80ed1554df9a2beb1d
غدام|1396,غدام,1396,MATCHED_SEPARATE_VALID,1,1,0,0,0,0,original,غدام.zip!غدام_۱۳۹۶_۰۹_۳۰_separate_ن-۱۰_صورت‌های مالی سال مالی منتهی به ۱۳۹۶_۰۹_۳۰ (حسابرسی شده).xlsx,d35fda6af2bcb694299ff820d94a9bdd1692627efb6eaffe9d3f1f7f7955b4b1
غدام|1397,غدام,1397,MATCHED_SEPARATE_VALID,1,1,0,0,0,0,original,غدام.zip!غدام_۱۳۹۷_۰۹_۳۰_separate_ن-۱۰_صورت‌های مالی سال مالی منتهی به ۱۳۹۷_۰۹_۳۰ (حسابرسی شده).xlsx,1eef7b7418962f3eeab9bcb7ec79af28be11501233286f3f3ea7296b48bd1c8d
غدام|1398,غدام,1398,MATCHED_SEPARATE_VALID,1,1,0,0,0,0,original,غدام.zip!غدام_۱۳۹۸_۰۹_۳۰_separate_ن-۱۰_صورت‌های مالی سال مالی منتهی به ۱۳۹۸_۰۹_۳۰ (حسابرسی شده).xlsx,640797e6bd48302f795a261dd0ba675cd4b8625d902e33180fa1c4e73fcc01d1
غدام|1399,غدام,1399,MATCHED_SEPARATE_VALID,1,1,0,0,0,0,original,غدام.zip!غدام_۱۳۹۹_۰۹_۳۰_separate_ن-۱۰_صورت‌های مالی سال مالی منتهی به ۱۳۹۹_۰۹_۳۰ (حسابرسی شده).xlsx,f6d955be332e8b5ffefcc3d4ba6e13cbee9070c6018e9275c31e2ada86a28b5c
غدام|1400,غدام,1400,MATCHED_SEPARATE_VALID,1,1,0,0,0,0,original,غدام.zip!غدام_۱۴۰۰_۰۹_۳۰_separate_ن-۱۰_صورت‌های مالی سال مالی منتهی به ۱۴۰۰_۰۹_۳۰ (حسابرسی شده).xlsx,de66c8c50688d3b648263d0d1778fa3d2da438953d3e4f3feaddfd9c4a3e5022
غدام|1401,غدام,1401,MATCHED_SEPARATE_VALID,1,1,0,0,0,0,original,غدام.zip!غدام_۱۴۰۱_۰۹_۳۰_separate_ن-۱۰_صورت‌های مالی سال مالی منتهی به ۱۴۰۱_۰۹_۳۰ (حسابرسی شده).xlsx,de4daf191959aca579751b0741a4abc38d986c81a727291bcccee60f87b9db99
غدام|1402,غدام,1402,MATCHED_SEPARATE_VALID,1,1,0,0,0,0,original,غدام.zip!غدام_۱۴۰۲_۰۹_۳۰_separate_ن-۱۰_صورت‌های مالی سال مالی منتهی به ۱۴۰۲_۰۹_۳۰ (حسابرسی شده).xlsx,276a866aa91b5469d12093e2f74d6a4012aece7701c73dc1f123993c9ddbbc32
غگل|1392,غگل,1392,MATCHED_SEPARATE_CORRECTION_SELECTED,2,2,0,0,1,1,correction,غگل.zip!غگل_۱۳۹۲_۰۶_۳۱_separate_ن-۱۰_صورتهای مالی سال مالی منتهی به ۱۳۹۲_۰۶_۳۱ (حسابرسی شده)(اصلاحیه).xlsx,2bcd2d1dbdeeecdabf0821060ce84d73897948f749d348f35d90a7175cf8449c
غگل|1393,غگل,1393,MATCHED_SEPARATE_VALID,1,1,0,0,0,0,original,غگل.zip!غگل_۱۳۹۳_۰۶_۳۱_separate_ن-۱۰_صورتهای مالی سال مالی منتهی به ۱۳۹۳_۰۶_۳۱ (حسابرسی شده).xlsx,787927cc33f8b1f6f26da292db01dab93f918c2c6f03276279aa6e9ea79591d6
غگل|1394,غگل,1394,MATCHED_SEPARATE_VALID,1,1,0,0,0,0,original,غگل.zip!غگل_۱۳۹۴_۰۶_۳۱_separate_ن-۱۰_صورت‌های مالی سال مالی منتهی به ۱۳۹۴_۰۶_۳۱ (حسابرسی شده).xlsx,2bb3e378a14b81bb9cbd2873f7cb347a3c4a2fcf0d65fcc50e730f2a8a41da2c
غگل|1395,غگل,1395,MATCHED_SEPARATE_VALID,1,1,0,0,0,0,original,غگل.zip!غگل_۱۳۹۵_۰۶_۳۱_separate_ن-۱۰_صورت‌های مالی سال مالی منتهی به ۱۳۹۵_۰۶_۳۱ (حسابرسی شده).xlsx,48106fee113a7229f750d4e9acc97516151788fd43293f3926a3640a6f7cc601
غگل|1396,غگل,1396,MATCHED_SEPARATE_VALID,1,1,0,0,0,0,original,غگل.zip!غگل_۱۳۹۶_۰۶_۳۱_separate_ن-۱۰_صورت‌های مالی سال مالی منتهی به ۱۳۹۶_۰۶_۳۱ (حسابرسی شده).xlsx,7be9e5198b2ccb56f7a0ca762507d64bbc83fe9e860acec91a81e86f5a41ffce
غگل|1397,غگل,1397,MATCHED_SEPARATE_VALID,1,1,0,0,0,0,original,غگل.zip!غگل_۱۳۹۷_۰۶_۳۱_separate_ن-۱۰_صورت‌های مالی سال مالی منتهی به ۱۳۹۷_۰۶_۳۱ (حسابرسی شده).xlsx,f39920c76ce047c47bf74ce7aa4c02ba07a89d87fd36ae5707ea09a8621618c3
غگل|1398,غگل,1398,MATCHED_SEPARATE_VALID,1,1,0,0,0,0,original,غگل.zip!غگل_۱۳۹۸_۰۶_۳۱_separate_ن-۱۰_صورت‌های مالی سال مالی منتهی به ۱۳۹۸_۰۶_۳۱ (حسابرسی شده).xlsx,a215afaae31c900d47116cd7cd7906a3ae132fd93e0d317c06f91075d8128617
غگل|1399,غگل,1399,MATCHED_SEPARATE_VALID,1,1,0,0,0,0,original,غگل.zip!غگل_۱۳۹۹_۰۶_۳۱_separate_ن-۱۰_صورت‌های مالی سال مالی منتهی به ۱۳۹۹_۰۶_۳۱ (حسابرسی شده).xlsx,a52defca045d6c0b80efbb4e9883038e526b8192b249fe449d92cc0bb99b2c33
غگل|1400,غگل,1400,MATCHED_SEPARATE_VALID,1,1,0,0,0,0,original,غگل.zip!غگل_۱۴۰۰_۰۶_۳۱_separate_ن-۱۰_صورت‌های مالی سال مالی منتهی به ۱۴۰۰_۰۶_۳۱ (حسابرسی شده).xlsx,923aac5273e81685b387d0c64811ea3b716fe285fb3966d9b384c80c88878b51
غگل|1401,غگل,1401,MATCHED_SEPARATE_VALID,1,1,0,0,0,0,original,غگل.zip!غگل_۱۴۰۱_۰۶_۳۱_separate_ن-۱۰_صورت‌های مالی سال مالی منتهی به ۱۴۰۱_۰۶_۳۱ (حسابرسی شده).xlsx,6a85c87bbd99fd9db6d5b1827c8ff92b0edbf6309b4df01fed9e0717ce7bacce
غگل|1402,غگل,1402,ONLY_CONSOLIDATED_AVAILABLE,1,0,1,0,0,0,,,
غنوش|1392,غنوش,1392,MATCHED_SEPARATE_VALID,1,1,0,0,0,0,original,غنوش.zip!غنوش_۱۳۹۲_۱۲_۲۹_separate_ن-۱۰_صورتهای مالی سال مالی منتهی به ۱۳۹۲_۱۲_۲۹ (حسابرسی شده).xlsx,16e0c415e10a3d4b0e6f9c5a39c207e87c30aa1aee0ae2281c445f72df77154e
غنوش|1393,غنوش,1393,MATCHED_SEPARATE_CORRECTION_SELECTED,2,2,0,0,1,1,correction,غنوش.zip!غنوش_۱۳۹۳_۱۲_۲۹_separate_ن-۱۰_صورتهای مالی سال مالی منتهی به ۱۳۹۳_۱۲_۲۹ (حسابرسی شده)(اصلاحیه).xlsx,ae59402867c32f3116067ecd6aca02bb53014fadfa1f2aa615eb491d85aad5de
غنوش|1394,غنوش,1394,ONLY_CONSOLIDATED_AVAILABLE,1,0,1,0,0,0,,,
غنوش|1395,غنوش,1395,ONLY_CONSOLIDATED_AVAILABLE,1,0,1,0,0,0,,,
غنوش|1396,غنوش,1396,ONLY_CONSOLIDATED_AVAILABLE,1,0,1,0,0,0,,,
غنوش|1397,غنوش,1397,ONLY_CONSOLIDATED_AVAILABLE,1,0,1,0,0,0,,,
غنوش|1398,غنوش,1398,ONLY_CONSOLIDATED_AVAILABLE,1,0,1,0,0,0,,,
غنوش|1399,غنوش,1399,ONLY_CONSOLIDATED_AVAILABLE,1,0,1,0,0,0,,,
غنوش|1400,غنوش,1400,ONLY_CONSOLIDATED_AVAILABLE,1,0,1,0,0,0,,,
غنوش|1401,غنوش,1401,ONLY_CONSOLIDATED_AVAILABLE,2,0,2,0,0,0,,,
غنوش|1402,غنوش,1402,ONLY_CONSOLIDATED_AVAILABLE,1,0,1,0,0,0,,,
کفرا|1392,کفرا,1392,MATCHED_SEPARATE_VALID,1,1,0,0,0,0,original,كفرا.zip!كفرا_۱۳۹۲_۱۲_۲۹_separate_ن-۱۰_صورتهای مالی سال مالی منتهی به ۱۳۹۲_۱۲_۲۹ (حسابرسی شده).xlsx,3228c5497eaadb95022781df3ab35ff501bbb806a51e2a73dddcb77e1bb22209
کفرا|1393,کفرا,1393,MATCHED_SEPARATE_VALID,1,1,0,0,0,0,original,كفرا.zip!كفرا_۱۳۹۳_۱۲_۲۹_separate_ن-۱۰_صورتهای مالی سال مالی منتهی به ۱۳۹۳_۱۲_۲۹ (حسابرسی شده).xlsx,1b5766598c59bbf93d440a6926531fe2f10876a27ca17d840b4ba091b09cf2db
کفرا|1394,کفرا,1394,MATCHED_SEPARATE_VALID,1,1,0,0,0,0,original,كفرا.zip!كفرا_۱۳۹۴_۱۲_۲۹_separate_ن-۱۰_صورت‌های مالی سال مالی منتهی به ۱۳۹۴_۱۲_۲۹ (حسابرسی شده).xlsx,70f725abf3c31e728ae5683c73fd6eba7d43af4343d961005658e77872e229c4
کفرا|1395,کفرا,1395,MATCHED_SEPARATE_VALID,1,1,0,0,0,0,original,كفرا.zip!كفرا_۱۳۹۵_۱۲_۳۰_separate_ن-۱۰_صورت‌های مالی سال مالی منتهی به ۱۳۹۵_۱۲_۳۰ (حسابرسی شده).xlsx,05729a8c2b53bf554150dcae6a8103c14c5bfeca4573de1f0c40e1e67463d49c
کفرا|1396,کفرا,1396,MATCHED_SEPARATE_VALID,1,1,0,0,0,0,original,كفرا.zip!كفرا_۱۳۹۶_۱۲_۲۹_separate_ن-۱۰_صورت‌های مالی سال مالی منتهی به ۱۳۹۶_۱۲_۲۹ (حسابرسی شده).xlsx,380d285d1701ce45c6f81ac11444afa795e478cf85fd4d4be20223b1d26b2732
کفرا|1397,کفرا,1397,MATCHED_SEPARATE_VALID,1,1,0,0,0,0,original,كفرا.zip!كفرا_۱۳۹۷_۱۲_۲۹_separate_ن-۱۰_صورت‌های مالی سال مالی منتهی به ۱۳۹۷_۱۲_۲۹ (حسابرسی شده).xlsx,da2dca109f06cb9bde3c326eb8966691c0e6456da8e3c6602d9dd84e181cdcee
کفرا|1398,کفرا,1398,MATCHED_SEPARATE_VALID,1,1,0,0,0,0,original,كفرا.zip!كفرا_۱۳۹۸_۱۲_۲۹_separate_ن-۱۰_صورت‌های مالی سال مالی منتهی به ۱۳۹۸_۱۲_۲۹ (حسابرسی شده).xlsx,6aa7ff40b7e4032cb5d61adea893c19279a6a27e308ebef39858b564f625658c
کفرا|1399,کفرا,1399,MATCHED_SEPARATE_CORRECTION_SELECTED,2,2,0,0,1,1,correction,كفرا.zip!كفرا_۱۳۹۹_۱۲_۳۰_separate_ن-۱۰_صورت‌های مالی سال مالی منتهی به ۱۳۹۹_۱۲_۳۰ (حسابرسی شده)(اصلاحیه).xlsx,3229f5a34118a0f83e6f70cbdebe5592367a721cdd3c58dd11bf251144690e3c
کفرا|1400,کفرا,1400,MATCHED_SEPARATE_VALID,1,1,0,0,0,0,original,كفرا.zip!كفرا_۱۴۰۰_۱۲_۲۹_separate_ن-۱۰_صورت‌های مالی سال مالی منتهی به ۱۴۰۰_۱۲_۲۹ (حسابرسی شده).xlsx,0c3c3a8bc54f53d869c84bbc18c31f2447da524bbcf90759c9f7e6616fa4774e
کفرا|1401,کفرا,1401,MATCHED_SEPARATE_VALID,1,1,0,0,0,0,original,كفرا.zip!كفرا_۱۴۰۱_۱۲_۲۹_separate_ن-۱۰_صورت‌های مالی سال مالی منتهی به ۱۴۰۱_۱۲_۲۹ (حسابرسی شده).xlsx,916042fe1285ad32dfc15274f756e623ac3508b31be389713fae9f99bc128611
کفرا|1402,کفرا,1402,MATCHED_SEPARATE_VALID,1,1,0,0,0,0,original,كفرا.zip!كفرا_۱۴۰۲_۱۲_۲۹_separate_ن-۱۰_صورت‌های مالی سال مالی منتهی به ۱۴۰۲_۱۲_۲۹ (حسابرسی شده).xlsx,00e32a32a41e4e189b61669a5cb7e092bc1326aa7f4827f6dced2d2891fd7fef
غشهد|1392,غشهد,1392,MATCHED_SEPARATE_VALID,1,1,0,0,0,0,original,غشهد.zip!غشهد_۱۳۹۲_۱۲_۲۹_separate_ن-۱۰_صورتهای مالی سال مالی منتهی به ۱۳۹۲_۱۲_۲۹ (حسابرسی شده).xlsx,3840d72feb957b2fc054d2fd39d53a873e40c0e66e60c9e60a17e18d91b2682d
غشهد|1393,غشهد,1393,MATCHED_SEPARATE_VALID,1,1,0,0,0,0,original,غشهد.zip!غشهد_۱۳۹۳_۱۲_۲۹_separate_ن-۱۰_صورتهای مالی سال مالی منتهی به ۱۳۹۳_۱۲_۲۹ (حسابرسی شده).xlsx,2e7415b2da7a8a67648d7d2c79a49b56e70b80ae2be0836c7d5e6cf85cceedfd
غشهد|1394,غشهد,1394,MATCHED_SEPARATE_VALID,1,1,0,0,0,0,original,غشهد.zip!غشهد_۱۳۹۴_۱۲_۲۹_separate_ن-۱۰_صورت‌های مالی سال مالی منتهی به ۱۳۹۴_۱۲_۲۹ (حسابرسی شده).xlsx,126aff3e865f507eacdf6122a2a79d99dd2e79e76a95140373dffd5d1ceadd55
غشهد|1395,غشهد,1395,ONLY_CONSOLIDATED_AVAILABLE,1,0,1,0,0,0,,,
غشهد|1396,غشهد,1396,MATCHED_SEPARATE_VALID,1,1,0,0,0,0,original,غشهد.zip!غشهد_۱۳۹۶_۱۲_۲۹_separate_ن-۱۰_صورت‌های مالی سال مالی منتهی به ۱۳۹۶_۱۲_۲۹ (حسابرسی شده).xlsx,77951ae83492aed1e9db3f119ddec4208d3728e5b295efe8f98bf932bf837a1f
غشهد|1397,غشهد,1397,MATCHED_SEPARATE_VALID,1,1,0,0,0,0,original,غشهد.zip!غشهد_۱۳۹۷_۱۲_۲۹_separate_ن-۱۰_صورت‌های مالی سال مالی منتهی به ۱۳۹۷_۱۲_۲۹ (حسابرسی شده).xlsx,b3ed21bfe848d7be4f1f9ed7900d7df57e70112bcd591f42e0e7a898ed09fc8d
غشهد|1398,غشهد,1398,MATCHED_SEPARATE_VALID,1,1,0,0,0,0,original,غشهد.zip!غشهد_۱۳۹۸_۱۲_۲۹_separate_ن-۱۰_صورت‌های مالی سال مالی منتهی به ۱۳۹۸_۱۲_۲۹ (حسابرسی شده).xlsx,6a7fa94085a1ea4e5c9b456cd9772e9ee9505dfcf646869f832ee5edfbc2afad
غشهد|1399,غشهد,1399,MATCHED_SEPARATE_VALID,1,1,0,0,0,0,original,غشهد.zip!غشهد_۱۳۹۹_۱۲_۳۰_separate_ن-۱۰_صورت‌های مالی سال مالی منتهی به ۱۳۹۹_۱۲_۳۰ (حسابرسی شده).xlsx,00ce0abecdfd2a27d27576fb302695c3f86d1197aa3b2ccb6add5a5778cdd273
غشهد|1400,غشهد,1400,MATCHED_SEPARATE_VALID,1,1,0,0,0,0,original,غشهد.zip!غشهد_۱۴۰۰_۱۲_۲۹_separate_ن-۱۰_صورت‌های مالی سال مالی منتهی به ۱۴۰۰_۱۲_۲۹ (حسابرسی شده).xlsx,d82c25301977548554169bc46e7001ee5988494bba1022007f8eeed3d547e48a
غشهد|1401,غشهد,1401,MATCHED_SEPARATE_VALID,1,1,0,0,0,0,original,غشهد.zip!غشهد_۱۴۰۱_۱۲_۲۹_separate_ن-۱۰_صورت‌های مالی سال مالی منتهی به ۱۴۰۱_۱۲_۲۹ (حسابرسی شده).xlsx,2ef1f2ff400e3b6ef9be0ffb3420c54736e0ccb1cba8422b5fc4e5de1fa28a8d
غشهد|1402,غشهد,1402,MATCHED_SEPARATE_VALID,1,1,0,0,0,0,original,غشهد.zip!غشهد_۱۴۰۲_۱۲_۲۹_separate_ن-۱۰_صورت‌های مالی سال مالی منتهی به ۱۴۰۲_۱۲_۲۹ (حسابرسی شده).xlsx,ad5a3fb97d011c07094fbe1978bdf1abd030daf3fcf55fc097a83904049cd759
غشان|1392,غشان,1392,MATCHED_SEPARATE_VALID,1,1,0,0,0,0,original,غشان.zip!غشان_۱۳۹۲_۱۲_۲۹_separate_ن-۱۰_صورتهای مالی سال مالی منتهی به ۱۳۹۲_۱۲_۲۹ (حسابرسی شده).xlsx,72659c84d7a604ca47f04b89fa4b9dcf0f7e836fc5af42afc3d71f7a41903b01
غشان|1393,غشان,1393,MATCHED_SEPARATE_CORRECTION_SELECTED,2,2,0,0,1,1,correction,غشان.zip!غشان_۱۳۹۳_۱۲_۲۹_separate_ن-۱۰_صورتهای مالی سال مالی منتهی به ۱۳۹۳_۱۲_۲۹ (حسابرسی شده)(اصلاحیه).xlsx,a3e6053efe06802230a6ab390c5bf01b9127207da92b75e16f4d541485c98a20
غشان|1394,غشان,1394,MATCHED_SEPARATE_VALID,1,1,0,0,0,0,original,غشان.zip!غشان_۱۳۹۴_۱۲_۲۹_separate_ن-۱۰_صورت‌های مالی سال مالی منتهی به ۱۳۹۴_۱۲_۲۹ (حسابرسی شده).xlsx,3988282cc024053636608c9898f5128f33d8cae0a1ed16eb98cd5a0921b1db56
غشان|1395,غشان,1395,MATCHED_SEPARATE_CORRECTION_SELECTED,2,2,0,0,1,1,correction,غشان.zip!غشان_۱۳۹۵_۱۲_۳۰_separate_ن-۱۰_صورت‌های مالی سال مالی منتهی به ۱۳۹۵_۱۲_۳۰ (حسابرسی شده)(اصلاحیه).xlsx,f427be0ee0d8f0c44939e31398fea02fa97697a72ab2d825056016cc2592f024
غشان|1396,غشان,1396,MATCHED_SEPARATE_VALID,1,1,0,0,0,0,original,غشان.zip!غشان_۱۳۹۶_۱۲_۲۹_separate_ن-۱۰_صورت‌های مالی سال مالی منتهی به ۱۳۹۶_۱۲_۲۹ (حسابرسی شده).xlsx,53fd0cba79fdeec8c8cc09c9c11b280d80ba4278be3cfa77f508d06582b749e7
غشان|1397,غشان,1397,MATCHED_SEPARATE_VALID,1,1,0,0,0,0,original,غشان.zip!غشان_۱۳۹۷_۱۲_۲۹_separate_ن-۱۰_صورت‌های مالی سال مالی منتهی به ۱۳۹۷_۱۲_۲۹ (حسابرسی شده).xlsx,e15df74fec40c0f1c6ba6aa67111e47d303e61f72f9c18585b161514169977e6
غشان|1398,غشان,1398,MATCHED_SEPARATE_VALID,1,1,0,0,0,0,original,غشان.zip!غشان_۱۳۹۸_۱۲_۲۹_separate_ن-۱۰_صورت‌های مالی سال مالی منتهی به ۱۳۹۸_۱۲_۲۹ (حسابرسی شده).xlsx,cf728fcc157dc94cac01150f6efb18e2025d5b6adbe76e6552ec89b7159e0f7a
غشان|1399,غشان,1399,MATCHED_SEPARATE_VALID,1,1,0,0,0,0,original,غشان.zip!غشان_۱۳۹۹_۱۲_۳۰_separate_ن-۱۰_صورت‌های مالی سال مالی منتهی به ۱۳۹۹_۱۲_۳۰ (حسابرسی شده).xlsx,4eaefe89165cd4988b457ad279d8da00575bee4de21f6c304a4a7d2f558e1e2a
غشان|1400,غشان,1400,MATCHED_SEPARATE_VALID,1,1,0,0,0,0,original,غشان.zip!غشان_۱۴۰۰_۱۲_۲۹_separate_ن-۱۰_صورت‌های مالی سال مالی منتهی به ۱۴۰۰_۱۲_۲۹ (حسابرسی شده).xlsx,768ae1c8899de24b6c4c99b654f9bbcb0e856cd7d3651ae27e295c1d3b493f8d
غشان|1401,غشان,1401,MATCHED_SEPARATE_VALID,1,1,0,0,0,0,original,غشان.zip!غشان_۱۴۰۱_۱۲_۲۹_separate_ن-۱۰_صورت‌های مالی سال مالی منتهی به ۱۴۰۱_۱۲_۲۹ (حسابرسی شده).xlsx,36ad7d3675cdf0154cec65f64fbe3da6e36b2d15741fe0bdb3d676d3e465a8c3
غشان|1402,غشان,1402,NO_ARCHIVE_MATCH,0,0,0,0,0,0,,,
حکشتی|1392,حکشتی,1392,MATCHED_SEPARATE_VALID,1,1,0,0,0,0,original,حكشتي.zip!حكشتي_۱۳۹۲_۰۳_۳۱_separate_ن-۱۰_صورتهای مالی سال مالی منتهی به ۱۳۹۲_۰۳_۳۱ (حسابرسی شده).xlsx,83d4adf3dd70a7e9b6ce3a2533b9deba6f80baf42c40486486bd545027c32bb0
حکشتی|1393,حکشتی,1393,MATCHED_SEPARATE_CORRECTION_SELECTED,2,2,0,0,1,1,correction,حكشتي.zip!حكشتي_۱۳۹۳_۰۳_۳۱_separate_ن-۱۰_صورتهای مالی سال مالی منتهی به ۱۳۹۳_۰۳_۳۱ (حسابرسی شده)(اصلاحیه).xlsx,1b66c1be3930c53c6cc2b8c32e82e65a7b472223404a7b8b17b8cb6a06063286
حکشتی|1394,حکشتی,1394,MATCHED_SEPARATE_VALID,1,1,0,0,0,0,original,حكشتي.zip!حكشتي_۱۳۹۴_۰۳_۳۱_separate_ن-۱۰_صورت‌های مالی سال مالی منتهی به ۱۳۹۴_۰۳_۳۱ (حسابرسی شده).xlsx,eb3202bbbd5ab3651e53ea6696b2b2378a188e68e9443d083e6e2ff096a3d9a3
حکشتی|1395,حکشتی,1395,MATCHED_SEPARATE_VALID,1,1,0,0,0,0,original,حكشتي.zip!حكشتي_۱۳۹۵_۰۳_۳۱_separate_ن-۱۰_صورت‌های مالی سال مالی منتهی به ۱۳۹۵_۰۳_۳۱ (حسابرسی شده).xlsx,d8f070226a80a08d652538e20c46651b6df2f788912924437a7410568dd7a345
حکشتی|1396,حکشتی,1396,MATCHED_SEPARATE_VALID,1,1,0,0,0,0,original,حكشتي.zip!حكشتي_۱۳۹۶_۰۳_۳۱_separate_ن-۱۰_صورت‌های مالی سال مالی منتهی به ۱۳۹۶_۰۳_۳۱ (حسابرسی شده).xlsx,4eee2c8355e514b3341080fcff62505f26bd7bef1cff43eb1030fbced386f134
حکشتی|1397,حکشتی,1397,MATCHED_SEPARATE_VALID,1,1,0,0,0,0,original,حكشتي.zip!حكشتي_۱۳۹۷_۰۳_۳۱_separate_ن-۱۰_صورت‌های مالی سال مالی منتهی به ۱۳۹۷_۰۳_۳۱ (حسابرسی شده).xlsx,04826af0dfe02c98eb9b5d63342dba0c794e78c7c5b49913122eb29e4abbc1ca
حکشتی|1398,حکشتی,1398,MATCHED_SEPARATE_VALID,1,1,0,0,0,0,original,حكشتي.zip!حكشتي_۱۳۹۸_۰۳_۳۱_separate_ن-۱۰_صورت‌های مالی سال مالی منتهی به ۱۳۹۸_۰۳_۳۱ (حسابرسی شده).xlsx,f568ea78fb8c6ea2b6a3427858e000c8e93158f7ddf2f0547436fb21ac887525
حکشتی|1399,حکشتی,1399,MATCHED_SEPARATE_VALID,1,1,0,0,0,0,original,حكشتي.zip!حكشتي_۱۳۹۹_۰۳_۳۱_separate_ن-۱۰_صورت‌های مالی سال مالی منتهی به ۱۳۹۹_۰۳_۳۱ (حسابرسی شده).xlsx,e6a46e8446a0f001075ab786006ce71ed156208f8e1c430a646cb2dd5d63d086
حکشتی|1400,حکشتی,1400,MATCHED_SEPARATE_VALID,1,1,0,0,0,0,original,حكشتي.zip!حكشتي_۱۴۰۰_۰۳_۳۱_separate_ن-۱۰_صورت‌های مالی سال مالی منتهی به ۱۴۰۰_۰۳_۳۱ (حسابرسی شده).xlsx,8fc4a35264684166855f730a52c6b42f54cb2be5101017e07bbf325e403ae17f
حکشتی|1401,حکشتی,1401,MATCHED_SEPARATE_CORRECTION_SELECTED,2,2,0,0,1,1,correction,حكشتي.zip!حكشتي_۱۴۰۱_۰۳_۳۱_separate_ن-۱۰_صورت‌های مالی سال مالی منتهی به ۱۴۰۱_۰۳_۳۱ (حسابرسی شده)(اصلاحیه).xlsx,239be6b2c7044f439bb13b2491b0fcc0e13c77091c62b7460724469c0a4ced59
حکشتی|1402,حکشتی,1402,MATCHED_SEPARATE_VALID,1,1,0,0,0,0,original,حكشتي.zip!حكشتي_۱۴۰۲_۰۳_۳۱_separate_ن-۱۰_صورت‌های مالی سال مالی منتهی به ۱۴۰۲_۰۳_۳۱ (حسابرسی شده).xlsx,8a8d6007e8fa8227f2550a3b3a6844aeb82d72fcc3b94e01d8600210b3e86563
همراه|1392,همراه,1392,MATCHED_SEPARATE_VALID,1,1,0,0,0,0,original,همراه.zip!همراه_۱۳۹۲_۱۲_۲۹_separate_ن-۱۰_صورتهای مالی سال مالی منتهی به ۱۳۹۲_۱۲_۲۹ (حسابرسی شده).xlsx,f404764c976548d51c874fbdf82b6f6cdac7016692821f1d60e5ca479dbedc74
همراه|1393,همراه,1393,MATCHED_SEPARATE_VALID,1,1,0,0,0,0,original,همراه.zip!همراه_۱۳۹۳_۱۲_۲۹_separate_ن-۱۰_صورتهای مالی سال مالی منتهی به ۱۳۹۳_۱۲_۲۹ (حسابرسی شده).xlsx,ac30e5292b0c445fc563bf02daafaf9ca3f1307edcff847cb22ca498650b745d
همراه|1394,همراه,1394,MATCHED_SEPARATE_VALID,1,1,0,0,0,0,original,همراه.zip!همراه_۱۳۹۴_۱۲_۲۹_separate_ن-۱۰_صورت‌های مالی سال مالی منتهی به ۱۳۹۴_۱۲_۲۹ (حسابرسی شده).xlsx,f9464898234723794f447adf87c8c8418f97db84616a3fdbf801ca593b03b3e4
همراه|1395,همراه,1395,ONLY_CONSOLIDATED_AVAILABLE,1,0,1,0,0,0,,,
همراه|1396,همراه,1396,ONLY_CONSOLIDATED_AVAILABLE,1,0,1,0,0,0,,,
همراه|1397,همراه,1397,ONLY_CONSOLIDATED_AVAILABLE,1,0,1,0,0,0,,,
همراه|1398,همراه,1398,ONLY_CONSOLIDATED_AVAILABLE,1,0,1,0,0,0,,,
همراه|1399,همراه,1399,ONLY_CONSOLIDATED_AVAILABLE,1,0,1,0,0,0,,,
همراه|1400,همراه,1400,ONLY_CONSOLIDATED_AVAILABLE,1,0,1,0,0,0,,,
همراه|1401,همراه,1401,ONLY_CONSOLIDATED_AVAILABLE,1,0,1,0,0,0,,,
همراه|1402,همراه,1402,ONLY_CONSOLIDATED_AVAILABLE,1,0,1,0,0,0,,,
حپترو|1392,حپترو,1392,MATCHED_SEPARATE_VALID,1,1,0,0,0,0,original,حپترو.zip!حپترو_۱۳۹۲_۱۲_۲۹_separate_ن-۱۰_صورتهای مالی سال مالی منتهی به ۱۳۹۲_۱۲_۲۹ (حسابرسی شده).xlsx,996043277d7970798b715c04243f7df9c527f5115347fc2821877a8605861a1c
حپترو|1393,حپترو,1393,MATCHED_SEPARATE_VALID,1,1,0,0,0,0,original,حپترو.zip!حپترو_۱۳۹۳_۱۲_۲۹_separate_ن-۱۰_صورتهای مالی سال مالی منتهی به ۱۳۹۳_۱۲_۲۹ (حسابرسی شده).xlsx,35378af568bdc6553a408e2ee8e51d1cde0899e66edde33e781a1e96d7a17664
حپترو|1394,حپترو,1394,ONLY_CONSOLIDATED_AVAILABLE,1,0,1,0,0,0,,,
حپترو|1395,حپترو,1395,ONLY_CONSOLIDATED_AVAILABLE,1,0,1,0,0,0,,,
حپترو|1396,حپترو,1396,ONLY_CONSOLIDATED_AVAILABLE,1,0,1,0,0,0,,,
حپترو|1397,حپترو,1397,ONLY_CONSOLIDATED_AVAILABLE,1,0,1,0,0,0,,,
حپترو|1398,حپترو,1398,ONLY_CONSOLIDATED_AVAILABLE,1,0,1,0,0,0,,,
حپترو|1399,حپترو,1399,ONLY_CONSOLIDATED_AVAILABLE,1,0,1,0,0,0,,,
حپترو|1400,حپترو,1400,ONLY_CONSOLIDATED_AVAILABLE,1,0,1,0,0,0,,,
حپترو|1401,حپترو,1401,ONLY_CONSOLIDATED_AVAILABLE,1,0,1,0,0,0,,,
حپترو|1402,حپترو,1402,ONLY_CONSOLIDATED_AVAILABLE,1,0,1,0,0,0,,,
های وب|1392,های وب,1392,NO_ARCHIVE_MATCH,0,0,0,0,0,0,,,
های وب|1393,های وب,1393,MATCHED_SEPARATE_VALID,1,1,0,0,0,0,original,های وب.zip!هاي وب_۱۳۹۳_۱۲_۲۹_separate_ن-۱۰_صورت‌های مالی سال مالی منتهی به ۱۳۹۳_۱۲_۲۹ (حسابرسی شده).xlsx,e19679585a0d3572f54daf205809b2f1fc03832b1fe54b49ded97f42369d50f7
های وب|1394,های وب,1394,MATCHED_SEPARATE_VALID,1,1,0,0,0,0,original,های وب.zip!هاي وب_۱۳۹۴_۱۲_۲۹_separate_ن-۱۰_صورت‌های مالی سال مالی منتهی به ۱۳۹۴_۱۲_۲۹ (حسابرسی شده).xlsx,e822e1b079267aceac54cbb36360c9b96a50963b0c8656952d422cf4b2f06f7a
های وب|1395,های وب,1395,MATCHED_SEPARATE_VALID,1,1,0,0,0,0,original,های وب.zip!هاي وب_۱۳۹۵_۱۲_۳۰_separate_ن-۱۰_صورت‌های مالی سال مالی منتهی به ۱۳۹۵_۱۲_۳۰ (حسابرسی شده).xlsx,9bfc28095c70db2ee833e2390274593717c67c67ea44456afaff5101c3755472
های وب|1396,های وب,1396,ONLY_CONSOLIDATED_AVAILABLE,2,0,2,0,0,0,,,
های وب|1397,های وب,1397,ONLY_CONSOLIDATED_AVAILABLE,1,0,1,0,0,0,,,
های وب|1398,های وب,1398,ONLY_CONSOLIDATED_AVAILABLE,1,0,1,0,0,0,,,
های وب|1399,های وب,1399,ONLY_CONSOLIDATED_AVAILABLE,1,0,1,0,0,0,,,
های وب|1400,های وب,1400,ONLY_CONSOLIDATED_AVAILABLE,1,0,1,0,0,0,,,
های وب|1401,های وب,1401,ONLY_CONSOLIDATED_AVAILABLE,1,0,1,0,0,0,,,
های وب|1402,های وب,1402,ONLY_CONSOLIDATED_AVAILABLE,1,0,1,0,0,0,,,
جم|1393,جم,1393,MATCHED_SEPARATE_VALID,1,1,0,0,0,0,original,جم.zip!جم_۱۳۹۳_۱۲_۲۹_separate_ن-۱۰_صورتهای مالی سال مالی منتهی به ۱۳۹۳_۱۲_۲۹ (حسابرسی شده).xlsx,67f59b96b800ee2416de771b50fa4eecb76ba718341b264e6960e5d5f2240a9b
جم|1394,جم,1394,ONLY_CONSOLIDATED_AVAILABLE,1,0,1,0,0,0,,,
جم|1395,جم,1395,ONLY_CONSOLIDATED_AVAILABLE,1,0,1,0,0,0,,,
جم|1396,جم,1396,ONLY_CONSOLIDATED_AVAILABLE,1,0,1,0,0,0,,,
جم|1397,جم,1397,ONLY_CONSOLIDATED_AVAILABLE,2,0,2,0,0,0,,,
جم|1398,جم,1398,ONLY_CONSOLIDATED_AVAILABLE,1,0,1,0,0,0,,,
جم|1399,جم,1399,ONLY_CONSOLIDATED_AVAILABLE,1,0,1,0,0,0,,,
جم|1400,جم,1400,ONLY_CONSOLIDATED_AVAILABLE,2,0,2,0,0,0,,,
جم|1401,جم,1401,ONLY_CONSOLIDATED_AVAILABLE,1,0,1,0,0,0,,,
جم|1402,جم,1402,ONLY_CONSOLIDATED_AVAILABLE,1,0,1,0,0,0,,,
جم پیلن|1397,جم پیلن,1397,MATCHED_SEPARATE_CORRECTION_SELECTED,2,2,0,0,1,1,correction,جم پيلن.zip!جم پيلن_۱۳۹۷_۱۲_۲۹_separate_ن-۱۰_صورت‌های مالی سال مالی منتهی به ۱۳۹۷_۱۲_۲۹ (حسابرسی شده)(اصلاحیه).xlsx,b3ac6cadc797c23f2ee1b3ce9f61e1513f83541e031bbb0632335f339bbdc28f
جم پیلن|1398,جم پیلن,1398,MATCHED_SEPARATE_VALID,1,1,0,0,0,0,original,جم پيلن.zip!جم پيلن_۱۳۹۸_۱۲_۲۹_separate_ن-۱۰_صورت‌های مالی سال مالی منتهی به ۱۳۹۸_۱۲_۲۹ (حسابرسی شده).xlsx,5c4a46b912f6e66db258592c77c697d5653e29fd513f94a097a7a1dd9d1fb2ab
جم پیلن|1399,جم پیلن,1399,MATCHED_SEPARATE_VALID,1,1,0,0,0,0,original,جم پيلن.zip!جم پيلن_۱۳۹۹_۱۲_۳۰_separate_ن-۱۰_صورت‌های مالی سال مالی منتهی به ۱۳۹۹_۱۲_۳۰ (حسابرسی شده).xlsx,611b384bb0818a6962c34f44ee52dd96fa059d09a3027af1ff991b1821eedc0c
جم پیلن|1400,جم پیلن,1400,MATCHED_SEPARATE_CORRECTION_SELECTED,2,2,0,0,1,1,correction,جم پيلن.zip!جم پيلن_۱۴۰۰_۱۲_۲۹_separate_ن-۱۰_صورت‌های مالی سال مالی منتهی به ۱۴۰۰_۱۲_۲۹ (حسابرسی شده)(اصلاحیه).xlsx,4195aa3003d2f2d401ab3f84dc560c1eec40e2881e5d9a0601085dd1a7ac1173
جم پیلن|1401,جم پیلن,1401,MATCHED_SEPARATE_VALID,1,1,0,0,0,0,original,جم پيلن.zip!جم پيلن_۱۴۰۱_۱۲_۲۹_separate_ن-۱۰_صورت‌های مالی سال مالی منتهی به ۱۴۰۱_۱۲_۲۹ (حسابرسی شده).xlsx,c513b21b3b1c2ce8bbce5d2b28ad686eee01d0b983cbe6aafa7d7d108102c587
جم پیلن|1402,جم پیلن,1402,MATCHED_SEPARATE_VALID,1,1,0,0,0,0,original,جم پيلن.zip!جم پيلن_۱۴۰۲_۱۲_۲۹_separate_ن-۱۰_صورت‌های مالی سال مالی منتهی به ۱۴۰۲_۱۲_۲۹ (حسابرسی شده).xlsx,ffc64ea59ccdf93f1651eda1a6e71ff69ac6d5ced0f9dcce2dc2142020fe85ea
کفپارس|1392,کفپارس,1392,MATCHED_SEPARATE_VALID,1,1,0,0,0,0,original,كفپارس.zip!كفپارس_۱۳۹۲_۰۹_۳۰_separate_ن-۱۰_صورتهای مالی سال مالی منتهی به ۱۳۹۲_۰۹_۳۰ (حسابرسی شده).xlsx,382d47f3671bceb0ae1866e1500a8a150bf8ce70e9f1ad8075d9ac0ecdc17e01
کفپارس|1393,کفپارس,1393,MATCHED_SEPARATE_VALID,1,1,0,0,0,0,original,كفپارس.zip!كفپارس_۱۳۹۳_۰۹_۳۰_separate_ن-۱۰_صورتهای مالی سال مالی منتهی به ۱۳۹۳_۰۹_۳۰ (حسابرسی شده).xlsx,85a2cf13f7bce5607c044e3c77d1cd0d1c1ef52555cd32110c9280e084f11dec
کفپارس|1394,کفپارس,1394,MATCHED_SEPARATE_VALID,1,1,0,0,0,0,original,كفپارس.zip!كفپارس_۱۳۹۴_۰۹_۳۰_separate_ن-۱۰_صورت‌های مالی سال مالی منتهی به ۱۳۹۴_۰۹_۳۰ (حسابرسی شده).xlsx,b9518cffa7ebbd401e5bd2e7bcb64afa43a332c4dae6eb666715e283c5919103
کفپارس|1395,کفپارس,1395,MATCHED_SEPARATE_VALID,1,1,0,0,0,0,original,كفپارس.zip!كفپارس_۱۳۹۵_۰۹_۳۰_separate_ن-۱۰_صورت‌های مالی سال مالی منتهی به ۱۳۹۵_۰۹_۳۰ (حسابرسی شده).xlsx,51831f7bc3f31316f5d5f4ea2abfba6c9f5ac8014858659643de937704232801
کفپارس|1396,کفپارس,1396,MATCHED_SEPARATE_VALID,1,1,0,0,0,0,original,كفپارس.zip!كفپارس_۱۳۹۶_۰۹_۳۰_separate_ن-۱۰_صورت‌های مالی سال مالی منتهی به ۱۳۹۶_۰۹_۳۰ (حسابرسی شده).xlsx,55d363b115e2ee412eb5b827100aef331d4e4fc256b8886acd0973d5b7d3ebbb
کفپارس|1397,کفپارس,1397,MATCHED_SEPARATE_VALID,1,1,0,0,0,0,original,كفپارس.zip!كفپارس_۱۳۹۷_۰۹_۳۰_separate_ن-۱۰_صورت‌های مالی سال مالی منتهی به ۱۳۹۷_۰۹_۳۰ (حسابرسی شده).xlsx,bc834240fef247b07a4cfa8bf3fdb8b78852514975ee585959a73f3d64982815
کفپارس|1398,کفپارس,1398,MATCHED_SEPARATE_VALID,1,1,0,0,0,0,original,كفپارس.zip!كفپارس_۱۳۹۸_۰۹_۳۰_separate_ن-۱۰_صورت‌های مالی سال مالی منتهی به ۱۳۹۸_۰۹_۳۰ (حسابرسی شده).xlsx,36aa11f7822ab764345d765515a2cd05c6ec27a06824bec86c6b55f79a9a7986
کفپارس|1399,کفپارس,1399,MATCHED_SEPARATE_VALID,1,1,0,0,0,0,original,كفپارس.zip!كفپارس_۱۳۹۹_۰۹_۳۰_separate_ن-۱۰_صورت‌های مالی سال مالی منتهی به ۱۳۹۹_۰۹_۳۰ (حسابرسی شده).xlsx,0b9c4c255e223f5d34de21ddcbdef8da8103fdf687ad6d8cef66c4ead0772dfb
کفپارس|1400,کفپارس,1400,MATCHED_SEPARATE_VALID,1,1,0,0,0,0,original,كفپارس.zip!كفپارس_۱۴۰۰_۰۹_۳۰_separate_ن-۱۰_صورت‌های مالی سال مالی منتهی به ۱۴۰۰_۰۹_۳۰ (حسابرسی شده).xlsx,08ab17819e4d52afa19b3137e4f24c8291c1ea884dd99b04b869bc17865494b6
کفپارس|1401,کفپارس,1401,MATCHED_SEPARATE_VALID,1,1,0,0,0,0,original,كفپارس.zip!كفپارس_۱۴۰۱_۰۹_۳۰_separate_ن-۱۰_صورت‌های مالی سال مالی منتهی به ۱۴۰۱_۰۹_۳۰ (حسابرسی شده).xlsx,a8a40d51457a164eabb40f4dab389b4637e8072257fc8c793ed8393bf90ac9ee
کفپارس|1402,کفپارس,1402,MATCHED_SEPARATE_VALID,1,1,0,0,0,0,original,كفپارس.zip!كفپارس_۱۴۰۲_۰۹_۳۰_separate_ن-۱۰_صورت‌های مالی سال مالی منتهی به ۱۴۰۲_۰۹_۳۰ (حسابرسی شده).xlsx,a8fb9bd6a70cff83a0ee45e75c54b3ca8bc7b3fcc8f184f4daf4e7bb5934fc82
کاوه|1393,کاوه,1393,MATCHED_SEPARATE_VALID,1,1,0,0,0,0,original,كاوه.zip!كاوه_۱۳۹۳_۱۲_۲۹_separate_ن-۱۰_صورتهای مالی سال مالی منتهی به ۱۳۹۳_۱۲_۲۹ (حسابرسی شده).xlsx,c0df55cd3f4cd3916f3ace25673d219eaf32d1494aeaa426dc7e46f7ff8c9b14
کاوه|1394,کاوه,1394,MATCHED_SEPARATE_VALID,1,1,0,0,0,0,original,كاوه.zip!كاوه_۱۳۹۴_۱۲_۲۹_separate_ن-۱۰_صورت‌های مالی سال مالی منتهی به ۱۳۹۴_۱۲_۲۹ (حسابرسی شده).xlsx,893bec784ccbf026d89d22eb9a9811f9ca60fa04ce6f0b8dcbda34d07e850687
کاوه|1395,کاوه,1395,MATCHED_SEPARATE_VALID,1,1,0,0,0,0,original,كاوه.zip!كاوه_۱۳۹۵_۱۲_۳۰_separate_ن-۱۰_صورت‌های مالی سال مالی منتهی به ۱۳۹۵_۱۲_۳۰ (حسابرسی شده).xlsx,e986461801a2efa6af9a55baafc68e7f50e2ad96ea529b157f3e497c6d6f13b8
کاوه|1396,کاوه,1396,MATCHED_SEPARATE_VALID,1,1,0,0,0,0,original,كاوه.zip!كاوه_۱۳۹۶_۱۲_۲۹_separate_ن-۱۰_صورت‌های مالی سال مالی منتهی به ۱۳۹۶_۱۲_۲۹ (حسابرسی شده).xlsx,e08efa3bbf93256559d8fafb40e003b3709bc991bd4611d9a64561a90703558f
کاوه|1397,کاوه,1397,MATCHED_SEPARATE_VALID,1,1,0,0,0,0,original,كاوه.zip!كاوه_۱۳۹۷_۱۲_۲۹_separate_ن-۱۰_صورت‌های مالی سال مالی منتهی به ۱۳۹۷_۱۲_۲۹ (حسابرسی شده).xlsx,1719efa470b2872333fa92dac9f016944e919946c95a3396ce9db102f3f16c14
کاوه|1398,کاوه,1398,ONLY_CONSOLIDATED_AVAILABLE,1,0,1,0,0,0,,,
کاوه|1399,کاوه,1399,ONLY_CONSOLIDATED_AVAILABLE,1,0,1,0,0,0,,,
کاوه|1400,کاوه,1400,ONLY_CONSOLIDATED_AVAILABLE,1,0,1,0,0,0,,,
کاوه|1401,کاوه,1401,ONLY_CONSOLIDATED_AVAILABLE,1,0,1,0,0,0,,,
کاوه|1402,کاوه,1402,ONLY_CONSOLIDATED_AVAILABLE,1,0,1,0,0,0,,,
کبافق|1392,کبافق,1392,MATCHED_SEPARATE_VALID,1,1,0,0,0,0,original,كبافق.zip!كبافق_۱۳۹۲_۱۲_۲۹_separate_ن-۱۰_صورتهای مالی سال مالی منتهی به ۱۳۹۲_۱۲_۲۹ (حسابرسی شده).xlsx,03af6ec7d6c8622bf6b6254183ca5c4838d192268a1757fd0238b640057330cb
کبافق|1393,کبافق,1393,MATCHED_SEPARATE_VALID,1,1,0,0,0,0,original,كبافق.zip!كبافق_۱۳۹۳_۱۲_۲۹_separate_ن-۱۰_صورتهای مالی سال مالی منتهی به ۱۳۹۳_۱۲_۲۹ (حسابرسی شده).xlsx,a0aed59ec59b0d52670bde1cc6fb29c963f01f85d838768ad8e9580063d44758
کبافق|1394,کبافق,1394,MATCHED_SEPARATE_VALID,1,1,0,0,0,0,original,كبافق.zip!كبافق_۱۳۹۴_۱۲_۲۹_separate_ن-۱۰_صورت‌های مالی سال مالی منتهی به ۱۳۹۴_۱۲_۲۹ (حسابرسی شده).xlsx,4e72023f4ec70c97ca1a93e88f10845d439e2cc34c1c4a4c7be126b6aa486434
کبافق|1395,کبافق,1395,MATCHED_SEPARATE_VALID,1,1,0,0,0,0,original,كبافق.zip!كبافق_۱۳۹۵_۱۲_۳۰_separate_ن-۱۰_صورت‌های مالی سال مالی منتهی به ۱۳۹۵_۱۲_۳۰ (حسابرسی شده).xlsx,3bfbb7d56bb177eac8fe8cf14018deff5c8824b56aa678b68f90765e5caba86a
کبافق|1396,کبافق,1396,MATCHED_SEPARATE_VALID,1,1,0,0,0,0,original,كبافق.zip!كبافق_۱۳۹۶_۱۲_۲۹_separate_ن-۱۰_صورت‌های مالی سال مالی منتهی به ۱۳۹۶_۱۲_۲۹ (حسابرسی شده).xlsx,bfd58977de2f20456782b6ad817145ce3a79b8d296a9c537f2e649d689e71bb6
کبافق|1397,کبافق,1397,MATCHED_SEPARATE_VALID,1,1,0,0,0,0,original,كبافق.zip!كبافق_۱۳۹۷_۱۲_۲۹_separate_ن-۱۰_صورت‌های مالی سال مالی منتهی به ۱۳۹۷_۱۲_۲۹ (حسابرسی شده).xlsx,e2c9b0100f5e0195f645dbc156fd3d8cbeb674af1afcfca132f93b6cb9e8e4f7
کبافق|1398,کبافق,1398,MATCHED_SEPARATE_VALID,1,1,0,0,0,0,original,كبافق.zip!كبافق_۱۳۹۸_۱۲_۲۹_separate_ن-۱۰_صورت‌های مالی سال مالی منتهی به ۱۳۹۸_۱۲_۲۹ (حسابرسی شده).xlsx,2b8b4820597586eeb16a11a3c817f7f86c4f98f9ec40b9149b7699e001cec686
کبافق|1399,کبافق,1399,MATCHED_SEPARATE_VALID,1,1,0,0,0,0,original,كبافق.zip!كبافق_۱۳۹۹_۱۲_۳۰_separate_ن-۱۰_صورت‌های مالی سال مالی منتهی به ۱۳۹۹_۱۲_۳۰ (حسابرسی شده).xlsx,1fd71b7fbba121f08ae3eb473417b7232e9cee4be59b7e9f3106ff16ff390834
کبافق|1400,کبافق,1400,MATCHED_SEPARATE_CORRECTION_SELECTED,2,2,0,0,1,1,correction,كبافق.zip!كبافق_۱۴۰۰_۱۲_۲۹_separate_ن-۱۰_صورت‌های مالی سال مالی منتهی به ۱۴۰۰_۱۲_۲۹ (حسابرسی شده)(اصلاحیه).xlsx,72a2e28b652adc9bc7a9e2ea2a681f636f48e3e3b7b1d8f1d0bdac21d870b4a6
کبافق|1401,کبافق,1401,MATCHED_SEPARATE_VALID,1,1,0,0,0,0,original,كبافق.zip!كبافق_۱۴۰۱_۱۲_۲۹_separate_ن-۱۰_صورت‌های مالی سال مالی منتهی به ۱۴۰۱_۱۲_۲۹ (حسابرسی شده).xlsx,99862017f1e4cba6845ebe70990b3623cc67731955203195c5d8f4f6604794f6
کبافق|1402,کبافق,1402,MATCHED_SEPARATE_VALID,1,1,0,0,0,0,original,كبافق.zip!كبافق_۱۴۰۲_۱۲_۲۹_separate_ن-۱۰_صورت‌های مالی سال مالی منتهی به ۱۴۰۲_۱۲_۲۹ (حسابرسی شده).xlsx,b0833e9d1787f2f3a7e0ceaf946272285f59d949771afa31f72353f671162102
کگاز|1392,کگاز,1392,MATCHED_SEPARATE_VALID,1,1,0,0,0,0,original,كگاز.zip!كگاز_۱۳۹۲_۱۲_۲۹_separate_ن-۱۰_صورتهای مالی سال مالی منتهی به ۱۳۹۲_۱۲_۲۹ (حسابرسی شده).xlsx,de2a44c57d3755d93992c4a37390219d2a28cebb1a05261f61e0647291652ebb
کگاز|1393,کگاز,1393,MATCHED_SEPARATE_CORRECTION_SELECTED,3,3,0,0,2,2,correction,كگاز.zip!كگاز_۱۳۹۳_۱۲_۲۹_separate_ن-۱۰_صورتهای مالی سال مالی منتهی به ۱۳۹۳_۱۲_۲۹ (حسابرسی شده)(اصلاحیه).xlsx,e1592889c67e6f2e5f2c77c0b984081f7a6d9b50264cdb24f0cba1fc431887ce
کگاز|1394,کگاز,1394,MATCHED_SEPARATE_VALID,1,1,0,0,0,0,original,كگاز.zip!كگاز_۱۳۹۴_۱۲_۲۹_separate_ن-۱۰_صورت‌های مالی سال مالی منتهی به ۱۳۹۴_۱۲_۲۹ (حسابرسی شده).xlsx,87944e63d44d71c68b324884517eecb5cc232766bb937be488a0214eb83d14c5
کگاز|1395,کگاز,1395,MATCHED_SEPARATE_VALID,1,1,0,0,0,0,original,كگاز.zip!كگاز_۱۳۹۵_۱۲_۳۰_separate_ن-۱۰_صورت‌های مالی سال مالی منتهی به ۱۳۹۵_۱۲_۳۰ (حسابرسی شده).xlsx,1b78a15504c01f6f0c74d343d65e5ea76d36f4c0cd1fc3c3f04ea9e7d8f446f9
کگاز|1396,کگاز,1396,MATCHED_SEPARATE_VALID,1,1,0,0,0,0,original,كگاز.zip!كگاز_۱۳۹۶_۱۲_۲۹_separate_ن-۱۰_صورت‌های مالی سال مالی منتهی به ۱۳۹۶_۱۲_۲۹ (حسابرسی شده).xlsx,75dfd399896305fc3b69c5f01668e794ef5cf3b51513bdb6e99fa345ca7de072
کگاز|1397,کگاز,1397,MATCHED_SEPARATE_VALID,1,1,0,0,0,0,original,كگاز.zip!كگاز_۱۳۹۷_۱۲_۲۹_separate_ن-۱۰_صورت‌های مالی سال مالی منتهی به ۱۳۹۷_۱۲_۲۹ (حسابرسی شده).xlsx,1a4aa559777ed6e4b7f16e7ad34c40ac3c7fb2b820fd80961d07cc06b5c0ced3
کگاز|1398,کگاز,1398,MATCHED_SEPARATE_VALID,1,1,0,0,0,0,original,كگاز.zip!كگاز_۱۳۹۸_۱۲_۲۹_separate_ن-۱۰_صورت‌های مالی سال مالی منتهی به ۱۳۹۸_۱۲_۲۹ (حسابرسی شده).xlsx,30e20b9a3890189280005ba21775046bc792e81133700c41175c0ef112fb1785
کگاز|1399,کگاز,1399,MATCHED_SEPARATE_VALID,1,1,0,0,0,0,original,كگاز.zip!كگاز_۱۳۹۹_۱۲_۳۰_separate_ن-۱۰_صورت‌های مالی سال مالی منتهی به ۱۳۹۹_۱۲_۳۰ (حسابرسی شده).xlsx,73c3b1e44eb84afb72be0d8ec408ae58af24f1163520015f7e0cf1cf89c034f9
کگاز|1400,کگاز,1400,MATCHED_SEPARATE_VALID,1,1,0,0,0,0,original,كگاز.zip!كگاز_۱۴۰۰_۱۲_۲۹_separate_ن-۱۰_صورت‌های مالی سال مالی منتهی به ۱۴۰۰_۱۲_۲۹ (حسابرسی شده).xlsx,11066055f4beb2ae822e9b22323accecbb158be8f9290ab811984c566faf2e56
کگاز|1401,کگاز,1401,MATCHED_SEPARATE_VALID,1,1,0,0,0,0,original,كگاز.zip!كگاز_۱۴۰۱_۱۲_۲۹_separate_ن-۱۰_صورت‌های مالی سال مالی منتهی به ۱۴۰۱_۱۲_۲۹ (حسابرسی شده).xlsx,7690a532ef1b79a8bb29301c7f2cca95420e50b29c29cfd843b336e99bce8a72
کگاز|1402,کگاز,1402,MATCHED_SEPARATE_VALID,1,1,0,0,0,0,original,كگاز.zip!كگاز_۱۴۰۲_۱۲_۲۹_separate_ن-۱۰_صورت‌های مالی سال مالی منتهی به ۱۴۰۲_۱۲_۲۹ (حسابرسی شده).xlsx,5556cdd0f8bd821f92fbad391e99a613082337a3dccdc8f179939195d38f03d7
کگل|1392,کگل,1392,MATCHED_SEPARATE_VALID,1,1,0,0,0,0,original,كگل.zip!كگل_۱۳۹۲_۱۲_۲۹_separate_ن-۱۰_صورتهای مالی سال مالی منتهی به ۱۳۹۲_۱۲_۲۹ (حسابرسی شده).xlsx,7a45cf3f37cfcee1af735bb844f6e9296ecd361e7a74e24cbc5702d22a48fa36
کگل|1393,کگل,1393,MATCHED_SEPARATE_VALID,1,1,0,0,0,0,original,كگل.zip!كگل_۱۳۹۳_۱۲_۲۹_separate_ن-۱۰_صورتهای مالی سال مالی منتهی به ۱۳۹۳_۱۲_۲۹ (حسابرسی شده).xlsx,72e6050f6cde93ccd17f6f690b0b993944879d6213b431e9fc05b4b23ce0e12c
کگل|1394,کگل,1394,ONLY_CONSOLIDATED_AVAILABLE,1,0,1,0,0,0,,,
کگل|1395,کگل,1395,ONLY_CONSOLIDATED_AVAILABLE,1,0,1,0,0,0,,,
کگل|1396,کگل,1396,ONLY_CONSOLIDATED_AVAILABLE,1,0,1,0,0,0,,,
کگل|1397,کگل,1397,ONLY_CONSOLIDATED_AVAILABLE,1,0,1,0,0,0,,,
کگل|1398,کگل,1398,ONLY_CONSOLIDATED_AVAILABLE,1,0,1,0,0,0,,,
کگل|1399,کگل,1399,ONLY_CONSOLIDATED_AVAILABLE,1,0,1,0,0,0,,,
کگل|1400,کگل,1400,ONLY_CONSOLIDATED_AVAILABLE,1,0,1,0,0,0,,,
کگل|1401,کگل,1401,ONLY_CONSOLIDATED_AVAILABLE,1,0,1,0,0,0,,,
کگل|1402,کگل,1402,ONLY_CONSOLIDATED_AVAILABLE,1,0,1,0,0,0,,,
خاذین|1392,خاذین,1392,MATCHED_SEPARATE_VALID,1,1,0,0,0,0,original,خاذين.zip!خاذين_۱۳۹۲_۱۲_۲۹_separate_ن-۱۰_صورتهای مالی سال مالی منتهی به ۱۳۹۲_۱۲_۲۹ (حسابرسی شده).xlsx,838b22aca798bbb233247a9d471435dddfac2b38c376fb7cb1c5c25b37578129
خاذین|1393,خاذین,1393,MATCHED_SEPARATE_VALID,1,1,0,0,0,0,original,خاذين.zip!خاذين_۱۳۹۳_۱۲_۲۹_separate_ن-۱۰_صورتهای مالی سال مالی منتهی به ۱۳۹۳_۱۲_۲۹ (حسابرسی شده).xlsx,3470c599669bc37bfdb5d63277fa37398a514c19d6bdd56757eb2fb372b7b8f5
خاذین|1394,خاذین,1394,MATCHED_SEPARATE_VALID,1,1,0,0,0,0,original,خاذين.zip!خاذين_۱۳۹۴_۱۲_۲۹_separate_ن-۱۰_صورت‌های مالی سال مالی منتهی به ۱۳۹۴_۱۲_۲۹ (حسابرسی شده).xlsx,0e67d5f0ce231886d4d2985ad8aafe03f0e829bd569f63a4df461cc91ed2f125
خاذین|1395,خاذین,1395,MATCHED_SEPARATE_CORRECTION_SELECTED,2,2,0,0,1,1,correction,خاذين.zip!خاذين_۱۳۹۵_۱۲_۳۰_separate_ن-۱۰_صورت‌های مالی سال مالی منتهی به ۱۳۹۵_۱۲_۳۰ (حسابرسی شده)(اصلاحیه).xlsx,b253442743cc39e1f8baebc345433ce84ca4dd648414216f1a777e52845d9032
خاذین|1396,خاذین,1396,MATCHED_SEPARATE_VALID,1,1,0,0,0,0,original,خاذين.zip!خاذين_۱۳۹۶_۱۲_۲۹_separate_ن-۱۰_صورت‌های مالی سال مالی منتهی به ۱۳۹۶_۱۲_۲۹ (حسابرسی شده).xlsx,0f3a743d1e2aaf2c9529245230016476ec29c1b485eea08e20ae85c255eeb4eb
خاذین|1397,خاذین,1397,MATCHED_SEPARATE_VALID,1,1,0,0,0,0,original,خاذين.zip!خاذين_۱۳۹۷_۱۲_۲۹_separate_ن-۱۰_صورت‌های مالی سال مالی منتهی به ۱۳۹۷_۱۲_۲۹ (حسابرسی شده).xlsx,08f68d5559201e8c51b435bf13074488da269e68b5da8c5604bed24720ddfd9a
خاذین|1398,خاذین,1398,MATCHED_SEPARATE_VALID,1,1,0,0,0,0,original,خاذين.zip!خاذين_۱۳۹۸_۱۲_۲۹_separate_ن-۱۰_صورت‌های مالی سال مالی منتهی به ۱۳۹۸_۱۲_۲۹ (حسابرسی شده).xlsx,e5f078b0994aacc179aa801a84bb740efefb107a19499034939104a5f9eac7db
خاذین|1399,خاذین,1399,MATCHED_SEPARATE_VALID,1,1,0,0,0,0,original,خاذين.zip!خاذين_۱۳۹۹_۱۲_۳۰_separate_ن-۱۰_صورت‌های مالی سال مالی منتهی به ۱۳۹۹_۱۲_۳۰ (حسابرسی شده).xlsx,a27dafa50d773bd2a17900b861fd37ba7db98a2abd054409edd1ad2a59ef3401
خاذین|1400,خاذین,1400,MATCHED_SEPARATE_VALID,1,1,0,0,0,0,original,خاذين.zip!خاذين_۱۴۰۰_۱۲_۲۹_separate_ن-۱۰_صورت‌های مالی سال مالی منتهی به ۱۴۰۰_۱۲_۲۹ (حسابرسی شده).xlsx,7721314a3a3ae24833cfe13703843467ea4ff956a9c4d247e238ac3cf832efa1
خاذین|1401,خاذین,1401,MATCHED_SEPARATE_VALID,1,1,0,0,0,0,original,خاذين.zip!خاذين_۱۴۰۱_۱۲_۲۹_separate_ن-۱۰_صورت‌های مالی سال مالی منتهی به ۱۴۰۱_۱۲_۲۹ (حسابرسی شده).xlsx,6ef4ff876469cca8bebb9db82d659f1009a5b5bee3c1d344bc26c97a63ada48e
خاذین|1402,خاذین,1402,MATCHED_SEPARATE_VALID,1,1,0,0,0,0,original,خاذين.zip!خاذين_۱۴۰۲_۱۲_۲۹_separate_ن-۱۰_صورت‌های مالی سال مالی منتهی به ۱۴۰۲_۱۲_۲۹ (حسابرسی شده).xlsx,cbc35fe98ba541e0e1c6d1850fac02e17f1b12e8206add69cece9428117df280
خچرخش|1392,خچرخش,1392,MATCHED_SEPARATE_VALID,1,1,0,0,0,0,original,خچرخش.zip!خچرخش_۱۳۹۲_۱۲_۲۹_separate_ن-۱۰_صورتهای مالی سال مالی منتهی به ۱۳۹۲_۱۲_۲۹ (حسابرسی شده).xlsx,cf4fe84654566d69b13ed37a9e72be5c4fbaa6f5491da59c3ba349b284618d6a
خچرخش|1393,خچرخش,1393,MATCHED_SEPARATE_VALID,1,1,0,0,0,0,original,خچرخش.zip!خچرخش_۱۳۹۳_۱۲_۲۹_separate_ن-۱۰_صورتهای مالی سال مالی منتهی به ۱۳۹۳_۱۲_۲۹ (حسابرسی شده).xlsx,1805f073e78f64646c6a293f35460d383ea23966e4234fa68d3b3fd9e1bea47f
خچرخش|1394,خچرخش,1394,MATCHED_SEPARATE_VALID,1,1,0,0,0,0,original,خچرخش.zip!خچرخش_۱۳۹۴_۱۲_۲۹_separate_ن-۱۰_صورت‌های مالی سال مالی منتهی به ۱۳۹۴_۱۲_۲۹ (حسابرسی شده).xlsx,f2805b71e378e65198b7b12e783e8f178eb9b63c693c862e3966bf85a91773bf
خچرخش|1395,خچرخش,1395,MATCHED_SEPARATE_VALID,1,1,0,0,0,0,original,خچرخش.zip!خچرخش_۱۳۹۵_۱۲_۳۰_separate_ن-۱۰_صورت‌های مالی سال مالی منتهی به ۱۳۹۵_۱۲_۳۰ (حسابرسی شده).xlsx,16a73c938e8632685d3c5d35c405eb87cbbe1eb360f94c0cf862c46082b7181b
خچرخش|1396,خچرخش,1396,MATCHED_SEPARATE_VALID,1,1,0,0,0,0,original,خچرخش.zip!خچرخش_۱۳۹۶_۱۲_۲۹_separate_ن-۱۰_صورت‌های مالی سال مالی منتهی به ۱۳۹۶_۱۲_۲۹ (حسابرسی شده).xlsx,bd05b26c919bfb207e5e6be45df52b15dd3cfd1dfa20a69cdd5bde83cbd59751
خچرخش|1397,خچرخش,1397,MATCHED_SEPARATE_VALID,1,1,0,0,0,0,original,خچرخش.zip!خچرخش_۱۳۹۷_۱۲_۲۹_separate_ن-۱۰_صورت‌های مالی سال مالی منتهی به ۱۳۹۷_۱۲_۲۹ (حسابرسی شده).xlsx,b9a6cf42be3dd5d3a29d293c639820eee7544dafd3fa9a25a329925e9c17a72f
خچرخش|1398,خچرخش,1398,ONLY_CONSOLIDATED_AVAILABLE,1,0,1,0,0,0,,,
خچرخش|1399,خچرخش,1399,ONLY_CONSOLIDATED_AVAILABLE,1,0,1,0,0,0,,,
خچرخش|1400,خچرخش,1400,ONLY_CONSOLIDATED_AVAILABLE,1,0,1,0,0,0,,,
خچرخش|1401,خچرخش,1401,ONLY_CONSOLIDATED_AVAILABLE,1,0,1,0,0,0,,,
خچرخش|1402,خچرخش,1402,ONLY_CONSOLIDATED_AVAILABLE,1,0,1,0,0,0,,,
خبهمن|1392,خبهمن,1392,MATCHED_SEPARATE_VALID,1,1,0,0,0,0,original,خبهمن.zip!خبهمن_۱۳۹۲_۱۲_۲۹_separate_ن-۱۰_صورتهای مالی سال مالی منتهی به ۱۳۹۲_۱۲_۲۹ (حسابرسی شده).xlsx,f0611877b872ca2263ea73f868294dc95443f3a34c7107225d62912e8186266e
خبهمن|1393,خبهمن,1393,MATCHED_SEPARATE_VALID,1,1,0,0,0,0,original,خبهمن.zip!خبهمن_۱۳۹۳_۱۲_۲۹_separate_ن-۱۰_صورتهای مالی سال مالی منتهی به ۱۳۹۳_۱۲_۲۹ (حسابرسی شده).xlsx,e8e827c40fe5ba35d2365c92d76bc4d76955a81bf5bea7cdf71155cbe35b70c4
خبهمن|1394,خبهمن,1394,MATCHED_SEPARATE_VALID,1,1,0,0,0,0,original,خبهمن.zip!خبهمن_۱۳۹۴_۱۲_۲۹_separate_ن-۱۰_صورت‌های مالی سال مالی منتهی به ۱۳۹۴_۱۲_۲۹ (حسابرسی شده).xlsx,48b0ea4fbcd7b45860d750d8bb53a358e580b611488d0be7c4c0d1be18c240bc
خبهمن|1395,خبهمن,1395,MATCHED_SEPARATE_CORRECTION_SELECTED,2,2,0,0,1,1,correction,خبهمن.zip!خبهمن_۱۳۹۵_۱۲_۳۰_separate_ن-۱۰_صورت‌های مالی سال مالی منتهی به ۱۳۹۵_۱۲_۳۰ (حسابرسی شده)(اصلاحیه).xlsx,85eb5d05ad2bea2999ff36ccf0cc61ae39e99b134475c46787cc5168aacd627e
خبهمن|1396,خبهمن,1396,MATCHED_SEPARATE_VALID,1,1,0,0,0,0,original,خبهمن.zip!خبهمن_۱۳۹۶_۱۲_۲۹_separate_ن-۱۰_صورت‌های مالی سال مالی منتهی به ۱۳۹۶_۱۲_۲۹ (حسابرسی شده).xlsx,135a67d06b9731667116d8e0489b4cecc837cec4ba4c5f1dc1e207e34d2e8c16
خبهمن|1397,خبهمن,1397,MATCHED_SEPARATE_VALID,1,1,0,0,0,0,original,خبهمن.zip!خبهمن_۱۳۹۷_۱۲_۲۹_separate_ن-۱۰_صورت‌های مالی سال مالی منتهی به ۱۳۹۷_۱۲_۲۹ (حسابرسی شده).xlsx,c75e169a665d6e1af9f468cc983ccf11e1ecf95ff05ea30979d19f4d0147c79d
خبهمن|1398,خبهمن,1398,MATCHED_SEPARATE_CORRECTION_SELECTED,2,2,0,0,1,1,correction,خبهمن.zip!خبهمن_۱۳۹۸_۱۲_۲۹_separate_ن-۱۰_صورت‌های مالی سال مالی منتهی به ۱۳۹۸_۱۲_۲۹ (حسابرسی شده)(اصلاحیه).xlsx,1a9ae7f27fc027ef8df8cbdfe4e55428d28429301251641da0905675a966e972
خبهمن|1399,خبهمن,1399,MATCHED_SEPARATE_CORRECTION_SELECTED,2,2,0,0,1,1,correction,خبهمن.zip!خبهمن_۱۳۹۹_۱۲_۳۰_separate_ن-۱۰_صورت‌های مالی سال مالی منتهی به ۱۳۹۹_۱۲_۳۰ (حسابرسی شده)(اصلاحیه).xlsx,cbad7bacd55fce6a03d6eeb06286df03ef01821dc10fc5d24d15f2fe0f00037c
خبهمن|1400,خبهمن,1400,MATCHED_SEPARATE_VALID,1,1,0,0,0,0,original,خبهمن.zip!خبهمن_۱۴۰۰_۱۲_۲۹_separate_ن-۱۰_صورت‌های مالی سال مالی منتهی به ۱۴۰۰_۱۲_۲۹ (حسابرسی شده).xlsx,6801b93623ab843063e0c449ecc587818331f2e4ff509fcb85555f6cdd41d03e
خبهمن|1401,خبهمن,1401,MATCHED_SEPARATE_VALID,1,1,0,0,0,0,original,خبهمن.zip!خبهمن_۱۴۰۱_۱۲_۲۹_separate_ن-۱۰_صورت‌های مالی سال مالی منتهی به ۱۴۰۱_۱۲_۲۹ (حسابرسی شده).xlsx,2f508285d8c9352cad8d535c346eb19c4f5629863878611ae5cc1cba6fb379f1
خبهمن|1402,خبهمن,1402,MATCHED_SEPARATE_VALID,1,1,0,0,0,0,original,خبهمن.zip!خبهمن_۱۴۰۲_۱۲_۲۹_separate_ن-۱۰_صورت‌های مالی سال مالی منتهی به ۱۴۰۲_۱۲_۲۹ (حسابرسی شده).xlsx,ec93c42c6d98bdd1b6e2f920d89b4300a01b96a2f20827a1aeeddd36a947f8e2
خکمک|1392,خکمک,1392,MATCHED_SEPARATE_VALID,1,1,0,0,0,0,original,خكمك.zip!خكمك_۱۳۹۲_۱۲_۲۹_separate_ن-۱۰_صورتهای مالی سال مالی منتهی به ۱۳۹۲_۱۲_۲۹ (حسابرسی شده).xlsx,6fe84014fcdb768f38c964091672f4674716a7d969824cb7c38913f604fdbd5b
خکمک|1393,خکمک,1393,MATCHED_SEPARATE_VALID,1,1,0,0,0,0,original,خكمك.zip!خكمك_۱۳۹۳_۱۲_۲۹_separate_ن-۱۰_صورتهای مالی سال مالی منتهی به ۱۳۹۳_۱۲_۲۹ (حسابرسی شده).xlsx,7f59ac4c6998590601b2118d61265b048cf297464579fb7f468287bb3c9b19a0
خکمک|1394,خکمک,1394,MATCHED_SEPARATE_VALID,1,1,0,0,0,0,original,خكمك.zip!خكمك_۱۳۹۴_۱۲_۲۹_separate_ن-۱۰_صورت‌های مالی سال مالی منتهی به ۱۳۹۴_۱۲_۲۹ (حسابرسی شده).xlsx,5e70a383e18d9c9f7a562e20bc98d321f1cd2573497eb31b1bfe0647577ed3e5
خکمک|1395,خکمک,1395,MATCHED_SEPARATE_VALID,1,1,0,0,0,0,original,خكمك.zip!خكمك_۱۳۹۵_۱۲_۳۰_separate_ن-۱۰_صورت‌های مالی سال مالی منتهی به ۱۳۹۵_۱۲_۳۰ (حسابرسی شده).xlsx,9c9719b0f8a7c13d83c896e5bb45d326cce4f39a5b07f8bff162d11dbaba2c4c
خکمک|1396,خکمک,1396,MATCHED_SEPARATE_VALID,1,1,0,0,0,0,original,خكمك.zip!خكمك_۱۳۹۶_۱۲_۲۹_separate_ن-۱۰_صورت‌های مالی سال مالی منتهی به ۱۳۹۶_۱۲_۲۹ (حسابرسی شده).xlsx,b5c70109b324602058012e665c716f0d8d248e50838a75ab5c517aaf6d30c3fa
خکمک|1397,خکمک,1397,MATCHED_SEPARATE_VALID,1,1,0,0,0,0,original,خكمك.zip!خكمك_۱۳۹۷_۱۲_۲۹_separate_ن-۱۰_صورت‌های مالی سال مالی منتهی به ۱۳۹۷_۱۲_۲۹ (حسابرسی شده).xlsx,98c8f5a9a1e826013a4732baec9a6cdb8554255c4eca94c0e2456a6dbba8efe6
خکمک|1398,خکمک,1398,MATCHED_SEPARATE_VALID,1,1,0,0,0,0,original,خكمك.zip!خكمك_۱۳۹۸_۱۲_۲۹_separate_ن-۱۰_صورت‌های مالی سال مالی منتهی به ۱۳۹۸_۱۲_۲۹ (حسابرسی شده).xlsx,a94724dc6feb2798929400bbc42c68ec815e4d0217583135cc933163ad17ba0f
خکمک|1399,خکمک,1399,MATCHED_SEPARATE_VALID,1,1,0,0,0,0,original,خكمك.zip!خكمك_۱۳۹۹_۱۲_۳۰_separate_ن-۱۰_صورت‌های مالی سال مالی منتهی به ۱۳۹۹_۱۲_۳۰ (حسابرسی شده).xlsx,7467dd7384c72b31c25a449c516713f08a3a1f9faa67c7b1348de0608c2ff0d2
خکمک|1400,خکمک,1400,MATCHED_SEPARATE_VALID,1,1,0,0,0,0,original,خكمك.zip!خكمك_۱۴۰۰_۱۲_۲۹_separate_ن-۱۰_صورت‌های مالی سال مالی منتهی به ۱۴۰۰_۱۲_۲۹ (حسابرسی شده).xlsx,b9221e73f7dcfae1e7135430bb2a91c85af16f882059819fc162b26ac0fb21ff
خکمک|1401,خکمک,1401,MATCHED_SEPARATE_VALID,1,1,0,0,0,0,original,خكمك.zip!خكمك_۱۴۰۱_۱۲_۲۹_separate_ن-۱۰_صورت‌های مالی سال مالی منتهی به ۱۴۰۱_۱۲_۲۹ (حسابرسی شده).xlsx,96644343c68d298dbe533c47cc73c27668f73943f0cd6d2ec6dec6ab398ab24f
خکمک|1402,خکمک,1402,MATCHED_SEPARATE_CORRECTION_SELECTED,2,2,0,0,1,1,correction,خكمك.zip!خكمك_۱۴۰۲_۱۲_۲۹_separate_ن-۱۰_صورت‌های مالی سال مالی منتهی به ۱۴۰۲_۱۲_۲۹ (حسابرسی شده)(اصلاحیه).xlsx,19db4fd4f22857d93d7d3ff2f4f17cf330d3dbebfc9a0e75a74f93a9f283aba2
خمهر|1392,خمهر,1392,MATCHED_SEPARATE_VALID,1,1,0,0,0,0,original,خمهر.zip!خمهر_۱۳۹۲_۱۲_۲۹_separate_ن-۱۰_صورتهای مالی سال مالی منتهی به ۱۳۹۲_۱۲_۲۹ (حسابرسی شده).xlsx,cb71bcbacad7c6bede61ca139eb3bc6aca0fa562c1bc7598bb6b20e43d88bafa
خمهر|1393,خمهر,1393,MATCHED_SEPARATE_VALID,1,1,0,0,0,0,original,خمهر.zip!خمهر_۱۳۹۳_۱۲_۲۹_separate_ن-۱۰_صورتهای مالی سال مالی منتهی به ۱۳۹۳_۱۲_۲۹ (حسابرسی شده).xlsx,bba214b3691866a8cc7e4c974953638e04255505b229722980d40b1fd9bd663e
خمهر|1394,خمهر,1394,MATCHED_SEPARATE_VALID,1,1,0,0,0,0,original,خمهر.zip!خمهر_۱۳۹۴_۱۲_۲۹_separate_ن-۱۰_صورت‌های مالی سال مالی منتهی به ۱۳۹۴_۱۲_۲۹ (حسابرسی شده).xlsx,d04700927a824487a499b4a5b205de73c7699670928cdf8269092e7bdc9fd7c7
خمهر|1395,خمهر,1395,MATCHED_SEPARATE_VALID,1,1,0,0,0,0,original,خمهر.zip!خمهر_۱۳۹۵_۱۲_۳۰_separate_ن-۱۰_صورت‌های مالی سال مالی منتهی به ۱۳۹۵_۱۲_۳۰ (حسابرسی شده).xlsx,695531343ec0df60dcd4332ba49a046838bf52dc0dc66b1ba3e9894a4d8be068
خمهر|1396,خمهر,1396,MATCHED_SEPARATE_VALID,1,1,0,0,0,0,original,خمهر.zip!خمهر_۱۳۹۶_۱۲_۲۹_separate_ن-۱۰_صورت‌های مالی سال مالی منتهی به ۱۳۹۶_۱۲_۲۹ (حسابرسی شده).xlsx,792cfca15c5adb71e68866ca9b6fb692c12b390a963ac8d559f79c2e641da20d
خمهر|1397,خمهر,1397,MATCHED_SEPARATE_VALID,1,1,0,0,0,0,original,خمهر.zip!خمهر_۱۳۹۷_۱۲_۲۹_separate_ن-۱۰_صورت‌های مالی سال مالی منتهی به ۱۳۹۷_۱۲_۲۹ (حسابرسی شده).xlsx,372d195a1a752618ba0323091efc37cfb77d600b2a0054e5b385291eb138da3f
خمهر|1398,خمهر,1398,MATCHED_SEPARATE_VALID,1,1,0,0,0,0,original,خمهر.zip!خمهر_۱۳۹۸_۱۲_۲۹_separate_ن-۱۰_صورت‌های مالی سال مالی منتهی به ۱۳۹۸_۱۲_۲۹ (حسابرسی شده).xlsx,96b23526c2407d8709e12d77d5ec388496285c531086bd034ea09a9688d9edfb
خمهر|1399,خمهر,1399,MATCHED_SEPARATE_VALID,1,1,0,0,0,0,original,خمهر.zip!خمهر_۱۳۹۹_۱۲_۳۰_separate_ن-۱۰_صورت‌های مالی سال مالی منتهی به ۱۳۹۹_۱۲_۳۰ (حسابرسی شده).xlsx,ac6325d9fb5aa266441b5eba1e0ce83c1c493171bbb8c70ee51e8e75111e8b1a
خمهر|1400,خمهر,1400,MATCHED_SEPARATE_VALID,1,1,0,0,0,0,original,خمهر.zip!خمهر_۱۴۰۰_۱۲_۲۹_separate_ن-۱۰_صورت‌های مالی سال مالی منتهی به ۱۴۰۰_۱۲_۲۹ (حسابرسی شده).xlsx,506b5b4af00da7d736e5a50fa49107945ecb5d0fac5ddd088b16f124ac9b1051
خمهر|1401,خمهر,1401,MATCHED_SEPARATE_VALID,1,1,0,0,0,0,original,خمهر.zip!خمهر_۱۴۰۱_۱۲_۲۹_separate_ن-۱۰_صورت‌های مالی سال مالی منتهی به ۱۴۰۱_۱۲_۲۹ (حسابرسی شده).xlsx,339ee83ef4ffc5ca8cd49125ca70c87e525f84554327110ddbecd58c8b9f4fa9
خمهر|1402,خمهر,1402,MATCHED_SEPARATE_VALID,1,1,0,0,0,0,original,خمهر.zip!خمهر_۱۴۰۲_۱۲_۲۹_separate_ن-۱۰_صورت‌های مالی سال مالی منتهی به ۱۴۰۲_۱۲_۲۹ (حسابرسی شده).xlsx,e1a08adbecb5c4b6061a1ce4c79db1a8583cf7b4feb97a70e826d977c91cc306
کهمدا|1392,کهمدا,1392,MATCHED_SEPARATE_VALID,1,1,0,0,0,0,original,كهمدا.zip!كهمدا_۱۳۹۲_۰۳_۳۱_separate_ن-۱۰_صورتهای مالی سال مالی منتهی به ۱۳۹۲_۰۳_۳۱ (حسابرسی شده).xlsx,29a65b92a92901ffbf9be20b0034e1b271e5025334a66b882c6f4ddc876dbc34
کهمدا|1393,کهمدا,1393,MATCHED_SEPARATE_VALID,1,1,0,0,0,0,original,كهمدا.zip!كهمدا_۱۳۹۳_۰۳_۳۱_separate_ن-۱۰_صورتهای مالی سال مالی منتهی به ۱۳۹۳_۰۳_۳۱ (حسابرسی شده).xlsx,69f28f2ea07d9a30d325f728c630082645d591face524ed40c4b058595c12d45
کهمدا|1394,کهمدا,1394,MATCHED_SEPARATE_VALID,1,1,0,0,0,0,original,كهمدا.zip!كهمدا_۱۳۹۴_۰۳_۳۱_separate_ن-۱۰_صورت‌های مالی سال مالی منتهی به ۱۳۹۴_۰۳_۳۱ (حسابرسی شده).xlsx,b4b94ae3c051cbdfaa6387153768a6a5bbe20a1b669c7df016df1b5e0da875d5
کهمدا|1395,کهمدا,1395,MATCHED_SEPARATE_VALID,1,1,0,0,0,0,original,كهمدا.zip!كهمدا_۱۳۹۵_۰۳_۳۱_separate_ن-۱۰_صورت‌های مالی سال مالی منتهی به ۱۳۹۵_۰۳_۳۱ (حسابرسی شده).xlsx,cc8e0afcddc000fbf97eb60b5784f36197cf2f150ad9b1684b02abc904b2d647
کهمدا|1396,کهمدا,1396,MATCHED_SEPARATE_VALID,1,1,0,0,0,0,original,كهمدا.zip!كهمدا_۱۳۹۶_۰۳_۳۱_separate_ن-۱۰_صورت‌های مالی سال مالی منتهی به ۱۳۹۶_۰۳_۳۱ (حسابرسی شده).xlsx,c574c490a9e3701c1d8028157234ef0483137d2eecb0c101dd3f7c02f0f0fe7e
کهمدا|1397,کهمدا,1397,MATCHED_SEPARATE_VALID,1,1,0,0,0,0,original,كهمدا.zip!كهمدا_۱۳۹۷_۰۳_۳۱_separate_ن-۱۰_صورت‌های مالی سال مالی منتهی به ۱۳۹۷_۰۳_۳۱ (حسابرسی شده).xlsx,1e39d7e66ad467a8f802043bd813a2dddb2fae9c1d36b41839101af4dacf9c51
کهمدا|1398,کهمدا,1398,MATCHED_SEPARATE_VALID,1,1,0,0,0,0,original,كهمدا.zip!كهمدا_۱۳۹۸_۰۳_۳۱_separate_ن-۱۰_صورت‌های مالی سال مالی منتهی به ۱۳۹۸_۰۳_۳۱ (حسابرسی شده).xlsx,a215afaae31c900d47116cd7cd7906a3ae132fd93e0d317c06f91075d8128617
کهمدا|1399,کهمدا,1399,MATCHED_SEPARATE_VALID,1,1,0,0,0,0,original,كهمدا.zip!كهمدا_۱۳۹۹_۰۳_۳۱_separate_ن-۱۰_صورت‌های مالی سال مالی منتهی به ۱۳۹۹_۰۳_۳۱ (حسابرسی شده).xlsx,4879ee1070745908eeca3555c0cc777017339ceff6fc239a5458b292d481756d
کهمدا|1400,کهمدا,1400,MATCHED_SEPARATE_VALID,1,1,0,0,0,0,original,كهمدا.zip!كهمدا_۱۴۰۰_۰۳_۳۱_separate_ن-۱۰_صورت‌های مالی سال مالی منتهی به ۱۴۰۰_۰۳_۳۱ (حسابرسی شده).xlsx,ec60ba8ef0de043a55fb827fcc31f8f978755ba802eb5b38f486c56ce7f6285c
کهمدا|1401,کهمدا,1401,MATCHED_SEPARATE_CORRECTION_SELECTED,2,2,0,0,1,1,correction,كهمدا.zip!كهمدا_۱۴۰۱_۰۳_۳۱_separate_ن-۱۰_صورت‌های مالی سال مالی منتهی به ۱۴۰۱_۰۳_۳۱ (حسابرسی شده)(اصلاحیه).xlsx,affba1fdb7e55e76469380ecc3fe8fa81d688b32313e70444ad63db2786de34d
کهمدا|1402,کهمدا,1402,MATCHED_SEPARATE_VALID,1,1,0,0,0,0,original,كهمدا.zip!كهمدا_۱۴۰۲_۰۳_۳۱_separate_ن-۱۰_صورت‌های مالی سال مالی منتهی به ۱۴۰۲_۰۳_۳۱ (حسابرسی شده).xlsx,9ab93916f4d2d5641a7308a4c182777a5230c737fff72d2ed5737f381576986a
خمحور|1392,خمحور,1392,MATCHED_SEPARATE_VALID,1,1,0,0,0,0,original,خمحور.zip!خمحور_۱۳۹۲_۱۲_۲۹_separate_ن-۱۰_صورتهای مالی سال مالی منتهی به ۱۳۹۲_۱۲_۲۹ (حسابرسی شده).xlsx,3f3f729d65e05a1d10921d8a449aa7fae80f4391cd4fe52210633c15f4bd1df0
خمحور|1393,خمحور,1393,MATCHED_SEPARATE_VALID,1,1,0,0,0,0,original,خمحور.zip!خمحور_۱۳۹۳_۱۲_۲۹_separate_ن-۱۰_صورتهای مالی سال مالی منتهی به ۱۳۹۳_۱۲_۲۹ (حسابرسی شده).xlsx,bb5c8ea4b089c3f1e9034bad3bc9819485e5fef5134597bdcbd81b9f8f8cdcec
خمحور|1394,خمحور,1394,MATCHED_SEPARATE_VALID,1,1,0,0,0,0,original,خمحور.zip!خمحور_۱۳۹۴_۱۲_۲۹_separate_ن-۱۰_صورت‌های مالی سال مالی منتهی به ۱۳۹۴_۱۲_۲۹ (حسابرسی شده).xlsx,6918d20e570e58411415a7c7acef78d5967862b13beaa2f028641485979b13f8
خمحور|1395,خمحور,1395,MATCHED_SEPARATE_VALID,1,1,0,0,0,0,original,خمحور.zip!خمحور_۱۳۹۵_۱۲_۳۰_separate_ن-۱۰_صورت‌های مالی سال مالی منتهی به ۱۳۹۵_۱۲_۳۰ (حسابرسی شده).xlsx,31ab8dd73c296d4a23343ca74bd52c117f58193d1d1a046d235f5e43517d486b
خمحور|1396,خمحور,1396,MATCHED_SEPARATE_VALID,1,1,0,0,0,0,original,خمحور.zip!خمحور_۱۳۹۶_۱۲_۲۹_separate_ن-۱۰_صورت‌های مالی سال مالی منتهی به ۱۳۹۶_۱۲_۲۹ (حسابرسی شده).xlsx,187f67b4a59fbb2ff72936891f2755648f63be17d55c068de75b9e3ae71126c7
خمحور|1397,خمحور,1397,MATCHED_SEPARATE_VALID,1,1,0,0,0,0,original,خمحور.zip!خمحور_۱۳۹۷_۱۲_۲۹_separate_ن-۱۰_صورت‌های مالی سال مالی منتهی به ۱۳۹۷_۱۲_۲۹ (حسابرسی شده).xlsx,1103255fe2aee5225fbf8a3b682a39b91bad640995b7a385282665ff58ad0473
خمحور|1398,خمحور,1398,MATCHED_SEPARATE_VALID,1,1,0,0,0,0,original,خمحور.zip!خمحور_۱۳۹۸_۱۲_۲۹_separate_ن-۱۰_صورت‌های مالی سال مالی منتهی به ۱۳۹۸_۱۲_۲۹ (حسابرسی شده).xlsx,e7e3572eeb5d8b81fef87e2ee8a9f07dd0658f942dd0af750b3af40f8f3429b5
خمحور|1399,خمحور,1399,MATCHED_SEPARATE_VALID,1,1,0,0,0,0,original,خمحور.zip!خمحور_۱۳۹۹_۱۲_۳۰_separate_ن-۱۰_صورت‌های مالی سال مالی منتهی به ۱۳۹۹_۱۲_۳۰ (حسابرسی شده).xlsx,1a3c153aefa2dde84a89c3ab37ada2bc4095afc89c8d45ef1a3d4f9197c9fa6b
خمحور|1400,خمحور,1400,MATCHED_SEPARATE_VALID,1,1,0,0,0,0,original,خمحور.zip!خمحور_۱۴۰۰_۱۲_۲۹_separate_ن-۱۰_صورت‌های مالی سال مالی منتهی به ۱۴۰۰_۱۲_۲۹ (حسابرسی شده).xlsx,3428f40dd88ed142cfa84a26d2ec82daacfa1e7e0dc6eeb5122dc171b1caacd0
خمحور|1401,خمحور,1401,MATCHED_SEPARATE_VALID,1,1,0,0,0,0,original,خمحور.zip!خمحور_۱۴۰۱_۱۲_۲۹_separate_ن-۱۰_صورت‌های مالی سال مالی منتهی به ۱۴۰۱_۱۲_۲۹ (حسابرسی شده).xlsx,8ad850c95594c9cd72d70298645b045a0d2b1d4cef82e2c02f8d6a7b49ffc0b2
خمحور|1402,خمحور,1402,MATCHED_SEPARATE_VALID,1,1,0,0,0,0,original,خمحور.zip!خمحور_۱۴۰۲_۱۲_۲۹_separate_ن-۱۰_صورت‌های مالی سال مالی منتهی به ۱۴۰۲_۱۲_۲۹ (حسابرسی شده).xlsx,3b855f929e77ddcf0ad9eeb744f4e942882d5a04202999f58881e04274718585
خنصیر|1392,خنصیر,1392,MATCHED_SEPARATE_VALID,1,1,0,0,0,0,original,خنصير.zip!خنصير_۱۳۹۲_۱۲_۲۹_separate_ن-۱۰_صورتهای مالی سال مالی منتهی به ۱۳۹۲_۱۲_۲۹ (حسابرسی شده).xlsx,712785e5a4923753efa83aa9fb2f24d3fce4ab0abad00b0c3fbbe2b319c6bfcf
خنصیر|1393,خنصیر,1393,MATCHED_SEPARATE_VALID,1,1,0,0,0,0,original,خنصير.zip!خنصير_۱۳۹۳_۱۲_۲۹_separate_ن-۱۰_صورتهای مالی سال مالی منتهی به ۱۳۹۳_۱۲_۲۹ (حسابرسی شده).xlsx,41bb9332f86c268a2a28649dcb6fd2670cf28dba557f6052bf13ccbb93137a70
خنصیر|1394,خنصیر,1394,ONLY_CONSOLIDATED_AVAILABLE,1,0,1,0,0,0,,,
خنصیر|1395,خنصیر,1395,ONLY_CONSOLIDATED_AVAILABLE,1,0,1,0,0,0,,,
خنصیر|1396,خنصیر,1396,ONLY_CONSOLIDATED_AVAILABLE,1,0,1,0,0,0,,,
خنصیر|1397,خنصیر,1397,ONLY_CONSOLIDATED_AVAILABLE,1,0,1,0,0,0,,,
خنصیر|1398,خنصیر,1398,ONLY_CONSOLIDATED_AVAILABLE,1,0,1,0,0,0,,,
خنصیر|1399,خنصیر,1399,ONLY_CONSOLIDATED_AVAILABLE,1,0,1,0,0,0,,,
خنصیر|1400,خنصیر,1400,ONLY_CONSOLIDATED_AVAILABLE,1,0,1,0,0,0,,,
خنصیر|1401,خنصیر,1401,ONLY_CONSOLIDATED_AVAILABLE,1,0,1,0,0,0,,,
خنصیر|1402,خنصیر,1402,ONLY_CONSOLIDATED_AVAILABLE,1,0,1,0,0,0,,,
خوساز|1393,خوساز,1393,MATCHED_SEPARATE_VALID,1,1,0,0,0,0,original,خوساز.zip!خوساز_۱۳۹۳_۱۲_۲۹_separate_ن-۱۰_صورتهای مالی سال مالی منتهی به ۱۳۹۳_۱۲_۲۹ (حسابرسی شده).xlsx,1cbd158793a37d61a6304334e62efdc568711a2e6d8eea67811dab72333b2315
خوساز|1394,خوساز,1394,MATCHED_SEPARATE_VALID,1,1,0,0,0,0,original,خوساز.zip!خوساز_۱۳۹۴_۱۲_۲۹_separate_ن-۱۰_صورت‌های مالی سال مالی منتهی به ۱۳۹۴_۱۲_۲۹ (حسابرسی شده).xlsx,d097d516c22ef9dcbbb7b43d881efad1df59c8f35fe943128e61fd67db9899af
خوساز|1395,خوساز,1395,MATCHED_SEPARATE_VALID,1,1,0,0,0,0,original,خوساز.zip!خوساز_۱۳۹۵_۱۲_۳۰_separate_ن-۱۰_صورت‌های مالی سال مالی منتهی به ۱۳۹۵_۱۲_۳۰ (حسابرسی شده).xlsx,a505a394dedf483336e982d8a47fc3974670c5743f5077c13e2f1b10b3f14a17
خوساز|1396,خوساز,1396,MATCHED_SEPARATE_VALID,1,1,0,0,0,0,original,خوساز.zip!خوساز_۱۳۹۶_۱۲_۲۹_separate_ن-۱۰_صورت‌های مالی سال مالی منتهی به ۱۳۹۶_۱۲_۲۹ (حسابرسی شده).xlsx,f1b60b408bfd1b0d9d02d45bd8e6db49a917a120f79a38b34e80a81bea1fb8ea
خوساز|1397,خوساز,1397,MATCHED_SEPARATE_CORRECTION_SELECTED,2,2,0,0,1,1,correction,خوساز.zip!خوساز_۱۳۹۷_۱۲_۲۹_separate_ن-۱۰_صورت‌های مالی سال مالی منتهی به ۱۳۹۷_۱۲_۲۹ (حسابرسی شده)(اصلاحیه).xlsx,e55f8e035de2a3e1162c5ab41f2e6d9cb01005e2908b83ca9d295173dd96f701
خوساز|1398,خوساز,1398,MATCHED_SEPARATE_VALID,1,1,0,0,0,0,original,خوساز.zip!خوساز_۱۳۹۸_۱۲_۲۹_separate_ن-۱۰_صورت‌های مالی سال مالی منتهی به ۱۳۹۸_۱۲_۲۹ (حسابرسی شده).xlsx,106ebd1a0e6f16f20e6439183fd084bff272f4303b16a819bf7f115a574cbc4e
خوساز|1399,خوساز,1399,MATCHED_SEPARATE_CORRECTION_SELECTED,2,2,0,0,1,1,correction,خوساز.zip!خوساز_۱۳۹۹_۱۲_۳۰_separate_ن-۱۰_صورت‌های مالی سال مالی منتهی به ۱۳۹۹_۱۲_۳۰ (حسابرسی شده)(اصلاحیه).xlsx,c88ec1bd07630e25c8bb289c5fffe8e44306656507dc2f753aedc8f54240dac5
خوساز|1400,خوساز,1400,MATCHED_SEPARATE_VALID,1,1,0,0,0,0,original,خوساز.zip!خوساز_۱۴۰۰_۱۲_۲۹_separate_ن-۱۰_صورت‌های مالی سال مالی منتهی به ۱۴۰۰_۱۲_۲۹ (حسابرسی شده).xlsx,0e3e187f6197b1319f2199c59510d629ddc310cd5055dd71b19042a83b5651ef
خوساز|1401,خوساز,1401,MATCHED_SEPARATE_VALID,1,1,0,0,0,0,original,خوساز.zip!خوساز_۱۴۰۱_۱۲_۲۹_separate_ن-۱۰_صورت‌های مالی سال مالی منتهی به ۱۴۰۱_۱۲_۲۹ (حسابرسی شده).xlsx,380b1cca1ab34348c44f56e1db67442c23952ff488e36bbab1a35534f83e71bd
خوساز|1402,خوساز,1402,MATCHED_SEPARATE_VALID,1,1,0,0,0,0,original,خوساز.zip!خوساز_۱۴۰۲_۱۲_۲۹_separate_ن-۱۰_صورت‌های مالی سال مالی منتهی به ۱۴۰۲_۱۲_۲۹ (حسابرسی شده).xlsx,6f59367c0726f22e4fd59692fabc74cceb66b82c625493cd67a047af7c3400c4
خرینگ|1392,خرینگ,1392,MATCHED_SEPARATE_VALID,1,1,0,0,0,0,original,خرينگ.zip!خرينگ_۱۳۹۲_۱۲_۲۹_separate_ن-۱۰_صورتهای مالی سال مالی منتهی به ۱۳۹۲_۱۲_۲۹ (حسابرسی شده).xlsx,1c8c0fc7b93a770354a76ba2810888ea554e55d6eb6447b58f1cc3a332418396
خرینگ|1393,خرینگ,1393,MATCHED_SEPARATE_VALID,1,1,0,0,0,0,original,خرينگ.zip!خرينگ_۱۳۹۳_۱۲_۲۹_separate_ن-۱۰_صورتهای مالی سال مالی منتهی به ۱۳۹۳_۱۲_۲۹ (حسابرسی شده).xlsx,6d6f6cbdd327f23ecf47dded1a47209d0624bbe467e9e531b9cc671463983a01
خرینگ|1394,خرینگ,1394,MATCHED_SEPARATE_VALID,1,1,0,0,0,0,original,خرينگ.zip!خرينگ_۱۳۹۴_۱۲_۲۹_separate_ن-۱۰_صورت‌های مالی سال مالی منتهی به ۱۳۹۴_۱۲_۲۹ (حسابرسی شده).xlsx,c7203271b862fde8c4c7a79aa98c9304ba18a3a925c7ad450649baa7b8773da6
خرینگ|1395,خرینگ,1395,MATCHED_SEPARATE_VALID,1,1,0,0,0,0,original,خرينگ.zip!خرينگ_۱۳۹۵_۱۲_۳۰_separate_ن-۱۰_صورت‌های مالی سال مالی منتهی به ۱۳۹۵_۱۲_۳۰ (حسابرسی شده).xlsx,024c71304327861757585f5b25051167b5e63f1ec11bcd2ebc3735b44ebfd31c
خرینگ|1396,خرینگ,1396,MATCHED_SEPARATE_VALID,1,1,0,0,0,0,original,خرينگ.zip!خرينگ_۱۳۹۶_۱۲_۲۹_separate_ن-۱۰_صورت‌های مالی سال مالی منتهی به ۱۳۹۶_۱۲_۲۹ (حسابرسی شده).xlsx,b210826beca2b9471e02f02c1f7342cc8769ef30c9d4110b3dfa47af553a91bc
خرینگ|1397,خرینگ,1397,MATCHED_SEPARATE_VALID,1,1,0,0,0,0,original,خرينگ.zip!خرينگ_۱۳۹۷_۱۲_۲۹_separate_ن-۱۰_صورت‌های مالی سال مالی منتهی به ۱۳۹۷_۱۲_۲۹ (حسابرسی شده).xlsx,f5baf21b18781c57a4cf53e2472be3c147bdfc7c0b1e05164d051bb0c651cea4
خرینگ|1398,خرینگ,1398,MATCHED_SEPARATE_VALID,1,1,0,0,0,0,original,خرينگ.zip!خرينگ_۱۳۹۸_۱۲_۲۹_separate_ن-۱۰_صورت‌های مالی سال مالی منتهی به ۱۳۹۸_۱۲_۲۹ (حسابرسی شده).xlsx,20a1aff1cb8b4d6f7ed48bef0b914bec56297c5e6194ba1d51691ac828a1a8e1
خرینگ|1399,خرینگ,1399,MATCHED_SEPARATE_VALID,1,1,0,0,0,0,original,خرينگ.zip!خرينگ_۱۳۹۹_۱۲_۳۰_separate_ن-۱۰_صورت‌های مالی سال مالی منتهی به ۱۳۹۹_۱۲_۳۰ (حسابرسی شده).xlsx,108279f0dd7fb038a8aa188fdfcdbbdbae5d3ab1ac6fe47274776bfd0d47323d
خرینگ|1400,خرینگ,1400,MATCHED_SEPARATE_VALID,1,1,0,0,0,0,original,خرينگ.zip!خرينگ_۱۴۰۰_۱۲_۲۹_separate_ن-۱۰_صورت‌های مالی سال مالی منتهی به ۱۴۰۰_۱۲_۲۹ (حسابرسی شده).xlsx,2e9a0aee4f65a6ef4199e4535803292b1d0485f3909449b401928602db5d1ec9
خرینگ|1401,خرینگ,1401,MATCHED_SEPARATE_VALID,1,1,0,0,0,0,original,خرينگ.zip!خرينگ_۱۴۰۱_۱۲_۲۹_separate_ن-۱۰_صورت‌های مالی سال مالی منتهی به ۱۴۰۱_۱۲_۲۹ (حسابرسی شده).xlsx,cd1442e0921a6a4f35f4e9306b53dd6c972be1a83f5db410bd357f5c88a1f91d
خرینگ|1402,خرینگ,1402,MATCHED_SEPARATE_CORRECTION_SELECTED,2,2,0,0,1,1,correction,خرينگ.zip!خرينگ_۱۴۰۲_۱۲_۲۹_separate_ن-۱۰_صورت‌های مالی سال مالی منتهی به ۱۴۰۲_۱۲_۲۹ (حسابرسی شده)(اصلاحیه).xlsx,b9bac8e9c36cb7bb17d4dacc07b0a18fd83db5319e78a55211c0317c36443d99
ختوقا|1392,ختوقا,1392,MATCHED_SEPARATE_VALID,1,1,0,0,0,0,original,ختوقا.zip!ختوقا_۱۳۹۲_۱۲_۲۹_separate_ن-۱۰_صورتهای مالی سال مالی منتهی به ۱۳۹۲_۱۲_۲۹ (حسابرسی شده).xlsx,f98e553fb017ca5b862e59c890c91d1ff774d25e3232c82840ac14805c64fa94
ختوقا|1393,ختوقا,1393,MATCHED_SEPARATE_VALID,1,1,0,0,0,0,original,ختوقا.zip!ختوقا_۱۳۹۳_۱۲_۲۹_separate_ن-۱۰_صورتهای مالی سال مالی منتهی به ۱۳۹۳_۱۲_۲۹ (حسابرسی شده).xlsx,5d776b322107eb5b734d42ee199ec987b3491ac46fd381faabad750e7a8f2912
ختوقا|1394,ختوقا,1394,MATCHED_SEPARATE_VALID,1,1,0,0,0,0,original,ختوقا.zip!ختوقا_۱۳۹۴_۱۲_۲۹_separate_ن-۱۰_صورت‌های مالی سال مالی منتهی به ۱۳۹۴_۱۲_۲۹ (حسابرسی شده).xlsx,d7bdf8d13c78bf4e939906b98e0a4d3577cd47be0aeda82e155bf279fb048f10
ختوقا|1395,ختوقا,1395,MATCHED_SEPARATE_VALID,1,1,0,0,0,0,original,ختوقا.zip!ختوقا_۱۳۹۵_۱۲_۳۰_separate_ن-۱۰_صورت‌های مالی سال مالی منتهی به ۱۳۹۵_۱۲_۳۰ (حسابرسی شده).xlsx,26a3559179ef5ec3620a275a9d796ed2fbe473e4f5b33e5c3a73e38c41370563
ختوقا|1396,ختوقا,1396,MATCHED_SEPARATE_VALID,1,1,0,0,0,0,original,ختوقا.zip!ختوقا_۱۳۹۶_۱۲_۲۹_separate_ن-۱۰_صورت‌های مالی سال مالی منتهی به ۱۳۹۶_۱۲_۲۹ (حسابرسی شده).xlsx,3038c00c1e1c2637500bb1c49133876a3dc7f2cc4a02bf1566215fd472c6b1da
ختوقا|1397,ختوقا,1397,MATCHED_SEPARATE_VALID,1,1,0,0,0,0,original,ختوقا.zip!ختوقا_۱۳۹۷_۱۲_۲۹_separate_ن-۱۰_صورت‌های مالی سال مالی منتهی به ۱۳۹۷_۱۲_۲۹ (حسابرسی شده).xlsx,3ecf1c691608b5320864df959fd432125b2d9c2c09b61682ae98516559deb01d
ختوقا|1398,ختوقا,1398,MATCHED_SEPARATE_CORRECTION_SELECTED,2,2,0,0,1,1,correction,ختوقا.zip!ختوقا_۱۳۹۸_۱۲_۲۹_separate_ن-۱۰_صورت‌های مالی سال مالی منتهی به ۱۳۹۸_۱۲_۲۹ (حسابرسی شده)(اصلاحیه).xlsx,ae14ab28f58473fa1306b6440fbff3b4d6c89d5c95515e037e10060c66166ef9
ختوقا|1399,ختوقا,1399,MATCHED_SEPARATE_VALID,1,1,0,0,0,0,original,ختوقا.zip!ختوقا_۱۳۹۹_۱۲_۳۰_separate_ن-۱۰_صورت‌های مالی سال مالی منتهی به ۱۳۹۹_۱۲_۳۰ (حسابرسی شده).xlsx,9863f93db1729c2792dc22733f4e4812b6a2cf6f7e75d1f6a0bc3d36fb962d80
ختوقا|1400,ختوقا,1400,MATCHED_SEPARATE_VALID,1,1,0,0,0,0,original,ختوقا.zip!ختوقا_۱۴۰۰_۱۲_۲۹_separate_ن-۱۰_صورت‌های مالی سال مالی منتهی به ۱۴۰۰_۱۲_۲۹ (حسابرسی شده).xlsx,ccfd11e874b94c08a2c2856a0e4efcb5400bfff36b356ea12017b6b02e7edd4e
ختوقا|1401,ختوقا,1401,MATCHED_SEPARATE_VALID,1,1,0,0,0,0,original,ختوقا.zip!ختوقا_۱۴۰۱_۱۲_۲۹_separate_ن-۱۰_صورت‌های مالی سال مالی منتهی به ۱۴۰۱_۱۲_۲۹ (حسابرسی شده).xlsx,0f2e28af096741533f9dda8a8c4fd77f904b1879c6edd29789865a7ac592ab49
ختوقا|1402,ختوقا,1402,MATCHED_SEPARATE_VALID,1,1,0,0,0,0,original,ختوقا.zip!ختوقا_۱۴۰۲_۱۲_۲۹_separate_ن-۱۰_صورت‌های مالی سال مالی منتهی به ۱۴۰۲_۱۲_۲۹ (حسابرسی شده).xlsx,bb67d9ed8a595add9ce498e03b370e0582407d0a2a81cb2bd4840b1682baeb04
خوساز|1392,خوساز,1392,MATCHED_SEPARATE_VALID,1,1,0,0,0,0,original,خوساز.zip!خوساز_۱۳۹۲_۱۲_۲۹_separate_ن-۱۰_صورتهای مالی سال مالی منتهی به ۱۳۹۲_۱۲_۲۹ (حسابرسی شده).xlsx,b4c598682fb2336b797ed414cd9bbb979b973f9570c5c3e5824bdac0c2622a40
کیمیاتک|1399,کیمیاتک,1399,MATCHED_SEPARATE_VALID,1,1,0,0,0,0,original,كيمياتك.zip!كيمياتك_۱۳۹۹_۱۲_۳۰_separate_ن-۱۰_صورت‌های مالی سال مالی منتهی به ۱۳۹۹_۱۲_۳۰ (حسابرسی شده).xlsx,621d653f643c733316335b3fdd52386bef9bac171568e8f605281c0cafe72e43
کیمیاتک|1400,کیمیاتک,1400,ONLY_CONSOLIDATED_AVAILABLE,1,0,1,0,0,0,,,
کیمیاتک|1401,کیمیاتک,1401,ONLY_CONSOLIDATED_AVAILABLE,1,0,1,0,0,0,,,
کیمیاتک|1402,کیمیاتک,1402,ONLY_CONSOLIDATED_AVAILABLE,1,0,1,0,0,0,,,
کرازی|1392,کرازی,1392,MATCHED_SEPARATE_VALID,1,1,0,0,0,0,original,كرازي.zip!كرازي_۱۳۹۲_۱۲_۲۹_separate_ن-۱۰_صورتهای مالی سال مالی منتهی به ۱۳۹۲_۱۲_۲۹ (حسابرسی شده).xlsx,f42eba0f6b55fcb7a68d09f19593a2ae7df646e24c38e624c7633866d9eb101a
کرازی|1393,کرازی,1393,MATCHED_SEPARATE_VALID,1,1,0,0,0,0,original,كرازي.zip!كرازي_۱۳۹۳_۱۲_۲۹_separate_ن-۱۰_صورتهای مالی سال مالی منتهی به ۱۳۹۳_۱۲_۲۹ (حسابرسی شده).xlsx,d4051440abcbae2995ed73c0f8010b7f99a95c78116e4baa108e791e93be1e5c
کرازی|1394,کرازی,1394,ONLY_CONSOLIDATED_AVAILABLE,1,0,1,0,0,0,,,
کرازی|1395,کرازی,1395,ONLY_CONSOLIDATED_AVAILABLE,1,0,1,0,0,0,,,
کرازی|1396,کرازی,1396,ONLY_CONSOLIDATED_AVAILABLE,1,0,1,0,0,0,,,
کرازی|1397,کرازی,1397,ONLY_CONSOLIDATED_AVAILABLE,1,0,1,0,0,0,,,
کرازی|1398,کرازی,1398,ONLY_CONSOLIDATED_AVAILABLE,1,0,1,0,0,0,,,
کرازی|1399,کرازی,1399,ONLY_CONSOLIDATED_AVAILABLE,1,0,1,0,0,0,,,
کرازی|1400,کرازی,1400,ONLY_CONSOLIDATED_AVAILABLE,1,0,1,0,0,0,,,
کرازی|1401,کرازی,1401,ONLY_CONSOLIDATED_AVAILABLE,1,0,1,0,0,0,,,
کرازی|1402,کرازی,1402,ONLY_CONSOLIDATED_AVAILABLE,1,0,1,0,0,0,,,
کروی|1392,کروی,1392,MATCHED_SEPARATE_VALID,1,1,0,0,0,0,original,كروي.zip!كروي_۱۳۹۲_۱۲_۲۹_separate_ن-۱۰_صورتهای مالی سال مالی منتهی به ۱۳۹۲_۱۲_۲۹ (حسابرسی شده).xlsx,cf8ee9b334162bfb5b9c9bb7bb96e85066d0952d9455c87d79c14e92978ecaae
کروی|1393,کروی,1393,MATCHED_SEPARATE_VALID,1,1,0,0,0,0,original,كروي.zip!كروي_۱۳۹۳_۱۲_۲۹_separate_ن-۱۰_صورتهای مالی سال مالی منتهی به ۱۳۹۳_۱۲_۲۹ (حسابرسی شده).xlsx,31d8d61eaea7c9e11a0a05545879980c54d5e33b6042b15e04da560afea0b7d3
کروی|1394,کروی,1394,MATCHED_SEPARATE_VALID,1,1,0,0,0,0,original,كروي.zip!كروي_۱۳۹۴_۱۲_۲۹_separate_ن-۱۰_صورت‌های مالی سال مالی منتهی به ۱۳۹۴_۱۲_۲۹ (حسابرسی شده).xlsx,2b0907bf910079d27cba8e74296208ad32c2f3a26b7ebc2dcf8f3a10067dfd90
کروی|1395,کروی,1395,MATCHED_SEPARATE_VALID,1,1,0,0,0,0,original,كروي.zip!كروي_۱۳۹۵_۱۲_۳۰_separate_ن-۱۰_صورت‌های مالی سال مالی منتهی به ۱۳۹۵_۱۲_۳۰ (حسابرسی شده).xlsx,3eefc224e1a386eeea57dc12812b0d411581d54e4adc72d84d1ad25468bd3b0b
کروی|1396,کروی,1396,MATCHED_SEPARATE_VALID,1,1,0,0,0,0,original,كروي.zip!كروي_۱۳۹۶_۱۲_۲۹_separate_ن-۱۰_صورت‌های مالی سال مالی منتهی به ۱۳۹۶_۱۲_۲۹ (حسابرسی شده).xlsx,13c8f0014e6c508a02353c69e62ef312a93a08761e4f50199187b6ca0772b992
کروی|1397,کروی,1397,MATCHED_SEPARATE_VALID,1,1,0,0,0,0,original,كروي.zip!كروي_۱۳۹۷_۱۲_۲۹_separate_ن-۱۰_صورت‌های مالی سال مالی منتهی به ۱۳۹۷_۱۲_۲۹ (حسابرسی شده).xlsx,3022d4c114daef2f603081c99299fb217fc29568640e9b1674528be6bd41ad17
کروی|1398,کروی,1398,MATCHED_SEPARATE_VALID,1,1,0,0,0,0,original,كروي.zip!كروي_۱۳۹۸_۱۲_۲۹_separate_ن-۱۰_صورت‌های مالی سال مالی منتهی به ۱۳۹۸_۱۲_۲۹ (حسابرسی شده).xlsx,778559607878ee9aa49d48b6a746e5fbf9f4bc67db6ebec48cf92b460ef12b07
کروی|1399,کروی,1399,MATCHED_SEPARATE_VALID,1,1,0,0,0,0,original,كروي.zip!كروي_۱۳۹۹_۱۲_۳۰_separate_ن-۱۰_صورت‌های مالی سال مالی منتهی به ۱۳۹۹_۱۲_۳۰ (حسابرسی شده).xlsx,c57146d73d6b16f74a598ce7ed5f5ee858200e3c3288cfd93c2c304154f5a338
کروی|1400,کروی,1400,MATCHED_SEPARATE_VALID,1,1,0,0,0,0,original,كروي.zip!كروي_۱۴۰۰_۱۲_۲۹_separate_ن-۱۰_صورت‌های مالی سال مالی منتهی به ۱۴۰۰_۱۲_۲۹ (حسابرسی شده).xlsx,37033b024b09012fd73eb4f2cf0dee9df452a25c7a7d9b646ff1372c41f4776f
کروی|1401,کروی,1401,MATCHED_SEPARATE_VALID,1,1,0,0,0,0,original,كروي.zip!كروي_۱۴۰۱_۱۲_۲۹_separate_ن-۱۰_صورت‌های مالی سال مالی منتهی به ۱۴۰۱_۱۲_۲۹ (حسابرسی شده).xlsx,78c59a36c4d951b217874049bffcf7dc1684e7b41e6d0004fe589693f012608b
کروی|1402,کروی,1402,MATCHED_SEPARATE_VALID,1,1,0,0,0,0,original,كروي.zip!كروي_۱۴۰۲_۱۲_۲۹_separate_ن-۱۰_صورت‌های مالی سال مالی منتهی به ۱۴۰۲_۱۲_۲۹ (حسابرسی شده).xlsx,3ed04e330304a5dafb71d6858049ff4e26117145b07d38f2bc037d50d80a2c13
پارسان|1393,پارسان,1393,NO_ARCHIVE_MATCH,0,0,0,0,0,0,,,
پارسان|1394,پارسان,1394,MATCHED_SEPARATE_VALID,1,1,0,0,0,0,original,پارسان.zip!پارسان_۱۳۹۴_۰۶_۳۱_separate_ن-۱۰_صورت‌های مالی سال مالی منتهی به ۱۳۹۴_۰۶_۳۱ (حسابرسی شده).xlsx,c0a3ee5a52ffb24353186129a2ce5702ad31d609a998bf210e4389bdafcffd8a
پارسان|1395,پارسان,1395,MATCHED_SEPARATE_VALID,1,1,0,0,0,0,original,پارسان.zip!پارسان_۱۳۹۵_۰۶_۳۱_separate_ن-۱۰_صورت‌های مالی سال مالی منتهی به ۱۳۹۵_۰۶_۳۱ (حسابرسی شده).xlsx,22681bdc1afcfae24d25a554565d443d0f99a67a005c8096b3479c8e8e498f70
پارسان|1396,پارسان,1396,MATCHED_SEPARATE_VALID,1,1,0,0,0,0,original,پارسان.zip!پارسان_۱۳۹۶_۰۶_۳۱_separate_ن-۱۰_صورت‌های مالی سال مالی منتهی به ۱۳۹۶_۰۶_۳۱ (حسابرسی شده).xlsx,730fe806501137b8f27458f9fcaf9454d1b449965a0b91ab9f1de8e204d3d5a7
پارسان|1397,پارسان,1397,MATCHED_SEPARATE_VALID,1,1,0,0,0,0,original,پارسان.zip!پارسان_۱۳۹۷_۰۶_۳۱_separate_ن-۱۰_صورت‌های مالی سال مالی منتهی به ۱۳۹۷_۰۶_۳۱ (حسابرسی شده).xlsx,ec741784fed1a1d3cf52f4d8ccf1b08adb09c3d0cc638f3eecc443f884099733
پارسان|1398,پارسان,1398,MATCHED_SEPARATE_VALID,1,1,0,0,0,0,original,پارسان.zip!پارسان_۱۳۹۸_۰۶_۳۱_separate_ن-۱۰_صورت‌های مالی سال مالی منتهی به ۱۳۹۸_۰۶_۳۱ (حسابرسی شده).xlsx,653881bbc57e1e914f5810fb13289b76cdee9bde835ab41a63c503b70459093d
پارسان|1399,پارسان,1399,MATCHED_SEPARATE_VALID,1,1,0,0,0,0,original,پارسان.zip!پارسان_۱۳۹۹_۰۶_۳۱_separate_ن-۱۰_صورت‌های مالی سال مالی منتهی به ۱۳۹۹_۰۶_۳۱ (حسابرسی شده).xlsx,b44d169c8d85cdee3c0b25bce903f0d1b1e03bac505e8bdda62db2d29fc53b5e
پارسان|1400,پارسان,1400,MATCHED_SEPARATE_VALID,1,1,0,0,0,0,original,پارسان.zip!پارسان_۱۴۰۰_۰۶_۳۱_separate_ن-۱۰_صورت‌های مالی سال مالی منتهی به ۱۴۰۰_۰۶_۳۱ (حسابرسی شده).xlsx,d9b9c479c2b563d07446c0b8c0d47146acdf543520e7c84c915a4d2fb172a7b3
پارسان|1401,پارسان,1401,MATCHED_SEPARATE_VALID,1,1,0,0,0,0,original,پارسان.zip!پارسان_۱۴۰۱_۰۶_۳۱_separate_ن-۱۰_صورت‌های مالی سال مالی منتهی به ۱۴۰۱_۰۶_۳۱ (حسابرسی شده).xlsx,8ab89d10470459614f3d91b093e1d616e05214336670f55fed6b403fa5e47d4a
پارسان|1402,پارسان,1402,MATCHED_SEPARATE_VALID,1,1,0,0,0,0,original,پارسان.zip!پارسان_۱۴۰۲_۰۶_۳۱_separate_ن-۱۰_صورت‌های مالی سال مالی منتهی به ۱۴۰۲_۰۶_۳۱ (حسابرسی شده).xlsx,b95e4e8c8151d1df010deb0b9ede3d84025a2d05783de0dd71a2979c33bb388f
پسهند|1393,پسهند,1393,MATCHED_SEPARATE_VALID,1,1,0,0,0,0,original,پسهند.zip!پسهند_۱۳۹۳_۱۲_۲۹_separate_ن-۱۰_صورتهای مالی سال مالی منتهی به ۱۳۹۳_۱۲_۲۹ (حسابرسی شده).xlsx,5e9f64539d8fa87df3e0a82ecfe44a0e133ce3f729a139b9d69b4f7ac198a4e5
پسهند|1394,پسهند,1394,ONLY_CONSOLIDATED_AVAILABLE,1,0,1,0,0,0,,,
پسهند|1395,پسهند,1395,ONLY_CONSOLIDATED_AVAILABLE,1,0,1,0,0,0,,,
پسهند|1396,پسهند,1396,ONLY_CONSOLIDATED_AVAILABLE,1,0,1,0,0,0,,,
پسهند|1397,پسهند,1397,ONLY_CONSOLIDATED_AVAILABLE,1,0,1,0,0,0,,,
پسهند|1398,پسهند,1398,ONLY_CONSOLIDATED_AVAILABLE,1,0,1,0,0,0,,,
پسهند|1399,پسهند,1399,ONLY_CONSOLIDATED_AVAILABLE,1,0,1,0,0,0,,,
پسهند|1400,پسهند,1400,ONLY_CONSOLIDATED_AVAILABLE,1,0,1,0,0,0,,,
پسهند|1401,پسهند,1401,MATCHED_SEPARATE_VALID,1,1,0,0,0,0,original,پسهند.zip!پسهند_۱۴۰۱_۱۲_۲۹_separate_ن-۱۰_صورت‌های مالی سال مالی منتهی به ۱۴۰۱_۱۲_۲۹ (حسابرسی شده).xlsx,882e2594b8df381625233794daf5a7fa75c3c6f0cbae2976e9279d2aaab9dac8
پسهند|1402,پسهند,1402,MATCHED_SEPARATE_VALID,1,1,0,0,0,0,original,پسهند.zip!پسهند_۱۴۰۲_۱۲_۲۹_separate_ن-۱۰_صورت‌های مالی سال مالی منتهی به ۱۴۰۲_۱۲_۲۹ (حسابرسی شده).xlsx,fe8389c2b5280aff8ae45db8e6ef7ca6903ed7f2bcc90d0a8174942c9f83f02f
کویر|1393,کویر,1393,MATCHED_SEPARATE_VALID,1,1,0,0,0,0,original,كوير.zip!كوير_۱۳۹۳_۱۲_۲۹_separate_ن-۱۰_صورت‌های مالی سال مالی منتهی به ۱۳۹۳_۱۲_۲۹ (حسابرسی شده).xlsx,f0941247e2d66de804e33959905f2a4d445582e1463477aa9af7c93442f9b5c1
کویر|1394,کویر,1394,MATCHED_SEPARATE_VALID,1,1,0,0,0,0,original,كوير.zip!كوير_۱۳۹۴_۱۲_۲۹_separate_ن-۱۰_صورت‌های مالی سال مالی منتهی به ۱۳۹۴_۱۲_۲۹ (حسابرسی شده).xlsx,f0941247e2d66de804e33959905f2a4d445582e1463477aa9af7c93442f9b5c1
کویر|1395,کویر,1395,MATCHED_SEPARATE_VALID,1,1,0,0,0,0,original,كوير.zip!كوير_۱۳۹۵_۱۲_۳۰_separate_ن-۱۰_صورت‌های مالی سال مالی منتهی به ۱۳۹۵_۱۲_۳۰ (حسابرسی شده).xlsx,f0941247e2d66de804e33959905f2a4d445582e1463477aa9af7c93442f9b5c1
کویر|1396,کویر,1396,MATCHED_SEPARATE_VALID,1,1,0,0,0,0,original,كوير.zip!كوير_۱۳۹۶_۱۲_۲۹_separate_ن-۱۰_صورت‌های مالی سال مالی منتهی به ۱۳۹۶_۱۲_۲۹ (حسابرسی شده).xlsx,f0941247e2d66de804e33959905f2a4d445582e1463477aa9af7c93442f9b5c1
کویر|1397,کویر,1397,NO_ARCHIVE_MATCH,0,0,0,0,0,0,,,
کویر|1398,کویر,1398,ONLY_CONSOLIDATED_AVAILABLE,2,0,2,0,0,0,,,
کویر|1399,کویر,1399,ONLY_CONSOLIDATED_AVAILABLE,1,0,1,0,0,0,,,
کویر|1400,کویر,1400,ONLY_CONSOLIDATED_AVAILABLE,1,0,1,0,0,0,,,
کویر|1401,کویر,1401,ONLY_CONSOLIDATED_AVAILABLE,1,0,1,0,0,0,,,
کویر|1402,کویر,1402,ONLY_CONSOLIDATED_AVAILABLE,1,0,1,0,0,0,,,
لبوتان|1393,لبوتان,1393,MATCHED_SEPARATE_VALID,1,1,0,0,0,0,original,لبوتان.zip!لبوتان_۱۳۹۳_۱۲_۲۹_separate_ن-۱۰_صورتهای مالی سال مالی منتهی به ۱۳۹۳_۱۲_۲۹ (حسابرسی شده).xlsx,547cd7775e5c716276671fbe06f1f69bacdcecc55356fe5ca1435653dd8d5ecb
لبوتان|1394,لبوتان,1394,ONLY_CONSOLIDATED_AVAILABLE,1,0,1,0,0,0,,,
لبوتان|1395,لبوتان,1395,ONLY_CONSOLIDATED_AVAILABLE,1,0,1,0,0,0,,,
لبوتان|1396,لبوتان,1396,ONLY_CONSOLIDATED_AVAILABLE,1,0,1,0,0,0,,,
لبوتان|1397,لبوتان,1397,ONLY_CONSOLIDATED_AVAILABLE,1,0,1,0,0,0,,,
لبوتان|1398,لبوتان,1398,ONLY_CONSOLIDATED_AVAILABLE,1,0,1,0,0,0,,,
لبوتان|1399,لبوتان,1399,ONLY_CONSOLIDATED_AVAILABLE,1,0,1,0,0,0,,,
لبوتان|1400,لبوتان,1400,ONLY_CONSOLIDATED_AVAILABLE,1,0,1,0,0,0,,,
لبوتان|1401,لبوتان,1401,ONLY_CONSOLIDATED_AVAILABLE,1,0,1,0,0,0,,,
لبوتان|1402,لبوتان,1402,ONLY_CONSOLIDATED_AVAILABLE,1,0,1,0,0,0,,,
لابسا|1393,لابسا,1393,MATCHED_SEPARATE_VALID,1,1,0,0,0,0,original,لابسا.zip!لابسا_۱۳۹۳_۱۲_۲۹_separate_ن-۱۰_صورتهای مالی سال مالی منتهی به ۱۳۹۳_۱۲_۲۹ (حسابرسی شده).xlsx,3e73cdc47008cfa5468046bc4aa1b27c765d815f84a54a0c179ddae392039859
لابسا|1394,لابسا,1394,ONLY_CONSOLIDATED_AVAILABLE,1,0,1,0,0,0,,,
لابسا|1395,لابسا,1395,ONLY_CONSOLIDATED_AVAILABLE,1,0,1,0,0,0,,,
لابسا|1396,لابسا,1396,ONLY_CONSOLIDATED_AVAILABLE,1,0,1,0,0,0,,,
لابسا|1397,لابسا,1397,ONLY_CONSOLIDATED_AVAILABLE,1,0,1,0,0,0,,,
لابسا|1398,لابسا,1398,ONLY_CONSOLIDATED_AVAILABLE,1,0,1,0,0,0,,,
لابسا|1399,لابسا,1399,ONLY_CONSOLIDATED_AVAILABLE,1,0,1,0,0,0,,,
لابسا|1400,لابسا,1400,ONLY_CONSOLIDATED_AVAILABLE,1,0,1,0,0,0,,,
لابسا|1401,لابسا,1401,ONLY_CONSOLIDATED_AVAILABLE,1,0,1,0,0,0,,,
لابسا|1402,لابسا,1402,ONLY_CONSOLIDATED_AVAILABLE,1,0,1,0,0,0,,,
لسرما|1393,لسرما,1393,MATCHED_SEPARATE_VALID,1,1,0,0,0,0,original,لسرما.zip!لسرما_۱۳۹۳_۱۲_۲۹_separate_ن-۱۰_صورتهای مالی سال مالی منتهی به ۱۳۹۳_۱۲_۲۹ (حسابرسی شده).xlsx,1828889615b24474ee61c6857f19e95914307aa4d055ad6ad6ac49d168397775
لسرما|1394,لسرما,1394,ONLY_CONSOLIDATED_AVAILABLE,1,0,1,0,0,0,,,
لسرما|1395,لسرما,1395,ONLY_CONSOLIDATED_AVAILABLE,1,0,1,0,0,0,,,
لسرما|1396,لسرما,1396,ONLY_CONSOLIDATED_AVAILABLE,1,0,1,0,0,0,,,
لسرما|1397,لسرما,1397,ONLY_CONSOLIDATED_AVAILABLE,1,0,1,0,0,0,,,
لسرما|1398,لسرما,1398,ONLY_CONSOLIDATED_AVAILABLE,2,0,2,0,0,0,,,
لسرما|1399,لسرما,1399,ONLY_CONSOLIDATED_AVAILABLE,1,0,1,0,0,0,,,
لسرما|1400,لسرما,1400,ONLY_CONSOLIDATED_AVAILABLE,1,0,1,0,0,0,,,
لسرما|1401,لسرما,1401,ONLY_CONSOLIDATED_AVAILABLE,1,0,1,0,0,0,,,
لسرما|1402,لسرما,1402,ONLY_CONSOLIDATED_AVAILABLE,1,0,1,0,0,0,,,
لخزر|1393,لخزر,1393,MATCHED_SEPARATE_VALID,1,1,0,0,0,0,original,لخزر.zip!لخزر_۱۳۹۳_۱۲_۲۹_separate_ن-۱۰_صورتهای مالی سال مالی منتهی به ۱۳۹۳_۱۲_۲۹ (حسابرسی شده).xlsx,a06aba9db17bbaff633c95654bceb272dfe2eaa1327187e60a3a2466c4222b1f
لخزر|1394,لخزر,1394,MATCHED_SEPARATE_VALID,1,1,0,0,0,0,original,لخزر.zip!لخزر_۱۳۹۴_۱۲_۲۹_separate_ن-۱۰_صورت‌های مالی سال مالی منتهی به ۱۳۹۴_۱۲_۲۹ (حسابرسی شده).xlsx,a3936e171df6ff9edfb0d47ff4826063e18487923a9408b69c5788a433a12d72
لخزر|1395,لخزر,1395,MATCHED_SEPARATE_CORRECTION_SELECTED,2,2,0,0,1,1,correction,لخزر.zip!لخزر_۱۳۹۵_۱۲_۳۰_separate_ن-۱۰_صورت‌های مالی سال مالی منتهی به ۱۳۹۵_۱۲_۳۰ (حسابرسی شده)(اصلاحیه).xlsx,788f129b18cd7ca3a85403d95905186c6ff9bc040639b4bfa321f07056f742f0
لخزر|1396,لخزر,1396,MATCHED_SEPARATE_VALID,1,1,0,0,0,0,original,لخزر.zip!لخزر_۱۳۹۶_۱۲_۲۹_separate_ن-۱۰_صورت‌های مالی سال مالی منتهی به ۱۳۹۶_۱۲_۲۹ (حسابرسی شده).xlsx,73cf4a8a784a1b8f227369fe460834b79cde318f37da89ec27c65c54c6cf8657
لخزر|1397,لخزر,1397,MATCHED_SEPARATE_VALID,1,1,0,0,0,0,original,لخزر.zip!لخزر_۱۳۹۷_۱۲_۲۹_separate_ن-۱۰_صورت‌های مالی سال مالی منتهی به ۱۳۹۷_۱۲_۲۹ (حسابرسی شده).xlsx,4db354a21fec05b6c228452b3be318e02005dc71233fb066de45fb8e769a53a5
لخزر|1398,لخزر,1398,MATCHED_SEPARATE_VALID,2,1,1,0,0,0,original,لخزر.zip!لخزر_۱۳۹۸_۱۲_۲۹_separate_ن-۱۰_صورت‌های مالی سال مالی منتهی به ۱۳۹۸_۱۲_۲۹ (حسابرسی شده).xlsx,fb43f1e83a2812d83d6a7292d52345d6c2989252fde221897e8cba60eac1a746
لخزر|1399,لخزر,1399,ONLY_CONSOLIDATED_AVAILABLE,1,0,1,0,0,0,,,
لخزر|1400,لخزر,1400,ONLY_CONSOLIDATED_AVAILABLE,1,0,1,0,0,0,,,
لخزر|1401,لخزر,1401,ONLY_CONSOLIDATED_AVAILABLE,1,0,1,0,0,0,,,
لخزر|1402,لخزر,1402,ONLY_CONSOLIDATED_AVAILABLE,1,0,1,0,0,0,,,
نوری|1393,نوری,1393,MATCHED_SEPARATE_VALID,1,1,0,0,0,0,original,نوري.zip!نوري_۱۳۹۳_۱۲_۲۹_separate_ن-۱۰_صورتهای مالی سال مالی منتهی به ۱۳۹۳_۱۲_۲۹ (حسابرسی شده).xlsx,34206666e86bb031840802dd4c695326a169b79bbace3d7e41f2dbc08f03a667
نوری|1394,نوری,1394,MATCHED_SEPARATE_VALID,1,1,0,0,0,0,original,نوري.zip!نوري_۱۳۹۴_۱۲_۲۹_separate_ن-۱۰_صورت‌های مالی سال مالی منتهی به ۱۳۹۴_۱۲_۲۹ (حسابرسی شده).xlsx,db1ef7664466f4711e6fbb6c93e9d950600940bc7db9b38ef01036492d60c8e5
نوری|1395,نوری,1395,MATCHED_SEPARATE_VALID,1,1,0,0,0,0,original,نوري.zip!نوري_۱۳۹۵_۱۲_۳۰_separate_ن-۱۰_صورت‌های مالی سال مالی منتهی به ۱۳۹۵_۱۲_۳۰ (حسابرسی شده).xlsx,ca3a4a2d9f1aec8ad66ae7e25071287047b399674fe0dbbf41de48ded4b13ece
نوری|1396,نوری,1396,MATCHED_SEPARATE_VALID,1,1,0,0,0,0,original,نوري.zip!نوري_۱۳۹۶_۱۲_۲۹_separate_ن-۱۰_صورت‌های مالی سال مالی منتهی به ۱۳۹۶_۱۲_۲۹ (حسابرسی شده).xlsx,96601d9bceb6dce743750f2bc7d249a0988d40da7bd9137cbf11de4ce4cae2f7
نوری|1397,نوری,1397,MATCHED_SEPARATE_VALID,1,1,0,0,0,0,original,نوري.zip!نوري_۱۳۹۷_۱۲_۲۹_separate_ن-۱۰_صورت‌های مالی سال مالی منتهی به ۱۳۹۷_۱۲_۲۹ (حسابرسی شده).xlsx,1cb11916ab4c18fa96b49ded03db0b283e65aaba72a267b9db59856ccdbe1412
نوری|1398,نوری,1398,MATCHED_SEPARATE_VALID,1,1,0,0,0,0,original,نوري.zip!نوري_۱۳۹۸_۱۲_۲۹_separate_ن-۱۰_صورت‌های مالی سال مالی منتهی به ۱۳۹۸_۱۲_۲۹ (حسابرسی شده).xlsx,1fc931d9b7ac9573ca318079a063d3943950083cfa8e9c7461d70bd6a2fffc60
نوری|1399,نوری,1399,ONLY_CONSOLIDATED_AVAILABLE,1,0,1,0,0,0,,,
نوری|1400,نوری,1400,ONLY_CONSOLIDATED_AVAILABLE,1,0,1,0,0,0,,,
نوری|1401,نوری,1401,ONLY_CONSOLIDATED_AVAILABLE,1,0,1,0,0,0,,,
نوری|1402,نوری,1402,ONLY_CONSOLIDATED_AVAILABLE,1,0,1,0,0,0,,,
پرداخت|1394,پرداخت,1394,NO_ARCHIVE_MATCH,0,0,0,0,0,0,,,
پرداخت|1395,پرداخت,1395,MATCHED_SEPARATE_VALID,1,1,0,0,0,0,original,پرداخت.zip!پرداخت_۱۳۹۵_۱۲_۳۰_separate_ن-۱۰_صورت‌های مالی سال مالی منتهی به ۱۳۹۵_۱۲_۳۰ (حسابرسی شده).xlsx,e2e6cf5f15d96f3387fa20f4022c00e4ca1c264c09fd7d17aac4a1c78cd9fb6e
پرداخت|1396,پرداخت,1396,MATCHED_SEPARATE_CORRECTION_SELECTED,2,2,0,0,1,1,correction,پرداخت.zip!پرداخت_۱۳۹۶_۱۲_۲۹_separate_ن-۱۰_صورت‌های مالی سال مالی منتهی به ۱۳۹۶_۱۲_۲۹ (حسابرسی شده)(اصلاحیه).xlsx,60a6cd1e21b92a8343e4c82f5c5e64c8c21c0aeb521fe26641f1b1ff7b06f97f
پرداخت|1397,پرداخت,1397,MATCHED_SEPARATE_VALID,1,1,0,0,0,0,original,پرداخت.zip!پرداخت_۱۳۹۷_۱۲_۲۹_separate_ن-۱۰_صورت‌های مالی سال مالی منتهی به ۱۳۹۷_۱۲_۲۹ (حسابرسی شده).xlsx,a6cfbc8f356634cdc4527652665f48a66894f4dbc4efbdfdd8dbd81ae8b78ba8
پرداخت|1398,پرداخت,1398,MATCHED_SEPARATE_VALID,1,1,0,0,0,0,original,پرداخت.zip!پرداخت_۱۳۹۸_۱۲_۲۹_separate_ن-۱۰_صورت‌های مالی سال مالی منتهی به ۱۳۹۸_۱۲_۲۹ (حسابرسی شده).xlsx,f8a76f30905d728a9fe5562896765d955804c22d7fd7901b3c323b4eb7ec3071
پرداخت|1399,پرداخت,1399,MATCHED_SEPARATE_VALID,1,1,0,0,0,0,original,پرداخت.zip!پرداخت_۱۳۹۹_۱۲_۳۰_separate_ن-۱۰_صورت‌های مالی سال مالی منتهی به ۱۳۹۹_۱۲_۳۰ (حسابرسی شده).xlsx,20999681a01e54484db8f08d3a2d940de3e94336b723c35fcd8d5914a5f3c5b7
پرداخت|1400,پرداخت,1400,MATCHED_SEPARATE_VALID,1,1,0,0,0,0,original,پرداخت.zip!پرداخت_۱۴۰۰_۱۲_۲۹_separate_ن-۱۰_صورت‌های مالی سال مالی منتهی به ۱۴۰۰_۱۲_۲۹ (حسابرسی شده).xlsx,0ac9ca939590457a4decd5600c48ac8254ea7dbc3b114a2abf6bde0260f4ec7d
پرداخت|1401,پرداخت,1401,NO_ARCHIVE_MATCH,0,0,0,0,0,0,,,
پرداخت|1402,پرداخت,1402,MATCHED_SEPARATE_CORRECTION_SELECTED,2,2,0,0,1,1,correction,پرداخت.zip!پرداخت_۱۴۰۲_۰۹_۳۰_separate_ن-۱۰_صورت‌های مالی سال مالی منتهی به ۱۴۰۲_۰۹_۳۰ (حسابرسی شده)(اصلاحیه).xlsx,185be622ec55c0a27764b24a9b71d39db6fc41fe3535f78a9a6ff4ee52ee696b
پارس|1396,پارس,1396,MATCHED_SEPARATE_CORRECTION_SELECTED,2,2,0,0,1,1,correction,پارس.zip!پارس_۱۳۹۶_۱۲_۲۹_separate_ن-۱۰_صورت‌های مالی سال مالی منتهی به ۱۳۹۶_۱۲_۲۹ (حسابرسی شده)(اصلاحیه).xlsx,72f9ac5b8db5c3ed0b2baf32862ce10cce038273d1e723e9e0174d56990d63b2
پارس|1397,پارس,1397,MATCHED_SEPARATE_VALID,1,1,0,0,0,0,original,پارس.zip!پارس_۱۳۹۷_۱۲_۲۹_separate_ن-۱۰_صورت‌های مالی سال مالی منتهی به ۱۳۹۷_۱۲_۲۹ (حسابرسی شده).xlsx,3d0c01b6af257354c517c669b1ad285376c049dbac7d4243f5c6ddad7bdc78ba
پارس|1398,پارس,1398,MATCHED_SEPARATE_VALID,1,1,0,0,0,0,original,پارس.zip!پارس_۱۳۹۸_۱۲_۲۹_separate_ن-۱۰_صورت‌های مالی سال مالی منتهی به ۱۳۹۸_۱۲_۲۹ (حسابرسی شده).xlsx,415a7798ffbc1ad679773e2503308026d94841a8c510aa63187bff8b7c58f5d7
پارس|1399,پارس,1399,MATCHED_SEPARATE_VALID,1,1,0,0,0,0,original,پارس.zip!پارس_۱۳۹۹_۱۲_۳۰_separate_ن-۱۰_صورت‌های مالی سال مالی منتهی به ۱۳۹۹_۱۲_۳۰ (حسابرسی شده).xlsx,e020cadd43d40794214bdfabeeeb058ec40541a56ff6b1c49bfd1b58c4e56364
پارس|1400,پارس,1400,MATCHED_SEPARATE_VALID,1,1,0,0,0,0,original,پارس.zip!پارس_۱۴۰۰_۱۲_۲۹_separate_ن-۱۰_صورت‌های مالی سال مالی منتهی به ۱۴۰۰_۱۲_۲۹ (حسابرسی شده).xlsx,f0909c2978320a1e29a99e3759494b41ebaeed78b1b6a30b2ef26a987c867f26
پارس|1401,پارس,1401,MATCHED_SEPARATE_VALID,1,1,0,0,0,0,original,پارس.zip!پارس_۱۴۰۱_۱۲_۲۹_separate_ن-۱۰_صورت‌های مالی سال مالی منتهی به ۱۴۰۱_۱۲_۲۹ (حسابرسی شده).xlsx,042b77b762006ec85a1e7eff48b0ddfde7a1e4758832b612ba95c87774b8a19b
پارس|1402,پارس,1402,MATCHED_SEPARATE_VALID,1,1,0,0,0,0,original,پارس.zip!پارس_۱۴۰۲_۱۲_۲۹_separate_ن-۱۰_صورت‌های مالی سال مالی منتهی به ۱۴۰۲_۱۲_۲۹ (حسابرسی شده).xlsx,3f8702ebef69687adbed2705f7b2a6b5c7ed5d4ee0a00c7054d19845986f45f5
پدرخش|1393,پدرخش,1393,MATCHED_SEPARATE_VALID,1,1,0,0,0,0,original,پدرخش.zip!پدرخش_۱۳۹۳_۱۲_۲۹_separate_ن-۱۰_صورتهای مالی سال مالی منتهی به ۱۳۹۳_۱۲_۲۹ (حسابرسی شده).xlsx,434903ac0ac3290e02465cf6419a13e2610b282c345636cdbc30ddc0177cfbb6
پدرخش|1394,پدرخش,1394,MATCHED_SEPARATE_VALID,1,1,0,0,0,0,original,پدرخش.zip!پدرخش_۱۳۹۴_۱۲_۲۹_separate_ن-۱۰_صورت‌های مالی سال مالی منتهی به ۱۳۹۴_۱۲_۲۹ (حسابرسی شده).xlsx,0c91721d709e8fc4174ba279ae60646824b35990ff3616ca54ffdd82779bc94e
پدرخش|1395,پدرخش,1395,MATCHED_SEPARATE_VALID,1,1,0,0,0,0,original,پدرخش.zip!پدرخش_۱۳۹۵_۱۲_۳۰_separate_ن-۱۰_صورت‌های مالی سال مالی منتهی به ۱۳۹۵_۱۲_۳۰ (حسابرسی شده).xlsx,5b161e7ed283ecb9ae7d49f1481d852b92837aebb8004091ee6cbb2546ac241c
پدرخش|1396,پدرخش,1396,MATCHED_SEPARATE_VALID,1,1,0,0,0,0,original,پدرخش.zip!پدرخش_۱۳۹۶_۱۲_۲۹_separate_ن-۱۰_صورت‌های مالی سال مالی منتهی به ۱۳۹۶_۱۲_۲۹ (حسابرسی شده).xlsx,46dd646b3a1643586e2c1ea990a95bee9f227717a16f50aa33008f42aea083d3
پدرخش|1397,پدرخش,1397,MATCHED_SEPARATE_VALID,1,1,0,0,0,0,original,پدرخش.zip!پدرخش_۱۳۹۷_۱۲_۲۹_separate_ن-۱۰_صورت‌های مالی سال مالی منتهی به ۱۳۹۷_۱۲_۲۹ (حسابرسی شده).xlsx,bdeeea479909120d2e987db61b54a003944291a2aa46964c966d2be1271a727f
پدرخش|1398,پدرخش,1398,MATCHED_SEPARATE_VALID,1,1,0,0,0,0,original,پدرخش.zip!پدرخش_۱۳۹۸_۱۲_۲۹_separate_ن-۱۰_صورت‌های مالی سال مالی منتهی به ۱۳۹۸_۱۲_۲۹ (حسابرسی شده).xlsx,291e96703143dba54cba15c2387fe2b1a3a383ff4412dbd1856989a0e4bfd7b5
پدرخش|1399,پدرخش,1399,MATCHED_SEPARATE_VALID,1,1,0,0,0,0,original,پدرخش.zip!پدرخش_۱۳۹۹_۱۲_۳۰_separate_ن-۱۰_صورت‌های مالی سال مالی منتهی به ۱۳۹۹_۱۲_۳۰ (حسابرسی شده).xlsx,2ee0329eb3f323215acacaa45dceea0eb78ad8f19aa4d26ca87caefd681fc565
پدرخش|1400,پدرخش,1400,MATCHED_SEPARATE_VALID,1,1,0,0,0,0,original,پدرخش.zip!پدرخش_۱۴۰۰_۱۲_۲۹_separate_ن-۱۰_صورت‌های مالی سال مالی منتهی به ۱۴۰۰_۱۲_۲۹ (حسابرسی شده).xlsx,a54b11ae7b355c1e86d5be5e01fea85e7ed54cd512024933055089df95526f3b
پدرخش|1401,پدرخش,1401,MATCHED_SEPARATE_VALID,1,1,0,0,0,0,original,پدرخش.zip!پدرخش_۱۴۰۱_۱۲_۲۹_separate_ن-۱۰_صورت‌های مالی سال مالی منتهی به ۱۴۰۱_۱۲_۲۹ (حسابرسی شده).xlsx,4311872319126453c45f40de4b500f4e303739388a050f64b2730e61c945f183
پدرخش|1402,پدرخش,1402,MATCHED_SEPARATE_VALID,1,1,0,0,0,0,original,پدرخش.zip!پدرخش_۱۴۰۲_۱۲_۲۹_separate_ن-۱۰_صورت‌های مالی سال مالی منتهی به ۱۴۰۲_۱۲_۲۹ (حسابرسی شده).xlsx,f9c67a0f5dde769156e7439eacae8084a578a9078e7252788a68b22b526371a9
پی‌پاد|1395,پی‌پاد,1395,NO_ARCHIVE_MATCH,0,0,0,0,0,0,,,
پی‌پاد|1396,پی‌پاد,1396,MATCHED_SEPARATE_VALID,1,1,0,0,0,0,original,پي پاد.zip!پي پاد_۱۳۹۶_۱۲_۲۹_separate_ن-۱۰_صورت‌های مالی سال مالی منتهی به ۱۳۹۶_۱۲_۲۹ (حسابرسی شده).xlsx,1be499d3e4211d48bbfb94e628ddadee2845296d6cbf9ebce66d47ad3e88d84d
پی‌پاد|1397,پی‌پاد,1397,MATCHED_SEPARATE_VALID,1,1,0,0,0,0,original,پي پاد.zip!پي پاد_۱۳۹۷_۱۲_۲۹_separate_ن-۱۰_صورت‌های مالی سال مالی منتهی به ۱۳۹۷_۱۲_۲۹ (حسابرسی شده).xlsx,71a10b8ec25051d25581f35c49a4ca138820f67bbaa0688ebbaa2a0a27387508
پی‌پاد|1398,پی‌پاد,1398,MATCHED_SEPARATE_VALID,1,1,0,0,0,0,original,پي پاد.zip!پي پاد_۱۳۹۸_۱۲_۲۹_separate_ن-۱۰_صورت‌های مالی سال مالی منتهی به ۱۳۹۸_۱۲_۲۹ (حسابرسی شده).xlsx,e47b5cc51846faa0da9969b8ab8cf218ca9f14e118b5f2e8234f825e6ced0740
پی‌پاد|1399,پی‌پاد,1399,MATCHED_SEPARATE_VALID,1,1,0,0,0,0,original,پي پاد.zip!پي پاد_۱۳۹۹_۱۲_۳۰_separate_ن-۱۰_صورت‌های مالی سال مالی منتهی به ۱۳۹۹_۱۲_۳۰ (حسابرسی شده).xlsx,b72a48da5af8dce0966ebdc2f6a71be8ccfee0d1be8fe9df704e740d93533bed
پی‌پاد|1400,پی‌پاد,1400,MATCHED_SEPARATE_VALID,1,1,0,0,0,0,original,پي پاد.zip!پي پاد_۱۴۰۰_۱۲_۲۹_separate_ن-۱۰_صورت‌های مالی سال مالی منتهی به ۱۴۰۰_۱۲_۲۹ (حسابرسی شده).xlsx,121c4311cad5ee3fec2889a82545852caf2452bc00db302c1349e36007c5a0eb
پی‌پاد|1401,پی‌پاد,1401,NO_ARCHIVE_MATCH,0,0,0,0,0,0,,,
پی‌پاد|1402,پی‌پاد,1402,ONLY_CONSOLIDATED_AVAILABLE,2,0,2,0,0,0,,,
پلاسک|1393,پلاسک,1393,MATCHED_SEPARATE_VALID,1,1,0,0,0,0,original,پلاسك.zip!پلاسك_۱۳۹۳_۱۲_۲۹_separate_ن-۱۰_صورتهای مالی سال مالی منتهی به ۱۳۹۳_۱۲_۲۹ (حسابرسی شده).xlsx,62c685604b5b2571fe04337442ccc337e18c60af5720b9465feee2caa50c7ef4
پلاسک|1394,پلاسک,1394,MATCHED_SEPARATE_VALID,1,1,0,0,0,0,original,پلاسك.zip!پلاسك_۱۳۹۴_۱۲_۲۹_separate_ن-۱۰_صورت‌های مالی سال مالی منتهی به ۱۳۹۴_۱۲_۲۹ (حسابرسی شده).xlsx,102b35c0d78ff2098d8a8317fbb95fd56e2fd729ab239745684ff9361e641b95
پلاسک|1395,پلاسک,1395,MATCHED_SEPARATE_VALID,1,1,0,0,0,0,original,پلاسك.zip!پلاسك_۱۳۹۵_۱۲_۳۰_separate_ن-۱۰_صورت‌های مالی سال مالی منتهی به ۱۳۹۵_۱۲_۳۰ (حسابرسی شده).xlsx,2bdd2e2890e12b5adb26a64a1161c2a19393173c2bfe64b558100aab27a56925
پلاسک|1396,پلاسک,1396,MATCHED_SEPARATE_VALID,1,1,0,0,0,0,original,پلاسك.zip!پلاسك_۱۳۹۶_۱۲_۲۹_separate_ن-۱۰_صورت‌های مالی سال مالی منتهی به ۱۳۹۶_۱۲_۲۹ (حسابرسی شده).xlsx,87bf4f40f63bbe3cacd16414a75e66836c7d308216bc42e56a2b43f07c9b8a43
پلاسک|1397,پلاسک,1397,MATCHED_SEPARATE_VALID,1,1,0,0,0,0,original,پلاسك.zip!پلاسك_۱۳۹۷_۱۲_۲۹_separate_ن-۱۰_صورت‌های مالی سال مالی منتهی به ۱۳۹۷_۱۲_۲۹ (حسابرسی شده).xlsx,e9808b20b7315fa67d658ae196fb8c56e889fa8450f443832403ba86c10528d1
پلاسک|1398,پلاسک,1398,MATCHED_SEPARATE_VALID,1,1,0,0,0,0,original,پلاسك.zip!پلاسك_۱۳۹۸_۱۲_۲۹_separate_ن-۱۰_صورت‌های مالی سال مالی منتهی به ۱۳۹۸_۱۲_۲۹ (حسابرسی شده).xlsx,4c56223afc9d65da9d9f61cd1461b15a540ab09a038d1e024e0a93fef8e3a22c
پلاسک|1399,پلاسک,1399,MATCHED_SEPARATE_VALID,1,1,0,0,0,0,original,پلاسك.zip!پلاسك_۱۳۹۹_۱۲_۳۰_separate_ن-۱۰_صورت‌های مالی سال مالی منتهی به ۱۳۹۹_۱۲_۳۰ (حسابرسی شده).xlsx,0e32a0e680ed7328b6f2ccc46bae5a7a46b90d995e09f4f48657732c28db555c
پلاسک|1400,پلاسک,1400,MATCHED_SEPARATE_VALID,1,1,0,0,0,0,original,پلاسك.zip!پلاسك_۱۴۰۰_۱۲_۲۹_separate_ن-۱۰_صورت‌های مالی سال مالی منتهی به ۱۴۰۰_۱۲_۲۹ (حسابرسی شده).xlsx,a3ae241d868426471cf6bb3af59089304c1d3bc25754edef92b72d4959482479
پلاسک|1401,پلاسک,1401,MATCHED_SEPARATE_VALID,1,1,0,0,0,0,original,پلاسك.zip!پلاسك_۱۴۰۱_۱۲_۲۹_separate_ن-۱۰_صورت‌های مالی سال مالی منتهی به ۱۴۰۱_۱۲_۲۹ (حسابرسی شده).xlsx,e0f987c38c502534590c5d537b9b2e40a138462663439f322a9b1306264e82ff
پلاسک|1402,پلاسک,1402,MATCHED_SEPARATE_VALID,1,1,0,0,0,0,original,پلاسك.zip!پلاسك_۱۴۰۲_۱۲_۲۹_separate_ن-۱۰_صورت‌های مالی سال مالی منتهی به ۱۴۰۲_۱۲_۲۹ (حسابرسی شده).xlsx,0198229b99ce90219cad0a9db178471ba80b8a8b1565e19b3f292fe833f0c70c
رمپنا|1392,رمپنا,1392,MATCHED_SEPARATE_CORRECTION_SELECTED,2,2,0,0,1,1,correction,رمپنا.zip!رمپنا_۱۳۹۲_۱۲_۲۹_separate_ن-۱۰_صورتهای مالی سال مالی منتهی به ۱۳۹۲_۱۲_۲۹ (حسابرسی شده)(اصلاحیه).xlsx,46fe793361c2edb7a945b2e00d8f694f6a228b7ef15833d9ba572bb2593aab1c
رمپنا|1393,رمپنا,1393,MATCHED_SEPARATE_VALID,1,1,0,0,0,0,original,رمپنا.zip!رمپنا_۱۳۹۳_۱۲_۲۹_separate_ن-۱۰_صورتهای مالی سال مالی منتهی به ۱۳۹۳_۱۲_۲۹ (حسابرسی شده).xlsx,bc95f6baf58c6f5752b7f7c7f02b3d0e6546d8a3ccbb7614fed3200607cf902d
رمپنا|1394,رمپنا,1394,MATCHED_SEPARATE_VALID,2,1,1,0,0,0,original,رمپنا.zip!رمپنا_۱۳۹۴_۱۲_۲۹_separate_ن-۱۰_صورت‌های مالی سال مالی منتهی به ۱۳۹۴_۱۲_۲۹ (حسابرسی شده).xlsx,f596ceb5e522a304b9183c5ec9da5cd9be95af9bbd106cdbc605f75630354baf
رمپنا|1395,رمپنا,1395,ONLY_CONSOLIDATED_AVAILABLE,1,0,1,0,0,0,,,
رمپنا|1396,رمپنا,1396,ONLY_CONSOLIDATED_AVAILABLE,1,0,1,0,0,0,,,
رمپنا|1397,رمپنا,1397,NO_ARCHIVE_MATCH,0,0,0,0,0,0,,,
رمپنا|1398,رمپنا,1398,ONLY_CONSOLIDATED_AVAILABLE,1,0,1,0,0,0,,,
رمپنا|1399,رمپنا,1399,ONLY_CONSOLIDATED_AVAILABLE,1,0,1,0,0,0,,,
رمپنا|1400,رمپنا,1400,ONLY_CONSOLIDATED_AVAILABLE,1,0,1,0,0,0,,,
رمپنا|1401,رمپنا,1401,ONLY_CONSOLIDATED_AVAILABLE,1,0,1,0,0,0,,,
رانفور|1392,رانفور,1392,MATCHED_SEPARATE_VALID,1,1,0,0,0,0,original,رانفور.zip!رانفور_۱۳۹۲_۱۲_۲۹_separate_ن-۱۰_صورتهای مالی سال مالی منتهی به ۱۳۹۲_۱۲_۲۹ (حسابرسی شده).xlsx,cf24923eea9000d63ee4428c589645a973d9bfb5e8d66bf659dd1cf7cd063f3f
رانفور|1393,رانفور,1393,MATCHED_SEPARATE_VALID,1,1,0,0,0,0,original,رانفور.zip!رانفور_۱۳۹۳_۱۲_۲۹_separate_ن-۱۰_صورتهای مالی سال مالی منتهی به ۱۳۹۳_۱۲_۲۹ (حسابرسی شده).xlsx,8d233d77b84dbc16b8a8884e4249dca2a289cff1f5fa0e526666edb3f0f52543
رانفور|1394,رانفور,1394,MATCHED_SEPARATE_VALID,1,1,0,0,0,0,original,رانفور.zip!رانفور_۱۳۹۴_۱۲_۲۹_separate_ن-۱۰_صورت‌های مالی سال مالی منتهی به ۱۳۹۴_۱۲_۲۹ (حسابرسی شده).xlsx,24d6c7369936ed5754978f3e7b1edcb23d658aeee49de238eb240edd751bc790
رانفور|1395,رانفور,1395,MATCHED_SEPARATE_VALID,1,1,0,0,0,0,original,رانفور.zip!رانفور_۱۳۹۵_۱۲_۳۰_separate_ن-۱۰_صورت‌های مالی سال مالی منتهی به ۱۳۹۵_۱۲_۳۰ (حسابرسی شده).xlsx,0bae31ddf636dd983c892867b8cdaafe8a05c058b2d723f91c83ea743fefa226
رانفور|1396,رانفور,1396,ONLY_CONSOLIDATED_AVAILABLE,2,0,2,0,0,0,,,
رانفور|1397,رانفور,1397,ONLY_CONSOLIDATED_AVAILABLE,1,0,1,0,0,0,,,
رانفور|1398,رانفور,1398,ONLY_CONSOLIDATED_AVAILABLE,1,0,1,0,0,0,,,
رانفور|1399,رانفور,1399,ONLY_CONSOLIDATED_AVAILABLE,1,0,1,0,0,0,,,
رانفور|1400,رانفور,1400,ONLY_CONSOLIDATED_AVAILABLE,2,0,2,0,0,0,,,
رانفور|1401,رانفور,1401,ONLY_CONSOLIDATED_AVAILABLE,1,0,1,0,0,0,,,
رانفور|1402,رانفور,1402,ONLY_CONSOLIDATED_AVAILABLE,1,0,1,0,0,0,,,
سآبیک|1392,سآبیک,1392,MATCHED_SEPARATE_VALID,1,1,0,0,0,0,original,سآبيك.zip!سآبيك_۱۳۹۲_۱۲_۲۹_separate_ن-۱۰_صورتهای مالی سال مالی منتهی به ۱۳۹۲_۱۲_۲۹ (حسابرسی شده).xlsx,d2985360e6577b8d0e77f8c4a7669852c93422164019897fa395d3e16caada9c
سآبیک|1393,سآبیک,1393,NO_ARCHIVE_MATCH,0,0,0,0,0,0,,,
سآبیک|1394,سآبیک,1394,NO_ARCHIVE_MATCH,0,0,0,0,0,0,,,
سآبیک|1395,سآبیک,1395,NO_ARCHIVE_MATCH,0,0,0,0,0,0,,,
سآبیک|1396,سآبیک,1396,NO_ARCHIVE_MATCH,0,0,0,0,0,0,,,
سآبیک|1397,سآبیک,1397,NO_ARCHIVE_MATCH,0,0,0,0,0,0,,,
سآبیک|1398,سآبیک,1398,MATCHED_SEPARATE_VALID,1,1,0,0,0,0,original,سآبيك.zip!سآبيك_۱۳۹۸_۱۲_۲۹_separate_ن-۱۰_صورت‌های مالی سال مالی منتهی به ۱۳۹۸_۱۲_۲۹ (حسابرسی شده).xlsx,86af8cbfe06df54f14e84ef8a3033a5f2ba0090c1abd6e79ce74032164053ec1
سآبیک|1399,سآبیک,1399,MATCHED_SEPARATE_VALID,1,1,0,0,0,0,original,سآبيك.zip!سآبيك_۱۳۹۹_۱۲_۳۰_separate_ن-۱۰_صورت‌های مالی سال مالی منتهی به ۱۳۹۹_۱۲_۳۰ (حسابرسی شده).xlsx,c755e8f71a0afb0d848a20a66e362bb4c8477e785c48a1e029bc909d7f68cfb3
سآبیک|1400,سآبیک,1400,MATCHED_SEPARATE_VALID,1,1,0,0,0,0,original,سآبيك.zip!سآبيك_۱۴۰۰_۱۲_۲۹_separate_ن-۱۰_صورت‌های مالی سال مالی منتهی به ۱۴۰۰_۱۲_۲۹ (حسابرسی شده).xlsx,fd03a538beda9407edde0df2b6c179248a25efc0d5af527e551078c40dbebc7e
سآبیک|1401,سآبیک,1401,MATCHED_SEPARATE_VALID,1,1,0,0,0,0,original,سآبيك.zip!سآبيك_۱۴۰۱_۱۲_۲۹_separate_ن-۱۰_صورت‌های مالی سال مالی منتهی به ۱۴۰۱_۱۲_۲۹ (حسابرسی شده).xlsx,2c8abdf99b5d7475228c87fe3d44f5bfe5634a241e698bc2d17eb567aa91edf4
سآبیک|1402,سآبیک,1402,MATCHED_SEPARATE_CORRECTION_SELECTED,2,2,0,0,1,1,correction,سآبيك.zip!سآبيك_۱۴۰۲_۱۲_۲۹_separate_ن-۱۰_صورت‌های مالی سال مالی منتهی به ۱۴۰۲_۱۲_۲۹ (حسابرسی شده)(اصلاحیه).xlsx,af22242283d0c1900d609b4a1022ce34eb31ebcf7962f8363e49257be781e3a6
سبجنو|1393,سبجنو,1393,MATCHED_SEPARATE_VALID,1,1,0,0,0,0,original,سبجنو.zip!سبجنو_۱۳۹۳_۱۲_۲۹_separate_ن-۱۰_صورتهای مالی سال مالی منتهی به ۱۳۹۳_۱۲_۲۹ (حسابرسی شده).xlsx,8b9b8c61634db18f8d4f6a1d12b6ce81d084581f75437db024ba166961ef71bd
سبجنو|1394,سبجنو,1394,MATCHED_SEPARATE_VALID,1,1,0,0,0,0,original,سبجنو.zip!سبجنو_۱۳۹۴_۱۲_۲۹_separate_ن-۱۰_صورت‌های مالی سال مالی منتهی به ۱۳۹۴_۱۲_۲۹ (حسابرسی شده).xlsx,2cb5494651652082ac812c09d17817e6ac7aa8a6c51d6971340814164af12933
سبجنو|1395,سبجنو,1395,MATCHED_SEPARATE_VALID,1,1,0,0,0,0,original,سبجنو.zip!سبجنو_۱۳۹۵_۱۲_۳۰_separate_ن-۱۰_صورت‌های مالی سال مالی منتهی به ۱۳۹۵_۱۲_۳۰ (حسابرسی شده).xlsx,683b740a8b4bcb213136b87d88f9ba9dc282f7396c2163e2699cb332e0fa20d1
سبجنو|1396,سبجنو,1396,MATCHED_SEPARATE_VALID,1,1,0,0,0,0,original,سبجنو.zip!سبجنو_۱۳۹۶_۱۲_۲۹_separate_ن-۱۰_صورت‌های مالی سال مالی منتهی به ۱۳۹۶_۱۲_۲۹ (حسابرسی شده).xlsx,d6c8b1605e52fa4e5ecf7211ab78bf60a9f4f5d97adc56d81695623a5febe532
سبجنو|1397,سبجنو,1397,MATCHED_SEPARATE_CORRECTION_SELECTED,2,2,0,0,1,1,correction,سبجنو.zip!سبجنو_۱۳۹۷_۱۲_۲۹_separate_ن-۱۰_صورت‌های مالی سال مالی منتهی به ۱۳۹۷_۱۲_۲۹ (حسابرسی شده)(اصلاحیه).xlsx,1e4481a3d38d7c59a8d486d25eecae3c5e225c8689ab9be83f6d15ca4c6d38a9
سبجنو|1398,سبجنو,1398,MATCHED_SEPARATE_VALID,1,1,0,0,0,0,original,سبجنو.zip!سبجنو_۱۳۹۸_۱۲_۲۹_separate_ن-۱۰_صورت‌های مالی سال مالی منتهی به ۱۳۹۸_۱۲_۲۹ (حسابرسی شده).xlsx,b5561ee3ad6b612638323f359a793fe0893a47f162da50cc98117462fc5f2b78
سبجنو|1399,سبجنو,1399,MATCHED_SEPARATE_VALID,1,1,0,0,0,0,original,سبجنو.zip!سبجنو_۱۳۹۹_۱۲_۳۰_separate_ن-۱۰_صورت‌های مالی سال مالی منتهی به ۱۳۹۹_۱۲_۳۰ (حسابرسی شده).xlsx,5078426f10a5d6fc8bd7449eda3e619b748d86a2a12e5cada0c0663c621806e8
سبجنو|1400,سبجنو,1400,MATCHED_SEPARATE_VALID,1,1,0,0,0,0,original,سبجنو.zip!سبجنو_۱۴۰۰_۱۲_۲۹_separate_ن-۱۰_صورت‌های مالی سال مالی منتهی به ۱۴۰۰_۱۲_۲۹ (حسابرسی شده).xlsx,e99065f10edcc38f2157ef55c25f0226df65db1359fb27a2bc6a2b9952730494
سبجنو|1401,سبجنو,1401,MATCHED_SEPARATE_VALID,1,1,0,0,0,0,original,سبجنو.zip!سبجنو_۱۴۰۱_۱۲_۲۹_separate_ن-۱۰_صورت‌های مالی سال مالی منتهی به ۱۴۰۱_۱۲_۲۹ (حسابرسی شده).xlsx,13ca33c6dedb416cdedea5436f1e348118640716d309081c296020fa10c95595
سبجنو|1402,سبجنو,1402,MATCHED_SEPARATE_CORRECTION_SELECTED,2,2,0,0,1,1,correction,سبجنو.zip!سبجنو_۱۴۰۲_۱۲_۲۹_separate_ن-۱۰_صورت‌های مالی سال مالی منتهی به ۱۴۰۲_۱۲_۲۹ (حسابرسی شده)(اصلاحیه).xlsx,83dfb91b1dce80d9b5ece77e3af2027461611dc26185525baff18f2a278a1306
سفارس|1392,سفارس,1392,MATCHED_SEPARATE_VALID,1,1,0,0,0,0,original,سفارس.zip!سفارس_۱۳۹۲_۰۲_۳۱_separate_ن-۱۰_صورتهای مالی سال مالی منتهی به ۱۳۹۲_۰۲_۳۱ (حسابرسی شده).xlsx,ff1a033fc387aa14d7be0f91fbd59dea07987a761043cce77eac733ee4debe2a
سفارس|1393,سفارس,1393,MATCHED_SEPARATE_VALID,1,1,0,0,0,0,original,سفارس.zip!سفارس_۱۳۹۳_۰۲_۳۱_separate_ن-۱۰_صورتهای مالی سال مالی منتهی به ۱۳۹۳_۰۲_۳۱ (حسابرسی شده).xlsx,a2450f03fc950ff30abb910e556b884b79b1237ca2d771e9ec13f5309c8160bb
سفارس|1394,سفارس,1394,MATCHED_SEPARATE_VALID,1,1,0,0,0,0,original,سفارس.zip!سفارس_۱۳۹۴_۰۲_۳۱_separate_ن-۱۰_صورت‌های مالی سال مالی منتهی به ۱۳۹۴_۰۲_۳۱ (حسابرسی شده).xlsx,8f8051081f069f3e9da9528c1a506abf7de0209fae7e574f5256c1a1e57339c8
سفارس|1395,سفارس,1395,MATCHED_SEPARATE_VALID,1,1,0,0,0,0,original,سفارس.zip!سفارس_۱۳۹۵_۰۲_۳۱_separate_ن-۱۰_صورت‌های مالی سال مالی منتهی به ۱۳۹۵_۰۲_۳۱ (حسابرسی شده).xlsx,c70146bdc9b69f2f0f95c4c1b7a53f3f179e1730e277c17efd47ec0a1aee3be9
سفارس|1396,سفارس,1396,MATCHED_SEPARATE_VALID,1,1,0,0,0,0,original,سفارس.zip!سفارس_۱۳۹۶_۰۲_۳۱_separate_ن-۱۰_صورت‌های مالی سال مالی منتهی به ۱۳۹۶_۰۲_۳۱ (حسابرسی شده).xlsx,0267e02387167afcb920f939085e31a692b58a3663849502b3a392f376547fdc
سفارس|1397,سفارس,1397,MATCHED_SEPARATE_VALID,1,1,0,0,0,0,original,سفارس.zip!سفارس_۱۳۹۷_۰۲_۳۱_separate_ن-۱۰_صورت‌های مالی سال مالی منتهی به ۱۳۹۷_۰۲_۳۱ (حسابرسی شده).xlsx,f51e82861fe1e452e0d0203793ff66998f4d82d367bac52b2cea11299a57e3ce
سفارس|1398,سفارس,1398,MATCHED_SEPARATE_VALID,1,1,0,0,0,0,original,سفارس.zip!سفارس_۱۳۹۸_۰۲_۳۱_separate_ن-۱۰_صورت‌های مالی سال مالی منتهی به ۱۳۹۸_۰۲_۳۱ (حسابرسی شده).xlsx,acd95fe516bb42acfbc318bcf9ba2436251fc1d566d7b246774becb72b6d7916
سفارس|1399,سفارس,1399,MATCHED_SEPARATE_VALID,1,1,0,0,0,0,original,سفارس.zip!سفارس_۱۳۹۹_۰۲_۳۱_separate_ن-۱۰_صورت‌های مالی سال مالی منتهی به ۱۳۹۹_۰۲_۳۱ (حسابرسی شده).xlsx,28160eb7652616c0f2851c0e6aed2606ccf93e2d276ae4c9757b48011ad73395
سفارس|1400,سفارس,1400,MATCHED_SEPARATE_VALID,1,1,0,0,0,0,original,سفارس.zip!سفارس_۱۴۰۰_۰۲_۳۱_separate_ن-۱۰_صورت‌های مالی سال مالی منتهی به ۱۴۰۰_۰۲_۳۱ (حسابرسی شده).xlsx,32685ddf59039b3a347954e80a290d9d8c1ce08d933ea1cb7e3d082546fe63ea
سفارس|1401,سفارس,1401,MATCHED_SEPARATE_VALID,1,1,0,0,0,0,original,سفارس.zip!سفارس_۱۴۰۱_۰۲_۳۱_separate_ن-۱۰_صورت‌های مالی سال مالی منتهی به ۱۴۰۱_۰۲_۳۱ (حسابرسی شده).xlsx,ae6c3bc5600bc87257ee3305d07d3d8acf991c3586d92af23fa83c9bbf73315b
سفارس|1402,سفارس,1402,MATCHED_SEPARATE_VALID,1,1,0,0,0,0,original,سفارس.zip!سفارس_۱۴۰۲_۰۲_۳۱_separate_ن-۱۰_صورت‌های مالی سال مالی منتهی به ۱۴۰۲_۰۲_۳۱ (حسابرسی شده).xlsx,dc197f9af32034e0512a81993cf8072f19bdacc6956ad2f29b7a924332c238c2
سهگمت|1392,سهگمت,1392,MATCHED_SEPARATE_VALID,1,1,0,0,0,0,original,سهگمت.zip!سهگمت_۱۳۹۲_۱۰_۳۰_separate_ن-۱۰_صورتهای مالی سال مالی منتهی به ۱۳۹۲_۱۰_۳۰ (حسابرسی شده).xlsx,4eb13cc54250043f82cfd475805693b96c48f964003951c654bcb31ae6cb6b1f
سهگمت|1393,سهگمت,1393,MATCHED_SEPARATE_VALID,1,1,0,0,0,0,original,سهگمت.zip!سهگمت_۱۳۹۳_۱۰_۳۰_separate_ن-۱۰_صورتهای مالی سال مالی منتهی به ۱۳۹۳_۱۰_۳۰ (حسابرسی شده).xlsx,42251ba95a0c3e78c2c3b692ec6760064698e1b3037e4b478004128cd96b74c4
سهگمت|1394,سهگمت,1394,MATCHED_SEPARATE_VALID,1,1,0,0,0,0,original,سهگمت.zip!سهگمت_۱۳۹۴_۱۰_۳۰_separate_ن-۱۰_صورت‌های مالی سال مالی منتهی به ۱۳۹۴_۱۰_۳۰ (حسابرسی شده).xlsx,781fbe46923a35c249227a9a5b611dffd79bd14a18ddbcb0c4953e1644791c22
سهگمت|1395,سهگمت,1395,ONLY_CONSOLIDATED_AVAILABLE,1,0,1,0,0,0,,,
سهگمت|1396,سهگمت,1396,ONLY_CONSOLIDATED_AVAILABLE,2,0,2,0,0,0,,,
سهگمت|1397,سهگمت,1397,ONLY_CONSOLIDATED_AVAILABLE,1,0,1,0,0,0,,,
سهگمت|1398,سهگمت,1398,ONLY_CONSOLIDATED_AVAILABLE,1,0,1,0,0,0,,,
سهگمت|1399,سهگمت,1399,ONLY_CONSOLIDATED_AVAILABLE,1,0,1,0,0,0,,,
سهگمت|1400,سهگمت,1400,ONLY_CONSOLIDATED_AVAILABLE,1,0,1,0,0,0,,,
سهگمت|1401,سهگمت,1401,ONLY_CONSOLIDATED_AVAILABLE,1,0,1,0,0,0,,,
سهگمت|1402,سهگمت,1402,ONLY_CONSOLIDATED_AVAILABLE,1,0,1,0,0,0,,,
سخاش|1393,سخاش,1393,NO_ARCHIVE_MATCH,0,0,0,0,0,0,,,
سخاش|1394,سخاش,1394,NO_ARCHIVE_MATCH,0,0,0,0,0,0,,,
سخاش|1395,سخاش,1395,NO_ARCHIVE_MATCH,0,0,0,0,0,0,,,
سخاش|1396,سخاش,1396,NO_ARCHIVE_MATCH,0,0,0,0,0,0,,,
سخاش|1397,سخاش,1397,NO_ARCHIVE_MATCH,0,0,0,0,0,0,,,
سخاش|1398,سخاش,1398,NO_ARCHIVE_MATCH,0,0,0,0,0,0,,,
سخاش|1399,سخاش,1399,NO_ARCHIVE_MATCH,0,0,0,0,0,0,,,
سخاش|1400,سخاش,1400,NO_ARCHIVE_MATCH,0,0,0,0,0,0,,,
سخاش|1401,سخاش,1401,NO_ARCHIVE_MATCH,0,0,0,0,0,0,,,
سخاش|1402,سخاش,1402,NO_ARCHIVE_MATCH,0,0,0,0,0,0,,,
سخوز|1392,سخوز,1392,MATCHED_SEPARATE_CORRECTION_SELECTED,2,2,0,0,1,1,correction,سخوز.zip!سخوز_۱۳۹۲_۱۲_۲۹_separate_ن-۱۰_صورتهای مالی سال مالی منتهی به ۱۳۹۲_۱۲_۲۹ (حسابرسی شده)(اصلاحیه).xlsx,b365567569209a5c278de1b1cd8932bc041261ec58ce36764e9e7c3807e7f579
سخوز|1393,سخوز,1393,MATCHED_SEPARATE_VALID,1,1,0,0,0,0,original,سخوز.zip!سخوز_۱۳۹۳_۱۲_۲۹_separate_ن-۱۰_صورتهای مالی سال مالی منتهی به ۱۳۹۳_۱۲_۲۹ (حسابرسی شده).xlsx,bd0be4f9d51b593d4f4af83c72d2f97cee1fa4d0d1adb6f678fe354305009f1e
سخوز|1394,سخوز,1394,MATCHED_SEPARATE_VALID,1,1,0,0,0,0,original,سخوز.zip!سخوز_۱۳۹۴_۱۲_۲۹_separate_ن-۱۰_صورت‌های مالی سال مالی منتهی به ۱۳۹۴_۱۲_۲۹ (حسابرسی شده).xlsx,5021e2d83c8723ea3a327d9bffbbe889f654652e5164787ec5a4c4fb992873e4
سخوز|1395,سخوز,1395,MATCHED_SEPARATE_CORRECTION_SELECTED,2,2,0,0,1,1,correction,سخوز.zip!سخوز_۱۳۹۵_۱۲_۳۰_separate_ن-۱۰_صورت‌های مالی سال مالی منتهی به ۱۳۹۵_۱۲_۳۰ (حسابرسی شده)(اصلاحیه).xlsx,1fba046b8aa74ca115b9533f9c771b165163f3f8371615949648a0f3b4763409
سخوز|1396,سخوز,1396,MATCHED_SEPARATE_VALID,1,1,0,0,0,0,original,سخوز.zip!سخوز_۱۳۹۶_۱۲_۲۹_separate_ن-۱۰_صورت‌های مالی سال مالی منتهی به ۱۳۹۶_۱۲_۲۹ (حسابرسی شده).xlsx,6b17d266355221d5b39535fd65c86626c64e48d34b65a7f068c7821e6a513d41
سخوز|1397,سخوز,1397,MATCHED_SEPARATE_VALID,1,1,0,0,0,0,original,سخوز.zip!سخوز_۱۳۹۷_۱۲_۲۹_separate_ن-۱۰_صورت‌های مالی سال مالی منتهی به ۱۳۹۷_۱۲_۲۹ (حسابرسی شده).xlsx,03484fae882174da7d1ddc39e6033ee3d670650a14916b935f91880f6847585b
سخوز|1398,سخوز,1398,MATCHED_SEPARATE_VALID,1,1,0,0,0,0,original,سخوز.zip!سخوز_۱۳۹۸_۱۲_۲۹_separate_ن-۱۰_صورت‌های مالی سال مالی منتهی به ۱۳۹۸_۱۲_۲۹ (حسابرسی شده).xlsx,225a7d1dbf5ebfe1ac9d200381ca0b2688c2b7c6568a952a7733e5aec4ab05fc
سخوز|1399,سخوز,1399,ONLY_CONSOLIDATED_AVAILABLE,1,0,1,0,0,0,,,
سخوز|1400,سخوز,1400,ONLY_CONSOLIDATED_AVAILABLE,2,0,2,0,0,0,,,
سخوز|1401,سخوز,1401,ONLY_CONSOLIDATED_AVAILABLE,1,0,1,0,0,0,,,
سخوز|1402,سخوز,1402,ONLY_CONSOLIDATED_AVAILABLE,1,0,1,0,0,0,,,
سخزر|1392,سخزر,1392,MATCHED_SEPARATE_VALID,1,1,0,0,0,0,original,سخزر.zip!سخزر_۱۳۹۲_۱۲_۲۹_separate_ن-۱۰_صورتهای مالی سال مالی منتهی به ۱۳۹۲_۱۲_۲۹ (حسابرسی شده).xlsx,fd1d2759e56e7cf7571a975a71460aff8b382cfa126c6d26e90e88e389976d06
سخزر|1393,سخزر,1393,MATCHED_SEPARATE_VALID,1,1,0,0,0,0,original,سخزر.zip!سخزر_۱۳۹۳_۱۲_۲۹_separate_ن-۱۰_صورتهای مالی سال مالی منتهی به ۱۳۹۳_۱۲_۲۹ (حسابرسی شده).xlsx,4343ca74877baa542bf9df4f1103d99abecde34e4d8e72d11c06e6dc9156705b
سخزر|1394,سخزر,1394,MATCHED_SEPARATE_VALID,1,1,0,0,0,0,original,سخزر.zip!سخزر_۱۳۹۴_۱۲_۲۹_separate_ن-۱۰_صورت‌های مالی سال مالی منتهی به ۱۳۹۴_۱۲_۲۹ (حسابرسی شده).xlsx,09add546ff05782e697288ed76bc90a186268cd8126e6608aac5300e15b442d0
سخزر|1395,سخزر,1395,MATCHED_SEPARATE_VALID,1,1,0,0,0,0,original,سخزر.zip!سخزر_۱۳۹۵_۱۲_۳۰_separate_ن-۱۰_صورت‌های مالی سال مالی منتهی به ۱۳۹۵_۱۲_۳۰ (حسابرسی شده).xlsx,739c3fb448c3e0ea7fc760f8ae3924f9dadd0db49495e49845196aa92d84876e
سخزر|1396,سخزر,1396,MATCHED_SEPARATE_VALID,1,1,0,0,0,0,original,سخزر.zip!سخزر_۱۳۹۶_۱۲_۲۹_separate_ن-۱۰_صورت‌های مالی سال مالی منتهی به ۱۳۹۶_۱۲_۲۹ (حسابرسی شده).xlsx,38c05694bf829a54e6b0cdee38fc454884e9dee987ed65c427a4a332ed06f228
سخزر|1397,سخزر,1397,MATCHED_SEPARATE_VALID,1,1,0,0,0,0,original,سخزر.zip!سخزر_۱۳۹۷_۱۲_۲۹_separate_ن-۱۰_صورت‌های مالی سال مالی منتهی به ۱۳۹۷_۱۲_۲۹ (حسابرسی شده).xlsx,da5a7cf478f4574bc548fb8f97bf46af8d76c4a3feedd441384e29b0568c45e7
سخزر|1398,سخزر,1398,MATCHED_SEPARATE_VALID,1,1,0,0,0,0,original,سخزر.zip!سخزر_۱۳۹۸_۱۲_۲۹_separate_ن-۱۰_صورت‌های مالی سال مالی منتهی به ۱۳۹۸_۱۲_۲۹ (حسابرسی شده).xlsx,045c8d55757dc94559bcce69e1e589870b7fd49a6b32bc124c1fc981867437de
سخزر|1399,سخزر,1399,MATCHED_SEPARATE_VALID,1,1,0,0,0,0,original,سخزر.zip!سخزر_۱۳۹۹_۱۲_۳۰_separate_ن-۱۰_صورت‌های مالی سال مالی منتهی به ۱۳۹۹_۱۲_۳۰ (حسابرسی شده).xlsx,459c688cc545d3e746c300629c6f1df57e3b8a7ec28bf2be9070fedb035b23f1
سخزر|1400,سخزر,1400,MATCHED_SEPARATE_VALID,1,1,0,0,0,0,original,سخزر.zip!سخزر_۱۴۰۰_۱۲_۲۹_separate_ن-۱۰_صورت‌های مالی سال مالی منتهی به ۱۴۰۰_۱۲_۲۹ (حسابرسی شده).xlsx,f677eb8dd1c74bace5b0b48aeb2bc9aeca47255f4f76599630897f5b6d3df6a4
سخزر|1401,سخزر,1401,MATCHED_SEPARATE_VALID,1,1,0,0,0,0,original,سخزر.zip!سخزر_۱۴۰۱_۱۲_۲۹_separate_ن-۱۰_صورت‌های مالی سال مالی منتهی به ۱۴۰۱_۱۲_۲۹ (حسابرسی شده).xlsx,dd3e551d96afdc74838d29a93af5c4cb56d2ebdab7512d9fefbdbab00775a145
سخزر|1402,سخزر,1402,MATCHED_SEPARATE_CORRECTION_SELECTED,2,2,0,0,1,1,correction,سخزر.zip!سخزر_۱۴۰۲_۱۲_۲۹_separate_ن-۱۰_صورت‌های مالی سال مالی منتهی به ۱۴۰۲_۱۲_۲۹ (حسابرسی شده)(اصلاحیه).xlsx,55e5e4aebc5b56b2aacd9b1811ed5182257812c6a7ddd6f3b7476b5ac05b5cae
سمازن|1392,سمازن,1392,MATCHED_SEPARATE_VALID,1,1,0,0,0,0,original,سمازن.zip!سمازن_۱۳۹۲_۱۲_۲۹_separate_ن-۱۰_صورتهای مالی سال مالی منتهی به ۱۳۹۲_۱۲_۲۹ (حسابرسی شده).xlsx,c8a0cc8818020f2ca1cb64fe9dd8ea77133343528be6e0c34d9595ab010f4aee
سمازن|1393,سمازن,1393,MATCHED_SEPARATE_VALID,1,1,0,0,0,0,original,سمازن.zip!سمازن_۱۳۹۳_۱۲_۲۹_separate_ن-۱۰_صورت‌های مالی سال مالی منتهی به ۱۳۹۳_۱۲_۲۹ (حسابرسی شده).xlsx,47f706834061db22df20251458e4566099660fa412974f9134233c9e6d40eb5c
سمازن|1394,سمازن,1394,ONLY_CONSOLIDATED_AVAILABLE,1,0,1,0,0,0,,,
سمازن|1395,سمازن,1395,NO_ARCHIVE_MATCH,0,0,0,0,0,0,,,
سمازن|1396,سمازن,1396,ONLY_CONSOLIDATED_AVAILABLE,1,0,1,0,0,0,,,
سمازن|1397,سمازن,1397,ONLY_CONSOLIDATED_AVAILABLE,1,0,1,0,0,0,,,
سمازن|1398,سمازن,1398,ONLY_CONSOLIDATED_AVAILABLE,2,0,2,0,0,0,,,
سمازن|1399,سمازن,1399,ONLY_CONSOLIDATED_AVAILABLE,1,0,1,0,0,0,,,
سمازن|1400,سمازن,1400,ONLY_CONSOLIDATED_AVAILABLE,1,0,1,0,0,0,,,
سمازن|1401,سمازن,1401,ONLY_CONSOLIDATED_AVAILABLE,1,0,1,0,0,0,,,
سمازن|1402,سمازن,1402,ONLY_CONSOLIDATED_AVAILABLE,1,0,1,0,0,0,,,
سقاین|1392,سقاین,1392,MATCHED_SEPARATE_VALID,1,1,0,0,0,0,original,سقاين.zip!سقاين_۱۳۹۲_۱۲_۲۹_separate_ن-۱۰_صورتهای مالی سال مالی منتهی به ۱۳۹۲_۱۲_۲۹ (حسابرسی شده).xlsx,f21d4e9788095e961aa6b9f215206235a63d14c99295b1c1ec5d97dd31596d99
سقاین|1393,سقاین,1393,MATCHED_SEPARATE_CORRECTION_SELECTED,2,2,0,0,1,1,correction,سقاين.zip!سقاين_۱۳۹۳_۱۲_۲۹_separate_ن-۱۰_صورتهای مالی سال مالی منتهی به ۱۳۹۳_۱۲_۲۹ (حسابرسی شده)(اصلاحیه).xlsx,e7dc4ad4603511d948f893067ba55401a5898d0bb40ccf8c3b38d95788c7917e
سقاین|1394,سقاین,1394,MATCHED_SEPARATE_VALID,1,1,0,0,0,0,original,سقاين.zip!سقاين_۱۳۹۴_۱۲_۲۹_separate_ن-۱۰_صورت‌های مالی سال مالی منتهی به ۱۳۹۴_۱۲_۲۹ (حسابرسی شده).xlsx,e27d8b9c5b7e506f37acaa5aaea64775c5192714899741b257eb27f4e4e8ecd7
سقاین|1395,سقاین,1395,MATCHED_SEPARATE_VALID,1,1,0,0,0,0,original,سقاين.zip!سقاين_۱۳۹۵_۱۲_۳۰_separate_ن-۱۰_صورت‌های مالی سال مالی منتهی به ۱۳۹۵_۱۲_۳۰ (حسابرسی شده).xlsx,5d7dfa8790f0c6e6b5611fa33bc221b2ebabc78dae5b74c86205c5e8ae515164
سقاین|1396,سقاین,1396,MATCHED_SEPARATE_VALID,1,1,0,0,0,0,original,سقاين.zip!سقاين_۱۳۹۶_۱۲_۲۹_separate_ن-۱۰_صورت‌های مالی سال مالی منتهی به ۱۳۹۶_۱۲_۲۹ (حسابرسی شده).xlsx,e61c8030ae1e4da6f939702fb7fc5fb957423c49bd0e0c31ecc502ef98b2fb7d
سقاین|1397,سقاین,1397,MATCHED_SEPARATE_VALID,1,1,0,0,0,0,original,سقاين.zip!سقاين_۱۳۹۷_۱۲_۲۹_separate_ن-۱۰_صورت‌های مالی سال مالی منتهی به ۱۳۹۷_۱۲_۲۹ (حسابرسی شده).xlsx,aebc0ae3845715567bf91db99b0178ed830d6064eb2fd10fe8527f8bbd241448
سقاین|1398,سقاین,1398,MATCHED_SEPARATE_VALID,1,1,0,0,0,0,original,سقاين.zip!سقاين_۱۳۹۸_۱۲_۲۹_separate_ن-۱۰_صورت‌های مالی سال مالی منتهی به ۱۳۹۸_۱۲_۲۹ (حسابرسی شده).xlsx,7c6d5d3724752cbacb19f8905bce46a359afcc45e38717e9e07c8fbcf4555dd9
سقاین|1399,سقاین,1399,MATCHED_SEPARATE_VALID,1,1,0,0,0,0,original,سقاين.zip!سقاين_۱۳۹۹_۱۲_۳۰_separate_ن-۱۰_صورت‌های مالی سال مالی منتهی به ۱۳۹۹_۱۲_۳۰ (حسابرسی شده).xlsx,703201d387c17ce71f901cb91a6417c728a87109726768f28cd6ab171ae637e4
سقاین|1400,سقاین,1400,MATCHED_SEPARATE_VALID,1,1,0,0,0,0,original,سقاين.zip!سقاين_۱۴۰۰_۱۲_۲۹_separate_ن-۱۰_صورت‌های مالی سال مالی منتهی به ۱۴۰۰_۱۲_۲۹ (حسابرسی شده).xlsx,29e302f367a60a1d345ca85fd8ab6c2417fc665f7525e9691c68c23ff54d19a3
سقاین|1401,سقاین,1401,MATCHED_SEPARATE_VALID,1,1,0,0,0,0,original,سقاين.zip!سقاين_۱۴۰۱_۱۲_۲۹_separate_ن-۱۰_صورت‌های مالی سال مالی منتهی به ۱۴۰۱_۱۲_۲۹ (حسابرسی شده).xlsx,8d3e56eb459652be407fc102375194e3a4acb22eddef05331876c5f0f33c4667
سقاین|1402,سقاین,1402,MATCHED_SEPARATE_VALID,1,1,0,0,0,0,original,سقاين.zip!سقاين_۱۴۰۲_۱۲_۲۹_separate_ن-۱۰_صورت‌های مالی سال مالی منتهی به ۱۴۰۲_۱۲_۲۹ (حسابرسی شده).xlsx,230929769615ad5657d131174e3d7cb986e68b3d4a7fd2602847c28990666582
ساراب|1392,ساراب,1392,MATCHED_SEPARATE_VALID,1,1,0,0,0,0,original,ساراب.zip!ساراب_۱۳۹۲_۱۲_۲۹_separate_ن-۱۰_صورتهای مالی سال مالی منتهی به ۱۳۹۲_۱۲_۲۹ (حسابرسی شده).xlsx,3d239a07db9e8bd9c088c790d52578e32e89a2d6b3b39218cb7d6d81314f7c15
ساراب|1393,ساراب,1393,MATCHED_SEPARATE_VALID,1,1,0,0,0,0,original,ساراب.zip!ساراب_۱۳۹۳_۱۲_۲۹_separate_ن-۱۰_صورتهای مالی سال مالی منتهی به ۱۳۹۳_۱۲_۲۹ (حسابرسی شده).xlsx,9fad8de48dcc328a2f3b6d2475a61aafa96c03263c8a0a63a0042f4cc152a564
ساراب|1394,ساراب,1394,ONLY_CONSOLIDATED_AVAILABLE,1,0,1,0,0,0,,,
ساراب|1395,ساراب,1395,ONLY_CONSOLIDATED_AVAILABLE,1,0,1,0,0,0,,,
ساراب|1396,ساراب,1396,ONLY_CONSOLIDATED_AVAILABLE,1,0,1,0,0,0,,,
ساراب|1397,ساراب,1397,ONLY_CONSOLIDATED_AVAILABLE,1,0,1,0,0,0,,,
ساراب|1398,ساراب,1398,ONLY_CONSOLIDATED_AVAILABLE,1,0,1,0,0,0,,,
ساراب|1399,ساراب,1399,ONLY_CONSOLIDATED_AVAILABLE,2,0,2,0,0,0,,,
ساراب|1400,ساراب,1400,ONLY_CONSOLIDATED_AVAILABLE,1,0,1,0,0,0,,,
ساراب|1401,ساراب,1401,ONLY_CONSOLIDATED_AVAILABLE,1,0,1,0,0,0,,,
ساراب|1402,ساراب,1402,ONLY_CONSOLIDATED_AVAILABLE,1,0,1,0,0,0,,,
ساربیل|1393,ساربیل,1393,MATCHED_SEPARATE_VALID,1,1,0,0,0,0,original,ساربيل.zip!ساربيل_۱۳۹۳_۰۹_۳۰_separate_ن-۱۰_صورتهای مالی سال مالی منتهی به ۱۳۹۳_۰۹_۳۰ (حسابرسی شده).xlsx,6685baf0898c50d6f6842eadca6ec98cb46d731f8f16f09cd2e2080f4c1ef630
ساربیل|1394,ساربیل,1394,MATCHED_SEPARATE_VALID,1,1,0,0,0,0,original,ساربيل.zip!ساربيل_۱۳۹۴_۰۹_۳۰_separate_ن-۱۰_صورت‌های مالی سال مالی منتهی به ۱۳۹۴_۰۹_۳۰ (حسابرسی شده).xlsx,be485ab1cc47a294eeb0da86ef317496c80467312846215de3e4595cf0b185fa
ساربیل|1395,ساربیل,1395,MATCHED_SEPARATE_VALID,1,1,0,0,0,0,original,ساربيل.zip!ساربيل_۱۳۹۵_۰۹_۳۰_separate_ن-۱۰_صورت‌های مالی سال مالی منتهی به ۱۳۹۵_۰۹_۳۰ (حسابرسی شده).xlsx,7016a604fbe98cb3566d66d62eeb96e056244228fe7a5c503c64118e358bbf7e
ساربیل|1396,ساربیل,1396,MATCHED_SEPARATE_VALID,1,1,0,0,0,0,original,ساربيل.zip!ساربيل_۱۳۹۶_۰۹_۳۰_separate_ن-۱۰_صورت‌های مالی سال مالی منتهی به ۱۳۹۶_۰۹_۳۰ (حسابرسی شده).xlsx,b4cc2085d838d68a0dec3f7d0012fd91a554247a31de99491ee5a1430419e4fe
ساربیل|1397,ساربیل,1397,MATCHED_SEPARATE_VALID,1,1,0,0,0,0,original,ساربيل.zip!ساربيل_۱۳۹۷_۰۹_۳۰_separate_ن-۱۰_صورت‌های مالی سال مالی منتهی به ۱۳۹۷_۰۹_۳۰ (حسابرسی شده).xlsx,a88c9c17a1410589d72130f5b6d6c7289ea7ba8eb3eb3f65d2c11617f98ee5bd
ساربیل|1398,ساربیل,1398,MATCHED_SEPARATE_VALID,1,1,0,0,0,0,original,ساربيل.zip!ساربيل_۱۳۹۸_۰۹_۳۰_separate_ن-۱۰_صورت‌های مالی سال مالی منتهی به ۱۳۹۸_۰۹_۳۰ (حسابرسی شده).xlsx,a215afaae31c900d47116cd7cd7906a3ae132fd93e0d317c06f91075d8128617
ساربیل|1399,ساربیل,1399,MATCHED_SEPARATE_VALID,1,1,0,0,0,0,original,ساربيل.zip!ساربيل_۱۳۹۹_۰۹_۳۰_separate_ن-۱۰_صورت‌های مالی سال مالی منتهی به ۱۳۹۹_۰۹_۳۰ (حسابرسی شده).xlsx,7e4062ff4f40795ce08e5f38ac2d22c6bdd7e6b1f490ed5a5cb78fcfd5e901fa
ساربیل|1400,ساربیل,1400,MATCHED_SEPARATE_VALID,1,1,0,0,0,0,original,ساربيل.zip!ساربيل_۱۴۰۰_۰۹_۳۰_separate_ن-۱۰_صورت‌های مالی سال مالی منتهی به ۱۴۰۰_۰۹_۳۰ (حسابرسی شده).xlsx,7d12c06615ef062c8c7558e9b8430ca9d881789edf57820caeb991eb474e8a28
ساربیل|1401,ساربیل,1401,MATCHED_SEPARATE_VALID,1,1,0,0,0,0,original,ساربيل.zip!ساربيل_۱۴۰۱_۰۹_۳۰_separate_ن-۱۰_صورت‌های مالی سال مالی منتهی به ۱۴۰۱_۰۹_۳۰ (حسابرسی شده).xlsx,6d8173d7258df2ac61727b0950cf1ffea058eee48f2698ff53b90eaaece31ce1
ساربیل|1402,ساربیل,1402,MATCHED_SEPARATE_VALID,1,1,0,0,0,0,original,ساربيل.zip!ساربيل_۱۴۰۲_۰۹_۳۰_separate_ن-۱۰_صورت‌های مالی سال مالی منتهی به ۱۴۰۲_۰۹_۳۰ (حسابرسی شده).xlsx,cc78ba2336f153114378366771bccf8c4d0a577c13e92b360d9f7da751ba8ac8
ساروم|1393,ساروم,1393,MATCHED_SEPARATE_VALID,1,1,0,0,0,0,original,ساروم.zip!ساروم_۱۳۹۳_۱۲_۲۹_separate_ن-۱۰_صورتهای مالی سال مالی منتهی به ۱۳۹۳_۱۲_۲۹ (حسابرسی شده).xlsx,79efaa290129125abdc08108d8646e0ae122dae07d473b13e1fa80a56d3f2765
ساروم|1394,ساروم,1394,MATCHED_SEPARATE_VALID,1,1,0,0,0,0,original,ساروم.zip!ساروم_۱۳۹۴_۱۲_۲۹_separate_ن-۱۰_صورت‌های مالی سال مالی منتهی به ۱۳۹۴_۱۲_۲۹ (حسابرسی شده).xlsx,73d39dcface5e3f425a96d036dd57b73aa55daa72b5d48194d21de4c2af7e767
ساروم|1395,ساروم,1395,MATCHED_SEPARATE_VALID,1,1,0,0,0,0,original,ساروم.zip!ساروم_۱۳۹۵_۱۲_۳۰_separate_ن-۱۰_صورت‌های مالی سال مالی منتهی به ۱۳۹۵_۱۲_۳۰ (حسابرسی شده).xlsx,306d7ef861dbe707270c1e529b8bead63664d53e9158e227c335709c026262e8
ساروم|1396,ساروم,1396,MATCHED_SEPARATE_CORRECTION_SELECTED,2,2,0,0,1,1,correction,ساروم.zip!ساروم_۱۳۹۶_۱۲_۲۹_separate_ن-۱۰_صورت‌های مالی سال مالی منتهی به ۱۳۹۶_۱۲_۲۹ (حسابرسی شده)(اصلاحیه).xlsx,13c3c673c9873db37a0b143988b8c057b91963ad748491caad019fab49249008
ساروم|1397,ساروم,1397,MATCHED_SEPARATE_VALID,1,1,0,0,0,0,original,ساروم.zip!ساروم_۱۳۹۷_۱۲_۲۹_separate_ن-۱۰_صورت‌های مالی سال مالی منتهی به ۱۳۹۷_۱۲_۲۹ (حسابرسی شده).xlsx,ca926f1acf9614f3c73a8decb208c4b5694863ea1b3830ce56f004696dc8d9f2
ساروم|1398,ساروم,1398,MATCHED_SEPARATE_VALID,1,1,0,0,0,0,original,ساروم.zip!ساروم_۱۳۹۸_۱۲_۲۹_separate_ن-۱۰_صورت‌های مالی سال مالی منتهی به ۱۳۹۸_۱۲_۲۹ (حسابرسی شده).xlsx,09d1d4115a09e0561e510f054ca9a0ca1cbae2539130624b61d73fa26a251e35
ساروم|1399,ساروم,1399,MATCHED_SEPARATE_VALID,1,1,0,0,0,0,original,ساروم.zip!ساروم_۱۳۹۹_۱۲_۳۰_separate_ن-۱۰_صورت‌های مالی سال مالی منتهی به ۱۳۹۹_۱۲_۳۰ (حسابرسی شده).xlsx,7fc355848030105e8e1ad613fc0bdd15dc10d78322d7fe8df2e8321ab223db92
ساروم|1400,ساروم,1400,MATCHED_SEPARATE_VALID,1,1,0,0,0,0,original,ساروم.zip!ساروم_۱۴۰۰_۱۲_۲۹_separate_ن-۱۰_صورت‌های مالی سال مالی منتهی به ۱۴۰۰_۱۲_۲۹ (حسابرسی شده).xlsx,353054a80d2a4bc8370c4fab8584479556a77c7229b7667f343b85ccf7a2d5d3
ساروم|1401,ساروم,1401,MATCHED_SEPARATE_VALID,1,1,0,0,0,0,original,ساروم.zip!ساروم_۱۴۰۱_۱۲_۲۹_separate_ن-۱۰_صورت‌های مالی سال مالی منتهی به ۱۴۰۱_۱۲_۲۹ (حسابرسی شده).xlsx,8cf9ba2b85e1f07a4ffb4da22aa747440ddf0831f85a15230f6ab3e76b170ea1
ساروم|1402,ساروم,1402,MATCHED_SEPARATE_VALID,1,1,0,0,0,0,original,ساروم.zip!ساروم_۱۴۰۲_۱۲_۲۹_separate_ن-۱۰_صورت‌های مالی سال مالی منتهی به ۱۴۰۲_۱۲_۲۹ (حسابرسی شده).xlsx,125365bc08f013a3c54318cc25b25dd88d6fe289aa1190400fbd441e451fe2a8
سبهان|1392,سبهان,1392,MATCHED_SEPARATE_VALID,1,1,0,0,0,0,original,سبهان.zip!سبهان_۱۳۹۲_۱۲_۲۹_separate_ن-۱۰_صورتهای مالی سال مالی منتهی به ۱۳۹۲_۱۲_۲۹ (حسابرسی شده).xlsx,e96e18b65015de3853323cd37b5c1d49a1d6efaed00ca7946cc59f264dab0229
سبهان|1393,سبهان,1393,MATCHED_SEPARATE_VALID,1,1,0,0,0,0,original,سبهان.zip!سبهان_۱۳۹۳_۱۲_۲۹_separate_ن-۱۰_صورتهای مالی سال مالی منتهی به ۱۳۹۳_۱۲_۲۹ (حسابرسی شده).xlsx,997d3d5775fc9c76799068ce6994bac0ce386d00a47d5dbb5c061d090e878ff3
سبهان|1394,سبهان,1394,MATCHED_SEPARATE_VALID,1,1,0,0,0,0,original,سبهان.zip!سبهان_۱۳۹۴_۱۲_۲۹_separate_ن-۱۰_صورت‌های مالی سال مالی منتهی به ۱۳۹۴_۱۲_۲۹ (حسابرسی شده).xlsx,e916a4fb04f725f1e50197812462fc14ef7e1e2b9797a6f412e0b43682ec2268
سبهان|1395,سبهان,1395,MATCHED_SEPARATE_VALID,1,1,0,0,0,0,original,سبهان.zip!سبهان_۱۳۹۵_۱۲_۳۰_separate_ن-۱۰_صورت‌های مالی سال مالی منتهی به ۱۳۹۵_۱۲_۳۰ (حسابرسی شده).xlsx,57bc074223f3989756d7c900611e7811a77033a41975983d1a94ab9f30ac62c2
سبهان|1396,سبهان,1396,MATCHED_SEPARATE_CORRECTION_SELECTED,2,2,0,0,1,1,correction,سبهان.zip!سبهان_۱۳۹۶_۱۲_۲۹_separate_ن-۱۰_صورت‌های مالی سال مالی منتهی به ۱۳۹۶_۱۲_۲۹ (حسابرسی شده)(اصلاحیه).xlsx,ba9c4be05db9b92be1a8aadb0d8766768eb84fd9b6c0689b48b894c847f0ac94
سبهان|1397,سبهان,1397,MATCHED_SEPARATE_VALID,1,1,0,0,0,0,original,سبهان.zip!سبهان_۱۳۹۷_۱۲_۲۹_separate_ن-۱۰_صورت‌های مالی سال مالی منتهی به ۱۳۹۷_۱۲_۲۹ (حسابرسی شده).xlsx,7605e7e412cef6722c06bcde1909d1b060f879f802446be6ef2bf6c18e1b7055
سبهان|1398,سبهان,1398,MATCHED_SEPARATE_VALID,1,1,0,0,0,0,original,سبهان.zip!سبهان_۱۳۹۸_۱۲_۲۹_separate_ن-۱۰_صورت‌های مالی سال مالی منتهی به ۱۳۹۸_۱۲_۲۹ (حسابرسی شده).xlsx,204075b3ea4d7b51fa25feb666afa1869f338e00bfa7d7ad2b5039d99ff47bd2
سبهان|1399,سبهان,1399,MATCHED_SEPARATE_VALID,1,1,0,0,0,0,original,سبهان.zip!سبهان_۱۳۹۹_۱۲_۳۰_separate_ن-۱۰_صورت‌های مالی سال مالی منتهی به ۱۳۹۹_۱۲_۳۰ (حسابرسی شده).xlsx,2d22fff90654fbed1ded7bdf96289c9904b5360b92f3d1c35c273367445da1df
سبهان|1400,سبهان,1400,MATCHED_SEPARATE_VALID,1,1,0,0,0,0,original,سبهان.zip!سبهان_۱۴۰۰_۱۲_۲۹_separate_ن-۱۰_صورت‌های مالی سال مالی منتهی به ۱۴۰۰_۱۲_۲۹ (حسابرسی شده).xlsx,3c31d9a82df16ebc3b2c39b5280c1ca6683f85a7db26b2dbf23eb95b899c0dff
سبهان|1401,سبهان,1401,MATCHED_SEPARATE_VALID,1,1,0,0,0,0,original,سبهان.zip!سبهان_۱۴۰۱_۱۲_۲۹_separate_ن-۱۰_صورت‌های مالی سال مالی منتهی به ۱۴۰۱_۱۲_۲۹ (حسابرسی شده).xlsx,b34d03e8d53ca6498b76dbd3b00030a4b0604c4d433e4a98331a774fedf8a44d
سبهان|1402,سبهان,1402,MATCHED_SEPARATE_VALID,1,1,0,0,0,0,original,سبهان.zip!سبهان_۱۴۰۲_۱۲_۲۹_separate_ن-۱۰_صورت‌های مالی سال مالی منتهی به ۱۴۰۲_۱۲_۲۹ (حسابرسی شده).xlsx,43177528aa2e3a1e6f3e62b2db388fc4fbe515e1e32ef9994c593c7a7561041f
سدشت|1392,سدشت,1392,MATCHED_SEPARATE_VALID,1,1,0,0,0,0,original,سدشت.zip!سدشت_۱۳۹۲_۰۶_۳۱_separate_ن-۱۰_صورتهای مالی سال مالی منتهی به ۱۳۹۲_۰۶_۳۱ (حسابرسی شده).xlsx,d640f5dc658341909a17918e444a2f188916871a6044a26285e8f8cc9f0e9e9e
سدشت|1393,سدشت,1393,MATCHED_SEPARATE_VALID,1,1,0,0,0,0,original,سدشت.zip!سدشت_۱۳۹۳_۰۶_۳۱_separate_ن-۱۰_صورتهای مالی سال مالی منتهی به ۱۳۹۳_۰۶_۳۱ (حسابرسی شده).xlsx,fda8e08dedc392d8c8a1f8d1eef0845796d0e51274a659cd2531f9839e98bbab
سدشت|1394,سدشت,1394,MATCHED_SEPARATE_VALID,1,1,0,0,0,0,original,سدشت.zip!سدشت_۱۳۹۴_۰۶_۳۱_separate_ن-۱۰_صورت‌های مالی سال مالی منتهی به ۱۳۹۴_۰۶_۳۱ (حسابرسی شده).xlsx,ef9be3c02e1faa0b2ef4b07b4533f1f1751a90f3a5d91f083b5b2c171d3ecbe2
سدشت|1395,سدشت,1395,ONLY_CONSOLIDATED_AVAILABLE,2,0,2,0,0,0,,,
سدشت|1396,سدشت,1396,ONLY_CONSOLIDATED_AVAILABLE,1,0,1,0,0,0,,,
سدشت|1397,سدشت,1397,ONLY_CONSOLIDATED_AVAILABLE,1,0,1,0,0,0,,,
سدشت|1398,سدشت,1398,ONLY_CONSOLIDATED_AVAILABLE,1,0,1,0,0,0,,,
سدشت|1399,سدشت,1399,ONLY_CONSOLIDATED_AVAILABLE,1,0,1,0,0,0,,,
سدشت|1400,سدشت,1400,ONLY_CONSOLIDATED_AVAILABLE,1,0,1,0,0,0,,,
سدشت|1401,سدشت,1401,ONLY_CONSOLIDATED_AVAILABLE,1,0,1,0,0,0,,,
سدشت|1402,سدشت,1402,ONLY_CONSOLIDATED_AVAILABLE,1,0,1,0,0,0,,,
سدور|1392,سدور,1392,MATCHED_SEPARATE_VALID,1,1,0,0,0,0,original,سدور.zip!سدور_۱۳۹۲_۱۲_۲۹_separate_ن-۱۰_صورتهای مالی سال مالی منتهی به ۱۳۹۲_۱۲_۲۹ (حسابرسی شده).xlsx,78ad6c4dda439cb6c11ec60040fdbe7ba4ee26f2b2f6265e99f80d16d03162c6
سدور|1393,سدور,1393,MATCHED_SEPARATE_VALID,1,1,0,0,0,0,original,سدور.zip!سدور_۱۳۹۳_۱۲_۲۹_separate_ن-۱۰_صورتهای مالی سال مالی منتهی به ۱۳۹۳_۱۲_۲۹ (حسابرسی شده).xlsx,6a0ffe45361a96ee94b4ef284cd71c7c2833b2a4fd34ff1233bffc1fcd07fd9e
سدور|1394,سدور,1394,MATCHED_SEPARATE_VALID,1,1,0,0,0,0,original,سدور.zip!سدور_۱۳۹۴_۱۲_۲۹_separate_ن-۱۰_صورت‌های مالی سال مالی منتهی به ۱۳۹۴_۱۲_۲۹ (حسابرسی شده).xlsx,b8290946344c0ff2b557328b3f7429d24bf206446ecc7960a565fed1f1af7a26
سدور|1395,سدور,1395,MATCHED_SEPARATE_VALID,1,1,0,0,0,0,original,سدور.zip!سدور_۱۳۹۵_۱۲_۳۰_separate_ن-۱۰_صورت‌های مالی سال مالی منتهی به ۱۳۹۵_۱۲_۳۰ (حسابرسی شده).xlsx,c69cc349edf257001037c22e93f701b4049852c2c6cfc74e4dd27aa00d548453
سدور|1396,سدور,1396,MATCHED_SEPARATE_CORRECTION_SELECTED,2,2,0,0,1,1,correction,سدور.zip!سدور_۱۳۹۶_۱۲_۲۹_separate_ن-۱۰_صورت‌های مالی سال مالی منتهی به ۱۳۹۶_۱۲_۲۹ (حسابرسی شده)(اصلاحیه).xlsx,7b49a8defe2843e427181948de5eb0f9fab3bfce505242abb7964c33e7670597
سدور|1397,سدور,1397,MATCHED_SEPARATE_VALID,1,1,0,0,0,0,original,سدور.zip!سدور_۱۳۹۷_۱۲_۲۹_separate_ن-۱۰_صورت‌های مالی سال مالی منتهی به ۱۳۹۷_۱۲_۲۹ (حسابرسی شده).xlsx,432e248cf49c657fc894f7a308b6858650b752012870427ee6f04f68989bc23a
سدور|1398,سدور,1398,MATCHED_SEPARATE_CORRECTION_SELECTED,2,2,0,0,1,1,correction,سدور.zip!سدور_۱۳۹۸_۱۲_۲۹_separate_ن-۱۰_صورت‌های مالی سال مالی منتهی به ۱۳۹۸_۱۲_۲۹ (حسابرسی شده)(اصلاحیه).xlsx,bd366e987d93a3789bdc0eb183e9d211155d08e40d7f81c78beec70ffe69c954
سدور|1399,سدور,1399,MATCHED_SEPARATE_VALID,1,1,0,0,0,0,original,سدور.zip!سدور_۱۳۹۹_۱۲_۳۰_separate_ن-۱۰_صورت‌های مالی سال مالی منتهی به ۱۳۹۹_۱۲_۳۰ (حسابرسی شده).xlsx,9c4e2701e2bda5d864c4fc61187663d1b83a4a99bd169c02155ea442a9a5730b
سدور|1400,سدور,1400,MATCHED_SEPARATE_VALID,1,1,0,0,0,0,original,سدور.zip!سدور_۱۴۰۰_۱۲_۲۹_separate_ن-۱۰_صورت‌های مالی سال مالی منتهی به ۱۴۰۰_۱۲_۲۹ (حسابرسی شده).xlsx,0305bd129d06d32148a841e61c29f06d66977de97b3406283a6c02538a707abc
سدور|1401,سدور,1401,MATCHED_SEPARATE_VALID,1,1,0,0,0,0,original,سدور.zip!سدور_۱۴۰۱_۱۲_۲۹_separate_ن-۱۰_صورت‌های مالی سال مالی منتهی به ۱۴۰۱_۱۲_۲۹ (حسابرسی شده).xlsx,7a283382e9839e9ed220cc168e1a0ab9160b202c8215b2c77541563616f4eea7
سدور|1402,سدور,1402,MATCHED_SEPARATE_VALID,1,1,0,0,0,0,original,سدور.zip!سدور_۱۴۰۲_۱۲_۲۹_separate_ن-۱۰_صورت‌های مالی سال مالی منتهی به ۱۴۰۲_۱۲_۲۹ (حسابرسی شده).xlsx,6ba7c1309e76d92b4e702554051ef668e7d944d0cdacfa63dcc68556fae190c9
سشرق|1392,سشرق,1392,MATCHED_SEPARATE_VALID,1,1,0,0,0,0,original,سشرق.zip!سشرق_۱۳۹۲_۰۶_۳۱_separate_ن-۱۰_صورتهای مالی سال مالی منتهی به ۱۳۹۲_۰۶_۳۱ (حسابرسی شده).xlsx,905958d59ebb65e260f99fb129ce1f14b123e6e845396291f57bdc62d6765d1e
سشرق|1393,سشرق,1393,MATCHED_SEPARATE_VALID,1,1,0,0,0,0,original,سشرق.zip!سشرق_۱۳۹۳_۰۶_۳۱_separate_ن-۱۰_صورتهای مالی سال مالی منتهی به ۱۳۹۳_۰۶_۳۱ (حسابرسی شده).xlsx,7fa375145d65fa1a180019631e875eaba8d1748f244b7a6d53c0e234a333de35
سشرق|1394,سشرق,1394,MATCHED_SEPARATE_VALID,1,1,0,0,0,0,original,سشرق.zip!سشرق_۱۳۹۴_۰۶_۳۱_separate_ن-۱۰_صورت‌های مالی سال مالی منتهی به ۱۳۹۴_۰۶_۳۱ (حسابرسی شده).xlsx,0a4f5c674f33891ba3c918af4ce8ea0ba591c7ff45d44e76c1942f59b8807b96
سشرق|1395,سشرق,1395,MATCHED_SEPARATE_VALID,1,1,0,0,0,0,original,سشرق.zip!سشرق_۱۳۹۵_۰۶_۳۱_separate_ن-۱۰_صورت‌های مالی سال مالی منتهی به ۱۳۹۵_۰۶_۳۱ (حسابرسی شده).xlsx,77ae70563a2e6e9c5cd7725fcee09095080857ea5a5764371e8799f07329cf95
سشرق|1396,سشرق,1396,ONLY_CONSOLIDATED_AVAILABLE,1,0,1,0,0,0,,,
سشرق|1397,سشرق,1397,ONLY_CONSOLIDATED_AVAILABLE,1,0,1,0,0,0,,,
سشرق|1398,سشرق,1398,ONLY_CONSOLIDATED_AVAILABLE,1,0,1,0,0,0,,,
سشرق|1399,سشرق,1399,ONLY_CONSOLIDATED_AVAILABLE,1,0,1,0,0,0,,,
سشرق|1400,سشرق,1400,ONLY_CONSOLIDATED_AVAILABLE,1,0,1,0,0,0,,,
سشرق|1401,سشرق,1401,ONLY_CONSOLIDATED_AVAILABLE,1,0,1,0,0,0,,,
سشرق|1402,سشرق,1402,ONLY_CONSOLIDATED_AVAILABLE,1,0,1,0,0,0,,,
تاپیکو|1393,تاپیکو,1393,MATCHED_SEPARATE_VALID,1,1,0,0,0,0,original,تاپيكو.zip!تاپيكو_۱۳۹۳_۰۲_۳۱_separate_ن-۱۰_صورتهای مالی سال مالی منتهی به ۱۳۹۳_۰۲_۳۱ (حسابرسی شده).xlsx,8d8e598e30f03ae38c4fcc864f3ad760cc44a6afa02518d8acc5acdabef9aafc
تاپیکو|1394,تاپیکو,1394,MATCHED_SEPARATE_CORRECTION_SELECTED,2,2,0,0,1,1,correction,تاپيكو.zip!تاپيكو_۱۳۹۴_۰۲_۳۱_separate_ن-۱۰_صورت‌های مالی سال مالی منتهی به ۱۳۹۴_۰۲_۳۱ (حسابرسی شده)(اصلاحیه).xlsx,61a1643d092e021e33f17ecf9dd14a83bcf1e8adee94acdfecd82e14ebf72d09
تاپیکو|1395,تاپیکو,1395,MATCHED_SEPARATE_VALID,1,1,0,0,0,0,original,تاپيكو.zip!تاپيكو_۱۳۹۵_۰۲_۳۱_separate_ن-۱۰_صورت‌های مالی سال مالی منتهی به ۱۳۹۵_۰۲_۳۱ (حسابرسی شده).xlsx,4fc3a3e2a0c75a6752091ce0843e19bee5d9492d16a3e3c520860923666bbb21
تاپیکو|1396,تاپیکو,1396,MATCHED_SEPARATE_VALID,1,1,0,0,0,0,original,تاپيكو.zip!تاپيكو_۱۳۹۶_۰۲_۳۱_separate_ن-۱۰_صورت‌های مالی سال مالی منتهی به ۱۳۹۶_۰۲_۳۱ (حسابرسی شده).xlsx,b1a09734b240f41e12169328e74f1f33f89886523a99cdd23faa3a7ee01b2416
تاپیکو|1397,تاپیکو,1397,MATCHED_SEPARATE_VALID,1,1,0,0,0,0,original,تاپيكو.zip!تاپيكو_۱۳۹۷_۰۲_۳۱_separate_ن-۱۰_صورت‌های مالی سال مالی منتهی به ۱۳۹۷_۰۲_۳۱ (حسابرسی شده).xlsx,ec7a6da8442dd0148a72564336ef0a4ed83dca4f7f826cbfe86d14f350bddcee
تاپیکو|1398,تاپیکو,1398,MATCHED_SEPARATE_VALID,1,1,0,0,0,0,original,تاپيكو.zip!تاپيكو_۱۳۹۸_۰۲_۳۱_separate_ن-۱۰_صورت‌های مالی سال مالی منتهی به ۱۳۹۸_۰۲_۳۱ (حسابرسی شده).xlsx,877d02b52c9e857589f396b252bd79977f2f4aa0dad212f4bf73fbc2a5ae1c35
تاپیکو|1399,تاپیکو,1399,MATCHED_SEPARATE_VALID,1,1,0,0,0,0,original,تاپيكو.zip!تاپيكو_۱۳۹۹_۰۲_۳۱_separate_ن-۱۰_صورت‌های مالی سال مالی منتهی به ۱۳۹۹_۰۲_۳۱ (حسابرسی شده).xlsx,a642df2f84710140371efac9f9382373aff177fe996ce8bfb8a26d4286459807
تاپیکو|1400,تاپیکو,1400,MATCHED_SEPARATE_VALID,1,1,0,0,0,0,original,تاپيكو.zip!تاپيكو_۱۴۰۰_۰۲_۳۱_separate_ن-۱۰_صورت‌های مالی سال مالی منتهی به ۱۴۰۰_۰۲_۳۱ (حسابرسی شده).xlsx,cc0449d0490109596c996096aaf72fae1634515051540626451e25bb20f08be6
تاپیکو|1401,تاپیکو,1401,MATCHED_SEPARATE_VALID,1,1,0,0,0,0,original,تاپيكو.zip!تاپيكو_۱۴۰۱_۰۲_۳۱_separate_ن-۱۰_صورت‌های مالی سال مالی منتهی به ۱۴۰۱_۰۲_۳۱ (حسابرسی شده).xlsx,454d40cd6880fe528c815dc385f97ac3eba864f74059fbde017ec83ef5c6ada5
تاپیکو|1402,تاپیکو,1402,MATCHED_SEPARATE_VALID,1,1,0,0,0,0,original,تاپيكو.zip!تاپيكو_۱۴۰۲_۰۲_۳۱_separate_ن-۱۰_صورت‌های مالی سال مالی منتهی به ۱۴۰۲_۰۲_۳۱ (حسابرسی شده).xlsx,6e539a02e0c3cef16fb40bd9f4888e4cc03db137c589b97ef42e645c33fa0c44
تکمبا|1393,تکمبا,1393,NO_ARCHIVE_MATCH,0,0,0,0,0,0,,,
تکمبا|1394,تکمبا,1394,NO_ARCHIVE_MATCH,0,0,0,0,0,0,,,
تکمبا|1395,تکمبا,1395,NO_ARCHIVE_MATCH,0,0,0,0,0,0,,,
تکمبا|1396,تکمبا,1396,NO_ARCHIVE_MATCH,0,0,0,0,0,0,,,
تکمبا|1397,تکمبا,1397,NO_ARCHIVE_MATCH,0,0,0,0,0,0,,,
تکمبا|1398,تکمبا,1398,NO_ARCHIVE_MATCH,0,0,0,0,0,0,,,
تکمبا|1399,تکمبا,1399,NO_ARCHIVE_MATCH,0,0,0,0,0,0,,,
تکمبا|1400,تکمبا,1400,NO_ARCHIVE_MATCH,0,0,0,0,0,0,,,
تکمبا|1401,تکمبا,1401,NO_ARCHIVE_MATCH,0,0,0,0,0,0,,,
تکمبا|1402,تکمبا,1402,NO_ARCHIVE_MATCH,0,0,0,0,0,0,,,
تپمپی|1393,تپمپی,1393,MATCHED_SEPARATE_VALID,1,1,0,0,0,0,original,تپمپي.zip!تپمپي_۱۳۹۳_۰۳_۳۱_separate_ن-۱۰_صورتهای مالی سال مالی منتهی به ۱۳۹۳_۰۳_۳۱ (حسابرسی شده).xlsx,ba4e3d27cdb2a32903df24a114a30f09c8758e8736d8090803df9a6b16caf89f
تپمپی|1394,تپمپی,1394,MATCHED_SEPARATE_CORRECTION_SELECTED,2,2,0,0,1,1,correction,تپمپي.zip!تپمپي_۱۳۹۴_۰۳_۳۱_separate_ن-۱۰_صورت‌های مالی سال مالی منتهی به ۱۳۹۴_۰۳_۳۱ (حسابرسی شده)(اصلاحیه).xlsx,8147c7b2414c002c57b610d341eeee62cd3acf9feeb73894b7f63af7bd8b6271
تپمپی|1395,تپمپی,1395,MATCHED_SEPARATE_VALID,1,1,0,0,0,0,original,تپمپي.zip!تپمپي_۱۳۹۵_۰۳_۳۱_separate_ن-۱۰_صورت‌های مالی سال مالی منتهی به ۱۳۹۵_۰۳_۳۱ (حسابرسی شده).xlsx,430e25288f84435b49b81b0ef6dd5b872999e13cb93ec9fdb8996648e396ac56
تپمپی|1396,تپمپی,1396,MATCHED_SEPARATE_VALID,1,1,0,0,0,0,original,تپمپي.zip!تپمپي_۱۳۹۶_۰۳_۳۱_separate_ن-۱۰_صورت‌های مالی سال مالی منتهی به ۱۳۹۶_۰۳_۳۱ (حسابرسی شده).xlsx,53619782e4a522acb20b98b5bd401e5c77a170995ecc6a7072fbf8853d448273
تپمپی|1397,تپمپی,1397,MATCHED_SEPARATE_VALID,1,1,0,0,0,0,original,تپمپي.zip!تپمپي_۱۳۹۷_۰۳_۳۱_separate_ن-۱۰_صورت‌های مالی سال مالی منتهی به ۱۳۹۷_۰۳_۳۱ (حسابرسی شده).xlsx,4e9a37b4b13151ffb78c575eda46647ce5eba252abaab5c1a6ef1079c6466813
تپمپی|1398,تپمپی,1398,MATCHED_SEPARATE_VALID,1,1,0,0,0,0,original,تپمپي.zip!تپمپي_۱۳۹۸_۰۳_۳۱_separate_ن-۱۰_صورت‌های مالی سال مالی منتهی به ۱۳۹۸_۰۳_۳۱ (حسابرسی شده).xlsx,e12ca221ffc1b6fe107db61fcdd8d80796fc9503edeabbbedce89812b3c3482b
تپمپی|1399,تپمپی,1399,MATCHED_SEPARATE_VALID,1,1,0,0,0,0,original,تپمپي.zip!تپمپي_۱۳۹۹_۰۳_۳۱_separate_ن-۱۰_صورت‌های مالی سال مالی منتهی به ۱۳۹۹_۰۳_۳۱ (حسابرسی شده).xlsx,5b9dae6c0b5b5a46e4c26fc48d809a4cb0f6f41e1dd5b11b65f987cc4421547d
تپمپی|1400,تپمپی,1400,MATCHED_SEPARATE_VALID,1,1,0,0,0,0,original,تپمپي.zip!تپمپي_۱۴۰۰_۰۳_۳۱_separate_ن-۱۰_صورت‌های مالی سال مالی منتهی به ۱۴۰۰_۰۳_۳۱ (حسابرسی شده).xlsx,c80eb9747b1a4d85cb67ba4966c86b46882bc865ec48597af1d40e3655698f23
تپمپی|1401,تپمپی,1401,MATCHED_SEPARATE_VALID,1,1,0,0,0,0,original,تپمپي.zip!تپمپي_۱۴۰۱_۰۳_۳۱_separate_ن-۱۰_صورت‌های مالی سال مالی منتهی به ۱۴۰۱_۰۳_۳۱ (حسابرسی شده).xlsx,b0f930844249bab62fb95411f9e78f81521b82eee0c83ef1e733e3b267ae27bb
تپمپی|1402,تپمپی,1402,MATCHED_SEPARATE_VALID,1,1,0,0,0,0,original,تپمپي.zip!تپمپي_۱۴۰۲_۰۳_۳۱_separate_ن-۱۰_صورت‌های مالی سال مالی منتهی به ۱۴۰۲_۰۳_۳۱ (حسابرسی شده).xlsx,e52943a58fad0fb43cfce7f67845efd39b3092f96b8d27501e9c047a53deb422
ومعادن|1392,ومعادن,1392,MATCHED_SEPARATE_VALID,1,1,0,0,0,0,original,ومعادن.zip!ومعادن_۱۳۹۲_۱۲_۲۹_separate_ن-۱۰_صورتهای مالی سال مالی منتهی به ۱۳۹۲_۱۲_۲۹ (حسابرسی شده).xlsx,7b5881d8028205ab966a386a3f207174d16795ebace5dee8876cd3dbf8da5d5c
ومعادن|1393,ومعادن,1393,MATCHED_SEPARATE_VALID,1,1,0,0,0,0,original,ومعادن.zip!ومعادن_۱۳۹۳_۱۲_۲۹_separate_ن-۱۰_صورتهای مالی سال مالی منتهی به ۱۳۹۳_۱۲_۲۹ (حسابرسی شده).xlsx,a5f940276e6686a23272cb41766087b141267ef638ddd056971c952b8f436baf
ومعادن|1394,ومعادن,1394,MATCHED_SEPARATE_VALID,1,1,0,0,0,0,original,ومعادن.zip!ومعادن_۱۳۹۴_۱۲_۲۹_separate_ن-۱۰_صورت‌های مالی سال مالی منتهی به ۱۳۹۴_۱۲_۲۹ (حسابرسی شده).xlsx,de4652bb7f5b1f38ebb1f76316239153c61810abd72597c31ac58e6ee97f79cd
ومعادن|1395,ومعادن,1395,MATCHED_SEPARATE_VALID,1,1,0,0,0,0,original,ومعادن.zip!ومعادن_۱۳۹۵_۱۲_۳۰_separate_ن-۱۰_صورت‌های مالی سال مالی منتهی به ۱۳۹۵_۱۲_۳۰ (حسابرسی شده).xlsx,f2e0b7ab4266e0d4069619965c227767ea998467b509a401790a22d5cc61eca9
ومعادن|1396,ومعادن,1396,MATCHED_SEPARATE_VALID,1,1,0,0,0,0,original,ومعادن.zip!ومعادن_۱۳۹۶_۱۲_۲۹_separate_ن-۱۰_صورت‌های مالی سال مالی منتهی به ۱۳۹۶_۱۲_۲۹ (حسابرسی شده).xlsx,0a00fd7300a4024c1396c045cae32c23077fb480beea8b0932a0e5e4572fa671
ومعادن|1397,ومعادن,1397,MATCHED_SEPARATE_VALID,1,1,0,0,0,0,original,ومعادن.zip!ومعادن_۱۳۹۷_۱۲_۲۹_separate_ن-۱۰_صورت‌های مالی سال مالی منتهی به ۱۳۹۷_۱۲_۲۹ (حسابرسی شده).xlsx,09fe6a38d1dc8d35425c2450ecdc8cb726595dfa0ef2673e5df8326508550335
ومعادن|1398,ومعادن,1398,MATCHED_SEPARATE_VALID,1,1,0,0,0,0,original,ومعادن.zip!ومعادن_۱۳۹۸_۱۲_۲۹_separate_ن-۱۰_صورت‌های مالی سال مالی منتهی به ۱۳۹۸_۱۲_۲۹ (حسابرسی شده).xlsx,5fd5d3aef6f60d2632354c6a3081ab62ad40c2981be06ae36c9602998757d62a
ومعادن|1399,ومعادن,1399,MATCHED_SEPARATE_VALID,1,1,0,0,0,0,original,ومعادن.zip!ومعادن_۱۳۹۹_۱۲_۳۰_separate_ن-۱۰_صورت‌های مالی سال مالی منتهی به ۱۳۹۹_۱۲_۳۰ (حسابرسی شده).xlsx,8285d01d03f6002fdf764a50190ea31e01b5b0bb088b55f4da85e1f203c93ec6
ومعادن|1400,ومعادن,1400,MATCHED_SEPARATE_VALID,1,1,0,0,0,0,original,ومعادن.zip!ومعادن_۱۴۰۰_۱۲_۲۹_separate_ن-۱۰_صورت‌های مالی سال مالی منتهی به ۱۴۰۰_۱۲_۲۹ (حسابرسی شده).xlsx,456093a8fa983579c86f6fdf43953455078465bca58261b46c8d2957469f837f
ومعادن|1401,ومعادن,1401,MATCHED_SEPARATE_VALID,1,1,0,0,0,0,original,ومعادن.zip!ومعادن_۱۴۰۱_۱۲_۲۹_separate_ن-۱۰_صورت‌های مالی سال مالی منتهی به ۱۴۰۱_۱۲_۲۹ (حسابرسی شده).xlsx,1b8cce48dad0daa1a3cc255a91fe830f268473c2108584eb420fa72fe03dacc8
ومعادن|1402,ومعادن,1402,MATCHED_SEPARATE_VALID,1,1,0,0,0,0,original,ومعادن.zip!ومعادن_۱۴۰۲_۱۲_۲۹_separate_ن-۱۰_صورت‌های مالی سال مالی منتهی به ۱۴۰۲_۱۲_۲۹ (حسابرسی شده).xlsx,b8b19568b1623c36a2e537126f925c148e571190b918fab3dcb55071803486d7
وملی|1393,وملی,1393,MATCHED_SEPARATE_VALID,1,1,0,0,0,0,original,وملي.zip!وملي_۱۳۹۳_۱۲_۲۹_separate_ن-۱۰_صورتهای مالی سال مالی منتهی به ۱۳۹۳_۱۲_۲۹ (حسابرسی شده).xlsx,891eea1e256b36722f40422c3494d055e04255d39dbf18e6806396ce91816da9
وملی|1394,وملی,1394,MATCHED_SEPARATE_VALID,1,1,0,0,0,0,original,وملي.zip!وملي_۱۳۹۴_۱۲_۲۹_separate_ن-۱۰_صورت‌های مالی سال مالی منتهی به ۱۳۹۴_۱۲_۲۹ (حسابرسی شده).xlsx,0db2f644fbc63aae3e5f371faa51b3c41f7608abf1c5f2aeaf0550a354ebfa7c
وملی|1395,وملی,1395,MATCHED_SEPARATE_VALID,1,1,0,0,0,0,original,وملي.zip!وملي_۱۳۹۵_۱۲_۳۰_separate_ن-۱۰_صورت‌های مالی سال مالی منتهی به ۱۳۹۵_۱۲_۳۰ (حسابرسی شده).xlsx,e0c8842da77bc61b0c43d21ae6d90d7613817970736d795418ce83d166d4d629
وملی|1396,وملی,1396,MATCHED_SEPARATE_VALID,1,1,0,0,0,0,original,وملي.zip!وملي_۱۳۹۶_۱۲_۲۹_separate_ن-۱۰_صورت‌های مالی سال مالی منتهی به ۱۳۹۶_۱۲_۲۹ (حسابرسی شده).xlsx,f2ce8c554982091179c0408c612eacbef7700965b6f77071274b2e2165167c1e
وملی|1397,وملی,1397,MATCHED_SEPARATE_VALID,1,1,0,0,0,0,original,وملي.zip!وملي_۱۳۹۷_۱۲_۲۹_separate_ن-۱۰_صورت‌های مالی سال مالی منتهی به ۱۳۹۷_۱۲_۲۹ (حسابرسی شده).xlsx,19cade6a2cedf6d7bad19f9746caef01da6c7f4152c15a4c9d1ae4744e261e51
وملی|1398,وملی,1398,MATCHED_SEPARATE_VALID,1,1,0,0,0,0,original,وملي.zip!وملي_۱۳۹۸_۱۲_۲۹_separate_ن-۱۰_صورت‌های مالی سال مالی منتهی به ۱۳۹۸_۱۲_۲۹ (حسابرسی شده).xlsx,216a5e78e4464e638f8d209d532b7b9f489978b253baf09f7ea40d02c9f4ca85
وملی|1399,وملی,1399,MATCHED_SEPARATE_CORRECTION_SELECTED,2,2,0,0,1,1,correction,وملي.zip!وملي_۱۳۹۹_۱۲_۳۰_separate_ن-۱۰_صورت‌های مالی سال مالی منتهی به ۱۳۹۹_۱۲_۳۰ (حسابرسی شده)(اصلاحیه).xlsx,63086eb72a4fc0a9e24aa032534dcd8f35119b91f813f5e1ca516d274df37b7f
وملی|1400,وملی,1400,MATCHED_SEPARATE_CORRECTION_SELECTED,2,2,0,0,1,1,correction,وملي.zip!وملي_۱۴۰۰_۱۲_۲۹_separate_ن-۱۰_صورت‌های مالی سال مالی منتهی به ۱۴۰۰_۱۲_۲۹ (حسابرسی شده)(اصلاحیه).xlsx,e0e08e874a19e32644138609c85112909df75dc22e2b56f9e7d05786ba87d6f4
وملی|1401,وملی,1401,MATCHED_SEPARATE_VALID,1,1,0,0,0,0,original,وملي.zip!وملي_۱۴۰۱_۱۲_۲۹_separate_ن-۱۰_صورت‌های مالی سال مالی منتهی به ۱۴۰۱_۱۲_۲۹ (حسابرسی شده).xlsx,3b74d171998057fc2c17e8a78c869aad01cddface4a5919f9bda9831ec059cab
وملی|1402,وملی,1402,MATCHED_SEPARATE_CORRECTION_SELECTED,2,2,0,0,1,1,correction,وملي.zip!وملي_۱۴۰۲_۱۲_۲۹_separate_ن-۱۰_صورت‌های مالی سال مالی منتهی به ۱۴۰۲_۱۲_۲۹ (حسابرسی شده)(اصلاحیه).xlsx,649db9263bffb54ee0c5b66efdda3d7c97c88577b866c19af539583d3cfc0844
وکغدیر|1392,وکغدیر,1392,NO_ARCHIVE_MATCH,0,0,0,0,0,0,,,
وکغدیر|1393,وکغدیر,1393,NO_ARCHIVE_MATCH,0,0,0,0,0,0,,,
وکغدیر|1394,وکغدیر,1394,NO_ARCHIVE_MATCH,0,0,0,0,0,0,,,
وکغدیر|1395,وکغدیر,1395,NO_ARCHIVE_MATCH,0,0,0,0,0,0,,,
وکغدیر|1396,وکغدیر,1396,NO_ARCHIVE_MATCH,0,0,0,0,0,0,,,
وکغدیر|1397,وکغدیر,1397,NO_ARCHIVE_MATCH,0,0,0,0,0,0,,,
وکغدیر|1398,وکغدیر,1398,NO_ARCHIVE_MATCH,0,0,0,0,0,0,,,
وکغدیر|1399,وکغدیر,1399,MATCHED_SEPARATE_VALID,1,1,0,0,0,0,original,وكغدير.zip!وكغدير_۱۳۹۹_۰۶_۳۱_separate_ن-۱۰_صورت‌های مالی سال مالی منتهی به ۱۳۹۹_۰۶_۳۱ (حسابرسی شده).xlsx,04edce837f4137849ef7a89f628c7582d6e6e722677a0738d354827e22645575
وکغدیر|1400,وکغدیر,1400,MATCHED_SEPARATE_CORRECTION_SELECTED,2,2,0,0,1,1,correction,وكغدير.zip!وكغدير_۱۴۰۰_۰۶_۳۱_separate_ن-۱۰_صورت‌های مالی سال مالی منتهی به ۱۴۰۰_۰۶_۳۱ (حسابرسی شده)(اصلاحیه).xlsx,a2e1f44ed21902eb1ac7c41a9430b9077111a3e8e8ac2ca76cce07d488943385
وکغدیر|1401,وکغدیر,1401,MATCHED_SEPARATE_VALID,1,1,0,0,0,0,original,وكغدير.zip!وكغدير_۱۴۰۱_۰۶_۳۱_separate_ن-۱۰_صورت‌های مالی سال مالی منتهی به ۱۴۰۱_۰۶_۳۱ (حسابرسی شده).xlsx,831dfa8f416f3013d6b5861fa74f3b0fac27b22cf24649e354b6f1c97e0f1696
وکغدیر|1402,وکغدیر,1402,MATCHED_SEPARATE_VALID,1,1,0,0,0,0,original,وكغدير.zip!وكغدير_۱۴۰۲_۰۶_۳۱_separate_ن-۱۰_صورت‌های مالی سال مالی منتهی به ۱۴۰۲_۰۶_۳۱ (حسابرسی شده).xlsx,8313581f2a87539bb8ed21a05e94c17a586fe17c925fc1f29abcc218587bf120
زمگسا|1392,زمگسا,1392,MATCHED_SEPARATE_VALID,1,1,0,0,0,0,original,زمگسا.zip!زمگسا_۱۳۹۲_۱۲_۲۹_separate_ن-۱۰_صورتهای مالی سال مالی منتهی به ۱۳۹۲_۱۲_۲۹ (حسابرسی شده).xlsx,c2d3c53d869521f7bb9db7735fccb4358fc5059482514a77baa2d7b414ce4b18
زمگسا|1393,زمگسا,1393,MATCHED_SEPARATE_CORRECTION_SELECTED,2,2,0,0,1,1,correction,زمگسا.zip!زمگسا_۱۳۹۳_۱۲_۲۹_separate_ن-۱۰_صورتهای مالی سال مالی منتهی به ۱۳۹۳_۱۲_۲۹ (حسابرسی شده)(اصلاحیه).xlsx,34039ec1cd0cb883891c6270fd9e2b05dac19564d7226eb38cdb68e7ebef9c8c
زمگسا|1394,زمگسا,1394,MATCHED_SEPARATE_VALID,1,1,0,0,0,0,original,زمگسا.zip!زمگسا_۱۳۹۴_۱۲_۲۹_separate_ن-۱۰_صورت‌های مالی سال مالی منتهی به ۱۳۹۴_۱۲_۲۹ (حسابرسی شده).xlsx,9e7f94c70c77e269d77eed55b167dd9c3675fb6bfdbde593e95ccbf8488dbc50
زمگسا|1395,زمگسا,1395,MATCHED_SEPARATE_VALID,1,1,0,0,0,0,original,زمگسا.zip!زمگسا_۱۳۹۵_۱۲_۳۰_separate_ن-۱۰_صورت‌های مالی سال مالی منتهی به ۱۳۹۵_۱۲_۳۰ (حسابرسی شده).xlsx,e0416bc7bf0c20be66dcbefacd06642db2551557567c4f6200de1768edceafcd
زمگسا|1396,زمگسا,1396,MATCHED_SEPARATE_VALID,1,1,0,0,0,0,original,زمگسا.zip!زمگسا_۱۳۹۶_۱۲_۲۹_separate_ن-۱۰_صورت‌های مالی سال مالی منتهی به ۱۳۹۶_۱۲_۲۹ (حسابرسی شده).xlsx,906c8a767f1029f0f98cc78059413ed1036c08dd77e63cb4e9aaa018643cb21b
زمگسا|1397,زمگسا,1397,MATCHED_SEPARATE_VALID,1,1,0,0,0,0,original,زمگسا.zip!زمگسا_۱۳۹۷_۱۲_۲۹_separate_ن-۱۰_صورت‌های مالی سال مالی منتهی به ۱۳۹۷_۱۲_۲۹ (حسابرسی شده).xlsx,a6ac4a928734e2a713a0493021ea68aea3026c02047c98cd59aea20b08e36650
زمگسا|1398,زمگسا,1398,MATCHED_SEPARATE_VALID,1,1,0,0,0,0,original,زمگسا.zip!زمگسا_۱۳۹۸_۱۲_۲۹_separate_ن-۱۰_صورت‌های مالی سال مالی منتهی به ۱۳۹۸_۱۲_۲۹ (حسابرسی شده).xlsx,94b85c2c9a351fd4a2ed8c2f0b4dba1c2e23bf9383bd075a2f9a3edafdf2b92a
زمگسا|1399,زمگسا,1399,MATCHED_SEPARATE_VALID,1,1,0,0,0,0,original,زمگسا.zip!زمگسا_۱۳۹۹_۱۲_۳۰_separate_ن-۱۰_صورت‌های مالی سال مالی منتهی به ۱۳۹۹_۱۲_۳۰ (حسابرسی شده).xlsx,06f764f6c75a47b5342626d690140df39daae974406547c5e91f9a3bf95cce9e
زمگسا|1400,زمگسا,1400,MATCHED_SEPARATE_VALID,1,1,0,0,0,0,original,زمگسا.zip!زمگسا_۱۴۰۰_۱۲_۲۹_separate_ن-۱۰_صورت‌های مالی سال مالی منتهی به ۱۴۰۰_۱۲_۲۹ (حسابرسی شده).xlsx,101658fab061b686e626ded3f2952bfdacbca72ade6780508ff8b07d4f32d04b
زمگسا|1401,زمگسا,1401,MATCHED_SEPARATE_VALID,1,1,0,0,0,0,original,زمگسا.zip!زمگسا_۱۴۰۱_۱۲_۲۹_separate_ن-۱۰_صورت‌های مالی سال مالی منتهی به ۱۴۰۱_۱۲_۲۹ (حسابرسی شده).xlsx,3aa52ad145c05ac56e776c384f2a148cd4788dd72b43bdb949f9bf09abda1141
زمگسا|1402,زمگسا,1402,MATCHED_SEPARATE_VALID,1,1,0,0,0,0,original,زمگسا.zip!زمگسا_۱۴۰۲_۱۲_۲۹_separate_ن-۱۰_صورت‌های مالی سال مالی منتهی به ۱۴۰۲_۱۲_۲۹ (حسابرسی شده).xlsx,cf2ac43bffad30fb24a25289672fa2222772849ee4a6f321fc64f17b66fbfc20
ذوب|1393,ذوب,1393,MATCHED_SEPARATE_VALID,1,1,0,0,0,0,original,ذوب.zip!ذوب_۱۳۹۳_۱۲_۲۹_separate_ن-۱۰_صورتهای مالی سال مالی منتهی به ۱۳۹۳_۱۲_۲۹ (حسابرسی شده).xlsx,774d617000d721ccba681cbd7180e3ccec6098f27694f6b48876897e3da04fef
ذوب|1394,ذوب,1394,MATCHED_SEPARATE_VALID,1,1,0,0,0,0,original,ذوب.zip!ذوب_۱۳۹۴_۱۲_۲۹_separate_ن-۱۰_صورت‌های مالی سال مالی منتهی به ۱۳۹۴_۱۲_۲۹ (حسابرسی شده).xlsx,161c9fffa4c2ff56e0072f941dd349815f3e3db0a6066814d217d74b41027805
ذوب|1395,ذوب,1395,ONLY_CONSOLIDATED_AVAILABLE,1,0,1,0,0,0,,,
ذوب|1396,ذوب,1396,ONLY_CONSOLIDATED_AVAILABLE,2,0,2,0,0,0,,,
ذوب|1397,ذوب,1397,ONLY_CONSOLIDATED_AVAILABLE,1,0,1,0,0,0,,,
ذوب|1398,ذوب,1398,ONLY_CONSOLIDATED_AVAILABLE,1,0,1,0,0,0,,,
ذوب|1399,ذوب,1399,ONLY_CONSOLIDATED_AVAILABLE,2,0,2,0,0,0,,,
ذوب|1400,ذوب,1400,ONLY_CONSOLIDATED_AVAILABLE,1,0,1,0,0,0,,,
ذوب|1401,ذوب,1401,ONLY_CONSOLIDATED_AVAILABLE,2,0,2,0,0,0,,,
ذوب|1402,ذوب,1402,ONLY_CONSOLIDATED_AVAILABLE,1,0,1,0,0,0,,,
زپارس|1394,زپارس,1394,MATCHED_SEPARATE_VALID,1,1,0,0,0,0,original,زپارس.zip!زپارس_۱۳۹۴_۰۹_۳۰_separate_ن-۱۰_صورت‌های مالی سال مالی منتهی به ۱۳۹۴_۰۹_۳۰ (حسابرسی شده).xlsx,2e006c913a688d70f3822a2e61fb167690dd88f6d22f212768821078d1493f84
زپارس|1395,زپارس,1395,MATCHED_SEPARATE_VALID,1,1,0,0,0,0,original,زپارس.zip!زپارس_۱۳۹۵_۰۹_۳۰_separate_ن-۱۰_صورت‌های مالی سال مالی منتهی به ۱۳۹۵_۰۹_۳۰ (حسابرسی شده).xlsx,27d962ca76615168e8744cf3d6aed83e6066b4a3b7ec7dac9ca1c2c4a4cd837e
زپارس|1396,زپارس,1396,MATCHED_SEPARATE_VALID,1,1,0,0,0,0,original,زپارس.zip!زپارس_۱۳۹۶_۰۹_۳۰_separate_ن-۱۰_صورت‌های مالی سال مالی منتهی به ۱۳۹۶_۰۹_۳۰ (حسابرسی شده).xlsx,f9f068ac686b2567cc4255a7d0371b3b064fe638b0d7e84c65ff7b0133c4e1bc
زپارس|1397,زپارس,1397,MATCHED_SEPARATE_VALID,1,1,0,0,0,0,original,زپارس.zip!زپارس_۱۳۹۷_۰۹_۳۰_separate_ن-۱۰_صورت‌های مالی سال مالی منتهی به ۱۳۹۷_۰۹_۳۰ (حسابرسی شده).xlsx,fa77b493e83778763200eece20635a4eb88e5b8342f1b5f92391cf7d6ef100f0
زپارس|1398,زپارس,1398,MATCHED_SEPARATE_VALID,1,1,0,0,0,0,original,زپارس.zip!زپارس_۱۳۹۸_۰۹_۳۰_separate_ن-۱۰_صورت‌های مالی سال مالی منتهی به ۱۳۹۸_۰۹_۳۰ (حسابرسی شده).xlsx,f1ccbe795698becb82b6f8051b7ea5317903e7cf348f94a89f9c623cbf4fc308
زپارس|1399,زپارس,1399,MATCHED_SEPARATE_VALID,1,1,0,0,0,0,original,زپارس.zip!زپارس_۱۳۹۹_۰۹_۳۰_separate_ن-۱۰_صورت‌های مالی سال مالی منتهی به ۱۳۹۹_۰۹_۳۰ (حسابرسی شده).xlsx,0dc7ca4abd1d5d93a657a1835a89bb92be94f74fd9914e99cf02b0e448517faa
زپارس|1400,زپارس,1400,MATCHED_SEPARATE_VALID,1,1,0,0,0,0,original,زپارس.zip!زپارس_۱۴۰۰_۰۹_۳۰_separate_ن-۱۰_صورت‌های مالی سال مالی منتهی به ۱۴۰۰_۰۹_۳۰ (حسابرسی شده).xlsx,d3970a925b5c45cbf8c82f3ea9be82f77cfe6859fb3ee1071c9b2110a34655ce
زپارس|1401,زپارس,1401,MATCHED_SEPARATE_VALID,1,1,0,0,0,0,original,زپارس.zip!زپارس_۱۴۰۱_۰۹_۳۰_separate_ن-۱۰_صورت‌های مالی سال مالی منتهی به ۱۴۰۱_۰۹_۳۰ (حسابرسی شده).xlsx,780e55ab4922d8c5a2dbad8da915073dfc0dad18a82015c0f34565f2beb92e58
زپارس|1402,زپارس,1402,MATCHED_SEPARATE_VALID,1,1,0,0,0,0,original,زپارس.zip!زپارس_۱۴۰۲_۰۹_۳۰_separate_ن-۱۰_صورت‌های مالی سال مالی منتهی به ۱۴۰۲_۰۹_۳۰ (حسابرسی شده).xlsx,3b3f6f3c6ba55f2a18d2cfb11b36ad87149019e2506b70a7c8f6470270859446
سصفها|1393,سصفها,1393,MATCHED_SEPARATE_VALID,1,1,0,0,0,0,original,سصفها.zip!سصفها_۱۳۹۳_۱۲_۲۹_separate_ن-۱۰_صورتهای مالی سال مالی منتهی به ۱۳۹۳_۱۲_۲۹ (حسابرسی شده).xlsx,47c075f96a91e34c4c5e8a6f628f5eaf8c132ed2c65ad20b0e79c2decc5c9c48
سصفها|1394,سصفها,1394,MATCHED_SEPARATE_VALID,1,1,0,0,0,0,original,سصفها.zip!سصفها_۱۳۹۴_۱۲_۲۹_separate_ن-۱۰_صورت‌های مالی سال مالی منتهی به ۱۳۹۴_۱۲_۲۹ (حسابرسی شده).xlsx,886cb852f29b4a47ebfb5c6c1d4b34d43fb50a6f242cc9ec2e1645b48d544d16
سصفها|1395,سصفها,1395,MATCHED_SEPARATE_VALID,1,1,0,0,0,0,original,سصفها.zip!سصفها_۱۳۹۵_۱۲_۳۰_separate_ن-۱۰_صورت‌های مالی سال مالی منتهی به ۱۳۹۵_۱۲_۳۰ (حسابرسی شده).xlsx,23bb674e0d2c846098b639d640c86314773e1b3dc3c382463713e0aa399b1c2e
سصفها|1396,سصفها,1396,MATCHED_SEPARATE_VALID,1,1,0,0,0,0,original,سصفها.zip!سصفها_۱۳۹۶_۱۲_۲۹_separate_ن-۱۰_صورت‌های مالی سال مالی منتهی به ۱۳۹۶_۱۲_۲۹ (حسابرسی شده).xlsx,8ba0a8e8f5e764fc08d70879c3c29288d1dbe9f02c6d7c4e63d1d8b268b21693
سصفها|1397,سصفها,1397,MATCHED_SEPARATE_VALID,1,1,0,0,0,0,original,سصفها.zip!سصفها_۱۳۹۷_۱۲_۲۹_separate_ن-۱۰_صورت‌های مالی سال مالی منتهی به ۱۳۹۷_۱۲_۲۹ (حسابرسی شده).xlsx,de339816f8dc51cc6234c118156507409a2460db1605a61fbccb871c019b9663
سصفها|1398,سصفها,1398,MATCHED_SEPARATE_VALID,1,1,0,0,0,0,original,سصفها.zip!سصفها_۱۳۹۸_۱۲_۲۹_separate_ن-۱۰_صورت‌های مالی سال مالی منتهی به ۱۳۹۸_۱۲_۲۹ (حسابرسی شده).xlsx,bc7e1ca2d4a8a90244c6b9452d55bf3cdc89658283124c1834888b0c4aaf529e
سصفها|1399,سصفها,1399,ONLY_CONSOLIDATED_AVAILABLE,1,0,1,0,0,0,,,
سصفها|1400,سصفها,1400,ONLY_CONSOLIDATED_AVAILABLE,1,0,1,0,0,0,,,
سصفها|1401,سصفها,1401,ONLY_CONSOLIDATED_AVAILABLE,1,0,1,0,0,0,,,
سصفها|1402,سصفها,1402,ONLY_CONSOLIDATED_AVAILABLE,1,0,1,0,0,0,,,
شاراک|1393,شاراک,1393,MATCHED_SEPARATE_CORRECTION_SELECTED,2,2,0,0,1,1,correction,شاراك.zip!شاراك_۱۳۹۳_۱۲_۲۹_separate_ن-۱۰_صورتهای مالی سال مالی منتهی به ۱۳۹۳_۱۲_۲۹ (حسابرسی شده)(اصلاحیه).xlsx,25bb0f7f1fd8eb53b7780efa2e32dc9030f61fed5eb6ebbdf685f01583044838
شاراک|1394,شاراک,1394,ONLY_CONSOLIDATED_AVAILABLE,1,0,1,0,0,0,,,
شاراک|1395,شاراک,1395,ONLY_CONSOLIDATED_AVAILABLE,1,0,1,0,0,0,,,
شاراک|1396,شاراک,1396,ONLY_CONSOLIDATED_AVAILABLE,1,0,1,0,0,0,,,
شاراک|1397,شاراک,1397,ONLY_CONSOLIDATED_AVAILABLE,1,0,1,0,0,0,,,
شاراک|1398,شاراک,1398,ONLY_CONSOLIDATED_AVAILABLE,1,0,1,0,0,0,,,
شاراک|1399,شاراک,1399,ONLY_CONSOLIDATED_AVAILABLE,1,0,1,0,0,0,,,
شاراک|1400,شاراک,1400,ONLY_CONSOLIDATED_AVAILABLE,1,0,1,0,0,0,,,
شاراک|1401,شاراک,1401,ONLY_CONSOLIDATED_AVAILABLE,1,0,1,0,0,0,,,
شاراک|1402,شاراک,1402,ONLY_CONSOLIDATED_AVAILABLE,1,0,1,0,0,0,,,
شکلر|1393,شکلر,1393,NO_ARCHIVE_MATCH,0,0,0,0,0,0,,,
شکلر|1394,شکلر,1394,MATCHED_SEPARATE_VALID,1,1,0,0,0,0,original,شكلر.zip!شكلر_۱۳۹۴_۰۶_۳۱_separate_ن-۱۰_صورت‌های مالی سال مالی منتهی به ۱۳۹۴_۰۶_۳۱ (حسابرسی شده).xlsx,3f92d9cc55ec9ecaa412533cd0f6644dd5c88f951ea60e96028e6ce2422ab7bd
شکلر|1395,شکلر,1395,MATCHED_SEPARATE_VALID,1,1,0,0,0,0,original,شكلر.zip!شكلر_۱۳۹۵_۰۶_۳۱_separate_ن-۱۰_صورت‌های مالی سال مالی منتهی به ۱۳۹۵_۰۶_۳۱ (حسابرسی شده).xlsx,dcaad38e1e6aa067588d98186bdcdf3a58344c37fd88c74e89bc29a3aa2b6146
شکلر|1396,شکلر,1396,MATCHED_SEPARATE_CORRECTION_SELECTED,2,2,0,0,1,1,correction,شكلر.zip!شكلر_۱۳۹۶_۰۶_۳۱_separate_ن-۱۰_صورت‌های مالی سال مالی منتهی به ۱۳۹۶_۰۶_۳۱ (حسابرسی شده)(اصلاحیه).xlsx,b8254d426a0f07153c7afb6127cee56be2561f5974d6b47dfd1b95ce30ef05dd
شکلر|1398,شکلر,1398,MATCHED_SEPARATE_VALID,1,1,0,0,0,0,original,شكلر.zip!شكلر_۱۳۹۸_۰۵_۳۱_separate_ن-۱۰_صورت‌های مالی سال مالی منتهی به ۱۳۹۸_۰۵_۳۱ (حسابرسی شده).xlsx,a215afaae31c900d47116cd7cd7906a3ae132fd93e0d317c06f91075d8128617
شکلر|1399,شکلر,1399,MATCHED_SEPARATE_VALID,1,1,0,0,0,0,original,شكلر.zip!شكلر_۱۳۹۹_۰۵_۳۱_separate_ن-۱۰_صورت‌های مالی سال مالی منتهی به ۱۳۹۹_۰۵_۳۱ (حسابرسی شده).xlsx,e344a012d98556502eaffaa4a1f2056f803283b6e8c89945d748ea38b5e7c061
شکلر|1400,شکلر,1400,NO_ARCHIVE_MATCH,0,0,0,0,0,0,,,
شکلر|1401,شکلر,1401,MATCHED_SEPARATE_CORRECTION_SELECTED,2,2,0,0,1,1,correction,شكلر.zip!شكلر_۱۴۰۱_۰۸_۳۰_separate_ن-۱۰_صورت‌های مالی سال مالی منتهی به ۱۴۰۱_۰۸_۳۰ (حسابرسی شده)(اصلاحیه).xlsx,3d0bcc22cca32bda8193e4bd72f82630a9a958b81aebbd4056dcd5364f7b5429
شکلر|1402,شکلر,1402,MATCHED_SEPARATE_VALID,1,1,0,0,0,0,original,شكلر.zip!شكلر_۱۴۰۲_۰۸_۳۰_separate_ن-۱۰_صورت‌های مالی سال مالی منتهی به ۱۴۰۲_۰۸_۳۰ (حسابرسی شده).xlsx,c9c80fb9e61df240c3eb136798a8c6d7a770c6b3d4108ef131927ca474e19a20
شپنا|1393,شپنا,1393,MATCHED_SEPARATE_VALID,1,1,0,0,0,0,original,شپنا.zip!شپنا_۱۳۹۳_۱۲_۲۹_separate_ن-۱۰_صورتهای مالی سال مالی منتهی به ۱۳۹۳_۱۲_۲۹ (حسابرسی شده).xlsx,2a93170c6ce3ac398bd2077f0236d252d9ed876b41feb275f69797ce4cf3733a
شپنا|1394,شپنا,1394,MATCHED_SEPARATE_VALID,1,1,0,0,0,0,original,شپنا.zip!شپنا_۱۳۹۴_۱۲_۲۹_separate_ن-۱۰_صورت‌های مالی سال مالی منتهی به ۱۳۹۴_۱۲_۲۹ (حسابرسی شده).xlsx,0f30790177d54511bec0aee6b3431c4bbcc8e117e3936fc78bd8bac16e5b3876
شپنا|1395,شپنا,1395,MATCHED_SEPARATE_VALID,1,1,0,0,0,0,original,شپنا.zip!شپنا_۱۳۹۵_۱۲_۳۰_separate_ن-۱۰_صورت‌های مالی سال مالی منتهی به ۱۳۹۵_۱۲_۳۰ (حسابرسی شده).xlsx,7eff6f63c8dde779d5a3ea2bed6471b59b9d262677a8920c81de3db0bf49b763
شپنا|1396,شپنا,1396,MATCHED_SEPARATE_VALID,1,1,0,0,0,0,original,شپنا.zip!شپنا_۱۳۹۶_۱۲_۲۹_separate_ن-۱۰_صورت‌های مالی سال مالی منتهی به ۱۳۹۶_۱۲_۲۹ (حسابرسی شده).xlsx,28e5cd11dff120156192210aa384625e4a84a646f3b5d0d85cbebc4a3c5ac9ec
شپنا|1397,شپنا,1397,MATCHED_SEPARATE_VALID,1,1,0,0,0,0,original,شپنا.zip!شپنا_۱۳۹۷_۱۲_۲۹_separate_ن-۱۰_صورت‌های مالی سال مالی منتهی به ۱۳۹۷_۱۲_۲۹ (حسابرسی شده).xlsx,3fe76109704c677e2c4c8a1ebb369ccffe6dc210c435de8d90618bd602422f17
شپنا|1398,شپنا,1398,MATCHED_SEPARATE_VALID,1,1,0,0,0,0,original,شپنا.zip!شپنا_۱۳۹۸_۱۲_۲۹_separate_ن-۱۰_صورت‌های مالی سال مالی منتهی به ۱۳۹۸_۱۲_۲۹ (حسابرسی شده).xlsx,7050df57a30f3d4dd720e1c75730f0feeb9f63f377fb88df1576eaf9eb78a46f
شپنا|1399,شپنا,1399,ONLY_CONSOLIDATED_AVAILABLE,1,0,1,0,0,0,,,
شپنا|1400,شپنا,1400,ONLY_CONSOLIDATED_AVAILABLE,1,0,1,0,0,0,,,
شپنا|1401,شپنا,1401,ONLY_CONSOLIDATED_AVAILABLE,1,0,1,0,0,0,,,
شپنا|1402,شپنا,1402,ONLY_CONSOLIDATED_AVAILABLE,1,0,1,0,0,0,,,
شفارس|1393,شفارس,1393,MATCHED_SEPARATE_VALID,1,1,0,0,0,0,original,شفارس.zip!شفارس_۱۳۹۳_۱۲_۲۹_separate_ن-۱۰_صورتهای مالی سال مالی منتهی به ۱۳۹۳_۱۲_۲۹ (حسابرسی شده).xlsx,6c127e6853188cdf9f432c8b955acf22b9634d1203650edf33d13fe873f488e8
شفارس|1394,شفارس,1394,MATCHED_SEPARATE_VALID,1,1,0,0,0,0,original,شفارس.zip!شفارس_۱۳۹۴_۱۲_۲۹_separate_ن-۱۰_صورت‌های مالی سال مالی منتهی به ۱۳۹۴_۱۲_۲۹ (حسابرسی شده).xlsx,b754cabdf0d3b052ae09c03b5ce23fac92d85fa692db3b3cf21bd2217ab5b800
شفارس|1395,شفارس,1395,MATCHED_SEPARATE_VALID,1,1,0,0,0,0,original,شفارس.zip!شفارس_۱۳۹۵_۱۲_۳۰_separate_ن-۱۰_صورت‌های مالی سال مالی منتهی به ۱۳۹۵_۱۲_۳۰ (حسابرسی شده).xlsx,e78573bab8c8b54222476ab06bd7c00f8e5dd50c9ee91ca76d13b37851602d51
شفارس|1396,شفارس,1396,MATCHED_SEPARATE_VALID,1,1,0,0,0,0,original,شفارس.zip!شفارس_۱۳۹۶_۱۲_۲۹_separate_ن-۱۰_صورت‌های مالی سال مالی منتهی به ۱۳۹۶_۱۲_۲۹ (حسابرسی شده).xlsx,3b132c5afed3b6665e7d271f6b03deabe9fd99ebdec2a26bc54a8a7fa1460b17
شفارس|1397,شفارس,1397,MATCHED_SEPARATE_VALID,1,1,0,0,0,0,original,شفارس.zip!شفارس_۱۳۹۷_۱۲_۲۹_separate_ن-۱۰_صورت‌های مالی سال مالی منتهی به ۱۳۹۷_۱۲_۲۹ (حسابرسی شده).xlsx,2814c32b555dfe14cb78021bfdeb153549a158f4ee86b03b6a419daf6543b6ac
شفارس|1398,شفارس,1398,MATCHED_SEPARATE_VALID,1,1,0,0,0,0,original,شفارس.zip!شفارس_۱۳۹۸_۱۲_۲۹_separate_ن-۱۰_صورت‌های مالی سال مالی منتهی به ۱۳۹۸_۱۲_۲۹ (حسابرسی شده).xlsx,f0af31528bb7c2dbcb41f8cc9851227dc6a38881226f0d0e40e72bd62cd25e6f
شفارس|1399,شفارس,1399,MATCHED_SEPARATE_CORRECTION_SELECTED,2,2,0,0,1,1,correction,شفارس.zip!شفارس_۱۳۹۹_۱۲_۳۰_separate_ن-۱۰_صورت‌های مالی سال مالی منتهی به ۱۳۹۹_۱۲_۳۰ (حسابرسی شده)(اصلاحیه).xlsx,1914212540f0b871c289d1e4fed3aae9a710446b96d99cc4d5a3efa92e912a67
شفارس|1400,شفارس,1400,MATCHED_SEPARATE_VALID,1,1,0,0,0,0,original,شفارس.zip!شفارس_۱۴۰۰_۱۲_۲۹_separate_ن-۱۰_صورت‌های مالی سال مالی منتهی به ۱۴۰۰_۱۲_۲۹ (حسابرسی شده).xlsx,288944caab86d7d14b79de56ccf6119b7a7ac17bf9d5dbf4190108af61ac4cfc
شفارس|1401,شفارس,1401,MATCHED_SEPARATE_VALID,1,1,0,0,0,0,original,شفارس.zip!شفارس_۱۴۰۱_۱۲_۲۹_separate_ن-۱۰_صورت‌های مالی سال مالی منتهی به ۱۴۰۱_۱۲_۲۹ (حسابرسی شده).xlsx,c8ead713aa1417f49a4923d06fc0756295034a58461df5b6b09c55b9a2424bbf
شفارس|1402,شفارس,1402,MATCHED_SEPARATE_VALID,1,1,0,0,0,0,original,شفارس.zip!شفارس_۱۴۰۲_۱۲_۲۹_separate_ن-۱۰_صورت‌های مالی سال مالی منتهی به ۱۴۰۲_۱۲_۲۹ (حسابرسی شده).xlsx,eb7be4a3debc44c7cbc3f0d6c7aa8f72e893d4c9253f4c326581b1e39cf96db3
شغدیر|1393,شغدیر,1393,MATCHED_SEPARATE_VALID,1,1,0,0,0,0,original,شغدير.zip!شغدير_۱۳۹۳_۱۲_۲۹_separate_ن-۱۰_صورتهای مالی سال مالی منتهی به ۱۳۹۳_۱۲_۲۹ (حسابرسی شده).xlsx,9411403905b10f7adf747c824ecc39a6a06953c8c21d60410f2da38c29e4dba0
شغدیر|1394,شغدیر,1394,NO_ARCHIVE_MATCH,0,0,0,0,0,0,,,
شغدیر|1395,شغدیر,1395,MATCHED_SEPARATE_VALID,1,1,0,0,0,0,original,شغدير.zip!شغدير_۱۳۹۵_۱۲_۳۰_separate_ن-۱۰_صورت‌های مالی سال مالی منتهی به ۱۳۹۵_۱۲_۳۰ (حسابرسی شده).xlsx,1a80fa0a31a1d536cb8dce23fd9be1f12041476715a46c1f8ed2839c6c4063ea
شغدیر|1396,شغدیر,1396,MATCHED_SEPARATE_CORRECTION_SELECTED,2,2,0,0,1,1,correction,شغدير.zip!شغدير_۱۳۹۶_۱۲_۲۹_separate_ن-۱۰_صورت‌های مالی سال مالی منتهی به ۱۳۹۶_۱۲_۲۹ (حسابرسی شده)(اصلاحیه).xlsx,3a5aeb8dad082484708bf16b41c0fbdb33c3d08de0ccd225afddaf5c8a74a544
شغدیر|1397,شغدیر,1397,MATCHED_SEPARATE_VALID,1,1,0,0,0,0,original,شغدير.zip!شغدير_۱۳۹۷_۱۲_۲۹_separate_ن-۱۰_صورت‌های مالی سال مالی منتهی به ۱۳۹۷_۱۲_۲۹ (حسابرسی شده).xlsx,4ee6ae58e840bebb9c6e6b644a91cb85f9510b04d1a4b6c302b5d118580da3ea
شغدیر|1398,شغدیر,1398,MATCHED_SEPARATE_VALID,1,1,0,0,0,0,original,شغدير.zip!شغدير_۱۳۹۸_۱۲_۲۹_separate_ن-۱۰_صورت‌های مالی سال مالی منتهی به ۱۳۹۸_۱۲_۲۹ (حسابرسی شده).xlsx,517ed96e0825991bcc8866b750a1257b033138e95a7a811df94a9b549dbcfa34
شغدیر|1399,شغدیر,1399,MATCHED_SEPARATE_VALID,1,1,0,0,0,0,original,شغدير.zip!شغدير_۱۳۹۹_۱۲_۳۰_separate_ن-۱۰_صورت‌های مالی سال مالی منتهی به ۱۳۹۹_۱۲_۳۰ (حسابرسی شده).xlsx,5e5c2f61575ffd3476a380017f858698f3b26cd7220a177c2e6a27ab43ec55d7
شغدیر|1400,شغدیر,1400,MATCHED_SEPARATE_VALID,1,1,0,0,0,0,original,شغدير.zip!شغدير_۱۴۰۰_۱۲_۲۹_separate_ن-۱۰_صورت‌های مالی سال مالی منتهی به ۱۴۰۰_۱۲_۲۹ (حسابرسی شده).xlsx,8b46a8e7d00b63306b6fb1a223a7370d04ec68449bbb1426baefa052d25d6b48
شغدیر|1401,شغدیر,1401,MATCHED_SEPARATE_VALID,1,1,0,0,0,0,original,شغدير.zip!شغدير_۱۴۰۱_۱۲_۲۹_separate_ن-۱۰_صورت‌های مالی سال مالی منتهی به ۱۴۰۱_۱۲_۲۹ (حسابرسی شده).xlsx,c7fc3c53c909578b2c6922c2035975700fc130415010a51a116f234ed90805c0
شغدیر|1402,شغدیر,1402,MATCHED_SEPARATE_VALID,1,1,0,0,0,0,original,شغدير.zip!شغدير_۱۴۰۲_۱۲_۲۹_separate_ن-۱۰_صورت‌های مالی سال مالی منتهی به ۱۴۰۲_۱۲_۲۹ (حسابرسی شده).xlsx,f47fc1018f604dcdb15bc2513cfc63f6fa48defbf3e687828af589292d89a010
شیران|1393,شیران,1393,MATCHED_SEPARATE_VALID,1,1,0,0,0,0,original,شيران.zip!شيران_۱۳۹۳_۰۹_۳۰_separate_ن-۱۰_صورتهای مالی سال مالی منتهی به ۱۳۹۳_۰۹_۳۰ (حسابرسی شده).xlsx,98de34f18e7d982cd072492941190ccf4d0b322019822bfd181af5c380458f39
شیران|1394,شیران,1394,MATCHED_SEPARATE_VALID,1,1,0,0,0,0,original,شيران.zip!شيران_۱۳۹۴_۰۹_۳۰_separate_ن-۱۰_صورت‌های مالی سال مالی منتهی به ۱۳۹۴_۰۹_۳۰ (حسابرسی شده).xlsx,5410f0010763f0c205c18391fb0f85053a989336381080582483640e4cc48405
شیران|1395,شیران,1395,MATCHED_SEPARATE_VALID,1,1,0,0,0,0,original,شيران.zip!شيران_۱۳۹۵_۰۹_۳۰_separate_ن-۱۰_صورت‌های مالی سال مالی منتهی به ۱۳۹۵_۰۹_۳۰ (حسابرسی شده).xlsx,814241d62964c927c79cb0d680125ee84609f27944dbbea4011b1e4a6be88599
شیران|1396,شیران,1396,ONLY_CONSOLIDATED_AVAILABLE,1,0,1,0,0,0,,,
شیران|1397,شیران,1397,ONLY_CONSOLIDATED_AVAILABLE,1,0,1,0,0,0,,,
شیران|1398,شیران,1398,ONLY_CONSOLIDATED_AVAILABLE,1,0,1,0,0,0,,,
شیران|1399,شیران,1399,ONLY_CONSOLIDATED_AVAILABLE,1,0,1,0,0,0,,,
شیران|1400,شیران,1400,ONLY_CONSOLIDATED_AVAILABLE,1,0,1,0,0,0,,,
شیران|1401,شیران,1401,ONLY_CONSOLIDATED_AVAILABLE,1,0,1,0,0,0,,,
شیران|1402,شیران,1402,ONLY_CONSOLIDATED_AVAILABLE,1,0,1,0,0,0,,,
شپارس|1393,شپارس,1393,MATCHED_SEPARATE_CORRECTION_SELECTED,2,2,0,0,1,1,correction,شپارس.zip!شپارس_۱۳۹۳_۰۶_۳۱_separate_ن-۱۰_صورتهای مالی سال مالی منتهی به ۱۳۹۳_۰۶_۳۱ (حسابرسی شده)(اصلاحیه).xlsx,e3d1a6f54959a04c8bc756585622d70b4f64b24994a8181d3d279c191058b920
شپارس|1394,شپارس,1394,MATCHED_SEPARATE_VALID,1,1,0,0,0,0,original,شپارس.zip!شپارس_۱۳۹۴_۰۶_۳۱_separate_ن-۱۰_صورت‌های مالی سال مالی منتهی به ۱۳۹۴_۰۶_۳۱ (حسابرسی شده).xlsx,b52528119eeb9446564c2234fa2057800b9ba9708dbe30e3b30d8293690ba874
شپارس|1395,شپارس,1395,MATCHED_SEPARATE_CORRECTION_SELECTED,2,2,0,0,1,1,correction,شپارس.zip!شپارس_۱۳۹۵_۰۶_۳۱_separate_ن-۱۰_صورت‌های مالی سال مالی منتهی به ۱۳۹۵_۰۶_۳۱ (حسابرسی شده)(اصلاحیه).xlsx,01cd0bdbd8a2feb430553bbe9675b7258baba11e6274ae9c50873f3b92b6e909
شپارس|1396,شپارس,1396,MATCHED_SEPARATE_VALID,1,1,0,0,0,0,original,شپارس.zip!شپارس_۱۳۹۶_۰۶_۳۱_separate_ن-۱۰_صورت‌های مالی سال مالی منتهی به ۱۳۹۶_۰۶_۳۱ (حسابرسی شده).xlsx,7f94b93a41284d60ec16801d516da98b0f64676fd53cc37b2cf5544e640a65cf
شپارس|1397,شپارس,1397,MATCHED_SEPARATE_VALID,1,1,0,0,0,0,original,شپارس.zip!شپارس_۱۳۹۷_۰۶_۳۱_separate_ن-۱۰_صورت‌های مالی سال مالی منتهی به ۱۳۹۷_۰۶_۳۱ (حسابرسی شده).xlsx,512d8a7fe580c2c950244d21b14720fdf32b177688f11d549099f7c0f2359be7
شپارس|1398,شپارس,1398,MATCHED_SEPARATE_VALID,1,1,0,0,0,0,original,شپارس.zip!شپارس_۱۳۹۸_۰۶_۳۱_separate_ن-۱۰_صورت‌های مالی سال مالی منتهی به ۱۳۹۸_۰۶_۳۱ (حسابرسی شده).xlsx,a215afaae31c900d47116cd7cd7906a3ae132fd93e0d317c06f91075d8128617
شپارس|1399,شپارس,1399,MATCHED_SEPARATE_VALID,1,1,0,0,0,0,original,شپارس.zip!شپارس_۱۳۹۹_۰۶_۳۱_separate_ن-۱۰_صورت‌های مالی سال مالی منتهی به ۱۳۹۹_۰۶_۳۱ (حسابرسی شده).xlsx,944f80a4699ccf61578fa869c37e80122435b361aaa4be6bbde6a5c6a873b0aa
شپارس|1400,شپارس,1400,MATCHED_SEPARATE_VALID,1,1,0,0,0,0,original,شپارس.zip!شپارس_۱۴۰۰_۰۶_۳۱_separate_ن-۱۰_صورت‌های مالی سال مالی منتهی به ۱۴۰۰_۰۶_۳۱ (حسابرسی شده).xlsx,317e68b2c1e4bf8e1e4bd4f82618fad783b546076767ec5d08df6507abacb9a4
شپارس|1401,شپارس,1401,MATCHED_SEPARATE_VALID,1,1,0,0,0,0,original,شپارس.zip!شپارس_۱۴۰۱_۰۶_۳۱_separate_ن-۱۰_صورت‌های مالی سال مالی منتهی به ۱۴۰۱_۰۶_۳۱ (حسابرسی شده).xlsx,4a66f85909be7a742fd7b3ad9b4ef96121fe7d3c54e7b896c5ffc07b0e0bdb3d
شپارس|1402,شپارس,1402,MATCHED_SEPARATE_VALID,1,1,0,0,0,0,original,شپارس.zip!شپارس_۱۴۰۲_۰۶_۳۱_separate_ن-۱۰_صورت‌های مالی سال مالی منتهی به ۱۴۰۲_۰۶_۳۱ (حسابرسی شده).xlsx,66f1db161a46bbf7247658351f8ec0d54a6178ea704b5f0f575dee148fe2e14b
سیلام|1392,سیلام,1392,MATCHED_SEPARATE_VALID,1,1,0,0,0,0,original,سيلام.zip!سيلام_۱۳۹۲_۱۰_۳۰_separate_ن-۱۰_صورتهای مالی سال مالی منتهی به ۱۳۹۲_۱۰_۳۰ (حسابرسی شده).xlsx,6d267718a20b8937477b6c94a7f66a6257c8f833efd321ff00bfa0272bdd37ee
سیلام|1393,سیلام,1393,MATCHED_SEPARATE_VALID,1,1,0,0,0,0,original,سيلام.zip!سيلام_۱۳۹۳_۱۰_۳۰_separate_ن-۱۰_صورتهای مالی سال مالی منتهی به ۱۳۹۳_۱۰_۳۰ (حسابرسی شده).xlsx,63c0c24dcf5b0ae296da3a4b74f032044ee4f8c8ae930e1209932ffeab108fed
سیلام|1394,سیلام,1394,MATCHED_SEPARATE_VALID,1,1,0,0,0,0,original,سيلام.zip!سيلام_۱۳۹۴_۱۰_۳۰_separate_ن-۱۰_صورت‌های مالی سال مالی منتهی به ۱۳۹۴_۱۰_۳۰ (حسابرسی شده).xlsx,298852a2527a6976140f15a66260811b580fcd0514402f1cf6d668d21698f63b
سیلام|1395,سیلام,1395,ONLY_CONSOLIDATED_AVAILABLE,1,0,1,0,0,0,,,
سیلام|1396,سیلام,1396,ONLY_CONSOLIDATED_AVAILABLE,1,0,1,0,0,0,,,
سیلام|1397,سیلام,1397,ONLY_CONSOLIDATED_AVAILABLE,1,0,1,0,0,0,,,
سیلام|1398,سیلام,1398,ONLY_CONSOLIDATED_AVAILABLE,1,0,1,0,0,0,,,
سیلام|1399,سیلام,1399,ONLY_CONSOLIDATED_AVAILABLE,1,0,1,0,0,0,,,
سیلام|1400,سیلام,1400,ONLY_CONSOLIDATED_AVAILABLE,1,0,1,0,0,0,,,
سیلام|1401,سیلام,1401,ONLY_CONSOLIDATED_AVAILABLE,1,0,1,0,0,0,,,
سیلام|1402,سیلام,1402,ONLY_CONSOLIDATED_AVAILABLE,1,0,1,0,0,0,,,
سکرد|1392,سکرد,1392,MATCHED_SEPARATE_VALID,1,1,0,0,0,0,original,سكرد.zip!سكرد_۱۳۹۲_۰۶_۳۱_separate_ن-۱۰_صورتهای مالی سال مالی منتهی به ۱۳۹۲_۰۶_۳۱ (حسابرسی شده).xlsx,ca24c855d8f5ceaf301e147dc88f0f3c31da27aca2b222fe6c93c4240e49ee33
سکرد|1393,سکرد,1393,MATCHED_SEPARATE_VALID,1,1,0,0,0,0,original,سكرد.zip!سكرد_۱۳۹۳_۰۶_۳۱_separate_ن-۱۰_صورتهای مالی سال مالی منتهی به ۱۳۹۳_۰۶_۳۱ (حسابرسی شده).xlsx,63a175d05342fc44e412cc86e0e59b10454ad369fdf4180695cc296cf08068cd
سکرد|1394,سکرد,1394,MATCHED_SEPARATE_VALID,1,1,0,0,0,0,original,سكرد.zip!سكرد_۱۳۹۴_۰۶_۳۱_separate_ن-۱۰_صورت‌های مالی سال مالی منتهی به ۱۳۹۴_۰۶_۳۱ (حسابرسی شده).xlsx,d8ec75e037cfc251ac6853d6f75739536846be75ae125519bcfab60706c3b37e
سکرد|1395,سکرد,1395,MATCHED_SEPARATE_VALID,1,1,0,0,0,0,original,سكرد.zip!سكرد_۱۳۹۵_۰۶_۳۱_separate_ن-۱۰_صورت‌های مالی سال مالی منتهی به ۱۳۹۵_۰۶_۳۱ (حسابرسی شده).xlsx,4f9cbd80d7d171bbcfc2ae921bdd7438ce51295ac5798ae6f8ceb7af6273bdd6
سکرد|1396,سکرد,1396,ONLY_CONSOLIDATED_AVAILABLE,1,0,1,0,0,0,,,
سکرد|1397,سکرد,1397,ONLY_CONSOLIDATED_AVAILABLE,1,0,1,0,0,0,,,
سکرد|1398,سکرد,1398,ONLY_CONSOLIDATED_AVAILABLE,1,0,1,0,0,0,,,
سکرد|1399,سکرد,1399,ONLY_CONSOLIDATED_AVAILABLE,1,0,1,0,0,0,,,
سکرد|1400,سکرد,1400,ONLY_CONSOLIDATED_AVAILABLE,1,0,1,0,0,0,,,
سکرد|1401,سکرد,1401,ONLY_CONSOLIDATED_AVAILABLE,1,0,1,0,0,0,,,
سکرد|1402,سکرد,1402,ONLY_CONSOLIDATED_AVAILABLE,1,0,1,0,0,0,,,
شبریز|1393,شبریز,1393,MATCHED_SEPARATE_VALID,1,1,0,0,0,0,original,شبريز.zip!شبريز_۱۳۹۳_۱۲_۲۹_separate_ن-۱۰_صورتهای مالی سال مالی منتهی به ۱۳۹۳_۱۲_۲۹ (حسابرسی شده).xlsx,be4faf69f1a53aff091c62afbf9627758a3618e72d56ae58993aec043b8813b0
شبریز|1394,شبریز,1394,MATCHED_SEPARATE_VALID,1,1,0,0,0,0,original,شبريز.zip!شبريز_۱۳۹۴_۱۲_۲۹_separate_ن-۱۰_صورت‌های مالی سال مالی منتهی به ۱۳۹۴_۱۲_۲۹ (حسابرسی شده).xlsx,1d5944c9341d4bcb9187804e68c718b6d51a78d2c195d6a5426ba94dd59850a3
شبریز|1395,شبریز,1395,MATCHED_SEPARATE_VALID,1,1,0,0,0,0,original,شبريز.zip!شبريز_۱۳۹۵_۱۲_۳۰_separate_ن-۱۰_صورت‌های مالی سال مالی منتهی به ۱۳۹۵_۱۲_۳۰ (حسابرسی شده).xlsx,c867bafbfebba529105b4a2dce2c2252201e86bb1ef90e91f14e242f9af25217
شبریز|1396,شبریز,1396,MATCHED_SEPARATE_VALID,1,1,0,0,0,0,original,شبريز.zip!شبريز_۱۳۹۶_۱۲_۲۹_separate_ن-۱۰_صورت‌های مالی سال مالی منتهی به ۱۳۹۶_۱۲_۲۹ (حسابرسی شده).xlsx,b9652a495588ee639f033e67a694e888aee7224550d5078d74c6e417a6f0a0cf
شبریز|1397,شبریز,1397,MATCHED_SEPARATE_VALID,1,1,0,0,0,0,original,شبريز.zip!شبريز_۱۳۹۷_۱۲_۲۹_separate_ن-۱۰_صورت‌های مالی سال مالی منتهی به ۱۳۹۷_۱۲_۲۹ (حسابرسی شده).xlsx,1ef0d708197362ecf8d9a6c3a126c3b761ecaedc5978c6d698af215af706a6e8
شبریز|1398,شبریز,1398,MATCHED_SEPARATE_VALID,1,1,0,0,0,0,original,شبريز.zip!شبريز_۱۳۹۸_۱۲_۲۹_separate_ن-۱۰_صورت‌های مالی سال مالی منتهی به ۱۳۹۸_۱۲_۲۹ (حسابرسی شده).xlsx,c6a3e1793addabcb14e1a801dd84e2019e5c4e510e1eb400532789e7b1034470
شبریز|1399,شبریز,1399,MATCHED_SEPARATE_VALID,1,1,0,0,0,0,original,شبريز.zip!شبريز_۱۳۹۹_۱۲_۳۰_separate_ن-۱۰_صورت‌های مالی سال مالی منتهی به ۱۳۹۹_۱۲_۳۰ (حسابرسی شده).xlsx,18ce02aee9dfc3fd6c48ffc2afbce4ca489fe9d38309fb9dcc13fb4d37d9077e
شبریز|1400,شبریز,1400,MATCHED_SEPARATE_VALID,1,1,0,0,0,0,original,شبريز.zip!شبريز_۱۴۰۰_۱۲_۲۹_separate_ن-۱۰_صورت‌های مالی سال مالی منتهی به ۱۴۰۰_۱۲_۲۹ (حسابرسی شده).xlsx,0c6f66f50c4b471cd6ad918f04eb511a655f47250efad4a1adff66abbc603c4b
شبریز|1401,شبریز,1401,MATCHED_SEPARATE_VALID,1,1,0,0,0,0,original,شبريز.zip!شبريز_۱۴۰۱_۱۲_۲۹_separate_ن-۱۰_صورت‌های مالی سال مالی منتهی به ۱۴۰۱_۱۲_۲۹ (حسابرسی شده).xlsx,032ac5f3950e320ccc9c0df63041b6d5491d356310a08f3ab198c01df94b07df
شبریز|1402,شبریز,1402,MATCHED_SEPARATE_VALID,1,1,0,0,0,0,original,شبريز.zip!شبريز_۱۴۰۲_۱۲_۲۹_separate_ن-۱۰_صورت‌های مالی سال مالی منتهی به ۱۴۰۲_۱۲_۲۹ (حسابرسی شده).xlsx,467c3718938641c7cfcdc9a95831cc7244db45a81f02f7ea85c2b7599443af0a
سنیر|1393,سنیر,1393,MATCHED_SEPARATE_VALID,1,1,0,0,0,0,original,سنير.zip!سنير_۱۳۹۳_۱۲_۲۹_separate_ن-۱۰_صورتهای مالی سال مالی منتهی به ۱۳۹۳_۱۲_۲۹ (حسابرسی شده).xlsx,0aa94e636426e2c03b60c04e46706f8664fa1f25b848dc03c8f5fd240cc2736b
سنیر|1394,سنیر,1394,MATCHED_SEPARATE_VALID,1,1,0,0,0,0,original,سنير.zip!سنير_۱۳۹۴_۱۲_۲۹_separate_ن-۱۰_صورت‌های مالی سال مالی منتهی به ۱۳۹۴_۱۲_۲۹ (حسابرسی شده).xlsx,b2d670bbbdb3d59870af9e730dc766b94b68345b540d0f536fe490006e99a03f
سنیر|1395,سنیر,1395,MATCHED_SEPARATE_VALID,1,1,0,0,0,0,original,سنير.zip!سنير_۱۳۹۵_۱۲_۳۰_separate_ن-۱۰_صورت‌های مالی سال مالی منتهی به ۱۳۹۵_۱۲_۳۰ (حسابرسی شده).xlsx,986b90c0ab1149121fa1f24925183f2b293b69ab3d0273272cc95c51b636948a
سنیر|1396,سنیر,1396,MATCHED_SEPARATE_VALID,1,1,0,0,0,0,original,سنير.zip!سنير_۱۳۹۶_۱۲_۲۹_separate_ن-۱۰_صورت‌های مالی سال مالی منتهی به ۱۳۹۶_۱۲_۲۹ (حسابرسی شده).xlsx,a13f0536fe21c1ef2e0927223ff93e8e7c2a908a64dbf0eb3a6075811ea7a7f2
سنیر|1397,سنیر,1397,MATCHED_SEPARATE_VALID,1,1,0,0,0,0,original,سنير.zip!سنير_۱۳۹۷_۱۲_۲۹_separate_ن-۱۰_صورت‌های مالی سال مالی منتهی به ۱۳۹۷_۱۲_۲۹ (حسابرسی شده).xlsx,a21427b2b700a60ee531e97291477035d112a2e97259e3a1833dfe699057851e
سنیر|1398,سنیر,1398,MATCHED_SEPARATE_VALID,1,1,0,0,0,0,original,سنير.zip!سنير_۱۳۹۸_۱۲_۲۹_separate_ن-۱۰_صورت‌های مالی سال مالی منتهی به ۱۳۹۸_۱۲_۲۹ (حسابرسی شده).xlsx,3ca8078fbb2ca5d299666aa15b9354b3c2fc5a54c47e55286af87a79b47e6e90
سنیر|1399,سنیر,1399,MATCHED_SEPARATE_VALID,1,1,0,0,0,0,original,سنير.zip!سنير_۱۳۹۹_۱۲_۳۰_separate_ن-۱۰_صورت‌های مالی سال مالی منتهی به ۱۳۹۹_۱۲_۳۰ (حسابرسی شده).xlsx,03d9231400f8740fe8c1b9d166e9a415461eb763f68576c209e1df3f098a36f3
سنیر|1400,سنیر,1400,MATCHED_SEPARATE_VALID,1,1,0,0,0,0,original,سنير.zip!سنير_۱۴۰۰_۱۲_۲۹_separate_ن-۱۰_صورت‌های مالی سال مالی منتهی به ۱۴۰۰_۱۲_۲۹ (حسابرسی شده).xlsx,fedc139b65d1788fb557b0f6ea6331d9c296eb790eaf6eae93d544a1360682aa
سنیر|1401,سنیر,1401,MATCHED_SEPARATE_VALID,1,1,0,0,0,0,original,سنير.zip!سنير_۱۴۰۱_۱۲_۲۹_separate_ن-۱۰_صورت‌های مالی سال مالی منتهی به ۱۴۰۱_۱۲_۲۹ (حسابرسی شده).xlsx,0184730b5b07b8e943174297302b78f842c0537d805e746e7cc5c4e7beeedf4c
سنیر|1402,سنیر,1402,MATCHED_SEPARATE_VALID,1,1,0,0,0,0,original,سنير.zip!سنير_۱۴۰۲_۱۲_۲۹_separate_ن-۱۰_صورت‌های مالی سال مالی منتهی به ۱۴۰۲_۱۲_۲۹ (حسابرسی شده).xlsx,6b00e96e351da4f9a25504d689cfa36db501dc55dc31d22b093ecc51b846897d
ثنوسا|1392,ثنوسا,1392,MATCHED_SEPARATE_VALID,1,1,0,0,0,0,original,ثنوسا.zip!ثنوسا_۱۳۹۲_۰۶_۳۱_separate_ن-۱۰_صورتهای مالی سال مالی منتهی به ۱۳۹۲_۰۶_۳۱ (حسابرسی شده).xlsx,faed4d94c6cf5aee6ae93fca230d74942745df6149d057b8a1c147a6ebe3bf55
ثنوسا|1393,ثنوسا,1393,MATCHED_SEPARATE_VALID,1,1,0,0,0,0,original,ثنوسا.zip!ثنوسا_۱۳۹۳_۰۶_۳۱_separate_ن-۱۰_صورتهای مالی سال مالی منتهی به ۱۳۹۳_۰۶_۳۱ (حسابرسی شده).xlsx,28e25d3bd9aefbe7c968ce5607cf6f4a682c30df73c14f93a9a8d47cc6e5dbf4
ثنوسا|1394,ثنوسا,1394,MATCHED_SEPARATE_VALID,1,1,0,0,0,0,original,ثنوسا.zip!ثنوسا_۱۳۹۴_۰۶_۳۱_separate_ن-۱۰_صورت‌های مالی سال مالی منتهی به ۱۳۹۴_۰۶_۳۱ (حسابرسی شده).xlsx,ef29e608ba4e6510d48727d1f59f9b06db8fe2e790bd6fac5db6513846f5aa55
ثنوسا|1395,ثنوسا,1395,MATCHED_SEPARATE_VALID,1,1,0,0,0,0,original,ثنوسا.zip!ثنوسا_۱۳۹۵_۰۶_۳۱_separate_ن-۱۰_صورت‌های مالی سال مالی منتهی به ۱۳۹۵_۰۶_۳۱ (حسابرسی شده).xlsx,020a0ef1a91c786c616b4f733448a652b27b7aaae9293984a7b08da8662486b1
ثنوسا|1396,ثنوسا,1396,MATCHED_SEPARATE_VALID,1,1,0,0,0,0,original,ثنوسا.zip!ثنوسا_۱۳۹۶_۰۶_۳۱_separate_ن-۱۰_صورت‌های مالی سال مالی منتهی به ۱۳۹۶_۰۶_۳۱ (حسابرسی شده).xlsx,9d749be5600e8f487ed840b4e15a81c265760372e0971af3d2577076a9e7bdc8
ثنوسا|1397,ثنوسا,1397,MATCHED_SEPARATE_VALID,1,1,0,0,0,0,original,ثنوسا.zip!ثنوسا_۱۳۹۷_۰۶_۳۱_separate_ن-۱۰_صورت‌های مالی سال مالی منتهی به ۱۳۹۷_۰۶_۳۱ (حسابرسی شده).xlsx,8b1ad8f1acd8661d7352cd58a8574b36a32e6fcfc42c717de6bfa2248f55391d
ثنوسا|1398,ثنوسا,1398,MATCHED_SEPARATE_VALID,1,1,0,0,0,0,original,ثنوسا.zip!ثنوسا_۱۳۹۸_۰۶_۳۱_separate_ن-۱۰_صورت‌های مالی سال مالی منتهی به ۱۳۹۸_۰۶_۳۱ (حسابرسی شده).xlsx,b926cc349fa6e48d975eb7123330a87465ff48bfe3de095d37198e78f7d02f93
ثنوسا|1399,ثنوسا,1399,MATCHED_SEPARATE_VALID,1,1,0,0,0,0,original,ثنوسا.zip!ثنوسا_۱۳۹۹_۰۶_۳۱_separate_ن-۱۰_صورت‌های مالی سال مالی منتهی به ۱۳۹۹_۰۶_۳۱ (حسابرسی شده).xlsx,189125505eb71b687690bc25b0328c956c0d92f2ccba162fbde3794b9d640ee4
ثنوسا|1400,ثنوسا,1400,MATCHED_SEPARATE_VALID,1,1,0,0,0,0,original,ثنوسا.zip!ثنوسا_۱۴۰۰_۰۶_۳۱_separate_ن-۱۰_صورت‌های مالی سال مالی منتهی به ۱۴۰۰_۰۶_۳۱ (حسابرسی شده).xlsx,ed3506bebda53895faa90b2358d01416a5515502d5666318808cc6f788d6626a
ثنوسا|1401,ثنوسا,1401,MATCHED_SEPARATE_VALID,1,1,0,0,0,0,original,ثنوسا.zip!ثنوسا_۱۴۰۱_۰۶_۳۱_separate_ن-۱۰_صورت‌های مالی سال مالی منتهی به ۱۴۰۱_۰۶_۳۱ (حسابرسی شده).xlsx,7b69b3252d141fa52c667f6fdb6cf13b74d3ec49767a9c2dce5af28af2b6dfa2
ثنوسا|1402,ثنوسا,1402,MATCHED_SEPARATE_VALID,1,1,0,0,0,0,original,ثنوسا.zip!ثنوسا_۱۴۰۲_۰۶_۳۱_separate_ن-۱۰_صورت‌های مالی سال مالی منتهی به ۱۴۰۲_۰۶_۳۱ (حسابرسی شده).xlsx,cc6d6afddd3ecd2a29e86463ad719e29965baf1b592bc419df8e42605a1a08d8
سپاها|1392,سپاها,1392,MATCHED_SEPARATE_VALID,1,1,0,0,0,0,original,سپاها.zip!سپاها_۱۳۹۲_۰۶_۳۱_separate_ن-۱۰_صورتهای مالی سال مالی منتهی به ۱۳۹۲_۰۶_۳۱ (حسابرسی شده).xlsx,c7f298463dd69f8288fb4bdf6e7032254c8fbfc0210700474d10ebc378dbe4ff
سپاها|1393,سپاها,1393,MATCHED_SEPARATE_VALID,1,1,0,0,0,0,original,سپاها.zip!سپاها_۱۳۹۳_۰۶_۳۱_separate_ن-۱۰_صورتهای مالی سال مالی منتهی به ۱۳۹۳_۰۶_۳۱ (حسابرسی شده).xlsx,7a7e01f72bdd6dc5804fa6d1e86f8a8328d84f132e2cdc40662125d0599542d8
سپاها|1394,سپاها,1394,MATCHED_SEPARATE_VALID,1,1,0,0,0,0,original,سپاها.zip!سپاها_۱۳۹۴_۰۶_۳۱_separate_ن-۱۰_صورت‌های مالی سال مالی منتهی به ۱۳۹۴_۰۶_۳۱ (حسابرسی شده).xlsx,6b46c99343d090042e22feec2420f9ba9894539d6b8e122c91a1a6552ff90749
سپاها|1395,سپاها,1395,MATCHED_SEPARATE_VALID,2,1,1,0,0,0,original,سپاها.zip!سپاها_۱۳۹۵_۰۶_۳۱_separate_ن-۱۰_صورت‌های مالی سال مالی منتهی به ۱۳۹۵_۰۶_۳۱ (حسابرسی شده).xlsx,0ac9c63449feb3c3d9c0d5f27ace27f23963b87f4a38d5167a2d7ee5132a8d07
سپاها|1396,سپاها,1396,ONLY_CONSOLIDATED_AVAILABLE,1,0,1,0,0,0,,,
سپاها|1397,سپاها,1397,ONLY_CONSOLIDATED_AVAILABLE,1,0,1,0,0,0,,,
سپاها|1398,سپاها,1398,ONLY_CONSOLIDATED_AVAILABLE,1,0,1,0,0,0,,,
سپاها|1399,سپاها,1399,ONLY_CONSOLIDATED_AVAILABLE,1,0,1,0,0,0,,,
سپاها|1400,سپاها,1400,ONLY_CONSOLIDATED_AVAILABLE,1,0,1,0,0,0,,,
سپاها|1401,سپاها,1401,ONLY_CONSOLIDATED_AVAILABLE,1,0,1,0,0,0,,,
سپاها|1402,سپاها,1402,ONLY_CONSOLIDATED_AVAILABLE,1,0,1,0,0,0,,,
سپید|1397,سپید,1397,MATCHED_SEPARATE_VALID,1,1,0,0,0,0,original,سپيد.zip!سپيد_۱۳۹۷_۱۲_۲۹_separate_ن-۱۰_صورت‌های مالی سال مالی منتهی به ۱۳۹۷_۱۲_۲۹ (حسابرسی شده).xlsx,3fda3442ccee4cca9bdbae9763f3083b5c125a32bed4472f9ea10a9ddc18375c
سپید|1398,سپید,1398,ONLY_CONSOLIDATED_AVAILABLE,1,0,1,0,0,0,,,
سپید|1399,سپید,1399,ONLY_CONSOLIDATED_AVAILABLE,2,0,2,0,0,0,,,
سپید|1400,سپید,1400,ONLY_CONSOLIDATED_AVAILABLE,1,0,1,0,0,0,,,
سپید|1401,سپید,1401,ONLY_CONSOLIDATED_AVAILABLE,1,0,1,0,0,0,,,
سپید|1402,سپید,1402,ONLY_CONSOLIDATED_AVAILABLE,1,0,1,0,0,0,,,
سرود|1392,سرود,1392,MATCHED_SEPARATE_VALID,1,1,0,0,0,0,original,سرود.zip!سرود_۱۳۹۲_۱۲_۲۹_separate_ن-۱۰_صورتهای مالی سال مالی منتهی به ۱۳۹۲_۱۲_۲۹ (حسابرسی شده).xlsx,a58d2ef6d88ccd09f419f3d3ff9559dd6f2c0382881dafccba9b0dd6801b03de
سرود|1393,سرود,1393,MATCHED_SEPARATE_VALID,1,1,0,0,0,0,original,سرود.zip!سرود_۱۳۹۳_۱۲_۲۹_separate_ن-۱۰_صورتهای مالی سال مالی منتهی به ۱۳۹۳_۱۲_۲۹ (حسابرسی شده).xlsx,47763e789d305fd883bc770bff08c531f5ada31ae0764cf8901dff060205028a
سرود|1394,سرود,1394,MATCHED_SEPARATE_VALID,1,1,0,0,0,0,original,سرود.zip!سرود_۱۳۹۴_۱۲_۲۹_separate_ن-۱۰_صورت‌های مالی سال مالی منتهی به ۱۳۹۴_۱۲_۲۹ (حسابرسی شده).xlsx,42dfcb3599246e2dc932d9f93b3a583172e31433129f4d9cb391d992ea143730
سرود|1395,سرود,1395,MATCHED_SEPARATE_VALID,1,1,0,0,0,0,original,سرود.zip!سرود_۱۳۹۵_۱۲_۳۰_separate_ن-۱۰_صورت‌های مالی سال مالی منتهی به ۱۳۹۵_۱۲_۳۰ (حسابرسی شده).xlsx,e1cc7a85e35124b4bf46a9ef4b4c09452a5d6a1bfb740930040dd9023f125201
سرود|1396,سرود,1396,MATCHED_SEPARATE_VALID,1,1,0,0,0,0,original,سرود.zip!سرود_۱۳۹۶_۱۲_۲۹_separate_ن-۱۰_صورت‌های مالی سال مالی منتهی به ۱۳۹۶_۱۲_۲۹ (حسابرسی شده).xlsx,8df997a40534e48921215de7ef832570cd3955b0bc7a6eb4b815ab67c9b1ea84
سرود|1397,سرود,1397,MATCHED_SEPARATE_VALID,1,1,0,0,0,0,original,سرود.zip!سرود_۱۳۹۷_۱۲_۲۹_separate_ن-۱۰_صورت‌های مالی سال مالی منتهی به ۱۳۹۷_۱۲_۲۹ (حسابرسی شده).xlsx,d09229a02b12f399fb7464f83615e1939e83c2dcb40f3db7fa4af233676de91d
سرود|1398,سرود,1398,MATCHED_SEPARATE_VALID,1,1,0,0,0,0,original,سرود.zip!سرود_۱۳۹۸_۱۲_۲۹_separate_ن-۱۰_صورت‌های مالی سال مالی منتهی به ۱۳۹۸_۱۲_۲۹ (حسابرسی شده).xlsx,149adda36ebf31a93f47af949f21154992612e6e39f867a7c51df9326debcf6c
سرود|1399,سرود,1399,MATCHED_SEPARATE_VALID,1,1,0,0,0,0,original,سرود.zip!سرود_۱۳۹۹_۱۲_۳۰_separate_ن-۱۰_صورت‌های مالی سال مالی منتهی به ۱۳۹۹_۱۲_۳۰ (حسابرسی شده).xlsx,ebcd2863653fef371a5759acdd04c93e6bec168807551570cea682c1c181c04a
سرود|1400,سرود,1400,MATCHED_SEPARATE_VALID,1,1,0,0,0,0,original,سرود.zip!سرود_۱۴۰۰_۱۲_۲۹_separate_ن-۱۰_صورت‌های مالی سال مالی منتهی به ۱۴۰۰_۱۲_۲۹ (حسابرسی شده).xlsx,76e4e0310367b64cd0184b42f4ddfe4305ed8693ee0dd31e675f87ae14dad4cb
سرود|1401,سرود,1401,MATCHED_SEPARATE_VALID,1,1,0,0,0,0,original,سرود.zip!سرود_۱۴۰۱_۱۲_۲۹_separate_ن-۱۰_صورت‌های مالی سال مالی منتهی به ۱۴۰۱_۱۲_۲۹ (حسابرسی شده).xlsx,03e19c83904cbb22c798d9a8557f6466d6e42fb89b54aa580c420ed7426b5d68
سرود|1402,سرود,1402,ONLY_CONSOLIDATED_AVAILABLE,1,0,1,0,0,0,,,
ثشرق|1392,ثشرق,1392,MATCHED_SEPARATE_VALID,1,1,0,0,0,0,original,ثشرق.zip!ثشرق_۱۳۹۲_۰۶_۳۱_separate_ن-۱۰_صورتهای مالی سال مالی منتهی به ۱۳۹۲_۰۶_۳۱ (حسابرسی شده).xlsx,1bbfe4da1fd813022691eb6034a61e68bb7f8e0660e18877940838d1aa20a357
ثشرق|1393,ثشرق,1393,MATCHED_SEPARATE_VALID,1,1,0,0,0,0,original,ثشرق.zip!ثشرق_۱۳۹۳_۰۶_۳۱_separate_ن-۱۰_صورتهای مالی سال مالی منتهی به ۱۳۹۳_۰۶_۳۱ (حسابرسی شده).xlsx,c9f84e024c57ff576fd835fc51b0d6caceb1415d2971d31da747c5578b8c7ed4
ثشرق|1394,ثشرق,1394,MATCHED_SEPARATE_VALID,1,1,0,0,0,0,original,ثشرق.zip!ثشرق_۱۳۹۴_۰۶_۳۱_separate_ن-۱۰_صورت‌های مالی سال مالی منتهی به ۱۳۹۴_۰۶_۳۱ (حسابرسی شده).xlsx,9a1379015181dc3754b1363a87678b388d80ef1fa72ca77db3c1220c6e9cb320
ثشرق|1395,ثشرق,1395,MATCHED_SEPARATE_VALID,1,1,0,0,0,0,original,ثشرق.zip!ثشرق_۱۳۹۵_۰۶_۳۱_separate_ن-۱۰_صورت‌های مالی سال مالی منتهی به ۱۳۹۵_۰۶_۳۱ (حسابرسی شده).xlsx,3d53dca7762f944c0e7209360dedd0c4a67c2214d112163c7516ef2180bbc5b5
ثشرق|1396,ثشرق,1396,MATCHED_SEPARATE_VALID,1,1,0,0,0,0,original,ثشرق.zip!ثشرق_۱۳۹۶_۰۶_۳۱_separate_ن-۱۰_صورت‌های مالی سال مالی منتهی به ۱۳۹۶_۰۶_۳۱ (حسابرسی شده).xlsx,81bfa6abfbbdf669ecd971f08d1fa65b4df47b9f4eebc19a17244e0d9ace76b9
ثشرق|1397,ثشرق,1397,MATCHED_SEPARATE_VALID,1,1,0,0,0,0,original,ثشرق.zip!ثشرق_۱۳۹۷_۰۶_۳۱_separate_ن-۱۰_صورت‌های مالی سال مالی منتهی به ۱۳۹۷_۰۶_۳۱ (حسابرسی شده).xlsx,8fa6b623b61e65a6168c9586105afbaff8e3be99843f8dc27afe87a335376942
ثشرق|1398,ثشرق,1398,MATCHED_SEPARATE_VALID,1,1,0,0,0,0,original,ثشرق.zip!ثشرق_۱۳۹۸_۰۶_۳۱_separate_ن-۱۰_صورت‌های مالی سال مالی منتهی به ۱۳۹۸_۰۶_۳۱ (حسابرسی شده).xlsx,af719b9033011f713136122eb369da0cd42f539a1ef38255660c70fa63b1fb28
ثشرق|1399,ثشرق,1399,MATCHED_SEPARATE_VALID,1,1,0,0,0,0,original,ثشرق.zip!ثشرق_۱۳۹۹_۰۶_۳۱_separate_ن-۱۰_صورت‌های مالی سال مالی منتهی به ۱۳۹۹_۰۶_۳۱ (حسابرسی شده).xlsx,002325be393080f9e33b7a3b20d1a4f8fe334df525c2dd9d46cc7da46c190fa2
ثشرق|1400,ثشرق,1400,MATCHED_SEPARATE_VALID,1,1,0,0,0,0,original,ثشرق.zip!ثشرق_۱۴۰۰_۰۶_۳۱_separate_ن-۱۰_صورت‌های مالی سال مالی منتهی به ۱۴۰۰_۰۶_۳۱ (حسابرسی شده).xlsx,30ecd86820716e2fa84fa4c879720ce92b0b1bdf1f9632a985fbb1b870b13ce7
ثشرق|1401,ثشرق,1401,MATCHED_SEPARATE_VALID,1,1,0,0,0,0,original,ثشرق.zip!ثشرق_۱۴۰۱_۰۶_۳۱_separate_ن-۱۰_صورت‌های مالی سال مالی منتهی به ۱۴۰۱_۰۶_۳۱ (حسابرسی شده).xlsx,04fbb6baa5777c0713fb0d15304decfe99b7d4874b260c0e9239e78b1202bb1b
ثشرق|1402,ثشرق,1402,MATCHED_SEPARATE_VALID,1,1,0,0,0,0,original,ثشرق.zip!ثشرق_۱۴۰۲_۰۶_۳۱_separate_ن-۱۰_صورت‌های مالی سال مالی منتهی به ۱۴۰۲_۰۶_۳۱ (حسابرسی شده).xlsx,8bb4615e824dbb1f4ce0d1856e2e0f478a5e135d8ec21afdb6ce05d9476bde3a
ستران|1393,ستران,1393,MATCHED_SEPARATE_VALID,1,1,0,0,0,0,original,ستران.zip!ستران_۱۳۹۳_۱۲_۲۹_separate_ن-۱۰_صورتهای مالی سال مالی منتهی به ۱۳۹۳_۱۲_۲۹ (حسابرسی شده).xlsx,2f7cd089538d00552fa90970f113ad5784d899a31bed6477dffb5e1bcb9dfc10
ستران|1394,ستران,1394,MATCHED_SEPARATE_VALID,1,1,0,0,0,0,original,ستران.zip!ستران_۱۳۹۴_۱۲_۲۹_separate_ن-۱۰_صورت‌های مالی سال مالی منتهی به ۱۳۹۴_۱۲_۲۹ (حسابرسی شده).xlsx,27645b513214927a344574398e7bc05bcad17848c82c1ac19d510721d97ce289
ستران|1395,ستران,1395,ONLY_CONSOLIDATED_AVAILABLE,1,0,1,0,0,0,,,
ستران|1396,ستران,1396,ONLY_CONSOLIDATED_AVAILABLE,1,0,1,0,0,0,,,
ستران|1397,ستران,1397,ONLY_CONSOLIDATED_AVAILABLE,1,0,1,0,0,0,,,
ستران|1398,ستران,1398,ONLY_CONSOLIDATED_AVAILABLE,1,0,1,0,0,0,,,
ستران|1399,ستران,1399,ONLY_CONSOLIDATED_AVAILABLE,1,0,1,0,0,0,,,
ستران|1400,ستران,1400,ONLY_CONSOLIDATED_AVAILABLE,1,0,1,0,0,0,,,
ستران|1401,ستران,1401,ONLY_CONSOLIDATED_AVAILABLE,2,0,2,0,0,0,,,
ستران|1402,ستران,1402,ONLY_CONSOLIDATED_AVAILABLE,1,0,1,0,0,0,,,
سغرب|1393,سغرب,1393,MATCHED_SEPARATE_VALID,1,1,0,0,0,0,original,سغرب.zip!سغرب_۱۳۹۳_۱۲_۲۹_separate_ن-۱۰_صورتهای مالی سال مالی منتهی به ۱۳۹۳_۱۲_۲۹ (حسابرسی شده).xlsx,406ef54ea1902bb6e63606f543b3159e180aa892b2723f34edcba0ab7ec81613
سغرب|1394,سغرب,1394,MATCHED_SEPARATE_VALID,1,1,0,0,0,0,original,سغرب.zip!سغرب_۱۳۹۴_۱۲_۲۹_separate_ن-۱۰_صورت‌های مالی سال مالی منتهی به ۱۳۹۴_۱۲_۲۹ (حسابرسی شده).xlsx,a21aae4d991ab99c411974857d93221694fa6a2ca8d24cc89690e4e54217be21
سغرب|1395,سغرب,1395,MATCHED_SEPARATE_VALID,1,1,0,0,0,0,original,سغرب.zip!سغرب_۱۳۹۵_۱۲_۳۰_separate_ن-۱۰_صورت‌های مالی سال مالی منتهی به ۱۳۹۵_۱۲_۳۰ (حسابرسی شده).xlsx,eb99c37361302c5439e9a2d45bba1f170a5c0124575a9df767d5552fee263ac5
سغرب|1396,سغرب,1396,MATCHED_SEPARATE_CORRECTION_SELECTED,2,2,0,0,1,1,correction,سغرب.zip!سغرب_۱۳۹۶_۱۲_۲۹_separate_ن-۱۰_صورت‌های مالی سال مالی منتهی به ۱۳۹۶_۱۲_۲۹ (حسابرسی شده)(اصلاحیه).xlsx,668178e267756e608bc36fb464457059b3f44d62ecfd0a3126fc0d56c8652ab9
سغرب|1397,سغرب,1397,MATCHED_SEPARATE_VALID,1,1,0,0,0,0,original,سغرب.zip!سغرب_۱۳۹۷_۱۲_۲۹_separate_ن-۱۰_صورت‌های مالی سال مالی منتهی به ۱۳۹۷_۱۲_۲۹ (حسابرسی شده).xlsx,ac0943da398ae42a3644c697ba46a98e9888d5ed430d785d30c7108a69215ab2
سغرب|1398,سغرب,1398,MATCHED_SEPARATE_VALID,1,1,0,0,0,0,original,سغرب.zip!سغرب_۱۳۹۸_۱۲_۲۹_separate_ن-۱۰_صورت‌های مالی سال مالی منتهی به ۱۳۹۸_۱۲_۲۹ (حسابرسی شده).xlsx,d02b1fc8793f8987ac4d533dfba9a030c6f83c73d7c5b70189672af7db1ee167
سغرب|1399,سغرب,1399,MATCHED_SEPARATE_VALID,1,1,0,0,0,0,original,سغرب.zip!سغرب_۱۳۹۹_۱۲_۳۰_separate_ن-۱۰_صورت‌های مالی سال مالی منتهی به ۱۳۹۹_۱۲_۳۰ (حسابرسی شده).xlsx,32ee7485c78cbbe32d85e4970bd02b2d6529fbb54ef37fa7c37607dc9a90e4ee
سغرب|1400,سغرب,1400,MATCHED_SEPARATE_CORRECTION_SELECTED,2,2,0,0,1,1,correction,سغرب.zip!سغرب_۱۴۰۰_۱۲_۲۹_separate_ن-۱۰_صورت‌های مالی سال مالی منتهی به ۱۴۰۰_۱۲_۲۹ (حسابرسی شده)(اصلاحیه).xlsx,4ed39ffa3e447b95e3be42aaadd512c297c5f4d7de56fce5dddaa35c77be3b41
سغرب|1401,سغرب,1401,MATCHED_SEPARATE_VALID,1,1,0,0,0,0,original,سغرب.zip!سغرب_۱۴۰۱_۱۲_۲۹_separate_ن-۱۰_صورت‌های مالی سال مالی منتهی به ۱۴۰۱_۱۲_۲۹ (حسابرسی شده).xlsx,5833a2a53a41ad2903ba04e2c71698991cb1875e6a0d891c93337c89a904e3a4
سغرب|1402,سغرب,1402,MATCHED_SEPARATE_CORRECTION_SELECTED,2,2,0,0,1,1,correction,سغرب.zip!سغرب_۱۴۰۲_۱۲_۲۹_separate_ن-۱۰_صورت‌های مالی سال مالی منتهی به ۱۴۰۲_۱۲_۲۹ (حسابرسی شده)(اصلاحیه).xlsx,09f7f804c9b79bf0dc13fe7497f78555331126d3cd7420c866c96a42be4dfeac
شبندر|1393,شبندر,1393,MATCHED_SEPARATE_VALID,1,1,0,0,0,0,original,شبندر.zip!شبندر_۱۳۹۳_۱۲_۲۹_separate_ن-۱۰_صورت‌های مالی سال مالی منتهی به ۱۳۹۳_۱۲_۲۹ (حسابرسی شده).xlsx,c9b9094cd73b47c101388492d4e50738d974e2f16604edf49bec55317e721484
شبندر|1394,شبندر,1394,MATCHED_SEPARATE_VALID,1,1,0,0,0,0,original,شبندر.zip!شبندر_۱۳۹۴_۱۲_۲۹_separate_ن-۱۰_صورت‌های مالی سال مالی منتهی به ۱۳۹۴_۱۲_۲۹ (حسابرسی شده).xlsx,484cfa5d93b8d4855d1a1dd3117b663da7cc69a4bed86c575033d1f45620c6c7
شبندر|1395,شبندر,1395,MATCHED_SEPARATE_CORRECTION_SELECTED,2,2,0,0,1,1,correction,شبندر.zip!شبندر_۱۳۹۵_۱۲_۳۰_separate_ن-۱۰_صورت‌های مالی سال مالی منتهی به ۱۳۹۵_۱۲_۳۰ (حسابرسی شده)(اصلاحیه).xlsx,d3ca0960834850255ea17babe44399393104aba4a841a42e9360cefa9eea5b93
شبندر|1396,شبندر,1396,MATCHED_SEPARATE_CORRECTION_SELECTED,2,2,0,0,1,1,correction,شبندر.zip!شبندر_۱۳۹۶_۱۲_۲۹_separate_ن-۱۰_صورت‌های مالی سال مالی منتهی به ۱۳۹۶_۱۲_۲۹ (حسابرسی شده)(اصلاحیه).xlsx,e3c9208f60e2838617d6712d876a0778df88853c6a1aed98bcb61145d0c1e599
شبندر|1397,شبندر,1397,MATCHED_SEPARATE_CORRECTION_SELECTED,2,2,0,0,1,1,correction,شبندر.zip!شبندر_۱۳۹۷_۱۲_۲۹_separate_ن-۱۰_صورت‌های مالی سال مالی منتهی به ۱۳۹۷_۱۲_۲۹ (حسابرسی شده)(اصلاحیه).xlsx,983c1a021d53b274be54b6571a44b217ecf2f0b4e722f21c56b5604f72aeef12
شبندر|1398,شبندر,1398,MATCHED_SEPARATE_CORRECTION_SELECTED,2,2,0,0,1,1,correction,شبندر.zip!شبندر_۱۳۹۸_۱۲_۲۹_separate_ن-۱۰_صورت‌های مالی سال مالی منتهی به ۱۳۹۸_۱۲_۲۹ (حسابرسی شده)(اصلاحیه).xlsx,d684004b2862c3430f554acb61e7d778075c0396922c42c8350c737efb29929d
شبندر|1399,شبندر,1399,MATCHED_SEPARATE_VALID,1,1,0,0,0,0,original,شبندر.zip!شبندر_۱۳۹۹_۱۲_۳۰_separate_ن-۱۰_صورت‌های مالی سال مالی منتهی به ۱۳۹۹_۱۲_۳۰ (حسابرسی شده).xlsx,cd8aef60348ca6716c6e6e98ac11fc65e70cb7b63f947fa4cb18bcf5cc495cb0
شبندر|1400,شبندر,1400,MATCHED_SEPARATE_VALID,1,1,0,0,0,0,original,شبندر.zip!شبندر_۱۴۰۰_۱۲_۲۹_separate_ن-۱۰_صورت‌های مالی سال مالی منتهی به ۱۴۰۰_۱۲_۲۹ (حسابرسی شده).xlsx,c944019c4cf677660a292232f4d34336cfc7293f6521a7398c879204d461f582
شبندر|1401,شبندر,1401,MATCHED_SEPARATE_CORRECTION_SELECTED,2,2,0,0,1,1,correction,شبندر.zip!شبندر_۱۴۰۱_۱۲_۲۹_separate_ن-۱۰_صورت‌های مالی سال مالی منتهی به ۱۴۰۱_۱۲_۲۹ (حسابرسی شده)(اصلاحیه).xlsx,7087fdda3e63f4131c84095e3e60cdb7ad88e67cc16b03f16b897477e498d13d
شبندر|1402,شبندر,1402,MATCHED_SEPARATE_VALID,1,1,0,0,0,0,original,شبندر.zip!شبندر_۱۴۰۲_۱۲_۲۹_separate_ن-۱۰_صورت‌های مالی سال مالی منتهی به ۱۴۰۲_۱۲_۲۹ (حسابرسی شده).xlsx,7055f3a4e78246bfa8353ca8c8dc379ee32c89c3411bd0d6c15d6c208a4c29bd
شلعاب|1393,شلعاب,1393,MATCHED_SEPARATE_VALID,1,1,0,0,0,0,original,شلعاب.zip!شلعاب_۱۳۹۳_۱۲_۲۹_separate_ن-۱۰_صورتهای مالی سال مالی منتهی به ۱۳۹۳_۱۲_۲۹ (حسابرسی شده).xlsx,131fd3193e753737333a8adad7251c7097391789a1c235dfe8b834182bfe4a73
شلعاب|1394,شلعاب,1394,MATCHED_SEPARATE_VALID,1,1,0,0,0,0,original,شلعاب.zip!شلعاب_۱۳۹۴_۱۲_۲۹_separate_ن-۱۰_صورت‌های مالی سال مالی منتهی به ۱۳۹۴_۱۲_۲۹ (حسابرسی شده).xlsx,93d13d62de0dd4c6c9e3426ef7a1142b9627f0f12807afaf16e1a9dbaaa09a4f
شلعاب|1395,شلعاب,1395,MATCHED_SEPARATE_VALID,1,1,0,0,0,0,original,شلعاب.zip!شلعاب_۱۳۹۵_۱۲_۳۰_separate_ن-۱۰_صورت‌های مالی سال مالی منتهی به ۱۳۹۵_۱۲_۳۰ (حسابرسی شده).xlsx,df8f5163560e26fefe40ca8806de3384a03c737dc3a541013c9aed90cc1d8c41
شلعاب|1396,شلعاب,1396,MATCHED_SEPARATE_VALID,1,1,0,0,0,0,original,شلعاب.zip!شلعاب_۱۳۹۶_۱۲_۲۹_separate_ن-۱۰_صورت‌های مالی سال مالی منتهی به ۱۳۹۶_۱۲_۲۹ (حسابرسی شده).xlsx,a74ea9b44205d4d704d33b5086f4be5cb709cdace4594e712c825ec7fcfea4f0
شلعاب|1397,شلعاب,1397,MATCHED_SEPARATE_VALID,1,1,0,0,0,0,original,شلعاب.zip!شلعاب_۱۳۹۷_۱۲_۲۹_separate_ن-۱۰_صورت‌های مالی سال مالی منتهی به ۱۳۹۷_۱۲_۲۹ (حسابرسی شده).xlsx,c063b90a59c0c7aa0389398a3a951019e7f03409fc0df97b36202a9a14d98edf
شلعاب|1398,شلعاب,1398,MATCHED_SEPARATE_VALID,1,1,0,0,0,0,original,شلعاب.zip!شلعاب_۱۳۹۸_۱۲_۲۹_separate_ن-۱۰_صورت‌های مالی سال مالی منتهی به ۱۳۹۸_۱۲_۲۹ (حسابرسی شده).xlsx,666c0beeaede3e24310c54d563f51771df352524b978d0eed91f9f88fd688604
شلعاب|1399,شلعاب,1399,MATCHED_SEPARATE_VALID,1,1,0,0,0,0,original,شلعاب.zip!شلعاب_۱۳۹۹_۱۲_۳۰_separate_ن-۱۰_صورت‌های مالی سال مالی منتهی به ۱۳۹۹_۱۲_۳۰ (حسابرسی شده).xlsx,241655d29357283a13fc4662d998a70c41fc5034d1a425cf760f6548220bd6b6
شلعاب|1400,شلعاب,1400,MATCHED_SEPARATE_VALID,1,1,0,0,0,0,original,شلعاب.zip!شلعاب_۱۴۰۰_۱۲_۲۹_separate_ن-۱۰_صورت‌های مالی سال مالی منتهی به ۱۴۰۰_۱۲_۲۹ (حسابرسی شده).xlsx,fb3e7b3205293cdbdc87cb9b35cc9faacb135dbb771256c5aa7ab31499424d4c
شلعاب|1401,شلعاب,1401,MATCHED_SEPARATE_VALID,1,1,0,0,0,0,original,شلعاب.zip!شلعاب_۱۴۰۱_۱۲_۲۹_separate_ن-۱۰_صورت‌های مالی سال مالی منتهی به ۱۴۰۱_۱۲_۲۹ (حسابرسی شده).xlsx,20e9c3dcceb7ad7cc2c40526688dfb3b7e4374f8134a503ff67a400adc15dbdb
شلعاب|1402,شلعاب,1402,MATCHED_SEPARATE_VALID,1,1,0,0,0,0,original,شلعاب.zip!شلعاب_۱۴۰۲_۱۲_۲۹_separate_ن-۱۰_صورت‌های مالی سال مالی منتهی به ۱۴۰۲_۱۲_۲۹ (حسابرسی شده).xlsx,9cd332f65dfe005872af910816c2c08194024d83abca4d23cfc2eb7bdbebdb91
شدوص|1393,شدوص,1393,MATCHED_SEPARATE_CORRECTION_SELECTED,2,2,0,0,1,1,correction,شدوص.zip!شدوص_۱۳۹۳_۱۲_۲۹_separate_ن-۱۰_صورتهای مالی سال مالی منتهی به ۱۳۹۳_۱۲_۲۹ (حسابرسی شده)(اصلاحیه).xlsx,53443d86a9975dcf59c28bbff7ccc967d8c137db6c262d983fc1b3ca43972cfa
شدوص|1394,شدوص,1394,MATCHED_SEPARATE_CORRECTION_SELECTED,2,2,0,0,1,1,correction,شدوص.zip!شدوص_۱۳۹۴_۱۲_۲۹_separate_ن-۱۰_صورت‌های مالی سال مالی منتهی به ۱۳۹۴_۱۲_۲۹ (حسابرسی شده)(اصلاحیه).xlsx,0197adb789e24248a90b57e739d1d29d1fb98355c7bfaa105531d5ce9cc19e75
شدوص|1395,شدوص,1395,MATCHED_SEPARATE_VALID,1,1,0,0,0,0,original,شدوص.zip!شدوص_۱۳۹۵_۱۲_۳۰_separate_ن-۱۰_صورت‌های مالی سال مالی منتهی به ۱۳۹۵_۱۲_۳۰ (حسابرسی شده).xlsx,1fabc3472b78aa2947cff676ff7938b27fb73997333d6876bd325fc17156f458
شدوص|1396,شدوص,1396,MATCHED_SEPARATE_VALID,1,1,0,0,0,0,original,شدوص.zip!شدوص_۱۳۹۶_۱۲_۲۹_separate_ن-۱۰_صورت‌های مالی سال مالی منتهی به ۱۳۹۶_۱۲_۲۹ (حسابرسی شده).xlsx,aca580834719eaf65da5cfcf64620ef1f64477cfabd80483f685aa62eb68759e
شدوص|1397,شدوص,1397,MATCHED_SEPARATE_VALID,1,1,0,0,0,0,original,شدوص.zip!شدوص_۱۳۹۷_۱۲_۲۹_separate_ن-۱۰_صورت‌های مالی سال مالی منتهی به ۱۳۹۷_۱۲_۲۹ (حسابرسی شده).xlsx,7dc57e16568b3f412df28f48574b3ef3000137761a53d35db6b74eaef2ec1cd6
شدوص|1398,شدوص,1398,MATCHED_SEPARATE_VALID,1,1,0,0,0,0,original,شدوص.zip!شدوص_۱۳۹۸_۱۲_۲۹_separate_ن-۱۰_صورت‌های مالی سال مالی منتهی به ۱۳۹۸_۱۲_۲۹ (حسابرسی شده).xlsx,0a237951d5b4ab5d589c8f2cfba482b473231c8c6aa82fd467e0d12fef9e48c6
شدوص|1399,شدوص,1399,MATCHED_SEPARATE_VALID,1,1,0,0,0,0,original,شدوص.zip!شدوص_۱۳۹۹_۱۲_۳۰_separate_ن-۱۰_صورت‌های مالی سال مالی منتهی به ۱۳۹۹_۱۲_۳۰ (حسابرسی شده).xlsx,33ca7a6e5fb9cac8e3e957b7c0cace6fa79965db14a72cf245f9d9cb735a3f44
شدوص|1400,شدوص,1400,MATCHED_SEPARATE_VALID,1,1,0,0,0,0,original,شدوص.zip!شدوص_۱۴۰۰_۱۲_۲۹_separate_ن-۱۰_صورت‌های مالی سال مالی منتهی به ۱۴۰۰_۱۲_۲۹ (حسابرسی شده).xlsx,ebb6c37e58194ad2bbcc5891dd9af36f1d1c7a816ac22a9b0173d637f2f6538e
شدوص|1401,شدوص,1401,MATCHED_SEPARATE_VALID,1,1,0,0,0,0,original,شدوص.zip!شدوص_۱۴۰۱_۱۲_۲۹_separate_ن-۱۰_صورت‌های مالی سال مالی منتهی به ۱۴۰۱_۱۲_۲۹ (حسابرسی شده).xlsx,a2dbd54959f1e4321191b38f0f5208cf069e70b3e030da3f7e5f616ff5970991
شدوص|1402,شدوص,1402,MATCHED_SEPARATE_VALID,1,1,0,0,0,0,original,شدوص.zip!شدوص_۱۴۰۲_۱۲_۲۹_separate_ن-۱۰_صورت‌های مالی سال مالی منتهی به ۱۴۰۲_۱۲_۲۹ (حسابرسی شده).xlsx,d9cd713550f37a839116524ae108c83022cefc7ea97023c215d20b6e1824fec5
شکربن|1393,شکربن,1393,MATCHED_SEPARATE_VALID,1,1,0,0,0,0,original,شكربن.zip!شكربن_۱۳۹۳_۱۲_۲۹_separate_ن-۱۰_صورتهای مالی سال مالی منتهی به ۱۳۹۳_۱۲_۲۹ (حسابرسی شده).xlsx,ff73fc14b511c411195982145d7094781188fdab5656b56bc784a8cc3880dfb5
شکربن|1394,شکربن,1394,ONLY_CONSOLIDATED_AVAILABLE,1,0,1,0,0,0,,,
شکربن|1395,شکربن,1395,ONLY_CONSOLIDATED_AVAILABLE,1,0,1,0,0,0,,,
شکربن|1396,شکربن,1396,ONLY_CONSOLIDATED_AVAILABLE,1,0,1,0,0,0,,,
شکربن|1397,شکربن,1397,ONLY_CONSOLIDATED_AVAILABLE,1,0,1,0,0,0,,,
شکربن|1398,شکربن,1398,ONLY_CONSOLIDATED_AVAILABLE,1,0,1,0,0,0,,,
شکربن|1399,شکربن,1399,ONLY_CONSOLIDATED_AVAILABLE,1,0,1,0,0,0,,,
شکربن|1400,شکربن,1400,ONLY_CONSOLIDATED_AVAILABLE,1,0,1,0,0,0,,,
شکربن|1401,شکربن,1401,ONLY_CONSOLIDATED_AVAILABLE,1,0,1,0,0,0,,,
شکربن|1402,شکربن,1402,ONLY_CONSOLIDATED_AVAILABLE,1,0,1,0,0,0,,,
اردستان|1399,اردستان,1399,ONLY_CONSOLIDATED_AVAILABLE,2,0,2,0,0,0,,,
اردستان|1400,اردستان,1400,ONLY_CONSOLIDATED_AVAILABLE,2,0,2,0,0,0,,,
اردستان|1401,اردستان,1401,ONLY_CONSOLIDATED_AVAILABLE,1,0,1,0,0,0,,,
اردستان|1402,اردستان,1402,ONLY_CONSOLIDATED_AVAILABLE,1,0,1,0,0,0,,,
رمپنا|1402,رمپنا,1402,ONLY_CONSOLIDATED_AVAILABLE,1,0,1,0,0,0,,,
اروند|1401,اروند,1401,NO_ARCHIVE_MATCH,0,0,0,0,0,0,,,
اروند|1402,اروند,1402,NO_ARCHIVE_MATCH,0,0,0,0,0,0,,,
شکلر|1397,شکلر,1397,NO_ARCHIVE_MATCH,0,0,0,0,0,0,,,
