robustness_category_id,sample,feature_set,model_family,configuration_id,temporal_fold,ticker,predictor_row_key_t,target_row_key_t_plus_1,fiscal_year_t,target_year,observed_target,predicted_probability,seed_aggregation
smote_training_fold_only_robustness,main_rule_a_primary,M1_PRIMARY_FEATURE_ORDER,regularized_logistic_regression,logistic__C_0.1,fold1_validation,بالبر,بالبر|1395,بالبر|1396,1395,1396,1,0.58932336184,deterministic_single_fit
smote_training_fold_only_robustness,main_rule_a_primary,M1_PRIMARY_FEATURE_ORDER,regularized_logistic_regression,logistic__C_0.1,fold1_validation,بالبر,بالبر|1396,بالبر|1397,1396,1397,1,0.61243429147,deterministic_single_fit
smote_training_fold_only_robustness,main_rule_a_primary,M1_PRIMARY_FEATURE_ORDER,regularized_logistic_regression,logistic__C_0.1,fold1_validation,بترانس,بترانس|1395,بترانس|1396,1395,1396,0,0.432741735696,deterministic_single_fit
smote_training_fold_only_robustness,main_rule_a_primary,M1_PRIMARY_FEATURE_ORDER,regularized_logistic_regression,logistic__C_0.1,fold1_validation,بترانس,بترانس|1396,بترانس|1397,1396,1397,0,0.283914609711,deterministic_single_fit
smote_training_fold_only_robustness,main_rule_a_primary,M1_PRIMARY_FEATURE_ORDER,regularized_logistic_regression,logistic__C_0.1,fold1_validation,بموتو,بموتو|1395,بموتو|1396,1395,1396,0,0.218016404847,deterministic_single_fit
smote_training_fold_only_robustness,main_rule_a_primary,M1_PRIMARY_FEATURE_ORDER,regularized_logistic_regression,logistic__C_0.1,fold1_validation,بموتو,بموتو|1396,بموتو|1397,1396,1397,1,0.258541251018,deterministic_single_fit
smote_training_fold_only_robustness,main_rule_a_primary,M1_PRIMARY_FEATURE_ORDER,regularized_logistic_regression,logistic__C_0.1,fold1_validation,بکاب,بکاب|1395,بکاب|1396,1395,1396,0,0.316110829227,deterministic_single_fit
smote_training_fold_only_robustness,main_rule_a_primary,M1_PRIMARY_FEATURE_ORDER,regularized_logistic_regression,logistic__C_0.1,fold1_validation,بکاب,بکاب|1396,بکاب|1397,1396,1397,0,0.317375932421,deterministic_single_fit
smote_training_fold_only_robustness,main_rule_a_primary,M1_PRIMARY_FEATURE_ORDER,regularized_logistic_regression,logistic__C_0.1,fold1_validation,بکام,بکام|1395,بکام|1396,1395,1396,0,0.393041815285,deterministic_single_fit
smote_training_fold_only_robustness,main_rule_a_primary,M1_PRIMARY_FEATURE_ORDER,regularized_logistic_regression,logistic__C_0.1,fold1_validation,بکام,بکام|1396,بکام|1397,1396,1397,0,0.624137460904,deterministic_single_fit
smote_training_fold_only_robustness,main_rule_a_primary,M1_PRIMARY_FEATURE_ORDER,regularized_logistic_regression,logistic__C_0.1,fold1_validation,تپمپی,تپمپی|1395,تپمپی|1396,1395,1396,0,0.105635095883,deterministic_single_fit
smote_training_fold_only_robustness,main_rule_a_primary,M1_PRIMARY_FEATURE_ORDER,regularized_logistic_regression,logistic__C_0.1,fold1_validation,تپمپی,تپمپی|1396,تپمپی|1397,1396,1397,0,0.113242831132,deterministic_single_fit
smote_training_fold_only_robustness,main_rule_a_primary,M1_PRIMARY_FEATURE_ORDER,regularized_logistic_regression,logistic__C_0.1,fold1_validation,تکمبا,تکمبا|1395,تکمبا|1396,1395,1396,0,0.469073074587,deterministic_single_fit
smote_training_fold_only_robustness,main_rule_a_primary,M1_PRIMARY_FEATURE_ORDER,regularized_logistic_regression,logistic__C_0.1,fold1_validation,تکمبا,تکمبا|1396,تکمبا|1397,1396,1397,0,0.412443234986,deterministic_single_fit
smote_training_fold_only_robustness,main_rule_a_primary,M1_PRIMARY_FEATURE_ORDER,regularized_logistic_regression,logistic__C_0.1,fold1_validation,ثشرق,ثشرق|1395,ثشرق|1396,1395,1396,0,0.276450707779,deterministic_single_fit
smote_training_fold_only_robustness,main_rule_a_primary,M1_PRIMARY_FEATURE_ORDER,regularized_logistic_regression,logistic__C_0.1,fold1_validation,ثشرق,ثشرق|1396,ثشرق|1397,1396,1397,0,0.464427698691,deterministic_single_fit
smote_training_fold_only_robustness,main_rule_a_primary,M1_PRIMARY_FEATURE_ORDER,regularized_logistic_regression,logistic__C_0.1,fold1_validation,ثنوسا,ثنوسا|1395,ثنوسا|1396,1395,1396,1,0.871119225359,deterministic_single_fit
smote_training_fold_only_robustness,main_rule_a_primary,M1_PRIMARY_FEATURE_ORDER,regularized_logistic_regression,logistic__C_0.1,fold1_validation,ثنوسا,ثنوسا|1396,ثنوسا|1397,1396,1397,1,0.994594880205,deterministic_single_fit
smote_training_fold_only_robustness,main_rule_a_primary,M1_PRIMARY_FEATURE_ORDER,regularized_logistic_regression,logistic__C_0.1,fold1_validation,جم,جم|1395,جم|1396,1395,1396,0,0.090136788336,deterministic_single_fit
smote_training_fold_only_robustness,main_rule_a_primary,M1_PRIMARY_FEATURE_ORDER,regularized_logistic_regression,logistic__C_0.1,fold1_validation,جم,جم|1396,جم|1397,1396,1397,0,0.09028608709,deterministic_single_fit
smote_training_fold_only_robustness,main_rule_a_primary,M1_PRIMARY_FEATURE_ORDER,regularized_logistic_regression,logistic__C_0.1,fold1_validation,حپترو,حپترو|1395,حپترو|1396,1395,1396,0,0.438360862088,deterministic_single_fit
smote_training_fold_only_robustness,main_rule_a_primary,M1_PRIMARY_FEATURE_ORDER,regularized_logistic_regression,logistic__C_0.1,fold1_validation,حپترو,حپترو|1396,حپترو|1397,1396,1397,0,0.424452999552,deterministic_single_fit
smote_training_fold_only_robustness,main_rule_a_primary,M1_PRIMARY_FEATURE_ORDER,regularized_logistic_regression,logistic__C_0.1,fold1_validation,حکشتی,حکشتی|1395,حکشتی|1396,1395,1396,0,0.366557274198,deterministic_single_fit
smote_training_fold_only_robustness,main_rule_a_primary,M1_PRIMARY_FEATURE_ORDER,regularized_logistic_regression,logistic__C_0.1,fold1_validation,حکشتی,حکشتی|1396,حکشتی|1397,1396,1397,0,0.420944303725,deterministic_single_fit
smote_training_fold_only_robustness,main_rule_a_primary,M1_PRIMARY_FEATURE_ORDER,regularized_logistic_regression,logistic__C_0.1,fold1_validation,خاذین,خاذین|1395,خاذین|1396,1395,1396,0,0.664181074744,deterministic_single_fit
smote_training_fold_only_robustness,main_rule_a_primary,M1_PRIMARY_FEATURE_ORDER,regularized_logistic_regression,logistic__C_0.1,fold1_validation,خاذین,خاذین|1396,خاذین|1397,1396,1397,0,0.610705029045,deterministic_single_fit
smote_training_fold_only_robustness,main_rule_a_primary,M1_PRIMARY_FEATURE_ORDER,regularized_logistic_regression,logistic__C_0.1,fold1_validation,خبهمن,خبهمن|1395,خبهمن|1396,1395,1396,0,0.945384634567,deterministic_single_fit
smote_training_fold_only_robustness,main_rule_a_primary,M1_PRIMARY_FEATURE_ORDER,regularized_logistic_regression,logistic__C_0.1,fold1_validation,خبهمن,خبهمن|1396,خبهمن|1397,1396,1397,0,0.216567254461,deterministic_single_fit
smote_training_fold_only_robustness,main_rule_a_primary,M1_PRIMARY_FEATURE_ORDER,regularized_logistic_regression,logistic__C_0.1,fold1_validation,ختوقا,ختوقا|1395,ختوقا|1396,1395,1396,1,0.665974953461,deterministic_single_fit
smote_training_fold_only_robustness,main_rule_a_primary,M1_PRIMARY_FEATURE_ORDER,regularized_logistic_regression,logistic__C_0.1,fold1_validation,ختوقا,ختوقا|1396,ختوقا|1397,1396,1397,1,0.972820986266,deterministic_single_fit
smote_training_fold_only_robustness,main_rule_a_primary,M1_PRIMARY_FEATURE_ORDER,regularized_logistic_regression,logistic__C_0.1,fold1_validation,خرینگ,خرینگ|1395,خرینگ|1396,1395,1396,0,0.83971958305,deterministic_single_fit
smote_training_fold_only_robustness,main_rule_a_primary,M1_PRIMARY_FEATURE_ORDER,regularized_logistic_regression,logistic__C_0.1,fold1_validation,خرینگ,خرینگ|1396,خرینگ|1397,1396,1397,0,0.81962194297,deterministic_single_fit
smote_training_fold_only_robustness,main_rule_a_primary,M1_PRIMARY_FEATURE_ORDER,regularized_logistic_regression,logistic__C_0.1,fold1_validation,خمحور,خمحور|1395,خمحور|1396,1395,1396,0,0.470241145649,deterministic_single_fit
smote_training_fold_only_robustness,main_rule_a_primary,M1_PRIMARY_FEATURE_ORDER,regularized_logistic_regression,logistic__C_0.1,fold1_validation,خمحور,خمحور|1396,خمحور|1397,1396,1397,0,0.380647527767,deterministic_single_fit
smote_training_fold_only_robustness,main_rule_a_primary,M1_PRIMARY_FEATURE_ORDER,regularized_logistic_regression,logistic__C_0.1,fold1_validation,خمهر,خمهر|1395,خمهر|1396,1395,1396,1,0.830522160424,deterministic_single_fit
smote_training_fold_only_robustness,main_rule_a_primary,M1_PRIMARY_FEATURE_ORDER,regularized_logistic_regression,logistic__C_0.1,fold1_validation,خمهر,خمهر|1396,خمهر|1397,1396,1397,0,0.928514676478,deterministic_single_fit
smote_training_fold_only_robustness,main_rule_a_primary,M1_PRIMARY_FEATURE_ORDER,regularized_logistic_regression,logistic__C_0.1,fold1_validation,خنصیر,خنصیر|1395,خنصیر|1396,1395,1396,1,0.914420446381,deterministic_single_fit
smote_training_fold_only_robustness,main_rule_a_primary,M1_PRIMARY_FEATURE_ORDER,regularized_logistic_regression,logistic__C_0.1,fold1_validation,خنصیر,خنصیر|1396,خنصیر|1397,1396,1397,1,0.71789770427,deterministic_single_fit
smote_training_fold_only_robustness,main_rule_a_primary,M1_PRIMARY_FEATURE_ORDER,regularized_logistic_regression,logistic__C_0.1,fold1_validation,خوساز,خوساز|1395,خوساز|1396,1395,1396,1,0.66409789738,deterministic_single_fit
smote_training_fold_only_robustness,main_rule_a_primary,M1_PRIMARY_FEATURE_ORDER,regularized_logistic_regression,logistic__C_0.1,fold1_validation,خوساز,خوساز|1396,خوساز|1397,1396,1397,0,0.934311739391,deterministic_single_fit
smote_training_fold_only_robustness,main_rule_a_primary,M1_PRIMARY_FEATURE_ORDER,regularized_logistic_regression,logistic__C_0.1,fold1_validation,خچرخش,خچرخش|1395,خچرخش|1396,1395,1396,0,0.300062088534,deterministic_single_fit
smote_training_fold_only_robustness,main_rule_a_primary,M1_PRIMARY_FEATURE_ORDER,regularized_logistic_regression,logistic__C_0.1,fold1_validation,خچرخش,خچرخش|1396,خچرخش|1397,1396,1397,0,0.313986606023,deterministic_single_fit
smote_training_fold_only_robustness,main_rule_a_primary,M1_PRIMARY_FEATURE_ORDER,regularized_logistic_regression,logistic__C_0.1,fold1_validation,خکمک,خکمک|1395,خکمک|1396,1395,1396,0,0.819974240412,deterministic_single_fit
smote_training_fold_only_robustness,main_rule_a_primary,M1_PRIMARY_FEATURE_ORDER,regularized_logistic_regression,logistic__C_0.1,fold1_validation,خکمک,خکمک|1396,خکمک|1397,1396,1397,0,0.742217616594,deterministic_single_fit
smote_training_fold_only_robustness,main_rule_a_primary,M1_PRIMARY_FEATURE_ORDER,regularized_logistic_regression,logistic__C_0.1,fold1_validation,ددام,ددام|1395,ددام|1396,1395,1396,1,0.996037352952,deterministic_single_fit
smote_training_fold_only_robustness,main_rule_a_primary,M1_PRIMARY_FEATURE_ORDER,regularized_logistic_regression,logistic__C_0.1,fold1_validation,ددام,ددام|1396,ددام|1397,1396,1397,0,0.996855164976,deterministic_single_fit
smote_training_fold_only_robustness,main_rule_a_primary,M1_PRIMARY_FEATURE_ORDER,regularized_logistic_regression,logistic__C_0.1,fold1_validation,دروز,دروز|1395,دروز|1396,1395,1396,0,0.376370630563,deterministic_single_fit
smote_training_fold_only_robustness,main_rule_a_primary,M1_PRIMARY_FEATURE_ORDER,regularized_logistic_regression,logistic__C_0.1,fold1_validation,دروز,دروز|1396,دروز|1397,1396,1397,0,0.338116174402,deterministic_single_fit
smote_training_fold_only_robustness,main_rule_a_primary,M1_PRIMARY_FEATURE_ORDER,regularized_logistic_regression,logistic__C_0.1,fold1_validation,دسبحا,دسبحا|1395,دسبحا|1396,1395,1396,0,0.038594752922,deterministic_single_fit
smote_training_fold_only_robustness,main_rule_a_primary,M1_PRIMARY_FEATURE_ORDER,regularized_logistic_regression,logistic__C_0.1,fold1_validation,دسبحا,دسبحا|1396,دسبحا|1397,1396,1397,0,0.058295178832,deterministic_single_fit
smote_training_fold_only_robustness,main_rule_a_primary,M1_PRIMARY_FEATURE_ORDER,regularized_logistic_regression,logistic__C_0.1,fold1_validation,دسینا,دسینا|1395,دسینا|1396,1395,1396,0,0.100322840807,deterministic_single_fit
smote_training_fold_only_robustness,main_rule_a_primary,M1_PRIMARY_FEATURE_ORDER,regularized_logistic_regression,logistic__C_0.1,fold1_validation,دسینا,دسینا|1396,دسینا|1397,1396,1397,0,0.212000577538,deterministic_single_fit
smote_training_fold_only_robustness,main_rule_a_primary,M1_PRIMARY_FEATURE_ORDER,regularized_logistic_regression,logistic__C_0.1,fold1_validation,دشیمی,دشیمی|1395,دشیمی|1396,1395,1396,0,0.32672998306,deterministic_single_fit
smote_training_fold_only_robustness,main_rule_a_primary,M1_PRIMARY_FEATURE_ORDER,regularized_logistic_regression,logistic__C_0.1,fold1_validation,دشیمی,دشیمی|1396,دشیمی|1397,1396,1397,1,0.395656807014,deterministic_single_fit
smote_training_fold_only_robustness,main_rule_a_primary,M1_PRIMARY_FEATURE_ORDER,regularized_logistic_regression,logistic__C_0.1,fold1_validation,دیران,دیران|1395,دیران|1396,1395,1396,0,0.428748954144,deterministic_single_fit
smote_training_fold_only_robustness,main_rule_a_primary,M1_PRIMARY_FEATURE_ORDER,regularized_logistic_regression,logistic__C_0.1,fold1_validation,دیران,دیران|1396,دیران|1397,1396,1397,0,0.413024451837,deterministic_single_fit
smote_training_fold_only_robustness,main_rule_a_primary,M1_PRIMARY_FEATURE_ORDER,regularized_logistic_regression,logistic__C_0.1,fold1_validation,رانفور,رانفور|1395,رانفور|1396,1395,1396,0,0.07094027967,deterministic_single_fit
smote_training_fold_only_robustness,main_rule_a_primary,M1_PRIMARY_FEATURE_ORDER,regularized_logistic_regression,logistic__C_0.1,fold1_validation,رانفور,رانفور|1396,رانفور|1397,1396,1397,0,0.067714681572,deterministic_single_fit
smote_training_fold_only_robustness,main_rule_a_primary,M1_PRIMARY_FEATURE_ORDER,regularized_logistic_regression,logistic__C_0.1,fold1_validation,زمگسا,زمگسا|1395,زمگسا|1396,1395,1396,0,0.463116129563,deterministic_single_fit
smote_training_fold_only_robustness,main_rule_a_primary,M1_PRIMARY_FEATURE_ORDER,regularized_logistic_regression,logistic__C_0.1,fold1_validation,زمگسا,زمگسا|1396,زمگسا|1397,1396,1397,0,0.367165894991,deterministic_single_fit
smote_training_fold_only_robustness,main_rule_a_primary,M1_PRIMARY_FEATURE_ORDER,regularized_logistic_regression,logistic__C_0.1,fold1_validation,ساراب,ساراب|1395,ساراب|1396,1395,1396,0,0.134763941956,deterministic_single_fit
smote_training_fold_only_robustness,main_rule_a_primary,M1_PRIMARY_FEATURE_ORDER,regularized_logistic_regression,logistic__C_0.1,fold1_validation,ساراب,ساراب|1396,ساراب|1397,1396,1397,0,0.128086959488,deterministic_single_fit
smote_training_fold_only_robustness,main_rule_a_primary,M1_PRIMARY_FEATURE_ORDER,regularized_logistic_regression,logistic__C_0.1,fold1_validation,ساربیل,ساربیل|1395,ساربیل|1396,1395,1396,0,0.381041849752,deterministic_single_fit
smote_training_fold_only_robustness,main_rule_a_primary,M1_PRIMARY_FEATURE_ORDER,regularized_logistic_regression,logistic__C_0.1,fold1_validation,ساربیل,ساربیل|1396,ساربیل|1397,1396,1397,0,0.180822629071,deterministic_single_fit
smote_training_fold_only_robustness,main_rule_a_primary,M1_PRIMARY_FEATURE_ORDER,regularized_logistic_regression,logistic__C_0.1,fold1_validation,ساروم,ساروم|1395,ساروم|1396,1395,1396,0,0.272991769965,deterministic_single_fit
smote_training_fold_only_robustness,main_rule_a_primary,M1_PRIMARY_FEATURE_ORDER,regularized_logistic_regression,logistic__C_0.1,fold1_validation,ساروم,ساروم|1396,ساروم|1397,1396,1397,0,0.149936230196,deterministic_single_fit
smote_training_fold_only_robustness,main_rule_a_primary,M1_PRIMARY_FEATURE_ORDER,regularized_logistic_regression,logistic__C_0.1,fold1_validation,سبجنو,سبجنو|1395,سبجنو|1396,1395,1396,0,0.465406352798,deterministic_single_fit
smote_training_fold_only_robustness,main_rule_a_primary,M1_PRIMARY_FEATURE_ORDER,regularized_logistic_regression,logistic__C_0.1,fold1_validation,سبجنو,سبجنو|1396,سبجنو|1397,1396,1397,0,0.455196477395,deterministic_single_fit
smote_training_fold_only_robustness,main_rule_a_primary,M1_PRIMARY_FEATURE_ORDER,regularized_logistic_regression,logistic__C_0.1,fold1_validation,سبهان,سبهان|1395,سبهان|1396,1395,1396,0,0.292501023592,deterministic_single_fit
smote_training_fold_only_robustness,main_rule_a_primary,M1_PRIMARY_FEATURE_ORDER,regularized_logistic_regression,logistic__C_0.1,fold1_validation,سبهان,سبهان|1396,سبهان|1397,1396,1397,0,0.320334580343,deterministic_single_fit
smote_training_fold_only_robustness,main_rule_a_primary,M1_PRIMARY_FEATURE_ORDER,regularized_logistic_regression,logistic__C_0.1,fold1_validation,ستران,ستران|1395,ستران|1396,1395,1396,0,0.292062106997,deterministic_single_fit
smote_training_fold_only_robustness,main_rule_a_primary,M1_PRIMARY_FEATURE_ORDER,regularized_logistic_regression,logistic__C_0.1,fold1_validation,ستران,ستران|1396,ستران|1397,1396,1397,0,0.335039614201,deterministic_single_fit
smote_training_fold_only_robustness,main_rule_a_primary,M1_PRIMARY_FEATURE_ORDER,regularized_logistic_regression,logistic__C_0.1,fold1_validation,سخاش,سخاش|1395,سخاش|1396,1395,1396,0,0.269120981522,deterministic_single_fit
smote_training_fold_only_robustness,main_rule_a_primary,M1_PRIMARY_FEATURE_ORDER,regularized_logistic_regression,logistic__C_0.1,fold1_validation,سخاش,سخاش|1396,سخاش|1397,1396,1397,0,0.236174805608,deterministic_single_fit
smote_training_fold_only_robustness,main_rule_a_primary,M1_PRIMARY_FEATURE_ORDER,regularized_logistic_regression,logistic__C_0.1,fold1_validation,سخزر,سخزر|1395,سخزر|1396,1395,1396,0,0.430827584526,deterministic_single_fit
smote_training_fold_only_robustness,main_rule_a_primary,M1_PRIMARY_FEATURE_ORDER,regularized_logistic_regression,logistic__C_0.1,fold1_validation,سخزر,سخزر|1396,سخزر|1397,1396,1397,0,0.401910914654,deterministic_single_fit
smote_training_fold_only_robustness,main_rule_a_primary,M1_PRIMARY_FEATURE_ORDER,regularized_logistic_regression,logistic__C_0.1,fold1_validation,سخوز,سخوز|1395,سخوز|1396,1395,1396,0,0.379131479041,deterministic_single_fit
smote_training_fold_only_robustness,main_rule_a_primary,M1_PRIMARY_FEATURE_ORDER,regularized_logistic_regression,logistic__C_0.1,fold1_validation,سخوز,سخوز|1396,سخوز|1397,1396,1397,0,0.333332867219,deterministic_single_fit
smote_training_fold_only_robustness,main_rule_a_primary,M1_PRIMARY_FEATURE_ORDER,regularized_logistic_regression,logistic__C_0.1,fold1_validation,سدشت,سدشت|1395,سدشت|1396,1395,1396,0,0.255086301062,deterministic_single_fit
smote_training_fold_only_robustness,main_rule_a_primary,M1_PRIMARY_FEATURE_ORDER,regularized_logistic_regression,logistic__C_0.1,fold1_validation,سدشت,سدشت|1396,سدشت|1397,1396,1397,0,0.247829830596,deterministic_single_fit
smote_training_fold_only_robustness,main_rule_a_primary,M1_PRIMARY_FEATURE_ORDER,regularized_logistic_regression,logistic__C_0.1,fold1_validation,سدور,سدور|1395,سدور|1396,1395,1396,1,0.905340062734,deterministic_single_fit
smote_training_fold_only_robustness,main_rule_a_primary,M1_PRIMARY_FEATURE_ORDER,regularized_logistic_regression,logistic__C_0.1,fold1_validation,سدور,سدور|1396,سدور|1397,1396,1397,0,0.924052690379,deterministic_single_fit
smote_training_fold_only_robustness,main_rule_a_primary,M1_PRIMARY_FEATURE_ORDER,regularized_logistic_regression,logistic__C_0.1,fold1_validation,سرود,سرود|1395,سرود|1396,1395,1396,0,0.406771320914,deterministic_single_fit
smote_training_fold_only_robustness,main_rule_a_primary,M1_PRIMARY_FEATURE_ORDER,regularized_logistic_regression,logistic__C_0.1,fold1_validation,سرود,سرود|1396,سرود|1397,1396,1397,0,0.222883492543,deterministic_single_fit
smote_training_fold_only_robustness,main_rule_a_primary,M1_PRIMARY_FEATURE_ORDER,regularized_logistic_regression,logistic__C_0.1,fold1_validation,سشرق,سشرق|1395,سشرق|1396,1395,1396,0,0.881882597197,deterministic_single_fit
smote_training_fold_only_robustness,main_rule_a_primary,M1_PRIMARY_FEATURE_ORDER,regularized_logistic_regression,logistic__C_0.1,fold1_validation,سشرق,سشرق|1396,سشرق|1397,1396,1397,0,0.62469640829,deterministic_single_fit
smote_training_fold_only_robustness,main_rule_a_primary,M1_PRIMARY_FEATURE_ORDER,regularized_logistic_regression,logistic__C_0.1,fold1_validation,سصفها,سصفها|1395,سصفها|1396,1395,1396,0,0.342238050658,deterministic_single_fit
smote_training_fold_only_robustness,main_rule_a_primary,M1_PRIMARY_FEATURE_ORDER,regularized_logistic_regression,logistic__C_0.1,fold1_validation,سصفها,سصفها|1396,سصفها|1397,1396,1397,0,0.39174404587,deterministic_single_fit
smote_training_fold_only_robustness,main_rule_a_primary,M1_PRIMARY_FEATURE_ORDER,regularized_logistic_regression,logistic__C_0.1,fold1_validation,سغرب,سغرب|1395,سغرب|1396,1395,1396,0,0.326629418938,deterministic_single_fit
smote_training_fold_only_robustness,main_rule_a_primary,M1_PRIMARY_FEATURE_ORDER,regularized_logistic_regression,logistic__C_0.1,fold1_validation,سغرب,سغرب|1396,سغرب|1397,1396,1397,0,0.331861382808,deterministic_single_fit
smote_training_fold_only_robustness,main_rule_a_primary,M1_PRIMARY_FEATURE_ORDER,regularized_logistic_regression,logistic__C_0.1,fold1_validation,سقاین,سقاین|1395,سقاین|1396,1395,1396,0,0.445313878858,deterministic_single_fit
smote_training_fold_only_robustness,main_rule_a_primary,M1_PRIMARY_FEATURE_ORDER,regularized_logistic_regression,logistic__C_0.1,fold1_validation,سقاین,سقاین|1396,سقاین|1397,1396,1397,0,0.380189123554,deterministic_single_fit
smote_training_fold_only_robustness,main_rule_a_primary,M1_PRIMARY_FEATURE_ORDER,regularized_logistic_regression,logistic__C_0.1,fold1_validation,سمازن,سمازن|1395,سمازن|1396,1395,1396,0,0.414770840238,deterministic_single_fit
smote_training_fold_only_robustness,main_rule_a_primary,M1_PRIMARY_FEATURE_ORDER,regularized_logistic_regression,logistic__C_0.1,fold1_validation,سمازن,سمازن|1396,سمازن|1397,1396,1397,0,0.344319593547,deterministic_single_fit
smote_training_fold_only_robustness,main_rule_a_primary,M1_PRIMARY_FEATURE_ORDER,regularized_logistic_regression,logistic__C_0.1,fold1_validation,سنیر,سنیر|1395,سنیر|1396,1395,1396,0,0.404638447871,deterministic_single_fit
smote_training_fold_only_robustness,main_rule_a_primary,M1_PRIMARY_FEATURE_ORDER,regularized_logistic_regression,logistic__C_0.1,fold1_validation,سنیر,سنیر|1396,سنیر|1397,1396,1397,0,0.274115515621,deterministic_single_fit
smote_training_fold_only_robustness,main_rule_a_primary,M1_PRIMARY_FEATURE_ORDER,regularized_logistic_regression,logistic__C_0.1,fold1_validation,سهگمت,سهگمت|1395,سهگمت|1396,1395,1396,0,0.366275861923,deterministic_single_fit
smote_training_fold_only_robustness,main_rule_a_primary,M1_PRIMARY_FEATURE_ORDER,regularized_logistic_regression,logistic__C_0.1,fold1_validation,سهگمت,سهگمت|1396,سهگمت|1397,1396,1397,0,0.275540587598,deterministic_single_fit
smote_training_fold_only_robustness,main_rule_a_primary,M1_PRIMARY_FEATURE_ORDER,regularized_logistic_regression,logistic__C_0.1,fold1_validation,سپاها,سپاها|1395,سپاها|1396,1395,1396,0,0.461454558071,deterministic_single_fit
smote_training_fold_only_robustness,main_rule_a_primary,M1_PRIMARY_FEATURE_ORDER,regularized_logistic_regression,logistic__C_0.1,fold1_validation,سپاها,سپاها|1396,سپاها|1397,1396,1397,0,0.398334625702,deterministic_single_fit
smote_training_fold_only_robustness,main_rule_a_primary,M1_PRIMARY_FEATURE_ORDER,regularized_logistic_regression,logistic__C_0.1,fold1_validation,سکرد,سکرد|1395,سکرد|1396,1395,1396,1,0.981803510627,deterministic_single_fit
smote_training_fold_only_robustness,main_rule_a_primary,M1_PRIMARY_FEATURE_ORDER,regularized_logistic_regression,logistic__C_0.1,fold1_validation,سکرد,سکرد|1396,سکرد|1397,1396,1397,1,0.95968062358,deterministic_single_fit
smote_training_fold_only_robustness,main_rule_a_primary,M1_PRIMARY_FEATURE_ORDER,regularized_logistic_regression,logistic__C_0.1,fold1_validation,سیلام,سیلام|1395,سیلام|1396,1395,1396,1,0.88543627818,deterministic_single_fit
smote_training_fold_only_robustness,main_rule_a_primary,M1_PRIMARY_FEATURE_ORDER,regularized_logistic_regression,logistic__C_0.1,fold1_validation,سیلام,سیلام|1396,سیلام|1397,1396,1397,1,0.982310564974,deterministic_single_fit
smote_training_fold_only_robustness,main_rule_a_primary,M1_PRIMARY_FEATURE_ORDER,regularized_logistic_regression,logistic__C_0.1,fold1_validation,شاراک,شاراک|1395,شاراک|1396,1395,1396,0,0.143089290329,deterministic_single_fit
smote_training_fold_only_robustness,main_rule_a_primary,M1_PRIMARY_FEATURE_ORDER,regularized_logistic_regression,logistic__C_0.1,fold1_validation,شاراک,شاراک|1396,شاراک|1397,1396,1397,0,0.110612743412,deterministic_single_fit
smote_training_fold_only_robustness,main_rule_a_primary,M1_PRIMARY_FEATURE_ORDER,regularized_logistic_regression,logistic__C_0.1,fold1_validation,شبریز,شبریز|1395,شبریز|1396,1395,1396,0,0.369305603206,deterministic_single_fit
smote_training_fold_only_robustness,main_rule_a_primary,M1_PRIMARY_FEATURE_ORDER,regularized_logistic_regression,logistic__C_0.1,fold1_validation,شبریز,شبریز|1396,شبریز|1397,1396,1397,0,0.328370022228,deterministic_single_fit
smote_training_fold_only_robustness,main_rule_a_primary,M1_PRIMARY_FEATURE_ORDER,regularized_logistic_regression,logistic__C_0.1,fold1_validation,شبندر,شبندر|1395,شبندر|1396,1395,1396,0,0.215907399316,deterministic_single_fit
smote_training_fold_only_robustness,main_rule_a_primary,M1_PRIMARY_FEATURE_ORDER,regularized_logistic_regression,logistic__C_0.1,fold1_validation,شبندر,شبندر|1396,شبندر|1397,1396,1397,0,0.172174212916,deterministic_single_fit
smote_training_fold_only_robustness,main_rule_a_primary,M1_PRIMARY_FEATURE_ORDER,regularized_logistic_regression,logistic__C_0.1,fold1_validation,شدوص,شدوص|1395,شدوص|1396,1395,1396,1,0.442326810481,deterministic_single_fit
smote_training_fold_only_robustness,main_rule_a_primary,M1_PRIMARY_FEATURE_ORDER,regularized_logistic_regression,logistic__C_0.1,fold1_validation,شدوص,شدوص|1396,شدوص|1397,1396,1397,0,0.996876001407,deterministic_single_fit
smote_training_fold_only_robustness,main_rule_a_primary,M1_PRIMARY_FEATURE_ORDER,regularized_logistic_regression,logistic__C_0.1,fold1_validation,شفارس,شفارس|1395,شفارس|1396,1395,1396,0,0.219049160036,deterministic_single_fit
smote_training_fold_only_robustness,main_rule_a_primary,M1_PRIMARY_FEATURE_ORDER,regularized_logistic_regression,logistic__C_0.1,fold1_validation,شفارس,شفارس|1396,شفارس|1397,1396,1397,0,0.259283885831,deterministic_single_fit
smote_training_fold_only_robustness,main_rule_a_primary,M1_PRIMARY_FEATURE_ORDER,regularized_logistic_regression,logistic__C_0.1,fold1_validation,شلعاب,شلعاب|1395,شلعاب|1396,1395,1396,0,0.483383500374,deterministic_single_fit
smote_training_fold_only_robustness,main_rule_a_primary,M1_PRIMARY_FEATURE_ORDER,regularized_logistic_regression,logistic__C_0.1,fold1_validation,شلعاب,شلعاب|1396,شلعاب|1397,1396,1397,0,0.445992152459,deterministic_single_fit
smote_training_fold_only_robustness,main_rule_a_primary,M1_PRIMARY_FEATURE_ORDER,regularized_logistic_regression,logistic__C_0.1,fold1_validation,شپارس,شپارس|1395,شپارس|1396,1395,1396,0,0.487698182908,deterministic_single_fit
smote_training_fold_only_robustness,main_rule_a_primary,M1_PRIMARY_FEATURE_ORDER,regularized_logistic_regression,logistic__C_0.1,fold1_validation,شپارس,شپارس|1396,شپارس|1397,1396,1397,0,0.395416830736,deterministic_single_fit
smote_training_fold_only_robustness,main_rule_a_primary,M1_PRIMARY_FEATURE_ORDER,regularized_logistic_regression,logistic__C_0.1,fold1_validation,شپنا,شپنا|1395,شپنا|1396,1395,1396,0,0.14967565352,deterministic_single_fit
smote_training_fold_only_robustness,main_rule_a_primary,M1_PRIMARY_FEATURE_ORDER,regularized_logistic_regression,logistic__C_0.1,fold1_validation,شپنا,شپنا|1396,شپنا|1397,1396,1397,0,0.105028779707,deterministic_single_fit
smote_training_fold_only_robustness,main_rule_a_primary,M1_PRIMARY_FEATURE_ORDER,regularized_logistic_regression,logistic__C_0.1,fold1_validation,شکربن,شکربن|1395,شکربن|1396,1395,1396,0,0.356161324354,deterministic_single_fit
smote_training_fold_only_robustness,main_rule_a_primary,M1_PRIMARY_FEATURE_ORDER,regularized_logistic_regression,logistic__C_0.1,fold1_validation,شکربن,شکربن|1396,شکربن|1397,1396,1397,0,0.273338492569,deterministic_single_fit
smote_training_fold_only_robustness,main_rule_a_primary,M1_PRIMARY_FEATURE_ORDER,regularized_logistic_regression,logistic__C_0.1,fold1_validation,شکلر,شکلر|1395,شکلر|1396,1395,1396,0,0.157635700085,deterministic_single_fit
smote_training_fold_only_robustness,main_rule_a_primary,M1_PRIMARY_FEATURE_ORDER,regularized_logistic_regression,logistic__C_0.1,fold1_validation,شکلر,شکلر|1396,شکلر|1397,1396,1397,0,0.226948056381,deterministic_single_fit
smote_training_fold_only_robustness,main_rule_a_primary,M1_PRIMARY_FEATURE_ORDER,regularized_logistic_regression,logistic__C_0.1,fold1_validation,شیران,شیران|1395,شیران|1396,1395,1396,0,0.087251869772,deterministic_single_fit
smote_training_fold_only_robustness,main_rule_a_primary,M1_PRIMARY_FEATURE_ORDER,regularized_logistic_regression,logistic__C_0.1,fold1_validation,شیران,شیران|1396,شیران|1397,1396,1397,0,0.079804413544,deterministic_single_fit
smote_training_fold_only_robustness,main_rule_a_primary,M1_PRIMARY_FEATURE_ORDER,regularized_logistic_regression,logistic__C_0.1,fold1_validation,غبهنوش,غبهنوش|1395,غبهنوش|1396,1395,1396,0,0.682255199248,deterministic_single_fit
smote_training_fold_only_robustness,main_rule_a_primary,M1_PRIMARY_FEATURE_ORDER,regularized_logistic_regression,logistic__C_0.1,fold1_validation,غبهنوش,غبهنوش|1396,غبهنوش|1397,1396,1397,0,0.660655209968,deterministic_single_fit
smote_training_fold_only_robustness,main_rule_a_primary,M1_PRIMARY_FEATURE_ORDER,regularized_logistic_regression,logistic__C_0.1,fold1_validation,غدام,غدام|1395,غدام|1396,1395,1396,1,0.450154107799,deterministic_single_fit
smote_training_fold_only_robustness,main_rule_a_primary,M1_PRIMARY_FEATURE_ORDER,regularized_logistic_regression,logistic__C_0.1,fold1_validation,غدام,غدام|1396,غدام|1397,1396,1397,0,0.514622590911,deterministic_single_fit
smote_training_fold_only_robustness,main_rule_a_primary,M1_PRIMARY_FEATURE_ORDER,regularized_logistic_regression,logistic__C_0.1,fold1_validation,غسالم,غسالم|1395,غسالم|1396,1395,1396,0,0.332848168958,deterministic_single_fit
smote_training_fold_only_robustness,main_rule_a_primary,M1_PRIMARY_FEATURE_ORDER,regularized_logistic_regression,logistic__C_0.1,fold1_validation,غسالم,غسالم|1396,غسالم|1397,1396,1397,0,0.231737969144,deterministic_single_fit
smote_training_fold_only_robustness,main_rule_a_primary,M1_PRIMARY_FEATURE_ORDER,regularized_logistic_regression,logistic__C_0.1,fold1_validation,غشان,غشان|1395,غشان|1396,1395,1396,0,0.271178944379,deterministic_single_fit
smote_training_fold_only_robustness,main_rule_a_primary,M1_PRIMARY_FEATURE_ORDER,regularized_logistic_regression,logistic__C_0.1,fold1_validation,غشان,غشان|1396,غشان|1397,1396,1397,0,0.30124351162,deterministic_single_fit
smote_training_fold_only_robustness,main_rule_a_primary,M1_PRIMARY_FEATURE_ORDER,regularized_logistic_regression,logistic__C_0.1,fold1_validation,غشهد,غشهد|1395,غشهد|1396,1395,1396,1,0.993660503215,deterministic_single_fit
smote_training_fold_only_robustness,main_rule_a_primary,M1_PRIMARY_FEATURE_ORDER,regularized_logistic_regression,logistic__C_0.1,fold1_validation,غشهد,غشهد|1396,غشهد|1397,1396,1397,0,0.822006448468,deterministic_single_fit
smote_training_fold_only_robustness,main_rule_a_primary,M1_PRIMARY_FEATURE_ORDER,regularized_logistic_regression,logistic__C_0.1,fold1_validation,غنوش,غنوش|1395,غنوش|1396,1395,1396,0,0.111859600104,deterministic_single_fit
smote_training_fold_only_robustness,main_rule_a_primary,M1_PRIMARY_FEATURE_ORDER,regularized_logistic_regression,logistic__C_0.1,fold1_validation,غنوش,غنوش|1396,غنوش|1397,1396,1397,0,0.128520943301,deterministic_single_fit
smote_training_fold_only_robustness,main_rule_a_primary,M1_PRIMARY_FEATURE_ORDER,regularized_logistic_regression,logistic__C_0.1,fold1_validation,غگل,غگل|1395,غگل|1396,1395,1396,0,0.21415471711,deterministic_single_fit
smote_training_fold_only_robustness,main_rule_a_primary,M1_PRIMARY_FEATURE_ORDER,regularized_logistic_regression,logistic__C_0.1,fold1_validation,غگل,غگل|1396,غگل|1397,1396,1397,0,0.321735354862,deterministic_single_fit
smote_training_fold_only_robustness,main_rule_a_primary,M1_PRIMARY_FEATURE_ORDER,regularized_logistic_regression,logistic__C_0.1,fold1_validation,فاذر,فاذر|1395,فاذر|1396,1395,1396,1,0.442233137132,deterministic_single_fit
smote_training_fold_only_robustness,main_rule_a_primary,M1_PRIMARY_FEATURE_ORDER,regularized_logistic_regression,logistic__C_0.1,fold1_validation,فاذر,فاذر|1396,فاذر|1397,1396,1397,1,0.560055361856,deterministic_single_fit
smote_training_fold_only_robustness,main_rule_a_primary,M1_PRIMARY_FEATURE_ORDER,regularized_logistic_regression,logistic__C_0.1,fold1_validation,فایرا,فایرا|1395,فایرا|1396,1395,1396,0,0.862472659007,deterministic_single_fit
smote_training_fold_only_robustness,main_rule_a_primary,M1_PRIMARY_FEATURE_ORDER,regularized_logistic_regression,logistic__C_0.1,fold1_validation,فایرا,فایرا|1396,فایرا|1397,1396,1397,0,0.751934433096,deterministic_single_fit
smote_training_fold_only_robustness,main_rule_a_primary,M1_PRIMARY_FEATURE_ORDER,regularized_logistic_regression,logistic__C_0.1,fold1_validation,فباهنر,فباهنر|1395,فباهنر|1396,1395,1396,0,0.406215825881,deterministic_single_fit
smote_training_fold_only_robustness,main_rule_a_primary,M1_PRIMARY_FEATURE_ORDER,regularized_logistic_regression,logistic__C_0.1,fold1_validation,فباهنر,فباهنر|1396,فباهنر|1397,1396,1397,0,0.316805925829,deterministic_single_fit
smote_training_fold_only_robustness,main_rule_a_primary,M1_PRIMARY_FEATURE_ORDER,regularized_logistic_regression,logistic__C_0.1,fold1_validation,فجام,فجام|1395,فجام|1396,1395,1396,0,0.083979685069,deterministic_single_fit
smote_training_fold_only_robustness,main_rule_a_primary,M1_PRIMARY_FEATURE_ORDER,regularized_logistic_regression,logistic__C_0.1,fold1_validation,فجام,فجام|1396,فجام|1397,1396,1397,0,0.167724925192,deterministic_single_fit
smote_training_fold_only_robustness,main_rule_a_primary,M1_PRIMARY_FEATURE_ORDER,regularized_logistic_regression,logistic__C_0.1,fold1_validation,فجر,فجر|1395,فجر|1396,1395,1396,0,0.206264633806,deterministic_single_fit
smote_training_fold_only_robustness,main_rule_a_primary,M1_PRIMARY_FEATURE_ORDER,regularized_logistic_regression,logistic__C_0.1,fold1_validation,فجر,فجر|1396,فجر|1397,1396,1397,0,0.270446883655,deterministic_single_fit
smote_training_fold_only_robustness,main_rule_a_primary,M1_PRIMARY_FEATURE_ORDER,regularized_logistic_regression,logistic__C_0.1,fold1_validation,فخوز,فخوز|1395,فخوز|1396,1395,1396,0,0.235557629841,deterministic_single_fit
smote_training_fold_only_robustness,main_rule_a_primary,M1_PRIMARY_FEATURE_ORDER,regularized_logistic_regression,logistic__C_0.1,fold1_validation,فخوز,فخوز|1396,فخوز|1397,1396,1397,0,0.194463459461,deterministic_single_fit
smote_training_fold_only_robustness,main_rule_a_primary,M1_PRIMARY_FEATURE_ORDER,regularized_logistic_regression,logistic__C_0.1,fold1_validation,فرآور,فرآور|1395,فرآور|1396,1395,1396,0,0.137021176614,deterministic_single_fit
smote_training_fold_only_robustness,main_rule_a_primary,M1_PRIMARY_FEATURE_ORDER,regularized_logistic_regression,logistic__C_0.1,fold1_validation,فرآور,فرآور|1396,فرآور|1397,1396,1397,0,0.061927930097,deterministic_single_fit
smote_training_fold_only_robustness,main_rule_a_primary,M1_PRIMARY_FEATURE_ORDER,regularized_logistic_regression,logistic__C_0.1,fold1_validation,فسرب,فسرب|1395,فسرب|1396,1395,1396,0,0.618072217546,deterministic_single_fit
smote_training_fold_only_robustness,main_rule_a_primary,M1_PRIMARY_FEATURE_ORDER,regularized_logistic_regression,logistic__C_0.1,fold1_validation,فسرب,فسرب|1396,فسرب|1397,1396,1397,0,0.326855161176,deterministic_single_fit
smote_training_fold_only_robustness,main_rule_a_primary,M1_PRIMARY_FEATURE_ORDER,regularized_logistic_regression,logistic__C_0.1,fold1_validation,فسپا,فسپا|1395,فسپا|1396,1395,1396,0,0.142940568745,deterministic_single_fit
smote_training_fold_only_robustness,main_rule_a_primary,M1_PRIMARY_FEATURE_ORDER,regularized_logistic_regression,logistic__C_0.1,fold1_validation,فسپا,فسپا|1396,فسپا|1397,1396,1397,0,0.210743567604,deterministic_single_fit
smote_training_fold_only_robustness,main_rule_a_primary,M1_PRIMARY_FEATURE_ORDER,regularized_logistic_regression,logistic__C_0.1,fold1_validation,فمراد,فمراد|1395,فمراد|1396,1395,1396,0,0.53383902305,deterministic_single_fit
smote_training_fold_only_robustness,main_rule_a_primary,M1_PRIMARY_FEATURE_ORDER,regularized_logistic_regression,logistic__C_0.1,fold1_validation,فمراد,فمراد|1396,فمراد|1397,1396,1397,0,0.658348261674,deterministic_single_fit
smote_training_fold_only_robustness,main_rule_a_primary,M1_PRIMARY_FEATURE_ORDER,regularized_logistic_regression,logistic__C_0.1,fold1_validation,فملی,فملی|1395,فملی|1396,1395,1396,0,0.105826918495,deterministic_single_fit
smote_training_fold_only_robustness,main_rule_a_primary,M1_PRIMARY_FEATURE_ORDER,regularized_logistic_regression,logistic__C_0.1,fold1_validation,فملی,فملی|1396,فملی|1397,1396,1397,0,0.124150216369,deterministic_single_fit
smote_training_fold_only_robustness,main_rule_a_primary,M1_PRIMARY_FEATURE_ORDER,regularized_logistic_regression,logistic__C_0.1,fold1_validation,فنورد,فنورد|1395,فنورد|1396,1395,1396,0,0.366732832803,deterministic_single_fit
smote_training_fold_only_robustness,main_rule_a_primary,M1_PRIMARY_FEATURE_ORDER,regularized_logistic_regression,logistic__C_0.1,fold1_validation,فنورد,فنورد|1396,فنورد|1397,1396,1397,0,0.31166629119,deterministic_single_fit
smote_training_fold_only_robustness,main_rule_a_primary,M1_PRIMARY_FEATURE_ORDER,regularized_logistic_regression,logistic__C_0.1,fold1_validation,فولاژ,فولاژ|1395,فولاژ|1396,1395,1396,0,0.258977052654,deterministic_single_fit
smote_training_fold_only_robustness,main_rule_a_primary,M1_PRIMARY_FEATURE_ORDER,regularized_logistic_regression,logistic__C_0.1,fold1_validation,فولاژ,فولاژ|1396,فولاژ|1397,1396,1397,0,0.268300752287,deterministic_single_fit
smote_training_fold_only_robustness,main_rule_a_primary,M1_PRIMARY_FEATURE_ORDER,regularized_logistic_regression,logistic__C_0.1,fold1_validation,فپنتا,فپنتا|1395,فپنتا|1396,1395,1396,0,0.115229088506,deterministic_single_fit
smote_training_fold_only_robustness,main_rule_a_primary,M1_PRIMARY_FEATURE_ORDER,regularized_logistic_regression,logistic__C_0.1,fold1_validation,فپنتا,فپنتا|1396,فپنتا|1397,1396,1397,0,0.134333802713,deterministic_single_fit
smote_training_fold_only_robustness,main_rule_a_primary,M1_PRIMARY_FEATURE_ORDER,regularized_logistic_regression,logistic__C_0.1,fold1_validation,لابسا,لابسا|1395,لابسا|1396,1395,1396,1,0.375821941486,deterministic_single_fit
smote_training_fold_only_robustness,main_rule_a_primary,M1_PRIMARY_FEATURE_ORDER,regularized_logistic_regression,logistic__C_0.1,fold1_validation,لابسا,لابسا|1396,لابسا|1397,1396,1397,0,0.482124621388,deterministic_single_fit
smote_training_fold_only_robustness,main_rule_a_primary,M1_PRIMARY_FEATURE_ORDER,regularized_logistic_regression,logistic__C_0.1,fold1_validation,لبوتان,لبوتان|1395,لبوتان|1396,1395,1396,0,0.336813582506,deterministic_single_fit
smote_training_fold_only_robustness,main_rule_a_primary,M1_PRIMARY_FEATURE_ORDER,regularized_logistic_regression,logistic__C_0.1,fold1_validation,لبوتان,لبوتان|1396,لبوتان|1397,1396,1397,0,0.377536371988,deterministic_single_fit
smote_training_fold_only_robustness,main_rule_a_primary,M1_PRIMARY_FEATURE_ORDER,regularized_logistic_regression,logistic__C_0.1,fold1_validation,لخزر,لخزر|1395,لخزر|1396,1395,1396,0,0.423657965344,deterministic_single_fit
smote_training_fold_only_robustness,main_rule_a_primary,M1_PRIMARY_FEATURE_ORDER,regularized_logistic_regression,logistic__C_0.1,fold1_validation,لخزر,لخزر|1396,لخزر|1397,1396,1397,0,0.424305943907,deterministic_single_fit
smote_training_fold_only_robustness,main_rule_a_primary,M1_PRIMARY_FEATURE_ORDER,regularized_logistic_regression,logistic__C_0.1,fold1_validation,لسرما,لسرما|1395,لسرما|1396,1395,1396,0,0.275207977036,deterministic_single_fit
smote_training_fold_only_robustness,main_rule_a_primary,M1_PRIMARY_FEATURE_ORDER,regularized_logistic_regression,logistic__C_0.1,fold1_validation,لسرما,لسرما|1396,لسرما|1397,1396,1397,0,0.282055874253,deterministic_single_fit
smote_training_fold_only_robustness,main_rule_a_primary,M1_PRIMARY_FEATURE_ORDER,regularized_logistic_regression,logistic__C_0.1,fold1_validation,های وب,های وب|1396,های وب|1397,1396,1397,0,0.250340174715,deterministic_single_fit
smote_training_fold_only_robustness,main_rule_a_primary,M1_PRIMARY_FEATURE_ORDER,regularized_logistic_regression,logistic__C_0.1,fold1_validation,همراه,همراه|1395,همراه|1396,1395,1396,0,0.305576198619,deterministic_single_fit
smote_training_fold_only_robustness,main_rule_a_primary,M1_PRIMARY_FEATURE_ORDER,regularized_logistic_regression,logistic__C_0.1,fold1_validation,همراه,همراه|1396,همراه|1397,1396,1397,0,0.360460895225,deterministic_single_fit
smote_training_fold_only_robustness,main_rule_a_primary,M1_PRIMARY_FEATURE_ORDER,regularized_logistic_regression,logistic__C_0.1,fold1_validation,پدرخش,پدرخش|1395,پدرخش|1396,1395,1396,0,0.30597127522,deterministic_single_fit
smote_training_fold_only_robustness,main_rule_a_primary,M1_PRIMARY_FEATURE_ORDER,regularized_logistic_regression,logistic__C_0.1,fold1_validation,پدرخش,پدرخش|1396,پدرخش|1397,1396,1397,0,0.284401235971,deterministic_single_fit
smote_training_fold_only_robustness,main_rule_a_primary,M1_PRIMARY_FEATURE_ORDER,regularized_logistic_regression,logistic__C_0.1,fold1_validation,پرداخت,پرداخت|1396,پرداخت|1397,1396,1397,0,0.107124652876,deterministic_single_fit
smote_training_fold_only_robustness,main_rule_a_primary,M1_PRIMARY_FEATURE_ORDER,regularized_logistic_regression,logistic__C_0.1,fold1_validation,پسهند,پسهند|1395,پسهند|1396,1395,1396,0,0.255110649564,deterministic_single_fit
smote_training_fold_only_robustness,main_rule_a_primary,M1_PRIMARY_FEATURE_ORDER,regularized_logistic_regression,logistic__C_0.1,fold1_validation,پسهند,پسهند|1396,پسهند|1397,1396,1397,0,0.273388799928,deterministic_single_fit
smote_training_fold_only_robustness,main_rule_a_primary,M1_PRIMARY_FEATURE_ORDER,regularized_logistic_regression,logistic__C_0.1,fold1_validation,پلاسک,پلاسک|1395,پلاسک|1396,1395,1396,0,0.696121337297,deterministic_single_fit
smote_training_fold_only_robustness,main_rule_a_primary,M1_PRIMARY_FEATURE_ORDER,regularized_logistic_regression,logistic__C_0.1,fold1_validation,پلاسک,پلاسک|1396,پلاسک|1397,1396,1397,0,0.600748187164,deterministic_single_fit
smote_training_fold_only_robustness,main_rule_a_primary,M1_PRIMARY_FEATURE_ORDER,regularized_logistic_regression,logistic__C_0.1,fold1_validation,چافست,چافست|1395,چافست|1396,1395,1396,0,0.308131752004,deterministic_single_fit
smote_training_fold_only_robustness,main_rule_a_primary,M1_PRIMARY_FEATURE_ORDER,regularized_logistic_regression,logistic__C_0.1,fold1_validation,چافست,چافست|1396,چافست|1397,1396,1397,0,0.387335384239,deterministic_single_fit
smote_training_fold_only_robustness,main_rule_a_primary,M1_PRIMARY_FEATURE_ORDER,regularized_logistic_regression,logistic__C_0.1,fold1_validation,چکارن,چکارن|1395,چکارن|1396,1395,1396,0,0.415380500318,deterministic_single_fit
smote_training_fold_only_robustness,main_rule_a_primary,M1_PRIMARY_FEATURE_ORDER,regularized_logistic_regression,logistic__C_0.1,fold1_validation,چکارن,چکارن|1396,چکارن|1397,1396,1397,0,0.320881301398,deterministic_single_fit
smote_training_fold_only_robustness,main_rule_a_primary,M1_PRIMARY_FEATURE_ORDER,regularized_logistic_regression,logistic__C_0.1,fold1_validation,کاوه,کاوه|1396,کاوه|1397,1396,1397,0,0.428124421366,deterministic_single_fit
smote_training_fold_only_robustness,main_rule_a_primary,M1_PRIMARY_FEATURE_ORDER,regularized_logistic_regression,logistic__C_0.1,fold1_validation,کبافق,کبافق|1395,کبافق|1396,1395,1396,0,0.064338771517,deterministic_single_fit
smote_training_fold_only_robustness,main_rule_a_primary,M1_PRIMARY_FEATURE_ORDER,regularized_logistic_regression,logistic__C_0.1,fold1_validation,کبافق,کبافق|1396,کبافق|1397,1396,1397,0,0.062953451137,deterministic_single_fit
smote_training_fold_only_robustness,main_rule_a_primary,M1_PRIMARY_FEATURE_ORDER,regularized_logistic_regression,logistic__C_0.1,fold1_validation,کرازی,کرازی|1395,کرازی|1396,1395,1396,0,0.139585177134,deterministic_single_fit
smote_training_fold_only_robustness,main_rule_a_primary,M1_PRIMARY_FEATURE_ORDER,regularized_logistic_regression,logistic__C_0.1,fold1_validation,کرازی,کرازی|1396,کرازی|1397,1396,1397,0,0.163523457552,deterministic_single_fit
smote_training_fold_only_robustness,main_rule_a_primary,M1_PRIMARY_FEATURE_ORDER,regularized_logistic_regression,logistic__C_0.1,fold1_validation,کفرا,کفرا|1395,کفرا|1396,1395,1396,0,0.237284969272,deterministic_single_fit
smote_training_fold_only_robustness,main_rule_a_primary,M1_PRIMARY_FEATURE_ORDER,regularized_logistic_regression,logistic__C_0.1,fold1_validation,کفرا,کفرا|1396,کفرا|1397,1396,1397,0,0.224933089143,deterministic_single_fit
smote_training_fold_only_robustness,main_rule_a_primary,M1_PRIMARY_FEATURE_ORDER,regularized_logistic_regression,logistic__C_0.1,fold1_validation,کفپارس,کفپارس|1395,کفپارس|1396,1395,1396,1,0.572838130445,deterministic_single_fit
smote_training_fold_only_robustness,main_rule_a_primary,M1_PRIMARY_FEATURE_ORDER,regularized_logistic_regression,logistic__C_0.1,fold1_validation,کفپارس,کفپارس|1396,کفپارس|1397,1396,1397,0,0.640333851297,deterministic_single_fit
smote_training_fold_only_robustness,main_rule_a_primary,M1_PRIMARY_FEATURE_ORDER,regularized_logistic_regression,logistic__C_0.1,fold1_validation,کهمدا,کهمدا|1395,کهمدا|1396,1395,1396,0,0.066446478174,deterministic_single_fit
smote_training_fold_only_robustness,main_rule_a_primary,M1_PRIMARY_FEATURE_ORDER,regularized_logistic_regression,logistic__C_0.1,fold1_validation,کهمدا,کهمدا|1396,کهمدا|1397,1396,1397,0,0.104300440253,deterministic_single_fit
smote_training_fold_only_robustness,main_rule_a_primary,M1_PRIMARY_FEATURE_ORDER,regularized_logistic_regression,logistic__C_0.1,fold1_validation,کگاز,کگاز|1395,کگاز|1396,1395,1396,0,0.939649369401,deterministic_single_fit
smote_training_fold_only_robustness,main_rule_a_primary,M1_PRIMARY_FEATURE_ORDER,regularized_logistic_regression,logistic__C_0.1,fold1_validation,کگاز,کگاز|1396,کگاز|1397,1396,1397,0,0.168920316692,deterministic_single_fit
smote_training_fold_only_robustness,main_rule_a_primary,M1_PRIMARY_FEATURE_ORDER,regularized_logistic_regression,logistic__C_0.1,fold1_validation,کگل,کگل|1395,کگل|1396,1395,1396,0,0.217414485067,deterministic_single_fit
smote_training_fold_only_robustness,main_rule_a_primary,M1_PRIMARY_FEATURE_ORDER,regularized_logistic_regression,logistic__C_0.1,fold1_validation,کگل,کگل|1396,کگل|1397,1396,1397,0,0.141912581486,deterministic_single_fit
smote_training_fold_only_robustness,main_rule_a_primary,M1_PRIMARY_FEATURE_ORDER,regularized_logistic_regression,logistic__C_0.1,fold2_validation,بالبر,بالبر|1397,بالبر|1398,1397,1398,0,0.691481574323,deterministic_single_fit
smote_training_fold_only_robustness,main_rule_a_primary,M1_PRIMARY_FEATURE_ORDER,regularized_logistic_regression,logistic__C_0.1,fold2_validation,بالبر,بالبر|1398,بالبر|1399,1398,1399,0,0.55609359678,deterministic_single_fit
smote_training_fold_only_robustness,main_rule_a_primary,M1_PRIMARY_FEATURE_ORDER,regularized_logistic_regression,logistic__C_0.1,fold2_validation,بترانس,بترانس|1397,بترانس|1398,1397,1398,0,0.336723306755,deterministic_single_fit
smote_training_fold_only_robustness,main_rule_a_primary,M1_PRIMARY_FEATURE_ORDER,regularized_logistic_regression,logistic__C_0.1,fold2_validation,بترانس,بترانس|1398,بترانس|1399,1398,1399,0,0.56232789431,deterministic_single_fit
smote_training_fold_only_robustness,main_rule_a_primary,M1_PRIMARY_FEATURE_ORDER,regularized_logistic_regression,logistic__C_0.1,fold2_validation,بموتو,بموتو|1397,بموتو|1398,1397,1398,0,0.776339936958,deterministic_single_fit
smote_training_fold_only_robustness,main_rule_a_primary,M1_PRIMARY_FEATURE_ORDER,regularized_logistic_regression,logistic__C_0.1,fold2_validation,بموتو,بموتو|1398,بموتو|1399,1398,1399,0,0.081579046608,deterministic_single_fit
smote_training_fold_only_robustness,main_rule_a_primary,M1_PRIMARY_FEATURE_ORDER,regularized_logistic_regression,logistic__C_0.1,fold2_validation,بکاب,بکاب|1397,بکاب|1398,1397,1398,0,0.424688290526,deterministic_single_fit
smote_training_fold_only_robustness,main_rule_a_primary,M1_PRIMARY_FEATURE_ORDER,regularized_logistic_regression,logistic__C_0.1,fold2_validation,بکاب,بکاب|1398,بکاب|1399,1398,1399,0,0.299217584,deterministic_single_fit
smote_training_fold_only_robustness,main_rule_a_primary,M1_PRIMARY_FEATURE_ORDER,regularized_logistic_regression,logistic__C_0.1,fold2_validation,بکام,بکام|1397,بکام|1398,1397,1398,0,0.76351434799,deterministic_single_fit
smote_training_fold_only_robustness,main_rule_a_primary,M1_PRIMARY_FEATURE_ORDER,regularized_logistic_regression,logistic__C_0.1,fold2_validation,بکام,بکام|1398,بکام|1399,1398,1399,0,0.47423235218,deterministic_single_fit
smote_training_fold_only_robustness,main_rule_a_primary,M1_PRIMARY_FEATURE_ORDER,regularized_logistic_regression,logistic__C_0.1,fold2_validation,تپمپی,تپمپی|1397,تپمپی|1398,1397,1398,0,0.224049594537,deterministic_single_fit
smote_training_fold_only_robustness,main_rule_a_primary,M1_PRIMARY_FEATURE_ORDER,regularized_logistic_regression,logistic__C_0.1,fold2_validation,تپمپی,تپمپی|1398,تپمپی|1399,1398,1399,0,0.140166385305,deterministic_single_fit
smote_training_fold_only_robustness,main_rule_a_primary,M1_PRIMARY_FEATURE_ORDER,regularized_logistic_regression,logistic__C_0.1,fold2_validation,تکمبا,تکمبا|1397,تکمبا|1398,1397,1398,0,0.404953243545,deterministic_single_fit
smote_training_fold_only_robustness,main_rule_a_primary,M1_PRIMARY_FEATURE_ORDER,regularized_logistic_regression,logistic__C_0.1,fold2_validation,تکمبا,تکمبا|1398,تکمبا|1399,1398,1399,0,0.241236580573,deterministic_single_fit
smote_training_fold_only_robustness,main_rule_a_primary,M1_PRIMARY_FEATURE_ORDER,regularized_logistic_regression,logistic__C_0.1,fold2_validation,ثشرق,ثشرق|1397,ثشرق|1398,1397,1398,0,0.330572735343,deterministic_single_fit
smote_training_fold_only_robustness,main_rule_a_primary,M1_PRIMARY_FEATURE_ORDER,regularized_logistic_regression,logistic__C_0.1,fold2_validation,ثشرق,ثشرق|1398,ثشرق|1399,1398,1399,0,0.349579188106,deterministic_single_fit
smote_training_fold_only_robustness,main_rule_a_primary,M1_PRIMARY_FEATURE_ORDER,regularized_logistic_regression,logistic__C_0.1,fold2_validation,ثنوسا,ثنوسا|1397,ثنوسا|1398,1397,1398,1,0.999149695559,deterministic_single_fit
smote_training_fold_only_robustness,main_rule_a_primary,M1_PRIMARY_FEATURE_ORDER,regularized_logistic_regression,logistic__C_0.1,fold2_validation,ثنوسا,ثنوسا|1398,ثنوسا|1399,1398,1399,0,0.877870761126,deterministic_single_fit
smote_training_fold_only_robustness,main_rule_a_primary,M1_PRIMARY_FEATURE_ORDER,regularized_logistic_regression,logistic__C_0.1,fold2_validation,جم پیلن,جم پیلن|1398,جم پیلن|1399,1398,1399,0,0.006328846303,deterministic_single_fit
smote_training_fold_only_robustness,main_rule_a_primary,M1_PRIMARY_FEATURE_ORDER,regularized_logistic_regression,logistic__C_0.1,fold2_validation,جم,جم|1397,جم|1398,1397,1398,0,0.039746132606,deterministic_single_fit
smote_training_fold_only_robustness,main_rule_a_primary,M1_PRIMARY_FEATURE_ORDER,regularized_logistic_regression,logistic__C_0.1,fold2_validation,جم,جم|1398,جم|1399,1398,1399,0,0.033475072519,deterministic_single_fit
smote_training_fold_only_robustness,main_rule_a_primary,M1_PRIMARY_FEATURE_ORDER,regularized_logistic_regression,logistic__C_0.1,fold2_validation,حپترو,حپترو|1397,حپترو|1398,1397,1398,0,0.386281099708,deterministic_single_fit
smote_training_fold_only_robustness,main_rule_a_primary,M1_PRIMARY_FEATURE_ORDER,regularized_logistic_regression,logistic__C_0.1,fold2_validation,حپترو,حپترو|1398,حپترو|1399,1398,1399,0,0.342096672591,deterministic_single_fit
smote_training_fold_only_robustness,main_rule_a_primary,M1_PRIMARY_FEATURE_ORDER,regularized_logistic_regression,logistic__C_0.1,fold2_validation,حکشتی,حکشتی|1397,حکشتی|1398,1397,1398,0,0.492537006063,deterministic_single_fit
smote_training_fold_only_robustness,main_rule_a_primary,M1_PRIMARY_FEATURE_ORDER,regularized_logistic_regression,logistic__C_0.1,fold2_validation,حکشتی,حکشتی|1398,حکشتی|1399,1398,1399,0,0.629090622297,deterministic_single_fit
smote_training_fold_only_robustness,main_rule_a_primary,M1_PRIMARY_FEATURE_ORDER,regularized_logistic_regression,logistic__C_0.1,fold2_validation,خاذین,خاذین|1397,خاذین|1398,1397,1398,0,0.856167207535,deterministic_single_fit
smote_training_fold_only_robustness,main_rule_a_primary,M1_PRIMARY_FEATURE_ORDER,regularized_logistic_regression,logistic__C_0.1,fold2_validation,خاذین,خاذین|1398,خاذین|1399,1398,1399,0,0.602972030867,deterministic_single_fit
smote_training_fold_only_robustness,main_rule_a_primary,M1_PRIMARY_FEATURE_ORDER,regularized_logistic_regression,logistic__C_0.1,fold2_validation,خبهمن,خبهمن|1397,خبهمن|1398,1397,1398,0,0.097094484259,deterministic_single_fit
smote_training_fold_only_robustness,main_rule_a_primary,M1_PRIMARY_FEATURE_ORDER,regularized_logistic_regression,logistic__C_0.1,fold2_validation,خبهمن,خبهمن|1398,خبهمن|1399,1398,1399,0,0.347186907058,deterministic_single_fit
smote_training_fold_only_robustness,main_rule_a_primary,M1_PRIMARY_FEATURE_ORDER,regularized_logistic_regression,logistic__C_0.1,fold2_validation,ختوقا,ختوقا|1397,ختوقا|1398,1397,1398,0,0.722576562034,deterministic_single_fit
smote_training_fold_only_robustness,main_rule_a_primary,M1_PRIMARY_FEATURE_ORDER,regularized_logistic_regression,logistic__C_0.1,fold2_validation,ختوقا,ختوقا|1398,ختوقا|1399,1398,1399,0,0.172867321518,deterministic_single_fit
smote_training_fold_only_robustness,main_rule_a_primary,M1_PRIMARY_FEATURE_ORDER,regularized_logistic_regression,logistic__C_0.1,fold2_validation,خرینگ,خرینگ|1397,خرینگ|1398,1397,1398,0,0.803739184923,deterministic_single_fit
smote_training_fold_only_robustness,main_rule_a_primary,M1_PRIMARY_FEATURE_ORDER,regularized_logistic_regression,logistic__C_0.1,fold2_validation,خرینگ,خرینگ|1398,خرینگ|1399,1398,1399,0,0.872236609334,deterministic_single_fit
smote_training_fold_only_robustness,main_rule_a_primary,M1_PRIMARY_FEATURE_ORDER,regularized_logistic_regression,logistic__C_0.1,fold2_validation,خمحور,خمحور|1397,خمحور|1398,1397,1398,0,0.407582120998,deterministic_single_fit
smote_training_fold_only_robustness,main_rule_a_primary,M1_PRIMARY_FEATURE_ORDER,regularized_logistic_regression,logistic__C_0.1,fold2_validation,خمحور,خمحور|1398,خمحور|1399,1398,1399,0,0.466917703607,deterministic_single_fit
smote_training_fold_only_robustness,main_rule_a_primary,M1_PRIMARY_FEATURE_ORDER,regularized_logistic_regression,logistic__C_0.1,fold2_validation,خمهر,خمهر|1397,خمهر|1398,1397,1398,1,0.803272988618,deterministic_single_fit
smote_training_fold_only_robustness,main_rule_a_primary,M1_PRIMARY_FEATURE_ORDER,regularized_logistic_regression,logistic__C_0.1,fold2_validation,خمهر,خمهر|1398,خمهر|1399,1398,1399,0,0.99238439864,deterministic_single_fit
smote_training_fold_only_robustness,main_rule_a_primary,M1_PRIMARY_FEATURE_ORDER,regularized_logistic_regression,logistic__C_0.1,fold2_validation,خنصیر,خنصیر|1397,خنصیر|1398,1397,1398,0,0.673777475708,deterministic_single_fit
smote_training_fold_only_robustness,main_rule_a_primary,M1_PRIMARY_FEATURE_ORDER,regularized_logistic_regression,logistic__C_0.1,fold2_validation,خنصیر,خنصیر|1398,خنصیر|1399,1398,1399,0,0.456142731848,deterministic_single_fit
smote_training_fold_only_robustness,main_rule_a_primary,M1_PRIMARY_FEATURE_ORDER,regularized_logistic_regression,logistic__C_0.1,fold2_validation,خوساز,خوساز|1397,خوساز|1398,1397,1398,0,0.426946588679,deterministic_single_fit
smote_training_fold_only_robustness,main_rule_a_primary,M1_PRIMARY_FEATURE_ORDER,regularized_logistic_regression,logistic__C_0.1,fold2_validation,خوساز,خوساز|1398,خوساز|1399,1398,1399,0,0.486309504745,deterministic_single_fit
smote_training_fold_only_robustness,main_rule_a_primary,M1_PRIMARY_FEATURE_ORDER,regularized_logistic_regression,logistic__C_0.1,fold2_validation,خچرخش,خچرخش|1397,خچرخش|1398,1397,1398,0,0.353976478591,deterministic_single_fit
smote_training_fold_only_robustness,main_rule_a_primary,M1_PRIMARY_FEATURE_ORDER,regularized_logistic_regression,logistic__C_0.1,fold2_validation,خچرخش,خچرخش|1398,خچرخش|1399,1398,1399,0,0.431497755861,deterministic_single_fit
smote_training_fold_only_robustness,main_rule_a_primary,M1_PRIMARY_FEATURE_ORDER,regularized_logistic_regression,logistic__C_0.1,fold2_validation,خکمک,خکمک|1397,خکمک|1398,1397,1398,0,0.841748507362,deterministic_single_fit
smote_training_fold_only_robustness,main_rule_a_primary,M1_PRIMARY_FEATURE_ORDER,regularized_logistic_regression,logistic__C_0.1,fold2_validation,خکمک,خکمک|1398,خکمک|1399,1398,1399,0,0.871602895889,deterministic_single_fit
smote_training_fold_only_robustness,main_rule_a_primary,M1_PRIMARY_FEATURE_ORDER,regularized_logistic_regression,logistic__C_0.1,fold2_validation,ددام,ددام|1397,ددام|1398,1397,1398,0,0.529864909595,deterministic_single_fit
smote_training_fold_only_robustness,main_rule_a_primary,M1_PRIMARY_FEATURE_ORDER,regularized_logistic_regression,logistic__C_0.1,fold2_validation,ددام,ددام|1398,ددام|1399,1398,1399,0,0.057905237931,deterministic_single_fit
smote_training_fold_only_robustness,main_rule_a_primary,M1_PRIMARY_FEATURE_ORDER,regularized_logistic_regression,logistic__C_0.1,fold2_validation,دروز,دروز|1397,دروز|1398,1397,1398,1,0.294913776881,deterministic_single_fit
smote_training_fold_only_robustness,main_rule_a_primary,M1_PRIMARY_FEATURE_ORDER,regularized_logistic_regression,logistic__C_0.1,fold2_validation,دروز,دروز|1398,دروز|1399,1398,1399,1,0.679778300903,deterministic_single_fit
smote_training_fold_only_robustness,main_rule_a_primary,M1_PRIMARY_FEATURE_ORDER,regularized_logistic_regression,logistic__C_0.1,fold2_validation,دسبحا,دسبحا|1397,دسبحا|1398,1397,1398,0,0.146275762417,deterministic_single_fit
smote_training_fold_only_robustness,main_rule_a_primary,M1_PRIMARY_FEATURE_ORDER,regularized_logistic_regression,logistic__C_0.1,fold2_validation,دسبحا,دسبحا|1398,دسبحا|1399,1398,1399,0,0.107369598708,deterministic_single_fit
smote_training_fold_only_robustness,main_rule_a_primary,M1_PRIMARY_FEATURE_ORDER,regularized_logistic_regression,logistic__C_0.1,fold2_validation,دسینا,دسینا|1397,دسینا|1398,1397,1398,0,0.112648853499,deterministic_single_fit
smote_training_fold_only_robustness,main_rule_a_primary,M1_PRIMARY_FEATURE_ORDER,regularized_logistic_regression,logistic__C_0.1,fold2_validation,دسینا,دسینا|1398,دسینا|1399,1398,1399,0,0.258095090693,deterministic_single_fit
smote_training_fold_only_robustness,main_rule_a_primary,M1_PRIMARY_FEATURE_ORDER,regularized_logistic_regression,logistic__C_0.1,fold2_validation,دشیمی,دشیمی|1397,دشیمی|1398,1397,1398,0,0.547829659427,deterministic_single_fit
smote_training_fold_only_robustness,main_rule_a_primary,M1_PRIMARY_FEATURE_ORDER,regularized_logistic_regression,logistic__C_0.1,fold2_validation,دشیمی,دشیمی|1398,دشیمی|1399,1398,1399,0,0.283404318554,deterministic_single_fit
smote_training_fold_only_robustness,main_rule_a_primary,M1_PRIMARY_FEATURE_ORDER,regularized_logistic_regression,logistic__C_0.1,fold2_validation,دیران,دیران|1397,دیران|1398,1397,1398,0,0.377178638845,deterministic_single_fit
smote_training_fold_only_robustness,main_rule_a_primary,M1_PRIMARY_FEATURE_ORDER,regularized_logistic_regression,logistic__C_0.1,fold2_validation,دیران,دیران|1398,دیران|1399,1398,1399,0,0.353218068879,deterministic_single_fit
smote_training_fold_only_robustness,main_rule_a_primary,M1_PRIMARY_FEATURE_ORDER,regularized_logistic_regression,logistic__C_0.1,fold2_validation,رانفور,رانفور|1397,رانفور|1398,1397,1398,0,0.012417971761,deterministic_single_fit
smote_training_fold_only_robustness,main_rule_a_primary,M1_PRIMARY_FEATURE_ORDER,regularized_logistic_regression,logistic__C_0.1,fold2_validation,رانفور,رانفور|1398,رانفور|1399,1398,1399,0,0.02433476677,deterministic_single_fit
smote_training_fold_only_robustness,main_rule_a_primary,M1_PRIMARY_FEATURE_ORDER,regularized_logistic_regression,logistic__C_0.1,fold2_validation,رمپنا,رمپنا|1397,رمپنا|1398,1397,1398,0,0.518568623242,deterministic_single_fit
smote_training_fold_only_robustness,main_rule_a_primary,M1_PRIMARY_FEATURE_ORDER,regularized_logistic_regression,logistic__C_0.1,fold2_validation,رمپنا,رمپنا|1398,رمپنا|1399,1398,1399,0,0.563926217907,deterministic_single_fit
smote_training_fold_only_robustness,main_rule_a_primary,M1_PRIMARY_FEATURE_ORDER,regularized_logistic_regression,logistic__C_0.1,fold2_validation,زمگسا,زمگسا|1397,زمگسا|1398,1397,1398,0,0.366913060498,deterministic_single_fit
smote_training_fold_only_robustness,main_rule_a_primary,M1_PRIMARY_FEATURE_ORDER,regularized_logistic_regression,logistic__C_0.1,fold2_validation,زمگسا,زمگسا|1398,زمگسا|1399,1398,1399,0,0.270507422817,deterministic_single_fit
smote_training_fold_only_robustness,main_rule_a_primary,M1_PRIMARY_FEATURE_ORDER,regularized_logistic_regression,logistic__C_0.1,fold2_validation,زپارس,زپارس|1397,زپارس|1398,1397,1398,0,0.324433279278,deterministic_single_fit
smote_training_fold_only_robustness,main_rule_a_primary,M1_PRIMARY_FEATURE_ORDER,regularized_logistic_regression,logistic__C_0.1,fold2_validation,زپارس,زپارس|1398,زپارس|1399,1398,1399,0,0.258171256563,deterministic_single_fit
smote_training_fold_only_robustness,main_rule_a_primary,M1_PRIMARY_FEATURE_ORDER,regularized_logistic_regression,logistic__C_0.1,fold2_validation,ساراب,ساراب|1397,ساراب|1398,1397,1398,0,0.073078966303,deterministic_single_fit
smote_training_fold_only_robustness,main_rule_a_primary,M1_PRIMARY_FEATURE_ORDER,regularized_logistic_regression,logistic__C_0.1,fold2_validation,ساراب,ساراب|1398,ساراب|1399,1398,1399,0,0.082139519217,deterministic_single_fit
smote_training_fold_only_robustness,main_rule_a_primary,M1_PRIMARY_FEATURE_ORDER,regularized_logistic_regression,logistic__C_0.1,fold2_validation,ساربیل,ساربیل|1397,ساربیل|1398,1397,1398,0,0.067847234877,deterministic_single_fit
smote_training_fold_only_robustness,main_rule_a_primary,M1_PRIMARY_FEATURE_ORDER,regularized_logistic_regression,logistic__C_0.1,fold2_validation,ساربیل,ساربیل|1398,ساربیل|1399,1398,1399,0,0.025210458709,deterministic_single_fit
smote_training_fold_only_robustness,main_rule_a_primary,M1_PRIMARY_FEATURE_ORDER,regularized_logistic_regression,logistic__C_0.1,fold2_validation,ساروم,ساروم|1397,ساروم|1398,1397,1398,0,0.03629667903,deterministic_single_fit
smote_training_fold_only_robustness,main_rule_a_primary,M1_PRIMARY_FEATURE_ORDER,regularized_logistic_regression,logistic__C_0.1,fold2_validation,ساروم,ساروم|1398,ساروم|1399,1398,1399,0,0.015719554233,deterministic_single_fit
smote_training_fold_only_robustness,main_rule_a_primary,M1_PRIMARY_FEATURE_ORDER,regularized_logistic_regression,logistic__C_0.1,fold2_validation,سبجنو,سبجنو|1397,سبجنو|1398,1397,1398,0,0.27164143472,deterministic_single_fit
smote_training_fold_only_robustness,main_rule_a_primary,M1_PRIMARY_FEATURE_ORDER,regularized_logistic_regression,logistic__C_0.1,fold2_validation,سبجنو,سبجنو|1398,سبجنو|1399,1398,1399,0,0.12838662706,deterministic_single_fit
smote_training_fold_only_robustness,main_rule_a_primary,M1_PRIMARY_FEATURE_ORDER,regularized_logistic_regression,logistic__C_0.1,fold2_validation,سبهان,سبهان|1397,سبهان|1398,1397,1398,0,0.142041715072,deterministic_single_fit
smote_training_fold_only_robustness,main_rule_a_primary,M1_PRIMARY_FEATURE_ORDER,regularized_logistic_regression,logistic__C_0.1,fold2_validation,سبهان,سبهان|1398,سبهان|1399,1398,1399,0,0.066400671445,deterministic_single_fit
smote_training_fold_only_robustness,main_rule_a_primary,M1_PRIMARY_FEATURE_ORDER,regularized_logistic_regression,logistic__C_0.1,fold2_validation,ستران,ستران|1397,ستران|1398,1397,1398,0,0.28139974307,deterministic_single_fit
smote_training_fold_only_robustness,main_rule_a_primary,M1_PRIMARY_FEATURE_ORDER,regularized_logistic_regression,logistic__C_0.1,fold2_validation,ستران,ستران|1398,ستران|1399,1398,1399,0,0.325785826767,deterministic_single_fit
smote_training_fold_only_robustness,main_rule_a_primary,M1_PRIMARY_FEATURE_ORDER,regularized_logistic_regression,logistic__C_0.1,fold2_validation,سخاش,سخاش|1397,سخاش|1398,1397,1398,0,0.148164188863,deterministic_single_fit
smote_training_fold_only_robustness,main_rule_a_primary,M1_PRIMARY_FEATURE_ORDER,regularized_logistic_regression,logistic__C_0.1,fold2_validation,سخاش,سخاش|1398,سخاش|1399,1398,1399,0,0.057949914142,deterministic_single_fit
smote_training_fold_only_robustness,main_rule_a_primary,M1_PRIMARY_FEATURE_ORDER,regularized_logistic_regression,logistic__C_0.1,fold2_validation,سخزر,سخزر|1397,سخزر|1398,1397,1398,0,0.191996545809,deterministic_single_fit
smote_training_fold_only_robustness,main_rule_a_primary,M1_PRIMARY_FEATURE_ORDER,regularized_logistic_regression,logistic__C_0.1,fold2_validation,سخزر,سخزر|1398,سخزر|1399,1398,1399,0,0.107415343736,deterministic_single_fit
smote_training_fold_only_robustness,main_rule_a_primary,M1_PRIMARY_FEATURE_ORDER,regularized_logistic_regression,logistic__C_0.1,fold2_validation,سخوز,سخوز|1397,سخوز|1398,1397,1398,0,0.202684897573,deterministic_single_fit
smote_training_fold_only_robustness,main_rule_a_primary,M1_PRIMARY_FEATURE_ORDER,regularized_logistic_regression,logistic__C_0.1,fold2_validation,سخوز,سخوز|1398,سخوز|1399,1398,1399,0,0.030780004901,deterministic_single_fit
smote_training_fold_only_robustness,main_rule_a_primary,M1_PRIMARY_FEATURE_ORDER,regularized_logistic_regression,logistic__C_0.1,fold2_validation,سدشت,سدشت|1397,سدشت|1398,1397,1398,0,0.240541311283,deterministic_single_fit
smote_training_fold_only_robustness,main_rule_a_primary,M1_PRIMARY_FEATURE_ORDER,regularized_logistic_regression,logistic__C_0.1,fold2_validation,سدشت,سدشت|1398,سدشت|1399,1398,1399,0,0.160604564697,deterministic_single_fit
smote_training_fold_only_robustness,main_rule_a_primary,M1_PRIMARY_FEATURE_ORDER,regularized_logistic_regression,logistic__C_0.1,fold2_validation,سدور,سدور|1397,سدور|1398,1397,1398,0,0.79321868784,deterministic_single_fit
smote_training_fold_only_robustness,main_rule_a_primary,M1_PRIMARY_FEATURE_ORDER,regularized_logistic_regression,logistic__C_0.1,fold2_validation,سدور,سدور|1398,سدور|1399,1398,1399,0,0.719861019953,deterministic_single_fit
smote_training_fold_only_robustness,main_rule_a_primary,M1_PRIMARY_FEATURE_ORDER,regularized_logistic_regression,logistic__C_0.1,fold2_validation,سرود,سرود|1397,سرود|1398,1397,1398,0,0.207492614656,deterministic_single_fit
smote_training_fold_only_robustness,main_rule_a_primary,M1_PRIMARY_FEATURE_ORDER,regularized_logistic_regression,logistic__C_0.1,fold2_validation,سرود,سرود|1398,سرود|1399,1398,1399,0,0.066148751183,deterministic_single_fit
smote_training_fold_only_robustness,main_rule_a_primary,M1_PRIMARY_FEATURE_ORDER,regularized_logistic_regression,logistic__C_0.1,fold2_validation,سشرق,سشرق|1397,سشرق|1398,1397,1398,0,0.636759281004,deterministic_single_fit
smote_training_fold_only_robustness,main_rule_a_primary,M1_PRIMARY_FEATURE_ORDER,regularized_logistic_regression,logistic__C_0.1,fold2_validation,سشرق,سشرق|1398,سشرق|1399,1398,1399,0,0.260596340307,deterministic_single_fit
smote_training_fold_only_robustness,main_rule_a_primary,M1_PRIMARY_FEATURE_ORDER,regularized_logistic_regression,logistic__C_0.1,fold2_validation,سصفها,سصفها|1397,سصفها|1398,1397,1398,0,0.355081988705,deterministic_single_fit
smote_training_fold_only_robustness,main_rule_a_primary,M1_PRIMARY_FEATURE_ORDER,regularized_logistic_regression,logistic__C_0.1,fold2_validation,سصفها,سصفها|1398,سصفها|1399,1398,1399,0,0.200569595689,deterministic_single_fit
smote_training_fold_only_robustness,main_rule_a_primary,M1_PRIMARY_FEATURE_ORDER,regularized_logistic_regression,logistic__C_0.1,fold2_validation,سغرب,سغرب|1397,سغرب|1398,1397,1398,0,0.109140841809,deterministic_single_fit
smote_training_fold_only_robustness,main_rule_a_primary,M1_PRIMARY_FEATURE_ORDER,regularized_logistic_regression,logistic__C_0.1,fold2_validation,سغرب,سغرب|1398,سغرب|1399,1398,1399,0,0.08452316755,deterministic_single_fit
smote_training_fold_only_robustness,main_rule_a_primary,M1_PRIMARY_FEATURE_ORDER,regularized_logistic_regression,logistic__C_0.1,fold2_validation,سقاین,سقاین|1397,سقاین|1398,1397,1398,0,0.338022600983,deterministic_single_fit
smote_training_fold_only_robustness,main_rule_a_primary,M1_PRIMARY_FEATURE_ORDER,regularized_logistic_regression,logistic__C_0.1,fold2_validation,سقاین,سقاین|1398,سقاین|1399,1398,1399,0,0.09518881306,deterministic_single_fit
smote_training_fold_only_robustness,main_rule_a_primary,M1_PRIMARY_FEATURE_ORDER,regularized_logistic_regression,logistic__C_0.1,fold2_validation,سمازن,سمازن|1397,سمازن|1398,1397,1398,0,0.203136166764,deterministic_single_fit
smote_training_fold_only_robustness,main_rule_a_primary,M1_PRIMARY_FEATURE_ORDER,regularized_logistic_regression,logistic__C_0.1,fold2_validation,سمازن,سمازن|1398,سمازن|1399,1398,1399,0,0.076094710106,deterministic_single_fit
smote_training_fold_only_robustness,main_rule_a_primary,M1_PRIMARY_FEATURE_ORDER,regularized_logistic_regression,logistic__C_0.1,fold2_validation,سنیر,سنیر|1397,سنیر|1398,1397,1398,0,0.231453268411,deterministic_single_fit
smote_training_fold_only_robustness,main_rule_a_primary,M1_PRIMARY_FEATURE_ORDER,regularized_logistic_regression,logistic__C_0.1,fold2_validation,سنیر,سنیر|1398,سنیر|1399,1398,1399,0,0.079584994992,deterministic_single_fit
smote_training_fold_only_robustness,main_rule_a_primary,M1_PRIMARY_FEATURE_ORDER,regularized_logistic_regression,logistic__C_0.1,fold2_validation,سهگمت,سهگمت|1397,سهگمت|1398,1397,1398,0,0.259688717811,deterministic_single_fit
smote_training_fold_only_robustness,main_rule_a_primary,M1_PRIMARY_FEATURE_ORDER,regularized_logistic_regression,logistic__C_0.1,fold2_validation,سهگمت,سهگمت|1398,سهگمت|1399,1398,1399,0,0.153439204409,deterministic_single_fit
smote_training_fold_only_robustness,main_rule_a_primary,M1_PRIMARY_FEATURE_ORDER,regularized_logistic_regression,logistic__C_0.1,fold2_validation,سپاها,سپاها|1397,سپاها|1398,1397,1398,0,0.296634241054,deterministic_single_fit
smote_training_fold_only_robustness,main_rule_a_primary,M1_PRIMARY_FEATURE_ORDER,regularized_logistic_regression,logistic__C_0.1,fold2_validation,سپاها,سپاها|1398,سپاها|1399,1398,1399,0,0.143024201388,deterministic_single_fit
smote_training_fold_only_robustness,main_rule_a_primary,M1_PRIMARY_FEATURE_ORDER,regularized_logistic_regression,logistic__C_0.1,fold2_validation,سکرد,سکرد|1397,سکرد|1398,1397,1398,0,0.97723358163,deterministic_single_fit
smote_training_fold_only_robustness,main_rule_a_primary,M1_PRIMARY_FEATURE_ORDER,regularized_logistic_regression,logistic__C_0.1,fold2_validation,سکرد,سکرد|1398,سکرد|1399,1398,1399,0,0.759517533374,deterministic_single_fit
smote_training_fold_only_robustness,main_rule_a_primary,M1_PRIMARY_FEATURE_ORDER,regularized_logistic_regression,logistic__C_0.1,fold2_validation,سیلام,سیلام|1397,سیلام|1398,1397,1398,1,0.985772164866,deterministic_single_fit
smote_training_fold_only_robustness,main_rule_a_primary,M1_PRIMARY_FEATURE_ORDER,regularized_logistic_regression,logistic__C_0.1,fold2_validation,سیلام,سیلام|1398,سیلام|1399,1398,1399,1,0.995519851961,deterministic_single_fit
smote_training_fold_only_robustness,main_rule_a_primary,M1_PRIMARY_FEATURE_ORDER,regularized_logistic_regression,logistic__C_0.1,fold2_validation,شاراک,شاراک|1397,شاراک|1398,1397,1398,0,0.017278679506,deterministic_single_fit
smote_training_fold_only_robustness,main_rule_a_primary,M1_PRIMARY_FEATURE_ORDER,regularized_logistic_regression,logistic__C_0.1,fold2_validation,شاراک,شاراک|1398,شاراک|1399,1398,1399,0,0.084427088977,deterministic_single_fit
smote_training_fold_only_robustness,main_rule_a_primary,M1_PRIMARY_FEATURE_ORDER,regularized_logistic_regression,logistic__C_0.1,fold2_validation,شبریز,شبریز|1397,شبریز|1398,1397,1398,0,0.016867090445,deterministic_single_fit
smote_training_fold_only_robustness,main_rule_a_primary,M1_PRIMARY_FEATURE_ORDER,regularized_logistic_regression,logistic__C_0.1,fold2_validation,شبریز,شبریز|1398,شبریز|1399,1398,1399,0,0.033732675339,deterministic_single_fit
smote_training_fold_only_robustness,main_rule_a_primary,M1_PRIMARY_FEATURE_ORDER,regularized_logistic_regression,logistic__C_0.1,fold2_validation,شبندر,شبندر|1397,شبندر|1398,1397,1398,0,0.017998333534,deterministic_single_fit
smote_training_fold_only_robustness,main_rule_a_primary,M1_PRIMARY_FEATURE_ORDER,regularized_logistic_regression,logistic__C_0.1,fold2_validation,شبندر,شبندر|1398,شبندر|1399,1398,1399,0,0.049278665321,deterministic_single_fit
smote_training_fold_only_robustness,main_rule_a_primary,M1_PRIMARY_FEATURE_ORDER,regularized_logistic_regression,logistic__C_0.1,fold2_validation,شدوص,شدوص|1397,شدوص|1398,1397,1398,0,0.147009213531,deterministic_single_fit
smote_training_fold_only_robustness,main_rule_a_primary,M1_PRIMARY_FEATURE_ORDER,regularized_logistic_regression,logistic__C_0.1,fold2_validation,شدوص,شدوص|1398,شدوص|1399,1398,1399,0,0.083455856675,deterministic_single_fit
smote_training_fold_only_robustness,main_rule_a_primary,M1_PRIMARY_FEATURE_ORDER,regularized_logistic_regression,logistic__C_0.1,fold2_validation,شفارس,شفارس|1397,شفارس|1398,1397,1398,0,0.297942058551,deterministic_single_fit
smote_training_fold_only_robustness,main_rule_a_primary,M1_PRIMARY_FEATURE_ORDER,regularized_logistic_regression,logistic__C_0.1,fold2_validation,شفارس,شفارس|1398,شفارس|1399,1398,1399,0,0.193399189291,deterministic_single_fit
smote_training_fold_only_robustness,main_rule_a_primary,M1_PRIMARY_FEATURE_ORDER,regularized_logistic_regression,logistic__C_0.1,fold2_validation,شلعاب,شلعاب|1397,شلعاب|1398,1397,1398,0,0.546237996961,deterministic_single_fit
smote_training_fold_only_robustness,main_rule_a_primary,M1_PRIMARY_FEATURE_ORDER,regularized_logistic_regression,logistic__C_0.1,fold2_validation,شلعاب,شلعاب|1398,شلعاب|1399,1398,1399,0,0.631372920221,deterministic_single_fit
smote_training_fold_only_robustness,main_rule_a_primary,M1_PRIMARY_FEATURE_ORDER,regularized_logistic_regression,logistic__C_0.1,fold2_validation,شپارس,شپارس|1397,شپارس|1398,1397,1398,0,0.47125466697,deterministic_single_fit
smote_training_fold_only_robustness,main_rule_a_primary,M1_PRIMARY_FEATURE_ORDER,regularized_logistic_regression,logistic__C_0.1,fold2_validation,شپارس,شپارس|1398,شپارس|1399,1398,1399,0,0.363167290638,deterministic_single_fit
smote_training_fold_only_robustness,main_rule_a_primary,M1_PRIMARY_FEATURE_ORDER,regularized_logistic_regression,logistic__C_0.1,fold2_validation,شپنا,شپنا|1397,شپنا|1398,1397,1398,0,0.011332073249,deterministic_single_fit
smote_training_fold_only_robustness,main_rule_a_primary,M1_PRIMARY_FEATURE_ORDER,regularized_logistic_regression,logistic__C_0.1,fold2_validation,شپنا,شپنا|1398,شپنا|1399,1398,1399,0,0.029917775681,deterministic_single_fit
smote_training_fold_only_robustness,main_rule_a_primary,M1_PRIMARY_FEATURE_ORDER,regularized_logistic_regression,logistic__C_0.1,fold2_validation,شکربن,شکربن|1397,شکربن|1398,1397,1398,0,0.109871069826,deterministic_single_fit
smote_training_fold_only_robustness,main_rule_a_primary,M1_PRIMARY_FEATURE_ORDER,regularized_logistic_regression,logistic__C_0.1,fold2_validation,شکربن,شکربن|1398,شکربن|1399,1398,1399,0,0.096994621912,deterministic_single_fit
smote_training_fold_only_robustness,main_rule_a_primary,M1_PRIMARY_FEATURE_ORDER,regularized_logistic_regression,logistic__C_0.1,fold2_validation,شکلر,شکلر|1398,شکلر|1399,1398,1399,0,0.039495660293,deterministic_single_fit
smote_training_fold_only_robustness,main_rule_a_primary,M1_PRIMARY_FEATURE_ORDER,regularized_logistic_regression,logistic__C_0.1,fold2_validation,شیران,شیران|1397,شیران|1398,1397,1398,0,0.024969428306,deterministic_single_fit
smote_training_fold_only_robustness,main_rule_a_primary,M1_PRIMARY_FEATURE_ORDER,regularized_logistic_regression,logistic__C_0.1,fold2_validation,شیران,شیران|1398,شیران|1399,1398,1399,0,0.030823133321,deterministic_single_fit
smote_training_fold_only_robustness,main_rule_a_primary,M1_PRIMARY_FEATURE_ORDER,regularized_logistic_regression,logistic__C_0.1,fold2_validation,غبهنوش,غبهنوش|1397,غبهنوش|1398,1397,1398,0,0.685037699209,deterministic_single_fit
smote_training_fold_only_robustness,main_rule_a_primary,M1_PRIMARY_FEATURE_ORDER,regularized_logistic_regression,logistic__C_0.1,fold2_validation,غبهنوش,غبهنوش|1398,غبهنوش|1399,1398,1399,0,0.770349480043,deterministic_single_fit
smote_training_fold_only_robustness,main_rule_a_primary,M1_PRIMARY_FEATURE_ORDER,regularized_logistic_regression,logistic__C_0.1,fold2_validation,غدام,غدام|1397,غدام|1398,1397,1398,0,0.090158125861,deterministic_single_fit
smote_training_fold_only_robustness,main_rule_a_primary,M1_PRIMARY_FEATURE_ORDER,regularized_logistic_regression,logistic__C_0.1,fold2_validation,غدام,غدام|1398,غدام|1399,1398,1399,0,0.179168513502,deterministic_single_fit
smote_training_fold_only_robustness,main_rule_a_primary,M1_PRIMARY_FEATURE_ORDER,regularized_logistic_regression,logistic__C_0.1,fold2_validation,غسالم,غسالم|1397,غسالم|1398,1397,1398,0,0.195528236135,deterministic_single_fit
smote_training_fold_only_robustness,main_rule_a_primary,M1_PRIMARY_FEATURE_ORDER,regularized_logistic_regression,logistic__C_0.1,fold2_validation,غسالم,غسالم|1398,غسالم|1399,1398,1399,0,0.076037332232,deterministic_single_fit
smote_training_fold_only_robustness,main_rule_a_primary,M1_PRIMARY_FEATURE_ORDER,regularized_logistic_regression,logistic__C_0.1,fold2_validation,غشان,غشان|1397,غشان|1398,1397,1398,0,0.336488019401,deterministic_single_fit
smote_training_fold_only_robustness,main_rule_a_primary,M1_PRIMARY_FEATURE_ORDER,regularized_logistic_regression,logistic__C_0.1,fold2_validation,غشان,غشان|1398,غشان|1399,1398,1399,0,0.341739942353,deterministic_single_fit
smote_training_fold_only_robustness,main_rule_a_primary,M1_PRIMARY_FEATURE_ORDER,regularized_logistic_regression,logistic__C_0.1,fold2_validation,غشهد,غشهد|1397,غشهد|1398,1397,1398,0,0.682094155575,deterministic_single_fit
smote_training_fold_only_robustness,main_rule_a_primary,M1_PRIMARY_FEATURE_ORDER,regularized_logistic_regression,logistic__C_0.1,fold2_validation,غشهد,غشهد|1398,غشهد|1399,1398,1399,0,0.056910307632,deterministic_single_fit
smote_training_fold_only_robustness,main_rule_a_primary,M1_PRIMARY_FEATURE_ORDER,regularized_logistic_regression,logistic__C_0.1,fold2_validation,غنوش,غنوش|1397,غنوش|1398,1397,1398,0,0.028439433737,deterministic_single_fit
smote_training_fold_only_robustness,main_rule_a_primary,M1_PRIMARY_FEATURE_ORDER,regularized_logistic_regression,logistic__C_0.1,fold2_validation,غنوش,غنوش|1398,غنوش|1399,1398,1399,0,0.116619137167,deterministic_single_fit
smote_training_fold_only_robustness,main_rule_a_primary,M1_PRIMARY_FEATURE_ORDER,regularized_logistic_regression,logistic__C_0.1,fold2_validation,غگل,غگل|1397,غگل|1398,1397,1398,0,0.279724630735,deterministic_single_fit
smote_training_fold_only_robustness,main_rule_a_primary,M1_PRIMARY_FEATURE_ORDER,regularized_logistic_regression,logistic__C_0.1,fold2_validation,غگل,غگل|1398,غگل|1399,1398,1399,0,0.089435816062,deterministic_single_fit
smote_training_fold_only_robustness,main_rule_a_primary,M1_PRIMARY_FEATURE_ORDER,regularized_logistic_regression,logistic__C_0.1,fold2_validation,فاذر,فاذر|1397,فاذر|1398,1397,1398,0,0.664335639396,deterministic_single_fit
smote_training_fold_only_robustness,main_rule_a_primary,M1_PRIMARY_FEATURE_ORDER,regularized_logistic_regression,logistic__C_0.1,fold2_validation,فاذر,فاذر|1398,فاذر|1399,1398,1399,1,0.646221842981,deterministic_single_fit
smote_training_fold_only_robustness,main_rule_a_primary,M1_PRIMARY_FEATURE_ORDER,regularized_logistic_regression,logistic__C_0.1,fold2_validation,فایرا,فایرا|1397,فایرا|1398,1397,1398,0,0.141112471365,deterministic_single_fit
smote_training_fold_only_robustness,main_rule_a_primary,M1_PRIMARY_FEATURE_ORDER,regularized_logistic_regression,logistic__C_0.1,fold2_validation,فایرا,فایرا|1398,فایرا|1399,1398,1399,0,0.229240549889,deterministic_single_fit
smote_training_fold_only_robustness,main_rule_a_primary,M1_PRIMARY_FEATURE_ORDER,regularized_logistic_regression,logistic__C_0.1,fold2_validation,فباهنر,فباهنر|1397,فباهنر|1398,1397,1398,0,0.262228601184,deterministic_single_fit
smote_training_fold_only_robustness,main_rule_a_primary,M1_PRIMARY_FEATURE_ORDER,regularized_logistic_regression,logistic__C_0.1,fold2_validation,فباهنر,فباهنر|1398,فباهنر|1399,1398,1399,0,0.203829970399,deterministic_single_fit
smote_training_fold_only_robustness,main_rule_a_primary,M1_PRIMARY_FEATURE_ORDER,regularized_logistic_regression,logistic__C_0.1,fold2_validation,فجام,فجام|1397,فجام|1398,1397,1398,0,0.063503109841,deterministic_single_fit
smote_training_fold_only_robustness,main_rule_a_primary,M1_PRIMARY_FEATURE_ORDER,regularized_logistic_regression,logistic__C_0.1,fold2_validation,فجام,فجام|1398,فجام|1399,1398,1399,0,0.042253383867,deterministic_single_fit
smote_training_fold_only_robustness,main_rule_a_primary,M1_PRIMARY_FEATURE_ORDER,regularized_logistic_regression,logistic__C_0.1,fold2_validation,فجر,فجر|1397,فجر|1398,1397,1398,0,0.029982751125,deterministic_single_fit
smote_training_fold_only_robustness,main_rule_a_primary,M1_PRIMARY_FEATURE_ORDER,regularized_logistic_regression,logistic__C_0.1,fold2_validation,فجر,فجر|1398,فجر|1399,1398,1399,0,0.15770766441,deterministic_single_fit
smote_training_fold_only_robustness,main_rule_a_primary,M1_PRIMARY_FEATURE_ORDER,regularized_logistic_regression,logistic__C_0.1,fold2_validation,فخوز,فخوز|1397,فخوز|1398,1397,1398,0,0.090483034461,deterministic_single_fit
smote_training_fold_only_robustness,main_rule_a_primary,M1_PRIMARY_FEATURE_ORDER,regularized_logistic_regression,logistic__C_0.1,fold2_validation,فخوز,فخوز|1398,فخوز|1399,1398,1399,0,0.061979630556,deterministic_single_fit
smote_training_fold_only_robustness,main_rule_a_primary,M1_PRIMARY_FEATURE_ORDER,regularized_logistic_regression,logistic__C_0.1,fold2_validation,فرآور,فرآور|1397,فرآور|1398,1397,1398,0,0.067567614059,deterministic_single_fit
smote_training_fold_only_robustness,main_rule_a_primary,M1_PRIMARY_FEATURE_ORDER,regularized_logistic_regression,logistic__C_0.1,fold2_validation,فرآور,فرآور|1398,فرآور|1399,1398,1399,0,0.208763420656,deterministic_single_fit
smote_training_fold_only_robustness,main_rule_a_primary,M1_PRIMARY_FEATURE_ORDER,regularized_logistic_regression,logistic__C_0.1,fold2_validation,فسرب,فسرب|1397,فسرب|1398,1397,1398,0,0.230399589292,deterministic_single_fit
smote_training_fold_only_robustness,main_rule_a_primary,M1_PRIMARY_FEATURE_ORDER,regularized_logistic_regression,logistic__C_0.1,fold2_validation,فسرب,فسرب|1398,فسرب|1399,1398,1399,0,0.327292651404,deterministic_single_fit
smote_training_fold_only_robustness,main_rule_a_primary,M1_PRIMARY_FEATURE_ORDER,regularized_logistic_regression,logistic__C_0.1,fold2_validation,فسپا,فسپا|1397,فسپا|1398,1397,1398,0,0.05982145482,deterministic_single_fit
smote_training_fold_only_robustness,main_rule_a_primary,M1_PRIMARY_FEATURE_ORDER,regularized_logistic_regression,logistic__C_0.1,fold2_validation,فسپا,فسپا|1398,فسپا|1399,1398,1399,0,0.249716645453,deterministic_single_fit
smote_training_fold_only_robustness,main_rule_a_primary,M1_PRIMARY_FEATURE_ORDER,regularized_logistic_regression,logistic__C_0.1,fold2_validation,فمراد,فمراد|1397,فمراد|1398,1397,1398,1,0.886021099532,deterministic_single_fit
smote_training_fold_only_robustness,main_rule_a_primary,M1_PRIMARY_FEATURE_ORDER,regularized_logistic_regression,logistic__C_0.1,fold2_validation,فمراد,فمراد|1398,فمراد|1399,1398,1399,0,0.875317525402,deterministic_single_fit
smote_training_fold_only_robustness,main_rule_a_primary,M1_PRIMARY_FEATURE_ORDER,regularized_logistic_regression,logistic__C_0.1,fold2_validation,فملی,فملی|1397,فملی|1398,1397,1398,0,0.043848757005,deterministic_single_fit
smote_training_fold_only_robustness,main_rule_a_primary,M1_PRIMARY_FEATURE_ORDER,regularized_logistic_regression,logistic__C_0.1,fold2_validation,فملی,فملی|1398,فملی|1399,1398,1399,0,0.023939437104,deterministic_single_fit
smote_training_fold_only_robustness,main_rule_a_primary,M1_PRIMARY_FEATURE_ORDER,regularized_logistic_regression,logistic__C_0.1,fold2_validation,فنورد,فنورد|1397,فنورد|1398,1397,1398,0,0.511940810299,deterministic_single_fit
smote_training_fold_only_robustness,main_rule_a_primary,M1_PRIMARY_FEATURE_ORDER,regularized_logistic_regression,logistic__C_0.1,fold2_validation,فنورد,فنورد|1398,فنورد|1399,1398,1399,0,0.132411901572,deterministic_single_fit
smote_training_fold_only_robustness,main_rule_a_primary,M1_PRIMARY_FEATURE_ORDER,regularized_logistic_regression,logistic__C_0.1,fold2_validation,فولاژ,فولاژ|1397,فولاژ|1398,1397,1398,0,0.124657162976,deterministic_single_fit
smote_training_fold_only_robustness,main_rule_a_primary,M1_PRIMARY_FEATURE_ORDER,regularized_logistic_regression,logistic__C_0.1,fold2_validation,فولاژ,فولاژ|1398,فولاژ|1399,1398,1399,0,0.06759062037,deterministic_single_fit
smote_training_fold_only_robustness,main_rule_a_primary,M1_PRIMARY_FEATURE_ORDER,regularized_logistic_regression,logistic__C_0.1,fold2_validation,فپنتا,فپنتا|1397,فپنتا|1398,1397,1398,0,0.039137975005,deterministic_single_fit
smote_training_fold_only_robustness,main_rule_a_primary,M1_PRIMARY_FEATURE_ORDER,regularized_logistic_regression,logistic__C_0.1,fold2_validation,فپنتا,فپنتا|1398,فپنتا|1399,1398,1399,0,0.051590232356,deterministic_single_fit
smote_training_fold_only_robustness,main_rule_a_primary,M1_PRIMARY_FEATURE_ORDER,regularized_logistic_regression,logistic__C_0.1,fold2_validation,لابسا,لابسا|1397,لابسا|1398,1397,1398,0,0.163354289918,deterministic_single_fit
smote_training_fold_only_robustness,main_rule_a_primary,M1_PRIMARY_FEATURE_ORDER,regularized_logistic_regression,logistic__C_0.1,fold2_validation,لابسا,لابسا|1398,لابسا|1399,1398,1399,0,0.374462624782,deterministic_single_fit
smote_training_fold_only_robustness,main_rule_a_primary,M1_PRIMARY_FEATURE_ORDER,regularized_logistic_regression,logistic__C_0.1,fold2_validation,لبوتان,لبوتان|1397,لبوتان|1398,1397,1398,1,0.294889258055,deterministic_single_fit
smote_training_fold_only_robustness,main_rule_a_primary,M1_PRIMARY_FEATURE_ORDER,regularized_logistic_regression,logistic__C_0.1,fold2_validation,لبوتان,لبوتان|1398,لبوتان|1399,1398,1399,1,0.624167636262,deterministic_single_fit
smote_training_fold_only_robustness,main_rule_a_primary,M1_PRIMARY_FEATURE_ORDER,regularized_logistic_regression,logistic__C_0.1,fold2_validation,لخزر,لخزر|1397,لخزر|1398,1397,1398,0,0.30291860296,deterministic_single_fit
smote_training_fold_only_robustness,main_rule_a_primary,M1_PRIMARY_FEATURE_ORDER,regularized_logistic_regression,logistic__C_0.1,fold2_validation,لخزر,لخزر|1398,لخزر|1399,1398,1399,0,0.323837818137,deterministic_single_fit
smote_training_fold_only_robustness,main_rule_a_primary,M1_PRIMARY_FEATURE_ORDER,regularized_logistic_regression,logistic__C_0.1,fold2_validation,لسرما,لسرما|1397,لسرما|1398,1397,1398,0,0.420146013685,deterministic_single_fit
smote_training_fold_only_robustness,main_rule_a_primary,M1_PRIMARY_FEATURE_ORDER,regularized_logistic_regression,logistic__C_0.1,fold2_validation,لسرما,لسرما|1398,لسرما|1399,1398,1399,0,0.154662719749,deterministic_single_fit
smote_training_fold_only_robustness,main_rule_a_primary,M1_PRIMARY_FEATURE_ORDER,regularized_logistic_regression,logistic__C_0.1,fold2_validation,نوری,نوری|1398,نوری|1399,1398,1399,0,0.096508756635,deterministic_single_fit
smote_training_fold_only_robustness,main_rule_a_primary,M1_PRIMARY_FEATURE_ORDER,regularized_logistic_regression,logistic__C_0.1,fold2_validation,های وب,های وب|1397,های وب|1398,1397,1398,0,0.226926936881,deterministic_single_fit
smote_training_fold_only_robustness,main_rule_a_primary,M1_PRIMARY_FEATURE_ORDER,regularized_logistic_regression,logistic__C_0.1,fold2_validation,های وب,های وب|1398,های وب|1399,1398,1399,0,0.164957409744,deterministic_single_fit
smote_training_fold_only_robustness,main_rule_a_primary,M1_PRIMARY_FEATURE_ORDER,regularized_logistic_regression,logistic__C_0.1,fold2_validation,همراه,همراه|1397,همراه|1398,1397,1398,0,0.233285328506,deterministic_single_fit
smote_training_fold_only_robustness,main_rule_a_primary,M1_PRIMARY_FEATURE_ORDER,regularized_logistic_regression,logistic__C_0.1,fold2_validation,همراه,همراه|1398,همراه|1399,1398,1399,0,0.152546120143,deterministic_single_fit
smote_training_fold_only_robustness,main_rule_a_primary,M1_PRIMARY_FEATURE_ORDER,regularized_logistic_regression,logistic__C_0.1,fold2_validation,پارس,پارس|1397,پارس|1398,1397,1398,0,0.023203165597,deterministic_single_fit
smote_training_fold_only_robustness,main_rule_a_primary,M1_PRIMARY_FEATURE_ORDER,regularized_logistic_regression,logistic__C_0.1,fold2_validation,پارس,پارس|1398,پارس|1399,1398,1399,0,0.006922260292,deterministic_single_fit
smote_training_fold_only_robustness,main_rule_a_primary,M1_PRIMARY_FEATURE_ORDER,regularized_logistic_regression,logistic__C_0.1,fold2_validation,پدرخش,پدرخش|1397,پدرخش|1398,1397,1398,0,0.03546036742,deterministic_single_fit
smote_training_fold_only_robustness,main_rule_a_primary,M1_PRIMARY_FEATURE_ORDER,regularized_logistic_regression,logistic__C_0.1,fold2_validation,پدرخش,پدرخش|1398,پدرخش|1399,1398,1399,0,0.151852225608,deterministic_single_fit
smote_training_fold_only_robustness,main_rule_a_primary,M1_PRIMARY_FEATURE_ORDER,regularized_logistic_regression,logistic__C_0.1,fold2_validation,پرداخت,پرداخت|1397,پرداخت|1398,1397,1398,0,0.059612296046,deterministic_single_fit
smote_training_fold_only_robustness,main_rule_a_primary,M1_PRIMARY_FEATURE_ORDER,regularized_logistic_regression,logistic__C_0.1,fold2_validation,پرداخت,پرداخت|1398,پرداخت|1399,1398,1399,0,0.044056020159,deterministic_single_fit
smote_training_fold_only_robustness,main_rule_a_primary,M1_PRIMARY_FEATURE_ORDER,regularized_logistic_regression,logistic__C_0.1,fold2_validation,پسهند,پسهند|1397,پسهند|1398,1397,1398,0,0.196310077758,deterministic_single_fit
smote_training_fold_only_robustness,main_rule_a_primary,M1_PRIMARY_FEATURE_ORDER,regularized_logistic_regression,logistic__C_0.1,fold2_validation,پسهند,پسهند|1398,پسهند|1399,1398,1399,0,0.02850859519,deterministic_single_fit
smote_training_fold_only_robustness,main_rule_a_primary,M1_PRIMARY_FEATURE_ORDER,regularized_logistic_regression,logistic__C_0.1,fold2_validation,پلاسک,پلاسک|1397,پلاسک|1398,1397,1398,0,0.79870445162,deterministic_single_fit
smote_training_fold_only_robustness,main_rule_a_primary,M1_PRIMARY_FEATURE_ORDER,regularized_logistic_regression,logistic__C_0.1,fold2_validation,پلاسک,پلاسک|1398,پلاسک|1399,1398,1399,0,0.843298255556,deterministic_single_fit
smote_training_fold_only_robustness,main_rule_a_primary,M1_PRIMARY_FEATURE_ORDER,regularized_logistic_regression,logistic__C_0.1,fold2_validation,چافست,چافست|1397,چافست|1398,1397,1398,0,0.315087708368,deterministic_single_fit
smote_training_fold_only_robustness,main_rule_a_primary,M1_PRIMARY_FEATURE_ORDER,regularized_logistic_regression,logistic__C_0.1,fold2_validation,چافست,چافست|1398,چافست|1399,1398,1399,0,0.146901339079,deterministic_single_fit
smote_training_fold_only_robustness,main_rule_a_primary,M1_PRIMARY_FEATURE_ORDER,regularized_logistic_regression,logistic__C_0.1,fold2_validation,چکارن,چکارن|1397,چکارن|1398,1397,1398,0,0.367998570732,deterministic_single_fit
smote_training_fold_only_robustness,main_rule_a_primary,M1_PRIMARY_FEATURE_ORDER,regularized_logistic_regression,logistic__C_0.1,fold2_validation,چکارن,چکارن|1398,چکارن|1399,1398,1399,0,0.115937582216,deterministic_single_fit
smote_training_fold_only_robustness,main_rule_a_primary,M1_PRIMARY_FEATURE_ORDER,regularized_logistic_regression,logistic__C_0.1,fold2_validation,کاوه,کاوه|1397,کاوه|1398,1397,1398,0,0.283859387174,deterministic_single_fit
smote_training_fold_only_robustness,main_rule_a_primary,M1_PRIMARY_FEATURE_ORDER,regularized_logistic_regression,logistic__C_0.1,fold2_validation,کاوه,کاوه|1398,کاوه|1399,1398,1399,0,0.215695591,deterministic_single_fit
smote_training_fold_only_robustness,main_rule_a_primary,M1_PRIMARY_FEATURE_ORDER,regularized_logistic_regression,logistic__C_0.1,fold2_validation,کبافق,کبافق|1397,کبافق|1398,1397,1398,0,0.035015081223,deterministic_single_fit
smote_training_fold_only_robustness,main_rule_a_primary,M1_PRIMARY_FEATURE_ORDER,regularized_logistic_regression,logistic__C_0.1,fold2_validation,کبافق,کبافق|1398,کبافق|1399,1398,1399,0,0.138508002547,deterministic_single_fit
smote_training_fold_only_robustness,main_rule_a_primary,M1_PRIMARY_FEATURE_ORDER,regularized_logistic_regression,logistic__C_0.1,fold2_validation,کرازی,کرازی|1397,کرازی|1398,1397,1398,0,0.066449567512,deterministic_single_fit
smote_training_fold_only_robustness,main_rule_a_primary,M1_PRIMARY_FEATURE_ORDER,regularized_logistic_regression,logistic__C_0.1,fold2_validation,کرازی,کرازی|1398,کرازی|1399,1398,1399,0,0.047369284405,deterministic_single_fit
smote_training_fold_only_robustness,main_rule_a_primary,M1_PRIMARY_FEATURE_ORDER,regularized_logistic_regression,logistic__C_0.1,fold2_validation,کفرا,کفرا|1397,کفرا|1398,1397,1398,0,0.034030918218,deterministic_single_fit
smote_training_fold_only_robustness,main_rule_a_primary,M1_PRIMARY_FEATURE_ORDER,regularized_logistic_regression,logistic__C_0.1,fold2_validation,کفرا,کفرا|1398,کفرا|1399,1398,1399,0,0.162704256732,deterministic_single_fit
smote_training_fold_only_robustness,main_rule_a_primary,M1_PRIMARY_FEATURE_ORDER,regularized_logistic_regression,logistic__C_0.1,fold2_validation,کفپارس,کفپارس|1397,کفپارس|1398,1397,1398,0,0.61016476519,deterministic_single_fit
smote_training_fold_only_robustness,main_rule_a_primary,M1_PRIMARY_FEATURE_ORDER,regularized_logistic_regression,logistic__C_0.1,fold2_validation,کفپارس,کفپارس|1398,کفپارس|1399,1398,1399,0,0.92922818444,deterministic_single_fit
smote_training_fold_only_robustness,main_rule_a_primary,M1_PRIMARY_FEATURE_ORDER,regularized_logistic_regression,logistic__C_0.1,fold2_validation,کهمدا,کهمدا|1397,کهمدا|1398,1397,1398,0,0.0591128046,deterministic_single_fit
smote_training_fold_only_robustness,main_rule_a_primary,M1_PRIMARY_FEATURE_ORDER,regularized_logistic_regression,logistic__C_0.1,fold2_validation,کهمدا,کهمدا|1398,کهمدا|1399,1398,1399,0,0.245024689975,deterministic_single_fit
smote_training_fold_only_robustness,main_rule_a_primary,M1_PRIMARY_FEATURE_ORDER,regularized_logistic_regression,logistic__C_0.1,fold2_validation,کویر,کویر|1398,کویر|1399,1398,1399,0,0.191668980227,deterministic_single_fit
smote_training_fold_only_robustness,main_rule_a_primary,M1_PRIMARY_FEATURE_ORDER,regularized_logistic_regression,logistic__C_0.1,fold2_validation,کگاز,کگاز|1397,کگاز|1398,1397,1398,0,0.111293957169,deterministic_single_fit
smote_training_fold_only_robustness,main_rule_a_primary,M1_PRIMARY_FEATURE_ORDER,regularized_logistic_regression,logistic__C_0.1,fold2_validation,کگاز,کگاز|1398,کگاز|1399,1398,1399,0,0.259806093372,deterministic_single_fit
smote_training_fold_only_robustness,main_rule_a_primary,M1_PRIMARY_FEATURE_ORDER,regularized_logistic_regression,logistic__C_0.1,fold2_validation,کگل,کگل|1397,کگل|1398,1397,1398,0,0.053446780106,deterministic_single_fit
smote_training_fold_only_robustness,main_rule_a_primary,M1_PRIMARY_FEATURE_ORDER,regularized_logistic_regression,logistic__C_0.1,fold2_validation,کگل,کگل|1398,کگل|1399,1398,1399,0,0.077101350129,deterministic_single_fit
smote_training_fold_only_robustness,main_rule_a_primary,M1_PRIMARY_FEATURE_ORDER,random_forest,rf__depth_3__maxfeat_'sqrt'__leaf_10,fold1_validation,بالبر,بالبر|1395,بالبر|1396,1395,1396,1,0.758802863904,mean_of_5_fixed_seeds
smote_training_fold_only_robustness,main_rule_a_primary,M1_PRIMARY_FEATURE_ORDER,random_forest,rf__depth_3__maxfeat_'sqrt'__leaf_10,fold1_validation,بالبر,بالبر|1396,بالبر|1397,1396,1397,1,0.709988712357,mean_of_5_fixed_seeds
smote_training_fold_only_robustness,main_rule_a_primary,M1_PRIMARY_FEATURE_ORDER,random_forest,rf__depth_3__maxfeat_'sqrt'__leaf_10,fold1_validation,بترانس,بترانس|1395,بترانس|1396,1395,1396,0,0.42133157333,mean_of_5_fixed_seeds
smote_training_fold_only_robustness,main_rule_a_primary,M1_PRIMARY_FEATURE_ORDER,random_forest,rf__depth_3__maxfeat_'sqrt'__leaf_10,fold1_validation,بترانس,بترانس|1396,بترانس|1397,1396,1397,0,0.313370537172,mean_of_5_fixed_seeds
smote_training_fold_only_robustness,main_rule_a_primary,M1_PRIMARY_FEATURE_ORDER,random_forest,rf__depth_3__maxfeat_'sqrt'__leaf_10,fold1_validation,بموتو,بموتو|1395,بموتو|1396,1395,1396,0,0.208692058612,mean_of_5_fixed_seeds
smote_training_fold_only_robustness,main_rule_a_primary,M1_PRIMARY_FEATURE_ORDER,random_forest,rf__depth_3__maxfeat_'sqrt'__leaf_10,fold1_validation,بموتو,بموتو|1396,بموتو|1397,1396,1397,1,0.148567626544,mean_of_5_fixed_seeds
smote_training_fold_only_robustness,main_rule_a_primary,M1_PRIMARY_FEATURE_ORDER,random_forest,rf__depth_3__maxfeat_'sqrt'__leaf_10,fold1_validation,بکاب,بکاب|1395,بکاب|1396,1395,1396,0,0.243822679415,mean_of_5_fixed_seeds
smote_training_fold_only_robustness,main_rule_a_primary,M1_PRIMARY_FEATURE_ORDER,random_forest,rf__depth_3__maxfeat_'sqrt'__leaf_10,fold1_validation,بکاب,بکاب|1396,بکاب|1397,1396,1397,0,0.236872145149,mean_of_5_fixed_seeds
smote_training_fold_only_robustness,main_rule_a_primary,M1_PRIMARY_FEATURE_ORDER,random_forest,rf__depth_3__maxfeat_'sqrt'__leaf_10,fold1_validation,بکام,بکام|1395,بکام|1396,1395,1396,0,0.35425267282,mean_of_5_fixed_seeds
smote_training_fold_only_robustness,main_rule_a_primary,M1_PRIMARY_FEATURE_ORDER,random_forest,rf__depth_3__maxfeat_'sqrt'__leaf_10,fold1_validation,بکام,بکام|1396,بکام|1397,1396,1397,0,0.722853700176,mean_of_5_fixed_seeds
smote_training_fold_only_robustness,main_rule_a_primary,M1_PRIMARY_FEATURE_ORDER,random_forest,rf__depth_3__maxfeat_'sqrt'__leaf_10,fold1_validation,تپمپی,تپمپی|1395,تپمپی|1396,1395,1396,0,0.186458320214,mean_of_5_fixed_seeds
smote_training_fold_only_robustness,main_rule_a_primary,M1_PRIMARY_FEATURE_ORDER,random_forest,rf__depth_3__maxfeat_'sqrt'__leaf_10,fold1_validation,تپمپی,تپمپی|1396,تپمپی|1397,1396,1397,0,0.212282377572,mean_of_5_fixed_seeds
smote_training_fold_only_robustness,main_rule_a_primary,M1_PRIMARY_FEATURE_ORDER,random_forest,rf__depth_3__maxfeat_'sqrt'__leaf_10,fold1_validation,تکمبا,تکمبا|1395,تکمبا|1396,1395,1396,0,0.598502026858,mean_of_5_fixed_seeds
smote_training_fold_only_robustness,main_rule_a_primary,M1_PRIMARY_FEATURE_ORDER,random_forest,rf__depth_3__maxfeat_'sqrt'__leaf_10,fold1_validation,تکمبا,تکمبا|1396,تکمبا|1397,1396,1397,0,0.607731820825,mean_of_5_fixed_seeds
smote_training_fold_only_robustness,main_rule_a_primary,M1_PRIMARY_FEATURE_ORDER,random_forest,rf__depth_3__maxfeat_'sqrt'__leaf_10,fold1_validation,ثشرق,ثشرق|1395,ثشرق|1396,1395,1396,0,0.217754510334,mean_of_5_fixed_seeds
smote_training_fold_only_robustness,main_rule_a_primary,M1_PRIMARY_FEATURE_ORDER,random_forest,rf__depth_3__maxfeat_'sqrt'__leaf_10,fold1_validation,ثشرق,ثشرق|1396,ثشرق|1397,1396,1397,0,0.614216383268,mean_of_5_fixed_seeds
smote_training_fold_only_robustness,main_rule_a_primary,M1_PRIMARY_FEATURE_ORDER,random_forest,rf__depth_3__maxfeat_'sqrt'__leaf_10,fold1_validation,ثنوسا,ثنوسا|1395,ثنوسا|1396,1395,1396,1,0.737470529261,mean_of_5_fixed_seeds
smote_training_fold_only_robustness,main_rule_a_primary,M1_PRIMARY_FEATURE_ORDER,random_forest,rf__depth_3__maxfeat_'sqrt'__leaf_10,fold1_validation,ثنوسا,ثنوسا|1396,ثنوسا|1397,1396,1397,1,0.78588142829,mean_of_5_fixed_seeds
smote_training_fold_only_robustness,main_rule_a_primary,M1_PRIMARY_FEATURE_ORDER,random_forest,rf__depth_3__maxfeat_'sqrt'__leaf_10,fold1_validation,جم,جم|1395,جم|1396,1395,1396,0,0.053124389201,mean_of_5_fixed_seeds
smote_training_fold_only_robustness,main_rule_a_primary,M1_PRIMARY_FEATURE_ORDER,random_forest,rf__depth_3__maxfeat_'sqrt'__leaf_10,fold1_validation,جم,جم|1396,جم|1397,1396,1397,0,0.052366323879,mean_of_5_fixed_seeds
smote_training_fold_only_robustness,main_rule_a_primary,M1_PRIMARY_FEATURE_ORDER,random_forest,rf__depth_3__maxfeat_'sqrt'__leaf_10,fold1_validation,حپترو,حپترو|1395,حپترو|1396,1395,1396,0,0.349121024613,mean_of_5_fixed_seeds
smote_training_fold_only_robustness,main_rule_a_primary,M1_PRIMARY_FEATURE_ORDER,random_forest,rf__depth_3__maxfeat_'sqrt'__leaf_10,fold1_validation,حپترو,حپترو|1396,حپترو|1397,1396,1397,0,0.341435127743,mean_of_5_fixed_seeds
smote_training_fold_only_robustness,main_rule_a_primary,M1_PRIMARY_FEATURE_ORDER,random_forest,rf__depth_3__maxfeat_'sqrt'__leaf_10,fold1_validation,حکشتی,حکشتی|1395,حکشتی|1396,1395,1396,0,0.287355368348,mean_of_5_fixed_seeds
smote_training_fold_only_robustness,main_rule_a_primary,M1_PRIMARY_FEATURE_ORDER,random_forest,rf__depth_3__maxfeat_'sqrt'__leaf_10,fold1_validation,حکشتی,حکشتی|1396,حکشتی|1397,1396,1397,0,0.305893755631,mean_of_5_fixed_seeds
smote_training_fold_only_robustness,main_rule_a_primary,M1_PRIMARY_FEATURE_ORDER,random_forest,rf__depth_3__maxfeat_'sqrt'__leaf_10,fold1_validation,خاذین,خاذین|1395,خاذین|1396,1395,1396,0,0.621131386608,mean_of_5_fixed_seeds
smote_training_fold_only_robustness,main_rule_a_primary,M1_PRIMARY_FEATURE_ORDER,random_forest,rf__depth_3__maxfeat_'sqrt'__leaf_10,fold1_validation,خاذین,خاذین|1396,خاذین|1397,1396,1397,0,0.616318975434,mean_of_5_fixed_seeds
smote_training_fold_only_robustness,main_rule_a_primary,M1_PRIMARY_FEATURE_ORDER,random_forest,rf__depth_3__maxfeat_'sqrt'__leaf_10,fold1_validation,خبهمن,خبهمن|1395,خبهمن|1396,1395,1396,0,0.681691918929,mean_of_5_fixed_seeds
smote_training_fold_only_robustness,main_rule_a_primary,M1_PRIMARY_FEATURE_ORDER,random_forest,rf__depth_3__maxfeat_'sqrt'__leaf_10,fold1_validation,خبهمن,خبهمن|1396,خبهمن|1397,1396,1397,0,0.604425853245,mean_of_5_fixed_seeds
smote_training_fold_only_robustness,main_rule_a_primary,M1_PRIMARY_FEATURE_ORDER,random_forest,rf__depth_3__maxfeat_'sqrt'__leaf_10,fold1_validation,ختوقا,ختوقا|1395,ختوقا|1396,1395,1396,1,0.708320105067,mean_of_5_fixed_seeds
smote_training_fold_only_robustness,main_rule_a_primary,M1_PRIMARY_FEATURE_ORDER,random_forest,rf__depth_3__maxfeat_'sqrt'__leaf_10,fold1_validation,ختوقا,ختوقا|1396,ختوقا|1397,1396,1397,1,0.610610242126,mean_of_5_fixed_seeds
smote_training_fold_only_robustness,main_rule_a_primary,M1_PRIMARY_FEATURE_ORDER,random_forest,rf__depth_3__maxfeat_'sqrt'__leaf_10,fold1_validation,خرینگ,خرینگ|1395,خرینگ|1396,1395,1396,0,0.788211050088,mean_of_5_fixed_seeds
smote_training_fold_only_robustness,main_rule_a_primary,M1_PRIMARY_FEATURE_ORDER,random_forest,rf__depth_3__maxfeat_'sqrt'__leaf_10,fold1_validation,خرینگ,خرینگ|1396,خرینگ|1397,1396,1397,0,0.77209084437,mean_of_5_fixed_seeds
smote_training_fold_only_robustness,main_rule_a_primary,M1_PRIMARY_FEATURE_ORDER,random_forest,rf__depth_3__maxfeat_'sqrt'__leaf_10,fold1_validation,خمحور,خمحور|1395,خمحور|1396,1395,1396,0,0.628908976724,mean_of_5_fixed_seeds
smote_training_fold_only_robustness,main_rule_a_primary,M1_PRIMARY_FEATURE_ORDER,random_forest,rf__depth_3__maxfeat_'sqrt'__leaf_10,fold1_validation,خمحور,خمحور|1396,خمحور|1397,1396,1397,0,0.482209580412,mean_of_5_fixed_seeds
smote_training_fold_only_robustness,main_rule_a_primary,M1_PRIMARY_FEATURE_ORDER,random_forest,rf__depth_3__maxfeat_'sqrt'__leaf_10,fold1_validation,خمهر,خمهر|1395,خمهر|1396,1395,1396,1,0.701025312675,mean_of_5_fixed_seeds
smote_training_fold_only_robustness,main_rule_a_primary,M1_PRIMARY_FEATURE_ORDER,random_forest,rf__depth_3__maxfeat_'sqrt'__leaf_10,fold1_validation,خمهر,خمهر|1396,خمهر|1397,1396,1397,0,0.693629642811,mean_of_5_fixed_seeds
smote_training_fold_only_robustness,main_rule_a_primary,M1_PRIMARY_FEATURE_ORDER,random_forest,rf__depth_3__maxfeat_'sqrt'__leaf_10,fold1_validation,خنصیر,خنصیر|1395,خنصیر|1396,1395,1396,1,0.654705180426,mean_of_5_fixed_seeds
smote_training_fold_only_robustness,main_rule_a_primary,M1_PRIMARY_FEATURE_ORDER,random_forest,rf__depth_3__maxfeat_'sqrt'__leaf_10,fold1_validation,خنصیر,خنصیر|1396,خنصیر|1397,1396,1397,1,0.68809534463,mean_of_5_fixed_seeds
smote_training_fold_only_robustness,main_rule_a_primary,M1_PRIMARY_FEATURE_ORDER,random_forest,rf__depth_3__maxfeat_'sqrt'__leaf_10,fold1_validation,خوساز,خوساز|1395,خوساز|1396,1395,1396,1,0.752981715542,mean_of_5_fixed_seeds
smote_training_fold_only_robustness,main_rule_a_primary,M1_PRIMARY_FEATURE_ORDER,random_forest,rf__depth_3__maxfeat_'sqrt'__leaf_10,fold1_validation,خوساز,خوساز|1396,خوساز|1397,1396,1397,0,0.683424428238,mean_of_5_fixed_seeds
smote_training_fold_only_robustness,main_rule_a_primary,M1_PRIMARY_FEATURE_ORDER,random_forest,rf__depth_3__maxfeat_'sqrt'__leaf_10,fold1_validation,خچرخش,خچرخش|1395,خچرخش|1396,1395,1396,0,0.24290829734,mean_of_5_fixed_seeds
smote_training_fold_only_robustness,main_rule_a_primary,M1_PRIMARY_FEATURE_ORDER,random_forest,rf__depth_3__maxfeat_'sqrt'__leaf_10,fold1_validation,خچرخش,خچرخش|1396,خچرخش|1397,1396,1397,0,0.215617192642,mean_of_5_fixed_seeds
smote_training_fold_only_robustness,main_rule_a_primary,M1_PRIMARY_FEATURE_ORDER,random_forest,rf__depth_3__maxfeat_'sqrt'__leaf_10,fold1_validation,خکمک,خکمک|1395,خکمک|1396,1395,1396,0,0.72740652093,mean_of_5_fixed_seeds
smote_training_fold_only_robustness,main_rule_a_primary,M1_PRIMARY_FEATURE_ORDER,random_forest,rf__depth_3__maxfeat_'sqrt'__leaf_10,fold1_validation,خکمک,خکمک|1396,خکمک|1397,1396,1397,0,0.736222507562,mean_of_5_fixed_seeds
smote_training_fold_only_robustness,main_rule_a_primary,M1_PRIMARY_FEATURE_ORDER,random_forest,rf__depth_3__maxfeat_'sqrt'__leaf_10,fold1_validation,ددام,ددام|1395,ددام|1396,1395,1396,1,0.736040848165,mean_of_5_fixed_seeds
smote_training_fold_only_robustness,main_rule_a_primary,M1_PRIMARY_FEATURE_ORDER,random_forest,rf__depth_3__maxfeat_'sqrt'__leaf_10,fold1_validation,ددام,ددام|1396,ددام|1397,1396,1397,0,0.717526580145,mean_of_5_fixed_seeds
smote_training_fold_only_robustness,main_rule_a_primary,M1_PRIMARY_FEATURE_ORDER,random_forest,rf__depth_3__maxfeat_'sqrt'__leaf_10,fold1_validation,دروز,دروز|1395,دروز|1396,1395,1396,0,0.611897505834,mean_of_5_fixed_seeds
smote_training_fold_only_robustness,main_rule_a_primary,M1_PRIMARY_FEATURE_ORDER,random_forest,rf__depth_3__maxfeat_'sqrt'__leaf_10,fold1_validation,دروز,دروز|1396,دروز|1397,1396,1397,0,0.463010957989,mean_of_5_fixed_seeds
smote_training_fold_only_robustness,main_rule_a_primary,M1_PRIMARY_FEATURE_ORDER,random_forest,rf__depth_3__maxfeat_'sqrt'__leaf_10,fold1_validation,دسبحا,دسبحا|1395,دسبحا|1396,1395,1396,0,0.142587488843,mean_of_5_fixed_seeds
smote_training_fold_only_robustness,main_rule_a_primary,M1_PRIMARY_FEATURE_ORDER,random_forest,rf__depth_3__maxfeat_'sqrt'__leaf_10,fold1_validation,دسبحا,دسبحا|1396,دسبحا|1397,1396,1397,0,0.152183468903,mean_of_5_fixed_seeds
smote_training_fold_only_robustness,main_rule_a_primary,M1_PRIMARY_FEATURE_ORDER,random_forest,rf__depth_3__maxfeat_'sqrt'__leaf_10,fold1_validation,دسینا,دسینا|1395,دسینا|1396,1395,1396,0,0.082875420133,mean_of_5_fixed_seeds
smote_training_fold_only_robustness,main_rule_a_primary,M1_PRIMARY_FEATURE_ORDER,random_forest,rf__depth_3__maxfeat_'sqrt'__leaf_10,fold1_validation,دسینا,دسینا|1396,دسینا|1397,1396,1397,0,0.112708986355,mean_of_5_fixed_seeds
smote_training_fold_only_robustness,main_rule_a_primary,M1_PRIMARY_FEATURE_ORDER,random_forest,rf__depth_3__maxfeat_'sqrt'__leaf_10,fold1_validation,دشیمی,دشیمی|1395,دشیمی|1396,1395,1396,0,0.317392148737,mean_of_5_fixed_seeds
smote_training_fold_only_robustness,main_rule_a_primary,M1_PRIMARY_FEATURE_ORDER,random_forest,rf__depth_3__maxfeat_'sqrt'__leaf_10,fold1_validation,دشیمی,دشیمی|1396,دشیمی|1397,1396,1397,1,0.320879293572,mean_of_5_fixed_seeds
smote_training_fold_only_robustness,main_rule_a_primary,M1_PRIMARY_FEATURE_ORDER,random_forest,rf__depth_3__maxfeat_'sqrt'__leaf_10,fold1_validation,دیران,دیران|1395,دیران|1396,1395,1396,0,0.354675124661,mean_of_5_fixed_seeds
smote_training_fold_only_robustness,main_rule_a_primary,M1_PRIMARY_FEATURE_ORDER,random_forest,rf__depth_3__maxfeat_'sqrt'__leaf_10,fold1_validation,دیران,دیران|1396,دیران|1397,1396,1397,0,0.364934002107,mean_of_5_fixed_seeds
smote_training_fold_only_robustness,main_rule_a_primary,M1_PRIMARY_FEATURE_ORDER,random_forest,rf__depth_3__maxfeat_'sqrt'__leaf_10,fold1_validation,رانفور,رانفور|1395,رانفور|1396,1395,1396,0,0.084074443551,mean_of_5_fixed_seeds
smote_training_fold_only_robustness,main_rule_a_primary,M1_PRIMARY_FEATURE_ORDER,random_forest,rf__depth_3__maxfeat_'sqrt'__leaf_10,fold1_validation,رانفور,رانفور|1396,رانفور|1397,1396,1397,0,0.084344477652,mean_of_5_fixed_seeds
smote_training_fold_only_robustness,main_rule_a_primary,M1_PRIMARY_FEATURE_ORDER,random_forest,rf__depth_3__maxfeat_'sqrt'__leaf_10,fold1_validation,زمگسا,زمگسا|1395,زمگسا|1396,1395,1396,0,0.373561081676,mean_of_5_fixed_seeds
smote_training_fold_only_robustness,main_rule_a_primary,M1_PRIMARY_FEATURE_ORDER,random_forest,rf__depth_3__maxfeat_'sqrt'__leaf_10,fold1_validation,زمگسا,زمگسا|1396,زمگسا|1397,1396,1397,0,0.321025597879,mean_of_5_fixed_seeds
smote_training_fold_only_robustness,main_rule_a_primary,M1_PRIMARY_FEATURE_ORDER,random_forest,rf__depth_3__maxfeat_'sqrt'__leaf_10,fold1_validation,ساراب,ساراب|1395,ساراب|1396,1395,1396,0,0.214866807799,mean_of_5_fixed_seeds
smote_training_fold_only_robustness,main_rule_a_primary,M1_PRIMARY_FEATURE_ORDER,random_forest,rf__depth_3__maxfeat_'sqrt'__leaf_10,fold1_validation,ساراب,ساراب|1396,ساراب|1397,1396,1397,0,0.198680006803,mean_of_5_fixed_seeds
smote_training_fold_only_robustness,main_rule_a_primary,M1_PRIMARY_FEATURE_ORDER,random_forest,rf__depth_3__maxfeat_'sqrt'__leaf_10,fold1_validation,ساربیل,ساربیل|1395,ساربیل|1396,1395,1396,0,0.270035810995,mean_of_5_fixed_seeds
smote_training_fold_only_robustness,main_rule_a_primary,M1_PRIMARY_FEATURE_ORDER,random_forest,rf__depth_3__maxfeat_'sqrt'__leaf_10,fold1_validation,ساربیل,ساربیل|1396,ساربیل|1397,1396,1397,0,0.089907679788,mean_of_5_fixed_seeds
smote_training_fold_only_robustness,main_rule_a_primary,M1_PRIMARY_FEATURE_ORDER,random_forest,rf__depth_3__maxfeat_'sqrt'__leaf_10,fold1_validation,ساروم,ساروم|1395,ساروم|1396,1395,1396,0,0.209174516073,mean_of_5_fixed_seeds
smote_training_fold_only_robustness,main_rule_a_primary,M1_PRIMARY_FEATURE_ORDER,random_forest,rf__depth_3__maxfeat_'sqrt'__leaf_10,fold1_validation,ساروم,ساروم|1396,ساروم|1397,1396,1397,0,0.087651520307,mean_of_5_fixed_seeds
smote_training_fold_only_robustness,main_rule_a_primary,M1_PRIMARY_FEATURE_ORDER,random_forest,rf__depth_3__maxfeat_'sqrt'__leaf_10,fold1_validation,سبجنو,سبجنو|1395,سبجنو|1396,1395,1396,0,0.370589687653,mean_of_5_fixed_seeds
smote_training_fold_only_robustness,main_rule_a_primary,M1_PRIMARY_FEATURE_ORDER,random_forest,rf__depth_3__maxfeat_'sqrt'__leaf_10,fold1_validation,سبجنو,سبجنو|1396,سبجنو|1397,1396,1397,0,0.402287298481,mean_of_5_fixed_seeds
smote_training_fold_only_robustness,main_rule_a_primary,M1_PRIMARY_FEATURE_ORDER,random_forest,rf__depth_3__maxfeat_'sqrt'__leaf_10,fold1_validation,سبهان,سبهان|1395,سبهان|1396,1395,1396,0,0.254244676068,mean_of_5_fixed_seeds
smote_training_fold_only_robustness,main_rule_a_primary,M1_PRIMARY_FEATURE_ORDER,random_forest,rf__depth_3__maxfeat_'sqrt'__leaf_10,fold1_validation,سبهان,سبهان|1396,سبهان|1397,1396,1397,0,0.257018789834,mean_of_5_fixed_seeds
smote_training_fold_only_robustness,main_rule_a_primary,M1_PRIMARY_FEATURE_ORDER,random_forest,rf__depth_3__maxfeat_'sqrt'__leaf_10,fold1_validation,ستران,ستران|1395,ستران|1396,1395,1396,0,0.269124602542,mean_of_5_fixed_seeds
smote_training_fold_only_robustness,main_rule_a_primary,M1_PRIMARY_FEATURE_ORDER,random_forest,rf__depth_3__maxfeat_'sqrt'__leaf_10,fold1_validation,ستران,ستران|1396,ستران|1397,1396,1397,0,0.322472772392,mean_of_5_fixed_seeds
smote_training_fold_only_robustness,main_rule_a_primary,M1_PRIMARY_FEATURE_ORDER,random_forest,rf__depth_3__maxfeat_'sqrt'__leaf_10,fold1_validation,سخاش,سخاش|1395,سخاش|1396,1395,1396,0,0.190577236378,mean_of_5_fixed_seeds
smote_training_fold_only_robustness,main_rule_a_primary,M1_PRIMARY_FEATURE_ORDER,random_forest,rf__depth_3__maxfeat_'sqrt'__leaf_10,fold1_validation,سخاش,سخاش|1396,سخاش|1397,1396,1397,0,0.183437846411,mean_of_5_fixed_seeds
smote_training_fold_only_robustness,main_rule_a_primary,M1_PRIMARY_FEATURE_ORDER,random_forest,rf__depth_3__maxfeat_'sqrt'__leaf_10,fold1_validation,سخزر,سخزر|1395,سخزر|1396,1395,1396,0,0.36498478345,mean_of_5_fixed_seeds
smote_training_fold_only_robustness,main_rule_a_primary,M1_PRIMARY_FEATURE_ORDER,random_forest,rf__depth_3__maxfeat_'sqrt'__leaf_10,fold1_validation,سخزر,سخزر|1396,سخزر|1397,1396,1397,0,0.364739175443,mean_of_5_fixed_seeds
smote_training_fold_only_robustness,main_rule_a_primary,M1_PRIMARY_FEATURE_ORDER,random_forest,rf__depth_3__maxfeat_'sqrt'__leaf_10,fold1_validation,سخوز,سخوز|1395,سخوز|1396,1395,1396,0,0.343654454329,mean_of_5_fixed_seeds
smote_training_fold_only_robustness,main_rule_a_primary,M1_PRIMARY_FEATURE_ORDER,random_forest,rf__depth_3__maxfeat_'sqrt'__leaf_10,fold1_validation,سخوز,سخوز|1396,سخوز|1397,1396,1397,0,0.321475202286,mean_of_5_fixed_seeds
smote_training_fold_only_robustness,main_rule_a_primary,M1_PRIMARY_FEATURE_ORDER,random_forest,rf__depth_3__maxfeat_'sqrt'__leaf_10,fold1_validation,سدشت,سدشت|1395,سدشت|1396,1395,1396,0,0.285088658441,mean_of_5_fixed_seeds
smote_training_fold_only_robustness,main_rule_a_primary,M1_PRIMARY_FEATURE_ORDER,random_forest,rf__depth_3__maxfeat_'sqrt'__leaf_10,fold1_validation,سدشت,سدشت|1396,سدشت|1397,1396,1397,0,0.278529085872,mean_of_5_fixed_seeds
smote_training_fold_only_robustness,main_rule_a_primary,M1_PRIMARY_FEATURE_ORDER,random_forest,rf__depth_3__maxfeat_'sqrt'__leaf_10,fold1_validation,سدور,سدور|1395,سدور|1396,1395,1396,1,0.799525575226,mean_of_5_fixed_seeds
smote_training_fold_only_robustness,main_rule_a_primary,M1_PRIMARY_FEATURE_ORDER,random_forest,rf__depth_3__maxfeat_'sqrt'__leaf_10,fold1_validation,سدور,سدور|1396,سدور|1397,1396,1397,0,0.731991327395,mean_of_5_fixed_seeds
smote_training_fold_only_robustness,main_rule_a_primary,M1_PRIMARY_FEATURE_ORDER,random_forest,rf__depth_3__maxfeat_'sqrt'__leaf_10,fold1_validation,سرود,سرود|1395,سرود|1396,1395,1396,0,0.404473850651,mean_of_5_fixed_seeds
smote_training_fold_only_robustness,main_rule_a_primary,M1_PRIMARY_FEATURE_ORDER,random_forest,rf__depth_3__maxfeat_'sqrt'__leaf_10,fold1_validation,سرود,سرود|1396,سرود|1397,1396,1397,0,0.230223674962,mean_of_5_fixed_seeds
smote_training_fold_only_robustness,main_rule_a_primary,M1_PRIMARY_FEATURE_ORDER,random_forest,rf__depth_3__maxfeat_'sqrt'__leaf_10,fold1_validation,سشرق,سشرق|1395,سشرق|1396,1395,1396,0,0.794259012894,mean_of_5_fixed_seeds
smote_training_fold_only_robustness,main_rule_a_primary,M1_PRIMARY_FEATURE_ORDER,random_forest,rf__depth_3__maxfeat_'sqrt'__leaf_10,fold1_validation,سشرق,سشرق|1396,سشرق|1397,1396,1397,0,0.679447521237,mean_of_5_fixed_seeds
smote_training_fold_only_robustness,main_rule_a_primary,M1_PRIMARY_FEATURE_ORDER,random_forest,rf__depth_3__maxfeat_'sqrt'__leaf_10,fold1_validation,سصفها,سصفها|1395,سصفها|1396,1395,1396,0,0.306335316083,mean_of_5_fixed_seeds
smote_training_fold_only_robustness,main_rule_a_primary,M1_PRIMARY_FEATURE_ORDER,random_forest,rf__depth_3__maxfeat_'sqrt'__leaf_10,fold1_validation,سصفها,سصفها|1396,سصفها|1397,1396,1397,0,0.351213967241,mean_of_5_fixed_seeds
smote_training_fold_only_robustness,main_rule_a_primary,M1_PRIMARY_FEATURE_ORDER,random_forest,rf__depth_3__maxfeat_'sqrt'__leaf_10,fold1_validation,سغرب,سغرب|1395,سغرب|1396,1395,1396,0,0.293915077266,mean_of_5_fixed_seeds
smote_training_fold_only_robustness,main_rule_a_primary,M1_PRIMARY_FEATURE_ORDER,random_forest,rf__depth_3__maxfeat_'sqrt'__leaf_10,fold1_validation,سغرب,سغرب|1396,سغرب|1397,1396,1397,0,0.259531912836,mean_of_5_fixed_seeds
smote_training_fold_only_robustness,main_rule_a_primary,M1_PRIMARY_FEATURE_ORDER,random_forest,rf__depth_3__maxfeat_'sqrt'__leaf_10,fold1_validation,سقاین,سقاین|1395,سقاین|1396,1395,1396,0,0.375308712685,mean_of_5_fixed_seeds
smote_training_fold_only_robustness,main_rule_a_primary,M1_PRIMARY_FEATURE_ORDER,random_forest,rf__depth_3__maxfeat_'sqrt'__leaf_10,fold1_validation,سقاین,سقاین|1396,سقاین|1397,1396,1397,0,0.337101788692,mean_of_5_fixed_seeds
smote_training_fold_only_robustness,main_rule_a_primary,M1_PRIMARY_FEATURE_ORDER,random_forest,rf__depth_3__maxfeat_'sqrt'__leaf_10,fold1_validation,سمازن,سمازن|1395,سمازن|1396,1395,1396,0,0.379119434717,mean_of_5_fixed_seeds
smote_training_fold_only_robustness,main_rule_a_primary,M1_PRIMARY_FEATURE_ORDER,random_forest,rf__depth_3__maxfeat_'sqrt'__leaf_10,fold1_validation,سمازن,سمازن|1396,سمازن|1397,1396,1397,0,0.283106395025,mean_of_5_fixed_seeds
smote_training_fold_only_robustness,main_rule_a_primary,M1_PRIMARY_FEATURE_ORDER,random_forest,rf__depth_3__maxfeat_'sqrt'__leaf_10,fold1_validation,سنیر,سنیر|1395,سنیر|1396,1395,1396,0,0.304512029563,mean_of_5_fixed_seeds
smote_training_fold_only_robustness,main_rule_a_primary,M1_PRIMARY_FEATURE_ORDER,random_forest,rf__depth_3__maxfeat_'sqrt'__leaf_10,fold1_validation,سنیر,سنیر|1396,سنیر|1397,1396,1397,0,0.202543508106,mean_of_5_fixed_seeds
smote_training_fold_only_robustness,main_rule_a_primary,M1_PRIMARY_FEATURE_ORDER,random_forest,rf__depth_3__maxfeat_'sqrt'__leaf_10,fold1_validation,سهگمت,سهگمت|1395,سهگمت|1396,1395,1396,0,0.345030974648,mean_of_5_fixed_seeds
smote_training_fold_only_robustness,main_rule_a_primary,M1_PRIMARY_FEATURE_ORDER,random_forest,rf__depth_3__maxfeat_'sqrt'__leaf_10,fold1_validation,سهگمت,سهگمت|1396,سهگمت|1397,1396,1397,0,0.2563938443,mean_of_5_fixed_seeds
smote_training_fold_only_robustness,main_rule_a_primary,M1_PRIMARY_FEATURE_ORDER,random_forest,rf__depth_3__maxfeat_'sqrt'__leaf_10,fold1_validation,سپاها,سپاها|1395,سپاها|1396,1395,1396,0,0.677672820892,mean_of_5_fixed_seeds
smote_training_fold_only_robustness,main_rule_a_primary,M1_PRIMARY_FEATURE_ORDER,random_forest,rf__depth_3__maxfeat_'sqrt'__leaf_10,fold1_validation,سپاها,سپاها|1396,سپاها|1397,1396,1397,0,0.68236723872,mean_of_5_fixed_seeds
smote_training_fold_only_robustness,main_rule_a_primary,M1_PRIMARY_FEATURE_ORDER,random_forest,rf__depth_3__maxfeat_'sqrt'__leaf_10,fold1_validation,سکرد,سکرد|1395,سکرد|1396,1395,1396,1,0.7986274763,mean_of_5_fixed_seeds
smote_training_fold_only_robustness,main_rule_a_primary,M1_PRIMARY_FEATURE_ORDER,random_forest,rf__depth_3__maxfeat_'sqrt'__leaf_10,fold1_validation,سکرد,سکرد|1396,سکرد|1397,1396,1397,1,0.769683303196,mean_of_5_fixed_seeds
smote_training_fold_only_robustness,main_rule_a_primary,M1_PRIMARY_FEATURE_ORDER,random_forest,rf__depth_3__maxfeat_'sqrt'__leaf_10,fold1_validation,سیلام,سیلام|1395,سیلام|1396,1395,1396,1,0.72420187229,mean_of_5_fixed_seeds
smote_training_fold_only_robustness,main_rule_a_primary,M1_PRIMARY_FEATURE_ORDER,random_forest,rf__depth_3__maxfeat_'sqrt'__leaf_10,fold1_validation,سیلام,سیلام|1396,سیلام|1397,1396,1397,1,0.748526923052,mean_of_5_fixed_seeds
smote_training_fold_only_robustness,main_rule_a_primary,M1_PRIMARY_FEATURE_ORDER,random_forest,rf__depth_3__maxfeat_'sqrt'__leaf_10,fold1_validation,شاراک,شاراک|1395,شاراک|1396,1395,1396,0,0.102612938833,mean_of_5_fixed_seeds
smote_training_fold_only_robustness,main_rule_a_primary,M1_PRIMARY_FEATURE_ORDER,random_forest,rf__depth_3__maxfeat_'sqrt'__leaf_10,fold1_validation,شاراک,شاراک|1396,شاراک|1397,1396,1397,0,0.103236074226,mean_of_5_fixed_seeds
smote_training_fold_only_robustness,main_rule_a_primary,M1_PRIMARY_FEATURE_ORDER,random_forest,rf__depth_3__maxfeat_'sqrt'__leaf_10,fold1_validation,شبریز,شبریز|1395,شبریز|1396,1395,1396,0,0.354948539246,mean_of_5_fixed_seeds
smote_training_fold_only_robustness,main_rule_a_primary,M1_PRIMARY_FEATURE_ORDER,random_forest,rf__depth_3__maxfeat_'sqrt'__leaf_10,fold1_validation,شبریز,شبریز|1396,شبریز|1397,1396,1397,0,0.341902154007,mean_of_5_fixed_seeds
smote_training_fold_only_robustness,main_rule_a_primary,M1_PRIMARY_FEATURE_ORDER,random_forest,rf__depth_3__maxfeat_'sqrt'__leaf_10,fold1_validation,شبندر,شبندر|1395,شبندر|1396,1395,1396,0,0.114701950389,mean_of_5_fixed_seeds
smote_training_fold_only_robustness,main_rule_a_primary,M1_PRIMARY_FEATURE_ORDER,random_forest,rf__depth_3__maxfeat_'sqrt'__leaf_10,fold1_validation,شبندر,شبندر|1396,شبندر|1397,1396,1397,0,0.118392852437,mean_of_5_fixed_seeds
smote_training_fold_only_robustness,main_rule_a_primary,M1_PRIMARY_FEATURE_ORDER,random_forest,rf__depth_3__maxfeat_'sqrt'__leaf_10,fold1_validation,شدوص,شدوص|1395,شدوص|1396,1395,1396,1,0.359283487101,mean_of_5_fixed_seeds
smote_training_fold_only_robustness,main_rule_a_primary,M1_PRIMARY_FEATURE_ORDER,random_forest,rf__depth_3__maxfeat_'sqrt'__leaf_10,fold1_validation,شدوص,شدوص|1396,شدوص|1397,1396,1397,0,0.816503180793,mean_of_5_fixed_seeds
smote_training_fold_only_robustness,main_rule_a_primary,M1_PRIMARY_FEATURE_ORDER,random_forest,rf__depth_3__maxfeat_'sqrt'__leaf_10,fold1_validation,شفارس,شفارس|1395,شفارس|1396,1395,1396,0,0.263088466047,mean_of_5_fixed_seeds
smote_training_fold_only_robustness,main_rule_a_primary,M1_PRIMARY_FEATURE_ORDER,random_forest,rf__depth_3__maxfeat_'sqrt'__leaf_10,fold1_validation,شفارس,شفارس|1396,شفارس|1397,1396,1397,0,0.247860587376,mean_of_5_fixed_seeds
smote_training_fold_only_robustness,main_rule_a_primary,M1_PRIMARY_FEATURE_ORDER,random_forest,rf__depth_3__maxfeat_'sqrt'__leaf_10,fold1_validation,شلعاب,شلعاب|1395,شلعاب|1396,1395,1396,0,0.403319423085,mean_of_5_fixed_seeds
smote_training_fold_only_robustness,main_rule_a_primary,M1_PRIMARY_FEATURE_ORDER,random_forest,rf__depth_3__maxfeat_'sqrt'__leaf_10,fold1_validation,شلعاب,شلعاب|1396,شلعاب|1397,1396,1397,0,0.355480724065,mean_of_5_fixed_seeds
smote_training_fold_only_robustness,main_rule_a_primary,M1_PRIMARY_FEATURE_ORDER,random_forest,rf__depth_3__maxfeat_'sqrt'__leaf_10,fold1_validation,شپارس,شپارس|1395,شپارس|1396,1395,1396,0,0.380325557425,mean_of_5_fixed_seeds
smote_training_fold_only_robustness,main_rule_a_primary,M1_PRIMARY_FEATURE_ORDER,random_forest,rf__depth_3__maxfeat_'sqrt'__leaf_10,fold1_validation,شپارس,شپارس|1396,شپارس|1397,1396,1397,0,0.296251611815,mean_of_5_fixed_seeds
smote_training_fold_only_robustness,main_rule_a_primary,M1_PRIMARY_FEATURE_ORDER,random_forest,rf__depth_3__maxfeat_'sqrt'__leaf_10,fold1_validation,شپنا,شپنا|1395,شپنا|1396,1395,1396,0,0.135610919013,mean_of_5_fixed_seeds
smote_training_fold_only_robustness,main_rule_a_primary,M1_PRIMARY_FEATURE_ORDER,random_forest,rf__depth_3__maxfeat_'sqrt'__leaf_10,fold1_validation,شپنا,شپنا|1396,شپنا|1397,1396,1397,0,0.107048748443,mean_of_5_fixed_seeds
smote_training_fold_only_robustness,main_rule_a_primary,M1_PRIMARY_FEATURE_ORDER,random_forest,rf__depth_3__maxfeat_'sqrt'__leaf_10,fold1_validation,شکربن,شکربن|1395,شکربن|1396,1395,1396,0,0.217849908392,mean_of_5_fixed_seeds
smote_training_fold_only_robustness,main_rule_a_primary,M1_PRIMARY_FEATURE_ORDER,random_forest,rf__depth_3__maxfeat_'sqrt'__leaf_10,fold1_validation,شکربن,شکربن|1396,شکربن|1397,1396,1397,0,0.125862927679,mean_of_5_fixed_seeds
smote_training_fold_only_robustness,main_rule_a_primary,M1_PRIMARY_FEATURE_ORDER,random_forest,rf__depth_3__maxfeat_'sqrt'__leaf_10,fold1_validation,شکلر,شکلر|1395,شکلر|1396,1395,1396,0,0.180961878413,mean_of_5_fixed_seeds
smote_training_fold_only_robustness,main_rule_a_primary,M1_PRIMARY_FEATURE_ORDER,random_forest,rf__depth_3__maxfeat_'sqrt'__leaf_10,fold1_validation,شکلر,شکلر|1396,شکلر|1397,1396,1397,0,0.191444033058,mean_of_5_fixed_seeds
smote_training_fold_only_robustness,main_rule_a_primary,M1_PRIMARY_FEATURE_ORDER,random_forest,rf__depth_3__maxfeat_'sqrt'__leaf_10,fold1_validation,شیران,شیران|1395,شیران|1396,1395,1396,0,0.121281716047,mean_of_5_fixed_seeds
smote_training_fold_only_robustness,main_rule_a_primary,M1_PRIMARY_FEATURE_ORDER,random_forest,rf__depth_3__maxfeat_'sqrt'__leaf_10,fold1_validation,شیران,شیران|1396,شیران|1397,1396,1397,0,0.121148987879,mean_of_5_fixed_seeds
smote_training_fold_only_robustness,main_rule_a_primary,M1_PRIMARY_FEATURE_ORDER,random_forest,rf__depth_3__maxfeat_'sqrt'__leaf_10,fold1_validation,غبهنوش,غبهنوش|1395,غبهنوش|1396,1395,1396,0,0.698669394559,mean_of_5_fixed_seeds
smote_training_fold_only_robustness,main_rule_a_primary,M1_PRIMARY_FEATURE_ORDER,random_forest,rf__depth_3__maxfeat_'sqrt'__leaf_10,fold1_validation,غبهنوش,غبهنوش|1396,غبهنوش|1397,1396,1397,0,0.707066693856,mean_of_5_fixed_seeds
smote_training_fold_only_robustness,main_rule_a_primary,M1_PRIMARY_FEATURE_ORDER,random_forest,rf__depth_3__maxfeat_'sqrt'__leaf_10,fold1_validation,غدام,غدام|1395,غدام|1396,1395,1396,1,0.413641638842,mean_of_5_fixed_seeds
smote_training_fold_only_robustness,main_rule_a_primary,M1_PRIMARY_FEATURE_ORDER,random_forest,rf__depth_3__maxfeat_'sqrt'__leaf_10,fold1_validation,غدام,غدام|1396,غدام|1397,1396,1397,0,0.705045087632,mean_of_5_fixed_seeds
smote_training_fold_only_robustness,main_rule_a_primary,M1_PRIMARY_FEATURE_ORDER,random_forest,rf__depth_3__maxfeat_'sqrt'__leaf_10,fold1_validation,غسالم,غسالم|1395,غسالم|1396,1395,1396,0,0.188593268522,mean_of_5_fixed_seeds
smote_training_fold_only_robustness,main_rule_a_primary,M1_PRIMARY_FEATURE_ORDER,random_forest,rf__depth_3__maxfeat_'sqrt'__leaf_10,fold1_validation,غسالم,غسالم|1396,غسالم|1397,1396,1397,0,0.14680751113,mean_of_5_fixed_seeds
smote_training_fold_only_robustness,main_rule_a_primary,M1_PRIMARY_FEATURE_ORDER,random_forest,rf__depth_3__maxfeat_'sqrt'__leaf_10,fold1_validation,غشان,غشان|1395,غشان|1396,1395,1396,0,0.238457258066,mean_of_5_fixed_seeds
smote_training_fold_only_robustness,main_rule_a_primary,M1_PRIMARY_FEATURE_ORDER,random_forest,rf__depth_3__maxfeat_'sqrt'__leaf_10,fold1_validation,غشان,غشان|1396,غشان|1397,1396,1397,0,0.253915866575,mean_of_5_fixed_seeds
smote_training_fold_only_robustness,main_rule_a_primary,M1_PRIMARY_FEATURE_ORDER,random_forest,rf__depth_3__maxfeat_'sqrt'__leaf_10,fold1_validation,غشهد,غشهد|1395,غشهد|1396,1395,1396,1,0.808483361322,mean_of_5_fixed_seeds
smote_training_fold_only_robustness,main_rule_a_primary,M1_PRIMARY_FEATURE_ORDER,random_forest,rf__depth_3__maxfeat_'sqrt'__leaf_10,fold1_validation,غشهد,غشهد|1396,غشهد|1397,1396,1397,0,0.819921566183,mean_of_5_fixed_seeds
smote_training_fold_only_robustness,main_rule_a_primary,M1_PRIMARY_FEATURE_ORDER,random_forest,rf__depth_3__maxfeat_'sqrt'__leaf_10,fold1_validation,غنوش,غنوش|1395,غنوش|1396,1395,1396,0,0.197666033725,mean_of_5_fixed_seeds
smote_training_fold_only_robustness,main_rule_a_primary,M1_PRIMARY_FEATURE_ORDER,random_forest,rf__depth_3__maxfeat_'sqrt'__leaf_10,fold1_validation,غنوش,غنوش|1396,غنوش|1397,1396,1397,0,0.224684283576,mean_of_5_fixed_seeds
smote_training_fold_only_robustness,main_rule_a_primary,M1_PRIMARY_FEATURE_ORDER,random_forest,rf__depth_3__maxfeat_'sqrt'__leaf_10,fold1_validation,غگل,غگل|1395,غگل|1396,1395,1396,0,0.267298274475,mean_of_5_fixed_seeds
smote_training_fold_only_robustness,main_rule_a_primary,M1_PRIMARY_FEATURE_ORDER,random_forest,rf__depth_3__maxfeat_'sqrt'__leaf_10,fold1_validation,غگل,غگل|1396,غگل|1397,1396,1397,0,0.306251954235,mean_of_5_fixed_seeds
smote_training_fold_only_robustness,main_rule_a_primary,M1_PRIMARY_FEATURE_ORDER,random_forest,rf__depth_3__maxfeat_'sqrt'__leaf_10,fold1_validation,فاذر,فاذر|1395,فاذر|1396,1395,1396,1,0.35774569118,mean_of_5_fixed_seeds
smote_training_fold_only_robustness,main_rule_a_primary,M1_PRIMARY_FEATURE_ORDER,random_forest,rf__depth_3__maxfeat_'sqrt'__leaf_10,fold1_validation,فاذر,فاذر|1396,فاذر|1397,1396,1397,1,0.436314325735,mean_of_5_fixed_seeds
smote_training_fold_only_robustness,main_rule_a_primary,M1_PRIMARY_FEATURE_ORDER,random_forest,rf__depth_3__maxfeat_'sqrt'__leaf_10,fold1_validation,فایرا,فایرا|1395,فایرا|1396,1395,1396,0,0.693847192794,mean_of_5_fixed_seeds
smote_training_fold_only_robustness,main_rule_a_primary,M1_PRIMARY_FEATURE_ORDER,random_forest,rf__depth_3__maxfeat_'sqrt'__leaf_10,fold1_validation,فایرا,فایرا|1396,فایرا|1397,1396,1397,0,0.677774031772,mean_of_5_fixed_seeds
smote_training_fold_only_robustness,main_rule_a_primary,M1_PRIMARY_FEATURE_ORDER,random_forest,rf__depth_3__maxfeat_'sqrt'__leaf_10,fold1_validation,فباهنر,فباهنر|1395,فباهنر|1396,1395,1396,0,0.36105895577,mean_of_5_fixed_seeds
smote_training_fold_only_robustness,main_rule_a_primary,M1_PRIMARY_FEATURE_ORDER,random_forest,rf__depth_3__maxfeat_'sqrt'__leaf_10,fold1_validation,فباهنر,فباهنر|1396,فباهنر|1397,1396,1397,0,0.273179523748,mean_of_5_fixed_seeds
smote_training_fold_only_robustness,main_rule_a_primary,M1_PRIMARY_FEATURE_ORDER,random_forest,rf__depth_3__maxfeat_'sqrt'__leaf_10,fold1_validation,فجام,فجام|1395,فجام|1396,1395,1396,0,0.079715700161,mean_of_5_fixed_seeds
smote_training_fold_only_robustness,main_rule_a_primary,M1_PRIMARY_FEATURE_ORDER,random_forest,rf__depth_3__maxfeat_'sqrt'__leaf_10,fold1_validation,فجام,فجام|1396,فجام|1397,1396,1397,0,0.13830224435,mean_of_5_fixed_seeds
smote_training_fold_only_robustness,main_rule_a_primary,M1_PRIMARY_FEATURE_ORDER,random_forest,rf__depth_3__maxfeat_'sqrt'__leaf_10,fold1_validation,فجر,فجر|1395,فجر|1396,1395,1396,0,0.247220810575,mean_of_5_fixed_seeds
smote_training_fold_only_robustness,main_rule_a_primary,M1_PRIMARY_FEATURE_ORDER,random_forest,rf__depth_3__maxfeat_'sqrt'__leaf_10,fold1_validation,فجر,فجر|1396,فجر|1397,1396,1397,0,0.214263671368,mean_of_5_fixed_seeds
smote_training_fold_only_robustness,main_rule_a_primary,M1_PRIMARY_FEATURE_ORDER,random_forest,rf__depth_3__maxfeat_'sqrt'__leaf_10,fold1_validation,فخوز,فخوز|1395,فخوز|1396,1395,1396,0,0.194359742761,mean_of_5_fixed_seeds
smote_training_fold_only_robustness,main_rule_a_primary,M1_PRIMARY_FEATURE_ORDER,random_forest,rf__depth_3__maxfeat_'sqrt'__leaf_10,fold1_validation,فخوز,فخوز|1396,فخوز|1397,1396,1397,0,0.113527230069,mean_of_5_fixed_seeds
smote_training_fold_only_robustness,main_rule_a_primary,M1_PRIMARY_FEATURE_ORDER,random_forest,rf__depth_3__maxfeat_'sqrt'__leaf_10,fold1_validation,فرآور,فرآور|1395,فرآور|1396,1395,1396,0,0.074561950507,mean_of_5_fixed_seeds
smote_training_fold_only_robustness,main_rule_a_primary,M1_PRIMARY_FEATURE_ORDER,random_forest,rf__depth_3__maxfeat_'sqrt'__leaf_10,fold1_validation,فرآور,فرآور|1396,فرآور|1397,1396,1397,0,0.093397007438,mean_of_5_fixed_seeds
smote_training_fold_only_robustness,main_rule_a_primary,M1_PRIMARY_FEATURE_ORDER,random_forest,rf__depth_3__maxfeat_'sqrt'__leaf_10,fold1_validation,فسرب,فسرب|1395,فسرب|1396,1395,1396,0,0.541868434772,mean_of_5_fixed_seeds
smote_training_fold_only_robustness,main_rule_a_primary,M1_PRIMARY_FEATURE_ORDER,random_forest,rf__depth_3__maxfeat_'sqrt'__leaf_10,fold1_validation,فسرب,فسرب|1396,فسرب|1397,1396,1397,0,0.528495852345,mean_of_5_fixed_seeds
smote_training_fold_only_robustness,main_rule_a_primary,M1_PRIMARY_FEATURE_ORDER,random_forest,rf__depth_3__maxfeat_'sqrt'__leaf_10,fold1_validation,فسپا,فسپا|1395,فسپا|1396,1395,1396,0,0.224420801772,mean_of_5_fixed_seeds
smote_training_fold_only_robustness,main_rule_a_primary,M1_PRIMARY_FEATURE_ORDER,random_forest,rf__depth_3__maxfeat_'sqrt'__leaf_10,fold1_validation,فسپا,فسپا|1396,فسپا|1397,1396,1397,0,0.177262873453,mean_of_5_fixed_seeds
smote_training_fold_only_robustness,main_rule_a_primary,M1_PRIMARY_FEATURE_ORDER,random_forest,rf__depth_3__maxfeat_'sqrt'__leaf_10,fold1_validation,فمراد,فمراد|1395,فمراد|1396,1395,1396,0,0.553831407767,mean_of_5_fixed_seeds
smote_training_fold_only_robustness,main_rule_a_primary,M1_PRIMARY_FEATURE_ORDER,random_forest,rf__depth_3__maxfeat_'sqrt'__leaf_10,fold1_validation,فمراد,فمراد|1396,فمراد|1397,1396,1397,0,0.61061491192,mean_of_5_fixed_seeds
smote_training_fold_only_robustness,main_rule_a_primary,M1_PRIMARY_FEATURE_ORDER,random_forest,rf__depth_3__maxfeat_'sqrt'__leaf_10,fold1_validation,فملی,فملی|1395,فملی|1396,1395,1396,0,0.101398341997,mean_of_5_fixed_seeds
smote_training_fold_only_robustness,main_rule_a_primary,M1_PRIMARY_FEATURE_ORDER,random_forest,rf__depth_3__maxfeat_'sqrt'__leaf_10,fold1_validation,فملی,فملی|1396,فملی|1397,1396,1397,0,0.101236662605,mean_of_5_fixed_seeds
smote_training_fold_only_robustness,main_rule_a_primary,M1_PRIMARY_FEATURE_ORDER,random_forest,rf__depth_3__maxfeat_'sqrt'__leaf_10,fold1_validation,فنورد,فنورد|1395,فنورد|1396,1395,1396,0,0.35285140601,mean_of_5_fixed_seeds
smote_training_fold_only_robustness,main_rule_a_primary,M1_PRIMARY_FEATURE_ORDER,random_forest,rf__depth_3__maxfeat_'sqrt'__leaf_10,fold1_validation,فنورد,فنورد|1396,فنورد|1397,1396,1397,0,0.350166260142,mean_of_5_fixed_seeds
smote_training_fold_only_robustness,main_rule_a_primary,M1_PRIMARY_FEATURE_ORDER,random_forest,rf__depth_3__maxfeat_'sqrt'__leaf_10,fold1_validation,فولاژ,فولاژ|1395,فولاژ|1396,1395,1396,0,0.243982874257,mean_of_5_fixed_seeds
smote_training_fold_only_robustness,main_rule_a_primary,M1_PRIMARY_FEATURE_ORDER,random_forest,rf__depth_3__maxfeat_'sqrt'__leaf_10,fold1_validation,فولاژ,فولاژ|1396,فولاژ|1397,1396,1397,0,0.215730948881,mean_of_5_fixed_seeds
smote_training_fold_only_robustness,main_rule_a_primary,M1_PRIMARY_FEATURE_ORDER,random_forest,rf__depth_3__maxfeat_'sqrt'__leaf_10,fold1_validation,فپنتا,فپنتا|1395,فپنتا|1396,1395,1396,0,0.169404511421,mean_of_5_fixed_seeds
smote_training_fold_only_robustness,main_rule_a_primary,M1_PRIMARY_FEATURE_ORDER,random_forest,rf__depth_3__maxfeat_'sqrt'__leaf_10,fold1_validation,فپنتا,فپنتا|1396,فپنتا|1397,1396,1397,0,0.196975504532,mean_of_5_fixed_seeds
smote_training_fold_only_robustness,main_rule_a_primary,M1_PRIMARY_FEATURE_ORDER,random_forest,rf__depth_3__maxfeat_'sqrt'__leaf_10,fold1_validation,لابسا,لابسا|1395,لابسا|1396,1395,1396,1,0.33595034103,mean_of_5_fixed_seeds
smote_training_fold_only_robustness,main_rule_a_primary,M1_PRIMARY_FEATURE_ORDER,random_forest,rf__depth_3__maxfeat_'sqrt'__leaf_10,fold1_validation,لابسا,لابسا|1396,لابسا|1397,1396,1397,0,0.371468576904,mean_of_5_fixed_seeds
smote_training_fold_only_robustness,main_rule_a_primary,M1_PRIMARY_FEATURE_ORDER,random_forest,rf__depth_3__maxfeat_'sqrt'__leaf_10,fold1_validation,لبوتان,لبوتان|1395,لبوتان|1396,1395,1396,0,0.354500309765,mean_of_5_fixed_seeds
smote_training_fold_only_robustness,main_rule_a_primary,M1_PRIMARY_FEATURE_ORDER,random_forest,rf__depth_3__maxfeat_'sqrt'__leaf_10,fold1_validation,لبوتان,لبوتان|1396,لبوتان|1397,1396,1397,0,0.369136711188,mean_of_5_fixed_seeds
smote_training_fold_only_robustness,main_rule_a_primary,M1_PRIMARY_FEATURE_ORDER,random_forest,rf__depth_3__maxfeat_'sqrt'__leaf_10,fold1_validation,لخزر,لخزر|1395,لخزر|1396,1395,1396,0,0.335666699359,mean_of_5_fixed_seeds
smote_training_fold_only_robustness,main_rule_a_primary,M1_PRIMARY_FEATURE_ORDER,random_forest,rf__depth_3__maxfeat_'sqrt'__leaf_10,fold1_validation,لخزر,لخزر|1396,لخزر|1397,1396,1397,0,0.35097269821,mean_of_5_fixed_seeds
smote_training_fold_only_robustness,main_rule_a_primary,M1_PRIMARY_FEATURE_ORDER,random_forest,rf__depth_3__maxfeat_'sqrt'__leaf_10,fold1_validation,لسرما,لسرما|1395,لسرما|1396,1395,1396,0,0.273920418118,mean_of_5_fixed_seeds
smote_training_fold_only_robustness,main_rule_a_primary,M1_PRIMARY_FEATURE_ORDER,random_forest,rf__depth_3__maxfeat_'sqrt'__leaf_10,fold1_validation,لسرما,لسرما|1396,لسرما|1397,1396,1397,0,0.26005331441,mean_of_5_fixed_seeds
smote_training_fold_only_robustness,main_rule_a_primary,M1_PRIMARY_FEATURE_ORDER,random_forest,rf__depth_3__maxfeat_'sqrt'__leaf_10,fold1_validation,های وب,های وب|1396,های وب|1397,1396,1397,0,0.248262193894,mean_of_5_fixed_seeds
smote_training_fold_only_robustness,main_rule_a_primary,M1_PRIMARY_FEATURE_ORDER,random_forest,rf__depth_3__maxfeat_'sqrt'__leaf_10,fold1_validation,همراه,همراه|1395,همراه|1396,1395,1396,0,0.252935846322,mean_of_5_fixed_seeds
smote_training_fold_only_robustness,main_rule_a_primary,M1_PRIMARY_FEATURE_ORDER,random_forest,rf__depth_3__maxfeat_'sqrt'__leaf_10,fold1_validation,همراه,همراه|1396,همراه|1397,1396,1397,0,0.256787689076,mean_of_5_fixed_seeds
smote_training_fold_only_robustness,main_rule_a_primary,M1_PRIMARY_FEATURE_ORDER,random_forest,rf__depth_3__maxfeat_'sqrt'__leaf_10,fold1_validation,پدرخش,پدرخش|1395,پدرخش|1396,1395,1396,0,0.603379648937,mean_of_5_fixed_seeds
smote_training_fold_only_robustness,main_rule_a_primary,M1_PRIMARY_FEATURE_ORDER,random_forest,rf__depth_3__maxfeat_'sqrt'__leaf_10,fold1_validation,پدرخش,پدرخش|1396,پدرخش|1397,1396,1397,0,0.277654260318,mean_of_5_fixed_seeds
smote_training_fold_only_robustness,main_rule_a_primary,M1_PRIMARY_FEATURE_ORDER,random_forest,rf__depth_3__maxfeat_'sqrt'__leaf_10,fold1_validation,پرداخت,پرداخت|1396,پرداخت|1397,1396,1397,0,0.12530138877,mean_of_5_fixed_seeds
smote_training_fold_only_robustness,main_rule_a_primary,M1_PRIMARY_FEATURE_ORDER,random_forest,rf__depth_3__maxfeat_'sqrt'__leaf_10,fold1_validation,پسهند,پسهند|1395,پسهند|1396,1395,1396,0,0.227583631532,mean_of_5_fixed_seeds
smote_training_fold_only_robustness,main_rule_a_primary,M1_PRIMARY_FEATURE_ORDER,random_forest,rf__depth_3__maxfeat_'sqrt'__leaf_10,fold1_validation,پسهند,پسهند|1396,پسهند|1397,1396,1397,0,0.218013919011,mean_of_5_fixed_seeds
smote_training_fold_only_robustness,main_rule_a_primary,M1_PRIMARY_FEATURE_ORDER,random_forest,rf__depth_3__maxfeat_'sqrt'__leaf_10,fold1_validation,پلاسک,پلاسک|1395,پلاسک|1396,1395,1396,0,0.747438762135,mean_of_5_fixed_seeds
smote_training_fold_only_robustness,main_rule_a_primary,M1_PRIMARY_FEATURE_ORDER,random_forest,rf__depth_3__maxfeat_'sqrt'__leaf_10,fold1_validation,پلاسک,پلاسک|1396,پلاسک|1397,1396,1397,0,0.714730370291,mean_of_5_fixed_seeds
smote_training_fold_only_robustness,main_rule_a_primary,M1_PRIMARY_FEATURE_ORDER,random_forest,rf__depth_3__maxfeat_'sqrt'__leaf_10,fold1_validation,چافست,چافست|1395,چافست|1396,1395,1396,0,0.342642438666,mean_of_5_fixed_seeds
smote_training_fold_only_robustness,main_rule_a_primary,M1_PRIMARY_FEATURE_ORDER,random_forest,rf__depth_3__maxfeat_'sqrt'__leaf_10,fold1_validation,چافست,چافست|1396,چافست|1397,1396,1397,0,0.269335899479,mean_of_5_fixed_seeds
smote_training_fold_only_robustness,main_rule_a_primary,M1_PRIMARY_FEATURE_ORDER,random_forest,rf__depth_3__maxfeat_'sqrt'__leaf_10,fold1_validation,چکارن,چکارن|1395,چکارن|1396,1395,1396,0,0.628235446842,mean_of_5_fixed_seeds
smote_training_fold_only_robustness,main_rule_a_primary,M1_PRIMARY_FEATURE_ORDER,random_forest,rf__depth_3__maxfeat_'sqrt'__leaf_10,fold1_validation,چکارن,چکارن|1396,چکارن|1397,1396,1397,0,0.367865466207,mean_of_5_fixed_seeds
smote_training_fold_only_robustness,main_rule_a_primary,M1_PRIMARY_FEATURE_ORDER,random_forest,rf__depth_3__maxfeat_'sqrt'__leaf_10,fold1_validation,کاوه,کاوه|1396,کاوه|1397,1396,1397,0,0.386363806571,mean_of_5_fixed_seeds
smote_training_fold_only_robustness,main_rule_a_primary,M1_PRIMARY_FEATURE_ORDER,random_forest,rf__depth_3__maxfeat_'sqrt'__leaf_10,fold1_validation,کبافق,کبافق|1395,کبافق|1396,1395,1396,0,0.109423957824,mean_of_5_fixed_seeds
smote_training_fold_only_robustness,main_rule_a_primary,M1_PRIMARY_FEATURE_ORDER,random_forest,rf__depth_3__maxfeat_'sqrt'__leaf_10,fold1_validation,کبافق,کبافق|1396,کبافق|1397,1396,1397,0,0.129884722324,mean_of_5_fixed_seeds
smote_training_fold_only_robustness,main_rule_a_primary,M1_PRIMARY_FEATURE_ORDER,random_forest,rf__depth_3__maxfeat_'sqrt'__leaf_10,fold1_validation,کرازی,کرازی|1395,کرازی|1396,1395,1396,0,0.155873746797,mean_of_5_fixed_seeds
smote_training_fold_only_robustness,main_rule_a_primary,M1_PRIMARY_FEATURE_ORDER,random_forest,rf__depth_3__maxfeat_'sqrt'__leaf_10,fold1_validation,کرازی,کرازی|1396,کرازی|1397,1396,1397,0,0.245965035572,mean_of_5_fixed_seeds
smote_training_fold_only_robustness,main_rule_a_primary,M1_PRIMARY_FEATURE_ORDER,random_forest,rf__depth_3__maxfeat_'sqrt'__leaf_10,fold1_validation,کفرا,کفرا|1395,کفرا|1396,1395,1396,0,0.17105076728,mean_of_5_fixed_seeds
smote_training_fold_only_robustness,main_rule_a_primary,M1_PRIMARY_FEATURE_ORDER,random_forest,rf__depth_3__maxfeat_'sqrt'__leaf_10,fold1_validation,کفرا,کفرا|1396,کفرا|1397,1396,1397,0,0.120558666393,mean_of_5_fixed_seeds
smote_training_fold_only_robustness,main_rule_a_primary,M1_PRIMARY_FEATURE_ORDER,random_forest,rf__depth_3__maxfeat_'sqrt'__leaf_10,fold1_validation,کفپارس,کفپارس|1395,کفپارس|1396,1395,1396,1,0.366290182729,mean_of_5_fixed_seeds
smote_training_fold_only_robustness,main_rule_a_primary,M1_PRIMARY_FEATURE_ORDER,random_forest,rf__depth_3__maxfeat_'sqrt'__leaf_10,fold1_validation,کفپارس,کفپارس|1396,کفپارس|1397,1396,1397,0,0.391302718197,mean_of_5_fixed_seeds
smote_training_fold_only_robustness,main_rule_a_primary,M1_PRIMARY_FEATURE_ORDER,random_forest,rf__depth_3__maxfeat_'sqrt'__leaf_10,fold1_validation,کهمدا,کهمدا|1395,کهمدا|1396,1395,1396,0,0.062699922148,mean_of_5_fixed_seeds
smote_training_fold_only_robustness,main_rule_a_primary,M1_PRIMARY_FEATURE_ORDER,random_forest,rf__depth_3__maxfeat_'sqrt'__leaf_10,fold1_validation,کهمدا,کهمدا|1396,کهمدا|1397,1396,1397,0,0.121949136758,mean_of_5_fixed_seeds
smote_training_fold_only_robustness,main_rule_a_primary,M1_PRIMARY_FEATURE_ORDER,random_forest,rf__depth_3__maxfeat_'sqrt'__leaf_10,fold1_validation,کگاز,کگاز|1395,کگاز|1396,1395,1396,0,0.750613790886,mean_of_5_fixed_seeds
smote_training_fold_only_robustness,main_rule_a_primary,M1_PRIMARY_FEATURE_ORDER,random_forest,rf__depth_3__maxfeat_'sqrt'__leaf_10,fold1_validation,کگاز,کگاز|1396,کگاز|1397,1396,1397,0,0.233321838662,mean_of_5_fixed_seeds
smote_training_fold_only_robustness,main_rule_a_primary,M1_PRIMARY_FEATURE_ORDER,random_forest,rf__depth_3__maxfeat_'sqrt'__leaf_10,fold1_validation,کگل,کگل|1395,کگل|1396,1395,1396,0,0.1576977154,mean_of_5_fixed_seeds
smote_training_fold_only_robustness,main_rule_a_primary,M1_PRIMARY_FEATURE_ORDER,random_forest,rf__depth_3__maxfeat_'sqrt'__leaf_10,fold1_validation,کگل,کگل|1396,کگل|1397,1396,1397,0,0.126913978481,mean_of_5_fixed_seeds
smote_training_fold_only_robustness,main_rule_a_primary,M1_PRIMARY_FEATURE_ORDER,random_forest,rf__depth_3__maxfeat_'sqrt'__leaf_10,fold2_validation,بالبر,بالبر|1397,بالبر|1398,1397,1398,0,0.738257958721,mean_of_5_fixed_seeds
smote_training_fold_only_robustness,main_rule_a_primary,M1_PRIMARY_FEATURE_ORDER,random_forest,rf__depth_3__maxfeat_'sqrt'__leaf_10,fold2_validation,بالبر,بالبر|1398,بالبر|1399,1398,1399,0,0.431474472589,mean_of_5_fixed_seeds
smote_training_fold_only_robustness,main_rule_a_primary,M1_PRIMARY_FEATURE_ORDER,random_forest,rf__depth_3__maxfeat_'sqrt'__leaf_10,fold2_validation,بترانس,بترانس|1397,بترانس|1398,1397,1398,0,0.420709960761,mean_of_5_fixed_seeds
smote_training_fold_only_robustness,main_rule_a_primary,M1_PRIMARY_FEATURE_ORDER,random_forest,rf__depth_3__maxfeat_'sqrt'__leaf_10,fold2_validation,بترانس,بترانس|1398,بترانس|1399,1398,1399,0,0.390314886167,mean_of_5_fixed_seeds
smote_training_fold_only_robustness,main_rule_a_primary,M1_PRIMARY_FEATURE_ORDER,random_forest,rf__depth_3__maxfeat_'sqrt'__leaf_10,fold2_validation,بموتو,بموتو|1397,بموتو|1398,1397,1398,0,0.539481688617,mean_of_5_fixed_seeds
smote_training_fold_only_robustness,main_rule_a_primary,M1_PRIMARY_FEATURE_ORDER,random_forest,rf__depth_3__maxfeat_'sqrt'__leaf_10,fold2_validation,بموتو,بموتو|1398,بموتو|1399,1398,1399,0,0.152208827082,mean_of_5_fixed_seeds
smote_training_fold_only_robustness,main_rule_a_primary,M1_PRIMARY_FEATURE_ORDER,random_forest,rf__depth_3__maxfeat_'sqrt'__leaf_10,fold2_validation,بکاب,بکاب|1397,بکاب|1398,1397,1398,0,0.246826749467,mean_of_5_fixed_seeds
smote_training_fold_only_robustness,main_rule_a_primary,M1_PRIMARY_FEATURE_ORDER,random_forest,rf__depth_3__maxfeat_'sqrt'__leaf_10,fold2_validation,بکاب,بکاب|1398,بکاب|1399,1398,1399,0,0.225936765031,mean_of_5_fixed_seeds
smote_training_fold_only_robustness,main_rule_a_primary,M1_PRIMARY_FEATURE_ORDER,random_forest,rf__depth_3__maxfeat_'sqrt'__leaf_10,fold2_validation,بکام,بکام|1397,بکام|1398,1397,1398,0,0.763397820494,mean_of_5_fixed_seeds
smote_training_fold_only_robustness,main_rule_a_primary,M1_PRIMARY_FEATURE_ORDER,random_forest,rf__depth_3__maxfeat_'sqrt'__leaf_10,fold2_validation,بکام,بکام|1398,بکام|1399,1398,1399,0,0.388500626217,mean_of_5_fixed_seeds
smote_training_fold_only_robustness,main_rule_a_primary,M1_PRIMARY_FEATURE_ORDER,random_forest,rf__depth_3__maxfeat_'sqrt'__leaf_10,fold2_validation,تپمپی,تپمپی|1397,تپمپی|1398,1397,1398,0,0.283209306401,mean_of_5_fixed_seeds
smote_training_fold_only_robustness,main_rule_a_primary,M1_PRIMARY_FEATURE_ORDER,random_forest,rf__depth_3__maxfeat_'sqrt'__leaf_10,fold2_validation,تپمپی,تپمپی|1398,تپمپی|1399,1398,1399,0,0.243338652172,mean_of_5_fixed_seeds
smote_training_fold_only_robustness,main_rule_a_primary,M1_PRIMARY_FEATURE_ORDER,random_forest,rf__depth_3__maxfeat_'sqrt'__leaf_10,fold2_validation,تکمبا,تکمبا|1397,تکمبا|1398,1397,1398,0,0.527518543602,mean_of_5_fixed_seeds
smote_training_fold_only_robustness,main_rule_a_primary,M1_PRIMARY_FEATURE_ORDER,random_forest,rf__depth_3__maxfeat_'sqrt'__leaf_10,fold2_validation,تکمبا,تکمبا|1398,تکمبا|1399,1398,1399,0,0.475036427205,mean_of_5_fixed_seeds
smote_training_fold_only_robustness,main_rule_a_primary,M1_PRIMARY_FEATURE_ORDER,random_forest,rf__depth_3__maxfeat_'sqrt'__leaf_10,fold2_validation,ثشرق,ثشرق|1397,ثشرق|1398,1397,1398,0,0.505837995101,mean_of_5_fixed_seeds
smote_training_fold_only_robustness,main_rule_a_primary,M1_PRIMARY_FEATURE_ORDER,random_forest,rf__depth_3__maxfeat_'sqrt'__leaf_10,fold2_validation,ثشرق,ثشرق|1398,ثشرق|1399,1398,1399,0,0.317235015827,mean_of_5_fixed_seeds
smote_training_fold_only_robustness,main_rule_a_primary,M1_PRIMARY_FEATURE_ORDER,random_forest,rf__depth_3__maxfeat_'sqrt'__leaf_10,fold2_validation,ثنوسا,ثنوسا|1397,ثنوسا|1398,1397,1398,1,0.883820506886,mean_of_5_fixed_seeds
smote_training_fold_only_robustness,main_rule_a_primary,M1_PRIMARY_FEATURE_ORDER,random_forest,rf__depth_3__maxfeat_'sqrt'__leaf_10,fold2_validation,ثنوسا,ثنوسا|1398,ثنوسا|1399,1398,1399,0,0.842994422043,mean_of_5_fixed_seeds
smote_training_fold_only_robustness,main_rule_a_primary,M1_PRIMARY_FEATURE_ORDER,random_forest,rf__depth_3__maxfeat_'sqrt'__leaf_10,fold2_validation,جم پیلن,جم پیلن|1398,جم پیلن|1399,1398,1399,0,0.086826252565,mean_of_5_fixed_seeds
smote_training_fold_only_robustness,main_rule_a_primary,M1_PRIMARY_FEATURE_ORDER,random_forest,rf__depth_3__maxfeat_'sqrt'__leaf_10,fold2_validation,جم,جم|1397,جم|1398,1397,1398,0,0.079412479276,mean_of_5_fixed_seeds
smote_training_fold_only_robustness,main_rule_a_primary,M1_PRIMARY_FEATURE_ORDER,random_forest,rf__depth_3__maxfeat_'sqrt'__leaf_10,fold2_validation,جم,جم|1398,جم|1399,1398,1399,0,0.083471432105,mean_of_5_fixed_seeds
smote_training_fold_only_robustness,main_rule_a_primary,M1_PRIMARY_FEATURE_ORDER,random_forest,rf__depth_3__maxfeat_'sqrt'__leaf_10,fold2_validation,حپترو,حپترو|1397,حپترو|1398,1397,1398,0,0.255812202224,mean_of_5_fixed_seeds
smote_training_fold_only_robustness,main_rule_a_primary,M1_PRIMARY_FEATURE_ORDER,random_forest,rf__depth_3__maxfeat_'sqrt'__leaf_10,fold2_validation,حپترو,حپترو|1398,حپترو|1399,1398,1399,0,0.311517985223,mean_of_5_fixed_seeds
smote_training_fold_only_robustness,main_rule_a_primary,M1_PRIMARY_FEATURE_ORDER,random_forest,rf__depth_3__maxfeat_'sqrt'__leaf_10,fold2_validation,حکشتی,حکشتی|1397,حکشتی|1398,1397,1398,0,0.367460973656,mean_of_5_fixed_seeds
smote_training_fold_only_robustness,main_rule_a_primary,M1_PRIMARY_FEATURE_ORDER,random_forest,rf__depth_3__maxfeat_'sqrt'__leaf_10,fold2_validation,حکشتی,حکشتی|1398,حکشتی|1399,1398,1399,0,0.399842227294,mean_of_5_fixed_seeds
smote_training_fold_only_robustness,main_rule_a_primary,M1_PRIMARY_FEATURE_ORDER,random_forest,rf__depth_3__maxfeat_'sqrt'__leaf_10,fold2_validation,خاذین,خاذین|1397,خاذین|1398,1397,1398,0,0.662481515761,mean_of_5_fixed_seeds
smote_training_fold_only_robustness,main_rule_a_primary,M1_PRIMARY_FEATURE_ORDER,random_forest,rf__depth_3__maxfeat_'sqrt'__leaf_10,fold2_validation,خاذین,خاذین|1398,خاذین|1399,1398,1399,0,0.514315241028,mean_of_5_fixed_seeds
smote_training_fold_only_robustness,main_rule_a_primary,M1_PRIMARY_FEATURE_ORDER,random_forest,rf__depth_3__maxfeat_'sqrt'__leaf_10,fold2_validation,خبهمن,خبهمن|1397,خبهمن|1398,1397,1398,0,0.55659625892,mean_of_5_fixed_seeds
smote_training_fold_only_robustness,main_rule_a_primary,M1_PRIMARY_FEATURE_ORDER,random_forest,rf__depth_3__maxfeat_'sqrt'__leaf_10,fold2_validation,خبهمن,خبهمن|1398,خبهمن|1399,1398,1399,0,0.666766777755,mean_of_5_fixed_seeds
smote_training_fold_only_robustness,main_rule_a_primary,M1_PRIMARY_FEATURE_ORDER,random_forest,rf__depth_3__maxfeat_'sqrt'__leaf_10,fold2_validation,ختوقا,ختوقا|1397,ختوقا|1398,1397,1398,0,0.596379580853,mean_of_5_fixed_seeds
smote_training_fold_only_robustness,main_rule_a_primary,M1_PRIMARY_FEATURE_ORDER,random_forest,rf__depth_3__maxfeat_'sqrt'__leaf_10,fold2_validation,ختوقا,ختوقا|1398,ختوقا|1399,1398,1399,0,0.613471902501,mean_of_5_fixed_seeds
smote_training_fold_only_robustness,main_rule_a_primary,M1_PRIMARY_FEATURE_ORDER,random_forest,rf__depth_3__maxfeat_'sqrt'__leaf_10,fold2_validation,خرینگ,خرینگ|1397,خرینگ|1398,1397,1398,0,0.74037304696,mean_of_5_fixed_seeds
smote_training_fold_only_robustness,main_rule_a_primary,M1_PRIMARY_FEATURE_ORDER,random_forest,rf__depth_3__maxfeat_'sqrt'__leaf_10,fold2_validation,خرینگ,خرینگ|1398,خرینگ|1399,1398,1399,0,0.744749172354,mean_of_5_fixed_seeds
smote_training_fold_only_robustness,main_rule_a_primary,M1_PRIMARY_FEATURE_ORDER,random_forest,rf__depth_3__maxfeat_'sqrt'__leaf_10,fold2_validation,خمحور,خمحور|1397,خمحور|1398,1397,1398,0,0.270426242046,mean_of_5_fixed_seeds
smote_training_fold_only_robustness,main_rule_a_primary,M1_PRIMARY_FEATURE_ORDER,random_forest,rf__depth_3__maxfeat_'sqrt'__leaf_10,fold2_validation,خمحور,خمحور|1398,خمحور|1399,1398,1399,0,0.589291995203,mean_of_5_fixed_seeds
smote_training_fold_only_robustness,main_rule_a_primary,M1_PRIMARY_FEATURE_ORDER,random_forest,rf__depth_3__maxfeat_'sqrt'__leaf_10,fold2_validation,خمهر,خمهر|1397,خمهر|1398,1397,1398,1,0.71168891794,mean_of_5_fixed_seeds
smote_training_fold_only_robustness,main_rule_a_primary,M1_PRIMARY_FEATURE_ORDER,random_forest,rf__depth_3__maxfeat_'sqrt'__leaf_10,fold2_validation,خمهر,خمهر|1398,خمهر|1399,1398,1399,0,0.774484584486,mean_of_5_fixed_seeds
smote_training_fold_only_robustness,main_rule_a_primary,M1_PRIMARY_FEATURE_ORDER,random_forest,rf__depth_3__maxfeat_'sqrt'__leaf_10,fold2_validation,خنصیر,خنصیر|1397,خنصیر|1398,1397,1398,0,0.622934604769,mean_of_5_fixed_seeds
smote_training_fold_only_robustness,main_rule_a_primary,M1_PRIMARY_FEATURE_ORDER,random_forest,rf__depth_3__maxfeat_'sqrt'__leaf_10,fold2_validation,خنصیر,خنصیر|1398,خنصیر|1399,1398,1399,0,0.621001234303,mean_of_5_fixed_seeds
smote_training_fold_only_robustness,main_rule_a_primary,M1_PRIMARY_FEATURE_ORDER,random_forest,rf__depth_3__maxfeat_'sqrt'__leaf_10,fold2_validation,خوساز,خوساز|1397,خوساز|1398,1397,1398,0,0.466246769842,mean_of_5_fixed_seeds
smote_training_fold_only_robustness,main_rule_a_primary,M1_PRIMARY_FEATURE_ORDER,random_forest,rf__depth_3__maxfeat_'sqrt'__leaf_10,fold2_validation,خوساز,خوساز|1398,خوساز|1399,1398,1399,0,0.480857523073,mean_of_5_fixed_seeds
smote_training_fold_only_robustness,main_rule_a_primary,M1_PRIMARY_FEATURE_ORDER,random_forest,rf__depth_3__maxfeat_'sqrt'__leaf_10,fold2_validation,خچرخش,خچرخش|1397,خچرخش|1398,1397,1398,0,0.273301825019,mean_of_5_fixed_seeds
smote_training_fold_only_robustness,main_rule_a_primary,M1_PRIMARY_FEATURE_ORDER,random_forest,rf__depth_3__maxfeat_'sqrt'__leaf_10,fold2_validation,خچرخش,خچرخش|1398,خچرخش|1399,1398,1399,0,0.314882089473,mean_of_5_fixed_seeds
smote_training_fold_only_robustness,main_rule_a_primary,M1_PRIMARY_FEATURE_ORDER,random_forest,rf__depth_3__maxfeat_'sqrt'__leaf_10,fold2_validation,خکمک,خکمک|1397,خکمک|1398,1397,1398,0,0.679400226509,mean_of_5_fixed_seeds
smote_training_fold_only_robustness,main_rule_a_primary,M1_PRIMARY_FEATURE_ORDER,random_forest,rf__depth_3__maxfeat_'sqrt'__leaf_10,fold2_validation,خکمک,خکمک|1398,خکمک|1399,1398,1399,0,0.695426452235,mean_of_5_fixed_seeds
smote_training_fold_only_robustness,main_rule_a_primary,M1_PRIMARY_FEATURE_ORDER,random_forest,rf__depth_3__maxfeat_'sqrt'__leaf_10,fold2_validation,ددام,ددام|1397,ددام|1398,1397,1398,0,0.582890522793,mean_of_5_fixed_seeds
smote_training_fold_only_robustness,main_rule_a_primary,M1_PRIMARY_FEATURE_ORDER,random_forest,rf__depth_3__maxfeat_'sqrt'__leaf_10,fold2_validation,ددام,ددام|1398,ددام|1399,1398,1399,0,0.153663313565,mean_of_5_fixed_seeds
smote_training_fold_only_robustness,main_rule_a_primary,M1_PRIMARY_FEATURE_ORDER,random_forest,rf__depth_3__maxfeat_'sqrt'__leaf_10,fold2_validation,دروز,دروز|1397,دروز|1398,1397,1398,1,0.292897871982,mean_of_5_fixed_seeds
smote_training_fold_only_robustness,main_rule_a_primary,M1_PRIMARY_FEATURE_ORDER,random_forest,rf__depth_3__maxfeat_'sqrt'__leaf_10,fold2_validation,دروز,دروز|1398,دروز|1399,1398,1399,1,0.535046511209,mean_of_5_fixed_seeds
smote_training_fold_only_robustness,main_rule_a_primary,M1_PRIMARY_FEATURE_ORDER,random_forest,rf__depth_3__maxfeat_'sqrt'__leaf_10,fold2_validation,دسبحا,دسبحا|1397,دسبحا|1398,1397,1398,0,0.222748161364,mean_of_5_fixed_seeds
smote_training_fold_only_robustness,main_rule_a_primary,M1_PRIMARY_FEATURE_ORDER,random_forest,rf__depth_3__maxfeat_'sqrt'__leaf_10,fold2_validation,دسبحا,دسبحا|1398,دسبحا|1399,1398,1399,0,0.209461528288,mean_of_5_fixed_seeds
smote_training_fold_only_robustness,main_rule_a_primary,M1_PRIMARY_FEATURE_ORDER,random_forest,rf__depth_3__maxfeat_'sqrt'__leaf_10,fold2_validation,دسینا,دسینا|1397,دسینا|1398,1397,1398,0,0.157299850855,mean_of_5_fixed_seeds
smote_training_fold_only_robustness,main_rule_a_primary,M1_PRIMARY_FEATURE_ORDER,random_forest,rf__depth_3__maxfeat_'sqrt'__leaf_10,fold2_validation,دسینا,دسینا|1398,دسینا|1399,1398,1399,0,0.215775045903,mean_of_5_fixed_seeds
smote_training_fold_only_robustness,main_rule_a_primary,M1_PRIMARY_FEATURE_ORDER,random_forest,rf__depth_3__maxfeat_'sqrt'__leaf_10,fold2_validation,دشیمی,دشیمی|1397,دشیمی|1398,1397,1398,0,0.423539303912,mean_of_5_fixed_seeds
smote_training_fold_only_robustness,main_rule_a_primary,M1_PRIMARY_FEATURE_ORDER,random_forest,rf__depth_3__maxfeat_'sqrt'__leaf_10,fold2_validation,دشیمی,دشیمی|1398,دشیمی|1399,1398,1399,0,0.268107195581,mean_of_5_fixed_seeds
smote_training_fold_only_robustness,main_rule_a_primary,M1_PRIMARY_FEATURE_ORDER,random_forest,rf__depth_3__maxfeat_'sqrt'__leaf_10,fold2_validation,دیران,دیران|1397,دیران|1398,1397,1398,0,0.241576577823,mean_of_5_fixed_seeds
smote_training_fold_only_robustness,main_rule_a_primary,M1_PRIMARY_FEATURE_ORDER,random_forest,rf__depth_3__maxfeat_'sqrt'__leaf_10,fold2_validation,دیران,دیران|1398,دیران|1399,1398,1399,0,0.209156713777,mean_of_5_fixed_seeds
smote_training_fold_only_robustness,main_rule_a_primary,M1_PRIMARY_FEATURE_ORDER,random_forest,rf__depth_3__maxfeat_'sqrt'__leaf_10,fold2_validation,رانفور,رانفور|1397,رانفور|1398,1397,1398,0,0.080567160517,mean_of_5_fixed_seeds
smote_training_fold_only_robustness,main_rule_a_primary,M1_PRIMARY_FEATURE_ORDER,random_forest,rf__depth_3__maxfeat_'sqrt'__leaf_10,fold2_validation,رانفور,رانفور|1398,رانفور|1399,1398,1399,0,0.078266929451,mean_of_5_fixed_seeds
smote_training_fold_only_robustness,main_rule_a_primary,M1_PRIMARY_FEATURE_ORDER,random_forest,rf__depth_3__maxfeat_'sqrt'__leaf_10,fold2_validation,رمپنا,رمپنا|1397,رمپنا|1398,1397,1398,0,0.477297146625,mean_of_5_fixed_seeds
smote_training_fold_only_robustness,main_rule_a_primary,M1_PRIMARY_FEATURE_ORDER,random_forest,rf__depth_3__maxfeat_'sqrt'__leaf_10,fold2_validation,رمپنا,رمپنا|1398,رمپنا|1399,1398,1399,0,0.390228375257,mean_of_5_fixed_seeds
smote_training_fold_only_robustness,main_rule_a_primary,M1_PRIMARY_FEATURE_ORDER,random_forest,rf__depth_3__maxfeat_'sqrt'__leaf_10,fold2_validation,زمگسا,زمگسا|1397,زمگسا|1398,1397,1398,0,0.219093658034,mean_of_5_fixed_seeds
smote_training_fold_only_robustness,main_rule_a_primary,M1_PRIMARY_FEATURE_ORDER,random_forest,rf__depth_3__maxfeat_'sqrt'__leaf_10,fold2_validation,زمگسا,زمگسا|1398,زمگسا|1399,1398,1399,0,0.165423977815,mean_of_5_fixed_seeds
smote_training_fold_only_robustness,main_rule_a_primary,M1_PRIMARY_FEATURE_ORDER,random_forest,rf__depth_3__maxfeat_'sqrt'__leaf_10,fold2_validation,زپارس,زپارس|1397,زپارس|1398,1397,1398,0,0.202681739532,mean_of_5_fixed_seeds
smote_training_fold_only_robustness,main_rule_a_primary,M1_PRIMARY_FEATURE_ORDER,random_forest,rf__depth_3__maxfeat_'sqrt'__leaf_10,fold2_validation,زپارس,زپارس|1398,زپارس|1399,1398,1399,0,0.142263700125,mean_of_5_fixed_seeds
smote_training_fold_only_robustness,main_rule_a_primary,M1_PRIMARY_FEATURE_ORDER,random_forest,rf__depth_3__maxfeat_'sqrt'__leaf_10,fold2_validation,ساراب,ساراب|1397,ساراب|1398,1397,1398,0,0.11940246689,mean_of_5_fixed_seeds
smote_training_fold_only_robustness,main_rule_a_primary,M1_PRIMARY_FEATURE_ORDER,random_forest,rf__depth_3__maxfeat_'sqrt'__leaf_10,fold2_validation,ساراب,ساراب|1398,ساراب|1399,1398,1399,0,0.110423447749,mean_of_5_fixed_seeds
smote_training_fold_only_robustness,main_rule_a_primary,M1_PRIMARY_FEATURE_ORDER,random_forest,rf__depth_3__maxfeat_'sqrt'__leaf_10,fold2_validation,ساربیل,ساربیل|1397,ساربیل|1398,1397,1398,0,0.084573123899,mean_of_5_fixed_seeds
smote_training_fold_only_robustness,main_rule_a_primary,M1_PRIMARY_FEATURE_ORDER,random_forest,rf__depth_3__maxfeat_'sqrt'__leaf_10,fold2_validation,ساربیل,ساربیل|1398,ساربیل|1399,1398,1399,0,0.084034538399,mean_of_5_fixed_seeds
smote_training_fold_only_robustness,main_rule_a_primary,M1_PRIMARY_FEATURE_ORDER,random_forest,rf__depth_3__maxfeat_'sqrt'__leaf_10,fold2_validation,ساروم,ساروم|1397,ساروم|1398,1397,1398,0,0.090055372703,mean_of_5_fixed_seeds
smote_training_fold_only_robustness,main_rule_a_primary,M1_PRIMARY_FEATURE_ORDER,random_forest,rf__depth_3__maxfeat_'sqrt'__leaf_10,fold2_validation,ساروم,ساروم|1398,ساروم|1399,1398,1399,0,0.084199722178,mean_of_5_fixed_seeds
smote_training_fold_only_robustness,main_rule_a_primary,M1_PRIMARY_FEATURE_ORDER,random_forest,rf__depth_3__maxfeat_'sqrt'__leaf_10,fold2_validation,سبجنو,سبجنو|1397,سبجنو|1398,1397,1398,0,0.320454078477,mean_of_5_fixed_seeds
smote_training_fold_only_robustness,main_rule_a_primary,M1_PRIMARY_FEATURE_ORDER,random_forest,rf__depth_3__maxfeat_'sqrt'__leaf_10,fold2_validation,سبجنو,سبجنو|1398,سبجنو|1399,1398,1399,0,0.152817065797,mean_of_5_fixed_seeds
smote_training_fold_only_robustness,main_rule_a_primary,M1_PRIMARY_FEATURE_ORDER,random_forest,rf__depth_3__maxfeat_'sqrt'__leaf_10,fold2_validation,سبهان,سبهان|1397,سبهان|1398,1397,1398,0,0.090774914266,mean_of_5_fixed_seeds
smote_training_fold_only_robustness,main_rule_a_primary,M1_PRIMARY_FEATURE_ORDER,random_forest,rf__depth_3__maxfeat_'sqrt'__leaf_10,fold2_validation,سبهان,سبهان|1398,سبهان|1399,1398,1399,0,0.110441742972,mean_of_5_fixed_seeds
smote_training_fold_only_robustness,main_rule_a_primary,M1_PRIMARY_FEATURE_ORDER,random_forest,rf__depth_3__maxfeat_'sqrt'__leaf_10,fold2_validation,ستران,ستران|1397,ستران|1398,1397,1398,0,0.31505667736,mean_of_5_fixed_seeds
smote_training_fold_only_robustness,main_rule_a_primary,M1_PRIMARY_FEATURE_ORDER,random_forest,rf__depth_3__maxfeat_'sqrt'__leaf_10,fold2_validation,ستران,ستران|1398,ستران|1399,1398,1399,0,0.275583964248,mean_of_5_fixed_seeds
smote_training_fold_only_robustness,main_rule_a_primary,M1_PRIMARY_FEATURE_ORDER,random_forest,rf__depth_3__maxfeat_'sqrt'__leaf_10,fold2_validation,سخاش,سخاش|1397,سخاش|1398,1397,1398,0,0.102412333253,mean_of_5_fixed_seeds
smote_training_fold_only_robustness,main_rule_a_primary,M1_PRIMARY_FEATURE_ORDER,random_forest,rf__depth_3__maxfeat_'sqrt'__leaf_10,fold2_validation,سخاش,سخاش|1398,سخاش|1399,1398,1399,0,0.083243649972,mean_of_5_fixed_seeds
smote_training_fold_only_robustness,main_rule_a_primary,M1_PRIMARY_FEATURE_ORDER,random_forest,rf__depth_3__maxfeat_'sqrt'__leaf_10,fold2_validation,سخزر,سخزر|1397,سخزر|1398,1397,1398,0,0.199408116778,mean_of_5_fixed_seeds
smote_training_fold_only_robustness,main_rule_a_primary,M1_PRIMARY_FEATURE_ORDER,random_forest,rf__depth_3__maxfeat_'sqrt'__leaf_10,fold2_validation,سخزر,سخزر|1398,سخزر|1399,1398,1399,0,0.12221455085,mean_of_5_fixed_seeds
smote_training_fold_only_robustness,main_rule_a_primary,M1_PRIMARY_FEATURE_ORDER,random_forest,rf__depth_3__maxfeat_'sqrt'__leaf_10,fold2_validation,سخوز,سخوز|1397,سخوز|1398,1397,1398,0,0.17072045767,mean_of_5_fixed_seeds
smote_training_fold_only_robustness,main_rule_a_primary,M1_PRIMARY_FEATURE_ORDER,random_forest,rf__depth_3__maxfeat_'sqrt'__leaf_10,fold2_validation,سخوز,سخوز|1398,سخوز|1399,1398,1399,0,0.11703467853,mean_of_5_fixed_seeds
smote_training_fold_only_robustness,main_rule_a_primary,M1_PRIMARY_FEATURE_ORDER,random_forest,rf__depth_3__maxfeat_'sqrt'__leaf_10,fold2_validation,سدشت,سدشت|1397,سدشت|1398,1397,1398,0,0.275669814114,mean_of_5_fixed_seeds
smote_training_fold_only_robustness,main_rule_a_primary,M1_PRIMARY_FEATURE_ORDER,random_forest,rf__depth_3__maxfeat_'sqrt'__leaf_10,fold2_validation,سدشت,سدشت|1398,سدشت|1399,1398,1399,0,0.237037997376,mean_of_5_fixed_seeds
smote_training_fold_only_robustness,main_rule_a_primary,M1_PRIMARY_FEATURE_ORDER,random_forest,rf__depth_3__maxfeat_'sqrt'__leaf_10,fold2_validation,سدور,سدور|1397,سدور|1398,1397,1398,0,0.69255417335,mean_of_5_fixed_seeds
smote_training_fold_only_robustness,main_rule_a_primary,M1_PRIMARY_FEATURE_ORDER,random_forest,rf__depth_3__maxfeat_'sqrt'__leaf_10,fold2_validation,سدور,سدور|1398,سدور|1399,1398,1399,0,0.682652986147,mean_of_5_fixed_seeds
smote_training_fold_only_robustness,main_rule_a_primary,M1_PRIMARY_FEATURE_ORDER,random_forest,rf__depth_3__maxfeat_'sqrt'__leaf_10,fold2_validation,سرود,سرود|1397,سرود|1398,1397,1398,0,0.210243531531,mean_of_5_fixed_seeds
smote_training_fold_only_robustness,main_rule_a_primary,M1_PRIMARY_FEATURE_ORDER,random_forest,rf__depth_3__maxfeat_'sqrt'__leaf_10,fold2_validation,سرود,سرود|1398,سرود|1399,1398,1399,0,0.158894966537,mean_of_5_fixed_seeds
smote_training_fold_only_robustness,main_rule_a_primary,M1_PRIMARY_FEATURE_ORDER,random_forest,rf__depth_3__maxfeat_'sqrt'__leaf_10,fold2_validation,سشرق,سشرق|1397,سشرق|1398,1397,1398,0,0.600518594412,mean_of_5_fixed_seeds
smote_training_fold_only_robustness,main_rule_a_primary,M1_PRIMARY_FEATURE_ORDER,random_forest,rf__depth_3__maxfeat_'sqrt'__leaf_10,fold2_validation,سشرق,سشرق|1398,سشرق|1399,1398,1399,0,0.518593004276,mean_of_5_fixed_seeds
smote_training_fold_only_robustness,main_rule_a_primary,M1_PRIMARY_FEATURE_ORDER,random_forest,rf__depth_3__maxfeat_'sqrt'__leaf_10,fold2_validation,سصفها,سصفها|1397,سصفها|1398,1397,1398,0,0.303662794945,mean_of_5_fixed_seeds
smote_training_fold_only_robustness,main_rule_a_primary,M1_PRIMARY_FEATURE_ORDER,random_forest,rf__depth_3__maxfeat_'sqrt'__leaf_10,fold2_validation,سصفها,سصفها|1398,سصفها|1399,1398,1399,0,0.206190252208,mean_of_5_fixed_seeds
smote_training_fold_only_robustness,main_rule_a_primary,M1_PRIMARY_FEATURE_ORDER,random_forest,rf__depth_3__maxfeat_'sqrt'__leaf_10,fold2_validation,سغرب,سغرب|1397,سغرب|1398,1397,1398,0,0.109748674934,mean_of_5_fixed_seeds
smote_training_fold_only_robustness,main_rule_a_primary,M1_PRIMARY_FEATURE_ORDER,random_forest,rf__depth_3__maxfeat_'sqrt'__leaf_10,fold2_validation,سغرب,سغرب|1398,سغرب|1399,1398,1399,0,0.119559872658,mean_of_5_fixed_seeds
smote_training_fold_only_robustness,main_rule_a_primary,M1_PRIMARY_FEATURE_ORDER,random_forest,rf__depth_3__maxfeat_'sqrt'__leaf_10,fold2_validation,سقاین,سقاین|1397,سقاین|1398,1397,1398,0,0.236386212984,mean_of_5_fixed_seeds
smote_training_fold_only_robustness,main_rule_a_primary,M1_PRIMARY_FEATURE_ORDER,random_forest,rf__depth_3__maxfeat_'sqrt'__leaf_10,fold2_validation,سقاین,سقاین|1398,سقاین|1399,1398,1399,0,0.158557163934,mean_of_5_fixed_seeds
smote_training_fold_only_robustness,main_rule_a_primary,M1_PRIMARY_FEATURE_ORDER,random_forest,rf__depth_3__maxfeat_'sqrt'__leaf_10,fold2_validation,سمازن,سمازن|1397,سمازن|1398,1397,1398,0,0.199383455585,mean_of_5_fixed_seeds
smote_training_fold_only_robustness,main_rule_a_primary,M1_PRIMARY_FEATURE_ORDER,random_forest,rf__depth_3__maxfeat_'sqrt'__leaf_10,fold2_validation,سمازن,سمازن|1398,سمازن|1399,1398,1399,0,0.133932888004,mean_of_5_fixed_seeds
smote_training_fold_only_robustness,main_rule_a_primary,M1_PRIMARY_FEATURE_ORDER,random_forest,rf__depth_3__maxfeat_'sqrt'__leaf_10,fold2_validation,سنیر,سنیر|1397,سنیر|1398,1397,1398,0,0.139247905467,mean_of_5_fixed_seeds
smote_training_fold_only_robustness,main_rule_a_primary,M1_PRIMARY_FEATURE_ORDER,random_forest,rf__depth_3__maxfeat_'sqrt'__leaf_10,fold2_validation,سنیر,سنیر|1398,سنیر|1399,1398,1399,0,0.092627673802,mean_of_5_fixed_seeds
smote_training_fold_only_robustness,main_rule_a_primary,M1_PRIMARY_FEATURE_ORDER,random_forest,rf__depth_3__maxfeat_'sqrt'__leaf_10,fold2_validation,سهگمت,سهگمت|1397,سهگمت|1398,1397,1398,0,0.226336693268,mean_of_5_fixed_seeds
smote_training_fold_only_robustness,main_rule_a_primary,M1_PRIMARY_FEATURE_ORDER,random_forest,rf__depth_3__maxfeat_'sqrt'__leaf_10,fold2_validation,سهگمت,سهگمت|1398,سهگمت|1399,1398,1399,0,0.202890437416,mean_of_5_fixed_seeds
smote_training_fold_only_robustness,main_rule_a_primary,M1_PRIMARY_FEATURE_ORDER,random_forest,rf__depth_3__maxfeat_'sqrt'__leaf_10,fold2_validation,سپاها,سپاها|1397,سپاها|1398,1397,1398,0,0.550009205022,mean_of_5_fixed_seeds
smote_training_fold_only_robustness,main_rule_a_primary,M1_PRIMARY_FEATURE_ORDER,random_forest,rf__depth_3__maxfeat_'sqrt'__leaf_10,fold2_validation,سپاها,سپاها|1398,سپاها|1399,1398,1399,0,0.228750342249,mean_of_5_fixed_seeds
smote_training_fold_only_robustness,main_rule_a_primary,M1_PRIMARY_FEATURE_ORDER,random_forest,rf__depth_3__maxfeat_'sqrt'__leaf_10,fold2_validation,سکرد,سکرد|1397,سکرد|1398,1397,1398,0,0.843857923288,mean_of_5_fixed_seeds
smote_training_fold_only_robustness,main_rule_a_primary,M1_PRIMARY_FEATURE_ORDER,random_forest,rf__depth_3__maxfeat_'sqrt'__leaf_10,fold2_validation,سکرد,سکرد|1398,سکرد|1399,1398,1399,0,0.63694559751,mean_of_5_fixed_seeds
smote_training_fold_only_robustness,main_rule_a_primary,M1_PRIMARY_FEATURE_ORDER,random_forest,rf__depth_3__maxfeat_'sqrt'__leaf_10,fold2_validation,سیلام,سیلام|1397,سیلام|1398,1397,1398,1,0.779734669596,mean_of_5_fixed_seeds
smote_training_fold_only_robustness,main_rule_a_primary,M1_PRIMARY_FEATURE_ORDER,random_forest,rf__depth_3__maxfeat_'sqrt'__leaf_10,fold2_validation,سیلام,سیلام|1398,سیلام|1399,1398,1399,1,0.777851120618,mean_of_5_fixed_seeds
smote_training_fold_only_robustness,main_rule_a_primary,M1_PRIMARY_FEATURE_ORDER,random_forest,rf__depth_3__maxfeat_'sqrt'__leaf_10,fold2_validation,شاراک,شاراک|1397,شاراک|1398,1397,1398,0,0.074089616996,mean_of_5_fixed_seeds
smote_training_fold_only_robustness,main_rule_a_primary,M1_PRIMARY_FEATURE_ORDER,random_forest,rf__depth_3__maxfeat_'sqrt'__leaf_10,fold2_validation,شاراک,شاراک|1398,شاراک|1399,1398,1399,0,0.091988362274,mean_of_5_fixed_seeds
smote_training_fold_only_robustness,main_rule_a_primary,M1_PRIMARY_FEATURE_ORDER,random_forest,rf__depth_3__maxfeat_'sqrt'__leaf_10,fold2_validation,شبریز,شبریز|1397,شبریز|1398,1397,1398,0,0.09603257864,mean_of_5_fixed_seeds
smote_training_fold_only_robustness,main_rule_a_primary,M1_PRIMARY_FEATURE_ORDER,random_forest,rf__depth_3__maxfeat_'sqrt'__leaf_10,fold2_validation,شبریز,شبریز|1398,شبریز|1399,1398,1399,0,0.106794817004,mean_of_5_fixed_seeds
smote_training_fold_only_robustness,main_rule_a_primary,M1_PRIMARY_FEATURE_ORDER,random_forest,rf__depth_3__maxfeat_'sqrt'__leaf_10,fold2_validation,شبندر,شبندر|1397,شبندر|1398,1397,1398,0,0.090896262161,mean_of_5_fixed_seeds
smote_training_fold_only_robustness,main_rule_a_primary,M1_PRIMARY_FEATURE_ORDER,random_forest,rf__depth_3__maxfeat_'sqrt'__leaf_10,fold2_validation,شبندر,شبندر|1398,شبندر|1399,1398,1399,0,0.109077858066,mean_of_5_fixed_seeds
smote_training_fold_only_robustness,main_rule_a_primary,M1_PRIMARY_FEATURE_ORDER,random_forest,rf__depth_3__maxfeat_'sqrt'__leaf_10,fold2_validation,شدوص,شدوص|1397,شدوص|1398,1397,1398,0,0.20770678022,mean_of_5_fixed_seeds
smote_training_fold_only_robustness,main_rule_a_primary,M1_PRIMARY_FEATURE_ORDER,random_forest,rf__depth_3__maxfeat_'sqrt'__leaf_10,fold2_validation,شدوص,شدوص|1398,شدوص|1399,1398,1399,0,0.126260648845,mean_of_5_fixed_seeds
smote_training_fold_only_robustness,main_rule_a_primary,M1_PRIMARY_FEATURE_ORDER,random_forest,rf__depth_3__maxfeat_'sqrt'__leaf_10,fold2_validation,شفارس,شفارس|1397,شفارس|1398,1397,1398,0,0.27618391398,mean_of_5_fixed_seeds
smote_training_fold_only_robustness,main_rule_a_primary,M1_PRIMARY_FEATURE_ORDER,random_forest,rf__depth_3__maxfeat_'sqrt'__leaf_10,fold2_validation,شفارس,شفارس|1398,شفارس|1399,1398,1399,0,0.241211379132,mean_of_5_fixed_seeds
smote_training_fold_only_robustness,main_rule_a_primary,M1_PRIMARY_FEATURE_ORDER,random_forest,rf__depth_3__maxfeat_'sqrt'__leaf_10,fold2_validation,شلعاب,شلعاب|1397,شلعاب|1398,1397,1398,0,0.461376413232,mean_of_5_fixed_seeds
smote_training_fold_only_robustness,main_rule_a_primary,M1_PRIMARY_FEATURE_ORDER,random_forest,rf__depth_3__maxfeat_'sqrt'__leaf_10,fold2_validation,شلعاب,شلعاب|1398,شلعاب|1399,1398,1399,0,0.459636776416,mean_of_5_fixed_seeds
smote_training_fold_only_robustness,main_rule_a_primary,M1_PRIMARY_FEATURE_ORDER,random_forest,rf__depth_3__maxfeat_'sqrt'__leaf_10,fold2_validation,شپارس,شپارس|1397,شپارس|1398,1397,1398,0,0.408429310639,mean_of_5_fixed_seeds
smote_training_fold_only_robustness,main_rule_a_primary,M1_PRIMARY_FEATURE_ORDER,random_forest,rf__depth_3__maxfeat_'sqrt'__leaf_10,fold2_validation,شپارس,شپارس|1398,شپارس|1399,1398,1399,0,0.269902049056,mean_of_5_fixed_seeds
smote_training_fold_only_robustness,main_rule_a_primary,M1_PRIMARY_FEATURE_ORDER,random_forest,rf__depth_3__maxfeat_'sqrt'__leaf_10,fold2_validation,شپنا,شپنا|1397,شپنا|1398,1397,1398,0,0.096269860047,mean_of_5_fixed_seeds
smote_training_fold_only_robustness,main_rule_a_primary,M1_PRIMARY_FEATURE_ORDER,random_forest,rf__depth_3__maxfeat_'sqrt'__leaf_10,fold2_validation,شپنا,شپنا|1398,شپنا|1399,1398,1399,0,0.109159909975,mean_of_5_fixed_seeds
smote_training_fold_only_robustness,main_rule_a_primary,M1_PRIMARY_FEATURE_ORDER,random_forest,rf__depth_3__maxfeat_'sqrt'__leaf_10,fold2_validation,شکربن,شکربن|1397,شکربن|1398,1397,1398,0,0.092488043309,mean_of_5_fixed_seeds
smote_training_fold_only_robustness,main_rule_a_primary,M1_PRIMARY_FEATURE_ORDER,random_forest,rf__depth_3__maxfeat_'sqrt'__leaf_10,fold2_validation,شکربن,شکربن|1398,شکربن|1399,1398,1399,0,0.104603876235,mean_of_5_fixed_seeds
smote_training_fold_only_robustness,main_rule_a_primary,M1_PRIMARY_FEATURE_ORDER,random_forest,rf__depth_3__maxfeat_'sqrt'__leaf_10,fold2_validation,شکلر,شکلر|1398,شکلر|1399,1398,1399,0,0.146712266633,mean_of_5_fixed_seeds
smote_training_fold_only_robustness,main_rule_a_primary,M1_PRIMARY_FEATURE_ORDER,random_forest,rf__depth_3__maxfeat_'sqrt'__leaf_10,fold2_validation,شیران,شیران|1397,شیران|1398,1397,1398,0,0.087831829632,mean_of_5_fixed_seeds
smote_training_fold_only_robustness,main_rule_a_primary,M1_PRIMARY_FEATURE_ORDER,random_forest,rf__depth_3__maxfeat_'sqrt'__leaf_10,fold2_validation,شیران,شیران|1398,شیران|1399,1398,1399,0,0.10575363459,mean_of_5_fixed_seeds
smote_training_fold_only_robustness,main_rule_a_primary,M1_PRIMARY_FEATURE_ORDER,random_forest,rf__depth_3__maxfeat_'sqrt'__leaf_10,fold2_validation,غبهنوش,غبهنوش|1397,غبهنوش|1398,1397,1398,0,0.694457960634,mean_of_5_fixed_seeds
smote_training_fold_only_robustness,main_rule_a_primary,M1_PRIMARY_FEATURE_ORDER,random_forest,rf__depth_3__maxfeat_'sqrt'__leaf_10,fold2_validation,غبهنوش,غبهنوش|1398,غبهنوش|1399,1398,1399,0,0.702992795535,mean_of_5_fixed_seeds
smote_training_fold_only_robustness,main_rule_a_primary,M1_PRIMARY_FEATURE_ORDER,random_forest,rf__depth_3__maxfeat_'sqrt'__leaf_10,fold2_validation,غدام,غدام|1397,غدام|1398,1397,1398,0,0.257957994183,mean_of_5_fixed_seeds
smote_training_fold_only_robustness,main_rule_a_primary,M1_PRIMARY_FEATURE_ORDER,random_forest,rf__depth_3__maxfeat_'sqrt'__leaf_10,fold2_validation,غدام,غدام|1398,غدام|1399,1398,1399,0,0.25436053641,mean_of_5_fixed_seeds
smote_training_fold_only_robustness,main_rule_a_primary,M1_PRIMARY_FEATURE_ORDER,random_forest,rf__depth_3__maxfeat_'sqrt'__leaf_10,fold2_validation,غسالم,غسالم|1397,غسالم|1398,1397,1398,0,0.173679835723,mean_of_5_fixed_seeds
smote_training_fold_only_robustness,main_rule_a_primary,M1_PRIMARY_FEATURE_ORDER,random_forest,rf__depth_3__maxfeat_'sqrt'__leaf_10,fold2_validation,غسالم,غسالم|1398,غسالم|1399,1398,1399,0,0.222025921646,mean_of_5_fixed_seeds
smote_training_fold_only_robustness,main_rule_a_primary,M1_PRIMARY_FEATURE_ORDER,random_forest,rf__depth_3__maxfeat_'sqrt'__leaf_10,fold2_validation,غشان,غشان|1397,غشان|1398,1397,1398,0,0.299246062301,mean_of_5_fixed_seeds
smote_training_fold_only_robustness,main_rule_a_primary,M1_PRIMARY_FEATURE_ORDER,random_forest,rf__depth_3__maxfeat_'sqrt'__leaf_10,fold2_validation,غشان,غشان|1398,غشان|1399,1398,1399,0,0.268441628991,mean_of_5_fixed_seeds
smote_training_fold_only_robustness,main_rule_a_primary,M1_PRIMARY_FEATURE_ORDER,random_forest,rf__depth_3__maxfeat_'sqrt'__leaf_10,fold2_validation,غشهد,غشهد|1397,غشهد|1398,1397,1398,0,0.625083130398,mean_of_5_fixed_seeds
smote_training_fold_only_robustness,main_rule_a_primary,M1_PRIMARY_FEATURE_ORDER,random_forest,rf__depth_3__maxfeat_'sqrt'__leaf_10,fold2_validation,غشهد,غشهد|1398,غشهد|1399,1398,1399,0,0.264976358382,mean_of_5_fixed_seeds
smote_training_fold_only_robustness,main_rule_a_primary,M1_PRIMARY_FEATURE_ORDER,random_forest,rf__depth_3__maxfeat_'sqrt'__leaf_10,fold2_validation,غنوش,غنوش|1397,غنوش|1398,1397,1398,0,0.180188015287,mean_of_5_fixed_seeds
smote_training_fold_only_robustness,main_rule_a_primary,M1_PRIMARY_FEATURE_ORDER,random_forest,rf__depth_3__maxfeat_'sqrt'__leaf_10,fold2_validation,غنوش,غنوش|1398,غنوش|1399,1398,1399,0,0.237994911303,mean_of_5_fixed_seeds
smote_training_fold_only_robustness,main_rule_a_primary,M1_PRIMARY_FEATURE_ORDER,random_forest,rf__depth_3__maxfeat_'sqrt'__leaf_10,fold2_validation,غگل,غگل|1397,غگل|1398,1397,1398,0,0.3579118524,mean_of_5_fixed_seeds
smote_training_fold_only_robustness,main_rule_a_primary,M1_PRIMARY_FEATURE_ORDER,random_forest,rf__depth_3__maxfeat_'sqrt'__leaf_10,fold2_validation,غگل,غگل|1398,غگل|1399,1398,1399,0,0.181643875367,mean_of_5_fixed_seeds
smote_training_fold_only_robustness,main_rule_a_primary,M1_PRIMARY_FEATURE_ORDER,random_forest,rf__depth_3__maxfeat_'sqrt'__leaf_10,fold2_validation,فاذر,فاذر|1397,فاذر|1398,1397,1398,0,0.591252960731,mean_of_5_fixed_seeds
smote_training_fold_only_robustness,main_rule_a_primary,M1_PRIMARY_FEATURE_ORDER,random_forest,rf__depth_3__maxfeat_'sqrt'__leaf_10,fold2_validation,فاذر,فاذر|1398,فاذر|1399,1398,1399,1,0.546113299796,mean_of_5_fixed_seeds
smote_training_fold_only_robustness,main_rule_a_primary,M1_PRIMARY_FEATURE_ORDER,random_forest,rf__depth_3__maxfeat_'sqrt'__leaf_10,fold2_validation,فایرا,فایرا|1397,فایرا|1398,1397,1398,0,0.10789997258,mean_of_5_fixed_seeds
smote_training_fold_only_robustness,main_rule_a_primary,M1_PRIMARY_FEATURE_ORDER,random_forest,rf__depth_3__maxfeat_'sqrt'__leaf_10,fold2_validation,فایرا,فایرا|1398,فایرا|1399,1398,1399,0,0.152068291457,mean_of_5_fixed_seeds
smote_training_fold_only_robustness,main_rule_a_primary,M1_PRIMARY_FEATURE_ORDER,random_forest,rf__depth_3__maxfeat_'sqrt'__leaf_10,fold2_validation,فباهنر,فباهنر|1397,فباهنر|1398,1397,1398,0,0.34081585235,mean_of_5_fixed_seeds
smote_training_fold_only_robustness,main_rule_a_primary,M1_PRIMARY_FEATURE_ORDER,random_forest,rf__depth_3__maxfeat_'sqrt'__leaf_10,fold2_validation,فباهنر,فباهنر|1398,فباهنر|1399,1398,1399,0,0.159741048194,mean_of_5_fixed_seeds
smote_training_fold_only_robustness,main_rule_a_primary,M1_PRIMARY_FEATURE_ORDER,random_forest,rf__depth_3__maxfeat_'sqrt'__leaf_10,fold2_validation,فجام,فجام|1397,فجام|1398,1397,1398,0,0.101035556418,mean_of_5_fixed_seeds
smote_training_fold_only_robustness,main_rule_a_primary,M1_PRIMARY_FEATURE_ORDER,random_forest,rf__depth_3__maxfeat_'sqrt'__leaf_10,fold2_validation,فجام,فجام|1398,فجام|1399,1398,1399,0,0.091379392913,mean_of_5_fixed_seeds
smote_training_fold_only_robustness,main_rule_a_primary,M1_PRIMARY_FEATURE_ORDER,random_forest,rf__depth_3__maxfeat_'sqrt'__leaf_10,fold2_validation,فجر,فجر|1397,فجر|1398,1397,1398,0,0.091142867766,mean_of_5_fixed_seeds
smote_training_fold_only_robustness,main_rule_a_primary,M1_PRIMARY_FEATURE_ORDER,random_forest,rf__depth_3__maxfeat_'sqrt'__leaf_10,fold2_validation,فجر,فجر|1398,فجر|1399,1398,1399,0,0.20399953613,mean_of_5_fixed_seeds
smote_training_fold_only_robustness,main_rule_a_primary,M1_PRIMARY_FEATURE_ORDER,random_forest,rf__depth_3__maxfeat_'sqrt'__leaf_10,fold2_validation,فخوز,فخوز|1397,فخوز|1398,1397,1398,0,0.133465355111,mean_of_5_fixed_seeds
smote_training_fold_only_robustness,main_rule_a_primary,M1_PRIMARY_FEATURE_ORDER,random_forest,rf__depth_3__maxfeat_'sqrt'__leaf_10,fold2_validation,فخوز,فخوز|1398,فخوز|1399,1398,1399,0,0.095618373617,mean_of_5_fixed_seeds
smote_training_fold_only_robustness,main_rule_a_primary,M1_PRIMARY_FEATURE_ORDER,random_forest,rf__depth_3__maxfeat_'sqrt'__leaf_10,fold2_validation,فرآور,فرآور|1397,فرآور|1398,1397,1398,0,0.125289040449,mean_of_5_fixed_seeds
smote_training_fold_only_robustness,main_rule_a_primary,M1_PRIMARY_FEATURE_ORDER,random_forest,rf__depth_3__maxfeat_'sqrt'__leaf_10,fold2_validation,فرآور,فرآور|1398,فرآور|1399,1398,1399,0,0.128595818525,mean_of_5_fixed_seeds
smote_training_fold_only_robustness,main_rule_a_primary,M1_PRIMARY_FEATURE_ORDER,random_forest,rf__depth_3__maxfeat_'sqrt'__leaf_10,fold2_validation,فسرب,فسرب|1397,فسرب|1398,1397,1398,0,0.136148321668,mean_of_5_fixed_seeds
smote_training_fold_only_robustness,main_rule_a_primary,M1_PRIMARY_FEATURE_ORDER,random_forest,rf__depth_3__maxfeat_'sqrt'__leaf_10,fold2_validation,فسرب,فسرب|1398,فسرب|1399,1398,1399,0,0.244406597348,mean_of_5_fixed_seeds
smote_training_fold_only_robustness,main_rule_a_primary,M1_PRIMARY_FEATURE_ORDER,random_forest,rf__depth_3__maxfeat_'sqrt'__leaf_10,fold2_validation,فسپا,فسپا|1397,فسپا|1398,1397,1398,0,0.095765261268,mean_of_5_fixed_seeds
smote_training_fold_only_robustness,main_rule_a_primary,M1_PRIMARY_FEATURE_ORDER,random_forest,rf__depth_3__maxfeat_'sqrt'__leaf_10,fold2_validation,فسپا,فسپا|1398,فسپا|1399,1398,1399,0,0.20135890033,mean_of_5_fixed_seeds
smote_training_fold_only_robustness,main_rule_a_primary,M1_PRIMARY_FEATURE_ORDER,random_forest,rf__depth_3__maxfeat_'sqrt'__leaf_10,fold2_validation,فمراد,فمراد|1397,فمراد|1398,1397,1398,1,0.654854198533,mean_of_5_fixed_seeds
smote_training_fold_only_robustness,main_rule_a_primary,M1_PRIMARY_FEATURE_ORDER,random_forest,rf__depth_3__maxfeat_'sqrt'__leaf_10,fold2_validation,فمراد,فمراد|1398,فمراد|1399,1398,1399,0,0.627630111453,mean_of_5_fixed_seeds
smote_training_fold_only_robustness,main_rule_a_primary,M1_PRIMARY_FEATURE_ORDER,random_forest,rf__depth_3__maxfeat_'sqrt'__leaf_10,fold2_validation,فملی,فملی|1397,فملی|1398,1397,1398,0,0.083098961256,mean_of_5_fixed_seeds
smote_training_fold_only_robustness,main_rule_a_primary,M1_PRIMARY_FEATURE_ORDER,random_forest,rf__depth_3__maxfeat_'sqrt'__leaf_10,fold2_validation,فملی,فملی|1398,فملی|1399,1398,1399,0,0.078815118306,mean_of_5_fixed_seeds
smote_training_fold_only_robustness,main_rule_a_primary,M1_PRIMARY_FEATURE_ORDER,random_forest,rf__depth_3__maxfeat_'sqrt'__leaf_10,fold2_validation,فنورد,فنورد|1397,فنورد|1398,1397,1398,0,0.449453024019,mean_of_5_fixed_seeds
smote_training_fold_only_robustness,main_rule_a_primary,M1_PRIMARY_FEATURE_ORDER,random_forest,rf__depth_3__maxfeat_'sqrt'__leaf_10,fold2_validation,فنورد,فنورد|1398,فنورد|1399,1398,1399,0,0.13676637766,mean_of_5_fixed_seeds
smote_training_fold_only_robustness,main_rule_a_primary,M1_PRIMARY_FEATURE_ORDER,random_forest,rf__depth_3__maxfeat_'sqrt'__leaf_10,fold2_validation,فولاژ,فولاژ|1397,فولاژ|1398,1397,1398,0,0.112573391172,mean_of_5_fixed_seeds
smote_training_fold_only_robustness,main_rule_a_primary,M1_PRIMARY_FEATURE_ORDER,random_forest,rf__depth_3__maxfeat_'sqrt'__leaf_10,fold2_validation,فولاژ,فولاژ|1398,فولاژ|1399,1398,1399,0,0.08255144662,mean_of_5_fixed_seeds
smote_training_fold_only_robustness,main_rule_a_primary,M1_PRIMARY_FEATURE_ORDER,random_forest,rf__depth_3__maxfeat_'sqrt'__leaf_10,fold2_validation,فپنتا,فپنتا|1397,فپنتا|1398,1397,1398,0,0.132401927715,mean_of_5_fixed_seeds
smote_training_fold_only_robustness,main_rule_a_primary,M1_PRIMARY_FEATURE_ORDER,random_forest,rf__depth_3__maxfeat_'sqrt'__leaf_10,fold2_validation,فپنتا,فپنتا|1398,فپنتا|1399,1398,1399,0,0.173861756909,mean_of_5_fixed_seeds
smote_training_fold_only_robustness,main_rule_a_primary,M1_PRIMARY_FEATURE_ORDER,random_forest,rf__depth_3__maxfeat_'sqrt'__leaf_10,fold2_validation,لابسا,لابسا|1397,لابسا|1398,1397,1398,0,0.214299924483,mean_of_5_fixed_seeds
smote_training_fold_only_robustness,main_rule_a_primary,M1_PRIMARY_FEATURE_ORDER,random_forest,rf__depth_3__maxfeat_'sqrt'__leaf_10,fold2_validation,لابسا,لابسا|1398,لابسا|1399,1398,1399,0,0.238519517216,mean_of_5_fixed_seeds
smote_training_fold_only_robustness,main_rule_a_primary,M1_PRIMARY_FEATURE_ORDER,random_forest,rf__depth_3__maxfeat_'sqrt'__leaf_10,fold2_validation,لبوتان,لبوتان|1397,لبوتان|1398,1397,1398,1,0.365800036815,mean_of_5_fixed_seeds
smote_training_fold_only_robustness,main_rule_a_primary,M1_PRIMARY_FEATURE_ORDER,random_forest,rf__depth_3__maxfeat_'sqrt'__leaf_10,fold2_validation,لبوتان,لبوتان|1398,لبوتان|1399,1398,1399,1,0.471231927892,mean_of_5_fixed_seeds
smote_training_fold_only_robustness,main_rule_a_primary,M1_PRIMARY_FEATURE_ORDER,random_forest,rf__depth_3__maxfeat_'sqrt'__leaf_10,fold2_validation,لخزر,لخزر|1397,لخزر|1398,1397,1398,0,0.326295507706,mean_of_5_fixed_seeds
smote_training_fold_only_robustness,main_rule_a_primary,M1_PRIMARY_FEATURE_ORDER,random_forest,rf__depth_3__maxfeat_'sqrt'__leaf_10,fold2_validation,لخزر,لخزر|1398,لخزر|1399,1398,1399,0,0.257959833025,mean_of_5_fixed_seeds
smote_training_fold_only_robustness,main_rule_a_primary,M1_PRIMARY_FEATURE_ORDER,random_forest,rf__depth_3__maxfeat_'sqrt'__leaf_10,fold2_validation,لسرما,لسرما|1397,لسرما|1398,1397,1398,0,0.271388950666,mean_of_5_fixed_seeds
smote_training_fold_only_robustness,main_rule_a_primary,M1_PRIMARY_FEATURE_ORDER,random_forest,rf__depth_3__maxfeat_'sqrt'__leaf_10,fold2_validation,لسرما,لسرما|1398,لسرما|1399,1398,1399,0,0.147547995299,mean_of_5_fixed_seeds
smote_training_fold_only_robustness,main_rule_a_primary,M1_PRIMARY_FEATURE_ORDER,random_forest,rf__depth_3__maxfeat_'sqrt'__leaf_10,fold2_validation,نوری,نوری|1398,نوری|1399,1398,1399,0,0.199707106878,mean_of_5_fixed_seeds
smote_training_fold_only_robustness,main_rule_a_primary,M1_PRIMARY_FEATURE_ORDER,random_forest,rf__depth_3__maxfeat_'sqrt'__leaf_10,fold2_validation,های وب,های وب|1397,های وب|1398,1397,1398,0,0.217634100393,mean_of_5_fixed_seeds
smote_training_fold_only_robustness,main_rule_a_primary,M1_PRIMARY_FEATURE_ORDER,random_forest,rf__depth_3__maxfeat_'sqrt'__leaf_10,fold2_validation,های وب,های وب|1398,های وب|1399,1398,1399,0,0.15169645826,mean_of_5_fixed_seeds
smote_training_fold_only_robustness,main_rule_a_primary,M1_PRIMARY_FEATURE_ORDER,random_forest,rf__depth_3__maxfeat_'sqrt'__leaf_10,fold2_validation,همراه,همراه|1397,همراه|1398,1397,1398,0,0.184408239295,mean_of_5_fixed_seeds
smote_training_fold_only_robustness,main_rule_a_primary,M1_PRIMARY_FEATURE_ORDER,random_forest,rf__depth_3__maxfeat_'sqrt'__leaf_10,fold2_validation,همراه,همراه|1398,همراه|1399,1398,1399,0,0.210154254058,mean_of_5_fixed_seeds
smote_training_fold_only_robustness,main_rule_a_primary,M1_PRIMARY_FEATURE_ORDER,random_forest,rf__depth_3__maxfeat_'sqrt'__leaf_10,fold2_validation,پارس,پارس|1397,پارس|1398,1397,1398,0,0.082384780403,mean_of_5_fixed_seeds
smote_training_fold_only_robustness,main_rule_a_primary,M1_PRIMARY_FEATURE_ORDER,random_forest,rf__depth_3__maxfeat_'sqrt'__leaf_10,fold2_validation,پارس,پارس|1398,پارس|1399,1398,1399,0,0.077129218493,mean_of_5_fixed_seeds
smote_training_fold_only_robustness,main_rule_a_primary,M1_PRIMARY_FEATURE_ORDER,random_forest,rf__depth_3__maxfeat_'sqrt'__leaf_10,fold2_validation,پدرخش,پدرخش|1397,پدرخش|1398,1397,1398,0,0.114138561372,mean_of_5_fixed_seeds
smote_training_fold_only_robustness,main_rule_a_primary,M1_PRIMARY_FEATURE_ORDER,random_forest,rf__depth_3__maxfeat_'sqrt'__leaf_10,fold2_validation,پدرخش,پدرخش|1398,پدرخش|1399,1398,1399,0,0.164672081567,mean_of_5_fixed_seeds
smote_training_fold_only_robustness,main_rule_a_primary,M1_PRIMARY_FEATURE_ORDER,random_forest,rf__depth_3__maxfeat_'sqrt'__leaf_10,fold2_validation,پرداخت,پرداخت|1397,پرداخت|1398,1397,1398,0,0.110917419799,mean_of_5_fixed_seeds
smote_training_fold_only_robustness,main_rule_a_primary,M1_PRIMARY_FEATURE_ORDER,random_forest,rf__depth_3__maxfeat_'sqrt'__leaf_10,fold2_validation,پرداخت,پرداخت|1398,پرداخت|1399,1398,1399,0,0.11597435002,mean_of_5_fixed_seeds
smote_training_fold_only_robustness,main_rule_a_primary,M1_PRIMARY_FEATURE_ORDER,random_forest,rf__depth_3__maxfeat_'sqrt'__leaf_10,fold2_validation,پسهند,پسهند|1397,پسهند|1398,1397,1398,0,0.178650198523,mean_of_5_fixed_seeds
smote_training_fold_only_robustness,main_rule_a_primary,M1_PRIMARY_FEATURE_ORDER,random_forest,rf__depth_3__maxfeat_'sqrt'__leaf_10,fold2_validation,پسهند,پسهند|1398,پسهند|1399,1398,1399,0,0.091946766027,mean_of_5_fixed_seeds
smote_training_fold_only_robustness,main_rule_a_primary,M1_PRIMARY_FEATURE_ORDER,random_forest,rf__depth_3__maxfeat_'sqrt'__leaf_10,fold2_validation,پلاسک,پلاسک|1397,پلاسک|1398,1397,1398,0,0.697216910277,mean_of_5_fixed_seeds
smote_training_fold_only_robustness,main_rule_a_primary,M1_PRIMARY_FEATURE_ORDER,random_forest,rf__depth_3__maxfeat_'sqrt'__leaf_10,fold2_validation,پلاسک,پلاسک|1398,پلاسک|1399,1398,1399,0,0.664250513774,mean_of_5_fixed_seeds
smote_training_fold_only_robustness,main_rule_a_primary,M1_PRIMARY_FEATURE_ORDER,random_forest,rf__depth_3__maxfeat_'sqrt'__leaf_10,fold2_validation,چافست,چافست|1397,چافست|1398,1397,1398,0,0.16407195675,mean_of_5_fixed_seeds
smote_training_fold_only_robustness,main_rule_a_primary,M1_PRIMARY_FEATURE_ORDER,random_forest,rf__depth_3__maxfeat_'sqrt'__leaf_10,fold2_validation,چافست,چافست|1398,چافست|1399,1398,1399,0,0.092279818587,mean_of_5_fixed_seeds
smote_training_fold_only_robustness,main_rule_a_primary,M1_PRIMARY_FEATURE_ORDER,random_forest,rf__depth_3__maxfeat_'sqrt'__leaf_10,fold2_validation,چکارن,چکارن|1397,چکارن|1398,1397,1398,0,0.308876932259,mean_of_5_fixed_seeds
smote_training_fold_only_robustness,main_rule_a_primary,M1_PRIMARY_FEATURE_ORDER,random_forest,rf__depth_3__maxfeat_'sqrt'__leaf_10,fold2_validation,چکارن,چکارن|1398,چکارن|1399,1398,1399,0,0.304090597498,mean_of_5_fixed_seeds
smote_training_fold_only_robustness,main_rule_a_primary,M1_PRIMARY_FEATURE_ORDER,random_forest,rf__depth_3__maxfeat_'sqrt'__leaf_10,fold2_validation,کاوه,کاوه|1397,کاوه|1398,1397,1398,0,0.324864974187,mean_of_5_fixed_seeds
smote_training_fold_only_robustness,main_rule_a_primary,M1_PRIMARY_FEATURE_ORDER,random_forest,rf__depth_3__maxfeat_'sqrt'__leaf_10,fold2_validation,کاوه,کاوه|1398,کاوه|1399,1398,1399,0,0.22147403884,mean_of_5_fixed_seeds
smote_training_fold_only_robustness,main_rule_a_primary,M1_PRIMARY_FEATURE_ORDER,random_forest,rf__depth_3__maxfeat_'sqrt'__leaf_10,fold2_validation,کبافق,کبافق|1397,کبافق|1398,1397,1398,0,0.22753837738,mean_of_5_fixed_seeds
smote_training_fold_only_robustness,main_rule_a_primary,M1_PRIMARY_FEATURE_ORDER,random_forest,rf__depth_3__maxfeat_'sqrt'__leaf_10,fold2_validation,کبافق,کبافق|1398,کبافق|1399,1398,1399,0,0.179019477879,mean_of_5_fixed_seeds
smote_training_fold_only_robustness,main_rule_a_primary,M1_PRIMARY_FEATURE_ORDER,random_forest,rf__depth_3__maxfeat_'sqrt'__leaf_10,fold2_validation,کرازی,کرازی|1397,کرازی|1398,1397,1398,0,0.11200307013,mean_of_5_fixed_seeds
smote_training_fold_only_robustness,main_rule_a_primary,M1_PRIMARY_FEATURE_ORDER,random_forest,rf__depth_3__maxfeat_'sqrt'__leaf_10,fold2_validation,کرازی,کرازی|1398,کرازی|1399,1398,1399,0,0.107416590309,mean_of_5_fixed_seeds
smote_training_fold_only_robustness,main_rule_a_primary,M1_PRIMARY_FEATURE_ORDER,random_forest,rf__depth_3__maxfeat_'sqrt'__leaf_10,fold2_validation,کفرا,کفرا|1397,کفرا|1398,1397,1398,0,0.081460351688,mean_of_5_fixed_seeds
smote_training_fold_only_robustness,main_rule_a_primary,M1_PRIMARY_FEATURE_ORDER,random_forest,rf__depth_3__maxfeat_'sqrt'__leaf_10,fold2_validation,کفرا,کفرا|1398,کفرا|1399,1398,1399,0,0.113519762511,mean_of_5_fixed_seeds
smote_training_fold_only_robustness,main_rule_a_primary,M1_PRIMARY_FEATURE_ORDER,random_forest,rf__depth_3__maxfeat_'sqrt'__leaf_10,fold2_validation,کفپارس,کفپارس|1397,کفپارس|1398,1397,1398,0,0.441909584311,mean_of_5_fixed_seeds
smote_training_fold_only_robustness,main_rule_a_primary,M1_PRIMARY_FEATURE_ORDER,random_forest,rf__depth_3__maxfeat_'sqrt'__leaf_10,fold2_validation,کفپارس,کفپارس|1398,کفپارس|1399,1398,1399,0,0.726896047555,mean_of_5_fixed_seeds
smote_training_fold_only_robustness,main_rule_a_primary,M1_PRIMARY_FEATURE_ORDER,random_forest,rf__depth_3__maxfeat_'sqrt'__leaf_10,fold2_validation,کهمدا,کهمدا|1397,کهمدا|1398,1397,1398,0,0.113968072739,mean_of_5_fixed_seeds
smote_training_fold_only_robustness,main_rule_a_primary,M1_PRIMARY_FEATURE_ORDER,random_forest,rf__depth_3__maxfeat_'sqrt'__leaf_10,fold2_validation,کهمدا,کهمدا|1398,کهمدا|1399,1398,1399,0,0.17645197353,mean_of_5_fixed_seeds
smote_training_fold_only_robustness,main_rule_a_primary,M1_PRIMARY_FEATURE_ORDER,random_forest,rf__depth_3__maxfeat_'sqrt'__leaf_10,fold2_validation,کویر,کویر|1398,کویر|1399,1398,1399,0,0.236572032813,mean_of_5_fixed_seeds
smote_training_fold_only_robustness,main_rule_a_primary,M1_PRIMARY_FEATURE_ORDER,random_forest,rf__depth_3__maxfeat_'sqrt'__leaf_10,fold2_validation,کگاز,کگاز|1397,کگاز|1398,1397,1398,0,0.126254266668,mean_of_5_fixed_seeds
smote_training_fold_only_robustness,main_rule_a_primary,M1_PRIMARY_FEATURE_ORDER,random_forest,rf__depth_3__maxfeat_'sqrt'__leaf_10,fold2_validation,کگاز,کگاز|1398,کگاز|1399,1398,1399,0,0.30436489836,mean_of_5_fixed_seeds
smote_training_fold_only_robustness,main_rule_a_primary,M1_PRIMARY_FEATURE_ORDER,random_forest,rf__depth_3__maxfeat_'sqrt'__leaf_10,fold2_validation,کگل,کگل|1397,کگل|1398,1397,1398,0,0.105174382733,mean_of_5_fixed_seeds
smote_training_fold_only_robustness,main_rule_a_primary,M1_PRIMARY_FEATURE_ORDER,random_forest,rf__depth_3__maxfeat_'sqrt'__leaf_10,fold2_validation,کگل,کگل|1398,کگل|1399,1398,1399,0,0.098818644078,mean_of_5_fixed_seeds
smote_training_fold_only_robustness,main_rule_a_primary,M1_PRIMARY_FEATURE_ORDER,xgboost,xgboost__lr_0.03__depth_2__mcw_1__lambda_1,fold1_validation,بالبر,بالبر|1395,بالبر|1396,1395,1396,1,0.944513618946,mean_of_5_fixed_seeds
smote_training_fold_only_robustness,main_rule_a_primary,M1_PRIMARY_FEATURE_ORDER,xgboost,xgboost__lr_0.03__depth_2__mcw_1__lambda_1,fold1_validation,بالبر,بالبر|1396,بالبر|1397,1396,1397,1,0.454393625259,mean_of_5_fixed_seeds
smote_training_fold_only_robustness,main_rule_a_primary,M1_PRIMARY_FEATURE_ORDER,xgboost,xgboost__lr_0.03__depth_2__mcw_1__lambda_1,fold1_validation,بترانس,بترانس|1395,بترانس|1396,1395,1396,0,0.573602795601,mean_of_5_fixed_seeds
smote_training_fold_only_robustness,main_rule_a_primary,M1_PRIMARY_FEATURE_ORDER,xgboost,xgboost__lr_0.03__depth_2__mcw_1__lambda_1,fold1_validation,بترانس,بترانس|1396,بترانس|1397,1396,1397,0,0.179528877139,mean_of_5_fixed_seeds
smote_training_fold_only_robustness,main_rule_a_primary,M1_PRIMARY_FEATURE_ORDER,xgboost,xgboost__lr_0.03__depth_2__mcw_1__lambda_1,fold1_validation,بموتو,بموتو|1395,بموتو|1396,1395,1396,0,0.018376195803,mean_of_5_fixed_seeds
smote_training_fold_only_robustness,main_rule_a_primary,M1_PRIMARY_FEATURE_ORDER,xgboost,xgboost__lr_0.03__depth_2__mcw_1__lambda_1,fold1_validation,بموتو,بموتو|1396,بموتو|1397,1396,1397,1,0.021322414279,mean_of_5_fixed_seeds
smote_training_fold_only_robustness,main_rule_a_primary,M1_PRIMARY_FEATURE_ORDER,xgboost,xgboost__lr_0.03__depth_2__mcw_1__lambda_1,fold1_validation,بکاب,بکاب|1395,بکاب|1396,1395,1396,0,0.028827691451,mean_of_5_fixed_seeds
smote_training_fold_only_robustness,main_rule_a_primary,M1_PRIMARY_FEATURE_ORDER,xgboost,xgboost__lr_0.03__depth_2__mcw_1__lambda_1,fold1_validation,بکاب,بکاب|1396,بکاب|1397,1396,1397,0,0.019812002778,mean_of_5_fixed_seeds
smote_training_fold_only_robustness,main_rule_a_primary,M1_PRIMARY_FEATURE_ORDER,xgboost,xgboost__lr_0.03__depth_2__mcw_1__lambda_1,fold1_validation,بکام,بکام|1395,بکام|1396,1395,1396,0,0.278378903866,mean_of_5_fixed_seeds
smote_training_fold_only_robustness,main_rule_a_primary,M1_PRIMARY_FEATURE_ORDER,xgboost,xgboost__lr_0.03__depth_2__mcw_1__lambda_1,fold1_validation,بکام,بکام|1396,بکام|1397,1396,1397,0,0.775935232639,mean_of_5_fixed_seeds
smote_training_fold_only_robustness,main_rule_a_primary,M1_PRIMARY_FEATURE_ORDER,xgboost,xgboost__lr_0.03__depth_2__mcw_1__lambda_1,fold1_validation,تپمپی,تپمپی|1395,تپمپی|1396,1395,1396,0,0.021115008742,mean_of_5_fixed_seeds
smote_training_fold_only_robustness,main_rule_a_primary,M1_PRIMARY_FEATURE_ORDER,xgboost,xgboost__lr_0.03__depth_2__mcw_1__lambda_1,fold1_validation,تپمپی,تپمپی|1396,تپمپی|1397,1396,1397,0,0.026349723339,mean_of_5_fixed_seeds
smote_training_fold_only_robustness,main_rule_a_primary,M1_PRIMARY_FEATURE_ORDER,xgboost,xgboost__lr_0.03__depth_2__mcw_1__lambda_1,fold1_validation,تکمبا,تکمبا|1395,تکمبا|1396,1395,1396,0,0.609216988087,mean_of_5_fixed_seeds
smote_training_fold_only_robustness,main_rule_a_primary,M1_PRIMARY_FEATURE_ORDER,xgboost,xgboost__lr_0.03__depth_2__mcw_1__lambda_1,fold1_validation,تکمبا,تکمبا|1396,تکمبا|1397,1396,1397,0,0.365971148014,mean_of_5_fixed_seeds
smote_training_fold_only_robustness,main_rule_a_primary,M1_PRIMARY_FEATURE_ORDER,xgboost,xgboost__lr_0.03__depth_2__mcw_1__lambda_1,fold1_validation,ثشرق,ثشرق|1395,ثشرق|1396,1395,1396,0,0.014766481705,mean_of_5_fixed_seeds
smote_training_fold_only_robustness,main_rule_a_primary,M1_PRIMARY_FEATURE_ORDER,xgboost,xgboost__lr_0.03__depth_2__mcw_1__lambda_1,fold1_validation,ثشرق,ثشرق|1396,ثشرق|1397,1396,1397,0,0.564776957035,mean_of_5_fixed_seeds
smote_training_fold_only_robustness,main_rule_a_primary,M1_PRIMARY_FEATURE_ORDER,xgboost,xgboost__lr_0.03__depth_2__mcw_1__lambda_1,fold1_validation,ثنوسا,ثنوسا|1395,ثنوسا|1396,1395,1396,1,0.633023381233,mean_of_5_fixed_seeds
smote_training_fold_only_robustness,main_rule_a_primary,M1_PRIMARY_FEATURE_ORDER,xgboost,xgboost__lr_0.03__depth_2__mcw_1__lambda_1,fold1_validation,ثنوسا,ثنوسا|1396,ثنوسا|1397,1396,1397,1,0.411506742239,mean_of_5_fixed_seeds
smote_training_fold_only_robustness,main_rule_a_primary,M1_PRIMARY_FEATURE_ORDER,xgboost,xgboost__lr_0.03__depth_2__mcw_1__lambda_1,fold1_validation,جم,جم|1395,جم|1396,1395,1396,0,0.004880712833,mean_of_5_fixed_seeds
smote_training_fold_only_robustness,main_rule_a_primary,M1_PRIMARY_FEATURE_ORDER,xgboost,xgboost__lr_0.03__depth_2__mcw_1__lambda_1,fold1_validation,جم,جم|1396,جم|1397,1396,1397,0,0.004980806727,mean_of_5_fixed_seeds
smote_training_fold_only_robustness,main_rule_a_primary,M1_PRIMARY_FEATURE_ORDER,xgboost,xgboost__lr_0.03__depth_2__mcw_1__lambda_1,fold1_validation,حپترو,حپترو|1395,حپترو|1396,1395,1396,0,0.172449201345,mean_of_5_fixed_seeds
smote_training_fold_only_robustness,main_rule_a_primary,M1_PRIMARY_FEATURE_ORDER,xgboost,xgboost__lr_0.03__depth_2__mcw_1__lambda_1,fold1_validation,حپترو,حپترو|1396,حپترو|1397,1396,1397,0,0.08189804107,mean_of_5_fixed_seeds
smote_training_fold_only_robustness,main_rule_a_primary,M1_PRIMARY_FEATURE_ORDER,xgboost,xgboost__lr_0.03__depth_2__mcw_1__lambda_1,fold1_validation,حکشتی,حکشتی|1395,حکشتی|1396,1395,1396,0,0.056406635791,mean_of_5_fixed_seeds
smote_training_fold_only_robustness,main_rule_a_primary,M1_PRIMARY_FEATURE_ORDER,xgboost,xgboost__lr_0.03__depth_2__mcw_1__lambda_1,fold1_validation,حکشتی,حکشتی|1396,حکشتی|1397,1396,1397,0,0.071786090732,mean_of_5_fixed_seeds
smote_training_fold_only_robustness,main_rule_a_primary,M1_PRIMARY_FEATURE_ORDER,xgboost,xgboost__lr_0.03__depth_2__mcw_1__lambda_1,fold1_validation,خاذین,خاذین|1395,خاذین|1396,1395,1396,0,0.338062226772,mean_of_5_fixed_seeds
smote_training_fold_only_robustness,main_rule_a_primary,M1_PRIMARY_FEATURE_ORDER,xgboost,xgboost__lr_0.03__depth_2__mcw_1__lambda_1,fold1_validation,خاذین,خاذین|1396,خاذین|1397,1396,1397,0,0.49780780077,mean_of_5_fixed_seeds
smote_training_fold_only_robustness,main_rule_a_primary,M1_PRIMARY_FEATURE_ORDER,xgboost,xgboost__lr_0.03__depth_2__mcw_1__lambda_1,fold1_validation,خبهمن,خبهمن|1395,خبهمن|1396,1395,1396,0,0.965787768364,mean_of_5_fixed_seeds
smote_training_fold_only_robustness,main_rule_a_primary,M1_PRIMARY_FEATURE_ORDER,xgboost,xgboost__lr_0.03__depth_2__mcw_1__lambda_1,fold1_validation,خبهمن,خبهمن|1396,خبهمن|1397,1396,1397,0,0.712055981159,mean_of_5_fixed_seeds
smote_training_fold_only_robustness,main_rule_a_primary,M1_PRIMARY_FEATURE_ORDER,xgboost,xgboost__lr_0.03__depth_2__mcw_1__lambda_1,fold1_validation,ختوقا,ختوقا|1395,ختوقا|1396,1395,1396,1,0.813805282116,mean_of_5_fixed_seeds
smote_training_fold_only_robustness,main_rule_a_primary,M1_PRIMARY_FEATURE_ORDER,xgboost,xgboost__lr_0.03__depth_2__mcw_1__lambda_1,fold1_validation,ختوقا,ختوقا|1396,ختوقا|1397,1396,1397,1,0.880153954029,mean_of_5_fixed_seeds
smote_training_fold_only_robustness,main_rule_a_primary,M1_PRIMARY_FEATURE_ORDER,xgboost,xgboost__lr_0.03__depth_2__mcw_1__lambda_1,fold1_validation,خرینگ,خرینگ|1395,خرینگ|1396,1395,1396,0,0.683550477028,mean_of_5_fixed_seeds
smote_training_fold_only_robustness,main_rule_a_primary,M1_PRIMARY_FEATURE_ORDER,xgboost,xgboost__lr_0.03__depth_2__mcw_1__lambda_1,fold1_validation,خرینگ,خرینگ|1396,خرینگ|1397,1396,1397,0,0.842960357666,mean_of_5_fixed_seeds
smote_training_fold_only_robustness,main_rule_a_primary,M1_PRIMARY_FEATURE_ORDER,xgboost,xgboost__lr_0.03__depth_2__mcw_1__lambda_1,fold1_validation,خمحور,خمحور|1395,خمحور|1396,1395,1396,0,0.246212393045,mean_of_5_fixed_seeds
smote_training_fold_only_robustness,main_rule_a_primary,M1_PRIMARY_FEATURE_ORDER,xgboost,xgboost__lr_0.03__depth_2__mcw_1__lambda_1,fold1_validation,خمحور,خمحور|1396,خمحور|1397,1396,1397,0,0.071107938886,mean_of_5_fixed_seeds
smote_training_fold_only_robustness,main_rule_a_primary,M1_PRIMARY_FEATURE_ORDER,xgboost,xgboost__lr_0.03__depth_2__mcw_1__lambda_1,fold1_validation,خمهر,خمهر|1395,خمهر|1396,1395,1396,1,0.571300029755,mean_of_5_fixed_seeds
smote_training_fold_only_robustness,main_rule_a_primary,M1_PRIMARY_FEATURE_ORDER,xgboost,xgboost__lr_0.03__depth_2__mcw_1__lambda_1,fold1_validation,خمهر,خمهر|1396,خمهر|1397,1396,1397,0,0.528640270233,mean_of_5_fixed_seeds
smote_training_fold_only_robustness,main_rule_a_primary,M1_PRIMARY_FEATURE_ORDER,xgboost,xgboost__lr_0.03__depth_2__mcw_1__lambda_1,fold1_validation,خنصیر,خنصیر|1395,خنصیر|1396,1395,1396,1,0.956485450268,mean_of_5_fixed_seeds
smote_training_fold_only_robustness,main_rule_a_primary,M1_PRIMARY_FEATURE_ORDER,xgboost,xgboost__lr_0.03__depth_2__mcw_1__lambda_1,fold1_validation,خنصیر,خنصیر|1396,خنصیر|1397,1396,1397,1,0.947772502899,mean_of_5_fixed_seeds
smote_training_fold_only_robustness,main_rule_a_primary,M1_PRIMARY_FEATURE_ORDER,xgboost,xgboost__lr_0.03__depth_2__mcw_1__lambda_1,fold1_validation,خوساز,خوساز|1395,خوساز|1396,1395,1396,1,0.847838699818,mean_of_5_fixed_seeds
smote_training_fold_only_robustness,main_rule_a_primary,M1_PRIMARY_FEATURE_ORDER,xgboost,xgboost__lr_0.03__depth_2__mcw_1__lambda_1,fold1_validation,خوساز,خوساز|1396,خوساز|1397,1396,1397,0,0.763910055161,mean_of_5_fixed_seeds
smote_training_fold_only_robustness,main_rule_a_primary,M1_PRIMARY_FEATURE_ORDER,xgboost,xgboost__lr_0.03__depth_2__mcw_1__lambda_1,fold1_validation,خچرخش,خچرخش|1395,خچرخش|1396,1395,1396,0,0.019879397005,mean_of_5_fixed_seeds
smote_training_fold_only_robustness,main_rule_a_primary,M1_PRIMARY_FEATURE_ORDER,xgboost,xgboost__lr_0.03__depth_2__mcw_1__lambda_1,fold1_validation,خچرخش,خچرخش|1396,خچرخش|1397,1396,1397,0,0.012153930962,mean_of_5_fixed_seeds
smote_training_fold_only_robustness,main_rule_a_primary,M1_PRIMARY_FEATURE_ORDER,xgboost,xgboost__lr_0.03__depth_2__mcw_1__lambda_1,fold1_validation,خکمک,خکمک|1395,خکمک|1396,1395,1396,0,0.784318983555,mean_of_5_fixed_seeds
smote_training_fold_only_robustness,main_rule_a_primary,M1_PRIMARY_FEATURE_ORDER,xgboost,xgboost__lr_0.03__depth_2__mcw_1__lambda_1,fold1_validation,خکمک,خکمک|1396,خکمک|1397,1396,1397,0,0.936876475811,mean_of_5_fixed_seeds
smote_training_fold_only_robustness,main_rule_a_primary,M1_PRIMARY_FEATURE_ORDER,xgboost,xgboost__lr_0.03__depth_2__mcw_1__lambda_1,fold1_validation,ددام,ددام|1395,ددام|1396,1395,1396,1,0.89708250761,mean_of_5_fixed_seeds
smote_training_fold_only_robustness,main_rule_a_primary,M1_PRIMARY_FEATURE_ORDER,xgboost,xgboost__lr_0.03__depth_2__mcw_1__lambda_1,fold1_validation,ددام,ددام|1396,ددام|1397,1396,1397,0,0.757774114609,mean_of_5_fixed_seeds
smote_training_fold_only_robustness,main_rule_a_primary,M1_PRIMARY_FEATURE_ORDER,xgboost,xgboost__lr_0.03__depth_2__mcw_1__lambda_1,fold1_validation,دروز,دروز|1395,دروز|1396,1395,1396,0,0.416235685349,mean_of_5_fixed_seeds
smote_training_fold_only_robustness,main_rule_a_primary,M1_PRIMARY_FEATURE_ORDER,xgboost,xgboost__lr_0.03__depth_2__mcw_1__lambda_1,fold1_validation,دروز,دروز|1396,دروز|1397,1396,1397,0,0.079733207822,mean_of_5_fixed_seeds
smote_training_fold_only_robustness,main_rule_a_primary,M1_PRIMARY_FEATURE_ORDER,xgboost,xgboost__lr_0.03__depth_2__mcw_1__lambda_1,fold1_validation,دسبحا,دسبحا|1395,دسبحا|1396,1395,1396,0,0.025304809213,mean_of_5_fixed_seeds
smote_training_fold_only_robustness,main_rule_a_primary,M1_PRIMARY_FEATURE_ORDER,xgboost,xgboost__lr_0.03__depth_2__mcw_1__lambda_1,fold1_validation,دسبحا,دسبحا|1396,دسبحا|1397,1396,1397,0,0.02614829503,mean_of_5_fixed_seeds
smote_training_fold_only_robustness,main_rule_a_primary,M1_PRIMARY_FEATURE_ORDER,xgboost,xgboost__lr_0.03__depth_2__mcw_1__lambda_1,fold1_validation,دسینا,دسینا|1395,دسینا|1396,1395,1396,0,0.014237863943,mean_of_5_fixed_seeds
smote_training_fold_only_robustness,main_rule_a_primary,M1_PRIMARY_FEATURE_ORDER,xgboost,xgboost__lr_0.03__depth_2__mcw_1__lambda_1,fold1_validation,دسینا,دسینا|1396,دسینا|1397,1396,1397,0,0.023678530008,mean_of_5_fixed_seeds
smote_training_fold_only_robustness,main_rule_a_primary,M1_PRIMARY_FEATURE_ORDER,xgboost,xgboost__lr_0.03__depth_2__mcw_1__lambda_1,fold1_validation,دشیمی,دشیمی|1395,دشیمی|1396,1395,1396,0,0.180176377296,mean_of_5_fixed_seeds
smote_training_fold_only_robustness,main_rule_a_primary,M1_PRIMARY_FEATURE_ORDER,xgboost,xgboost__lr_0.03__depth_2__mcw_1__lambda_1,fold1_validation,دشیمی,دشیمی|1396,دشیمی|1397,1396,1397,1,0.195192545652,mean_of_5_fixed_seeds
smote_training_fold_only_robustness,main_rule_a_primary,M1_PRIMARY_FEATURE_ORDER,xgboost,xgboost__lr_0.03__depth_2__mcw_1__lambda_1,fold1_validation,دیران,دیران|1395,دیران|1396,1395,1396,0,0.352711081505,mean_of_5_fixed_seeds
smote_training_fold_only_robustness,main_rule_a_primary,M1_PRIMARY_FEATURE_ORDER,xgboost,xgboost__lr_0.03__depth_2__mcw_1__lambda_1,fold1_validation,دیران,دیران|1396,دیران|1397,1396,1397,0,0.348316788673,mean_of_5_fixed_seeds
smote_training_fold_only_robustness,main_rule_a_primary,M1_PRIMARY_FEATURE_ORDER,xgboost,xgboost__lr_0.03__depth_2__mcw_1__lambda_1,fold1_validation,رانفور,رانفور|1395,رانفور|1396,1395,1396,0,0.009575393051,mean_of_5_fixed_seeds
smote_training_fold_only_robustness,main_rule_a_primary,M1_PRIMARY_FEATURE_ORDER,xgboost,xgboost__lr_0.03__depth_2__mcw_1__lambda_1,fold1_validation,رانفور,رانفور|1396,رانفور|1397,1396,1397,0,0.011538140476,mean_of_5_fixed_seeds
smote_training_fold_only_robustness,main_rule_a_primary,M1_PRIMARY_FEATURE_ORDER,xgboost,xgboost__lr_0.03__depth_2__mcw_1__lambda_1,fold1_validation,زمگسا,زمگسا|1395,زمگسا|1396,1395,1396,0,0.403336912394,mean_of_5_fixed_seeds
smote_training_fold_only_robustness,main_rule_a_primary,M1_PRIMARY_FEATURE_ORDER,xgboost,xgboost__lr_0.03__depth_2__mcw_1__lambda_1,fold1_validation,زمگسا,زمگسا|1396,زمگسا|1397,1396,1397,0,0.239042639732,mean_of_5_fixed_seeds
smote_training_fold_only_robustness,main_rule_a_primary,M1_PRIMARY_FEATURE_ORDER,xgboost,xgboost__lr_0.03__depth_2__mcw_1__lambda_1,fold1_validation,ساراب,ساراب|1395,ساراب|1396,1395,1396,0,0.032287545502,mean_of_5_fixed_seeds
smote_training_fold_only_robustness,main_rule_a_primary,M1_PRIMARY_FEATURE_ORDER,xgboost,xgboost__lr_0.03__depth_2__mcw_1__lambda_1,fold1_validation,ساراب,ساراب|1396,ساراب|1397,1396,1397,0,0.0271153301,mean_of_5_fixed_seeds
smote_training_fold_only_robustness,main_rule_a_primary,M1_PRIMARY_FEATURE_ORDER,xgboost,xgboost__lr_0.03__depth_2__mcw_1__lambda_1,fold1_validation,ساربیل,ساربیل|1395,ساربیل|1396,1395,1396,0,0.077328443527,mean_of_5_fixed_seeds
smote_training_fold_only_robustness,main_rule_a_primary,M1_PRIMARY_FEATURE_ORDER,xgboost,xgboost__lr_0.03__depth_2__mcw_1__lambda_1,fold1_validation,ساربیل,ساربیل|1396,ساربیل|1397,1396,1397,0,0.011540007778,mean_of_5_fixed_seeds
smote_training_fold_only_robustness,main_rule_a_primary,M1_PRIMARY_FEATURE_ORDER,xgboost,xgboost__lr_0.03__depth_2__mcw_1__lambda_1,fold1_validation,ساروم,ساروم|1395,ساروم|1396,1395,1396,0,0.071588300169,mean_of_5_fixed_seeds
smote_training_fold_only_robustness,main_rule_a_primary,M1_PRIMARY_FEATURE_ORDER,xgboost,xgboost__lr_0.03__depth_2__mcw_1__lambda_1,fold1_validation,ساروم,ساروم|1396,ساروم|1397,1396,1397,0,0.010551263578,mean_of_5_fixed_seeds
smote_training_fold_only_robustness,main_rule_a_primary,M1_PRIMARY_FEATURE_ORDER,xgboost,xgboost__lr_0.03__depth_2__mcw_1__lambda_1,fold1_validation,سبجنو,سبجنو|1395,سبجنو|1396,1395,1396,0,0.436597049236,mean_of_5_fixed_seeds
smote_training_fold_only_robustness,main_rule_a_primary,M1_PRIMARY_FEATURE_ORDER,xgboost,xgboost__lr_0.03__depth_2__mcw_1__lambda_1,fold1_validation,سبجنو,سبجنو|1396,سبجنو|1397,1396,1397,0,0.49295347929,mean_of_5_fixed_seeds
smote_training_fold_only_robustness,main_rule_a_primary,M1_PRIMARY_FEATURE_ORDER,xgboost,xgboost__lr_0.03__depth_2__mcw_1__lambda_1,fold1_validation,سبهان,سبهان|1395,سبهان|1396,1395,1396,0,0.107944086194,mean_of_5_fixed_seeds
smote_training_fold_only_robustness,main_rule_a_primary,M1_PRIMARY_FEATURE_ORDER,xgboost,xgboost__lr_0.03__depth_2__mcw_1__lambda_1,fold1_validation,سبهان,سبهان|1396,سبهان|1397,1396,1397,0,0.097590789199,mean_of_5_fixed_seeds
smote_training_fold_only_robustness,main_rule_a_primary,M1_PRIMARY_FEATURE_ORDER,xgboost,xgboost__lr_0.03__depth_2__mcw_1__lambda_1,fold1_validation,ستران,ستران|1395,ستران|1396,1395,1396,0,0.034299038351,mean_of_5_fixed_seeds
smote_training_fold_only_robustness,main_rule_a_primary,M1_PRIMARY_FEATURE_ORDER,xgboost,xgboost__lr_0.03__depth_2__mcw_1__lambda_1,fold1_validation,ستران,ستران|1396,ستران|1397,1396,1397,0,0.019325114787,mean_of_5_fixed_seeds
smote_training_fold_only_robustness,main_rule_a_primary,M1_PRIMARY_FEATURE_ORDER,xgboost,xgboost__lr_0.03__depth_2__mcw_1__lambda_1,fold1_validation,سخاش,سخاش|1395,سخاش|1396,1395,1396,0,0.068576559424,mean_of_5_fixed_seeds
smote_training_fold_only_robustness,main_rule_a_primary,M1_PRIMARY_FEATURE_ORDER,xgboost,xgboost__lr_0.03__depth_2__mcw_1__lambda_1,fold1_validation,سخاش,سخاش|1396,سخاش|1397,1396,1397,0,0.071577392519,mean_of_5_fixed_seeds
smote_training_fold_only_robustness,main_rule_a_primary,M1_PRIMARY_FEATURE_ORDER,xgboost,xgboost__lr_0.03__depth_2__mcw_1__lambda_1,fold1_validation,سخزر,سخزر|1395,سخزر|1396,1395,1396,0,0.396762162447,mean_of_5_fixed_seeds
smote_training_fold_only_robustness,main_rule_a_primary,M1_PRIMARY_FEATURE_ORDER,xgboost,xgboost__lr_0.03__depth_2__mcw_1__lambda_1,fold1_validation,سخزر,سخزر|1396,سخزر|1397,1396,1397,0,0.321322381496,mean_of_5_fixed_seeds
smote_training_fold_only_robustness,main_rule_a_primary,M1_PRIMARY_FEATURE_ORDER,xgboost,xgboost__lr_0.03__depth_2__mcw_1__lambda_1,fold1_validation,سخوز,سخوز|1395,سخوز|1396,1395,1396,0,0.386301010847,mean_of_5_fixed_seeds
smote_training_fold_only_robustness,main_rule_a_primary,M1_PRIMARY_FEATURE_ORDER,xgboost,xgboost__lr_0.03__depth_2__mcw_1__lambda_1,fold1_validation,سخوز,سخوز|1396,سخوز|1397,1396,1397,0,0.33771032095,mean_of_5_fixed_seeds
smote_training_fold_only_robustness,main_rule_a_primary,M1_PRIMARY_FEATURE_ORDER,xgboost,xgboost__lr_0.03__depth_2__mcw_1__lambda_1,fold1_validation,سدشت,سدشت|1395,سدشت|1396,1395,1396,0,0.029928347096,mean_of_5_fixed_seeds
smote_training_fold_only_robustness,main_rule_a_primary,M1_PRIMARY_FEATURE_ORDER,xgboost,xgboost__lr_0.03__depth_2__mcw_1__lambda_1,fold1_validation,سدشت,سدشت|1396,سدشت|1397,1396,1397,0,0.036431219429,mean_of_5_fixed_seeds
smote_training_fold_only_robustness,main_rule_a_primary,M1_PRIMARY_FEATURE_ORDER,xgboost,xgboost__lr_0.03__depth_2__mcw_1__lambda_1,fold1_validation,سدور,سدور|1395,سدور|1396,1395,1396,1,0.823008060455,mean_of_5_fixed_seeds
smote_training_fold_only_robustness,main_rule_a_primary,M1_PRIMARY_FEATURE_ORDER,xgboost,xgboost__lr_0.03__depth_2__mcw_1__lambda_1,fold1_validation,سدور,سدور|1396,سدور|1397,1396,1397,0,0.772453784943,mean_of_5_fixed_seeds
smote_training_fold_only_robustness,main_rule_a_primary,M1_PRIMARY_FEATURE_ORDER,xgboost,xgboost__lr_0.03__depth_2__mcw_1__lambda_1,fold1_validation,سرود,سرود|1395,سرود|1396,1395,1396,0,0.325320065022,mean_of_5_fixed_seeds
smote_training_fold_only_robustness,main_rule_a_primary,M1_PRIMARY_FEATURE_ORDER,xgboost,xgboost__lr_0.03__depth_2__mcw_1__lambda_1,fold1_validation,سرود,سرود|1396,سرود|1397,1396,1397,0,0.03709096089,mean_of_5_fixed_seeds
smote_training_fold_only_robustness,main_rule_a_primary,M1_PRIMARY_FEATURE_ORDER,xgboost,xgboost__lr_0.03__depth_2__mcw_1__lambda_1,fold1_validation,سشرق,سشرق|1395,سشرق|1396,1395,1396,0,0.75488781929,mean_of_5_fixed_seeds
smote_training_fold_only_robustness,main_rule_a_primary,M1_PRIMARY_FEATURE_ORDER,xgboost,xgboost__lr_0.03__depth_2__mcw_1__lambda_1,fold1_validation,سشرق,سشرق|1396,سشرق|1397,1396,1397,0,0.63081741333,mean_of_5_fixed_seeds
smote_training_fold_only_robustness,main_rule_a_primary,M1_PRIMARY_FEATURE_ORDER,xgboost,xgboost__lr_0.03__depth_2__mcw_1__lambda_1,fold1_validation,سصفها,سصفها|1395,سصفها|1396,1395,1396,0,0.093764141202,mean_of_5_fixed_seeds
smote_training_fold_only_robustness,main_rule_a_primary,M1_PRIMARY_FEATURE_ORDER,xgboost,xgboost__lr_0.03__depth_2__mcw_1__lambda_1,fold1_validation,سصفها,سصفها|1396,سصفها|1397,1396,1397,0,0.235305979848,mean_of_5_fixed_seeds
smote_training_fold_only_robustness,main_rule_a_primary,M1_PRIMARY_FEATURE_ORDER,xgboost,xgboost__lr_0.03__depth_2__mcw_1__lambda_1,fold1_validation,سغرب,سغرب|1395,سغرب|1396,1395,1396,0,0.148650571704,mean_of_5_fixed_seeds
smote_training_fold_only_robustness,main_rule_a_primary,M1_PRIMARY_FEATURE_ORDER,xgboost,xgboost__lr_0.03__depth_2__mcw_1__lambda_1,fold1_validation,سغرب,سغرب|1396,سغرب|1397,1396,1397,0,0.168632104993,mean_of_5_fixed_seeds
smote_training_fold_only_robustness,main_rule_a_primary,M1_PRIMARY_FEATURE_ORDER,xgboost,xgboost__lr_0.03__depth_2__mcw_1__lambda_1,fold1_validation,سقاین,سقاین|1395,سقاین|1396,1395,1396,0,0.480720221996,mean_of_5_fixed_seeds
smote_training_fold_only_robustness,main_rule_a_primary,M1_PRIMARY_FEATURE_ORDER,xgboost,xgboost__lr_0.03__depth_2__mcw_1__lambda_1,fold1_validation,سقاین,سقاین|1396,سقاین|1397,1396,1397,0,0.55681759119,mean_of_5_fixed_seeds
smote_training_fold_only_robustness,main_rule_a_primary,M1_PRIMARY_FEATURE_ORDER,xgboost,xgboost__lr_0.03__depth_2__mcw_1__lambda_1,fold1_validation,سمازن,سمازن|1395,سمازن|1396,1395,1396,0,0.295826345682,mean_of_5_fixed_seeds
smote_training_fold_only_robustness,main_rule_a_primary,M1_PRIMARY_FEATURE_ORDER,xgboost,xgboost__lr_0.03__depth_2__mcw_1__lambda_1,fold1_validation,سمازن,سمازن|1396,سمازن|1397,1396,1397,0,0.182342872024,mean_of_5_fixed_seeds
smote_training_fold_only_robustness,main_rule_a_primary,M1_PRIMARY_FEATURE_ORDER,xgboost,xgboost__lr_0.03__depth_2__mcw_1__lambda_1,fold1_validation,سنیر,سنیر|1395,سنیر|1396,1395,1396,0,0.142314121127,mean_of_5_fixed_seeds
smote_training_fold_only_robustness,main_rule_a_primary,M1_PRIMARY_FEATURE_ORDER,xgboost,xgboost__lr_0.03__depth_2__mcw_1__lambda_1,fold1_validation,سنیر,سنیر|1396,سنیر|1397,1396,1397,0,0.072448551655,mean_of_5_fixed_seeds
smote_training_fold_only_robustness,main_rule_a_primary,M1_PRIMARY_FEATURE_ORDER,xgboost,xgboost__lr_0.03__depth_2__mcw_1__lambda_1,fold1_validation,سهگمت,سهگمت|1395,سهگمت|1396,1395,1396,0,0.104374840856,mean_of_5_fixed_seeds
smote_training_fold_only_robustness,main_rule_a_primary,M1_PRIMARY_FEATURE_ORDER,xgboost,xgboost__lr_0.03__depth_2__mcw_1__lambda_1,fold1_validation,سهگمت,سهگمت|1396,سهگمت|1397,1396,1397,0,0.047648608685,mean_of_5_fixed_seeds
smote_training_fold_only_robustness,main_rule_a_primary,M1_PRIMARY_FEATURE_ORDER,xgboost,xgboost__lr_0.03__depth_2__mcw_1__lambda_1,fold1_validation,سپاها,سپاها|1395,سپاها|1396,1395,1396,0,0.634888887405,mean_of_5_fixed_seeds
smote_training_fold_only_robustness,main_rule_a_primary,M1_PRIMARY_FEATURE_ORDER,xgboost,xgboost__lr_0.03__depth_2__mcw_1__lambda_1,fold1_validation,سپاها,سپاها|1396,سپاها|1397,1396,1397,0,0.814798057079,mean_of_5_fixed_seeds
smote_training_fold_only_robustness,main_rule_a_primary,M1_PRIMARY_FEATURE_ORDER,xgboost,xgboost__lr_0.03__depth_2__mcw_1__lambda_1,fold1_validation,سکرد,سکرد|1395,سکرد|1396,1395,1396,1,0.650668561459,mean_of_5_fixed_seeds
smote_training_fold_only_robustness,main_rule_a_primary,M1_PRIMARY_FEATURE_ORDER,xgboost,xgboost__lr_0.03__depth_2__mcw_1__lambda_1,fold1_validation,سکرد,سکرد|1396,سکرد|1397,1396,1397,1,0.883372187614,mean_of_5_fixed_seeds
smote_training_fold_only_robustness,main_rule_a_primary,M1_PRIMARY_FEATURE_ORDER,xgboost,xgboost__lr_0.03__depth_2__mcw_1__lambda_1,fold1_validation,سیلام,سیلام|1395,سیلام|1396,1395,1396,1,0.727511107922,mean_of_5_fixed_seeds
smote_training_fold_only_robustness,main_rule_a_primary,M1_PRIMARY_FEATURE_ORDER,xgboost,xgboost__lr_0.03__depth_2__mcw_1__lambda_1,fold1_validation,سیلام,سیلام|1396,سیلام|1397,1396,1397,1,0.652926683426,mean_of_5_fixed_seeds
smote_training_fold_only_robustness,main_rule_a_primary,M1_PRIMARY_FEATURE_ORDER,xgboost,xgboost__lr_0.03__depth_2__mcw_1__lambda_1,fold1_validation,شاراک,شاراک|1395,شاراک|1396,1395,1396,0,0.009526082315,mean_of_5_fixed_seeds
smote_training_fold_only_robustness,main_rule_a_primary,M1_PRIMARY_FEATURE_ORDER,xgboost,xgboost__lr_0.03__depth_2__mcw_1__lambda_1,fold1_validation,شاراک,شاراک|1396,شاراک|1397,1396,1397,0,0.01088903565,mean_of_5_fixed_seeds
smote_training_fold_only_robustness,main_rule_a_primary,M1_PRIMARY_FEATURE_ORDER,xgboost,xgboost__lr_0.03__depth_2__mcw_1__lambda_1,fold1_validation,شبریز,شبریز|1395,شبریز|1396,1395,1396,0,0.236786529422,mean_of_5_fixed_seeds
smote_training_fold_only_robustness,main_rule_a_primary,M1_PRIMARY_FEATURE_ORDER,xgboost,xgboost__lr_0.03__depth_2__mcw_1__lambda_1,fold1_validation,شبریز,شبریز|1396,شبریز|1397,1396,1397,0,0.279081881046,mean_of_5_fixed_seeds
smote_training_fold_only_robustness,main_rule_a_primary,M1_PRIMARY_FEATURE_ORDER,xgboost,xgboost__lr_0.03__depth_2__mcw_1__lambda_1,fold1_validation,شبندر,شبندر|1395,شبندر|1396,1395,1396,0,0.008736831136,mean_of_5_fixed_seeds
smote_training_fold_only_robustness,main_rule_a_primary,M1_PRIMARY_FEATURE_ORDER,xgboost,xgboost__lr_0.03__depth_2__mcw_1__lambda_1,fold1_validation,شبندر,شبندر|1396,شبندر|1397,1396,1397,0,0.006453459151,mean_of_5_fixed_seeds
smote_training_fold_only_robustness,main_rule_a_primary,M1_PRIMARY_FEATURE_ORDER,xgboost,xgboost__lr_0.03__depth_2__mcw_1__lambda_1,fold1_validation,شدوص,شدوص|1395,شدوص|1396,1395,1396,1,0.066967897117,mean_of_5_fixed_seeds
smote_training_fold_only_robustness,main_rule_a_primary,M1_PRIMARY_FEATURE_ORDER,xgboost,xgboost__lr_0.03__depth_2__mcw_1__lambda_1,fold1_validation,شدوص,شدوص|1396,شدوص|1397,1396,1397,0,0.869333565235,mean_of_5_fixed_seeds
smote_training_fold_only_robustness,main_rule_a_primary,M1_PRIMARY_FEATURE_ORDER,xgboost,xgboost__lr_0.03__depth_2__mcw_1__lambda_1,fold1_validation,شفارس,شفارس|1395,شفارس|1396,1395,1396,0,0.022883450612,mean_of_5_fixed_seeds
smote_training_fold_only_robustness,main_rule_a_primary,M1_PRIMARY_FEATURE_ORDER,xgboost,xgboost__lr_0.03__depth_2__mcw_1__lambda_1,fold1_validation,شفارس,شفارس|1396,شفارس|1397,1396,1397,0,0.011210908182,mean_of_5_fixed_seeds
smote_training_fold_only_robustness,main_rule_a_primary,M1_PRIMARY_FEATURE_ORDER,xgboost,xgboost__lr_0.03__depth_2__mcw_1__lambda_1,fold1_validation,شلعاب,شلعاب|1395,شلعاب|1396,1395,1396,0,0.225853800774,mean_of_5_fixed_seeds
smote_training_fold_only_robustness,main_rule_a_primary,M1_PRIMARY_FEATURE_ORDER,xgboost,xgboost__lr_0.03__depth_2__mcw_1__lambda_1,fold1_validation,شلعاب,شلعاب|1396,شلعاب|1397,1396,1397,0,0.272923409939,mean_of_5_fixed_seeds
smote_training_fold_only_robustness,main_rule_a_primary,M1_PRIMARY_FEATURE_ORDER,xgboost,xgboost__lr_0.03__depth_2__mcw_1__lambda_1,fold1_validation,شپارس,شپارس|1395,شپارس|1396,1395,1396,0,0.098217137158,mean_of_5_fixed_seeds
smote_training_fold_only_robustness,main_rule_a_primary,M1_PRIMARY_FEATURE_ORDER,xgboost,xgboost__lr_0.03__depth_2__mcw_1__lambda_1,fold1_validation,شپارس,شپارس|1396,شپارس|1397,1396,1397,0,0.023381244391,mean_of_5_fixed_seeds
smote_training_fold_only_robustness,main_rule_a_primary,M1_PRIMARY_FEATURE_ORDER,xgboost,xgboost__lr_0.03__depth_2__mcw_1__lambda_1,fold1_validation,شپنا,شپنا|1395,شپنا|1396,1395,1396,0,0.00861553289,mean_of_5_fixed_seeds
smote_training_fold_only_robustness,main_rule_a_primary,M1_PRIMARY_FEATURE_ORDER,xgboost,xgboost__lr_0.03__depth_2__mcw_1__lambda_1,fold1_validation,شپنا,شپنا|1396,شپنا|1397,1396,1397,0,0.010318040848,mean_of_5_fixed_seeds
smote_training_fold_only_robustness,main_rule_a_primary,M1_PRIMARY_FEATURE_ORDER,xgboost,xgboost__lr_0.03__depth_2__mcw_1__lambda_1,fold1_validation,شکربن,شکربن|1395,شکربن|1396,1395,1396,0,0.01688792184,mean_of_5_fixed_seeds
smote_training_fold_only_robustness,main_rule_a_primary,M1_PRIMARY_FEATURE_ORDER,xgboost,xgboost__lr_0.03__depth_2__mcw_1__lambda_1,fold1_validation,شکربن,شکربن|1396,شکربن|1397,1396,1397,0,0.017217960209,mean_of_5_fixed_seeds
smote_training_fold_only_robustness,main_rule_a_primary,M1_PRIMARY_FEATURE_ORDER,xgboost,xgboost__lr_0.03__depth_2__mcw_1__lambda_1,fold1_validation,شکلر,شکلر|1395,شکلر|1396,1395,1396,0,0.048205871135,mean_of_5_fixed_seeds
smote_training_fold_only_robustness,main_rule_a_primary,M1_PRIMARY_FEATURE_ORDER,xgboost,xgboost__lr_0.03__depth_2__mcw_1__lambda_1,fold1_validation,شکلر,شکلر|1396,شکلر|1397,1396,1397,0,0.075784124434,mean_of_5_fixed_seeds
smote_training_fold_only_robustness,main_rule_a_primary,M1_PRIMARY_FEATURE_ORDER,xgboost,xgboost__lr_0.03__depth_2__mcw_1__lambda_1,fold1_validation,شیران,شیران|1395,شیران|1396,1395,1396,0,0.017595682293,mean_of_5_fixed_seeds
smote_training_fold_only_robustness,main_rule_a_primary,M1_PRIMARY_FEATURE_ORDER,xgboost,xgboost__lr_0.03__depth_2__mcw_1__lambda_1,fold1_validation,شیران,شیران|1396,شیران|1397,1396,1397,0,0.018210822716,mean_of_5_fixed_seeds
smote_training_fold_only_robustness,main_rule_a_primary,M1_PRIMARY_FEATURE_ORDER,xgboost,xgboost__lr_0.03__depth_2__mcw_1__lambda_1,fold1_validation,غبهنوش,غبهنوش|1395,غبهنوش|1396,1395,1396,0,0.319248229265,mean_of_5_fixed_seeds
smote_training_fold_only_robustness,main_rule_a_primary,M1_PRIMARY_FEATURE_ORDER,xgboost,xgboost__lr_0.03__depth_2__mcw_1__lambda_1,fold1_validation,غبهنوش,غبهنوش|1396,غبهنوش|1397,1396,1397,0,0.704892814159,mean_of_5_fixed_seeds
smote_training_fold_only_robustness,main_rule_a_primary,M1_PRIMARY_FEATURE_ORDER,xgboost,xgboost__lr_0.03__depth_2__mcw_1__lambda_1,fold1_validation,غدام,غدام|1395,غدام|1396,1395,1396,1,0.068053543568,mean_of_5_fixed_seeds
smote_training_fold_only_robustness,main_rule_a_primary,M1_PRIMARY_FEATURE_ORDER,xgboost,xgboost__lr_0.03__depth_2__mcw_1__lambda_1,fold1_validation,غدام,غدام|1396,غدام|1397,1396,1397,0,0.575047373772,mean_of_5_fixed_seeds
smote_training_fold_only_robustness,main_rule_a_primary,M1_PRIMARY_FEATURE_ORDER,xgboost,xgboost__lr_0.03__depth_2__mcw_1__lambda_1,fold1_validation,غسالم,غسالم|1395,غسالم|1396,1395,1396,0,0.011739507318,mean_of_5_fixed_seeds
smote_training_fold_only_robustness,main_rule_a_primary,M1_PRIMARY_FEATURE_ORDER,xgboost,xgboost__lr_0.03__depth_2__mcw_1__lambda_1,fold1_validation,غسالم,غسالم|1396,غسالم|1397,1396,1397,0,0.007014180534,mean_of_5_fixed_seeds
smote_training_fold_only_robustness,main_rule_a_primary,M1_PRIMARY_FEATURE_ORDER,xgboost,xgboost__lr_0.03__depth_2__mcw_1__lambda_1,fold1_validation,غشان,غشان|1395,غشان|1396,1395,1396,0,0.144837349653,mean_of_5_fixed_seeds
smote_training_fold_only_robustness,main_rule_a_primary,M1_PRIMARY_FEATURE_ORDER,xgboost,xgboost__lr_0.03__depth_2__mcw_1__lambda_1,fold1_validation,غشان,غشان|1396,غشان|1397,1396,1397,0,0.111575007439,mean_of_5_fixed_seeds
smote_training_fold_only_robustness,main_rule_a_primary,M1_PRIMARY_FEATURE_ORDER,xgboost,xgboost__lr_0.03__depth_2__mcw_1__lambda_1,fold1_validation,غشهد,غشهد|1395,غشهد|1396,1395,1396,1,0.480780303478,mean_of_5_fixed_seeds
smote_training_fold_only_robustness,main_rule_a_primary,M1_PRIMARY_FEATURE_ORDER,xgboost,xgboost__lr_0.03__depth_2__mcw_1__lambda_1,fold1_validation,غشهد,غشهد|1396,غشهد|1397,1396,1397,0,0.943583011627,mean_of_5_fixed_seeds
smote_training_fold_only_robustness,main_rule_a_primary,M1_PRIMARY_FEATURE_ORDER,xgboost,xgboost__lr_0.03__depth_2__mcw_1__lambda_1,fold1_validation,غنوش,غنوش|1395,غنوش|1396,1395,1396,0,0.013881596737,mean_of_5_fixed_seeds
smote_training_fold_only_robustness,main_rule_a_primary,M1_PRIMARY_FEATURE_ORDER,xgboost,xgboost__lr_0.03__depth_2__mcw_1__lambda_1,fold1_validation,غنوش,غنوش|1396,غنوش|1397,1396,1397,0,0.008713277057,mean_of_5_fixed_seeds
smote_training_fold_only_robustness,main_rule_a_primary,M1_PRIMARY_FEATURE_ORDER,xgboost,xgboost__lr_0.03__depth_2__mcw_1__lambda_1,fold1_validation,غگل,غگل|1395,غگل|1396,1395,1396,0,0.116142906249,mean_of_5_fixed_seeds
smote_training_fold_only_robustness,main_rule_a_primary,M1_PRIMARY_FEATURE_ORDER,xgboost,xgboost__lr_0.03__depth_2__mcw_1__lambda_1,fold1_validation,غگل,غگل|1396,غگل|1397,1396,1397,0,0.196227878332,mean_of_5_fixed_seeds
smote_training_fold_only_robustness,main_rule_a_primary,M1_PRIMARY_FEATURE_ORDER,xgboost,xgboost__lr_0.03__depth_2__mcw_1__lambda_1,fold1_validation,فاذر,فاذر|1395,فاذر|1396,1395,1396,1,0.21207049489,mean_of_5_fixed_seeds
smote_training_fold_only_robustness,main_rule_a_primary,M1_PRIMARY_FEATURE_ORDER,xgboost,xgboost__lr_0.03__depth_2__mcw_1__lambda_1,fold1_validation,فاذر,فاذر|1396,فاذر|1397,1396,1397,1,0.233100920916,mean_of_5_fixed_seeds
smote_training_fold_only_robustness,main_rule_a_primary,M1_PRIMARY_FEATURE_ORDER,xgboost,xgboost__lr_0.03__depth_2__mcw_1__lambda_1,fold1_validation,فایرا,فایرا|1395,فایرا|1396,1395,1396,0,0.26511117816,mean_of_5_fixed_seeds
smote_training_fold_only_robustness,main_rule_a_primary,M1_PRIMARY_FEATURE_ORDER,xgboost,xgboost__lr_0.03__depth_2__mcw_1__lambda_1,fold1_validation,فایرا,فایرا|1396,فایرا|1397,1396,1397,0,0.6855905056,mean_of_5_fixed_seeds
smote_training_fold_only_robustness,main_rule_a_primary,M1_PRIMARY_FEATURE_ORDER,xgboost,xgboost__lr_0.03__depth_2__mcw_1__lambda_1,fold1_validation,فباهنر,فباهنر|1395,فباهنر|1396,1395,1396,0,0.339121520519,mean_of_5_fixed_seeds
smote_training_fold_only_robustness,main_rule_a_primary,M1_PRIMARY_FEATURE_ORDER,xgboost,xgboost__lr_0.03__depth_2__mcw_1__lambda_1,fold1_validation,فباهنر,فباهنر|1396,فباهنر|1397,1396,1397,0,0.116421341896,mean_of_5_fixed_seeds
smote_training_fold_only_robustness,main_rule_a_primary,M1_PRIMARY_FEATURE_ORDER,xgboost,xgboost__lr_0.03__depth_2__mcw_1__lambda_1,fold1_validation,فجام,فجام|1395,فجام|1396,1395,1396,0,0.006309754215,mean_of_5_fixed_seeds
smote_training_fold_only_robustness,main_rule_a_primary,M1_PRIMARY_FEATURE_ORDER,xgboost,xgboost__lr_0.03__depth_2__mcw_1__lambda_1,fold1_validation,فجام,فجام|1396,فجام|1397,1396,1397,0,0.01283817552,mean_of_5_fixed_seeds
smote_training_fold_only_robustness,main_rule_a_primary,M1_PRIMARY_FEATURE_ORDER,xgboost,xgboost__lr_0.03__depth_2__mcw_1__lambda_1,fold1_validation,فجر,فجر|1395,فجر|1396,1395,1396,0,0.043643843383,mean_of_5_fixed_seeds
smote_training_fold_only_robustness,main_rule_a_primary,M1_PRIMARY_FEATURE_ORDER,xgboost,xgboost__lr_0.03__depth_2__mcw_1__lambda_1,fold1_validation,فجر,فجر|1396,فجر|1397,1396,1397,0,0.033288739622,mean_of_5_fixed_seeds
smote_training_fold_only_robustness,main_rule_a_primary,M1_PRIMARY_FEATURE_ORDER,xgboost,xgboost__lr_0.03__depth_2__mcw_1__lambda_1,fold1_validation,فخوز,فخوز|1395,فخوز|1396,1395,1396,0,0.026350453496,mean_of_5_fixed_seeds
smote_training_fold_only_robustness,main_rule_a_primary,M1_PRIMARY_FEATURE_ORDER,xgboost,xgboost__lr_0.03__depth_2__mcw_1__lambda_1,fold1_validation,فخوز,فخوز|1396,فخوز|1397,1396,1397,0,0.015180425718,mean_of_5_fixed_seeds
smote_training_fold_only_robustness,main_rule_a_primary,M1_PRIMARY_FEATURE_ORDER,xgboost,xgboost__lr_0.03__depth_2__mcw_1__lambda_1,fold1_validation,فرآور,فرآور|1395,فرآور|1396,1395,1396,0,0.010358193889,mean_of_5_fixed_seeds
smote_training_fold_only_robustness,main_rule_a_primary,M1_PRIMARY_FEATURE_ORDER,xgboost,xgboost__lr_0.03__depth_2__mcw_1__lambda_1,fold1_validation,فرآور,فرآور|1396,فرآور|1397,1396,1397,0,0.012355839834,mean_of_5_fixed_seeds
smote_training_fold_only_robustness,main_rule_a_primary,M1_PRIMARY_FEATURE_ORDER,xgboost,xgboost__lr_0.03__depth_2__mcw_1__lambda_1,fold1_validation,فسرب,فسرب|1395,فسرب|1396,1395,1396,0,0.375917345285,mean_of_5_fixed_seeds
smote_training_fold_only_robustness,main_rule_a_primary,M1_PRIMARY_FEATURE_ORDER,xgboost,xgboost__lr_0.03__depth_2__mcw_1__lambda_1,fold1_validation,فسرب,فسرب|1396,فسرب|1397,1396,1397,0,0.733424186707,mean_of_5_fixed_seeds
smote_training_fold_only_robustness,main_rule_a_primary,M1_PRIMARY_FEATURE_ORDER,xgboost,xgboost__lr_0.03__depth_2__mcw_1__lambda_1,fold1_validation,فسپا,فسپا|1395,فسپا|1396,1395,1396,0,0.026389196515,mean_of_5_fixed_seeds
smote_training_fold_only_robustness,main_rule_a_primary,M1_PRIMARY_FEATURE_ORDER,xgboost,xgboost__lr_0.03__depth_2__mcw_1__lambda_1,fold1_validation,فسپا,فسپا|1396,فسپا|1397,1396,1397,0,0.010399164632,mean_of_5_fixed_seeds
smote_training_fold_only_robustness,main_rule_a_primary,M1_PRIMARY_FEATURE_ORDER,xgboost,xgboost__lr_0.03__depth_2__mcw_1__lambda_1,fold1_validation,فمراد,فمراد|1395,فمراد|1396,1395,1396,0,0.379710286856,mean_of_5_fixed_seeds
smote_training_fold_only_robustness,main_rule_a_primary,M1_PRIMARY_FEATURE_ORDER,xgboost,xgboost__lr_0.03__depth_2__mcw_1__lambda_1,fold1_validation,فمراد,فمراد|1396,فمراد|1397,1396,1397,0,0.389407157898,mean_of_5_fixed_seeds
smote_training_fold_only_robustness,main_rule_a_primary,M1_PRIMARY_FEATURE_ORDER,xgboost,xgboost__lr_0.03__depth_2__mcw_1__lambda_1,fold1_validation,فملی,فملی|1395,فملی|1396,1395,1396,0,0.022342957556,mean_of_5_fixed_seeds
smote_training_fold_only_robustness,main_rule_a_primary,M1_PRIMARY_FEATURE_ORDER,xgboost,xgboost__lr_0.03__depth_2__mcw_1__lambda_1,fold1_validation,فملی,فملی|1396,فملی|1397,1396,1397,0,0.012941163965,mean_of_5_fixed_seeds
smote_training_fold_only_robustness,main_rule_a_primary,M1_PRIMARY_FEATURE_ORDER,xgboost,xgboost__lr_0.03__depth_2__mcw_1__lambda_1,fold1_validation,فنورد,فنورد|1395,فنورد|1396,1395,1396,0,0.142007052898,mean_of_5_fixed_seeds
smote_training_fold_only_robustness,main_rule_a_primary,M1_PRIMARY_FEATURE_ORDER,xgboost,xgboost__lr_0.03__depth_2__mcw_1__lambda_1,fold1_validation,فنورد,فنورد|1396,فنورد|1397,1396,1397,0,0.273912847042,mean_of_5_fixed_seeds
smote_training_fold_only_robustness,main_rule_a_primary,M1_PRIMARY_FEATURE_ORDER,xgboost,xgboost__lr_0.03__depth_2__mcw_1__lambda_1,fold1_validation,فولاژ,فولاژ|1395,فولاژ|1396,1395,1396,0,0.03327171877,mean_of_5_fixed_seeds
smote_training_fold_only_robustness,main_rule_a_primary,M1_PRIMARY_FEATURE_ORDER,xgboost,xgboost__lr_0.03__depth_2__mcw_1__lambda_1,fold1_validation,فولاژ,فولاژ|1396,فولاژ|1397,1396,1397,0,0.033701438457,mean_of_5_fixed_seeds
smote_training_fold_only_robustness,main_rule_a_primary,M1_PRIMARY_FEATURE_ORDER,xgboost,xgboost__lr_0.03__depth_2__mcw_1__lambda_1,fold1_validation,فپنتا,فپنتا|1395,فپنتا|1396,1395,1396,0,0.00942592416,mean_of_5_fixed_seeds
smote_training_fold_only_robustness,main_rule_a_primary,M1_PRIMARY_FEATURE_ORDER,xgboost,xgboost__lr_0.03__depth_2__mcw_1__lambda_1,fold1_validation,فپنتا,فپنتا|1396,فپنتا|1397,1396,1397,0,0.011121621355,mean_of_5_fixed_seeds
smote_training_fold_only_robustness,main_rule_a_primary,M1_PRIMARY_FEATURE_ORDER,xgboost,xgboost__lr_0.03__depth_2__mcw_1__lambda_1,fold1_validation,لابسا,لابسا|1395,لابسا|1396,1395,1396,1,0.216395691037,mean_of_5_fixed_seeds
smote_training_fold_only_robustness,main_rule_a_primary,M1_PRIMARY_FEATURE_ORDER,xgboost,xgboost__lr_0.03__depth_2__mcw_1__lambda_1,fold1_validation,لابسا,لابسا|1396,لابسا|1397,1396,1397,0,0.208291053772,mean_of_5_fixed_seeds
smote_training_fold_only_robustness,main_rule_a_primary,M1_PRIMARY_FEATURE_ORDER,xgboost,xgboost__lr_0.03__depth_2__mcw_1__lambda_1,fold1_validation,لبوتان,لبوتان|1395,لبوتان|1396,1395,1396,0,0.122139886022,mean_of_5_fixed_seeds
smote_training_fold_only_robustness,main_rule_a_primary,M1_PRIMARY_FEATURE_ORDER,xgboost,xgboost__lr_0.03__depth_2__mcw_1__lambda_1,fold1_validation,لبوتان,لبوتان|1396,لبوتان|1397,1396,1397,0,0.062606610358,mean_of_5_fixed_seeds
smote_training_fold_only_robustness,main_rule_a_primary,M1_PRIMARY_FEATURE_ORDER,xgboost,xgboost__lr_0.03__depth_2__mcw_1__lambda_1,fold1_validation,لخزر,لخزر|1395,لخزر|1396,1395,1396,0,0.213448360562,mean_of_5_fixed_seeds
smote_training_fold_only_robustness,main_rule_a_primary,M1_PRIMARY_FEATURE_ORDER,xgboost,xgboost__lr_0.03__depth_2__mcw_1__lambda_1,fold1_validation,لخزر,لخزر|1396,لخزر|1397,1396,1397,0,0.265921771526,mean_of_5_fixed_seeds
smote_training_fold_only_robustness,main_rule_a_primary,M1_PRIMARY_FEATURE_ORDER,xgboost,xgboost__lr_0.03__depth_2__mcw_1__lambda_1,fold1_validation,لسرما,لسرما|1395,لسرما|1396,1395,1396,0,0.073563612998,mean_of_5_fixed_seeds
smote_training_fold_only_robustness,main_rule_a_primary,M1_PRIMARY_FEATURE_ORDER,xgboost,xgboost__lr_0.03__depth_2__mcw_1__lambda_1,fold1_validation,لسرما,لسرما|1396,لسرما|1397,1396,1397,0,0.031665664166,mean_of_5_fixed_seeds
smote_training_fold_only_robustness,main_rule_a_primary,M1_PRIMARY_FEATURE_ORDER,xgboost,xgboost__lr_0.03__depth_2__mcw_1__lambda_1,fold1_validation,های وب,های وب|1396,های وب|1397,1396,1397,0,0.059016812593,mean_of_5_fixed_seeds
smote_training_fold_only_robustness,main_rule_a_primary,M1_PRIMARY_FEATURE_ORDER,xgboost,xgboost__lr_0.03__depth_2__mcw_1__lambda_1,fold1_validation,همراه,همراه|1395,همراه|1396,1395,1396,0,0.167309805751,mean_of_5_fixed_seeds
smote_training_fold_only_robustness,main_rule_a_primary,M1_PRIMARY_FEATURE_ORDER,xgboost,xgboost__lr_0.03__depth_2__mcw_1__lambda_1,fold1_validation,همراه,همراه|1396,همراه|1397,1396,1397,0,0.166562840343,mean_of_5_fixed_seeds
smote_training_fold_only_robustness,main_rule_a_primary,M1_PRIMARY_FEATURE_ORDER,xgboost,xgboost__lr_0.03__depth_2__mcw_1__lambda_1,fold1_validation,پدرخش,پدرخش|1395,پدرخش|1396,1395,1396,0,0.291269719601,mean_of_5_fixed_seeds
smote_training_fold_only_robustness,main_rule_a_primary,M1_PRIMARY_FEATURE_ORDER,xgboost,xgboost__lr_0.03__depth_2__mcw_1__lambda_1,fold1_validation,پدرخش,پدرخش|1396,پدرخش|1397,1396,1397,0,0.008460586891,mean_of_5_fixed_seeds
smote_training_fold_only_robustness,main_rule_a_primary,M1_PRIMARY_FEATURE_ORDER,xgboost,xgboost__lr_0.03__depth_2__mcw_1__lambda_1,fold1_validation,پرداخت,پرداخت|1396,پرداخت|1397,1396,1397,0,0.018801018596,mean_of_5_fixed_seeds
smote_training_fold_only_robustness,main_rule_a_primary,M1_PRIMARY_FEATURE_ORDER,xgboost,xgboost__lr_0.03__depth_2__mcw_1__lambda_1,fold1_validation,پسهند,پسهند|1395,پسهند|1396,1395,1396,0,0.014983160421,mean_of_5_fixed_seeds
smote_training_fold_only_robustness,main_rule_a_primary,M1_PRIMARY_FEATURE_ORDER,xgboost,xgboost__lr_0.03__depth_2__mcw_1__lambda_1,fold1_validation,پسهند,پسهند|1396,پسهند|1397,1396,1397,0,0.009224599227,mean_of_5_fixed_seeds
smote_training_fold_only_robustness,main_rule_a_primary,M1_PRIMARY_FEATURE_ORDER,xgboost,xgboost__lr_0.03__depth_2__mcw_1__lambda_1,fold1_validation,پلاسک,پلاسک|1395,پلاسک|1396,1395,1396,0,0.74693185091,mean_of_5_fixed_seeds
smote_training_fold_only_robustness,main_rule_a_primary,M1_PRIMARY_FEATURE_ORDER,xgboost,xgboost__lr_0.03__depth_2__mcw_1__lambda_1,fold1_validation,پلاسک,پلاسک|1396,پلاسک|1397,1396,1397,0,0.750001788139,mean_of_5_fixed_seeds
smote_training_fold_only_robustness,main_rule_a_primary,M1_PRIMARY_FEATURE_ORDER,xgboost,xgboost__lr_0.03__depth_2__mcw_1__lambda_1,fold1_validation,چافست,چافست|1395,چافست|1396,1395,1396,0,0.460603326559,mean_of_5_fixed_seeds
smote_training_fold_only_robustness,main_rule_a_primary,M1_PRIMARY_FEATURE_ORDER,xgboost,xgboost__lr_0.03__depth_2__mcw_1__lambda_1,fold1_validation,چافست,چافست|1396,چافست|1397,1396,1397,0,0.244597524405,mean_of_5_fixed_seeds
smote_training_fold_only_robustness,main_rule_a_primary,M1_PRIMARY_FEATURE_ORDER,xgboost,xgboost__lr_0.03__depth_2__mcw_1__lambda_1,fold1_validation,چکارن,چکارن|1395,چکارن|1396,1395,1396,0,0.184903264046,mean_of_5_fixed_seeds
smote_training_fold_only_robustness,main_rule_a_primary,M1_PRIMARY_FEATURE_ORDER,xgboost,xgboost__lr_0.03__depth_2__mcw_1__lambda_1,fold1_validation,چکارن,چکارن|1396,چکارن|1397,1396,1397,0,0.103691481054,mean_of_5_fixed_seeds
smote_training_fold_only_robustness,main_rule_a_primary,M1_PRIMARY_FEATURE_ORDER,xgboost,xgboost__lr_0.03__depth_2__mcw_1__lambda_1,fold1_validation,کاوه,کاوه|1396,کاوه|1397,1396,1397,0,0.387284338474,mean_of_5_fixed_seeds
smote_training_fold_only_robustness,main_rule_a_primary,M1_PRIMARY_FEATURE_ORDER,xgboost,xgboost__lr_0.03__depth_2__mcw_1__lambda_1,fold1_validation,کبافق,کبافق|1395,کبافق|1396,1395,1396,0,0.019319225103,mean_of_5_fixed_seeds
smote_training_fold_only_robustness,main_rule_a_primary,M1_PRIMARY_FEATURE_ORDER,xgboost,xgboost__lr_0.03__depth_2__mcw_1__lambda_1,fold1_validation,کبافق,کبافق|1396,کبافق|1397,1396,1397,0,0.019605038688,mean_of_5_fixed_seeds
smote_training_fold_only_robustness,main_rule_a_primary,M1_PRIMARY_FEATURE_ORDER,xgboost,xgboost__lr_0.03__depth_2__mcw_1__lambda_1,fold1_validation,کرازی,کرازی|1395,کرازی|1396,1395,1396,0,0.048202164471,mean_of_5_fixed_seeds
smote_training_fold_only_robustness,main_rule_a_primary,M1_PRIMARY_FEATURE_ORDER,xgboost,xgboost__lr_0.03__depth_2__mcw_1__lambda_1,fold1_validation,کرازی,کرازی|1396,کرازی|1397,1396,1397,0,0.050056874752,mean_of_5_fixed_seeds
smote_training_fold_only_robustness,main_rule_a_primary,M1_PRIMARY_FEATURE_ORDER,xgboost,xgboost__lr_0.03__depth_2__mcw_1__lambda_1,fold1_validation,کفرا,کفرا|1395,کفرا|1396,1395,1396,0,0.026328001171,mean_of_5_fixed_seeds
smote_training_fold_only_robustness,main_rule_a_primary,M1_PRIMARY_FEATURE_ORDER,xgboost,xgboost__lr_0.03__depth_2__mcw_1__lambda_1,fold1_validation,کفرا,کفرا|1396,کفرا|1397,1396,1397,0,0.024227444082,mean_of_5_fixed_seeds
smote_training_fold_only_robustness,main_rule_a_primary,M1_PRIMARY_FEATURE_ORDER,xgboost,xgboost__lr_0.03__depth_2__mcw_1__lambda_1,fold1_validation,کفپارس,کفپارس|1395,کفپارس|1396,1395,1396,1,0.14969214797,mean_of_5_fixed_seeds
smote_training_fold_only_robustness,main_rule_a_primary,M1_PRIMARY_FEATURE_ORDER,xgboost,xgboost__lr_0.03__depth_2__mcw_1__lambda_1,fold1_validation,کفپارس,کفپارس|1396,کفپارس|1397,1396,1397,0,0.115122579038,mean_of_5_fixed_seeds
smote_training_fold_only_robustness,main_rule_a_primary,M1_PRIMARY_FEATURE_ORDER,xgboost,xgboost__lr_0.03__depth_2__mcw_1__lambda_1,fold1_validation,کهمدا,کهمدا|1395,کهمدا|1396,1395,1396,0,0.010470480658,mean_of_5_fixed_seeds
smote_training_fold_only_robustness,main_rule_a_primary,M1_PRIMARY_FEATURE_ORDER,xgboost,xgboost__lr_0.03__depth_2__mcw_1__lambda_1,fold1_validation,کهمدا,کهمدا|1396,کهمدا|1397,1396,1397,0,0.017895970494,mean_of_5_fixed_seeds
smote_training_fold_only_robustness,main_rule_a_primary,M1_PRIMARY_FEATURE_ORDER,xgboost,xgboost__lr_0.03__depth_2__mcw_1__lambda_1,fold1_validation,کگاز,کگاز|1395,کگاز|1396,1395,1396,0,0.789222896099,mean_of_5_fixed_seeds
smote_training_fold_only_robustness,main_rule_a_primary,M1_PRIMARY_FEATURE_ORDER,xgboost,xgboost__lr_0.03__depth_2__mcw_1__lambda_1,fold1_validation,کگاز,کگاز|1396,کگاز|1397,1396,1397,0,0.050608791411,mean_of_5_fixed_seeds
smote_training_fold_only_robustness,main_rule_a_primary,M1_PRIMARY_FEATURE_ORDER,xgboost,xgboost__lr_0.03__depth_2__mcw_1__lambda_1,fold1_validation,کگل,کگل|1395,کگل|1396,1395,1396,0,0.044737577438,mean_of_5_fixed_seeds
smote_training_fold_only_robustness,main_rule_a_primary,M1_PRIMARY_FEATURE_ORDER,xgboost,xgboost__lr_0.03__depth_2__mcw_1__lambda_1,fold1_validation,کگل,کگل|1396,کگل|1397,1396,1397,0,0.048493735492,mean_of_5_fixed_seeds
smote_training_fold_only_robustness,main_rule_a_primary,M1_PRIMARY_FEATURE_ORDER,xgboost,xgboost__lr_0.03__depth_2__mcw_1__lambda_1,fold2_validation,بالبر,بالبر|1397,بالبر|1398,1397,1398,0,0.837567985058,mean_of_5_fixed_seeds
smote_training_fold_only_robustness,main_rule_a_primary,M1_PRIMARY_FEATURE_ORDER,xgboost,xgboost__lr_0.03__depth_2__mcw_1__lambda_1,fold2_validation,بالبر,بالبر|1398,بالبر|1399,1398,1399,0,0.431427538395,mean_of_5_fixed_seeds
smote_training_fold_only_robustness,main_rule_a_primary,M1_PRIMARY_FEATURE_ORDER,xgboost,xgboost__lr_0.03__depth_2__mcw_1__lambda_1,fold2_validation,بترانس,بترانس|1397,بترانس|1398,1397,1398,0,0.267902463675,mean_of_5_fixed_seeds
smote_training_fold_only_robustness,main_rule_a_primary,M1_PRIMARY_FEATURE_ORDER,xgboost,xgboost__lr_0.03__depth_2__mcw_1__lambda_1,fold2_validation,بترانس,بترانس|1398,بترانس|1399,1398,1399,0,0.461858123541,mean_of_5_fixed_seeds
smote_training_fold_only_robustness,main_rule_a_primary,M1_PRIMARY_FEATURE_ORDER,xgboost,xgboost__lr_0.03__depth_2__mcw_1__lambda_1,fold2_validation,بموتو,بموتو|1397,بموتو|1398,1397,1398,0,0.950991511345,mean_of_5_fixed_seeds
smote_training_fold_only_robustness,main_rule_a_primary,M1_PRIMARY_FEATURE_ORDER,xgboost,xgboost__lr_0.03__depth_2__mcw_1__lambda_1,fold2_validation,بموتو,بموتو|1398,بموتو|1399,1398,1399,0,0.050182133913,mean_of_5_fixed_seeds
smote_training_fold_only_robustness,main_rule_a_primary,M1_PRIMARY_FEATURE_ORDER,xgboost,xgboost__lr_0.03__depth_2__mcw_1__lambda_1,fold2_validation,بکاب,بکاب|1397,بکاب|1398,1397,1398,0,0.055315237492,mean_of_5_fixed_seeds
smote_training_fold_only_robustness,main_rule_a_primary,M1_PRIMARY_FEATURE_ORDER,xgboost,xgboost__lr_0.03__depth_2__mcw_1__lambda_1,fold2_validation,بکاب,بکاب|1398,بکاب|1399,1398,1399,0,0.041037581861,mean_of_5_fixed_seeds
smote_training_fold_only_robustness,main_rule_a_primary,M1_PRIMARY_FEATURE_ORDER,xgboost,xgboost__lr_0.03__depth_2__mcw_1__lambda_1,fold2_validation,بکام,بکام|1397,بکام|1398,1397,1398,0,0.901856124401,mean_of_5_fixed_seeds
smote_training_fold_only_robustness,main_rule_a_primary,M1_PRIMARY_FEATURE_ORDER,xgboost,xgboost__lr_0.03__depth_2__mcw_1__lambda_1,fold2_validation,بکام,بکام|1398,بکام|1399,1398,1399,0,0.508365094662,mean_of_5_fixed_seeds
smote_training_fold_only_robustness,main_rule_a_primary,M1_PRIMARY_FEATURE_ORDER,xgboost,xgboost__lr_0.03__depth_2__mcw_1__lambda_1,fold2_validation,تپمپی,تپمپی|1397,تپمپی|1398,1397,1398,0,0.02942073904,mean_of_5_fixed_seeds
smote_training_fold_only_robustness,main_rule_a_primary,M1_PRIMARY_FEATURE_ORDER,xgboost,xgboost__lr_0.03__depth_2__mcw_1__lambda_1,fold2_validation,تپمپی,تپمپی|1398,تپمپی|1399,1398,1399,0,0.038646101952,mean_of_5_fixed_seeds
smote_training_fold_only_robustness,main_rule_a_primary,M1_PRIMARY_FEATURE_ORDER,xgboost,xgboost__lr_0.03__depth_2__mcw_1__lambda_1,fold2_validation,تکمبا,تکمبا|1397,تکمبا|1398,1397,1398,0,0.357105433941,mean_of_5_fixed_seeds
smote_training_fold_only_robustness,main_rule_a_primary,M1_PRIMARY_FEATURE_ORDER,xgboost,xgboost__lr_0.03__depth_2__mcw_1__lambda_1,fold2_validation,تکمبا,تکمبا|1398,تکمبا|1399,1398,1399,0,0.404228210449,mean_of_5_fixed_seeds
smote_training_fold_only_robustness,main_rule_a_primary,M1_PRIMARY_FEATURE_ORDER,xgboost,xgboost__lr_0.03__depth_2__mcw_1__lambda_1,fold2_validation,ثشرق,ثشرق|1397,ثشرق|1398,1397,1398,0,0.335561215878,mean_of_5_fixed_seeds
smote_training_fold_only_robustness,main_rule_a_primary,M1_PRIMARY_FEATURE_ORDER,xgboost,xgboost__lr_0.03__depth_2__mcw_1__lambda_1,fold2_validation,ثشرق,ثشرق|1398,ثشرق|1399,1398,1399,0,0.056284207851,mean_of_5_fixed_seeds
smote_training_fold_only_robustness,main_rule_a_primary,M1_PRIMARY_FEATURE_ORDER,xgboost,xgboost__lr_0.03__depth_2__mcw_1__lambda_1,fold2_validation,ثنوسا,ثنوسا|1397,ثنوسا|1398,1397,1398,1,0.923641085625,mean_of_5_fixed_seeds
smote_training_fold_only_robustness,main_rule_a_primary,M1_PRIMARY_FEATURE_ORDER,xgboost,xgboost__lr_0.03__depth_2__mcw_1__lambda_1,fold2_validation,ثنوسا,ثنوسا|1398,ثنوسا|1399,1398,1399,0,0.82556450367,mean_of_5_fixed_seeds
smote_training_fold_only_robustness,main_rule_a_primary,M1_PRIMARY_FEATURE_ORDER,xgboost,xgboost__lr_0.03__depth_2__mcw_1__lambda_1,fold2_validation,جم پیلن,جم پیلن|1398,جم پیلن|1399,1398,1399,0,0.006227632519,mean_of_5_fixed_seeds
smote_training_fold_only_robustness,main_rule_a_primary,M1_PRIMARY_FEATURE_ORDER,xgboost,xgboost__lr_0.03__depth_2__mcw_1__lambda_1,fold2_validation,جم,جم|1397,جم|1398,1397,1398,0,0.00600754004,mean_of_5_fixed_seeds
smote_training_fold_only_robustness,main_rule_a_primary,M1_PRIMARY_FEATURE_ORDER,xgboost,xgboost__lr_0.03__depth_2__mcw_1__lambda_1,fold2_validation,جم,جم|1398,جم|1399,1398,1399,0,0.005814215168,mean_of_5_fixed_seeds
smote_training_fold_only_robustness,main_rule_a_primary,M1_PRIMARY_FEATURE_ORDER,xgboost,xgboost__lr_0.03__depth_2__mcw_1__lambda_1,fold2_validation,حپترو,حپترو|1397,حپترو|1398,1397,1398,0,0.181576728821,mean_of_5_fixed_seeds
smote_training_fold_only_robustness,main_rule_a_primary,M1_PRIMARY_FEATURE_ORDER,xgboost,xgboost__lr_0.03__depth_2__mcw_1__lambda_1,fold2_validation,حپترو,حپترو|1398,حپترو|1399,1398,1399,0,0.048216402531,mean_of_5_fixed_seeds
smote_training_fold_only_robustness,main_rule_a_primary,M1_PRIMARY_FEATURE_ORDER,xgboost,xgboost__lr_0.03__depth_2__mcw_1__lambda_1,fold2_validation,حکشتی,حکشتی|1397,حکشتی|1398,1397,1398,0,0.075799711049,mean_of_5_fixed_seeds
smote_training_fold_only_robustness,main_rule_a_primary,M1_PRIMARY_FEATURE_ORDER,xgboost,xgboost__lr_0.03__depth_2__mcw_1__lambda_1,fold2_validation,حکشتی,حکشتی|1398,حکشتی|1399,1398,1399,0,0.10662227869,mean_of_5_fixed_seeds
smote_training_fold_only_robustness,main_rule_a_primary,M1_PRIMARY_FEATURE_ORDER,xgboost,xgboost__lr_0.03__depth_2__mcw_1__lambda_1,fold2_validation,خاذین,خاذین|1397,خاذین|1398,1397,1398,0,0.568340480328,mean_of_5_fixed_seeds
smote_training_fold_only_robustness,main_rule_a_primary,M1_PRIMARY_FEATURE_ORDER,xgboost,xgboost__lr_0.03__depth_2__mcw_1__lambda_1,fold2_validation,خاذین,خاذین|1398,خاذین|1399,1398,1399,0,0.220819473267,mean_of_5_fixed_seeds
smote_training_fold_only_robustness,main_rule_a_primary,M1_PRIMARY_FEATURE_ORDER,xgboost,xgboost__lr_0.03__depth_2__mcw_1__lambda_1,fold2_validation,خبهمن,خبهمن|1397,خبهمن|1398,1397,1398,0,0.212246179581,mean_of_5_fixed_seeds
smote_training_fold_only_robustness,main_rule_a_primary,M1_PRIMARY_FEATURE_ORDER,xgboost,xgboost__lr_0.03__depth_2__mcw_1__lambda_1,fold2_validation,خبهمن,خبهمن|1398,خبهمن|1399,1398,1399,0,0.773793578148,mean_of_5_fixed_seeds
smote_training_fold_only_robustness,main_rule_a_primary,M1_PRIMARY_FEATURE_ORDER,xgboost,xgboost__lr_0.03__depth_2__mcw_1__lambda_1,fold2_validation,ختوقا,ختوقا|1397,ختوقا|1398,1397,1398,0,0.541140675545,mean_of_5_fixed_seeds
smote_training_fold_only_robustness,main_rule_a_primary,M1_PRIMARY_FEATURE_ORDER,xgboost,xgboost__lr_0.03__depth_2__mcw_1__lambda_1,fold2_validation,ختوقا,ختوقا|1398,ختوقا|1399,1398,1399,0,0.512755036354,mean_of_5_fixed_seeds
smote_training_fold_only_robustness,main_rule_a_primary,M1_PRIMARY_FEATURE_ORDER,xgboost,xgboost__lr_0.03__depth_2__mcw_1__lambda_1,fold2_validation,خرینگ,خرینگ|1397,خرینگ|1398,1397,1398,0,0.860225021839,mean_of_5_fixed_seeds
smote_training_fold_only_robustness,main_rule_a_primary,M1_PRIMARY_FEATURE_ORDER,xgboost,xgboost__lr_0.03__depth_2__mcw_1__lambda_1,fold2_validation,خرینگ,خرینگ|1398,خرینگ|1399,1398,1399,0,0.572260379791,mean_of_5_fixed_seeds
smote_training_fold_only_robustness,main_rule_a_primary,M1_PRIMARY_FEATURE_ORDER,xgboost,xgboost__lr_0.03__depth_2__mcw_1__lambda_1,fold2_validation,خمحور,خمحور|1397,خمحور|1398,1397,1398,0,0.127760902047,mean_of_5_fixed_seeds
smote_training_fold_only_robustness,main_rule_a_primary,M1_PRIMARY_FEATURE_ORDER,xgboost,xgboost__lr_0.03__depth_2__mcw_1__lambda_1,fold2_validation,خمحور,خمحور|1398,خمحور|1399,1398,1399,0,0.523661613464,mean_of_5_fixed_seeds
smote_training_fold_only_robustness,main_rule_a_primary,M1_PRIMARY_FEATURE_ORDER,xgboost,xgboost__lr_0.03__depth_2__mcw_1__lambda_1,fold2_validation,خمهر,خمهر|1397,خمهر|1398,1397,1398,1,0.557592272758,mean_of_5_fixed_seeds
smote_training_fold_only_robustness,main_rule_a_primary,M1_PRIMARY_FEATURE_ORDER,xgboost,xgboost__lr_0.03__depth_2__mcw_1__lambda_1,fold2_validation,خمهر,خمهر|1398,خمهر|1399,1398,1399,0,0.793995738029,mean_of_5_fixed_seeds
smote_training_fold_only_robustness,main_rule_a_primary,M1_PRIMARY_FEATURE_ORDER,xgboost,xgboost__lr_0.03__depth_2__mcw_1__lambda_1,fold2_validation,خنصیر,خنصیر|1397,خنصیر|1398,1397,1398,0,0.955025196075,mean_of_5_fixed_seeds
smote_training_fold_only_robustness,main_rule_a_primary,M1_PRIMARY_FEATURE_ORDER,xgboost,xgboost__lr_0.03__depth_2__mcw_1__lambda_1,fold2_validation,خنصیر,خنصیر|1398,خنصیر|1399,1398,1399,0,0.786123156548,mean_of_5_fixed_seeds
smote_training_fold_only_robustness,main_rule_a_primary,M1_PRIMARY_FEATURE_ORDER,xgboost,xgboost__lr_0.03__depth_2__mcw_1__lambda_1,fold2_validation,خوساز,خوساز|1397,خوساز|1398,1397,1398,0,0.044357251376,mean_of_5_fixed_seeds
smote_training_fold_only_robustness,main_rule_a_primary,M1_PRIMARY_FEATURE_ORDER,xgboost,xgboost__lr_0.03__depth_2__mcw_1__lambda_1,fold2_validation,خوساز,خوساز|1398,خوساز|1399,1398,1399,0,0.047531731427,mean_of_5_fixed_seeds
smote_training_fold_only_robustness,main_rule_a_primary,M1_PRIMARY_FEATURE_ORDER,xgboost,xgboost__lr_0.03__depth_2__mcw_1__lambda_1,fold2_validation,خچرخش,خچرخش|1397,خچرخش|1398,1397,1398,0,0.046030826867,mean_of_5_fixed_seeds
smote_training_fold_only_robustness,main_rule_a_primary,M1_PRIMARY_FEATURE_ORDER,xgboost,xgboost__lr_0.03__depth_2__mcw_1__lambda_1,fold2_validation,خچرخش,خچرخش|1398,خچرخش|1399,1398,1399,0,0.195081546903,mean_of_5_fixed_seeds
smote_training_fold_only_robustness,main_rule_a_primary,M1_PRIMARY_FEATURE_ORDER,xgboost,xgboost__lr_0.03__depth_2__mcw_1__lambda_1,fold2_validation,خکمک,خکمک|1397,خکمک|1398,1397,1398,0,0.654576420784,mean_of_5_fixed_seeds
smote_training_fold_only_robustness,main_rule_a_primary,M1_PRIMARY_FEATURE_ORDER,xgboost,xgboost__lr_0.03__depth_2__mcw_1__lambda_1,fold2_validation,خکمک,خکمک|1398,خکمک|1399,1398,1399,0,0.724001049995,mean_of_5_fixed_seeds
smote_training_fold_only_robustness,main_rule_a_primary,M1_PRIMARY_FEATURE_ORDER,xgboost,xgboost__lr_0.03__depth_2__mcw_1__lambda_1,fold2_validation,ددام,ددام|1397,ددام|1398,1397,1398,0,0.825364887714,mean_of_5_fixed_seeds
smote_training_fold_only_robustness,main_rule_a_primary,M1_PRIMARY_FEATURE_ORDER,xgboost,xgboost__lr_0.03__depth_2__mcw_1__lambda_1,fold2_validation,ددام,ددام|1398,ددام|1399,1398,1399,0,0.037528805435,mean_of_5_fixed_seeds
smote_training_fold_only_robustness,main_rule_a_primary,M1_PRIMARY_FEATURE_ORDER,xgboost,xgboost__lr_0.03__depth_2__mcw_1__lambda_1,fold2_validation,دروز,دروز|1397,دروز|1398,1397,1398,1,0.084334313869,mean_of_5_fixed_seeds
smote_training_fold_only_robustness,main_rule_a_primary,M1_PRIMARY_FEATURE_ORDER,xgboost,xgboost__lr_0.03__depth_2__mcw_1__lambda_1,fold2_validation,دروز,دروز|1398,دروز|1399,1398,1399,1,0.556688606739,mean_of_5_fixed_seeds
smote_training_fold_only_robustness,main_rule_a_primary,M1_PRIMARY_FEATURE_ORDER,xgboost,xgboost__lr_0.03__depth_2__mcw_1__lambda_1,fold2_validation,دسبحا,دسبحا|1397,دسبحا|1398,1397,1398,0,0.027023827657,mean_of_5_fixed_seeds
smote_training_fold_only_robustness,main_rule_a_primary,M1_PRIMARY_FEATURE_ORDER,xgboost,xgboost__lr_0.03__depth_2__mcw_1__lambda_1,fold2_validation,دسبحا,دسبحا|1398,دسبحا|1399,1398,1399,0,0.05421660468,mean_of_5_fixed_seeds
smote_training_fold_only_robustness,main_rule_a_primary,M1_PRIMARY_FEATURE_ORDER,xgboost,xgboost__lr_0.03__depth_2__mcw_1__lambda_1,fold2_validation,دسینا,دسینا|1397,دسینا|1398,1397,1398,0,0.098500475287,mean_of_5_fixed_seeds
smote_training_fold_only_robustness,main_rule_a_primary,M1_PRIMARY_FEATURE_ORDER,xgboost,xgboost__lr_0.03__depth_2__mcw_1__lambda_1,fold2_validation,دسینا,دسینا|1398,دسینا|1399,1398,1399,0,0.16246239841,mean_of_5_fixed_seeds
smote_training_fold_only_robustness,main_rule_a_primary,M1_PRIMARY_FEATURE_ORDER,xgboost,xgboost__lr_0.03__depth_2__mcw_1__lambda_1,fold2_validation,دشیمی,دشیمی|1397,دشیمی|1398,1397,1398,0,0.562311768532,mean_of_5_fixed_seeds
smote_training_fold_only_robustness,main_rule_a_primary,M1_PRIMARY_FEATURE_ORDER,xgboost,xgboost__lr_0.03__depth_2__mcw_1__lambda_1,fold2_validation,دشیمی,دشیمی|1398,دشیمی|1399,1398,1399,0,0.190884307027,mean_of_5_fixed_seeds
smote_training_fold_only_robustness,main_rule_a_primary,M1_PRIMARY_FEATURE_ORDER,xgboost,xgboost__lr_0.03__depth_2__mcw_1__lambda_1,fold2_validation,دیران,دیران|1397,دیران|1398,1397,1398,0,0.044444400817,mean_of_5_fixed_seeds
smote_training_fold_only_robustness,main_rule_a_primary,M1_PRIMARY_FEATURE_ORDER,xgboost,xgboost__lr_0.03__depth_2__mcw_1__lambda_1,fold2_validation,دیران,دیران|1398,دیران|1399,1398,1399,0,0.10301772505,mean_of_5_fixed_seeds
smote_training_fold_only_robustness,main_rule_a_primary,M1_PRIMARY_FEATURE_ORDER,xgboost,xgboost__lr_0.03__depth_2__mcw_1__lambda_1,fold2_validation,رانفور,رانفور|1397,رانفور|1398,1397,1398,0,0.007187156472,mean_of_5_fixed_seeds
smote_training_fold_only_robustness,main_rule_a_primary,M1_PRIMARY_FEATURE_ORDER,xgboost,xgboost__lr_0.03__depth_2__mcw_1__lambda_1,fold2_validation,رانفور,رانفور|1398,رانفور|1399,1398,1399,0,0.006722954102,mean_of_5_fixed_seeds
smote_training_fold_only_robustness,main_rule_a_primary,M1_PRIMARY_FEATURE_ORDER,xgboost,xgboost__lr_0.03__depth_2__mcw_1__lambda_1,fold2_validation,رمپنا,رمپنا|1397,رمپنا|1398,1397,1398,0,0.101682499051,mean_of_5_fixed_seeds
smote_training_fold_only_robustness,main_rule_a_primary,M1_PRIMARY_FEATURE_ORDER,xgboost,xgboost__lr_0.03__depth_2__mcw_1__lambda_1,fold2_validation,رمپنا,رمپنا|1398,رمپنا|1399,1398,1399,0,0.122147418559,mean_of_5_fixed_seeds
smote_training_fold_only_robustness,main_rule_a_primary,M1_PRIMARY_FEATURE_ORDER,xgboost,xgboost__lr_0.03__depth_2__mcw_1__lambda_1,fold2_validation,زمگسا,زمگسا|1397,زمگسا|1398,1397,1398,0,0.093070849776,mean_of_5_fixed_seeds
smote_training_fold_only_robustness,main_rule_a_primary,M1_PRIMARY_FEATURE_ORDER,xgboost,xgboost__lr_0.03__depth_2__mcw_1__lambda_1,fold2_validation,زمگسا,زمگسا|1398,زمگسا|1399,1398,1399,0,0.055267918855,mean_of_5_fixed_seeds
smote_training_fold_only_robustness,main_rule_a_primary,M1_PRIMARY_FEATURE_ORDER,xgboost,xgboost__lr_0.03__depth_2__mcw_1__lambda_1,fold2_validation,زپارس,زپارس|1397,زپارس|1398,1397,1398,0,0.168894335628,mean_of_5_fixed_seeds
smote_training_fold_only_robustness,main_rule_a_primary,M1_PRIMARY_FEATURE_ORDER,xgboost,xgboost__lr_0.03__depth_2__mcw_1__lambda_1,fold2_validation,زپارس,زپارس|1398,زپارس|1399,1398,1399,0,0.06285469234,mean_of_5_fixed_seeds
smote_training_fold_only_robustness,main_rule_a_primary,M1_PRIMARY_FEATURE_ORDER,xgboost,xgboost__lr_0.03__depth_2__mcw_1__lambda_1,fold2_validation,ساراب,ساراب|1397,ساراب|1398,1397,1398,0,0.014349537902,mean_of_5_fixed_seeds
smote_training_fold_only_robustness,main_rule_a_primary,M1_PRIMARY_FEATURE_ORDER,xgboost,xgboost__lr_0.03__depth_2__mcw_1__lambda_1,fold2_validation,ساراب,ساراب|1398,ساراب|1399,1398,1399,0,0.014049294405,mean_of_5_fixed_seeds
smote_training_fold_only_robustness,main_rule_a_primary,M1_PRIMARY_FEATURE_ORDER,xgboost,xgboost__lr_0.03__depth_2__mcw_1__lambda_1,fold2_validation,ساربیل,ساربیل|1397,ساربیل|1398,1397,1398,0,0.011446388438,mean_of_5_fixed_seeds
smote_training_fold_only_robustness,main_rule_a_primary,M1_PRIMARY_FEATURE_ORDER,xgboost,xgboost__lr_0.03__depth_2__mcw_1__lambda_1,fold2_validation,ساربیل,ساربیل|1398,ساربیل|1399,1398,1399,0,0.011809206568,mean_of_5_fixed_seeds
smote_training_fold_only_robustness,main_rule_a_primary,M1_PRIMARY_FEATURE_ORDER,xgboost,xgboost__lr_0.03__depth_2__mcw_1__lambda_1,fold2_validation,ساروم,ساروم|1397,ساروم|1398,1397,1398,0,0.011356097646,mean_of_5_fixed_seeds
smote_training_fold_only_robustness,main_rule_a_primary,M1_PRIMARY_FEATURE_ORDER,xgboost,xgboost__lr_0.03__depth_2__mcw_1__lambda_1,fold2_validation,ساروم,ساروم|1398,ساروم|1399,1398,1399,0,0.011780795641,mean_of_5_fixed_seeds
smote_training_fold_only_robustness,main_rule_a_primary,M1_PRIMARY_FEATURE_ORDER,xgboost,xgboost__lr_0.03__depth_2__mcw_1__lambda_1,fold2_validation,سبجنو,سبجنو|1397,سبجنو|1398,1397,1398,0,0.485660552979,mean_of_5_fixed_seeds
smote_training_fold_only_robustness,main_rule_a_primary,M1_PRIMARY_FEATURE_ORDER,xgboost,xgboost__lr_0.03__depth_2__mcw_1__lambda_1,fold2_validation,سبجنو,سبجنو|1398,سبجنو|1399,1398,1399,0,0.04217646271,mean_of_5_fixed_seeds
smote_training_fold_only_robustness,main_rule_a_primary,M1_PRIMARY_FEATURE_ORDER,xgboost,xgboost__lr_0.03__depth_2__mcw_1__lambda_1,fold2_validation,سبهان,سبهان|1397,سبهان|1398,1397,1398,0,0.010269965045,mean_of_5_fixed_seeds
smote_training_fold_only_robustness,main_rule_a_primary,M1_PRIMARY_FEATURE_ORDER,xgboost,xgboost__lr_0.03__depth_2__mcw_1__lambda_1,fold2_validation,سبهان,سبهان|1398,سبهان|1399,1398,1399,0,0.02283519879,mean_of_5_fixed_seeds
smote_training_fold_only_robustness,main_rule_a_primary,M1_PRIMARY_FEATURE_ORDER,xgboost,xgboost__lr_0.03__depth_2__mcw_1__lambda_1,fold2_validation,ستران,ستران|1397,ستران|1398,1397,1398,0,0.054213374853,mean_of_5_fixed_seeds
smote_training_fold_only_robustness,main_rule_a_primary,M1_PRIMARY_FEATURE_ORDER,xgboost,xgboost__lr_0.03__depth_2__mcw_1__lambda_1,fold2_validation,ستران,ستران|1398,ستران|1399,1398,1399,0,0.16308568418,mean_of_5_fixed_seeds
smote_training_fold_only_robustness,main_rule_a_primary,M1_PRIMARY_FEATURE_ORDER,xgboost,xgboost__lr_0.03__depth_2__mcw_1__lambda_1,fold2_validation,سخاش,سخاش|1397,سخاش|1398,1397,1398,0,0.034335572273,mean_of_5_fixed_seeds
smote_training_fold_only_robustness,main_rule_a_primary,M1_PRIMARY_FEATURE_ORDER,xgboost,xgboost__lr_0.03__depth_2__mcw_1__lambda_1,fold2_validation,سخاش,سخاش|1398,سخاش|1399,1398,1399,0,0.011179912835,mean_of_5_fixed_seeds
smote_training_fold_only_robustness,main_rule_a_primary,M1_PRIMARY_FEATURE_ORDER,xgboost,xgboost__lr_0.03__depth_2__mcw_1__lambda_1,fold2_validation,سخزر,سخزر|1397,سخزر|1398,1397,1398,0,0.052218727767,mean_of_5_fixed_seeds
smote_training_fold_only_robustness,main_rule_a_primary,M1_PRIMARY_FEATURE_ORDER,xgboost,xgboost__lr_0.03__depth_2__mcw_1__lambda_1,fold2_validation,سخزر,سخزر|1398,سخزر|1399,1398,1399,0,0.034112054855,mean_of_5_fixed_seeds
smote_training_fold_only_robustness,main_rule_a_primary,M1_PRIMARY_FEATURE_ORDER,xgboost,xgboost__lr_0.03__depth_2__mcw_1__lambda_1,fold2_validation,سخوز,سخوز|1397,سخوز|1398,1397,1398,0,0.041024707258,mean_of_5_fixed_seeds
smote_training_fold_only_robustness,main_rule_a_primary,M1_PRIMARY_FEATURE_ORDER,xgboost,xgboost__lr_0.03__depth_2__mcw_1__lambda_1,fold2_validation,سخوز,سخوز|1398,سخوز|1399,1398,1399,0,0.032937243581,mean_of_5_fixed_seeds
smote_training_fold_only_robustness,main_rule_a_primary,M1_PRIMARY_FEATURE_ORDER,xgboost,xgboost__lr_0.03__depth_2__mcw_1__lambda_1,fold2_validation,سدشت,سدشت|1397,سدشت|1398,1397,1398,0,0.034091133624,mean_of_5_fixed_seeds
smote_training_fold_only_robustness,main_rule_a_primary,M1_PRIMARY_FEATURE_ORDER,xgboost,xgboost__lr_0.03__depth_2__mcw_1__lambda_1,fold2_validation,سدشت,سدشت|1398,سدشت|1399,1398,1399,0,0.039612393826,mean_of_5_fixed_seeds
smote_training_fold_only_robustness,main_rule_a_primary,M1_PRIMARY_FEATURE_ORDER,xgboost,xgboost__lr_0.03__depth_2__mcw_1__lambda_1,fold2_validation,سدور,سدور|1397,سدور|1398,1397,1398,0,0.838281810284,mean_of_5_fixed_seeds
smote_training_fold_only_robustness,main_rule_a_primary,M1_PRIMARY_FEATURE_ORDER,xgboost,xgboost__lr_0.03__depth_2__mcw_1__lambda_1,fold2_validation,سدور,سدور|1398,سدور|1399,1398,1399,0,0.688518404961,mean_of_5_fixed_seeds
smote_training_fold_only_robustness,main_rule_a_primary,M1_PRIMARY_FEATURE_ORDER,xgboost,xgboost__lr_0.03__depth_2__mcw_1__lambda_1,fold2_validation,سرود,سرود|1397,سرود|1398,1397,1398,0,0.031442318112,mean_of_5_fixed_seeds
smote_training_fold_only_robustness,main_rule_a_primary,M1_PRIMARY_FEATURE_ORDER,xgboost,xgboost__lr_0.03__depth_2__mcw_1__lambda_1,fold2_validation,سرود,سرود|1398,سرود|1399,1398,1399,0,0.042668662965,mean_of_5_fixed_seeds
smote_training_fold_only_robustness,main_rule_a_primary,M1_PRIMARY_FEATURE_ORDER,xgboost,xgboost__lr_0.03__depth_2__mcw_1__lambda_1,fold2_validation,سشرق,سشرق|1397,سشرق|1398,1397,1398,0,0.649334549904,mean_of_5_fixed_seeds
smote_training_fold_only_robustness,main_rule_a_primary,M1_PRIMARY_FEATURE_ORDER,xgboost,xgboost__lr_0.03__depth_2__mcw_1__lambda_1,fold2_validation,سشرق,سشرق|1398,سشرق|1399,1398,1399,0,0.689196586609,mean_of_5_fixed_seeds
smote_training_fold_only_robustness,main_rule_a_primary,M1_PRIMARY_FEATURE_ORDER,xgboost,xgboost__lr_0.03__depth_2__mcw_1__lambda_1,fold2_validation,سصفها,سصفها|1397,سصفها|1398,1397,1398,0,0.143563136458,mean_of_5_fixed_seeds
smote_training_fold_only_robustness,main_rule_a_primary,M1_PRIMARY_FEATURE_ORDER,xgboost,xgboost__lr_0.03__depth_2__mcw_1__lambda_1,fold2_validation,سصفها,سصفها|1398,سصفها|1399,1398,1399,0,0.089763373137,mean_of_5_fixed_seeds
smote_training_fold_only_robustness,main_rule_a_primary,M1_PRIMARY_FEATURE_ORDER,xgboost,xgboost__lr_0.03__depth_2__mcw_1__lambda_1,fold2_validation,سغرب,سغرب|1397,سغرب|1398,1397,1398,0,0.018309392035,mean_of_5_fixed_seeds
smote_training_fold_only_robustness,main_rule_a_primary,M1_PRIMARY_FEATURE_ORDER,xgboost,xgboost__lr_0.03__depth_2__mcw_1__lambda_1,fold2_validation,سغرب,سغرب|1398,سغرب|1399,1398,1399,0,0.034165207297,mean_of_5_fixed_seeds
smote_training_fold_only_robustness,main_rule_a_primary,M1_PRIMARY_FEATURE_ORDER,xgboost,xgboost__lr_0.03__depth_2__mcw_1__lambda_1,fold2_validation,سقاین,سقاین|1397,سقاین|1398,1397,1398,0,0.255397409201,mean_of_5_fixed_seeds
smote_training_fold_only_robustness,main_rule_a_primary,M1_PRIMARY_FEATURE_ORDER,xgboost,xgboost__lr_0.03__depth_2__mcw_1__lambda_1,fold2_validation,سقاین,سقاین|1398,سقاین|1399,1398,1399,0,0.043092541397,mean_of_5_fixed_seeds
smote_training_fold_only_robustness,main_rule_a_primary,M1_PRIMARY_FEATURE_ORDER,xgboost,xgboost__lr_0.03__depth_2__mcw_1__lambda_1,fold2_validation,سمازن,سمازن|1397,سمازن|1398,1397,1398,0,0.024320149794,mean_of_5_fixed_seeds
smote_training_fold_only_robustness,main_rule_a_primary,M1_PRIMARY_FEATURE_ORDER,xgboost,xgboost__lr_0.03__depth_2__mcw_1__lambda_1,fold2_validation,سمازن,سمازن|1398,سمازن|1399,1398,1399,0,0.035341124982,mean_of_5_fixed_seeds
smote_training_fold_only_robustness,main_rule_a_primary,M1_PRIMARY_FEATURE_ORDER,xgboost,xgboost__lr_0.03__depth_2__mcw_1__lambda_1,fold2_validation,سنیر,سنیر|1397,سنیر|1398,1397,1398,0,0.038988135755,mean_of_5_fixed_seeds
smote_training_fold_only_robustness,main_rule_a_primary,M1_PRIMARY_FEATURE_ORDER,xgboost,xgboost__lr_0.03__depth_2__mcw_1__lambda_1,fold2_validation,سنیر,سنیر|1398,سنیر|1399,1398,1399,0,0.01400362514,mean_of_5_fixed_seeds
smote_training_fold_only_robustness,main_rule_a_primary,M1_PRIMARY_FEATURE_ORDER,xgboost,xgboost__lr_0.03__depth_2__mcw_1__lambda_1,fold2_validation,سهگمت,سهگمت|1397,سهگمت|1398,1397,1398,0,0.021657520905,mean_of_5_fixed_seeds
smote_training_fold_only_robustness,main_rule_a_primary,M1_PRIMARY_FEATURE_ORDER,xgboost,xgboost__lr_0.03__depth_2__mcw_1__lambda_1,fold2_validation,سهگمت,سهگمت|1398,سهگمت|1399,1398,1399,0,0.060796361417,mean_of_5_fixed_seeds
smote_training_fold_only_robustness,main_rule_a_primary,M1_PRIMARY_FEATURE_ORDER,xgboost,xgboost__lr_0.03__depth_2__mcw_1__lambda_1,fold2_validation,سپاها,سپاها|1397,سپاها|1398,1397,1398,0,0.319386333227,mean_of_5_fixed_seeds
smote_training_fold_only_robustness,main_rule_a_primary,M1_PRIMARY_FEATURE_ORDER,xgboost,xgboost__lr_0.03__depth_2__mcw_1__lambda_1,fold2_validation,سپاها,سپاها|1398,سپاها|1399,1398,1399,0,0.012066630647,mean_of_5_fixed_seeds
smote_training_fold_only_robustness,main_rule_a_primary,M1_PRIMARY_FEATURE_ORDER,xgboost,xgboost__lr_0.03__depth_2__mcw_1__lambda_1,fold2_validation,سکرد,سکرد|1397,سکرد|1398,1397,1398,0,0.947102725506,mean_of_5_fixed_seeds
smote_training_fold_only_robustness,main_rule_a_primary,M1_PRIMARY_FEATURE_ORDER,xgboost,xgboost__lr_0.03__depth_2__mcw_1__lambda_1,fold2_validation,سکرد,سکرد|1398,سکرد|1399,1398,1399,0,0.640008687973,mean_of_5_fixed_seeds
smote_training_fold_only_robustness,main_rule_a_primary,M1_PRIMARY_FEATURE_ORDER,xgboost,xgboost__lr_0.03__depth_2__mcw_1__lambda_1,fold2_validation,سیلام,سیلام|1397,سیلام|1398,1397,1398,1,0.953649640083,mean_of_5_fixed_seeds
smote_training_fold_only_robustness,main_rule_a_primary,M1_PRIMARY_FEATURE_ORDER,xgboost,xgboost__lr_0.03__depth_2__mcw_1__lambda_1,fold2_validation,سیلام,سیلام|1398,سیلام|1399,1398,1399,1,0.750067532063,mean_of_5_fixed_seeds
smote_training_fold_only_robustness,main_rule_a_primary,M1_PRIMARY_FEATURE_ORDER,xgboost,xgboost__lr_0.03__depth_2__mcw_1__lambda_1,fold2_validation,شاراک,شاراک|1397,شاراک|1398,1397,1398,0,0.00570599502,mean_of_5_fixed_seeds
smote_training_fold_only_robustness,main_rule_a_primary,M1_PRIMARY_FEATURE_ORDER,xgboost,xgboost__lr_0.03__depth_2__mcw_1__lambda_1,fold2_validation,شاراک,شاراک|1398,شاراک|1399,1398,1399,0,0.005849093664,mean_of_5_fixed_seeds
smote_training_fold_only_robustness,main_rule_a_primary,M1_PRIMARY_FEATURE_ORDER,xgboost,xgboost__lr_0.03__depth_2__mcw_1__lambda_1,fold2_validation,شبریز,شبریز|1397,شبریز|1398,1397,1398,0,0.007464720402,mean_of_5_fixed_seeds
smote_training_fold_only_robustness,main_rule_a_primary,M1_PRIMARY_FEATURE_ORDER,xgboost,xgboost__lr_0.03__depth_2__mcw_1__lambda_1,fold2_validation,شبریز,شبریز|1398,شبریز|1399,1398,1399,0,0.005512425676,mean_of_5_fixed_seeds
smote_training_fold_only_robustness,main_rule_a_primary,M1_PRIMARY_FEATURE_ORDER,xgboost,xgboost__lr_0.03__depth_2__mcw_1__lambda_1,fold2_validation,شبندر,شبندر|1397,شبندر|1398,1397,1398,0,0.005535283592,mean_of_5_fixed_seeds
smote_training_fold_only_robustness,main_rule_a_primary,M1_PRIMARY_FEATURE_ORDER,xgboost,xgboost__lr_0.03__depth_2__mcw_1__lambda_1,fold2_validation,شبندر,شبندر|1398,شبندر|1399,1398,1399,0,0.005743649788,mean_of_5_fixed_seeds
smote_training_fold_only_robustness,main_rule_a_primary,M1_PRIMARY_FEATURE_ORDER,xgboost,xgboost__lr_0.03__depth_2__mcw_1__lambda_1,fold2_validation,شدوص,شدوص|1397,شدوص|1398,1397,1398,0,0.050197709352,mean_of_5_fixed_seeds
smote_training_fold_only_robustness,main_rule_a_primary,M1_PRIMARY_FEATURE_ORDER,xgboost,xgboost__lr_0.03__depth_2__mcw_1__lambda_1,fold2_validation,شدوص,شدوص|1398,شدوص|1399,1398,1399,0,0.018958395347,mean_of_5_fixed_seeds
smote_training_fold_only_robustness,main_rule_a_primary,M1_PRIMARY_FEATURE_ORDER,xgboost,xgboost__lr_0.03__depth_2__mcw_1__lambda_1,fold2_validation,شفارس,شفارس|1397,شفارس|1398,1397,1398,0,0.023842956871,mean_of_5_fixed_seeds
smote_training_fold_only_robustness,main_rule_a_primary,M1_PRIMARY_FEATURE_ORDER,xgboost,xgboost__lr_0.03__depth_2__mcw_1__lambda_1,fold2_validation,شفارس,شفارس|1398,شفارس|1399,1398,1399,0,0.035916984081,mean_of_5_fixed_seeds
smote_training_fold_only_robustness,main_rule_a_primary,M1_PRIMARY_FEATURE_ORDER,xgboost,xgboost__lr_0.03__depth_2__mcw_1__lambda_1,fold2_validation,شلعاب,شلعاب|1397,شلعاب|1398,1397,1398,0,0.59912532568,mean_of_5_fixed_seeds
smote_training_fold_only_robustness,main_rule_a_primary,M1_PRIMARY_FEATURE_ORDER,xgboost,xgboost__lr_0.03__depth_2__mcw_1__lambda_1,fold2_validation,شلعاب,شلعاب|1398,شلعاب|1399,1398,1399,0,0.605516731739,mean_of_5_fixed_seeds
smote_training_fold_only_robustness,main_rule_a_primary,M1_PRIMARY_FEATURE_ORDER,xgboost,xgboost__lr_0.03__depth_2__mcw_1__lambda_1,fold2_validation,شپارس,شپارس|1397,شپارس|1398,1397,1398,0,0.413965374231,mean_of_5_fixed_seeds
smote_training_fold_only_robustness,main_rule_a_primary,M1_PRIMARY_FEATURE_ORDER,xgboost,xgboost__lr_0.03__depth_2__mcw_1__lambda_1,fold2_validation,شپارس,شپارس|1398,شپارس|1399,1398,1399,0,0.196873724461,mean_of_5_fixed_seeds
smote_training_fold_only_robustness,main_rule_a_primary,M1_PRIMARY_FEATURE_ORDER,xgboost,xgboost__lr_0.03__depth_2__mcw_1__lambda_1,fold2_validation,شپنا,شپنا|1397,شپنا|1398,1397,1398,0,0.006168684922,mean_of_5_fixed_seeds
smote_training_fold_only_robustness,main_rule_a_primary,M1_PRIMARY_FEATURE_ORDER,xgboost,xgboost__lr_0.03__depth_2__mcw_1__lambda_1,fold2_validation,شپنا,شپنا|1398,شپنا|1399,1398,1399,0,0.005774254445,mean_of_5_fixed_seeds
smote_training_fold_only_robustness,main_rule_a_primary,M1_PRIMARY_FEATURE_ORDER,xgboost,xgboost__lr_0.03__depth_2__mcw_1__lambda_1,fold2_validation,شکربن,شکربن|1397,شکربن|1398,1397,1398,0,0.013870919123,mean_of_5_fixed_seeds
smote_training_fold_only_robustness,main_rule_a_primary,M1_PRIMARY_FEATURE_ORDER,xgboost,xgboost__lr_0.03__depth_2__mcw_1__lambda_1,fold2_validation,شکربن,شکربن|1398,شکربن|1399,1398,1399,0,0.012766182423,mean_of_5_fixed_seeds
smote_training_fold_only_robustness,main_rule_a_primary,M1_PRIMARY_FEATURE_ORDER,xgboost,xgboost__lr_0.03__depth_2__mcw_1__lambda_1,fold2_validation,شکلر,شکلر|1398,شکلر|1399,1398,1399,0,0.041445631534,mean_of_5_fixed_seeds
smote_training_fold_only_robustness,main_rule_a_primary,M1_PRIMARY_FEATURE_ORDER,xgboost,xgboost__lr_0.03__depth_2__mcw_1__lambda_1,fold2_validation,شیران,شیران|1397,شیران|1398,1397,1398,0,0.006057732739,mean_of_5_fixed_seeds
smote_training_fold_only_robustness,main_rule_a_primary,M1_PRIMARY_FEATURE_ORDER,xgboost,xgboost__lr_0.03__depth_2__mcw_1__lambda_1,fold2_validation,شیران,شیران|1398,شیران|1399,1398,1399,0,0.008700894192,mean_of_5_fixed_seeds
smote_training_fold_only_robustness,main_rule_a_primary,M1_PRIMARY_FEATURE_ORDER,xgboost,xgboost__lr_0.03__depth_2__mcw_1__lambda_1,fold2_validation,غبهنوش,غبهنوش|1397,غبهنوش|1398,1397,1398,0,0.59566795826,mean_of_5_fixed_seeds
smote_training_fold_only_robustness,main_rule_a_primary,M1_PRIMARY_FEATURE_ORDER,xgboost,xgboost__lr_0.03__depth_2__mcw_1__lambda_1,fold2_validation,غبهنوش,غبهنوش|1398,غبهنوش|1399,1398,1399,0,0.527972102165,mean_of_5_fixed_seeds
smote_training_fold_only_robustness,main_rule_a_primary,M1_PRIMARY_FEATURE_ORDER,xgboost,xgboost__lr_0.03__depth_2__mcw_1__lambda_1,fold2_validation,غدام,غدام|1397,غدام|1398,1397,1398,0,0.076884590089,mean_of_5_fixed_seeds
smote_training_fold_only_robustness,main_rule_a_primary,M1_PRIMARY_FEATURE_ORDER,xgboost,xgboost__lr_0.03__depth_2__mcw_1__lambda_1,fold2_validation,غدام,غدام|1398,غدام|1399,1398,1399,0,0.022480949759,mean_of_5_fixed_seeds
smote_training_fold_only_robustness,main_rule_a_primary,M1_PRIMARY_FEATURE_ORDER,xgboost,xgboost__lr_0.03__depth_2__mcw_1__lambda_1,fold2_validation,غسالم,غسالم|1397,غسالم|1398,1397,1398,0,0.019065212458,mean_of_5_fixed_seeds
smote_training_fold_only_robustness,main_rule_a_primary,M1_PRIMARY_FEATURE_ORDER,xgboost,xgboost__lr_0.03__depth_2__mcw_1__lambda_1,fold2_validation,غسالم,غسالم|1398,غسالم|1399,1398,1399,0,0.019787114114,mean_of_5_fixed_seeds
smote_training_fold_only_robustness,main_rule_a_primary,M1_PRIMARY_FEATURE_ORDER,xgboost,xgboost__lr_0.03__depth_2__mcw_1__lambda_1,fold2_validation,غشان,غشان|1397,غشان|1398,1397,1398,0,0.360962212086,mean_of_5_fixed_seeds
smote_training_fold_only_robustness,main_rule_a_primary,M1_PRIMARY_FEATURE_ORDER,xgboost,xgboost__lr_0.03__depth_2__mcw_1__lambda_1,fold2_validation,غشان,غشان|1398,غشان|1399,1398,1399,0,0.173826619983,mean_of_5_fixed_seeds
smote_training_fold_only_robustness,main_rule_a_primary,M1_PRIMARY_FEATURE_ORDER,xgboost,xgboost__lr_0.03__depth_2__mcw_1__lambda_1,fold2_validation,غشهد,غشهد|1397,غشهد|1398,1397,1398,0,0.870954036713,mean_of_5_fixed_seeds
smote_training_fold_only_robustness,main_rule_a_primary,M1_PRIMARY_FEATURE_ORDER,xgboost,xgboost__lr_0.03__depth_2__mcw_1__lambda_1,fold2_validation,غشهد,غشهد|1398,غشهد|1399,1398,1399,0,0.025710171089,mean_of_5_fixed_seeds
smote_training_fold_only_robustness,main_rule_a_primary,M1_PRIMARY_FEATURE_ORDER,xgboost,xgboost__lr_0.03__depth_2__mcw_1__lambda_1,fold2_validation,غنوش,غنوش|1397,غنوش|1398,1397,1398,0,0.013106629252,mean_of_5_fixed_seeds
smote_training_fold_only_robustness,main_rule_a_primary,M1_PRIMARY_FEATURE_ORDER,xgboost,xgboost__lr_0.03__depth_2__mcw_1__lambda_1,fold2_validation,غنوش,غنوش|1398,غنوش|1399,1398,1399,0,0.024642389268,mean_of_5_fixed_seeds
smote_training_fold_only_robustness,main_rule_a_primary,M1_PRIMARY_FEATURE_ORDER,xgboost,xgboost__lr_0.03__depth_2__mcw_1__lambda_1,fold2_validation,غگل,غگل|1397,غگل|1398,1397,1398,0,0.185356408358,mean_of_5_fixed_seeds
smote_training_fold_only_robustness,main_rule_a_primary,M1_PRIMARY_FEATURE_ORDER,xgboost,xgboost__lr_0.03__depth_2__mcw_1__lambda_1,fold2_validation,غگل,غگل|1398,غگل|1399,1398,1399,0,0.073004476726,mean_of_5_fixed_seeds
smote_training_fold_only_robustness,main_rule_a_primary,M1_PRIMARY_FEATURE_ORDER,xgboost,xgboost__lr_0.03__depth_2__mcw_1__lambda_1,fold2_validation,فاذر,فاذر|1397,فاذر|1398,1397,1398,0,0.878433346748,mean_of_5_fixed_seeds
smote_training_fold_only_robustness,main_rule_a_primary,M1_PRIMARY_FEATURE_ORDER,xgboost,xgboost__lr_0.03__depth_2__mcw_1__lambda_1,fold2_validation,فاذر,فاذر|1398,فاذر|1399,1398,1399,1,0.38071641326,mean_of_5_fixed_seeds
smote_training_fold_only_robustness,main_rule_a_primary,M1_PRIMARY_FEATURE_ORDER,xgboost,xgboost__lr_0.03__depth_2__mcw_1__lambda_1,fold2_validation,فایرا,فایرا|1397,فایرا|1398,1397,1398,0,0.016406133771,mean_of_5_fixed_seeds
smote_training_fold_only_robustness,main_rule_a_primary,M1_PRIMARY_FEATURE_ORDER,xgboost,xgboost__lr_0.03__depth_2__mcw_1__lambda_1,fold2_validation,فایرا,فایرا|1398,فایرا|1399,1398,1399,0,0.028943285346,mean_of_5_fixed_seeds
smote_training_fold_only_robustness,main_rule_a_primary,M1_PRIMARY_FEATURE_ORDER,xgboost,xgboost__lr_0.03__depth_2__mcw_1__lambda_1,fold2_validation,فباهنر,فباهنر|1397,فباهنر|1398,1397,1398,0,0.638148069382,mean_of_5_fixed_seeds
smote_training_fold_only_robustness,main_rule_a_primary,M1_PRIMARY_FEATURE_ORDER,xgboost,xgboost__lr_0.03__depth_2__mcw_1__lambda_1,fold2_validation,فباهنر,فباهنر|1398,فباهنر|1399,1398,1399,0,0.478132337332,mean_of_5_fixed_seeds
smote_training_fold_only_robustness,main_rule_a_primary,M1_PRIMARY_FEATURE_ORDER,xgboost,xgboost__lr_0.03__depth_2__mcw_1__lambda_1,fold2_validation,فجام,فجام|1397,فجام|1398,1397,1398,0,0.012682007626,mean_of_5_fixed_seeds
smote_training_fold_only_robustness,main_rule_a_primary,M1_PRIMARY_FEATURE_ORDER,xgboost,xgboost__lr_0.03__depth_2__mcw_1__lambda_1,fold2_validation,فجام,فجام|1398,فجام|1399,1398,1399,0,0.012324641459,mean_of_5_fixed_seeds
smote_training_fold_only_robustness,main_rule_a_primary,M1_PRIMARY_FEATURE_ORDER,xgboost,xgboost__lr_0.03__depth_2__mcw_1__lambda_1,fold2_validation,فجر,فجر|1397,فجر|1398,1397,1398,0,0.015596258454,mean_of_5_fixed_seeds
smote_training_fold_only_robustness,main_rule_a_primary,M1_PRIMARY_FEATURE_ORDER,xgboost,xgboost__lr_0.03__depth_2__mcw_1__lambda_1,fold2_validation,فجر,فجر|1398,فجر|1399,1398,1399,0,0.131489291787,mean_of_5_fixed_seeds
smote_training_fold_only_robustness,main_rule_a_primary,M1_PRIMARY_FEATURE_ORDER,xgboost,xgboost__lr_0.03__depth_2__mcw_1__lambda_1,fold2_validation,فخوز,فخوز|1397,فخوز|1398,1397,1398,0,0.021152192727,mean_of_5_fixed_seeds
smote_training_fold_only_robustness,main_rule_a_primary,M1_PRIMARY_FEATURE_ORDER,xgboost,xgboost__lr_0.03__depth_2__mcw_1__lambda_1,fold2_validation,فخوز,فخوز|1398,فخوز|1399,1398,1399,0,0.00990207959,mean_of_5_fixed_seeds
smote_training_fold_only_robustness,main_rule_a_primary,M1_PRIMARY_FEATURE_ORDER,xgboost,xgboost__lr_0.03__depth_2__mcw_1__lambda_1,fold2_validation,فرآور,فرآور|1397,فرآور|1398,1397,1398,0,0.015493455343,mean_of_5_fixed_seeds
smote_training_fold_only_robustness,main_rule_a_primary,M1_PRIMARY_FEATURE_ORDER,xgboost,xgboost__lr_0.03__depth_2__mcw_1__lambda_1,fold2_validation,فرآور,فرآور|1398,فرآور|1399,1398,1399,0,0.014049793594,mean_of_5_fixed_seeds
smote_training_fold_only_robustness,main_rule_a_primary,M1_PRIMARY_FEATURE_ORDER,xgboost,xgboost__lr_0.03__depth_2__mcw_1__lambda_1,fold2_validation,فسرب,فسرب|1397,فسرب|1398,1397,1398,0,0.039151661098,mean_of_5_fixed_seeds
smote_training_fold_only_robustness,main_rule_a_primary,M1_PRIMARY_FEATURE_ORDER,xgboost,xgboost__lr_0.03__depth_2__mcw_1__lambda_1,fold2_validation,فسرب,فسرب|1398,فسرب|1399,1398,1399,0,0.175058573484,mean_of_5_fixed_seeds
smote_training_fold_only_robustness,main_rule_a_primary,M1_PRIMARY_FEATURE_ORDER,xgboost,xgboost__lr_0.03__depth_2__mcw_1__lambda_1,fold2_validation,فسپا,فسپا|1397,فسپا|1398,1397,1398,0,0.011804131791,mean_of_5_fixed_seeds
smote_training_fold_only_robustness,main_rule_a_primary,M1_PRIMARY_FEATURE_ORDER,xgboost,xgboost__lr_0.03__depth_2__mcw_1__lambda_1,fold2_validation,فسپا,فسپا|1398,فسپا|1399,1398,1399,0,0.055592358112,mean_of_5_fixed_seeds
smote_training_fold_only_robustness,main_rule_a_primary,M1_PRIMARY_FEATURE_ORDER,xgboost,xgboost__lr_0.03__depth_2__mcw_1__lambda_1,fold2_validation,فمراد,فمراد|1397,فمراد|1398,1397,1398,1,0.558449149132,mean_of_5_fixed_seeds
smote_training_fold_only_robustness,main_rule_a_primary,M1_PRIMARY_FEATURE_ORDER,xgboost,xgboost__lr_0.03__depth_2__mcw_1__lambda_1,fold2_validation,فمراد,فمراد|1398,فمراد|1399,1398,1399,0,0.525975525379,mean_of_5_fixed_seeds
smote_training_fold_only_robustness,main_rule_a_primary,M1_PRIMARY_FEATURE_ORDER,xgboost,xgboost__lr_0.03__depth_2__mcw_1__lambda_1,fold2_validation,فملی,فملی|1397,فملی|1398,1397,1398,0,0.006839524955,mean_of_5_fixed_seeds
smote_training_fold_only_robustness,main_rule_a_primary,M1_PRIMARY_FEATURE_ORDER,xgboost,xgboost__lr_0.03__depth_2__mcw_1__lambda_1,fold2_validation,فملی,فملی|1398,فملی|1399,1398,1399,0,0.006722954102,mean_of_5_fixed_seeds
smote_training_fold_only_robustness,main_rule_a_primary,M1_PRIMARY_FEATURE_ORDER,xgboost,xgboost__lr_0.03__depth_2__mcw_1__lambda_1,fold2_validation,فنورد,فنورد|1397,فنورد|1398,1397,1398,0,0.15435937047,mean_of_5_fixed_seeds
smote_training_fold_only_robustness,main_rule_a_primary,M1_PRIMARY_FEATURE_ORDER,xgboost,xgboost__lr_0.03__depth_2__mcw_1__lambda_1,fold2_validation,فنورد,فنورد|1398,فنورد|1399,1398,1399,0,0.05357131362,mean_of_5_fixed_seeds
smote_training_fold_only_robustness,main_rule_a_primary,M1_PRIMARY_FEATURE_ORDER,xgboost,xgboost__lr_0.03__depth_2__mcw_1__lambda_1,fold2_validation,فولاژ,فولاژ|1397,فولاژ|1398,1397,1398,0,0.017179971561,mean_of_5_fixed_seeds
smote_training_fold_only_robustness,main_rule_a_primary,M1_PRIMARY_FEATURE_ORDER,xgboost,xgboost__lr_0.03__depth_2__mcw_1__lambda_1,fold2_validation,فولاژ,فولاژ|1398,فولاژ|1399,1398,1399,0,0.00735692773,mean_of_5_fixed_seeds
smote_training_fold_only_robustness,main_rule_a_primary,M1_PRIMARY_FEATURE_ORDER,xgboost,xgboost__lr_0.03__depth_2__mcw_1__lambda_1,fold2_validation,فپنتا,فپنتا|1397,فپنتا|1398,1397,1398,0,0.01093164552,mean_of_5_fixed_seeds
smote_training_fold_only_robustness,main_rule_a_primary,M1_PRIMARY_FEATURE_ORDER,xgboost,xgboost__lr_0.03__depth_2__mcw_1__lambda_1,fold2_validation,فپنتا,فپنتا|1398,فپنتا|1399,1398,1399,0,0.015855308622,mean_of_5_fixed_seeds
smote_training_fold_only_robustness,main_rule_a_primary,M1_PRIMARY_FEATURE_ORDER,xgboost,xgboost__lr_0.03__depth_2__mcw_1__lambda_1,fold2_validation,لابسا,لابسا|1397,لابسا|1398,1397,1398,0,0.138613581657,mean_of_5_fixed_seeds
smote_training_fold_only_robustness,main_rule_a_primary,M1_PRIMARY_FEATURE_ORDER,xgboost,xgboost__lr_0.03__depth_2__mcw_1__lambda_1,fold2_validation,لابسا,لابسا|1398,لابسا|1399,1398,1399,0,0.070224784315,mean_of_5_fixed_seeds
smote_training_fold_only_robustness,main_rule_a_primary,M1_PRIMARY_FEATURE_ORDER,xgboost,xgboost__lr_0.03__depth_2__mcw_1__lambda_1,fold2_validation,لبوتان,لبوتان|1397,لبوتان|1398,1397,1398,1,0.262650698423,mean_of_5_fixed_seeds
smote_training_fold_only_robustness,main_rule_a_primary,M1_PRIMARY_FEATURE_ORDER,xgboost,xgboost__lr_0.03__depth_2__mcw_1__lambda_1,fold2_validation,لبوتان,لبوتان|1398,لبوتان|1399,1398,1399,1,0.53142619133,mean_of_5_fixed_seeds
smote_training_fold_only_robustness,main_rule_a_primary,M1_PRIMARY_FEATURE_ORDER,xgboost,xgboost__lr_0.03__depth_2__mcw_1__lambda_1,fold2_validation,لخزر,لخزر|1397,لخزر|1398,1397,1398,0,0.533487319946,mean_of_5_fixed_seeds
smote_training_fold_only_robustness,main_rule_a_primary,M1_PRIMARY_FEATURE_ORDER,xgboost,xgboost__lr_0.03__depth_2__mcw_1__lambda_1,fold2_validation,لخزر,لخزر|1398,لخزر|1399,1398,1399,0,0.415497362614,mean_of_5_fixed_seeds
smote_training_fold_only_robustness,main_rule_a_primary,M1_PRIMARY_FEATURE_ORDER,xgboost,xgboost__lr_0.03__depth_2__mcw_1__lambda_1,fold2_validation,لسرما,لسرما|1397,لسرما|1398,1397,1398,0,0.151893928647,mean_of_5_fixed_seeds
smote_training_fold_only_robustness,main_rule_a_primary,M1_PRIMARY_FEATURE_ORDER,xgboost,xgboost__lr_0.03__depth_2__mcw_1__lambda_1,fold2_validation,لسرما,لسرما|1398,لسرما|1399,1398,1399,0,0.040664497763,mean_of_5_fixed_seeds
smote_training_fold_only_robustness,main_rule_a_primary,M1_PRIMARY_FEATURE_ORDER,xgboost,xgboost__lr_0.03__depth_2__mcw_1__lambda_1,fold2_validation,نوری,نوری|1398,نوری|1399,1398,1399,0,0.055114865303,mean_of_5_fixed_seeds
smote_training_fold_only_robustness,main_rule_a_primary,M1_PRIMARY_FEATURE_ORDER,xgboost,xgboost__lr_0.03__depth_2__mcw_1__lambda_1,fold2_validation,های وب,های وب|1397,های وب|1398,1397,1398,0,0.02412651293,mean_of_5_fixed_seeds
smote_training_fold_only_robustness,main_rule_a_primary,M1_PRIMARY_FEATURE_ORDER,xgboost,xgboost__lr_0.03__depth_2__mcw_1__lambda_1,fold2_validation,های وب,های وب|1398,های وب|1399,1398,1399,0,0.003874293063,mean_of_5_fixed_seeds
smote_training_fold_only_robustness,main_rule_a_primary,M1_PRIMARY_FEATURE_ORDER,xgboost,xgboost__lr_0.03__depth_2__mcw_1__lambda_1,fold2_validation,همراه,همراه|1397,همراه|1398,1397,1398,0,0.020184952766,mean_of_5_fixed_seeds
smote_training_fold_only_robustness,main_rule_a_primary,M1_PRIMARY_FEATURE_ORDER,xgboost,xgboost__lr_0.03__depth_2__mcw_1__lambda_1,fold2_validation,همراه,همراه|1398,همراه|1399,1398,1399,0,0.030759388581,mean_of_5_fixed_seeds
smote_training_fold_only_robustness,main_rule_a_primary,M1_PRIMARY_FEATURE_ORDER,xgboost,xgboost__lr_0.03__depth_2__mcw_1__lambda_1,fold2_validation,پارس,پارس|1397,پارس|1398,1397,1398,0,0.007614989765,mean_of_5_fixed_seeds
smote_training_fold_only_robustness,main_rule_a_primary,M1_PRIMARY_FEATURE_ORDER,xgboost,xgboost__lr_0.03__depth_2__mcw_1__lambda_1,fold2_validation,پارس,پارس|1398,پارس|1399,1398,1399,0,0.005801101681,mean_of_5_fixed_seeds
smote_training_fold_only_robustness,main_rule_a_primary,M1_PRIMARY_FEATURE_ORDER,xgboost,xgboost__lr_0.03__depth_2__mcw_1__lambda_1,fold2_validation,پدرخش,پدرخش|1397,پدرخش|1398,1397,1398,0,0.012602901086,mean_of_5_fixed_seeds
smote_training_fold_only_robustness,main_rule_a_primary,M1_PRIMARY_FEATURE_ORDER,xgboost,xgboost__lr_0.03__depth_2__mcw_1__lambda_1,fold2_validation,پدرخش,پدرخش|1398,پدرخش|1399,1398,1399,0,0.019146597013,mean_of_5_fixed_seeds
smote_training_fold_only_robustness,main_rule_a_primary,M1_PRIMARY_FEATURE_ORDER,xgboost,xgboost__lr_0.03__depth_2__mcw_1__lambda_1,fold2_validation,پرداخت,پرداخت|1397,پرداخت|1398,1397,1398,0,0.015045106411,mean_of_5_fixed_seeds
smote_training_fold_only_robustness,main_rule_a_primary,M1_PRIMARY_FEATURE_ORDER,xgboost,xgboost__lr_0.03__depth_2__mcw_1__lambda_1,fold2_validation,پرداخت,پرداخت|1398,پرداخت|1399,1398,1399,0,0.041463088244,mean_of_5_fixed_seeds
smote_training_fold_only_robustness,main_rule_a_primary,M1_PRIMARY_FEATURE_ORDER,xgboost,xgboost__lr_0.03__depth_2__mcw_1__lambda_1,fold2_validation,پسهند,پسهند|1397,پسهند|1398,1397,1398,0,0.014543389902,mean_of_5_fixed_seeds
smote_training_fold_only_robustness,main_rule_a_primary,M1_PRIMARY_FEATURE_ORDER,xgboost,xgboost__lr_0.03__depth_2__mcw_1__lambda_1,fold2_validation,پسهند,پسهند|1398,پسهند|1399,1398,1399,0,0.012553316541,mean_of_5_fixed_seeds
smote_training_fold_only_robustness,main_rule_a_primary,M1_PRIMARY_FEATURE_ORDER,xgboost,xgboost__lr_0.03__depth_2__mcw_1__lambda_1,fold2_validation,پلاسک,پلاسک|1397,پلاسک|1398,1397,1398,0,0.469045549631,mean_of_5_fixed_seeds
smote_training_fold_only_robustness,main_rule_a_primary,M1_PRIMARY_FEATURE_ORDER,xgboost,xgboost__lr_0.03__depth_2__mcw_1__lambda_1,fold2_validation,پلاسک,پلاسک|1398,پلاسک|1399,1398,1399,0,0.343353629112,mean_of_5_fixed_seeds
smote_training_fold_only_robustness,main_rule_a_primary,M1_PRIMARY_FEATURE_ORDER,xgboost,xgboost__lr_0.03__depth_2__mcw_1__lambda_1,fold2_validation,چافست,چافست|1397,چافست|1398,1397,1398,0,0.031935293227,mean_of_5_fixed_seeds
smote_training_fold_only_robustness,main_rule_a_primary,M1_PRIMARY_FEATURE_ORDER,xgboost,xgboost__lr_0.03__depth_2__mcw_1__lambda_1,fold2_validation,چافست,چافست|1398,چافست|1399,1398,1399,0,0.004098464735,mean_of_5_fixed_seeds
smote_training_fold_only_robustness,main_rule_a_primary,M1_PRIMARY_FEATURE_ORDER,xgboost,xgboost__lr_0.03__depth_2__mcw_1__lambda_1,fold2_validation,چکارن,چکارن|1397,چکارن|1398,1397,1398,0,0.149910718203,mean_of_5_fixed_seeds
smote_training_fold_only_robustness,main_rule_a_primary,M1_PRIMARY_FEATURE_ORDER,xgboost,xgboost__lr_0.03__depth_2__mcw_1__lambda_1,fold2_validation,چکارن,چکارن|1398,چکارن|1399,1398,1399,0,0.040507242084,mean_of_5_fixed_seeds
smote_training_fold_only_robustness,main_rule_a_primary,M1_PRIMARY_FEATURE_ORDER,xgboost,xgboost__lr_0.03__depth_2__mcw_1__lambda_1,fold2_validation,کاوه,کاوه|1397,کاوه|1398,1397,1398,0,0.205339044333,mean_of_5_fixed_seeds
smote_training_fold_only_robustness,main_rule_a_primary,M1_PRIMARY_FEATURE_ORDER,xgboost,xgboost__lr_0.03__depth_2__mcw_1__lambda_1,fold2_validation,کاوه,کاوه|1398,کاوه|1399,1398,1399,0,0.152904808521,mean_of_5_fixed_seeds
smote_training_fold_only_robustness,main_rule_a_primary,M1_PRIMARY_FEATURE_ORDER,xgboost,xgboost__lr_0.03__depth_2__mcw_1__lambda_1,fold2_validation,کبافق,کبافق|1397,کبافق|1398,1397,1398,0,0.016125846654,mean_of_5_fixed_seeds
smote_training_fold_only_robustness,main_rule_a_primary,M1_PRIMARY_FEATURE_ORDER,xgboost,xgboost__lr_0.03__depth_2__mcw_1__lambda_1,fold2_validation,کبافق,کبافق|1398,کبافق|1399,1398,1399,0,0.032227504998,mean_of_5_fixed_seeds
smote_training_fold_only_robustness,main_rule_a_primary,M1_PRIMARY_FEATURE_ORDER,xgboost,xgboost__lr_0.03__depth_2__mcw_1__lambda_1,fold2_validation,کرازی,کرازی|1397,کرازی|1398,1397,1398,0,0.026120781898,mean_of_5_fixed_seeds
smote_training_fold_only_robustness,main_rule_a_primary,M1_PRIMARY_FEATURE_ORDER,xgboost,xgboost__lr_0.03__depth_2__mcw_1__lambda_1,fold2_validation,کرازی,کرازی|1398,کرازی|1399,1398,1399,0,0.027387659997,mean_of_5_fixed_seeds
smote_training_fold_only_robustness,main_rule_a_primary,M1_PRIMARY_FEATURE_ORDER,xgboost,xgboost__lr_0.03__depth_2__mcw_1__lambda_1,fold2_validation,کفرا,کفرا|1397,کفرا|1398,1397,1398,0,0.012987144291,mean_of_5_fixed_seeds
smote_training_fold_only_robustness,main_rule_a_primary,M1_PRIMARY_FEATURE_ORDER,xgboost,xgboost__lr_0.03__depth_2__mcw_1__lambda_1,fold2_validation,کفرا,کفرا|1398,کفرا|1399,1398,1399,0,0.018746074289,mean_of_5_fixed_seeds
smote_training_fold_only_robustness,main_rule_a_primary,M1_PRIMARY_FEATURE_ORDER,xgboost,xgboost__lr_0.03__depth_2__mcw_1__lambda_1,fold2_validation,کفپارس,کفپارس|1397,کفپارس|1398,1397,1398,0,0.529559016228,mean_of_5_fixed_seeds
smote_training_fold_only_robustness,main_rule_a_primary,M1_PRIMARY_FEATURE_ORDER,xgboost,xgboost__lr_0.03__depth_2__mcw_1__lambda_1,fold2_validation,کفپارس,کفپارس|1398,کفپارس|1399,1398,1399,0,0.737378239632,mean_of_5_fixed_seeds
smote_training_fold_only_robustness,main_rule_a_primary,M1_PRIMARY_FEATURE_ORDER,xgboost,xgboost__lr_0.03__depth_2__mcw_1__lambda_1,fold2_validation,کهمدا,کهمدا|1397,کهمدا|1398,1397,1398,0,0.012155530974,mean_of_5_fixed_seeds
smote_training_fold_only_robustness,main_rule_a_primary,M1_PRIMARY_FEATURE_ORDER,xgboost,xgboost__lr_0.03__depth_2__mcw_1__lambda_1,fold2_validation,کهمدا,کهمدا|1398,کهمدا|1399,1398,1399,0,0.025565940887,mean_of_5_fixed_seeds
smote_training_fold_only_robustness,main_rule_a_primary,M1_PRIMARY_FEATURE_ORDER,xgboost,xgboost__lr_0.03__depth_2__mcw_1__lambda_1,fold2_validation,کویر,کویر|1398,کویر|1399,1398,1399,0,0.081721872091,mean_of_5_fixed_seeds
smote_training_fold_only_robustness,main_rule_a_primary,M1_PRIMARY_FEATURE_ORDER,xgboost,xgboost__lr_0.03__depth_2__mcw_1__lambda_1,fold2_validation,کگاز,کگاز|1397,کگاز|1398,1397,1398,0,0.020524676889,mean_of_5_fixed_seeds
smote_training_fold_only_robustness,main_rule_a_primary,M1_PRIMARY_FEATURE_ORDER,xgboost,xgboost__lr_0.03__depth_2__mcw_1__lambda_1,fold2_validation,کگاز,کگاز|1398,کگاز|1399,1398,1399,0,0.265280306339,mean_of_5_fixed_seeds
smote_training_fold_only_robustness,main_rule_a_primary,M1_PRIMARY_FEATURE_ORDER,xgboost,xgboost__lr_0.03__depth_2__mcw_1__lambda_1,fold2_validation,کگل,کگل|1397,کگل|1398,1397,1398,0,0.018902258947,mean_of_5_fixed_seeds
smote_training_fold_only_robustness,main_rule_a_primary,M1_PRIMARY_FEATURE_ORDER,xgboost,xgboost__lr_0.03__depth_2__mcw_1__lambda_1,fold2_validation,کگل,کگل|1398,کگل|1399,1398,1399,0,0.006527761463,mean_of_5_fixed_seeds
