robustness_category_id,sample,feature_set,model_family,configuration_id,temporal_fold,ticker,predictor_row_key_t,target_row_key_t_plus_1,fiscal_year_t,target_year,observed_target,predicted_probability,seed_aggregation
persistent_loss_robustness_target,main_rule_a_primary,M1_PRIMARY_FEATURE_ORDER,regularized_logistic_regression,logistic__C_0.1,fold1_validation,بالبر,بالبر|1395,بالبر|1396,1395,1396,1,0.583921286125,deterministic_single_fit
persistent_loss_robustness_target,main_rule_a_primary,M1_PRIMARY_FEATURE_ORDER,regularized_logistic_regression,logistic__C_0.1,fold1_validation,بالبر,بالبر|1396,بالبر|1397,1396,1397,1,0.653194305482,deterministic_single_fit
persistent_loss_robustness_target,main_rule_a_primary,M1_PRIMARY_FEATURE_ORDER,regularized_logistic_regression,logistic__C_0.1,fold1_validation,بترانس,بترانس|1395,بترانس|1396,1395,1396,0,0.452421960606,deterministic_single_fit
persistent_loss_robustness_target,main_rule_a_primary,M1_PRIMARY_FEATURE_ORDER,regularized_logistic_regression,logistic__C_0.1,fold1_validation,بترانس,بترانس|1396,بترانس|1397,1396,1397,0,0.308817145948,deterministic_single_fit
persistent_loss_robustness_target,main_rule_a_primary,M1_PRIMARY_FEATURE_ORDER,regularized_logistic_regression,logistic__C_0.1,fold1_validation,بموتو,بموتو|1395,بموتو|1396,1395,1396,0,0.236041772665,deterministic_single_fit
persistent_loss_robustness_target,main_rule_a_primary,M1_PRIMARY_FEATURE_ORDER,regularized_logistic_regression,logistic__C_0.1,fold1_validation,بموتو,بموتو|1396,بموتو|1397,1396,1397,1,0.251902543304,deterministic_single_fit
persistent_loss_robustness_target,main_rule_a_primary,M1_PRIMARY_FEATURE_ORDER,regularized_logistic_regression,logistic__C_0.1,fold1_validation,بکاب,بکاب|1395,بکاب|1396,1395,1396,0,0.355288360379,deterministic_single_fit
persistent_loss_robustness_target,main_rule_a_primary,M1_PRIMARY_FEATURE_ORDER,regularized_logistic_regression,logistic__C_0.1,fold1_validation,بکاب,بکاب|1396,بکاب|1397,1396,1397,0,0.357911318717,deterministic_single_fit
persistent_loss_robustness_target,main_rule_a_primary,M1_PRIMARY_FEATURE_ORDER,regularized_logistic_regression,logistic__C_0.1,fold1_validation,بکام,بکام|1395,بکام|1396,1395,1396,0,0.45976608419,deterministic_single_fit
persistent_loss_robustness_target,main_rule_a_primary,M1_PRIMARY_FEATURE_ORDER,regularized_logistic_regression,logistic__C_0.1,fold1_validation,بکام,بکام|1396,بکام|1397,1396,1397,1,0.694262722653,deterministic_single_fit
persistent_loss_robustness_target,main_rule_a_primary,M1_PRIMARY_FEATURE_ORDER,regularized_logistic_regression,logistic__C_0.1,fold1_validation,تپمپی,تپمپی|1395,تپمپی|1396,1395,1396,0,0.135820163947,deterministic_single_fit
persistent_loss_robustness_target,main_rule_a_primary,M1_PRIMARY_FEATURE_ORDER,regularized_logistic_regression,logistic__C_0.1,fold1_validation,تپمپی,تپمپی|1396,تپمپی|1397,1396,1397,0,0.146491598088,deterministic_single_fit
persistent_loss_robustness_target,main_rule_a_primary,M1_PRIMARY_FEATURE_ORDER,regularized_logistic_regression,logistic__C_0.1,fold1_validation,تکمبا,تکمبا|1395,تکمبا|1396,1395,1396,0,0.520357282032,deterministic_single_fit
persistent_loss_robustness_target,main_rule_a_primary,M1_PRIMARY_FEATURE_ORDER,regularized_logistic_regression,logistic__C_0.1,fold1_validation,تکمبا,تکمبا|1396,تکمبا|1397,1396,1397,0,0.543454921436,deterministic_single_fit
persistent_loss_robustness_target,main_rule_a_primary,M1_PRIMARY_FEATURE_ORDER,regularized_logistic_regression,logistic__C_0.1,fold1_validation,ثشرق,ثشرق|1395,ثشرق|1396,1395,1396,0,0.285148542479,deterministic_single_fit
persistent_loss_robustness_target,main_rule_a_primary,M1_PRIMARY_FEATURE_ORDER,regularized_logistic_regression,logistic__C_0.1,fold1_validation,ثشرق,ثشرق|1396,ثشرق|1397,1396,1397,0,0.495884909982,deterministic_single_fit
persistent_loss_robustness_target,main_rule_a_primary,M1_PRIMARY_FEATURE_ORDER,regularized_logistic_regression,logistic__C_0.1,fold1_validation,ثنوسا,ثنوسا|1395,ثنوسا|1396,1395,1396,1,0.906588530609,deterministic_single_fit
persistent_loss_robustness_target,main_rule_a_primary,M1_PRIMARY_FEATURE_ORDER,regularized_logistic_regression,logistic__C_0.1,fold1_validation,ثنوسا,ثنوسا|1396,ثنوسا|1397,1396,1397,1,0.995023347553,deterministic_single_fit
persistent_loss_robustness_target,main_rule_a_primary,M1_PRIMARY_FEATURE_ORDER,regularized_logistic_regression,logistic__C_0.1,fold1_validation,جم,جم|1395,جم|1396,1395,1396,0,0.056902327548,deterministic_single_fit
persistent_loss_robustness_target,main_rule_a_primary,M1_PRIMARY_FEATURE_ORDER,regularized_logistic_regression,logistic__C_0.1,fold1_validation,جم,جم|1396,جم|1397,1396,1397,0,0.059076254429,deterministic_single_fit
persistent_loss_robustness_target,main_rule_a_primary,M1_PRIMARY_FEATURE_ORDER,regularized_logistic_regression,logistic__C_0.1,fold1_validation,حپترو,حپترو|1395,حپترو|1396,1395,1396,0,0.407571457457,deterministic_single_fit
persistent_loss_robustness_target,main_rule_a_primary,M1_PRIMARY_FEATURE_ORDER,regularized_logistic_regression,logistic__C_0.1,fold1_validation,حپترو,حپترو|1396,حپترو|1397,1396,1397,0,0.430035830681,deterministic_single_fit
persistent_loss_robustness_target,main_rule_a_primary,M1_PRIMARY_FEATURE_ORDER,regularized_logistic_regression,logistic__C_0.1,fold1_validation,حکشتی,حکشتی|1395,حکشتی|1396,1395,1396,0,0.314363685633,deterministic_single_fit
persistent_loss_robustness_target,main_rule_a_primary,M1_PRIMARY_FEATURE_ORDER,regularized_logistic_regression,logistic__C_0.1,fold1_validation,حکشتی,حکشتی|1396,حکشتی|1397,1396,1397,0,0.373523122631,deterministic_single_fit
persistent_loss_robustness_target,main_rule_a_primary,M1_PRIMARY_FEATURE_ORDER,regularized_logistic_regression,logistic__C_0.1,fold1_validation,خاذین,خاذین|1395,خاذین|1396,1395,1396,0,0.665946392197,deterministic_single_fit
persistent_loss_robustness_target,main_rule_a_primary,M1_PRIMARY_FEATURE_ORDER,regularized_logistic_regression,logistic__C_0.1,fold1_validation,خاذین,خاذین|1396,خاذین|1397,1396,1397,0,0.628539069488,deterministic_single_fit
persistent_loss_robustness_target,main_rule_a_primary,M1_PRIMARY_FEATURE_ORDER,regularized_logistic_regression,logistic__C_0.1,fold1_validation,خبهمن,خبهمن|1395,خبهمن|1396,1395,1396,0,0.940233462717,deterministic_single_fit
persistent_loss_robustness_target,main_rule_a_primary,M1_PRIMARY_FEATURE_ORDER,regularized_logistic_regression,logistic__C_0.1,fold1_validation,خبهمن,خبهمن|1396,خبهمن|1397,1396,1397,0,0.271396411975,deterministic_single_fit
persistent_loss_robustness_target,main_rule_a_primary,M1_PRIMARY_FEATURE_ORDER,regularized_logistic_regression,logistic__C_0.1,fold1_validation,ختوقا,ختوقا|1395,ختوقا|1396,1395,1396,1,0.689436789447,deterministic_single_fit
persistent_loss_robustness_target,main_rule_a_primary,M1_PRIMARY_FEATURE_ORDER,regularized_logistic_regression,logistic__C_0.1,fold1_validation,ختوقا,ختوقا|1396,ختوقا|1397,1396,1397,1,0.963083649315,deterministic_single_fit
persistent_loss_robustness_target,main_rule_a_primary,M1_PRIMARY_FEATURE_ORDER,regularized_logistic_regression,logistic__C_0.1,fold1_validation,خرینگ,خرینگ|1395,خرینگ|1396,1395,1396,1,0.904318134147,deterministic_single_fit
persistent_loss_robustness_target,main_rule_a_primary,M1_PRIMARY_FEATURE_ORDER,regularized_logistic_regression,logistic__C_0.1,fold1_validation,خرینگ,خرینگ|1396,خرینگ|1397,1396,1397,0,0.868458850883,deterministic_single_fit
persistent_loss_robustness_target,main_rule_a_primary,M1_PRIMARY_FEATURE_ORDER,regularized_logistic_regression,logistic__C_0.1,fold1_validation,خمحور,خمحور|1395,خمحور|1396,1395,1396,0,0.513579883122,deterministic_single_fit
persistent_loss_robustness_target,main_rule_a_primary,M1_PRIMARY_FEATURE_ORDER,regularized_logistic_regression,logistic__C_0.1,fold1_validation,خمحور,خمحور|1396,خمحور|1397,1396,1397,0,0.386646956906,deterministic_single_fit
persistent_loss_robustness_target,main_rule_a_primary,M1_PRIMARY_FEATURE_ORDER,regularized_logistic_regression,logistic__C_0.1,fold1_validation,خمهر,خمهر|1395,خمهر|1396,1395,1396,1,0.832485563901,deterministic_single_fit
persistent_loss_robustness_target,main_rule_a_primary,M1_PRIMARY_FEATURE_ORDER,regularized_logistic_regression,logistic__C_0.1,fold1_validation,خمهر,خمهر|1396,خمهر|1397,1396,1397,0,0.911553623358,deterministic_single_fit
persistent_loss_robustness_target,main_rule_a_primary,M1_PRIMARY_FEATURE_ORDER,regularized_logistic_regression,logistic__C_0.1,fold1_validation,خنصیر,خنصیر|1395,خنصیر|1396,1395,1396,1,0.919083090226,deterministic_single_fit
persistent_loss_robustness_target,main_rule_a_primary,M1_PRIMARY_FEATURE_ORDER,regularized_logistic_regression,logistic__C_0.1,fold1_validation,خنصیر,خنصیر|1396,خنصیر|1397,1396,1397,1,0.765745484728,deterministic_single_fit
persistent_loss_robustness_target,main_rule_a_primary,M1_PRIMARY_FEATURE_ORDER,regularized_logistic_regression,logistic__C_0.1,fold1_validation,خوساز,خوساز|1395,خوساز|1396,1395,1396,1,0.765246690428,deterministic_single_fit
persistent_loss_robustness_target,main_rule_a_primary,M1_PRIMARY_FEATURE_ORDER,regularized_logistic_regression,logistic__C_0.1,fold1_validation,خوساز,خوساز|1396,خوساز|1397,1396,1397,1,0.903465628964,deterministic_single_fit
persistent_loss_robustness_target,main_rule_a_primary,M1_PRIMARY_FEATURE_ORDER,regularized_logistic_regression,logistic__C_0.1,fold1_validation,خچرخش,خچرخش|1395,خچرخش|1396,1395,1396,0,0.35178295694,deterministic_single_fit
persistent_loss_robustness_target,main_rule_a_primary,M1_PRIMARY_FEATURE_ORDER,regularized_logistic_regression,logistic__C_0.1,fold1_validation,خچرخش,خچرخش|1396,خچرخش|1397,1396,1397,0,0.37070959039,deterministic_single_fit
persistent_loss_robustness_target,main_rule_a_primary,M1_PRIMARY_FEATURE_ORDER,regularized_logistic_regression,logistic__C_0.1,fold1_validation,خکمک,خکمک|1395,خکمک|1396,1395,1396,0,0.812489642523,deterministic_single_fit
persistent_loss_robustness_target,main_rule_a_primary,M1_PRIMARY_FEATURE_ORDER,regularized_logistic_regression,logistic__C_0.1,fold1_validation,خکمک,خکمک|1396,خکمک|1397,1396,1397,0,0.748907138203,deterministic_single_fit
persistent_loss_robustness_target,main_rule_a_primary,M1_PRIMARY_FEATURE_ORDER,regularized_logistic_regression,logistic__C_0.1,fold1_validation,ددام,ددام|1395,ددام|1396,1395,1396,1,0.994989710994,deterministic_single_fit
persistent_loss_robustness_target,main_rule_a_primary,M1_PRIMARY_FEATURE_ORDER,regularized_logistic_regression,logistic__C_0.1,fold1_validation,ددام,ددام|1396,ددام|1397,1396,1397,0,0.996361942767,deterministic_single_fit
persistent_loss_robustness_target,main_rule_a_primary,M1_PRIMARY_FEATURE_ORDER,regularized_logistic_regression,logistic__C_0.1,fold1_validation,دروز,دروز|1395,دروز|1396,1395,1396,0,0.497532517806,deterministic_single_fit
persistent_loss_robustness_target,main_rule_a_primary,M1_PRIMARY_FEATURE_ORDER,regularized_logistic_regression,logistic__C_0.1,fold1_validation,دروز,دروز|1396,دروز|1397,1396,1397,0,0.435591498611,deterministic_single_fit
persistent_loss_robustness_target,main_rule_a_primary,M1_PRIMARY_FEATURE_ORDER,regularized_logistic_regression,logistic__C_0.1,fold1_validation,دسبحا,دسبحا|1395,دسبحا|1396,1395,1396,0,0.051404734441,deterministic_single_fit
persistent_loss_robustness_target,main_rule_a_primary,M1_PRIMARY_FEATURE_ORDER,regularized_logistic_regression,logistic__C_0.1,fold1_validation,دسبحا,دسبحا|1396,دسبحا|1397,1396,1397,0,0.078575769367,deterministic_single_fit
persistent_loss_robustness_target,main_rule_a_primary,M1_PRIMARY_FEATURE_ORDER,regularized_logistic_regression,logistic__C_0.1,fold1_validation,دسینا,دسینا|1395,دسینا|1396,1395,1396,0,0.081019633905,deterministic_single_fit
persistent_loss_robustness_target,main_rule_a_primary,M1_PRIMARY_FEATURE_ORDER,regularized_logistic_regression,logistic__C_0.1,fold1_validation,دسینا,دسینا|1396,دسینا|1397,1396,1397,0,0.168501333086,deterministic_single_fit
persistent_loss_robustness_target,main_rule_a_primary,M1_PRIMARY_FEATURE_ORDER,regularized_logistic_regression,logistic__C_0.1,fold1_validation,دشیمی,دشیمی|1395,دشیمی|1396,1395,1396,0,0.365614486356,deterministic_single_fit
persistent_loss_robustness_target,main_rule_a_primary,M1_PRIMARY_FEATURE_ORDER,regularized_logistic_regression,logistic__C_0.1,fold1_validation,دشیمی,دشیمی|1396,دشیمی|1397,1396,1397,1,0.435635020161,deterministic_single_fit
persistent_loss_robustness_target,main_rule_a_primary,M1_PRIMARY_FEATURE_ORDER,regularized_logistic_regression,logistic__C_0.1,fold1_validation,دیران,دیران|1395,دیران|1396,1395,1396,0,0.492761264802,deterministic_single_fit
persistent_loss_robustness_target,main_rule_a_primary,M1_PRIMARY_FEATURE_ORDER,regularized_logistic_regression,logistic__C_0.1,fold1_validation,دیران,دیران|1396,دیران|1397,1396,1397,0,0.480252771155,deterministic_single_fit
persistent_loss_robustness_target,main_rule_a_primary,M1_PRIMARY_FEATURE_ORDER,regularized_logistic_regression,logistic__C_0.1,fold1_validation,رانفور,رانفور|1395,رانفور|1396,1395,1396,0,0.060100297583,deterministic_single_fit
persistent_loss_robustness_target,main_rule_a_primary,M1_PRIMARY_FEATURE_ORDER,regularized_logistic_regression,logistic__C_0.1,fold1_validation,رانفور,رانفور|1396,رانفور|1397,1396,1397,0,0.059643691402,deterministic_single_fit
persistent_loss_robustness_target,main_rule_a_primary,M1_PRIMARY_FEATURE_ORDER,regularized_logistic_regression,logistic__C_0.1,fold1_validation,زمگسا,زمگسا|1395,زمگسا|1396,1395,1396,0,0.38353681003,deterministic_single_fit
persistent_loss_robustness_target,main_rule_a_primary,M1_PRIMARY_FEATURE_ORDER,regularized_logistic_regression,logistic__C_0.1,fold1_validation,زمگسا,زمگسا|1396,زمگسا|1397,1396,1397,0,0.334863798369,deterministic_single_fit
persistent_loss_robustness_target,main_rule_a_primary,M1_PRIMARY_FEATURE_ORDER,regularized_logistic_regression,logistic__C_0.1,fold1_validation,ساراب,ساراب|1395,ساراب|1396,1395,1396,0,0.189741296905,deterministic_single_fit
persistent_loss_robustness_target,main_rule_a_primary,M1_PRIMARY_FEATURE_ORDER,regularized_logistic_regression,logistic__C_0.1,fold1_validation,ساراب,ساراب|1396,ساراب|1397,1396,1397,0,0.177754288253,deterministic_single_fit
persistent_loss_robustness_target,main_rule_a_primary,M1_PRIMARY_FEATURE_ORDER,regularized_logistic_regression,logistic__C_0.1,fold1_validation,ساربیل,ساربیل|1395,ساربیل|1396,1395,1396,0,0.338067792185,deterministic_single_fit
persistent_loss_robustness_target,main_rule_a_primary,M1_PRIMARY_FEATURE_ORDER,regularized_logistic_regression,logistic__C_0.1,fold1_validation,ساربیل,ساربیل|1396,ساربیل|1397,1396,1397,0,0.158244774649,deterministic_single_fit
persistent_loss_robustness_target,main_rule_a_primary,M1_PRIMARY_FEATURE_ORDER,regularized_logistic_regression,logistic__C_0.1,fold1_validation,ساروم,ساروم|1395,ساروم|1396,1395,1396,0,0.23625593435,deterministic_single_fit
persistent_loss_robustness_target,main_rule_a_primary,M1_PRIMARY_FEATURE_ORDER,regularized_logistic_regression,logistic__C_0.1,fold1_validation,ساروم,ساروم|1396,ساروم|1397,1396,1397,0,0.144007885204,deterministic_single_fit
persistent_loss_robustness_target,main_rule_a_primary,M1_PRIMARY_FEATURE_ORDER,regularized_logistic_regression,logistic__C_0.1,fold1_validation,سبجنو,سبجنو|1395,سبجنو|1396,1395,1396,0,0.391877882419,deterministic_single_fit
persistent_loss_robustness_target,main_rule_a_primary,M1_PRIMARY_FEATURE_ORDER,regularized_logistic_regression,logistic__C_0.1,fold1_validation,سبجنو,سبجنو|1396,سبجنو|1397,1396,1397,0,0.386029634498,deterministic_single_fit
persistent_loss_robustness_target,main_rule_a_primary,M1_PRIMARY_FEATURE_ORDER,regularized_logistic_regression,logistic__C_0.1,fold1_validation,سبهان,سبهان|1395,سبهان|1396,1395,1396,0,0.234697163976,deterministic_single_fit
persistent_loss_robustness_target,main_rule_a_primary,M1_PRIMARY_FEATURE_ORDER,regularized_logistic_regression,logistic__C_0.1,fold1_validation,سبهان,سبهان|1396,سبهان|1397,1396,1397,0,0.280737532692,deterministic_single_fit
persistent_loss_robustness_target,main_rule_a_primary,M1_PRIMARY_FEATURE_ORDER,regularized_logistic_regression,logistic__C_0.1,fold1_validation,ستران,ستران|1395,ستران|1396,1395,1396,0,0.28997147415,deterministic_single_fit
persistent_loss_robustness_target,main_rule_a_primary,M1_PRIMARY_FEATURE_ORDER,regularized_logistic_regression,logistic__C_0.1,fold1_validation,ستران,ستران|1396,ستران|1397,1396,1397,0,0.412028127732,deterministic_single_fit
persistent_loss_robustness_target,main_rule_a_primary,M1_PRIMARY_FEATURE_ORDER,regularized_logistic_regression,logistic__C_0.1,fold1_validation,سخاش,سخاش|1395,سخاش|1396,1395,1396,0,0.21971373357,deterministic_single_fit
persistent_loss_robustness_target,main_rule_a_primary,M1_PRIMARY_FEATURE_ORDER,regularized_logistic_regression,logistic__C_0.1,fold1_validation,سخاش,سخاش|1396,سخاش|1397,1396,1397,0,0.184971600442,deterministic_single_fit
persistent_loss_robustness_target,main_rule_a_primary,M1_PRIMARY_FEATURE_ORDER,regularized_logistic_regression,logistic__C_0.1,fold1_validation,سخزر,سخزر|1395,سخزر|1396,1395,1396,0,0.386567675071,deterministic_single_fit
persistent_loss_robustness_target,main_rule_a_primary,M1_PRIMARY_FEATURE_ORDER,regularized_logistic_regression,logistic__C_0.1,fold1_validation,سخزر,سخزر|1396,سخزر|1397,1396,1397,0,0.407194377545,deterministic_single_fit
persistent_loss_robustness_target,main_rule_a_primary,M1_PRIMARY_FEATURE_ORDER,regularized_logistic_regression,logistic__C_0.1,fold1_validation,سخوز,سخوز|1395,سخوز|1396,1395,1396,0,0.339496211781,deterministic_single_fit
persistent_loss_robustness_target,main_rule_a_primary,M1_PRIMARY_FEATURE_ORDER,regularized_logistic_regression,logistic__C_0.1,fold1_validation,سخوز,سخوز|1396,سخوز|1397,1396,1397,0,0.308621455006,deterministic_single_fit
persistent_loss_robustness_target,main_rule_a_primary,M1_PRIMARY_FEATURE_ORDER,regularized_logistic_regression,logistic__C_0.1,fold1_validation,سدشت,سدشت|1395,سدشت|1396,1395,1396,0,0.33507795427,deterministic_single_fit
persistent_loss_robustness_target,main_rule_a_primary,M1_PRIMARY_FEATURE_ORDER,regularized_logistic_regression,logistic__C_0.1,fold1_validation,سدشت,سدشت|1396,سدشت|1397,1396,1397,0,0.323867610471,deterministic_single_fit
persistent_loss_robustness_target,main_rule_a_primary,M1_PRIMARY_FEATURE_ORDER,regularized_logistic_regression,logistic__C_0.1,fold1_validation,سدور,سدور|1395,سدور|1396,1395,1396,1,0.900382323384,deterministic_single_fit
persistent_loss_robustness_target,main_rule_a_primary,M1_PRIMARY_FEATURE_ORDER,regularized_logistic_regression,logistic__C_0.1,fold1_validation,سدور,سدور|1396,سدور|1397,1396,1397,0,0.891177299659,deterministic_single_fit
persistent_loss_robustness_target,main_rule_a_primary,M1_PRIMARY_FEATURE_ORDER,regularized_logistic_regression,logistic__C_0.1,fold1_validation,سرود,سرود|1395,سرود|1396,1395,1396,0,0.449138251389,deterministic_single_fit
persistent_loss_robustness_target,main_rule_a_primary,M1_PRIMARY_FEATURE_ORDER,regularized_logistic_regression,logistic__C_0.1,fold1_validation,سرود,سرود|1396,سرود|1397,1396,1397,0,0.26991875196,deterministic_single_fit
persistent_loss_robustness_target,main_rule_a_primary,M1_PRIMARY_FEATURE_ORDER,regularized_logistic_regression,logistic__C_0.1,fold1_validation,سشرق,سشرق|1395,سشرق|1396,1395,1396,1,0.897619548415,deterministic_single_fit
persistent_loss_robustness_target,main_rule_a_primary,M1_PRIMARY_FEATURE_ORDER,regularized_logistic_regression,logistic__C_0.1,fold1_validation,سشرق,سشرق|1396,سشرق|1397,1396,1397,0,0.67029339999,deterministic_single_fit
persistent_loss_robustness_target,main_rule_a_primary,M1_PRIMARY_FEATURE_ORDER,regularized_logistic_regression,logistic__C_0.1,fold1_validation,سصفها,سصفها|1395,سصفها|1396,1395,1396,0,0.336520051777,deterministic_single_fit
persistent_loss_robustness_target,main_rule_a_primary,M1_PRIMARY_FEATURE_ORDER,regularized_logistic_regression,logistic__C_0.1,fold1_validation,سصفها,سصفها|1396,سصفها|1397,1396,1397,0,0.397952499541,deterministic_single_fit
persistent_loss_robustness_target,main_rule_a_primary,M1_PRIMARY_FEATURE_ORDER,regularized_logistic_regression,logistic__C_0.1,fold1_validation,سغرب,سغرب|1395,سغرب|1396,1395,1396,0,0.331116089045,deterministic_single_fit
persistent_loss_robustness_target,main_rule_a_primary,M1_PRIMARY_FEATURE_ORDER,regularized_logistic_regression,logistic__C_0.1,fold1_validation,سغرب,سغرب|1396,سغرب|1397,1396,1397,0,0.321779097185,deterministic_single_fit
persistent_loss_robustness_target,main_rule_a_primary,M1_PRIMARY_FEATURE_ORDER,regularized_logistic_regression,logistic__C_0.1,fold1_validation,سقاین,سقاین|1395,سقاین|1396,1395,1396,0,0.39657879094,deterministic_single_fit
persistent_loss_robustness_target,main_rule_a_primary,M1_PRIMARY_FEATURE_ORDER,regularized_logistic_regression,logistic__C_0.1,fold1_validation,سقاین,سقاین|1396,سقاین|1397,1396,1397,0,0.326415897291,deterministic_single_fit
persistent_loss_robustness_target,main_rule_a_primary,M1_PRIMARY_FEATURE_ORDER,regularized_logistic_regression,logistic__C_0.1,fold1_validation,سمازن,سمازن|1395,سمازن|1396,1395,1396,0,0.380520948034,deterministic_single_fit
persistent_loss_robustness_target,main_rule_a_primary,M1_PRIMARY_FEATURE_ORDER,regularized_logistic_regression,logistic__C_0.1,fold1_validation,سمازن,سمازن|1396,سمازن|1397,1396,1397,0,0.337135188902,deterministic_single_fit
persistent_loss_robustness_target,main_rule_a_primary,M1_PRIMARY_FEATURE_ORDER,regularized_logistic_regression,logistic__C_0.1,fold1_validation,سنیر,سنیر|1395,سنیر|1396,1395,1396,0,0.365061547819,deterministic_single_fit
persistent_loss_robustness_target,main_rule_a_primary,M1_PRIMARY_FEATURE_ORDER,regularized_logistic_regression,logistic__C_0.1,fold1_validation,سنیر,سنیر|1396,سنیر|1397,1396,1397,0,0.23080515566,deterministic_single_fit
persistent_loss_robustness_target,main_rule_a_primary,M1_PRIMARY_FEATURE_ORDER,regularized_logistic_regression,logistic__C_0.1,fold1_validation,سهگمت,سهگمت|1395,سهگمت|1396,1395,1396,0,0.44171982343,deterministic_single_fit
persistent_loss_robustness_target,main_rule_a_primary,M1_PRIMARY_FEATURE_ORDER,regularized_logistic_regression,logistic__C_0.1,fold1_validation,سهگمت,سهگمت|1396,سهگمت|1397,1396,1397,0,0.337618371397,deterministic_single_fit
persistent_loss_robustness_target,main_rule_a_primary,M1_PRIMARY_FEATURE_ORDER,regularized_logistic_regression,logistic__C_0.1,fold1_validation,سپاها,سپاها|1395,سپاها|1396,1395,1396,0,0.537588911003,deterministic_single_fit
persistent_loss_robustness_target,main_rule_a_primary,M1_PRIMARY_FEATURE_ORDER,regularized_logistic_regression,logistic__C_0.1,fold1_validation,سپاها,سپاها|1396,سپاها|1397,1396,1397,0,0.427697800329,deterministic_single_fit
persistent_loss_robustness_target,main_rule_a_primary,M1_PRIMARY_FEATURE_ORDER,regularized_logistic_regression,logistic__C_0.1,fold1_validation,سکرد,سکرد|1395,سکرد|1396,1395,1396,1,0.983139551229,deterministic_single_fit
persistent_loss_robustness_target,main_rule_a_primary,M1_PRIMARY_FEATURE_ORDER,regularized_logistic_regression,logistic__C_0.1,fold1_validation,سکرد,سکرد|1396,سکرد|1397,1396,1397,1,0.965742691606,deterministic_single_fit
persistent_loss_robustness_target,main_rule_a_primary,M1_PRIMARY_FEATURE_ORDER,regularized_logistic_regression,logistic__C_0.1,fold1_validation,سیلام,سیلام|1395,سیلام|1396,1395,1396,1,0.856579451259,deterministic_single_fit
persistent_loss_robustness_target,main_rule_a_primary,M1_PRIMARY_FEATURE_ORDER,regularized_logistic_regression,logistic__C_0.1,fold1_validation,سیلام,سیلام|1396,سیلام|1397,1396,1397,1,0.970260829415,deterministic_single_fit
persistent_loss_robustness_target,main_rule_a_primary,M1_PRIMARY_FEATURE_ORDER,regularized_logistic_regression,logistic__C_0.1,fold1_validation,شاراک,شاراک|1395,شاراک|1396,1395,1396,0,0.117976846187,deterministic_single_fit
persistent_loss_robustness_target,main_rule_a_primary,M1_PRIMARY_FEATURE_ORDER,regularized_logistic_regression,logistic__C_0.1,fold1_validation,شاراک,شاراک|1396,شاراک|1397,1396,1397,0,0.107190876878,deterministic_single_fit
persistent_loss_robustness_target,main_rule_a_primary,M1_PRIMARY_FEATURE_ORDER,regularized_logistic_regression,logistic__C_0.1,fold1_validation,شبریز,شبریز|1395,شبریز|1396,1395,1396,0,0.360318256977,deterministic_single_fit
persistent_loss_robustness_target,main_rule_a_primary,M1_PRIMARY_FEATURE_ORDER,regularized_logistic_regression,logistic__C_0.1,fold1_validation,شبریز,شبریز|1396,شبریز|1397,1396,1397,0,0.332585150433,deterministic_single_fit
persistent_loss_robustness_target,main_rule_a_primary,M1_PRIMARY_FEATURE_ORDER,regularized_logistic_regression,logistic__C_0.1,fold1_validation,شبندر,شبندر|1395,شبندر|1396,1395,1396,0,0.199469290611,deterministic_single_fit
persistent_loss_robustness_target,main_rule_a_primary,M1_PRIMARY_FEATURE_ORDER,regularized_logistic_regression,logistic__C_0.1,fold1_validation,شبندر,شبندر|1396,شبندر|1397,1396,1397,0,0.173792832987,deterministic_single_fit
persistent_loss_robustness_target,main_rule_a_primary,M1_PRIMARY_FEATURE_ORDER,regularized_logistic_regression,logistic__C_0.1,fold1_validation,شدوص,شدوص|1395,شدوص|1396,1395,1396,1,0.501370039582,deterministic_single_fit
persistent_loss_robustness_target,main_rule_a_primary,M1_PRIMARY_FEATURE_ORDER,regularized_logistic_regression,logistic__C_0.1,fold1_validation,شدوص,شدوص|1396,شدوص|1397,1396,1397,0,0.996838637536,deterministic_single_fit
persistent_loss_robustness_target,main_rule_a_primary,M1_PRIMARY_FEATURE_ORDER,regularized_logistic_regression,logistic__C_0.1,fold1_validation,شفارس,شفارس|1395,شفارس|1396,1395,1396,0,0.300623380781,deterministic_single_fit
persistent_loss_robustness_target,main_rule_a_primary,M1_PRIMARY_FEATURE_ORDER,regularized_logistic_regression,logistic__C_0.1,fold1_validation,شفارس,شفارس|1396,شفارس|1397,1396,1397,0,0.333336556556,deterministic_single_fit
persistent_loss_robustness_target,main_rule_a_primary,M1_PRIMARY_FEATURE_ORDER,regularized_logistic_regression,logistic__C_0.1,fold1_validation,شلعاب,شلعاب|1395,شلعاب|1396,1395,1396,0,0.530546534369,deterministic_single_fit
persistent_loss_robustness_target,main_rule_a_primary,M1_PRIMARY_FEATURE_ORDER,regularized_logistic_regression,logistic__C_0.1,fold1_validation,شلعاب,شلعاب|1396,شلعاب|1397,1396,1397,0,0.461313201889,deterministic_single_fit
persistent_loss_robustness_target,main_rule_a_primary,M1_PRIMARY_FEATURE_ORDER,regularized_logistic_regression,logistic__C_0.1,fold1_validation,شپارس,شپارس|1395,شپارس|1396,1395,1396,0,0.5896632303,deterministic_single_fit
persistent_loss_robustness_target,main_rule_a_primary,M1_PRIMARY_FEATURE_ORDER,regularized_logistic_regression,logistic__C_0.1,fold1_validation,شپارس,شپارس|1396,شپارس|1397,1396,1397,0,0.482544291094,deterministic_single_fit
persistent_loss_robustness_target,main_rule_a_primary,M1_PRIMARY_FEATURE_ORDER,regularized_logistic_regression,logistic__C_0.1,fold1_validation,شپنا,شپنا|1395,شپنا|1396,1395,1396,0,0.175740216985,deterministic_single_fit
persistent_loss_robustness_target,main_rule_a_primary,M1_PRIMARY_FEATURE_ORDER,regularized_logistic_regression,logistic__C_0.1,fold1_validation,شپنا,شپنا|1396,شپنا|1397,1396,1397,0,0.109902251627,deterministic_single_fit
persistent_loss_robustness_target,main_rule_a_primary,M1_PRIMARY_FEATURE_ORDER,regularized_logistic_regression,logistic__C_0.1,fold1_validation,شکربن,شکربن|1395,شکربن|1396,1395,1396,0,0.359679203039,deterministic_single_fit
persistent_loss_robustness_target,main_rule_a_primary,M1_PRIMARY_FEATURE_ORDER,regularized_logistic_regression,logistic__C_0.1,fold1_validation,شکربن,شکربن|1396,شکربن|1397,1396,1397,0,0.264970771622,deterministic_single_fit
persistent_loss_robustness_target,main_rule_a_primary,M1_PRIMARY_FEATURE_ORDER,regularized_logistic_regression,logistic__C_0.1,fold1_validation,شکلر,شکلر|1395,شکلر|1396,1395,1396,0,0.201717602382,deterministic_single_fit
persistent_loss_robustness_target,main_rule_a_primary,M1_PRIMARY_FEATURE_ORDER,regularized_logistic_regression,logistic__C_0.1,fold1_validation,شکلر,شکلر|1396,شکلر|1397,1396,1397,0,0.230157231947,deterministic_single_fit
persistent_loss_robustness_target,main_rule_a_primary,M1_PRIMARY_FEATURE_ORDER,regularized_logistic_regression,logistic__C_0.1,fold1_validation,شیران,شیران|1395,شیران|1396,1395,1396,0,0.099978274204,deterministic_single_fit
persistent_loss_robustness_target,main_rule_a_primary,M1_PRIMARY_FEATURE_ORDER,regularized_logistic_regression,logistic__C_0.1,fold1_validation,شیران,شیران|1396,شیران|1397,1396,1397,0,0.094498201068,deterministic_single_fit
persistent_loss_robustness_target,main_rule_a_primary,M1_PRIMARY_FEATURE_ORDER,regularized_logistic_regression,logistic__C_0.1,fold1_validation,غبهنوش,غبهنوش|1395,غبهنوش|1396,1395,1396,0,0.722321213192,deterministic_single_fit
persistent_loss_robustness_target,main_rule_a_primary,M1_PRIMARY_FEATURE_ORDER,regularized_logistic_regression,logistic__C_0.1,fold1_validation,غبهنوش,غبهنوش|1396,غبهنوش|1397,1396,1397,0,0.680255472874,deterministic_single_fit
persistent_loss_robustness_target,main_rule_a_primary,M1_PRIMARY_FEATURE_ORDER,regularized_logistic_regression,logistic__C_0.1,fold1_validation,غدام,غدام|1395,غدام|1396,1395,1396,1,0.530742850186,deterministic_single_fit
persistent_loss_robustness_target,main_rule_a_primary,M1_PRIMARY_FEATURE_ORDER,regularized_logistic_regression,logistic__C_0.1,fold1_validation,غدام,غدام|1396,غدام|1397,1396,1397,0,0.548923167506,deterministic_single_fit
persistent_loss_robustness_target,main_rule_a_primary,M1_PRIMARY_FEATURE_ORDER,regularized_logistic_regression,logistic__C_0.1,fold1_validation,غسالم,غسالم|1395,غسالم|1396,1395,1396,0,0.313404552088,deterministic_single_fit
persistent_loss_robustness_target,main_rule_a_primary,M1_PRIMARY_FEATURE_ORDER,regularized_logistic_regression,logistic__C_0.1,fold1_validation,غسالم,غسالم|1396,غسالم|1397,1396,1397,0,0.222237352304,deterministic_single_fit
persistent_loss_robustness_target,main_rule_a_primary,M1_PRIMARY_FEATURE_ORDER,regularized_logistic_regression,logistic__C_0.1,fold1_validation,غشان,غشان|1395,غشان|1396,1395,1396,0,0.279906018929,deterministic_single_fit
persistent_loss_robustness_target,main_rule_a_primary,M1_PRIMARY_FEATURE_ORDER,regularized_logistic_regression,logistic__C_0.1,fold1_validation,غشان,غشان|1396,غشان|1397,1396,1397,0,0.316177112071,deterministic_single_fit
persistent_loss_robustness_target,main_rule_a_primary,M1_PRIMARY_FEATURE_ORDER,regularized_logistic_regression,logistic__C_0.1,fold1_validation,غشهد,غشهد|1395,غشهد|1396,1395,1396,1,0.993934303957,deterministic_single_fit
persistent_loss_robustness_target,main_rule_a_primary,M1_PRIMARY_FEATURE_ORDER,regularized_logistic_regression,logistic__C_0.1,fold1_validation,غشهد,غشهد|1396,غشهد|1397,1396,1397,0,0.894674670926,deterministic_single_fit
persistent_loss_robustness_target,main_rule_a_primary,M1_PRIMARY_FEATURE_ORDER,regularized_logistic_regression,logistic__C_0.1,fold1_validation,غنوش,غنوش|1395,غنوش|1396,1395,1396,0,0.166114183624,deterministic_single_fit
persistent_loss_robustness_target,main_rule_a_primary,M1_PRIMARY_FEATURE_ORDER,regularized_logistic_regression,logistic__C_0.1,fold1_validation,غنوش,غنوش|1396,غنوش|1397,1396,1397,0,0.210944023656,deterministic_single_fit
persistent_loss_robustness_target,main_rule_a_primary,M1_PRIMARY_FEATURE_ORDER,regularized_logistic_regression,logistic__C_0.1,fold1_validation,غگل,غگل|1395,غگل|1396,1395,1396,0,0.177936186498,deterministic_single_fit
persistent_loss_robustness_target,main_rule_a_primary,M1_PRIMARY_FEATURE_ORDER,regularized_logistic_regression,logistic__C_0.1,fold1_validation,غگل,غگل|1396,غگل|1397,1396,1397,0,0.264949288941,deterministic_single_fit
persistent_loss_robustness_target,main_rule_a_primary,M1_PRIMARY_FEATURE_ORDER,regularized_logistic_regression,logistic__C_0.1,fold1_validation,فاذر,فاذر|1395,فاذر|1396,1395,1396,1,0.445291582632,deterministic_single_fit
persistent_loss_robustness_target,main_rule_a_primary,M1_PRIMARY_FEATURE_ORDER,regularized_logistic_regression,logistic__C_0.1,fold1_validation,فاذر,فاذر|1396,فاذر|1397,1396,1397,1,0.572352930749,deterministic_single_fit
persistent_loss_robustness_target,main_rule_a_primary,M1_PRIMARY_FEATURE_ORDER,regularized_logistic_regression,logistic__C_0.1,fold1_validation,فایرا,فایرا|1395,فایرا|1396,1395,1396,0,0.835616608308,deterministic_single_fit
persistent_loss_robustness_target,main_rule_a_primary,M1_PRIMARY_FEATURE_ORDER,regularized_logistic_regression,logistic__C_0.1,fold1_validation,فایرا,فایرا|1396,فایرا|1397,1396,1397,0,0.690422850962,deterministic_single_fit
persistent_loss_robustness_target,main_rule_a_primary,M1_PRIMARY_FEATURE_ORDER,regularized_logistic_regression,logistic__C_0.1,fold1_validation,فباهنر,فباهنر|1395,فباهنر|1396,1395,1396,0,0.416168109894,deterministic_single_fit
persistent_loss_robustness_target,main_rule_a_primary,M1_PRIMARY_FEATURE_ORDER,regularized_logistic_regression,logistic__C_0.1,fold1_validation,فباهنر,فباهنر|1396,فباهنر|1397,1396,1397,0,0.330348698706,deterministic_single_fit
persistent_loss_robustness_target,main_rule_a_primary,M1_PRIMARY_FEATURE_ORDER,regularized_logistic_regression,logistic__C_0.1,fold1_validation,فجام,فجام|1395,فجام|1396,1395,1396,0,0.077474759857,deterministic_single_fit
persistent_loss_robustness_target,main_rule_a_primary,M1_PRIMARY_FEATURE_ORDER,regularized_logistic_regression,logistic__C_0.1,fold1_validation,فجام,فجام|1396,فجام|1397,1396,1397,0,0.195146032291,deterministic_single_fit
persistent_loss_robustness_target,main_rule_a_primary,M1_PRIMARY_FEATURE_ORDER,regularized_logistic_regression,logistic__C_0.1,fold1_validation,فجر,فجر|1395,فجر|1396,1395,1396,0,0.288541831662,deterministic_single_fit
persistent_loss_robustness_target,main_rule_a_primary,M1_PRIMARY_FEATURE_ORDER,regularized_logistic_regression,logistic__C_0.1,fold1_validation,فجر,فجر|1396,فجر|1397,1396,1397,0,0.28232617925,deterministic_single_fit
persistent_loss_robustness_target,main_rule_a_primary,M1_PRIMARY_FEATURE_ORDER,regularized_logistic_regression,logistic__C_0.1,fold1_validation,فخوز,فخوز|1395,فخوز|1396,1395,1396,0,0.220073536527,deterministic_single_fit
persistent_loss_robustness_target,main_rule_a_primary,M1_PRIMARY_FEATURE_ORDER,regularized_logistic_regression,logistic__C_0.1,fold1_validation,فخوز,فخوز|1396,فخوز|1397,1396,1397,0,0.163058786901,deterministic_single_fit
persistent_loss_robustness_target,main_rule_a_primary,M1_PRIMARY_FEATURE_ORDER,regularized_logistic_regression,logistic__C_0.1,fold1_validation,فرآور,فرآور|1395,فرآور|1396,1395,1396,0,0.123755421428,deterministic_single_fit
persistent_loss_robustness_target,main_rule_a_primary,M1_PRIMARY_FEATURE_ORDER,regularized_logistic_regression,logistic__C_0.1,fold1_validation,فرآور,فرآور|1396,فرآور|1397,1396,1397,0,0.061262780091,deterministic_single_fit
persistent_loss_robustness_target,main_rule_a_primary,M1_PRIMARY_FEATURE_ORDER,regularized_logistic_regression,logistic__C_0.1,fold1_validation,فسرب,فسرب|1395,فسرب|1396,1395,1396,0,0.63660519293,deterministic_single_fit
persistent_loss_robustness_target,main_rule_a_primary,M1_PRIMARY_FEATURE_ORDER,regularized_logistic_regression,logistic__C_0.1,fold1_validation,فسرب,فسرب|1396,فسرب|1397,1396,1397,0,0.350141738887,deterministic_single_fit
persistent_loss_robustness_target,main_rule_a_primary,M1_PRIMARY_FEATURE_ORDER,regularized_logistic_regression,logistic__C_0.1,fold1_validation,فسپا,فسپا|1395,فسپا|1396,1395,1396,0,0.179829962421,deterministic_single_fit
persistent_loss_robustness_target,main_rule_a_primary,M1_PRIMARY_FEATURE_ORDER,regularized_logistic_regression,logistic__C_0.1,fold1_validation,فسپا,فسپا|1396,فسپا|1397,1396,1397,0,0.210102972035,deterministic_single_fit
persistent_loss_robustness_target,main_rule_a_primary,M1_PRIMARY_FEATURE_ORDER,regularized_logistic_regression,logistic__C_0.1,fold1_validation,فمراد,فمراد|1395,فمراد|1396,1395,1396,0,0.549283385668,deterministic_single_fit
persistent_loss_robustness_target,main_rule_a_primary,M1_PRIMARY_FEATURE_ORDER,regularized_logistic_regression,logistic__C_0.1,fold1_validation,فمراد,فمراد|1396,فمراد|1397,1396,1397,1,0.709814630072,deterministic_single_fit
persistent_loss_robustness_target,main_rule_a_primary,M1_PRIMARY_FEATURE_ORDER,regularized_logistic_regression,logistic__C_0.1,fold1_validation,فملی,فملی|1395,فملی|1396,1395,1396,0,0.110556208308,deterministic_single_fit
persistent_loss_robustness_target,main_rule_a_primary,M1_PRIMARY_FEATURE_ORDER,regularized_logistic_regression,logistic__C_0.1,fold1_validation,فملی,فملی|1396,فملی|1397,1396,1397,0,0.122733710214,deterministic_single_fit
persistent_loss_robustness_target,main_rule_a_primary,M1_PRIMARY_FEATURE_ORDER,regularized_logistic_regression,logistic__C_0.1,fold1_validation,فنورد,فنورد|1395,فنورد|1396,1395,1396,0,0.431348667216,deterministic_single_fit
persistent_loss_robustness_target,main_rule_a_primary,M1_PRIMARY_FEATURE_ORDER,regularized_logistic_regression,logistic__C_0.1,fold1_validation,فنورد,فنورد|1396,فنورد|1397,1396,1397,0,0.298378850914,deterministic_single_fit
persistent_loss_robustness_target,main_rule_a_primary,M1_PRIMARY_FEATURE_ORDER,regularized_logistic_regression,logistic__C_0.1,fold1_validation,فولاژ,فولاژ|1395,فولاژ|1396,1395,1396,0,0.279130027779,deterministic_single_fit
persistent_loss_robustness_target,main_rule_a_primary,M1_PRIMARY_FEATURE_ORDER,regularized_logistic_regression,logistic__C_0.1,fold1_validation,فولاژ,فولاژ|1396,فولاژ|1397,1396,1397,0,0.280753358469,deterministic_single_fit
persistent_loss_robustness_target,main_rule_a_primary,M1_PRIMARY_FEATURE_ORDER,regularized_logistic_regression,logistic__C_0.1,fold1_validation,فپنتا,فپنتا|1395,فپنتا|1396,1395,1396,0,0.178864668185,deterministic_single_fit
persistent_loss_robustness_target,main_rule_a_primary,M1_PRIMARY_FEATURE_ORDER,regularized_logistic_regression,logistic__C_0.1,fold1_validation,فپنتا,فپنتا|1396,فپنتا|1397,1396,1397,0,0.204832979017,deterministic_single_fit
persistent_loss_robustness_target,main_rule_a_primary,M1_PRIMARY_FEATURE_ORDER,regularized_logistic_regression,logistic__C_0.1,fold1_validation,لابسا,لابسا|1395,لابسا|1396,1395,1396,1,0.419426269526,deterministic_single_fit
persistent_loss_robustness_target,main_rule_a_primary,M1_PRIMARY_FEATURE_ORDER,regularized_logistic_regression,logistic__C_0.1,fold1_validation,لابسا,لابسا|1396,لابسا|1397,1396,1397,0,0.529608369129,deterministic_single_fit
persistent_loss_robustness_target,main_rule_a_primary,M1_PRIMARY_FEATURE_ORDER,regularized_logistic_regression,logistic__C_0.1,fold1_validation,لبوتان,لبوتان|1395,لبوتان|1396,1395,1396,0,0.450885304342,deterministic_single_fit
persistent_loss_robustness_target,main_rule_a_primary,M1_PRIMARY_FEATURE_ORDER,regularized_logistic_regression,logistic__C_0.1,fold1_validation,لبوتان,لبوتان|1396,لبوتان|1397,1396,1397,0,0.519470136474,deterministic_single_fit
persistent_loss_robustness_target,main_rule_a_primary,M1_PRIMARY_FEATURE_ORDER,regularized_logistic_regression,logistic__C_0.1,fold1_validation,لخزر,لخزر|1395,لخزر|1396,1395,1396,0,0.391778133454,deterministic_single_fit
persistent_loss_robustness_target,main_rule_a_primary,M1_PRIMARY_FEATURE_ORDER,regularized_logistic_regression,logistic__C_0.1,fold1_validation,لخزر,لخزر|1396,لخزر|1397,1396,1397,0,0.432229096359,deterministic_single_fit
persistent_loss_robustness_target,main_rule_a_primary,M1_PRIMARY_FEATURE_ORDER,regularized_logistic_regression,logistic__C_0.1,fold1_validation,لسرما,لسرما|1395,لسرما|1396,1395,1396,0,0.357963498171,deterministic_single_fit
persistent_loss_robustness_target,main_rule_a_primary,M1_PRIMARY_FEATURE_ORDER,regularized_logistic_regression,logistic__C_0.1,fold1_validation,لسرما,لسرما|1396,لسرما|1397,1396,1397,0,0.360872494028,deterministic_single_fit
persistent_loss_robustness_target,main_rule_a_primary,M1_PRIMARY_FEATURE_ORDER,regularized_logistic_regression,logistic__C_0.1,fold1_validation,های وب,های وب|1396,های وب|1397,1396,1397,0,0.263988641328,deterministic_single_fit
persistent_loss_robustness_target,main_rule_a_primary,M1_PRIMARY_FEATURE_ORDER,regularized_logistic_regression,logistic__C_0.1,fold1_validation,همراه,همراه|1395,همراه|1396,1395,1396,0,0.168779701968,deterministic_single_fit
persistent_loss_robustness_target,main_rule_a_primary,M1_PRIMARY_FEATURE_ORDER,regularized_logistic_regression,logistic__C_0.1,fold1_validation,همراه,همراه|1396,همراه|1397,1396,1397,0,0.223309863089,deterministic_single_fit
persistent_loss_robustness_target,main_rule_a_primary,M1_PRIMARY_FEATURE_ORDER,regularized_logistic_regression,logistic__C_0.1,fold1_validation,پدرخش,پدرخش|1395,پدرخش|1396,1395,1396,0,0.420531853718,deterministic_single_fit
persistent_loss_robustness_target,main_rule_a_primary,M1_PRIMARY_FEATURE_ORDER,regularized_logistic_regression,logistic__C_0.1,fold1_validation,پدرخش,پدرخش|1396,پدرخش|1397,1396,1397,0,0.395583565687,deterministic_single_fit
persistent_loss_robustness_target,main_rule_a_primary,M1_PRIMARY_FEATURE_ORDER,regularized_logistic_regression,logistic__C_0.1,fold1_validation,پرداخت,پرداخت|1396,پرداخت|1397,1396,1397,0,0.081609766639,deterministic_single_fit
persistent_loss_robustness_target,main_rule_a_primary,M1_PRIMARY_FEATURE_ORDER,regularized_logistic_regression,logistic__C_0.1,fold1_validation,پسهند,پسهند|1395,پسهند|1396,1395,1396,0,0.293939016635,deterministic_single_fit
persistent_loss_robustness_target,main_rule_a_primary,M1_PRIMARY_FEATURE_ORDER,regularized_logistic_regression,logistic__C_0.1,fold1_validation,پسهند,پسهند|1396,پسهند|1397,1396,1397,0,0.310748712381,deterministic_single_fit
persistent_loss_robustness_target,main_rule_a_primary,M1_PRIMARY_FEATURE_ORDER,regularized_logistic_regression,logistic__C_0.1,fold1_validation,پلاسک,پلاسک|1395,پلاسک|1396,1395,1396,0,0.73665371077,deterministic_single_fit
persistent_loss_robustness_target,main_rule_a_primary,M1_PRIMARY_FEATURE_ORDER,regularized_logistic_regression,logistic__C_0.1,fold1_validation,پلاسک,پلاسک|1396,پلاسک|1397,1396,1397,0,0.715033331954,deterministic_single_fit
persistent_loss_robustness_target,main_rule_a_primary,M1_PRIMARY_FEATURE_ORDER,regularized_logistic_regression,logistic__C_0.1,fold1_validation,چافست,چافست|1395,چافست|1396,1395,1396,0,0.194080686118,deterministic_single_fit
persistent_loss_robustness_target,main_rule_a_primary,M1_PRIMARY_FEATURE_ORDER,regularized_logistic_regression,logistic__C_0.1,fold1_validation,چافست,چافست|1396,چافست|1397,1396,1397,0,0.311757303095,deterministic_single_fit
persistent_loss_robustness_target,main_rule_a_primary,M1_PRIMARY_FEATURE_ORDER,regularized_logistic_regression,logistic__C_0.1,fold1_validation,چکارن,چکارن|1395,چکارن|1396,1395,1396,0,0.505939023528,deterministic_single_fit
persistent_loss_robustness_target,main_rule_a_primary,M1_PRIMARY_FEATURE_ORDER,regularized_logistic_regression,logistic__C_0.1,fold1_validation,چکارن,چکارن|1396,چکارن|1397,1396,1397,0,0.415356258446,deterministic_single_fit
persistent_loss_robustness_target,main_rule_a_primary,M1_PRIMARY_FEATURE_ORDER,regularized_logistic_regression,logistic__C_0.1,fold1_validation,کاوه,کاوه|1396,کاوه|1397,1396,1397,0,0.429151327358,deterministic_single_fit
persistent_loss_robustness_target,main_rule_a_primary,M1_PRIMARY_FEATURE_ORDER,regularized_logistic_regression,logistic__C_0.1,fold1_validation,کبافق,کبافق|1395,کبافق|1396,1395,1396,0,0.091479120068,deterministic_single_fit
persistent_loss_robustness_target,main_rule_a_primary,M1_PRIMARY_FEATURE_ORDER,regularized_logistic_regression,logistic__C_0.1,fold1_validation,کبافق,کبافق|1396,کبافق|1397,1396,1397,0,0.078028600308,deterministic_single_fit
persistent_loss_robustness_target,main_rule_a_primary,M1_PRIMARY_FEATURE_ORDER,regularized_logistic_regression,logistic__C_0.1,fold1_validation,کرازی,کرازی|1395,کرازی|1396,1395,1396,0,0.150578651821,deterministic_single_fit
persistent_loss_robustness_target,main_rule_a_primary,M1_PRIMARY_FEATURE_ORDER,regularized_logistic_regression,logistic__C_0.1,fold1_validation,کرازی,کرازی|1396,کرازی|1397,1396,1397,0,0.208425983758,deterministic_single_fit
persistent_loss_robustness_target,main_rule_a_primary,M1_PRIMARY_FEATURE_ORDER,regularized_logistic_regression,logistic__C_0.1,fold1_validation,کفرا,کفرا|1395,کفرا|1396,1395,1396,0,0.23064786595,deterministic_single_fit
persistent_loss_robustness_target,main_rule_a_primary,M1_PRIMARY_FEATURE_ORDER,regularized_logistic_regression,logistic__C_0.1,fold1_validation,کفرا,کفرا|1396,کفرا|1397,1396,1397,0,0.207492873748,deterministic_single_fit
persistent_loss_robustness_target,main_rule_a_primary,M1_PRIMARY_FEATURE_ORDER,regularized_logistic_regression,logistic__C_0.1,fold1_validation,کفپارس,کفپارس|1395,کفپارس|1396,1395,1396,1,0.531308893248,deterministic_single_fit
persistent_loss_robustness_target,main_rule_a_primary,M1_PRIMARY_FEATURE_ORDER,regularized_logistic_regression,logistic__C_0.1,fold1_validation,کفپارس,کفپارس|1396,کفپارس|1397,1396,1397,0,0.581364341315,deterministic_single_fit
persistent_loss_robustness_target,main_rule_a_primary,M1_PRIMARY_FEATURE_ORDER,regularized_logistic_regression,logistic__C_0.1,fold1_validation,کهمدا,کهمدا|1395,کهمدا|1396,1395,1396,0,0.065318994667,deterministic_single_fit
persistent_loss_robustness_target,main_rule_a_primary,M1_PRIMARY_FEATURE_ORDER,regularized_logistic_regression,logistic__C_0.1,fold1_validation,کهمدا,کهمدا|1396,کهمدا|1397,1396,1397,0,0.122149036069,deterministic_single_fit
persistent_loss_robustness_target,main_rule_a_primary,M1_PRIMARY_FEATURE_ORDER,regularized_logistic_regression,logistic__C_0.1,fold1_validation,کگاز,کگاز|1395,کگاز|1396,1395,1396,0,0.923577853422,deterministic_single_fit
persistent_loss_robustness_target,main_rule_a_primary,M1_PRIMARY_FEATURE_ORDER,regularized_logistic_regression,logistic__C_0.1,fold1_validation,کگاز,کگاز|1396,کگاز|1397,1396,1397,0,0.119448058258,deterministic_single_fit
persistent_loss_robustness_target,main_rule_a_primary,M1_PRIMARY_FEATURE_ORDER,regularized_logistic_regression,logistic__C_0.1,fold1_validation,کگل,کگل|1395,کگل|1396,1395,1396,0,0.209291522423,deterministic_single_fit
persistent_loss_robustness_target,main_rule_a_primary,M1_PRIMARY_FEATURE_ORDER,regularized_logistic_regression,logistic__C_0.1,fold1_validation,کگل,کگل|1396,کگل|1397,1396,1397,0,0.131362681187,deterministic_single_fit
persistent_loss_robustness_target,main_rule_a_primary,M1_PRIMARY_FEATURE_ORDER,regularized_logistic_regression,logistic__C_0.1,fold2_validation,بالبر,بالبر|1397,بالبر|1398,1397,1398,0,0.686746113967,deterministic_single_fit
persistent_loss_robustness_target,main_rule_a_primary,M1_PRIMARY_FEATURE_ORDER,regularized_logistic_regression,logistic__C_0.1,fold2_validation,بالبر,بالبر|1398,بالبر|1399,1398,1399,0,0.535735461659,deterministic_single_fit
persistent_loss_robustness_target,main_rule_a_primary,M1_PRIMARY_FEATURE_ORDER,regularized_logistic_regression,logistic__C_0.1,fold2_validation,بترانس,بترانس|1397,بترانس|1398,1397,1398,0,0.275196789204,deterministic_single_fit
persistent_loss_robustness_target,main_rule_a_primary,M1_PRIMARY_FEATURE_ORDER,regularized_logistic_regression,logistic__C_0.1,fold2_validation,بترانس,بترانس|1398,بترانس|1399,1398,1399,0,0.453016039466,deterministic_single_fit
persistent_loss_robustness_target,main_rule_a_primary,M1_PRIMARY_FEATURE_ORDER,regularized_logistic_regression,logistic__C_0.1,fold2_validation,بموتو,بموتو|1397,بموتو|1398,1397,1398,0,0.767028704527,deterministic_single_fit
persistent_loss_robustness_target,main_rule_a_primary,M1_PRIMARY_FEATURE_ORDER,regularized_logistic_regression,logistic__C_0.1,fold2_validation,بموتو,بموتو|1398,بموتو|1399,1398,1399,0,0.072501768145,deterministic_single_fit
persistent_loss_robustness_target,main_rule_a_primary,M1_PRIMARY_FEATURE_ORDER,regularized_logistic_regression,logistic__C_0.1,fold2_validation,بکاب,بکاب|1397,بکاب|1398,1397,1398,0,0.466326850036,deterministic_single_fit
persistent_loss_robustness_target,main_rule_a_primary,M1_PRIMARY_FEATURE_ORDER,regularized_logistic_regression,logistic__C_0.1,fold2_validation,بکاب,بکاب|1398,بکاب|1399,1398,1399,0,0.34470816507,deterministic_single_fit
persistent_loss_robustness_target,main_rule_a_primary,M1_PRIMARY_FEATURE_ORDER,regularized_logistic_regression,logistic__C_0.1,fold2_validation,بکام,بکام|1397,بکام|1398,1397,1398,0,0.764255851847,deterministic_single_fit
persistent_loss_robustness_target,main_rule_a_primary,M1_PRIMARY_FEATURE_ORDER,regularized_logistic_regression,logistic__C_0.1,fold2_validation,بکام,بکام|1398,بکام|1399,1398,1399,0,0.434470868138,deterministic_single_fit
persistent_loss_robustness_target,main_rule_a_primary,M1_PRIMARY_FEATURE_ORDER,regularized_logistic_regression,logistic__C_0.1,fold2_validation,تپمپی,تپمپی|1397,تپمپی|1398,1397,1398,0,0.234743509219,deterministic_single_fit
persistent_loss_robustness_target,main_rule_a_primary,M1_PRIMARY_FEATURE_ORDER,regularized_logistic_regression,logistic__C_0.1,fold2_validation,تپمپی,تپمپی|1398,تپمپی|1399,1398,1399,0,0.134276339323,deterministic_single_fit
persistent_loss_robustness_target,main_rule_a_primary,M1_PRIMARY_FEATURE_ORDER,regularized_logistic_regression,logistic__C_0.1,fold2_validation,تکمبا,تکمبا|1397,تکمبا|1398,1397,1398,0,0.448043896178,deterministic_single_fit
persistent_loss_robustness_target,main_rule_a_primary,M1_PRIMARY_FEATURE_ORDER,regularized_logistic_regression,logistic__C_0.1,fold2_validation,تکمبا,تکمبا|1398,تکمبا|1399,1398,1399,0,0.257588582941,deterministic_single_fit
persistent_loss_robustness_target,main_rule_a_primary,M1_PRIMARY_FEATURE_ORDER,regularized_logistic_regression,logistic__C_0.1,fold2_validation,ثشرق,ثشرق|1397,ثشرق|1398,1397,1398,0,0.348845895138,deterministic_single_fit
persistent_loss_robustness_target,main_rule_a_primary,M1_PRIMARY_FEATURE_ORDER,regularized_logistic_regression,logistic__C_0.1,fold2_validation,ثشرق,ثشرق|1398,ثشرق|1399,1398,1399,0,0.373550359591,deterministic_single_fit
persistent_loss_robustness_target,main_rule_a_primary,M1_PRIMARY_FEATURE_ORDER,regularized_logistic_regression,logistic__C_0.1,fold2_validation,ثنوسا,ثنوسا|1397,ثنوسا|1398,1397,1398,1,0.999016183176,deterministic_single_fit
persistent_loss_robustness_target,main_rule_a_primary,M1_PRIMARY_FEATURE_ORDER,regularized_logistic_regression,logistic__C_0.1,fold2_validation,ثنوسا,ثنوسا|1398,ثنوسا|1399,1398,1399,0,0.890613501425,deterministic_single_fit
persistent_loss_robustness_target,main_rule_a_primary,M1_PRIMARY_FEATURE_ORDER,regularized_logistic_regression,logistic__C_0.1,fold2_validation,جم پیلن,جم پیلن|1398,جم پیلن|1399,1398,1399,0,0.006357801157,deterministic_single_fit
persistent_loss_robustness_target,main_rule_a_primary,M1_PRIMARY_FEATURE_ORDER,regularized_logistic_regression,logistic__C_0.1,fold2_validation,جم,جم|1397,جم|1398,1397,1398,0,0.034284410747,deterministic_single_fit
persistent_loss_robustness_target,main_rule_a_primary,M1_PRIMARY_FEATURE_ORDER,regularized_logistic_regression,logistic__C_0.1,fold2_validation,جم,جم|1398,جم|1399,1398,1399,0,0.028811841616,deterministic_single_fit
persistent_loss_robustness_target,main_rule_a_primary,M1_PRIMARY_FEATURE_ORDER,regularized_logistic_regression,logistic__C_0.1,fold2_validation,حپترو,حپترو|1397,حپترو|1398,1397,1398,0,0.404655941327,deterministic_single_fit
persistent_loss_robustness_target,main_rule_a_primary,M1_PRIMARY_FEATURE_ORDER,regularized_logistic_regression,logistic__C_0.1,fold2_validation,حپترو,حپترو|1398,حپترو|1399,1398,1399,0,0.348116321966,deterministic_single_fit
persistent_loss_robustness_target,main_rule_a_primary,M1_PRIMARY_FEATURE_ORDER,regularized_logistic_regression,logistic__C_0.1,fold2_validation,حکشتی,حکشتی|1397,حکشتی|1398,1397,1398,0,0.385716992327,deterministic_single_fit
persistent_loss_robustness_target,main_rule_a_primary,M1_PRIMARY_FEATURE_ORDER,regularized_logistic_regression,logistic__C_0.1,fold2_validation,حکشتی,حکشتی|1398,حکشتی|1399,1398,1399,0,0.467209486002,deterministic_single_fit
persistent_loss_robustness_target,main_rule_a_primary,M1_PRIMARY_FEATURE_ORDER,regularized_logistic_regression,logistic__C_0.1,fold2_validation,خاذین,خاذین|1397,خاذین|1398,1397,1398,1,0.829866881263,deterministic_single_fit
persistent_loss_robustness_target,main_rule_a_primary,M1_PRIMARY_FEATURE_ORDER,regularized_logistic_regression,logistic__C_0.1,fold2_validation,خاذین,خاذین|1398,خاذین|1399,1398,1399,0,0.634489502723,deterministic_single_fit
persistent_loss_robustness_target,main_rule_a_primary,M1_PRIMARY_FEATURE_ORDER,regularized_logistic_regression,logistic__C_0.1,fold2_validation,خبهمن,خبهمن|1397,خبهمن|1398,1397,1398,0,0.115678101851,deterministic_single_fit
persistent_loss_robustness_target,main_rule_a_primary,M1_PRIMARY_FEATURE_ORDER,regularized_logistic_regression,logistic__C_0.1,fold2_validation,خبهمن,خبهمن|1398,خبهمن|1399,1398,1399,0,0.28806929232,deterministic_single_fit
persistent_loss_robustness_target,main_rule_a_primary,M1_PRIMARY_FEATURE_ORDER,regularized_logistic_regression,logistic__C_0.1,fold2_validation,ختوقا,ختوقا|1397,ختوقا|1398,1397,1398,0,0.698262803046,deterministic_single_fit
persistent_loss_robustness_target,main_rule_a_primary,M1_PRIMARY_FEATURE_ORDER,regularized_logistic_regression,logistic__C_0.1,fold2_validation,ختوقا,ختوقا|1398,ختوقا|1399,1398,1399,0,0.199386743092,deterministic_single_fit
persistent_loss_robustness_target,main_rule_a_primary,M1_PRIMARY_FEATURE_ORDER,regularized_logistic_regression,logistic__C_0.1,fold2_validation,خرینگ,خرینگ|1397,خرینگ|1398,1397,1398,0,0.81272130592,deterministic_single_fit
persistent_loss_robustness_target,main_rule_a_primary,M1_PRIMARY_FEATURE_ORDER,regularized_logistic_regression,logistic__C_0.1,fold2_validation,خرینگ,خرینگ|1398,خرینگ|1399,1398,1399,0,0.870844119338,deterministic_single_fit
persistent_loss_robustness_target,main_rule_a_primary,M1_PRIMARY_FEATURE_ORDER,regularized_logistic_regression,logistic__C_0.1,fold2_validation,خمحور,خمحور|1397,خمحور|1398,1397,1398,0,0.422854062169,deterministic_single_fit
persistent_loss_robustness_target,main_rule_a_primary,M1_PRIMARY_FEATURE_ORDER,regularized_logistic_regression,logistic__C_0.1,fold2_validation,خمحور,خمحور|1398,خمحور|1399,1398,1399,0,0.478958695667,deterministic_single_fit
persistent_loss_robustness_target,main_rule_a_primary,M1_PRIMARY_FEATURE_ORDER,regularized_logistic_regression,logistic__C_0.1,fold2_validation,خمهر,خمهر|1397,خمهر|1398,1397,1398,1,0.808256568359,deterministic_single_fit
persistent_loss_robustness_target,main_rule_a_primary,M1_PRIMARY_FEATURE_ORDER,regularized_logistic_regression,logistic__C_0.1,fold2_validation,خمهر,خمهر|1398,خمهر|1399,1398,1399,0,0.99113739474,deterministic_single_fit
persistent_loss_robustness_target,main_rule_a_primary,M1_PRIMARY_FEATURE_ORDER,regularized_logistic_regression,logistic__C_0.1,fold2_validation,خنصیر,خنصیر|1397,خنصیر|1398,1397,1398,0,0.734037004567,deterministic_single_fit
persistent_loss_robustness_target,main_rule_a_primary,M1_PRIMARY_FEATURE_ORDER,regularized_logistic_regression,logistic__C_0.1,fold2_validation,خنصیر,خنصیر|1398,خنصیر|1399,1398,1399,0,0.544564469495,deterministic_single_fit
persistent_loss_robustness_target,main_rule_a_primary,M1_PRIMARY_FEATURE_ORDER,regularized_logistic_regression,logistic__C_0.1,fold2_validation,خوساز,خوساز|1397,خوساز|1398,1397,1398,1,0.482625913345,deterministic_single_fit
persistent_loss_robustness_target,main_rule_a_primary,M1_PRIMARY_FEATURE_ORDER,regularized_logistic_regression,logistic__C_0.1,fold2_validation,خوساز,خوساز|1398,خوساز|1399,1398,1399,0,0.547407211083,deterministic_single_fit
persistent_loss_robustness_target,main_rule_a_primary,M1_PRIMARY_FEATURE_ORDER,regularized_logistic_regression,logistic__C_0.1,fold2_validation,خچرخش,خچرخش|1397,خچرخش|1398,1397,1398,0,0.383223463231,deterministic_single_fit
persistent_loss_robustness_target,main_rule_a_primary,M1_PRIMARY_FEATURE_ORDER,regularized_logistic_regression,logistic__C_0.1,fold2_validation,خچرخش,خچرخش|1398,خچرخش|1399,1398,1399,0,0.437686387533,deterministic_single_fit
persistent_loss_robustness_target,main_rule_a_primary,M1_PRIMARY_FEATURE_ORDER,regularized_logistic_regression,logistic__C_0.1,fold2_validation,خکمک,خکمک|1397,خکمک|1398,1397,1398,0,0.843500910686,deterministic_single_fit
persistent_loss_robustness_target,main_rule_a_primary,M1_PRIMARY_FEATURE_ORDER,regularized_logistic_regression,logistic__C_0.1,fold2_validation,خکمک,خکمک|1398,خکمک|1399,1398,1399,0,0.869915576392,deterministic_single_fit
persistent_loss_robustness_target,main_rule_a_primary,M1_PRIMARY_FEATURE_ORDER,regularized_logistic_regression,logistic__C_0.1,fold2_validation,ددام,ددام|1397,ددام|1398,1397,1398,0,0.546056751263,deterministic_single_fit
persistent_loss_robustness_target,main_rule_a_primary,M1_PRIMARY_FEATURE_ORDER,regularized_logistic_regression,logistic__C_0.1,fold2_validation,ددام,ددام|1398,ددام|1399,1398,1399,0,0.064611181753,deterministic_single_fit
persistent_loss_robustness_target,main_rule_a_primary,M1_PRIMARY_FEATURE_ORDER,regularized_logistic_regression,logistic__C_0.1,fold2_validation,دروز,دروز|1397,دروز|1398,1397,1398,1,0.315238774836,deterministic_single_fit
persistent_loss_robustness_target,main_rule_a_primary,M1_PRIMARY_FEATURE_ORDER,regularized_logistic_regression,logistic__C_0.1,fold2_validation,دروز,دروز|1398,دروز|1399,1398,1399,1,0.639327255076,deterministic_single_fit
persistent_loss_robustness_target,main_rule_a_primary,M1_PRIMARY_FEATURE_ORDER,regularized_logistic_regression,logistic__C_0.1,fold2_validation,دسبحا,دسبحا|1397,دسبحا|1398,1397,1398,0,0.102598846282,deterministic_single_fit
persistent_loss_robustness_target,main_rule_a_primary,M1_PRIMARY_FEATURE_ORDER,regularized_logistic_regression,logistic__C_0.1,fold2_validation,دسبحا,دسبحا|1398,دسبحا|1399,1398,1399,0,0.06750021964,deterministic_single_fit
persistent_loss_robustness_target,main_rule_a_primary,M1_PRIMARY_FEATURE_ORDER,regularized_logistic_regression,logistic__C_0.1,fold2_validation,دسینا,دسینا|1397,دسینا|1398,1397,1398,0,0.100472159387,deterministic_single_fit
persistent_loss_robustness_target,main_rule_a_primary,M1_PRIMARY_FEATURE_ORDER,regularized_logistic_regression,logistic__C_0.1,fold2_validation,دسینا,دسینا|1398,دسینا|1399,1398,1399,0,0.228235065948,deterministic_single_fit
persistent_loss_robustness_target,main_rule_a_primary,M1_PRIMARY_FEATURE_ORDER,regularized_logistic_regression,logistic__C_0.1,fold2_validation,دشیمی,دشیمی|1397,دشیمی|1398,1397,1398,0,0.514225085298,deterministic_single_fit
persistent_loss_robustness_target,main_rule_a_primary,M1_PRIMARY_FEATURE_ORDER,regularized_logistic_regression,logistic__C_0.1,fold2_validation,دشیمی,دشیمی|1398,دشیمی|1399,1398,1399,0,0.275427191573,deterministic_single_fit
persistent_loss_robustness_target,main_rule_a_primary,M1_PRIMARY_FEATURE_ORDER,regularized_logistic_regression,logistic__C_0.1,fold2_validation,دیران,دیران|1397,دیران|1398,1397,1398,0,0.403556246752,deterministic_single_fit
persistent_loss_robustness_target,main_rule_a_primary,M1_PRIMARY_FEATURE_ORDER,regularized_logistic_regression,logistic__C_0.1,fold2_validation,دیران,دیران|1398,دیران|1399,1398,1399,0,0.323412628274,deterministic_single_fit
persistent_loss_robustness_target,main_rule_a_primary,M1_PRIMARY_FEATURE_ORDER,regularized_logistic_regression,logistic__C_0.1,fold2_validation,رانفور,رانفور|1397,رانفور|1398,1397,1398,0,0.010785456088,deterministic_single_fit
persistent_loss_robustness_target,main_rule_a_primary,M1_PRIMARY_FEATURE_ORDER,regularized_logistic_regression,logistic__C_0.1,fold2_validation,رانفور,رانفور|1398,رانفور|1399,1398,1399,0,0.02147991862,deterministic_single_fit
persistent_loss_robustness_target,main_rule_a_primary,M1_PRIMARY_FEATURE_ORDER,regularized_logistic_regression,logistic__C_0.1,fold2_validation,رمپنا,رمپنا|1397,رمپنا|1398,1397,1398,0,0.422496417153,deterministic_single_fit
persistent_loss_robustness_target,main_rule_a_primary,M1_PRIMARY_FEATURE_ORDER,regularized_logistic_regression,logistic__C_0.1,fold2_validation,رمپنا,رمپنا|1398,رمپنا|1399,1398,1399,0,0.422695978803,deterministic_single_fit
persistent_loss_robustness_target,main_rule_a_primary,M1_PRIMARY_FEATURE_ORDER,regularized_logistic_regression,logistic__C_0.1,fold2_validation,زمگسا,زمگسا|1397,زمگسا|1398,1397,1398,0,0.347698310806,deterministic_single_fit
persistent_loss_robustness_target,main_rule_a_primary,M1_PRIMARY_FEATURE_ORDER,regularized_logistic_regression,logistic__C_0.1,fold2_validation,زمگسا,زمگسا|1398,زمگسا|1399,1398,1399,0,0.264808431221,deterministic_single_fit
persistent_loss_robustness_target,main_rule_a_primary,M1_PRIMARY_FEATURE_ORDER,regularized_logistic_regression,logistic__C_0.1,fold2_validation,زپارس,زپارس|1397,زپارس|1398,1397,1398,0,0.284910353823,deterministic_single_fit
persistent_loss_robustness_target,main_rule_a_primary,M1_PRIMARY_FEATURE_ORDER,regularized_logistic_regression,logistic__C_0.1,fold2_validation,زپارس,زپارس|1398,زپارس|1399,1398,1399,0,0.213720992158,deterministic_single_fit
persistent_loss_robustness_target,main_rule_a_primary,M1_PRIMARY_FEATURE_ORDER,regularized_logistic_regression,logistic__C_0.1,fold2_validation,ساراب,ساراب|1397,ساراب|1398,1397,1398,0,0.086385634433,deterministic_single_fit
persistent_loss_robustness_target,main_rule_a_primary,M1_PRIMARY_FEATURE_ORDER,regularized_logistic_regression,logistic__C_0.1,fold2_validation,ساراب,ساراب|1398,ساراب|1399,1398,1399,0,0.090708240736,deterministic_single_fit
persistent_loss_robustness_target,main_rule_a_primary,M1_PRIMARY_FEATURE_ORDER,regularized_logistic_regression,logistic__C_0.1,fold2_validation,ساربیل,ساربیل|1397,ساربیل|1398,1397,1398,0,0.070953633825,deterministic_single_fit
persistent_loss_robustness_target,main_rule_a_primary,M1_PRIMARY_FEATURE_ORDER,regularized_logistic_regression,logistic__C_0.1,fold2_validation,ساربیل,ساربیل|1398,ساربیل|1399,1398,1399,0,0.025602246185,deterministic_single_fit
persistent_loss_robustness_target,main_rule_a_primary,M1_PRIMARY_FEATURE_ORDER,regularized_logistic_regression,logistic__C_0.1,fold2_validation,ساروم,ساروم|1397,ساروم|1398,1397,1398,0,0.042522303106,deterministic_single_fit
persistent_loss_robustness_target,main_rule_a_primary,M1_PRIMARY_FEATURE_ORDER,regularized_logistic_regression,logistic__C_0.1,fold2_validation,ساروم,ساروم|1398,ساروم|1399,1398,1399,0,0.017069729403,deterministic_single_fit
persistent_loss_robustness_target,main_rule_a_primary,M1_PRIMARY_FEATURE_ORDER,regularized_logistic_regression,logistic__C_0.1,fold2_validation,سبجنو,سبجنو|1397,سبجنو|1398,1397,1398,0,0.255721392222,deterministic_single_fit
persistent_loss_robustness_target,main_rule_a_primary,M1_PRIMARY_FEATURE_ORDER,regularized_logistic_regression,logistic__C_0.1,fold2_validation,سبجنو,سبجنو|1398,سبجنو|1399,1398,1399,0,0.115201235393,deterministic_single_fit
persistent_loss_robustness_target,main_rule_a_primary,M1_PRIMARY_FEATURE_ORDER,regularized_logistic_regression,logistic__C_0.1,fold2_validation,سبهان,سبهان|1397,سبهان|1398,1397,1398,0,0.132576445375,deterministic_single_fit
persistent_loss_robustness_target,main_rule_a_primary,M1_PRIMARY_FEATURE_ORDER,regularized_logistic_regression,logistic__C_0.1,fold2_validation,سبهان,سبهان|1398,سبهان|1399,1398,1399,0,0.064593983715,deterministic_single_fit
persistent_loss_robustness_target,main_rule_a_primary,M1_PRIMARY_FEATURE_ORDER,regularized_logistic_regression,logistic__C_0.1,fold2_validation,ستران,ستران|1397,ستران|1398,1397,1398,0,0.307782503605,deterministic_single_fit
persistent_loss_robustness_target,main_rule_a_primary,M1_PRIMARY_FEATURE_ORDER,regularized_logistic_regression,logistic__C_0.1,fold2_validation,ستران,ستران|1398,ستران|1399,1398,1399,0,0.317774724604,deterministic_single_fit
persistent_loss_robustness_target,main_rule_a_primary,M1_PRIMARY_FEATURE_ORDER,regularized_logistic_regression,logistic__C_0.1,fold2_validation,سخاش,سخاش|1397,سخاش|1398,1397,1398,0,0.143902530406,deterministic_single_fit
persistent_loss_robustness_target,main_rule_a_primary,M1_PRIMARY_FEATURE_ORDER,regularized_logistic_regression,logistic__C_0.1,fold2_validation,سخاش,سخاش|1398,سخاش|1399,1398,1399,0,0.055895822749,deterministic_single_fit
persistent_loss_robustness_target,main_rule_a_primary,M1_PRIMARY_FEATURE_ORDER,regularized_logistic_regression,logistic__C_0.1,fold2_validation,سخزر,سخزر|1397,سخزر|1398,1397,1398,0,0.205858526395,deterministic_single_fit
persistent_loss_robustness_target,main_rule_a_primary,M1_PRIMARY_FEATURE_ORDER,regularized_logistic_regression,logistic__C_0.1,fold2_validation,سخزر,سخزر|1398,سخزر|1399,1398,1399,0,0.116305431465,deterministic_single_fit
persistent_loss_robustness_target,main_rule_a_primary,M1_PRIMARY_FEATURE_ORDER,regularized_logistic_regression,logistic__C_0.1,fold2_validation,سخوز,سخوز|1397,سخوز|1398,1397,1398,0,0.193859610335,deterministic_single_fit
persistent_loss_robustness_target,main_rule_a_primary,M1_PRIMARY_FEATURE_ORDER,regularized_logistic_regression,logistic__C_0.1,fold2_validation,سخوز,سخوز|1398,سخوز|1399,1398,1399,0,0.036160187392,deterministic_single_fit
persistent_loss_robustness_target,main_rule_a_primary,M1_PRIMARY_FEATURE_ORDER,regularized_logistic_regression,logistic__C_0.1,fold2_validation,سدشت,سدشت|1397,سدشت|1398,1397,1398,0,0.28530713566,deterministic_single_fit
persistent_loss_robustness_target,main_rule_a_primary,M1_PRIMARY_FEATURE_ORDER,regularized_logistic_regression,logistic__C_0.1,fold2_validation,سدشت,سدشت|1398,سدشت|1399,1398,1399,0,0.185504483982,deterministic_single_fit
persistent_loss_robustness_target,main_rule_a_primary,M1_PRIMARY_FEATURE_ORDER,regularized_logistic_regression,logistic__C_0.1,fold2_validation,سدور,سدور|1397,سدور|1398,1397,1398,0,0.761186462978,deterministic_single_fit
persistent_loss_robustness_target,main_rule_a_primary,M1_PRIMARY_FEATURE_ORDER,regularized_logistic_regression,logistic__C_0.1,fold2_validation,سدور,سدور|1398,سدور|1399,1398,1399,0,0.686893096724,deterministic_single_fit
persistent_loss_robustness_target,main_rule_a_primary,M1_PRIMARY_FEATURE_ORDER,regularized_logistic_regression,logistic__C_0.1,fold2_validation,سرود,سرود|1397,سرود|1398,1397,1398,0,0.229653427519,deterministic_single_fit
persistent_loss_robustness_target,main_rule_a_primary,M1_PRIMARY_FEATURE_ORDER,regularized_logistic_regression,logistic__C_0.1,fold2_validation,سرود,سرود|1398,سرود|1399,1398,1399,0,0.079499895719,deterministic_single_fit
persistent_loss_robustness_target,main_rule_a_primary,M1_PRIMARY_FEATURE_ORDER,regularized_logistic_regression,logistic__C_0.1,fold2_validation,سشرق,سشرق|1397,سشرق|1398,1397,1398,0,0.625575137799,deterministic_single_fit
persistent_loss_robustness_target,main_rule_a_primary,M1_PRIMARY_FEATURE_ORDER,regularized_logistic_regression,logistic__C_0.1,fold2_validation,سشرق,سشرق|1398,سشرق|1399,1398,1399,0,0.252646804476,deterministic_single_fit
persistent_loss_robustness_target,main_rule_a_primary,M1_PRIMARY_FEATURE_ORDER,regularized_logistic_regression,logistic__C_0.1,fold2_validation,سصفها,سصفها|1397,سصفها|1398,1397,1398,0,0.351669854048,deterministic_single_fit
persistent_loss_robustness_target,main_rule_a_primary,M1_PRIMARY_FEATURE_ORDER,regularized_logistic_regression,logistic__C_0.1,fold2_validation,سصفها,سصفها|1398,سصفها|1399,1398,1399,0,0.217994289393,deterministic_single_fit
persistent_loss_robustness_target,main_rule_a_primary,M1_PRIMARY_FEATURE_ORDER,regularized_logistic_regression,logistic__C_0.1,fold2_validation,سغرب,سغرب|1397,سغرب|1398,1397,1398,0,0.121538613733,deterministic_single_fit
persistent_loss_robustness_target,main_rule_a_primary,M1_PRIMARY_FEATURE_ORDER,regularized_logistic_regression,logistic__C_0.1,fold2_validation,سغرب,سغرب|1398,سغرب|1399,1398,1399,0,0.095110136416,deterministic_single_fit
persistent_loss_robustness_target,main_rule_a_primary,M1_PRIMARY_FEATURE_ORDER,regularized_logistic_regression,logistic__C_0.1,fold2_validation,سقاین,سقاین|1397,سقاین|1398,1397,1398,0,0.330288254206,deterministic_single_fit
persistent_loss_robustness_target,main_rule_a_primary,M1_PRIMARY_FEATURE_ORDER,regularized_logistic_regression,logistic__C_0.1,fold2_validation,سقاین,سقاین|1398,سقاین|1399,1398,1399,0,0.096048025508,deterministic_single_fit
persistent_loss_robustness_target,main_rule_a_primary,M1_PRIMARY_FEATURE_ORDER,regularized_logistic_regression,logistic__C_0.1,fold2_validation,سمازن,سمازن|1397,سمازن|1398,1397,1398,0,0.221700074321,deterministic_single_fit
persistent_loss_robustness_target,main_rule_a_primary,M1_PRIMARY_FEATURE_ORDER,regularized_logistic_regression,logistic__C_0.1,fold2_validation,سمازن,سمازن|1398,سمازن|1399,1398,1399,0,0.086917995749,deterministic_single_fit
persistent_loss_robustness_target,main_rule_a_primary,M1_PRIMARY_FEATURE_ORDER,regularized_logistic_regression,logistic__C_0.1,fold2_validation,سنیر,سنیر|1397,سنیر|1398,1397,1398,0,0.225377524152,deterministic_single_fit
persistent_loss_robustness_target,main_rule_a_primary,M1_PRIMARY_FEATURE_ORDER,regularized_logistic_regression,logistic__C_0.1,fold2_validation,سنیر,سنیر|1398,سنیر|1399,1398,1399,0,0.08895978567,deterministic_single_fit
persistent_loss_robustness_target,main_rule_a_primary,M1_PRIMARY_FEATURE_ORDER,regularized_logistic_regression,logistic__C_0.1,fold2_validation,سهگمت,سهگمت|1397,سهگمت|1398,1397,1398,0,0.281466756076,deterministic_single_fit
persistent_loss_robustness_target,main_rule_a_primary,M1_PRIMARY_FEATURE_ORDER,regularized_logistic_regression,logistic__C_0.1,fold2_validation,سهگمت,سهگمت|1398,سهگمت|1399,1398,1399,0,0.16545670185,deterministic_single_fit
persistent_loss_robustness_target,main_rule_a_primary,M1_PRIMARY_FEATURE_ORDER,regularized_logistic_regression,logistic__C_0.1,fold2_validation,سپاها,سپاها|1397,سپاها|1398,1397,1398,0,0.329027176002,deterministic_single_fit
persistent_loss_robustness_target,main_rule_a_primary,M1_PRIMARY_FEATURE_ORDER,regularized_logistic_regression,logistic__C_0.1,fold2_validation,سپاها,سپاها|1398,سپاها|1399,1398,1399,0,0.176302024876,deterministic_single_fit
persistent_loss_robustness_target,main_rule_a_primary,M1_PRIMARY_FEATURE_ORDER,regularized_logistic_regression,logistic__C_0.1,fold2_validation,سکرد,سکرد|1397,سکرد|1398,1397,1398,0,0.978191770654,deterministic_single_fit
persistent_loss_robustness_target,main_rule_a_primary,M1_PRIMARY_FEATURE_ORDER,regularized_logistic_regression,logistic__C_0.1,fold2_validation,سکرد,سکرد|1398,سکرد|1399,1398,1399,0,0.7590059804,deterministic_single_fit
persistent_loss_robustness_target,main_rule_a_primary,M1_PRIMARY_FEATURE_ORDER,regularized_logistic_regression,logistic__C_0.1,fold2_validation,سیلام,سیلام|1397,سیلام|1398,1397,1398,1,0.977983254718,deterministic_single_fit
persistent_loss_robustness_target,main_rule_a_primary,M1_PRIMARY_FEATURE_ORDER,regularized_logistic_regression,logistic__C_0.1,fold2_validation,سیلام,سیلام|1398,سیلام|1399,1398,1399,1,0.993544349399,deterministic_single_fit
persistent_loss_robustness_target,main_rule_a_primary,M1_PRIMARY_FEATURE_ORDER,regularized_logistic_regression,logistic__C_0.1,fold2_validation,شاراک,شاراک|1397,شاراک|1398,1397,1398,0,0.016642162239,deterministic_single_fit
persistent_loss_robustness_target,main_rule_a_primary,M1_PRIMARY_FEATURE_ORDER,regularized_logistic_regression,logistic__C_0.1,fold2_validation,شاراک,شاراک|1398,شاراک|1399,1398,1399,0,0.075607367455,deterministic_single_fit
persistent_loss_robustness_target,main_rule_a_primary,M1_PRIMARY_FEATURE_ORDER,regularized_logistic_regression,logistic__C_0.1,fold2_validation,شبریز,شبریز|1397,شبریز|1398,1397,1398,0,0.02055563088,deterministic_single_fit
persistent_loss_robustness_target,main_rule_a_primary,M1_PRIMARY_FEATURE_ORDER,regularized_logistic_regression,logistic__C_0.1,fold2_validation,شبریز,شبریز|1398,شبریز|1399,1398,1399,0,0.046932622263,deterministic_single_fit
persistent_loss_robustness_target,main_rule_a_primary,M1_PRIMARY_FEATURE_ORDER,regularized_logistic_regression,logistic__C_0.1,fold2_validation,شبندر,شبندر|1397,شبندر|1398,1397,1398,0,0.021853169551,deterministic_single_fit
persistent_loss_robustness_target,main_rule_a_primary,M1_PRIMARY_FEATURE_ORDER,regularized_logistic_regression,logistic__C_0.1,fold2_validation,شبندر,شبندر|1398,شبندر|1399,1398,1399,0,0.05933450112,deterministic_single_fit
persistent_loss_robustness_target,main_rule_a_primary,M1_PRIMARY_FEATURE_ORDER,regularized_logistic_regression,logistic__C_0.1,fold2_validation,شدوص,شدوص|1397,شدوص|1398,1397,1398,0,0.176484686194,deterministic_single_fit
persistent_loss_robustness_target,main_rule_a_primary,M1_PRIMARY_FEATURE_ORDER,regularized_logistic_regression,logistic__C_0.1,fold2_validation,شدوص,شدوص|1398,شدوص|1399,1398,1399,0,0.103476436901,deterministic_single_fit
persistent_loss_robustness_target,main_rule_a_primary,M1_PRIMARY_FEATURE_ORDER,regularized_logistic_regression,logistic__C_0.1,fold2_validation,شفارس,شفارس|1397,شفارس|1398,1397,1398,0,0.362951792217,deterministic_single_fit
persistent_loss_robustness_target,main_rule_a_primary,M1_PRIMARY_FEATURE_ORDER,regularized_logistic_regression,logistic__C_0.1,fold2_validation,شفارس,شفارس|1398,شفارس|1399,1398,1399,0,0.23287853953,deterministic_single_fit
persistent_loss_robustness_target,main_rule_a_primary,M1_PRIMARY_FEATURE_ORDER,regularized_logistic_regression,logistic__C_0.1,fold2_validation,شلعاب,شلعاب|1397,شلعاب|1398,1397,1398,0,0.543247102436,deterministic_single_fit
persistent_loss_robustness_target,main_rule_a_primary,M1_PRIMARY_FEATURE_ORDER,regularized_logistic_regression,logistic__C_0.1,fold2_validation,شلعاب,شلعاب|1398,شلعاب|1399,1398,1399,0,0.600389256284,deterministic_single_fit
persistent_loss_robustness_target,main_rule_a_primary,M1_PRIMARY_FEATURE_ORDER,regularized_logistic_regression,logistic__C_0.1,fold2_validation,شپارس,شپارس|1397,شپارس|1398,1397,1398,0,0.491449375573,deterministic_single_fit
persistent_loss_robustness_target,main_rule_a_primary,M1_PRIMARY_FEATURE_ORDER,regularized_logistic_regression,logistic__C_0.1,fold2_validation,شپارس,شپارس|1398,شپارس|1399,1398,1399,0,0.371065660127,deterministic_single_fit
persistent_loss_robustness_target,main_rule_a_primary,M1_PRIMARY_FEATURE_ORDER,regularized_logistic_regression,logistic__C_0.1,fold2_validation,شپنا,شپنا|1397,شپنا|1398,1397,1398,0,0.014461247015,deterministic_single_fit
persistent_loss_robustness_target,main_rule_a_primary,M1_PRIMARY_FEATURE_ORDER,regularized_logistic_regression,logistic__C_0.1,fold2_validation,شپنا,شپنا|1398,شپنا|1399,1398,1399,0,0.04266745414,deterministic_single_fit
persistent_loss_robustness_target,main_rule_a_primary,M1_PRIMARY_FEATURE_ORDER,regularized_logistic_regression,logistic__C_0.1,fold2_validation,شکربن,شکربن|1397,شکربن|1398,1397,1398,0,0.115786164,deterministic_single_fit
persistent_loss_robustness_target,main_rule_a_primary,M1_PRIMARY_FEATURE_ORDER,regularized_logistic_regression,logistic__C_0.1,fold2_validation,شکربن,شکربن|1398,شکربن|1399,1398,1399,0,0.107386545593,deterministic_single_fit
persistent_loss_robustness_target,main_rule_a_primary,M1_PRIMARY_FEATURE_ORDER,regularized_logistic_regression,logistic__C_0.1,fold2_validation,شکلر,شکلر|1398,شکلر|1399,1398,1399,0,0.042619303067,deterministic_single_fit
persistent_loss_robustness_target,main_rule_a_primary,M1_PRIMARY_FEATURE_ORDER,regularized_logistic_regression,logistic__C_0.1,fold2_validation,شیران,شیران|1397,شیران|1398,1397,1398,0,0.027471913045,deterministic_single_fit
persistent_loss_robustness_target,main_rule_a_primary,M1_PRIMARY_FEATURE_ORDER,regularized_logistic_regression,logistic__C_0.1,fold2_validation,شیران,شیران|1398,شیران|1399,1398,1399,0,0.026208892695,deterministic_single_fit
persistent_loss_robustness_target,main_rule_a_primary,M1_PRIMARY_FEATURE_ORDER,regularized_logistic_regression,logistic__C_0.1,fold2_validation,غبهنوش,غبهنوش|1397,غبهنوش|1398,1397,1398,0,0.673611129523,deterministic_single_fit
persistent_loss_robustness_target,main_rule_a_primary,M1_PRIMARY_FEATURE_ORDER,regularized_logistic_regression,logistic__C_0.1,fold2_validation,غبهنوش,غبهنوش|1398,غبهنوش|1399,1398,1399,0,0.755495147154,deterministic_single_fit
persistent_loss_robustness_target,main_rule_a_primary,M1_PRIMARY_FEATURE_ORDER,regularized_logistic_regression,logistic__C_0.1,fold2_validation,غدام,غدام|1397,غدام|1398,1397,1398,0,0.095311504863,deterministic_single_fit
persistent_loss_robustness_target,main_rule_a_primary,M1_PRIMARY_FEATURE_ORDER,regularized_logistic_regression,logistic__C_0.1,fold2_validation,غدام,غدام|1398,غدام|1399,1398,1399,0,0.30459917585,deterministic_single_fit
persistent_loss_robustness_target,main_rule_a_primary,M1_PRIMARY_FEATURE_ORDER,regularized_logistic_regression,logistic__C_0.1,fold2_validation,غسالم,غسالم|1397,غسالم|1398,1397,1398,0,0.230375349575,deterministic_single_fit
persistent_loss_robustness_target,main_rule_a_primary,M1_PRIMARY_FEATURE_ORDER,regularized_logistic_regression,logistic__C_0.1,fold2_validation,غسالم,غسالم|1398,غسالم|1399,1398,1399,0,0.107909745088,deterministic_single_fit
persistent_loss_robustness_target,main_rule_a_primary,M1_PRIMARY_FEATURE_ORDER,regularized_logistic_regression,logistic__C_0.1,fold2_validation,غشان,غشان|1397,غشان|1398,1397,1398,0,0.357108263377,deterministic_single_fit
persistent_loss_robustness_target,main_rule_a_primary,M1_PRIMARY_FEATURE_ORDER,regularized_logistic_regression,logistic__C_0.1,fold2_validation,غشان,غشان|1398,غشان|1399,1398,1399,0,0.347245753295,deterministic_single_fit
persistent_loss_robustness_target,main_rule_a_primary,M1_PRIMARY_FEATURE_ORDER,regularized_logistic_regression,logistic__C_0.1,fold2_validation,غشهد,غشهد|1397,غشهد|1398,1397,1398,0,0.625068025513,deterministic_single_fit
persistent_loss_robustness_target,main_rule_a_primary,M1_PRIMARY_FEATURE_ORDER,regularized_logistic_regression,logistic__C_0.1,fold2_validation,غشهد,غشهد|1398,غشهد|1399,1398,1399,0,0.042269301585,deterministic_single_fit
persistent_loss_robustness_target,main_rule_a_primary,M1_PRIMARY_FEATURE_ORDER,regularized_logistic_regression,logistic__C_0.1,fold2_validation,غنوش,غنوش|1397,غنوش|1398,1397,1398,0,0.04876023385,deterministic_single_fit
persistent_loss_robustness_target,main_rule_a_primary,M1_PRIMARY_FEATURE_ORDER,regularized_logistic_regression,logistic__C_0.1,fold2_validation,غنوش,غنوش|1398,غنوش|1399,1398,1399,0,0.134971391459,deterministic_single_fit
persistent_loss_robustness_target,main_rule_a_primary,M1_PRIMARY_FEATURE_ORDER,regularized_logistic_regression,logistic__C_0.1,fold2_validation,غگل,غگل|1397,غگل|1398,1397,1398,0,0.281628913911,deterministic_single_fit
persistent_loss_robustness_target,main_rule_a_primary,M1_PRIMARY_FEATURE_ORDER,regularized_logistic_regression,logistic__C_0.1,fold2_validation,غگل,غگل|1398,غگل|1399,1398,1399,0,0.095908159877,deterministic_single_fit
persistent_loss_robustness_target,main_rule_a_primary,M1_PRIMARY_FEATURE_ORDER,regularized_logistic_regression,logistic__C_0.1,fold2_validation,فاذر,فاذر|1397,فاذر|1398,1397,1398,0,0.582389099389,deterministic_single_fit
persistent_loss_robustness_target,main_rule_a_primary,M1_PRIMARY_FEATURE_ORDER,regularized_logistic_regression,logistic__C_0.1,fold2_validation,فاذر,فاذر|1398,فاذر|1399,1398,1399,1,0.560558940157,deterministic_single_fit
persistent_loss_robustness_target,main_rule_a_primary,M1_PRIMARY_FEATURE_ORDER,regularized_logistic_regression,logistic__C_0.1,fold2_validation,فایرا,فایرا|1397,فایرا|1398,1397,1398,0,0.11848870161,deterministic_single_fit
persistent_loss_robustness_target,main_rule_a_primary,M1_PRIMARY_FEATURE_ORDER,regularized_logistic_regression,logistic__C_0.1,fold2_validation,فایرا,فایرا|1398,فایرا|1399,1398,1399,0,0.198569673733,deterministic_single_fit
persistent_loss_robustness_target,main_rule_a_primary,M1_PRIMARY_FEATURE_ORDER,regularized_logistic_regression,logistic__C_0.1,fold2_validation,فباهنر,فباهنر|1397,فباهنر|1398,1397,1398,0,0.256363306193,deterministic_single_fit
persistent_loss_robustness_target,main_rule_a_primary,M1_PRIMARY_FEATURE_ORDER,regularized_logistic_regression,logistic__C_0.1,fold2_validation,فباهنر,فباهنر|1398,فباهنر|1399,1398,1399,0,0.165411542849,deterministic_single_fit
persistent_loss_robustness_target,main_rule_a_primary,M1_PRIMARY_FEATURE_ORDER,regularized_logistic_regression,logistic__C_0.1,fold2_validation,فجام,فجام|1397,فجام|1398,1397,1398,0,0.076968236692,deterministic_single_fit
persistent_loss_robustness_target,main_rule_a_primary,M1_PRIMARY_FEATURE_ORDER,regularized_logistic_regression,logistic__C_0.1,fold2_validation,فجام,فجام|1398,فجام|1399,1398,1399,0,0.049999956256,deterministic_single_fit
persistent_loss_robustness_target,main_rule_a_primary,M1_PRIMARY_FEATURE_ORDER,regularized_logistic_regression,logistic__C_0.1,fold2_validation,فجر,فجر|1397,فجر|1398,1397,1398,0,0.031706233885,deterministic_single_fit
persistent_loss_robustness_target,main_rule_a_primary,M1_PRIMARY_FEATURE_ORDER,regularized_logistic_regression,logistic__C_0.1,fold2_validation,فجر,فجر|1398,فجر|1399,1398,1399,0,0.159065346522,deterministic_single_fit
persistent_loss_robustness_target,main_rule_a_primary,M1_PRIMARY_FEATURE_ORDER,regularized_logistic_regression,logistic__C_0.1,fold2_validation,فخوز,فخوز|1397,فخوز|1398,1397,1398,0,0.072723297447,deterministic_single_fit
persistent_loss_robustness_target,main_rule_a_primary,M1_PRIMARY_FEATURE_ORDER,regularized_logistic_regression,logistic__C_0.1,fold2_validation,فخوز,فخوز|1398,فخوز|1399,1398,1399,0,0.0535848373,deterministic_single_fit
persistent_loss_robustness_target,main_rule_a_primary,M1_PRIMARY_FEATURE_ORDER,regularized_logistic_regression,logistic__C_0.1,fold2_validation,فرآور,فرآور|1397,فرآور|1398,1397,1398,0,0.06335699446,deterministic_single_fit
persistent_loss_robustness_target,main_rule_a_primary,M1_PRIMARY_FEATURE_ORDER,regularized_logistic_regression,logistic__C_0.1,fold2_validation,فرآور,فرآور|1398,فرآور|1399,1398,1399,0,0.201734564034,deterministic_single_fit
persistent_loss_robustness_target,main_rule_a_primary,M1_PRIMARY_FEATURE_ORDER,regularized_logistic_regression,logistic__C_0.1,fold2_validation,فسرب,فسرب|1397,فسرب|1398,1397,1398,0,0.215036057562,deterministic_single_fit
persistent_loss_robustness_target,main_rule_a_primary,M1_PRIMARY_FEATURE_ORDER,regularized_logistic_regression,logistic__C_0.1,fold2_validation,فسرب,فسرب|1398,فسرب|1399,1398,1399,0,0.305543612242,deterministic_single_fit
persistent_loss_robustness_target,main_rule_a_primary,M1_PRIMARY_FEATURE_ORDER,regularized_logistic_regression,logistic__C_0.1,fold2_validation,فسپا,فسپا|1397,فسپا|1398,1397,1398,0,0.065248835229,deterministic_single_fit
persistent_loss_robustness_target,main_rule_a_primary,M1_PRIMARY_FEATURE_ORDER,regularized_logistic_regression,logistic__C_0.1,fold2_validation,فسپا,فسپا|1398,فسپا|1399,1398,1399,0,0.251934234015,deterministic_single_fit
persistent_loss_robustness_target,main_rule_a_primary,M1_PRIMARY_FEATURE_ORDER,regularized_logistic_regression,logistic__C_0.1,fold2_validation,فمراد,فمراد|1397,فمراد|1398,1397,1398,1,0.896854235836,deterministic_single_fit
persistent_loss_robustness_target,main_rule_a_primary,M1_PRIMARY_FEATURE_ORDER,regularized_logistic_regression,logistic__C_0.1,fold2_validation,فمراد,فمراد|1398,فمراد|1399,1398,1399,0,0.897380191146,deterministic_single_fit
persistent_loss_robustness_target,main_rule_a_primary,M1_PRIMARY_FEATURE_ORDER,regularized_logistic_regression,logistic__C_0.1,fold2_validation,فملی,فملی|1397,فملی|1398,1397,1398,0,0.037085736306,deterministic_single_fit
persistent_loss_robustness_target,main_rule_a_primary,M1_PRIMARY_FEATURE_ORDER,regularized_logistic_regression,logistic__C_0.1,fold2_validation,فملی,فملی|1398,فملی|1399,1398,1399,0,0.019611930864,deterministic_single_fit
persistent_loss_robustness_target,main_rule_a_primary,M1_PRIMARY_FEATURE_ORDER,regularized_logistic_regression,logistic__C_0.1,fold2_validation,فنورد,فنورد|1397,فنورد|1398,1397,1398,0,0.567080227858,deterministic_single_fit
persistent_loss_robustness_target,main_rule_a_primary,M1_PRIMARY_FEATURE_ORDER,regularized_logistic_regression,logistic__C_0.1,fold2_validation,فنورد,فنورد|1398,فنورد|1399,1398,1399,0,0.14288067358,deterministic_single_fit
persistent_loss_robustness_target,main_rule_a_primary,M1_PRIMARY_FEATURE_ORDER,regularized_logistic_regression,logistic__C_0.1,fold2_validation,فولاژ,فولاژ|1397,فولاژ|1398,1397,1398,0,0.114071177113,deterministic_single_fit
persistent_loss_robustness_target,main_rule_a_primary,M1_PRIMARY_FEATURE_ORDER,regularized_logistic_regression,logistic__C_0.1,fold2_validation,فولاژ,فولاژ|1398,فولاژ|1399,1398,1399,0,0.059516896287,deterministic_single_fit
persistent_loss_robustness_target,main_rule_a_primary,M1_PRIMARY_FEATURE_ORDER,regularized_logistic_regression,logistic__C_0.1,fold2_validation,فپنتا,فپنتا|1397,فپنتا|1398,1397,1398,0,0.081315357247,deterministic_single_fit
persistent_loss_robustness_target,main_rule_a_primary,M1_PRIMARY_FEATURE_ORDER,regularized_logistic_regression,logistic__C_0.1,fold2_validation,فپنتا,فپنتا|1398,فپنتا|1399,1398,1399,0,0.092799426103,deterministic_single_fit
persistent_loss_robustness_target,main_rule_a_primary,M1_PRIMARY_FEATURE_ORDER,regularized_logistic_regression,logistic__C_0.1,fold2_validation,لابسا,لابسا|1397,لابسا|1398,1397,1398,0,0.173793063009,deterministic_single_fit
persistent_loss_robustness_target,main_rule_a_primary,M1_PRIMARY_FEATURE_ORDER,regularized_logistic_regression,logistic__C_0.1,fold2_validation,لابسا,لابسا|1398,لابسا|1399,1398,1399,0,0.353125231276,deterministic_single_fit
persistent_loss_robustness_target,main_rule_a_primary,M1_PRIMARY_FEATURE_ORDER,regularized_logistic_regression,logistic__C_0.1,fold2_validation,لبوتان,لبوتان|1397,لبوتان|1398,1397,1398,1,0.334845728566,deterministic_single_fit
persistent_loss_robustness_target,main_rule_a_primary,M1_PRIMARY_FEATURE_ORDER,regularized_logistic_regression,logistic__C_0.1,fold2_validation,لبوتان,لبوتان|1398,لبوتان|1399,1398,1399,1,0.610869844193,deterministic_single_fit
persistent_loss_robustness_target,main_rule_a_primary,M1_PRIMARY_FEATURE_ORDER,regularized_logistic_regression,logistic__C_0.1,fold2_validation,لخزر,لخزر|1397,لخزر|1398,1397,1398,0,0.289971580509,deterministic_single_fit
persistent_loss_robustness_target,main_rule_a_primary,M1_PRIMARY_FEATURE_ORDER,regularized_logistic_regression,logistic__C_0.1,fold2_validation,لخزر,لخزر|1398,لخزر|1399,1398,1399,0,0.285893896634,deterministic_single_fit
persistent_loss_robustness_target,main_rule_a_primary,M1_PRIMARY_FEATURE_ORDER,regularized_logistic_regression,logistic__C_0.1,fold2_validation,لسرما,لسرما|1397,لسرما|1398,1397,1398,0,0.435990725418,deterministic_single_fit
persistent_loss_robustness_target,main_rule_a_primary,M1_PRIMARY_FEATURE_ORDER,regularized_logistic_regression,logistic__C_0.1,fold2_validation,لسرما,لسرما|1398,لسرما|1399,1398,1399,0,0.153174446549,deterministic_single_fit
persistent_loss_robustness_target,main_rule_a_primary,M1_PRIMARY_FEATURE_ORDER,regularized_logistic_regression,logistic__C_0.1,fold2_validation,نوری,نوری|1398,نوری|1399,1398,1399,0,0.073503622328,deterministic_single_fit
persistent_loss_robustness_target,main_rule_a_primary,M1_PRIMARY_FEATURE_ORDER,regularized_logistic_regression,logistic__C_0.1,fold2_validation,های وب,های وب|1397,های وب|1398,1397,1398,0,0.212154125503,deterministic_single_fit
persistent_loss_robustness_target,main_rule_a_primary,M1_PRIMARY_FEATURE_ORDER,regularized_logistic_regression,logistic__C_0.1,fold2_validation,های وب,های وب|1398,های وب|1399,1398,1399,0,0.144860019959,deterministic_single_fit
persistent_loss_robustness_target,main_rule_a_primary,M1_PRIMARY_FEATURE_ORDER,regularized_logistic_regression,logistic__C_0.1,fold2_validation,همراه,همراه|1397,همراه|1398,1397,1398,0,0.160726112258,deterministic_single_fit
persistent_loss_robustness_target,main_rule_a_primary,M1_PRIMARY_FEATURE_ORDER,regularized_logistic_regression,logistic__C_0.1,fold2_validation,همراه,همراه|1398,همراه|1399,1398,1399,0,0.109957736664,deterministic_single_fit
persistent_loss_robustness_target,main_rule_a_primary,M1_PRIMARY_FEATURE_ORDER,regularized_logistic_regression,logistic__C_0.1,fold2_validation,پارس,پارس|1397,پارس|1398,1397,1398,0,0.017333576592,deterministic_single_fit
persistent_loss_robustness_target,main_rule_a_primary,M1_PRIMARY_FEATURE_ORDER,regularized_logistic_regression,logistic__C_0.1,fold2_validation,پارس,پارس|1398,پارس|1399,1398,1399,0,0.005901956171,deterministic_single_fit
persistent_loss_robustness_target,main_rule_a_primary,M1_PRIMARY_FEATURE_ORDER,regularized_logistic_regression,logistic__C_0.1,fold2_validation,پدرخش,پدرخش|1397,پدرخش|1398,1397,1398,0,0.041209021857,deterministic_single_fit
persistent_loss_robustness_target,main_rule_a_primary,M1_PRIMARY_FEATURE_ORDER,regularized_logistic_regression,logistic__C_0.1,fold2_validation,پدرخش,پدرخش|1398,پدرخش|1399,1398,1399,0,0.153835373663,deterministic_single_fit
persistent_loss_robustness_target,main_rule_a_primary,M1_PRIMARY_FEATURE_ORDER,regularized_logistic_regression,logistic__C_0.1,fold2_validation,پرداخت,پرداخت|1397,پرداخت|1398,1397,1398,0,0.062956152415,deterministic_single_fit
persistent_loss_robustness_target,main_rule_a_primary,M1_PRIMARY_FEATURE_ORDER,regularized_logistic_regression,logistic__C_0.1,fold2_validation,پرداخت,پرداخت|1398,پرداخت|1399,1398,1399,0,0.047953912332,deterministic_single_fit
persistent_loss_robustness_target,main_rule_a_primary,M1_PRIMARY_FEATURE_ORDER,regularized_logistic_regression,logistic__C_0.1,fold2_validation,پسهند,پسهند|1397,پسهند|1398,1397,1398,0,0.22324391439,deterministic_single_fit
persistent_loss_robustness_target,main_rule_a_primary,M1_PRIMARY_FEATURE_ORDER,regularized_logistic_regression,logistic__C_0.1,fold2_validation,پسهند,پسهند|1398,پسهند|1399,1398,1399,0,0.030959785316,deterministic_single_fit
persistent_loss_robustness_target,main_rule_a_primary,M1_PRIMARY_FEATURE_ORDER,regularized_logistic_regression,logistic__C_0.1,fold2_validation,پلاسک,پلاسک|1397,پلاسک|1398,1397,1398,1,0.835542501538,deterministic_single_fit
persistent_loss_robustness_target,main_rule_a_primary,M1_PRIMARY_FEATURE_ORDER,regularized_logistic_regression,logistic__C_0.1,fold2_validation,پلاسک,پلاسک|1398,پلاسک|1399,1398,1399,0,0.842721465041,deterministic_single_fit
persistent_loss_robustness_target,main_rule_a_primary,M1_PRIMARY_FEATURE_ORDER,regularized_logistic_regression,logistic__C_0.1,fold2_validation,چافست,چافست|1397,چافست|1398,1397,1398,0,0.283721483838,deterministic_single_fit
persistent_loss_robustness_target,main_rule_a_primary,M1_PRIMARY_FEATURE_ORDER,regularized_logistic_regression,logistic__C_0.1,fold2_validation,چافست,چافست|1398,چافست|1399,1398,1399,0,0.140244065702,deterministic_single_fit
persistent_loss_robustness_target,main_rule_a_primary,M1_PRIMARY_FEATURE_ORDER,regularized_logistic_regression,logistic__C_0.1,fold2_validation,چکارن,چکارن|1397,چکارن|1398,1397,1398,0,0.41752198505,deterministic_single_fit
persistent_loss_robustness_target,main_rule_a_primary,M1_PRIMARY_FEATURE_ORDER,regularized_logistic_regression,logistic__C_0.1,fold2_validation,چکارن,چکارن|1398,چکارن|1399,1398,1399,0,0.16546224348,deterministic_single_fit
persistent_loss_robustness_target,main_rule_a_primary,M1_PRIMARY_FEATURE_ORDER,regularized_logistic_regression,logistic__C_0.1,fold2_validation,کاوه,کاوه|1397,کاوه|1398,1397,1398,0,0.234577792732,deterministic_single_fit
persistent_loss_robustness_target,main_rule_a_primary,M1_PRIMARY_FEATURE_ORDER,regularized_logistic_regression,logistic__C_0.1,fold2_validation,کاوه,کاوه|1398,کاوه|1399,1398,1399,0,0.177500268128,deterministic_single_fit
persistent_loss_robustness_target,main_rule_a_primary,M1_PRIMARY_FEATURE_ORDER,regularized_logistic_regression,logistic__C_0.1,fold2_validation,کبافق,کبافق|1397,کبافق|1398,1397,1398,0,0.044977943887,deterministic_single_fit
persistent_loss_robustness_target,main_rule_a_primary,M1_PRIMARY_FEATURE_ORDER,regularized_logistic_regression,logistic__C_0.1,fold2_validation,کبافق,کبافق|1398,کبافق|1399,1398,1399,0,0.110666192513,deterministic_single_fit
persistent_loss_robustness_target,main_rule_a_primary,M1_PRIMARY_FEATURE_ORDER,regularized_logistic_regression,logistic__C_0.1,fold2_validation,کرازی,کرازی|1397,کرازی|1398,1397,1398,0,0.078513108182,deterministic_single_fit
persistent_loss_robustness_target,main_rule_a_primary,M1_PRIMARY_FEATURE_ORDER,regularized_logistic_regression,logistic__C_0.1,fold2_validation,کرازی,کرازی|1398,کرازی|1399,1398,1399,0,0.05095684114,deterministic_single_fit
persistent_loss_robustness_target,main_rule_a_primary,M1_PRIMARY_FEATURE_ORDER,regularized_logistic_regression,logistic__C_0.1,fold2_validation,کفرا,کفرا|1397,کفرا|1398,1397,1398,0,0.033593669056,deterministic_single_fit
persistent_loss_robustness_target,main_rule_a_primary,M1_PRIMARY_FEATURE_ORDER,regularized_logistic_regression,logistic__C_0.1,fold2_validation,کفرا,کفرا|1398,کفرا|1399,1398,1399,0,0.145406759078,deterministic_single_fit
persistent_loss_robustness_target,main_rule_a_primary,M1_PRIMARY_FEATURE_ORDER,regularized_logistic_regression,logistic__C_0.1,fold2_validation,کفپارس,کفپارس|1397,کفپارس|1398,1397,1398,0,0.581223724508,deterministic_single_fit
persistent_loss_robustness_target,main_rule_a_primary,M1_PRIMARY_FEATURE_ORDER,regularized_logistic_regression,logistic__C_0.1,fold2_validation,کفپارس,کفپارس|1398,کفپارس|1399,1398,1399,0,0.91561275762,deterministic_single_fit
persistent_loss_robustness_target,main_rule_a_primary,M1_PRIMARY_FEATURE_ORDER,regularized_logistic_regression,logistic__C_0.1,fold2_validation,کهمدا,کهمدا|1397,کهمدا|1398,1397,1398,0,0.074781026225,deterministic_single_fit
persistent_loss_robustness_target,main_rule_a_primary,M1_PRIMARY_FEATURE_ORDER,regularized_logistic_regression,logistic__C_0.1,fold2_validation,کهمدا,کهمدا|1398,کهمدا|1399,1398,1399,0,0.192290031887,deterministic_single_fit
persistent_loss_robustness_target,main_rule_a_primary,M1_PRIMARY_FEATURE_ORDER,regularized_logistic_regression,logistic__C_0.1,fold2_validation,کویر,کویر|1398,کویر|1399,1398,1399,0,0.185028699981,deterministic_single_fit
persistent_loss_robustness_target,main_rule_a_primary,M1_PRIMARY_FEATURE_ORDER,regularized_logistic_regression,logistic__C_0.1,fold2_validation,کگاز,کگاز|1397,کگاز|1398,1397,1398,0,0.114931658648,deterministic_single_fit
persistent_loss_robustness_target,main_rule_a_primary,M1_PRIMARY_FEATURE_ORDER,regularized_logistic_regression,logistic__C_0.1,fold2_validation,کگاز,کگاز|1398,کگاز|1399,1398,1399,0,0.225196843024,deterministic_single_fit
persistent_loss_robustness_target,main_rule_a_primary,M1_PRIMARY_FEATURE_ORDER,regularized_logistic_regression,logistic__C_0.1,fold2_validation,کگل,کگل|1397,کگل|1398,1397,1398,0,0.042984518095,deterministic_single_fit
persistent_loss_robustness_target,main_rule_a_primary,M1_PRIMARY_FEATURE_ORDER,regularized_logistic_regression,logistic__C_0.1,fold2_validation,کگل,کگل|1398,کگل|1399,1398,1399,0,0.057897765205,deterministic_single_fit
persistent_loss_robustness_target,main_rule_a_primary,M1_PRIMARY_FEATURE_ORDER,random_forest,rf__depth_3__maxfeat_'sqrt'__leaf_10,fold1_validation,بالبر,بالبر|1395,بالبر|1396,1395,1396,1,0.684939710125,mean_of_5_fixed_seeds
persistent_loss_robustness_target,main_rule_a_primary,M1_PRIMARY_FEATURE_ORDER,random_forest,rf__depth_3__maxfeat_'sqrt'__leaf_10,fold1_validation,بالبر,بالبر|1396,بالبر|1397,1396,1397,1,0.551281556668,mean_of_5_fixed_seeds
persistent_loss_robustness_target,main_rule_a_primary,M1_PRIMARY_FEATURE_ORDER,random_forest,rf__depth_3__maxfeat_'sqrt'__leaf_10,fold1_validation,بترانس,بترانس|1395,بترانس|1396,1395,1396,0,0.49821137687,mean_of_5_fixed_seeds
persistent_loss_robustness_target,main_rule_a_primary,M1_PRIMARY_FEATURE_ORDER,random_forest,rf__depth_3__maxfeat_'sqrt'__leaf_10,fold1_validation,بترانس,بترانس|1396,بترانس|1397,1396,1397,0,0.34419942254,mean_of_5_fixed_seeds
persistent_loss_robustness_target,main_rule_a_primary,M1_PRIMARY_FEATURE_ORDER,random_forest,rf__depth_3__maxfeat_'sqrt'__leaf_10,fold1_validation,بموتو,بموتو|1395,بموتو|1396,1395,1396,0,0.185394207985,mean_of_5_fixed_seeds
persistent_loss_robustness_target,main_rule_a_primary,M1_PRIMARY_FEATURE_ORDER,random_forest,rf__depth_3__maxfeat_'sqrt'__leaf_10,fold1_validation,بموتو,بموتو|1396,بموتو|1397,1396,1397,1,0.144880648302,mean_of_5_fixed_seeds
persistent_loss_robustness_target,main_rule_a_primary,M1_PRIMARY_FEATURE_ORDER,random_forest,rf__depth_3__maxfeat_'sqrt'__leaf_10,fold1_validation,بکاب,بکاب|1395,بکاب|1396,1395,1396,0,0.220004187695,mean_of_5_fixed_seeds
persistent_loss_robustness_target,main_rule_a_primary,M1_PRIMARY_FEATURE_ORDER,random_forest,rf__depth_3__maxfeat_'sqrt'__leaf_10,fold1_validation,بکاب,بکاب|1396,بکاب|1397,1396,1397,0,0.209431588116,mean_of_5_fixed_seeds
persistent_loss_robustness_target,main_rule_a_primary,M1_PRIMARY_FEATURE_ORDER,random_forest,rf__depth_3__maxfeat_'sqrt'__leaf_10,fold1_validation,بکام,بکام|1395,بکام|1396,1395,1396,0,0.369316795129,mean_of_5_fixed_seeds
persistent_loss_robustness_target,main_rule_a_primary,M1_PRIMARY_FEATURE_ORDER,random_forest,rf__depth_3__maxfeat_'sqrt'__leaf_10,fold1_validation,بکام,بکام|1396,بکام|1397,1396,1397,1,0.712453095647,mean_of_5_fixed_seeds
persistent_loss_robustness_target,main_rule_a_primary,M1_PRIMARY_FEATURE_ORDER,random_forest,rf__depth_3__maxfeat_'sqrt'__leaf_10,fold1_validation,تپمپی,تپمپی|1395,تپمپی|1396,1395,1396,0,0.272809864532,mean_of_5_fixed_seeds
persistent_loss_robustness_target,main_rule_a_primary,M1_PRIMARY_FEATURE_ORDER,random_forest,rf__depth_3__maxfeat_'sqrt'__leaf_10,fold1_validation,تپمپی,تپمپی|1396,تپمپی|1397,1396,1397,0,0.283046843019,mean_of_5_fixed_seeds
persistent_loss_robustness_target,main_rule_a_primary,M1_PRIMARY_FEATURE_ORDER,random_forest,rf__depth_3__maxfeat_'sqrt'__leaf_10,fold1_validation,تکمبا,تکمبا|1395,تکمبا|1396,1395,1396,0,0.585063088977,mean_of_5_fixed_seeds
persistent_loss_robustness_target,main_rule_a_primary,M1_PRIMARY_FEATURE_ORDER,random_forest,rf__depth_3__maxfeat_'sqrt'__leaf_10,fold1_validation,تکمبا,تکمبا|1396,تکمبا|1397,1396,1397,0,0.552171679631,mean_of_5_fixed_seeds
persistent_loss_robustness_target,main_rule_a_primary,M1_PRIMARY_FEATURE_ORDER,random_forest,rf__depth_3__maxfeat_'sqrt'__leaf_10,fold1_validation,ثشرق,ثشرق|1395,ثشرق|1396,1395,1396,0,0.289364644568,mean_of_5_fixed_seeds
persistent_loss_robustness_target,main_rule_a_primary,M1_PRIMARY_FEATURE_ORDER,random_forest,rf__depth_3__maxfeat_'sqrt'__leaf_10,fold1_validation,ثشرق,ثشرق|1396,ثشرق|1397,1396,1397,0,0.657860167423,mean_of_5_fixed_seeds
persistent_loss_robustness_target,main_rule_a_primary,M1_PRIMARY_FEATURE_ORDER,random_forest,rf__depth_3__maxfeat_'sqrt'__leaf_10,fold1_validation,ثنوسا,ثنوسا|1395,ثنوسا|1396,1395,1396,1,0.776367729178,mean_of_5_fixed_seeds
persistent_loss_robustness_target,main_rule_a_primary,M1_PRIMARY_FEATURE_ORDER,random_forest,rf__depth_3__maxfeat_'sqrt'__leaf_10,fold1_validation,ثنوسا,ثنوسا|1396,ثنوسا|1397,1396,1397,1,0.860045167246,mean_of_5_fixed_seeds
persistent_loss_robustness_target,main_rule_a_primary,M1_PRIMARY_FEATURE_ORDER,random_forest,rf__depth_3__maxfeat_'sqrt'__leaf_10,fold1_validation,جم,جم|1395,جم|1396,1395,1396,0,0.080879077809,mean_of_5_fixed_seeds
persistent_loss_robustness_target,main_rule_a_primary,M1_PRIMARY_FEATURE_ORDER,random_forest,rf__depth_3__maxfeat_'sqrt'__leaf_10,fold1_validation,جم,جم|1396,جم|1397,1396,1397,0,0.080137777025,mean_of_5_fixed_seeds
persistent_loss_robustness_target,main_rule_a_primary,M1_PRIMARY_FEATURE_ORDER,random_forest,rf__depth_3__maxfeat_'sqrt'__leaf_10,fold1_validation,حپترو,حپترو|1395,حپترو|1396,1395,1396,0,0.399195024048,mean_of_5_fixed_seeds
persistent_loss_robustness_target,main_rule_a_primary,M1_PRIMARY_FEATURE_ORDER,random_forest,rf__depth_3__maxfeat_'sqrt'__leaf_10,fold1_validation,حپترو,حپترو|1396,حپترو|1397,1396,1397,0,0.400630104735,mean_of_5_fixed_seeds
persistent_loss_robustness_target,main_rule_a_primary,M1_PRIMARY_FEATURE_ORDER,random_forest,rf__depth_3__maxfeat_'sqrt'__leaf_10,fold1_validation,حکشتی,حکشتی|1395,حکشتی|1396,1395,1396,0,0.358821981258,mean_of_5_fixed_seeds
persistent_loss_robustness_target,main_rule_a_primary,M1_PRIMARY_FEATURE_ORDER,random_forest,rf__depth_3__maxfeat_'sqrt'__leaf_10,fold1_validation,حکشتی,حکشتی|1396,حکشتی|1397,1396,1397,0,0.381086863848,mean_of_5_fixed_seeds
persistent_loss_robustness_target,main_rule_a_primary,M1_PRIMARY_FEATURE_ORDER,random_forest,rf__depth_3__maxfeat_'sqrt'__leaf_10,fold1_validation,خاذین,خاذین|1395,خاذین|1396,1395,1396,0,0.62025356718,mean_of_5_fixed_seeds
persistent_loss_robustness_target,main_rule_a_primary,M1_PRIMARY_FEATURE_ORDER,random_forest,rf__depth_3__maxfeat_'sqrt'__leaf_10,fold1_validation,خاذین,خاذین|1396,خاذین|1397,1396,1397,0,0.593925472105,mean_of_5_fixed_seeds
persistent_loss_robustness_target,main_rule_a_primary,M1_PRIMARY_FEATURE_ORDER,random_forest,rf__depth_3__maxfeat_'sqrt'__leaf_10,fold1_validation,خبهمن,خبهمن|1395,خبهمن|1396,1395,1396,0,0.619697453292,mean_of_5_fixed_seeds
persistent_loss_robustness_target,main_rule_a_primary,M1_PRIMARY_FEATURE_ORDER,random_forest,rf__depth_3__maxfeat_'sqrt'__leaf_10,fold1_validation,خبهمن,خبهمن|1396,خبهمن|1397,1396,1397,0,0.548552694167,mean_of_5_fixed_seeds
persistent_loss_robustness_target,main_rule_a_primary,M1_PRIMARY_FEATURE_ORDER,random_forest,rf__depth_3__maxfeat_'sqrt'__leaf_10,fold1_validation,ختوقا,ختوقا|1395,ختوقا|1396,1395,1396,1,0.662958050104,mean_of_5_fixed_seeds
persistent_loss_robustness_target,main_rule_a_primary,M1_PRIMARY_FEATURE_ORDER,random_forest,rf__depth_3__maxfeat_'sqrt'__leaf_10,fold1_validation,ختوقا,ختوقا|1396,ختوقا|1397,1396,1397,1,0.606378267354,mean_of_5_fixed_seeds
persistent_loss_robustness_target,main_rule_a_primary,M1_PRIMARY_FEATURE_ORDER,random_forest,rf__depth_3__maxfeat_'sqrt'__leaf_10,fold1_validation,خرینگ,خرینگ|1395,خرینگ|1396,1395,1396,1,0.859321982827,mean_of_5_fixed_seeds
persistent_loss_robustness_target,main_rule_a_primary,M1_PRIMARY_FEATURE_ORDER,random_forest,rf__depth_3__maxfeat_'sqrt'__leaf_10,fold1_validation,خرینگ,خرینگ|1396,خرینگ|1397,1396,1397,0,0.831786741719,mean_of_5_fixed_seeds
persistent_loss_robustness_target,main_rule_a_primary,M1_PRIMARY_FEATURE_ORDER,random_forest,rf__depth_3__maxfeat_'sqrt'__leaf_10,fold1_validation,خمحور,خمحور|1395,خمحور|1396,1395,1396,0,0.408067273294,mean_of_5_fixed_seeds
persistent_loss_robustness_target,main_rule_a_primary,M1_PRIMARY_FEATURE_ORDER,random_forest,rf__depth_3__maxfeat_'sqrt'__leaf_10,fold1_validation,خمحور,خمحور|1396,خمحور|1397,1396,1397,0,0.308820538557,mean_of_5_fixed_seeds
persistent_loss_robustness_target,main_rule_a_primary,M1_PRIMARY_FEATURE_ORDER,random_forest,rf__depth_3__maxfeat_'sqrt'__leaf_10,fold1_validation,خمهر,خمهر|1395,خمهر|1396,1395,1396,1,0.699524747098,mean_of_5_fixed_seeds
persistent_loss_robustness_target,main_rule_a_primary,M1_PRIMARY_FEATURE_ORDER,random_forest,rf__depth_3__maxfeat_'sqrt'__leaf_10,fold1_validation,خمهر,خمهر|1396,خمهر|1397,1396,1397,0,0.705611764106,mean_of_5_fixed_seeds
persistent_loss_robustness_target,main_rule_a_primary,M1_PRIMARY_FEATURE_ORDER,random_forest,rf__depth_3__maxfeat_'sqrt'__leaf_10,fold1_validation,خنصیر,خنصیر|1395,خنصیر|1396,1395,1396,1,0.547413955375,mean_of_5_fixed_seeds
persistent_loss_robustness_target,main_rule_a_primary,M1_PRIMARY_FEATURE_ORDER,random_forest,rf__depth_3__maxfeat_'sqrt'__leaf_10,fold1_validation,خنصیر,خنصیر|1396,خنصیر|1397,1396,1397,1,0.579944355453,mean_of_5_fixed_seeds
persistent_loss_robustness_target,main_rule_a_primary,M1_PRIMARY_FEATURE_ORDER,random_forest,rf__depth_3__maxfeat_'sqrt'__leaf_10,fold1_validation,خوساز,خوساز|1395,خوساز|1396,1395,1396,1,0.776840715728,mean_of_5_fixed_seeds
persistent_loss_robustness_target,main_rule_a_primary,M1_PRIMARY_FEATURE_ORDER,random_forest,rf__depth_3__maxfeat_'sqrt'__leaf_10,fold1_validation,خوساز,خوساز|1396,خوساز|1397,1396,1397,1,0.678565175062,mean_of_5_fixed_seeds
persistent_loss_robustness_target,main_rule_a_primary,M1_PRIMARY_FEATURE_ORDER,random_forest,rf__depth_3__maxfeat_'sqrt'__leaf_10,fold1_validation,خچرخش,خچرخش|1395,خچرخش|1396,1395,1396,0,0.305460473441,mean_of_5_fixed_seeds
persistent_loss_robustness_target,main_rule_a_primary,M1_PRIMARY_FEATURE_ORDER,random_forest,rf__depth_3__maxfeat_'sqrt'__leaf_10,fold1_validation,خچرخش,خچرخش|1396,خچرخش|1397,1396,1397,0,0.231919753658,mean_of_5_fixed_seeds
persistent_loss_robustness_target,main_rule_a_primary,M1_PRIMARY_FEATURE_ORDER,random_forest,rf__depth_3__maxfeat_'sqrt'__leaf_10,fold1_validation,خکمک,خکمک|1395,خکمک|1396,1395,1396,0,0.74680162839,mean_of_5_fixed_seeds
persistent_loss_robustness_target,main_rule_a_primary,M1_PRIMARY_FEATURE_ORDER,random_forest,rf__depth_3__maxfeat_'sqrt'__leaf_10,fold1_validation,خکمک,خکمک|1396,خکمک|1397,1396,1397,0,0.709154786331,mean_of_5_fixed_seeds
persistent_loss_robustness_target,main_rule_a_primary,M1_PRIMARY_FEATURE_ORDER,random_forest,rf__depth_3__maxfeat_'sqrt'__leaf_10,fold1_validation,ددام,ددام|1395,ددام|1396,1395,1396,1,0.726500731579,mean_of_5_fixed_seeds
persistent_loss_robustness_target,main_rule_a_primary,M1_PRIMARY_FEATURE_ORDER,random_forest,rf__depth_3__maxfeat_'sqrt'__leaf_10,fold1_validation,ددام,ددام|1396,ددام|1397,1396,1397,0,0.74464944465,mean_of_5_fixed_seeds
persistent_loss_robustness_target,main_rule_a_primary,M1_PRIMARY_FEATURE_ORDER,random_forest,rf__depth_3__maxfeat_'sqrt'__leaf_10,fold1_validation,دروز,دروز|1395,دروز|1396,1395,1396,0,0.488790656568,mean_of_5_fixed_seeds
persistent_loss_robustness_target,main_rule_a_primary,M1_PRIMARY_FEATURE_ORDER,random_forest,rf__depth_3__maxfeat_'sqrt'__leaf_10,fold1_validation,دروز,دروز|1396,دروز|1397,1396,1397,0,0.282024744223,mean_of_5_fixed_seeds
persistent_loss_robustness_target,main_rule_a_primary,M1_PRIMARY_FEATURE_ORDER,random_forest,rf__depth_3__maxfeat_'sqrt'__leaf_10,fold1_validation,دسبحا,دسبحا|1395,دسبحا|1396,1395,1396,0,0.153788594795,mean_of_5_fixed_seeds
persistent_loss_robustness_target,main_rule_a_primary,M1_PRIMARY_FEATURE_ORDER,random_forest,rf__depth_3__maxfeat_'sqrt'__leaf_10,fold1_validation,دسبحا,دسبحا|1396,دسبحا|1397,1396,1397,0,0.210955645769,mean_of_5_fixed_seeds
persistent_loss_robustness_target,main_rule_a_primary,M1_PRIMARY_FEATURE_ORDER,random_forest,rf__depth_3__maxfeat_'sqrt'__leaf_10,fold1_validation,دسینا,دسینا|1395,دسینا|1396,1395,1396,0,0.100433988919,mean_of_5_fixed_seeds
persistent_loss_robustness_target,main_rule_a_primary,M1_PRIMARY_FEATURE_ORDER,random_forest,rf__depth_3__maxfeat_'sqrt'__leaf_10,fold1_validation,دسینا,دسینا|1396,دسینا|1397,1396,1397,0,0.10882985285,mean_of_5_fixed_seeds
persistent_loss_robustness_target,main_rule_a_primary,M1_PRIMARY_FEATURE_ORDER,random_forest,rf__depth_3__maxfeat_'sqrt'__leaf_10,fold1_validation,دشیمی,دشیمی|1395,دشیمی|1396,1395,1396,0,0.298403677776,mean_of_5_fixed_seeds
persistent_loss_robustness_target,main_rule_a_primary,M1_PRIMARY_FEATURE_ORDER,random_forest,rf__depth_3__maxfeat_'sqrt'__leaf_10,fold1_validation,دشیمی,دشیمی|1396,دشیمی|1397,1396,1397,1,0.33281450266,mean_of_5_fixed_seeds
persistent_loss_robustness_target,main_rule_a_primary,M1_PRIMARY_FEATURE_ORDER,random_forest,rf__depth_3__maxfeat_'sqrt'__leaf_10,fold1_validation,دیران,دیران|1395,دیران|1396,1395,1396,0,0.389257049189,mean_of_5_fixed_seeds
persistent_loss_robustness_target,main_rule_a_primary,M1_PRIMARY_FEATURE_ORDER,random_forest,rf__depth_3__maxfeat_'sqrt'__leaf_10,fold1_validation,دیران,دیران|1396,دیران|1397,1396,1397,0,0.354784459191,mean_of_5_fixed_seeds
persistent_loss_robustness_target,main_rule_a_primary,M1_PRIMARY_FEATURE_ORDER,random_forest,rf__depth_3__maxfeat_'sqrt'__leaf_10,fold1_validation,رانفور,رانفور|1395,رانفور|1396,1395,1396,0,0.117133980308,mean_of_5_fixed_seeds
persistent_loss_robustness_target,main_rule_a_primary,M1_PRIMARY_FEATURE_ORDER,random_forest,rf__depth_3__maxfeat_'sqrt'__leaf_10,fold1_validation,رانفور,رانفور|1396,رانفور|1397,1396,1397,0,0.114382500222,mean_of_5_fixed_seeds
persistent_loss_robustness_target,main_rule_a_primary,M1_PRIMARY_FEATURE_ORDER,random_forest,rf__depth_3__maxfeat_'sqrt'__leaf_10,fold1_validation,زمگسا,زمگسا|1395,زمگسا|1396,1395,1396,0,0.330139093786,mean_of_5_fixed_seeds
persistent_loss_robustness_target,main_rule_a_primary,M1_PRIMARY_FEATURE_ORDER,random_forest,rf__depth_3__maxfeat_'sqrt'__leaf_10,fold1_validation,زمگسا,زمگسا|1396,زمگسا|1397,1396,1397,0,0.314836640895,mean_of_5_fixed_seeds
persistent_loss_robustness_target,main_rule_a_primary,M1_PRIMARY_FEATURE_ORDER,random_forest,rf__depth_3__maxfeat_'sqrt'__leaf_10,fold1_validation,ساراب,ساراب|1395,ساراب|1396,1395,1396,0,0.205107374054,mean_of_5_fixed_seeds
persistent_loss_robustness_target,main_rule_a_primary,M1_PRIMARY_FEATURE_ORDER,random_forest,rf__depth_3__maxfeat_'sqrt'__leaf_10,fold1_validation,ساراب,ساراب|1396,ساراب|1397,1396,1397,0,0.198594583327,mean_of_5_fixed_seeds
persistent_loss_robustness_target,main_rule_a_primary,M1_PRIMARY_FEATURE_ORDER,random_forest,rf__depth_3__maxfeat_'sqrt'__leaf_10,fold1_validation,ساربیل,ساربیل|1395,ساربیل|1396,1395,1396,0,0.277395947927,mean_of_5_fixed_seeds
persistent_loss_robustness_target,main_rule_a_primary,M1_PRIMARY_FEATURE_ORDER,random_forest,rf__depth_3__maxfeat_'sqrt'__leaf_10,fold1_validation,ساربیل,ساربیل|1396,ساربیل|1397,1396,1397,0,0.080080251802,mean_of_5_fixed_seeds
persistent_loss_robustness_target,main_rule_a_primary,M1_PRIMARY_FEATURE_ORDER,random_forest,rf__depth_3__maxfeat_'sqrt'__leaf_10,fold1_validation,ساروم,ساروم|1395,ساروم|1396,1395,1396,0,0.156520535217,mean_of_5_fixed_seeds
persistent_loss_robustness_target,main_rule_a_primary,M1_PRIMARY_FEATURE_ORDER,random_forest,rf__depth_3__maxfeat_'sqrt'__leaf_10,fold1_validation,ساروم,ساروم|1396,ساروم|1397,1396,1397,0,0.0773017263,mean_of_5_fixed_seeds
persistent_loss_robustness_target,main_rule_a_primary,M1_PRIMARY_FEATURE_ORDER,random_forest,rf__depth_3__maxfeat_'sqrt'__leaf_10,fold1_validation,سبجنو,سبجنو|1395,سبجنو|1396,1395,1396,0,0.41739943171,mean_of_5_fixed_seeds
persistent_loss_robustness_target,main_rule_a_primary,M1_PRIMARY_FEATURE_ORDER,random_forest,rf__depth_3__maxfeat_'sqrt'__leaf_10,fold1_validation,سبجنو,سبجنو|1396,سبجنو|1397,1396,1397,0,0.359600056146,mean_of_5_fixed_seeds
persistent_loss_robustness_target,main_rule_a_primary,M1_PRIMARY_FEATURE_ORDER,random_forest,rf__depth_3__maxfeat_'sqrt'__leaf_10,fold1_validation,سبهان,سبهان|1395,سبهان|1396,1395,1396,0,0.219803197613,mean_of_5_fixed_seeds
persistent_loss_robustness_target,main_rule_a_primary,M1_PRIMARY_FEATURE_ORDER,random_forest,rf__depth_3__maxfeat_'sqrt'__leaf_10,fold1_validation,سبهان,سبهان|1396,سبهان|1397,1396,1397,0,0.227737128666,mean_of_5_fixed_seeds
persistent_loss_robustness_target,main_rule_a_primary,M1_PRIMARY_FEATURE_ORDER,random_forest,rf__depth_3__maxfeat_'sqrt'__leaf_10,fold1_validation,ستران,ستران|1395,ستران|1396,1395,1396,0,0.342886538832,mean_of_5_fixed_seeds
persistent_loss_robustness_target,main_rule_a_primary,M1_PRIMARY_FEATURE_ORDER,random_forest,rf__depth_3__maxfeat_'sqrt'__leaf_10,fold1_validation,ستران,ستران|1396,ستران|1397,1396,1397,0,0.433596254449,mean_of_5_fixed_seeds
persistent_loss_robustness_target,main_rule_a_primary,M1_PRIMARY_FEATURE_ORDER,random_forest,rf__depth_3__maxfeat_'sqrt'__leaf_10,fold1_validation,سخاش,سخاش|1395,سخاش|1396,1395,1396,0,0.16094075822,mean_of_5_fixed_seeds
persistent_loss_robustness_target,main_rule_a_primary,M1_PRIMARY_FEATURE_ORDER,random_forest,rf__depth_3__maxfeat_'sqrt'__leaf_10,fold1_validation,سخاش,سخاش|1396,سخاش|1397,1396,1397,0,0.158608442987,mean_of_5_fixed_seeds
persistent_loss_robustness_target,main_rule_a_primary,M1_PRIMARY_FEATURE_ORDER,random_forest,rf__depth_3__maxfeat_'sqrt'__leaf_10,fold1_validation,سخزر,سخزر|1395,سخزر|1396,1395,1396,0,0.322575304114,mean_of_5_fixed_seeds
persistent_loss_robustness_target,main_rule_a_primary,M1_PRIMARY_FEATURE_ORDER,random_forest,rf__depth_3__maxfeat_'sqrt'__leaf_10,fold1_validation,سخزر,سخزر|1396,سخزر|1397,1396,1397,0,0.345096361542,mean_of_5_fixed_seeds
persistent_loss_robustness_target,main_rule_a_primary,M1_PRIMARY_FEATURE_ORDER,random_forest,rf__depth_3__maxfeat_'sqrt'__leaf_10,fold1_validation,سخوز,سخوز|1395,سخوز|1396,1395,1396,0,0.341250434264,mean_of_5_fixed_seeds
persistent_loss_robustness_target,main_rule_a_primary,M1_PRIMARY_FEATURE_ORDER,random_forest,rf__depth_3__maxfeat_'sqrt'__leaf_10,fold1_validation,سخوز,سخوز|1396,سخوز|1397,1396,1397,0,0.301693044542,mean_of_5_fixed_seeds
persistent_loss_robustness_target,main_rule_a_primary,M1_PRIMARY_FEATURE_ORDER,random_forest,rf__depth_3__maxfeat_'sqrt'__leaf_10,fold1_validation,سدشت,سدشت|1395,سدشت|1396,1395,1396,0,0.333528192348,mean_of_5_fixed_seeds
persistent_loss_robustness_target,main_rule_a_primary,M1_PRIMARY_FEATURE_ORDER,random_forest,rf__depth_3__maxfeat_'sqrt'__leaf_10,fold1_validation,سدشت,سدشت|1396,سدشت|1397,1396,1397,0,0.276426023053,mean_of_5_fixed_seeds
persistent_loss_robustness_target,main_rule_a_primary,M1_PRIMARY_FEATURE_ORDER,random_forest,rf__depth_3__maxfeat_'sqrt'__leaf_10,fold1_validation,سدور,سدور|1395,سدور|1396,1395,1396,1,0.846340111716,mean_of_5_fixed_seeds
persistent_loss_robustness_target,main_rule_a_primary,M1_PRIMARY_FEATURE_ORDER,random_forest,rf__depth_3__maxfeat_'sqrt'__leaf_10,fold1_validation,سدور,سدور|1396,سدور|1397,1396,1397,0,0.740732250402,mean_of_5_fixed_seeds
persistent_loss_robustness_target,main_rule_a_primary,M1_PRIMARY_FEATURE_ORDER,random_forest,rf__depth_3__maxfeat_'sqrt'__leaf_10,fold1_validation,سرود,سرود|1395,سرود|1396,1395,1396,0,0.406146396008,mean_of_5_fixed_seeds
persistent_loss_robustness_target,main_rule_a_primary,M1_PRIMARY_FEATURE_ORDER,random_forest,rf__depth_3__maxfeat_'sqrt'__leaf_10,fold1_validation,سرود,سرود|1396,سرود|1397,1396,1397,0,0.218315444054,mean_of_5_fixed_seeds
persistent_loss_robustness_target,main_rule_a_primary,M1_PRIMARY_FEATURE_ORDER,random_forest,rf__depth_3__maxfeat_'sqrt'__leaf_10,fold1_validation,سشرق,سشرق|1395,سشرق|1396,1395,1396,1,0.849720263486,mean_of_5_fixed_seeds
persistent_loss_robustness_target,main_rule_a_primary,M1_PRIMARY_FEATURE_ORDER,random_forest,rf__depth_3__maxfeat_'sqrt'__leaf_10,fold1_validation,سشرق,سشرق|1396,سشرق|1397,1396,1397,0,0.735228607752,mean_of_5_fixed_seeds
persistent_loss_robustness_target,main_rule_a_primary,M1_PRIMARY_FEATURE_ORDER,random_forest,rf__depth_3__maxfeat_'sqrt'__leaf_10,fold1_validation,سصفها,سصفها|1395,سصفها|1396,1395,1396,0,0.297175768498,mean_of_5_fixed_seeds
persistent_loss_robustness_target,main_rule_a_primary,M1_PRIMARY_FEATURE_ORDER,random_forest,rf__depth_3__maxfeat_'sqrt'__leaf_10,fold1_validation,سصفها,سصفها|1396,سصفها|1397,1396,1397,0,0.336924741658,mean_of_5_fixed_seeds
persistent_loss_robustness_target,main_rule_a_primary,M1_PRIMARY_FEATURE_ORDER,random_forest,rf__depth_3__maxfeat_'sqrt'__leaf_10,fold1_validation,سغرب,سغرب|1395,سغرب|1396,1395,1396,0,0.269562290619,mean_of_5_fixed_seeds
persistent_loss_robustness_target,main_rule_a_primary,M1_PRIMARY_FEATURE_ORDER,random_forest,rf__depth_3__maxfeat_'sqrt'__leaf_10,fold1_validation,سغرب,سغرب|1396,سغرب|1397,1396,1397,0,0.245928119914,mean_of_5_fixed_seeds
persistent_loss_robustness_target,main_rule_a_primary,M1_PRIMARY_FEATURE_ORDER,random_forest,rf__depth_3__maxfeat_'sqrt'__leaf_10,fold1_validation,سقاین,سقاین|1395,سقاین|1396,1395,1396,0,0.368371741008,mean_of_5_fixed_seeds
persistent_loss_robustness_target,main_rule_a_primary,M1_PRIMARY_FEATURE_ORDER,random_forest,rf__depth_3__maxfeat_'sqrt'__leaf_10,fold1_validation,سقاین,سقاین|1396,سقاین|1397,1396,1397,0,0.343946732977,mean_of_5_fixed_seeds
persistent_loss_robustness_target,main_rule_a_primary,M1_PRIMARY_FEATURE_ORDER,random_forest,rf__depth_3__maxfeat_'sqrt'__leaf_10,fold1_validation,سمازن,سمازن|1395,سمازن|1396,1395,1396,0,0.397053390239,mean_of_5_fixed_seeds
persistent_loss_robustness_target,main_rule_a_primary,M1_PRIMARY_FEATURE_ORDER,random_forest,rf__depth_3__maxfeat_'sqrt'__leaf_10,fold1_validation,سمازن,سمازن|1396,سمازن|1397,1396,1397,0,0.272709468105,mean_of_5_fixed_seeds
persistent_loss_robustness_target,main_rule_a_primary,M1_PRIMARY_FEATURE_ORDER,random_forest,rf__depth_3__maxfeat_'sqrt'__leaf_10,fold1_validation,سنیر,سنیر|1395,سنیر|1396,1395,1396,0,0.307325977164,mean_of_5_fixed_seeds
persistent_loss_robustness_target,main_rule_a_primary,M1_PRIMARY_FEATURE_ORDER,random_forest,rf__depth_3__maxfeat_'sqrt'__leaf_10,fold1_validation,سنیر,سنیر|1396,سنیر|1397,1396,1397,0,0.184890941491,mean_of_5_fixed_seeds
persistent_loss_robustness_target,main_rule_a_primary,M1_PRIMARY_FEATURE_ORDER,random_forest,rf__depth_3__maxfeat_'sqrt'__leaf_10,fold1_validation,سهگمت,سهگمت|1395,سهگمت|1396,1395,1396,0,0.405707593709,mean_of_5_fixed_seeds
persistent_loss_robustness_target,main_rule_a_primary,M1_PRIMARY_FEATURE_ORDER,random_forest,rf__depth_3__maxfeat_'sqrt'__leaf_10,fold1_validation,سهگمت,سهگمت|1396,سهگمت|1397,1396,1397,0,0.254038749219,mean_of_5_fixed_seeds
persistent_loss_robustness_target,main_rule_a_primary,M1_PRIMARY_FEATURE_ORDER,random_forest,rf__depth_3__maxfeat_'sqrt'__leaf_10,fold1_validation,سپاها,سپاها|1395,سپاها|1396,1395,1396,0,0.549372737283,mean_of_5_fixed_seeds
persistent_loss_robustness_target,main_rule_a_primary,M1_PRIMARY_FEATURE_ORDER,random_forest,rf__depth_3__maxfeat_'sqrt'__leaf_10,fold1_validation,سپاها,سپاها|1396,سپاها|1397,1396,1397,0,0.428957199219,mean_of_5_fixed_seeds
persistent_loss_robustness_target,main_rule_a_primary,M1_PRIMARY_FEATURE_ORDER,random_forest,rf__depth_3__maxfeat_'sqrt'__leaf_10,fold1_validation,سکرد,سکرد|1395,سکرد|1396,1395,1396,1,0.843890451132,mean_of_5_fixed_seeds
persistent_loss_robustness_target,main_rule_a_primary,M1_PRIMARY_FEATURE_ORDER,random_forest,rf__depth_3__maxfeat_'sqrt'__leaf_10,fold1_validation,سکرد,سکرد|1396,سکرد|1397,1396,1397,1,0.783890689712,mean_of_5_fixed_seeds
persistent_loss_robustness_target,main_rule_a_primary,M1_PRIMARY_FEATURE_ORDER,random_forest,rf__depth_3__maxfeat_'sqrt'__leaf_10,fold1_validation,سیلام,سیلام|1395,سیلام|1396,1395,1396,1,0.79764890175,mean_of_5_fixed_seeds
persistent_loss_robustness_target,main_rule_a_primary,M1_PRIMARY_FEATURE_ORDER,random_forest,rf__depth_3__maxfeat_'sqrt'__leaf_10,fold1_validation,سیلام,سیلام|1396,سیلام|1397,1396,1397,1,0.802565142082,mean_of_5_fixed_seeds
persistent_loss_robustness_target,main_rule_a_primary,M1_PRIMARY_FEATURE_ORDER,random_forest,rf__depth_3__maxfeat_'sqrt'__leaf_10,fold1_validation,شاراک,شاراک|1395,شاراک|1396,1395,1396,0,0.106186543351,mean_of_5_fixed_seeds
persistent_loss_robustness_target,main_rule_a_primary,M1_PRIMARY_FEATURE_ORDER,random_forest,rf__depth_3__maxfeat_'sqrt'__leaf_10,fold1_validation,شاراک,شاراک|1396,شاراک|1397,1396,1397,0,0.106689453584,mean_of_5_fixed_seeds
persistent_loss_robustness_target,main_rule_a_primary,M1_PRIMARY_FEATURE_ORDER,random_forest,rf__depth_3__maxfeat_'sqrt'__leaf_10,fold1_validation,شبریز,شبریز|1395,شبریز|1396,1395,1396,0,0.375187522798,mean_of_5_fixed_seeds
persistent_loss_robustness_target,main_rule_a_primary,M1_PRIMARY_FEATURE_ORDER,random_forest,rf__depth_3__maxfeat_'sqrt'__leaf_10,fold1_validation,شبریز,شبریز|1396,شبریز|1397,1396,1397,0,0.370420543597,mean_of_5_fixed_seeds
persistent_loss_robustness_target,main_rule_a_primary,M1_PRIMARY_FEATURE_ORDER,random_forest,rf__depth_3__maxfeat_'sqrt'__leaf_10,fold1_validation,شبندر,شبندر|1395,شبندر|1396,1395,1396,0,0.131550129589,mean_of_5_fixed_seeds
persistent_loss_robustness_target,main_rule_a_primary,M1_PRIMARY_FEATURE_ORDER,random_forest,rf__depth_3__maxfeat_'sqrt'__leaf_10,fold1_validation,شبندر,شبندر|1396,شبندر|1397,1396,1397,0,0.136446321398,mean_of_5_fixed_seeds
persistent_loss_robustness_target,main_rule_a_primary,M1_PRIMARY_FEATURE_ORDER,random_forest,rf__depth_3__maxfeat_'sqrt'__leaf_10,fold1_validation,شدوص,شدوص|1395,شدوص|1396,1395,1396,1,0.383656564992,mean_of_5_fixed_seeds
persistent_loss_robustness_target,main_rule_a_primary,M1_PRIMARY_FEATURE_ORDER,random_forest,rf__depth_3__maxfeat_'sqrt'__leaf_10,fold1_validation,شدوص,شدوص|1396,شدوص|1397,1396,1397,0,0.821667744884,mean_of_5_fixed_seeds
persistent_loss_robustness_target,main_rule_a_primary,M1_PRIMARY_FEATURE_ORDER,random_forest,rf__depth_3__maxfeat_'sqrt'__leaf_10,fold1_validation,شفارس,شفارس|1395,شفارس|1396,1395,1396,0,0.255700827582,mean_of_5_fixed_seeds
persistent_loss_robustness_target,main_rule_a_primary,M1_PRIMARY_FEATURE_ORDER,random_forest,rf__depth_3__maxfeat_'sqrt'__leaf_10,fold1_validation,شفارس,شفارس|1396,شفارس|1397,1396,1397,0,0.266644222901,mean_of_5_fixed_seeds
persistent_loss_robustness_target,main_rule_a_primary,M1_PRIMARY_FEATURE_ORDER,random_forest,rf__depth_3__maxfeat_'sqrt'__leaf_10,fold1_validation,شلعاب,شلعاب|1395,شلعاب|1396,1395,1396,0,0.462881056453,mean_of_5_fixed_seeds
persistent_loss_robustness_target,main_rule_a_primary,M1_PRIMARY_FEATURE_ORDER,random_forest,rf__depth_3__maxfeat_'sqrt'__leaf_10,fold1_validation,شلعاب,شلعاب|1396,شلعاب|1397,1396,1397,0,0.361307271769,mean_of_5_fixed_seeds
persistent_loss_robustness_target,main_rule_a_primary,M1_PRIMARY_FEATURE_ORDER,random_forest,rf__depth_3__maxfeat_'sqrt'__leaf_10,fold1_validation,شپارس,شپارس|1395,شپارس|1396,1395,1396,0,0.609354997683,mean_of_5_fixed_seeds
persistent_loss_robustness_target,main_rule_a_primary,M1_PRIMARY_FEATURE_ORDER,random_forest,rf__depth_3__maxfeat_'sqrt'__leaf_10,fold1_validation,شپارس,شپارس|1396,شپارس|1397,1396,1397,0,0.341118201299,mean_of_5_fixed_seeds
persistent_loss_robustness_target,main_rule_a_primary,M1_PRIMARY_FEATURE_ORDER,random_forest,rf__depth_3__maxfeat_'sqrt'__leaf_10,fold1_validation,شپنا,شپنا|1395,شپنا|1396,1395,1396,0,0.152000044395,mean_of_5_fixed_seeds
persistent_loss_robustness_target,main_rule_a_primary,M1_PRIMARY_FEATURE_ORDER,random_forest,rf__depth_3__maxfeat_'sqrt'__leaf_10,fold1_validation,شپنا,شپنا|1396,شپنا|1397,1396,1397,0,0.120116416532,mean_of_5_fixed_seeds
persistent_loss_robustness_target,main_rule_a_primary,M1_PRIMARY_FEATURE_ORDER,random_forest,rf__depth_3__maxfeat_'sqrt'__leaf_10,fold1_validation,شکربن,شکربن|1395,شکربن|1396,1395,1396,0,0.18951567388,mean_of_5_fixed_seeds
persistent_loss_robustness_target,main_rule_a_primary,M1_PRIMARY_FEATURE_ORDER,random_forest,rf__depth_3__maxfeat_'sqrt'__leaf_10,fold1_validation,شکربن,شکربن|1396,شکربن|1397,1396,1397,0,0.111664838091,mean_of_5_fixed_seeds
persistent_loss_robustness_target,main_rule_a_primary,M1_PRIMARY_FEATURE_ORDER,random_forest,rf__depth_3__maxfeat_'sqrt'__leaf_10,fold1_validation,شکلر,شکلر|1395,شکلر|1396,1395,1396,0,0.1664604053,mean_of_5_fixed_seeds
persistent_loss_robustness_target,main_rule_a_primary,M1_PRIMARY_FEATURE_ORDER,random_forest,rf__depth_3__maxfeat_'sqrt'__leaf_10,fold1_validation,شکلر,شکلر|1396,شکلر|1397,1396,1397,0,0.167537523337,mean_of_5_fixed_seeds
persistent_loss_robustness_target,main_rule_a_primary,M1_PRIMARY_FEATURE_ORDER,random_forest,rf__depth_3__maxfeat_'sqrt'__leaf_10,fold1_validation,شیران,شیران|1395,شیران|1396,1395,1396,0,0.146206076937,mean_of_5_fixed_seeds
persistent_loss_robustness_target,main_rule_a_primary,M1_PRIMARY_FEATURE_ORDER,random_forest,rf__depth_3__maxfeat_'sqrt'__leaf_10,fold1_validation,شیران,شیران|1396,شیران|1397,1396,1397,0,0.145181161415,mean_of_5_fixed_seeds
persistent_loss_robustness_target,main_rule_a_primary,M1_PRIMARY_FEATURE_ORDER,random_forest,rf__depth_3__maxfeat_'sqrt'__leaf_10,fold1_validation,غبهنوش,غبهنوش|1395,غبهنوش|1396,1395,1396,0,0.601874132684,mean_of_5_fixed_seeds
persistent_loss_robustness_target,main_rule_a_primary,M1_PRIMARY_FEATURE_ORDER,random_forest,rf__depth_3__maxfeat_'sqrt'__leaf_10,fold1_validation,غبهنوش,غبهنوش|1396,غبهنوش|1397,1396,1397,0,0.605093890451,mean_of_5_fixed_seeds
persistent_loss_robustness_target,main_rule_a_primary,M1_PRIMARY_FEATURE_ORDER,random_forest,rf__depth_3__maxfeat_'sqrt'__leaf_10,fold1_validation,غدام,غدام|1395,غدام|1396,1395,1396,1,0.49144672297,mean_of_5_fixed_seeds
persistent_loss_robustness_target,main_rule_a_primary,M1_PRIMARY_FEATURE_ORDER,random_forest,rf__depth_3__maxfeat_'sqrt'__leaf_10,fold1_validation,غدام,غدام|1396,غدام|1397,1396,1397,0,0.494218655002,mean_of_5_fixed_seeds
persistent_loss_robustness_target,main_rule_a_primary,M1_PRIMARY_FEATURE_ORDER,random_forest,rf__depth_3__maxfeat_'sqrt'__leaf_10,fold1_validation,غسالم,غسالم|1395,غسالم|1396,1395,1396,0,0.156203399889,mean_of_5_fixed_seeds
persistent_loss_robustness_target,main_rule_a_primary,M1_PRIMARY_FEATURE_ORDER,random_forest,rf__depth_3__maxfeat_'sqrt'__leaf_10,fold1_validation,غسالم,غسالم|1396,غسالم|1397,1396,1397,0,0.142741673296,mean_of_5_fixed_seeds
persistent_loss_robustness_target,main_rule_a_primary,M1_PRIMARY_FEATURE_ORDER,random_forest,rf__depth_3__maxfeat_'sqrt'__leaf_10,fold1_validation,غشان,غشان|1395,غشان|1396,1395,1396,0,0.201940953501,mean_of_5_fixed_seeds
persistent_loss_robustness_target,main_rule_a_primary,M1_PRIMARY_FEATURE_ORDER,random_forest,rf__depth_3__maxfeat_'sqrt'__leaf_10,fold1_validation,غشان,غشان|1396,غشان|1397,1396,1397,0,0.246559960476,mean_of_5_fixed_seeds
persistent_loss_robustness_target,main_rule_a_primary,M1_PRIMARY_FEATURE_ORDER,random_forest,rf__depth_3__maxfeat_'sqrt'__leaf_10,fold1_validation,غشهد,غشهد|1395,غشهد|1396,1395,1396,1,0.856831557129,mean_of_5_fixed_seeds
persistent_loss_robustness_target,main_rule_a_primary,M1_PRIMARY_FEATURE_ORDER,random_forest,rf__depth_3__maxfeat_'sqrt'__leaf_10,fold1_validation,غشهد,غشهد|1396,غشهد|1397,1396,1397,0,0.839846300282,mean_of_5_fixed_seeds
persistent_loss_robustness_target,main_rule_a_primary,M1_PRIMARY_FEATURE_ORDER,random_forest,rf__depth_3__maxfeat_'sqrt'__leaf_10,fold1_validation,غنوش,غنوش|1395,غنوش|1396,1395,1396,0,0.205787763339,mean_of_5_fixed_seeds
persistent_loss_robustness_target,main_rule_a_primary,M1_PRIMARY_FEATURE_ORDER,random_forest,rf__depth_3__maxfeat_'sqrt'__leaf_10,fold1_validation,غنوش,غنوش|1396,غنوش|1397,1396,1397,0,0.257296621912,mean_of_5_fixed_seeds
persistent_loss_robustness_target,main_rule_a_primary,M1_PRIMARY_FEATURE_ORDER,random_forest,rf__depth_3__maxfeat_'sqrt'__leaf_10,fold1_validation,غگل,غگل|1395,غگل|1396,1395,1396,0,0.265631604178,mean_of_5_fixed_seeds
persistent_loss_robustness_target,main_rule_a_primary,M1_PRIMARY_FEATURE_ORDER,random_forest,rf__depth_3__maxfeat_'sqrt'__leaf_10,fold1_validation,غگل,غگل|1396,غگل|1397,1396,1397,0,0.294679778229,mean_of_5_fixed_seeds
persistent_loss_robustness_target,main_rule_a_primary,M1_PRIMARY_FEATURE_ORDER,random_forest,rf__depth_3__maxfeat_'sqrt'__leaf_10,fold1_validation,فاذر,فاذر|1395,فاذر|1396,1395,1396,1,0.396188012244,mean_of_5_fixed_seeds
persistent_loss_robustness_target,main_rule_a_primary,M1_PRIMARY_FEATURE_ORDER,random_forest,rf__depth_3__maxfeat_'sqrt'__leaf_10,fold1_validation,فاذر,فاذر|1396,فاذر|1397,1396,1397,1,0.577281535578,mean_of_5_fixed_seeds
persistent_loss_robustness_target,main_rule_a_primary,M1_PRIMARY_FEATURE_ORDER,random_forest,rf__depth_3__maxfeat_'sqrt'__leaf_10,fold1_validation,فایرا,فایرا|1395,فایرا|1396,1395,1396,0,0.770780556868,mean_of_5_fixed_seeds
persistent_loss_robustness_target,main_rule_a_primary,M1_PRIMARY_FEATURE_ORDER,random_forest,rf__depth_3__maxfeat_'sqrt'__leaf_10,fold1_validation,فایرا,فایرا|1396,فایرا|1397,1396,1397,0,0.591696368584,mean_of_5_fixed_seeds
persistent_loss_robustness_target,main_rule_a_primary,M1_PRIMARY_FEATURE_ORDER,random_forest,rf__depth_3__maxfeat_'sqrt'__leaf_10,fold1_validation,فباهنر,فباهنر|1395,فباهنر|1396,1395,1396,0,0.398012490976,mean_of_5_fixed_seeds
persistent_loss_robustness_target,main_rule_a_primary,M1_PRIMARY_FEATURE_ORDER,random_forest,rf__depth_3__maxfeat_'sqrt'__leaf_10,fold1_validation,فباهنر,فباهنر|1396,فباهنر|1397,1396,1397,0,0.270110814432,mean_of_5_fixed_seeds
persistent_loss_robustness_target,main_rule_a_primary,M1_PRIMARY_FEATURE_ORDER,random_forest,rf__depth_3__maxfeat_'sqrt'__leaf_10,fold1_validation,فجام,فجام|1395,فجام|1396,1395,1396,0,0.096638675903,mean_of_5_fixed_seeds
persistent_loss_robustness_target,main_rule_a_primary,M1_PRIMARY_FEATURE_ORDER,random_forest,rf__depth_3__maxfeat_'sqrt'__leaf_10,fold1_validation,فجام,فجام|1396,فجام|1397,1396,1397,0,0.139361143651,mean_of_5_fixed_seeds
persistent_loss_robustness_target,main_rule_a_primary,M1_PRIMARY_FEATURE_ORDER,random_forest,rf__depth_3__maxfeat_'sqrt'__leaf_10,fold1_validation,فجر,فجر|1395,فجر|1396,1395,1396,0,0.26000575139,mean_of_5_fixed_seeds
persistent_loss_robustness_target,main_rule_a_primary,M1_PRIMARY_FEATURE_ORDER,random_forest,rf__depth_3__maxfeat_'sqrt'__leaf_10,fold1_validation,فجر,فجر|1396,فجر|1397,1396,1397,0,0.202831241518,mean_of_5_fixed_seeds
persistent_loss_robustness_target,main_rule_a_primary,M1_PRIMARY_FEATURE_ORDER,random_forest,rf__depth_3__maxfeat_'sqrt'__leaf_10,fold1_validation,فخوز,فخوز|1395,فخوز|1396,1395,1396,0,0.183179140735,mean_of_5_fixed_seeds
persistent_loss_robustness_target,main_rule_a_primary,M1_PRIMARY_FEATURE_ORDER,random_forest,rf__depth_3__maxfeat_'sqrt'__leaf_10,fold1_validation,فخوز,فخوز|1396,فخوز|1397,1396,1397,0,0.115822811592,mean_of_5_fixed_seeds
persistent_loss_robustness_target,main_rule_a_primary,M1_PRIMARY_FEATURE_ORDER,random_forest,rf__depth_3__maxfeat_'sqrt'__leaf_10,fold1_validation,فرآور,فرآور|1395,فرآور|1396,1395,1396,0,0.082187552226,mean_of_5_fixed_seeds
persistent_loss_robustness_target,main_rule_a_primary,M1_PRIMARY_FEATURE_ORDER,random_forest,rf__depth_3__maxfeat_'sqrt'__leaf_10,fold1_validation,فرآور,فرآور|1396,فرآور|1397,1396,1397,0,0.115119600035,mean_of_5_fixed_seeds
persistent_loss_robustness_target,main_rule_a_primary,M1_PRIMARY_FEATURE_ORDER,random_forest,rf__depth_3__maxfeat_'sqrt'__leaf_10,fold1_validation,فسرب,فسرب|1395,فسرب|1396,1395,1396,0,0.51575983519,mean_of_5_fixed_seeds
persistent_loss_robustness_target,main_rule_a_primary,M1_PRIMARY_FEATURE_ORDER,random_forest,rf__depth_3__maxfeat_'sqrt'__leaf_10,fold1_validation,فسرب,فسرب|1396,فسرب|1397,1396,1397,0,0.444942946075,mean_of_5_fixed_seeds
persistent_loss_robustness_target,main_rule_a_primary,M1_PRIMARY_FEATURE_ORDER,random_forest,rf__depth_3__maxfeat_'sqrt'__leaf_10,fold1_validation,فسپا,فسپا|1395,فسپا|1396,1395,1396,0,0.214933054068,mean_of_5_fixed_seeds
persistent_loss_robustness_target,main_rule_a_primary,M1_PRIMARY_FEATURE_ORDER,random_forest,rf__depth_3__maxfeat_'sqrt'__leaf_10,fold1_validation,فسپا,فسپا|1396,فسپا|1397,1396,1397,0,0.227085437387,mean_of_5_fixed_seeds
persistent_loss_robustness_target,main_rule_a_primary,M1_PRIMARY_FEATURE_ORDER,random_forest,rf__depth_3__maxfeat_'sqrt'__leaf_10,fold1_validation,فمراد,فمراد|1395,فمراد|1396,1395,1396,0,0.519235632546,mean_of_5_fixed_seeds
persistent_loss_robustness_target,main_rule_a_primary,M1_PRIMARY_FEATURE_ORDER,random_forest,rf__depth_3__maxfeat_'sqrt'__leaf_10,fold1_validation,فمراد,فمراد|1396,فمراد|1397,1396,1397,1,0.686750187609,mean_of_5_fixed_seeds
persistent_loss_robustness_target,main_rule_a_primary,M1_PRIMARY_FEATURE_ORDER,random_forest,rf__depth_3__maxfeat_'sqrt'__leaf_10,fold1_validation,فملی,فملی|1395,فملی|1396,1395,1396,0,0.104187075765,mean_of_5_fixed_seeds
persistent_loss_robustness_target,main_rule_a_primary,M1_PRIMARY_FEATURE_ORDER,random_forest,rf__depth_3__maxfeat_'sqrt'__leaf_10,fold1_validation,فملی,فملی|1396,فملی|1397,1396,1397,0,0.123447385096,mean_of_5_fixed_seeds
persistent_loss_robustness_target,main_rule_a_primary,M1_PRIMARY_FEATURE_ORDER,random_forest,rf__depth_3__maxfeat_'sqrt'__leaf_10,fold1_validation,فنورد,فنورد|1395,فنورد|1396,1395,1396,0,0.371298832075,mean_of_5_fixed_seeds
persistent_loss_robustness_target,main_rule_a_primary,M1_PRIMARY_FEATURE_ORDER,random_forest,rf__depth_3__maxfeat_'sqrt'__leaf_10,fold1_validation,فنورد,فنورد|1396,فنورد|1397,1396,1397,0,0.319971982546,mean_of_5_fixed_seeds
persistent_loss_robustness_target,main_rule_a_primary,M1_PRIMARY_FEATURE_ORDER,random_forest,rf__depth_3__maxfeat_'sqrt'__leaf_10,fold1_validation,فولاژ,فولاژ|1395,فولاژ|1396,1395,1396,0,0.236607357586,mean_of_5_fixed_seeds
persistent_loss_robustness_target,main_rule_a_primary,M1_PRIMARY_FEATURE_ORDER,random_forest,rf__depth_3__maxfeat_'sqrt'__leaf_10,fold1_validation,فولاژ,فولاژ|1396,فولاژ|1397,1396,1397,0,0.208595834732,mean_of_5_fixed_seeds
persistent_loss_robustness_target,main_rule_a_primary,M1_PRIMARY_FEATURE_ORDER,random_forest,rf__depth_3__maxfeat_'sqrt'__leaf_10,fold1_validation,فپنتا,فپنتا|1395,فپنتا|1396,1395,1396,0,0.189631481408,mean_of_5_fixed_seeds
persistent_loss_robustness_target,main_rule_a_primary,M1_PRIMARY_FEATURE_ORDER,random_forest,rf__depth_3__maxfeat_'sqrt'__leaf_10,fold1_validation,فپنتا,فپنتا|1396,فپنتا|1397,1396,1397,0,0.269155404896,mean_of_5_fixed_seeds
persistent_loss_robustness_target,main_rule_a_primary,M1_PRIMARY_FEATURE_ORDER,random_forest,rf__depth_3__maxfeat_'sqrt'__leaf_10,fold1_validation,لابسا,لابسا|1395,لابسا|1396,1395,1396,1,0.348667960742,mean_of_5_fixed_seeds
persistent_loss_robustness_target,main_rule_a_primary,M1_PRIMARY_FEATURE_ORDER,random_forest,rf__depth_3__maxfeat_'sqrt'__leaf_10,fold1_validation,لابسا,لابسا|1396,لابسا|1397,1396,1397,0,0.446121027239,mean_of_5_fixed_seeds
persistent_loss_robustness_target,main_rule_a_primary,M1_PRIMARY_FEATURE_ORDER,random_forest,rf__depth_3__maxfeat_'sqrt'__leaf_10,fold1_validation,لبوتان,لبوتان|1395,لبوتان|1396,1395,1396,0,0.359859763851,mean_of_5_fixed_seeds
persistent_loss_robustness_target,main_rule_a_primary,M1_PRIMARY_FEATURE_ORDER,random_forest,rf__depth_3__maxfeat_'sqrt'__leaf_10,fold1_validation,لبوتان,لبوتان|1396,لبوتان|1397,1396,1397,0,0.474140052476,mean_of_5_fixed_seeds
persistent_loss_robustness_target,main_rule_a_primary,M1_PRIMARY_FEATURE_ORDER,random_forest,rf__depth_3__maxfeat_'sqrt'__leaf_10,fold1_validation,لخزر,لخزر|1395,لخزر|1396,1395,1396,0,0.320012898994,mean_of_5_fixed_seeds
persistent_loss_robustness_target,main_rule_a_primary,M1_PRIMARY_FEATURE_ORDER,random_forest,rf__depth_3__maxfeat_'sqrt'__leaf_10,fold1_validation,لخزر,لخزر|1396,لخزر|1397,1396,1397,0,0.375527424066,mean_of_5_fixed_seeds
persistent_loss_robustness_target,main_rule_a_primary,M1_PRIMARY_FEATURE_ORDER,random_forest,rf__depth_3__maxfeat_'sqrt'__leaf_10,fold1_validation,لسرما,لسرما|1395,لسرما|1396,1395,1396,0,0.264229188507,mean_of_5_fixed_seeds
persistent_loss_robustness_target,main_rule_a_primary,M1_PRIMARY_FEATURE_ORDER,random_forest,rf__depth_3__maxfeat_'sqrt'__leaf_10,fold1_validation,لسرما,لسرما|1396,لسرما|1397,1396,1397,0,0.225708608447,mean_of_5_fixed_seeds
persistent_loss_robustness_target,main_rule_a_primary,M1_PRIMARY_FEATURE_ORDER,random_forest,rf__depth_3__maxfeat_'sqrt'__leaf_10,fold1_validation,های وب,های وب|1396,های وب|1397,1396,1397,0,0.278432674224,mean_of_5_fixed_seeds
persistent_loss_robustness_target,main_rule_a_primary,M1_PRIMARY_FEATURE_ORDER,random_forest,rf__depth_3__maxfeat_'sqrt'__leaf_10,fold1_validation,همراه,همراه|1395,همراه|1396,1395,1396,0,0.264837942313,mean_of_5_fixed_seeds
persistent_loss_robustness_target,main_rule_a_primary,M1_PRIMARY_FEATURE_ORDER,random_forest,rf__depth_3__maxfeat_'sqrt'__leaf_10,fold1_validation,همراه,همراه|1396,همراه|1397,1396,1397,0,0.265999943121,mean_of_5_fixed_seeds
persistent_loss_robustness_target,main_rule_a_primary,M1_PRIMARY_FEATURE_ORDER,random_forest,rf__depth_3__maxfeat_'sqrt'__leaf_10,fold1_validation,پدرخش,پدرخش|1395,پدرخش|1396,1395,1396,0,0.266364172531,mean_of_5_fixed_seeds
persistent_loss_robustness_target,main_rule_a_primary,M1_PRIMARY_FEATURE_ORDER,random_forest,rf__depth_3__maxfeat_'sqrt'__leaf_10,fold1_validation,پدرخش,پدرخش|1396,پدرخش|1397,1396,1397,0,0.256358490955,mean_of_5_fixed_seeds
persistent_loss_robustness_target,main_rule_a_primary,M1_PRIMARY_FEATURE_ORDER,random_forest,rf__depth_3__maxfeat_'sqrt'__leaf_10,fold1_validation,پرداخت,پرداخت|1396,پرداخت|1397,1396,1397,0,0.131655833079,mean_of_5_fixed_seeds
persistent_loss_robustness_target,main_rule_a_primary,M1_PRIMARY_FEATURE_ORDER,random_forest,rf__depth_3__maxfeat_'sqrt'__leaf_10,fold1_validation,پسهند,پسهند|1395,پسهند|1396,1395,1396,0,0.298888869439,mean_of_5_fixed_seeds
persistent_loss_robustness_target,main_rule_a_primary,M1_PRIMARY_FEATURE_ORDER,random_forest,rf__depth_3__maxfeat_'sqrt'__leaf_10,fold1_validation,پسهند,پسهند|1396,پسهند|1397,1396,1397,0,0.308225079902,mean_of_5_fixed_seeds
persistent_loss_robustness_target,main_rule_a_primary,M1_PRIMARY_FEATURE_ORDER,random_forest,rf__depth_3__maxfeat_'sqrt'__leaf_10,fold1_validation,پلاسک,پلاسک|1395,پلاسک|1396,1395,1396,0,0.781095037557,mean_of_5_fixed_seeds
persistent_loss_robustness_target,main_rule_a_primary,M1_PRIMARY_FEATURE_ORDER,random_forest,rf__depth_3__maxfeat_'sqrt'__leaf_10,fold1_validation,پلاسک,پلاسک|1396,پلاسک|1397,1396,1397,0,0.691732115099,mean_of_5_fixed_seeds
persistent_loss_robustness_target,main_rule_a_primary,M1_PRIMARY_FEATURE_ORDER,random_forest,rf__depth_3__maxfeat_'sqrt'__leaf_10,fold1_validation,چافست,چافست|1395,چافست|1396,1395,1396,0,0.287333608121,mean_of_5_fixed_seeds
persistent_loss_robustness_target,main_rule_a_primary,M1_PRIMARY_FEATURE_ORDER,random_forest,rf__depth_3__maxfeat_'sqrt'__leaf_10,fold1_validation,چافست,چافست|1396,چافست|1397,1396,1397,0,0.266438699823,mean_of_5_fixed_seeds
persistent_loss_robustness_target,main_rule_a_primary,M1_PRIMARY_FEATURE_ORDER,random_forest,rf__depth_3__maxfeat_'sqrt'__leaf_10,fold1_validation,چکارن,چکارن|1395,چکارن|1396,1395,1396,0,0.36376262172,mean_of_5_fixed_seeds
persistent_loss_robustness_target,main_rule_a_primary,M1_PRIMARY_FEATURE_ORDER,random_forest,rf__depth_3__maxfeat_'sqrt'__leaf_10,fold1_validation,چکارن,چکارن|1396,چکارن|1397,1396,1397,0,0.412219890612,mean_of_5_fixed_seeds
persistent_loss_robustness_target,main_rule_a_primary,M1_PRIMARY_FEATURE_ORDER,random_forest,rf__depth_3__maxfeat_'sqrt'__leaf_10,fold1_validation,کاوه,کاوه|1396,کاوه|1397,1396,1397,0,0.39877078087,mean_of_5_fixed_seeds
persistent_loss_robustness_target,main_rule_a_primary,M1_PRIMARY_FEATURE_ORDER,random_forest,rf__depth_3__maxfeat_'sqrt'__leaf_10,fold1_validation,کبافق,کبافق|1395,کبافق|1396,1395,1396,0,0.147766820401,mean_of_5_fixed_seeds
persistent_loss_robustness_target,main_rule_a_primary,M1_PRIMARY_FEATURE_ORDER,random_forest,rf__depth_3__maxfeat_'sqrt'__leaf_10,fold1_validation,کبافق,کبافق|1396,کبافق|1397,1396,1397,0,0.147336892525,mean_of_5_fixed_seeds
persistent_loss_robustness_target,main_rule_a_primary,M1_PRIMARY_FEATURE_ORDER,random_forest,rf__depth_3__maxfeat_'sqrt'__leaf_10,fold1_validation,کرازی,کرازی|1395,کرازی|1396,1395,1396,0,0.185843063713,mean_of_5_fixed_seeds
persistent_loss_robustness_target,main_rule_a_primary,M1_PRIMARY_FEATURE_ORDER,random_forest,rf__depth_3__maxfeat_'sqrt'__leaf_10,fold1_validation,کرازی,کرازی|1396,کرازی|1397,1396,1397,0,0.309332613951,mean_of_5_fixed_seeds
persistent_loss_robustness_target,main_rule_a_primary,M1_PRIMARY_FEATURE_ORDER,random_forest,rf__depth_3__maxfeat_'sqrt'__leaf_10,fold1_validation,کفرا,کفرا|1395,کفرا|1396,1395,1396,0,0.125355920872,mean_of_5_fixed_seeds
persistent_loss_robustness_target,main_rule_a_primary,M1_PRIMARY_FEATURE_ORDER,random_forest,rf__depth_3__maxfeat_'sqrt'__leaf_10,fold1_validation,کفرا,کفرا|1396,کفرا|1397,1396,1397,0,0.10943028633,mean_of_5_fixed_seeds
persistent_loss_robustness_target,main_rule_a_primary,M1_PRIMARY_FEATURE_ORDER,random_forest,rf__depth_3__maxfeat_'sqrt'__leaf_10,fold1_validation,کفپارس,کفپارس|1395,کفپارس|1396,1395,1396,1,0.370965004637,mean_of_5_fixed_seeds
persistent_loss_robustness_target,main_rule_a_primary,M1_PRIMARY_FEATURE_ORDER,random_forest,rf__depth_3__maxfeat_'sqrt'__leaf_10,fold1_validation,کفپارس,کفپارس|1396,کفپارس|1397,1396,1397,0,0.454306031738,mean_of_5_fixed_seeds
persistent_loss_robustness_target,main_rule_a_primary,M1_PRIMARY_FEATURE_ORDER,random_forest,rf__depth_3__maxfeat_'sqrt'__leaf_10,fold1_validation,کهمدا,کهمدا|1395,کهمدا|1396,1395,1396,0,0.086575249673,mean_of_5_fixed_seeds
persistent_loss_robustness_target,main_rule_a_primary,M1_PRIMARY_FEATURE_ORDER,random_forest,rf__depth_3__maxfeat_'sqrt'__leaf_10,fold1_validation,کهمدا,کهمدا|1396,کهمدا|1397,1396,1397,0,0.13154250157,mean_of_5_fixed_seeds
persistent_loss_robustness_target,main_rule_a_primary,M1_PRIMARY_FEATURE_ORDER,random_forest,rf__depth_3__maxfeat_'sqrt'__leaf_10,fold1_validation,کگاز,کگاز|1395,کگاز|1396,1395,1396,0,0.801813173529,mean_of_5_fixed_seeds
persistent_loss_robustness_target,main_rule_a_primary,M1_PRIMARY_FEATURE_ORDER,random_forest,rf__depth_3__maxfeat_'sqrt'__leaf_10,fold1_validation,کگاز,کگاز|1396,کگاز|1397,1396,1397,0,0.288155094174,mean_of_5_fixed_seeds
persistent_loss_robustness_target,main_rule_a_primary,M1_PRIMARY_FEATURE_ORDER,random_forest,rf__depth_3__maxfeat_'sqrt'__leaf_10,fold1_validation,کگل,کگل|1395,کگل|1396,1395,1396,0,0.151250961755,mean_of_5_fixed_seeds
persistent_loss_robustness_target,main_rule_a_primary,M1_PRIMARY_FEATURE_ORDER,random_forest,rf__depth_3__maxfeat_'sqrt'__leaf_10,fold1_validation,کگل,کگل|1396,کگل|1397,1396,1397,0,0.120644329694,mean_of_5_fixed_seeds
persistent_loss_robustness_target,main_rule_a_primary,M1_PRIMARY_FEATURE_ORDER,random_forest,rf__depth_3__maxfeat_'sqrt'__leaf_10,fold2_validation,بالبر,بالبر|1397,بالبر|1398,1397,1398,0,0.527037044945,mean_of_5_fixed_seeds
persistent_loss_robustness_target,main_rule_a_primary,M1_PRIMARY_FEATURE_ORDER,random_forest,rf__depth_3__maxfeat_'sqrt'__leaf_10,fold2_validation,بالبر,بالبر|1398,بالبر|1399,1398,1399,0,0.429987168459,mean_of_5_fixed_seeds
persistent_loss_robustness_target,main_rule_a_primary,M1_PRIMARY_FEATURE_ORDER,random_forest,rf__depth_3__maxfeat_'sqrt'__leaf_10,fold2_validation,بترانس,بترانس|1397,بترانس|1398,1397,1398,0,0.331651241172,mean_of_5_fixed_seeds
persistent_loss_robustness_target,main_rule_a_primary,M1_PRIMARY_FEATURE_ORDER,random_forest,rf__depth_3__maxfeat_'sqrt'__leaf_10,fold2_validation,بترانس,بترانس|1398,بترانس|1399,1398,1399,0,0.388270370206,mean_of_5_fixed_seeds
persistent_loss_robustness_target,main_rule_a_primary,M1_PRIMARY_FEATURE_ORDER,random_forest,rf__depth_3__maxfeat_'sqrt'__leaf_10,fold2_validation,بموتو,بموتو|1397,بموتو|1398,1397,1398,0,0.535532340237,mean_of_5_fixed_seeds
persistent_loss_robustness_target,main_rule_a_primary,M1_PRIMARY_FEATURE_ORDER,random_forest,rf__depth_3__maxfeat_'sqrt'__leaf_10,fold2_validation,بموتو,بموتو|1398,بموتو|1399,1398,1399,0,0.151803005023,mean_of_5_fixed_seeds
persistent_loss_robustness_target,main_rule_a_primary,M1_PRIMARY_FEATURE_ORDER,random_forest,rf__depth_3__maxfeat_'sqrt'__leaf_10,fold2_validation,بکاب,بکاب|1397,بکاب|1398,1397,1398,0,0.258959358908,mean_of_5_fixed_seeds
persistent_loss_robustness_target,main_rule_a_primary,M1_PRIMARY_FEATURE_ORDER,random_forest,rf__depth_3__maxfeat_'sqrt'__leaf_10,fold2_validation,بکاب,بکاب|1398,بکاب|1399,1398,1399,0,0.196322463825,mean_of_5_fixed_seeds
persistent_loss_robustness_target,main_rule_a_primary,M1_PRIMARY_FEATURE_ORDER,random_forest,rf__depth_3__maxfeat_'sqrt'__leaf_10,fold2_validation,بکام,بکام|1397,بکام|1398,1397,1398,0,0.703573733973,mean_of_5_fixed_seeds
persistent_loss_robustness_target,main_rule_a_primary,M1_PRIMARY_FEATURE_ORDER,random_forest,rf__depth_3__maxfeat_'sqrt'__leaf_10,fold2_validation,بکام,بکام|1398,بکام|1399,1398,1399,0,0.352294353027,mean_of_5_fixed_seeds
persistent_loss_robustness_target,main_rule_a_primary,M1_PRIMARY_FEATURE_ORDER,random_forest,rf__depth_3__maxfeat_'sqrt'__leaf_10,fold2_validation,تپمپی,تپمپی|1397,تپمپی|1398,1397,1398,0,0.307121787989,mean_of_5_fixed_seeds
persistent_loss_robustness_target,main_rule_a_primary,M1_PRIMARY_FEATURE_ORDER,random_forest,rf__depth_3__maxfeat_'sqrt'__leaf_10,fold2_validation,تپمپی,تپمپی|1398,تپمپی|1399,1398,1399,0,0.23625664594,mean_of_5_fixed_seeds
persistent_loss_robustness_target,main_rule_a_primary,M1_PRIMARY_FEATURE_ORDER,random_forest,rf__depth_3__maxfeat_'sqrt'__leaf_10,fold2_validation,تکمبا,تکمبا|1397,تکمبا|1398,1397,1398,0,0.478993183567,mean_of_5_fixed_seeds
persistent_loss_robustness_target,main_rule_a_primary,M1_PRIMARY_FEATURE_ORDER,random_forest,rf__depth_3__maxfeat_'sqrt'__leaf_10,fold2_validation,تکمبا,تکمبا|1398,تکمبا|1399,1398,1399,0,0.361075560906,mean_of_5_fixed_seeds
persistent_loss_robustness_target,main_rule_a_primary,M1_PRIMARY_FEATURE_ORDER,random_forest,rf__depth_3__maxfeat_'sqrt'__leaf_10,fold2_validation,ثشرق,ثشرق|1397,ثشرق|1398,1397,1398,0,0.211642291015,mean_of_5_fixed_seeds
persistent_loss_robustness_target,main_rule_a_primary,M1_PRIMARY_FEATURE_ORDER,random_forest,rf__depth_3__maxfeat_'sqrt'__leaf_10,fold2_validation,ثشرق,ثشرق|1398,ثشرق|1399,1398,1399,0,0.26460617969,mean_of_5_fixed_seeds
persistent_loss_robustness_target,main_rule_a_primary,M1_PRIMARY_FEATURE_ORDER,random_forest,rf__depth_3__maxfeat_'sqrt'__leaf_10,fold2_validation,ثنوسا,ثنوسا|1397,ثنوسا|1398,1397,1398,1,0.908666361069,mean_of_5_fixed_seeds
persistent_loss_robustness_target,main_rule_a_primary,M1_PRIMARY_FEATURE_ORDER,random_forest,rf__depth_3__maxfeat_'sqrt'__leaf_10,fold2_validation,ثنوسا,ثنوسا|1398,ثنوسا|1399,1398,1399,0,0.888057246127,mean_of_5_fixed_seeds
persistent_loss_robustness_target,main_rule_a_primary,M1_PRIMARY_FEATURE_ORDER,random_forest,rf__depth_3__maxfeat_'sqrt'__leaf_10,fold2_validation,جم پیلن,جم پیلن|1398,جم پیلن|1399,1398,1399,0,0.107936291344,mean_of_5_fixed_seeds
persistent_loss_robustness_target,main_rule_a_primary,M1_PRIMARY_FEATURE_ORDER,random_forest,rf__depth_3__maxfeat_'sqrt'__leaf_10,fold2_validation,جم,جم|1397,جم|1398,1397,1398,0,0.099879159853,mean_of_5_fixed_seeds
persistent_loss_robustness_target,main_rule_a_primary,M1_PRIMARY_FEATURE_ORDER,random_forest,rf__depth_3__maxfeat_'sqrt'__leaf_10,fold2_validation,جم,جم|1398,جم|1399,1398,1399,0,0.105613816639,mean_of_5_fixed_seeds
persistent_loss_robustness_target,main_rule_a_primary,M1_PRIMARY_FEATURE_ORDER,random_forest,rf__depth_3__maxfeat_'sqrt'__leaf_10,fold2_validation,حپترو,حپترو|1397,حپترو|1398,1397,1398,0,0.29816712428,mean_of_5_fixed_seeds
persistent_loss_robustness_target,main_rule_a_primary,M1_PRIMARY_FEATURE_ORDER,random_forest,rf__depth_3__maxfeat_'sqrt'__leaf_10,fold2_validation,حپترو,حپترو|1398,حپترو|1399,1398,1399,0,0.401473104036,mean_of_5_fixed_seeds
persistent_loss_robustness_target,main_rule_a_primary,M1_PRIMARY_FEATURE_ORDER,random_forest,rf__depth_3__maxfeat_'sqrt'__leaf_10,fold2_validation,حکشتی,حکشتی|1397,حکشتی|1398,1397,1398,0,0.378866055438,mean_of_5_fixed_seeds
persistent_loss_robustness_target,main_rule_a_primary,M1_PRIMARY_FEATURE_ORDER,random_forest,rf__depth_3__maxfeat_'sqrt'__leaf_10,fold2_validation,حکشتی,حکشتی|1398,حکشتی|1399,1398,1399,0,0.37667512249,mean_of_5_fixed_seeds
persistent_loss_robustness_target,main_rule_a_primary,M1_PRIMARY_FEATURE_ORDER,random_forest,rf__depth_3__maxfeat_'sqrt'__leaf_10,fold2_validation,خاذین,خاذین|1397,خاذین|1398,1397,1398,1,0.756002026177,mean_of_5_fixed_seeds
persistent_loss_robustness_target,main_rule_a_primary,M1_PRIMARY_FEATURE_ORDER,random_forest,rf__depth_3__maxfeat_'sqrt'__leaf_10,fold2_validation,خاذین,خاذین|1398,خاذین|1399,1398,1399,0,0.651882681047,mean_of_5_fixed_seeds
persistent_loss_robustness_target,main_rule_a_primary,M1_PRIMARY_FEATURE_ORDER,random_forest,rf__depth_3__maxfeat_'sqrt'__leaf_10,fold2_validation,خبهمن,خبهمن|1397,خبهمن|1398,1397,1398,0,0.5130364007,mean_of_5_fixed_seeds
persistent_loss_robustness_target,main_rule_a_primary,M1_PRIMARY_FEATURE_ORDER,random_forest,rf__depth_3__maxfeat_'sqrt'__leaf_10,fold2_validation,خبهمن,خبهمن|1398,خبهمن|1399,1398,1399,0,0.626243073489,mean_of_5_fixed_seeds
persistent_loss_robustness_target,main_rule_a_primary,M1_PRIMARY_FEATURE_ORDER,random_forest,rf__depth_3__maxfeat_'sqrt'__leaf_10,fold2_validation,ختوقا,ختوقا|1397,ختوقا|1398,1397,1398,0,0.62425298059,mean_of_5_fixed_seeds
persistent_loss_robustness_target,main_rule_a_primary,M1_PRIMARY_FEATURE_ORDER,random_forest,rf__depth_3__maxfeat_'sqrt'__leaf_10,fold2_validation,ختوقا,ختوقا|1398,ختوقا|1399,1398,1399,0,0.352398213318,mean_of_5_fixed_seeds
persistent_loss_robustness_target,main_rule_a_primary,M1_PRIMARY_FEATURE_ORDER,random_forest,rf__depth_3__maxfeat_'sqrt'__leaf_10,fold2_validation,خرینگ,خرینگ|1397,خرینگ|1398,1397,1398,0,0.677894089266,mean_of_5_fixed_seeds
persistent_loss_robustness_target,main_rule_a_primary,M1_PRIMARY_FEATURE_ORDER,random_forest,rf__depth_3__maxfeat_'sqrt'__leaf_10,fold2_validation,خرینگ,خرینگ|1398,خرینگ|1399,1398,1399,0,0.726594247547,mean_of_5_fixed_seeds
persistent_loss_robustness_target,main_rule_a_primary,M1_PRIMARY_FEATURE_ORDER,random_forest,rf__depth_3__maxfeat_'sqrt'__leaf_10,fold2_validation,خمحور,خمحور|1397,خمحور|1398,1397,1398,0,0.361875993961,mean_of_5_fixed_seeds
persistent_loss_robustness_target,main_rule_a_primary,M1_PRIMARY_FEATURE_ORDER,random_forest,rf__depth_3__maxfeat_'sqrt'__leaf_10,fold2_validation,خمحور,خمحور|1398,خمحور|1399,1398,1399,0,0.389234980203,mean_of_5_fixed_seeds
persistent_loss_robustness_target,main_rule_a_primary,M1_PRIMARY_FEATURE_ORDER,random_forest,rf__depth_3__maxfeat_'sqrt'__leaf_10,fold2_validation,خمهر,خمهر|1397,خمهر|1398,1397,1398,1,0.775060464133,mean_of_5_fixed_seeds
persistent_loss_robustness_target,main_rule_a_primary,M1_PRIMARY_FEATURE_ORDER,random_forest,rf__depth_3__maxfeat_'sqrt'__leaf_10,fold2_validation,خمهر,خمهر|1398,خمهر|1399,1398,1399,0,0.84372290973,mean_of_5_fixed_seeds
persistent_loss_robustness_target,main_rule_a_primary,M1_PRIMARY_FEATURE_ORDER,random_forest,rf__depth_3__maxfeat_'sqrt'__leaf_10,fold2_validation,خنصیر,خنصیر|1397,خنصیر|1398,1397,1398,0,0.583974679985,mean_of_5_fixed_seeds
persistent_loss_robustness_target,main_rule_a_primary,M1_PRIMARY_FEATURE_ORDER,random_forest,rf__depth_3__maxfeat_'sqrt'__leaf_10,fold2_validation,خنصیر,خنصیر|1398,خنصیر|1399,1398,1399,0,0.578333951784,mean_of_5_fixed_seeds
persistent_loss_robustness_target,main_rule_a_primary,M1_PRIMARY_FEATURE_ORDER,random_forest,rf__depth_3__maxfeat_'sqrt'__leaf_10,fold2_validation,خوساز,خوساز|1397,خوساز|1398,1397,1398,1,0.550966630919,mean_of_5_fixed_seeds
persistent_loss_robustness_target,main_rule_a_primary,M1_PRIMARY_FEATURE_ORDER,random_forest,rf__depth_3__maxfeat_'sqrt'__leaf_10,fold2_validation,خوساز,خوساز|1398,خوساز|1399,1398,1399,0,0.599611263584,mean_of_5_fixed_seeds
persistent_loss_robustness_target,main_rule_a_primary,M1_PRIMARY_FEATURE_ORDER,random_forest,rf__depth_3__maxfeat_'sqrt'__leaf_10,fold2_validation,خچرخش,خچرخش|1397,خچرخش|1398,1397,1398,0,0.252966997943,mean_of_5_fixed_seeds
persistent_loss_robustness_target,main_rule_a_primary,M1_PRIMARY_FEATURE_ORDER,random_forest,rf__depth_3__maxfeat_'sqrt'__leaf_10,fold2_validation,خچرخش,خچرخش|1398,خچرخش|1399,1398,1399,0,0.356100475411,mean_of_5_fixed_seeds
persistent_loss_robustness_target,main_rule_a_primary,M1_PRIMARY_FEATURE_ORDER,random_forest,rf__depth_3__maxfeat_'sqrt'__leaf_10,fold2_validation,خکمک,خکمک|1397,خکمک|1398,1397,1398,0,0.692448148299,mean_of_5_fixed_seeds
persistent_loss_robustness_target,main_rule_a_primary,M1_PRIMARY_FEATURE_ORDER,random_forest,rf__depth_3__maxfeat_'sqrt'__leaf_10,fold2_validation,خکمک,خکمک|1398,خکمک|1399,1398,1399,0,0.70545246939,mean_of_5_fixed_seeds
persistent_loss_robustness_target,main_rule_a_primary,M1_PRIMARY_FEATURE_ORDER,random_forest,rf__depth_3__maxfeat_'sqrt'__leaf_10,fold2_validation,ددام,ددام|1397,ددام|1398,1397,1398,0,0.5278040863,mean_of_5_fixed_seeds
persistent_loss_robustness_target,main_rule_a_primary,M1_PRIMARY_FEATURE_ORDER,random_forest,rf__depth_3__maxfeat_'sqrt'__leaf_10,fold2_validation,ددام,ددام|1398,ددام|1399,1398,1399,0,0.167196555866,mean_of_5_fixed_seeds
persistent_loss_robustness_target,main_rule_a_primary,M1_PRIMARY_FEATURE_ORDER,random_forest,rf__depth_3__maxfeat_'sqrt'__leaf_10,fold2_validation,دروز,دروز|1397,دروز|1398,1397,1398,1,0.266500752751,mean_of_5_fixed_seeds
persistent_loss_robustness_target,main_rule_a_primary,M1_PRIMARY_FEATURE_ORDER,random_forest,rf__depth_3__maxfeat_'sqrt'__leaf_10,fold2_validation,دروز,دروز|1398,دروز|1399,1398,1399,1,0.466403248775,mean_of_5_fixed_seeds
persistent_loss_robustness_target,main_rule_a_primary,M1_PRIMARY_FEATURE_ORDER,random_forest,rf__depth_3__maxfeat_'sqrt'__leaf_10,fold2_validation,دسبحا,دسبحا|1397,دسبحا|1398,1397,1398,0,0.209987526903,mean_of_5_fixed_seeds
persistent_loss_robustness_target,main_rule_a_primary,M1_PRIMARY_FEATURE_ORDER,random_forest,rf__depth_3__maxfeat_'sqrt'__leaf_10,fold2_validation,دسبحا,دسبحا|1398,دسبحا|1399,1398,1399,0,0.194708431947,mean_of_5_fixed_seeds
persistent_loss_robustness_target,main_rule_a_primary,M1_PRIMARY_FEATURE_ORDER,random_forest,rf__depth_3__maxfeat_'sqrt'__leaf_10,fold2_validation,دسینا,دسینا|1397,دسینا|1398,1397,1398,0,0.174003240565,mean_of_5_fixed_seeds
persistent_loss_robustness_target,main_rule_a_primary,M1_PRIMARY_FEATURE_ORDER,random_forest,rf__depth_3__maxfeat_'sqrt'__leaf_10,fold2_validation,دسینا,دسینا|1398,دسینا|1399,1398,1399,0,0.203426059206,mean_of_5_fixed_seeds
persistent_loss_robustness_target,main_rule_a_primary,M1_PRIMARY_FEATURE_ORDER,random_forest,rf__depth_3__maxfeat_'sqrt'__leaf_10,fold2_validation,دشیمی,دشیمی|1397,دشیمی|1398,1397,1398,0,0.411004138891,mean_of_5_fixed_seeds
persistent_loss_robustness_target,main_rule_a_primary,M1_PRIMARY_FEATURE_ORDER,random_forest,rf__depth_3__maxfeat_'sqrt'__leaf_10,fold2_validation,دشیمی,دشیمی|1398,دشیمی|1399,1398,1399,0,0.286593685963,mean_of_5_fixed_seeds
persistent_loss_robustness_target,main_rule_a_primary,M1_PRIMARY_FEATURE_ORDER,random_forest,rf__depth_3__maxfeat_'sqrt'__leaf_10,fold2_validation,دیران,دیران|1397,دیران|1398,1397,1398,0,0.218728074518,mean_of_5_fixed_seeds
persistent_loss_robustness_target,main_rule_a_primary,M1_PRIMARY_FEATURE_ORDER,random_forest,rf__depth_3__maxfeat_'sqrt'__leaf_10,fold2_validation,دیران,دیران|1398,دیران|1399,1398,1399,0,0.190727645473,mean_of_5_fixed_seeds
persistent_loss_robustness_target,main_rule_a_primary,M1_PRIMARY_FEATURE_ORDER,random_forest,rf__depth_3__maxfeat_'sqrt'__leaf_10,fold2_validation,رانفور,رانفور|1397,رانفور|1398,1397,1398,0,0.097354749625,mean_of_5_fixed_seeds
persistent_loss_robustness_target,main_rule_a_primary,M1_PRIMARY_FEATURE_ORDER,random_forest,rf__depth_3__maxfeat_'sqrt'__leaf_10,fold2_validation,رانفور,رانفور|1398,رانفور|1399,1398,1399,0,0.094900229919,mean_of_5_fixed_seeds
persistent_loss_robustness_target,main_rule_a_primary,M1_PRIMARY_FEATURE_ORDER,random_forest,rf__depth_3__maxfeat_'sqrt'__leaf_10,fold2_validation,رمپنا,رمپنا|1397,رمپنا|1398,1397,1398,0,0.588291867815,mean_of_5_fixed_seeds
persistent_loss_robustness_target,main_rule_a_primary,M1_PRIMARY_FEATURE_ORDER,random_forest,rf__depth_3__maxfeat_'sqrt'__leaf_10,fold2_validation,رمپنا,رمپنا|1398,رمپنا|1399,1398,1399,0,0.339942467573,mean_of_5_fixed_seeds
persistent_loss_robustness_target,main_rule_a_primary,M1_PRIMARY_FEATURE_ORDER,random_forest,rf__depth_3__maxfeat_'sqrt'__leaf_10,fold2_validation,زمگسا,زمگسا|1397,زمگسا|1398,1397,1398,0,0.254389576826,mean_of_5_fixed_seeds
persistent_loss_robustness_target,main_rule_a_primary,M1_PRIMARY_FEATURE_ORDER,random_forest,rf__depth_3__maxfeat_'sqrt'__leaf_10,fold2_validation,زمگسا,زمگسا|1398,زمگسا|1399,1398,1399,0,0.192717337744,mean_of_5_fixed_seeds
persistent_loss_robustness_target,main_rule_a_primary,M1_PRIMARY_FEATURE_ORDER,random_forest,rf__depth_3__maxfeat_'sqrt'__leaf_10,fold2_validation,زپارس,زپارس|1397,زپارس|1398,1397,1398,0,0.23719169361,mean_of_5_fixed_seeds
persistent_loss_robustness_target,main_rule_a_primary,M1_PRIMARY_FEATURE_ORDER,random_forest,rf__depth_3__maxfeat_'sqrt'__leaf_10,fold2_validation,زپارس,زپارس|1398,زپارس|1399,1398,1399,0,0.152336351288,mean_of_5_fixed_seeds
persistent_loss_robustness_target,main_rule_a_primary,M1_PRIMARY_FEATURE_ORDER,random_forest,rf__depth_3__maxfeat_'sqrt'__leaf_10,fold2_validation,ساراب,ساراب|1397,ساراب|1398,1397,1398,0,0.133656840756,mean_of_5_fixed_seeds
persistent_loss_robustness_target,main_rule_a_primary,M1_PRIMARY_FEATURE_ORDER,random_forest,rf__depth_3__maxfeat_'sqrt'__leaf_10,fold2_validation,ساراب,ساراب|1398,ساراب|1399,1398,1399,0,0.129904683439,mean_of_5_fixed_seeds
persistent_loss_robustness_target,main_rule_a_primary,M1_PRIMARY_FEATURE_ORDER,random_forest,rf__depth_3__maxfeat_'sqrt'__leaf_10,fold2_validation,ساربیل,ساربیل|1397,ساربیل|1398,1397,1398,0,0.111267461825,mean_of_5_fixed_seeds
persistent_loss_robustness_target,main_rule_a_primary,M1_PRIMARY_FEATURE_ORDER,random_forest,rf__depth_3__maxfeat_'sqrt'__leaf_10,fold2_validation,ساربیل,ساربیل|1398,ساربیل|1399,1398,1399,0,0.104599978546,mean_of_5_fixed_seeds
persistent_loss_robustness_target,main_rule_a_primary,M1_PRIMARY_FEATURE_ORDER,random_forest,rf__depth_3__maxfeat_'sqrt'__leaf_10,fold2_validation,ساروم,ساروم|1397,ساروم|1398,1397,1398,0,0.114457495571,mean_of_5_fixed_seeds
persistent_loss_robustness_target,main_rule_a_primary,M1_PRIMARY_FEATURE_ORDER,random_forest,rf__depth_3__maxfeat_'sqrt'__leaf_10,fold2_validation,ساروم,ساروم|1398,ساروم|1399,1398,1399,0,0.107248090825,mean_of_5_fixed_seeds
persistent_loss_robustness_target,main_rule_a_primary,M1_PRIMARY_FEATURE_ORDER,random_forest,rf__depth_3__maxfeat_'sqrt'__leaf_10,fold2_validation,سبجنو,سبجنو|1397,سبجنو|1398,1397,1398,0,0.285706575081,mean_of_5_fixed_seeds
persistent_loss_robustness_target,main_rule_a_primary,M1_PRIMARY_FEATURE_ORDER,random_forest,rf__depth_3__maxfeat_'sqrt'__leaf_10,fold2_validation,سبجنو,سبجنو|1398,سبجنو|1399,1398,1399,0,0.162375601895,mean_of_5_fixed_seeds
persistent_loss_robustness_target,main_rule_a_primary,M1_PRIMARY_FEATURE_ORDER,random_forest,rf__depth_3__maxfeat_'sqrt'__leaf_10,fold2_validation,سبهان,سبهان|1397,سبهان|1398,1397,1398,0,0.121801475348,mean_of_5_fixed_seeds
persistent_loss_robustness_target,main_rule_a_primary,M1_PRIMARY_FEATURE_ORDER,random_forest,rf__depth_3__maxfeat_'sqrt'__leaf_10,fold2_validation,سبهان,سبهان|1398,سبهان|1399,1398,1399,0,0.1326333611,mean_of_5_fixed_seeds
persistent_loss_robustness_target,main_rule_a_primary,M1_PRIMARY_FEATURE_ORDER,random_forest,rf__depth_3__maxfeat_'sqrt'__leaf_10,fold2_validation,ستران,ستران|1397,ستران|1398,1397,1398,0,0.37037906887,mean_of_5_fixed_seeds
persistent_loss_robustness_target,main_rule_a_primary,M1_PRIMARY_FEATURE_ORDER,random_forest,rf__depth_3__maxfeat_'sqrt'__leaf_10,fold2_validation,ستران,ستران|1398,ستران|1399,1398,1399,0,0.234579806617,mean_of_5_fixed_seeds
persistent_loss_robustness_target,main_rule_a_primary,M1_PRIMARY_FEATURE_ORDER,random_forest,rf__depth_3__maxfeat_'sqrt'__leaf_10,fold2_validation,سخاش,سخاش|1397,سخاش|1398,1397,1398,0,0.139376448239,mean_of_5_fixed_seeds
persistent_loss_robustness_target,main_rule_a_primary,M1_PRIMARY_FEATURE_ORDER,random_forest,rf__depth_3__maxfeat_'sqrt'__leaf_10,fold2_validation,سخاش,سخاش|1398,سخاش|1399,1398,1399,0,0.10685053753,mean_of_5_fixed_seeds
persistent_loss_robustness_target,main_rule_a_primary,M1_PRIMARY_FEATURE_ORDER,random_forest,rf__depth_3__maxfeat_'sqrt'__leaf_10,fold2_validation,سخزر,سخزر|1397,سخزر|1398,1397,1398,0,0.185355043761,mean_of_5_fixed_seeds
persistent_loss_robustness_target,main_rule_a_primary,M1_PRIMARY_FEATURE_ORDER,random_forest,rf__depth_3__maxfeat_'sqrt'__leaf_10,fold2_validation,سخزر,سخزر|1398,سخزر|1399,1398,1399,0,0.142178919323,mean_of_5_fixed_seeds
persistent_loss_robustness_target,main_rule_a_primary,M1_PRIMARY_FEATURE_ORDER,random_forest,rf__depth_3__maxfeat_'sqrt'__leaf_10,fold2_validation,سخوز,سخوز|1397,سخوز|1398,1397,1398,0,0.197581475522,mean_of_5_fixed_seeds
persistent_loss_robustness_target,main_rule_a_primary,M1_PRIMARY_FEATURE_ORDER,random_forest,rf__depth_3__maxfeat_'sqrt'__leaf_10,fold2_validation,سخوز,سخوز|1398,سخوز|1399,1398,1399,0,0.14096330554,mean_of_5_fixed_seeds
persistent_loss_robustness_target,main_rule_a_primary,M1_PRIMARY_FEATURE_ORDER,random_forest,rf__depth_3__maxfeat_'sqrt'__leaf_10,fold2_validation,سدشت,سدشت|1397,سدشت|1398,1397,1398,0,0.249440452082,mean_of_5_fixed_seeds
persistent_loss_robustness_target,main_rule_a_primary,M1_PRIMARY_FEATURE_ORDER,random_forest,rf__depth_3__maxfeat_'sqrt'__leaf_10,fold2_validation,سدشت,سدشت|1398,سدشت|1399,1398,1399,0,0.203888465025,mean_of_5_fixed_seeds
persistent_loss_robustness_target,main_rule_a_primary,M1_PRIMARY_FEATURE_ORDER,random_forest,rf__depth_3__maxfeat_'sqrt'__leaf_10,fold2_validation,سدور,سدور|1397,سدور|1398,1397,1398,0,0.638482660785,mean_of_5_fixed_seeds
persistent_loss_robustness_target,main_rule_a_primary,M1_PRIMARY_FEATURE_ORDER,random_forest,rf__depth_3__maxfeat_'sqrt'__leaf_10,fold2_validation,سدور,سدور|1398,سدور|1399,1398,1399,0,0.590749672813,mean_of_5_fixed_seeds
persistent_loss_robustness_target,main_rule_a_primary,M1_PRIMARY_FEATURE_ORDER,random_forest,rf__depth_3__maxfeat_'sqrt'__leaf_10,fold2_validation,سرود,سرود|1397,سرود|1398,1397,1398,0,0.196937565681,mean_of_5_fixed_seeds
persistent_loss_robustness_target,main_rule_a_primary,M1_PRIMARY_FEATURE_ORDER,random_forest,rf__depth_3__maxfeat_'sqrt'__leaf_10,fold2_validation,سرود,سرود|1398,سرود|1399,1398,1399,0,0.164155578957,mean_of_5_fixed_seeds
persistent_loss_robustness_target,main_rule_a_primary,M1_PRIMARY_FEATURE_ORDER,random_forest,rf__depth_3__maxfeat_'sqrt'__leaf_10,fold2_validation,سشرق,سشرق|1397,سشرق|1398,1397,1398,0,0.588090298583,mean_of_5_fixed_seeds
persistent_loss_robustness_target,main_rule_a_primary,M1_PRIMARY_FEATURE_ORDER,random_forest,rf__depth_3__maxfeat_'sqrt'__leaf_10,fold2_validation,سشرق,سشرق|1398,سشرق|1399,1398,1399,0,0.227375448236,mean_of_5_fixed_seeds
persistent_loss_robustness_target,main_rule_a_primary,M1_PRIMARY_FEATURE_ORDER,random_forest,rf__depth_3__maxfeat_'sqrt'__leaf_10,fold2_validation,سصفها,سصفها|1397,سصفها|1398,1397,1398,0,0.291497090682,mean_of_5_fixed_seeds
persistent_loss_robustness_target,main_rule_a_primary,M1_PRIMARY_FEATURE_ORDER,random_forest,rf__depth_3__maxfeat_'sqrt'__leaf_10,fold2_validation,سصفها,سصفها|1398,سصفها|1399,1398,1399,0,0.211145346803,mean_of_5_fixed_seeds
persistent_loss_robustness_target,main_rule_a_primary,M1_PRIMARY_FEATURE_ORDER,random_forest,rf__depth_3__maxfeat_'sqrt'__leaf_10,fold2_validation,سغرب,سغرب|1397,سغرب|1398,1397,1398,0,0.136075132086,mean_of_5_fixed_seeds
persistent_loss_robustness_target,main_rule_a_primary,M1_PRIMARY_FEATURE_ORDER,random_forest,rf__depth_3__maxfeat_'sqrt'__leaf_10,fold2_validation,سغرب,سغرب|1398,سغرب|1399,1398,1399,0,0.144126499932,mean_of_5_fixed_seeds
persistent_loss_robustness_target,main_rule_a_primary,M1_PRIMARY_FEATURE_ORDER,random_forest,rf__depth_3__maxfeat_'sqrt'__leaf_10,fold2_validation,سقاین,سقاین|1397,سقاین|1398,1397,1398,0,0.227031322942,mean_of_5_fixed_seeds
persistent_loss_robustness_target,main_rule_a_primary,M1_PRIMARY_FEATURE_ORDER,random_forest,rf__depth_3__maxfeat_'sqrt'__leaf_10,fold2_validation,سقاین,سقاین|1398,سقاین|1399,1398,1399,0,0.162252688512,mean_of_5_fixed_seeds
persistent_loss_robustness_target,main_rule_a_primary,M1_PRIMARY_FEATURE_ORDER,random_forest,rf__depth_3__maxfeat_'sqrt'__leaf_10,fold2_validation,سمازن,سمازن|1397,سمازن|1398,1397,1398,0,0.190196106477,mean_of_5_fixed_seeds
persistent_loss_robustness_target,main_rule_a_primary,M1_PRIMARY_FEATURE_ORDER,random_forest,rf__depth_3__maxfeat_'sqrt'__leaf_10,fold2_validation,سمازن,سمازن|1398,سمازن|1399,1398,1399,0,0.152704385719,mean_of_5_fixed_seeds
persistent_loss_robustness_target,main_rule_a_primary,M1_PRIMARY_FEATURE_ORDER,random_forest,rf__depth_3__maxfeat_'sqrt'__leaf_10,fold2_validation,سنیر,سنیر|1397,سنیر|1398,1397,1398,0,0.153635911056,mean_of_5_fixed_seeds
persistent_loss_robustness_target,main_rule_a_primary,M1_PRIMARY_FEATURE_ORDER,random_forest,rf__depth_3__maxfeat_'sqrt'__leaf_10,fold2_validation,سنیر,سنیر|1398,سنیر|1399,1398,1399,0,0.11544396957,mean_of_5_fixed_seeds
persistent_loss_robustness_target,main_rule_a_primary,M1_PRIMARY_FEATURE_ORDER,random_forest,rf__depth_3__maxfeat_'sqrt'__leaf_10,fold2_validation,سهگمت,سهگمت|1397,سهگمت|1398,1397,1398,0,0.203562377081,mean_of_5_fixed_seeds
persistent_loss_robustness_target,main_rule_a_primary,M1_PRIMARY_FEATURE_ORDER,random_forest,rf__depth_3__maxfeat_'sqrt'__leaf_10,fold2_validation,سهگمت,سهگمت|1398,سهگمت|1399,1398,1399,0,0.194325017064,mean_of_5_fixed_seeds
persistent_loss_robustness_target,main_rule_a_primary,M1_PRIMARY_FEATURE_ORDER,random_forest,rf__depth_3__maxfeat_'sqrt'__leaf_10,fold2_validation,سپاها,سپاها|1397,سپاها|1398,1397,1398,0,0.268358571764,mean_of_5_fixed_seeds
persistent_loss_robustness_target,main_rule_a_primary,M1_PRIMARY_FEATURE_ORDER,random_forest,rf__depth_3__maxfeat_'sqrt'__leaf_10,fold2_validation,سپاها,سپاها|1398,سپاها|1399,1398,1399,0,0.207312746342,mean_of_5_fixed_seeds
persistent_loss_robustness_target,main_rule_a_primary,M1_PRIMARY_FEATURE_ORDER,random_forest,rf__depth_3__maxfeat_'sqrt'__leaf_10,fold2_validation,سکرد,سکرد|1397,سکرد|1398,1397,1398,0,0.80980066555,mean_of_5_fixed_seeds
persistent_loss_robustness_target,main_rule_a_primary,M1_PRIMARY_FEATURE_ORDER,random_forest,rf__depth_3__maxfeat_'sqrt'__leaf_10,fold2_validation,سکرد,سکرد|1398,سکرد|1399,1398,1399,0,0.576958811156,mean_of_5_fixed_seeds
persistent_loss_robustness_target,main_rule_a_primary,M1_PRIMARY_FEATURE_ORDER,random_forest,rf__depth_3__maxfeat_'sqrt'__leaf_10,fold2_validation,سیلام,سیلام|1397,سیلام|1398,1397,1398,1,0.658882632677,mean_of_5_fixed_seeds
persistent_loss_robustness_target,main_rule_a_primary,M1_PRIMARY_FEATURE_ORDER,random_forest,rf__depth_3__maxfeat_'sqrt'__leaf_10,fold2_validation,سیلام,سیلام|1398,سیلام|1399,1398,1399,1,0.811094128303,mean_of_5_fixed_seeds
persistent_loss_robustness_target,main_rule_a_primary,M1_PRIMARY_FEATURE_ORDER,random_forest,rf__depth_3__maxfeat_'sqrt'__leaf_10,fold2_validation,شاراک,شاراک|1397,شاراک|1398,1397,1398,0,0.092353565439,mean_of_5_fixed_seeds
persistent_loss_robustness_target,main_rule_a_primary,M1_PRIMARY_FEATURE_ORDER,random_forest,rf__depth_3__maxfeat_'sqrt'__leaf_10,fold2_validation,شاراک,شاراک|1398,شاراک|1399,1398,1399,0,0.111088475342,mean_of_5_fixed_seeds
persistent_loss_robustness_target,main_rule_a_primary,M1_PRIMARY_FEATURE_ORDER,random_forest,rf__depth_3__maxfeat_'sqrt'__leaf_10,fold2_validation,شبریز,شبریز|1397,شبریز|1398,1397,1398,0,0.112716946101,mean_of_5_fixed_seeds
persistent_loss_robustness_target,main_rule_a_primary,M1_PRIMARY_FEATURE_ORDER,random_forest,rf__depth_3__maxfeat_'sqrt'__leaf_10,fold2_validation,شبریز,شبریز|1398,شبریز|1399,1398,1399,0,0.138732499371,mean_of_5_fixed_seeds
persistent_loss_robustness_target,main_rule_a_primary,M1_PRIMARY_FEATURE_ORDER,random_forest,rf__depth_3__maxfeat_'sqrt'__leaf_10,fold2_validation,شبندر,شبندر|1397,شبندر|1398,1397,1398,0,0.110286224171,mean_of_5_fixed_seeds
persistent_loss_robustness_target,main_rule_a_primary,M1_PRIMARY_FEATURE_ORDER,random_forest,rf__depth_3__maxfeat_'sqrt'__leaf_10,fold2_validation,شبندر,شبندر|1398,شبندر|1399,1398,1399,0,0.144358616296,mean_of_5_fixed_seeds
persistent_loss_robustness_target,main_rule_a_primary,M1_PRIMARY_FEATURE_ORDER,random_forest,rf__depth_3__maxfeat_'sqrt'__leaf_10,fold2_validation,شدوص,شدوص|1397,شدوص|1398,1397,1398,0,0.196534336116,mean_of_5_fixed_seeds
persistent_loss_robustness_target,main_rule_a_primary,M1_PRIMARY_FEATURE_ORDER,random_forest,rf__depth_3__maxfeat_'sqrt'__leaf_10,fold2_validation,شدوص,شدوص|1398,شدوص|1399,1398,1399,0,0.144390412017,mean_of_5_fixed_seeds
persistent_loss_robustness_target,main_rule_a_primary,M1_PRIMARY_FEATURE_ORDER,random_forest,rf__depth_3__maxfeat_'sqrt'__leaf_10,fold2_validation,شفارس,شفارس|1397,شفارس|1398,1397,1398,0,0.295174445066,mean_of_5_fixed_seeds
persistent_loss_robustness_target,main_rule_a_primary,M1_PRIMARY_FEATURE_ORDER,random_forest,rf__depth_3__maxfeat_'sqrt'__leaf_10,fold2_validation,شفارس,شفارس|1398,شفارس|1399,1398,1399,0,0.215721959594,mean_of_5_fixed_seeds
persistent_loss_robustness_target,main_rule_a_primary,M1_PRIMARY_FEATURE_ORDER,random_forest,rf__depth_3__maxfeat_'sqrt'__leaf_10,fold2_validation,شلعاب,شلعاب|1397,شلعاب|1398,1397,1398,0,0.422623830224,mean_of_5_fixed_seeds
persistent_loss_robustness_target,main_rule_a_primary,M1_PRIMARY_FEATURE_ORDER,random_forest,rf__depth_3__maxfeat_'sqrt'__leaf_10,fold2_validation,شلعاب,شلعاب|1398,شلعاب|1399,1398,1399,0,0.438498806571,mean_of_5_fixed_seeds
persistent_loss_robustness_target,main_rule_a_primary,M1_PRIMARY_FEATURE_ORDER,random_forest,rf__depth_3__maxfeat_'sqrt'__leaf_10,fold2_validation,شپارس,شپارس|1397,شپارس|1398,1397,1398,0,0.449553645917,mean_of_5_fixed_seeds
persistent_loss_robustness_target,main_rule_a_primary,M1_PRIMARY_FEATURE_ORDER,random_forest,rf__depth_3__maxfeat_'sqrt'__leaf_10,fold2_validation,شپارس,شپارس|1398,شپارس|1399,1398,1399,0,0.302589684802,mean_of_5_fixed_seeds
persistent_loss_robustness_target,main_rule_a_primary,M1_PRIMARY_FEATURE_ORDER,random_forest,rf__depth_3__maxfeat_'sqrt'__leaf_10,fold2_validation,شپنا,شپنا|1397,شپنا|1398,1397,1398,0,0.115325792937,mean_of_5_fixed_seeds
persistent_loss_robustness_target,main_rule_a_primary,M1_PRIMARY_FEATURE_ORDER,random_forest,rf__depth_3__maxfeat_'sqrt'__leaf_10,fold2_validation,شپنا,شپنا|1398,شپنا|1399,1398,1399,0,0.150205775701,mean_of_5_fixed_seeds
persistent_loss_robustness_target,main_rule_a_primary,M1_PRIMARY_FEATURE_ORDER,random_forest,rf__depth_3__maxfeat_'sqrt'__leaf_10,fold2_validation,شکربن,شکربن|1397,شکربن|1398,1397,1398,0,0.117320262612,mean_of_5_fixed_seeds
persistent_loss_robustness_target,main_rule_a_primary,M1_PRIMARY_FEATURE_ORDER,random_forest,rf__depth_3__maxfeat_'sqrt'__leaf_10,fold2_validation,شکربن,شکربن|1398,شکربن|1399,1398,1399,0,0.129406751363,mean_of_5_fixed_seeds
persistent_loss_robustness_target,main_rule_a_primary,M1_PRIMARY_FEATURE_ORDER,random_forest,rf__depth_3__maxfeat_'sqrt'__leaf_10,fold2_validation,شکلر,شکلر|1398,شکلر|1399,1398,1399,0,0.151349313996,mean_of_5_fixed_seeds
persistent_loss_robustness_target,main_rule_a_primary,M1_PRIMARY_FEATURE_ORDER,random_forest,rf__depth_3__maxfeat_'sqrt'__leaf_10,fold2_validation,شیران,شیران|1397,شیران|1398,1397,1398,0,0.105162452069,mean_of_5_fixed_seeds
persistent_loss_robustness_target,main_rule_a_primary,M1_PRIMARY_FEATURE_ORDER,random_forest,rf__depth_3__maxfeat_'sqrt'__leaf_10,fold2_validation,شیران,شیران|1398,شیران|1399,1398,1399,0,0.121722310525,mean_of_5_fixed_seeds
persistent_loss_robustness_target,main_rule_a_primary,M1_PRIMARY_FEATURE_ORDER,random_forest,rf__depth_3__maxfeat_'sqrt'__leaf_10,fold2_validation,غبهنوش,غبهنوش|1397,غبهنوش|1398,1397,1398,0,0.573849921816,mean_of_5_fixed_seeds
persistent_loss_robustness_target,main_rule_a_primary,M1_PRIMARY_FEATURE_ORDER,random_forest,rf__depth_3__maxfeat_'sqrt'__leaf_10,fold2_validation,غبهنوش,غبهنوش|1398,غبهنوش|1399,1398,1399,0,0.600346735843,mean_of_5_fixed_seeds
persistent_loss_robustness_target,main_rule_a_primary,M1_PRIMARY_FEATURE_ORDER,random_forest,rf__depth_3__maxfeat_'sqrt'__leaf_10,fold2_validation,غدام,غدام|1397,غدام|1398,1397,1398,0,0.340484986761,mean_of_5_fixed_seeds
persistent_loss_robustness_target,main_rule_a_primary,M1_PRIMARY_FEATURE_ORDER,random_forest,rf__depth_3__maxfeat_'sqrt'__leaf_10,fold2_validation,غدام,غدام|1398,غدام|1399,1398,1399,0,0.415719472586,mean_of_5_fixed_seeds
persistent_loss_robustness_target,main_rule_a_primary,M1_PRIMARY_FEATURE_ORDER,random_forest,rf__depth_3__maxfeat_'sqrt'__leaf_10,fold2_validation,غسالم,غسالم|1397,غسالم|1398,1397,1398,0,0.156704830541,mean_of_5_fixed_seeds
persistent_loss_robustness_target,main_rule_a_primary,M1_PRIMARY_FEATURE_ORDER,random_forest,rf__depth_3__maxfeat_'sqrt'__leaf_10,fold2_validation,غسالم,غسالم|1398,غسالم|1399,1398,1399,0,0.174639320823,mean_of_5_fixed_seeds
persistent_loss_robustness_target,main_rule_a_primary,M1_PRIMARY_FEATURE_ORDER,random_forest,rf__depth_3__maxfeat_'sqrt'__leaf_10,fold2_validation,غشان,غشان|1397,غشان|1398,1397,1398,0,0.290200956909,mean_of_5_fixed_seeds
persistent_loss_robustness_target,main_rule_a_primary,M1_PRIMARY_FEATURE_ORDER,random_forest,rf__depth_3__maxfeat_'sqrt'__leaf_10,fold2_validation,غشان,غشان|1398,غشان|1399,1398,1399,0,0.267950916727,mean_of_5_fixed_seeds
persistent_loss_robustness_target,main_rule_a_primary,M1_PRIMARY_FEATURE_ORDER,random_forest,rf__depth_3__maxfeat_'sqrt'__leaf_10,fold2_validation,غشهد,غشهد|1397,غشهد|1398,1397,1398,0,0.588388561975,mean_of_5_fixed_seeds
persistent_loss_robustness_target,main_rule_a_primary,M1_PRIMARY_FEATURE_ORDER,random_forest,rf__depth_3__maxfeat_'sqrt'__leaf_10,fold2_validation,غشهد,غشهد|1398,غشهد|1399,1398,1399,0,0.286130452694,mean_of_5_fixed_seeds
persistent_loss_robustness_target,main_rule_a_primary,M1_PRIMARY_FEATURE_ORDER,random_forest,rf__depth_3__maxfeat_'sqrt'__leaf_10,fold2_validation,غنوش,غنوش|1397,غنوش|1398,1397,1398,0,0.199248391149,mean_of_5_fixed_seeds
persistent_loss_robustness_target,main_rule_a_primary,M1_PRIMARY_FEATURE_ORDER,random_forest,rf__depth_3__maxfeat_'sqrt'__leaf_10,fold2_validation,غنوش,غنوش|1398,غنوش|1399,1398,1399,0,0.264503634404,mean_of_5_fixed_seeds
persistent_loss_robustness_target,main_rule_a_primary,M1_PRIMARY_FEATURE_ORDER,random_forest,rf__depth_3__maxfeat_'sqrt'__leaf_10,fold2_validation,غگل,غگل|1397,غگل|1398,1397,1398,0,0.326278906505,mean_of_5_fixed_seeds
persistent_loss_robustness_target,main_rule_a_primary,M1_PRIMARY_FEATURE_ORDER,random_forest,rf__depth_3__maxfeat_'sqrt'__leaf_10,fold2_validation,غگل,غگل|1398,غگل|1399,1398,1399,0,0.194682542733,mean_of_5_fixed_seeds
persistent_loss_robustness_target,main_rule_a_primary,M1_PRIMARY_FEATURE_ORDER,random_forest,rf__depth_3__maxfeat_'sqrt'__leaf_10,fold2_validation,فاذر,فاذر|1397,فاذر|1398,1397,1398,0,0.501359028775,mean_of_5_fixed_seeds
persistent_loss_robustness_target,main_rule_a_primary,M1_PRIMARY_FEATURE_ORDER,random_forest,rf__depth_3__maxfeat_'sqrt'__leaf_10,fold2_validation,فاذر,فاذر|1398,فاذر|1399,1398,1399,1,0.524524302807,mean_of_5_fixed_seeds
persistent_loss_robustness_target,main_rule_a_primary,M1_PRIMARY_FEATURE_ORDER,random_forest,rf__depth_3__maxfeat_'sqrt'__leaf_10,fold2_validation,فایرا,فایرا|1397,فایرا|1398,1397,1398,0,0.140008069553,mean_of_5_fixed_seeds
persistent_loss_robustness_target,main_rule_a_primary,M1_PRIMARY_FEATURE_ORDER,random_forest,rf__depth_3__maxfeat_'sqrt'__leaf_10,fold2_validation,فایرا,فایرا|1398,فایرا|1399,1398,1399,0,0.164490990035,mean_of_5_fixed_seeds
persistent_loss_robustness_target,main_rule_a_primary,M1_PRIMARY_FEATURE_ORDER,random_forest,rf__depth_3__maxfeat_'sqrt'__leaf_10,fold2_validation,فباهنر,فباهنر|1397,فباهنر|1398,1397,1398,0,0.305159404456,mean_of_5_fixed_seeds
persistent_loss_robustness_target,main_rule_a_primary,M1_PRIMARY_FEATURE_ORDER,random_forest,rf__depth_3__maxfeat_'sqrt'__leaf_10,fold2_validation,فباهنر,فباهنر|1398,فباهنر|1399,1398,1399,0,0.160007744415,mean_of_5_fixed_seeds
persistent_loss_robustness_target,main_rule_a_primary,M1_PRIMARY_FEATURE_ORDER,random_forest,rf__depth_3__maxfeat_'sqrt'__leaf_10,fold2_validation,فجام,فجام|1397,فجام|1398,1397,1398,0,0.120738648244,mean_of_5_fixed_seeds
persistent_loss_robustness_target,main_rule_a_primary,M1_PRIMARY_FEATURE_ORDER,random_forest,rf__depth_3__maxfeat_'sqrt'__leaf_10,fold2_validation,فجام,فجام|1398,فجام|1399,1398,1399,0,0.114061658709,mean_of_5_fixed_seeds
persistent_loss_robustness_target,main_rule_a_primary,M1_PRIMARY_FEATURE_ORDER,random_forest,rf__depth_3__maxfeat_'sqrt'__leaf_10,fold2_validation,فجر,فجر|1397,فجر|1398,1397,1398,0,0.112616827455,mean_of_5_fixed_seeds
persistent_loss_robustness_target,main_rule_a_primary,M1_PRIMARY_FEATURE_ORDER,random_forest,rf__depth_3__maxfeat_'sqrt'__leaf_10,fold2_validation,فجر,فجر|1398,فجر|1399,1398,1399,0,0.235540736384,mean_of_5_fixed_seeds
persistent_loss_robustness_target,main_rule_a_primary,M1_PRIMARY_FEATURE_ORDER,random_forest,rf__depth_3__maxfeat_'sqrt'__leaf_10,fold2_validation,فخوز,فخوز|1397,فخوز|1398,1397,1398,0,0.150338888474,mean_of_5_fixed_seeds
persistent_loss_robustness_target,main_rule_a_primary,M1_PRIMARY_FEATURE_ORDER,random_forest,rf__depth_3__maxfeat_'sqrt'__leaf_10,fold2_validation,فخوز,فخوز|1398,فخوز|1399,1398,1399,0,0.109996365059,mean_of_5_fixed_seeds
persistent_loss_robustness_target,main_rule_a_primary,M1_PRIMARY_FEATURE_ORDER,random_forest,rf__depth_3__maxfeat_'sqrt'__leaf_10,fold2_validation,فرآور,فرآور|1397,فرآور|1398,1397,1398,0,0.135264830854,mean_of_5_fixed_seeds
persistent_loss_robustness_target,main_rule_a_primary,M1_PRIMARY_FEATURE_ORDER,random_forest,rf__depth_3__maxfeat_'sqrt'__leaf_10,fold2_validation,فرآور,فرآور|1398,فرآور|1399,1398,1399,0,0.131251865476,mean_of_5_fixed_seeds
persistent_loss_robustness_target,main_rule_a_primary,M1_PRIMARY_FEATURE_ORDER,random_forest,rf__depth_3__maxfeat_'sqrt'__leaf_10,fold2_validation,فسرب,فسرب|1397,فسرب|1398,1397,1398,0,0.148162426449,mean_of_5_fixed_seeds
persistent_loss_robustness_target,main_rule_a_primary,M1_PRIMARY_FEATURE_ORDER,random_forest,rf__depth_3__maxfeat_'sqrt'__leaf_10,fold2_validation,فسرب,فسرب|1398,فسرب|1399,1398,1399,0,0.258603143692,mean_of_5_fixed_seeds
persistent_loss_robustness_target,main_rule_a_primary,M1_PRIMARY_FEATURE_ORDER,random_forest,rf__depth_3__maxfeat_'sqrt'__leaf_10,fold2_validation,فسپا,فسپا|1397,فسپا|1398,1397,1398,0,0.117469100642,mean_of_5_fixed_seeds
persistent_loss_robustness_target,main_rule_a_primary,M1_PRIMARY_FEATURE_ORDER,random_forest,rf__depth_3__maxfeat_'sqrt'__leaf_10,fold2_validation,فسپا,فسپا|1398,فسپا|1399,1398,1399,0,0.237418501349,mean_of_5_fixed_seeds
persistent_loss_robustness_target,main_rule_a_primary,M1_PRIMARY_FEATURE_ORDER,random_forest,rf__depth_3__maxfeat_'sqrt'__leaf_10,fold2_validation,فمراد,فمراد|1397,فمراد|1398,1397,1398,1,0.765916883933,mean_of_5_fixed_seeds
persistent_loss_robustness_target,main_rule_a_primary,M1_PRIMARY_FEATURE_ORDER,random_forest,rf__depth_3__maxfeat_'sqrt'__leaf_10,fold2_validation,فمراد,فمراد|1398,فمراد|1399,1398,1399,0,0.674792405026,mean_of_5_fixed_seeds
persistent_loss_robustness_target,main_rule_a_primary,M1_PRIMARY_FEATURE_ORDER,random_forest,rf__depth_3__maxfeat_'sqrt'__leaf_10,fold2_validation,فملی,فملی|1397,فملی|1398,1397,1398,0,0.101138723734,mean_of_5_fixed_seeds
persistent_loss_robustness_target,main_rule_a_primary,M1_PRIMARY_FEATURE_ORDER,random_forest,rf__depth_3__maxfeat_'sqrt'__leaf_10,fold2_validation,فملی,فملی|1398,فملی|1399,1398,1399,0,0.093725137444,mean_of_5_fixed_seeds
persistent_loss_robustness_target,main_rule_a_primary,M1_PRIMARY_FEATURE_ORDER,random_forest,rf__depth_3__maxfeat_'sqrt'__leaf_10,fold2_validation,فنورد,فنورد|1397,فنورد|1398,1397,1398,0,0.572385513005,mean_of_5_fixed_seeds
persistent_loss_robustness_target,main_rule_a_primary,M1_PRIMARY_FEATURE_ORDER,random_forest,rf__depth_3__maxfeat_'sqrt'__leaf_10,fold2_validation,فنورد,فنورد|1398,فنورد|1399,1398,1399,0,0.169485845689,mean_of_5_fixed_seeds
persistent_loss_robustness_target,main_rule_a_primary,M1_PRIMARY_FEATURE_ORDER,random_forest,rf__depth_3__maxfeat_'sqrt'__leaf_10,fold2_validation,فولاژ,فولاژ|1397,فولاژ|1398,1397,1398,0,0.12511673852,mean_of_5_fixed_seeds
persistent_loss_robustness_target,main_rule_a_primary,M1_PRIMARY_FEATURE_ORDER,random_forest,rf__depth_3__maxfeat_'sqrt'__leaf_10,fold2_validation,فولاژ,فولاژ|1398,فولاژ|1399,1398,1399,0,0.100103701652,mean_of_5_fixed_seeds
persistent_loss_robustness_target,main_rule_a_primary,M1_PRIMARY_FEATURE_ORDER,random_forest,rf__depth_3__maxfeat_'sqrt'__leaf_10,fold2_validation,فپنتا,فپنتا|1397,فپنتا|1398,1397,1398,0,0.17863783291,mean_of_5_fixed_seeds
persistent_loss_robustness_target,main_rule_a_primary,M1_PRIMARY_FEATURE_ORDER,random_forest,rf__depth_3__maxfeat_'sqrt'__leaf_10,fold2_validation,فپنتا,فپنتا|1398,فپنتا|1399,1398,1399,0,0.199610981893,mean_of_5_fixed_seeds
persistent_loss_robustness_target,main_rule_a_primary,M1_PRIMARY_FEATURE_ORDER,random_forest,rf__depth_3__maxfeat_'sqrt'__leaf_10,fold2_validation,لابسا,لابسا|1397,لابسا|1398,1397,1398,0,0.19983854798,mean_of_5_fixed_seeds
persistent_loss_robustness_target,main_rule_a_primary,M1_PRIMARY_FEATURE_ORDER,random_forest,rf__depth_3__maxfeat_'sqrt'__leaf_10,fold2_validation,لابسا,لابسا|1398,لابسا|1399,1398,1399,0,0.270825159503,mean_of_5_fixed_seeds
persistent_loss_robustness_target,main_rule_a_primary,M1_PRIMARY_FEATURE_ORDER,random_forest,rf__depth_3__maxfeat_'sqrt'__leaf_10,fold2_validation,لبوتان,لبوتان|1397,لبوتان|1398,1397,1398,1,0.37013039798,mean_of_5_fixed_seeds
persistent_loss_robustness_target,main_rule_a_primary,M1_PRIMARY_FEATURE_ORDER,random_forest,rf__depth_3__maxfeat_'sqrt'__leaf_10,fold2_validation,لبوتان,لبوتان|1398,لبوتان|1399,1398,1399,1,0.454273631485,mean_of_5_fixed_seeds
persistent_loss_robustness_target,main_rule_a_primary,M1_PRIMARY_FEATURE_ORDER,random_forest,rf__depth_3__maxfeat_'sqrt'__leaf_10,fold2_validation,لخزر,لخزر|1397,لخزر|1398,1397,1398,0,0.304534499565,mean_of_5_fixed_seeds
persistent_loss_robustness_target,main_rule_a_primary,M1_PRIMARY_FEATURE_ORDER,random_forest,rf__depth_3__maxfeat_'sqrt'__leaf_10,fold2_validation,لخزر,لخزر|1398,لخزر|1399,1398,1399,0,0.255711009423,mean_of_5_fixed_seeds
persistent_loss_robustness_target,main_rule_a_primary,M1_PRIMARY_FEATURE_ORDER,random_forest,rf__depth_3__maxfeat_'sqrt'__leaf_10,fold2_validation,لسرما,لسرما|1397,لسرما|1398,1397,1398,0,0.248343571123,mean_of_5_fixed_seeds
persistent_loss_robustness_target,main_rule_a_primary,M1_PRIMARY_FEATURE_ORDER,random_forest,rf__depth_3__maxfeat_'sqrt'__leaf_10,fold2_validation,لسرما,لسرما|1398,لسرما|1399,1398,1399,0,0.159519572742,mean_of_5_fixed_seeds
persistent_loss_robustness_target,main_rule_a_primary,M1_PRIMARY_FEATURE_ORDER,random_forest,rf__depth_3__maxfeat_'sqrt'__leaf_10,fold2_validation,نوری,نوری|1398,نوری|1399,1398,1399,0,0.222683503573,mean_of_5_fixed_seeds
persistent_loss_robustness_target,main_rule_a_primary,M1_PRIMARY_FEATURE_ORDER,random_forest,rf__depth_3__maxfeat_'sqrt'__leaf_10,fold2_validation,های وب,های وب|1397,های وب|1398,1397,1398,0,0.222831170605,mean_of_5_fixed_seeds
persistent_loss_robustness_target,main_rule_a_primary,M1_PRIMARY_FEATURE_ORDER,random_forest,rf__depth_3__maxfeat_'sqrt'__leaf_10,fold2_validation,های وب,های وب|1398,های وب|1399,1398,1399,0,0.143061450379,mean_of_5_fixed_seeds
persistent_loss_robustness_target,main_rule_a_primary,M1_PRIMARY_FEATURE_ORDER,random_forest,rf__depth_3__maxfeat_'sqrt'__leaf_10,fold2_validation,همراه,همراه|1397,همراه|1398,1397,1398,0,0.222879391837,mean_of_5_fixed_seeds
persistent_loss_robustness_target,main_rule_a_primary,M1_PRIMARY_FEATURE_ORDER,random_forest,rf__depth_3__maxfeat_'sqrt'__leaf_10,fold2_validation,همراه,همراه|1398,همراه|1399,1398,1399,0,0.228998841962,mean_of_5_fixed_seeds
persistent_loss_robustness_target,main_rule_a_primary,M1_PRIMARY_FEATURE_ORDER,random_forest,rf__depth_3__maxfeat_'sqrt'__leaf_10,fold2_validation,پارس,پارس|1397,پارس|1398,1397,1398,0,0.099609676348,mean_of_5_fixed_seeds
persistent_loss_robustness_target,main_rule_a_primary,M1_PRIMARY_FEATURE_ORDER,random_forest,rf__depth_3__maxfeat_'sqrt'__leaf_10,fold2_validation,پارس,پارس|1398,پارس|1399,1398,1399,0,0.097066223278,mean_of_5_fixed_seeds
persistent_loss_robustness_target,main_rule_a_primary,M1_PRIMARY_FEATURE_ORDER,random_forest,rf__depth_3__maxfeat_'sqrt'__leaf_10,fold2_validation,پدرخش,پدرخش|1397,پدرخش|1398,1397,1398,0,0.135437111357,mean_of_5_fixed_seeds
persistent_loss_robustness_target,main_rule_a_primary,M1_PRIMARY_FEATURE_ORDER,random_forest,rf__depth_3__maxfeat_'sqrt'__leaf_10,fold2_validation,پدرخش,پدرخش|1398,پدرخش|1399,1398,1399,0,0.176760804924,mean_of_5_fixed_seeds
persistent_loss_robustness_target,main_rule_a_primary,M1_PRIMARY_FEATURE_ORDER,random_forest,rf__depth_3__maxfeat_'sqrt'__leaf_10,fold2_validation,پرداخت,پرداخت|1397,پرداخت|1398,1397,1398,0,0.133631070017,mean_of_5_fixed_seeds
persistent_loss_robustness_target,main_rule_a_primary,M1_PRIMARY_FEATURE_ORDER,random_forest,rf__depth_3__maxfeat_'sqrt'__leaf_10,fold2_validation,پرداخت,پرداخت|1398,پرداخت|1399,1398,1399,0,0.139783119836,mean_of_5_fixed_seeds
persistent_loss_robustness_target,main_rule_a_primary,M1_PRIMARY_FEATURE_ORDER,random_forest,rf__depth_3__maxfeat_'sqrt'__leaf_10,fold2_validation,پسهند,پسهند|1397,پسهند|1398,1397,1398,0,0.153110235649,mean_of_5_fixed_seeds
persistent_loss_robustness_target,main_rule_a_primary,M1_PRIMARY_FEATURE_ORDER,random_forest,rf__depth_3__maxfeat_'sqrt'__leaf_10,fold2_validation,پسهند,پسهند|1398,پسهند|1399,1398,1399,0,0.110691959597,mean_of_5_fixed_seeds
persistent_loss_robustness_target,main_rule_a_primary,M1_PRIMARY_FEATURE_ORDER,random_forest,rf__depth_3__maxfeat_'sqrt'__leaf_10,fold2_validation,پلاسک,پلاسک|1397,پلاسک|1398,1397,1398,1,0.762720280711,mean_of_5_fixed_seeds
persistent_loss_robustness_target,main_rule_a_primary,M1_PRIMARY_FEATURE_ORDER,random_forest,rf__depth_3__maxfeat_'sqrt'__leaf_10,fold2_validation,پلاسک,پلاسک|1398,پلاسک|1399,1398,1399,0,0.726170576199,mean_of_5_fixed_seeds
persistent_loss_robustness_target,main_rule_a_primary,M1_PRIMARY_FEATURE_ORDER,random_forest,rf__depth_3__maxfeat_'sqrt'__leaf_10,fold2_validation,چافست,چافست|1397,چافست|1398,1397,1398,0,0.167744687594,mean_of_5_fixed_seeds
persistent_loss_robustness_target,main_rule_a_primary,M1_PRIMARY_FEATURE_ORDER,random_forest,rf__depth_3__maxfeat_'sqrt'__leaf_10,fold2_validation,چافست,چافست|1398,چافست|1399,1398,1399,0,0.121945249202,mean_of_5_fixed_seeds
persistent_loss_robustness_target,main_rule_a_primary,M1_PRIMARY_FEATURE_ORDER,random_forest,rf__depth_3__maxfeat_'sqrt'__leaf_10,fold2_validation,چکارن,چکارن|1397,چکارن|1398,1397,1398,0,0.391280710463,mean_of_5_fixed_seeds
persistent_loss_robustness_target,main_rule_a_primary,M1_PRIMARY_FEATURE_ORDER,random_forest,rf__depth_3__maxfeat_'sqrt'__leaf_10,fold2_validation,چکارن,چکارن|1398,چکارن|1399,1398,1399,0,0.313143836073,mean_of_5_fixed_seeds
persistent_loss_robustness_target,main_rule_a_primary,M1_PRIMARY_FEATURE_ORDER,random_forest,rf__depth_3__maxfeat_'sqrt'__leaf_10,fold2_validation,کاوه,کاوه|1397,کاوه|1398,1397,1398,0,0.287642770044,mean_of_5_fixed_seeds
persistent_loss_robustness_target,main_rule_a_primary,M1_PRIMARY_FEATURE_ORDER,random_forest,rf__depth_3__maxfeat_'sqrt'__leaf_10,fold2_validation,کاوه,کاوه|1398,کاوه|1399,1398,1399,0,0.23128869317,mean_of_5_fixed_seeds
persistent_loss_robustness_target,main_rule_a_primary,M1_PRIMARY_FEATURE_ORDER,random_forest,rf__depth_3__maxfeat_'sqrt'__leaf_10,fold2_validation,کبافق,کبافق|1397,کبافق|1398,1397,1398,0,0.217410668634,mean_of_5_fixed_seeds
persistent_loss_robustness_target,main_rule_a_primary,M1_PRIMARY_FEATURE_ORDER,random_forest,rf__depth_3__maxfeat_'sqrt'__leaf_10,fold2_validation,کبافق,کبافق|1398,کبافق|1399,1398,1399,0,0.218502787187,mean_of_5_fixed_seeds
persistent_loss_robustness_target,main_rule_a_primary,M1_PRIMARY_FEATURE_ORDER,random_forest,rf__depth_3__maxfeat_'sqrt'__leaf_10,fold2_validation,کرازی,کرازی|1397,کرازی|1398,1397,1398,0,0.130359174689,mean_of_5_fixed_seeds
persistent_loss_robustness_target,main_rule_a_primary,M1_PRIMARY_FEATURE_ORDER,random_forest,rf__depth_3__maxfeat_'sqrt'__leaf_10,fold2_validation,کرازی,کرازی|1398,کرازی|1399,1398,1399,0,0.132585330018,mean_of_5_fixed_seeds
persistent_loss_robustness_target,main_rule_a_primary,M1_PRIMARY_FEATURE_ORDER,random_forest,rf__depth_3__maxfeat_'sqrt'__leaf_10,fold2_validation,کفرا,کفرا|1397,کفرا|1398,1397,1398,0,0.10834621786,mean_of_5_fixed_seeds
persistent_loss_robustness_target,main_rule_a_primary,M1_PRIMARY_FEATURE_ORDER,random_forest,rf__depth_3__maxfeat_'sqrt'__leaf_10,fold2_validation,کفرا,کفرا|1398,کفرا|1399,1398,1399,0,0.137302628065,mean_of_5_fixed_seeds
persistent_loss_robustness_target,main_rule_a_primary,M1_PRIMARY_FEATURE_ORDER,random_forest,rf__depth_3__maxfeat_'sqrt'__leaf_10,fold2_validation,کفپارس,کفپارس|1397,کفپارس|1398,1397,1398,0,0.451239843329,mean_of_5_fixed_seeds
persistent_loss_robustness_target,main_rule_a_primary,M1_PRIMARY_FEATURE_ORDER,random_forest,rf__depth_3__maxfeat_'sqrt'__leaf_10,fold2_validation,کفپارس,کفپارس|1398,کفپارس|1399,1398,1399,0,0.82081316719,mean_of_5_fixed_seeds
persistent_loss_robustness_target,main_rule_a_primary,M1_PRIMARY_FEATURE_ORDER,random_forest,rf__depth_3__maxfeat_'sqrt'__leaf_10,fold2_validation,کهمدا,کهمدا|1397,کهمدا|1398,1397,1398,0,0.121671673587,mean_of_5_fixed_seeds
persistent_loss_robustness_target,main_rule_a_primary,M1_PRIMARY_FEATURE_ORDER,random_forest,rf__depth_3__maxfeat_'sqrt'__leaf_10,fold2_validation,کهمدا,کهمدا|1398,کهمدا|1399,1398,1399,0,0.173748609881,mean_of_5_fixed_seeds
persistent_loss_robustness_target,main_rule_a_primary,M1_PRIMARY_FEATURE_ORDER,random_forest,rf__depth_3__maxfeat_'sqrt'__leaf_10,fold2_validation,کویر,کویر|1398,کویر|1399,1398,1399,0,0.21195767197,mean_of_5_fixed_seeds
persistent_loss_robustness_target,main_rule_a_primary,M1_PRIMARY_FEATURE_ORDER,random_forest,rf__depth_3__maxfeat_'sqrt'__leaf_10,fold2_validation,کگاز,کگاز|1397,کگاز|1398,1397,1398,0,0.137002102891,mean_of_5_fixed_seeds
persistent_loss_robustness_target,main_rule_a_primary,M1_PRIMARY_FEATURE_ORDER,random_forest,rf__depth_3__maxfeat_'sqrt'__leaf_10,fold2_validation,کگاز,کگاز|1398,کگاز|1399,1398,1399,0,0.271259730379,mean_of_5_fixed_seeds
persistent_loss_robustness_target,main_rule_a_primary,M1_PRIMARY_FEATURE_ORDER,random_forest,rf__depth_3__maxfeat_'sqrt'__leaf_10,fold2_validation,کگل,کگل|1397,کگل|1398,1397,1398,0,0.122980564945,mean_of_5_fixed_seeds
persistent_loss_robustness_target,main_rule_a_primary,M1_PRIMARY_FEATURE_ORDER,random_forest,rf__depth_3__maxfeat_'sqrt'__leaf_10,fold2_validation,کگل,کگل|1398,کگل|1399,1398,1399,0,0.116824618566,mean_of_5_fixed_seeds
persistent_loss_robustness_target,main_rule_a_primary,M1_PRIMARY_FEATURE_ORDER,xgboost,xgboost__lr_0.03__depth_2__mcw_1__lambda_1,fold1_validation,بالبر,بالبر|1395,بالبر|1396,1395,1396,1,0.921634018421,mean_of_5_fixed_seeds
persistent_loss_robustness_target,main_rule_a_primary,M1_PRIMARY_FEATURE_ORDER,xgboost,xgboost__lr_0.03__depth_2__mcw_1__lambda_1,fold1_validation,بالبر,بالبر|1396,بالبر|1397,1396,1397,1,0.371255457401,mean_of_5_fixed_seeds
persistent_loss_robustness_target,main_rule_a_primary,M1_PRIMARY_FEATURE_ORDER,xgboost,xgboost__lr_0.03__depth_2__mcw_1__lambda_1,fold1_validation,بترانس,بترانس|1395,بترانس|1396,1395,1396,0,0.736005187035,mean_of_5_fixed_seeds
persistent_loss_robustness_target,main_rule_a_primary,M1_PRIMARY_FEATURE_ORDER,xgboost,xgboost__lr_0.03__depth_2__mcw_1__lambda_1,fold1_validation,بترانس,بترانس|1396,بترانس|1397,1396,1397,0,0.293031275272,mean_of_5_fixed_seeds
persistent_loss_robustness_target,main_rule_a_primary,M1_PRIMARY_FEATURE_ORDER,xgboost,xgboost__lr_0.03__depth_2__mcw_1__lambda_1,fold1_validation,بموتو,بموتو|1395,بموتو|1396,1395,1396,0,0.020361511037,mean_of_5_fixed_seeds
persistent_loss_robustness_target,main_rule_a_primary,M1_PRIMARY_FEATURE_ORDER,xgboost,xgboost__lr_0.03__depth_2__mcw_1__lambda_1,fold1_validation,بموتو,بموتو|1396,بموتو|1397,1396,1397,1,0.020808119327,mean_of_5_fixed_seeds
persistent_loss_robustness_target,main_rule_a_primary,M1_PRIMARY_FEATURE_ORDER,xgboost,xgboost__lr_0.03__depth_2__mcw_1__lambda_1,fold1_validation,بکاب,بکاب|1395,بکاب|1396,1395,1396,0,0.024045079947,mean_of_5_fixed_seeds
persistent_loss_robustness_target,main_rule_a_primary,M1_PRIMARY_FEATURE_ORDER,xgboost,xgboost__lr_0.03__depth_2__mcw_1__lambda_1,fold1_validation,بکاب,بکاب|1396,بکاب|1397,1396,1397,0,0.01742332615,mean_of_5_fixed_seeds
persistent_loss_robustness_target,main_rule_a_primary,M1_PRIMARY_FEATURE_ORDER,xgboost,xgboost__lr_0.03__depth_2__mcw_1__lambda_1,fold1_validation,بکام,بکام|1395,بکام|1396,1395,1396,0,0.262977689505,mean_of_5_fixed_seeds
persistent_loss_robustness_target,main_rule_a_primary,M1_PRIMARY_FEATURE_ORDER,xgboost,xgboost__lr_0.03__depth_2__mcw_1__lambda_1,fold1_validation,بکام,بکام|1396,بکام|1397,1396,1397,1,0.828457951546,mean_of_5_fixed_seeds
persistent_loss_robustness_target,main_rule_a_primary,M1_PRIMARY_FEATURE_ORDER,xgboost,xgboost__lr_0.03__depth_2__mcw_1__lambda_1,fold1_validation,تپمپی,تپمپی|1395,تپمپی|1396,1395,1396,0,0.022163549438,mean_of_5_fixed_seeds
persistent_loss_robustness_target,main_rule_a_primary,M1_PRIMARY_FEATURE_ORDER,xgboost,xgboost__lr_0.03__depth_2__mcw_1__lambda_1,fold1_validation,تپمپی,تپمپی|1396,تپمپی|1397,1396,1397,0,0.021907500923,mean_of_5_fixed_seeds
persistent_loss_robustness_target,main_rule_a_primary,M1_PRIMARY_FEATURE_ORDER,xgboost,xgboost__lr_0.03__depth_2__mcw_1__lambda_1,fold1_validation,تکمبا,تکمبا|1395,تکمبا|1396,1395,1396,0,0.553818821907,mean_of_5_fixed_seeds
persistent_loss_robustness_target,main_rule_a_primary,M1_PRIMARY_FEATURE_ORDER,xgboost,xgboost__lr_0.03__depth_2__mcw_1__lambda_1,fold1_validation,تکمبا,تکمبا|1396,تکمبا|1397,1396,1397,0,0.386025339365,mean_of_5_fixed_seeds
persistent_loss_robustness_target,main_rule_a_primary,M1_PRIMARY_FEATURE_ORDER,xgboost,xgboost__lr_0.03__depth_2__mcw_1__lambda_1,fold1_validation,ثشرق,ثشرق|1395,ثشرق|1396,1395,1396,0,0.013064816594,mean_of_5_fixed_seeds
persistent_loss_robustness_target,main_rule_a_primary,M1_PRIMARY_FEATURE_ORDER,xgboost,xgboost__lr_0.03__depth_2__mcw_1__lambda_1,fold1_validation,ثشرق,ثشرق|1396,ثشرق|1397,1396,1397,0,0.297171413898,mean_of_5_fixed_seeds
persistent_loss_robustness_target,main_rule_a_primary,M1_PRIMARY_FEATURE_ORDER,xgboost,xgboost__lr_0.03__depth_2__mcw_1__lambda_1,fold1_validation,ثنوسا,ثنوسا|1395,ثنوسا|1396,1395,1396,1,0.781456589699,mean_of_5_fixed_seeds
persistent_loss_robustness_target,main_rule_a_primary,M1_PRIMARY_FEATURE_ORDER,xgboost,xgboost__lr_0.03__depth_2__mcw_1__lambda_1,fold1_validation,ثنوسا,ثنوسا|1396,ثنوسا|1397,1396,1397,1,0.920833587646,mean_of_5_fixed_seeds
persistent_loss_robustness_target,main_rule_a_primary,M1_PRIMARY_FEATURE_ORDER,xgboost,xgboost__lr_0.03__depth_2__mcw_1__lambda_1,fold1_validation,جم,جم|1395,جم|1396,1395,1396,0,0.004798576236,mean_of_5_fixed_seeds
persistent_loss_robustness_target,main_rule_a_primary,M1_PRIMARY_FEATURE_ORDER,xgboost,xgboost__lr_0.03__depth_2__mcw_1__lambda_1,fold1_validation,جم,جم|1396,جم|1397,1396,1397,0,0.004994369112,mean_of_5_fixed_seeds
persistent_loss_robustness_target,main_rule_a_primary,M1_PRIMARY_FEATURE_ORDER,xgboost,xgboost__lr_0.03__depth_2__mcw_1__lambda_1,fold1_validation,حپترو,حپترو|1395,حپترو|1396,1395,1396,0,0.211493164301,mean_of_5_fixed_seeds
persistent_loss_robustness_target,main_rule_a_primary,M1_PRIMARY_FEATURE_ORDER,xgboost,xgboost__lr_0.03__depth_2__mcw_1__lambda_1,fold1_validation,حپترو,حپترو|1396,حپترو|1397,1396,1397,0,0.25751081109,mean_of_5_fixed_seeds
persistent_loss_robustness_target,main_rule_a_primary,M1_PRIMARY_FEATURE_ORDER,xgboost,xgboost__lr_0.03__depth_2__mcw_1__lambda_1,fold1_validation,حکشتی,حکشتی|1395,حکشتی|1396,1395,1396,0,0.044790755957,mean_of_5_fixed_seeds
persistent_loss_robustness_target,main_rule_a_primary,M1_PRIMARY_FEATURE_ORDER,xgboost,xgboost__lr_0.03__depth_2__mcw_1__lambda_1,fold1_validation,حکشتی,حکشتی|1396,حکشتی|1397,1396,1397,0,0.07075458765,mean_of_5_fixed_seeds
persistent_loss_robustness_target,main_rule_a_primary,M1_PRIMARY_FEATURE_ORDER,xgboost,xgboost__lr_0.03__depth_2__mcw_1__lambda_1,fold1_validation,خاذین,خاذین|1395,خاذین|1396,1395,1396,0,0.348874032497,mean_of_5_fixed_seeds
persistent_loss_robustness_target,main_rule_a_primary,M1_PRIMARY_FEATURE_ORDER,xgboost,xgboost__lr_0.03__depth_2__mcw_1__lambda_1,fold1_validation,خاذین,خاذین|1396,خاذین|1397,1396,1397,0,0.463020503521,mean_of_5_fixed_seeds
persistent_loss_robustness_target,main_rule_a_primary,M1_PRIMARY_FEATURE_ORDER,xgboost,xgboost__lr_0.03__depth_2__mcw_1__lambda_1,fold1_validation,خبهمن,خبهمن|1395,خبهمن|1396,1395,1396,0,0.97813719511,mean_of_5_fixed_seeds
persistent_loss_robustness_target,main_rule_a_primary,M1_PRIMARY_FEATURE_ORDER,xgboost,xgboost__lr_0.03__depth_2__mcw_1__lambda_1,fold1_validation,خبهمن,خبهمن|1396,خبهمن|1397,1396,1397,0,0.525501191616,mean_of_5_fixed_seeds
persistent_loss_robustness_target,main_rule_a_primary,M1_PRIMARY_FEATURE_ORDER,xgboost,xgboost__lr_0.03__depth_2__mcw_1__lambda_1,fold1_validation,ختوقا,ختوقا|1395,ختوقا|1396,1395,1396,1,0.602439582348,mean_of_5_fixed_seeds
persistent_loss_robustness_target,main_rule_a_primary,M1_PRIMARY_FEATURE_ORDER,xgboost,xgboost__lr_0.03__depth_2__mcw_1__lambda_1,fold1_validation,ختوقا,ختوقا|1396,ختوقا|1397,1396,1397,1,0.966471850872,mean_of_5_fixed_seeds
persistent_loss_robustness_target,main_rule_a_primary,M1_PRIMARY_FEATURE_ORDER,xgboost,xgboost__lr_0.03__depth_2__mcw_1__lambda_1,fold1_validation,خرینگ,خرینگ|1395,خرینگ|1396,1395,1396,1,0.952911973,mean_of_5_fixed_seeds
persistent_loss_robustness_target,main_rule_a_primary,M1_PRIMARY_FEATURE_ORDER,xgboost,xgboost__lr_0.03__depth_2__mcw_1__lambda_1,fold1_validation,خرینگ,خرینگ|1396,خرینگ|1397,1396,1397,0,0.955410122871,mean_of_5_fixed_seeds
persistent_loss_robustness_target,main_rule_a_primary,M1_PRIMARY_FEATURE_ORDER,xgboost,xgboost__lr_0.03__depth_2__mcw_1__lambda_1,fold1_validation,خمحور,خمحور|1395,خمحور|1396,1395,1396,0,0.205524131656,mean_of_5_fixed_seeds
persistent_loss_robustness_target,main_rule_a_primary,M1_PRIMARY_FEATURE_ORDER,xgboost,xgboost__lr_0.03__depth_2__mcw_1__lambda_1,fold1_validation,خمحور,خمحور|1396,خمحور|1397,1396,1397,0,0.109550952911,mean_of_5_fixed_seeds
persistent_loss_robustness_target,main_rule_a_primary,M1_PRIMARY_FEATURE_ORDER,xgboost,xgboost__lr_0.03__depth_2__mcw_1__lambda_1,fold1_validation,خمهر,خمهر|1395,خمهر|1396,1395,1396,1,0.56190097332,mean_of_5_fixed_seeds
persistent_loss_robustness_target,main_rule_a_primary,M1_PRIMARY_FEATURE_ORDER,xgboost,xgboost__lr_0.03__depth_2__mcw_1__lambda_1,fold1_validation,خمهر,خمهر|1396,خمهر|1397,1396,1397,0,0.5069257617,mean_of_5_fixed_seeds
persistent_loss_robustness_target,main_rule_a_primary,M1_PRIMARY_FEATURE_ORDER,xgboost,xgboost__lr_0.03__depth_2__mcw_1__lambda_1,fold1_validation,خنصیر,خنصیر|1395,خنصیر|1396,1395,1396,1,0.965122044086,mean_of_5_fixed_seeds
persistent_loss_robustness_target,main_rule_a_primary,M1_PRIMARY_FEATURE_ORDER,xgboost,xgboost__lr_0.03__depth_2__mcw_1__lambda_1,fold1_validation,خنصیر,خنصیر|1396,خنصیر|1397,1396,1397,1,0.932443022728,mean_of_5_fixed_seeds
persistent_loss_robustness_target,main_rule_a_primary,M1_PRIMARY_FEATURE_ORDER,xgboost,xgboost__lr_0.03__depth_2__mcw_1__lambda_1,fold1_validation,خوساز,خوساز|1395,خوساز|1396,1395,1396,1,0.888098359108,mean_of_5_fixed_seeds
persistent_loss_robustness_target,main_rule_a_primary,M1_PRIMARY_FEATURE_ORDER,xgboost,xgboost__lr_0.03__depth_2__mcw_1__lambda_1,fold1_validation,خوساز,خوساز|1396,خوساز|1397,1396,1397,1,0.873043060303,mean_of_5_fixed_seeds
persistent_loss_robustness_target,main_rule_a_primary,M1_PRIMARY_FEATURE_ORDER,xgboost,xgboost__lr_0.03__depth_2__mcw_1__lambda_1,fold1_validation,خچرخش,خچرخش|1395,خچرخش|1396,1395,1396,0,0.041189871728,mean_of_5_fixed_seeds
persistent_loss_robustness_target,main_rule_a_primary,M1_PRIMARY_FEATURE_ORDER,xgboost,xgboost__lr_0.03__depth_2__mcw_1__lambda_1,fold1_validation,خچرخش,خچرخش|1396,خچرخش|1397,1396,1397,0,0.022014696151,mean_of_5_fixed_seeds
persistent_loss_robustness_target,main_rule_a_primary,M1_PRIMARY_FEATURE_ORDER,xgboost,xgboost__lr_0.03__depth_2__mcw_1__lambda_1,fold1_validation,خکمک,خکمک|1395,خکمک|1396,1395,1396,0,0.793048918247,mean_of_5_fixed_seeds
persistent_loss_robustness_target,main_rule_a_primary,M1_PRIMARY_FEATURE_ORDER,xgboost,xgboost__lr_0.03__depth_2__mcw_1__lambda_1,fold1_validation,خکمک,خکمک|1396,خکمک|1397,1396,1397,0,0.906027972698,mean_of_5_fixed_seeds
persistent_loss_robustness_target,main_rule_a_primary,M1_PRIMARY_FEATURE_ORDER,xgboost,xgboost__lr_0.03__depth_2__mcw_1__lambda_1,fold1_validation,ددام,ددام|1395,ددام|1396,1395,1396,1,0.964839279652,mean_of_5_fixed_seeds
persistent_loss_robustness_target,main_rule_a_primary,M1_PRIMARY_FEATURE_ORDER,xgboost,xgboost__lr_0.03__depth_2__mcw_1__lambda_1,fold1_validation,ددام,ددام|1396,ددام|1397,1396,1397,0,0.927216410637,mean_of_5_fixed_seeds
persistent_loss_robustness_target,main_rule_a_primary,M1_PRIMARY_FEATURE_ORDER,xgboost,xgboost__lr_0.03__depth_2__mcw_1__lambda_1,fold1_validation,دروز,دروز|1395,دروز|1396,1395,1396,0,0.192022055387,mean_of_5_fixed_seeds
persistent_loss_robustness_target,main_rule_a_primary,M1_PRIMARY_FEATURE_ORDER,xgboost,xgboost__lr_0.03__depth_2__mcw_1__lambda_1,fold1_validation,دروز,دروز|1396,دروز|1397,1396,1397,0,0.024373320863,mean_of_5_fixed_seeds
persistent_loss_robustness_target,main_rule_a_primary,M1_PRIMARY_FEATURE_ORDER,xgboost,xgboost__lr_0.03__depth_2__mcw_1__lambda_1,fold1_validation,دسبحا,دسبحا|1395,دسبحا|1396,1395,1396,0,0.01577337645,mean_of_5_fixed_seeds
persistent_loss_robustness_target,main_rule_a_primary,M1_PRIMARY_FEATURE_ORDER,xgboost,xgboost__lr_0.03__depth_2__mcw_1__lambda_1,fold1_validation,دسبحا,دسبحا|1396,دسبحا|1397,1396,1397,0,0.025719096884,mean_of_5_fixed_seeds
persistent_loss_robustness_target,main_rule_a_primary,M1_PRIMARY_FEATURE_ORDER,xgboost,xgboost__lr_0.03__depth_2__mcw_1__lambda_1,fold1_validation,دسینا,دسینا|1395,دسینا|1396,1395,1396,0,0.012548722327,mean_of_5_fixed_seeds
persistent_loss_robustness_target,main_rule_a_primary,M1_PRIMARY_FEATURE_ORDER,xgboost,xgboost__lr_0.03__depth_2__mcw_1__lambda_1,fold1_validation,دسینا,دسینا|1396,دسینا|1397,1396,1397,0,0.01707450673,mean_of_5_fixed_seeds
persistent_loss_robustness_target,main_rule_a_primary,M1_PRIMARY_FEATURE_ORDER,xgboost,xgboost__lr_0.03__depth_2__mcw_1__lambda_1,fold1_validation,دشیمی,دشیمی|1395,دشیمی|1396,1395,1396,0,0.19069801271,mean_of_5_fixed_seeds
persistent_loss_robustness_target,main_rule_a_primary,M1_PRIMARY_FEATURE_ORDER,xgboost,xgboost__lr_0.03__depth_2__mcw_1__lambda_1,fold1_validation,دشیمی,دشیمی|1396,دشیمی|1397,1396,1397,1,0.174344539642,mean_of_5_fixed_seeds
persistent_loss_robustness_target,main_rule_a_primary,M1_PRIMARY_FEATURE_ORDER,xgboost,xgboost__lr_0.03__depth_2__mcw_1__lambda_1,fold1_validation,دیران,دیران|1395,دیران|1396,1395,1396,0,0.591886162758,mean_of_5_fixed_seeds
persistent_loss_robustness_target,main_rule_a_primary,M1_PRIMARY_FEATURE_ORDER,xgboost,xgboost__lr_0.03__depth_2__mcw_1__lambda_1,fold1_validation,دیران,دیران|1396,دیران|1397,1396,1397,0,0.227029114962,mean_of_5_fixed_seeds
persistent_loss_robustness_target,main_rule_a_primary,M1_PRIMARY_FEATURE_ORDER,xgboost,xgboost__lr_0.03__depth_2__mcw_1__lambda_1,fold1_validation,رانفور,رانفور|1395,رانفور|1396,1395,1396,0,0.011463270523,mean_of_5_fixed_seeds
persistent_loss_robustness_target,main_rule_a_primary,M1_PRIMARY_FEATURE_ORDER,xgboost,xgboost__lr_0.03__depth_2__mcw_1__lambda_1,fold1_validation,رانفور,رانفور|1396,رانفور|1397,1396,1397,0,0.011452274397,mean_of_5_fixed_seeds
persistent_loss_robustness_target,main_rule_a_primary,M1_PRIMARY_FEATURE_ORDER,xgboost,xgboost__lr_0.03__depth_2__mcw_1__lambda_1,fold1_validation,زمگسا,زمگسا|1395,زمگسا|1396,1395,1396,0,0.282929897308,mean_of_5_fixed_seeds
persistent_loss_robustness_target,main_rule_a_primary,M1_PRIMARY_FEATURE_ORDER,xgboost,xgboost__lr_0.03__depth_2__mcw_1__lambda_1,fold1_validation,زمگسا,زمگسا|1396,زمگسا|1397,1396,1397,0,0.284553676844,mean_of_5_fixed_seeds
persistent_loss_robustness_target,main_rule_a_primary,M1_PRIMARY_FEATURE_ORDER,xgboost,xgboost__lr_0.03__depth_2__mcw_1__lambda_1,fold1_validation,ساراب,ساراب|1395,ساراب|1396,1395,1396,0,0.021598501131,mean_of_5_fixed_seeds
persistent_loss_robustness_target,main_rule_a_primary,M1_PRIMARY_FEATURE_ORDER,xgboost,xgboost__lr_0.03__depth_2__mcw_1__lambda_1,fold1_validation,ساراب,ساراب|1396,ساراب|1397,1396,1397,0,0.020260477439,mean_of_5_fixed_seeds
persistent_loss_robustness_target,main_rule_a_primary,M1_PRIMARY_FEATURE_ORDER,xgboost,xgboost__lr_0.03__depth_2__mcw_1__lambda_1,fold1_validation,ساربیل,ساربیل|1395,ساربیل|1396,1395,1396,0,0.085401698947,mean_of_5_fixed_seeds
persistent_loss_robustness_target,main_rule_a_primary,M1_PRIMARY_FEATURE_ORDER,xgboost,xgboost__lr_0.03__depth_2__mcw_1__lambda_1,fold1_validation,ساربیل,ساربیل|1396,ساربیل|1397,1396,1397,0,0.00976151973,mean_of_5_fixed_seeds
persistent_loss_robustness_target,main_rule_a_primary,M1_PRIMARY_FEATURE_ORDER,xgboost,xgboost__lr_0.03__depth_2__mcw_1__lambda_1,fold1_validation,ساروم,ساروم|1395,ساروم|1396,1395,1396,0,0.025824328884,mean_of_5_fixed_seeds
persistent_loss_robustness_target,main_rule_a_primary,M1_PRIMARY_FEATURE_ORDER,xgboost,xgboost__lr_0.03__depth_2__mcw_1__lambda_1,fold1_validation,ساروم,ساروم|1396,ساروم|1397,1396,1397,0,0.005467696581,mean_of_5_fixed_seeds
persistent_loss_robustness_target,main_rule_a_primary,M1_PRIMARY_FEATURE_ORDER,xgboost,xgboost__lr_0.03__depth_2__mcw_1__lambda_1,fold1_validation,سبجنو,سبجنو|1395,سبجنو|1396,1395,1396,0,0.441940009594,mean_of_5_fixed_seeds
persistent_loss_robustness_target,main_rule_a_primary,M1_PRIMARY_FEATURE_ORDER,xgboost,xgboost__lr_0.03__depth_2__mcw_1__lambda_1,fold1_validation,سبجنو,سبجنو|1396,سبجنو|1397,1396,1397,0,0.310346156359,mean_of_5_fixed_seeds
persistent_loss_robustness_target,main_rule_a_primary,M1_PRIMARY_FEATURE_ORDER,xgboost,xgboost__lr_0.03__depth_2__mcw_1__lambda_1,fold1_validation,سبهان,سبهان|1395,سبهان|1396,1395,1396,0,0.144847989082,mean_of_5_fixed_seeds
persistent_loss_robustness_target,main_rule_a_primary,M1_PRIMARY_FEATURE_ORDER,xgboost,xgboost__lr_0.03__depth_2__mcw_1__lambda_1,fold1_validation,سبهان,سبهان|1396,سبهان|1397,1396,1397,0,0.115274429321,mean_of_5_fixed_seeds
persistent_loss_robustness_target,main_rule_a_primary,M1_PRIMARY_FEATURE_ORDER,xgboost,xgboost__lr_0.03__depth_2__mcw_1__lambda_1,fold1_validation,ستران,ستران|1395,ستران|1396,1395,1396,0,0.03273698315,mean_of_5_fixed_seeds
persistent_loss_robustness_target,main_rule_a_primary,M1_PRIMARY_FEATURE_ORDER,xgboost,xgboost__lr_0.03__depth_2__mcw_1__lambda_1,fold1_validation,ستران,ستران|1396,ستران|1397,1396,1397,0,0.069449052215,mean_of_5_fixed_seeds
persistent_loss_robustness_target,main_rule_a_primary,M1_PRIMARY_FEATURE_ORDER,xgboost,xgboost__lr_0.03__depth_2__mcw_1__lambda_1,fold1_validation,سخاش,سخاش|1395,سخاش|1396,1395,1396,0,0.127610579133,mean_of_5_fixed_seeds
persistent_loss_robustness_target,main_rule_a_primary,M1_PRIMARY_FEATURE_ORDER,xgboost,xgboost__lr_0.03__depth_2__mcw_1__lambda_1,fold1_validation,سخاش,سخاش|1396,سخاش|1397,1396,1397,0,0.12336678803,mean_of_5_fixed_seeds
persistent_loss_robustness_target,main_rule_a_primary,M1_PRIMARY_FEATURE_ORDER,xgboost,xgboost__lr_0.03__depth_2__mcw_1__lambda_1,fold1_validation,سخزر,سخزر|1395,سخزر|1396,1395,1396,0,0.180963665247,mean_of_5_fixed_seeds
persistent_loss_robustness_target,main_rule_a_primary,M1_PRIMARY_FEATURE_ORDER,xgboost,xgboost__lr_0.03__depth_2__mcw_1__lambda_1,fold1_validation,سخزر,سخزر|1396,سخزر|1397,1396,1397,0,0.133865565062,mean_of_5_fixed_seeds
persistent_loss_robustness_target,main_rule_a_primary,M1_PRIMARY_FEATURE_ORDER,xgboost,xgboost__lr_0.03__depth_2__mcw_1__lambda_1,fold1_validation,سخوز,سخوز|1395,سخوز|1396,1395,1396,0,0.366265535355,mean_of_5_fixed_seeds
persistent_loss_robustness_target,main_rule_a_primary,M1_PRIMARY_FEATURE_ORDER,xgboost,xgboost__lr_0.03__depth_2__mcw_1__lambda_1,fold1_validation,سخوز,سخوز|1396,سخوز|1397,1396,1397,0,0.240808218718,mean_of_5_fixed_seeds
persistent_loss_robustness_target,main_rule_a_primary,M1_PRIMARY_FEATURE_ORDER,xgboost,xgboost__lr_0.03__depth_2__mcw_1__lambda_1,fold1_validation,سدشت,سدشت|1395,سدشت|1396,1395,1396,0,0.033868383616,mean_of_5_fixed_seeds
persistent_loss_robustness_target,main_rule_a_primary,M1_PRIMARY_FEATURE_ORDER,xgboost,xgboost__lr_0.03__depth_2__mcw_1__lambda_1,fold1_validation,سدشت,سدشت|1396,سدشت|1397,1396,1397,0,0.01885689795,mean_of_5_fixed_seeds
persistent_loss_robustness_target,main_rule_a_primary,M1_PRIMARY_FEATURE_ORDER,xgboost,xgboost__lr_0.03__depth_2__mcw_1__lambda_1,fold1_validation,سدور,سدور|1395,سدور|1396,1395,1396,1,0.850008964539,mean_of_5_fixed_seeds
persistent_loss_robustness_target,main_rule_a_primary,M1_PRIMARY_FEATURE_ORDER,xgboost,xgboost__lr_0.03__depth_2__mcw_1__lambda_1,fold1_validation,سدور,سدور|1396,سدور|1397,1396,1397,0,0.626587748528,mean_of_5_fixed_seeds
persistent_loss_robustness_target,main_rule_a_primary,M1_PRIMARY_FEATURE_ORDER,xgboost,xgboost__lr_0.03__depth_2__mcw_1__lambda_1,fold1_validation,سرود,سرود|1395,سرود|1396,1395,1396,0,0.206669598818,mean_of_5_fixed_seeds
persistent_loss_robustness_target,main_rule_a_primary,M1_PRIMARY_FEATURE_ORDER,xgboost,xgboost__lr_0.03__depth_2__mcw_1__lambda_1,fold1_validation,سرود,سرود|1396,سرود|1397,1396,1397,0,0.02421377413,mean_of_5_fixed_seeds
persistent_loss_robustness_target,main_rule_a_primary,M1_PRIMARY_FEATURE_ORDER,xgboost,xgboost__lr_0.03__depth_2__mcw_1__lambda_1,fold1_validation,سشرق,سشرق|1395,سشرق|1396,1395,1396,1,0.86713886261,mean_of_5_fixed_seeds
persistent_loss_robustness_target,main_rule_a_primary,M1_PRIMARY_FEATURE_ORDER,xgboost,xgboost__lr_0.03__depth_2__mcw_1__lambda_1,fold1_validation,سشرق,سشرق|1396,سشرق|1397,1396,1397,0,0.777458846569,mean_of_5_fixed_seeds
persistent_loss_robustness_target,main_rule_a_primary,M1_PRIMARY_FEATURE_ORDER,xgboost,xgboost__lr_0.03__depth_2__mcw_1__lambda_1,fold1_validation,سصفها,سصفها|1395,سصفها|1396,1395,1396,0,0.11069637537,mean_of_5_fixed_seeds
persistent_loss_robustness_target,main_rule_a_primary,M1_PRIMARY_FEATURE_ORDER,xgboost,xgboost__lr_0.03__depth_2__mcw_1__lambda_1,fold1_validation,سصفها,سصفها|1396,سصفها|1397,1396,1397,0,0.106752470136,mean_of_5_fixed_seeds
persistent_loss_robustness_target,main_rule_a_primary,M1_PRIMARY_FEATURE_ORDER,xgboost,xgboost__lr_0.03__depth_2__mcw_1__lambda_1,fold1_validation,سغرب,سغرب|1395,سغرب|1396,1395,1396,0,0.091333016753,mean_of_5_fixed_seeds
persistent_loss_robustness_target,main_rule_a_primary,M1_PRIMARY_FEATURE_ORDER,xgboost,xgboost__lr_0.03__depth_2__mcw_1__lambda_1,fold1_validation,سغرب,سغرب|1396,سغرب|1397,1396,1397,0,0.068501703441,mean_of_5_fixed_seeds
persistent_loss_robustness_target,main_rule_a_primary,M1_PRIMARY_FEATURE_ORDER,xgboost,xgboost__lr_0.03__depth_2__mcw_1__lambda_1,fold1_validation,سقاین,سقاین|1395,سقاین|1396,1395,1396,0,0.282124042511,mean_of_5_fixed_seeds
persistent_loss_robustness_target,main_rule_a_primary,M1_PRIMARY_FEATURE_ORDER,xgboost,xgboost__lr_0.03__depth_2__mcw_1__lambda_1,fold1_validation,سقاین,سقاین|1396,سقاین|1397,1396,1397,0,0.470346391201,mean_of_5_fixed_seeds
persistent_loss_robustness_target,main_rule_a_primary,M1_PRIMARY_FEATURE_ORDER,xgboost,xgboost__lr_0.03__depth_2__mcw_1__lambda_1,fold1_validation,سمازن,سمازن|1395,سمازن|1396,1395,1396,0,0.150954037905,mean_of_5_fixed_seeds
persistent_loss_robustness_target,main_rule_a_primary,M1_PRIMARY_FEATURE_ORDER,xgboost,xgboost__lr_0.03__depth_2__mcw_1__lambda_1,fold1_validation,سمازن,سمازن|1396,سمازن|1397,1396,1397,0,0.074177876115,mean_of_5_fixed_seeds
persistent_loss_robustness_target,main_rule_a_primary,M1_PRIMARY_FEATURE_ORDER,xgboost,xgboost__lr_0.03__depth_2__mcw_1__lambda_1,fold1_validation,سنیر,سنیر|1395,سنیر|1396,1395,1396,0,0.290251672268,mean_of_5_fixed_seeds
persistent_loss_robustness_target,main_rule_a_primary,M1_PRIMARY_FEATURE_ORDER,xgboost,xgboost__lr_0.03__depth_2__mcw_1__lambda_1,fold1_validation,سنیر,سنیر|1396,سنیر|1397,1396,1397,0,0.130229964852,mean_of_5_fixed_seeds
persistent_loss_robustness_target,main_rule_a_primary,M1_PRIMARY_FEATURE_ORDER,xgboost,xgboost__lr_0.03__depth_2__mcw_1__lambda_1,fold1_validation,سهگمت,سهگمت|1395,سهگمت|1396,1395,1396,0,0.166268035769,mean_of_5_fixed_seeds
persistent_loss_robustness_target,main_rule_a_primary,M1_PRIMARY_FEATURE_ORDER,xgboost,xgboost__lr_0.03__depth_2__mcw_1__lambda_1,fold1_validation,سهگمت,سهگمت|1396,سهگمت|1397,1396,1397,0,0.016915183514,mean_of_5_fixed_seeds
persistent_loss_robustness_target,main_rule_a_primary,M1_PRIMARY_FEATURE_ORDER,xgboost,xgboost__lr_0.03__depth_2__mcw_1__lambda_1,fold1_validation,سپاها,سپاها|1395,سپاها|1396,1395,1396,0,0.378901988268,mean_of_5_fixed_seeds
persistent_loss_robustness_target,main_rule_a_primary,M1_PRIMARY_FEATURE_ORDER,xgboost,xgboost__lr_0.03__depth_2__mcw_1__lambda_1,fold1_validation,سپاها,سپاها|1396,سپاها|1397,1396,1397,0,0.370920658112,mean_of_5_fixed_seeds
persistent_loss_robustness_target,main_rule_a_primary,M1_PRIMARY_FEATURE_ORDER,xgboost,xgboost__lr_0.03__depth_2__mcw_1__lambda_1,fold1_validation,سکرد,سکرد|1395,سکرد|1396,1395,1396,1,0.913666367531,mean_of_5_fixed_seeds
persistent_loss_robustness_target,main_rule_a_primary,M1_PRIMARY_FEATURE_ORDER,xgboost,xgboost__lr_0.03__depth_2__mcw_1__lambda_1,fold1_validation,سکرد,سکرد|1396,سکرد|1397,1396,1397,1,0.958265960217,mean_of_5_fixed_seeds
persistent_loss_robustness_target,main_rule_a_primary,M1_PRIMARY_FEATURE_ORDER,xgboost,xgboost__lr_0.03__depth_2__mcw_1__lambda_1,fold1_validation,سیلام,سیلام|1395,سیلام|1396,1395,1396,1,0.61410421133,mean_of_5_fixed_seeds
persistent_loss_robustness_target,main_rule_a_primary,M1_PRIMARY_FEATURE_ORDER,xgboost,xgboost__lr_0.03__depth_2__mcw_1__lambda_1,fold1_validation,سیلام,سیلام|1396,سیلام|1397,1396,1397,1,0.881707012653,mean_of_5_fixed_seeds
persistent_loss_robustness_target,main_rule_a_primary,M1_PRIMARY_FEATURE_ORDER,xgboost,xgboost__lr_0.03__depth_2__mcw_1__lambda_1,fold1_validation,شاراک,شاراک|1395,شاراک|1396,1395,1396,0,0.010257880203,mean_of_5_fixed_seeds
persistent_loss_robustness_target,main_rule_a_primary,M1_PRIMARY_FEATURE_ORDER,xgboost,xgboost__lr_0.03__depth_2__mcw_1__lambda_1,fold1_validation,شاراک,شاراک|1396,شاراک|1397,1396,1397,0,0.01371361874,mean_of_5_fixed_seeds
persistent_loss_robustness_target,main_rule_a_primary,M1_PRIMARY_FEATURE_ORDER,xgboost,xgboost__lr_0.03__depth_2__mcw_1__lambda_1,fold1_validation,شبریز,شبریز|1395,شبریز|1396,1395,1396,0,0.262181341648,mean_of_5_fixed_seeds
persistent_loss_robustness_target,main_rule_a_primary,M1_PRIMARY_FEATURE_ORDER,xgboost,xgboost__lr_0.03__depth_2__mcw_1__lambda_1,fold1_validation,شبریز,شبریز|1396,شبریز|1397,1396,1397,0,0.352406531572,mean_of_5_fixed_seeds
persistent_loss_robustness_target,main_rule_a_primary,M1_PRIMARY_FEATURE_ORDER,xgboost,xgboost__lr_0.03__depth_2__mcw_1__lambda_1,fold1_validation,شبندر,شبندر|1395,شبندر|1396,1395,1396,0,0.009475519881,mean_of_5_fixed_seeds
persistent_loss_robustness_target,main_rule_a_primary,M1_PRIMARY_FEATURE_ORDER,xgboost,xgboost__lr_0.03__depth_2__mcw_1__lambda_1,fold1_validation,شبندر,شبندر|1396,شبندر|1397,1396,1397,0,0.010210035369,mean_of_5_fixed_seeds
persistent_loss_robustness_target,main_rule_a_primary,M1_PRIMARY_FEATURE_ORDER,xgboost,xgboost__lr_0.03__depth_2__mcw_1__lambda_1,fold1_validation,شدوص,شدوص|1395,شدوص|1396,1395,1396,1,0.102513119578,mean_of_5_fixed_seeds
persistent_loss_robustness_target,main_rule_a_primary,M1_PRIMARY_FEATURE_ORDER,xgboost,xgboost__lr_0.03__depth_2__mcw_1__lambda_1,fold1_validation,شدوص,شدوص|1396,شدوص|1397,1396,1397,0,0.964398503304,mean_of_5_fixed_seeds
persistent_loss_robustness_target,main_rule_a_primary,M1_PRIMARY_FEATURE_ORDER,xgboost,xgboost__lr_0.03__depth_2__mcw_1__lambda_1,fold1_validation,شفارس,شفارس|1395,شفارس|1396,1395,1396,0,0.014437111095,mean_of_5_fixed_seeds
persistent_loss_robustness_target,main_rule_a_primary,M1_PRIMARY_FEATURE_ORDER,xgboost,xgboost__lr_0.03__depth_2__mcw_1__lambda_1,fold1_validation,شفارس,شفارس|1396,شفارس|1397,1396,1397,0,0.023792345077,mean_of_5_fixed_seeds
persistent_loss_robustness_target,main_rule_a_primary,M1_PRIMARY_FEATURE_ORDER,xgboost,xgboost__lr_0.03__depth_2__mcw_1__lambda_1,fold1_validation,شلعاب,شلعاب|1395,شلعاب|1396,1395,1396,0,0.232607275248,mean_of_5_fixed_seeds
persistent_loss_robustness_target,main_rule_a_primary,M1_PRIMARY_FEATURE_ORDER,xgboost,xgboost__lr_0.03__depth_2__mcw_1__lambda_1,fold1_validation,شلعاب,شلعاب|1396,شلعاب|1397,1396,1397,0,0.332323253155,mean_of_5_fixed_seeds
persistent_loss_robustness_target,main_rule_a_primary,M1_PRIMARY_FEATURE_ORDER,xgboost,xgboost__lr_0.03__depth_2__mcw_1__lambda_1,fold1_validation,شپارس,شپارس|1395,شپارس|1396,1395,1396,0,0.810863137245,mean_of_5_fixed_seeds
persistent_loss_robustness_target,main_rule_a_primary,M1_PRIMARY_FEATURE_ORDER,xgboost,xgboost__lr_0.03__depth_2__mcw_1__lambda_1,fold1_validation,شپارس,شپارس|1396,شپارس|1397,1396,1397,0,0.078037582338,mean_of_5_fixed_seeds
persistent_loss_robustness_target,main_rule_a_primary,M1_PRIMARY_FEATURE_ORDER,xgboost,xgboost__lr_0.03__depth_2__mcw_1__lambda_1,fold1_validation,شپنا,شپنا|1395,شپنا|1396,1395,1396,0,0.008231440559,mean_of_5_fixed_seeds
persistent_loss_robustness_target,main_rule_a_primary,M1_PRIMARY_FEATURE_ORDER,xgboost,xgboost__lr_0.03__depth_2__mcw_1__lambda_1,fold1_validation,شپنا,شپنا|1396,شپنا|1397,1396,1397,0,0.010702921078,mean_of_5_fixed_seeds
persistent_loss_robustness_target,main_rule_a_primary,M1_PRIMARY_FEATURE_ORDER,xgboost,xgboost__lr_0.03__depth_2__mcw_1__lambda_1,fold1_validation,شکربن,شکربن|1395,شکربن|1396,1395,1396,0,0.012909087352,mean_of_5_fixed_seeds
persistent_loss_robustness_target,main_rule_a_primary,M1_PRIMARY_FEATURE_ORDER,xgboost,xgboost__lr_0.03__depth_2__mcw_1__lambda_1,fold1_validation,شکربن,شکربن|1396,شکربن|1397,1396,1397,0,0.012114931829,mean_of_5_fixed_seeds
persistent_loss_robustness_target,main_rule_a_primary,M1_PRIMARY_FEATURE_ORDER,xgboost,xgboost__lr_0.03__depth_2__mcw_1__lambda_1,fold1_validation,شکلر,شکلر|1395,شکلر|1396,1395,1396,0,0.028012376279,mean_of_5_fixed_seeds
persistent_loss_robustness_target,main_rule_a_primary,M1_PRIMARY_FEATURE_ORDER,xgboost,xgboost__lr_0.03__depth_2__mcw_1__lambda_1,fold1_validation,شکلر,شکلر|1396,شکلر|1397,1396,1397,0,0.053305517882,mean_of_5_fixed_seeds
persistent_loss_robustness_target,main_rule_a_primary,M1_PRIMARY_FEATURE_ORDER,xgboost,xgboost__lr_0.03__depth_2__mcw_1__lambda_1,fold1_validation,شیران,شیران|1395,شیران|1396,1395,1396,0,0.020701240748,mean_of_5_fixed_seeds
persistent_loss_robustness_target,main_rule_a_primary,M1_PRIMARY_FEATURE_ORDER,xgboost,xgboost__lr_0.03__depth_2__mcw_1__lambda_1,fold1_validation,شیران,شیران|1396,شیران|1397,1396,1397,0,0.02067722939,mean_of_5_fixed_seeds
persistent_loss_robustness_target,main_rule_a_primary,M1_PRIMARY_FEATURE_ORDER,xgboost,xgboost__lr_0.03__depth_2__mcw_1__lambda_1,fold1_validation,غبهنوش,غبهنوش|1395,غبهنوش|1396,1395,1396,0,0.154980421066,mean_of_5_fixed_seeds
persistent_loss_robustness_target,main_rule_a_primary,M1_PRIMARY_FEATURE_ORDER,xgboost,xgboost__lr_0.03__depth_2__mcw_1__lambda_1,fold1_validation,غبهنوش,غبهنوش|1396,غبهنوش|1397,1396,1397,0,0.400686979294,mean_of_5_fixed_seeds
persistent_loss_robustness_target,main_rule_a_primary,M1_PRIMARY_FEATURE_ORDER,xgboost,xgboost__lr_0.03__depth_2__mcw_1__lambda_1,fold1_validation,غدام,غدام|1395,غدام|1396,1395,1396,1,0.342067718506,mean_of_5_fixed_seeds
persistent_loss_robustness_target,main_rule_a_primary,M1_PRIMARY_FEATURE_ORDER,xgboost,xgboost__lr_0.03__depth_2__mcw_1__lambda_1,fold1_validation,غدام,غدام|1396,غدام|1397,1396,1397,0,0.298665195704,mean_of_5_fixed_seeds
persistent_loss_robustness_target,main_rule_a_primary,M1_PRIMARY_FEATURE_ORDER,xgboost,xgboost__lr_0.03__depth_2__mcw_1__lambda_1,fold1_validation,غسالم,غسالم|1395,غسالم|1396,1395,1396,0,0.004844253883,mean_of_5_fixed_seeds
persistent_loss_robustness_target,main_rule_a_primary,M1_PRIMARY_FEATURE_ORDER,xgboost,xgboost__lr_0.03__depth_2__mcw_1__lambda_1,fold1_validation,غسالم,غسالم|1396,غسالم|1397,1396,1397,0,0.008469006047,mean_of_5_fixed_seeds
persistent_loss_robustness_target,main_rule_a_primary,M1_PRIMARY_FEATURE_ORDER,xgboost,xgboost__lr_0.03__depth_2__mcw_1__lambda_1,fold1_validation,غشان,غشان|1395,غشان|1396,1395,1396,0,0.133477702737,mean_of_5_fixed_seeds
persistent_loss_robustness_target,main_rule_a_primary,M1_PRIMARY_FEATURE_ORDER,xgboost,xgboost__lr_0.03__depth_2__mcw_1__lambda_1,fold1_validation,غشان,غشان|1396,غشان|1397,1396,1397,0,0.117470420897,mean_of_5_fixed_seeds
persistent_loss_robustness_target,main_rule_a_primary,M1_PRIMARY_FEATURE_ORDER,xgboost,xgboost__lr_0.03__depth_2__mcw_1__lambda_1,fold1_validation,غشهد,غشهد|1395,غشهد|1396,1395,1396,1,0.918624401093,mean_of_5_fixed_seeds
persistent_loss_robustness_target,main_rule_a_primary,M1_PRIMARY_FEATURE_ORDER,xgboost,xgboost__lr_0.03__depth_2__mcw_1__lambda_1,fold1_validation,غشهد,غشهد|1396,غشهد|1397,1396,1397,0,0.984399020672,mean_of_5_fixed_seeds
persistent_loss_robustness_target,main_rule_a_primary,M1_PRIMARY_FEATURE_ORDER,xgboost,xgboost__lr_0.03__depth_2__mcw_1__lambda_1,fold1_validation,غنوش,غنوش|1395,غنوش|1396,1395,1396,0,0.020562848076,mean_of_5_fixed_seeds
persistent_loss_robustness_target,main_rule_a_primary,M1_PRIMARY_FEATURE_ORDER,xgboost,xgboost__lr_0.03__depth_2__mcw_1__lambda_1,fold1_validation,غنوش,غنوش|1396,غنوش|1397,1396,1397,0,0.014598527923,mean_of_5_fixed_seeds
persistent_loss_robustness_target,main_rule_a_primary,M1_PRIMARY_FEATURE_ORDER,xgboost,xgboost__lr_0.03__depth_2__mcw_1__lambda_1,fold1_validation,غگل,غگل|1395,غگل|1396,1395,1396,0,0.126979678869,mean_of_5_fixed_seeds
persistent_loss_robustness_target,main_rule_a_primary,M1_PRIMARY_FEATURE_ORDER,xgboost,xgboost__lr_0.03__depth_2__mcw_1__lambda_1,fold1_validation,غگل,غگل|1396,غگل|1397,1396,1397,0,0.180128186941,mean_of_5_fixed_seeds
persistent_loss_robustness_target,main_rule_a_primary,M1_PRIMARY_FEATURE_ORDER,xgboost,xgboost__lr_0.03__depth_2__mcw_1__lambda_1,fold1_validation,فاذر,فاذر|1395,فاذر|1396,1395,1396,1,0.431507021189,mean_of_5_fixed_seeds
persistent_loss_robustness_target,main_rule_a_primary,M1_PRIMARY_FEATURE_ORDER,xgboost,xgboost__lr_0.03__depth_2__mcw_1__lambda_1,fold1_validation,فاذر,فاذر|1396,فاذر|1397,1396,1397,1,0.761313438416,mean_of_5_fixed_seeds
persistent_loss_robustness_target,main_rule_a_primary,M1_PRIMARY_FEATURE_ORDER,xgboost,xgboost__lr_0.03__depth_2__mcw_1__lambda_1,fold1_validation,فایرا,فایرا|1395,فایرا|1396,1395,1396,0,0.527904570103,mean_of_5_fixed_seeds
persistent_loss_robustness_target,main_rule_a_primary,M1_PRIMARY_FEATURE_ORDER,xgboost,xgboost__lr_0.03__depth_2__mcw_1__lambda_1,fold1_validation,فایرا,فایرا|1396,فایرا|1397,1396,1397,0,0.53394806385,mean_of_5_fixed_seeds
persistent_loss_robustness_target,main_rule_a_primary,M1_PRIMARY_FEATURE_ORDER,xgboost,xgboost__lr_0.03__depth_2__mcw_1__lambda_1,fold1_validation,فباهنر,فباهنر|1395,فباهنر|1396,1395,1396,0,0.563227057457,mean_of_5_fixed_seeds
persistent_loss_robustness_target,main_rule_a_primary,M1_PRIMARY_FEATURE_ORDER,xgboost,xgboost__lr_0.03__depth_2__mcw_1__lambda_1,fold1_validation,فباهنر,فباهنر|1396,فباهنر|1397,1396,1397,0,0.128065019846,mean_of_5_fixed_seeds
persistent_loss_robustness_target,main_rule_a_primary,M1_PRIMARY_FEATURE_ORDER,xgboost,xgboost__lr_0.03__depth_2__mcw_1__lambda_1,fold1_validation,فجام,فجام|1395,فجام|1396,1395,1396,0,0.006725335028,mean_of_5_fixed_seeds
persistent_loss_robustness_target,main_rule_a_primary,M1_PRIMARY_FEATURE_ORDER,xgboost,xgboost__lr_0.03__depth_2__mcw_1__lambda_1,fold1_validation,فجام,فجام|1396,فجام|1397,1396,1397,0,0.007681827992,mean_of_5_fixed_seeds
persistent_loss_robustness_target,main_rule_a_primary,M1_PRIMARY_FEATURE_ORDER,xgboost,xgboost__lr_0.03__depth_2__mcw_1__lambda_1,fold1_validation,فجر,فجر|1395,فجر|1396,1395,1396,0,0.079698756337,mean_of_5_fixed_seeds
persistent_loss_robustness_target,main_rule_a_primary,M1_PRIMARY_FEATURE_ORDER,xgboost,xgboost__lr_0.03__depth_2__mcw_1__lambda_1,fold1_validation,فجر,فجر|1396,فجر|1397,1396,1397,0,0.039608187973,mean_of_5_fixed_seeds
persistent_loss_robustness_target,main_rule_a_primary,M1_PRIMARY_FEATURE_ORDER,xgboost,xgboost__lr_0.03__depth_2__mcw_1__lambda_1,fold1_validation,فخوز,فخوز|1395,فخوز|1396,1395,1396,0,0.056105591357,mean_of_5_fixed_seeds
persistent_loss_robustness_target,main_rule_a_primary,M1_PRIMARY_FEATURE_ORDER,xgboost,xgboost__lr_0.03__depth_2__mcw_1__lambda_1,fold1_validation,فخوز,فخوز|1396,فخوز|1397,1396,1397,0,0.018907357007,mean_of_5_fixed_seeds
persistent_loss_robustness_target,main_rule_a_primary,M1_PRIMARY_FEATURE_ORDER,xgboost,xgboost__lr_0.03__depth_2__mcw_1__lambda_1,fold1_validation,فرآور,فرآور|1395,فرآور|1396,1395,1396,0,0.010782872327,mean_of_5_fixed_seeds
persistent_loss_robustness_target,main_rule_a_primary,M1_PRIMARY_FEATURE_ORDER,xgboost,xgboost__lr_0.03__depth_2__mcw_1__lambda_1,fold1_validation,فرآور,فرآور|1396,فرآور|1397,1396,1397,0,0.010876907036,mean_of_5_fixed_seeds
persistent_loss_robustness_target,main_rule_a_primary,M1_PRIMARY_FEATURE_ORDER,xgboost,xgboost__lr_0.03__depth_2__mcw_1__lambda_1,fold1_validation,فسرب,فسرب|1395,فسرب|1396,1395,1396,0,0.144501328468,mean_of_5_fixed_seeds
persistent_loss_robustness_target,main_rule_a_primary,M1_PRIMARY_FEATURE_ORDER,xgboost,xgboost__lr_0.03__depth_2__mcw_1__lambda_1,fold1_validation,فسرب,فسرب|1396,فسرب|1397,1396,1397,0,0.17114341259,mean_of_5_fixed_seeds
persistent_loss_robustness_target,main_rule_a_primary,M1_PRIMARY_FEATURE_ORDER,xgboost,xgboost__lr_0.03__depth_2__mcw_1__lambda_1,fold1_validation,فسپا,فسپا|1395,فسپا|1396,1395,1396,0,0.028087055311,mean_of_5_fixed_seeds
persistent_loss_robustness_target,main_rule_a_primary,M1_PRIMARY_FEATURE_ORDER,xgboost,xgboost__lr_0.03__depth_2__mcw_1__lambda_1,fold1_validation,فسپا,فسپا|1396,فسپا|1397,1396,1397,0,0.009123282507,mean_of_5_fixed_seeds
persistent_loss_robustness_target,main_rule_a_primary,M1_PRIMARY_FEATURE_ORDER,xgboost,xgboost__lr_0.03__depth_2__mcw_1__lambda_1,fold1_validation,فمراد,فمراد|1395,فمراد|1396,1395,1396,0,0.27483355999,mean_of_5_fixed_seeds
persistent_loss_robustness_target,main_rule_a_primary,M1_PRIMARY_FEATURE_ORDER,xgboost,xgboost__lr_0.03__depth_2__mcw_1__lambda_1,fold1_validation,فمراد,فمراد|1396,فمراد|1397,1396,1397,1,0.447126537561,mean_of_5_fixed_seeds
persistent_loss_robustness_target,main_rule_a_primary,M1_PRIMARY_FEATURE_ORDER,xgboost,xgboost__lr_0.03__depth_2__mcw_1__lambda_1,fold1_validation,فملی,فملی|1395,فملی|1396,1395,1396,0,0.017446706071,mean_of_5_fixed_seeds
persistent_loss_robustness_target,main_rule_a_primary,M1_PRIMARY_FEATURE_ORDER,xgboost,xgboost__lr_0.03__depth_2__mcw_1__lambda_1,fold1_validation,فملی,فملی|1396,فملی|1397,1396,1397,0,0.011941355653,mean_of_5_fixed_seeds
persistent_loss_robustness_target,main_rule_a_primary,M1_PRIMARY_FEATURE_ORDER,xgboost,xgboost__lr_0.03__depth_2__mcw_1__lambda_1,fold1_validation,فنورد,فنورد|1395,فنورد|1396,1395,1396,0,0.156305521727,mean_of_5_fixed_seeds
persistent_loss_robustness_target,main_rule_a_primary,M1_PRIMARY_FEATURE_ORDER,xgboost,xgboost__lr_0.03__depth_2__mcw_1__lambda_1,fold1_validation,فنورد,فنورد|1396,فنورد|1397,1396,1397,0,0.30881562829,mean_of_5_fixed_seeds
persistent_loss_robustness_target,main_rule_a_primary,M1_PRIMARY_FEATURE_ORDER,xgboost,xgboost__lr_0.03__depth_2__mcw_1__lambda_1,fold1_validation,فولاژ,فولاژ|1395,فولاژ|1396,1395,1396,0,0.048159338534,mean_of_5_fixed_seeds
persistent_loss_robustness_target,main_rule_a_primary,M1_PRIMARY_FEATURE_ORDER,xgboost,xgboost__lr_0.03__depth_2__mcw_1__lambda_1,fold1_validation,فولاژ,فولاژ|1396,فولاژ|1397,1396,1397,0,0.022900963202,mean_of_5_fixed_seeds
persistent_loss_robustness_target,main_rule_a_primary,M1_PRIMARY_FEATURE_ORDER,xgboost,xgboost__lr_0.03__depth_2__mcw_1__lambda_1,fold1_validation,فپنتا,فپنتا|1395,فپنتا|1396,1395,1396,0,0.006968652364,mean_of_5_fixed_seeds
persistent_loss_robustness_target,main_rule_a_primary,M1_PRIMARY_FEATURE_ORDER,xgboost,xgboost__lr_0.03__depth_2__mcw_1__lambda_1,fold1_validation,فپنتا,فپنتا|1396,فپنتا|1397,1396,1397,0,0.020348323509,mean_of_5_fixed_seeds
persistent_loss_robustness_target,main_rule_a_primary,M1_PRIMARY_FEATURE_ORDER,xgboost,xgboost__lr_0.03__depth_2__mcw_1__lambda_1,fold1_validation,لابسا,لابسا|1395,لابسا|1396,1395,1396,1,0.263770401478,mean_of_5_fixed_seeds
persistent_loss_robustness_target,main_rule_a_primary,M1_PRIMARY_FEATURE_ORDER,xgboost,xgboost__lr_0.03__depth_2__mcw_1__lambda_1,fold1_validation,لابسا,لابسا|1396,لابسا|1397,1396,1397,0,0.475107192993,mean_of_5_fixed_seeds
persistent_loss_robustness_target,main_rule_a_primary,M1_PRIMARY_FEATURE_ORDER,xgboost,xgboost__lr_0.03__depth_2__mcw_1__lambda_1,fold1_validation,لبوتان,لبوتان|1395,لبوتان|1396,1395,1396,0,0.228599980474,mean_of_5_fixed_seeds
persistent_loss_robustness_target,main_rule_a_primary,M1_PRIMARY_FEATURE_ORDER,xgboost,xgboost__lr_0.03__depth_2__mcw_1__lambda_1,fold1_validation,لبوتان,لبوتان|1396,لبوتان|1397,1396,1397,0,0.197887450457,mean_of_5_fixed_seeds
persistent_loss_robustness_target,main_rule_a_primary,M1_PRIMARY_FEATURE_ORDER,xgboost,xgboost__lr_0.03__depth_2__mcw_1__lambda_1,fold1_validation,لخزر,لخزر|1395,لخزر|1396,1395,1396,0,0.198242336512,mean_of_5_fixed_seeds
persistent_loss_robustness_target,main_rule_a_primary,M1_PRIMARY_FEATURE_ORDER,xgboost,xgboost__lr_0.03__depth_2__mcw_1__lambda_1,fold1_validation,لخزر,لخزر|1396,لخزر|1397,1396,1397,0,0.309168547392,mean_of_5_fixed_seeds
persistent_loss_robustness_target,main_rule_a_primary,M1_PRIMARY_FEATURE_ORDER,xgboost,xgboost__lr_0.03__depth_2__mcw_1__lambda_1,fold1_validation,لسرما,لسرما|1395,لسرما|1396,1395,1396,0,0.079063110054,mean_of_5_fixed_seeds
persistent_loss_robustness_target,main_rule_a_primary,M1_PRIMARY_FEATURE_ORDER,xgboost,xgboost__lr_0.03__depth_2__mcw_1__lambda_1,fold1_validation,لسرما,لسرما|1396,لسرما|1397,1396,1397,0,0.02706325613,mean_of_5_fixed_seeds
persistent_loss_robustness_target,main_rule_a_primary,M1_PRIMARY_FEATURE_ORDER,xgboost,xgboost__lr_0.03__depth_2__mcw_1__lambda_1,fold1_validation,های وب,های وب|1396,های وب|1397,1396,1397,0,0.03085686639,mean_of_5_fixed_seeds
persistent_loss_robustness_target,main_rule_a_primary,M1_PRIMARY_FEATURE_ORDER,xgboost,xgboost__lr_0.03__depth_2__mcw_1__lambda_1,fold1_validation,همراه,همراه|1395,همراه|1396,1395,1396,0,0.187452420592,mean_of_5_fixed_seeds
persistent_loss_robustness_target,main_rule_a_primary,M1_PRIMARY_FEATURE_ORDER,xgboost,xgboost__lr_0.03__depth_2__mcw_1__lambda_1,fold1_validation,همراه,همراه|1396,همراه|1397,1396,1397,0,0.170016616583,mean_of_5_fixed_seeds
persistent_loss_robustness_target,main_rule_a_primary,M1_PRIMARY_FEATURE_ORDER,xgboost,xgboost__lr_0.03__depth_2__mcw_1__lambda_1,fold1_validation,پدرخش,پدرخش|1395,پدرخش|1396,1395,1396,0,0.014043105766,mean_of_5_fixed_seeds
persistent_loss_robustness_target,main_rule_a_primary,M1_PRIMARY_FEATURE_ORDER,xgboost,xgboost__lr_0.03__depth_2__mcw_1__lambda_1,fold1_validation,پدرخش,پدرخش|1396,پدرخش|1397,1396,1397,0,0.011025679298,mean_of_5_fixed_seeds
persistent_loss_robustness_target,main_rule_a_primary,M1_PRIMARY_FEATURE_ORDER,xgboost,xgboost__lr_0.03__depth_2__mcw_1__lambda_1,fold1_validation,پرداخت,پرداخت|1396,پرداخت|1397,1396,1397,0,0.018480738625,mean_of_5_fixed_seeds
persistent_loss_robustness_target,main_rule_a_primary,M1_PRIMARY_FEATURE_ORDER,xgboost,xgboost__lr_0.03__depth_2__mcw_1__lambda_1,fold1_validation,پسهند,پسهند|1395,پسهند|1396,1395,1396,0,0.017831150442,mean_of_5_fixed_seeds
persistent_loss_robustness_target,main_rule_a_primary,M1_PRIMARY_FEATURE_ORDER,xgboost,xgboost__lr_0.03__depth_2__mcw_1__lambda_1,fold1_validation,پسهند,پسهند|1396,پسهند|1397,1396,1397,0,0.012558843009,mean_of_5_fixed_seeds
persistent_loss_robustness_target,main_rule_a_primary,M1_PRIMARY_FEATURE_ORDER,xgboost,xgboost__lr_0.03__depth_2__mcw_1__lambda_1,fold1_validation,پلاسک,پلاسک|1395,پلاسک|1396,1395,1396,0,0.952923178673,mean_of_5_fixed_seeds
persistent_loss_robustness_target,main_rule_a_primary,M1_PRIMARY_FEATURE_ORDER,xgboost,xgboost__lr_0.03__depth_2__mcw_1__lambda_1,fold1_validation,پلاسک,پلاسک|1396,پلاسک|1397,1396,1397,0,0.766281306744,mean_of_5_fixed_seeds
persistent_loss_robustness_target,main_rule_a_primary,M1_PRIMARY_FEATURE_ORDER,xgboost,xgboost__lr_0.03__depth_2__mcw_1__lambda_1,fold1_validation,چافست,چافست|1395,چافست|1396,1395,1396,0,0.33004617691,mean_of_5_fixed_seeds
persistent_loss_robustness_target,main_rule_a_primary,M1_PRIMARY_FEATURE_ORDER,xgboost,xgboost__lr_0.03__depth_2__mcw_1__lambda_1,fold1_validation,چافست,چافست|1396,چافست|1397,1396,1397,0,0.126715525985,mean_of_5_fixed_seeds
persistent_loss_robustness_target,main_rule_a_primary,M1_PRIMARY_FEATURE_ORDER,xgboost,xgboost__lr_0.03__depth_2__mcw_1__lambda_1,fold1_validation,چکارن,چکارن|1395,چکارن|1396,1395,1396,0,0.093796133995,mean_of_5_fixed_seeds
persistent_loss_robustness_target,main_rule_a_primary,M1_PRIMARY_FEATURE_ORDER,xgboost,xgboost__lr_0.03__depth_2__mcw_1__lambda_1,fold1_validation,چکارن,چکارن|1396,چکارن|1397,1396,1397,0,0.182403236628,mean_of_5_fixed_seeds
persistent_loss_robustness_target,main_rule_a_primary,M1_PRIMARY_FEATURE_ORDER,xgboost,xgboost__lr_0.03__depth_2__mcw_1__lambda_1,fold1_validation,کاوه,کاوه|1396,کاوه|1397,1396,1397,0,0.345303028822,mean_of_5_fixed_seeds
persistent_loss_robustness_target,main_rule_a_primary,M1_PRIMARY_FEATURE_ORDER,xgboost,xgboost__lr_0.03__depth_2__mcw_1__lambda_1,fold1_validation,کبافق,کبافق|1395,کبافق|1396,1395,1396,0,0.018007069826,mean_of_5_fixed_seeds
persistent_loss_robustness_target,main_rule_a_primary,M1_PRIMARY_FEATURE_ORDER,xgboost,xgboost__lr_0.03__depth_2__mcw_1__lambda_1,fold1_validation,کبافق,کبافق|1396,کبافق|1397,1396,1397,0,0.01569728367,mean_of_5_fixed_seeds
persistent_loss_robustness_target,main_rule_a_primary,M1_PRIMARY_FEATURE_ORDER,xgboost,xgboost__lr_0.03__depth_2__mcw_1__lambda_1,fold1_validation,کرازی,کرازی|1395,کرازی|1396,1395,1396,0,0.035717129707,mean_of_5_fixed_seeds
persistent_loss_robustness_target,main_rule_a_primary,M1_PRIMARY_FEATURE_ORDER,xgboost,xgboost__lr_0.03__depth_2__mcw_1__lambda_1,fold1_validation,کرازی,کرازی|1396,کرازی|1397,1396,1397,0,0.033856764436,mean_of_5_fixed_seeds
persistent_loss_robustness_target,main_rule_a_primary,M1_PRIMARY_FEATURE_ORDER,xgboost,xgboost__lr_0.03__depth_2__mcw_1__lambda_1,fold1_validation,کفرا,کفرا|1395,کفرا|1396,1395,1396,0,0.017134610564,mean_of_5_fixed_seeds
persistent_loss_robustness_target,main_rule_a_primary,M1_PRIMARY_FEATURE_ORDER,xgboost,xgboost__lr_0.03__depth_2__mcw_1__lambda_1,fold1_validation,کفرا,کفرا|1396,کفرا|1397,1396,1397,0,0.019171778113,mean_of_5_fixed_seeds
persistent_loss_robustness_target,main_rule_a_primary,M1_PRIMARY_FEATURE_ORDER,xgboost,xgboost__lr_0.03__depth_2__mcw_1__lambda_1,fold1_validation,کفپارس,کفپارس|1395,کفپارس|1396,1395,1396,1,0.154944822192,mean_of_5_fixed_seeds
persistent_loss_robustness_target,main_rule_a_primary,M1_PRIMARY_FEATURE_ORDER,xgboost,xgboost__lr_0.03__depth_2__mcw_1__lambda_1,fold1_validation,کفپارس,کفپارس|1396,کفپارس|1397,1396,1397,0,0.357719242573,mean_of_5_fixed_seeds
persistent_loss_robustness_target,main_rule_a_primary,M1_PRIMARY_FEATURE_ORDER,xgboost,xgboost__lr_0.03__depth_2__mcw_1__lambda_1,fold1_validation,کهمدا,کهمدا|1395,کهمدا|1396,1395,1396,0,0.009239557199,mean_of_5_fixed_seeds
persistent_loss_robustness_target,main_rule_a_primary,M1_PRIMARY_FEATURE_ORDER,xgboost,xgboost__lr_0.03__depth_2__mcw_1__lambda_1,fold1_validation,کهمدا,کهمدا|1396,کهمدا|1397,1396,1397,0,0.014578714967,mean_of_5_fixed_seeds
persistent_loss_robustness_target,main_rule_a_primary,M1_PRIMARY_FEATURE_ORDER,xgboost,xgboost__lr_0.03__depth_2__mcw_1__lambda_1,fold1_validation,کگاز,کگاز|1395,کگاز|1396,1395,1396,0,0.663250803947,mean_of_5_fixed_seeds
persistent_loss_robustness_target,main_rule_a_primary,M1_PRIMARY_FEATURE_ORDER,xgboost,xgboost__lr_0.03__depth_2__mcw_1__lambda_1,fold1_validation,کگاز,کگاز|1396,کگاز|1397,1396,1397,0,0.05485124141,mean_of_5_fixed_seeds
persistent_loss_robustness_target,main_rule_a_primary,M1_PRIMARY_FEATURE_ORDER,xgboost,xgboost__lr_0.03__depth_2__mcw_1__lambda_1,fold1_validation,کگل,کگل|1395,کگل|1396,1395,1396,0,0.016258720309,mean_of_5_fixed_seeds
persistent_loss_robustness_target,main_rule_a_primary,M1_PRIMARY_FEATURE_ORDER,xgboost,xgboost__lr_0.03__depth_2__mcw_1__lambda_1,fold1_validation,کگل,کگل|1396,کگل|1397,1396,1397,0,0.028678763658,mean_of_5_fixed_seeds
persistent_loss_robustness_target,main_rule_a_primary,M1_PRIMARY_FEATURE_ORDER,xgboost,xgboost__lr_0.03__depth_2__mcw_1__lambda_1,fold2_validation,بالبر,بالبر|1397,بالبر|1398,1397,1398,0,0.645243823528,mean_of_5_fixed_seeds
persistent_loss_robustness_target,main_rule_a_primary,M1_PRIMARY_FEATURE_ORDER,xgboost,xgboost__lr_0.03__depth_2__mcw_1__lambda_1,fold2_validation,بالبر,بالبر|1398,بالبر|1399,1398,1399,0,0.368126392365,mean_of_5_fixed_seeds
persistent_loss_robustness_target,main_rule_a_primary,M1_PRIMARY_FEATURE_ORDER,xgboost,xgboost__lr_0.03__depth_2__mcw_1__lambda_1,fold2_validation,بترانس,بترانس|1397,بترانس|1398,1397,1398,0,0.346719831228,mean_of_5_fixed_seeds
persistent_loss_robustness_target,main_rule_a_primary,M1_PRIMARY_FEATURE_ORDER,xgboost,xgboost__lr_0.03__depth_2__mcw_1__lambda_1,fold2_validation,بترانس,بترانس|1398,بترانس|1399,1398,1399,0,0.675277352333,mean_of_5_fixed_seeds
persistent_loss_robustness_target,main_rule_a_primary,M1_PRIMARY_FEATURE_ORDER,xgboost,xgboost__lr_0.03__depth_2__mcw_1__lambda_1,fold2_validation,بموتو,بموتو|1397,بموتو|1398,1397,1398,0,0.91472786665,mean_of_5_fixed_seeds
persistent_loss_robustness_target,main_rule_a_primary,M1_PRIMARY_FEATURE_ORDER,xgboost,xgboost__lr_0.03__depth_2__mcw_1__lambda_1,fold2_validation,بموتو,بموتو|1398,بموتو|1399,1398,1399,0,0.03625248,mean_of_5_fixed_seeds
persistent_loss_robustness_target,main_rule_a_primary,M1_PRIMARY_FEATURE_ORDER,xgboost,xgboost__lr_0.03__depth_2__mcw_1__lambda_1,fold2_validation,بکاب,بکاب|1397,بکاب|1398,1397,1398,0,0.101323507726,mean_of_5_fixed_seeds
persistent_loss_robustness_target,main_rule_a_primary,M1_PRIMARY_FEATURE_ORDER,xgboost,xgboost__lr_0.03__depth_2__mcw_1__lambda_1,fold2_validation,بکاب,بکاب|1398,بکاب|1399,1398,1399,0,0.026685833931,mean_of_5_fixed_seeds
persistent_loss_robustness_target,main_rule_a_primary,M1_PRIMARY_FEATURE_ORDER,xgboost,xgboost__lr_0.03__depth_2__mcw_1__lambda_1,fold2_validation,بکام,بکام|1397,بکام|1398,1397,1398,0,0.818017840385,mean_of_5_fixed_seeds
persistent_loss_robustness_target,main_rule_a_primary,M1_PRIMARY_FEATURE_ORDER,xgboost,xgboost__lr_0.03__depth_2__mcw_1__lambda_1,fold2_validation,بکام,بکام|1398,بکام|1399,1398,1399,0,0.600824058056,mean_of_5_fixed_seeds
persistent_loss_robustness_target,main_rule_a_primary,M1_PRIMARY_FEATURE_ORDER,xgboost,xgboost__lr_0.03__depth_2__mcw_1__lambda_1,fold2_validation,تپمپی,تپمپی|1397,تپمپی|1398,1397,1398,0,0.057779263705,mean_of_5_fixed_seeds
persistent_loss_robustness_target,main_rule_a_primary,M1_PRIMARY_FEATURE_ORDER,xgboost,xgboost__lr_0.03__depth_2__mcw_1__lambda_1,fold2_validation,تپمپی,تپمپی|1398,تپمپی|1399,1398,1399,0,0.047803793103,mean_of_5_fixed_seeds
persistent_loss_robustness_target,main_rule_a_primary,M1_PRIMARY_FEATURE_ORDER,xgboost,xgboost__lr_0.03__depth_2__mcw_1__lambda_1,fold2_validation,تکمبا,تکمبا|1397,تکمبا|1398,1397,1398,0,0.299166232347,mean_of_5_fixed_seeds
persistent_loss_robustness_target,main_rule_a_primary,M1_PRIMARY_FEATURE_ORDER,xgboost,xgboost__lr_0.03__depth_2__mcw_1__lambda_1,fold2_validation,تکمبا,تکمبا|1398,تکمبا|1399,1398,1399,0,0.189172878861,mean_of_5_fixed_seeds
persistent_loss_robustness_target,main_rule_a_primary,M1_PRIMARY_FEATURE_ORDER,xgboost,xgboost__lr_0.03__depth_2__mcw_1__lambda_1,fold2_validation,ثشرق,ثشرق|1397,ثشرق|1398,1397,1398,0,0.039178628474,mean_of_5_fixed_seeds
persistent_loss_robustness_target,main_rule_a_primary,M1_PRIMARY_FEATURE_ORDER,xgboost,xgboost__lr_0.03__depth_2__mcw_1__lambda_1,fold2_validation,ثشرق,ثشرق|1398,ثشرق|1399,1398,1399,0,0.076630681753,mean_of_5_fixed_seeds
persistent_loss_robustness_target,main_rule_a_primary,M1_PRIMARY_FEATURE_ORDER,xgboost,xgboost__lr_0.03__depth_2__mcw_1__lambda_1,fold2_validation,ثنوسا,ثنوسا|1397,ثنوسا|1398,1397,1398,1,0.972008824348,mean_of_5_fixed_seeds
persistent_loss_robustness_target,main_rule_a_primary,M1_PRIMARY_FEATURE_ORDER,xgboost,xgboost__lr_0.03__depth_2__mcw_1__lambda_1,fold2_validation,ثنوسا,ثنوسا|1398,ثنوسا|1399,1398,1399,0,0.961604893208,mean_of_5_fixed_seeds
persistent_loss_robustness_target,main_rule_a_primary,M1_PRIMARY_FEATURE_ORDER,xgboost,xgboost__lr_0.03__depth_2__mcw_1__lambda_1,fold2_validation,جم پیلن,جم پیلن|1398,جم پیلن|1399,1398,1399,0,0.005841294304,mean_of_5_fixed_seeds
persistent_loss_robustness_target,main_rule_a_primary,M1_PRIMARY_FEATURE_ORDER,xgboost,xgboost__lr_0.03__depth_2__mcw_1__lambda_1,fold2_validation,جم,جم|1397,جم|1398,1397,1398,0,0.007555565797,mean_of_5_fixed_seeds
persistent_loss_robustness_target,main_rule_a_primary,M1_PRIMARY_FEATURE_ORDER,xgboost,xgboost__lr_0.03__depth_2__mcw_1__lambda_1,fold2_validation,جم,جم|1398,جم|1399,1398,1399,0,0.008732958697,mean_of_5_fixed_seeds
persistent_loss_robustness_target,main_rule_a_primary,M1_PRIMARY_FEATURE_ORDER,xgboost,xgboost__lr_0.03__depth_2__mcw_1__lambda_1,fold2_validation,حپترو,حپترو|1397,حپترو|1398,1397,1398,0,0.088233374059,mean_of_5_fixed_seeds
persistent_loss_robustness_target,main_rule_a_primary,M1_PRIMARY_FEATURE_ORDER,xgboost,xgboost__lr_0.03__depth_2__mcw_1__lambda_1,fold2_validation,حپترو,حپترو|1398,حپترو|1399,1398,1399,0,0.293594777584,mean_of_5_fixed_seeds
persistent_loss_robustness_target,main_rule_a_primary,M1_PRIMARY_FEATURE_ORDER,xgboost,xgboost__lr_0.03__depth_2__mcw_1__lambda_1,fold2_validation,حکشتی,حکشتی|1397,حکشتی|1398,1397,1398,0,0.238662928343,mean_of_5_fixed_seeds
persistent_loss_robustness_target,main_rule_a_primary,M1_PRIMARY_FEATURE_ORDER,xgboost,xgboost__lr_0.03__depth_2__mcw_1__lambda_1,fold2_validation,حکشتی,حکشتی|1398,حکشتی|1399,1398,1399,0,0.198197990656,mean_of_5_fixed_seeds
persistent_loss_robustness_target,main_rule_a_primary,M1_PRIMARY_FEATURE_ORDER,xgboost,xgboost__lr_0.03__depth_2__mcw_1__lambda_1,fold2_validation,خاذین,خاذین|1397,خاذین|1398,1397,1398,1,0.800355792046,mean_of_5_fixed_seeds
persistent_loss_robustness_target,main_rule_a_primary,M1_PRIMARY_FEATURE_ORDER,xgboost,xgboost__lr_0.03__depth_2__mcw_1__lambda_1,fold2_validation,خاذین,خاذین|1398,خاذین|1399,1398,1399,0,0.380360275507,mean_of_5_fixed_seeds
persistent_loss_robustness_target,main_rule_a_primary,M1_PRIMARY_FEATURE_ORDER,xgboost,xgboost__lr_0.03__depth_2__mcw_1__lambda_1,fold2_validation,خبهمن,خبهمن|1397,خبهمن|1398,1397,1398,0,0.209247559309,mean_of_5_fixed_seeds
persistent_loss_robustness_target,main_rule_a_primary,M1_PRIMARY_FEATURE_ORDER,xgboost,xgboost__lr_0.03__depth_2__mcw_1__lambda_1,fold2_validation,خبهمن,خبهمن|1398,خبهمن|1399,1398,1399,0,0.525003731251,mean_of_5_fixed_seeds
persistent_loss_robustness_target,main_rule_a_primary,M1_PRIMARY_FEATURE_ORDER,xgboost,xgboost__lr_0.03__depth_2__mcw_1__lambda_1,fold2_validation,ختوقا,ختوقا|1397,ختوقا|1398,1397,1398,0,0.811988711357,mean_of_5_fixed_seeds
persistent_loss_robustness_target,main_rule_a_primary,M1_PRIMARY_FEATURE_ORDER,xgboost,xgboost__lr_0.03__depth_2__mcw_1__lambda_1,fold2_validation,ختوقا,ختوقا|1398,ختوقا|1399,1398,1399,0,0.068925745785,mean_of_5_fixed_seeds
persistent_loss_robustness_target,main_rule_a_primary,M1_PRIMARY_FEATURE_ORDER,xgboost,xgboost__lr_0.03__depth_2__mcw_1__lambda_1,fold2_validation,خرینگ,خرینگ|1397,خرینگ|1398,1397,1398,0,0.71249806881,mean_of_5_fixed_seeds
persistent_loss_robustness_target,main_rule_a_primary,M1_PRIMARY_FEATURE_ORDER,xgboost,xgboost__lr_0.03__depth_2__mcw_1__lambda_1,fold2_validation,خرینگ,خرینگ|1398,خرینگ|1399,1398,1399,0,0.444929748774,mean_of_5_fixed_seeds
persistent_loss_robustness_target,main_rule_a_primary,M1_PRIMARY_FEATURE_ORDER,xgboost,xgboost__lr_0.03__depth_2__mcw_1__lambda_1,fold2_validation,خمحور,خمحور|1397,خمحور|1398,1397,1398,0,0.265282303095,mean_of_5_fixed_seeds
persistent_loss_robustness_target,main_rule_a_primary,M1_PRIMARY_FEATURE_ORDER,xgboost,xgboost__lr_0.03__depth_2__mcw_1__lambda_1,fold2_validation,خمحور,خمحور|1398,خمحور|1399,1398,1399,0,0.232341974974,mean_of_5_fixed_seeds
persistent_loss_robustness_target,main_rule_a_primary,M1_PRIMARY_FEATURE_ORDER,xgboost,xgboost__lr_0.03__depth_2__mcw_1__lambda_1,fold2_validation,خمهر,خمهر|1397,خمهر|1398,1397,1398,1,0.822677314281,mean_of_5_fixed_seeds
persistent_loss_robustness_target,main_rule_a_primary,M1_PRIMARY_FEATURE_ORDER,xgboost,xgboost__lr_0.03__depth_2__mcw_1__lambda_1,fold2_validation,خمهر,خمهر|1398,خمهر|1399,1398,1399,0,0.93194258213,mean_of_5_fixed_seeds
persistent_loss_robustness_target,main_rule_a_primary,M1_PRIMARY_FEATURE_ORDER,xgboost,xgboost__lr_0.03__depth_2__mcw_1__lambda_1,fold2_validation,خنصیر,خنصیر|1397,خنصیر|1398,1397,1398,0,0.938539206982,mean_of_5_fixed_seeds
persistent_loss_robustness_target,main_rule_a_primary,M1_PRIMARY_FEATURE_ORDER,xgboost,xgboost__lr_0.03__depth_2__mcw_1__lambda_1,fold2_validation,خنصیر,خنصیر|1398,خنصیر|1399,1398,1399,0,0.542146682739,mean_of_5_fixed_seeds
persistent_loss_robustness_target,main_rule_a_primary,M1_PRIMARY_FEATURE_ORDER,xgboost,xgboost__lr_0.03__depth_2__mcw_1__lambda_1,fold2_validation,خوساز,خوساز|1397,خوساز|1398,1397,1398,1,0.128118559718,mean_of_5_fixed_seeds
persistent_loss_robustness_target,main_rule_a_primary,M1_PRIMARY_FEATURE_ORDER,xgboost,xgboost__lr_0.03__depth_2__mcw_1__lambda_1,fold2_validation,خوساز,خوساز|1398,خوساز|1399,1398,1399,0,0.117455735803,mean_of_5_fixed_seeds
persistent_loss_robustness_target,main_rule_a_primary,M1_PRIMARY_FEATURE_ORDER,xgboost,xgboost__lr_0.03__depth_2__mcw_1__lambda_1,fold2_validation,خچرخش,خچرخش|1397,خچرخش|1398,1397,1398,0,0.061499275267,mean_of_5_fixed_seeds
persistent_loss_robustness_target,main_rule_a_primary,M1_PRIMARY_FEATURE_ORDER,xgboost,xgboost__lr_0.03__depth_2__mcw_1__lambda_1,fold2_validation,خچرخش,خچرخش|1398,خچرخش|1399,1398,1399,0,0.308113515377,mean_of_5_fixed_seeds
persistent_loss_robustness_target,main_rule_a_primary,M1_PRIMARY_FEATURE_ORDER,xgboost,xgboost__lr_0.03__depth_2__mcw_1__lambda_1,fold2_validation,خکمک,خکمک|1397,خکمک|1398,1397,1398,0,0.629451394081,mean_of_5_fixed_seeds
persistent_loss_robustness_target,main_rule_a_primary,M1_PRIMARY_FEATURE_ORDER,xgboost,xgboost__lr_0.03__depth_2__mcw_1__lambda_1,fold2_validation,خکمک,خکمک|1398,خکمک|1399,1398,1399,0,0.773604989052,mean_of_5_fixed_seeds
persistent_loss_robustness_target,main_rule_a_primary,M1_PRIMARY_FEATURE_ORDER,xgboost,xgboost__lr_0.03__depth_2__mcw_1__lambda_1,fold2_validation,ددام,ددام|1397,ددام|1398,1397,1398,0,0.528793036938,mean_of_5_fixed_seeds
persistent_loss_robustness_target,main_rule_a_primary,M1_PRIMARY_FEATURE_ORDER,xgboost,xgboost__lr_0.03__depth_2__mcw_1__lambda_1,fold2_validation,ددام,ددام|1398,ددام|1399,1398,1399,0,0.035226184875,mean_of_5_fixed_seeds
persistent_loss_robustness_target,main_rule_a_primary,M1_PRIMARY_FEATURE_ORDER,xgboost,xgboost__lr_0.03__depth_2__mcw_1__lambda_1,fold2_validation,دروز,دروز|1397,دروز|1398,1397,1398,1,0.207578346133,mean_of_5_fixed_seeds
persistent_loss_robustness_target,main_rule_a_primary,M1_PRIMARY_FEATURE_ORDER,xgboost,xgboost__lr_0.03__depth_2__mcw_1__lambda_1,fold2_validation,دروز,دروز|1398,دروز|1399,1398,1399,1,0.612442135811,mean_of_5_fixed_seeds
persistent_loss_robustness_target,main_rule_a_primary,M1_PRIMARY_FEATURE_ORDER,xgboost,xgboost__lr_0.03__depth_2__mcw_1__lambda_1,fold2_validation,دسبحا,دسبحا|1397,دسبحا|1398,1397,1398,0,0.022931667045,mean_of_5_fixed_seeds
persistent_loss_robustness_target,main_rule_a_primary,M1_PRIMARY_FEATURE_ORDER,xgboost,xgboost__lr_0.03__depth_2__mcw_1__lambda_1,fold2_validation,دسبحا,دسبحا|1398,دسبحا|1399,1398,1399,0,0.023217597976,mean_of_5_fixed_seeds
persistent_loss_robustness_target,main_rule_a_primary,M1_PRIMARY_FEATURE_ORDER,xgboost,xgboost__lr_0.03__depth_2__mcw_1__lambda_1,fold2_validation,دسینا,دسینا|1397,دسینا|1398,1397,1398,0,0.119422748685,mean_of_5_fixed_seeds
persistent_loss_robustness_target,main_rule_a_primary,M1_PRIMARY_FEATURE_ORDER,xgboost,xgboost__lr_0.03__depth_2__mcw_1__lambda_1,fold2_validation,دسینا,دسینا|1398,دسینا|1399,1398,1399,0,0.149746745825,mean_of_5_fixed_seeds
persistent_loss_robustness_target,main_rule_a_primary,M1_PRIMARY_FEATURE_ORDER,xgboost,xgboost__lr_0.03__depth_2__mcw_1__lambda_1,fold2_validation,دشیمی,دشیمی|1397,دشیمی|1398,1397,1398,0,0.599276125431,mean_of_5_fixed_seeds
persistent_loss_robustness_target,main_rule_a_primary,M1_PRIMARY_FEATURE_ORDER,xgboost,xgboost__lr_0.03__depth_2__mcw_1__lambda_1,fold2_validation,دشیمی,دشیمی|1398,دشیمی|1399,1398,1399,0,0.281236827374,mean_of_5_fixed_seeds
persistent_loss_robustness_target,main_rule_a_primary,M1_PRIMARY_FEATURE_ORDER,xgboost,xgboost__lr_0.03__depth_2__mcw_1__lambda_1,fold2_validation,دیران,دیران|1397,دیران|1398,1397,1398,0,0.042552754283,mean_of_5_fixed_seeds
persistent_loss_robustness_target,main_rule_a_primary,M1_PRIMARY_FEATURE_ORDER,xgboost,xgboost__lr_0.03__depth_2__mcw_1__lambda_1,fold2_validation,دیران,دیران|1398,دیران|1399,1398,1399,0,0.14456358552,mean_of_5_fixed_seeds
persistent_loss_robustness_target,main_rule_a_primary,M1_PRIMARY_FEATURE_ORDER,xgboost,xgboost__lr_0.03__depth_2__mcw_1__lambda_1,fold2_validation,رانفور,رانفور|1397,رانفور|1398,1397,1398,0,0.006032644771,mean_of_5_fixed_seeds
persistent_loss_robustness_target,main_rule_a_primary,M1_PRIMARY_FEATURE_ORDER,xgboost,xgboost__lr_0.03__depth_2__mcw_1__lambda_1,fold2_validation,رانفور,رانفور|1398,رانفور|1399,1398,1399,0,0.005977199413,mean_of_5_fixed_seeds
persistent_loss_robustness_target,main_rule_a_primary,M1_PRIMARY_FEATURE_ORDER,xgboost,xgboost__lr_0.03__depth_2__mcw_1__lambda_1,fold2_validation,رمپنا,رمپنا|1397,رمپنا|1398,1397,1398,0,0.453659206629,mean_of_5_fixed_seeds
persistent_loss_robustness_target,main_rule_a_primary,M1_PRIMARY_FEATURE_ORDER,xgboost,xgboost__lr_0.03__depth_2__mcw_1__lambda_1,fold2_validation,رمپنا,رمپنا|1398,رمپنا|1399,1398,1399,0,0.134941607714,mean_of_5_fixed_seeds
persistent_loss_robustness_target,main_rule_a_primary,M1_PRIMARY_FEATURE_ORDER,xgboost,xgboost__lr_0.03__depth_2__mcw_1__lambda_1,fold2_validation,زمگسا,زمگسا|1397,زمگسا|1398,1397,1398,0,0.144669517875,mean_of_5_fixed_seeds
persistent_loss_robustness_target,main_rule_a_primary,M1_PRIMARY_FEATURE_ORDER,xgboost,xgboost__lr_0.03__depth_2__mcw_1__lambda_1,fold2_validation,زمگسا,زمگسا|1398,زمگسا|1399,1398,1399,0,0.093938708305,mean_of_5_fixed_seeds
persistent_loss_robustness_target,main_rule_a_primary,M1_PRIMARY_FEATURE_ORDER,xgboost,xgboost__lr_0.03__depth_2__mcw_1__lambda_1,fold2_validation,زپارس,زپارس|1397,زپارس|1398,1397,1398,0,0.181182235479,mean_of_5_fixed_seeds
persistent_loss_robustness_target,main_rule_a_primary,M1_PRIMARY_FEATURE_ORDER,xgboost,xgboost__lr_0.03__depth_2__mcw_1__lambda_1,fold2_validation,زپارس,زپارس|1398,زپارس|1399,1398,1399,0,0.062017761171,mean_of_5_fixed_seeds
persistent_loss_robustness_target,main_rule_a_primary,M1_PRIMARY_FEATURE_ORDER,xgboost,xgboost__lr_0.03__depth_2__mcw_1__lambda_1,fold2_validation,ساراب,ساراب|1397,ساراب|1398,1397,1398,0,0.019337244332,mean_of_5_fixed_seeds
persistent_loss_robustness_target,main_rule_a_primary,M1_PRIMARY_FEATURE_ORDER,xgboost,xgboost__lr_0.03__depth_2__mcw_1__lambda_1,fold2_validation,ساراب,ساراب|1398,ساراب|1399,1398,1399,0,0.01667092368,mean_of_5_fixed_seeds
persistent_loss_robustness_target,main_rule_a_primary,M1_PRIMARY_FEATURE_ORDER,xgboost,xgboost__lr_0.03__depth_2__mcw_1__lambda_1,fold2_validation,ساربیل,ساربیل|1397,ساربیل|1398,1397,1398,0,0.014018965885,mean_of_5_fixed_seeds
persistent_loss_robustness_target,main_rule_a_primary,M1_PRIMARY_FEATURE_ORDER,xgboost,xgboost__lr_0.03__depth_2__mcw_1__lambda_1,fold2_validation,ساربیل,ساربیل|1398,ساربیل|1399,1398,1399,0,0.012546455488,mean_of_5_fixed_seeds
persistent_loss_robustness_target,main_rule_a_primary,M1_PRIMARY_FEATURE_ORDER,xgboost,xgboost__lr_0.03__depth_2__mcw_1__lambda_1,fold2_validation,ساروم,ساروم|1397,ساروم|1398,1397,1398,0,0.01401211787,mean_of_5_fixed_seeds
persistent_loss_robustness_target,main_rule_a_primary,M1_PRIMARY_FEATURE_ORDER,xgboost,xgboost__lr_0.03__depth_2__mcw_1__lambda_1,fold2_validation,ساروم,ساروم|1398,ساروم|1399,1398,1399,0,0.013688109815,mean_of_5_fixed_seeds
persistent_loss_robustness_target,main_rule_a_primary,M1_PRIMARY_FEATURE_ORDER,xgboost,xgboost__lr_0.03__depth_2__mcw_1__lambda_1,fold2_validation,سبجنو,سبجنو|1397,سبجنو|1398,1397,1398,0,0.457742273808,mean_of_5_fixed_seeds
persistent_loss_robustness_target,main_rule_a_primary,M1_PRIMARY_FEATURE_ORDER,xgboost,xgboost__lr_0.03__depth_2__mcw_1__lambda_1,fold2_validation,سبجنو,سبجنو|1398,سبجنو|1399,1398,1399,0,0.047604154795,mean_of_5_fixed_seeds
persistent_loss_robustness_target,main_rule_a_primary,M1_PRIMARY_FEATURE_ORDER,xgboost,xgboost__lr_0.03__depth_2__mcw_1__lambda_1,fold2_validation,سبهان,سبهان|1397,سبهان|1398,1397,1398,0,0.02308047004,mean_of_5_fixed_seeds
persistent_loss_robustness_target,main_rule_a_primary,M1_PRIMARY_FEATURE_ORDER,xgboost,xgboost__lr_0.03__depth_2__mcw_1__lambda_1,fold2_validation,سبهان,سبهان|1398,سبهان|1399,1398,1399,0,0.024241546169,mean_of_5_fixed_seeds
persistent_loss_robustness_target,main_rule_a_primary,M1_PRIMARY_FEATURE_ORDER,xgboost,xgboost__lr_0.03__depth_2__mcw_1__lambda_1,fold2_validation,ستران,ستران|1397,ستران|1398,1397,1398,0,0.042103715241,mean_of_5_fixed_seeds
persistent_loss_robustness_target,main_rule_a_primary,M1_PRIMARY_FEATURE_ORDER,xgboost,xgboost__lr_0.03__depth_2__mcw_1__lambda_1,fold2_validation,ستران,ستران|1398,ستران|1399,1398,1399,0,0.050595648587,mean_of_5_fixed_seeds
persistent_loss_robustness_target,main_rule_a_primary,M1_PRIMARY_FEATURE_ORDER,xgboost,xgboost__lr_0.03__depth_2__mcw_1__lambda_1,fold2_validation,سخاش,سخاش|1397,سخاش|1398,1397,1398,0,0.081471838057,mean_of_5_fixed_seeds
persistent_loss_robustness_target,main_rule_a_primary,M1_PRIMARY_FEATURE_ORDER,xgboost,xgboost__lr_0.03__depth_2__mcw_1__lambda_1,fold2_validation,سخاش,سخاش|1398,سخاش|1399,1398,1399,0,0.012871498242,mean_of_5_fixed_seeds
persistent_loss_robustness_target,main_rule_a_primary,M1_PRIMARY_FEATURE_ORDER,xgboost,xgboost__lr_0.03__depth_2__mcw_1__lambda_1,fold2_validation,سخزر,سخزر|1397,سخزر|1398,1397,1398,0,0.051544737071,mean_of_5_fixed_seeds
persistent_loss_robustness_target,main_rule_a_primary,M1_PRIMARY_FEATURE_ORDER,xgboost,xgboost__lr_0.03__depth_2__mcw_1__lambda_1,fold2_validation,سخزر,سخزر|1398,سخزر|1399,1398,1399,0,0.043619599193,mean_of_5_fixed_seeds
persistent_loss_robustness_target,main_rule_a_primary,M1_PRIMARY_FEATURE_ORDER,xgboost,xgboost__lr_0.03__depth_2__mcw_1__lambda_1,fold2_validation,سخوز,سخوز|1397,سخوز|1398,1397,1398,0,0.159573286772,mean_of_5_fixed_seeds
persistent_loss_robustness_target,main_rule_a_primary,M1_PRIMARY_FEATURE_ORDER,xgboost,xgboost__lr_0.03__depth_2__mcw_1__lambda_1,fold2_validation,سخوز,سخوز|1398,سخوز|1399,1398,1399,0,0.020837234333,mean_of_5_fixed_seeds
persistent_loss_robustness_target,main_rule_a_primary,M1_PRIMARY_FEATURE_ORDER,xgboost,xgboost__lr_0.03__depth_2__mcw_1__lambda_1,fold2_validation,سدشت,سدشت|1397,سدشت|1398,1397,1398,0,0.04817404598,mean_of_5_fixed_seeds
persistent_loss_robustness_target,main_rule_a_primary,M1_PRIMARY_FEATURE_ORDER,xgboost,xgboost__lr_0.03__depth_2__mcw_1__lambda_1,fold2_validation,سدشت,سدشت|1398,سدشت|1399,1398,1399,0,0.038121759892,mean_of_5_fixed_seeds
persistent_loss_robustness_target,main_rule_a_primary,M1_PRIMARY_FEATURE_ORDER,xgboost,xgboost__lr_0.03__depth_2__mcw_1__lambda_1,fold2_validation,سدور,سدور|1397,سدور|1398,1397,1398,0,0.706122517586,mean_of_5_fixed_seeds
persistent_loss_robustness_target,main_rule_a_primary,M1_PRIMARY_FEATURE_ORDER,xgboost,xgboost__lr_0.03__depth_2__mcw_1__lambda_1,fold2_validation,سدور,سدور|1398,سدور|1399,1398,1399,0,0.390306979418,mean_of_5_fixed_seeds
persistent_loss_robustness_target,main_rule_a_primary,M1_PRIMARY_FEATURE_ORDER,xgboost,xgboost__lr_0.03__depth_2__mcw_1__lambda_1,fold2_validation,سرود,سرود|1397,سرود|1398,1397,1398,0,0.051075518131,mean_of_5_fixed_seeds
persistent_loss_robustness_target,main_rule_a_primary,M1_PRIMARY_FEATURE_ORDER,xgboost,xgboost__lr_0.03__depth_2__mcw_1__lambda_1,fold2_validation,سرود,سرود|1398,سرود|1399,1398,1399,0,0.038188431412,mean_of_5_fixed_seeds
persistent_loss_robustness_target,main_rule_a_primary,M1_PRIMARY_FEATURE_ORDER,xgboost,xgboost__lr_0.03__depth_2__mcw_1__lambda_1,fold2_validation,سشرق,سشرق|1397,سشرق|1398,1397,1398,0,0.598397374153,mean_of_5_fixed_seeds
persistent_loss_robustness_target,main_rule_a_primary,M1_PRIMARY_FEATURE_ORDER,xgboost,xgboost__lr_0.03__depth_2__mcw_1__lambda_1,fold2_validation,سشرق,سشرق|1398,سشرق|1399,1398,1399,0,0.183305993676,mean_of_5_fixed_seeds
persistent_loss_robustness_target,main_rule_a_primary,M1_PRIMARY_FEATURE_ORDER,xgboost,xgboost__lr_0.03__depth_2__mcw_1__lambda_1,fold2_validation,سصفها,سصفها|1397,سصفها|1398,1397,1398,0,0.097286917269,mean_of_5_fixed_seeds
persistent_loss_robustness_target,main_rule_a_primary,M1_PRIMARY_FEATURE_ORDER,xgboost,xgboost__lr_0.03__depth_2__mcw_1__lambda_1,fold2_validation,سصفها,سصفها|1398,سصفها|1399,1398,1399,0,0.20691588521,mean_of_5_fixed_seeds
persistent_loss_robustness_target,main_rule_a_primary,M1_PRIMARY_FEATURE_ORDER,xgboost,xgboost__lr_0.03__depth_2__mcw_1__lambda_1,fold2_validation,سغرب,سغرب|1397,سغرب|1398,1397,1398,0,0.020247023553,mean_of_5_fixed_seeds
persistent_loss_robustness_target,main_rule_a_primary,M1_PRIMARY_FEATURE_ORDER,xgboost,xgboost__lr_0.03__depth_2__mcw_1__lambda_1,fold2_validation,سغرب,سغرب|1398,سغرب|1399,1398,1399,0,0.047736462206,mean_of_5_fixed_seeds
persistent_loss_robustness_target,main_rule_a_primary,M1_PRIMARY_FEATURE_ORDER,xgboost,xgboost__lr_0.03__depth_2__mcw_1__lambda_1,fold2_validation,سقاین,سقاین|1397,سقاین|1398,1397,1398,0,0.143299818039,mean_of_5_fixed_seeds
persistent_loss_robustness_target,main_rule_a_primary,M1_PRIMARY_FEATURE_ORDER,xgboost,xgboost__lr_0.03__depth_2__mcw_1__lambda_1,fold2_validation,سقاین,سقاین|1398,سقاین|1399,1398,1399,0,0.042092718184,mean_of_5_fixed_seeds
persistent_loss_robustness_target,main_rule_a_primary,M1_PRIMARY_FEATURE_ORDER,xgboost,xgboost__lr_0.03__depth_2__mcw_1__lambda_1,fold2_validation,سمازن,سمازن|1397,سمازن|1398,1397,1398,0,0.035907763988,mean_of_5_fixed_seeds
persistent_loss_robustness_target,main_rule_a_primary,M1_PRIMARY_FEATURE_ORDER,xgboost,xgboost__lr_0.03__depth_2__mcw_1__lambda_1,fold2_validation,سمازن,سمازن|1398,سمازن|1399,1398,1399,0,0.036029689014,mean_of_5_fixed_seeds
persistent_loss_robustness_target,main_rule_a_primary,M1_PRIMARY_FEATURE_ORDER,xgboost,xgboost__lr_0.03__depth_2__mcw_1__lambda_1,fold2_validation,سنیر,سنیر|1397,سنیر|1398,1397,1398,0,0.073933370411,mean_of_5_fixed_seeds
persistent_loss_robustness_target,main_rule_a_primary,M1_PRIMARY_FEATURE_ORDER,xgboost,xgboost__lr_0.03__depth_2__mcw_1__lambda_1,fold2_validation,سنیر,سنیر|1398,سنیر|1399,1398,1399,0,0.014626857825,mean_of_5_fixed_seeds
persistent_loss_robustness_target,main_rule_a_primary,M1_PRIMARY_FEATURE_ORDER,xgboost,xgboost__lr_0.03__depth_2__mcw_1__lambda_1,fold2_validation,سهگمت,سهگمت|1397,سهگمت|1398,1397,1398,0,0.014700373635,mean_of_5_fixed_seeds
persistent_loss_robustness_target,main_rule_a_primary,M1_PRIMARY_FEATURE_ORDER,xgboost,xgboost__lr_0.03__depth_2__mcw_1__lambda_1,fold2_validation,سهگمت,سهگمت|1398,سهگمت|1399,1398,1399,0,0.052759159356,mean_of_5_fixed_seeds
persistent_loss_robustness_target,main_rule_a_primary,M1_PRIMARY_FEATURE_ORDER,xgboost,xgboost__lr_0.03__depth_2__mcw_1__lambda_1,fold2_validation,سپاها,سپاها|1397,سپاها|1398,1397,1398,0,0.026250213385,mean_of_5_fixed_seeds
persistent_loss_robustness_target,main_rule_a_primary,M1_PRIMARY_FEATURE_ORDER,xgboost,xgboost__lr_0.03__depth_2__mcw_1__lambda_1,fold2_validation,سپاها,سپاها|1398,سپاها|1399,1398,1399,0,0.016811264679,mean_of_5_fixed_seeds
persistent_loss_robustness_target,main_rule_a_primary,M1_PRIMARY_FEATURE_ORDER,xgboost,xgboost__lr_0.03__depth_2__mcw_1__lambda_1,fold2_validation,سکرد,سکرد|1397,سکرد|1398,1397,1398,0,0.943232357502,mean_of_5_fixed_seeds
persistent_loss_robustness_target,main_rule_a_primary,M1_PRIMARY_FEATURE_ORDER,xgboost,xgboost__lr_0.03__depth_2__mcw_1__lambda_1,fold2_validation,سکرد,سکرد|1398,سکرد|1399,1398,1399,0,0.32093077898,mean_of_5_fixed_seeds
persistent_loss_robustness_target,main_rule_a_primary,M1_PRIMARY_FEATURE_ORDER,xgboost,xgboost__lr_0.03__depth_2__mcw_1__lambda_1,fold2_validation,سیلام,سیلام|1397,سیلام|1398,1397,1398,1,0.929858803749,mean_of_5_fixed_seeds
persistent_loss_robustness_target,main_rule_a_primary,M1_PRIMARY_FEATURE_ORDER,xgboost,xgboost__lr_0.03__depth_2__mcw_1__lambda_1,fold2_validation,سیلام,سیلام|1398,سیلام|1399,1398,1399,1,0.928094089031,mean_of_5_fixed_seeds
persistent_loss_robustness_target,main_rule_a_primary,M1_PRIMARY_FEATURE_ORDER,xgboost,xgboost__lr_0.03__depth_2__mcw_1__lambda_1,fold2_validation,شاراک,شاراک|1397,شاراک|1398,1397,1398,0,0.005662105978,mean_of_5_fixed_seeds
persistent_loss_robustness_target,main_rule_a_primary,M1_PRIMARY_FEATURE_ORDER,xgboost,xgboost__lr_0.03__depth_2__mcw_1__lambda_1,fold2_validation,شاراک,شاراک|1398,شاراک|1399,1398,1399,0,0.007145511452,mean_of_5_fixed_seeds
persistent_loss_robustness_target,main_rule_a_primary,M1_PRIMARY_FEATURE_ORDER,xgboost,xgboost__lr_0.03__depth_2__mcw_1__lambda_1,fold2_validation,شبریز,شبریز|1397,شبریز|1398,1397,1398,0,0.007450898644,mean_of_5_fixed_seeds
persistent_loss_robustness_target,main_rule_a_primary,M1_PRIMARY_FEATURE_ORDER,xgboost,xgboost__lr_0.03__depth_2__mcw_1__lambda_1,fold2_validation,شبریز,شبریز|1398,شبریز|1399,1398,1399,0,0.007238421589,mean_of_5_fixed_seeds
persistent_loss_robustness_target,main_rule_a_primary,M1_PRIMARY_FEATURE_ORDER,xgboost,xgboost__lr_0.03__depth_2__mcw_1__lambda_1,fold2_validation,شبندر,شبندر|1397,شبندر|1398,1397,1398,0,0.006398917176,mean_of_5_fixed_seeds
persistent_loss_robustness_target,main_rule_a_primary,M1_PRIMARY_FEATURE_ORDER,xgboost,xgboost__lr_0.03__depth_2__mcw_1__lambda_1,fold2_validation,شبندر,شبندر|1398,شبندر|1399,1398,1399,0,0.007257510908,mean_of_5_fixed_seeds
persistent_loss_robustness_target,main_rule_a_primary,M1_PRIMARY_FEATURE_ORDER,xgboost,xgboost__lr_0.03__depth_2__mcw_1__lambda_1,fold2_validation,شدوص,شدوص|1397,شدوص|1398,1397,1398,0,0.043529663235,mean_of_5_fixed_seeds
persistent_loss_robustness_target,main_rule_a_primary,M1_PRIMARY_FEATURE_ORDER,xgboost,xgboost__lr_0.03__depth_2__mcw_1__lambda_1,fold2_validation,شدوص,شدوص|1398,شدوص|1399,1398,1399,0,0.015768121928,mean_of_5_fixed_seeds
persistent_loss_robustness_target,main_rule_a_primary,M1_PRIMARY_FEATURE_ORDER,xgboost,xgboost__lr_0.03__depth_2__mcw_1__lambda_1,fold2_validation,شفارس,شفارس|1397,شفارس|1398,1397,1398,0,0.046864919364,mean_of_5_fixed_seeds
persistent_loss_robustness_target,main_rule_a_primary,M1_PRIMARY_FEATURE_ORDER,xgboost,xgboost__lr_0.03__depth_2__mcw_1__lambda_1,fold2_validation,شفارس,شفارس|1398,شفارس|1399,1398,1399,0,0.041248895228,mean_of_5_fixed_seeds
persistent_loss_robustness_target,main_rule_a_primary,M1_PRIMARY_FEATURE_ORDER,xgboost,xgboost__lr_0.03__depth_2__mcw_1__lambda_1,fold2_validation,شلعاب,شلعاب|1397,شلعاب|1398,1397,1398,0,0.669723987579,mean_of_5_fixed_seeds
persistent_loss_robustness_target,main_rule_a_primary,M1_PRIMARY_FEATURE_ORDER,xgboost,xgboost__lr_0.03__depth_2__mcw_1__lambda_1,fold2_validation,شلعاب,شلعاب|1398,شلعاب|1399,1398,1399,0,0.557903170586,mean_of_5_fixed_seeds
persistent_loss_robustness_target,main_rule_a_primary,M1_PRIMARY_FEATURE_ORDER,xgboost,xgboost__lr_0.03__depth_2__mcw_1__lambda_1,fold2_validation,شپارس,شپارس|1397,شپارس|1398,1397,1398,0,0.502309381962,mean_of_5_fixed_seeds
persistent_loss_robustness_target,main_rule_a_primary,M1_PRIMARY_FEATURE_ORDER,xgboost,xgboost__lr_0.03__depth_2__mcw_1__lambda_1,fold2_validation,شپارس,شپارس|1398,شپارس|1399,1398,1399,0,0.346313983202,mean_of_5_fixed_seeds
persistent_loss_robustness_target,main_rule_a_primary,M1_PRIMARY_FEATURE_ORDER,xgboost,xgboost__lr_0.03__depth_2__mcw_1__lambda_1,fold2_validation,شپنا,شپنا|1397,شپنا|1398,1397,1398,0,0.00695158029,mean_of_5_fixed_seeds
persistent_loss_robustness_target,main_rule_a_primary,M1_PRIMARY_FEATURE_ORDER,xgboost,xgboost__lr_0.03__depth_2__mcw_1__lambda_1,fold2_validation,شپنا,شپنا|1398,شپنا|1399,1398,1399,0,0.007294982672,mean_of_5_fixed_seeds
persistent_loss_robustness_target,main_rule_a_primary,M1_PRIMARY_FEATURE_ORDER,xgboost,xgboost__lr_0.03__depth_2__mcw_1__lambda_1,fold2_validation,شکربن,شکربن|1397,شکربن|1398,1397,1398,0,0.020416649058,mean_of_5_fixed_seeds
persistent_loss_robustness_target,main_rule_a_primary,M1_PRIMARY_FEATURE_ORDER,xgboost,xgboost__lr_0.03__depth_2__mcw_1__lambda_1,fold2_validation,شکربن,شکربن|1398,شکربن|1399,1398,1399,0,0.014970446005,mean_of_5_fixed_seeds
persistent_loss_robustness_target,main_rule_a_primary,M1_PRIMARY_FEATURE_ORDER,xgboost,xgboost__lr_0.03__depth_2__mcw_1__lambda_1,fold2_validation,شکلر,شکلر|1398,شکلر|1399,1398,1399,0,0.040377963334,mean_of_5_fixed_seeds
persistent_loss_robustness_target,main_rule_a_primary,M1_PRIMARY_FEATURE_ORDER,xgboost,xgboost__lr_0.03__depth_2__mcw_1__lambda_1,fold2_validation,شیران,شیران|1397,شیران|1398,1397,1398,0,0.00590135064,mean_of_5_fixed_seeds
persistent_loss_robustness_target,main_rule_a_primary,M1_PRIMARY_FEATURE_ORDER,xgboost,xgboost__lr_0.03__depth_2__mcw_1__lambda_1,fold2_validation,شیران,شیران|1398,شیران|1399,1398,1399,0,0.013841423206,mean_of_5_fixed_seeds
persistent_loss_robustness_target,main_rule_a_primary,M1_PRIMARY_FEATURE_ORDER,xgboost,xgboost__lr_0.03__depth_2__mcw_1__lambda_1,fold2_validation,غبهنوش,غبهنوش|1397,غبهنوش|1398,1397,1398,0,0.223472833633,mean_of_5_fixed_seeds
persistent_loss_robustness_target,main_rule_a_primary,M1_PRIMARY_FEATURE_ORDER,xgboost,xgboost__lr_0.03__depth_2__mcw_1__lambda_1,fold2_validation,غبهنوش,غبهنوش|1398,غبهنوش|1399,1398,1399,0,0.175557881594,mean_of_5_fixed_seeds
persistent_loss_robustness_target,main_rule_a_primary,M1_PRIMARY_FEATURE_ORDER,xgboost,xgboost__lr_0.03__depth_2__mcw_1__lambda_1,fold2_validation,غدام,غدام|1397,غدام|1398,1397,1398,0,0.086774095893,mean_of_5_fixed_seeds
persistent_loss_robustness_target,main_rule_a_primary,M1_PRIMARY_FEATURE_ORDER,xgboost,xgboost__lr_0.03__depth_2__mcw_1__lambda_1,fold2_validation,غدام,غدام|1398,غدام|1399,1398,1399,0,0.079360127449,mean_of_5_fixed_seeds
persistent_loss_robustness_target,main_rule_a_primary,M1_PRIMARY_FEATURE_ORDER,xgboost,xgboost__lr_0.03__depth_2__mcw_1__lambda_1,fold2_validation,غسالم,غسالم|1397,غسالم|1398,1397,1398,0,0.017994498834,mean_of_5_fixed_seeds
persistent_loss_robustness_target,main_rule_a_primary,M1_PRIMARY_FEATURE_ORDER,xgboost,xgboost__lr_0.03__depth_2__mcw_1__lambda_1,fold2_validation,غسالم,غسالم|1398,غسالم|1399,1398,1399,0,0.018584959209,mean_of_5_fixed_seeds
persistent_loss_robustness_target,main_rule_a_primary,M1_PRIMARY_FEATURE_ORDER,xgboost,xgboost__lr_0.03__depth_2__mcw_1__lambda_1,fold2_validation,غشان,غشان|1397,غشان|1398,1397,1398,0,0.270393520594,mean_of_5_fixed_seeds
persistent_loss_robustness_target,main_rule_a_primary,M1_PRIMARY_FEATURE_ORDER,xgboost,xgboost__lr_0.03__depth_2__mcw_1__lambda_1,fold2_validation,غشان,غشان|1398,غشان|1399,1398,1399,0,0.181841596961,mean_of_5_fixed_seeds
persistent_loss_robustness_target,main_rule_a_primary,M1_PRIMARY_FEATURE_ORDER,xgboost,xgboost__lr_0.03__depth_2__mcw_1__lambda_1,fold2_validation,غشهد,غشهد|1397,غشهد|1398,1397,1398,0,0.771496355534,mean_of_5_fixed_seeds
persistent_loss_robustness_target,main_rule_a_primary,M1_PRIMARY_FEATURE_ORDER,xgboost,xgboost__lr_0.03__depth_2__mcw_1__lambda_1,fold2_validation,غشهد,غشهد|1398,غشهد|1399,1398,1399,0,0.03916914016,mean_of_5_fixed_seeds
persistent_loss_robustness_target,main_rule_a_primary,M1_PRIMARY_FEATURE_ORDER,xgboost,xgboost__lr_0.03__depth_2__mcw_1__lambda_1,fold2_validation,غنوش,غنوش|1397,غنوش|1398,1397,1398,0,0.02048930712,mean_of_5_fixed_seeds
persistent_loss_robustness_target,main_rule_a_primary,M1_PRIMARY_FEATURE_ORDER,xgboost,xgboost__lr_0.03__depth_2__mcw_1__lambda_1,fold2_validation,غنوش,غنوش|1398,غنوش|1399,1398,1399,0,0.044126469642,mean_of_5_fixed_seeds
persistent_loss_robustness_target,main_rule_a_primary,M1_PRIMARY_FEATURE_ORDER,xgboost,xgboost__lr_0.03__depth_2__mcw_1__lambda_1,fold2_validation,غگل,غگل|1397,غگل|1398,1397,1398,0,0.167262509465,mean_of_5_fixed_seeds
persistent_loss_robustness_target,main_rule_a_primary,M1_PRIMARY_FEATURE_ORDER,xgboost,xgboost__lr_0.03__depth_2__mcw_1__lambda_1,fold2_validation,غگل,غگل|1398,غگل|1399,1398,1399,0,0.047905616462,mean_of_5_fixed_seeds
persistent_loss_robustness_target,main_rule_a_primary,M1_PRIMARY_FEATURE_ORDER,xgboost,xgboost__lr_0.03__depth_2__mcw_1__lambda_1,fold2_validation,فاذر,فاذر|1397,فاذر|1398,1397,1398,0,0.772163629532,mean_of_5_fixed_seeds
persistent_loss_robustness_target,main_rule_a_primary,M1_PRIMARY_FEATURE_ORDER,xgboost,xgboost__lr_0.03__depth_2__mcw_1__lambda_1,fold2_validation,فاذر,فاذر|1398,فاذر|1399,1398,1399,1,0.574125885963,mean_of_5_fixed_seeds
persistent_loss_robustness_target,main_rule_a_primary,M1_PRIMARY_FEATURE_ORDER,xgboost,xgboost__lr_0.03__depth_2__mcw_1__lambda_1,fold2_validation,فایرا,فایرا|1397,فایرا|1398,1397,1398,0,0.064911000431,mean_of_5_fixed_seeds
persistent_loss_robustness_target,main_rule_a_primary,M1_PRIMARY_FEATURE_ORDER,xgboost,xgboost__lr_0.03__depth_2__mcw_1__lambda_1,fold2_validation,فایرا,فایرا|1398,فایرا|1399,1398,1399,0,0.045699428767,mean_of_5_fixed_seeds
persistent_loss_robustness_target,main_rule_a_primary,M1_PRIMARY_FEATURE_ORDER,xgboost,xgboost__lr_0.03__depth_2__mcw_1__lambda_1,fold2_validation,فباهنر,فباهنر|1397,فباهنر|1398,1397,1398,0,0.491167843342,mean_of_5_fixed_seeds
persistent_loss_robustness_target,main_rule_a_primary,M1_PRIMARY_FEATURE_ORDER,xgboost,xgboost__lr_0.03__depth_2__mcw_1__lambda_1,fold2_validation,فباهنر,فباهنر|1398,فباهنر|1399,1398,1399,0,0.09841106832,mean_of_5_fixed_seeds
persistent_loss_robustness_target,main_rule_a_primary,M1_PRIMARY_FEATURE_ORDER,xgboost,xgboost__lr_0.03__depth_2__mcw_1__lambda_1,fold2_validation,فجام,فجام|1397,فجام|1398,1397,1398,0,0.014673572965,mean_of_5_fixed_seeds
persistent_loss_robustness_target,main_rule_a_primary,M1_PRIMARY_FEATURE_ORDER,xgboost,xgboost__lr_0.03__depth_2__mcw_1__lambda_1,fold2_validation,فجام,فجام|1398,فجام|1399,1398,1399,0,0.014230748639,mean_of_5_fixed_seeds
persistent_loss_robustness_target,main_rule_a_primary,M1_PRIMARY_FEATURE_ORDER,xgboost,xgboost__lr_0.03__depth_2__mcw_1__lambda_1,fold2_validation,فجر,فجر|1397,فجر|1398,1397,1398,0,0.010610602796,mean_of_5_fixed_seeds
persistent_loss_robustness_target,main_rule_a_primary,M1_PRIMARY_FEATURE_ORDER,xgboost,xgboost__lr_0.03__depth_2__mcw_1__lambda_1,fold2_validation,فجر,فجر|1398,فجر|1399,1398,1399,0,0.071386948228,mean_of_5_fixed_seeds
persistent_loss_robustness_target,main_rule_a_primary,M1_PRIMARY_FEATURE_ORDER,xgboost,xgboost__lr_0.03__depth_2__mcw_1__lambda_1,fold2_validation,فخوز,فخوز|1397,فخوز|1398,1397,1398,0,0.020479585975,mean_of_5_fixed_seeds
persistent_loss_robustness_target,main_rule_a_primary,M1_PRIMARY_FEATURE_ORDER,xgboost,xgboost__lr_0.03__depth_2__mcw_1__lambda_1,fold2_validation,فخوز,فخوز|1398,فخوز|1399,1398,1399,0,0.009259725921,mean_of_5_fixed_seeds
persistent_loss_robustness_target,main_rule_a_primary,M1_PRIMARY_FEATURE_ORDER,xgboost,xgboost__lr_0.03__depth_2__mcw_1__lambda_1,fold2_validation,فرآور,فرآور|1397,فرآور|1398,1397,1398,0,0.017854770645,mean_of_5_fixed_seeds
persistent_loss_robustness_target,main_rule_a_primary,M1_PRIMARY_FEATURE_ORDER,xgboost,xgboost__lr_0.03__depth_2__mcw_1__lambda_1,fold2_validation,فرآور,فرآور|1398,فرآور|1399,1398,1399,0,0.013352835551,mean_of_5_fixed_seeds
persistent_loss_robustness_target,main_rule_a_primary,M1_PRIMARY_FEATURE_ORDER,xgboost,xgboost__lr_0.03__depth_2__mcw_1__lambda_1,fold2_validation,فسرب,فسرب|1397,فسرب|1398,1397,1398,0,0.070466890931,mean_of_5_fixed_seeds
persistent_loss_robustness_target,main_rule_a_primary,M1_PRIMARY_FEATURE_ORDER,xgboost,xgboost__lr_0.03__depth_2__mcw_1__lambda_1,fold2_validation,فسرب,فسرب|1398,فسرب|1399,1398,1399,0,0.224558159709,mean_of_5_fixed_seeds
persistent_loss_robustness_target,main_rule_a_primary,M1_PRIMARY_FEATURE_ORDER,xgboost,xgboost__lr_0.03__depth_2__mcw_1__lambda_1,fold2_validation,فسپا,فسپا|1397,فسپا|1398,1397,1398,0,0.011350596324,mean_of_5_fixed_seeds
persistent_loss_robustness_target,main_rule_a_primary,M1_PRIMARY_FEATURE_ORDER,xgboost,xgboost__lr_0.03__depth_2__mcw_1__lambda_1,fold2_validation,فسپا,فسپا|1398,فسپا|1399,1398,1399,0,0.048336084932,mean_of_5_fixed_seeds
persistent_loss_robustness_target,main_rule_a_primary,M1_PRIMARY_FEATURE_ORDER,xgboost,xgboost__lr_0.03__depth_2__mcw_1__lambda_1,fold2_validation,فمراد,فمراد|1397,فمراد|1398,1397,1398,1,0.736265301704,mean_of_5_fixed_seeds
persistent_loss_robustness_target,main_rule_a_primary,M1_PRIMARY_FEATURE_ORDER,xgboost,xgboost__lr_0.03__depth_2__mcw_1__lambda_1,fold2_validation,فمراد,فمراد|1398,فمراد|1399,1398,1399,0,0.628821492195,mean_of_5_fixed_seeds
persistent_loss_robustness_target,main_rule_a_primary,M1_PRIMARY_FEATURE_ORDER,xgboost,xgboost__lr_0.03__depth_2__mcw_1__lambda_1,fold2_validation,فملی,فملی|1397,فملی|1398,1397,1398,0,0.006533615291,mean_of_5_fixed_seeds
persistent_loss_robustness_target,main_rule_a_primary,M1_PRIMARY_FEATURE_ORDER,xgboost,xgboost__lr_0.03__depth_2__mcw_1__lambda_1,fold2_validation,فملی,فملی|1398,فملی|1399,1398,1399,0,0.005943345837,mean_of_5_fixed_seeds
persistent_loss_robustness_target,main_rule_a_primary,M1_PRIMARY_FEATURE_ORDER,xgboost,xgboost__lr_0.03__depth_2__mcw_1__lambda_1,fold2_validation,فنورد,فنورد|1397,فنورد|1398,1397,1398,0,0.243881747127,mean_of_5_fixed_seeds
persistent_loss_robustness_target,main_rule_a_primary,M1_PRIMARY_FEATURE_ORDER,xgboost,xgboost__lr_0.03__depth_2__mcw_1__lambda_1,fold2_validation,فنورد,فنورد|1398,فنورد|1399,1398,1399,0,0.083408601582,mean_of_5_fixed_seeds
persistent_loss_robustness_target,main_rule_a_primary,M1_PRIMARY_FEATURE_ORDER,xgboost,xgboost__lr_0.03__depth_2__mcw_1__lambda_1,fold2_validation,فولاژ,فولاژ|1397,فولاژ|1398,1397,1398,0,0.015604379587,mean_of_5_fixed_seeds
persistent_loss_robustness_target,main_rule_a_primary,M1_PRIMARY_FEATURE_ORDER,xgboost,xgboost__lr_0.03__depth_2__mcw_1__lambda_1,fold2_validation,فولاژ,فولاژ|1398,فولاژ|1399,1398,1399,0,0.007649956737,mean_of_5_fixed_seeds
persistent_loss_robustness_target,main_rule_a_primary,M1_PRIMARY_FEATURE_ORDER,xgboost,xgboost__lr_0.03__depth_2__mcw_1__lambda_1,fold2_validation,فپنتا,فپنتا|1397,فپنتا|1398,1397,1398,0,0.015295078978,mean_of_5_fixed_seeds
persistent_loss_robustness_target,main_rule_a_primary,M1_PRIMARY_FEATURE_ORDER,xgboost,xgboost__lr_0.03__depth_2__mcw_1__lambda_1,fold2_validation,فپنتا,فپنتا|1398,فپنتا|1399,1398,1399,0,0.020027700812,mean_of_5_fixed_seeds
persistent_loss_robustness_target,main_rule_a_primary,M1_PRIMARY_FEATURE_ORDER,xgboost,xgboost__lr_0.03__depth_2__mcw_1__lambda_1,fold2_validation,لابسا,لابسا|1397,لابسا|1398,1397,1398,0,0.227854803205,mean_of_5_fixed_seeds
persistent_loss_robustness_target,main_rule_a_primary,M1_PRIMARY_FEATURE_ORDER,xgboost,xgboost__lr_0.03__depth_2__mcw_1__lambda_1,fold2_validation,لابسا,لابسا|1398,لابسا|1399,1398,1399,0,0.107841275632,mean_of_5_fixed_seeds
persistent_loss_robustness_target,main_rule_a_primary,M1_PRIMARY_FEATURE_ORDER,xgboost,xgboost__lr_0.03__depth_2__mcw_1__lambda_1,fold2_validation,لبوتان,لبوتان|1397,لبوتان|1398,1397,1398,1,0.21250860393,mean_of_5_fixed_seeds
persistent_loss_robustness_target,main_rule_a_primary,M1_PRIMARY_FEATURE_ORDER,xgboost,xgboost__lr_0.03__depth_2__mcw_1__lambda_1,fold2_validation,لبوتان,لبوتان|1398,لبوتان|1399,1398,1399,1,0.353298068047,mean_of_5_fixed_seeds
persistent_loss_robustness_target,main_rule_a_primary,M1_PRIMARY_FEATURE_ORDER,xgboost,xgboost__lr_0.03__depth_2__mcw_1__lambda_1,fold2_validation,لخزر,لخزر|1397,لخزر|1398,1397,1398,0,0.539839148521,mean_of_5_fixed_seeds
persistent_loss_robustness_target,main_rule_a_primary,M1_PRIMARY_FEATURE_ORDER,xgboost,xgboost__lr_0.03__depth_2__mcw_1__lambda_1,fold2_validation,لخزر,لخزر|1398,لخزر|1399,1398,1399,0,0.288059771061,mean_of_5_fixed_seeds
persistent_loss_robustness_target,main_rule_a_primary,M1_PRIMARY_FEATURE_ORDER,xgboost,xgboost__lr_0.03__depth_2__mcw_1__lambda_1,fold2_validation,لسرما,لسرما|1397,لسرما|1398,1397,1398,0,0.191257625818,mean_of_5_fixed_seeds
persistent_loss_robustness_target,main_rule_a_primary,M1_PRIMARY_FEATURE_ORDER,xgboost,xgboost__lr_0.03__depth_2__mcw_1__lambda_1,fold2_validation,لسرما,لسرما|1398,لسرما|1399,1398,1399,0,0.046894554049,mean_of_5_fixed_seeds
persistent_loss_robustness_target,main_rule_a_primary,M1_PRIMARY_FEATURE_ORDER,xgboost,xgboost__lr_0.03__depth_2__mcw_1__lambda_1,fold2_validation,نوری,نوری|1398,نوری|1399,1398,1399,0,0.130140632391,mean_of_5_fixed_seeds
persistent_loss_robustness_target,main_rule_a_primary,M1_PRIMARY_FEATURE_ORDER,xgboost,xgboost__lr_0.03__depth_2__mcw_1__lambda_1,fold2_validation,های وب,های وب|1397,های وب|1398,1397,1398,0,0.04002597183,mean_of_5_fixed_seeds
persistent_loss_robustness_target,main_rule_a_primary,M1_PRIMARY_FEATURE_ORDER,xgboost,xgboost__lr_0.03__depth_2__mcw_1__lambda_1,fold2_validation,های وب,های وب|1398,های وب|1399,1398,1399,0,0.00907779485,mean_of_5_fixed_seeds
persistent_loss_robustness_target,main_rule_a_primary,M1_PRIMARY_FEATURE_ORDER,xgboost,xgboost__lr_0.03__depth_2__mcw_1__lambda_1,fold2_validation,همراه,همراه|1397,همراه|1398,1397,1398,0,0.043548829854,mean_of_5_fixed_seeds
persistent_loss_robustness_target,main_rule_a_primary,M1_PRIMARY_FEATURE_ORDER,xgboost,xgboost__lr_0.03__depth_2__mcw_1__lambda_1,fold2_validation,همراه,همراه|1398,همراه|1399,1398,1399,0,0.053238023072,mean_of_5_fixed_seeds
persistent_loss_robustness_target,main_rule_a_primary,M1_PRIMARY_FEATURE_ORDER,xgboost,xgboost__lr_0.03__depth_2__mcw_1__lambda_1,fold2_validation,پارس,پارس|1397,پارس|1398,1397,1398,0,0.011646376923,mean_of_5_fixed_seeds
persistent_loss_robustness_target,main_rule_a_primary,M1_PRIMARY_FEATURE_ORDER,xgboost,xgboost__lr_0.03__depth_2__mcw_1__lambda_1,fold2_validation,پارس,پارس|1398,پارس|1399,1398,1399,0,0.005893466529,mean_of_5_fixed_seeds
persistent_loss_robustness_target,main_rule_a_primary,M1_PRIMARY_FEATURE_ORDER,xgboost,xgboost__lr_0.03__depth_2__mcw_1__lambda_1,fold2_validation,پدرخش,پدرخش|1397,پدرخش|1398,1397,1398,0,0.01197400596,mean_of_5_fixed_seeds
persistent_loss_robustness_target,main_rule_a_primary,M1_PRIMARY_FEATURE_ORDER,xgboost,xgboost__lr_0.03__depth_2__mcw_1__lambda_1,fold2_validation,پدرخش,پدرخش|1398,پدرخش|1399,1398,1399,0,0.023351678625,mean_of_5_fixed_seeds
persistent_loss_robustness_target,main_rule_a_primary,M1_PRIMARY_FEATURE_ORDER,xgboost,xgboost__lr_0.03__depth_2__mcw_1__lambda_1,fold2_validation,پرداخت,پرداخت|1397,پرداخت|1398,1397,1398,0,0.006388258189,mean_of_5_fixed_seeds
persistent_loss_robustness_target,main_rule_a_primary,M1_PRIMARY_FEATURE_ORDER,xgboost,xgboost__lr_0.03__depth_2__mcw_1__lambda_1,fold2_validation,پرداخت,پرداخت|1398,پرداخت|1399,1398,1399,0,0.018544515595,mean_of_5_fixed_seeds
persistent_loss_robustness_target,main_rule_a_primary,M1_PRIMARY_FEATURE_ORDER,xgboost,xgboost__lr_0.03__depth_2__mcw_1__lambda_1,fold2_validation,پسهند,پسهند|1397,پسهند|1398,1397,1398,0,0.012840516865,mean_of_5_fixed_seeds
persistent_loss_robustness_target,main_rule_a_primary,M1_PRIMARY_FEATURE_ORDER,xgboost,xgboost__lr_0.03__depth_2__mcw_1__lambda_1,fold2_validation,پسهند,پسهند|1398,پسهند|1399,1398,1399,0,0.013140549883,mean_of_5_fixed_seeds
persistent_loss_robustness_target,main_rule_a_primary,M1_PRIMARY_FEATURE_ORDER,xgboost,xgboost__lr_0.03__depth_2__mcw_1__lambda_1,fold2_validation,پلاسک,پلاسک|1397,پلاسک|1398,1397,1398,1,0.573232293129,mean_of_5_fixed_seeds
persistent_loss_robustness_target,main_rule_a_primary,M1_PRIMARY_FEATURE_ORDER,xgboost,xgboost__lr_0.03__depth_2__mcw_1__lambda_1,fold2_validation,پلاسک,پلاسک|1398,پلاسک|1399,1398,1399,0,0.500333428383,mean_of_5_fixed_seeds
persistent_loss_robustness_target,main_rule_a_primary,M1_PRIMARY_FEATURE_ORDER,xgboost,xgboost__lr_0.03__depth_2__mcw_1__lambda_1,fold2_validation,چافست,چافست|1397,چافست|1398,1397,1398,0,0.052500605583,mean_of_5_fixed_seeds
persistent_loss_robustness_target,main_rule_a_primary,M1_PRIMARY_FEATURE_ORDER,xgboost,xgboost__lr_0.03__depth_2__mcw_1__lambda_1,fold2_validation,چافست,چافست|1398,چافست|1399,1398,1399,0,0.005684016738,mean_of_5_fixed_seeds
persistent_loss_robustness_target,main_rule_a_primary,M1_PRIMARY_FEATURE_ORDER,xgboost,xgboost__lr_0.03__depth_2__mcw_1__lambda_1,fold2_validation,چکارن,چکارن|1397,چکارن|1398,1397,1398,0,0.383738219738,mean_of_5_fixed_seeds
persistent_loss_robustness_target,main_rule_a_primary,M1_PRIMARY_FEATURE_ORDER,xgboost,xgboost__lr_0.03__depth_2__mcw_1__lambda_1,fold2_validation,چکارن,چکارن|1398,چکارن|1399,1398,1399,0,0.066535457969,mean_of_5_fixed_seeds
persistent_loss_robustness_target,main_rule_a_primary,M1_PRIMARY_FEATURE_ORDER,xgboost,xgboost__lr_0.03__depth_2__mcw_1__lambda_1,fold2_validation,کاوه,کاوه|1397,کاوه|1398,1397,1398,0,0.243154197931,mean_of_5_fixed_seeds
persistent_loss_robustness_target,main_rule_a_primary,M1_PRIMARY_FEATURE_ORDER,xgboost,xgboost__lr_0.03__depth_2__mcw_1__lambda_1,fold2_validation,کاوه,کاوه|1398,کاوه|1399,1398,1399,0,0.265711605549,mean_of_5_fixed_seeds
persistent_loss_robustness_target,main_rule_a_primary,M1_PRIMARY_FEATURE_ORDER,xgboost,xgboost__lr_0.03__depth_2__mcw_1__lambda_1,fold2_validation,کبافق,کبافق|1397,کبافق|1398,1397,1398,0,0.012884135358,mean_of_5_fixed_seeds
persistent_loss_robustness_target,main_rule_a_primary,M1_PRIMARY_FEATURE_ORDER,xgboost,xgboost__lr_0.03__depth_2__mcw_1__lambda_1,fold2_validation,کبافق,کبافق|1398,کبافق|1399,1398,1399,0,0.039258368313,mean_of_5_fixed_seeds
persistent_loss_robustness_target,main_rule_a_primary,M1_PRIMARY_FEATURE_ORDER,xgboost,xgboost__lr_0.03__depth_2__mcw_1__lambda_1,fold2_validation,کرازی,کرازی|1397,کرازی|1398,1397,1398,0,0.018182260916,mean_of_5_fixed_seeds
persistent_loss_robustness_target,main_rule_a_primary,M1_PRIMARY_FEATURE_ORDER,xgboost,xgboost__lr_0.03__depth_2__mcw_1__lambda_1,fold2_validation,کرازی,کرازی|1398,کرازی|1399,1398,1399,0,0.01899926737,mean_of_5_fixed_seeds
persistent_loss_robustness_target,main_rule_a_primary,M1_PRIMARY_FEATURE_ORDER,xgboost,xgboost__lr_0.03__depth_2__mcw_1__lambda_1,fold2_validation,کفرا,کفرا|1397,کفرا|1398,1397,1398,0,0.013741163537,mean_of_5_fixed_seeds
persistent_loss_robustness_target,main_rule_a_primary,M1_PRIMARY_FEATURE_ORDER,xgboost,xgboost__lr_0.03__depth_2__mcw_1__lambda_1,fold2_validation,کفرا,کفرا|1398,کفرا|1399,1398,1399,0,0.023925278336,mean_of_5_fixed_seeds
persistent_loss_robustness_target,main_rule_a_primary,M1_PRIMARY_FEATURE_ORDER,xgboost,xgboost__lr_0.03__depth_2__mcw_1__lambda_1,fold2_validation,کفپارس,کفپارس|1397,کفپارس|1398,1397,1398,0,0.505569577217,mean_of_5_fixed_seeds
persistent_loss_robustness_target,main_rule_a_primary,M1_PRIMARY_FEATURE_ORDER,xgboost,xgboost__lr_0.03__depth_2__mcw_1__lambda_1,fold2_validation,کفپارس,کفپارس|1398,کفپارس|1399,1398,1399,0,0.9141279459,mean_of_5_fixed_seeds
persistent_loss_robustness_target,main_rule_a_primary,M1_PRIMARY_FEATURE_ORDER,xgboost,xgboost__lr_0.03__depth_2__mcw_1__lambda_1,fold2_validation,کهمدا,کهمدا|1397,کهمدا|1398,1397,1398,0,0.019014826044,mean_of_5_fixed_seeds
persistent_loss_robustness_target,main_rule_a_primary,M1_PRIMARY_FEATURE_ORDER,xgboost,xgboost__lr_0.03__depth_2__mcw_1__lambda_1,fold2_validation,کهمدا,کهمدا|1398,کهمدا|1399,1398,1399,0,0.024803644046,mean_of_5_fixed_seeds
persistent_loss_robustness_target,main_rule_a_primary,M1_PRIMARY_FEATURE_ORDER,xgboost,xgboost__lr_0.03__depth_2__mcw_1__lambda_1,fold2_validation,کویر,کویر|1398,کویر|1399,1398,1399,0,0.104068398476,mean_of_5_fixed_seeds
persistent_loss_robustness_target,main_rule_a_primary,M1_PRIMARY_FEATURE_ORDER,xgboost,xgboost__lr_0.03__depth_2__mcw_1__lambda_1,fold2_validation,کگاز,کگاز|1397,کگاز|1398,1397,1398,0,0.03177760914,mean_of_5_fixed_seeds
persistent_loss_robustness_target,main_rule_a_primary,M1_PRIMARY_FEATURE_ORDER,xgboost,xgboost__lr_0.03__depth_2__mcw_1__lambda_1,fold2_validation,کگاز,کگاز|1398,کگاز|1399,1398,1399,0,0.2122489959,mean_of_5_fixed_seeds
persistent_loss_robustness_target,main_rule_a_primary,M1_PRIMARY_FEATURE_ORDER,xgboost,xgboost__lr_0.03__depth_2__mcw_1__lambda_1,fold2_validation,کگل,کگل|1397,کگل|1398,1397,1398,0,0.019517583773,mean_of_5_fixed_seeds
persistent_loss_robustness_target,main_rule_a_primary,M1_PRIMARY_FEATURE_ORDER,xgboost,xgboost__lr_0.03__depth_2__mcw_1__lambda_1,fold2_validation,کگل,کگل|1398,کگل|1399,1398,1399,0,0.00778232608,mean_of_5_fixed_seeds
