archive_edition_id,release_available_at_utc,raw_artifact_sha256,economy_code_raw,economy_name_raw,indicator_code_raw,indicator_name_raw,frequency_evidence,unit_evidence,observation_year,raw_value_text,parsed_numeric_value,parse_status,source_row_locator
WDI_2017_09_19,,c50764e75ef9b95515283f9b69a8f70d20fc9527ccdf00b74ce632089729c6c5,IRN,"Iran, Islamic Rep.",FP.CPI.TOTL.ZG,"Inflation, consumer prices (annual %)",annual_year_columns_in_wdi_data_sheet,,1960,9.82241081297849,9.82241081297849,PARSED,WDIEXCEL.xlsx!Data!R212889C5
WDI_2017_09_19,,c50764e75ef9b95515283f9b69a8f70d20fc9527ccdf00b74ce632089729c6c5,IRN,"Iran, Islamic Rep.",FP.CPI.TOTL.ZG,"Inflation, consumer prices (annual %)",annual_year_columns_in_wdi_data_sheet,,1961,3.16256439585761,3.16256439585761,PARSED,WDIEXCEL.xlsx!Data!R212889C6
WDI_2017_09_19,,c50764e75ef9b95515283f9b69a8f70d20fc9527ccdf00b74ce632089729c6c5,IRN,"Iran, Islamic Rep.",FP.CPI.TOTL.ZG,"Inflation, consumer prices (annual %)",annual_year_columns_in_wdi_data_sheet,,1962,0.72132057165645,0.72132057165645,PARSED,WDIEXCEL.xlsx!Data!R212889C7
WDI_2017_09_19,,c50764e75ef9b95515283f9b69a8f70d20fc9527ccdf00b74ce632089729c6c5,IRN,"Iran, Islamic Rep.",FP.CPI.TOTL.ZG,"Inflation, consumer prices (annual %)",annual_year_columns_in_wdi_data_sheet,,1963,0.37184960722137,0.37184960722137,PARSED,WDIEXCEL.xlsx!Data!R212889C8
WDI_2017_09_19,,c50764e75ef9b95515283f9b69a8f70d20fc9527ccdf00b74ce632089729c6c5,IRN,"Iran, Islamic Rep.",FP.CPI.TOTL.ZG,"Inflation, consumer prices (annual %)",annual_year_columns_in_wdi_data_sheet,,1964,3.81448957223095,3.81448957223095,PARSED,WDIEXCEL.xlsx!Data!R212889C9
WDI_2017_09_19,,c50764e75ef9b95515283f9b69a8f70d20fc9527ccdf00b74ce632089729c6c5,IRN,"Iran, Islamic Rep.",FP.CPI.TOTL.ZG,"Inflation, consumer prices (annual %)",annual_year_columns_in_wdi_data_sheet,,1965,2.15437483520928,2.15437483520928,PARSED,WDIEXCEL.xlsx!Data!R212889C10
WDI_2017_09_19,,c50764e75ef9b95515283f9b69a8f70d20fc9527ccdf00b74ce632089729c6c5,IRN,"Iran, Islamic Rep.",FP.CPI.TOTL.ZG,"Inflation, consumer prices (annual %)",annual_year_columns_in_wdi_data_sheet,,1966,-0.388148532154546,-0.388148532154546,PARSED,WDIEXCEL.xlsx!Data!R212889C11
WDI_2017_09_19,,c50764e75ef9b95515283f9b69a8f70d20fc9527ccdf00b74ce632089729c6c5,IRN,"Iran, Islamic Rep.",FP.CPI.TOTL.ZG,"Inflation, consumer prices (annual %)",annual_year_columns_in_wdi_data_sheet,,1967,1.59761007964357,1.59761007964357,PARSED,WDIEXCEL.xlsx!Data!R212889C12
WDI_2017_09_19,,c50764e75ef9b95515283f9b69a8f70d20fc9527ccdf00b74ce632089729c6c5,IRN,"Iran, Islamic Rep.",FP.CPI.TOTL.ZG,"Inflation, consumer prices (annual %)",annual_year_columns_in_wdi_data_sheet,,1968,0.690360521996314,0.690360521996314,PARSED,WDIEXCEL.xlsx!Data!R212889C13
WDI_2017_09_19,,c50764e75ef9b95515283f9b69a8f70d20fc9527ccdf00b74ce632089729c6c5,IRN,"Iran, Islamic Rep.",FP.CPI.TOTL.ZG,"Inflation, consumer prices (annual %)",annual_year_columns_in_wdi_data_sheet,,1969,3.59319451551278,3.59319451551278,PARSED,WDIEXCEL.xlsx!Data!R212889C14
WDI_2017_09_19,,c50764e75ef9b95515283f9b69a8f70d20fc9527ccdf00b74ce632089729c6c5,IRN,"Iran, Islamic Rep.",FP.CPI.TOTL.ZG,"Inflation, consumer prices (annual %)",annual_year_columns_in_wdi_data_sheet,,1970,1.66687093970064,1.66687093970064,PARSED,WDIEXCEL.xlsx!Data!R212889C15
WDI_2017_09_19,,c50764e75ef9b95515283f9b69a8f70d20fc9527ccdf00b74ce632089729c6c5,IRN,"Iran, Islamic Rep.",FP.CPI.TOTL.ZG,"Inflation, consumer prices (annual %)",annual_year_columns_in_wdi_data_sheet,,1971,4.1952983726543,4.1952983726543,PARSED,WDIEXCEL.xlsx!Data!R212889C16
WDI_2017_09_19,,c50764e75ef9b95515283f9b69a8f70d20fc9527ccdf00b74ce632089729c6c5,IRN,"Iran, Islamic Rep.",FP.CPI.TOTL.ZG,"Inflation, consumer prices (annual %)",annual_year_columns_in_wdi_data_sheet,,1972,6.39824135128914,6.39824135128914,PARSED,WDIEXCEL.xlsx!Data!R212889C17
WDI_2017_09_19,,c50764e75ef9b95515283f9b69a8f70d20fc9527ccdf00b74ce632089729c6c5,IRN,"Iran, Islamic Rep.",FP.CPI.TOTL.ZG,"Inflation, consumer prices (annual %)",annual_year_columns_in_wdi_data_sheet,,1973,9.81948673318748,9.81948673318748,PARSED,WDIEXCEL.xlsx!Data!R212889C18
WDI_2017_09_19,,c50764e75ef9b95515283f9b69a8f70d20fc9527ccdf00b74ce632089729c6c5,IRN,"Iran, Islamic Rep.",FP.CPI.TOTL.ZG,"Inflation, consumer prices (annual %)",annual_year_columns_in_wdi_data_sheet,,1974,14.2489355382568,14.2489355382568,PARSED,WDIEXCEL.xlsx!Data!R212889C19
WDI_2017_09_19,,c50764e75ef9b95515283f9b69a8f70d20fc9527ccdf00b74ce632089729c6c5,IRN,"Iran, Islamic Rep.",FP.CPI.TOTL.ZG,"Inflation, consumer prices (annual %)",annual_year_columns_in_wdi_data_sheet,,1975,12.879181833834,12.879181833834,PARSED,WDIEXCEL.xlsx!Data!R212889C20
WDI_2017_09_19,,c50764e75ef9b95515283f9b69a8f70d20fc9527ccdf00b74ce632089729c6c5,IRN,"Iran, Islamic Rep.",FP.CPI.TOTL.ZG,"Inflation, consumer prices (annual %)",annual_year_columns_in_wdi_data_sheet,,1976,11.256142506211,11.256142506211,PARSED,WDIEXCEL.xlsx!Data!R212889C21
WDI_2017_09_19,,c50764e75ef9b95515283f9b69a8f70d20fc9527ccdf00b74ce632089729c6c5,IRN,"Iran, Islamic Rep.",FP.CPI.TOTL.ZG,"Inflation, consumer prices (annual %)",annual_year_columns_in_wdi_data_sheet,,1977,27.2877846793093,27.2877846793093,PARSED,WDIEXCEL.xlsx!Data!R212889C22
WDI_2017_09_19,,c50764e75ef9b95515283f9b69a8f70d20fc9527ccdf00b74ce632089729c6c5,IRN,"Iran, Islamic Rep.",FP.CPI.TOTL.ZG,"Inflation, consumer prices (annual %)",annual_year_columns_in_wdi_data_sheet,,1978,11.7219692041212,11.7219692041212,PARSED,WDIEXCEL.xlsx!Data!R212889C23
WDI_2017_09_19,,c50764e75ef9b95515283f9b69a8f70d20fc9527ccdf00b74ce632089729c6c5,IRN,"Iran, Islamic Rep.",FP.CPI.TOTL.ZG,"Inflation, consumer prices (annual %)",annual_year_columns_in_wdi_data_sheet,,1979,10.4872367273485,10.4872367273485,PARSED,WDIEXCEL.xlsx!Data!R212889C24
WDI_2017_09_19,,c50764e75ef9b95515283f9b69a8f70d20fc9527ccdf00b74ce632089729c6c5,IRN,"Iran, Islamic Rep.",FP.CPI.TOTL.ZG,"Inflation, consumer prices (annual %)",annual_year_columns_in_wdi_data_sheet,,1980,20.6439144373798,20.6439144373798,PARSED,WDIEXCEL.xlsx!Data!R212889C25
WDI_2017_09_19,,c50764e75ef9b95515283f9b69a8f70d20fc9527ccdf00b74ce632089729c6c5,IRN,"Iran, Islamic Rep.",FP.CPI.TOTL.ZG,"Inflation, consumer prices (annual %)",annual_year_columns_in_wdi_data_sheet,,1981,24.2035897624486,24.2035897624486,PARSED,WDIEXCEL.xlsx!Data!R212889C26
WDI_2017_09_19,,c50764e75ef9b95515283f9b69a8f70d20fc9527ccdf00b74ce632089729c6c5,IRN,"Iran, Islamic Rep.",FP.CPI.TOTL.ZG,"Inflation, consumer prices (annual %)",annual_year_columns_in_wdi_data_sheet,,1982,18.6897259269564,18.6897259269564,PARSED,WDIEXCEL.xlsx!Data!R212889C27
WDI_2017_09_19,,c50764e75ef9b95515283f9b69a8f70d20fc9527ccdf00b74ce632089729c6c5,IRN,"Iran, Islamic Rep.",FP.CPI.TOTL.ZG,"Inflation, consumer prices (annual %)",annual_year_columns_in_wdi_data_sheet,,1983,19.7401891778611,19.7401891778611,PARSED,WDIEXCEL.xlsx!Data!R212889C28
WDI_2017_09_19,,c50764e75ef9b95515283f9b69a8f70d20fc9527ccdf00b74ce632089729c6c5,IRN,"Iran, Islamic Rep.",FP.CPI.TOTL.ZG,"Inflation, consumer prices (annual %)",annual_year_columns_in_wdi_data_sheet,,1984,12.5402194538869,12.5402194538869,PARSED,WDIEXCEL.xlsx!Data!R212889C29
WDI_2017_09_19,,c50764e75ef9b95515283f9b69a8f70d20fc9527ccdf00b74ce632089729c6c5,IRN,"Iran, Islamic Rep.",FP.CPI.TOTL.ZG,"Inflation, consumer prices (annual %)",annual_year_columns_in_wdi_data_sheet,,1985,4.38934095741497,4.38934095741497,PARSED,WDIEXCEL.xlsx!Data!R212889C30
WDI_2017_09_19,,c50764e75ef9b95515283f9b69a8f70d20fc9527ccdf00b74ce632089729c6c5,IRN,"Iran, Islamic Rep.",FP.CPI.TOTL.ZG,"Inflation, consumer prices (annual %)",annual_year_columns_in_wdi_data_sheet,,1986,18.429003021148,18.429003021148,PARSED,WDIEXCEL.xlsx!Data!R212889C31
WDI_2017_09_19,,c50764e75ef9b95515283f9b69a8f70d20fc9527ccdf00b74ce632089729c6c5,IRN,"Iran, Islamic Rep.",FP.CPI.TOTL.ZG,"Inflation, consumer prices (annual %)",annual_year_columns_in_wdi_data_sheet,,1987,28.5714285714286,28.5714285714286,PARSED,WDIEXCEL.xlsx!Data!R212889C32
WDI_2017_09_19,,c50764e75ef9b95515283f9b69a8f70d20fc9527ccdf00b74ce632089729c6c5,IRN,"Iran, Islamic Rep.",FP.CPI.TOTL.ZG,"Inflation, consumer prices (annual %)",annual_year_columns_in_wdi_data_sheet,,1988,28.6706349206349,28.6706349206349,PARSED,WDIEXCEL.xlsx!Data!R212889C33
WDI_2017_09_19,,c50764e75ef9b95515283f9b69a8f70d20fc9527ccdf00b74ce632089729c6c5,IRN,"Iran, Islamic Rep.",FP.CPI.TOTL.ZG,"Inflation, consumer prices (annual %)",annual_year_columns_in_wdi_data_sheet,,1989,22.3496530454896,22.3496530454896,PARSED,WDIEXCEL.xlsx!Data!R212889C34
WDI_2017_09_19,,c50764e75ef9b95515283f9b69a8f70d20fc9527ccdf00b74ce632089729c6c5,IRN,"Iran, Islamic Rep.",FP.CPI.TOTL.ZG,"Inflation, consumer prices (annual %)",annual_year_columns_in_wdi_data_sheet,,1990,7.62767493763938,7.62767493763938,PARSED,WDIEXCEL.xlsx!Data!R212889C35
WDI_2017_09_19,,c50764e75ef9b95515283f9b69a8f70d20fc9527ccdf00b74ce632089729c6c5,IRN,"Iran, Islamic Rep.",FP.CPI.TOTL.ZG,"Inflation, consumer prices (annual %)",annual_year_columns_in_wdi_data_sheet,,1991,17.128567943401,17.128567943401,PARSED,WDIEXCEL.xlsx!Data!R212889C36
WDI_2017_09_19,,c50764e75ef9b95515283f9b69a8f70d20fc9527ccdf00b74ce632089729c6c5,IRN,"Iran, Islamic Rep.",FP.CPI.TOTL.ZG,"Inflation, consumer prices (annual %)",annual_year_columns_in_wdi_data_sheet,,1992,25.8077226162331,25.8077226162331,PARSED,WDIEXCEL.xlsx!Data!R212889C37
WDI_2017_09_19,,c50764e75ef9b95515283f9b69a8f70d20fc9527ccdf00b74ce632089729c6c5,IRN,"Iran, Islamic Rep.",FP.CPI.TOTL.ZG,"Inflation, consumer prices (annual %)",annual_year_columns_in_wdi_data_sheet,,1993,21.2026307547762,21.2026307547762,PARSED,WDIEXCEL.xlsx!Data!R212889C38
WDI_2017_09_19,,c50764e75ef9b95515283f9b69a8f70d20fc9527ccdf00b74ce632089729c6c5,IRN,"Iran, Islamic Rep.",FP.CPI.TOTL.ZG,"Inflation, consumer prices (annual %)",annual_year_columns_in_wdi_data_sheet,,1994,31.4470284237727,31.4470284237727,PARSED,WDIEXCEL.xlsx!Data!R212889C39
WDI_2017_09_19,,c50764e75ef9b95515283f9b69a8f70d20fc9527ccdf00b74ce632089729c6c5,IRN,"Iran, Islamic Rep.",FP.CPI.TOTL.ZG,"Inflation, consumer prices (annual %)",annual_year_columns_in_wdi_data_sheet,,1995,49.6559858462748,49.6559858462748,PARSED,WDIEXCEL.xlsx!Data!R212889C40
WDI_2017_09_19,,c50764e75ef9b95515283f9b69a8f70d20fc9527ccdf00b74ce632089729c6c5,IRN,"Iran, Islamic Rep.",FP.CPI.TOTL.ZG,"Inflation, consumer prices (annual %)",annual_year_columns_in_wdi_data_sheet,,1996,28.9373440168133,28.9373440168133,PARSED,WDIEXCEL.xlsx!Data!R212889C41
WDI_2017_09_19,,c50764e75ef9b95515283f9b69a8f70d20fc9527ccdf00b74ce632089729c6c5,IRN,"Iran, Islamic Rep.",FP.CPI.TOTL.ZG,"Inflation, consumer prices (annual %)",annual_year_columns_in_wdi_data_sheet,,1997,17.3492257538712,17.3492257538712,PARSED,WDIEXCEL.xlsx!Data!R212889C42
WDI_2017_09_19,,c50764e75ef9b95515283f9b69a8f70d20fc9527ccdf00b74ce632089729c6c5,IRN,"Iran, Islamic Rep.",FP.CPI.TOTL.ZG,"Inflation, consumer prices (annual %)",annual_year_columns_in_wdi_data_sheet,,1998,17.8661342130398,17.8661342130398,PARSED,WDIEXCEL.xlsx!Data!R212889C43
WDI_2017_09_19,,c50764e75ef9b95515283f9b69a8f70d20fc9527ccdf00b74ce632089729c6c5,IRN,"Iran, Islamic Rep.",FP.CPI.TOTL.ZG,"Inflation, consumer prices (annual %)",annual_year_columns_in_wdi_data_sheet,,1999,20.0707078146862,20.0707078146862,PARSED,WDIEXCEL.xlsx!Data!R212889C44
WDI_2017_09_19,,c50764e75ef9b95515283f9b69a8f70d20fc9527ccdf00b74ce632089729c6c5,IRN,"Iran, Islamic Rep.",FP.CPI.TOTL.ZG,"Inflation, consumer prices (annual %)",annual_year_columns_in_wdi_data_sheet,,2000,14.4767513188568,14.4767513188568,PARSED,WDIEXCEL.xlsx!Data!R212889C45
WDI_2017_09_19,,c50764e75ef9b95515283f9b69a8f70d20fc9527ccdf00b74ce632089729c6c5,IRN,"Iran, Islamic Rep.",FP.CPI.TOTL.ZG,"Inflation, consumer prices (annual %)",annual_year_columns_in_wdi_data_sheet,,2001,11.2742471332116,11.2742471332116,PARSED,WDIEXCEL.xlsx!Data!R212889C46
WDI_2017_09_19,,c50764e75ef9b95515283f9b69a8f70d20fc9527ccdf00b74ce632089729c6c5,IRN,"Iran, Islamic Rep.",FP.CPI.TOTL.ZG,"Inflation, consumer prices (annual %)",annual_year_columns_in_wdi_data_sheet,,2002,14.3359337378405,14.3359337378405,PARSED,WDIEXCEL.xlsx!Data!R212889C47
WDI_2017_09_19,,c50764e75ef9b95515283f9b69a8f70d20fc9527ccdf00b74ce632089729c6c5,IRN,"Iran, Islamic Rep.",FP.CPI.TOTL.ZG,"Inflation, consumer prices (annual %)",annual_year_columns_in_wdi_data_sheet,,2003,16.468011624479,16.468011624479,PARSED,WDIEXCEL.xlsx!Data!R212889C48
WDI_2017_09_19,,c50764e75ef9b95515283f9b69a8f70d20fc9527ccdf00b74ce632089729c6c5,IRN,"Iran, Islamic Rep.",FP.CPI.TOTL.ZG,"Inflation, consumer prices (annual %)",annual_year_columns_in_wdi_data_sheet,,2004,14.7615086970672,14.7615086970672,PARSED,WDIEXCEL.xlsx!Data!R212889C49
WDI_2017_09_19,,c50764e75ef9b95515283f9b69a8f70d20fc9527ccdf00b74ce632089729c6c5,IRN,"Iran, Islamic Rep.",FP.CPI.TOTL.ZG,"Inflation, consumer prices (annual %)",annual_year_columns_in_wdi_data_sheet,,2005,13.433118008508,13.433118008508,PARSED,WDIEXCEL.xlsx!Data!R212889C50
WDI_2017_09_19,,c50764e75ef9b95515283f9b69a8f70d20fc9527ccdf00b74ce632089729c6c5,IRN,"Iran, Islamic Rep.",FP.CPI.TOTL.ZG,"Inflation, consumer prices (annual %)",annual_year_columns_in_wdi_data_sheet,,2006,11.9395521973443,11.9395521973443,PARSED,WDIEXCEL.xlsx!Data!R212889C51
WDI_2017_09_19,,c50764e75ef9b95515283f9b69a8f70d20fc9527ccdf00b74ce632089729c6c5,IRN,"Iran, Islamic Rep.",FP.CPI.TOTL.ZG,"Inflation, consumer prices (annual %)",annual_year_columns_in_wdi_data_sheet,,2007,17.2130463525814,17.2130463525814,PARSED,WDIEXCEL.xlsx!Data!R212889C52
WDI_2017_09_19,,c50764e75ef9b95515283f9b69a8f70d20fc9527ccdf00b74ce632089729c6c5,IRN,"Iran, Islamic Rep.",FP.CPI.TOTL.ZG,"Inflation, consumer prices (annual %)",annual_year_columns_in_wdi_data_sheet,,2008,25.5498446091322,25.5498446091322,PARSED,WDIEXCEL.xlsx!Data!R212889C53
WDI_2017_09_19,,c50764e75ef9b95515283f9b69a8f70d20fc9527ccdf00b74ce632089729c6c5,IRN,"Iran, Islamic Rep.",FP.CPI.TOTL.ZG,"Inflation, consumer prices (annual %)",annual_year_columns_in_wdi_data_sheet,,2009,13.5002618174896,13.5002618174896,PARSED,WDIEXCEL.xlsx!Data!R212889C54
WDI_2017_09_19,,c50764e75ef9b95515283f9b69a8f70d20fc9527ccdf00b74ce632089729c6c5,IRN,"Iran, Islamic Rep.",FP.CPI.TOTL.ZG,"Inflation, consumer prices (annual %)",annual_year_columns_in_wdi_data_sheet,,2010,10.1371471710771,10.1371471710771,PARSED,WDIEXCEL.xlsx!Data!R212889C55
WDI_2017_09_19,,c50764e75ef9b95515283f9b69a8f70d20fc9527ccdf00b74ce632089729c6c5,IRN,"Iran, Islamic Rep.",FP.CPI.TOTL.ZG,"Inflation, consumer prices (annual %)",annual_year_columns_in_wdi_data_sheet,,2011,20.6283320639758,20.6283320639758,PARSED,WDIEXCEL.xlsx!Data!R212889C56
WDI_2017_09_19,,c50764e75ef9b95515283f9b69a8f70d20fc9527ccdf00b74ce632089729c6c5,IRN,"Iran, Islamic Rep.",FP.CPI.TOTL.ZG,"Inflation, consumer prices (annual %)",annual_year_columns_in_wdi_data_sheet,,2012,27.3573886416009,27.3573886416009,PARSED,WDIEXCEL.xlsx!Data!R212889C57
WDI_2017_09_19,,c50764e75ef9b95515283f9b69a8f70d20fc9527ccdf00b74ce632089729c6c5,IRN,"Iran, Islamic Rep.",FP.CPI.TOTL.ZG,"Inflation, consumer prices (annual %)",annual_year_columns_in_wdi_data_sheet,,2013,39.2663609837432,39.2663609837432,PARSED,WDIEXCEL.xlsx!Data!R212889C58
WDI_2017_09_19,,c50764e75ef9b95515283f9b69a8f70d20fc9527ccdf00b74ce632089729c6c5,IRN,"Iran, Islamic Rep.",FP.CPI.TOTL.ZG,"Inflation, consumer prices (annual %)",annual_year_columns_in_wdi_data_sheet,,2014,17.2353586750476,17.2353586750476,PARSED,WDIEXCEL.xlsx!Data!R212889C59
WDI_2017_09_19,,c50764e75ef9b95515283f9b69a8f70d20fc9527ccdf00b74ce632089729c6c5,IRN,"Iran, Islamic Rep.",FP.CPI.TOTL.ZG,"Inflation, consumer prices (annual %)",annual_year_columns_in_wdi_data_sheet,,2015,13.7057997532016,13.7057997532016,PARSED,WDIEXCEL.xlsx!Data!R212889C60
WDI_2017_09_19,,c50764e75ef9b95515283f9b69a8f70d20fc9527ccdf00b74ce632089729c6c5,IRN,"Iran, Islamic Rep.",FP.CPI.TOTL.ZG,"Inflation, consumer prices (annual %)",annual_year_columns_in_wdi_data_sheet,,2016,8.56971783549148,8.56971783549148,PARSED,WDIEXCEL.xlsx!Data!R212889C61
WDI_2017_09_19,,c50764e75ef9b95515283f9b69a8f70d20fc9527ccdf00b74ce632089729c6c5,IRN,"Iran, Islamic Rep.",PA.NUS.FCRF,"Official exchange rate (LCU per US$, period average)",annual_year_columns_in_wdi_data_sheet,,1960,75.75000007575,75.75000007575,PARSED,WDIEXCEL.xlsx!Data!R213198C5
WDI_2017_09_19,,c50764e75ef9b95515283f9b69a8f70d20fc9527ccdf00b74ce632089729c6c5,IRN,"Iran, Islamic Rep.",PA.NUS.FCRF,"Official exchange rate (LCU per US$, period average)",annual_year_columns_in_wdi_data_sheet,,1961,75.75000007575,75.75000007575,PARSED,WDIEXCEL.xlsx!Data!R213198C6
WDI_2017_09_19,,c50764e75ef9b95515283f9b69a8f70d20fc9527ccdf00b74ce632089729c6c5,IRN,"Iran, Islamic Rep.",PA.NUS.FCRF,"Official exchange rate (LCU per US$, period average)",annual_year_columns_in_wdi_data_sheet,,1962,75.75000007575,75.75000007575,PARSED,WDIEXCEL.xlsx!Data!R213198C7
WDI_2017_09_19,,c50764e75ef9b95515283f9b69a8f70d20fc9527ccdf00b74ce632089729c6c5,IRN,"Iran, Islamic Rep.",PA.NUS.FCRF,"Official exchange rate (LCU per US$, period average)",annual_year_columns_in_wdi_data_sheet,,1963,75.75000007575,75.75000007575,PARSED,WDIEXCEL.xlsx!Data!R213198C8
WDI_2017_09_19,,c50764e75ef9b95515283f9b69a8f70d20fc9527ccdf00b74ce632089729c6c5,IRN,"Iran, Islamic Rep.",PA.NUS.FCRF,"Official exchange rate (LCU per US$, period average)",annual_year_columns_in_wdi_data_sheet,,1964,75.75000007575,75.75000007575,PARSED,WDIEXCEL.xlsx!Data!R213198C9
WDI_2017_09_19,,c50764e75ef9b95515283f9b69a8f70d20fc9527ccdf00b74ce632089729c6c5,IRN,"Iran, Islamic Rep.",PA.NUS.FCRF,"Official exchange rate (LCU per US$, period average)",annual_year_columns_in_wdi_data_sheet,,1965,75.75000007575,75.75000007575,PARSED,WDIEXCEL.xlsx!Data!R213198C10
WDI_2017_09_19,,c50764e75ef9b95515283f9b69a8f70d20fc9527ccdf00b74ce632089729c6c5,IRN,"Iran, Islamic Rep.",PA.NUS.FCRF,"Official exchange rate (LCU per US$, period average)",annual_year_columns_in_wdi_data_sheet,,1966,75.75000007575,75.75000007575,PARSED,WDIEXCEL.xlsx!Data!R213198C11
WDI_2017_09_19,,c50764e75ef9b95515283f9b69a8f70d20fc9527ccdf00b74ce632089729c6c5,IRN,"Iran, Islamic Rep.",PA.NUS.FCRF,"Official exchange rate (LCU per US$, period average)",annual_year_columns_in_wdi_data_sheet,,1967,75.75000007575,75.75000007575,PARSED,WDIEXCEL.xlsx!Data!R213198C12
WDI_2017_09_19,,c50764e75ef9b95515283f9b69a8f70d20fc9527ccdf00b74ce632089729c6c5,IRN,"Iran, Islamic Rep.",PA.NUS.FCRF,"Official exchange rate (LCU per US$, period average)",annual_year_columns_in_wdi_data_sheet,,1968,75.75000007575,75.75000007575,PARSED,WDIEXCEL.xlsx!Data!R213198C13
WDI_2017_09_19,,c50764e75ef9b95515283f9b69a8f70d20fc9527ccdf00b74ce632089729c6c5,IRN,"Iran, Islamic Rep.",PA.NUS.FCRF,"Official exchange rate (LCU per US$, period average)",annual_year_columns_in_wdi_data_sheet,,1969,75.75000007575,75.75000007575,PARSED,WDIEXCEL.xlsx!Data!R213198C14
WDI_2017_09_19,,c50764e75ef9b95515283f9b69a8f70d20fc9527ccdf00b74ce632089729c6c5,IRN,"Iran, Islamic Rep.",PA.NUS.FCRF,"Official exchange rate (LCU per US$, period average)",annual_year_columns_in_wdi_data_sheet,,1970,75.75000007575,75.75000007575,PARSED,WDIEXCEL.xlsx!Data!R213198C15
WDI_2017_09_19,,c50764e75ef9b95515283f9b69a8f70d20fc9527ccdf00b74ce632089729c6c5,IRN,"Iran, Islamic Rep.",PA.NUS.FCRF,"Official exchange rate (LCU per US$, period average)",annual_year_columns_in_wdi_data_sheet,,1971,75.75,75.75,PARSED,WDIEXCEL.xlsx!Data!R213198C16
WDI_2017_09_19,,c50764e75ef9b95515283f9b69a8f70d20fc9527ccdf00b74ce632089729c6c5,IRN,"Iran, Islamic Rep.",PA.NUS.FCRF,"Official exchange rate (LCU per US$, period average)",annual_year_columns_in_wdi_data_sheet,,1972,75.7499701345202,75.7499701345202,PARSED,WDIEXCEL.xlsx!Data!R213198C17
WDI_2017_09_19,,c50764e75ef9b95515283f9b69a8f70d20fc9527ccdf00b74ce632089729c6c5,IRN,"Iran, Islamic Rep.",PA.NUS.FCRF,"Official exchange rate (LCU per US$, period average)",annual_year_columns_in_wdi_data_sheet,,1973,68.8861586785915,68.8861586785915,PARSED,WDIEXCEL.xlsx!Data!R213198C18
WDI_2017_09_19,,c50764e75ef9b95515283f9b69a8f70d20fc9527ccdf00b74ce632089729c6c5,IRN,"Iran, Islamic Rep.",PA.NUS.FCRF,"Official exchange rate (LCU per US$, period average)",annual_year_columns_in_wdi_data_sheet,,1974,67.6418091679489,67.6418091679489,PARSED,WDIEXCEL.xlsx!Data!R213198C19
WDI_2017_09_19,,c50764e75ef9b95515283f9b69a8f70d20fc9527ccdf00b74ce632089729c6c5,IRN,"Iran, Islamic Rep.",PA.NUS.FCRF,"Official exchange rate (LCU per US$, period average)",annual_year_columns_in_wdi_data_sheet,,1975,67.6554125476747,67.6554125476747,PARSED,WDIEXCEL.xlsx!Data!R213198C20
WDI_2017_09_19,,c50764e75ef9b95515283f9b69a8f70d20fc9527ccdf00b74ce632089729c6c5,IRN,"Iran, Islamic Rep.",PA.NUS.FCRF,"Official exchange rate (LCU per US$, period average)",annual_year_columns_in_wdi_data_sheet,,1976,70.2395547142341,70.2395547142341,PARSED,WDIEXCEL.xlsx!Data!R213198C21
WDI_2017_09_19,,c50764e75ef9b95515283f9b69a8f70d20fc9527ccdf00b74ce632089729c6c5,IRN,"Iran, Islamic Rep.",PA.NUS.FCRF,"Official exchange rate (LCU per US$, period average)",annual_year_columns_in_wdi_data_sheet,,1977,70.6342194563799,70.6342194563799,PARSED,WDIEXCEL.xlsx!Data!R213198C22
WDI_2017_09_19,,c50764e75ef9b95515283f9b69a8f70d20fc9527ccdf00b74ce632089729c6c5,IRN,"Iran, Islamic Rep.",PA.NUS.FCRF,"Official exchange rate (LCU per US$, period average)",annual_year_columns_in_wdi_data_sheet,,1978,70.4925175755055,70.4925175755055,PARSED,WDIEXCEL.xlsx!Data!R213198C23
WDI_2017_09_19,,c50764e75ef9b95515283f9b69a8f70d20fc9527ccdf00b74ce632089729c6c5,IRN,"Iran, Islamic Rep.",PA.NUS.FCRF,"Official exchange rate (LCU per US$, period average)",annual_year_columns_in_wdi_data_sheet,,1979,70.4925175755055,70.4925175755055,PARSED,WDIEXCEL.xlsx!Data!R213198C24
WDI_2017_09_19,,c50764e75ef9b95515283f9b69a8f70d20fc9527ccdf00b74ce632089729c6c5,IRN,"Iran, Islamic Rep.",PA.NUS.FCRF,"Official exchange rate (LCU per US$, period average)",annual_year_columns_in_wdi_data_sheet,,1980,70.6323356541667,70.6323356541667,PARSED,WDIEXCEL.xlsx!Data!R213198C25
WDI_2017_09_19,,c50764e75ef9b95515283f9b69a8f70d20fc9527ccdf00b74ce632089729c6c5,IRN,"Iran, Islamic Rep.",PA.NUS.FCRF,"Official exchange rate (LCU per US$, period average)",annual_year_columns_in_wdi_data_sheet,,1981,78.3473861980714,78.3473861980714,PARSED,WDIEXCEL.xlsx!Data!R213198C26
WDI_2017_09_19,,c50764e75ef9b95515283f9b69a8f70d20fc9527ccdf00b74ce632089729c6c5,IRN,"Iran, Islamic Rep.",PA.NUS.FCRF,"Official exchange rate (LCU per US$, period average)",annual_year_columns_in_wdi_data_sheet,,1982,83.6232472633752,83.6232472633752,PARSED,WDIEXCEL.xlsx!Data!R213198C27
WDI_2017_09_19,,c50764e75ef9b95515283f9b69a8f70d20fc9527ccdf00b74ce632089729c6c5,IRN,"Iran, Islamic Rep.",PA.NUS.FCRF,"Official exchange rate (LCU per US$, period average)",annual_year_columns_in_wdi_data_sheet,,1983,86.3793321577392,86.3793321577392,PARSED,WDIEXCEL.xlsx!Data!R213198C28
WDI_2017_09_19,,c50764e75ef9b95515283f9b69a8f70d20fc9527ccdf00b74ce632089729c6c5,IRN,"Iran, Islamic Rep.",PA.NUS.FCRF,"Official exchange rate (LCU per US$, period average)",annual_year_columns_in_wdi_data_sheet,,1984,90.0520615075009,90.0520615075009,PARSED,WDIEXCEL.xlsx!Data!R213198C29
WDI_2017_09_19,,c50764e75ef9b95515283f9b69a8f70d20fc9527ccdf00b74ce632089729c6c5,IRN,"Iran, Islamic Rep.",PA.NUS.FCRF,"Official exchange rate (LCU per US$, period average)",annual_year_columns_in_wdi_data_sheet,,1985,91.0742155157173,91.0742155157173,PARSED,WDIEXCEL.xlsx!Data!R213198C30
WDI_2017_09_19,,c50764e75ef9b95515283f9b69a8f70d20fc9527ccdf00b74ce632089729c6c5,IRN,"Iran, Islamic Rep.",PA.NUS.FCRF,"Official exchange rate (LCU per US$, period average)",annual_year_columns_in_wdi_data_sheet,,1986,78.7793268704675,78.7793268704675,PARSED,WDIEXCEL.xlsx!Data!R213198C31
WDI_2017_09_19,,c50764e75ef9b95515283f9b69a8f70d20fc9527ccdf00b74ce632089729c6c5,IRN,"Iran, Islamic Rep.",PA.NUS.FCRF,"Official exchange rate (LCU per US$, period average)",annual_year_columns_in_wdi_data_sheet,,1987,71.4779291205396,71.4779291205396,PARSED,WDIEXCEL.xlsx!Data!R213198C32
WDI_2017_09_19,,c50764e75ef9b95515283f9b69a8f70d20fc9527ccdf00b74ce632089729c6c5,IRN,"Iran, Islamic Rep.",PA.NUS.FCRF,"Official exchange rate (LCU per US$, period average)",annual_year_columns_in_wdi_data_sheet,,1988,68.7002388571844,68.7002388571844,PARSED,WDIEXCEL.xlsx!Data!R213198C33
WDI_2017_09_19,,c50764e75ef9b95515283f9b69a8f70d20fc9527ccdf00b74ce632089729c6c5,IRN,"Iran, Islamic Rep.",PA.NUS.FCRF,"Official exchange rate (LCU per US$, period average)",annual_year_columns_in_wdi_data_sheet,,1989,72.0327336575968,72.0327336575968,PARSED,WDIEXCEL.xlsx!Data!R213198C34
WDI_2017_09_19,,c50764e75ef9b95515283f9b69a8f70d20fc9527ccdf00b74ce632089729c6c5,IRN,"Iran, Islamic Rep.",PA.NUS.FCRF,"Official exchange rate (LCU per US$, period average)",annual_year_columns_in_wdi_data_sheet,,1990,68.1128428877371,68.1128428877371,PARSED,WDIEXCEL.xlsx!Data!R213198C35
WDI_2017_09_19,,c50764e75ef9b95515283f9b69a8f70d20fc9527ccdf00b74ce632089729c6c5,IRN,"Iran, Islamic Rep.",PA.NUS.FCRF,"Official exchange rate (LCU per US$, period average)",annual_year_columns_in_wdi_data_sheet,,1991,67.5221961104554,67.5221961104554,PARSED,WDIEXCEL.xlsx!Data!R213198C36
WDI_2017_09_19,,c50764e75ef9b95515283f9b69a8f70d20fc9527ccdf00b74ce632089729c6c5,IRN,"Iran, Islamic Rep.",PA.NUS.FCRF,"Official exchange rate (LCU per US$, period average)",annual_year_columns_in_wdi_data_sheet,,1992,65.5682938939355,65.5682938939355,PARSED,WDIEXCEL.xlsx!Data!R213198C37
WDI_2017_09_19,,c50764e75ef9b95515283f9b69a8f70d20fc9527ccdf00b74ce632089729c6c5,IRN,"Iran, Islamic Rep.",PA.NUS.FCRF,"Official exchange rate (LCU per US$, period average)",annual_year_columns_in_wdi_data_sheet,,1993,1268.08751475802,1268.08751475802,PARSED,WDIEXCEL.xlsx!Data!R213198C38
WDI_2017_09_19,,c50764e75ef9b95515283f9b69a8f70d20fc9527ccdf00b74ce632089729c6c5,IRN,"Iran, Islamic Rep.",PA.NUS.FCRF,"Official exchange rate (LCU per US$, period average)",annual_year_columns_in_wdi_data_sheet,,1994,1749.18581061986,1749.18581061986,PARSED,WDIEXCEL.xlsx!Data!R213198C39
WDI_2017_09_19,,c50764e75ef9b95515283f9b69a8f70d20fc9527ccdf00b74ce632089729c6c5,IRN,"Iran, Islamic Rep.",PA.NUS.FCRF,"Official exchange rate (LCU per US$, period average)",annual_year_columns_in_wdi_data_sheet,,1995,1748.36231431218,1748.36231431218,PARSED,WDIEXCEL.xlsx!Data!R213198C40
WDI_2017_09_19,,c50764e75ef9b95515283f9b69a8f70d20fc9527ccdf00b74ce632089729c6c5,IRN,"Iran, Islamic Rep.",PA.NUS.FCRF,"Official exchange rate (LCU per US$, period average)",annual_year_columns_in_wdi_data_sheet,,1996,1751.19844409791,1751.19844409791,PARSED,WDIEXCEL.xlsx!Data!R213198C41
WDI_2017_09_19,,c50764e75ef9b95515283f9b69a8f70d20fc9527ccdf00b74ce632089729c6c5,IRN,"Iran, Islamic Rep.",PA.NUS.FCRF,"Official exchange rate (LCU per US$, period average)",annual_year_columns_in_wdi_data_sheet,,1997,1753.35758064904,1753.35758064904,PARSED,WDIEXCEL.xlsx!Data!R213198C42
WDI_2017_09_19,,c50764e75ef9b95515283f9b69a8f70d20fc9527ccdf00b74ce632089729c6c5,IRN,"Iran, Islamic Rep.",PA.NUS.FCRF,"Official exchange rate (LCU per US$, period average)",annual_year_columns_in_wdi_data_sheet,,1998,1752.29809044627,1752.29809044627,PARSED,WDIEXCEL.xlsx!Data!R213198C43
WDI_2017_09_19,,c50764e75ef9b95515283f9b69a8f70d20fc9527ccdf00b74ce632089729c6c5,IRN,"Iran, Islamic Rep.",PA.NUS.FCRF,"Official exchange rate (LCU per US$, period average)",annual_year_columns_in_wdi_data_sheet,,1999,1753.36705300295,1753.36705300295,PARSED,WDIEXCEL.xlsx!Data!R213198C44
WDI_2017_09_19,,c50764e75ef9b95515283f9b69a8f70d20fc9527ccdf00b74ce632089729c6c5,IRN,"Iran, Islamic Rep.",PA.NUS.FCRF,"Official exchange rate (LCU per US$, period average)",annual_year_columns_in_wdi_data_sheet,,2000,1764.86825191454,1764.86825191454,PARSED,WDIEXCEL.xlsx!Data!R213198C45
WDI_2017_09_19,,c50764e75ef9b95515283f9b69a8f70d20fc9527ccdf00b74ce632089729c6c5,IRN,"Iran, Islamic Rep.",PA.NUS.FCRF,"Official exchange rate (LCU per US$, period average)",annual_year_columns_in_wdi_data_sheet,,2001,1753.99779224331,1753.99779224331,PARSED,WDIEXCEL.xlsx!Data!R213198C46
WDI_2017_09_19,,c50764e75ef9b95515283f9b69a8f70d20fc9527ccdf00b74ce632089729c6c5,IRN,"Iran, Islamic Rep.",PA.NUS.FCRF,"Official exchange rate (LCU per US$, period average)",annual_year_columns_in_wdi_data_sheet,,2002,6907.03647315796,6907.03647315796,PARSED,WDIEXCEL.xlsx!Data!R213198C47
WDI_2017_09_19,,c50764e75ef9b95515283f9b69a8f70d20fc9527ccdf00b74ce632089729c6c5,IRN,"Iran, Islamic Rep.",PA.NUS.FCRF,"Official exchange rate (LCU per US$, period average)",annual_year_columns_in_wdi_data_sheet,,2003,8193.88751916667,8193.88751916667,PARSED,WDIEXCEL.xlsx!Data!R213198C48
WDI_2017_09_19,,c50764e75ef9b95515283f9b69a8f70d20fc9527ccdf00b74ce632089729c6c5,IRN,"Iran, Islamic Rep.",PA.NUS.FCRF,"Official exchange rate (LCU per US$, period average)",annual_year_columns_in_wdi_data_sheet,,2004,8613.98942075,8613.98942075,PARSED,WDIEXCEL.xlsx!Data!R213198C49
WDI_2017_09_19,,c50764e75ef9b95515283f9b69a8f70d20fc9527ccdf00b74ce632089729c6c5,IRN,"Iran, Islamic Rep.",PA.NUS.FCRF,"Official exchange rate (LCU per US$, period average)",annual_year_columns_in_wdi_data_sheet,,2005,8963.95890666667,8963.95890666667,PARSED,WDIEXCEL.xlsx!Data!R213198C50
WDI_2017_09_19,,c50764e75ef9b95515283f9b69a8f70d20fc9527ccdf00b74ce632089729c6c5,IRN,"Iran, Islamic Rep.",PA.NUS.FCRF,"Official exchange rate (LCU per US$, period average)",annual_year_columns_in_wdi_data_sheet,,2006,9170.9428775,9170.9428775,PARSED,WDIEXCEL.xlsx!Data!R213198C51
WDI_2017_09_19,,c50764e75ef9b95515283f9b69a8f70d20fc9527ccdf00b74ce632089729c6c5,IRN,"Iran, Islamic Rep.",PA.NUS.FCRF,"Official exchange rate (LCU per US$, period average)",annual_year_columns_in_wdi_data_sheet,,2007,9281.15182833333,9281.15182833333,PARSED,WDIEXCEL.xlsx!Data!R213198C52
WDI_2017_09_19,,c50764e75ef9b95515283f9b69a8f70d20fc9527ccdf00b74ce632089729c6c5,IRN,"Iran, Islamic Rep.",PA.NUS.FCRF,"Official exchange rate (LCU per US$, period average)",annual_year_columns_in_wdi_data_sheet,,2008,9428.52826083333,9428.52826083333,PARSED,WDIEXCEL.xlsx!Data!R213198C53
WDI_2017_09_19,,c50764e75ef9b95515283f9b69a8f70d20fc9527ccdf00b74ce632089729c6c5,IRN,"Iran, Islamic Rep.",PA.NUS.FCRF,"Official exchange rate (LCU per US$, period average)",annual_year_columns_in_wdi_data_sheet,,2009,9864.3024562682,9864.3024562682,PARSED,WDIEXCEL.xlsx!Data!R213198C54
WDI_2017_09_19,,c50764e75ef9b95515283f9b69a8f70d20fc9527ccdf00b74ce632089729c6c5,IRN,"Iran, Islamic Rep.",PA.NUS.FCRF,"Official exchange rate (LCU per US$, period average)",annual_year_columns_in_wdi_data_sheet,,2010,10254.176470289,10254.176470289,PARSED,WDIEXCEL.xlsx!Data!R213198C55
WDI_2017_09_19,,c50764e75ef9b95515283f9b69a8f70d20fc9527ccdf00b74ce632089729c6c5,IRN,"Iran, Islamic Rep.",PA.NUS.FCRF,"Official exchange rate (LCU per US$, period average)",annual_year_columns_in_wdi_data_sheet,,2011,10616.3066439076,10616.3066439076,PARSED,WDIEXCEL.xlsx!Data!R213198C56
WDI_2017_09_19,,c50764e75ef9b95515283f9b69a8f70d20fc9527ccdf00b74ce632089729c6c5,IRN,"Iran, Islamic Rep.",PA.NUS.FCRF,"Official exchange rate (LCU per US$, period average)",annual_year_columns_in_wdi_data_sheet,,2012,12175.5472222222,12175.5472222222,PARSED,WDIEXCEL.xlsx!Data!R213198C57
WDI_2017_09_19,,c50764e75ef9b95515283f9b69a8f70d20fc9527ccdf00b74ce632089729c6c5,IRN,"Iran, Islamic Rep.",PA.NUS.FCRF,"Official exchange rate (LCU per US$, period average)",annual_year_columns_in_wdi_data_sheet,,2013,18414.4480100374,18414.4480100374,PARSED,WDIEXCEL.xlsx!Data!R213198C58
WDI_2017_09_19,,c50764e75ef9b95515283f9b69a8f70d20fc9527ccdf00b74ce632089729c6c5,IRN,"Iran, Islamic Rep.",PA.NUS.FCRF,"Official exchange rate (LCU per US$, period average)",annual_year_columns_in_wdi_data_sheet,,2014,25941.6641445972,25941.6641445972,PARSED,WDIEXCEL.xlsx!Data!R213198C59
WDI_2017_09_19,,c50764e75ef9b95515283f9b69a8f70d20fc9527ccdf00b74ce632089729c6c5,IRN,"Iran, Islamic Rep.",PA.NUS.FCRF,"Official exchange rate (LCU per US$, period average)",annual_year_columns_in_wdi_data_sheet,,2015,29011.491377053,29011.491377053,PARSED,WDIEXCEL.xlsx!Data!R213198C60
WDI_2017_09_19,,c50764e75ef9b95515283f9b69a8f70d20fc9527ccdf00b74ce632089729c6c5,IRN,"Iran, Islamic Rep.",PA.NUS.FCRF,"Official exchange rate (LCU per US$, period average)",annual_year_columns_in_wdi_data_sheet,,2016,30914.8524362967,30914.8524362967,PARSED,WDIEXCEL.xlsx!Data!R213198C61
WDI_2017_12_22,,7919e43045833232e97ce906c97d496703a70db302075e8b8e1393777ed78fb6,IRN,"Iran, Islamic Rep.",FP.CPI.TOTL.ZG,"Inflation, consumer prices (annual %)",annual_year_columns_in_wdi_data_sheet,,1960,9.82241081297849,9.82241081297849,PARSED,WDIEXCEL.xlsx!Data!R216459C5
WDI_2017_12_22,,7919e43045833232e97ce906c97d496703a70db302075e8b8e1393777ed78fb6,IRN,"Iran, Islamic Rep.",FP.CPI.TOTL.ZG,"Inflation, consumer prices (annual %)",annual_year_columns_in_wdi_data_sheet,,1961,3.16256439585761,3.16256439585761,PARSED,WDIEXCEL.xlsx!Data!R216459C6
WDI_2017_12_22,,7919e43045833232e97ce906c97d496703a70db302075e8b8e1393777ed78fb6,IRN,"Iran, Islamic Rep.",FP.CPI.TOTL.ZG,"Inflation, consumer prices (annual %)",annual_year_columns_in_wdi_data_sheet,,1962,0.72132057165645,0.72132057165645,PARSED,WDIEXCEL.xlsx!Data!R216459C7
WDI_2017_12_22,,7919e43045833232e97ce906c97d496703a70db302075e8b8e1393777ed78fb6,IRN,"Iran, Islamic Rep.",FP.CPI.TOTL.ZG,"Inflation, consumer prices (annual %)",annual_year_columns_in_wdi_data_sheet,,1963,0.37184960722137,0.37184960722137,PARSED,WDIEXCEL.xlsx!Data!R216459C8
WDI_2017_12_22,,7919e43045833232e97ce906c97d496703a70db302075e8b8e1393777ed78fb6,IRN,"Iran, Islamic Rep.",FP.CPI.TOTL.ZG,"Inflation, consumer prices (annual %)",annual_year_columns_in_wdi_data_sheet,,1964,3.81448957223095,3.81448957223095,PARSED,WDIEXCEL.xlsx!Data!R216459C9
WDI_2017_12_22,,7919e43045833232e97ce906c97d496703a70db302075e8b8e1393777ed78fb6,IRN,"Iran, Islamic Rep.",FP.CPI.TOTL.ZG,"Inflation, consumer prices (annual %)",annual_year_columns_in_wdi_data_sheet,,1965,2.15437483520928,2.15437483520928,PARSED,WDIEXCEL.xlsx!Data!R216459C10
WDI_2017_12_22,,7919e43045833232e97ce906c97d496703a70db302075e8b8e1393777ed78fb6,IRN,"Iran, Islamic Rep.",FP.CPI.TOTL.ZG,"Inflation, consumer prices (annual %)",annual_year_columns_in_wdi_data_sheet,,1966,-0.388148532154546,-0.388148532154546,PARSED,WDIEXCEL.xlsx!Data!R216459C11
WDI_2017_12_22,,7919e43045833232e97ce906c97d496703a70db302075e8b8e1393777ed78fb6,IRN,"Iran, Islamic Rep.",FP.CPI.TOTL.ZG,"Inflation, consumer prices (annual %)",annual_year_columns_in_wdi_data_sheet,,1967,1.59761007964357,1.59761007964357,PARSED,WDIEXCEL.xlsx!Data!R216459C12
WDI_2017_12_22,,7919e43045833232e97ce906c97d496703a70db302075e8b8e1393777ed78fb6,IRN,"Iran, Islamic Rep.",FP.CPI.TOTL.ZG,"Inflation, consumer prices (annual %)",annual_year_columns_in_wdi_data_sheet,,1968,0.690360521996314,0.690360521996314,PARSED,WDIEXCEL.xlsx!Data!R216459C13
WDI_2017_12_22,,7919e43045833232e97ce906c97d496703a70db302075e8b8e1393777ed78fb6,IRN,"Iran, Islamic Rep.",FP.CPI.TOTL.ZG,"Inflation, consumer prices (annual %)",annual_year_columns_in_wdi_data_sheet,,1969,3.59319451551278,3.59319451551278,PARSED,WDIEXCEL.xlsx!Data!R216459C14
WDI_2017_12_22,,7919e43045833232e97ce906c97d496703a70db302075e8b8e1393777ed78fb6,IRN,"Iran, Islamic Rep.",FP.CPI.TOTL.ZG,"Inflation, consumer prices (annual %)",annual_year_columns_in_wdi_data_sheet,,1970,1.66687093970064,1.66687093970064,PARSED,WDIEXCEL.xlsx!Data!R216459C15
WDI_2017_12_22,,7919e43045833232e97ce906c97d496703a70db302075e8b8e1393777ed78fb6,IRN,"Iran, Islamic Rep.",FP.CPI.TOTL.ZG,"Inflation, consumer prices (annual %)",annual_year_columns_in_wdi_data_sheet,,1971,4.1952983726543,4.1952983726543,PARSED,WDIEXCEL.xlsx!Data!R216459C16
WDI_2017_12_22,,7919e43045833232e97ce906c97d496703a70db302075e8b8e1393777ed78fb6,IRN,"Iran, Islamic Rep.",FP.CPI.TOTL.ZG,"Inflation, consumer prices (annual %)",annual_year_columns_in_wdi_data_sheet,,1972,6.39824135128914,6.39824135128914,PARSED,WDIEXCEL.xlsx!Data!R216459C17
WDI_2017_12_22,,7919e43045833232e97ce906c97d496703a70db302075e8b8e1393777ed78fb6,IRN,"Iran, Islamic Rep.",FP.CPI.TOTL.ZG,"Inflation, consumer prices (annual %)",annual_year_columns_in_wdi_data_sheet,,1973,9.81948673318748,9.81948673318748,PARSED,WDIEXCEL.xlsx!Data!R216459C18
WDI_2017_12_22,,7919e43045833232e97ce906c97d496703a70db302075e8b8e1393777ed78fb6,IRN,"Iran, Islamic Rep.",FP.CPI.TOTL.ZG,"Inflation, consumer prices (annual %)",annual_year_columns_in_wdi_data_sheet,,1974,14.2489355382568,14.2489355382568,PARSED,WDIEXCEL.xlsx!Data!R216459C19
WDI_2017_12_22,,7919e43045833232e97ce906c97d496703a70db302075e8b8e1393777ed78fb6,IRN,"Iran, Islamic Rep.",FP.CPI.TOTL.ZG,"Inflation, consumer prices (annual %)",annual_year_columns_in_wdi_data_sheet,,1975,12.879181833834,12.879181833834,PARSED,WDIEXCEL.xlsx!Data!R216459C20
WDI_2017_12_22,,7919e43045833232e97ce906c97d496703a70db302075e8b8e1393777ed78fb6,IRN,"Iran, Islamic Rep.",FP.CPI.TOTL.ZG,"Inflation, consumer prices (annual %)",annual_year_columns_in_wdi_data_sheet,,1976,11.256142506211,11.256142506211,PARSED,WDIEXCEL.xlsx!Data!R216459C21
WDI_2017_12_22,,7919e43045833232e97ce906c97d496703a70db302075e8b8e1393777ed78fb6,IRN,"Iran, Islamic Rep.",FP.CPI.TOTL.ZG,"Inflation, consumer prices (annual %)",annual_year_columns_in_wdi_data_sheet,,1977,27.2877846793093,27.2877846793093,PARSED,WDIEXCEL.xlsx!Data!R216459C22
WDI_2017_12_22,,7919e43045833232e97ce906c97d496703a70db302075e8b8e1393777ed78fb6,IRN,"Iran, Islamic Rep.",FP.CPI.TOTL.ZG,"Inflation, consumer prices (annual %)",annual_year_columns_in_wdi_data_sheet,,1978,11.7219692041212,11.7219692041212,PARSED,WDIEXCEL.xlsx!Data!R216459C23
WDI_2017_12_22,,7919e43045833232e97ce906c97d496703a70db302075e8b8e1393777ed78fb6,IRN,"Iran, Islamic Rep.",FP.CPI.TOTL.ZG,"Inflation, consumer prices (annual %)",annual_year_columns_in_wdi_data_sheet,,1979,10.4872367273485,10.4872367273485,PARSED,WDIEXCEL.xlsx!Data!R216459C24
WDI_2017_12_22,,7919e43045833232e97ce906c97d496703a70db302075e8b8e1393777ed78fb6,IRN,"Iran, Islamic Rep.",FP.CPI.TOTL.ZG,"Inflation, consumer prices (annual %)",annual_year_columns_in_wdi_data_sheet,,1980,20.6439144373798,20.6439144373798,PARSED,WDIEXCEL.xlsx!Data!R216459C25
WDI_2017_12_22,,7919e43045833232e97ce906c97d496703a70db302075e8b8e1393777ed78fb6,IRN,"Iran, Islamic Rep.",FP.CPI.TOTL.ZG,"Inflation, consumer prices (annual %)",annual_year_columns_in_wdi_data_sheet,,1981,24.2035897624486,24.2035897624486,PARSED,WDIEXCEL.xlsx!Data!R216459C26
WDI_2017_12_22,,7919e43045833232e97ce906c97d496703a70db302075e8b8e1393777ed78fb6,IRN,"Iran, Islamic Rep.",FP.CPI.TOTL.ZG,"Inflation, consumer prices (annual %)",annual_year_columns_in_wdi_data_sheet,,1982,18.6897259269564,18.6897259269564,PARSED,WDIEXCEL.xlsx!Data!R216459C27
WDI_2017_12_22,,7919e43045833232e97ce906c97d496703a70db302075e8b8e1393777ed78fb6,IRN,"Iran, Islamic Rep.",FP.CPI.TOTL.ZG,"Inflation, consumer prices (annual %)",annual_year_columns_in_wdi_data_sheet,,1983,19.7401891778611,19.7401891778611,PARSED,WDIEXCEL.xlsx!Data!R216459C28
WDI_2017_12_22,,7919e43045833232e97ce906c97d496703a70db302075e8b8e1393777ed78fb6,IRN,"Iran, Islamic Rep.",FP.CPI.TOTL.ZG,"Inflation, consumer prices (annual %)",annual_year_columns_in_wdi_data_sheet,,1984,12.5402194538869,12.5402194538869,PARSED,WDIEXCEL.xlsx!Data!R216459C29
WDI_2017_12_22,,7919e43045833232e97ce906c97d496703a70db302075e8b8e1393777ed78fb6,IRN,"Iran, Islamic Rep.",FP.CPI.TOTL.ZG,"Inflation, consumer prices (annual %)",annual_year_columns_in_wdi_data_sheet,,1985,4.38934095741497,4.38934095741497,PARSED,WDIEXCEL.xlsx!Data!R216459C30
WDI_2017_12_22,,7919e43045833232e97ce906c97d496703a70db302075e8b8e1393777ed78fb6,IRN,"Iran, Islamic Rep.",FP.CPI.TOTL.ZG,"Inflation, consumer prices (annual %)",annual_year_columns_in_wdi_data_sheet,,1986,18.429003021148,18.429003021148,PARSED,WDIEXCEL.xlsx!Data!R216459C31
WDI_2017_12_22,,7919e43045833232e97ce906c97d496703a70db302075e8b8e1393777ed78fb6,IRN,"Iran, Islamic Rep.",FP.CPI.TOTL.ZG,"Inflation, consumer prices (annual %)",annual_year_columns_in_wdi_data_sheet,,1987,28.5714285714286,28.5714285714286,PARSED,WDIEXCEL.xlsx!Data!R216459C32
WDI_2017_12_22,,7919e43045833232e97ce906c97d496703a70db302075e8b8e1393777ed78fb6,IRN,"Iran, Islamic Rep.",FP.CPI.TOTL.ZG,"Inflation, consumer prices (annual %)",annual_year_columns_in_wdi_data_sheet,,1988,28.6706349206349,28.6706349206349,PARSED,WDIEXCEL.xlsx!Data!R216459C33
WDI_2017_12_22,,7919e43045833232e97ce906c97d496703a70db302075e8b8e1393777ed78fb6,IRN,"Iran, Islamic Rep.",FP.CPI.TOTL.ZG,"Inflation, consumer prices (annual %)",annual_year_columns_in_wdi_data_sheet,,1989,22.3496530454896,22.3496530454896,PARSED,WDIEXCEL.xlsx!Data!R216459C34
WDI_2017_12_22,,7919e43045833232e97ce906c97d496703a70db302075e8b8e1393777ed78fb6,IRN,"Iran, Islamic Rep.",FP.CPI.TOTL.ZG,"Inflation, consumer prices (annual %)",annual_year_columns_in_wdi_data_sheet,,1990,7.62767493763938,7.62767493763938,PARSED,WDIEXCEL.xlsx!Data!R216459C35
WDI_2017_12_22,,7919e43045833232e97ce906c97d496703a70db302075e8b8e1393777ed78fb6,IRN,"Iran, Islamic Rep.",FP.CPI.TOTL.ZG,"Inflation, consumer prices (annual %)",annual_year_columns_in_wdi_data_sheet,,1991,17.128567943401,17.128567943401,PARSED,WDIEXCEL.xlsx!Data!R216459C36
WDI_2017_12_22,,7919e43045833232e97ce906c97d496703a70db302075e8b8e1393777ed78fb6,IRN,"Iran, Islamic Rep.",FP.CPI.TOTL.ZG,"Inflation, consumer prices (annual %)",annual_year_columns_in_wdi_data_sheet,,1992,25.8077226162331,25.8077226162331,PARSED,WDIEXCEL.xlsx!Data!R216459C37
WDI_2017_12_22,,7919e43045833232e97ce906c97d496703a70db302075e8b8e1393777ed78fb6,IRN,"Iran, Islamic Rep.",FP.CPI.TOTL.ZG,"Inflation, consumer prices (annual %)",annual_year_columns_in_wdi_data_sheet,,1993,21.2026307547762,21.2026307547762,PARSED,WDIEXCEL.xlsx!Data!R216459C38
WDI_2017_12_22,,7919e43045833232e97ce906c97d496703a70db302075e8b8e1393777ed78fb6,IRN,"Iran, Islamic Rep.",FP.CPI.TOTL.ZG,"Inflation, consumer prices (annual %)",annual_year_columns_in_wdi_data_sheet,,1994,31.4470284237727,31.4470284237727,PARSED,WDIEXCEL.xlsx!Data!R216459C39
WDI_2017_12_22,,7919e43045833232e97ce906c97d496703a70db302075e8b8e1393777ed78fb6,IRN,"Iran, Islamic Rep.",FP.CPI.TOTL.ZG,"Inflation, consumer prices (annual %)",annual_year_columns_in_wdi_data_sheet,,1995,49.6559858462748,49.6559858462748,PARSED,WDIEXCEL.xlsx!Data!R216459C40
WDI_2017_12_22,,7919e43045833232e97ce906c97d496703a70db302075e8b8e1393777ed78fb6,IRN,"Iran, Islamic Rep.",FP.CPI.TOTL.ZG,"Inflation, consumer prices (annual %)",annual_year_columns_in_wdi_data_sheet,,1996,28.9373440168133,28.9373440168133,PARSED,WDIEXCEL.xlsx!Data!R216459C41
WDI_2017_12_22,,7919e43045833232e97ce906c97d496703a70db302075e8b8e1393777ed78fb6,IRN,"Iran, Islamic Rep.",FP.CPI.TOTL.ZG,"Inflation, consumer prices (annual %)",annual_year_columns_in_wdi_data_sheet,,1997,17.3492257538712,17.3492257538712,PARSED,WDIEXCEL.xlsx!Data!R216459C42
WDI_2017_12_22,,7919e43045833232e97ce906c97d496703a70db302075e8b8e1393777ed78fb6,IRN,"Iran, Islamic Rep.",FP.CPI.TOTL.ZG,"Inflation, consumer prices (annual %)",annual_year_columns_in_wdi_data_sheet,,1998,17.8661342130398,17.8661342130398,PARSED,WDIEXCEL.xlsx!Data!R216459C43
WDI_2017_12_22,,7919e43045833232e97ce906c97d496703a70db302075e8b8e1393777ed78fb6,IRN,"Iran, Islamic Rep.",FP.CPI.TOTL.ZG,"Inflation, consumer prices (annual %)",annual_year_columns_in_wdi_data_sheet,,1999,20.0707078146862,20.0707078146862,PARSED,WDIEXCEL.xlsx!Data!R216459C44
WDI_2017_12_22,,7919e43045833232e97ce906c97d496703a70db302075e8b8e1393777ed78fb6,IRN,"Iran, Islamic Rep.",FP.CPI.TOTL.ZG,"Inflation, consumer prices (annual %)",annual_year_columns_in_wdi_data_sheet,,2000,14.4767513188568,14.4767513188568,PARSED,WDIEXCEL.xlsx!Data!R216459C45
WDI_2017_12_22,,7919e43045833232e97ce906c97d496703a70db302075e8b8e1393777ed78fb6,IRN,"Iran, Islamic Rep.",FP.CPI.TOTL.ZG,"Inflation, consumer prices (annual %)",annual_year_columns_in_wdi_data_sheet,,2001,11.2742471332116,11.2742471332116,PARSED,WDIEXCEL.xlsx!Data!R216459C46
WDI_2017_12_22,,7919e43045833232e97ce906c97d496703a70db302075e8b8e1393777ed78fb6,IRN,"Iran, Islamic Rep.",FP.CPI.TOTL.ZG,"Inflation, consumer prices (annual %)",annual_year_columns_in_wdi_data_sheet,,2002,14.3359337378405,14.3359337378405,PARSED,WDIEXCEL.xlsx!Data!R216459C47
WDI_2017_12_22,,7919e43045833232e97ce906c97d496703a70db302075e8b8e1393777ed78fb6,IRN,"Iran, Islamic Rep.",FP.CPI.TOTL.ZG,"Inflation, consumer prices (annual %)",annual_year_columns_in_wdi_data_sheet,,2003,16.468011624479,16.468011624479,PARSED,WDIEXCEL.xlsx!Data!R216459C48
WDI_2017_12_22,,7919e43045833232e97ce906c97d496703a70db302075e8b8e1393777ed78fb6,IRN,"Iran, Islamic Rep.",FP.CPI.TOTL.ZG,"Inflation, consumer prices (annual %)",annual_year_columns_in_wdi_data_sheet,,2004,14.7615086970672,14.7615086970672,PARSED,WDIEXCEL.xlsx!Data!R216459C49
WDI_2017_12_22,,7919e43045833232e97ce906c97d496703a70db302075e8b8e1393777ed78fb6,IRN,"Iran, Islamic Rep.",FP.CPI.TOTL.ZG,"Inflation, consumer prices (annual %)",annual_year_columns_in_wdi_data_sheet,,2005,13.433118008508,13.433118008508,PARSED,WDIEXCEL.xlsx!Data!R216459C50
WDI_2017_12_22,,7919e43045833232e97ce906c97d496703a70db302075e8b8e1393777ed78fb6,IRN,"Iran, Islamic Rep.",FP.CPI.TOTL.ZG,"Inflation, consumer prices (annual %)",annual_year_columns_in_wdi_data_sheet,,2006,11.9395521973443,11.9395521973443,PARSED,WDIEXCEL.xlsx!Data!R216459C51
WDI_2017_12_22,,7919e43045833232e97ce906c97d496703a70db302075e8b8e1393777ed78fb6,IRN,"Iran, Islamic Rep.",FP.CPI.TOTL.ZG,"Inflation, consumer prices (annual %)",annual_year_columns_in_wdi_data_sheet,,2007,17.2130463525814,17.2130463525814,PARSED,WDIEXCEL.xlsx!Data!R216459C52
WDI_2017_12_22,,7919e43045833232e97ce906c97d496703a70db302075e8b8e1393777ed78fb6,IRN,"Iran, Islamic Rep.",FP.CPI.TOTL.ZG,"Inflation, consumer prices (annual %)",annual_year_columns_in_wdi_data_sheet,,2008,25.5498446091322,25.5498446091322,PARSED,WDIEXCEL.xlsx!Data!R216459C53
WDI_2017_12_22,,7919e43045833232e97ce906c97d496703a70db302075e8b8e1393777ed78fb6,IRN,"Iran, Islamic Rep.",FP.CPI.TOTL.ZG,"Inflation, consumer prices (annual %)",annual_year_columns_in_wdi_data_sheet,,2009,13.5002618174896,13.5002618174896,PARSED,WDIEXCEL.xlsx!Data!R216459C54
WDI_2017_12_22,,7919e43045833232e97ce906c97d496703a70db302075e8b8e1393777ed78fb6,IRN,"Iran, Islamic Rep.",FP.CPI.TOTL.ZG,"Inflation, consumer prices (annual %)",annual_year_columns_in_wdi_data_sheet,,2010,10.1371471710771,10.1371471710771,PARSED,WDIEXCEL.xlsx!Data!R216459C55
WDI_2017_12_22,,7919e43045833232e97ce906c97d496703a70db302075e8b8e1393777ed78fb6,IRN,"Iran, Islamic Rep.",FP.CPI.TOTL.ZG,"Inflation, consumer prices (annual %)",annual_year_columns_in_wdi_data_sheet,,2011,20.6283320639758,20.6283320639758,PARSED,WDIEXCEL.xlsx!Data!R216459C56
WDI_2017_12_22,,7919e43045833232e97ce906c97d496703a70db302075e8b8e1393777ed78fb6,IRN,"Iran, Islamic Rep.",FP.CPI.TOTL.ZG,"Inflation, consumer prices (annual %)",annual_year_columns_in_wdi_data_sheet,,2012,27.3573886416009,27.3573886416009,PARSED,WDIEXCEL.xlsx!Data!R216459C57
WDI_2017_12_22,,7919e43045833232e97ce906c97d496703a70db302075e8b8e1393777ed78fb6,IRN,"Iran, Islamic Rep.",FP.CPI.TOTL.ZG,"Inflation, consumer prices (annual %)",annual_year_columns_in_wdi_data_sheet,,2013,39.2663609837432,39.2663609837432,PARSED,WDIEXCEL.xlsx!Data!R216459C58
WDI_2017_12_22,,7919e43045833232e97ce906c97d496703a70db302075e8b8e1393777ed78fb6,IRN,"Iran, Islamic Rep.",FP.CPI.TOTL.ZG,"Inflation, consumer prices (annual %)",annual_year_columns_in_wdi_data_sheet,,2014,17.2353586750476,17.2353586750476,PARSED,WDIEXCEL.xlsx!Data!R216459C59
WDI_2017_12_22,,7919e43045833232e97ce906c97d496703a70db302075e8b8e1393777ed78fb6,IRN,"Iran, Islamic Rep.",FP.CPI.TOTL.ZG,"Inflation, consumer prices (annual %)",annual_year_columns_in_wdi_data_sheet,,2015,13.7057997532016,13.7057997532016,PARSED,WDIEXCEL.xlsx!Data!R216459C60
WDI_2017_12_22,,7919e43045833232e97ce906c97d496703a70db302075e8b8e1393777ed78fb6,IRN,"Iran, Islamic Rep.",FP.CPI.TOTL.ZG,"Inflation, consumer prices (annual %)",annual_year_columns_in_wdi_data_sheet,,2016,8.56971783549148,8.56971783549148,PARSED,WDIEXCEL.xlsx!Data!R216459C61
WDI_2017_12_22,,7919e43045833232e97ce906c97d496703a70db302075e8b8e1393777ed78fb6,IRN,"Iran, Islamic Rep.",FP.CPI.TOTL.ZG,"Inflation, consumer prices (annual %)",annual_year_columns_in_wdi_data_sheet,,2017,,,MISSING,WDIEXCEL.xlsx!Data!R216459C62
WDI_2017_12_22,,7919e43045833232e97ce906c97d496703a70db302075e8b8e1393777ed78fb6,IRN,"Iran, Islamic Rep.",PA.NUS.FCRF,"Official exchange rate (LCU per US$, period average)",annual_year_columns_in_wdi_data_sheet,,1960,75.75000007575,75.75000007575,PARSED,WDIEXCEL.xlsx!Data!R216775C5
WDI_2017_12_22,,7919e43045833232e97ce906c97d496703a70db302075e8b8e1393777ed78fb6,IRN,"Iran, Islamic Rep.",PA.NUS.FCRF,"Official exchange rate (LCU per US$, period average)",annual_year_columns_in_wdi_data_sheet,,1961,75.75000007575,75.75000007575,PARSED,WDIEXCEL.xlsx!Data!R216775C6
WDI_2017_12_22,,7919e43045833232e97ce906c97d496703a70db302075e8b8e1393777ed78fb6,IRN,"Iran, Islamic Rep.",PA.NUS.FCRF,"Official exchange rate (LCU per US$, period average)",annual_year_columns_in_wdi_data_sheet,,1962,75.75000007575,75.75000007575,PARSED,WDIEXCEL.xlsx!Data!R216775C7
WDI_2017_12_22,,7919e43045833232e97ce906c97d496703a70db302075e8b8e1393777ed78fb6,IRN,"Iran, Islamic Rep.",PA.NUS.FCRF,"Official exchange rate (LCU per US$, period average)",annual_year_columns_in_wdi_data_sheet,,1963,75.75000007575,75.75000007575,PARSED,WDIEXCEL.xlsx!Data!R216775C8
WDI_2017_12_22,,7919e43045833232e97ce906c97d496703a70db302075e8b8e1393777ed78fb6,IRN,"Iran, Islamic Rep.",PA.NUS.FCRF,"Official exchange rate (LCU per US$, period average)",annual_year_columns_in_wdi_data_sheet,,1964,75.75000007575,75.75000007575,PARSED,WDIEXCEL.xlsx!Data!R216775C9
WDI_2017_12_22,,7919e43045833232e97ce906c97d496703a70db302075e8b8e1393777ed78fb6,IRN,"Iran, Islamic Rep.",PA.NUS.FCRF,"Official exchange rate (LCU per US$, period average)",annual_year_columns_in_wdi_data_sheet,,1965,75.75000007575,75.75000007575,PARSED,WDIEXCEL.xlsx!Data!R216775C10
WDI_2017_12_22,,7919e43045833232e97ce906c97d496703a70db302075e8b8e1393777ed78fb6,IRN,"Iran, Islamic Rep.",PA.NUS.FCRF,"Official exchange rate (LCU per US$, period average)",annual_year_columns_in_wdi_data_sheet,,1966,75.75000007575,75.75000007575,PARSED,WDIEXCEL.xlsx!Data!R216775C11
WDI_2017_12_22,,7919e43045833232e97ce906c97d496703a70db302075e8b8e1393777ed78fb6,IRN,"Iran, Islamic Rep.",PA.NUS.FCRF,"Official exchange rate (LCU per US$, period average)",annual_year_columns_in_wdi_data_sheet,,1967,75.75000007575,75.75000007575,PARSED,WDIEXCEL.xlsx!Data!R216775C12
WDI_2017_12_22,,7919e43045833232e97ce906c97d496703a70db302075e8b8e1393777ed78fb6,IRN,"Iran, Islamic Rep.",PA.NUS.FCRF,"Official exchange rate (LCU per US$, period average)",annual_year_columns_in_wdi_data_sheet,,1968,75.75000007575,75.75000007575,PARSED,WDIEXCEL.xlsx!Data!R216775C13
WDI_2017_12_22,,7919e43045833232e97ce906c97d496703a70db302075e8b8e1393777ed78fb6,IRN,"Iran, Islamic Rep.",PA.NUS.FCRF,"Official exchange rate (LCU per US$, period average)",annual_year_columns_in_wdi_data_sheet,,1969,75.75000007575,75.75000007575,PARSED,WDIEXCEL.xlsx!Data!R216775C14
WDI_2017_12_22,,7919e43045833232e97ce906c97d496703a70db302075e8b8e1393777ed78fb6,IRN,"Iran, Islamic Rep.",PA.NUS.FCRF,"Official exchange rate (LCU per US$, period average)",annual_year_columns_in_wdi_data_sheet,,1970,75.75000007575,75.75000007575,PARSED,WDIEXCEL.xlsx!Data!R216775C15
WDI_2017_12_22,,7919e43045833232e97ce906c97d496703a70db302075e8b8e1393777ed78fb6,IRN,"Iran, Islamic Rep.",PA.NUS.FCRF,"Official exchange rate (LCU per US$, period average)",annual_year_columns_in_wdi_data_sheet,,1971,75.7500000694375,75.7500000694375,PARSED,WDIEXCEL.xlsx!Data!R216775C16
WDI_2017_12_22,,7919e43045833232e97ce906c97d496703a70db302075e8b8e1393777ed78fb6,IRN,"Iran, Islamic Rep.",PA.NUS.FCRF,"Official exchange rate (LCU per US$, period average)",annual_year_columns_in_wdi_data_sheet,,1972,75.7499701345202,75.7499701345202,PARSED,WDIEXCEL.xlsx!Data!R216775C17
WDI_2017_12_22,,7919e43045833232e97ce906c97d496703a70db302075e8b8e1393777ed78fb6,IRN,"Iran, Islamic Rep.",PA.NUS.FCRF,"Official exchange rate (LCU per US$, period average)",annual_year_columns_in_wdi_data_sheet,,1973,68.8860419482585,68.8860419482585,PARSED,WDIEXCEL.xlsx!Data!R216775C18
WDI_2017_12_22,,7919e43045833232e97ce906c97d496703a70db302075e8b8e1393777ed78fb6,IRN,"Iran, Islamic Rep.",PA.NUS.FCRF,"Official exchange rate (LCU per US$, period average)",annual_year_columns_in_wdi_data_sheet,,1974,67.641342246617,67.641342246617,PARSED,WDIEXCEL.xlsx!Data!R216775C19
WDI_2017_12_22,,7919e43045833232e97ce906c97d496703a70db302075e8b8e1393777ed78fb6,IRN,"Iran, Islamic Rep.",PA.NUS.FCRF,"Official exchange rate (LCU per US$, period average)",annual_year_columns_in_wdi_data_sheet,,1975,67.6549455324406,67.6549455324406,PARSED,WDIEXCEL.xlsx!Data!R216775C20
WDI_2017_12_22,,7919e43045833232e97ce906c97d496703a70db302075e8b8e1393777ed78fb6,IRN,"Iran, Islamic Rep.",PA.NUS.FCRF,"Official exchange rate (LCU per US$, period average)",annual_year_columns_in_wdi_data_sheet,,1976,70.2390698610516,70.2390698610516,PARSED,WDIEXCEL.xlsx!Data!R216775C21
WDI_2017_12_22,,7919e43045833232e97ce906c97d496703a70db302075e8b8e1393777ed78fb6,IRN,"Iran, Islamic Rep.",PA.NUS.FCRF,"Official exchange rate (LCU per US$, period average)",annual_year_columns_in_wdi_data_sheet,,1977,70.6337318788855,70.6337318788855,PARSED,WDIEXCEL.xlsx!Data!R216775C22
WDI_2017_12_22,,7919e43045833232e97ce906c97d496703a70db302075e8b8e1393777ed78fb6,IRN,"Iran, Islamic Rep.",PA.NUS.FCRF,"Official exchange rate (LCU per US$, period average)",annual_year_columns_in_wdi_data_sheet,,1978,70.4920309761581,70.4920309761581,PARSED,WDIEXCEL.xlsx!Data!R216775C23
WDI_2017_12_22,,7919e43045833232e97ce906c97d496703a70db302075e8b8e1393777ed78fb6,IRN,"Iran, Islamic Rep.",PA.NUS.FCRF,"Official exchange rate (LCU per US$, period average)",annual_year_columns_in_wdi_data_sheet,,1979,70.4920309761581,70.4920309761581,PARSED,WDIEXCEL.xlsx!Data!R216775C24
WDI_2017_12_22,,7919e43045833232e97ce906c97d496703a70db302075e8b8e1393777ed78fb6,IRN,"Iran, Islamic Rep.",PA.NUS.FCRF,"Official exchange rate (LCU per US$, period average)",annual_year_columns_in_wdi_data_sheet,,1980,70.631848089676,70.631848089676,PARSED,WDIEXCEL.xlsx!Data!R216775C25
WDI_2017_12_22,,7919e43045833232e97ce906c97d496703a70db302075e8b8e1393777ed78fb6,IRN,"Iran, Islamic Rep.",PA.NUS.FCRF,"Official exchange rate (LCU per US$, period average)",annual_year_columns_in_wdi_data_sheet,,1981,78.3468453777361,78.3468453777361,PARSED,WDIEXCEL.xlsx!Data!R216775C26
WDI_2017_12_22,,7919e43045833232e97ce906c97d496703a70db302075e8b8e1393777ed78fb6,IRN,"Iran, Islamic Rep.",PA.NUS.FCRF,"Official exchange rate (LCU per US$, period average)",annual_year_columns_in_wdi_data_sheet,,1982,83.6226700245569,83.6226700245569,PARSED,WDIEXCEL.xlsx!Data!R216775C27
WDI_2017_12_22,,7919e43045833232e97ce906c97d496703a70db302075e8b8e1393777ed78fb6,IRN,"Iran, Islamic Rep.",PA.NUS.FCRF,"Official exchange rate (LCU per US$, period average)",annual_year_columns_in_wdi_data_sheet,,1983,86.3787358940775,86.3787358940775,PARSED,WDIEXCEL.xlsx!Data!R216775C28
WDI_2017_12_22,,7919e43045833232e97ce906c97d496703a70db302075e8b8e1393777ed78fb6,IRN,"Iran, Islamic Rep.",PA.NUS.FCRF,"Official exchange rate (LCU per US$, period average)",annual_year_columns_in_wdi_data_sheet,,1984,90.0514398915356,90.0514398915356,PARSED,WDIEXCEL.xlsx!Data!R216775C29
WDI_2017_12_22,,7919e43045833232e97ce906c97d496703a70db302075e8b8e1393777ed78fb6,IRN,"Iran, Islamic Rep.",PA.NUS.FCRF,"Official exchange rate (LCU per US$, period average)",annual_year_columns_in_wdi_data_sheet,,1985,91.0735868439752,91.0735868439752,PARSED,WDIEXCEL.xlsx!Data!R216775C30
WDI_2017_12_22,,7919e43045833232e97ce906c97d496703a70db302075e8b8e1393777ed78fb6,IRN,"Iran, Islamic Rep.",PA.NUS.FCRF,"Official exchange rate (LCU per US$, period average)",annual_year_columns_in_wdi_data_sheet,,1986,78.7787830685101,78.7787830685101,PARSED,WDIEXCEL.xlsx!Data!R216775C31
WDI_2017_12_22,,7919e43045833232e97ce906c97d496703a70db302075e8b8e1393777ed78fb6,IRN,"Iran, Islamic Rep.",PA.NUS.FCRF,"Official exchange rate (LCU per US$, period average)",annual_year_columns_in_wdi_data_sheet,,1987,71.4774357190432,71.4774357190432,PARSED,WDIEXCEL.xlsx!Data!R216775C32
WDI_2017_12_22,,7919e43045833232e97ce906c97d496703a70db302075e8b8e1393777ed78fb6,IRN,"Iran, Islamic Rep.",PA.NUS.FCRF,"Official exchange rate (LCU per US$, period average)",annual_year_columns_in_wdi_data_sheet,,1988,68.6997646296701,68.6997646296701,PARSED,WDIEXCEL.xlsx!Data!R216775C33
WDI_2017_12_22,,7919e43045833232e97ce906c97d496703a70db302075e8b8e1393777ed78fb6,IRN,"Iran, Islamic Rep.",PA.NUS.FCRF,"Official exchange rate (LCU per US$, period average)",annual_year_columns_in_wdi_data_sheet,,1989,72.0322364263672,72.0322364263672,PARSED,WDIEXCEL.xlsx!Data!R216775C34
WDI_2017_12_22,,7919e43045833232e97ce906c97d496703a70db302075e8b8e1393777ed78fb6,IRN,"Iran, Islamic Rep.",PA.NUS.FCRF,"Official exchange rate (LCU per US$, period average)",annual_year_columns_in_wdi_data_sheet,,1990,68.1123727149296,68.1123727149296,PARSED,WDIEXCEL.xlsx!Data!R216775C35
WDI_2017_12_22,,7919e43045833232e97ce906c97d496703a70db302075e8b8e1393777ed78fb6,IRN,"Iran, Islamic Rep.",PA.NUS.FCRF,"Official exchange rate (LCU per US$, period average)",annual_year_columns_in_wdi_data_sheet,,1991,67.5217300147946,67.5217300147946,PARSED,WDIEXCEL.xlsx!Data!R216775C36
WDI_2017_12_22,,7919e43045833232e97ce906c97d496703a70db302075e8b8e1393777ed78fb6,IRN,"Iran, Islamic Rep.",PA.NUS.FCRF,"Official exchange rate (LCU per US$, period average)",annual_year_columns_in_wdi_data_sheet,,1992,65.5678412857706,65.5678412857706,PARSED,WDIEXCEL.xlsx!Data!R216775C37
WDI_2017_12_22,,7919e43045833232e97ce906c97d496703a70db302075e8b8e1393777ed78fb6,IRN,"Iran, Islamic Rep.",PA.NUS.FCRF,"Official exchange rate (LCU per US$, period average)",annual_year_columns_in_wdi_data_sheet,,1993,1268.07876133881,1268.07876133881,PARSED,WDIEXCEL.xlsx!Data!R216775C38
WDI_2017_12_22,,7919e43045833232e97ce906c97d496703a70db302075e8b8e1393777ed78fb6,IRN,"Iran, Islamic Rep.",PA.NUS.FCRF,"Official exchange rate (LCU per US$, period average)",annual_year_columns_in_wdi_data_sheet,,1994,1749.17373625079,1749.17373625079,PARSED,WDIEXCEL.xlsx!Data!R216775C39
WDI_2017_12_22,,7919e43045833232e97ce906c97d496703a70db302075e8b8e1393777ed78fb6,IRN,"Iran, Islamic Rep.",PA.NUS.FCRF,"Official exchange rate (LCU per US$, period average)",annual_year_columns_in_wdi_data_sheet,,1995,1748.35024562759,1748.35024562759,PARSED,WDIEXCEL.xlsx!Data!R216775C40
WDI_2017_12_22,,7919e43045833232e97ce906c97d496703a70db302075e8b8e1393777ed78fb6,IRN,"Iran, Islamic Rep.",PA.NUS.FCRF,"Official exchange rate (LCU per US$, period average)",annual_year_columns_in_wdi_data_sheet,,1996,1751.18635583594,1751.18635583594,PARSED,WDIEXCEL.xlsx!Data!R216775C41
WDI_2017_12_22,,7919e43045833232e97ce906c97d496703a70db302075e8b8e1393777ed78fb6,IRN,"Iran, Islamic Rep.",PA.NUS.FCRF,"Official exchange rate (LCU per US$, period average)",annual_year_columns_in_wdi_data_sheet,,1997,1753.34547748286,1753.34547748286,PARSED,WDIEXCEL.xlsx!Data!R216775C42
WDI_2017_12_22,,7919e43045833232e97ce906c97d496703a70db302075e8b8e1393777ed78fb6,IRN,"Iran, Islamic Rep.",PA.NUS.FCRF,"Official exchange rate (LCU per US$, period average)",annual_year_columns_in_wdi_data_sheet,,1998,1752.28599459359,1752.28599459359,PARSED,WDIEXCEL.xlsx!Data!R216775C43
WDI_2017_12_22,,7919e43045833232e97ce906c97d496703a70db302075e8b8e1393777ed78fb6,IRN,"Iran, Islamic Rep.",PA.NUS.FCRF,"Official exchange rate (LCU per US$, period average)",annual_year_columns_in_wdi_data_sheet,,1999,1753.35494977138,1753.35494977138,PARSED,WDIEXCEL.xlsx!Data!R216775C44
WDI_2017_12_22,,7919e43045833232e97ce906c97d496703a70db302075e8b8e1393777ed78fb6,IRN,"Iran, Islamic Rep.",PA.NUS.FCRF,"Official exchange rate (LCU per US$, period average)",annual_year_columns_in_wdi_data_sheet,,2000,1764.85606929191,1764.85606929191,PARSED,WDIEXCEL.xlsx!Data!R216775C45
WDI_2017_12_22,,7919e43045833232e97ce906c97d496703a70db302075e8b8e1393777ed78fb6,IRN,"Iran, Islamic Rep.",PA.NUS.FCRF,"Official exchange rate (LCU per US$, period average)",annual_year_columns_in_wdi_data_sheet,,2001,1753.98568465785,1753.98568465785,PARSED,WDIEXCEL.xlsx!Data!R216775C46
WDI_2017_12_22,,7919e43045833232e97ce906c97d496703a70db302075e8b8e1393777ed78fb6,IRN,"Iran, Islamic Rep.",PA.NUS.FCRF,"Official exchange rate (LCU per US$, period average)",annual_year_columns_in_wdi_data_sheet,,2002,6907.03445561653,6907.03445561653,PARSED,WDIEXCEL.xlsx!Data!R216775C47
WDI_2017_12_22,,7919e43045833232e97ce906c97d496703a70db302075e8b8e1393777ed78fb6,IRN,"Iran, Islamic Rep.",PA.NUS.FCRF,"Official exchange rate (LCU per US$, period average)",annual_year_columns_in_wdi_data_sheet,,2003,8193.88751916667,8193.88751916667,PARSED,WDIEXCEL.xlsx!Data!R216775C48
WDI_2017_12_22,,7919e43045833232e97ce906c97d496703a70db302075e8b8e1393777ed78fb6,IRN,"Iran, Islamic Rep.",PA.NUS.FCRF,"Official exchange rate (LCU per US$, period average)",annual_year_columns_in_wdi_data_sheet,,2004,8613.98942075,8613.98942075,PARSED,WDIEXCEL.xlsx!Data!R216775C49
WDI_2017_12_22,,7919e43045833232e97ce906c97d496703a70db302075e8b8e1393777ed78fb6,IRN,"Iran, Islamic Rep.",PA.NUS.FCRF,"Official exchange rate (LCU per US$, period average)",annual_year_columns_in_wdi_data_sheet,,2005,8963.95890666667,8963.95890666667,PARSED,WDIEXCEL.xlsx!Data!R216775C50
WDI_2017_12_22,,7919e43045833232e97ce906c97d496703a70db302075e8b8e1393777ed78fb6,IRN,"Iran, Islamic Rep.",PA.NUS.FCRF,"Official exchange rate (LCU per US$, period average)",annual_year_columns_in_wdi_data_sheet,,2006,9170.9428775,9170.9428775,PARSED,WDIEXCEL.xlsx!Data!R216775C51
WDI_2017_12_22,,7919e43045833232e97ce906c97d496703a70db302075e8b8e1393777ed78fb6,IRN,"Iran, Islamic Rep.",PA.NUS.FCRF,"Official exchange rate (LCU per US$, period average)",annual_year_columns_in_wdi_data_sheet,,2007,9281.15182833333,9281.15182833333,PARSED,WDIEXCEL.xlsx!Data!R216775C52
WDI_2017_12_22,,7919e43045833232e97ce906c97d496703a70db302075e8b8e1393777ed78fb6,IRN,"Iran, Islamic Rep.",PA.NUS.FCRF,"Official exchange rate (LCU per US$, period average)",annual_year_columns_in_wdi_data_sheet,,2008,9428.52826083333,9428.52826083333,PARSED,WDIEXCEL.xlsx!Data!R216775C53
WDI_2017_12_22,,7919e43045833232e97ce906c97d496703a70db302075e8b8e1393777ed78fb6,IRN,"Iran, Islamic Rep.",PA.NUS.FCRF,"Official exchange rate (LCU per US$, period average)",annual_year_columns_in_wdi_data_sheet,,2009,9864.3024562682,9864.3024562682,PARSED,WDIEXCEL.xlsx!Data!R216775C54
WDI_2017_12_22,,7919e43045833232e97ce906c97d496703a70db302075e8b8e1393777ed78fb6,IRN,"Iran, Islamic Rep.",PA.NUS.FCRF,"Official exchange rate (LCU per US$, period average)",annual_year_columns_in_wdi_data_sheet,,2010,10254.176470289,10254.176470289,PARSED,WDIEXCEL.xlsx!Data!R216775C55
WDI_2017_12_22,,7919e43045833232e97ce906c97d496703a70db302075e8b8e1393777ed78fb6,IRN,"Iran, Islamic Rep.",PA.NUS.FCRF,"Official exchange rate (LCU per US$, period average)",annual_year_columns_in_wdi_data_sheet,,2011,10616.3066439076,10616.3066439076,PARSED,WDIEXCEL.xlsx!Data!R216775C56
WDI_2017_12_22,,7919e43045833232e97ce906c97d496703a70db302075e8b8e1393777ed78fb6,IRN,"Iran, Islamic Rep.",PA.NUS.FCRF,"Official exchange rate (LCU per US$, period average)",annual_year_columns_in_wdi_data_sheet,,2012,12175.5472222222,12175.5472222222,PARSED,WDIEXCEL.xlsx!Data!R216775C57
WDI_2017_12_22,,7919e43045833232e97ce906c97d496703a70db302075e8b8e1393777ed78fb6,IRN,"Iran, Islamic Rep.",PA.NUS.FCRF,"Official exchange rate (LCU per US$, period average)",annual_year_columns_in_wdi_data_sheet,,2013,18414.4480100374,18414.4480100374,PARSED,WDIEXCEL.xlsx!Data!R216775C58
WDI_2017_12_22,,7919e43045833232e97ce906c97d496703a70db302075e8b8e1393777ed78fb6,IRN,"Iran, Islamic Rep.",PA.NUS.FCRF,"Official exchange rate (LCU per US$, period average)",annual_year_columns_in_wdi_data_sheet,,2014,25941.6641445972,25941.6641445972,PARSED,WDIEXCEL.xlsx!Data!R216775C59
WDI_2017_12_22,,7919e43045833232e97ce906c97d496703a70db302075e8b8e1393777ed78fb6,IRN,"Iran, Islamic Rep.",PA.NUS.FCRF,"Official exchange rate (LCU per US$, period average)",annual_year_columns_in_wdi_data_sheet,,2015,29011.491377053,29011.491377053,PARSED,WDIEXCEL.xlsx!Data!R216775C60
WDI_2017_12_22,,7919e43045833232e97ce906c97d496703a70db302075e8b8e1393777ed78fb6,IRN,"Iran, Islamic Rep.",PA.NUS.FCRF,"Official exchange rate (LCU per US$, period average)",annual_year_columns_in_wdi_data_sheet,,2016,30914.8524362967,30914.8524362967,PARSED,WDIEXCEL.xlsx!Data!R216775C61
WDI_2017_12_22,,7919e43045833232e97ce906c97d496703a70db302075e8b8e1393777ed78fb6,IRN,"Iran, Islamic Rep.",PA.NUS.FCRF,"Official exchange rate (LCU per US$, period average)",annual_year_columns_in_wdi_data_sheet,,2017,,,MISSING,WDIEXCEL.xlsx!Data!R216775C62
WDI_2018_02_22,,eb26afca7c7ce997c8a012b872b6053c51683a5c30300db873b2ac51f3ebed12,IRN,"Iran, Islamic Rep.",FP.CPI.TOTL.ZG,"Inflation, consumer prices (annual %)",annual_year_columns_in_wdi_data_csv,,1960,9.82241081297849,9.82241081297849,PARSED,WDIData.csv!R216321C5
WDI_2018_02_22,,eb26afca7c7ce997c8a012b872b6053c51683a5c30300db873b2ac51f3ebed12,IRN,"Iran, Islamic Rep.",FP.CPI.TOTL.ZG,"Inflation, consumer prices (annual %)",annual_year_columns_in_wdi_data_csv,,1961,3.16256439585761,3.16256439585761,PARSED,WDIData.csv!R216321C6
WDI_2018_02_22,,eb26afca7c7ce997c8a012b872b6053c51683a5c30300db873b2ac51f3ebed12,IRN,"Iran, Islamic Rep.",FP.CPI.TOTL.ZG,"Inflation, consumer prices (annual %)",annual_year_columns_in_wdi_data_csv,,1962,0.72132057165645,0.72132057165645,PARSED,WDIData.csv!R216321C7
WDI_2018_02_22,,eb26afca7c7ce997c8a012b872b6053c51683a5c30300db873b2ac51f3ebed12,IRN,"Iran, Islamic Rep.",FP.CPI.TOTL.ZG,"Inflation, consumer prices (annual %)",annual_year_columns_in_wdi_data_csv,,1963,0.37184960722137,0.37184960722137,PARSED,WDIData.csv!R216321C8
WDI_2018_02_22,,eb26afca7c7ce997c8a012b872b6053c51683a5c30300db873b2ac51f3ebed12,IRN,"Iran, Islamic Rep.",FP.CPI.TOTL.ZG,"Inflation, consumer prices (annual %)",annual_year_columns_in_wdi_data_csv,,1964,3.81448957223095,3.81448957223095,PARSED,WDIData.csv!R216321C9
WDI_2018_02_22,,eb26afca7c7ce997c8a012b872b6053c51683a5c30300db873b2ac51f3ebed12,IRN,"Iran, Islamic Rep.",FP.CPI.TOTL.ZG,"Inflation, consumer prices (annual %)",annual_year_columns_in_wdi_data_csv,,1965,2.15437483520928,2.15437483520928,PARSED,WDIData.csv!R216321C10
WDI_2018_02_22,,eb26afca7c7ce997c8a012b872b6053c51683a5c30300db873b2ac51f3ebed12,IRN,"Iran, Islamic Rep.",FP.CPI.TOTL.ZG,"Inflation, consumer prices (annual %)",annual_year_columns_in_wdi_data_csv,,1966,-0.388148532154546,-0.388148532154546,PARSED,WDIData.csv!R216321C11
WDI_2018_02_22,,eb26afca7c7ce997c8a012b872b6053c51683a5c30300db873b2ac51f3ebed12,IRN,"Iran, Islamic Rep.",FP.CPI.TOTL.ZG,"Inflation, consumer prices (annual %)",annual_year_columns_in_wdi_data_csv,,1967,1.59761007964357,1.59761007964357,PARSED,WDIData.csv!R216321C12
WDI_2018_02_22,,eb26afca7c7ce997c8a012b872b6053c51683a5c30300db873b2ac51f3ebed12,IRN,"Iran, Islamic Rep.",FP.CPI.TOTL.ZG,"Inflation, consumer prices (annual %)",annual_year_columns_in_wdi_data_csv,,1968,0.690360521996314,0.690360521996314,PARSED,WDIData.csv!R216321C13
WDI_2018_02_22,,eb26afca7c7ce997c8a012b872b6053c51683a5c30300db873b2ac51f3ebed12,IRN,"Iran, Islamic Rep.",FP.CPI.TOTL.ZG,"Inflation, consumer prices (annual %)",annual_year_columns_in_wdi_data_csv,,1969,3.59319451551278,3.59319451551278,PARSED,WDIData.csv!R216321C14
WDI_2018_02_22,,eb26afca7c7ce997c8a012b872b6053c51683a5c30300db873b2ac51f3ebed12,IRN,"Iran, Islamic Rep.",FP.CPI.TOTL.ZG,"Inflation, consumer prices (annual %)",annual_year_columns_in_wdi_data_csv,,1970,1.66687093970064,1.66687093970064,PARSED,WDIData.csv!R216321C15
WDI_2018_02_22,,eb26afca7c7ce997c8a012b872b6053c51683a5c30300db873b2ac51f3ebed12,IRN,"Iran, Islamic Rep.",FP.CPI.TOTL.ZG,"Inflation, consumer prices (annual %)",annual_year_columns_in_wdi_data_csv,,1971,4.1952983726543,4.1952983726543,PARSED,WDIData.csv!R216321C16
WDI_2018_02_22,,eb26afca7c7ce997c8a012b872b6053c51683a5c30300db873b2ac51f3ebed12,IRN,"Iran, Islamic Rep.",FP.CPI.TOTL.ZG,"Inflation, consumer prices (annual %)",annual_year_columns_in_wdi_data_csv,,1972,6.39824135128914,6.39824135128914,PARSED,WDIData.csv!R216321C17
WDI_2018_02_22,,eb26afca7c7ce997c8a012b872b6053c51683a5c30300db873b2ac51f3ebed12,IRN,"Iran, Islamic Rep.",FP.CPI.TOTL.ZG,"Inflation, consumer prices (annual %)",annual_year_columns_in_wdi_data_csv,,1973,9.81948673318748,9.81948673318748,PARSED,WDIData.csv!R216321C18
WDI_2018_02_22,,eb26afca7c7ce997c8a012b872b6053c51683a5c30300db873b2ac51f3ebed12,IRN,"Iran, Islamic Rep.",FP.CPI.TOTL.ZG,"Inflation, consumer prices (annual %)",annual_year_columns_in_wdi_data_csv,,1974,14.2489355382568,14.2489355382568,PARSED,WDIData.csv!R216321C19
WDI_2018_02_22,,eb26afca7c7ce997c8a012b872b6053c51683a5c30300db873b2ac51f3ebed12,IRN,"Iran, Islamic Rep.",FP.CPI.TOTL.ZG,"Inflation, consumer prices (annual %)",annual_year_columns_in_wdi_data_csv,,1975,12.879181833834,12.879181833834,PARSED,WDIData.csv!R216321C20
WDI_2018_02_22,,eb26afca7c7ce997c8a012b872b6053c51683a5c30300db873b2ac51f3ebed12,IRN,"Iran, Islamic Rep.",FP.CPI.TOTL.ZG,"Inflation, consumer prices (annual %)",annual_year_columns_in_wdi_data_csv,,1976,11.256142506211,11.256142506211,PARSED,WDIData.csv!R216321C21
WDI_2018_02_22,,eb26afca7c7ce997c8a012b872b6053c51683a5c30300db873b2ac51f3ebed12,IRN,"Iran, Islamic Rep.",FP.CPI.TOTL.ZG,"Inflation, consumer prices (annual %)",annual_year_columns_in_wdi_data_csv,,1977,27.2877846793093,27.2877846793093,PARSED,WDIData.csv!R216321C22
WDI_2018_02_22,,eb26afca7c7ce997c8a012b872b6053c51683a5c30300db873b2ac51f3ebed12,IRN,"Iran, Islamic Rep.",FP.CPI.TOTL.ZG,"Inflation, consumer prices (annual %)",annual_year_columns_in_wdi_data_csv,,1978,11.7219692041212,11.7219692041212,PARSED,WDIData.csv!R216321C23
WDI_2018_02_22,,eb26afca7c7ce997c8a012b872b6053c51683a5c30300db873b2ac51f3ebed12,IRN,"Iran, Islamic Rep.",FP.CPI.TOTL.ZG,"Inflation, consumer prices (annual %)",annual_year_columns_in_wdi_data_csv,,1979,10.4872367273485,10.4872367273485,PARSED,WDIData.csv!R216321C24
WDI_2018_02_22,,eb26afca7c7ce997c8a012b872b6053c51683a5c30300db873b2ac51f3ebed12,IRN,"Iran, Islamic Rep.",FP.CPI.TOTL.ZG,"Inflation, consumer prices (annual %)",annual_year_columns_in_wdi_data_csv,,1980,20.6439144373798,20.6439144373798,PARSED,WDIData.csv!R216321C25
WDI_2018_02_22,,eb26afca7c7ce997c8a012b872b6053c51683a5c30300db873b2ac51f3ebed12,IRN,"Iran, Islamic Rep.",FP.CPI.TOTL.ZG,"Inflation, consumer prices (annual %)",annual_year_columns_in_wdi_data_csv,,1981,24.2035897624486,24.2035897624486,PARSED,WDIData.csv!R216321C26
WDI_2018_02_22,,eb26afca7c7ce997c8a012b872b6053c51683a5c30300db873b2ac51f3ebed12,IRN,"Iran, Islamic Rep.",FP.CPI.TOTL.ZG,"Inflation, consumer prices (annual %)",annual_year_columns_in_wdi_data_csv,,1982,18.6897259269564,18.6897259269564,PARSED,WDIData.csv!R216321C27
WDI_2018_02_22,,eb26afca7c7ce997c8a012b872b6053c51683a5c30300db873b2ac51f3ebed12,IRN,"Iran, Islamic Rep.",FP.CPI.TOTL.ZG,"Inflation, consumer prices (annual %)",annual_year_columns_in_wdi_data_csv,,1983,19.7401891778611,19.7401891778611,PARSED,WDIData.csv!R216321C28
WDI_2018_02_22,,eb26afca7c7ce997c8a012b872b6053c51683a5c30300db873b2ac51f3ebed12,IRN,"Iran, Islamic Rep.",FP.CPI.TOTL.ZG,"Inflation, consumer prices (annual %)",annual_year_columns_in_wdi_data_csv,,1984,12.5402194538869,12.5402194538869,PARSED,WDIData.csv!R216321C29
WDI_2018_02_22,,eb26afca7c7ce997c8a012b872b6053c51683a5c30300db873b2ac51f3ebed12,IRN,"Iran, Islamic Rep.",FP.CPI.TOTL.ZG,"Inflation, consumer prices (annual %)",annual_year_columns_in_wdi_data_csv,,1985,4.38934095741497,4.38934095741497,PARSED,WDIData.csv!R216321C30
WDI_2018_02_22,,eb26afca7c7ce997c8a012b872b6053c51683a5c30300db873b2ac51f3ebed12,IRN,"Iran, Islamic Rep.",FP.CPI.TOTL.ZG,"Inflation, consumer prices (annual %)",annual_year_columns_in_wdi_data_csv,,1986,18.429003021148,18.429003021148,PARSED,WDIData.csv!R216321C31
WDI_2018_02_22,,eb26afca7c7ce997c8a012b872b6053c51683a5c30300db873b2ac51f3ebed12,IRN,"Iran, Islamic Rep.",FP.CPI.TOTL.ZG,"Inflation, consumer prices (annual %)",annual_year_columns_in_wdi_data_csv,,1987,28.5714285714286,28.5714285714286,PARSED,WDIData.csv!R216321C32
WDI_2018_02_22,,eb26afca7c7ce997c8a012b872b6053c51683a5c30300db873b2ac51f3ebed12,IRN,"Iran, Islamic Rep.",FP.CPI.TOTL.ZG,"Inflation, consumer prices (annual %)",annual_year_columns_in_wdi_data_csv,,1988,28.6706349206349,28.6706349206349,PARSED,WDIData.csv!R216321C33
WDI_2018_02_22,,eb26afca7c7ce997c8a012b872b6053c51683a5c30300db873b2ac51f3ebed12,IRN,"Iran, Islamic Rep.",FP.CPI.TOTL.ZG,"Inflation, consumer prices (annual %)",annual_year_columns_in_wdi_data_csv,,1989,22.3496530454896,22.3496530454896,PARSED,WDIData.csv!R216321C34
WDI_2018_02_22,,eb26afca7c7ce997c8a012b872b6053c51683a5c30300db873b2ac51f3ebed12,IRN,"Iran, Islamic Rep.",FP.CPI.TOTL.ZG,"Inflation, consumer prices (annual %)",annual_year_columns_in_wdi_data_csv,,1990,7.62767493763938,7.62767493763938,PARSED,WDIData.csv!R216321C35
WDI_2018_02_22,,eb26afca7c7ce997c8a012b872b6053c51683a5c30300db873b2ac51f3ebed12,IRN,"Iran, Islamic Rep.",FP.CPI.TOTL.ZG,"Inflation, consumer prices (annual %)",annual_year_columns_in_wdi_data_csv,,1991,17.128567943401,17.128567943401,PARSED,WDIData.csv!R216321C36
WDI_2018_02_22,,eb26afca7c7ce997c8a012b872b6053c51683a5c30300db873b2ac51f3ebed12,IRN,"Iran, Islamic Rep.",FP.CPI.TOTL.ZG,"Inflation, consumer prices (annual %)",annual_year_columns_in_wdi_data_csv,,1992,25.8077226162331,25.8077226162331,PARSED,WDIData.csv!R216321C37
WDI_2018_02_22,,eb26afca7c7ce997c8a012b872b6053c51683a5c30300db873b2ac51f3ebed12,IRN,"Iran, Islamic Rep.",FP.CPI.TOTL.ZG,"Inflation, consumer prices (annual %)",annual_year_columns_in_wdi_data_csv,,1993,21.2026307547762,21.2026307547762,PARSED,WDIData.csv!R216321C38
WDI_2018_02_22,,eb26afca7c7ce997c8a012b872b6053c51683a5c30300db873b2ac51f3ebed12,IRN,"Iran, Islamic Rep.",FP.CPI.TOTL.ZG,"Inflation, consumer prices (annual %)",annual_year_columns_in_wdi_data_csv,,1994,31.4470284237727,31.4470284237727,PARSED,WDIData.csv!R216321C39
WDI_2018_02_22,,eb26afca7c7ce997c8a012b872b6053c51683a5c30300db873b2ac51f3ebed12,IRN,"Iran, Islamic Rep.",FP.CPI.TOTL.ZG,"Inflation, consumer prices (annual %)",annual_year_columns_in_wdi_data_csv,,1995,49.6559858462748,49.6559858462748,PARSED,WDIData.csv!R216321C40
WDI_2018_02_22,,eb26afca7c7ce997c8a012b872b6053c51683a5c30300db873b2ac51f3ebed12,IRN,"Iran, Islamic Rep.",FP.CPI.TOTL.ZG,"Inflation, consumer prices (annual %)",annual_year_columns_in_wdi_data_csv,,1996,28.9373440168133,28.9373440168133,PARSED,WDIData.csv!R216321C41
WDI_2018_02_22,,eb26afca7c7ce997c8a012b872b6053c51683a5c30300db873b2ac51f3ebed12,IRN,"Iran, Islamic Rep.",FP.CPI.TOTL.ZG,"Inflation, consumer prices (annual %)",annual_year_columns_in_wdi_data_csv,,1997,17.3492257538712,17.3492257538712,PARSED,WDIData.csv!R216321C42
WDI_2018_02_22,,eb26afca7c7ce997c8a012b872b6053c51683a5c30300db873b2ac51f3ebed12,IRN,"Iran, Islamic Rep.",FP.CPI.TOTL.ZG,"Inflation, consumer prices (annual %)",annual_year_columns_in_wdi_data_csv,,1998,17.8661342130398,17.8661342130398,PARSED,WDIData.csv!R216321C43
WDI_2018_02_22,,eb26afca7c7ce997c8a012b872b6053c51683a5c30300db873b2ac51f3ebed12,IRN,"Iran, Islamic Rep.",FP.CPI.TOTL.ZG,"Inflation, consumer prices (annual %)",annual_year_columns_in_wdi_data_csv,,1999,20.0707078146862,20.0707078146862,PARSED,WDIData.csv!R216321C44
WDI_2018_02_22,,eb26afca7c7ce997c8a012b872b6053c51683a5c30300db873b2ac51f3ebed12,IRN,"Iran, Islamic Rep.",FP.CPI.TOTL.ZG,"Inflation, consumer prices (annual %)",annual_year_columns_in_wdi_data_csv,,2000,14.4767513188568,14.4767513188568,PARSED,WDIData.csv!R216321C45
WDI_2018_02_22,,eb26afca7c7ce997c8a012b872b6053c51683a5c30300db873b2ac51f3ebed12,IRN,"Iran, Islamic Rep.",FP.CPI.TOTL.ZG,"Inflation, consumer prices (annual %)",annual_year_columns_in_wdi_data_csv,,2001,11.2742471332116,11.2742471332116,PARSED,WDIData.csv!R216321C46
WDI_2018_02_22,,eb26afca7c7ce997c8a012b872b6053c51683a5c30300db873b2ac51f3ebed12,IRN,"Iran, Islamic Rep.",FP.CPI.TOTL.ZG,"Inflation, consumer prices (annual %)",annual_year_columns_in_wdi_data_csv,,2002,14.3359337378405,14.3359337378405,PARSED,WDIData.csv!R216321C47
WDI_2018_02_22,,eb26afca7c7ce997c8a012b872b6053c51683a5c30300db873b2ac51f3ebed12,IRN,"Iran, Islamic Rep.",FP.CPI.TOTL.ZG,"Inflation, consumer prices (annual %)",annual_year_columns_in_wdi_data_csv,,2003,16.468011624479,16.468011624479,PARSED,WDIData.csv!R216321C48
WDI_2018_02_22,,eb26afca7c7ce997c8a012b872b6053c51683a5c30300db873b2ac51f3ebed12,IRN,"Iran, Islamic Rep.",FP.CPI.TOTL.ZG,"Inflation, consumer prices (annual %)",annual_year_columns_in_wdi_data_csv,,2004,14.7615086970672,14.7615086970672,PARSED,WDIData.csv!R216321C49
WDI_2018_02_22,,eb26afca7c7ce997c8a012b872b6053c51683a5c30300db873b2ac51f3ebed12,IRN,"Iran, Islamic Rep.",FP.CPI.TOTL.ZG,"Inflation, consumer prices (annual %)",annual_year_columns_in_wdi_data_csv,,2005,13.433118008508,13.433118008508,PARSED,WDIData.csv!R216321C50
WDI_2018_02_22,,eb26afca7c7ce997c8a012b872b6053c51683a5c30300db873b2ac51f3ebed12,IRN,"Iran, Islamic Rep.",FP.CPI.TOTL.ZG,"Inflation, consumer prices (annual %)",annual_year_columns_in_wdi_data_csv,,2006,11.9395521973443,11.9395521973443,PARSED,WDIData.csv!R216321C51
WDI_2018_02_22,,eb26afca7c7ce997c8a012b872b6053c51683a5c30300db873b2ac51f3ebed12,IRN,"Iran, Islamic Rep.",FP.CPI.TOTL.ZG,"Inflation, consumer prices (annual %)",annual_year_columns_in_wdi_data_csv,,2007,17.2130463525814,17.2130463525814,PARSED,WDIData.csv!R216321C52
WDI_2018_02_22,,eb26afca7c7ce997c8a012b872b6053c51683a5c30300db873b2ac51f3ebed12,IRN,"Iran, Islamic Rep.",FP.CPI.TOTL.ZG,"Inflation, consumer prices (annual %)",annual_year_columns_in_wdi_data_csv,,2008,25.5498446091322,25.5498446091322,PARSED,WDIData.csv!R216321C53
WDI_2018_02_22,,eb26afca7c7ce997c8a012b872b6053c51683a5c30300db873b2ac51f3ebed12,IRN,"Iran, Islamic Rep.",FP.CPI.TOTL.ZG,"Inflation, consumer prices (annual %)",annual_year_columns_in_wdi_data_csv,,2009,13.5002618174896,13.5002618174896,PARSED,WDIData.csv!R216321C54
WDI_2018_02_22,,eb26afca7c7ce997c8a012b872b6053c51683a5c30300db873b2ac51f3ebed12,IRN,"Iran, Islamic Rep.",FP.CPI.TOTL.ZG,"Inflation, consumer prices (annual %)",annual_year_columns_in_wdi_data_csv,,2010,10.1371471710771,10.1371471710771,PARSED,WDIData.csv!R216321C55
WDI_2018_02_22,,eb26afca7c7ce997c8a012b872b6053c51683a5c30300db873b2ac51f3ebed12,IRN,"Iran, Islamic Rep.",FP.CPI.TOTL.ZG,"Inflation, consumer prices (annual %)",annual_year_columns_in_wdi_data_csv,,2011,20.6283320639758,20.6283320639758,PARSED,WDIData.csv!R216321C56
WDI_2018_02_22,,eb26afca7c7ce997c8a012b872b6053c51683a5c30300db873b2ac51f3ebed12,IRN,"Iran, Islamic Rep.",FP.CPI.TOTL.ZG,"Inflation, consumer prices (annual %)",annual_year_columns_in_wdi_data_csv,,2012,27.3573886416009,27.3573886416009,PARSED,WDIData.csv!R216321C57
WDI_2018_02_22,,eb26afca7c7ce997c8a012b872b6053c51683a5c30300db873b2ac51f3ebed12,IRN,"Iran, Islamic Rep.",FP.CPI.TOTL.ZG,"Inflation, consumer prices (annual %)",annual_year_columns_in_wdi_data_csv,,2013,39.2663609837432,39.2663609837432,PARSED,WDIData.csv!R216321C58
WDI_2018_02_22,,eb26afca7c7ce997c8a012b872b6053c51683a5c30300db873b2ac51f3ebed12,IRN,"Iran, Islamic Rep.",FP.CPI.TOTL.ZG,"Inflation, consumer prices (annual %)",annual_year_columns_in_wdi_data_csv,,2014,17.2353586750476,17.2353586750476,PARSED,WDIData.csv!R216321C59
WDI_2018_02_22,,eb26afca7c7ce997c8a012b872b6053c51683a5c30300db873b2ac51f3ebed12,IRN,"Iran, Islamic Rep.",FP.CPI.TOTL.ZG,"Inflation, consumer prices (annual %)",annual_year_columns_in_wdi_data_csv,,2015,13.7057997532016,13.7057997532016,PARSED,WDIData.csv!R216321C60
WDI_2018_02_22,,eb26afca7c7ce997c8a012b872b6053c51683a5c30300db873b2ac51f3ebed12,IRN,"Iran, Islamic Rep.",FP.CPI.TOTL.ZG,"Inflation, consumer prices (annual %)",annual_year_columns_in_wdi_data_csv,,2016,8.56971783549148,8.56971783549148,PARSED,WDIData.csv!R216321C61
WDI_2018_02_22,,eb26afca7c7ce997c8a012b872b6053c51683a5c30300db873b2ac51f3ebed12,IRN,"Iran, Islamic Rep.",FP.CPI.TOTL.ZG,"Inflation, consumer prices (annual %)",annual_year_columns_in_wdi_data_csv,,2017,,,MISSING,WDIData.csv!R216321C62
WDI_2018_02_22,,eb26afca7c7ce997c8a012b872b6053c51683a5c30300db873b2ac51f3ebed12,IRN,"Iran, Islamic Rep.",PA.NUS.FCRF,"Official exchange rate (LCU per US$, period average)",annual_year_columns_in_wdi_data_csv,,1960,75.75000007575,75.75000007575,PARSED,WDIData.csv!R216637C5
WDI_2018_02_22,,eb26afca7c7ce997c8a012b872b6053c51683a5c30300db873b2ac51f3ebed12,IRN,"Iran, Islamic Rep.",PA.NUS.FCRF,"Official exchange rate (LCU per US$, period average)",annual_year_columns_in_wdi_data_csv,,1961,75.75000007575,75.75000007575,PARSED,WDIData.csv!R216637C6
WDI_2018_02_22,,eb26afca7c7ce997c8a012b872b6053c51683a5c30300db873b2ac51f3ebed12,IRN,"Iran, Islamic Rep.",PA.NUS.FCRF,"Official exchange rate (LCU per US$, period average)",annual_year_columns_in_wdi_data_csv,,1962,75.75000007575,75.75000007575,PARSED,WDIData.csv!R216637C7
WDI_2018_02_22,,eb26afca7c7ce997c8a012b872b6053c51683a5c30300db873b2ac51f3ebed12,IRN,"Iran, Islamic Rep.",PA.NUS.FCRF,"Official exchange rate (LCU per US$, period average)",annual_year_columns_in_wdi_data_csv,,1963,75.75000007575,75.75000007575,PARSED,WDIData.csv!R216637C8
WDI_2018_02_22,,eb26afca7c7ce997c8a012b872b6053c51683a5c30300db873b2ac51f3ebed12,IRN,"Iran, Islamic Rep.",PA.NUS.FCRF,"Official exchange rate (LCU per US$, period average)",annual_year_columns_in_wdi_data_csv,,1964,75.75000007575,75.75000007575,PARSED,WDIData.csv!R216637C9
WDI_2018_02_22,,eb26afca7c7ce997c8a012b872b6053c51683a5c30300db873b2ac51f3ebed12,IRN,"Iran, Islamic Rep.",PA.NUS.FCRF,"Official exchange rate (LCU per US$, period average)",annual_year_columns_in_wdi_data_csv,,1965,75.75000007575,75.75000007575,PARSED,WDIData.csv!R216637C10
WDI_2018_02_22,,eb26afca7c7ce997c8a012b872b6053c51683a5c30300db873b2ac51f3ebed12,IRN,"Iran, Islamic Rep.",PA.NUS.FCRF,"Official exchange rate (LCU per US$, period average)",annual_year_columns_in_wdi_data_csv,,1966,75.75000007575,75.75000007575,PARSED,WDIData.csv!R216637C11
WDI_2018_02_22,,eb26afca7c7ce997c8a012b872b6053c51683a5c30300db873b2ac51f3ebed12,IRN,"Iran, Islamic Rep.",PA.NUS.FCRF,"Official exchange rate (LCU per US$, period average)",annual_year_columns_in_wdi_data_csv,,1967,75.75000007575,75.75000007575,PARSED,WDIData.csv!R216637C12
WDI_2018_02_22,,eb26afca7c7ce997c8a012b872b6053c51683a5c30300db873b2ac51f3ebed12,IRN,"Iran, Islamic Rep.",PA.NUS.FCRF,"Official exchange rate (LCU per US$, period average)",annual_year_columns_in_wdi_data_csv,,1968,75.75000007575,75.75000007575,PARSED,WDIData.csv!R216637C13
WDI_2018_02_22,,eb26afca7c7ce997c8a012b872b6053c51683a5c30300db873b2ac51f3ebed12,IRN,"Iran, Islamic Rep.",PA.NUS.FCRF,"Official exchange rate (LCU per US$, period average)",annual_year_columns_in_wdi_data_csv,,1969,75.75000007575,75.75000007575,PARSED,WDIData.csv!R216637C14
WDI_2018_02_22,,eb26afca7c7ce997c8a012b872b6053c51683a5c30300db873b2ac51f3ebed12,IRN,"Iran, Islamic Rep.",PA.NUS.FCRF,"Official exchange rate (LCU per US$, period average)",annual_year_columns_in_wdi_data_csv,,1970,75.75000007575,75.75000007575,PARSED,WDIData.csv!R216637C15
WDI_2018_02_22,,eb26afca7c7ce997c8a012b872b6053c51683a5c30300db873b2ac51f3ebed12,IRN,"Iran, Islamic Rep.",PA.NUS.FCRF,"Official exchange rate (LCU per US$, period average)",annual_year_columns_in_wdi_data_csv,,1971,75.7500000694375,75.7500000694375,PARSED,WDIData.csv!R216637C16
WDI_2018_02_22,,eb26afca7c7ce997c8a012b872b6053c51683a5c30300db873b2ac51f3ebed12,IRN,"Iran, Islamic Rep.",PA.NUS.FCRF,"Official exchange rate (LCU per US$, period average)",annual_year_columns_in_wdi_data_csv,,1972,75.7499701345202,75.7499701345202,PARSED,WDIData.csv!R216637C17
WDI_2018_02_22,,eb26afca7c7ce997c8a012b872b6053c51683a5c30300db873b2ac51f3ebed12,IRN,"Iran, Islamic Rep.",PA.NUS.FCRF,"Official exchange rate (LCU per US$, period average)",annual_year_columns_in_wdi_data_csv,,1973,68.8860419482585,68.8860419482585,PARSED,WDIData.csv!R216637C18
WDI_2018_02_22,,eb26afca7c7ce997c8a012b872b6053c51683a5c30300db873b2ac51f3ebed12,IRN,"Iran, Islamic Rep.",PA.NUS.FCRF,"Official exchange rate (LCU per US$, period average)",annual_year_columns_in_wdi_data_csv,,1974,67.641342246617,67.641342246617,PARSED,WDIData.csv!R216637C19
WDI_2018_02_22,,eb26afca7c7ce997c8a012b872b6053c51683a5c30300db873b2ac51f3ebed12,IRN,"Iran, Islamic Rep.",PA.NUS.FCRF,"Official exchange rate (LCU per US$, period average)",annual_year_columns_in_wdi_data_csv,,1975,67.6549455324406,67.6549455324406,PARSED,WDIData.csv!R216637C20
WDI_2018_02_22,,eb26afca7c7ce997c8a012b872b6053c51683a5c30300db873b2ac51f3ebed12,IRN,"Iran, Islamic Rep.",PA.NUS.FCRF,"Official exchange rate (LCU per US$, period average)",annual_year_columns_in_wdi_data_csv,,1976,70.2390698610516,70.2390698610516,PARSED,WDIData.csv!R216637C21
WDI_2018_02_22,,eb26afca7c7ce997c8a012b872b6053c51683a5c30300db873b2ac51f3ebed12,IRN,"Iran, Islamic Rep.",PA.NUS.FCRF,"Official exchange rate (LCU per US$, period average)",annual_year_columns_in_wdi_data_csv,,1977,70.6337318788855,70.6337318788855,PARSED,WDIData.csv!R216637C22
WDI_2018_02_22,,eb26afca7c7ce997c8a012b872b6053c51683a5c30300db873b2ac51f3ebed12,IRN,"Iran, Islamic Rep.",PA.NUS.FCRF,"Official exchange rate (LCU per US$, period average)",annual_year_columns_in_wdi_data_csv,,1978,70.4920309761581,70.4920309761581,PARSED,WDIData.csv!R216637C23
WDI_2018_02_22,,eb26afca7c7ce997c8a012b872b6053c51683a5c30300db873b2ac51f3ebed12,IRN,"Iran, Islamic Rep.",PA.NUS.FCRF,"Official exchange rate (LCU per US$, period average)",annual_year_columns_in_wdi_data_csv,,1979,70.4920309761581,70.4920309761581,PARSED,WDIData.csv!R216637C24
WDI_2018_02_22,,eb26afca7c7ce997c8a012b872b6053c51683a5c30300db873b2ac51f3ebed12,IRN,"Iran, Islamic Rep.",PA.NUS.FCRF,"Official exchange rate (LCU per US$, period average)",annual_year_columns_in_wdi_data_csv,,1980,70.631848089676,70.631848089676,PARSED,WDIData.csv!R216637C25
WDI_2018_02_22,,eb26afca7c7ce997c8a012b872b6053c51683a5c30300db873b2ac51f3ebed12,IRN,"Iran, Islamic Rep.",PA.NUS.FCRF,"Official exchange rate (LCU per US$, period average)",annual_year_columns_in_wdi_data_csv,,1981,78.3468453777361,78.3468453777361,PARSED,WDIData.csv!R216637C26
WDI_2018_02_22,,eb26afca7c7ce997c8a012b872b6053c51683a5c30300db873b2ac51f3ebed12,IRN,"Iran, Islamic Rep.",PA.NUS.FCRF,"Official exchange rate (LCU per US$, period average)",annual_year_columns_in_wdi_data_csv,,1982,83.6226700245569,83.6226700245569,PARSED,WDIData.csv!R216637C27
WDI_2018_02_22,,eb26afca7c7ce997c8a012b872b6053c51683a5c30300db873b2ac51f3ebed12,IRN,"Iran, Islamic Rep.",PA.NUS.FCRF,"Official exchange rate (LCU per US$, period average)",annual_year_columns_in_wdi_data_csv,,1983,86.3787358940775,86.3787358940775,PARSED,WDIData.csv!R216637C28
WDI_2018_02_22,,eb26afca7c7ce997c8a012b872b6053c51683a5c30300db873b2ac51f3ebed12,IRN,"Iran, Islamic Rep.",PA.NUS.FCRF,"Official exchange rate (LCU per US$, period average)",annual_year_columns_in_wdi_data_csv,,1984,90.0514398915356,90.0514398915356,PARSED,WDIData.csv!R216637C29
WDI_2018_02_22,,eb26afca7c7ce997c8a012b872b6053c51683a5c30300db873b2ac51f3ebed12,IRN,"Iran, Islamic Rep.",PA.NUS.FCRF,"Official exchange rate (LCU per US$, period average)",annual_year_columns_in_wdi_data_csv,,1985,91.0735868439752,91.0735868439752,PARSED,WDIData.csv!R216637C30
WDI_2018_02_22,,eb26afca7c7ce997c8a012b872b6053c51683a5c30300db873b2ac51f3ebed12,IRN,"Iran, Islamic Rep.",PA.NUS.FCRF,"Official exchange rate (LCU per US$, period average)",annual_year_columns_in_wdi_data_csv,,1986,78.7787830685101,78.7787830685101,PARSED,WDIData.csv!R216637C31
WDI_2018_02_22,,eb26afca7c7ce997c8a012b872b6053c51683a5c30300db873b2ac51f3ebed12,IRN,"Iran, Islamic Rep.",PA.NUS.FCRF,"Official exchange rate (LCU per US$, period average)",annual_year_columns_in_wdi_data_csv,,1987,71.4774357190432,71.4774357190432,PARSED,WDIData.csv!R216637C32
WDI_2018_02_22,,eb26afca7c7ce997c8a012b872b6053c51683a5c30300db873b2ac51f3ebed12,IRN,"Iran, Islamic Rep.",PA.NUS.FCRF,"Official exchange rate (LCU per US$, period average)",annual_year_columns_in_wdi_data_csv,,1988,68.6997646296701,68.6997646296701,PARSED,WDIData.csv!R216637C33
WDI_2018_02_22,,eb26afca7c7ce997c8a012b872b6053c51683a5c30300db873b2ac51f3ebed12,IRN,"Iran, Islamic Rep.",PA.NUS.FCRF,"Official exchange rate (LCU per US$, period average)",annual_year_columns_in_wdi_data_csv,,1989,72.0322364263672,72.0322364263672,PARSED,WDIData.csv!R216637C34
WDI_2018_02_22,,eb26afca7c7ce997c8a012b872b6053c51683a5c30300db873b2ac51f3ebed12,IRN,"Iran, Islamic Rep.",PA.NUS.FCRF,"Official exchange rate (LCU per US$, period average)",annual_year_columns_in_wdi_data_csv,,1990,68.1123727149296,68.1123727149296,PARSED,WDIData.csv!R216637C35
WDI_2018_02_22,,eb26afca7c7ce997c8a012b872b6053c51683a5c30300db873b2ac51f3ebed12,IRN,"Iran, Islamic Rep.",PA.NUS.FCRF,"Official exchange rate (LCU per US$, period average)",annual_year_columns_in_wdi_data_csv,,1991,67.5217300147946,67.5217300147946,PARSED,WDIData.csv!R216637C36
WDI_2018_02_22,,eb26afca7c7ce997c8a012b872b6053c51683a5c30300db873b2ac51f3ebed12,IRN,"Iran, Islamic Rep.",PA.NUS.FCRF,"Official exchange rate (LCU per US$, period average)",annual_year_columns_in_wdi_data_csv,,1992,65.5678412857706,65.5678412857706,PARSED,WDIData.csv!R216637C37
WDI_2018_02_22,,eb26afca7c7ce997c8a012b872b6053c51683a5c30300db873b2ac51f3ebed12,IRN,"Iran, Islamic Rep.",PA.NUS.FCRF,"Official exchange rate (LCU per US$, period average)",annual_year_columns_in_wdi_data_csv,,1993,1268.07876133881,1268.07876133881,PARSED,WDIData.csv!R216637C38
WDI_2018_02_22,,eb26afca7c7ce997c8a012b872b6053c51683a5c30300db873b2ac51f3ebed12,IRN,"Iran, Islamic Rep.",PA.NUS.FCRF,"Official exchange rate (LCU per US$, period average)",annual_year_columns_in_wdi_data_csv,,1994,1749.17373625079,1749.17373625079,PARSED,WDIData.csv!R216637C39
WDI_2018_02_22,,eb26afca7c7ce997c8a012b872b6053c51683a5c30300db873b2ac51f3ebed12,IRN,"Iran, Islamic Rep.",PA.NUS.FCRF,"Official exchange rate (LCU per US$, period average)",annual_year_columns_in_wdi_data_csv,,1995,1748.35024562759,1748.35024562759,PARSED,WDIData.csv!R216637C40
WDI_2018_02_22,,eb26afca7c7ce997c8a012b872b6053c51683a5c30300db873b2ac51f3ebed12,IRN,"Iran, Islamic Rep.",PA.NUS.FCRF,"Official exchange rate (LCU per US$, period average)",annual_year_columns_in_wdi_data_csv,,1996,1751.18635583594,1751.18635583594,PARSED,WDIData.csv!R216637C41
WDI_2018_02_22,,eb26afca7c7ce997c8a012b872b6053c51683a5c30300db873b2ac51f3ebed12,IRN,"Iran, Islamic Rep.",PA.NUS.FCRF,"Official exchange rate (LCU per US$, period average)",annual_year_columns_in_wdi_data_csv,,1997,1753.34547748286,1753.34547748286,PARSED,WDIData.csv!R216637C42
WDI_2018_02_22,,eb26afca7c7ce997c8a012b872b6053c51683a5c30300db873b2ac51f3ebed12,IRN,"Iran, Islamic Rep.",PA.NUS.FCRF,"Official exchange rate (LCU per US$, period average)",annual_year_columns_in_wdi_data_csv,,1998,1752.28599459359,1752.28599459359,PARSED,WDIData.csv!R216637C43
WDI_2018_02_22,,eb26afca7c7ce997c8a012b872b6053c51683a5c30300db873b2ac51f3ebed12,IRN,"Iran, Islamic Rep.",PA.NUS.FCRF,"Official exchange rate (LCU per US$, period average)",annual_year_columns_in_wdi_data_csv,,1999,1753.35494977138,1753.35494977138,PARSED,WDIData.csv!R216637C44
WDI_2018_02_22,,eb26afca7c7ce997c8a012b872b6053c51683a5c30300db873b2ac51f3ebed12,IRN,"Iran, Islamic Rep.",PA.NUS.FCRF,"Official exchange rate (LCU per US$, period average)",annual_year_columns_in_wdi_data_csv,,2000,1764.85606929191,1764.85606929191,PARSED,WDIData.csv!R216637C45
WDI_2018_02_22,,eb26afca7c7ce997c8a012b872b6053c51683a5c30300db873b2ac51f3ebed12,IRN,"Iran, Islamic Rep.",PA.NUS.FCRF,"Official exchange rate (LCU per US$, period average)",annual_year_columns_in_wdi_data_csv,,2001,1753.98568465785,1753.98568465785,PARSED,WDIData.csv!R216637C46
WDI_2018_02_22,,eb26afca7c7ce997c8a012b872b6053c51683a5c30300db873b2ac51f3ebed12,IRN,"Iran, Islamic Rep.",PA.NUS.FCRF,"Official exchange rate (LCU per US$, period average)",annual_year_columns_in_wdi_data_csv,,2002,6907.03445561653,6907.03445561653,PARSED,WDIData.csv!R216637C47
WDI_2018_02_22,,eb26afca7c7ce997c8a012b872b6053c51683a5c30300db873b2ac51f3ebed12,IRN,"Iran, Islamic Rep.",PA.NUS.FCRF,"Official exchange rate (LCU per US$, period average)",annual_year_columns_in_wdi_data_csv,,2003,8193.88751916667,8193.88751916667,PARSED,WDIData.csv!R216637C48
WDI_2018_02_22,,eb26afca7c7ce997c8a012b872b6053c51683a5c30300db873b2ac51f3ebed12,IRN,"Iran, Islamic Rep.",PA.NUS.FCRF,"Official exchange rate (LCU per US$, period average)",annual_year_columns_in_wdi_data_csv,,2004,8613.98942075,8613.98942075,PARSED,WDIData.csv!R216637C49
WDI_2018_02_22,,eb26afca7c7ce997c8a012b872b6053c51683a5c30300db873b2ac51f3ebed12,IRN,"Iran, Islamic Rep.",PA.NUS.FCRF,"Official exchange rate (LCU per US$, period average)",annual_year_columns_in_wdi_data_csv,,2005,8963.95890666667,8963.95890666667,PARSED,WDIData.csv!R216637C50
WDI_2018_02_22,,eb26afca7c7ce997c8a012b872b6053c51683a5c30300db873b2ac51f3ebed12,IRN,"Iran, Islamic Rep.",PA.NUS.FCRF,"Official exchange rate (LCU per US$, period average)",annual_year_columns_in_wdi_data_csv,,2006,9170.9428775,9170.9428775,PARSED,WDIData.csv!R216637C51
WDI_2018_02_22,,eb26afca7c7ce997c8a012b872b6053c51683a5c30300db873b2ac51f3ebed12,IRN,"Iran, Islamic Rep.",PA.NUS.FCRF,"Official exchange rate (LCU per US$, period average)",annual_year_columns_in_wdi_data_csv,,2007,9281.15182833333,9281.15182833333,PARSED,WDIData.csv!R216637C52
WDI_2018_02_22,,eb26afca7c7ce997c8a012b872b6053c51683a5c30300db873b2ac51f3ebed12,IRN,"Iran, Islamic Rep.",PA.NUS.FCRF,"Official exchange rate (LCU per US$, period average)",annual_year_columns_in_wdi_data_csv,,2008,9428.52826083333,9428.52826083333,PARSED,WDIData.csv!R216637C53
WDI_2018_02_22,,eb26afca7c7ce997c8a012b872b6053c51683a5c30300db873b2ac51f3ebed12,IRN,"Iran, Islamic Rep.",PA.NUS.FCRF,"Official exchange rate (LCU per US$, period average)",annual_year_columns_in_wdi_data_csv,,2009,9864.3024562682,9864.3024562682,PARSED,WDIData.csv!R216637C54
WDI_2018_02_22,,eb26afca7c7ce997c8a012b872b6053c51683a5c30300db873b2ac51f3ebed12,IRN,"Iran, Islamic Rep.",PA.NUS.FCRF,"Official exchange rate (LCU per US$, period average)",annual_year_columns_in_wdi_data_csv,,2010,10254.176470289,10254.176470289,PARSED,WDIData.csv!R216637C55
WDI_2018_02_22,,eb26afca7c7ce997c8a012b872b6053c51683a5c30300db873b2ac51f3ebed12,IRN,"Iran, Islamic Rep.",PA.NUS.FCRF,"Official exchange rate (LCU per US$, period average)",annual_year_columns_in_wdi_data_csv,,2011,10616.3066439076,10616.3066439076,PARSED,WDIData.csv!R216637C56
WDI_2018_02_22,,eb26afca7c7ce997c8a012b872b6053c51683a5c30300db873b2ac51f3ebed12,IRN,"Iran, Islamic Rep.",PA.NUS.FCRF,"Official exchange rate (LCU per US$, period average)",annual_year_columns_in_wdi_data_csv,,2012,12175.5472222222,12175.5472222222,PARSED,WDIData.csv!R216637C57
WDI_2018_02_22,,eb26afca7c7ce997c8a012b872b6053c51683a5c30300db873b2ac51f3ebed12,IRN,"Iran, Islamic Rep.",PA.NUS.FCRF,"Official exchange rate (LCU per US$, period average)",annual_year_columns_in_wdi_data_csv,,2013,18414.4480100374,18414.4480100374,PARSED,WDIData.csv!R216637C58
WDI_2018_02_22,,eb26afca7c7ce997c8a012b872b6053c51683a5c30300db873b2ac51f3ebed12,IRN,"Iran, Islamic Rep.",PA.NUS.FCRF,"Official exchange rate (LCU per US$, period average)",annual_year_columns_in_wdi_data_csv,,2014,25941.6641445972,25941.6641445972,PARSED,WDIData.csv!R216637C59
WDI_2018_02_22,,eb26afca7c7ce997c8a012b872b6053c51683a5c30300db873b2ac51f3ebed12,IRN,"Iran, Islamic Rep.",PA.NUS.FCRF,"Official exchange rate (LCU per US$, period average)",annual_year_columns_in_wdi_data_csv,,2015,29011.491377053,29011.491377053,PARSED,WDIData.csv!R216637C60
WDI_2018_02_22,,eb26afca7c7ce997c8a012b872b6053c51683a5c30300db873b2ac51f3ebed12,IRN,"Iran, Islamic Rep.",PA.NUS.FCRF,"Official exchange rate (LCU per US$, period average)",annual_year_columns_in_wdi_data_csv,,2016,30914.8524362967,30914.8524362967,PARSED,WDIData.csv!R216637C61
WDI_2018_02_22,,eb26afca7c7ce997c8a012b872b6053c51683a5c30300db873b2ac51f3ebed12,IRN,"Iran, Islamic Rep.",PA.NUS.FCRF,"Official exchange rate (LCU per US$, period average)",annual_year_columns_in_wdi_data_csv,,2017,,,MISSING,WDIData.csv!R216637C62
WDI_2018_04_18,,3fd132cf8dc3ca5a96e9205ff4e47288b1abbd673662d57e0bff5de36ce1b2b7,IRN,"Iran, Islamic Rep.",FP.CPI.TOTL.ZG,"Inflation, consumer prices (annual %)",annual_year_columns_in_wdi_data_sheet,,1960,9.82241081297849,9.82241081297849,PARSED,WDIEXCEL.xlsx!Data!R216321C5
WDI_2018_04_18,,3fd132cf8dc3ca5a96e9205ff4e47288b1abbd673662d57e0bff5de36ce1b2b7,IRN,"Iran, Islamic Rep.",FP.CPI.TOTL.ZG,"Inflation, consumer prices (annual %)",annual_year_columns_in_wdi_data_sheet,,1961,3.16256439585761,3.16256439585761,PARSED,WDIEXCEL.xlsx!Data!R216321C6
WDI_2018_04_18,,3fd132cf8dc3ca5a96e9205ff4e47288b1abbd673662d57e0bff5de36ce1b2b7,IRN,"Iran, Islamic Rep.",FP.CPI.TOTL.ZG,"Inflation, consumer prices (annual %)",annual_year_columns_in_wdi_data_sheet,,1962,0.72132057165645,0.72132057165645,PARSED,WDIEXCEL.xlsx!Data!R216321C7
WDI_2018_04_18,,3fd132cf8dc3ca5a96e9205ff4e47288b1abbd673662d57e0bff5de36ce1b2b7,IRN,"Iran, Islamic Rep.",FP.CPI.TOTL.ZG,"Inflation, consumer prices (annual %)",annual_year_columns_in_wdi_data_sheet,,1963,0.37184960722137,0.37184960722137,PARSED,WDIEXCEL.xlsx!Data!R216321C8
WDI_2018_04_18,,3fd132cf8dc3ca5a96e9205ff4e47288b1abbd673662d57e0bff5de36ce1b2b7,IRN,"Iran, Islamic Rep.",FP.CPI.TOTL.ZG,"Inflation, consumer prices (annual %)",annual_year_columns_in_wdi_data_sheet,,1964,3.81448957223095,3.81448957223095,PARSED,WDIEXCEL.xlsx!Data!R216321C9
WDI_2018_04_18,,3fd132cf8dc3ca5a96e9205ff4e47288b1abbd673662d57e0bff5de36ce1b2b7,IRN,"Iran, Islamic Rep.",FP.CPI.TOTL.ZG,"Inflation, consumer prices (annual %)",annual_year_columns_in_wdi_data_sheet,,1965,2.15437483520928,2.15437483520928,PARSED,WDIEXCEL.xlsx!Data!R216321C10
WDI_2018_04_18,,3fd132cf8dc3ca5a96e9205ff4e47288b1abbd673662d57e0bff5de36ce1b2b7,IRN,"Iran, Islamic Rep.",FP.CPI.TOTL.ZG,"Inflation, consumer prices (annual %)",annual_year_columns_in_wdi_data_sheet,,1966,-0.388148532154546,-0.388148532154546,PARSED,WDIEXCEL.xlsx!Data!R216321C11
WDI_2018_04_18,,3fd132cf8dc3ca5a96e9205ff4e47288b1abbd673662d57e0bff5de36ce1b2b7,IRN,"Iran, Islamic Rep.",FP.CPI.TOTL.ZG,"Inflation, consumer prices (annual %)",annual_year_columns_in_wdi_data_sheet,,1967,1.59761007964357,1.59761007964357,PARSED,WDIEXCEL.xlsx!Data!R216321C12
WDI_2018_04_18,,3fd132cf8dc3ca5a96e9205ff4e47288b1abbd673662d57e0bff5de36ce1b2b7,IRN,"Iran, Islamic Rep.",FP.CPI.TOTL.ZG,"Inflation, consumer prices (annual %)",annual_year_columns_in_wdi_data_sheet,,1968,0.690360521996314,0.690360521996314,PARSED,WDIEXCEL.xlsx!Data!R216321C13
WDI_2018_04_18,,3fd132cf8dc3ca5a96e9205ff4e47288b1abbd673662d57e0bff5de36ce1b2b7,IRN,"Iran, Islamic Rep.",FP.CPI.TOTL.ZG,"Inflation, consumer prices (annual %)",annual_year_columns_in_wdi_data_sheet,,1969,3.59319451551278,3.59319451551278,PARSED,WDIEXCEL.xlsx!Data!R216321C14
WDI_2018_04_18,,3fd132cf8dc3ca5a96e9205ff4e47288b1abbd673662d57e0bff5de36ce1b2b7,IRN,"Iran, Islamic Rep.",FP.CPI.TOTL.ZG,"Inflation, consumer prices (annual %)",annual_year_columns_in_wdi_data_sheet,,1970,1.66687093970064,1.66687093970064,PARSED,WDIEXCEL.xlsx!Data!R216321C15
WDI_2018_04_18,,3fd132cf8dc3ca5a96e9205ff4e47288b1abbd673662d57e0bff5de36ce1b2b7,IRN,"Iran, Islamic Rep.",FP.CPI.TOTL.ZG,"Inflation, consumer prices (annual %)",annual_year_columns_in_wdi_data_sheet,,1971,4.1952983726543,4.1952983726543,PARSED,WDIEXCEL.xlsx!Data!R216321C16
WDI_2018_04_18,,3fd132cf8dc3ca5a96e9205ff4e47288b1abbd673662d57e0bff5de36ce1b2b7,IRN,"Iran, Islamic Rep.",FP.CPI.TOTL.ZG,"Inflation, consumer prices (annual %)",annual_year_columns_in_wdi_data_sheet,,1972,6.39824135128914,6.39824135128914,PARSED,WDIEXCEL.xlsx!Data!R216321C17
WDI_2018_04_18,,3fd132cf8dc3ca5a96e9205ff4e47288b1abbd673662d57e0bff5de36ce1b2b7,IRN,"Iran, Islamic Rep.",FP.CPI.TOTL.ZG,"Inflation, consumer prices (annual %)",annual_year_columns_in_wdi_data_sheet,,1973,9.81948673318748,9.81948673318748,PARSED,WDIEXCEL.xlsx!Data!R216321C18
WDI_2018_04_18,,3fd132cf8dc3ca5a96e9205ff4e47288b1abbd673662d57e0bff5de36ce1b2b7,IRN,"Iran, Islamic Rep.",FP.CPI.TOTL.ZG,"Inflation, consumer prices (annual %)",annual_year_columns_in_wdi_data_sheet,,1974,14.2489355382568,14.2489355382568,PARSED,WDIEXCEL.xlsx!Data!R216321C19
WDI_2018_04_18,,3fd132cf8dc3ca5a96e9205ff4e47288b1abbd673662d57e0bff5de36ce1b2b7,IRN,"Iran, Islamic Rep.",FP.CPI.TOTL.ZG,"Inflation, consumer prices (annual %)",annual_year_columns_in_wdi_data_sheet,,1975,12.879181833834,12.879181833834,PARSED,WDIEXCEL.xlsx!Data!R216321C20
WDI_2018_04_18,,3fd132cf8dc3ca5a96e9205ff4e47288b1abbd673662d57e0bff5de36ce1b2b7,IRN,"Iran, Islamic Rep.",FP.CPI.TOTL.ZG,"Inflation, consumer prices (annual %)",annual_year_columns_in_wdi_data_sheet,,1976,11.256142506211,11.256142506211,PARSED,WDIEXCEL.xlsx!Data!R216321C21
WDI_2018_04_18,,3fd132cf8dc3ca5a96e9205ff4e47288b1abbd673662d57e0bff5de36ce1b2b7,IRN,"Iran, Islamic Rep.",FP.CPI.TOTL.ZG,"Inflation, consumer prices (annual %)",annual_year_columns_in_wdi_data_sheet,,1977,27.2877846793093,27.2877846793093,PARSED,WDIEXCEL.xlsx!Data!R216321C22
WDI_2018_04_18,,3fd132cf8dc3ca5a96e9205ff4e47288b1abbd673662d57e0bff5de36ce1b2b7,IRN,"Iran, Islamic Rep.",FP.CPI.TOTL.ZG,"Inflation, consumer prices (annual %)",annual_year_columns_in_wdi_data_sheet,,1978,11.7219692041212,11.7219692041212,PARSED,WDIEXCEL.xlsx!Data!R216321C23
WDI_2018_04_18,,3fd132cf8dc3ca5a96e9205ff4e47288b1abbd673662d57e0bff5de36ce1b2b7,IRN,"Iran, Islamic Rep.",FP.CPI.TOTL.ZG,"Inflation, consumer prices (annual %)",annual_year_columns_in_wdi_data_sheet,,1979,10.4872367273485,10.4872367273485,PARSED,WDIEXCEL.xlsx!Data!R216321C24
WDI_2018_04_18,,3fd132cf8dc3ca5a96e9205ff4e47288b1abbd673662d57e0bff5de36ce1b2b7,IRN,"Iran, Islamic Rep.",FP.CPI.TOTL.ZG,"Inflation, consumer prices (annual %)",annual_year_columns_in_wdi_data_sheet,,1980,20.6439144373798,20.6439144373798,PARSED,WDIEXCEL.xlsx!Data!R216321C25
WDI_2018_04_18,,3fd132cf8dc3ca5a96e9205ff4e47288b1abbd673662d57e0bff5de36ce1b2b7,IRN,"Iran, Islamic Rep.",FP.CPI.TOTL.ZG,"Inflation, consumer prices (annual %)",annual_year_columns_in_wdi_data_sheet,,1981,24.2035897624486,24.2035897624486,PARSED,WDIEXCEL.xlsx!Data!R216321C26
WDI_2018_04_18,,3fd132cf8dc3ca5a96e9205ff4e47288b1abbd673662d57e0bff5de36ce1b2b7,IRN,"Iran, Islamic Rep.",FP.CPI.TOTL.ZG,"Inflation, consumer prices (annual %)",annual_year_columns_in_wdi_data_sheet,,1982,18.6897259269564,18.6897259269564,PARSED,WDIEXCEL.xlsx!Data!R216321C27
WDI_2018_04_18,,3fd132cf8dc3ca5a96e9205ff4e47288b1abbd673662d57e0bff5de36ce1b2b7,IRN,"Iran, Islamic Rep.",FP.CPI.TOTL.ZG,"Inflation, consumer prices (annual %)",annual_year_columns_in_wdi_data_sheet,,1983,19.7401891778611,19.7401891778611,PARSED,WDIEXCEL.xlsx!Data!R216321C28
WDI_2018_04_18,,3fd132cf8dc3ca5a96e9205ff4e47288b1abbd673662d57e0bff5de36ce1b2b7,IRN,"Iran, Islamic Rep.",FP.CPI.TOTL.ZG,"Inflation, consumer prices (annual %)",annual_year_columns_in_wdi_data_sheet,,1984,12.5402194538869,12.5402194538869,PARSED,WDIEXCEL.xlsx!Data!R216321C29
WDI_2018_04_18,,3fd132cf8dc3ca5a96e9205ff4e47288b1abbd673662d57e0bff5de36ce1b2b7,IRN,"Iran, Islamic Rep.",FP.CPI.TOTL.ZG,"Inflation, consumer prices (annual %)",annual_year_columns_in_wdi_data_sheet,,1985,4.38934095741497,4.38934095741497,PARSED,WDIEXCEL.xlsx!Data!R216321C30
WDI_2018_04_18,,3fd132cf8dc3ca5a96e9205ff4e47288b1abbd673662d57e0bff5de36ce1b2b7,IRN,"Iran, Islamic Rep.",FP.CPI.TOTL.ZG,"Inflation, consumer prices (annual %)",annual_year_columns_in_wdi_data_sheet,,1986,18.429003021148,18.429003021148,PARSED,WDIEXCEL.xlsx!Data!R216321C31
WDI_2018_04_18,,3fd132cf8dc3ca5a96e9205ff4e47288b1abbd673662d57e0bff5de36ce1b2b7,IRN,"Iran, Islamic Rep.",FP.CPI.TOTL.ZG,"Inflation, consumer prices (annual %)",annual_year_columns_in_wdi_data_sheet,,1987,28.5714285714286,28.5714285714286,PARSED,WDIEXCEL.xlsx!Data!R216321C32
WDI_2018_04_18,,3fd132cf8dc3ca5a96e9205ff4e47288b1abbd673662d57e0bff5de36ce1b2b7,IRN,"Iran, Islamic Rep.",FP.CPI.TOTL.ZG,"Inflation, consumer prices (annual %)",annual_year_columns_in_wdi_data_sheet,,1988,28.6706349206349,28.6706349206349,PARSED,WDIEXCEL.xlsx!Data!R216321C33
WDI_2018_04_18,,3fd132cf8dc3ca5a96e9205ff4e47288b1abbd673662d57e0bff5de36ce1b2b7,IRN,"Iran, Islamic Rep.",FP.CPI.TOTL.ZG,"Inflation, consumer prices (annual %)",annual_year_columns_in_wdi_data_sheet,,1989,22.3496530454896,22.3496530454896,PARSED,WDIEXCEL.xlsx!Data!R216321C34
WDI_2018_04_18,,3fd132cf8dc3ca5a96e9205ff4e47288b1abbd673662d57e0bff5de36ce1b2b7,IRN,"Iran, Islamic Rep.",FP.CPI.TOTL.ZG,"Inflation, consumer prices (annual %)",annual_year_columns_in_wdi_data_sheet,,1990,7.62767493763938,7.62767493763938,PARSED,WDIEXCEL.xlsx!Data!R216321C35
WDI_2018_04_18,,3fd132cf8dc3ca5a96e9205ff4e47288b1abbd673662d57e0bff5de36ce1b2b7,IRN,"Iran, Islamic Rep.",FP.CPI.TOTL.ZG,"Inflation, consumer prices (annual %)",annual_year_columns_in_wdi_data_sheet,,1991,17.128567943401,17.128567943401,PARSED,WDIEXCEL.xlsx!Data!R216321C36
WDI_2018_04_18,,3fd132cf8dc3ca5a96e9205ff4e47288b1abbd673662d57e0bff5de36ce1b2b7,IRN,"Iran, Islamic Rep.",FP.CPI.TOTL.ZG,"Inflation, consumer prices (annual %)",annual_year_columns_in_wdi_data_sheet,,1992,25.8077226162331,25.8077226162331,PARSED,WDIEXCEL.xlsx!Data!R216321C37
WDI_2018_04_18,,3fd132cf8dc3ca5a96e9205ff4e47288b1abbd673662d57e0bff5de36ce1b2b7,IRN,"Iran, Islamic Rep.",FP.CPI.TOTL.ZG,"Inflation, consumer prices (annual %)",annual_year_columns_in_wdi_data_sheet,,1993,21.2026307547762,21.2026307547762,PARSED,WDIEXCEL.xlsx!Data!R216321C38
WDI_2018_04_18,,3fd132cf8dc3ca5a96e9205ff4e47288b1abbd673662d57e0bff5de36ce1b2b7,IRN,"Iran, Islamic Rep.",FP.CPI.TOTL.ZG,"Inflation, consumer prices (annual %)",annual_year_columns_in_wdi_data_sheet,,1994,31.4470284237727,31.4470284237727,PARSED,WDIEXCEL.xlsx!Data!R216321C39
WDI_2018_04_18,,3fd132cf8dc3ca5a96e9205ff4e47288b1abbd673662d57e0bff5de36ce1b2b7,IRN,"Iran, Islamic Rep.",FP.CPI.TOTL.ZG,"Inflation, consumer prices (annual %)",annual_year_columns_in_wdi_data_sheet,,1995,49.6559858462748,49.6559858462748,PARSED,WDIEXCEL.xlsx!Data!R216321C40
WDI_2018_04_18,,3fd132cf8dc3ca5a96e9205ff4e47288b1abbd673662d57e0bff5de36ce1b2b7,IRN,"Iran, Islamic Rep.",FP.CPI.TOTL.ZG,"Inflation, consumer prices (annual %)",annual_year_columns_in_wdi_data_sheet,,1996,28.9373440168133,28.9373440168133,PARSED,WDIEXCEL.xlsx!Data!R216321C41
WDI_2018_04_18,,3fd132cf8dc3ca5a96e9205ff4e47288b1abbd673662d57e0bff5de36ce1b2b7,IRN,"Iran, Islamic Rep.",FP.CPI.TOTL.ZG,"Inflation, consumer prices (annual %)",annual_year_columns_in_wdi_data_sheet,,1997,17.3492257538712,17.3492257538712,PARSED,WDIEXCEL.xlsx!Data!R216321C42
WDI_2018_04_18,,3fd132cf8dc3ca5a96e9205ff4e47288b1abbd673662d57e0bff5de36ce1b2b7,IRN,"Iran, Islamic Rep.",FP.CPI.TOTL.ZG,"Inflation, consumer prices (annual %)",annual_year_columns_in_wdi_data_sheet,,1998,17.8661342130398,17.8661342130398,PARSED,WDIEXCEL.xlsx!Data!R216321C43
WDI_2018_04_18,,3fd132cf8dc3ca5a96e9205ff4e47288b1abbd673662d57e0bff5de36ce1b2b7,IRN,"Iran, Islamic Rep.",FP.CPI.TOTL.ZG,"Inflation, consumer prices (annual %)",annual_year_columns_in_wdi_data_sheet,,1999,20.0707078146862,20.0707078146862,PARSED,WDIEXCEL.xlsx!Data!R216321C44
WDI_2018_04_18,,3fd132cf8dc3ca5a96e9205ff4e47288b1abbd673662d57e0bff5de36ce1b2b7,IRN,"Iran, Islamic Rep.",FP.CPI.TOTL.ZG,"Inflation, consumer prices (annual %)",annual_year_columns_in_wdi_data_sheet,,2000,14.4767513188568,14.4767513188568,PARSED,WDIEXCEL.xlsx!Data!R216321C45
WDI_2018_04_18,,3fd132cf8dc3ca5a96e9205ff4e47288b1abbd673662d57e0bff5de36ce1b2b7,IRN,"Iran, Islamic Rep.",FP.CPI.TOTL.ZG,"Inflation, consumer prices (annual %)",annual_year_columns_in_wdi_data_sheet,,2001,11.2742471332116,11.2742471332116,PARSED,WDIEXCEL.xlsx!Data!R216321C46
WDI_2018_04_18,,3fd132cf8dc3ca5a96e9205ff4e47288b1abbd673662d57e0bff5de36ce1b2b7,IRN,"Iran, Islamic Rep.",FP.CPI.TOTL.ZG,"Inflation, consumer prices (annual %)",annual_year_columns_in_wdi_data_sheet,,2002,14.3359337378405,14.3359337378405,PARSED,WDIEXCEL.xlsx!Data!R216321C47
WDI_2018_04_18,,3fd132cf8dc3ca5a96e9205ff4e47288b1abbd673662d57e0bff5de36ce1b2b7,IRN,"Iran, Islamic Rep.",FP.CPI.TOTL.ZG,"Inflation, consumer prices (annual %)",annual_year_columns_in_wdi_data_sheet,,2003,16.468011624479,16.468011624479,PARSED,WDIEXCEL.xlsx!Data!R216321C48
WDI_2018_04_18,,3fd132cf8dc3ca5a96e9205ff4e47288b1abbd673662d57e0bff5de36ce1b2b7,IRN,"Iran, Islamic Rep.",FP.CPI.TOTL.ZG,"Inflation, consumer prices (annual %)",annual_year_columns_in_wdi_data_sheet,,2004,14.7615086970672,14.7615086970672,PARSED,WDIEXCEL.xlsx!Data!R216321C49
WDI_2018_04_18,,3fd132cf8dc3ca5a96e9205ff4e47288b1abbd673662d57e0bff5de36ce1b2b7,IRN,"Iran, Islamic Rep.",FP.CPI.TOTL.ZG,"Inflation, consumer prices (annual %)",annual_year_columns_in_wdi_data_sheet,,2005,13.433118008508,13.433118008508,PARSED,WDIEXCEL.xlsx!Data!R216321C50
WDI_2018_04_18,,3fd132cf8dc3ca5a96e9205ff4e47288b1abbd673662d57e0bff5de36ce1b2b7,IRN,"Iran, Islamic Rep.",FP.CPI.TOTL.ZG,"Inflation, consumer prices (annual %)",annual_year_columns_in_wdi_data_sheet,,2006,11.9395521973443,11.9395521973443,PARSED,WDIEXCEL.xlsx!Data!R216321C51
WDI_2018_04_18,,3fd132cf8dc3ca5a96e9205ff4e47288b1abbd673662d57e0bff5de36ce1b2b7,IRN,"Iran, Islamic Rep.",FP.CPI.TOTL.ZG,"Inflation, consumer prices (annual %)",annual_year_columns_in_wdi_data_sheet,,2007,17.2130463525814,17.2130463525814,PARSED,WDIEXCEL.xlsx!Data!R216321C52
WDI_2018_04_18,,3fd132cf8dc3ca5a96e9205ff4e47288b1abbd673662d57e0bff5de36ce1b2b7,IRN,"Iran, Islamic Rep.",FP.CPI.TOTL.ZG,"Inflation, consumer prices (annual %)",annual_year_columns_in_wdi_data_sheet,,2008,25.5498446091322,25.5498446091322,PARSED,WDIEXCEL.xlsx!Data!R216321C53
WDI_2018_04_18,,3fd132cf8dc3ca5a96e9205ff4e47288b1abbd673662d57e0bff5de36ce1b2b7,IRN,"Iran, Islamic Rep.",FP.CPI.TOTL.ZG,"Inflation, consumer prices (annual %)",annual_year_columns_in_wdi_data_sheet,,2009,13.5002618174896,13.5002618174896,PARSED,WDIEXCEL.xlsx!Data!R216321C54
WDI_2018_04_18,,3fd132cf8dc3ca5a96e9205ff4e47288b1abbd673662d57e0bff5de36ce1b2b7,IRN,"Iran, Islamic Rep.",FP.CPI.TOTL.ZG,"Inflation, consumer prices (annual %)",annual_year_columns_in_wdi_data_sheet,,2010,10.1371471710771,10.1371471710771,PARSED,WDIEXCEL.xlsx!Data!R216321C55
WDI_2018_04_18,,3fd132cf8dc3ca5a96e9205ff4e47288b1abbd673662d57e0bff5de36ce1b2b7,IRN,"Iran, Islamic Rep.",FP.CPI.TOTL.ZG,"Inflation, consumer prices (annual %)",annual_year_columns_in_wdi_data_sheet,,2011,20.6283320639758,20.6283320639758,PARSED,WDIEXCEL.xlsx!Data!R216321C56
WDI_2018_04_18,,3fd132cf8dc3ca5a96e9205ff4e47288b1abbd673662d57e0bff5de36ce1b2b7,IRN,"Iran, Islamic Rep.",FP.CPI.TOTL.ZG,"Inflation, consumer prices (annual %)",annual_year_columns_in_wdi_data_sheet,,2012,27.3573886416009,27.3573886416009,PARSED,WDIEXCEL.xlsx!Data!R216321C57
WDI_2018_04_18,,3fd132cf8dc3ca5a96e9205ff4e47288b1abbd673662d57e0bff5de36ce1b2b7,IRN,"Iran, Islamic Rep.",FP.CPI.TOTL.ZG,"Inflation, consumer prices (annual %)",annual_year_columns_in_wdi_data_sheet,,2013,39.2663609837432,39.2663609837432,PARSED,WDIEXCEL.xlsx!Data!R216321C58
WDI_2018_04_18,,3fd132cf8dc3ca5a96e9205ff4e47288b1abbd673662d57e0bff5de36ce1b2b7,IRN,"Iran, Islamic Rep.",FP.CPI.TOTL.ZG,"Inflation, consumer prices (annual %)",annual_year_columns_in_wdi_data_sheet,,2014,17.2353586750476,17.2353586750476,PARSED,WDIEXCEL.xlsx!Data!R216321C59
WDI_2018_04_18,,3fd132cf8dc3ca5a96e9205ff4e47288b1abbd673662d57e0bff5de36ce1b2b7,IRN,"Iran, Islamic Rep.",FP.CPI.TOTL.ZG,"Inflation, consumer prices (annual %)",annual_year_columns_in_wdi_data_sheet,,2015,13.7057997532016,13.7057997532016,PARSED,WDIEXCEL.xlsx!Data!R216321C60
WDI_2018_04_18,,3fd132cf8dc3ca5a96e9205ff4e47288b1abbd673662d57e0bff5de36ce1b2b7,IRN,"Iran, Islamic Rep.",FP.CPI.TOTL.ZG,"Inflation, consumer prices (annual %)",annual_year_columns_in_wdi_data_sheet,,2016,8.56971783549148,8.56971783549148,PARSED,WDIEXCEL.xlsx!Data!R216321C61
WDI_2018_04_18,,3fd132cf8dc3ca5a96e9205ff4e47288b1abbd673662d57e0bff5de36ce1b2b7,IRN,"Iran, Islamic Rep.",FP.CPI.TOTL.ZG,"Inflation, consumer prices (annual %)",annual_year_columns_in_wdi_data_sheet,,2017,,,MISSING,WDIEXCEL.xlsx!Data!R216321C62
WDI_2018_04_18,,3fd132cf8dc3ca5a96e9205ff4e47288b1abbd673662d57e0bff5de36ce1b2b7,IRN,"Iran, Islamic Rep.",PA.NUS.FCRF,"Official exchange rate (LCU per US$, period average)",annual_year_columns_in_wdi_data_sheet,,1960,75.75000007575,75.75000007575,PARSED,WDIEXCEL.xlsx!Data!R216637C5
WDI_2018_04_18,,3fd132cf8dc3ca5a96e9205ff4e47288b1abbd673662d57e0bff5de36ce1b2b7,IRN,"Iran, Islamic Rep.",PA.NUS.FCRF,"Official exchange rate (LCU per US$, period average)",annual_year_columns_in_wdi_data_sheet,,1961,75.75000007575,75.75000007575,PARSED,WDIEXCEL.xlsx!Data!R216637C6
WDI_2018_04_18,,3fd132cf8dc3ca5a96e9205ff4e47288b1abbd673662d57e0bff5de36ce1b2b7,IRN,"Iran, Islamic Rep.",PA.NUS.FCRF,"Official exchange rate (LCU per US$, period average)",annual_year_columns_in_wdi_data_sheet,,1962,75.75000007575,75.75000007575,PARSED,WDIEXCEL.xlsx!Data!R216637C7
WDI_2018_04_18,,3fd132cf8dc3ca5a96e9205ff4e47288b1abbd673662d57e0bff5de36ce1b2b7,IRN,"Iran, Islamic Rep.",PA.NUS.FCRF,"Official exchange rate (LCU per US$, period average)",annual_year_columns_in_wdi_data_sheet,,1963,75.75000007575,75.75000007575,PARSED,WDIEXCEL.xlsx!Data!R216637C8
WDI_2018_04_18,,3fd132cf8dc3ca5a96e9205ff4e47288b1abbd673662d57e0bff5de36ce1b2b7,IRN,"Iran, Islamic Rep.",PA.NUS.FCRF,"Official exchange rate (LCU per US$, period average)",annual_year_columns_in_wdi_data_sheet,,1964,75.75000007575,75.75000007575,PARSED,WDIEXCEL.xlsx!Data!R216637C9
WDI_2018_04_18,,3fd132cf8dc3ca5a96e9205ff4e47288b1abbd673662d57e0bff5de36ce1b2b7,IRN,"Iran, Islamic Rep.",PA.NUS.FCRF,"Official exchange rate (LCU per US$, period average)",annual_year_columns_in_wdi_data_sheet,,1965,75.75000007575,75.75000007575,PARSED,WDIEXCEL.xlsx!Data!R216637C10
WDI_2018_04_18,,3fd132cf8dc3ca5a96e9205ff4e47288b1abbd673662d57e0bff5de36ce1b2b7,IRN,"Iran, Islamic Rep.",PA.NUS.FCRF,"Official exchange rate (LCU per US$, period average)",annual_year_columns_in_wdi_data_sheet,,1966,75.75000007575,75.75000007575,PARSED,WDIEXCEL.xlsx!Data!R216637C11
WDI_2018_04_18,,3fd132cf8dc3ca5a96e9205ff4e47288b1abbd673662d57e0bff5de36ce1b2b7,IRN,"Iran, Islamic Rep.",PA.NUS.FCRF,"Official exchange rate (LCU per US$, period average)",annual_year_columns_in_wdi_data_sheet,,1967,75.75000007575,75.75000007575,PARSED,WDIEXCEL.xlsx!Data!R216637C12
WDI_2018_04_18,,3fd132cf8dc3ca5a96e9205ff4e47288b1abbd673662d57e0bff5de36ce1b2b7,IRN,"Iran, Islamic Rep.",PA.NUS.FCRF,"Official exchange rate (LCU per US$, period average)",annual_year_columns_in_wdi_data_sheet,,1968,75.75000007575,75.75000007575,PARSED,WDIEXCEL.xlsx!Data!R216637C13
WDI_2018_04_18,,3fd132cf8dc3ca5a96e9205ff4e47288b1abbd673662d57e0bff5de36ce1b2b7,IRN,"Iran, Islamic Rep.",PA.NUS.FCRF,"Official exchange rate (LCU per US$, period average)",annual_year_columns_in_wdi_data_sheet,,1969,75.75000007575,75.75000007575,PARSED,WDIEXCEL.xlsx!Data!R216637C14
WDI_2018_04_18,,3fd132cf8dc3ca5a96e9205ff4e47288b1abbd673662d57e0bff5de36ce1b2b7,IRN,"Iran, Islamic Rep.",PA.NUS.FCRF,"Official exchange rate (LCU per US$, period average)",annual_year_columns_in_wdi_data_sheet,,1970,75.75000007575,75.75000007575,PARSED,WDIEXCEL.xlsx!Data!R216637C15
WDI_2018_04_18,,3fd132cf8dc3ca5a96e9205ff4e47288b1abbd673662d57e0bff5de36ce1b2b7,IRN,"Iran, Islamic Rep.",PA.NUS.FCRF,"Official exchange rate (LCU per US$, period average)",annual_year_columns_in_wdi_data_sheet,,1971,75.7500000694375,75.7500000694375,PARSED,WDIEXCEL.xlsx!Data!R216637C16
WDI_2018_04_18,,3fd132cf8dc3ca5a96e9205ff4e47288b1abbd673662d57e0bff5de36ce1b2b7,IRN,"Iran, Islamic Rep.",PA.NUS.FCRF,"Official exchange rate (LCU per US$, period average)",annual_year_columns_in_wdi_data_sheet,,1972,75.7499701345202,75.7499701345202,PARSED,WDIEXCEL.xlsx!Data!R216637C17
WDI_2018_04_18,,3fd132cf8dc3ca5a96e9205ff4e47288b1abbd673662d57e0bff5de36ce1b2b7,IRN,"Iran, Islamic Rep.",PA.NUS.FCRF,"Official exchange rate (LCU per US$, period average)",annual_year_columns_in_wdi_data_sheet,,1973,68.8860419482585,68.8860419482585,PARSED,WDIEXCEL.xlsx!Data!R216637C18
WDI_2018_04_18,,3fd132cf8dc3ca5a96e9205ff4e47288b1abbd673662d57e0bff5de36ce1b2b7,IRN,"Iran, Islamic Rep.",PA.NUS.FCRF,"Official exchange rate (LCU per US$, period average)",annual_year_columns_in_wdi_data_sheet,,1974,67.641342246617,67.641342246617,PARSED,WDIEXCEL.xlsx!Data!R216637C19
WDI_2018_04_18,,3fd132cf8dc3ca5a96e9205ff4e47288b1abbd673662d57e0bff5de36ce1b2b7,IRN,"Iran, Islamic Rep.",PA.NUS.FCRF,"Official exchange rate (LCU per US$, period average)",annual_year_columns_in_wdi_data_sheet,,1975,67.6549455324406,67.6549455324406,PARSED,WDIEXCEL.xlsx!Data!R216637C20
WDI_2018_04_18,,3fd132cf8dc3ca5a96e9205ff4e47288b1abbd673662d57e0bff5de36ce1b2b7,IRN,"Iran, Islamic Rep.",PA.NUS.FCRF,"Official exchange rate (LCU per US$, period average)",annual_year_columns_in_wdi_data_sheet,,1976,70.2390698610516,70.2390698610516,PARSED,WDIEXCEL.xlsx!Data!R216637C21
WDI_2018_04_18,,3fd132cf8dc3ca5a96e9205ff4e47288b1abbd673662d57e0bff5de36ce1b2b7,IRN,"Iran, Islamic Rep.",PA.NUS.FCRF,"Official exchange rate (LCU per US$, period average)",annual_year_columns_in_wdi_data_sheet,,1977,70.6337318788855,70.6337318788855,PARSED,WDIEXCEL.xlsx!Data!R216637C22
WDI_2018_04_18,,3fd132cf8dc3ca5a96e9205ff4e47288b1abbd673662d57e0bff5de36ce1b2b7,IRN,"Iran, Islamic Rep.",PA.NUS.FCRF,"Official exchange rate (LCU per US$, period average)",annual_year_columns_in_wdi_data_sheet,,1978,70.4920309761581,70.4920309761581,PARSED,WDIEXCEL.xlsx!Data!R216637C23
WDI_2018_04_18,,3fd132cf8dc3ca5a96e9205ff4e47288b1abbd673662d57e0bff5de36ce1b2b7,IRN,"Iran, Islamic Rep.",PA.NUS.FCRF,"Official exchange rate (LCU per US$, period average)",annual_year_columns_in_wdi_data_sheet,,1979,70.4920309761581,70.4920309761581,PARSED,WDIEXCEL.xlsx!Data!R216637C24
WDI_2018_04_18,,3fd132cf8dc3ca5a96e9205ff4e47288b1abbd673662d57e0bff5de36ce1b2b7,IRN,"Iran, Islamic Rep.",PA.NUS.FCRF,"Official exchange rate (LCU per US$, period average)",annual_year_columns_in_wdi_data_sheet,,1980,70.631848089676,70.631848089676,PARSED,WDIEXCEL.xlsx!Data!R216637C25
WDI_2018_04_18,,3fd132cf8dc3ca5a96e9205ff4e47288b1abbd673662d57e0bff5de36ce1b2b7,IRN,"Iran, Islamic Rep.",PA.NUS.FCRF,"Official exchange rate (LCU per US$, period average)",annual_year_columns_in_wdi_data_sheet,,1981,78.3468453777361,78.3468453777361,PARSED,WDIEXCEL.xlsx!Data!R216637C26
WDI_2018_04_18,,3fd132cf8dc3ca5a96e9205ff4e47288b1abbd673662d57e0bff5de36ce1b2b7,IRN,"Iran, Islamic Rep.",PA.NUS.FCRF,"Official exchange rate (LCU per US$, period average)",annual_year_columns_in_wdi_data_sheet,,1982,83.6226700245569,83.6226700245569,PARSED,WDIEXCEL.xlsx!Data!R216637C27
WDI_2018_04_18,,3fd132cf8dc3ca5a96e9205ff4e47288b1abbd673662d57e0bff5de36ce1b2b7,IRN,"Iran, Islamic Rep.",PA.NUS.FCRF,"Official exchange rate (LCU per US$, period average)",annual_year_columns_in_wdi_data_sheet,,1983,86.3787358940775,86.3787358940775,PARSED,WDIEXCEL.xlsx!Data!R216637C28
WDI_2018_04_18,,3fd132cf8dc3ca5a96e9205ff4e47288b1abbd673662d57e0bff5de36ce1b2b7,IRN,"Iran, Islamic Rep.",PA.NUS.FCRF,"Official exchange rate (LCU per US$, period average)",annual_year_columns_in_wdi_data_sheet,,1984,90.0514398915356,90.0514398915356,PARSED,WDIEXCEL.xlsx!Data!R216637C29
WDI_2018_04_18,,3fd132cf8dc3ca5a96e9205ff4e47288b1abbd673662d57e0bff5de36ce1b2b7,IRN,"Iran, Islamic Rep.",PA.NUS.FCRF,"Official exchange rate (LCU per US$, period average)",annual_year_columns_in_wdi_data_sheet,,1985,91.0735868439752,91.0735868439752,PARSED,WDIEXCEL.xlsx!Data!R216637C30
WDI_2018_04_18,,3fd132cf8dc3ca5a96e9205ff4e47288b1abbd673662d57e0bff5de36ce1b2b7,IRN,"Iran, Islamic Rep.",PA.NUS.FCRF,"Official exchange rate (LCU per US$, period average)",annual_year_columns_in_wdi_data_sheet,,1986,78.7787830685101,78.7787830685101,PARSED,WDIEXCEL.xlsx!Data!R216637C31
WDI_2018_04_18,,3fd132cf8dc3ca5a96e9205ff4e47288b1abbd673662d57e0bff5de36ce1b2b7,IRN,"Iran, Islamic Rep.",PA.NUS.FCRF,"Official exchange rate (LCU per US$, period average)",annual_year_columns_in_wdi_data_sheet,,1987,71.4774357190432,71.4774357190432,PARSED,WDIEXCEL.xlsx!Data!R216637C32
WDI_2018_04_18,,3fd132cf8dc3ca5a96e9205ff4e47288b1abbd673662d57e0bff5de36ce1b2b7,IRN,"Iran, Islamic Rep.",PA.NUS.FCRF,"Official exchange rate (LCU per US$, period average)",annual_year_columns_in_wdi_data_sheet,,1988,68.6997646296701,68.6997646296701,PARSED,WDIEXCEL.xlsx!Data!R216637C33
WDI_2018_04_18,,3fd132cf8dc3ca5a96e9205ff4e47288b1abbd673662d57e0bff5de36ce1b2b7,IRN,"Iran, Islamic Rep.",PA.NUS.FCRF,"Official exchange rate (LCU per US$, period average)",annual_year_columns_in_wdi_data_sheet,,1989,72.0322364263672,72.0322364263672,PARSED,WDIEXCEL.xlsx!Data!R216637C34
WDI_2018_04_18,,3fd132cf8dc3ca5a96e9205ff4e47288b1abbd673662d57e0bff5de36ce1b2b7,IRN,"Iran, Islamic Rep.",PA.NUS.FCRF,"Official exchange rate (LCU per US$, period average)",annual_year_columns_in_wdi_data_sheet,,1990,68.1123727149296,68.1123727149296,PARSED,WDIEXCEL.xlsx!Data!R216637C35
WDI_2018_04_18,,3fd132cf8dc3ca5a96e9205ff4e47288b1abbd673662d57e0bff5de36ce1b2b7,IRN,"Iran, Islamic Rep.",PA.NUS.FCRF,"Official exchange rate (LCU per US$, period average)",annual_year_columns_in_wdi_data_sheet,,1991,67.5217300147946,67.5217300147946,PARSED,WDIEXCEL.xlsx!Data!R216637C36
WDI_2018_04_18,,3fd132cf8dc3ca5a96e9205ff4e47288b1abbd673662d57e0bff5de36ce1b2b7,IRN,"Iran, Islamic Rep.",PA.NUS.FCRF,"Official exchange rate (LCU per US$, period average)",annual_year_columns_in_wdi_data_sheet,,1992,65.5678412857706,65.5678412857706,PARSED,WDIEXCEL.xlsx!Data!R216637C37
WDI_2018_04_18,,3fd132cf8dc3ca5a96e9205ff4e47288b1abbd673662d57e0bff5de36ce1b2b7,IRN,"Iran, Islamic Rep.",PA.NUS.FCRF,"Official exchange rate (LCU per US$, period average)",annual_year_columns_in_wdi_data_sheet,,1993,1268.07876133881,1268.07876133881,PARSED,WDIEXCEL.xlsx!Data!R216637C38
WDI_2018_04_18,,3fd132cf8dc3ca5a96e9205ff4e47288b1abbd673662d57e0bff5de36ce1b2b7,IRN,"Iran, Islamic Rep.",PA.NUS.FCRF,"Official exchange rate (LCU per US$, period average)",annual_year_columns_in_wdi_data_sheet,,1994,1749.17373625079,1749.17373625079,PARSED,WDIEXCEL.xlsx!Data!R216637C39
WDI_2018_04_18,,3fd132cf8dc3ca5a96e9205ff4e47288b1abbd673662d57e0bff5de36ce1b2b7,IRN,"Iran, Islamic Rep.",PA.NUS.FCRF,"Official exchange rate (LCU per US$, period average)",annual_year_columns_in_wdi_data_sheet,,1995,1748.35024562759,1748.35024562759,PARSED,WDIEXCEL.xlsx!Data!R216637C40
WDI_2018_04_18,,3fd132cf8dc3ca5a96e9205ff4e47288b1abbd673662d57e0bff5de36ce1b2b7,IRN,"Iran, Islamic Rep.",PA.NUS.FCRF,"Official exchange rate (LCU per US$, period average)",annual_year_columns_in_wdi_data_sheet,,1996,1751.18635583594,1751.18635583594,PARSED,WDIEXCEL.xlsx!Data!R216637C41
WDI_2018_04_18,,3fd132cf8dc3ca5a96e9205ff4e47288b1abbd673662d57e0bff5de36ce1b2b7,IRN,"Iran, Islamic Rep.",PA.NUS.FCRF,"Official exchange rate (LCU per US$, period average)",annual_year_columns_in_wdi_data_sheet,,1997,1753.34547748286,1753.34547748286,PARSED,WDIEXCEL.xlsx!Data!R216637C42
WDI_2018_04_18,,3fd132cf8dc3ca5a96e9205ff4e47288b1abbd673662d57e0bff5de36ce1b2b7,IRN,"Iran, Islamic Rep.",PA.NUS.FCRF,"Official exchange rate (LCU per US$, period average)",annual_year_columns_in_wdi_data_sheet,,1998,1752.28599459359,1752.28599459359,PARSED,WDIEXCEL.xlsx!Data!R216637C43
WDI_2018_04_18,,3fd132cf8dc3ca5a96e9205ff4e47288b1abbd673662d57e0bff5de36ce1b2b7,IRN,"Iran, Islamic Rep.",PA.NUS.FCRF,"Official exchange rate (LCU per US$, period average)",annual_year_columns_in_wdi_data_sheet,,1999,1753.35494977138,1753.35494977138,PARSED,WDIEXCEL.xlsx!Data!R216637C44
WDI_2018_04_18,,3fd132cf8dc3ca5a96e9205ff4e47288b1abbd673662d57e0bff5de36ce1b2b7,IRN,"Iran, Islamic Rep.",PA.NUS.FCRF,"Official exchange rate (LCU per US$, period average)",annual_year_columns_in_wdi_data_sheet,,2000,1764.85606929191,1764.85606929191,PARSED,WDIEXCEL.xlsx!Data!R216637C45
WDI_2018_04_18,,3fd132cf8dc3ca5a96e9205ff4e47288b1abbd673662d57e0bff5de36ce1b2b7,IRN,"Iran, Islamic Rep.",PA.NUS.FCRF,"Official exchange rate (LCU per US$, period average)",annual_year_columns_in_wdi_data_sheet,,2001,1753.98568465785,1753.98568465785,PARSED,WDIEXCEL.xlsx!Data!R216637C46
WDI_2018_04_18,,3fd132cf8dc3ca5a96e9205ff4e47288b1abbd673662d57e0bff5de36ce1b2b7,IRN,"Iran, Islamic Rep.",PA.NUS.FCRF,"Official exchange rate (LCU per US$, period average)",annual_year_columns_in_wdi_data_sheet,,2002,6907.03445561653,6907.03445561653,PARSED,WDIEXCEL.xlsx!Data!R216637C47
WDI_2018_04_18,,3fd132cf8dc3ca5a96e9205ff4e47288b1abbd673662d57e0bff5de36ce1b2b7,IRN,"Iran, Islamic Rep.",PA.NUS.FCRF,"Official exchange rate (LCU per US$, period average)",annual_year_columns_in_wdi_data_sheet,,2003,8193.88751916667,8193.88751916667,PARSED,WDIEXCEL.xlsx!Data!R216637C48
WDI_2018_04_18,,3fd132cf8dc3ca5a96e9205ff4e47288b1abbd673662d57e0bff5de36ce1b2b7,IRN,"Iran, Islamic Rep.",PA.NUS.FCRF,"Official exchange rate (LCU per US$, period average)",annual_year_columns_in_wdi_data_sheet,,2004,8613.98942075,8613.98942075,PARSED,WDIEXCEL.xlsx!Data!R216637C49
WDI_2018_04_18,,3fd132cf8dc3ca5a96e9205ff4e47288b1abbd673662d57e0bff5de36ce1b2b7,IRN,"Iran, Islamic Rep.",PA.NUS.FCRF,"Official exchange rate (LCU per US$, period average)",annual_year_columns_in_wdi_data_sheet,,2005,8963.95890666667,8963.95890666667,PARSED,WDIEXCEL.xlsx!Data!R216637C50
WDI_2018_04_18,,3fd132cf8dc3ca5a96e9205ff4e47288b1abbd673662d57e0bff5de36ce1b2b7,IRN,"Iran, Islamic Rep.",PA.NUS.FCRF,"Official exchange rate (LCU per US$, period average)",annual_year_columns_in_wdi_data_sheet,,2006,9170.9428775,9170.9428775,PARSED,WDIEXCEL.xlsx!Data!R216637C51
WDI_2018_04_18,,3fd132cf8dc3ca5a96e9205ff4e47288b1abbd673662d57e0bff5de36ce1b2b7,IRN,"Iran, Islamic Rep.",PA.NUS.FCRF,"Official exchange rate (LCU per US$, period average)",annual_year_columns_in_wdi_data_sheet,,2007,9281.15182833333,9281.15182833333,PARSED,WDIEXCEL.xlsx!Data!R216637C52
WDI_2018_04_18,,3fd132cf8dc3ca5a96e9205ff4e47288b1abbd673662d57e0bff5de36ce1b2b7,IRN,"Iran, Islamic Rep.",PA.NUS.FCRF,"Official exchange rate (LCU per US$, period average)",annual_year_columns_in_wdi_data_sheet,,2008,9428.52826083333,9428.52826083333,PARSED,WDIEXCEL.xlsx!Data!R216637C53
WDI_2018_04_18,,3fd132cf8dc3ca5a96e9205ff4e47288b1abbd673662d57e0bff5de36ce1b2b7,IRN,"Iran, Islamic Rep.",PA.NUS.FCRF,"Official exchange rate (LCU per US$, period average)",annual_year_columns_in_wdi_data_sheet,,2009,9864.3024562682,9864.3024562682,PARSED,WDIEXCEL.xlsx!Data!R216637C54
WDI_2018_04_18,,3fd132cf8dc3ca5a96e9205ff4e47288b1abbd673662d57e0bff5de36ce1b2b7,IRN,"Iran, Islamic Rep.",PA.NUS.FCRF,"Official exchange rate (LCU per US$, period average)",annual_year_columns_in_wdi_data_sheet,,2010,10254.176470289,10254.176470289,PARSED,WDIEXCEL.xlsx!Data!R216637C55
WDI_2018_04_18,,3fd132cf8dc3ca5a96e9205ff4e47288b1abbd673662d57e0bff5de36ce1b2b7,IRN,"Iran, Islamic Rep.",PA.NUS.FCRF,"Official exchange rate (LCU per US$, period average)",annual_year_columns_in_wdi_data_sheet,,2011,10616.3066439076,10616.3066439076,PARSED,WDIEXCEL.xlsx!Data!R216637C56
WDI_2018_04_18,,3fd132cf8dc3ca5a96e9205ff4e47288b1abbd673662d57e0bff5de36ce1b2b7,IRN,"Iran, Islamic Rep.",PA.NUS.FCRF,"Official exchange rate (LCU per US$, period average)",annual_year_columns_in_wdi_data_sheet,,2012,12175.5472222222,12175.5472222222,PARSED,WDIEXCEL.xlsx!Data!R216637C57
WDI_2018_04_18,,3fd132cf8dc3ca5a96e9205ff4e47288b1abbd673662d57e0bff5de36ce1b2b7,IRN,"Iran, Islamic Rep.",PA.NUS.FCRF,"Official exchange rate (LCU per US$, period average)",annual_year_columns_in_wdi_data_sheet,,2013,18414.4480100374,18414.4480100374,PARSED,WDIEXCEL.xlsx!Data!R216637C58
WDI_2018_04_18,,3fd132cf8dc3ca5a96e9205ff4e47288b1abbd673662d57e0bff5de36ce1b2b7,IRN,"Iran, Islamic Rep.",PA.NUS.FCRF,"Official exchange rate (LCU per US$, period average)",annual_year_columns_in_wdi_data_sheet,,2014,25941.6641445972,25941.6641445972,PARSED,WDIEXCEL.xlsx!Data!R216637C59
WDI_2018_04_18,,3fd132cf8dc3ca5a96e9205ff4e47288b1abbd673662d57e0bff5de36ce1b2b7,IRN,"Iran, Islamic Rep.",PA.NUS.FCRF,"Official exchange rate (LCU per US$, period average)",annual_year_columns_in_wdi_data_sheet,,2015,29011.491377053,29011.491377053,PARSED,WDIEXCEL.xlsx!Data!R216637C60
WDI_2018_04_18,,3fd132cf8dc3ca5a96e9205ff4e47288b1abbd673662d57e0bff5de36ce1b2b7,IRN,"Iran, Islamic Rep.",PA.NUS.FCRF,"Official exchange rate (LCU per US$, period average)",annual_year_columns_in_wdi_data_sheet,,2016,30914.8524362967,30914.8524362967,PARSED,WDIEXCEL.xlsx!Data!R216637C61
WDI_2018_04_18,,3fd132cf8dc3ca5a96e9205ff4e47288b1abbd673662d57e0bff5de36ce1b2b7,IRN,"Iran, Islamic Rep.",PA.NUS.FCRF,"Official exchange rate (LCU per US$, period average)",annual_year_columns_in_wdi_data_sheet,,2017,,,MISSING,WDIEXCEL.xlsx!Data!R216637C62
WDI_2018_05_21,,7fd181a477eeb88f952cd8f653ffe676a0097e70b6abe8088511745cf69c9df0,IRN,"Iran, Islamic Rep.",FP.CPI.TOTL.ZG,"Inflation, consumer prices (annual %)",annual_year_columns_in_wdi_data_sheet,,1960,9.822410813,9.822410813,PARSED,WDIEXCEL.xlsx!Data!R218652C5
WDI_2018_05_21,,7fd181a477eeb88f952cd8f653ffe676a0097e70b6abe8088511745cf69c9df0,IRN,"Iran, Islamic Rep.",FP.CPI.TOTL.ZG,"Inflation, consumer prices (annual %)",annual_year_columns_in_wdi_data_sheet,,1961,3.162564396,3.162564396,PARSED,WDIEXCEL.xlsx!Data!R218652C6
WDI_2018_05_21,,7fd181a477eeb88f952cd8f653ffe676a0097e70b6abe8088511745cf69c9df0,IRN,"Iran, Islamic Rep.",FP.CPI.TOTL.ZG,"Inflation, consumer prices (annual %)",annual_year_columns_in_wdi_data_sheet,,1962,0.721320572,0.721320572,PARSED,WDIEXCEL.xlsx!Data!R218652C7
WDI_2018_05_21,,7fd181a477eeb88f952cd8f653ffe676a0097e70b6abe8088511745cf69c9df0,IRN,"Iran, Islamic Rep.",FP.CPI.TOTL.ZG,"Inflation, consumer prices (annual %)",annual_year_columns_in_wdi_data_sheet,,1963,0.371849607,0.371849607,PARSED,WDIEXCEL.xlsx!Data!R218652C8
WDI_2018_05_21,,7fd181a477eeb88f952cd8f653ffe676a0097e70b6abe8088511745cf69c9df0,IRN,"Iran, Islamic Rep.",FP.CPI.TOTL.ZG,"Inflation, consumer prices (annual %)",annual_year_columns_in_wdi_data_sheet,,1964,3.814489572,3.814489572,PARSED,WDIEXCEL.xlsx!Data!R218652C9
WDI_2018_05_21,,7fd181a477eeb88f952cd8f653ffe676a0097e70b6abe8088511745cf69c9df0,IRN,"Iran, Islamic Rep.",FP.CPI.TOTL.ZG,"Inflation, consumer prices (annual %)",annual_year_columns_in_wdi_data_sheet,,1965,2.154374835,2.154374835,PARSED,WDIEXCEL.xlsx!Data!R218652C10
WDI_2018_05_21,,7fd181a477eeb88f952cd8f653ffe676a0097e70b6abe8088511745cf69c9df0,IRN,"Iran, Islamic Rep.",FP.CPI.TOTL.ZG,"Inflation, consumer prices (annual %)",annual_year_columns_in_wdi_data_sheet,,1966,-0.388148532,-0.388148532,PARSED,WDIEXCEL.xlsx!Data!R218652C11
WDI_2018_05_21,,7fd181a477eeb88f952cd8f653ffe676a0097e70b6abe8088511745cf69c9df0,IRN,"Iran, Islamic Rep.",FP.CPI.TOTL.ZG,"Inflation, consumer prices (annual %)",annual_year_columns_in_wdi_data_sheet,,1967,1.59761008,1.59761008,PARSED,WDIEXCEL.xlsx!Data!R218652C12
WDI_2018_05_21,,7fd181a477eeb88f952cd8f653ffe676a0097e70b6abe8088511745cf69c9df0,IRN,"Iran, Islamic Rep.",FP.CPI.TOTL.ZG,"Inflation, consumer prices (annual %)",annual_year_columns_in_wdi_data_sheet,,1968,0.690360522,0.690360522,PARSED,WDIEXCEL.xlsx!Data!R218652C13
WDI_2018_05_21,,7fd181a477eeb88f952cd8f653ffe676a0097e70b6abe8088511745cf69c9df0,IRN,"Iran, Islamic Rep.",FP.CPI.TOTL.ZG,"Inflation, consumer prices (annual %)",annual_year_columns_in_wdi_data_sheet,,1969,3.593194516,3.593194516,PARSED,WDIEXCEL.xlsx!Data!R218652C14
WDI_2018_05_21,,7fd181a477eeb88f952cd8f653ffe676a0097e70b6abe8088511745cf69c9df0,IRN,"Iran, Islamic Rep.",FP.CPI.TOTL.ZG,"Inflation, consumer prices (annual %)",annual_year_columns_in_wdi_data_sheet,,1970,1.66687094,1.66687094,PARSED,WDIEXCEL.xlsx!Data!R218652C15
WDI_2018_05_21,,7fd181a477eeb88f952cd8f653ffe676a0097e70b6abe8088511745cf69c9df0,IRN,"Iran, Islamic Rep.",FP.CPI.TOTL.ZG,"Inflation, consumer prices (annual %)",annual_year_columns_in_wdi_data_sheet,,1971,4.195298373,4.195298373,PARSED,WDIEXCEL.xlsx!Data!R218652C16
WDI_2018_05_21,,7fd181a477eeb88f952cd8f653ffe676a0097e70b6abe8088511745cf69c9df0,IRN,"Iran, Islamic Rep.",FP.CPI.TOTL.ZG,"Inflation, consumer prices (annual %)",annual_year_columns_in_wdi_data_sheet,,1972,6.398241351,6.398241351,PARSED,WDIEXCEL.xlsx!Data!R218652C17
WDI_2018_05_21,,7fd181a477eeb88f952cd8f653ffe676a0097e70b6abe8088511745cf69c9df0,IRN,"Iran, Islamic Rep.",FP.CPI.TOTL.ZG,"Inflation, consumer prices (annual %)",annual_year_columns_in_wdi_data_sheet,,1973,9.819486733,9.819486733,PARSED,WDIEXCEL.xlsx!Data!R218652C18
WDI_2018_05_21,,7fd181a477eeb88f952cd8f653ffe676a0097e70b6abe8088511745cf69c9df0,IRN,"Iran, Islamic Rep.",FP.CPI.TOTL.ZG,"Inflation, consumer prices (annual %)",annual_year_columns_in_wdi_data_sheet,,1974,14.24893554,14.24893554,PARSED,WDIEXCEL.xlsx!Data!R218652C19
WDI_2018_05_21,,7fd181a477eeb88f952cd8f653ffe676a0097e70b6abe8088511745cf69c9df0,IRN,"Iran, Islamic Rep.",FP.CPI.TOTL.ZG,"Inflation, consumer prices (annual %)",annual_year_columns_in_wdi_data_sheet,,1975,12.87918183,12.87918183,PARSED,WDIEXCEL.xlsx!Data!R218652C20
WDI_2018_05_21,,7fd181a477eeb88f952cd8f653ffe676a0097e70b6abe8088511745cf69c9df0,IRN,"Iran, Islamic Rep.",FP.CPI.TOTL.ZG,"Inflation, consumer prices (annual %)",annual_year_columns_in_wdi_data_sheet,,1976,11.25614251,11.25614251,PARSED,WDIEXCEL.xlsx!Data!R218652C21
WDI_2018_05_21,,7fd181a477eeb88f952cd8f653ffe676a0097e70b6abe8088511745cf69c9df0,IRN,"Iran, Islamic Rep.",FP.CPI.TOTL.ZG,"Inflation, consumer prices (annual %)",annual_year_columns_in_wdi_data_sheet,,1977,27.28778468,27.28778468,PARSED,WDIEXCEL.xlsx!Data!R218652C22
WDI_2018_05_21,,7fd181a477eeb88f952cd8f653ffe676a0097e70b6abe8088511745cf69c9df0,IRN,"Iran, Islamic Rep.",FP.CPI.TOTL.ZG,"Inflation, consumer prices (annual %)",annual_year_columns_in_wdi_data_sheet,,1978,11.7219692,11.7219692,PARSED,WDIEXCEL.xlsx!Data!R218652C23
WDI_2018_05_21,,7fd181a477eeb88f952cd8f653ffe676a0097e70b6abe8088511745cf69c9df0,IRN,"Iran, Islamic Rep.",FP.CPI.TOTL.ZG,"Inflation, consumer prices (annual %)",annual_year_columns_in_wdi_data_sheet,,1979,10.48723673,10.48723673,PARSED,WDIEXCEL.xlsx!Data!R218652C24
WDI_2018_05_21,,7fd181a477eeb88f952cd8f653ffe676a0097e70b6abe8088511745cf69c9df0,IRN,"Iran, Islamic Rep.",FP.CPI.TOTL.ZG,"Inflation, consumer prices (annual %)",annual_year_columns_in_wdi_data_sheet,,1980,20.64391444,20.64391444,PARSED,WDIEXCEL.xlsx!Data!R218652C25
WDI_2018_05_21,,7fd181a477eeb88f952cd8f653ffe676a0097e70b6abe8088511745cf69c9df0,IRN,"Iran, Islamic Rep.",FP.CPI.TOTL.ZG,"Inflation, consumer prices (annual %)",annual_year_columns_in_wdi_data_sheet,,1981,24.20358976,24.20358976,PARSED,WDIEXCEL.xlsx!Data!R218652C26
WDI_2018_05_21,,7fd181a477eeb88f952cd8f653ffe676a0097e70b6abe8088511745cf69c9df0,IRN,"Iran, Islamic Rep.",FP.CPI.TOTL.ZG,"Inflation, consumer prices (annual %)",annual_year_columns_in_wdi_data_sheet,,1982,18.68972593,18.68972593,PARSED,WDIEXCEL.xlsx!Data!R218652C27
WDI_2018_05_21,,7fd181a477eeb88f952cd8f653ffe676a0097e70b6abe8088511745cf69c9df0,IRN,"Iran, Islamic Rep.",FP.CPI.TOTL.ZG,"Inflation, consumer prices (annual %)",annual_year_columns_in_wdi_data_sheet,,1983,19.74018918,19.74018918,PARSED,WDIEXCEL.xlsx!Data!R218652C28
WDI_2018_05_21,,7fd181a477eeb88f952cd8f653ffe676a0097e70b6abe8088511745cf69c9df0,IRN,"Iran, Islamic Rep.",FP.CPI.TOTL.ZG,"Inflation, consumer prices (annual %)",annual_year_columns_in_wdi_data_sheet,,1984,12.54021945,12.54021945,PARSED,WDIEXCEL.xlsx!Data!R218652C29
WDI_2018_05_21,,7fd181a477eeb88f952cd8f653ffe676a0097e70b6abe8088511745cf69c9df0,IRN,"Iran, Islamic Rep.",FP.CPI.TOTL.ZG,"Inflation, consumer prices (annual %)",annual_year_columns_in_wdi_data_sheet,,1985,4.389340957,4.389340957,PARSED,WDIEXCEL.xlsx!Data!R218652C30
WDI_2018_05_21,,7fd181a477eeb88f952cd8f653ffe676a0097e70b6abe8088511745cf69c9df0,IRN,"Iran, Islamic Rep.",FP.CPI.TOTL.ZG,"Inflation, consumer prices (annual %)",annual_year_columns_in_wdi_data_sheet,,1986,18.42900302,18.42900302,PARSED,WDIEXCEL.xlsx!Data!R218652C31
WDI_2018_05_21,,7fd181a477eeb88f952cd8f653ffe676a0097e70b6abe8088511745cf69c9df0,IRN,"Iran, Islamic Rep.",FP.CPI.TOTL.ZG,"Inflation, consumer prices (annual %)",annual_year_columns_in_wdi_data_sheet,,1987,28.57142857,28.57142857,PARSED,WDIEXCEL.xlsx!Data!R218652C32
WDI_2018_05_21,,7fd181a477eeb88f952cd8f653ffe676a0097e70b6abe8088511745cf69c9df0,IRN,"Iran, Islamic Rep.",FP.CPI.TOTL.ZG,"Inflation, consumer prices (annual %)",annual_year_columns_in_wdi_data_sheet,,1988,28.67063492,28.67063492,PARSED,WDIEXCEL.xlsx!Data!R218652C33
WDI_2018_05_21,,7fd181a477eeb88f952cd8f653ffe676a0097e70b6abe8088511745cf69c9df0,IRN,"Iran, Islamic Rep.",FP.CPI.TOTL.ZG,"Inflation, consumer prices (annual %)",annual_year_columns_in_wdi_data_sheet,,1989,22.34965305,22.34965305,PARSED,WDIEXCEL.xlsx!Data!R218652C34
WDI_2018_05_21,,7fd181a477eeb88f952cd8f653ffe676a0097e70b6abe8088511745cf69c9df0,IRN,"Iran, Islamic Rep.",FP.CPI.TOTL.ZG,"Inflation, consumer prices (annual %)",annual_year_columns_in_wdi_data_sheet,,1990,7.627674938,7.627674938,PARSED,WDIEXCEL.xlsx!Data!R218652C35
WDI_2018_05_21,,7fd181a477eeb88f952cd8f653ffe676a0097e70b6abe8088511745cf69c9df0,IRN,"Iran, Islamic Rep.",FP.CPI.TOTL.ZG,"Inflation, consumer prices (annual %)",annual_year_columns_in_wdi_data_sheet,,1991,17.12856794,17.12856794,PARSED,WDIEXCEL.xlsx!Data!R218652C36
WDI_2018_05_21,,7fd181a477eeb88f952cd8f653ffe676a0097e70b6abe8088511745cf69c9df0,IRN,"Iran, Islamic Rep.",FP.CPI.TOTL.ZG,"Inflation, consumer prices (annual %)",annual_year_columns_in_wdi_data_sheet,,1992,25.80772262,25.80772262,PARSED,WDIEXCEL.xlsx!Data!R218652C37
WDI_2018_05_21,,7fd181a477eeb88f952cd8f653ffe676a0097e70b6abe8088511745cf69c9df0,IRN,"Iran, Islamic Rep.",FP.CPI.TOTL.ZG,"Inflation, consumer prices (annual %)",annual_year_columns_in_wdi_data_sheet,,1993,21.20263075,21.20263075,PARSED,WDIEXCEL.xlsx!Data!R218652C38
WDI_2018_05_21,,7fd181a477eeb88f952cd8f653ffe676a0097e70b6abe8088511745cf69c9df0,IRN,"Iran, Islamic Rep.",FP.CPI.TOTL.ZG,"Inflation, consumer prices (annual %)",annual_year_columns_in_wdi_data_sheet,,1994,31.44702842,31.44702842,PARSED,WDIEXCEL.xlsx!Data!R218652C39
WDI_2018_05_21,,7fd181a477eeb88f952cd8f653ffe676a0097e70b6abe8088511745cf69c9df0,IRN,"Iran, Islamic Rep.",FP.CPI.TOTL.ZG,"Inflation, consumer prices (annual %)",annual_year_columns_in_wdi_data_sheet,,1995,49.65598585,49.65598585,PARSED,WDIEXCEL.xlsx!Data!R218652C40
WDI_2018_05_21,,7fd181a477eeb88f952cd8f653ffe676a0097e70b6abe8088511745cf69c9df0,IRN,"Iran, Islamic Rep.",FP.CPI.TOTL.ZG,"Inflation, consumer prices (annual %)",annual_year_columns_in_wdi_data_sheet,,1996,28.93734402,28.93734402,PARSED,WDIEXCEL.xlsx!Data!R218652C41
WDI_2018_05_21,,7fd181a477eeb88f952cd8f653ffe676a0097e70b6abe8088511745cf69c9df0,IRN,"Iran, Islamic Rep.",FP.CPI.TOTL.ZG,"Inflation, consumer prices (annual %)",annual_year_columns_in_wdi_data_sheet,,1997,17.34922575,17.34922575,PARSED,WDIEXCEL.xlsx!Data!R218652C42
WDI_2018_05_21,,7fd181a477eeb88f952cd8f653ffe676a0097e70b6abe8088511745cf69c9df0,IRN,"Iran, Islamic Rep.",FP.CPI.TOTL.ZG,"Inflation, consumer prices (annual %)",annual_year_columns_in_wdi_data_sheet,,1998,17.86613421,17.86613421,PARSED,WDIEXCEL.xlsx!Data!R218652C43
WDI_2018_05_21,,7fd181a477eeb88f952cd8f653ffe676a0097e70b6abe8088511745cf69c9df0,IRN,"Iran, Islamic Rep.",FP.CPI.TOTL.ZG,"Inflation, consumer prices (annual %)",annual_year_columns_in_wdi_data_sheet,,1999,20.07070781,20.07070781,PARSED,WDIEXCEL.xlsx!Data!R218652C44
WDI_2018_05_21,,7fd181a477eeb88f952cd8f653ffe676a0097e70b6abe8088511745cf69c9df0,IRN,"Iran, Islamic Rep.",FP.CPI.TOTL.ZG,"Inflation, consumer prices (annual %)",annual_year_columns_in_wdi_data_sheet,,2000,14.47675132,14.47675132,PARSED,WDIEXCEL.xlsx!Data!R218652C45
WDI_2018_05_21,,7fd181a477eeb88f952cd8f653ffe676a0097e70b6abe8088511745cf69c9df0,IRN,"Iran, Islamic Rep.",FP.CPI.TOTL.ZG,"Inflation, consumer prices (annual %)",annual_year_columns_in_wdi_data_sheet,,2001,11.27424713,11.27424713,PARSED,WDIEXCEL.xlsx!Data!R218652C46
WDI_2018_05_21,,7fd181a477eeb88f952cd8f653ffe676a0097e70b6abe8088511745cf69c9df0,IRN,"Iran, Islamic Rep.",FP.CPI.TOTL.ZG,"Inflation, consumer prices (annual %)",annual_year_columns_in_wdi_data_sheet,,2002,14.33593374,14.33593374,PARSED,WDIEXCEL.xlsx!Data!R218652C47
WDI_2018_05_21,,7fd181a477eeb88f952cd8f653ffe676a0097e70b6abe8088511745cf69c9df0,IRN,"Iran, Islamic Rep.",FP.CPI.TOTL.ZG,"Inflation, consumer prices (annual %)",annual_year_columns_in_wdi_data_sheet,,2003,16.46801162,16.46801162,PARSED,WDIEXCEL.xlsx!Data!R218652C48
WDI_2018_05_21,,7fd181a477eeb88f952cd8f653ffe676a0097e70b6abe8088511745cf69c9df0,IRN,"Iran, Islamic Rep.",FP.CPI.TOTL.ZG,"Inflation, consumer prices (annual %)",annual_year_columns_in_wdi_data_sheet,,2004,14.7615087,14.7615087,PARSED,WDIEXCEL.xlsx!Data!R218652C49
WDI_2018_05_21,,7fd181a477eeb88f952cd8f653ffe676a0097e70b6abe8088511745cf69c9df0,IRN,"Iran, Islamic Rep.",FP.CPI.TOTL.ZG,"Inflation, consumer prices (annual %)",annual_year_columns_in_wdi_data_sheet,,2005,13.43311801,13.43311801,PARSED,WDIEXCEL.xlsx!Data!R218652C50
WDI_2018_05_21,,7fd181a477eeb88f952cd8f653ffe676a0097e70b6abe8088511745cf69c9df0,IRN,"Iran, Islamic Rep.",FP.CPI.TOTL.ZG,"Inflation, consumer prices (annual %)",annual_year_columns_in_wdi_data_sheet,,2006,11.9395522,11.9395522,PARSED,WDIEXCEL.xlsx!Data!R218652C51
WDI_2018_05_21,,7fd181a477eeb88f952cd8f653ffe676a0097e70b6abe8088511745cf69c9df0,IRN,"Iran, Islamic Rep.",FP.CPI.TOTL.ZG,"Inflation, consumer prices (annual %)",annual_year_columns_in_wdi_data_sheet,,2007,17.21304635,17.21304635,PARSED,WDIEXCEL.xlsx!Data!R218652C52
WDI_2018_05_21,,7fd181a477eeb88f952cd8f653ffe676a0097e70b6abe8088511745cf69c9df0,IRN,"Iran, Islamic Rep.",FP.CPI.TOTL.ZG,"Inflation, consumer prices (annual %)",annual_year_columns_in_wdi_data_sheet,,2008,25.54984461,25.54984461,PARSED,WDIEXCEL.xlsx!Data!R218652C53
WDI_2018_05_21,,7fd181a477eeb88f952cd8f653ffe676a0097e70b6abe8088511745cf69c9df0,IRN,"Iran, Islamic Rep.",FP.CPI.TOTL.ZG,"Inflation, consumer prices (annual %)",annual_year_columns_in_wdi_data_sheet,,2009,13.50026182,13.50026182,PARSED,WDIEXCEL.xlsx!Data!R218652C54
WDI_2018_05_21,,7fd181a477eeb88f952cd8f653ffe676a0097e70b6abe8088511745cf69c9df0,IRN,"Iran, Islamic Rep.",FP.CPI.TOTL.ZG,"Inflation, consumer prices (annual %)",annual_year_columns_in_wdi_data_sheet,,2010,10.13714717,10.13714717,PARSED,WDIEXCEL.xlsx!Data!R218652C55
WDI_2018_05_21,,7fd181a477eeb88f952cd8f653ffe676a0097e70b6abe8088511745cf69c9df0,IRN,"Iran, Islamic Rep.",FP.CPI.TOTL.ZG,"Inflation, consumer prices (annual %)",annual_year_columns_in_wdi_data_sheet,,2011,20.62833206,20.62833206,PARSED,WDIEXCEL.xlsx!Data!R218652C56
WDI_2018_05_21,,7fd181a477eeb88f952cd8f653ffe676a0097e70b6abe8088511745cf69c9df0,IRN,"Iran, Islamic Rep.",FP.CPI.TOTL.ZG,"Inflation, consumer prices (annual %)",annual_year_columns_in_wdi_data_sheet,,2012,27.35738864,27.35738864,PARSED,WDIEXCEL.xlsx!Data!R218652C57
WDI_2018_05_21,,7fd181a477eeb88f952cd8f653ffe676a0097e70b6abe8088511745cf69c9df0,IRN,"Iran, Islamic Rep.",FP.CPI.TOTL.ZG,"Inflation, consumer prices (annual %)",annual_year_columns_in_wdi_data_sheet,,2013,39.26636098,39.26636098,PARSED,WDIEXCEL.xlsx!Data!R218652C58
WDI_2018_05_21,,7fd181a477eeb88f952cd8f653ffe676a0097e70b6abe8088511745cf69c9df0,IRN,"Iran, Islamic Rep.",FP.CPI.TOTL.ZG,"Inflation, consumer prices (annual %)",annual_year_columns_in_wdi_data_sheet,,2014,17.23535868,17.23535868,PARSED,WDIEXCEL.xlsx!Data!R218652C59
WDI_2018_05_21,,7fd181a477eeb88f952cd8f653ffe676a0097e70b6abe8088511745cf69c9df0,IRN,"Iran, Islamic Rep.",FP.CPI.TOTL.ZG,"Inflation, consumer prices (annual %)",annual_year_columns_in_wdi_data_sheet,,2015,13.70579975,13.70579975,PARSED,WDIEXCEL.xlsx!Data!R218652C60
WDI_2018_05_21,,7fd181a477eeb88f952cd8f653ffe676a0097e70b6abe8088511745cf69c9df0,IRN,"Iran, Islamic Rep.",FP.CPI.TOTL.ZG,"Inflation, consumer prices (annual %)",annual_year_columns_in_wdi_data_sheet,,2016,8.569717835,8.569717835,PARSED,WDIEXCEL.xlsx!Data!R218652C61
WDI_2018_05_21,,7fd181a477eeb88f952cd8f653ffe676a0097e70b6abe8088511745cf69c9df0,IRN,"Iran, Islamic Rep.",FP.CPI.TOTL.ZG,"Inflation, consumer prices (annual %)",annual_year_columns_in_wdi_data_sheet,,2017,,,MISSING,WDIEXCEL.xlsx!Data!R218652C62
WDI_2018_05_21,,7fd181a477eeb88f952cd8f653ffe676a0097e70b6abe8088511745cf69c9df0,IRN,"Iran, Islamic Rep.",PA.NUS.FCRF,"Official exchange rate (LCU per US$, period average)",annual_year_columns_in_wdi_data_sheet,,1960,75.75000007575,75.75000007575,PARSED,WDIEXCEL.xlsx!Data!R218971C5
WDI_2018_05_21,,7fd181a477eeb88f952cd8f653ffe676a0097e70b6abe8088511745cf69c9df0,IRN,"Iran, Islamic Rep.",PA.NUS.FCRF,"Official exchange rate (LCU per US$, period average)",annual_year_columns_in_wdi_data_sheet,,1961,75.75000007575,75.75000007575,PARSED,WDIEXCEL.xlsx!Data!R218971C6
WDI_2018_05_21,,7fd181a477eeb88f952cd8f653ffe676a0097e70b6abe8088511745cf69c9df0,IRN,"Iran, Islamic Rep.",PA.NUS.FCRF,"Official exchange rate (LCU per US$, period average)",annual_year_columns_in_wdi_data_sheet,,1962,75.75000007575,75.75000007575,PARSED,WDIEXCEL.xlsx!Data!R218971C7
WDI_2018_05_21,,7fd181a477eeb88f952cd8f653ffe676a0097e70b6abe8088511745cf69c9df0,IRN,"Iran, Islamic Rep.",PA.NUS.FCRF,"Official exchange rate (LCU per US$, period average)",annual_year_columns_in_wdi_data_sheet,,1963,75.75000007575,75.75000007575,PARSED,WDIEXCEL.xlsx!Data!R218971C8
WDI_2018_05_21,,7fd181a477eeb88f952cd8f653ffe676a0097e70b6abe8088511745cf69c9df0,IRN,"Iran, Islamic Rep.",PA.NUS.FCRF,"Official exchange rate (LCU per US$, period average)",annual_year_columns_in_wdi_data_sheet,,1964,75.75000007575,75.75000007575,PARSED,WDIEXCEL.xlsx!Data!R218971C9
WDI_2018_05_21,,7fd181a477eeb88f952cd8f653ffe676a0097e70b6abe8088511745cf69c9df0,IRN,"Iran, Islamic Rep.",PA.NUS.FCRF,"Official exchange rate (LCU per US$, period average)",annual_year_columns_in_wdi_data_sheet,,1965,75.75000007575,75.75000007575,PARSED,WDIEXCEL.xlsx!Data!R218971C10
WDI_2018_05_21,,7fd181a477eeb88f952cd8f653ffe676a0097e70b6abe8088511745cf69c9df0,IRN,"Iran, Islamic Rep.",PA.NUS.FCRF,"Official exchange rate (LCU per US$, period average)",annual_year_columns_in_wdi_data_sheet,,1966,75.75000007575,75.75000007575,PARSED,WDIEXCEL.xlsx!Data!R218971C11
WDI_2018_05_21,,7fd181a477eeb88f952cd8f653ffe676a0097e70b6abe8088511745cf69c9df0,IRN,"Iran, Islamic Rep.",PA.NUS.FCRF,"Official exchange rate (LCU per US$, period average)",annual_year_columns_in_wdi_data_sheet,,1967,75.75000007575,75.75000007575,PARSED,WDIEXCEL.xlsx!Data!R218971C12
WDI_2018_05_21,,7fd181a477eeb88f952cd8f653ffe676a0097e70b6abe8088511745cf69c9df0,IRN,"Iran, Islamic Rep.",PA.NUS.FCRF,"Official exchange rate (LCU per US$, period average)",annual_year_columns_in_wdi_data_sheet,,1968,75.75000007575,75.75000007575,PARSED,WDIEXCEL.xlsx!Data!R218971C13
WDI_2018_05_21,,7fd181a477eeb88f952cd8f653ffe676a0097e70b6abe8088511745cf69c9df0,IRN,"Iran, Islamic Rep.",PA.NUS.FCRF,"Official exchange rate (LCU per US$, period average)",annual_year_columns_in_wdi_data_sheet,,1969,75.75000007575,75.75000007575,PARSED,WDIEXCEL.xlsx!Data!R218971C14
WDI_2018_05_21,,7fd181a477eeb88f952cd8f653ffe676a0097e70b6abe8088511745cf69c9df0,IRN,"Iran, Islamic Rep.",PA.NUS.FCRF,"Official exchange rate (LCU per US$, period average)",annual_year_columns_in_wdi_data_sheet,,1970,75.75000007575,75.75000007575,PARSED,WDIEXCEL.xlsx!Data!R218971C15
WDI_2018_05_21,,7fd181a477eeb88f952cd8f653ffe676a0097e70b6abe8088511745cf69c9df0,IRN,"Iran, Islamic Rep.",PA.NUS.FCRF,"Official exchange rate (LCU per US$, period average)",annual_year_columns_in_wdi_data_sheet,,1971,75.7500000694375,75.7500000694375,PARSED,WDIEXCEL.xlsx!Data!R218971C16
WDI_2018_05_21,,7fd181a477eeb88f952cd8f653ffe676a0097e70b6abe8088511745cf69c9df0,IRN,"Iran, Islamic Rep.",PA.NUS.FCRF,"Official exchange rate (LCU per US$, period average)",annual_year_columns_in_wdi_data_sheet,,1972,75.7499701345202,75.7499701345202,PARSED,WDIEXCEL.xlsx!Data!R218971C17
WDI_2018_05_21,,7fd181a477eeb88f952cd8f653ffe676a0097e70b6abe8088511745cf69c9df0,IRN,"Iran, Islamic Rep.",PA.NUS.FCRF,"Official exchange rate (LCU per US$, period average)",annual_year_columns_in_wdi_data_sheet,,1973,68.8860419482585,68.8860419482585,PARSED,WDIEXCEL.xlsx!Data!R218971C18
WDI_2018_05_21,,7fd181a477eeb88f952cd8f653ffe676a0097e70b6abe8088511745cf69c9df0,IRN,"Iran, Islamic Rep.",PA.NUS.FCRF,"Official exchange rate (LCU per US$, period average)",annual_year_columns_in_wdi_data_sheet,,1974,67.641342246617,67.641342246617,PARSED,WDIEXCEL.xlsx!Data!R218971C19
WDI_2018_05_21,,7fd181a477eeb88f952cd8f653ffe676a0097e70b6abe8088511745cf69c9df0,IRN,"Iran, Islamic Rep.",PA.NUS.FCRF,"Official exchange rate (LCU per US$, period average)",annual_year_columns_in_wdi_data_sheet,,1975,67.6549455324406,67.6549455324406,PARSED,WDIEXCEL.xlsx!Data!R218971C20
WDI_2018_05_21,,7fd181a477eeb88f952cd8f653ffe676a0097e70b6abe8088511745cf69c9df0,IRN,"Iran, Islamic Rep.",PA.NUS.FCRF,"Official exchange rate (LCU per US$, period average)",annual_year_columns_in_wdi_data_sheet,,1976,70.2390698610516,70.2390698610516,PARSED,WDIEXCEL.xlsx!Data!R218971C21
WDI_2018_05_21,,7fd181a477eeb88f952cd8f653ffe676a0097e70b6abe8088511745cf69c9df0,IRN,"Iran, Islamic Rep.",PA.NUS.FCRF,"Official exchange rate (LCU per US$, period average)",annual_year_columns_in_wdi_data_sheet,,1977,70.6337318788855,70.6337318788855,PARSED,WDIEXCEL.xlsx!Data!R218971C22
WDI_2018_05_21,,7fd181a477eeb88f952cd8f653ffe676a0097e70b6abe8088511745cf69c9df0,IRN,"Iran, Islamic Rep.",PA.NUS.FCRF,"Official exchange rate (LCU per US$, period average)",annual_year_columns_in_wdi_data_sheet,,1978,70.4920309761581,70.4920309761581,PARSED,WDIEXCEL.xlsx!Data!R218971C23
WDI_2018_05_21,,7fd181a477eeb88f952cd8f653ffe676a0097e70b6abe8088511745cf69c9df0,IRN,"Iran, Islamic Rep.",PA.NUS.FCRF,"Official exchange rate (LCU per US$, period average)",annual_year_columns_in_wdi_data_sheet,,1979,70.4920309761581,70.4920309761581,PARSED,WDIEXCEL.xlsx!Data!R218971C24
WDI_2018_05_21,,7fd181a477eeb88f952cd8f653ffe676a0097e70b6abe8088511745cf69c9df0,IRN,"Iran, Islamic Rep.",PA.NUS.FCRF,"Official exchange rate (LCU per US$, period average)",annual_year_columns_in_wdi_data_sheet,,1980,70.631848089676,70.631848089676,PARSED,WDIEXCEL.xlsx!Data!R218971C25
WDI_2018_05_21,,7fd181a477eeb88f952cd8f653ffe676a0097e70b6abe8088511745cf69c9df0,IRN,"Iran, Islamic Rep.",PA.NUS.FCRF,"Official exchange rate (LCU per US$, period average)",annual_year_columns_in_wdi_data_sheet,,1981,78.3468453777361,78.3468453777361,PARSED,WDIEXCEL.xlsx!Data!R218971C26
WDI_2018_05_21,,7fd181a477eeb88f952cd8f653ffe676a0097e70b6abe8088511745cf69c9df0,IRN,"Iran, Islamic Rep.",PA.NUS.FCRF,"Official exchange rate (LCU per US$, period average)",annual_year_columns_in_wdi_data_sheet,,1982,83.6226700245569,83.6226700245569,PARSED,WDIEXCEL.xlsx!Data!R218971C27
WDI_2018_05_21,,7fd181a477eeb88f952cd8f653ffe676a0097e70b6abe8088511745cf69c9df0,IRN,"Iran, Islamic Rep.",PA.NUS.FCRF,"Official exchange rate (LCU per US$, period average)",annual_year_columns_in_wdi_data_sheet,,1983,86.3787358940775,86.3787358940775,PARSED,WDIEXCEL.xlsx!Data!R218971C28
WDI_2018_05_21,,7fd181a477eeb88f952cd8f653ffe676a0097e70b6abe8088511745cf69c9df0,IRN,"Iran, Islamic Rep.",PA.NUS.FCRF,"Official exchange rate (LCU per US$, period average)",annual_year_columns_in_wdi_data_sheet,,1984,90.0514398915356,90.0514398915356,PARSED,WDIEXCEL.xlsx!Data!R218971C29
WDI_2018_05_21,,7fd181a477eeb88f952cd8f653ffe676a0097e70b6abe8088511745cf69c9df0,IRN,"Iran, Islamic Rep.",PA.NUS.FCRF,"Official exchange rate (LCU per US$, period average)",annual_year_columns_in_wdi_data_sheet,,1985,91.0735868439752,91.0735868439752,PARSED,WDIEXCEL.xlsx!Data!R218971C30
WDI_2018_05_21,,7fd181a477eeb88f952cd8f653ffe676a0097e70b6abe8088511745cf69c9df0,IRN,"Iran, Islamic Rep.",PA.NUS.FCRF,"Official exchange rate (LCU per US$, period average)",annual_year_columns_in_wdi_data_sheet,,1986,78.7787830685101,78.7787830685101,PARSED,WDIEXCEL.xlsx!Data!R218971C31
WDI_2018_05_21,,7fd181a477eeb88f952cd8f653ffe676a0097e70b6abe8088511745cf69c9df0,IRN,"Iran, Islamic Rep.",PA.NUS.FCRF,"Official exchange rate (LCU per US$, period average)",annual_year_columns_in_wdi_data_sheet,,1987,71.4774357190432,71.4774357190432,PARSED,WDIEXCEL.xlsx!Data!R218971C32
WDI_2018_05_21,,7fd181a477eeb88f952cd8f653ffe676a0097e70b6abe8088511745cf69c9df0,IRN,"Iran, Islamic Rep.",PA.NUS.FCRF,"Official exchange rate (LCU per US$, period average)",annual_year_columns_in_wdi_data_sheet,,1988,68.6997646296701,68.6997646296701,PARSED,WDIEXCEL.xlsx!Data!R218971C33
WDI_2018_05_21,,7fd181a477eeb88f952cd8f653ffe676a0097e70b6abe8088511745cf69c9df0,IRN,"Iran, Islamic Rep.",PA.NUS.FCRF,"Official exchange rate (LCU per US$, period average)",annual_year_columns_in_wdi_data_sheet,,1989,72.0322364263672,72.0322364263672,PARSED,WDIEXCEL.xlsx!Data!R218971C34
WDI_2018_05_21,,7fd181a477eeb88f952cd8f653ffe676a0097e70b6abe8088511745cf69c9df0,IRN,"Iran, Islamic Rep.",PA.NUS.FCRF,"Official exchange rate (LCU per US$, period average)",annual_year_columns_in_wdi_data_sheet,,1990,68.1123727149296,68.1123727149296,PARSED,WDIEXCEL.xlsx!Data!R218971C35
WDI_2018_05_21,,7fd181a477eeb88f952cd8f653ffe676a0097e70b6abe8088511745cf69c9df0,IRN,"Iran, Islamic Rep.",PA.NUS.FCRF,"Official exchange rate (LCU per US$, period average)",annual_year_columns_in_wdi_data_sheet,,1991,67.5217300147946,67.5217300147946,PARSED,WDIEXCEL.xlsx!Data!R218971C36
WDI_2018_05_21,,7fd181a477eeb88f952cd8f653ffe676a0097e70b6abe8088511745cf69c9df0,IRN,"Iran, Islamic Rep.",PA.NUS.FCRF,"Official exchange rate (LCU per US$, period average)",annual_year_columns_in_wdi_data_sheet,,1992,65.5678412857706,65.5678412857706,PARSED,WDIEXCEL.xlsx!Data!R218971C37
WDI_2018_05_21,,7fd181a477eeb88f952cd8f653ffe676a0097e70b6abe8088511745cf69c9df0,IRN,"Iran, Islamic Rep.",PA.NUS.FCRF,"Official exchange rate (LCU per US$, period average)",annual_year_columns_in_wdi_data_sheet,,1993,1268.07876133881,1268.07876133881,PARSED,WDIEXCEL.xlsx!Data!R218971C38
WDI_2018_05_21,,7fd181a477eeb88f952cd8f653ffe676a0097e70b6abe8088511745cf69c9df0,IRN,"Iran, Islamic Rep.",PA.NUS.FCRF,"Official exchange rate (LCU per US$, period average)",annual_year_columns_in_wdi_data_sheet,,1994,1749.17373625079,1749.17373625079,PARSED,WDIEXCEL.xlsx!Data!R218971C39
WDI_2018_05_21,,7fd181a477eeb88f952cd8f653ffe676a0097e70b6abe8088511745cf69c9df0,IRN,"Iran, Islamic Rep.",PA.NUS.FCRF,"Official exchange rate (LCU per US$, period average)",annual_year_columns_in_wdi_data_sheet,,1995,1748.35024562759,1748.35024562759,PARSED,WDIEXCEL.xlsx!Data!R218971C40
WDI_2018_05_21,,7fd181a477eeb88f952cd8f653ffe676a0097e70b6abe8088511745cf69c9df0,IRN,"Iran, Islamic Rep.",PA.NUS.FCRF,"Official exchange rate (LCU per US$, period average)",annual_year_columns_in_wdi_data_sheet,,1996,1751.18635583594,1751.18635583594,PARSED,WDIEXCEL.xlsx!Data!R218971C41
WDI_2018_05_21,,7fd181a477eeb88f952cd8f653ffe676a0097e70b6abe8088511745cf69c9df0,IRN,"Iran, Islamic Rep.",PA.NUS.FCRF,"Official exchange rate (LCU per US$, period average)",annual_year_columns_in_wdi_data_sheet,,1997,1753.34547748286,1753.34547748286,PARSED,WDIEXCEL.xlsx!Data!R218971C42
WDI_2018_05_21,,7fd181a477eeb88f952cd8f653ffe676a0097e70b6abe8088511745cf69c9df0,IRN,"Iran, Islamic Rep.",PA.NUS.FCRF,"Official exchange rate (LCU per US$, period average)",annual_year_columns_in_wdi_data_sheet,,1998,1752.28599459359,1752.28599459359,PARSED,WDIEXCEL.xlsx!Data!R218971C43
WDI_2018_05_21,,7fd181a477eeb88f952cd8f653ffe676a0097e70b6abe8088511745cf69c9df0,IRN,"Iran, Islamic Rep.",PA.NUS.FCRF,"Official exchange rate (LCU per US$, period average)",annual_year_columns_in_wdi_data_sheet,,1999,1753.35494977138,1753.35494977138,PARSED,WDIEXCEL.xlsx!Data!R218971C44
WDI_2018_05_21,,7fd181a477eeb88f952cd8f653ffe676a0097e70b6abe8088511745cf69c9df0,IRN,"Iran, Islamic Rep.",PA.NUS.FCRF,"Official exchange rate (LCU per US$, period average)",annual_year_columns_in_wdi_data_sheet,,2000,1764.85606929191,1764.85606929191,PARSED,WDIEXCEL.xlsx!Data!R218971C45
WDI_2018_05_21,,7fd181a477eeb88f952cd8f653ffe676a0097e70b6abe8088511745cf69c9df0,IRN,"Iran, Islamic Rep.",PA.NUS.FCRF,"Official exchange rate (LCU per US$, period average)",annual_year_columns_in_wdi_data_sheet,,2001,1753.98568465785,1753.98568465785,PARSED,WDIEXCEL.xlsx!Data!R218971C46
WDI_2018_05_21,,7fd181a477eeb88f952cd8f653ffe676a0097e70b6abe8088511745cf69c9df0,IRN,"Iran, Islamic Rep.",PA.NUS.FCRF,"Official exchange rate (LCU per US$, period average)",annual_year_columns_in_wdi_data_sheet,,2002,6907.03445561653,6907.03445561653,PARSED,WDIEXCEL.xlsx!Data!R218971C47
WDI_2018_05_21,,7fd181a477eeb88f952cd8f653ffe676a0097e70b6abe8088511745cf69c9df0,IRN,"Iran, Islamic Rep.",PA.NUS.FCRF,"Official exchange rate (LCU per US$, period average)",annual_year_columns_in_wdi_data_sheet,,2003,8193.88751916667,8193.88751916667,PARSED,WDIEXCEL.xlsx!Data!R218971C48
WDI_2018_05_21,,7fd181a477eeb88f952cd8f653ffe676a0097e70b6abe8088511745cf69c9df0,IRN,"Iran, Islamic Rep.",PA.NUS.FCRF,"Official exchange rate (LCU per US$, period average)",annual_year_columns_in_wdi_data_sheet,,2004,8613.98942075,8613.98942075,PARSED,WDIEXCEL.xlsx!Data!R218971C49
WDI_2018_05_21,,7fd181a477eeb88f952cd8f653ffe676a0097e70b6abe8088511745cf69c9df0,IRN,"Iran, Islamic Rep.",PA.NUS.FCRF,"Official exchange rate (LCU per US$, period average)",annual_year_columns_in_wdi_data_sheet,,2005,8963.95890666667,8963.95890666667,PARSED,WDIEXCEL.xlsx!Data!R218971C50
WDI_2018_05_21,,7fd181a477eeb88f952cd8f653ffe676a0097e70b6abe8088511745cf69c9df0,IRN,"Iran, Islamic Rep.",PA.NUS.FCRF,"Official exchange rate (LCU per US$, period average)",annual_year_columns_in_wdi_data_sheet,,2006,9170.9428775,9170.9428775,PARSED,WDIEXCEL.xlsx!Data!R218971C51
WDI_2018_05_21,,7fd181a477eeb88f952cd8f653ffe676a0097e70b6abe8088511745cf69c9df0,IRN,"Iran, Islamic Rep.",PA.NUS.FCRF,"Official exchange rate (LCU per US$, period average)",annual_year_columns_in_wdi_data_sheet,,2007,9281.15182833333,9281.15182833333,PARSED,WDIEXCEL.xlsx!Data!R218971C52
WDI_2018_05_21,,7fd181a477eeb88f952cd8f653ffe676a0097e70b6abe8088511745cf69c9df0,IRN,"Iran, Islamic Rep.",PA.NUS.FCRF,"Official exchange rate (LCU per US$, period average)",annual_year_columns_in_wdi_data_sheet,,2008,9428.52826083333,9428.52826083333,PARSED,WDIEXCEL.xlsx!Data!R218971C53
WDI_2018_05_21,,7fd181a477eeb88f952cd8f653ffe676a0097e70b6abe8088511745cf69c9df0,IRN,"Iran, Islamic Rep.",PA.NUS.FCRF,"Official exchange rate (LCU per US$, period average)",annual_year_columns_in_wdi_data_sheet,,2009,9864.3024562682,9864.3024562682,PARSED,WDIEXCEL.xlsx!Data!R218971C54
WDI_2018_05_21,,7fd181a477eeb88f952cd8f653ffe676a0097e70b6abe8088511745cf69c9df0,IRN,"Iran, Islamic Rep.",PA.NUS.FCRF,"Official exchange rate (LCU per US$, period average)",annual_year_columns_in_wdi_data_sheet,,2010,10254.176470289,10254.176470289,PARSED,WDIEXCEL.xlsx!Data!R218971C55
WDI_2018_05_21,,7fd181a477eeb88f952cd8f653ffe676a0097e70b6abe8088511745cf69c9df0,IRN,"Iran, Islamic Rep.",PA.NUS.FCRF,"Official exchange rate (LCU per US$, period average)",annual_year_columns_in_wdi_data_sheet,,2011,10616.3066439076,10616.3066439076,PARSED,WDIEXCEL.xlsx!Data!R218971C56
WDI_2018_05_21,,7fd181a477eeb88f952cd8f653ffe676a0097e70b6abe8088511745cf69c9df0,IRN,"Iran, Islamic Rep.",PA.NUS.FCRF,"Official exchange rate (LCU per US$, period average)",annual_year_columns_in_wdi_data_sheet,,2012,12175.5472222222,12175.5472222222,PARSED,WDIEXCEL.xlsx!Data!R218971C57
WDI_2018_05_21,,7fd181a477eeb88f952cd8f653ffe676a0097e70b6abe8088511745cf69c9df0,IRN,"Iran, Islamic Rep.",PA.NUS.FCRF,"Official exchange rate (LCU per US$, period average)",annual_year_columns_in_wdi_data_sheet,,2013,18414.4480100374,18414.4480100374,PARSED,WDIEXCEL.xlsx!Data!R218971C58
WDI_2018_05_21,,7fd181a477eeb88f952cd8f653ffe676a0097e70b6abe8088511745cf69c9df0,IRN,"Iran, Islamic Rep.",PA.NUS.FCRF,"Official exchange rate (LCU per US$, period average)",annual_year_columns_in_wdi_data_sheet,,2014,25941.6641445972,25941.6641445972,PARSED,WDIEXCEL.xlsx!Data!R218971C59
WDI_2018_05_21,,7fd181a477eeb88f952cd8f653ffe676a0097e70b6abe8088511745cf69c9df0,IRN,"Iran, Islamic Rep.",PA.NUS.FCRF,"Official exchange rate (LCU per US$, period average)",annual_year_columns_in_wdi_data_sheet,,2015,29011.491377053,29011.491377053,PARSED,WDIEXCEL.xlsx!Data!R218971C60
WDI_2018_05_21,,7fd181a477eeb88f952cd8f653ffe676a0097e70b6abe8088511745cf69c9df0,IRN,"Iran, Islamic Rep.",PA.NUS.FCRF,"Official exchange rate (LCU per US$, period average)",annual_year_columns_in_wdi_data_sheet,,2016,30914.8524362967,30914.8524362967,PARSED,WDIEXCEL.xlsx!Data!R218971C61
WDI_2018_05_21,,7fd181a477eeb88f952cd8f653ffe676a0097e70b6abe8088511745cf69c9df0,IRN,"Iran, Islamic Rep.",PA.NUS.FCRF,"Official exchange rate (LCU per US$, period average)",annual_year_columns_in_wdi_data_sheet,,2017,33226.2981524127,33226.2981524127,PARSED,WDIEXCEL.xlsx!Data!R218971C62
WDI_2018_07_27,,4a46abe6242d322733bc4be5e3023b8004643e73ab260525a00eace751063463,IRN,"Iran, Islamic Rep.",FP.CPI.TOTL.ZG,"Inflation, consumer prices (annual %)",annual_year_columns_in_wdi_data_sheet,,1960,9.822410813,9.822410813,PARSED,WDIEXCEL.xlsx!Data!R217138C5
WDI_2018_07_27,,4a46abe6242d322733bc4be5e3023b8004643e73ab260525a00eace751063463,IRN,"Iran, Islamic Rep.",FP.CPI.TOTL.ZG,"Inflation, consumer prices (annual %)",annual_year_columns_in_wdi_data_sheet,,1961,3.162564396,3.162564396,PARSED,WDIEXCEL.xlsx!Data!R217138C6
WDI_2018_07_27,,4a46abe6242d322733bc4be5e3023b8004643e73ab260525a00eace751063463,IRN,"Iran, Islamic Rep.",FP.CPI.TOTL.ZG,"Inflation, consumer prices (annual %)",annual_year_columns_in_wdi_data_sheet,,1962,0.721320572,0.721320572,PARSED,WDIEXCEL.xlsx!Data!R217138C7
WDI_2018_07_27,,4a46abe6242d322733bc4be5e3023b8004643e73ab260525a00eace751063463,IRN,"Iran, Islamic Rep.",FP.CPI.TOTL.ZG,"Inflation, consumer prices (annual %)",annual_year_columns_in_wdi_data_sheet,,1963,0.371849607,0.371849607,PARSED,WDIEXCEL.xlsx!Data!R217138C8
WDI_2018_07_27,,4a46abe6242d322733bc4be5e3023b8004643e73ab260525a00eace751063463,IRN,"Iran, Islamic Rep.",FP.CPI.TOTL.ZG,"Inflation, consumer prices (annual %)",annual_year_columns_in_wdi_data_sheet,,1964,3.814489572,3.814489572,PARSED,WDIEXCEL.xlsx!Data!R217138C9
WDI_2018_07_27,,4a46abe6242d322733bc4be5e3023b8004643e73ab260525a00eace751063463,IRN,"Iran, Islamic Rep.",FP.CPI.TOTL.ZG,"Inflation, consumer prices (annual %)",annual_year_columns_in_wdi_data_sheet,,1965,2.154374835,2.154374835,PARSED,WDIEXCEL.xlsx!Data!R217138C10
WDI_2018_07_27,,4a46abe6242d322733bc4be5e3023b8004643e73ab260525a00eace751063463,IRN,"Iran, Islamic Rep.",FP.CPI.TOTL.ZG,"Inflation, consumer prices (annual %)",annual_year_columns_in_wdi_data_sheet,,1966,-0.388148532,-0.388148532,PARSED,WDIEXCEL.xlsx!Data!R217138C11
WDI_2018_07_27,,4a46abe6242d322733bc4be5e3023b8004643e73ab260525a00eace751063463,IRN,"Iran, Islamic Rep.",FP.CPI.TOTL.ZG,"Inflation, consumer prices (annual %)",annual_year_columns_in_wdi_data_sheet,,1967,1.59761008,1.59761008,PARSED,WDIEXCEL.xlsx!Data!R217138C12
WDI_2018_07_27,,4a46abe6242d322733bc4be5e3023b8004643e73ab260525a00eace751063463,IRN,"Iran, Islamic Rep.",FP.CPI.TOTL.ZG,"Inflation, consumer prices (annual %)",annual_year_columns_in_wdi_data_sheet,,1968,0.690360522,0.690360522,PARSED,WDIEXCEL.xlsx!Data!R217138C13
WDI_2018_07_27,,4a46abe6242d322733bc4be5e3023b8004643e73ab260525a00eace751063463,IRN,"Iran, Islamic Rep.",FP.CPI.TOTL.ZG,"Inflation, consumer prices (annual %)",annual_year_columns_in_wdi_data_sheet,,1969,3.593194516,3.593194516,PARSED,WDIEXCEL.xlsx!Data!R217138C14
WDI_2018_07_27,,4a46abe6242d322733bc4be5e3023b8004643e73ab260525a00eace751063463,IRN,"Iran, Islamic Rep.",FP.CPI.TOTL.ZG,"Inflation, consumer prices (annual %)",annual_year_columns_in_wdi_data_sheet,,1970,1.66687094,1.66687094,PARSED,WDIEXCEL.xlsx!Data!R217138C15
WDI_2018_07_27,,4a46abe6242d322733bc4be5e3023b8004643e73ab260525a00eace751063463,IRN,"Iran, Islamic Rep.",FP.CPI.TOTL.ZG,"Inflation, consumer prices (annual %)",annual_year_columns_in_wdi_data_sheet,,1971,4.195298373,4.195298373,PARSED,WDIEXCEL.xlsx!Data!R217138C16
WDI_2018_07_27,,4a46abe6242d322733bc4be5e3023b8004643e73ab260525a00eace751063463,IRN,"Iran, Islamic Rep.",FP.CPI.TOTL.ZG,"Inflation, consumer prices (annual %)",annual_year_columns_in_wdi_data_sheet,,1972,6.398241351,6.398241351,PARSED,WDIEXCEL.xlsx!Data!R217138C17
WDI_2018_07_27,,4a46abe6242d322733bc4be5e3023b8004643e73ab260525a00eace751063463,IRN,"Iran, Islamic Rep.",FP.CPI.TOTL.ZG,"Inflation, consumer prices (annual %)",annual_year_columns_in_wdi_data_sheet,,1973,9.819486733,9.819486733,PARSED,WDIEXCEL.xlsx!Data!R217138C18
WDI_2018_07_27,,4a46abe6242d322733bc4be5e3023b8004643e73ab260525a00eace751063463,IRN,"Iran, Islamic Rep.",FP.CPI.TOTL.ZG,"Inflation, consumer prices (annual %)",annual_year_columns_in_wdi_data_sheet,,1974,14.24893554,14.24893554,PARSED,WDIEXCEL.xlsx!Data!R217138C19
WDI_2018_07_27,,4a46abe6242d322733bc4be5e3023b8004643e73ab260525a00eace751063463,IRN,"Iran, Islamic Rep.",FP.CPI.TOTL.ZG,"Inflation, consumer prices (annual %)",annual_year_columns_in_wdi_data_sheet,,1975,12.87918183,12.87918183,PARSED,WDIEXCEL.xlsx!Data!R217138C20
WDI_2018_07_27,,4a46abe6242d322733bc4be5e3023b8004643e73ab260525a00eace751063463,IRN,"Iran, Islamic Rep.",FP.CPI.TOTL.ZG,"Inflation, consumer prices (annual %)",annual_year_columns_in_wdi_data_sheet,,1976,11.25614251,11.25614251,PARSED,WDIEXCEL.xlsx!Data!R217138C21
WDI_2018_07_27,,4a46abe6242d322733bc4be5e3023b8004643e73ab260525a00eace751063463,IRN,"Iran, Islamic Rep.",FP.CPI.TOTL.ZG,"Inflation, consumer prices (annual %)",annual_year_columns_in_wdi_data_sheet,,1977,27.28778468,27.28778468,PARSED,WDIEXCEL.xlsx!Data!R217138C22
WDI_2018_07_27,,4a46abe6242d322733bc4be5e3023b8004643e73ab260525a00eace751063463,IRN,"Iran, Islamic Rep.",FP.CPI.TOTL.ZG,"Inflation, consumer prices (annual %)",annual_year_columns_in_wdi_data_sheet,,1978,11.7219692,11.7219692,PARSED,WDIEXCEL.xlsx!Data!R217138C23
WDI_2018_07_27,,4a46abe6242d322733bc4be5e3023b8004643e73ab260525a00eace751063463,IRN,"Iran, Islamic Rep.",FP.CPI.TOTL.ZG,"Inflation, consumer prices (annual %)",annual_year_columns_in_wdi_data_sheet,,1979,10.48723673,10.48723673,PARSED,WDIEXCEL.xlsx!Data!R217138C24
WDI_2018_07_27,,4a46abe6242d322733bc4be5e3023b8004643e73ab260525a00eace751063463,IRN,"Iran, Islamic Rep.",FP.CPI.TOTL.ZG,"Inflation, consumer prices (annual %)",annual_year_columns_in_wdi_data_sheet,,1980,20.64391444,20.64391444,PARSED,WDIEXCEL.xlsx!Data!R217138C25
WDI_2018_07_27,,4a46abe6242d322733bc4be5e3023b8004643e73ab260525a00eace751063463,IRN,"Iran, Islamic Rep.",FP.CPI.TOTL.ZG,"Inflation, consumer prices (annual %)",annual_year_columns_in_wdi_data_sheet,,1981,24.20358976,24.20358976,PARSED,WDIEXCEL.xlsx!Data!R217138C26
WDI_2018_07_27,,4a46abe6242d322733bc4be5e3023b8004643e73ab260525a00eace751063463,IRN,"Iran, Islamic Rep.",FP.CPI.TOTL.ZG,"Inflation, consumer prices (annual %)",annual_year_columns_in_wdi_data_sheet,,1982,18.68972593,18.68972593,PARSED,WDIEXCEL.xlsx!Data!R217138C27
WDI_2018_07_27,,4a46abe6242d322733bc4be5e3023b8004643e73ab260525a00eace751063463,IRN,"Iran, Islamic Rep.",FP.CPI.TOTL.ZG,"Inflation, consumer prices (annual %)",annual_year_columns_in_wdi_data_sheet,,1983,19.74018918,19.74018918,PARSED,WDIEXCEL.xlsx!Data!R217138C28
WDI_2018_07_27,,4a46abe6242d322733bc4be5e3023b8004643e73ab260525a00eace751063463,IRN,"Iran, Islamic Rep.",FP.CPI.TOTL.ZG,"Inflation, consumer prices (annual %)",annual_year_columns_in_wdi_data_sheet,,1984,12.54021945,12.54021945,PARSED,WDIEXCEL.xlsx!Data!R217138C29
WDI_2018_07_27,,4a46abe6242d322733bc4be5e3023b8004643e73ab260525a00eace751063463,IRN,"Iran, Islamic Rep.",FP.CPI.TOTL.ZG,"Inflation, consumer prices (annual %)",annual_year_columns_in_wdi_data_sheet,,1985,4.389340957,4.389340957,PARSED,WDIEXCEL.xlsx!Data!R217138C30
WDI_2018_07_27,,4a46abe6242d322733bc4be5e3023b8004643e73ab260525a00eace751063463,IRN,"Iran, Islamic Rep.",FP.CPI.TOTL.ZG,"Inflation, consumer prices (annual %)",annual_year_columns_in_wdi_data_sheet,,1986,18.42900302,18.42900302,PARSED,WDIEXCEL.xlsx!Data!R217138C31
WDI_2018_07_27,,4a46abe6242d322733bc4be5e3023b8004643e73ab260525a00eace751063463,IRN,"Iran, Islamic Rep.",FP.CPI.TOTL.ZG,"Inflation, consumer prices (annual %)",annual_year_columns_in_wdi_data_sheet,,1987,28.57142857,28.57142857,PARSED,WDIEXCEL.xlsx!Data!R217138C32
WDI_2018_07_27,,4a46abe6242d322733bc4be5e3023b8004643e73ab260525a00eace751063463,IRN,"Iran, Islamic Rep.",FP.CPI.TOTL.ZG,"Inflation, consumer prices (annual %)",annual_year_columns_in_wdi_data_sheet,,1988,28.67063492,28.67063492,PARSED,WDIEXCEL.xlsx!Data!R217138C33
WDI_2018_07_27,,4a46abe6242d322733bc4be5e3023b8004643e73ab260525a00eace751063463,IRN,"Iran, Islamic Rep.",FP.CPI.TOTL.ZG,"Inflation, consumer prices (annual %)",annual_year_columns_in_wdi_data_sheet,,1989,22.34965305,22.34965305,PARSED,WDIEXCEL.xlsx!Data!R217138C34
WDI_2018_07_27,,4a46abe6242d322733bc4be5e3023b8004643e73ab260525a00eace751063463,IRN,"Iran, Islamic Rep.",FP.CPI.TOTL.ZG,"Inflation, consumer prices (annual %)",annual_year_columns_in_wdi_data_sheet,,1990,7.627674938,7.627674938,PARSED,WDIEXCEL.xlsx!Data!R217138C35
WDI_2018_07_27,,4a46abe6242d322733bc4be5e3023b8004643e73ab260525a00eace751063463,IRN,"Iran, Islamic Rep.",FP.CPI.TOTL.ZG,"Inflation, consumer prices (annual %)",annual_year_columns_in_wdi_data_sheet,,1991,17.12856794,17.12856794,PARSED,WDIEXCEL.xlsx!Data!R217138C36
WDI_2018_07_27,,4a46abe6242d322733bc4be5e3023b8004643e73ab260525a00eace751063463,IRN,"Iran, Islamic Rep.",FP.CPI.TOTL.ZG,"Inflation, consumer prices (annual %)",annual_year_columns_in_wdi_data_sheet,,1992,25.80772262,25.80772262,PARSED,WDIEXCEL.xlsx!Data!R217138C37
WDI_2018_07_27,,4a46abe6242d322733bc4be5e3023b8004643e73ab260525a00eace751063463,IRN,"Iran, Islamic Rep.",FP.CPI.TOTL.ZG,"Inflation, consumer prices (annual %)",annual_year_columns_in_wdi_data_sheet,,1993,21.20263075,21.20263075,PARSED,WDIEXCEL.xlsx!Data!R217138C38
WDI_2018_07_27,,4a46abe6242d322733bc4be5e3023b8004643e73ab260525a00eace751063463,IRN,"Iran, Islamic Rep.",FP.CPI.TOTL.ZG,"Inflation, consumer prices (annual %)",annual_year_columns_in_wdi_data_sheet,,1994,31.44702842,31.44702842,PARSED,WDIEXCEL.xlsx!Data!R217138C39
WDI_2018_07_27,,4a46abe6242d322733bc4be5e3023b8004643e73ab260525a00eace751063463,IRN,"Iran, Islamic Rep.",FP.CPI.TOTL.ZG,"Inflation, consumer prices (annual %)",annual_year_columns_in_wdi_data_sheet,,1995,49.65598585,49.65598585,PARSED,WDIEXCEL.xlsx!Data!R217138C40
WDI_2018_07_27,,4a46abe6242d322733bc4be5e3023b8004643e73ab260525a00eace751063463,IRN,"Iran, Islamic Rep.",FP.CPI.TOTL.ZG,"Inflation, consumer prices (annual %)",annual_year_columns_in_wdi_data_sheet,,1996,28.93734402,28.93734402,PARSED,WDIEXCEL.xlsx!Data!R217138C41
WDI_2018_07_27,,4a46abe6242d322733bc4be5e3023b8004643e73ab260525a00eace751063463,IRN,"Iran, Islamic Rep.",FP.CPI.TOTL.ZG,"Inflation, consumer prices (annual %)",annual_year_columns_in_wdi_data_sheet,,1997,17.34922575,17.34922575,PARSED,WDIEXCEL.xlsx!Data!R217138C42
WDI_2018_07_27,,4a46abe6242d322733bc4be5e3023b8004643e73ab260525a00eace751063463,IRN,"Iran, Islamic Rep.",FP.CPI.TOTL.ZG,"Inflation, consumer prices (annual %)",annual_year_columns_in_wdi_data_sheet,,1998,17.86613421,17.86613421,PARSED,WDIEXCEL.xlsx!Data!R217138C43
WDI_2018_07_27,,4a46abe6242d322733bc4be5e3023b8004643e73ab260525a00eace751063463,IRN,"Iran, Islamic Rep.",FP.CPI.TOTL.ZG,"Inflation, consumer prices (annual %)",annual_year_columns_in_wdi_data_sheet,,1999,20.07070781,20.07070781,PARSED,WDIEXCEL.xlsx!Data!R217138C44
WDI_2018_07_27,,4a46abe6242d322733bc4be5e3023b8004643e73ab260525a00eace751063463,IRN,"Iran, Islamic Rep.",FP.CPI.TOTL.ZG,"Inflation, consumer prices (annual %)",annual_year_columns_in_wdi_data_sheet,,2000,14.47675132,14.47675132,PARSED,WDIEXCEL.xlsx!Data!R217138C45
WDI_2018_07_27,,4a46abe6242d322733bc4be5e3023b8004643e73ab260525a00eace751063463,IRN,"Iran, Islamic Rep.",FP.CPI.TOTL.ZG,"Inflation, consumer prices (annual %)",annual_year_columns_in_wdi_data_sheet,,2001,11.27424713,11.27424713,PARSED,WDIEXCEL.xlsx!Data!R217138C46
WDI_2018_07_27,,4a46abe6242d322733bc4be5e3023b8004643e73ab260525a00eace751063463,IRN,"Iran, Islamic Rep.",FP.CPI.TOTL.ZG,"Inflation, consumer prices (annual %)",annual_year_columns_in_wdi_data_sheet,,2002,14.33593374,14.33593374,PARSED,WDIEXCEL.xlsx!Data!R217138C47
WDI_2018_07_27,,4a46abe6242d322733bc4be5e3023b8004643e73ab260525a00eace751063463,IRN,"Iran, Islamic Rep.",FP.CPI.TOTL.ZG,"Inflation, consumer prices (annual %)",annual_year_columns_in_wdi_data_sheet,,2003,16.46801162,16.46801162,PARSED,WDIEXCEL.xlsx!Data!R217138C48
WDI_2018_07_27,,4a46abe6242d322733bc4be5e3023b8004643e73ab260525a00eace751063463,IRN,"Iran, Islamic Rep.",FP.CPI.TOTL.ZG,"Inflation, consumer prices (annual %)",annual_year_columns_in_wdi_data_sheet,,2004,14.7615087,14.7615087,PARSED,WDIEXCEL.xlsx!Data!R217138C49
WDI_2018_07_27,,4a46abe6242d322733bc4be5e3023b8004643e73ab260525a00eace751063463,IRN,"Iran, Islamic Rep.",FP.CPI.TOTL.ZG,"Inflation, consumer prices (annual %)",annual_year_columns_in_wdi_data_sheet,,2005,13.43311801,13.43311801,PARSED,WDIEXCEL.xlsx!Data!R217138C50
WDI_2018_07_27,,4a46abe6242d322733bc4be5e3023b8004643e73ab260525a00eace751063463,IRN,"Iran, Islamic Rep.",FP.CPI.TOTL.ZG,"Inflation, consumer prices (annual %)",annual_year_columns_in_wdi_data_sheet,,2006,11.9395522,11.9395522,PARSED,WDIEXCEL.xlsx!Data!R217138C51
WDI_2018_07_27,,4a46abe6242d322733bc4be5e3023b8004643e73ab260525a00eace751063463,IRN,"Iran, Islamic Rep.",FP.CPI.TOTL.ZG,"Inflation, consumer prices (annual %)",annual_year_columns_in_wdi_data_sheet,,2007,17.21304635,17.21304635,PARSED,WDIEXCEL.xlsx!Data!R217138C52
WDI_2018_07_27,,4a46abe6242d322733bc4be5e3023b8004643e73ab260525a00eace751063463,IRN,"Iran, Islamic Rep.",FP.CPI.TOTL.ZG,"Inflation, consumer prices (annual %)",annual_year_columns_in_wdi_data_sheet,,2008,25.54984461,25.54984461,PARSED,WDIEXCEL.xlsx!Data!R217138C53
WDI_2018_07_27,,4a46abe6242d322733bc4be5e3023b8004643e73ab260525a00eace751063463,IRN,"Iran, Islamic Rep.",FP.CPI.TOTL.ZG,"Inflation, consumer prices (annual %)",annual_year_columns_in_wdi_data_sheet,,2009,13.50026182,13.50026182,PARSED,WDIEXCEL.xlsx!Data!R217138C54
WDI_2018_07_27,,4a46abe6242d322733bc4be5e3023b8004643e73ab260525a00eace751063463,IRN,"Iran, Islamic Rep.",FP.CPI.TOTL.ZG,"Inflation, consumer prices (annual %)",annual_year_columns_in_wdi_data_sheet,,2010,10.13714717,10.13714717,PARSED,WDIEXCEL.xlsx!Data!R217138C55
WDI_2018_07_27,,4a46abe6242d322733bc4be5e3023b8004643e73ab260525a00eace751063463,IRN,"Iran, Islamic Rep.",FP.CPI.TOTL.ZG,"Inflation, consumer prices (annual %)",annual_year_columns_in_wdi_data_sheet,,2011,20.62833206,20.62833206,PARSED,WDIEXCEL.xlsx!Data!R217138C56
WDI_2018_07_27,,4a46abe6242d322733bc4be5e3023b8004643e73ab260525a00eace751063463,IRN,"Iran, Islamic Rep.",FP.CPI.TOTL.ZG,"Inflation, consumer prices (annual %)",annual_year_columns_in_wdi_data_sheet,,2012,27.35738864,27.35738864,PARSED,WDIEXCEL.xlsx!Data!R217138C57
WDI_2018_07_27,,4a46abe6242d322733bc4be5e3023b8004643e73ab260525a00eace751063463,IRN,"Iran, Islamic Rep.",FP.CPI.TOTL.ZG,"Inflation, consumer prices (annual %)",annual_year_columns_in_wdi_data_sheet,,2013,39.26636098,39.26636098,PARSED,WDIEXCEL.xlsx!Data!R217138C58
WDI_2018_07_27,,4a46abe6242d322733bc4be5e3023b8004643e73ab260525a00eace751063463,IRN,"Iran, Islamic Rep.",FP.CPI.TOTL.ZG,"Inflation, consumer prices (annual %)",annual_year_columns_in_wdi_data_sheet,,2014,17.23535868,17.23535868,PARSED,WDIEXCEL.xlsx!Data!R217138C59
WDI_2018_07_27,,4a46abe6242d322733bc4be5e3023b8004643e73ab260525a00eace751063463,IRN,"Iran, Islamic Rep.",FP.CPI.TOTL.ZG,"Inflation, consumer prices (annual %)",annual_year_columns_in_wdi_data_sheet,,2015,13.70579975,13.70579975,PARSED,WDIEXCEL.xlsx!Data!R217138C60
WDI_2018_07_27,,4a46abe6242d322733bc4be5e3023b8004643e73ab260525a00eace751063463,IRN,"Iran, Islamic Rep.",FP.CPI.TOTL.ZG,"Inflation, consumer prices (annual %)",annual_year_columns_in_wdi_data_sheet,,2016,8.569717835,8.569717835,PARSED,WDIEXCEL.xlsx!Data!R217138C61
WDI_2018_07_27,,4a46abe6242d322733bc4be5e3023b8004643e73ab260525a00eace751063463,IRN,"Iran, Islamic Rep.",FP.CPI.TOTL.ZG,"Inflation, consumer prices (annual %)",annual_year_columns_in_wdi_data_sheet,,2017,,,MISSING,WDIEXCEL.xlsx!Data!R217138C62
WDI_2018_07_27,,4a46abe6242d322733bc4be5e3023b8004643e73ab260525a00eace751063463,IRN,"Iran, Islamic Rep.",PA.NUS.FCRF,"Official exchange rate (LCU per US$, period average)",annual_year_columns_in_wdi_data_sheet,,1960,75.75000007575,75.75000007575,PARSED,WDIEXCEL.xlsx!Data!R217453C5
WDI_2018_07_27,,4a46abe6242d322733bc4be5e3023b8004643e73ab260525a00eace751063463,IRN,"Iran, Islamic Rep.",PA.NUS.FCRF,"Official exchange rate (LCU per US$, period average)",annual_year_columns_in_wdi_data_sheet,,1961,75.75000007575,75.75000007575,PARSED,WDIEXCEL.xlsx!Data!R217453C6
WDI_2018_07_27,,4a46abe6242d322733bc4be5e3023b8004643e73ab260525a00eace751063463,IRN,"Iran, Islamic Rep.",PA.NUS.FCRF,"Official exchange rate (LCU per US$, period average)",annual_year_columns_in_wdi_data_sheet,,1962,75.75000007575,75.75000007575,PARSED,WDIEXCEL.xlsx!Data!R217453C7
WDI_2018_07_27,,4a46abe6242d322733bc4be5e3023b8004643e73ab260525a00eace751063463,IRN,"Iran, Islamic Rep.",PA.NUS.FCRF,"Official exchange rate (LCU per US$, period average)",annual_year_columns_in_wdi_data_sheet,,1963,75.75000007575,75.75000007575,PARSED,WDIEXCEL.xlsx!Data!R217453C8
WDI_2018_07_27,,4a46abe6242d322733bc4be5e3023b8004643e73ab260525a00eace751063463,IRN,"Iran, Islamic Rep.",PA.NUS.FCRF,"Official exchange rate (LCU per US$, period average)",annual_year_columns_in_wdi_data_sheet,,1964,75.75000007575,75.75000007575,PARSED,WDIEXCEL.xlsx!Data!R217453C9
WDI_2018_07_27,,4a46abe6242d322733bc4be5e3023b8004643e73ab260525a00eace751063463,IRN,"Iran, Islamic Rep.",PA.NUS.FCRF,"Official exchange rate (LCU per US$, period average)",annual_year_columns_in_wdi_data_sheet,,1965,75.75000007575,75.75000007575,PARSED,WDIEXCEL.xlsx!Data!R217453C10
WDI_2018_07_27,,4a46abe6242d322733bc4be5e3023b8004643e73ab260525a00eace751063463,IRN,"Iran, Islamic Rep.",PA.NUS.FCRF,"Official exchange rate (LCU per US$, period average)",annual_year_columns_in_wdi_data_sheet,,1966,75.75000007575,75.75000007575,PARSED,WDIEXCEL.xlsx!Data!R217453C11
WDI_2018_07_27,,4a46abe6242d322733bc4be5e3023b8004643e73ab260525a00eace751063463,IRN,"Iran, Islamic Rep.",PA.NUS.FCRF,"Official exchange rate (LCU per US$, period average)",annual_year_columns_in_wdi_data_sheet,,1967,75.75000007575,75.75000007575,PARSED,WDIEXCEL.xlsx!Data!R217453C12
WDI_2018_07_27,,4a46abe6242d322733bc4be5e3023b8004643e73ab260525a00eace751063463,IRN,"Iran, Islamic Rep.",PA.NUS.FCRF,"Official exchange rate (LCU per US$, period average)",annual_year_columns_in_wdi_data_sheet,,1968,75.75000007575,75.75000007575,PARSED,WDIEXCEL.xlsx!Data!R217453C13
WDI_2018_07_27,,4a46abe6242d322733bc4be5e3023b8004643e73ab260525a00eace751063463,IRN,"Iran, Islamic Rep.",PA.NUS.FCRF,"Official exchange rate (LCU per US$, period average)",annual_year_columns_in_wdi_data_sheet,,1969,75.75000007575,75.75000007575,PARSED,WDIEXCEL.xlsx!Data!R217453C14
WDI_2018_07_27,,4a46abe6242d322733bc4be5e3023b8004643e73ab260525a00eace751063463,IRN,"Iran, Islamic Rep.",PA.NUS.FCRF,"Official exchange rate (LCU per US$, period average)",annual_year_columns_in_wdi_data_sheet,,1970,75.75000007575,75.75000007575,PARSED,WDIEXCEL.xlsx!Data!R217453C15
WDI_2018_07_27,,4a46abe6242d322733bc4be5e3023b8004643e73ab260525a00eace751063463,IRN,"Iran, Islamic Rep.",PA.NUS.FCRF,"Official exchange rate (LCU per US$, period average)",annual_year_columns_in_wdi_data_sheet,,1971,75.75,75.75,PARSED,WDIEXCEL.xlsx!Data!R217453C16
WDI_2018_07_27,,4a46abe6242d322733bc4be5e3023b8004643e73ab260525a00eace751063463,IRN,"Iran, Islamic Rep.",PA.NUS.FCRF,"Official exchange rate (LCU per US$, period average)",annual_year_columns_in_wdi_data_sheet,,1972,75.7499701345202,75.7499701345202,PARSED,WDIEXCEL.xlsx!Data!R217453C17
WDI_2018_07_27,,4a46abe6242d322733bc4be5e3023b8004643e73ab260525a00eace751063463,IRN,"Iran, Islamic Rep.",PA.NUS.FCRF,"Official exchange rate (LCU per US$, period average)",annual_year_columns_in_wdi_data_sheet,,1973,68.8852275210375,68.8852275210375,PARSED,WDIEXCEL.xlsx!Data!R217453C18
WDI_2018_07_27,,4a46abe6242d322733bc4be5e3023b8004643e73ab260525a00eace751063463,IRN,"Iran, Islamic Rep.",PA.NUS.FCRF,"Official exchange rate (LCU per US$, period average)",annual_year_columns_in_wdi_data_sheet,,1974,67.6380845377326,67.6380845377326,PARSED,WDIEXCEL.xlsx!Data!R217453C19
WDI_2018_07_27,,4a46abe6242d322733bc4be5e3023b8004643e73ab260525a00eace751063463,IRN,"Iran, Islamic Rep.",PA.NUS.FCRF,"Official exchange rate (LCU per US$, period average)",annual_year_columns_in_wdi_data_sheet,,1975,67.6516871684015,67.6516871684015,PARSED,WDIEXCEL.xlsx!Data!R217453C20
WDI_2018_07_27,,4a46abe6242d322733bc4be5e3023b8004643e73ab260525a00eace751063463,IRN,"Iran, Islamic Rep.",PA.NUS.FCRF,"Official exchange rate (LCU per US$, period average)",annual_year_columns_in_wdi_data_sheet,,1976,70.2356870416942,70.2356870416942,PARSED,WDIEXCEL.xlsx!Data!R217453C21
WDI_2018_07_27,,4a46abe6242d322733bc4be5e3023b8004643e73ab260525a00eace751063463,IRN,"Iran, Islamic Rep.",PA.NUS.FCRF,"Official exchange rate (LCU per US$, period average)",annual_year_columns_in_wdi_data_sheet,,1977,70.6303300520111,70.6303300520111,PARSED,WDIEXCEL.xlsx!Data!R217453C22
WDI_2018_07_27,,4a46abe6242d322733bc4be5e3023b8004643e73ab260525a00eace751063463,IRN,"Iran, Islamic Rep.",PA.NUS.FCRF,"Official exchange rate (LCU per US$, period average)",annual_year_columns_in_wdi_data_sheet,,1978,70.4886359738125,70.4886359738125,PARSED,WDIEXCEL.xlsx!Data!R217453C23
WDI_2018_07_27,,4a46abe6242d322733bc4be5e3023b8004643e73ab260525a00eace751063463,IRN,"Iran, Islamic Rep.",PA.NUS.FCRF,"Official exchange rate (LCU per US$, period average)",annual_year_columns_in_wdi_data_sheet,,1979,70.4886359738125,70.4886359738125,PARSED,WDIEXCEL.xlsx!Data!R217453C24
WDI_2018_07_27,,4a46abe6242d322733bc4be5e3023b8004643e73ab260525a00eace751063463,IRN,"Iran, Islamic Rep.",PA.NUS.FCRF,"Official exchange rate (LCU per US$, period average)",annual_year_columns_in_wdi_data_sheet,,1980,70.6284463535277,70.6284463535277,PARSED,WDIEXCEL.xlsx!Data!R217453C25
WDI_2018_07_27,,4a46abe6242d322733bc4be5e3023b8004643e73ab260525a00eace751063463,IRN,"Iran, Islamic Rep.",PA.NUS.FCRF,"Official exchange rate (LCU per US$, period average)",annual_year_columns_in_wdi_data_sheet,,1981,78.3430720757025,78.3430720757025,PARSED,WDIEXCEL.xlsx!Data!R217453C26
WDI_2018_07_27,,4a46abe6242d322733bc4be5e3023b8004643e73ab260525a00eace751063463,IRN,"Iran, Islamic Rep.",PA.NUS.FCRF,"Official exchange rate (LCU per US$, period average)",annual_year_columns_in_wdi_data_sheet,,1982,83.618642630865,83.618642630865,PARSED,WDIEXCEL.xlsx!Data!R217453C27
WDI_2018_07_27,,4a46abe6242d322733bc4be5e3023b8004643e73ab260525a00eace751063463,IRN,"Iran, Islamic Rep.",PA.NUS.FCRF,"Official exchange rate (LCU per US$, period average)",annual_year_columns_in_wdi_data_sheet,,1983,86.3745757641037,86.3745757641037,PARSED,WDIEXCEL.xlsx!Data!R217453C28
WDI_2018_07_27,,4a46abe6242d322733bc4be5e3023b8004643e73ab260525a00eace751063463,IRN,"Iran, Islamic Rep.",PA.NUS.FCRF,"Official exchange rate (LCU per US$, period average)",annual_year_columns_in_wdi_data_sheet,,1984,90.0471028786076,90.0471028786076,PARSED,WDIEXCEL.xlsx!Data!R217453C29
WDI_2018_07_27,,4a46abe6242d322733bc4be5e3023b8004643e73ab260525a00eace751063463,IRN,"Iran, Islamic Rep.",PA.NUS.FCRF,"Official exchange rate (LCU per US$, period average)",annual_year_columns_in_wdi_data_sheet,,1985,91.069200602911,91.069200602911,PARSED,WDIEXCEL.xlsx!Data!R217453C30
WDI_2018_07_27,,4a46abe6242d322733bc4be5e3023b8004643e73ab260525a00eace751063463,IRN,"Iran, Islamic Rep.",PA.NUS.FCRF,"Official exchange rate (LCU per US$, period average)",annual_year_columns_in_wdi_data_sheet,,1986,78.774988963707,78.774988963707,PARSED,WDIEXCEL.xlsx!Data!R217453C31
WDI_2018_07_27,,4a46abe6242d322733bc4be5e3023b8004643e73ab260525a00eace751063463,IRN,"Iran, Islamic Rep.",PA.NUS.FCRF,"Official exchange rate (LCU per US$, period average)",annual_year_columns_in_wdi_data_sheet,,1987,71.4739932581214,71.4739932581214,PARSED,WDIEXCEL.xlsx!Data!R217453C32
WDI_2018_07_27,,4a46abe6242d322733bc4be5e3023b8004643e73ab260525a00eace751063463,IRN,"Iran, Islamic Rep.",PA.NUS.FCRF,"Official exchange rate (LCU per US$, period average)",annual_year_columns_in_wdi_data_sheet,,1988,68.6964559455701,68.6964559455701,PARSED,WDIEXCEL.xlsx!Data!R217453C33
WDI_2018_07_27,,4a46abe6242d322733bc4be5e3023b8004643e73ab260525a00eace751063463,IRN,"Iran, Islamic Rep.",PA.NUS.FCRF,"Official exchange rate (LCU per US$, period average)",annual_year_columns_in_wdi_data_sheet,,1989,72.0287672454081,72.0287672454081,PARSED,WDIEXCEL.xlsx!Data!R217453C34
WDI_2018_07_27,,4a46abe6242d322733bc4be5e3023b8004643e73ab260525a00eace751063463,IRN,"Iran, Islamic Rep.",PA.NUS.FCRF,"Official exchange rate (LCU per US$, period average)",annual_year_columns_in_wdi_data_sheet,,1990,68.1090923205086,68.1090923205086,PARSED,WDIEXCEL.xlsx!Data!R217453C35
WDI_2018_07_27,,4a46abe6242d322733bc4be5e3023b8004643e73ab260525a00eace751063463,IRN,"Iran, Islamic Rep.",PA.NUS.FCRF,"Official exchange rate (LCU per US$, period average)",annual_year_columns_in_wdi_data_sheet,,1991,67.5184780666154,67.5184780666154,PARSED,WDIEXCEL.xlsx!Data!R217453C36
WDI_2018_07_27,,4a46abe6242d322733bc4be5e3023b8004643e73ab260525a00eace751063463,IRN,"Iran, Islamic Rep.",PA.NUS.FCRF,"Official exchange rate (LCU per US$, period average)",annual_year_columns_in_wdi_data_sheet,,1992,65.5646834398144,65.5646834398144,PARSED,WDIEXCEL.xlsx!Data!R217453C37
WDI_2018_07_27,,4a46abe6242d322733bc4be5e3023b8004643e73ab260525a00eace751063463,IRN,"Iran, Islamic Rep.",PA.NUS.FCRF,"Official exchange rate (LCU per US$, period average)",annual_year_columns_in_wdi_data_sheet,,1993,1268.01768875643,1268.01768875643,PARSED,WDIEXCEL.xlsx!Data!R217453C38
WDI_2018_07_27,,4a46abe6242d322733bc4be5e3023b8004643e73ab260525a00eace751063463,IRN,"Iran, Islamic Rep.",PA.NUS.FCRF,"Official exchange rate (LCU per US$, period average)",annual_year_columns_in_wdi_data_sheet,,1994,1749.08949341006,1749.08949341006,PARSED,WDIEXCEL.xlsx!Data!R217453C39
WDI_2018_07_27,,4a46abe6242d322733bc4be5e3023b8004643e73ab260525a00eace751063463,IRN,"Iran, Islamic Rep.",PA.NUS.FCRF,"Official exchange rate (LCU per US$, period average)",annual_year_columns_in_wdi_data_sheet,,1995,1748.26604244742,1748.26604244742,PARSED,WDIEXCEL.xlsx!Data!R217453C40
WDI_2018_07_27,,4a46abe6242d322733bc4be5e3023b8004643e73ab260525a00eace751063463,IRN,"Iran, Islamic Rep.",PA.NUS.FCRF,"Official exchange rate (LCU per US$, period average)",annual_year_columns_in_wdi_data_sheet,,1996,1751.10201606443,1751.10201606443,PARSED,WDIEXCEL.xlsx!Data!R217453C41
WDI_2018_07_27,,4a46abe6242d322733bc4be5e3023b8004643e73ab260525a00eace751063463,IRN,"Iran, Islamic Rep.",PA.NUS.FCRF,"Official exchange rate (LCU per US$, period average)",annual_year_columns_in_wdi_data_sheet,,1997,1753.26103372481,1753.26103372481,PARSED,WDIEXCEL.xlsx!Data!R217453C42
WDI_2018_07_27,,4a46abe6242d322733bc4be5e3023b8004643e73ab260525a00eace751063463,IRN,"Iran, Islamic Rep.",PA.NUS.FCRF,"Official exchange rate (LCU per US$, period average)",annual_year_columns_in_wdi_data_sheet,,1998,1752.20160186183,1752.20160186183,PARSED,WDIEXCEL.xlsx!Data!R217453C43
WDI_2018_07_27,,4a46abe6242d322733bc4be5e3023b8004643e73ab260525a00eace751063463,IRN,"Iran, Islamic Rep.",PA.NUS.FCRF,"Official exchange rate (LCU per US$, period average)",annual_year_columns_in_wdi_data_sheet,,1999,1753.27050555712,1753.27050555712,PARSED,WDIEXCEL.xlsx!Data!R217453C44
WDI_2018_07_27,,4a46abe6242d322733bc4be5e3023b8004643e73ab260525a00eace751063463,IRN,"Iran, Islamic Rep.",PA.NUS.FCRF,"Official exchange rate (LCU per US$, period average)",annual_year_columns_in_wdi_data_sheet,,2000,1764.77107116642,1764.77107116642,PARSED,WDIEXCEL.xlsx!Data!R217453C45
WDI_2018_07_27,,4a46abe6242d322733bc4be5e3023b8004643e73ab260525a00eace751063463,IRN,"Iran, Islamic Rep.",PA.NUS.FCRF,"Official exchange rate (LCU per US$, period average)",annual_year_columns_in_wdi_data_sheet,,2001,1753.90121006645,1753.90121006645,PARSED,WDIEXCEL.xlsx!Data!R217453C46
WDI_2018_07_27,,4a46abe6242d322733bc4be5e3023b8004643e73ab260525a00eace751063463,IRN,"Iran, Islamic Rep.",PA.NUS.FCRF,"Official exchange rate (LCU per US$, period average)",annual_year_columns_in_wdi_data_sheet,,2002,6907.02037923541,6907.02037923541,PARSED,WDIEXCEL.xlsx!Data!R217453C47
WDI_2018_07_27,,4a46abe6242d322733bc4be5e3023b8004643e73ab260525a00eace751063463,IRN,"Iran, Islamic Rep.",PA.NUS.FCRF,"Official exchange rate (LCU per US$, period average)",annual_year_columns_in_wdi_data_sheet,,2003,8193.88751916667,8193.88751916667,PARSED,WDIEXCEL.xlsx!Data!R217453C48
WDI_2018_07_27,,4a46abe6242d322733bc4be5e3023b8004643e73ab260525a00eace751063463,IRN,"Iran, Islamic Rep.",PA.NUS.FCRF,"Official exchange rate (LCU per US$, period average)",annual_year_columns_in_wdi_data_sheet,,2004,8613.98942075,8613.98942075,PARSED,WDIEXCEL.xlsx!Data!R217453C49
WDI_2018_07_27,,4a46abe6242d322733bc4be5e3023b8004643e73ab260525a00eace751063463,IRN,"Iran, Islamic Rep.",PA.NUS.FCRF,"Official exchange rate (LCU per US$, period average)",annual_year_columns_in_wdi_data_sheet,,2005,8963.95890666667,8963.95890666667,PARSED,WDIEXCEL.xlsx!Data!R217453C50
WDI_2018_07_27,,4a46abe6242d322733bc4be5e3023b8004643e73ab260525a00eace751063463,IRN,"Iran, Islamic Rep.",PA.NUS.FCRF,"Official exchange rate (LCU per US$, period average)",annual_year_columns_in_wdi_data_sheet,,2006,9170.9428775,9170.9428775,PARSED,WDIEXCEL.xlsx!Data!R217453C51
WDI_2018_07_27,,4a46abe6242d322733bc4be5e3023b8004643e73ab260525a00eace751063463,IRN,"Iran, Islamic Rep.",PA.NUS.FCRF,"Official exchange rate (LCU per US$, period average)",annual_year_columns_in_wdi_data_sheet,,2007,9281.15182833333,9281.15182833333,PARSED,WDIEXCEL.xlsx!Data!R217453C52
WDI_2018_07_27,,4a46abe6242d322733bc4be5e3023b8004643e73ab260525a00eace751063463,IRN,"Iran, Islamic Rep.",PA.NUS.FCRF,"Official exchange rate (LCU per US$, period average)",annual_year_columns_in_wdi_data_sheet,,2008,9428.52826083333,9428.52826083333,PARSED,WDIEXCEL.xlsx!Data!R217453C53
WDI_2018_07_27,,4a46abe6242d322733bc4be5e3023b8004643e73ab260525a00eace751063463,IRN,"Iran, Islamic Rep.",PA.NUS.FCRF,"Official exchange rate (LCU per US$, period average)",annual_year_columns_in_wdi_data_sheet,,2009,9864.3024562682,9864.3024562682,PARSED,WDIEXCEL.xlsx!Data!R217453C54
WDI_2018_07_27,,4a46abe6242d322733bc4be5e3023b8004643e73ab260525a00eace751063463,IRN,"Iran, Islamic Rep.",PA.NUS.FCRF,"Official exchange rate (LCU per US$, period average)",annual_year_columns_in_wdi_data_sheet,,2010,10254.176470289,10254.176470289,PARSED,WDIEXCEL.xlsx!Data!R217453C55
WDI_2018_07_27,,4a46abe6242d322733bc4be5e3023b8004643e73ab260525a00eace751063463,IRN,"Iran, Islamic Rep.",PA.NUS.FCRF,"Official exchange rate (LCU per US$, period average)",annual_year_columns_in_wdi_data_sheet,,2011,10616.3066439076,10616.3066439076,PARSED,WDIEXCEL.xlsx!Data!R217453C56
WDI_2018_07_27,,4a46abe6242d322733bc4be5e3023b8004643e73ab260525a00eace751063463,IRN,"Iran, Islamic Rep.",PA.NUS.FCRF,"Official exchange rate (LCU per US$, period average)",annual_year_columns_in_wdi_data_sheet,,2012,12175.5472222222,12175.5472222222,PARSED,WDIEXCEL.xlsx!Data!R217453C57
WDI_2018_07_27,,4a46abe6242d322733bc4be5e3023b8004643e73ab260525a00eace751063463,IRN,"Iran, Islamic Rep.",PA.NUS.FCRF,"Official exchange rate (LCU per US$, period average)",annual_year_columns_in_wdi_data_sheet,,2013,18414.4480100374,18414.4480100374,PARSED,WDIEXCEL.xlsx!Data!R217453C58
WDI_2018_07_27,,4a46abe6242d322733bc4be5e3023b8004643e73ab260525a00eace751063463,IRN,"Iran, Islamic Rep.",PA.NUS.FCRF,"Official exchange rate (LCU per US$, period average)",annual_year_columns_in_wdi_data_sheet,,2014,,,MISSING,WDIEXCEL.xlsx!Data!R217453C59
WDI_2018_07_27,,4a46abe6242d322733bc4be5e3023b8004643e73ab260525a00eace751063463,IRN,"Iran, Islamic Rep.",PA.NUS.FCRF,"Official exchange rate (LCU per US$, period average)",annual_year_columns_in_wdi_data_sheet,,2015,,,MISSING,WDIEXCEL.xlsx!Data!R217453C60
WDI_2018_07_27,,4a46abe6242d322733bc4be5e3023b8004643e73ab260525a00eace751063463,IRN,"Iran, Islamic Rep.",PA.NUS.FCRF,"Official exchange rate (LCU per US$, period average)",annual_year_columns_in_wdi_data_sheet,,2016,,,MISSING,WDIEXCEL.xlsx!Data!R217453C61
WDI_2018_07_27,,4a46abe6242d322733bc4be5e3023b8004643e73ab260525a00eace751063463,IRN,"Iran, Islamic Rep.",PA.NUS.FCRF,"Official exchange rate (LCU per US$, period average)",annual_year_columns_in_wdi_data_sheet,,2017,,,MISSING,WDIEXCEL.xlsx!Data!R217453C62
WDI_2018_10_18,,f1efbbc719ca7e770958514e1d661e8a26e702b48b9d31cf749b1a87d69b5b8f,IRN,"Iran, Islamic Rep.",FP.CPI.TOTL.ZG,"Inflation, consumer prices (annual %)",annual_year_columns_in_wdi_data_sheet,,1960,9.82241081297882,9.82241081297882,PARSED,WDIEXCEL.xlsx!Data!R221487C5
WDI_2018_10_18,,f1efbbc719ca7e770958514e1d661e8a26e702b48b9d31cf749b1a87d69b5b8f,IRN,"Iran, Islamic Rep.",FP.CPI.TOTL.ZG,"Inflation, consumer prices (annual %)",annual_year_columns_in_wdi_data_sheet,,1961,3.16256439585738,3.16256439585738,PARSED,WDIEXCEL.xlsx!Data!R221487C6
WDI_2018_10_18,,f1efbbc719ca7e770958514e1d661e8a26e702b48b9d31cf749b1a87d69b5b8f,IRN,"Iran, Islamic Rep.",FP.CPI.TOTL.ZG,"Inflation, consumer prices (annual %)",annual_year_columns_in_wdi_data_sheet,,1962,0.721320571656314,0.721320571656314,PARSED,WDIEXCEL.xlsx!Data!R221487C7
WDI_2018_10_18,,f1efbbc719ca7e770958514e1d661e8a26e702b48b9d31cf749b1a87d69b5b8f,IRN,"Iran, Islamic Rep.",FP.CPI.TOTL.ZG,"Inflation, consumer prices (annual %)",annual_year_columns_in_wdi_data_sheet,,1963,0.371849607221678,0.371849607221678,PARSED,WDIEXCEL.xlsx!Data!R221487C8
WDI_2018_10_18,,f1efbbc719ca7e770958514e1d661e8a26e702b48b9d31cf749b1a87d69b5b8f,IRN,"Iran, Islamic Rep.",FP.CPI.TOTL.ZG,"Inflation, consumer prices (annual %)",annual_year_columns_in_wdi_data_sheet,,1964,3.81448957223042,3.81448957223042,PARSED,WDIEXCEL.xlsx!Data!R221487C9
WDI_2018_10_18,,f1efbbc719ca7e770958514e1d661e8a26e702b48b9d31cf749b1a87d69b5b8f,IRN,"Iran, Islamic Rep.",FP.CPI.TOTL.ZG,"Inflation, consumer prices (annual %)",annual_year_columns_in_wdi_data_sheet,,1965,2.15437483520968,2.15437483520968,PARSED,WDIEXCEL.xlsx!Data!R221487C10
WDI_2018_10_18,,f1efbbc719ca7e770958514e1d661e8a26e702b48b9d31cf749b1a87d69b5b8f,IRN,"Iran, Islamic Rep.",FP.CPI.TOTL.ZG,"Inflation, consumer prices (annual %)",annual_year_columns_in_wdi_data_sheet,,1966,-0.388148532154474,-0.388148532154474,PARSED,WDIEXCEL.xlsx!Data!R221487C11
WDI_2018_10_18,,f1efbbc719ca7e770958514e1d661e8a26e702b48b9d31cf749b1a87d69b5b8f,IRN,"Iran, Islamic Rep.",FP.CPI.TOTL.ZG,"Inflation, consumer prices (annual %)",annual_year_columns_in_wdi_data_sheet,,1967,1.59761007964359,1.59761007964359,PARSED,WDIEXCEL.xlsx!Data!R221487C12
WDI_2018_10_18,,f1efbbc719ca7e770958514e1d661e8a26e702b48b9d31cf749b1a87d69b5b8f,IRN,"Iran, Islamic Rep.",FP.CPI.TOTL.ZG,"Inflation, consumer prices (annual %)",annual_year_columns_in_wdi_data_sheet,,1968,0.690360521996206,0.690360521996206,PARSED,WDIEXCEL.xlsx!Data!R221487C13
WDI_2018_10_18,,f1efbbc719ca7e770958514e1d661e8a26e702b48b9d31cf749b1a87d69b5b8f,IRN,"Iran, Islamic Rep.",FP.CPI.TOTL.ZG,"Inflation, consumer prices (annual %)",annual_year_columns_in_wdi_data_sheet,,1969,3.59319451551283,3.59319451551283,PARSED,WDIEXCEL.xlsx!Data!R221487C14
WDI_2018_10_18,,f1efbbc719ca7e770958514e1d661e8a26e702b48b9d31cf749b1a87d69b5b8f,IRN,"Iran, Islamic Rep.",FP.CPI.TOTL.ZG,"Inflation, consumer prices (annual %)",annual_year_columns_in_wdi_data_sheet,,1970,1.66687093970066,1.66687093970066,PARSED,WDIEXCEL.xlsx!Data!R221487C15
WDI_2018_10_18,,f1efbbc719ca7e770958514e1d661e8a26e702b48b9d31cf749b1a87d69b5b8f,IRN,"Iran, Islamic Rep.",FP.CPI.TOTL.ZG,"Inflation, consumer prices (annual %)",annual_year_columns_in_wdi_data_sheet,,1971,4.19529837265423,4.19529837265423,PARSED,WDIEXCEL.xlsx!Data!R221487C16
WDI_2018_10_18,,f1efbbc719ca7e770958514e1d661e8a26e702b48b9d31cf749b1a87d69b5b8f,IRN,"Iran, Islamic Rep.",FP.CPI.TOTL.ZG,"Inflation, consumer prices (annual %)",annual_year_columns_in_wdi_data_sheet,,1972,6.39824135128876,6.39824135128876,PARSED,WDIEXCEL.xlsx!Data!R221487C17
WDI_2018_10_18,,f1efbbc719ca7e770958514e1d661e8a26e702b48b9d31cf749b1a87d69b5b8f,IRN,"Iran, Islamic Rep.",FP.CPI.TOTL.ZG,"Inflation, consumer prices (annual %)",annual_year_columns_in_wdi_data_sheet,,1973,9.8194867331876,9.8194867331876,PARSED,WDIEXCEL.xlsx!Data!R221487C18
WDI_2018_10_18,,f1efbbc719ca7e770958514e1d661e8a26e702b48b9d31cf749b1a87d69b5b8f,IRN,"Iran, Islamic Rep.",FP.CPI.TOTL.ZG,"Inflation, consumer prices (annual %)",annual_year_columns_in_wdi_data_sheet,,1974,14.2489355382568,14.2489355382568,PARSED,WDIEXCEL.xlsx!Data!R221487C19
WDI_2018_10_18,,f1efbbc719ca7e770958514e1d661e8a26e702b48b9d31cf749b1a87d69b5b8f,IRN,"Iran, Islamic Rep.",FP.CPI.TOTL.ZG,"Inflation, consumer prices (annual %)",annual_year_columns_in_wdi_data_sheet,,1975,12.8791818338341,12.8791818338341,PARSED,WDIEXCEL.xlsx!Data!R221487C20
WDI_2018_10_18,,f1efbbc719ca7e770958514e1d661e8a26e702b48b9d31cf749b1a87d69b5b8f,IRN,"Iran, Islamic Rep.",FP.CPI.TOTL.ZG,"Inflation, consumer prices (annual %)",annual_year_columns_in_wdi_data_sheet,,1976,11.2561425062111,11.2561425062111,PARSED,WDIEXCEL.xlsx!Data!R221487C21
WDI_2018_10_18,,f1efbbc719ca7e770958514e1d661e8a26e702b48b9d31cf749b1a87d69b5b8f,IRN,"Iran, Islamic Rep.",FP.CPI.TOTL.ZG,"Inflation, consumer prices (annual %)",annual_year_columns_in_wdi_data_sheet,,1977,27.2877846793093,27.2877846793093,PARSED,WDIEXCEL.xlsx!Data!R221487C22
WDI_2018_10_18,,f1efbbc719ca7e770958514e1d661e8a26e702b48b9d31cf749b1a87d69b5b8f,IRN,"Iran, Islamic Rep.",FP.CPI.TOTL.ZG,"Inflation, consumer prices (annual %)",annual_year_columns_in_wdi_data_sheet,,1978,11.7219692041212,11.7219692041212,PARSED,WDIEXCEL.xlsx!Data!R221487C23
WDI_2018_10_18,,f1efbbc719ca7e770958514e1d661e8a26e702b48b9d31cf749b1a87d69b5b8f,IRN,"Iran, Islamic Rep.",FP.CPI.TOTL.ZG,"Inflation, consumer prices (annual %)",annual_year_columns_in_wdi_data_sheet,,1979,10.4872367273486,10.4872367273486,PARSED,WDIEXCEL.xlsx!Data!R221487C24
WDI_2018_10_18,,f1efbbc719ca7e770958514e1d661e8a26e702b48b9d31cf749b1a87d69b5b8f,IRN,"Iran, Islamic Rep.",FP.CPI.TOTL.ZG,"Inflation, consumer prices (annual %)",annual_year_columns_in_wdi_data_sheet,,1980,20.6439144373798,20.6439144373798,PARSED,WDIEXCEL.xlsx!Data!R221487C25
WDI_2018_10_18,,f1efbbc719ca7e770958514e1d661e8a26e702b48b9d31cf749b1a87d69b5b8f,IRN,"Iran, Islamic Rep.",FP.CPI.TOTL.ZG,"Inflation, consumer prices (annual %)",annual_year_columns_in_wdi_data_sheet,,1981,24.2035897624486,24.2035897624486,PARSED,WDIEXCEL.xlsx!Data!R221487C26
WDI_2018_10_18,,f1efbbc719ca7e770958514e1d661e8a26e702b48b9d31cf749b1a87d69b5b8f,IRN,"Iran, Islamic Rep.",FP.CPI.TOTL.ZG,"Inflation, consumer prices (annual %)",annual_year_columns_in_wdi_data_sheet,,1982,18.6897259269564,18.6897259269564,PARSED,WDIEXCEL.xlsx!Data!R221487C27
WDI_2018_10_18,,f1efbbc719ca7e770958514e1d661e8a26e702b48b9d31cf749b1a87d69b5b8f,IRN,"Iran, Islamic Rep.",FP.CPI.TOTL.ZG,"Inflation, consumer prices (annual %)",annual_year_columns_in_wdi_data_sheet,,1983,19.7401891778611,19.7401891778611,PARSED,WDIEXCEL.xlsx!Data!R221487C28
WDI_2018_10_18,,f1efbbc719ca7e770958514e1d661e8a26e702b48b9d31cf749b1a87d69b5b8f,IRN,"Iran, Islamic Rep.",FP.CPI.TOTL.ZG,"Inflation, consumer prices (annual %)",annual_year_columns_in_wdi_data_sheet,,1984,12.5402194538869,12.5402194538869,PARSED,WDIEXCEL.xlsx!Data!R221487C29
WDI_2018_10_18,,f1efbbc719ca7e770958514e1d661e8a26e702b48b9d31cf749b1a87d69b5b8f,IRN,"Iran, Islamic Rep.",FP.CPI.TOTL.ZG,"Inflation, consumer prices (annual %)",annual_year_columns_in_wdi_data_sheet,,1985,4.38934095741536,4.38934095741536,PARSED,WDIEXCEL.xlsx!Data!R221487C30
WDI_2018_10_18,,f1efbbc719ca7e770958514e1d661e8a26e702b48b9d31cf749b1a87d69b5b8f,IRN,"Iran, Islamic Rep.",FP.CPI.TOTL.ZG,"Inflation, consumer prices (annual %)",annual_year_columns_in_wdi_data_sheet,,1986,18.4290030211475,18.4290030211475,PARSED,WDIEXCEL.xlsx!Data!R221487C31
WDI_2018_10_18,,f1efbbc719ca7e770958514e1d661e8a26e702b48b9d31cf749b1a87d69b5b8f,IRN,"Iran, Islamic Rep.",FP.CPI.TOTL.ZG,"Inflation, consumer prices (annual %)",annual_year_columns_in_wdi_data_sheet,,1987,28.5714285714291,28.5714285714291,PARSED,WDIEXCEL.xlsx!Data!R221487C32
WDI_2018_10_18,,f1efbbc719ca7e770958514e1d661e8a26e702b48b9d31cf749b1a87d69b5b8f,IRN,"Iran, Islamic Rep.",FP.CPI.TOTL.ZG,"Inflation, consumer prices (annual %)",annual_year_columns_in_wdi_data_sheet,,1988,28.6706349206345,28.6706349206345,PARSED,WDIEXCEL.xlsx!Data!R221487C33
WDI_2018_10_18,,f1efbbc719ca7e770958514e1d661e8a26e702b48b9d31cf749b1a87d69b5b8f,IRN,"Iran, Islamic Rep.",FP.CPI.TOTL.ZG,"Inflation, consumer prices (annual %)",annual_year_columns_in_wdi_data_sheet,,1989,22.3496530454897,22.3496530454897,PARSED,WDIEXCEL.xlsx!Data!R221487C34
WDI_2018_10_18,,f1efbbc719ca7e770958514e1d661e8a26e702b48b9d31cf749b1a87d69b5b8f,IRN,"Iran, Islamic Rep.",FP.CPI.TOTL.ZG,"Inflation, consumer prices (annual %)",annual_year_columns_in_wdi_data_sheet,,1990,7.62767493763934,7.62767493763934,PARSED,WDIEXCEL.xlsx!Data!R221487C35
WDI_2018_10_18,,f1efbbc719ca7e770958514e1d661e8a26e702b48b9d31cf749b1a87d69b5b8f,IRN,"Iran, Islamic Rep.",FP.CPI.TOTL.ZG,"Inflation, consumer prices (annual %)",annual_year_columns_in_wdi_data_sheet,,1991,17.1285679434011,17.1285679434011,PARSED,WDIEXCEL.xlsx!Data!R221487C36
WDI_2018_10_18,,f1efbbc719ca7e770958514e1d661e8a26e702b48b9d31cf749b1a87d69b5b8f,IRN,"Iran, Islamic Rep.",FP.CPI.TOTL.ZG,"Inflation, consumer prices (annual %)",annual_year_columns_in_wdi_data_sheet,,1992,25.8077226162331,25.8077226162331,PARSED,WDIEXCEL.xlsx!Data!R221487C37
WDI_2018_10_18,,f1efbbc719ca7e770958514e1d661e8a26e702b48b9d31cf749b1a87d69b5b8f,IRN,"Iran, Islamic Rep.",FP.CPI.TOTL.ZG,"Inflation, consumer prices (annual %)",annual_year_columns_in_wdi_data_sheet,,1993,21.2026307547761,21.2026307547761,PARSED,WDIEXCEL.xlsx!Data!R221487C38
WDI_2018_10_18,,f1efbbc719ca7e770958514e1d661e8a26e702b48b9d31cf749b1a87d69b5b8f,IRN,"Iran, Islamic Rep.",FP.CPI.TOTL.ZG,"Inflation, consumer prices (annual %)",annual_year_columns_in_wdi_data_sheet,,1994,31.4470284237728,31.4470284237728,PARSED,WDIEXCEL.xlsx!Data!R221487C39
WDI_2018_10_18,,f1efbbc719ca7e770958514e1d661e8a26e702b48b9d31cf749b1a87d69b5b8f,IRN,"Iran, Islamic Rep.",FP.CPI.TOTL.ZG,"Inflation, consumer prices (annual %)",annual_year_columns_in_wdi_data_sheet,,1995,49.6559858462747,49.6559858462747,PARSED,WDIEXCEL.xlsx!Data!R221487C40
WDI_2018_10_18,,f1efbbc719ca7e770958514e1d661e8a26e702b48b9d31cf749b1a87d69b5b8f,IRN,"Iran, Islamic Rep.",FP.CPI.TOTL.ZG,"Inflation, consumer prices (annual %)",annual_year_columns_in_wdi_data_sheet,,1996,28.9373440168136,28.9373440168136,PARSED,WDIEXCEL.xlsx!Data!R221487C41
WDI_2018_10_18,,f1efbbc719ca7e770958514e1d661e8a26e702b48b9d31cf749b1a87d69b5b8f,IRN,"Iran, Islamic Rep.",FP.CPI.TOTL.ZG,"Inflation, consumer prices (annual %)",annual_year_columns_in_wdi_data_sheet,,1997,17.3492257538708,17.3492257538708,PARSED,WDIEXCEL.xlsx!Data!R221487C42
WDI_2018_10_18,,f1efbbc719ca7e770958514e1d661e8a26e702b48b9d31cf749b1a87d69b5b8f,IRN,"Iran, Islamic Rep.",FP.CPI.TOTL.ZG,"Inflation, consumer prices (annual %)",annual_year_columns_in_wdi_data_sheet,,1998,17.8661342130397,17.8661342130397,PARSED,WDIEXCEL.xlsx!Data!R221487C43
WDI_2018_10_18,,f1efbbc719ca7e770958514e1d661e8a26e702b48b9d31cf749b1a87d69b5b8f,IRN,"Iran, Islamic Rep.",FP.CPI.TOTL.ZG,"Inflation, consumer prices (annual %)",annual_year_columns_in_wdi_data_sheet,,1999,20.0707078146867,20.0707078146867,PARSED,WDIEXCEL.xlsx!Data!R221487C44
WDI_2018_10_18,,f1efbbc719ca7e770958514e1d661e8a26e702b48b9d31cf749b1a87d69b5b8f,IRN,"Iran, Islamic Rep.",FP.CPI.TOTL.ZG,"Inflation, consumer prices (annual %)",annual_year_columns_in_wdi_data_sheet,,2000,14.4767513188565,14.4767513188565,PARSED,WDIEXCEL.xlsx!Data!R221487C45
WDI_2018_10_18,,f1efbbc719ca7e770958514e1d661e8a26e702b48b9d31cf749b1a87d69b5b8f,IRN,"Iran, Islamic Rep.",FP.CPI.TOTL.ZG,"Inflation, consumer prices (annual %)",annual_year_columns_in_wdi_data_sheet,,2001,11.2742471332117,11.2742471332117,PARSED,WDIEXCEL.xlsx!Data!R221487C46
WDI_2018_10_18,,f1efbbc719ca7e770958514e1d661e8a26e702b48b9d31cf749b1a87d69b5b8f,IRN,"Iran, Islamic Rep.",FP.CPI.TOTL.ZG,"Inflation, consumer prices (annual %)",annual_year_columns_in_wdi_data_sheet,,2002,14.3359337378404,14.3359337378404,PARSED,WDIEXCEL.xlsx!Data!R221487C47
WDI_2018_10_18,,f1efbbc719ca7e770958514e1d661e8a26e702b48b9d31cf749b1a87d69b5b8f,IRN,"Iran, Islamic Rep.",FP.CPI.TOTL.ZG,"Inflation, consumer prices (annual %)",annual_year_columns_in_wdi_data_sheet,,2003,16.4680116244792,16.4680116244792,PARSED,WDIEXCEL.xlsx!Data!R221487C48
WDI_2018_10_18,,f1efbbc719ca7e770958514e1d661e8a26e702b48b9d31cf749b1a87d69b5b8f,IRN,"Iran, Islamic Rep.",FP.CPI.TOTL.ZG,"Inflation, consumer prices (annual %)",annual_year_columns_in_wdi_data_sheet,,2004,14.7615086970673,14.7615086970673,PARSED,WDIEXCEL.xlsx!Data!R221487C49
WDI_2018_10_18,,f1efbbc719ca7e770958514e1d661e8a26e702b48b9d31cf749b1a87d69b5b8f,IRN,"Iran, Islamic Rep.",FP.CPI.TOTL.ZG,"Inflation, consumer prices (annual %)",annual_year_columns_in_wdi_data_sheet,,2005,13.4331180085079,13.4331180085079,PARSED,WDIEXCEL.xlsx!Data!R221487C50
WDI_2018_10_18,,f1efbbc719ca7e770958514e1d661e8a26e702b48b9d31cf749b1a87d69b5b8f,IRN,"Iran, Islamic Rep.",FP.CPI.TOTL.ZG,"Inflation, consumer prices (annual %)",annual_year_columns_in_wdi_data_sheet,,2006,11.9395521973441,11.9395521973441,PARSED,WDIEXCEL.xlsx!Data!R221487C51
WDI_2018_10_18,,f1efbbc719ca7e770958514e1d661e8a26e702b48b9d31cf749b1a87d69b5b8f,IRN,"Iran, Islamic Rep.",FP.CPI.TOTL.ZG,"Inflation, consumer prices (annual %)",annual_year_columns_in_wdi_data_sheet,,2007,17.2130463525814,17.2130463525814,PARSED,WDIEXCEL.xlsx!Data!R221487C52
WDI_2018_10_18,,f1efbbc719ca7e770958514e1d661e8a26e702b48b9d31cf749b1a87d69b5b8f,IRN,"Iran, Islamic Rep.",FP.CPI.TOTL.ZG,"Inflation, consumer prices (annual %)",annual_year_columns_in_wdi_data_sheet,,2008,25.5498446091322,25.5498446091322,PARSED,WDIEXCEL.xlsx!Data!R221487C53
WDI_2018_10_18,,f1efbbc719ca7e770958514e1d661e8a26e702b48b9d31cf749b1a87d69b5b8f,IRN,"Iran, Islamic Rep.",FP.CPI.TOTL.ZG,"Inflation, consumer prices (annual %)",annual_year_columns_in_wdi_data_sheet,,2009,13.5002618174896,13.5002618174896,PARSED,WDIEXCEL.xlsx!Data!R221487C54
WDI_2018_10_18,,f1efbbc719ca7e770958514e1d661e8a26e702b48b9d31cf749b1a87d69b5b8f,IRN,"Iran, Islamic Rep.",FP.CPI.TOTL.ZG,"Inflation, consumer prices (annual %)",annual_year_columns_in_wdi_data_sheet,,2010,10.1371471710771,10.1371471710771,PARSED,WDIEXCEL.xlsx!Data!R221487C55
WDI_2018_10_18,,f1efbbc719ca7e770958514e1d661e8a26e702b48b9d31cf749b1a87d69b5b8f,IRN,"Iran, Islamic Rep.",FP.CPI.TOTL.ZG,"Inflation, consumer prices (annual %)",annual_year_columns_in_wdi_data_sheet,,2011,20.6283320639756,20.6283320639756,PARSED,WDIEXCEL.xlsx!Data!R221487C56
WDI_2018_10_18,,f1efbbc719ca7e770958514e1d661e8a26e702b48b9d31cf749b1a87d69b5b8f,IRN,"Iran, Islamic Rep.",FP.CPI.TOTL.ZG,"Inflation, consumer prices (annual %)",annual_year_columns_in_wdi_data_sheet,,2012,26.4547710004051,26.4547710004051,PARSED,WDIEXCEL.xlsx!Data!R221487C57
WDI_2018_10_18,,f1efbbc719ca7e770958514e1d661e8a26e702b48b9d31cf749b1a87d69b5b8f,IRN,"Iran, Islamic Rep.",FP.CPI.TOTL.ZG,"Inflation, consumer prices (annual %)",annual_year_columns_in_wdi_data_sheet,,2013,39.2663609837432,39.2663609837432,PARSED,WDIEXCEL.xlsx!Data!R221487C58
WDI_2018_10_18,,f1efbbc719ca7e770958514e1d661e8a26e702b48b9d31cf749b1a87d69b5b8f,IRN,"Iran, Islamic Rep.",FP.CPI.TOTL.ZG,"Inflation, consumer prices (annual %)",annual_year_columns_in_wdi_data_sheet,,2014,17.2353586750474,17.2353586750474,PARSED,WDIEXCEL.xlsx!Data!R221487C59
WDI_2018_10_18,,f1efbbc719ca7e770958514e1d661e8a26e702b48b9d31cf749b1a87d69b5b8f,IRN,"Iran, Islamic Rep.",FP.CPI.TOTL.ZG,"Inflation, consumer prices (annual %)",annual_year_columns_in_wdi_data_sheet,,2015,13.705799753202,13.705799753202,PARSED,WDIEXCEL.xlsx!Data!R221487C60
WDI_2018_10_18,,f1efbbc719ca7e770958514e1d661e8a26e702b48b9d31cf749b1a87d69b5b8f,IRN,"Iran, Islamic Rep.",FP.CPI.TOTL.ZG,"Inflation, consumer prices (annual %)",annual_year_columns_in_wdi_data_sheet,,2016,8.58225544271087,8.58225544271087,PARSED,WDIEXCEL.xlsx!Data!R221487C61
WDI_2018_10_18,,f1efbbc719ca7e770958514e1d661e8a26e702b48b9d31cf749b1a87d69b5b8f,IRN,"Iran, Islamic Rep.",FP.CPI.TOTL.ZG,"Inflation, consumer prices (annual %)",annual_year_columns_in_wdi_data_sheet,,2017,10.4812336755742,10.4812336755742,PARSED,WDIEXCEL.xlsx!Data!R221487C62
WDI_2018_10_18,,f1efbbc719ca7e770958514e1d661e8a26e702b48b9d31cf749b1a87d69b5b8f,IRN,"Iran, Islamic Rep.",PA.NUS.FCRF,"Official exchange rate (LCU per US$, period average)",annual_year_columns_in_wdi_data_sheet,,1960,75.75000007575,75.75000007575,PARSED,WDIEXCEL.xlsx!Data!R221810C5
WDI_2018_10_18,,f1efbbc719ca7e770958514e1d661e8a26e702b48b9d31cf749b1a87d69b5b8f,IRN,"Iran, Islamic Rep.",PA.NUS.FCRF,"Official exchange rate (LCU per US$, period average)",annual_year_columns_in_wdi_data_sheet,,1961,75.75000007575,75.75000007575,PARSED,WDIEXCEL.xlsx!Data!R221810C6
WDI_2018_10_18,,f1efbbc719ca7e770958514e1d661e8a26e702b48b9d31cf749b1a87d69b5b8f,IRN,"Iran, Islamic Rep.",PA.NUS.FCRF,"Official exchange rate (LCU per US$, period average)",annual_year_columns_in_wdi_data_sheet,,1962,75.75000007575,75.75000007575,PARSED,WDIEXCEL.xlsx!Data!R221810C7
WDI_2018_10_18,,f1efbbc719ca7e770958514e1d661e8a26e702b48b9d31cf749b1a87d69b5b8f,IRN,"Iran, Islamic Rep.",PA.NUS.FCRF,"Official exchange rate (LCU per US$, period average)",annual_year_columns_in_wdi_data_sheet,,1963,75.75000007575,75.75000007575,PARSED,WDIEXCEL.xlsx!Data!R221810C8
WDI_2018_10_18,,f1efbbc719ca7e770958514e1d661e8a26e702b48b9d31cf749b1a87d69b5b8f,IRN,"Iran, Islamic Rep.",PA.NUS.FCRF,"Official exchange rate (LCU per US$, period average)",annual_year_columns_in_wdi_data_sheet,,1964,75.75000007575,75.75000007575,PARSED,WDIEXCEL.xlsx!Data!R221810C9
WDI_2018_10_18,,f1efbbc719ca7e770958514e1d661e8a26e702b48b9d31cf749b1a87d69b5b8f,IRN,"Iran, Islamic Rep.",PA.NUS.FCRF,"Official exchange rate (LCU per US$, period average)",annual_year_columns_in_wdi_data_sheet,,1965,75.75000007575,75.75000007575,PARSED,WDIEXCEL.xlsx!Data!R221810C10
WDI_2018_10_18,,f1efbbc719ca7e770958514e1d661e8a26e702b48b9d31cf749b1a87d69b5b8f,IRN,"Iran, Islamic Rep.",PA.NUS.FCRF,"Official exchange rate (LCU per US$, period average)",annual_year_columns_in_wdi_data_sheet,,1966,75.75000007575,75.75000007575,PARSED,WDIEXCEL.xlsx!Data!R221810C11
WDI_2018_10_18,,f1efbbc719ca7e770958514e1d661e8a26e702b48b9d31cf749b1a87d69b5b8f,IRN,"Iran, Islamic Rep.",PA.NUS.FCRF,"Official exchange rate (LCU per US$, period average)",annual_year_columns_in_wdi_data_sheet,,1967,75.75000007575,75.75000007575,PARSED,WDIEXCEL.xlsx!Data!R221810C12
WDI_2018_10_18,,f1efbbc719ca7e770958514e1d661e8a26e702b48b9d31cf749b1a87d69b5b8f,IRN,"Iran, Islamic Rep.",PA.NUS.FCRF,"Official exchange rate (LCU per US$, period average)",annual_year_columns_in_wdi_data_sheet,,1968,75.75000007575,75.75000007575,PARSED,WDIEXCEL.xlsx!Data!R221810C13
WDI_2018_10_18,,f1efbbc719ca7e770958514e1d661e8a26e702b48b9d31cf749b1a87d69b5b8f,IRN,"Iran, Islamic Rep.",PA.NUS.FCRF,"Official exchange rate (LCU per US$, period average)",annual_year_columns_in_wdi_data_sheet,,1969,75.75000007575,75.75000007575,PARSED,WDIEXCEL.xlsx!Data!R221810C14
WDI_2018_10_18,,f1efbbc719ca7e770958514e1d661e8a26e702b48b9d31cf749b1a87d69b5b8f,IRN,"Iran, Islamic Rep.",PA.NUS.FCRF,"Official exchange rate (LCU per US$, period average)",annual_year_columns_in_wdi_data_sheet,,1970,75.75000007575,75.75000007575,PARSED,WDIEXCEL.xlsx!Data!R221810C15
WDI_2018_10_18,,f1efbbc719ca7e770958514e1d661e8a26e702b48b9d31cf749b1a87d69b5b8f,IRN,"Iran, Islamic Rep.",PA.NUS.FCRF,"Official exchange rate (LCU per US$, period average)",annual_year_columns_in_wdi_data_sheet,,1971,75.7500000694375,75.7500000694375,PARSED,WDIEXCEL.xlsx!Data!R221810C16
WDI_2018_10_18,,f1efbbc719ca7e770958514e1d661e8a26e702b48b9d31cf749b1a87d69b5b8f,IRN,"Iran, Islamic Rep.",PA.NUS.FCRF,"Official exchange rate (LCU per US$, period average)",annual_year_columns_in_wdi_data_sheet,,1972,75.7499701345202,75.7499701345202,PARSED,WDIEXCEL.xlsx!Data!R221810C17
WDI_2018_10_18,,f1efbbc719ca7e770958514e1d661e8a26e702b48b9d31cf749b1a87d69b5b8f,IRN,"Iran, Islamic Rep.",PA.NUS.FCRF,"Official exchange rate (LCU per US$, period average)",annual_year_columns_in_wdi_data_sheet,,1973,68.8860419482585,68.8860419482585,PARSED,WDIEXCEL.xlsx!Data!R221810C18
WDI_2018_10_18,,f1efbbc719ca7e770958514e1d661e8a26e702b48b9d31cf749b1a87d69b5b8f,IRN,"Iran, Islamic Rep.",PA.NUS.FCRF,"Official exchange rate (LCU per US$, period average)",annual_year_columns_in_wdi_data_sheet,,1974,67.641342246617,67.641342246617,PARSED,WDIEXCEL.xlsx!Data!R221810C19
WDI_2018_10_18,,f1efbbc719ca7e770958514e1d661e8a26e702b48b9d31cf749b1a87d69b5b8f,IRN,"Iran, Islamic Rep.",PA.NUS.FCRF,"Official exchange rate (LCU per US$, period average)",annual_year_columns_in_wdi_data_sheet,,1975,67.6549455324406,67.6549455324406,PARSED,WDIEXCEL.xlsx!Data!R221810C20
WDI_2018_10_18,,f1efbbc719ca7e770958514e1d661e8a26e702b48b9d31cf749b1a87d69b5b8f,IRN,"Iran, Islamic Rep.",PA.NUS.FCRF,"Official exchange rate (LCU per US$, period average)",annual_year_columns_in_wdi_data_sheet,,1976,70.2390698610516,70.2390698610516,PARSED,WDIEXCEL.xlsx!Data!R221810C21
WDI_2018_10_18,,f1efbbc719ca7e770958514e1d661e8a26e702b48b9d31cf749b1a87d69b5b8f,IRN,"Iran, Islamic Rep.",PA.NUS.FCRF,"Official exchange rate (LCU per US$, period average)",annual_year_columns_in_wdi_data_sheet,,1977,70.6337318788855,70.6337318788855,PARSED,WDIEXCEL.xlsx!Data!R221810C22
WDI_2018_10_18,,f1efbbc719ca7e770958514e1d661e8a26e702b48b9d31cf749b1a87d69b5b8f,IRN,"Iran, Islamic Rep.",PA.NUS.FCRF,"Official exchange rate (LCU per US$, period average)",annual_year_columns_in_wdi_data_sheet,,1978,70.4920309761581,70.4920309761581,PARSED,WDIEXCEL.xlsx!Data!R221810C23
WDI_2018_10_18,,f1efbbc719ca7e770958514e1d661e8a26e702b48b9d31cf749b1a87d69b5b8f,IRN,"Iran, Islamic Rep.",PA.NUS.FCRF,"Official exchange rate (LCU per US$, period average)",annual_year_columns_in_wdi_data_sheet,,1979,70.4920309761581,70.4920309761581,PARSED,WDIEXCEL.xlsx!Data!R221810C24
WDI_2018_10_18,,f1efbbc719ca7e770958514e1d661e8a26e702b48b9d31cf749b1a87d69b5b8f,IRN,"Iran, Islamic Rep.",PA.NUS.FCRF,"Official exchange rate (LCU per US$, period average)",annual_year_columns_in_wdi_data_sheet,,1980,70.631848089676,70.631848089676,PARSED,WDIEXCEL.xlsx!Data!R221810C25
WDI_2018_10_18,,f1efbbc719ca7e770958514e1d661e8a26e702b48b9d31cf749b1a87d69b5b8f,IRN,"Iran, Islamic Rep.",PA.NUS.FCRF,"Official exchange rate (LCU per US$, period average)",annual_year_columns_in_wdi_data_sheet,,1981,78.3468453777361,78.3468453777361,PARSED,WDIEXCEL.xlsx!Data!R221810C26
WDI_2018_10_18,,f1efbbc719ca7e770958514e1d661e8a26e702b48b9d31cf749b1a87d69b5b8f,IRN,"Iran, Islamic Rep.",PA.NUS.FCRF,"Official exchange rate (LCU per US$, period average)",annual_year_columns_in_wdi_data_sheet,,1982,83.6226700245569,83.6226700245569,PARSED,WDIEXCEL.xlsx!Data!R221810C27
WDI_2018_10_18,,f1efbbc719ca7e770958514e1d661e8a26e702b48b9d31cf749b1a87d69b5b8f,IRN,"Iran, Islamic Rep.",PA.NUS.FCRF,"Official exchange rate (LCU per US$, period average)",annual_year_columns_in_wdi_data_sheet,,1983,86.3787358940775,86.3787358940775,PARSED,WDIEXCEL.xlsx!Data!R221810C28
WDI_2018_10_18,,f1efbbc719ca7e770958514e1d661e8a26e702b48b9d31cf749b1a87d69b5b8f,IRN,"Iran, Islamic Rep.",PA.NUS.FCRF,"Official exchange rate (LCU per US$, period average)",annual_year_columns_in_wdi_data_sheet,,1984,90.0514398915356,90.0514398915356,PARSED,WDIEXCEL.xlsx!Data!R221810C29
WDI_2018_10_18,,f1efbbc719ca7e770958514e1d661e8a26e702b48b9d31cf749b1a87d69b5b8f,IRN,"Iran, Islamic Rep.",PA.NUS.FCRF,"Official exchange rate (LCU per US$, period average)",annual_year_columns_in_wdi_data_sheet,,1985,91.0735868439752,91.0735868439752,PARSED,WDIEXCEL.xlsx!Data!R221810C30
WDI_2018_10_18,,f1efbbc719ca7e770958514e1d661e8a26e702b48b9d31cf749b1a87d69b5b8f,IRN,"Iran, Islamic Rep.",PA.NUS.FCRF,"Official exchange rate (LCU per US$, period average)",annual_year_columns_in_wdi_data_sheet,,1986,78.7787830685101,78.7787830685101,PARSED,WDIEXCEL.xlsx!Data!R221810C31
WDI_2018_10_18,,f1efbbc719ca7e770958514e1d661e8a26e702b48b9d31cf749b1a87d69b5b8f,IRN,"Iran, Islamic Rep.",PA.NUS.FCRF,"Official exchange rate (LCU per US$, period average)",annual_year_columns_in_wdi_data_sheet,,1987,71.4774357190432,71.4774357190432,PARSED,WDIEXCEL.xlsx!Data!R221810C32
WDI_2018_10_18,,f1efbbc719ca7e770958514e1d661e8a26e702b48b9d31cf749b1a87d69b5b8f,IRN,"Iran, Islamic Rep.",PA.NUS.FCRF,"Official exchange rate (LCU per US$, period average)",annual_year_columns_in_wdi_data_sheet,,1988,68.6997646296701,68.6997646296701,PARSED,WDIEXCEL.xlsx!Data!R221810C33
WDI_2018_10_18,,f1efbbc719ca7e770958514e1d661e8a26e702b48b9d31cf749b1a87d69b5b8f,IRN,"Iran, Islamic Rep.",PA.NUS.FCRF,"Official exchange rate (LCU per US$, period average)",annual_year_columns_in_wdi_data_sheet,,1989,72.0322364263672,72.0322364263672,PARSED,WDIEXCEL.xlsx!Data!R221810C34
WDI_2018_10_18,,f1efbbc719ca7e770958514e1d661e8a26e702b48b9d31cf749b1a87d69b5b8f,IRN,"Iran, Islamic Rep.",PA.NUS.FCRF,"Official exchange rate (LCU per US$, period average)",annual_year_columns_in_wdi_data_sheet,,1990,68.1123727149296,68.1123727149296,PARSED,WDIEXCEL.xlsx!Data!R221810C35
WDI_2018_10_18,,f1efbbc719ca7e770958514e1d661e8a26e702b48b9d31cf749b1a87d69b5b8f,IRN,"Iran, Islamic Rep.",PA.NUS.FCRF,"Official exchange rate (LCU per US$, period average)",annual_year_columns_in_wdi_data_sheet,,1991,67.5217300147946,67.5217300147946,PARSED,WDIEXCEL.xlsx!Data!R221810C36
WDI_2018_10_18,,f1efbbc719ca7e770958514e1d661e8a26e702b48b9d31cf749b1a87d69b5b8f,IRN,"Iran, Islamic Rep.",PA.NUS.FCRF,"Official exchange rate (LCU per US$, period average)",annual_year_columns_in_wdi_data_sheet,,1992,65.5678412857706,65.5678412857706,PARSED,WDIEXCEL.xlsx!Data!R221810C37
WDI_2018_10_18,,f1efbbc719ca7e770958514e1d661e8a26e702b48b9d31cf749b1a87d69b5b8f,IRN,"Iran, Islamic Rep.",PA.NUS.FCRF,"Official exchange rate (LCU per US$, period average)",annual_year_columns_in_wdi_data_sheet,,1993,1268.07876133881,1268.07876133881,PARSED,WDIEXCEL.xlsx!Data!R221810C38
WDI_2018_10_18,,f1efbbc719ca7e770958514e1d661e8a26e702b48b9d31cf749b1a87d69b5b8f,IRN,"Iran, Islamic Rep.",PA.NUS.FCRF,"Official exchange rate (LCU per US$, period average)",annual_year_columns_in_wdi_data_sheet,,1994,1749.17373625079,1749.17373625079,PARSED,WDIEXCEL.xlsx!Data!R221810C39
WDI_2018_10_18,,f1efbbc719ca7e770958514e1d661e8a26e702b48b9d31cf749b1a87d69b5b8f,IRN,"Iran, Islamic Rep.",PA.NUS.FCRF,"Official exchange rate (LCU per US$, period average)",annual_year_columns_in_wdi_data_sheet,,1995,1748.35024562759,1748.35024562759,PARSED,WDIEXCEL.xlsx!Data!R221810C40
WDI_2018_10_18,,f1efbbc719ca7e770958514e1d661e8a26e702b48b9d31cf749b1a87d69b5b8f,IRN,"Iran, Islamic Rep.",PA.NUS.FCRF,"Official exchange rate (LCU per US$, period average)",annual_year_columns_in_wdi_data_sheet,,1996,1751.18635583594,1751.18635583594,PARSED,WDIEXCEL.xlsx!Data!R221810C41
WDI_2018_10_18,,f1efbbc719ca7e770958514e1d661e8a26e702b48b9d31cf749b1a87d69b5b8f,IRN,"Iran, Islamic Rep.",PA.NUS.FCRF,"Official exchange rate (LCU per US$, period average)",annual_year_columns_in_wdi_data_sheet,,1997,1753.34547748286,1753.34547748286,PARSED,WDIEXCEL.xlsx!Data!R221810C42
WDI_2018_10_18,,f1efbbc719ca7e770958514e1d661e8a26e702b48b9d31cf749b1a87d69b5b8f,IRN,"Iran, Islamic Rep.",PA.NUS.FCRF,"Official exchange rate (LCU per US$, period average)",annual_year_columns_in_wdi_data_sheet,,1998,1752.28599459359,1752.28599459359,PARSED,WDIEXCEL.xlsx!Data!R221810C43
WDI_2018_10_18,,f1efbbc719ca7e770958514e1d661e8a26e702b48b9d31cf749b1a87d69b5b8f,IRN,"Iran, Islamic Rep.",PA.NUS.FCRF,"Official exchange rate (LCU per US$, period average)",annual_year_columns_in_wdi_data_sheet,,1999,1753.35494977138,1753.35494977138,PARSED,WDIEXCEL.xlsx!Data!R221810C44
WDI_2018_10_18,,f1efbbc719ca7e770958514e1d661e8a26e702b48b9d31cf749b1a87d69b5b8f,IRN,"Iran, Islamic Rep.",PA.NUS.FCRF,"Official exchange rate (LCU per US$, period average)",annual_year_columns_in_wdi_data_sheet,,2000,1764.85606929191,1764.85606929191,PARSED,WDIEXCEL.xlsx!Data!R221810C45
WDI_2018_10_18,,f1efbbc719ca7e770958514e1d661e8a26e702b48b9d31cf749b1a87d69b5b8f,IRN,"Iran, Islamic Rep.",PA.NUS.FCRF,"Official exchange rate (LCU per US$, period average)",annual_year_columns_in_wdi_data_sheet,,2001,1753.98568465785,1753.98568465785,PARSED,WDIEXCEL.xlsx!Data!R221810C46
WDI_2018_10_18,,f1efbbc719ca7e770958514e1d661e8a26e702b48b9d31cf749b1a87d69b5b8f,IRN,"Iran, Islamic Rep.",PA.NUS.FCRF,"Official exchange rate (LCU per US$, period average)",annual_year_columns_in_wdi_data_sheet,,2002,6907.03445561653,6907.03445561653,PARSED,WDIEXCEL.xlsx!Data!R221810C47
WDI_2018_10_18,,f1efbbc719ca7e770958514e1d661e8a26e702b48b9d31cf749b1a87d69b5b8f,IRN,"Iran, Islamic Rep.",PA.NUS.FCRF,"Official exchange rate (LCU per US$, period average)",annual_year_columns_in_wdi_data_sheet,,2003,8193.88751916667,8193.88751916667,PARSED,WDIEXCEL.xlsx!Data!R221810C48
WDI_2018_10_18,,f1efbbc719ca7e770958514e1d661e8a26e702b48b9d31cf749b1a87d69b5b8f,IRN,"Iran, Islamic Rep.",PA.NUS.FCRF,"Official exchange rate (LCU per US$, period average)",annual_year_columns_in_wdi_data_sheet,,2004,8613.98942075,8613.98942075,PARSED,WDIEXCEL.xlsx!Data!R221810C49
WDI_2018_10_18,,f1efbbc719ca7e770958514e1d661e8a26e702b48b9d31cf749b1a87d69b5b8f,IRN,"Iran, Islamic Rep.",PA.NUS.FCRF,"Official exchange rate (LCU per US$, period average)",annual_year_columns_in_wdi_data_sheet,,2005,8963.95890666667,8963.95890666667,PARSED,WDIEXCEL.xlsx!Data!R221810C50
WDI_2018_10_18,,f1efbbc719ca7e770958514e1d661e8a26e702b48b9d31cf749b1a87d69b5b8f,IRN,"Iran, Islamic Rep.",PA.NUS.FCRF,"Official exchange rate (LCU per US$, period average)",annual_year_columns_in_wdi_data_sheet,,2006,9170.9428775,9170.9428775,PARSED,WDIEXCEL.xlsx!Data!R221810C51
WDI_2018_10_18,,f1efbbc719ca7e770958514e1d661e8a26e702b48b9d31cf749b1a87d69b5b8f,IRN,"Iran, Islamic Rep.",PA.NUS.FCRF,"Official exchange rate (LCU per US$, period average)",annual_year_columns_in_wdi_data_sheet,,2007,9281.15182833333,9281.15182833333,PARSED,WDIEXCEL.xlsx!Data!R221810C52
WDI_2018_10_18,,f1efbbc719ca7e770958514e1d661e8a26e702b48b9d31cf749b1a87d69b5b8f,IRN,"Iran, Islamic Rep.",PA.NUS.FCRF,"Official exchange rate (LCU per US$, period average)",annual_year_columns_in_wdi_data_sheet,,2008,9428.52826083333,9428.52826083333,PARSED,WDIEXCEL.xlsx!Data!R221810C53
WDI_2018_10_18,,f1efbbc719ca7e770958514e1d661e8a26e702b48b9d31cf749b1a87d69b5b8f,IRN,"Iran, Islamic Rep.",PA.NUS.FCRF,"Official exchange rate (LCU per US$, period average)",annual_year_columns_in_wdi_data_sheet,,2009,9864.3024562682,9864.3024562682,PARSED,WDIEXCEL.xlsx!Data!R221810C54
WDI_2018_10_18,,f1efbbc719ca7e770958514e1d661e8a26e702b48b9d31cf749b1a87d69b5b8f,IRN,"Iran, Islamic Rep.",PA.NUS.FCRF,"Official exchange rate (LCU per US$, period average)",annual_year_columns_in_wdi_data_sheet,,2010,10254.176470289,10254.176470289,PARSED,WDIEXCEL.xlsx!Data!R221810C55
WDI_2018_10_18,,f1efbbc719ca7e770958514e1d661e8a26e702b48b9d31cf749b1a87d69b5b8f,IRN,"Iran, Islamic Rep.",PA.NUS.FCRF,"Official exchange rate (LCU per US$, period average)",annual_year_columns_in_wdi_data_sheet,,2011,10616.3066439076,10616.3066439076,PARSED,WDIEXCEL.xlsx!Data!R221810C56
WDI_2018_10_18,,f1efbbc719ca7e770958514e1d661e8a26e702b48b9d31cf749b1a87d69b5b8f,IRN,"Iran, Islamic Rep.",PA.NUS.FCRF,"Official exchange rate (LCU per US$, period average)",annual_year_columns_in_wdi_data_sheet,,2012,12175.5472222222,12175.5472222222,PARSED,WDIEXCEL.xlsx!Data!R221810C57
WDI_2018_10_18,,f1efbbc719ca7e770958514e1d661e8a26e702b48b9d31cf749b1a87d69b5b8f,IRN,"Iran, Islamic Rep.",PA.NUS.FCRF,"Official exchange rate (LCU per US$, period average)",annual_year_columns_in_wdi_data_sheet,,2013,18414.4480100374,18414.4480100374,PARSED,WDIEXCEL.xlsx!Data!R221810C58
WDI_2018_10_18,,f1efbbc719ca7e770958514e1d661e8a26e702b48b9d31cf749b1a87d69b5b8f,IRN,"Iran, Islamic Rep.",PA.NUS.FCRF,"Official exchange rate (LCU per US$, period average)",annual_year_columns_in_wdi_data_sheet,,2014,25941.6641445972,25941.6641445972,PARSED,WDIEXCEL.xlsx!Data!R221810C59
WDI_2018_10_18,,f1efbbc719ca7e770958514e1d661e8a26e702b48b9d31cf749b1a87d69b5b8f,IRN,"Iran, Islamic Rep.",PA.NUS.FCRF,"Official exchange rate (LCU per US$, period average)",annual_year_columns_in_wdi_data_sheet,,2015,29011.491377053,29011.491377053,PARSED,WDIEXCEL.xlsx!Data!R221810C60
WDI_2018_10_18,,f1efbbc719ca7e770958514e1d661e8a26e702b48b9d31cf749b1a87d69b5b8f,IRN,"Iran, Islamic Rep.",PA.NUS.FCRF,"Official exchange rate (LCU per US$, period average)",annual_year_columns_in_wdi_data_sheet,,2016,30914.8524362967,30914.8524362967,PARSED,WDIEXCEL.xlsx!Data!R221810C61
WDI_2018_10_18,,f1efbbc719ca7e770958514e1d661e8a26e702b48b9d31cf749b1a87d69b5b8f,IRN,"Iran, Islamic Rep.",PA.NUS.FCRF,"Official exchange rate (LCU per US$, period average)",annual_year_columns_in_wdi_data_sheet,,2017,33226.2981524127,33226.2981524127,PARSED,WDIEXCEL.xlsx!Data!R221810C62
WDI_2018_11_14,,37043431fb5f2a296f33dec9dd23c2a3c2afa48dfe2569e905a2f9bad753c08d,IRN,"Iran, Islamic Rep.",FP.CPI.TOTL.ZG,"Inflation, consumer prices (annual %)",annual_year_columns_in_wdi_data_sheet,,1960,9.82241081297882,9.82241081297882,PARSED,WDIEXCEL.xlsx!Data!R221487C5
WDI_2018_11_14,,37043431fb5f2a296f33dec9dd23c2a3c2afa48dfe2569e905a2f9bad753c08d,IRN,"Iran, Islamic Rep.",FP.CPI.TOTL.ZG,"Inflation, consumer prices (annual %)",annual_year_columns_in_wdi_data_sheet,,1961,3.16256439585738,3.16256439585738,PARSED,WDIEXCEL.xlsx!Data!R221487C6
WDI_2018_11_14,,37043431fb5f2a296f33dec9dd23c2a3c2afa48dfe2569e905a2f9bad753c08d,IRN,"Iran, Islamic Rep.",FP.CPI.TOTL.ZG,"Inflation, consumer prices (annual %)",annual_year_columns_in_wdi_data_sheet,,1962,0.721320571656314,0.721320571656314,PARSED,WDIEXCEL.xlsx!Data!R221487C7
WDI_2018_11_14,,37043431fb5f2a296f33dec9dd23c2a3c2afa48dfe2569e905a2f9bad753c08d,IRN,"Iran, Islamic Rep.",FP.CPI.TOTL.ZG,"Inflation, consumer prices (annual %)",annual_year_columns_in_wdi_data_sheet,,1963,0.371849607221678,0.371849607221678,PARSED,WDIEXCEL.xlsx!Data!R221487C8
WDI_2018_11_14,,37043431fb5f2a296f33dec9dd23c2a3c2afa48dfe2569e905a2f9bad753c08d,IRN,"Iran, Islamic Rep.",FP.CPI.TOTL.ZG,"Inflation, consumer prices (annual %)",annual_year_columns_in_wdi_data_sheet,,1964,3.81448957223042,3.81448957223042,PARSED,WDIEXCEL.xlsx!Data!R221487C9
WDI_2018_11_14,,37043431fb5f2a296f33dec9dd23c2a3c2afa48dfe2569e905a2f9bad753c08d,IRN,"Iran, Islamic Rep.",FP.CPI.TOTL.ZG,"Inflation, consumer prices (annual %)",annual_year_columns_in_wdi_data_sheet,,1965,2.15437483520968,2.15437483520968,PARSED,WDIEXCEL.xlsx!Data!R221487C10
WDI_2018_11_14,,37043431fb5f2a296f33dec9dd23c2a3c2afa48dfe2569e905a2f9bad753c08d,IRN,"Iran, Islamic Rep.",FP.CPI.TOTL.ZG,"Inflation, consumer prices (annual %)",annual_year_columns_in_wdi_data_sheet,,1966,-0.388148532154474,-0.388148532154474,PARSED,WDIEXCEL.xlsx!Data!R221487C11
WDI_2018_11_14,,37043431fb5f2a296f33dec9dd23c2a3c2afa48dfe2569e905a2f9bad753c08d,IRN,"Iran, Islamic Rep.",FP.CPI.TOTL.ZG,"Inflation, consumer prices (annual %)",annual_year_columns_in_wdi_data_sheet,,1967,1.59761007964359,1.59761007964359,PARSED,WDIEXCEL.xlsx!Data!R221487C12
WDI_2018_11_14,,37043431fb5f2a296f33dec9dd23c2a3c2afa48dfe2569e905a2f9bad753c08d,IRN,"Iran, Islamic Rep.",FP.CPI.TOTL.ZG,"Inflation, consumer prices (annual %)",annual_year_columns_in_wdi_data_sheet,,1968,0.690360521996206,0.690360521996206,PARSED,WDIEXCEL.xlsx!Data!R221487C13
WDI_2018_11_14,,37043431fb5f2a296f33dec9dd23c2a3c2afa48dfe2569e905a2f9bad753c08d,IRN,"Iran, Islamic Rep.",FP.CPI.TOTL.ZG,"Inflation, consumer prices (annual %)",annual_year_columns_in_wdi_data_sheet,,1969,3.59319451551283,3.59319451551283,PARSED,WDIEXCEL.xlsx!Data!R221487C14
WDI_2018_11_14,,37043431fb5f2a296f33dec9dd23c2a3c2afa48dfe2569e905a2f9bad753c08d,IRN,"Iran, Islamic Rep.",FP.CPI.TOTL.ZG,"Inflation, consumer prices (annual %)",annual_year_columns_in_wdi_data_sheet,,1970,1.66687093970066,1.66687093970066,PARSED,WDIEXCEL.xlsx!Data!R221487C15
WDI_2018_11_14,,37043431fb5f2a296f33dec9dd23c2a3c2afa48dfe2569e905a2f9bad753c08d,IRN,"Iran, Islamic Rep.",FP.CPI.TOTL.ZG,"Inflation, consumer prices (annual %)",annual_year_columns_in_wdi_data_sheet,,1971,4.19529837265423,4.19529837265423,PARSED,WDIEXCEL.xlsx!Data!R221487C16
WDI_2018_11_14,,37043431fb5f2a296f33dec9dd23c2a3c2afa48dfe2569e905a2f9bad753c08d,IRN,"Iran, Islamic Rep.",FP.CPI.TOTL.ZG,"Inflation, consumer prices (annual %)",annual_year_columns_in_wdi_data_sheet,,1972,6.39824135128876,6.39824135128876,PARSED,WDIEXCEL.xlsx!Data!R221487C17
WDI_2018_11_14,,37043431fb5f2a296f33dec9dd23c2a3c2afa48dfe2569e905a2f9bad753c08d,IRN,"Iran, Islamic Rep.",FP.CPI.TOTL.ZG,"Inflation, consumer prices (annual %)",annual_year_columns_in_wdi_data_sheet,,1973,9.8194867331876,9.8194867331876,PARSED,WDIEXCEL.xlsx!Data!R221487C18
WDI_2018_11_14,,37043431fb5f2a296f33dec9dd23c2a3c2afa48dfe2569e905a2f9bad753c08d,IRN,"Iran, Islamic Rep.",FP.CPI.TOTL.ZG,"Inflation, consumer prices (annual %)",annual_year_columns_in_wdi_data_sheet,,1974,14.2489355382568,14.2489355382568,PARSED,WDIEXCEL.xlsx!Data!R221487C19
WDI_2018_11_14,,37043431fb5f2a296f33dec9dd23c2a3c2afa48dfe2569e905a2f9bad753c08d,IRN,"Iran, Islamic Rep.",FP.CPI.TOTL.ZG,"Inflation, consumer prices (annual %)",annual_year_columns_in_wdi_data_sheet,,1975,12.8791818338341,12.8791818338341,PARSED,WDIEXCEL.xlsx!Data!R221487C20
WDI_2018_11_14,,37043431fb5f2a296f33dec9dd23c2a3c2afa48dfe2569e905a2f9bad753c08d,IRN,"Iran, Islamic Rep.",FP.CPI.TOTL.ZG,"Inflation, consumer prices (annual %)",annual_year_columns_in_wdi_data_sheet,,1976,11.2561425062111,11.2561425062111,PARSED,WDIEXCEL.xlsx!Data!R221487C21
WDI_2018_11_14,,37043431fb5f2a296f33dec9dd23c2a3c2afa48dfe2569e905a2f9bad753c08d,IRN,"Iran, Islamic Rep.",FP.CPI.TOTL.ZG,"Inflation, consumer prices (annual %)",annual_year_columns_in_wdi_data_sheet,,1977,27.2877846793093,27.2877846793093,PARSED,WDIEXCEL.xlsx!Data!R221487C22
WDI_2018_11_14,,37043431fb5f2a296f33dec9dd23c2a3c2afa48dfe2569e905a2f9bad753c08d,IRN,"Iran, Islamic Rep.",FP.CPI.TOTL.ZG,"Inflation, consumer prices (annual %)",annual_year_columns_in_wdi_data_sheet,,1978,11.7219692041212,11.7219692041212,PARSED,WDIEXCEL.xlsx!Data!R221487C23
WDI_2018_11_14,,37043431fb5f2a296f33dec9dd23c2a3c2afa48dfe2569e905a2f9bad753c08d,IRN,"Iran, Islamic Rep.",FP.CPI.TOTL.ZG,"Inflation, consumer prices (annual %)",annual_year_columns_in_wdi_data_sheet,,1979,10.4872367273486,10.4872367273486,PARSED,WDIEXCEL.xlsx!Data!R221487C24
WDI_2018_11_14,,37043431fb5f2a296f33dec9dd23c2a3c2afa48dfe2569e905a2f9bad753c08d,IRN,"Iran, Islamic Rep.",FP.CPI.TOTL.ZG,"Inflation, consumer prices (annual %)",annual_year_columns_in_wdi_data_sheet,,1980,20.6439144373798,20.6439144373798,PARSED,WDIEXCEL.xlsx!Data!R221487C25
WDI_2018_11_14,,37043431fb5f2a296f33dec9dd23c2a3c2afa48dfe2569e905a2f9bad753c08d,IRN,"Iran, Islamic Rep.",FP.CPI.TOTL.ZG,"Inflation, consumer prices (annual %)",annual_year_columns_in_wdi_data_sheet,,1981,24.2035897624486,24.2035897624486,PARSED,WDIEXCEL.xlsx!Data!R221487C26
WDI_2018_11_14,,37043431fb5f2a296f33dec9dd23c2a3c2afa48dfe2569e905a2f9bad753c08d,IRN,"Iran, Islamic Rep.",FP.CPI.TOTL.ZG,"Inflation, consumer prices (annual %)",annual_year_columns_in_wdi_data_sheet,,1982,18.6897259269564,18.6897259269564,PARSED,WDIEXCEL.xlsx!Data!R221487C27
WDI_2018_11_14,,37043431fb5f2a296f33dec9dd23c2a3c2afa48dfe2569e905a2f9bad753c08d,IRN,"Iran, Islamic Rep.",FP.CPI.TOTL.ZG,"Inflation, consumer prices (annual %)",annual_year_columns_in_wdi_data_sheet,,1983,19.7401891778611,19.7401891778611,PARSED,WDIEXCEL.xlsx!Data!R221487C28
WDI_2018_11_14,,37043431fb5f2a296f33dec9dd23c2a3c2afa48dfe2569e905a2f9bad753c08d,IRN,"Iran, Islamic Rep.",FP.CPI.TOTL.ZG,"Inflation, consumer prices (annual %)",annual_year_columns_in_wdi_data_sheet,,1984,12.5402194538869,12.5402194538869,PARSED,WDIEXCEL.xlsx!Data!R221487C29
WDI_2018_11_14,,37043431fb5f2a296f33dec9dd23c2a3c2afa48dfe2569e905a2f9bad753c08d,IRN,"Iran, Islamic Rep.",FP.CPI.TOTL.ZG,"Inflation, consumer prices (annual %)",annual_year_columns_in_wdi_data_sheet,,1985,4.38934095741536,4.38934095741536,PARSED,WDIEXCEL.xlsx!Data!R221487C30
WDI_2018_11_14,,37043431fb5f2a296f33dec9dd23c2a3c2afa48dfe2569e905a2f9bad753c08d,IRN,"Iran, Islamic Rep.",FP.CPI.TOTL.ZG,"Inflation, consumer prices (annual %)",annual_year_columns_in_wdi_data_sheet,,1986,18.4290030211475,18.4290030211475,PARSED,WDIEXCEL.xlsx!Data!R221487C31
WDI_2018_11_14,,37043431fb5f2a296f33dec9dd23c2a3c2afa48dfe2569e905a2f9bad753c08d,IRN,"Iran, Islamic Rep.",FP.CPI.TOTL.ZG,"Inflation, consumer prices (annual %)",annual_year_columns_in_wdi_data_sheet,,1987,28.5714285714291,28.5714285714291,PARSED,WDIEXCEL.xlsx!Data!R221487C32
WDI_2018_11_14,,37043431fb5f2a296f33dec9dd23c2a3c2afa48dfe2569e905a2f9bad753c08d,IRN,"Iran, Islamic Rep.",FP.CPI.TOTL.ZG,"Inflation, consumer prices (annual %)",annual_year_columns_in_wdi_data_sheet,,1988,28.6706349206345,28.6706349206345,PARSED,WDIEXCEL.xlsx!Data!R221487C33
WDI_2018_11_14,,37043431fb5f2a296f33dec9dd23c2a3c2afa48dfe2569e905a2f9bad753c08d,IRN,"Iran, Islamic Rep.",FP.CPI.TOTL.ZG,"Inflation, consumer prices (annual %)",annual_year_columns_in_wdi_data_sheet,,1989,22.3496530454897,22.3496530454897,PARSED,WDIEXCEL.xlsx!Data!R221487C34
WDI_2018_11_14,,37043431fb5f2a296f33dec9dd23c2a3c2afa48dfe2569e905a2f9bad753c08d,IRN,"Iran, Islamic Rep.",FP.CPI.TOTL.ZG,"Inflation, consumer prices (annual %)",annual_year_columns_in_wdi_data_sheet,,1990,7.62767493763934,7.62767493763934,PARSED,WDIEXCEL.xlsx!Data!R221487C35
WDI_2018_11_14,,37043431fb5f2a296f33dec9dd23c2a3c2afa48dfe2569e905a2f9bad753c08d,IRN,"Iran, Islamic Rep.",FP.CPI.TOTL.ZG,"Inflation, consumer prices (annual %)",annual_year_columns_in_wdi_data_sheet,,1991,17.1285679434011,17.1285679434011,PARSED,WDIEXCEL.xlsx!Data!R221487C36
WDI_2018_11_14,,37043431fb5f2a296f33dec9dd23c2a3c2afa48dfe2569e905a2f9bad753c08d,IRN,"Iran, Islamic Rep.",FP.CPI.TOTL.ZG,"Inflation, consumer prices (annual %)",annual_year_columns_in_wdi_data_sheet,,1992,25.8077226162331,25.8077226162331,PARSED,WDIEXCEL.xlsx!Data!R221487C37
WDI_2018_11_14,,37043431fb5f2a296f33dec9dd23c2a3c2afa48dfe2569e905a2f9bad753c08d,IRN,"Iran, Islamic Rep.",FP.CPI.TOTL.ZG,"Inflation, consumer prices (annual %)",annual_year_columns_in_wdi_data_sheet,,1993,21.2026307547761,21.2026307547761,PARSED,WDIEXCEL.xlsx!Data!R221487C38
WDI_2018_11_14,,37043431fb5f2a296f33dec9dd23c2a3c2afa48dfe2569e905a2f9bad753c08d,IRN,"Iran, Islamic Rep.",FP.CPI.TOTL.ZG,"Inflation, consumer prices (annual %)",annual_year_columns_in_wdi_data_sheet,,1994,31.4470284237728,31.4470284237728,PARSED,WDIEXCEL.xlsx!Data!R221487C39
WDI_2018_11_14,,37043431fb5f2a296f33dec9dd23c2a3c2afa48dfe2569e905a2f9bad753c08d,IRN,"Iran, Islamic Rep.",FP.CPI.TOTL.ZG,"Inflation, consumer prices (annual %)",annual_year_columns_in_wdi_data_sheet,,1995,49.6559858462747,49.6559858462747,PARSED,WDIEXCEL.xlsx!Data!R221487C40
WDI_2018_11_14,,37043431fb5f2a296f33dec9dd23c2a3c2afa48dfe2569e905a2f9bad753c08d,IRN,"Iran, Islamic Rep.",FP.CPI.TOTL.ZG,"Inflation, consumer prices (annual %)",annual_year_columns_in_wdi_data_sheet,,1996,28.9373440168136,28.9373440168136,PARSED,WDIEXCEL.xlsx!Data!R221487C41
WDI_2018_11_14,,37043431fb5f2a296f33dec9dd23c2a3c2afa48dfe2569e905a2f9bad753c08d,IRN,"Iran, Islamic Rep.",FP.CPI.TOTL.ZG,"Inflation, consumer prices (annual %)",annual_year_columns_in_wdi_data_sheet,,1997,17.3492257538708,17.3492257538708,PARSED,WDIEXCEL.xlsx!Data!R221487C42
WDI_2018_11_14,,37043431fb5f2a296f33dec9dd23c2a3c2afa48dfe2569e905a2f9bad753c08d,IRN,"Iran, Islamic Rep.",FP.CPI.TOTL.ZG,"Inflation, consumer prices (annual %)",annual_year_columns_in_wdi_data_sheet,,1998,17.8661342130397,17.8661342130397,PARSED,WDIEXCEL.xlsx!Data!R221487C43
WDI_2018_11_14,,37043431fb5f2a296f33dec9dd23c2a3c2afa48dfe2569e905a2f9bad753c08d,IRN,"Iran, Islamic Rep.",FP.CPI.TOTL.ZG,"Inflation, consumer prices (annual %)",annual_year_columns_in_wdi_data_sheet,,1999,20.0707078146867,20.0707078146867,PARSED,WDIEXCEL.xlsx!Data!R221487C44
WDI_2018_11_14,,37043431fb5f2a296f33dec9dd23c2a3c2afa48dfe2569e905a2f9bad753c08d,IRN,"Iran, Islamic Rep.",FP.CPI.TOTL.ZG,"Inflation, consumer prices (annual %)",annual_year_columns_in_wdi_data_sheet,,2000,14.4767513188565,14.4767513188565,PARSED,WDIEXCEL.xlsx!Data!R221487C45
WDI_2018_11_14,,37043431fb5f2a296f33dec9dd23c2a3c2afa48dfe2569e905a2f9bad753c08d,IRN,"Iran, Islamic Rep.",FP.CPI.TOTL.ZG,"Inflation, consumer prices (annual %)",annual_year_columns_in_wdi_data_sheet,,2001,11.2742471332117,11.2742471332117,PARSED,WDIEXCEL.xlsx!Data!R221487C46
WDI_2018_11_14,,37043431fb5f2a296f33dec9dd23c2a3c2afa48dfe2569e905a2f9bad753c08d,IRN,"Iran, Islamic Rep.",FP.CPI.TOTL.ZG,"Inflation, consumer prices (annual %)",annual_year_columns_in_wdi_data_sheet,,2002,14.3359337378404,14.3359337378404,PARSED,WDIEXCEL.xlsx!Data!R221487C47
WDI_2018_11_14,,37043431fb5f2a296f33dec9dd23c2a3c2afa48dfe2569e905a2f9bad753c08d,IRN,"Iran, Islamic Rep.",FP.CPI.TOTL.ZG,"Inflation, consumer prices (annual %)",annual_year_columns_in_wdi_data_sheet,,2003,16.4680116244792,16.4680116244792,PARSED,WDIEXCEL.xlsx!Data!R221487C48
WDI_2018_11_14,,37043431fb5f2a296f33dec9dd23c2a3c2afa48dfe2569e905a2f9bad753c08d,IRN,"Iran, Islamic Rep.",FP.CPI.TOTL.ZG,"Inflation, consumer prices (annual %)",annual_year_columns_in_wdi_data_sheet,,2004,14.7615086970673,14.7615086970673,PARSED,WDIEXCEL.xlsx!Data!R221487C49
WDI_2018_11_14,,37043431fb5f2a296f33dec9dd23c2a3c2afa48dfe2569e905a2f9bad753c08d,IRN,"Iran, Islamic Rep.",FP.CPI.TOTL.ZG,"Inflation, consumer prices (annual %)",annual_year_columns_in_wdi_data_sheet,,2005,13.4331180085079,13.4331180085079,PARSED,WDIEXCEL.xlsx!Data!R221487C50
WDI_2018_11_14,,37043431fb5f2a296f33dec9dd23c2a3c2afa48dfe2569e905a2f9bad753c08d,IRN,"Iran, Islamic Rep.",FP.CPI.TOTL.ZG,"Inflation, consumer prices (annual %)",annual_year_columns_in_wdi_data_sheet,,2006,11.9395521973441,11.9395521973441,PARSED,WDIEXCEL.xlsx!Data!R221487C51
WDI_2018_11_14,,37043431fb5f2a296f33dec9dd23c2a3c2afa48dfe2569e905a2f9bad753c08d,IRN,"Iran, Islamic Rep.",FP.CPI.TOTL.ZG,"Inflation, consumer prices (annual %)",annual_year_columns_in_wdi_data_sheet,,2007,17.2130463525814,17.2130463525814,PARSED,WDIEXCEL.xlsx!Data!R221487C52
WDI_2018_11_14,,37043431fb5f2a296f33dec9dd23c2a3c2afa48dfe2569e905a2f9bad753c08d,IRN,"Iran, Islamic Rep.",FP.CPI.TOTL.ZG,"Inflation, consumer prices (annual %)",annual_year_columns_in_wdi_data_sheet,,2008,25.5498446091322,25.5498446091322,PARSED,WDIEXCEL.xlsx!Data!R221487C53
WDI_2018_11_14,,37043431fb5f2a296f33dec9dd23c2a3c2afa48dfe2569e905a2f9bad753c08d,IRN,"Iran, Islamic Rep.",FP.CPI.TOTL.ZG,"Inflation, consumer prices (annual %)",annual_year_columns_in_wdi_data_sheet,,2009,13.5002618174896,13.5002618174896,PARSED,WDIEXCEL.xlsx!Data!R221487C54
WDI_2018_11_14,,37043431fb5f2a296f33dec9dd23c2a3c2afa48dfe2569e905a2f9bad753c08d,IRN,"Iran, Islamic Rep.",FP.CPI.TOTL.ZG,"Inflation, consumer prices (annual %)",annual_year_columns_in_wdi_data_sheet,,2010,10.1371471710771,10.1371471710771,PARSED,WDIEXCEL.xlsx!Data!R221487C55
WDI_2018_11_14,,37043431fb5f2a296f33dec9dd23c2a3c2afa48dfe2569e905a2f9bad753c08d,IRN,"Iran, Islamic Rep.",FP.CPI.TOTL.ZG,"Inflation, consumer prices (annual %)",annual_year_columns_in_wdi_data_sheet,,2011,20.6283320639756,20.6283320639756,PARSED,WDIEXCEL.xlsx!Data!R221487C56
WDI_2018_11_14,,37043431fb5f2a296f33dec9dd23c2a3c2afa48dfe2569e905a2f9bad753c08d,IRN,"Iran, Islamic Rep.",FP.CPI.TOTL.ZG,"Inflation, consumer prices (annual %)",annual_year_columns_in_wdi_data_sheet,,2012,26.4547710004051,26.4547710004051,PARSED,WDIEXCEL.xlsx!Data!R221487C57
WDI_2018_11_14,,37043431fb5f2a296f33dec9dd23c2a3c2afa48dfe2569e905a2f9bad753c08d,IRN,"Iran, Islamic Rep.",FP.CPI.TOTL.ZG,"Inflation, consumer prices (annual %)",annual_year_columns_in_wdi_data_sheet,,2013,39.2663609837432,39.2663609837432,PARSED,WDIEXCEL.xlsx!Data!R221487C58
WDI_2018_11_14,,37043431fb5f2a296f33dec9dd23c2a3c2afa48dfe2569e905a2f9bad753c08d,IRN,"Iran, Islamic Rep.",FP.CPI.TOTL.ZG,"Inflation, consumer prices (annual %)",annual_year_columns_in_wdi_data_sheet,,2014,17.2353586750474,17.2353586750474,PARSED,WDIEXCEL.xlsx!Data!R221487C59
WDI_2018_11_14,,37043431fb5f2a296f33dec9dd23c2a3c2afa48dfe2569e905a2f9bad753c08d,IRN,"Iran, Islamic Rep.",FP.CPI.TOTL.ZG,"Inflation, consumer prices (annual %)",annual_year_columns_in_wdi_data_sheet,,2015,13.705799753202,13.705799753202,PARSED,WDIEXCEL.xlsx!Data!R221487C60
WDI_2018_11_14,,37043431fb5f2a296f33dec9dd23c2a3c2afa48dfe2569e905a2f9bad753c08d,IRN,"Iran, Islamic Rep.",FP.CPI.TOTL.ZG,"Inflation, consumer prices (annual %)",annual_year_columns_in_wdi_data_sheet,,2016,8.58225544271087,8.58225544271087,PARSED,WDIEXCEL.xlsx!Data!R221487C61
WDI_2018_11_14,,37043431fb5f2a296f33dec9dd23c2a3c2afa48dfe2569e905a2f9bad753c08d,IRN,"Iran, Islamic Rep.",FP.CPI.TOTL.ZG,"Inflation, consumer prices (annual %)",annual_year_columns_in_wdi_data_sheet,,2017,10.4812336755742,10.4812336755742,PARSED,WDIEXCEL.xlsx!Data!R221487C62
WDI_2018_11_14,,37043431fb5f2a296f33dec9dd23c2a3c2afa48dfe2569e905a2f9bad753c08d,IRN,"Iran, Islamic Rep.",PA.NUS.FCRF,"Official exchange rate (LCU per US$, period average)",annual_year_columns_in_wdi_data_sheet,,1960,75.75000007575,75.75000007575,PARSED,WDIEXCEL.xlsx!Data!R221810C5
WDI_2018_11_14,,37043431fb5f2a296f33dec9dd23c2a3c2afa48dfe2569e905a2f9bad753c08d,IRN,"Iran, Islamic Rep.",PA.NUS.FCRF,"Official exchange rate (LCU per US$, period average)",annual_year_columns_in_wdi_data_sheet,,1961,75.75000007575,75.75000007575,PARSED,WDIEXCEL.xlsx!Data!R221810C6
WDI_2018_11_14,,37043431fb5f2a296f33dec9dd23c2a3c2afa48dfe2569e905a2f9bad753c08d,IRN,"Iran, Islamic Rep.",PA.NUS.FCRF,"Official exchange rate (LCU per US$, period average)",annual_year_columns_in_wdi_data_sheet,,1962,75.75000007575,75.75000007575,PARSED,WDIEXCEL.xlsx!Data!R221810C7
WDI_2018_11_14,,37043431fb5f2a296f33dec9dd23c2a3c2afa48dfe2569e905a2f9bad753c08d,IRN,"Iran, Islamic Rep.",PA.NUS.FCRF,"Official exchange rate (LCU per US$, period average)",annual_year_columns_in_wdi_data_sheet,,1963,75.75000007575,75.75000007575,PARSED,WDIEXCEL.xlsx!Data!R221810C8
WDI_2018_11_14,,37043431fb5f2a296f33dec9dd23c2a3c2afa48dfe2569e905a2f9bad753c08d,IRN,"Iran, Islamic Rep.",PA.NUS.FCRF,"Official exchange rate (LCU per US$, period average)",annual_year_columns_in_wdi_data_sheet,,1964,75.75000007575,75.75000007575,PARSED,WDIEXCEL.xlsx!Data!R221810C9
WDI_2018_11_14,,37043431fb5f2a296f33dec9dd23c2a3c2afa48dfe2569e905a2f9bad753c08d,IRN,"Iran, Islamic Rep.",PA.NUS.FCRF,"Official exchange rate (LCU per US$, period average)",annual_year_columns_in_wdi_data_sheet,,1965,75.75000007575,75.75000007575,PARSED,WDIEXCEL.xlsx!Data!R221810C10
WDI_2018_11_14,,37043431fb5f2a296f33dec9dd23c2a3c2afa48dfe2569e905a2f9bad753c08d,IRN,"Iran, Islamic Rep.",PA.NUS.FCRF,"Official exchange rate (LCU per US$, period average)",annual_year_columns_in_wdi_data_sheet,,1966,75.75000007575,75.75000007575,PARSED,WDIEXCEL.xlsx!Data!R221810C11
WDI_2018_11_14,,37043431fb5f2a296f33dec9dd23c2a3c2afa48dfe2569e905a2f9bad753c08d,IRN,"Iran, Islamic Rep.",PA.NUS.FCRF,"Official exchange rate (LCU per US$, period average)",annual_year_columns_in_wdi_data_sheet,,1967,75.75000007575,75.75000007575,PARSED,WDIEXCEL.xlsx!Data!R221810C12
WDI_2018_11_14,,37043431fb5f2a296f33dec9dd23c2a3c2afa48dfe2569e905a2f9bad753c08d,IRN,"Iran, Islamic Rep.",PA.NUS.FCRF,"Official exchange rate (LCU per US$, period average)",annual_year_columns_in_wdi_data_sheet,,1968,75.75000007575,75.75000007575,PARSED,WDIEXCEL.xlsx!Data!R221810C13
WDI_2018_11_14,,37043431fb5f2a296f33dec9dd23c2a3c2afa48dfe2569e905a2f9bad753c08d,IRN,"Iran, Islamic Rep.",PA.NUS.FCRF,"Official exchange rate (LCU per US$, period average)",annual_year_columns_in_wdi_data_sheet,,1969,75.75000007575,75.75000007575,PARSED,WDIEXCEL.xlsx!Data!R221810C14
WDI_2018_11_14,,37043431fb5f2a296f33dec9dd23c2a3c2afa48dfe2569e905a2f9bad753c08d,IRN,"Iran, Islamic Rep.",PA.NUS.FCRF,"Official exchange rate (LCU per US$, period average)",annual_year_columns_in_wdi_data_sheet,,1970,75.75000007575,75.75000007575,PARSED,WDIEXCEL.xlsx!Data!R221810C15
WDI_2018_11_14,,37043431fb5f2a296f33dec9dd23c2a3c2afa48dfe2569e905a2f9bad753c08d,IRN,"Iran, Islamic Rep.",PA.NUS.FCRF,"Official exchange rate (LCU per US$, period average)",annual_year_columns_in_wdi_data_sheet,,1971,75.7500000694375,75.7500000694375,PARSED,WDIEXCEL.xlsx!Data!R221810C16
WDI_2018_11_14,,37043431fb5f2a296f33dec9dd23c2a3c2afa48dfe2569e905a2f9bad753c08d,IRN,"Iran, Islamic Rep.",PA.NUS.FCRF,"Official exchange rate (LCU per US$, period average)",annual_year_columns_in_wdi_data_sheet,,1972,75.7499701345202,75.7499701345202,PARSED,WDIEXCEL.xlsx!Data!R221810C17
WDI_2018_11_14,,37043431fb5f2a296f33dec9dd23c2a3c2afa48dfe2569e905a2f9bad753c08d,IRN,"Iran, Islamic Rep.",PA.NUS.FCRF,"Official exchange rate (LCU per US$, period average)",annual_year_columns_in_wdi_data_sheet,,1973,68.8860419482585,68.8860419482585,PARSED,WDIEXCEL.xlsx!Data!R221810C18
WDI_2018_11_14,,37043431fb5f2a296f33dec9dd23c2a3c2afa48dfe2569e905a2f9bad753c08d,IRN,"Iran, Islamic Rep.",PA.NUS.FCRF,"Official exchange rate (LCU per US$, period average)",annual_year_columns_in_wdi_data_sheet,,1974,67.641342246617,67.641342246617,PARSED,WDIEXCEL.xlsx!Data!R221810C19
WDI_2018_11_14,,37043431fb5f2a296f33dec9dd23c2a3c2afa48dfe2569e905a2f9bad753c08d,IRN,"Iran, Islamic Rep.",PA.NUS.FCRF,"Official exchange rate (LCU per US$, period average)",annual_year_columns_in_wdi_data_sheet,,1975,67.6549455324406,67.6549455324406,PARSED,WDIEXCEL.xlsx!Data!R221810C20
WDI_2018_11_14,,37043431fb5f2a296f33dec9dd23c2a3c2afa48dfe2569e905a2f9bad753c08d,IRN,"Iran, Islamic Rep.",PA.NUS.FCRF,"Official exchange rate (LCU per US$, period average)",annual_year_columns_in_wdi_data_sheet,,1976,70.2390698610516,70.2390698610516,PARSED,WDIEXCEL.xlsx!Data!R221810C21
WDI_2018_11_14,,37043431fb5f2a296f33dec9dd23c2a3c2afa48dfe2569e905a2f9bad753c08d,IRN,"Iran, Islamic Rep.",PA.NUS.FCRF,"Official exchange rate (LCU per US$, period average)",annual_year_columns_in_wdi_data_sheet,,1977,70.6337318788855,70.6337318788855,PARSED,WDIEXCEL.xlsx!Data!R221810C22
WDI_2018_11_14,,37043431fb5f2a296f33dec9dd23c2a3c2afa48dfe2569e905a2f9bad753c08d,IRN,"Iran, Islamic Rep.",PA.NUS.FCRF,"Official exchange rate (LCU per US$, period average)",annual_year_columns_in_wdi_data_sheet,,1978,70.4920309761581,70.4920309761581,PARSED,WDIEXCEL.xlsx!Data!R221810C23
WDI_2018_11_14,,37043431fb5f2a296f33dec9dd23c2a3c2afa48dfe2569e905a2f9bad753c08d,IRN,"Iran, Islamic Rep.",PA.NUS.FCRF,"Official exchange rate (LCU per US$, period average)",annual_year_columns_in_wdi_data_sheet,,1979,70.4920309761581,70.4920309761581,PARSED,WDIEXCEL.xlsx!Data!R221810C24
WDI_2018_11_14,,37043431fb5f2a296f33dec9dd23c2a3c2afa48dfe2569e905a2f9bad753c08d,IRN,"Iran, Islamic Rep.",PA.NUS.FCRF,"Official exchange rate (LCU per US$, period average)",annual_year_columns_in_wdi_data_sheet,,1980,70.631848089676,70.631848089676,PARSED,WDIEXCEL.xlsx!Data!R221810C25
WDI_2018_11_14,,37043431fb5f2a296f33dec9dd23c2a3c2afa48dfe2569e905a2f9bad753c08d,IRN,"Iran, Islamic Rep.",PA.NUS.FCRF,"Official exchange rate (LCU per US$, period average)",annual_year_columns_in_wdi_data_sheet,,1981,78.3468453777361,78.3468453777361,PARSED,WDIEXCEL.xlsx!Data!R221810C26
WDI_2018_11_14,,37043431fb5f2a296f33dec9dd23c2a3c2afa48dfe2569e905a2f9bad753c08d,IRN,"Iran, Islamic Rep.",PA.NUS.FCRF,"Official exchange rate (LCU per US$, period average)",annual_year_columns_in_wdi_data_sheet,,1982,83.6226700245569,83.6226700245569,PARSED,WDIEXCEL.xlsx!Data!R221810C27
WDI_2018_11_14,,37043431fb5f2a296f33dec9dd23c2a3c2afa48dfe2569e905a2f9bad753c08d,IRN,"Iran, Islamic Rep.",PA.NUS.FCRF,"Official exchange rate (LCU per US$, period average)",annual_year_columns_in_wdi_data_sheet,,1983,86.3787358940775,86.3787358940775,PARSED,WDIEXCEL.xlsx!Data!R221810C28
WDI_2018_11_14,,37043431fb5f2a296f33dec9dd23c2a3c2afa48dfe2569e905a2f9bad753c08d,IRN,"Iran, Islamic Rep.",PA.NUS.FCRF,"Official exchange rate (LCU per US$, period average)",annual_year_columns_in_wdi_data_sheet,,1984,90.0514398915356,90.0514398915356,PARSED,WDIEXCEL.xlsx!Data!R221810C29
WDI_2018_11_14,,37043431fb5f2a296f33dec9dd23c2a3c2afa48dfe2569e905a2f9bad753c08d,IRN,"Iran, Islamic Rep.",PA.NUS.FCRF,"Official exchange rate (LCU per US$, period average)",annual_year_columns_in_wdi_data_sheet,,1985,91.0735868439752,91.0735868439752,PARSED,WDIEXCEL.xlsx!Data!R221810C30
WDI_2018_11_14,,37043431fb5f2a296f33dec9dd23c2a3c2afa48dfe2569e905a2f9bad753c08d,IRN,"Iran, Islamic Rep.",PA.NUS.FCRF,"Official exchange rate (LCU per US$, period average)",annual_year_columns_in_wdi_data_sheet,,1986,78.7787830685101,78.7787830685101,PARSED,WDIEXCEL.xlsx!Data!R221810C31
WDI_2018_11_14,,37043431fb5f2a296f33dec9dd23c2a3c2afa48dfe2569e905a2f9bad753c08d,IRN,"Iran, Islamic Rep.",PA.NUS.FCRF,"Official exchange rate (LCU per US$, period average)",annual_year_columns_in_wdi_data_sheet,,1987,71.4774357190432,71.4774357190432,PARSED,WDIEXCEL.xlsx!Data!R221810C32
WDI_2018_11_14,,37043431fb5f2a296f33dec9dd23c2a3c2afa48dfe2569e905a2f9bad753c08d,IRN,"Iran, Islamic Rep.",PA.NUS.FCRF,"Official exchange rate (LCU per US$, period average)",annual_year_columns_in_wdi_data_sheet,,1988,68.6997646296701,68.6997646296701,PARSED,WDIEXCEL.xlsx!Data!R221810C33
WDI_2018_11_14,,37043431fb5f2a296f33dec9dd23c2a3c2afa48dfe2569e905a2f9bad753c08d,IRN,"Iran, Islamic Rep.",PA.NUS.FCRF,"Official exchange rate (LCU per US$, period average)",annual_year_columns_in_wdi_data_sheet,,1989,72.0322364263672,72.0322364263672,PARSED,WDIEXCEL.xlsx!Data!R221810C34
WDI_2018_11_14,,37043431fb5f2a296f33dec9dd23c2a3c2afa48dfe2569e905a2f9bad753c08d,IRN,"Iran, Islamic Rep.",PA.NUS.FCRF,"Official exchange rate (LCU per US$, period average)",annual_year_columns_in_wdi_data_sheet,,1990,68.1123727149296,68.1123727149296,PARSED,WDIEXCEL.xlsx!Data!R221810C35
WDI_2018_11_14,,37043431fb5f2a296f33dec9dd23c2a3c2afa48dfe2569e905a2f9bad753c08d,IRN,"Iran, Islamic Rep.",PA.NUS.FCRF,"Official exchange rate (LCU per US$, period average)",annual_year_columns_in_wdi_data_sheet,,1991,67.5217300147946,67.5217300147946,PARSED,WDIEXCEL.xlsx!Data!R221810C36
WDI_2018_11_14,,37043431fb5f2a296f33dec9dd23c2a3c2afa48dfe2569e905a2f9bad753c08d,IRN,"Iran, Islamic Rep.",PA.NUS.FCRF,"Official exchange rate (LCU per US$, period average)",annual_year_columns_in_wdi_data_sheet,,1992,65.5678412857706,65.5678412857706,PARSED,WDIEXCEL.xlsx!Data!R221810C37
WDI_2018_11_14,,37043431fb5f2a296f33dec9dd23c2a3c2afa48dfe2569e905a2f9bad753c08d,IRN,"Iran, Islamic Rep.",PA.NUS.FCRF,"Official exchange rate (LCU per US$, period average)",annual_year_columns_in_wdi_data_sheet,,1993,1268.07876133881,1268.07876133881,PARSED,WDIEXCEL.xlsx!Data!R221810C38
WDI_2018_11_14,,37043431fb5f2a296f33dec9dd23c2a3c2afa48dfe2569e905a2f9bad753c08d,IRN,"Iran, Islamic Rep.",PA.NUS.FCRF,"Official exchange rate (LCU per US$, period average)",annual_year_columns_in_wdi_data_sheet,,1994,1749.17373625079,1749.17373625079,PARSED,WDIEXCEL.xlsx!Data!R221810C39
WDI_2018_11_14,,37043431fb5f2a296f33dec9dd23c2a3c2afa48dfe2569e905a2f9bad753c08d,IRN,"Iran, Islamic Rep.",PA.NUS.FCRF,"Official exchange rate (LCU per US$, period average)",annual_year_columns_in_wdi_data_sheet,,1995,1748.35024562759,1748.35024562759,PARSED,WDIEXCEL.xlsx!Data!R221810C40
WDI_2018_11_14,,37043431fb5f2a296f33dec9dd23c2a3c2afa48dfe2569e905a2f9bad753c08d,IRN,"Iran, Islamic Rep.",PA.NUS.FCRF,"Official exchange rate (LCU per US$, period average)",annual_year_columns_in_wdi_data_sheet,,1996,1751.18635583594,1751.18635583594,PARSED,WDIEXCEL.xlsx!Data!R221810C41
WDI_2018_11_14,,37043431fb5f2a296f33dec9dd23c2a3c2afa48dfe2569e905a2f9bad753c08d,IRN,"Iran, Islamic Rep.",PA.NUS.FCRF,"Official exchange rate (LCU per US$, period average)",annual_year_columns_in_wdi_data_sheet,,1997,1753.34547748286,1753.34547748286,PARSED,WDIEXCEL.xlsx!Data!R221810C42
WDI_2018_11_14,,37043431fb5f2a296f33dec9dd23c2a3c2afa48dfe2569e905a2f9bad753c08d,IRN,"Iran, Islamic Rep.",PA.NUS.FCRF,"Official exchange rate (LCU per US$, period average)",annual_year_columns_in_wdi_data_sheet,,1998,1752.28599459359,1752.28599459359,PARSED,WDIEXCEL.xlsx!Data!R221810C43
WDI_2018_11_14,,37043431fb5f2a296f33dec9dd23c2a3c2afa48dfe2569e905a2f9bad753c08d,IRN,"Iran, Islamic Rep.",PA.NUS.FCRF,"Official exchange rate (LCU per US$, period average)",annual_year_columns_in_wdi_data_sheet,,1999,1753.35494977138,1753.35494977138,PARSED,WDIEXCEL.xlsx!Data!R221810C44
WDI_2018_11_14,,37043431fb5f2a296f33dec9dd23c2a3c2afa48dfe2569e905a2f9bad753c08d,IRN,"Iran, Islamic Rep.",PA.NUS.FCRF,"Official exchange rate (LCU per US$, period average)",annual_year_columns_in_wdi_data_sheet,,2000,1764.85606929191,1764.85606929191,PARSED,WDIEXCEL.xlsx!Data!R221810C45
WDI_2018_11_14,,37043431fb5f2a296f33dec9dd23c2a3c2afa48dfe2569e905a2f9bad753c08d,IRN,"Iran, Islamic Rep.",PA.NUS.FCRF,"Official exchange rate (LCU per US$, period average)",annual_year_columns_in_wdi_data_sheet,,2001,1753.98568465785,1753.98568465785,PARSED,WDIEXCEL.xlsx!Data!R221810C46
WDI_2018_11_14,,37043431fb5f2a296f33dec9dd23c2a3c2afa48dfe2569e905a2f9bad753c08d,IRN,"Iran, Islamic Rep.",PA.NUS.FCRF,"Official exchange rate (LCU per US$, period average)",annual_year_columns_in_wdi_data_sheet,,2002,6907.03445561653,6907.03445561653,PARSED,WDIEXCEL.xlsx!Data!R221810C47
WDI_2018_11_14,,37043431fb5f2a296f33dec9dd23c2a3c2afa48dfe2569e905a2f9bad753c08d,IRN,"Iran, Islamic Rep.",PA.NUS.FCRF,"Official exchange rate (LCU per US$, period average)",annual_year_columns_in_wdi_data_sheet,,2003,8193.88751916667,8193.88751916667,PARSED,WDIEXCEL.xlsx!Data!R221810C48
WDI_2018_11_14,,37043431fb5f2a296f33dec9dd23c2a3c2afa48dfe2569e905a2f9bad753c08d,IRN,"Iran, Islamic Rep.",PA.NUS.FCRF,"Official exchange rate (LCU per US$, period average)",annual_year_columns_in_wdi_data_sheet,,2004,8613.98942075,8613.98942075,PARSED,WDIEXCEL.xlsx!Data!R221810C49
WDI_2018_11_14,,37043431fb5f2a296f33dec9dd23c2a3c2afa48dfe2569e905a2f9bad753c08d,IRN,"Iran, Islamic Rep.",PA.NUS.FCRF,"Official exchange rate (LCU per US$, period average)",annual_year_columns_in_wdi_data_sheet,,2005,8963.95890666667,8963.95890666667,PARSED,WDIEXCEL.xlsx!Data!R221810C50
WDI_2018_11_14,,37043431fb5f2a296f33dec9dd23c2a3c2afa48dfe2569e905a2f9bad753c08d,IRN,"Iran, Islamic Rep.",PA.NUS.FCRF,"Official exchange rate (LCU per US$, period average)",annual_year_columns_in_wdi_data_sheet,,2006,9170.9428775,9170.9428775,PARSED,WDIEXCEL.xlsx!Data!R221810C51
WDI_2018_11_14,,37043431fb5f2a296f33dec9dd23c2a3c2afa48dfe2569e905a2f9bad753c08d,IRN,"Iran, Islamic Rep.",PA.NUS.FCRF,"Official exchange rate (LCU per US$, period average)",annual_year_columns_in_wdi_data_sheet,,2007,9281.15182833333,9281.15182833333,PARSED,WDIEXCEL.xlsx!Data!R221810C52
WDI_2018_11_14,,37043431fb5f2a296f33dec9dd23c2a3c2afa48dfe2569e905a2f9bad753c08d,IRN,"Iran, Islamic Rep.",PA.NUS.FCRF,"Official exchange rate (LCU per US$, period average)",annual_year_columns_in_wdi_data_sheet,,2008,9428.52826083333,9428.52826083333,PARSED,WDIEXCEL.xlsx!Data!R221810C53
WDI_2018_11_14,,37043431fb5f2a296f33dec9dd23c2a3c2afa48dfe2569e905a2f9bad753c08d,IRN,"Iran, Islamic Rep.",PA.NUS.FCRF,"Official exchange rate (LCU per US$, period average)",annual_year_columns_in_wdi_data_sheet,,2009,9864.3024562682,9864.3024562682,PARSED,WDIEXCEL.xlsx!Data!R221810C54
WDI_2018_11_14,,37043431fb5f2a296f33dec9dd23c2a3c2afa48dfe2569e905a2f9bad753c08d,IRN,"Iran, Islamic Rep.",PA.NUS.FCRF,"Official exchange rate (LCU per US$, period average)",annual_year_columns_in_wdi_data_sheet,,2010,10254.176470289,10254.176470289,PARSED,WDIEXCEL.xlsx!Data!R221810C55
WDI_2018_11_14,,37043431fb5f2a296f33dec9dd23c2a3c2afa48dfe2569e905a2f9bad753c08d,IRN,"Iran, Islamic Rep.",PA.NUS.FCRF,"Official exchange rate (LCU per US$, period average)",annual_year_columns_in_wdi_data_sheet,,2011,10616.3066439076,10616.3066439076,PARSED,WDIEXCEL.xlsx!Data!R221810C56
WDI_2018_11_14,,37043431fb5f2a296f33dec9dd23c2a3c2afa48dfe2569e905a2f9bad753c08d,IRN,"Iran, Islamic Rep.",PA.NUS.FCRF,"Official exchange rate (LCU per US$, period average)",annual_year_columns_in_wdi_data_sheet,,2012,12175.5472222222,12175.5472222222,PARSED,WDIEXCEL.xlsx!Data!R221810C57
WDI_2018_11_14,,37043431fb5f2a296f33dec9dd23c2a3c2afa48dfe2569e905a2f9bad753c08d,IRN,"Iran, Islamic Rep.",PA.NUS.FCRF,"Official exchange rate (LCU per US$, period average)",annual_year_columns_in_wdi_data_sheet,,2013,18414.4480100374,18414.4480100374,PARSED,WDIEXCEL.xlsx!Data!R221810C58
WDI_2018_11_14,,37043431fb5f2a296f33dec9dd23c2a3c2afa48dfe2569e905a2f9bad753c08d,IRN,"Iran, Islamic Rep.",PA.NUS.FCRF,"Official exchange rate (LCU per US$, period average)",annual_year_columns_in_wdi_data_sheet,,2014,25941.6641445972,25941.6641445972,PARSED,WDIEXCEL.xlsx!Data!R221810C59
WDI_2018_11_14,,37043431fb5f2a296f33dec9dd23c2a3c2afa48dfe2569e905a2f9bad753c08d,IRN,"Iran, Islamic Rep.",PA.NUS.FCRF,"Official exchange rate (LCU per US$, period average)",annual_year_columns_in_wdi_data_sheet,,2015,29011.491377053,29011.491377053,PARSED,WDIEXCEL.xlsx!Data!R221810C60
WDI_2018_11_14,,37043431fb5f2a296f33dec9dd23c2a3c2afa48dfe2569e905a2f9bad753c08d,IRN,"Iran, Islamic Rep.",PA.NUS.FCRF,"Official exchange rate (LCU per US$, period average)",annual_year_columns_in_wdi_data_sheet,,2016,30914.8524362967,30914.8524362967,PARSED,WDIEXCEL.xlsx!Data!R221810C61
WDI_2018_11_14,,37043431fb5f2a296f33dec9dd23c2a3c2afa48dfe2569e905a2f9bad753c08d,IRN,"Iran, Islamic Rep.",PA.NUS.FCRF,"Official exchange rate (LCU per US$, period average)",annual_year_columns_in_wdi_data_sheet,,2017,33226.2981524127,33226.2981524127,PARSED,WDIEXCEL.xlsx!Data!R221810C62
WDI_2019_03_21,,3725227a85ac0f16e76de7906b0d1369b179d3c052f3fa01a780770b12a36405,IRN,"Iran, Islamic Rep.",FP.CPI.TOTL.ZG,"Inflation, consumer prices (annual %)",annual_year_columns_in_wdi_data_sheet,,1960,9.82241081297881,9.82241081297881,PARSED,WDIEXCEL.xlsx!Data!R220785C5
WDI_2019_03_21,,3725227a85ac0f16e76de7906b0d1369b179d3c052f3fa01a780770b12a36405,IRN,"Iran, Islamic Rep.",FP.CPI.TOTL.ZG,"Inflation, consumer prices (annual %)",annual_year_columns_in_wdi_data_sheet,,1961,3.16256439585737,3.16256439585737,PARSED,WDIEXCEL.xlsx!Data!R220785C6
WDI_2019_03_21,,3725227a85ac0f16e76de7906b0d1369b179d3c052f3fa01a780770b12a36405,IRN,"Iran, Islamic Rep.",FP.CPI.TOTL.ZG,"Inflation, consumer prices (annual %)",annual_year_columns_in_wdi_data_sheet,,1962,0.721320571656317,0.721320571656317,PARSED,WDIEXCEL.xlsx!Data!R220785C7
WDI_2019_03_21,,3725227a85ac0f16e76de7906b0d1369b179d3c052f3fa01a780770b12a36405,IRN,"Iran, Islamic Rep.",FP.CPI.TOTL.ZG,"Inflation, consumer prices (annual %)",annual_year_columns_in_wdi_data_sheet,,1963,0.371849607221687,0.371849607221687,PARSED,WDIEXCEL.xlsx!Data!R220785C8
WDI_2019_03_21,,3725227a85ac0f16e76de7906b0d1369b179d3c052f3fa01a780770b12a36405,IRN,"Iran, Islamic Rep.",FP.CPI.TOTL.ZG,"Inflation, consumer prices (annual %)",annual_year_columns_in_wdi_data_sheet,,1964,3.81448957223042,3.81448957223042,PARSED,WDIEXCEL.xlsx!Data!R220785C9
WDI_2019_03_21,,3725227a85ac0f16e76de7906b0d1369b179d3c052f3fa01a780770b12a36405,IRN,"Iran, Islamic Rep.",FP.CPI.TOTL.ZG,"Inflation, consumer prices (annual %)",annual_year_columns_in_wdi_data_sheet,,1965,2.15437483520965,2.15437483520965,PARSED,WDIEXCEL.xlsx!Data!R220785C10
WDI_2019_03_21,,3725227a85ac0f16e76de7906b0d1369b179d3c052f3fa01a780770b12a36405,IRN,"Iran, Islamic Rep.",FP.CPI.TOTL.ZG,"Inflation, consumer prices (annual %)",annual_year_columns_in_wdi_data_sheet,,1966,-0.388148532154467,-0.388148532154467,PARSED,WDIEXCEL.xlsx!Data!R220785C11
WDI_2019_03_21,,3725227a85ac0f16e76de7906b0d1369b179d3c052f3fa01a780770b12a36405,IRN,"Iran, Islamic Rep.",FP.CPI.TOTL.ZG,"Inflation, consumer prices (annual %)",annual_year_columns_in_wdi_data_sheet,,1967,1.59761007964359,1.59761007964359,PARSED,WDIEXCEL.xlsx!Data!R220785C12
WDI_2019_03_21,,3725227a85ac0f16e76de7906b0d1369b179d3c052f3fa01a780770b12a36405,IRN,"Iran, Islamic Rep.",FP.CPI.TOTL.ZG,"Inflation, consumer prices (annual %)",annual_year_columns_in_wdi_data_sheet,,1968,0.690360521996216,0.690360521996216,PARSED,WDIEXCEL.xlsx!Data!R220785C13
WDI_2019_03_21,,3725227a85ac0f16e76de7906b0d1369b179d3c052f3fa01a780770b12a36405,IRN,"Iran, Islamic Rep.",FP.CPI.TOTL.ZG,"Inflation, consumer prices (annual %)",annual_year_columns_in_wdi_data_sheet,,1969,3.59319451551283,3.59319451551283,PARSED,WDIEXCEL.xlsx!Data!R220785C14
WDI_2019_03_21,,3725227a85ac0f16e76de7906b0d1369b179d3c052f3fa01a780770b12a36405,IRN,"Iran, Islamic Rep.",FP.CPI.TOTL.ZG,"Inflation, consumer prices (annual %)",annual_year_columns_in_wdi_data_sheet,,1970,1.66687093970065,1.66687093970065,PARSED,WDIEXCEL.xlsx!Data!R220785C15
WDI_2019_03_21,,3725227a85ac0f16e76de7906b0d1369b179d3c052f3fa01a780770b12a36405,IRN,"Iran, Islamic Rep.",FP.CPI.TOTL.ZG,"Inflation, consumer prices (annual %)",annual_year_columns_in_wdi_data_sheet,,1971,4.19529837265424,4.19529837265424,PARSED,WDIEXCEL.xlsx!Data!R220785C16
WDI_2019_03_21,,3725227a85ac0f16e76de7906b0d1369b179d3c052f3fa01a780770b12a36405,IRN,"Iran, Islamic Rep.",FP.CPI.TOTL.ZG,"Inflation, consumer prices (annual %)",annual_year_columns_in_wdi_data_sheet,,1972,6.39824135128874,6.39824135128874,PARSED,WDIEXCEL.xlsx!Data!R220785C17
WDI_2019_03_21,,3725227a85ac0f16e76de7906b0d1369b179d3c052f3fa01a780770b12a36405,IRN,"Iran, Islamic Rep.",FP.CPI.TOTL.ZG,"Inflation, consumer prices (annual %)",annual_year_columns_in_wdi_data_sheet,,1973,9.8194867331876,9.8194867331876,PARSED,WDIEXCEL.xlsx!Data!R220785C18
WDI_2019_03_21,,3725227a85ac0f16e76de7906b0d1369b179d3c052f3fa01a780770b12a36405,IRN,"Iran, Islamic Rep.",FP.CPI.TOTL.ZG,"Inflation, consumer prices (annual %)",annual_year_columns_in_wdi_data_sheet,,1974,14.2489355382568,14.2489355382568,PARSED,WDIEXCEL.xlsx!Data!R220785C19
WDI_2019_03_21,,3725227a85ac0f16e76de7906b0d1369b179d3c052f3fa01a780770b12a36405,IRN,"Iran, Islamic Rep.",FP.CPI.TOTL.ZG,"Inflation, consumer prices (annual %)",annual_year_columns_in_wdi_data_sheet,,1975,12.879181833834,12.879181833834,PARSED,WDIEXCEL.xlsx!Data!R220785C20
WDI_2019_03_21,,3725227a85ac0f16e76de7906b0d1369b179d3c052f3fa01a780770b12a36405,IRN,"Iran, Islamic Rep.",FP.CPI.TOTL.ZG,"Inflation, consumer prices (annual %)",annual_year_columns_in_wdi_data_sheet,,1976,11.2561425062112,11.2561425062112,PARSED,WDIEXCEL.xlsx!Data!R220785C21
WDI_2019_03_21,,3725227a85ac0f16e76de7906b0d1369b179d3c052f3fa01a780770b12a36405,IRN,"Iran, Islamic Rep.",FP.CPI.TOTL.ZG,"Inflation, consumer prices (annual %)",annual_year_columns_in_wdi_data_sheet,,1977,27.2877846793093,27.2877846793093,PARSED,WDIEXCEL.xlsx!Data!R220785C22
WDI_2019_03_21,,3725227a85ac0f16e76de7906b0d1369b179d3c052f3fa01a780770b12a36405,IRN,"Iran, Islamic Rep.",FP.CPI.TOTL.ZG,"Inflation, consumer prices (annual %)",annual_year_columns_in_wdi_data_sheet,,1978,11.7219692041212,11.7219692041212,PARSED,WDIEXCEL.xlsx!Data!R220785C23
WDI_2019_03_21,,3725227a85ac0f16e76de7906b0d1369b179d3c052f3fa01a780770b12a36405,IRN,"Iran, Islamic Rep.",FP.CPI.TOTL.ZG,"Inflation, consumer prices (annual %)",annual_year_columns_in_wdi_data_sheet,,1979,10.4872367273486,10.4872367273486,PARSED,WDIEXCEL.xlsx!Data!R220785C24
WDI_2019_03_21,,3725227a85ac0f16e76de7906b0d1369b179d3c052f3fa01a780770b12a36405,IRN,"Iran, Islamic Rep.",FP.CPI.TOTL.ZG,"Inflation, consumer prices (annual %)",annual_year_columns_in_wdi_data_sheet,,1980,20.6439144373797,20.6439144373797,PARSED,WDIEXCEL.xlsx!Data!R220785C25
WDI_2019_03_21,,3725227a85ac0f16e76de7906b0d1369b179d3c052f3fa01a780770b12a36405,IRN,"Iran, Islamic Rep.",FP.CPI.TOTL.ZG,"Inflation, consumer prices (annual %)",annual_year_columns_in_wdi_data_sheet,,1981,24.2035897624486,24.2035897624486,PARSED,WDIEXCEL.xlsx!Data!R220785C26
WDI_2019_03_21,,3725227a85ac0f16e76de7906b0d1369b179d3c052f3fa01a780770b12a36405,IRN,"Iran, Islamic Rep.",FP.CPI.TOTL.ZG,"Inflation, consumer prices (annual %)",annual_year_columns_in_wdi_data_sheet,,1982,18.6897259269564,18.6897259269564,PARSED,WDIEXCEL.xlsx!Data!R220785C27
WDI_2019_03_21,,3725227a85ac0f16e76de7906b0d1369b179d3c052f3fa01a780770b12a36405,IRN,"Iran, Islamic Rep.",FP.CPI.TOTL.ZG,"Inflation, consumer prices (annual %)",annual_year_columns_in_wdi_data_sheet,,1983,19.7401891778611,19.7401891778611,PARSED,WDIEXCEL.xlsx!Data!R220785C28
WDI_2019_03_21,,3725227a85ac0f16e76de7906b0d1369b179d3c052f3fa01a780770b12a36405,IRN,"Iran, Islamic Rep.",FP.CPI.TOTL.ZG,"Inflation, consumer prices (annual %)",annual_year_columns_in_wdi_data_sheet,,1984,12.5402194538869,12.5402194538869,PARSED,WDIEXCEL.xlsx!Data!R220785C29
WDI_2019_03_21,,3725227a85ac0f16e76de7906b0d1369b179d3c052f3fa01a780770b12a36405,IRN,"Iran, Islamic Rep.",FP.CPI.TOTL.ZG,"Inflation, consumer prices (annual %)",annual_year_columns_in_wdi_data_sheet,,1985,4.38934095741537,4.38934095741537,PARSED,WDIEXCEL.xlsx!Data!R220785C30
WDI_2019_03_21,,3725227a85ac0f16e76de7906b0d1369b179d3c052f3fa01a780770b12a36405,IRN,"Iran, Islamic Rep.",FP.CPI.TOTL.ZG,"Inflation, consumer prices (annual %)",annual_year_columns_in_wdi_data_sheet,,1986,18.4290030211474,18.4290030211474,PARSED,WDIEXCEL.xlsx!Data!R220785C31
WDI_2019_03_21,,3725227a85ac0f16e76de7906b0d1369b179d3c052f3fa01a780770b12a36405,IRN,"Iran, Islamic Rep.",FP.CPI.TOTL.ZG,"Inflation, consumer prices (annual %)",annual_year_columns_in_wdi_data_sheet,,1987,28.5714285714291,28.5714285714291,PARSED,WDIEXCEL.xlsx!Data!R220785C32
WDI_2019_03_21,,3725227a85ac0f16e76de7906b0d1369b179d3c052f3fa01a780770b12a36405,IRN,"Iran, Islamic Rep.",FP.CPI.TOTL.ZG,"Inflation, consumer prices (annual %)",annual_year_columns_in_wdi_data_sheet,,1988,28.6706349206345,28.6706349206345,PARSED,WDIEXCEL.xlsx!Data!R220785C33
WDI_2019_03_21,,3725227a85ac0f16e76de7906b0d1369b179d3c052f3fa01a780770b12a36405,IRN,"Iran, Islamic Rep.",FP.CPI.TOTL.ZG,"Inflation, consumer prices (annual %)",annual_year_columns_in_wdi_data_sheet,,1989,22.3496530454897,22.3496530454897,PARSED,WDIEXCEL.xlsx!Data!R220785C34
WDI_2019_03_21,,3725227a85ac0f16e76de7906b0d1369b179d3c052f3fa01a780770b12a36405,IRN,"Iran, Islamic Rep.",FP.CPI.TOTL.ZG,"Inflation, consumer prices (annual %)",annual_year_columns_in_wdi_data_sheet,,1990,7.62767493763936,7.62767493763936,PARSED,WDIEXCEL.xlsx!Data!R220785C35
WDI_2019_03_21,,3725227a85ac0f16e76de7906b0d1369b179d3c052f3fa01a780770b12a36405,IRN,"Iran, Islamic Rep.",FP.CPI.TOTL.ZG,"Inflation, consumer prices (annual %)",annual_year_columns_in_wdi_data_sheet,,1991,17.1285679434011,17.1285679434011,PARSED,WDIEXCEL.xlsx!Data!R220785C36
WDI_2019_03_21,,3725227a85ac0f16e76de7906b0d1369b179d3c052f3fa01a780770b12a36405,IRN,"Iran, Islamic Rep.",FP.CPI.TOTL.ZG,"Inflation, consumer prices (annual %)",annual_year_columns_in_wdi_data_sheet,,1992,25.8077226162332,25.8077226162332,PARSED,WDIEXCEL.xlsx!Data!R220785C37
WDI_2019_03_21,,3725227a85ac0f16e76de7906b0d1369b179d3c052f3fa01a780770b12a36405,IRN,"Iran, Islamic Rep.",FP.CPI.TOTL.ZG,"Inflation, consumer prices (annual %)",annual_year_columns_in_wdi_data_sheet,,1993,21.2026307547761,21.2026307547761,PARSED,WDIEXCEL.xlsx!Data!R220785C38
WDI_2019_03_21,,3725227a85ac0f16e76de7906b0d1369b179d3c052f3fa01a780770b12a36405,IRN,"Iran, Islamic Rep.",FP.CPI.TOTL.ZG,"Inflation, consumer prices (annual %)",annual_year_columns_in_wdi_data_sheet,,1994,31.4470284237728,31.4470284237728,PARSED,WDIEXCEL.xlsx!Data!R220785C39
WDI_2019_03_21,,3725227a85ac0f16e76de7906b0d1369b179d3c052f3fa01a780770b12a36405,IRN,"Iran, Islamic Rep.",FP.CPI.TOTL.ZG,"Inflation, consumer prices (annual %)",annual_year_columns_in_wdi_data_sheet,,1995,49.6559858462747,49.6559858462747,PARSED,WDIEXCEL.xlsx!Data!R220785C40
WDI_2019_03_21,,3725227a85ac0f16e76de7906b0d1369b179d3c052f3fa01a780770b12a36405,IRN,"Iran, Islamic Rep.",FP.CPI.TOTL.ZG,"Inflation, consumer prices (annual %)",annual_year_columns_in_wdi_data_sheet,,1996,28.9373440168136,28.9373440168136,PARSED,WDIEXCEL.xlsx!Data!R220785C41
WDI_2019_03_21,,3725227a85ac0f16e76de7906b0d1369b179d3c052f3fa01a780770b12a36405,IRN,"Iran, Islamic Rep.",FP.CPI.TOTL.ZG,"Inflation, consumer prices (annual %)",annual_year_columns_in_wdi_data_sheet,,1997,17.3492257538708,17.3492257538708,PARSED,WDIEXCEL.xlsx!Data!R220785C42
WDI_2019_03_21,,3725227a85ac0f16e76de7906b0d1369b179d3c052f3fa01a780770b12a36405,IRN,"Iran, Islamic Rep.",FP.CPI.TOTL.ZG,"Inflation, consumer prices (annual %)",annual_year_columns_in_wdi_data_sheet,,1998,17.8661342130397,17.8661342130397,PARSED,WDIEXCEL.xlsx!Data!R220785C43
WDI_2019_03_21,,3725227a85ac0f16e76de7906b0d1369b179d3c052f3fa01a780770b12a36405,IRN,"Iran, Islamic Rep.",FP.CPI.TOTL.ZG,"Inflation, consumer prices (annual %)",annual_year_columns_in_wdi_data_sheet,,1999,20.0707078146866,20.0707078146866,PARSED,WDIEXCEL.xlsx!Data!R220785C44
WDI_2019_03_21,,3725227a85ac0f16e76de7906b0d1369b179d3c052f3fa01a780770b12a36405,IRN,"Iran, Islamic Rep.",FP.CPI.TOTL.ZG,"Inflation, consumer prices (annual %)",annual_year_columns_in_wdi_data_sheet,,2000,14.4767513188566,14.4767513188566,PARSED,WDIEXCEL.xlsx!Data!R220785C45
WDI_2019_03_21,,3725227a85ac0f16e76de7906b0d1369b179d3c052f3fa01a780770b12a36405,IRN,"Iran, Islamic Rep.",FP.CPI.TOTL.ZG,"Inflation, consumer prices (annual %)",annual_year_columns_in_wdi_data_sheet,,2001,11.2742471332117,11.2742471332117,PARSED,WDIEXCEL.xlsx!Data!R220785C46
WDI_2019_03_21,,3725227a85ac0f16e76de7906b0d1369b179d3c052f3fa01a780770b12a36405,IRN,"Iran, Islamic Rep.",FP.CPI.TOTL.ZG,"Inflation, consumer prices (annual %)",annual_year_columns_in_wdi_data_sheet,,2002,14.3359337378404,14.3359337378404,PARSED,WDIEXCEL.xlsx!Data!R220785C47
WDI_2019_03_21,,3725227a85ac0f16e76de7906b0d1369b179d3c052f3fa01a780770b12a36405,IRN,"Iran, Islamic Rep.",FP.CPI.TOTL.ZG,"Inflation, consumer prices (annual %)",annual_year_columns_in_wdi_data_sheet,,2003,16.4680116244792,16.4680116244792,PARSED,WDIEXCEL.xlsx!Data!R220785C48
WDI_2019_03_21,,3725227a85ac0f16e76de7906b0d1369b179d3c052f3fa01a780770b12a36405,IRN,"Iran, Islamic Rep.",FP.CPI.TOTL.ZG,"Inflation, consumer prices (annual %)",annual_year_columns_in_wdi_data_sheet,,2004,14.7615086970672,14.7615086970672,PARSED,WDIEXCEL.xlsx!Data!R220785C49
WDI_2019_03_21,,3725227a85ac0f16e76de7906b0d1369b179d3c052f3fa01a780770b12a36405,IRN,"Iran, Islamic Rep.",FP.CPI.TOTL.ZG,"Inflation, consumer prices (annual %)",annual_year_columns_in_wdi_data_sheet,,2005,13.433118008508,13.433118008508,PARSED,WDIEXCEL.xlsx!Data!R220785C50
WDI_2019_03_21,,3725227a85ac0f16e76de7906b0d1369b179d3c052f3fa01a780770b12a36405,IRN,"Iran, Islamic Rep.",FP.CPI.TOTL.ZG,"Inflation, consumer prices (annual %)",annual_year_columns_in_wdi_data_sheet,,2006,10.0158982511924,10.0158982511924,PARSED,WDIEXCEL.xlsx!Data!R220785C51
WDI_2019_03_21,,3725227a85ac0f16e76de7906b0d1369b179d3c052f3fa01a780770b12a36405,IRN,"Iran, Islamic Rep.",FP.CPI.TOTL.ZG,"Inflation, consumer prices (annual %)",annual_year_columns_in_wdi_data_sheet,,2007,17.3410404624277,17.3410404624277,PARSED,WDIEXCEL.xlsx!Data!R220785C52
WDI_2019_03_21,,3725227a85ac0f16e76de7906b0d1369b179d3c052f3fa01a780770b12a36405,IRN,"Iran, Islamic Rep.",FP.CPI.TOTL.ZG,"Inflation, consumer prices (annual %)",annual_year_columns_in_wdi_data_sheet,,2008,25.4105090311987,25.4105090311987,PARSED,WDIEXCEL.xlsx!Data!R220785C53
WDI_2019_03_21,,3725227a85ac0f16e76de7906b0d1369b179d3c052f3fa01a780770b12a36405,IRN,"Iran, Islamic Rep.",FP.CPI.TOTL.ZG,"Inflation, consumer prices (annual %)",annual_year_columns_in_wdi_data_sheet,,2009,13.5515548281506,13.5515548281506,PARSED,WDIEXCEL.xlsx!Data!R220785C54
WDI_2019_03_21,,3725227a85ac0f16e76de7906b0d1369b179d3c052f3fa01a780770b12a36405,IRN,"Iran, Islamic Rep.",FP.CPI.TOTL.ZG,"Inflation, consumer prices (annual %)",annual_year_columns_in_wdi_data_sheet,,2010,10.089362928798,10.089362928798,PARSED,WDIEXCEL.xlsx!Data!R220785C55
WDI_2019_03_21,,3725227a85ac0f16e76de7906b0d1369b179d3c052f3fa01a780770b12a36405,IRN,"Iran, Islamic Rep.",FP.CPI.TOTL.ZG,"Inflation, consumer prices (annual %)",annual_year_columns_in_wdi_data_sheet,,2011,20.8693375229118,20.8693375229118,PARSED,WDIEXCEL.xlsx!Data!R220785C56
WDI_2019_03_21,,3725227a85ac0f16e76de7906b0d1369b179d3c052f3fa01a780770b12a36405,IRN,"Iran, Islamic Rep.",FP.CPI.TOTL.ZG,"Inflation, consumer prices (annual %)",annual_year_columns_in_wdi_data_sheet,,2012,25.736568457539,25.736568457539,PARSED,WDIEXCEL.xlsx!Data!R220785C57
WDI_2019_03_21,,3725227a85ac0f16e76de7906b0d1369b179d3c052f3fa01a780770b12a36405,IRN,"Iran, Islamic Rep.",FP.CPI.TOTL.ZG,"Inflation, consumer prices (annual %)",annual_year_columns_in_wdi_data_sheet,,2013,39.2660234321157,39.2660234321157,PARSED,WDIEXCEL.xlsx!Data!R220785C58
WDI_2019_03_21,,3725227a85ac0f16e76de7906b0d1369b179d3c052f3fa01a780770b12a36405,IRN,"Iran, Islamic Rep.",FP.CPI.TOTL.ZG,"Inflation, consumer prices (annual %)",annual_year_columns_in_wdi_data_sheet,,2014,17.2213287145862,17.2213287145862,PARSED,WDIEXCEL.xlsx!Data!R220785C59
WDI_2019_03_21,,3725227a85ac0f16e76de7906b0d1369b179d3c052f3fa01a780770b12a36405,IRN,"Iran, Islamic Rep.",FP.CPI.TOTL.ZG,"Inflation, consumer prices (annual %)",annual_year_columns_in_wdi_data_sheet,,2015,13.6992084432717,13.6992084432717,PARSED,WDIEXCEL.xlsx!Data!R220785C60
WDI_2019_03_21,,3725227a85ac0f16e76de7906b0d1369b179d3c052f3fa01a780770b12a36405,IRN,"Iran, Islamic Rep.",FP.CPI.TOTL.ZG,"Inflation, consumer prices (annual %)",annual_year_columns_in_wdi_data_sheet,,2016,8.65125777406479,8.65125777406479,PARSED,WDIEXCEL.xlsx!Data!R220785C61
WDI_2019_03_21,,3725227a85ac0f16e76de7906b0d1369b179d3c052f3fa01a780770b12a36405,IRN,"Iran, Islamic Rep.",FP.CPI.TOTL.ZG,"Inflation, consumer prices (annual %)",annual_year_columns_in_wdi_data_sheet,,2017,9.98718496369076,9.98718496369076,PARSED,WDIEXCEL.xlsx!Data!R220785C62
WDI_2019_03_21,,3725227a85ac0f16e76de7906b0d1369b179d3c052f3fa01a780770b12a36405,IRN,"Iran, Islamic Rep.",FP.CPI.TOTL.ZG,"Inflation, consumer prices (annual %)",annual_year_columns_in_wdi_data_sheet,,2018,,,MISSING,WDIEXCEL.xlsx!Data!R220785C63
WDI_2019_03_21,,3725227a85ac0f16e76de7906b0d1369b179d3c052f3fa01a780770b12a36405,IRN,"Iran, Islamic Rep.",PA.NUS.FCRF,"Official exchange rate (LCU per US$, period average)",annual_year_columns_in_wdi_data_sheet,,1960,75.75000007575,75.75000007575,PARSED,WDIEXCEL.xlsx!Data!R221113C5
WDI_2019_03_21,,3725227a85ac0f16e76de7906b0d1369b179d3c052f3fa01a780770b12a36405,IRN,"Iran, Islamic Rep.",PA.NUS.FCRF,"Official exchange rate (LCU per US$, period average)",annual_year_columns_in_wdi_data_sheet,,1961,75.75000007575,75.75000007575,PARSED,WDIEXCEL.xlsx!Data!R221113C6
WDI_2019_03_21,,3725227a85ac0f16e76de7906b0d1369b179d3c052f3fa01a780770b12a36405,IRN,"Iran, Islamic Rep.",PA.NUS.FCRF,"Official exchange rate (LCU per US$, period average)",annual_year_columns_in_wdi_data_sheet,,1962,75.75000007575,75.75000007575,PARSED,WDIEXCEL.xlsx!Data!R221113C7
WDI_2019_03_21,,3725227a85ac0f16e76de7906b0d1369b179d3c052f3fa01a780770b12a36405,IRN,"Iran, Islamic Rep.",PA.NUS.FCRF,"Official exchange rate (LCU per US$, period average)",annual_year_columns_in_wdi_data_sheet,,1963,75.75000007575,75.75000007575,PARSED,WDIEXCEL.xlsx!Data!R221113C8
WDI_2019_03_21,,3725227a85ac0f16e76de7906b0d1369b179d3c052f3fa01a780770b12a36405,IRN,"Iran, Islamic Rep.",PA.NUS.FCRF,"Official exchange rate (LCU per US$, period average)",annual_year_columns_in_wdi_data_sheet,,1964,75.75000007575,75.75000007575,PARSED,WDIEXCEL.xlsx!Data!R221113C9
WDI_2019_03_21,,3725227a85ac0f16e76de7906b0d1369b179d3c052f3fa01a780770b12a36405,IRN,"Iran, Islamic Rep.",PA.NUS.FCRF,"Official exchange rate (LCU per US$, period average)",annual_year_columns_in_wdi_data_sheet,,1965,75.75000007575,75.75000007575,PARSED,WDIEXCEL.xlsx!Data!R221113C10
WDI_2019_03_21,,3725227a85ac0f16e76de7906b0d1369b179d3c052f3fa01a780770b12a36405,IRN,"Iran, Islamic Rep.",PA.NUS.FCRF,"Official exchange rate (LCU per US$, period average)",annual_year_columns_in_wdi_data_sheet,,1966,75.75000007575,75.75000007575,PARSED,WDIEXCEL.xlsx!Data!R221113C11
WDI_2019_03_21,,3725227a85ac0f16e76de7906b0d1369b179d3c052f3fa01a780770b12a36405,IRN,"Iran, Islamic Rep.",PA.NUS.FCRF,"Official exchange rate (LCU per US$, period average)",annual_year_columns_in_wdi_data_sheet,,1967,75.75000007575,75.75000007575,PARSED,WDIEXCEL.xlsx!Data!R221113C12
WDI_2019_03_21,,3725227a85ac0f16e76de7906b0d1369b179d3c052f3fa01a780770b12a36405,IRN,"Iran, Islamic Rep.",PA.NUS.FCRF,"Official exchange rate (LCU per US$, period average)",annual_year_columns_in_wdi_data_sheet,,1968,75.75000007575,75.75000007575,PARSED,WDIEXCEL.xlsx!Data!R221113C13
WDI_2019_03_21,,3725227a85ac0f16e76de7906b0d1369b179d3c052f3fa01a780770b12a36405,IRN,"Iran, Islamic Rep.",PA.NUS.FCRF,"Official exchange rate (LCU per US$, period average)",annual_year_columns_in_wdi_data_sheet,,1969,75.75000007575,75.75000007575,PARSED,WDIEXCEL.xlsx!Data!R221113C14
WDI_2019_03_21,,3725227a85ac0f16e76de7906b0d1369b179d3c052f3fa01a780770b12a36405,IRN,"Iran, Islamic Rep.",PA.NUS.FCRF,"Official exchange rate (LCU per US$, period average)",annual_year_columns_in_wdi_data_sheet,,1970,75.75000007575,75.75000007575,PARSED,WDIEXCEL.xlsx!Data!R221113C15
WDI_2019_03_21,,3725227a85ac0f16e76de7906b0d1369b179d3c052f3fa01a780770b12a36405,IRN,"Iran, Islamic Rep.",PA.NUS.FCRF,"Official exchange rate (LCU per US$, period average)",annual_year_columns_in_wdi_data_sheet,,1971,75.75,75.75,PARSED,WDIEXCEL.xlsx!Data!R221113C16
WDI_2019_03_21,,3725227a85ac0f16e76de7906b0d1369b179d3c052f3fa01a780770b12a36405,IRN,"Iran, Islamic Rep.",PA.NUS.FCRF,"Official exchange rate (LCU per US$, period average)",annual_year_columns_in_wdi_data_sheet,,1972,75.7499701345202,75.7499701345202,PARSED,WDIEXCEL.xlsx!Data!R221113C17
WDI_2019_03_21,,3725227a85ac0f16e76de7906b0d1369b179d3c052f3fa01a780770b12a36405,IRN,"Iran, Islamic Rep.",PA.NUS.FCRF,"Official exchange rate (LCU per US$, period average)",annual_year_columns_in_wdi_data_sheet,,1973,68.8852275210375,68.8852275210375,PARSED,WDIEXCEL.xlsx!Data!R221113C18
WDI_2019_03_21,,3725227a85ac0f16e76de7906b0d1369b179d3c052f3fa01a780770b12a36405,IRN,"Iran, Islamic Rep.",PA.NUS.FCRF,"Official exchange rate (LCU per US$, period average)",annual_year_columns_in_wdi_data_sheet,,1974,67.6380845377326,67.6380845377326,PARSED,WDIEXCEL.xlsx!Data!R221113C19
WDI_2019_03_21,,3725227a85ac0f16e76de7906b0d1369b179d3c052f3fa01a780770b12a36405,IRN,"Iran, Islamic Rep.",PA.NUS.FCRF,"Official exchange rate (LCU per US$, period average)",annual_year_columns_in_wdi_data_sheet,,1975,67.6516871684015,67.6516871684015,PARSED,WDIEXCEL.xlsx!Data!R221113C20
WDI_2019_03_21,,3725227a85ac0f16e76de7906b0d1369b179d3c052f3fa01a780770b12a36405,IRN,"Iran, Islamic Rep.",PA.NUS.FCRF,"Official exchange rate (LCU per US$, period average)",annual_year_columns_in_wdi_data_sheet,,1976,70.2356870416942,70.2356870416942,PARSED,WDIEXCEL.xlsx!Data!R221113C21
WDI_2019_03_21,,3725227a85ac0f16e76de7906b0d1369b179d3c052f3fa01a780770b12a36405,IRN,"Iran, Islamic Rep.",PA.NUS.FCRF,"Official exchange rate (LCU per US$, period average)",annual_year_columns_in_wdi_data_sheet,,1977,70.6303300520111,70.6303300520111,PARSED,WDIEXCEL.xlsx!Data!R221113C22
WDI_2019_03_21,,3725227a85ac0f16e76de7906b0d1369b179d3c052f3fa01a780770b12a36405,IRN,"Iran, Islamic Rep.",PA.NUS.FCRF,"Official exchange rate (LCU per US$, period average)",annual_year_columns_in_wdi_data_sheet,,1978,70.4886359738125,70.4886359738125,PARSED,WDIEXCEL.xlsx!Data!R221113C23
WDI_2019_03_21,,3725227a85ac0f16e76de7906b0d1369b179d3c052f3fa01a780770b12a36405,IRN,"Iran, Islamic Rep.",PA.NUS.FCRF,"Official exchange rate (LCU per US$, period average)",annual_year_columns_in_wdi_data_sheet,,1979,70.4886359738125,70.4886359738125,PARSED,WDIEXCEL.xlsx!Data!R221113C24
WDI_2019_03_21,,3725227a85ac0f16e76de7906b0d1369b179d3c052f3fa01a780770b12a36405,IRN,"Iran, Islamic Rep.",PA.NUS.FCRF,"Official exchange rate (LCU per US$, period average)",annual_year_columns_in_wdi_data_sheet,,1980,70.6284463535277,70.6284463535277,PARSED,WDIEXCEL.xlsx!Data!R221113C25
WDI_2019_03_21,,3725227a85ac0f16e76de7906b0d1369b179d3c052f3fa01a780770b12a36405,IRN,"Iran, Islamic Rep.",PA.NUS.FCRF,"Official exchange rate (LCU per US$, period average)",annual_year_columns_in_wdi_data_sheet,,1981,78.3430720757025,78.3430720757025,PARSED,WDIEXCEL.xlsx!Data!R221113C26
WDI_2019_03_21,,3725227a85ac0f16e76de7906b0d1369b179d3c052f3fa01a780770b12a36405,IRN,"Iran, Islamic Rep.",PA.NUS.FCRF,"Official exchange rate (LCU per US$, period average)",annual_year_columns_in_wdi_data_sheet,,1982,83.618642630865,83.618642630865,PARSED,WDIEXCEL.xlsx!Data!R221113C27
WDI_2019_03_21,,3725227a85ac0f16e76de7906b0d1369b179d3c052f3fa01a780770b12a36405,IRN,"Iran, Islamic Rep.",PA.NUS.FCRF,"Official exchange rate (LCU per US$, period average)",annual_year_columns_in_wdi_data_sheet,,1983,86.3745757641037,86.3745757641037,PARSED,WDIEXCEL.xlsx!Data!R221113C28
WDI_2019_03_21,,3725227a85ac0f16e76de7906b0d1369b179d3c052f3fa01a780770b12a36405,IRN,"Iran, Islamic Rep.",PA.NUS.FCRF,"Official exchange rate (LCU per US$, period average)",annual_year_columns_in_wdi_data_sheet,,1984,90.0471028786076,90.0471028786076,PARSED,WDIEXCEL.xlsx!Data!R221113C29
WDI_2019_03_21,,3725227a85ac0f16e76de7906b0d1369b179d3c052f3fa01a780770b12a36405,IRN,"Iran, Islamic Rep.",PA.NUS.FCRF,"Official exchange rate (LCU per US$, period average)",annual_year_columns_in_wdi_data_sheet,,1985,91.069200602911,91.069200602911,PARSED,WDIEXCEL.xlsx!Data!R221113C30
WDI_2019_03_21,,3725227a85ac0f16e76de7906b0d1369b179d3c052f3fa01a780770b12a36405,IRN,"Iran, Islamic Rep.",PA.NUS.FCRF,"Official exchange rate (LCU per US$, period average)",annual_year_columns_in_wdi_data_sheet,,1986,78.774988963707,78.774988963707,PARSED,WDIEXCEL.xlsx!Data!R221113C31
WDI_2019_03_21,,3725227a85ac0f16e76de7906b0d1369b179d3c052f3fa01a780770b12a36405,IRN,"Iran, Islamic Rep.",PA.NUS.FCRF,"Official exchange rate (LCU per US$, period average)",annual_year_columns_in_wdi_data_sheet,,1987,71.4739932581214,71.4739932581214,PARSED,WDIEXCEL.xlsx!Data!R221113C32
WDI_2019_03_21,,3725227a85ac0f16e76de7906b0d1369b179d3c052f3fa01a780770b12a36405,IRN,"Iran, Islamic Rep.",PA.NUS.FCRF,"Official exchange rate (LCU per US$, period average)",annual_year_columns_in_wdi_data_sheet,,1988,68.6964559455701,68.6964559455701,PARSED,WDIEXCEL.xlsx!Data!R221113C33
WDI_2019_03_21,,3725227a85ac0f16e76de7906b0d1369b179d3c052f3fa01a780770b12a36405,IRN,"Iran, Islamic Rep.",PA.NUS.FCRF,"Official exchange rate (LCU per US$, period average)",annual_year_columns_in_wdi_data_sheet,,1989,72.0287672454081,72.0287672454081,PARSED,WDIEXCEL.xlsx!Data!R221113C34
WDI_2019_03_21,,3725227a85ac0f16e76de7906b0d1369b179d3c052f3fa01a780770b12a36405,IRN,"Iran, Islamic Rep.",PA.NUS.FCRF,"Official exchange rate (LCU per US$, period average)",annual_year_columns_in_wdi_data_sheet,,1990,68.1090923205086,68.1090923205086,PARSED,WDIEXCEL.xlsx!Data!R221113C35
WDI_2019_03_21,,3725227a85ac0f16e76de7906b0d1369b179d3c052f3fa01a780770b12a36405,IRN,"Iran, Islamic Rep.",PA.NUS.FCRF,"Official exchange rate (LCU per US$, period average)",annual_year_columns_in_wdi_data_sheet,,1991,67.5184780666154,67.5184780666154,PARSED,WDIEXCEL.xlsx!Data!R221113C36
WDI_2019_03_21,,3725227a85ac0f16e76de7906b0d1369b179d3c052f3fa01a780770b12a36405,IRN,"Iran, Islamic Rep.",PA.NUS.FCRF,"Official exchange rate (LCU per US$, period average)",annual_year_columns_in_wdi_data_sheet,,1992,65.5646834398144,65.5646834398144,PARSED,WDIEXCEL.xlsx!Data!R221113C37
WDI_2019_03_21,,3725227a85ac0f16e76de7906b0d1369b179d3c052f3fa01a780770b12a36405,IRN,"Iran, Islamic Rep.",PA.NUS.FCRF,"Official exchange rate (LCU per US$, period average)",annual_year_columns_in_wdi_data_sheet,,1993,1268.01768875643,1268.01768875643,PARSED,WDIEXCEL.xlsx!Data!R221113C38
WDI_2019_03_21,,3725227a85ac0f16e76de7906b0d1369b179d3c052f3fa01a780770b12a36405,IRN,"Iran, Islamic Rep.",PA.NUS.FCRF,"Official exchange rate (LCU per US$, period average)",annual_year_columns_in_wdi_data_sheet,,1994,1749.08949341006,1749.08949341006,PARSED,WDIEXCEL.xlsx!Data!R221113C39
WDI_2019_03_21,,3725227a85ac0f16e76de7906b0d1369b179d3c052f3fa01a780770b12a36405,IRN,"Iran, Islamic Rep.",PA.NUS.FCRF,"Official exchange rate (LCU per US$, period average)",annual_year_columns_in_wdi_data_sheet,,1995,1748.26604244742,1748.26604244742,PARSED,WDIEXCEL.xlsx!Data!R221113C40
WDI_2019_03_21,,3725227a85ac0f16e76de7906b0d1369b179d3c052f3fa01a780770b12a36405,IRN,"Iran, Islamic Rep.",PA.NUS.FCRF,"Official exchange rate (LCU per US$, period average)",annual_year_columns_in_wdi_data_sheet,,1996,1751.10201606443,1751.10201606443,PARSED,WDIEXCEL.xlsx!Data!R221113C41
WDI_2019_03_21,,3725227a85ac0f16e76de7906b0d1369b179d3c052f3fa01a780770b12a36405,IRN,"Iran, Islamic Rep.",PA.NUS.FCRF,"Official exchange rate (LCU per US$, period average)",annual_year_columns_in_wdi_data_sheet,,1997,1753.26103372481,1753.26103372481,PARSED,WDIEXCEL.xlsx!Data!R221113C42
WDI_2019_03_21,,3725227a85ac0f16e76de7906b0d1369b179d3c052f3fa01a780770b12a36405,IRN,"Iran, Islamic Rep.",PA.NUS.FCRF,"Official exchange rate (LCU per US$, period average)",annual_year_columns_in_wdi_data_sheet,,1998,1752.20160186183,1752.20160186183,PARSED,WDIEXCEL.xlsx!Data!R221113C43
WDI_2019_03_21,,3725227a85ac0f16e76de7906b0d1369b179d3c052f3fa01a780770b12a36405,IRN,"Iran, Islamic Rep.",PA.NUS.FCRF,"Official exchange rate (LCU per US$, period average)",annual_year_columns_in_wdi_data_sheet,,1999,1753.27050555712,1753.27050555712,PARSED,WDIEXCEL.xlsx!Data!R221113C44
WDI_2019_03_21,,3725227a85ac0f16e76de7906b0d1369b179d3c052f3fa01a780770b12a36405,IRN,"Iran, Islamic Rep.",PA.NUS.FCRF,"Official exchange rate (LCU per US$, period average)",annual_year_columns_in_wdi_data_sheet,,2000,1764.77107116642,1764.77107116642,PARSED,WDIEXCEL.xlsx!Data!R221113C45
WDI_2019_03_21,,3725227a85ac0f16e76de7906b0d1369b179d3c052f3fa01a780770b12a36405,IRN,"Iran, Islamic Rep.",PA.NUS.FCRF,"Official exchange rate (LCU per US$, period average)",annual_year_columns_in_wdi_data_sheet,,2001,1753.90121006645,1753.90121006645,PARSED,WDIEXCEL.xlsx!Data!R221113C46
WDI_2019_03_21,,3725227a85ac0f16e76de7906b0d1369b179d3c052f3fa01a780770b12a36405,IRN,"Iran, Islamic Rep.",PA.NUS.FCRF,"Official exchange rate (LCU per US$, period average)",annual_year_columns_in_wdi_data_sheet,,2002,6907.02037923541,6907.02037923541,PARSED,WDIEXCEL.xlsx!Data!R221113C47
WDI_2019_03_21,,3725227a85ac0f16e76de7906b0d1369b179d3c052f3fa01a780770b12a36405,IRN,"Iran, Islamic Rep.",PA.NUS.FCRF,"Official exchange rate (LCU per US$, period average)",annual_year_columns_in_wdi_data_sheet,,2003,8193.88751916667,8193.88751916667,PARSED,WDIEXCEL.xlsx!Data!R221113C48
WDI_2019_03_21,,3725227a85ac0f16e76de7906b0d1369b179d3c052f3fa01a780770b12a36405,IRN,"Iran, Islamic Rep.",PA.NUS.FCRF,"Official exchange rate (LCU per US$, period average)",annual_year_columns_in_wdi_data_sheet,,2004,8613.98942075,8613.98942075,PARSED,WDIEXCEL.xlsx!Data!R221113C49
WDI_2019_03_21,,3725227a85ac0f16e76de7906b0d1369b179d3c052f3fa01a780770b12a36405,IRN,"Iran, Islamic Rep.",PA.NUS.FCRF,"Official exchange rate (LCU per US$, period average)",annual_year_columns_in_wdi_data_sheet,,2005,8963.95890666667,8963.95890666667,PARSED,WDIEXCEL.xlsx!Data!R221113C50
WDI_2019_03_21,,3725227a85ac0f16e76de7906b0d1369b179d3c052f3fa01a780770b12a36405,IRN,"Iran, Islamic Rep.",PA.NUS.FCRF,"Official exchange rate (LCU per US$, period average)",annual_year_columns_in_wdi_data_sheet,,2006,9170.9428775,9170.9428775,PARSED,WDIEXCEL.xlsx!Data!R221113C51
WDI_2019_03_21,,3725227a85ac0f16e76de7906b0d1369b179d3c052f3fa01a780770b12a36405,IRN,"Iran, Islamic Rep.",PA.NUS.FCRF,"Official exchange rate (LCU per US$, period average)",annual_year_columns_in_wdi_data_sheet,,2007,9281.15182833333,9281.15182833333,PARSED,WDIEXCEL.xlsx!Data!R221113C52
WDI_2019_03_21,,3725227a85ac0f16e76de7906b0d1369b179d3c052f3fa01a780770b12a36405,IRN,"Iran, Islamic Rep.",PA.NUS.FCRF,"Official exchange rate (LCU per US$, period average)",annual_year_columns_in_wdi_data_sheet,,2008,9428.52826083333,9428.52826083333,PARSED,WDIEXCEL.xlsx!Data!R221113C53
WDI_2019_03_21,,3725227a85ac0f16e76de7906b0d1369b179d3c052f3fa01a780770b12a36405,IRN,"Iran, Islamic Rep.",PA.NUS.FCRF,"Official exchange rate (LCU per US$, period average)",annual_year_columns_in_wdi_data_sheet,,2009,9864.3024562682,9864.3024562682,PARSED,WDIEXCEL.xlsx!Data!R221113C54
WDI_2019_03_21,,3725227a85ac0f16e76de7906b0d1369b179d3c052f3fa01a780770b12a36405,IRN,"Iran, Islamic Rep.",PA.NUS.FCRF,"Official exchange rate (LCU per US$, period average)",annual_year_columns_in_wdi_data_sheet,,2010,10254.176470289,10254.176470289,PARSED,WDIEXCEL.xlsx!Data!R221113C55
WDI_2019_03_21,,3725227a85ac0f16e76de7906b0d1369b179d3c052f3fa01a780770b12a36405,IRN,"Iran, Islamic Rep.",PA.NUS.FCRF,"Official exchange rate (LCU per US$, period average)",annual_year_columns_in_wdi_data_sheet,,2011,10616.3066439076,10616.3066439076,PARSED,WDIEXCEL.xlsx!Data!R221113C56
WDI_2019_03_21,,3725227a85ac0f16e76de7906b0d1369b179d3c052f3fa01a780770b12a36405,IRN,"Iran, Islamic Rep.",PA.NUS.FCRF,"Official exchange rate (LCU per US$, period average)",annual_year_columns_in_wdi_data_sheet,,2012,12175.5472222222,12175.5472222222,PARSED,WDIEXCEL.xlsx!Data!R221113C57
WDI_2019_03_21,,3725227a85ac0f16e76de7906b0d1369b179d3c052f3fa01a780770b12a36405,IRN,"Iran, Islamic Rep.",PA.NUS.FCRF,"Official exchange rate (LCU per US$, period average)",annual_year_columns_in_wdi_data_sheet,,2013,18414.4480100374,18414.4480100374,PARSED,WDIEXCEL.xlsx!Data!R221113C58
WDI_2019_03_21,,3725227a85ac0f16e76de7906b0d1369b179d3c052f3fa01a780770b12a36405,IRN,"Iran, Islamic Rep.",PA.NUS.FCRF,"Official exchange rate (LCU per US$, period average)",annual_year_columns_in_wdi_data_sheet,,2014,,,MISSING,WDIEXCEL.xlsx!Data!R221113C59
WDI_2019_03_21,,3725227a85ac0f16e76de7906b0d1369b179d3c052f3fa01a780770b12a36405,IRN,"Iran, Islamic Rep.",PA.NUS.FCRF,"Official exchange rate (LCU per US$, period average)",annual_year_columns_in_wdi_data_sheet,,2015,,,MISSING,WDIEXCEL.xlsx!Data!R221113C60
WDI_2019_03_21,,3725227a85ac0f16e76de7906b0d1369b179d3c052f3fa01a780770b12a36405,IRN,"Iran, Islamic Rep.",PA.NUS.FCRF,"Official exchange rate (LCU per US$, period average)",annual_year_columns_in_wdi_data_sheet,,2016,,,MISSING,WDIEXCEL.xlsx!Data!R221113C61
WDI_2019_03_21,,3725227a85ac0f16e76de7906b0d1369b179d3c052f3fa01a780770b12a36405,IRN,"Iran, Islamic Rep.",PA.NUS.FCRF,"Official exchange rate (LCU per US$, period average)",annual_year_columns_in_wdi_data_sheet,,2017,,,MISSING,WDIEXCEL.xlsx!Data!R221113C62
WDI_2019_03_21,,3725227a85ac0f16e76de7906b0d1369b179d3c052f3fa01a780770b12a36405,IRN,"Iran, Islamic Rep.",PA.NUS.FCRF,"Official exchange rate (LCU per US$, period average)",annual_year_columns_in_wdi_data_sheet,,2018,,,MISSING,WDIEXCEL.xlsx!Data!R221113C63
WDI_2019_04_24,,0d8bb621494aeb6dc867538211ae4d8a98230552b96398f43d14a0fdc87148d3,IRN,"Iran, Islamic Rep.",FP.CPI.TOTL.ZG,"Inflation, consumer prices (annual %)",annual_year_columns_in_wdi_data_sheet,,1960,9.82241081297881,9.82241081297881,PARSED,WDIEXCEL.xlsx!Data!R221340C5
WDI_2019_04_24,,0d8bb621494aeb6dc867538211ae4d8a98230552b96398f43d14a0fdc87148d3,IRN,"Iran, Islamic Rep.",FP.CPI.TOTL.ZG,"Inflation, consumer prices (annual %)",annual_year_columns_in_wdi_data_sheet,,1961,3.16256439585737,3.16256439585737,PARSED,WDIEXCEL.xlsx!Data!R221340C6
WDI_2019_04_24,,0d8bb621494aeb6dc867538211ae4d8a98230552b96398f43d14a0fdc87148d3,IRN,"Iran, Islamic Rep.",FP.CPI.TOTL.ZG,"Inflation, consumer prices (annual %)",annual_year_columns_in_wdi_data_sheet,,1962,0.721320571656317,0.721320571656317,PARSED,WDIEXCEL.xlsx!Data!R221340C7
WDI_2019_04_24,,0d8bb621494aeb6dc867538211ae4d8a98230552b96398f43d14a0fdc87148d3,IRN,"Iran, Islamic Rep.",FP.CPI.TOTL.ZG,"Inflation, consumer prices (annual %)",annual_year_columns_in_wdi_data_sheet,,1963,0.371849607221687,0.371849607221687,PARSED,WDIEXCEL.xlsx!Data!R221340C8
WDI_2019_04_24,,0d8bb621494aeb6dc867538211ae4d8a98230552b96398f43d14a0fdc87148d3,IRN,"Iran, Islamic Rep.",FP.CPI.TOTL.ZG,"Inflation, consumer prices (annual %)",annual_year_columns_in_wdi_data_sheet,,1964,3.81448957223042,3.81448957223042,PARSED,WDIEXCEL.xlsx!Data!R221340C9
WDI_2019_04_24,,0d8bb621494aeb6dc867538211ae4d8a98230552b96398f43d14a0fdc87148d3,IRN,"Iran, Islamic Rep.",FP.CPI.TOTL.ZG,"Inflation, consumer prices (annual %)",annual_year_columns_in_wdi_data_sheet,,1965,2.15437483520965,2.15437483520965,PARSED,WDIEXCEL.xlsx!Data!R221340C10
WDI_2019_04_24,,0d8bb621494aeb6dc867538211ae4d8a98230552b96398f43d14a0fdc87148d3,IRN,"Iran, Islamic Rep.",FP.CPI.TOTL.ZG,"Inflation, consumer prices (annual %)",annual_year_columns_in_wdi_data_sheet,,1966,-0.388148532154467,-0.388148532154467,PARSED,WDIEXCEL.xlsx!Data!R221340C11
WDI_2019_04_24,,0d8bb621494aeb6dc867538211ae4d8a98230552b96398f43d14a0fdc87148d3,IRN,"Iran, Islamic Rep.",FP.CPI.TOTL.ZG,"Inflation, consumer prices (annual %)",annual_year_columns_in_wdi_data_sheet,,1967,1.59761007964359,1.59761007964359,PARSED,WDIEXCEL.xlsx!Data!R221340C12
WDI_2019_04_24,,0d8bb621494aeb6dc867538211ae4d8a98230552b96398f43d14a0fdc87148d3,IRN,"Iran, Islamic Rep.",FP.CPI.TOTL.ZG,"Inflation, consumer prices (annual %)",annual_year_columns_in_wdi_data_sheet,,1968,0.690360521996216,0.690360521996216,PARSED,WDIEXCEL.xlsx!Data!R221340C13
WDI_2019_04_24,,0d8bb621494aeb6dc867538211ae4d8a98230552b96398f43d14a0fdc87148d3,IRN,"Iran, Islamic Rep.",FP.CPI.TOTL.ZG,"Inflation, consumer prices (annual %)",annual_year_columns_in_wdi_data_sheet,,1969,3.59319451551283,3.59319451551283,PARSED,WDIEXCEL.xlsx!Data!R221340C14
WDI_2019_04_24,,0d8bb621494aeb6dc867538211ae4d8a98230552b96398f43d14a0fdc87148d3,IRN,"Iran, Islamic Rep.",FP.CPI.TOTL.ZG,"Inflation, consumer prices (annual %)",annual_year_columns_in_wdi_data_sheet,,1970,1.66687093970065,1.66687093970065,PARSED,WDIEXCEL.xlsx!Data!R221340C15
WDI_2019_04_24,,0d8bb621494aeb6dc867538211ae4d8a98230552b96398f43d14a0fdc87148d3,IRN,"Iran, Islamic Rep.",FP.CPI.TOTL.ZG,"Inflation, consumer prices (annual %)",annual_year_columns_in_wdi_data_sheet,,1971,4.19529837265424,4.19529837265424,PARSED,WDIEXCEL.xlsx!Data!R221340C16
WDI_2019_04_24,,0d8bb621494aeb6dc867538211ae4d8a98230552b96398f43d14a0fdc87148d3,IRN,"Iran, Islamic Rep.",FP.CPI.TOTL.ZG,"Inflation, consumer prices (annual %)",annual_year_columns_in_wdi_data_sheet,,1972,6.39824135128874,6.39824135128874,PARSED,WDIEXCEL.xlsx!Data!R221340C17
WDI_2019_04_24,,0d8bb621494aeb6dc867538211ae4d8a98230552b96398f43d14a0fdc87148d3,IRN,"Iran, Islamic Rep.",FP.CPI.TOTL.ZG,"Inflation, consumer prices (annual %)",annual_year_columns_in_wdi_data_sheet,,1973,9.8194867331876,9.8194867331876,PARSED,WDIEXCEL.xlsx!Data!R221340C18
WDI_2019_04_24,,0d8bb621494aeb6dc867538211ae4d8a98230552b96398f43d14a0fdc87148d3,IRN,"Iran, Islamic Rep.",FP.CPI.TOTL.ZG,"Inflation, consumer prices (annual %)",annual_year_columns_in_wdi_data_sheet,,1974,14.2489355382568,14.2489355382568,PARSED,WDIEXCEL.xlsx!Data!R221340C19
WDI_2019_04_24,,0d8bb621494aeb6dc867538211ae4d8a98230552b96398f43d14a0fdc87148d3,IRN,"Iran, Islamic Rep.",FP.CPI.TOTL.ZG,"Inflation, consumer prices (annual %)",annual_year_columns_in_wdi_data_sheet,,1975,12.879181833834,12.879181833834,PARSED,WDIEXCEL.xlsx!Data!R221340C20
WDI_2019_04_24,,0d8bb621494aeb6dc867538211ae4d8a98230552b96398f43d14a0fdc87148d3,IRN,"Iran, Islamic Rep.",FP.CPI.TOTL.ZG,"Inflation, consumer prices (annual %)",annual_year_columns_in_wdi_data_sheet,,1976,11.2561425062112,11.2561425062112,PARSED,WDIEXCEL.xlsx!Data!R221340C21
WDI_2019_04_24,,0d8bb621494aeb6dc867538211ae4d8a98230552b96398f43d14a0fdc87148d3,IRN,"Iran, Islamic Rep.",FP.CPI.TOTL.ZG,"Inflation, consumer prices (annual %)",annual_year_columns_in_wdi_data_sheet,,1977,27.2877846793093,27.2877846793093,PARSED,WDIEXCEL.xlsx!Data!R221340C22
WDI_2019_04_24,,0d8bb621494aeb6dc867538211ae4d8a98230552b96398f43d14a0fdc87148d3,IRN,"Iran, Islamic Rep.",FP.CPI.TOTL.ZG,"Inflation, consumer prices (annual %)",annual_year_columns_in_wdi_data_sheet,,1978,11.7219692041212,11.7219692041212,PARSED,WDIEXCEL.xlsx!Data!R221340C23
WDI_2019_04_24,,0d8bb621494aeb6dc867538211ae4d8a98230552b96398f43d14a0fdc87148d3,IRN,"Iran, Islamic Rep.",FP.CPI.TOTL.ZG,"Inflation, consumer prices (annual %)",annual_year_columns_in_wdi_data_sheet,,1979,10.4872367273486,10.4872367273486,PARSED,WDIEXCEL.xlsx!Data!R221340C24
WDI_2019_04_24,,0d8bb621494aeb6dc867538211ae4d8a98230552b96398f43d14a0fdc87148d3,IRN,"Iran, Islamic Rep.",FP.CPI.TOTL.ZG,"Inflation, consumer prices (annual %)",annual_year_columns_in_wdi_data_sheet,,1980,20.6439144373797,20.6439144373797,PARSED,WDIEXCEL.xlsx!Data!R221340C25
WDI_2019_04_24,,0d8bb621494aeb6dc867538211ae4d8a98230552b96398f43d14a0fdc87148d3,IRN,"Iran, Islamic Rep.",FP.CPI.TOTL.ZG,"Inflation, consumer prices (annual %)",annual_year_columns_in_wdi_data_sheet,,1981,24.2035897624486,24.2035897624486,PARSED,WDIEXCEL.xlsx!Data!R221340C26
WDI_2019_04_24,,0d8bb621494aeb6dc867538211ae4d8a98230552b96398f43d14a0fdc87148d3,IRN,"Iran, Islamic Rep.",FP.CPI.TOTL.ZG,"Inflation, consumer prices (annual %)",annual_year_columns_in_wdi_data_sheet,,1982,18.6897259269564,18.6897259269564,PARSED,WDIEXCEL.xlsx!Data!R221340C27
WDI_2019_04_24,,0d8bb621494aeb6dc867538211ae4d8a98230552b96398f43d14a0fdc87148d3,IRN,"Iran, Islamic Rep.",FP.CPI.TOTL.ZG,"Inflation, consumer prices (annual %)",annual_year_columns_in_wdi_data_sheet,,1983,19.7401891778611,19.7401891778611,PARSED,WDIEXCEL.xlsx!Data!R221340C28
WDI_2019_04_24,,0d8bb621494aeb6dc867538211ae4d8a98230552b96398f43d14a0fdc87148d3,IRN,"Iran, Islamic Rep.",FP.CPI.TOTL.ZG,"Inflation, consumer prices (annual %)",annual_year_columns_in_wdi_data_sheet,,1984,12.5402194538869,12.5402194538869,PARSED,WDIEXCEL.xlsx!Data!R221340C29
WDI_2019_04_24,,0d8bb621494aeb6dc867538211ae4d8a98230552b96398f43d14a0fdc87148d3,IRN,"Iran, Islamic Rep.",FP.CPI.TOTL.ZG,"Inflation, consumer prices (annual %)",annual_year_columns_in_wdi_data_sheet,,1985,4.38934095741537,4.38934095741537,PARSED,WDIEXCEL.xlsx!Data!R221340C30
WDI_2019_04_24,,0d8bb621494aeb6dc867538211ae4d8a98230552b96398f43d14a0fdc87148d3,IRN,"Iran, Islamic Rep.",FP.CPI.TOTL.ZG,"Inflation, consumer prices (annual %)",annual_year_columns_in_wdi_data_sheet,,1986,18.4290030211474,18.4290030211474,PARSED,WDIEXCEL.xlsx!Data!R221340C31
WDI_2019_04_24,,0d8bb621494aeb6dc867538211ae4d8a98230552b96398f43d14a0fdc87148d3,IRN,"Iran, Islamic Rep.",FP.CPI.TOTL.ZG,"Inflation, consumer prices (annual %)",annual_year_columns_in_wdi_data_sheet,,1987,28.5714285714291,28.5714285714291,PARSED,WDIEXCEL.xlsx!Data!R221340C32
WDI_2019_04_24,,0d8bb621494aeb6dc867538211ae4d8a98230552b96398f43d14a0fdc87148d3,IRN,"Iran, Islamic Rep.",FP.CPI.TOTL.ZG,"Inflation, consumer prices (annual %)",annual_year_columns_in_wdi_data_sheet,,1988,28.6706349206345,28.6706349206345,PARSED,WDIEXCEL.xlsx!Data!R221340C33
WDI_2019_04_24,,0d8bb621494aeb6dc867538211ae4d8a98230552b96398f43d14a0fdc87148d3,IRN,"Iran, Islamic Rep.",FP.CPI.TOTL.ZG,"Inflation, consumer prices (annual %)",annual_year_columns_in_wdi_data_sheet,,1989,22.3496530454897,22.3496530454897,PARSED,WDIEXCEL.xlsx!Data!R221340C34
WDI_2019_04_24,,0d8bb621494aeb6dc867538211ae4d8a98230552b96398f43d14a0fdc87148d3,IRN,"Iran, Islamic Rep.",FP.CPI.TOTL.ZG,"Inflation, consumer prices (annual %)",annual_year_columns_in_wdi_data_sheet,,1990,7.62767493763936,7.62767493763936,PARSED,WDIEXCEL.xlsx!Data!R221340C35
WDI_2019_04_24,,0d8bb621494aeb6dc867538211ae4d8a98230552b96398f43d14a0fdc87148d3,IRN,"Iran, Islamic Rep.",FP.CPI.TOTL.ZG,"Inflation, consumer prices (annual %)",annual_year_columns_in_wdi_data_sheet,,1991,17.1285679434011,17.1285679434011,PARSED,WDIEXCEL.xlsx!Data!R221340C36
WDI_2019_04_24,,0d8bb621494aeb6dc867538211ae4d8a98230552b96398f43d14a0fdc87148d3,IRN,"Iran, Islamic Rep.",FP.CPI.TOTL.ZG,"Inflation, consumer prices (annual %)",annual_year_columns_in_wdi_data_sheet,,1992,25.8077226162332,25.8077226162332,PARSED,WDIEXCEL.xlsx!Data!R221340C37
WDI_2019_04_24,,0d8bb621494aeb6dc867538211ae4d8a98230552b96398f43d14a0fdc87148d3,IRN,"Iran, Islamic Rep.",FP.CPI.TOTL.ZG,"Inflation, consumer prices (annual %)",annual_year_columns_in_wdi_data_sheet,,1993,21.2026307547761,21.2026307547761,PARSED,WDIEXCEL.xlsx!Data!R221340C38
WDI_2019_04_24,,0d8bb621494aeb6dc867538211ae4d8a98230552b96398f43d14a0fdc87148d3,IRN,"Iran, Islamic Rep.",FP.CPI.TOTL.ZG,"Inflation, consumer prices (annual %)",annual_year_columns_in_wdi_data_sheet,,1994,31.4470284237728,31.4470284237728,PARSED,WDIEXCEL.xlsx!Data!R221340C39
WDI_2019_04_24,,0d8bb621494aeb6dc867538211ae4d8a98230552b96398f43d14a0fdc87148d3,IRN,"Iran, Islamic Rep.",FP.CPI.TOTL.ZG,"Inflation, consumer prices (annual %)",annual_year_columns_in_wdi_data_sheet,,1995,49.6559858462747,49.6559858462747,PARSED,WDIEXCEL.xlsx!Data!R221340C40
WDI_2019_04_24,,0d8bb621494aeb6dc867538211ae4d8a98230552b96398f43d14a0fdc87148d3,IRN,"Iran, Islamic Rep.",FP.CPI.TOTL.ZG,"Inflation, consumer prices (annual %)",annual_year_columns_in_wdi_data_sheet,,1996,28.9373440168136,28.9373440168136,PARSED,WDIEXCEL.xlsx!Data!R221340C41
WDI_2019_04_24,,0d8bb621494aeb6dc867538211ae4d8a98230552b96398f43d14a0fdc87148d3,IRN,"Iran, Islamic Rep.",FP.CPI.TOTL.ZG,"Inflation, consumer prices (annual %)",annual_year_columns_in_wdi_data_sheet,,1997,17.3492257538708,17.3492257538708,PARSED,WDIEXCEL.xlsx!Data!R221340C42
WDI_2019_04_24,,0d8bb621494aeb6dc867538211ae4d8a98230552b96398f43d14a0fdc87148d3,IRN,"Iran, Islamic Rep.",FP.CPI.TOTL.ZG,"Inflation, consumer prices (annual %)",annual_year_columns_in_wdi_data_sheet,,1998,17.8661342130397,17.8661342130397,PARSED,WDIEXCEL.xlsx!Data!R221340C43
WDI_2019_04_24,,0d8bb621494aeb6dc867538211ae4d8a98230552b96398f43d14a0fdc87148d3,IRN,"Iran, Islamic Rep.",FP.CPI.TOTL.ZG,"Inflation, consumer prices (annual %)",annual_year_columns_in_wdi_data_sheet,,1999,20.0707078146866,20.0707078146866,PARSED,WDIEXCEL.xlsx!Data!R221340C44
WDI_2019_04_24,,0d8bb621494aeb6dc867538211ae4d8a98230552b96398f43d14a0fdc87148d3,IRN,"Iran, Islamic Rep.",FP.CPI.TOTL.ZG,"Inflation, consumer prices (annual %)",annual_year_columns_in_wdi_data_sheet,,2000,14.4767513188566,14.4767513188566,PARSED,WDIEXCEL.xlsx!Data!R221340C45
WDI_2019_04_24,,0d8bb621494aeb6dc867538211ae4d8a98230552b96398f43d14a0fdc87148d3,IRN,"Iran, Islamic Rep.",FP.CPI.TOTL.ZG,"Inflation, consumer prices (annual %)",annual_year_columns_in_wdi_data_sheet,,2001,11.2742471332117,11.2742471332117,PARSED,WDIEXCEL.xlsx!Data!R221340C46
WDI_2019_04_24,,0d8bb621494aeb6dc867538211ae4d8a98230552b96398f43d14a0fdc87148d3,IRN,"Iran, Islamic Rep.",FP.CPI.TOTL.ZG,"Inflation, consumer prices (annual %)",annual_year_columns_in_wdi_data_sheet,,2002,14.3359337378404,14.3359337378404,PARSED,WDIEXCEL.xlsx!Data!R221340C47
WDI_2019_04_24,,0d8bb621494aeb6dc867538211ae4d8a98230552b96398f43d14a0fdc87148d3,IRN,"Iran, Islamic Rep.",FP.CPI.TOTL.ZG,"Inflation, consumer prices (annual %)",annual_year_columns_in_wdi_data_sheet,,2003,16.4680116244792,16.4680116244792,PARSED,WDIEXCEL.xlsx!Data!R221340C48
WDI_2019_04_24,,0d8bb621494aeb6dc867538211ae4d8a98230552b96398f43d14a0fdc87148d3,IRN,"Iran, Islamic Rep.",FP.CPI.TOTL.ZG,"Inflation, consumer prices (annual %)",annual_year_columns_in_wdi_data_sheet,,2004,14.7615086970672,14.7615086970672,PARSED,WDIEXCEL.xlsx!Data!R221340C49
WDI_2019_04_24,,0d8bb621494aeb6dc867538211ae4d8a98230552b96398f43d14a0fdc87148d3,IRN,"Iran, Islamic Rep.",FP.CPI.TOTL.ZG,"Inflation, consumer prices (annual %)",annual_year_columns_in_wdi_data_sheet,,2005,13.433118008508,13.433118008508,PARSED,WDIEXCEL.xlsx!Data!R221340C50
WDI_2019_04_24,,0d8bb621494aeb6dc867538211ae4d8a98230552b96398f43d14a0fdc87148d3,IRN,"Iran, Islamic Rep.",FP.CPI.TOTL.ZG,"Inflation, consumer prices (annual %)",annual_year_columns_in_wdi_data_sheet,,2006,10.0158982511924,10.0158982511924,PARSED,WDIEXCEL.xlsx!Data!R221340C51
WDI_2019_04_24,,0d8bb621494aeb6dc867538211ae4d8a98230552b96398f43d14a0fdc87148d3,IRN,"Iran, Islamic Rep.",FP.CPI.TOTL.ZG,"Inflation, consumer prices (annual %)",annual_year_columns_in_wdi_data_sheet,,2007,17.3410404624277,17.3410404624277,PARSED,WDIEXCEL.xlsx!Data!R221340C52
WDI_2019_04_24,,0d8bb621494aeb6dc867538211ae4d8a98230552b96398f43d14a0fdc87148d3,IRN,"Iran, Islamic Rep.",FP.CPI.TOTL.ZG,"Inflation, consumer prices (annual %)",annual_year_columns_in_wdi_data_sheet,,2008,25.4105090311987,25.4105090311987,PARSED,WDIEXCEL.xlsx!Data!R221340C53
WDI_2019_04_24,,0d8bb621494aeb6dc867538211ae4d8a98230552b96398f43d14a0fdc87148d3,IRN,"Iran, Islamic Rep.",FP.CPI.TOTL.ZG,"Inflation, consumer prices (annual %)",annual_year_columns_in_wdi_data_sheet,,2009,13.5515548281506,13.5515548281506,PARSED,WDIEXCEL.xlsx!Data!R221340C54
WDI_2019_04_24,,0d8bb621494aeb6dc867538211ae4d8a98230552b96398f43d14a0fdc87148d3,IRN,"Iran, Islamic Rep.",FP.CPI.TOTL.ZG,"Inflation, consumer prices (annual %)",annual_year_columns_in_wdi_data_sheet,,2010,10.089362928798,10.089362928798,PARSED,WDIEXCEL.xlsx!Data!R221340C55
WDI_2019_04_24,,0d8bb621494aeb6dc867538211ae4d8a98230552b96398f43d14a0fdc87148d3,IRN,"Iran, Islamic Rep.",FP.CPI.TOTL.ZG,"Inflation, consumer prices (annual %)",annual_year_columns_in_wdi_data_sheet,,2011,20.8693375229118,20.8693375229118,PARSED,WDIEXCEL.xlsx!Data!R221340C56
WDI_2019_04_24,,0d8bb621494aeb6dc867538211ae4d8a98230552b96398f43d14a0fdc87148d3,IRN,"Iran, Islamic Rep.",FP.CPI.TOTL.ZG,"Inflation, consumer prices (annual %)",annual_year_columns_in_wdi_data_sheet,,2012,25.736568457539,25.736568457539,PARSED,WDIEXCEL.xlsx!Data!R221340C57
WDI_2019_04_24,,0d8bb621494aeb6dc867538211ae4d8a98230552b96398f43d14a0fdc87148d3,IRN,"Iran, Islamic Rep.",FP.CPI.TOTL.ZG,"Inflation, consumer prices (annual %)",annual_year_columns_in_wdi_data_sheet,,2013,39.2660234321157,39.2660234321157,PARSED,WDIEXCEL.xlsx!Data!R221340C58
WDI_2019_04_24,,0d8bb621494aeb6dc867538211ae4d8a98230552b96398f43d14a0fdc87148d3,IRN,"Iran, Islamic Rep.",FP.CPI.TOTL.ZG,"Inflation, consumer prices (annual %)",annual_year_columns_in_wdi_data_sheet,,2014,17.2213287145862,17.2213287145862,PARSED,WDIEXCEL.xlsx!Data!R221340C59
WDI_2019_04_24,,0d8bb621494aeb6dc867538211ae4d8a98230552b96398f43d14a0fdc87148d3,IRN,"Iran, Islamic Rep.",FP.CPI.TOTL.ZG,"Inflation, consumer prices (annual %)",annual_year_columns_in_wdi_data_sheet,,2015,13.6992084432717,13.6992084432717,PARSED,WDIEXCEL.xlsx!Data!R221340C60
WDI_2019_04_24,,0d8bb621494aeb6dc867538211ae4d8a98230552b96398f43d14a0fdc87148d3,IRN,"Iran, Islamic Rep.",FP.CPI.TOTL.ZG,"Inflation, consumer prices (annual %)",annual_year_columns_in_wdi_data_sheet,,2016,8.65125777406479,8.65125777406479,PARSED,WDIEXCEL.xlsx!Data!R221340C61
WDI_2019_04_24,,0d8bb621494aeb6dc867538211ae4d8a98230552b96398f43d14a0fdc87148d3,IRN,"Iran, Islamic Rep.",FP.CPI.TOTL.ZG,"Inflation, consumer prices (annual %)",annual_year_columns_in_wdi_data_sheet,,2017,9.98718496369076,9.98718496369076,PARSED,WDIEXCEL.xlsx!Data!R221340C62
WDI_2019_04_24,,0d8bb621494aeb6dc867538211ae4d8a98230552b96398f43d14a0fdc87148d3,IRN,"Iran, Islamic Rep.",FP.CPI.TOTL.ZG,"Inflation, consumer prices (annual %)",annual_year_columns_in_wdi_data_sheet,,2018,,,MISSING,WDIEXCEL.xlsx!Data!R221340C63
WDI_2019_04_24,,0d8bb621494aeb6dc867538211ae4d8a98230552b96398f43d14a0fdc87148d3,IRN,"Iran, Islamic Rep.",PA.NUS.FCRF,"Official exchange rate (LCU per US$, period average)",annual_year_columns_in_wdi_data_sheet,,1960,75.75000007575,75.75000007575,PARSED,WDIEXCEL.xlsx!Data!R221668C5
WDI_2019_04_24,,0d8bb621494aeb6dc867538211ae4d8a98230552b96398f43d14a0fdc87148d3,IRN,"Iran, Islamic Rep.",PA.NUS.FCRF,"Official exchange rate (LCU per US$, period average)",annual_year_columns_in_wdi_data_sheet,,1961,75.75000007575,75.75000007575,PARSED,WDIEXCEL.xlsx!Data!R221668C6
WDI_2019_04_24,,0d8bb621494aeb6dc867538211ae4d8a98230552b96398f43d14a0fdc87148d3,IRN,"Iran, Islamic Rep.",PA.NUS.FCRF,"Official exchange rate (LCU per US$, period average)",annual_year_columns_in_wdi_data_sheet,,1962,75.75000007575,75.75000007575,PARSED,WDIEXCEL.xlsx!Data!R221668C7
WDI_2019_04_24,,0d8bb621494aeb6dc867538211ae4d8a98230552b96398f43d14a0fdc87148d3,IRN,"Iran, Islamic Rep.",PA.NUS.FCRF,"Official exchange rate (LCU per US$, period average)",annual_year_columns_in_wdi_data_sheet,,1963,75.75000007575,75.75000007575,PARSED,WDIEXCEL.xlsx!Data!R221668C8
WDI_2019_04_24,,0d8bb621494aeb6dc867538211ae4d8a98230552b96398f43d14a0fdc87148d3,IRN,"Iran, Islamic Rep.",PA.NUS.FCRF,"Official exchange rate (LCU per US$, period average)",annual_year_columns_in_wdi_data_sheet,,1964,75.75000007575,75.75000007575,PARSED,WDIEXCEL.xlsx!Data!R221668C9
WDI_2019_04_24,,0d8bb621494aeb6dc867538211ae4d8a98230552b96398f43d14a0fdc87148d3,IRN,"Iran, Islamic Rep.",PA.NUS.FCRF,"Official exchange rate (LCU per US$, period average)",annual_year_columns_in_wdi_data_sheet,,1965,75.75000007575,75.75000007575,PARSED,WDIEXCEL.xlsx!Data!R221668C10
WDI_2019_04_24,,0d8bb621494aeb6dc867538211ae4d8a98230552b96398f43d14a0fdc87148d3,IRN,"Iran, Islamic Rep.",PA.NUS.FCRF,"Official exchange rate (LCU per US$, period average)",annual_year_columns_in_wdi_data_sheet,,1966,75.75000007575,75.75000007575,PARSED,WDIEXCEL.xlsx!Data!R221668C11
WDI_2019_04_24,,0d8bb621494aeb6dc867538211ae4d8a98230552b96398f43d14a0fdc87148d3,IRN,"Iran, Islamic Rep.",PA.NUS.FCRF,"Official exchange rate (LCU per US$, period average)",annual_year_columns_in_wdi_data_sheet,,1967,75.75000007575,75.75000007575,PARSED,WDIEXCEL.xlsx!Data!R221668C12
WDI_2019_04_24,,0d8bb621494aeb6dc867538211ae4d8a98230552b96398f43d14a0fdc87148d3,IRN,"Iran, Islamic Rep.",PA.NUS.FCRF,"Official exchange rate (LCU per US$, period average)",annual_year_columns_in_wdi_data_sheet,,1968,75.75000007575,75.75000007575,PARSED,WDIEXCEL.xlsx!Data!R221668C13
WDI_2019_04_24,,0d8bb621494aeb6dc867538211ae4d8a98230552b96398f43d14a0fdc87148d3,IRN,"Iran, Islamic Rep.",PA.NUS.FCRF,"Official exchange rate (LCU per US$, period average)",annual_year_columns_in_wdi_data_sheet,,1969,75.75000007575,75.75000007575,PARSED,WDIEXCEL.xlsx!Data!R221668C14
WDI_2019_04_24,,0d8bb621494aeb6dc867538211ae4d8a98230552b96398f43d14a0fdc87148d3,IRN,"Iran, Islamic Rep.",PA.NUS.FCRF,"Official exchange rate (LCU per US$, period average)",annual_year_columns_in_wdi_data_sheet,,1970,75.75000007575,75.75000007575,PARSED,WDIEXCEL.xlsx!Data!R221668C15
WDI_2019_04_24,,0d8bb621494aeb6dc867538211ae4d8a98230552b96398f43d14a0fdc87148d3,IRN,"Iran, Islamic Rep.",PA.NUS.FCRF,"Official exchange rate (LCU per US$, period average)",annual_year_columns_in_wdi_data_sheet,,1971,75.7500000694375,75.7500000694375,PARSED,WDIEXCEL.xlsx!Data!R221668C16
WDI_2019_04_24,,0d8bb621494aeb6dc867538211ae4d8a98230552b96398f43d14a0fdc87148d3,IRN,"Iran, Islamic Rep.",PA.NUS.FCRF,"Official exchange rate (LCU per US$, period average)",annual_year_columns_in_wdi_data_sheet,,1972,75.7499701345202,75.7499701345202,PARSED,WDIEXCEL.xlsx!Data!R221668C17
WDI_2019_04_24,,0d8bb621494aeb6dc867538211ae4d8a98230552b96398f43d14a0fdc87148d3,IRN,"Iran, Islamic Rep.",PA.NUS.FCRF,"Official exchange rate (LCU per US$, period average)",annual_year_columns_in_wdi_data_sheet,,1973,68.8860419482585,68.8860419482585,PARSED,WDIEXCEL.xlsx!Data!R221668C18
WDI_2019_04_24,,0d8bb621494aeb6dc867538211ae4d8a98230552b96398f43d14a0fdc87148d3,IRN,"Iran, Islamic Rep.",PA.NUS.FCRF,"Official exchange rate (LCU per US$, period average)",annual_year_columns_in_wdi_data_sheet,,1974,67.641342246617,67.641342246617,PARSED,WDIEXCEL.xlsx!Data!R221668C19
WDI_2019_04_24,,0d8bb621494aeb6dc867538211ae4d8a98230552b96398f43d14a0fdc87148d3,IRN,"Iran, Islamic Rep.",PA.NUS.FCRF,"Official exchange rate (LCU per US$, period average)",annual_year_columns_in_wdi_data_sheet,,1975,67.6549455324406,67.6549455324406,PARSED,WDIEXCEL.xlsx!Data!R221668C20
WDI_2019_04_24,,0d8bb621494aeb6dc867538211ae4d8a98230552b96398f43d14a0fdc87148d3,IRN,"Iran, Islamic Rep.",PA.NUS.FCRF,"Official exchange rate (LCU per US$, period average)",annual_year_columns_in_wdi_data_sheet,,1976,70.2390698610516,70.2390698610516,PARSED,WDIEXCEL.xlsx!Data!R221668C21
WDI_2019_04_24,,0d8bb621494aeb6dc867538211ae4d8a98230552b96398f43d14a0fdc87148d3,IRN,"Iran, Islamic Rep.",PA.NUS.FCRF,"Official exchange rate (LCU per US$, period average)",annual_year_columns_in_wdi_data_sheet,,1977,70.6337318788855,70.6337318788855,PARSED,WDIEXCEL.xlsx!Data!R221668C22
WDI_2019_04_24,,0d8bb621494aeb6dc867538211ae4d8a98230552b96398f43d14a0fdc87148d3,IRN,"Iran, Islamic Rep.",PA.NUS.FCRF,"Official exchange rate (LCU per US$, period average)",annual_year_columns_in_wdi_data_sheet,,1978,70.4920309761581,70.4920309761581,PARSED,WDIEXCEL.xlsx!Data!R221668C23
WDI_2019_04_24,,0d8bb621494aeb6dc867538211ae4d8a98230552b96398f43d14a0fdc87148d3,IRN,"Iran, Islamic Rep.",PA.NUS.FCRF,"Official exchange rate (LCU per US$, period average)",annual_year_columns_in_wdi_data_sheet,,1979,70.4920309761581,70.4920309761581,PARSED,WDIEXCEL.xlsx!Data!R221668C24
WDI_2019_04_24,,0d8bb621494aeb6dc867538211ae4d8a98230552b96398f43d14a0fdc87148d3,IRN,"Iran, Islamic Rep.",PA.NUS.FCRF,"Official exchange rate (LCU per US$, period average)",annual_year_columns_in_wdi_data_sheet,,1980,70.631848089676,70.631848089676,PARSED,WDIEXCEL.xlsx!Data!R221668C25
WDI_2019_04_24,,0d8bb621494aeb6dc867538211ae4d8a98230552b96398f43d14a0fdc87148d3,IRN,"Iran, Islamic Rep.",PA.NUS.FCRF,"Official exchange rate (LCU per US$, period average)",annual_year_columns_in_wdi_data_sheet,,1981,78.3468453777361,78.3468453777361,PARSED,WDIEXCEL.xlsx!Data!R221668C26
WDI_2019_04_24,,0d8bb621494aeb6dc867538211ae4d8a98230552b96398f43d14a0fdc87148d3,IRN,"Iran, Islamic Rep.",PA.NUS.FCRF,"Official exchange rate (LCU per US$, period average)",annual_year_columns_in_wdi_data_sheet,,1982,83.6226700245569,83.6226700245569,PARSED,WDIEXCEL.xlsx!Data!R221668C27
WDI_2019_04_24,,0d8bb621494aeb6dc867538211ae4d8a98230552b96398f43d14a0fdc87148d3,IRN,"Iran, Islamic Rep.",PA.NUS.FCRF,"Official exchange rate (LCU per US$, period average)",annual_year_columns_in_wdi_data_sheet,,1983,86.3787358940775,86.3787358940775,PARSED,WDIEXCEL.xlsx!Data!R221668C28
WDI_2019_04_24,,0d8bb621494aeb6dc867538211ae4d8a98230552b96398f43d14a0fdc87148d3,IRN,"Iran, Islamic Rep.",PA.NUS.FCRF,"Official exchange rate (LCU per US$, period average)",annual_year_columns_in_wdi_data_sheet,,1984,90.0514398915356,90.0514398915356,PARSED,WDIEXCEL.xlsx!Data!R221668C29
WDI_2019_04_24,,0d8bb621494aeb6dc867538211ae4d8a98230552b96398f43d14a0fdc87148d3,IRN,"Iran, Islamic Rep.",PA.NUS.FCRF,"Official exchange rate (LCU per US$, period average)",annual_year_columns_in_wdi_data_sheet,,1985,91.0735868439752,91.0735868439752,PARSED,WDIEXCEL.xlsx!Data!R221668C30
WDI_2019_04_24,,0d8bb621494aeb6dc867538211ae4d8a98230552b96398f43d14a0fdc87148d3,IRN,"Iran, Islamic Rep.",PA.NUS.FCRF,"Official exchange rate (LCU per US$, period average)",annual_year_columns_in_wdi_data_sheet,,1986,78.7787830685101,78.7787830685101,PARSED,WDIEXCEL.xlsx!Data!R221668C31
WDI_2019_04_24,,0d8bb621494aeb6dc867538211ae4d8a98230552b96398f43d14a0fdc87148d3,IRN,"Iran, Islamic Rep.",PA.NUS.FCRF,"Official exchange rate (LCU per US$, period average)",annual_year_columns_in_wdi_data_sheet,,1987,71.4774357190432,71.4774357190432,PARSED,WDIEXCEL.xlsx!Data!R221668C32
WDI_2019_04_24,,0d8bb621494aeb6dc867538211ae4d8a98230552b96398f43d14a0fdc87148d3,IRN,"Iran, Islamic Rep.",PA.NUS.FCRF,"Official exchange rate (LCU per US$, period average)",annual_year_columns_in_wdi_data_sheet,,1988,68.6997646296701,68.6997646296701,PARSED,WDIEXCEL.xlsx!Data!R221668C33
WDI_2019_04_24,,0d8bb621494aeb6dc867538211ae4d8a98230552b96398f43d14a0fdc87148d3,IRN,"Iran, Islamic Rep.",PA.NUS.FCRF,"Official exchange rate (LCU per US$, period average)",annual_year_columns_in_wdi_data_sheet,,1989,72.0322364263672,72.0322364263672,PARSED,WDIEXCEL.xlsx!Data!R221668C34
WDI_2019_04_24,,0d8bb621494aeb6dc867538211ae4d8a98230552b96398f43d14a0fdc87148d3,IRN,"Iran, Islamic Rep.",PA.NUS.FCRF,"Official exchange rate (LCU per US$, period average)",annual_year_columns_in_wdi_data_sheet,,1990,68.1123727149296,68.1123727149296,PARSED,WDIEXCEL.xlsx!Data!R221668C35
WDI_2019_04_24,,0d8bb621494aeb6dc867538211ae4d8a98230552b96398f43d14a0fdc87148d3,IRN,"Iran, Islamic Rep.",PA.NUS.FCRF,"Official exchange rate (LCU per US$, period average)",annual_year_columns_in_wdi_data_sheet,,1991,67.5217300147946,67.5217300147946,PARSED,WDIEXCEL.xlsx!Data!R221668C36
WDI_2019_04_24,,0d8bb621494aeb6dc867538211ae4d8a98230552b96398f43d14a0fdc87148d3,IRN,"Iran, Islamic Rep.",PA.NUS.FCRF,"Official exchange rate (LCU per US$, period average)",annual_year_columns_in_wdi_data_sheet,,1992,65.5678412857706,65.5678412857706,PARSED,WDIEXCEL.xlsx!Data!R221668C37
WDI_2019_04_24,,0d8bb621494aeb6dc867538211ae4d8a98230552b96398f43d14a0fdc87148d3,IRN,"Iran, Islamic Rep.",PA.NUS.FCRF,"Official exchange rate (LCU per US$, period average)",annual_year_columns_in_wdi_data_sheet,,1993,1268.07876133881,1268.07876133881,PARSED,WDIEXCEL.xlsx!Data!R221668C38
WDI_2019_04_24,,0d8bb621494aeb6dc867538211ae4d8a98230552b96398f43d14a0fdc87148d3,IRN,"Iran, Islamic Rep.",PA.NUS.FCRF,"Official exchange rate (LCU per US$, period average)",annual_year_columns_in_wdi_data_sheet,,1994,1749.17373625079,1749.17373625079,PARSED,WDIEXCEL.xlsx!Data!R221668C39
WDI_2019_04_24,,0d8bb621494aeb6dc867538211ae4d8a98230552b96398f43d14a0fdc87148d3,IRN,"Iran, Islamic Rep.",PA.NUS.FCRF,"Official exchange rate (LCU per US$, period average)",annual_year_columns_in_wdi_data_sheet,,1995,1748.35024562759,1748.35024562759,PARSED,WDIEXCEL.xlsx!Data!R221668C40
WDI_2019_04_24,,0d8bb621494aeb6dc867538211ae4d8a98230552b96398f43d14a0fdc87148d3,IRN,"Iran, Islamic Rep.",PA.NUS.FCRF,"Official exchange rate (LCU per US$, period average)",annual_year_columns_in_wdi_data_sheet,,1996,1751.18635583594,1751.18635583594,PARSED,WDIEXCEL.xlsx!Data!R221668C41
WDI_2019_04_24,,0d8bb621494aeb6dc867538211ae4d8a98230552b96398f43d14a0fdc87148d3,IRN,"Iran, Islamic Rep.",PA.NUS.FCRF,"Official exchange rate (LCU per US$, period average)",annual_year_columns_in_wdi_data_sheet,,1997,1753.34547748286,1753.34547748286,PARSED,WDIEXCEL.xlsx!Data!R221668C42
WDI_2019_04_24,,0d8bb621494aeb6dc867538211ae4d8a98230552b96398f43d14a0fdc87148d3,IRN,"Iran, Islamic Rep.",PA.NUS.FCRF,"Official exchange rate (LCU per US$, period average)",annual_year_columns_in_wdi_data_sheet,,1998,1752.28599459359,1752.28599459359,PARSED,WDIEXCEL.xlsx!Data!R221668C43
WDI_2019_04_24,,0d8bb621494aeb6dc867538211ae4d8a98230552b96398f43d14a0fdc87148d3,IRN,"Iran, Islamic Rep.",PA.NUS.FCRF,"Official exchange rate (LCU per US$, period average)",annual_year_columns_in_wdi_data_sheet,,1999,1753.35494977138,1753.35494977138,PARSED,WDIEXCEL.xlsx!Data!R221668C44
WDI_2019_04_24,,0d8bb621494aeb6dc867538211ae4d8a98230552b96398f43d14a0fdc87148d3,IRN,"Iran, Islamic Rep.",PA.NUS.FCRF,"Official exchange rate (LCU per US$, period average)",annual_year_columns_in_wdi_data_sheet,,2000,1764.85606929191,1764.85606929191,PARSED,WDIEXCEL.xlsx!Data!R221668C45
WDI_2019_04_24,,0d8bb621494aeb6dc867538211ae4d8a98230552b96398f43d14a0fdc87148d3,IRN,"Iran, Islamic Rep.",PA.NUS.FCRF,"Official exchange rate (LCU per US$, period average)",annual_year_columns_in_wdi_data_sheet,,2001,1753.98568465785,1753.98568465785,PARSED,WDIEXCEL.xlsx!Data!R221668C46
WDI_2019_04_24,,0d8bb621494aeb6dc867538211ae4d8a98230552b96398f43d14a0fdc87148d3,IRN,"Iran, Islamic Rep.",PA.NUS.FCRF,"Official exchange rate (LCU per US$, period average)",annual_year_columns_in_wdi_data_sheet,,2002,6907.03445561653,6907.03445561653,PARSED,WDIEXCEL.xlsx!Data!R221668C47
WDI_2019_04_24,,0d8bb621494aeb6dc867538211ae4d8a98230552b96398f43d14a0fdc87148d3,IRN,"Iran, Islamic Rep.",PA.NUS.FCRF,"Official exchange rate (LCU per US$, period average)",annual_year_columns_in_wdi_data_sheet,,2003,8193.88751916667,8193.88751916667,PARSED,WDIEXCEL.xlsx!Data!R221668C48
WDI_2019_04_24,,0d8bb621494aeb6dc867538211ae4d8a98230552b96398f43d14a0fdc87148d3,IRN,"Iran, Islamic Rep.",PA.NUS.FCRF,"Official exchange rate (LCU per US$, period average)",annual_year_columns_in_wdi_data_sheet,,2004,8613.98942075,8613.98942075,PARSED,WDIEXCEL.xlsx!Data!R221668C49
WDI_2019_04_24,,0d8bb621494aeb6dc867538211ae4d8a98230552b96398f43d14a0fdc87148d3,IRN,"Iran, Islamic Rep.",PA.NUS.FCRF,"Official exchange rate (LCU per US$, period average)",annual_year_columns_in_wdi_data_sheet,,2005,8963.95890666667,8963.95890666667,PARSED,WDIEXCEL.xlsx!Data!R221668C50
WDI_2019_04_24,,0d8bb621494aeb6dc867538211ae4d8a98230552b96398f43d14a0fdc87148d3,IRN,"Iran, Islamic Rep.",PA.NUS.FCRF,"Official exchange rate (LCU per US$, period average)",annual_year_columns_in_wdi_data_sheet,,2006,9170.9428775,9170.9428775,PARSED,WDIEXCEL.xlsx!Data!R221668C51
WDI_2019_04_24,,0d8bb621494aeb6dc867538211ae4d8a98230552b96398f43d14a0fdc87148d3,IRN,"Iran, Islamic Rep.",PA.NUS.FCRF,"Official exchange rate (LCU per US$, period average)",annual_year_columns_in_wdi_data_sheet,,2007,9281.15182833333,9281.15182833333,PARSED,WDIEXCEL.xlsx!Data!R221668C52
WDI_2019_04_24,,0d8bb621494aeb6dc867538211ae4d8a98230552b96398f43d14a0fdc87148d3,IRN,"Iran, Islamic Rep.",PA.NUS.FCRF,"Official exchange rate (LCU per US$, period average)",annual_year_columns_in_wdi_data_sheet,,2008,9428.52826083333,9428.52826083333,PARSED,WDIEXCEL.xlsx!Data!R221668C53
WDI_2019_04_24,,0d8bb621494aeb6dc867538211ae4d8a98230552b96398f43d14a0fdc87148d3,IRN,"Iran, Islamic Rep.",PA.NUS.FCRF,"Official exchange rate (LCU per US$, period average)",annual_year_columns_in_wdi_data_sheet,,2009,9864.3024562682,9864.3024562682,PARSED,WDIEXCEL.xlsx!Data!R221668C54
WDI_2019_04_24,,0d8bb621494aeb6dc867538211ae4d8a98230552b96398f43d14a0fdc87148d3,IRN,"Iran, Islamic Rep.",PA.NUS.FCRF,"Official exchange rate (LCU per US$, period average)",annual_year_columns_in_wdi_data_sheet,,2010,10254.176470289,10254.176470289,PARSED,WDIEXCEL.xlsx!Data!R221668C55
WDI_2019_04_24,,0d8bb621494aeb6dc867538211ae4d8a98230552b96398f43d14a0fdc87148d3,IRN,"Iran, Islamic Rep.",PA.NUS.FCRF,"Official exchange rate (LCU per US$, period average)",annual_year_columns_in_wdi_data_sheet,,2011,10616.3066439076,10616.3066439076,PARSED,WDIEXCEL.xlsx!Data!R221668C56
WDI_2019_04_24,,0d8bb621494aeb6dc867538211ae4d8a98230552b96398f43d14a0fdc87148d3,IRN,"Iran, Islamic Rep.",PA.NUS.FCRF,"Official exchange rate (LCU per US$, period average)",annual_year_columns_in_wdi_data_sheet,,2012,12175.5472222222,12175.5472222222,PARSED,WDIEXCEL.xlsx!Data!R221668C57
WDI_2019_04_24,,0d8bb621494aeb6dc867538211ae4d8a98230552b96398f43d14a0fdc87148d3,IRN,"Iran, Islamic Rep.",PA.NUS.FCRF,"Official exchange rate (LCU per US$, period average)",annual_year_columns_in_wdi_data_sheet,,2013,18414.4480100374,18414.4480100374,PARSED,WDIEXCEL.xlsx!Data!R221668C58
WDI_2019_04_24,,0d8bb621494aeb6dc867538211ae4d8a98230552b96398f43d14a0fdc87148d3,IRN,"Iran, Islamic Rep.",PA.NUS.FCRF,"Official exchange rate (LCU per US$, period average)",annual_year_columns_in_wdi_data_sheet,,2014,25941.6641445972,25941.6641445972,PARSED,WDIEXCEL.xlsx!Data!R221668C59
WDI_2019_04_24,,0d8bb621494aeb6dc867538211ae4d8a98230552b96398f43d14a0fdc87148d3,IRN,"Iran, Islamic Rep.",PA.NUS.FCRF,"Official exchange rate (LCU per US$, period average)",annual_year_columns_in_wdi_data_sheet,,2015,29011.491377053,29011.491377053,PARSED,WDIEXCEL.xlsx!Data!R221668C60
WDI_2019_04_24,,0d8bb621494aeb6dc867538211ae4d8a98230552b96398f43d14a0fdc87148d3,IRN,"Iran, Islamic Rep.",PA.NUS.FCRF,"Official exchange rate (LCU per US$, period average)",annual_year_columns_in_wdi_data_sheet,,2016,30914.8524362967,30914.8524362967,PARSED,WDIEXCEL.xlsx!Data!R221668C61
WDI_2019_04_24,,0d8bb621494aeb6dc867538211ae4d8a98230552b96398f43d14a0fdc87148d3,IRN,"Iran, Islamic Rep.",PA.NUS.FCRF,"Official exchange rate (LCU per US$, period average)",annual_year_columns_in_wdi_data_sheet,,2017,33226.2981524127,33226.2981524127,PARSED,WDIEXCEL.xlsx!Data!R221668C62
WDI_2019_04_24,,0d8bb621494aeb6dc867538211ae4d8a98230552b96398f43d14a0fdc87148d3,IRN,"Iran, Islamic Rep.",PA.NUS.FCRF,"Official exchange rate (LCU per US$, period average)",annual_year_columns_in_wdi_data_sheet,,2018,,,MISSING,WDIEXCEL.xlsx!Data!R221668C63
WDI_2019_06_28,,8387106a5aa5de174aeeec58bb925f266cb72345427ef8cd5570d893516d4bca,IRN,"Iran, Islamic Rep.",FP.CPI.TOTL.ZG,"Inflation, consumer prices (annual %)",annual_year_columns_in_wdi_data_sheet,,1960,9.82241081297881,9.82241081297881,PARSED,WDIEXCEL.xlsx!Data!R221340C5
WDI_2019_06_28,,8387106a5aa5de174aeeec58bb925f266cb72345427ef8cd5570d893516d4bca,IRN,"Iran, Islamic Rep.",FP.CPI.TOTL.ZG,"Inflation, consumer prices (annual %)",annual_year_columns_in_wdi_data_sheet,,1961,3.16256439585737,3.16256439585737,PARSED,WDIEXCEL.xlsx!Data!R221340C6
WDI_2019_06_28,,8387106a5aa5de174aeeec58bb925f266cb72345427ef8cd5570d893516d4bca,IRN,"Iran, Islamic Rep.",FP.CPI.TOTL.ZG,"Inflation, consumer prices (annual %)",annual_year_columns_in_wdi_data_sheet,,1962,0.721320571656317,0.721320571656317,PARSED,WDIEXCEL.xlsx!Data!R221340C7
WDI_2019_06_28,,8387106a5aa5de174aeeec58bb925f266cb72345427ef8cd5570d893516d4bca,IRN,"Iran, Islamic Rep.",FP.CPI.TOTL.ZG,"Inflation, consumer prices (annual %)",annual_year_columns_in_wdi_data_sheet,,1963,0.371849607221687,0.371849607221687,PARSED,WDIEXCEL.xlsx!Data!R221340C8
WDI_2019_06_28,,8387106a5aa5de174aeeec58bb925f266cb72345427ef8cd5570d893516d4bca,IRN,"Iran, Islamic Rep.",FP.CPI.TOTL.ZG,"Inflation, consumer prices (annual %)",annual_year_columns_in_wdi_data_sheet,,1964,3.81448957223042,3.81448957223042,PARSED,WDIEXCEL.xlsx!Data!R221340C9
WDI_2019_06_28,,8387106a5aa5de174aeeec58bb925f266cb72345427ef8cd5570d893516d4bca,IRN,"Iran, Islamic Rep.",FP.CPI.TOTL.ZG,"Inflation, consumer prices (annual %)",annual_year_columns_in_wdi_data_sheet,,1965,2.15437483520965,2.15437483520965,PARSED,WDIEXCEL.xlsx!Data!R221340C10
WDI_2019_06_28,,8387106a5aa5de174aeeec58bb925f266cb72345427ef8cd5570d893516d4bca,IRN,"Iran, Islamic Rep.",FP.CPI.TOTL.ZG,"Inflation, consumer prices (annual %)",annual_year_columns_in_wdi_data_sheet,,1966,-0.388148532154467,-0.388148532154467,PARSED,WDIEXCEL.xlsx!Data!R221340C11
WDI_2019_06_28,,8387106a5aa5de174aeeec58bb925f266cb72345427ef8cd5570d893516d4bca,IRN,"Iran, Islamic Rep.",FP.CPI.TOTL.ZG,"Inflation, consumer prices (annual %)",annual_year_columns_in_wdi_data_sheet,,1967,1.59761007964359,1.59761007964359,PARSED,WDIEXCEL.xlsx!Data!R221340C12
WDI_2019_06_28,,8387106a5aa5de174aeeec58bb925f266cb72345427ef8cd5570d893516d4bca,IRN,"Iran, Islamic Rep.",FP.CPI.TOTL.ZG,"Inflation, consumer prices (annual %)",annual_year_columns_in_wdi_data_sheet,,1968,0.690360521996216,0.690360521996216,PARSED,WDIEXCEL.xlsx!Data!R221340C13
WDI_2019_06_28,,8387106a5aa5de174aeeec58bb925f266cb72345427ef8cd5570d893516d4bca,IRN,"Iran, Islamic Rep.",FP.CPI.TOTL.ZG,"Inflation, consumer prices (annual %)",annual_year_columns_in_wdi_data_sheet,,1969,3.59319451551283,3.59319451551283,PARSED,WDIEXCEL.xlsx!Data!R221340C14
WDI_2019_06_28,,8387106a5aa5de174aeeec58bb925f266cb72345427ef8cd5570d893516d4bca,IRN,"Iran, Islamic Rep.",FP.CPI.TOTL.ZG,"Inflation, consumer prices (annual %)",annual_year_columns_in_wdi_data_sheet,,1970,1.66687093970065,1.66687093970065,PARSED,WDIEXCEL.xlsx!Data!R221340C15
WDI_2019_06_28,,8387106a5aa5de174aeeec58bb925f266cb72345427ef8cd5570d893516d4bca,IRN,"Iran, Islamic Rep.",FP.CPI.TOTL.ZG,"Inflation, consumer prices (annual %)",annual_year_columns_in_wdi_data_sheet,,1971,4.19529837265424,4.19529837265424,PARSED,WDIEXCEL.xlsx!Data!R221340C16
WDI_2019_06_28,,8387106a5aa5de174aeeec58bb925f266cb72345427ef8cd5570d893516d4bca,IRN,"Iran, Islamic Rep.",FP.CPI.TOTL.ZG,"Inflation, consumer prices (annual %)",annual_year_columns_in_wdi_data_sheet,,1972,6.39824135128874,6.39824135128874,PARSED,WDIEXCEL.xlsx!Data!R221340C17
WDI_2019_06_28,,8387106a5aa5de174aeeec58bb925f266cb72345427ef8cd5570d893516d4bca,IRN,"Iran, Islamic Rep.",FP.CPI.TOTL.ZG,"Inflation, consumer prices (annual %)",annual_year_columns_in_wdi_data_sheet,,1973,9.8194867331876,9.8194867331876,PARSED,WDIEXCEL.xlsx!Data!R221340C18
WDI_2019_06_28,,8387106a5aa5de174aeeec58bb925f266cb72345427ef8cd5570d893516d4bca,IRN,"Iran, Islamic Rep.",FP.CPI.TOTL.ZG,"Inflation, consumer prices (annual %)",annual_year_columns_in_wdi_data_sheet,,1974,14.2489355382568,14.2489355382568,PARSED,WDIEXCEL.xlsx!Data!R221340C19
WDI_2019_06_28,,8387106a5aa5de174aeeec58bb925f266cb72345427ef8cd5570d893516d4bca,IRN,"Iran, Islamic Rep.",FP.CPI.TOTL.ZG,"Inflation, consumer prices (annual %)",annual_year_columns_in_wdi_data_sheet,,1975,12.879181833834,12.879181833834,PARSED,WDIEXCEL.xlsx!Data!R221340C20
WDI_2019_06_28,,8387106a5aa5de174aeeec58bb925f266cb72345427ef8cd5570d893516d4bca,IRN,"Iran, Islamic Rep.",FP.CPI.TOTL.ZG,"Inflation, consumer prices (annual %)",annual_year_columns_in_wdi_data_sheet,,1976,11.2561425062112,11.2561425062112,PARSED,WDIEXCEL.xlsx!Data!R221340C21
WDI_2019_06_28,,8387106a5aa5de174aeeec58bb925f266cb72345427ef8cd5570d893516d4bca,IRN,"Iran, Islamic Rep.",FP.CPI.TOTL.ZG,"Inflation, consumer prices (annual %)",annual_year_columns_in_wdi_data_sheet,,1977,27.2877846793093,27.2877846793093,PARSED,WDIEXCEL.xlsx!Data!R221340C22
WDI_2019_06_28,,8387106a5aa5de174aeeec58bb925f266cb72345427ef8cd5570d893516d4bca,IRN,"Iran, Islamic Rep.",FP.CPI.TOTL.ZG,"Inflation, consumer prices (annual %)",annual_year_columns_in_wdi_data_sheet,,1978,11.7219692041212,11.7219692041212,PARSED,WDIEXCEL.xlsx!Data!R221340C23
WDI_2019_06_28,,8387106a5aa5de174aeeec58bb925f266cb72345427ef8cd5570d893516d4bca,IRN,"Iran, Islamic Rep.",FP.CPI.TOTL.ZG,"Inflation, consumer prices (annual %)",annual_year_columns_in_wdi_data_sheet,,1979,10.4872367273486,10.4872367273486,PARSED,WDIEXCEL.xlsx!Data!R221340C24
WDI_2019_06_28,,8387106a5aa5de174aeeec58bb925f266cb72345427ef8cd5570d893516d4bca,IRN,"Iran, Islamic Rep.",FP.CPI.TOTL.ZG,"Inflation, consumer prices (annual %)",annual_year_columns_in_wdi_data_sheet,,1980,20.6439144373797,20.6439144373797,PARSED,WDIEXCEL.xlsx!Data!R221340C25
WDI_2019_06_28,,8387106a5aa5de174aeeec58bb925f266cb72345427ef8cd5570d893516d4bca,IRN,"Iran, Islamic Rep.",FP.CPI.TOTL.ZG,"Inflation, consumer prices (annual %)",annual_year_columns_in_wdi_data_sheet,,1981,24.2035897624486,24.2035897624486,PARSED,WDIEXCEL.xlsx!Data!R221340C26
WDI_2019_06_28,,8387106a5aa5de174aeeec58bb925f266cb72345427ef8cd5570d893516d4bca,IRN,"Iran, Islamic Rep.",FP.CPI.TOTL.ZG,"Inflation, consumer prices (annual %)",annual_year_columns_in_wdi_data_sheet,,1982,18.6897259269564,18.6897259269564,PARSED,WDIEXCEL.xlsx!Data!R221340C27
WDI_2019_06_28,,8387106a5aa5de174aeeec58bb925f266cb72345427ef8cd5570d893516d4bca,IRN,"Iran, Islamic Rep.",FP.CPI.TOTL.ZG,"Inflation, consumer prices (annual %)",annual_year_columns_in_wdi_data_sheet,,1983,19.7401891778611,19.7401891778611,PARSED,WDIEXCEL.xlsx!Data!R221340C28
WDI_2019_06_28,,8387106a5aa5de174aeeec58bb925f266cb72345427ef8cd5570d893516d4bca,IRN,"Iran, Islamic Rep.",FP.CPI.TOTL.ZG,"Inflation, consumer prices (annual %)",annual_year_columns_in_wdi_data_sheet,,1984,12.5402194538869,12.5402194538869,PARSED,WDIEXCEL.xlsx!Data!R221340C29
WDI_2019_06_28,,8387106a5aa5de174aeeec58bb925f266cb72345427ef8cd5570d893516d4bca,IRN,"Iran, Islamic Rep.",FP.CPI.TOTL.ZG,"Inflation, consumer prices (annual %)",annual_year_columns_in_wdi_data_sheet,,1985,4.38934095741537,4.38934095741537,PARSED,WDIEXCEL.xlsx!Data!R221340C30
WDI_2019_06_28,,8387106a5aa5de174aeeec58bb925f266cb72345427ef8cd5570d893516d4bca,IRN,"Iran, Islamic Rep.",FP.CPI.TOTL.ZG,"Inflation, consumer prices (annual %)",annual_year_columns_in_wdi_data_sheet,,1986,18.4290030211474,18.4290030211474,PARSED,WDIEXCEL.xlsx!Data!R221340C31
WDI_2019_06_28,,8387106a5aa5de174aeeec58bb925f266cb72345427ef8cd5570d893516d4bca,IRN,"Iran, Islamic Rep.",FP.CPI.TOTL.ZG,"Inflation, consumer prices (annual %)",annual_year_columns_in_wdi_data_sheet,,1987,28.5714285714291,28.5714285714291,PARSED,WDIEXCEL.xlsx!Data!R221340C32
WDI_2019_06_28,,8387106a5aa5de174aeeec58bb925f266cb72345427ef8cd5570d893516d4bca,IRN,"Iran, Islamic Rep.",FP.CPI.TOTL.ZG,"Inflation, consumer prices (annual %)",annual_year_columns_in_wdi_data_sheet,,1988,28.6706349206345,28.6706349206345,PARSED,WDIEXCEL.xlsx!Data!R221340C33
WDI_2019_06_28,,8387106a5aa5de174aeeec58bb925f266cb72345427ef8cd5570d893516d4bca,IRN,"Iran, Islamic Rep.",FP.CPI.TOTL.ZG,"Inflation, consumer prices (annual %)",annual_year_columns_in_wdi_data_sheet,,1989,22.3496530454897,22.3496530454897,PARSED,WDIEXCEL.xlsx!Data!R221340C34
WDI_2019_06_28,,8387106a5aa5de174aeeec58bb925f266cb72345427ef8cd5570d893516d4bca,IRN,"Iran, Islamic Rep.",FP.CPI.TOTL.ZG,"Inflation, consumer prices (annual %)",annual_year_columns_in_wdi_data_sheet,,1990,7.62767493763936,7.62767493763936,PARSED,WDIEXCEL.xlsx!Data!R221340C35
WDI_2019_06_28,,8387106a5aa5de174aeeec58bb925f266cb72345427ef8cd5570d893516d4bca,IRN,"Iran, Islamic Rep.",FP.CPI.TOTL.ZG,"Inflation, consumer prices (annual %)",annual_year_columns_in_wdi_data_sheet,,1991,17.1285679434011,17.1285679434011,PARSED,WDIEXCEL.xlsx!Data!R221340C36
WDI_2019_06_28,,8387106a5aa5de174aeeec58bb925f266cb72345427ef8cd5570d893516d4bca,IRN,"Iran, Islamic Rep.",FP.CPI.TOTL.ZG,"Inflation, consumer prices (annual %)",annual_year_columns_in_wdi_data_sheet,,1992,25.8077226162332,25.8077226162332,PARSED,WDIEXCEL.xlsx!Data!R221340C37
WDI_2019_06_28,,8387106a5aa5de174aeeec58bb925f266cb72345427ef8cd5570d893516d4bca,IRN,"Iran, Islamic Rep.",FP.CPI.TOTL.ZG,"Inflation, consumer prices (annual %)",annual_year_columns_in_wdi_data_sheet,,1993,21.2026307547761,21.2026307547761,PARSED,WDIEXCEL.xlsx!Data!R221340C38
WDI_2019_06_28,,8387106a5aa5de174aeeec58bb925f266cb72345427ef8cd5570d893516d4bca,IRN,"Iran, Islamic Rep.",FP.CPI.TOTL.ZG,"Inflation, consumer prices (annual %)",annual_year_columns_in_wdi_data_sheet,,1994,31.4470284237728,31.4470284237728,PARSED,WDIEXCEL.xlsx!Data!R221340C39
WDI_2019_06_28,,8387106a5aa5de174aeeec58bb925f266cb72345427ef8cd5570d893516d4bca,IRN,"Iran, Islamic Rep.",FP.CPI.TOTL.ZG,"Inflation, consumer prices (annual %)",annual_year_columns_in_wdi_data_sheet,,1995,49.6559858462747,49.6559858462747,PARSED,WDIEXCEL.xlsx!Data!R221340C40
WDI_2019_06_28,,8387106a5aa5de174aeeec58bb925f266cb72345427ef8cd5570d893516d4bca,IRN,"Iran, Islamic Rep.",FP.CPI.TOTL.ZG,"Inflation, consumer prices (annual %)",annual_year_columns_in_wdi_data_sheet,,1996,28.9373440168136,28.9373440168136,PARSED,WDIEXCEL.xlsx!Data!R221340C41
WDI_2019_06_28,,8387106a5aa5de174aeeec58bb925f266cb72345427ef8cd5570d893516d4bca,IRN,"Iran, Islamic Rep.",FP.CPI.TOTL.ZG,"Inflation, consumer prices (annual %)",annual_year_columns_in_wdi_data_sheet,,1997,17.3492257538708,17.3492257538708,PARSED,WDIEXCEL.xlsx!Data!R221340C42
WDI_2019_06_28,,8387106a5aa5de174aeeec58bb925f266cb72345427ef8cd5570d893516d4bca,IRN,"Iran, Islamic Rep.",FP.CPI.TOTL.ZG,"Inflation, consumer prices (annual %)",annual_year_columns_in_wdi_data_sheet,,1998,17.8661342130397,17.8661342130397,PARSED,WDIEXCEL.xlsx!Data!R221340C43
WDI_2019_06_28,,8387106a5aa5de174aeeec58bb925f266cb72345427ef8cd5570d893516d4bca,IRN,"Iran, Islamic Rep.",FP.CPI.TOTL.ZG,"Inflation, consumer prices (annual %)",annual_year_columns_in_wdi_data_sheet,,1999,20.0707078146866,20.0707078146866,PARSED,WDIEXCEL.xlsx!Data!R221340C44
WDI_2019_06_28,,8387106a5aa5de174aeeec58bb925f266cb72345427ef8cd5570d893516d4bca,IRN,"Iran, Islamic Rep.",FP.CPI.TOTL.ZG,"Inflation, consumer prices (annual %)",annual_year_columns_in_wdi_data_sheet,,2000,14.4767513188566,14.4767513188566,PARSED,WDIEXCEL.xlsx!Data!R221340C45
WDI_2019_06_28,,8387106a5aa5de174aeeec58bb925f266cb72345427ef8cd5570d893516d4bca,IRN,"Iran, Islamic Rep.",FP.CPI.TOTL.ZG,"Inflation, consumer prices (annual %)",annual_year_columns_in_wdi_data_sheet,,2001,11.2742471332117,11.2742471332117,PARSED,WDIEXCEL.xlsx!Data!R221340C46
WDI_2019_06_28,,8387106a5aa5de174aeeec58bb925f266cb72345427ef8cd5570d893516d4bca,IRN,"Iran, Islamic Rep.",FP.CPI.TOTL.ZG,"Inflation, consumer prices (annual %)",annual_year_columns_in_wdi_data_sheet,,2002,14.3359337378404,14.3359337378404,PARSED,WDIEXCEL.xlsx!Data!R221340C47
WDI_2019_06_28,,8387106a5aa5de174aeeec58bb925f266cb72345427ef8cd5570d893516d4bca,IRN,"Iran, Islamic Rep.",FP.CPI.TOTL.ZG,"Inflation, consumer prices (annual %)",annual_year_columns_in_wdi_data_sheet,,2003,16.4680116244792,16.4680116244792,PARSED,WDIEXCEL.xlsx!Data!R221340C48
WDI_2019_06_28,,8387106a5aa5de174aeeec58bb925f266cb72345427ef8cd5570d893516d4bca,IRN,"Iran, Islamic Rep.",FP.CPI.TOTL.ZG,"Inflation, consumer prices (annual %)",annual_year_columns_in_wdi_data_sheet,,2004,14.7615086970672,14.7615086970672,PARSED,WDIEXCEL.xlsx!Data!R221340C49
WDI_2019_06_28,,8387106a5aa5de174aeeec58bb925f266cb72345427ef8cd5570d893516d4bca,IRN,"Iran, Islamic Rep.",FP.CPI.TOTL.ZG,"Inflation, consumer prices (annual %)",annual_year_columns_in_wdi_data_sheet,,2005,13.433118008508,13.433118008508,PARSED,WDIEXCEL.xlsx!Data!R221340C50
WDI_2019_06_28,,8387106a5aa5de174aeeec58bb925f266cb72345427ef8cd5570d893516d4bca,IRN,"Iran, Islamic Rep.",FP.CPI.TOTL.ZG,"Inflation, consumer prices (annual %)",annual_year_columns_in_wdi_data_sheet,,2006,10.0158982511924,10.0158982511924,PARSED,WDIEXCEL.xlsx!Data!R221340C51
WDI_2019_06_28,,8387106a5aa5de174aeeec58bb925f266cb72345427ef8cd5570d893516d4bca,IRN,"Iran, Islamic Rep.",FP.CPI.TOTL.ZG,"Inflation, consumer prices (annual %)",annual_year_columns_in_wdi_data_sheet,,2007,17.3410404624277,17.3410404624277,PARSED,WDIEXCEL.xlsx!Data!R221340C52
WDI_2019_06_28,,8387106a5aa5de174aeeec58bb925f266cb72345427ef8cd5570d893516d4bca,IRN,"Iran, Islamic Rep.",FP.CPI.TOTL.ZG,"Inflation, consumer prices (annual %)",annual_year_columns_in_wdi_data_sheet,,2008,25.4105090311987,25.4105090311987,PARSED,WDIEXCEL.xlsx!Data!R221340C53
WDI_2019_06_28,,8387106a5aa5de174aeeec58bb925f266cb72345427ef8cd5570d893516d4bca,IRN,"Iran, Islamic Rep.",FP.CPI.TOTL.ZG,"Inflation, consumer prices (annual %)",annual_year_columns_in_wdi_data_sheet,,2009,13.5515548281506,13.5515548281506,PARSED,WDIEXCEL.xlsx!Data!R221340C54
WDI_2019_06_28,,8387106a5aa5de174aeeec58bb925f266cb72345427ef8cd5570d893516d4bca,IRN,"Iran, Islamic Rep.",FP.CPI.TOTL.ZG,"Inflation, consumer prices (annual %)",annual_year_columns_in_wdi_data_sheet,,2010,10.089362928798,10.089362928798,PARSED,WDIEXCEL.xlsx!Data!R221340C55
WDI_2019_06_28,,8387106a5aa5de174aeeec58bb925f266cb72345427ef8cd5570d893516d4bca,IRN,"Iran, Islamic Rep.",FP.CPI.TOTL.ZG,"Inflation, consumer prices (annual %)",annual_year_columns_in_wdi_data_sheet,,2011,20.8693375229118,20.8693375229118,PARSED,WDIEXCEL.xlsx!Data!R221340C56
WDI_2019_06_28,,8387106a5aa5de174aeeec58bb925f266cb72345427ef8cd5570d893516d4bca,IRN,"Iran, Islamic Rep.",FP.CPI.TOTL.ZG,"Inflation, consumer prices (annual %)",annual_year_columns_in_wdi_data_sheet,,2012,25.736568457539,25.736568457539,PARSED,WDIEXCEL.xlsx!Data!R221340C57
WDI_2019_06_28,,8387106a5aa5de174aeeec58bb925f266cb72345427ef8cd5570d893516d4bca,IRN,"Iran, Islamic Rep.",FP.CPI.TOTL.ZG,"Inflation, consumer prices (annual %)",annual_year_columns_in_wdi_data_sheet,,2013,39.2660234321157,39.2660234321157,PARSED,WDIEXCEL.xlsx!Data!R221340C58
WDI_2019_06_28,,8387106a5aa5de174aeeec58bb925f266cb72345427ef8cd5570d893516d4bca,IRN,"Iran, Islamic Rep.",FP.CPI.TOTL.ZG,"Inflation, consumer prices (annual %)",annual_year_columns_in_wdi_data_sheet,,2014,17.2213287145862,17.2213287145862,PARSED,WDIEXCEL.xlsx!Data!R221340C59
WDI_2019_06_28,,8387106a5aa5de174aeeec58bb925f266cb72345427ef8cd5570d893516d4bca,IRN,"Iran, Islamic Rep.",FP.CPI.TOTL.ZG,"Inflation, consumer prices (annual %)",annual_year_columns_in_wdi_data_sheet,,2015,13.6992084432717,13.6992084432717,PARSED,WDIEXCEL.xlsx!Data!R221340C60
WDI_2019_06_28,,8387106a5aa5de174aeeec58bb925f266cb72345427ef8cd5570d893516d4bca,IRN,"Iran, Islamic Rep.",FP.CPI.TOTL.ZG,"Inflation, consumer prices (annual %)",annual_year_columns_in_wdi_data_sheet,,2016,8.65125777406479,8.65125777406479,PARSED,WDIEXCEL.xlsx!Data!R221340C61
WDI_2019_06_28,,8387106a5aa5de174aeeec58bb925f266cb72345427ef8cd5570d893516d4bca,IRN,"Iran, Islamic Rep.",FP.CPI.TOTL.ZG,"Inflation, consumer prices (annual %)",annual_year_columns_in_wdi_data_sheet,,2017,9.98718496369076,9.98718496369076,PARSED,WDIEXCEL.xlsx!Data!R221340C62
WDI_2019_06_28,,8387106a5aa5de174aeeec58bb925f266cb72345427ef8cd5570d893516d4bca,IRN,"Iran, Islamic Rep.",FP.CPI.TOTL.ZG,"Inflation, consumer prices (annual %)",annual_year_columns_in_wdi_data_sheet,,2018,,,MISSING,WDIEXCEL.xlsx!Data!R221340C63
WDI_2019_06_28,,8387106a5aa5de174aeeec58bb925f266cb72345427ef8cd5570d893516d4bca,IRN,"Iran, Islamic Rep.",PA.NUS.FCRF,"Official exchange rate (LCU per US$, period average)",annual_year_columns_in_wdi_data_sheet,,1960,75.75000007575,75.75000007575,PARSED,WDIEXCEL.xlsx!Data!R221667C5
WDI_2019_06_28,,8387106a5aa5de174aeeec58bb925f266cb72345427ef8cd5570d893516d4bca,IRN,"Iran, Islamic Rep.",PA.NUS.FCRF,"Official exchange rate (LCU per US$, period average)",annual_year_columns_in_wdi_data_sheet,,1961,75.75000007575,75.75000007575,PARSED,WDIEXCEL.xlsx!Data!R221667C6
WDI_2019_06_28,,8387106a5aa5de174aeeec58bb925f266cb72345427ef8cd5570d893516d4bca,IRN,"Iran, Islamic Rep.",PA.NUS.FCRF,"Official exchange rate (LCU per US$, period average)",annual_year_columns_in_wdi_data_sheet,,1962,75.75000007575,75.75000007575,PARSED,WDIEXCEL.xlsx!Data!R221667C7
WDI_2019_06_28,,8387106a5aa5de174aeeec58bb925f266cb72345427ef8cd5570d893516d4bca,IRN,"Iran, Islamic Rep.",PA.NUS.FCRF,"Official exchange rate (LCU per US$, period average)",annual_year_columns_in_wdi_data_sheet,,1963,75.75000007575,75.75000007575,PARSED,WDIEXCEL.xlsx!Data!R221667C8
WDI_2019_06_28,,8387106a5aa5de174aeeec58bb925f266cb72345427ef8cd5570d893516d4bca,IRN,"Iran, Islamic Rep.",PA.NUS.FCRF,"Official exchange rate (LCU per US$, period average)",annual_year_columns_in_wdi_data_sheet,,1964,75.75000007575,75.75000007575,PARSED,WDIEXCEL.xlsx!Data!R221667C9
WDI_2019_06_28,,8387106a5aa5de174aeeec58bb925f266cb72345427ef8cd5570d893516d4bca,IRN,"Iran, Islamic Rep.",PA.NUS.FCRF,"Official exchange rate (LCU per US$, period average)",annual_year_columns_in_wdi_data_sheet,,1965,75.75000007575,75.75000007575,PARSED,WDIEXCEL.xlsx!Data!R221667C10
WDI_2019_06_28,,8387106a5aa5de174aeeec58bb925f266cb72345427ef8cd5570d893516d4bca,IRN,"Iran, Islamic Rep.",PA.NUS.FCRF,"Official exchange rate (LCU per US$, period average)",annual_year_columns_in_wdi_data_sheet,,1966,75.75000007575,75.75000007575,PARSED,WDIEXCEL.xlsx!Data!R221667C11
WDI_2019_06_28,,8387106a5aa5de174aeeec58bb925f266cb72345427ef8cd5570d893516d4bca,IRN,"Iran, Islamic Rep.",PA.NUS.FCRF,"Official exchange rate (LCU per US$, period average)",annual_year_columns_in_wdi_data_sheet,,1967,75.75000007575,75.75000007575,PARSED,WDIEXCEL.xlsx!Data!R221667C12
WDI_2019_06_28,,8387106a5aa5de174aeeec58bb925f266cb72345427ef8cd5570d893516d4bca,IRN,"Iran, Islamic Rep.",PA.NUS.FCRF,"Official exchange rate (LCU per US$, period average)",annual_year_columns_in_wdi_data_sheet,,1968,75.75000007575,75.75000007575,PARSED,WDIEXCEL.xlsx!Data!R221667C13
WDI_2019_06_28,,8387106a5aa5de174aeeec58bb925f266cb72345427ef8cd5570d893516d4bca,IRN,"Iran, Islamic Rep.",PA.NUS.FCRF,"Official exchange rate (LCU per US$, period average)",annual_year_columns_in_wdi_data_sheet,,1969,75.75000007575,75.75000007575,PARSED,WDIEXCEL.xlsx!Data!R221667C14
WDI_2019_06_28,,8387106a5aa5de174aeeec58bb925f266cb72345427ef8cd5570d893516d4bca,IRN,"Iran, Islamic Rep.",PA.NUS.FCRF,"Official exchange rate (LCU per US$, period average)",annual_year_columns_in_wdi_data_sheet,,1970,75.75000007575,75.75000007575,PARSED,WDIEXCEL.xlsx!Data!R221667C15
WDI_2019_06_28,,8387106a5aa5de174aeeec58bb925f266cb72345427ef8cd5570d893516d4bca,IRN,"Iran, Islamic Rep.",PA.NUS.FCRF,"Official exchange rate (LCU per US$, period average)",annual_year_columns_in_wdi_data_sheet,,1971,75.75,75.75,PARSED,WDIEXCEL.xlsx!Data!R221667C16
WDI_2019_06_28,,8387106a5aa5de174aeeec58bb925f266cb72345427ef8cd5570d893516d4bca,IRN,"Iran, Islamic Rep.",PA.NUS.FCRF,"Official exchange rate (LCU per US$, period average)",annual_year_columns_in_wdi_data_sheet,,1972,75.7499701345202,75.7499701345202,PARSED,WDIEXCEL.xlsx!Data!R221667C17
WDI_2019_06_28,,8387106a5aa5de174aeeec58bb925f266cb72345427ef8cd5570d893516d4bca,IRN,"Iran, Islamic Rep.",PA.NUS.FCRF,"Official exchange rate (LCU per US$, period average)",annual_year_columns_in_wdi_data_sheet,,1973,68.8852275210375,68.8852275210375,PARSED,WDIEXCEL.xlsx!Data!R221667C18
WDI_2019_06_28,,8387106a5aa5de174aeeec58bb925f266cb72345427ef8cd5570d893516d4bca,IRN,"Iran, Islamic Rep.",PA.NUS.FCRF,"Official exchange rate (LCU per US$, period average)",annual_year_columns_in_wdi_data_sheet,,1974,67.6380845377326,67.6380845377326,PARSED,WDIEXCEL.xlsx!Data!R221667C19
WDI_2019_06_28,,8387106a5aa5de174aeeec58bb925f266cb72345427ef8cd5570d893516d4bca,IRN,"Iran, Islamic Rep.",PA.NUS.FCRF,"Official exchange rate (LCU per US$, period average)",annual_year_columns_in_wdi_data_sheet,,1975,67.6516871684015,67.6516871684015,PARSED,WDIEXCEL.xlsx!Data!R221667C20
WDI_2019_06_28,,8387106a5aa5de174aeeec58bb925f266cb72345427ef8cd5570d893516d4bca,IRN,"Iran, Islamic Rep.",PA.NUS.FCRF,"Official exchange rate (LCU per US$, period average)",annual_year_columns_in_wdi_data_sheet,,1976,70.2356870416942,70.2356870416942,PARSED,WDIEXCEL.xlsx!Data!R221667C21
WDI_2019_06_28,,8387106a5aa5de174aeeec58bb925f266cb72345427ef8cd5570d893516d4bca,IRN,"Iran, Islamic Rep.",PA.NUS.FCRF,"Official exchange rate (LCU per US$, period average)",annual_year_columns_in_wdi_data_sheet,,1977,70.6303300520111,70.6303300520111,PARSED,WDIEXCEL.xlsx!Data!R221667C22
WDI_2019_06_28,,8387106a5aa5de174aeeec58bb925f266cb72345427ef8cd5570d893516d4bca,IRN,"Iran, Islamic Rep.",PA.NUS.FCRF,"Official exchange rate (LCU per US$, period average)",annual_year_columns_in_wdi_data_sheet,,1978,70.4886359738125,70.4886359738125,PARSED,WDIEXCEL.xlsx!Data!R221667C23
WDI_2019_06_28,,8387106a5aa5de174aeeec58bb925f266cb72345427ef8cd5570d893516d4bca,IRN,"Iran, Islamic Rep.",PA.NUS.FCRF,"Official exchange rate (LCU per US$, period average)",annual_year_columns_in_wdi_data_sheet,,1979,70.4886359738125,70.4886359738125,PARSED,WDIEXCEL.xlsx!Data!R221667C24
WDI_2019_06_28,,8387106a5aa5de174aeeec58bb925f266cb72345427ef8cd5570d893516d4bca,IRN,"Iran, Islamic Rep.",PA.NUS.FCRF,"Official exchange rate (LCU per US$, period average)",annual_year_columns_in_wdi_data_sheet,,1980,70.6284463535277,70.6284463535277,PARSED,WDIEXCEL.xlsx!Data!R221667C25
WDI_2019_06_28,,8387106a5aa5de174aeeec58bb925f266cb72345427ef8cd5570d893516d4bca,IRN,"Iran, Islamic Rep.",PA.NUS.FCRF,"Official exchange rate (LCU per US$, period average)",annual_year_columns_in_wdi_data_sheet,,1981,78.3430720757025,78.3430720757025,PARSED,WDIEXCEL.xlsx!Data!R221667C26
WDI_2019_06_28,,8387106a5aa5de174aeeec58bb925f266cb72345427ef8cd5570d893516d4bca,IRN,"Iran, Islamic Rep.",PA.NUS.FCRF,"Official exchange rate (LCU per US$, period average)",annual_year_columns_in_wdi_data_sheet,,1982,83.618642630865,83.618642630865,PARSED,WDIEXCEL.xlsx!Data!R221667C27
WDI_2019_06_28,,8387106a5aa5de174aeeec58bb925f266cb72345427ef8cd5570d893516d4bca,IRN,"Iran, Islamic Rep.",PA.NUS.FCRF,"Official exchange rate (LCU per US$, period average)",annual_year_columns_in_wdi_data_sheet,,1983,86.3745757641037,86.3745757641037,PARSED,WDIEXCEL.xlsx!Data!R221667C28
WDI_2019_06_28,,8387106a5aa5de174aeeec58bb925f266cb72345427ef8cd5570d893516d4bca,IRN,"Iran, Islamic Rep.",PA.NUS.FCRF,"Official exchange rate (LCU per US$, period average)",annual_year_columns_in_wdi_data_sheet,,1984,90.0471028786076,90.0471028786076,PARSED,WDIEXCEL.xlsx!Data!R221667C29
WDI_2019_06_28,,8387106a5aa5de174aeeec58bb925f266cb72345427ef8cd5570d893516d4bca,IRN,"Iran, Islamic Rep.",PA.NUS.FCRF,"Official exchange rate (LCU per US$, period average)",annual_year_columns_in_wdi_data_sheet,,1985,91.069200602911,91.069200602911,PARSED,WDIEXCEL.xlsx!Data!R221667C30
WDI_2019_06_28,,8387106a5aa5de174aeeec58bb925f266cb72345427ef8cd5570d893516d4bca,IRN,"Iran, Islamic Rep.",PA.NUS.FCRF,"Official exchange rate (LCU per US$, period average)",annual_year_columns_in_wdi_data_sheet,,1986,78.774988963707,78.774988963707,PARSED,WDIEXCEL.xlsx!Data!R221667C31
WDI_2019_06_28,,8387106a5aa5de174aeeec58bb925f266cb72345427ef8cd5570d893516d4bca,IRN,"Iran, Islamic Rep.",PA.NUS.FCRF,"Official exchange rate (LCU per US$, period average)",annual_year_columns_in_wdi_data_sheet,,1987,71.4739932581214,71.4739932581214,PARSED,WDIEXCEL.xlsx!Data!R221667C32
WDI_2019_06_28,,8387106a5aa5de174aeeec58bb925f266cb72345427ef8cd5570d893516d4bca,IRN,"Iran, Islamic Rep.",PA.NUS.FCRF,"Official exchange rate (LCU per US$, period average)",annual_year_columns_in_wdi_data_sheet,,1988,68.6964559455701,68.6964559455701,PARSED,WDIEXCEL.xlsx!Data!R221667C33
WDI_2019_06_28,,8387106a5aa5de174aeeec58bb925f266cb72345427ef8cd5570d893516d4bca,IRN,"Iran, Islamic Rep.",PA.NUS.FCRF,"Official exchange rate (LCU per US$, period average)",annual_year_columns_in_wdi_data_sheet,,1989,72.0287672454081,72.0287672454081,PARSED,WDIEXCEL.xlsx!Data!R221667C34
WDI_2019_06_28,,8387106a5aa5de174aeeec58bb925f266cb72345427ef8cd5570d893516d4bca,IRN,"Iran, Islamic Rep.",PA.NUS.FCRF,"Official exchange rate (LCU per US$, period average)",annual_year_columns_in_wdi_data_sheet,,1990,68.1090923205086,68.1090923205086,PARSED,WDIEXCEL.xlsx!Data!R221667C35
WDI_2019_06_28,,8387106a5aa5de174aeeec58bb925f266cb72345427ef8cd5570d893516d4bca,IRN,"Iran, Islamic Rep.",PA.NUS.FCRF,"Official exchange rate (LCU per US$, period average)",annual_year_columns_in_wdi_data_sheet,,1991,67.5184780666154,67.5184780666154,PARSED,WDIEXCEL.xlsx!Data!R221667C36
WDI_2019_06_28,,8387106a5aa5de174aeeec58bb925f266cb72345427ef8cd5570d893516d4bca,IRN,"Iran, Islamic Rep.",PA.NUS.FCRF,"Official exchange rate (LCU per US$, period average)",annual_year_columns_in_wdi_data_sheet,,1992,65.5646834398144,65.5646834398144,PARSED,WDIEXCEL.xlsx!Data!R221667C37
WDI_2019_06_28,,8387106a5aa5de174aeeec58bb925f266cb72345427ef8cd5570d893516d4bca,IRN,"Iran, Islamic Rep.",PA.NUS.FCRF,"Official exchange rate (LCU per US$, period average)",annual_year_columns_in_wdi_data_sheet,,1993,1268.01768875643,1268.01768875643,PARSED,WDIEXCEL.xlsx!Data!R221667C38
WDI_2019_06_28,,8387106a5aa5de174aeeec58bb925f266cb72345427ef8cd5570d893516d4bca,IRN,"Iran, Islamic Rep.",PA.NUS.FCRF,"Official exchange rate (LCU per US$, period average)",annual_year_columns_in_wdi_data_sheet,,1994,1749.08949341006,1749.08949341006,PARSED,WDIEXCEL.xlsx!Data!R221667C39
WDI_2019_06_28,,8387106a5aa5de174aeeec58bb925f266cb72345427ef8cd5570d893516d4bca,IRN,"Iran, Islamic Rep.",PA.NUS.FCRF,"Official exchange rate (LCU per US$, period average)",annual_year_columns_in_wdi_data_sheet,,1995,1748.26604244742,1748.26604244742,PARSED,WDIEXCEL.xlsx!Data!R221667C40
WDI_2019_06_28,,8387106a5aa5de174aeeec58bb925f266cb72345427ef8cd5570d893516d4bca,IRN,"Iran, Islamic Rep.",PA.NUS.FCRF,"Official exchange rate (LCU per US$, period average)",annual_year_columns_in_wdi_data_sheet,,1996,1751.10201606443,1751.10201606443,PARSED,WDIEXCEL.xlsx!Data!R221667C41
WDI_2019_06_28,,8387106a5aa5de174aeeec58bb925f266cb72345427ef8cd5570d893516d4bca,IRN,"Iran, Islamic Rep.",PA.NUS.FCRF,"Official exchange rate (LCU per US$, period average)",annual_year_columns_in_wdi_data_sheet,,1997,1753.26103372481,1753.26103372481,PARSED,WDIEXCEL.xlsx!Data!R221667C42
WDI_2019_06_28,,8387106a5aa5de174aeeec58bb925f266cb72345427ef8cd5570d893516d4bca,IRN,"Iran, Islamic Rep.",PA.NUS.FCRF,"Official exchange rate (LCU per US$, period average)",annual_year_columns_in_wdi_data_sheet,,1998,1752.20160186183,1752.20160186183,PARSED,WDIEXCEL.xlsx!Data!R221667C43
WDI_2019_06_28,,8387106a5aa5de174aeeec58bb925f266cb72345427ef8cd5570d893516d4bca,IRN,"Iran, Islamic Rep.",PA.NUS.FCRF,"Official exchange rate (LCU per US$, period average)",annual_year_columns_in_wdi_data_sheet,,1999,1753.27050555712,1753.27050555712,PARSED,WDIEXCEL.xlsx!Data!R221667C44
WDI_2019_06_28,,8387106a5aa5de174aeeec58bb925f266cb72345427ef8cd5570d893516d4bca,IRN,"Iran, Islamic Rep.",PA.NUS.FCRF,"Official exchange rate (LCU per US$, period average)",annual_year_columns_in_wdi_data_sheet,,2000,1764.77107116642,1764.77107116642,PARSED,WDIEXCEL.xlsx!Data!R221667C45
WDI_2019_06_28,,8387106a5aa5de174aeeec58bb925f266cb72345427ef8cd5570d893516d4bca,IRN,"Iran, Islamic Rep.",PA.NUS.FCRF,"Official exchange rate (LCU per US$, period average)",annual_year_columns_in_wdi_data_sheet,,2001,1753.90121006645,1753.90121006645,PARSED,WDIEXCEL.xlsx!Data!R221667C46
WDI_2019_06_28,,8387106a5aa5de174aeeec58bb925f266cb72345427ef8cd5570d893516d4bca,IRN,"Iran, Islamic Rep.",PA.NUS.FCRF,"Official exchange rate (LCU per US$, period average)",annual_year_columns_in_wdi_data_sheet,,2002,6907.02037923541,6907.02037923541,PARSED,WDIEXCEL.xlsx!Data!R221667C47
WDI_2019_06_28,,8387106a5aa5de174aeeec58bb925f266cb72345427ef8cd5570d893516d4bca,IRN,"Iran, Islamic Rep.",PA.NUS.FCRF,"Official exchange rate (LCU per US$, period average)",annual_year_columns_in_wdi_data_sheet,,2003,8193.88751916667,8193.88751916667,PARSED,WDIEXCEL.xlsx!Data!R221667C48
WDI_2019_06_28,,8387106a5aa5de174aeeec58bb925f266cb72345427ef8cd5570d893516d4bca,IRN,"Iran, Islamic Rep.",PA.NUS.FCRF,"Official exchange rate (LCU per US$, period average)",annual_year_columns_in_wdi_data_sheet,,2004,8613.98942075,8613.98942075,PARSED,WDIEXCEL.xlsx!Data!R221667C49
WDI_2019_06_28,,8387106a5aa5de174aeeec58bb925f266cb72345427ef8cd5570d893516d4bca,IRN,"Iran, Islamic Rep.",PA.NUS.FCRF,"Official exchange rate (LCU per US$, period average)",annual_year_columns_in_wdi_data_sheet,,2005,8963.95890666667,8963.95890666667,PARSED,WDIEXCEL.xlsx!Data!R221667C50
WDI_2019_06_28,,8387106a5aa5de174aeeec58bb925f266cb72345427ef8cd5570d893516d4bca,IRN,"Iran, Islamic Rep.",PA.NUS.FCRF,"Official exchange rate (LCU per US$, period average)",annual_year_columns_in_wdi_data_sheet,,2006,9170.9428775,9170.9428775,PARSED,WDIEXCEL.xlsx!Data!R221667C51
WDI_2019_06_28,,8387106a5aa5de174aeeec58bb925f266cb72345427ef8cd5570d893516d4bca,IRN,"Iran, Islamic Rep.",PA.NUS.FCRF,"Official exchange rate (LCU per US$, period average)",annual_year_columns_in_wdi_data_sheet,,2007,9281.15182833333,9281.15182833333,PARSED,WDIEXCEL.xlsx!Data!R221667C52
WDI_2019_06_28,,8387106a5aa5de174aeeec58bb925f266cb72345427ef8cd5570d893516d4bca,IRN,"Iran, Islamic Rep.",PA.NUS.FCRF,"Official exchange rate (LCU per US$, period average)",annual_year_columns_in_wdi_data_sheet,,2008,9428.52826083333,9428.52826083333,PARSED,WDIEXCEL.xlsx!Data!R221667C53
WDI_2019_06_28,,8387106a5aa5de174aeeec58bb925f266cb72345427ef8cd5570d893516d4bca,IRN,"Iran, Islamic Rep.",PA.NUS.FCRF,"Official exchange rate (LCU per US$, period average)",annual_year_columns_in_wdi_data_sheet,,2009,9864.3024562682,9864.3024562682,PARSED,WDIEXCEL.xlsx!Data!R221667C54
WDI_2019_06_28,,8387106a5aa5de174aeeec58bb925f266cb72345427ef8cd5570d893516d4bca,IRN,"Iran, Islamic Rep.",PA.NUS.FCRF,"Official exchange rate (LCU per US$, period average)",annual_year_columns_in_wdi_data_sheet,,2010,10254.176470289,10254.176470289,PARSED,WDIEXCEL.xlsx!Data!R221667C55
WDI_2019_06_28,,8387106a5aa5de174aeeec58bb925f266cb72345427ef8cd5570d893516d4bca,IRN,"Iran, Islamic Rep.",PA.NUS.FCRF,"Official exchange rate (LCU per US$, period average)",annual_year_columns_in_wdi_data_sheet,,2011,10616.3066439076,10616.3066439076,PARSED,WDIEXCEL.xlsx!Data!R221667C56
WDI_2019_06_28,,8387106a5aa5de174aeeec58bb925f266cb72345427ef8cd5570d893516d4bca,IRN,"Iran, Islamic Rep.",PA.NUS.FCRF,"Official exchange rate (LCU per US$, period average)",annual_year_columns_in_wdi_data_sheet,,2012,12175.5472222222,12175.5472222222,PARSED,WDIEXCEL.xlsx!Data!R221667C57
WDI_2019_06_28,,8387106a5aa5de174aeeec58bb925f266cb72345427ef8cd5570d893516d4bca,IRN,"Iran, Islamic Rep.",PA.NUS.FCRF,"Official exchange rate (LCU per US$, period average)",annual_year_columns_in_wdi_data_sheet,,2013,18414.4480100374,18414.4480100374,PARSED,WDIEXCEL.xlsx!Data!R221667C58
WDI_2019_06_28,,8387106a5aa5de174aeeec58bb925f266cb72345427ef8cd5570d893516d4bca,IRN,"Iran, Islamic Rep.",PA.NUS.FCRF,"Official exchange rate (LCU per US$, period average)",annual_year_columns_in_wdi_data_sheet,,2014,,,MISSING,WDIEXCEL.xlsx!Data!R221667C59
WDI_2019_06_28,,8387106a5aa5de174aeeec58bb925f266cb72345427ef8cd5570d893516d4bca,IRN,"Iran, Islamic Rep.",PA.NUS.FCRF,"Official exchange rate (LCU per US$, period average)",annual_year_columns_in_wdi_data_sheet,,2015,,,MISSING,WDIEXCEL.xlsx!Data!R221667C60
WDI_2019_06_28,,8387106a5aa5de174aeeec58bb925f266cb72345427ef8cd5570d893516d4bca,IRN,"Iran, Islamic Rep.",PA.NUS.FCRF,"Official exchange rate (LCU per US$, period average)",annual_year_columns_in_wdi_data_sheet,,2016,,,MISSING,WDIEXCEL.xlsx!Data!R221667C61
WDI_2019_06_28,,8387106a5aa5de174aeeec58bb925f266cb72345427ef8cd5570d893516d4bca,IRN,"Iran, Islamic Rep.",PA.NUS.FCRF,"Official exchange rate (LCU per US$, period average)",annual_year_columns_in_wdi_data_sheet,,2017,,,MISSING,WDIEXCEL.xlsx!Data!R221667C62
WDI_2019_06_28,,8387106a5aa5de174aeeec58bb925f266cb72345427ef8cd5570d893516d4bca,IRN,"Iran, Islamic Rep.",PA.NUS.FCRF,"Official exchange rate (LCU per US$, period average)",annual_year_columns_in_wdi_data_sheet,,2018,,,MISSING,WDIEXCEL.xlsx!Data!R221667C63
WDI_2019_09_24,,d771e9fdfe82a6eeac7bcdc0b9840677033b6cbe0e3edf1faa35a7b89ffc4454,IRN,"Iran, Islamic Rep.",FP.CPI.TOTL.ZG,"Inflation, consumer prices (annual %)",annual_year_columns_in_wdi_data_sheet,,1960,9.82241081297881,9.82241081297881,PARSED,WDIEXCEL.xlsx!Data!R221340C5
WDI_2019_09_24,,d771e9fdfe82a6eeac7bcdc0b9840677033b6cbe0e3edf1faa35a7b89ffc4454,IRN,"Iran, Islamic Rep.",FP.CPI.TOTL.ZG,"Inflation, consumer prices (annual %)",annual_year_columns_in_wdi_data_sheet,,1961,3.16256439585737,3.16256439585737,PARSED,WDIEXCEL.xlsx!Data!R221340C6
WDI_2019_09_24,,d771e9fdfe82a6eeac7bcdc0b9840677033b6cbe0e3edf1faa35a7b89ffc4454,IRN,"Iran, Islamic Rep.",FP.CPI.TOTL.ZG,"Inflation, consumer prices (annual %)",annual_year_columns_in_wdi_data_sheet,,1962,0.721320571656317,0.721320571656317,PARSED,WDIEXCEL.xlsx!Data!R221340C7
WDI_2019_09_24,,d771e9fdfe82a6eeac7bcdc0b9840677033b6cbe0e3edf1faa35a7b89ffc4454,IRN,"Iran, Islamic Rep.",FP.CPI.TOTL.ZG,"Inflation, consumer prices (annual %)",annual_year_columns_in_wdi_data_sheet,,1963,0.371849607221687,0.371849607221687,PARSED,WDIEXCEL.xlsx!Data!R221340C8
WDI_2019_09_24,,d771e9fdfe82a6eeac7bcdc0b9840677033b6cbe0e3edf1faa35a7b89ffc4454,IRN,"Iran, Islamic Rep.",FP.CPI.TOTL.ZG,"Inflation, consumer prices (annual %)",annual_year_columns_in_wdi_data_sheet,,1964,3.81448957223042,3.81448957223042,PARSED,WDIEXCEL.xlsx!Data!R221340C9
WDI_2019_09_24,,d771e9fdfe82a6eeac7bcdc0b9840677033b6cbe0e3edf1faa35a7b89ffc4454,IRN,"Iran, Islamic Rep.",FP.CPI.TOTL.ZG,"Inflation, consumer prices (annual %)",annual_year_columns_in_wdi_data_sheet,,1965,2.15437483520965,2.15437483520965,PARSED,WDIEXCEL.xlsx!Data!R221340C10
WDI_2019_09_24,,d771e9fdfe82a6eeac7bcdc0b9840677033b6cbe0e3edf1faa35a7b89ffc4454,IRN,"Iran, Islamic Rep.",FP.CPI.TOTL.ZG,"Inflation, consumer prices (annual %)",annual_year_columns_in_wdi_data_sheet,,1966,-0.388148532154467,-0.388148532154467,PARSED,WDIEXCEL.xlsx!Data!R221340C11
WDI_2019_09_24,,d771e9fdfe82a6eeac7bcdc0b9840677033b6cbe0e3edf1faa35a7b89ffc4454,IRN,"Iran, Islamic Rep.",FP.CPI.TOTL.ZG,"Inflation, consumer prices (annual %)",annual_year_columns_in_wdi_data_sheet,,1967,1.59761007964359,1.59761007964359,PARSED,WDIEXCEL.xlsx!Data!R221340C12
WDI_2019_09_24,,d771e9fdfe82a6eeac7bcdc0b9840677033b6cbe0e3edf1faa35a7b89ffc4454,IRN,"Iran, Islamic Rep.",FP.CPI.TOTL.ZG,"Inflation, consumer prices (annual %)",annual_year_columns_in_wdi_data_sheet,,1968,0.690360521996216,0.690360521996216,PARSED,WDIEXCEL.xlsx!Data!R221340C13
WDI_2019_09_24,,d771e9fdfe82a6eeac7bcdc0b9840677033b6cbe0e3edf1faa35a7b89ffc4454,IRN,"Iran, Islamic Rep.",FP.CPI.TOTL.ZG,"Inflation, consumer prices (annual %)",annual_year_columns_in_wdi_data_sheet,,1969,3.59319451551283,3.59319451551283,PARSED,WDIEXCEL.xlsx!Data!R221340C14
WDI_2019_09_24,,d771e9fdfe82a6eeac7bcdc0b9840677033b6cbe0e3edf1faa35a7b89ffc4454,IRN,"Iran, Islamic Rep.",FP.CPI.TOTL.ZG,"Inflation, consumer prices (annual %)",annual_year_columns_in_wdi_data_sheet,,1970,1.66687093970065,1.66687093970065,PARSED,WDIEXCEL.xlsx!Data!R221340C15
WDI_2019_09_24,,d771e9fdfe82a6eeac7bcdc0b9840677033b6cbe0e3edf1faa35a7b89ffc4454,IRN,"Iran, Islamic Rep.",FP.CPI.TOTL.ZG,"Inflation, consumer prices (annual %)",annual_year_columns_in_wdi_data_sheet,,1971,4.19529837265424,4.19529837265424,PARSED,WDIEXCEL.xlsx!Data!R221340C16
WDI_2019_09_24,,d771e9fdfe82a6eeac7bcdc0b9840677033b6cbe0e3edf1faa35a7b89ffc4454,IRN,"Iran, Islamic Rep.",FP.CPI.TOTL.ZG,"Inflation, consumer prices (annual %)",annual_year_columns_in_wdi_data_sheet,,1972,6.39824135128874,6.39824135128874,PARSED,WDIEXCEL.xlsx!Data!R221340C17
WDI_2019_09_24,,d771e9fdfe82a6eeac7bcdc0b9840677033b6cbe0e3edf1faa35a7b89ffc4454,IRN,"Iran, Islamic Rep.",FP.CPI.TOTL.ZG,"Inflation, consumer prices (annual %)",annual_year_columns_in_wdi_data_sheet,,1973,9.8194867331876,9.8194867331876,PARSED,WDIEXCEL.xlsx!Data!R221340C18
WDI_2019_09_24,,d771e9fdfe82a6eeac7bcdc0b9840677033b6cbe0e3edf1faa35a7b89ffc4454,IRN,"Iran, Islamic Rep.",FP.CPI.TOTL.ZG,"Inflation, consumer prices (annual %)",annual_year_columns_in_wdi_data_sheet,,1974,14.2489355382568,14.2489355382568,PARSED,WDIEXCEL.xlsx!Data!R221340C19
WDI_2019_09_24,,d771e9fdfe82a6eeac7bcdc0b9840677033b6cbe0e3edf1faa35a7b89ffc4454,IRN,"Iran, Islamic Rep.",FP.CPI.TOTL.ZG,"Inflation, consumer prices (annual %)",annual_year_columns_in_wdi_data_sheet,,1975,12.879181833834,12.879181833834,PARSED,WDIEXCEL.xlsx!Data!R221340C20
WDI_2019_09_24,,d771e9fdfe82a6eeac7bcdc0b9840677033b6cbe0e3edf1faa35a7b89ffc4454,IRN,"Iran, Islamic Rep.",FP.CPI.TOTL.ZG,"Inflation, consumer prices (annual %)",annual_year_columns_in_wdi_data_sheet,,1976,11.2561425062112,11.2561425062112,PARSED,WDIEXCEL.xlsx!Data!R221340C21
WDI_2019_09_24,,d771e9fdfe82a6eeac7bcdc0b9840677033b6cbe0e3edf1faa35a7b89ffc4454,IRN,"Iran, Islamic Rep.",FP.CPI.TOTL.ZG,"Inflation, consumer prices (annual %)",annual_year_columns_in_wdi_data_sheet,,1977,27.2877846793093,27.2877846793093,PARSED,WDIEXCEL.xlsx!Data!R221340C22
WDI_2019_09_24,,d771e9fdfe82a6eeac7bcdc0b9840677033b6cbe0e3edf1faa35a7b89ffc4454,IRN,"Iran, Islamic Rep.",FP.CPI.TOTL.ZG,"Inflation, consumer prices (annual %)",annual_year_columns_in_wdi_data_sheet,,1978,11.7219692041212,11.7219692041212,PARSED,WDIEXCEL.xlsx!Data!R221340C23
WDI_2019_09_24,,d771e9fdfe82a6eeac7bcdc0b9840677033b6cbe0e3edf1faa35a7b89ffc4454,IRN,"Iran, Islamic Rep.",FP.CPI.TOTL.ZG,"Inflation, consumer prices (annual %)",annual_year_columns_in_wdi_data_sheet,,1979,10.4872367273486,10.4872367273486,PARSED,WDIEXCEL.xlsx!Data!R221340C24
WDI_2019_09_24,,d771e9fdfe82a6eeac7bcdc0b9840677033b6cbe0e3edf1faa35a7b89ffc4454,IRN,"Iran, Islamic Rep.",FP.CPI.TOTL.ZG,"Inflation, consumer prices (annual %)",annual_year_columns_in_wdi_data_sheet,,1980,20.6439144373797,20.6439144373797,PARSED,WDIEXCEL.xlsx!Data!R221340C25
WDI_2019_09_24,,d771e9fdfe82a6eeac7bcdc0b9840677033b6cbe0e3edf1faa35a7b89ffc4454,IRN,"Iran, Islamic Rep.",FP.CPI.TOTL.ZG,"Inflation, consumer prices (annual %)",annual_year_columns_in_wdi_data_sheet,,1981,24.2035897624486,24.2035897624486,PARSED,WDIEXCEL.xlsx!Data!R221340C26
WDI_2019_09_24,,d771e9fdfe82a6eeac7bcdc0b9840677033b6cbe0e3edf1faa35a7b89ffc4454,IRN,"Iran, Islamic Rep.",FP.CPI.TOTL.ZG,"Inflation, consumer prices (annual %)",annual_year_columns_in_wdi_data_sheet,,1982,18.6897259269564,18.6897259269564,PARSED,WDIEXCEL.xlsx!Data!R221340C27
WDI_2019_09_24,,d771e9fdfe82a6eeac7bcdc0b9840677033b6cbe0e3edf1faa35a7b89ffc4454,IRN,"Iran, Islamic Rep.",FP.CPI.TOTL.ZG,"Inflation, consumer prices (annual %)",annual_year_columns_in_wdi_data_sheet,,1983,19.7401891778611,19.7401891778611,PARSED,WDIEXCEL.xlsx!Data!R221340C28
WDI_2019_09_24,,d771e9fdfe82a6eeac7bcdc0b9840677033b6cbe0e3edf1faa35a7b89ffc4454,IRN,"Iran, Islamic Rep.",FP.CPI.TOTL.ZG,"Inflation, consumer prices (annual %)",annual_year_columns_in_wdi_data_sheet,,1984,12.5402194538869,12.5402194538869,PARSED,WDIEXCEL.xlsx!Data!R221340C29
WDI_2019_09_24,,d771e9fdfe82a6eeac7bcdc0b9840677033b6cbe0e3edf1faa35a7b89ffc4454,IRN,"Iran, Islamic Rep.",FP.CPI.TOTL.ZG,"Inflation, consumer prices (annual %)",annual_year_columns_in_wdi_data_sheet,,1985,4.38934095741537,4.38934095741537,PARSED,WDIEXCEL.xlsx!Data!R221340C30
WDI_2019_09_24,,d771e9fdfe82a6eeac7bcdc0b9840677033b6cbe0e3edf1faa35a7b89ffc4454,IRN,"Iran, Islamic Rep.",FP.CPI.TOTL.ZG,"Inflation, consumer prices (annual %)",annual_year_columns_in_wdi_data_sheet,,1986,18.4290030211474,18.4290030211474,PARSED,WDIEXCEL.xlsx!Data!R221340C31
WDI_2019_09_24,,d771e9fdfe82a6eeac7bcdc0b9840677033b6cbe0e3edf1faa35a7b89ffc4454,IRN,"Iran, Islamic Rep.",FP.CPI.TOTL.ZG,"Inflation, consumer prices (annual %)",annual_year_columns_in_wdi_data_sheet,,1987,28.5714285714291,28.5714285714291,PARSED,WDIEXCEL.xlsx!Data!R221340C32
WDI_2019_09_24,,d771e9fdfe82a6eeac7bcdc0b9840677033b6cbe0e3edf1faa35a7b89ffc4454,IRN,"Iran, Islamic Rep.",FP.CPI.TOTL.ZG,"Inflation, consumer prices (annual %)",annual_year_columns_in_wdi_data_sheet,,1988,28.6706349206345,28.6706349206345,PARSED,WDIEXCEL.xlsx!Data!R221340C33
WDI_2019_09_24,,d771e9fdfe82a6eeac7bcdc0b9840677033b6cbe0e3edf1faa35a7b89ffc4454,IRN,"Iran, Islamic Rep.",FP.CPI.TOTL.ZG,"Inflation, consumer prices (annual %)",annual_year_columns_in_wdi_data_sheet,,1989,22.3496530454897,22.3496530454897,PARSED,WDIEXCEL.xlsx!Data!R221340C34
WDI_2019_09_24,,d771e9fdfe82a6eeac7bcdc0b9840677033b6cbe0e3edf1faa35a7b89ffc4454,IRN,"Iran, Islamic Rep.",FP.CPI.TOTL.ZG,"Inflation, consumer prices (annual %)",annual_year_columns_in_wdi_data_sheet,,1990,7.62767493763936,7.62767493763936,PARSED,WDIEXCEL.xlsx!Data!R221340C35
WDI_2019_09_24,,d771e9fdfe82a6eeac7bcdc0b9840677033b6cbe0e3edf1faa35a7b89ffc4454,IRN,"Iran, Islamic Rep.",FP.CPI.TOTL.ZG,"Inflation, consumer prices (annual %)",annual_year_columns_in_wdi_data_sheet,,1991,17.1285679434011,17.1285679434011,PARSED,WDIEXCEL.xlsx!Data!R221340C36
WDI_2019_09_24,,d771e9fdfe82a6eeac7bcdc0b9840677033b6cbe0e3edf1faa35a7b89ffc4454,IRN,"Iran, Islamic Rep.",FP.CPI.TOTL.ZG,"Inflation, consumer prices (annual %)",annual_year_columns_in_wdi_data_sheet,,1992,25.8077226162332,25.8077226162332,PARSED,WDIEXCEL.xlsx!Data!R221340C37
WDI_2019_09_24,,d771e9fdfe82a6eeac7bcdc0b9840677033b6cbe0e3edf1faa35a7b89ffc4454,IRN,"Iran, Islamic Rep.",FP.CPI.TOTL.ZG,"Inflation, consumer prices (annual %)",annual_year_columns_in_wdi_data_sheet,,1993,21.2026307547761,21.2026307547761,PARSED,WDIEXCEL.xlsx!Data!R221340C38
WDI_2019_09_24,,d771e9fdfe82a6eeac7bcdc0b9840677033b6cbe0e3edf1faa35a7b89ffc4454,IRN,"Iran, Islamic Rep.",FP.CPI.TOTL.ZG,"Inflation, consumer prices (annual %)",annual_year_columns_in_wdi_data_sheet,,1994,31.4470284237728,31.4470284237728,PARSED,WDIEXCEL.xlsx!Data!R221340C39
WDI_2019_09_24,,d771e9fdfe82a6eeac7bcdc0b9840677033b6cbe0e3edf1faa35a7b89ffc4454,IRN,"Iran, Islamic Rep.",FP.CPI.TOTL.ZG,"Inflation, consumer prices (annual %)",annual_year_columns_in_wdi_data_sheet,,1995,49.6559858462747,49.6559858462747,PARSED,WDIEXCEL.xlsx!Data!R221340C40
WDI_2019_09_24,,d771e9fdfe82a6eeac7bcdc0b9840677033b6cbe0e3edf1faa35a7b89ffc4454,IRN,"Iran, Islamic Rep.",FP.CPI.TOTL.ZG,"Inflation, consumer prices (annual %)",annual_year_columns_in_wdi_data_sheet,,1996,28.9373440168136,28.9373440168136,PARSED,WDIEXCEL.xlsx!Data!R221340C41
WDI_2019_09_24,,d771e9fdfe82a6eeac7bcdc0b9840677033b6cbe0e3edf1faa35a7b89ffc4454,IRN,"Iran, Islamic Rep.",FP.CPI.TOTL.ZG,"Inflation, consumer prices (annual %)",annual_year_columns_in_wdi_data_sheet,,1997,17.3492257538708,17.3492257538708,PARSED,WDIEXCEL.xlsx!Data!R221340C42
WDI_2019_09_24,,d771e9fdfe82a6eeac7bcdc0b9840677033b6cbe0e3edf1faa35a7b89ffc4454,IRN,"Iran, Islamic Rep.",FP.CPI.TOTL.ZG,"Inflation, consumer prices (annual %)",annual_year_columns_in_wdi_data_sheet,,1998,17.8661342130397,17.8661342130397,PARSED,WDIEXCEL.xlsx!Data!R221340C43
WDI_2019_09_24,,d771e9fdfe82a6eeac7bcdc0b9840677033b6cbe0e3edf1faa35a7b89ffc4454,IRN,"Iran, Islamic Rep.",FP.CPI.TOTL.ZG,"Inflation, consumer prices (annual %)",annual_year_columns_in_wdi_data_sheet,,1999,20.0707078146866,20.0707078146866,PARSED,WDIEXCEL.xlsx!Data!R221340C44
WDI_2019_09_24,,d771e9fdfe82a6eeac7bcdc0b9840677033b6cbe0e3edf1faa35a7b89ffc4454,IRN,"Iran, Islamic Rep.",FP.CPI.TOTL.ZG,"Inflation, consumer prices (annual %)",annual_year_columns_in_wdi_data_sheet,,2000,14.4767513188566,14.4767513188566,PARSED,WDIEXCEL.xlsx!Data!R221340C45
WDI_2019_09_24,,d771e9fdfe82a6eeac7bcdc0b9840677033b6cbe0e3edf1faa35a7b89ffc4454,IRN,"Iran, Islamic Rep.",FP.CPI.TOTL.ZG,"Inflation, consumer prices (annual %)",annual_year_columns_in_wdi_data_sheet,,2001,11.2742471332117,11.2742471332117,PARSED,WDIEXCEL.xlsx!Data!R221340C46
WDI_2019_09_24,,d771e9fdfe82a6eeac7bcdc0b9840677033b6cbe0e3edf1faa35a7b89ffc4454,IRN,"Iran, Islamic Rep.",FP.CPI.TOTL.ZG,"Inflation, consumer prices (annual %)",annual_year_columns_in_wdi_data_sheet,,2002,14.3359337378404,14.3359337378404,PARSED,WDIEXCEL.xlsx!Data!R221340C47
WDI_2019_09_24,,d771e9fdfe82a6eeac7bcdc0b9840677033b6cbe0e3edf1faa35a7b89ffc4454,IRN,"Iran, Islamic Rep.",FP.CPI.TOTL.ZG,"Inflation, consumer prices (annual %)",annual_year_columns_in_wdi_data_sheet,,2003,16.4680116244792,16.4680116244792,PARSED,WDIEXCEL.xlsx!Data!R221340C48
WDI_2019_09_24,,d771e9fdfe82a6eeac7bcdc0b9840677033b6cbe0e3edf1faa35a7b89ffc4454,IRN,"Iran, Islamic Rep.",FP.CPI.TOTL.ZG,"Inflation, consumer prices (annual %)",annual_year_columns_in_wdi_data_sheet,,2004,14.7615086970672,14.7615086970672,PARSED,WDIEXCEL.xlsx!Data!R221340C49
WDI_2019_09_24,,d771e9fdfe82a6eeac7bcdc0b9840677033b6cbe0e3edf1faa35a7b89ffc4454,IRN,"Iran, Islamic Rep.",FP.CPI.TOTL.ZG,"Inflation, consumer prices (annual %)",annual_year_columns_in_wdi_data_sheet,,2005,13.433118008508,13.433118008508,PARSED,WDIEXCEL.xlsx!Data!R221340C50
WDI_2019_09_24,,d771e9fdfe82a6eeac7bcdc0b9840677033b6cbe0e3edf1faa35a7b89ffc4454,IRN,"Iran, Islamic Rep.",FP.CPI.TOTL.ZG,"Inflation, consumer prices (annual %)",annual_year_columns_in_wdi_data_sheet,,2006,10.0158982511924,10.0158982511924,PARSED,WDIEXCEL.xlsx!Data!R221340C51
WDI_2019_09_24,,d771e9fdfe82a6eeac7bcdc0b9840677033b6cbe0e3edf1faa35a7b89ffc4454,IRN,"Iran, Islamic Rep.",FP.CPI.TOTL.ZG,"Inflation, consumer prices (annual %)",annual_year_columns_in_wdi_data_sheet,,2007,17.3410404624277,17.3410404624277,PARSED,WDIEXCEL.xlsx!Data!R221340C52
WDI_2019_09_24,,d771e9fdfe82a6eeac7bcdc0b9840677033b6cbe0e3edf1faa35a7b89ffc4454,IRN,"Iran, Islamic Rep.",FP.CPI.TOTL.ZG,"Inflation, consumer prices (annual %)",annual_year_columns_in_wdi_data_sheet,,2008,25.4105090311987,25.4105090311987,PARSED,WDIEXCEL.xlsx!Data!R221340C53
WDI_2019_09_24,,d771e9fdfe82a6eeac7bcdc0b9840677033b6cbe0e3edf1faa35a7b89ffc4454,IRN,"Iran, Islamic Rep.",FP.CPI.TOTL.ZG,"Inflation, consumer prices (annual %)",annual_year_columns_in_wdi_data_sheet,,2009,13.5515548281506,13.5515548281506,PARSED,WDIEXCEL.xlsx!Data!R221340C54
WDI_2019_09_24,,d771e9fdfe82a6eeac7bcdc0b9840677033b6cbe0e3edf1faa35a7b89ffc4454,IRN,"Iran, Islamic Rep.",FP.CPI.TOTL.ZG,"Inflation, consumer prices (annual %)",annual_year_columns_in_wdi_data_sheet,,2010,10.089362928798,10.089362928798,PARSED,WDIEXCEL.xlsx!Data!R221340C55
WDI_2019_09_24,,d771e9fdfe82a6eeac7bcdc0b9840677033b6cbe0e3edf1faa35a7b89ffc4454,IRN,"Iran, Islamic Rep.",FP.CPI.TOTL.ZG,"Inflation, consumer prices (annual %)",annual_year_columns_in_wdi_data_sheet,,2011,20.8693375229118,20.8693375229118,PARSED,WDIEXCEL.xlsx!Data!R221340C56
WDI_2019_09_24,,d771e9fdfe82a6eeac7bcdc0b9840677033b6cbe0e3edf1faa35a7b89ffc4454,IRN,"Iran, Islamic Rep.",FP.CPI.TOTL.ZG,"Inflation, consumer prices (annual %)",annual_year_columns_in_wdi_data_sheet,,2012,25.736568457539,25.736568457539,PARSED,WDIEXCEL.xlsx!Data!R221340C57
WDI_2019_09_24,,d771e9fdfe82a6eeac7bcdc0b9840677033b6cbe0e3edf1faa35a7b89ffc4454,IRN,"Iran, Islamic Rep.",FP.CPI.TOTL.ZG,"Inflation, consumer prices (annual %)",annual_year_columns_in_wdi_data_sheet,,2013,39.2660234321157,39.2660234321157,PARSED,WDIEXCEL.xlsx!Data!R221340C58
WDI_2019_09_24,,d771e9fdfe82a6eeac7bcdc0b9840677033b6cbe0e3edf1faa35a7b89ffc4454,IRN,"Iran, Islamic Rep.",FP.CPI.TOTL.ZG,"Inflation, consumer prices (annual %)",annual_year_columns_in_wdi_data_sheet,,2014,17.2213287145862,17.2213287145862,PARSED,WDIEXCEL.xlsx!Data!R221340C59
WDI_2019_09_24,,d771e9fdfe82a6eeac7bcdc0b9840677033b6cbe0e3edf1faa35a7b89ffc4454,IRN,"Iran, Islamic Rep.",FP.CPI.TOTL.ZG,"Inflation, consumer prices (annual %)",annual_year_columns_in_wdi_data_sheet,,2015,13.6992084432717,13.6992084432717,PARSED,WDIEXCEL.xlsx!Data!R221340C60
WDI_2019_09_24,,d771e9fdfe82a6eeac7bcdc0b9840677033b6cbe0e3edf1faa35a7b89ffc4454,IRN,"Iran, Islamic Rep.",FP.CPI.TOTL.ZG,"Inflation, consumer prices (annual %)",annual_year_columns_in_wdi_data_sheet,,2016,8.65125777406479,8.65125777406479,PARSED,WDIEXCEL.xlsx!Data!R221340C61
WDI_2019_09_24,,d771e9fdfe82a6eeac7bcdc0b9840677033b6cbe0e3edf1faa35a7b89ffc4454,IRN,"Iran, Islamic Rep.",FP.CPI.TOTL.ZG,"Inflation, consumer prices (annual %)",annual_year_columns_in_wdi_data_sheet,,2017,9.98718496369076,9.98718496369076,PARSED,WDIEXCEL.xlsx!Data!R221340C62
WDI_2019_09_24,,d771e9fdfe82a6eeac7bcdc0b9840677033b6cbe0e3edf1faa35a7b89ffc4454,IRN,"Iran, Islamic Rep.",FP.CPI.TOTL.ZG,"Inflation, consumer prices (annual %)",annual_year_columns_in_wdi_data_sheet,,2018,,,MISSING,WDIEXCEL.xlsx!Data!R221340C63
WDI_2019_09_24,,d771e9fdfe82a6eeac7bcdc0b9840677033b6cbe0e3edf1faa35a7b89ffc4454,IRN,"Iran, Islamic Rep.",PA.NUS.FCRF,"Official exchange rate (LCU per US$, period average)",annual_year_columns_in_wdi_data_sheet,,1960,75.75000007575,75.75000007575,PARSED,WDIEXCEL.xlsx!Data!R221667C5
WDI_2019_09_24,,d771e9fdfe82a6eeac7bcdc0b9840677033b6cbe0e3edf1faa35a7b89ffc4454,IRN,"Iran, Islamic Rep.",PA.NUS.FCRF,"Official exchange rate (LCU per US$, period average)",annual_year_columns_in_wdi_data_sheet,,1961,75.75000007575,75.75000007575,PARSED,WDIEXCEL.xlsx!Data!R221667C6
WDI_2019_09_24,,d771e9fdfe82a6eeac7bcdc0b9840677033b6cbe0e3edf1faa35a7b89ffc4454,IRN,"Iran, Islamic Rep.",PA.NUS.FCRF,"Official exchange rate (LCU per US$, period average)",annual_year_columns_in_wdi_data_sheet,,1962,75.75000007575,75.75000007575,PARSED,WDIEXCEL.xlsx!Data!R221667C7
WDI_2019_09_24,,d771e9fdfe82a6eeac7bcdc0b9840677033b6cbe0e3edf1faa35a7b89ffc4454,IRN,"Iran, Islamic Rep.",PA.NUS.FCRF,"Official exchange rate (LCU per US$, period average)",annual_year_columns_in_wdi_data_sheet,,1963,75.75000007575,75.75000007575,PARSED,WDIEXCEL.xlsx!Data!R221667C8
WDI_2019_09_24,,d771e9fdfe82a6eeac7bcdc0b9840677033b6cbe0e3edf1faa35a7b89ffc4454,IRN,"Iran, Islamic Rep.",PA.NUS.FCRF,"Official exchange rate (LCU per US$, period average)",annual_year_columns_in_wdi_data_sheet,,1964,75.75000007575,75.75000007575,PARSED,WDIEXCEL.xlsx!Data!R221667C9
WDI_2019_09_24,,d771e9fdfe82a6eeac7bcdc0b9840677033b6cbe0e3edf1faa35a7b89ffc4454,IRN,"Iran, Islamic Rep.",PA.NUS.FCRF,"Official exchange rate (LCU per US$, period average)",annual_year_columns_in_wdi_data_sheet,,1965,75.75000007575,75.75000007575,PARSED,WDIEXCEL.xlsx!Data!R221667C10
WDI_2019_09_24,,d771e9fdfe82a6eeac7bcdc0b9840677033b6cbe0e3edf1faa35a7b89ffc4454,IRN,"Iran, Islamic Rep.",PA.NUS.FCRF,"Official exchange rate (LCU per US$, period average)",annual_year_columns_in_wdi_data_sheet,,1966,75.75000007575,75.75000007575,PARSED,WDIEXCEL.xlsx!Data!R221667C11
WDI_2019_09_24,,d771e9fdfe82a6eeac7bcdc0b9840677033b6cbe0e3edf1faa35a7b89ffc4454,IRN,"Iran, Islamic Rep.",PA.NUS.FCRF,"Official exchange rate (LCU per US$, period average)",annual_year_columns_in_wdi_data_sheet,,1967,75.75000007575,75.75000007575,PARSED,WDIEXCEL.xlsx!Data!R221667C12
WDI_2019_09_24,,d771e9fdfe82a6eeac7bcdc0b9840677033b6cbe0e3edf1faa35a7b89ffc4454,IRN,"Iran, Islamic Rep.",PA.NUS.FCRF,"Official exchange rate (LCU per US$, period average)",annual_year_columns_in_wdi_data_sheet,,1968,75.75000007575,75.75000007575,PARSED,WDIEXCEL.xlsx!Data!R221667C13
WDI_2019_09_24,,d771e9fdfe82a6eeac7bcdc0b9840677033b6cbe0e3edf1faa35a7b89ffc4454,IRN,"Iran, Islamic Rep.",PA.NUS.FCRF,"Official exchange rate (LCU per US$, period average)",annual_year_columns_in_wdi_data_sheet,,1969,75.75000007575,75.75000007575,PARSED,WDIEXCEL.xlsx!Data!R221667C14
WDI_2019_09_24,,d771e9fdfe82a6eeac7bcdc0b9840677033b6cbe0e3edf1faa35a7b89ffc4454,IRN,"Iran, Islamic Rep.",PA.NUS.FCRF,"Official exchange rate (LCU per US$, period average)",annual_year_columns_in_wdi_data_sheet,,1970,75.75000007575,75.75000007575,PARSED,WDIEXCEL.xlsx!Data!R221667C15
WDI_2019_09_24,,d771e9fdfe82a6eeac7bcdc0b9840677033b6cbe0e3edf1faa35a7b89ffc4454,IRN,"Iran, Islamic Rep.",PA.NUS.FCRF,"Official exchange rate (LCU per US$, period average)",annual_year_columns_in_wdi_data_sheet,,1971,75.7500000694375,75.7500000694375,PARSED,WDIEXCEL.xlsx!Data!R221667C16
WDI_2019_09_24,,d771e9fdfe82a6eeac7bcdc0b9840677033b6cbe0e3edf1faa35a7b89ffc4454,IRN,"Iran, Islamic Rep.",PA.NUS.FCRF,"Official exchange rate (LCU per US$, period average)",annual_year_columns_in_wdi_data_sheet,,1972,75.7499701345202,75.7499701345202,PARSED,WDIEXCEL.xlsx!Data!R221667C17
WDI_2019_09_24,,d771e9fdfe82a6eeac7bcdc0b9840677033b6cbe0e3edf1faa35a7b89ffc4454,IRN,"Iran, Islamic Rep.",PA.NUS.FCRF,"Official exchange rate (LCU per US$, period average)",annual_year_columns_in_wdi_data_sheet,,1973,68.8860419482585,68.8860419482585,PARSED,WDIEXCEL.xlsx!Data!R221667C18
WDI_2019_09_24,,d771e9fdfe82a6eeac7bcdc0b9840677033b6cbe0e3edf1faa35a7b89ffc4454,IRN,"Iran, Islamic Rep.",PA.NUS.FCRF,"Official exchange rate (LCU per US$, period average)",annual_year_columns_in_wdi_data_sheet,,1974,67.641342246617,67.641342246617,PARSED,WDIEXCEL.xlsx!Data!R221667C19
WDI_2019_09_24,,d771e9fdfe82a6eeac7bcdc0b9840677033b6cbe0e3edf1faa35a7b89ffc4454,IRN,"Iran, Islamic Rep.",PA.NUS.FCRF,"Official exchange rate (LCU per US$, period average)",annual_year_columns_in_wdi_data_sheet,,1975,67.6549455324406,67.6549455324406,PARSED,WDIEXCEL.xlsx!Data!R221667C20
WDI_2019_09_24,,d771e9fdfe82a6eeac7bcdc0b9840677033b6cbe0e3edf1faa35a7b89ffc4454,IRN,"Iran, Islamic Rep.",PA.NUS.FCRF,"Official exchange rate (LCU per US$, period average)",annual_year_columns_in_wdi_data_sheet,,1976,70.2390698610516,70.2390698610516,PARSED,WDIEXCEL.xlsx!Data!R221667C21
WDI_2019_09_24,,d771e9fdfe82a6eeac7bcdc0b9840677033b6cbe0e3edf1faa35a7b89ffc4454,IRN,"Iran, Islamic Rep.",PA.NUS.FCRF,"Official exchange rate (LCU per US$, period average)",annual_year_columns_in_wdi_data_sheet,,1977,70.6337318788855,70.6337318788855,PARSED,WDIEXCEL.xlsx!Data!R221667C22
WDI_2019_09_24,,d771e9fdfe82a6eeac7bcdc0b9840677033b6cbe0e3edf1faa35a7b89ffc4454,IRN,"Iran, Islamic Rep.",PA.NUS.FCRF,"Official exchange rate (LCU per US$, period average)",annual_year_columns_in_wdi_data_sheet,,1978,70.4920309761581,70.4920309761581,PARSED,WDIEXCEL.xlsx!Data!R221667C23
WDI_2019_09_24,,d771e9fdfe82a6eeac7bcdc0b9840677033b6cbe0e3edf1faa35a7b89ffc4454,IRN,"Iran, Islamic Rep.",PA.NUS.FCRF,"Official exchange rate (LCU per US$, period average)",annual_year_columns_in_wdi_data_sheet,,1979,70.4920309761581,70.4920309761581,PARSED,WDIEXCEL.xlsx!Data!R221667C24
WDI_2019_09_24,,d771e9fdfe82a6eeac7bcdc0b9840677033b6cbe0e3edf1faa35a7b89ffc4454,IRN,"Iran, Islamic Rep.",PA.NUS.FCRF,"Official exchange rate (LCU per US$, period average)",annual_year_columns_in_wdi_data_sheet,,1980,70.631848089676,70.631848089676,PARSED,WDIEXCEL.xlsx!Data!R221667C25
WDI_2019_09_24,,d771e9fdfe82a6eeac7bcdc0b9840677033b6cbe0e3edf1faa35a7b89ffc4454,IRN,"Iran, Islamic Rep.",PA.NUS.FCRF,"Official exchange rate (LCU per US$, period average)",annual_year_columns_in_wdi_data_sheet,,1981,78.3468453777361,78.3468453777361,PARSED,WDIEXCEL.xlsx!Data!R221667C26
WDI_2019_09_24,,d771e9fdfe82a6eeac7bcdc0b9840677033b6cbe0e3edf1faa35a7b89ffc4454,IRN,"Iran, Islamic Rep.",PA.NUS.FCRF,"Official exchange rate (LCU per US$, period average)",annual_year_columns_in_wdi_data_sheet,,1982,83.6226700245569,83.6226700245569,PARSED,WDIEXCEL.xlsx!Data!R221667C27
WDI_2019_09_24,,d771e9fdfe82a6eeac7bcdc0b9840677033b6cbe0e3edf1faa35a7b89ffc4454,IRN,"Iran, Islamic Rep.",PA.NUS.FCRF,"Official exchange rate (LCU per US$, period average)",annual_year_columns_in_wdi_data_sheet,,1983,86.3787358940775,86.3787358940775,PARSED,WDIEXCEL.xlsx!Data!R221667C28
WDI_2019_09_24,,d771e9fdfe82a6eeac7bcdc0b9840677033b6cbe0e3edf1faa35a7b89ffc4454,IRN,"Iran, Islamic Rep.",PA.NUS.FCRF,"Official exchange rate (LCU per US$, period average)",annual_year_columns_in_wdi_data_sheet,,1984,90.0514398915356,90.0514398915356,PARSED,WDIEXCEL.xlsx!Data!R221667C29
WDI_2019_09_24,,d771e9fdfe82a6eeac7bcdc0b9840677033b6cbe0e3edf1faa35a7b89ffc4454,IRN,"Iran, Islamic Rep.",PA.NUS.FCRF,"Official exchange rate (LCU per US$, period average)",annual_year_columns_in_wdi_data_sheet,,1985,91.0735868439752,91.0735868439752,PARSED,WDIEXCEL.xlsx!Data!R221667C30
WDI_2019_09_24,,d771e9fdfe82a6eeac7bcdc0b9840677033b6cbe0e3edf1faa35a7b89ffc4454,IRN,"Iran, Islamic Rep.",PA.NUS.FCRF,"Official exchange rate (LCU per US$, period average)",annual_year_columns_in_wdi_data_sheet,,1986,78.7787830685101,78.7787830685101,PARSED,WDIEXCEL.xlsx!Data!R221667C31
WDI_2019_09_24,,d771e9fdfe82a6eeac7bcdc0b9840677033b6cbe0e3edf1faa35a7b89ffc4454,IRN,"Iran, Islamic Rep.",PA.NUS.FCRF,"Official exchange rate (LCU per US$, period average)",annual_year_columns_in_wdi_data_sheet,,1987,71.4774357190432,71.4774357190432,PARSED,WDIEXCEL.xlsx!Data!R221667C32
WDI_2019_09_24,,d771e9fdfe82a6eeac7bcdc0b9840677033b6cbe0e3edf1faa35a7b89ffc4454,IRN,"Iran, Islamic Rep.",PA.NUS.FCRF,"Official exchange rate (LCU per US$, period average)",annual_year_columns_in_wdi_data_sheet,,1988,68.6997646296701,68.6997646296701,PARSED,WDIEXCEL.xlsx!Data!R221667C33
WDI_2019_09_24,,d771e9fdfe82a6eeac7bcdc0b9840677033b6cbe0e3edf1faa35a7b89ffc4454,IRN,"Iran, Islamic Rep.",PA.NUS.FCRF,"Official exchange rate (LCU per US$, period average)",annual_year_columns_in_wdi_data_sheet,,1989,72.0322364263672,72.0322364263672,PARSED,WDIEXCEL.xlsx!Data!R221667C34
WDI_2019_09_24,,d771e9fdfe82a6eeac7bcdc0b9840677033b6cbe0e3edf1faa35a7b89ffc4454,IRN,"Iran, Islamic Rep.",PA.NUS.FCRF,"Official exchange rate (LCU per US$, period average)",annual_year_columns_in_wdi_data_sheet,,1990,68.1123727149296,68.1123727149296,PARSED,WDIEXCEL.xlsx!Data!R221667C35
WDI_2019_09_24,,d771e9fdfe82a6eeac7bcdc0b9840677033b6cbe0e3edf1faa35a7b89ffc4454,IRN,"Iran, Islamic Rep.",PA.NUS.FCRF,"Official exchange rate (LCU per US$, period average)",annual_year_columns_in_wdi_data_sheet,,1991,67.5217300147946,67.5217300147946,PARSED,WDIEXCEL.xlsx!Data!R221667C36
WDI_2019_09_24,,d771e9fdfe82a6eeac7bcdc0b9840677033b6cbe0e3edf1faa35a7b89ffc4454,IRN,"Iran, Islamic Rep.",PA.NUS.FCRF,"Official exchange rate (LCU per US$, period average)",annual_year_columns_in_wdi_data_sheet,,1992,65.5678412857706,65.5678412857706,PARSED,WDIEXCEL.xlsx!Data!R221667C37
WDI_2019_09_24,,d771e9fdfe82a6eeac7bcdc0b9840677033b6cbe0e3edf1faa35a7b89ffc4454,IRN,"Iran, Islamic Rep.",PA.NUS.FCRF,"Official exchange rate (LCU per US$, period average)",annual_year_columns_in_wdi_data_sheet,,1993,1268.07876133881,1268.07876133881,PARSED,WDIEXCEL.xlsx!Data!R221667C38
WDI_2019_09_24,,d771e9fdfe82a6eeac7bcdc0b9840677033b6cbe0e3edf1faa35a7b89ffc4454,IRN,"Iran, Islamic Rep.",PA.NUS.FCRF,"Official exchange rate (LCU per US$, period average)",annual_year_columns_in_wdi_data_sheet,,1994,1749.17373625079,1749.17373625079,PARSED,WDIEXCEL.xlsx!Data!R221667C39
WDI_2019_09_24,,d771e9fdfe82a6eeac7bcdc0b9840677033b6cbe0e3edf1faa35a7b89ffc4454,IRN,"Iran, Islamic Rep.",PA.NUS.FCRF,"Official exchange rate (LCU per US$, period average)",annual_year_columns_in_wdi_data_sheet,,1995,1748.35024562759,1748.35024562759,PARSED,WDIEXCEL.xlsx!Data!R221667C40
WDI_2019_09_24,,d771e9fdfe82a6eeac7bcdc0b9840677033b6cbe0e3edf1faa35a7b89ffc4454,IRN,"Iran, Islamic Rep.",PA.NUS.FCRF,"Official exchange rate (LCU per US$, period average)",annual_year_columns_in_wdi_data_sheet,,1996,1751.18635583594,1751.18635583594,PARSED,WDIEXCEL.xlsx!Data!R221667C41
WDI_2019_09_24,,d771e9fdfe82a6eeac7bcdc0b9840677033b6cbe0e3edf1faa35a7b89ffc4454,IRN,"Iran, Islamic Rep.",PA.NUS.FCRF,"Official exchange rate (LCU per US$, period average)",annual_year_columns_in_wdi_data_sheet,,1997,1753.34547748286,1753.34547748286,PARSED,WDIEXCEL.xlsx!Data!R221667C42
WDI_2019_09_24,,d771e9fdfe82a6eeac7bcdc0b9840677033b6cbe0e3edf1faa35a7b89ffc4454,IRN,"Iran, Islamic Rep.",PA.NUS.FCRF,"Official exchange rate (LCU per US$, period average)",annual_year_columns_in_wdi_data_sheet,,1998,1752.28599459359,1752.28599459359,PARSED,WDIEXCEL.xlsx!Data!R221667C43
WDI_2019_09_24,,d771e9fdfe82a6eeac7bcdc0b9840677033b6cbe0e3edf1faa35a7b89ffc4454,IRN,"Iran, Islamic Rep.",PA.NUS.FCRF,"Official exchange rate (LCU per US$, period average)",annual_year_columns_in_wdi_data_sheet,,1999,1753.35494977138,1753.35494977138,PARSED,WDIEXCEL.xlsx!Data!R221667C44
WDI_2019_09_24,,d771e9fdfe82a6eeac7bcdc0b9840677033b6cbe0e3edf1faa35a7b89ffc4454,IRN,"Iran, Islamic Rep.",PA.NUS.FCRF,"Official exchange rate (LCU per US$, period average)",annual_year_columns_in_wdi_data_sheet,,2000,1764.85606929191,1764.85606929191,PARSED,WDIEXCEL.xlsx!Data!R221667C45
WDI_2019_09_24,,d771e9fdfe82a6eeac7bcdc0b9840677033b6cbe0e3edf1faa35a7b89ffc4454,IRN,"Iran, Islamic Rep.",PA.NUS.FCRF,"Official exchange rate (LCU per US$, period average)",annual_year_columns_in_wdi_data_sheet,,2001,1753.98568465785,1753.98568465785,PARSED,WDIEXCEL.xlsx!Data!R221667C46
WDI_2019_09_24,,d771e9fdfe82a6eeac7bcdc0b9840677033b6cbe0e3edf1faa35a7b89ffc4454,IRN,"Iran, Islamic Rep.",PA.NUS.FCRF,"Official exchange rate (LCU per US$, period average)",annual_year_columns_in_wdi_data_sheet,,2002,6907.03445561653,6907.03445561653,PARSED,WDIEXCEL.xlsx!Data!R221667C47
WDI_2019_09_24,,d771e9fdfe82a6eeac7bcdc0b9840677033b6cbe0e3edf1faa35a7b89ffc4454,IRN,"Iran, Islamic Rep.",PA.NUS.FCRF,"Official exchange rate (LCU per US$, period average)",annual_year_columns_in_wdi_data_sheet,,2003,8193.88751916667,8193.88751916667,PARSED,WDIEXCEL.xlsx!Data!R221667C48
WDI_2019_09_24,,d771e9fdfe82a6eeac7bcdc0b9840677033b6cbe0e3edf1faa35a7b89ffc4454,IRN,"Iran, Islamic Rep.",PA.NUS.FCRF,"Official exchange rate (LCU per US$, period average)",annual_year_columns_in_wdi_data_sheet,,2004,8613.98942075,8613.98942075,PARSED,WDIEXCEL.xlsx!Data!R221667C49
WDI_2019_09_24,,d771e9fdfe82a6eeac7bcdc0b9840677033b6cbe0e3edf1faa35a7b89ffc4454,IRN,"Iran, Islamic Rep.",PA.NUS.FCRF,"Official exchange rate (LCU per US$, period average)",annual_year_columns_in_wdi_data_sheet,,2005,8963.95890666667,8963.95890666667,PARSED,WDIEXCEL.xlsx!Data!R221667C50
WDI_2019_09_24,,d771e9fdfe82a6eeac7bcdc0b9840677033b6cbe0e3edf1faa35a7b89ffc4454,IRN,"Iran, Islamic Rep.",PA.NUS.FCRF,"Official exchange rate (LCU per US$, period average)",annual_year_columns_in_wdi_data_sheet,,2006,9170.9428775,9170.9428775,PARSED,WDIEXCEL.xlsx!Data!R221667C51
WDI_2019_09_24,,d771e9fdfe82a6eeac7bcdc0b9840677033b6cbe0e3edf1faa35a7b89ffc4454,IRN,"Iran, Islamic Rep.",PA.NUS.FCRF,"Official exchange rate (LCU per US$, period average)",annual_year_columns_in_wdi_data_sheet,,2007,9281.15182833333,9281.15182833333,PARSED,WDIEXCEL.xlsx!Data!R221667C52
WDI_2019_09_24,,d771e9fdfe82a6eeac7bcdc0b9840677033b6cbe0e3edf1faa35a7b89ffc4454,IRN,"Iran, Islamic Rep.",PA.NUS.FCRF,"Official exchange rate (LCU per US$, period average)",annual_year_columns_in_wdi_data_sheet,,2008,9428.52826083333,9428.52826083333,PARSED,WDIEXCEL.xlsx!Data!R221667C53
WDI_2019_09_24,,d771e9fdfe82a6eeac7bcdc0b9840677033b6cbe0e3edf1faa35a7b89ffc4454,IRN,"Iran, Islamic Rep.",PA.NUS.FCRF,"Official exchange rate (LCU per US$, period average)",annual_year_columns_in_wdi_data_sheet,,2009,9864.3024562682,9864.3024562682,PARSED,WDIEXCEL.xlsx!Data!R221667C54
WDI_2019_09_24,,d771e9fdfe82a6eeac7bcdc0b9840677033b6cbe0e3edf1faa35a7b89ffc4454,IRN,"Iran, Islamic Rep.",PA.NUS.FCRF,"Official exchange rate (LCU per US$, period average)",annual_year_columns_in_wdi_data_sheet,,2010,10254.176470289,10254.176470289,PARSED,WDIEXCEL.xlsx!Data!R221667C55
WDI_2019_09_24,,d771e9fdfe82a6eeac7bcdc0b9840677033b6cbe0e3edf1faa35a7b89ffc4454,IRN,"Iran, Islamic Rep.",PA.NUS.FCRF,"Official exchange rate (LCU per US$, period average)",annual_year_columns_in_wdi_data_sheet,,2011,10616.3066439076,10616.3066439076,PARSED,WDIEXCEL.xlsx!Data!R221667C56
WDI_2019_09_24,,d771e9fdfe82a6eeac7bcdc0b9840677033b6cbe0e3edf1faa35a7b89ffc4454,IRN,"Iran, Islamic Rep.",PA.NUS.FCRF,"Official exchange rate (LCU per US$, period average)",annual_year_columns_in_wdi_data_sheet,,2012,12175.5472222222,12175.5472222222,PARSED,WDIEXCEL.xlsx!Data!R221667C57
WDI_2019_09_24,,d771e9fdfe82a6eeac7bcdc0b9840677033b6cbe0e3edf1faa35a7b89ffc4454,IRN,"Iran, Islamic Rep.",PA.NUS.FCRF,"Official exchange rate (LCU per US$, period average)",annual_year_columns_in_wdi_data_sheet,,2013,18414.4480100374,18414.4480100374,PARSED,WDIEXCEL.xlsx!Data!R221667C58
WDI_2019_09_24,,d771e9fdfe82a6eeac7bcdc0b9840677033b6cbe0e3edf1faa35a7b89ffc4454,IRN,"Iran, Islamic Rep.",PA.NUS.FCRF,"Official exchange rate (LCU per US$, period average)",annual_year_columns_in_wdi_data_sheet,,2014,25941.6641445972,25941.6641445972,PARSED,WDIEXCEL.xlsx!Data!R221667C59
WDI_2019_09_24,,d771e9fdfe82a6eeac7bcdc0b9840677033b6cbe0e3edf1faa35a7b89ffc4454,IRN,"Iran, Islamic Rep.",PA.NUS.FCRF,"Official exchange rate (LCU per US$, period average)",annual_year_columns_in_wdi_data_sheet,,2015,29011.491377053,29011.491377053,PARSED,WDIEXCEL.xlsx!Data!R221667C60
WDI_2019_09_24,,d771e9fdfe82a6eeac7bcdc0b9840677033b6cbe0e3edf1faa35a7b89ffc4454,IRN,"Iran, Islamic Rep.",PA.NUS.FCRF,"Official exchange rate (LCU per US$, period average)",annual_year_columns_in_wdi_data_sheet,,2016,30914.8524362967,30914.8524362967,PARSED,WDIEXCEL.xlsx!Data!R221667C61
WDI_2019_09_24,,d771e9fdfe82a6eeac7bcdc0b9840677033b6cbe0e3edf1faa35a7b89ffc4454,IRN,"Iran, Islamic Rep.",PA.NUS.FCRF,"Official exchange rate (LCU per US$, period average)",annual_year_columns_in_wdi_data_sheet,,2017,33226.2981524127,33226.2981524127,PARSED,WDIEXCEL.xlsx!Data!R221667C62
WDI_2019_09_24,,d771e9fdfe82a6eeac7bcdc0b9840677033b6cbe0e3edf1faa35a7b89ffc4454,IRN,"Iran, Islamic Rep.",PA.NUS.FCRF,"Official exchange rate (LCU per US$, period average)",annual_year_columns_in_wdi_data_sheet,,2018,40864.329009777,40864.329009777,PARSED,WDIEXCEL.xlsx!Data!R221667C63
WDI_2019_10_28,,61369fffef6abbae3ba24689bed2268f70c127144d227cf590a92b419f291e65,IRN,"Iran, Islamic Rep.",FP.CPI.TOTL.ZG,"Inflation, consumer prices (annual %)",annual_year_columns_in_wdi_data_sheet,,1960,9.82241081297881,9.82241081297881,PARSED,WDIEXCEL.xlsx!Data!R198107C5
WDI_2019_10_28,,61369fffef6abbae3ba24689bed2268f70c127144d227cf590a92b419f291e65,IRN,"Iran, Islamic Rep.",FP.CPI.TOTL.ZG,"Inflation, consumer prices (annual %)",annual_year_columns_in_wdi_data_sheet,,1961,3.16256439585737,3.16256439585737,PARSED,WDIEXCEL.xlsx!Data!R198107C6
WDI_2019_10_28,,61369fffef6abbae3ba24689bed2268f70c127144d227cf590a92b419f291e65,IRN,"Iran, Islamic Rep.",FP.CPI.TOTL.ZG,"Inflation, consumer prices (annual %)",annual_year_columns_in_wdi_data_sheet,,1962,0.721320571656317,0.721320571656317,PARSED,WDIEXCEL.xlsx!Data!R198107C7
WDI_2019_10_28,,61369fffef6abbae3ba24689bed2268f70c127144d227cf590a92b419f291e65,IRN,"Iran, Islamic Rep.",FP.CPI.TOTL.ZG,"Inflation, consumer prices (annual %)",annual_year_columns_in_wdi_data_sheet,,1963,0.371849607221687,0.371849607221687,PARSED,WDIEXCEL.xlsx!Data!R198107C8
WDI_2019_10_28,,61369fffef6abbae3ba24689bed2268f70c127144d227cf590a92b419f291e65,IRN,"Iran, Islamic Rep.",FP.CPI.TOTL.ZG,"Inflation, consumer prices (annual %)",annual_year_columns_in_wdi_data_sheet,,1964,3.81448957223042,3.81448957223042,PARSED,WDIEXCEL.xlsx!Data!R198107C9
WDI_2019_10_28,,61369fffef6abbae3ba24689bed2268f70c127144d227cf590a92b419f291e65,IRN,"Iran, Islamic Rep.",FP.CPI.TOTL.ZG,"Inflation, consumer prices (annual %)",annual_year_columns_in_wdi_data_sheet,,1965,2.15437483520965,2.15437483520965,PARSED,WDIEXCEL.xlsx!Data!R198107C10
WDI_2019_10_28,,61369fffef6abbae3ba24689bed2268f70c127144d227cf590a92b419f291e65,IRN,"Iran, Islamic Rep.",FP.CPI.TOTL.ZG,"Inflation, consumer prices (annual %)",annual_year_columns_in_wdi_data_sheet,,1966,-0.388148532154467,-0.388148532154467,PARSED,WDIEXCEL.xlsx!Data!R198107C11
WDI_2019_10_28,,61369fffef6abbae3ba24689bed2268f70c127144d227cf590a92b419f291e65,IRN,"Iran, Islamic Rep.",FP.CPI.TOTL.ZG,"Inflation, consumer prices (annual %)",annual_year_columns_in_wdi_data_sheet,,1967,1.59761007964359,1.59761007964359,PARSED,WDIEXCEL.xlsx!Data!R198107C12
WDI_2019_10_28,,61369fffef6abbae3ba24689bed2268f70c127144d227cf590a92b419f291e65,IRN,"Iran, Islamic Rep.",FP.CPI.TOTL.ZG,"Inflation, consumer prices (annual %)",annual_year_columns_in_wdi_data_sheet,,1968,0.690360521996216,0.690360521996216,PARSED,WDIEXCEL.xlsx!Data!R198107C13
WDI_2019_10_28,,61369fffef6abbae3ba24689bed2268f70c127144d227cf590a92b419f291e65,IRN,"Iran, Islamic Rep.",FP.CPI.TOTL.ZG,"Inflation, consumer prices (annual %)",annual_year_columns_in_wdi_data_sheet,,1969,3.59319451551283,3.59319451551283,PARSED,WDIEXCEL.xlsx!Data!R198107C14
WDI_2019_10_28,,61369fffef6abbae3ba24689bed2268f70c127144d227cf590a92b419f291e65,IRN,"Iran, Islamic Rep.",FP.CPI.TOTL.ZG,"Inflation, consumer prices (annual %)",annual_year_columns_in_wdi_data_sheet,,1970,1.66687093970065,1.66687093970065,PARSED,WDIEXCEL.xlsx!Data!R198107C15
WDI_2019_10_28,,61369fffef6abbae3ba24689bed2268f70c127144d227cf590a92b419f291e65,IRN,"Iran, Islamic Rep.",FP.CPI.TOTL.ZG,"Inflation, consumer prices (annual %)",annual_year_columns_in_wdi_data_sheet,,1971,4.19529837265424,4.19529837265424,PARSED,WDIEXCEL.xlsx!Data!R198107C16
WDI_2019_10_28,,61369fffef6abbae3ba24689bed2268f70c127144d227cf590a92b419f291e65,IRN,"Iran, Islamic Rep.",FP.CPI.TOTL.ZG,"Inflation, consumer prices (annual %)",annual_year_columns_in_wdi_data_sheet,,1972,6.39824135128874,6.39824135128874,PARSED,WDIEXCEL.xlsx!Data!R198107C17
WDI_2019_10_28,,61369fffef6abbae3ba24689bed2268f70c127144d227cf590a92b419f291e65,IRN,"Iran, Islamic Rep.",FP.CPI.TOTL.ZG,"Inflation, consumer prices (annual %)",annual_year_columns_in_wdi_data_sheet,,1973,9.8194867331876,9.8194867331876,PARSED,WDIEXCEL.xlsx!Data!R198107C18
WDI_2019_10_28,,61369fffef6abbae3ba24689bed2268f70c127144d227cf590a92b419f291e65,IRN,"Iran, Islamic Rep.",FP.CPI.TOTL.ZG,"Inflation, consumer prices (annual %)",annual_year_columns_in_wdi_data_sheet,,1974,14.2489355382568,14.2489355382568,PARSED,WDIEXCEL.xlsx!Data!R198107C19
WDI_2019_10_28,,61369fffef6abbae3ba24689bed2268f70c127144d227cf590a92b419f291e65,IRN,"Iran, Islamic Rep.",FP.CPI.TOTL.ZG,"Inflation, consumer prices (annual %)",annual_year_columns_in_wdi_data_sheet,,1975,12.879181833834,12.879181833834,PARSED,WDIEXCEL.xlsx!Data!R198107C20
WDI_2019_10_28,,61369fffef6abbae3ba24689bed2268f70c127144d227cf590a92b419f291e65,IRN,"Iran, Islamic Rep.",FP.CPI.TOTL.ZG,"Inflation, consumer prices (annual %)",annual_year_columns_in_wdi_data_sheet,,1976,11.2561425062112,11.2561425062112,PARSED,WDIEXCEL.xlsx!Data!R198107C21
WDI_2019_10_28,,61369fffef6abbae3ba24689bed2268f70c127144d227cf590a92b419f291e65,IRN,"Iran, Islamic Rep.",FP.CPI.TOTL.ZG,"Inflation, consumer prices (annual %)",annual_year_columns_in_wdi_data_sheet,,1977,27.2877846793093,27.2877846793093,PARSED,WDIEXCEL.xlsx!Data!R198107C22
WDI_2019_10_28,,61369fffef6abbae3ba24689bed2268f70c127144d227cf590a92b419f291e65,IRN,"Iran, Islamic Rep.",FP.CPI.TOTL.ZG,"Inflation, consumer prices (annual %)",annual_year_columns_in_wdi_data_sheet,,1978,11.7219692041212,11.7219692041212,PARSED,WDIEXCEL.xlsx!Data!R198107C23
WDI_2019_10_28,,61369fffef6abbae3ba24689bed2268f70c127144d227cf590a92b419f291e65,IRN,"Iran, Islamic Rep.",FP.CPI.TOTL.ZG,"Inflation, consumer prices (annual %)",annual_year_columns_in_wdi_data_sheet,,1979,10.4872367273486,10.4872367273486,PARSED,WDIEXCEL.xlsx!Data!R198107C24
WDI_2019_10_28,,61369fffef6abbae3ba24689bed2268f70c127144d227cf590a92b419f291e65,IRN,"Iran, Islamic Rep.",FP.CPI.TOTL.ZG,"Inflation, consumer prices (annual %)",annual_year_columns_in_wdi_data_sheet,,1980,20.6439144373797,20.6439144373797,PARSED,WDIEXCEL.xlsx!Data!R198107C25
WDI_2019_10_28,,61369fffef6abbae3ba24689bed2268f70c127144d227cf590a92b419f291e65,IRN,"Iran, Islamic Rep.",FP.CPI.TOTL.ZG,"Inflation, consumer prices (annual %)",annual_year_columns_in_wdi_data_sheet,,1981,24.2035897624486,24.2035897624486,PARSED,WDIEXCEL.xlsx!Data!R198107C26
WDI_2019_10_28,,61369fffef6abbae3ba24689bed2268f70c127144d227cf590a92b419f291e65,IRN,"Iran, Islamic Rep.",FP.CPI.TOTL.ZG,"Inflation, consumer prices (annual %)",annual_year_columns_in_wdi_data_sheet,,1982,18.6897259269564,18.6897259269564,PARSED,WDIEXCEL.xlsx!Data!R198107C27
WDI_2019_10_28,,61369fffef6abbae3ba24689bed2268f70c127144d227cf590a92b419f291e65,IRN,"Iran, Islamic Rep.",FP.CPI.TOTL.ZG,"Inflation, consumer prices (annual %)",annual_year_columns_in_wdi_data_sheet,,1983,19.7401891778611,19.7401891778611,PARSED,WDIEXCEL.xlsx!Data!R198107C28
WDI_2019_10_28,,61369fffef6abbae3ba24689bed2268f70c127144d227cf590a92b419f291e65,IRN,"Iran, Islamic Rep.",FP.CPI.TOTL.ZG,"Inflation, consumer prices (annual %)",annual_year_columns_in_wdi_data_sheet,,1984,12.5402194538869,12.5402194538869,PARSED,WDIEXCEL.xlsx!Data!R198107C29
WDI_2019_10_28,,61369fffef6abbae3ba24689bed2268f70c127144d227cf590a92b419f291e65,IRN,"Iran, Islamic Rep.",FP.CPI.TOTL.ZG,"Inflation, consumer prices (annual %)",annual_year_columns_in_wdi_data_sheet,,1985,4.38934095741537,4.38934095741537,PARSED,WDIEXCEL.xlsx!Data!R198107C30
WDI_2019_10_28,,61369fffef6abbae3ba24689bed2268f70c127144d227cf590a92b419f291e65,IRN,"Iran, Islamic Rep.",FP.CPI.TOTL.ZG,"Inflation, consumer prices (annual %)",annual_year_columns_in_wdi_data_sheet,,1986,18.4290030211474,18.4290030211474,PARSED,WDIEXCEL.xlsx!Data!R198107C31
WDI_2019_10_28,,61369fffef6abbae3ba24689bed2268f70c127144d227cf590a92b419f291e65,IRN,"Iran, Islamic Rep.",FP.CPI.TOTL.ZG,"Inflation, consumer prices (annual %)",annual_year_columns_in_wdi_data_sheet,,1987,28.5714285714291,28.5714285714291,PARSED,WDIEXCEL.xlsx!Data!R198107C32
WDI_2019_10_28,,61369fffef6abbae3ba24689bed2268f70c127144d227cf590a92b419f291e65,IRN,"Iran, Islamic Rep.",FP.CPI.TOTL.ZG,"Inflation, consumer prices (annual %)",annual_year_columns_in_wdi_data_sheet,,1988,28.6706349206345,28.6706349206345,PARSED,WDIEXCEL.xlsx!Data!R198107C33
WDI_2019_10_28,,61369fffef6abbae3ba24689bed2268f70c127144d227cf590a92b419f291e65,IRN,"Iran, Islamic Rep.",FP.CPI.TOTL.ZG,"Inflation, consumer prices (annual %)",annual_year_columns_in_wdi_data_sheet,,1989,22.3496530454897,22.3496530454897,PARSED,WDIEXCEL.xlsx!Data!R198107C34
WDI_2019_10_28,,61369fffef6abbae3ba24689bed2268f70c127144d227cf590a92b419f291e65,IRN,"Iran, Islamic Rep.",FP.CPI.TOTL.ZG,"Inflation, consumer prices (annual %)",annual_year_columns_in_wdi_data_sheet,,1990,7.62767493763936,7.62767493763936,PARSED,WDIEXCEL.xlsx!Data!R198107C35
WDI_2019_10_28,,61369fffef6abbae3ba24689bed2268f70c127144d227cf590a92b419f291e65,IRN,"Iran, Islamic Rep.",FP.CPI.TOTL.ZG,"Inflation, consumer prices (annual %)",annual_year_columns_in_wdi_data_sheet,,1991,17.1285679434011,17.1285679434011,PARSED,WDIEXCEL.xlsx!Data!R198107C36
WDI_2019_10_28,,61369fffef6abbae3ba24689bed2268f70c127144d227cf590a92b419f291e65,IRN,"Iran, Islamic Rep.",FP.CPI.TOTL.ZG,"Inflation, consumer prices (annual %)",annual_year_columns_in_wdi_data_sheet,,1992,25.8077226162332,25.8077226162332,PARSED,WDIEXCEL.xlsx!Data!R198107C37
WDI_2019_10_28,,61369fffef6abbae3ba24689bed2268f70c127144d227cf590a92b419f291e65,IRN,"Iran, Islamic Rep.",FP.CPI.TOTL.ZG,"Inflation, consumer prices (annual %)",annual_year_columns_in_wdi_data_sheet,,1993,21.2026307547761,21.2026307547761,PARSED,WDIEXCEL.xlsx!Data!R198107C38
WDI_2019_10_28,,61369fffef6abbae3ba24689bed2268f70c127144d227cf590a92b419f291e65,IRN,"Iran, Islamic Rep.",FP.CPI.TOTL.ZG,"Inflation, consumer prices (annual %)",annual_year_columns_in_wdi_data_sheet,,1994,31.4470284237728,31.4470284237728,PARSED,WDIEXCEL.xlsx!Data!R198107C39
WDI_2019_10_28,,61369fffef6abbae3ba24689bed2268f70c127144d227cf590a92b419f291e65,IRN,"Iran, Islamic Rep.",FP.CPI.TOTL.ZG,"Inflation, consumer prices (annual %)",annual_year_columns_in_wdi_data_sheet,,1995,49.6559858462747,49.6559858462747,PARSED,WDIEXCEL.xlsx!Data!R198107C40
WDI_2019_10_28,,61369fffef6abbae3ba24689bed2268f70c127144d227cf590a92b419f291e65,IRN,"Iran, Islamic Rep.",FP.CPI.TOTL.ZG,"Inflation, consumer prices (annual %)",annual_year_columns_in_wdi_data_sheet,,1996,28.9373440168136,28.9373440168136,PARSED,WDIEXCEL.xlsx!Data!R198107C41
WDI_2019_10_28,,61369fffef6abbae3ba24689bed2268f70c127144d227cf590a92b419f291e65,IRN,"Iran, Islamic Rep.",FP.CPI.TOTL.ZG,"Inflation, consumer prices (annual %)",annual_year_columns_in_wdi_data_sheet,,1997,17.3492257538708,17.3492257538708,PARSED,WDIEXCEL.xlsx!Data!R198107C42
WDI_2019_10_28,,61369fffef6abbae3ba24689bed2268f70c127144d227cf590a92b419f291e65,IRN,"Iran, Islamic Rep.",FP.CPI.TOTL.ZG,"Inflation, consumer prices (annual %)",annual_year_columns_in_wdi_data_sheet,,1998,17.8661342130397,17.8661342130397,PARSED,WDIEXCEL.xlsx!Data!R198107C43
WDI_2019_10_28,,61369fffef6abbae3ba24689bed2268f70c127144d227cf590a92b419f291e65,IRN,"Iran, Islamic Rep.",FP.CPI.TOTL.ZG,"Inflation, consumer prices (annual %)",annual_year_columns_in_wdi_data_sheet,,1999,20.0707078146866,20.0707078146866,PARSED,WDIEXCEL.xlsx!Data!R198107C44
WDI_2019_10_28,,61369fffef6abbae3ba24689bed2268f70c127144d227cf590a92b419f291e65,IRN,"Iran, Islamic Rep.",FP.CPI.TOTL.ZG,"Inflation, consumer prices (annual %)",annual_year_columns_in_wdi_data_sheet,,2000,14.4767513188566,14.4767513188566,PARSED,WDIEXCEL.xlsx!Data!R198107C45
WDI_2019_10_28,,61369fffef6abbae3ba24689bed2268f70c127144d227cf590a92b419f291e65,IRN,"Iran, Islamic Rep.",FP.CPI.TOTL.ZG,"Inflation, consumer prices (annual %)",annual_year_columns_in_wdi_data_sheet,,2001,11.2742471332117,11.2742471332117,PARSED,WDIEXCEL.xlsx!Data!R198107C46
WDI_2019_10_28,,61369fffef6abbae3ba24689bed2268f70c127144d227cf590a92b419f291e65,IRN,"Iran, Islamic Rep.",FP.CPI.TOTL.ZG,"Inflation, consumer prices (annual %)",annual_year_columns_in_wdi_data_sheet,,2002,14.3359337378404,14.3359337378404,PARSED,WDIEXCEL.xlsx!Data!R198107C47
WDI_2019_10_28,,61369fffef6abbae3ba24689bed2268f70c127144d227cf590a92b419f291e65,IRN,"Iran, Islamic Rep.",FP.CPI.TOTL.ZG,"Inflation, consumer prices (annual %)",annual_year_columns_in_wdi_data_sheet,,2003,16.4680116244792,16.4680116244792,PARSED,WDIEXCEL.xlsx!Data!R198107C48
WDI_2019_10_28,,61369fffef6abbae3ba24689bed2268f70c127144d227cf590a92b419f291e65,IRN,"Iran, Islamic Rep.",FP.CPI.TOTL.ZG,"Inflation, consumer prices (annual %)",annual_year_columns_in_wdi_data_sheet,,2004,14.7615086970672,14.7615086970672,PARSED,WDIEXCEL.xlsx!Data!R198107C49
WDI_2019_10_28,,61369fffef6abbae3ba24689bed2268f70c127144d227cf590a92b419f291e65,IRN,"Iran, Islamic Rep.",FP.CPI.TOTL.ZG,"Inflation, consumer prices (annual %)",annual_year_columns_in_wdi_data_sheet,,2005,13.433118008508,13.433118008508,PARSED,WDIEXCEL.xlsx!Data!R198107C50
WDI_2019_10_28,,61369fffef6abbae3ba24689bed2268f70c127144d227cf590a92b419f291e65,IRN,"Iran, Islamic Rep.",FP.CPI.TOTL.ZG,"Inflation, consumer prices (annual %)",annual_year_columns_in_wdi_data_sheet,,2006,10.0158982511924,10.0158982511924,PARSED,WDIEXCEL.xlsx!Data!R198107C51
WDI_2019_10_28,,61369fffef6abbae3ba24689bed2268f70c127144d227cf590a92b419f291e65,IRN,"Iran, Islamic Rep.",FP.CPI.TOTL.ZG,"Inflation, consumer prices (annual %)",annual_year_columns_in_wdi_data_sheet,,2007,17.3410404624277,17.3410404624277,PARSED,WDIEXCEL.xlsx!Data!R198107C52
WDI_2019_10_28,,61369fffef6abbae3ba24689bed2268f70c127144d227cf590a92b419f291e65,IRN,"Iran, Islamic Rep.",FP.CPI.TOTL.ZG,"Inflation, consumer prices (annual %)",annual_year_columns_in_wdi_data_sheet,,2008,25.4105090311987,25.4105090311987,PARSED,WDIEXCEL.xlsx!Data!R198107C53
WDI_2019_10_28,,61369fffef6abbae3ba24689bed2268f70c127144d227cf590a92b419f291e65,IRN,"Iran, Islamic Rep.",FP.CPI.TOTL.ZG,"Inflation, consumer prices (annual %)",annual_year_columns_in_wdi_data_sheet,,2009,13.5515548281506,13.5515548281506,PARSED,WDIEXCEL.xlsx!Data!R198107C54
WDI_2019_10_28,,61369fffef6abbae3ba24689bed2268f70c127144d227cf590a92b419f291e65,IRN,"Iran, Islamic Rep.",FP.CPI.TOTL.ZG,"Inflation, consumer prices (annual %)",annual_year_columns_in_wdi_data_sheet,,2010,10.089362928798,10.089362928798,PARSED,WDIEXCEL.xlsx!Data!R198107C55
WDI_2019_10_28,,61369fffef6abbae3ba24689bed2268f70c127144d227cf590a92b419f291e65,IRN,"Iran, Islamic Rep.",FP.CPI.TOTL.ZG,"Inflation, consumer prices (annual %)",annual_year_columns_in_wdi_data_sheet,,2011,20.8693375229118,20.8693375229118,PARSED,WDIEXCEL.xlsx!Data!R198107C56
WDI_2019_10_28,,61369fffef6abbae3ba24689bed2268f70c127144d227cf590a92b419f291e65,IRN,"Iran, Islamic Rep.",FP.CPI.TOTL.ZG,"Inflation, consumer prices (annual %)",annual_year_columns_in_wdi_data_sheet,,2012,25.736568457539,25.736568457539,PARSED,WDIEXCEL.xlsx!Data!R198107C57
WDI_2019_10_28,,61369fffef6abbae3ba24689bed2268f70c127144d227cf590a92b419f291e65,IRN,"Iran, Islamic Rep.",FP.CPI.TOTL.ZG,"Inflation, consumer prices (annual %)",annual_year_columns_in_wdi_data_sheet,,2013,39.2660234321157,39.2660234321157,PARSED,WDIEXCEL.xlsx!Data!R198107C58
WDI_2019_10_28,,61369fffef6abbae3ba24689bed2268f70c127144d227cf590a92b419f291e65,IRN,"Iran, Islamic Rep.",FP.CPI.TOTL.ZG,"Inflation, consumer prices (annual %)",annual_year_columns_in_wdi_data_sheet,,2014,17.2213287145862,17.2213287145862,PARSED,WDIEXCEL.xlsx!Data!R198107C59
WDI_2019_10_28,,61369fffef6abbae3ba24689bed2268f70c127144d227cf590a92b419f291e65,IRN,"Iran, Islamic Rep.",FP.CPI.TOTL.ZG,"Inflation, consumer prices (annual %)",annual_year_columns_in_wdi_data_sheet,,2015,13.6992084432717,13.6992084432717,PARSED,WDIEXCEL.xlsx!Data!R198107C60
WDI_2019_10_28,,61369fffef6abbae3ba24689bed2268f70c127144d227cf590a92b419f291e65,IRN,"Iran, Islamic Rep.",FP.CPI.TOTL.ZG,"Inflation, consumer prices (annual %)",annual_year_columns_in_wdi_data_sheet,,2016,8.65125777406479,8.65125777406479,PARSED,WDIEXCEL.xlsx!Data!R198107C61
WDI_2019_10_28,,61369fffef6abbae3ba24689bed2268f70c127144d227cf590a92b419f291e65,IRN,"Iran, Islamic Rep.",FP.CPI.TOTL.ZG,"Inflation, consumer prices (annual %)",annual_year_columns_in_wdi_data_sheet,,2017,9.98718496369076,9.98718496369076,PARSED,WDIEXCEL.xlsx!Data!R198107C62
WDI_2019_10_28,,61369fffef6abbae3ba24689bed2268f70c127144d227cf590a92b419f291e65,IRN,"Iran, Islamic Rep.",FP.CPI.TOTL.ZG,"Inflation, consumer prices (annual %)",annual_year_columns_in_wdi_data_sheet,,2018,,,MISSING,WDIEXCEL.xlsx!Data!R198107C63
WDI_2019_10_28,,61369fffef6abbae3ba24689bed2268f70c127144d227cf590a92b419f291e65,IRN,"Iran, Islamic Rep.",FP.CPI.TOTL.ZG,"Inflation, consumer prices (annual %)",annual_year_columns_in_wdi_data_sheet,,2019,,,MISSING,WDIEXCEL.xlsx!Data!R198107C64
WDI_2019_10_28,,61369fffef6abbae3ba24689bed2268f70c127144d227cf590a92b419f291e65,IRN,"Iran, Islamic Rep.",PA.NUS.FCRF,"Official exchange rate (LCU per US$, period average)",annual_year_columns_in_wdi_data_sheet,,1960,75.75000007575,75.75000007575,PARSED,WDIEXCEL.xlsx!Data!R198410C5
WDI_2019_10_28,,61369fffef6abbae3ba24689bed2268f70c127144d227cf590a92b419f291e65,IRN,"Iran, Islamic Rep.",PA.NUS.FCRF,"Official exchange rate (LCU per US$, period average)",annual_year_columns_in_wdi_data_sheet,,1961,75.75000007575,75.75000007575,PARSED,WDIEXCEL.xlsx!Data!R198410C6
WDI_2019_10_28,,61369fffef6abbae3ba24689bed2268f70c127144d227cf590a92b419f291e65,IRN,"Iran, Islamic Rep.",PA.NUS.FCRF,"Official exchange rate (LCU per US$, period average)",annual_year_columns_in_wdi_data_sheet,,1962,75.75000007575,75.75000007575,PARSED,WDIEXCEL.xlsx!Data!R198410C7
WDI_2019_10_28,,61369fffef6abbae3ba24689bed2268f70c127144d227cf590a92b419f291e65,IRN,"Iran, Islamic Rep.",PA.NUS.FCRF,"Official exchange rate (LCU per US$, period average)",annual_year_columns_in_wdi_data_sheet,,1963,75.75000007575,75.75000007575,PARSED,WDIEXCEL.xlsx!Data!R198410C8
WDI_2019_10_28,,61369fffef6abbae3ba24689bed2268f70c127144d227cf590a92b419f291e65,IRN,"Iran, Islamic Rep.",PA.NUS.FCRF,"Official exchange rate (LCU per US$, period average)",annual_year_columns_in_wdi_data_sheet,,1964,75.75000007575,75.75000007575,PARSED,WDIEXCEL.xlsx!Data!R198410C9
WDI_2019_10_28,,61369fffef6abbae3ba24689bed2268f70c127144d227cf590a92b419f291e65,IRN,"Iran, Islamic Rep.",PA.NUS.FCRF,"Official exchange rate (LCU per US$, period average)",annual_year_columns_in_wdi_data_sheet,,1965,75.75000007575,75.75000007575,PARSED,WDIEXCEL.xlsx!Data!R198410C10
WDI_2019_10_28,,61369fffef6abbae3ba24689bed2268f70c127144d227cf590a92b419f291e65,IRN,"Iran, Islamic Rep.",PA.NUS.FCRF,"Official exchange rate (LCU per US$, period average)",annual_year_columns_in_wdi_data_sheet,,1966,75.75000007575,75.75000007575,PARSED,WDIEXCEL.xlsx!Data!R198410C11
WDI_2019_10_28,,61369fffef6abbae3ba24689bed2268f70c127144d227cf590a92b419f291e65,IRN,"Iran, Islamic Rep.",PA.NUS.FCRF,"Official exchange rate (LCU per US$, period average)",annual_year_columns_in_wdi_data_sheet,,1967,75.75000007575,75.75000007575,PARSED,WDIEXCEL.xlsx!Data!R198410C12
WDI_2019_10_28,,61369fffef6abbae3ba24689bed2268f70c127144d227cf590a92b419f291e65,IRN,"Iran, Islamic Rep.",PA.NUS.FCRF,"Official exchange rate (LCU per US$, period average)",annual_year_columns_in_wdi_data_sheet,,1968,75.75000007575,75.75000007575,PARSED,WDIEXCEL.xlsx!Data!R198410C13
WDI_2019_10_28,,61369fffef6abbae3ba24689bed2268f70c127144d227cf590a92b419f291e65,IRN,"Iran, Islamic Rep.",PA.NUS.FCRF,"Official exchange rate (LCU per US$, period average)",annual_year_columns_in_wdi_data_sheet,,1969,75.75000007575,75.75000007575,PARSED,WDIEXCEL.xlsx!Data!R198410C14
WDI_2019_10_28,,61369fffef6abbae3ba24689bed2268f70c127144d227cf590a92b419f291e65,IRN,"Iran, Islamic Rep.",PA.NUS.FCRF,"Official exchange rate (LCU per US$, period average)",annual_year_columns_in_wdi_data_sheet,,1970,75.75000007575,75.75000007575,PARSED,WDIEXCEL.xlsx!Data!R198410C15
WDI_2019_10_28,,61369fffef6abbae3ba24689bed2268f70c127144d227cf590a92b419f291e65,IRN,"Iran, Islamic Rep.",PA.NUS.FCRF,"Official exchange rate (LCU per US$, period average)",annual_year_columns_in_wdi_data_sheet,,1971,75.7500000694375,75.7500000694375,PARSED,WDIEXCEL.xlsx!Data!R198410C16
WDI_2019_10_28,,61369fffef6abbae3ba24689bed2268f70c127144d227cf590a92b419f291e65,IRN,"Iran, Islamic Rep.",PA.NUS.FCRF,"Official exchange rate (LCU per US$, period average)",annual_year_columns_in_wdi_data_sheet,,1972,75.7499701345202,75.7499701345202,PARSED,WDIEXCEL.xlsx!Data!R198410C17
WDI_2019_10_28,,61369fffef6abbae3ba24689bed2268f70c127144d227cf590a92b419f291e65,IRN,"Iran, Islamic Rep.",PA.NUS.FCRF,"Official exchange rate (LCU per US$, period average)",annual_year_columns_in_wdi_data_sheet,,1973,68.8860419482585,68.8860419482585,PARSED,WDIEXCEL.xlsx!Data!R198410C18
WDI_2019_10_28,,61369fffef6abbae3ba24689bed2268f70c127144d227cf590a92b419f291e65,IRN,"Iran, Islamic Rep.",PA.NUS.FCRF,"Official exchange rate (LCU per US$, period average)",annual_year_columns_in_wdi_data_sheet,,1974,67.641342246617,67.641342246617,PARSED,WDIEXCEL.xlsx!Data!R198410C19
WDI_2019_10_28,,61369fffef6abbae3ba24689bed2268f70c127144d227cf590a92b419f291e65,IRN,"Iran, Islamic Rep.",PA.NUS.FCRF,"Official exchange rate (LCU per US$, period average)",annual_year_columns_in_wdi_data_sheet,,1975,67.6549455324406,67.6549455324406,PARSED,WDIEXCEL.xlsx!Data!R198410C20
WDI_2019_10_28,,61369fffef6abbae3ba24689bed2268f70c127144d227cf590a92b419f291e65,IRN,"Iran, Islamic Rep.",PA.NUS.FCRF,"Official exchange rate (LCU per US$, period average)",annual_year_columns_in_wdi_data_sheet,,1976,70.2390698610516,70.2390698610516,PARSED,WDIEXCEL.xlsx!Data!R198410C21
WDI_2019_10_28,,61369fffef6abbae3ba24689bed2268f70c127144d227cf590a92b419f291e65,IRN,"Iran, Islamic Rep.",PA.NUS.FCRF,"Official exchange rate (LCU per US$, period average)",annual_year_columns_in_wdi_data_sheet,,1977,70.6337318788855,70.6337318788855,PARSED,WDIEXCEL.xlsx!Data!R198410C22
WDI_2019_10_28,,61369fffef6abbae3ba24689bed2268f70c127144d227cf590a92b419f291e65,IRN,"Iran, Islamic Rep.",PA.NUS.FCRF,"Official exchange rate (LCU per US$, period average)",annual_year_columns_in_wdi_data_sheet,,1978,70.4920309761581,70.4920309761581,PARSED,WDIEXCEL.xlsx!Data!R198410C23
WDI_2019_10_28,,61369fffef6abbae3ba24689bed2268f70c127144d227cf590a92b419f291e65,IRN,"Iran, Islamic Rep.",PA.NUS.FCRF,"Official exchange rate (LCU per US$, period average)",annual_year_columns_in_wdi_data_sheet,,1979,70.4920309761581,70.4920309761581,PARSED,WDIEXCEL.xlsx!Data!R198410C24
WDI_2019_10_28,,61369fffef6abbae3ba24689bed2268f70c127144d227cf590a92b419f291e65,IRN,"Iran, Islamic Rep.",PA.NUS.FCRF,"Official exchange rate (LCU per US$, period average)",annual_year_columns_in_wdi_data_sheet,,1980,70.631848089676,70.631848089676,PARSED,WDIEXCEL.xlsx!Data!R198410C25
WDI_2019_10_28,,61369fffef6abbae3ba24689bed2268f70c127144d227cf590a92b419f291e65,IRN,"Iran, Islamic Rep.",PA.NUS.FCRF,"Official exchange rate (LCU per US$, period average)",annual_year_columns_in_wdi_data_sheet,,1981,78.3468453777361,78.3468453777361,PARSED,WDIEXCEL.xlsx!Data!R198410C26
WDI_2019_10_28,,61369fffef6abbae3ba24689bed2268f70c127144d227cf590a92b419f291e65,IRN,"Iran, Islamic Rep.",PA.NUS.FCRF,"Official exchange rate (LCU per US$, period average)",annual_year_columns_in_wdi_data_sheet,,1982,83.6226700245569,83.6226700245569,PARSED,WDIEXCEL.xlsx!Data!R198410C27
WDI_2019_10_28,,61369fffef6abbae3ba24689bed2268f70c127144d227cf590a92b419f291e65,IRN,"Iran, Islamic Rep.",PA.NUS.FCRF,"Official exchange rate (LCU per US$, period average)",annual_year_columns_in_wdi_data_sheet,,1983,86.3787358940775,86.3787358940775,PARSED,WDIEXCEL.xlsx!Data!R198410C28
WDI_2019_10_28,,61369fffef6abbae3ba24689bed2268f70c127144d227cf590a92b419f291e65,IRN,"Iran, Islamic Rep.",PA.NUS.FCRF,"Official exchange rate (LCU per US$, period average)",annual_year_columns_in_wdi_data_sheet,,1984,90.0514398915356,90.0514398915356,PARSED,WDIEXCEL.xlsx!Data!R198410C29
WDI_2019_10_28,,61369fffef6abbae3ba24689bed2268f70c127144d227cf590a92b419f291e65,IRN,"Iran, Islamic Rep.",PA.NUS.FCRF,"Official exchange rate (LCU per US$, period average)",annual_year_columns_in_wdi_data_sheet,,1985,91.0735868439752,91.0735868439752,PARSED,WDIEXCEL.xlsx!Data!R198410C30
WDI_2019_10_28,,61369fffef6abbae3ba24689bed2268f70c127144d227cf590a92b419f291e65,IRN,"Iran, Islamic Rep.",PA.NUS.FCRF,"Official exchange rate (LCU per US$, period average)",annual_year_columns_in_wdi_data_sheet,,1986,78.7787830685101,78.7787830685101,PARSED,WDIEXCEL.xlsx!Data!R198410C31
WDI_2019_10_28,,61369fffef6abbae3ba24689bed2268f70c127144d227cf590a92b419f291e65,IRN,"Iran, Islamic Rep.",PA.NUS.FCRF,"Official exchange rate (LCU per US$, period average)",annual_year_columns_in_wdi_data_sheet,,1987,71.4774357190432,71.4774357190432,PARSED,WDIEXCEL.xlsx!Data!R198410C32
WDI_2019_10_28,,61369fffef6abbae3ba24689bed2268f70c127144d227cf590a92b419f291e65,IRN,"Iran, Islamic Rep.",PA.NUS.FCRF,"Official exchange rate (LCU per US$, period average)",annual_year_columns_in_wdi_data_sheet,,1988,68.6997646296701,68.6997646296701,PARSED,WDIEXCEL.xlsx!Data!R198410C33
WDI_2019_10_28,,61369fffef6abbae3ba24689bed2268f70c127144d227cf590a92b419f291e65,IRN,"Iran, Islamic Rep.",PA.NUS.FCRF,"Official exchange rate (LCU per US$, period average)",annual_year_columns_in_wdi_data_sheet,,1989,72.0322364263672,72.0322364263672,PARSED,WDIEXCEL.xlsx!Data!R198410C34
WDI_2019_10_28,,61369fffef6abbae3ba24689bed2268f70c127144d227cf590a92b419f291e65,IRN,"Iran, Islamic Rep.",PA.NUS.FCRF,"Official exchange rate (LCU per US$, period average)",annual_year_columns_in_wdi_data_sheet,,1990,68.1123727149296,68.1123727149296,PARSED,WDIEXCEL.xlsx!Data!R198410C35
WDI_2019_10_28,,61369fffef6abbae3ba24689bed2268f70c127144d227cf590a92b419f291e65,IRN,"Iran, Islamic Rep.",PA.NUS.FCRF,"Official exchange rate (LCU per US$, period average)",annual_year_columns_in_wdi_data_sheet,,1991,67.5217300147946,67.5217300147946,PARSED,WDIEXCEL.xlsx!Data!R198410C36
WDI_2019_10_28,,61369fffef6abbae3ba24689bed2268f70c127144d227cf590a92b419f291e65,IRN,"Iran, Islamic Rep.",PA.NUS.FCRF,"Official exchange rate (LCU per US$, period average)",annual_year_columns_in_wdi_data_sheet,,1992,65.5678412857706,65.5678412857706,PARSED,WDIEXCEL.xlsx!Data!R198410C37
WDI_2019_10_28,,61369fffef6abbae3ba24689bed2268f70c127144d227cf590a92b419f291e65,IRN,"Iran, Islamic Rep.",PA.NUS.FCRF,"Official exchange rate (LCU per US$, period average)",annual_year_columns_in_wdi_data_sheet,,1993,1268.07876133881,1268.07876133881,PARSED,WDIEXCEL.xlsx!Data!R198410C38
WDI_2019_10_28,,61369fffef6abbae3ba24689bed2268f70c127144d227cf590a92b419f291e65,IRN,"Iran, Islamic Rep.",PA.NUS.FCRF,"Official exchange rate (LCU per US$, period average)",annual_year_columns_in_wdi_data_sheet,,1994,1749.17373625079,1749.17373625079,PARSED,WDIEXCEL.xlsx!Data!R198410C39
WDI_2019_10_28,,61369fffef6abbae3ba24689bed2268f70c127144d227cf590a92b419f291e65,IRN,"Iran, Islamic Rep.",PA.NUS.FCRF,"Official exchange rate (LCU per US$, period average)",annual_year_columns_in_wdi_data_sheet,,1995,1748.35024562759,1748.35024562759,PARSED,WDIEXCEL.xlsx!Data!R198410C40
WDI_2019_10_28,,61369fffef6abbae3ba24689bed2268f70c127144d227cf590a92b419f291e65,IRN,"Iran, Islamic Rep.",PA.NUS.FCRF,"Official exchange rate (LCU per US$, period average)",annual_year_columns_in_wdi_data_sheet,,1996,1751.18635583594,1751.18635583594,PARSED,WDIEXCEL.xlsx!Data!R198410C41
WDI_2019_10_28,,61369fffef6abbae3ba24689bed2268f70c127144d227cf590a92b419f291e65,IRN,"Iran, Islamic Rep.",PA.NUS.FCRF,"Official exchange rate (LCU per US$, period average)",annual_year_columns_in_wdi_data_sheet,,1997,1753.34547748286,1753.34547748286,PARSED,WDIEXCEL.xlsx!Data!R198410C42
WDI_2019_10_28,,61369fffef6abbae3ba24689bed2268f70c127144d227cf590a92b419f291e65,IRN,"Iran, Islamic Rep.",PA.NUS.FCRF,"Official exchange rate (LCU per US$, period average)",annual_year_columns_in_wdi_data_sheet,,1998,1752.28599459359,1752.28599459359,PARSED,WDIEXCEL.xlsx!Data!R198410C43
WDI_2019_10_28,,61369fffef6abbae3ba24689bed2268f70c127144d227cf590a92b419f291e65,IRN,"Iran, Islamic Rep.",PA.NUS.FCRF,"Official exchange rate (LCU per US$, period average)",annual_year_columns_in_wdi_data_sheet,,1999,1753.35494977138,1753.35494977138,PARSED,WDIEXCEL.xlsx!Data!R198410C44
WDI_2019_10_28,,61369fffef6abbae3ba24689bed2268f70c127144d227cf590a92b419f291e65,IRN,"Iran, Islamic Rep.",PA.NUS.FCRF,"Official exchange rate (LCU per US$, period average)",annual_year_columns_in_wdi_data_sheet,,2000,1764.85606929191,1764.85606929191,PARSED,WDIEXCEL.xlsx!Data!R198410C45
WDI_2019_10_28,,61369fffef6abbae3ba24689bed2268f70c127144d227cf590a92b419f291e65,IRN,"Iran, Islamic Rep.",PA.NUS.FCRF,"Official exchange rate (LCU per US$, period average)",annual_year_columns_in_wdi_data_sheet,,2001,1753.98568465785,1753.98568465785,PARSED,WDIEXCEL.xlsx!Data!R198410C46
WDI_2019_10_28,,61369fffef6abbae3ba24689bed2268f70c127144d227cf590a92b419f291e65,IRN,"Iran, Islamic Rep.",PA.NUS.FCRF,"Official exchange rate (LCU per US$, period average)",annual_year_columns_in_wdi_data_sheet,,2002,6907.03445561653,6907.03445561653,PARSED,WDIEXCEL.xlsx!Data!R198410C47
WDI_2019_10_28,,61369fffef6abbae3ba24689bed2268f70c127144d227cf590a92b419f291e65,IRN,"Iran, Islamic Rep.",PA.NUS.FCRF,"Official exchange rate (LCU per US$, period average)",annual_year_columns_in_wdi_data_sheet,,2003,8193.88751916667,8193.88751916667,PARSED,WDIEXCEL.xlsx!Data!R198410C48
WDI_2019_10_28,,61369fffef6abbae3ba24689bed2268f70c127144d227cf590a92b419f291e65,IRN,"Iran, Islamic Rep.",PA.NUS.FCRF,"Official exchange rate (LCU per US$, period average)",annual_year_columns_in_wdi_data_sheet,,2004,8613.98942075,8613.98942075,PARSED,WDIEXCEL.xlsx!Data!R198410C49
WDI_2019_10_28,,61369fffef6abbae3ba24689bed2268f70c127144d227cf590a92b419f291e65,IRN,"Iran, Islamic Rep.",PA.NUS.FCRF,"Official exchange rate (LCU per US$, period average)",annual_year_columns_in_wdi_data_sheet,,2005,8963.95890666667,8963.95890666667,PARSED,WDIEXCEL.xlsx!Data!R198410C50
WDI_2019_10_28,,61369fffef6abbae3ba24689bed2268f70c127144d227cf590a92b419f291e65,IRN,"Iran, Islamic Rep.",PA.NUS.FCRF,"Official exchange rate (LCU per US$, period average)",annual_year_columns_in_wdi_data_sheet,,2006,9170.9428775,9170.9428775,PARSED,WDIEXCEL.xlsx!Data!R198410C51
WDI_2019_10_28,,61369fffef6abbae3ba24689bed2268f70c127144d227cf590a92b419f291e65,IRN,"Iran, Islamic Rep.",PA.NUS.FCRF,"Official exchange rate (LCU per US$, period average)",annual_year_columns_in_wdi_data_sheet,,2007,9281.15182833333,9281.15182833333,PARSED,WDIEXCEL.xlsx!Data!R198410C52
WDI_2019_10_28,,61369fffef6abbae3ba24689bed2268f70c127144d227cf590a92b419f291e65,IRN,"Iran, Islamic Rep.",PA.NUS.FCRF,"Official exchange rate (LCU per US$, period average)",annual_year_columns_in_wdi_data_sheet,,2008,9428.52826083333,9428.52826083333,PARSED,WDIEXCEL.xlsx!Data!R198410C53
WDI_2019_10_28,,61369fffef6abbae3ba24689bed2268f70c127144d227cf590a92b419f291e65,IRN,"Iran, Islamic Rep.",PA.NUS.FCRF,"Official exchange rate (LCU per US$, period average)",annual_year_columns_in_wdi_data_sheet,,2009,9864.3024562682,9864.3024562682,PARSED,WDIEXCEL.xlsx!Data!R198410C54
WDI_2019_10_28,,61369fffef6abbae3ba24689bed2268f70c127144d227cf590a92b419f291e65,IRN,"Iran, Islamic Rep.",PA.NUS.FCRF,"Official exchange rate (LCU per US$, period average)",annual_year_columns_in_wdi_data_sheet,,2010,10254.176470289,10254.176470289,PARSED,WDIEXCEL.xlsx!Data!R198410C55
WDI_2019_10_28,,61369fffef6abbae3ba24689bed2268f70c127144d227cf590a92b419f291e65,IRN,"Iran, Islamic Rep.",PA.NUS.FCRF,"Official exchange rate (LCU per US$, period average)",annual_year_columns_in_wdi_data_sheet,,2011,10616.3066439076,10616.3066439076,PARSED,WDIEXCEL.xlsx!Data!R198410C56
WDI_2019_10_28,,61369fffef6abbae3ba24689bed2268f70c127144d227cf590a92b419f291e65,IRN,"Iran, Islamic Rep.",PA.NUS.FCRF,"Official exchange rate (LCU per US$, period average)",annual_year_columns_in_wdi_data_sheet,,2012,12175.5472222222,12175.5472222222,PARSED,WDIEXCEL.xlsx!Data!R198410C57
WDI_2019_10_28,,61369fffef6abbae3ba24689bed2268f70c127144d227cf590a92b419f291e65,IRN,"Iran, Islamic Rep.",PA.NUS.FCRF,"Official exchange rate (LCU per US$, period average)",annual_year_columns_in_wdi_data_sheet,,2013,18414.4480100374,18414.4480100374,PARSED,WDIEXCEL.xlsx!Data!R198410C58
WDI_2019_10_28,,61369fffef6abbae3ba24689bed2268f70c127144d227cf590a92b419f291e65,IRN,"Iran, Islamic Rep.",PA.NUS.FCRF,"Official exchange rate (LCU per US$, period average)",annual_year_columns_in_wdi_data_sheet,,2014,25941.6641445972,25941.6641445972,PARSED,WDIEXCEL.xlsx!Data!R198410C59
WDI_2019_10_28,,61369fffef6abbae3ba24689bed2268f70c127144d227cf590a92b419f291e65,IRN,"Iran, Islamic Rep.",PA.NUS.FCRF,"Official exchange rate (LCU per US$, period average)",annual_year_columns_in_wdi_data_sheet,,2015,29011.491377053,29011.491377053,PARSED,WDIEXCEL.xlsx!Data!R198410C60
WDI_2019_10_28,,61369fffef6abbae3ba24689bed2268f70c127144d227cf590a92b419f291e65,IRN,"Iran, Islamic Rep.",PA.NUS.FCRF,"Official exchange rate (LCU per US$, period average)",annual_year_columns_in_wdi_data_sheet,,2016,30914.8524362967,30914.8524362967,PARSED,WDIEXCEL.xlsx!Data!R198410C61
WDI_2019_10_28,,61369fffef6abbae3ba24689bed2268f70c127144d227cf590a92b419f291e65,IRN,"Iran, Islamic Rep.",PA.NUS.FCRF,"Official exchange rate (LCU per US$, period average)",annual_year_columns_in_wdi_data_sheet,,2017,33226.2981524127,33226.2981524127,PARSED,WDIEXCEL.xlsx!Data!R198410C62
WDI_2019_10_28,,61369fffef6abbae3ba24689bed2268f70c127144d227cf590a92b419f291e65,IRN,"Iran, Islamic Rep.",PA.NUS.FCRF,"Official exchange rate (LCU per US$, period average)",annual_year_columns_in_wdi_data_sheet,,2018,40864.329009777,40864.329009777,PARSED,WDIEXCEL.xlsx!Data!R198410C63
WDI_2019_10_28,,61369fffef6abbae3ba24689bed2268f70c127144d227cf590a92b419f291e65,IRN,"Iran, Islamic Rep.",PA.NUS.FCRF,"Official exchange rate (LCU per US$, period average)",annual_year_columns_in_wdi_data_sheet,,2019,,,MISSING,WDIEXCEL.xlsx!Data!R198410C64
WDI_2019_12_20,,c43c055ebb9b969e01b315416573e537da82cce656bbb87aa16f71c83f284c7e,IRN,"Iran, Islamic Rep.",FP.CPI.TOTL.ZG,"Inflation, consumer prices (annual %)",annual_year_columns_in_wdi_data_sheet,,1960,9.82241081297881,9.82241081297881,PARSED,WDIEXCEL.xlsx!Data!R197829C5
WDI_2019_12_20,,c43c055ebb9b969e01b315416573e537da82cce656bbb87aa16f71c83f284c7e,IRN,"Iran, Islamic Rep.",FP.CPI.TOTL.ZG,"Inflation, consumer prices (annual %)",annual_year_columns_in_wdi_data_sheet,,1961,3.16256439585737,3.16256439585737,PARSED,WDIEXCEL.xlsx!Data!R197829C6
WDI_2019_12_20,,c43c055ebb9b969e01b315416573e537da82cce656bbb87aa16f71c83f284c7e,IRN,"Iran, Islamic Rep.",FP.CPI.TOTL.ZG,"Inflation, consumer prices (annual %)",annual_year_columns_in_wdi_data_sheet,,1962,0.721320571656317,0.721320571656317,PARSED,WDIEXCEL.xlsx!Data!R197829C7
WDI_2019_12_20,,c43c055ebb9b969e01b315416573e537da82cce656bbb87aa16f71c83f284c7e,IRN,"Iran, Islamic Rep.",FP.CPI.TOTL.ZG,"Inflation, consumer prices (annual %)",annual_year_columns_in_wdi_data_sheet,,1963,0.371849607221687,0.371849607221687,PARSED,WDIEXCEL.xlsx!Data!R197829C8
WDI_2019_12_20,,c43c055ebb9b969e01b315416573e537da82cce656bbb87aa16f71c83f284c7e,IRN,"Iran, Islamic Rep.",FP.CPI.TOTL.ZG,"Inflation, consumer prices (annual %)",annual_year_columns_in_wdi_data_sheet,,1964,3.81448957223042,3.81448957223042,PARSED,WDIEXCEL.xlsx!Data!R197829C9
WDI_2019_12_20,,c43c055ebb9b969e01b315416573e537da82cce656bbb87aa16f71c83f284c7e,IRN,"Iran, Islamic Rep.",FP.CPI.TOTL.ZG,"Inflation, consumer prices (annual %)",annual_year_columns_in_wdi_data_sheet,,1965,2.15437483520965,2.15437483520965,PARSED,WDIEXCEL.xlsx!Data!R197829C10
WDI_2019_12_20,,c43c055ebb9b969e01b315416573e537da82cce656bbb87aa16f71c83f284c7e,IRN,"Iran, Islamic Rep.",FP.CPI.TOTL.ZG,"Inflation, consumer prices (annual %)",annual_year_columns_in_wdi_data_sheet,,1966,-0.388148532154467,-0.388148532154467,PARSED,WDIEXCEL.xlsx!Data!R197829C11
WDI_2019_12_20,,c43c055ebb9b969e01b315416573e537da82cce656bbb87aa16f71c83f284c7e,IRN,"Iran, Islamic Rep.",FP.CPI.TOTL.ZG,"Inflation, consumer prices (annual %)",annual_year_columns_in_wdi_data_sheet,,1967,1.59761007964359,1.59761007964359,PARSED,WDIEXCEL.xlsx!Data!R197829C12
WDI_2019_12_20,,c43c055ebb9b969e01b315416573e537da82cce656bbb87aa16f71c83f284c7e,IRN,"Iran, Islamic Rep.",FP.CPI.TOTL.ZG,"Inflation, consumer prices (annual %)",annual_year_columns_in_wdi_data_sheet,,1968,0.690360521996216,0.690360521996216,PARSED,WDIEXCEL.xlsx!Data!R197829C13
WDI_2019_12_20,,c43c055ebb9b969e01b315416573e537da82cce656bbb87aa16f71c83f284c7e,IRN,"Iran, Islamic Rep.",FP.CPI.TOTL.ZG,"Inflation, consumer prices (annual %)",annual_year_columns_in_wdi_data_sheet,,1969,3.59319451551283,3.59319451551283,PARSED,WDIEXCEL.xlsx!Data!R197829C14
WDI_2019_12_20,,c43c055ebb9b969e01b315416573e537da82cce656bbb87aa16f71c83f284c7e,IRN,"Iran, Islamic Rep.",FP.CPI.TOTL.ZG,"Inflation, consumer prices (annual %)",annual_year_columns_in_wdi_data_sheet,,1970,1.66687093970065,1.66687093970065,PARSED,WDIEXCEL.xlsx!Data!R197829C15
WDI_2019_12_20,,c43c055ebb9b969e01b315416573e537da82cce656bbb87aa16f71c83f284c7e,IRN,"Iran, Islamic Rep.",FP.CPI.TOTL.ZG,"Inflation, consumer prices (annual %)",annual_year_columns_in_wdi_data_sheet,,1971,4.19529837265424,4.19529837265424,PARSED,WDIEXCEL.xlsx!Data!R197829C16
WDI_2019_12_20,,c43c055ebb9b969e01b315416573e537da82cce656bbb87aa16f71c83f284c7e,IRN,"Iran, Islamic Rep.",FP.CPI.TOTL.ZG,"Inflation, consumer prices (annual %)",annual_year_columns_in_wdi_data_sheet,,1972,6.39824135128874,6.39824135128874,PARSED,WDIEXCEL.xlsx!Data!R197829C17
WDI_2019_12_20,,c43c055ebb9b969e01b315416573e537da82cce656bbb87aa16f71c83f284c7e,IRN,"Iran, Islamic Rep.",FP.CPI.TOTL.ZG,"Inflation, consumer prices (annual %)",annual_year_columns_in_wdi_data_sheet,,1973,9.8194867331876,9.8194867331876,PARSED,WDIEXCEL.xlsx!Data!R197829C18
WDI_2019_12_20,,c43c055ebb9b969e01b315416573e537da82cce656bbb87aa16f71c83f284c7e,IRN,"Iran, Islamic Rep.",FP.CPI.TOTL.ZG,"Inflation, consumer prices (annual %)",annual_year_columns_in_wdi_data_sheet,,1974,14.2489355382568,14.2489355382568,PARSED,WDIEXCEL.xlsx!Data!R197829C19
WDI_2019_12_20,,c43c055ebb9b969e01b315416573e537da82cce656bbb87aa16f71c83f284c7e,IRN,"Iran, Islamic Rep.",FP.CPI.TOTL.ZG,"Inflation, consumer prices (annual %)",annual_year_columns_in_wdi_data_sheet,,1975,12.879181833834,12.879181833834,PARSED,WDIEXCEL.xlsx!Data!R197829C20
WDI_2019_12_20,,c43c055ebb9b969e01b315416573e537da82cce656bbb87aa16f71c83f284c7e,IRN,"Iran, Islamic Rep.",FP.CPI.TOTL.ZG,"Inflation, consumer prices (annual %)",annual_year_columns_in_wdi_data_sheet,,1976,11.2561425062112,11.2561425062112,PARSED,WDIEXCEL.xlsx!Data!R197829C21
WDI_2019_12_20,,c43c055ebb9b969e01b315416573e537da82cce656bbb87aa16f71c83f284c7e,IRN,"Iran, Islamic Rep.",FP.CPI.TOTL.ZG,"Inflation, consumer prices (annual %)",annual_year_columns_in_wdi_data_sheet,,1977,27.2877846793093,27.2877846793093,PARSED,WDIEXCEL.xlsx!Data!R197829C22
WDI_2019_12_20,,c43c055ebb9b969e01b315416573e537da82cce656bbb87aa16f71c83f284c7e,IRN,"Iran, Islamic Rep.",FP.CPI.TOTL.ZG,"Inflation, consumer prices (annual %)",annual_year_columns_in_wdi_data_sheet,,1978,11.7219692041212,11.7219692041212,PARSED,WDIEXCEL.xlsx!Data!R197829C23
WDI_2019_12_20,,c43c055ebb9b969e01b315416573e537da82cce656bbb87aa16f71c83f284c7e,IRN,"Iran, Islamic Rep.",FP.CPI.TOTL.ZG,"Inflation, consumer prices (annual %)",annual_year_columns_in_wdi_data_sheet,,1979,10.4872367273486,10.4872367273486,PARSED,WDIEXCEL.xlsx!Data!R197829C24
WDI_2019_12_20,,c43c055ebb9b969e01b315416573e537da82cce656bbb87aa16f71c83f284c7e,IRN,"Iran, Islamic Rep.",FP.CPI.TOTL.ZG,"Inflation, consumer prices (annual %)",annual_year_columns_in_wdi_data_sheet,,1980,20.6439144373797,20.6439144373797,PARSED,WDIEXCEL.xlsx!Data!R197829C25
WDI_2019_12_20,,c43c055ebb9b969e01b315416573e537da82cce656bbb87aa16f71c83f284c7e,IRN,"Iran, Islamic Rep.",FP.CPI.TOTL.ZG,"Inflation, consumer prices (annual %)",annual_year_columns_in_wdi_data_sheet,,1981,24.2035897624486,24.2035897624486,PARSED,WDIEXCEL.xlsx!Data!R197829C26
WDI_2019_12_20,,c43c055ebb9b969e01b315416573e537da82cce656bbb87aa16f71c83f284c7e,IRN,"Iran, Islamic Rep.",FP.CPI.TOTL.ZG,"Inflation, consumer prices (annual %)",annual_year_columns_in_wdi_data_sheet,,1982,18.6897259269564,18.6897259269564,PARSED,WDIEXCEL.xlsx!Data!R197829C27
WDI_2019_12_20,,c43c055ebb9b969e01b315416573e537da82cce656bbb87aa16f71c83f284c7e,IRN,"Iran, Islamic Rep.",FP.CPI.TOTL.ZG,"Inflation, consumer prices (annual %)",annual_year_columns_in_wdi_data_sheet,,1983,19.7401891778611,19.7401891778611,PARSED,WDIEXCEL.xlsx!Data!R197829C28
WDI_2019_12_20,,c43c055ebb9b969e01b315416573e537da82cce656bbb87aa16f71c83f284c7e,IRN,"Iran, Islamic Rep.",FP.CPI.TOTL.ZG,"Inflation, consumer prices (annual %)",annual_year_columns_in_wdi_data_sheet,,1984,12.5402194538869,12.5402194538869,PARSED,WDIEXCEL.xlsx!Data!R197829C29
WDI_2019_12_20,,c43c055ebb9b969e01b315416573e537da82cce656bbb87aa16f71c83f284c7e,IRN,"Iran, Islamic Rep.",FP.CPI.TOTL.ZG,"Inflation, consumer prices (annual %)",annual_year_columns_in_wdi_data_sheet,,1985,4.38934095741537,4.38934095741537,PARSED,WDIEXCEL.xlsx!Data!R197829C30
WDI_2019_12_20,,c43c055ebb9b969e01b315416573e537da82cce656bbb87aa16f71c83f284c7e,IRN,"Iran, Islamic Rep.",FP.CPI.TOTL.ZG,"Inflation, consumer prices (annual %)",annual_year_columns_in_wdi_data_sheet,,1986,18.4290030211474,18.4290030211474,PARSED,WDIEXCEL.xlsx!Data!R197829C31
WDI_2019_12_20,,c43c055ebb9b969e01b315416573e537da82cce656bbb87aa16f71c83f284c7e,IRN,"Iran, Islamic Rep.",FP.CPI.TOTL.ZG,"Inflation, consumer prices (annual %)",annual_year_columns_in_wdi_data_sheet,,1987,28.5714285714291,28.5714285714291,PARSED,WDIEXCEL.xlsx!Data!R197829C32
WDI_2019_12_20,,c43c055ebb9b969e01b315416573e537da82cce656bbb87aa16f71c83f284c7e,IRN,"Iran, Islamic Rep.",FP.CPI.TOTL.ZG,"Inflation, consumer prices (annual %)",annual_year_columns_in_wdi_data_sheet,,1988,28.6706349206345,28.6706349206345,PARSED,WDIEXCEL.xlsx!Data!R197829C33
WDI_2019_12_20,,c43c055ebb9b969e01b315416573e537da82cce656bbb87aa16f71c83f284c7e,IRN,"Iran, Islamic Rep.",FP.CPI.TOTL.ZG,"Inflation, consumer prices (annual %)",annual_year_columns_in_wdi_data_sheet,,1989,22.3496530454897,22.3496530454897,PARSED,WDIEXCEL.xlsx!Data!R197829C34
WDI_2019_12_20,,c43c055ebb9b969e01b315416573e537da82cce656bbb87aa16f71c83f284c7e,IRN,"Iran, Islamic Rep.",FP.CPI.TOTL.ZG,"Inflation, consumer prices (annual %)",annual_year_columns_in_wdi_data_sheet,,1990,7.62767493763936,7.62767493763936,PARSED,WDIEXCEL.xlsx!Data!R197829C35
WDI_2019_12_20,,c43c055ebb9b969e01b315416573e537da82cce656bbb87aa16f71c83f284c7e,IRN,"Iran, Islamic Rep.",FP.CPI.TOTL.ZG,"Inflation, consumer prices (annual %)",annual_year_columns_in_wdi_data_sheet,,1991,17.1285679434011,17.1285679434011,PARSED,WDIEXCEL.xlsx!Data!R197829C36
WDI_2019_12_20,,c43c055ebb9b969e01b315416573e537da82cce656bbb87aa16f71c83f284c7e,IRN,"Iran, Islamic Rep.",FP.CPI.TOTL.ZG,"Inflation, consumer prices (annual %)",annual_year_columns_in_wdi_data_sheet,,1992,25.8077226162332,25.8077226162332,PARSED,WDIEXCEL.xlsx!Data!R197829C37
WDI_2019_12_20,,c43c055ebb9b969e01b315416573e537da82cce656bbb87aa16f71c83f284c7e,IRN,"Iran, Islamic Rep.",FP.CPI.TOTL.ZG,"Inflation, consumer prices (annual %)",annual_year_columns_in_wdi_data_sheet,,1993,21.2026307547761,21.2026307547761,PARSED,WDIEXCEL.xlsx!Data!R197829C38
WDI_2019_12_20,,c43c055ebb9b969e01b315416573e537da82cce656bbb87aa16f71c83f284c7e,IRN,"Iran, Islamic Rep.",FP.CPI.TOTL.ZG,"Inflation, consumer prices (annual %)",annual_year_columns_in_wdi_data_sheet,,1994,31.4470284237728,31.4470284237728,PARSED,WDIEXCEL.xlsx!Data!R197829C39
WDI_2019_12_20,,c43c055ebb9b969e01b315416573e537da82cce656bbb87aa16f71c83f284c7e,IRN,"Iran, Islamic Rep.",FP.CPI.TOTL.ZG,"Inflation, consumer prices (annual %)",annual_year_columns_in_wdi_data_sheet,,1995,49.6559858462747,49.6559858462747,PARSED,WDIEXCEL.xlsx!Data!R197829C40
WDI_2019_12_20,,c43c055ebb9b969e01b315416573e537da82cce656bbb87aa16f71c83f284c7e,IRN,"Iran, Islamic Rep.",FP.CPI.TOTL.ZG,"Inflation, consumer prices (annual %)",annual_year_columns_in_wdi_data_sheet,,1996,28.9373440168136,28.9373440168136,PARSED,WDIEXCEL.xlsx!Data!R197829C41
WDI_2019_12_20,,c43c055ebb9b969e01b315416573e537da82cce656bbb87aa16f71c83f284c7e,IRN,"Iran, Islamic Rep.",FP.CPI.TOTL.ZG,"Inflation, consumer prices (annual %)",annual_year_columns_in_wdi_data_sheet,,1997,17.3492257538708,17.3492257538708,PARSED,WDIEXCEL.xlsx!Data!R197829C42
WDI_2019_12_20,,c43c055ebb9b969e01b315416573e537da82cce656bbb87aa16f71c83f284c7e,IRN,"Iran, Islamic Rep.",FP.CPI.TOTL.ZG,"Inflation, consumer prices (annual %)",annual_year_columns_in_wdi_data_sheet,,1998,17.8661342130397,17.8661342130397,PARSED,WDIEXCEL.xlsx!Data!R197829C43
WDI_2019_12_20,,c43c055ebb9b969e01b315416573e537da82cce656bbb87aa16f71c83f284c7e,IRN,"Iran, Islamic Rep.",FP.CPI.TOTL.ZG,"Inflation, consumer prices (annual %)",annual_year_columns_in_wdi_data_sheet,,1999,20.0707078146866,20.0707078146866,PARSED,WDIEXCEL.xlsx!Data!R197829C44
WDI_2019_12_20,,c43c055ebb9b969e01b315416573e537da82cce656bbb87aa16f71c83f284c7e,IRN,"Iran, Islamic Rep.",FP.CPI.TOTL.ZG,"Inflation, consumer prices (annual %)",annual_year_columns_in_wdi_data_sheet,,2000,14.4767513188566,14.4767513188566,PARSED,WDIEXCEL.xlsx!Data!R197829C45
WDI_2019_12_20,,c43c055ebb9b969e01b315416573e537da82cce656bbb87aa16f71c83f284c7e,IRN,"Iran, Islamic Rep.",FP.CPI.TOTL.ZG,"Inflation, consumer prices (annual %)",annual_year_columns_in_wdi_data_sheet,,2001,11.2742471332117,11.2742471332117,PARSED,WDIEXCEL.xlsx!Data!R197829C46
WDI_2019_12_20,,c43c055ebb9b969e01b315416573e537da82cce656bbb87aa16f71c83f284c7e,IRN,"Iran, Islamic Rep.",FP.CPI.TOTL.ZG,"Inflation, consumer prices (annual %)",annual_year_columns_in_wdi_data_sheet,,2002,14.3359337378404,14.3359337378404,PARSED,WDIEXCEL.xlsx!Data!R197829C47
WDI_2019_12_20,,c43c055ebb9b969e01b315416573e537da82cce656bbb87aa16f71c83f284c7e,IRN,"Iran, Islamic Rep.",FP.CPI.TOTL.ZG,"Inflation, consumer prices (annual %)",annual_year_columns_in_wdi_data_sheet,,2003,16.4680116244792,16.4680116244792,PARSED,WDIEXCEL.xlsx!Data!R197829C48
WDI_2019_12_20,,c43c055ebb9b969e01b315416573e537da82cce656bbb87aa16f71c83f284c7e,IRN,"Iran, Islamic Rep.",FP.CPI.TOTL.ZG,"Inflation, consumer prices (annual %)",annual_year_columns_in_wdi_data_sheet,,2004,14.7615086970672,14.7615086970672,PARSED,WDIEXCEL.xlsx!Data!R197829C49
WDI_2019_12_20,,c43c055ebb9b969e01b315416573e537da82cce656bbb87aa16f71c83f284c7e,IRN,"Iran, Islamic Rep.",FP.CPI.TOTL.ZG,"Inflation, consumer prices (annual %)",annual_year_columns_in_wdi_data_sheet,,2005,13.433118008508,13.433118008508,PARSED,WDIEXCEL.xlsx!Data!R197829C50
WDI_2019_12_20,,c43c055ebb9b969e01b315416573e537da82cce656bbb87aa16f71c83f284c7e,IRN,"Iran, Islamic Rep.",FP.CPI.TOTL.ZG,"Inflation, consumer prices (annual %)",annual_year_columns_in_wdi_data_sheet,,2006,10.0158982511924,10.0158982511924,PARSED,WDIEXCEL.xlsx!Data!R197829C51
WDI_2019_12_20,,c43c055ebb9b969e01b315416573e537da82cce656bbb87aa16f71c83f284c7e,IRN,"Iran, Islamic Rep.",FP.CPI.TOTL.ZG,"Inflation, consumer prices (annual %)",annual_year_columns_in_wdi_data_sheet,,2007,17.3410404624277,17.3410404624277,PARSED,WDIEXCEL.xlsx!Data!R197829C52
WDI_2019_12_20,,c43c055ebb9b969e01b315416573e537da82cce656bbb87aa16f71c83f284c7e,IRN,"Iran, Islamic Rep.",FP.CPI.TOTL.ZG,"Inflation, consumer prices (annual %)",annual_year_columns_in_wdi_data_sheet,,2008,25.4105090311987,25.4105090311987,PARSED,WDIEXCEL.xlsx!Data!R197829C53
WDI_2019_12_20,,c43c055ebb9b969e01b315416573e537da82cce656bbb87aa16f71c83f284c7e,IRN,"Iran, Islamic Rep.",FP.CPI.TOTL.ZG,"Inflation, consumer prices (annual %)",annual_year_columns_in_wdi_data_sheet,,2009,13.5515548281506,13.5515548281506,PARSED,WDIEXCEL.xlsx!Data!R197829C54
WDI_2019_12_20,,c43c055ebb9b969e01b315416573e537da82cce656bbb87aa16f71c83f284c7e,IRN,"Iran, Islamic Rep.",FP.CPI.TOTL.ZG,"Inflation, consumer prices (annual %)",annual_year_columns_in_wdi_data_sheet,,2010,10.089362928798,10.089362928798,PARSED,WDIEXCEL.xlsx!Data!R197829C55
WDI_2019_12_20,,c43c055ebb9b969e01b315416573e537da82cce656bbb87aa16f71c83f284c7e,IRN,"Iran, Islamic Rep.",FP.CPI.TOTL.ZG,"Inflation, consumer prices (annual %)",annual_year_columns_in_wdi_data_sheet,,2011,20.8693375229118,20.8693375229118,PARSED,WDIEXCEL.xlsx!Data!R197829C56
WDI_2019_12_20,,c43c055ebb9b969e01b315416573e537da82cce656bbb87aa16f71c83f284c7e,IRN,"Iran, Islamic Rep.",FP.CPI.TOTL.ZG,"Inflation, consumer prices (annual %)",annual_year_columns_in_wdi_data_sheet,,2012,25.736568457539,25.736568457539,PARSED,WDIEXCEL.xlsx!Data!R197829C57
WDI_2019_12_20,,c43c055ebb9b969e01b315416573e537da82cce656bbb87aa16f71c83f284c7e,IRN,"Iran, Islamic Rep.",FP.CPI.TOTL.ZG,"Inflation, consumer prices (annual %)",annual_year_columns_in_wdi_data_sheet,,2013,39.2660234321157,39.2660234321157,PARSED,WDIEXCEL.xlsx!Data!R197829C58
WDI_2019_12_20,,c43c055ebb9b969e01b315416573e537da82cce656bbb87aa16f71c83f284c7e,IRN,"Iran, Islamic Rep.",FP.CPI.TOTL.ZG,"Inflation, consumer prices (annual %)",annual_year_columns_in_wdi_data_sheet,,2014,17.2213287145862,17.2213287145862,PARSED,WDIEXCEL.xlsx!Data!R197829C59
WDI_2019_12_20,,c43c055ebb9b969e01b315416573e537da82cce656bbb87aa16f71c83f284c7e,IRN,"Iran, Islamic Rep.",FP.CPI.TOTL.ZG,"Inflation, consumer prices (annual %)",annual_year_columns_in_wdi_data_sheet,,2015,13.6992084432717,13.6992084432717,PARSED,WDIEXCEL.xlsx!Data!R197829C60
WDI_2019_12_20,,c43c055ebb9b969e01b315416573e537da82cce656bbb87aa16f71c83f284c7e,IRN,"Iran, Islamic Rep.",FP.CPI.TOTL.ZG,"Inflation, consumer prices (annual %)",annual_year_columns_in_wdi_data_sheet,,2016,8.65125777406479,8.65125777406479,PARSED,WDIEXCEL.xlsx!Data!R197829C61
WDI_2019_12_20,,c43c055ebb9b969e01b315416573e537da82cce656bbb87aa16f71c83f284c7e,IRN,"Iran, Islamic Rep.",FP.CPI.TOTL.ZG,"Inflation, consumer prices (annual %)",annual_year_columns_in_wdi_data_sheet,,2017,9.98718496369076,9.98718496369076,PARSED,WDIEXCEL.xlsx!Data!R197829C62
WDI_2019_12_20,,c43c055ebb9b969e01b315416573e537da82cce656bbb87aa16f71c83f284c7e,IRN,"Iran, Islamic Rep.",FP.CPI.TOTL.ZG,"Inflation, consumer prices (annual %)",annual_year_columns_in_wdi_data_sheet,,2018,,,MISSING,WDIEXCEL.xlsx!Data!R197829C63
WDI_2019_12_20,,c43c055ebb9b969e01b315416573e537da82cce656bbb87aa16f71c83f284c7e,IRN,"Iran, Islamic Rep.",FP.CPI.TOTL.ZG,"Inflation, consumer prices (annual %)",annual_year_columns_in_wdi_data_sheet,,2019,,,MISSING,WDIEXCEL.xlsx!Data!R197829C64
WDI_2019_12_20,,c43c055ebb9b969e01b315416573e537da82cce656bbb87aa16f71c83f284c7e,IRN,"Iran, Islamic Rep.",PA.NUS.FCRF,"Official exchange rate (LCU per US$, period average)",annual_year_columns_in_wdi_data_sheet,,1960,75.75000007575,75.75000007575,PARSED,WDIEXCEL.xlsx!Data!R198132C5
WDI_2019_12_20,,c43c055ebb9b969e01b315416573e537da82cce656bbb87aa16f71c83f284c7e,IRN,"Iran, Islamic Rep.",PA.NUS.FCRF,"Official exchange rate (LCU per US$, period average)",annual_year_columns_in_wdi_data_sheet,,1961,75.75000007575,75.75000007575,PARSED,WDIEXCEL.xlsx!Data!R198132C6
WDI_2019_12_20,,c43c055ebb9b969e01b315416573e537da82cce656bbb87aa16f71c83f284c7e,IRN,"Iran, Islamic Rep.",PA.NUS.FCRF,"Official exchange rate (LCU per US$, period average)",annual_year_columns_in_wdi_data_sheet,,1962,75.75000007575,75.75000007575,PARSED,WDIEXCEL.xlsx!Data!R198132C7
WDI_2019_12_20,,c43c055ebb9b969e01b315416573e537da82cce656bbb87aa16f71c83f284c7e,IRN,"Iran, Islamic Rep.",PA.NUS.FCRF,"Official exchange rate (LCU per US$, period average)",annual_year_columns_in_wdi_data_sheet,,1963,75.75000007575,75.75000007575,PARSED,WDIEXCEL.xlsx!Data!R198132C8
WDI_2019_12_20,,c43c055ebb9b969e01b315416573e537da82cce656bbb87aa16f71c83f284c7e,IRN,"Iran, Islamic Rep.",PA.NUS.FCRF,"Official exchange rate (LCU per US$, period average)",annual_year_columns_in_wdi_data_sheet,,1964,75.75000007575,75.75000007575,PARSED,WDIEXCEL.xlsx!Data!R198132C9
WDI_2019_12_20,,c43c055ebb9b969e01b315416573e537da82cce656bbb87aa16f71c83f284c7e,IRN,"Iran, Islamic Rep.",PA.NUS.FCRF,"Official exchange rate (LCU per US$, period average)",annual_year_columns_in_wdi_data_sheet,,1965,75.75000007575,75.75000007575,PARSED,WDIEXCEL.xlsx!Data!R198132C10
WDI_2019_12_20,,c43c055ebb9b969e01b315416573e537da82cce656bbb87aa16f71c83f284c7e,IRN,"Iran, Islamic Rep.",PA.NUS.FCRF,"Official exchange rate (LCU per US$, period average)",annual_year_columns_in_wdi_data_sheet,,1966,75.75000007575,75.75000007575,PARSED,WDIEXCEL.xlsx!Data!R198132C11
WDI_2019_12_20,,c43c055ebb9b969e01b315416573e537da82cce656bbb87aa16f71c83f284c7e,IRN,"Iran, Islamic Rep.",PA.NUS.FCRF,"Official exchange rate (LCU per US$, period average)",annual_year_columns_in_wdi_data_sheet,,1967,75.75000007575,75.75000007575,PARSED,WDIEXCEL.xlsx!Data!R198132C12
WDI_2019_12_20,,c43c055ebb9b969e01b315416573e537da82cce656bbb87aa16f71c83f284c7e,IRN,"Iran, Islamic Rep.",PA.NUS.FCRF,"Official exchange rate (LCU per US$, period average)",annual_year_columns_in_wdi_data_sheet,,1968,75.75000007575,75.75000007575,PARSED,WDIEXCEL.xlsx!Data!R198132C13
WDI_2019_12_20,,c43c055ebb9b969e01b315416573e537da82cce656bbb87aa16f71c83f284c7e,IRN,"Iran, Islamic Rep.",PA.NUS.FCRF,"Official exchange rate (LCU per US$, period average)",annual_year_columns_in_wdi_data_sheet,,1969,75.75000007575,75.75000007575,PARSED,WDIEXCEL.xlsx!Data!R198132C14
WDI_2019_12_20,,c43c055ebb9b969e01b315416573e537da82cce656bbb87aa16f71c83f284c7e,IRN,"Iran, Islamic Rep.",PA.NUS.FCRF,"Official exchange rate (LCU per US$, period average)",annual_year_columns_in_wdi_data_sheet,,1970,75.75000007575,75.75000007575,PARSED,WDIEXCEL.xlsx!Data!R198132C15
WDI_2019_12_20,,c43c055ebb9b969e01b315416573e537da82cce656bbb87aa16f71c83f284c7e,IRN,"Iran, Islamic Rep.",PA.NUS.FCRF,"Official exchange rate (LCU per US$, period average)",annual_year_columns_in_wdi_data_sheet,,1971,75.7500000694375,75.7500000694375,PARSED,WDIEXCEL.xlsx!Data!R198132C16
WDI_2019_12_20,,c43c055ebb9b969e01b315416573e537da82cce656bbb87aa16f71c83f284c7e,IRN,"Iran, Islamic Rep.",PA.NUS.FCRF,"Official exchange rate (LCU per US$, period average)",annual_year_columns_in_wdi_data_sheet,,1972,75.7499701345202,75.7499701345202,PARSED,WDIEXCEL.xlsx!Data!R198132C17
WDI_2019_12_20,,c43c055ebb9b969e01b315416573e537da82cce656bbb87aa16f71c83f284c7e,IRN,"Iran, Islamic Rep.",PA.NUS.FCRF,"Official exchange rate (LCU per US$, period average)",annual_year_columns_in_wdi_data_sheet,,1973,68.8860419482585,68.8860419482585,PARSED,WDIEXCEL.xlsx!Data!R198132C18
WDI_2019_12_20,,c43c055ebb9b969e01b315416573e537da82cce656bbb87aa16f71c83f284c7e,IRN,"Iran, Islamic Rep.",PA.NUS.FCRF,"Official exchange rate (LCU per US$, period average)",annual_year_columns_in_wdi_data_sheet,,1974,67.641342246617,67.641342246617,PARSED,WDIEXCEL.xlsx!Data!R198132C19
WDI_2019_12_20,,c43c055ebb9b969e01b315416573e537da82cce656bbb87aa16f71c83f284c7e,IRN,"Iran, Islamic Rep.",PA.NUS.FCRF,"Official exchange rate (LCU per US$, period average)",annual_year_columns_in_wdi_data_sheet,,1975,67.6549455324406,67.6549455324406,PARSED,WDIEXCEL.xlsx!Data!R198132C20
WDI_2019_12_20,,c43c055ebb9b969e01b315416573e537da82cce656bbb87aa16f71c83f284c7e,IRN,"Iran, Islamic Rep.",PA.NUS.FCRF,"Official exchange rate (LCU per US$, period average)",annual_year_columns_in_wdi_data_sheet,,1976,70.2390698610516,70.2390698610516,PARSED,WDIEXCEL.xlsx!Data!R198132C21
WDI_2019_12_20,,c43c055ebb9b969e01b315416573e537da82cce656bbb87aa16f71c83f284c7e,IRN,"Iran, Islamic Rep.",PA.NUS.FCRF,"Official exchange rate (LCU per US$, period average)",annual_year_columns_in_wdi_data_sheet,,1977,70.6337318788855,70.6337318788855,PARSED,WDIEXCEL.xlsx!Data!R198132C22
WDI_2019_12_20,,c43c055ebb9b969e01b315416573e537da82cce656bbb87aa16f71c83f284c7e,IRN,"Iran, Islamic Rep.",PA.NUS.FCRF,"Official exchange rate (LCU per US$, period average)",annual_year_columns_in_wdi_data_sheet,,1978,70.4920309761581,70.4920309761581,PARSED,WDIEXCEL.xlsx!Data!R198132C23
WDI_2019_12_20,,c43c055ebb9b969e01b315416573e537da82cce656bbb87aa16f71c83f284c7e,IRN,"Iran, Islamic Rep.",PA.NUS.FCRF,"Official exchange rate (LCU per US$, period average)",annual_year_columns_in_wdi_data_sheet,,1979,70.4920309761581,70.4920309761581,PARSED,WDIEXCEL.xlsx!Data!R198132C24
WDI_2019_12_20,,c43c055ebb9b969e01b315416573e537da82cce656bbb87aa16f71c83f284c7e,IRN,"Iran, Islamic Rep.",PA.NUS.FCRF,"Official exchange rate (LCU per US$, period average)",annual_year_columns_in_wdi_data_sheet,,1980,70.631848089676,70.631848089676,PARSED,WDIEXCEL.xlsx!Data!R198132C25
WDI_2019_12_20,,c43c055ebb9b969e01b315416573e537da82cce656bbb87aa16f71c83f284c7e,IRN,"Iran, Islamic Rep.",PA.NUS.FCRF,"Official exchange rate (LCU per US$, period average)",annual_year_columns_in_wdi_data_sheet,,1981,78.3468453777361,78.3468453777361,PARSED,WDIEXCEL.xlsx!Data!R198132C26
WDI_2019_12_20,,c43c055ebb9b969e01b315416573e537da82cce656bbb87aa16f71c83f284c7e,IRN,"Iran, Islamic Rep.",PA.NUS.FCRF,"Official exchange rate (LCU per US$, period average)",annual_year_columns_in_wdi_data_sheet,,1982,83.6226700245569,83.6226700245569,PARSED,WDIEXCEL.xlsx!Data!R198132C27
WDI_2019_12_20,,c43c055ebb9b969e01b315416573e537da82cce656bbb87aa16f71c83f284c7e,IRN,"Iran, Islamic Rep.",PA.NUS.FCRF,"Official exchange rate (LCU per US$, period average)",annual_year_columns_in_wdi_data_sheet,,1983,86.3787358940775,86.3787358940775,PARSED,WDIEXCEL.xlsx!Data!R198132C28
WDI_2019_12_20,,c43c055ebb9b969e01b315416573e537da82cce656bbb87aa16f71c83f284c7e,IRN,"Iran, Islamic Rep.",PA.NUS.FCRF,"Official exchange rate (LCU per US$, period average)",annual_year_columns_in_wdi_data_sheet,,1984,90.0514398915356,90.0514398915356,PARSED,WDIEXCEL.xlsx!Data!R198132C29
WDI_2019_12_20,,c43c055ebb9b969e01b315416573e537da82cce656bbb87aa16f71c83f284c7e,IRN,"Iran, Islamic Rep.",PA.NUS.FCRF,"Official exchange rate (LCU per US$, period average)",annual_year_columns_in_wdi_data_sheet,,1985,91.0735868439752,91.0735868439752,PARSED,WDIEXCEL.xlsx!Data!R198132C30
WDI_2019_12_20,,c43c055ebb9b969e01b315416573e537da82cce656bbb87aa16f71c83f284c7e,IRN,"Iran, Islamic Rep.",PA.NUS.FCRF,"Official exchange rate (LCU per US$, period average)",annual_year_columns_in_wdi_data_sheet,,1986,78.7787830685101,78.7787830685101,PARSED,WDIEXCEL.xlsx!Data!R198132C31
WDI_2019_12_20,,c43c055ebb9b969e01b315416573e537da82cce656bbb87aa16f71c83f284c7e,IRN,"Iran, Islamic Rep.",PA.NUS.FCRF,"Official exchange rate (LCU per US$, period average)",annual_year_columns_in_wdi_data_sheet,,1987,71.4774357190432,71.4774357190432,PARSED,WDIEXCEL.xlsx!Data!R198132C32
WDI_2019_12_20,,c43c055ebb9b969e01b315416573e537da82cce656bbb87aa16f71c83f284c7e,IRN,"Iran, Islamic Rep.",PA.NUS.FCRF,"Official exchange rate (LCU per US$, period average)",annual_year_columns_in_wdi_data_sheet,,1988,68.6997646296701,68.6997646296701,PARSED,WDIEXCEL.xlsx!Data!R198132C33
WDI_2019_12_20,,c43c055ebb9b969e01b315416573e537da82cce656bbb87aa16f71c83f284c7e,IRN,"Iran, Islamic Rep.",PA.NUS.FCRF,"Official exchange rate (LCU per US$, period average)",annual_year_columns_in_wdi_data_sheet,,1989,72.0322364263672,72.0322364263672,PARSED,WDIEXCEL.xlsx!Data!R198132C34
WDI_2019_12_20,,c43c055ebb9b969e01b315416573e537da82cce656bbb87aa16f71c83f284c7e,IRN,"Iran, Islamic Rep.",PA.NUS.FCRF,"Official exchange rate (LCU per US$, period average)",annual_year_columns_in_wdi_data_sheet,,1990,68.1123727149296,68.1123727149296,PARSED,WDIEXCEL.xlsx!Data!R198132C35
WDI_2019_12_20,,c43c055ebb9b969e01b315416573e537da82cce656bbb87aa16f71c83f284c7e,IRN,"Iran, Islamic Rep.",PA.NUS.FCRF,"Official exchange rate (LCU per US$, period average)",annual_year_columns_in_wdi_data_sheet,,1991,67.5217300147946,67.5217300147946,PARSED,WDIEXCEL.xlsx!Data!R198132C36
WDI_2019_12_20,,c43c055ebb9b969e01b315416573e537da82cce656bbb87aa16f71c83f284c7e,IRN,"Iran, Islamic Rep.",PA.NUS.FCRF,"Official exchange rate (LCU per US$, period average)",annual_year_columns_in_wdi_data_sheet,,1992,65.5678412857706,65.5678412857706,PARSED,WDIEXCEL.xlsx!Data!R198132C37
WDI_2019_12_20,,c43c055ebb9b969e01b315416573e537da82cce656bbb87aa16f71c83f284c7e,IRN,"Iran, Islamic Rep.",PA.NUS.FCRF,"Official exchange rate (LCU per US$, period average)",annual_year_columns_in_wdi_data_sheet,,1993,1268.07876133881,1268.07876133881,PARSED,WDIEXCEL.xlsx!Data!R198132C38
WDI_2019_12_20,,c43c055ebb9b969e01b315416573e537da82cce656bbb87aa16f71c83f284c7e,IRN,"Iran, Islamic Rep.",PA.NUS.FCRF,"Official exchange rate (LCU per US$, period average)",annual_year_columns_in_wdi_data_sheet,,1994,1749.17373625079,1749.17373625079,PARSED,WDIEXCEL.xlsx!Data!R198132C39
WDI_2019_12_20,,c43c055ebb9b969e01b315416573e537da82cce656bbb87aa16f71c83f284c7e,IRN,"Iran, Islamic Rep.",PA.NUS.FCRF,"Official exchange rate (LCU per US$, period average)",annual_year_columns_in_wdi_data_sheet,,1995,1748.35024562759,1748.35024562759,PARSED,WDIEXCEL.xlsx!Data!R198132C40
WDI_2019_12_20,,c43c055ebb9b969e01b315416573e537da82cce656bbb87aa16f71c83f284c7e,IRN,"Iran, Islamic Rep.",PA.NUS.FCRF,"Official exchange rate (LCU per US$, period average)",annual_year_columns_in_wdi_data_sheet,,1996,1751.18635583594,1751.18635583594,PARSED,WDIEXCEL.xlsx!Data!R198132C41
WDI_2019_12_20,,c43c055ebb9b969e01b315416573e537da82cce656bbb87aa16f71c83f284c7e,IRN,"Iran, Islamic Rep.",PA.NUS.FCRF,"Official exchange rate (LCU per US$, period average)",annual_year_columns_in_wdi_data_sheet,,1997,1753.34547748286,1753.34547748286,PARSED,WDIEXCEL.xlsx!Data!R198132C42
WDI_2019_12_20,,c43c055ebb9b969e01b315416573e537da82cce656bbb87aa16f71c83f284c7e,IRN,"Iran, Islamic Rep.",PA.NUS.FCRF,"Official exchange rate (LCU per US$, period average)",annual_year_columns_in_wdi_data_sheet,,1998,1752.28599459359,1752.28599459359,PARSED,WDIEXCEL.xlsx!Data!R198132C43
WDI_2019_12_20,,c43c055ebb9b969e01b315416573e537da82cce656bbb87aa16f71c83f284c7e,IRN,"Iran, Islamic Rep.",PA.NUS.FCRF,"Official exchange rate (LCU per US$, period average)",annual_year_columns_in_wdi_data_sheet,,1999,1753.35494977138,1753.35494977138,PARSED,WDIEXCEL.xlsx!Data!R198132C44
WDI_2019_12_20,,c43c055ebb9b969e01b315416573e537da82cce656bbb87aa16f71c83f284c7e,IRN,"Iran, Islamic Rep.",PA.NUS.FCRF,"Official exchange rate (LCU per US$, period average)",annual_year_columns_in_wdi_data_sheet,,2000,1764.85606929191,1764.85606929191,PARSED,WDIEXCEL.xlsx!Data!R198132C45
WDI_2019_12_20,,c43c055ebb9b969e01b315416573e537da82cce656bbb87aa16f71c83f284c7e,IRN,"Iran, Islamic Rep.",PA.NUS.FCRF,"Official exchange rate (LCU per US$, period average)",annual_year_columns_in_wdi_data_sheet,,2001,1753.98568465785,1753.98568465785,PARSED,WDIEXCEL.xlsx!Data!R198132C46
WDI_2019_12_20,,c43c055ebb9b969e01b315416573e537da82cce656bbb87aa16f71c83f284c7e,IRN,"Iran, Islamic Rep.",PA.NUS.FCRF,"Official exchange rate (LCU per US$, period average)",annual_year_columns_in_wdi_data_sheet,,2002,6907.03445561653,6907.03445561653,PARSED,WDIEXCEL.xlsx!Data!R198132C47
WDI_2019_12_20,,c43c055ebb9b969e01b315416573e537da82cce656bbb87aa16f71c83f284c7e,IRN,"Iran, Islamic Rep.",PA.NUS.FCRF,"Official exchange rate (LCU per US$, period average)",annual_year_columns_in_wdi_data_sheet,,2003,8193.88751916667,8193.88751916667,PARSED,WDIEXCEL.xlsx!Data!R198132C48
WDI_2019_12_20,,c43c055ebb9b969e01b315416573e537da82cce656bbb87aa16f71c83f284c7e,IRN,"Iran, Islamic Rep.",PA.NUS.FCRF,"Official exchange rate (LCU per US$, period average)",annual_year_columns_in_wdi_data_sheet,,2004,8613.98942075,8613.98942075,PARSED,WDIEXCEL.xlsx!Data!R198132C49
WDI_2019_12_20,,c43c055ebb9b969e01b315416573e537da82cce656bbb87aa16f71c83f284c7e,IRN,"Iran, Islamic Rep.",PA.NUS.FCRF,"Official exchange rate (LCU per US$, period average)",annual_year_columns_in_wdi_data_sheet,,2005,8963.95890666667,8963.95890666667,PARSED,WDIEXCEL.xlsx!Data!R198132C50
WDI_2019_12_20,,c43c055ebb9b969e01b315416573e537da82cce656bbb87aa16f71c83f284c7e,IRN,"Iran, Islamic Rep.",PA.NUS.FCRF,"Official exchange rate (LCU per US$, period average)",annual_year_columns_in_wdi_data_sheet,,2006,9170.9428775,9170.9428775,PARSED,WDIEXCEL.xlsx!Data!R198132C51
WDI_2019_12_20,,c43c055ebb9b969e01b315416573e537da82cce656bbb87aa16f71c83f284c7e,IRN,"Iran, Islamic Rep.",PA.NUS.FCRF,"Official exchange rate (LCU per US$, period average)",annual_year_columns_in_wdi_data_sheet,,2007,9281.15182833333,9281.15182833333,PARSED,WDIEXCEL.xlsx!Data!R198132C52
WDI_2019_12_20,,c43c055ebb9b969e01b315416573e537da82cce656bbb87aa16f71c83f284c7e,IRN,"Iran, Islamic Rep.",PA.NUS.FCRF,"Official exchange rate (LCU per US$, period average)",annual_year_columns_in_wdi_data_sheet,,2008,9428.52826083333,9428.52826083333,PARSED,WDIEXCEL.xlsx!Data!R198132C53
WDI_2019_12_20,,c43c055ebb9b969e01b315416573e537da82cce656bbb87aa16f71c83f284c7e,IRN,"Iran, Islamic Rep.",PA.NUS.FCRF,"Official exchange rate (LCU per US$, period average)",annual_year_columns_in_wdi_data_sheet,,2009,9864.3024562682,9864.3024562682,PARSED,WDIEXCEL.xlsx!Data!R198132C54
WDI_2019_12_20,,c43c055ebb9b969e01b315416573e537da82cce656bbb87aa16f71c83f284c7e,IRN,"Iran, Islamic Rep.",PA.NUS.FCRF,"Official exchange rate (LCU per US$, period average)",annual_year_columns_in_wdi_data_sheet,,2010,10254.176470289,10254.176470289,PARSED,WDIEXCEL.xlsx!Data!R198132C55
WDI_2019_12_20,,c43c055ebb9b969e01b315416573e537da82cce656bbb87aa16f71c83f284c7e,IRN,"Iran, Islamic Rep.",PA.NUS.FCRF,"Official exchange rate (LCU per US$, period average)",annual_year_columns_in_wdi_data_sheet,,2011,10616.3066439076,10616.3066439076,PARSED,WDIEXCEL.xlsx!Data!R198132C56
WDI_2019_12_20,,c43c055ebb9b969e01b315416573e537da82cce656bbb87aa16f71c83f284c7e,IRN,"Iran, Islamic Rep.",PA.NUS.FCRF,"Official exchange rate (LCU per US$, period average)",annual_year_columns_in_wdi_data_sheet,,2012,12175.5472222222,12175.5472222222,PARSED,WDIEXCEL.xlsx!Data!R198132C57
WDI_2019_12_20,,c43c055ebb9b969e01b315416573e537da82cce656bbb87aa16f71c83f284c7e,IRN,"Iran, Islamic Rep.",PA.NUS.FCRF,"Official exchange rate (LCU per US$, period average)",annual_year_columns_in_wdi_data_sheet,,2013,18414.4480100374,18414.4480100374,PARSED,WDIEXCEL.xlsx!Data!R198132C58
WDI_2019_12_20,,c43c055ebb9b969e01b315416573e537da82cce656bbb87aa16f71c83f284c7e,IRN,"Iran, Islamic Rep.",PA.NUS.FCRF,"Official exchange rate (LCU per US$, period average)",annual_year_columns_in_wdi_data_sheet,,2014,25941.6641445972,25941.6641445972,PARSED,WDIEXCEL.xlsx!Data!R198132C59
WDI_2019_12_20,,c43c055ebb9b969e01b315416573e537da82cce656bbb87aa16f71c83f284c7e,IRN,"Iran, Islamic Rep.",PA.NUS.FCRF,"Official exchange rate (LCU per US$, period average)",annual_year_columns_in_wdi_data_sheet,,2015,29011.491377053,29011.491377053,PARSED,WDIEXCEL.xlsx!Data!R198132C60
WDI_2019_12_20,,c43c055ebb9b969e01b315416573e537da82cce656bbb87aa16f71c83f284c7e,IRN,"Iran, Islamic Rep.",PA.NUS.FCRF,"Official exchange rate (LCU per US$, period average)",annual_year_columns_in_wdi_data_sheet,,2016,30914.8524362967,30914.8524362967,PARSED,WDIEXCEL.xlsx!Data!R198132C61
WDI_2019_12_20,,c43c055ebb9b969e01b315416573e537da82cce656bbb87aa16f71c83f284c7e,IRN,"Iran, Islamic Rep.",PA.NUS.FCRF,"Official exchange rate (LCU per US$, period average)",annual_year_columns_in_wdi_data_sheet,,2017,33226.2981524127,33226.2981524127,PARSED,WDIEXCEL.xlsx!Data!R198132C62
WDI_2019_12_20,,c43c055ebb9b969e01b315416573e537da82cce656bbb87aa16f71c83f284c7e,IRN,"Iran, Islamic Rep.",PA.NUS.FCRF,"Official exchange rate (LCU per US$, period average)",annual_year_columns_in_wdi_data_sheet,,2018,40864.329009777,40864.329009777,PARSED,WDIEXCEL.xlsx!Data!R198132C63
WDI_2019_12_20,,c43c055ebb9b969e01b315416573e537da82cce656bbb87aa16f71c83f284c7e,IRN,"Iran, Islamic Rep.",PA.NUS.FCRF,"Official exchange rate (LCU per US$, period average)",annual_year_columns_in_wdi_data_sheet,,2019,,,MISSING,WDIEXCEL.xlsx!Data!R198132C64
WDI_2020_04_09,,319224671ad12a0326fbee05d798192fdf9459a96f4f22a5f2567085046e742b,IRN,"Iran, Islamic Rep.",FP.CPI.TOTL.ZG,"Inflation, consumer prices (annual %)",annual_year_columns_in_wdi_data_sheet,,1960,9.82241081297881,9.82241081297881,PARSED,WDIEXCEL.xlsx!Data!R197827C5
WDI_2020_04_09,,319224671ad12a0326fbee05d798192fdf9459a96f4f22a5f2567085046e742b,IRN,"Iran, Islamic Rep.",FP.CPI.TOTL.ZG,"Inflation, consumer prices (annual %)",annual_year_columns_in_wdi_data_sheet,,1961,3.16256439585737,3.16256439585737,PARSED,WDIEXCEL.xlsx!Data!R197827C6
WDI_2020_04_09,,319224671ad12a0326fbee05d798192fdf9459a96f4f22a5f2567085046e742b,IRN,"Iran, Islamic Rep.",FP.CPI.TOTL.ZG,"Inflation, consumer prices (annual %)",annual_year_columns_in_wdi_data_sheet,,1962,0.721320571656317,0.721320571656317,PARSED,WDIEXCEL.xlsx!Data!R197827C7
WDI_2020_04_09,,319224671ad12a0326fbee05d798192fdf9459a96f4f22a5f2567085046e742b,IRN,"Iran, Islamic Rep.",FP.CPI.TOTL.ZG,"Inflation, consumer prices (annual %)",annual_year_columns_in_wdi_data_sheet,,1963,0.371849607221687,0.371849607221687,PARSED,WDIEXCEL.xlsx!Data!R197827C8
WDI_2020_04_09,,319224671ad12a0326fbee05d798192fdf9459a96f4f22a5f2567085046e742b,IRN,"Iran, Islamic Rep.",FP.CPI.TOTL.ZG,"Inflation, consumer prices (annual %)",annual_year_columns_in_wdi_data_sheet,,1964,3.81448957223042,3.81448957223042,PARSED,WDIEXCEL.xlsx!Data!R197827C9
WDI_2020_04_09,,319224671ad12a0326fbee05d798192fdf9459a96f4f22a5f2567085046e742b,IRN,"Iran, Islamic Rep.",FP.CPI.TOTL.ZG,"Inflation, consumer prices (annual %)",annual_year_columns_in_wdi_data_sheet,,1965,2.15437483520965,2.15437483520965,PARSED,WDIEXCEL.xlsx!Data!R197827C10
WDI_2020_04_09,,319224671ad12a0326fbee05d798192fdf9459a96f4f22a5f2567085046e742b,IRN,"Iran, Islamic Rep.",FP.CPI.TOTL.ZG,"Inflation, consumer prices (annual %)",annual_year_columns_in_wdi_data_sheet,,1966,-0.388148532154467,-0.388148532154467,PARSED,WDIEXCEL.xlsx!Data!R197827C11
WDI_2020_04_09,,319224671ad12a0326fbee05d798192fdf9459a96f4f22a5f2567085046e742b,IRN,"Iran, Islamic Rep.",FP.CPI.TOTL.ZG,"Inflation, consumer prices (annual %)",annual_year_columns_in_wdi_data_sheet,,1967,1.59761007964359,1.59761007964359,PARSED,WDIEXCEL.xlsx!Data!R197827C12
WDI_2020_04_09,,319224671ad12a0326fbee05d798192fdf9459a96f4f22a5f2567085046e742b,IRN,"Iran, Islamic Rep.",FP.CPI.TOTL.ZG,"Inflation, consumer prices (annual %)",annual_year_columns_in_wdi_data_sheet,,1968,0.690360521996216,0.690360521996216,PARSED,WDIEXCEL.xlsx!Data!R197827C13
WDI_2020_04_09,,319224671ad12a0326fbee05d798192fdf9459a96f4f22a5f2567085046e742b,IRN,"Iran, Islamic Rep.",FP.CPI.TOTL.ZG,"Inflation, consumer prices (annual %)",annual_year_columns_in_wdi_data_sheet,,1969,3.59319451551283,3.59319451551283,PARSED,WDIEXCEL.xlsx!Data!R197827C14
WDI_2020_04_09,,319224671ad12a0326fbee05d798192fdf9459a96f4f22a5f2567085046e742b,IRN,"Iran, Islamic Rep.",FP.CPI.TOTL.ZG,"Inflation, consumer prices (annual %)",annual_year_columns_in_wdi_data_sheet,,1970,1.66687093970065,1.66687093970065,PARSED,WDIEXCEL.xlsx!Data!R197827C15
WDI_2020_04_09,,319224671ad12a0326fbee05d798192fdf9459a96f4f22a5f2567085046e742b,IRN,"Iran, Islamic Rep.",FP.CPI.TOTL.ZG,"Inflation, consumer prices (annual %)",annual_year_columns_in_wdi_data_sheet,,1971,4.19529837265424,4.19529837265424,PARSED,WDIEXCEL.xlsx!Data!R197827C16
WDI_2020_04_09,,319224671ad12a0326fbee05d798192fdf9459a96f4f22a5f2567085046e742b,IRN,"Iran, Islamic Rep.",FP.CPI.TOTL.ZG,"Inflation, consumer prices (annual %)",annual_year_columns_in_wdi_data_sheet,,1972,6.39824135128874,6.39824135128874,PARSED,WDIEXCEL.xlsx!Data!R197827C17
WDI_2020_04_09,,319224671ad12a0326fbee05d798192fdf9459a96f4f22a5f2567085046e742b,IRN,"Iran, Islamic Rep.",FP.CPI.TOTL.ZG,"Inflation, consumer prices (annual %)",annual_year_columns_in_wdi_data_sheet,,1973,9.8194867331876,9.8194867331876,PARSED,WDIEXCEL.xlsx!Data!R197827C18
WDI_2020_04_09,,319224671ad12a0326fbee05d798192fdf9459a96f4f22a5f2567085046e742b,IRN,"Iran, Islamic Rep.",FP.CPI.TOTL.ZG,"Inflation, consumer prices (annual %)",annual_year_columns_in_wdi_data_sheet,,1974,14.2489355382568,14.2489355382568,PARSED,WDIEXCEL.xlsx!Data!R197827C19
WDI_2020_04_09,,319224671ad12a0326fbee05d798192fdf9459a96f4f22a5f2567085046e742b,IRN,"Iran, Islamic Rep.",FP.CPI.TOTL.ZG,"Inflation, consumer prices (annual %)",annual_year_columns_in_wdi_data_sheet,,1975,12.879181833834,12.879181833834,PARSED,WDIEXCEL.xlsx!Data!R197827C20
WDI_2020_04_09,,319224671ad12a0326fbee05d798192fdf9459a96f4f22a5f2567085046e742b,IRN,"Iran, Islamic Rep.",FP.CPI.TOTL.ZG,"Inflation, consumer prices (annual %)",annual_year_columns_in_wdi_data_sheet,,1976,11.2561425062112,11.2561425062112,PARSED,WDIEXCEL.xlsx!Data!R197827C21
WDI_2020_04_09,,319224671ad12a0326fbee05d798192fdf9459a96f4f22a5f2567085046e742b,IRN,"Iran, Islamic Rep.",FP.CPI.TOTL.ZG,"Inflation, consumer prices (annual %)",annual_year_columns_in_wdi_data_sheet,,1977,27.2877846793093,27.2877846793093,PARSED,WDIEXCEL.xlsx!Data!R197827C22
WDI_2020_04_09,,319224671ad12a0326fbee05d798192fdf9459a96f4f22a5f2567085046e742b,IRN,"Iran, Islamic Rep.",FP.CPI.TOTL.ZG,"Inflation, consumer prices (annual %)",annual_year_columns_in_wdi_data_sheet,,1978,11.7219692041212,11.7219692041212,PARSED,WDIEXCEL.xlsx!Data!R197827C23
WDI_2020_04_09,,319224671ad12a0326fbee05d798192fdf9459a96f4f22a5f2567085046e742b,IRN,"Iran, Islamic Rep.",FP.CPI.TOTL.ZG,"Inflation, consumer prices (annual %)",annual_year_columns_in_wdi_data_sheet,,1979,10.4872367273486,10.4872367273486,PARSED,WDIEXCEL.xlsx!Data!R197827C24
WDI_2020_04_09,,319224671ad12a0326fbee05d798192fdf9459a96f4f22a5f2567085046e742b,IRN,"Iran, Islamic Rep.",FP.CPI.TOTL.ZG,"Inflation, consumer prices (annual %)",annual_year_columns_in_wdi_data_sheet,,1980,20.6439144373797,20.6439144373797,PARSED,WDIEXCEL.xlsx!Data!R197827C25
WDI_2020_04_09,,319224671ad12a0326fbee05d798192fdf9459a96f4f22a5f2567085046e742b,IRN,"Iran, Islamic Rep.",FP.CPI.TOTL.ZG,"Inflation, consumer prices (annual %)",annual_year_columns_in_wdi_data_sheet,,1981,24.2035897624486,24.2035897624486,PARSED,WDIEXCEL.xlsx!Data!R197827C26
WDI_2020_04_09,,319224671ad12a0326fbee05d798192fdf9459a96f4f22a5f2567085046e742b,IRN,"Iran, Islamic Rep.",FP.CPI.TOTL.ZG,"Inflation, consumer prices (annual %)",annual_year_columns_in_wdi_data_sheet,,1982,18.6897259269564,18.6897259269564,PARSED,WDIEXCEL.xlsx!Data!R197827C27
WDI_2020_04_09,,319224671ad12a0326fbee05d798192fdf9459a96f4f22a5f2567085046e742b,IRN,"Iran, Islamic Rep.",FP.CPI.TOTL.ZG,"Inflation, consumer prices (annual %)",annual_year_columns_in_wdi_data_sheet,,1983,19.7401891778611,19.7401891778611,PARSED,WDIEXCEL.xlsx!Data!R197827C28
WDI_2020_04_09,,319224671ad12a0326fbee05d798192fdf9459a96f4f22a5f2567085046e742b,IRN,"Iran, Islamic Rep.",FP.CPI.TOTL.ZG,"Inflation, consumer prices (annual %)",annual_year_columns_in_wdi_data_sheet,,1984,12.5402194538869,12.5402194538869,PARSED,WDIEXCEL.xlsx!Data!R197827C29
WDI_2020_04_09,,319224671ad12a0326fbee05d798192fdf9459a96f4f22a5f2567085046e742b,IRN,"Iran, Islamic Rep.",FP.CPI.TOTL.ZG,"Inflation, consumer prices (annual %)",annual_year_columns_in_wdi_data_sheet,,1985,4.38934095741537,4.38934095741537,PARSED,WDIEXCEL.xlsx!Data!R197827C30
WDI_2020_04_09,,319224671ad12a0326fbee05d798192fdf9459a96f4f22a5f2567085046e742b,IRN,"Iran, Islamic Rep.",FP.CPI.TOTL.ZG,"Inflation, consumer prices (annual %)",annual_year_columns_in_wdi_data_sheet,,1986,18.4290030211474,18.4290030211474,PARSED,WDIEXCEL.xlsx!Data!R197827C31
WDI_2020_04_09,,319224671ad12a0326fbee05d798192fdf9459a96f4f22a5f2567085046e742b,IRN,"Iran, Islamic Rep.",FP.CPI.TOTL.ZG,"Inflation, consumer prices (annual %)",annual_year_columns_in_wdi_data_sheet,,1987,28.5714285714291,28.5714285714291,PARSED,WDIEXCEL.xlsx!Data!R197827C32
WDI_2020_04_09,,319224671ad12a0326fbee05d798192fdf9459a96f4f22a5f2567085046e742b,IRN,"Iran, Islamic Rep.",FP.CPI.TOTL.ZG,"Inflation, consumer prices (annual %)",annual_year_columns_in_wdi_data_sheet,,1988,28.6706349206345,28.6706349206345,PARSED,WDIEXCEL.xlsx!Data!R197827C33
WDI_2020_04_09,,319224671ad12a0326fbee05d798192fdf9459a96f4f22a5f2567085046e742b,IRN,"Iran, Islamic Rep.",FP.CPI.TOTL.ZG,"Inflation, consumer prices (annual %)",annual_year_columns_in_wdi_data_sheet,,1989,22.3496530454897,22.3496530454897,PARSED,WDIEXCEL.xlsx!Data!R197827C34
WDI_2020_04_09,,319224671ad12a0326fbee05d798192fdf9459a96f4f22a5f2567085046e742b,IRN,"Iran, Islamic Rep.",FP.CPI.TOTL.ZG,"Inflation, consumer prices (annual %)",annual_year_columns_in_wdi_data_sheet,,1990,7.62767493763936,7.62767493763936,PARSED,WDIEXCEL.xlsx!Data!R197827C35
WDI_2020_04_09,,319224671ad12a0326fbee05d798192fdf9459a96f4f22a5f2567085046e742b,IRN,"Iran, Islamic Rep.",FP.CPI.TOTL.ZG,"Inflation, consumer prices (annual %)",annual_year_columns_in_wdi_data_sheet,,1991,17.1285679434011,17.1285679434011,PARSED,WDIEXCEL.xlsx!Data!R197827C36
WDI_2020_04_09,,319224671ad12a0326fbee05d798192fdf9459a96f4f22a5f2567085046e742b,IRN,"Iran, Islamic Rep.",FP.CPI.TOTL.ZG,"Inflation, consumer prices (annual %)",annual_year_columns_in_wdi_data_sheet,,1992,25.8077226162332,25.8077226162332,PARSED,WDIEXCEL.xlsx!Data!R197827C37
WDI_2020_04_09,,319224671ad12a0326fbee05d798192fdf9459a96f4f22a5f2567085046e742b,IRN,"Iran, Islamic Rep.",FP.CPI.TOTL.ZG,"Inflation, consumer prices (annual %)",annual_year_columns_in_wdi_data_sheet,,1993,21.2026307547761,21.2026307547761,PARSED,WDIEXCEL.xlsx!Data!R197827C38
WDI_2020_04_09,,319224671ad12a0326fbee05d798192fdf9459a96f4f22a5f2567085046e742b,IRN,"Iran, Islamic Rep.",FP.CPI.TOTL.ZG,"Inflation, consumer prices (annual %)",annual_year_columns_in_wdi_data_sheet,,1994,31.4470284237728,31.4470284237728,PARSED,WDIEXCEL.xlsx!Data!R197827C39
WDI_2020_04_09,,319224671ad12a0326fbee05d798192fdf9459a96f4f22a5f2567085046e742b,IRN,"Iran, Islamic Rep.",FP.CPI.TOTL.ZG,"Inflation, consumer prices (annual %)",annual_year_columns_in_wdi_data_sheet,,1995,49.6559858462747,49.6559858462747,PARSED,WDIEXCEL.xlsx!Data!R197827C40
WDI_2020_04_09,,319224671ad12a0326fbee05d798192fdf9459a96f4f22a5f2567085046e742b,IRN,"Iran, Islamic Rep.",FP.CPI.TOTL.ZG,"Inflation, consumer prices (annual %)",annual_year_columns_in_wdi_data_sheet,,1996,28.9373440168136,28.9373440168136,PARSED,WDIEXCEL.xlsx!Data!R197827C41
WDI_2020_04_09,,319224671ad12a0326fbee05d798192fdf9459a96f4f22a5f2567085046e742b,IRN,"Iran, Islamic Rep.",FP.CPI.TOTL.ZG,"Inflation, consumer prices (annual %)",annual_year_columns_in_wdi_data_sheet,,1997,17.3492257538708,17.3492257538708,PARSED,WDIEXCEL.xlsx!Data!R197827C42
WDI_2020_04_09,,319224671ad12a0326fbee05d798192fdf9459a96f4f22a5f2567085046e742b,IRN,"Iran, Islamic Rep.",FP.CPI.TOTL.ZG,"Inflation, consumer prices (annual %)",annual_year_columns_in_wdi_data_sheet,,1998,17.8661342130397,17.8661342130397,PARSED,WDIEXCEL.xlsx!Data!R197827C43
WDI_2020_04_09,,319224671ad12a0326fbee05d798192fdf9459a96f4f22a5f2567085046e742b,IRN,"Iran, Islamic Rep.",FP.CPI.TOTL.ZG,"Inflation, consumer prices (annual %)",annual_year_columns_in_wdi_data_sheet,,1999,20.0707078146866,20.0707078146866,PARSED,WDIEXCEL.xlsx!Data!R197827C44
WDI_2020_04_09,,319224671ad12a0326fbee05d798192fdf9459a96f4f22a5f2567085046e742b,IRN,"Iran, Islamic Rep.",FP.CPI.TOTL.ZG,"Inflation, consumer prices (annual %)",annual_year_columns_in_wdi_data_sheet,,2000,14.4767513188566,14.4767513188566,PARSED,WDIEXCEL.xlsx!Data!R197827C45
WDI_2020_04_09,,319224671ad12a0326fbee05d798192fdf9459a96f4f22a5f2567085046e742b,IRN,"Iran, Islamic Rep.",FP.CPI.TOTL.ZG,"Inflation, consumer prices (annual %)",annual_year_columns_in_wdi_data_sheet,,2001,11.2742471332117,11.2742471332117,PARSED,WDIEXCEL.xlsx!Data!R197827C46
WDI_2020_04_09,,319224671ad12a0326fbee05d798192fdf9459a96f4f22a5f2567085046e742b,IRN,"Iran, Islamic Rep.",FP.CPI.TOTL.ZG,"Inflation, consumer prices (annual %)",annual_year_columns_in_wdi_data_sheet,,2002,14.3359337378404,14.3359337378404,PARSED,WDIEXCEL.xlsx!Data!R197827C47
WDI_2020_04_09,,319224671ad12a0326fbee05d798192fdf9459a96f4f22a5f2567085046e742b,IRN,"Iran, Islamic Rep.",FP.CPI.TOTL.ZG,"Inflation, consumer prices (annual %)",annual_year_columns_in_wdi_data_sheet,,2003,16.4680116244792,16.4680116244792,PARSED,WDIEXCEL.xlsx!Data!R197827C48
WDI_2020_04_09,,319224671ad12a0326fbee05d798192fdf9459a96f4f22a5f2567085046e742b,IRN,"Iran, Islamic Rep.",FP.CPI.TOTL.ZG,"Inflation, consumer prices (annual %)",annual_year_columns_in_wdi_data_sheet,,2004,14.7615086970672,14.7615086970672,PARSED,WDIEXCEL.xlsx!Data!R197827C49
WDI_2020_04_09,,319224671ad12a0326fbee05d798192fdf9459a96f4f22a5f2567085046e742b,IRN,"Iran, Islamic Rep.",FP.CPI.TOTL.ZG,"Inflation, consumer prices (annual %)",annual_year_columns_in_wdi_data_sheet,,2005,13.433118008508,13.433118008508,PARSED,WDIEXCEL.xlsx!Data!R197827C50
WDI_2020_04_09,,319224671ad12a0326fbee05d798192fdf9459a96f4f22a5f2567085046e742b,IRN,"Iran, Islamic Rep.",FP.CPI.TOTL.ZG,"Inflation, consumer prices (annual %)",annual_year_columns_in_wdi_data_sheet,,2006,10.0158982511924,10.0158982511924,PARSED,WDIEXCEL.xlsx!Data!R197827C51
WDI_2020_04_09,,319224671ad12a0326fbee05d798192fdf9459a96f4f22a5f2567085046e742b,IRN,"Iran, Islamic Rep.",FP.CPI.TOTL.ZG,"Inflation, consumer prices (annual %)",annual_year_columns_in_wdi_data_sheet,,2007,17.3410404624277,17.3410404624277,PARSED,WDIEXCEL.xlsx!Data!R197827C52
WDI_2020_04_09,,319224671ad12a0326fbee05d798192fdf9459a96f4f22a5f2567085046e742b,IRN,"Iran, Islamic Rep.",FP.CPI.TOTL.ZG,"Inflation, consumer prices (annual %)",annual_year_columns_in_wdi_data_sheet,,2008,25.4105090311987,25.4105090311987,PARSED,WDIEXCEL.xlsx!Data!R197827C53
WDI_2020_04_09,,319224671ad12a0326fbee05d798192fdf9459a96f4f22a5f2567085046e742b,IRN,"Iran, Islamic Rep.",FP.CPI.TOTL.ZG,"Inflation, consumer prices (annual %)",annual_year_columns_in_wdi_data_sheet,,2009,13.5515548281506,13.5515548281506,PARSED,WDIEXCEL.xlsx!Data!R197827C54
WDI_2020_04_09,,319224671ad12a0326fbee05d798192fdf9459a96f4f22a5f2567085046e742b,IRN,"Iran, Islamic Rep.",FP.CPI.TOTL.ZG,"Inflation, consumer prices (annual %)",annual_year_columns_in_wdi_data_sheet,,2010,10.089362928798,10.089362928798,PARSED,WDIEXCEL.xlsx!Data!R197827C55
WDI_2020_04_09,,319224671ad12a0326fbee05d798192fdf9459a96f4f22a5f2567085046e742b,IRN,"Iran, Islamic Rep.",FP.CPI.TOTL.ZG,"Inflation, consumer prices (annual %)",annual_year_columns_in_wdi_data_sheet,,2011,20.8693375229118,20.8693375229118,PARSED,WDIEXCEL.xlsx!Data!R197827C56
WDI_2020_04_09,,319224671ad12a0326fbee05d798192fdf9459a96f4f22a5f2567085046e742b,IRN,"Iran, Islamic Rep.",FP.CPI.TOTL.ZG,"Inflation, consumer prices (annual %)",annual_year_columns_in_wdi_data_sheet,,2012,25.736568457539,25.736568457539,PARSED,WDIEXCEL.xlsx!Data!R197827C57
WDI_2020_04_09,,319224671ad12a0326fbee05d798192fdf9459a96f4f22a5f2567085046e742b,IRN,"Iran, Islamic Rep.",FP.CPI.TOTL.ZG,"Inflation, consumer prices (annual %)",annual_year_columns_in_wdi_data_sheet,,2013,39.2660234321157,39.2660234321157,PARSED,WDIEXCEL.xlsx!Data!R197827C58
WDI_2020_04_09,,319224671ad12a0326fbee05d798192fdf9459a96f4f22a5f2567085046e742b,IRN,"Iran, Islamic Rep.",FP.CPI.TOTL.ZG,"Inflation, consumer prices (annual %)",annual_year_columns_in_wdi_data_sheet,,2014,17.2213287145862,17.2213287145862,PARSED,WDIEXCEL.xlsx!Data!R197827C59
WDI_2020_04_09,,319224671ad12a0326fbee05d798192fdf9459a96f4f22a5f2567085046e742b,IRN,"Iran, Islamic Rep.",FP.CPI.TOTL.ZG,"Inflation, consumer prices (annual %)",annual_year_columns_in_wdi_data_sheet,,2015,13.6992084432717,13.6992084432717,PARSED,WDIEXCEL.xlsx!Data!R197827C60
WDI_2020_04_09,,319224671ad12a0326fbee05d798192fdf9459a96f4f22a5f2567085046e742b,IRN,"Iran, Islamic Rep.",FP.CPI.TOTL.ZG,"Inflation, consumer prices (annual %)",annual_year_columns_in_wdi_data_sheet,,2016,8.65125777406479,8.65125777406479,PARSED,WDIEXCEL.xlsx!Data!R197827C61
WDI_2020_04_09,,319224671ad12a0326fbee05d798192fdf9459a96f4f22a5f2567085046e742b,IRN,"Iran, Islamic Rep.",FP.CPI.TOTL.ZG,"Inflation, consumer prices (annual %)",annual_year_columns_in_wdi_data_sheet,,2017,9.98718496369076,9.98718496369076,PARSED,WDIEXCEL.xlsx!Data!R197827C62
WDI_2020_04_09,,319224671ad12a0326fbee05d798192fdf9459a96f4f22a5f2567085046e742b,IRN,"Iran, Islamic Rep.",FP.CPI.TOTL.ZG,"Inflation, consumer prices (annual %)",annual_year_columns_in_wdi_data_sheet,,2018,,,MISSING,WDIEXCEL.xlsx!Data!R197827C63
WDI_2020_04_09,,319224671ad12a0326fbee05d798192fdf9459a96f4f22a5f2567085046e742b,IRN,"Iran, Islamic Rep.",FP.CPI.TOTL.ZG,"Inflation, consumer prices (annual %)",annual_year_columns_in_wdi_data_sheet,,2019,,,MISSING,WDIEXCEL.xlsx!Data!R197827C64
WDI_2020_04_09,,319224671ad12a0326fbee05d798192fdf9459a96f4f22a5f2567085046e742b,IRN,"Iran, Islamic Rep.",PA.NUS.FCRF,"Official exchange rate (LCU per US$, period average)",annual_year_columns_in_wdi_data_sheet,,1960,75.75000007575,75.75000007575,PARSED,WDIEXCEL.xlsx!Data!R198132C5
WDI_2020_04_09,,319224671ad12a0326fbee05d798192fdf9459a96f4f22a5f2567085046e742b,IRN,"Iran, Islamic Rep.",PA.NUS.FCRF,"Official exchange rate (LCU per US$, period average)",annual_year_columns_in_wdi_data_sheet,,1961,75.75000007575,75.75000007575,PARSED,WDIEXCEL.xlsx!Data!R198132C6
WDI_2020_04_09,,319224671ad12a0326fbee05d798192fdf9459a96f4f22a5f2567085046e742b,IRN,"Iran, Islamic Rep.",PA.NUS.FCRF,"Official exchange rate (LCU per US$, period average)",annual_year_columns_in_wdi_data_sheet,,1962,75.75000007575,75.75000007575,PARSED,WDIEXCEL.xlsx!Data!R198132C7
WDI_2020_04_09,,319224671ad12a0326fbee05d798192fdf9459a96f4f22a5f2567085046e742b,IRN,"Iran, Islamic Rep.",PA.NUS.FCRF,"Official exchange rate (LCU per US$, period average)",annual_year_columns_in_wdi_data_sheet,,1963,75.75000007575,75.75000007575,PARSED,WDIEXCEL.xlsx!Data!R198132C8
WDI_2020_04_09,,319224671ad12a0326fbee05d798192fdf9459a96f4f22a5f2567085046e742b,IRN,"Iran, Islamic Rep.",PA.NUS.FCRF,"Official exchange rate (LCU per US$, period average)",annual_year_columns_in_wdi_data_sheet,,1964,75.75000007575,75.75000007575,PARSED,WDIEXCEL.xlsx!Data!R198132C9
WDI_2020_04_09,,319224671ad12a0326fbee05d798192fdf9459a96f4f22a5f2567085046e742b,IRN,"Iran, Islamic Rep.",PA.NUS.FCRF,"Official exchange rate (LCU per US$, period average)",annual_year_columns_in_wdi_data_sheet,,1965,75.75000007575,75.75000007575,PARSED,WDIEXCEL.xlsx!Data!R198132C10
WDI_2020_04_09,,319224671ad12a0326fbee05d798192fdf9459a96f4f22a5f2567085046e742b,IRN,"Iran, Islamic Rep.",PA.NUS.FCRF,"Official exchange rate (LCU per US$, period average)",annual_year_columns_in_wdi_data_sheet,,1966,75.75000007575,75.75000007575,PARSED,WDIEXCEL.xlsx!Data!R198132C11
WDI_2020_04_09,,319224671ad12a0326fbee05d798192fdf9459a96f4f22a5f2567085046e742b,IRN,"Iran, Islamic Rep.",PA.NUS.FCRF,"Official exchange rate (LCU per US$, period average)",annual_year_columns_in_wdi_data_sheet,,1967,75.75000007575,75.75000007575,PARSED,WDIEXCEL.xlsx!Data!R198132C12
WDI_2020_04_09,,319224671ad12a0326fbee05d798192fdf9459a96f4f22a5f2567085046e742b,IRN,"Iran, Islamic Rep.",PA.NUS.FCRF,"Official exchange rate (LCU per US$, period average)",annual_year_columns_in_wdi_data_sheet,,1968,75.75000007575,75.75000007575,PARSED,WDIEXCEL.xlsx!Data!R198132C13
WDI_2020_04_09,,319224671ad12a0326fbee05d798192fdf9459a96f4f22a5f2567085046e742b,IRN,"Iran, Islamic Rep.",PA.NUS.FCRF,"Official exchange rate (LCU per US$, period average)",annual_year_columns_in_wdi_data_sheet,,1969,75.75000007575,75.75000007575,PARSED,WDIEXCEL.xlsx!Data!R198132C14
WDI_2020_04_09,,319224671ad12a0326fbee05d798192fdf9459a96f4f22a5f2567085046e742b,IRN,"Iran, Islamic Rep.",PA.NUS.FCRF,"Official exchange rate (LCU per US$, period average)",annual_year_columns_in_wdi_data_sheet,,1970,75.75000007575,75.75000007575,PARSED,WDIEXCEL.xlsx!Data!R198132C15
WDI_2020_04_09,,319224671ad12a0326fbee05d798192fdf9459a96f4f22a5f2567085046e742b,IRN,"Iran, Islamic Rep.",PA.NUS.FCRF,"Official exchange rate (LCU per US$, period average)",annual_year_columns_in_wdi_data_sheet,,1971,75.7500000694375,75.7500000694375,PARSED,WDIEXCEL.xlsx!Data!R198132C16
WDI_2020_04_09,,319224671ad12a0326fbee05d798192fdf9459a96f4f22a5f2567085046e742b,IRN,"Iran, Islamic Rep.",PA.NUS.FCRF,"Official exchange rate (LCU per US$, period average)",annual_year_columns_in_wdi_data_sheet,,1972,75.7499701345202,75.7499701345202,PARSED,WDIEXCEL.xlsx!Data!R198132C17
WDI_2020_04_09,,319224671ad12a0326fbee05d798192fdf9459a96f4f22a5f2567085046e742b,IRN,"Iran, Islamic Rep.",PA.NUS.FCRF,"Official exchange rate (LCU per US$, period average)",annual_year_columns_in_wdi_data_sheet,,1973,68.8860419482585,68.8860419482585,PARSED,WDIEXCEL.xlsx!Data!R198132C18
WDI_2020_04_09,,319224671ad12a0326fbee05d798192fdf9459a96f4f22a5f2567085046e742b,IRN,"Iran, Islamic Rep.",PA.NUS.FCRF,"Official exchange rate (LCU per US$, period average)",annual_year_columns_in_wdi_data_sheet,,1974,67.641342246617,67.641342246617,PARSED,WDIEXCEL.xlsx!Data!R198132C19
WDI_2020_04_09,,319224671ad12a0326fbee05d798192fdf9459a96f4f22a5f2567085046e742b,IRN,"Iran, Islamic Rep.",PA.NUS.FCRF,"Official exchange rate (LCU per US$, period average)",annual_year_columns_in_wdi_data_sheet,,1975,67.6549455324406,67.6549455324406,PARSED,WDIEXCEL.xlsx!Data!R198132C20
WDI_2020_04_09,,319224671ad12a0326fbee05d798192fdf9459a96f4f22a5f2567085046e742b,IRN,"Iran, Islamic Rep.",PA.NUS.FCRF,"Official exchange rate (LCU per US$, period average)",annual_year_columns_in_wdi_data_sheet,,1976,70.2390698610516,70.2390698610516,PARSED,WDIEXCEL.xlsx!Data!R198132C21
WDI_2020_04_09,,319224671ad12a0326fbee05d798192fdf9459a96f4f22a5f2567085046e742b,IRN,"Iran, Islamic Rep.",PA.NUS.FCRF,"Official exchange rate (LCU per US$, period average)",annual_year_columns_in_wdi_data_sheet,,1977,70.6337318788855,70.6337318788855,PARSED,WDIEXCEL.xlsx!Data!R198132C22
WDI_2020_04_09,,319224671ad12a0326fbee05d798192fdf9459a96f4f22a5f2567085046e742b,IRN,"Iran, Islamic Rep.",PA.NUS.FCRF,"Official exchange rate (LCU per US$, period average)",annual_year_columns_in_wdi_data_sheet,,1978,70.4920309761581,70.4920309761581,PARSED,WDIEXCEL.xlsx!Data!R198132C23
WDI_2020_04_09,,319224671ad12a0326fbee05d798192fdf9459a96f4f22a5f2567085046e742b,IRN,"Iran, Islamic Rep.",PA.NUS.FCRF,"Official exchange rate (LCU per US$, period average)",annual_year_columns_in_wdi_data_sheet,,1979,70.4920309761581,70.4920309761581,PARSED,WDIEXCEL.xlsx!Data!R198132C24
WDI_2020_04_09,,319224671ad12a0326fbee05d798192fdf9459a96f4f22a5f2567085046e742b,IRN,"Iran, Islamic Rep.",PA.NUS.FCRF,"Official exchange rate (LCU per US$, period average)",annual_year_columns_in_wdi_data_sheet,,1980,70.631848089676,70.631848089676,PARSED,WDIEXCEL.xlsx!Data!R198132C25
WDI_2020_04_09,,319224671ad12a0326fbee05d798192fdf9459a96f4f22a5f2567085046e742b,IRN,"Iran, Islamic Rep.",PA.NUS.FCRF,"Official exchange rate (LCU per US$, period average)",annual_year_columns_in_wdi_data_sheet,,1981,78.3468453777361,78.3468453777361,PARSED,WDIEXCEL.xlsx!Data!R198132C26
WDI_2020_04_09,,319224671ad12a0326fbee05d798192fdf9459a96f4f22a5f2567085046e742b,IRN,"Iran, Islamic Rep.",PA.NUS.FCRF,"Official exchange rate (LCU per US$, period average)",annual_year_columns_in_wdi_data_sheet,,1982,83.6226700245569,83.6226700245569,PARSED,WDIEXCEL.xlsx!Data!R198132C27
WDI_2020_04_09,,319224671ad12a0326fbee05d798192fdf9459a96f4f22a5f2567085046e742b,IRN,"Iran, Islamic Rep.",PA.NUS.FCRF,"Official exchange rate (LCU per US$, period average)",annual_year_columns_in_wdi_data_sheet,,1983,86.3787358940775,86.3787358940775,PARSED,WDIEXCEL.xlsx!Data!R198132C28
WDI_2020_04_09,,319224671ad12a0326fbee05d798192fdf9459a96f4f22a5f2567085046e742b,IRN,"Iran, Islamic Rep.",PA.NUS.FCRF,"Official exchange rate (LCU per US$, period average)",annual_year_columns_in_wdi_data_sheet,,1984,90.0514398915356,90.0514398915356,PARSED,WDIEXCEL.xlsx!Data!R198132C29
WDI_2020_04_09,,319224671ad12a0326fbee05d798192fdf9459a96f4f22a5f2567085046e742b,IRN,"Iran, Islamic Rep.",PA.NUS.FCRF,"Official exchange rate (LCU per US$, period average)",annual_year_columns_in_wdi_data_sheet,,1985,91.0735868439752,91.0735868439752,PARSED,WDIEXCEL.xlsx!Data!R198132C30
WDI_2020_04_09,,319224671ad12a0326fbee05d798192fdf9459a96f4f22a5f2567085046e742b,IRN,"Iran, Islamic Rep.",PA.NUS.FCRF,"Official exchange rate (LCU per US$, period average)",annual_year_columns_in_wdi_data_sheet,,1986,78.7787830685101,78.7787830685101,PARSED,WDIEXCEL.xlsx!Data!R198132C31
WDI_2020_04_09,,319224671ad12a0326fbee05d798192fdf9459a96f4f22a5f2567085046e742b,IRN,"Iran, Islamic Rep.",PA.NUS.FCRF,"Official exchange rate (LCU per US$, period average)",annual_year_columns_in_wdi_data_sheet,,1987,71.4774357190432,71.4774357190432,PARSED,WDIEXCEL.xlsx!Data!R198132C32
WDI_2020_04_09,,319224671ad12a0326fbee05d798192fdf9459a96f4f22a5f2567085046e742b,IRN,"Iran, Islamic Rep.",PA.NUS.FCRF,"Official exchange rate (LCU per US$, period average)",annual_year_columns_in_wdi_data_sheet,,1988,68.6997646296701,68.6997646296701,PARSED,WDIEXCEL.xlsx!Data!R198132C33
WDI_2020_04_09,,319224671ad12a0326fbee05d798192fdf9459a96f4f22a5f2567085046e742b,IRN,"Iran, Islamic Rep.",PA.NUS.FCRF,"Official exchange rate (LCU per US$, period average)",annual_year_columns_in_wdi_data_sheet,,1989,72.0322364263672,72.0322364263672,PARSED,WDIEXCEL.xlsx!Data!R198132C34
WDI_2020_04_09,,319224671ad12a0326fbee05d798192fdf9459a96f4f22a5f2567085046e742b,IRN,"Iran, Islamic Rep.",PA.NUS.FCRF,"Official exchange rate (LCU per US$, period average)",annual_year_columns_in_wdi_data_sheet,,1990,68.1123727149296,68.1123727149296,PARSED,WDIEXCEL.xlsx!Data!R198132C35
WDI_2020_04_09,,319224671ad12a0326fbee05d798192fdf9459a96f4f22a5f2567085046e742b,IRN,"Iran, Islamic Rep.",PA.NUS.FCRF,"Official exchange rate (LCU per US$, period average)",annual_year_columns_in_wdi_data_sheet,,1991,67.5217300147946,67.5217300147946,PARSED,WDIEXCEL.xlsx!Data!R198132C36
WDI_2020_04_09,,319224671ad12a0326fbee05d798192fdf9459a96f4f22a5f2567085046e742b,IRN,"Iran, Islamic Rep.",PA.NUS.FCRF,"Official exchange rate (LCU per US$, period average)",annual_year_columns_in_wdi_data_sheet,,1992,65.5678412857706,65.5678412857706,PARSED,WDIEXCEL.xlsx!Data!R198132C37
WDI_2020_04_09,,319224671ad12a0326fbee05d798192fdf9459a96f4f22a5f2567085046e742b,IRN,"Iran, Islamic Rep.",PA.NUS.FCRF,"Official exchange rate (LCU per US$, period average)",annual_year_columns_in_wdi_data_sheet,,1993,1268.07876133881,1268.07876133881,PARSED,WDIEXCEL.xlsx!Data!R198132C38
WDI_2020_04_09,,319224671ad12a0326fbee05d798192fdf9459a96f4f22a5f2567085046e742b,IRN,"Iran, Islamic Rep.",PA.NUS.FCRF,"Official exchange rate (LCU per US$, period average)",annual_year_columns_in_wdi_data_sheet,,1994,1749.17373625079,1749.17373625079,PARSED,WDIEXCEL.xlsx!Data!R198132C39
WDI_2020_04_09,,319224671ad12a0326fbee05d798192fdf9459a96f4f22a5f2567085046e742b,IRN,"Iran, Islamic Rep.",PA.NUS.FCRF,"Official exchange rate (LCU per US$, period average)",annual_year_columns_in_wdi_data_sheet,,1995,1748.35024562759,1748.35024562759,PARSED,WDIEXCEL.xlsx!Data!R198132C40
WDI_2020_04_09,,319224671ad12a0326fbee05d798192fdf9459a96f4f22a5f2567085046e742b,IRN,"Iran, Islamic Rep.",PA.NUS.FCRF,"Official exchange rate (LCU per US$, period average)",annual_year_columns_in_wdi_data_sheet,,1996,1751.18635583594,1751.18635583594,PARSED,WDIEXCEL.xlsx!Data!R198132C41
WDI_2020_04_09,,319224671ad12a0326fbee05d798192fdf9459a96f4f22a5f2567085046e742b,IRN,"Iran, Islamic Rep.",PA.NUS.FCRF,"Official exchange rate (LCU per US$, period average)",annual_year_columns_in_wdi_data_sheet,,1997,1753.34547748286,1753.34547748286,PARSED,WDIEXCEL.xlsx!Data!R198132C42
WDI_2020_04_09,,319224671ad12a0326fbee05d798192fdf9459a96f4f22a5f2567085046e742b,IRN,"Iran, Islamic Rep.",PA.NUS.FCRF,"Official exchange rate (LCU per US$, period average)",annual_year_columns_in_wdi_data_sheet,,1998,1752.28599459359,1752.28599459359,PARSED,WDIEXCEL.xlsx!Data!R198132C43
WDI_2020_04_09,,319224671ad12a0326fbee05d798192fdf9459a96f4f22a5f2567085046e742b,IRN,"Iran, Islamic Rep.",PA.NUS.FCRF,"Official exchange rate (LCU per US$, period average)",annual_year_columns_in_wdi_data_sheet,,1999,1753.35494977138,1753.35494977138,PARSED,WDIEXCEL.xlsx!Data!R198132C44
WDI_2020_04_09,,319224671ad12a0326fbee05d798192fdf9459a96f4f22a5f2567085046e742b,IRN,"Iran, Islamic Rep.",PA.NUS.FCRF,"Official exchange rate (LCU per US$, period average)",annual_year_columns_in_wdi_data_sheet,,2000,1764.85606929191,1764.85606929191,PARSED,WDIEXCEL.xlsx!Data!R198132C45
WDI_2020_04_09,,319224671ad12a0326fbee05d798192fdf9459a96f4f22a5f2567085046e742b,IRN,"Iran, Islamic Rep.",PA.NUS.FCRF,"Official exchange rate (LCU per US$, period average)",annual_year_columns_in_wdi_data_sheet,,2001,1753.98568465785,1753.98568465785,PARSED,WDIEXCEL.xlsx!Data!R198132C46
WDI_2020_04_09,,319224671ad12a0326fbee05d798192fdf9459a96f4f22a5f2567085046e742b,IRN,"Iran, Islamic Rep.",PA.NUS.FCRF,"Official exchange rate (LCU per US$, period average)",annual_year_columns_in_wdi_data_sheet,,2002,6907.03445561653,6907.03445561653,PARSED,WDIEXCEL.xlsx!Data!R198132C47
WDI_2020_04_09,,319224671ad12a0326fbee05d798192fdf9459a96f4f22a5f2567085046e742b,IRN,"Iran, Islamic Rep.",PA.NUS.FCRF,"Official exchange rate (LCU per US$, period average)",annual_year_columns_in_wdi_data_sheet,,2003,8193.88751916667,8193.88751916667,PARSED,WDIEXCEL.xlsx!Data!R198132C48
WDI_2020_04_09,,319224671ad12a0326fbee05d798192fdf9459a96f4f22a5f2567085046e742b,IRN,"Iran, Islamic Rep.",PA.NUS.FCRF,"Official exchange rate (LCU per US$, period average)",annual_year_columns_in_wdi_data_sheet,,2004,8613.98942075,8613.98942075,PARSED,WDIEXCEL.xlsx!Data!R198132C49
WDI_2020_04_09,,319224671ad12a0326fbee05d798192fdf9459a96f4f22a5f2567085046e742b,IRN,"Iran, Islamic Rep.",PA.NUS.FCRF,"Official exchange rate (LCU per US$, period average)",annual_year_columns_in_wdi_data_sheet,,2005,8963.95890666667,8963.95890666667,PARSED,WDIEXCEL.xlsx!Data!R198132C50
WDI_2020_04_09,,319224671ad12a0326fbee05d798192fdf9459a96f4f22a5f2567085046e742b,IRN,"Iran, Islamic Rep.",PA.NUS.FCRF,"Official exchange rate (LCU per US$, period average)",annual_year_columns_in_wdi_data_sheet,,2006,9170.9428775,9170.9428775,PARSED,WDIEXCEL.xlsx!Data!R198132C51
WDI_2020_04_09,,319224671ad12a0326fbee05d798192fdf9459a96f4f22a5f2567085046e742b,IRN,"Iran, Islamic Rep.",PA.NUS.FCRF,"Official exchange rate (LCU per US$, period average)",annual_year_columns_in_wdi_data_sheet,,2007,9281.15182833333,9281.15182833333,PARSED,WDIEXCEL.xlsx!Data!R198132C52
WDI_2020_04_09,,319224671ad12a0326fbee05d798192fdf9459a96f4f22a5f2567085046e742b,IRN,"Iran, Islamic Rep.",PA.NUS.FCRF,"Official exchange rate (LCU per US$, period average)",annual_year_columns_in_wdi_data_sheet,,2008,9428.52826083333,9428.52826083333,PARSED,WDIEXCEL.xlsx!Data!R198132C53
WDI_2020_04_09,,319224671ad12a0326fbee05d798192fdf9459a96f4f22a5f2567085046e742b,IRN,"Iran, Islamic Rep.",PA.NUS.FCRF,"Official exchange rate (LCU per US$, period average)",annual_year_columns_in_wdi_data_sheet,,2009,9864.3024562682,9864.3024562682,PARSED,WDIEXCEL.xlsx!Data!R198132C54
WDI_2020_04_09,,319224671ad12a0326fbee05d798192fdf9459a96f4f22a5f2567085046e742b,IRN,"Iran, Islamic Rep.",PA.NUS.FCRF,"Official exchange rate (LCU per US$, period average)",annual_year_columns_in_wdi_data_sheet,,2010,10254.176470289,10254.176470289,PARSED,WDIEXCEL.xlsx!Data!R198132C55
WDI_2020_04_09,,319224671ad12a0326fbee05d798192fdf9459a96f4f22a5f2567085046e742b,IRN,"Iran, Islamic Rep.",PA.NUS.FCRF,"Official exchange rate (LCU per US$, period average)",annual_year_columns_in_wdi_data_sheet,,2011,10616.3066439076,10616.3066439076,PARSED,WDIEXCEL.xlsx!Data!R198132C56
WDI_2020_04_09,,319224671ad12a0326fbee05d798192fdf9459a96f4f22a5f2567085046e742b,IRN,"Iran, Islamic Rep.",PA.NUS.FCRF,"Official exchange rate (LCU per US$, period average)",annual_year_columns_in_wdi_data_sheet,,2012,12175.5472222222,12175.5472222222,PARSED,WDIEXCEL.xlsx!Data!R198132C57
WDI_2020_04_09,,319224671ad12a0326fbee05d798192fdf9459a96f4f22a5f2567085046e742b,IRN,"Iran, Islamic Rep.",PA.NUS.FCRF,"Official exchange rate (LCU per US$, period average)",annual_year_columns_in_wdi_data_sheet,,2013,18414.4480100374,18414.4480100374,PARSED,WDIEXCEL.xlsx!Data!R198132C58
WDI_2020_04_09,,319224671ad12a0326fbee05d798192fdf9459a96f4f22a5f2567085046e742b,IRN,"Iran, Islamic Rep.",PA.NUS.FCRF,"Official exchange rate (LCU per US$, period average)",annual_year_columns_in_wdi_data_sheet,,2014,25941.6641445972,25941.6641445972,PARSED,WDIEXCEL.xlsx!Data!R198132C59
WDI_2020_04_09,,319224671ad12a0326fbee05d798192fdf9459a96f4f22a5f2567085046e742b,IRN,"Iran, Islamic Rep.",PA.NUS.FCRF,"Official exchange rate (LCU per US$, period average)",annual_year_columns_in_wdi_data_sheet,,2015,29011.491377053,29011.491377053,PARSED,WDIEXCEL.xlsx!Data!R198132C60
WDI_2020_04_09,,319224671ad12a0326fbee05d798192fdf9459a96f4f22a5f2567085046e742b,IRN,"Iran, Islamic Rep.",PA.NUS.FCRF,"Official exchange rate (LCU per US$, period average)",annual_year_columns_in_wdi_data_sheet,,2016,30914.8524362967,30914.8524362967,PARSED,WDIEXCEL.xlsx!Data!R198132C61
WDI_2020_04_09,,319224671ad12a0326fbee05d798192fdf9459a96f4f22a5f2567085046e742b,IRN,"Iran, Islamic Rep.",PA.NUS.FCRF,"Official exchange rate (LCU per US$, period average)",annual_year_columns_in_wdi_data_sheet,,2017,33226.2981524127,33226.2981524127,PARSED,WDIEXCEL.xlsx!Data!R198132C62
WDI_2020_04_09,,319224671ad12a0326fbee05d798192fdf9459a96f4f22a5f2567085046e742b,IRN,"Iran, Islamic Rep.",PA.NUS.FCRF,"Official exchange rate (LCU per US$, period average)",annual_year_columns_in_wdi_data_sheet,,2018,40864.329009777,40864.329009777,PARSED,WDIEXCEL.xlsx!Data!R198132C63
WDI_2020_04_09,,319224671ad12a0326fbee05d798192fdf9459a96f4f22a5f2567085046e742b,IRN,"Iran, Islamic Rep.",PA.NUS.FCRF,"Official exchange rate (LCU per US$, period average)",annual_year_columns_in_wdi_data_sheet,,2019,,,MISSING,WDIEXCEL.xlsx!Data!R198132C64
WDI_2020_07_01,,99008d3a12c9054b12b161f23d017b3a09971734a601f52844c7d544c86b42c8,IRN,"Iran, Islamic Rep.",FP.CPI.TOTL.ZG,"Inflation, consumer prices (annual %)",annual_year_columns_in_wdi_data_sheet,,1960,9.82241081297881,9.82241081297881,PARSED,WDIEXCEL.xlsx!Data!R198105C5
WDI_2020_07_01,,99008d3a12c9054b12b161f23d017b3a09971734a601f52844c7d544c86b42c8,IRN,"Iran, Islamic Rep.",FP.CPI.TOTL.ZG,"Inflation, consumer prices (annual %)",annual_year_columns_in_wdi_data_sheet,,1961,3.16256439585737,3.16256439585737,PARSED,WDIEXCEL.xlsx!Data!R198105C6
WDI_2020_07_01,,99008d3a12c9054b12b161f23d017b3a09971734a601f52844c7d544c86b42c8,IRN,"Iran, Islamic Rep.",FP.CPI.TOTL.ZG,"Inflation, consumer prices (annual %)",annual_year_columns_in_wdi_data_sheet,,1962,0.721320571656317,0.721320571656317,PARSED,WDIEXCEL.xlsx!Data!R198105C7
WDI_2020_07_01,,99008d3a12c9054b12b161f23d017b3a09971734a601f52844c7d544c86b42c8,IRN,"Iran, Islamic Rep.",FP.CPI.TOTL.ZG,"Inflation, consumer prices (annual %)",annual_year_columns_in_wdi_data_sheet,,1963,0.371849607221687,0.371849607221687,PARSED,WDIEXCEL.xlsx!Data!R198105C8
WDI_2020_07_01,,99008d3a12c9054b12b161f23d017b3a09971734a601f52844c7d544c86b42c8,IRN,"Iran, Islamic Rep.",FP.CPI.TOTL.ZG,"Inflation, consumer prices (annual %)",annual_year_columns_in_wdi_data_sheet,,1964,3.81448957223042,3.81448957223042,PARSED,WDIEXCEL.xlsx!Data!R198105C9
WDI_2020_07_01,,99008d3a12c9054b12b161f23d017b3a09971734a601f52844c7d544c86b42c8,IRN,"Iran, Islamic Rep.",FP.CPI.TOTL.ZG,"Inflation, consumer prices (annual %)",annual_year_columns_in_wdi_data_sheet,,1965,2.15437483520965,2.15437483520965,PARSED,WDIEXCEL.xlsx!Data!R198105C10
WDI_2020_07_01,,99008d3a12c9054b12b161f23d017b3a09971734a601f52844c7d544c86b42c8,IRN,"Iran, Islamic Rep.",FP.CPI.TOTL.ZG,"Inflation, consumer prices (annual %)",annual_year_columns_in_wdi_data_sheet,,1966,-0.388148532154467,-0.388148532154467,PARSED,WDIEXCEL.xlsx!Data!R198105C11
WDI_2020_07_01,,99008d3a12c9054b12b161f23d017b3a09971734a601f52844c7d544c86b42c8,IRN,"Iran, Islamic Rep.",FP.CPI.TOTL.ZG,"Inflation, consumer prices (annual %)",annual_year_columns_in_wdi_data_sheet,,1967,1.59761007964359,1.59761007964359,PARSED,WDIEXCEL.xlsx!Data!R198105C12
WDI_2020_07_01,,99008d3a12c9054b12b161f23d017b3a09971734a601f52844c7d544c86b42c8,IRN,"Iran, Islamic Rep.",FP.CPI.TOTL.ZG,"Inflation, consumer prices (annual %)",annual_year_columns_in_wdi_data_sheet,,1968,0.690360521996216,0.690360521996216,PARSED,WDIEXCEL.xlsx!Data!R198105C13
WDI_2020_07_01,,99008d3a12c9054b12b161f23d017b3a09971734a601f52844c7d544c86b42c8,IRN,"Iran, Islamic Rep.",FP.CPI.TOTL.ZG,"Inflation, consumer prices (annual %)",annual_year_columns_in_wdi_data_sheet,,1969,3.59319451551283,3.59319451551283,PARSED,WDIEXCEL.xlsx!Data!R198105C14
WDI_2020_07_01,,99008d3a12c9054b12b161f23d017b3a09971734a601f52844c7d544c86b42c8,IRN,"Iran, Islamic Rep.",FP.CPI.TOTL.ZG,"Inflation, consumer prices (annual %)",annual_year_columns_in_wdi_data_sheet,,1970,1.66687093970065,1.66687093970065,PARSED,WDIEXCEL.xlsx!Data!R198105C15
WDI_2020_07_01,,99008d3a12c9054b12b161f23d017b3a09971734a601f52844c7d544c86b42c8,IRN,"Iran, Islamic Rep.",FP.CPI.TOTL.ZG,"Inflation, consumer prices (annual %)",annual_year_columns_in_wdi_data_sheet,,1971,4.19529837265424,4.19529837265424,PARSED,WDIEXCEL.xlsx!Data!R198105C16
WDI_2020_07_01,,99008d3a12c9054b12b161f23d017b3a09971734a601f52844c7d544c86b42c8,IRN,"Iran, Islamic Rep.",FP.CPI.TOTL.ZG,"Inflation, consumer prices (annual %)",annual_year_columns_in_wdi_data_sheet,,1972,6.39824135128874,6.39824135128874,PARSED,WDIEXCEL.xlsx!Data!R198105C17
WDI_2020_07_01,,99008d3a12c9054b12b161f23d017b3a09971734a601f52844c7d544c86b42c8,IRN,"Iran, Islamic Rep.",FP.CPI.TOTL.ZG,"Inflation, consumer prices (annual %)",annual_year_columns_in_wdi_data_sheet,,1973,9.8194867331876,9.8194867331876,PARSED,WDIEXCEL.xlsx!Data!R198105C18
WDI_2020_07_01,,99008d3a12c9054b12b161f23d017b3a09971734a601f52844c7d544c86b42c8,IRN,"Iran, Islamic Rep.",FP.CPI.TOTL.ZG,"Inflation, consumer prices (annual %)",annual_year_columns_in_wdi_data_sheet,,1974,14.2489355382568,14.2489355382568,PARSED,WDIEXCEL.xlsx!Data!R198105C19
WDI_2020_07_01,,99008d3a12c9054b12b161f23d017b3a09971734a601f52844c7d544c86b42c8,IRN,"Iran, Islamic Rep.",FP.CPI.TOTL.ZG,"Inflation, consumer prices (annual %)",annual_year_columns_in_wdi_data_sheet,,1975,12.879181833834,12.879181833834,PARSED,WDIEXCEL.xlsx!Data!R198105C20
WDI_2020_07_01,,99008d3a12c9054b12b161f23d017b3a09971734a601f52844c7d544c86b42c8,IRN,"Iran, Islamic Rep.",FP.CPI.TOTL.ZG,"Inflation, consumer prices (annual %)",annual_year_columns_in_wdi_data_sheet,,1976,11.2561425062112,11.2561425062112,PARSED,WDIEXCEL.xlsx!Data!R198105C21
WDI_2020_07_01,,99008d3a12c9054b12b161f23d017b3a09971734a601f52844c7d544c86b42c8,IRN,"Iran, Islamic Rep.",FP.CPI.TOTL.ZG,"Inflation, consumer prices (annual %)",annual_year_columns_in_wdi_data_sheet,,1977,27.2877846793093,27.2877846793093,PARSED,WDIEXCEL.xlsx!Data!R198105C22
WDI_2020_07_01,,99008d3a12c9054b12b161f23d017b3a09971734a601f52844c7d544c86b42c8,IRN,"Iran, Islamic Rep.",FP.CPI.TOTL.ZG,"Inflation, consumer prices (annual %)",annual_year_columns_in_wdi_data_sheet,,1978,11.7219692041212,11.7219692041212,PARSED,WDIEXCEL.xlsx!Data!R198105C23
WDI_2020_07_01,,99008d3a12c9054b12b161f23d017b3a09971734a601f52844c7d544c86b42c8,IRN,"Iran, Islamic Rep.",FP.CPI.TOTL.ZG,"Inflation, consumer prices (annual %)",annual_year_columns_in_wdi_data_sheet,,1979,10.4872367273486,10.4872367273486,PARSED,WDIEXCEL.xlsx!Data!R198105C24
WDI_2020_07_01,,99008d3a12c9054b12b161f23d017b3a09971734a601f52844c7d544c86b42c8,IRN,"Iran, Islamic Rep.",FP.CPI.TOTL.ZG,"Inflation, consumer prices (annual %)",annual_year_columns_in_wdi_data_sheet,,1980,20.6439144373797,20.6439144373797,PARSED,WDIEXCEL.xlsx!Data!R198105C25
WDI_2020_07_01,,99008d3a12c9054b12b161f23d017b3a09971734a601f52844c7d544c86b42c8,IRN,"Iran, Islamic Rep.",FP.CPI.TOTL.ZG,"Inflation, consumer prices (annual %)",annual_year_columns_in_wdi_data_sheet,,1981,24.2035897624486,24.2035897624486,PARSED,WDIEXCEL.xlsx!Data!R198105C26
WDI_2020_07_01,,99008d3a12c9054b12b161f23d017b3a09971734a601f52844c7d544c86b42c8,IRN,"Iran, Islamic Rep.",FP.CPI.TOTL.ZG,"Inflation, consumer prices (annual %)",annual_year_columns_in_wdi_data_sheet,,1982,18.6897259269564,18.6897259269564,PARSED,WDIEXCEL.xlsx!Data!R198105C27
WDI_2020_07_01,,99008d3a12c9054b12b161f23d017b3a09971734a601f52844c7d544c86b42c8,IRN,"Iran, Islamic Rep.",FP.CPI.TOTL.ZG,"Inflation, consumer prices (annual %)",annual_year_columns_in_wdi_data_sheet,,1983,19.7401891778611,19.7401891778611,PARSED,WDIEXCEL.xlsx!Data!R198105C28
WDI_2020_07_01,,99008d3a12c9054b12b161f23d017b3a09971734a601f52844c7d544c86b42c8,IRN,"Iran, Islamic Rep.",FP.CPI.TOTL.ZG,"Inflation, consumer prices (annual %)",annual_year_columns_in_wdi_data_sheet,,1984,12.5402194538869,12.5402194538869,PARSED,WDIEXCEL.xlsx!Data!R198105C29
WDI_2020_07_01,,99008d3a12c9054b12b161f23d017b3a09971734a601f52844c7d544c86b42c8,IRN,"Iran, Islamic Rep.",FP.CPI.TOTL.ZG,"Inflation, consumer prices (annual %)",annual_year_columns_in_wdi_data_sheet,,1985,4.38934095741537,4.38934095741537,PARSED,WDIEXCEL.xlsx!Data!R198105C30
WDI_2020_07_01,,99008d3a12c9054b12b161f23d017b3a09971734a601f52844c7d544c86b42c8,IRN,"Iran, Islamic Rep.",FP.CPI.TOTL.ZG,"Inflation, consumer prices (annual %)",annual_year_columns_in_wdi_data_sheet,,1986,18.4290030211474,18.4290030211474,PARSED,WDIEXCEL.xlsx!Data!R198105C31
WDI_2020_07_01,,99008d3a12c9054b12b161f23d017b3a09971734a601f52844c7d544c86b42c8,IRN,"Iran, Islamic Rep.",FP.CPI.TOTL.ZG,"Inflation, consumer prices (annual %)",annual_year_columns_in_wdi_data_sheet,,1987,28.5714285714291,28.5714285714291,PARSED,WDIEXCEL.xlsx!Data!R198105C32
WDI_2020_07_01,,99008d3a12c9054b12b161f23d017b3a09971734a601f52844c7d544c86b42c8,IRN,"Iran, Islamic Rep.",FP.CPI.TOTL.ZG,"Inflation, consumer prices (annual %)",annual_year_columns_in_wdi_data_sheet,,1988,28.6706349206345,28.6706349206345,PARSED,WDIEXCEL.xlsx!Data!R198105C33
WDI_2020_07_01,,99008d3a12c9054b12b161f23d017b3a09971734a601f52844c7d544c86b42c8,IRN,"Iran, Islamic Rep.",FP.CPI.TOTL.ZG,"Inflation, consumer prices (annual %)",annual_year_columns_in_wdi_data_sheet,,1989,22.3496530454897,22.3496530454897,PARSED,WDIEXCEL.xlsx!Data!R198105C34
WDI_2020_07_01,,99008d3a12c9054b12b161f23d017b3a09971734a601f52844c7d544c86b42c8,IRN,"Iran, Islamic Rep.",FP.CPI.TOTL.ZG,"Inflation, consumer prices (annual %)",annual_year_columns_in_wdi_data_sheet,,1990,7.62767493763936,7.62767493763936,PARSED,WDIEXCEL.xlsx!Data!R198105C35
WDI_2020_07_01,,99008d3a12c9054b12b161f23d017b3a09971734a601f52844c7d544c86b42c8,IRN,"Iran, Islamic Rep.",FP.CPI.TOTL.ZG,"Inflation, consumer prices (annual %)",annual_year_columns_in_wdi_data_sheet,,1991,17.1285679434011,17.1285679434011,PARSED,WDIEXCEL.xlsx!Data!R198105C36
WDI_2020_07_01,,99008d3a12c9054b12b161f23d017b3a09971734a601f52844c7d544c86b42c8,IRN,"Iran, Islamic Rep.",FP.CPI.TOTL.ZG,"Inflation, consumer prices (annual %)",annual_year_columns_in_wdi_data_sheet,,1992,25.8077226162332,25.8077226162332,PARSED,WDIEXCEL.xlsx!Data!R198105C37
WDI_2020_07_01,,99008d3a12c9054b12b161f23d017b3a09971734a601f52844c7d544c86b42c8,IRN,"Iran, Islamic Rep.",FP.CPI.TOTL.ZG,"Inflation, consumer prices (annual %)",annual_year_columns_in_wdi_data_sheet,,1993,21.2026307547761,21.2026307547761,PARSED,WDIEXCEL.xlsx!Data!R198105C38
WDI_2020_07_01,,99008d3a12c9054b12b161f23d017b3a09971734a601f52844c7d544c86b42c8,IRN,"Iran, Islamic Rep.",FP.CPI.TOTL.ZG,"Inflation, consumer prices (annual %)",annual_year_columns_in_wdi_data_sheet,,1994,31.4470284237728,31.4470284237728,PARSED,WDIEXCEL.xlsx!Data!R198105C39
WDI_2020_07_01,,99008d3a12c9054b12b161f23d017b3a09971734a601f52844c7d544c86b42c8,IRN,"Iran, Islamic Rep.",FP.CPI.TOTL.ZG,"Inflation, consumer prices (annual %)",annual_year_columns_in_wdi_data_sheet,,1995,49.6559858462747,49.6559858462747,PARSED,WDIEXCEL.xlsx!Data!R198105C40
WDI_2020_07_01,,99008d3a12c9054b12b161f23d017b3a09971734a601f52844c7d544c86b42c8,IRN,"Iran, Islamic Rep.",FP.CPI.TOTL.ZG,"Inflation, consumer prices (annual %)",annual_year_columns_in_wdi_data_sheet,,1996,28.9373440168136,28.9373440168136,PARSED,WDIEXCEL.xlsx!Data!R198105C41
WDI_2020_07_01,,99008d3a12c9054b12b161f23d017b3a09971734a601f52844c7d544c86b42c8,IRN,"Iran, Islamic Rep.",FP.CPI.TOTL.ZG,"Inflation, consumer prices (annual %)",annual_year_columns_in_wdi_data_sheet,,1997,17.3492257538708,17.3492257538708,PARSED,WDIEXCEL.xlsx!Data!R198105C42
WDI_2020_07_01,,99008d3a12c9054b12b161f23d017b3a09971734a601f52844c7d544c86b42c8,IRN,"Iran, Islamic Rep.",FP.CPI.TOTL.ZG,"Inflation, consumer prices (annual %)",annual_year_columns_in_wdi_data_sheet,,1998,17.8661342130397,17.8661342130397,PARSED,WDIEXCEL.xlsx!Data!R198105C43
WDI_2020_07_01,,99008d3a12c9054b12b161f23d017b3a09971734a601f52844c7d544c86b42c8,IRN,"Iran, Islamic Rep.",FP.CPI.TOTL.ZG,"Inflation, consumer prices (annual %)",annual_year_columns_in_wdi_data_sheet,,1999,20.0707078146866,20.0707078146866,PARSED,WDIEXCEL.xlsx!Data!R198105C44
WDI_2020_07_01,,99008d3a12c9054b12b161f23d017b3a09971734a601f52844c7d544c86b42c8,IRN,"Iran, Islamic Rep.",FP.CPI.TOTL.ZG,"Inflation, consumer prices (annual %)",annual_year_columns_in_wdi_data_sheet,,2000,14.4767513188566,14.4767513188566,PARSED,WDIEXCEL.xlsx!Data!R198105C45
WDI_2020_07_01,,99008d3a12c9054b12b161f23d017b3a09971734a601f52844c7d544c86b42c8,IRN,"Iran, Islamic Rep.",FP.CPI.TOTL.ZG,"Inflation, consumer prices (annual %)",annual_year_columns_in_wdi_data_sheet,,2001,11.2742471332117,11.2742471332117,PARSED,WDIEXCEL.xlsx!Data!R198105C46
WDI_2020_07_01,,99008d3a12c9054b12b161f23d017b3a09971734a601f52844c7d544c86b42c8,IRN,"Iran, Islamic Rep.",FP.CPI.TOTL.ZG,"Inflation, consumer prices (annual %)",annual_year_columns_in_wdi_data_sheet,,2002,14.3359337378404,14.3359337378404,PARSED,WDIEXCEL.xlsx!Data!R198105C47
WDI_2020_07_01,,99008d3a12c9054b12b161f23d017b3a09971734a601f52844c7d544c86b42c8,IRN,"Iran, Islamic Rep.",FP.CPI.TOTL.ZG,"Inflation, consumer prices (annual %)",annual_year_columns_in_wdi_data_sheet,,2003,16.4680116244792,16.4680116244792,PARSED,WDIEXCEL.xlsx!Data!R198105C48
WDI_2020_07_01,,99008d3a12c9054b12b161f23d017b3a09971734a601f52844c7d544c86b42c8,IRN,"Iran, Islamic Rep.",FP.CPI.TOTL.ZG,"Inflation, consumer prices (annual %)",annual_year_columns_in_wdi_data_sheet,,2004,14.7615086970672,14.7615086970672,PARSED,WDIEXCEL.xlsx!Data!R198105C49
WDI_2020_07_01,,99008d3a12c9054b12b161f23d017b3a09971734a601f52844c7d544c86b42c8,IRN,"Iran, Islamic Rep.",FP.CPI.TOTL.ZG,"Inflation, consumer prices (annual %)",annual_year_columns_in_wdi_data_sheet,,2005,13.433118008508,13.433118008508,PARSED,WDIEXCEL.xlsx!Data!R198105C50
WDI_2020_07_01,,99008d3a12c9054b12b161f23d017b3a09971734a601f52844c7d544c86b42c8,IRN,"Iran, Islamic Rep.",FP.CPI.TOTL.ZG,"Inflation, consumer prices (annual %)",annual_year_columns_in_wdi_data_sheet,,2006,10.0158982511924,10.0158982511924,PARSED,WDIEXCEL.xlsx!Data!R198105C51
WDI_2020_07_01,,99008d3a12c9054b12b161f23d017b3a09971734a601f52844c7d544c86b42c8,IRN,"Iran, Islamic Rep.",FP.CPI.TOTL.ZG,"Inflation, consumer prices (annual %)",annual_year_columns_in_wdi_data_sheet,,2007,17.3410404624277,17.3410404624277,PARSED,WDIEXCEL.xlsx!Data!R198105C52
WDI_2020_07_01,,99008d3a12c9054b12b161f23d017b3a09971734a601f52844c7d544c86b42c8,IRN,"Iran, Islamic Rep.",FP.CPI.TOTL.ZG,"Inflation, consumer prices (annual %)",annual_year_columns_in_wdi_data_sheet,,2008,25.4105090311987,25.4105090311987,PARSED,WDIEXCEL.xlsx!Data!R198105C53
WDI_2020_07_01,,99008d3a12c9054b12b161f23d017b3a09971734a601f52844c7d544c86b42c8,IRN,"Iran, Islamic Rep.",FP.CPI.TOTL.ZG,"Inflation, consumer prices (annual %)",annual_year_columns_in_wdi_data_sheet,,2009,13.5515548281506,13.5515548281506,PARSED,WDIEXCEL.xlsx!Data!R198105C54
WDI_2020_07_01,,99008d3a12c9054b12b161f23d017b3a09971734a601f52844c7d544c86b42c8,IRN,"Iran, Islamic Rep.",FP.CPI.TOTL.ZG,"Inflation, consumer prices (annual %)",annual_year_columns_in_wdi_data_sheet,,2010,10.089362928798,10.089362928798,PARSED,WDIEXCEL.xlsx!Data!R198105C55
WDI_2020_07_01,,99008d3a12c9054b12b161f23d017b3a09971734a601f52844c7d544c86b42c8,IRN,"Iran, Islamic Rep.",FP.CPI.TOTL.ZG,"Inflation, consumer prices (annual %)",annual_year_columns_in_wdi_data_sheet,,2011,26.2933856738609,26.2933856738609,PARSED,WDIEXCEL.xlsx!Data!R198105C56
WDI_2020_07_01,,99008d3a12c9054b12b161f23d017b3a09971734a601f52844c7d544c86b42c8,IRN,"Iran, Islamic Rep.",FP.CPI.TOTL.ZG,"Inflation, consumer prices (annual %)",annual_year_columns_in_wdi_data_sheet,,2012,27.2568127242908,27.2568127242908,PARSED,WDIEXCEL.xlsx!Data!R198105C57
WDI_2020_07_01,,99008d3a12c9054b12b161f23d017b3a09971734a601f52844c7d544c86b42c8,IRN,"Iran, Islamic Rep.",FP.CPI.TOTL.ZG,"Inflation, consumer prices (annual %)",annual_year_columns_in_wdi_data_sheet,,2013,36.6030355191028,36.6030355191028,PARSED,WDIEXCEL.xlsx!Data!R198105C58
WDI_2020_07_01,,99008d3a12c9054b12b161f23d017b3a09971734a601f52844c7d544c86b42c8,IRN,"Iran, Islamic Rep.",FP.CPI.TOTL.ZG,"Inflation, consumer prices (annual %)",annual_year_columns_in_wdi_data_sheet,,2014,16.6065532357449,16.6065532357449,PARSED,WDIEXCEL.xlsx!Data!R198105C59
WDI_2020_07_01,,99008d3a12c9054b12b161f23d017b3a09971734a601f52844c7d544c86b42c8,IRN,"Iran, Islamic Rep.",FP.CPI.TOTL.ZG,"Inflation, consumer prices (annual %)",annual_year_columns_in_wdi_data_sheet,,2015,12.4846815611533,12.4846815611533,PARSED,WDIEXCEL.xlsx!Data!R198105C60
WDI_2020_07_01,,99008d3a12c9054b12b161f23d017b3a09971734a601f52844c7d544c86b42c8,IRN,"Iran, Islamic Rep.",FP.CPI.TOTL.ZG,"Inflation, consumer prices (annual %)",annual_year_columns_in_wdi_data_sheet,,2016,7.24542548952983,7.24542548952983,PARSED,WDIEXCEL.xlsx!Data!R198105C61
WDI_2020_07_01,,99008d3a12c9054b12b161f23d017b3a09971734a601f52844c7d544c86b42c8,IRN,"Iran, Islamic Rep.",FP.CPI.TOTL.ZG,"Inflation, consumer prices (annual %)",annual_year_columns_in_wdi_data_sheet,,2017,8.04492437660281,8.04492437660281,PARSED,WDIEXCEL.xlsx!Data!R198105C62
WDI_2020_07_01,,99008d3a12c9054b12b161f23d017b3a09971734a601f52844c7d544c86b42c8,IRN,"Iran, Islamic Rep.",FP.CPI.TOTL.ZG,"Inflation, consumer prices (annual %)",annual_year_columns_in_wdi_data_sheet,,2018,18.0141183371874,18.0141183371874,PARSED,WDIEXCEL.xlsx!Data!R198105C63
WDI_2020_07_01,,99008d3a12c9054b12b161f23d017b3a09971734a601f52844c7d544c86b42c8,IRN,"Iran, Islamic Rep.",FP.CPI.TOTL.ZG,"Inflation, consumer prices (annual %)",annual_year_columns_in_wdi_data_sheet,,2019,39.9073455697783,39.9073455697783,PARSED,WDIEXCEL.xlsx!Data!R198105C64
WDI_2020_07_01,,99008d3a12c9054b12b161f23d017b3a09971734a601f52844c7d544c86b42c8,IRN,"Iran, Islamic Rep.",PA.NUS.FCRF,"Official exchange rate (LCU per US$, period average)",annual_year_columns_in_wdi_data_sheet,,1960,75.75000007575,75.75000007575,PARSED,WDIEXCEL.xlsx!Data!R198411C5
WDI_2020_07_01,,99008d3a12c9054b12b161f23d017b3a09971734a601f52844c7d544c86b42c8,IRN,"Iran, Islamic Rep.",PA.NUS.FCRF,"Official exchange rate (LCU per US$, period average)",annual_year_columns_in_wdi_data_sheet,,1961,75.75000007575,75.75000007575,PARSED,WDIEXCEL.xlsx!Data!R198411C6
WDI_2020_07_01,,99008d3a12c9054b12b161f23d017b3a09971734a601f52844c7d544c86b42c8,IRN,"Iran, Islamic Rep.",PA.NUS.FCRF,"Official exchange rate (LCU per US$, period average)",annual_year_columns_in_wdi_data_sheet,,1962,75.75000007575,75.75000007575,PARSED,WDIEXCEL.xlsx!Data!R198411C7
WDI_2020_07_01,,99008d3a12c9054b12b161f23d017b3a09971734a601f52844c7d544c86b42c8,IRN,"Iran, Islamic Rep.",PA.NUS.FCRF,"Official exchange rate (LCU per US$, period average)",annual_year_columns_in_wdi_data_sheet,,1963,75.75000007575,75.75000007575,PARSED,WDIEXCEL.xlsx!Data!R198411C8
WDI_2020_07_01,,99008d3a12c9054b12b161f23d017b3a09971734a601f52844c7d544c86b42c8,IRN,"Iran, Islamic Rep.",PA.NUS.FCRF,"Official exchange rate (LCU per US$, period average)",annual_year_columns_in_wdi_data_sheet,,1964,75.75000007575,75.75000007575,PARSED,WDIEXCEL.xlsx!Data!R198411C9
WDI_2020_07_01,,99008d3a12c9054b12b161f23d017b3a09971734a601f52844c7d544c86b42c8,IRN,"Iran, Islamic Rep.",PA.NUS.FCRF,"Official exchange rate (LCU per US$, period average)",annual_year_columns_in_wdi_data_sheet,,1965,75.75000007575,75.75000007575,PARSED,WDIEXCEL.xlsx!Data!R198411C10
WDI_2020_07_01,,99008d3a12c9054b12b161f23d017b3a09971734a601f52844c7d544c86b42c8,IRN,"Iran, Islamic Rep.",PA.NUS.FCRF,"Official exchange rate (LCU per US$, period average)",annual_year_columns_in_wdi_data_sheet,,1966,75.75000007575,75.75000007575,PARSED,WDIEXCEL.xlsx!Data!R198411C11
WDI_2020_07_01,,99008d3a12c9054b12b161f23d017b3a09971734a601f52844c7d544c86b42c8,IRN,"Iran, Islamic Rep.",PA.NUS.FCRF,"Official exchange rate (LCU per US$, period average)",annual_year_columns_in_wdi_data_sheet,,1967,75.75000007575,75.75000007575,PARSED,WDIEXCEL.xlsx!Data!R198411C12
WDI_2020_07_01,,99008d3a12c9054b12b161f23d017b3a09971734a601f52844c7d544c86b42c8,IRN,"Iran, Islamic Rep.",PA.NUS.FCRF,"Official exchange rate (LCU per US$, period average)",annual_year_columns_in_wdi_data_sheet,,1968,75.75000007575,75.75000007575,PARSED,WDIEXCEL.xlsx!Data!R198411C13
WDI_2020_07_01,,99008d3a12c9054b12b161f23d017b3a09971734a601f52844c7d544c86b42c8,IRN,"Iran, Islamic Rep.",PA.NUS.FCRF,"Official exchange rate (LCU per US$, period average)",annual_year_columns_in_wdi_data_sheet,,1969,75.75000007575,75.75000007575,PARSED,WDIEXCEL.xlsx!Data!R198411C14
WDI_2020_07_01,,99008d3a12c9054b12b161f23d017b3a09971734a601f52844c7d544c86b42c8,IRN,"Iran, Islamic Rep.",PA.NUS.FCRF,"Official exchange rate (LCU per US$, period average)",annual_year_columns_in_wdi_data_sheet,,1970,75.75000007575,75.75000007575,PARSED,WDIEXCEL.xlsx!Data!R198411C15
WDI_2020_07_01,,99008d3a12c9054b12b161f23d017b3a09971734a601f52844c7d544c86b42c8,IRN,"Iran, Islamic Rep.",PA.NUS.FCRF,"Official exchange rate (LCU per US$, period average)",annual_year_columns_in_wdi_data_sheet,,1971,75.7500000694375,75.7500000694375,PARSED,WDIEXCEL.xlsx!Data!R198411C16
WDI_2020_07_01,,99008d3a12c9054b12b161f23d017b3a09971734a601f52844c7d544c86b42c8,IRN,"Iran, Islamic Rep.",PA.NUS.FCRF,"Official exchange rate (LCU per US$, period average)",annual_year_columns_in_wdi_data_sheet,,1972,75.7499701345202,75.7499701345202,PARSED,WDIEXCEL.xlsx!Data!R198411C17
WDI_2020_07_01,,99008d3a12c9054b12b161f23d017b3a09971734a601f52844c7d544c86b42c8,IRN,"Iran, Islamic Rep.",PA.NUS.FCRF,"Official exchange rate (LCU per US$, period average)",annual_year_columns_in_wdi_data_sheet,,1973,68.8860419482585,68.8860419482585,PARSED,WDIEXCEL.xlsx!Data!R198411C18
WDI_2020_07_01,,99008d3a12c9054b12b161f23d017b3a09971734a601f52844c7d544c86b42c8,IRN,"Iran, Islamic Rep.",PA.NUS.FCRF,"Official exchange rate (LCU per US$, period average)",annual_year_columns_in_wdi_data_sheet,,1974,67.641342246617,67.641342246617,PARSED,WDIEXCEL.xlsx!Data!R198411C19
WDI_2020_07_01,,99008d3a12c9054b12b161f23d017b3a09971734a601f52844c7d544c86b42c8,IRN,"Iran, Islamic Rep.",PA.NUS.FCRF,"Official exchange rate (LCU per US$, period average)",annual_year_columns_in_wdi_data_sheet,,1975,67.6549455324406,67.6549455324406,PARSED,WDIEXCEL.xlsx!Data!R198411C20
WDI_2020_07_01,,99008d3a12c9054b12b161f23d017b3a09971734a601f52844c7d544c86b42c8,IRN,"Iran, Islamic Rep.",PA.NUS.FCRF,"Official exchange rate (LCU per US$, period average)",annual_year_columns_in_wdi_data_sheet,,1976,70.2390698610516,70.2390698610516,PARSED,WDIEXCEL.xlsx!Data!R198411C21
WDI_2020_07_01,,99008d3a12c9054b12b161f23d017b3a09971734a601f52844c7d544c86b42c8,IRN,"Iran, Islamic Rep.",PA.NUS.FCRF,"Official exchange rate (LCU per US$, period average)",annual_year_columns_in_wdi_data_sheet,,1977,70.6337318788855,70.6337318788855,PARSED,WDIEXCEL.xlsx!Data!R198411C22
WDI_2020_07_01,,99008d3a12c9054b12b161f23d017b3a09971734a601f52844c7d544c86b42c8,IRN,"Iran, Islamic Rep.",PA.NUS.FCRF,"Official exchange rate (LCU per US$, period average)",annual_year_columns_in_wdi_data_sheet,,1978,70.4920309761581,70.4920309761581,PARSED,WDIEXCEL.xlsx!Data!R198411C23
WDI_2020_07_01,,99008d3a12c9054b12b161f23d017b3a09971734a601f52844c7d544c86b42c8,IRN,"Iran, Islamic Rep.",PA.NUS.FCRF,"Official exchange rate (LCU per US$, period average)",annual_year_columns_in_wdi_data_sheet,,1979,70.4920309761581,70.4920309761581,PARSED,WDIEXCEL.xlsx!Data!R198411C24
WDI_2020_07_01,,99008d3a12c9054b12b161f23d017b3a09971734a601f52844c7d544c86b42c8,IRN,"Iran, Islamic Rep.",PA.NUS.FCRF,"Official exchange rate (LCU per US$, period average)",annual_year_columns_in_wdi_data_sheet,,1980,70.631848089676,70.631848089676,PARSED,WDIEXCEL.xlsx!Data!R198411C25
WDI_2020_07_01,,99008d3a12c9054b12b161f23d017b3a09971734a601f52844c7d544c86b42c8,IRN,"Iran, Islamic Rep.",PA.NUS.FCRF,"Official exchange rate (LCU per US$, period average)",annual_year_columns_in_wdi_data_sheet,,1981,78.3468453777361,78.3468453777361,PARSED,WDIEXCEL.xlsx!Data!R198411C26
WDI_2020_07_01,,99008d3a12c9054b12b161f23d017b3a09971734a601f52844c7d544c86b42c8,IRN,"Iran, Islamic Rep.",PA.NUS.FCRF,"Official exchange rate (LCU per US$, period average)",annual_year_columns_in_wdi_data_sheet,,1982,83.6226700245569,83.6226700245569,PARSED,WDIEXCEL.xlsx!Data!R198411C27
WDI_2020_07_01,,99008d3a12c9054b12b161f23d017b3a09971734a601f52844c7d544c86b42c8,IRN,"Iran, Islamic Rep.",PA.NUS.FCRF,"Official exchange rate (LCU per US$, period average)",annual_year_columns_in_wdi_data_sheet,,1983,86.3787358940775,86.3787358940775,PARSED,WDIEXCEL.xlsx!Data!R198411C28
WDI_2020_07_01,,99008d3a12c9054b12b161f23d017b3a09971734a601f52844c7d544c86b42c8,IRN,"Iran, Islamic Rep.",PA.NUS.FCRF,"Official exchange rate (LCU per US$, period average)",annual_year_columns_in_wdi_data_sheet,,1984,90.0514398915356,90.0514398915356,PARSED,WDIEXCEL.xlsx!Data!R198411C29
WDI_2020_07_01,,99008d3a12c9054b12b161f23d017b3a09971734a601f52844c7d544c86b42c8,IRN,"Iran, Islamic Rep.",PA.NUS.FCRF,"Official exchange rate (LCU per US$, period average)",annual_year_columns_in_wdi_data_sheet,,1985,91.0735868439752,91.0735868439752,PARSED,WDIEXCEL.xlsx!Data!R198411C30
WDI_2020_07_01,,99008d3a12c9054b12b161f23d017b3a09971734a601f52844c7d544c86b42c8,IRN,"Iran, Islamic Rep.",PA.NUS.FCRF,"Official exchange rate (LCU per US$, period average)",annual_year_columns_in_wdi_data_sheet,,1986,78.7787830685101,78.7787830685101,PARSED,WDIEXCEL.xlsx!Data!R198411C31
WDI_2020_07_01,,99008d3a12c9054b12b161f23d017b3a09971734a601f52844c7d544c86b42c8,IRN,"Iran, Islamic Rep.",PA.NUS.FCRF,"Official exchange rate (LCU per US$, period average)",annual_year_columns_in_wdi_data_sheet,,1987,71.4774357190432,71.4774357190432,PARSED,WDIEXCEL.xlsx!Data!R198411C32
WDI_2020_07_01,,99008d3a12c9054b12b161f23d017b3a09971734a601f52844c7d544c86b42c8,IRN,"Iran, Islamic Rep.",PA.NUS.FCRF,"Official exchange rate (LCU per US$, period average)",annual_year_columns_in_wdi_data_sheet,,1988,68.6997646296701,68.6997646296701,PARSED,WDIEXCEL.xlsx!Data!R198411C33
WDI_2020_07_01,,99008d3a12c9054b12b161f23d017b3a09971734a601f52844c7d544c86b42c8,IRN,"Iran, Islamic Rep.",PA.NUS.FCRF,"Official exchange rate (LCU per US$, period average)",annual_year_columns_in_wdi_data_sheet,,1989,72.0322364263672,72.0322364263672,PARSED,WDIEXCEL.xlsx!Data!R198411C34
WDI_2020_07_01,,99008d3a12c9054b12b161f23d017b3a09971734a601f52844c7d544c86b42c8,IRN,"Iran, Islamic Rep.",PA.NUS.FCRF,"Official exchange rate (LCU per US$, period average)",annual_year_columns_in_wdi_data_sheet,,1990,68.1123727149296,68.1123727149296,PARSED,WDIEXCEL.xlsx!Data!R198411C35
WDI_2020_07_01,,99008d3a12c9054b12b161f23d017b3a09971734a601f52844c7d544c86b42c8,IRN,"Iran, Islamic Rep.",PA.NUS.FCRF,"Official exchange rate (LCU per US$, period average)",annual_year_columns_in_wdi_data_sheet,,1991,67.5217300147946,67.5217300147946,PARSED,WDIEXCEL.xlsx!Data!R198411C36
WDI_2020_07_01,,99008d3a12c9054b12b161f23d017b3a09971734a601f52844c7d544c86b42c8,IRN,"Iran, Islamic Rep.",PA.NUS.FCRF,"Official exchange rate (LCU per US$, period average)",annual_year_columns_in_wdi_data_sheet,,1992,65.5678412857706,65.5678412857706,PARSED,WDIEXCEL.xlsx!Data!R198411C37
WDI_2020_07_01,,99008d3a12c9054b12b161f23d017b3a09971734a601f52844c7d544c86b42c8,IRN,"Iran, Islamic Rep.",PA.NUS.FCRF,"Official exchange rate (LCU per US$, period average)",annual_year_columns_in_wdi_data_sheet,,1993,1268.07876133881,1268.07876133881,PARSED,WDIEXCEL.xlsx!Data!R198411C38
WDI_2020_07_01,,99008d3a12c9054b12b161f23d017b3a09971734a601f52844c7d544c86b42c8,IRN,"Iran, Islamic Rep.",PA.NUS.FCRF,"Official exchange rate (LCU per US$, period average)",annual_year_columns_in_wdi_data_sheet,,1994,1749.17373625079,1749.17373625079,PARSED,WDIEXCEL.xlsx!Data!R198411C39
WDI_2020_07_01,,99008d3a12c9054b12b161f23d017b3a09971734a601f52844c7d544c86b42c8,IRN,"Iran, Islamic Rep.",PA.NUS.FCRF,"Official exchange rate (LCU per US$, period average)",annual_year_columns_in_wdi_data_sheet,,1995,1748.35024562759,1748.35024562759,PARSED,WDIEXCEL.xlsx!Data!R198411C40
WDI_2020_07_01,,99008d3a12c9054b12b161f23d017b3a09971734a601f52844c7d544c86b42c8,IRN,"Iran, Islamic Rep.",PA.NUS.FCRF,"Official exchange rate (LCU per US$, period average)",annual_year_columns_in_wdi_data_sheet,,1996,1751.18635583594,1751.18635583594,PARSED,WDIEXCEL.xlsx!Data!R198411C41
WDI_2020_07_01,,99008d3a12c9054b12b161f23d017b3a09971734a601f52844c7d544c86b42c8,IRN,"Iran, Islamic Rep.",PA.NUS.FCRF,"Official exchange rate (LCU per US$, period average)",annual_year_columns_in_wdi_data_sheet,,1997,1753.34547748286,1753.34547748286,PARSED,WDIEXCEL.xlsx!Data!R198411C42
WDI_2020_07_01,,99008d3a12c9054b12b161f23d017b3a09971734a601f52844c7d544c86b42c8,IRN,"Iran, Islamic Rep.",PA.NUS.FCRF,"Official exchange rate (LCU per US$, period average)",annual_year_columns_in_wdi_data_sheet,,1998,1752.28599459359,1752.28599459359,PARSED,WDIEXCEL.xlsx!Data!R198411C43
WDI_2020_07_01,,99008d3a12c9054b12b161f23d017b3a09971734a601f52844c7d544c86b42c8,IRN,"Iran, Islamic Rep.",PA.NUS.FCRF,"Official exchange rate (LCU per US$, period average)",annual_year_columns_in_wdi_data_sheet,,1999,1753.35494977138,1753.35494977138,PARSED,WDIEXCEL.xlsx!Data!R198411C44
WDI_2020_07_01,,99008d3a12c9054b12b161f23d017b3a09971734a601f52844c7d544c86b42c8,IRN,"Iran, Islamic Rep.",PA.NUS.FCRF,"Official exchange rate (LCU per US$, period average)",annual_year_columns_in_wdi_data_sheet,,2000,1764.85606929191,1764.85606929191,PARSED,WDIEXCEL.xlsx!Data!R198411C45
WDI_2020_07_01,,99008d3a12c9054b12b161f23d017b3a09971734a601f52844c7d544c86b42c8,IRN,"Iran, Islamic Rep.",PA.NUS.FCRF,"Official exchange rate (LCU per US$, period average)",annual_year_columns_in_wdi_data_sheet,,2001,1753.98568465785,1753.98568465785,PARSED,WDIEXCEL.xlsx!Data!R198411C46
WDI_2020_07_01,,99008d3a12c9054b12b161f23d017b3a09971734a601f52844c7d544c86b42c8,IRN,"Iran, Islamic Rep.",PA.NUS.FCRF,"Official exchange rate (LCU per US$, period average)",annual_year_columns_in_wdi_data_sheet,,2002,6907.03445561653,6907.03445561653,PARSED,WDIEXCEL.xlsx!Data!R198411C47
WDI_2020_07_01,,99008d3a12c9054b12b161f23d017b3a09971734a601f52844c7d544c86b42c8,IRN,"Iran, Islamic Rep.",PA.NUS.FCRF,"Official exchange rate (LCU per US$, period average)",annual_year_columns_in_wdi_data_sheet,,2003,8193.88751916667,8193.88751916667,PARSED,WDIEXCEL.xlsx!Data!R198411C48
WDI_2020_07_01,,99008d3a12c9054b12b161f23d017b3a09971734a601f52844c7d544c86b42c8,IRN,"Iran, Islamic Rep.",PA.NUS.FCRF,"Official exchange rate (LCU per US$, period average)",annual_year_columns_in_wdi_data_sheet,,2004,8613.98942075,8613.98942075,PARSED,WDIEXCEL.xlsx!Data!R198411C49
WDI_2020_07_01,,99008d3a12c9054b12b161f23d017b3a09971734a601f52844c7d544c86b42c8,IRN,"Iran, Islamic Rep.",PA.NUS.FCRF,"Official exchange rate (LCU per US$, period average)",annual_year_columns_in_wdi_data_sheet,,2005,8963.95890666667,8963.95890666667,PARSED,WDIEXCEL.xlsx!Data!R198411C50
WDI_2020_07_01,,99008d3a12c9054b12b161f23d017b3a09971734a601f52844c7d544c86b42c8,IRN,"Iran, Islamic Rep.",PA.NUS.FCRF,"Official exchange rate (LCU per US$, period average)",annual_year_columns_in_wdi_data_sheet,,2006,9170.9428775,9170.9428775,PARSED,WDIEXCEL.xlsx!Data!R198411C51
WDI_2020_07_01,,99008d3a12c9054b12b161f23d017b3a09971734a601f52844c7d544c86b42c8,IRN,"Iran, Islamic Rep.",PA.NUS.FCRF,"Official exchange rate (LCU per US$, period average)",annual_year_columns_in_wdi_data_sheet,,2007,9281.15182833333,9281.15182833333,PARSED,WDIEXCEL.xlsx!Data!R198411C52
WDI_2020_07_01,,99008d3a12c9054b12b161f23d017b3a09971734a601f52844c7d544c86b42c8,IRN,"Iran, Islamic Rep.",PA.NUS.FCRF,"Official exchange rate (LCU per US$, period average)",annual_year_columns_in_wdi_data_sheet,,2008,9428.52826083333,9428.52826083333,PARSED,WDIEXCEL.xlsx!Data!R198411C53
WDI_2020_07_01,,99008d3a12c9054b12b161f23d017b3a09971734a601f52844c7d544c86b42c8,IRN,"Iran, Islamic Rep.",PA.NUS.FCRF,"Official exchange rate (LCU per US$, period average)",annual_year_columns_in_wdi_data_sheet,,2009,9864.3024562682,9864.3024562682,PARSED,WDIEXCEL.xlsx!Data!R198411C54
WDI_2020_07_01,,99008d3a12c9054b12b161f23d017b3a09971734a601f52844c7d544c86b42c8,IRN,"Iran, Islamic Rep.",PA.NUS.FCRF,"Official exchange rate (LCU per US$, period average)",annual_year_columns_in_wdi_data_sheet,,2010,10254.176470289,10254.176470289,PARSED,WDIEXCEL.xlsx!Data!R198411C55
WDI_2020_07_01,,99008d3a12c9054b12b161f23d017b3a09971734a601f52844c7d544c86b42c8,IRN,"Iran, Islamic Rep.",PA.NUS.FCRF,"Official exchange rate (LCU per US$, period average)",annual_year_columns_in_wdi_data_sheet,,2011,10616.3066439076,10616.3066439076,PARSED,WDIEXCEL.xlsx!Data!R198411C56
WDI_2020_07_01,,99008d3a12c9054b12b161f23d017b3a09971734a601f52844c7d544c86b42c8,IRN,"Iran, Islamic Rep.",PA.NUS.FCRF,"Official exchange rate (LCU per US$, period average)",annual_year_columns_in_wdi_data_sheet,,2012,12175.5472222222,12175.5472222222,PARSED,WDIEXCEL.xlsx!Data!R198411C57
WDI_2020_07_01,,99008d3a12c9054b12b161f23d017b3a09971734a601f52844c7d544c86b42c8,IRN,"Iran, Islamic Rep.",PA.NUS.FCRF,"Official exchange rate (LCU per US$, period average)",annual_year_columns_in_wdi_data_sheet,,2013,18414.4480100374,18414.4480100374,PARSED,WDIEXCEL.xlsx!Data!R198411C58
WDI_2020_07_01,,99008d3a12c9054b12b161f23d017b3a09971734a601f52844c7d544c86b42c8,IRN,"Iran, Islamic Rep.",PA.NUS.FCRF,"Official exchange rate (LCU per US$, period average)",annual_year_columns_in_wdi_data_sheet,,2014,25941.6641445972,25941.6641445972,PARSED,WDIEXCEL.xlsx!Data!R198411C59
WDI_2020_07_01,,99008d3a12c9054b12b161f23d017b3a09971734a601f52844c7d544c86b42c8,IRN,"Iran, Islamic Rep.",PA.NUS.FCRF,"Official exchange rate (LCU per US$, period average)",annual_year_columns_in_wdi_data_sheet,,2015,29011.491377053,29011.491377053,PARSED,WDIEXCEL.xlsx!Data!R198411C60
WDI_2020_07_01,,99008d3a12c9054b12b161f23d017b3a09971734a601f52844c7d544c86b42c8,IRN,"Iran, Islamic Rep.",PA.NUS.FCRF,"Official exchange rate (LCU per US$, period average)",annual_year_columns_in_wdi_data_sheet,,2016,30914.8524362967,30914.8524362967,PARSED,WDIEXCEL.xlsx!Data!R198411C61
WDI_2020_07_01,,99008d3a12c9054b12b161f23d017b3a09971734a601f52844c7d544c86b42c8,IRN,"Iran, Islamic Rep.",PA.NUS.FCRF,"Official exchange rate (LCU per US$, period average)",annual_year_columns_in_wdi_data_sheet,,2017,33226.2981524127,33226.2981524127,PARSED,WDIEXCEL.xlsx!Data!R198411C62
WDI_2020_07_01,,99008d3a12c9054b12b161f23d017b3a09971734a601f52844c7d544c86b42c8,IRN,"Iran, Islamic Rep.",PA.NUS.FCRF,"Official exchange rate (LCU per US$, period average)",annual_year_columns_in_wdi_data_sheet,,2018,40864.329009777,40864.329009777,PARSED,WDIEXCEL.xlsx!Data!R198411C63
WDI_2020_07_01,,99008d3a12c9054b12b161f23d017b3a09971734a601f52844c7d544c86b42c8,IRN,"Iran, Islamic Rep.",PA.NUS.FCRF,"Official exchange rate (LCU per US$, period average)",annual_year_columns_in_wdi_data_sheet,,2019,42000,42000.0,PARSED,WDIEXCEL.xlsx!Data!R198411C64
