column_name,definition,data_type,unit,column_role,model_eligibility,source_block,source_provider_or_author_derived,temporal_reference,missing_value_semantics,derivation_or_formula,authoritative_source_path,authoritative_source_field_or_section,definition_status,limitations
FD_target_article141_only,The stricter Article-141-oriented robustness target evaluated on the PREDICTOR year t.,three_valued_1_0_missing,not_applicable,forbidden_from_model_matrix,forbidden_never_enters_the_model_feature_matrix_target_derived,M1_derived_stage122_target_construction,author_derived_from_committed_project_rules,predictor_fiscal_year_t,"Three-valued: an unknown outcome stays unknown and is never converted to a healthy zero. Missing is left missing. The Stage125 contract lists no_imputation_or_scaling among its explicit non-claims, so no released value was filled, scaled or reconstructed.","stricter Article-141 robustness definition: modified three-valued OR(fd_article141_direct, fd_accumulated_loss); with 141 absent reduces to accumulated_loss>=50%. Robustness only.",project/stage122/target_definition_stage122.csv,"row criterion=FD_target_article141_only :: label, rule",committed_target_definition,"Target-derived. Using it as a predictor produces a model that predicts the outcome from the outcome. The role map marks it forbidden_from_model_matrix; check the role map, never a name pattern. It is the SAME target construction as the t+1 outcome, one year earlier. Using it as a feature is a lagged-target design and must be declared as one; the role map forbids it by default."
FD_target_main,The composite operational financial-distress indicator evaluated on the PREDICTOR year t (not the outcome year).,three_valued_1_0_missing,not_applicable,forbidden_from_model_matrix,forbidden_never_enters_the_model_feature_matrix_target_derived,M1_derived_stage122_target_construction,author_derived_from_committed_project_rules,predictor_fiscal_year_t,"Three-valued: an unknown outcome stays unknown and is never converted to a healthy zero. Missing is left missing. The Stage125 contract lists no_imputation_or_scaling among its explicit non-claims, so no released value was filled, scaled or reconstructed.",composite operational financial distress target: modified three-valued OR with non-blocking unavailable direct Article-141 evidence. 1 if any criterion definitely 1; 0 if all evaluable quantitative criteria definitely 0; missing otherwise. NOT an Article-141 target.,project/stage122/target_definition_stage122.csv,"row criterion=FD_target_main :: label, rule",committed_target_definition,"Target-derived. Using it as a predictor produces a model that predicts the outcome from the outcome. The role map marks it forbidden_from_model_matrix; check the role map, never a name pattern. It is the SAME target construction as the t+1 outcome, one year earlier. Using it as a feature is a lagged-target design and must be declared as one; the role map forbids it by default."
FD_target_persistent_loss_robustness,The persistent-loss robustness target evaluated on the PREDICTOR year t.,three_valued_1_0_missing,not_applicable,forbidden_from_model_matrix,forbidden_never_enters_the_model_feature_matrix_target_derived,M1_derived_stage122_target_construction,author_derived_from_committed_project_rules,predictor_fiscal_year_t,"Three-valued: an unknown outcome stays unknown and is never converted to a healthy zero. Missing is left missing. The Stage125 contract lists no_imputation_or_scaling among its explicit non-claims, so no released value was filled, scaled or reconstructed.","robustness target (composite + 2-year persistent loss): modified three-valued OR(FD_target_main, two-consecutive-year net loss). Robustness only.",project/stage122/target_definition_stage122.csv,"row criterion=FD_target_persistent_loss_robustness :: label, rule",committed_target_definition,"Target-derived. Using it as a predictor produces a model that predicts the outcome from the outcome. The role map marks it forbidden_from_model_matrix; check the role map, never a name pattern. It is the SAME target construction as the t+1 outcome, one year earlier. Using it as a feature is a lagged-target design and must be declared as one; the role map forbids it by default."
distressed_flag_source_reviewed,Documented source or rule behind the upstream reviewed distress flag for the predictor year t.,string,not_applicable,forbidden_from_model_matrix,forbidden_never_enters_the_model_feature_matrix_target_derived,M1_upstream_source_panel,author_derived_from_committed_project_rules,predictor_fiscal_year_t,"Preserved as supplied by the upstream panel; the Stage121 dictionary records missing_policy = 'Preserve as supplied; no imputation was applied in this handoff.' Missing is left missing. The Stage125 contract lists no_imputation_or_scaling among its explicit non-claims, so no released value was filled, scaled or reconstructed.","Documented source/rule for reviewed target, carried forward unchanged from the upstream panel.",project/raw_handoff/financial_distress_programmer_handoff_stage121(1)/data_dictionary_stage121.csv,row column_name=distressed_flag_source_reviewed (role target_metadata),committed_dictionary,"Target-derived. Using it as a predictor produces a model that predicts the outcome from the outcome. The role map marks it forbidden_from_model_matrix; check the role map, never a name pattern. Target metadata: it describes the outcome's construction and therefore leaks it."
distressed_target_reviewed,The reviewed/canonical financial-distress target carried forward from the upstream panel for the predictor year t.,boolean_0_1,binary_0_1,forbidden_from_model_matrix,forbidden_never_enters_the_model_feature_matrix_target_derived,M1_upstream_source_panel,author_derived_from_committed_project_rules,predictor_fiscal_year_t,"Preserved as supplied by the upstream panel; the Stage121 dictionary records missing_policy = 'Preserve as supplied; no imputation was applied in this handoff.' Missing is left missing. The Stage125 contract lists no_imputation_or_scaling among its explicit non-claims, so no released value was filled, scaled or reconstructed.","Reviewed/canonical financial-distress target; 1=distressed, 0=not distressed.",project/raw_handoff/financial_distress_programmer_handoff_stage121(1)/data_dictionary_stage121.csv,row column_name=distressed_target_reviewed (role target),committed_dictionary,"Target-derived. Using it as a predictor produces a model that predicts the outcome from the outcome. The role map marks it forbidden_from_model_matrix; check the role map, never a name pattern. It is the upstream reviewed target, retained for audit. The study's own outcome is FD_target_main_t_plus_1, not this column."
equity_negative_dummy,Binary flag at fiscal year t: equity is negative.,boolean_0_1,binary_0_1,forbidden_from_model_matrix,forbidden_never_enters_the_model_feature_matrix_target_derived,M1_upstream_source_panel,author_derived_from_committed_project_rules,predictor_fiscal_year_t,"Preserved as supplied by the upstream panel; the Stage121 dictionary records missing_policy = 'Preserve as supplied; no imputation was applied in this handoff.' Missing is left missing. The Stage125 contract lists no_imputation_or_scaling among its explicit non-claims, so no released value was filled, scaled or reconstructed.",1 when equity is negative; otherwise 0.,project/raw_handoff/financial_distress_programmer_handoff_stage121(1)/data_dictionary_stage121.csv,row column_name=equity_negative_dummy (role binary_feature),committed_dictionary,"Target-derived. Using it as a predictor produces a model that predicts the outcome from the outcome. The role map marks it forbidden_from_model_matrix; check the role map, never a name pattern. It restates the fd_negative_equity criterion, which is a component of FD_target_main."
fd_accumulated_loss,Accumulated-loss criterion at fiscal year t: accumulated loss at or above half of registered capital.,three_valued_1_0_missing,not_applicable,forbidden_from_model_matrix,forbidden_never_enters_the_model_feature_matrix_target_derived,M1_derived_stage122_target_construction,author_derived_from_committed_project_rules,predictor_fiscal_year_t,"Three-valued: an indeterminate criterion is recorded as missing and never collapsed to 0. Missing is left missing. The Stage125 contract lists no_imputation_or_scaling among its explicit non-claims, so no released value was filled, scaled or reconstructed.",1 if accumulated_loss/registered_capital >= 0.5; 0 if < 0.5; missing if registered_capital <=0/missing OR accumulated_loss missing.,project/stage122/target_definition_stage122.csv,row criterion=fd_accumulated_loss :: rule,committed_target_definition,"Target-derived. Using it as a predictor produces a model that predicts the outcome from the outcome. The role map marks it forbidden_from_model_matrix; check the role map, never a name pattern."
fd_article141_direct,Direct Article-141 evidence criterion at fiscal year t.,three_valued_1_0_missing,not_applicable,forbidden_from_model_matrix,forbidden_never_enters_the_model_feature_matrix_target_derived,M1_derived_stage122_target_construction,author_derived_from_committed_project_rules,predictor_fiscal_year_t,"Three-valued: an indeterminate criterion is recorded as missing and never collapsed to 0. Missing is left missing. The Stage125 contract lists no_imputation_or_scaling among its explicit non-claims, so no released value was filled, scaled or reconstructed.",1 if direct Article-141 inclusion verified from a controlled source; 0 if non-inclusion verified; else missing. Stage121 has NO such source -> missing for ALL rows.,project/stage122/target_definition_stage122.csv,row criterion=fd_article141_direct :: rule,committed_target_definition,"Target-derived. Using it as a predictor produces a model that predicts the outcome from the outcome. The role map marks it forbidden_from_model_matrix; check the role map, never a name pattern. It is also missing for EVERY row: no controlled Article-141 source existed. It therefore carries no information at all, and exists so the composite's non-blocking treatment of it stays inspectable."
fd_negative_equity,Negative-equity criterion at fiscal year t.,three_valued_1_0_missing,not_applicable,forbidden_from_model_matrix,forbidden_never_enters_the_model_feature_matrix_target_derived,M1_derived_stage122_target_construction,author_derived_from_committed_project_rules,predictor_fiscal_year_t,"Three-valued: an indeterminate criterion is recorded as missing and never collapsed to 0. Missing is left missing. The Stage125 contract lists no_imputation_or_scaling among its explicit non-claims, so no released value was filled, scaled or reconstructed.",1 if equity<0; 0 if equity>=0; missing if equity missing.,project/stage122/target_definition_stage122.csv,row criterion=fd_negative_equity :: rule,committed_target_definition,"Target-derived. Using it as a predictor produces a model that predicts the outcome from the outcome. The role map marks it forbidden_from_model_matrix; check the role map, never a name pattern."
fd_ocf_high_leverage,Combined criterion at fiscal year t: negative operating cash flow together with high leverage.,three_valued_1_0_missing,not_applicable,forbidden_from_model_matrix,forbidden_never_enters_the_model_feature_matrix_target_derived,M1_derived_stage122_target_construction,author_derived_from_committed_project_rules,predictor_fiscal_year_t,"Three-valued: an indeterminate criterion is recorded as missing and never collapsed to 0. Missing is left missing. The Stage125 contract lists no_imputation_or_scaling among its explicit non-claims, so no released value was filled, scaled or reconstructed.",1 if OCF<0 AND liabilities/assets>0.70; definite 0 if OCF>=0 OR leverage<=0.70; missing otherwise (three-valued).,project/stage122/target_definition_stage122.csv,row criterion=fd_ocf_high_leverage :: rule,committed_target_definition,"Target-derived. Using it as a predictor produces a model that predicts the outcome from the outcome. The role map marks it forbidden_from_model_matrix; check the role map, never a name pattern."
loss_dummy,Binary flag at fiscal year t: the source's loss condition is met.,boolean_0_1,binary_0_1,forbidden_from_model_matrix,forbidden_never_enters_the_model_feature_matrix_target_derived,M1_upstream_source_panel,author_derived_from_committed_project_rules,predictor_fiscal_year_t,"Preserved as supplied by the upstream panel; the Stage121 dictionary records missing_policy = 'Preserve as supplied; no imputation was applied in this handoff.' Missing is left missing. The Stage125 contract lists no_imputation_or_scaling among its explicit non-claims, so no released value was filled, scaled or reconstructed.",1 when loss condition is met under source rule; otherwise 0.,project/raw_handoff/financial_distress_programmer_handoff_stage121(1)/data_dictionary_stage121.csv,row column_name=loss_dummy (role binary_feature),committed_dictionary,"Target-derived. Using it as a predictor produces a model that predicts the outcome from the outcome. The role map marks it forbidden_from_model_matrix; check the role map, never a name pattern. It is a component of the persistent-loss robustness target."
positive_target_reasons,"For a definite-positive predictor year t, the list of ALL criteria that were active, pipe-separated.",string,not_applicable,forbidden_from_model_matrix,forbidden_never_enters_the_model_feature_matrix_target_derived,M1_derived_stage122_target_construction,author_derived_from_committed_project_rules,predictor_fiscal_year_t,"Empty string for every row whose FD_target_main is not definitely 1. Empty means 'not a definite positive', never 'unknown reason'.","For every row with FD_target_main == 1, joins the active criteria among accumulated_loss, negative_equity, ocf_high_leverage and article141_direct with ' | '.",project/src/stage122.py,positive_target_reasons(),frozen_generator_code,"Target-derived. Using it as a predictor produces a model that predicts the outcome from the outcome. The role map marks it forbidden_from_model_matrix; check the role map, never a name pattern. It states exactly why a row is positive, so it is the most direct target leak in the file."
target_missing_reason,"For a predictor year t whose target is missing, the exact inputs that blocked the determination.",string,not_applicable,forbidden_from_model_matrix,forbidden_never_enters_the_model_feature_matrix_target_derived,M1_derived_stage122_target_construction,author_derived_from_committed_project_rules,predictor_fiscal_year_t,"Empty string for every row whose FD_target_main is determinate. Empty means 'the target was determinable', never 'unknown'.","For every row with a missing FD_target_main, emits the tokens naming the unavailable inputs (for example missing_accumulated_loss_and_capital, missing_or_invalid_registered_capital).",project/src/stage122.py,target_missing_reason(),frozen_generator_code,"Target-derived. Using it as a predictor produces a model that predicts the outcome from the outcome. The role map marks it forbidden_from_model_matrix; check the role map, never a name pattern. It is the audit trail for the three-valued outcome: 28 upstream rows are preserved as unknown rather than converted to a healthy zero."
target_status_reviewed,Status label describing how the upstream reviewed target was constructed for the predictor year t.,string,not_applicable,forbidden_from_model_matrix,forbidden_never_enters_the_model_feature_matrix_target_derived,M1_upstream_source_panel,author_derived_from_committed_project_rules,predictor_fiscal_year_t,"Preserved as supplied by the upstream panel; the Stage121 dictionary records missing_policy = 'Preserve as supplied; no imputation was applied in this handoff.' Missing is left missing. The Stage125 contract lists no_imputation_or_scaling among its explicit non-claims, so no released value was filled, scaled or reconstructed.","Status of reviewed target construction, carried forward unchanged from the upstream panel.",project/raw_handoff/financial_distress_programmer_handoff_stage121(1)/data_dictionary_stage121.csv,row column_name=target_status_reviewed (role target_metadata),committed_dictionary,"Target-derived. Using it as a predictor produces a model that predicts the outcome from the outcome. The role map marks it forbidden_from_model_matrix; check the role map, never a name pattern. Target metadata: it describes the outcome's construction and therefore leaks it."
company_name,Company name attached to the predictor company-year row.,string,not_applicable,identifier,identifier_not_a_predictor_feature,M1_upstream_source_panel,provider_CODAL_label_compiled_by_the_authors,point_in_time_company_year,"Recorded as a provenance gap where absent: the Stage125 dictionary records 7 missing rows in the upstream panel, not imputed. Missing is left missing. The Stage125 contract lists no_imputation_or_scaling among its explicit non-claims, so no released value was filled, scaled or reconstructed.",Copied byte-for-byte from the frozen Gate B pair row; the Part 3C builder copies this column and never recomputes it.,project/stage125/data_dictionary_stage125.csv,"row variable_name=company_name (block M1, provenance_status in_use_partial_gap)",committed_dictionary,"A display label, not a key. Join on `ticker` or on the row keys, never on the name."
fiscal_year_t,Jalali fiscal year of the PREDICTOR row of the pair — the year whose statement supplies every predictor value.,integer,jalali_year,identifier,identifier_not_a_predictor_feature,M1_derived_stage123_pair_construction,author_assigned_key_or_label,predictor_fiscal_year_t,Never missing: the Part 3C builder parses it as an integer and aborts if it is unparseable or disagrees with the joined predictor row.,Stage123 pair construction sets fiscal_year_t = the predictor row's Jalali fiscal_year.,project/src/stage123.py,build_pairs123() :: rows.append({'fiscal_year_t': r.year}),frozen_generator_code,Jalali years 1392-1402 only. No Gregorian span is claimed for the sample.
industry,"Industry classification label of the predictor company-year row, as recorded in the upstream panel.",string,not_applicable,identifier,identifier_not_a_predictor_feature,M1_upstream_source_panel,provider_CODAL_label_compiled_by_the_authors,point_in_time_company_year,"Recorded as a provenance gap where absent: the Stage125 dictionary records 29 missing rows in the upstream panel, not imputed. Missing is left missing. The Stage125 contract lists no_imputation_or_scaling among its explicit non-claims, so no released value was filled, scaled or reconstructed.",Copied byte-for-byte from the joined Stage123 predictor row for fiscal year t; the Part 3C builder copies this column and never recomputes it.,project/stage125/data_dictionary_stage125.csv,"row variable_name=industry (block M1, provenance_status in_use_partial_gap)",committed_dictionary,"Free-text sector label; the Stage121 dictionary defers any encoding decision to modeling. Financial-industry firms are excluded from the main sample by an explicit, version-controlled company mapping, not by matching this text."
predictor_row_key_t,"Stage123 row key of the predictor company-year row, used to join the pair to the frozen panel.",string,not_applicable,identifier,identifier_not_a_predictor_feature,M1_derived_stage123_pair_construction,author_assigned_key_or_label,predictor_fiscal_year_t,Never missing: Part 3C requires exactly one Stage123 match per key and aborts on a missing or duplicated join.,predictor_row_key_t == stage123.row_key; exactly one match. The row key itself is ticker + fiscal_year.,project/stage125/part3c_leakage_safe_dataset_contract_stage125.json,predictor_join_rule,committed_contract,An internal project key. It is not a provider identifier and resolves to nothing outside this dataset.
row_key_predictor,"The predictor row's own Stage123 row key as read back from the joined panel row — the join's answer, held next to the join's question in predictor_row_key_t.",string,not_applicable,identifier,identifier_not_a_predictor_feature,M1_derived_stage125_part3c,author_assigned_key_or_label,predictor_fiscal_year_t,Not applicable: the value is populated on every released row because the generator assigns it unconditionally. Nothing was imputed to make that true.,"row['row_key_predictor'] = pred['row_key'], where pred is the single Stage123 row matched by predictor_row_key_t.",project/src/stage125_part3c_leakage_safe_dataset_finalization.py,build_design_rows() :: row['row_key_predictor'] = pred['row_key'],frozen_generator_code,Deliberately redundant with predictor_row_key_t so a broken join is visible in the released file rather than only in the builder. Redundancy is the point; it carries no extra information.
sample_design,"Which of the four locked sample designs the file belongs to: main_rule_a_primary, main_rule_b_listing_robustness, expanded_rule_a_company_scope_robustness or expanded_rule_b_combined_robustness.",categorical,not_applicable,identifier,identifier_not_a_predictor_feature,M1_derived_stage125_part3c,author_derived_from_committed_project_rules,design_constant_within_a_released_file,Not applicable: the value is populated on every released row because the generator assigns it unconditionally. Nothing was imputed to make that true.,"row['sample_design'] = design, set once per released file from the four locked design names.",project/stage125/part3c_leakage_safe_dataset_contract_stage125.json,four_locked_sample_designs,committed_contract,Constant within each released file. Only main_rule_a_primary is the primary surface; the other three are prespecified robustness surfaces and a result quoted from one of them is a robustness result.
target_row_key_t_plus_1,"Stage123 row key of the outcome company-year row (t+1), used for the identity and fiscal-year-end audit of the pair.",string,not_applicable,identifier,identifier_not_a_predictor_feature,M1_derived_stage123_pair_construction,author_assigned_key_or_label,target_fiscal_year_t_plus_1,Never missing: Part 3C requires exactly one Stage123 match per key and aborts on a missing or duplicated join.,target_row_key_t_plus_1 == stage123.row_key; exactly one match; identity/FYE audit only.,project/stage125/part3c_leakage_safe_dataset_contract_stage125.json,target_join_rule,committed_contract,Used for the identity audit and the outcome copy. It is not a predictor and must not be treated as one.
target_year,Jalali fiscal year of the OUTCOME row of the pair; always fiscal_year_t + 1.,integer,jalali_year,identifier,identifier_not_a_predictor_feature,M1_derived_stage123_pair_construction,author_assigned_key_or_label,target_fiscal_year_t_plus_1,Never missing: the Part 3C builder aborts unless target_year == fiscal_year_t + 1 for every row.,Stage123 pair construction sets target_year = fiscal_year_t + 1; Part 3C re-asserts the relation per row.,project/src/stage123.py,build_pairs123() :: rows.append({'target_year': r.year + 1}),frozen_generator_code,One-year-ahead horizon only. The panel supports no other prediction horizon without rebuilding the pair surface.
ticker,Canonical Tehran Stock Exchange / Fara Bourse ticker symbol of the company the company-year pair belongs to.,string,not_applicable,identifier,identifier_not_a_predictor_feature,M1_upstream_source_panel,author_assigned_key_or_label,point_in_time_company_year,"Never missing: the pair surface is keyed on it and the Part 3C builder aborts on a ticker mismatch between the pair, the predictor row and the target row.",Copied from the frozen Gate B pair row; the Part 3C builder cross-checks it against both joined Stage123 rows and raises QCFail on any disagreement.,project/stage125/data_dictionary_stage125.csv,"row variable_name=ticker (block M1, role identifier)",committed_dictionary,Ticker identity only. It is not a company legal identifier and it is not stable against a market-wide re-listing.
unit,Unit of the raw financial-statement amounts recorded for the predictor row.,string,not_applicable,identifier,identifier_not_a_predictor_feature,M1_upstream_source_panel,provider_CODAL_label_compiled_by_the_authors,predictor_fiscal_year_t,"An empty unit makes the row fail eligible_source_quality, so it is recorded rather than filled. Missing is left missing. The Stage125 contract lists no_imputation_or_scaling among its explicit non-claims, so no released value was filled, scaled or reconstructed.",Copied byte-for-byte from the joined Stage123 predictor row for fiscal year t; the Part 3C builder copies this column and never recomputes it.,project/raw_handoff/financial_distress_programmer_handoff_stage121(1)/data_dictionary_stage121.csv,row column_name=unit (role metadata),committed_dictionary,Declares the monetary scale of the level columns. It is not a currency conversion and it carries no deflator.
accumulated_loss,"Accumulated loss / retained deficit at fiscal year t, as standardized by the upstream panel.",numeric,million_IRR,predictor_candidate,candidate_inventory_only_pending_part4_sap_not_approved_for_model_entry,M1_upstream_source_panel,provider_CODAL_statement_line_item_compiled_by_the_authors,predictor_fiscal_year_t,"Preserved as supplied by the upstream panel; the Stage121 dictionary records missing_policy = 'Preserve as supplied; no imputation was applied in this handoff.' Missing is left missing. The Stage125 contract lists no_imputation_or_scaling among its explicit non-claims, so no released value was filled, scaled or reconstructed.",Statement line item compiled by the authors from the annual separate/parent-company CODAL filing. Copied byte-for-byte from the joined Stage123 predictor row for fiscal year t; the Part 3C builder copies this column and never recomputes it.,project/raw_handoff/financial_distress_programmer_handoff_stage121(1)/data_dictionary_stage121.csv,row column_name=accumulated_loss :: definition = 'Accumulated loss / retained deficit as standardized',committed_dictionary,"Nominal monetary level. The study period covers years of high inflation in Iran and no deflation, currency conversion or purchasing-power adjustment was applied; the per-row monetary scale is recorded in the `unit` column. Cross-year comparison of nominal levels is the reuser's responsibility."
accumulated_loss_to_capital_ratio,Accumulated loss relative to registered capital at fiscal year t.,numeric,ratio,predictor_candidate,candidate_inventory_only_pending_part4_sap_not_approved_for_model_entry,M1_upstream_source_panel,author_compiled_ratio_over_CODAL_line_items,predictor_fiscal_year_t,"Preserved as supplied by the upstream panel; the Stage121 dictionary records missing_policy = 'Preserve as supplied; no imputation was applied in this handoff.' Missing is left missing. The Stage125 contract lists no_imputation_or_scaling among its explicit non-claims, so no released value was filled, scaled or reconstructed.",accumulated_loss / registered_capital. Supplied as a stored ratio in the upstream panel and copied byte-for-byte from the joined Stage123 predictor row for fiscal year t; the Part 3C builder copies this column and never recomputes it.,project/raw_handoff/financial_distress_programmer_handoff_stage121(1)/data_dictionary_stage121.csv,row column_name=accumulated_loss_to_capital_ratio :: definition = 'accumulated_loss / registered_capital',committed_dictionary,"Supplied as a stored ratio in the upstream panel and reconciled by QC as arithmetic agreement with its stored components, not re-audited against the original filing. QC coverage differs by check (1,273-1,312 of 1,331 upstream rows evaluable); zero mismatches among evaluable rows says nothing about rows that could not be evaluated. It is also the quantity the fd_accumulated_loss target criterion thresholds at 0.5, so it sits very close to the outcome; the Part 4 plan removes it from the primary feature set on target-proximity grounds."
asset_turnover_period_adjusted,Period-adjusted revenue relative to total assets at fiscal year t.,numeric,ratio,predictor_candidate,candidate_inventory_only_pending_part4_sap_not_approved_for_model_entry,M1_upstream_source_panel,author_compiled_ratio_over_CODAL_line_items,predictor_fiscal_year_t,"Preserved as supplied by the upstream panel; the Stage121 dictionary records missing_policy = 'Preserve as supplied; no imputation was applied in this handoff.' Missing is left missing. The Stage125 contract lists no_imputation_or_scaling among its explicit non-claims, so no released value was filled, scaled or reconstructed.",revenue_period_adjusted / total_assets. Supplied as a stored ratio in the upstream panel and copied byte-for-byte from the joined Stage123 predictor row for fiscal year t; the Part 3C builder copies this column and never recomputes it.,project/raw_handoff/financial_distress_programmer_handoff_stage121(1)/data_dictionary_stage121.csv,row column_name=asset_turnover_period_adjusted :: definition = 'revenue_period_adjusted / total_assets',committed_dictionary,"Supplied as a stored ratio in the upstream panel and reconciled by QC as arithmetic agreement with its stored components, not re-audited against the original filing. QC coverage differs by check (1,273-1,312 of 1,331 upstream rows evaluable); zero mismatches among evaluable rows says nothing about rows that could not be evaluated."
current_assets,Current assets of the company at fiscal year t.,numeric,million_IRR,predictor_candidate,candidate_inventory_only_pending_part4_sap_not_approved_for_model_entry,M1_upstream_source_panel,provider_CODAL_statement_line_item_compiled_by_the_authors,predictor_fiscal_year_t,"Preserved as supplied by the upstream panel; the Stage121 dictionary records missing_policy = 'Preserve as supplied; no imputation was applied in this handoff.' Missing is left missing. The Stage125 contract lists no_imputation_or_scaling among its explicit non-claims, so no released value was filled, scaled or reconstructed.",Statement line item compiled by the authors from the annual separate/parent-company CODAL filing. Copied byte-for-byte from the joined Stage123 predictor row for fiscal year t; the Part 3C builder copies this column and never recomputes it.,project/raw_handoff/financial_distress_programmer_handoff_stage121(1)/data_dictionary_stage121.csv,row column_name=current_assets :: definition = 'Current assets',committed_dictionary,"Nominal monetary level. The study period covers years of high inflation in Iran and no deflation, currency conversion or purchasing-power adjustment was applied; the per-row monetary scale is recorded in the `unit` column. Cross-year comparison of nominal levels is the reuser's responsibility."
current_liabilities,Current liabilities of the company at fiscal year t.,numeric,million_IRR,predictor_candidate,candidate_inventory_only_pending_part4_sap_not_approved_for_model_entry,M1_upstream_source_panel,provider_CODAL_statement_line_item_compiled_by_the_authors,predictor_fiscal_year_t,"Preserved as supplied by the upstream panel; the Stage121 dictionary records missing_policy = 'Preserve as supplied; no imputation was applied in this handoff.' Missing is left missing. The Stage125 contract lists no_imputation_or_scaling among its explicit non-claims, so no released value was filled, scaled or reconstructed.",Statement line item compiled by the authors from the annual separate/parent-company CODAL filing. Copied byte-for-byte from the joined Stage123 predictor row for fiscal year t; the Part 3C builder copies this column and never recomputes it.,project/raw_handoff/financial_distress_programmer_handoff_stage121(1)/data_dictionary_stage121.csv,row column_name=current_liabilities :: definition = 'Current liabilities',committed_dictionary,"Nominal monetary level. The study period covers years of high inflation in Iran and no deflation, currency conversion or purchasing-power adjustment was applied; the per-row monetary scale is recorded in the `unit` column. Cross-year comparison of nominal levels is the reuser's responsibility."
current_ratio,"Liquidity: current assets relative to current liabilities, at fiscal year t.",numeric,ratio,predictor_candidate,candidate_inventory_only_pending_part4_sap_not_approved_for_model_entry,M1_upstream_source_panel,author_compiled_ratio_over_CODAL_line_items,predictor_fiscal_year_t,"Preserved as supplied by the upstream panel; the Stage121 dictionary records missing_policy = 'Preserve as supplied; no imputation was applied in this handoff.' Missing is left missing. The Stage125 contract lists no_imputation_or_scaling among its explicit non-claims, so no released value was filled, scaled or reconstructed.",current_assets / current_liabilities. Supplied as a stored ratio in the upstream panel and copied byte-for-byte from the joined Stage123 predictor row for fiscal year t; the Part 3C builder copies this column and never recomputes it.,project/raw_handoff/financial_distress_programmer_handoff_stage121(1)/data_dictionary_stage121.csv,row column_name=current_ratio :: definition = 'current_assets / current_liabilities',committed_dictionary,"Supplied as a stored ratio in the upstream panel and reconciled by QC as arithmetic agreement with its stored components, not re-audited against the original filing. QC coverage differs by check (1,273-1,312 of 1,331 upstream rows evaluable); zero mismatches among evaluable rows says nothing about rows that could not be evaluated."
debt_to_equity,Total liabilities relative to equity at fiscal year t.,numeric,ratio,predictor_candidate,candidate_inventory_only_pending_part4_sap_not_approved_for_model_entry,M1_upstream_source_panel,author_compiled_ratio_over_CODAL_line_items,predictor_fiscal_year_t,"Preserved as supplied by the upstream panel; the Stage121 dictionary records missing_policy = 'Preserve as supplied; no imputation was applied in this handoff.' Missing is left missing. The Stage125 contract lists no_imputation_or_scaling among its explicit non-claims, so no released value was filled, scaled or reconstructed.",total_liabilities / equity. Supplied as a stored ratio in the upstream panel and copied byte-for-byte from the joined Stage123 predictor row for fiscal year t; the Part 3C builder copies this column and never recomputes it.,project/raw_handoff/financial_distress_programmer_handoff_stage121(1)/data_dictionary_stage121.csv,row column_name=debt_to_equity :: definition = 'total_liabilities / equity',committed_dictionary,"Supplied as a stored ratio in the upstream panel and reconciled by QC as arithmetic agreement with its stored components, not re-audited against the original filing. QC coverage differs by check (1,273-1,312 of 1,331 upstream rows evaluable); zero mismatches among evaluable rows says nothing about rows that could not be evaluated."
equity,Total equity of the company at fiscal year t.,numeric,million_IRR,predictor_candidate,candidate_inventory_only_pending_part4_sap_not_approved_for_model_entry,M1_upstream_source_panel,provider_CODAL_statement_line_item_compiled_by_the_authors,predictor_fiscal_year_t,"Preserved as supplied by the upstream panel; the Stage121 dictionary records missing_policy = 'Preserve as supplied; no imputation was applied in this handoff.' Missing is left missing. The Stage125 contract lists no_imputation_or_scaling among its explicit non-claims, so no released value was filled, scaled or reconstructed.",Statement line item compiled by the authors from the annual separate/parent-company CODAL filing. Copied byte-for-byte from the joined Stage123 predictor row for fiscal year t; the Part 3C builder copies this column and never recomputes it.,project/raw_handoff/financial_distress_programmer_handoff_stage121(1)/data_dictionary_stage121.csv,row column_name=equity :: definition = 'Total equity',committed_dictionary,"Nominal monetary level. The study period covers years of high inflation in Iran and no deflation, currency conversion or purchasing-power adjustment was applied; the per-row monetary scale is recorded in the `unit` column. Cross-year comparison of nominal levels is the reuser's responsibility."
equity_ratio,Equity relative to total assets at fiscal year t.,numeric,ratio,predictor_candidate,candidate_inventory_only_pending_part4_sap_not_approved_for_model_entry,M1_upstream_source_panel,author_compiled_ratio_over_CODAL_line_items,predictor_fiscal_year_t,"Preserved as supplied by the upstream panel; the Stage121 dictionary records missing_policy = 'Preserve as supplied; no imputation was applied in this handoff.' Missing is left missing. The Stage125 contract lists no_imputation_or_scaling among its explicit non-claims, so no released value was filled, scaled or reconstructed.",equity / total_assets. Supplied as a stored ratio in the upstream panel and copied byte-for-byte from the joined Stage123 predictor row for fiscal year t; the Part 3C builder copies this column and never recomputes it.,project/raw_handoff/financial_distress_programmer_handoff_stage121(1)/data_dictionary_stage121.csv,row column_name=equity_ratio :: definition = 'equity / total_assets',committed_dictionary,"Supplied as a stored ratio in the upstream panel and reconciled by QC as arithmetic agreement with its stored components, not re-audited against the original filing. QC coverage differs by check (1,273-1,312 of 1,331 upstream rows evaluable); zero mismatches among evaluable rows says nothing about rows that could not be evaluated."
financial_expense_period_adjusted,"Financial expense for fiscal year t, adjusted to the canonical annual period. Expenses may carry a negative sign under the source's own convention.",numeric,million_IRR,predictor_candidate,candidate_inventory_only_pending_part4_sap_not_approved_for_model_entry,M1_upstream_source_panel,provider_CODAL_statement_line_item_compiled_by_the_authors,predictor_fiscal_year_t,"Preserved as supplied by the upstream panel; the Stage121 dictionary records missing_policy = 'Preserve as supplied; no imputation was applied in this handoff.' Missing is left missing. The Stage125 contract lists no_imputation_or_scaling among its explicit non-claims, so no released value was filled, scaled or reconstructed.",Statement line item compiled by the authors from the annual separate/parent-company CODAL filing. Copied byte-for-byte from the joined Stage123 predictor row for fiscal year t; the Part 3C builder copies this column and never recomputes it.,project/raw_handoff/financial_distress_programmer_handoff_stage121(1)/data_dictionary_stage121.csv,row column_name=financial_expense_period_adjusted :: definition = 'Financial expense adjusted to the canonical period; expenses may be negative per source sign convention',committed_dictionary,"Nominal monetary level. The study period covers years of high inflation in Iran and no deflation, currency conversion or purchasing-power adjustment was applied; the per-row monetary scale is recorded in the `unit` column. Cross-year comparison of nominal levels is the reuser's responsibility."
financial_expense_to_assets_period_adjusted,Period-adjusted financial expense relative to total assets at fiscal year t.,numeric,ratio,predictor_candidate,candidate_inventory_only_pending_part4_sap_not_approved_for_model_entry,M1_upstream_source_panel,author_compiled_ratio_over_CODAL_line_items,predictor_fiscal_year_t,"Preserved as supplied by the upstream panel; the Stage121 dictionary records missing_policy = 'Preserve as supplied; no imputation was applied in this handoff.' Missing is left missing. The Stage125 contract lists no_imputation_or_scaling among its explicit non-claims, so no released value was filled, scaled or reconstructed.",financial_expense_period_adjusted / total_assets. Supplied as a stored ratio in the upstream panel and copied byte-for-byte from the joined Stage123 predictor row for fiscal year t; the Part 3C builder copies this column and never recomputes it.,project/raw_handoff/financial_distress_programmer_handoff_stage121(1)/data_dictionary_stage121.csv,row column_name=financial_expense_to_assets_period_adjusted :: definition = 'financial_expense_period_adjusted / total_assets',committed_dictionary,"Supplied as a stored ratio in the upstream panel and reconciled by QC as arithmetic agreement with its stored components, not re-audited against the original filing. QC coverage differs by check (1,273-1,312 of 1,331 upstream rows evaluable); zero mismatches among evaluable rows says nothing about rows that could not be evaluated."
financial_expense_to_revenue_period_adjusted,Period-adjusted financial expense relative to revenue at fiscal year t.,numeric,ratio,predictor_candidate,candidate_inventory_only_pending_part4_sap_not_approved_for_model_entry,M1_upstream_source_panel,author_compiled_ratio_over_CODAL_line_items,predictor_fiscal_year_t,"Preserved as supplied by the upstream panel; the Stage121 dictionary records missing_policy = 'Preserve as supplied; no imputation was applied in this handoff.' Missing is left missing. The Stage125 contract lists no_imputation_or_scaling among its explicit non-claims, so no released value was filled, scaled or reconstructed.",financial_expense_period_adjusted / revenue_period_adjusted. Supplied as a stored ratio in the upstream panel and copied byte-for-byte from the joined Stage123 predictor row for fiscal year t; the Part 3C builder copies this column and never recomputes it.,project/raw_handoff/financial_distress_programmer_handoff_stage121(1)/data_dictionary_stage121.csv,row column_name=financial_expense_to_revenue_period_adjusted :: definition = 'financial_expense_period_adjusted / revenue_period_adjusted',committed_dictionary,"Supplied as a stored ratio in the upstream panel and reconciled by QC as arithmetic agreement with its stored components, not re-audited against the original filing. QC coverage differs by check (1,273-1,312 of 1,331 upstream rows evaluable); zero mismatches among evaluable rows says nothing about rows that could not be evaluated."
gross_margin_period_adjusted,Period-adjusted gross profit relative to revenue at fiscal year t.,numeric,ratio,predictor_candidate,candidate_inventory_only_pending_part4_sap_not_approved_for_model_entry,M1_upstream_source_panel,author_compiled_ratio_over_CODAL_line_items,predictor_fiscal_year_t,"Material missingness remains. The Stage121 dictionary records missing_policy = 'Do not fill automatically; handle only inside the modeling pipeline with a documented train-only strategy.' Missing is left missing. The Stage125 contract lists no_imputation_or_scaling among its explicit non-claims, so no released value was filled, scaled or reconstructed.",gross_profit_period_adjusted / revenue_period_adjusted. Supplied as a stored ratio in the upstream panel and copied byte-for-byte from the joined Stage123 predictor row for fiscal year t; the Part 3C builder copies this column and never recomputes it.,project/raw_handoff/financial_distress_programmer_handoff_stage121(1)/data_dictionary_stage121.csv,row column_name=gross_margin_period_adjusted :: definition = 'gross_profit_period_adjusted / revenue_period_adjusted',committed_dictionary,"Supplied as a stored ratio in the upstream panel and reconciled by QC as arithmetic agreement with its stored components, not re-audited against the original filing. QC coverage differs by check (1,273-1,312 of 1,331 upstream rows evaluable); zero mismatches among evaluable rows says nothing about rows that could not be evaluated."
gross_profit_period_adjusted,"Gross profit for fiscal year t, adjusted to the canonical annual period.",numeric,million_IRR,predictor_candidate,candidate_inventory_only_pending_part4_sap_not_approved_for_model_entry,M1_upstream_source_panel,provider_CODAL_statement_line_item_compiled_by_the_authors,predictor_fiscal_year_t,"Material missingness remains. The Stage121 dictionary records missing_policy = 'Do not fill automatically; handle only inside the modeling pipeline with a documented train-only strategy.' Missing is left missing. The Stage125 contract lists no_imputation_or_scaling among its explicit non-claims, so no released value was filled, scaled or reconstructed.",Statement line item compiled by the authors from the annual separate/parent-company CODAL filing. Copied byte-for-byte from the joined Stage123 predictor row for fiscal year t; the Part 3C builder copies this column and never recomputes it.,project/raw_handoff/financial_distress_programmer_handoff_stage121(1)/data_dictionary_stage121.csv,row column_name=gross_profit_period_adjusted (role raw_feature_optional) :: 'Gross profit adjusted to the canonical period; material missingness remains',committed_dictionary,"Nominal monetary level. The study period covers years of high inflation in Iran and no deflation, currency conversion or purchasing-power adjustment was applied; the per-row monetary scale is recorded in the `unit` column. Cross-year comparison of nominal levels is the reuser's responsibility. Material missingness remains, and gross_profit_resolution_status records why per row."
leverage_ratio,"Leverage: total liabilities relative to total assets, at fiscal year t.",numeric,ratio,predictor_candidate,candidate_inventory_only_pending_part4_sap_not_approved_for_model_entry,M1_upstream_source_panel,author_compiled_ratio_over_CODAL_line_items,predictor_fiscal_year_t,"Preserved as supplied by the upstream panel; the Stage121 dictionary records missing_policy = 'Preserve as supplied; no imputation was applied in this handoff.' Missing is left missing. The Stage125 contract lists no_imputation_or_scaling among its explicit non-claims, so no released value was filled, scaled or reconstructed.",total_liabilities / total_assets. Supplied as a stored ratio in the upstream panel and copied byte-for-byte from the joined Stage123 predictor row for fiscal year t; the Part 3C builder copies this column and never recomputes it.,project/raw_handoff/financial_distress_programmer_handoff_stage121(1)/data_dictionary_stage121.csv,row column_name=leverage_ratio :: definition = 'total_liabilities / total_assets',committed_dictionary,"Supplied as a stored ratio in the upstream panel and reconciled by QC as arithmetic agreement with its stored components, not re-audited against the original filing. QC coverage differs by check (1,273-1,312 of 1,331 upstream rows evaluable); zero mismatches among evaluable rows says nothing about rows that could not be evaluated. It is also an input to the fd_ocf_high_leverage target criterion (threshold 0.70), so it sits close to the outcome; the Part 4 plan removes it from the primary feature set on target-proximity grounds."
net_income_growth_period_adjusted,Period-adjusted year-over-year net-income growth into fiscal year t.,numeric,ratio,predictor_candidate,candidate_inventory_only_pending_part4_sap_not_approved_for_model_entry,M1_upstream_source_panel,author_compiled_ratio_over_CODAL_line_items,predictor_fiscal_year_t,"Preserved as supplied by the upstream panel; the Stage121 dictionary records missing_policy = 'Preserve as supplied; no imputation was applied in this handoff.' Missing is left missing. The Stage125 contract lists no_imputation_or_scaling among its explicit non-claims, so no released value was filled, scaled or reconstructed.",period-adjusted year-over-year net-income growth. Supplied as a stored ratio in the upstream panel and copied byte-for-byte from the joined Stage123 predictor row for fiscal year t; the Part 3C builder copies this column and never recomputes it.,project/raw_handoff/financial_distress_programmer_handoff_stage121(1)/data_dictionary_stage121.csv,row column_name=net_income_growth_period_adjusted :: definition = 'period-adjusted year-over-year net-income growth',committed_dictionary,"Supplied as a stored ratio in the upstream panel and reconciled by QC as arithmetic agreement with its stored components, not re-audited against the original filing. QC coverage differs by check (1,273-1,312 of 1,331 upstream rows evaluable); zero mismatches among evaluable rows says nothing about rows that could not be evaluated."
net_income_period_adjusted,"Net income for fiscal year t, adjusted to the canonical annual period.",numeric,million_IRR,predictor_candidate,candidate_inventory_only_pending_part4_sap_not_approved_for_model_entry,M1_upstream_source_panel,provider_CODAL_statement_line_item_compiled_by_the_authors,predictor_fiscal_year_t,"Preserved as supplied by the upstream panel; the Stage121 dictionary records missing_policy = 'Preserve as supplied; no imputation was applied in this handoff.' Missing is left missing. The Stage125 contract lists no_imputation_or_scaling among its explicit non-claims, so no released value was filled, scaled or reconstructed.",Statement line item compiled by the authors from the annual separate/parent-company CODAL filing. Copied byte-for-byte from the joined Stage123 predictor row for fiscal year t; the Part 3C builder copies this column and never recomputes it.,project/raw_handoff/financial_distress_programmer_handoff_stage121(1)/data_dictionary_stage121.csv,row column_name=net_income_period_adjusted :: definition = 'Net income adjusted to the canonical period',committed_dictionary,"Nominal monetary level. The study period covers years of high inflation in Iran and no deflation, currency conversion or purchasing-power adjustment was applied; the per-row monetary scale is recorded in the `unit` column. Cross-year comparison of nominal levels is the reuser's responsibility."
net_margin_period_adjusted,Period-adjusted net income relative to revenue at fiscal year t.,numeric,ratio,predictor_candidate,candidate_inventory_only_pending_part4_sap_not_approved_for_model_entry,M1_upstream_source_panel,author_compiled_ratio_over_CODAL_line_items,predictor_fiscal_year_t,"Preserved as supplied by the upstream panel; the Stage121 dictionary records missing_policy = 'Preserve as supplied; no imputation was applied in this handoff.' Missing is left missing. The Stage125 contract lists no_imputation_or_scaling among its explicit non-claims, so no released value was filled, scaled or reconstructed.",net_income_period_adjusted / revenue_period_adjusted. Supplied as a stored ratio in the upstream panel and copied byte-for-byte from the joined Stage123 predictor row for fiscal year t; the Part 3C builder copies this column and never recomputes it.,project/raw_handoff/financial_distress_programmer_handoff_stage121(1)/data_dictionary_stage121.csv,row column_name=net_margin_period_adjusted :: definition = 'net_income_period_adjusted / revenue_period_adjusted',committed_dictionary,"Supplied as a stored ratio in the upstream panel and reconciled by QC as arithmetic agreement with its stored components, not re-audited against the original filing. QC coverage differs by check (1,273-1,312 of 1,331 upstream rows evaluable); zero mismatches among evaluable rows says nothing about rows that could not be evaluated."
ocf_to_assets_period_adjusted,Period-adjusted operating cash flow relative to total assets at fiscal year t.,numeric,ratio,predictor_candidate,candidate_inventory_only_pending_part4_sap_not_approved_for_model_entry,M1_upstream_source_panel,author_compiled_ratio_over_CODAL_line_items,predictor_fiscal_year_t,"Material missingness remains. The Stage121 dictionary records missing_policy = 'Do not fill automatically; handle only inside the modeling pipeline with a documented train-only strategy.' Missing is left missing. The Stage125 contract lists no_imputation_or_scaling among its explicit non-claims, so no released value was filled, scaled or reconstructed.",operating_cash_flow_period_adjusted / total_assets. Supplied as a stored ratio in the upstream panel and copied byte-for-byte from the joined Stage123 predictor row for fiscal year t; the Part 3C builder copies this column and never recomputes it.,project/raw_handoff/financial_distress_programmer_handoff_stage121(1)/data_dictionary_stage121.csv,row column_name=ocf_to_assets_period_adjusted :: definition = 'operating_cash_flow_period_adjusted / total_assets',committed_dictionary,"Supplied as a stored ratio in the upstream panel and reconciled by QC as arithmetic agreement with its stored components, not re-audited against the original filing. QC coverage differs by check (1,273-1,312 of 1,331 upstream rows evaluable); zero mismatches among evaluable rows says nothing about rows that could not be evaluated."
operating_cash_flow_period_adjusted,"Operating cash flow for fiscal year t, adjusted to the canonical annual period.",numeric,million_IRR,predictor_candidate,candidate_inventory_only_pending_part4_sap_not_approved_for_model_entry,M1_upstream_source_panel,provider_CODAL_statement_line_item_compiled_by_the_authors,predictor_fiscal_year_t,"Material missingness remains. The Stage121 dictionary records missing_policy = 'Do not fill automatically; handle only inside the modeling pipeline with a documented train-only strategy.' Missing is left missing. The Stage125 contract lists no_imputation_or_scaling among its explicit non-claims, so no released value was filled, scaled or reconstructed.",Statement line item compiled by the authors from the annual separate/parent-company CODAL filing. Copied byte-for-byte from the joined Stage123 predictor row for fiscal year t; the Part 3C builder copies this column and never recomputes it.,project/raw_handoff/financial_distress_programmer_handoff_stage121(1)/data_dictionary_stage121.csv,row column_name=operating_cash_flow_period_adjusted (role raw_feature_optional) :: 'Operating cash flow adjusted to the canonical period; unresolved values remain outside the training-candidate subset',committed_dictionary,"Nominal monetary level. The study period covers years of high inflation in Iran and no deflation, currency conversion or purchasing-power adjustment was applied; the per-row monetary scale is recorded in the `unit` column. Cross-year comparison of nominal levels is the reuser's responsibility. It is also an input to the fd_ocf_high_leverage target criterion, so its missingness propagates into the three-valued outcome. ocf_resolution_status records why a value is absent."
operating_margin_period_adjusted,Period-adjusted operating profit relative to revenue at fiscal year t.,numeric,ratio,predictor_candidate,candidate_inventory_only_pending_part4_sap_not_approved_for_model_entry,M1_upstream_source_panel,author_compiled_ratio_over_CODAL_line_items,predictor_fiscal_year_t,"Preserved as supplied by the upstream panel; the Stage121 dictionary records missing_policy = 'Preserve as supplied; no imputation was applied in this handoff.' Missing is left missing. The Stage125 contract lists no_imputation_or_scaling among its explicit non-claims, so no released value was filled, scaled or reconstructed.",operating_profit_period_adjusted / revenue_period_adjusted. Supplied as a stored ratio in the upstream panel and copied byte-for-byte from the joined Stage123 predictor row for fiscal year t; the Part 3C builder copies this column and never recomputes it.,project/raw_handoff/financial_distress_programmer_handoff_stage121(1)/data_dictionary_stage121.csv,row column_name=operating_margin_period_adjusted :: definition = 'operating_profit_period_adjusted / revenue_period_adjusted',committed_dictionary,"Supplied as a stored ratio in the upstream panel and reconciled by QC as arithmetic agreement with its stored components, not re-audited against the original filing. QC coverage differs by check (1,273-1,312 of 1,331 upstream rows evaluable); zero mismatches among evaluable rows says nothing about rows that could not be evaluated."
operating_profit_period_adjusted,"Operating profit for fiscal year t, adjusted to the canonical annual period.",numeric,million_IRR,predictor_candidate,candidate_inventory_only_pending_part4_sap_not_approved_for_model_entry,M1_upstream_source_panel,provider_CODAL_statement_line_item_compiled_by_the_authors,predictor_fiscal_year_t,"Preserved as supplied by the upstream panel; the Stage121 dictionary records missing_policy = 'Preserve as supplied; no imputation was applied in this handoff.' Missing is left missing. The Stage125 contract lists no_imputation_or_scaling among its explicit non-claims, so no released value was filled, scaled or reconstructed.",Statement line item compiled by the authors from the annual separate/parent-company CODAL filing. Copied byte-for-byte from the joined Stage123 predictor row for fiscal year t; the Part 3C builder copies this column and never recomputes it.,project/raw_handoff/financial_distress_programmer_handoff_stage121(1)/data_dictionary_stage121.csv,row column_name=operating_profit_period_adjusted :: definition = 'Operating profit adjusted to the canonical period',committed_dictionary,"Nominal monetary level. The study period covers years of high inflation in Iran and no deflation, currency conversion or purchasing-power adjustment was applied; the per-row monetary scale is recorded in the `unit` column. Cross-year comparison of nominal levels is the reuser's responsibility."
profit_margin_period_adjusted,Period-adjusted net income relative to revenue at fiscal year t.,numeric,ratio,predictor_candidate,candidate_inventory_only_pending_part4_sap_not_approved_for_model_entry,M1_upstream_source_panel,author_compiled_ratio_over_CODAL_line_items,predictor_fiscal_year_t,"Preserved as supplied by the upstream panel; the Stage121 dictionary records missing_policy = 'Preserve as supplied; no imputation was applied in this handoff.' Missing is left missing. The Stage125 contract lists no_imputation_or_scaling among its explicit non-claims, so no released value was filled, scaled or reconstructed.",net_income_period_adjusted / revenue_period_adjusted. Supplied as a stored ratio in the upstream panel and copied byte-for-byte from the joined Stage123 predictor row for fiscal year t; the Part 3C builder copies this column and never recomputes it.,project/raw_handoff/financial_distress_programmer_handoff_stage121(1)/data_dictionary_stage121.csv,row column_name=profit_margin_period_adjusted :: definition = 'net_income_period_adjusted / revenue_period_adjusted',committed_dictionary,"Supplied as a stored ratio in the upstream panel and reconciled by QC as arithmetic agreement with its stored components, not re-audited against the original filing. QC coverage differs by check (1,273-1,312 of 1,331 upstream rows evaluable); zero mismatches among evaluable rows says nothing about rows that could not be evaluated."
registered_capital,Registered capital of the company at fiscal year t.,numeric,million_IRR,predictor_candidate,candidate_inventory_only_pending_part4_sap_not_approved_for_model_entry,M1_upstream_source_panel,provider_CODAL_statement_line_item_compiled_by_the_authors,predictor_fiscal_year_t,"Preserved as supplied by the upstream panel; the Stage121 dictionary records missing_policy = 'Preserve as supplied; no imputation was applied in this handoff.' Missing is left missing. The Stage125 contract lists no_imputation_or_scaling among its explicit non-claims, so no released value was filled, scaled or reconstructed.",Statement line item compiled by the authors from the annual separate/parent-company CODAL filing. Copied byte-for-byte from the joined Stage123 predictor row for fiscal year t; the Part 3C builder copies this column and never recomputes it.,project/raw_handoff/financial_distress_programmer_handoff_stage121(1)/data_dictionary_stage121.csv,row column_name=registered_capital :: definition = 'Registered capital',committed_dictionary,"Nominal monetary level. The study period covers years of high inflation in Iran and no deflation, currency conversion or purchasing-power adjustment was applied; the per-row monetary scale is recorded in the `unit` column. Cross-year comparison of nominal levels is the reuser's responsibility."
revenue_growth_period_adjusted,Period-adjusted year-over-year revenue growth into fiscal year t.,numeric,ratio,predictor_candidate,candidate_inventory_only_pending_part4_sap_not_approved_for_model_entry,M1_upstream_source_panel,author_compiled_ratio_over_CODAL_line_items,predictor_fiscal_year_t,"Preserved as supplied by the upstream panel; the Stage121 dictionary records missing_policy = 'Preserve as supplied; no imputation was applied in this handoff.' Missing is left missing. The Stage125 contract lists no_imputation_or_scaling among its explicit non-claims, so no released value was filled, scaled or reconstructed.",period-adjusted year-over-year revenue growth. Supplied as a stored ratio in the upstream panel and copied byte-for-byte from the joined Stage123 predictor row for fiscal year t; the Part 3C builder copies this column and never recomputes it.,project/raw_handoff/financial_distress_programmer_handoff_stage121(1)/data_dictionary_stage121.csv,row column_name=revenue_growth_period_adjusted :: definition = 'period-adjusted year-over-year revenue growth',committed_dictionary,"Supplied as a stored ratio in the upstream panel and reconciled by QC as arithmetic agreement with its stored components, not re-audited against the original filing. QC coverage differs by check (1,273-1,312 of 1,331 upstream rows evaluable); zero mismatches among evaluable rows says nothing about rows that could not be evaluated."
revenue_period_adjusted,"Revenue for fiscal year t, adjusted to the canonical annual period where the source period required it.",numeric,million_IRR,predictor_candidate,candidate_inventory_only_pending_part4_sap_not_approved_for_model_entry,M1_upstream_source_panel,provider_CODAL_statement_line_item_compiled_by_the_authors,predictor_fiscal_year_t,"Preserved as supplied by the upstream panel; the Stage121 dictionary records missing_policy = 'Preserve as supplied; no imputation was applied in this handoff.' Missing is left missing. The Stage125 contract lists no_imputation_or_scaling among its explicit non-claims, so no released value was filled, scaled or reconstructed.",Statement line item compiled by the authors from the annual separate/parent-company CODAL filing. Copied byte-for-byte from the joined Stage123 predictor row for fiscal year t; the Part 3C builder copies this column and never recomputes it.,project/raw_handoff/financial_distress_programmer_handoff_stage121(1)/data_dictionary_stage121.csv,row column_name=revenue_period_adjusted :: definition = 'Revenue adjusted to the canonical period where required',committed_dictionary,"Nominal monetary level. The study period covers years of high inflation in Iran and no deflation, currency conversion or purchasing-power adjustment was applied; the per-row monetary scale is recorded in the `unit` column. Cross-year comparison of nominal levels is the reuser's responsibility."
roa_period_adjusted,"Return on assets for fiscal year t, on the period-adjusted net income.",numeric,ratio,predictor_candidate,candidate_inventory_only_pending_part4_sap_not_approved_for_model_entry,M1_upstream_source_panel,author_compiled_ratio_over_CODAL_line_items,predictor_fiscal_year_t,"Preserved as supplied by the upstream panel; the Stage121 dictionary records missing_policy = 'Preserve as supplied; no imputation was applied in this handoff.' Missing is left missing. The Stage125 contract lists no_imputation_or_scaling among its explicit non-claims, so no released value was filled, scaled or reconstructed.",net_income_period_adjusted / total_assets. Supplied as a stored ratio in the upstream panel and copied byte-for-byte from the joined Stage123 predictor row for fiscal year t; the Part 3C builder copies this column and never recomputes it.,project/raw_handoff/financial_distress_programmer_handoff_stage121(1)/data_dictionary_stage121.csv,row column_name=roa_period_adjusted :: definition = 'net_income_period_adjusted / total_assets',committed_dictionary,"Supplied as a stored ratio in the upstream panel and reconciled by QC as arithmetic agreement with its stored components, not re-audited against the original filing. QC coverage differs by check (1,273-1,312 of 1,331 upstream rows evaluable); zero mismatches among evaluable rows says nothing about rows that could not be evaluated."
roe_period_adjusted,"Return on equity for fiscal year t, on the period-adjusted net income.",numeric,ratio,predictor_candidate,candidate_inventory_only_pending_part4_sap_not_approved_for_model_entry,M1_upstream_source_panel,author_compiled_ratio_over_CODAL_line_items,predictor_fiscal_year_t,"Preserved as supplied by the upstream panel; the Stage121 dictionary records missing_policy = 'Preserve as supplied; no imputation was applied in this handoff.' Missing is left missing. The Stage125 contract lists no_imputation_or_scaling among its explicit non-claims, so no released value was filled, scaled or reconstructed.",net_income_period_adjusted / equity. Supplied as a stored ratio in the upstream panel and copied byte-for-byte from the joined Stage123 predictor row for fiscal year t; the Part 3C builder copies this column and never recomputes it.,project/raw_handoff/financial_distress_programmer_handoff_stage121(1)/data_dictionary_stage121.csv,row column_name=roe_period_adjusted :: definition = 'net_income_period_adjusted / equity',committed_dictionary,"Supplied as a stored ratio in the upstream panel and reconciled by QC as arithmetic agreement with its stored components, not re-audited against the original filing. QC coverage differs by check (1,273-1,312 of 1,331 upstream rows evaluable); zero mismatches among evaluable rows says nothing about rows that could not be evaluated."
sales_growth_period_adjusted,"Period-adjusted sales/revenue growth into fiscal year t, retained under the source's own alias.",numeric,ratio,predictor_candidate,candidate_inventory_only_pending_part4_sap_not_approved_for_model_entry,M1_upstream_source_panel,author_compiled_ratio_over_CODAL_line_items,predictor_fiscal_year_t,"Preserved as supplied by the upstream panel; the Stage121 dictionary records missing_policy = 'Preserve as supplied; no imputation was applied in this handoff.' Missing is left missing. The Stage125 contract lists no_imputation_or_scaling among its explicit non-claims, so no released value was filled, scaled or reconstructed.",alias retained from source for period-adjusted sales/revenue growth. Supplied as a stored ratio in the upstream panel and copied byte-for-byte from the joined Stage123 predictor row for fiscal year t; the Part 3C builder copies this column and never recomputes it.,project/raw_handoff/financial_distress_programmer_handoff_stage121(1)/data_dictionary_stage121.csv,row column_name=sales_growth_period_adjusted :: definition = 'alias retained from source for period-adjusted sales/revenue growth',committed_dictionary,"Supplied as a stored ratio in the upstream panel and reconciled by QC as arithmetic agreement with its stored components, not re-audited against the original filing. QC coverage differs by check (1,273-1,312 of 1,331 upstream rows evaluable); zero mismatches among evaluable rows says nothing about rows that could not be evaluated."
total_assets,Total assets of the company at fiscal year t.,numeric,million_IRR,predictor_candidate,candidate_inventory_only_pending_part4_sap_not_approved_for_model_entry,M1_upstream_source_panel,provider_CODAL_statement_line_item_compiled_by_the_authors,predictor_fiscal_year_t,"Preserved as supplied by the upstream panel; the Stage121 dictionary records missing_policy = 'Preserve as supplied; no imputation was applied in this handoff.' Missing is left missing. The Stage125 contract lists no_imputation_or_scaling among its explicit non-claims, so no released value was filled, scaled or reconstructed.",Statement line item compiled by the authors from the annual separate/parent-company CODAL filing. Copied byte-for-byte from the joined Stage123 predictor row for fiscal year t; the Part 3C builder copies this column and never recomputes it.,project/raw_handoff/financial_distress_programmer_handoff_stage121(1)/data_dictionary_stage121.csv,row column_name=total_assets :: definition = 'Total assets',committed_dictionary,"Nominal monetary level. The study period covers years of high inflation in Iran and no deflation, currency conversion or purchasing-power adjustment was applied; the per-row monetary scale is recorded in the `unit` column. Cross-year comparison of nominal levels is the reuser's responsibility."
total_liabilities,Total liabilities of the company at fiscal year t.,numeric,million_IRR,predictor_candidate,candidate_inventory_only_pending_part4_sap_not_approved_for_model_entry,M1_upstream_source_panel,provider_CODAL_statement_line_item_compiled_by_the_authors,predictor_fiscal_year_t,"Preserved as supplied by the upstream panel; the Stage121 dictionary records missing_policy = 'Preserve as supplied; no imputation was applied in this handoff.' Missing is left missing. The Stage125 contract lists no_imputation_or_scaling among its explicit non-claims, so no released value was filled, scaled or reconstructed.",Statement line item compiled by the authors from the annual separate/parent-company CODAL filing. Copied byte-for-byte from the joined Stage123 predictor row for fiscal year t; the Part 3C builder copies this column and never recomputes it.,project/raw_handoff/financial_distress_programmer_handoff_stage121(1)/data_dictionary_stage121.csv,row column_name=total_liabilities :: definition = 'Total liabilities',committed_dictionary,"Nominal monetary level. The study period covers years of high inflation in Iran and no deflation, currency conversion or purchasing-power adjustment was applied; the per-row monetary scale is recorded in the `unit` column. Cross-year comparison of nominal levels is the reuser's responsibility."
source_file,"Filename of the source statement workbook the predictor row was extracted from. Filename only — no directory component, no local path and no file content.",string,not_applicable,provenance_audit,audit_only_never_a_predictor_feature,M1_upstream_source_panel,author_assigned_key_or_label,retrieval,"Absent for 28 of the 1,331 upstream panel rows — a documented provenance gap, not imputed and not reclassified. An empty value also fails eligible_source_quality. Missing is left missing. The Stage125 contract lists no_imputation_or_scaling among its explicit non-claims, so no released value was filled, scaled or reconstructed.",Copied byte-for-byte from the joined Stage123 predictor row for fiscal year t; the Part 3C builder copies this column and never recomputes it.,project/stage125/data_dictionary_stage125.csv,"row variable_name=source_file (source_id src_m1_uploaded_xls, provenance_status in_use_partial_gap)",committed_dictionary,"Provenance here is file-level, not row-level. The workbook itself is NOT redistributed in this release, so the filename resolves to nothing a reuser holds."
source_url,"Public CODAL report URL for the predictor row, where one was recorded.",string,not_applicable,provenance_audit,audit_only_never_a_predictor_feature,M1_upstream_source_panel,provider_CODAL_label_compiled_by_the_authors,publication,"Missing for 1,316 of the 1,331 upstream panel rows. Recorded as a provenance gap only; it was never used to change eligibility. Missing is left missing. The Stage125 contract lists no_imputation_or_scaling among its explicit non-claims, so no released value was filled, scaled or reconstructed.",Copied byte-for-byte from the joined Stage123 predictor row for fiscal year t; the Part 3C builder copies this column and never recomputes it.,project/stage125/data_dictionary_stage125.csv,"row variable_name=source_url (source_id src_m1_codal_fs, provenance_status in_use_major_gap)",committed_dictionary,"A partial convenience pointer, not a provenance guarantee. It is populated for only a small minority of rows and a URL may not resolve at a later date."
target_row_fiscal_year,"Jalali fiscal year read back from the joined t+1 outcome row, for the pair identity audit.",string,not_applicable,provenance_audit,audit_only_never_a_predictor_feature,M1_derived_stage125_part3c,author_assigned_key_or_label,target_fiscal_year_t_plus_1,Not applicable: the value is populated on every released row because the generator assigns it unconditionally. Nothing was imputed to make that true.,"row['target_row_fiscal_year'] = str(tgt['fiscal_year']), where tgt is the single Stage123 row matched by target_row_key_t_plus_1.",project/src/stage125_part3c_leakage_safe_dataset_finalization.py,build_design_rows() :: row['target_row_fiscal_year'] = str(tgt['fiscal_year']),frozen_generator_code,Identity audit only. It proves the pair joined to the company-year it claims to; it says nothing about the company and is never a predictor feature.
target_row_key_matched,"Stage123 row key read back from the joined t+1 outcome row, for the pair identity audit.",string,not_applicable,provenance_audit,audit_only_never_a_predictor_feature,M1_derived_stage125_part3c,author_assigned_key_or_label,target_fiscal_year_t_plus_1,Not applicable: the value is populated on every released row because the generator assigns it unconditionally. Nothing was imputed to make that true.,"row['target_row_key_matched'] = tgt['row_key'], where tgt is the single Stage123 row matched by target_row_key_t_plus_1.",project/src/stage125_part3c_leakage_safe_dataset_finalization.py,build_design_rows() :: row['target_row_key_matched'] = tgt['row_key'],frozen_generator_code,Identity audit only. It proves the pair joined to the company-year it claims to; it says nothing about the company and is never a predictor feature.
target_row_ticker,"Ticker read back from the joined t+1 outcome row, for the pair identity audit.",string,not_applicable,provenance_audit,audit_only_never_a_predictor_feature,M1_derived_stage125_part3c,author_assigned_key_or_label,target_fiscal_year_t_plus_1,Not applicable: the value is populated on every released row because the generator assigns it unconditionally. Nothing was imputed to make that true.,"row['target_row_ticker'] = tgt['ticker'], where tgt is the single Stage123 row matched by target_row_key_t_plus_1.",project/src/stage125_part3c_leakage_safe_dataset_finalization.py,build_design_rows() :: row['target_row_ticker'] = tgt['ticker'],frozen_generator_code,Identity audit only. It proves the pair joined to the company-year it claims to; it says nothing about the company and is never a predictor feature.
audit_status_clean,Standardized audit-status classification of the predictor row's filing.,string,not_applicable,sample_eligibility_audit,audit_only_never_a_predictor_feature,M1_upstream_source_panel,provider_CODAL_label_compiled_by_the_authors,publication,"316 rows carry audit_status_unknown — a recorded coverage gap, not an imputed value. Missing is left missing. The Stage125 contract lists no_imputation_or_scaling among its explicit non-claims, so no released value was filled, scaled or reconstructed.",Copied byte-for-byte from the joined Stage123 predictor row for fiscal year t; the Part 3C builder copies this column and never recomputes it.,project/stage125/data_dictionary_stage125.csv,"row variable_name=audit_status_clean (source_id src_m1_codal_audit, provenance_status in_use_partial_gap)",committed_dictionary,"Eligibility bookkeeping, not a measurement of the company. Eligibility is recorded per dimension and the counts are NOT additive: one row may fail more than one rule. It is a status label, not the structured audit-opinion variable: the M4 structured audit block was never admitted to the study and no M4 field is in this release."
data_quality_flag,The upstream source workbook's own data-quality flag for the predictor row.,string,not_applicable,sample_eligibility_audit,audit_only_never_a_predictor_feature,M1_upstream_source_panel,author_derived_from_committed_project_rules,predictor_fiscal_year_t,"Preserved as supplied by the upstream panel; the Stage121 dictionary records missing_policy = 'Preserve as supplied; no imputation was applied in this handoff.' Missing is left missing. The Stage125 contract lists no_imputation_or_scaling among its explicit non-claims, so no released value was filled, scaled or reconstructed.","Existing data-quality flag from the source workbook, carried forward unchanged.",project/raw_handoff/financial_distress_programmer_handoff_stage121(1)/data_dictionary_stage121.csv,row column_name=data_quality_flag (role quality_metadata),committed_dictionary,"Eligibility bookkeeping, not a measurement of the company. Eligibility is recorded per dimension and the counts are NOT additive: one row may fail more than one rule. An upstream label, retained for audit. It does not drive any eligibility decision in this study."
eligible_accounting_quality,Predictor-year accounting-quality eligibility: whether the balance-sheet identity reconciles within tolerance.,boolean_0_1,binary_0_1,sample_eligibility_audit,audit_only_never_a_predictor_feature,M1_derived_stage123_eligibility,author_derived_from_committed_project_rules,predictor_fiscal_year_t,Not applicable: the value is populated on every released row because the generator assigns it unconditionally. Nothing was imputed to make that true.,"rel = |total_assets - (total_liabilities + equity)| / max(|total_assets|, 1); 0 where rel is present and > 0.005, else 1.",project/src/stage123.py,rebuild_eligibility() :: el['eligible_accounting_quality'],frozen_generator_code,"Eligibility bookkeeping, not a measurement of the company. Eligibility is recorded per dimension and the counts are NOT additive: one row may fail more than one rule. A row whose components are missing cannot produce a residual and is therefore NOT marked ineligible by this rule — 1 here can mean 'reconciles' or 'was not evaluable'. The identity check was evaluable on 1,312 of 1,331 upstream rows."
eligible_annual_period,Predictor-year period eligibility: whether the statement covers a standard 12-month annual period.,boolean_0_1,binary_0_1,sample_eligibility_audit,audit_only_never_a_predictor_feature,M1_derived_stage123_eligibility,author_derived_from_committed_project_rules,predictor_fiscal_year_t,Not applicable: the value is populated on every released row because the generator assigns it unconditionally. Nothing was imputed to make that true.,"0 where non_12_month_period_flag == '1', else 1.",project/src/stage123.py,rebuild_eligibility() :: el['eligible_annual_period'],frozen_generator_code,"Eligibility bookkeeping, not a measurement of the company. Eligibility is recorded per dimension and the counts are NOT additive: one row may fail more than one rule. 6 non-12-month-period rows are excluded on this ground."
eligible_company_expanded,"Whether the company is inside the EXPANDED company scope, which readmits operating holdings but still excludes financial/investment firms.",boolean_0_1,binary_0_1,sample_eligibility_audit,audit_only_never_a_predictor_feature,M1_derived_stage123_eligibility,author_derived_from_committed_project_rules,company_constant,Not applicable: the value is populated on every released row because the generator assigns it unconditionally. Nothing was imputed to make that true.,"Read from the explicit, version-controlled nine-company COMPANY_SAMPLE_MAPPING; defaults to 1 for any ticker not listed there. No keyword re-guessing.",project/src/stage123.py,COMPANY_SAMPLE_MAPPING; rebuild_eligibility() :: el['eligible_company_expanded'],frozen_generator_code,"Eligibility bookkeeping, not a measurement of the company. Eligibility is recorded per dimension and the counts are NOT additive: one row may fail more than one rule. It defines the prespecified company-scope robustness surfaces, not the primary sample."
eligible_company_main,"Whether the company is inside the MAIN company scope, which excludes financial/investment firms and operating holdings.",boolean_0_1,binary_0_1,sample_eligibility_audit,audit_only_never_a_predictor_feature,M1_derived_stage123_eligibility,author_derived_from_committed_project_rules,company_constant,Not applicable: the value is populated on every released row because the generator assigns it unconditionally. Nothing was imputed to make that true.,"Read from the explicit, version-controlled nine-company COMPANY_SAMPLE_MAPPING; defaults to 1 for any ticker not listed there. No keyword re-guessing.",project/src/stage123.py,COMPANY_SAMPLE_MAPPING; rebuild_eligibility() :: el['eligible_company_main'],frozen_generator_code,"Eligibility bookkeeping, not a measurement of the company. Eligibility is recorded per dimension and the counts are NOT additive: one row may fail more than one rule. Company-constant, so it varies across companies and never within one. 43 rows are excluded from the main scope on financial-industry grounds."
eligible_listing,Predictor-year listing eligibility under the Stage123 baseline: 1 unless the row is marked pre-listing.,boolean_0_1,binary_0_1,sample_eligibility_audit,audit_only_never_a_predictor_feature,M1_derived_stage123_eligibility,author_derived_from_committed_project_rules,predictor_fiscal_year_t,Not applicable: the value is populated on every released row because the generator assigns it unconditionally. Nothing was imputed to make that true.,"0 where ocf_resolution_status == 'pre_listing_missing_excluded', else 1.",project/src/stage123.py,rebuild_eligibility() :: el['eligible_listing'],frozen_generator_code,"Eligibility bookkeeping, not a measurement of the company. Eligibility is recorded per dimension and the counts are NOT additive: one row may fail more than one rule. This is the Stage123 baseline listing rule; the Gate B listing rules that actually define the four locked designs are separate and are recorded in the pair-level columns. 19 pre-listing rows are excluded on this ground."
eligible_source_quality,Predictor-year source-traceability eligibility: whether both a source file and a unit were recorded.,boolean_0_1,binary_0_1,sample_eligibility_audit,audit_only_never_a_predictor_feature,M1_derived_stage123_eligibility,author_derived_from_committed_project_rules,predictor_fiscal_year_t,Not applicable: the value is populated on every released row because the generator assigns it unconditionally. Nothing was imputed to make that true.,"0 where source_file is blank OR unit is blank, else 1.",project/src/stage123.py,rebuild_eligibility() :: el['eligible_source_quality'],frozen_generator_code,"Eligibility bookkeeping, not a measurement of the company. Eligibility is recorded per dimension and the counts are NOT additive: one row may fail more than one rule. It tests whether a filename and a unit were recorded, not whether the filing was independently re-verified."
eligible_statement_type,Predictor-year statement-scope eligibility: whether the row's statement is a valid separate/parent-company statement.,boolean_0_1,binary_0_1,sample_eligibility_audit,audit_only_never_a_predictor_feature,M1_derived_stage123_eligibility,author_derived_from_committed_project_rules,predictor_fiscal_year_t,Not applicable: the value is populated on every released row because the generator assigns it unconditionally. Nothing was imputed to make that true.,"Set to 1 for every row in Stage123: the data owner confirmed every numeric value comes from the annual separate/parent company statements, so the prior consolidated / unknown labels were file-title artifacts and the scope was corrected to annual_separate_company_user_confirmed.",project/src/stage123.py,rebuild_eligibility() :: el['eligible_statement_type'] = 1,frozen_generator_code,"Eligibility bookkeeping, not a measurement of the company. Eligibility is recorded per dimension and the counts are NOT additive: one row may fail more than one rule. Constant at 1 after the Stage123 scope correction, so it carries no discriminating information in the released files. The 95 rows excluded on consolidated-or-unresolved-scope grounds were excluded under the earlier Stage122 rule, which is retained as history."
eligible_target,Whether the predictor row's OWN FD_target_main is determinate (0 or 1) rather than unknown.,boolean_0_1,binary_0_1,sample_eligibility_audit,audit_only_never_a_predictor_feature,M1_derived_stage123_eligibility,author_derived_from_committed_project_rules,predictor_fiscal_year_t,Not applicable: the value is populated on every released row because the generator assigns it unconditionally. Nothing was imputed to make that true.,"0 where the row's own FD_target_main is missing, else 1. Recorded as a column only; Stage123 deliberately does NOT make it a predictor-eligibility condition.",project/src/stage123.py,"rebuild_eligibility() :: el['eligible_target'] (# column only, NOT predictor)",frozen_generator_code,"Eligibility bookkeeping, not a measurement of the company. Eligibility is recorded per dimension and the counts are NOT additive: one row may fail more than one rule. It describes the year-t target, not the t+1 outcome the pair predicts; valid_target_t_plus_1 is the column that governs pair admission."
exclusion_flag,The upstream source workbook's standardized exclusion flag for the predictor row.,boolean_0_1,binary_0_1,sample_eligibility_audit,audit_only_never_a_predictor_feature,M1_upstream_source_panel,author_derived_from_committed_project_rules,predictor_fiscal_year_t,"Preserved as supplied by the upstream panel; the Stage121 dictionary records missing_policy = 'Preserve as supplied; no imputation was applied in this handoff.' Missing is left missing. The Stage125 contract lists no_imputation_or_scaling among its explicit non-claims, so no released value was filled, scaled or reconstructed.",Standardized source exclusion flag; the Stage121 dictionary records that it is NOT automatically applied in all_rows.,project/raw_handoff/financial_distress_programmer_handoff_stage121(1)/data_dictionary_stage121.csv,row column_name=exclusion_flag (role quality_filter),committed_dictionary,"Eligibility bookkeeping, not a measurement of the company. Eligibility is recorded per dimension and the counts are NOT additive: one row may fail more than one rule. An upstream flag that this study does not act on. Do not read it as the study's exclusion decision; that lives in the pair_final_eligible_* columns."
gross_profit_resolution_status,"Why the predictor row's gross profit is present or absent: observed, pre-listing excluded, or deferred unresolved.",categorical,not_applicable,sample_eligibility_audit,audit_only_never_a_predictor_feature,M1_upstream_source_panel,author_derived_from_committed_project_rules,predictor_fiscal_year_t,"Preserved as supplied by the upstream panel; the Stage121 dictionary records missing_policy = 'Preserve as supplied; no imputation was applied in this handoff.' Missing is left missing. The Stage125 contract lists no_imputation_or_scaling among its explicit non-claims, so no released value was filled, scaled or reconstructed.","Observed, pre-listing excluded, or deferred unresolved.",project/raw_handoff/financial_distress_programmer_handoff_stage121(1)/data_dictionary_stage121.csv,row column_name=gross_profit_resolution_status (role missingness_metadata),committed_dictionary,"Eligibility bookkeeping, not a measurement of the company. Eligibility is recorded per dimension and the counts are NOT additive: one row may fail more than one rule. It explains gross-profit missingness; it does not remove it."
manual_review_required_clean,Standardized flag: the upstream panel marked the predictor row as requiring manual review.,boolean_0_1,binary_0_1,sample_eligibility_audit,audit_only_never_a_predictor_feature,M1_upstream_source_panel,author_derived_from_committed_project_rules,predictor_fiscal_year_t,"Preserved as supplied by the upstream panel; the Stage121 dictionary records missing_policy = 'Preserve as supplied; no imputation was applied in this handoff.' Missing is left missing. The Stage125 contract lists no_imputation_or_scaling among its explicit non-claims, so no released value was filled, scaled or reconstructed.","Standardized manual-review flag, carried forward unchanged.",project/raw_handoff/financial_distress_programmer_handoff_stage121(1)/data_dictionary_stage121.csv,row column_name=manual_review_required_clean (role quality_filter),committed_dictionary,"Eligibility bookkeeping, not a measurement of the company. Eligibility is recorded per dimension and the counts are NOT additive: one row may fail more than one rule. It records that a review was flagged, not that one was performed or what it concluded."
model_exclusion_reason_expanded,Pipe-separated reasons the predictor year failed EXPANDED-scope Stage123 eligibility.,string,not_applicable,sample_eligibility_audit,audit_only_never_a_predictor_feature,M1_derived_stage123_eligibility,author_derived_from_committed_project_rules,predictor_fiscal_year_t,"Empty string when the row is eligible. Empty means 'no exclusion reason', never 'unknown'.","Joins with ' | ' the tokens pre_listing, non_12_month_period, source_not_traceable, accounting_quality_issue for each failed dimension, plus financial_company where eligible_company_expanded == 0.",project/src/stage123.py,"rebuild_eligibility() :: el['model_exclusion_reason_expanded'], reason_map",frozen_generator_code,"Eligibility bookkeeping, not a measurement of the company. Eligibility is recorded per dimension and the counts are NOT additive: one row may fail more than one rule. A row may carry more than one reason, so reason counts do not sum to the excluded-row count."
model_exclusion_reason_main,Pipe-separated reasons the predictor year failed MAIN-scope Stage123 eligibility.,string,not_applicable,sample_eligibility_audit,audit_only_never_a_predictor_feature,M1_derived_stage123_eligibility,author_derived_from_committed_project_rules,predictor_fiscal_year_t,"Empty string when the row is eligible. Empty means 'no exclusion reason', never 'unknown'.","Joins with ' | ' the tokens pre_listing, non_12_month_period, source_not_traceable, accounting_quality_issue for each failed dimension, plus financial_or_holding_company where eligible_company_main == 0.",project/src/stage123.py,"rebuild_eligibility() :: el['model_exclusion_reason_main'], reason_map",frozen_generator_code,"Eligibility bookkeeping, not a measurement of the company. Eligibility is recorded per dimension and the counts are NOT additive: one row may fail more than one rule. A row may carry more than one reason, so reason counts do not sum to the excluded-row count."
non_12_month_period_flag,Flag: the predictor row's source period is not a standard 12-month period.,boolean_0_1,binary_0_1,sample_eligibility_audit,audit_only_never_a_predictor_feature,M1_upstream_source_panel,author_derived_from_committed_project_rules,predictor_fiscal_year_t,"Preserved as supplied by the upstream panel; the Stage121 dictionary records missing_policy = 'Preserve as supplied; no imputation was applied in this handoff.' Missing is left missing. The Stage125 contract lists no_imputation_or_scaling among its explicit non-claims, so no released value was filled, scaled or reconstructed.",1 when the source period is not a standard 12-month period.,project/raw_handoff/financial_distress_programmer_handoff_stage121(1)/data_dictionary_stage121.csv,row column_name=non_12_month_period_flag (role quality_filter),committed_dictionary,"Eligibility bookkeeping, not a measurement of the company. Eligibility is recorded per dimension and the counts are NOT additive: one row may fail more than one rule. It is the input to eligible_annual_period; 6 rows are excluded on this ground."
ocf_resolution_status,"Why the predictor row's operating cash flow is present or absent: observed, pre-listing excluded, source unavailable in CODAL, or deferred unresolved.",categorical,not_applicable,sample_eligibility_audit,audit_only_never_a_predictor_feature,M1_upstream_source_panel,author_derived_from_committed_project_rules,predictor_fiscal_year_t,"Preserved as supplied by the upstream panel; the Stage121 dictionary records missing_policy = 'Preserve as supplied; no imputation was applied in this handoff.' Missing is left missing. The Stage125 contract lists no_imputation_or_scaling among its explicit non-claims, so no released value was filled, scaled or reconstructed.","Observed, pre-listing excluded, source unavailable in Codal, or deferred unresolved.",project/raw_handoff/financial_distress_programmer_handoff_stage121(1)/data_dictionary_stage121.csv,row column_name=ocf_resolution_status (role missingness_metadata),committed_dictionary,"Eligibility bookkeeping, not a measurement of the company. Eligibility is recorded per dimension and the counts are NOT additive: one row may fail more than one rule. Its pre_listing_missing_excluded value is also the controlled marker that drives eligible_listing, so it is doing two jobs at once."
pair_exclusion_reason_expanded,Why the pair failed the Stage123 BASELINE expanded-scope rule.,string,not_applicable,sample_eligibility_audit,audit_only_never_a_predictor_feature,M1_derived_stage123_pair_construction,author_derived_from_committed_project_rules,pair_t_to_t_plus_1,"Empty string when the pair is eligible. Empty means 'no exclusion reason', never 'unknown'.","Joins with ' | ' the tokens 'predictor_not_eligible:<model_exclusion_reason_expanded>' and 'target_t+1_missing', each emitted only when the corresponding condition failed.",project/src/stage123.py,"build_pairs123() :: reason(r.pe_exp, r.rsn_exp)",frozen_generator_code,"Gate B pair-level eligibility bookkeeping for one of the four locked sample designs. It describes sample membership, not company condition, and it is never a predictor feature. HISTORICAL baseline reason string; the Gate B reason columns govern the locked designs."
pair_exclusion_reason_expanded_gate_b_primary,Why the pair failed Gate B eligibility for expanded_rule_a_company_scope_robustness.,string,not_applicable,sample_eligibility_audit,audit_only_never_a_predictor_feature,M1_derived_stage124_gate_b,author_derived_from_committed_project_rules,pair_t_to_t_plus_1,"Empty string when the pair is eligible. Empty means 'no exclusion reason', never 'unknown'.","Semicolon-joined failure tokens for expanded_rule_a_company_scope_robustness: company_scope_expanded where the company scope excludes the firm, the name of each failed base flag, and 'listing_' + the listing exclusion reason or status.",project/src/stage124_gate_b_execution.py,PAIR_REASON_COLS['expanded_rule_a_company_scope_robustness']; build_company_year() :: reasons,frozen_generator_code,"Gate B pair-level eligibility bookkeeping for one of the four locked sample designs. It describes sample membership, not company condition, and it is never a predictor feature. A pair may carry more than one token, so token counts do not sum to the excluded pair count."
pair_exclusion_reason_expanded_gate_b_robustness,Why the pair failed Gate B eligibility for expanded_rule_b_combined_robustness.,string,not_applicable,sample_eligibility_audit,audit_only_never_a_predictor_feature,M1_derived_stage124_gate_b,author_derived_from_committed_project_rules,pair_t_to_t_plus_1,"Empty string when the pair is eligible. Empty means 'no exclusion reason', never 'unknown'.","Semicolon-joined failure tokens for expanded_rule_b_combined_robustness: company_scope_expanded where the company scope excludes the firm, the name of each failed base flag, and 'listing_' + the listing exclusion reason or status.",project/src/stage124_gate_b_execution.py,PAIR_REASON_COLS['expanded_rule_b_combined_robustness']; build_company_year() :: reasons,frozen_generator_code,"Gate B pair-level eligibility bookkeeping for one of the four locked sample designs. It describes sample membership, not company condition, and it is never a predictor feature. A pair may carry more than one token, so token counts do not sum to the excluded pair count."
pair_exclusion_reason_main,Why the pair failed the Stage123 BASELINE main-scope rule.,string,not_applicable,sample_eligibility_audit,audit_only_never_a_predictor_feature,M1_derived_stage123_pair_construction,author_derived_from_committed_project_rules,pair_t_to_t_plus_1,"Empty string when the pair is eligible. Empty means 'no exclusion reason', never 'unknown'.","Joins with ' | ' the tokens 'predictor_not_eligible:<model_exclusion_reason_main>' and 'target_t+1_missing', each emitted only when the corresponding condition failed.",project/src/stage123.py,"build_pairs123() :: reason(r.pe_main, r.rsn_main)",frozen_generator_code,"Gate B pair-level eligibility bookkeeping for one of the four locked sample designs. It describes sample membership, not company condition, and it is never a predictor feature. HISTORICAL baseline reason string; the Gate B reason columns govern the locked designs."
pair_exclusion_reason_main_gate_b_primary,Why the pair failed Gate B eligibility for main_rule_a_primary.,string,not_applicable,sample_eligibility_audit,audit_only_never_a_predictor_feature,M1_derived_stage124_gate_b,author_derived_from_committed_project_rules,pair_t_to_t_plus_1,"Empty string when the pair is eligible. Empty means 'no exclusion reason', never 'unknown'.","Semicolon-joined failure tokens for main_rule_a_primary: company_scope_main where the company scope excludes the firm, the name of each failed base flag, and 'listing_' + the listing exclusion reason or status.",project/src/stage124_gate_b_execution.py,PAIR_REASON_COLS['main_rule_a_primary']; build_company_year() :: reasons,frozen_generator_code,"Gate B pair-level eligibility bookkeeping for one of the four locked sample designs. It describes sample membership, not company condition, and it is never a predictor feature. A pair may carry more than one token, so token counts do not sum to the excluded pair count."
pair_exclusion_reason_main_gate_b_robustness,Why the pair failed Gate B eligibility for main_rule_b_listing_robustness.,string,not_applicable,sample_eligibility_audit,audit_only_never_a_predictor_feature,M1_derived_stage124_gate_b,author_derived_from_committed_project_rules,pair_t_to_t_plus_1,"Empty string when the pair is eligible. Empty means 'no exclusion reason', never 'unknown'.","Semicolon-joined failure tokens for main_rule_b_listing_robustness: company_scope_main where the company scope excludes the firm, the name of each failed base flag, and 'listing_' + the listing exclusion reason or status.",project/src/stage124_gate_b_execution.py,PAIR_REASON_COLS['main_rule_b_listing_robustness']; build_company_year() :: reasons,frozen_generator_code,"Gate B pair-level eligibility bookkeeping for one of the four locked sample designs. It describes sample membership, not company condition, and it is never a predictor feature. A pair may carry more than one token, so token counts do not sum to the excluded pair count."
pair_final_eligible_expanded,"Stage123 BASELINE pair eligibility under the expanded company scope, before the Gate B listing rules.",boolean_0_1,binary_0_1,sample_eligibility_audit,audit_only_never_a_predictor_feature,M1_derived_stage123_pair_construction,author_derived_from_committed_project_rules,pair_t_to_t_plus_1,Not applicable: the value is populated on every released row because the generator assigns it unconditionally. Nothing was imputed to make that true.,"1 if predictor_eligible_expanded_t == 1 AND valid_target_t_plus_1 == 1, else 0.",project/src/stage123.py,build_pairs123() :: pex,frozen_generator_code,"Gate B pair-level eligibility bookkeeping for one of the four locked sample designs. It describes sample membership, not company condition, and it is never a predictor feature. HISTORICAL baseline; see pair_final_eligible_main."
pair_final_eligible_expanded_gate_b_primary,Gate B pair eligibility for the company-scope robustness design (expanded_rule_a_company_scope_robustness): the expanded company scope combined with listing rule_a.,boolean_0_1,binary_0_1,sample_eligibility_audit,audit_only_never_a_predictor_feature,M1_derived_stage124_gate_b,author_derived_from_committed_project_rules,pair_t_to_t_plus_1,Not applicable: the value is populated on every released row because the generator assigns it unconditionally. Nothing was imputed to make that true.,"Pair-level rollup of the Gate B predictor eligibility predictor_eligible_expanded_gate_b_primary, which is 1 only when eligible_company_expanded == 1 AND every base flag (eligible_statement_type, eligible_annual_period, eligible_source_quality, eligible_accounting_quality) == 1 AND the listing rule rule_a holds (first_observed_trading_date <= fiscal_year_end).",project/src/stage124_gate_b_execution.py,SAMPLE_DESIGNS['expanded_rule_a_company_scope_robustness']; PREDICTOR_COLS; OTHER_BASE_FLAGS; build_company_year(),frozen_generator_code,"Gate B pair-level eligibility bookkeeping for one of the four locked sample designs. It describes sample membership, not company condition, and it is never a predictor feature. It defines membership of expanded_rule_a_company_scope_robustness only. The listing dates come from the official TSE API as first_observed_trading_date; an unresolved listing date is treated as not eligible, not as eligible-by-default."
pair_final_eligible_expanded_gate_b_robustness,Gate B pair eligibility for the combined robustness design (expanded_rule_b_combined_robustness): the expanded company scope combined with listing rule_b.,boolean_0_1,binary_0_1,sample_eligibility_audit,audit_only_never_a_predictor_feature,M1_derived_stage124_gate_b,author_derived_from_committed_project_rules,pair_t_to_t_plus_1,Not applicable: the value is populated on every released row because the generator assigns it unconditionally. Nothing was imputed to make that true.,"Pair-level rollup of the Gate B predictor eligibility predictor_eligible_expanded_gate_b_robustness, which is 1 only when eligible_company_expanded == 1 AND every base flag (eligible_statement_type, eligible_annual_period, eligible_source_quality, eligible_accounting_quality) == 1 AND the listing rule rule_b holds (first_observed_trading_date <= fiscal_year_start).",project/src/stage124_gate_b_execution.py,SAMPLE_DESIGNS['expanded_rule_b_combined_robustness']; PREDICTOR_COLS; OTHER_BASE_FLAGS; build_company_year(),frozen_generator_code,"Gate B pair-level eligibility bookkeeping for one of the four locked sample designs. It describes sample membership, not company condition, and it is never a predictor feature. It defines membership of expanded_rule_b_combined_robustness only. The listing dates come from the official TSE API as first_observed_trading_date; an unresolved listing date is treated as not eligible, not as eligible-by-default."
pair_final_eligible_main,"Stage123 BASELINE pair eligibility under the main company scope, before the Gate B listing rules.",boolean_0_1,binary_0_1,sample_eligibility_audit,audit_only_never_a_predictor_feature,M1_derived_stage123_pair_construction,author_derived_from_committed_project_rules,pair_t_to_t_plus_1,Not applicable: the value is populated on every released row because the generator assigns it unconditionally. Nothing was imputed to make that true.,"1 if predictor_eligible_main_t == 1 AND valid_target_t_plus_1 == 1, else 0.",project/src/stage123.py,build_pairs123() :: pem,frozen_generator_code,"Gate B pair-level eligibility bookkeeping for one of the four locked sample designs. It describes sample membership, not company condition, and it is never a predictor feature. HISTORICAL baseline. The four locked designs are governed by the pair_final_eligible_*_gate_b_* columns, not by this one."
pair_final_eligible_main_gate_b_primary,Gate B pair eligibility for the PRIMARY design (main_rule_a_primary): the main company scope combined with listing rule_a.,boolean_0_1,binary_0_1,sample_eligibility_audit,audit_only_never_a_predictor_feature,M1_derived_stage124_gate_b,author_derived_from_committed_project_rules,pair_t_to_t_plus_1,Not applicable: the value is populated on every released row because the generator assigns it unconditionally. Nothing was imputed to make that true.,"Pair-level rollup of the Gate B predictor eligibility predictor_eligible_main_gate_b_primary, which is 1 only when eligible_company_main == 1 AND every base flag (eligible_statement_type, eligible_annual_period, eligible_source_quality, eligible_accounting_quality) == 1 AND the listing rule rule_a holds (first_observed_trading_date <= fiscal_year_end).",project/src/stage124_gate_b_execution.py,SAMPLE_DESIGNS['main_rule_a_primary']; PREDICTOR_COLS; OTHER_BASE_FLAGS; build_company_year(),frozen_generator_code,"Gate B pair-level eligibility bookkeeping for one of the four locked sample designs. It describes sample membership, not company condition, and it is never a predictor feature. It defines membership of main_rule_a_primary only. The listing dates come from the official TSE API as first_observed_trading_date; an unresolved listing date is treated as not eligible, not as eligible-by-default."
pair_final_eligible_main_gate_b_robustness,Gate B pair eligibility for the listing-rule robustness design (main_rule_b_listing_robustness): the main company scope combined with listing rule_b.,boolean_0_1,binary_0_1,sample_eligibility_audit,audit_only_never_a_predictor_feature,M1_derived_stage124_gate_b,author_derived_from_committed_project_rules,pair_t_to_t_plus_1,Not applicable: the value is populated on every released row because the generator assigns it unconditionally. Nothing was imputed to make that true.,"Pair-level rollup of the Gate B predictor eligibility predictor_eligible_main_gate_b_robustness, which is 1 only when eligible_company_main == 1 AND every base flag (eligible_statement_type, eligible_annual_period, eligible_source_quality, eligible_accounting_quality) == 1 AND the listing rule rule_b holds (first_observed_trading_date <= fiscal_year_start).",project/src/stage124_gate_b_execution.py,SAMPLE_DESIGNS['main_rule_b_listing_robustness']; PREDICTOR_COLS; OTHER_BASE_FLAGS; build_company_year(),frozen_generator_code,"Gate B pair-level eligibility bookkeeping for one of the four locked sample designs. It describes sample membership, not company condition, and it is never a predictor feature. It defines membership of main_rule_b_listing_robustness only. The listing dates come from the official TSE API as first_observed_trading_date; an unresolved listing date is treated as not eligible, not as eligible-by-default."
predictor_eligible_expanded,Stage123 predictor-year eligibility under the EXPANDED company scope.,boolean_0_1,binary_0_1,sample_eligibility_audit,audit_only_never_a_predictor_feature,M1_derived_stage123_eligibility,author_derived_from_committed_project_rules,predictor_fiscal_year_t,Not applicable: the value is populated on every released row because the generator assigns it unconditionally. Nothing was imputed to make that true.,"AND(eligible_listing, eligible_statement_type, eligible_annual_period, eligible_source_quality, eligible_accounting_quality) AND eligible_company_expanded == 1.",project/src/stage123.py,rebuild_eligibility() :: el['predictor_eligible_expanded'],frozen_generator_code,"Eligibility bookkeeping, not a measurement of the company. Eligibility is recorded per dimension and the counts are NOT additive: one row may fail more than one rule. Stage123 baseline rollup for the expanded scope; see predictor_eligible_main."
predictor_eligible_expanded_t,"The predictor row's EXPANDED-scope Stage123 eligibility, carried onto the pair.",boolean_0_1,binary_0_1,sample_eligibility_audit,audit_only_never_a_predictor_feature,M1_derived_stage123_pair_construction,author_derived_from_committed_project_rules,predictor_fiscal_year_t,Not applicable: the value is populated on every released row because the generator assigns it unconditionally. Nothing was imputed to make that true.,Copied onto the pair from the predictor row's predictor_eligible_expanded.,project/src/stage123.py,build_pairs123() :: 'predictor_eligible_expanded_t': int(r.pe_exp),frozen_generator_code,"Gate B pair-level eligibility bookkeeping for one of the four locked sample designs. It describes sample membership, not company condition, and it is never a predictor feature. It is the Stage123 baseline, not the Gate B rollup that defines the locked designs."
predictor_eligible_main,Stage123 predictor-year eligibility under the MAIN company scope: every base quality dimension passes and the company is in the main scope.,boolean_0_1,binary_0_1,sample_eligibility_audit,audit_only_never_a_predictor_feature,M1_derived_stage123_eligibility,author_derived_from_committed_project_rules,predictor_fiscal_year_t,Not applicable: the value is populated on every released row because the generator assigns it unconditionally. Nothing was imputed to make that true.,"AND(eligible_listing, eligible_statement_type, eligible_annual_period, eligible_source_quality, eligible_accounting_quality) AND eligible_company_main == 1.",project/src/stage123.py,rebuild_eligibility() :: el['predictor_eligible_main'],frozen_generator_code,"Eligibility bookkeeping, not a measurement of the company. Eligibility is recorded per dimension and the counts are NOT additive: one row may fail more than one rule. This is the Stage123 BASELINE rollup. The four locked designs are defined by the Gate B rollups in the pair-level columns, which additionally apply a listing rule; the two can disagree and both are published."
predictor_eligible_main_t,"The predictor row's MAIN-scope Stage123 eligibility, carried onto the pair.",boolean_0_1,binary_0_1,sample_eligibility_audit,audit_only_never_a_predictor_feature,M1_derived_stage123_pair_construction,author_derived_from_committed_project_rules,predictor_fiscal_year_t,Not applicable: the value is populated on every released row because the generator assigns it unconditionally. Nothing was imputed to make that true.,Copied onto the pair from the predictor row's predictor_eligible_main.,project/src/stage123.py,build_pairs123() :: 'predictor_eligible_main_t': int(r.pe_main),frozen_generator_code,"Gate B pair-level eligibility bookkeeping for one of the four locked sample designs. It describes sample membership, not company condition, and it is never a predictor feature. It is the Stage123 baseline, not the Gate B rollup that defines the locked designs."
statement_scope_display_fa,Persian display label for the corrected statement scope: 'annual separate financial statements of the company'.,string,not_applicable,sample_eligibility_audit,audit_only_never_a_predictor_feature,M1_derived_stage123_eligibility,author_assigned_key_or_label,predictor_fiscal_year_t,Not applicable: the value is populated on every released row because the generator assigns it unconditionally. Nothing was imputed to make that true.,Set to the single constant DISPLAY_LABEL_FA for every row.,project/src/stage123.py,DISPLAY_LABEL_FA; allrows['statement_scope_display_fa'] = DISPLAY_LABEL_FA,frozen_generator_code,"A constant display string, identical on every row. It carries no per-row information and exists only so the corrected scope is legible in Persian."
statement_scope_status,"Canonical separate / parent-company / consolidated scope status of the predictor row's statement, after the Stage123 correction.",string,not_applicable,sample_eligibility_audit,audit_only_never_a_predictor_feature,M1_derived_stage123_eligibility,author_derived_from_committed_project_rules,predictor_fiscal_year_t,Not applicable: the value is populated on every released row because the generator assigns it unconditionally. Nothing was imputed to make that true.,The Stage123 canonical scope: rows previously labelled possible_consolidated_statement or statement_scope_unknown were corrected to annual_separate_company_user_confirmed on the data owner's direct confirmation; all other rows keep their original label.,project/src/stage123.py,rebuild_eligibility() :: el['statement_scope_canonical']; CORRECTED_SCOPE,frozen_generator_code,"Eligibility bookkeeping, not a measurement of the company. Eligibility is recorded per dimension and the counts are NOT additive: one row may fail more than one rule. The correction rests on the data owner's confirmation, not on a re-reading of each filing. The prior labels are retained in the Stage123 immutable audit log, not in this release."
usable_for_model_flag,"The upstream source workbook's own quality filter, used there to build the training-candidates sheet.",boolean_0_1,binary_0_1,sample_eligibility_audit,audit_only_never_a_predictor_feature,M1_upstream_source_panel,author_derived_from_committed_project_rules,predictor_fiscal_year_t,"Preserved as supplied by the upstream panel; the Stage121 dictionary records missing_policy = 'Preserve as supplied; no imputation was applied in this handoff.' Missing is left missing. The Stage125 contract lists no_imputation_or_scaling among its explicit non-claims, so no released value was filled, scaled or reconstructed.","Existing source flag used to create the training_candidates sheet, carried forward unchanged.",project/raw_handoff/financial_distress_programmer_handoff_stage121(1)/data_dictionary_stage121.csv,row column_name=usable_for_model_flag (role quality_filter),committed_dictionary,"Eligibility bookkeeping, not a measurement of the company. Eligibility is recorded per dimension and the counts are NOT additive: one row may fail more than one rule. It is the UPSTREAM flag and is NOT the study's eligibility rule. The project's eligibility lives in the predictor_eligible_* and pair_final_eligible_* columns; this one is retained for audit only."
valid_target_t_plus_1,Whether the t+1 outcome row exists and its FD_target_main is determinate — the condition that makes the pair usable at all.,boolean_0_1,binary_0_1,sample_eligibility_audit,audit_only_never_a_predictor_feature,M1_derived_stage123_pair_construction,author_derived_from_committed_project_rules,target_fiscal_year_t_plus_1,Not applicable: the value is populated on every released row because the generator assigns it unconditionally. Nothing was imputed to make that true.,"0 if the t+1 row's FD_target_main is missing, else 1.",project/src/stage123.py,build_pairs123() :: valid_t1,frozen_generator_code,"Gate B pair-level eligibility bookkeeping for one of the four locked sample designs. It describes sample membership, not company condition, and it is never a predictor feature. It is the pair-level expression of the three-valued outcome: an unknown t+1 target removes the pair rather than being converted to a healthy zero."
FD_target_article141_only_t_plus_1,ROBUSTNESS outcome: the stricter Article-141-oriented definition evaluated on the t+1 company-year.,three_valued_1_0_missing,not_applicable,target,outcome_variable_never_a_predictor_feature,M1_derived_stage122_target_construction,author_derived_from_committed_project_rules,target_fiscal_year_t_plus_1,"Three-valued. A company-year whose evidence did not permit a determination is recorded as unknown and is NEVER converted to a healthy zero. Missing is left missing. The Stage125 contract lists no_imputation_or_scaling among its explicit non-claims, so no released value was filled, scaled or reconstructed.","FD_target_article141_only evaluated on the t+1 row: modified three-valued OR(fd_article141_direct, fd_accumulated_loss); with 141 absent reduces to accumulated_loss >= 50% of registered capital. Robustness only. Targets are copied byte-for-byte from the frozen Gate B pair files and never recomputed from accounting values.",project/stage122/target_definition_stage122.csv,row criterion=FD_target_article141_only :: rule,committed_target_definition,"Robustness only, never the headline outcome. Because direct Article-141 evidence is missing for every row, this reduces in practice to the accumulated-loss criterion alone and must not be reported as an Article-141 determination."
FD_target_main_t_plus_1,The PRIMARY outcome: the composite operational financial-distress indicator evaluated on the t+1 company-year.,three_valued_1_0_missing,not_applicable,target,outcome_variable_never_a_predictor_feature,M1_derived_stage122_target_construction,author_derived_from_committed_project_rules,target_fiscal_year_t_plus_1,"Three-valued. A company-year whose evidence did not permit a determination is recorded as unknown and is NEVER converted to a healthy zero. Missing is left missing. The Stage125 contract lists no_imputation_or_scaling among its explicit non-claims, so no released value was filled, scaled or reconstructed.",FD_target_main evaluated on the t+1 row: modified three-valued OR with non-blocking unavailable direct Article-141 evidence. 1 if any criterion definitely 1; 0 if all evaluable quantitative criteria definitely 0; missing otherwise. NOT an Article-141 target. Targets are copied byte-for-byte from the frozen Gate B pair files and never recomputed from accounting values.,project/stage122/target_definition_stage122.csv,row criterion=FD_target_main :: rule,committed_target_definition,"This is an operational composite, NOT an Article-141 legal insolvency determination and not a bankruptcy filing. Direct Article-141 evidence was unavailable for every row, so that criterion is missing throughout and the composite does not rest on it. The primary surface carries 80 positives against 932 negatives (about 7.9%), and the positive class gets sparser in later years."
FD_target_persistent_loss_robustness_t_plus_1,"ROBUSTNESS outcome: the composite widened with a two-consecutive-year net-loss criterion, evaluated on the t+1 company-year.",three_valued_1_0_missing,not_applicable,target,outcome_variable_never_a_predictor_feature,M1_derived_stage122_target_construction,author_derived_from_committed_project_rules,target_fiscal_year_t_plus_1,"Three-valued. A company-year whose evidence did not permit a determination is recorded as unknown and is NEVER converted to a healthy zero. Missing is left missing. The Stage125 contract lists no_imputation_or_scaling among its explicit non-claims, so no released value was filled, scaled or reconstructed.","FD_target_persistent_loss_robustness evaluated on the t+1 row: modified three-valued OR(FD_target_main, two-consecutive-year net loss). Robustness only. Targets are copied byte-for-byte from the frozen Gate B pair files and never recomputed from accounting values.",project/stage122/target_definition_stage122.csv,row criterion=FD_target_persistent_loss_robustness :: rule,committed_target_definition,"Robustness only, never the headline outcome. It is a broader definition than FD_target_main and its positives are not interchangeable with the primary outcome's."
assumed_available_at_regulatory_gregorian,"The same assumed availability date, converted to the Gregorian calendar.",date_gregorian_iso,gregorian_date_YYYY_MM_DD,timing_assumption,methodological_timing_field_never_a_predictor_feature,M1_derived_stage125_part3c,author_derived_from_committed_project_rules,assumed_availability_of_predictor_year_t,Not applicable: the value is populated on every released row because the generator assigns it unconditionally. Nothing was imputed to make that true.,assumed.togregorian().isoformat() — a pure calendar conversion of assumed_available_at_regulatory_jalali.,project/src/stage125_part3c_leakage_safe_dataset_finalization.py,compute_assumed_available_at_regulatory() :: 'assumed_available_at_regulatory_gregorian',frozen_generator_code,"Rests on the fixed four-Jalali-month regulatory-lag assumption, not on an observed filing date. Row-level publication timestamps were never collected and the contract records is_observed_publication_timestamp = false; any point-in-time claim built on this field is a claim about the proxy. Converting an assumption to another calendar does not make it an observation."
assumed_available_at_regulatory_jalali,The ASSUMED date on which the fiscal-year-t statement is treated as available: fiscal year end plus four Jalali calendar months.,date_jalali_iso,jalali_date_YYYY_MM_DD,timing_assumption,methodological_timing_field_never_a_predictor_feature,M1_derived_stage125_part3c,author_derived_from_committed_project_rules,assumed_availability_of_predictor_year_t,Not applicable: the value is populated on every released row because the generator assigns it unconditionally. Nothing was imputed to make that true.,"add_jalali_calendar_months(fiscal_year_end_t, 4), clamping the day to the last valid day of the target Jalali month.",project/stage125/part3c_leakage_safe_dataset_contract_stage125.json,assumed_availability_field_name; active_lag_months; availability_method,committed_contract,"Rests on the fixed four-Jalali-month regulatory-lag assumption, not on an observed filing date. Row-level publication timestamps were never collected and the contract records is_observed_publication_timestamp = false; any point-in-time claim built on this field is a claim about the proxy. The field name says 'assumed' because it is: the builder refuses to write this value into any observed-publication field name, and the contract lists no_observed_PublishDateTime_claim among its non-claims."
availability_date_semantics,What the availability date means. Constant at 'assumed_regulatory_deadline_not_observed_publication_timestamp'.,categorical,not_applicable,timing_assumption,methodological_timing_field_never_a_predictor_feature,M1_derived_stage125_part3c,author_derived_from_committed_project_rules,design_constant_within_the_release,Not applicable: the value is populated on every released row because the generator assigns it unconditionally. Nothing was imputed to make that true.,Constant 'assumed_regulatory_deadline_not_observed_publication_timestamp'.,project/stage125/part3c_leakage_safe_dataset_contract_stage125.json,availability_date_semantics,committed_contract,"Rests on the fixed four-Jalali-month regulatory-lag assumption, not on an observed filing date. Row-level publication timestamps were never collected and the contract records is_observed_publication_timestamp = false; any point-in-time claim built on this field is a claim about the proxy. This column exists so the caveat travels with the data rather than only with the README."
availability_method,How the availability date was produced. Constant at 'fixed_regulatory_lag'.,categorical,not_applicable,timing_assumption,methodological_timing_field_never_a_predictor_feature,M1_derived_stage125_part3c,author_derived_from_committed_project_rules,design_constant_within_the_release,Not applicable: the value is populated on every released row because the generator assigns it unconditionally. Nothing was imputed to make that true.,Constant 'fixed_regulatory_lag'.,project/stage125/part3c_leakage_safe_dataset_contract_stage125.json,availability_method,committed_contract,"Rests on the fixed four-Jalali-month regulatory-lag assumption, not on an observed filing date. Row-level publication timestamps were never collected and the contract records is_observed_publication_timestamp = false; any point-in-time claim built on this field is a claim about the proxy. It names a method, not a data source. No per-company or per-ticker timing rule was authorized: the contract lists no_ticker_specific_timing_authorization among its non-claims."
fiscal_year_end_t_gregorian,"The same predictor-year fiscal year end, converted to the Gregorian calendar.",date_gregorian_iso,gregorian_date_YYYY_MM_DD,timing_assumption,methodological_timing_field_never_a_predictor_feature,M1_derived_stage125_part3c,author_derived_from_committed_project_rules,predictor_period_end,Not applicable: the value is populated on every released row because the generator assigns it unconditionally. Nothing was imputed to make that true.,gregorian_iso(fye_t) — a pure calendar conversion of fiscal_year_end_t_jalali. No new date information.,project/src/stage125_part3c_leakage_safe_dataset_finalization.py,build_design_rows() :: row['fiscal_year_end_t_gregorian'] = gregorian_iso(fye_t),frozen_generator_code,"A conversion, not an observation. The sample is defined over Jalali years 1392-1402 and no Gregorian span is claimed."
fiscal_year_end_t_jalali,"Fiscal year end of the PREDICTOR year t, as a Jalali date.",date_jalali_iso,jalali_date_YYYY_MM_DD,timing_assumption,methodological_timing_field_never_a_predictor_feature,M1_derived_stage125_part3c,provider_CODAL_label_compiled_by_the_authors,predictor_period_end,Never missing in a released row: Part 3C parses the predictor row's fiscal_year_end as a Jalali date and aborts if it cannot. The upstream panel records 4 rows with a missing fiscal-year-end as a provenance gap.,jalali_to_iso(parse_jalali_date(pred['fiscal_year_end'])).,project/src/stage125_part3c_leakage_safe_dataset_finalization.py,build_design_rows() :: row['fiscal_year_end_t_jalali'] = jalali_to_iso(fye_t),frozen_generator_code,"Jalali is the primary calendar for this panel. This is the statement period end, not a filing or publication date."
is_observed_publication_timestamp,Whether the availability date is an observed publication timestamp. Constant FALSE across the release.,boolean_true_false,not_applicable,timing_assumption,methodological_timing_field_never_a_predictor_feature,M1_derived_stage125_part3c,author_derived_from_committed_project_rules,design_constant_within_the_release,Not applicable: the value is populated on every released row because the generator assigns it unconditionally. Nothing was imputed to make that true.,Constant 'false'. Row-level publication timestamps were never collected: the contract records row_level_publish_datetime_collection_authorized = false and row_level_real_available_at_assignment_authorized = false.,project/stage125/part3c_leakage_safe_dataset_contract_stage125.json,is_observed_publication_timestamp,committed_contract,"Rests on the fixed four-Jalali-month regulatory-lag assumption, not on an observed filing date. Row-level publication timestamps were never collected and the contract records is_observed_publication_timestamp = false; any point-in-time claim built on this field is a claim about the proxy. It is false on every row. A future dataset that collected real filing timestamps would be a different dataset, not a corrected version of this one."
regulatory_lag_months,The size of the availability lag in Jalali calendar months. Constant at 4 across the release.,integer,jalali_calendar_months,timing_assumption,methodological_timing_field_never_a_predictor_feature,M1_derived_stage125_part3c,author_derived_from_committed_project_rules,design_constant_within_the_release,Not applicable: the value is populated on every released row because the generator assigns it unconditionally. Nothing was imputed to make that true.,"Constant 4, guarded: the builder raises unless the value is exactly the approved integer 4.",project/stage125/part3c_leakage_safe_dataset_contract_stage125.json,active_lag_months; four_month_regulatory_lag_locked,committed_contract,"Rests on the fixed four-Jalali-month regulatory-lag assumption, not on an observed filing date. Row-level publication timestamps were never collected and the contract records is_observed_publication_timestamp = false; any point-in-time claim built on this field is a claim about the proxy. The historical six-month lag is superseded for the active path but retained as provenance; the contract records six_month_lag_superseded = true and historical_six_month_decision_retained = true."
target_fiscal_year_end_t_plus_1_gregorian,"The same outcome-year fiscal year end, converted to the Gregorian calendar.",date_gregorian_iso,gregorian_date_YYYY_MM_DD,timing_assumption,methodological_timing_field_never_a_predictor_feature,M1_derived_stage125_part3c,author_derived_from_committed_project_rules,target_period_end,Not applicable: the value is populated on every released row because the generator assigns it unconditionally. Nothing was imputed to make that true.,gregorian_iso(fye_t1) — a pure calendar conversion of target_fiscal_year_end_t_plus_1_jalali.,project/src/stage125_part3c_leakage_safe_dataset_finalization.py,build_design_rows() :: row['target_fiscal_year_end_t_plus_1_gregorian'],frozen_generator_code,"A conversion, not an observation. The timing comparison itself is performed in the Jalali calendar."
target_fiscal_year_end_t_plus_1_jalali,"Fiscal year end of the OUTCOME year t+1, as a Jalali date — the cutoff the availability date is compared against.",date_jalali_iso,jalali_date_YYYY_MM_DD,timing_assumption,methodological_timing_field_never_a_predictor_feature,M1_derived_stage125_part3c,provider_CODAL_label_compiled_by_the_authors,target_period_end,Never missing in a released row: Part 3C parses the outcome row's fiscal_year_end as a Jalali date and aborts if it cannot.,jalali_to_iso(parse_jalali_date(tgt['fiscal_year_end'])).,project/src/stage125_part3c_leakage_safe_dataset_finalization.py,build_design_rows() :: row['target_fiscal_year_end_t_plus_1_jalali'],frozen_generator_code,"It is a period end, not an outcome-observation date. The outcome itself is the frozen target copied from the Gate B pair."
assumed_before_target_fiscal_year_end,Whether the assumed availability date falls strictly before the outcome year's fiscal year end — the leakage-safe timing condition.,boolean_true_false,not_applicable,timing_eligibility_audit,audit_only_never_a_predictor_feature,M1_derived_stage125_part3c,author_derived_from_committed_project_rules,pair_t_to_t_plus_1,Not applicable: the value is populated on every released row because the generator assigns it unconditionally. Nothing was imputed to make that true.,"assumed_available_at_regulatory < target_fiscal_year_end_t_plus_1, evaluated in the Jalali calendar.",project/stage125/part3c_leakage_safe_dataset_contract_stage125.json,analysis_ready_rule,committed_contract,"Rests on the fixed four-Jalali-month regulatory-lag assumption, not on an observed filing date. Row-level publication timestamps were never collected and the contract records is_observed_publication_timestamp = false; any point-in-time claim built on this field is a claim about the proxy. It is TRUE on every row of the four analysis-ready files by construction, and can be FALSE only in the audited_pairs_* surfaces."
timing_eligible_for_analysis,Whether the pair may enter the leakage-safe analysis-ready surface.,boolean_true_false,not_applicable,timing_eligibility_audit,audit_only_never_a_predictor_feature,M1_derived_stage125_part3c,author_derived_from_committed_project_rules,pair_t_to_t_plus_1,Not applicable: the value is populated on every released row because the generator assigns it unconditionally. Nothing was imputed to make that true.,timing_eligible_for_analysis = assumed_available_at_regulatory < target_fiscal_year_end_t_plus_1.,project/stage125/part3c_leakage_safe_dataset_contract_stage125.json,timing_eligibility_rule,committed_contract,"Rests on the fixed four-Jalali-month regulatory-lag assumption, not on an observed filing date. Row-level publication timestamps were never collected and the contract records is_observed_publication_timestamp = false; any point-in-time claim built on this field is a claim about the proxy. TRUE on every row of the analysis-ready files. In the audited_pairs_* files it is the column that marks which rows must NOT be modelled."
timing_eligible_for_model,Whether the pair may enter a model under the timing rule. Identical to timing_eligible_for_analysis.,boolean_true_false,not_applicable,timing_eligibility_audit,audit_only_never_a_predictor_feature,M1_derived_stage125_part3c,author_derived_from_committed_project_rules,pair_t_to_t_plus_1,Not applicable: the value is populated on every released row because the generator assigns it unconditionally. Nothing was imputed to make that true.,timing_eligible_for_model = timing_eligible_for_analysis.,project/stage125/part3c_leakage_safe_dataset_contract_stage125.json,timing_eligibility_rule,committed_contract,"Rests on the fixed four-Jalali-month regulatory-lag assumption, not on an observed filing date. Row-level publication timestamps were never collected and the contract records is_observed_publication_timestamp = false; any point-in-time claim built on this field is a claim about the proxy. Timing eligibility alone is not model approval: the contract records feature_selection_authorized = false and zero features approved before Part 4."
timing_exclusion_reason,Why the pair was excluded from the analysis-ready surface on timing grounds.,string,not_applicable,timing_eligibility_audit,audit_only_never_a_predictor_feature,M1_derived_stage125_part3c,author_derived_from_committed_project_rules,pair_t_to_t_plus_1,"Empty string for every timing-eligible pair; the builder aborts if a timing-eligible row carries a reason. Empty means 'not excluded on timing grounds', never 'unknown'.","Set to the single constant 'regulatory_lag_not_before_target_fiscal_year_end' when timing_relation_violation is true, otherwise the empty string.",project/src/stage125_part3c_leakage_safe_dataset_finalization.py,TIMING_EXCLUSION_REASON; build_design_rows(),frozen_generator_code,"Rests on the fixed four-Jalali-month regulatory-lag assumption, not on an observed filing date. Row-level publication timestamps were never collected and the contract records is_observed_publication_timestamp = false; any point-in-time claim built on this field is a claim about the proxy. It takes exactly one non-empty value in this release, so it is a marker rather than a taxonomy."
timing_relation_violation,The complement of assumed_before_target_fiscal_year_end: the predictor would not have been available before the outcome year ended.,boolean_true_false,not_applicable,timing_eligibility_audit,audit_only_never_a_predictor_feature,M1_derived_stage125_part3c,author_derived_from_committed_project_rules,pair_t_to_t_plus_1,Not applicable: the value is populated on every released row because the generator assigns it unconditionally. Nothing was imputed to make that true.,NOT assumed_before_target_fiscal_year_end. The builder cross-checks the two and aborts if they ever agree.,project/src/stage125_part3c_leakage_safe_dataset_finalization.py,build_design_rows() :: timing_violation = not relation_ok; split_analysis_ready(),frozen_generator_code,"Rests on the fixed four-Jalali-month regulatory-lag assumption, not on an observed filing date. Row-level publication timestamps were never collected and the contract records is_observed_publication_timestamp = false; any point-in-time claim built on this field is a claim about the proxy. The contract expects exactly one violating pair per design, and it is retained in the audited surface rather than silently dropped."
